0001
0001
0001
0001
0001
0001
0001
0001
0001
0001
0001
0001
0001
0001
0001
0001
0001
0001
0001
0001
0001
0001
0001
0001
0001
0001
0001
0001
0001
0001
0001
0001
0001
0001
0001
0001
0001
0001
0001
0001
0001
0001
0001
0001
0001
0001
0001
0001
0001
0001
0001
0001
0001
0001
0001
0001
0001
0001
0001
0001
0001
0001
0001
0001
0001
0001
0001
0001
0001
0001
0001
0001
0001
0001
0001
0001
0001
0001
0001
0001
0001
0001
0001
0001
0001
0001
0001
0001
0001
0001
0001
0001
0001
0001
0001
0001
0001
0001
0001
0001
0001
0001
0001
0001
0001
0001
0001
0001
0001
0001
0001
0001
0001
0001
0001
0001
0001
0001
0001
0001
0001
0001
0001
0001
0001
0001
0001
0001
0001
0001
0001
0001
0001
0001
0001
0001
0001
0001
0001
0001
0001
0001
0001
0001
0001
0001
0001
0001
0001
0001
0001
0001
0001
0001
0001
0001
0001
0001
0001
0001
0001
0001
0001
0001
0001
0001
0001
0001
0001
0001
0001
0001
0001
0001
0001
0001
0001
0001
0001
0001
0001
0001
0001
0001
0001
0001
0001
0001
0001
0001
0001
0001
0001
0001
0001
0001
0001
0001
0001
0001
0001
0001
0001
0001
0001
0001
0001
0001
0001
0001
0001
0001
0001
0001
0001
0001
0001
0001
0001
0001
0001
0001
0001
0001
0001
0001
0001
0001
0001
0001
0001
0001
0001
0001
0001
0001
0001
0001
0001
0001
0001
0001
0001
0001
0001
0001
0001
0001
0001
0001
0001
0001
0001
0001
0001
0001
0001
0001
0001
0001
0001
0001
0001
0001
0001
0001
0001
0001
0001
0001
0001
0001
0001
0001
0001
0001
0001
0001
0001
0001
0001
0001
0001
0001
0001
0001
0001
0001
0001
0001
0001
0001
0001
0001
0001
0001
0001
0001
0001
0001
0001
0001
0001
0001
0001
0001
0001
0001
0001
0001
0001
0001
0001
0001
0001
0001
0001
0001
0001
0001
0002
0002
0002
0002
0002
0002
0002
0002
0002
0002
0002
0002
0002
0002
0002
0002
0002
0002
0002
0002
0002
0002
0002
0002
0002
0002
0002
0002
0002
0002
0002
0002
0002
0002
0002
0002
0002
0002
0002
0002
0002
0002
0002
0002
0002
0002
0002
0002
0002
0002
0002
0002
0002
0002
0002
0002
0002
0002
0002
0002
0002
0002
0002
0002
0002
0002
0002
0002
0002
0002
0002
0002
0002
0002
0002
0002
0002
0002
0002
0002
0002
0002
0002
0002
0002
0002
0002
0002
0002
0002
0002
0002
0002
0002
0002
0002
0002
0002
0002
0002
0002
0002
0002
0002
0002
0002
0002
0002
0002
0002
0002
0002
0002
0002
0002
0002
0002
0002
0002
0002
0002
0002
0002
0002
0002
0002
0002
0002
0002
0002
0002
0002
0002
0002
0002
0002
0002
0002
0002
0002
0002
0002
0002
0002
0002
0002
0002
0002
0002
0002
0002
0002
0002
0002
0002
0002
0002
0002
0002
0002
0002
0002
0002
0002
0002
0002
0002
0002
0002
0002
0002
0002
0002
0002
0002
0002
0002
0002
0002
0002
0002
0002
0002
0002
0002
0002
0002
0002
0002
0002
0002
0002
0002
0002
0002
0002
0002
0002
0002
0002
0002
0002
0002
0002
0002
0002
0002
0002
0002
0002
0002
0002
0002
0002
0002
0002
0002
0002
0002
0002
0002
0002
0002
0002
0002
0002
0002
0002
0002
0002
0002
0002
0002
0002
0002
0002
0002
0002
0002
0002
0002
0002
0002
0002
0002
0002
0002
0002
0002
0002
0002
0002
0002
0002
0002
0002
0002
0002
0002
0002
0002
0002
0002
0002
0002
0002
0002
0002
0002
0002
0002
0002
0002
0002
0002
0002
0002
0002
0002
0002
0002
0002
0002
0002
0002
0002
0002
0002
0002
0002
0002
0002
0002
0002
0002
0002
0002
0002
0002
0002
0002
0002
0002
0002
0002
0002
0002
0002
0002
0002
0002
0002
0002
0002
0002
0002
0002
0002
0002
0002
0002
0002
0002
0002
0002
0002
0002
0002
0002
0002
0002
0002
0002
0002
0002
0002
0002
0002
0002
0002
0002
0002
0002
0002
0002
0002
0002
0002
0002
0002
0002
0002
0002
0002
0002
0002
0002
0002
0002
0002
0002
0002
0002
0002
0002
0002
0002
0002
0002
0002
0002
0002
0002
0002
0002
0002
0002
0002
0002
0002
0002
0002
0002
0002
0002
0002
0002
0002
0002
0002
0002
0002
0002
0002
0002
0002
0002
0002
0002
0002
0002
0002
0002
0002
0002
0002
0002
0002
0002
0002
0002
0002
0002
0002
0002
0002
0002
0002
0002
0002
0002
0002
0002
0002
0002
0002
0002
0002
0002
0002
0002
0002
0002
0002
0002
0002
0002
0002
0002
0002
0002
0002
0002
0002
0002
0002
0002
0002
0002
0002
0002
0002
0002
0002
0002
0002
0002
0002
0002
0002
0002
0002
0002
0002
0002
0002
0002
0002
0002
0002
0002
0002
0002
0002
0002
0002
0002
0002
0002
0002
0002
0002
0002
0002
0002
0002
0002
0002
0002
0002
0002
0002
0002
0002
0002
0002
0002
0002
0002
0002
0002
0002
0002
0002
0002
0002
0002
0002
0002
0002
0002
0002
0002
0002
0002
0002
0002
0002
0002
0002
0002
0002
0002
0002
0002
0002
0002
0002
0002
0002
0002
0002
0002
0002
0002
0002
0002
0002
0002
0002
0002
0002
0002
0002
0002
0002
0002
0002
0002
0002
0002
0002
0002
0002
0002
0002
0002
0002
0002
0002
0002
0002
0002
0002
0002
0002
0002
0002
0002
0002
0002
0002
0002
0002
0002
0002
0002
0002
0002
0002
0002
0002
0002
0002
0002
0002
0002
0002
0002
0002
0002
0002
0002
0002
0002
0002
0002
0002
0002
0002
0002
0002
0002
0002
0002
0002
0002
0002
0002
0002
0002
0002
0002
0002
0002
0002
0002
0002
0002
0002
0002
0002
0002
0002
0002
0002
0002
0002
0002
0002
0002
0002
0002
0002
0002
0002
0002
0002
0002
0002
0002
0002
0002
0002
0002
0002
0002
0002
0002
0002
0002
0002
0002
0002
0002
0002
0002
0002
0002
0002
0002
0002
0002
0002
0002
0002
0002
0002
0002
0002
0002
0002
0002
0002
0002
0002
0002
0002
0002
0002
0002
0002
0002
0002
0002
0002
0002
0002
0002
0002
0002
0002
0002
0002
0002
0002
0002
0002
0002
0002
0002
0002
0002
0002
0002
0002
0002
0002
0002
0002
0002
0002
0002
0002
0002
0002
0002
0002
0002
0002
0002
0002
0002
0002
0002
0002
0002
0002
0002
0002
0002
0002
0002
0002
0002
0002
0002
0002
0002
0002
0002
0002
0002
0002
0002
0002
0002
0002
0002
0002
0002
0002
0002
0002
0002
0002
0002
0002
0002
0002
0002
0002
0002
0002
0002
0002
0002
0002
0002
0002
0002
0002
0002
0002
0002
0002
0002
0002
0002
0002
0002
0002
0002
0002
0002
0002
0002
0002
0002
0002
0002
0002
0002
0002
0002
0002
0002
0002
0002
0002
0002
0002
0002
0002
0002
0002
0002
0002
0002
0002
0002
0002
0002
0002
0002
0002
0002
0002
0002
0002
0002
0002
0002
0002
0002
0002
0002
0002
0002
0002
0002
0002
0002
0002
0002
0002
0002
0002
0002
0002
0002
0002
0002
0002
0002
0002
0002
0002
0002
0002
0002
0002
0002
0002
0002
0002
0002
0002
0002
0002
0002
0002
0002
0002
0002
0002
0002
0002
0002
0002
0002
0002
0002
0002
0002
0002
0002
0002
0002
0002
0002
0002
0002
0002
0002
0002
0002
0002
0002
0002
0002
0002
0002
0002
0002
0002
0002
0002
0002
0002
0002
0002
0002
0002
0002
0002
0002
0002
0002
0002
0002
0002
0002
0002
0002
0002
0002
0002
0002
0002
0002
0002
0002
0002
0002
0002
0002
0002
0002
0002
0002
0002
0002
0002
0002
0002
0002
0002
0002
0002
0002
0002
0002
0002
0002
0002
0002
0002
0002
0002
0002
0002
0002
0002
0002
0002
0002
0002
0002
0002
0002
0002
0002
0002
0002
0002
0002
0002
0002
0002
0002
0002
0002
0002
0002
0002
0002
0002
0002
0002
0002
0002
0002
0002
0002
0002
0002
0002
0002
0002
0002
0002
0002
0002
0002
0002
0002
0002
0002
0002
0002
0002
0002
0002
0002
0002
0002
0002
0002
0002
0002
0002
0002
0002
0002
0002
0002
0002
0002
0002
0002
0002
0002
0002
0002
0002
0002
0002
0002
0002
0002
0002
0002
0002
0002
0002
0002
0002
0002
0002
0002
0002
0002
0002
0002
0002
0002
0002
0002
0002
0002
0002
0002
0002
0002
0002
0002
0002
0002
0002
0002
0002
0002
0002
0002
0002
0002
0002
0002
0002
0002
0002
0002
0002
0002
0002
0002
0002
0002
0002
0002
0002
0002
0002
0002
0002
0002
0002
0002
0002
0002
0002
0002
0002
0002
0002
0002
0002
0002
0002
0002
0002
0002
0002
0002
0002
0002
0002
0002
0002
0002
0002
0002
0002
0002
0002
0002
0002
0002
0002
0002
0002
0002
0002
0002
0002
0002
0002
0002
0002
0002
0002
0002
0002
0002
0002
0002
0002
0002
0002
0002
0002
0002
0002
0002
0002
0002
0002
0002
0002
0002
0002
0002
0002
0002
0002
0002
0002
0002
0002
0002
0002
0002
0002
0002
0002
0002
0002
0002
0002
0002
0002
0002
0002
0002
0002
0002
0002
0002
0002
0002
0002
0002
0002
0002
0002
0002
0002
0002
0002
0002
0002
0002
0002
0002
0002
0002
0002
0002
0002
0002
0002
0002
0002
0002
0002
0002
0002
0002
0002
0002
0002
0002
0002
0002
0002
0002
0002
0002
0002
0002
0002
0002
0002
0002
0002
0002
0002
0002
0002
0002
0002
0002
0002
0002
0002
0002
0002
0002
0002
0002
0002
0002
0002
0002
0002
0002
0002
0002
0002
0002
0002
0002
0002
0002
0002
0002
0002
0002
0002
0002
0002
0002
0002
0002
0002
0002
0002
0002
0002
0002
0002
0002
0002
0002
0002
0002
0002
0002
0002
0002
0002
0002
0002
0002
0002
0002
0002
0002
0002
0002
0002
0002
0002
0002
0002
0002
0002
0002
0002
0002
0002
0002
0002
0002
0002
0002
0002
0002
0002
0002
0002
0002
0002
0002
0002
0002
0002
0002
0002
0002
0002
0002
0002
0002
0002
0002
0002
0002
0002
0002
0002
0002
0002
0002
0002
0002
0002
0002
0002
0002
0002
0002
0002
0002
0002
0002
0002
0002
0002
0002
0002
0002
0002
0002
0002
0002
0002
0002
0002
0002
0002
0002
0002
0002
0002
0002
0002
0002
0002
0002
0002
0002
0002
0002
0002
0002
0002
0002
0002
0002
0002
0002
0002
0002
0002
0002
0002
0002
0002
0002
0002
0002
0002
0002
0002
0002
0002
0002
0002
0002
0002
0002
0002
0002
0002
0002
0002
0002
0002
0002
0002
0002
0002
0002
0002
0002
0002
0002
0002
0002
0002
0002
0002
0002
0002
0002
0002
0002
0002
0002
0002
0002
0002
0002
0002
0002
0002
0002
0002
0002
0002
0002
0002
0002
0002
0002
0002
0002
0002
0002
0002
0002
0002
0002
0002
0002
0002
0002
0002
0002
0002
0002
0002
0002
0002
0002
0002
0002
0002
0002
0002
0002
0002
0002
0002
0002
0002
0002
0002
0002
0002
0002
0002
0002
0002
0002
0002
0002
0002
0002
0002
0002
0002
0002
0002
0002
0002
0002
0002
0002
0002
0002
0002
0002
0002
0002
0002
0002
0002
0002
0002
0002
0002
0002
0002
0002
0002
0002
0002
0002
0002
0002
0002
0002
0002
0002
0002
0002
0002
0002
0002
0002
0002
0002
0002
0002
0002
0002
0002
0002
0002
0002
0002
0002
0002
0002
0002
0002
0002
0002
0002
0002
0002
0002
0002
0002
0002
0002
0002
0002
0002
0002
0002
0002
0002
0002
0002
0002
0002
0002
0002
0002
0002
0002
0002
0002
0002
0002
0002
0002
0002
0002
0002
0002
0002
0002
0002
0002
0002
0002
0002
0002
0002
0002
0002
0002
0002
0002
0002
0002
0002
0002
0002
0002
0002
0002
0002
0002
0002
0002
0002
0002
0002
0002
0002
0002
0002
0002
0002
0002
0002
0002
0002
0002
0002
0002
0002
0002
0002
0002
0002
0002
0002
0002
0002
0002
0002
0002
0002
0002
0002
0002
0002
0002
0002
0002
0002
0002
0002
0002
0002
0002
0002
0002
0002
0002
0002
0002
0002
0002
0002
0002
0002
0002
0002
0002
0002
0002
0002
0002
0002
0002
0002
0002
0002
0002
0002
0002
0002
0002
0002
0002
0002
0002
0002
0002
0002
0002
0002
0002
0002
0002
0002
0002
0002
0002
0002
0002
0002
0002
0002
0002
0002
0002
0002
0002
0002
0002
0002
0002
0002
0002
0002
0002
0002
0002
0002
0002
0002
0002
0002
0002
0002
0002
0002
0002
0002
0002
0002
0002
0002
0002
0002
0002
0002
0002
0002
0002
0002
0002
0002
0002
0002
0002
0002
0002
0002
0002
0002
0002
0002
0002
0002
0002
0002
0002
0002
0002
0002
0002
0002
0002
0002
0002
0002
0002
0002
0002
0002
0002
0002
0002
0002
0002
0002
0002
0002
0002
0002
0002
0002
0002
0002
0002
0002
0002
0002
0002
0002
0002
0002
0002
0002
0002
0002
0002
0002
0002
0002
0002
0002
0002
0002
0002
0002
0002
0002
0002
0002
0002
0002
0002
0002
0002
0002
0002
0002
0002
0002
0002
0002
0002
0002
0002
0002
0002
0002
0002
0002
0002
0002
0002
0002
0002
0002
0002
0002
0002
0002
0002
0002
0002
0002
0002
0002
0002
0002
0002
0002
0002
0002
0002
0002
0002
0002
0002
0002
0002
0002
0002
0002
0002
0002
0002
0002
0002
0002
0002
0002
0002
0002
0002
0002
0002
0002
0002
0002
0002
0002
0002
0002
0002
0002
0002
0002
0002
0002
0002
0002
0002
0002
0002
0002
0002
0002
0002
0002
0002
0002
0002
0002
0002
0002
0002
0002
0002
0002
0002
0002
0002
0002
0002
0002
0002
0002
0002
0002
0002
0002
0002
0002
0002
0002
0002
0002
0002
0002
0002
0002
0002
0002
0002
0002
0002
0002
0002
0002
0002
0002
0002
0002
0002
0002
0002
0002
0002
0002
0002
0002
0002
0002
0002
0002
0002
0002
0002
0002
0002
0002
0002
0002
0002
0002
0002
0002
0002
0002
0002
0002
0002
0002
0002
0002
0002
0002
0002
0002
0002
0002
0002
0002
0002
0002
0002
0002
0002
0002
0002
0002
0002
0002
0002
0002
0002
0002
0002
0002
0002
0002
0002
0002
0002
0002
0002
0002
0002
0002
0002
0002
0002
0002
0002
0002
0002
0002
0002
0002
0002
0002
0002
0002
0002
0002
0002
0002
0002
0002
0002
0002
0002
0002
0002
0002
0002
0002
0002
0002
0002
0002
0002
0002
0002
0002
0002
0002
0002
0002
0002
0002
0002
0002
0002
0002
0002
0002
0002
0002
0002
0002
0002
0002
0002
0002
0002
0002
0002
0002
0002
0002
0002
0002
0002
0002
0002
0002
0002
0002
0002
0002
0002
0002
0002
0002
0002
0002
0002
0002
0002
0002
0002
0002
0002
0002
0002
0002
0002
0002
0002
0002
0002
0002
0002
0002
0002
0002
0002
0002
0002
0002
0002
0002
0002
0002
0002
0002
0002
0002
0002
0002
0002
0002
0002
0002
0002
0002
0002
0002
0002
0002
0002
0002
0002
0002
0002
0002
0002
0002
0002
0002
0002
0002
0002
0002
0002
0002
0002
0002
0002
0002
0002
0002
0002
0002
0002
0002
0002
0002
0002
0002
0002
0002
0002
0002
0002
0002
0002
0002
0002
0002
0002
0002
0002
0002
0002
0002
0003
0003
0003
0003
0003
0003
0003
0003
0003
0003
0003
0003
0003
0003
0003
0003
0003
0003
0003
0003
0003
0003
0003
0003
0003
0003
0003
0003
0003
0003
0003
0003
0003
0003
0003
0003
0003
0003
0003
0003
0003
0003
0003
0003
0003
0003
0003
0003
0003
0003
0003
0003
0003
0003
0003
0003
0003
0003
0003
0003
0003
0003
0003
0003
0003
0003
0003
0003
0003
0003
0003
0003
0003
0003
0003
0003
0003
0003
0003
0003
0003
0003
0003
0003
0003
0003
0003
0003
0003
0003
0003
0003
0003
0003
0003
0003
0003
0003
0003
0003
0003
0003
0003
0003
0003
0003
0003
0003
0003
0003
0003
0003
0003
0003
0003
0003
0003
0003
0003
0003
0003
0003
0003
0003
0003
0003
0003
0003
0003
0003
0003
0003
0003
0003
0003
0003
0003
0003
0003
0003
0003
0003
0003
0003
0003
0003
0003
0003
0003
0003
0003
0003
0003
0003
0003
0003
0003
0003
0003
0003
0003
0003
0003
0003
0003
0003
0003
0003
0003
0003
0003
0003
0003
0003
0003
0003
0003
0003
0003
0003
0003
0003
0003
0003
0003
0003
0003
0003
0003
0003
0003
0003
0003
0003
0003
0003
0003
0003
0003
0003
0003
0003
0003
0003
0003
0003
0003
0003
0003
0003
0003
0003
0003
0003
0003
0003
0003
0003
0003
0003
0003
0003
0003
0003
0003
0003
0003
0003
0003
0003
0003
0003
0003
0003
0003
0003
0003
0003
0003
0003
0003
0003
0003
0003
0003
0003
0003
0003
0003
0003
0003
0003
0003
0003
0003
0003
0003
0003
0003
0003
0003
0003
0003
0003
0003
0003
0003
0003
0003
0003
0003
0003
0003
0003
0003
0003
0003
0003
0003
0003
0003
0003
0003
0003
0003
0003
0003
0003
0003
0003
0003
0003
0003
0003
0003
0003
0003
0003
0003
0003
0003
0003
0003
0003
0003
0003
0003
0003
0003
0003
0003
0003
0003
0003
0003
0003
0003
0003
0003
0003
0003
0003
0003
0003
0003
0003
0003
0003
0003
0003
0003
0003
0003
0003
0003
0003
0003
0003
0003
0003
0003
0003
0003
0003
0003
0003
0003
0003
0003
0003
0003
0003
0003
0003
0003
0003
0003
0003
0003
0003
0003
0003
0003
0003
0003
0003
0003
0003
0003
0003
0003
0003
0003
0003
0003
0003
0003
0003
0003
0003
0003
0003
0003
0003
0003
0003
0003
0003
0003
0003
0003
0003
0003
0003
0003
0003
0003
0003
0003
0003
0003
0003
0003
0003
0003
0003
0003
0003
0003
0003
0003
0003
0003
0003
0003
0003
0003
0003
0003
0003
0003
0003
0003
0003
0003
0003
0003
0003
0003
0003
0003
0003
0003
0003
0003
0003
0003
0003
0003
0003
0003
0003
0003
0003
0003
0003
0003
0003
0003
0003
0003
0003
0003
0003
0003
0003
0003
0003
0003
0003
0003
0003
0003
0003
0003
0003
0003
0003
0003
0003
0003
0003
0003
0003
0003
0003
0003
0003
0003
0003
0003
0003
0003
0003
0003
0003
0003
0003
0003
0003
0003
0003
0003
0003
0003
0003
0003
0003
0003
0003
0003
0003
0003
0003
0003
0003
0003
0003
0003
0003
0003
0003
0003
0003
0003
0003
0003
0003
0003
0003
0003
0003
0003
0003
0003
0003
0003
0003
0003
0003
0003
0003
0003
0003
0003
0003
0003
0003
0003
0003
0003
0003
0003
0003
0003
0003
0003
0003
0003
0003
0003
0003
0003
0003
0003
0003
0003
0003
0003
0003
0003
0003
0003
0003
0003
0003
0003
0003
0003
0003
0003
0003
0003
0003
0003
0003
0003
0003
0003
0003
0003
0003
0003
0003
0003
0003
0003
0003
0003
0003
0003
0003
0003
0003
0003
0003
0003
0003
0003
0003
0003
0003
0003
0003
0003
0003
0003
0003
0003
0003
0003
0003
0003
0003
0003
0003
0003
0003
0003
0003
0003
0003
0003
0003
0003
0003
0003
0003
0003
0003
0003
0003
0003
0003
0003
0003
0003
0003
0003
0003
0003
0003
0003
0003
0003
0003
0003
0003
0003
0003
0003
0003
0003
0003
0003
0003
0003
0003
0003
0003
0003
0003
0003
0003
0003
0003
0003
0003
0003
0003
0003
0003
0003
0003
0003
0003
0003
0003
0003
0003
0003
0003
0003
0003
0003
0003
0003
0003
0003
0003
0003
0003
0003
0003
0003
0003
0003
0003
0003
0003
0003
0003
0003
0003
0003
0003
0003
0003
0003
0003
0003
0003
0003
0003
0003
0003
0003
0003
0003
0003
0003
0003
0003
0003
0003
0003
0003
0003
0003
0003
0003
0003
0003
0003
0003
0003
0003
0003
0003
0003
0003
0003
0003
0003
0003
0003
0003
0003
0003
0003
0003
0003
0003
0003
0003
0003
0003
0003
0003
0003
0003
0003
0003
0003
0003
0003
0003
0003
0003
0003
0003
0003
0003
0003
0003
0003
0003
0003
0003
0003
0003
0003
0003
0003
0003
0003
0003
0003
0003
0003
0003
0003
0003
0003
0003
0003
0003
0003
0003
0003
0003
0003
0003
0003
0003
0003
0003
0003
0003
0003
0003
0003
0003
0003
0003
0003
0003
0003
0003
0003
0003
0003
0003
0003
0003
0003
0003
0003
0003
0003
0003
0003
0003
0003
0003
0003
0003
0003
0003
0003
0003
0003
0003
0003
0003
0003
0003
0003
0003
0003
0003
0003
0003
0003
0003
0003
0003
0003
0003
0003
0003
0003
0003
0003
0003
0003
0003
0003
0003
0003
0003
0003
0003
0003
0003
0003
0003
0003
0003
0003
0003
0003
0003
0003
0003
0003
0003
0003
0003
0003
0003
0003
0003
0003
0003
0003
0003
0003
0003
0003
0003
0003
0003
0003
0003
0003
0003
0003
0003
0003
0003
0003
0003
0003
0003
0003
0003
0003
0003
0003
0003
0003
0003
0003
0003
0003
0003
0003
0003
0003
0003
0003
0003
0003
0003
0003
0003
0003
0003
0003
0003
0003
0003
0003
0003
0003
0003
0003
0003
0003
0003
0003
0003
0003
0003
0003
0003
0003
0003
0003
0003
0003
0003
0003
0003
0003
0003
0003
0003
0003
0003
0003
0003
0003
0003
0003
0003
0003
0003
0003
0003
0003
0003
0003
0003
0003
0003
0003
0003
0003
0003
0003
0003
0003
0003
0003
0003
0003
0003
0003
0003
0003
0003
0003
0003
0003
0003
0003
0003
0003
0003
0003
0003
0003
0003
0003
0003
0003
0003
0003
0003
0003
0003
0003
0003
0003
0003
0003
0003
0003
0003
0003
0003
0003
0003
0003
0003
0003
0003
0003
0003
0003
0003
0003
0003
0003
0003
0003
0003
0003
0003
0003
0003
0003
0003
0003
0003
0003
0003
0003
0003
0003
0003
0003
0003
0003
0003
0003
0003
0003
0003
0003
0003
0003
0003
0003
0003
0003
0003
0003
0003
0003
0003
0003
0003
0003
0003
0003
0003
0003
0003
0003
0003
0003
0003
0003
0003
0003
0003
0003
0003
0003
0003
0003
0003
0003
0003
0003
0003
0003
0003
0003
0003
0003
0003
0003
0003
0003
0003
0003
0003
0003
0003
0003
0003
0003
0003
0003
0003
0003
0003
0003
0003
0003
0003
0003
0003
0003
0003
0003
0003
0003
0003
0003
0003
0003
0003
0003
0003
0003
0003
0003
0003
0003
0003
0003
0003
0003
0003
0003
0003
0003
0003
0003
0003
0003
0003
0003
0003
0003
0003
0003
0003
0003
0003
0003
0003
0003
0003
0003
0003
0003
0003
0003
0003
0003
0003
0003
0003
0003
0003
0003
0003
0003
0003
0003
0003
0003
0003
0003
0003
0003
0003
0003
0003
0003
0003
0003
0003
0003
0003
0003
0003
0003
0003
0003
0003
0003
0003
0003
0003
0003
0003
0003
0003
0003
0003
0003
0003
0003
0003
0003
0003
0003
0003
0003
0003
0003
0003
0003
0003
0003
0003
0003
0003
0003
0003
0003
0003
0003
0003
0003
0003
0003
0003
0003
0003
0003
0003
0003
0003
0003
0003
0003
0003
0003
0003
0003
0003
0003
0003
0003
0003
0003
0003
0003
0003
0003
0003
0003
0004
0004
0004
0004
0004
0004
0004
0004
0004
0004
0004
0004
0004
0004
0004
0004
0004
0004
0004
0004
0004
0004
0004
0004
0004
0004
0004
0004
0004
0004
0004
0004
0004
0004
0004
0004
0004
0004
0004
0004
0004
0004
0004
0004
0004
0004
0004
0004
0004
0004
0004
0004
0004
0004
0004
0004
0004
0004
0004
0004
0004
0004
0004
0004
0004
0004
0004
0004
0004
0004
0004
0004
0004
0004
0004
0004
0004
0004
0004
0004
0004
0004
0004
0004
0004
0004
0004
0004
0004
0004
0004
0004
0004
0004
0004
0004
0004
0004
0004
0004
0004
0004
0004
0004
0004
0004
0004
0004
0004
0004
0004
0004
0004
0004
0004
0004
0004
0004
0004
0004
0004
0004
0004
0004
0004
0004
0004
0004
0004
0004
0004
0004
0004
0004
0004
0004
0004
0004
0004
0004
0004
0004
0004
0004
0004
0004
0004
0004
0004
0004
0004
0004
0004
0004
0004
0004
0004
0004
0004
0004
0004
0004
0004
0004
0004
0004
0004
0004
0004
0004
0004
0004
0004
0004
0004
0004
0004
0004
0004
0004
0004
0004
0004
0004
0004
0004
0004
0004
0004
0004
0004
0004
0004
0004
0004
0004
0004
0004
0004
0004
0004
0004
0004
0004
0004
0004
0004
0004
0004
0004
0004
0004
0004
0004
0004
0004
0004
0004
0004
0004
0004
0004
0004
0004
0004
0004
0004
0004
0004
0004
0004
0004
0004
0004
0004
0004
0004
0004
0004
0004
0004
0004
0004
0004
0004
0004
0004
0004
0004
0004
0004
0004
0004
0004
0004
0004
0004
0004
0004
0004
0004
0004
0004
0004
0004
0004
0004
0004
0004
0004
0004
0004
0004
0004
0004
0004
0004
0004
0004
0004
0004
0004
0004
0004
0004
0004
0004
0004
0004
0004
0004
0004
0004
0004
0004
0004
0004
0004
0004
0004
0004
0004
0004
0004
0004
0004
0004
0004
0004
0004
0004
0004
0004
0004
0004
0004
0004
0004
0004
0004
0004
0004
0004
0004
0004
0004
0004
0004
0004
0004
0004
0004
0004
0004
0004
0004
0004
0004
0004
0004
0004
0004
0004
0004
0004
0004
0004
0004
0004
0004
0004
0004
0004
0004
0004
0004
0004
0004
0004
0004
0004
0004
0004
0004
0004
0004
0004
0004
0004
0004
0004
0004
0004
0004
0004
0004
0004
0004
0004
0004
0004
0004
0004
0004
0004
0004
0004
0004
0004
0004
0004
0004
0004
0004
0004
0004
0004
0004
0004
0004
0004
0004
0004
0004
0004
0004
0004
0004
0004
0004
0004
0004
0004
0004
0004
0004
0004
0004
0004
0004
0004
0004
0004
0004
0004
0004
0004
0004
0004
0004
0004
0004
0004
0004
0004
0004
0004
0004
0004
0004
0004
0004
0004
0004
0004
0004
0004
0004
0004
0004
0004
0004
0004
0004
0004
0004
0004
0004
0004
0004
0004
0004
0004
0004
0004
0004
0004
0004
0004
0004
0004
0004
0004
0004
0004
0004
0004
0004
0004
0004
0004
0004
0004
0004
0004
0004
0004
0004
0004
0004
0004
0004
0004
0004
0004
0004
0004
0004
0004
0004
0004
0004
0004
0004
0004
0004
0004
0004
0004
0004
0004
0004
0004
0004
0004
0004
0004
0004
0004
0004
0004
0004
0004
0004
0004
0004
0004
0004
0004
0004
0004
0004
0004
0004
0004
0004
0004
0004
0004
0004
0004
0004
0004
0004
0004
0004
0004
0004
0004
0004
0004
0004
0004
0004
0004
0004
0004
0004
0004
0004
0004
0004
0004
0004
0004
0004
0004
0004
0004
0004
0004
0004
0004
0004
0004
0004
0004
0004
0004
0004
0004
0004
0004
0004
0004
0004
0004
0004
0004
0004
0004
0004
0004
0004
0004
0004
0004
0004
0004
0004
0004
0004
0004
0004
0004
0004
0004
0004
0004
0004
0004
0004
0004
0004
0004
0004
0004
0004
0004
0004
0004
0004
0004
0004
0004
0004
0004
0004
0004
0004
0004
0004
0004
0004
0004
0004
0004
0004
0004
0004
0004
0004
0004
0004
0004
0004
0004
0004
0004
0004
0004
0004
0004
0004
0004
0004
0004
0004
0004
0004
0004
0004
0004
0004
0004
0004
0004
0004
0004
0004
0004
0004
0004
0004
0004
0004
0004
0004
0004
0004
0004
0004
0004
0004
0004
0004
0004
0004
0004
0004
0004
0004
0004
0004
0004
0004
0004
0004
0004
0004
0004
0004
0004
0004
0004
0004
0004
0004
0004
0004
0004
0004
0004
0004
0004
0004
0004
0004
0004
0004
0004
0004
0004
0004
0004
0004
0004
0004
0004
0004
0004
0004
0004
0004
0004
0004
0004
0004
0004
0004
0004
0004
0004
0004
0004
0004
0004
0004
0004
0004
0004
0004
0004
0004
0004
0004
0004
0004
0004
0004
0004
0004
0004
0004
0004
0004
0004
0004
0004
0004
0004
0004
0004
0004
0004
0004
0004
0004
0004
0004
0004
0004
0004
0004
0004
0004
0004
0004
0004
0004
0004
0004
0004
0004
0004
0004
0004
0004
0004
0004
0004
0004
0004
0004
0004
0004
0004
0004
0004
0004
0004
0004
0004
0004
0004
0004
0004
0004
0004
0004
0004
0004
0004
0004
0004
0004
0004
0004
0004
0004
0004
0004
0004
0004
0004
0004
0004
0004
0004
0004
0004
0004
0004
0004
0004
0004
0004
0004
0004
0004
0004
0004
0004
0004
0004
0004
0004
0004
0004
0004
0004
0004
0004
0004
0004
0004
0004
0004
0004
0004
0004
0004
0004
0004
0004
0004
0004
0004
0004
0004
0004
0004
0004
0004
0004
0004
0004
0004
0004
0004
0004
0004
0004
0004
0004
0004
0004
0004
0004
0004
0004
0004
0004
0004
0004
0004
0004
0004
0004
0004
0004
0004
0004
0004
0004
0004
0004
0004
0004
0004
0004
0004
0004
0004
0004
0004
0004
0004
0004
0004
0004
0004
0004
0004
0004
0004
0004
0004
0004
0004
0004
0004
0004
0004
0004
0004
0004
0004
0004
0004
0004
0004
0004
0004
0004
0004
0004
0004
0004
0004
0004
0004
0004
0004
0004
0004
0004
0004
0004
0004
0004
0004
0004
0004
0004
0004
0004
0004
0004
0004
0004
0004
0004
0004
0004
0004
0004
0004
0004
0004
0004
0004
0004
0004
0004
0004
0004
0004
0004
0004
0004
0004
0004
0004
0004
0004
0004
0004
0004
0004
0004
0004
0004
0004
0004
0004
0004
0004
0004
0004
0004
0004
0004
0004
0005
0005
0005
0005
0005
0005
0005
0005
0005
0005
0005
0005
0005
0005
0005
0005
0005
0005
0005
0005
0005
0005
0005
0005
0005
0005
0005
0005
0005
0005
0005
0005
0005
0005
0005
0005
0005
0005
0005
0005
0005
0005
0005
0005
0005
0005
0005
0005
0005
0005
0005
0005
0005
0005
0005
0005
0005
0005
0005
0005
0005
0005
0005
0005
0005
0005
0005
0005
0005
0005
0005
0005
0005
0005
0005
0005
0005
0005
0005
0005
0005
0005
0005
0005
0005
0005
0005
0005
0005
0005
0005
0005
0005
0005
0005
0005
0005
0005
0005
0005
0005
0005
0005
0005
0005
0005
0005
0005
0005
0005
0005
0005
0005
0005
0005
0005
0005
0005
0005
0005
0005
0005
0005
0005
0005
0005
0005
0005
0005
0005
0005
0005
0005
0005
0005
0005
0005
0005
0005
0005
0005
0005
0005
0005
0005
0005
0005
0005
0005
0005
0005
0005
0005
0005
0005
0005
0005
0005
0005
0005
0005
0005
0005
0005
0005
0005
0005
0005
0005
0005
0005
0005
0005
0005
0005
0005
0005
0005
0005
0005
0005
0005
0005
0005
0005
0005
0005
0005
0005
0005
0005
0005
0005
0005
0005
0005
0005
0005
0005
0005
0005
0005
0005
0005
0005
0005
0005
0005
0005
0005
0005
0005
0005
0005
0005
0005
0005
0005
0005
0005
0005
0005
0005
0005
0005
0005
0005
0005
0005
0005
0005
0005
0005
0005
0005
0005
0005
0005
0005
0005
0005
0005
0005
0005
0005
0005
0005
0005
0005
0005
0005
0005
0005
0005
0005
0005
0005
0005
0005
0005
0005
0005
0005
0005
0005
0005
0005
0005
0005
0005
0005
0005
0005
0005
0005
0005
0005
0005
0005
0005
0005
0005
0005
0005
0005
0005
0005
0005
0005
0005
0005
0005
0005
0005
0005
0005
0005
0005
0005
0005
0005
0005
0005
0005
0005
0005
0005
0005
0005
0005
0005
0005
0005
0005
0005
0005
0005
0005
0005
0005
0005
0005
0005
0005
0005
0005
0005
0005
0005
0005
0005
0005
0005
0005
0005
0005
0005
0005
0005
0005
0005
0005
0005
0005
0005
0005
0005
0005
0005
0005
0005
0005
0005
0005
0005
0005
0005
0005
0005
0005
0005
0005
0005
0005
0005
0005
0005
0005
0005
0005
0005
0005
0005
0005
0005
0005
0005
0005
0005
0005
0005
0005
0005
0005
0005
0005
0005
0005
0005
0005
0005
0005
0005
0005
0005
0005
0005
0005
0005
0005
0005
0005
0005
0005
0005
0005
0005
0005
0005
0005
0005
0005
0005
0005
0005
0005
0005
0005
0005
0005
0005
0005
0005
0005
0005
0005
0005
0005
0005
0005
0005
0005
0005
0005
0005
0005
0005
0005
0005
0005
0005
0005
0005
0005
0005
0005
0005
0005
0005
0005
0005
0005
0005
0005
0005
0005
0005
0005
0005
0005
0005
0005
0005
0005
0005
0005
0005
0005
0005
0005
0005
0005
0005
0005
0005
0005
0005
0005
0005
0005
0005
0005
0005
0005
0005
0005
0005
0005
0005
0005
0005
0005
0005
0005
0005
0005
0005
0005
0005
0005
0005
0005
0005
0005
0005
0005
0005
0005
0005
0005
0005
0005
0005
0005
0005
0005
0005
0005
0005
0005
0005
0005
0005
0005
0005
0005
0005
0005
0005
0005
0005
0005
0005
0005
0005
0005
0005
0005
0005
0005
0005
0005
0005
0005
0005
0005
0005
0005
0005
0005
0005
0005
0005
0005
0005
0005
0005
0005
0005
0005
0005
0005
0005
0005
0005
0005
0005
0005
0005
0005
0005
0005
0005
0005
0005
0005
0005
0005
0005
0005
0005
0005
0005
0005
0005
0005
0005
0005
0005
0005
0005
0005
0005
0005
0005
0005
0005
0005
0005
0005
0005
0005
0005
0005
0005
0005
0005
0005
0005
0005
0005
0005
0005
0005
0005
0005
0005
0005
0005
0005
0005
0005
0005
0005
0005
0005
0005
0005
0005
0005
0005
0005
0005
0005
0005
0005
0005
0005
0005
0005
0005
0005
0005
0005
0005
0005
0005
0005
0005
0005
0005
0005
0005
0005
0005
0005
0005
0005
0005
0005
0005
0005
0005
0005
0005
0005
0005
0005
0005
0005
0005
0005
0005
0005
0005
0005
0005
0005
0005
0005
0005
0005
0005
0005
0005
0005
0005
0005
0005
0005
0005
0005
0005
0005
0005
0005
0005
0005
0005
0005
0005
0005
0005
0005
0005
0005
0005
0005
0005
0005
0005
0005
0005
0005
0005
0005
0005
0005
0005
0005
0005
0005
0005
0005
0005
0005
0005
0005
0005
0005
0005
0005
0005
0005
0005
0005
0005
0005
0005
0005
0005
0005
0005
0005
0005
0005
0005
0005
0005
0005
0005
0005
0005
0005
0005
0005
0005
0005
0005
0005
0005
0005
0005
0005
0005
0005
0005
0005
0005
0005
0005
0005
0005
0005
0005
0005
0005
0005
0005
0005
0005
0005
0005
0005
0005
0005
0005
0005
0005
0005
0005
0005
0005
0005
0005
0005
0005
0005
0005
0005
0005
0005
0005
0005
0005
0005
0005
0005
0005
0005
0005
0005
0005
0005
0005
0005
0005
0005
0005
0005
0005
0005
0005
0005
0005
0005
0005
0005
0005
0005
0005
0005
0005
0005
0005
0005
0005
0005
0005
0005
0005
0005
0005
0005
0005
0005
0005
0005
0005
0005
0005
0005
0005
0005
0005
0005
0005
0005
0005
0005
0005
0005
0005
0005
0005
0005
0005
0005
0005
0005
0005
0005
0005
0005
0005
0005
0005
0005
0005
0005
0005
0005
0005
0005
0005
0005
0005
0005
0005
0005
0005
0005
0005
0005
0005
0005
0006
0006
0006
0006
0006
0006
0006
0006
0006
0006
0006
0006
0006
0006
0006
0006
0006
0006
0006
0006
0006
0006
0006
0006
0006
0006
0006
0006
0006
0006
0006
0006
0006
0006
0006
0006
0006
0006
0006
0006
0006
0006
0006
0006
0006
0006
0006
0006
0006
0006
0006
0006
0006
0006
0006
0006
0006
0006
0006
0006
0006
0006
0006
0006
0006
0006
0006
0006
0006
0006
0006
0006
0006
0006
0006
0006
0006
0006
0006
0006
0006
0006
0006
0006
0006
0006
0006
0006
0006
0006
0006
0006
0006
0006
0006
0006
0006
0006
0006
0006
0006
0006
0006
0006
0006
0006
0006
0006
0006
0006
0006
0006
0006
0006
0006
0006
0006
0006
0006
0006
0006
0006
0006
0006
0006
0006
0006
0006
0006
0006
0006
0006
0006
0006
0006
0006
0006
0006
0006
0006
0006
0006
0006
0006
0006
0006
0006
0006
0006
0006
0006
0006
0006
0006
0006
0006
0006
0006
0006
0006
0006
0006
0006
0006
0006
0006
0006
0006
0006
0006
0006
0006
0006
0006
0006
0006
0006
0006
0006
0006
0006
0006
0006
0006
0006
0006
0006
0006
0006
0006
0006
0006
0006
0006
0006
0006
0006
0006
0006
0006
0006
0006
0006
0006
0006
0006
0006
0006
0006
0006
0006
0006
0006
0006
0006
0006
0006
0006
0006
0006
0006
0006
0006
0006
0006
0006
0006
0006
0006
0006
0006
0006
0006
0006
0006
0006
0006
0006
0006
0006
0006
0006
0006
0006
0006
0006
0006
0006
0006
0006
0006
0006
0006
0006
0006
0006
0006
0006
0006
0006
0006
0006
0006
0006
0006
0006
0006
0006
0006
0006
0006
0006
0006
0006
0006
0006
0006
0006
0006
0006
0006
0006
0006
0006
0006
0006
0006
0006
0006
0006
0006
0006
0006
0006
0006
0006
0006
0006
0006
0006
0006
0006
0006
0006
0006
0006
0006
0006
0006
0006
0006
0006
0006
0006
0006
0006
0006
0006
0006
0006
0006
0006
0006
0006
0006
0006
0006
0006
0006
0006
0006
0006
0006
0006
0006
0006
0006
0006
0006
0006
0006
0006
0006
0006
0006
0006
0006
0006
0006
0006
0006
0006
0006
0006
0006
0006
0006
0006
0006
0006
0006
0006
0006
0006
0006
0006
0006
0006
0006
0006
0006
0006
0006
0006
0006
0006
0006
0006
0006
0006
0006
0006
0006
0006
0006
0006
0006
0006
0006
0006
0006
0006
0006
0006
0006
0006
0006
0006
0006
0006
0006
0006
0006
0006
0006
0006
0006
0006
0006
0006
0006
0006
0006
0006
0006
0006
0006
0006
0006
0006
0006
0006
0006
0006
0006
0006
0006
0006
0006
0006
0006
0006
0006
0006
0006
0006
0006
0006
0006
0006
0006
0006
0006
0006
0006
0006
0006
0006
0006
0006
0006
0006
0006
0006
0006
0006
0006
0006
0006
0006
0006
0006
0006
0006
0006
0006
0006
0006
0006
0006
0006
0006
0006
0006
0006
0006
0006
0006
0006
0006
0006
0006
0006
0006
0006
0006
0006
0006
0006
0006
0006
0006
0006
0006
0006
0006
0006
0006
0006
0006
0006
0006
0006
0006
0006
0006
0006
0006
0006
0006
0006
0006
0006
0006
0006
0006
0006
0006
0006
0006
0006
0006
0006
0006
0006
0006
0006
0006
0006
0006
0006
0006
0006
0006
0006
0006
0006
0006
0006
0006
0006
0006
0006
0006
0006
0006
0006
0006
0006
0006
0006
0006
0006
0006
0006
0006
0006
0006
0006
0006
0006
0006
0006
0006
0006
0006
0006
0006
0006
0006
0006
0006
0006
0006
0006
0006
0006
0006
0006
0006
0006
0006
0006
0006
0006
0006
0006
0006
0006
0006
0006
0006
0006
0006
0006
0006
0006
0006
0006
0006
0006
0006
0006
0006
0006
0006
0006
0006
0006
0006
0006
0006
0006
0006
0006
0006
0006
0006
0006
0006
0006
0006
0006
0006
0006
0006
0006
0006
0006
0006
0006
0006
0006
0006
0006
0006
0006
0006
0006
0006
0007
0007
0007
0007
0007
0007
0007
0007
0007
0007
0007
0007
0007
0007
0007
0007
0007
0007
0007
0007
0007
0007
0007
0007
0007
0007
0007
0007
0007
0007
0007
0007
0007
0007
0007
0007
0007
0007
0007
0007
0007
0007
0007
0007
0007
0007
0007
0007
0007
0007
0007
0007
0007
0007
0007
0007
0007
0007
0007
0007
0007
0007
0007
0007
0007
0007
0007
0007
0007
0007
0007
0007
0007
0007
0007
0007
0007
0007
0007
0007
0007
0007
0007
0007
0007
0007
0007
0007
0007
0007
0007
0007
0007
0007
0007
0007
0007
0007
0007
0007
0007
0007
0007
0007
0007
0007
0007
0007
0007
0007
0007
0007
0007
0007
0007
0007
0007
0007
0007
0007
0007
0007
0007
0007
0007
0007
0007
0007
0007
0007
0007
0007
0007
0007
0007
0007
0007
0007
0007
0007
0007
0007
0007
0007
0007
0007
0007
0007
0007
0007
0007
0007
0007
0007
0007
0007
0007
0007
0007
0007
0007
0007
0007
0007
0007
0007
0007
0007
0007
0007
0007
0007
0007
0007
0007
0007
0007
0007
0007
0007
0007
0007
0007
0007
0007
0007
0007
0007
0007
0007
0007
0007
0007
0007
0007
0007
0007
0007
0007
0007
0007
0007
0007
0007
0007
0007
0007
0007
0007
0007
0007
0007
0007
0007
0007
0007
0007
0007
0007
0007
0007
0007
0007
0007
0007
0007
0007
0007
0007
0007
0007
0007
0007
0007
0007
0007
0007
0007
0007
0007
0007
0007
0007
0007
0007
0007
0007
0007
0007
0007
0007
0007
0007
0007
0007
0007
0007
0007
0007
0007
0007
0007
0007
0007
0007
0007
0007
0007
0007
0007
0007
0007
0007
0007
0007
0007
0007
0007
0007
0007
0007
0007
0007
0007
0007
0007
0007
0007
0007
0007
0007
0007
0007
0007
0007
0007
0007
0007
0007
0007
0007
0007
0007
0007
0007
0007
0007
0007
0007
0007
0007
0007
0007
0007
0007
0007
0007
0007
0007
0007
0007
0007
0007
0007
0007
0007
0007
0007
0007
0007
0007
0007
0007
0007
0007
0007
0007
0007
0007
0007
0007
0007
0007
0007
0007
0007
0007
0007
0007
0007
0007
0007
0007
0007
0007
0007
0007
0007
0007
0007
0007
0007
0007
0007
0007
0007
0007
0007
0007
0007
0007
0007
0007
0007
0007
0007
0007
0007
0007
0007
0007
0007
0007
0007
0007
0007
0007
0007
0007
0007
0007
0007
0007
0007
0007
0007
0007
0007
0007
0007
0007
0007
0007
0007
0007
0007
0007
0007
0007
0007
0007
0007
0007
0007
0007
0007
0007
0007
0007
0007
0007
0007
0007
0007
0007
0007
0007
0007
0007
0007
0007
0007
0007
0007
0007
0007
0007
0007
0007
0007
0007
0007
0007
0007
0007
0007
0007
0007
0007
0007
0007
0007
0007
0007
0007
0007
0007
0007
0007
0007
0007
0007
0007
0007
0007
0007
0007
0007
0007
0007
0007
0007
0007
0007
0007
0007
0007
0007
0007
0007
0007
0007
0007
0007
0007
0007
0007
0007
0007
0007
0007
0007
0007
0007
0007
0007
0007
0007
0007
0007
0007
0007
0007
0007
0007
0007
0007
0007
0007
0007
0007
0007
0007
0007
0007
0007
0007
0007
0007
0007
0007
0007
0007
0007
0007
0007
0007
0007
0007
0007
0007
0007
0007
0007
0007
0007
0007
0007
0007
0007
0007
0007
0007
0007
0007
0007
0007
0007
0007
0007
0007
0007
0007
0007
0007
0007
0007
0007
0007
0007
0007
0007
0007
0007
0007
0007
0007
0007
0007
0007
0007
0007
0007
0007
0007
0007
0007
0007
0007
0007
0007
0007
0007
0007
0007
0007
0007
0007
0007
0007
0007
0007
0007
0007
0007
0007
0007
0007
0007
0007
0007
0007
0007
0007
0007
0007
0007
0007
0007
0007
0007
0007
0007
0007
0007
0007
0007
0007
0007
0007
0007
0007
0007
0007
0007
0007
0007
0007
0007
0007
0007
0007
0007
0007
0007
0007
0007
0007
0007
0007
0008
0008
0008
0008
0008
0008
0008
0008
0008
0008
0008
0008
0008
0008
0008
0008
0008
0008
0008
0008
0008
0008
0008
0008
0008
0008
0008
0008
0008
0008
0008
0008
0008
0008
0008
0008
0008
0008
0008
0008
0008
0008
0008
0008
0008
0008
0008
0008
0008
0008
0008
0008
0008
0008
0008
0008
0008
0008
0008
0008
0008
0008
0008
0008
0008
0008
0008
0008
0008
0008
0008
0008
0008
0008
0008
0008
0008
0008
0008
0008
0008
0008
0008
0008
0008
0008
0008
0008
0008
0008
0008
0008
0008
0008
0008
0008
0008
0008
0008
0008
0008
0008
0008
0008
0008
0008
0008
0008
0008
0008
0008
0008
0008
0008
0008
0008
0008
0008
0008
0008
0008
0008
0008
0008
0008
0008
0008
0008
0008
0008
0008
0008
0008
0008
0008
0008
0008
0008
0008
0008
0008
0008
0008
0008
0008
0008
0008
0008
0008
0008
0008
0008
0008
0008
0008
0008
0008
0008
0008
0008
0008
0008
0008
0008
0008
0008
0008
0008
0008
0008
0008
0008
0008
0008
0008
0008
0008
0008
0008
0008
0008
0008
0008
0008
0008
0008
0008
0008
0008
0008
0008
0008
0008
0008
0008
0008
0008
0008
0008
0008
0008
0008
0008
0008
0008
0008
0008
0008
0008
0008
0008
0008
0008
0008
0008
0008
0008
0008
0008
0008
0008
0008
0008
0008
0008
0008
0008
0008
0008
0008
0008
0008
0008
0008
0008
0008
0008
0008
0008
0008
0008
0008
0008
0008
0008
0008
0008
0008
0008
0008
0008
0008
0008
0008
0008
0008
0008
0008
0008
0008
0008
0008
0008
0008
0008
0008
0008
0008
0008
0008
0008
0008
0008
0008
0008
0008
0008
0008
0008
0008
0008
0008
0008
0008
0008
0008
0008
0008
0008
0008
0008
0008
0008
0008
0008
0008
0008
0008
0008
0008
0008
0008
0008
0008
0008
0008
0008
0008
0008
0008
0008
0008
0008
0008
0008
0008
0008
0008
0008
0008
0008
0008
0008
0008
0008
0008
0008
0008
0008
0008
0008
0008
0008
0008
0008
0008
0008
0008
0008
0008
0008
0008
0008
0008
0008
0008
0008
0008
0008
0008
0008
0008
0008
0008
0008
0008
0008
0008
0008
0008
0008
0008
0008
0008
0008
0008
0008
0008
0008
0008
0008
0008
0008
0008
0008
0008
0008
0008
0008
0008
0008
0008
0008
0008
0008
0008
0008
0008
0008
0008
0008
0008
0008
0008
0008
0008
0008
0008
0008
0008
0008
0008
0008
0008
0008
0008
0008
0008
0008
0008
0008
0008
0008
0008
0008
0008
0008
0008
0008
0008
0008
0008
0008
0008
0008
0008
0008
0008
0008
0008
0008
0008
0008
0008
0008
0008
0008
0008
0008
0008
0008
0008
0008
0008
0008
0008
0008
0008
0008
0008
0008
0008
0008
0008
0008
0008
0008
0008
0008
0008
0008
0008
0008
0008
0008
0008
0008
0008
0008
0008
0008
0008
0008
0008
0008
0008
0008
0008
0008
0008
0008
0008
0008
0008
0008
0008
0008
0008
0008
0008
0008
0008
0008
0008
0008
0008
0008
0008
0008
0008
0008
0008
0008
0008
0008
0008
0008
0008
0008
0008
0008
0008
0009
0009
0009
0009
0009
0009
0009
0009
0009
0009
0009
0009
0009
0009
0009
0009
0009
0009
0009
0009
0009
0009
0009
0009
0009
0009
0009
0009
0009
0009
0009
0009
0009
0009
0009
0009
0009
0009
0009
0009
0009
0009
0009
0009
0009
0009
0009
0009
0009
0009
0009
0009
0009
0009
0009
0009
0009
0009
0009
0009
0009
0009
0009
0009
0009
0009
0009
0009
0009
0009
0009
0009
0009
0009
0009
0009
0009
0009
0009
0009
0009
0009
0009
0009
0009
0009
0009
0009
0009
0009
0009
0009
0009
0009
0009
0009
0009
0009
0009
0009
0009
0009
0009
0009
0009
0009
0009
0009
0009
0009
0009
0009
0009
0009
0009
0009
0009
0009
0009
0009
0009
0009
0009
0009
0009
0009
0009
0009
0009
0009
0009
0009
0009
0009
0009
0009
0009
0009
0009
0009
0009
0009
0009
0009
0009
0009
0009
0009
0009
0009
0009
0009
0009
0009
0009
0009
0009
0009
0009
0009
0009
0009
0009
0009
0009
0009
0009
0009
0009
0009
0009
0009
0009
0009
0009
0009
0009
0009
0009
0009
0009
0009
0009
0009
0009
0009
0009
0009
0009
0009
0009
0009
0009
0009
0009
0009
0009
0009
0009
0009
0009
0009
0009
0009
0009
0009
0009
0009
0009
0009
0009
0009
0009
0009
0009
0009
0009
0009
0009
0009
0009
0009
0009
0009
0009
0009
0009
0009
0009
0009
0009
0009
0009
0009
0009
0009
0009
0009
0009
0009
0009
0009
0009
0009
0009
0009
0009
0009
0009
0009
0009
0009
0009
0009
0009
0009
0009
0009
0009
0009
0009
0009
0009
0009
0009
0009
0009
0009
0009
0009
0009
0009
0009
0009
0009
0009
0009
0009
0009
0009
0009
0009
0009
0009
0009
0009
0009
0009
0009
0009
0009
0009
0009
0009
0009
0009
0009
0009
0009
0009
0009
0009
0009
0009
0009
0009
0009
0009
0009
0009
0009
0009
0009
0009
0009
0009
0009
0009
0009
0009
0009
0009
0009
0009
0009
0009
0009
0009
0009
0009
0009
0009
0009
0009
0009
0009
0009
0009
0009
0009
0009
0009
0009
0009
0009
0009
0009
0009
0009
0009
0009
0009
0009
0009
0009
0009
0009
0009
0009
0009
0009
0009
0009
0009
0009
0009
0009
0009
0009
0009
0009
0009
0009
0009
0009
0009
0009
0009
0009
0009
0009
0009
0009
0009
000a
000a
000a
000a
000a
000a
000a
000a
000a
000a
000a
000a
000a
000a
000a
000a
000a
000a
000a
000a
000a
000a
000a
000a
000a
000a
000a
000a
000a
000a
000a
000a
000a
000a
000a
000a
000a
000a
000a
000a
000a
000a
000a
000a
000a
000a
000a
000a
000a
000a
000a
000a
000a
000a
000a
000a
000a
000a
000a
000a
000a
000a
000a
000a
000a
000a
000a
000a
000a
000a
000a
000a
000a
000a
000a
000a
000a
000a
000a
000a
000a
000a
000a
000a
000a
000a
000a
000a
000a
000a
000a
000a
000a
000a
000a
000a
000a
000a
000a
000a
000a
000a
000a
000a
000a
000a
000a
000a
000a
000a
000a
000a
000a
000a
000a
000a
000a
000a
000a
000a
000a
000a
000a
000a
000a
000a
000a
000a
000a
000a
000a
000a
000a
000a
000a
000a
000a
000a
000a
000a
000a
000a
000a
000a
000a
000a
000a
000a
000a
000a
000a
000a
000a
000a
000a
000a
000a
000a
000a
000a
000a
000a
000a
000a
000a
000a
000a
000a
000a
000a
000a
000a
000a
000a
000a
000a
000a
000a
000a
000a
000a
000a
000a
000a
000a
000a
000a
000a
000a
000a
000a
000a
000a
000a
000a
000a
000a
000a
000a
000a
000a
000a
000a
000a
000a
000a
000a
000a
000a
000a
000a
000a
000a
000a
000a
000a
000a
000a
000a
000a
000a
000a
000a
000a
000a
000a
000a
000a
000a
000a
000a
000a
000a
000a
000a
000a
000a
000a
000a
000a
000a
000a
000a
000a
000a
000a
000a
000a
000a
000a
000a
000a
000a
000a
000a
000a
000a
000a
000a
000a
000a
000a
000a
000a
000a
000a
000a
000a
000a
000a
000a
000a
000a
000a
000a
000a
000a
000a
000a
000a
000a
000a
000a
000a
000a
000a
000a
000a
000a
000a
000a
000a
000a
000a
000a
000a
000a
000a
000a
000a
000a
000a
000a
000a
000a
000a
000a
000a
000a
000a
000a
000a
000a
000a
000a
000a
000a
000a
000a
000a
000a
000a
000a
000a
000a
000a
000a
000a
000a
000a
000a
000a
000a
000a
000a
000a
000a
000a
000a
000a
000a
000a
000a
000a
000a
000a
000a
000a
000a
000a
000a
000a
000a
000a
000a
000a
000a
000a
000a
000a
000a
000a
000a
000a
000a
000a
000a
000a
000a
000a
000a
000a
000a
000a
000a
000a
000a
000a
000a
000a
000a
000a
000a
000a
000a
000a
000a
000a
000a
000a
000a
000a
000a
000a
000a
000a
000a
000a
000a
000a
000a
000a
000a
000a
000a
000a
000a
000a
000a
000a
000a
000a
000a
000a
000a
000a
000a
000a
000a
000a
000a
000a
000a
000a
000a
000a
000a
000a
000a
000a
000a
000a
000a
000a
000a
000a
000a
000a
000a
000a
000a
000a
000a
000a
000a
000a
000a
000a
000a
000a
000a
000a
000a
000a
000a
000a
000a
000a
000a
000a
000a
000a
000a
000a
000a
000a
000a
000a
000a
000a
000a
000a
000a
000a
000a
000a
000a
000a
000a
000a
000a
000a
000a
000a
000a
000a
000a
000a
000a
000a
000a
000a
000a
000a
000a
000a
000a
000a
000a
000a
000a
000a
000a
000a
000a
000a
000a
000a
000a
000a
000a
000a
000b
000b
000b
000b
000b
000b
000b
000b
000b
000b
000b
000b
000b
000b
000b
000b
000b
000b
000b
000b
000b
000b
000b
000b
000b
000b
000b
000b
000b
000b
000b
000b
000b
000b
000b
000b
000b
000b
000b
000b
000b
000b
000b
000b
000b
000b
000b
000b
000b
000b
000b
000b
000b
000b
000b
000b
000b
000b
000b
000b
000b
000b
000b
000b
000b
000b
000b
000b
000b
000b
000b
000b
000b
000b
000b
000b
000b
000b
000b
000b
000b
000b
000b
000b
000b
000b
000b
000b
000b
000b
000b
000b
000b
000b
000b
000b
000b
000b
000b
000b
000b
000b
000b
000b
000b
000b
000b
000b
000b
000b
000b
000b
000b
000b
000b
000b
000b
000b
000b
000b
000b
000b
000b
000b
000b
000b
000b
000b
000b
000b
000b
000b
000b
000b
000b
000b
000b
000b
000b
000b
000b
000b
000b
000b
000b
000b
000b
000b
000b
000b
000b
000b
000b
000b
000b
000b
000b
000b
000b
000b
000b
000b
000b
000b
000b
000b
000b
000b
000b
000b
000b
000b
000b
000b
000b
000b
000b
000b
000b
000b
000b
000b
000b
000b
000b
000b
000b
000b
000b
000b
000b
000b
000b
000b
000b
000b
000b
000b
000b
000b
000b
000b
000b
000b
000b
000b
000b
000b
000b
000b
000b
000b
000b
000b
000b
000b
000b
000b
000b
000b
000b
000b
000b
000b
000b
000b
000b
000b
000b
000b
000b
000b
000b
000b
000b
000b
000b
000b
000b
000b
000b
000b
000b
000b
000b
000b
000b
000b
000b
000b
000b
000b
000b
000b
000b
000b
000c
000c
000c
000c
000c
000c
000c
000c
000c
000c
000c
000c
000c
000c
000c
000c
000c
000c
000c
000c
000c
000c
000c
000c
000c
000c
000c
000c
000c
000c
000c
000c
000c
000c
000c
000c
000c
000c
000c
000c
000c
000c
000c
000c
000c
000c
000c
000c
000c
000c
000c
000c
000c
000c
000c
000c
000c
000c
000c
000c
000c
000c
000c
000c
000c
000c
000c
000c
000c
000c
000c
000c
000c
000c
000c
000c
000c
000c
000c
000c
000c
000c
000c
000c
000c
000c
000c
000c
000c
000c
000c
000c
000c
000c
000c
000c
000c
000c
000c
000c
000c
000c
000c
000c
000c
000c
000c
000c
000c
000c
000c
000c
000c
000c
000c
000c
000c
000c
000c
000c
000c
000c
000c
000c
000c
000c
000c
000c
000c
000c
000c
000c
000c
000c
000c
000c
000c
000c
000c
000c
000c
000c
000c
000c
000c
000c
000c
000c
000c
000c
000c
000c
000c
000c
000c
000c
000c
000c
000c
000c
000c
000c
000c
000c
000c
000c
000c
000c
000c
000c
000c
000c
000c
000c
000c
000c
000c
000c
000c
000c
000c
000c
000c
000c
000c
000c
000c
000c
000c
000c
000c
000c
000c
000c
000c
000c
000c
000c
000c
000c
000c
000c
000c
000c
000c
000c
000c
000c
000c
000c
000c
000c
000c
000c
000c
000c
000c
000c
000c
000c
000c
000c
000c
000c
000c
000c
000c
000c
000c
000c
000c
000c
000c
000c
000c
000c
000c
000c
000c
000c
000c
000c
000c
000c
000c
000c
000c
000c
000c
000c
000c
000c
000c
000c
000c
000c
000c
000c
000c
000c
000c
000c
000c
000c
000c
000c
000c
000c
000c
000c
000c
000c
000c
000c
000c
000c
000c
000c
000c
000c
000c
000c
000c
000c
000c
000c
000c
000c
000c
000c
000c
000c
000c
000c
000c
000c
000c
000c
000c
000c
000c
000c
000c
000c
000c
000c
000c
000c
000c
000c
000c
000c
000c
000c
000c
000c
000c
000c
000c
000c
000c
000c
000c
000c
000c
000c
000c
000c
000c
000c
000c
000c
000c
000c
000c
000c
000c
000c
000c
000c
000c
000c
000c
000c
000c
000c
000c
000c
000c
000c
000c
000c
000c
000c
000c
000c
000c
000c
000c
000c
000c
000c
000c
000c
000c
000c
000c
000c
000c
000c
000c
000c
000c
000c
000c
000c
000c
000c
000c
000c
000c
000c
000c
000c
000d
000d
000d
000d
000d
000d
000d
000d
000d
000d
000d
000d
000d
000d
000d
000d
000d
000d
000d
000d
000d
000d
000d
000d
000d
000d
000d
000d
000d
000d
000d
000d
000d
000d
000d
000d
000d
000d
000d
000d
000d
000d
000d
000d
000d
000d
000d
000d
000d
000d
000d
000d
000d
000d
000d
000d
000d
000d
000d
000d
000d
000d
000d
000d
000d
000d
000d
000d
000d
000d
000d
000d
000d
000d
000d
000d
000d
000d
000d
000d
000d
000d
000d
000d
000d
000d
000d
000d
000d
000d
000d
000d
000d
000d
000d
000d
000d
000d
000d
000d
000d
000d
000d
000d
000d
000d
000d
000d
000d
000d
000d
000d
000d
000d
000d
000d
000d
000d
000d
000d
000d
000d
000d
000d
000d
000d
000d
000d
000d
000d
000d
000d
000d
000d
000d
000d
000d
000d
000d
000d
000d
000d
000d
000d
000d
000d
000d
000d
000d
000d
000d
000d
000d
000d
000d
000d
000d
000d
000d
000d
000d
000d
000d
000d
000d
000d
000d
000d
000d
000d
000d
000d
000d
000d
000d
000d
000d
000d
000d
000d
000d
000d
000d
000d
000d
000d
000d
000d
000d
000d
000d
000d
000d
000d
000d
000d
000d
000d
000d
000d
000d
000d
000d
000d
000d
000d
000d
000d
000d
000d
000d
000d
000d
000d
000d
000d
000d
000d
000d
000d
000d
000d
000d
000d
000d
000d
000d
000d
000d
000d
000d
000d
000d
000d
000d
000d
000d
000d
000d
000d
000d
000d
000d
000d
000d
000d
000d
000d
000d
000d
000d
000d
000d
000d
000d
000d
000d
000d
000d
000d
000d
000d
000d
000d
000d
000d
000d
000d
000d
000d
000d
000d
000d
000d
000d
000d
000d
000d
000d
000d
000d
000d
000d
000d
000d
000d
000d
000d
000d
000d
000d
000d
000d
000d
000d
000d
000d
000d
000d
000d
000d
000d
000d
000d
000d
000d
000d
000d
000d
000d
000d
000d
000d
000d
000d
000d
000d
000d
000d
000d
000d
000d
000d
000d
000d
000d
000d
000d
000d
000d
000d
000d
000d
000d
000d
000d
000d
000d
000d
000d
000d
000d
000d
000d
000d
000d
000d
000d
000d
000d
000d
000d
000d
000d
000d
000d
000d
000d
000d
000d
000d
000d
000d
000d
000d
000d
000d
000d
000d
000d
000d
000d
000d
000d
000d
000d
000d
000d
000d
000d
000d
000d
000d
000d
000e
000e
000e
000e
000e
000e
000e
000e
000e
000e
000e
000e
000e
000e
000e
000e
000e
000e
000e
000e
000e
000e
000e
000e
000e
000e
000e
000e
000e
000e
000e
000e
000e
000e
000e
000e
000e
000e
000e
000e
000e
000e
000e
000e
000e
000e
000e
000e
000e
000e
000e
000e
000e
000e
000e
000e
000e
000e
000e
000e
000e
000e
000e
000e
000e
000e
000e
000e
000e
000e
000e
000e
000e
000e
000e
000e
000e
000e
000e
000e
000e
000e
000e
000e
000e
000e
000e
000e
000e
000e
000e
000e
000e
000e
000e
000e
000e
000e
000e
000e
000e
000e
000e
000e
000e
000e
000e
000e
000e
000e
000e
000e
000e
000e
000e
000e
000e
000e
000e
000e
000e
000e
000e
000e
000e
000e
000e
000e
000e
000e
000e
000e
000e
000e
000e
000e
000e
000e
000e
000e
000e
000e
000e
000e
000e
000e
000e
000e
000e
000e
000e
000e
000e
000e
000e
000e
000e
000e
000e
000e
000e
000e
000e
000e
000e
000e
000e
000e
000e
000e
000e
000e
000e
000e
000e
000e
000e
000e
000e
000e
000e
000e
000e
000e
000e
000e
000e
000e
000e
000e
000e
000e
000e
000e
000e
000e
000e
000e
000e
000e
000e
000e
000e
000e
000e
000e
000e
000e
000e
000e
000e
000e
000e
000e
000e
000e
000e
000e
000e
000e
000e
000e
000e
000e
000e
000e
000e
000e
000e
000e
000e
000e
000e
000e
000e
000e
000e
000e
000e
000e
000e
000e
000e
000e
000e
000e
000e
000e
000e
000e
000e
000e
000e
000e
000e
000e
000f
000f
000f
000f
000f
000f
000f
000f
000f
000f
000f
000f
000f
000f
000f
000f
000f
000f
000f
000f
000f
000f
000f
000f
000f
000f
000f
000f
000f
000f
000f
000f
000f
000f
000f
000f
000f
000f
000f
000f
000f
000f
000f
000f
000f
000f
000f
000f
000f
000f
000f
000f
000f
000f
000f
000f
000f
000f
000f
000f
000f
000f
000f
000f
000f
000f
000f
000f
000f
000f
000f
000f
000f
000f
000f
000f
000f
000f
000f
000f
000f
000f
000f
000f
000f
000f
000f
000f
000f
000f
000f
000f
000f
000f
000f
000f
000f
000f
000f
000f
000f
000f
000f
000f
000f
000f
000f
000f
000f
000f
000f
000f
000f
000f
000f
000f
000f
000f
000f
000f
000f
000f
000f
000f
000f
000f
000f
000f
000f
000f
000f
000f
000f
000f
000f
000f
000f
000f
000f
000f
000f
000f
000f
000f
000f
000f
000f
000f
000f
000f
000f
000f
000f
000f
000f
000f
000f
000f
000f
000f
000f
000f
000f
000f
000f
000f
000f
000f
000f
000f
000f
000f
000f
000f
000f
000f
000f
000f
000f
000f
000f
000f
000f
000f
000f
000f
000f
000f
000f
000f
000f
000f
000f
000f
000f
000f
000f
000f
000f
000f
000f
000f
000f
000f
000f
000f
000f
000f
000f
000f
000f
000f
000f
000f
000f
000f
000f
000f
000f
000f
000f
000f
000f
000f
000f
000f
000f
000f
000f
000f
000f
000f
000f
000f
000f
000f
000f
000f
000f
000f
000f
000f
000f
000f
000f
000f
000f
000f
000f
000f
000f
000f
000f
000f
000f
000f
0010
0010
0010
0010
0010
0010
0010
0010
0010
0010
0010
0010
0010
0010
0010
0010
0010
0010
0010
0010
0010
0010
0010
0010
0010
0010
0010
0010
0010
0010
0010
0010
0010
0010
0010
0010
0010
0010
0010
0010
0010
0010
0010
0010
0010
0010
0010
0010
0010
0010
0010
0010
0010
0010
0010
0010
0010
0010
0010
0010
0010
0010
0010
0010
0010
0010
0010
0010
0010
0010
0010
0010
0010
0010
0010
0010
0010
0010
0010
0010
0010
0010
0010
0010
0010
0010
0010
0010
0010
0010
0010
0010
0010
0010
0010
0010
0010
0010
0010
0010
0010
0010
0010
0010
0010
0010
0010
0010
0010
0010
0010
0010
0010
0010
0010
0010
0010
0010
0010
0010
0010
0010
0010
0010
0010
0010
0010
0010
0010
0010
0010
0010
0010
0010
0010
0010
0010
0010
0010
0010
0010
0010
0010
0010
0010
0010
0010
0010
0010
0010
0010
0010
0010
0010
0010
0010
0010
0010
0010
0010
0010
0010
0010
0010
0010
0010
0010
0010
0010
0010
0010
0010
0010
0010
0010
0010
0010
0010
0010
0010
0010
0010
0010
0010
0010
0010
0010
0010
0010
0010
0010
0010
0010
0010
0010
0010
0010
0010
0010
0010
0010
0010
0010
0010
0010
0010
0010
0010
0010
0010
0010
0010
0010
0010
0010
0010
0010
0010
0010
0010
0010
0010
0010
0010
0010
0010
0010
0010
0010
0010
0010
0010
0010
0010
0010
0010
0010
0010
0010
0010
0010
0010
0010
0010
0010
0010
0010
0010
0010
0010
0010
0010
0010
0010
0010
0010
0011
0011
0011
0011
0011
0011
0011
0011
0011
0011
0011
0011
0011
0011
0011
0011
0011
0011
0011
0011
0011
0011
0011
0011
0011
0011
0011
0011
0011
0011
0011
0011
0011
0011
0011
0011
0011
0011
0011
0011
0011
0011
0011
0011
0011
0011
0011
0011
0011
0011
0011
0011
0011
0011
0011
0011
0011
0011
0011
0011
0011
0011
0011
0011
0011
0011
0011
0011
0011
0011
0011
0011
0011
0011
0011
0011
0011
0011
0011
0011
0011
0011
0011
0011
0011
0011
0011
0011
0011
0011
0011
0011
0011
0011
0011
0011
0011
0011
0011
0011
0011
0011
0011
0011
0011
0011
0011
0011
0011
0011
0011
0011
0011
0011
0011
0011
0011
0011
0011
0011
0011
0011
0011
0011
0011
0011
0011
0011
0011
0011
0011
0011
0011
0011
0011
0011
0011
0011
0011
0011
0011
0011
0011
0011
0011
0011
0011
0011
0011
0011
0011
0011
0011
0011
0011
0011
0011
0011
0011
0011
0011
0011
0011
0011
0011
0011
0011
0011
0011
0011
0011
0011
0011
0011
0011
0011
0011
0011
0011
0011
0011
0011
0011
0011
0011
0011
0011
0011
0011
0011
0011
0011
0011
0011
0011
0011
0011
0011
0011
0011
0011
0011
0011
0011
0011
0011
0011
0011
0011
0011
0011
0011
0011
0011
0011
0011
0011
0011
0011
0011
0011
0011
0011
0011
0011
0011
0011
0011
0011
0011
0011
0011
0011
0011
0011
0011
0011
0011
0011
0011
0011
0011
0011
0011
0011
0011
0011
0011
0011
0011
0011
0011
0011
0011
0011
0011
0012
0012
0012
0012
0012
0012
0012
0012
0012
0012
0012
0012
0012
0012
0012
0012
0012
0012
0012
0012
0012
0012
0012
0012
0012
0012
0012
0012
0012
0012
0012
0012
0012
0012
0012
0012
0012
0012
0012
0012
0012
0012
0012
0012
0012
0012
0012
0012
0012
0012
0012
0012
0012
0012
0012
0012
0012
0012
0012
0012
0012
0012
0012
0012
0012
0012
0012
0012
0012
0012
0012
0012
0012
0012
0012
0012
0012
0012
0012
0012
0012
0012
0012
0012
0012
0012
0012
0012
0012
0012
0012
0012
0012
0012
0012
0012
0012
0012
0012
0012
0012
0012
0012
0012
0012
0012
0012
0012
0012
0012
0012
0012
0012
0012
0012
0012
0012
0012
0012
0012
0012
0012
0012
0012
0012
0012
0012
0012
0012
0012
0012
0012
0012
0012
0012
0012
0012
0012
0012
0012
0012
0012
0012
0012
0012
0012
0012
0012
0012
0012
0012
0012
0012
0012
0012
0012
0012
0012
0012
0012
0012
0012
0012
0012
0012
0012
0012
0012
0012
0012
0012
0012
0012
0012
0012
0012
0012
0012
0012
0012
0012
0012
0012
0012
0012
0012
0012
0012
0012
0012
0012
0012
0012
0012
0012
0012
0012
0012
0012
0012
0012
0012
0012
0012
0012
0012
0012
0012
0012
0012
0012
0012
0012
0012
0012
0012
0012
0012
0012
0012
0012
0012
0012
0012
0012
0012
0012
0012
0012
0012
0012
0012
0012
0012
0012
0012
0012
0012
0012
0012
0012
0012
0012
0012
0012
0012
0012
0012
0012
0012
0012
0012
0012
0012
0012
0012
0013
0013
0013
0013
0013
0013
0013
0013
0013
0013
0013
0013
0013
0013
0013
0013
0013
0013
0013
0013
0013
0013
0013
0013
0013
0013
0013
0013
0013
0013
0013
0013
0013
0013
0013
0013
0013
0013
0013
0013
0013
0013
0013
0013
0013
0013
0013
0013
0013
0013
0013
0013
0013
0013
0013
0013
0013
0013
0013
0013
0013
0013
0013
0013
0013
0013
0013
0013
0013
0013
0013
0013
0013
0013
0013
0013
0013
0013
0013
0013
0013
0013
0013
0013
0013
0013
0013
0013
0013
0013
0013
0013
0013
0013
0013
0013
0013
0013
0013
0013
0013
0013
0013
0013
0013
0013
0013
0013
0013
0013
0013
0013
0013
0013
0013
0013
0013
0013
0013
0013
0013
0013
0013
0013
0013
0013
0013
0013
0014
0014
0014
0014
0014
0014
0014
0014
0014
0014
0014
0014
0014
0014
0014
0014
0014
0014
0014
0014
0014
0014
0014
0014
0014
0014
0014
0014
0014
0014
0014
0014
0014
0014
0014
0014
0014
0014
0014
0014
0014
0014
0014
0014
0014
0014
0014
0014
0014
0014
0014
0014
0014
0014
0014
0014
0014
0014
0014
0014
0014
0014
0014
0014
0014
0014
0014
0014
0014
0014
0014
0014
0014
0014
0014
0014
0014
0014
0014
0014
0014
0014
0014
0014
0014
0014
0014
0014
0014
0014
0014
0014
0014
0014
0014
0014
0014
0014
0014
0014
0014
0014
0014
0014
0014
0014
0014
0014
0014
0014
0014
0014
0014
0014
0014
0014
0014
0014
0014
0014
0014
0014
0014
0014
0014
0014
0014
0014
0014
0014
0014
0014
0014
0014
0014
0014
0014
0014
0014
0014
0014
0014
0014
0014
0014
0014
0014
0014
0014
0014
0014
0014
0014
0014
0014
0014
0014
0014
0014
0014
0014
0014
0014
0014
0014
0014
0014
0014
0014
0014
0014
0014
0014
0014
0014
0014
0014
0014
0014
0014
0014
0014
0014
0014
0014
0014
0014
0014
0014
0014
0014
0014
0014
0014
0014
0014
0014
0014
0014
0014
0014
0014
0014
0014
0014
0014
0014
0014
0014
0014
0014
0014
0014
0014
0014
0014
0014
0014
0014
0014
0014
0014
0014
0014
0014
0014
0014
0014
0014
0014
0014
0014
0014
0014
0014
0014
0014
0014
0014
0014
0014
0014
0014
0014
0014
0014
0014
0014
0014
0014
0014
0014
0014
0014
0014
0014
0015
0015
0015
0015
0015
0015
0015
0015
0015
0015
0015
0015
0015
0015
0015
0015
0015
0015
0015
0015
0015
0015
0015
0015
0015
0015
0015
0015
0015
0015
0015
0015
0015
0015
0015
0015
0015
0015
0015
0015
0015
0015
0015
0015
0015
0015
0015
0015
0015
0015
0015
0015
0015
0015
0015
0015
0015
0015
0015
0015
0015
0015
0015
0015
0015
0015
0015
0015
0015
0015
0015
0015
0015
0015
0015
0015
0015
0015
0015
0015
0015
0015
0015
0015
0015
0015
0015
0015
0015
0015
0015
0015
0015
0015
0015
0015
0015
0015
0015
0015
0015
0015
0015
0015
0015
0015
0015
0015
0015
0015
0015
0015
0015
0015
0015
0015
0015
0015
0015
0015
0015
0015
0015
0015
0015
0015
0015
0015
0015
0015
0015
0015
0015
0015
0015
0015
0015
0015
0015
0015
0015
0015
0015
0015
0015
0015
0015
0015
0015
0015
0015
0015
0015
0015
0015
0015
0015
0015
0015
0015
0015
0015
0015
0015
0015
0015
0015
0015
0015
0015
0015
0015
0015
0015
0015
0015
0015
0015
0015
0015
0015
0015
0015
0015
0015
0015
0015
0015
0015
0015
0015
0015
0015
0015
0015
0015
0015
0015
0015
0015
0015
0015
0015
0015
0015
0015
0015
0015
0015
0015
0015
0015
0015
0015
0015
0015
0015
0015
0015
0015
0015
0015
0015
0015
0015
0015
0015
0015
0015
0015
0015
0015
0015
0015
0015
0015
0015
0015
0015
0015
0015
0015
0015
0015
0015
0015
0015
0015
0015
0015
0015
0015
0015
0015
0015
0015
0016
0016
0016
0016
0016
0016
0016
0016
0016
0016
0016
0016
0016
0016
0016
0016
0016
0016
0016
0016
0016
0016
0016
0016
0016
0016
0016
0016
0016
0016
0016
0016
0016
0016
0016
0016
0016
0016
0016
0016
0016
0016
0016
0016
0016
0016
0016
0016
0016
0016
0016
0016
0016
0016
0016
0016
0016
0016
0016
0016
0016
0016
0016
0016
0016
0016
0016
0016
0016
0016
0016
0016
0016
0016
0016
0016
0016
0016
0016
0016
0016
0016
0016
0016
0016
0016
0016
0016
0016
0016
0016
0016
0016
0016
0016
0016
0016
0016
0016
0016
0016
0016
0016
0016
0016
0016
0016
0016
0016
0016
0016
0016
0016
0016
0016
0016
0016
0016
0016
0016
0016
0016
0016
0016
0016
0016
0016
0016
0017
0017
0017
0017
0017
0017
0017
0017
0017
0017
0017
0017
0017
0017
0017
0017
0017
0017
0017
0017
0017
0017
0017
0017
0017
0017
0017
0017
0017
0017
0017
0017
0017
0017
0017
0017
0017
0017
0017
0017
0017
0017
0017
0017
0017
0017
0017
0017
0017
0017
0017
0017
0017
0017
0017
0017
0017
0017
0017
0017
0017
0017
0017
0017
0017
0017
0017
0017
0017
0017
0017
0017
0017
0017
0017
0017
0017
0017
0017
0017
0017
0017
0017
0017
0017
0017
0017
0017
0017
0017
0017
0017
0017
0017
0017
0017
0017
0017
0017
0017
0017
0017
0017
0017
0017
0017
0017
0017
0017
0017
0017
0017
0017
0017
0017
0017
0017
0017
0017
0017
0017
0017
0017
0017
0017
0017
0017
0017
0018
0018
0018
0018
0018
0018
0018
0018
0018
0018
0018
0018
0018
0018
0018
0018
0018
0018
0018
0018
0018
0018
0018
0018
0018
0018
0018
0018
0018
0018
0018
0018
0018
0018
0018
0018
0018
0018
0018
0018
0018
0018
0018
0018
0018
0018
0018
0018
0018
0018
0018
0018
0018
0018
0018
0018
0018
0018
0018
0018
0018
0018
0018
0018
0018
0018
0018
0018
0018
0018
0018
0018
0018
0018
0018
0018
0018
0018
0018
0018
0018
0018
0018
0018
0018
0018
0018
0018
0018
0018
0018
0018
0018
0018
0018
0018
0018
0018
0018
0018
0018
0018
0018
0018
0018
0018
0018
0018
0018
0018
0018
0018
0018
0018
0018
0018
0018
0018
0018
0018
0018
0018
0018
0018
0018
0018
0018
0018
0018
0018
0018
0018
0018
0018
0018
0018
0018
0018
0018
0018
0018
0018
0018
0018
0018
0018
0018
0018
0018
0018
0018
0018
0018
0018
0018
0018
0018
0018
0018
0018
0018
0018
0018
0018
0018
0018
0018
0018
0018
0018
0018
0018
0018
0018
0018
0018
0018
0018
0018
0018
0018
0018
0018
0018
0018
0018
0018
0018
0018
0018
0018
0018
0018
0018
0018
0018
0018
0018
0018
0018
0018
0018
0018
0018
0018
0018
0018
0018
0018
0018
0018
0018
0018
0018
0018
0018
0018
0018
0018
0018
0018
0018
0018
0018
0018
0018
0018
0018
0018
0018
0018
0018
0018
0018
0018
0018
0018
0018
0018
0018
0018
0018
0018
0018
0018
0018
0018
0018
0018
0018
0018
0018
0018
0018
0018
0018
0019
0019
0019
0019
0019
0019
0019
0019
0019
0019
0019
0019
0019
0019
0019
0019
0019
0019
0019
0019
0019
0019
0019
0019
0019
0019
0019
0019
0019
0019
0019
0019
0019
0019
0019
0019
0019
0019
0019
0019
0019
0019
0019
0019
0019
0019
0019
0019
0019
0019
0019
0019
0019
0019
0019
0019
0019
0019
0019
0019
0019
0019
0019
0019
0019
0019
0019
0019
0019
0019
0019
0019
0019
0019
0019
0019
0019
0019
0019
0019
0019
0019
0019
0019
0019
0019
0019
0019
0019
0019
0019
0019
0019
0019
0019
0019
0019
0019
0019
0019
0019
0019
0019
0019
0019
0019
0019
0019
0019
0019
0019
0019
0019
0019
0019
0019
0019
0019
0019
0019
0019
0019
0019
0019
0019
0019
0019
0019
001a
001a
001a
001a
001a
001a
001a
001a
001a
001a
001a
001a
001a
001a
001a
001a
001a
001a
001a
001a
001a
001a
001a
001a
001a
001a
001a
001a
001a
001a
001a
001a
001a
001a
001a
001a
001a
001a
001a
001a
001a
001a
001a
001a
001a
001a
001a
001a
001a
001a
001a
001a
001a
001a
001a
001a
001a
001a
001a
001a
001a
001a
001a
001a
001a
001a
001a
001a
001a
001a
001a
001a
001a
001a
001a
001a
001a
001a
001a
001a
001a
001a
001a
001a
001a
001a
001a
001a
001a
001a
001a
001a
001a
001a
001a
001a
001a
001a
001a
001a
001a
001a
001a
001a
001a
001a
001a
001a
001a
001a
001a
001a
001a
001a
001a
001a
001a
001a
001a
001a
001a
001a
001a
001a
001a
001a
001a
001a
001b
001b
001b
001b
001b
001b
001b
001b
001b
001b
001b
001b
001b
001b
001b
001b
001b
001b
001b
001b
001b
001b
001b
001b
001b
001b
001b
001b
001b
001b
001b
001b
001b
001b
001b
001b
001b
001b
001b
001b
001b
001b
001b
001b
001b
001b
001b
001b
001b
001b
001b
001b
001b
001b
001b
001b
001b
001b
001b
001b
001b
001b
001b
001b
001b
001b
001b
001b
001b
001b
001b
001b
001b
001b
001b
001b
001b
001b
001b
001b
001b
001b
001b
001b
001b
001b
001b
001b
001b
001b
001b
001b
001b
001b
001b
001b
001b
001b
001b
001b
001b
001b
001b
001b
001b
001b
001b
001b
001b
001b
001b
001b
001b
001b
001b
001b
001b
001b
001b
001b
001b
001b
001b
001b
001b
001b
001b
001b
001c
001c
001c
001c
001c
001c
001c
001c
001c
001c
001c
001c
001c
001c
001c
001c
001c
001c
001c
001c
001c
001c
001c
001c
001c
001c
001c
001c
001c
001c
001c
001c
001c
001c
001c
001c
001c
001c
001c
001c
001c
001c
001c
001c
001c
001c
001c
001c
001c
001c
001c
001c
001c
001c
001c
001c
001c
001c
001c
001c
001c
001c
001c
001c
001c
001c
001c
001c
001c
001c
001c
001c
001c
001c
001c
001c
001c
001c
001c
001c
001c
001c
001c
001c
001c
001c
001c
001c
001c
001c
001c
001c
001c
001c
001c
001c
001c
001c
001c
001c
001c
001c
001c
001c
001c
001c
001c
001c
001c
001c
001c
001c
001c
001c
001c
001c
001c
001c
001c
001c
001c
001c
001c
001c
001c
001c
001c
001c
001c
001c
001c
001c
001c
001c
001c
001c
001c
001c
001c
001c
001c
001c
001c
001c
001c
001c
001c
001c
001c
001c
001c
001c
001c
001c
001c
001c
001c
001c
001c
001c
001c
001c
001c
001c
001c
001c
001c
001c
001c
001c
001c
001c
001c
001c
001c
001c
001c
001c
001c
001c
001c
001c
001c
001c
001c
001c
001c
001c
001c
001c
001c
001c
001c
001c
001c
001c
001c
001c
001c
001c
001c
001c
001c
001c
001c
001c
001c
001c
001c
001c
001c
001c
001c
001c
001c
001c
001c
001c
001c
001c
001c
001c
001c
001c
001c
001c
001c
001c
001c
001c
001c
001c
001c
001c
001c
001c
001c
001c
001c
001c
001c
001c
001c
001c
001c
001c
001c
001c
001c
001c
001c
001c
001c
001c
001c
001c
001d
001d
001d
001d
001d
001d
001d
001d
001d
001d
001d
001d
001d
001d
001d
001d
001d
001d
001d
001d
001d
001d
001d
001d
001d
001d
001d
001d
001d
001d
001d
001d
001d
001d
001d
001d
001d
001d
001d
001d
001d
001d
001d
001d
001d
001d
001d
001d
001d
001d
001d
001d
001d
001d
001d
001d
001d
001d
001d
001d
001d
001d
001d
001d
001d
001d
001d
001d
001d
001d
001d
001d
001d
001d
001d
001d
001d
001d
001d
001d
001d
001d
001d
001d
001d
001d
001d
001d
001d
001d
001d
001d
001d
001d
001d
001d
001d
001d
001d
001d
001d
001d
001d
001d
001d
001d
001d
001d
001d
001d
001d
001d
001d
001d
001d
001d
001d
001d
001d
001d
001d
001d
001d
001d
001d
001d
001d
001d
001e
001e
001e
001e
001e
001e
001e
001e
001e
001e
001e
001e
001e
001e
001e
001e
001e
001e
001e
001e
001e
001e
001e
001e
001e
001e
001e
001e
001e
001e
001e
001e
001e
001e
001e
001e
001e
001e
001e
001e
001e
001e
001e
001e
001e
001e
001e
001e
001e
001e
001e
001e
001e
001e
001e
001e
001e
001e
001e
001e
001e
001e
001e
001e
001e
001e
001e
001e
001e
001e
001e
001e
001e
001e
001e
001e
001e
001e
001e
001e
001e
001e
001e
001e
001e
001e
001e
001e
001e
001e
001e
001e
001e
001e
001e
001e
001e
001e
001e
001e
001e
001e
001e
001e
001e
001e
001e
001e
001e
001e
001e
001e
001e
001e
001e
001e
001e
001e
001e
001e
001e
001e
001e
001e
001e
001e
001e
001e
001f
001f
001f
001f
001f
001f
001f
001f
001f
001f
001f
001f
001f
001f
001f
001f
001f
001f
001f
001f
001f
001f
001f
001f
001f
001f
001f
001f
001f
001f
001f
001f
001f
001f
001f
001f
001f
001f
001f
001f
001f
001f
001f
001f
001f
001f
001f
001f
001f
001f
001f
001f
001f
001f
001f
001f
001f
001f
001f
001f
001f
001f
001f
001f
001f
001f
001f
001f
001f
001f
001f
001f
001f
001f
001f
001f
001f
001f
001f
001f
001f
001f
001f
001f
001f
001f
001f
001f
001f
001f
001f
001f
001f
001f
001f
001f
001f
001f
001f
001f
001f
001f
001f
001f
001f
001f
001f
001f
001f
001f
001f
001f
001f
001f
001f
001f
001f
001f
001f
001f
001f
001f
001f
001f
001f
001f
001f
001f
0020
0020
0020
0020
0020
0020
0020
0020
0020
0020
0020
0020
0020
0020
0020
0020
0020
0020
0020
0020
0020
0020
0020
0020
0020
0020
0020
0020
0020
0020
0020
0020
0020
0020
0020
0020
0020
0020
0020
0020
0020
0020
0020
0020
0020
0020
0020
0020
0020
0020
0020
0020
0020
0020
0020
0020
0020
0020
0020
0020
0020
0020
0020
0020
0020
0020
0020
0020
0020
0020
0020
0020
0020
0020
0020
0020
0020
0020
0020
0020
0020
0020
0020
0020
0020
0020
0020
0020
0020
0020
0020
0020
0020
0020
0020
0020
0020
0020
0020
0020
0020
0020
0020
0020
0020
0020
0020
0020
0020
0020
0020
0020
0020
0020
0020
0020
0020
0020
0020
0020
0020
0020
0020
0020
0020
0020
0020
0020
0021
0021
0021
0021
0021
0021
0021
0021
0021
0021
0021
0021
0021
0021
0021
0021
0021
0021
0021
0021
0021
0021
0021
0021
0021
0021
0021
0021
0021
0021
0021
0021
0021
0021
0021
0021
0021
0021
0021
0021
0021
0021
0021
0021
0021
0021
0021
0021
0021
0021
0021
0021
0021
0021
0021
0021
0021
0021
0021
0021
0021
0021
0021
0021
0021
0021
0021
0021
0021
0021
0021
0021
0021
0021
0021
0021
0021
0021
0021
0021
0021
0021
0021
0021
0021
0021
0021
0021
0021
0021
0021
0021
0021
0021
0021
0021
0021
0021
0021
0021
0021
0021
0021
0021
0021
0021
0021
0021
0021
0021
0021
0021
0021
0021
0021
0021
0021
0021
0021
0021
0021
0021
0021
0021
0021
0021
0021
0021
0022
0022
0022
0022
0022
0022
0022
0022
0022
0022
0022
0022
0022
0022
0022
0022
0022
0022
0022
0022
0022
0022
0022
0022
0022
0022
0022
0022
0022
0022
0022
0022
0022
0022
0022
0022
0022
0022
0022
0022
0022
0022
0022
0022
0022
0022
0022
0022
0022
0022
0022
0022
0022
0022
0022
0022
0022
0022
0022
0022
0022
0022
0022
0022
0022
0022
0022
0022
0022
0022
0022
0022
0022
0022
0022
0022
0022
0022
0022
0022
0022
0022
0022
0022
0022
0022
0022
0022
0022
0022
0022
0022
0022
0022
0022
0022
0022
0022
0022
0022
0022
0022
0022
0022
0022
0022
0022
0022
0022
0022
0022
0022
0022
0022
0022
0022
0022
0022
0022
0022
0022
0022
0022
0022
0022
0022
0022
0022
0023
0023
0023
0023
0023
0023
0023
0023
0023
0023
0023
0023
0023
0023
0023
0023
0023
0023
0023
0023
0023
0023
0023
0023
0023
0023
0023
0023
0023
0023
0023
0023
0023
0023
0023
0023
0023
0023
0023
0023
0023
0023
0023
0023
0023
0023
0023
0023
0023
0023
0023
0023
0023
0023
0023
0023
0023
0023
0023
0023
0023
0023
0023
0023
0023
0023
0023
0023
0023
0023
0023
0023
0023
0023
0023
0023
0023
0023
0023
0023
0023
0023
0023
0023
0023
0023
0023
0023
0023
0023
0023
0023
0023
0023
0023
0023
0024
0024
0024
0024
0024
0024
0024
0024
0024
0024
0024
0024
0024
0024
0024
0024
0024
0024
0024
0024
0024
0024
0024
0024
0024
0024
0024
0024
0024
0024
0024
0024
0024
0024
0024
0024
0024
0024
0024
0024
0024
0024
0024
0024
0024
0024
0024
0024
0024
0024
0024
0024
0024
0024
0024
0024
0024
0024
0024
0024
0024
0024
0024
0024
0025
0025
0025
0025
0025
0025
0025
0025
0025
0025
0025
0025
0025
0025
0025
0025
0025
0025
0025
0025
0025
0025
0025
0025
0025
0025
0025
0025
0025
0025
0025
0025
0025
0025
0025
0025
0025
0025
0025
0025
0025
0025
0025
0025
0025
0025
0025
0025
0025
0025
0025
0025
0025
0025
0025
0025
0025
0025
0025
0025
0025
0025
0025
0025
0025
0025
0025
0025
0025
0025
0025
0025
0025
0025
0025
0025
0025
0025
0025
0025
0025
0025
0025
0025
0025
0025
0025
0025
0025
0025
0025
0025
0025
0025
0025
0025
0026
0026
0026
0026
0026
0026
0026
0026
0026
0026
0026
0026
0026
0026
0026
0026
0026
0026
0026
0026
0026
0026
0026
0026
0026
0026
0026
0026
0026
0026
0026
0026
0026
0026
0026
0026
0026
0026
0026
0026
0026
0026
0026
0026
0026
0026
0026
0026
0026
0026
0026
0026
0026
0026
0026
0026
0026
0026
0026
0026
0026
0026
0026
0026
0026
0026
0026
0026
0026
0026
0026
0026
0026
0026
0026
0026
0026
0026
0026
0026
0026
0026
0026
0026
0026
0026
0026
0026
0026
0026
0026
0026
0026
0026
0026
0026
0026
0026
0026
0026
0026
0026
0026
0026
0026
0026
0026
0026
0026
0026
0026
0026
0026
0026
0026
0026
0026
0026
0026
0026
0026
0026
0026
0026
0026
0026
0026
0026
0027
0027
0027
0027
0027
0027
0027
0027
0027
0027
0027
0027
0027
0027
0027
0027
0027
0027
0027
0027
0027
0027
0027
0027
0027
0027
0027
0027
0027
0027
0027
0027
0027
0027
0027
0027
0027
0027
0027
0027
0027
0027
0027
0027
0027
0027
0027
0027
0027
0027
0027
0027
0027
0027
0027
0027
0027
0027
0027
0027
0027
0027
0027
0027
0027
0027
0027
0027
0027
0027
0027
0027
0027
0027
0027
0027
0027
0027
0027
0027
0027
0027
0027
0027
0027
0027
0027
0027
0027
0027
0027
0027
0027
0027
0027
0027
0027
0027
0027
0027
0027
0027
0027
0027
0027
0027
0027
0027
0027
0027
0027
0027
0027
0027
0027
0027
0027
0027
0027
0027
0027
0027
0027
0027
0027
0027
0027
0027
0028
0028
0028
0028
0028
0028
0028
0028
0028
0028
0028
0028
0028
0028
0028
0028
0028
0028
0028
0028
0028
0028
0028
0028
0028
0028
0028
0028
0028
0028
0028
0028
0028
0028
0028
0028
0028
0028
0028
0028
0028
0028
0028
0028
0028
0028
0028
0028
0028
0028
0028
0028
0028
0028
0028
0028
0028
0028
0028
0028
0028
0028
0028
0028
0028
0028
0028
0028
0028
0028
0028
0028
0028
0028
0028
0028
0028
0028
0028
0028
0028
0028
0028
0028
0028
0028
0028
0028
0028
0028
0028
0028
0028
0028
0028
0028
0028
0028
0028
0028
0028
0028
0028
0028
0028
0028
0028
0028
0028
0028
0028
0028
0028
0028
0028
0028
0028
0028
0028
0028
0028
0028
0028
0028
0028
0028
0028
0028
0029
0029
0029
0029
0029
0029
0029
0029
0029
0029
0029
0029
0029
0029
0029
0029
0029
0029
0029
0029
0029
0029
0029
0029
0029
0029
0029
0029
0029
0029
0029
0029
0029
0029
0029
0029
0029
0029
0029
0029
0029
0029
0029
0029
0029
0029
0029
0029
0029
0029
0029
0029
0029
0029
0029
0029
0029
0029
0029
0029
0029
0029
0029
0029
0029
0029
0029
0029
0029
0029
0029
0029
0029
0029
0029
0029
0029
0029
0029
0029
0029
0029
0029
0029
0029
0029
0029
0029
0029
0029
0029
0029
0029
0029
0029
0029
002a
002a
002a
002a
002a
002a
002a
002a
002a
002a
002a
002a
002a
002a
002a
002a
002a
002a
002a
002a
002a
002a
002a
002a
002a
002a
002a
002a
002a
002a
002a
002a
002a
002a
002a
002a
002a
002a
002a
002a
002a
002a
002a
002a
002a
002a
002a
002a
002a
002a
002a
002a
002a
002a
002a
002a
002a
002a
002a
002a
002a
002a
002a
002a
002b
002b
002b
002b
002b
002b
002b
002b
002b
002b
002b
002b
002b
002b
002b
002b
002b
002b
002b
002b
002b
002b
002b
002b
002b
002b
002b
002b
002b
002b
002b
002b
002b
002b
002b
002b
002b
002b
002b
002b
002b
002b
002b
002b
002b
002b
002b
002b
002b
002b
002b
002b
002b
002b
002b
002b
002b
002b
002b
002b
002b
002b
002b
002b
002b
002b
002b
002b
002b
002b
002b
002b
002b
002b
002b
002b
002b
002b
002b
002b
002b
002b
002b
002b
002b
002b
002b
002b
002b
002b
002b
002b
002b
002b
002b
002b
002c
002c
002c
002c
002c
002c
002c
002c
002c
002c
002c
002c
002c
002c
002c
002c
002c
002c
002c
002c
002c
002c
002c
002c
002c
002c
002c
002c
002c
002c
002c
002c
002c
002c
002c
002c
002c
002c
002c
002c
002c
002c
002c
002c
002c
002c
002c
002c
002c
002c
002c
002c
002c
002c
002c
002c
002c
002c
002c
002c
002c
002c
002c
002c
002c
002c
002c
002c
002c
002c
002c
002c
002c
002c
002c
002c
002c
002c
002c
002c
002c
002c
002c
002c
002c
002c
002c
002c
002c
002c
002c
002c
002c
002c
002c
002c
002d
002d
002d
002d
002d
002d
002d
002d
002d
002d
002d
002d
002d
002d
002d
002d
002d
002d
002d
002d
002d
002d
002d
002d
002d
002d
002d
002d
002d
002d
002d
002d
002d
002d
002d
002d
002d
002d
002d
002d
002d
002d
002d
002d
002d
002d
002d
002d
002d
002d
002d
002d
002d
002d
002d
002d
002d
002d
002d
002d
002d
002d
002d
002d
002e
002e
002e
002e
002e
002e
002e
002e
002e
002e
002e
002e
002e
002e
002e
002e
002e
002e
002e
002e
002e
002e
002e
002e
002e
002e
002e
002e
002e
002e
002e
002e
002e
002e
002e
002e
002e
002e
002e
002e
002e
002e
002e
002e
002e
002e
002e
002e
002e
002e
002e
002e
002e
002e
002e
002e
002e
002e
002e
002e
002e
002e
002e
002e
002e
002e
002e
002e
002e
002e
002e
002e
002e
002e
002e
002e
002e
002e
002e
002e
002e
002e
002e
002e
002e
002e
002e
002e
002e
002e
002e
002e
002e
002e
002e
002e
002f
002f
002f
002f
002f
002f
002f
002f
002f
002f
002f
002f
002f
002f
002f
002f
002f
002f
002f
002f
002f
002f
002f
002f
002f
002f
002f
002f
002f
002f
002f
002f
002f
002f
002f
002f
002f
002f
002f
002f
002f
002f
002f
002f
002f
002f
002f
002f
002f
002f
002f
002f
002f
002f
002f
002f
002f
002f
002f
002f
002f
002f
002f
002f
002f
002f
002f
002f
002f
002f
002f
002f
002f
002f
002f
002f
002f
002f
002f
002f
002f
002f
002f
002f
002f
002f
002f
002f
002f
002f
002f
002f
002f
002f
002f
002f
002f
002f
002f
002f
002f
002f
002f
002f
002f
002f
002f
002f
002f
002f
002f
002f
002f
002f
002f
002f
002f
002f
002f
002f
002f
002f
002f
002f
002f
002f
002f
002f
0030
0030
0030
0030
0030
0030
0030
0030
0030
0030
0030
0030
0030
0030
0030
0030
0030
0030
0030
0030
0030
0030
0030
0030
0030
0030
0030
0030
0030
0030
0030
0030
0030
0030
0030
0030
0030
0030
0030
0030
0030
0030
0030
0030
0030
0030
0030
0030
0030
0030
0030
0030
0030
0030
0030
0030
0030
0030
0030
0030
0030
0030
0030
0030
0030
0030
0030
0030
0030
0030
0030
0030
0030
0030
0030
0030
0030
0030
0030
0030
0030
0030
0030
0030
0030
0030
0030
0030
0030
0030
0030
0030
0030
0030
0030
0030
0031
0031
0031
0031
0031
0031
0031
0031
0031
0031
0031
0031
0031
0031
0031
0031
0031
0031
0031
0031
0031
0031
0031
0031
0031
0031
0031
0031
0031
0031
0031
0031
0031
0031
0031
0031
0031
0031
0031
0031
0031
0031
0031
0031
0031
0031
0031
0031
0031
0031
0031
0031
0031
0031
0031
0031
0031
0031
0031
0031
0031
0031
0031
0031
0032
0032
0032
0032
0032
0032
0032
0032
0032
0032
0032
0032
0032
0032
0032
0032
0032
0032
0032
0032
0032
0032
0032
0032
0032
0032
0032
0032
0032
0032
0032
0032
0032
0032
0032
0032
0032
0032
0032
0032
0032
0032
0032
0032
0032
0032
0032
0032
0032
0032
0032
0032
0032
0032
0032
0032
0032
0032
0032
0032
0032
0032
0032
0032
0033
0033
0033
0033
0033
0033
0033
0033
0033
0033
0033
0033
0033
0033
0033
0033
0033
0033
0033
0033
0033
0033
0033
0033
0033
0033
0033
0033
0033
0033
0033
0033
0033
0033
0033
0033
0033
0033
0033
0033
0033
0033
0033
0033
0033
0033
0033
0033
0033
0033
0033
0033
0033
0033
0033
0033
0033
0033
0033
0033
0033
0033
0033
0033
0034
0034
0034
0034
0034
0034
0034
0034
0034
0034
0034
0034
0034
0034
0034
0034
0034
0034
0034
0034
0034
0034
0034
0034
0034
0034
0034
0034
0034
0034
0034
0034
0034
0034
0034
0034
0034
0034
0034
0034
0034
0034
0034
0034
0034
0034
0034
0034
0034
0034
0034
0034
0034
0034
0034
0034
0034
0034
0034
0034
0034
0034
0034
0034
0034
0034
0034
0034
0034
0034
0034
0034
0034
0034
0034
0034
0034
0034
0034
0034
0034
0034
0034
0034
0034
0034
0034
0034
0034
0034
0034
0034
0034
0034
0034
0034
0035
0035
0035
0035
0035
0035
0035
0035
0035
0035
0035
0035
0035
0035
0035
0035
0035
0035
0035
0035
0035
0035
0035
0035
0035
0035
0035
0035
0035
0035
0035
0035
0035
0035
0035
0035
0035
0035
0035
0035
0035
0035
0035
0035
0035
0035
0035
0035
0035
0035
0035
0035
0035
0035
0035
0035
0035
0035
0035
0035
0035
0035
0035
0035
0035
0035
0035
0035
0035
0035
0035
0035
0035
0035
0035
0035
0035
0035
0035
0035
0035
0035
0035
0035
0035
0035
0035
0035
0035
0035
0035
0035
0035
0035
0035
0035
0036
0036
0036
0036
0036
0036
0036
0036
0036
0036
0036
0036
0036
0036
0036
0036
0036
0036
0036
0036
0036
0036
0036
0036
0036
0036
0036
0036
0036
0036
0036
0036
0036
0036
0036
0036
0036
0036
0036
0036
0036
0036
0036
0036
0036
0036
0036
0036
0036
0036
0036
0036
0036
0036
0036
0036
0036
0036
0036
0036
0036
0036
0036
0036
0037
0037
0037
0037
0037
0037
0037
0037
0037
0037
0037
0037
0037
0037
0037
0037
0037
0037
0037
0037
0037
0037
0037
0037
0037
0037
0037
0037
0037
0037
0037
0037
0037
0037
0037
0037
0037
0037
0037
0037
0037
0037
0037
0037
0037
0037
0037
0037
0037
0037
0037
0037
0037
0037
0037
0037
0037
0037
0037
0037
0037
0037
0037
0037
0038
0038
0038
0038
0038
0038
0038
0038
0038
0038
0038
0038
0038
0038
0038
0038
0038
0038
0038
0038
0038
0038
0038
0038
0038
0038
0038
0038
0038
0038
0038
0038
0038
0038
0038
0038
0038
0038
0038
0038
0038
0038
0038
0038
0038
0038
0038
0038
0038
0038
0038
0038
0038
0038
0038
0038
0038
0038
0038
0038
0038
0038
0038
0038
0039
0039
0039
0039
0039
0039
0039
0039
0039
0039
0039
0039
0039
0039
0039
0039
0039
0039
0039
0039
0039
0039
0039
0039
0039
0039
0039
0039
0039
0039
0039
0039
0039
0039
0039
0039
0039
0039
0039
0039
0039
0039
0039
0039
0039
0039
0039
0039
0039
0039
0039
0039
0039
0039
0039
0039
0039
0039
0039
0039
0039
0039
0039
0039
0039
0039
0039
0039
0039
0039
0039
0039
0039
0039
0039
0039
0039
0039
0039
0039
0039
0039
0039
0039
0039
0039
0039
0039
0039
0039
0039
0039
0039
0039
0039
0039
003a
003a
003a
003a
003a
003a
003a
003a
003a
003a
003a
003a
003a
003a
003a
003a
003a
003a
003a
003a
003a
003a
003a
003a
003a
003a
003a
003a
003a
003a
003a
003a
003a
003a
003a
003a
003a
003a
003a
003a
003a
003a
003a
003a
003a
003a
003a
003a
003a
003a
003a
003a
003a
003a
003a
003a
003a
003a
003a
003a
003a
003a
003a
003a
003a
003a
003a
003a
003a
003a
003a
003a
003a
003a
003a
003a
003a
003a
003a
003a
003a
003a
003a
003a
003a
003a
003a
003a
003a
003a
003a
003a
003a
003a
003a
003a
003b
003b
003b
003b
003b
003b
003b
003b
003b
003b
003b
003b
003b
003b
003b
003b
003b
003b
003b
003b
003b
003b
003b
003b
003b
003b
003b
003b
003b
003b
003b
003b
003b
003b
003b
003b
003b
003b
003b
003b
003b
003b
003b
003b
003b
003b
003b
003b
003b
003b
003b
003b
003b
003b
003b
003b
003b
003b
003b
003b
003b
003b
003b
003b
003c
003c
003c
003c
003c
003c
003c
003c
003c
003c
003c
003c
003c
003c
003c
003c
003c
003c
003c
003c
003c
003c
003c
003c
003c
003c
003c
003c
003c
003c
003c
003c
003c
003c
003c
003c
003c
003c
003c
003c
003c
003c
003c
003c
003c
003c
003c
003c
003c
003c
003c
003c
003c
003c
003c
003c
003c
003c
003c
003c
003c
003c
003c
003c
003d
003d
003d
003d
003d
003d
003d
003d
003d
003d
003d
003d
003d
003d
003d
003d
003d
003d
003d
003d
003d
003d
003d
003d
003d
003d
003d
003d
003d
003d
003d
003d
003d
003d
003d
003d
003d
003d
003d
003d
003d
003d
003d
003d
003d
003d
003d
003d
003d
003d
003d
003d
003d
003d
003d
003d
003d
003d
003d
003d
003d
003d
003d
003d
003e
003e
003e
003e
003e
003e
003e
003e
003e
003e
003e
003e
003e
003e
003e
003e
003e
003e
003e
003e
003e
003e
003e
003e
003e
003e
003e
003e
003e
003e
003e
003e
003e
003e
003e
003e
003e
003e
003e
003e
003e
003e
003e
003e
003e
003e
003e
003e
003e
003e
003e
003e
003e
003e
003e
003e
003e
003e
003e
003e
003e
003e
003e
003e
003f
003f
003f
003f
003f
003f
003f
003f
003f
003f
003f
003f
003f
003f
003f
003f
003f
003f
003f
003f
003f
003f
003f
003f
003f
003f
003f
003f
003f
003f
003f
003f
003f
003f
003f
003f
003f
003f
003f
003f
003f
003f
003f
003f
003f
003f
003f
003f
003f
003f
003f
003f
003f
003f
003f
003f
003f
003f
003f
003f
003f
003f
003f
003f
0040
0040
0040
0040
0040
0040
0040
0040
0040
0040
0040
0040
0040
0040
0040
0040
0040
0040
0040
0040
0040
0040
0040
0040
0040
0040
0040
0040
0040
0040
0040
0040
0040
0040
0040
0040
0040
0040
0040
0040
0040
0040
0040
0040
0040
0040
0040
0040
0040
0040
0040
0040
0040
0040
0040
0040
0040
0040
0040
0040
0040
0040
0040
0040
0041
0041
0041
0041
0041
0041
0041
0041
0041
0041
0041
0041
0041
0041
0041
0041
0041
0041
0041
0041
0041
0041
0041
0041
0041
0041
0041
0041
0041
0041
0041
0041
0041
0041
0041
0041
0041
0041
0041
0041
0041
0041
0041
0041
0041
0041
0041
0041
0041
0041
0041
0041
0041
0041
0041
0041
0041
0041
0041
0041
0041
0041
0041
0041
0042
0042
0042
0042
0042
0042
0042
0042
0042
0042
0042
0042
0042
0042
0042
0042
0042
0042
0042
0042
0042
0042
0042
0042
0042
0042
0042
0042
0042
0042
0042
0042
0042
0042
0042
0042
0042
0042
0042
0042
0042
0042
0042
0042
0042
0042
0042
0042
0042
0042
0042
0042
0042
0042
0042
0042
0042
0042
0042
0042
0042
0042
0042
0042
0043
0043
0043
0043
0043
0043
0043
0043
0043
0043
0043
0043
0043
0043
0043
0043
0043
0043
0043
0043
0043
0043
0043
0043
0043
0043
0043
0043
0043
0043
0043
0043
0043
0043
0043
0043
0043
0043
0043
0043
0043
0043
0043
0043
0043
0043
0043
0043
0043
0043
0043
0043
0043
0043
0043
0043
0043
0043
0043
0043
0043
0043
0043
0043
0044
0044
0044
0044
0044
0044
0044
0044
0044
0044
0044
0044
0044
0044
0044
0044
0044
0044
0044
0044
0044
0044
0044
0044
0044
0044
0044
0044
0044
0044
0044
0044
0044
0044
0044
0044
0044
0044
0044
0044
0044
0044
0044
0044
0044
0044
0044
0044
0044
0044
0044
0044
0044
0044
0044
0044
0044
0044
0044
0044
0044
0044
0044
0044
0045
0045
0045
0045
0045
0045
0045
0045
0045
0045
0045
0045
0045
0045
0045
0045
0045
0045
0045
0045
0045
0045
0045
0045
0045
0045
0045
0045
0045
0045
0045
0045
0045
0045
0045
0045
0045
0045
0045
0045
0045
0045
0045
0045
0045
0045
0045
0045
0045
0045
0045
0045
0045
0045
0045
0045
0045
0045
0045
0045
0045
0045
0045
0045
0046
0046
0046
0046
0046
0046
0046
0046
0046
0046
0046
0046
0046
0046
0046
0046
0046
0046
0046
0046
0046
0046
0046
0046
0046
0046
0046
0046
0046
0046
0046
0046
0046
0046
0046
0046
0046
0046
0046
0046
0046
0046
0046
0046
0046
0046
0046
0046
0046
0046
0046
0046
0046
0046
0047
0047
0047
0047
0047
0047
0047
0047
0047
0047
0047
0047
0047
0047
0047
0047
0047
0047
0047
0047
0047
0047
0047
0047
0047
0047
0047
0047
0047
0047
0047
0047
0047
0047
0047
0047
0047
0047
0047
0047
0047
0047
0048
0048
0048
0048
0048
0048
0048
0048
0048
0048
0048
0048
0048
0048
0048
0048
0048
0048
0048
0048
0048
0048
0048
0048
0048
0048
0048
0048
0048
0048
0048
0048
0048
0048
0048
0048
0048
0048
0048
0048
0048
0048
0048
0049
0049
0049
0049
0049
0049
0049
0049
0049
0049
0049
0049
0049
0049
0049
0049
0049
0049
0049
0049
0049
0049
0049
0049
0049
0049
0049
0049
0049
0049
0049
0049
0049
0049
0049
0049
0049
0049
0049
0049
0049
0049
0049
0049
0049
0049
0049
0049
0049
0049
0049
0049
0049
004a
004a
004a
004a
004a
004a
004a
004a
004a
004a
004a
004a
004a
004a
004a
004a
004a
004a
004a
004a
004a
004a
004a
004a
004a
004a
004a
004a
004a
004a
004a
004a
004a
004a
004a
004a
004a
004a
004a
004a
004a
004a
004a
004a
004a
004a
004a
004a
004a
004a
004a
004a
004a
004a
004a
004a
004a
004a
004a
004a
004a
004a
004a
004a
004b
004b
004b
004b
004b
004b
004b
004b
004b
004b
004b
004b
004b
004b
004b
004b
004b
004b
004b
004b
004b
004b
004b
004b
004b
004b
004b
004b
004b
004b
004b
004b
004b
004b
004b
004b
004b
004b
004b
004b
004b
004b
004b
004b
004b
004b
004b
004b
004b
004b
004b
004b
004b
004b
004b
004b
004b
004b
004b
004b
004b
004b
004b
004b
004c
004c
004c
004c
004c
004c
004c
004c
004c
004c
004c
004c
004c
004c
004c
004c
004c
004c
004c
004c
004c
004c
004c
004c
004c
004c
004c
004c
004c
004c
004c
004c
004c
004c
004c
004c
004c
004c
004c
004c
004c
004c
004c
004c
004c
004c
004c
004c
004c
004c
004c
004c
004c
004c
004c
004c
004c
004c
004c
004c
004c
004c
004c
004c
004d
004d
004d
004d
004d
004d
004d
004d
004d
004d
004d
004d
004d
004d
004d
004d
004d
004d
004d
004d
004d
004d
004d
004d
004d
004d
004d
004d
004d
004d
004d
004d
004d
004d
004d
004d
004d
004d
004d
004d
004d
004d
004d
004d
004d
004d
004d
004d
004d
004d
004d
004d
004d
004d
004e
004e
004e
004e
004e
004e
004e
004e
004e
004e
004e
004e
004e
004e
004e
004e
004e
004e
004e
004e
004e
004e
004e
004e
004e
004e
004e
004e
004e
004e
004e
004e
004e
004e
004e
004e
004e
004e
004e
004e
004e
004e
004f
004f
004f
004f
004f
004f
004f
004f
004f
004f
004f
004f
004f
004f
004f
004f
004f
004f
004f
004f
004f
004f
004f
004f
004f
004f
004f
004f
004f
004f
004f
004f
004f
004f
004f
004f
004f
004f
004f
004f
004f
004f
004f
0050
0050
0050
0050
0050
0050
0050
0050
0050
0050
0050
0050
0050
0050
0050
0050
0050
0050
0050
0050
0050
0050
0050
0050
0050
0050
0050
0050
0050
0050
0050
0050
0050
0050
0050
0050
0050
0050
0050
0050
0050
0050
0050
0050
0050
0050
0050
0050
0050
0050
0050
0050
0050
0051
0051
0051
0051
0051
0051
0051
0051
0051
0051
0051
0051
0051
0051
0051
0051
0051
0051
0051
0051
0051
0051
0051
0051
0051
0051
0051
0051
0051
0051
0051
0051
0051
0051
0051
0051
0051
0051
0051
0051
0051
0051
0051
0051
0051
0051
0051
0051
0051
0051
0051
0051
0051
0051
0051
0051
0051
0051
0051
0051
0051
0051
0051
0051
0052
0052
0052
0052
0052
0052
0052
0052
0052
0052
0052
0052
0052
0052
0052
0052
0052
0052
0052
0052
0052
0052
0052
0052
0052
0052
0052
0052
0052
0052
0052
0052
0052
0052
0052
0052
0052
0052
0052
0052
0052
0052
0052
0052
0052
0052
0052
0052
0052
0052
0052
0052
0052
0052
0053
0053
0053
0053
0053
0053
0053
0053
0053
0053
0053
0053
0053
0053
0053
0053
0053
0053
0053
0053
0053
0053
0053
0053
0053
0053
0053
0053
0053
0053
0053
0053
0053
0053
0053
0053
0053
0053
0053
0053
0053
0053
0054
0054
0054
0054
0054
0054
0054
0054
0054
0054
0054
0054
0054
0054
0054
0054
0054
0054
0054
0054
0054
0054
0054
0054
0054
0054
0054
0054
0054
0054
0054
0054
0054
0054
0054
0054
0054
0054
0054
0054
0054
0054
0054
0055
0055
0055
0055
0055
0055
0055
0055
0055
0055
0055
0055
0055
0055
0055
0055
0055
0055
0055
0055
0055
0055
0055
0055
0055
0055
0055
0055
0055
0055
0055
0055
0055
0055
0055
0055
0055
0055
0055
0055
0055
0055
0055
0056
0056
0056
0056
0056
0056
0056
0056
0056
0056
0056
0056
0056
0056
0056
0056
0056
0056
0056
0056
0056
0056
0056
0056
0056
0056
0056
0056
0056
0056
0056
0056
0056
0056
0056
0056
0056
0056
0056
0056
0056
0056
0057
0057
0057
0057
0057
0057
0057
0057
0057
0057
0057
0057
0057
0057
0057
0057
0057
0057
0057
0057
0057
0057
0057
0057
0057
0057
0057
0057
0057
0057
0057
0057
0057
0057
0057
0057
0057
0057
0057
0057
0057
0057
0057
0058
0058
0058
0058
0058
0058
0058
0058
0058
0058
0058
0058
0058
0058
0058
0058
0058
0058
0058
0058
0058
0058
0058
0058
0058
0058
0058
0058
0058
0058
0058
0058
0058
0058
0058
0058
0058
0058
0058
0058
0058
0058
0058
0058
0058
0058
0058
0058
0058
0058
0058
0058
0058
0059
0059
0059
0059
0059
0059
0059
0059
0059
0059
0059
0059
0059
0059
0059
0059
0059
0059
0059
0059
0059
0059
0059
0059
0059
0059
0059
0059
0059
0059
0059
0059
0059
0059
0059
0059
0059
0059
0059
0059
0059
0059
0059
0059
0059
0059
0059
0059
0059
0059
0059
0059
0059
0059
0059
0059
0059
0059
0059
0059
0059
0059
0059
0059
005a
005a
005a
005a
005a
005a
005a
005a
005a
005a
005a
005a
005a
005a
005a
005a
005a
005a
005a
005a
005a
005a
005a
005a
005a
005a
005a
005a
005a
005a
005a
005a
005a
005a
005a
005a
005a
005a
005a
005a
005a
005a
005a
005a
005a
005a
005a
005a
005a
005a
005a
005a
005a
005a
005b
005b
005b
005b
005b
005b
005b
005b
005b
005b
005b
005b
005b
005b
005b
005b
005b
005b
005b
005b
005b
005b
005b
005b
005b
005b
005b
005b
005b
005b
005b
005b
005b
005b
005b
005b
005b
005b
005b
005b
005b
005b
005c
005c
005c
005c
005c
005c
005c
005c
005c
005c
005c
005c
005c
005c
005c
005c
005c
005c
005c
005c
005c
005c
005c
005c
005c
005c
005c
005c
005c
005c
005c
005c
005c
005c
005c
005c
005c
005c
005c
005c
005c
005c
005c
005d
005d
005d
005d
005d
005d
005d
005d
005d
005d
005d
005d
005d
005d
005d
005d
005d
005d
005d
005d
005d
005d
005d
005d
005d
005d
005d
005d
005d
005d
005d
005d
005d
005d
005d
005d
005d
005d
005d
005d
005d
005d
005d
005e
005e
005e
005e
005e
005e
005e
005e
005e
005e
005e
005e
005e
005e
005e
005e
005e
005e
005e
005e
005e
005e
005e
005e
005e
005e
005e
005e
005e
005e
005e
005e
005e
005e
005e
005e
005e
005e
005e
005e
005e
005e
005f
005f
005f
005f
005f
005f
005f
005f
005f
005f
005f
005f
005f
005f
005f
005f
005f
005f
005f
005f
005f
005f
005f
005f
005f
005f
005f
005f
005f
005f
005f
005f
005f
005f
005f
005f
005f
005f
005f
005f
005f
005f
005f
0060
0060
0060
0060
0060
0060
0060
0060
0060
0060
0060
0060
0060
0060
0060
0060
0060
0060
0060
0060
0060
0060
0060
0060
0060
0060
0060
0060
0060
0060
0060
0060
0060
0060
0060
0060
0060
0060
0060
0060
0060
0060
0060
0061
0061
0061
0061
0061
0061
0061
0061
0061
0061
0061
0061
0061
0061
0061
0061
0061
0061
0061
0061
0061
0061
0061
0061
0061
0061
0061
0061
0061
0061
0061
0061
0061
0061
0061
0061
0061
0061
0061
0061
0061
0061
0062
0062
0062
0062
0062
0062
0062
0062
0062
0062
0062
0062
0062
0062
0062
0062
0062
0062
0062
0062
0062
0062
0062
0062
0062
0062
0062
0062
0062
0062
0062
0062
0062
0062
0062
0062
0062
0062
0062
0062
0062
0062
0062
0063
0063
0063
0063
0063
0063
0063
0063
0063
0063
0063
0063
0063
0063
0063
0063
0063
0063
0063
0063
0063
0063
0063
0063
0063
0063
0063
0063
0063
0063
0063
0063
0063
0063
0063
0063
0063
0064
0064
0064
0064
0064
0064
0064
0064
0064
0064
0064
0064
0064
0064
0064
0064
0064
0064
0064
0064
0064
0064
0064
0064
0064
0064
0064
0064
0064
0064
0064
0064
0065
0065
0065
0065
0065
0065
0065
0065
0065
0065
0065
0065
0065
0065
0065
0065
0065
0065
0065
0065
0065
0065
0065
0065
0065
0065
0065
0065
0065
0065
0065
0065
0066
0066
0066
0066
0066
0066
0066
0066
0066
0066
0066
0066
0066
0066
0066
0066
0066
0066
0066
0066
0066
0066
0066
0066
0066
0066
0066
0066
0066
0066
0066
0066
0067
0067
0067
0067
0067
0067
0067
0067
0067
0067
0067
0067
0067
0067
0067
0067
0067
0067
0067
0067
0067
0067
0067
0067
0067
0067
0067
0067
0067
0067
0067
0067
0067
0067
0067
0067
0067
0067
0068
0068
0068
0068
0068
0068
0068
0068
0068
0068
0068
0068
0068
0068
0068
0068
0068
0068
0068
0068
0068
0068
0068
0068
0068
0068
0068
0068
0068
0068
0068
0068
0068
0068
0068
0068
0068
0068
0068
0068
0068
0068
0069
0069
0069
0069
0069
0069
0069
0069
0069
0069
0069
0069
0069
0069
0069
0069
0069
0069
0069
0069
0069
0069
0069
0069
0069
0069
0069
0069
0069
0069
0069
0069
0069
0069
0069
0069
0069
0069
0069
0069
0069
0069
0069
006a
006a
006a
006a
006a
006a
006a
006a
006a
006a
006a
006a
006a
006a
006a
006a
006a
006a
006a
006a
006a
006a
006a
006a
006a
006a
006a
006a
006a
006a
006a
006a
006a
006a
006a
006a
006a
006a
006a
006a
006a
006a
006a
006b
006b
006b
006b
006b
006b
006b
006b
006b
006b
006b
006b
006b
006b
006b
006b
006b
006b
006b
006b
006b
006b
006b
006b
006b
006b
006b
006b
006b
006b
006b
006b
006b
006b
006b
006b
006b
006b
006b
006b
006b
006b
006c
006c
006c
006c
006c
006c
006c
006c
006c
006c
006c
006c
006c
006c
006c
006c
006c
006c
006c
006c
006c
006c
006c
006c
006c
006c
006c
006c
006c
006c
006c
006c
006c
006c
006c
006c
006c
006c
006c
006c
006c
006c
006c
006d
006d
006d
006d
006d
006d
006d
006d
006d
006d
006d
006d
006d
006d
006d
006d
006d
006d
006d
006d
006d
006d
006d
006d
006d
006d
006d
006d
006d
006d
006d
006d
006d
006d
006d
006d
006d
006e
006e
006e
006e
006e
006e
006e
006e
006e
006e
006e
006e
006e
006e
006e
006e
006e
006e
006e
006e
006e
006e
006e
006e
006e
006e
006e
006e
006e
006e
006e
006e
006f
006f
006f
006f
006f
006f
006f
006f
006f
006f
006f
006f
006f
006f
006f
006f
006f
006f
006f
006f
006f
006f
006f
006f
006f
006f
006f
006f
006f
006f
006f
006f
0070
0070
0070
0070
0070
0070
0070
0070
0070
0070
0070
0070
0070
0070
0070
0070
0070
0070
0070
0070
0070
0070
0070
0070
0070
0070
0070
0070
0070
0070
0070
0070
0071
0071
0071
0071
0071
0071
0071
0071
0071
0071
0071
0071
0071
0071
0071
0071
0071
0071
0071
0071
0071
0071
0071
0071
0071
0071
0071
0071
0071
0071
0071
0071
0071
0071
0071
0071
0071
0071
0072
0072
0072
0072
0072
0072
0072
0072
0072
0072
0072
0072
0072
0072
0072
0072
0072
0072
0072
0072
0072
0072
0072
0072
0072
0072
0072
0072
0072
0072
0072
0072
0072
0072
0072
0072
0072
0072
0072
0072
0072
0072
0073
0073
0073
0073
0073
0073
0073
0073
0073
0073
0073
0073
0073
0073
0073
0073
0073
0073
0073
0073
0073
0073
0073
0073
0073
0073
0073
0073
0073
0073
0073
0073
0073
0073
0073
0073
0073
0073
0073
0073
0073
0073
0073
0074
0074
0074
0074
0074
0074
0074
0074
0074
0074
0074
0074
0074
0074
0074
0074
0074
0074
0074
0074
0074
0074
0074
0074
0074
0074
0074
0074
0074
0074
0074
0074
0074
0074
0074
0074
0074
0075
0075
0075
0075
0075
0075
0075
0075
0075
0075
0075
0075
0075
0075
0075
0075
0075
0075
0075
0075
0075
0075
0075
0075
0075
0075
0075
0075
0075
0075
0075
0075
0076
0076
0076
0076
0076
0076
0076
0076
0076
0076
0076
0076
0076
0076
0076
0076
0076
0076
0076
0076
0076
0076
0076
0076
0076
0076
0076
0076
0076
0076
0076
0076
0077
0077
0077
0077
0077
0077
0077
0077
0077
0077
0077
0077
0077
0077
0077
0077
0077
0077
0077
0077
0077
0077
0077
0077
0077
0077
0077
0077
0077
0077
0077
0077
0078
0078
0078
0078
0078
0078
0078
0078
0078
0078
0078
0078
0078
0078
0078
0078
0078
0078
0078
0078
0078
0078
0078
0078
0078
0078
0078
0078
0078
0078
0078
0078
0079
0079
0079
0079
0079
0079
0079
0079
0079
0079
0079
0079
0079
0079
0079
0079
0079
0079
0079
0079
0079
0079
0079
0079
0079
0079
0079
0079
0079
0079
0079
0079
007a
007a
007a
007a
007a
007a
007a
007a
007a
007a
007a
007a
007a
007a
007a
007a
007a
007a
007a
007a
007a
007a
007a
007a
007a
007a
007a
007a
007a
007a
007a
007a
007b
007b
007b
007b
007b
007b
007b
007b
007b
007b
007b
007b
007b
007b
007b
007b
007b
007b
007b
007b
007b
007b
007b
007b
007b
007b
007b
007b
007b
007b
007b
007b
007c
007c
007c
007c
007c
007c
007c
007c
007c
007c
007c
007c
007c
007c
007c
007c
007c
007c
007c
007c
007c
007c
007c
007c
007c
007c
007c
007c
007c
007c
007c
007c
007d
007d
007d
007d
007d
007d
007d
007d
007d
007d
007d
007d
007d
007d
007d
007d
007d
007d
007d
007d
007d
007d
007d
007d
007d
007d
007d
007d
007d
007d
007d
007d
007e
007e
007e
007e
007e
007e
007e
007e
007e
007e
007e
007e
007e
007e
007e
007e
007e
007e
007e
007e
007e
007e
007e
007e
007e
007e
007e
007e
007e
007e
007e
007e
007f
007f
007f
007f
007f
007f
007f
007f
007f
007f
007f
007f
007f
007f
007f
007f
007f
007f
007f
007f
007f
007f
007f
007f
007f
007f
007f
007f
007f
007f
007f
007f
0080
0080
0080
0080
0080
0080
0080
0080
0080
0080
0080
0080
0080
0080
0080
0080
0080
0080
0080
0080
0080
0080
0080
0080
0080
0080
0080
0080
0080
0080
0080
0080
0081
0081
0081
0081
0081
0081
0081
0081
0081
0081
0081
0081
0081
0081
0081
0081
0081
0081
0081
0081
0081
0081
0081
0081
0081
0081
0081
0081
0081
0081
0081
0081
0082
0082
0082
0082
0082
0082
0082
0082
0082
0082
0082
0082
0082
0082
0082
0082
0082
0082
0082
0082
0082
0082
0082
0082
0082
0082
0082
0082
0082
0082
0082
0082
0083
0083
0083
0083
0083
0083
0083
0083
0083
0083
0083
0083
0083
0083
0083
0083
0083
0083
0083
0083
0083
0083
0083
0083
0083
0083
0083
0083
0083
0083
0083
0083
0084
0084
0084
0084
0084
0084
0084
0084
0084
0084
0084
0084
0084
0084
0084
0084
0084
0084
0084
0084
0084
0084
0084
0084
0084
0084
0084
0084
0084
0084
0084
0084
0085
0085
0085
0085
0085
0085
0085
0085
0085
0085
0085
0085
0085
0085
0085
0085
0085
0085
0085
0085
0085
0085
0085
0085
0085
0085
0085
0085
0085
0085
0085
0085
0086
0086
0086
0086
0086
0086
0086
0086
0086
0086
0086
0086
0086
0086
0086
0086
0086
0086
0086
0086
0086
0086
0086
0086
0086
0086
0086
0086
0086
0086
0086
0086
0087
0087
0087
0087
0087
0087
0087
0087
0087
0087
0087
0087
0087
0087
0087
0087
0087
0087
0087
0087
0087
0087
0087
0087
0087
0087
0087
0087
0087
0087
0087
0087
0088
0088
0088
0088
0088
0088
0088
0088
0088
0088
0088
0088
0088
0088
0088
0088
0088
0088
0088
0088
0088
0088
0088
0088
0088
0088
0088
0088
0088
0088
0088
0088
0089
0089
0089
0089
0089
0089
0089
0089
0089
0089
0089
0089
0089
0089
0089
0089
0089
0089
0089
0089
0089
0089
0089
0089
0089
0089
0089
0089
0089
0089
0089
0089
008a
008a
008a
008a
008a
008a
008a
008a
008a
008a
008a
008a
008a
008a
008a
008a
008a
008a
008a
008a
008a
008a
008a
008a
008a
008a
008a
008a
008a
008a
008a
008a
008b
008b
008b
008b
008b
008b
008b
008b
008b
008b
008b
008b
008b
008b
008b
008b
008b
008b
008b
008b
008b
008b
008b
008b
008b
008b
008b
008b
008b
008b
008b
008b
008c
008c
008c
008c
008c
008c
008c
008c
008c
008c
008c
008c
008c
008c
008c
008c
008c
008c
008c
008c
008c
008c
008c
008c
008c
008c
008c
008c
008c
008d
008d
008d
008d
008d
008d
008d
008d
008d
008d
008d
008d
008d
008d
008d
008d
008d
008d
008d
008d
008d
008d
008d
008d
008d
008d
008e
008e
008e
008e
008e
008e
008e
008e
008e
008e
008e
008e
008e
008e
008e
008e
008e
008e
008e
008e
008e
008e
008e
008e
008e
008f
008f
008f
008f
008f
008f
008f
008f
008f
008f
008f
008f
008f
008f
008f
008f
008f
008f
008f
008f
008f
008f
008f
008f
008f
008f
0090
0090
0090
0090
0090
0090
0090
0090
0090
0090
0090
0090
0090
0090
0090
0090
0090
0090
0090
0090
0090
0090
0090
0090
0090
0090
0091
0091
0091
0091
0091
0091
0091
0091
0091
0091
0091
0091
0091
0091
0091
0091
0091
0091
0091
0091
0091
0091
0091
0091
0091
0091
0091
0091
0092
0092
0092
0092
0092
0092
0092
0092
0092
0092
0092
0092
0092
0092
0092
0092
0092
0092
0092
0092
0092
0092
0092
0092
0092
0092
0092
0092
0092
0092
0092
0092
0093
0093
0093
0093
0093
0093
0093
0093
0093
0093
0093
0093
0093
0093
0093
0093
0093
0093
0093
0093
0093
0093
0093
0093
0093
0093
0093
0093
0093
0093
0093
0093
0094
0094
0094
0094
0094
0094
0094
0094
0094
0094
0094
0094
0094
0094
0094
0094
0094
0094
0094
0094
0094
0094
0094
0094
0094
0094
0094
0094
0094
0094
0094
0094
0095
0095
0095
0095
0095
0095
0095
0095
0095
0095
0095
0095
0095
0095
0095
0095
0095
0095
0095
0095
0095
0095
0095
0095
0095
0095
0095
0095
0095
0096
0096
0096
0096
0096
0096
0096
0096
0096
0096
0096
0096
0096
0096
0096
0096
0096
0096
0096
0096
0096
0096
0096
0096
0096
0096
0097
0097
0097
0097
0097
0097
0097
0097
0097
0097
0097
0097
0097
0097
0097
0097
0097
0097
0097
0097
0097
0097
0097
0097
0097
0098
0098
0098
0098
0098
0098
0098
0098
0098
0098
0098
0098
0098
0098
0098
0098
0098
0098
0098
0098
0098
0098
0098
0098
0098
0098
0099
0099
0099
0099
0099
0099
0099
0099
0099
0099
0099
0099
0099
0099
0099
0099
0099
0099
0099
0099
0099
0099
0099
0099
0099
0099
009a
009a
009a
009a
009a
009a
009a
009a
009a
009a
009a
009a
009a
009a
009a
009a
009a
009a
009a
009a
009a
009a
009a
009a
009a
009b
009b
009b
009b
009b
009b
009b
009b
009b
009b
009b
009b
009b
009b
009b
009b
009b
009b
009b
009b
009b
009b
009b
009b
009b
009b
009c
009c
009c
009c
009c
009c
009c
009c
009c
009c
009c
009c
009c
009c
009c
009c
009c
009c
009c
009c
009c
009c
009c
009c
009c
009d
009d
009d
009d
009d
009d
009d
009d
009d
009d
009d
009d
009d
009d
009d
009d
009d
009d
009d
009d
009d
009d
009d
009d
009d
009d
009e
009e
009e
009e
009e
009e
009e
009e
009e
009e
009e
009e
009e
009e
009e
009e
009e
009e
009e
009e
009e
009e
009e
009e
009e
009e
009f
009f
009f
009f
009f
009f
009f
009f
009f
009f
009f
009f
009f
009f
009f
009f
009f
009f
009f
009f
009f
009f
009f
009f
009f
00a0
00a0
00a0
00a0
00a0
00a0
00a0
00a0
00a0
00a0
00a0
00a0
00a0
00a0
00a0
00a0
00a0
00a0
00a0
00a0
00a0
00a0
00a0
00a0
00a0
00a0
00a1
00a1
00a1
00a1
00a1
00a1
00a1
00a1
00a1
00a1
00a1
00a1
00a1
00a1
00a1
00a1
00a1
00a1
00a1
00a1
00a1
00a1
00a1
00a1
00a1
00a2
00a2
00a2
00a2
00a2
00a2
00a2
00a2
00a2
00a2
00a2
00a2
00a2
00a2
00a2
00a2
00a2
00a2
00a2
00a2
00a2
00a2
00a2
00a2
00a2
00a2
00a3
00a3
00a3
00a3
00a3
00a3
00a3
00a3
00a3
00a3
00a3
00a3
00a3
00a3
00a3
00a3
00a3
00a3
00a3
00a3
00a3
00a3
00a3
00a3
00a3
00a3
00a4
00a4
00a4
00a4
00a4
00a4
00a4
00a4
00a4
00a4
00a4
00a4
00a4
00a4
00a4
00a4
00a4
00a4
00a4
00a4
00a4
00a4
00a4
00a4
00a4
00a5
00a5
00a5
00a5
00a5
00a5
00a5
00a5
00a5
00a5
00a5
00a5
00a5
00a5
00a5
00a5
00a5
00a5
00a5
00a5
00a5
00a5
00a5
00a5
00a5
00a5
00a6
00a6
00a6
00a6
00a6
00a6
00a6
00a6
00a6
00a6
00a6
00a6
00a6
00a6
00a6
00a6
00a6
00a6
00a6
00a6
00a6
00a6
00a6
00a6
00a6
00a7
00a7
00a7
00a7
00a7
00a7
00a7
00a7
00a7
00a7
00a7
00a7
00a7
00a7
00a7
00a7
00a7
00a7
00a7
00a7
00a7
00a7
00a7
00a7
00a7
00a7
00a8
00a8
00a8
00a8
00a8
00a8
00a8
00a8
00a8
00a8
00a8
00a8
00a8
00a8
00a8
00a8
00a8
00a8
00a8
00a8
00a8
00a8
00a8
00a8
00a8
00a8
00a9
00a9
00a9
00a9
00a9
00a9
00a9
00a9
00a9
00a9
00a9
00a9
00a9
00a9
00a9
00a9
00a9
00a9
00a9
00a9
00a9
00a9
00a9
00a9
00a9
00aa
00aa
00aa
00aa
00aa
00aa
00aa
00aa
00aa
00aa
00aa
00aa
00aa
00aa
00aa
00aa
00aa
00aa
00aa
00aa
00aa
00aa
00aa
00aa
00aa
00aa
00ab
00ab
00ab
00ab
00ab
00ab
00ab
00ab
00ab
00ab
00ab
00ab
00ab
00ab
00ab
00ab
00ab
00ab
00ab
00ab
00ab
00ab
00ab
00ab
00ab
00ac
00ac
00ac
00ac
00ac
00ac
00ac
00ac
00ac
00ac
00ac
00ac
00ac
00ac
00ac
00ac
00ac
00ac
00ac
00ac
00ac
00ac
00ac
00ac
00ac
00ac
00ad
00ad
00ad
00ad
00ad
00ad
00ad
00ad
00ad
00ad
00ad
00ad
00ad
00ad
00ad
00ad
00ad
00ad
00ad
00ad
00ad
00ad
00ad
00ad
00ad
00ad
00ae
00ae
00ae
00ae
00ae
00ae
00ae
00ae
00ae
00ae
00ae
00ae
00ae
00ae
00ae
00ae
00ae
00ae
00ae
00ae
00ae
00ae
00ae
00af
00af
00af
00af
00af
00af
00af
00af
00af
00af
00af
00af
00af
00af
00af
00af
00af
00af
00af
00af
00af
00b0
00b0
00b0
00b0
00b0
00b0
00b0
00b0
00b0
00b0
00b0
00b0
00b0
00b0
00b0
00b0
00b0
00b0
00b0
00b0
00b0
00b0
00b1
00b1
00b1
00b1
00b1
00b1
00b1
00b1
00b1
00b1
00b1
00b1
00b1
00b1
00b1
00b1
00b1
00b1
00b1
00b1
00b1
00b2
00b2
00b2
00b2
00b2
00b2
00b2
00b2
00b2
00b2
00b2
00b2
00b2
00b2
00b2
00b2
00b2
00b2
00b2
00b2
00b2
00b3
00b3
00b3
00b3
00b3
00b3
00b3
00b3
00b3
00b3
00b3
00b3
00b3
00b3
00b3
00b3
00b3
00b3
00b3
00b3
00b3
00b3
00b4
00b4
00b4
00b4
00b4
00b4
00b4
00b4
00b4
00b4
00b4
00b4
00b4
00b4
00b4
00b4
00b4
00b4
00b4
00b4
00b4
00b5
00b5
00b5
00b5
00b5
00b5
00b5
00b5
00b5
00b5
00b5
00b5
00b5
00b5
00b5
00b5
00b5
00b5
00b5
00b5
00b5
00b6
00b6
00b6
00b6
00b6
00b6
00b6
00b6
00b6
00b6
00b6
00b6
00b6
00b6
00b6
00b6
00b6
00b6
00b6
00b6
00b6
00b6
00b7
00b7
00b7
00b7
00b7
00b7
00b7
00b7
00b7
00b7
00b7
00b7
00b7
00b7
00b7
00b7
00b7
00b7
00b7
00b7
00b7
00b8
00b8
00b8
00b8
00b8
00b8
00b8
00b8
00b8
00b8
00b8
00b8
00b8
00b8
00b8
00b8
00b8
00b8
00b8
00b8
00b8
00b9
00b9
00b9
00b9
00b9
00b9
00b9
00b9
00b9
00b9
00b9
00b9
00b9
00b9
00b9
00b9
00b9
00b9
00b9
00b9
00b9
00b9
00ba
00ba
00ba
00ba
00ba
00ba
00ba
00ba
00ba
00ba
00ba
00ba
00ba
00ba
00ba
00ba
00ba
00ba
00ba
00ba
00ba
00bb
00bb
00bb
00bb
00bb
00bb
00bb
00bb
00bb
00bb
00bb
00bb
00bb
00bb
00bb
00bb
00bb
00bb
00bb
00bb
00bb
00bc
00bc
00bc
00bc
00bc
00bc
00bc
00bc
00bc
00bc
00bc
00bc
00bc
00bc
00bc
00bc
00bc
00bc
00bc
00bc
00bc
00bc
00bd
00bd
00bd
00bd
00bd
00bd
00bd
00bd
00bd
00bd
00bd
00bd
00bd
00bd
00bd
00bd
00bd
00bd
00bd
00bd
00bd
00be
00be
00be
00be
00be
00be
00be
00be
00be
00be
00be
00be
00be
00be
00be
00be
00be
00be
00be
00be
00be
00bf
00bf
00bf
00bf
00bf
00bf
00bf
00bf
00bf
00bf
00bf
00bf
00bf
00bf
00bf
00bf
00bf
00bf
00bf
00bf
00bf
00bf
00c0
00c0
00c0
00c0
00c0
00c0
00c0
00c0
00c0
00c0
00c0
00c0
00c0
00c0
00c0
00c0
00c0
00c0
00c0
00c0
00c0
00c1
00c1
00c1
00c1
00c1
00c1
00c1
00c1
00c1
00c1
00c1
00c1
00c1
00c1
00c1
00c1
00c1
00c1
00c1
00c1
00c1
00c2
00c2
00c2
00c2
00c2
00c2
00c2
00c2
00c2
00c2
00c2
00c2
00c2
00c2
00c2
00c2
00c2
00c2
00c2
00c2
00c2
00c2
00c3
00c3
00c3
00c3
00c3
00c3
00c3
00c3
00c3
00c3
00c3
00c3
00c3
00c3
00c3
00c3
00c3
00c3
00c3
00c3
00c3
00c4
00c4
00c4
00c4
00c4
00c4
00c4
00c4
00c4
00c4
00c4
00c4
00c4
00c4
00c4
00c4
00c4
00c4
00c4
00c4
00c4
00c5
00c5
00c5
00c5
00c5
00c5
00c5
00c5
00c5
00c5
00c5
00c5
00c5
00c5
00c5
00c5
00c5
00c5
00c5
00c5
00c5
00c5
00c6
00c6
00c6
00c6
00c6
00c6
00c6
00c6
00c6
00c6
00c6
00c6
00c6
00c6
00c6
00c6
00c6
00c6
00c6
00c6
00c6
00c7
00c7
00c7
00c7
00c7
00c7
00c7
00c7
00c7
00c7
00c7
00c7
00c7
00c7
00c7
00c7
00c7
00c7
00c7
00c7
00c7
00c8
00c8
00c8
00c8
00c8
00c8
00c8
00c8
00c8
00c8
00c8
00c8
00c8
00c8
00c8
00c8
00c8
00c8
00c8
00c8
00c8
00c8
00c9
00c9
00c9
00c9
00c9
00c9
00c9
00c9
00c9
00c9
00c9
00c9
00c9
00c9
00c9
00c9
00c9
00c9
00c9
00c9
00c9
00ca
00ca
00ca
00ca
00ca
00ca
00ca
00ca
00ca
00ca
00ca
00ca
00ca
00ca
00ca
00ca
00ca
00ca
00ca
00ca
00ca
00cb
00cb
00cb
00cb
00cb
00cb
00cb
00cb
00cb
00cb
00cb
00cb
00cb
00cb
00cb
00cb
00cb
00cb
00cb
00cb
00cb
00cb
00cc
00cc
00cc
00cc
00cc
00cc
00cc
00cc
00cc
00cc
00cc
00cc
00cc
00cc
00cc
00cc
00cc
00cc
00cc
00cc
00cc
00cd
00cd
00cd
00cd
00cd
00cd
00cd
00cd
00cd
00cd
00cd
00cd
00cd
00cd
00cd
00cd
00cd
00cd
00cd
00cd
00cd
00ce
00ce
00ce
00ce
00ce
00ce
00ce
00ce
00ce
00ce
00ce
00ce
00ce
00ce
00ce
00ce
00ce
00ce
00ce
00ce
00ce
00ce
00cf
00cf
00cf
00cf
00cf
00cf
00cf
00cf
00cf
00cf
00cf
00cf
00cf
00cf
00cf
00cf
00cf
00cf
00cf
00cf
00cf
00d0
00d0
00d0
00d0
00d0
00d0
00d0
00d0
00d0
00d0
00d0
00d0
00d0
00d0
00d0
00d0
00d0
00d0
00d0
00d0
00d0
00d1
00d1
00d1
00d1
00d1
00d1
00d1
00d1
00d1
00d1
00d1
00d1
00d1
00d1
00d1
00d1
00d1
00d1
00d1
00d1
00d1
00d1
00d2
00d2
00d2
00d2
00d2
00d2
00d2
00d2
00d2
00d2
00d2
00d2
00d2
00d2
00d2
00d2
00d2
00d2
00d2
00d2
00d3
00d3
00d3
00d3
00d3
00d3
00d3
00d3
00d3
00d3
00d3
00d3
00d3
00d3
00d3
00d3
00d3
00d3
00d4
00d4
00d4
00d4
00d4
00d4
00d4
00d4
00d4
00d4
00d4
00d4
00d4
00d4
00d4
00d4
00d4
00d4
00d5
00d5
00d5
00d5
00d5
00d5
00d5
00d5
00d5
00d5
00d5
00d5
00d5
00d5
00d5
00d5
00d5
00d5
00d6
00d6
00d6
00d6
00d6
00d6
00d6
00d6
00d6
00d6
00d6
00d6
00d6
00d6
00d6
00d6
00d6
00d6
00d6
00d7
00d7
00d7
00d7
00d7
00d7
00d7
00d7
00d7
00d7
00d7
00d7
00d7
00d7
00d7
00d7
00d7
00d7
00d8
00d8
00d8
00d8
00d8
00d8
00d8
00d8
00d8
00d8
00d8
00d8
00d8
00d8
00d8
00d8
00d8
00d8
00d9
00d9
00d9
00d9
00d9
00d9
00d9
00d9
00d9
00d9
00d9
00d9
00d9
00d9
00d9
00d9
00d9
00d9
00d9
00da
00da
00da
00da
00da
00da
00da
00da
00da
00da
00da
00da
00da
00da
00da
00da
00da
00da
00db
00db
00db
00db
00db
00db
00db
00db
00db
00db
00db
00db
00db
00db
00db
00db
00db
00db
00dc
00dc
00dc
00dc
00dc
00dc
00dc
00dc
00dc
00dc
00dc
00dc
00dc
00dc
00dc
00dc
00dc
00dc
00dd
00dd
00dd
00dd
00dd
00dd
00dd
00dd
00dd
00dd
00dd
00dd
00dd
00dd
00dd
00dd
00dd
00dd
00dd
00de
00de
00de
00de
00de
00de
00de
00de
00de
00de
00de
00de
00de
00de
00de
00de
00de
00de
00df
00df
00df
00df
00df
00df
00df
00df
00df
00df
00df
00df
00df
00df
00df
00df
00df
00df
00e0
00e0
00e0
00e0
00e0
00e0
00e0
00e0
00e0
00e0
00e0
00e0
00e0
00e0
00e0
00e0
00e0
00e0
00e0
00e1
00e1
00e1
00e1
00e1
00e1
00e1
00e1
00e1
00e1
00e1
00e1
00e1
00e1
00e1
00e1
00e1
00e1
00e2
00e2
00e2
00e2
00e2
00e2
00e2
00e2
00e2
00e2
00e2
00e2
00e2
00e2
00e2
00e2
00e2
00e2
00e3
00e3
00e3
00e3
00e3
00e3
00e3
00e3
00e3
00e3
00e3
00e3
00e3
00e3
00e3
00e3
00e3
00e3
00e4
00e4
00e4
00e4
00e4
00e4
00e4
00e4
00e4
00e4
00e4
00e4
00e4
00e4
00e4
00e4
00e4
00e4
00e4
00e5
00e5
00e5
00e5
00e5
00e5
00e5
00e5
00e5
00e5
00e5
00e5
00e5
00e5
00e5
00e5
00e5
00e5
00e6
00e6
00e6
00e6
00e6
00e6
00e6
00e6
00e6
00e6
00e6
00e6
00e6
00e6
00e6
00e6
00e6
00e6
00e7
00e7
00e7
00e7
00e7
00e7
00e7
00e7
00e7
00e7
00e7
00e7
00e7
00e7
00e7
00e7
00e7
00e7
00e7
00e8
00e8
00e8
00e8
00e8
00e8
00e8
00e8
00e8
00e8
00e8
00e8
00e8
00e8
00e8
00e8
00e8
00e8
00e9
00e9
00e9
00e9
00e9
00e9
00e9
00e9
00e9
00e9
00e9
00e9
00e9
00e9
00e9
00e9
00e9
00e9
00ea
00ea
00ea
00ea
00ea
00ea
00ea
00ea
00ea
00ea
00ea
00ea
00ea
00ea
00ea
00ea
00ea
00ea
00eb
00eb
00eb
00eb
00eb
00eb
00eb
00eb
00eb
00eb
00eb
00eb
00eb
00eb
00eb
00eb
00eb
00eb
00eb
00ec
00ec
00ec
00ec
00ec
00ec
00ec
00ec
00ec
00ec
00ec
00ec
00ec
00ec
00ec
00ec
00ec
00ec
00ed
00ed
00ed
00ed
00ed
00ed
00ed
00ed
00ed
00ed
00ed
00ed
00ed
00ed
00ed
00ed
00ed
00ed
00ee
00ee
00ee
00ee
00ee
00ee
00ee
00ee
00ee
00ee
00ee
00ee
00ee
00ee
00ee
00ee
00ee
00ef
00ef
00ef
00ef
00ef
00ef
00ef
00ef
00ef
00ef
00ef
00ef
00ef
00ef
00ef
00ef
00f0
00f0
00f0
00f0
00f0
00f0
00f0
00f0
00f0
00f0
00f0
00f0
00f0
00f0
00f0
00f0
00f1
00f1
00f1
00f1
00f1
00f1
00f1
00f1
00f1
00f1
00f1
00f1
00f1
00f1
00f1
00f1
00f2
00f2
00f2
00f2
00f2
00f2
00f2
00f2
00f2
00f2
00f2
00f2
00f2
00f2
00f2
00f2
00f3
00f3
00f3
00f3
00f3
00f3
00f3
00f3
00f3
00f3
00f3
00f3
00f3
00f3
00f3
00f3
00f4
00f4
00f4
00f4
00f4
00f4
00f4
00f4
00f4
00f4
00f4
00f4
00f4
00f4
00f4
00f4
00f5
00f5
00f5
00f5
00f5
00f5
00f5
00f5
00f5
00f5
00f5
00f5
00f5
00f5
00f5
00f5
00f6
00f6
00f6
00f6
00f6
00f6
00f6
00f6
00f6
00f6
00f6
00f6
00f6
00f6
00f6
00f6
00f7
00f7
00f7
00f7
00f7
00f7
00f7
00f7
00f7
00f7
00f7
00f7
00f7
00f7
00f7
00f7
00f8
00f8
00f8
00f8
00f8
00f8
00f8
00f8
00f8
00f8
00f8
00f8
00f8
00f8
00f8
00f8
00f9
00f9
00f9
00f9
00f9
00f9
00f9
00f9
00f9
00f9
00f9
00f9
00f9
00f9
00f9
00f9
00fa
00fa
00fa
00fa
00fa
00fa
00fa
00fa
00fa
00fa
00fa
00fa
00fa
00fa
00fa
00fa
00fb
00fb
00fb
00fb
00fb
00fb
00fb
00fb
00fb
00fb
00fb
00fb
00fb
00fb
00fb
00fb
00fc
00fc
00fc
00fc
00fc
00fc
00fc
00fc
00fc
00fc
00fc
00fc
00fc
00fc
00fc
00fc
00fd
00fd
00fd
00fd
00fd
00fd
00fd
00fd
00fd
00fd
00fd
00fd
00fd
00fd
00fd
00fd
00fe
00fe
00fe
00fe
00fe
00fe
00fe
00fe
00fe
00fe
00fe
00fe
00fe
00fe
00fe
00fe
00ff
00ff
00ff
00ff
00ff
00ff
00ff
00ff
00ff
00ff
00ff
00ff
00ff
00ff
00ff
00ff
0100
0100
0100
0100
0100
0100
0100
0100
0100
0100
0100
0100
0100
0100
0100
0100
0101
0101
0101
0101
0101
0101
0101
0101
0101
0101
0101
0101
0101
0101
0101
0101
0102
0102
0102
0102
0102
0102
0102
0102
0102
0102
0102
0102
0102
0102
0102
0102
0103
0103
0103
0103
0103
0103
0103
0103
0103
0103
0103
0103
0103
0103
0103
0103
0104
0104
0104
0104
0104
0104
0104
0104
0104
0104
0104
0104
0104
0104
0104
0104
0105
0105
0105
0105
0105
0105
0105
0105
0105
0105
0105
0105
0105
0105
0105
0105
0106
0106
0106
0106
0106
0106
0106
0106
0106
0106
0106
0106
0106
0106
0106
0106
0107
0107
0107
0107
0107
0107
0107
0107
0107
0107
0107
0107
0107
0107
0107
0107
0108
0108
0108
0108
0108
0108
0108
0108
0108
0108
0108
0108
0108
0108
0108
0108
0109
0109
0109
0109
0109
0109
0109
0109
0109
0109
0109
0109
0109
0109
0109
0109
010a
010a
010a
010a
010a
010a
010a
010a
010a
010a
010a
010a
010a
010a
010a
010a
010b
010b
010b
010b
010b
010b
010b
010b
010b
010b
010b
010b
010b
010b
010b
010b
010c
010c
010c
010c
010c
010c
010c
010c
010c
010c
010c
010c
010c
010c
010c
010c
010d
010d
010d
010d
010d
010d
010d
010d
010d
010d
010d
010d
010d
010d
010d
010d
010e
010e
010e
010e
010e
010e
010e
010e
010e
010e
010e
010e
010e
010e
010e
010e
010f
010f
010f
010f
010f
010f
010f
010f
010f
010f
010f
010f
010f
010f
0110
0110
0110
0110
0110
0110
0110
0110
0110
0110
0110
0110
0110
0110
0111
0111
0111
0111
0111
0111
0111
0111
0111
0111
0111
0111
0111
0111
0112
0112
0112
0112
0112
0112
0112
0112
0112
0112
0112
0112
0112
0112
0113
0113
0113
0113
0113
0113
0113
0113
0113
0113
0113
0113
0113
0113
0113
0114
0114
0114
0114
0114
0114
0114
0114
0114
0114
0114
0114
0114
0114
0115
0115
0115
0115
0115
0115
0115
0115
0115
0115
0115
0115
0115
0115
0116
0116
0116
0116
0116
0116
0116
0116
0116
0116
0116
0116
0116
0116
0117
0117
0117
0117
0117
0117
0117
0117
0117
0117
0117
0117
0117
0117
0117
0118
0118
0118
0118
0118
0118
0118
0118
0118
0118
0118
0118
0118
0118
0119
0119
0119
0119
0119
0119
0119
0119
0119
0119
0119
0119
0119
0119
011a
011a
011a
011a
011a
011a
011a
011a
011a
011a
011a
011a
011a
011a
011b
011b
011b
011b
011b
011b
011b
011b
011b
011b
011b
011b
011b
011b
011c
011c
011c
011c
011c
011c
011c
011c
011c
011c
011c
011c
011c
011c
011c
011d
011d
011d
011d
011d
011d
011d
011d
011d
011d
011d
011d
011d
011d
011e
011e
011e
011e
011e
011e
011e
011e
011e
011e
011e
011e
011e
011e
011f
011f
011f
011f
011f
011f
011f
011f
011f
011f
011f
011f
011f
011f
0120
0120
0120
0120
0120
0120
0120
0120
0120
0120
0120
0120
0120
0120
0120
0121
0121
0121
0121
0121
0121
0121
0121
0121
0121
0121
0121
0121
0121
0122
0122
0122
0122
0122
0122
0122
0122
0122
0122
0122
0122
0122
0122
0123
0123
0123
0123
0123
0123
0123
0123
0123
0123
0123
0123
0123
0123
0124
0124
0124
0124
0124
0124
0124
0124
0124
0124
0124
0124
0124
0124
0125
0125
0125
0125
0125
0125
0125
0125
0125
0125
0125
0125
0125
0125
0125
0126
0126
0126
0126
0126
0126
0126
0126
0126
0126
0126
0126
0126
0126
0127
0127
0127
0127
0127
0127
0127
0127
0127
0127
0127
0127
0127
0127
0128
0128
0128
0128
0128
0128
0128
0128
0128
0128
0128
0128
0128
0128
0129
0129
0129
0129
0129
0129
0129
0129
0129
0129
0129
0129
0129
0129
0129
012a
012a
012a
012a
012a
012a
012a
012a
012a
012a
012a
012a
012a
012a
012b
012b
012b
012b
012b
012b
012b
012b
012b
012b
012b
012b
012b
012b
012c
012c
012c
012c
012c
012c
012c
012c
012c
012c
012c
012c
012c
012c
012d
012d
012d
012d
012d
012d
012d
012d
012d
012d
012d
012d
012d
012d
012e
012e
012e
012e
012e
012e
012e
012e
012e
012e
012e
012e
012e
012e
012e
012f
012f
012f
012f
012f
012f
012f
012f
012f
012f
012f
012f
012f
012f
0130
0130
0130
0130
0130
0130
0130
0130
0130
0130
0130
0130
0130
0130
0131
0131
0131
0131
0131
0131
0131
0131
0131
0131
0131
0131
0131
0131
0132
0132
0132
0132
0132
0132
0132
0132
0132
0132
0132
0132
0132
0132
0133
0133
0133
0133
0133
0133
0133
0133
0133
0133
0133
0133
0133
0134
0134
0134
0134
0134
0134
0134
0134
0134
0134
0134
0134
0135
0135
0135
0135
0135
0135
0135
0135
0135
0135
0135
0135
0135
0136
0136
0136
0136
0136
0136
0136
0136
0136
0136
0136
0136
0136
0137
0137
0137
0137
0137
0137
0137
0137
0137
0137
0137
0137
0137
0138
0138
0138
0138
0138
0138
0138
0138
0138
0138
0138
0138
0138
0139
0139
0139
0139
0139
0139
0139
0139
0139
0139
0139
0139
013a
013a
013a
013a
013a
013a
013a
013a
013a
013a
013a
013a
013a
013b
013b
013b
013b
013b
013b
013b
013b
013b
013b
013b
013b
013b
013c
013c
013c
013c
013c
013c
013c
013c
013c
013c
013c
013c
013c
013d
013d
013d
013d
013d
013d
013d
013d
013d
013d
013d
013d
013d
013e
013e
013e
013e
013e
013e
013e
013e
013e
013e
013e
013e
013f
013f
013f
013f
013f
013f
013f
013f
013f
013f
013f
013f
013f
0140
0140
0140
0140
0140
0140
0140
0140
0140
0140
0140
0140
0140
0141
0141
0141
0141
0141
0141
0141
0141
0141
0141
0141
0141
0141
0142
0142
0142
0142
0142
0142
0142
0142
0142
0142
0142
0142
0142
0143
0143
0143
0143
0143
0143
0143
0143
0143
0143
0143
0143
0144
0144
0144
0144
0144
0144
0144
0144
0144
0144
0144
0144
0144
0145
0145
0145
0145
0145
0145
0145
0145
0145
0145
0145
0145
0145
0146
0146
0146
0146
0146
0146
0146
0146
0146
0146
0146
0146
0146
0147
0147
0147
0147
0147
0147
0147
0147
0147
0147
0147
0147
0147
0148
0148
0148
0148
0148
0148
0148
0148
0148
0148
0148
0148
0149
0149
0149
0149
0149
0149
0149
0149
0149
0149
0149
0149
0149
014a
014a
014a
014a
014a
014a
014a
014a
014a
014a
014a
014a
014a
014b
014b
014b
014b
014b
014b
014b
014b
014b
014b
014b
014b
014b
014c
014c
014c
014c
014c
014c
014c
014c
014c
014c
014c
014c
014c
014d
014d
014d
014d
014d
014d
014d
014d
014d
014d
014d
014d
014e
014e
014e
014e
014e
014e
014e
014e
014e
014e
014e
014e
014e
014f
014f
014f
014f
014f
014f
014f
014f
014f
014f
014f
014f
014f
0150
0150
0150
0150
0150
0150
0150
0150
0150
0150
0150
0150
0151
0151
0151
0151
0151
0151
0151
0151
0151
0151
0151
0151
0152
0152
0152
0152
0152
0152
0152
0152
0152
0152
0152
0152
0153
0153
0153
0153
0153
0153
0153
0153
0153
0153
0153
0154
0154
0154
0154
0154
0154
0154
0154
0154
0154
0154
0154
0155
0155
0155
0155
0155
0155
0155
0155
0155
0155
0155
0156
0156
0156
0156
0156
0156
0156
0156
0156
0156
0156
0156
0157
0157
0157
0157
0157
0157
0157
0157
0157
0157
0157
0157
0158
0158
0158
0158
0158
0158
0158
0158
0158
0158
0158
0159
0159
0159
0159
0159
0159
0159
0159
0159
0159
0159
0159
015a
015a
015a
015a
015a
015a
015a
015a
015a
015a
015a
015a
015b
015b
015b
015b
015b
015b
015b
015b
015b
015b
015b
015c
015c
015c
015c
015c
015c
015c
015c
015c
015c
015c
015c
015d
015d
015d
015d
015d
015d
015d
015d
015d
015d
015d
015d
015e
015e
015e
015e
015e
015e
015e
015e
015e
015e
015e
015f
015f
015f
015f
015f
015f
015f
015f
015f
015f
015f
015f
0160
0160
0160
0160
0160
0160
0160
0160
0160
0160
0160
0161
0161
0161
0161
0161
0161
0161
0161
0161
0161
0161
0161
0162
0162
0162
0162
0162
0162
0162
0162
0162
0162
0162
0162
0163
0163
0163
0163
0163
0163
0163
0163
0163
0163
0163
0164
0164
0164
0164
0164
0164
0164
0164
0164
0164
0164
0164
0165
0165
0165
0165
0165
0165
0165
0165
0165
0165
0165
0165
0166
0166
0166
0166
0166
0166
0166
0166
0166
0166
0166
0167
0167
0167
0167
0167
0167
0167
0167
0167
0167
0167
0167
0168
0168
0168
0168
0168
0168
0168
0168
0168
0168
0168
0168
0169
0169
0169
0169
0169
0169
0169
0169
0169
0169
0169
016a
016a
016a
016a
016a
016a
016a
016a
016a
016a
016a
016a
016b
016b
016b
016b
016b
016b
016b
016b
016b
016b
016b
016c
016c
016c
016c
016c
016c
016c
016c
016c
016c
016c
016c
016d
016d
016d
016d
016d
016d
016d
016d
016d
016d
016d
016d
016e
016e
016e
016e
016e
016e
016e
016e
016e
016e
016e
016f
016f
016f
016f
016f
016f
016f
016f
016f
016f
016f
016f
0170
0170
0170
0170
0170
0170
0170
0170
0170
0170
0170
0170
0171
0171
0171
0171
0171
0171
0171
0171
0171
0171
0171
0172
0172
0172
0172
0172
0172
0172
0172
0172
0172
0173
0173
0173
0173
0173
0173
0173
0173
0173
0173
0173
0174
0174
0174
0174
0174
0174
0174
0174
0174
0174
0174
0175
0175
0175
0175
0175
0175
0175
0175
0175
0175
0176
0176
0176
0176
0176
0176
0176
0176
0176
0176
0176
0177
0177
0177
0177
0177
0177
0177
0177
0177
0177
0177
0178
0178
0178
0178
0178
0178
0178
0178
0178
0178
0179
0179
0179
0179
0179
0179
0179
0179
0179
0179
0179
017a
017a
017a
017a
017a
017a
017a
017a
017a
017a
017a
017b
017b
017b
017b
017b
017b
017b
017b
017b
017b
017c
017c
017c
017c
017c
017c
017c
017c
017c
017c
017c
017d
017d
017d
017d
017d
017d
017d
017d
017d
017d
017d
017e
017e
017e
017e
017e
017e
017e
017e
017e
017e
017f
017f
017f
017f
017f
017f
017f
017f
017f
017f
017f
0180
0180
0180
0180
0180
0180
0180
0180
0180
0180
0180
0181
0181
0181
0181
0181
0181
0181
0181
0181
0181
0182
0182
0182
0182
0182
0182
0182
0182
0182
0182
0182
0183
0183
0183
0183
0183
0183
0183
0183
0183
0183
0183
0184
0184
0184
0184
0184
0184
0184
0184
0184
0184
0185
0185
0185
0185
0185
0185
0185
0185
0185
0185
0185
0186
0186
0186
0186
0186
0186
0186
0186
0186
0186
0186
0187
0187
0187
0187
0187
0187
0187
0187
0187
0187
0188
0188
0188
0188
0188
0188
0188
0188
0188
0188
0188
0189
0189
0189
0189
0189
0189
0189
0189
0189
0189
018a
018a
018a
018a
018a
018a
018a
018a
018a
018a
018b
018b
018b
018b
018b
018b
018b
018b
018b
018b
018c
018c
018c
018c
018c
018c
018c
018c
018c
018c
018d
018d
018d
018d
018d
018d
018d
018d
018d
018d
018e
018e
018e
018e
018e
018e
018e
018e
018e
018e
018f
018f
018f
018f
018f
018f
018f
018f
018f
0190
0190
0190
0190
0190
0190
0190
0190
0190
0190
0191
0191
0191
0191
0191
0191
0191
0191
0191
0191
0192
0192
0192
0192
0192
0192
0192
0192
0192
0192
0193
0193
0193
0193
0193
0193
0193
0193
0193
0193
0194
0194
0194
0194
0194
0194
0194
0194
0194
0194
0195
0195
0195
0195
0195
0195
0195
0195
0195
0195
0196
0196
0196
0196
0196
0196
0196
0196
0196
0196
0197
0197
0197
0197
0197
0197
0197
0197
0197
0197
0198
0198
0198
0198
0198
0198
0198
0198
0198
0198
0198
0199
0199
0199
0199
0199
0199
0199
0199
0199
0199
0199
019a
019a
019a
019a
019a
019a
019a
019a
019a
019a
019b
019b
019b
019b
019b
019b
019b
019b
019b
019b
019b
019c
019c
019c
019c
019c
019c
019c
019c
019c
019c
019c
019d
019d
019d
019d
019d
019d
019d
019d
019d
019d
019e
019e
019e
019e
019e
019e
019e
019e
019e
019e
019e
019f
019f
019f
019f
019f
019f
019f
019f
019f
019f
019f
01a0
01a0
01a0
01a0
01a0
01a0
01a0
01a0
01a0
01a0
01a1
01a1
01a1
01a1
01a1
01a1
01a1
01a1
01a1
01a1
01a1
01a2
01a2
01a2
01a2
01a2
01a2
01a2
01a2
01a2
01a2
01a3
01a3
01a3
01a3
01a3
01a3
01a3
01a3
01a3
01a4
01a4
01a4
01a4
01a4
01a4
01a4
01a4
01a4
01a5
01a5
01a5
01a5
01a5
01a5
01a5
01a5
01a5
01a6
01a6
01a6
01a6
01a6
01a6
01a6
01a6
01a6
01a6
01a7
01a7
01a7
01a7
01a7
01a7
01a7
01a7
01a7
01a8
01a8
01a8
01a8
01a8
01a8
01a8
01a8
01a8
01a9
01a9
01a9
01a9
01a9
01a9
01a9
01a9
01a9
01aa
01aa
01aa
01aa
01aa
01aa
01aa
01aa
01aa
01ab
01ab
01ab
01ab
01ab
01ab
01ab
01ab
01ab
01ac
01ac
01ac
01ac
01ac
01ac
01ac
01ac
01ac
01ad
01ad
01ad
01ad
01ad
01ad
01ad
01ad
01ad
01ad
01ae
01ae
01ae
01ae
01ae
01ae
01ae
01ae
01ae
01af
01af
01af
01af
01af
01af
01af
01af
01af
01b0
01b0
01b0
01b0
01b0
01b0
01b0
01b0
01b0
01b1
01b1
01b1
01b1
01b1
01b1
01b1
01b1
01b1
01b1
01b2
01b2
01b2
01b2
01b2
01b2
01b2
01b2
01b2
01b2
01b3
01b3
01b3
01b3
01b3
01b3
01b3
01b3
01b3
01b3
01b4
01b4
01b4
01b4
01b4
01b4
01b4
01b4
01b4
01b4
01b5
01b5
01b5
01b5
01b5
01b5
01b5
01b5
01b5
01b5
01b6
01b6
01b6
01b6
01b6
01b6
01b6
01b6
01b6
01b7
01b7
01b7
01b7
01b7
01b7
01b7
01b7
01b7
01b7
01b8
01b8
01b8
01b8
01b8
01b8
01b8
01b8
01b8
01b8
01b9
01b9
01b9
01b9
01b9
01b9
01b9
01b9
01b9
01b9
01ba
01ba
01ba
01ba
01ba
01ba
01ba
01ba
01ba
01ba
01bb
01bb
01bb
01bb
01bb
01bb
01bb
01bb
01bb
01bb
01bc
01bc
01bc
01bc
01bc
01bc
01bc
01bc
01bc
01bc
01bd
01bd
01bd
01bd
01bd
01bd
01bd
01bd
01bd
01be
01be
01be
01be
01be
01be
01be
01be
01bf
01bf
01bf
01bf
01bf
01bf
01bf
01bf
01bf
01c0
01c0
01c0
01c0
01c0
01c0
01c0
01c0
01c1
01c1
01c1
01c1
01c1
01c1
01c1
01c1
01c1
01c2
01c2
01c2
01c2
01c2
01c2
01c2
01c2
01c3
01c3
01c3
01c3
01c3
01c3
01c3
01c3
01c3
01c4
01c4
01c4
01c4
01c4
01c4
01c4
01c4
01c5
01c5
01c5
01c5
01c5
01c5
01c5
01c5
01c5
01c6
01c6
01c6
01c6
01c6
01c6
01c6
01c6
01c6
01c7
01c7
01c7
01c7
01c7
01c7
01c7
01c7
01c8
01c8
01c8
01c8
01c8
01c8
01c8
01c8
01c8
01c9
01c9
01c9
01c9
01c9
01c9
01c9
01c9
01ca
01ca
01ca
01ca
01ca
01ca
01ca
01ca
01ca
01cb
01cb
01cb
01cb
01cb
01cb
01cb
01cb
01cc
01cc
01cc
01cc
01cc
01cc
01cc
01cc
01cc
01cd
01cd
01cd
01cd
01cd
01cd
01cd
01cd
01cd
01ce
01ce
01ce
01ce
01ce
01ce
01ce
01ce
01ce
01cf
01cf
01cf
01cf
01cf
01cf
01cf
01cf
01cf
01d0
01d0
01d0
01d0
01d0
01d0
01d0
01d0
01d0
01d0
01d1
01d1
01d1
01d1
01d1
01d1
01d1
01d1
01d1
01d2
01d2
01d2
01d2
01d2
01d2
01d2
01d2
01d2
01d3
01d3
01d3
01d3
01d3
01d3
01d3
01d3
01d3
01d4
01d4
01d4
01d4
01d4
01d4
01d4
01d4
01d4
01d5
01d5
01d5
01d5
01d5
01d5
01d5
01d5
01d5
01d6
01d6
01d6
01d6
01d6
01d6
01d6
01d6
01d6
01d7
01d7
01d7
01d7
01d7
01d7
01d7
01d7
01d7
01d7
01d8
01d8
01d8
01d8
01d8
01d8
01d8
01d8
01d8
01d9
01d9
01d9
01d9
01d9
01d9
01d9
01d9
01d9
01da
01da
01da
01da
01da
01da
01da
01da
01da
01db
01db
01db
01db
01db
01db
01db
01db
01dc
01dc
01dc
01dc
01dc
01dc
01dc
01dc
01dc
01dd
01dd
01dd
01dd
01dd
01dd
01dd
01dd
01de
01de
01de
01de
01de
01de
01de
01de
01de
01df
01df
01df
01df
01df
01df
01df
01df
01e0
01e0
01e0
01e0
01e0
01e0
01e0
01e0
01e0
01e1
01e1
01e1
01e1
01e1
01e1
01e1
01e1
01e2
01e2
01e2
01e2
01e2
01e2
01e2
01e2
01e2
01e3
01e3
01e3
01e3
01e3
01e3
01e3
01e3
01e3
01e4
01e4
01e4
01e4
01e4
01e4
01e4
01e4
01e5
01e5
01e5
01e5
01e5
01e5
01e5
01e5
01e5
01e6
01e6
01e6
01e6
01e6
01e6
01e6
01e6
01e7
01e7
01e7
01e7
01e7
01e7
01e7
01e7
01e7
01e8
01e8
01e8
01e8
01e8
01e8
01e8
01e8
01e9
01e9
01e9
01e9
01e9
01e9
01e9
01e9
01ea
01ea
01ea
01ea
01ea
01ea
01ea
01ea
01eb
01eb
01eb
01eb
01eb
01eb
01eb
01eb
01ec
01ec
01ec
01ec
01ec
01ec
01ec
01ec
01ed
01ed
01ed
01ed
01ed
01ed
01ed
01ed
01ee
01ee
01ee
01ee
01ee
01ee
01ee
01ee
01ef
01ef
01ef
01ef
01ef
01ef
01ef
01ef
01f0
01f0
01f0
01f0
01f0
01f0
01f0
01f0
01f1
01f1
01f1
01f1
01f1
01f1
01f1
01f1
01f2
01f2
01f2
01f2
01f2
01f2
01f2
01f2
01f3
01f3
01f3
01f3
01f3
01f3
01f3
01f3
01f4
01f4
01f4
01f4
01f4
01f4
01f4
01f4
01f5
01f5
01f5
01f5
01f5
01f5
01f5
01f5
01f6
01f6
01f6
01f6
01f6
01f6
01f6
01f6
01f7
01f7
01f7
01f7
01f7
01f7
01f7
01f7
01f8
01f8
01f8
01f8
01f8
01f8
01f8
01f8
01f9
01f9
01f9
01f9
01f9
01f9
01f9
01f9
01fa
01fa
01fa
01fa
01fa
01fa
01fa
01fa
01fb
01fb
01fb
01fb
01fb
01fb
01fb
01fb
01fc
01fc
01fc
01fc
01fc
01fc
01fc
01fc
01fd
01fd
01fd
01fd
01fd
01fd
01fd
01fd
01fe
01fe
01fe
01fe
01fe
01fe
01fe
01fe
01ff
01ff
01ff
01ff
01ff
01ff
01ff
01ff
0200
0200
0200
0200
0200
0200
0200
0200
0201
0201
0201
0201
0201
0201
0201
0201
0202
0202
0202
0202
0202
0202
0202
0202
0203
0203
0203
0203
0203
0203
0203
0203
0204
0204
0204
0204
0204
0204
0204
0204
0205
0205
0205
0205
0205
0205
0205
0205
0206
0206
0206
0206
0206
0206
0206
0206
0207
0207
0207
0207
0207
0207
0207
0207
0208
0208
0208
0208
0208
0208
0208
0208
0209
0209
0209
0209
0209
0209
0209
0209
020a
020a
020a
020a
020a
020a
020a
020a
020b
020b
020b
020b
020b
020b
020b
020b
020c
020c
020c
020c
020c
020c
020c
020c
020d
020d
020d
020d
020d
020d
020d
020d
020e
020e
020e
020e
020e
020e
020e
020e
020f
020f
020f
020f
020f
020f
020f
020f
0210
0210
0210
0210
0210
0210
0210
0210
0211
0211
0211
0211
0211
0211
0211
0211
0212
0212
0212
0212
0212
0212
0212
0212
0213
0213
0213
0213
0213
0213
0213
0213
0214
0214
0214
0214
0214
0214
0214
0214
0215
0215
0215
0215
0215
0215
0215
0215
0216
0216
0216
0216
0216
0216
0216
0216
0217
0217
0217
0217
0217
0217
0217
0217
0218
0218
0218
0218
0218
0218
0218
0218
0219
0219
0219
0219
0219
0219
0219
0219
021a
021a
021a
021a
021a
021a
021a
021a
021b
021b
021b
021b
021b
021b
021b
021c
021c
021c
021c
021c
021c
021c
021c
021d
021d
021d
021d
021d
021d
021d
021e
021e
021e
021e
021e
021e
021e
021e
021f
021f
021f
021f
021f
021f
021f
0220
0220
0220
0220
0220
0220
0220
0220
0221
0221
0221
0221
0221
0221
0221
0222
0222
0222
0222
0222
0222
0222
0222
0223
0223
0223
0223
0223
0223
0223
0223
0224
0224
0224
0224
0224
0224
0224
0225
0225
0225
0225
0225
0225
0225
0225
0226
0226
0226
0226
0226
0226
0226
0227
0227
0227
0227
0227
0227
0227
0227
0228
0228
0228
0228
0228
0228
0228
0229
0229
0229
0229
0229
0229
0229
0229
022a
022a
022a
022a
022a
022a
022a
022b
022b
022b
022b
022b
022b
022b
022c
022c
022c
022c
022c
022c
022c
022d
022d
022d
022d
022d
022d
022d
022e
022e
022e
022e
022e
022e
022e
022f
022f
022f
022f
022f
022f
022f
022f
0230
0230
0230
0230
0230
0230
0230
0231
0231
0231
0231
0231
0231
0231
0232
0232
0232
0232
0232
0232
0232
0233
0233
0233
0233
0233
0233
0233
0234
0234
0234
0234
0234
0234
0234
0235
0235
0235
0235
0235
0235
0235
0236
0236
0236
0236
0236
0236
0236
0237
0237
0237
0237
0237
0237
0237
0238
0238
0238
0238
0238
0238
0238
0238
0239
0239
0239
0239
0239
0239
0239
023a
023a
023a
023a
023a
023a
023a
023b
023b
023b
023b
023b
023b
023b
023c
023c
023c
023c
023c
023c
023c
023d
023d
023d
023d
023d
023d
023d
023e
023e
023e
023e
023e
023e
023e
023f
023f
023f
023f
023f
023f
023f
0240
0240
0240
0240
0240
0240
0240
0241
0241
0241
0241
0241
0241
0241
0241
0242
0242
0242
0242
0242
0242
0242
0243
0243
0243
0243
0243
0243
0243
0244
0244
0244
0244
0244
0244
0244
0245
0245
0245
0245
0245
0245
0245
0246
0246
0246
0246
0246
0246
0246
0247
0247
0247
0247
0247
0247
0247
0248
0248
0248
0248
0248
0248
0248
0249
0249
0249
0249
0249
0249
0249
024a
024a
024a
024a
024a
024a
024a
024a
024b
024b
024b
024b
024b
024b
024b
024c
024c
024c
024c
024c
024c
024c
024d
024d
024d
024d
024d
024d
024d
024e
024e
024e
024e
024e
024e
024e
024f
024f
024f
024f
024f
024f
024f
0250
0250
0250
0250
0250
0250
0251
0251
0251
0251
0251
0251
0251
0252
0252
0252
0252
0252
0252
0252
0253
0253
0253
0253
0253
0253
0253
0254
0254
0254
0254
0254
0254
0255
0255
0255
0255
0255
0255
0255
0256
0256
0256
0256
0256
0256
0256
0257
0257
0257
0257
0257
0257
0258
0258
0258
0258
0258
0258
0258
0259
0259
0259
0259
0259
0259
0259
025a
025a
025a
025a
025a
025a
025a
025b
025b
025b
025b
025b
025b
025c
025c
025c
025c
025c
025c
025c
025d
025d
025d
025d
025d
025d
025d
025e
025e
025e
025e
025e
025e
025e
025f
025f
025f
025f
025f
025f
0260
0260
0260
0260
0260
0260
0260
0261
0261
0261
0261
0261
0261
0261
0262
0262
0262
0262
0262
0262
0262
0263
0263
0263
0263
0263
0263
0264
0264
0264
0264
0264
0264
0264
0265
0265
0265
0265
0265
0265
0265
0266
0266
0266
0266
0266
0266
0266
0267
0267
0267
0267
0267
0267
0268
0268
0268
0268
0268
0268
0268
0269
0269
0269
0269
0269
0269
0269
026a
026a
026a
026a
026a
026a
026b
026b
026b
026b
026b
026b
026b
026c
026c
026c
026c
026c
026c
026c
026d
026d
026d
026d
026d
026d
026d
026e
026e
026e
026e
026e
026e
026f
026f
026f
026f
026f
026f
026f
0270
0270
0270
0270
0270
0270
0270
0271
0271
0271
0271
0271
0271
0271
0272
0272
0272
0272
0272
0272
0273
0273
0273
0273
0273
0273
0273
0274
0274
0274
0274
0274
0274
0274
0275
0275
0275
0275
0275
0275
0276
0276
0276
0276
0276
0276
0277
0277
0277
0277
0277
0277
0277
0278
0278
0278
0278
0278
0278
0279
0279
0279
0279
0279
0279
0279
027a
027a
027a
027a
027a
027a
027b
027b
027b
027b
027b
027b
027c
027c
027c
027c
027c
027c
027c
027d
027d
027d
027d
027d
027d
027e
027e
027e
027e
027e
027e
027e
027f
027f
027f
027f
027f
027f
0280
0280
0280
0280
0280
0280
0281
0281
0281
0281
0281
0281
0281
0282
0282
0282
0282
0282
0282
0283
0283
0283
0283
0283
0283
0283
0284
0284
0284
0284
0284
0284
0285
0285
0285
0285
0285
0285
0286
0286
0286
0286
0286
0286
0286
0287
0287
0287
0287
0287
0287
0288
0288
0288
0288
0288
0288
0288
0289
0289
0289
0289
0289
0289
028a
028a
028a
028a
028a
028a
028b
028b
028b
028b
028b
028b
028c
028c
028c
028c
028c
028c
028d
028d
028d
028d
028d
028d
028e
028e
028e
028e
028e
028e
028f
028f
028f
028f
028f
028f
0290
0290
0290
0290
0290
0290
0291
0291
0291
0291
0291
0291
0292
0292
0292
0292
0292
0292
0293
0293
0293
0293
0293
0293
0293
0294
0294
0294
0294
0294
0294
0295
0295
0295
0295
0295
0295
0296
0296
0296
0296
0296
0296
0297
0297
0297
0297
0297
0297
0298
0298
0298
0298
0298
0298
0299
0299
0299
0299
0299
0299
029a
029a
029a
029a
029a
029a
029b
029b
029b
029b
029b
029b
029c
029c
029c
029c
029c
029c
029d
029d
029d
029d
029d
029d
029d
029e
029e
029e
029e
029e
029e
029f
029f
029f
029f
029f
029f
02a0
02a0
02a0
02a0
02a0
02a0
02a1
02a1
02a1
02a1
02a1
02a1
02a2
02a2
02a2
02a2
02a2
02a2
02a3
02a3
02a3
02a3
02a3
02a3
02a4
02a4
02a4
02a4
02a4
02a4
02a5
02a5
02a5
02a5
02a5
02a5
02a6
02a6
02a6
02a6
02a6
02a6
02a7
02a7
02a7
02a7
02a7
02a7
02a8
02a8
02a8
02a8
02a8
02a8
02a8
02a9
02a9
02a9
02a9
02a9
02a9
02aa
02aa
02aa
02aa
02aa
02aa
02ab
02ab
02ab
02ab
02ab
02ab
02ac
02ac
02ac
02ac
02ac
02ac
02ad
02ad
02ad
02ad
02ad
02ad
02ae
02ae
02ae
02ae
02ae
02ae
02af
02af
02af
02af
02af
02af
02b0
02b0
02b0
02b0
02b0
02b0
02b1
02b1
02b1
02b1
02b1
02b1
02b2
02b2
02b2
02b2
02b2
02b2
02b3
02b3
02b3
02b3
02b3
02b3
02b4
02b4
02b4
02b4
02b4
02b4
02b5
02b5
02b5
02b5
02b5
02b5
02b6
02b6
02b6
02b6
02b6
02b6
02b7
02b7
02b7
02b7
02b7
02b8
02b8
02b8
02b8
02b8
02b8
02b9
02b9
02b9
02b9
02b9
02b9
02ba
02ba
02ba
02ba
02ba
02ba
02bb
02bb
02bb
02bb
02bb
02bb
02bc
02bc
02bc
02bc
02bc
02bc
02bd
02bd
02bd
02bd
02bd
02be
02be
02be
02be
02be
02be
02bf
02bf
02bf
02bf
02bf
02bf
02c0
02c0
02c0
02c0
02c0
02c0
02c1
02c1
02c1
02c1
02c1
02c1
02c2
02c2
02c2
02c2
02c2
02c3
02c3
02c3
02c3
02c3
02c3
02c4
02c4
02c4
02c4
02c4
02c4
02c5
02c5
02c5
02c5
02c5
02c5
02c6
02c6
02c6
02c6
02c6
02c6
02c7
02c7
02c7
02c7
02c7
02c7
02c8
02c8
02c8
02c8
02c8
02c9
02c9
02c9
02c9
02c9
02c9
02ca
02ca
02ca
02ca
02ca
02ca
02cb
02cb
02cb
02cb
02cb
02cb
02cc
02cc
02cc
02cc
02cc
02cc
02cd
02cd
02cd
02cd
02cd
02ce
02ce
02ce
02ce
02ce
02ce
02cf
02cf
02cf
02cf
02cf
02cf
02d0
02d0
02d0
02d0
02d0
02d0
02d1
02d1
02d1
02d1
02d1
02d1
02d2
02d2
02d2
02d2
02d2
02d2
02d3
02d3
02d3
02d3
02d3
02d4
02d4
02d4
02d4
02d4
02d4
02d5
02d5
02d5
02d5
02d5
02d5
02d6
02d6
02d6
02d6
02d6
02d6
02d7
02d7
02d7
02d7
02d7
02d7
02d8
02d8
02d8
02d8
02d8
02d9
02d9
02d9
02d9
02d9
02d9
02da
02da
02da
02da
02da
02da
02db
02db
02db
02db
02db
02db
02dc
02dc
02dc
02dc
02dc
02dc
02dd
02dd
02dd
02dd
02dd
02dd
02de
02de
02de
02de
02de
02df
02df
02df
02df
02df
02e0
02e0
02e0
02e0
02e0
02e0
02e1
02e1
02e1
02e1
02e1
02e2
02e2
02e2
02e2
02e2
02e3
02e3
02e3
02e3
02e3
02e3
02e4
02e4
02e4
02e4
02e4
02e5
02e5
02e5
02e5
02e5
02e6
02e6
02e6
02e6
02e6
02e6
02e7
02e7
02e7
02e7
02e7
02e8
02e8
02e8
02e8
02e8
02e9
02e9
02e9
02e9
02e9
02e9
02ea
02ea
02ea
02ea
02ea
02eb
02eb
02eb
02eb
02eb
02ec
02ec
02ec
02ec
02ec
02ec
02ed
02ed
02ed
02ed
02ed
02ee
02ee
02ee
02ee
02ee
02ef
02ef
02ef
02ef
02ef
02ef
02f0
02f0
02f0
02f0
02f0
02f1
02f1
02f1
02f1
02f1
02f2
02f2
02f2
02f2
02f2
02f2
02f3
02f3
02f3
02f3
02f3
02f4
02f4
02f4
02f4
02f4
02f5
02f5
02f5
02f5
02f5
02f5
02f6
02f6
02f6
02f6
02f6
02f7
02f7
02f7
02f7
02f7
02f8
02f8
02f8
02f8
02f8
02f8
02f9
02f9
02f9
02f9
02f9
02fa
02fa
02fa
02fa
02fa
02fb
02fb
02fb
02fb
02fb
02fb
02fc
02fc
02fc
02fc
02fc
02fd
02fd
02fd
02fd
02fd
02fe
02fe
02fe
02fe
02fe
02fe
02ff
02ff
02ff
02ff
02ff
0300
0300
0300
0300
0300
0301
0301
0301
0301
0301
0301
0302
0302
0302
0302
0302
0303
0303
0303
0303
0303
0304
0304
0304
0304
0304
0304
0305
0305
0305
0305
0305
0306
0306
0306
0306
0306
0307
0307
0307
0307
0307
0307
0308
0308
0308
0308
0308
0309
0309
0309
0309
0309
030a
030a
030a
030a
030a
030a
030b
030b
030b
030b
030b
030c
030c
030c
030c
030c
030d
030d
030d
030d
030d
030d
030e
030e
030e
030e
030e
030f
030f
030f
030f
030f
0310
0310
0310
0310
0310
0311
0311
0311
0311
0311
0312
0312
0312
0312
0312
0312
0313
0313
0313
0313
0313
0314
0314
0314
0314
0314
0315
0315
0315
0315
0315
0316
0316
0316
0316
0316
0317
0317
0317
0317
0317
0318
0318
0318
0318
0318
0319
0319
0319
0319
0319
031a
031a
031a
031a
031a
031b
031b
031b
031b
031b
031b
031c
031c
031c
031c
031c
031d
031d
031d
031d
031d
031e
031e
031e
031e
031e
031f
031f
031f
031f
031f
0320
0320
0320
0320
0320
0321
0321
0321
0321
0321
0322
0322
0322
0322
0322
0323
0323
0323
0323
0323
0323
0324
0324
0324
0324
0324
0325
0325
0325
0325
0325
0326
0326
0326
0326
0326
0327
0327
0327
0327
0327
0328
0328
0328
0328
0328
0329
0329
0329
0329
0329
032a
032a
032a
032a
032a
032b
032b
032b
032b
032b
032b
032c
032c
032c
032c
032c
032d
032d
032d
032d
032d
032e
032e
032e
032e
032e
032f
032f
032f
032f
032f
0330
0330
0330
0330
0330
0331
0331
0331
0331
0331
0332
0332
0332
0332
0332
0333
0333
0333
0333
0333
0334
0334
0334
0334
0334
0334
0335
0335
0335
0335
0335
0336
0336
0336
0336
0336
0337
0337
0337
0337
0337
0338
0338
0338
0338
0338
0339
0339
0339
0339
0339
033a
033a
033a
033a
033a
033b
033b
033b
033b
033b
033c
033c
033c
033c
033c
033c
033d
033d
033d
033d
033d
033e
033e
033e
033e
033e
033f
033f
033f
033f
033f
0340
0340
0340
0340
0340
0341
0341
0341
0341
0341
0342
0342
0342
0342
0343
0343
0343
0343
0343
0344
0344
0344
0344
0344
0345
0345
0345
0345
0345
0346
0346
0346
0346
0347
0347
0347
0347
0347
0348
0348
0348
0348
0348
0349
0349
0349
0349
0349
034a
034a
034a
034a
034b
034b
034b
034b
034b
034c
034c
034c
034c
034c
034d
034d
034d
034d
034e
034e
034e
034e
034e
034f
034f
034f
034f
034f
0350
0350
0350
0350
0350
0351
0351
0351
0351
0352
0352
0352
0352
0352
0353
0353
0353
0353
0353
0354
0354
0354
0354
0354
0355
0355
0355
0355
0356
0356
0356
0356
0356
0357
0357
0357
0357
0357
0358
0358
0358
0358
0358
0359
0359
0359
0359
035a
035a
035a
035a
035a
035b
035b
035b
035b
035b
035c
035c
035c
035c
035c
035d
035d
035d
035d
035e
035e
035e
035e
035e
035f
035f
035f
035f
035f
0360
0360
0360
0360
0360
0361
0361
0361
0361
0362
0362
0362
0362
0362
0363
0363
0363
0363
0363
0364
0364
0364
0364
0364
0365
0365
0365
0365
0366
0366
0366
0366
0366
0367
0367
0367
0367
0367
0368
0368
0368
0368
0369
0369
0369
0369
0369
036a
036a
036a
036a
036a
036b
036b
036b
036b
036b
036c
036c
036c
036c
036d
036d
036d
036d
036d
036e
036e
036e
036e
036e
036f
036f
036f
036f
036f
0370
0370
0370
0370
0371
0371
0371
0371
0371
0372
0372
0372
0372
0372
0373
0373
0373
0373
0373
0374
0374
0374
0374
0375
0375
0375
0375
0375
0376
0376
0376
0376
0376
0377
0377
0377
0377
0378
0378
0378
0378
0378
0379
0379
0379
0379
037a
037a
037a
037a
037a
037b
037b
037b
037b
037b
037c
037c
037c
037c
037d
037d
037d
037d
037d
037e
037e
037e
037e
037f
037f
037f
037f
037f
0380
0380
0380
0380
0381
0381
0381
0381
0381
0382
0382
0382
0382
0382
0383
0383
0383
0383
0384
0384
0384
0384
0384
0385
0385
0385
0385
0386
0386
0386
0386
0386
0387
0387
0387
0387
0388
0388
0388
0388
0388
0389
0389
0389
0389
0389
038a
038a
038a
038a
038b
038b
038b
038b
038b
038c
038c
038c
038c
038d
038d
038d
038d
038d
038e
038e
038e
038e
038f
038f
038f
038f
038f
0390
0390
0390
0390
0390
0391
0391
0391
0391
0392
0392
0392
0392
0392
0393
0393
0393
0393
0394
0394
0394
0394
0394
0395
0395
0395
0395
0396
0396
0396
0396
0397
0397
0397
0397
0397
0398
0398
0398
0398
0399
0399
0399
0399
0399
039a
039a
039a
039a
039b
039b
039b
039b
039c
039c
039c
039c
039c
039d
039d
039d
039d
039e
039e
039e
039e
039e
039f
039f
039f
039f
03a0
03a0
03a0
03a0
03a1
03a1
03a1
03a1
03a1
03a2
03a2
03a2
03a2
03a3
03a3
03a3
03a3
03a3
03a4
03a4
03a4
03a4
03a5
03a5
03a5
03a5
03a5
03a6
03a6
03a6
03a6
03a7
03a7
03a7
03a7
03a8
03a8
03a8
03a8
03a8
03a9
03a9
03a9
03a9
03aa
03aa
03aa
03aa
03aa
03ab
03ab
03ab
03ab
03ac
03ac
03ac
03ac
03ad
03ad
03ad
03ad
03ad
03ae
03ae
03ae
03ae
03af
03af
03af
03af
03af
03b0
03b0
03b0
03b0
03b1
03b1
03b1
03b1
03b2
03b2
03b2
03b2
03b3
03b3
03b3
03b3
03b3
03b4
03b4
03b4
03b4
03b5
03b5
03b5
03b5
03b6
03b6
03b6
03b6
03b7
03b7
03b7
03b7
03b7
03b8
03b8
03b8
03b8
03b9
03b9
03b9
03b9
03ba
03ba
03ba
03ba
03ba
03bb
03bb
03bb
03bb
03bc
03bc
03bc
03bc
03bd
03bd
03bd
03bd
03be
03be
03be
03be
03be
03bf
03bf
03bf
03bf
03c0
03c0
03c0
03c0
03c1
03c1
03c1
03c1
03c2
03c2
03c2
03c2
03c2
03c3
03c3
03c3
03c3
03c4
03c4
03c4
03c4
03c5
03c5
03c5
03c5
03c6
03c6
03c6
03c6
03c6
03c7
03c7
03c7
03c7
03c8
03c8
03c8
03c8
03c9
03c9
03c9
03c9
03c9
03ca
03ca
03ca
03ca
03cb
03cb
03cb
03cb
03cc
03cc
03cc
03cc
03cd
03cd
03cd
03cd
03cd
03ce
03ce
03ce
03ce
03cf
03cf
03cf
03cf
03d0
03d0
03d0
03d0
03d1
03d1
03d1
03d1
03d2
03d2
03d2
03d2
03d3
03d3
03d3
03d3
03d4
03d4
03d4
03d4
03d5
03d5
03d5
03d5
03d5
03d6
03d6
03d6
03d6
03d7
03d7
03d7
03d7
03d8
03d8
03d8
03d8
03d9
03d9
03d9
03d9
03da
03da
03da
03da
03db
03db
03db
03db
03dc
03dc
03dc
03dc
03dd
03dd
03dd
03dd
03dd
03de
03de
03de
03de
03df
03df
03df
03df
03e0
03e0
03e0
03e0
03e1
03e1
03e1
03e1
03e2
03e2
03e2
03e2
03e3
03e3
03e3
03e3
03e4
03e4
03e4
03e4
03e4
03e5
03e5
03e5
03e5
03e6
03e6
03e6
03e6
03e7
03e7
03e7
03e7
03e8
03e8
03e8
03e8
03e9
03e9
03e9
03e9
03ea
03ea
03ea
03ea
03eb
03eb
03eb
03eb
03ec
03ec
03ec
03ec
03ed
03ed
03ed
03ed
03ee
03ee
03ee
03ee
03ef
03ef
03ef
03ef
03f0
03f0
03f0
03f0
03f1
03f1
03f1
03f1
03f2
03f2
03f2
03f2
03f3
03f3
03f3
03f3
03f4
03f4
03f4
03f4
03f5
03f5
03f5
03f5
03f6
03f6
03f6
03f6
03f7
03f7
03f7
03f7
03f8
03f8
03f8
03f8
03f9
03f9
03f9
03f9
03fa
03fa
03fa
03fa
03fb
03fb
03fb
03fb
03fc
03fc
03fc
03fc
03fd
03fd
03fd
03fd
03fe
03fe
03fe
03fe
03ff
03ff
03ff
03ff
0400
0400
0400
0400
0401
0401
0401
0401
0402
0402
0402
0402
0403
0403
0403
0403
0404
0404
0404
0404
0405
0405
0405
0405
0406
0406
0406
0406
0407
0407
0407
0407
0408
0408
0408
0408
0409
0409
0409
0409
040a
040a
040a
040a
040b
040b
040b
040b
040c
040c
040c
040c
040d
040d
040d
040d
040e
040e
040e
040e
040f
040f
040f
040f
0410
0410
0410
0410
0411
0411
0411
0411
0412
0412
0412
0412
0413
0413
0413
0413
0414
0414
0414
0415
0415
0415
0415
0416
0416
0416
0416
0417
0417
0417
0417
0418
0418
0418
0418
0419
0419
0419
0419
041a
041a
041a
041a
041b
041b
041b
041b
041c
041c
041c
041d
041d
041d
041d
041e
041e
041e
041e
041f
041f
041f
041f
0420
0420
0420
0420
0421
0421
0421
0421
0422
0422
0422
0422
0423
0423
0423
0423
0424
0424
0424
0424
0425
0425
0425
0426
0426
0426
0426
0427
0427
0427
0427
0428
0428
0428
0428
0429
0429
0429
0429
042a
042a
042a
042a
042b
042b
042b
042b
042c
042c
042c
042c
042d
042d
042d
042e
042e
042e
042e
042f
042f
042f
042f
0430
0430
0430
0430
0431
0431
0431
0431
0432
0432
0432
0432
0433
0433
0433
0433
0434
0434
0434
0434
0435
0435
0435
0436
0436
0436
0436
0437
0437
0437
0437
0438
0438
0438
0438
0439
0439
0439
0439
043a
043a
043a
043a
043b
043b
043b
043b
043c
043c
043c
043c
043d
043d
043d
043e
043e
043e
043e
043f
043f
043f
043f
0440
0440
0440
0440
0441
0441
0441
0441
0442
0442
0442
0442
0443
0443
0443
0443
0444
0444
0444
0444
0445
0445
0445
0445
0446
0446
0446
0447
0447
0447
0447
0448
0448
0448
0448
0449
0449
0449
0449
044a
044a
044a
044a
044b
044b
044b
044b
044c
044c
044c
044c
044d
044d
044d
044d
044e
044e
044e
044f
044f
044f
044f
0450
0450
0450
0450
0451
0451
0451
0452
0452
0452
0452
0453
0453
0453
0453
0454
0454
0454
0455
0455
0455
0455
0456
0456
0456
0456
0457
0457
0457
0458
0458
0458
0458
0459
0459
0459
0459
045a
045a
045a
045b
045b
045b
045b
045c
045c
045c
045c
045d
045d
045d
045e
045e
045e
045e
045f
045f
045f
0460
0460
0460
0460
0461
0461
0461
0461
0462
0462
0462
0463
0463
0463
0463
0464
0464
0464
0464
0465
0465
0465
0466
0466
0466
0466
0467
0467
0467
0467
0468
0468
0468
0469
0469
0469
0469
046a
046a
046a
046a
046b
046b
046b
046c
046c
046c
046c
046d
046d
046d
046d
046e
046e
046e
046f
046f
046f
046f
0470
0470
0470
0470
0471
0471
0471
0472
0472
0472
0472
0473
0473
0473
0474
0474
0474
0474
0475
0475
0475
0476
0476
0476
0476
0477
0477
0477
0478
0478
0478
0479
0479
0479
0479
047a
047a
047a
047b
047b
047b
047b
047c
047c
047c
047d
047d
047d
047d
047e
047e
047e
047f
047f
047f
047f
0480
0480
0480
0481
0481
0481
0481
0482
0482
0482
0483
0483
0483
0484
0484
0484
0484
0485
0485
0485
0486
0486
0486
0486
0487
0487
0487
0488
0488
0488
0488
0489
0489
0489
048a
048a
048a
048a
048b
048b
048b
048c
048c
048c
048c
048d
048d
048d
048e
048e
048e
048e
048f
048f
048f
0490
0490
0490
0491
0491
0491
0491
0492
0492
0492
0493
0493
0493
0493
0494
0494
0494
0495
0495
0495
0495
0496
0496
0496
0497
0497
0497
0497
0498
0498
0498
0499
0499
0499
0499
049a
049a
049a
049b
049b
049b
049b
049c
049c
049c
049d
049d
049d
049e
049e
049e
049e
049f
049f
049f
04a0
04a0
04a0
04a0
04a1
04a1
04a1
04a2
04a2
04a2
04a2
04a3
04a3
04a3
04a4
04a4
04a4
04a4
04a5
04a5
04a5
04a6
04a6
04a6
04a6
04a7
04a7
04a7
04a8
04a8
04a8
04a9
04a9
04a9
04a9
04aa
04aa
04aa
04ab
04ab
04ab
04ab
04ac
04ac
04ac
04ad
04ad
04ad
04ad
04ae
04ae
04ae
04af
04af
04af
04af
04b0
04b0
04b0
04b1
04b1
04b1
04b1
04b2
04b2
04b2
04b3
04b3
04b3
04b3
04b4
04b4
04b4
04b5
04b5
04b5
04b6
04b6
04b6
04b6
04b7
04b7
04b7
04b8
04b8
04b8
04b8
04b9
04b9
04b9
04ba
04ba
04ba
04ba
04bb
04bb
04bb
04bc
04bc
04bc
04bc
04bd
04bd
04bd
04be
04be
04be
04bf
04bf
04bf
04bf
04c0
04c0
04c0
04c1
04c1
04c1
04c2
04c2
04c2
04c2
04c3
04c3
04c3
04c4
04c4
04c4
04c5
04c5
04c5
04c5
04c6
04c6
04c6
04c7
04c7
04c7
04c7
04c8
04c8
04c8
04c9
04c9
04c9
04ca
04ca
04ca
04ca
04cb
04cb
04cb
04cc
04cc
04cc
04cd
04cd
04cd
04cd
04ce
04ce
04ce
04cf
04cf
04cf
04cf
04d0
04d0
04d0
04d1
04d1
04d1
04d2
04d2
04d2
04d2
04d3
04d3
04d3
04d4
04d4
04d4
04d5
04d5
04d5
04d5
04d6
04d6
04d6
04d7
04d7
04d7
04d8
04d8
04d8
04d8
04d9
04d9
04d9
04da
04da
04da
04da
04db
04db
04db
04dc
04dc
04dc
04dd
04dd
04dd
04dd
04de
04de
04de
04df
04df
04df
04e0
04e0
04e0
04e0
04e1
04e1
04e1
04e2
04e2
04e2
04e3
04e3
04e3
04e4
04e4
04e4
04e4
04e5
04e5
04e5
04e6
04e6
04e6
04e7
04e7
04e7
04e8
04e8
04e8
04e9
04e9
04e9
04e9
04ea
04ea
04ea
04eb
04eb
04eb
04ec
04ec
04ec
04ed
04ed
04ed
04ee
04ee
04ee
04ee
04ef
04ef
04ef
04f0
04f0
04f0
04f1
04f1
04f1
04f2
04f2
04f2
04f3
04f3
04f3
04f3
04f4
04f4
04f4
04f5
04f5
04f5
04f6
04f6
04f6
04f7
04f7
04f7
04f8
04f8
04f8
04f8
04f9
04f9
04f9
04fa
04fa
04fa
04fb
04fb
04fb
04fc
04fc
04fc
04fd
04fd
04fd
04fd
04fe
04fe
04fe
04ff
04ff
04ff
0500
0500
0500
0501
0501
0501
0502
0502
0502
0502
0503
0503
0503
0504
0504
0504
0505
0505
0505
0506
0506
0506
0507
0507
0507
0507
0508
0508
0508
0509
0509
0509
050a
050a
050a
050b
050b
050b
050c
050c
050c
050d
050d
050d
050d
050e
050e
050e
050f
050f
050f
0510
0510
0510
0511
0511
0511
0512
0512
0512
0513
0513
0513
0514
0514
0514
0515
0515
0515
0515
0516
0516
0516
0517
0517
0517
0518
0518
0518
0519
0519
0519
051a
051a
051a
051b
051b
051b
051c
051c
051c
051d
051d
051d
051e
051e
051e
051e
051f
051f
051f
0520
0520
0520
0521
0521
0521
0522
0522
0522
0523
0523
0523
0524
0524
0524
0525
0525
0525
0526
0526
0526
0526
0527
0527
0527
0528
0528
0528
0529
0529
0529
052a
052a
052a
052b
052b
052b
052c
052c
052c
052d
052d
052d
052e
052e
052e
052e
052f
052f
052f
0530
0530
0530
0531
0531
0531
0532
0532
0532
0533
0533
0533
0534
0534
0534
0535
0535
0535
0536
0536
0536
0537
0537
0537
0538
0538
0538
0539
0539
0539
053a
053a
053a
053b
053b
053b
053c
053c
053c
053d
053d
053d
053d
053e
053e
053e
053f
053f
053f
0540
0540
0540
0541
0541
0541
0542
0542
0542
0543
0543
0543
0544
0544
0544
0545
0545
0545
0546
0546
0546
0547
0547
0547
0548
0548
0548
0549
0549
0549
054a
054a
054a
054b
054b
054b
054c
054c
054c
054d
054d
054d
054e
054e
054e
054f
054f
054f
0550
0550
0550
0551
0551
0551
0552
0552
0552
0552
0553
0553
0553
0554
0554
0554
0555
0555
0555
0556
0556
0556
0557
0557
0557
0558
0558
0558
0559
0559
0559
055a
055a
055a
055b
055b
055b
055c
055c
055c
055d
055d
055d
055e
055e
055e
055f
055f
055f
0560
0560
0560
0561
0561
0562
0562
0562
0563
0563
0563
0564
0564
0564
0565
0565
0565
0566
0566
0566
0567
0567
0567
0568
0568
0568
0569
0569
0569
056a
056a
056a
056b
056b
056b
056c
056c
056d
056d
056d
056e
056e
056e
056f
056f
056f
0570
0570
0570
0571
0571
0571
0572
0572
0572
0573
0573
0573
0574
0574
0574
0575
0575
0575
0576
0576
0576
0577
0577
0578
0578
0578
0579
0579
0579
057a
057a
057a
057b
057b
057b
057c
057c
057c
057d
057d
057d
057e
057e
057e
057f
057f
057f
0580
0580
0580
0581
0581
0581
0582
0582
0583
0583
0583
0584
0584
0584
0585
0585
0585
0586
0586
0586
0587
0587
0587
0588
0588
0588
0589
0589
0589
058a
058a
058a
058b
058b
058b
058c
058c
058c
058d
058d
058e
058e
058e
058f
058f
058f
0590
0590
0590
0591
0591
0591
0592
0592
0592
0593
0593
0593
0594
0594
0594
0595
0595
0595
0596
0596
0596
0597
0597
0597
0598
0598
0599
0599
0599
059a
059a
059a
059b
059b
059b
059c
059c
059c
059d
059d
059d
059e
059e
059e
059f
059f
059f
05a0
05a0
05a0
05a1
05a1
05a1
05a2
05a2
05a2
05a3
05a3
05a4
05a4
05a4
05a5
05a5
05a5
05a6
05a6
05a6
05a7
05a7
05a7
05a8
05a8
05a8
05a9
05a9
05a9
05aa
05aa
05aa
05ab
05ab
05ab
05ac
05ac
05ac
05ad
05ad
05ad
05ae
05ae
05af
05af
05af
05b0
05b0
05b0
05b1
05b1
05b1
05b2
05b2
05b2
05b3
05b3
05b3
05b4
05b4
05b4
05b5
05b5
05b5
05b6
05b6
05b7
05b7
05b7
05b8
05b8
05b8
05b9
05b9
05ba
05ba
05ba
05bb
05bb
05bb
05bc
05bc
05bc
05bd
05bd
05be
05be
05be
05bf
05bf
05bf
05c0
05c0
05c0
05c1
05c1
05c2
05c2
05c2
05c3
05c3
05c3
05c4
05c4
05c5
05c5
05c5
05c6
05c6
05c6
05c7
05c7
05c7
05c8
05c8
05c9
05c9
05c9
05ca
05ca
05ca
05cb
05cb
05cc
05cc
05cc
05cd
05cd
05cd
05ce
05ce
05ce
05cf
05cf
05d0
05d0
05d0
05d1
05d1
05d1
05d2
05d2
05d2
05d3
05d3
05d4
05d4
05d4
05d5
05d5
05d5
05d6
05d6
05d7
05d7
05d7
05d8
05d8
05d8
05d9
05d9
05d9
05da
05da
05db
05db
05db
05dc
05dc
05dc
05dd
05dd
05dd
05de
05de
05df
05df
05df
05e0
05e0
05e0
05e1
05e1
05e2
05e2
05e2
05e3
05e3
05e3
05e4
05e4
05e5
05e5
05e5
05e6
05e6
05e6
05e7
05e7
05e8
05e8
05e8
05e9
05e9
05e9
05ea
05ea
05eb
05eb
05eb
05ec
05ec
05ec
05ed
05ed
05ee
05ee
05ee
05ef
05ef
05ef
05f0
05f0
05f1
05f1
05f1
05f2
05f2
05f2
05f3
05f3
05f4
05f4
05f4
05f5
05f5
05f5
05f6
05f6
05f7
05f7
05f7
05f8
05f8
05f8
05f9
05f9
05fa
05fa
05fa
05fb
05fb
05fb
05fc
05fc
05fd
05fd
05fd
05fe
05fe
05fe
05ff
05ff
0600
0600
0600
0601
0601
0601
0602
0602
0603
0603
0603
0604
0604
0604
0605
0605
0606
0606
0606
0607
0607
0607
0608
0608
0609
0609
0609
060a
060a
060a
060b
060b
060c
060c
060c
060d
060d
060d
060e
060e
060f
060f
060f
0610
0610
0610
0611
0611
0612
0612
0612
0613
0613
0613
0614
0614
0615
0615
0615
0616
0616
0616
0617
0617
0618
0618
0618
0619
0619
061a
061a
061a
061b
061b
061b
061c
061c
061d
061d
061d
061e
061e
061e
061f
061f
0620
0620
0620
0621
0621
0622
0622
0622
0623
0623
0623
0624
0624
0625
0625
0625
0626
0626
0627
0627
0627
0628
0628
0628
0629
0629
062a
062a
062a
062b
062b
062c
062c
062c
062d
062d
062d
062e
062e
062f
062f
062f
0630
0630
0630
0631
0631
0632
0632
0632
0633
0633
0634
0634
0634
0635
0635
0635
0636
0636
0637
0637
0637
0638
0638
0639
0639
0639
063a
063a
063a
063b
063b
063c
063c
063c
063d
063d
063d
063e
063e
063f
063f
063f
0640
0640
0641
0641
0641
0642
0642
0642
0643
0643
0644
0644
0644
0645
0645
0646
0646
0646
0647
0647
0648
0648
0648
0649
0649
064a
064a
064a
064b
064b
064c
064c
064c
064d
064d
064e
064e
064e
064f
064f
0650
0650
0650
0651
0651
0652
0652
0652
0653
0653
0654
0654
0654
0655
0655
0656
0656
0656
0657
0657
0658
0658
0658
0659
0659
065a
065a
065a
065b
065b
065c
065c
065c
065d
065d
065e
065e
065e
065f
065f
065f
0660
0660
0661
0661
0661
0662
0662
0663
0663
0663
0664
0664
0665
0665
0665
0666
0666
0667
0667
0667
0668
0668
0669
0669
0669
066a
066a
066b
066b
066b
066c
066c
066d
066d
066d
066e
066e
066f
066f
066f
0670
0670
0671
0671
0671
0672
0672
0673
0673
0673
0674
0674
0675
0675
0675
0676
0676
0677
0677
0677
0678
0678
0679
0679
0679
067a
067a
067b
067b
067b
067c
067c
067d
067d
067e
067e
067e
067f
067f
0680
0680
0680
0681
0681
0682
0682
0682
0683
0683
0684
0684
0684
0685
0685
0686
0686
0686
0687
0687
0688
0688
0688
0689
0689
068a
068a
068b
068b
068b
068c
068c
068d
068d
068d
068e
068e
068f
068f
068f
0690
0690
0691
0691
0691
0692
0692
0693
0693
0693
0694
0694
0695
0695
0695
0696
0696
0697
0697
0698
0698
0698
0699
0699
069a
069a
069a
069b
069b
069c
069c
069c
069d
069d
069e
069e
069e
069f
069f
06a0
06a0
06a0
06a1
06a1
06a2
06a2
06a2
06a3
06a3
06a4
06a4
06a5
06a5
06a5
06a6
06a6
06a7
06a7
06a7
06a8
06a8
06a9
06a9
06a9
06aa
06aa
06ab
06ab
06ab
06ac
06ac
06ad
06ad
06ae
06ae
06ae
06af
06af
06b0
06b0
06b1
06b1
06b1
06b2
06b2
06b3
06b3
06b4
06b4
06b4
06b5
06b5
06b6
06b6
06b7
06b7
06b7
06b8
06b8
06b9
06b9
06ba
06ba
06ba
06bb
06bb
06bc
06bc
06bd
06bd
06bd
06be
06be
06bf
06bf
06c0
06c0
06c0
06c1
06c1
06c2
06c2
06c3
06c3
06c3
06c4
06c4
06c5
06c5
06c6
06c6
06c7
06c7
06c7
06c8
06c8
06c9
06c9
06ca
06ca
06ca
06cb
06cb
06cc
06cc
06cd
06cd
06cd
06ce
06ce
06cf
06cf
06d0
06d0
06d0
06d1
06d1
06d2
06d2
06d3
06d3
06d3
06d4
06d4
06d5
06d5
06d6
06d6
06d6
06d7
06d7
06d8
06d8
06d9
06d9
06d9
06da
06da
06db
06db
06dc
06dc
06dc
06dd
06dd
06de
06de
06df
06df
06df
06e0
06e0
06e1
06e1
06e2
06e2
06e2
06e3
06e3
06e4
06e4
06e5
06e5
06e6
06e6
06e6
06e7
06e7
06e8
06e8
06e9
06e9
06e9
06ea
06ea
06eb
06eb
06ec
06ec
06ed
06ed
06ed
06ee
06ee
06ef
06ef
06f0
06f0
06f0
06f1
06f1
06f2
06f2
06f3
06f3
06f4
06f4
06f4
06f5
06f5
06f6
06f6
06f7
06f7
06f7
06f8
06f8
06f9
06f9
06fa
06fa
06fb
06fb
06fb
06fc
06fc
06fd
06fd
06fe
06fe
06fe
06ff
06ff
0700
0700
0701
0701
0702
0702
0702
0703
0703
0704
0704
0705
0705
0705
0706
0706
0707
0707
0708
0708
0709
0709
0709
070a
070a
070b
070b
070c
070c
070c
070d
070d
070e
070e
070f
070f
0710
0710
0710
0711
0711
0712
0712
0713
0713
0713
0714
0714
0715
0715
0716
0716
0717
0717
0717
0718
0718
0719
0719
071a
071a
071a
071b
071b
071c
071c
071d
071d
071e
071e
071e
071f
071f
0720
0720
0721
0721
0722
0722
0722
0723
0723
0724
0724
0725
0725
0726
0726
0726
0727
0727
0728
0728
0729
0729
072a
072a
072a
072b
072b
072c
072c
072d
072d
072e
072e
072e
072f
072f
0730
0730
0731
0731
0732
0732
0732
0733
0733
0734
0734
0735
0735
0736
0736
0737
0737
0737
0738
0738
0739
0739
073a
073a
073b
073b
073b
073c
073c
073d
073d
073e
073e
073f
073f
073f
0740
0740
0741
0741
0742
0742
0743
0743
0743
0744
0744
0745
0745
0746
0746
0747
0747
0747
0748
0748
0749
0749
074a
074a
074b
074b
074b
074c
074c
074d
074d
074e
074e
074f
074f
074f
0750
0750
0751
0751
0752
0752
0753
0753
0753
0754
0754
0755
0755
0756
0756
0757
0757
0758
0758
0759
0759
075a
075a
075b
075b
075b
075c
075c
075d
075d
075e
075e
075f
075f
0760
0760
0761
0761
0762
0762
0762
0763
0763
0764
0764
0765
0765
0766
0766
0767
0767
0768
0768
0769
0769
076a
076a
076a
076b
076b
076c
076c
076d
076d
076e
076e
076f
076f
0770
0770
0771
0771
0771
0772
0772
0773
0773
0774
0774
0775
0775
0776
0776
0777
0777
0778
0778
0779
0779
0779
077a
077a
077b
077b
077c
077c
077d
077d
077e
077e
077f
077f
0780
0780
0780
0781
0781
0782
0782
0783
0783
0784
0784
0785
0785
0786
0786
0787
0787
0788
0788
0788
0789
0789
078a
078a
078b
078b
078c
078c
078d
078d
078e
078e
078f
078f
078f
0790
0790
0791
0791
0792
0792
0793
0793
0794
0794
0795
0795
0796
0796
0797
0797
0798
0798
0799
0799
0799
079a
079a
079b
079b
079c
079c
079d
079d
079e
079e
079f
079f
07a0
07a0
07a1
07a1
07a2
07a2
07a3
07a3
07a3
07a4
07a4
07a5
07a5
07a6
07a6
07a7
07a7
07a8
07a8
07a9
07a9
07aa
07aa
07ab
07ab
07ac
07ac
07ad
07ad
07ae
07ae
07ae
07af
07af
07b0
07b0
07b1
07b1
07b2
07b2
07b3
07b3
07b4
07b4
07b5
07b5
07b6
07b6
07b7
07b7
07b8
07b8
07b8
07b9
07b9
07ba
07ba
07bb
07bb
07bc
07bc
07bd
07bd
07be
07be
07bf
07bf
07c0
07c0
07c1
07c1
07c2
07c2
07c2
07c3
07c3
07c4
07c4
07c5
07c5
07c6
07c6
07c7
07c7
07c8
07c8
07c9
07c9
07ca
07ca
07cb
07cb
07cc
07cc
07cd
07cd
07ce
07ce
07cf
07cf
07d0
07d0
07d1
07d1
07d2
07d2
07d3
07d3
07d4
07d4
07d5
07d5
07d6
07d6
07d7
07d7
07d8
07d8
07d9
07d9
07da
07da
07db
07db
07dc
07dc
07dd
07dd
07de
07de
07df
07df
07e0
07e0
07e1
07e1
07e2
07e2
07e3
07e3
07e4
07e4
07e5
07e5
07e6
07e6
07e7
07e7
07e8
07e8
07e9
07e9
07ea
07ea
07eb
07eb
07ec
07ec
07ed
07ed
07ee
07ee
07ef
07ef
07f0
07f0
07f1
07f1
07f2
07f2
07f3
07f3
07f4
07f4
07f5
07f5
07f6
07f6
07f7
07f7
07f8
07f8
07f9
07f9
07fa
07fa
07fb
07fb
07fc
07fc
07fd
07fd
07fe
07fe
07ff
07ff
0800
0800
0801
0801
0802
0802
0803
0803
0804
0804
0805
0805
0806
0806
0807
0807
0808
0808
0809
0809
080a
080a
080b
080b
080c
080c
080d
080d
080e
080e
080f
080f
0810
0810
0811
0811
0812
0812
0813
0813
0814
0814
0815
0815
0816
0816
0817
0817
0818
0818
0819
0819
081a
081a
081b
081b
081c
081c
081d
081d
081e
081e
081f
081f
0820
0820
0821
0821
0822
0822
0823
0823
0824
0824
0825
0825
0826
0826
0827
0827
0828
0828
0829
0829
082a
082a
082b
082b
082c
082d
082d
082e
082e
082f
082f
0830
0830
0831
0831
0832
0832
0833
0833
0834
0834
0835
0835
0836
0836
0837
0837
0838
0838
0839
0839
083a
083a
083b
083b
083c
083c
083d
083d
083e
083e
083f
083f
0840
0840
0841
0841
0842
0842
0843
0843
0844
0844
0845
0845
0846
0846
0847
0847
0848
0848
0849
0849
084a
084a
084b
084b
084c
084c
084d
084e
084e
084f
084f
0850
0850
0851
0851
0852
0852
0853
0853
0854
0854
0855
0855
0856
0856
0857
0857
0858
0859
0859
085a
085a
085b
085b
085c
085c
085d
085d
085e
085e
085f
085f
0860
0860
0861
0861
0862
0862
0863
0864
0864
0865
0865
0866
0866
0867
0867
0868
0868
0869
0869
086a
086a
086b
086b
086c
086c
086d
086d
086e
086f
086f
0870
0870
0871
0871
0872
0872
0873
0873
0874
0874
0875
0875
0876
0876
0877
0877
0878
0878
0879
0879
087a
087b
087b
087c
087c
087d
087d
087e
087e
087f
087f
0880
0880
0881
0881
0882
0882
0883
0883
0884
0884
0885
0886
0886
0887
0887
0888
0888
0889
0889
088a
088a
088b
088b
088c
088c
088d
088d
088e
088e
088f
088f
0890
0891
0891
0892
0892
0893
0893
0894
0894
0895
0895
0896
0897
0897
0898
0898
0899
0899
089a
089a
089b
089b
089c
089d
089d
089e
089e
089f
089f
08a0
08a0
08a1
08a2
08a2
08a3
08a3
08a4
08a4
08a5
08a5
08a6
08a6
08a7
08a8
08a8
08a9
08a9
08aa
08aa
08ab
08ab
08ac
08ac
08ad
08ae
08ae
08af
08af
08b0
08b0
08b1
08b1
08b2
08b2
08b3
08b4
08b4
08b5
08b5
08b6
08b6
08b7
08b7
08b8
08b8
08b9
08ba
08ba
08bb
08bb
08bc
08bc
08bd
08bd
08be
08be
08bf
08c0
08c0
08c1
08c1
08c2
08c2
08c3
08c3
08c4
08c5
08c5
08c6
08c6
08c7
08c7
08c8
08c8
08c9
08c9
08ca
08cb
08cb
08cc
08cc
08cd
08cd
08ce
08ce
08cf
08cf
08d0
08d1
08d1
08d2
08d2
08d3
08d3
08d4
08d4
08d5
08d5
08d6
08d7
08d7
08d8
08d8
08d9
08d9
08da
08db
08db
08dc
08dc
08dd
08dd
08de
08de
08df
08e0
08e0
08e1
08e1
08e2
08e2
08e3
08e4
08e4
08e5
08e5
08e6
08e6
08e7
08e7
08e8
08e9
08e9
08ea
08ea
08eb
08eb
08ec
08ed
08ed
08ee
08ee
08ef
08ef
08f0
08f0
08f1
08f2
08f2
08f3
08f3
08f4
08f4
08f5
08f6
08f6
08f7
08f7
08f8
08f8
08f9
08f9
08fa
08fb
08fb
08fc
08fc
08fd
08fd
08fe
08ff
08ff
0900
0900
0901
0901
0902
0902
0903
0904
0904
0905
0905
0906
0906
0907
0908
0908
0909
0909
090a
090a
090b
090b
090c
090d
090d
090e
090e
090f
090f
0910
0911
0911
0912
0912
0913
0913
0914
0914
0915
0916
0916
0917
0917
0918
0918
0919
091a
091a
091b
091b
091c
091c
091d
091d
091e
091f
091f
0920
0920
0921
0921
0922
0923
0923
0924
0924
0925
0926
0926
0927
0927
0928
0928
0929
092a
092a
092b
092b
092c
092c
092d
092e
092e
092f
092f
0930
0931
0931
0932
0932
0933
0933
0934
0935
0935
0936
0936
0937
0937
0938
0939
0939
093a
093a
093b
093b
093c
093d
093d
093e
093e
093f
0940
0940
0941
0941
0942
0942
0943
0944
0944
0945
0945
0946
0946
0947
0948
0948
0949
0949
094a
094b
094b
094c
094c
094d
094d
094e
094f
094f
0950
0950
0951
0951
0952
0953
0953
0954
0954
0955
0956
0956
0957
0957
0958
0958
0959
095a
095a
095b
095b
095c
095c
095d
095e
095e
095f
095f
0960
0960
0961
0962
0962
0963
0963
0964
0965
0965
0966
0966
0967
0967
0968
0969
0969
096a
096a
096b
096c
096c
096d
096d
096e
096f
096f
0970
0970
0971
0972
0972
0973
0973
0974
0974
0975
0976
0976
0977
0977
0978
0979
0979
097a
097a
097b
097c
097c
097d
097d
097e
097f
097f
0980
0980
0981
0982
0982
0983
0983
0984
0985
0985
0986
0986
0987
0987
0988
0989
0989
098a
098a
098b
098c
098c
098d
098d
098e
098f
098f
0990
0990
0991
0992
0992
0993
0993
0994
0995
0995
0996
0996
0997
0998
0998
0999
0999
099a
099a
099b
099c
099c
099d
099d
099e
099f
099f
09a0
09a0
09a1
09a2
09a2
09a3
09a3
09a4
09a5
09a5
09a6
09a6
09a7
09a8
09a8
09a9
09a9
09aa
09ab
09ab
09ac
09ac
09ad
09ad
09ae
09af
09af
09b0
09b0
09b1
09b2
09b2
09b3
09b3
09b4
09b5
09b5
09b6
09b6
09b7
09b8
09b8
09b9
09ba
09ba
09bb
09bb
09bc
09bd
09bd
09be
09be
09bf
09c0
09c0
09c1
09c2
09c2
09c3
09c3
09c4
09c5
09c5
09c6
09c7
09c7
09c8
09c8
09c9
09ca
09ca
09cb
09cb
09cc
09cd
09cd
09ce
09cf
09cf
09d0
09d0
09d1
09d2
09d2
09d3
09d3
09d4
09d5
09d5
09d6
09d7
09d7
09d8
09d8
09d9
09da
09da
09db
09dc
09dc
09dd
09dd
09de
09df
09df
09e0
09e0
09e1
09e2
09e2
09e3
09e4
09e4
09e5
09e5
09e6
09e7
09e7
09e8
09e8
09e9
09ea
09ea
09eb
09ec
09ec
09ed
09ed
09ee
09ef
09ef
09f0
09f0
09f1
09f2
09f2
09f3
09f4
09f4
09f5
09f5
09f6
09f7
09f7
09f8
09f9
09f9
09fa
09fa
09fb
09fc
09fc
09fd
09fd
09fe
09ff
09ff
0a00
0a01
0a01
0a02
0a02
0a03
0a04
0a04
0a05
0a06
0a06
0a07
0a07
0a08
0a09
0a09
0a0a
0a0b
0a0b
0a0c
0a0d
0a0d
0a0e
0a0f
0a0f
0a10
0a10
0a11
0a12
0a12
0a13
0a14
0a14
0a15
0a16
0a16
0a17
0a18
0a18
0a19
0a19
0a1a
0a1b
0a1b
0a1c
0a1d
0a1d
0a1e
0a1f
0a1f
0a20
0a20
0a21
0a22
0a22
0a23
0a24
0a24
0a25
0a26
0a26
0a27
0a28
0a28
0a29
0a29
0a2a
0a2b
0a2b
0a2c
0a2d
0a2d
0a2e
0a2f
0a2f
0a30
0a30
0a31
0a32
0a32
0a33
0a34
0a34
0a35
0a36
0a36
0a37
0a38
0a38
0a39
0a39
0a3a
0a3b
0a3b
0a3c
0a3d
0a3d
0a3e
0a3f
0a3f
0a40
0a41
0a41
0a42
0a42
0a43
0a44
0a44
0a45
0a46
0a46
0a47
0a48
0a48
0a49
0a49
0a4a
0a4b
0a4b
0a4c
0a4d
0a4d
0a4e
0a4f
0a4f
0a50
0a51
0a51
0a52
0a52
0a53
0a54
0a54
0a55
0a56
0a56
0a57
0a58
0a58
0a59
0a5a
0a5a
0a5b
0a5c
0a5c
0a5d
0a5e
0a5e
0a5f
0a60
0a60
0a61
0a61
0a62
0a63
0a63
0a64
0a65
0a65
0a66
0a67
0a67
0a68
0a69
0a69
0a6a
0a6b
0a6b
0a6c
0a6d
0a6d
0a6e
0a6f
0a6f
0a70
0a71
0a71
0a72
0a73
0a73
0a74
0a75
0a75
0a76
0a76
0a77
0a78
0a78
0a79
0a7a
0a7a
0a7b
0a7c
0a7c
0a7d
0a7e
0a7e
0a7f
0a80
0a80
0a81
0a82
0a82
0a83
0a84
0a84
0a85
0a86
0a86
0a87
0a88
0a88
0a89
0a8a
0a8a
0a8b
0a8b
0a8c
0a8d
0a8d
0a8e
0a8f
0a8f
0a90
0a91
0a91
0a92
0a93
0a93
0a94
0a95
0a95
0a96
0a97
0a97
0a98
0a99
0a99
0a9a
0a9b
0a9b
0a9c
0a9d
0a9d
0a9e
0a9f
0a9f
0aa0
0aa0
0aa1
0aa2
0aa2
0aa3
0aa4
0aa4
0aa5
0aa6
0aa6
0aa7
0aa8
0aa8
0aa9
0aaa
0aaa
0aab
0aac
0aac
0aad
0aae
0aae
0aaf
0ab0
0ab0
0ab1
0ab2
0ab2
0ab3
0ab4
0ab4
0ab5
0ab6
0ab6
0ab7
0ab8
0ab8
0ab9
0aba
0aba
0abb
0abc
0abc
0abd
0abe
0abf
0abf
0ac0
0ac1
0ac1
0ac2
0ac3
0ac3
0ac4
0ac5
0ac5
0ac6
0ac7
0ac7
0ac8
0ac9
0ac9
0aca
0acb
0acb
0acc
0acd
0acd
0ace
0acf
0acf
0ad0
0ad1
0ad1
0ad2
0ad3
0ad3
0ad4
0ad5
0ad5
0ad6
0ad7
0ad7
0ad8
0ad9
0ad9
0ada
0adb
0adb
0adc
0add
0add
0ade
0adf
0adf
0ae0
0ae1
0ae1
0ae2
0ae3
0ae3
0ae4
0ae5
0ae5
0ae6
0ae7
0ae7
0ae8
0ae9
0aea
0aea
0aeb
0aec
0aec
0aed
0aee
0aee
0aef
0af0
0af0
0af1
0af2
0af2
0af3
0af4
0af4
0af5
0af6
0af6
0af7
0af8
0af8
0af9
0afa
0afa
0afb
0afc
0afc
0afd
0afe
0afe
0aff
0b00
0b00
0b01
0b02
0b02
0b03
0b04
0b05
0b05
0b06
0b07
0b07
0b08
0b09
0b09
0b0a
0b0b
0b0c
0b0c
0b0d
0b0e
0b0e
0b0f
0b10
0b10
0b11
0b12
0b12
0b13
0b14
0b15
0b15
0b16
0b17
0b17
0b18
0b19
0b19
0b1a
0b1b
0b1c
0b1c
0b1d
0b1e
0b1e
0b1f
0b20
0b20
0b21
0b22
0b22
0b23
0b24
0b25
0b25
0b26
0b27
0b27
0b28
0b29
0b29
0b2a
0b2b
0b2c
0b2c
0b2d
0b2e
0b2e
0b2f
0b30
0b30
0b31
0b32
0b32
0b33
0b34
0b35
0b35
0b36
0b37
0b37
0b38
0b39
0b39
0b3a
0b3b
0b3b
0b3c
0b3d
0b3e
0b3e
0b3f
0b40
0b40
0b41
0b42
0b42
0b43
0b44
0b45
0b45
0b46
0b47
0b47
0b48
0b49
0b49
0b4a
0b4b
0b4b
0b4c
0b4d
0b4e
0b4e
0b4f
0b50
0b50
0b51
0b52
0b52
0b53
0b54
0b55
0b55
0b56
0b57
0b57
0b58
0b59
0b59
0b5a
0b5b
0b5c
0b5c
0b5d
0b5e
0b5f
0b5f
0b60
0b61
0b61
0b62
0b63
0b64
0b64
0b65
0b66
0b67
0b67
0b68
0b69
0b69
0b6a
0b6b
0b6c
0b6c
0b6d
0b6e
0b6f
0b6f
0b70
0b71
0b71
0b72
0b73
0b74
0b74
0b75
0b76
0b77
0b77
0b78
0b79
0b79
0b7a
0b7b
0b7c
0b7c
0b7d
0b7e
0b7f
0b7f
0b80
0b81
0b81
0b82
0b83
0b84
0b84
0b85
0b86
0b87
0b87
0b88
0b89
0b89
0b8a
0b8b
0b8c
0b8c
0b8d
0b8e
0b8e
0b8f
0b90
0b91
0b91
0b92
0b93
0b94
0b94
0b95
0b96
0b96
0b97
0b98
0b99
0b99
0b9a
0b9b
0b9c
0b9c
0b9d
0b9e
0b9e
0b9f
0ba0
0ba1
0ba1
0ba2
0ba3
0ba4
0ba4
0ba5
0ba6
0ba6
0ba7
0ba8
0ba9
0ba9
0baa
0bab
0bac
0bac
0bad
0bae
0bae
0baf
0bb0
0bb1
0bb1
0bb2
0bb3
0bb4
0bb4
0bb5
0bb6
0bb6
0bb7
0bb8
0bb9
0bb9
0bba
0bbb
0bbc
0bbc
0bbd
0bbe
0bbf
0bbf
0bc0
0bc1
0bc2
0bc2
0bc3
0bc4
0bc5
0bc5
0bc6
0bc7
0bc8
0bc8
0bc9
0bca
0bcb
0bcb
0bcc
0bcd
0bcd
0bce
0bcf
0bd0
0bd0
0bd1
0bd2
0bd3
0bd3
0bd4
0bd5
0bd6
0bd6
0bd7
0bd8
0bd9
0bd9
0bda
0bdb
0bdc
0bdc
0bdd
0bde
0bdf
0bdf
0be0
0be1
0be2
0be2
0be3
0be4
0be5
0be5
0be6
0be7
0be7
0be8
0be9
0bea
0bea
0beb
0bec
0bed
0bed
0bee
0bef
0bf0
0bf0
0bf1
0bf2
0bf3
0bf3
0bf4
0bf5
0bf6
0bf6
0bf7
0bf8
0bf9
0bf9
0bfa
0bfb
0bfc
0bfc
0bfd
0bfe
0bfe
0bff
0c00
0c01
0c01
0c02
0c03
0c04
0c04
0c05
0c06
0c07
0c07
0c08
0c09
0c0a
0c0a
0c0b
0c0c
0c0d
0c0d
0c0e
0c0f
0c10
0c10
0c11
0c12
0c13
0c13
0c14
0c15
0c16
0c16
0c17
0c18
0c19
0c19
0c1a
0c1b
0c1c
0c1c
0c1d
0c1e
0c1f
0c1f
0c20
0c21
0c22
0c23
0c23
0c24
0c25
0c26
0c26
0c27
0c28
0c29
0c29
0c2a
0c2b
0c2c
0c2d
0c2d
0c2e
0c2f
0c30
0c30
0c31
0c32
0c33
0c33
0c34
0c35
0c36
0c36
0c37
0c38
0c39
0c3a
0c3a
0c3b
0c3c
0c3d
0c3d
0c3e
0c3f
0c40
0c40
0c41
0c42
0c43
0c43
0c44
0c45
0c46
0c47
0c47
0c48
0c49
0c4a
0c4a
0c4b
0c4c
0c4d
0c4d
0c4e
0c4f
0c50
0c50
0c51
0c52
0c53
0c54
0c54
0c55
0c56
0c57
0c57
0c58
0c59
0c5a
0c5a
0c5b
0c5c
0c5d
0c5e
0c5e
0c5f
0c60
0c61
0c61
0c62
0c63
0c64
0c64
0c65
0c66
0c67
0c67
0c68
0c69
0c6a
0c6b
0c6b
0c6c
0c6d
0c6e
0c6e
0c6f
0c70
0c71
0c71
0c72
0c73
0c74
0c74
0c75
0c76
0c77
0c78
0c78
0c79
0c7a
0c7b
0c7c
0c7c
0c7d
0c7e
0c7f
0c7f
0c80
0c81
0c82
0c83
0c83
0c84
0c85
0c86
0c87
0c87
0c88
0c89
0c8a
0c8b
0c8b
0c8c
0c8d
0c8e
0c8e
0c8f
0c90
0c91
0c92
0c92
0c93
0c94
0c95
0c96
0c96
0c97
0c98
0c99
0c9a
0c9a
0c9b
0c9c
0c9d
0c9d
0c9e
0c9f
0ca0
0ca1
0ca1
0ca2
0ca3
0ca4
0ca5
0ca5
0ca6
0ca7
0ca8
0ca9
0ca9
0caa
0cab
0cac
0cac
0cad
0cae
0caf
0cb0
0cb0
0cb1
0cb2
0cb3
0cb4
0cb4
0cb5
0cb6
0cb7
0cb7
0cb8
0cb9
0cba
0cbb
0cbb
0cbc
0cbd
0cbe
0cbf
0cbf
0cc0
0cc1
0cc2
0cc3
0cc3
0cc4
0cc5
0cc6
0cc6
0cc7
0cc8
0cc9
0cca
0cca
0ccb
0ccc
0ccd
0cce
0cce
0ccf
0cd0
0cd1
0cd2
0cd2
0cd3
0cd4
0cd5
0cd5
0cd6
0cd7
0cd8
0cd9
0cd9
0cda
0cdb
0cdc
0cdd
0cdd
0cde
0cdf
0ce0
0ce1
0ce2
0ce2
0ce3
0ce4
0ce5
0ce6
0ce6
0ce7
0ce8
0ce9
0cea
0ceb
0ceb
0cec
0ced
0cee
0cef
0cf0
0cf0
0cf1
0cf2
0cf3
0cf4
0cf4
0cf5
0cf6
0cf7
0cf8
0cf9
0cf9
0cfa
0cfb
0cfc
0cfd
0cfd
0cfe
0cff
0d00
0d01
0d02
0d02
0d03
0d04
0d05
0d06
0d06
0d07
0d08
0d09
0d0a
0d0b
0d0b
0d0c
0d0d
0d0e
0d0f
0d10
0d10
0d11
0d12
0d13
0d14
0d14
0d15
0d16
0d17
0d18
0d19
0d19
0d1a
0d1b
0d1c
0d1d
0d1d
0d1e
0d1f
0d20
0d21
0d22
0d22
0d23
0d24
0d25
0d26
0d26
0d27
0d28
0d29
0d2a
0d2b
0d2b
0d2c
0d2d
0d2e
0d2f
0d2f
0d30
0d31
0d32
0d33
0d34
0d34
0d35
0d36
0d37
0d38
0d39
0d39
0d3a
0d3b
0d3c
0d3d
0d3d
0d3e
0d3f
0d40
0d41
0d42
0d42
0d43
0d44
0d45
0d46
0d47
0d47
0d48
0d49
0d4a
0d4b
0d4c
0d4c
0d4d
0d4e
0d4f
0d50
0d51
0d51
0d52
0d53
0d54
0d55
0d56
0d56
0d57
0d58
0d59
0d5a
0d5b
0d5b
0d5c
0d5d
0d5e
0d5f
0d60
0d60
0d61
0d62
0d63
0d64
0d65
0d65
0d66
0d67
0d68
0d69
0d6a
0d6a
0d6b
0d6c
0d6d
0d6e
0d6f
0d6f
0d70
0d71
0d72
0d73
0d74
0d74
0d75
0d76
0d77
0d78
0d79
0d7a
0d7a
0d7b
0d7c
0d7d
0d7e
0d7f
0d7f
0d80
0d81
0d82
0d83
0d84
0d84
0d85
0d86
0d87
0d88
0d89
0d89
0d8a
0d8b
0d8c
0d8d
0d8e
0d8e
0d8f
0d90
0d91
0d92
0d93
0d93
0d94
0d95
0d96
0d97
0d98
0d98
0d99
0d9a
0d9b
0d9c
0d9d
0d9d
0d9e
0d9f
0da0
0da1
0da2
0da2
0da3
0da4
0da5
0da6
0da7
0da7
0da8
0da9
0daa
0dab
0dac
0dac
0dad
0dae
0daf
0db0
0db1
0db2
0db3
0db3
0db4
0db5
0db6
0db7
0db8
0db9
0dba
0dba
0dbb
0dbc
0dbd
0dbe
0dbf
0dc0
0dc1
0dc1
0dc2
0dc3
0dc4
0dc5
0dc6
0dc7
0dc8
0dc8
0dc9
0dca
0dcb
0dcc
0dcd
0dce
0dcf
0dcf
0dd0
0dd1
0dd2
0dd3
0dd4
0dd5
0dd6
0dd6
0dd7
0dd8
0dd9
0dda
0ddb
0ddc
0ddd
0ddd
0dde
0ddf
0de0
0de1
0de2
0de3
0de4
0de4
0de5
0de6
0de7
0de8
0de9
0dea
0deb
0deb
0dec
0ded
0dee
0def
0df0
0df1
0df2
0df2
0df3
0df4
0df5
0df6
0df7
0df8
0df9
0df9
0dfa
0dfb
0dfc
0dfd
0dfe
0dff
0e00
0e00
0e01
0e02
0e03
0e04
0e05
0e06
0e07
0e07
0e08
0e09
0e0a
0e0b
0e0c
0e0d
0e0e
0e0e
0e0f
0e10
0e11
0e12
0e13
0e14
0e15
0e15
0e16
0e17
0e18
0e19
0e1a
0e1b
0e1c
0e1c
0e1d
0e1e
0e1f
0e20
0e21
0e22
0e23
0e23
0e24
0e25
0e26
0e27
0e28
0e29
0e2a
0e2b
0e2b
0e2c
0e2d
0e2e
0e2f
0e30
0e31
0e32
0e33
0e33
0e34
0e35
0e36
0e37
0e38
0e39
0e3a
0e3b
0e3c
0e3c
0e3d
0e3e
0e3f
0e40
0e41
0e42
0e43
0e44
0e44
0e45
0e46
0e47
0e48
0e49
0e4a
0e4b
0e4c
0e4c
0e4d
0e4e
0e4f
0e50
0e51
0e52
0e53
0e54
0e54
0e55
0e56
0e57
0e58
0e59
0e5a
0e5b
0e5c
0e5c
0e5d
0e5e
0e5f
0e60
0e61
0e62
0e63
0e64
0e64
0e65
0e66
0e67
0e68
0e69
0e6a
0e6b
0e6c
0e6c
0e6d
0e6e
0e6f
0e70
0e71
0e72
0e73
0e74
0e75
0e75
0e76
0e77
0e78
0e79
0e7a
0e7b
0e7c
0e7d
0e7d
0e7e
0e7f
0e80
0e81
0e82
0e83
0e84
0e85
0e85
0e86
0e87
0e88
0e89
0e8a
0e8b
0e8c
0e8d
0e8d
0e8e
0e8f
0e90
0e91
0e92
0e93
0e94
0e95
0e96
0e97
0e98
0e98
0e99
0e9a
0e9b
0e9c
0e9d
0e9e
0e9f
0ea0
0ea1
0ea2
0ea3
0ea4
0ea5
0ea5
0ea6
0ea7
0ea8
0ea9
0eaa
0eab
0eac
0ead
0eae
0eaf
0eb0
0eb1
0eb2
0eb2
0eb3
0eb4
0eb5
0eb6
0eb7
0eb8
0eb9
0eba
0ebb
0ebc
0ebd
0ebe
0ebf
0ebf
0ec0
0ec1
0ec2
0ec3
0ec4
0ec5
0ec6
0ec7
0ec8
0ec9
0eca
0ecb
0ecc
0ecd
0ecd
0ece
0ecf
0ed0
0ed1
0ed2
0ed3
0ed4
0ed5
0ed6
0ed7
0ed8
0ed9
0eda
0eda
0edb
0edc
0edd
0ede
0edf
0ee0
0ee1
0ee2
0ee3
0ee4
0ee5
0ee6
0ee7
0ee7
0ee8
0ee9
0eea
0eeb
0eec
0eed
0eee
0eef
0ef0
0ef1
0ef2
0ef3
0ef4
0ef4
0ef5
0ef6
0ef7
0ef8
0ef9
0efa
0efb
0efc
0efd
0efe
0eff
0f00
0f01
0f01
0f02
0f03
0f04
0f05
0f06
0f07
0f08
0f09
0f0a
0f0b
0f0c
0f0d
0f0e
0f0f
0f10
0f11
0f12
0f12
0f13
0f14
0f15
0f16
0f17
0f18
0f19
0f1a
0f1b
0f1c
0f1d
0f1e
0f1f
0f20
0f21
0f22
0f23
0f24
0f25
0f26
0f27
0f27
0f28
0f29
0f2a
0f2b
0f2c
0f2d
0f2e
0f2f
0f30
0f31
0f32
0f33
0f34
0f35
0f36
0f37
0f38
0f39
0f3a
0f3b
0f3b
0f3c
0f3d
0f3e
0f3f
0f40
0f41
0f42
0f43
0f44
0f45
0f46
0f47
0f48
0f49
0f4a
0f4b
0f4c
0f4d
0f4e
0f4f
0f4f
0f50
0f51
0f52
0f53
0f54
0f55
0f56
0f57
0f58
0f59
0f5a
0f5b
0f5c
0f5d
0f5e
0f5f
0f60
0f61
0f62
0f63
0f64
0f64
0f65
0f66
0f67
0f68
0f69
0f6a
0f6b
0f6c
0f6d
0f6e
0f6f
0f70
0f71
0f72
0f73
0f74
0f75
0f76
0f77
0f78
0f78
0f79
0f7a
0f7b
0f7c
0f7d
0f7e
0f7f
0f80
0f81
0f82
0f83
0f84
0f85
0f86
0f87
0f88
0f89
0f8a
0f8b
0f8c
0f8d
0f8e
0f8f
0f90
0f91
0f92
0f93
0f94
0f95
0f96
0f97
0f98
0f99
0f9a
0f9b
0f9c
0f9d
0f9e
0f9f
0fa0
0fa1
0fa2
0fa2
0fa3
0fa4
0fa5
0fa6
0fa7
0fa8
0fa9
0faa
0fab
0fac
0fad
0fae
0faf
0fb0
0fb1
0fb2
0fb3
0fb4
0fb5
0fb6
0fb7
0fb8
0fb9
0fba
0fbb
0fbc
0fbd
0fbe
0fbf
0fc0
0fc1
0fc2
0fc3
0fc4
0fc5
0fc6
0fc7
0fc8
0fc9
0fca
0fcb
0fcc
0fcd
0fce
0fcf
0fd0
0fd1
0fd2
0fd3
0fd4
0fd5
0fd6
0fd7
0fd8
0fd9
0fda
0fdb
0fdc
0fdd
0fde
0fdf
0fe0
0fe1
0fe1
0fe2
0fe3
0fe4
0fe5
0fe6
0fe7
0fe8
0fe9
0fea
0feb
0fec
0fed
0fee
0fef
0ff0
0ff1
0ff2
0ff3
0ff4
0ff5
0ff6
0ff7
0ff8
0ff9
0ffa
0ffb
0ffc
0ffd
0ffe
0fff
1000
1001
1002
1003
1004
1005
1006
1007
1008
1009
100a
100b
100c
100d
100e
100f
1010
1011
1012
1013
1014
1015
1016
1017
1018
1019
101a
101b
101c
101d
101e
101f
1021
1022
1023
1024
1025
1026
1027
1028
1029
102a
102b
102c
102d
102e
102f
1030
1031
1032
1033
1034
1035
1036
1037
1038
1039
103a
103b
103c
103d
103e
103f
1040
1041
1042
1043
1044
1045
1046
1047
1048
1049
104a
104b
104c
104d
104e
104f
1050
1051
1052
1053
1054
1055
1056
1057
1058
1059
105a
105b
105c
105d
105e
105f
1060
1062
1063
1064
1065
1066
1067
1068
1069
106a
106b
106c
106d
106e
106f
1070
1071
1072
1073
1074
1075
1076
1077
1078
1079
107a
107b
107c
107d
107e
107f
1080
1081
1082
1083
1084
1085
1086
1087
1088
1089
108a
108b
108c
108e
108f
1090
1091
1092
1093
1094
1095
1096
1097
1098
1099
109a
109b
109c
109d
109e
109f
10a0
10a1
10a2
10a4
10a5
10a6
10a7
10a8
10a9
10aa
10ab
10ac
10ad
10ae
10af
10b0
10b1
10b2
10b3
10b4
10b5
10b6
10b7
10b8
10b9
10bb
10bc
10bd
10be
10bf
10c0
10c1
10c2
10c3
10c4
10c5
10c6
10c7
10c8
10c9
10ca
10cb
10cc
10cd
10ce
10cf
10d1
10d2
10d3
10d4
10d5
10d6
10d7
10d8
10d9
10da
10db
10dc
10dd
10de
10df
10e0
10e1
10e2
10e3
10e4
10e5
10e7
10e8
10e9
10ea
10eb
10ec
10ed
10ee
10ef
10f0
10f1
10f2
10f3
10f4
10f5
10f6
10f7
10f8
10f9
10fa
10fb
10fc
10fe
10ff
1100
1101
1102
1103
1104
1105
1106
1107
1108
1109
110a
110b
110c
110d
110f
1110
1111
1112
1113
1114
1115
1116
1117
1118
1119
111a
111c
111d
111e
111f
1120
1121
1122
1123
1124
1125
1126
1127
1129
112a
112b
112c
112d
112e
112f
1130
1131
1132
1133
1135
1136
1137
1138
1139
113a
113b
113c
113d
113e
113f
1140
1142
1143
1144
1145
1146
1147
1148
1149
114a
114b
114c
114e
114f
1150
1151
1152
1153
1154
1155
1156
1157
1158
1159
115b
115c
115d
115e
115f
1160
1161
1162
1163
1164
1165
1166
1168
1169
116a
116b
116c
116d
116e
116f
1170
1171
1172
1174
1175
1176
1177
1178
1179
117a
117b
117c
117d
117e
117f
1181
1182
1183
1184
1185
1186
1187
1188
1189
118a
118b
118c
118e
118f
1190
1191
1192
1193
1194
1195
1196
1197
1199
119a
119b
119c
119d
119e
119f
11a0
11a1
11a3
11a4
11a5
11a6
11a7
11a8
11a9
11aa
11ab
11ad
11ae
11af
11b0
11b1
11b2
11b3
11b4
11b5
11b7
11b8
11b9
11ba
11bb
11bc
11bd
11be
11bf
11c0
11c2
11c3
11c4
11c5
11c6
11c7
11c8
11c9
11ca
11cc
11cd
11ce
11cf
11d0
11d1
11d2
11d3
11d4
11d6
11d7
11d8
11d9
11da
11db
11dc
11dd
11de
11e0
11e1
11e2
11e3
11e4
11e5
11e6
11e7
11e8
11ea
11eb
11ec
11ed
11ee
11ef
11f0
11f1
11f2
11f4
11f5
11f6
11f7
11f8
11f9
11fa
11fb
11fc
11fe
11ff
1200
1201
1202
1203
1204
1205
1206
1207
1209
120a
120b
120c
120d
120e
120f
1210
1211
1213
1214
1215
1216
1217
1218
1219
121a
121b
121d
121e
121f
1220
1221
1222
1223
1224
1226
1227
1228
1229
122a
122b
122d
122e
122f
1230
1231
1232
1234
1235
1236
1237
1238
1239
123a
123c
123d
123e
123f
1240
1241
1243
1244
1245
1246
1247
1248
1249
124b
124c
124d
124e
124f
1250
1252
1253
1254
1255
1256
1257
1259
125a
125b
125c
125d
125e
125f
1261
1262
1263
1264
1265
1266
1268
1269
126a
126b
126c
126d
126e
1270
1271
1272
1273
1274
1275
1277
1278
1279
127a
127b
127c
127e
127f
1280
1281
1282
1283
1284
1286
1287
1288
1289
128a
128b
128d
128e
128f
1290
1291
1292
1293
1295
1296
1297
1298
1299
129a
129c
129d
129e
129f
12a0
12a1
12a3
12a4
12a5
12a6
12a7
12a8
12a9
12ab
12ac
12ad
12ae
12af
12b0
12b2
12b3
12b4
12b5
12b6
12b7
12b9
12ba
12bb
12bc
12bd
12bf
12c0
12c1
12c2
12c3
12c4
12c6
12c7
12c8
12c9
12ca
12cc
12cd
12ce
12cf
12d0
12d2
12d3
12d4
12d5
12d6
12d7
12d9
12da
12db
12dc
12dd
12df
12e0
12e1
12e2
12e3
12e5
12e6
12e7
12e8
12e9
12ea
12ec
12ed
12ee
12ef
12f0
12f2
12f3
12f4
12f5
12f6
12f8
12f9
12fa
12fb
12fc
12fd
12ff
1300
1301
1302
1303
1305
1306
1307
1308
1309
130b
130c
130d
130e
130f
1310
1312
1313
1314
1315
1316
1318
1319
131a
131b
131c
131e
131f
1320
1321
1322
1323
1325
1326
1327
1328
1329
132b
132c
132d
132e
132f
1331
1332
1333
1334
1335
1336
1338
1339
133a
133b
133c
133e
133f
1340
1341
1342
1344
1345
1346
1347
1348
1349
134b
134c
134d
134e
134f
1351
1352
1353
1354
1356
1357
1358
1359
135a
135c
135d
135e
135f
1361
1362
1363
1364
1366
1367
1368
1369
136a
136c
136d
136e
136f
1371
1372
1373
1374
1375
1377
1378
1379
137a
137c
137d
137e
137f
1381
1382
1383
1384
1385
1387
1388
1389
138a
138c
138d
138e
138f
1390
1392
1393
1394
1395
1397
1398
1399
139a
139c
139d
139e
139f
13a0
13a2
13a3
13a4
13a5
13a7
13a8
13a9
13aa
13ab
13ad
13ae
13af
13b0
13b2
13b3
13b4
13b5
13b6
13b8
13b9
13ba
13bb
13bd
13be
13bf
13c0
13c2
13c3
13c4
13c5
13c6
13c8
13c9
13ca
13cb
13cd
13ce
13cf
13d0
13d1
13d3
13d4
13d5
13d6
13d8
13d9
13da
13db
13dd
13de
13df
13e0
13e1
13e3
13e4
13e5
13e6
13e8
13e9
13ea
13eb
13ed
13ee
13ef
13f0
13f2
13f3
13f4
13f5
13f7
13f8
13f9
13fa
13fc
13fd
13fe
13ff
1401
1402
1403
1404
1406
1407
1408
1409
140b
140c
140d
140e
1410
1411
1412
1414
1415
1416
1417
1419
141a
141b
141c
141e
141f
1420
1421
1423
1424
1425
1426
1428
1429
142a
142b
142d
142e
142f
1430
1432
1433
1434
1435
1437
1438
1439
143b
143c
143d
143e
1440
1441
1442
1443
1445
1446
1447
1448
144a
144b
144c
144d
144f
1450
1451
1452
1454
1455
1456
1457
1459
145a
145b
145c
145e
145f
1460
1461
1463
1464
1465
1467
1468
1469
146a
146c
146d
146e
146f
1471
1472
1473
1474
1476
1477
1478
1479
147b
147c
147d
147e
1480
1481
1482
1483
1485
1486
1487
1488
148a
148b
148c
148e
148f
1490
1492
1493
1494
1495
1497
1498
1499
149b
149c
149d
149f
14a0
14a1
14a2
14a4
14a5
14a6
14a8
14a9
14aa
14ac
14ad
14ae
14b0
14b1
14b2
14b3
14b5
14b6
14b7
14b9
14ba
14bb
14bd
14be
14bf
14c0
14c2
14c3
14c4
14c6
14c7
14c8
14ca
14cb
14cc
14ce
14cf
14d0
14d1
14d3
14d4
14d5
14d7
14d8
14d9
14db
14dc
14dd
14df
14e0
14e1
14e2
14e4
14e5
14e6
14e8
14e9
14ea
14ec
14ed
14ee
14ef
14f1
14f2
14f3
14f5
14f6
14f7
14f9
14fa
14fb
14fd
14fe
14ff
1500
1502
1503
1504
1506
1507
1508
150a
150b
150c
150d
150f
1510
1511
1513
1514
1515
1517
1518
1519
151b
151c
151d
151e
1520
1521
1522
1524
1525
1526
1528
1529
152a
152b
152d
152e
152f
1531
1532
1533
1535
1536
1537
1539
153a
153b
153d
153e
1540
1541
1542
1544
1545
1546
1548
1549
154a
154c
154d
154e
1550
1551
1552
1554
1555
1556
1558
1559
155b
155c
155d
155f
1560
1561
1563
1564
1565
1567
1568
1569
156b
156c
156d
156f
1570
1572
1573
1574
1576
1577
1578
157a
157b
157c
157e
157f
1580
1582
1583
1584
1586
1587
1589
158a
158b
158d
158e
158f
1591
1592
1593
1595
1596
1597
1599
159a
159b
159d
159e
159f
15a1
15a2
15a4
15a5
15a6
15a8
15a9
15aa
15ac
15ad
15ae
15b0
15b1
15b2
15b4
15b5
15b6
15b8
15b9
15bb
15bc
15bd
15bf
15c0
15c1
15c3
15c4
15c5
15c7
15c8
15c9
15cb
15cc
15cd
15cf
15d0
15d1
15d3
15d4
15d6
15d7
15d8
15da
15db
15dc
15de
15df
15e0
15e2
15e3
15e5
15e6
15e7
15e9
15ea
15eb
15ed
15ee
15f0
15f1
15f2
15f4
15f5
15f7
15f8
15f9
15fb
15fc
15fd
15ff
1600
1602
1603
1604
1606
1607
1608
160a
160b
160d
160e
160f
1611
1612
1614
1615
1616
1618
1619
161a
161c
161d
161f
1620
1621
1623
1624
1626
1627
1628
162a
162b
162c
162e
162f
1631
1632
1633
1635
1636
1638
1639
163a
163c
163d
163e
1640
1641
1643
1644
1645
1647
1648
1649
164b
164c
164e
164f
1650
1652
1653
1655
1656
1657
1659
165a
165b
165d
165e
1660
1661
1662
1664
1665
1667
1668
1669
166b
166c
166d
166f
1670
1672
1673
1674
1676
1677
1678
167a
167b
167d
167e
167f
1681
1682
1684
1685
1686
1688
1689
168a
168c
168d
168f
1690
1691
1693
1694
1696
1697
1699
169a
169c
169d
169e
16a0
16a1
16a3
16a4
16a6
16a7
16a8
16aa
16ab
16ad
16ae
16b0
16b1
16b3
16b4
16b5
16b7
16b8
16ba
16bb
16bd
16be
16bf
16c1
16c2
16c4
16c5
16c7
16c8
16ca
16cb
16cc
16ce
16cf
16d1
16d2
16d4
16d5
16d6
16d8
16d9
16db
16dc
16de
16df
16e1
16e2
16e3
16e5
16e6
16e8
16e9
16eb
16ec
16ed
16ef
16f0
16f2
16f3
16f5
16f6
16f8
16f9
16fa
16fc
16fd
16ff
1700
1702
1703
1704
1706
1707
1709
170a
170c
170d
170f
1710
1711
1713
1714
1716
1717
1719
171a
171b
171d
171e
1720
1721
1723
1724
1726
1727
1728
172a
172b
172d
172e
1730
1731
1732
1734
1735
1737
1738
173a
173b
173d
173e
173f
1741
1742
1744
1745
1747
1748
1749
174b
174c
174e
174f
1751
1752
1754
1755
1757
1758
175a
175b
175d
175e
1760
1761
1763
1764
1766
1767
1768
176a
176b
176d
176e
1770
1771
1773
1774
1776
1777
1779
177a
177c
177d
177f
1780
1782
1783
1785
1786
1787
1789
178a
178c
178d
178f
1790
1792
1793
1795
1796
1798
1799
179b
179c
179e
179f
17a1
17a2
17a4
17a5
17a7
17a8
17a9
17ab
17ac
17ae
17af
17b1
17b2
17b4
17b5
17b7
17b8
17ba
17bb
17bd
17be
17c0
17c1
17c3
17c4
17c6
17c7
17c8
17ca
17cb
17cd
17ce
17d0
17d1
17d3
17d4
17d6
17d7
17d9
17da
17dc
17dd
17df
17e0
17e2
17e3
17e5
17e6
17e7
17e9
17ea
17ec
17ed
17ef
17f0
17f2
17f3
17f5
17f6
17f8
17f9
17fb
17fc
17fe
17ff
1801
1802
1804
1805
1807
1808
180a
180b
180d
180e
1810
1811
1813
1814
1816
1817
1819
181a
181c
181d
181f
1820
1822
1823
1825
1827
1828
182a
182b
182d
182e
1830
1831
1833
1834
1836
1837
1839
183a
183c
183d
183f
1840
1842
1843
1845
1847
1848
184a
184b
184d
184e
1850
1851
1853
1854
1856
1857
1859
185a
185c
185d
185f
1860
1862
1863
1865
1867
1868
186a
186b
186d
186e
1870
1871
1873
1874
1876
1877
1879
187a
187c
187d
187f
1880
1882
1883
1885
1886
1888
188a
188b
188d
188e
1890
1891
1893
1894
1896
1897
1899
189a
189c
189d
189f
18a0
18a2
18a3
18a5
18a6
18a8
18aa
18ab
18ad
18ae
18b0
18b1
18b3
18b4
18b6
18b7
18b9
18ba
18bc
18bd
18bf
18c0
18c2
18c3
18c5
18c6
18c8
18ca
18cb
18cd
18ce
18d0
18d1
18d3
18d5
18d6
18d8
18d9
18db
18dc
18de
18e0
18e1
18e3
18e4
18e6
18e7
18e9
18eb
18ec
18ee
18ef
18f1
18f2
18f4
18f6
18f7
18f9
18fa
18fc
18fd
18ff
1901
1902
1904
1905
1907
1908
190a
190c
190d
190f
1910
1912
1913
1915
1917
1918
191a
191b
191d
191e
1920
1922
1923
1925
1926
1928
1929
192b
192d
192e
1930
1931
1933
1934
1936
1937
1939
193b
193c
193e
193f
1941
1942
1944
1946
1947
1949
194a
194c
194d
194f
1951
1952
1954
1955
1957
1958
195a
195c
195d
195f
1960
1962
1963
1965
1967
1968
196a
196b
196d
196e
1970
1972
1973
1975
1976
1978
1979
197b
197d
197e
1980
1981
1983
1984
1986
1988
1989
198b
198c
198e
198f
1991
1993
1994
1996
1998
1999
199b
199c
199e
19a0
19a1
19a3
19a5
19a6
19a8
19a9
19ab
19ad
19ae
19b0
19b2
19b3
19b5
19b6
19b8
19ba
19bb
19bd
19bf
19c0
19c2
19c3
19c5
19c7
19c8
19ca
19cc
19cd
19cf
19d0
19d2
19d4
19d5
19d7
19d9
19da
19dc
19dd
19df
19e1
19e2
19e4
19e6
19e7
19e9
19ea
19ec
19ee
19ef
19f1
19f3
19f4
19f6
19f7
19f9
19fb
19fc
19fe
1a00
1a01
1a03
1a04
1a06
1a08
1a09
1a0b
1a0d
1a0e
1a10
1a11
1a13
1a15
1a16
1a18
1a1a
1a1b
1a1d
1a1e
1a20
1a22
1a23
1a25
1a27
1a28
1a2a
1a2b
1a2d
1a2f
1a30
1a32
1a34
1a35
1a37
1a38
1a3a
1a3c
1a3d
1a3f
1a41
1a42
1a44
1a45
1a47
1a49
1a4a
1a4c
1a4e
1a4f
1a51
1a52
1a54
1a56
1a57
1a59
1a5b
1a5c
1a5e
1a5f
1a61
1a63
1a64
1a66
1a68
1a69
1a6b
1a6d
1a6e
1a70
1a72
1a73
1a75
1a77
1a79
1a7a
1a7c
1a7e
1a7f
1a81
1a83
1a84
1a86
1a88
1a89
1a8b
1a8d
1a8e
1a90
1a92
1a93
1a95
1a97
1a98
1a9a
1a9c
1a9d
1a9f
1aa1
1aa3
1aa4
1aa6
1aa8
1aa9
1aab
1aad
1aae
1ab0
1ab2
1ab3
1ab5
1ab7
1ab8
1aba
1abc
1abd
1abf
1ac1
1ac2
1ac4
1ac6
1ac7
1ac9
1acb
1acd
1ace
1ad0
1ad2
1ad3
1ad5
1ad7
1ad8
1ada
1adc
1add
1adf
1ae1
1ae2
1ae4
1ae6
1ae7
1ae9
1aeb
1aec
1aee
1af0
1af1
1af3
1af5
1af6
1af8
1afa
1afc
1afd
1aff
1b01
1b02
1b04
1b06
1b07
1b09
1b0b
1b0c
1b0e
1b10
1b11
1b13
1b15
1b16
1b18
1b1a
1b1b
1b1d
1b1f
1b20
1b22
1b24
1b26
1b27
1b29
1b2b
1b2c
1b2e
1b30
1b31
1b33
1b35
1b36
1b38
1b3a
1b3b
1b3d
1b3f
1b41
1b42
1b44
1b46
1b48
1b49
1b4b
1b4d
1b4e
1b50
1b52
1b54
1b55
1b57
1b59
1b5b
1b5c
1b5e
1b60
1b61
1b63
1b65
1b67
1b68
1b6a
1b6c
1b6e
1b6f
1b71
1b73
1b74
1b76
1b78
1b7a
1b7b
1b7d
1b7f
1b81
1b82
1b84
1b86
1b87
1b89
1b8b
1b8d
1b8e
1b90
1b92
1b94
1b95
1b97
1b99
1b9a
1b9c
1b9e
1ba0
1ba1
1ba3
1ba5
1ba7
1ba8
1baa
1bac
1bad
1baf
1bb1
1bb3
1bb4
1bb6
1bb8
1bb9
1bbb
1bbd
1bbf
1bc0
1bc2
1bc4
1bc6
1bc7
1bc9
1bcb
1bcc
1bce
1bd0
1bd2
1bd3
1bd5
1bd7
1bd9
1bda
1bdc
1bde
1bdf
1be1
1be3
1be5
1be6
1be8
1bea
1bec
1bed
1bef
1bf1
1bf2
1bf4
1bf6
1bf8
1bf9
1bfb
1bfd
1bff
1c00
1c02
1c04
1c05
1c07
1c09
1c0b
1c0c
1c0e
1c10
1c12
1c13
1c15
1c17
1c19
1c1a
1c1c
1c1e
1c20
1c21
1c23
1c25
1c27
1c29
1c2a
1c2c
1c2e
1c30
1c32
1c33
1c35
1c37
1c39
1c3a
1c3c
1c3e
1c40
1c42
1c43
1c45
1c47
1c49
1c4a
1c4c
1c4e
1c50
1c52
1c53
1c55
1c57
1c59
1c5a
1c5c
1c5e
1c60
1c62
1c63
1c65
1c67
1c69
1c6b
1c6c
1c6e
1c70
1c72
1c73
1c75
1c77
1c79
1c7b
1c7c
1c7e
1c80
1c82
1c83
1c85
1c87
1c89
1c8b
1c8c
1c8e
1c90
1c92
1c93
1c95
1c97
1c99
1c9b
1c9c
1c9e
1ca0
1ca2
1ca4
1ca5
1ca7
1ca9
1cab
1cac
1cae
1cb0
1cb2
1cb4
1cb5
1cb7
1cb9
1cbb
1cbc
1cbe
1cc0
1cc2
1cc4
1cc5
1cc7
1cc9
1ccb
1ccc
1cce
1cd0
1cd2
1cd4
1cd5
1cd7
1cd9
1cdb
1cdd
1cde
1ce0
1ce2
1ce4
1ce5
1ce7
1ce9
1ceb
1ced
1cee
1cf0
1cf2
1cf4
1cf5
1cf7
1cf9
1cfb
1cfd
1cff
1d00
1d02
1d04
1d06
1d08
1d0a
1d0b
1d0d
1d0f
1d11
1d13
1d15
1d16
1d18
1d1a
1d1c
1d1e
1d20
1d21
1d23
1d25
1d27
1d29
1d2b
1d2c
1d2e
1d30
1d32
1d34
1d36
1d37
1d39
1d3b
1d3d
1d3f
1d41
1d42
1d44
1d46
1d48
1d4a
1d4c
1d4d
1d4f
1d51
1d53
1d55
1d57
1d58
1d5a
1d5c
1d5e
1d60
1d62
1d63
1d65
1d67
1d69
1d6b
1d6d
1d6f
1d70
1d72
1d74
1d76
1d78
1d7a
1d7b
1d7d
1d7f
1d81
1d83
1d85
1d86
1d88
1d8a
1d8c
1d8e
1d90
1d91
1d93
1d95
1d97
1d99
1d9b
1d9c
1d9e
1da0
1da2
1da4
1da6
1da7
1da9
1dab
1dad
1daf
1db1
1db2
1db4
1db6
1db8
1dba
1dbc
1dbd
1dbf
1dc1
1dc3
1dc5
1dc7
1dc8
1dca
1dcc
1dce
1dd0
1dd2
1dd3
1dd5
1dd7
1dd9
1ddb
1ddd
1dde
1de0
1de2
1de4
1de6
1de8
1dea
1dec
1ded
1def
1df1
1df3
1df5
1df7
1df9
1dfb
1dfd
1dff
1e00
1e02
1e04
1e06
1e08
1e0a
1e0c
1e0e
1e10
1e12
1e13
1e15
1e17
1e19
1e1b
1e1d
1e1f
1e21
1e23
1e25
1e26
1e28
1e2a
1e2c
1e2e
1e30
1e32
1e34
1e36
1e38
1e39
1e3b
1e3d
1e3f
1e41
1e43
1e45
1e47
1e49
1e4b
1e4c
1e4e
1e50
1e52
1e54
1e56
1e58
1e5a
1e5c
1e5e
1e5f
1e61
1e63
1e65
1e67
1e69
1e6b
1e6d
1e6f
1e70
1e72
1e74
1e76
1e78
1e7a
1e7c
1e7e
1e80
1e82
1e83
1e85
1e87
1e89
1e8b
1e8d
1e8f
1e91
1e93
1e95
1e96
1e98
1e9a
1e9c
1e9e
1ea0
1ea2
1ea4
1ea6
1ea8
1ea9
1eab
1ead
1eaf
1eb1
1eb3
1eb5
1eb7
1eb9
1ebb
1ebc
1ebe
1ec0
1ec2
1ec4
1ec6
1ec8
1eca
1ecc
1ece
1ecf
1ed1
1ed3
1ed5
1ed7
1ed9
1edb
1edd
1edf
1ee1
1ee3
1ee5
1ee7
1ee9
1eeb
1eed
1eef
1ef0
1ef2
1ef4
1ef6
1ef8
1efa
1efc
1efe
1f00
1f02
1f04
1f06
1f08
1f0a
1f0c
1f0e
1f10
1f12
1f14
1f16
1f18
1f1a
1f1c
1f1e
1f20
1f22
1f23
1f25
1f27
1f29
1f2b
1f2d
1f2f
1f31
1f33
1f35
1f37
1f39
1f3b
1f3d
1f3f
1f41
1f43
1f45
1f47
1f49
1f4b
1f4d
1f4f
1f51
1f53
1f55
1f56
1f58
1f5a
1f5c
1f5e
1f60
1f62
1f64
1f66
1f68
1f6a
1f6c
1f6e
1f70
1f72
1f74
1f76
1f78
1f7a
1f7c
1f7e
1f80
1f82
1f84
1f86
1f87
1f89
1f8b
1f8d
1f8f
1f91
1f93
1f95
1f97
1f99
1f9b
1f9d
1f9f
1fa1
1fa3
1fa5
1fa7
1fa9
1fab
1fad
1faf
1fb1
1fb3
1fb5
1fb7
1fb9
1fba
1fbc
1fbe
1fc0
1fc2
1fc4
1fc6
1fc8
1fca
1fcc
1fce
1fd0
1fd2
1fd4
1fd6
1fd8
1fda
1fdc
1fde
1fe0
1fe2
1fe4
1fe6
1fe8
1fea
1fec
1fee
1ff0
1ff2
1ff4
1ff6
1ff8
1ffa
1ffc
1ffe
2000
2002
2004
2006
2008
200a
200c
200e
2010
2013
2015
2017
2019
201b
201d
201f
2021
2023
2025
2027
2029
202b
202d
202f
2031
2033
2035
2037
2039
203b
203d
203f
2041
2043
2045
2047
2049
204b
204d
204f
2051
2053
2055
2057
2059
205b
205d
205f
2061
2063
2065
2067
2069
206b
206d
206f
2071
2073
2075
2077
2079
207b
207d
207f
2081
2083
2085
2087
2089
208b
208d
208f
2091
2094
2096
2098
209a
209c
209e
20a0
20a2
20a4
20a6
20a8
20aa
20ac
20ae
20b0
20b2
20b4
20b6
20b8
20ba
20bc
20be
20c0
20c2
20c4
20c6
20c8
20ca
20cc
20ce
20d0
20d2
20d4
20d6
20d8
20da
20dc
20de
20e1
20e3
20e5
20e7
20e9
20eb
20ed
20ef
20f1
20f3
20f5
20f7
20fa
20fc
20fe
2100
2102
2104
2106
2108
210a
210c
210e
2110
2113
2115
2117
2119
211b
211d
211f
2121
2123
2125
2127
212a
212c
212e
2130
2132
2134
2136
2138
213a
213c
213e
2140
2143
2145
2147
2149
214b
214d
214f
2151
2153
2155
2157
215a
215c
215e
2160
2162
2164
2166
2168
216a
216c
216e
2170
2173
2175
2177
2179
217b
217d
217f
2181
2183
2185
2187
2189
218c
218e
2190
2192
2194
2196
2198
219a
219c
219e
21a0
21a3
21a5
21a7
21a9
21ab
21ad
21af
21b1
21b3
21b5
21b7
21b9
21bc
21be
21c0
21c2
21c4
21c6
21c8
21ca
21cc
21ce
21d0
21d2
21d5
21d7
21d9
21db
21dd
21df
21e1
21e3
21e5
21e8
21ea
21ec
21ee
21f0
21f2
21f4
21f7
21f9
21fb
21fd
21ff
2201
2204
2206
2208
220a
220c
220e
2210
2213
2215
2217
2219
221b
221d
221f
2222
2224
2226
2228
222a
222c
222e
2231
2233
2235
2237
2239
223b
223e
2240
2242
2244
2246
2248
224a
224d
224f
2251
2253
2255
2257
2259
225c
225e
2260
2262
2264
2266
2269
226b
226d
226f
2271
2273
2275
2278
227a
227c
227e
2280
2282
2284
2287
2289
228b
228d
228f
2291
2293
2296
2298
229a
229c
229e
22a0
22a3
22a5
22a7
22a9
22ab
22ad
22af
22b2
22b4
22b6
22b8
22ba
22bc
22be
22c1
22c3
22c5
22c7
22c9
22cb
22cd
22d0
22d2
22d4
22d6
22d8
22da
22dd
22df
22e1
22e3
22e5
22e7
22e9
22ec
22ee
22f0
22f2
22f4
22f6
22f9
22fb
22fd
22ff
2302
2304
2306
2308
230a
230d
230f
2311
2313
2316
2318
231a
231c
231e
2321
2323
2325
2327
2329
232c
232e
2330
2332
2335
2337
2339
233b
233d
2340
2342
2344
2346
2349
234b
234d
234f
2351
2354
2356
2358
235a
235d
235f
2361
2363
2365
2368
236a
236c
236e
2370
2373
2375
2377
2379
237c
237e
2380
2382
2384
2387
2389
238b
238d
2390
2392
2394
2396
2398
239b
239d
239f
23a1
23a4
23a6
23a8
23aa
23ac
23af
23b1
23b3
23b5
23b7
23ba
23bc
23be
23c0
23c3
23c5
23c7
23c9
23cb
23ce
23d0
23d2
23d4
23d7
23d9
23db
23dd
23df
23e2
23e4
23e6
23e8
23eb
23ed
23ef
23f1
23f3
23f6
23f8
23fa
23fc
23fe
2401
2403
2405
2407
240a
240c
240e
2410
2413
2415
2417
2419
241c
241e
2420
2423
2425
2427
2429
242c
242e
2430
2433
2435
2437
2439
243c
243e
2440
2443
2445
2447
244a
244c
244e
2450
2453
2455
2457
245a
245c
245e
2460
2463
2465
2467
246a
246c
246e
2470
2473
2475
2477
247a
247c
247e
2480
2483
2485
2487
248a
248c
248e
2490
2493
2495
2497
249a
249c
249e
24a1
24a3
24a5
24a7
24aa
24ac
24ae
24b1
24b3
24b5
24b7
24ba
24bc
24be
24c1
24c3
24c5
24c7
24ca
24cc
24ce
24d1
24d3
24d5
24d7
24da
24dc
24de
24e1
24e3
24e5
24e7
24ea
24ec
24ee
24f1
24f3
24f5
24f7
24fa
24fc
24fe
2501
2503
2505
2508
250a
250c
250e
2511
2513
2515
2518
251a
251c
251e
2521
2523
2525
2528
252a
252c
252e
2531
2533
2535
2538
253a
253c
253f
2541
2544
2546
2548
254b
254d
254f
2552
2554
2557
2559
255b
255e
2560
2562
2565
2567
2569
256c
256e
2571
2573
2575
2578
257a
257c
257f
2581
2583
2586
2588
258b
258d
258f
2592
2594
2596
2599
259b
259e
25a0
25a2
25a5
25a7
25a9
25ac
25ae
25b0
25b3
25b5
25b8
25ba
25bc
25bf
25c1
25c3
25c6
25c8
25cb
25cd
25cf
25d2
25d4
25d6
25d9
25db
25dd
25e0
25e2
25e5
25e7
25e9
25ec
25ee
25f0
25f3
25f5
25f7
25fa
25fc
25ff
2601
2603
2606
2608
260a
260d
260f
2612
2614
2616
2619
261b
261d
2620
2622
2624
2627
2629
262c
262e
2630
2633
2635
2637
263a
263c
263e
2641
2643
2646
2648
264a
264d
264f
2651
2654
2656
2659
265b
265d
2660
2662
2664
2667
2669
266c
266e
2671
2673
2676
2678
267a
267d
267f
2682
2684
2687
2689
268b
268e
2690
2693
2695
2698
269a
269d
269f
26a1
26a4
26a6
26a9
26ab
26ae
26b0
26b2
26b5
26b7
26ba
26bc
26bf
26c1
26c4
26c6
26c8
26cb
26cd
26d0
26d2
26d5
26d7
26d9
26dc
26de
26e1
26e3
26e6
26e8
26eb
26ed
26ef
26f2
26f4
26f7
26f9
26fc
26fe
2700
2703
2705
2708
270a
270d
270f
2712
2714
2716
2719
271b
271e
2720
2723
2725
2727
272a
272c
272f
2731
2734
2736
2739
273b
273d
2740
2742
2745
2747
274a
274c
274e
2751
2753
2756
2758
275b
275d
2760
2762
2764
2767
2769
276c
276e
2771
2773
2775
2778
277a
277d
277f
2782
2784
2787
2789
278b
278e
2790
2793
2795
2798
279a
279d
279f
27a2
27a4
27a7
27a9
27ac
27ae
27b1
27b3
27b6
27b8
27bb
27bd
27c0
27c2
27c5
27c7
27ca
27cc
27cf
27d1
27d4
27d6
27d9
27db
27de
27e0
27e3
27e5
27e8
27eb
27ed
27f0
27f2
27f5
27f7
27fa
27fc
27ff
2801
2804
2806
2809
280b
280e
2810
2813
2815
2818
281a
281d
281f
2822
2824
2827
2829
282c
282e
2831
2833
2836
2838
283b
283e
2840
2843
2845
2848
284a
284d
284f
2852
2854
2857
2859
285c
285e
2861
2863
2866
2868
286b
286d
2870
2872
2875
2877
287a
287c
287f
2881
2884
2886
2889
288c
288e
2891
2893
2896
2898
289b
289d
28a0
28a2
28a5
28a7
28aa
28ac
28af
28b1
28b4
28b6
28b9
28bb
28be
28c0
28c3
28c5
28c8
28ca
28cd
28cf
28d2
28d4
28d7
28d9
28dc
28df
28e1
28e4
28e6
28e9
28ec
28ee
28f1
28f3
28f6
28f9
28fb
28fe
2900
2903
2906
2908
290b
290d
2910
2912
2915
2918
291a
291d
291f
2922
2925
2927
292a
292c
292f
2932
2934
2937
2939
293c
293f
2941
2944
2946
2949
294c
294e
2951
2953
2956
2959
295b
295e
2960
2963
2965
2968
296b
296d
2970
2972
2975
2978
297a
297d
297f
2982
2985
2987
298a
298c
298f
2992
2994
2997
2999
299c
299f
29a1
29a4
29a6
29a9
29ac
29ae
29b1
29b3
29b6
29b8
29bb
29be
29c0
29c3
29c5
29c8
29cb
29cd
29d0
29d2
29d5
29d8
29da
29dd
29df
29e2
29e5
29e7
29ea
29ec
29ef
29f2
29f4
29f7
29f9
29fc
29ff
2a01
2a04
2a06
2a09
2a0b
2a0e
2a11
2a13
2a16
2a18
2a1b
2a1e
2a20
2a23
2a25
2a28
2a2b
2a2d
2a30
2a33
2a35
2a38
2a3b
2a3d
2a40
2a43
2a45
2a48
2a4b
2a4d
2a50
2a53
2a55
2a58
2a5b
2a5d
2a60
2a63
2a65
2a68
2a6b
2a6d
2a70
2a73
2a75
2a78
2a7b
2a7e
2a80
2a83
2a86
2a88
2a8b
2a8e
2a90
2a93
2a96
2a98
2a9b
2a9e
2aa0
2aa3
2aa6
2aa8
2aab
2aae
2ab0
2ab3
2ab6
2ab8
2abb
2abe
2ac0
2ac3
2ac6
2ac8
2acb
2ace
2ad0
2ad3
2ad6
2ad8
2adb
2ade
2ae0
2ae3
2ae6
2ae8
2aeb
2aee
2af0
2af3
2af6
2af8
2afb
2afe
2b00
2b03
2b06
2b08
2b0b
2b0e
2b10
2b13
2b16
2b18
2b1b
2b1e
2b20
2b23
2b26
2b29
2b2b
2b2e
2b31
2b33
2b36
2b39
2b3b
2b3e
2b41
2b43
2b46
2b49
2b4b
2b4e
2b51
2b53
2b56
2b59
2b5b
2b5e
2b61
2b63
2b66
2b69
2b6b
2b6e
2b71
2b73
2b76
2b79
2b7b
2b7e
2b81
2b84
2b86
2b89
2b8c
2b8f
2b91
2b94
2b97
2b9a
2b9c
2b9f
2ba2
2ba5
2ba7
2baa
2bad
2bb0
2bb3
2bb5
2bb8
2bbb
2bbe
2bc0
2bc3
2bc6
2bc9
2bcb
2bce
2bd1
2bd4
2bd7
2bd9
2bdc
2bdf
2be2
2be4
2be7
2bea
2bed
2bef
2bf2
2bf5
2bf8
2bfa
2bfd
2c00
2c03
2c06
2c08
2c0b
2c0e
2c11
2c13
2c16
2c19
2c1c
2c1e
2c21
2c24
2c27
2c29
2c2c
2c2f
2c32
2c35
2c37
2c3a
2c3d
2c40
2c42
2c45
2c48
2c4b
2c4d
2c50
2c53
2c56
2c58
2c5b
2c5e
2c61
2c64
2c66
2c69
2c6c
2c6f
2c71
2c74
2c77
2c7a
2c7c
2c7f
2c82
2c85
2c88
2c8a
2c8d
2c90
2c93
2c95
2c98
2c9b
2c9e
2ca0
2ca3
2ca6
2ca9
2cab
2cae
2cb1
2cb4
2cb7
2cb9
2cbc
2cbf
2cc2
2cc4
2cc7
2cca
2ccd
2ccf
2cd2
2cd5
2cd8
2cda
2cdd
2ce0
2ce3
2ce6
2ce9
2ceb
2cee
2cf1
2cf4
2cf7
2cfa
2cfc
2cff
2d02
2d05
2d08
2d0b
2d0e
2d10
2d13
2d16
2d19
2d1c
2d1f
2d21
2d24
2d27
2d2a
2d2d
2d30
2d32
2d35
2d38
2d3b
2d3e
2d41
2d44
2d46
2d49
2d4c
2d4f
2d52
2d55
2d57
2d5a
2d5d
2d60
2d63
2d66
2d69
2d6b
2d6e
2d71
2d74
2d77
2d7a
2d7c
2d7f
2d82
2d85
2d88
2d8b
2d8d
2d90
2d93
2d96
2d99
2d9c
2d9f
2da1
2da4
2da7
2daa
2dad
2db0
2db2
2db5
2db8
2dbb
2dbe
2dc1
2dc4
2dc6
2dc9
2dcc
2dcf
2dd2
2dd5
2dd7
2dda
2ddd
2de0
2de3
2de6
2de8
2deb
2dee
2df1
2df4
2df7
2dfa
2dfc
2dff
2e02
2e05
2e08
2e0b
2e0d
2e10
2e13
2e16
2e19
2e1c
2e1f
2e21
2e24
2e27
2e2a
2e2d
2e30
2e32
2e35
2e38
2e3b
2e3e
2e41
2e43
2e46
2e49
2e4c
2e4f
2e52
2e55
2e58
2e5b
2e5e
2e61
2e64
2e66
2e69
2e6c
2e6f
2e72
2e75
2e78
2e7b
2e7e
2e81
2e84
2e87
2e8a
2e8d
2e90
2e93
2e95
2e98
2e9b
2e9e
2ea1
2ea4
2ea7
2eaa
2ead
2eb0
2eb3
2eb6
2eb9
2ebc
2ebf
2ec2
2ec4
2ec7
2eca
2ecd
2ed0
2ed3
2ed6
2ed9
2edc
2edf
2ee2
2ee5
2ee8
2eeb
2eee
2ef1
2ef3
2ef6
2ef9
2efc
2eff
2f02
2f05
2f08
2f0b
2f0e
2f11
2f14
2f17
2f1a
2f1d
2f20
2f22
2f25
2f28
2f2b
2f2e
2f31
2f34
2f37
2f3a
2f3d
2f40
2f43
2f46
2f49
2f4c
2f4f
2f51
2f54
2f57
2f5a
2f5d
2f60
2f63
2f66
2f69
2f6c
2f6f
2f72
2f75
2f78
2f7b
2f7e
2f80
2f83
2f86
2f89
2f8c
2f8f
2f92
2f95
2f98
2f9b
2f9e
2fa1
2fa4
2fa7
2faa
2fad
2faf
2fb2
2fb5
2fb8
2fbb
2fbe
2fc1
2fc4
2fc7
2fca
2fcd
2fd0
2fd3
2fd6
2fd9
2fdc
2fdf
2fe2
2fe5
2fe8
2fec
2fef
2ff2
2ff5
2ff8
2ffb
2ffe
3001
3004
3007
300a
300d
3010
3013
3016
3019
301c
301f
3022
3025
3028
302b
302e
3031
3034
3037
303b
303e
3041
3044
3047
304a
304d
3050
3053
3056
3059
305c
305f
3062
3065
3068
306b
306e
3071
3074
3077
307a
307d
3080
3083
3087
308a
308d
3090
3093
3096
3099
309c
309f
30a2
30a5
30a8
30ab
30ae
30b1
30b4
30b7
30ba
30bd
30c0
30c3
30c6
30c9
30cc
30cf
30d2
30d6
30d9
30dc
30df
30e2
30e5
30e8
30eb
30ee
30f1
30f4
30f7
30fa
30fd
3100
3103
3106
3109
310c
310f
3112
3115
3118
311b
311e
3121
3125
3128
312b
312e
3131
3134
3137
313a
313d
3140
3143
3146
3149
314c
314f
3152
3156
3159
315c
315f
3162
3165
3168
316b
316f
3172
3175
3178
317b
317e
3181
3184
3188
318b
318e
3191
3194
3197
319a
319d
31a1
31a4
31a7
31aa
31ad
31b0
31b3
31b6
31ba
31bd
31c0
31c3
31c6
31c9
31cc
31cf
31d3
31d6
31d9
31dc
31df
31e2
31e5
31e8
31ec
31ef
31f2
31f5
31f8
31fb
31fe
3201
3205
3208
320b
320e
3211
3214
3217
321a
321e
3221
3224
3227
322a
322d
3230
3233
3237
323a
323d
3240
3243
3246
3249
324c
3250
3253
3256
3259
325c
325f
3262
3265
3269
326c
326f
3272
3275
3278
327b
327e
3282
3285
3288
328b
328e
3291
3294
3297
329b
329e
32a1
32a4
32a7
32aa
32ad
32b0
32b4
32b7
32ba
32bd
32c0
32c3
32c6
32c9
32cd
32d0
32d3
32d6
32d9
32dc
32df
32e3
32e6
32e9
32ec
32f0
32f3
32f6
32f9
32fc
3300
3303
3306
3309
330d
3310
3313
3316
331a
331d
3320
3323
3326
332a
332d
3330
3333
3337
333a
333d
3340
3343
3347
334a
334d
3350
3354
3357
335a
335d
3361
3364
3367
336a
336d
3371
3374
3377
337a
337e
3381
3384
3387
338a
338e
3391
3394
3397
339b
339e
33a1
33a4
33a8
33ab
33ae
33b1
33b4
33b8
33bb
33be
33c1
33c5
33c8
33cb
33ce
33d1
33d5
33d8
33db
33de
33e2
33e5
33e8
33eb
33ee
33f2
33f5
33f8
33fb
33ff
3402
3405
3408
340c
340f
3412
3415
3418
341c
341f
3422
3425
3429
342c
342f
3432
3435
3439
343c
343f
3442
3446
3449
344c
344f
3453
3456
3459
345c
345f
3463
3466
3469
346c
3470
3473
3476
3479
347d
3480
3483
3487
348a
348d
3491
3494
3497
349b
349e
34a1
34a5
34a8
34ab
34af
34b2
34b5
34b9
34bc
34bf
34c3
34c6
34c9
34cd
34d0
34d3
34d7
34da
34dd
34e1
34e4
34e7
34eb
34ee
34f1
34f5
34f8
34fb
34ff
3502
3505
3509
350c
350f
3513
3516
3519
351d
3520
3523
3527
352a
352d
3531
3534
3537
353b
353e
3541
3545
3548
354c
354f
3552
3556
3559
355c
3560
3563
3566
356a
356d
3570
3574
3577
357a
357e
3581
3584
3588
358b
358e
3592
3595
3598
359c
359f
35a2
35a6
35a9
35ac
35b0
35b3
35b6
35ba
35bd
35c0
35c4
35c7
35ca
35ce
35d1
35d4
35d8
35db
35de
35e2
35e5
35e8
35ec
35ef
35f2
35f6
35f9
35fc
3600
3603
3606
360a
360d
3610
3614
3617
361a
361e
3621
3624
3628
362b
362f
3632
3636
3639
363c
3640
3643
3647
364a
364e
3651
3654
3658
365b
365f
3662
3666
3669
366c
3670
3673
3677
367a
367e
3681
3684
3688
368b
368f
3692
3696
3699
369c
36a0
36a3
36a7
36aa
36ae
36b1
36b4
36b8
36bb
36bf
36c2
36c6
36c9
36cc
36d0
36d3
36d7
36da
36de
36e1
36e4
36e8
36eb
36ef
36f2
36f6
36f9
36fd
3700
3703
3707
370a
370e
3711
3715
3718
371b
371f
3722
3726
3729
372d
3730
3733
3737
373a
373e
3741
3745
3748
374b
374f
3752
3756
3759
375d
3760
3763
3767
376a
376e
3771
3775
3778
377b
377f
3782
3786
3789
378d
3790
3793
3797
379a
379e
37a1
37a5
37a8
37ab
37af
37b2
37b6
37b9
37bd
37c0
37c3
37c7
37ca
37ce
37d1
37d5
37d8
37dc
37df
37e3
37e6
37ea
37ed
37f1
37f4
37f8
37fb
37ff
3803
3806
380a
380d
3811
3814
3818
381b
381f
3822
3826
382a
382d
3831
3834
3838
383b
383f
3842
3846
384a
384d
3851
3854
3858
385b
385f
3862
3866
3869
386d
3871
3874
3878
387b
387f
3882
3886
3889
388d
3890
3894
3898
389b
389f
38a2
38a6
38a9
38ad
38b0
38b4
38b7
38bb
38bf
38c2
38c6
38c9
38cd
38d0
38d4
38d7
38db
38de
38e2
38e6
38e9
38ed
38f0
38f4
38f7
38fb
38fe
3902
3905
3909
390d
3910
3914
3917
391b
391e
3922
3925
3929
392d
3930
3934
3937
393b
393e
3942
3945
3949
394c
3950
3954
3957
395b
395e
3962
3965
3969
396c
3970
3973
3977
397b
397e
3982
3985
3989
398c
3990
3993
3997
399a
399e
39a2
39a5
39a9
39ad
39b0
39b4
39b8
39bb
39bf
39c3
39c6
39ca
39ce
39d1
39d5
39d9
39dc
39e0
39e3
39e7
39eb
39ee
39f2
39f6
39f9
39fd
3a01
3a04
3a08
3a0c
3a0f
3a13
3a17
3a1a
3a1e
3a22
3a25
3a29
3a2d
3a30
3a34
3a38
3a3b
3a3f
3a43
3a46
3a4a
3a4e
3a51
3a55
3a58
3a5c
3a60
3a63
3a67
3a6b
3a6e
3a72
3a76
3a79
3a7d
3a81
3a84
3a88
3a8c
3a8f
3a93
3a97
3a9a
3a9e
3aa2
3aa5
3aa9
3aad
3ab0
3ab4
3ab8
3abb
3abf
3ac3
3ac6
3aca
3acd
3ad1
3ad5
3ad8
3adc
3ae0
3ae3
3ae7
3aeb
3aee
3af2
3af6
3af9
3afd
3b01
3b04
3b08
3b0c
3b0f
3b13
3b17
3b1a
3b1e
3b22
3b25
3b29
3b2d
3b30
3b34
3b38
3b3b
3b3f
3b42
3b46
3b4a
3b4d
3b51
3b55
3b58
3b5c
3b60
3b63
3b67
3b6b
3b6e
3b72
3b76
3b7a
3b7d
3b81
3b85
3b89
3b8c
3b90
3b94
3b98
3b9c
3b9f
3ba3
3ba7
3bab
3baf
3bb2
3bb6
3bba
3bbe
3bc1
3bc5
3bc9
3bcd
3bd1
3bd4
3bd8
3bdc
3be0
3be3
3be7
3beb
3bef
3bf3
3bf6
3bfa
3bfe
3c02
3c05
3c09
3c0d
3c11
3c15
3c18
3c1c
3c20
3c24
3c28
3c2b
3c2f
3c33
3c37
3c3a
3c3e
3c42
3c46
3c4a
3c4d
3c51
3c55
3c59
3c5c
3c60
3c64
3c68
3c6c
3c6f
3c73
3c77
3c7b
3c7e
3c82
3c86
3c8a
3c8e
3c91
3c95
3c99
3c9d
3ca1
3ca4
3ca8
3cac
3cb0
3cb3
3cb7
3cbb
3cbf
3cc3
3cc6
3cca
3cce
3cd2
3cd5
3cd9
3cdd
3ce1
3ce5
3ce8
3cec
3cf0
3cf4
3cf7
3cfb
3cff
3d03
3d07
3d0a
3d0e
3d12
3d16
3d1a
3d1d
3d21
3d25
3d29
3d2c
3d30
3d34
3d38
3d3c
3d3f
3d43
3d47
3d4b
3d4e
3d52
3d56
3d5a
3d5e
3d62
3d66
3d69
3d6d
3d71
3d75
3d79
3d7d
3d81
3d85
3d89
3d8c
3d90
3d94
3d98
3d9c
3da0
3da4
3da8
3dac
3daf
3db3
3db7
3dbb
3dbf
3dc3
3dc7
3dcb
3dcf
3dd3
3dd6
3dda
3dde
3de2
3de6
3dea
3dee
3df2
3df6
3df9
3dfd
3e01
3e05
3e09
3e0d
3e11
3e15
3e19
3e1c
3e20
3e24
3e28
3e2c
3e30
3e34
3e38
3e3c
3e3f
3e43
3e47
3e4b
3e4f
3e53
3e57
3e5b
3e5f
3e62
3e66
3e6a
3e6e
3e72
3e76
3e7a
3e7e
3e82
3e85
3e89
3e8d
3e91
3e95
3e99
3e9d
3ea1
3ea5
3ea8
3eac
3eb0
3eb4
3eb8
3ebc
3ec0
3ec4
3ec8
3ecc
3ecf
3ed3
3ed7
3edb
3edf
3ee3
3ee7
3eeb
3eef
3ef2
3ef6
3efa
3efe
3f02
3f06
3f0a
3f0e
3f12
3f15
3f19
3f1d
3f21
3f25
3f29
3f2d
3f31
3f35
3f38
3f3c
3f40
3f44
3f48
3f4c
3f50
3f54
3f58
3f5c
3f60
3f64
3f68
3f6c
3f70
3f74
3f78
3f7c
3f80
3f84
3f88
3f8c
3f90
3f94
3f98
3f9c
3fa0
3fa4
3fa8
3fac
3fb0
3fb4
3fb8
3fbc
3fc0
3fc4
3fc9
3fcd
3fd1
3fd5
3fd9
3fdd
3fe1
3fe5
3fe9
3fed
3ff1
3ff5
3ff9
3ffd
4001
4005
4009
400d
4011
4015
4019
401d
4021
4025
4029
402d
4031
4035
4039
403d
4041
4045
4049
404d
4051
4055
4059
405d
4061
4065
4069
406d
4071
4075
4079
407d
4081
4085
4089
408d
4091
4095
4099
409d
40a1
40a5
40a9
40ad
40b1
40b5
40b9
40bd
40c1
40c5
40ca
40ce
40d2
40d6
40da
40de
40e2
40e6
40ea
40ee
40f2
40f6
40fa
40fe
4102
4106
410a
410e
4112
4116
411a
411e
4122
4126
412a
412e
4132
4136
413a
413e
4142
4146
414a
414e
4152
4156
415b
415f
4163
4167
416b
416f
4173
4178
417c
4180
4184
4188
418c
4191
4195
4199
419d
41a1
41a5
41a9
41ae
41b2
41b6
41ba
41be
41c2
41c6
41cb
41cf
41d3
41d7
41db
41df
41e3
41e8
41ec
41f0
41f4
41f8
41fc
4201
4205
4209
420d
4211
4215
4219
421e
4222
4226
422a
422e
4232
4236
423b
423f
4243
4247
424b
424f
4254
4258
425c
4260
4264
4268
426c
4271
4275
4279
427d
4281
4285
4289
428e
4292
4296
429a
429e
42a2
42a6
42ab
42af
42b3
42b7
42bb
42bf
42c4
42c8
42cc
42d0
42d4
42d8
42dc
42e1
42e5
42e9
42ed
42f1
42f5
42f9
42fe
4302
4306
430a
430e
4312
4316
431b
431f
4323
4327
432b
432f
4334
4338
433c
4340
4344
4348
434c
4351
4355
4359
435d
4361
4366
436a
436e
4372
4377
437b
437f
4383
4388
438c
4390
4395
4399
439d
43a1
43a6
43aa
43ae
43b2
43b7
43bb
43bf
43c4
43c8
43cc
43d0
43d5
43d9
43dd
43e1
43e6
43ea
43ee
43f3
43f7
43fb
43ff
4404
4408
440c
4410
4415
4419
441d
4422
4426
442a
442e
4433
4437
443b
443f
4444
4448
444c
4451
4455
4459
445d
4462
4466
446a
446f
4473
4477
447b
4480
4484
4488
448c
4491
4495
4499
449e
44a2
44a6
44aa
44af
44b3
44b7
44bb
44c0
44c4
44c8
44cd
44d1
44d5
44d9
44de
44e2
44e6
44ea
44ef
44f3
44f7
44fc
4500
4504
4508
450d
4511
4515
4519
451e
4522
4526
452b
452f
4533
4537
453c
4540
4544
4548
454d
4551
4555
455a
455e
4562
4566
456b
456f
4573
4577
457c
4580
4584
4589
458d
4592
4596
459a
459f
45a3
45a8
45ac
45b1
45b5
45b9
45be
45c2
45c7
45cb
45cf
45d4
45d8
45dd
45e1
45e6
45ea
45ee
45f3
45f7
45fc
4600
4604
4609
460d
4612
4616
461a
461f
4623
4628
462c
4631
4635
4639
463e
4642
4647
464b
464f
4654
4658
465d
4661
4666
466a
466e
4673
4677
467c
4680
4684
4689
468d
4692
4696
469b
469f
46a3
46a8
46ac
46b1
46b5
46b9
46be
46c2
46c7
46cb
46cf
46d4
46d8
46dd
46e1
46e6
46ea
46ee
46f3
46f7
46fc
4700
4704
4709
470d
4712
4716
471b
471f
4723
4728
472c
4731
4735
4739
473e
4742
4747
474b
474f
4754
4758
475d
4761
4766
476a
476e
4773
4777
477c
4780
4784
4789
478d
4792
4796
479b
479f
47a3
47a8
47ac
47b1
47b5
47ba
47be
47c3
47c7
47cc
47d0
47d5
47d9
47de
47e3
47e7
47ec
47f0
47f5
47f9
47fe
4802
4807
480c
4810
4815
4819
481e
4822
4827
482b
4830
4835
4839
483e
4842
4847
484b
4850
4854
4859
485e
4862
4867
486b
4870
4874
4879
487d
4882
4887
488b
4890
4894
4899
489d
48a2
48a6
48ab
48b0
48b4
48b9
48bd
48c2
48c6
48cb
48cf
48d4
48d9
48dd
48e2
48e6
48eb
48ef
48f4
48f8
48fd
4901
4906
490b
490f
4914
4918
491d
4921
4926
492a
492f
4934
4938
493d
4941
4946
494a
494f
4953
4958
495d
4961
4966
496a
496f
4973
4978
497c
4981
4986
498a
498f
4993
4998
499c
49a1
49a5
49aa
49af
49b3
49b8
49bc
49c1
49c5
49ca
49ce
49d3
49d8
49dc
49e1
49e5
49ea
49ee
49f3
49f7
49fc
4a01
4a05
4a0a
4a0f
4a13
4a18
4a1d
4a22
4a26
4a2b
4a30
4a34
4a39
4a3e
4a42
4a47
4a4c
4a51
4a55
4a5a
4a5f
4a63
4a68
4a6d
4a71
4a76
4a7b
4a7f
4a84
4a89
4a8e
4a92
4a97
4a9c
4aa0
4aa5
4aaa
4aae
4ab3
4ab8
4abd
4ac1
4ac6
4acb
4acf
4ad4
4ad9
4add
4ae2
4ae7
4aeb
4af0
4af5
4afa
4afe
4b03
4b08
4b0c
4b11
4b16
4b1a
4b1f
4b24
4b29
4b2d
4b32
4b37
4b3b
4b40
4b45
4b49
4b4e
4b53
4b57
4b5c
4b61
4b66
4b6a
4b6f
4b74
4b78
4b7d
4b82
4b86
4b8b
4b90
4b94
4b99
4b9e
4ba3
4ba7
4bac
4bb1
4bb5
4bba
4bbf
4bc3
4bc8
4bcd
4bd2
4bd6
4bdb
4be0
4be4
4be9
4bee
4bf2
4bf7
4bfc
4c00
4c05
4c0a
4c0f
4c13
4c18
4c1d
4c21
4c26
4c2b
4c2f
4c34
4c39
4c3e
4c42
4c47
4c4c
4c50
4c55
4c5a
4c5f
4c64
4c68
4c6d
4c72
4c77
4c7c
4c81
4c85
4c8a
4c8f
4c94
4c99
4c9e
4ca3
4ca7
4cac
4cb1
4cb6
4cbb
4cc0
4cc4
4cc9
4cce
4cd3
4cd8
4cdd
4ce1
4ce6
4ceb
4cf0
4cf5
4cfa
4cff
4d03
4d08
4d0d
4d12
4d17
4d1c
4d20
4d25
4d2a
4d2f
4d34
4d39
4d3e
4d42
4d47
4d4c
4d51
4d56
4d5b
4d5f
4d64
4d69
4d6e
4d73
4d78
4d7c
4d81
4d86
4d8b
4d90
4d95
4d9a
4d9e
4da3
4da8
4dad
4db2
4db7
4dbb
4dc0
4dc5
4dca
4dcf
4dd4
4dd9
4ddd
4de2
4de7
4dec
4df1
4df6
4dfa
4dff
4e04
4e09
4e0e
4e13
4e17
4e1c
4e21
4e26
4e2b
4e30
4e35
4e39
4e3e
4e43
4e48
4e4d
4e52
4e56
4e5b
4e60
4e65
4e6a
4e6f
4e74
4e78
4e7d
4e82
4e87
4e8c
4e91
4e95
4e9a
4e9f
4ea4
4ea9
4eae
4eb2
4eb7
4ebc
4ec1
4ec6
4ecb
4ed0
4ed5
4eda
4edf
4ee4
4ee9
4eee
4ef3
4ef8
4efd
4f02
4f07
4f0c
4f11
4f16
4f1b
4f20
4f25
4f2a
4f2f
4f34
4f39
4f3e
4f43
4f48
4f4d
4f52
4f57
4f5c
4f61
4f66
4f6b
4f70
4f75
4f7a
4f7f
4f84
4f89
4f8e
4f93
4f98
4f9d
4fa2
4fa7
4fac
4fb1
4fb6
4fbb
4fc0
4fc5
4fca
4fcf
4fd4
4fd9
4fde
4fe3
4fe8
4fed
4ff2
4ff7
4ffc
5001
5006
500b
5010
5015
501a
501f
5024
5029
502e
5033
5038
503d
5042
5047
504c
5051
5056
505b
5060
5065
506a
506f
5074
5079
507e
5083
5088
508d
5092
5097
509c
50a1
50a6
50ab
50b0
50b5
50ba
50bf
50c4
50c9
50ce
50d3
50d8
50dd
50e2
50e7
50ec
50f1
50f6
50fb
5100
5105
510a
510f
5114
5119
511e
5123
5128
512d
5132
5137
513c
5141
5146
514b
5150
5156
515b
5160
5165
516a
516f
5175
517a
517f
5184
5189
518e
5194
5199
519e
51a3
51a8
51ad
51b3
51b8
51bd
51c2
51c7
51cc
51d2
51d7
51dc
51e1
51e6
51eb
51f1
51f6
51fb
5200
5205
520a
5210
5215
521a
521f
5224
5229
522f
5234
5239
523e
5243
5248
524e
5253
5258
525d
5262
5267
526d
5272
5277
527c
5281
5286
528c
5291
5296
529b
52a0
52a5
52aa
52b0
52b5
52ba
52bf
52c4
52c9
52cf
52d4
52d9
52de
52e3
52e8
52ee
52f3
52f8
52fd
5302
5307
530d
5312
5317
531c
5321
5326
532c
5331
5336
533b
5340
5345
534b
5350
5355
535a
535f
5364
536a
536f
5374
5379
537e
5383
5389
538e
5393
5398
539d
53a2
53a8
53ad
53b2
53b7
53bc
53c1
53c7
53cc
53d1
53d6
53db
53e1
53e6
53eb
53f1
53f6
53fb
5401
5406
540b
5411
5416
541b
5420
5426
542b
5430
5436
543b
5440
5446
544b
5450
5456
545b
5460
5466
546b
5470
5476
547b
5480
5486
548b
5490
5496
549b
54a0
54a5
54ab
54b0
54b5
54bb
54c0
54c5
54cb
54d0
54d5
54db
54e0
54e5
54eb
54f0
54f5
54fb
5500
5505
550b
5510
5515
551b
5520
5525
552b
5530
5535
553a
5540
5545
554a
5550
5555
555a
5560
5565
556a
5570
5575
557a
5580
5585
558a
5590
5595
559a
55a0
55a5
55aa
55b0
55b5
55ba
55bf
55c5
55ca
55cf
55d5
55da
55df
55e5
55ea
55ef
55f5
55fa
55ff
5605
560a
560f
5615
561a
561f
5625
562a
562f
5635
563a
563f
5644
564a
564f
5654
565a
565f
5664
566a
566f
5674
567a
567f
5684
568a
568f
5695
569a
56a0
56a5
56ab
56b0
56b6
56bb
56c1
56c6
56cc
56d1
56d7
56dc
56e2
56e7
56ed
56f2
56f8
56fd
5703
5708
570e
5713
5719
571e
5724
5729
572f
5734
573a
573f
5745
574a
5750
5755
575b
5760
5766
576b
5771
5776
577c
5781
5787
578c
5792
5797
579d
57a2
57a8
57ad
57b3
57b8
57be
57c3
57c9
57ce
57d4
57d9
57df
57e4
57e9
57ef
57f4
57fa
57ff
5805
580a
5810
5815
581b
5820
5826
582b
5831
5836
583c
5841
5847
584c
5852
5857
585d
5862
5868
586d
5873
5878
587e
5883
5889
588e
5894
5899
589f
58a4
58aa
58af
58b5
58ba
58c0
58c5
58cb
58d0
58d6
58db
58e1
58e6
58ec
58f1
58f7
58fc
5902
5907
590d
5912
5918
591d
5923
5928
592e
5933
5939
593e
5944
5949
594f
5955
595a
5960
5966
596b
5971
5977
597c
5982
5988
598d
5993
5999
599e
59a4
59aa
59af
59b5
59bb
59c0
59c6
59cc
59d1
59d7
59dd
59e2
59e8
59ee
59f3
59f9
59ff
5a04
5a0a
5a10
5a15
5a1b
5a21
5a26
5a2c
5a32
5a37
5a3d
5a43
5a48
5a4e
5a54
5a59
5a5f
5a65
5a6a
5a70
5a76
5a7b
5a81
5a87
5a8c
5a92
5a98
5a9d
5aa3
5aa9
5aae
5ab4
5ab9
5abf
5ac5
5aca
5ad0
5ad6
5adb
5ae1
5ae7
5aec
5af2
5af8
5afd
5b03
5b09
5b0e
5b14
5b1a
5b1f
5b25
5b2b
5b30
5b36
5b3c
5b41
5b47
5b4d
5b52
5b58
5b5e
5b63
5b69
5b6f
5b74
5b7a
5b80
5b85
5b8b
5b91
5b96
5b9c
5ba2
5ba7
5bad
5bb3
5bb8
5bbe
5bc4
5bc9
5bcf
5bd5
5bda
5be0
5be6
5beb
5bf1
5bf7
5bfc
5c02
5c08
5c0d
5c13
5c19
5c1f
5c25
5c2a
5c30
5c36
5c3c
5c42
5c48
5c4d
5c53
5c59
5c5f
5c65
5c6b
5c71
5c76
5c7c
5c82
5c88
5c8e
5c94
5c99
5c9f
5ca5
5cab
5cb1
5cb7
5cbc
5cc2
5cc8
5cce
5cd4
5cda
5ce0
5ce5
5ceb
5cf1
5cf7
5cfd
5d03
5d08
5d0e
5d14
5d1a
5d20
5d26
5d2c
5d31
5d37
5d3d
5d43
5d49
5d4f
5d54
5d5a
5d60
5d66
5d6c
5d72
5d77
5d7d
5d83
5d89
5d8f
5d95
5d9b
5da0
5da6
5dac
5db2
5db8
5dbe
5dc3
5dc9
5dcf
5dd5
5ddb
5de1
5de7
5dec
5df2
5df8
5dfe
5e04
5e0a
5e0f
5e15
5e1b
5e21
5e27
5e2d
5e32
5e38
5e3e
5e44
5e4a
5e50
5e56
5e5b
5e61
5e67
5e6d
5e73
5e79
5e7e
5e84
5e8a
5e90
5e96
5e9c
5ea2
5ea7
5ead
5eb3
5eb9
5ebf
5ec5
5eca
5ed0
5ed6
5edc
5ee2
5ee8
5eed
5ef3
5ef9
5eff
5f05
5f0b
5f11
5f17
5f1d
5f23
5f29
5f2f
5f35
5f3b
5f41
5f47
5f4d
5f53
5f59
5f60
5f66
5f6c
5f72
5f78
5f7e
5f84
5f8a
5f90
5f96
5f9c
5fa2
5fa8
5fae
5fb4
5fba
5fc0
5fc6
5fcc
5fd2
5fd8
5fde
5fe4
5fea
5ff0
5ff6
5ffc
6002
6008
600e
6014
601a
6021
6027
602d
6033
6039
603f
6045
604b
6051
6057
605d
6063
6069
606f
6075
607b
6081
6087
608d
6093
6099
609f
60a5
60ab
60b1
60b7
60bd
60c3
60c9
60cf
60d5
60db
60e2
60e8
60ee
60f4
60fa
6100
6106
610c
6112
6118
611e
6124
612a
6130
6136
613c
6142
6148
614e
6154
615a
6160
6166
616c
6172
6178
617e
6184
618a
6190
6196
619c
61a3
61a9
61af
61b5
61bb
61c1
61c7
61cd
61d3
61d9
61df
61e5
61eb
61f1
61f7
61fd
6203
6209
620f
6216
621c
6222
6228
622f
6235
623b
6241
6247
624e
6254
625a
6260
6267
626d
6273
6279
6280
6286
628c
6292
6298
629f
62a5
62ab
62b1
62b8
62be
62c4
62ca
62d0
62d7
62dd
62e3
62e9
62f0
62f6
62fc
6302
6309
630f
6315
631b
6321
6328
632e
6334
633a
6341
6347
634d
6353
6359
6360
6366
636c
6372
6379
637f
6385
638b
6392
6398
639e
63a4
63aa
63b1
63b7
63bd
63c3
63ca
63d0
63d6
63dc
63e2
63e9
63ef
63f5
63fb
6402
6408
640e
6414
641a
6421
6427
642d
6433
643a
6440
6446
644c
6453
6459
645f
6465
646b
6472
6478
647e
6484
648b
6491
6497
649d
64a3
64aa
64b0
64b6
64bc
64c3
64c9
64cf
64d5
64dc
64e2
64e8
64ee
64f4
64fb
6501
6507
650d
6514
651a
6520
6526
652d
6533
653a
6540
6546
654d
6553
655a
6560
6567
656d
6573
657a
6580
6587
658d
6593
659a
65a0
65a7
65ad
65b4
65ba
65c0
65c7
65cd
65d4
65da
65e0
65e7
65ed
65f4
65fa
6600
6607
660d
6614
661a
6621
6627
662d
6634
663a
6641
6647
664d
6654
665a
6661
6667
666e
6674
667a
6681
6687
668e
6694
669a
66a1
66a7
66ae
66b4
66bb
66c1
66c7
66ce
66d4
66db
66e1
66e7
66ee
66f4
66fb
6701
6707
670e
6714
671b
6721
6728
672e
6734
673b
6741
6748
674e
6754
675b
6761
6768
676e
6775
677b
6781
6788
678e
6795
679b
67a1
67a8
67ae
67b5
67bb
67c1
67c8
67ce
67d5
67db
67e2
67e8
67ee
67f5
67fb
6802
6808
680e
6815
681b
6822
6828
682f
6835
683b
6842
6848
684f
6855
685c
6862
6869
6870
6876
687d
6883
688a
6891
6897
689e
68a5
68ab
68b2
68b8
68bf
68c6
68cc
68d3
68da
68e0
68e7
68ed
68f4
68fb
6901
6908
690f
6915
691c
6922
6929
6930
6936
693d
6944
694a
6951
6957
695e
6965
696b
6972
6979
697f
6986
698c
6993
699a
69a0
69a7
69ae
69b4
69bb
69c1
69c8
69cf
69d5
69dc
69e3
69e9
69f0
69f6
69fd
6a04
6a0a
6a11
6a18
6a1e
6a25
6a2b
6a32
6a39
6a3f
6a46
6a4d
6a53
6a5a
6a60
6a67
6a6e
6a74
6a7b
6a82
6a88
6a8f
6a95
6a9c
6aa3
6aa9
6ab0
6ab7
6abd
6ac4
6aca
6ad1
6ad8
6ade
6ae5
6aec
6af2
6af9
6aff
6b06
6b0d
6b13
6b1a
6b21
6b27
6b2e
6b34
6b3b
6b42
6b48
6b4f
6b56
6b5c
6b63
6b69
6b70
6b77
6b7d
6b84
6b8b
6b91
6b98
6b9e
6ba5
6bac
6bb3
6bba
6bc0
6bc7
6bce
6bd5
6bdc
6be3
6be9
6bf0
6bf7
6bfe
6c05
6c0c
6c12
6c19
6c20
6c27
6c2e
6c35
6c3b
6c42
6c49
6c50
6c57
6c5e
6c64
6c6b
6c72
6c79
6c80
6c87
6c8d
6c94
6c9b
6ca2
6ca9
6cb0
6cb6
6cbd
6cc4
6ccb
6cd2
6cd9
6cdf
6ce6
6ced
6cf4
6cfb
6d02
6d08
6d0f
6d16
6d1d
6d24
6d2b
6d31
6d38
6d3f
6d46
6d4d
6d54
6d5b
6d61
6d68
6d6f
6d76
6d7d
6d84
6d8a
6d91
6d98
6d9f
6da6
6dad
6db3
6dba
6dc1
6dc8
6dcf
6dd6
6ddc
6de3
6dea
6df1
6df8
6dff
6e05
6e0c
6e13
6e1a
6e21
6e28
6e2e
6e35
6e3c
6e43
6e4a
6e51
6e57
6e5e
6e65
6e6c
6e73
6e7a
6e80
6e87
6e8e
6e95
6e9c
6ea3
6ea9
6eb0
6eb7
6ebe
6ec5
6ecc
6ed2
6ed9
6ee0
6ee7
6eee
6ef5
6efb
6f02
6f09
6f10
6f17
6f1e
6f25
6f2c
6f33
6f3a
6f41
6f48
6f4f
6f56
6f5e
6f65
6f6c
6f73
6f7a
6f81
6f88
6f8f
6f96
6f9d
6fa4
6fab
6fb2
6fb9
6fc0
6fc7
6fce
6fd5
6fdc
6fe3
6fea
6ff2
6ff9
7000
7007
700e
7015
701c
7023
702a
7031
7038
703f
7046
704d
7054
705b
7062
7069
7070
7077
707e
7085
708d
7094
709b
70a2
70a9
70b0
70b7
70be
70c5
70cc
70d3
70da
70e1
70e8
70ef
70f6
70fd
7104
710b
7112
7119
7121
7128
712f
7136
713d
7144
714b
7152
7159
7160
7167
716e
7175
717c
7183
718a
7191
7198
719f
71a6
71ad
71b5
71bc
71c3
71ca
71d1
71d8
71df
71e6
71ed
71f4
71fb
7202
7209
7210
7217
721e
7225
722c
7233
723a
7241
7248
7250
7257
725e
7265
726c
7273
727a
7281
7288
728f
7296
729d
72a5
72ac
72b3
72ba
72c2
72c9
72d0
72d8
72df
72e6
72ed
72f5
72fc
7303
730b
7312
7319
7320
7328
732f
7336
733d
7345
734c
7353
735b
7362
7369
7370
7378
737f
7386
738e
7395
739c
73a3
73ab
73b2
73b9
73c1
73c8
73cf
73d6
73de
73e5
73ec
73f4
73fb
7402
7409
7411
7418
741f
7426
742e
7435
743c
7444
744b
7452
7459
7461
7468
746f
7477
747e
7485
748c
7494
749b
74a2
74aa
74b1
74b8
74bf
74c7
74ce
74d5
74dd
74e4
74eb
74f2
74fa
7501
7508
750f
7517
751e
7525
752d
7534
753b
7542
754a
7551
7558
7560
7567
756e
7575
757d
7584
758b
7593
759a
75a1
75a8
75b0
75b7
75be
75c6
75cd
75d4
75db
75e3
75ea
75f1
75f8
7600
7607
760e
7616
761d
7624
762b
7633
763a
7642
7649
7651
7658
7660
7667
766f
7676
767e
7685
768d
7694
769c
76a3
76ab
76b2
76ba
76c1
76c9
76d0
76d8
76df
76e7
76ee
76f6
76fd
7705
770c
7714
771b
7723
772a
7732
7739
7741
7748
7750
7757
775f
7766
776e
7775
777d
7784
778c
7793
779b
77a2
77aa
77b1
77b9
77c0
77c8
77cf
77d7
77de
77e6
77ed
77f5
77fc
7804
780b
7813
781a
7822
7829
7831
7838
7840
7847
784f
7856
785e
7865
786d
7874
787c
7883
788b
7892
789a
78a1
78a9
78b0
78b8
78bf
78c7
78ce
78d6
78dd
78e5
78ec
78f4
78fb
7903
790a
7912
7919
7921
7928
7930
7937
793f
7946
794e
7955
795d
7964
796c
7973
797b
7982
798a
7991
7999
79a0
79a8
79af
79b7
79be
79c6
79cd
79d5
79dc
79e4
79eb
79f3
79fa
7a02
7a0a
7a11
7a19
7a21
7a29
7a30
7a38
7a40
7a48
7a4f
7a57
7a5f
7a67
7a6e
7a76
7a7e
7a86
7a8d
7a95
7a9d
7aa5
7aac
7ab4
7abc
7ac4
7acb
7ad3
7adb
7ae3
7aea
7af2
7afa
7b02
7b09
7b11
7b19
7b21
7b28
7b30
7b38
7b40
7b47
7b4f
7b57
7b5f
7b66
7b6e
7b76
7b7e
7b85
7b8d
7b95
7b9d
7ba4
7bac
7bb4
7bbc
7bc3
7bcb
7bd3
7bdb
7be2
7bea
7bf2
7bfa
7c01
7c09
7c11
7c19
7c20
7c28
7c30
7c38
7c3f
7c47
7c4f
7c57
7c5e
7c66
7c6e
7c76
7c7d
7c85
7c8d
7c95
7c9c
7ca4
7cac
7cb4
7cbb
7cc3
7ccb
7cd3
7cda
7ce2
7cea
7cf2
7cf9
7d01
7d09
7d11
7d18
7d20
7d28
7d30
7d37
7d3f
7d47
7d4f
7d56
7d5e
7d66
7d6e
7d75
7d7d
7d85
7d8d
7d94
7d9c
7da4
7dac
7db3
7dbb
7dc3
7dcb
7dd2
7dda
7de2
7dea
7df2
7dfa
7e02
7e0a
7e12
7e1a
7e22
7e2a
7e32
7e3a
7e42
7e4a
7e52
7e5a
7e62
7e6a
7e72
7e7a
7e82
7e8a
7e92
7e9a
7ea2
7eaa
7eb2
7eba
7ec2
7eca
7ed2
7eda
7ee1
7ee9
7ef1
7ef9
7f01
7f09
7f11
7f19
7f21
7f29
7f31
7f39
7f41
7f49
7f51
7f59
7f61
7f69
7f71
7f79
7f81
7f89
7f91
7f99
7fa1
7fa9
7fb1
7fb9
7fc1
7fc9
7fd1
7fd9
7fe1
7fe9
7ff1
7ff9
7fff
7fff
7fff
7fff
7fff
7fff
7fff
7fff
7fff
7fff
7fff
7fff
7fff
7fff
7fff
7fff
7fff
7fff
7fff
7fff
7fff
7fff
7fff
7fff
7fff
7fff
7fff
7fff
7fff
7fff
7fff
7fff
7fff
7fff
7fff
7fff
7fff
7fff
7fff
7fff
7fff
7fff
7fff
7fff
7fff
7fff
7fff
7fff
7fff
7fff
7fff
7fff
7fff
7fff
7fff
7fff
7fff
7fff
7fff
7fff
7fff
7fff
7fff
7fff
7fff
7fff
7fff
7fff
7fff
7fff
7fff
7fff
7fff
7fff
7fff
7fff
7fff
7fff
7fff
7fff
7fff
7fff
7fff
7fff
7fff
7fff
7fff
7fff
7fff
7fff
7fff
7fff
7fff
7fff
7fff
7fff
7fff
7fff
7fff
7fff
7fff
7fff
7fff
7fff
7fff
7fff
7fff
7fff
7fff
7fff
7fff
7fff
7fff
7fff
7fff
7fff
7fff
7fff
7fff
7fff
7fff
7fff
7fff
7fff
7fff
7fff
7fff
7fff
7fff
7fff
7fff
7fff
7fff
7fff
7fff
7fff
7fff
7fff
7fff
7fff
7fff
7fff
7fff
7fff
7fff
7fff
7fff
7fff
7fff
7fff
7fff
7fff
7fff
7fff
7fff
7fff
7fff
7fff
7fff
7fff
7fff
7fff
7fff
7fff
7fff
7fff
7fff
7fff
7fff
7fff
7fff
7fff
7fff
7fff
7fff
7fff
7fff
7fff
7fff
7fff
7fff
7fff
7fff
7fff
7fff
7fff
7fff
7fff
7fff
7fff
7fff
7fff
7fff
7fff
7fff
7fff
7fff
7fff
7fff
7fff
7fff
7fff
7fff
7fff
7fff
7fff
7fff
7fff
7fff
7fff
7fff
7fff
7fff
7fff
7fff
7fff
7fff
7fff
7fff
7fff
7fff
7fff
7fff
7fff
7fff
7fff
7fff
7fff
7fff
7fff
7fff
7fff
7fff
7fff
7fff
7fff
7fff
7fff
7fff
7fff
7fff
7fff
7fff
7fff
7fff
7fff
7fff
7fff
7fff
7fff
7fff
7fff
7fff
7fff
7fff
7fff
7fff
7fff
7fff
7fff
7fff
7fff
7fff
7fff
7fff
7fff
7fff
7fff
7fff
7fff
7fff
7fff
7fff
7fff
7fff
7fff
7fff
7fff
7fff
7fff
7fff
7fff
7fff
7fff
7fff
7fff
7fff
7fff
7fff
7fff
7fff
7fff
7fff
7fff
7fff
7fff
7fff
7fff
7fff
7fff
7fff
7fff
7fff
7fff
7fff
7fff
7fff
7fff
7fff
7fff
7fff
7fff
7fff
7fff
7fff
7fff
7fff
7fff
7fff
7fff
7fff
7fff
7fff
7fff
7fff
7fff
7fff
7fff
7fff
7fff
7fff
7fff
7fff
7fff
7fff
7fff
7fff
7fff
7fff
7fff
7fff
7fff
7fff
7fff
7fff
7fff
7fff
7fff
7fff
7fff
7fff
7fff
7fff
7fff
7fff
7fff
7fff
7fff
7fff
7fff
7fff
7fff
7fff
7fff
7fff
7fff
7fff
7fff
7fff
7fff
7fff
7fff
7fff
7fff
7fff
7fff
7fff
7fff
7fff
7fff
7fff
7fff
7fff
7fff
7fff
7fff
7fff
7fff
7fff
7fff
7fff
7fff
7fff
7fff
7fff
7fff
7fff
7fff
7fff
7fff
7fff
7fff
7fff
7fff
7fff
7fff
7fff
7fff
7fff
7fff
7fff
7fff
7fff
7fff
7fff
7fff
7fff
7fff
7fff
7fff
7fff
7fff
7fff
7fff
7fff
7fff
7fff
7fff
7fff
7fff
7fff
7fff
7fff
7fff
7fff
7fff
7fff
7fff
7fff
7fff
7fff
7fff
7fff
7fff
7fff
7fff
7fff
7fff
7fff
7fff
7fff
7fff
7fff
7fff
7fff
7fff
7fff
7fff
7fff
7fff
7fff
7fff
7fff
7fff
7fff
7fff
7fff
7fff
7fff
7fff
7fff
7fff
7fff
7fff
7fff
7fff
7fff
7fff
7fff
7fff
7fff
7fff
7fff
7fff
7fff
7fff
7fff
7fff
7fff
7fff
7fff
7fff
7fff
7fff
7fff
7fff
7fff
7fff
7fff
7fff
7fff
7fff
7fff
7fff
7fff
7fff
7fff
7fff
7fff
7fff
7fff
7fff
7fff
7fff
7fff
7fff
7fff
7fff
7fff
7fff
7fff
7fff
7fff
7fff
7fff
7fff
7fff
7fff
7fff
7fff
7fff
7fff
7fff
7fff
7fff
7fff
7fff
7fff
7fff
7fff
7fff
7fff
7fff
7fff
7fff
7fff
7fff
7fff
7fff
7fff
7fff
7fff
7fff
7fff
7fff
7fff
7fff
7fff
7fff
7fff
7fff
7fff
7fff
7fff
7fff
7fff
7fff
7fff
7fff
7fff
7fff
7fff
7fff
7fff
7fff
7fff
7fff
7fff
7fff
7fff
7fff
7fff
7fff
7fff
7fff
7fff
7fff
7fff
7fff
7fff
7fff
7fff
7fff
7fff
7fff
7fff
7fff
7fff
7fff
7fff
7fff
7fff
7fff
7fff
7fff
7fff
7fff
7fff
7fff
7fff
7fff
7fff
7fff
7fff
7fff
7fff
7fff
7fff
7fff
7fff
7fff
7fff
7fff
7fff
7fff
7fff
7fff
7fff
7fff
7fff
7fff
7fff
7fff
7fff
7fff
7fff
7fff
7fff
7fff
7fff
7fff
7fff
7fff
7fff
7fff
7fff
7fff
7fff
7fff
7fff
7fff
7fff
7fff
7fff
7fff
7fff
7fff
7fff
7fff
7fff
7fff
7fff
7fff
7fff
7fff
7fff
7fff
7fff
7fff
7fff
7fff
7fff
7fff
7fff
7fff
7fff
7fff
7fff
7fff
7fff
7fff
7fff
7fff
7fff
7fff
7fff
7fff
7fff
7fff
7fff
7fff
7fff
7fff
7fff
7fff
7fff
7fff
7fff
7fff
7fff
7fff
7fff
7fff
7fff
7fff
7fff
7fff
7fff
7fff
7fff
7fff
7fff
7fff
7fff
7fff
7fff
7fff
7fff
7fff
7fff
7fff
7fff
7fff
7fff
7fff
7fff
7fff
7fff
7fff
7fff
7fff
7fff
7fff
7fff
7fff
7fff
7fff
7fff
7fff
7fff
7fff
7fff
7fff
7fff
7fff
7fff
7fff
7fff
7fff
7fff
7fff
7fff
7fff
7fff
7fff
7fff
7fff
7fff
7fff
7fff
7fff
7fff
7fff
7fff
7fff
7fff
7fff
7fff
7fff
7fff
7fff
7fff
7fff
7fff
7fff
7fff
7fff
7fff
7fff
7fff
7fff
7fff
7fff
7fff
7fff
7fff
7fff
7fff
7fff
7fff
7fff
7fff
7fff
7fff
7fff
7fff
7fff
7fff
7fff
7fff
7fff
7fff
7fff
7fff
7fff
7fff
7fff
7fff
7fff
7fff
7fff
7fff
7fff
7fff
7fff
7fff
7fff
7fff
7fff
7fff
7fff
7fff
7fff
7fff
7fff
7fff
7fff
7fff
7fff
7fff
7fff
7fff
7fff
7fff
7fff
7fff
7fff
7fff
7fff
7fff
7fff
7fff
7fff
7fff
7fff
7fff
7fff
7fff
7fff
7fff
7fff
7fff
7fff
7fff
7fff
7fff
7fff
7fff
7fff
7fff
7fff
7fff
7fff
7fff
7fff
7fff
7fff
7fff
7fff
7fff
7fff
7fff
7fff
7fff
7fff
7fff
7fff
7fff
7fff
7fff
7fff
7fff
7fff
7fff
7fff
7fff
7fff
7fff
7fff
7fff
7fff
7fff
7fff
7fff
7fff
7fff
7fff
7fff
7fff
7fff
7fff
7fff
7fff
7fff
7fff
7fff
7fff
7fff
7fff
7fff
7fff
7fff
7fff
7fff
7fff
7fff
7fff
7fff
7fff
7fff
7fff
7fff
7fff
7fff
7fff
7fff
7fff
7fff
7fff
7fff
7fff
7fff
7fff
7fff
7fff
7fff
7fff
7fff
7fff
7fff
7fff
7fff
7fff
7fff
7fff
7fff
7fff
7fff
7fff
7fff
7fff
7fff
7fff
7fff
7fff
7fff
7fff
7fff
7fff
7fff
7fff
7fff
7fff
7fff
7fff
7fff
7fff
7fff
7fff
7fff
7fff
7fff
7fff
7fff
7fff
7fff
7fff
7fff
7fff
7fff
7fff
7fff
7fff
7fff
7fff
7fff
7fff
7fff
7fff
7fff
7fff
7fff
7fff
7fff
7fff
7fff
7fff
7fff
7fff
7fff
7fff
7fff
7fff
7fff
7fff
7fff
7fff
7fff
7fff
7fff
7fff
7fff
7fff
7fff
7fff
7fff
7fff
7fff
7fff
7fff
7fff
7fff
7fff
7fff
7fff
7fff
7fff
7fff
7fff
7fff
7fff
7fff
7fff
7fff
7fff
7fff
7fff
7fff
7fff
7fff
7fff
7fff
7fff
7fff
7fff
7fff
7fff
7fff
7fff
7fff
7fff
7fff
7fff
7fff
7fff
7fff
7fff
7fff
7fff
7fff
7fff
7fff
7fff
7fff
7fff
7fff
7fff
7fff
7fff
7fff
7fff
7fff
7fff
7fff
7fff
7fff
7fff
7fff
7fff
7fff
7fff
7fff
7fff
7fff
7fff
7fff
7fff
7fff
7fff
7fff
7fff
7fff
7fff
7fff
7fff
7fff
7fff
7fff
7fff
7fff
7fff
7fff
7fff
7fff
7fff
7fff
7fff
7fff
7fff
7fff
7fff
7fff
7fff
7fff
7fff
7fff
7fff
7fff
7fff
7fff
7fff
7fff
7fff
7fff
7fff
7fff
7fff
7fff
7fff
7fff
7fff
7fff
7fff
7fff
7fff
7fff
7fff
7fff
7fff
7fff
7fff
7fff
7fff
7fff
7fff
7fff
7fff
7fff
7fff
7fff
7fff
7fff
7fff
7fff
7fff
7fff
7fff
7fff
7fff
7fff
7fff
7fff
7fff
7fff
7fff
7fff
7fff
7fff
7fff
7fff
7fff
7fff
7fff
7fff
7fff
7fff
7fff
7fff
7fff
7fff
7fff
7fff
7fff
7fff
7fff
7fff
7fff
7fff
7fff
7fff
7fff
7fff
7fff
7fff
7fff
7fff
7fff
7fff
7fff
7fff
7fff
7fff
7fff
7fff
7fff
7fff
7fff
7fff
7fff
7fff
7fff
7fff
7fff
7fff
7fff
7fff
7fff
7fff
7fff
7fff
7fff
7fff
7fff
7fff
7fff
7fff
7fff
7fff
7fff
7fff
7fff
7fff
7fff
7fff
7fff
7fff
7fff
7fff
7fff
7fff
7fff
7fff
7fff
7fff
7fff
7fff
7fff
7fff
7fff
7fff
7fff
7fff
7fff
7fff
7fff
7fff
7fff
7fff
7fff
7fff
7fff
7fff
7fff
7fff
7fff
7fff
7fff
7fff
7fff
7fff
7fff
7fff
7fff
7fff
7fff
7fff
7fff
7fff
7fff
7fff
7fff
7fff
7fff
7fff
7fff
7fff
7fff
7fff
7fff
7fff
7fff
7fff
7fff
7fff
7fff
7fff
7fff
7fff
7fff
7fff
7fff
7fff
7fff
7fff
7fff
7fff
7fff
7fff
7fff
7fff
7fff
7fff
7fff
7fff
7fff
7fff
7fff
7fff
7fff
7fff
7fff
7fff
7fff
7fff
7fff
7fff
7fff
7fff
7fff
7fff
7fff
7fff
7fff
7fff
7fff
7fff
7fff
7fff
7fff
7fff
7fff
7fff
7fff
7fff
7fff
7fff
7fff
7fff
7fff
7fff
7fff
7fff
7fff
7fff
7fff
7fff
7fff
7fff
7fff
7fff
7fff
7fff
7fff
7fff
7fff
7fff
7fff
7fff
7fff
7fff
7fff
7fff
7fff
7fff
7fff
7fff
7fff
7fff
7fff
7fff
7fff
7fff
7fff
7fff
7fff
7fff
7fff
7fff
7fff
7fff
7fff
7fff
7fff
7fff
7fff
7fff
7fff
7fff
7fff
7fff
7fff
7fff
7fff
7fff
7fff
7fff
7fff
7fff
7fff
7fff
7fff
7fff
7fff
7fff
7fff
7fff
7fff
7fff
7fff
7fff
7fff
7fff
7fff
7fff
7fff
7fff
7fff
7fff
7fff
7fff
7fff
7fff
7fff
7fff
7fff
7fff
7fff
7fff
7fff
7fff
7fff
7fff
7fff
7fff
7fff
7fff
7fff
7fff
7fff
7fff
7fff
7fff
7fff
7fff
7fff
7fff
7fff
7fff
7fff
7fff
7fff
7fff
7fff
7fff
7fff
7fff
7fff
7fff
7fff
7fff
7fff
7fff
7fff
7fff
7fff
7fff
7fff
7fff
7fff
7fff
7fff
7fff
7fff
7fff
7fff
7fff
7fff
7fff
7fff
7fff
7fff
7fff
7fff
7fff
7fff
7fff
7fff
7fff
7fff
7fff
7fff
7fff
7fff
7fff
7fff
7fff
7fff
7fff
7fff
7fff
7fff
7fff
7fff
7fff
7fff
7fff
7fff
7fff
7fff
7fff
7fff
7fff
7fff
7fff
7fff
7fff
7fff
7fff
7fff
7fff
7fff
7fff
7fff
7fff
7fff
7fff
7fff
7fff
7fff
7fff
7fff
7fff
7fff
7fff
7fff
7fff
7fff
7fff
7fff
7fff
7fff
7fff
7fff
7fff
7fff
7fff
7fff
7fff
7fff
7fff
7fff
7fff
7fff
7fff
7fff
7fff
7fff
7fff
7fff
7fff
7fff
7fff
7fff
7fff
7fff
7fff
7fff
7fff
7fff
7fff
7fff
7fff
7fff
7fff
7fff
7fff
7fff
7fff
7fff
7fff
7fff
7fff
7fff
7fff
7fff
7fff
7fff
7fff
7fff
7fff
7fff
7fff
7fff
7fff
7fff
7fff
7fff
7fff
7fff
7fff
7fff
7fff
7fff
7fff
7fff
7fff
7fff
7fff
7fff
7fff
7fff
7fff
7fff
7fff
7fff
7fff
7fff
7fff
7fff
7fff
7fff
7fff
7fff
7fff
7fff
7fff
7fff
7fff
7fff
7fff
7fff
7fff
7fff
7fff
7fff
7fff
7fff
7fff
7fff
7fff
7fff
7fff
7fff
7fff
7fff
7fff
7fff
7fff
7fff
7fff
7fff
7fff
7fff
7fff
7fff
7fff
7fff
7fff
7fff
7fff
7fff
7fff
7fff
7fff
7fff
7fff
7fff
7fff
7fff
7fff
7fff
7fff
7fff
7fff
7fff
7fff
7fff
7fff
7fff
7fff
7fff
7fff
7fff
7fff
7fff
7fff
7fff
7fff
7fff
7fff
7fff
7fff
7fff
7fff
7fff
7fff
7fff
7fff
7fff
7fff
7fff
7fff
7fff
7fff
7fff
7fff
7fff
7fff
7fff
7fff
7fff
7fff
7fff
7fff
7fff
7fff
7fff
7fff
7fff
7fff
7fff
7fff
7fff
7fff
7fff
7fff
7fff
7fff
7fff
7fff
7fff
7fff
7fff
7fff
7fff
7fff
7fff
7fff
7fff
7fff
7fff
7fff
7fff
7fff
7fff
7fff
7fff
7fff
7fff
7fff
7fff
7fff
7fff
7fff
7fff
7fff
7fff
7fff
7fff
7fff
7fff
7fff
7fff
7fff
7fff
7fff
7fff
7fff
7fff
7fff
7fff
7fff
7fff
7fff
7fff
7fff
7fff
7fff
7fff
7fff
7fff
7fff
7fff
7fff
7fff
7fff
7fff
7fff
7fff
7fff
7fff
7fff
7fff
7fff
7fff
7fff
7fff
7fff
7fff
7fff
7fff
7fff
7fff
7fff
7fff
7fff
7fff
7fff
7fff
7fff
7fff
7fff
7fff
7fff
7fff
7fff
7fff
7fff
7fff
7fff
7fff
7fff
7fff
7fff
7fff
7fff
7fff
7fff
7fff
7fff
7fff
7fff
7fff
7fff
7fff
7fff
7fff
7fff
7fff
7fff
7fff
7fff
7fff
7fff
7fff
7fff
7fff
7fff
7fff
7fff
7fff
7fff
7fff
7fff
7fff
7fff
7fff
7fff
7fff
7fff
7fff
7fff
7fff
7fff
7fff
7fff
7fff
7fff
7fff
7fff
7fff
7fff
7fff
7fff
7fff
7fff
7fff
7fff
7fff
7fff
7fff
7fff
7fff
7fff
7fff
7fff
7fff
7fff
7fff
7fff
7fff
7fff
7fff
7fff
7fff
7fff
7fff
7fff
7fff
7fff
7fff
7fff
7fff
7fff
7fff
7fff
7fff
7fff
7fff
7fff
7fff
7fff
7fff
7fff
7fff
7fff
7fff
7fff
7fff
7fff
7fff
7fff
7fff
7fff
7fff
7fff
7fff
7fff
7fff
7fff
7fff
7fff
7fff
7fff
7fff
7fff
7fff
7fff
7fff
7fff
7fff
7fff
7fff
7fff
7fff
7fff
7fff
7fff
7fff
7fff
7fff
7fff
7fff
7fff
7fff
7fff
7fff
7fff
7fff
7fff
7fff
7fff
7fff
7fff
7fff
7fff
7fff
7fff
7fff
7fff
7fff
7fff
7fff
7fff
7fff
7fff
7fff
7fff
7fff
7fff
7fff
7fff
7fff
7fff
7fff
7fff
7fff
7fff
7fff
7fff
7fff
7fff
7fff
7fff
7fff
7fff
7fff
7fff
7fff
7fff
7fff
7fff
7fff
7fff
7fff
7fff
7fff
7fff
7fff
7fff
7fff
7fff
7fff
7fff
7fff
7fff
7fff
7fff
7fff
7fff
7fff
7fff
7fff
7fff
7fff
7fff
7fff
7fff
7fff
7fff
7fff
7fff
7fff
7fff
7fff
7fff
7fff
7fff
7fff
7fff
7fff
7fff
7fff
7fff
7fff
7fff
7fff
7fff
7fff
7fff
7fff
7fff
7fff
7fff
7fff
7fff
7fff
7fff
7fff
7fff
7fff
7fff
7fff
7fff
7fff
7fff
7fff
7fff
7fff
7fff
7fff
7fff
7fff
7fff
7fff
7fff
7fff
7fff
7fff
7fff
7fff
7fff
7fff
7fff
7fff
7fff
7fff
7fff
7fff
7fff
7fff
7fff
7fff
7fff
7fff
7fff
7fff
7fff
7fff
7fff
7fff
7fff
7fff
7fff
7fff
7fff
7fff
7fff
7fff
7fff
7fff
7fff
7fff
7fff
7fff
7fff
7fff
7fff
7fff
7fff
7fff
7fff
7fff
7fff
7fff
7fff
7fff
7fff
7fff
7fff
7fff
7fff
7fff
7fff
7fff
7fff
7fff
7fff
7fff
7fff
7fff
7fff
7fff
7fff
7fff
7fff
7fff
7fff
7fff
7fff
7fff
7fff
7fff
7fff
7fff
7fff
7fff
7fff
7fff
7fff
7fff
7fff
7fff
7fff
7fff
7fff
7fff
7fff
7fff
7fff
7fff
7fff
7fff
7fff
7fff
7fff
7fff
7fff
7fff
7fff
7fff
7fff
7fff
7fff
7fff
7fff
7fff
7fff
7fff
7fff
7fff
7fff
7fff
7fff
7fff
7fff
7fff
7fff
7fff
7fff
7fff
7fff
7fff
7fff
7fff
7fff
7fff
7fff
7fff
7fff
7fff
7fff
7fff
7fff
7fff
7fff
7fff
7fff
7fff
7fff
7fff
7fff
7fff
7fff
7fff
7fff
7fff
7fff
7fff
7fff
7fff
7fff
7fff
7fff
7fff
7fff
7fff
7fff
7fff
7fff
7fff
7fff
7fff
7fff
7fff
7fff
7fff
7fff
7fff
7fff
7fff
7fff
7fff
7fff
7fff
7fff
7fff
7fff
7fff
7fff
7fff
7fff
7fff
7fff
7fff
7fff
7fff
7fff
7fff
7fff
7fff
7fff
7fff
7fff
7fff
7fff
7fff
7fff
7fff
7fff
7fff
7fff
7fff
7fff
7fff
7fff
7fff
7fff
7fff
7fff
7fff
7fff
7fff
7fff
7fff
7fff
7fff
7fff
7fff
7fff
7fff
7fff
7fff
7fff
7fff
7fff
7fff
7fff
7fff
7fff
7fff
7fff
7fff
7fff
7fff
7fff
7fff
7fff
7fff
7fff
7fff
7fff
7fff
7fff
7fff
7fff
7fff
7fff
7fff
7fff
7fff
7fff
7fff
7fff
7fff
7fff
7fff
7fff
7fff
7fff
7fff
7fff
7fff
7fff
7fff
7fff
7fff
7fff
7fff
7fff
7fff
7fff
7fff
7fff
7fff
7fff
7fff
7fff
7fff
7fff
7fff
7fff
7fff
7fff
7fff
7fff
7fff
7fff
7fff
7fff
7fff
7fff
7fff
7fff
7fff
7fff
7fff
7fff
7fff
7fff
7fff
7fff
7fff
7fff
7fff
7fff
7fff
7fff
7fff
7fff
7fff
7fff
7fff
7fff
7fff
7fff
7fff
7fff
7fff
7fff
7fff
7fff
7fff
7fff
7fff
7fff
7fff
7fff
7fff
7fff
7fff
7fff
7fff
7fff
7fff
7fff
7fff
7fff
7fff
7fff
7fff
7fff
7fff
7fff
7fff
7fff
7fff
7fff
7fff
7fff
7fff
7fff
7fff
7fff
7fff
7fff
7fff
7fff
7fff
7fff
7fff
7fff
7fff
7fff
7fff
7fff
7fff
7fff
7fff
7fff
7fff
7fff
7fff
7fff
7fff
7fff
7fff
7fff
7fff
7fff
7fff
7fff
7fff
7fff
7fff
7fff
7fff
7fff
7fff
7fff
7fff
7fff
7fff
7fff
7fff
7fff
7fff
7fff
7fff
7fff
7fff
7fff
7fff
7fff
7fff
7fff
7fff
7fff
7fff
7fff
7fff
7fff
7fff
7fff
7fff
7fff
7fff
7fff
7fff
7fff
7fff
7fff
7fff
7fff
7fff
7fff
7fff
7fff
7fff
7fff
7fff
7fff
7fff
7fff
7fff
7fff
7fff
7fff
7fff
7fff
7fff
7fff
7fff
7fff
7fff
7fff
7fff
7fff
7fff
7fff
7fff
7fff
7fff
7fff
7fff
7fff
7fff
7fff
7fff
7fff
7fff
7fff
7fff
7fff
7fff
7fff
7fff
7fff
7fff
7fff
7fff
7fff
7fff
7fff
7fff
7fff
7fff
7fff
7fff
7fff
7fff
7fff
7fff
7fff
7fff
7fff
7fff
7fff
7fff
7fff
7fff
7fff
7fff
7fff
7fff
7fff
7fff
7fff
7fff
7fff
7fff
7fff
7fff
7fff
7fff
7fff
7fff
7fff
7fff
7fff
7fff
7fff
7fff
7fff
7fff
7fff
7fff
7fff
7fff
7fff
7fff
7fff
7fff
7fff
7fff
7fff
7fff
7fff
7fff
7fff
7fff
7fff
7fff
7fff
7fff
7fff
7fff
7fff
7fff
7fff
7fff
7fff
7fff
7fff
7fff
7fff
7fff
7fff
7fff
7fff
7fff
7fff
7fff
7fff
7fff
7fff
7fff
7fff
7fff
7fff
7fff
7fff
7fff
7fff
7fff
7fff
7fff
7fff
7fff
7fff
7fff
7fff
7fff
7fff
7fff
7fff
7fff
7fff
7fff
7fff
7fff
7fff
7fff
7fff
7fff
7fff
7fff
7fff
7fff
7fff
7fff
7fff
7fff
7fff
7fff
7fff
7fff
7fff
7fff
7fff
7fff
7fff
7fff
7fff
7fff
7fff
7fff
7fff
7fff
7fff
7fff
7fff
7fff
7fff
7fff
7fff
7fff
7fff
7fff
7fff
7fff
7fff
7fff
7fff
7fff
7fff
7fff
7fff
7fff
7fff
7fff
7fff
7fff
7fff
7fff
7fff
7fff
7fff
7fff
7fff
7fff
7fff
7fff
7fff
7fff
7fff
7fff
7fff
7fff
7fff
7fff
7fff
7fff
7fff
7fff
7fff
7fff
7fff
7fff
7fff
7fff
7fff
7fff
7fff
7fff
7fff
7fff
7fff
7fff
7fff
7fff
7fff
7fff
7fff
7fff
7fff
7fff
7fff
7fff
7fff
7fff
7fff
7fff
7fff
7fff
7fff
7fff
7fff
7fff
7fff
7fff
7fff
7fff
7fff
7fff
7fff
7fff
7fff
7fff
7fff
7fff
7fff
7fff
7fff
7fff
7fff
7fff
7fff
7fff
7fff
7fff
7fff
7fff
7fff
7fff
7fff
7fff
7fff
7fff
7fff
7fff
7fff
7fff
7fff
7fff
7fff
7fff
7fff
7fff
7fff
7fff
7fff
7fff
7fff
7fff
7fff
7fff
7fff
7fff
7fff
7fff
7fff
7fff
7fff
7fff
7fff
7fff
7fff
7fff
7fff
7fff
7fff
7fff
7fff
7fff
7fff
7fff
7fff
7fff
7fff
7fff
7fff
7fff
7fff
7fff
7fff
7fff
7fff
7fff
7fff
7fff
7fff
7fff
7fff
7fff
7fff
7fff
7fff
7fff
7fff
7fff
7fff
7fff
7fff
7fff
7fff
7fff
7fff
7fff
7fff
7fff
7fff
7fff
7fff
7fff
7fff
7fff
7fff
7fff
7fff
7fff
7fff
7fff
7fff
7fff
7fff
7fff
7fff
7fff
7fff
7fff
7fff
7fff
7fff
7fff
7fff
7fff
7fff
7fff
7fff
7fff
7fff
7fff
7fff
7fff
7fff
7fff
7fff
7fff
7fff
7fff
7fff
7fff
7fff
7fff
7fff
7fff
7fff
7fff
7fff
7fff
7fff
7fff
7fff
7fff
7fff
7fff
7fff
7fff
7fff
7fff
7fff
7fff
7fff
7fff
7fff
7fff
7fff
7fff
7fff
7fff
7fff
7fff
7fff
7fff
7fff
7fff
7fff
7fff
7fff
7fff
7fff
7fff
7fff
7fff
7fff
7fff
7fff
7fff
7fff
7fff
7fff
7fff
7fff
7fff
7fff
7fff
7fff
7fff
7fff
7fff
7fff
7fff
7fff
7fff
7fff
7fff
7fff
7fff
7fff
7fff
7fff
7fff
7fff
7fff
7fff
7fff
7fff
7fff
7fff
7fff
7fff
7fff
7fff
7fff
7fff
7fff
7fff
7fff
7fff
7fff
7fff
7fff
7fff
7fff
7fff
7fff
7fff
7fff
7fff
7fff
7fff
7fff
7fff
7fff
7fff
7fff
7fff
7fff
7fff
7fff
7fff
7fff
7fff
7fff
7fff
7fff
7fff
7fff
7fff
7fff
7fff
7fff
7fff
7fff
7fff
7fff
7fff
7fff
7fff
7fff
7fff
7fff
7fff
7fff
7fff
7fff
7fff
7fff
7fff
7fff
7fff
7fff
7fff
7fff
7fff
7fff
7fff
7fff
7fff
7fff
7fff
7fff
7fff
7fff
7fff
7fff
7fff
7fff
7fff
7fff
7fff
7fff
7fff
7fff
7fff
7fff
7fff
7fff
7fff
7fff
7fff
7fff
7fff
7fff
7fff
7fff
7fff
7fff
7fff
7fff
7fff
7fff
7fff
7fff
7fff
7fff
7fff
7fff
7fff
7fff
7fff
7fff
7fff
7fff
7fff
7fff
7fff
7fff
7fff
7fff
7fff
7fff
7fff
7fff
7fff
7fff
7fff
7fff
7fff
7fff
7fff
7fff
7fff
7fff
7fff
7fff
7fff
7fff
7fff
7fff
7fff
7fff
7fff
7fff
7fff
7fff
7fff
7fff
7fff
7fff
7fff
7fff
7fff
7fff
7fff
7fff
7fff
7fff
7fff
7fff
7fff
7fff
7fff
7fff
7fff
7fff
7fff
7fff
7fff
7fff
7fff
7fff
7fff
7fff
7fff
7fff
7fff
7fff
7fff
7fff
7fff
7fff
7fff
7fff
7fff
7fff
7fff
7fff
7fff
7fff
7fff
7fff
7fff
7fff
7fff
7fff
7fff
7fff
7fff
7fff
7fff
7fff
7fff
7fff
7fff
7fff
7fff
7fff
7fff
7fff
7fff
7fff
7fff
7fff
7fff
7fff
7fff
7fff
7fff
7fff
7fff
7fff
7fff
7fff
7fff
7fff
7fff
7fff
7fff
7fff
7fff
7fff
7fff
7fff
7fff
7fff
7fff
7fff
7fff
7fff
7fff
7fff
7fff
7fff
7fff
7fff
7fff
7fff
7fff
7fff
7fff
7fff
7fff
7fff
7fff
7fff
7fff
7fff
7fff
7fff
7fff
7fff
7fff
7fff
7fff
7fff
7fff
7fff
7fff
7fff
7fff
7fff
7fff
7fff
7fff
7fff
7fff
7fff
7fff
7fff
7fff
7fff
7fff
7fff
7fff
7fff
7fff
7fff
7fff
7fff
7fff
7fff
7fff
7fff
7fff
7fff
7fff
7fff
7fff
7fff
7fff
7fff
7fff
7fff
7fff
7fff
7fff
7fff
7fff
7fff
7fff
7fff
7fff
7fff
7fff
7fff
7fff
7fff
7fff
7fff
7fff
7fff
7fff
7fff
7fff
7fff
7fff
7fff
7fff
7fff
7fff
7fff
7fff
7fff
7fff
7fff
7fff
7fff
7fff
7fff
7fff
7fff
7fff
7fff
7fff
7fff
7fff
7fff
7fff
7fff
7fff
7fff
7fff
7fff
7fff
7fff
7fff
7fff
7fff
7fff
7fff
7fff
7fff
7fff
7fff
7fff
7fff
7fff
7fff
7fff
7fff
7fff
7fff
7fff
7fff
7fff
7fff
7fff
7fff
7fff
7fff
7fff
7fff
7fff
7fff
7fff
7fff
7fff
7fff
7fff
7fff
7fff
7fff
7fff
7fff
7fff
7fff
7fff
7fff
7fff
7fff
7fff
7fff
7fff
7fff
7fff
7fff
7fff
7fff
7fff
7fff
7fff
7fff
7fff
7fff
7fff
7fff
7fff
7fff
7fff
7fff
7fff
7fff
7fff
7fff
7fff
7fff
7fff
7fff
7fff
7fff
7fff
7fff
7fff
7fff
7fff
7fff
7fff
7fff
7fff
7fff
7fff
7fff
7fff
7fff
7fff
7fff
7fff
7fff
7fff
7fff
7fff
7fff
7fff
7fff
7fff
7fff
7fff
7fff
7fff
7fff
7fff
7fff
7fff
7fff
7fff
7fff
7fff
7fff
7fff
7fff
7fff
7fff
7fff
7fff
7fff
7fff
7fff
7fff
7fff
7fff
7fff
7fff
7fff
7fff
7fff
7fff
7fff
7fff
7fff
7fff
7fff
7fff
7fff
7fff
7fff
7fff
7fff
7fff
7fff
7fff
7fff
7fff
7fff
7fff
7fff
7fff
7fff
7fff
7fff
7fff
7fff
7fff
7fff
7fff
7fff
7fff
7fff
7fff
7fff
7fff
7fff
7fff
7fff
7fff
7fff
7fff
7fff
7fff
7fff
7fff
7fff
7fff
7fff
7fff
7fff
7fff
7fff
7fff
7fff
7fff
7fff
7fff
7fff
7fff
7fff
7fff
7fff
7fff
7fff
7fff
7fff
7fff
7fff
7fff
7fff
7fff
7fff
7fff
7fff
7fff
7fff
7fff
7fff
7fff
7fff
7fff
7fff
7fff
7fff
7fff
7fff
7fff
7fff
7fff
7fff
7fff
7fff
7fff
7fff
7fff
7fff
7fff
7fff
7fff
7fff
7fff
7fff
7fff
7fff
7fff
7fff
7fff
7fff
7fff
7fff
7fff
7fff
7fff
7fff
7fff
7fff
7fff
7fff
7fff
7fff
7fff
7fff
7fff
7fff
7fff
7fff
7fff
7fff
7fff
7fff
7fff
7fff
7fff
7fff
7fff
7fff
7fff
7fff
7fff
7fff
7fff
7fff
7fff
7fff
7fff
7fff
7fff
7fff
7fff
7fff
7fff
7fff
7fff
7fff
7fff
7fff
7fff
7fff
7fff
7fff
7fff
7fff
7fff
7fff
7fff
7fff
7fff
7fff
7fff
7fff
7fff
7fff
7fff
7fff
7fff
7fff
7fff
7fff
7fff
7fff
7fff
7fff
7fff
7fff
7fff
7fff
7fff
7fff
7fff
7fff
7fff
7fff
7fff
7fff
7fff
7fff
7fff
7fff
7fff
7fff
7fff
7fff
7fff
7fff
7fff
7fff
7fff
7fff
7fff
7fff
7fff
7fff
7fff
7fff
7fff
7fff
7fff
7fff
7fff
7fff
7fff
7fff
7fff
7fff
7fff
7fff
7fff
7fff
7fff
7fff
7fff
7fff
7fff
7fff
7fff
7fff
7fff
7fff
7fff
7fff
7fff
7fff
7fff
7fff
7fff
7fff
7fff
7fff
7fff
7fff
7fff
7fff
7fff
7fff
7fff
7fff
7fff
7fff
7fff
7fff
7fff
7fff
7fff
7fff
7fff
7fff
7fff
7fff
7fff
7fff
7fff
7fff
7fff
7fff
7fff
7fff
7fff
7fff
7fff
7fff
7fff
7fff
7fff
7fff
7fff
7fff
7fff
7fff
7fff
7fff
7fff
7fff
7fff
7fff
7fff
7fff
7fff
7fff
7fff
7fff
7fff
7fff
7fff
7fff
7fff
7fff
7fff
7fff
7fff
7fff
7fff
7fff
7fff
7fff
7fff
7fff
7fff
7fff
7fff
7fff
7fff
7fff
7fff
7fff
7fff
7fff
7fff
7fff
7fff
7fff
7fff
7fff
7fff
7fff
7fff
7fff
7fff
7fff
7fff
7fff
7fff
7fff
7fff
7fff
7fff
7fff
7fff
7fff
7fff
7fff
7fff
7fff
7fff
7fff
7fff
7fff
7fff
7fff
7fff
7fff
7fff
7fff
7fff
7fff
7fff
7fff
7fff
7fff
7fff
7fff
7fff
7fff
7fff
7fff
7fff
7fff
7fff
7fff
7fff
7fff
7fff
7fff
7fff
7fff
7fff
7fff
7fff
7fff
7fff
7fff
7fff
7fff
7fff
7fff
7fff
7fff
7fff
7fff
7fff
7fff
7fff
7fff
7fff
7fff
7fff
7fff
7fff
7fff
7fff
7fff
7fff
7fff
7fff
7fff
7fff
7fff
7fff
7fff
7fff
7fff
7fff
7fff
7fff
7fff
7fff
7fff
7fff
7fff
7fff
7fff
7fff
7fff
7fff
7fff
7fff
7fff
7fff
7fff
7fff
7fff
7fff
7fff
7fff
7fff
7fff
7fff
7fff
7fff
7fff
7fff
7fff
7fff
7fff
7fff
7fff
7fff
7fff
7fff
7fff
7fff
7fff
7fff
7fff
7fff
7fff
7fff
7fff
7fff
7fff
7fff
7fff
7fff
7fff
7fff
7fff
7fff
7fff
7fff
7fff
7fff
7fff
7fff
7fff
7fff
7fff
7fff
7fff
7fff
7fff
7fff
7fff
7fff
7fff
7fff
7fff
7fff
7fff
7fff
7fff
7fff
7fff
7fff
7fff
7fff
7fff
7fff
7fff
7fff
7fff
7fff
7fff
7fff
7fff
7fff
7fff
7fff
7fff
7fff
7fff
7fff
7fff
7fff
7fff
7fff
7fff
7fff
7fff
7fff
7fff
7fff
7fff
7fff
7fff
7fff
7fff
7fff
7fff
7fff
7fff
7fff
7fff
7fff
7fff
7fff
7fff
7fff
7fff
7fff
7fff
7fff
7fff
7fff
7fff
7fff
7fff
7fff
7fff
7fff
7fff
7fff
7fff
7fff
7fff
7fff
7fff
7fff
7fff
7fff
7fff
7fff
7fff
7fff
7fff
7fff
7fff
7fff
7fff
7fff
7fff
7fff
7fff
7fff
7fff
7fff
7fff
7fff
7fff
7fff
7fff
7fff
7fff
7fff
7fff
7fff
7fff
7fff
7fff
7fff
7fff
7fff
7fff
7fff
7fff
7fff
7fff
7fff
7fff
7fff
7fff
7fff
7fff
7fff
7fff
7fff
7fff
7fff
7fff
7fff
7fff
7fff
7fff
7fff
7fff
7fff
7fff
7fff
7fff
7fff
7fff
7fff
7fff
7fff
7fff
7fff
7fff
7fff
7fff
7fff
7fff
7fff
7fff
7fff
7fff
7fff
7fff
7fff
7fff
7fff
7fff
7fff
7fff
7fff
7fff
7fff
7fff
7fff
7fff
7fff
7fff
7fff
7fff
7fff
7fff
7fff
7fff
7fff
7fff
7fff
7fff
7fff
7fff
7fff
7fff
7fff
7fff
7fff
7fff
7fff
7fff
7fff
7fff
7fff
7fff
7fff
7fff
7fff
7fff
7fff
7fff
7fff
7fff
7fff
7fff
7fff
7fff
7fff
7fff
7fff
7fff
7fff
7fff
7fff
7fff
7fff
7fff
7fff
7fff
7fff
7fff
7fff
7fff
7fff
7fff
7fff
7fff
7fff
7fff
7fff
7fff
7fff
7fff
7fff
7fff
7fff
7fff
7fff
7fff
7fff
7fff
7fff
7fff
7fff
7fff
7fff
7fff
7fff
7fff
7fff
7fff
7fff
7fff
7fff
7fff
7fff
7fff
7fff
7fff
7fff
7fff
7fff
7fff
7fff
7fff
7fff
7fff
7fff
7fff
7fff
7fff
7fff
7fff
7fff
7fff
7fff
7fff
7fff
7fff
7fff
7fff
7fff
7fff
7fff
7fff
7fff
7fff
7fff
7fff
7fff
7fff
7fff
7fff
7fff
7fff
7fff
7fff
7fff
7fff
7fff
7fff
7fff
7fff
7fff
7fff
7fff
7fff
7fff
7fff
7fff
7fff
7fff
7fff
7fff
7fff
7fff
7fff
7fff
7fff
7fff
7fff
7fff
7fff
7fff
7fff
7fff
7fff
7fff
7fff
7fff
7fff
7fff
7fff
7fff
7fff
7fff
7fff
7fff
7fff
7fff
7fff
7fff
7fff
7fff
7fff
7fff
7fff
7fff
7fff
7fff
7fff
7fff
7fff
7fff
7fff
7fff
7fff
7fff
7fff
7fff
7fff
7fff
7fff
7fff
7fff
7fff
7fff
7fff
7fff
7fff
7fff
7fff
7fff
7fff
7fff
7fff
7fff
7fff
7fff
7fff
7fff
7fff
7fff
7fff
7fff
7fff
7fff
7fff
7fff
7fff
7fff
7fff
7fff
7fff
7fff
7fff
7fff
7fff
7fff
7fff
7fff
7fff
7fff
7fff
7fff
7fff
7fff
7fff
7fff
7fff
7fff
7fff
7fff
7fff
7fff
7fff
7fff
7fff
7fff
7fff
7fff
7fff
7fff
7fff
7fff
7fff
7fff
7fff
7fff
7fff
7fff
7fff
7fff
7fff
7fff
7fff
7fff
7fff
7fff
7fff
7fff
7fff
7fff
7fff
7fff
7fff
7fff
7fff
7fff
7fff
7fff
7fff
7fff
7fff
7fff
7fff
7fff
7fff
7fff
7fff
7fff
7fff
7fff
7fff
7fff
7fff
7fff
7fff
7fff
7fff
7fff
7fff
7fff
7fff
7fff
7fff
7fff
7fff
7fff
7fff
7fff
7fff
7fff
7fff
7fff
7fff
7fff
7fff
7fff
7fff
7fff
7fff
7fff
7fff
7fff
7fff
7fff
7fff
7fff
7fff
7fff
7fff
7fff
7fff
7fff
7fff
7fff
7fff
7fff
7fff
7fff
7fff
7fff
7fff
7fff
7fff
7fff
7fff
7fff
7fff
7fff
7fff
7fff
7fff
7fff
7fff
7fff
7fff
7fff
7fff
7fff
7fff
7fff
7fff
7fff
7fff
7fff
7fff
7fff
7fff
7fff
7fff
7fff
7fff
7fff
7fff
7fff
7fff
7fff
7fff
7fff
7fff
7fff
7fff
7fff
7fff
7fff
7fff
7fff
7fff
7fff
7fff
7fff
7fff
7fff
7fff
7fff
7fff
7fff
7fff
7fff
7fff
7fff
7fff
7fff
7fff
7fff
7fff
7fff
7fff
7fff
7fff
7fff
7fff
7fff
7fff
7fff
7fff
7fff
7fff
7fff
7fff
7fff
7fff
7fff
7fff
7fff
7fff
7fff
7fff
7fff
7fff
7fff
7fff
7fff
7fff
7fff
7fff
7fff
7fff
7fff
7fff
7fff
7fff
7fff
7fff
7fff
7fff
7fff
7fff
7fff
7fff
7fff
7fff
7fff
7fff
7fff
7fff
7fff
7fff
7fff
7fff
7fff
7fff
7fff
7fff
7fff
7fff
7fff
7fff
7fff
7fff
7fff
7fff
7fff
7fff
7fff
7fff
7fff
7fff
7fff
7fff
7fff
7fff
7fff
7fff
7fff
7fff
7fff
7fff
7fff
7fff
7fff
7fff
7fff
7fff
7fff
7fff
7fff
7fff
7fff
7fff
7fff
7fff
7fff
7fff
7fff
7fff
7fff
7fff
7fff
7fff
7fff
7fff
7fff
7fff
7fff
7fff
7fff
7fff
7fff
7fff
7fff
7fff
7fff
7fff
7fff
7fff
7fff
7fff
7fff
7fff
7fff
7fff
7fff
7fff
7fff
7fff
7fff
7fff
7fff
7fff
7fff
7fff
7fff
7fff
7fff
7fff
7fff
7fff
7fff
7fff
7fff
7fff
7fff
7fff
7fff
7fff
7fff
7fff
7fff
7fff
7fff
7fff
7fff
7fff
7fff
7fff
7fff
7fff
7fff
7fff
7fff
7fff
7fff
7fff
7fff
7fff
7fff
7fff
7fff
7fff
7fff
7fff
7fff
7fff
7fff
7fff
7fff
7fff
7fff
7fff
7fff
7fff
7fff
7fff
7fff
7fff
7fff
7fff
7fff
7fff
7fff
7fff
7fff
7fff
7fff
7fff
7fff
7fff
7fff
7fff
7fff
7fff
7fff
7fff
7fff
7fff
7fff
7fff
7fff
7fff
7fff
7fff
7fff
7fff
7fff
7fff
7fff
7fff
7fff
7fff
7fff
7fff
7fff
7fff
7fff
7fff
7fff
7fff
7fff
7fff
7fff
7fff
7fff
7fff
7fff
7fff
7fff
7fff
7fff
7fff
7fff
7fff
7fff
7fff
7fff
7fff
7fff
7fff
7fff
7fff
7fff
7fff
7fff
7fff
7fff
7fff
7fff
7fff
7fff
7fff
7fff
7fff
7fff
7fff
7fff
7fff
7fff
7fff
7fff
7fff
7fff
7fff
7fff
7fff
7fff
7fff
7fff
7fff
7fff
7fff
7fff
7fff
7fff
7fff
7fff
7fff
7fff
7fff
7fff
7fff
7fff
7fff
7fff
7fff
7fff
7fff
7fff
7fff
7fff
7fff
7fff
7fff
7fff
7fff
7fff
7fff
7fff
7fff
7fff
7fff
7fff
7fff
7fff
7fff
7fff
7fff
7fff
7fff
7fff
7fff
7fff
7fff
7fff
7fff
7fff
7fff
7fff
7fff
7fff
7fff
7fff
7fff
7fff
7fff
7fff
7fff
7fff
7fff
7fff
7fff
7fff
7fff
7fff
7fff
7fff
7fff
7fff
7fff
7fff
7fff
7fff
7fff
7fff
7fff
7fff
7fff
7fff
7fff
7fff
7fff
7fff
7fff
7fff
7fff
7fff
7fff
7fff
7fff
7fff
7fff
7fff
7fff
7fff
7fff
7fff
7fff
7fff
7fff
7fff
7fff
7fff
7fff
7fff
7fff
7fff
7fff
7fff
7fff
7fff
7fff
7fff
7fff
7fff
7fff
7fff
7fff
7fff
7fff
7fff
7fff
7fff
7fff
7fff
7fff
7fff
7fff
7fff
7fff
7fff
7fff
7fff
7fff
7fff
7fff
7fff
7fff
7fff
7fff
7fff
7fff
7fff
7fff
7fff
7fff
7fff
7fff
7fff
7fff
7fff
7fff
7fff
7fff
7fff
7fff
7fff
7fff
7fff
7fff
7fff
7fff
7fff
7fff
7fff
7fff
7fff
7fff
7fff
7fff
7fff
7fff
7fff
7fff
7fff
7fff
7fff
7fff
7fff
7fff
7fff
7fff
7fff
7fff
7fff
7fff
7fff
7fff
7fff
7fff
7fff
7fff
7fff
7fff
7fff
7fff
7fff
7fff
7fff
7fff
7fff
7fff
7fff
7fff
7fff
7fff
7fff
7fff
7fff
7fff
7fff
7fff
7fff
7fff
7fff
7fff
7fff
7fff
7fff
7fff
7fff
7fff
7fff
7fff
7fff
7fff
7fff
7fff
7fff
7fff
7fff
7fff
7fff
7fff
7fff
7fff
7fff
7fff
7fff
7fff
7fff
7fff
7fff
7fff
7fff
7fff
7fff
7fff
7fff
7fff
7fff
7fff
7fff
7fff
7fff
7fff
7fff
7fff
7fff
7fff
7fff
7fff
7fff
7fff
7fff
7fff
7fff
7fff
7fff
7fff
7fff
7fff
7fff
7fff
7fff
7fff
7fff
7fff
7fff
7fff
7fff
7fff
7fff
7fff
7fff
7fff
7fff
7fff
7fff
7fff
7fff
7fff
7fff
7fff
7fff
7fff
7fff
7fff
7fff
7fff
7fff
7fff
7fff
7fff
7fff
7fff
7fff
7fff
7fff
7fff
7fff
7fff
7fff
7fff
7fff
7fff
7fff
7fff
7fff
7fff
7fff
7fff
7fff
7fff
7fff
7fff
7fff
7fff
7fff
7fff
7fff
7fff
7fff
7fff
7fff
7fff
7fff
7fff
7fff
7fff
7fff
7fff
7fff
7fff
7fff
7fff
7fff
7fff
7fff
7fff
7fff
7fff
7fff
7fff
7fff
7fff
7fff
7fff
7fff
7fff
7fff
7fff
7fff
7fff
7fff
7fff
7fff
7fff
7fff
7fff
7fff
7fff
7fff
7fff
7fff
7fff
7fff
7fff
7fff
7fff
7fff
7fff
7fff
7fff
7fff
7fff
7fff
7fff
7fff
7fff
7fff
7fff
7fff
7fff
7fff
7fff
7fff
7fff
7fff
7fff
7fff
7fff
7fff
7fff
7fff
7fff
7fff
7fff
7fff
7fff
7fff
7fff
7fff
7fff
7fff
7fff
7fff
7fff
7fff
7fff
7fff
7fff
7fff
7fff
7fff
7fff
7fff
7fff
7fff
7fff
7fff
7fff
7fff
7fff
7fff
7fff
7fff
7fff
7fff
7fff
7fff
7fff
7fff
7fff
7fff
7fff
7fff
7fff
7fff
7fff
7fff
7fff
7fff
7fff
7fff
7fff
7fff
7fff
7fff
7fff
7fff
7fff
7fff
7fff
7fff
7fff
7fff
7fff
7fff
7fff
7fff
7fff
7fff
7fff
7fff
7fff
7fff
7fff
7fff
7fff
7fff
7fff
7fff
7fff
7fff
7fff
7fff
7fff
7fff
7fff
7fff
7fff
7fff
7fff
7fff
7fff
7fff
7fff
7fff
7fff
7fff
7fff
7fff
7fff
7fff
7fff
7fff
7fff
7fff
7fff
7fff
7fff
7fff
7fff
7fff
7fff
7fff
7fff
7fff
7fff
7fff
7fff
7fff
7fff
7fff
7fff
7fff
7fff
7fff
7fff
7fff
7fff
7fff
7fff
7fff
7fff
7fff
7fff
7fff
7fff
7fff
7fff
7fff
7fff
7fff
7fff
7fff
7fff
7fff
7fff
7fff
7fff
7fff
7fff
7fff
7fff
7fff
7fff
7fff
7fff
7fff
7fff
7fff
7fff
7fff
7fff
7fff
7fff
7fff
7fff
7fff
7fff
7fff
7fff
7fff
7fff
7fff
7fff
7fff
7fff
7fff
7fff
7fff
7fff
7fff
7fff
7fff
7fff
7fff
7fff
7fff
7fff
7fff
7fff
7fff
7fff
7fff
7fff
7fff
7fff
7fff
7fff
7fff
7fff
7fff
7fff
7fff
7fff
7fff
7fff
7fff
7fff
7fff
7fff
7fff
7fff
7fff
7fff
7fff
7fff
7fff
7fff
7fff
7fff
7fff
7fff
7fff
7fff
7fff
7fff
7fff
7fff
7fff
7fff
7fff
7fff
7fff
7fff
7fff
7fff
7fff
7fff
7fff
7fff
7fff
7fff
7fff
7fff
7fff
7fff
7fff
7fff
7fff
7fff
7fff
7fff
7fff
7fff
7fff
7fff
7fff
7fff
7fff
7fff
7fff
7fff
7fff
7fff
7fff
7fff
7fff
7fff
7fff
7fff
7fff
7fff
7fff
7fff
7fff
7fff
7fff
7fff
7fff
7fff
7fff
7fff
7fff
7fff
7fff
7fff
7fff
7fff
7fff
7fff
7fff
7fff
7fff
7fff
7fff
7fff
7fff
7fff
7fff
7fff
7fff
7fff
7fff
7fff
7fff
7fff
7fff
7fff
7fff
7fff
7fff
7fff
7fff
7fff
7fff
7fff
7fff
7fff
7fff
7fff
7fff
7fff
7fff
7fff
7fff
7fff
7fff
7fff
7fff
7fff
7fff
7fff
7fff
7fff
7fff
7fff
7fff
7fff
7fff
7fff
7fff
7fff
7fff
7fff
7fff
7fff
7fff
7fff
7fff
7fff
7fff
7fff
7fff
7fff
7fff
7fff
7fff
7fff
7fff
7fff
7fff
7fff
7fff
7fff
7fff
7fff
7fff
7fff
7fff
7fff
7fff
7fff
7fff
7fff
7fff
7fff
7fff
7fff
7fff
7fff
7fff
7fff
7fff
7fff
7fff
7fff
7fff
7fff
7fff
7fff
7fff
7fff
7fff
7fff
7fff
7fff
7fff
7fff
7fff
7fff
7fff
7fff
7fff
7fff
7fff
7fff
7fff
7fff
7fff
7fff
7fff
7fff
7fff
7fff
7fff
7fff
7fff
7fff
7fff
7fff
7fff
7fff
7fff
7fff
7fff
7fff
7fff
7fff
7fff
7fff
7fff
7fff
7fff
7fff
7fff
7fff
7fff
7fff
7fff
7fff
7fff
7fff
7fff
7fff
7fff
7fff
7fff
7fff
7fff
7fff
7fff
7fff
7fff
7fff
7fff
7fff
7fff
7fff
7fff
7fff
7fff
7fff
7fff
7fff
7fff
7fff
7fff
7fff
7fff
7fff
7fff
7fff
7fff
7fff
7fff
7fff
7fff
7fff
7fff
7fff
7fff
7fff
7fff
7fff
7fff
7fff
7fff
7fff
7fff
7fff
7fff
7fff
7fff
7fff
7fff
7fff
7fff
7fff
7fff
7fff
7fff
7fff
7fff
7fff
7fff
7fff
7fff
7fff
7fff
7fff
7fff
7fff
7fff
7fff
7fff
7fff
7fff
7fff
7fff
7fff
7fff
7fff
7fff
7fff
7fff
7fff
7fff
7fff
7fff
7fff
7fff
7fff
7fff
7fff
7fff
7fff
7fff
7fff
7fff
7fff
7fff
7fff
7fff
7fff
7fff
7fff
7fff
7fff
7fff
7fff
7fff
7fff
7fff
7fff
7fff
7fff
7fff
7fff
7fff
7fff
7fff
7fff
7fff
7fff
7fff
7fff
7fff
7fff
7fff
7fff
7fff
7fff
7fff
7fff
7fff
7fff
7fff
7fff
7fff
7fff
7fff
7fff
7fff
7fff
7fff
7fff
7fff
7fff
7fff
7fff
7fff
7fff
7fff
7fff
7fff
7fff
7fff
7fff
7fff
7fff
7fff
7fff
7fff
7fff
7fff
7fff
7fff
7fff
7fff
7fff
7fff
7fff
7fff
7fff
7fff
7fff
7fff
7fff
7fff
7fff
7fff
7fff
7fff
7fff
7fff
7fff
7fff
7fff
7fff
7fff
7fff
7fff
7fff
7fff
7fff
7fff
7fff
7fff
7fff
7fff
7fff
7fff
7fff
7fff
7fff
7fff
7fff
7fff
7fff
7fff
7fff
7fff
7fff
7fff
7fff
7fff
7fff
7fff
7fff
7fff
7fff
7fff
7fff
7fff
7fff
7fff
7fff
7fff
7fff
7fff
7fff
7fff
7fff
7fff
7fff
7fff
7fff
7fff
7fff
7fff
7fff
7fff
7fff
7fff
7fff
7fff
7fff
7fff
7fff
7fff
7fff
7fff
7fff
7fff
7fff
7fff
7fff
7fff
7fff
7fff
7fff
7fff
7fff
7fff
7fff
7fff
7fff
7fff
7fff
7fff
7fff
7fff
7fff
7fff
7fff
7fff
7fff
7fff
7fff
7fff
7fff
7fff
7fff
7fff
7fff
7fff
7fff
7fff
7fff
7fff
7fff
7fff
7fff
7fff
7fff
7fff
7fff
7fff
7fff
7fff
7fff
7fff
7fff
7fff
7fff
7fff
7fff
7fff
7fff
7fff
7fff
7fff
7fff
7fff
7fff
7fff
7fff
7fff
7fff
7fff
7fff
7fff
7fff
7fff
7fff
7fff
7fff
7fff
7fff
7fff
7fff
7fff
7fff
7fff
7fff
7fff
7fff
7fff
7fff
7fff
7fff
7fff
7fff
7fff
7fff
7fff
7fff
7fff
7fff
7fff
7fff
7fff
7fff
7fff
7fff
7fff
7fff
7fff
7fff
7fff
7fff
7fff
7fff
7fff
7fff
7fff
7fff
7fff
7fff
7fff
7fff
7fff
7fff
7fff
7fff
7fff
7fff
7fff
7fff
7fff
7fff
7fff
7fff
7fff
7fff
7fff
7fff
7fff
7fff
7fff
7fff
7fff
7fff
7fff
7fff
7fff
7fff
7fff
7fff
7fff
7fff
7fff
7fff
7fff
7fff
7fff
7fff
7fff
7fff
7fff
7fff
7fff
7fff
7fff
7fff
7fff
7fff
7fff
7fff
7fff
7fff
7fff
7fff
7fff
7fff
7fff
7fff
7fff
7fff
7fff
7fff
7fff
7fff
7fff
7fff
7fff
7fff
7fff
7fff
7fff
7fff
7fff
7fff
7fff
7fff
7fff
7fff
7fff
7fff
7fff
7fff
7fff
7fff
7fff
7fff
7fff
7fff
7fff
7fff
7fff
7fff
7fff
7fff
7fff
7fff
7fff
7fff
7fff
7fff
7fff
7fff
7fff
7fff
7fff
7fff
7fff
7fff
7fff
7fff
7fff
7fff
7fff
7fff
7fff
7fff
7fff
7fff
7fff
7fff
7fff
7fff
7fff
7fff
7fff
7fff
7fff
7fff
7fff
7fff
7fff
7fff
7fff
7fff
7fff
7fff
7fff
7fff
7fff
7fff
7fff
7fff
7fff
7fff
7fff
7fff
7fff
7fff
7fff
7fff
7fff
7fff
7fff
7fff
7fff
7fff
7fff
7fff
7fff
7fff
7fff
7fff
7fff
7fff
7fff
7fff
7fff
7fff
7fff
7fff
7fff
7fff
7fff
7fff
7fff
7fff
7fff
7fff
7fff
7fff
7fff
7fff
7fff
7fff
7fff
7fff
7fff
7fff
7fff
7fff
7fff
7fff
7fff
7fff
7fff
7fff
7fff
7fff
7fff
7fff
7fff
7fff
7fff
7fff
7fff
7fff
7fff
7fff
7fff
7fff
7fff
7fff
7fff
7fff
7fff
7fff
7fff
7fff
7fff
7fff
7fff
7fff
7fff
7fff
7fff
7fff
7fff
7fff
7fff
7fff
7fff
7fff
7fff
7fff
7fff
7fff
7fff
7fff
7fff
7fff
7fff
7fff
7fff
7fff
7fff
7fff
7fff
7fff
7fff
7fff
7fff
7fff
7fff
7fff
7fff
7fff
7fff
7fff
7fff
7fff
7fff
7fff
7fff
7fff
7fff
7fff
7fff
7fff
7fff
7fff
7fff
7fff
7fff
7fff
7fff
7fff
7fff
7fff
7fff
7fff
7fff
7fff
7fff
7fff
7fff
7fff
7fff
7fff
7fff
7fff
7fff
7fff
7fff
7fff
7fff
7fff
7fff
7fff
7fff
7fff
7fff
7fff
7fff
7fff
7fff
7fff
7fff
7fff
7fff
7fff
7fff
7fff
7fff
7fff
7fff
7fff
7fff
7fff
7fff
7fff
7fff
7fff
7fff
7fff
7fff
7fff
7fff
7fff
7fff
7fff
7fff
7fff
7fff
7fff
7fff
7fff
7fff
7fff
7fff
7fff
7fff
7fff
7fff
7fff
7fff
7fff
7fff
7fff
7fff
7fff
7fff
7fff
7fff
7fff
7fff
7fff
7fff
7fff
7fff
7fff
7fff
7fff
7fff
7fff
7fff
7fff
7fff
7fff
7fff
7fff
7fff
7fff
7fff
7fff
7fff
7fff
7fff
7fff
7fff
7fff
7fff
7fff
7fff
7fff
7fff
7fff
7fff
7fff
7fff
7fff
7fff
7fff
7fff
7fff
7fff
7fff
7fff
7fff
7fff
7fff
7fff
7fff
7fff
7fff
7fff
7fff
7fff
7fff
7fff
7fff
7fff
7fff
7fff
7fff
7fff
7fff
7fff
7fff
7fff
7fff
7fff
7fff
7fff
7fff
7fff
7fff
7fff
7fff
7fff
7fff
7fff
7fff
7fff
7fff
7fff
7fff
7fff
7fff
7fff
7fff
7fff
7fff
7fff
7fff
7fff
7fff
7fff
7fff
7fff
7fff
7fff
7fff
7fff
7fff
7fff
7fff
7fff
7fff
7fff
7fff
7fff
7fff
7fff
7fff
7fff
7fff
7fff
7fff
7fff
7fff
7fff
7fff
7fff
7fff
7fff
7fff
7fff
7fff
7fff
7fff
7fff
7fff
7fff
7fff
7fff
7fff
7fff
7fff
7fff
7fff
7fff
7fff
7fff
7fff
7fff
7fff
7fff
7fff
7fff
7fff
7fff
7fff
7fff
7fff
7fff
7fff
7fff
7fff
7fff
7fff
7fff
7fff
7fff
7fff
7fff
7fff
7fff
7fff
7fff
7fff
7fff
7fff
7fff
7fff
7fff
7fff
7fff
7fff
7fff
7fff
7fff
7fff
7fff
7fff
7fff
7fff
7fff
7fff
7fff
7fff
7fff
7fff
7fff
7fff
7fff
7fff
7fff
7fff
7fff
7fff
7fff
7fff
7fff
7fff
7fff
7fff
7fff
7fff
7fff
7fff
7fff
7fff
7fff
7fff
7fff
7fff
7fff
7fff
7fff
7fff
7fff
7fff
7fff
7fff
7fff
7fff
7fff
7fff
7fff
7fff
7fff
7fff
7fff
7fff
7fff
7fff
7fff
7fff
7fff
7fff
7fff
7fff
7fff
7fff
7fff
7fff
7fff
7fff
7fff
7fff
7fff
7fff
7fff
7fff
7fff
7fff
7fff
7fff
7fff
7fff
7fff
7fff
7fff
7fff
7fff
7fff
7fff
7fff
7fff
7fff
7fff
7fff
7fff
7fff
7fff
7fff
7fff
7fff
7fff
7fff
7fff
7fff
7fff
7fff
7fff
7fff
7fff
7fff
7fff
7fff
7fff
7fff
7fff
7fff
7fff
7fff
7fff
7fff
7fff
7fff
7fff
7fff
7fff
7fff
7fff
7fff
7fff
7fff
7fff
7fff
7fff
7fff
7fff
7fff
7fff
7fff
7fff
7fff
7fff
7fff
7fff
7fff
7fff
7fff
7fff
7fff
7fff
7fff
7fff
7fff
7fff
7fff
7fff
7fff
7fff
7fff
7fff
7fff
7fff
7fff
7fff
7fff
7fff
7fff
7fff
7fff
7fff
7fff
7fff
7fff
7fff
7fff
7fff
7fff
7fff
7fff
7fff
7fff
7fff
7fff
7fff
7fff
7fff
7fff
7fff
7fff
7fff
7fff
7fff
7fff
7fff
7fff
7fff
7fff
7fff
7fff
7fff
7fff
7fff
7fff
7fff
7fff
7fff
7fff
7fff
7fff
7fff
7fff
7fff
7fff
7fff
7fff
7fff
7fff
7fff
7fff
7fff
7fff
7fff
7fff
7fff
7fff
7fff
7fff
7fff
7fff
7fff
7fff
7fff
7fff
7fff
7fff
7fff
7fff
7fff
7fff
7fff
7fff
7fff
7fff
7fff
7fff
7fff
7fff
7fff
7fff
7fff
7fff
7fff
7fff
7fff
7fff
7fff
7fff
7fff
7fff
7fff
7fff
7fff
7fff
7fff
7fff
7fff
7fff
7fff
7fff
7fff
7fff
7fff
7fff
7fff
7fff
7fff
7fff
7fff
7fff
7fff
7fff
7fff
7fff
7fff
7fff
7fff
7fff
7fff
7fff
7fff
7fff
7fff
7fff
7fff
7fff
7fff
7fff
7fff
7fff
7fff
7fff
7fff
7fff
7fff
7fff
7fff
7fff
7fff
7fff
7fff
7fff
7fff
7fff
7fff
7fff
7fff
7fff
7fff
7fff
7fff
7fff
7fff
7fff
7fff
7fff
7fff
7fff
7fff
7fff
7fff
7fff
7fff
7fff
7fff
7fff
7fff
7fff
7fff
7fff
7fff
7fff
7fff
7fff
7fff
7fff
7fff
7fff
7fff
7fff
7fff
7fff
7fff
7fff
7fff
7fff
7fff
7fff
7fff
7fff
7fff
7fff
7fff
7fff
7fff
7fff
7fff
7fff
7fff
7fff
7fff
7fff
7fff
7fff
7fff
7fff
7fff
7fff
7fff
7fff
7fff
7fff
7fff
7fff
7fff
7fff
7fff
7fff
7fff
7fff
7fff
7fff
7fff
7fff
7fff
7fff
7fff
7fff
7fff
7fff
7fff
7fff
7fff
7fff
7fff
7fff
7fff
7fff
7fff
7fff
7fff
7fff
7fff
7fff
7fff
7fff
7fff
7fff
7fff
7fff
7fff
7fff
7fff
7fff
7fff
7fff
7fff
7fff
7fff
7fff
7fff
7fff
7fff
7fff
7fff
7fff
7fff
7fff
7fff
7fff
7fff
7fff
7fff
7fff
7fff
7fff
7fff
7fff
7fff
7fff
7fff
7fff
7fff
7fff
7fff
7fff
7fff
7fff
7fff
7fff
7fff
7fff
7fff
7fff
7fff
7fff
7fff
7fff
7fff
7fff
7fff
7fff
7fff
7fff
7fff
7fff
7fff
7fff
7fff
7fff
7fff
7fff
7fff
7fff
7fff
7fff
7fff
7fff
7fff
7fff
7fff
7fff
7fff
7fff
7fff
7fff
7fff
7fff
7fff
7fff
7fff
7fff
7fff
7fff
7fff
7fff
7fff
7fff
7fff
7fff
7fff
7fff
7fff
7fff
7fff
7fff
7fff
7fff
7fff
7fff
7fff
7fff
7fff
7fff
7fff
7fff
7fff
7fff
7fff
7fff
7fff
7fff
7fff
7fff
7fff
7fff
7fff
7fff
7fff
7fff
7fff
7fff
7fff
7fff
7fff
7fff
7fff
7fff
7fff
7fff
7fff
7fff
7fff
7fff
7fff
7fff
7fff
7fff
7fff
7fff
7fff
7fff
7fff
7fff
7fff
7fff
7fff
7fff
7fff
7fff
7fff
7fff
7fff
7fff
7fff
7fff
7fff
7fff
7fff
7fff
7fff
7fff
7fff
7fff
7fff
7fff
7fff
7fff
7fff
7fff
7fff
7fff
7fff
7fff
7fff
7fff
7fff
7fff
7fff
7fff
7fff
7fff
7fff
7fff
7fff
7fff
7fff
7fff
7fff
7fff
7fff
7fff
7fff
7fff
7fff
7fff
7fff
7fff
7fff
7fff
7fff
7fff
7fff
7fff
7fff
7fff
7fff
7fff
7fff
7fff
7fff
7fff
7fff
7fff
7fff
7fff
7fff
7fff
7fff
7fff
7fff
7fff
7fff
7fff
7fff
7fff
7fff
7fff
7fff
7fff
7fff
7fff
7fff
7fff
7fff
7fff
7fff
7fff
7fff
7fff
7fff
7fff
7fff
7fff
7fff
7fff
7fff
7fff
7fff
7fff
7fff
7fff
7fff
7fff
7fff
7fff
7fff
7fff
7fff
7fff
7fff
7fff
7fff
7fff
7fff
7fff
7fff
7fff
7fff
7fff
7fff
7fff
7fff
7fff
7fff
7fff
7fff
7fff
7fff
7fff
7fff
7fff
7fff
7fff
7fff
7fff
7fff
7fff
7fff
7fff
7fff
7fff
7fff
7fff
7fff
7fff
7fff
7fff
7fff
7fff
7fff
7fff
7fff
7fff
7fff
7fff
7fff
7fff
7fff
7fff
7fff
7fff
7fff
7fff
7fff
7fff
7fff
7fff
7fff
7fff
7fff
7fff
7fff
7fff
7fff
7fff
7fff
7fff
7fff
7fff
7fff
7fff
7fff
7fff
7fff
7fff
7fff
7fff
7fff
7fff
7fff
7fff
7fff
7fff
7fff
7fff
7fff
7fff
7fff
7fff
7fff
7fff
7fff
7fff
7fff
7fff
7fff
7fff
7fff
7fff
7fff
7fff
7fff
7fff
7fff
7fff
7fff
7fff
7fff
7fff
7fff
7fff
7fff
7fff
7fff
7fff
7fff
7fff
7fff
7fff
7fff
7fff
7fff
7fff
7fff
7fff
7fff
7fff
7fff
7fff
7fff
7fff
7fff
7fff
7fff
7fff
7fff
7fff
7fff
7fff
7fff
7fff
7fff
7fff
7fff
7fff
7fff
7fff
7fff
7fff
7fff
7fff
7fff
7fff
7fff
7fff
7fff
7fff
7fff
7fff
7fff
7fff
7fff
7fff
7fff
7fff
7fff
7fff
7fff
7fff
7fff
7fff
7fff
7fff
7fff
7fff
7fff
7fff
7fff
7fff
7fff
7fff
7fff
7fff
7fff
7fff
7fff
7fff
7fff
7fff
7fff
7fff
7fff
7fff
7fff
7fff
7fff
7fff
7fff
7fff
7fff
7fff
7fff
7fff
7fff
7fff
7fff
7fff
7fff
7fff
7fff
7fff
7fff
7fff
7fff
7fff
7fff
7fff
7fff
7fff
7fff
7fff
7fff
7fff
7fff
7fff
7fff
7fff
7fff
7fff
7fff
7fff
7fff
7fff
7fff
7fff
7fff
7fff
7fff
7fff
7fff
7fff
7fff
7fff
7fff
7fff
7fff
7fff
7fff
7fff
7fff
7fff
7fff
7fff
7fff
7fff
7fff
7fff
7fff
7fff
7fff
7fff
7fff
7fff
7fff
7fff
7fff
7fff
7fff
7fff
7fff
7fff
7fff
7fff
7fff
7fff
7fff
7fff
7fff
7fff
7fff
7fff
7fff
7fff
7fff
7fff
7fff
7fff
7fff
7fff
7fff
7fff
7fff
7fff
7fff
7fff
7fff
7fff
7fff
7fff
7fff
7fff
7fff
7fff
7fff
7fff
7fff
7fff
7fff
7fff
7fff
7fff
7fff
7fff
7fff
7fff
7fff
7fff
7fff
7fff
7fff
7fff
7fff
7fff
7fff
7fff
7fff
7fff
7fff
7fff
7fff
7fff
7fff
7fff
7fff
7fff
7fff
7fff
7fff
7fff
7fff
7fff
7fff
7fff
7fff
7fff
7fff
7fff
7fff
7fff
7fff
7fff
7fff
7fff
7fff
7fff
7fff
7fff
7fff
7fff
7fff
7fff
7fff
7fff
7fff
7fff
7fff
7fff
7fff
7fff
7fff
7fff
7fff
7fff
7fff
7fff
7fff
7fff
7fff
7fff
7fff
7fff
7fff
7fff
7fff
7fff
7fff
7fff
7fff
7fff
7fff
7fff
7fff
7fff
7fff
7fff
7fff
7fff
7fff
7fff
7fff
7fff
7fff
7fff
7fff
7fff
7fff
7fff
7fff
7fff
7fff
7fff
7fff
7fff
7fff
7fff
7fff
7fff
7fff
7fff
7fff
7fff
7fff
7fff
7fff
7fff
7fff
7fff
7fff
7fff
7fff
7fff
7fff
7fff
7fff
7fff
7fff
7fff
7fff
7fff
7fff
7fff
7fff
7fff
7fff
7fff
7fff
7fff
7fff
7fff
7fff
7fff
7fff
7fff
7fff
7fff
7fff
7fff
7fff
7fff
7fff
7fff
7fff
7fff
7fff
7fff
7fff
7fff
7fff
7fff
7fff
7fff
7fff
7fff
7fff
7fff
7fff
7fff
7fff
7fff
7fff
7fff
7fff
7fff
7fff
7fff
7fff
7fff
7fff
7fff
7fff
7fff
7fff
7fff
7fff
7fff
7fff
7fff
7fff
7fff
7fff
7fff
7fff
7fff
7fff
7fff
7fff
7fff
7fff
7fff
7fff
7fff
7fff
7fff
7fff
7fff
7fff
7fff
7fff
7fff
7fff
7fff
7fff
7fff
7fff
7fff
7fff
7fff
7fff
7fff
7fff
7fff
7fff
7fff
7fff
7fff
7fff
7fff
7fff
7fff
7fff
7fff
7fff
7fff
7fff
7fff
7fff
7fff
7fff
7fff
7fff
7fff
7fff
7fff
7fff
7fff
7fff
7fff
7fff
7fff
7fff
7fff
7fff
7fff
7fff
7fff
7fff
7fff
7fff
7fff
7fff
7fff
7fff
7fff
7fff
7fff
7fff
7fff
7fff
7fff
7fff
7fff
7fff
7fff
7fff
7fff
7fff
7fff
7fff
7fff
7fff
7fff
7fff
7fff
7fff
7fff
7fff
7fff
7fff
7fff
7fff
7fff
7fff
7fff
7fff
7fff
7fff
7fff
7fff
7fff
7fff
7fff
7fff
7fff
7fff
7fff
7fff
7fff
7fff
7fff
7fff
7fff
7fff
7fff
7fff
7fff
7fff
7fff
7fff
7fff
7fff
7fff
7fff
7fff
7fff
7fff
7fff
7fff
7fff
7fff
7fff
7fff
7fff
7fff
7fff
7fff
7fff
7fff
7fff
7fff
7fff
7fff
7fff
7fff
7fff
7fff
7fff
7fff
7fff
7fff
7fff
7fff
7fff
7fff
7fff
7fff
7fff
7fff
7fff
7fff
7fff
7fff
7fff
7fff
7fff
7fff
7fff
7fff
7fff
7fff
7fff
7fff
7fff
7fff
7fff
7fff
7fff
7fff
7fff
7fff
7fff
7fff
7fff
7fff
7fff
7fff
7fff
7fff
7fff
7fff
7fff
7fff
7fff
7fff
7fff
7fff
7fff
7fff
7fff
7fff
7fff
7fff
7fff
7fff
7fff
7fff
7fff
7fff
7fff
7fff
7fff
7fff
7fff
7fff
7fff
7fff
7fff
7fff
7fff
7fff
7fff
7fff
7fff
7fff
7fff
7fff
7fff
7fff
7fff
7fff
7fff
7fff
7fff
7fff
7fff
7fff
7fff
7fff
7fff
7fff
7fff
7fff
7fff
7fff
7fff
7fff
7fff
7fff
7fff
7fff
7fff
7fff
7fff
7fff
7fff
7fff
7fff
7fff
7fff
7fff
7fff
7fff
7fff
7fff
7fff
7fff
7fff
7fff
7fff
7fff
7fff
7fff
7fff
7fff
7fff
7fff
7fff
7fff
7fff
7fff
7fff
7fff
7fff
7fff
7fff
7fff
7fff
7fff
7fff
7fff
7fff
7fff
7fff
7fff
7fff
7fff
7fff
7fff
7fff
7fff
7fff
7fff
7fff
7fff
7fff
7fff
7fff
7fff
7fff
7fff
7fff
7fff
7fff
7fff
7fff
7fff
7fff
7fff
7fff
7fff
7fff
7fff
7fff
7fff
7fff
7fff
7fff
7fff
7fff
7fff
7fff
7fff
7fff
7fff
7fff
7fff
7fff
7fff
7fff
7fff
7fff
7fff
7fff
7fff
7fff
7fff
7fff
7fff
7fff
7fff
7fff
7fff
7fff
7fff
7fff
7fff
7fff
7fff
7fff
7fff
7fff
7fff
7fff
7fff
7fff
7fff
7fff
7fff
7fff
7fff
7fff
7fff
7fff
7fff
7fff
7fff
7fff
7fff
7fff
7fff
7fff
7fff
7fff
7fff
7fff
7fff
7fff
7fff
7fff
7fff
7fff
7fff
7fff
7fff
7fff
7fff
7fff
7fff
7fff
7fff
7fff
7fff
7fff
7fff
7fff
7fff
7fff
7fff
7fff
7fff
7fff
7fff
7fff
7fff
7fff
7fff
7fff
7fff
7fff
7fff
7fff
7fff
7fff
7fff
7fff
7fff
7fff
7fff
7fff
7fff
7fff
7fff
7fff
7fff
7fff
7fff
7fff
7fff
7fff
7fff
7fff
7fff
7fff
7fff
7fff
7fff
7fff
7fff
7fff
7fff
7fff
7fff
7fff
7fff
7fff
7fff
7fff
7fff
7fff
7fff
7fff
7fff
7fff
7fff
7fff
7fff
7fff
7fff
7fff
7fff
7fff
7fff
7fff
7fff
7fff
7fff
7fff
7fff
7fff
7fff
7fff
7fff
7fff
7fff
7fff
7fff
7fff
7fff
7fff
7fff
7fff
7fff
7fff
7fff
7fff
7fff
7fff
7fff
7fff
7fff
7fff
7fff
7fff
7fff
7fff
7fff
7fff
7fff
7fff
7fff
7fff
7fff
7fff
7fff
7fff
7fff
7fff
7fff
7fff
7fff
7fff
7fff
7fff
7fff
7fff
7fff
7fff
7fff
7fff
7fff
7fff
7fff
7fff
7fff
7fff
7fff
7fff
7fff
7fff
7fff
7fff
7fff
7fff
7fff
7fff
7fff
7fff
7fff
7fff
7fff
7fff
7fff
7fff
7fff
7fff
7fff
7fff
7fff
7fff
7fff
7fff
7fff
7fff
7fff
7fff
7fff
7fff
7fff
7fff
7fff
7fff
7fff
7fff
7fff
7fff
7fff
7fff
7fff
7fff
7fff
7fff
7fff
7fff
7fff
7fff
7fff
7fff
7fff
7fff
7fff
7fff
7fff
7fff
7fff
7fff
7fff
7fff
7fff
7fff
7fff
7fff
7fff
7fff
7fff
7fff
7fff
7fff
7fff
7fff
7fff
7fff
7fff
7fff
7fff
7fff
7fff
7fff
7fff
7fff
7fff
7fff
7fff
7fff
7fff
7fff
7fff
7fff
7fff
7fff
7fff
7fff
7fff
7fff
7fff
7fff
7fff
7fff
7fff
7fff
7fff
7fff
7fff
7fff
7fff
7fff
7fff
7fff
7fff
7fff
7fff
7fff
7fff
7fff
7fff
7fff
7fff
7fff
7fff
7fff
7fff
7fff
7fff
7fff
7fff
7fff
7fff
7fff
7fff
7fff
7fff
7fff
7fff
7fff
7fff
7fff
7fff
7fff
7fff
7fff
7fff
7fff
7fff
7fff
7fff
7fff
7fff
7fff
7fff
7fff
7fff
7fff
7fff
7fff
7fff
7fff
7fff
7fff
7fff
7fff
7fff
7fff
7fff
7fff
7fff
7fff
7fff
7fff
7fff
7fff
7fff
7fff
7fff
7fff
7fff
7fff
7fff
7fff
7fff
7fff
7fff
7fff
7fff
7fff
7fff
7fff
7fff
7fff
7fff
7fff
7fff
7fff
7fff
7fff
7fff
7fff
7fff
7fff
7fff
7fff
7fff
7fff
7fff
7fff
7fff
7fff
7fff
7fff
7fff
7fff
7fff
7fff
7fff
7fff
7fff
7fff
7fff
7fff
7fff
7fff
7fff
7fff
7fff
7fff
7fff
7fff
7fff
7fff
7fff
7fff
7fff
7fff
7fff
7fff
7fff
7fff
7fff
7fff
7fff
7fff
7fff
7fff
7fff
7fff
7fff
7fff
7fff
7fff
7fff
7fff
7fff
7fff
7fff
7fff
7fff
7fff
7fff
7fff
7fff
7fff
7fff
7fff
7fff
7fff
7fff
7fff
7fff
7fff
7fff
7fff
7fff
7fff
7fff
7fff
7fff
7fff
7fff
7fff
7fff
7fff
7fff
7fff
7fff
7fff
7fff
7fff
7fff
7fff
7fff
7fff
7fff
7fff
7fff
7fff
7fff
7fff
7fff
7fff
7fff
7fff
7fff
7fff
7fff
7fff
7fff
7fff
7fff
7fff
7fff
7fff
7fff
7fff
7fff
7fff
7fff
7fff
7fff
7fff
7fff
7fff
7fff
7fff
7fff
7fff
7fff
7fff
7fff
7fff
7fff
7fff
7fff
7fff
7fff
7fff
7fff
7fff
7fff
7fff
7fff
7fff
7fff
7fff
7fff
7fff
7fff
7fff
7fff
7fff
7fff
7fff
7fff
7fff
7fff
7fff
7fff
7fff
7fff
7fff
7fff
7fff
7fff
7fff
7fff
7fff
7fff
7fff
7fff
7fff
7fff
7fff
7fff
7fff
7fff
7fff
7fff
7fff
7fff
7fff
7fff
7fff
7fff
7fff
7fff
7fff
7fff
7fff
7fff
7fff
7fff
7fff
7fff
7fff
7fff
7fff
7fff
7fff
7fff
7fff
7fff
7fff
7fff
7fff
7fff
7fff
7fff
7fff
7fff
7fff
7fff
7fff
7fff
7fff
7fff
7fff
7fff
7fff
7fff
7fff
7fff
7fff
7fff
7fff
7fff
7fff
7fff
7fff
7fff
7fff
7fff
7fff
7fff
7fff
7fff
7fff
7fff
7fff
7fff
7fff
7fff
7fff
7fff
7fff
7fff
7fff
7fff
7fff
7fff
7fff
7fff
7fff
7fff
7fff
7fff
7fff
7fff
7fff
7fff
7fff
7fff
7fff
7fff
7fff
7fff
7fff
7fff
7fff
7fff
7fff
7fff
7fff
7fff
7fff
7fff
7fff
7fff
7fff
7fff
7fff
7fff
7fff
7fff
7fff
7fff
7fff
7fff
7fff
7fff
7fff
7fff
7fff
7fff
7fff
7fff
7fff
7fff
7fff
7fff
7fff
7fff
7fff
7fff
7fff
7fff
7fff
7fff
7fff
7fff
7fff
7fff
7fff
7fff
7fff
7fff
7fff
7fff
7fff
7fff
7fff
7fff
7fff
7fff
7fff
7fff
7fff
7fff
7fff
7fff
7fff
7fff
7fff
7fff
7fff
7fff
7fff
7fff
7fff
7fff
7fff
7fff
7fff
7fff
7fff
7fff
7fff
7fff
7fff
7fff
7fff
7fff
7fff
7fff
7fff
7fff
7fff
7fff
7fff
7fff
7fff
7fff
7fff
7fff
7fff
7fff
7fff
7fff
7fff
7fff
7fff
7fff
7fff
7fff
7fff
7fff
7fff
7fff
7fff
7fff
7fff
7fff
7fff
7fff
7fff
7fff
7fff
7fff
7fff
7fff
7fff
7fff
7fff
7fff
7fff
7fff
7fff
7fff
7fff
7fff
7fff
7fff
7fff
7fff
7fff
7fff
7fff
7fff
7fff
7fff
7fff
7fff
7fff
7fff
7fff
7fff
7fff
7fff
7fff
7fff
7fff
7fff
7fff
7fff
7fff
7fff
7fff
7fff
7fff
7fff
7fff
7fff
7fff
7fff
7fff
7fff
7fff
7fff
7fff
7fff
7fff
7fff
7fff
7fff
7fff
7fff
7fff
7fff
7fff
7fff
7fff
7fff
7fff
7fff
7fff
7fff
7fff
7fff
7fff
7fff
7fff
7fff
7fff
7fff
7fff
7fff
7fff
7fff
7fff
7fff
7fff
7fff
7fff
7fff
7fff
7fff
7fff
7fff
7fff
7fff
7fff
7fff
7fff
7fff
7fff
7fff
7fff
7fff
7fff
7fff
7fff
7fff
7fff
7fff
7fff
7fff
7fff
7fff
7fff
7fff
7fff
7fff
7fff
7fff
7fff
7fff
7fff
7fff
7fff
7fff
7fff
7fff
7fff
7fff
7fff
7fff
7fff
7fff
7fff
7fff
7fff
7fff
7fff
7fff
7fff
7fff
7fff
7fff
7fff
7fff
7fff
7fff
7fff
7fff
7fff
7fff
7fff
7fff
7fff
7fff
7fff
7fff
7fff
7fff
7fff
7fff
7fff
7fff
7fff
7fff
7fff
7fff
7fff
7fff
7fff
7fff
7fff
7fff
7fff
7fff
7fff
7fff
7fff
7fff
7fff
7fff
7fff
7fff
7fff
7fff
7fff
7fff
7fff
7fff
7fff
7fff
7fff
7fff
7fff
7fff
7fff
7fff
7fff
7fff
7fff
7fff
7fff
7fff
7fff
7fff
7fff
7fff
7fff
7fff
7fff
7fff
7fff
7fff
7fff
7fff
7fff
7fff
7fff
7fff
7fff
7fff
7fff
7fff
7fff
7fff
7fff
7fff
7fff
7fff
7fff
7fff
7fff
7fff
7fff
7fff
7fff
7fff
7fff
7fff
7fff
7fff
7fff
7fff
7fff
7fff
7fff
7fff
7fff
7fff
7fff
7fff
7fff
7fff
7fff
7fff
7fff
7fff
7fff
7fff
7fff
7fff
7fff
7fff
7fff
7fff
7fff
7fff
7fff
7fff
7fff
7fff
7fff
7fff
7fff
7fff
7fff
7fff
7fff
7fff
7fff
7fff
7fff
7fff
7fff
7fff
7fff
7fff
7fff
7fff
7fff
7fff
7fff
7fff
7fff
7fff
7fff
7fff
7fff
7fff
7fff
7fff
7fff
7fff
7fff
7fff
7fff
7fff
7fff
7fff
7fff
7fff
7fff
7fff
7fff
7fff
7fff
7fff
7fff
7fff
7fff
7fff
7fff
7fff
7fff
7fff
7fff
7fff
7fff
7fff
7fff
7fff
7fff
7fff
7fff
7fff
7fff
7fff
7fff
7fff
7fff
7fff
7fff
7fff
7fff
7fff
7fff
7fff
7fff
7fff
7fff
7fff
7fff
7fff
7fff
7fff
7fff
7fff
7fff
7fff
7fff
7fff
7fff
7fff
7fff
7fff
7fff
7fff
7fff
7fff
7fff
7fff
7fff
7fff
7fff
7fff
7fff
7fff
7fff
7fff
7fff
7fff
7fff
7fff
7fff
7fff
7fff
7fff
7fff
7fff
7fff
7fff
7fff
7fff
7fff
7fff
7fff
7fff
7fff
7fff
7fff
7fff
7fff
7fff
7fff
7fff
7fff
7fff
7fff
7fff
7fff
7fff
7fff
7fff
7fff
7fff
7fff
7fff
7fff
7fff
7fff
7fff
7fff
7fff
7fff
7fff
7fff
7fff
7fff
7fff
7fff
7fff
7fff
7fff
7fff
7fff
7fff
7fff
7fff
7fff
7fff
7fff
7fff
7fff
7fff
7fff
7fff
7fff
7fff
7fff
7fff
7fff
7fff
7fff
7fff
7fff
7fff
7fff
7fff
7fff
7fff
7fff
7fff
7fff
7fff
7fff
7fff
7fff
7fff
7fff
7fff
7fff
7fff
7fff
7fff
7fff
7fff
7fff
7fff
7fff
7fff
7fff
7fff
7fff
7fff
7fff
7fff
7fff
7fff
7fff
7fff
7fff
7fff
7fff
7fff
7fff
7fff
7fff
7fff
7fff
7fff
7fff
7fff
7fff
7fff
7fff
7fff
7fff
7fff
7fff
7fff
7fff
7fff
7fff
7fff
7fff
7fff
7fff
7fff
7fff
7fff
7fff
7fff
7fff
7fff
7fff
7fff
7fff
7fff
7fff
7fff
7fff
7fff
7fff
7fff
7fff
7fff
7fff
7fff
7fff
7fff
7fff
7fff
7fff
7fff
7fff
7fff
7fff
7fff
7fff
7fff
7fff
7fff
7fff
7fff
7fff
7fff
7fff
7fff
7fff
7fff
7fff
7fff
7fff
7fff
7fff
7fff
7fff
7fff
7fff
7fff
7fff
7fff
7fff
7fff
7fff
7fff
7fff
7fff
7fff
7fff
7fff
7fff
7fff
7fff
7fff
7fff
7fff
7fff
7fff
7fff
7fff
7fff
7fff
7fff
7fff
7fff
7fff
7fff
7fff
7fff
7fff
7fff
7fff
7fff
7fff
7fff
7fff
7fff
7fff
7fff
7fff
7fff
7fff
7fff
7fff
7fff
7fff
7fff
7fff
7fff
7fff
7fff
7fff
7fff
7fff
7fff
7fff
7fff
7fff
7fff
7fff
7fff
7fff
7fff
7fff
7fff
7fff
7fff
7fff
7fff
7fff
7fff
7fff
7fff
7fff
7fff
7fff
7fff
7fff
7fff
7fff
7fff
7fff
7fff
7fff
7fff
7fff
7fff
7fff
7fff
7fff
7fff
7fff
7fff
7fff
7fff
7fff
7fff
7fff
7fff
7fff
7fff
7fff
7fff
7fff
7fff
7fff
7fff
7fff
7fff
7fff
7fff
7fff
7fff
7fff
7fff
7fff
7fff
7fff
7fff
7fff
7fff
7fff
7fff
7fff
7fff
7fff
7fff
7fff
7fff
7fff
7fff
7fff
7fff
7fff
7fff
7fff
7fff
7fff
7fff
7fff
7fff
7fff
7fff
7fff
7fff
7fff
7fff
7fff
7fff
7fff
7fff
7fff
7fff
7fff
7fff
7fff
7fff
7fff
7fff
7fff
7fff
7fff
7fff
7fff
7fff
7fff
7fff
7fff
7fff
7fff
7fff
7fff
7fff
7fff
7fff
7fff
7fff
7fff
7fff
7fff
7fff
7fff
7fff
7fff
7fff
7fff
7fff
7fff
7fff
7fff
7fff
7fff
7fff
7fff
7fff
7fff
7fff
7fff
7fff
7fff
7fff
7fff
7fff
7fff
7fff
7fff
7fff
7fff
7fff
7fff
7fff
7fff
7fff
7fff
7fff
7fff
7fff
7fff
7fff
7fff
7fff
7fff
7fff
7fff
7fff
7fff
7fff
7fff
7fff
7fff
7fff
7fff
7fff
7fff
7fff
7fff
7fff
7fff
7fff
7fff
7fff
7fff
7fff
7fff
7fff
7fff
7fff
7fff
7fff
7fff
7fff
7fff
7fff
7fff
7fff
7fff
7fff
7fff
7fff
7fff
7fff
7fff
7fff
7fff
7fff
7fff
7fff
7fff
7fff
7fff
7fff
7fff
7fff
7fff
7fff
7fff
7fff
7fff
7fff
7fff
7fff
7fff
7fff
7fff
7fff
7fff
7fff
7fff
7fff
7fff
7fff
7fff
7fff
7fff
7fff
7fff
7fff
7fff
7fff
7fff
7fff
7fff
7fff
7fff
7fff
7fff
7fff
7fff
7fff
7fff
7fff
7fff
7fff
7fff
7fff
7fff
7fff
7fff
7fff
7fff
7fff
7fff
7fff
7fff
7fff
7fff
7fff
7fff
7fff
7fff
7fff
7fff
7fff
7fff
7fff
7fff
7fff
7fff
7fff
7fff
7fff
7fff
7fff
7fff
7fff
7fff
7fff
7fff
7fff
7fff
7fff
7fff
7fff
7fff
7fff
7fff
7fff
7fff
7fff
7fff
7fff
7fff
7fff
7fff
7fff
7fff
7fff
7fff
7fff
7fff
7fff
7fff
7fff
7fff
7fff
7fff
7fff
7fff
7fff
7fff
7fff
7fff
7fff
7fff
7fff
7fff
7fff
7fff
7fff
7fff
7fff
7fff
7fff
7fff
7fff
7fff
7fff
7fff
7fff
7fff
7fff
7fff
7fff
7fff
7fff
7fff
7fff
7fff
7fff
7fff
7fff
7fff
7fff
7fff
7fff
7fff
7fff
7fff
7fff
7fff
7fff
7fff
7fff
7fff
7fff
7fff
7fff
7fff
7fff
7fff
7fff
7fff
7fff
7fff
7fff
7fff
7fff
7fff
7fff
7fff
7fff
7fff
7fff
7fff
7fff
7fff
7fff
7fff
7fff
7fff
7fff
7fff
7fff
7fff
7fff
7fff
7fff
7fff
7fff
7fff
7fff
7fff
7fff
7fff
7fff
7fff
7fff
7fff
7fff
7fff
7fff
7fff
7fff
7fff
7fff
7fff
7fff
7fff
7fff
7fff
7fff
7fff
7fff
7fff
7fff
7fff
7fff
7fff
7fff
7fff
7fff
7fff
7fff
7fff
7fff
7fff
7fff
7fff
7fff
7fff
7fff
7fff
7fff
7fff
7fff
7fff
7fff
7fff
7fff
7fff
7fff
7fff
7fff
7fff
7fff
7fff
7fff
7fff
7fff
7fff
7fff
7fff
7fff
7fff
7fff
7fff
7fff
7fff
7fff
7fff
7fff
7fff
7fff
7fff
7fff
7fff
7fff
7fff
7fff
7fff
7fff
7fff
7fff
7fff
7fff
7fff
7fff
7fff
7fff
7fff
7fff
7fff
7fff
7fff
7fff
7fff
7fff
7fff
7fff
7fff
7fff
7fff
7fff
7fff
7fff
7fff
7fff
7fff
7fff
7fff
7fff
7fff
7fff
7fff
7fff
7fff
7fff
7fff
7fff
7fff
7fff
7fff
7fff
7fff
7fff
7fff
7fff
7fff
7fff
7fff
7fff
7fff
7fff
7fff
7fff
7fff
7fff
7fff
7fff
7fff
7fff
7fff
7fff
7fff
7fff
7fff
7fff
7fff
7fff
7fff
7fff
7fff
7fff
7fff
7fff
7fff
7fff
7fff
7fff
7fff
7fff
7fff
7fff
7fff
7fff
7fff
7fff
7fff
7fff
7fff
7fff
7fff
7fff
7fff
7fff
7fff
7fff
7fff
7fff
7fff
7fff
7fff
7fff
7fff
7fff
7fff
7fff
7fff
7fff
7fff
7fff
7fff
7fff
7fff
7fff
7fff
7fff
7fff
7fff
7fff
7fff
7fff
7fff
7fff
7fff
7fff
7fff
7fff
7fff
7fff
7fff
7fff
7fff
7fff
7fff
7fff
7fff
7fff
7fff
7fff
7fff
7fff
7fff
7fff
7fff
7fff
7fff
7fff
7fff
7fff
7fff
7fff
7fff
7fff
7fff
7fff
7fff
7fff
7fff
7fff
7fff
7fff
7fff
7fff
7fff
7fff
7fff
7fff
7fff
7fff
7fff
7fff
7fff
7fff
7fff
7fff
7fff
7fff
7fff
7fff
7fff
7fff
7fff
7fff
7fff
7fff
7fff
7fff
7fff
7fff
7fff
7fff
7fff
7fff
7fff
7fff
7fff
7fff
7fff
7fff
7fff
7fff
7fff
7fff
7fff
7fff
7fff
7fff
7fff
7fff
7fff
7fff
7fff
7fff
7fff
7fff
7fff
7fff
7fff
7fff
7fff
7fff
7fff
7fff
7fff
7fff
7fff
7fff
7fff
7fff
7fff
7fff
7fff
7fff
7fff
7fff
7fff
7fff
7fff
7fff
7fff
7fff
7fff
7fff
7fff
7fff
7fff
7fff
7fff
7fff
7fff
7fff
7fff
7fff
7fff
7fff
7fff
7fff
7fff
7fff
7fff
7fff
7fff
7fff
7fff
7fff
7fff
7fff
7fff
7fff
7fff
7fff
7fff
7fff
7fff
7fff
7fff
7fff
7fff
7fff
7fff
7fff
7fff
7fff
7fff
7fff
7fff
7fff
7fff
7fff
7fff
7fff
7fff
7fff
7fff
7fff
7fff
7fff
7fff
7fff
7fff
7fff
7fff
7fff
7fff
7fff
7fff
7fff
7fff
7fff
7fff
7fff
7fff
7fff
7fff
7fff
7fff
7fff
7fff
7fff
7fff
7fff
7fff
7fff
7fff
7fff
7fff
7fff
7fff
7fff
7fff
7fff
7fff
7fff
7fff
7fff
7fff
7fff
7fff
7fff
7fff
7fff
7fff
7fff
7fff
7fff
7fff
7fff
7fff
7fff
7fff
7fff
7fff
7fff
7fff
7fff
7fff
7fff
7fff
7fff
7fff
7fff
7fff
7fff
7fff
7fff
7fff
7fff
7fff
7fff
7fff
7fff
7fff
7fff
7fff
7fff
7fff
7fff
7fff
7fff
7fff
7fff
7fff
7fff
7fff
7fff
7fff
7fff
7fff
7fff
7fff
7fff
7fff
7fff
7fff
7fff
7fff
7fff
7fff
7fff
7fff
7fff
7fff
7fff
7fff
7fff
7fff
7fff
7fff
7fff
7fff
7fff
7fff
7fff
7fff
7fff
7fff
7fff
7fff
7fff
7fff
7fff
7fff
7fff
7fff
7fff
7fff
7fff
7fff
7fff
7fff
7fff
7fff
7fff
7fff
7fff
7fff
7fff
7fff
7fff
7fff
7fff
7fff
7fff
7fff
7fff
7fff
7fff
7fff
7fff
7fff
7fff
7fff
7fff
7fff
7fff
7fff
7fff
7fff
7fff
7fff
7fff
7fff
7fff
7fff
7fff
7fff
7fff
7fff
7fff
7fff
7fff
7fff
7fff
7fff
7fff
7fff
7fff
7fff
7fff
7fff
7fff
7fff
7fff
7fff
7fff
7fff
7fff
7fff
7fff
7fff
7fff
7fff
7fff
7fff
7fff
7fff
7fff
7fff
7fff
7fff
7fff
7fff
7fff
7fff
7fff
7fff
7fff
7fff
7fff
7fff
7fff
7fff
7fff
7fff
7fff
7fff
7fff
7fff
7fff
7fff
7fff
7fff
7fff
7fff
7fff
7fff
7fff
7fff
7fff
7fff
7fff
7fff
7fff
7fff
7fff
7fff
7fff
7fff
7fff
7fff
7fff
7fff
7fff
7fff
7fff
7fff
7fff
7fff
7fff
7fff
7fff
7fff
7fff
7fff
7fff
7fff
7fff
7fff
7fff
7fff
7fff
7fff
7fff
7fff
7fff
7fff
7fff
7fff
7fff
7fff
7fff
7fff
7fff
7fff
7fff
7fff
7fff
7fff
7fff
7fff
7fff
7fff
7fff
7fff
7fff
7fff
7fff
7fff
7fff
7fff
7fff
7fff
7fff
7fff
7fff
7fff
7fff
7fff
7fff
7fff
7fff
7fff
7fff
7fff
7fff
7fff
7fff
7fff
7fff
7fff
7fff
7fff
7fff
7fff
7fff
7fff
7fff
7fff
7fff
7fff
7fff
7fff
7fff
7fff
7fff
7fff
7fff
7fff
7fff
7fff
7fff
7fff
7fff
7fff
7fff
7fff
7fff
7fff
7fff
7fff
7fff
7fff
7fff
7fff
7fff
7fff
7fff
7fff
7fff
7fff
7fff
7fff
7fff
7fff
7fff
7fff
7fff
7fff
7fff
7fff
7fff
7fff
7fff
7fff
7fff
7fff
7fff
7fff
7fff
7fff
7fff
7fff
7fff
7fff
7fff
7fff
7fff
7fff
7fff
7fff
7fff
7fff
7fff
7fff
7fff
7fff
7fff
7fff
7fff
7fff
7fff
7fff
7fff
7fff
7fff
7fff
7fff
7fff
7fff
7fff
7fff
7fff
7fff
7fff
7fff
7fff
7fff
7fff
7fff
7fff
7fff
7fff
7fff
7fff
7fff
7fff
7fff
7fff
7fff
7fff
7fff
7fff
7fff
7fff
7fff
7fff
7fff
7fff
7fff
7fff
7fff
7fff
7fff
7fff
7fff
7fff
7fff
7fff
7fff
7fff
7fff
7fff
7fff
7fff
7fff
7fff
7fff
7fff
7fff
7fff
7fff
7fff
7fff
7fff
7fff
7fff
7fff
7fff
7fff
7fff
7fff
7fff
7fff
7fff
7fff
7fff
7fff
7fff
7fff
7fff
7fff
7fff
7fff
7fff
7fff
7fff
7fff
7fff
7fff
7fff
7fff
7fff
7fff
7fff
7fff
7fff
7fff
7fff
7fff
7fff
7fff
7fff
7fff
7fff
7fff
7fff
7fff
7fff
7fff
7fff
7fff
7fff
7fff
7fff
7fff
7fff
7fff
7fff
7fff
7fff
7fff
7fff
7fff
7fff
7fff
7fff
7fff
7fff
7fff
7fff
7fff
7fff
7fff
7fff
7fff
7fff
7fff
7fff
7fff
7fff
7fff
7fff
7fff
7fff
7fff
7fff
7fff
7fff
7fff
7fff
7fff
7fff
7fff
7fff
7fff
7fff
7fff
7fff
7fff
7fff
7fff
7fff
7fff
7fff
7fff
7fff
7fff
7fff
7fff
7fff
7fff
7fff
7fff
7fff
7fff
7fff
7fff
7fff
7fff
7fff
7fff
7fff
7fff
7fff
7fff
7fff
7fff
7fff
7fff
7fff
7fff
7fff
7fff
7fff
7fff
7fff
7fff
7fff
7fff
7fff
7fff
7fff
7fff
7fff
7fff
7fff
7fff
7fff
7fff
7fff
7fff
7fff
7fff
7fff
7fff
7fff
7fff
7fff
7fff
7fff
7fff
7fff
7fff
7fff
7fff
7fff
7fff
7fff
7fff
7fff
7fff
7fff
7fff
7fff
7fff
7fff
7fff
7fff
7fff
7fff
7fff
7fff
7fff
7fff
7fff
7fff
7fff
7fff
7fff
7fff
7fff
7fff
7fff
7fff
7fff
7fff
7fff
7fff
7fff
7fff
7fff
7fff
7fff
7fff
7fff
7fff
7fff
7fff
7fff
7fff
7fff
7fff
7fff
7fff
7fff
7fff
7fff
7fff
7fff
7fff
7fff
7fff
7fff
7fff
7fff
7fff
7fff
7fff
7fff
7fff
7fff
7fff
7fff
7fff
7fff
7fff
7fff
7fff
7fff
7fff
7fff
7fff
7fff
7fff
7fff
7fff
7fff
7fff
7fff
7fff
7fff
7fff
7fff
7fff
7fff
7fff
7fff
7fff
7fff
7fff
7fff
7fff
7fff
7fff
7fff
7fff
7fff
7fff
7fff
7fff
7fff
7fff
7fff
7fff
7fff
7fff
7fff
7fff
7fff
7fff
7fff
7fff
7fff
7fff
7fff
7fff
7fff
7fff
7fff
7fff
7fff
7fff
7fff
7fff
7fff
7fff
7fff
7fff
7fff
7fff
7fff
7fff
7fff
7fff
7fff
7fff
7fff
7fff
7fff
7fff
7fff
7fff
7fff
7fff
7fff
7fff
7fff
7fff
7fff
7fff
7fff
7fff
7fff
7fff
7fff
7fff
7fff
7fff
7fff
7fff
7fff
7fff
7fff
7fff
7fff
7fff
7fff
7fff
7fff
7fff
7fff
7fff
7fff
7fff
7fff
7fff
7fff
7fff
7fff
7fff
7fff
7fff
7fff
7fff
7fff
7fff
7fff
7fff
7fff
7fff
7fff
7fff
7fff
7fff
7fff
7fff
7fff
7fff
7fff
7fff
7fff
7fff
7fff
7fff
7fff
7fff
7fff
7fff
7fff
7fff
7fff
7fff
7fff
7fff
7fff
7fff
7fff
7fff
7fff
7fff
7fff
7fff
7fff
7fff
7fff
7fff
7fff
7fff
7fff
7fff
7fff
7fff
7fff
7fff
7fff
7fff
7fff
7fff
7fff
7fff
7fff
7fff
7fff
7fff
7fff
7fff
7fff
7fff
7fff
7fff
7fff
7fff
7fff
7fff
7fff
7fff
7fff
7fff
7fff
7fff
7fff
7fff
7fff
7fff
7fff
7fff
7fff
7fff
7fff
7fff
7fff
7fff
7fff
7fff
7fff
7fff
7fff
7fff
7fff
7fff
7fff
7fff
7fff
7fff
7fff
7fff
7fff
7fff
7fff
7fff
7fff
7fff
7fff
7fff
7fff
7fff
7fff
7fff
7fff
7fff
7fff
7fff
7fff
7fff
7fff
7fff
7fff
7fff
7fff
7fff
7fff
7fff
7fff
7fff
7fff
7fff
7fff
7fff
7fff
7fff
7fff
7fff
7fff
7fff
7fff
7fff
7fff
7fff
7fff
7fff
7fff
7fff
7fff
7fff
7fff
7fff
7fff
7fff
7fff
7fff
7fff
7fff
7fff
7fff
7fff
7fff
7fff
7fff
7fff
7fff
7fff
7fff
7fff
7fff
7fff
7fff
7fff
7fff
7fff
7fff
7fff
7fff
7fff
7fff
7fff
7fff
7fff
7fff
7fff
7fff
7fff
7fff
7fff
7fff
7fff
7fff
7fff
7fff
7fff
7fff
7fff
7fff
7fff
7fff
7fff
7fff
7fff
7fff
7fff
7fff
7fff
7fff
7fff
7fff
7fff
7fff
7fff
7fff
7fff
7fff
7fff
7fff
7fff
7fff
7fff
7fff
7fff
7fff
7fff
7fff
7fff
7fff
7fff
7fff
7fff
7fff
7fff
7fff
7fff
7fff
7fff
7fff
7fff
7fff
7fff
7fff
7fff
7fff
7fff
7fff
7fff
7fff
7fff
7fff
7fff
7fff
7fff
7fff
7fff
7fff
7fff
7fff
7fff
7fff
7fff
7fff
7fff
7fff
7fff
7fff
7fff
7fff
7fff
7fff
7fff
7fff
7fff
7fff
7fff
7fff
7fff
7fff
7fff
7fff
7fff
7fff
7fff
7fff
7fff
7fff
7fff
7fff
7fff
7fff
7fff
7fff
7fff
7fff
7fff
7fff
7fff
7fff
7fff
7fff
7fff
7fff
7fff
7fff
7fff
7fff
7fff
7fff
7fff
7fff
7fff
7fff
7fff
7fff
7fff
7fff
7fff
7fff
7fff
7fff
7fff
7fff
7fff
7fff
7fff
7fff
7fff
7fff
7fff
7fff
7fff
7fff
7fff
7fff
7fff
7fff
7fff
7fff
7fff
7fff
7fff
7fff
7fff
7fff
7fff
7fff
7fff
7fff
7fff
7fff
7fff
7fff
7fff
7fff
7fff
7fff
7fff
7fff
7fff
7fff
7fff
7fff
7fff
7fff
7fff
7fff
7fff
7fff
7fff
7fff
7fff
7fff
7fff
7fff
7fff
7fff
7fff
7fff
7fff
7fff
7fff
7fff
7fff
7fff
7fff
7fff
7fff
7fff
7fff
7fff
7fff
7fff
7fff
7fff
7fff
7fff
7fff
7fff
7fff
7fff
7fff
7fff
7fff
7fff
7fff
7fff
7fff
7fff
7fff
7fff
7fff
7fff
7fff
7fff
7fff
7fff
7fff
7fff
7fff
7fff
7fff
7fff
7fff
7fff
7fff
7fff
7fff
7fff
7fff
7fff
7fff
7fff
7fff
7fff
7fff
7fff
7fff
7fff
7fff
7fff
7fff
7fff
7fff
7fff
7fff
7fff
7fff
7fff
7fff
7fff
7fff
7fff
7fff
7fff
7fff
7fff
7fff
7fff
7fff
7fff
7fff
7fff
7fff
7fff
7fff
7fff
7fff
7fff
7fff
7fff
7fff
7fff
7fff
7fff
7fff
7fff
7fff
7fff
7fff
7fff
7fff
7fff
7fff
7fff
7fff
7fff
7fff
7fff
7fff
7fff
7fff
7fff
7fff
7fff
7fff
7fff
7fff
7fff
7fff
7fff
7fff
7fff
7fff
7fff
7fff
7fff
7fff
7fff
7fff
7fff
7fff
7fff
7fff
7fff
7fff
7fff
7fff
7fff
7fff
7fff
7fff
7fff
7fff
7fff
7fff
7fff
7fff
7fff
7fff
7fff
7fff
7fff
7fff
7fff
7fff
7fff
7fff
7fff
7fff
7fff
7fff
7fff
7fff
7fff
7fff
7fff
7fff
7fff
7fff
7fff
7fff
7fff
7fff
7fff
7fff
7fff
7fff
7fff
7fff
7fff
7fff
7fff
7fff
7fff
7fff
7fff
7fff
7fff
7fff
7fff
7fff
7fff
7fff
7fff
7fff
7fff
7fff
7fff
7fff
7fff
7fff
7fff
7fff
7fff
7fff
7fff
7fff
7fff
7fff
7fff
7fff
7fff
7fff
7fff
7fff
7fff
7fff
7fff
7fff
7fff
7fff
7fff
7fff
7fff
7fff
7fff
7fff
7fff
7fff
7fff
7fff
7fff
7fff
7fff
7fff
7fff
7fff
7fff
7fff
7fff
7fff
7fff
7fff
7fff
7fff
7fff
7fff
7fff
7fff
7fff
7fff
7fff
7fff
7fff
7fff
7fff
7fff
7fff
7fff
7fff
7fff
7fff
7fff
7fff
7fff
7fff
7fff
7fff
7fff
7fff
7fff
7fff
7fff
7fff
7fff
7fff
7fff
7fff
7fff
7fff
7fff
7fff
7fff
7fff
7fff
7fff
7fff
7fff
7fff
7fff
7fff
7fff
7fff
7fff
7fff
7fff
7fff
7fff
7fff
7fff
7fff
7fff
7fff
7fff
7fff
7fff
7fff
7fff
7fff
7fff
7fff
7fff
7fff
7fff
7fff
7fff
7fff
7fff
7fff
7fff
7fff
7fff
7fff
7fff
7fff
7fff
7fff
7fff
7fff
7fff
7fff
7fff
7fff
7fff
7fff
7fff
7fff
7fff
7fff
7fff
7fff
7fff
7fff
7fff
7fff
7fff
7fff
7fff
7fff
7fff
7fff
7fff
7fff
7fff
7fff
7fff
7fff
7fff
7fff
7fff
7fff
7fff
7fff
7fff
7fff
7fff
7fff
7fff
7fff
7fff
7fff
7fff
7fff
7fff
7fff
7fff
7fff
7fff
7fff
7fff
7fff
7fff
7fff
7fff
7fff
7fff
7fff
7fff
7fff
7fff
7fff
7fff
7fff
7fff
7fff
7fff
7fff
7fff
7fff
7fff
7fff
7fff
7fff
7fff
7fff
7fff
7fff
7fff
7fff
7fff
7fff
7fff
7fff
7fff
7fff
7fff
7fff
7fff
7fff
7fff
7fff
7fff
7fff
7fff
7fff
7fff
7fff
7fff
7fff
7fff
7fff
7fff
7fff
7fff
7fff
7fff
7fff
7fff
7fff
7fff
7fff
7fff
7fff
7fff
7fff
7fff
7fff
7fff
7fff
7fff
7fff
7fff
7fff
7fff
7fff
7fff
7fff
7fff
7fff
7fff
7fff
7fff
7fff
7fff
7fff
7fff
7fff
7fff
7fff
7fff
7fff
7fff
7fff
7fff
7fff
7fff
7fff
7fff
7fff
7fff
7fff
7fff
7fff
7fff
7fff
7fff
7fff
7fff
7fff
7fff
7fff
7fff
7fff
7fff
7fff
7fff
7fff
7fff
7fff
7fff
7fff
7fff
7fff
7fff
7fff
7fff
7fff
7fff
7fff
7fff
7fff
7fff
7fff
7fff
7fff
7fff
7fff
7fff
7fff
7fff
7fff
7fff
7fff
7fff
7fff
7fff
7fff
7fff
7fff
7fff
7fff
7fff
7fff
7fff
7fff
7fff
7fff
7fff
7fff
7fff
7fff
7fff
7fff
7fff
7fff
7fff
7fff
7fff
7fff
7fff
7fff
7fff
7fff
7fff
7fff
7fff
7fff
7fff
7fff
7fff
7fff
7fff
7fff
7fff
7fff
7fff
7fff
7fff
7fff
7fff
7fff
7fff
7fff
7fff
7fff
7fff
7fff
7fff
7fff
7fff
7fff
7fff
7fff
7fff
7fff
7fff
7fff
7fff
7fff
7fff
7fff
7fff
7fff
7fff
7fff
7fff
7fff
7fff
7fff
7fff
7fff
7fff
7fff
7fff
7fff
7fff
7fff
7fff
7fff
7fff
7fff
7fff
7fff
7fff
7fff
7fff
7fff
7fff
7fff
7fff
7fff
7fff
7fff
7fff
7fff
7fff
7fff
7fff
7fff
7fff
7fff
7fff
7fff
7fff
7fff
7fff
7fff
7fff
7fff
7fff
7fff
7fff
7fff
7fff
7fff
7fff
7fff
7fff
7fff
7fff
7fff
7fff
7fff
7fff
7fff
7fff
7fff
7fff
7fff
7fff
7fff
7fff
7fff
7fff
7fff
7fff
7fff
7fff
7fff
7fff
7fff
7fff
7fff
7fff
7fff
7fff
7fff
7fff
7fff
7fff
7fff
7fff
7fff
7fff
7fff
7fff
7fff
7fff
7fff
7fff
7fff
7fff
7fff
7fff
7fff
7fff
7fff
7fff
7fff
7fff
7fff
7fff
7fff
7fff
7fff
7fff
7fff
7fff
7fff
7fff
7fff
7fff
7fff
7fff
7fff
7fff
7fff
7fff
7fff
7fff
7fff
7fff
7fff
7fff
7fff
7fff
7fff
7fff
7fff
7fff
7fff
7fff
7fff
7fff
7fff
7fff
7fff
7fff
7fff
7fff
7fff
7fff
7fff
7fff
7fff
7fff
7fff
7fff
7fff
7fff
7fff
7fff
7fff
7fff
7fff
7fff
7fff
7fff
7fff
7fff
7fff
7fff
7fff
7fff
7fff
7fff
7fff
7fff
7fff
7fff
7fff
7fff
7fff
7fff
7fff
7fff
7fff
7fff
7fff
7fff
7fff
7fff
7fff
7fff
7fff
7fff
7fff
7fff
7fff
7fff
7fff
7fff
7fff
7fff
7fff
7fff
7fff
7fff
7fff
7fff
7fff
7fff
7fff
7fff
7fff
7fff
7fff
7fff
7fff
7fff
7fff
7fff
7fff
7fff
7fff
7fff
7fff
7fff
7fff
7fff
7fff
7fff
7fff
7fff
7fff
7fff
7fff
7fff
7fff
7fff
7fff
7fff
7fff
7fff
7fff
7fff
7fff
7fff
7fff
7fff
7fff
7fff
7fff
7fff
7fff
7fff
7fff
7fff
7fff
7fff
7fff
7fff
7fff
7fff
7fff
7fff
7fff
7fff
7fff
7fff
7fff
7fff
7fff
7fff
7fff
7fff
7fff
7fff
7fff
7fff
7fff
7fff
7fff
7fff
7fff
7fff
7fff
7fff
7fff
7fff
7fff
7fff
7fff
7fff
7fff
7fff
7fff
7fff
7fff
7fff
7fff
7fff
7fff
7fff
7fff
7fff
7fff
7fff
7fff
7fff
7fff
7fff
7fff
7fff
7fff
7fff
7fff
7fff
7fff
7fff
7fff
7fff
7fff
7fff
7fff
7fff
7fff
7fff
7fff
7fff
7fff
7fff
7fff
7fff
7fff
7fff
7fff
7fff
7fff
7fff
7fff
7fff
7fff
7fff
7fff
7fff
7fff
7fff
7fff
7fff
7fff
7fff
7fff
7fff
7fff
7fff
7fff
7fff
7fff
7fff
7fff
7fff
7fff
7fff
7fff
7fff
7fff
7fff
7fff
7fff
7fff
7fff
7fff
7fff
7fff
7fff
7fff
7fff
7fff
7fff
7fff
7fff
7fff
7fff
7fff
7fff
7fff
7fff
7fff
7fff
7fff
7fff
7fff
7fff
7fff
7fff
7fff
7fff
7fff
7fff
7fff
7fff
7fff
7fff
7fff
7fff
7fff
7fff
7fff
7fff
7fff
7fff
7fff
7fff
7fff
7fff
7fff
7fff
7fff
7fff
7fff
7fff
7fff
7fff
7fff
7fff
7fff
7fff
7fff
7fff
7fff
7fff
7fff
7fff
7fff
7fff
7fff
7fff
7fff
7fff
7fff
7fff
7fff
7fff
7fff
7fff
7fff
7fff
7fff
7fff
7fff
7fff
7fff
7fff
7fff
7fff
7fff
7fff
7fff
7fff
7fff
7fff
7fff
7fff
7fff
7fff
7fff
7fff
7fff
7fff
7fff
7fff
7fff
7fff
7fff
7fff
7fff
7fff
7fff
7fff
7fff
7fff
7fff
7fff
7fff
7fff
7fff
7fff
7fff
7fff
7fff
7fff
7fff
7fff
7fff
7fff
7fff
7fff
7fff
7fff
7fff
7fff
7fff
7fff
7fff
7fff
7fff
7fff
7fff
7fff
7fff
7fff
7fff
7fff
7fff
7fff
7fff
7fff
7fff
7fff
7fff
7fff
7fff
7fff
7fff
7fff
7fff
7fff
7fff
7fff
7fff
7fff
7fff
7fff
7fff
7fff
7fff
7fff
7fff
7fff
7fff
7fff
7fff
7fff
7fff
7fff
7fff
7fff
7fff
7fff
7fff
7fff
7fff
7fff
7fff
7fff
7fff
7fff
7fff
7fff
7fff
7fff
7fff
7fff
7fff
7fff
7fff
7fff
7fff
7fff
7fff
7fff
7fff
7fff
7fff
7fff
7fff
7fff
7fff
7fff
7fff
7fff
7fff
7fff
7fff
7fff
7fff
7fff
7fff
7fff
7fff
7fff
7fff
7fff
7fff
7fff
7fff
7fff
7fff
7fff
7fff
7fff
7fff
7fff
7fff
7fff
7fff
7fff
7fff
7fff
7fff
7fff
7fff
7fff
7fff
7fff
7fff
7fff
7fff
7fff
7fff
7fff
7fff
7fff
7fff
7fff
7fff
7fff
7fff
7fff
7fff
7fff
7fff
7fff
7fff
7fff
7fff
7fff
7fff
7fff
7fff
7fff
7fff
7fff
7fff
7fff
7fff
7fff
7fff
7fff
7fff
7fff
7fff
7fff
7fff
7fff
7fff
7fff
7fff
7fff
7fff
7fff
7fff
7fff
7fff
7fff
7fff
7fff
7fff
7fff
7fff
7fff
7fff
7fff
7fff
7fff
7fff
7fff
7fff
7fff
7fff
7fff
7fff
7fff
7fff
7fff
7fff
7fff
7fff
7fff
7fff
7fff
7fff
7fff
7fff
7fff
7fff
7fff
7fff
7fff
7fff
7fff
7fff
7fff
7fff
7fff
7fff
7fff
7fff
7fff
7fff
7fff
7fff
7fff
7fff
7fff
7fff
7fff
7fff
7fff
7fff
7fff
7fff
7fff
7fff
7fff
7fff
7fff
7fff
7fff
7fff
7fff
7fff
7fff
7fff
7fff
7fff
7fff
7fff
7fff
7fff
7fff
7fff
7fff
7fff
7fff
7fff
7fff
7fff
7fff
7fff
7fff
7fff
7fff
7fff
7fff
7fff
7fff
7fff
7fff
7fff
7fff
7fff
7fff
7fff
7fff
7fff
7fff
7fff
7fff
7fff
7fff
7fff
7fff
7fff
7fff
7fff
7fff
7fff
7fff
7fff
7fff
7fff
7fff
7fff
7fff
7fff
7fff
7fff
7fff
7fff
7fff
7fff
7fff
7fff
7fff
7fff
7fff
7fff
7fff
7fff
7fff
7fff
7fff
7fff
7fff
7fff
7fff
7fff
7fff
7fff
7fff
7fff
7fff
7fff
7fff
7fff
7fff
7fff
7fff
7fff
7fff
7fff
7fff
7fff
7fff
7fff
7fff
7fff
7fff
7fff
7fff
7fff
7fff
7fff
7fff
7fff
7fff
7fff
7fff
7fff
7fff
7fff
7fff
7fff
7fff
7fff
7fff
7fff
7fff
7fff
7fff
7fff
7fff
7fff
7fff
7fff
7fff
7fff
7fff
7fff
7fff
7fff
7fff
7fff
7fff
7fff
7fff
7fff
7fff
7fff
7fff
7fff
7fff
7fff
7fff
7fff
7fff
7fff
7fff
7fff
7fff
7fff
7fff
7fff
7fff
7fff
7fff
7fff
7fff
7fff
7fff
7fff
7fff
7fff
7fff
7fff
7fff
7fff
7fff
7fff
7fff
7fff
7fff
7fff
7fff
7fff
7fff
7fff
7fff
7fff
7fff
7fff
7fff
7fff
7fff
7fff
7fff
7fff
7fff
7fff
7fff
7fff
7fff
7fff
7fff
7fff
7fff
7fff
7fff
7fff
7fff
7fff
7fff
7fff
7fff
7fff
7fff
7fff
7fff
7fff
7fff
7fff
7fff
7fff
7fff
7fff
7fff
7fff
7fff
7fff
7fff
7fff
7fff
7fff
7fff
7fff
7fff
7fff
7fff
7fff
7fff
7fff
7fff
7fff
7fff
7fff
7fff
7fff
7fff
7fff
7fff
7fff
7fff
7fff
7fff
7fff
7fff
7fff
7fff
7fff
7fff
7fff
7fff
7fff
7fff
7fff
7fff
7fff
7fff
7fff
7fff
7fff
7fff
7fff
7fff
7fff
7fff
7fff
7fff
7fff
7fff
7fff
7fff
7fff
7fff
7fff
7fff
7fff
7fff
7fff
7fff
7fff
7fff
7fff
7fff
7fff
7fff
7fff
7fff
7fff
7fff
7fff
7fff
7fff
7fff
7fff
7fff
7fff
7fff
7fff
7fff
7fff
7fff
7fff
7fff
7fff
7fff
7fff
7fff
7fff
7fff
7fff
7fff
7fff
7fff
7fff
7fff
7fff
7fff
7fff
7fff
7fff
7fff
7fff
7fff
7fff
7fff
7fff
7fff
7fff
7fff
7fff
7fff
7fff
7fff
7fff
7fff
7fff
7fff
7fff
7fff
7fff
7fff
7fff
7fff
7fff
7fff
7fff
7fff
7fff
7fff
7fff
7fff
7fff
7fff
7fff
7fff
7fff
7fff
7fff
7fff
7fff
7fff
7fff
7fff
7fff
7fff
7fff
7fff
7fff
7fff
7fff
7fff
7fff
7fff
7fff
7fff
7fff
7fff
7fff
7fff
7fff
7fff
7fff
7fff
7fff
7fff
7fff
7fff
7fff
7fff
7fff
7fff
7fff
7fff
7fff
7fff
7fff
7fff
7fff
7fff
7fff
7fff
7fff
7fff
7fff
7fff
7fff
7fff
7fff
7fff
7fff
7fff
7fff
7fff
7fff
7fff
7fff
7fff
7fff
7fff
7fff
7fff
7fff
7fff
7fff
7fff
7fff
7fff
7fff
7fff
7fff
7fff
7fff
7fff
7fff
7fff
7fff
7fff
7fff
7fff
7fff
7fff
7fff
7fff
7fff
7fff
7fff
7fff
7fff
7fff
7fff
7fff
7fff
7fff
7fff
7fff
7fff
7fff
7fff
7fff
7fff
7fff
7fff
7fff
7fff
7fff
7fff
7fff
7fff
7fff
7fff
7fff
7fff
7fff
7fff
7fff
7fff
7fff
7fff
7fff
7fff
7fff
7fff
7fff
7fff
7fff
7fff
7fff
7fff
7fff
7fff
7fff
7fff
7fff
7fff
7fff
7fff
7fff
7fff
7fff
7fff
7fff
7fff
7fff
7fff
7fff
7fff
7fff
7fff
7fff
7fff
7fff
7fff
7fff
7fff
7fff
7fff
7fff
7fff
7fff
7fff
7fff
7fff
7fff
7fff
7fff
7fff
7fff
7fff
7fff
7fff
7fff
7fff
7fff
7fff
7fff
7fff
7fff
7fff
7fff
7fff
7fff
7fff
7fff
7fff
7fff
7fff
7fff
7fff
7fff
7fff
7fff
7fff
7fff
7fff
7fff
7fff
7fff
7fff
7fff
7fff
7fff
7fff
7fff
7fff
7fff
7fff
7fff
7fff
7fff
7fff
7fff
7fff
7fff
7fff
7fff
7fff
7fff
7fff
7fff
7fff
7fff
7fff
7fff
7fff
7fff
7fff
7fff
7fff
7fff
7fff
7fff
7fff
7fff
7fff
7fff
7fff
7fff
7fff
7fff
7fff
7fff
7fff
7fff
7fff
7fff
7fff
7fff
7fff
7fff
7fff
7fff
7fff
7fff
7fff
7fff
7fff
7fff
7fff
7fff
7fff
7fff
7fff
7fff
7fff
7fff
7fff
7fff
7fff
7fff
7fff
7fff
7fff
7fff
7fff
7fff
7fff
7fff
7fff
7fff
7fff
7fff
7fff
7fff
7fff
7fff
7fff
7fff
7fff
7fff
7fff
7fff
7fff
7fff
7fff
7fff
7fff
7fff
7fff
7fff
7fff
7fff
7fff
7fff
7fff
7fff
7fff
7fff
7fff
7fff
7fff
7fff
7fff
7fff
7fff
7fff
7fff
7fff
7fff
7fff
7fff
7fff
7fff
7fff
7fff
7fff
7fff
7fff
7fff
7fff
7fff
7fff
7fff
7fff
7fff
7fff
7fff
7fff
7fff
7fff
7fff
7fff
7fff
7fff
7fff
7fff
7fff
7fff
7fff
7fff
7fff
7fff
7fff
7fff
7fff
7fff
7fff
7fff
7fff
7fff
7fff
7fff
7fff
7fff
7fff
7fff
7fff
7fff
7fff
7fff
7fff
7fff
7fff
7fff
7fff
7fff
7fff
7fff
7fff
7fff
7fff
7fff
7fff
7fff
7fff
7fff
7fff
7fff
7fff
7fff
7fff
7fff
7fff
7fff
7fff
7fff
7fff
7fff
7fff
7fff
7fff
7fff
7fff
7fff
7fff
7fff
7fff
7fff
7fff
7fff
7fff
7fff
7fff
7fff
7fff
7fff
7fff
7fff
7fff
7fff
7fff
7fff
7fff
7fff
7fff
7fff
7fff
7fff
7fff
7fff
7fff
7fff
7fff
7fff
7fff
7fff
7fff
7fff
7fff
7fff
7fff
7fff
7fff
7fff
7fff
7fff
7fff
7fff
7fff
7fff
7fff
7fff
7fff
7fff
7fff
7fff
7fff
7fff
7fff
7fff
7fff
7fff
7fff
7fff
7fff
7fff
7fff
7fff
7fff
7fff
7fff
7fff
7fff
7fff
7fff
7fff
7fff
7fff
7fff
7fff
7fff
7fff
7fff
7fff
7fff
7fff
7fff
7fff
7fff
7fff
7fff
7fff
7fff
7fff
7fff
7fff
7fff
7fff
7fff
7fff
7fff
7fff
7fff
7fff
7fff
7fff
7fff
7fff
7fff
7fff
7fff
7fff
7fff
7fff
7fff
7fff
7fff
7fff
7fff
7fff
7fff
7fff
7fff
7fff
7fff
7fff
7fff
7fff
7fff
7fff
7fff
7fff
7fff
7fff
7fff
7fff
7fff
7fff
7fff
7fff
7fff
7fff
7fff
7fff
7fff
7fff
7fff
7fff
7fff
7fff
7fff
7fff
7fff
7fff
7fff
7fff
7fff
7fff
7fff
7fff
7fff
7fff
7fff
7fff
7fff
7fff
7fff
7fff
7fff
7fff
7fff
7fff
7fff
7fff
7fff
7fff
7fff
7fff
7fff
7fff
7fff
7fff
7fff
7fff
7fff
7fff
7fff
7fff
7fff
7fff
7fff
7fff
7fff
7fff
7fff
7fff
7fff
7fff
7fff
7fff
7fff
7fff
7fff
7fff
7fff
7fff
7fff
7fff
7fff
7fff
7fff
7fff
7fff
7fff
7fff
7fff
7fff
7fff
7fff
7fff
7fff
7fff
7fff
7fff
7fff
7fff
7fff
7fff
7fff
7fff
7fff
7fff
7fff
7fff
7fff
7fff
7fff
7fff
7fff
7fff
7fff
7fff
7fff
7fff
7fff
7fff
7fff
7fff
7fff
7fff
7fff
7fff
7fff
7fff
7fff
7fff
7fff
7fff
7fff
7fff
7fff
7fff
7fff
7fff
7fff
7fff
7fff
7fff
7fff
7fff
7fff
7fff
7fff
7fff
7fff
7fff
7fff
7fff
7fff
7fff
7fff
7fff
7fff
7fff
7fff
7fff
7fff
7fff
7fff
7fff
7fff
7fff
7fff
7fff
7fff
7fff
7fff
7fff
7fff
7fff
7fff
7fff
7fff
7fff
7fff
7fff
7fff
7fff
7fff
7fff
7fff
7fff
7fff
7fff
7fff
7fff
7fff
7fff
7fff
7fff
7fff
7fff
7fff
7fff
7fff
7fff
7fff
7fff
7fff
7fff
7fff
7fff
7fff
7fff
7fff
7fff
7fff
7fff
7fff
7fff
7fff
7fff
7fff
7fff
7fff
7fff
7fff
7fff
7fff
7fff
7fff
7fff
7fff
7fff
7fff
7fff
7fff
7fff
7fff
7fff
7fff
7fff
7fff
7fff
7fff
7fff
7fff
7fff
7fff
7fff
7fff
7fff
7fff
7fff
7fff
7fff
7fff
7fff
7fff
7fff
7fff
7fff
7fff
7fff
7fff
7fff
7fff
7fff
7fff
7fff
7fff
7fff
7fff
7fff
7fff
7fff
7fff
7fff
7fff
7fff
7fff
7fff
7fff
7fff
7fff
7fff
7fff
7fff
7fff
7fff
7fff
7fff
7fff
7fff
7fff
7fff
7fff
7fff
7fff
7fff
7fff
7fff
7fff
7fff
7fff
7fff
7fff
7fff
7fff
7fff
7fff
7fff
7fff
7fff
7fff
7fff
7fff
7fff
7fff
7fff
7fff
7fff
7fff
7fff
7fff
7fff
7fff
7fff
7fff
7fff
7fff
7fff
7fff
7fff
7fff
7fff
7fff
7fff
7fff
7fff
7fff
7fff
7fff
7fff
7fff
7fff
7fff
7fff
7fff
7fff
7fff
7fff
7fff
7fff
7fff
7fff
7fff
7fff
7fff
7fff
7fff
7fff
7fff
7fff
7fff
7fff
7fff
7fff
7fff
7fff
7fff
7fff
7fff
7fff
7fff
7fff
7fff
7fff
7fff
7fff
7fff
7fff
7fff
7fff
7fff
7fff
7fff
7fff
7fff
7fff
7fff
7fff
7fff
7fff
7fff
7fff
7fff
7fff
7fff
7fff
7fff
7fff
7fff
7fff
7fff
7fff
7fff
7fff
7fff
7fff
7fff
7fff
7fff
7fff
7fff
7fff
7fff
7fff
7fff
7fff
7fff
7fff
7fff
7fff
7fff
7fff
7fff
7fff
7fff
7fff
7fff
7fff
7fff
7fff
7fff
7fff
7fff
7fff
7fff
7fff
7fff
7fff
7fff
7fff
7fff
7fff
7fff
7fff
7fff
7fff
7fff
7fff
7fff
7fff
7fff
7fff
7fff
7fff
7fff
7fff
7fff
7fff
7fff
7fff
7fff
7fff
7fff
7fff
7fff
7fff
7fff
7fff
7fff
7fff
7fff
7fff
7fff
7fff
7fff
7fff
7fff
7fff
7fff
7fff
7fff
7fff
7fff
7fff
7fff
7fff
7fff
7fff
7fff
7fff
7fff
7fff
7fff
7fff
7fff
7fff
7fff
7fff
7fff
7fff
7fff
7fff
7fff
7fff
7fff
7fff
7fff
7fff
7fff
7fff
7fff
7fff
7fff
7fff
7fff
7fff
7fff
7fff
7fff
7fff
7fff
7fff
7fff
7fff
7fff
7fff
7fff
7fff
7fff
7fff
7fff
7fff
7fff
7fff
7fff
7fff
7fff
7fff
7fff
7fff
7fff
7fff
7fff
7fff
7fff
7fff
7fff
7fff
7fff
7fff
7fff
7fff
7fff
7fff
7fff
7fff
7fff
7fff
7fff
7fff
7fff
7fff
7fff
7fff
7fff
7fff
7fff
7fff
7fff
7fff
7fff
7fff
7fff
7fff
7fff
7fff
7fff
7fff
7fff
7fff
7fff
7fff
7fff
7fff
7fff
7fff
7fff
7fff
7fff
7fff
7fff
7fff
7fff
7fff
7fff
7fff
7fff
7fff
7fff
7fff
7fff
7fff
7fff
7fff
7fff
7fff
7fff
7fff
7fff
7fff
7fff
7fff
7fff
7fff
7fff
7fff
7fff
7fff
7fff
7fff
7fff
7fff
7fff
7fff
7fff
7fff
7fff
7fff
7fff
7fff
7fff
7fff
7fff
7fff
7fff
7fff
7fff
7fff
7fff
7fff
7fff
7fff
7fff
7fff
7fff
7fff
7fff
7fff
7fff
7fff
7fff
7fff
7fff
7fff
7fff
7fff
7fff
7fff
7fff
7fff
7fff
7fff
7fff
7fff
7fff
7fff
7fff
7fff
7fff
7fff
7fff
7fff
7fff
7fff
7fff
7fff
7fff
7fff
7fff
7fff
7fff
7fff
7fff
7fff
7fff
7fff
7fff
7fff
7fff
7fff
7fff
7fff
7fff
7fff
7fff
7fff
7fff
7fff
7fff
7fff
7fff
7fff
7fff
7fff
7fff
7fff
7fff
7fff
7fff
7fff
7fff
7fff
7fff
7fff
7fff
7fff
7fff
7fff
7fff
7fff
7fff
7fff
7fff
7fff
7fff
7fff
7fff
7fff
7fff
7fff
7fff
7fff
7fff
7fff
7fff
7fff
7fff
7fff
7fff
7fff
7fff
7fff
7fff
7fff
7fff
7fff
7fff
7fff
7fff
7fff
7fff
7fff
7fff
7fff
7fff
7fff
7fff
7fff
7fff
7fff
7fff
7fff
7fff
7fff
7fff
7fff
7fff
7fff
7fff
7fff
7fff
7fff
7fff
7fff
7fff
7fff
7fff
7fff
7fff
7fff
7fff
7fff
7fff
7fff
7fff
7fff
7fff
7fff
7fff
7fff
7fff
7fff
7fff
7fff
7fff
7fff
7fff
7fff
7fff
7fff
7fff
7fff
7fff
7fff
7fff
7fff
7fff
7fff
7fff
7fff
7fff
7fff
7fff
7fff
7fff
7fff
7fff
7fff
7fff
7fff
7fff
7fff
7fff
7fff
7fff
7fff
7fff
7fff
7fff
7fff
7fff
7fff
7fff
7fff
7fff
7fff
7fff
7fff
7fff
7fff
7fff
7fff
7fff
7fff
7fff
7fff
7fff
7fff
7fff
7fff
7fff
7fff
7fff
7fff
7fff
7fff
7fff
7fff
7fff
7fff
7fff
7fff
7fff
7fff
7fff
7fff
7fff
7fff
7fff
7fff
7fff
7fff
7fff
7fff
7fff
7fff
7fff
7fff
7fff
7fff
7fff
7fff
7fff
7fff
7fff
7fff
7fff
7fff
7fff
7fff
7fff
7fff
7fff
7fff
7fff
7fff
7fff
7fff
7fff
7fff
7fff
7fff
7fff
7fff
7fff
7fff
7fff
7fff
7fff
7fff
7fff
7fff
7fff
7fff
7fff
7fff
7fff
7fff
7fff
7fff
7fff
7fff
7fff
7fff
7fff
7fff
7fff
7fff
7fff
7fff
7fff
7fff
7fff
7fff
7fff
7fff
7fff
7fff
7fff
7fff
7fff
7fff
7fff
7fff
7fff
7fff
7fff
7fff
7fff
7fff
7fff
7fff
7fff
7fff
7fff
7fff
7fff
7fff
7fff
7fff
7fff
7fff
7fff
7fff
7fff
7fff
7fff
7fff
7fff
7fff
7fff
7fff
7fff
7fff
7fff
7fff
7fff
7fff
7fff
7fff
7fff
7fff
7fff
7fff
7fff
7fff
7fff
7fff
7fff
7fff
7fff
7fff
7fff
7fff
7fff
7fff
7fff
7fff
7fff
7fff
7fff
7fff
7fff
7fff
7fff
7fff
7fff
7fff
7fff
7fff
7fff
7fff
7fff
7fff
7fff
7fff
7fff
7fff
7fff
7fff
7fff
7fff
7fff
7fff
7fff
7fff
7fff
7fff
7fff
7fff
7fff
7fff
7fff
7fff
7fff
7fff
7fff
7fff
7fff
7fff
7fff
7fff
7fff
7fff
7fff
7fff
7fff
7fff
7fff
7fff
7fff
7fff
7fff
7fff
7fff
7fff
7fff
7fff
7fff
7fff
7fff
7fff
7fff
7fff
7fff
7fff
7fff
7fff
7fff
7fff
7fff
7fff
7fff
7fff
7fff
7fff
7fff
7fff
7fff
7fff
7fff
7fff
7fff
7fff
7fff
7fff
7fff
7fff
7fff
7fff
7fff
7fff
7fff
7fff
7fff
7fff
7fff
7fff
7fff
7fff
7fff
7fff
7fff
7fff
7fff
7fff
7fff
7fff
7fff
7fff
7fff
7fff
7fff
7fff
7fff
7fff
7fff
7fff
7fff
7fff
7fff
7fff
7fff
7fff
7fff
7fff
7fff
7fff
7fff
7fff
7fff
7fff
7fff
7fff
7fff
7fff
7fff
7fff
7fff
7fff
7fff
7fff
7fff
7fff
7fff
7fff
7fff
7fff
7fff
7fff
7fff
7fff
7fff
7fff
7fff
7fff
7fff
7fff
7fff
7fff
7fff
7fff
7fff
7fff
7fff
7fff
7fff
7fff
7fff
7fff
7fff
7fff
7fff
7fff
7fff
7fff
7fff
7fff
7fff
7fff
7fff
7fff
7fff
7fff
7fff
7fff
7fff
7fff
7fff
7fff
7fff
7fff
7fff
7fff
7fff
7fff
7fff
7fff
7fff
7fff
7fff
7fff
7fff
7fff
7fff
7fff
7fff
7fff
7fff
7fff
7fff
7fff
7fff
7fff
7fff
7fff
7fff
7fff
7fff
7fff
7fff
7fff
7fff
7fff
7fff
7fff
7fff
7fff
7fff
7fff
7fff
7fff
7fff
7fff
7fff
7fff
7fff
7fff
7fff
7fff
7fff
7fff
7fff
7fff
7fff
7fff
7fff
7fff
7fff
7fff
7fff
7fff
7fff
7fff
7fff
7fff
7fff
7fff
7fff
7fff
7fff
7fff
7fff
7fff
7fff
7fff
7fff
7fff
7fff
7fff
7fff
7fff
7fff
7fff
7fff
7fff
7fff
7fff
7fff
7fff
7fff
7fff
7fff
7fff
7fff
7fff
7fff
7fff
7fff
7fff
7fff
7fff
7fff
7fff
7fff
7fff
7fff
7fff
7fff
7fff
7fff
7fff
7fff
7fff
7fff
7fff
7fff
7fff
7fff
7fff
7fff
7fff
7fff
7fff
7fff
7fff
7fff
7fff
7fff
7fff
7fff
7fff
7fff
7fff
7fff
7fff
7fff
7fff
7fff
7fff
7fff
7fff
7fff
7fff
7fff
7fff
7fff
7fff
7fff
7fff
7fff
7fff
7fff
7fff
7fff
7fff
7fff
7fff
7fff
7fff
7fff
7fff
7fff
7fff
7fff
7fff
7fff
7fff
7fff
7fff
7fff
7fff
7fff
7fff
7fff
7fff
7fff
7fff
7fff
7fff
7fff
7fff
7fff
7fff
7fff
7fff
7fff
7fff
7fff
7fff
7fff
7fff
7fff
7fff
7fff
7fff
7fff
7fff
7fff
7fff
7fff
7fff
7fff
7fff
7fff
7fff
7fff
7fff
7fff
7fff
7fff
7fff
7fff
7fff
7fff
7fff
7fff
7fff
7fff
7fff
7fff
7fff
7fff
7fff
7fff
7fff
7fff
7fff
7fff
7fff
7fff
7fff
7fff
7fff
7fff
7fff
7fff
7fff
7fff
7fff
7fff
7fff
7fff
7fff
7fff
7fff
7fff
7fff
7fff
7fff
7fff
7fff
7fff
7fff
7fff
7fff
7fff
7fff
7fff
7fff
7fff
7fff
7fff
7fff
7fff
7fff
7fff
7fff
7fff
7fff
7fff
7fff
7fff
7fff
7fff
7fff
7fff
7fff
7fff
7fff
7fff
7fff
7fff
7fff
7fff
7fff
7fff
7fff
7fff
7fff
7fff
7fff
7fff
7fff
7fff
7fff
7fff
7fff
7fff
7fff
7fff
7fff
7fff
7fff
7fff
7fff
7fff
7fff
7fff
7fff
7fff
7fff
7fff
7fff
7fff
7fff
7fff
7fff
7fff
7fff
7fff
7fff
7fff
7fff
7fff
7fff
7fff
7fff
7fff
7fff
7fff
7fff
7fff
7fff
7fff
7fff
7fff
7fff
7fff
7fff
7fff
7fff
7fff
7fff
7fff
7fff
7fff
7fff
7fff
7fff
7fff
7fff
7fff
7fff
7fff
7fff
7fff
7fff
7fff
7fff
7fff
7fff
7fff
7fff
7fff
7fff
7fff
7fff
7fff
7fff
7fff
7fff
7fff
7fff
7fff
7fff
7fff
7fff
7fff
7fff
7fff
7fff
7fff
7fff
7fff
7fff
7fff
7fff
7fff
7fff
7fff
7fff
7fff
7fff
7fff
7fff
7fff
7fff
7fff
7fff
7fff
7fff
7fff
7fff
7fff
7fff
7fff
7fff
7fff
7fff
7fff
7fff
7fff
7fff
7fff
7fff
7fff
7fff
7fff
7fff
7fff
7fff
7fff
7fff
7fff
7fff
7fff
7fff
7fff
7fff
7fff
7fff
7fff
7fff
7fff
7fff
7fff
7fff
7fff
7fff
7fff
7fff
7fff
7fff
7fff
7fff
7fff
7fff
7fff
7fff
7fff
7fff
7fff
7fff
7fff
7fff
7fff
7fff
7fff
7fff
7fff
7fff
7fff
7fff
7fff
7fff
7fff
7fff
7fff
7fff
7fff
7fff
7fff
7fff
7fff
7fff
7fff
7fff
7fff
7fff
7fff
7fff
7fff
7fff
7fff
7fff
7fff
7fff
7fff
7fff
7fff
7fff
7fff
7fff
7fff
7fff
7fff
7fff
7fff
7fff
7fff
7fff
7fff
7fff
7fff
7fff
7fff
7fff
7fff
7fff
7fff
7fff
7fff
7fff
7fff
7fff
7fff
7fff
7fff
7fff
7fff
7fff
7fff
7fff
7fff
7fff
7fff
7fff
7fff
7fff
7fff
7fff
7fff
7fff
7fff
7fff
7fff
7fff
7fff
7fff
7fff
7fff
7fff
7fff
7fff
7fff
7fff
7fff
7fff
7fff
7fff
7fff
7fff
7fff
7fff
7fff
7fff
7fff
7fff
7fff
7fff
7fff
7fff
7fff
7fff
7fff
7fff
7fff
7fff
7fff
7fff
7fff
7fff
7fff
7fff
7fff
7fff
7fff
7fff
7fff
7fff
7fff
7fff
7fff
7fff
7fff
7fff
7fff
7fff
7fff
7fff
7fff
7fff
7fff
7fff
7fff
7fff
7fff
7fff
7fff
7fff
7fff
7fff
7fff
7fff
7fff
7fff
7fff
7fff
7fff
7fff
7fff
7fff
7fff
7fff
7fff
7fff
7fff
7fff
7fff
7fff
7fff
7fff
7fff
7fff
7fff
7fff
7fff
7fff
7fff
7fff
7fff
7fff
7fff
7fff
7fff
7fff
7fff
7fff
7fff
7fff
7fff
7fff
7fff
7fff
7fff
7fff
7fff
7fff
7fff
7fff
7fff
7fff
7fff
7fff
7fff
7fff
7fff
7fff
7fff
7fff
7fff
7fff
7fff
7fff
7fff
7fff
7fff
7fff
7fff
7fff
7fff
7fff
7fff
7fff
7fff
7fff
7fff
7fff
7fff
7fff
7fff
7fff
7fff
7fff
7fff
7fff
7fff
7fff
7fff
7fff
7fff
7fff
7fff
7fff
7fff
7fff
7fff
7fff
7fff
7fff
7fff
7fff
7fff
7fff
7fff
7fff
7fff
7fff
7fff
7fff
7fff
7fff
7fff
7fff
7fff
7fff
7fff
7fff
7fff
7fff
7fff
7fff
7fff
7fff
7fff
7fff
7fff
7fff
7fff
7fff
7fff
7fff
7fff
7fff
7fff
7fff
7fff
7fff
7fff
7fff
7fff
7fff
7fff
7fff
7fff
7fff
7fff
7fff
7fff
7fff
7fff
7fff
7fff
7fff
7fff
7fff
7fff
7fff
7fff
7fff
7fff
7fff
7fff
7fff
7fff
7fff
7fff
7fff
7fff
7fff
7fff
7fff
7fff
7fff
7fff
7fff
7fff
7fff
7fff
7fff
7fff
7fff
7fff
7fff
7fff
7fff
7fff
7fff
7fff
7fff
7fff
7fff
7fff
7fff
7fff
7fff
7fff
7fff
7fff
7fff
7fff
7fff
7fff
7fff
7fff
7fff
7fff
7fff
7fff
7fff
7fff
7fff
7fff
7fff
7fff
7fff
7fff
7fff
7fff
7fff
7fff
7fff
7fff
7fff
7fff
7fff
7fff
7fff
7fff
7fff
7fff
7fff
7fff
7fff
7fff
7fff
7fff
7fff
7fff
7fff
7fff
7fff
7fff
7fff
7fff
7fff
7fff
7fff
7fff
7fff
7fff
7fff
7fff
7fff
7fff
7fff
7fff
7fff
7fff
7fff
7fff
7fff
7fff
7fff
7fff
7fff
7fff
7fff
7fff
7fff
7fff
7fff
7fff
7fff
7fff
7fff
7fff
7fff
7fff
7fff
7fff
7fff
7fff
7fff
7fff
7fff
7fff
7fff
7fff
7fff
7fff
7fff
7fff
7fff
7fff
7fff
7fff
7fff
7fff
7fff
7fff
7fff
7fff
7fff
7fff
7fff
7fff
7fff
7fff
7fff
7fff
7fff
7fff
7fff
7fff
7fff
7fff
7fff
7fff
7fff
7fff
7fff
7fff
7fff
7fff
7fff
7fff
7fff
7fff
7fff
7fff
7fff
7fff
7fff
7fff
7fff
7fff
7fff
7fff
7fff
7fff
7fff
7fff
7fff
7fff
7fff
7fff
7fff
7fff
7fff
7fff
7fff
7fff
7fff
7fff
7fff
7fff
7fff
7fff
7fff
7fff
7fff
7fff
7fff
7fff
7fff
7fff
7fff
7fff
7fff
7fff
7fff
7fff
7fff
7fff
7fff
7fff
7fff
7fff
7fff
7fff
7fff
7fff
7fff
7fff
7fff
7fff
7fff
7fff
7fff
7fff
7fff
7fff
7fff
7fff
7fff
7fff
7fff
7fff
7fff
7fff
7fff
7fff
7fff
7fff
7fff
7fff
7fff
7fff
7fff
7fff
7fff
7fff
7fff
7fff
7fff
7fff
7fff
7fff
7fff
7fff
7fff
7fff
7fff
7fff
7fff
7fff
7fff
7fff
7fff
7fff
7fff
7fff
7fff
7fff
7fff
7fff
7fff
7fff
7fff
7fff
7fff
7fff
7fff
7fff
7fff
7fff
7fff
7fff
7fff
7fff
7fff
7fff
7fff
7fff
7fff
7fff
7fff
7fff
7fff
7fff
7fff
7fff
7fff
7fff
7fff
7fff
7fff
7fff
7fff
7fff
7fff
7fff
7fff
7fff
7fff
7fff
7fff
7fff
7fff
7fff
7fff
7fff
7fff
7fff
7fff
7fff
7fff
7fff
7fff
7fff
7fff
7fff
7fff
7fff
7fff
7fff
7fff
7fff
7fff
7fff
7fff
7fff
7fff
7fff
7fff
7fff
7fff
7fff
7fff
7fff
7fff
7fff
7fff
7fff
7fff
7fff
7fff
7fff
7fff
7fff
7fff
7fff
7fff
7fff
7fff
7fff
7fff
7fff
7fff
7fff
7fff
7fff
7fff
7fff
7fff
7fff
7fff
7fff
7fff
7fff
7fff
7fff
7fff
7fff
7fff
7fff
7fff
7fff
7fff
7fff
7fff
7fff
7fff
7fff
7fff
7fff
7fff
7fff
7fff
7fff
7fff
7fff
7fff
7fff
7fff
7fff
7fff
7fff
7fff
7fff
7fff
7fff
7fff
7fff
7fff
7fff
7fff
7fff
7fff
7fff
7fff
7fff
7fff
7fff
7fff
7fff
7fff
7fff
7fff
7fff
7fff
7fff
7fff
7fff
7fff
7fff
7fff
7fff
7fff
7fff
7fff
7fff
7fff
7fff
7fff
7fff
7fff
7fff
7fff
7fff
7fff
7fff
7fff
7fff
7fff
7fff
7fff
7fff
7fff
7fff
7fff
7fff
7fff
7fff
7fff
7fff
7fff
7fff
7fff
7fff
7fff
7fff
7fff
7fff
7fff
7fff
7fff
7fff
7fff
7fff
7fff
7fff
7fff
7fff
7fff
7fff
7fff
7fff
7fff
7fff
7fff
7fff
7fff
7fff
7fff
7fff
7fff
7fff
7fff
7fff
7fff
7fff
7fff
7fff
7fff
7fff
7fff
7fff
7fff
7fff
7fff
7fff
7fff
7fff
7fff
7fff
7fff
7fff
7fff
7fff
7fff
7fff
7fff
7fff
7fff
7fff
7fff
7fff
7fff
7fff
7fff
7fff
7fff
7fff
7fff
7fff
7fff
7fff
7fff
7fff
7fff
7fff
7fff
7fff
7fff
7fff
7fff
7fff
7fff
7fff
7fff
7fff
7fff
7fff
7fff
7fff
7fff
7fff
7fff
7fff
7fff
7fff
7fff
7fff
7fff
7fff
7fff
7fff
7fff
7fff
7fff
7fff
7fff
7fff
7fff
7fff
7fff
7fff
7fff
7fff
7fff
7fff
7fff
7fff
7fff
7fff
7fff
7fff
7fff
7fff
7fff
7fff
7fff
7fff
7fff
7fff
7fff
7fff
7fff
7fff
7fff
7fff
7fff
7fff
7fff
7fff
7fff
7fff
7fff
7fff
7fff
7fff
7fff
7fff
7fff
7fff
7fff
7fff
7fff
7fff
7fff
7fff
7fff
7fff
7fff
7fff
7fff
7fff
7fff
7fff
7fff
7fff
7fff
7fff
7fff
7fff
7fff
7fff
7fff
7fff
7fff
7fff
7fff
7fff
7fff
7fff
7fff
7fff
7fff
7fff
7fff
7fff
7fff
7fff
7fff
7fff
7fff
7fff
7fff
7fff
7fff
7fff
7fff
7fff
7fff
7fff
7fff
7fff
7fff
7fff
7fff
7fff
7fff
7fff
7fff
7fff
7fff
7fff
7fff
7fff
7fff
7fff
7fff
7fff
7fff
7fff
7fff
7fff
7fff
7fff
7fff
7fff
7fff
7fff
7fff
7fff
7fff
7fff
7fff
7fff
7fff
7fff
7fff
7fff
7fff
7fff
7fff
7fff
7fff
7fff
7fff
7fff
7fff
7fff
7fff
7fff
7fff
7fff
7fff
7fff
7fff
7fff
7fff
7fff
7fff
7fff
7fff
7fff
7fff
7fff
7fff
7fff
7fff
7fff
7fff
7fff
7fff
7fff
7fff
7fff
7fff
7fff
7fff
7fff
7fff
7fff
7fff
7fff
7fff
7fff
7fff
7fff
7fff
7fff
7fff
7fff
7fff
7fff
7fff
7fff
7fff
7fff
7fff
7fff
7fff
7fff
7fff
7fff
7fff
7fff
7fff
7fff
7fff
7fff
7fff
7fff
7fff
7fff
7fff
7fff
7fff
7fff
7fff
7fff
7fff
7fff
7fff
7fff
7fff
7fff
7fff
7fff
7fff
7fff
7fff
7fff
7fff
7fff
7fff
7fff
7fff
7fff
7fff
7fff
7fff
7fff
7fff
7fff
7fff
7fff
7fff
7fff
7fff
7fff
7fff
7fff
7fff
7fff
7fff
7fff
7fff
7fff
7fff
7fff
7fff
7fff
7fff
7fff
7fff
7fff
7fff
7fff
7fff
7fff
7fff
7fff
7fff
7fff
7fff
7fff
7fff
7fff
7fff
7fff
7fff
7fff
7fff
7fff
7fff
7fff
7fff
7fff
7fff
7fff
7fff
7fff
7fff
7fff
7fff
7fff
7fff
7fff
7fff
7fff
7fff
7fff
7fff
7fff
7fff
7fff
7fff
7fff
7fff
7fff
7fff
7fff
7fff
7fff
7fff
7fff
7fff
7fff
7fff
7fff
7fff
7fff
7fff
7fff
7fff
7fff
7fff
7fff
7fff
7fff
7fff
7fff
7fff
7fff
7fff
7fff
7fff
7fff
7fff
7fff
7fff
7fff
7fff
7fff
7fff
7fff
7fff
7fff
7fff
7fff
7fff
7fff
7fff
7fff
7fff
7fff
7fff
7fff
7fff
7fff
7fff
7fff
7fff
7fff
7fff
7fff
7fff
7fff
7fff
7fff
7fff
7fff
7fff
7fff
7fff
7fff
7fff
7fff
7fff
7fff
7fff
7fff
7fff
7fff
7fff
7fff
7fff
7fff
7fff
7fff
7fff
7fff
7fff
7fff
7fff
7fff
7fff
7fff
7fff
7fff
7fff
7fff
7fff
7fff
7fff
7fff
7fff
7fff
7fff
7fff
7fff
7fff
7fff
7fff
7fff
7fff
7fff
7fff
7fff
7fff
7fff
7fff
7fff
7fff
7fff
7fff
7fff
7fff
7fff
7fff
7fff
7fff
7fff
7fff
7fff
7fff
7fff
7fff
7fff
7fff
7fff
7fff
7fff
7fff
7fff
7fff
7fff
7fff
7fff
7fff
7fff
7fff
7fff
7fff
7fff
7fff
7fff
7fff
7fff
7fff
7fff
7fff
7fff
7fff
7fff
7fff
7fff
7fff
7fff
7fff
7fff
7fff
7fff
7fff
7fff
7fff
7fff
7fff
7fff
7fff
7fff
7fff
7fff
7fff
7fff
7fff
7fff
7fff
7fff
7fff
7fff
7fff
7fff
7fff
7fff
7fff
7fff
7fff
7fff
7fff
7fff
7fff
7fff
7fff
7fff
7fff
7fff
7fff
7fff
7fff
7fff
7fff
7fff
7fff
7fff
7fff
7fff
7fff
7fff
7fff
7fff
7fff
7fff
7fff
7fff
7fff
7fff
7fff
7fff
7fff
7fff
7fff
7fff
7fff
7fff
7fff
7fff
7fff
7fff
7fff
7fff
7fff
7fff
7fff
7fff
7fff
7fff
7fff
7fff
7fff
7fff
7fff
7fff
7fff
7fff
7fff
7fff
7fff
7fff
7fff
7fff
7fff
7fff
7fff
7fff
7fff
7fff
7fff
7fff
7fff
7fff
7fff
7fff
7fff
7fff
7fff
7fff
7fff
7fff
7fff
7fff
7fff
7fff
7fff
7fff
7fff
7fff
7fff
7fff
7fff
7fff
7fff
7fff
7fff
7fff
7fff
7fff
7fff
7fff
7fff
7fff
7fff
7fff
7fff
7fff
7fff
7fff
7fff
7fff
7fff
7fff
7fff
7fff
7fff
7fff
7fff
7fff
7fff
7fff
7fff
7fff
7fff
7fff
7fff
7fff
7fff
7fff
7fff
7fff
7fff
7fff
7fff
7fff
7fff
7fff
7fff
7fff
7fff
7fff
7fff
7fff
7fff
7fff
7fff
7fff
7fff
7fff
7fff
7fff
7fff
7fff
7fff
7fff
7fff
7fff
7fff
7fff
7fff
7fff
7fff
7fff
7fff
7fff
7fff
7fff
7fff
7fff
7fff
7fff
7fff
7fff
7fff
7fff
7fff
7fff
7fff
7fff
7fff
7fff
7fff
7fff
7fff
7fff
7fff
7fff
7fff
7fff
7fff
7fff
7fff
7fff
7fff
7fff
7fff
7fff
7fff
7fff
7fff
7fff
7fff
7fff
7fff
7fff
7fff
7fff
7fff
7fff
7fff
7fff
7fff
7fff
7fff
7fff
7fff
7fff
7fff
7fff
7fff
7fff
7fff
7fff
7fff
7fff
7fff
7fff
7fff
7fff
7fff
7fff
7fff
7fff
7fff
7fff
7fff
7fff
7fff
7fff
7fff
7fff
7fff
7fff
7fff
7fff
7fff
7fff
7fff
7fff
7fff
7fff
7fff
7fff
7fff
7fff
7fff
7fff
7fff
7fff
7fff
7fff
7fff
7fff
7fff
7fff
7fff
7fff
7fff
7fff
7fff
7fff
7fff
7fff
7fff
7fff
7fff
7fff
7fff
7fff
7fff
7fff
7fff
7fff
7fff
7fff
7fff
7fff
7fff
7fff
7fff
7fff
7fff
7fff
7fff
7fff
7fff
7fff
7fff
7fff
7fff
7fff
7fff
7fff
7fff
7fff
7fff
7fff
7fff
7fff
7fff
7fff
7fff
7fff
7fff
7fff
7fff
7fff
7fff
7fff
7fff
7fff
7fff
7fff
7fff
7fff
7fff
7fff
7fff
7fff
7fff
7fff
7fff
7fff
7fff
7fff
7fff
7fff
7fff
7fff
7fff
7fff
7fff
7fff
7fff
7fff
7fff
7fff
7fff
7fff
7fff
7fff
7fff
7fff
7fff
7fff
7fff
7fff
7fff
7fff
7fff
7fff
7fff
7fff
7fff
7fff
7fff
7fff
7fff
7fff
7fff
7fff
7fff
7fff
7fff
7fff
7fff
7fff
7fff
7fff
7fff
7fff
7fff
7fff
7fff
7fff
7fff
7fff
7fff
7fff
7fff
7fff
7fff
7fff
7fff
7fff
7fff
7fff
7fff
7fff
7fff
7fff
7fff
7fff
7fff
7fff
7fff
7fff
7fff
7fff
7fff
7fff
7fff
7fff
7fff
7fff
7fff
7fff
7fff
7fff
7fff
7fff
7fff
7fff
7fff
7fff
7fff
7fff
7fff
7fff
7fff
7fff
7fff
7fff
7fff
7fff
7fff
7fff
7fff
7fff
7fff
7fff
7fff
7fff
7fff
7fff
7fff
7fff
7fff
7fff
7fff
7fff
7fff
7fff
7fff
7fff
7fff
7fff
7fff
7fff
7fff
7fff
7fff
7fff
7fff
7fff
7fff
7fff
7fff
7fff
7fff
7fff
7fff
7fff
7fff
7fff
7fff
7fff
7fff
7fff
7fff
7fff
7fff
7fff
7fff
7fff
7fff
7fff
7fff
7fff
7fff
7fff
7fff
7fff
7fff
7fff
7fff
7fff
7fff
7fff
7fff
7fff
7fff
7fff
7fff
7fff
7fff
7fff
7fff
7fff
7fff
7fff
7fff
7fff
7fff
7fff
7fff
7fff
7fff
7fff
7fff
7fff
7fff
7fff
7fff
7fff
7fff
7fff
7fff
7fff
7fff
7fff
7fff
7fff
7fff
7fff
7fff
7fff
7fff
7fff
7fff
7fff
7fff
7fff
7fff
7fff
7fff
7fff
7fff
7fff
7fff
7fff
7fff
7fff
7fff
7fff
7fff
7fff
7fff
7fff
7fff
7fff
7fff
7fff
7fff
7fff
7fff
7fff
7fff
7fff
7fff
7fff
7fff
7fff
7fff
7fff
7fff
7fff
7fff
7fff
7fff
7fff
7fff
7fff
7fff
7fff
7fff
7fff
7fff
7fff
7fff
7fff
7fff
7fff
7fff
7fff
7fff
7fff
7fff
7fff
7fff
7fff
7fff
7fff
7fff
7fff
7fff
7fff
7fff
7fff
7fff
7fff
7fff
7fff
7fff
7fff
7fff
7fff
7fff
7fff
7fff
7fff
7fff
7fff
7fff
7fff
7fff
7fff
7fff
7fff
7fff
7fff
7fff
7fff
7fff
7fff
7fff
7fff
7fff
7fff
7fff
7fff
7fff
7fff
7fff
7fff
7fff
7fff
7fff
7fff
7fff
7fff
7fff
7fff
7fff
7fff
7fff
7fff
7fff
7fff
7fff
7fff
7fff
7fff
7fff
7fff
7fff
7fff
7fff
7fff
7fff
7fff
7fff
7fff
7fff
7fff
7fff
7fff
7fff
7fff
7fff
7fff
7fff
7fff
7fff
7fff
7fff
7fff
7fff
7fff
7fff
7fff
7fff
7fff
7fff
7fff
7fff
7fff
7fff
7fff
7fff
7fff
7fff
7fff
7fff
7fff
7fff
7fff
7fff
7fff
7fff
7fff
7fff
7fff
7fff
7fff
7fff
7fff
7fff
7fff
7fff
7fff
7fff
7fff
7fff
7fff
7fff
7fff
7fff
7fff
7fff
7fff
7fff
7fff
7fff
7fff
7fff
7fff
7fff
7fff
7fff
7fff
7fff
7fff
7fff
7fff
7fff
7fff
7fff
7fff
7fff
7fff
7fff
7fff
7fff
7fff
7fff
7fff
7fff
7fff
7fff
7fff
7fff
7fff
7fff
7fff
7fff
7fff
7fff
7fff
7fff
7fff
7fff
7fff
7fff
7fff
7fff
7fff
7fff
7fff
7fff
7fff
7fff
7fff
7fff
7fff
7fff
7fff
7fff
7fff
7fff
7fff
7fff
7fff
7fff
7fff
7fff
7fff
7fff
7fff
7fff
7fff
7fff
7fff
7fff
7fff
7fff
7fff
7fff
7fff
7fff
7fff
7fff
7fff
7fff
7fff
7fff
7fff
7fff
7fff
7fff
7fff
7fff
7fff
7fff
7fff
7fff
7fff
7fff
7fff
7fff
7fff
7fff
7fff
7fff
7fff
7fff
7fff
7fff
7fff
7fff
7fff
7fff
7fff
7fff
7fff
7fff
7fff
7fff
7fff
7fff
7fff
7fff
7fff
7fff
7fff
7fff
7fff
7fff
7fff
7fff
7fff
7fff
7fff
7fff
7fff
7fff
7fff
7fff
7fff
7fff
7fff
7fff
7fff
7fff
7fff
7fff
7fff
7fff
7fff
7fff
7fff
7fff
7fff
7fff
7fff
7fff
7fff
7fff
7fff
7fff
7fff
7fff
7fff
7fff
7fff
7fff
7fff
7fff
7fff
7fff
7fff
7fff
7fff
7fff
7fff
7fff
7fff
7fff
7fff
7fff
7fff
7fff
7fff
7fff
7fff
7fff
7fff
7fff
7fff
7fff
7fff
7fff
7fff
7fff
7fff
7fff
7fff
7fff
7fff
7fff
7fff
7fff
7fff
7fff
7fff
7fff
7fff
7fff
7fff
7fff
7fff
7fff
7fff
7fff
7fff
7fff
7fff
7fff
7fff
7fff
7fff
7fff
7fff
7fff
7fff
7fff
7fff
7fff
7fff
7fff
7fff
7fff
7fff
7fff
7fff
7fff
7fff
7fff
7fff
7fff
7fff
7fff
7fff
7fff
7fff
7fff
7fff
7fff
7fff
7fff
7fff
7fff
7fff
7fff
7fff
7fff
7fff
7fff
7fff
7fff
7fff
7fff
7fff
7fff
7fff
7fff
7fff
7fff
7fff
7fff
7fff
7fff
7fff
7fff
7fff
7fff
7fff
7fff
7fff
7fff
7fff
7fff
7fff
7fff
7fff
7fff
7fff
7fff
7fff
7fff
7fff
7fff
7fff
7fff
7fff
7fff
7fff
7fff
7fff
7fff
7fff
7fff
7fff
7fff
7fff
7fff
7fff
7fff
7fff
7fff
7fff
7fff
7fff
7fff
7fff
7fff
7fff
7fff
7fff
7fff
7fff
7fff
7fff
7fff
7fff
7fff
7fff
7fff
7fff
7fff
7fff
7fff
7fff
7fff
7fff
7fff
7fff
7fff
7fff
7fff
7fff
7fff
7fff
7fff
7fff
7fff
7fff
7fff
7fff
7fff
7fff
7fff
7fff
7fff
7fff
7fff
7fff
7fff
7fff
7fff
7fff
7fff
7fff
7fff
7fff
7fff
7fff
7fff
7fff
7fff
7fff
7fff
7fff
7fff
7fff
7fff
7fff
7fff
7fff
7fff
7fff
7fff
7fff
7fff
7fff
7fff
7fff
7fff
7fff
7fff
7fff
7fff
7fff
7fff
7fff
7fff
7fff
7fff
7fff
7fff
7fff
7fff
7fff
7fff
7fff
7fff
7fff
7fff
7fff
7fff
7fff
7fff
7fff
7fff
7fff
7fff
7fff
7fff
7fff
7fff
7fff
7fff
7fff
7fff
7fff
7fff
7fff
7fff
7fff
7fff
7fff
7fff
7fff
7fff
7fff
7fff
7fff
7fff
7fff
7fff
7fff
7fff
7fff
7fff
7fff
7fff
7fff
7fff
7fff
7fff
7fff
7fff
7fff
7fff
7fff
7fff
7fff
7fff
7fff
7fff
7fff
7fff
7fff
7fff
7fff
7fff
7fff
7fff
7fff
7fff
7fff
7fff
7fff
7fff
7fff
7fff
7fff
7fff
7fff
7fff
7fff
7fff
7fff
7fff
7fff
7fff
7fff
7fff
7fff
7fff
7fff
7fff
7fff
7fff
7fff
7fff
7fff
7fff
7fff
7fff
7fff
7fff
7fff
7fff
7fff
7fff
7fff
7fff
7fff
7fff
7fff
7fff
7fff
7fff
7fff
7fff
7fff
7fff
7fff
7fff
7fff
7fff
7fff
7fff
7fff
7fff
7fff
7fff
7fff
7fff
7fff
7fff
7fff
7fff
7fff
7fff
7fff
7fff
7fff
7fff
7fff
7fff
7fff
7fff
7fff
7fff
7fff
7fff
7fff
7fff
7fff
7fff
7fff
7fff
7fff
7fff
7fff
7fff
7fff
7fff
7fff
7fff
7fff
7fff
7fff
7fff
7fff
7fff
7fff
7fff
7fff
7fff
7fff
7fff
7fff
7fff
7fff
7fff
7fff
7fff
7fff
7fff
7fff
7fff
7fff
7fff
7fff
7fff
7fff
7fff
7fff
7fff
7fff
7fff
7fff
7fff
7fff
7fff
7fff
7fff
7fff
7fff
7fff
7fff
7fff
7fff
7fff
7fff
7fff
7fff
7fff
7fff
7fff
7fff
7fff
7fff
7fff
7fff
7fff
7fff
7fff
7fff
7fff
7fff
7fff
7fff
7fff
7fff
7fff
7fff
7fff
7fff
7fff
7fff
7fff
7fff
7fff
7fff
7fff
7fff
7fff
7fff
7fff
7fff
7fff
7fff
7fff
7fff
7fff
7fff
7fff
7fff
7fff
7fff
7fff
7fff
7fff
7fff
7fff
7fff
7fff
7fff
7fff
7fff
7fff
7fff
7fff
7fff
7fff
7fff
7fff
7fff
7fff
7fff
7fff
7fff
7fff
7fff
7fff
7fff
7fff
7fff
7fff
7fff
7fff
7fff
7fff
7fff
7fff
7fff
7fff
7fff
7fff
7fff
7fff
7fff
7fff
7fff
7fff
7fff
7fff
7fff
7fff
7fff
7fff
7fff
7fff
7fff
7fff
7fff
7fff
7fff
7fff
7fff
7fff
7fff
7fff
7fff
7fff
7fff
7fff
7fff
7fff
7fff
7fff
7fff
7fff
7fff
7fff
7fff
7fff
7fff
7fff
7fff
7fff
7fff
7fff
7fff
7fff
7fff
7fff
7fff
7fff
7fff
7fff
7fff
7fff
7fff
7fff
7fff
7fff
7fff
7fff
7fff
7fff
7fff
7fff
7fff
7fff
7fff
7fff
7fff
7fff
7fff
7fff
7fff
7fff
7fff
7fff
7fff
7fff
7fff
7fff
7fff
7fff
7fff
7fff
7fff
7fff
7fff
7fff
7fff
7fff
7fff
7fff
7fff
7fff
7fff
7fff
7fff
7fff
7fff
7fff
7fff
7fff
7fff
7fff
7fff
7fff
7fff
7fff
7fff
7fff
7fff
7fff
7fff
7fff
7fff
7fff
7fff
7fff
7fff
7fff
7fff
7fff
7fff
7fff
7fff
7fff
7fff
7fff
7fff
7fff
7fff
7fff
7fff
7fff
7fff
7fff
7fff
7fff
7fff
7fff
7fff
7fff
7fff
7fff
7fff
7fff
7fff
7fff
7fff
7fff
7fff
7fff
7fff
7fff
7fff
7fff
7fff
7fff
7fff
7fff
7fff
7fff
7fff
7fff
7fff
7fff
7fff
7fff
7fff
7fff
7fff
7fff
7fff
7fff
7fff
7fff
7fff
7fff
7fff
7fff
7fff
7fff
7fff
7fff
7fff
7fff
7fff
7fff
7fff
7fff
7fff
7fff
7fff
7fff
7fff
7fff
7fff
7fff
7fff
7fff
7fff
7fff
7fff
7fff
7fff
7fff
7fff
7fff
7fff
7fff
7fff
7fff
7fff
7fff
7fff
7fff
7fff
7fff
7fff
7fff
7fff
7fff
7fff
7fff
7fff
7fff
7fff
7fff
7fff
7fff
7fff
7fff
7fff
7fff
7fff
7fff
7fff
7fff
7fff
7fff
7fff
7fff
7fff
7fff
7fff
7fff
7fff
7fff
7fff
7fff
7fff
7fff
7fff
7fff
7fff
7fff
7fff
7fff
7fff
7fff
7fff
7fff
7fff
7fff
7fff
7fff
7fff
7fff
7fff
7fff
7fff
7fff
7fff
7fff
7fff
7fff
7fff
7fff
7fff
7fff
7fff
7fff
7fff
7fff
7fff
7fff
7fff
7fff
7fff
7fff
7fff
7fff
7fff
7fff
7fff
7fff
7fff
7fff
7fff
7fff
7fff
7fff
7fff
7fff
7fff
7fff
7fff
7fff
7fff
7fff
7fff
7fff
7fff
7fff
7fff
7fff
7fff
7fff
7fff
7fff
7fff
7fff
7fff
7fff
7fff
7fff
7fff
7fff
7fff
7fff
7fff
7fff
7fff
7fff
7fff
7fff
7fff
7fff
7fff
7fff
7fff
7fff
7fff
7fff
7fff
7fff
7fff
7fff
7fff
7fff
7fff
7fff
7fff
7fff
7fff
7fff
7fff
7fff
7fff
7fff
7fff
7fff
7fff
7fff
7fff
7fff
7fff
7fff
7fff
7fff
7fff
7fff
7fff
7fff
7fff
7fff
7fff
7fff
7fff
7fff
7fff
7fff
7fff
7fff
7fff
7fff
7fff
7fff
7fff
7fff
7fff
7fff
7fff
7fff
7fff
7fff
7fff
7fff
7fff
7fff
7fff
7fff
7fff
7fff
7fff
7fff
7fff
7fff
7fff
7fff
7fff
7fff
7fff
7fff
7fff
7fff
7fff
7fff
7fff
7fff
7fff
7fff
7fff
7fff
7fff
7fff
7fff
7fff
7fff
7fff
7fff
7fff
7fff
7fff
7fff
7fff
7fff
7fff
7fff
7fff
7fff
7fff
7fff
7fff
7fff
7fff
7fff
7fff
7fff
7fff
7fff
7fff
7fff
7fff
7fff
7fff
7fff
7fff
7fff
7fff
7fff
7fff
7fff
7fff
7fff
7fff
7fff
7fff
7fff
7fff
7fff
7fff
7fff
7fff
7fff
7fff
7fff
7fff
7fff
7fff
7fff
7fff
7fff
7fff
7fff
7fff
7fff
7fff
7fff
7fff
7fff
7fff
7fff
7fff
7fff
7fff
7fff
7fff
7fff
7fff
7fff
7fff
7fff
7fff
7fff
7fff
7fff
7fff
7fff
7fff
7fff
7fff
7fff
7fff
7fff
7fff
7fff
7fff
7fff
7fff
7fff
7fff
7fff
7fff
7fff
7fff
7fff
7fff
7fff
7fff
7fff
7fff
7fff
7fff
7fff
7fff
7fff
7fff
7fff
7fff
7fff
7fff
7fff
7fff
7fff
7fff
7fff
7fff
7fff
7fff
7fff
7fff
7fff
7fff
7fff
7fff
7fff
7fff
7fff
7fff
7fff
7fff
7fff
7fff
7fff
7fff
7fff
7fff
7fff
7fff
7fff
7fff
7fff
7fff
7fff
7fff
7fff
7fff
7fff
7fff
7fff
7fff
7fff
7fff
7fff
7fff
7fff
7fff
7fff
7fff
7fff
7fff
7fff
7fff
7fff
7fff
7fff
7fff
7fff
7fff
7fff
7fff
7fff
7fff
7fff
7fff
7fff
7fff
7fff
7fff
7fff
7fff
7fff
7fff
7fff
7fff
7fff
7fff
7fff
7fff
7fff
7fff
7fff
7fff
7fff
7fff
7fff
7fff
7fff
7fff
7fff
7fff
7fff
7fff
7fff
7fff
7fff
7fff
7fff
7fff
7fff
7fff
7fff
7fff
7fff
7fff
7fff
7fff
7fff
7fff
7fff
7fff
7fff
7fff
7fff
7fff
7fff
7fff
7fff
7fff
7fff
7fff
7fff
7fff
7fff
7fff
7fff
7fff
7fff
7fff
7fff
7fff
7fff
7fff
7fff
7fff
7fff
7fff
7fff
7fff
7fff
7fff
7fff
7fff
7fff
7fff
7fff
7fff
7fff
7fff
7fff
7fff
7fff
7fff
7fff
7fff
7fff
7fff
7fff
7fff
7fff
7fff
7fff
7fff
7fff
7fff
7fff
7fff
7fff
7fff
7fff
7fff
7fff
7fff
7fff
7fff
7fff
7fff
7fff
7fff
7fff
7fff
7fff
7fff
7fff
7fff
7fff
7fff
7fff
7fff
7fff
7fff
7fff
7fff
7fff
7fff
7fff
7fff
7fff
7fff
7fff
7fff
7fff
7fff
7fff
7fff
7fff
7fff
7fff
7fff
7fff
7fff
7fff
7fff
7fff
7fff
7fff
7fff
7fff
7fff
7fff
7fff
7fff
7fff
7fff
7fff
7fff
7fff
7fff
7fff
7fff
7fff
7fff
7fff
7fff
7fff
7fff
7fff
7fff
7fff
7fff
7fff
7fff
7fff
7fff
7fff
7fff
7fff
7fff
7fff
7fff
7fff
7fff
7fff
7fff
7fff
7fff
7fff
7fff
7fff
7fff
7fff
7fff
7fff
7fff
7fff
7fff
7fff
7fff
7fff
7fff
7fff
7fff
7fff
7fff
7fff
7fff
7fff
7fff
7fff
7fff
7fff
7fff
7fff
7fff
7fff
7fff
7fff
7fff
7fff
7fff
7fff
7fff
7fff
7fff
7fff
7fff
7fff
7fff
7fff
7fff
7fff
7fff
7fff
7fff
7fff
7fff
7fff
7fff
7fff
7fff
7fff
7fff
7fff
7fff
7fff
7fff
7fff
7fff
7fff
7fff
7fff
7fff
7fff
7fff
7fff
7fff
7fff
7fff
7fff
7fff
7fff
7fff
7fff
7fff
7fff
7fff
7fff
7fff
7fff
7fff
7fff
7fff
7fff
7fff
7fff
7fff
7fff
7fff
7fff
7fff
7fff
7fff
7fff
7fff
7fff
7fff
7fff
7fff
7fff
7fff
7fff
7fff
7fff
7fff
7fff
7fff
7fff
7fff
7fff
7fff
7fff
7fff
7fff
7fff
7fff
7fff
7fff
7fff
7fff
7fff
7fff
7fff
7fff
7fff
7fff
7fff
7fff
7fff
7fff
7fff
7fff
7fff
7fff
7fff
7fff
7fff
7fff
7fff
7fff
7fff
7fff
7fff
7fff
7fff
7fff
7fff
7fff
7fff
7fff
7fff
7fff
7fff
7fff
7fff
7fff
7fff
7fff
7fff
7fff
7fff
7fff
7fff
7fff
7fff
7fff
7fff
7fff
7fff
7fff
7fff
7fff
7fff
7fff
7fff
7fff
7fff
7fff
7fff
7fff
7fff
7fff
7fff
7fff
7fff
7fff
7fff
7fff
7fff
7fff
7fff
7fff
7fff
7fff
7fff
7fff
7fff
7fff
7fff
7fff
7fff
7fff
7fff
7fff
7fff
7fff
7fff
7fff
7fff
7fff
7fff
7fff
7fff
7fff
7fff
7fff
7fff
7fff
7fff
7fff
7fff
7fff
7fff
7fff
7fff
7fff
7fff
7fff
7fff
7fff
7fff
7fff
7fff
7fff
7fff
7fff
7fff
7fff
7fff
7fff
7fff
7fff
7fff
7fff
7fff
7fff
7fff
7fff
7fff
7fff
7fff
7fff
7fff
7fff
7fff
7fff
7fff
7fff
7fff
7fff
7fff
7fff
7fff
7fff
7fff
7fff
7fff
7fff
7fff
7fff
7fff
7fff
7fff
7fff
7fff
7fff
7fff
7fff
7fff
7fff
7fff
7fff
7fff
7fff
7fff
7fff
7fff
7fff
7fff
7fff
7fff
7fff
7fff
7fff
7fff
7fff
7fff
7fff
7fff
7fff
7fff
7fff
7fff
7fff
7fff
7fff
7fff
7fff
7fff
7fff
7fff
7fff
7fff
7fff
7fff
7fff
7fff
7fff
7fff
7fff
7fff
7fff
7fff
7fff
7fff
7fff
7fff
7fff
7fff
7fff
7fff
7fff
7fff
7fff
7fff
7fff
7fff
7fff
7fff
7fff
7fff
7fff
7fff
7fff
7fff
7fff
7fff
7fff
7fff
7fff
7fff
7fff
7fff
7fff
7fff
7fff
7fff
7fff
7fff
7fff
7fff
7fff
7fff
7fff
7fff
7fff
7fff
7fff
7fff
7fff
7fff
7fff
7fff
7fff
7fff
7fff
7fff
7fff
7fff
7fff
7fff
7fff
7fff
7fff
7fff
7fff
7fff
7fff
7fff
7fff
7fff
7fff
7fff
7fff
7fff
7fff
7fff
7fff
7fff
7fff
7fff
7fff
7fff
7fff
7fff
7fff
7fff
7fff
7fff
7fff
7fff
7fff
7fff
7fff
7fff
7fff
7fff
7fff
7fff
7fff
7fff
7fff
7fff
7fff
7fff
7fff
7fff
7fff
7fff
7fff
7fff
7fff
7fff
7fff
7fff
7fff
7fff
7fff
7fff
7fff
7fff
7fff
7fff
7fff
7fff
7fff
7fff
7fff
7fff
7fff
7fff
7fff
7fff
7fff
7fff
7fff
7fff
7fff
7fff
7fff
7fff
7fff
7fff
7fff
7fff
7fff
7fff
7fff
7fff
7fff
7fff
7fff
7fff
7fff
7fff
7fff
7fff
7fff
7fff
7fff
7fff
7fff
7fff
7fff
7fff
7fff
7fff
7fff
7fff
7fff
7fff
7fff
7fff
7fff
7fff
7fff
7fff
7fff
7fff
7fff
7fff
7fff
7fff
7fff
7fff
7fff
7fff
7fff
7fff
7fff
7fff
7fff
7fff
7fff
7fff
7fff
7fff
7fff
7fff
7fff
7fff
7fff
7fff
7fff
7fff
7fff
7fff
7fff
7fff
7fff
7fff
7fff
7fff
7fff
7fff
7fff
7fff
7fff
7fff
7fff
7fff
7fff
7fff
7fff
7fff
7fff
7fff
7fff
7fff
7fff
7fff
7fff
7fff
7fff
7fff
7fff
7fff
7fff
7fff
7fff
7fff
7fff
7fff
7fff
7fff
7fff
7fff
7fff
7fff
7fff
7fff
7fff
7fff
7fff
7fff
7fff
7fff
7fff
7fff
7fff
7fff
7fff
7fff
7fff
7fff
7fff
7fff
7fff
7fff
7fff
7fff
7fff
7fff
7fff
7fff
7fff
7fff
7fff
7fff
7fff
7fff
7fff
7fff
7fff
7fff
7fff
7fff
7fff
7fff
7fff
7fff
7fff
7fff
7fff
7fff
7fff
7fff
7fff
7fff
7fff
7fff
7fff
7fff
7fff
7fff
7fff
7fff
7fff
7fff
7fff
7fff
7fff
7fff
7fff
7fff
7fff
7fff
7fff
7fff
7fff
7fff
7fff
7fff
7fff
7fff
7fff
7fff
7fff
7fff
7fff
7fff
7fff
7fff
7fff
7fff
7fff
7fff
7fff
7fff
7fff
7fff
7fff
7fff
7fff
7fff
7fff
7fff
7fff
7fff
7fff
7fff
7fff
7fff
7fff
7fff
7fff
7fff
7fff
7fff
7fff
7fff
7fff
7fff
7fff
7fff
7fff
7fff
7fff
7fff
7fff
7fff
7fff
7fff
7fff
7fff
7fff
7fff
7fff
7fff
7fff
7fff
7fff
7fff
7fff
7fff
7fff
7fff
7fff
7fff
7fff
7fff
7fff
7fff
7fff
7fff
7fff
7fff
7fff
7fff
7fff
7fff
7fff
7fff
7fff
7fff
7fff
7fff
7fff
7fff
7fff
7fff
7fff
7fff
7fff
7fff
7fff
7fff
7fff
7fff
7fff
7fff
7fff
7fff
7fff
7fff
7fff
7fff
7fff
7fff
7fff
7fff
7fff
7fff
7fff
7fff
7fff
7fff
7fff
7fff
7fff
7fff
7fff
7fff
7fff
7fff
7fff
7fff
7fff
7fff
7fff
7fff
7fff
7fff
7fff
7fff
7fff
7fff
7fff
7fff
7fff
7fff
7fff
7fff
7fff
7fff
7fff
7fff
7fff
7fff
7fff
7fff
7fff
7fff
7fff
7fff
7fff
7fff
7fff
7fff
7fff
7fff
7fff
7fff
7fff
7fff
7fff
7fff
7fff
7fff
7fff
7fff
7fff
7fff
7fff
7fff
7fff
7fff
7fff
7fff
7fff
7fff
7fff
7fff
7fff
7fff
7fff
7fff
7fff
7fff
7fff
7fff
7fff
7fff
7fff
7fff
7fff
7fff
7fff
7fff
7fff
7fff
7fff
7fff
7fff
7fff
7fff
7fff
7fff
7fff
7fff
7fff
7fff
7fff
7fff
7fff
7fff
7fff
7fff
7fff
7fff
7fff
7fff
7fff
7fff
7fff
7fff
7fff
7fff
7fff
7fff
7fff
7fff
7fff
7fff
7fff
7fff
7fff
7fff
7fff
7fff
7fff
7fff
7fff
7fff
7fff
7fff
7fff
7fff
7fff
7fff
7fff
7fff
7fff
7fff
7fff
7fff
7fff
7fff
7fff
7fff
7fff
7fff
7fff
7fff
7fff
7fff
7fff
7fff
7fff
7fff
7fff
7fff
7fff
7fff
7fff
7fff
7fff
7fff
7fff
7fff
7fff
7fff
7fff
7fff
7fff
7fff
7fff
7fff
7fff
7fff
7fff
7fff
7fff
7fff
7fff
7fff
7fff
7fff
7fff
7fff
7fff
7fff
7fff
7fff
7fff
7fff
7fff
7fff
7fff
7fff
7fff
7fff
7fff
7fff
7fff
7fff
7fff
7fff
7fff
7fff
7fff
7fff
7fff
7fff
7fff
7fff
7fff
7fff
7fff
7fff
7fff
7fff
7fff
7fff
7fff
7fff
7fff
7fff
7fff
7fff
7fff
7fff
7fff
7fff
7fff
7fff
7fff
7fff
7fff
7fff
7fff
7fff
7fff
7fff
7fff
7fff
7fff
7fff
7fff
7fff
7fff
7fff
7fff
7fff
7fff
7fff
7fff
7fff
7fff
7fff
7fff
7fff
7fff
7fff
7fff
7fff
7fff
7fff
7fff
7fff
7fff
7fff
7fff
7fff
7fff
7fff
7fff
7fff
7fff
7fff
7fff
7fff
7fff
7fff
7fff
7fff
7fff
7fff
7fff
7fff
7fff
7fff
7fff
7fff
7fff
7fff
7fff
7fff
7fff
7fff
7fff
7fff
7fff
7fff
7fff
7fff
7fff
7fff
7fff
7fff
7fff
7fff
7fff
7fff
7fff
7fff
7fff
7fff
7fff
7fff
7fff
7fff
7fff
7fff
7fff
7fff
7fff
7fff
7fff
7fff
7fff
7fff
7fff
7fff
7fff
7fff
7fff
7fff
7fff
7fff
7fff
7fff
7fff
7fff
7fff
7fff
7fff
7fff
7fff
7fff
7fff
7fff
7fff
7fff
7fff
7fff
7fff
7fff
7fff
7fff
7fff
7fff
7fff
7fff
7fff
7fff
7fff
7fff
7fff
7fff
7fff
7fff
7fff
7fff
7fff
7fff
7fff
7fff
7fff
7fff
7fff
7fff
7fff
7fff
7fff
7fff
7fff
7fff
7fff
7fff
7fff
7fff
7fff
7fff
7fff
7fff
7fff
7fff
7fff
7fff
7fff
7fff
7fff
7fff
7fff
7fff
7fff
7fff
7fff
7fff
7fff
7fff
7fff
7fff
7fff
7fff
7fff
7fff
7fff
7fff
7fff
7fff
7fff
7fff
7fff
7fff
7fff
7fff
7fff
7fff
7fff
7fff
7fff
7fff
7fff
7fff
7fff
7fff
7fff
7fff
7fff
7fff
7fff
7fff
7fff
7fff
7fff
7fff
7fff
7fff
7fff
7fff
7fff
7fff
7fff
7fff
7fff
7fff
7fff
7fff
7fff
7fff
7fff
7fff
7fff
7fff
7fff
7fff
7fff
7fff
7fff
7fff
7fff
7fff
7fff
7fff
7fff
7fff
7fff
7fff
7fff
7fff
7fff
7fff
7fff
7fff
7fff
7fff
7fff
7fff
7fff
7fff
7fff
7fff
7fff
7fff
7fff
7fff
7fff
7fff
7fff
7fff
7fff
7fff
7fff
7fff
7fff
7fff
7fff
7fff
7fff
7fff
7fff
7fff
7fff
7fff
7fff
7fff
7fff
7fff
7fff
7fff
7fff
7fff
7fff
7fff
7fff
7fff
7fff
7fff
7fff
7fff
7fff
7fff
7fff
7fff
7fff
7fff
7fff
7fff
7fff
7fff
7fff
7fff
7fff
7fff
7fff
7fff
7fff
7fff
7fff
7fff
7fff
7fff
7fff
7fff
7fff
7fff
7fff
7fff
7fff
7fff
7fff
7fff
7fff
7fff
7fff
7fff
7fff
7fff
7fff
7fff
7fff
7fff
7fff
7fff
7fff
7fff
7fff
7fff
7fff
7fff
7fff
7fff
7fff
7fff
7fff
7fff
7fff
7fff
7fff
7fff
7fff
7fff
7fff
7fff
7fff
7fff
7fff
7fff
7fff
7fff
7fff
7fff
7fff
7fff
7fff
7fff
7fff
7fff
7fff
7fff
7fff
7fff
7fff
7fff
7fff
7fff
7fff
7fff
7fff
7fff
7fff
7fff
7fff
7fff
7fff
7fff
7fff
7fff
7fff
7fff
7fff
7fff
7fff
7fff
7fff
7fff
7fff
7fff
7fff
7fff
7fff
7fff
7fff
7fff
7fff
7fff
7fff
7fff
7fff
7fff
7fff
7fff
7fff
7fff
7fff
7fff
7fff
7fff
7fff
7fff
7fff
7fff
7fff
7fff
7fff
7fff
7fff
7fff
7fff
7fff
7fff
7fff
7fff
7fff
7fff
7fff
7fff
7fff
7fff
7fff
7fff
7fff
7fff
7fff
7fff
7fff
7fff
7fff
7fff
7fff
7fff
7fff
7fff
7fff
7fff
7fff
7fff
7fff
7fff
7fff
7fff
7fff
7fff
7fff
7fff
7fff
7fff
7fff
7fff
7fff
7fff
7fff
7fff
7fff
7fff
7fff
7fff
7fff
7fff
7fff
7fff
7fff
7fff
7fff
7fff
7fff
7fff
7fff
7fff
7fff
7fff
7fff
7fff
7fff
7fff
7fff
7fff
7fff
7fff
7fff
7fff
7fff
7fff
7fff
7fff
7fff
7fff
7fff
7fff
7fff
7fff
7fff
7fff
7fff
7fff
7fff
7fff
7fff
7fff
7fff
7fff
7fff
7fff
7fff
7fff
7fff
7fff
7fff
7fff
7fff
7fff
7fff
7fff
7fff
7fff
7fff
7fff
7fff
7fff
7fff
7fff
7fff
7fff
7fff
7fff
7fff
7fff
7fff
7fff
7fff
7fff
7fff
7fff
7fff
7fff
7fff
7fff
7fff
7fff
7fff
7fff
7fff
7fff
7fff
7fff
7fff
7fff
7fff
7fff
7fff
7fff
7fff
7fff
7fff
7fff
7fff
7fff
7fff
7fff
7fff
7fff
7fff
7fff
7fff
7fff
7fff
7fff
7fff
7fff
7fff
7fff
7fff
7fff
7fff
7fff
7fff
7fff
7fff
7fff
7fff
7fff
7fff
7fff
7fff
7fff
7fff
7fff
7fff
7fff
7fff
7fff
7fff
7fff
7fff
7fff
7fff
7fff
7fff
7fff
7fff
7fff
7fff
7fff
7fff
7fff
7fff
7fff
7fff
7fff
7fff
7fff
7fff
7fff
7fff
7fff
7fff
7fff
7fff
7fff
7fff
7fff
7fff
7fff
7fff
7fff
7fff
7fff
7fff
7fff
7fff
7fff
7fff
7fff
7fff
7fff
7fff
7fff
7fff
7fff
7fff
7fff
7fff
7fff
7fff
7fff
7fff
7fff
7fff
7fff
7fff
7fff
7fff
7fff
7fff
7fff
7fff
7fff
7fff
7fff
7fff
7fff
7fff
7fff
7fff
7fff
7fff
7fff
7fff
7fff
7fff
7fff
7fff
7fff
7fff
7fff
7fff
7fff
7fff
7fff
7fff
7fff
7fff
7fff
7fff
7fff
7fff
7fff
7fff
7fff
7fff
7fff
7fff
7fff
7fff
7fff
7fff
7fff
7fff
7fff
7fff
7fff
7fff
7fff
7fff
7fff
7fff
7fff
7fff
7fff
7fff
7fff
7fff
7fff
7fff
7fff
7fff
7fff
7fff
7fff
7fff
7fff
7fff
7fff
7fff
7fff
7fff
7fff
7fff
7fff
7fff
7fff
7fff
7fff
7fff
7fff
7fff
7fff
7fff
7fff
7fff
7fff
7fff
7fff
7fff
7fff
7fff
7fff
7fff
7fff
7fff
7fff
7fff
7fff
7fff
7fff
7fff
7fff
7fff
7fff
7fff
7fff
7fff
7fff
7fff
7fff
7fff
7fff
7fff
7fff
7fff
7fff
7fff
7fff
7fff
7fff
7fff
7fff
7fff
7fff
7fff
7fff
7fff
7fff
7fff
7fff
7fff
7fff
7fff
7fff
7fff
7fff
7fff
7fff
7fff
7fff
7fff
7fff
7fff
7fff
7fff
7fff
7fff
7fff
7fff
7fff
7fff
7fff
7fff
7fff
7fff
7fff
7fff
7fff
7fff
7fff
7fff
7fff
7fff
7fff
7fff
7fff
7fff
7fff
7fff
7fff
7fff
7fff
7fff
7fff
7fff
7fff
7fff
7fff
7fff
7fff
7fff
7fff
7fff
7fff
7fff
7fff
7fff
7fff
7fff
7fff
7fff
7fff
7fff
7fff
7fff
7fff
7fff
7fff
7fff
7fff
7fff
7fff
7fff
7fff
7fff
7fff
7fff
7fff
7fff
7fff
7fff
7fff
7fff
7fff
7fff
7fff
7fff
7fff
7fff
7fff
7fff
7fff
7fff
7fff
7fff
7fff
7fff
7fff
7fff
7fff
7fff
7fff
7fff
7fff
7fff
7fff
7fff
7fff
7fff
7fff
7fff
7fff
7fff
7fff
7fff
7fff
7fff
7fff
7fff
7fff
7fff
7fff
7fff
7fff
7fff
7fff
7fff
7fff
7fff
7fff
7fff
7fff
7fff
7fff
7fff
7fff
7fff
7fff
7fff
7fff
7fff
7fff
7fff
7fff
7fff
7fff
7fff
7fff
7fff
7fff
7fff
7fff
7fff
7fff
7fff
7fff
7fff
7fff
7fff
7fff
7fff
7fff
7fff
7fff
7fff
7fff
7fff
7fff
7fff
7fff
7fff
7fff
7fff
7fff
7fff
7fff
7fff
7fff
7fff
7fff
7fff
7fff
7fff
7fff
7fff
7fff
7fff
7fff
7fff
7fff
7fff
7fff
7fff
7fff
7fff
7fff
7fff
7fff
7fff
7fff
7fff
7fff
7fff
7fff
7fff
7fff
7fff
7fff
7fff
7fff
7fff
7fff
7fff
7fff
7fff
7fff
7fff
7fff
7fff
7fff
7fff
7fff
7fff
7fff
7fff
7fff
7fff
7fff
7fff
7fff
7fff
7fff
7fff
7fff
7fff
7fff
7fff
7fff
7fff
7fff
7fff
7fff
7fff
7fff
7fff
7fff
7fff
7fff
7fff
7fff
7fff
7fff
7fff
7fff
7fff
7fff
7fff
7fff
7fff
7fff
7fff
7fff
7fff
7fff
7fff
7fff
7fff
7fff
7fff
7fff
7fff
7fff
7fff
7fff
7fff
7fff
7fff
7fff
7fff
7fff
7fff
7fff
7fff
7fff
7fff
7fff
7fff
7fff
7fff
7fff
7fff
7fff
7fff
7fff
7fff
7fff
7fff
7fff
7fff
7fff
7fff
7fff
7fff
7fff
7fff
7fff
7fff
7fff
7fff
7fff
7fff
7fff
7fff
7fff
7fff
7fff
7fff
7fff
7fff
7fff
7fff
7fff
7fff
7fff
7fff
7fff
7fff
7fff
7fff
7fff
7fff
7fff
7fff
7fff
7fff
7fff
7fff
7fff
7fff
7fff
7fff
7fff
7fff
7fff
7fff
7fff
7fff
7fff
7fff
7fff
7fff
7fff
7fff
7fff
7fff
7fff
7fff
7fff
7fff
7fff
7fff
7fff
7fff
7fff
7fff
7fff
7fff
7fff
7fff
7fff
7fff
7fff
7fff
7fff
7fff
7fff
7fff
7fff
7fff
7fff
7fff
7fff
7fff
7fff
7fff
7fff
7fff
7fff
7fff
7fff
7fff
7fff
7fff
7fff
7fff
7fff
7fff
7fff
7fff
7fff
7fff
7fff
7fff
7fff
7fff
7fff
7fff
7fff
7fff
7fff
7fff
7fff
7fff
7fff
7fff
7fff
7fff
7fff
7fff
7fff
7fff
7fff
7fff
7fff
7fff
7fff
7fff
7fff
7fff
7fff
7fff
7fff
7fff
7fff
7fff
7fff
7fff
7fff
7fff
7fff
7fff
7fff
7fff
7fff
7fff
7fff
7fff
7fff
7fff
7fff
7fff
7fff
7fff
7fff
7fff
7fff
7fff
7fff
7fff
7fff
7fff
7fff
7fff
7fff
7fff
7fff
7fff
7fff
7fff
7fff
7fff
7fff
7fff
7fff
7fff
7fff
7fff
7fff
7fff
7fff
7fff
7fff
7fff
7fff
7fff
7fff
7fff
7fff
7fff
7fff
7fff
7fff
7fff
7fff
7fff
7fff
7fff
7fff
7fff
7fff
7fff
7fff
7fff
7fff
7fff
7fff
7fff
7fff
7fff
7fff
7fff
7fff
7fff
7fff
7fff
7fff
7fff
7fff
7fff
7fff
7fff
7fff
7fff
7fff
7fff
7fff
7fff
7fff
7fff
7fff
7fff
7fff
7fff
7fff
7fff
7fff
7fff
7fff
7fff
7fff
7fff
7fff
7fff
7fff
7fff
7fff
7fff
7fff
7fff
7fff
7fff
7fff
7fff
7fff
7fff
7fff
7fff
7fff
7fff
7fff
7fff
7fff
7fff
7fff
7fff
7fff
7fff
7fff
7fff
7fff
7fff
7fff
7fff
7fff
7fff
7fff
7fff
7fff
7fff
7fff
7fff
7fff
7fff
7fff
7fff
7fff
7fff
7fff
7fff
7fff
7fff
7fff
7fff
7fff
7fff
7fff
7fff
7fff
7fff
7fff
7fff
7fff
7fff
7fff
7fff
7fff
7fff
7fff
7fff
7fff
7fff
7fff
7fff
7fff
7fff
7fff
7fff
7fff
7fff
7fff
7fff
7fff
7fff
7fff
7fff
7fff
7fff
7fff
7fff
7fff
7fff
7fff
7fff
7fff
7fff
7fff
7fff
7fff
7fff
7fff
7fff
7fff
7fff
7fff
7fff
7fff
7fff
7fff
7fff
7fff
7fff
7fff
7fff
7fff
7fff
7fff
7fff
7fff
7fff
7fff
7fff
7fff
7fff
7fff
7fff
7fff
7fff
7fff
7fff
7fff
7fff
7fff
7fff
7fff
7fff
7fff
7fff
7fff
7fff
7fff
7fff
7fff
7fff
7fff
7fff
7fff
7fff
7fff
7fff
7fff
7fff
7fff
7fff
7fff
7fff
7fff
7fff
7fff
7fff
7fff
7fff
7fff
7fff
7fff
7fff
7fff
7fff
7fff
7fff
7fff
7fff
7fff
7fff
7fff
7fff
7fff
7fff
7fff
7fff
7fff
7fff
7fff
7fff
7fff
7fff
7fff
7fff
7fff
7fff
7fff
7fff
7fff
7fff
7fff
7fff
7fff
7fff
7fff
7fff
7fff
7fff
7fff
7fff
7fff
7fff
7fff
7fff
7fff
7fff
7fff
7fff
7fff
7fff
7fff
7fff
7fff
7fff
7fff
7fff
7fff
7fff
7fff
7fff
7fff
7fff
7fff
7fff
7fff
7fff
7fff
7fff
7fff
7fff
7fff
7fff
7fff
7fff
7fff
7fff
7fff
7fff
7fff
7fff
7fff
7fff
7fff
7fff
7fff
7fff
7fff
7fff
7fff
7fff
7fff
7fff
7fff
7fff
7fff
7fff
7fff
7fff
7fff
7fff
7fff
7fff
7fff
7fff
7fff
7fff
7fff
7fff
7fff
7fff
7fff
7fff
7fff
7fff
7fff
7fff
7fff
7fff
7fff
7fff
7fff
7fff
7fff
7fff
7fff
7fff
7fff
7fff
7fff
7fff
7fff
7fff
7fff
7fff
7fff
7fff
7fff
7fff
7fff
7fff
7fff
7fff
7fff
7fff
7fff
7fff
7fff
7fff
7fff
7fff
7fff
7fff
7fff
7fff
7fff
7fff
7fff
7fff
7fff
7fff
7fff
7fff
7fff
7fff
7fff
7fff
7fff
7fff
7fff
7fff
7fff
7fff
7fff
7fff
7fff
7fff
7fff
7fff
7fff
7fff
7fff
7fff
7fff
7fff
7fff
7fff
7fff
7fff
7fff
7fff
7fff
7fff
7fff
7fff
7fff
7fff
7fff
7fff
7fff
7fff
7fff
7fff
7fff
7fff
7fff
7fff
7fff
7fff
7fff
7fff
7fff
7fff
7fff
7fff
7fff
7fff
7fff
7fff
7fff
7fff
7fff
7fff
7fff
7fff
7fff
7fff
7fff
7fff
7fff
7fff
7fff
7fff
7fff
7fff
7fff
7fff
7fff
7fff
7fff
7fff
7fff
7fff
7fff
7fff
7fff
7fff
7fff
7fff
7fff
7fff
7fff
7fff
7fff
7fff
7fff
7fff
7fff
7fff
7fff
7fff
7fff
7fff
7fff
7fff
7fff
7fff
7fff
7fff
7fff
7fff
7fff
7fff
7fff
7fff
7fff
7fff
7fff
7fff
7fff
7fff
7fff
7fff
7fff
7fff
7fff
7fff
7fff
7fff
7fff
7fff
7fff
7fff
7fff
7fff
7fff
7fff
7fff
7fff
7fff
7fff
7fff
7fff
7fff
7fff
7fff
7fff
7fff
7fff
7fff
7fff
7fff
7fff
7fff
7fff
7fff
7fff
7fff
7fff
7fff
7fff
7fff
7fff
7fff
7fff
7fff
7fff
7fff
7fff
7fff
7fff
7fff
7fff
7fff
7fff
7fff
7fff
7fff
7fff
7fff
7fff
7fff
7fff
7fff
7fff
7fff
7fff
7fff
7fff
7fff
7fff
7fff
7fff
7fff
7fff
7fff
7fff
7fff
7fff
7fff
7fff
7fff
7fff
7fff
7fff
7fff
7fff
7fff
7fff
7fff
7fff
7fff
7fff
7fff
7fff
7fff
7fff
7fff
7fff
7fff
7fff
7fff
7fff
7fff
7fff
7fff
7fff
7fff
7fff
7fff
7fff
7fff
7fff
7fff
7fff
7fff
7fff
7fff
7fff
7fff
7fff
7fff
7fff
7fff
7fff
7fff
7fff
7fff
7fff
7fff
7fff
7fff
7fff
7fff
7fff
7fff
7fff
7fff
7fff
7fff
7fff
7fff
7fff
7fff
7fff
7fff
7fff
7fff
7fff
7fff
7fff
7fff
7fff
7fff
7fff
7fff
7fff
7fff
7fff
7fff
7fff
7fff
7fff
7fff
7fff
7fff
7fff
7fff
7fff
7fff
7fff
7fff
7fff
7fff
7fff
7fff
7fff
7fff
7fff
7fff
7fff
7fff
7fff
7fff
7fff
7fff
7fff
7fff
7fff
7fff
7fff
7fff
7fff
7fff
7fff
7fff
7fff
7fff
7fff
7fff
7fff
7fff
7fff
7fff
7fff
7fff
7fff
7fff
7fff
7fff
7fff
7fff
7fff
7fff
7fff
7fff
7fff
7fff
7fff
7fff
7fff
7fff
7fff
7fff
7fff
7fff
7fff
7fff
7fff
7fff
7fff
7fff
7fff
7fff
7fff
7fff
7fff
7fff
7fff
7fff
7fff
7fff
7fff
7fff
7fff
7fff
7fff
7fff
7fff
7fff
7fff
7fff
7fff
7fff
7fff
7fff
7fff
7fff
7fff
7fff
7fff
7fff
7fff
7fff
7fff
7fff
7fff
7fff
7fff
7fff
7fff
7fff
7fff
7fff
7fff
7fff
7fff
7fff
7fff
7fff
7fff
7fff
7fff
7fff
7fff
7fff
7fff
7fff
7fff
7fff
7fff
7fff
7fff
7fff
7fff
7fff
7fff
7fff
7fff
7fff
7fff
7fff
7fff
7fff
7fff
7fff
7fff
7fff
7fff
7fff
7fff
7fff
7fff
7fff
7fff
7fff
7fff
7fff
7fff
7fff
7fff
7fff
7fff
7fff
7fff
7fff
7fff
7fff
7fff
7fff
7fff
7fff
7fff
7fff
7fff
7fff
7fff
7fff
7fff
7fff
7fff
7fff
7fff
7fff
7fff
7fff
7fff
7fff
7fff
7fff
7fff
7fff
7fff
7fff
7fff
7fff
7fff
7fff
7fff
7fff
7fff
7fff
7fff
7fff
7fff
7fff
7fff
7fff
7fff
7fff
7fff
7fff
7fff
7fff
7fff
7fff
7fff
7fff
7fff
7fff
7fff
7fff
7fff
7fff
7fff
7fff
7fff
7fff
7fff
7fff
7fff
7fff
7fff
7fff
7fff
7fff
7fff
7fff
7fff
7fff
7fff
7fff
7fff
7fff
7fff
7fff
7fff
7fff
7fff
7fff
7fff
7fff
7fff
7fff
7fff
7fff
7fff
7fff
7fff
7fff
7fff
7fff
7fff
7fff
7fff
7fff
7fff
7fff
7fff
7fff
7fff
7fff
7fff
7fff
7fff
7fff
7fff
7fff
7fff
7fff
7fff
7fff
7fff
7fff
7fff
7fff
7fff
7fff
7fff
7fff
7fff
7fff
7fff
7fff
7fff
7fff
7fff
7fff
7fff
7fff
7fff
7fff
7fff
7fff
7fff
7fff
7fff
7fff
7fff
7fff
7fff
7fff
7fff
7fff
7fff
7fff
7fff
7fff
7fff
7fff
7fff
7fff
7fff
7fff
7fff
7fff
7fff
7fff
7fff
7fff
7fff
7fff
7fff
7fff
7fff
7fff
7fff
7fff
7fff
7fff
7fff
7fff
7fff
7fff
7fff
7fff
7fff
7fff
7fff
7fff
7fff
7fff
7fff
7fff
7fff
7fff
7fff
7fff
7fff
7fff
7fff
7fff
7fff
7fff
7fff
7fff
7fff
7fff
7fff
7fff
7fff
7fff
7fff
7fff
7fff
7fff
7fff
7fff
7fff
7fff
7fff
7fff
7fff
7fff
7fff
7fff
7fff
7fff
7fff
7fff
7fff
7fff
7fff
7fff
7fff
7fff
7fff
7fff
7fff
7fff
7fff
7fff
7fff
7fff
7fff
7fff
7fff
7fff
7fff
7fff
7fff
7fff
7fff
7fff
7fff
7fff
7fff
7fff
7fff
7fff
7fff
7fff
7fff
7fff
7fff
7fff
7fff
7fff
7fff
7fff
7fff
7fff
7fff
7fff
7fff
7fff
7fff
7fff
7fff
7fff
7fff
7fff
7fff
7fff
7fff
7fff
7fff
7fff
7fff
7fff
7fff
7fff
7fff
7fff
7fff
7fff
7fff
7fff
7fff
7fff
7fff
7fff
7fff
7fff
7fff
7fff
7fff
7fff
7fff
7fff
7fff
7fff
7fff
7fff
7fff
7fff
7fff
7fff
7fff
7fff
7fff
7fff
7fff
7fff
7fff
7fff
7fff
7fff
7fff
7fff
7fff
7fff
7fff
7fff
7fff
7fff
7fff
7fff
7fff
7fff
7fff
7fff
7fff
7fff
7fff
7fff
7fff
7fff
7fff
7fff
7fff
7fff
7fff
7fff
7fff
7fff
7fff
7fff
7fff
7fff
7fff
7fff
7fff
7fff
7fff
7fff
7fff
7fff
7fff
7fff
7fff
7fff
7fff
7fff
7fff
7fff
7fff
7fff
7fff
7fff
7fff
7fff
7fff
7fff
7fff
7fff
7fff
7fff
7fff
7fff
7fff
7fff
7fff
7fff
7fff
7fff
7fff
7fff
7fff
7fff
7fff
7fff
7fff
7fff
7fff
7fff
7fff
7fff
7fff
7fff
7fff
7fff
7fff
7fff
7fff
7fff
7fff
7fff
7fff
7fff
7fff
7fff
7fff
7fff
7fff
7fff
7fff
7fff
7fff
7fff
7fff
7fff
7fff
7fff
7fff
7fff
7fff
7fff
7fff
7fff
7fff
7fff
7fff
7fff
7fff
7fff
7fff
7fff
7fff
7fff
7fff
7fff
7fff
7fff
7fff
7fff
7fff
7fff
7fff
7fff
7fff
7fff
7fff
7fff
7fff
7fff
7fff
7fff
7fff
7fff
7fff
7fff
7fff
7fff
7fff
7fff
7fff
7fff
7fff
7fff
7fff
7fff
7fff
7fff
7fff
7fff
7fff
7fff
7fff
7fff
7fff
7fff
7fff
7fff
7fff
7fff
7fff
7fff
7fff
7fff
7fff
7fff
7fff
7fff
7fff
7fff
7fff
7fff
7fff
7fff
7fff
7fff
7fff
7fff
7fff
7fff
7fff
7fff
7fff
7fff
7fff
7fff
7fff
7fff
7fff
7fff
7fff
7fff
7fff
7fff
7fff
7fff
7fff
7fff
7fff
7fff
7fff
7fff
7fff
7fff
7fff
7fff
7fff
7fff
7fff
7fff
7fff
7fff
7fff
7fff
7fff
7fff
7fff
7fff
7fff
7fff
7fff
7fff
7fff
7fff
7fff
7fff
7fff
7fff
7fff
7fff
7fff
7fff
7fff
7fff
7fff
7fff
7fff
7fff
7fff
7fff
7fff
7fff
7fff
7fff
7fff
7fff
7fff
7fff
7fff
7fff
7fff
7fff
7fff
7fff
7fff
7fff
7fff
7fff
7fff
7fff
7fff
7fff
7fff
7fff
7fff
7fff
7fff
7fff
7fff
7fff
7fff
7fff
7fff
7fff
7fff
7fff
7fff
7fff
7fff
7fff
7fff
7fff
7fff
7fff
7fff
7fff
7fff
7fff
7fff
7fff
7fff
7fff
7fff
7fff
7fff
7fff
7fff
7fff
7fff
7fff
7fff
7fff
7fff
7fff
7fff
7fff
7fff
7fff
7fff
7fff
7fff
7fff
7fff
7fff
7fff
7fff
7fff
7fff
7fff
7fff
7fff
7fff
7fff
7fff
7fff
7fff
7fff
7fff
7fff
7fff
7fff
7fff
7fff
7fff
7fff
7fff
7fff
7fff
7fff
7fff
7fff
7fff
7fff
7fff
7fff
7fff
7fff
7fff
7fff
7fff
7fff
7fff
7fff
7fff
7fff
7fff
7fff
7fff
7fff
7fff
7fff
7fff
7fff
7fff
7fff
7fff
7fff
7fff
7fff
7fff
7fff
7fff
7fff
7fff
7fff
7fff
7fff
7fff
7fff
7fff
7fff
7fff
7fff
7fff
7fff
7fff
7fff
7fff
7fff
7fff
7fff
7fff
7fff
7fff
7fff
7fff
7fff
7fff
7fff
7fff
7fff
7fff
7fff
7fff
7fff
7fff
7fff
7fff
7fff
7fff
7fff
7fff
7fff
7fff
7fff
7fff
7fff
7fff
7fff
7fff
7fff
7fff
7fff
7fff
7fff
7fff
7fff
7fff
7fff
7fff
7fff
7fff
7fff
7fff
7fff
7fff
7fff
7fff
7fff
7fff
7fff
7fff
7fff
7fff
7fff
7fff
7fff
7fff
7fff
7fff
7fff
7fff
7fff
7fff
7fff
7fff
7fff
7fff
7fff
7fff
7fff
7fff
7fff
7fff
7fff
7fff
7fff
7fff
7fff
7fff
7fff
7fff
7fff
7fff
7fff
7fff
7fff
7fff
7fff
7fff
7fff
7fff
7fff
7fff
7fff
7fff
7fff
7fff
7fff
7fff
7fff
7fff
7fff
7fff
7fff
7fff
7fff
7fff
7fff
7fff
7fff
7fff
7fff
7fff
7fff
7fff
7fff
7fff
7fff
7fff
7fff
7fff
7fff
7fff
7fff
7fff
7fff
7fff
7fff
7fff
7fff
7fff
7fff
7fff
7fff
7fff
7fff
7fff
7fff
7fff
7fff
7fff
7fff
7fff
7fff
7fff
7fff
7fff
7fff
7fff
7fff
7fff
7fff
7fff
7fff
7fff
7fff
7fff
7fff
7fff
7fff
7fff
7fff
7fff
7fff
7fff
7fff
7fff
7fff
7fff
7fff
7fff
7fff
7fff
7fff
7fff
7fff
7fff
7fff
7fff
7fff
7fff
7fff
7fff
7fff
7fff
7fff
7fff
7fff
7fff
7fff
7fff
7fff
7fff
7fff
7fff
7fff
7fff
7fff
7fff
7fff
7fff
7fff
7fff
7fff
7fff
7fff
7fff
7fff
7fff
7fff
7fff
7fff
7fff
7fff
7fff
7fff
7fff
7fff
7fff
7fff
7fff
7fff
7fff
7fff
7fff
7fff
7fff
7fff
7fff
7fff
7fff
7fff
7fff
7fff
7fff
7fff
7fff
7fff
7fff
7fff
7fff
7fff
7fff
7fff
7fff
7fff
7fff
7fff
7fff
7fff
7fff
7fff
7fff
7fff
7fff
7fff
7fff
7fff
7fff
7fff
7fff
7fff
7fff
7fff
7fff
7fff
7fff
7fff
7fff
7fff
7fff
7fff
7fff
7fff
7fff
7fff
7fff
7fff
7fff
7fff
7fff
7fff
7fff
7fff
7fff
7fff
7fff
7fff
7fff
7fff
7fff
7fff
7fff
7fff
7fff
7fff
7fff
7fff
7fff
7fff
7fff
7fff
7fff
7fff
7fff
7fff
7fff
7fff
7fff
7fff
7fff
7fff
7fff
7fff
7fff
7fff
7fff
7fff
7fff
7fff
7fff
7fff
7fff
7fff
7fff
7fff
7fff
7fff
7fff
7fff
7fff
7fff
7fff
7fff
7fff
7fff
7fff
7fff
7fff
7fff
7fff
7fff
7fff
7fff
7fff
7fff
7fff
7fff
7fff
7fff
7fff
7fff
7fff
7fff
7fff
7fff
7fff
7fff
7fff
7fff
7fff
7fff
7fff
7fff
7fff
7fff
7fff
7fff
7fff
7fff
7fff
7fff
7fff
7fff
7fff
7fff
7fff
7fff
7fff
7fff
7fff
7fff
7fff
7fff
7fff
7fff
7fff
7fff
7fff
7fff
7fff
7fff
7fff
7fff
7fff
7fff
7fff
7fff
7fff
7fff
7fff
7fff
7fff
7fff
7fff
7fff
7fff
7fff
7fff
7fff
7fff
7fff
7fff
7fff
7fff
7fff
7fff
7fff
7fff
7fff
7fff
7fff
7fff
7fff
7fff
7fff
7fff
7fff
7fff
7fff
7fff
7fff
7fff
7fff
7fff
7fff
7fff
7fff
7fff
7fff
7fff
7fff
7fff
7fff
7fff
7fff
7fff
7fff
7fff
7fff
7fff
7fff
7fff
7fff
7fff
7fff
7fff
7fff
7fff
7fff
7fff
7fff
7fff
7fff
7fff
7fff
7fff
7fff
7fff
7fff
7fff
7fff
7fff
7fff
7fff
7fff
7fff
7fff
7fff
7fff
7fff
7fff
7fff
7fff
7fff
7fff
7fff
7fff
7fff
7fff
7fff
7fff
7fff
7fff
7fff
7fff
7fff
7fff
7fff
7fff
7fff
7fff
7fff
7fff
7fff
7fff
7fff
7fff
7fff
7fff
7fff
7fff
7fff
7fff
7fff
7fff
7fff
7fff
7fff
7fff
7fff
7fff
7fff
7fff
7fff
7fff
7fff
7fff
7fff
7fff
7fff
7fff
7fff
7fff
7fff
7fff
7fff
7fff
7fff
7fff
7fff
7fff
7fff
7fff
7fff
7fff
7fff
7fff
7fff
7fff
7fff
7fff
7fff
7fff
7fff
7fff
7fff
7fff
7fff
7fff
7fff
7fff
7fff
7fff
7fff
7fff
7fff
7fff
7fff
7fff
7fff
7fff
7fff
7fff
7fff
7fff
7fff
7fff
7fff
7fff
7fff
7fff
7fff
7fff
7fff
7fff
7fff
7fff
7fff
7fff
7fff
7fff
7fff
7fff
7fff
7fff
7fff
7fff
7fff
7fff
7fff
7fff
7fff
7fff
7fff
7fff
7fff
7fff
7fff
7fff
7fff
7fff
7fff
7fff
7fff
7fff
7fff
7fff
7fff
7fff
7fff
7fff
7fff
7fff
7fff
7fff
7fff
7fff
7fff
7fff
7fff
7fff
7fff
7fff
7fff
7fff
7fff
7fff
7fff
7fff
7fff
7fff
7fff
7fff
7fff
7fff
7fff
7fff
7fff
7fff
7fff
7fff
7fff
7fff
7fff
7fff
7fff
7fff
7fff
7fff
7fff
7fff
7fff
7fff
7fff
7fff
7fff
7fff
7fff
7fff
7fff
7fff
7fff
7fff
7fff
7fff
7fff
7fff
7fff
7fff
7fff
7fff
7fff
7fff
7fff
7fff
7fff
7fff
7fff
7fff
7fff
7fff
7fff
7fff
7fff
7fff
7fff
7fff
7fff
7fff
7fff
7fff
7fff
7fff
7fff
7fff
7fff
7fff
7fff
7fff
7fff
7fff
7fff
7fff
7fff
7fff
7fff
7fff
7fff
7fff
7fff
7fff
7fff
7fff
7fff
7fff
7fff
7fff
7fff
7fff
7fff
7fff
7fff
7fff
7fff
7fff
7fff
7fff
7fff
7fff
7fff
7fff
7fff
7fff
7fff
7fff
7fff
7fff
7fff
7fff
7fff
7fff
7fff
7fff
7fff
7fff
7fff
7fff
7fff
7fff
7fff
7fff
7fff
7fff
7fff
7fff
7fff
7fff
7fff
7fff
7fff
7fff
7fff
7fff
7fff
7fff
7fff
7fff
7fff
7fff
7fff
7fff
7fff
7fff
7fff
7fff
7fff
7fff
7fff
7fff
7fff
7fff
7fff
7fff
7fff
7fff
7fff
7fff
7fff
7fff
7fff
7fff
7fff
7fff
7fff
7fff
7fff
7fff
7fff
7fff
7fff
7fff
7fff
7fff
7fff
7fff
7fff
7fff
7fff
7fff
7fff
7fff
7fff
7fff
7fff
7fff
7fff
7fff
7fff
7fff
7fff
7fff
7fff
7fff
7fff
7fff
7fff
7fff
7fff
7fff
7fff
7fff
7fff
7fff
7fff
7fff
7fff
7fff
7fff
7fff
7fff
7fff
7fff
7fff
7fff
7fff
7fff
7fff
7fff
7fff
7fff
7fff
7fff
7fff
7fff
7fff
7fff
7fff
7fff
7fff
7fff
7fff
7fff
7fff
7fff
7fff
7fff
7fff
7fff
7fff
7fff
7fff
7fff
7fff
7fff
7fff
7fff
7fff
7fff
7fff
7fff
7fff
7fff
7fff
7fff
7fff
7fff
7fff
7fff
7fff
7fff
7fff
7fff
7fff
7fff
7fff
7fff
7fff
7fff
7fff
7fff
7fff
7fff
7fff
7fff
7fff
7fff
7fff
7fff
7fff
7fff
7fff
7fff
7fff
7fff
7fff
7fff
7fff
7fff
7fff
7fff
7fff
7fff
7fff
7fff
7fff
7fff
7fff
7fff
7fff
7fff
7fff
7fff
7fff
7fff
7fff
7fff
7fff
7fff
7fff
7fff
7fff
7fff
7fff
7fff
7fff
7fff
7fff
7fff
7fff
7fff
7fff
7fff
7fff
7fff
7fff
7fff
7fff
7fff
7fff
7fff
7fff
7fff
7fff
7fff
7fff
7fff
7fff
7fff
7fff
7fff
7fff
7fff
7fff
7fff
7fff
7fff
7fff
7fff
7fff
7fff
7fff
7fff
7fff
7fff
7fff
7fff
7fff
7fff
7fff
7fff
7fff
7fff
7fff
7fff
7fff
7fff
7fff
7fff
7fff
7fff
7fff
7fff
7fff
7fff
7fff
7fff
7fff
7fff
7fff
7fff
7fff
7fff
7fff
7fff
7fff
7fff
7fff
7fff
7fff
7fff
7fff
7fff
7fff
7fff
7fff
7fff
7fff
7fff
7fff
7fff
7fff
7fff
7fff
7fff
7fff
7fff
7fff
7fff
7fff
7fff
7fff
7fff
7fff
7fff
7fff
7fff
7fff
7fff
7fff
7fff
7fff
7fff
7fff
7fff
7fff
7fff
7fff
7fff
7fff
7fff
7fff
7fff
7fff
7fff
7fff
7fff
7fff
7fff
7fff
7fff
7fff
7fff
7fff
7fff
7fff
7fff
7fff
7fff
7fff
7fff
7fff
7fff
7fff
7fff
7fff
7fff
7fff
7fff
7fff
7fff
7fff
7fff
7fff
7fff
7fff
7fff
7fff
7fff
7fff
7fff
7fff
7fff
7fff
7fff
7fff
7fff
7fff
7fff
7fff
7fff
7fff
7fff
7fff
7fff
7fff
7fff
7fff
7fff
7fff
7fff
7fff
7fff
7fff
7fff
7fff
7fff
7fff
7fff
7fff
7fff
7fff
7fff
7fff
7fff
7fff
7fff
7fff
7fff
7fff
7fff
7fff
7fff
7fff
7fff
7fff
7fff
7fff
7fff
7fff
7fff
7fff
7fff
7fff
7fff
7fff
7fff
7fff
7fff
7fff
7fff
7fff
7fff
7fff
7fff
7fff
7fff
7fff
7fff
7fff
7fff
7fff
7fff
7fff
7fff
7fff
7fff
7fff
7fff
7fff
7fff
7fff
7fff
7fff
7fff
7fff
7fff
7fff
7fff
7fff
7fff
7fff
7fff
7fff
7fff
7fff
7fff
7fff
7fff
7fff
7fff
7fff
7fff
7fff
7fff
7fff
7fff
7fff
7fff
7fff
7fff
7fff
7fff
7fff
7fff
7fff
7fff
7fff
7fff
7fff
7fff
7fff
7fff
7fff
7fff
7fff
7fff
7fff
7fff
7fff
7fff
7fff
7fff
7fff
7fff
7fff
7fff
7fff
7fff
7fff
7fff
7fff
7fff
7fff
7fff
7fff
7fff
7fff
7fff
7fff
7fff
7fff
7fff
7fff
7fff
7fff
7fff
7fff
7fff
7fff
7fff
7fff
7fff
7fff
7fff
7fff
7fff
7fff
7fff
7fff
7fff
7fff
7fff
7fff
7fff
7fff
7fff
7fff
7fff
7fff
7fff
7fff
7fff
7fff
7fff
7fff
7fff
7fff
7fff
7fff
7fff
7fff
7fff
7fff
7fff
7fff
7fff
7fff
7fff
7fff
7fff
7fff
7fff
7fff
7fff
7fff
7fff
7fff
7fff
7fff
7fff
7fff
7fff
7fff
7fff
7fff
7fff
7fff
7fff
7fff
7fff
7fff
7fff
7fff
7fff
7fff
7fff
7fff
7fff
7fff
7fff
7fff
7fff
7fff
7fff
7fff
7fff
7fff
7fff
7fff
7fff
7fff
7fff
7fff
7fff
7fff
7fff
7fff
7fff
7fff
7fff
7fff
7fff
7fff
7fff
7fff
7fff
7fff
7fff
7fff
7fff
7fff
7fff
7fff
7fff
7fff
7fff
7fff
7fff
7fff
7fff
7fff
7fff
7fff
7fff
7fff
7fff
7fff
7fff
7fff
7fff
7fff
7fff
7fff
7fff
7fff
7fff
7fff
7fff
7fff
7fff
7fff
7fff
7fff
7fff
7fff
7fff
7fff
7fff
7fff
7fff
7fff
7fff
7fff
7fff
7fff
7fff
7fff
7fff
7fff
7fff
7fff
7fff
7fff
7fff
7fff
7fff
7fff
7fff
7fff
7fff
7fff
7fff
7fff
7fff
7fff
7fff
7fff
7fff
7fff
7fff
7fff
7fff
7fff
7fff
7fff
7fff
7fff
7fff
7fff
7fff
7fff
7fff
7fff
7fff
7fff
7fff
7fff
7fff
7fff
7fff
7fff
7fff
7fff
7fff
7fff
7fff
7fff
7fff
7fff
7fff
7fff
7fff
7fff
7fff
7fff
7fff
7fff
7fff
7fff
7fff
7fff
7fff
7fff
7fff
7fff
7fff
7fff
7fff
7fff
7fff
7fff
7fff
7fff
7fff
7fff
7fff
7fff
7fff
7fff
7fff
