0001
0001
0001
0001
0001
0001
0001
0001
0001
0001
0001
0001
0001
0001
0001
0001
0001
0001
0001
0001
0001
0001
0001
0001
0001
0001
0001
0001
0001
0001
0001
0001
0001
0001
0001
0001
0001
0001
0001
0001
0001
0001
0001
0001
0001
0001
0001
0001
0001
0001
0001
0001
0001
0001
0001
0001
0001
0001
0001
0001
0001
0001
0001
0001
0001
0001
0001
0001
0001
0001
0001
0001
0001
0001
0001
0001
0001
0001
0001
0001
0001
0001
0001
0001
0001
0001
0001
0001
0001
0001
0001
0001
0001
0001
0001
0001
0001
0001
0001
0001
0001
0001
0001
0001
0001
0001
0001
0001
0001
0001
0001
0001
0001
0001
0001
0001
0001
0001
0001
0001
0001
0001
0001
0001
0001
0001
0001
0001
0001
0001
0001
0001
0001
0001
0001
0001
0001
0001
0001
0001
0001
0001
0001
0001
0001
0001
0001
0001
0001
0001
0001
0001
0001
0001
0001
0001
0001
0001
0001
0001
0001
0001
0001
0001
0001
0001
0001
0001
0001
0001
0001
0001
0001
0001
0001
0001
0001
0001
0001
0001
0001
0001
0001
0001
0001
0001
0001
0001
0001
0001
0001
0001
0001
0001
0001
0001
0001
0001
0001
0001
0001
0001
0001
0001
0001
0001
0001
0001
0001
0001
0001
0001
0001
0001
0001
0001
0001
0001
0001
0001
0001
0001
0001
0001
0001
0001
0001
0001
0001
0001
0001
0001
0001
0001
0001
0001
0001
0001
0001
0001
0001
0001
0001
0001
0001
0001
0001
0001
0001
0001
0001
0001
0001
0001
0001
0001
0001
0001
0001
0001
0001
0001
0001
0001
0001
0001
0001
0001
0001
0001
0001
0001
0001
0001
0001
0001
0001
0001
0001
0001
0001
0001
0001
0001
0001
0001
0001
0001
0001
0001
0001
0001
0001
0001
0001
0001
0001
0001
0001
0001
0001
0001
0001
0001
0001
0001
0001
0001
0001
0001
0001
0001
0001
0001
0001
0001
0001
0001
0001
0001
0001
0001
0001
0001
0001
0001
0001
0001
0001
0001
0001
0001
0001
0001
0001
0001
0001
0001
0001
0001
0001
0001
0001
0001
0001
0001
0001
0001
0001
0001
0001
0001
0002
0002
0002
0002
0002
0002
0002
0002
0002
0002
0002
0002
0002
0002
0002
0002
0002
0002
0002
0002
0002
0002
0002
0002
0002
0002
0002
0002
0002
0002
0002
0002
0002
0002
0002
0002
0002
0002
0002
0002
0002
0002
0002
0002
0002
0002
0002
0002
0002
0002
0002
0002
0002
0002
0002
0002
0002
0002
0002
0002
0002
0002
0002
0002
0002
0002
0002
0002
0002
0002
0002
0002
0002
0002
0002
0002
0002
0002
0002
0002
0002
0002
0002
0002
0002
0002
0002
0002
0002
0002
0002
0002
0002
0002
0002
0002
0002
0002
0002
0002
0002
0002
0002
0002
0002
0002
0002
0002
0002
0002
0002
0002
0002
0002
0002
0002
0002
0002
0002
0002
0002
0002
0002
0002
0002
0002
0002
0002
0002
0002
0002
0002
0002
0002
0002
0002
0002
0002
0002
0002
0002
0002
0002
0002
0002
0002
0002
0002
0002
0002
0002
0002
0002
0002
0002
0002
0002
0002
0002
0002
0002
0002
0002
0002
0002
0002
0002
0002
0002
0002
0002
0002
0002
0002
0002
0002
0002
0002
0002
0002
0002
0002
0002
0002
0002
0002
0002
0002
0002
0002
0002
0002
0002
0002
0002
0002
0002
0002
0002
0002
0002
0002
0002
0002
0002
0002
0002
0002
0002
0002
0002
0002
0002
0002
0002
0002
0002
0002
0002
0002
0002
0002
0002
0002
0002
0002
0002
0002
0002
0002
0002
0002
0002
0002
0002
0002
0002
0002
0002
0002
0002
0002
0002
0002
0002
0002
0002
0002
0002
0002
0002
0002
0002
0002
0002
0002
0002
0002
0002
0002
0002
0002
0002
0002
0002
0002
0002
0002
0002
0002
0002
0002
0002
0002
0002
0002
0002
0002
0002
0002
0002
0002
0002
0002
0002
0002
0002
0002
0002
0002
0002
0002
0002
0002
0002
0002
0002
0002
0002
0002
0002
0002
0002
0002
0002
0002
0002
0002
0002
0002
0002
0002
0002
0002
0002
0002
0002
0002
0002
0002
0002
0002
0002
0002
0002
0002
0002
0002
0002
0002
0002
0002
0002
0002
0002
0002
0002
0002
0002
0002
0002
0002
0002
0002
0002
0002
0002
0002
0002
0002
0002
0002
0002
0002
0002
0002
0002
0002
0002
0002
0002
0002
0002
0002
0002
0002
0002
0002
0002
0002
0002
0002
0002
0002
0002
0002
0002
0002
0002
0002
0002
0002
0002
0002
0002
0002
0002
0002
0002
0002
0002
0002
0002
0002
0002
0002
0002
0002
0002
0002
0002
0002
0002
0002
0002
0002
0002
0002
0002
0002
0002
0002
0002
0002
0002
0002
0002
0002
0002
0002
0002
0002
0002
0002
0002
0002
0002
0002
0002
0002
0002
0002
0002
0002
0002
0002
0002
0002
0002
0002
0002
0002
0002
0002
0002
0002
0002
0002
0002
0002
0002
0002
0002
0002
0002
0002
0002
0002
0002
0002
0002
0002
0002
0002
0002
0002
0002
0002
0002
0002
0002
0002
0002
0002
0002
0002
0002
0002
0002
0002
0002
0002
0002
0002
0002
0002
0002
0002
0002
0002
0002
0002
0002
0002
0002
0002
0002
0002
0002
0002
0002
0002
0002
0002
0002
0002
0002
0002
0002
0002
0002
0002
0002
0002
0002
0002
0002
0002
0002
0002
0002
0002
0002
0002
0002
0002
0002
0002
0002
0002
0002
0002
0002
0002
0002
0002
0002
0002
0002
0002
0002
0002
0002
0002
0002
0002
0002
0002
0002
0002
0002
0002
0002
0002
0002
0002
0002
0002
0002
0002
0002
0002
0002
0002
0002
0002
0002
0002
0002
0002
0002
0002
0002
0002
0002
0002
0002
0002
0002
0002
0002
0002
0002
0002
0002
0002
0002
0002
0002
0002
0002
0002
0002
0002
0002
0002
0002
0002
0002
0002
0002
0002
0002
0002
0002
0002
0002
0002
0002
0002
0002
0002
0002
0002
0002
0002
0002
0002
0002
0002
0002
0002
0002
0002
0002
0002
0002
0002
0002
0002
0002
0002
0002
0002
0002
0002
0002
0002
0002
0002
0002
0002
0002
0002
0002
0002
0002
0002
0002
0002
0002
0002
0002
0002
0002
0002
0002
0002
0002
0002
0002
0002
0002
0002
0002
0002
0002
0002
0002
0002
0002
0002
0002
0002
0002
0002
0002
0002
0002
0002
0002
0002
0002
0002
0002
0002
0002
0002
0002
0002
0002
0002
0002
0002
0002
0002
0002
0002
0002
0002
0002
0002
0002
0002
0002
0002
0002
0002
0002
0002
0002
0002
0002
0002
0002
0002
0002
0002
0002
0002
0002
0002
0002
0002
0002
0002
0002
0002
0002
0002
0002
0002
0002
0002
0002
0002
0002
0002
0002
0002
0002
0002
0002
0002
0002
0002
0002
0002
0002
0002
0002
0002
0002
0002
0002
0002
0002
0002
0002
0002
0002
0002
0002
0002
0002
0002
0002
0002
0002
0002
0002
0002
0002
0002
0002
0002
0002
0002
0002
0002
0002
0002
0002
0002
0002
0002
0002
0002
0002
0002
0002
0002
0002
0002
0002
0002
0002
0002
0002
0002
0002
0002
0002
0002
0002
0002
0002
0002
0002
0002
0002
0002
0002
0002
0002
0002
0002
0002
0002
0002
0002
0002
0002
0002
0002
0002
0002
0002
0002
0002
0002
0002
0002
0002
0002
0002
0002
0002
0002
0002
0002
0002
0002
0002
0002
0002
0002
0002
0002
0002
0002
0002
0002
0002
0002
0002
0002
0002
0002
0002
0002
0002
0002
0002
0002
0002
0002
0002
0002
0002
0002
0002
0002
0002
0002
0002
0002
0002
0002
0002
0002
0002
0002
0002
0002
0002
0002
0002
0002
0002
0002
0002
0002
0002
0002
0002
0002
0002
0002
0002
0002
0002
0002
0002
0002
0002
0002
0002
0002
0002
0002
0002
0002
0002
0002
0002
0002
0002
0002
0002
0002
0002
0002
0002
0002
0002
0002
0002
0002
0002
0002
0002
0002
0002
0002
0002
0002
0002
0002
0002
0002
0002
0002
0002
0002
0002
0002
0002
0002
0002
0002
0002
0002
0002
0002
0002
0002
0002
0002
0002
0002
0002
0002
0002
0002
0002
0002
0002
0002
0002
0002
0002
0002
0002
0002
0002
0002
0002
0002
0002
0002
0002
0002
0002
0002
0002
0002
0002
0002
0002
0002
0002
0002
0002
0002
0002
0002
0002
0002
0002
0002
0002
0002
0002
0002
0002
0002
0002
0002
0002
0002
0002
0002
0002
0002
0002
0002
0002
0002
0002
0002
0002
0002
0002
0002
0002
0002
0002
0002
0002
0002
0002
0002
0002
0002
0002
0002
0002
0002
0002
0002
0002
0002
0002
0002
0002
0002
0002
0002
0002
0002
0002
0002
0002
0002
0002
0002
0002
0002
0002
0002
0002
0002
0002
0002
0002
0002
0002
0002
0002
0002
0002
0002
0002
0002
0002
0002
0002
0002
0002
0002
0002
0002
0002
0002
0002
0002
0002
0002
0002
0002
0002
0002
0002
0002
0002
0002
0002
0002
0002
0002
0002
0002
0002
0002
0002
0002
0002
0002
0002
0002
0002
0002
0002
0002
0002
0002
0002
0002
0002
0002
0002
0002
0002
0002
0002
0002
0002
0002
0002
0002
0002
0002
0002
0002
0002
0002
0002
0002
0002
0002
0002
0002
0002
0002
0002
0002
0002
0002
0002
0002
0002
0002
0002
0002
0002
0002
0002
0002
0002
0002
0002
0002
0002
0002
0002
0002
0002
0002
0002
0002
0002
0002
0002
0002
0002
0002
0002
0002
0002
0002
0002
0002
0002
0002
0002
0002
0002
0002
0002
0002
0002
0002
0002
0002
0002
0002
0002
0002
0002
0002
0002
0002
0002
0002
0002
0002
0002
0002
0002
0002
0002
0002
0002
0002
0002
0002
0002
0002
0002
0002
0002
0002
0002
0002
0002
0002
0002
0002
0002
0002
0002
0002
0002
0002
0002
0002
0002
0002
0002
0002
0002
0002
0002
0002
0002
0002
0002
0002
0002
0002
0002
0002
0002
0002
0002
0002
0002
0002
0002
0002
0002
0002
0002
0002
0002
0002
0002
0002
0002
0002
0002
0002
0002
0002
0002
0002
0002
0002
0002
0002
0002
0002
0002
0002
0002
0002
0002
0002
0002
0002
0002
0002
0002
0002
0002
0002
0002
0002
0002
0002
0002
0002
0002
0002
0002
0002
0002
0002
0002
0002
0002
0002
0002
0002
0002
0002
0002
0002
0002
0002
0002
0002
0002
0002
0002
0002
0002
0002
0002
0002
0002
0002
0002
0002
0002
0002
0002
0002
0002
0002
0002
0002
0002
0002
0002
0002
0002
0002
0002
0002
0002
0002
0002
0002
0002
0002
0002
0002
0002
0002
0002
0002
0002
0002
0002
0002
0002
0002
0002
0002
0002
0002
0002
0002
0002
0002
0002
0002
0002
0002
0002
0002
0002
0002
0002
0002
0002
0002
0002
0002
0002
0002
0002
0002
0002
0002
0002
0002
0002
0002
0002
0002
0002
0002
0002
0002
0002
0002
0002
0002
0002
0002
0002
0002
0002
0002
0002
0002
0002
0002
0002
0002
0002
0002
0002
0002
0002
0002
0002
0002
0002
0002
0002
0002
0002
0002
0002
0002
0002
0002
0002
0002
0002
0002
0002
0002
0002
0002
0002
0002
0002
0002
0002
0002
0002
0002
0002
0002
0002
0002
0002
0002
0002
0002
0002
0002
0002
0002
0002
0002
0002
0002
0002
0002
0002
0002
0002
0002
0002
0002
0002
0002
0002
0002
0002
0002
0002
0002
0002
0002
0002
0002
0002
0002
0002
0002
0002
0002
0002
0002
0002
0002
0002
0002
0002
0002
0002
0002
0002
0002
0002
0002
0002
0002
0002
0002
0002
0002
0002
0002
0002
0002
0002
0002
0002
0002
0002
0002
0002
0002
0002
0002
0002
0002
0002
0002
0002
0002
0002
0002
0002
0002
0002
0002
0002
0002
0002
0002
0002
0002
0002
0002
0002
0002
0002
0002
0002
0002
0002
0002
0002
0002
0002
0002
0002
0002
0002
0002
0002
0002
0002
0002
0002
0002
0002
0002
0002
0002
0002
0002
0002
0002
0002
0002
0002
0002
0002
0002
0002
0002
0002
0002
0002
0002
0002
0002
0002
0002
0002
0002
0002
0002
0002
0002
0002
0002
0002
0002
0002
0002
0002
0002
0002
0002
0002
0002
0002
0002
0002
0002
0002
0002
0002
0002
0002
0002
0002
0002
0002
0002
0002
0002
0002
0002
0002
0002
0002
0002
0002
0002
0002
0002
0002
0002
0002
0002
0002
0002
0002
0002
0002
0002
0002
0002
0002
0002
0002
0002
0002
0002
0002
0002
0002
0002
0002
0002
0002
0002
0002
0002
0002
0002
0002
0002
0002
0002
0002
0002
0002
0002
0002
0002
0002
0002
0002
0002
0002
0002
0002
0002
0002
0002
0002
0002
0002
0002
0002
0002
0002
0002
0002
0002
0002
0002
0002
0002
0002
0002
0002
0002
0002
0002
0002
0002
0002
0002
0002
0002
0002
0002
0002
0002
0002
0002
0002
0002
0002
0002
0002
0002
0002
0002
0002
0002
0002
0002
0002
0002
0002
0002
0002
0002
0002
0002
0002
0002
0002
0002
0002
0002
0002
0002
0002
0002
0002
0002
0002
0002
0002
0002
0002
0002
0002
0002
0002
0002
0002
0002
0002
0002
0002
0002
0002
0002
0002
0002
0002
0002
0002
0002
0002
0002
0002
0002
0002
0002
0002
0002
0002
0002
0002
0002
0002
0002
0002
0002
0002
0002
0002
0002
0002
0002
0002
0002
0002
0002
0002
0002
0002
0002
0002
0002
0002
0002
0002
0002
0002
0002
0002
0002
0002
0002
0002
0002
0002
0002
0002
0002
0002
0002
0002
0002
0002
0002
0002
0002
0002
0002
0002
0002
0002
0002
0002
0002
0002
0002
0002
0002
0002
0002
0002
0002
0002
0002
0002
0002
0002
0002
0002
0002
0002
0002
0002
0002
0002
0002
0002
0002
0002
0002
0002
0002
0002
0002
0002
0002
0002
0002
0002
0002
0002
0002
0002
0002
0002
0002
0002
0002
0002
0002
0002
0002
0002
0002
0002
0002
0002
0002
0002
0002
0002
0002
0002
0002
0002
0002
0002
0002
0002
0002
0002
0002
0002
0002
0002
0002
0002
0002
0002
0002
0002
0002
0002
0002
0002
0002
0002
0002
0002
0002
0002
0002
0002
0002
0002
0002
0002
0002
0002
0002
0002
0002
0002
0002
0002
0002
0002
0002
0002
0002
0002
0002
0002
0002
0002
0002
0002
0002
0002
0002
0002
0002
0002
0002
0002
0002
0002
0002
0002
0002
0002
0002
0002
0002
0002
0002
0002
0002
0002
0002
0002
0002
0002
0002
0002
0002
0002
0002
0002
0002
0002
0002
0002
0002
0002
0002
0002
0002
0002
0002
0002
0002
0002
0002
0002
0002
0002
0002
0002
0002
0002
0002
0002
0002
0002
0002
0002
0002
0002
0002
0002
0002
0002
0002
0002
0002
0002
0002
0002
0002
0002
0002
0002
0002
0002
0002
0002
0002
0002
0002
0002
0002
0002
0002
0002
0002
0002
0002
0002
0002
0002
0002
0002
0002
0002
0002
0002
0002
0002
0002
0002
0002
0002
0002
0002
0002
0002
0002
0002
0002
0002
0002
0002
0002
0002
0002
0002
0002
0002
0002
0002
0002
0002
0002
0002
0002
0002
0002
0002
0002
0002
0002
0002
0002
0002
0002
0002
0002
0002
0002
0002
0002
0002
0002
0002
0002
0002
0002
0002
0002
0002
0003
0003
0003
0003
0003
0003
0003
0003
0003
0003
0003
0003
0003
0003
0003
0003
0003
0003
0003
0003
0003
0003
0003
0003
0003
0003
0003
0003
0003
0003
0003
0003
0003
0003
0003
0003
0003
0003
0003
0003
0003
0003
0003
0003
0003
0003
0003
0003
0003
0003
0003
0003
0003
0003
0003
0003
0003
0003
0003
0003
0003
0003
0003
0003
0003
0003
0003
0003
0003
0003
0003
0003
0003
0003
0003
0003
0003
0003
0003
0003
0003
0003
0003
0003
0003
0003
0003
0003
0003
0003
0003
0003
0003
0003
0003
0003
0003
0003
0003
0003
0003
0003
0003
0003
0003
0003
0003
0003
0003
0003
0003
0003
0003
0003
0003
0003
0003
0003
0003
0003
0003
0003
0003
0003
0003
0003
0003
0003
0003
0003
0003
0003
0003
0003
0003
0003
0003
0003
0003
0003
0003
0003
0003
0003
0003
0003
0003
0003
0003
0003
0003
0003
0003
0003
0003
0003
0003
0003
0003
0003
0003
0003
0003
0003
0003
0003
0003
0003
0003
0003
0003
0003
0003
0003
0003
0003
0003
0003
0003
0003
0003
0003
0003
0003
0003
0003
0003
0003
0003
0003
0003
0003
0003
0003
0003
0003
0003
0003
0003
0003
0003
0003
0003
0003
0003
0003
0003
0003
0003
0003
0003
0003
0003
0003
0003
0003
0003
0003
0003
0003
0003
0003
0003
0003
0003
0003
0003
0003
0003
0003
0003
0003
0003
0003
0003
0003
0003
0003
0003
0003
0003
0003
0003
0003
0003
0003
0003
0003
0003
0003
0003
0003
0003
0003
0003
0003
0003
0003
0003
0003
0003
0003
0003
0003
0003
0003
0003
0003
0003
0003
0003
0003
0003
0003
0003
0003
0003
0003
0003
0003
0003
0003
0003
0003
0003
0003
0003
0003
0003
0003
0003
0003
0003
0003
0003
0003
0003
0003
0003
0003
0003
0003
0003
0003
0003
0003
0003
0003
0003
0003
0003
0003
0003
0003
0003
0003
0003
0003
0003
0003
0003
0003
0003
0003
0003
0003
0003
0003
0003
0003
0003
0003
0003
0003
0003
0003
0003
0003
0003
0003
0003
0003
0003
0003
0003
0003
0003
0003
0003
0003
0003
0003
0003
0003
0003
0003
0003
0003
0003
0003
0003
0003
0003
0003
0003
0003
0003
0003
0003
0003
0003
0003
0003
0003
0003
0003
0003
0003
0003
0003
0003
0003
0003
0003
0003
0003
0003
0003
0003
0003
0003
0003
0003
0003
0003
0003
0003
0003
0003
0003
0003
0003
0003
0003
0003
0003
0003
0003
0003
0003
0003
0003
0003
0003
0003
0003
0003
0003
0003
0003
0003
0003
0003
0003
0003
0003
0003
0003
0003
0003
0003
0003
0003
0003
0003
0003
0003
0003
0003
0003
0003
0003
0003
0003
0003
0003
0003
0003
0003
0003
0003
0003
0003
0003
0003
0003
0003
0003
0003
0003
0003
0003
0003
0003
0003
0003
0003
0003
0003
0003
0003
0003
0003
0003
0003
0003
0003
0003
0003
0003
0003
0003
0003
0003
0003
0003
0003
0003
0003
0003
0003
0003
0003
0003
0003
0003
0003
0003
0003
0003
0003
0003
0003
0003
0003
0003
0003
0003
0003
0003
0003
0003
0003
0003
0003
0003
0003
0003
0003
0003
0003
0003
0003
0003
0003
0003
0003
0003
0003
0003
0003
0003
0003
0003
0003
0003
0003
0003
0003
0003
0003
0003
0003
0003
0003
0003
0003
0003
0003
0003
0003
0003
0003
0003
0003
0003
0003
0003
0003
0003
0003
0003
0003
0003
0003
0003
0003
0003
0003
0003
0003
0003
0003
0003
0003
0003
0003
0003
0003
0003
0003
0003
0003
0003
0003
0003
0003
0003
0003
0003
0003
0003
0003
0003
0003
0003
0003
0003
0003
0003
0003
0003
0003
0003
0003
0003
0003
0003
0003
0003
0003
0003
0003
0003
0003
0003
0003
0003
0003
0003
0003
0003
0003
0003
0003
0003
0003
0003
0003
0003
0003
0003
0003
0003
0003
0003
0003
0003
0003
0003
0003
0003
0003
0003
0003
0003
0003
0003
0003
0003
0003
0003
0003
0003
0003
0003
0003
0003
0003
0003
0003
0003
0003
0003
0003
0003
0003
0003
0003
0003
0003
0003
0003
0003
0003
0003
0003
0003
0003
0003
0003
0003
0003
0003
0003
0003
0003
0003
0003
0003
0003
0003
0003
0003
0003
0003
0003
0003
0003
0003
0003
0003
0003
0003
0003
0003
0003
0003
0003
0003
0003
0003
0003
0003
0003
0003
0003
0003
0003
0003
0003
0003
0003
0003
0003
0003
0003
0003
0003
0003
0003
0003
0003
0003
0003
0003
0003
0003
0003
0003
0003
0003
0003
0003
0003
0003
0003
0003
0003
0003
0003
0003
0003
0003
0003
0003
0003
0003
0003
0003
0003
0003
0003
0003
0003
0003
0003
0003
0003
0003
0003
0003
0003
0003
0003
0003
0003
0003
0003
0003
0003
0003
0003
0003
0003
0003
0003
0003
0003
0003
0003
0003
0003
0003
0003
0003
0003
0003
0003
0003
0003
0003
0003
0003
0003
0003
0003
0003
0003
0003
0003
0003
0003
0003
0003
0003
0003
0003
0003
0003
0003
0003
0003
0003
0003
0003
0003
0003
0003
0003
0003
0003
0003
0003
0003
0003
0003
0003
0003
0003
0003
0003
0003
0003
0003
0003
0003
0003
0003
0003
0003
0003
0003
0003
0003
0003
0003
0003
0003
0003
0003
0003
0003
0003
0003
0003
0003
0003
0003
0003
0003
0003
0003
0003
0003
0003
0003
0003
0003
0003
0003
0003
0003
0003
0003
0003
0003
0003
0003
0003
0003
0003
0003
0003
0003
0003
0003
0003
0003
0003
0003
0003
0003
0003
0003
0003
0003
0003
0003
0003
0003
0003
0003
0003
0003
0003
0003
0003
0003
0003
0003
0003
0003
0003
0003
0003
0003
0003
0003
0003
0003
0003
0003
0003
0003
0003
0003
0003
0003
0003
0003
0003
0003
0003
0003
0003
0003
0003
0003
0003
0003
0003
0003
0003
0003
0003
0003
0003
0003
0003
0003
0003
0003
0003
0003
0003
0003
0003
0003
0003
0003
0003
0003
0003
0003
0003
0003
0003
0003
0003
0003
0003
0003
0003
0003
0003
0003
0003
0003
0003
0003
0003
0003
0003
0003
0003
0003
0003
0003
0003
0003
0003
0003
0003
0003
0003
0003
0003
0003
0003
0003
0003
0003
0003
0003
0003
0003
0003
0003
0003
0003
0003
0003
0003
0003
0003
0003
0003
0003
0003
0003
0003
0003
0003
0003
0003
0003
0003
0003
0003
0003
0003
0003
0003
0003
0003
0003
0003
0003
0003
0003
0003
0003
0003
0003
0003
0003
0003
0003
0003
0003
0003
0003
0003
0003
0003
0003
0003
0003
0003
0003
0003
0003
0003
0003
0003
0003
0003
0003
0003
0003
0003
0003
0003
0003
0003
0003
0003
0003
0003
0003
0003
0003
0003
0003
0003
0003
0003
0003
0003
0003
0003
0003
0003
0003
0003
0003
0003
0003
0003
0003
0003
0003
0003
0003
0003
0003
0003
0003
0003
0003
0003
0003
0003
0003
0003
0003
0003
0003
0003
0003
0003
0003
0003
0003
0003
0003
0003
0003
0003
0003
0003
0003
0003
0003
0003
0003
0003
0003
0003
0003
0003
0003
0003
0003
0003
0003
0003
0003
0003
0003
0003
0003
0003
0003
0003
0003
0003
0003
0003
0003
0003
0003
0003
0003
0003
0003
0003
0003
0003
0003
0003
0003
0003
0003
0003
0003
0003
0003
0003
0003
0003
0003
0003
0003
0003
0003
0003
0003
0003
0003
0003
0003
0003
0003
0003
0003
0003
0003
0003
0003
0003
0003
0003
0003
0003
0003
0003
0003
0003
0003
0003
0003
0003
0003
0003
0003
0003
0003
0003
0003
0003
0003
0003
0003
0003
0003
0003
0003
0003
0003
0003
0003
0003
0003
0003
0003
0003
0003
0003
0003
0003
0003
0003
0003
0003
0003
0003
0003
0003
0003
0003
0003
0003
0003
0003
0003
0003
0003
0003
0003
0003
0003
0003
0003
0003
0003
0003
0003
0003
0003
0003
0003
0003
0003
0003
0003
0003
0003
0003
0003
0003
0003
0003
0003
0003
0003
0003
0003
0003
0003
0003
0003
0003
0003
0003
0003
0003
0003
0003
0003
0003
0003
0003
0003
0003
0003
0003
0003
0003
0003
0003
0003
0003
0003
0003
0003
0003
0003
0003
0003
0003
0003
0003
0003
0003
0003
0003
0003
0003
0003
0003
0003
0003
0004
0004
0004
0004
0004
0004
0004
0004
0004
0004
0004
0004
0004
0004
0004
0004
0004
0004
0004
0004
0004
0004
0004
0004
0004
0004
0004
0004
0004
0004
0004
0004
0004
0004
0004
0004
0004
0004
0004
0004
0004
0004
0004
0004
0004
0004
0004
0004
0004
0004
0004
0004
0004
0004
0004
0004
0004
0004
0004
0004
0004
0004
0004
0004
0004
0004
0004
0004
0004
0004
0004
0004
0004
0004
0004
0004
0004
0004
0004
0004
0004
0004
0004
0004
0004
0004
0004
0004
0004
0004
0004
0004
0004
0004
0004
0004
0004
0004
0004
0004
0004
0004
0004
0004
0004
0004
0004
0004
0004
0004
0004
0004
0004
0004
0004
0004
0004
0004
0004
0004
0004
0004
0004
0004
0004
0004
0004
0004
0004
0004
0004
0004
0004
0004
0004
0004
0004
0004
0004
0004
0004
0004
0004
0004
0004
0004
0004
0004
0004
0004
0004
0004
0004
0004
0004
0004
0004
0004
0004
0004
0004
0004
0004
0004
0004
0004
0004
0004
0004
0004
0004
0004
0004
0004
0004
0004
0004
0004
0004
0004
0004
0004
0004
0004
0004
0004
0004
0004
0004
0004
0004
0004
0004
0004
0004
0004
0004
0004
0004
0004
0004
0004
0004
0004
0004
0004
0004
0004
0004
0004
0004
0004
0004
0004
0004
0004
0004
0004
0004
0004
0004
0004
0004
0004
0004
0004
0004
0004
0004
0004
0004
0004
0004
0004
0004
0004
0004
0004
0004
0004
0004
0004
0004
0004
0004
0004
0004
0004
0004
0004
0004
0004
0004
0004
0004
0004
0004
0004
0004
0004
0004
0004
0004
0004
0004
0004
0004
0004
0004
0004
0004
0004
0004
0004
0004
0004
0004
0004
0004
0004
0004
0004
0004
0004
0004
0004
0004
0004
0004
0004
0004
0004
0004
0004
0004
0004
0004
0004
0004
0004
0004
0004
0004
0004
0004
0004
0004
0004
0004
0004
0004
0004
0004
0004
0004
0004
0004
0004
0004
0004
0004
0004
0004
0004
0004
0004
0004
0004
0004
0004
0004
0004
0004
0004
0004
0004
0004
0004
0004
0004
0004
0004
0004
0004
0004
0004
0004
0004
0004
0004
0004
0004
0004
0004
0004
0004
0004
0004
0004
0004
0004
0004
0004
0004
0004
0004
0004
0004
0004
0004
0004
0004
0004
0004
0004
0004
0004
0004
0004
0004
0004
0004
0004
0004
0004
0004
0004
0004
0004
0004
0004
0004
0004
0004
0004
0004
0004
0004
0004
0004
0004
0004
0004
0004
0004
0004
0004
0004
0004
0004
0004
0004
0004
0004
0004
0004
0004
0004
0004
0004
0004
0004
0004
0004
0004
0004
0004
0004
0004
0004
0004
0004
0004
0004
0004
0004
0004
0004
0004
0004
0004
0004
0004
0004
0004
0004
0004
0004
0004
0004
0004
0004
0004
0004
0004
0004
0004
0004
0004
0004
0004
0004
0004
0004
0004
0004
0004
0004
0004
0004
0004
0004
0004
0004
0004
0004
0004
0004
0004
0004
0004
0004
0004
0004
0004
0004
0004
0004
0004
0004
0004
0004
0004
0004
0004
0004
0004
0004
0004
0004
0004
0004
0004
0004
0004
0004
0004
0004
0004
0004
0004
0004
0004
0004
0004
0004
0004
0004
0004
0004
0004
0004
0004
0004
0004
0004
0004
0004
0004
0004
0004
0004
0004
0004
0004
0004
0004
0004
0004
0004
0004
0004
0004
0004
0004
0004
0004
0004
0004
0004
0004
0004
0004
0004
0004
0004
0004
0004
0004
0004
0004
0004
0004
0004
0004
0004
0004
0004
0004
0004
0004
0004
0004
0004
0004
0004
0004
0004
0004
0004
0004
0004
0004
0004
0004
0004
0004
0004
0004
0004
0004
0004
0004
0004
0004
0004
0004
0004
0004
0004
0004
0004
0004
0004
0004
0004
0004
0004
0004
0004
0004
0004
0004
0004
0004
0004
0004
0004
0004
0004
0004
0004
0004
0004
0004
0004
0004
0004
0004
0004
0004
0004
0004
0004
0004
0004
0004
0004
0004
0004
0004
0004
0004
0004
0004
0004
0004
0004
0004
0004
0004
0004
0004
0004
0004
0004
0004
0004
0004
0004
0004
0004
0004
0004
0004
0004
0004
0004
0004
0004
0004
0004
0004
0004
0004
0004
0004
0004
0004
0004
0004
0004
0004
0004
0004
0004
0004
0004
0004
0004
0004
0004
0004
0004
0004
0004
0004
0004
0004
0004
0004
0004
0004
0004
0004
0004
0004
0004
0004
0004
0004
0004
0004
0004
0004
0004
0004
0004
0004
0004
0004
0004
0004
0004
0004
0004
0004
0004
0004
0004
0004
0004
0004
0004
0004
0004
0004
0004
0004
0004
0004
0004
0004
0004
0004
0004
0004
0004
0004
0004
0004
0004
0004
0004
0004
0004
0004
0004
0004
0004
0004
0004
0004
0004
0004
0004
0004
0004
0004
0004
0004
0004
0004
0004
0004
0004
0004
0004
0004
0004
0004
0004
0004
0004
0004
0004
0004
0004
0004
0004
0004
0004
0004
0004
0004
0004
0004
0004
0004
0004
0004
0004
0004
0004
0004
0004
0004
0004
0004
0004
0004
0004
0004
0004
0004
0004
0004
0004
0004
0004
0004
0004
0004
0004
0004
0004
0004
0004
0004
0004
0004
0004
0004
0004
0004
0004
0004
0004
0004
0004
0004
0004
0004
0004
0004
0004
0004
0004
0004
0004
0004
0004
0004
0004
0004
0004
0004
0004
0004
0004
0004
0004
0004
0004
0004
0004
0004
0004
0004
0004
0004
0004
0004
0004
0004
0004
0004
0004
0004
0004
0004
0004
0004
0004
0004
0004
0004
0004
0004
0004
0004
0004
0004
0004
0004
0004
0004
0004
0004
0004
0004
0004
0004
0004
0004
0004
0004
0004
0004
0004
0004
0004
0004
0004
0004
0004
0004
0004
0004
0004
0004
0004
0004
0004
0004
0004
0004
0004
0004
0004
0004
0004
0004
0004
0004
0004
0004
0004
0004
0004
0004
0004
0004
0004
0004
0004
0004
0004
0004
0004
0004
0004
0004
0004
0004
0004
0004
0004
0004
0004
0004
0004
0004
0004
0004
0004
0004
0004
0004
0004
0004
0004
0004
0004
0004
0004
0004
0004
0004
0004
0004
0004
0004
0004
0004
0004
0004
0004
0004
0004
0004
0004
0004
0004
0004
0004
0004
0004
0004
0004
0004
0004
0004
0004
0004
0004
0004
0004
0004
0004
0004
0004
0004
0004
0004
0004
0004
0004
0004
0004
0004
0004
0004
0004
0005
0005
0005
0005
0005
0005
0005
0005
0005
0005
0005
0005
0005
0005
0005
0005
0005
0005
0005
0005
0005
0005
0005
0005
0005
0005
0005
0005
0005
0005
0005
0005
0005
0005
0005
0005
0005
0005
0005
0005
0005
0005
0005
0005
0005
0005
0005
0005
0005
0005
0005
0005
0005
0005
0005
0005
0005
0005
0005
0005
0005
0005
0005
0005
0005
0005
0005
0005
0005
0005
0005
0005
0005
0005
0005
0005
0005
0005
0005
0005
0005
0005
0005
0005
0005
0005
0005
0005
0005
0005
0005
0005
0005
0005
0005
0005
0005
0005
0005
0005
0005
0005
0005
0005
0005
0005
0005
0005
0005
0005
0005
0005
0005
0005
0005
0005
0005
0005
0005
0005
0005
0005
0005
0005
0005
0005
0005
0005
0005
0005
0005
0005
0005
0005
0005
0005
0005
0005
0005
0005
0005
0005
0005
0005
0005
0005
0005
0005
0005
0005
0005
0005
0005
0005
0005
0005
0005
0005
0005
0005
0005
0005
0005
0005
0005
0005
0005
0005
0005
0005
0005
0005
0005
0005
0005
0005
0005
0005
0005
0005
0005
0005
0005
0005
0005
0005
0005
0005
0005
0005
0005
0005
0005
0005
0005
0005
0005
0005
0005
0005
0005
0005
0005
0005
0005
0005
0005
0005
0005
0005
0005
0005
0005
0005
0005
0005
0005
0005
0005
0005
0005
0005
0005
0005
0005
0005
0005
0005
0005
0005
0005
0005
0005
0005
0005
0005
0005
0005
0005
0005
0005
0005
0005
0005
0005
0005
0005
0005
0005
0005
0005
0005
0005
0005
0005
0005
0005
0005
0005
0005
0005
0005
0005
0005
0005
0005
0005
0005
0005
0005
0005
0005
0005
0005
0005
0005
0005
0005
0005
0005
0005
0005
0005
0005
0005
0005
0005
0005
0005
0005
0005
0005
0005
0005
0005
0005
0005
0005
0005
0005
0005
0005
0005
0005
0005
0005
0005
0005
0005
0005
0005
0005
0005
0005
0005
0005
0005
0005
0005
0005
0005
0005
0005
0005
0005
0005
0005
0005
0005
0005
0005
0005
0005
0005
0005
0005
0005
0005
0005
0005
0005
0005
0005
0005
0005
0005
0005
0005
0005
0005
0005
0005
0005
0005
0005
0005
0005
0005
0005
0005
0005
0005
0005
0005
0005
0005
0005
0005
0005
0005
0005
0005
0005
0005
0005
0005
0005
0005
0005
0005
0005
0005
0005
0005
0005
0005
0005
0005
0005
0005
0005
0005
0005
0005
0005
0005
0005
0005
0005
0005
0005
0005
0005
0005
0005
0005
0005
0005
0005
0005
0005
0005
0005
0005
0005
0005
0005
0005
0005
0005
0005
0005
0005
0005
0005
0005
0005
0005
0005
0005
0005
0005
0005
0005
0005
0005
0005
0005
0005
0005
0005
0005
0005
0005
0005
0005
0005
0005
0005
0005
0005
0005
0005
0005
0005
0005
0005
0005
0005
0005
0005
0005
0005
0005
0005
0005
0005
0005
0005
0005
0005
0005
0005
0005
0005
0005
0005
0005
0005
0005
0005
0005
0005
0005
0005
0005
0005
0005
0005
0005
0005
0005
0005
0005
0005
0005
0005
0005
0005
0005
0005
0005
0005
0005
0005
0005
0005
0005
0005
0005
0005
0005
0005
0005
0005
0005
0005
0005
0005
0005
0005
0005
0005
0005
0005
0005
0005
0005
0005
0005
0005
0005
0005
0005
0005
0005
0005
0005
0005
0005
0005
0005
0005
0005
0005
0005
0005
0005
0005
0005
0005
0005
0005
0005
0005
0005
0005
0005
0005
0005
0005
0005
0005
0005
0005
0005
0005
0005
0005
0005
0005
0005
0005
0005
0005
0005
0005
0005
0005
0005
0005
0005
0005
0005
0005
0005
0005
0005
0005
0005
0005
0005
0005
0005
0005
0005
0005
0005
0005
0005
0005
0005
0005
0005
0005
0005
0005
0005
0005
0005
0005
0005
0005
0005
0005
0005
0005
0005
0005
0005
0005
0005
0005
0005
0005
0005
0005
0005
0005
0005
0005
0005
0005
0005
0005
0005
0005
0005
0005
0005
0005
0005
0005
0005
0005
0005
0005
0005
0005
0005
0005
0005
0005
0005
0005
0005
0005
0005
0005
0005
0005
0005
0005
0005
0005
0005
0005
0005
0005
0005
0005
0005
0005
0005
0005
0005
0005
0005
0005
0005
0005
0005
0005
0005
0005
0005
0005
0005
0005
0005
0005
0005
0005
0005
0005
0005
0005
0005
0005
0005
0005
0005
0005
0005
0005
0005
0005
0005
0005
0005
0005
0005
0005
0005
0005
0005
0005
0005
0005
0005
0005
0005
0005
0005
0005
0005
0005
0005
0005
0005
0005
0005
0005
0005
0005
0005
0005
0005
0005
0005
0005
0005
0005
0005
0005
0005
0005
0005
0005
0005
0005
0005
0005
0005
0005
0005
0005
0005
0005
0005
0005
0005
0005
0005
0005
0005
0005
0005
0005
0005
0005
0005
0005
0005
0005
0005
0005
0005
0005
0005
0005
0005
0005
0005
0005
0005
0005
0005
0005
0005
0005
0005
0005
0005
0005
0005
0005
0005
0005
0005
0005
0005
0005
0005
0005
0005
0005
0005
0005
0005
0005
0005
0005
0005
0005
0005
0005
0005
0005
0005
0005
0005
0005
0005
0005
0005
0005
0005
0005
0005
0005
0005
0006
0006
0006
0006
0006
0006
0006
0006
0006
0006
0006
0006
0006
0006
0006
0006
0006
0006
0006
0006
0006
0006
0006
0006
0006
0006
0006
0006
0006
0006
0006
0006
0006
0006
0006
0006
0006
0006
0006
0006
0006
0006
0006
0006
0006
0006
0006
0006
0006
0006
0006
0006
0006
0006
0006
0006
0006
0006
0006
0006
0006
0006
0006
0006
0006
0006
0006
0006
0006
0006
0006
0006
0006
0006
0006
0006
0006
0006
0006
0006
0006
0006
0006
0006
0006
0006
0006
0006
0006
0006
0006
0006
0006
0006
0006
0006
0006
0006
0006
0006
0006
0006
0006
0006
0006
0006
0006
0006
0006
0006
0006
0006
0006
0006
0006
0006
0006
0006
0006
0006
0006
0006
0006
0006
0006
0006
0006
0006
0006
0006
0006
0006
0006
0006
0006
0006
0006
0006
0006
0006
0006
0006
0006
0006
0006
0006
0006
0006
0006
0006
0006
0006
0006
0006
0006
0006
0006
0006
0006
0006
0006
0006
0006
0006
0006
0006
0006
0006
0006
0006
0006
0006
0006
0006
0006
0006
0006
0006
0006
0006
0006
0006
0006
0006
0006
0006
0006
0006
0006
0006
0006
0006
0006
0006
0006
0006
0006
0006
0006
0006
0006
0006
0006
0006
0006
0006
0006
0006
0006
0006
0006
0006
0006
0006
0006
0006
0006
0006
0006
0006
0006
0006
0006
0006
0006
0006
0006
0006
0006
0006
0006
0006
0006
0006
0006
0006
0006
0006
0006
0006
0006
0006
0006
0006
0006
0006
0006
0006
0006
0006
0006
0006
0006
0006
0006
0006
0006
0006
0006
0006
0006
0006
0006
0006
0006
0006
0006
0006
0006
0006
0006
0006
0006
0006
0006
0006
0006
0006
0006
0006
0006
0006
0006
0006
0006
0006
0006
0006
0006
0006
0006
0006
0006
0006
0006
0006
0006
0006
0006
0006
0006
0006
0006
0006
0006
0006
0006
0006
0006
0006
0006
0006
0006
0006
0006
0006
0006
0006
0006
0006
0006
0006
0006
0006
0006
0006
0006
0006
0006
0006
0006
0006
0006
0006
0006
0006
0006
0006
0006
0006
0006
0006
0006
0006
0006
0006
0006
0006
0006
0006
0006
0006
0006
0006
0006
0006
0006
0006
0006
0006
0006
0006
0006
0006
0006
0006
0006
0006
0006
0006
0006
0006
0006
0006
0006
0006
0006
0006
0006
0006
0006
0006
0006
0006
0006
0006
0006
0006
0006
0006
0006
0006
0006
0006
0006
0006
0006
0006
0006
0006
0006
0006
0006
0006
0006
0006
0006
0006
0006
0006
0006
0006
0006
0006
0006
0006
0006
0006
0006
0006
0006
0006
0006
0006
0006
0006
0006
0006
0006
0006
0006
0006
0006
0006
0006
0006
0006
0006
0006
0006
0006
0006
0006
0006
0006
0006
0006
0006
0006
0006
0006
0006
0006
0006
0006
0006
0006
0006
0006
0006
0006
0006
0006
0006
0006
0006
0006
0006
0006
0006
0006
0006
0006
0006
0006
0006
0006
0006
0006
0006
0006
0006
0006
0006
0006
0006
0006
0006
0006
0006
0006
0006
0006
0006
0006
0006
0006
0006
0006
0006
0006
0006
0006
0006
0006
0006
0006
0006
0006
0006
0006
0006
0006
0006
0006
0006
0006
0006
0006
0006
0006
0006
0006
0006
0006
0006
0006
0006
0006
0006
0006
0006
0006
0006
0006
0006
0006
0006
0006
0006
0006
0006
0006
0006
0006
0006
0006
0006
0006
0006
0006
0006
0006
0006
0006
0006
0006
0006
0006
0006
0006
0006
0006
0006
0006
0006
0006
0006
0006
0006
0006
0006
0006
0006
0006
0006
0006
0006
0006
0006
0006
0006
0006
0006
0006
0006
0006
0006
0006
0006
0006
0006
0006
0006
0006
0006
0006
0006
0006
0006
0006
0006
0006
0006
0006
0006
0006
0006
0006
0006
0006
0006
0006
0006
0006
0006
0006
0006
0006
0006
0006
0006
0006
0006
0006
0006
0006
0006
0006
0006
0006
0006
0006
0006
0006
0006
0006
0006
0006
0006
0006
0006
0006
0006
0006
0006
0006
0006
0006
0006
0006
0006
0006
0006
0006
0006
0006
0006
0006
0006
0006
0006
0006
0006
0006
0006
0006
0006
0006
0006
0006
0006
0006
0006
0006
0006
0006
0006
0006
0006
0006
0006
0006
0006
0006
0006
0006
0006
0006
0006
0006
0006
0006
0006
0006
0006
0006
0006
0006
0006
0006
0006
0006
0006
0007
0007
0007
0007
0007
0007
0007
0007
0007
0007
0007
0007
0007
0007
0007
0007
0007
0007
0007
0007
0007
0007
0007
0007
0007
0007
0007
0007
0007
0007
0007
0007
0007
0007
0007
0007
0007
0007
0007
0007
0007
0007
0007
0007
0007
0007
0007
0007
0007
0007
0007
0007
0007
0007
0007
0007
0007
0007
0007
0007
0007
0007
0007
0007
0007
0007
0007
0007
0007
0007
0007
0007
0007
0007
0007
0007
0007
0007
0007
0007
0007
0007
0007
0007
0007
0007
0007
0007
0007
0007
0007
0007
0007
0007
0007
0007
0007
0007
0007
0007
0007
0007
0007
0007
0007
0007
0007
0007
0007
0007
0007
0007
0007
0007
0007
0007
0007
0007
0007
0007
0007
0007
0007
0007
0007
0007
0007
0007
0007
0007
0007
0007
0007
0007
0007
0007
0007
0007
0007
0007
0007
0007
0007
0007
0007
0007
0007
0007
0007
0007
0007
0007
0007
0007
0007
0007
0007
0007
0007
0007
0007
0007
0007
0007
0007
0007
0007
0007
0007
0007
0007
0007
0007
0007
0007
0007
0007
0007
0007
0007
0007
0007
0007
0007
0007
0007
0007
0007
0007
0007
0007
0007
0007
0007
0007
0007
0007
0007
0007
0007
0007
0007
0007
0007
0007
0007
0007
0007
0007
0007
0007
0007
0007
0007
0007
0007
0007
0007
0007
0007
0007
0007
0007
0007
0007
0007
0007
0007
0007
0007
0007
0007
0007
0007
0007
0007
0007
0007
0007
0007
0007
0007
0007
0007
0007
0007
0007
0007
0007
0007
0007
0007
0007
0007
0007
0007
0007
0007
0007
0007
0007
0007
0007
0007
0007
0007
0007
0007
0007
0007
0007
0007
0007
0007
0007
0007
0007
0007
0007
0007
0007
0007
0007
0007
0007
0007
0007
0007
0007
0007
0007
0007
0007
0007
0007
0007
0007
0007
0007
0007
0007
0007
0007
0007
0007
0007
0007
0007
0007
0007
0007
0007
0007
0007
0007
0007
0007
0007
0007
0007
0007
0007
0007
0007
0007
0007
0007
0007
0007
0007
0007
0007
0007
0007
0007
0007
0007
0007
0007
0007
0007
0007
0007
0007
0007
0007
0007
0007
0007
0007
0007
0007
0007
0007
0007
0007
0007
0007
0007
0007
0007
0007
0007
0007
0007
0007
0007
0007
0007
0007
0007
0007
0007
0007
0007
0007
0007
0007
0007
0007
0007
0007
0007
0007
0007
0007
0007
0007
0007
0007
0007
0007
0007
0007
0007
0007
0007
0007
0007
0007
0007
0007
0007
0007
0007
0007
0007
0007
0007
0007
0007
0007
0007
0007
0007
0007
0007
0007
0007
0007
0007
0007
0007
0007
0007
0007
0007
0007
0007
0007
0007
0007
0007
0007
0007
0007
0007
0007
0007
0007
0007
0007
0007
0007
0007
0007
0007
0007
0007
0007
0007
0007
0007
0007
0007
0007
0007
0007
0007
0007
0007
0007
0007
0007
0007
0007
0007
0007
0007
0007
0007
0007
0007
0007
0007
0007
0007
0007
0007
0007
0007
0007
0007
0007
0007
0007
0007
0007
0007
0007
0007
0007
0007
0007
0007
0007
0007
0007
0007
0007
0007
0007
0007
0007
0007
0007
0007
0007
0007
0007
0007
0007
0007
0007
0007
0007
0007
0007
0007
0007
0007
0007
0007
0007
0007
0007
0007
0007
0007
0007
0007
0007
0007
0007
0007
0007
0007
0007
0007
0007
0007
0007
0007
0007
0007
0007
0007
0007
0007
0007
0007
0007
0007
0007
0007
0007
0007
0007
0007
0007
0007
0007
0007
0007
0007
0007
0007
0007
0007
0007
0007
0007
0007
0007
0007
0007
0008
0008
0008
0008
0008
0008
0008
0008
0008
0008
0008
0008
0008
0008
0008
0008
0008
0008
0008
0008
0008
0008
0008
0008
0008
0008
0008
0008
0008
0008
0008
0008
0008
0008
0008
0008
0008
0008
0008
0008
0008
0008
0008
0008
0008
0008
0008
0008
0008
0008
0008
0008
0008
0008
0008
0008
0008
0008
0008
0008
0008
0008
0008
0008
0008
0008
0008
0008
0008
0008
0008
0008
0008
0008
0008
0008
0008
0008
0008
0008
0008
0008
0008
0008
0008
0008
0008
0008
0008
0008
0008
0008
0008
0008
0008
0008
0008
0008
0008
0008
0008
0008
0008
0008
0008
0008
0008
0008
0008
0008
0008
0008
0008
0008
0008
0008
0008
0008
0008
0008
0008
0008
0008
0008
0008
0008
0008
0008
0008
0008
0008
0008
0008
0008
0008
0008
0008
0008
0008
0008
0008
0008
0008
0008
0008
0008
0008
0008
0008
0008
0008
0008
0008
0008
0008
0008
0008
0008
0008
0008
0008
0008
0008
0008
0008
0008
0008
0008
0008
0008
0008
0008
0008
0008
0008
0008
0008
0008
0008
0008
0008
0008
0008
0008
0008
0008
0008
0008
0008
0008
0008
0008
0008
0008
0008
0008
0008
0008
0008
0008
0008
0008
0008
0008
0008
0008
0008
0008
0008
0008
0008
0008
0008
0008
0008
0008
0008
0008
0008
0008
0008
0008
0008
0008
0008
0008
0008
0008
0008
0008
0008
0008
0008
0008
0008
0008
0008
0008
0008
0008
0008
0008
0008
0008
0008
0008
0008
0008
0008
0008
0008
0008
0008
0008
0008
0008
0008
0008
0008
0008
0008
0008
0008
0008
0008
0008
0008
0008
0008
0008
0008
0008
0008
0008
0008
0008
0008
0008
0008
0008
0008
0008
0008
0008
0008
0008
0008
0008
0008
0008
0008
0008
0008
0008
0008
0008
0008
0008
0008
0008
0008
0008
0008
0008
0008
0008
0008
0008
0008
0008
0008
0008
0008
0008
0008
0008
0008
0008
0008
0008
0008
0008
0008
0008
0008
0008
0008
0008
0008
0008
0008
0008
0008
0008
0008
0008
0008
0008
0008
0008
0008
0008
0008
0008
0008
0008
0008
0008
0008
0008
0008
0008
0008
0008
0008
0008
0008
0008
0008
0008
0008
0008
0008
0008
0008
0008
0008
0008
0008
0008
0008
0008
0008
0008
0008
0008
0008
0008
0008
0008
0008
0008
0008
0008
0008
0008
0008
0008
0008
0008
0008
0008
0008
0008
0008
0008
0008
0008
0008
0008
0008
0008
0008
0008
0008
0008
0008
0008
0008
0008
0008
0008
0008
0008
0008
0008
0008
0008
0008
0008
0008
0008
0008
0008
0008
0008
0008
0008
0008
0008
0008
0008
0008
0008
0008
0008
0008
0008
0008
0008
0008
0008
0008
0008
0008
0008
0008
0008
0008
0008
0008
0008
0008
0008
0008
0008
0008
0008
0008
0008
0008
0008
0008
0008
0008
0008
0008
0008
0008
0008
0008
0008
0008
0008
0008
0008
0008
0008
0008
0008
0008
0008
0008
0008
0008
0008
0008
0008
0008
0008
0008
0008
0008
0008
0008
0008
0008
0008
0008
0008
0008
0008
0008
0008
0008
0008
0008
0008
0008
0008
0008
0008
0009
0009
0009
0009
0009
0009
0009
0009
0009
0009
0009
0009
0009
0009
0009
0009
0009
0009
0009
0009
0009
0009
0009
0009
0009
0009
0009
0009
0009
0009
0009
0009
0009
0009
0009
0009
0009
0009
0009
0009
0009
0009
0009
0009
0009
0009
0009
0009
0009
0009
0009
0009
0009
0009
0009
0009
0009
0009
0009
0009
0009
0009
0009
0009
0009
0009
0009
0009
0009
0009
0009
0009
0009
0009
0009
0009
0009
0009
0009
0009
0009
0009
0009
0009
0009
0009
0009
0009
0009
0009
0009
0009
0009
0009
0009
0009
0009
0009
0009
0009
0009
0009
0009
0009
0009
0009
0009
0009
0009
0009
0009
0009
0009
0009
0009
0009
0009
0009
0009
0009
0009
0009
0009
0009
0009
0009
0009
0009
0009
0009
0009
0009
0009
0009
0009
0009
0009
0009
0009
0009
0009
0009
0009
0009
0009
0009
0009
0009
0009
0009
0009
0009
0009
0009
0009
0009
0009
0009
0009
0009
0009
0009
0009
0009
0009
0009
0009
0009
0009
0009
0009
0009
0009
0009
0009
0009
0009
0009
0009
0009
0009
0009
0009
0009
0009
0009
0009
0009
0009
0009
0009
0009
0009
0009
0009
0009
0009
0009
0009
0009
0009
0009
0009
0009
0009
0009
0009
0009
0009
0009
0009
0009
0009
0009
0009
0009
0009
0009
0009
0009
0009
0009
0009
0009
0009
0009
0009
0009
0009
0009
0009
0009
0009
0009
0009
0009
0009
0009
0009
0009
0009
0009
0009
0009
0009
0009
0009
0009
0009
0009
0009
0009
0009
0009
0009
0009
0009
0009
0009
0009
0009
0009
0009
0009
0009
0009
0009
0009
0009
0009
0009
0009
0009
0009
0009
0009
0009
0009
0009
0009
0009
0009
0009
0009
0009
0009
0009
0009
0009
0009
0009
0009
0009
0009
0009
0009
0009
0009
0009
0009
0009
0009
0009
0009
0009
0009
0009
0009
0009
0009
0009
0009
0009
0009
0009
0009
0009
0009
0009
0009
0009
0009
0009
0009
0009
0009
0009
0009
0009
0009
0009
0009
0009
0009
0009
0009
0009
0009
0009
0009
0009
0009
0009
0009
0009
0009
0009
0009
0009
0009
0009
0009
0009
0009
0009
0009
0009
0009
0009
0009
0009
0009
0009
0009
0009
0009
0009
0009
0009
0009
0009
0009
0009
0009
0009
0009
0009
0009
0009
0009
0009
0009
0009
0009
0009
0009
0009
0009
0009
0009
0009
0009
0009
0009
0009
0009
0009
0009
0009
0009
0009
0009
0009
0009
0009
0009
0009
0009
0009
0009
0009
0009
0009
0009
0009
0009
0009
0009
0009
0009
0009
0009
0009
0009
0009
0009
0009
0009
0009
0009
0009
0009
0009
0009
0009
0009
0009
0009
0009
0009
0009
0009
0009
0009
0009
0009
0009
0009
000a
000a
000a
000a
000a
000a
000a
000a
000a
000a
000a
000a
000a
000a
000a
000a
000a
000a
000a
000a
000a
000a
000a
000a
000a
000a
000a
000a
000a
000a
000a
000a
000a
000a
000a
000a
000a
000a
000a
000a
000a
000a
000a
000a
000a
000a
000a
000a
000a
000a
000a
000a
000a
000a
000a
000a
000a
000a
000a
000a
000a
000a
000a
000a
000a
000a
000a
000a
000a
000a
000a
000a
000a
000a
000a
000a
000a
000a
000a
000a
000a
000a
000a
000a
000a
000a
000a
000a
000a
000a
000a
000a
000a
000a
000a
000a
000a
000a
000a
000a
000a
000a
000a
000a
000a
000a
000a
000a
000a
000a
000a
000a
000a
000a
000a
000a
000a
000a
000a
000a
000a
000a
000a
000a
000a
000a
000a
000a
000a
000a
000a
000a
000a
000a
000a
000a
000a
000a
000a
000a
000a
000a
000a
000a
000a
000a
000a
000a
000a
000a
000a
000a
000a
000a
000a
000a
000a
000a
000a
000a
000a
000a
000a
000a
000a
000a
000a
000a
000a
000a
000a
000a
000a
000a
000a
000a
000a
000a
000a
000a
000a
000a
000a
000a
000a
000a
000a
000a
000a
000a
000a
000a
000a
000a
000a
000a
000a
000a
000a
000a
000a
000a
000a
000a
000a
000a
000a
000a
000a
000a
000a
000a
000a
000a
000a
000a
000a
000a
000a
000a
000a
000a
000a
000a
000a
000a
000a
000a
000a
000a
000a
000a
000a
000a
000a
000a
000a
000a
000a
000a
000a
000a
000a
000a
000a
000a
000a
000a
000a
000a
000a
000a
000a
000a
000a
000a
000a
000a
000a
000a
000a
000a
000a
000a
000a
000a
000a
000a
000a
000a
000a
000a
000a
000a
000a
000a
000a
000a
000a
000a
000a
000a
000a
000a
000a
000a
000a
000a
000a
000a
000a
000a
000a
000a
000a
000a
000a
000a
000a
000a
000a
000a
000a
000a
000a
000a
000a
000a
000a
000a
000a
000a
000a
000a
000a
000a
000a
000a
000a
000a
000a
000a
000a
000a
000a
000a
000a
000a
000a
000a
000a
000a
000a
000a
000a
000a
000a
000a
000a
000a
000a
000a
000a
000a
000a
000a
000a
000a
000a
000a
000a
000a
000a
000a
000a
000a
000a
000a
000a
000a
000a
000a
000a
000a
000a
000a
000a
000a
000a
000a
000a
000a
000a
000a
000a
000a
000a
000a
000a
000a
000a
000a
000a
000a
000a
000a
000a
000a
000a
000a
000a
000a
000a
000a
000a
000a
000a
000a
000a
000a
000a
000a
000a
000a
000a
000a
000a
000a
000a
000a
000a
000a
000a
000a
000a
000a
000a
000a
000a
000a
000a
000a
000a
000a
000a
000a
000a
000a
000a
000a
000a
000a
000a
000a
000a
000a
000a
000a
000a
000a
000a
000a
000a
000a
000a
000a
000a
000a
000b
000b
000b
000b
000b
000b
000b
000b
000b
000b
000b
000b
000b
000b
000b
000b
000b
000b
000b
000b
000b
000b
000b
000b
000b
000b
000b
000b
000b
000b
000b
000b
000b
000b
000b
000b
000b
000b
000b
000b
000b
000b
000b
000b
000b
000b
000b
000b
000b
000b
000b
000b
000b
000b
000b
000b
000b
000b
000b
000b
000b
000b
000b
000b
000b
000b
000b
000b
000b
000b
000b
000b
000b
000b
000b
000b
000b
000b
000b
000b
000b
000b
000b
000b
000b
000b
000b
000b
000b
000b
000b
000b
000b
000b
000b
000b
000b
000b
000b
000b
000b
000b
000b
000b
000b
000b
000b
000b
000b
000b
000b
000b
000b
000b
000b
000b
000b
000b
000b
000b
000b
000b
000b
000b
000b
000b
000b
000b
000b
000b
000b
000b
000b
000b
000b
000b
000b
000b
000b
000b
000b
000b
000b
000b
000b
000b
000b
000b
000b
000b
000b
000b
000b
000b
000b
000b
000b
000b
000b
000b
000b
000b
000b
000b
000b
000b
000b
000b
000b
000b
000b
000b
000b
000b
000b
000b
000b
000b
000b
000b
000b
000b
000b
000b
000b
000b
000b
000b
000b
000b
000b
000b
000b
000b
000b
000b
000b
000b
000b
000b
000b
000b
000b
000b
000b
000b
000b
000b
000b
000b
000b
000b
000b
000b
000b
000b
000b
000b
000b
000b
000b
000b
000b
000b
000b
000b
000b
000b
000b
000b
000b
000b
000b
000b
000b
000b
000b
000b
000b
000b
000b
000b
000b
000b
000b
000b
000b
000b
000b
000b
000b
000b
000b
000b
000b
000b
000b
000b
000b
000b
000b
000b
000b
000b
000b
000b
000b
000b
000b
000b
000b
000b
000b
000b
000b
000b
000b
000b
000b
000b
000b
000b
000b
000b
000b
000b
000b
000b
000b
000b
000b
000b
000b
000b
000b
000b
000b
000b
000b
000b
000b
000b
000b
000b
000b
000b
000b
000b
000b
000b
000b
000b
000b
000b
000b
000b
000b
000b
000b
000b
000c
000c
000c
000c
000c
000c
000c
000c
000c
000c
000c
000c
000c
000c
000c
000c
000c
000c
000c
000c
000c
000c
000c
000c
000c
000c
000c
000c
000c
000c
000c
000c
000c
000c
000c
000c
000c
000c
000c
000c
000c
000c
000c
000c
000c
000c
000c
000c
000c
000c
000c
000c
000c
000c
000c
000c
000c
000c
000c
000c
000c
000c
000c
000c
000c
000c
000c
000c
000c
000c
000c
000c
000c
000c
000c
000c
000c
000c
000c
000c
000c
000c
000c
000c
000c
000c
000c
000c
000c
000c
000c
000c
000c
000c
000c
000c
000c
000c
000c
000c
000c
000c
000c
000c
000c
000c
000c
000c
000c
000c
000c
000c
000c
000c
000c
000c
000c
000c
000c
000c
000c
000c
000c
000c
000c
000c
000c
000c
000c
000c
000c
000c
000c
000c
000c
000c
000c
000c
000c
000c
000c
000c
000c
000c
000c
000c
000c
000c
000c
000c
000c
000c
000c
000c
000c
000c
000c
000c
000c
000c
000c
000c
000c
000c
000c
000c
000c
000c
000c
000c
000c
000c
000c
000c
000c
000c
000c
000c
000c
000c
000c
000c
000c
000c
000c
000c
000c
000c
000c
000c
000c
000c
000c
000c
000c
000c
000c
000c
000c
000c
000c
000c
000c
000c
000c
000c
000c
000c
000c
000c
000c
000c
000c
000c
000c
000c
000c
000c
000c
000c
000c
000c
000c
000c
000c
000c
000c
000c
000c
000c
000c
000c
000c
000c
000c
000c
000c
000c
000c
000c
000c
000c
000c
000c
000c
000c
000c
000c
000c
000c
000c
000c
000c
000c
000c
000c
000c
000c
000c
000c
000c
000c
000c
000c
000c
000c
000c
000c
000c
000c
000c
000c
000c
000c
000c
000c
000c
000c
000c
000c
000c
000c
000c
000c
000c
000c
000c
000c
000c
000c
000c
000c
000c
000c
000c
000c
000c
000c
000c
000c
000c
000c
000c
000c
000c
000c
000c
000c
000c
000c
000c
000c
000c
000c
000c
000c
000c
000c
000c
000c
000c
000c
000c
000c
000c
000c
000c
000c
000c
000c
000c
000c
000c
000c
000c
000c
000c
000c
000c
000c
000c
000c
000c
000c
000c
000c
000c
000c
000c
000c
000c
000c
000c
000c
000c
000c
000c
000c
000c
000c
000c
000c
000c
000c
000c
000c
000c
000c
000c
000c
000c
000c
000c
000c
000c
000c
000c
000c
000c
000c
000c
000c
000c
000c
000d
000d
000d
000d
000d
000d
000d
000d
000d
000d
000d
000d
000d
000d
000d
000d
000d
000d
000d
000d
000d
000d
000d
000d
000d
000d
000d
000d
000d
000d
000d
000d
000d
000d
000d
000d
000d
000d
000d
000d
000d
000d
000d
000d
000d
000d
000d
000d
000d
000d
000d
000d
000d
000d
000d
000d
000d
000d
000d
000d
000d
000d
000d
000d
000d
000d
000d
000d
000d
000d
000d
000d
000d
000d
000d
000d
000d
000d
000d
000d
000d
000d
000d
000d
000d
000d
000d
000d
000d
000d
000d
000d
000d
000d
000d
000d
000d
000d
000d
000d
000d
000d
000d
000d
000d
000d
000d
000d
000d
000d
000d
000d
000d
000d
000d
000d
000d
000d
000d
000d
000d
000d
000d
000d
000d
000d
000d
000d
000d
000d
000d
000d
000d
000d
000d
000d
000d
000d
000d
000d
000d
000d
000d
000d
000d
000d
000d
000d
000d
000d
000d
000d
000d
000d
000d
000d
000d
000d
000d
000d
000d
000d
000d
000d
000d
000d
000d
000d
000d
000d
000d
000d
000d
000d
000d
000d
000d
000d
000d
000d
000d
000d
000d
000d
000d
000d
000d
000d
000d
000d
000d
000d
000d
000d
000d
000d
000d
000d
000d
000d
000d
000d
000d
000d
000d
000d
000d
000d
000d
000d
000d
000d
000d
000d
000d
000d
000d
000d
000d
000d
000d
000d
000d
000d
000d
000d
000d
000d
000d
000d
000d
000d
000d
000d
000d
000d
000d
000d
000d
000d
000d
000d
000d
000d
000d
000d
000d
000d
000d
000d
000d
000d
000d
000d
000d
000d
000d
000d
000d
000d
000d
000d
000d
000d
000d
000d
000d
000d
000d
000d
000d
000d
000d
000d
000d
000d
000d
000d
000d
000d
000d
000d
000d
000d
000d
000d
000d
000d
000d
000d
000d
000d
000d
000d
000d
000d
000d
000d
000d
000d
000d
000d
000d
000d
000d
000d
000d
000d
000d
000d
000d
000d
000d
000d
000d
000d
000d
000d
000d
000d
000e
000e
000e
000e
000e
000e
000e
000e
000e
000e
000e
000e
000e
000e
000e
000e
000e
000e
000e
000e
000e
000e
000e
000e
000e
000e
000e
000e
000e
000e
000e
000e
000e
000e
000e
000e
000e
000e
000e
000e
000e
000e
000e
000e
000e
000e
000e
000e
000e
000e
000e
000e
000e
000e
000e
000e
000e
000e
000e
000e
000e
000e
000e
000e
000e
000e
000e
000e
000e
000e
000e
000e
000e
000e
000e
000e
000e
000e
000e
000e
000e
000e
000e
000e
000e
000e
000e
000e
000e
000e
000e
000e
000e
000e
000e
000e
000e
000e
000e
000e
000e
000e
000e
000e
000e
000e
000e
000e
000e
000e
000e
000e
000e
000e
000e
000e
000e
000e
000e
000e
000e
000e
000e
000e
000e
000e
000e
000e
000e
000e
000e
000e
000e
000e
000e
000e
000e
000e
000e
000e
000e
000e
000e
000e
000e
000e
000e
000e
000e
000e
000e
000e
000e
000e
000e
000e
000e
000e
000e
000e
000e
000e
000e
000e
000e
000e
000e
000e
000e
000e
000e
000e
000e
000e
000e
000e
000e
000e
000e
000e
000e
000e
000e
000e
000e
000e
000e
000e
000e
000e
000e
000e
000e
000e
000e
000e
000e
000e
000e
000e
000e
000e
000e
000e
000e
000e
000e
000e
000e
000e
000e
000e
000e
000e
000e
000e
000e
000e
000e
000e
000e
000e
000e
000e
000e
000e
000e
000e
000e
000e
000e
000e
000e
000e
000e
000e
000e
000e
000e
000e
000e
000e
000e
000e
000e
000e
000e
000e
000e
000e
000e
000e
000e
000e
000e
000e
000f
000f
000f
000f
000f
000f
000f
000f
000f
000f
000f
000f
000f
000f
000f
000f
000f
000f
000f
000f
000f
000f
000f
000f
000f
000f
000f
000f
000f
000f
000f
000f
000f
000f
000f
000f
000f
000f
000f
000f
000f
000f
000f
000f
000f
000f
000f
000f
000f
000f
000f
000f
000f
000f
000f
000f
000f
000f
000f
000f
000f
000f
000f
000f
000f
000f
000f
000f
000f
000f
000f
000f
000f
000f
000f
000f
000f
000f
000f
000f
000f
000f
000f
000f
000f
000f
000f
000f
000f
000f
000f
000f
000f
000f
000f
000f
000f
000f
000f
000f
000f
000f
000f
000f
000f
000f
000f
000f
000f
000f
000f
000f
000f
000f
000f
000f
000f
000f
000f
000f
000f
000f
000f
000f
000f
000f
000f
000f
000f
000f
000f
000f
000f
000f
000f
000f
000f
000f
000f
000f
000f
000f
000f
000f
000f
000f
000f
000f
000f
000f
000f
000f
000f
000f
000f
000f
000f
000f
000f
000f
000f
000f
000f
000f
000f
000f
000f
000f
000f
000f
000f
000f
000f
000f
000f
000f
000f
000f
000f
000f
000f
000f
000f
000f
000f
000f
000f
000f
000f
000f
000f
000f
000f
000f
000f
000f
000f
000f
000f
000f
000f
000f
000f
000f
000f
000f
000f
000f
000f
000f
000f
000f
000f
000f
000f
000f
000f
000f
000f
000f
000f
000f
000f
000f
000f
000f
000f
000f
000f
000f
000f
000f
000f
000f
000f
000f
000f
000f
000f
000f
000f
000f
000f
000f
000f
000f
000f
000f
000f
000f
000f
000f
000f
000f
000f
000f
000f
000f
000f
000f
000f
000f
000f
000f
000f
000f
000f
000f
000f
000f
000f
000f
000f
000f
000f
000f
000f
000f
000f
000f
000f
000f
000f
000f
000f
000f
000f
000f
000f
000f
000f
000f
000f
000f
000f
000f
000f
000f
000f
000f
000f
000f
000f
000f
000f
000f
000f
000f
000f
000f
000f
000f
000f
000f
000f
000f
000f
000f
000f
000f
0010
0010
0010
0010
0010
0010
0010
0010
0010
0010
0010
0010
0010
0010
0010
0010
0010
0010
0010
0010
0010
0010
0010
0010
0010
0010
0010
0010
0010
0010
0010
0010
0010
0010
0010
0010
0010
0010
0010
0010
0010
0010
0010
0010
0010
0010
0010
0010
0010
0010
0010
0010
0010
0010
0010
0010
0010
0010
0010
0010
0010
0010
0010
0010
0010
0010
0010
0010
0010
0010
0010
0010
0010
0010
0010
0010
0010
0010
0010
0010
0010
0010
0010
0010
0010
0010
0010
0010
0010
0010
0010
0010
0010
0010
0010
0010
0010
0010
0010
0010
0010
0010
0010
0010
0010
0010
0010
0010
0010
0010
0010
0010
0010
0010
0010
0010
0010
0010
0010
0010
0010
0010
0010
0010
0010
0010
0010
0010
0010
0010
0010
0010
0010
0010
0010
0010
0010
0010
0010
0010
0010
0010
0010
0010
0010
0010
0010
0010
0010
0010
0010
0010
0010
0010
0010
0010
0010
0010
0010
0010
0010
0010
0010
0010
0010
0010
0010
0010
0010
0010
0010
0010
0010
0010
0010
0010
0010
0010
0010
0010
0010
0010
0010
0010
0010
0010
0010
0010
0010
0010
0010
0010
0010
0010
0010
0010
0010
0010
0010
0010
0010
0010
0010
0010
0010
0010
0010
0010
0010
0010
0010
0010
0010
0010
0010
0010
0010
0010
0010
0010
0010
0010
0010
0010
0010
0010
0010
0010
0010
0010
0010
0010
0010
0010
0010
0010
0010
0010
0010
0010
0010
0010
0010
0010
0010
0010
0010
0010
0010
0010
0010
0010
0010
0010
0010
0010
0011
0011
0011
0011
0011
0011
0011
0011
0011
0011
0011
0011
0011
0011
0011
0011
0011
0011
0011
0011
0011
0011
0011
0011
0011
0011
0011
0011
0011
0011
0011
0011
0011
0011
0011
0011
0011
0011
0011
0011
0011
0011
0011
0011
0011
0011
0011
0011
0011
0011
0011
0011
0011
0011
0011
0011
0011
0011
0011
0011
0011
0011
0011
0011
0011
0011
0011
0011
0011
0011
0011
0011
0011
0011
0011
0011
0011
0011
0011
0011
0011
0011
0011
0011
0011
0011
0011
0011
0011
0011
0011
0011
0011
0011
0011
0011
0011
0011
0011
0011
0011
0011
0011
0011
0011
0011
0011
0011
0011
0011
0011
0011
0011
0011
0011
0011
0011
0011
0011
0011
0011
0011
0011
0011
0011
0011
0011
0011
0011
0011
0011
0011
0011
0011
0011
0011
0011
0011
0011
0011
0011
0011
0011
0011
0011
0011
0011
0011
0011
0011
0011
0011
0011
0011
0011
0011
0011
0011
0011
0011
0011
0011
0011
0011
0011
0011
0011
0011
0011
0011
0011
0011
0011
0011
0011
0011
0011
0011
0011
0011
0011
0011
0011
0011
0011
0011
0011
0011
0011
0011
0011
0011
0012
0012
0012
0012
0012
0012
0012
0012
0012
0012
0012
0012
0012
0012
0012
0012
0012
0012
0012
0012
0012
0012
0012
0012
0012
0012
0012
0012
0012
0012
0012
0012
0012
0012
0012
0012
0012
0012
0012
0012
0012
0012
0012
0012
0012
0012
0012
0012
0012
0012
0012
0012
0012
0012
0012
0012
0012
0012
0012
0012
0012
0012
0012
0012
0012
0012
0012
0012
0012
0012
0012
0012
0012
0012
0012
0012
0012
0012
0012
0012
0012
0012
0012
0012
0012
0012
0012
0012
0012
0012
0012
0012
0012
0012
0012
0012
0012
0012
0012
0012
0012
0012
0012
0012
0012
0012
0012
0012
0012
0012
0012
0012
0012
0012
0012
0012
0012
0012
0012
0012
0012
0012
0012
0012
0012
0012
0012
0012
0012
0012
0012
0012
0012
0012
0012
0012
0012
0012
0012
0012
0012
0012
0012
0012
0012
0012
0012
0012
0012
0012
0012
0012
0012
0012
0012
0012
0012
0012
0012
0012
0012
0012
0012
0012
0012
0012
0012
0012
0012
0012
0012
0012
0012
0012
0012
0012
0012
0012
0012
0012
0012
0012
0012
0012
0012
0012
0012
0012
0012
0012
0012
0012
0012
0012
0012
0012
0012
0012
0012
0012
0012
0012
0012
0012
0012
0012
0012
0012
0012
0012
0012
0012
0012
0012
0012
0012
0012
0012
0012
0012
0012
0012
0012
0012
0012
0012
0012
0012
0012
0012
0012
0012
0012
0012
0012
0012
0012
0012
0012
0012
0012
0012
0012
0012
0012
0012
0012
0012
0012
0012
0012
0012
0012
0012
0012
0012
0013
0013
0013
0013
0013
0013
0013
0013
0013
0013
0013
0013
0013
0013
0013
0013
0013
0013
0013
0013
0013
0013
0013
0013
0013
0013
0013
0013
0013
0013
0013
0013
0013
0013
0013
0013
0013
0013
0013
0013
0013
0013
0013
0013
0013
0013
0013
0013
0013
0013
0013
0013
0013
0013
0013
0013
0013
0013
0013
0013
0013
0013
0013
0013
0013
0013
0013
0013
0013
0013
0013
0013
0013
0013
0013
0013
0013
0013
0013
0013
0013
0013
0013
0013
0013
0013
0013
0013
0013
0013
0013
0013
0013
0013
0013
0013
0013
0013
0013
0013
0013
0013
0013
0013
0013
0013
0013
0013
0013
0013
0013
0013
0013
0013
0013
0013
0013
0013
0013
0013
0013
0013
0013
0013
0013
0013
0013
0013
0013
0013
0013
0013
0013
0013
0013
0013
0013
0013
0013
0013
0013
0013
0013
0013
0013
0013
0013
0013
0013
0013
0013
0013
0013
0013
0013
0013
0013
0013
0013
0013
0013
0013
0013
0013
0013
0013
0013
0013
0013
0013
0013
0013
0013
0013
0013
0013
0013
0013
0013
0013
0013
0013
0013
0013
0013
0013
0013
0013
0013
0013
0013
0013
0014
0014
0014
0014
0014
0014
0014
0014
0014
0014
0014
0014
0014
0014
0014
0014
0014
0014
0014
0014
0014
0014
0014
0014
0014
0014
0014
0014
0014
0014
0014
0014
0014
0014
0014
0014
0014
0014
0014
0014
0014
0014
0014
0014
0014
0014
0014
0014
0014
0014
0014
0014
0014
0014
0014
0014
0014
0014
0014
0014
0014
0014
0014
0014
0014
0014
0014
0014
0014
0014
0014
0014
0014
0014
0014
0014
0014
0014
0014
0014
0014
0014
0014
0014
0014
0014
0014
0014
0014
0014
0014
0014
0014
0014
0014
0014
0014
0014
0014
0014
0014
0014
0014
0014
0014
0014
0014
0014
0014
0014
0014
0014
0014
0014
0014
0014
0014
0014
0014
0014
0014
0014
0014
0014
0014
0014
0014
0014
0014
0014
0014
0014
0014
0014
0014
0014
0014
0014
0014
0014
0014
0014
0014
0014
0014
0014
0014
0014
0014
0014
0014
0014
0014
0014
0014
0014
0014
0014
0014
0014
0014
0014
0014
0014
0014
0014
0014
0014
0014
0014
0014
0014
0014
0014
0014
0014
0014
0014
0014
0014
0014
0014
0014
0014
0014
0014
0014
0014
0014
0014
0014
0014
0015
0015
0015
0015
0015
0015
0015
0015
0015
0015
0015
0015
0015
0015
0015
0015
0015
0015
0015
0015
0015
0015
0015
0015
0015
0015
0015
0015
0015
0015
0015
0015
0015
0015
0015
0015
0015
0015
0015
0015
0015
0015
0015
0015
0015
0015
0015
0015
0015
0015
0015
0015
0015
0015
0015
0015
0015
0015
0015
0015
0015
0015
0015
0015
0015
0015
0015
0015
0015
0015
0015
0015
0015
0015
0015
0015
0015
0015
0015
0015
0015
0015
0015
0015
0015
0015
0015
0015
0015
0015
0015
0015
0015
0015
0015
0015
0015
0015
0015
0015
0015
0015
0015
0015
0015
0015
0015
0015
0015
0015
0015
0015
0015
0015
0015
0015
0015
0015
0015
0015
0015
0015
0015
0015
0015
0015
0015
0015
0015
0015
0015
0015
0015
0015
0015
0015
0015
0015
0015
0015
0015
0015
0015
0015
0015
0015
0015
0015
0015
0015
0015
0015
0015
0015
0015
0015
0015
0015
0015
0015
0015
0015
0015
0015
0015
0015
0015
0015
0015
0015
0015
0015
0015
0015
0015
0015
0015
0015
0015
0015
0015
0015
0015
0015
0015
0015
0015
0015
0015
0015
0015
0015
0015
0015
0015
0015
0015
0015
0015
0015
0015
0015
0015
0015
0015
0015
0015
0015
0015
0015
0015
0015
0015
0015
0015
0015
0015
0015
0015
0015
0015
0015
0015
0015
0015
0015
0015
0015
0015
0015
0015
0015
0015
0015
0015
0015
0015
0015
0015
0015
0015
0015
0015
0015
0015
0015
0015
0015
0015
0015
0015
0015
0015
0015
0015
0015
0016
0016
0016
0016
0016
0016
0016
0016
0016
0016
0016
0016
0016
0016
0016
0016
0016
0016
0016
0016
0016
0016
0016
0016
0016
0016
0016
0016
0016
0016
0016
0016
0016
0016
0016
0016
0016
0016
0016
0016
0016
0016
0016
0016
0016
0016
0016
0016
0016
0016
0016
0016
0016
0016
0016
0016
0016
0016
0016
0016
0016
0016
0016
0016
0016
0016
0016
0016
0016
0016
0016
0016
0016
0016
0016
0016
0016
0016
0016
0016
0016
0016
0016
0016
0016
0016
0016
0016
0016
0016
0016
0016
0016
0016
0016
0016
0016
0016
0016
0016
0016
0016
0016
0016
0016
0016
0016
0016
0016
0016
0016
0016
0016
0016
0016
0016
0016
0016
0016
0016
0016
0016
0016
0016
0016
0016
0016
0016
0017
0017
0017
0017
0017
0017
0017
0017
0017
0017
0017
0017
0017
0017
0017
0017
0017
0017
0017
0017
0017
0017
0017
0017
0017
0017
0017
0017
0017
0017
0017
0017
0017
0017
0017
0017
0017
0017
0017
0017
0017
0017
0017
0017
0017
0017
0017
0017
0017
0017
0017
0017
0017
0017
0017
0017
0017
0017
0017
0017
0017
0017
0017
0017
0017
0017
0017
0017
0017
0017
0017
0017
0017
0017
0017
0017
0017
0017
0017
0017
0017
0017
0017
0017
0017
0017
0017
0017
0017
0017
0017
0017
0017
0017
0017
0017
0017
0017
0017
0017
0017
0017
0017
0017
0017
0017
0017
0017
0017
0017
0017
0017
0017
0017
0017
0017
0017
0017
0017
0017
0017
0017
0017
0017
0017
0017
0017
0017
0017
0017
0017
0017
0017
0017
0017
0017
0017
0017
0017
0017
0017
0017
0017
0017
0017
0017
0017
0017
0017
0017
0017
0017
0017
0017
0017
0017
0017
0017
0017
0017
0017
0017
0017
0017
0017
0017
0017
0017
0017
0017
0017
0017
0017
0017
0017
0017
0017
0017
0017
0017
0017
0017
0017
0017
0017
0017
0017
0017
0017
0017
0017
0017
0018
0018
0018
0018
0018
0018
0018
0018
0018
0018
0018
0018
0018
0018
0018
0018
0018
0018
0018
0018
0018
0018
0018
0018
0018
0018
0018
0018
0018
0018
0018
0018
0018
0018
0018
0018
0018
0018
0018
0018
0018
0018
0018
0018
0018
0018
0018
0018
0018
0018
0018
0018
0018
0018
0018
0018
0018
0018
0018
0018
0018
0018
0018
0018
0018
0018
0018
0018
0018
0018
0018
0018
0018
0018
0018
0018
0018
0018
0018
0018
0018
0018
0018
0018
0018
0018
0018
0018
0018
0018
0018
0018
0018
0018
0018
0018
0018
0018
0018
0018
0018
0018
0018
0018
0018
0018
0018
0018
0018
0018
0018
0018
0018
0018
0018
0018
0018
0018
0018
0018
0018
0018
0018
0018
0018
0018
0018
0018
0018
0018
0018
0018
0018
0018
0018
0018
0018
0018
0018
0018
0018
0018
0018
0018
0018
0018
0018
0018
0018
0018
0018
0018
0018
0018
0018
0018
0018
0018
0018
0018
0018
0018
0018
0018
0018
0018
0018
0018
0018
0018
0018
0018
0018
0018
0018
0018
0018
0018
0018
0018
0018
0018
0018
0018
0018
0018
0018
0018
0018
0018
0018
0018
0019
0019
0019
0019
0019
0019
0019
0019
0019
0019
0019
0019
0019
0019
0019
0019
0019
0019
0019
0019
0019
0019
0019
0019
0019
0019
0019
0019
0019
0019
0019
0019
0019
0019
0019
0019
0019
0019
0019
0019
0019
0019
0019
0019
0019
0019
0019
0019
0019
0019
0019
0019
0019
0019
0019
0019
0019
0019
0019
0019
0019
0019
0019
0019
0019
0019
0019
0019
0019
0019
0019
0019
0019
0019
0019
0019
0019
0019
0019
0019
0019
0019
0019
0019
0019
0019
0019
0019
0019
0019
0019
0019
0019
0019
0019
0019
0019
0019
0019
0019
0019
0019
0019
0019
0019
0019
0019
0019
0019
0019
0019
0019
0019
0019
0019
0019
0019
0019
0019
0019
0019
0019
0019
0019
0019
0019
0019
0019
001a
001a
001a
001a
001a
001a
001a
001a
001a
001a
001a
001a
001a
001a
001a
001a
001a
001a
001a
001a
001a
001a
001a
001a
001a
001a
001a
001a
001a
001a
001a
001a
001a
001a
001a
001a
001a
001a
001a
001a
001a
001a
001a
001a
001a
001a
001a
001a
001a
001a
001a
001a
001a
001a
001a
001a
001a
001a
001a
001a
001a
001a
001a
001a
001a
001a
001a
001a
001a
001a
001a
001a
001a
001a
001a
001a
001a
001a
001a
001a
001a
001a
001a
001a
001a
001a
001a
001a
001a
001a
001a
001a
001a
001a
001a
001a
001a
001a
001a
001a
001a
001a
001a
001a
001a
001a
001a
001a
001a
001a
001a
001a
001a
001a
001a
001a
001a
001a
001a
001a
001a
001a
001a
001a
001a
001a
001a
001a
001a
001a
001a
001a
001a
001a
001a
001a
001a
001a
001a
001a
001a
001a
001a
001a
001a
001a
001a
001a
001a
001a
001a
001a
001a
001a
001a
001a
001a
001a
001a
001a
001a
001a
001a
001a
001a
001a
001a
001a
001a
001a
001a
001a
001a
001a
001a
001a
001a
001a
001a
001a
001a
001a
001a
001a
001a
001a
001a
001a
001a
001a
001a
001a
001b
001b
001b
001b
001b
001b
001b
001b
001b
001b
001b
001b
001b
001b
001b
001b
001b
001b
001b
001b
001b
001b
001b
001b
001b
001b
001b
001b
001b
001b
001b
001b
001b
001b
001b
001b
001b
001b
001b
001b
001b
001b
001b
001b
001b
001b
001b
001b
001b
001b
001b
001b
001b
001b
001b
001b
001b
001b
001b
001b
001b
001b
001b
001b
001b
001b
001b
001b
001b
001b
001b
001b
001b
001b
001b
001b
001b
001b
001b
001b
001b
001b
001b
001b
001b
001b
001b
001b
001b
001b
001b
001b
001b
001b
001b
001b
001b
001b
001b
001b
001b
001b
001b
001b
001b
001b
001b
001b
001b
001b
001b
001b
001b
001b
001b
001b
001b
001b
001b
001b
001b
001b
001b
001b
001b
001b
001b
001b
001c
001c
001c
001c
001c
001c
001c
001c
001c
001c
001c
001c
001c
001c
001c
001c
001c
001c
001c
001c
001c
001c
001c
001c
001c
001c
001c
001c
001c
001c
001c
001c
001c
001c
001c
001c
001c
001c
001c
001c
001c
001c
001c
001c
001c
001c
001c
001c
001c
001c
001c
001c
001c
001c
001c
001c
001c
001c
001c
001c
001c
001c
001c
001c
001c
001c
001c
001c
001c
001c
001c
001c
001c
001c
001c
001c
001c
001c
001c
001c
001c
001c
001c
001c
001c
001c
001c
001c
001c
001c
001c
001c
001c
001c
001c
001c
001c
001c
001c
001c
001c
001c
001c
001c
001c
001c
001c
001c
001c
001c
001c
001c
001c
001c
001c
001c
001c
001c
001c
001c
001c
001c
001c
001c
001c
001c
001c
001c
001c
001c
001c
001c
001c
001c
001c
001c
001c
001c
001c
001c
001c
001c
001c
001c
001c
001c
001c
001c
001c
001c
001c
001c
001c
001c
001c
001c
001c
001c
001c
001c
001c
001c
001c
001c
001c
001c
001c
001c
001c
001c
001c
001c
001c
001c
001c
001c
001c
001c
001c
001c
001c
001c
001c
001c
001c
001c
001c
001c
001c
001c
001c
001c
001d
001d
001d
001d
001d
001d
001d
001d
001d
001d
001d
001d
001d
001d
001d
001d
001d
001d
001d
001d
001d
001d
001d
001d
001d
001d
001d
001d
001d
001d
001d
001d
001d
001d
001d
001d
001d
001d
001d
001d
001d
001d
001d
001d
001d
001d
001d
001d
001d
001d
001d
001d
001d
001d
001d
001d
001d
001d
001d
001d
001d
001d
001d
001d
001d
001d
001d
001d
001d
001d
001d
001d
001d
001d
001d
001d
001d
001d
001d
001d
001d
001d
001d
001d
001d
001d
001d
001d
001d
001d
001d
001d
001d
001d
001d
001d
001d
001d
001d
001d
001d
001d
001d
001d
001d
001d
001d
001d
001d
001d
001d
001d
001d
001d
001d
001d
001d
001d
001d
001d
001d
001d
001d
001d
001d
001d
001d
001d
001e
001e
001e
001e
001e
001e
001e
001e
001e
001e
001e
001e
001e
001e
001e
001e
001e
001e
001e
001e
001e
001e
001e
001e
001e
001e
001e
001e
001e
001e
001e
001e
001e
001e
001e
001e
001e
001e
001e
001e
001e
001e
001e
001e
001e
001e
001e
001e
001e
001e
001e
001e
001e
001e
001e
001e
001e
001e
001e
001e
001e
001e
001e
001e
001e
001e
001e
001e
001e
001e
001e
001e
001e
001e
001e
001e
001e
001e
001e
001e
001e
001e
001e
001e
001e
001e
001e
001e
001e
001e
001e
001e
001e
001e
001e
001e
001e
001e
001e
001e
001e
001e
001e
001e
001e
001e
001e
001e
001e
001e
001e
001e
001e
001e
001e
001e
001e
001e
001e
001e
001e
001e
001e
001e
001e
001e
001e
001e
001f
001f
001f
001f
001f
001f
001f
001f
001f
001f
001f
001f
001f
001f
001f
001f
001f
001f
001f
001f
001f
001f
001f
001f
001f
001f
001f
001f
001f
001f
001f
001f
001f
001f
001f
001f
001f
001f
001f
001f
001f
001f
001f
001f
001f
001f
001f
001f
001f
001f
001f
001f
001f
001f
001f
001f
001f
001f
001f
001f
001f
001f
001f
001f
001f
001f
001f
001f
001f
001f
001f
001f
001f
001f
001f
001f
001f
001f
001f
001f
001f
001f
001f
001f
001f
001f
001f
001f
001f
001f
001f
001f
001f
001f
001f
001f
001f
001f
001f
001f
001f
001f
001f
001f
001f
001f
001f
001f
001f
001f
001f
001f
001f
001f
001f
001f
001f
001f
001f
001f
001f
001f
001f
001f
001f
001f
001f
001f
0020
0020
0020
0020
0020
0020
0020
0020
0020
0020
0020
0020
0020
0020
0020
0020
0020
0020
0020
0020
0020
0020
0020
0020
0020
0020
0020
0020
0020
0020
0020
0020
0020
0020
0020
0020
0020
0020
0020
0020
0020
0020
0020
0020
0020
0020
0020
0020
0020
0020
0020
0020
0020
0020
0020
0020
0020
0020
0020
0020
0020
0020
0020
0020
0020
0020
0020
0020
0020
0020
0020
0020
0020
0020
0020
0020
0020
0020
0020
0020
0020
0020
0020
0020
0020
0020
0020
0020
0020
0020
0020
0020
0020
0020
0020
0020
0020
0020
0020
0020
0020
0020
0020
0020
0020
0020
0020
0020
0020
0020
0020
0020
0020
0020
0020
0020
0020
0020
0020
0020
0020
0020
0020
0020
0020
0020
0020
0020
0021
0021
0021
0021
0021
0021
0021
0021
0021
0021
0021
0021
0021
0021
0021
0021
0021
0021
0021
0021
0021
0021
0021
0021
0021
0021
0021
0021
0021
0021
0021
0021
0021
0021
0021
0021
0021
0021
0021
0021
0021
0021
0021
0021
0021
0021
0021
0021
0021
0021
0021
0021
0021
0021
0021
0021
0021
0021
0021
0021
0021
0021
0021
0021
0021
0021
0021
0021
0021
0021
0021
0021
0021
0021
0021
0021
0021
0021
0021
0021
0021
0021
0021
0021
0021
0021
0021
0021
0021
0021
0021
0021
0021
0021
0021
0021
0021
0021
0021
0021
0021
0021
0021
0021
0021
0021
0021
0021
0021
0021
0021
0021
0021
0021
0021
0021
0021
0021
0021
0021
0021
0021
0021
0021
0021
0021
0021
0021
0022
0022
0022
0022
0022
0022
0022
0022
0022
0022
0022
0022
0022
0022
0022
0022
0022
0022
0022
0022
0022
0022
0022
0022
0022
0022
0022
0022
0022
0022
0022
0022
0022
0022
0022
0022
0022
0022
0022
0022
0022
0022
0022
0022
0022
0022
0022
0022
0022
0022
0022
0022
0022
0022
0022
0022
0022
0022
0022
0022
0022
0022
0022
0022
0022
0022
0022
0022
0022
0022
0022
0022
0022
0022
0022
0022
0022
0022
0022
0022
0022
0022
0022
0022
0022
0022
0022
0022
0022
0022
0022
0022
0022
0022
0022
0022
0022
0022
0022
0022
0022
0022
0022
0022
0022
0022
0022
0022
0022
0022
0022
0022
0022
0022
0022
0022
0022
0022
0022
0022
0022
0022
0022
0022
0022
0022
0022
0022
0023
0023
0023
0023
0023
0023
0023
0023
0023
0023
0023
0023
0023
0023
0023
0023
0023
0023
0023
0023
0023
0023
0023
0023
0023
0023
0023
0023
0023
0023
0023
0023
0023
0023
0023
0023
0023
0023
0023
0023
0023
0023
0023
0023
0023
0023
0023
0023
0023
0023
0023
0023
0023
0023
0023
0023
0023
0023
0023
0023
0023
0023
0023
0023
0023
0023
0023
0023
0023
0023
0023
0023
0023
0023
0023
0023
0023
0023
0023
0023
0023
0023
0023
0023
0023
0023
0023
0023
0023
0023
0023
0023
0023
0023
0023
0023
0023
0023
0023
0023
0023
0023
0023
0023
0023
0023
0023
0023
0023
0023
0023
0023
0023
0023
0023
0023
0023
0023
0023
0023
0023
0023
0023
0023
0023
0023
0023
0023
0024
0024
0024
0024
0024
0024
0024
0024
0024
0024
0024
0024
0024
0024
0024
0024
0024
0024
0024
0024
0024
0024
0024
0024
0024
0024
0024
0024
0024
0024
0024
0024
0024
0024
0024
0024
0024
0024
0024
0024
0024
0024
0024
0024
0024
0024
0024
0024
0024
0024
0024
0024
0024
0024
0024
0024
0024
0024
0024
0024
0024
0024
0024
0024
0025
0025
0025
0025
0025
0025
0025
0025
0025
0025
0025
0025
0025
0025
0025
0025
0025
0025
0025
0025
0025
0025
0025
0025
0025
0025
0025
0025
0025
0025
0025
0025
0025
0025
0025
0025
0025
0025
0025
0025
0025
0025
0025
0025
0025
0025
0025
0025
0025
0025
0025
0025
0025
0025
0025
0025
0025
0025
0025
0025
0025
0025
0025
0025
0025
0025
0025
0025
0025
0025
0025
0025
0025
0025
0025
0025
0025
0025
0025
0025
0025
0025
0025
0025
0025
0025
0025
0025
0025
0025
0025
0025
0025
0025
0025
0025
0025
0025
0025
0025
0025
0025
0025
0025
0025
0025
0025
0025
0025
0025
0025
0025
0025
0025
0025
0025
0025
0025
0025
0025
0025
0025
0025
0025
0025
0025
0025
0025
0026
0026
0026
0026
0026
0026
0026
0026
0026
0026
0026
0026
0026
0026
0026
0026
0026
0026
0026
0026
0026
0026
0026
0026
0026
0026
0026
0026
0026
0026
0026
0026
0026
0026
0026
0026
0026
0026
0026
0026
0026
0026
0026
0026
0026
0026
0026
0026
0026
0026
0026
0026
0026
0026
0026
0026
0026
0026
0026
0026
0026
0026
0026
0026
0026
0026
0026
0026
0026
0026
0026
0026
0026
0026
0026
0026
0026
0026
0026
0026
0026
0026
0026
0026
0026
0026
0026
0026
0026
0026
0026
0026
0026
0026
0026
0026
0026
0026
0026
0026
0026
0026
0026
0026
0026
0026
0026
0026
0026
0026
0026
0026
0026
0026
0026
0026
0026
0026
0026
0026
0026
0026
0026
0026
0026
0026
0026
0026
0027
0027
0027
0027
0027
0027
0027
0027
0027
0027
0027
0027
0027
0027
0027
0027
0027
0027
0027
0027
0027
0027
0027
0027
0027
0027
0027
0027
0027
0027
0027
0027
0027
0027
0027
0027
0027
0027
0027
0027
0027
0027
0027
0027
0027
0027
0027
0027
0027
0027
0027
0027
0027
0027
0027
0027
0027
0027
0027
0027
0027
0027
0027
0027
0028
0028
0028
0028
0028
0028
0028
0028
0028
0028
0028
0028
0028
0028
0028
0028
0028
0028
0028
0028
0028
0028
0028
0028
0028
0028
0028
0028
0028
0028
0028
0028
0028
0028
0028
0028
0028
0028
0028
0028
0028
0028
0028
0028
0028
0028
0028
0028
0028
0028
0028
0028
0028
0028
0028
0028
0028
0028
0028
0028
0028
0028
0028
0028
0028
0028
0028
0028
0028
0028
0028
0028
0028
0028
0028
0028
0028
0028
0028
0028
0028
0028
0028
0028
0028
0028
0028
0028
0028
0028
0028
0028
0028
0028
0028
0028
0028
0028
0028
0028
0028
0028
0028
0028
0028
0028
0028
0028
0028
0028
0028
0028
0028
0028
0028
0028
0028
0028
0028
0028
0028
0028
0028
0028
0028
0028
0028
0028
0029
0029
0029
0029
0029
0029
0029
0029
0029
0029
0029
0029
0029
0029
0029
0029
0029
0029
0029
0029
0029
0029
0029
0029
0029
0029
0029
0029
0029
0029
0029
0029
0029
0029
0029
0029
0029
0029
0029
0029
0029
0029
0029
0029
0029
0029
0029
0029
0029
0029
0029
0029
0029
0029
0029
0029
0029
0029
0029
0029
0029
0029
0029
0029
0029
0029
0029
0029
0029
0029
0029
0029
0029
0029
0029
0029
0029
0029
0029
0029
0029
0029
0029
0029
0029
0029
0029
0029
0029
0029
0029
0029
0029
0029
0029
0029
0029
0029
0029
0029
0029
0029
0029
0029
0029
0029
0029
0029
0029
0029
0029
0029
0029
0029
0029
0029
0029
0029
0029
0029
0029
0029
0029
0029
0029
0029
0029
0029
002a
002a
002a
002a
002a
002a
002a
002a
002a
002a
002a
002a
002a
002a
002a
002a
002a
002a
002a
002a
002a
002a
002a
002a
002a
002a
002a
002a
002a
002a
002a
002a
002a
002a
002a
002a
002a
002a
002a
002a
002a
002a
002a
002a
002a
002a
002a
002a
002a
002a
002a
002a
002a
002a
002a
002a
002a
002a
002a
002a
002a
002a
002a
002a
002b
002b
002b
002b
002b
002b
002b
002b
002b
002b
002b
002b
002b
002b
002b
002b
002b
002b
002b
002b
002b
002b
002b
002b
002b
002b
002b
002b
002b
002b
002b
002b
002b
002b
002b
002b
002b
002b
002b
002b
002b
002b
002b
002b
002b
002b
002b
002b
002b
002b
002b
002b
002b
002b
002b
002b
002b
002b
002b
002b
002b
002b
002b
002b
002b
002b
002b
002b
002b
002b
002b
002b
002b
002b
002b
002b
002b
002b
002b
002b
002b
002b
002b
002b
002b
002b
002b
002b
002b
002b
002b
002b
002b
002b
002b
002b
002b
002b
002b
002b
002b
002b
002b
002b
002b
002b
002b
002b
002b
002b
002b
002b
002b
002b
002b
002b
002b
002b
002b
002b
002b
002b
002b
002b
002b
002b
002b
002b
002c
002c
002c
002c
002c
002c
002c
002c
002c
002c
002c
002c
002c
002c
002c
002c
002c
002c
002c
002c
002c
002c
002c
002c
002c
002c
002c
002c
002c
002c
002c
002c
002c
002c
002c
002c
002c
002c
002c
002c
002c
002c
002c
002c
002c
002c
002c
002c
002c
002c
002c
002c
002c
002c
002c
002c
002c
002c
002c
002c
002c
002c
002c
002c
002d
002d
002d
002d
002d
002d
002d
002d
002d
002d
002d
002d
002d
002d
002d
002d
002d
002d
002d
002d
002d
002d
002d
002d
002d
002d
002d
002d
002d
002d
002d
002d
002d
002d
002d
002d
002d
002d
002d
002d
002d
002d
002d
002d
002d
002d
002d
002d
002d
002d
002d
002d
002d
002d
002d
002d
002d
002d
002d
002d
002d
002d
002d
002d
002e
002e
002e
002e
002e
002e
002e
002e
002e
002e
002e
002e
002e
002e
002e
002e
002e
002e
002e
002e
002e
002e
002e
002e
002e
002e
002e
002e
002e
002e
002e
002e
002e
002e
002e
002e
002e
002e
002e
002e
002e
002e
002e
002e
002e
002e
002e
002e
002e
002e
002e
002e
002e
002e
002e
002e
002e
002e
002e
002e
002e
002e
002e
002e
002e
002e
002e
002e
002e
002e
002e
002e
002e
002e
002e
002e
002e
002e
002e
002e
002e
002e
002e
002e
002e
002e
002e
002e
002e
002e
002e
002e
002e
002e
002e
002e
002e
002e
002e
002e
002e
002e
002e
002e
002e
002e
002e
002e
002e
002e
002e
002e
002e
002e
002e
002e
002e
002e
002e
002e
002e
002e
002e
002e
002e
002e
002e
002e
002f
002f
002f
002f
002f
002f
002f
002f
002f
002f
002f
002f
002f
002f
002f
002f
002f
002f
002f
002f
002f
002f
002f
002f
002f
002f
002f
002f
002f
002f
002f
002f
002f
002f
002f
002f
002f
002f
002f
002f
002f
002f
002f
002f
002f
002f
002f
002f
002f
002f
002f
002f
002f
002f
002f
002f
002f
002f
002f
002f
002f
002f
002f
002f
0030
0030
0030
0030
0030
0030
0030
0030
0030
0030
0030
0030
0030
0030
0030
0030
0030
0030
0030
0030
0030
0030
0030
0030
0030
0030
0030
0030
0030
0030
0030
0030
0030
0030
0030
0030
0030
0030
0030
0030
0030
0030
0030
0030
0030
0030
0030
0030
0030
0030
0030
0030
0030
0030
0030
0030
0030
0030
0030
0030
0030
0030
0030
0030
0030
0030
0030
0030
0030
0030
0030
0030
0030
0030
0030
0030
0030
0030
0030
0030
0030
0030
0030
0030
0030
0030
0030
0030
0030
0030
0030
0030
0030
0030
0030
0030
0030
0030
0030
0030
0030
0030
0030
0030
0030
0030
0030
0030
0030
0030
0030
0030
0030
0030
0030
0030
0030
0030
0030
0030
0030
0030
0030
0030
0030
0030
0030
0030
0031
0031
0031
0031
0031
0031
0031
0031
0031
0031
0031
0031
0031
0031
0031
0031
0031
0031
0031
0031
0031
0031
0031
0031
0031
0031
0031
0031
0031
0031
0031
0031
0031
0031
0031
0031
0031
0031
0031
0031
0031
0031
0031
0031
0031
0031
0031
0031
0031
0031
0031
0031
0031
0031
0031
0031
0031
0031
0031
0031
0031
0031
0031
0031
0032
0032
0032
0032
0032
0032
0032
0032
0032
0032
0032
0032
0032
0032
0032
0032
0032
0032
0032
0032
0032
0032
0032
0032
0032
0032
0032
0032
0032
0032
0032
0032
0032
0032
0032
0032
0032
0032
0032
0032
0032
0032
0032
0032
0032
0032
0032
0032
0032
0032
0032
0032
0032
0032
0032
0032
0032
0032
0032
0032
0032
0032
0032
0032
0033
0033
0033
0033
0033
0033
0033
0033
0033
0033
0033
0033
0033
0033
0033
0033
0033
0033
0033
0033
0033
0033
0033
0033
0033
0033
0033
0033
0033
0033
0033
0033
0033
0033
0033
0033
0033
0033
0033
0033
0033
0033
0033
0033
0033
0033
0033
0033
0033
0033
0033
0033
0033
0033
0033
0033
0033
0033
0033
0033
0033
0033
0033
0033
0034
0034
0034
0034
0034
0034
0034
0034
0034
0034
0034
0034
0034
0034
0034
0034
0034
0034
0034
0034
0034
0034
0034
0034
0034
0034
0034
0034
0034
0034
0034
0034
0034
0034
0034
0034
0034
0034
0034
0034
0034
0034
0034
0034
0034
0034
0034
0034
0034
0034
0034
0034
0034
0034
0034
0034
0034
0034
0034
0034
0034
0034
0034
0034
0034
0034
0034
0034
0034
0034
0034
0034
0034
0034
0034
0034
0034
0034
0034
0034
0034
0034
0034
0034
0034
0034
0034
0034
0034
0034
0034
0034
0034
0034
0034
0034
0034
0034
0034
0034
0034
0034
0034
0034
0034
0034
0034
0034
0034
0034
0034
0034
0034
0034
0034
0034
0034
0034
0034
0034
0034
0034
0034
0034
0034
0034
0034
0034
0035
0035
0035
0035
0035
0035
0035
0035
0035
0035
0035
0035
0035
0035
0035
0035
0035
0035
0035
0035
0035
0035
0035
0035
0035
0035
0035
0035
0035
0035
0035
0035
0035
0035
0035
0035
0035
0035
0035
0035
0035
0035
0035
0035
0035
0035
0035
0035
0035
0035
0035
0035
0035
0035
0035
0035
0035
0035
0035
0035
0035
0035
0035
0035
0036
0036
0036
0036
0036
0036
0036
0036
0036
0036
0036
0036
0036
0036
0036
0036
0036
0036
0036
0036
0036
0036
0036
0036
0036
0036
0036
0036
0036
0036
0036
0036
0036
0036
0036
0036
0036
0036
0036
0036
0036
0036
0036
0036
0036
0036
0036
0036
0036
0036
0036
0036
0036
0036
0036
0036
0036
0036
0036
0036
0036
0036
0036
0036
0037
0037
0037
0037
0037
0037
0037
0037
0037
0037
0037
0037
0037
0037
0037
0037
0037
0037
0037
0037
0037
0037
0037
0037
0037
0037
0037
0037
0037
0037
0037
0037
0037
0037
0037
0037
0037
0037
0037
0037
0037
0037
0037
0037
0037
0037
0037
0037
0037
0037
0037
0037
0037
0037
0037
0037
0037
0037
0037
0037
0037
0037
0037
0037
0038
0038
0038
0038
0038
0038
0038
0038
0038
0038
0038
0038
0038
0038
0038
0038
0038
0038
0038
0038
0038
0038
0038
0038
0038
0038
0038
0038
0038
0038
0038
0038
0038
0038
0038
0038
0038
0038
0038
0038
0038
0038
0038
0038
0038
0038
0038
0038
0038
0038
0038
0038
0038
0038
0038
0038
0038
0038
0038
0038
0038
0038
0038
0038
0039
0039
0039
0039
0039
0039
0039
0039
0039
0039
0039
0039
0039
0039
0039
0039
0039
0039
0039
0039
0039
0039
0039
0039
0039
0039
0039
0039
0039
0039
0039
0039
0039
0039
0039
0039
0039
0039
0039
0039
0039
0039
0039
0039
0039
0039
0039
0039
0039
0039
0039
0039
0039
0039
0039
0039
0039
0039
0039
0039
0039
0039
0039
0039
003a
003a
003a
003a
003a
003a
003a
003a
003a
003a
003a
003a
003a
003a
003a
003a
003a
003a
003a
003a
003a
003a
003a
003a
003a
003a
003a
003a
003a
003a
003a
003a
003a
003a
003a
003a
003a
003a
003a
003a
003a
003a
003a
003a
003a
003a
003a
003a
003a
003a
003a
003a
003a
003a
003a
003a
003a
003a
003a
003a
003a
003a
003a
003a
003a
003a
003a
003a
003a
003a
003a
003a
003a
003a
003a
003a
003a
003a
003a
003a
003a
003a
003a
003a
003a
003a
003a
003a
003a
003a
003a
003a
003a
003a
003a
003a
003a
003a
003a
003a
003a
003a
003a
003a
003a
003a
003a
003a
003a
003a
003a
003a
003a
003a
003a
003a
003a
003a
003a
003a
003a
003a
003a
003a
003a
003a
003a
003a
003b
003b
003b
003b
003b
003b
003b
003b
003b
003b
003b
003b
003b
003b
003b
003b
003b
003b
003b
003b
003b
003b
003b
003b
003b
003b
003b
003b
003b
003b
003b
003b
003b
003b
003b
003b
003b
003b
003b
003b
003b
003b
003b
003b
003b
003b
003b
003b
003b
003b
003b
003b
003b
003b
003b
003b
003b
003b
003b
003b
003b
003b
003b
003b
003c
003c
003c
003c
003c
003c
003c
003c
003c
003c
003c
003c
003c
003c
003c
003c
003c
003c
003c
003c
003c
003c
003c
003c
003c
003c
003c
003c
003c
003c
003c
003c
003c
003c
003c
003c
003c
003c
003c
003c
003c
003c
003c
003c
003c
003c
003c
003c
003c
003c
003c
003c
003c
003c
003c
003c
003c
003c
003c
003c
003c
003c
003c
003c
003d
003d
003d
003d
003d
003d
003d
003d
003d
003d
003d
003d
003d
003d
003d
003d
003d
003d
003d
003d
003d
003d
003d
003d
003d
003d
003d
003d
003d
003d
003d
003d
003d
003d
003d
003d
003d
003d
003d
003d
003d
003d
003d
003d
003d
003d
003d
003d
003d
003d
003d
003d
003d
003d
003d
003d
003d
003d
003d
003d
003d
003d
003d
003d
003e
003e
003e
003e
003e
003e
003e
003e
003e
003e
003e
003e
003e
003e
003e
003e
003e
003e
003e
003e
003e
003e
003e
003e
003e
003e
003e
003e
003e
003e
003e
003e
003e
003e
003e
003e
003e
003e
003e
003e
003e
003e
003e
003e
003e
003e
003e
003e
003e
003e
003e
003e
003e
003e
003e
003e
003e
003e
003e
003e
003e
003e
003e
003e
003f
003f
003f
003f
003f
003f
003f
003f
003f
003f
003f
003f
003f
003f
003f
003f
003f
003f
003f
003f
003f
003f
003f
003f
003f
003f
003f
003f
003f
003f
003f
003f
003f
003f
003f
003f
003f
003f
003f
003f
003f
003f
003f
003f
003f
003f
003f
003f
003f
003f
003f
003f
003f
003f
003f
003f
003f
003f
003f
003f
003f
003f
003f
003f
0040
0040
0040
0040
0040
0040
0040
0040
0040
0040
0040
0040
0040
0040
0040
0040
0040
0040
0040
0040
0040
0040
0040
0040
0040
0040
0040
0040
0040
0040
0040
0040
0040
0040
0040
0040
0040
0040
0040
0040
0040
0040
0040
0040
0040
0040
0040
0040
0040
0040
0040
0040
0040
0040
0040
0040
0040
0040
0040
0040
0040
0040
0040
0040
0041
0041
0041
0041
0041
0041
0041
0041
0041
0041
0041
0041
0041
0041
0041
0041
0041
0041
0041
0041
0041
0041
0041
0041
0041
0041
0041
0041
0041
0041
0041
0041
0041
0041
0041
0041
0041
0041
0041
0041
0041
0041
0041
0041
0041
0041
0041
0041
0041
0041
0041
0041
0041
0041
0041
0041
0041
0041
0041
0041
0041
0041
0041
0041
0042
0042
0042
0042
0042
0042
0042
0042
0042
0042
0042
0042
0042
0042
0042
0042
0042
0042
0042
0042
0042
0042
0042
0042
0042
0042
0042
0042
0042
0042
0042
0042
0042
0042
0042
0042
0042
0042
0042
0042
0042
0042
0042
0042
0042
0042
0042
0042
0042
0042
0042
0042
0042
0042
0042
0042
0042
0042
0042
0042
0042
0042
0042
0042
0043
0043
0043
0043
0043
0043
0043
0043
0043
0043
0043
0043
0043
0043
0043
0043
0043
0043
0043
0043
0043
0043
0043
0043
0043
0043
0043
0043
0043
0043
0043
0043
0043
0043
0043
0043
0043
0043
0043
0043
0043
0043
0043
0043
0043
0043
0043
0043
0043
0043
0043
0043
0043
0043
0043
0043
0043
0043
0043
0043
0043
0043
0043
0043
0044
0044
0044
0044
0044
0044
0044
0044
0044
0044
0044
0044
0044
0044
0044
0044
0044
0044
0044
0044
0044
0044
0044
0044
0044
0044
0044
0044
0044
0044
0044
0044
0044
0044
0044
0044
0044
0044
0044
0044
0044
0044
0044
0044
0044
0044
0044
0044
0044
0044
0044
0044
0044
0044
0044
0044
0044
0044
0044
0044
0044
0044
0044
0044
0045
0045
0045
0045
0045
0045
0045
0045
0045
0045
0045
0045
0045
0045
0045
0045
0045
0045
0045
0045
0045
0045
0045
0045
0045
0045
0045
0045
0045
0045
0045
0045
0045
0045
0045
0045
0045
0045
0045
0045
0045
0045
0045
0045
0045
0045
0045
0045
0045
0045
0045
0045
0045
0045
0045
0045
0045
0045
0045
0045
0045
0045
0045
0045
0046
0046
0046
0046
0046
0046
0046
0046
0046
0046
0046
0046
0046
0046
0046
0046
0046
0046
0046
0046
0046
0046
0046
0046
0046
0046
0046
0046
0046
0046
0046
0046
0046
0046
0046
0046
0046
0046
0046
0046
0046
0046
0046
0046
0046
0046
0046
0046
0047
0047
0047
0047
0047
0047
0047
0047
0047
0047
0047
0047
0047
0047
0047
0047
0047
0047
0047
0047
0047
0047
0047
0047
0047
0047
0047
0047
0047
0047
0047
0047
0048
0048
0048
0048
0048
0048
0048
0048
0048
0048
0048
0048
0048
0048
0048
0048
0048
0048
0048
0048
0048
0048
0048
0048
0048
0048
0048
0048
0048
0048
0048
0048
0048
0048
0048
0048
0048
0048
0048
0048
0048
0048
0048
0048
0048
0048
0048
0048
0049
0049
0049
0049
0049
0049
0049
0049
0049
0049
0049
0049
0049
0049
0049
0049
0049
0049
0049
0049
0049
0049
0049
0049
0049
0049
0049
0049
0049
0049
0049
0049
0049
0049
0049
0049
0049
0049
0049
0049
0049
0049
0049
0049
0049
0049
0049
0049
0049
0049
0049
0049
0049
0049
0049
0049
0049
0049
0049
0049
0049
0049
0049
0049
004a
004a
004a
004a
004a
004a
004a
004a
004a
004a
004a
004a
004a
004a
004a
004a
004a
004a
004a
004a
004a
004a
004a
004a
004a
004a
004a
004a
004a
004a
004a
004a
004a
004a
004a
004a
004a
004a
004a
004a
004a
004a
004a
004a
004a
004a
004a
004a
004a
004a
004a
004a
004a
004a
004a
004a
004a
004a
004a
004a
004a
004a
004a
004a
004b
004b
004b
004b
004b
004b
004b
004b
004b
004b
004b
004b
004b
004b
004b
004b
004b
004b
004b
004b
004b
004b
004b
004b
004b
004b
004b
004b
004b
004b
004b
004b
004b
004b
004b
004b
004b
004b
004b
004b
004b
004b
004b
004b
004b
004b
004b
004b
004b
004b
004b
004b
004b
004b
004b
004b
004b
004b
004b
004b
004b
004b
004b
004b
004c
004c
004c
004c
004c
004c
004c
004c
004c
004c
004c
004c
004c
004c
004c
004c
004c
004c
004c
004c
004c
004c
004c
004c
004c
004c
004c
004c
004c
004c
004c
004c
004c
004c
004c
004c
004c
004c
004c
004c
004c
004c
004c
004c
004c
004c
004c
004c
004c
004c
004c
004c
004c
004c
004c
004c
004c
004c
004c
004c
004c
004c
004c
004c
004d
004d
004d
004d
004d
004d
004d
004d
004d
004d
004d
004d
004d
004d
004d
004d
004d
004d
004d
004d
004d
004d
004d
004d
004d
004d
004d
004d
004d
004d
004d
004d
004d
004d
004d
004d
004d
004d
004d
004d
004d
004d
004d
004d
004d
004d
004d
004d
004e
004e
004e
004e
004e
004e
004e
004e
004e
004e
004e
004e
004e
004e
004e
004e
004e
004e
004e
004e
004e
004e
004e
004e
004e
004e
004e
004e
004e
004e
004e
004e
004f
004f
004f
004f
004f
004f
004f
004f
004f
004f
004f
004f
004f
004f
004f
004f
004f
004f
004f
004f
004f
004f
004f
004f
004f
004f
004f
004f
004f
004f
004f
004f
004f
004f
004f
004f
004f
004f
004f
004f
004f
004f
004f
004f
004f
004f
004f
004f
0050
0050
0050
0050
0050
0050
0050
0050
0050
0050
0050
0050
0050
0050
0050
0050
0050
0050
0050
0050
0050
0050
0050
0050
0050
0050
0050
0050
0050
0050
0050
0050
0050
0050
0050
0050
0050
0050
0050
0050
0050
0050
0050
0050
0050
0050
0050
0050
0050
0050
0050
0050
0050
0050
0050
0050
0050
0050
0050
0050
0050
0050
0050
0050
0051
0051
0051
0051
0051
0051
0051
0051
0051
0051
0051
0051
0051
0051
0051
0051
0051
0051
0051
0051
0051
0051
0051
0051
0051
0051
0051
0051
0051
0051
0051
0051
0051
0051
0051
0051
0051
0051
0051
0051
0051
0051
0051
0051
0051
0051
0051
0051
0051
0051
0051
0051
0051
0051
0051
0051
0051
0051
0051
0051
0051
0051
0051
0051
0052
0052
0052
0052
0052
0052
0052
0052
0052
0052
0052
0052
0052
0052
0052
0052
0052
0052
0052
0052
0052
0052
0052
0052
0052
0052
0052
0052
0052
0052
0052
0052
0052
0052
0052
0052
0052
0052
0052
0052
0052
0052
0052
0052
0052
0052
0052
0052
0053
0053
0053
0053
0053
0053
0053
0053
0053
0053
0053
0053
0053
0053
0053
0053
0053
0053
0053
0053
0053
0053
0053
0053
0053
0053
0053
0053
0053
0053
0053
0053
0054
0054
0054
0054
0054
0054
0054
0054
0054
0054
0054
0054
0054
0054
0054
0054
0054
0054
0054
0054
0054
0054
0054
0054
0054
0054
0054
0054
0054
0054
0054
0054
0054
0054
0054
0054
0054
0054
0054
0054
0054
0054
0054
0054
0054
0054
0054
0054
0055
0055
0055
0055
0055
0055
0055
0055
0055
0055
0055
0055
0055
0055
0055
0055
0055
0055
0055
0055
0055
0055
0055
0055
0055
0055
0055
0055
0055
0055
0055
0055
0055
0055
0055
0055
0055
0055
0055
0055
0055
0055
0055
0055
0055
0055
0055
0055
0055
0055
0055
0055
0055
0055
0055
0055
0055
0055
0055
0055
0055
0055
0055
0055
0056
0056
0056
0056
0056
0056
0056
0056
0056
0056
0056
0056
0056
0056
0056
0056
0056
0056
0056
0056
0056
0056
0056
0056
0056
0056
0056
0056
0056
0056
0056
0056
0056
0056
0056
0056
0056
0056
0056
0056
0056
0056
0056
0056
0056
0056
0056
0056
0057
0057
0057
0057
0057
0057
0057
0057
0057
0057
0057
0057
0057
0057
0057
0057
0057
0057
0057
0057
0057
0057
0057
0057
0057
0057
0057
0057
0057
0057
0057
0057
0058
0058
0058
0058
0058
0058
0058
0058
0058
0058
0058
0058
0058
0058
0058
0058
0058
0058
0058
0058
0058
0058
0058
0058
0058
0058
0058
0058
0058
0058
0058
0058
0058
0058
0058
0058
0058
0058
0058
0058
0058
0058
0058
0058
0058
0058
0058
0058
0059
0059
0059
0059
0059
0059
0059
0059
0059
0059
0059
0059
0059
0059
0059
0059
0059
0059
0059
0059
0059
0059
0059
0059
0059
0059
0059
0059
0059
0059
0059
0059
0059
0059
0059
0059
0059
0059
0059
0059
0059
0059
0059
0059
0059
0059
0059
0059
0059
0059
0059
0059
0059
0059
0059
0059
0059
0059
0059
0059
0059
0059
0059
0059
005a
005a
005a
005a
005a
005a
005a
005a
005a
005a
005a
005a
005a
005a
005a
005a
005a
005a
005a
005a
005a
005a
005a
005a
005a
005a
005a
005a
005a
005a
005a
005a
005a
005a
005a
005a
005a
005a
005a
005a
005a
005a
005a
005a
005a
005a
005a
005a
005b
005b
005b
005b
005b
005b
005b
005b
005b
005b
005b
005b
005b
005b
005b
005b
005b
005b
005b
005b
005b
005b
005b
005b
005b
005b
005b
005b
005b
005b
005b
005b
005c
005c
005c
005c
005c
005c
005c
005c
005c
005c
005c
005c
005c
005c
005c
005c
005c
005c
005c
005c
005c
005c
005c
005c
005c
005c
005c
005c
005c
005c
005c
005c
005c
005c
005c
005c
005c
005c
005c
005c
005c
005c
005c
005c
005c
005c
005c
005c
005d
005d
005d
005d
005d
005d
005d
005d
005d
005d
005d
005d
005d
005d
005d
005d
005d
005d
005d
005d
005d
005d
005d
005d
005d
005d
005d
005d
005d
005d
005d
005d
005d
005d
005d
005d
005d
005d
005d
005d
005d
005d
005d
005d
005d
005d
005d
005d
005e
005e
005e
005e
005e
005e
005e
005e
005e
005e
005e
005e
005e
005e
005e
005e
005e
005e
005e
005e
005e
005e
005e
005e
005e
005e
005e
005e
005e
005e
005e
005e
005f
005f
005f
005f
005f
005f
005f
005f
005f
005f
005f
005f
005f
005f
005f
005f
005f
005f
005f
005f
005f
005f
005f
005f
005f
005f
005f
005f
005f
005f
005f
005f
005f
005f
005f
005f
005f
005f
005f
005f
005f
005f
005f
005f
005f
005f
005f
005f
0060
0060
0060
0060
0060
0060
0060
0060
0060
0060
0060
0060
0060
0060
0060
0060
0060
0060
0060
0060
0060
0060
0060
0060
0060
0060
0060
0060
0060
0060
0060
0060
0060
0060
0060
0060
0060
0060
0060
0060
0060
0060
0060
0060
0060
0060
0060
0060
0061
0061
0061
0061
0061
0061
0061
0061
0061
0061
0061
0061
0061
0061
0061
0061
0061
0061
0061
0061
0061
0061
0061
0061
0061
0061
0061
0061
0061
0061
0061
0061
0062
0062
0062
0062
0062
0062
0062
0062
0062
0062
0062
0062
0062
0062
0062
0062
0062
0062
0062
0062
0062
0062
0062
0062
0062
0062
0062
0062
0062
0062
0062
0062
0062
0062
0062
0062
0062
0062
0062
0062
0062
0062
0062
0062
0062
0062
0062
0062
0063
0063
0063
0063
0063
0063
0063
0063
0063
0063
0063
0063
0063
0063
0063
0063
0063
0063
0063
0063
0063
0063
0063
0063
0063
0063
0063
0063
0063
0063
0063
0063
0063
0063
0063
0063
0063
0063
0063
0063
0063
0063
0063
0063
0063
0063
0063
0063
0064
0064
0064
0064
0064
0064
0064
0064
0064
0064
0064
0064
0064
0064
0064
0064
0064
0064
0064
0064
0064
0064
0064
0064
0064
0064
0064
0064
0064
0064
0064
0064
0065
0065
0065
0065
0065
0065
0065
0065
0065
0065
0065
0065
0065
0065
0065
0065
0065
0065
0065
0065
0065
0065
0065
0065
0065
0065
0065
0065
0065
0065
0065
0065
0066
0066
0066
0066
0066
0066
0066
0066
0066
0066
0066
0066
0066
0066
0066
0066
0066
0066
0066
0066
0066
0066
0066
0066
0066
0066
0066
0066
0066
0066
0066
0066
0067
0067
0067
0067
0067
0067
0067
0067
0067
0067
0067
0067
0067
0067
0067
0067
0067
0067
0067
0067
0067
0067
0067
0067
0067
0067
0067
0067
0067
0067
0067
0067
0067
0067
0067
0067
0067
0067
0067
0067
0067
0067
0067
0067
0067
0067
0067
0067
0068
0068
0068
0068
0068
0068
0068
0068
0068
0068
0068
0068
0068
0068
0068
0068
0068
0068
0068
0068
0068
0068
0068
0068
0068
0068
0068
0068
0068
0068
0068
0068
0068
0068
0068
0068
0068
0068
0068
0068
0068
0068
0068
0068
0068
0068
0068
0068
0069
0069
0069
0069
0069
0069
0069
0069
0069
0069
0069
0069
0069
0069
0069
0069
0069
0069
0069
0069
0069
0069
0069
0069
0069
0069
0069
0069
0069
0069
0069
0069
006a
006a
006a
006a
006a
006a
006a
006a
006a
006a
006a
006a
006a
006a
006a
006a
006a
006a
006a
006a
006a
006a
006a
006a
006a
006a
006a
006a
006a
006a
006a
006a
006a
006a
006a
006a
006a
006a
006a
006a
006a
006a
006a
006a
006a
006a
006a
006a
006b
006b
006b
006b
006b
006b
006b
006b
006b
006b
006b
006b
006b
006b
006b
006b
006b
006b
006b
006b
006b
006b
006b
006b
006b
006b
006b
006b
006b
006b
006b
006b
006b
006b
006b
006b
006b
006b
006b
006b
006b
006b
006b
006b
006b
006b
006b
006b
006c
006c
006c
006c
006c
006c
006c
006c
006c
006c
006c
006c
006c
006c
006c
006c
006c
006c
006c
006c
006c
006c
006c
006c
006c
006c
006c
006c
006c
006c
006c
006c
006d
006d
006d
006d
006d
006d
006d
006d
006d
006d
006d
006d
006d
006d
006d
006d
006d
006d
006d
006d
006d
006d
006d
006d
006d
006d
006d
006d
006d
006d
006d
006d
006e
006e
006e
006e
006e
006e
006e
006e
006e
006e
006e
006e
006e
006e
006e
006e
006e
006e
006e
006e
006e
006e
006e
006e
006e
006e
006e
006e
006e
006e
006e
006e
006f
006f
006f
006f
006f
006f
006f
006f
006f
006f
006f
006f
006f
006f
006f
006f
006f
006f
006f
006f
006f
006f
006f
006f
006f
006f
006f
006f
006f
006f
006f
006f
0070
0070
0070
0070
0070
0070
0070
0070
0070
0070
0070
0070
0070
0070
0070
0070
0070
0070
0070
0070
0070
0070
0070
0070
0070
0070
0070
0070
0070
0070
0070
0070
0071
0071
0071
0071
0071
0071
0071
0071
0071
0071
0071
0071
0071
0071
0071
0071
0071
0071
0071
0071
0071
0071
0071
0071
0071
0071
0071
0071
0071
0071
0071
0071
0071
0071
0071
0071
0071
0071
0071
0071
0071
0071
0071
0071
0071
0071
0071
0071
0072
0072
0072
0072
0072
0072
0072
0072
0072
0072
0072
0072
0072
0072
0072
0072
0072
0072
0072
0072
0072
0072
0072
0072
0072
0072
0072
0072
0072
0072
0072
0072
0072
0072
0072
0072
0072
0072
0072
0072
0072
0072
0072
0072
0072
0072
0072
0072
0073
0073
0073
0073
0073
0073
0073
0073
0073
0073
0073
0073
0073
0073
0073
0073
0073
0073
0073
0073
0073
0073
0073
0073
0073
0073
0073
0073
0073
0073
0073
0073
0074
0074
0074
0074
0074
0074
0074
0074
0074
0074
0074
0074
0074
0074
0074
0074
0074
0074
0074
0074
0074
0074
0074
0074
0074
0074
0074
0074
0074
0074
0074
0074
0075
0075
0075
0075
0075
0075
0075
0075
0075
0075
0075
0075
0075
0075
0075
0075
0075
0075
0075
0075
0075
0075
0075
0075
0075
0075
0075
0075
0075
0075
0075
0075
0076
0076
0076
0076
0076
0076
0076
0076
0076
0076
0076
0076
0076
0076
0076
0076
0076
0076
0076
0076
0076
0076
0076
0076
0076
0076
0076
0076
0076
0076
0076
0076
0077
0077
0077
0077
0077
0077
0077
0077
0077
0077
0077
0077
0077
0077
0077
0077
0077
0077
0077
0077
0077
0077
0077
0077
0077
0077
0077
0077
0077
0077
0077
0077
0078
0078
0078
0078
0078
0078
0078
0078
0078
0078
0078
0078
0078
0078
0078
0078
0078
0078
0078
0078
0078
0078
0078
0078
0078
0078
0078
0078
0078
0078
0078
0078
0079
0079
0079
0079
0079
0079
0079
0079
0079
0079
0079
0079
0079
0079
0079
0079
0079
0079
0079
0079
0079
0079
0079
0079
0079
0079
0079
0079
0079
0079
0079
0079
007a
007a
007a
007a
007a
007a
007a
007a
007a
007a
007a
007a
007a
007a
007a
007a
007a
007a
007a
007a
007a
007a
007a
007a
007a
007a
007a
007a
007a
007a
007a
007a
007b
007b
007b
007b
007b
007b
007b
007b
007b
007b
007b
007b
007b
007b
007b
007b
007b
007b
007b
007b
007b
007b
007b
007b
007b
007b
007b
007b
007b
007b
007b
007b
007c
007c
007c
007c
007c
007c
007c
007c
007c
007c
007c
007c
007c
007c
007c
007c
007c
007c
007c
007c
007c
007c
007c
007c
007c
007c
007c
007c
007c
007c
007c
007c
007d
007d
007d
007d
007d
007d
007d
007d
007d
007d
007d
007d
007d
007d
007d
007d
007d
007d
007d
007d
007d
007d
007d
007d
007d
007d
007d
007d
007d
007d
007d
007d
007e
007e
007e
007e
007e
007e
007e
007e
007e
007e
007e
007e
007e
007e
007e
007e
007e
007e
007e
007e
007e
007e
007e
007e
007e
007e
007e
007e
007e
007e
007e
007e
007f
007f
007f
007f
007f
007f
007f
007f
007f
007f
007f
007f
007f
007f
007f
007f
007f
007f
007f
007f
007f
007f
007f
007f
007f
007f
007f
007f
007f
007f
007f
007f
0080
0080
0080
0080
0080
0080
0080
0080
0080
0080
0080
0080
0080
0080
0080
0080
0080
0080
0080
0080
0080
0080
0080
0080
0080
0080
0080
0080
0080
0080
0080
0080
0081
0081
0081
0081
0081
0081
0081
0081
0081
0081
0081
0081
0081
0081
0081
0081
0081
0081
0081
0081
0081
0081
0081
0081
0081
0081
0081
0081
0081
0081
0081
0081
0082
0082
0082
0082
0082
0082
0082
0082
0082
0082
0082
0082
0082
0082
0082
0082
0082
0082
0082
0082
0082
0082
0082
0082
0082
0082
0082
0082
0082
0082
0082
0082
0083
0083
0083
0083
0083
0083
0083
0083
0083
0083
0083
0083
0083
0083
0083
0083
0083
0083
0083
0083
0083
0083
0083
0083
0083
0083
0083
0083
0083
0083
0083
0083
0084
0084
0084
0084
0084
0084
0084
0084
0084
0084
0084
0084
0084
0084
0084
0084
0084
0084
0084
0084
0084
0084
0084
0084
0084
0084
0084
0084
0084
0084
0084
0084
0085
0085
0085
0085
0085
0085
0085
0085
0085
0085
0085
0085
0085
0085
0085
0085
0085
0085
0085
0085
0085
0085
0085
0085
0085
0085
0085
0085
0085
0085
0085
0085
0086
0086
0086
0086
0086
0086
0086
0086
0086
0086
0086
0086
0086
0086
0086
0086
0086
0086
0086
0086
0086
0086
0086
0086
0086
0086
0086
0086
0086
0086
0086
0086
0087
0087
0087
0087
0087
0087
0087
0087
0087
0087
0087
0087
0087
0087
0087
0087
0087
0087
0087
0087
0087
0087
0087
0087
0087
0087
0087
0087
0087
0087
0087
0087
0088
0088
0088
0088
0088
0088
0088
0088
0088
0088
0088
0088
0088
0088
0088
0088
0088
0088
0088
0088
0088
0088
0088
0088
0088
0088
0088
0088
0088
0088
0088
0088
0089
0089
0089
0089
0089
0089
0089
0089
0089
0089
0089
0089
0089
0089
0089
0089
0089
0089
0089
0089
0089
0089
0089
0089
0089
0089
0089
0089
0089
0089
0089
0089
008a
008a
008a
008a
008a
008a
008a
008a
008a
008a
008a
008a
008a
008a
008a
008a
008a
008a
008a
008a
008a
008a
008a
008a
008a
008a
008a
008a
008a
008a
008a
008a
008b
008b
008b
008b
008b
008b
008b
008b
008b
008b
008b
008b
008b
008b
008b
008b
008b
008b
008b
008b
008b
008b
008b
008b
008b
008b
008b
008b
008b
008b
008b
008b
008c
008c
008c
008c
008c
008c
008c
008c
008c
008c
008c
008c
008c
008c
008c
008c
008c
008c
008c
008c
008c
008c
008c
008c
008c
008c
008c
008c
008c
008c
008c
008c
008d
008d
008d
008d
008d
008d
008d
008d
008d
008d
008d
008d
008d
008d
008d
008d
008d
008d
008d
008d
008d
008d
008d
008d
008d
008d
008d
008d
008d
008d
008d
008d
008e
008e
008e
008e
008e
008e
008e
008e
008e
008e
008e
008e
008e
008e
008e
008e
008e
008e
008e
008e
008e
008e
008e
008e
008e
008e
008e
008f
008f
008f
008f
008f
008f
008f
008f
008f
008f
008f
008f
008f
008f
008f
008f
008f
008f
008f
008f
008f
0090
0090
0090
0090
0090
0090
0090
0090
0090
0090
0090
0090
0090
0090
0090
0090
0090
0090
0090
0090
0090
0090
0091
0091
0091
0091
0091
0091
0091
0091
0091
0091
0091
0091
0091
0091
0091
0091
0091
0091
0091
0091
0091
0091
0091
0091
0091
0091
0092
0092
0092
0092
0092
0092
0092
0092
0092
0092
0092
0092
0092
0092
0092
0092
0092
0092
0092
0092
0092
0092
0092
0092
0092
0092
0092
0092
0092
0092
0092
0092
0093
0093
0093
0093
0093
0093
0093
0093
0093
0093
0093
0093
0093
0093
0093
0093
0093
0093
0093
0093
0093
0093
0093
0093
0093
0093
0093
0093
0093
0093
0093
0093
0094
0094
0094
0094
0094
0094
0094
0094
0094
0094
0094
0094
0094
0094
0094
0094
0094
0094
0094
0094
0094
0094
0094
0094
0094
0094
0094
0094
0094
0094
0094
0094
0095
0095
0095
0095
0095
0095
0095
0095
0095
0095
0095
0095
0095
0095
0095
0095
0095
0095
0095
0095
0095
0095
0095
0095
0095
0095
0095
0096
0096
0096
0096
0096
0096
0096
0096
0096
0096
0096
0096
0096
0096
0096
0096
0096
0096
0096
0096
0096
0097
0097
0097
0097
0097
0097
0097
0097
0097
0097
0097
0097
0097
0097
0097
0097
0097
0097
0097
0097
0097
0097
0098
0098
0098
0098
0098
0098
0098
0098
0098
0098
0098
0098
0098
0098
0098
0098
0098
0098
0098
0098
0098
0098
0098
0098
0098
0098
0099
0099
0099
0099
0099
0099
0099
0099
0099
0099
0099
0099
0099
0099
0099
0099
0099
0099
0099
0099
0099
0099
0099
0099
0099
0099
0099
0099
0099
0099
0099
0099
009a
009a
009a
009a
009a
009a
009a
009a
009a
009a
009a
009a
009a
009a
009a
009a
009a
009a
009a
009a
009a
009a
009a
009a
009a
009a
009a
009a
009a
009a
009a
009a
009b
009b
009b
009b
009b
009b
009b
009b
009b
009b
009b
009b
009b
009b
009b
009b
009b
009b
009b
009b
009b
009b
009b
009b
009b
009b
009b
009b
009b
009b
009b
009b
009c
009c
009c
009c
009c
009c
009c
009c
009c
009c
009c
009c
009c
009c
009c
009c
009c
009c
009c
009c
009c
009c
009c
009c
009c
009c
009c
009d
009d
009d
009d
009d
009d
009d
009d
009d
009d
009d
009d
009d
009d
009d
009d
009d
009d
009d
009d
009d
009e
009e
009e
009e
009e
009e
009e
009e
009e
009e
009e
009e
009e
009e
009e
009e
009e
009e
009e
009e
009e
009e
009f
009f
009f
009f
009f
009f
009f
009f
009f
009f
009f
009f
009f
009f
009f
009f
009f
009f
009f
009f
009f
009f
009f
009f
009f
009f
00a0
00a0
00a0
00a0
00a0
00a0
00a0
00a0
00a0
00a0
00a0
00a0
00a0
00a0
00a0
00a0
00a0
00a0
00a0
00a0
00a0
00a0
00a0
00a0
00a0
00a0
00a0
00a0
00a0
00a0
00a0
00a0
00a1
00a1
00a1
00a1
00a1
00a1
00a1
00a1
00a1
00a1
00a1
00a1
00a1
00a1
00a1
00a1
00a1
00a1
00a1
00a1
00a1
00a1
00a1
00a1
00a1
00a1
00a1
00a2
00a2
00a2
00a2
00a2
00a2
00a2
00a2
00a2
00a2
00a2
00a2
00a2
00a2
00a2
00a2
00a2
00a2
00a2
00a2
00a2
00a3
00a3
00a3
00a3
00a3
00a3
00a3
00a3
00a3
00a3
00a3
00a3
00a3
00a3
00a3
00a3
00a3
00a3
00a3
00a3
00a3
00a3
00a4
00a4
00a4
00a4
00a4
00a4
00a4
00a4
00a4
00a4
00a4
00a4
00a4
00a4
00a4
00a4
00a4
00a4
00a4
00a4
00a4
00a4
00a4
00a4
00a4
00a4
00a5
00a5
00a5
00a5
00a5
00a5
00a5
00a5
00a5
00a5
00a5
00a5
00a5
00a5
00a5
00a5
00a5
00a5
00a5
00a5
00a5
00a5
00a5
00a5
00a5
00a5
00a5
00a5
00a5
00a5
00a5
00a5
00a6
00a6
00a6
00a6
00a6
00a6
00a6
00a6
00a6
00a6
00a6
00a6
00a6
00a6
00a6
00a6
00a6
00a6
00a6
00a6
00a6
00a6
00a6
00a6
00a6
00a6
00a6
00a7
00a7
00a7
00a7
00a7
00a7
00a7
00a7
00a7
00a7
00a7
00a7
00a7
00a7
00a7
00a7
00a7
00a7
00a7
00a7
00a7
00a8
00a8
00a8
00a8
00a8
00a8
00a8
00a8
00a8
00a8
00a8
00a8
00a8
00a8
00a8
00a8
00a8
00a8
00a8
00a8
00a8
00a8
00a9
00a9
00a9
00a9
00a9
00a9
00a9
00a9
00a9
00a9
00a9
00a9
00a9
00a9
00a9
00a9
00a9
00a9
00a9
00a9
00a9
00aa
00aa
00aa
00aa
00aa
00aa
00aa
00aa
00aa
00aa
00aa
00aa
00aa
00aa
00aa
00aa
00aa
00aa
00aa
00aa
00aa
00ab
00ab
00ab
00ab
00ab
00ab
00ab
00ab
00ab
00ab
00ab
00ab
00ab
00ab
00ab
00ab
00ab
00ab
00ab
00ab
00ab
00ab
00ac
00ac
00ac
00ac
00ac
00ac
00ac
00ac
00ac
00ac
00ac
00ac
00ac
00ac
00ac
00ac
00ac
00ac
00ac
00ac
00ac
00ac
00ac
00ac
00ac
00ac
00ad
00ad
00ad
00ad
00ad
00ad
00ad
00ad
00ad
00ad
00ad
00ad
00ad
00ad
00ad
00ad
00ad
00ad
00ad
00ad
00ad
00ad
00ad
00ad
00ad
00ad
00ad
00ad
00ad
00ad
00ad
00ad
00ae
00ae
00ae
00ae
00ae
00ae
00ae
00ae
00ae
00ae
00ae
00ae
00ae
00ae
00ae
00ae
00ae
00ae
00ae
00ae
00ae
00ae
00ae
00ae
00ae
00ae
00ae
00af
00af
00af
00af
00af
00af
00af
00af
00af
00af
00af
00af
00af
00af
00af
00af
00af
00af
00af
00af
00af
00b0
00b0
00b0
00b0
00b0
00b0
00b0
00b0
00b0
00b0
00b0
00b0
00b0
00b0
00b0
00b0
00b0
00b0
00b0
00b0
00b0
00b0
00b1
00b1
00b1
00b1
00b1
00b1
00b1
00b1
00b1
00b1
00b1
00b1
00b1
00b1
00b1
00b1
00b1
00b1
00b1
00b1
00b1
00b2
00b2
00b2
00b2
00b2
00b2
00b2
00b2
00b2
00b2
00b2
00b2
00b2
00b2
00b2
00b2
00b2
00b2
00b2
00b2
00b2
00b3
00b3
00b3
00b3
00b3
00b3
00b3
00b3
00b3
00b3
00b3
00b3
00b3
00b3
00b3
00b3
00b3
00b3
00b3
00b3
00b3
00b3
00b4
00b4
00b4
00b4
00b4
00b4
00b4
00b4
00b4
00b4
00b4
00b4
00b4
00b4
00b4
00b4
00b4
00b4
00b4
00b4
00b4
00b5
00b5
00b5
00b5
00b5
00b5
00b5
00b5
00b5
00b5
00b5
00b5
00b5
00b5
00b5
00b5
00b5
00b5
00b5
00b5
00b5
00b6
00b6
00b6
00b6
00b6
00b6
00b6
00b6
00b6
00b6
00b6
00b6
00b6
00b6
00b6
00b6
00b6
00b6
00b6
00b6
00b6
00b6
00b7
00b7
00b7
00b7
00b7
00b7
00b7
00b7
00b7
00b7
00b7
00b7
00b7
00b7
00b7
00b7
00b7
00b7
00b7
00b7
00b7
00b8
00b8
00b8
00b8
00b8
00b8
00b8
00b8
00b8
00b8
00b8
00b8
00b8
00b8
00b8
00b8
00b8
00b8
00b8
00b8
00b8
00b9
00b9
00b9
00b9
00b9
00b9
00b9
00b9
00b9
00b9
00b9
00b9
00b9
00b9
00b9
00b9
00b9
00b9
00b9
00b9
00b9
00b9
00ba
00ba
00ba
00ba
00ba
00ba
00ba
00ba
00ba
00ba
00ba
00ba
00ba
00ba
00ba
00ba
00ba
00ba
00ba
00ba
00ba
00bb
00bb
00bb
00bb
00bb
00bb
00bb
00bb
00bb
00bb
00bb
00bb
00bb
00bb
00bb
00bb
00bb
00bb
00bb
00bb
00bb
00bc
00bc
00bc
00bc
00bc
00bc
00bc
00bc
00bc
00bc
00bc
00bc
00bc
00bc
00bc
00bc
00bc
00bc
00bc
00bc
00bc
00bc
00bd
00bd
00bd
00bd
00bd
00bd
00bd
00bd
00bd
00bd
00bd
00bd
00bd
00bd
00bd
00bd
00bd
00bd
00bd
00bd
00bd
00be
00be
00be
00be
00be
00be
00be
00be
00be
00be
00be
00be
00be
00be
00be
00be
00be
00be
00be
00be
00be
00bf
00bf
00bf
00bf
00bf
00bf
00bf
00bf
00bf
00bf
00bf
00bf
00bf
00bf
00bf
00bf
00bf
00bf
00bf
00bf
00bf
00bf
00c0
00c0
00c0
00c0
00c0
00c0
00c0
00c0
00c0
00c0
00c0
00c0
00c0
00c0
00c0
00c0
00c0
00c0
00c0
00c0
00c0
00c1
00c1
00c1
00c1
00c1
00c1
00c1
00c1
00c1
00c1
00c1
00c1
00c1
00c1
00c1
00c1
00c1
00c1
00c1
00c1
00c1
00c2
00c2
00c2
00c2
00c2
00c2
00c2
00c2
00c2
00c2
00c2
00c2
00c2
00c2
00c2
00c2
00c2
00c2
00c2
00c2
00c2
00c2
00c3
00c3
00c3
00c3
00c3
00c3
00c3
00c3
00c3
00c3
00c3
00c3
00c3
00c3
00c3
00c3
00c3
00c3
00c3
00c3
00c3
00c4
00c4
00c4
00c4
00c4
00c4
00c4
00c4
00c4
00c4
00c4
00c4
00c4
00c4
00c4
00c4
00c4
00c4
00c4
00c4
00c4
00c5
00c5
00c5
00c5
00c5
00c5
00c5
00c5
00c5
00c5
00c5
00c5
00c5
00c5
00c5
00c5
00c5
00c5
00c5
00c5
00c5
00c5
00c6
00c6
00c6
00c6
00c6
00c6
00c6
00c6
00c6
00c6
00c6
00c6
00c6
00c6
00c6
00c6
00c6
00c6
00c6
00c6
00c6
00c7
00c7
00c7
00c7
00c7
00c7
00c7
00c7
00c7
00c7
00c7
00c7
00c7
00c7
00c7
00c7
00c7
00c7
00c7
00c7
00c7
00c8
00c8
00c8
00c8
00c8
00c8
00c8
00c8
00c8
00c8
00c8
00c8
00c8
00c8
00c8
00c8
00c8
00c8
00c8
00c8
00c8
00c8
00c9
00c9
00c9
00c9
00c9
00c9
00c9
00c9
00c9
00c9
00c9
00c9
00c9
00c9
00c9
00c9
00c9
00c9
00c9
00c9
00c9
00ca
00ca
00ca
00ca
00ca
00ca
00ca
00ca
00ca
00ca
00ca
00ca
00ca
00ca
00ca
00ca
00ca
00ca
00ca
00ca
00ca
00cb
00cb
00cb
00cb
00cb
00cb
00cb
00cb
00cb
00cb
00cb
00cb
00cb
00cb
00cb
00cb
00cb
00cb
00cb
00cb
00cb
00cb
00cc
00cc
00cc
00cc
00cc
00cc
00cc
00cc
00cc
00cc
00cc
00cc
00cc
00cc
00cc
00cc
00cc
00cc
00cc
00cc
00cc
00cd
00cd
00cd
00cd
00cd
00cd
00cd
00cd
00cd
00cd
00cd
00cd
00cd
00cd
00cd
00cd
00cd
00cd
00cd
00cd
00cd
00ce
00ce
00ce
00ce
00ce
00ce
00ce
00ce
00ce
00ce
00ce
00ce
00ce
00ce
00ce
00ce
00ce
00ce
00ce
00ce
00ce
00ce
00cf
00cf
00cf
00cf
00cf
00cf
00cf
00cf
00cf
00cf
00cf
00cf
00cf
00cf
00cf
00cf
00cf
00cf
00cf
00cf
00cf
00d0
00d0
00d0
00d0
00d0
00d0
00d0
00d0
00d0
00d0
00d0
00d0
00d0
00d0
00d0
00d0
00d0
00d0
00d0
00d0
00d0
00d1
00d1
00d1
00d1
00d1
00d1
00d1
00d1
00d1
00d1
00d1
00d1
00d1
00d1
00d1
00d1
00d1
00d1
00d1
00d1
00d1
00d1
00d2
00d2
00d2
00d2
00d2
00d2
00d2
00d2
00d2
00d2
00d2
00d2
00d2
00d2
00d2
00d2
00d2
00d2
00d3
00d3
00d3
00d3
00d3
00d3
00d3
00d3
00d3
00d3
00d3
00d3
00d3
00d3
00d3
00d3
00d4
00d4
00d4
00d4
00d4
00d4
00d4
00d4
00d4
00d4
00d4
00d4
00d4
00d4
00d4
00d4
00d5
00d5
00d5
00d5
00d5
00d5
00d5
00d5
00d5
00d5
00d5
00d5
00d5
00d5
00d5
00d5
00d6
00d6
00d6
00d6
00d6
00d6
00d6
00d6
00d6
00d6
00d6
00d6
00d6
00d6
00d6
00d6
00d6
00d6
00d6
00d7
00d7
00d7
00d7
00d7
00d7
00d7
00d7
00d7
00d7
00d7
00d7
00d7
00d7
00d7
00d7
00d7
00d7
00d7
00d7
00d7
00d8
00d8
00d8
00d8
00d8
00d8
00d8
00d8
00d8
00d8
00d8
00d8
00d8
00d8
00d8
00d8
00d8
00d8
00d8
00d8
00d8
00d8
00d9
00d9
00d9
00d9
00d9
00d9
00d9
00d9
00d9
00d9
00d9
00d9
00d9
00d9
00d9
00d9
00d9
00d9
00d9
00d9
00d9
00da
00da
00da
00da
00da
00da
00da
00da
00da
00da
00da
00da
00da
00da
00da
00da
00da
00da
00da
00da
00da
00db
00db
00db
00db
00db
00db
00db
00db
00db
00db
00db
00db
00db
00db
00db
00db
00db
00db
00db
00db
00db
00db
00dc
00dc
00dc
00dc
00dc
00dc
00dc
00dc
00dc
00dc
00dc
00dc
00dc
00dc
00dc
00dc
00dc
00dc
00dd
00dd
00dd
00dd
00dd
00dd
00dd
00dd
00dd
00dd
00dd
00dd
00dd
00dd
00dd
00dd
00de
00de
00de
00de
00de
00de
00de
00de
00de
00de
00de
00de
00de
00de
00de
00de
00df
00df
00df
00df
00df
00df
00df
00df
00df
00df
00df
00df
00df
00df
00df
00df
00e0
00e0
00e0
00e0
00e0
00e0
00e0
00e0
00e0
00e0
00e0
00e0
00e0
00e0
00e0
00e0
00e0
00e0
00e0
00e1
00e1
00e1
00e1
00e1
00e1
00e1
00e1
00e1
00e1
00e1
00e1
00e1
00e1
00e1
00e1
00e1
00e1
00e1
00e1
00e1
00e2
00e2
00e2
00e2
00e2
00e2
00e2
00e2
00e2
00e2
00e2
00e2
00e2
00e2
00e2
00e2
00e2
00e2
00e2
00e2
00e2
00e2
00e3
00e3
00e3
00e3
00e3
00e3
00e3
00e3
00e3
00e3
00e3
00e3
00e3
00e3
00e3
00e3
00e3
00e3
00e4
00e4
00e4
00e4
00e4
00e4
00e4
00e4
00e4
00e4
00e4
00e4
00e4
00e4
00e4
00e4
00e5
00e5
00e5
00e5
00e5
00e5
00e5
00e5
00e5
00e5
00e5
00e5
00e5
00e5
00e5
00e5
00e6
00e6
00e6
00e6
00e6
00e6
00e6
00e6
00e6
00e6
00e6
00e6
00e6
00e6
00e6
00e6
00e7
00e7
00e7
00e7
00e7
00e7
00e7
00e7
00e7
00e7
00e7
00e7
00e7
00e7
00e7
00e7
00e8
00e8
00e8
00e8
00e8
00e8
00e8
00e8
00e8
00e8
00e8
00e8
00e8
00e8
00e8
00e8
00e9
00e9
00e9
00e9
00e9
00e9
00e9
00e9
00e9
00e9
00e9
00e9
00e9
00e9
00e9
00e9
00ea
00ea
00ea
00ea
00ea
00ea
00ea
00ea
00ea
00ea
00ea
00ea
00ea
00ea
00ea
00ea
00eb
00eb
00eb
00eb
00eb
00eb
00eb
00eb
00eb
00eb
00eb
00eb
00eb
00eb
00eb
00eb
00eb
00eb
00eb
00ec
00ec
00ec
00ec
00ec
00ec
00ec
00ec
00ec
00ec
00ec
00ec
00ec
00ec
00ec
00ec
00ec
00ec
00ec
00ec
00ec
00ed
00ed
00ed
00ed
00ed
00ed
00ed
00ed
00ed
00ed
00ed
00ed
00ed
00ed
00ed
00ed
00ed
00ed
00ed
00ed
00ed
00ed
00ee
00ee
00ee
00ee
00ee
00ee
00ee
00ee
00ee
00ee
00ee
00ee
00ee
00ee
00ee
00ee
00ee
00ee
00ef
00ef
00ef
00ef
00ef
00ef
00ef
00ef
00ef
00ef
00ef
00ef
00ef
00ef
00ef
00ef
00f0
00f0
00f0
00f0
00f0
00f0
00f0
00f0
00f0
00f0
00f0
00f0
00f0
00f0
00f0
00f0
00f1
00f1
00f1
00f1
00f1
00f1
00f1
00f1
00f1
00f1
00f1
00f1
00f1
00f1
00f1
00f1
00f2
00f2
00f2
00f2
00f2
00f2
00f2
00f2
00f2
00f2
00f2
00f2
00f2
00f2
00f2
00f2
00f3
00f3
00f3
00f3
00f3
00f3
00f3
00f3
00f3
00f3
00f3
00f3
00f3
00f3
00f3
00f3
00f4
00f4
00f4
00f4
00f4
00f4
00f4
00f4
00f4
00f4
00f4
00f4
00f4
00f4
00f4
00f4
00f5
00f5
00f5
00f5
00f5
00f5
00f5
00f5
00f5
00f5
00f5
00f5
00f5
00f5
00f5
00f5
00f6
00f6
00f6
00f6
00f6
00f6
00f6
00f6
00f6
00f6
00f6
00f6
00f6
00f6
00f6
00f6
00f7
00f7
00f7
00f7
00f7
00f7
00f7
00f7
00f7
00f7
00f7
00f7
00f7
00f7
00f7
00f7
00f8
00f8
00f8
00f8
00f8
00f8
00f8
00f8
00f8
00f8
00f8
00f8
00f8
00f8
00f8
00f8
00f9
00f9
00f9
00f9
00f9
00f9
00f9
00f9
00f9
00f9
00f9
00f9
00f9
00f9
00f9
00f9
00fa
00fa
00fa
00fa
00fa
00fa
00fa
00fa
00fa
00fa
00fa
00fa
00fa
00fa
00fa
00fa
00fb
00fb
00fb
00fb
00fb
00fb
00fb
00fb
00fb
00fb
00fb
00fb
00fb
00fb
00fb
00fb
00fc
00fc
00fc
00fc
00fc
00fc
00fc
00fc
00fc
00fc
00fc
00fc
00fc
00fc
00fc
00fc
00fd
00fd
00fd
00fd
00fd
00fd
00fd
00fd
00fd
00fd
00fd
00fd
00fd
00fd
00fd
00fd
00fe
00fe
00fe
00fe
00fe
00fe
00fe
00fe
00fe
00fe
00fe
00fe
00fe
00fe
00fe
00fe
00ff
00ff
00ff
00ff
00ff
00ff
00ff
00ff
00ff
00ff
00ff
00ff
00ff
00ff
00ff
00ff
0100
0100
0100
0100
0100
0100
0100
0100
0100
0100
0100
0100
0100
0100
0100
0100
0101
0101
0101
0101
0101
0101
0101
0101
0101
0101
0101
0101
0101
0101
0101
0101
0102
0102
0102
0102
0102
0102
0102
0102
0102
0102
0102
0102
0102
0102
0102
0102
0103
0103
0103
0103
0103
0103
0103
0103
0103
0103
0103
0103
0103
0103
0103
0103
0104
0104
0104
0104
0104
0104
0104
0104
0104
0104
0104
0104
0104
0104
0104
0104
0105
0105
0105
0105
0105
0105
0105
0105
0105
0105
0105
0105
0105
0105
0105
0105
0106
0106
0106
0106
0106
0106
0106
0106
0106
0106
0106
0106
0106
0106
0106
0106
0107
0107
0107
0107
0107
0107
0107
0107
0107
0107
0107
0107
0107
0107
0107
0107
0108
0108
0108
0108
0108
0108
0108
0108
0108
0108
0108
0108
0108
0108
0108
0108
0109
0109
0109
0109
0109
0109
0109
0109
0109
0109
0109
0109
0109
0109
0109
0109
010a
010a
010a
010a
010a
010a
010a
010a
010a
010a
010a
010a
010a
010a
010a
010a
010b
010b
010b
010b
010b
010b
010b
010b
010b
010b
010b
010b
010b
010b
010b
010b
010c
010c
010c
010c
010c
010c
010c
010c
010c
010c
010c
010c
010c
010c
010c
010c
010d
010d
010d
010d
010d
010d
010d
010d
010d
010d
010d
010d
010d
010d
010d
010d
010e
010e
010e
010e
010e
010e
010e
010e
010e
010e
010e
010e
010e
010e
010e
010e
010f
010f
010f
010f
010f
010f
010f
010f
010f
010f
010f
010f
010f
010f
010f
010f
0110
0110
0110
0110
0110
0110
0110
0110
0110
0110
0110
0110
0110
0110
0110
0110
0111
0111
0111
0111
0111
0111
0111
0111
0111
0111
0111
0111
0111
0111
0111
0111
0112
0112
0112
0112
0112
0112
0112
0112
0112
0112
0112
0112
0112
0112
0112
0113
0113
0113
0113
0113
0113
0113
0113
0113
0113
0113
0113
0113
0114
0114
0114
0114
0114
0114
0114
0114
0114
0114
0114
0114
0115
0115
0115
0115
0115
0115
0115
0115
0115
0115
0115
0115
0115
0116
0116
0116
0116
0116
0116
0116
0116
0116
0116
0116
0116
0116
0117
0117
0117
0117
0117
0117
0117
0117
0117
0117
0117
0117
0117
0117
0118
0118
0118
0118
0118
0118
0118
0118
0118
0118
0118
0118
0118
0118
0118
0118
0119
0119
0119
0119
0119
0119
0119
0119
0119
0119
0119
0119
0119
0119
0119
0119
011a
011a
011a
011a
011a
011a
011a
011a
011a
011a
011a
011a
011a
011a
011a
011a
011b
011b
011b
011b
011b
011b
011b
011b
011b
011b
011b
011b
011b
011b
011b
011c
011c
011c
011c
011c
011c
011c
011c
011c
011c
011c
011c
011c
011d
011d
011d
011d
011d
011d
011d
011d
011d
011d
011d
011d
011e
011e
011e
011e
011e
011e
011e
011e
011e
011e
011e
011e
011e
011f
011f
011f
011f
011f
011f
011f
011f
011f
011f
011f
011f
011f
0120
0120
0120
0120
0120
0120
0120
0120
0120
0120
0120
0120
0120
0120
0121
0121
0121
0121
0121
0121
0121
0121
0121
0121
0121
0121
0121
0121
0121
0121
0122
0122
0122
0122
0122
0122
0122
0122
0122
0122
0122
0122
0122
0122
0122
0122
0123
0123
0123
0123
0123
0123
0123
0123
0123
0123
0123
0123
0123
0123
0123
0123
0124
0124
0124
0124
0124
0124
0124
0124
0124
0124
0124
0124
0124
0124
0124
0125
0125
0125
0125
0125
0125
0125
0125
0125
0125
0125
0125
0125
0126
0126
0126
0126
0126
0126
0126
0126
0126
0126
0126
0126
0127
0127
0127
0127
0127
0127
0127
0127
0127
0127
0127
0127
0127
0128
0128
0128
0128
0128
0128
0128
0128
0128
0128
0128
0128
0128
0129
0129
0129
0129
0129
0129
0129
0129
0129
0129
0129
0129
0129
0129
012a
012a
012a
012a
012a
012a
012a
012a
012a
012a
012a
012a
012a
012a
012a
012a
012b
012b
012b
012b
012b
012b
012b
012b
012b
012b
012b
012b
012b
012b
012b
012b
012c
012c
012c
012c
012c
012c
012c
012c
012c
012c
012c
012c
012c
012c
012c
012c
012d
012d
012d
012d
012d
012d
012d
012d
012d
012d
012d
012d
012d
012d
012d
012e
012e
012e
012e
012e
012e
012e
012e
012e
012e
012e
012e
012e
012f
012f
012f
012f
012f
012f
012f
012f
012f
012f
012f
012f
0130
0130
0130
0130
0130
0130
0130
0130
0130
0130
0130
0130
0130
0131
0131
0131
0131
0131
0131
0131
0131
0131
0131
0131
0131
0131
0132
0132
0132
0132
0132
0132
0132
0132
0132
0132
0132
0132
0132
0133
0133
0133
0133
0133
0133
0133
0133
0133
0133
0133
0133
0133
0134
0134
0134
0134
0134
0134
0134
0134
0134
0134
0134
0134
0135
0135
0135
0135
0135
0135
0135
0135
0135
0135
0135
0135
0135
0136
0136
0136
0136
0136
0136
0136
0136
0136
0136
0136
0136
0136
0137
0137
0137
0137
0137
0137
0137
0137
0137
0137
0137
0137
0137
0138
0138
0138
0138
0138
0138
0138
0138
0138
0138
0138
0138
0138
0139
0139
0139
0139
0139
0139
0139
0139
0139
0139
0139
0139
013a
013a
013a
013a
013a
013a
013a
013a
013a
013a
013a
013a
013a
013b
013b
013b
013b
013b
013b
013b
013b
013b
013b
013b
013b
013b
013c
013c
013c
013c
013c
013c
013c
013c
013c
013c
013c
013c
013c
013d
013d
013d
013d
013d
013d
013d
013d
013d
013d
013d
013d
013d
013e
013e
013e
013e
013e
013e
013e
013e
013e
013e
013e
013e
013f
013f
013f
013f
013f
013f
013f
013f
013f
013f
013f
013f
013f
0140
0140
0140
0140
0140
0140
0140
0140
0140
0140
0140
0140
0140
0141
0141
0141
0141
0141
0141
0141
0141
0141
0141
0141
0141
0141
0142
0142
0142
0142
0142
0142
0142
0142
0142
0142
0142
0142
0142
0143
0143
0143
0143
0143
0143
0143
0143
0143
0143
0143
0143
0144
0144
0144
0144
0144
0144
0144
0144
0144
0144
0144
0144
0144
0145
0145
0145
0145
0145
0145
0145
0145
0145
0145
0145
0145
0145
0146
0146
0146
0146
0146
0146
0146
0146
0146
0146
0146
0146
0146
0147
0147
0147
0147
0147
0147
0147
0147
0147
0147
0147
0147
0147
0148
0148
0148
0148
0148
0148
0148
0148
0148
0148
0148
0148
0149
0149
0149
0149
0149
0149
0149
0149
0149
0149
0149
0149
0149
014a
014a
014a
014a
014a
014a
014a
014a
014a
014a
014a
014a
014a
014b
014b
014b
014b
014b
014b
014b
014b
014b
014b
014b
014b
014b
014c
014c
014c
014c
014c
014c
014c
014c
014c
014c
014c
014c
014c
014d
014d
014d
014d
014d
014d
014d
014d
014d
014d
014d
014d
014e
014e
014e
014e
014e
014e
014e
014e
014e
014e
014e
014e
014e
014f
014f
014f
014f
014f
014f
014f
014f
014f
014f
014f
014f
014f
0150
0150
0150
0150
0150
0150
0150
0150
0150
0150
0150
0150
0151
0151
0151
0151
0151
0151
0151
0151
0151
0151
0152
0152
0152
0152
0152
0152
0152
0152
0152
0152
0152
0153
0153
0153
0153
0153
0153
0153
0153
0153
0153
0153
0154
0154
0154
0154
0154
0154
0154
0154
0154
0154
0155
0155
0155
0155
0155
0155
0155
0155
0155
0155
0155
0156
0156
0156
0156
0156
0156
0156
0156
0156
0156
0156
0156
0157
0157
0157
0157
0157
0157
0157
0157
0157
0157
0157
0157
0157
0158
0158
0158
0158
0158
0158
0158
0158
0158
0158
0158
0158
0159
0159
0159
0159
0159
0159
0159
0159
0159
0159
0159
0159
0159
015a
015a
015a
015a
015a
015a
015a
015a
015a
015a
015a
015a
015a
015b
015b
015b
015b
015b
015b
015b
015b
015b
015b
015b
015b
015b
015c
015c
015c
015c
015c
015c
015c
015c
015c
015c
015c
015c
015c
015d
015d
015d
015d
015d
015d
015d
015d
015d
015d
015d
015d
015e
015e
015e
015e
015e
015e
015e
015e
015e
015e
015e
015e
015e
015f
015f
015f
015f
015f
015f
015f
015f
015f
015f
015f
015f
015f
0160
0160
0160
0160
0160
0160
0160
0160
0160
0160
0160
0160
0161
0161
0161
0161
0161
0161
0161
0161
0161
0161
0162
0162
0162
0162
0162
0162
0162
0162
0162
0162
0162
0163
0163
0163
0163
0163
0163
0163
0163
0163
0163
0163
0164
0164
0164
0164
0164
0164
0164
0164
0164
0164
0165
0165
0165
0165
0165
0165
0165
0165
0165
0165
0165
0166
0166
0166
0166
0166
0166
0166
0166
0166
0166
0166
0167
0167
0167
0167
0167
0167
0167
0167
0167
0167
0168
0168
0168
0168
0168
0168
0168
0168
0168
0168
0168
0169
0169
0169
0169
0169
0169
0169
0169
0169
0169
0169
016a
016a
016a
016a
016a
016a
016a
016a
016a
016a
016b
016b
016b
016b
016b
016b
016b
016b
016b
016b
016b
016c
016c
016c
016c
016c
016c
016c
016c
016c
016c
016c
016c
016d
016d
016d
016d
016d
016d
016d
016d
016d
016d
016d
016d
016d
016e
016e
016e
016e
016e
016e
016e
016e
016e
016e
016e
016e
016f
016f
016f
016f
016f
016f
016f
016f
016f
016f
016f
016f
016f
0170
0170
0170
0170
0170
0170
0170
0170
0170
0170
0170
0170
0170
0171
0171
0171
0171
0171
0171
0171
0171
0171
0171
0171
0171
0172
0172
0172
0172
0172
0172
0172
0172
0172
0172
0173
0173
0173
0173
0173
0173
0173
0173
0173
0173
0173
0174
0174
0174
0174
0174
0174
0174
0174
0174
0174
0174
0175
0175
0175
0175
0175
0175
0175
0175
0175
0175
0176
0176
0176
0176
0176
0176
0176
0176
0176
0176
0176
0177
0177
0177
0177
0177
0177
0177
0177
0177
0177
0177
0178
0178
0178
0178
0178
0178
0178
0178
0178
0178
0179
0179
0179
0179
0179
0179
0179
0179
0179
0179
0179
017a
017a
017a
017a
017a
017a
017a
017a
017a
017a
017a
017b
017b
017b
017b
017b
017b
017b
017b
017b
017b
017c
017c
017c
017c
017c
017c
017c
017c
017c
017c
017c
017d
017d
017d
017d
017d
017d
017d
017d
017d
017d
017d
017e
017e
017e
017e
017e
017e
017e
017e
017e
017e
017f
017f
017f
017f
017f
017f
017f
017f
017f
017f
017f
0180
0180
0180
0180
0180
0180
0180
0180
0180
0180
0180
0181
0181
0181
0181
0181
0181
0181
0181
0181
0181
0182
0182
0182
0182
0182
0182
0182
0182
0182
0182
0182
0183
0183
0183
0183
0183
0183
0183
0183
0183
0183
0183
0184
0184
0184
0184
0184
0184
0184
0184
0184
0184
0185
0185
0185
0185
0185
0185
0185
0185
0185
0185
0185
0186
0186
0186
0186
0186
0186
0186
0186
0186
0186
0186
0187
0187
0187
0187
0187
0187
0187
0187
0187
0187
0188
0188
0188
0188
0188
0188
0188
0188
0188
0188
0188
0189
0189
0189
0189
0189
0189
0189
0189
0189
0189
0189
018a
018a
018a
018a
018a
018a
018a
018a
018a
018a
018b
018b
018b
018b
018b
018b
018b
018b
018b
018b
018b
018c
018c
018c
018c
018c
018c
018c
018c
018c
018c
018c
018d
018d
018d
018d
018d
018d
018d
018d
018d
018d
018e
018e
018e
018e
018e
018e
018e
018e
018e
018e
018e
018f
018f
018f
018f
018f
018f
018f
018f
018f
018f
0190
0190
0190
0190
0190
0190
0190
0190
0190
0191
0191
0191
0191
0191
0191
0191
0191
0191
0192
0192
0192
0192
0192
0192
0192
0192
0192
0193
0193
0193
0193
0193
0193
0193
0193
0193
0193
0194
0194
0194
0194
0194
0194
0194
0194
0194
0195
0195
0195
0195
0195
0195
0195
0195
0195
0196
0196
0196
0196
0196
0196
0196
0196
0196
0196
0197
0197
0197
0197
0197
0197
0197
0197
0197
0197
0198
0198
0198
0198
0198
0198
0198
0198
0198
0198
0198
0199
0199
0199
0199
0199
0199
0199
0199
0199
0199
0199
019a
019a
019a
019a
019a
019a
019a
019a
019a
019a
019b
019b
019b
019b
019b
019b
019b
019b
019b
019b
019b
019c
019c
019c
019c
019c
019c
019c
019c
019c
019c
019c
019d
019d
019d
019d
019d
019d
019d
019d
019d
019d
019e
019e
019e
019e
019e
019e
019e
019e
019e
019e
019e
019f
019f
019f
019f
019f
019f
019f
019f
019f
019f
019f
01a0
01a0
01a0
01a0
01a0
01a0
01a0
01a0
01a0
01a0
01a1
01a1
01a1
01a1
01a1
01a1
01a1
01a1
01a1
01a1
01a1
01a2
01a2
01a2
01a2
01a2
01a2
01a2
01a2
01a2
01a2
01a3
01a3
01a3
01a3
01a3
01a3
01a3
01a3
01a3
01a4
01a4
01a4
01a4
01a4
01a4
01a4
01a4
01a4
01a5
01a5
01a5
01a5
01a5
01a5
01a5
01a5
01a5
01a6
01a6
01a6
01a6
01a6
01a6
01a6
01a6
01a6
01a6
01a7
01a7
01a7
01a7
01a7
01a7
01a7
01a7
01a7
01a8
01a8
01a8
01a8
01a8
01a8
01a8
01a8
01a8
01a9
01a9
01a9
01a9
01a9
01a9
01a9
01a9
01a9
01aa
01aa
01aa
01aa
01aa
01aa
01aa
01aa
01aa
01ab
01ab
01ab
01ab
01ab
01ab
01ab
01ab
01ab
01ac
01ac
01ac
01ac
01ac
01ac
01ac
01ac
01ac
01ad
01ad
01ad
01ad
01ad
01ad
01ad
01ad
01ad
01ad
01ae
01ae
01ae
01ae
01ae
01ae
01ae
01ae
01ae
01af
01af
01af
01af
01af
01af
01af
01af
01af
01b0
01b0
01b0
01b0
01b0
01b0
01b0
01b0
01b0
01b1
01b1
01b1
01b1
01b1
01b1
01b1
01b1
01b1
01b2
01b2
01b2
01b2
01b2
01b2
01b2
01b2
01b2
01b3
01b3
01b3
01b3
01b3
01b3
01b3
01b3
01b3
01b4
01b4
01b4
01b4
01b4
01b4
01b4
01b4
01b4
01b4
01b5
01b5
01b5
01b5
01b5
01b5
01b5
01b5
01b5
01b6
01b6
01b6
01b6
01b6
01b6
01b6
01b6
01b6
01b7
01b7
01b7
01b7
01b7
01b7
01b7
01b7
01b7
01b7
01b8
01b8
01b8
01b8
01b8
01b8
01b8
01b8
01b8
01b8
01b9
01b9
01b9
01b9
01b9
01b9
01b9
01b9
01b9
01b9
01b9
01ba
01ba
01ba
01ba
01ba
01ba
01ba
01ba
01ba
01ba
01ba
01bb
01bb
01bb
01bb
01bb
01bb
01bb
01bb
01bb
01bb
01bc
01bc
01bc
01bc
01bc
01bc
01bc
01bc
01bc
01bc
01bc
01bd
01bd
01bd
01bd
01bd
01bd
01bd
01bd
01bd
01bd
01be
01be
01be
01be
01be
01be
01be
01be
01be
01bf
01bf
01bf
01bf
01bf
01bf
01bf
01bf
01bf
01c0
01c0
01c0
01c0
01c0
01c0
01c0
01c0
01c0
01c1
01c1
01c1
01c1
01c1
01c1
01c1
01c1
01c1
01c1
01c2
01c2
01c2
01c2
01c2
01c2
01c2
01c2
01c2
01c3
01c3
01c3
01c3
01c3
01c3
01c3
01c3
01c3
01c4
01c4
01c4
01c4
01c4
01c4
01c4
01c4
01c5
01c5
01c5
01c5
01c5
01c5
01c5
01c5
01c6
01c6
01c6
01c6
01c6
01c6
01c6
01c6
01c7
01c7
01c7
01c7
01c7
01c7
01c7
01c7
01c8
01c8
01c8
01c8
01c8
01c8
01c8
01c8
01c9
01c9
01c9
01c9
01c9
01c9
01c9
01c9
01ca
01ca
01ca
01ca
01ca
01ca
01ca
01ca
01cb
01cb
01cb
01cb
01cb
01cb
01cb
01cb
01cc
01cc
01cc
01cc
01cc
01cc
01cc
01cc
01cc
01cd
01cd
01cd
01cd
01cd
01cd
01cd
01cd
01cd
01ce
01ce
01ce
01ce
01ce
01ce
01ce
01ce
01ce
01cf
01cf
01cf
01cf
01cf
01cf
01cf
01cf
01cf
01d0
01d0
01d0
01d0
01d0
01d0
01d0
01d0
01d0
01d0
01d1
01d1
01d1
01d1
01d1
01d1
01d1
01d1
01d1
01d2
01d2
01d2
01d2
01d2
01d2
01d2
01d2
01d2
01d3
01d3
01d3
01d3
01d3
01d3
01d3
01d3
01d3
01d4
01d4
01d4
01d4
01d4
01d4
01d4
01d4
01d4
01d5
01d5
01d5
01d5
01d5
01d5
01d5
01d5
01d5
01d6
01d6
01d6
01d6
01d6
01d6
01d6
01d6
01d6
01d7
01d7
01d7
01d7
01d7
01d7
01d7
01d7
01d7
01d7
01d8
01d8
01d8
01d8
01d8
01d8
01d8
01d8
01d8
01d9
01d9
01d9
01d9
01d9
01d9
01d9
01d9
01d9
01da
01da
01da
01da
01da
01da
01da
01da
01db
01db
01db
01db
01db
01db
01db
01db
01dc
01dc
01dc
01dc
01dc
01dc
01dc
01dc
01dd
01dd
01dd
01dd
01dd
01dd
01dd
01dd
01de
01de
01de
01de
01de
01de
01de
01de
01df
01df
01df
01df
01df
01df
01df
01df
01e0
01e0
01e0
01e0
01e0
01e0
01e0
01e0
01e1
01e1
01e1
01e1
01e1
01e1
01e1
01e1
01e2
01e2
01e2
01e2
01e2
01e2
01e2
01e2
01e2
01e3
01e3
01e3
01e3
01e3
01e3
01e3
01e3
01e3
01e4
01e4
01e4
01e4
01e4
01e4
01e4
01e4
01e4
01e5
01e5
01e5
01e5
01e5
01e5
01e5
01e5
01e5
01e6
01e6
01e6
01e6
01e6
01e6
01e6
01e6
01e6
01e6
01e7
01e7
01e7
01e7
01e7
01e7
01e7
01e7
01e7
01e8
01e8
01e8
01e8
01e8
01e8
01e8
01e8
01e8
01e9
01e9
01e9
01e9
01e9
01e9
01e9
01e9
01ea
01ea
01ea
01ea
01ea
01ea
01ea
01ea
01eb
01eb
01eb
01eb
01eb
01eb
01eb
01eb
01ec
01ec
01ec
01ec
01ec
01ec
01ec
01ec
01ed
01ed
01ed
01ed
01ed
01ed
01ed
01ed
01ee
01ee
01ee
01ee
01ee
01ee
01ee
01ee
01ef
01ef
01ef
01ef
01ef
01ef
01ef
01ef
01f0
01f0
01f0
01f0
01f0
01f0
01f0
01f0
01f1
01f1
01f1
01f1
01f1
01f1
01f1
01f1
01f2
01f2
01f2
01f2
01f2
01f2
01f2
01f2
01f3
01f3
01f3
01f3
01f3
01f3
01f3
01f3
01f4
01f4
01f4
01f4
01f4
01f4
01f4
01f4
01f5
01f5
01f5
01f5
01f5
01f5
01f5
01f5
01f6
01f6
01f6
01f6
01f6
01f6
01f6
01f6
01f7
01f7
01f7
01f7
01f7
01f7
01f7
01f7
01f8
01f8
01f8
01f8
01f8
01f8
01f8
01f8
01f9
01f9
01f9
01f9
01f9
01f9
01f9
01f9
01fa
01fa
01fa
01fa
01fa
01fa
01fa
01fa
01fb
01fb
01fb
01fb
01fb
01fb
01fb
01fb
01fc
01fc
01fc
01fc
01fc
01fc
01fc
01fc
01fd
01fd
01fd
01fd
01fd
01fd
01fd
01fd
01fe
01fe
01fe
01fe
01fe
01fe
01fe
01fe
01ff
01ff
01ff
01ff
01ff
01ff
01ff
01ff
0200
0200
0200
0200
0200
0200
0200
0200
0201
0201
0201
0201
0201
0201
0201
0201
0202
0202
0202
0202
0202
0202
0202
0202
0203
0203
0203
0203
0203
0203
0203
0203
0204
0204
0204
0204
0204
0204
0204
0204
0205
0205
0205
0205
0205
0205
0205
0205
0206
0206
0206
0206
0206
0206
0206
0206
0207
0207
0207
0207
0207
0207
0207
0207
0208
0208
0208
0208
0208
0208
0208
0208
0209
0209
0209
0209
0209
0209
0209
0209
020a
020a
020a
020a
020a
020a
020a
020a
020b
020b
020b
020b
020b
020b
020b
020b
020c
020c
020c
020c
020c
020c
020c
020c
020d
020d
020d
020d
020d
020d
020d
020d
020e
020e
020e
020e
020e
020e
020e
020e
020f
020f
020f
020f
020f
020f
020f
020f
0210
0210
0210
0210
0210
0210
0210
0210
0211
0211
0211
0211
0211
0211
0211
0211
0212
0212
0212
0212
0212
0212
0212
0212
0213
0213
0213
0213
0213
0213
0213
0213
0214
0214
0214
0214
0214
0214
0214
0214
0215
0215
0215
0215
0215
0215
0215
0215
0216
0216
0216
0216
0216
0216
0216
0216
0217
0217
0217
0217
0217
0217
0217
0217
0218
0218
0218
0218
0218
0218
0218
0218
0219
0219
0219
0219
0219
0219
0219
0219
021a
021a
021a
021a
021a
021a
021a
021b
021b
021b
021b
021b
021b
021b
021c
021c
021c
021c
021c
021c
021c
021d
021d
021d
021d
021d
021d
021d
021e
021e
021e
021e
021e
021e
021e
021e
021f
021f
021f
021f
021f
021f
021f
0220
0220
0220
0220
0220
0220
0220
0221
0221
0221
0221
0221
0221
0221
0222
0222
0222
0222
0222
0222
0222
0223
0223
0223
0223
0223
0223
0223
0223
0224
0224
0224
0224
0224
0224
0224
0224
0225
0225
0225
0225
0225
0225
0225
0225
0226
0226
0226
0226
0226
0226
0226
0226
0227
0227
0227
0227
0227
0227
0227
0227
0228
0228
0228
0228
0228
0228
0228
0228
0229
0229
0229
0229
0229
0229
0229
0229
022a
022a
022a
022a
022a
022a
022a
022a
022b
022b
022b
022b
022b
022b
022b
022c
022c
022c
022c
022c
022c
022c
022d
022d
022d
022d
022d
022d
022d
022e
022e
022e
022e
022e
022e
022e
022f
022f
022f
022f
022f
022f
022f
022f
0230
0230
0230
0230
0230
0230
0230
0231
0231
0231
0231
0231
0231
0231
0232
0232
0232
0232
0232
0232
0232
0233
0233
0233
0233
0233
0233
0233
0234
0234
0234
0234
0234
0234
0234
0235
0235
0235
0235
0235
0235
0235
0236
0236
0236
0236
0236
0236
0236
0237
0237
0237
0237
0237
0237
0237
0238
0238
0238
0238
0238
0238
0238
0238
0239
0239
0239
0239
0239
0239
0239
023a
023a
023a
023a
023a
023a
023a
023b
023b
023b
023b
023b
023b
023b
023c
023c
023c
023c
023c
023c
023c
023d
023d
023d
023d
023d
023d
023d
023e
023e
023e
023e
023e
023e
023e
023f
023f
023f
023f
023f
023f
023f
0240
0240
0240
0240
0240
0240
0240
0241
0241
0241
0241
0241
0241
0241
0241
0242
0242
0242
0242
0242
0242
0242
0243
0243
0243
0243
0243
0243
0243
0244
0244
0244
0244
0244
0244
0244
0245
0245
0245
0245
0245
0245
0245
0246
0246
0246
0246
0246
0246
0246
0247
0247
0247
0247
0247
0247
0247
0248
0248
0248
0248
0248
0248
0248
0249
0249
0249
0249
0249
0249
0249
024a
024a
024a
024a
024a
024a
024a
024a
024b
024b
024b
024b
024b
024b
024b
024c
024c
024c
024c
024c
024c
024c
024d
024d
024d
024d
024d
024d
024d
024e
024e
024e
024e
024e
024e
024e
024f
024f
024f
024f
024f
024f
024f
0250
0250
0250
0250
0250
0250
0250
0251
0251
0251
0251
0251
0251
0251
0252
0252
0252
0252
0252
0252
0252
0253
0253
0253
0253
0253
0253
0253
0253
0254
0254
0254
0254
0254
0254
0254
0255
0255
0255
0255
0255
0255
0255
0256
0256
0256
0256
0256
0256
0256
0257
0257
0257
0257
0257
0257
0257
0258
0258
0258
0258
0258
0258
0259
0259
0259
0259
0259
0259
025a
025a
025a
025a
025a
025a
025a
025b
025b
025b
025b
025b
025b
025c
025c
025c
025c
025c
025c
025c
025d
025d
025d
025d
025d
025d
025e
025e
025e
025e
025e
025e
025f
025f
025f
025f
025f
025f
025f
0260
0260
0260
0260
0260
0260
0261
0261
0261
0261
0261
0261
0261
0262
0262
0262
0262
0262
0262
0262
0263
0263
0263
0263
0263
0263
0263
0264
0264
0264
0264
0264
0264
0264
0265
0265
0265
0265
0265
0265
0265
0266
0266
0266
0266
0266
0266
0266
0266
0267
0267
0267
0267
0267
0267
0267
0268
0268
0268
0268
0268
0268
0268
0269
0269
0269
0269
0269
0269
0269
026a
026a
026a
026a
026a
026a
026a
026b
026b
026b
026b
026b
026b
026c
026c
026c
026c
026c
026c
026d
026d
026d
026d
026d
026d
026d
026e
026e
026e
026e
026e
026e
026f
026f
026f
026f
026f
026f
026f
0270
0270
0270
0270
0270
0270
0271
0271
0271
0271
0271
0271
0272
0272
0272
0272
0272
0272
0272
0273
0273
0273
0273
0273
0273
0274
0274
0274
0274
0274
0274
0274
0275
0275
0275
0275
0275
0275
0276
0276
0276
0276
0276
0276
0277
0277
0277
0277
0277
0277
0277
0278
0278
0278
0278
0278
0278
0279
0279
0279
0279
0279
0279
0279
027a
027a
027a
027a
027a
027a
027b
027b
027b
027b
027b
027b
027c
027c
027c
027c
027c
027c
027c
027d
027d
027d
027d
027d
027d
027e
027e
027e
027e
027e
027e
027e
027f
027f
027f
027f
027f
027f
0280
0280
0280
0280
0280
0280
0281
0281
0281
0281
0281
0281
0281
0282
0282
0282
0282
0282
0282
0283
0283
0283
0283
0283
0283
0283
0284
0284
0284
0284
0284
0284
0285
0285
0285
0285
0285
0285
0286
0286
0286
0286
0286
0286
0286
0287
0287
0287
0287
0287
0287
0288
0288
0288
0288
0288
0288
0288
0289
0289
0289
0289
0289
0289
028a
028a
028a
028a
028a
028a
028b
028b
028b
028b
028b
028b
028b
028c
028c
028c
028c
028c
028c
028d
028d
028d
028d
028d
028d
028d
028e
028e
028e
028e
028e
028e
028f
028f
028f
028f
028f
028f
0290
0290
0290
0290
0290
0290
0290
0291
0291
0291
0291
0291
0291
0292
0292
0292
0292
0292
0292
0293
0293
0293
0293
0293
0293
0294
0294
0294
0294
0294
0294
0295
0295
0295
0295
0295
0295
0296
0296
0296
0296
0296
0296
0297
0297
0297
0297
0297
0298
0298
0298
0298
0298
0298
0299
0299
0299
0299
0299
0299
029a
029a
029a
029a
029a
029a
029b
029b
029b
029b
029b
029b
029c
029c
029c
029c
029c
029c
029d
029d
029d
029d
029d
029d
029e
029e
029e
029e
029e
029e
029f
029f
029f
029f
029f
029f
02a0
02a0
02a0
02a0
02a0
02a0
02a0
02a1
02a1
02a1
02a1
02a1
02a1
02a2
02a2
02a2
02a2
02a2
02a2
02a2
02a3
02a3
02a3
02a3
02a3
02a3
02a4
02a4
02a4
02a4
02a4
02a4
02a5
02a5
02a5
02a5
02a5
02a5
02a5
02a6
02a6
02a6
02a6
02a6
02a6
02a7
02a7
02a7
02a7
02a7
02a7
02a8
02a8
02a8
02a8
02a8
02a8
02a9
02a9
02a9
02a9
02a9
02a9
02aa
02aa
02aa
02aa
02aa
02aa
02ab
02ab
02ab
02ab
02ab
02ab
02ac
02ac
02ac
02ac
02ac
02ad
02ad
02ad
02ad
02ad
02ad
02ae
02ae
02ae
02ae
02ae
02ae
02af
02af
02af
02af
02af
02af
02b0
02b0
02b0
02b0
02b0
02b0
02b1
02b1
02b1
02b1
02b1
02b1
02b2
02b2
02b2
02b2
02b2
02b3
02b3
02b3
02b3
02b3
02b3
02b4
02b4
02b4
02b4
02b4
02b4
02b5
02b5
02b5
02b5
02b5
02b5
02b6
02b6
02b6
02b6
02b6
02b6
02b7
02b7
02b7
02b7
02b7
02b8
02b8
02b8
02b8
02b8
02b8
02b9
02b9
02b9
02b9
02b9
02b9
02ba
02ba
02ba
02ba
02ba
02ba
02bb
02bb
02bb
02bb
02bb
02bb
02bc
02bc
02bc
02bc
02bc
02bc
02bd
02bd
02bd
02bd
02bd
02be
02be
02be
02be
02be
02be
02bf
02bf
02bf
02bf
02bf
02bf
02c0
02c0
02c0
02c0
02c0
02c0
02c1
02c1
02c1
02c1
02c1
02c1
02c2
02c2
02c2
02c2
02c2
02c3
02c3
02c3
02c3
02c3
02c3
02c4
02c4
02c4
02c4
02c4
02c4
02c5
02c5
02c5
02c5
02c5
02c5
02c6
02c6
02c6
02c6
02c6
02c6
02c7
02c7
02c7
02c7
02c7
02c7
02c8
02c8
02c8
02c8
02c8
02c9
02c9
02c9
02c9
02c9
02c9
02ca
02ca
02ca
02ca
02ca
02ca
02cb
02cb
02cb
02cb
02cb
02cb
02cc
02cc
02cc
02cc
02cc
02cc
02cd
02cd
02cd
02cd
02cd
02ce
02ce
02ce
02ce
02ce
02ce
02cf
02cf
02cf
02cf
02cf
02cf
02d0
02d0
02d0
02d0
02d0
02d0
02d1
02d1
02d1
02d1
02d1
02d1
02d2
02d2
02d2
02d2
02d2
02d2
02d3
02d3
02d3
02d3
02d3
02d4
02d4
02d4
02d4
02d4
02d4
02d5
02d5
02d5
02d5
02d5
02d5
02d6
02d6
02d6
02d6
02d6
02d6
02d7
02d7
02d7
02d7
02d7
02d7
02d8
02d8
02d8
02d8
02d8
02d9
02d9
02d9
02d9
02d9
02d9
02da
02da
02da
02da
02da
02da
02db
02db
02db
02db
02db
02db
02dc
02dc
02dc
02dc
02dc
02dc
02dd
02dd
02dd
02dd
02dd
02dd
02de
02de
02de
02de
02de
02df
02df
02df
02df
02df
02e0
02e0
02e0
02e0
02e0
02e0
02e1
02e1
02e1
02e1
02e1
02e2
02e2
02e2
02e2
02e2
02e3
02e3
02e3
02e3
02e3
02e3
02e4
02e4
02e4
02e4
02e4
02e5
02e5
02e5
02e5
02e5
02e6
02e6
02e6
02e6
02e6
02e6
02e7
02e7
02e7
02e7
02e7
02e8
02e8
02e8
02e8
02e8
02e9
02e9
02e9
02e9
02e9
02e9
02ea
02ea
02ea
02ea
02ea
02eb
02eb
02eb
02eb
02eb
02ec
02ec
02ec
02ec
02ec
02ec
02ed
02ed
02ed
02ed
02ed
02ee
02ee
02ee
02ee
02ee
02ef
02ef
02ef
02ef
02ef
02ef
02f0
02f0
02f0
02f0
02f0
02f1
02f1
02f1
02f1
02f1
02f2
02f2
02f2
02f2
02f2
02f2
02f3
02f3
02f3
02f3
02f3
02f4
02f4
02f4
02f4
02f4
02f5
02f5
02f5
02f5
02f5
02f5
02f6
02f6
02f6
02f6
02f6
02f7
02f7
02f7
02f7
02f7
02f8
02f8
02f8
02f8
02f8
02f8
02f9
02f9
02f9
02f9
02f9
02fa
02fa
02fa
02fa
02fa
02fb
02fb
02fb
02fb
02fb
02fb
02fc
02fc
02fc
02fc
02fc
02fd
02fd
02fd
02fd
02fd
02fe
02fe
02fe
02fe
02fe
02fe
02ff
02ff
02ff
02ff
02ff
0300
0300
0300
0300
0300
0301
0301
0301
0301
0301
0301
0302
0302
0302
0302
0302
0303
0303
0303
0303
0303
0304
0304
0304
0304
0304
0304
0305
0305
0305
0305
0305
0306
0306
0306
0306
0306
0307
0307
0307
0307
0307
0307
0308
0308
0308
0308
0308
0309
0309
0309
0309
0309
030a
030a
030a
030a
030a
030a
030b
030b
030b
030b
030b
030c
030c
030c
030c
030c
030d
030d
030d
030d
030d
030d
030e
030e
030e
030e
030e
030f
030f
030f
030f
030f
0310
0310
0310
0310
0310
0310
0311
0311
0311
0311
0311
0312
0312
0312
0312
0312
0313
0313
0313
0313
0313
0313
0314
0314
0314
0314
0314
0315
0315
0315
0315
0315
0316
0316
0316
0316
0316
0316
0317
0317
0317
0317
0317
0318
0318
0318
0318
0318
0319
0319
0319
0319
0319
0319
031a
031a
031a
031a
031a
031b
031b
031b
031b
031b
031c
031c
031c
031c
031c
031d
031d
031d
031d
031d
031e
031e
031e
031e
031e
031f
031f
031f
031f
031f
0320
0320
0320
0320
0321
0321
0321
0321
0321
0322
0322
0322
0322
0322
0323
0323
0323
0323
0323
0324
0324
0324
0324
0324
0325
0325
0325
0325
0325
0326
0326
0326
0326
0326
0327
0327
0327
0327
0327
0328
0328
0328
0328
0328
0329
0329
0329
0329
0329
0329
032a
032a
032a
032a
032a
032b
032b
032b
032b
032b
032c
032c
032c
032c
032c
032c
032d
032d
032d
032d
032d
032e
032e
032e
032e
032e
032f
032f
032f
032f
032f
032f
0330
0330
0330
0330
0330
0331
0331
0331
0331
0331
0332
0332
0332
0332
0332
0332
0333
0333
0333
0333
0333
0334
0334
0334
0334
0334
0335
0335
0335
0335
0335
0336
0336
0336
0336
0336
0337
0337
0337
0337
0337
0338
0338
0338
0338
0338
0339
0339
0339
0339
033a
033a
033a
033a
033a
033b
033b
033b
033b
033b
033c
033c
033c
033c
033c
033d
033d
033d
033d
033d
033e
033e
033e
033e
033e
033f
033f
033f
033f
033f
0340
0340
0340
0340
0340
0341
0341
0341
0341
0341
0342
0342
0342
0342
0342
0343
0343
0343
0343
0343
0344
0344
0344
0344
0344
0345
0345
0345
0345
0345
0346
0346
0346
0346
0347
0347
0347
0347
0347
0348
0348
0348
0348
0348
0349
0349
0349
0349
0349
034a
034a
034a
034a
034a
034b
034b
034b
034b
034b
034c
034c
034c
034c
034c
034d
034d
034d
034d
034d
034e
034e
034e
034e
034f
034f
034f
034f
034f
0350
0350
0350
0350
0351
0351
0351
0351
0351
0352
0352
0352
0352
0352
0353
0353
0353
0353
0354
0354
0354
0354
0354
0355
0355
0355
0355
0356
0356
0356
0356
0356
0357
0357
0357
0357
0358
0358
0358
0358
0358
0359
0359
0359
0359
0359
035a
035a
035a
035a
035b
035b
035b
035b
035b
035c
035c
035c
035c
035c
035d
035d
035d
035d
035d
035e
035e
035e
035e
035e
035f
035f
035f
035f
035f
0360
0360
0360
0360
0360
0361
0361
0361
0361
0362
0362
0362
0362
0362
0363
0363
0363
0363
0363
0364
0364
0364
0364
0364
0365
0365
0365
0365
0365
0366
0366
0366
0366
0366
0367
0367
0367
0367
0367
0368
0368
0368
0368
0368
0369
0369
0369
0369
036a
036a
036a
036a
036a
036b
036b
036b
036b
036c
036c
036c
036c
036c
036d
036d
036d
036d
036d
036e
036e
036e
036e
036f
036f
036f
036f
036f
0370
0370
0370
0370
0371
0371
0371
0371
0371
0372
0372
0372
0372
0373
0373
0373
0373
0373
0374
0374
0374
0374
0374
0375
0375
0375
0375
0376
0376
0376
0376
0376
0377
0377
0377
0377
0378
0378
0378
0378
0378
0379
0379
0379
0379
037a
037a
037a
037a
037a
037b
037b
037b
037b
037b
037c
037c
037c
037c
037d
037d
037d
037d
037d
037e
037e
037e
037e
037f
037f
037f
037f
037f
0380
0380
0380
0380
0381
0381
0381
0381
0381
0382
0382
0382
0382
0382
0383
0383
0383
0383
0384
0384
0384
0384
0384
0385
0385
0385
0385
0386
0386
0386
0386
0386
0387
0387
0387
0387
0388
0388
0388
0388
0388
0389
0389
0389
0389
0389
038a
038a
038a
038a
038b
038b
038b
038b
038b
038c
038c
038c
038c
038d
038d
038d
038d
038d
038e
038e
038e
038e
038f
038f
038f
038f
038f
0390
0390
0390
0390
0390
0391
0391
0391
0391
0392
0392
0392
0392
0392
0393
0393
0393
0393
0394
0394
0394
0394
0394
0395
0395
0395
0395
0396
0396
0396
0396
0396
0397
0397
0397
0397
0397
0398
0398
0398
0398
0399
0399
0399
0399
0399
039a
039a
039a
039a
039b
039b
039b
039b
039b
039c
039c
039c
039c
039d
039d
039d
039d
039d
039e
039e
039e
039e
039e
039f
039f
039f
039f
03a0
03a0
03a0
03a0
03a0
03a1
03a1
03a1
03a1
03a2
03a2
03a2
03a2
03a3
03a3
03a3
03a3
03a4
03a4
03a4
03a4
03a4
03a5
03a5
03a5
03a5
03a6
03a6
03a6
03a6
03a7
03a7
03a7
03a7
03a8
03a8
03a8
03a8
03a8
03a9
03a9
03a9
03a9
03aa
03aa
03aa
03aa
03ab
03ab
03ab
03ab
03ab
03ac
03ac
03ac
03ac
03ad
03ad
03ad
03ad
03ae
03ae
03ae
03ae
03af
03af
03af
03af
03af
03b0
03b0
03b0
03b0
03b1
03b1
03b1
03b1
03b2
03b2
03b2
03b2
03b3
03b3
03b3
03b3
03b3
03b4
03b4
03b4
03b4
03b5
03b5
03b5
03b5
03b6
03b6
03b6
03b6
03b7
03b7
03b7
03b7
03b7
03b8
03b8
03b8
03b8
03b9
03b9
03b9
03b9
03ba
03ba
03ba
03ba
03ba
03bb
03bb
03bb
03bb
03bc
03bc
03bc
03bc
03bd
03bd
03bd
03bd
03be
03be
03be
03be
03be
03bf
03bf
03bf
03bf
03c0
03c0
03c0
03c0
03c1
03c1
03c1
03c1
03c2
03c2
03c2
03c2
03c2
03c3
03c3
03c3
03c3
03c4
03c4
03c4
03c4
03c5
03c5
03c5
03c5
03c6
03c6
03c6
03c6
03c6
03c7
03c7
03c7
03c7
03c8
03c8
03c8
03c8
03c9
03c9
03c9
03c9
03c9
03ca
03ca
03ca
03ca
03cb
03cb
03cb
03cb
03cc
03cc
03cc
03cc
03cd
03cd
03cd
03cd
03cd
03ce
03ce
03ce
03ce
03cf
03cf
03cf
03cf
03d0
03d0
03d0
03d0
03d1
03d1
03d1
03d1
03d1
03d2
03d2
03d2
03d2
03d3
03d3
03d3
03d3
03d4
03d4
03d4
03d4
03d5
03d5
03d5
03d5
03d5
03d6
03d6
03d6
03d6
03d7
03d7
03d7
03d7
03d8
03d8
03d8
03d8
03d8
03d9
03d9
03d9
03d9
03da
03da
03da
03da
03db
03db
03db
03db
03dc
03dc
03dc
03dc
03dd
03dd
03dd
03dd
03de
03de
03de
03de
03df
03df
03df
03df
03e0
03e0
03e0
03e0
03e1
03e1
03e1
03e1
03e2
03e2
03e2
03e2
03e3
03e3
03e3
03e3
03e4
03e4
03e4
03e4
03e5
03e5
03e5
03e5
03e6
03e6
03e6
03e6
03e7
03e7
03e7
03e7
03e8
03e8
03e8
03e8
03e9
03e9
03e9
03e9
03ea
03ea
03ea
03ea
03eb
03eb
03eb
03eb
03ec
03ec
03ec
03ec
03ed
03ed
03ed
03ed
03ee
03ee
03ee
03ee
03ef
03ef
03ef
03ef
03f0
03f0
03f0
03f0
03f1
03f1
03f1
03f1
03f2
03f2
03f2
03f2
03f3
03f3
03f3
03f3
03f4
03f4
03f4
03f4
03f5
03f5
03f5
03f5
03f6
03f6
03f6
03f6
03f7
03f7
03f7
03f7
03f8
03f8
03f8
03f8
03f9
03f9
03f9
03f9
03fa
03fa
03fa
03fa
03fb
03fb
03fb
03fb
03fc
03fc
03fc
03fc
03fd
03fd
03fd
03fd
03fe
03fe
03fe
03fe
03ff
03ff
03ff
03ff
0400
0400
0400
0400
0401
0401
0401
0401
0402
0402
0402
0402
0403
0403
0403
0403
0404
0404
0404
0404
0405
0405
0405
0405
0406
0406
0406
0406
0407
0407
0407
0407
0408
0408
0408
0408
0409
0409
0409
0409
040a
040a
040a
040a
040b
040b
040b
040b
040c
040c
040c
040c
040d
040d
040d
040d
040e
040e
040e
040e
040f
040f
040f
040f
0410
0410
0410
0410
0411
0411
0411
0411
0412
0412
0412
0412
0413
0413
0413
0413
0414
0414
0414
0414
0415
0415
0415
0415
0416
0416
0416
0416
0417
0417
0417
0417
0418
0418
0418
0418
0419
0419
0419
0419
041a
041a
041a
041a
041b
041b
041b
041b
041c
041c
041c
041c
041d
041d
041d
041d
041e
041e
041e
041e
041f
041f
041f
041f
0420
0420
0420
0421
0421
0421
0421
0422
0422
0422
0422
0423
0423
0423
0423
0424
0424
0424
0425
0425
0425
0425
0426
0426
0426
0426
0427
0427
0427
0427
0428
0428
0428
0428
0429
0429
0429
042a
042a
042a
042a
042b
042b
042b
042b
042c
042c
042c
042c
042d
042d
042d
042e
042e
042e
042e
042f
042f
042f
042f
0430
0430
0430
0430
0431
0431
0431
0431
0432
0432
0432
0432
0433
0433
0433
0433
0434
0434
0434
0434
0435
0435
0435
0435
0436
0436
0436
0436
0437
0437
0437
0437
0438
0438
0438
0438
0439
0439
0439
0439
043a
043a
043a
043a
043b
043b
043b
043b
043c
043c
043c
043c
043d
043d
043d
043d
043e
043e
043e
043e
043f
043f
043f
043f
0440
0440
0440
0440
0441
0441
0441
0442
0442
0442
0442
0443
0443
0443
0443
0444
0444
0444
0444
0445
0445
0445
0446
0446
0446
0446
0447
0447
0447
0447
0448
0448
0448
0448
0449
0449
0449
0449
044a
044a
044a
044b
044b
044b
044b
044c
044c
044c
044c
044d
044d
044d
044d
044e
044e
044e
044f
044f
044f
044f
0450
0450
0450
0451
0451
0451
0451
0452
0452
0452
0453
0453
0453
0453
0454
0454
0454
0454
0455
0455
0455
0456
0456
0456
0456
0457
0457
0457
0458
0458
0458
0458
0459
0459
0459
045a
045a
045a
045a
045b
045b
045b
045c
045c
045c
045c
045d
045d
045d
045d
045e
045e
045e
045f
045f
045f
045f
0460
0460
0460
0461
0461
0461
0461
0462
0462
0462
0462
0463
0463
0463
0463
0464
0464
0464
0465
0465
0465
0465
0466
0466
0466
0466
0467
0467
0467
0467
0468
0468
0468
0469
0469
0469
0469
046a
046a
046a
046a
046b
046b
046b
046b
046c
046c
046c
046c
046d
046d
046d
046e
046e
046e
046e
046f
046f
046f
046f
0470
0470
0470
0470
0471
0471
0471
0472
0472
0472
0472
0473
0473
0473
0474
0474
0474
0474
0475
0475
0475
0476
0476
0476
0476
0477
0477
0477
0477
0478
0478
0478
0479
0479
0479
0479
047a
047a
047a
047b
047b
047b
047b
047c
047c
047c
047d
047d
047d
047d
047e
047e
047e
047f
047f
047f
047f
0480
0480
0480
0480
0481
0481
0481
0482
0482
0482
0482
0483
0483
0483
0484
0484
0484
0484
0485
0485
0485
0486
0486
0486
0487
0487
0487
0487
0488
0488
0488
0489
0489
0489
048a
048a
048a
048a
048b
048b
048b
048c
048c
048c
048d
048d
048d
048d
048e
048e
048e
048f
048f
048f
048f
0490
0490
0490
0491
0491
0491
0492
0492
0492
0492
0493
0493
0493
0494
0494
0494
0495
0495
0495
0495
0496
0496
0496
0497
0497
0497
0497
0498
0498
0498
0499
0499
0499
0499
049a
049a
049a
049b
049b
049b
049b
049c
049c
049c
049c
049d
049d
049d
049e
049e
049e
049e
049f
049f
049f
04a0
04a0
04a0
04a0
04a1
04a1
04a1
04a2
04a2
04a2
04a2
04a3
04a3
04a3
04a4
04a4
04a4
04a4
04a5
04a5
04a5
04a5
04a6
04a6
04a6
04a7
04a7
04a7
04a7
04a8
04a8
04a8
04a9
04a9
04a9
04a9
04aa
04aa
04aa
04ab
04ab
04ab
04ac
04ac
04ac
04ac
04ad
04ad
04ad
04ae
04ae
04ae
04af
04af
04af
04af
04b0
04b0
04b0
04b1
04b1
04b1
04b2
04b2
04b2
04b2
04b3
04b3
04b3
04b4
04b4
04b4
04b4
04b5
04b5
04b5
04b6
04b6
04b6
04b7
04b7
04b7
04b7
04b8
04b8
04b8
04b9
04b9
04b9
04ba
04ba
04ba
04ba
04bb
04bb
04bb
04bc
04bc
04bc
04bc
04bd
04bd
04bd
04be
04be
04be
04bf
04bf
04bf
04bf
04c0
04c0
04c0
04c1
04c1
04c1
04c2
04c2
04c2
04c2
04c3
04c3
04c3
04c4
04c4
04c4
04c5
04c5
04c5
04c5
04c6
04c6
04c6
04c7
04c7
04c7
04c7
04c8
04c8
04c8
04c9
04c9
04c9
04ca
04ca
04ca
04ca
04cb
04cb
04cb
04cc
04cc
04cc
04cd
04cd
04cd
04cd
04ce
04ce
04ce
04cf
04cf
04cf
04cf
04d0
04d0
04d0
04d1
04d1
04d1
04d2
04d2
04d2
04d2
04d3
04d3
04d3
04d4
04d4
04d4
04d5
04d5
04d5
04d5
04d6
04d6
04d6
04d7
04d7
04d7
04d8
04d8
04d8
04d8
04d9
04d9
04d9
04da
04da
04da
04da
04db
04db
04db
04dc
04dc
04dc
04dd
04dd
04dd
04dd
04de
04de
04de
04df
04df
04df
04e0
04e0
04e0
04e0
04e1
04e1
04e1
04e2
04e2
04e2
04e3
04e3
04e3
04e4
04e4
04e4
04e4
04e5
04e5
04e5
04e6
04e6
04e6
04e7
04e7
04e7
04e8
04e8
04e8
04e9
04e9
04e9
04e9
04ea
04ea
04ea
04eb
04eb
04eb
04ec
04ec
04ec
04ed
04ed
04ed
04ee
04ee
04ee
04ee
04ef
04ef
04ef
04f0
04f0
04f0
04f1
04f1
04f1
04f2
04f2
04f2
04f3
04f3
04f3
04f3
04f4
04f4
04f4
04f5
04f5
04f5
04f6
04f6
04f6
04f7
04f7
04f7
04f8
04f8
04f8
04f8
04f9
04f9
04f9
04fa
04fa
04fa
04fb
04fb
04fb
04fc
04fc
04fc
04fd
04fd
04fd
04fd
04fe
04fe
04fe
04ff
04ff
04ff
0500
0500
0500
0501
0501
0501
0502
0502
0502
0502
0503
0503
0503
0504
0504
0504
0505
0505
0505
0506
0506
0506
0507
0507
0507
0507
0508
0508
0508
0509
0509
0509
050a
050a
050a
050b
050b
050b
050c
050c
050c
050c
050d
050d
050d
050e
050e
050e
050f
050f
050f
0510
0510
0510
0511
0511
0511
0511
0512
0512
0512
0513
0513
0513
0514
0514
0514
0515
0515
0515
0516
0516
0516
0516
0517
0517
0517
0518
0518
0518
0519
0519
0519
051a
051a
051a
051b
051b
051b
051b
051c
051c
051c
051d
051d
051d
051e
051e
051e
051f
051f
051f
0520
0520
0520
0521
0521
0521
0522
0522
0522
0523
0523
0523
0524
0524
0524
0525
0525
0525
0526
0526
0526
0527
0527
0527
0528
0528
0528
0528
0529
0529
0529
052a
052a
052a
052b
052b
052b
052c
052c
052c
052d
052d
052d
052e
052e
052e
052f
052f
052f
0530
0530
0530
0531
0531
0531
0532
0532
0532
0533
0533
0533
0534
0534
0534
0535
0535
0535
0536
0536
0536
0537
0537
0537
0538
0538
0538
0539
0539
0539
053a
053a
053a
053b
053b
053b
053c
053c
053c
053d
053d
053d
053d
053e
053e
053e
053f
053f
053f
0540
0540
0540
0541
0541
0541
0542
0542
0542
0543
0543
0543
0544
0544
0544
0545
0545
0545
0546
0546
0546
0547
0547
0547
0548
0548
0548
0549
0549
0549
054a
054a
054a
054b
054b
054b
054c
054c
054c
054d
054d
054d
054e
054e
054e
054f
054f
054f
0550
0550
0550
0551
0551
0551
0552
0552
0552
0552
0553
0553
0553
0554
0554
0554
0555
0555
0555
0556
0556
0556
0557
0557
0557
0558
0558
0558
0559
0559
0559
055a
055a
055a
055b
055b
055b
055c
055c
055c
055d
055d
055d
055e
055e
055e
055f
055f
055f
0560
0560
0560
0561
0561
0562
0562
0562
0563
0563
0563
0564
0564
0564
0565
0565
0565
0566
0566
0566
0567
0567
0567
0568
0568
0568
0569
0569
0569
056a
056a
056a
056b
056b
056b
056c
056c
056d
056d
056d
056e
056e
056e
056f
056f
056f
0570
0570
0570
0571
0571
0571
0572
0572
0572
0573
0573
0573
0574
0574
0574
0575
0575
0575
0576
0576
0576
0577
0577
0578
0578
0578
0579
0579
0579
057a
057a
057a
057b
057b
057b
057c
057c
057c
057d
057d
057d
057e
057e
057e
057f
057f
057f
0580
0580
0580
0581
0581
0581
0582
0582
0583
0583
0583
0584
0584
0584
0585
0585
0585
0586
0586
0586
0587
0587
0587
0588
0588
0588
0589
0589
0589
058a
058a
058a
058b
058b
058b
058c
058c
058c
058d
058d
058e
058e
058e
058f
058f
058f
0590
0590
0590
0591
0591
0591
0592
0592
0592
0593
0593
0593
0594
0594
0594
0595
0595
0595
0596
0596
0596
0597
0597
0597
0598
0598
0599
0599
0599
059a
059a
059a
059b
059b
059b
059c
059c
059c
059d
059d
059d
059e
059e
059e
059f
059f
059f
05a0
05a0
05a0
05a1
05a1
05a1
05a2
05a2
05a2
05a3
05a3
05a4
05a4
05a4
05a5
05a5
05a5
05a6
05a6
05a6
05a7
05a7
05a7
05a8
05a8
05a8
05a9
05a9
05a9
05aa
05aa
05aa
05ab
05ab
05ab
05ac
05ac
05ac
05ad
05ad
05ad
05ae
05ae
05af
05af
05af
05b0
05b0
05b0
05b1
05b1
05b1
05b2
05b2
05b2
05b3
05b3
05b3
05b4
05b4
05b4
05b5
05b5
05b5
05b6
05b6
05b7
05b7
05b7
05b8
05b8
05b8
05b9
05b9
05b9
05ba
05ba
05ba
05bb
05bb
05bc
05bc
05bc
05bd
05bd
05bd
05be
05be
05be
05bf
05bf
05c0
05c0
05c0
05c1
05c1
05c1
05c2
05c2
05c2
05c3
05c3
05c3
05c4
05c4
05c5
05c5
05c5
05c6
05c6
05c6
05c7
05c7
05c7
05c8
05c8
05c8
05c9
05c9
05ca
05ca
05ca
05cb
05cb
05cb
05cc
05cc
05cd
05cd
05cd
05ce
05ce
05ce
05cf
05cf
05d0
05d0
05d0
05d1
05d1
05d1
05d2
05d2
05d3
05d3
05d3
05d4
05d4
05d4
05d5
05d5
05d6
05d6
05d6
05d7
05d7
05d7
05d8
05d8
05d9
05d9
05d9
05da
05da
05da
05db
05db
05dc
05dc
05dc
05dd
05dd
05dd
05de
05de
05df
05df
05df
05e0
05e0
05e0
05e1
05e1
05e2
05e2
05e2
05e3
05e3
05e3
05e4
05e4
05e5
05e5
05e5
05e6
05e6
05e6
05e7
05e7
05e8
05e8
05e8
05e9
05e9
05e9
05ea
05ea
05eb
05eb
05eb
05ec
05ec
05ec
05ed
05ed
05ee
05ee
05ee
05ef
05ef
05ef
05f0
05f0
05f1
05f1
05f1
05f2
05f2
05f2
05f3
05f3
05f4
05f4
05f4
05f5
05f5
05f5
05f6
05f6
05f7
05f7
05f7
05f8
05f8
05f8
05f9
05f9
05fa
05fa
05fa
05fb
05fb
05fb
05fc
05fc
05fd
05fd
05fd
05fe
05fe
05fe
05ff
05ff
0600
0600
0600
0601
0601
0601
0602
0602
0603
0603
0603
0604
0604
0604
0605
0605
0606
0606
0606
0607
0607
0607
0608
0608
0609
0609
0609
060a
060a
060a
060b
060b
060c
060c
060c
060d
060d
060d
060e
060e
060f
060f
060f
0610
0610
0610
0611
0611
0612
0612
0612
0613
0613
0613
0614
0614
0615
0615
0615
0616
0616
0616
0617
0617
0618
0618
0618
0619
0619
0619
061a
061a
061b
061b
061b
061c
061c
061c
061d
061d
061e
061e
061e
061f
061f
061f
0620
0620
0621
0621
0621
0622
0622
0622
0623
0623
0624
0624
0624
0625
0625
0625
0626
0626
0627
0627
0627
0628
0628
0628
0629
0629
062a
062a
062a
062b
062b
062b
062c
062c
062d
062d
062d
062e
062e
062f
062f
062f
0630
0630
0630
0631
0631
0632
0632
0632
0633
0633
0634
0634
0634
0635
0635
0636
0636
0636
0637
0637
0638
0638
0638
0639
0639
0639
063a
063a
063b
063b
063b
063c
063c
063d
063d
063d
063e
063e
063f
063f
063f
0640
0640
0640
0641
0641
0642
0642
0642
0643
0643
0644
0644
0644
0645
0645
0646
0646
0646
0647
0647
0648
0648
0648
0649
0649
0649
064a
064a
064b
064b
064b
064c
064c
064d
064d
064d
064e
064e
064f
064f
064f
0650
0650
0651
0651
0651
0652
0652
0652
0653
0653
0654
0654
0654
0655
0655
0656
0656
0656
0657
0657
0658
0658
0658
0659
0659
0659
065a
065a
065b
065b
065b
065c
065c
065d
065d
065d
065e
065e
065f
065f
065f
0660
0660
0661
0661
0661
0662
0662
0663
0663
0664
0664
0664
0665
0665
0666
0666
0666
0667
0667
0668
0668
0668
0669
0669
066a
066a
066a
066b
066b
066c
066c
066c
066d
066d
066e
066e
066e
066f
066f
0670
0670
0671
0671
0671
0672
0672
0673
0673
0673
0674
0674
0675
0675
0675
0676
0676
0677
0677
0677
0678
0678
0679
0679
0679
067a
067a
067b
067b
067b
067c
067c
067d
067d
067e
067e
067e
067f
067f
0680
0680
0680
0681
0681
0682
0682
0682
0683
0683
0684
0684
0684
0685
0685
0686
0686
0686
0687
0687
0688
0688
0688
0689
0689
068a
068a
068b
068b
068b
068c
068c
068d
068d
068d
068e
068e
068f
068f
068f
0690
0690
0691
0691
0691
0692
0692
0693
0693
0693
0694
0694
0695
0695
0695
0696
0696
0697
0697
0698
0698
0698
0699
0699
069a
069a
069a
069b
069b
069c
069c
069c
069d
069d
069e
069e
069e
069f
069f
06a0
06a0
06a0
06a1
06a1
06a2
06a2
06a2
06a3
06a3
06a4
06a4
06a5
06a5
06a5
06a6
06a6
06a7
06a7
06a7
06a8
06a8
06a9
06a9
06a9
06aa
06aa
06ab
06ab
06ab
06ac
06ac
06ad
06ad
06ae
06ae
06ae
06af
06af
06b0
06b0
06b0
06b1
06b1
06b2
06b2
06b3
06b3
06b3
06b4
06b4
06b5
06b5
06b6
06b6
06b6
06b7
06b7
06b8
06b8
06b9
06b9
06b9
06ba
06ba
06bb
06bb
06bb
06bc
06bc
06bd
06bd
06be
06be
06be
06bf
06bf
06c0
06c0
06c1
06c1
06c1
06c2
06c2
06c3
06c3
06c3
06c4
06c4
06c5
06c5
06c6
06c6
06c6
06c7
06c7
06c8
06c8
06c9
06c9
06ca
06ca
06ca
06cb
06cb
06cc
06cc
06cd
06cd
06cd
06ce
06ce
06cf
06cf
06d0
06d0
06d1
06d1
06d1
06d2
06d2
06d3
06d3
06d4
06d4
06d4
06d5
06d5
06d6
06d6
06d7
06d7
06d8
06d8
06d8
06d9
06d9
06da
06da
06db
06db
06db
06dc
06dc
06dd
06dd
06de
06de
06df
06df
06df
06e0
06e0
06e1
06e1
06e2
06e2
06e2
06e3
06e3
06e4
06e4
06e5
06e5
06e5
06e6
06e6
06e7
06e7
06e7
06e8
06e8
06e9
06e9
06ea
06ea
06ea
06eb
06eb
06ec
06ec
06ed
06ed
06ed
06ee
06ee
06ef
06ef
06f0
06f0
06f0
06f1
06f1
06f2
06f2
06f2
06f3
06f3
06f4
06f4
06f5
06f5
06f5
06f6
06f6
06f7
06f7
06f8
06f8
06f8
06f9
06f9
06fa
06fa
06fa
06fb
06fb
06fc
06fc
06fd
06fd
06fd
06fe
06fe
06ff
06ff
0700
0700
0701
0701
0702
0702
0702
0703
0703
0704
0704
0705
0705
0706
0706
0707
0707
0707
0708
0708
0709
0709
070a
070a
070b
070b
070c
070c
070c
070d
070d
070e
070e
070f
070f
0710
0710
0710
0711
0711
0712
0712
0713
0713
0714
0714
0715
0715
0715
0716
0716
0717
0717
0718
0718
0719
0719
071a
071a
071a
071b
071b
071c
071c
071d
071d
071e
071e
071e
071f
071f
0720
0720
0721
0721
0721
0722
0722
0723
0723
0724
0724
0725
0725
0725
0726
0726
0727
0727
0728
0728
0728
0729
0729
072a
072a
072b
072b
072c
072c
072c
072d
072d
072e
072e
072f
072f
072f
0730
0730
0731
0731
0732
0732
0733
0733
0733
0734
0734
0735
0735
0736
0736
0736
0737
0737
0738
0738
0739
0739
073a
073a
073b
073b
073b
073c
073c
073d
073d
073e
073e
073f
073f
0740
0740
0740
0741
0741
0742
0742
0743
0743
0744
0744
0745
0745
0745
0746
0746
0747
0747
0748
0748
0749
0749
0749
074a
074a
074b
074b
074c
074c
074d
074d
074e
074e
074e
074f
074f
0750
0750
0751
0751
0752
0752
0753
0753
0753
0754
0754
0755
0755
0756
0756
0757
0757
0758
0758
0759
0759
075a
075a
075b
075b
075b
075c
075c
075d
075d
075e
075e
075f
075f
0760
0760
0761
0761
0762
0762
0762
0763
0763
0764
0764
0765
0765
0766
0766
0767
0767
0768
0768
0769
0769
076a
076a
076a
076b
076b
076c
076c
076d
076d
076e
076e
076f
076f
0770
0770
0771
0771
0771
0772
0772
0773
0773
0774
0774
0775
0775
0776
0776
0777
0777
0778
0778
0779
0779
0779
077a
077a
077b
077b
077c
077c
077d
077d
077e
077e
077f
077f
0780
0780
0780
0781
0781
0782
0782
0783
0783
0784
0784
0785
0785
0786
0786
0787
0787
0788
0788
0788
0789
0789
078a
078a
078b
078b
078c
078c
078d
078d
078e
078e
078f
078f
078f
0790
0790
0791
0791
0792
0792
0793
0793
0794
0794
0795
0795
0796
0796
0797
0797
0797
0798
0798
0799
0799
079a
079a
079b
079b
079c
079c
079d
079d
079e
079e
079e
079f
079f
07a0
07a0
07a1
07a1
07a2
07a2
07a3
07a3
07a4
07a4
07a5
07a5
07a6
07a6
07a6
07a7
07a7
07a8
07a8
07a9
07a9
07aa
07aa
07ab
07ab
07ac
07ac
07ad
07ad
07ad
07ae
07ae
07af
07af
07b0
07b0
07b1
07b1
07b2
07b2
07b3
07b3
07b4
07b4
07b5
07b5
07b6
07b6
07b7
07b7
07b8
07b8
07b9
07b9
07ba
07ba
07bb
07bb
07bc
07bc
07bd
07bd
07bd
07be
07be
07bf
07bf
07c0
07c0
07c1
07c1
07c2
07c2
07c3
07c3
07c4
07c4
07c5
07c5
07c6
07c6
07c7
07c7
07c8
07c8
07c9
07c9
07ca
07ca
07cb
07cb
07cc
07cc
07cd
07cd
07ce
07ce
07cf
07cf
07d0
07d0
07d1
07d1
07d2
07d2
07d3
07d3
07d4
07d4
07d5
07d5
07d6
07d6
07d7
07d7
07d8
07d8
07d9
07d9
07da
07da
07db
07db
07dc
07dc
07dd
07dd
07de
07de
07df
07df
07e0
07e0
07e1
07e1
07e2
07e2
07e3
07e3
07e4
07e4
07e5
07e5
07e6
07e6
07e7
07e7
07e8
07e8
07e9
07e9
07ea
07ea
07eb
07eb
07ec
07ec
07ed
07ed
07ee
07ee
07ef
07ef
07f0
07f0
07f1
07f1
07f2
07f2
07f3
07f3
07f4
07f4
07f5
07f5
07f6
07f6
07f7
07f7
07f8
07f8
07f9
07f9
07fa
07fa
07fb
07fb
07fc
07fc
07fd
07fd
07fe
07fe
07ff
07ff
0800
0800
0801
0801
0802
0802
0803
0803
0804
0804
0805
0805
0806
0806
0807
0807
0808
0808
0809
0809
080a
080a
080b
080b
080c
080c
080d
080d
080e
080e
080f
080f
0810
0810
0811
0811
0812
0812
0813
0813
0814
0814
0815
0815
0816
0816
0817
0817
0818
0818
0819
0819
081a
081a
081b
081b
081c
081c
081d
081d
081e
081e
081f
081f
0820
0820
0821
0821
0822
0822
0823
0823
0824
0824
0825
0825
0826
0826
0827
0827
0828
0828
0829
0829
082a
082a
082b
082b
082c
082c
082d
082d
082e
082e
082f
082f
0830
0830
0831
0831
0832
0832
0833
0833
0834
0834
0835
0835
0836
0836
0837
0837
0838
0838
0839
0839
083a
083a
083b
083b
083c
083d
083d
083e
083e
083f
083f
0840
0840
0841
0841
0842
0842
0843
0843
0844
0844
0845
0845
0846
0846
0847
0847
0848
0848
0849
0849
084a
084a
084b
084b
084c
084c
084d
084e
084e
084f
084f
0850
0850
0851
0851
0852
0852
0853
0853
0854
0854
0855
0855
0856
0856
0857
0857
0858
0858
0859
0859
085a
085a
085b
085b
085c
085c
085d
085e
085e
085f
085f
0860
0860
0861
0861
0862
0862
0863
0863
0864
0864
0865
0865
0866
0866
0867
0867
0868
0868
0869
0869
086a
086a
086b
086b
086c
086c
086d
086d
086e
086f
086f
0870
0870
0871
0871
0872
0872
0873
0873
0874
0874
0875
0875
0876
0877
0877
0878
0878
0879
0879
087a
087a
087b
087b
087c
087c
087d
087d
087e
087e
087f
0880
0880
0881
0881
0882
0882
0883
0883
0884
0884
0885
0885
0886
0886
0887
0888
0888
0889
0889
088a
088a
088b
088b
088c
088c
088d
088d
088e
088e
088f
088f
0890
0891
0891
0892
0892
0893
0893
0894
0894
0895
0895
0896
0897
0897
0898
0898
0899
0899
089a
089a
089b
089b
089c
089d
089d
089e
089e
089f
089f
08a0
08a0
08a1
08a2
08a2
08a3
08a3
08a4
08a4
08a5
08a5
08a6
08a6
08a7
08a8
08a8
08a9
08a9
08aa
08aa
08ab
08ab
08ac
08ac
08ad
08ae
08ae
08af
08af
08b0
08b0
08b1
08b1
08b2
08b2
08b3
08b4
08b4
08b5
08b5
08b6
08b6
08b7
08b7
08b8
08b8
08b9
08ba
08ba
08bb
08bb
08bc
08bc
08bd
08bd
08be
08be
08bf
08c0
08c0
08c1
08c1
08c2
08c2
08c3
08c3
08c4
08c5
08c5
08c6
08c6
08c7
08c7
08c8
08c8
08c9
08c9
08ca
08cb
08cb
08cc
08cc
08cd
08cd
08ce
08ce
08cf
08cf
08d0
08d1
08d1
08d2
08d2
08d3
08d3
08d4
08d4
08d5
08d5
08d6
08d7
08d7
08d8
08d8
08d9
08d9
08da
08db
08db
08dc
08dc
08dd
08dd
08de
08de
08df
08e0
08e0
08e1
08e1
08e2
08e2
08e3
08e4
08e4
08e5
08e5
08e6
08e6
08e7
08e7
08e8
08e9
08e9
08ea
08ea
08eb
08eb
08ec
08ed
08ed
08ee
08ee
08ef
08ef
08f0
08f0
08f1
08f2
08f2
08f3
08f3
08f4
08f4
08f5
08f6
08f6
08f7
08f7
08f8
08f8
08f9
08f9
08fa
08fb
08fb
08fc
08fc
08fd
08fd
08fe
08ff
08ff
0900
0900
0901
0901
0902
0902
0903
0904
0904
0905
0905
0906
0906
0907
0908
0908
0909
0909
090a
090a
090b
090b
090c
090d
090d
090e
090e
090f
090f
0910
0911
0911
0912
0912
0913
0913
0914
0914
0915
0916
0916
0917
0917
0918
0918
0919
091a
091a
091b
091b
091c
091c
091d
091d
091e
091f
091f
0920
0920
0921
0921
0922
0923
0923
0924
0924
0925
0926
0926
0927
0927
0928
0928
0929
092a
092a
092b
092b
092c
092c
092d
092e
092e
092f
092f
0930
0931
0931
0932
0932
0933
0933
0934
0935
0935
0936
0936
0937
0937
0938
0939
0939
093a
093a
093b
093b
093c
093d
093d
093e
093e
093f
0940
0940
0941
0941
0942
0942
0943
0944
0944
0945
0945
0946
0946
0947
0948
0948
0949
0949
094a
094b
094b
094c
094c
094d
094d
094e
094f
094f
0950
0950
0951
0951
0952
0953
0953
0954
0954
0955
0956
0956
0957
0957
0958
0958
0959
095a
095a
095b
095b
095c
095c
095d
095e
095e
095f
095f
0960
0960
0961
0962
0962
0963
0963
0964
0965
0965
0966
0966
0967
0967
0968
0969
0969
096a
096a
096b
096c
096c
096d
096d
096e
096f
096f
0970
0970
0971
0972
0972
0973
0973
0974
0974
0975
0976
0976
0977
0977
0978
0979
0979
097a
097a
097b
097c
097c
097d
097d
097e
097f
097f
0980
0980
0981
0982
0982
0983
0983
0984
0985
0985
0986
0986
0987
0987
0988
0989
0989
098a
098a
098b
098c
098c
098d
098d
098e
098f
098f
0990
0990
0991
0992
0992
0993
0993
0994
0995
0995
0996
0996
0997
0998
0998
0999
0999
099a
099a
099b
099c
099c
099d
099d
099e
099f
099f
09a0
09a0
09a1
09a2
09a2
09a3
09a3
09a4
09a5
09a5
09a6
09a6
09a7
09a8
09a8
09a9
09a9
09aa
09ab
09ab
09ac
09ac
09ad
09ad
09ae
09af
09af
09b0
09b0
09b1
09b2
09b2
09b3
09b3
09b4
09b5
09b5
09b6
09b6
09b7
09b8
09b8
09b9
09b9
09ba
09bb
09bb
09bc
09bd
09bd
09be
09be
09bf
09c0
09c0
09c1
09c1
09c2
09c3
09c3
09c4
09c4
09c5
09c6
09c6
09c7
09c8
09c8
09c9
09c9
09ca
09cb
09cb
09cc
09cc
09cd
09ce
09ce
09cf
09cf
09d0
09d1
09d1
09d2
09d2
09d3
09d4
09d4
09d5
09d6
09d6
09d7
09d7
09d8
09d9
09d9
09da
09da
09db
09dc
09dc
09dd
09de
09de
09df
09df
09e0
09e1
09e1
09e2
09e3
09e3
09e4
09e4
09e5
09e6
09e6
09e7
09e8
09e8
09e9
09e9
09ea
09eb
09eb
09ec
09ed
09ed
09ee
09ee
09ef
09f0
09f0
09f1
09f2
09f2
09f3
09f3
09f4
09f5
09f5
09f6
09f7
09f7
09f8
09f8
09f9
09fa
09fa
09fb
09fc
09fc
09fd
09fd
09fe
09ff
09ff
0a00
0a01
0a01
0a02
0a02
0a03
0a04
0a04
0a05
0a06
0a06
0a07
0a07
0a08
0a09
0a09
0a0a
0a0b
0a0b
0a0c
0a0d
0a0d
0a0e
0a0f
0a0f
0a10
0a10
0a11
0a12
0a12
0a13
0a14
0a14
0a15
0a16
0a16
0a17
0a18
0a18
0a19
0a19
0a1a
0a1b
0a1b
0a1c
0a1d
0a1d
0a1e
0a1f
0a1f
0a20
0a20
0a21
0a22
0a22
0a23
0a24
0a24
0a25
0a26
0a26
0a27
0a28
0a28
0a29
0a29
0a2a
0a2b
0a2b
0a2c
0a2d
0a2d
0a2e
0a2f
0a2f
0a30
0a30
0a31
0a32
0a32
0a33
0a34
0a34
0a35
0a36
0a36
0a37
0a38
0a38
0a39
0a39
0a3a
0a3b
0a3b
0a3c
0a3d
0a3d
0a3e
0a3f
0a3f
0a40
0a41
0a41
0a42
0a42
0a43
0a44
0a44
0a45
0a46
0a46
0a47
0a48
0a48
0a49
0a49
0a4a
0a4b
0a4b
0a4c
0a4d
0a4d
0a4e
0a4f
0a4f
0a50
0a51
0a51
0a52
0a52
0a53
0a54
0a54
0a55
0a56
0a56
0a57
0a58
0a58
0a59
0a59
0a5a
0a5b
0a5b
0a5c
0a5d
0a5d
0a5e
0a5f
0a5f
0a60
0a61
0a61
0a62
0a62
0a63
0a64
0a64
0a65
0a66
0a66
0a67
0a68
0a68
0a69
0a6a
0a6a
0a6b
0a6b
0a6c
0a6d
0a6d
0a6e
0a6f
0a6f
0a70
0a71
0a71
0a72
0a72
0a73
0a74
0a74
0a75
0a76
0a76
0a77
0a78
0a78
0a79
0a7a
0a7a
0a7b
0a7b
0a7c
0a7d
0a7d
0a7e
0a7f
0a7f
0a80
0a81
0a81
0a82
0a83
0a83
0a84
0a85
0a85
0a86
0a87
0a87
0a88
0a89
0a89
0a8a
0a8b
0a8b
0a8c
0a8d
0a8d
0a8e
0a8f
0a8f
0a90
0a91
0a91
0a92
0a93
0a94
0a94
0a95
0a96
0a96
0a97
0a98
0a98
0a99
0a9a
0a9a
0a9b
0a9c
0a9c
0a9d
0a9e
0a9e
0a9f
0aa0
0aa0
0aa1
0aa2
0aa2
0aa3
0aa4
0aa4
0aa5
0aa6
0aa6
0aa7
0aa8
0aa8
0aa9
0aaa
0aaa
0aab
0aac
0aac
0aad
0aae
0aae
0aaf
0ab0
0ab0
0ab1
0ab2
0ab2
0ab3
0ab4
0ab4
0ab5
0ab5
0ab6
0ab7
0ab7
0ab8
0ab9
0ab9
0aba
0abb
0abb
0abc
0abd
0abd
0abe
0abf
0abf
0ac0
0ac1
0ac1
0ac2
0ac3
0ac3
0ac4
0ac5
0ac5
0ac6
0ac7
0ac7
0ac8
0ac9
0ac9
0aca
0aca
0acb
0acc
0acc
0acd
0ace
0ace
0acf
0ad0
0ad0
0ad1
0ad2
0ad2
0ad3
0ad4
0ad4
0ad5
0ad6
0ad6
0ad7
0ad8
0ad9
0ad9
0ada
0adb
0adb
0adc
0add
0add
0ade
0adf
0adf
0ae0
0ae1
0ae1
0ae2
0ae3
0ae4
0ae4
0ae5
0ae6
0ae6
0ae7
0ae8
0ae8
0ae9
0aea
0aea
0aeb
0aec
0aec
0aed
0aee
0aef
0aef
0af0
0af1
0af1
0af2
0af3
0af3
0af4
0af5
0af5
0af6
0af7
0af7
0af8
0af9
0afa
0afa
0afb
0afc
0afc
0afd
0afe
0afe
0aff
0b00
0b00
0b01
0b02
0b02
0b03
0b04
0b05
0b05
0b06
0b07
0b07
0b08
0b09
0b09
0b0a
0b0b
0b0b
0b0c
0b0d
0b0d
0b0e
0b0f
0b10
0b10
0b11
0b12
0b12
0b13
0b14
0b14
0b15
0b16
0b16
0b17
0b18
0b18
0b19
0b1a
0b1b
0b1b
0b1c
0b1d
0b1d
0b1e
0b1f
0b1f
0b20
0b21
0b21
0b22
0b23
0b23
0b24
0b25
0b26
0b26
0b27
0b28
0b28
0b29
0b2a
0b2a
0b2b
0b2c
0b2c
0b2d
0b2e
0b2f
0b2f
0b30
0b31
0b31
0b32
0b33
0b33
0b34
0b35
0b36
0b36
0b37
0b38
0b38
0b39
0b3a
0b3a
0b3b
0b3c
0b3d
0b3d
0b3e
0b3f
0b3f
0b40
0b41
0b42
0b42
0b43
0b44
0b44
0b45
0b46
0b46
0b47
0b48
0b49
0b49
0b4a
0b4b
0b4b
0b4c
0b4d
0b4d
0b4e
0b4f
0b50
0b50
0b51
0b52
0b52
0b53
0b54
0b54
0b55
0b56
0b57
0b57
0b58
0b59
0b59
0b5a
0b5b
0b5c
0b5c
0b5d
0b5e
0b5e
0b5f
0b60
0b61
0b61
0b62
0b63
0b64
0b64
0b65
0b66
0b66
0b67
0b68
0b69
0b69
0b6a
0b6b
0b6b
0b6c
0b6d
0b6e
0b6e
0b6f
0b70
0b70
0b71
0b72
0b73
0b73
0b74
0b75
0b75
0b76
0b77
0b78
0b78
0b79
0b7a
0b7b
0b7b
0b7c
0b7d
0b7d
0b7e
0b7f
0b80
0b80
0b81
0b82
0b82
0b83
0b84
0b85
0b85
0b86
0b87
0b87
0b88
0b89
0b8a
0b8a
0b8b
0b8c
0b8d
0b8d
0b8e
0b8f
0b90
0b90
0b91
0b92
0b92
0b93
0b94
0b95
0b95
0b96
0b97
0b98
0b98
0b99
0b9a
0b9b
0b9b
0b9c
0b9d
0b9e
0b9e
0b9f
0ba0
0ba0
0ba1
0ba2
0ba3
0ba3
0ba4
0ba5
0ba6
0ba6
0ba7
0ba8
0ba9
0ba9
0baa
0bab
0bab
0bac
0bad
0bae
0bae
0baf
0bb0
0bb1
0bb1
0bb2
0bb3
0bb4
0bb4
0bb5
0bb6
0bb6
0bb7
0bb8
0bb9
0bb9
0bba
0bbb
0bbc
0bbc
0bbd
0bbe
0bbf
0bbf
0bc0
0bc1
0bc1
0bc2
0bc3
0bc4
0bc4
0bc5
0bc6
0bc7
0bc7
0bc8
0bc9
0bca
0bca
0bcb
0bcc
0bcd
0bcd
0bce
0bcf
0bcf
0bd0
0bd1
0bd2
0bd2
0bd3
0bd4
0bd5
0bd5
0bd6
0bd7
0bd8
0bd8
0bd9
0bda
0bda
0bdb
0bdc
0bdd
0bdd
0bde
0bdf
0be0
0be0
0be1
0be2
0be3
0be3
0be4
0be5
0be6
0be6
0be7
0be8
0be9
0be9
0bea
0beb
0bec
0bec
0bed
0bee
0bef
0bef
0bf0
0bf1
0bf2
0bf2
0bf3
0bf4
0bf5
0bf5
0bf6
0bf7
0bf8
0bf8
0bf9
0bfa
0bfb
0bfb
0bfc
0bfd
0bfe
0bfe
0bff
0c00
0c01
0c01
0c02
0c03
0c04
0c04
0c05
0c06
0c07
0c07
0c08
0c09
0c0a
0c0a
0c0b
0c0c
0c0d
0c0d
0c0e
0c0f
0c10
0c10
0c11
0c12
0c13
0c13
0c14
0c15
0c16
0c16
0c17
0c18
0c19
0c19
0c1a
0c1b
0c1c
0c1c
0c1d
0c1e
0c1f
0c1f
0c20
0c21
0c22
0c23
0c23
0c24
0c25
0c26
0c26
0c27
0c28
0c29
0c29
0c2a
0c2b
0c2c
0c2d
0c2d
0c2e
0c2f
0c30
0c30
0c31
0c32
0c33
0c33
0c34
0c35
0c36
0c36
0c37
0c38
0c39
0c3a
0c3a
0c3b
0c3c
0c3d
0c3d
0c3e
0c3f
0c40
0c40
0c41
0c42
0c43
0c43
0c44
0c45
0c46
0c47
0c47
0c48
0c49
0c4a
0c4a
0c4b
0c4c
0c4d
0c4d
0c4e
0c4f
0c50
0c50
0c51
0c52
0c53
0c54
0c54
0c55
0c56
0c57
0c57
0c58
0c59
0c5a
0c5a
0c5b
0c5c
0c5d
0c5e
0c5e
0c5f
0c60
0c61
0c61
0c62
0c63
0c64
0c64
0c65
0c66
0c67
0c67
0c68
0c69
0c6a
0c6b
0c6b
0c6c
0c6d
0c6e
0c6e
0c6f
0c70
0c71
0c71
0c72
0c73
0c74
0c74
0c75
0c76
0c77
0c78
0c78
0c79
0c7a
0c7b
0c7b
0c7c
0c7d
0c7e
0c7f
0c7f
0c80
0c81
0c82
0c83
0c83
0c84
0c85
0c86
0c86
0c87
0c88
0c89
0c8a
0c8a
0c8b
0c8c
0c8d
0c8d
0c8e
0c8f
0c90
0c91
0c91
0c92
0c93
0c94
0c94
0c95
0c96
0c97
0c98
0c98
0c99
0c9a
0c9b
0c9c
0c9c
0c9d
0c9e
0c9f
0c9f
0ca0
0ca1
0ca2
0ca3
0ca3
0ca4
0ca5
0ca6
0ca6
0ca7
0ca8
0ca9
0caa
0caa
0cab
0cac
0cad
0cae
0cae
0caf
0cb0
0cb1
0cb2
0cb2
0cb3
0cb4
0cb5
0cb6
0cb6
0cb7
0cb8
0cb9
0cba
0cba
0cbb
0cbc
0cbd
0cbe
0cbe
0cbf
0cc0
0cc1
0cc2
0cc2
0cc3
0cc4
0cc5
0cc5
0cc6
0cc7
0cc8
0cc9
0cc9
0cca
0ccb
0ccc
0ccd
0ccd
0cce
0ccf
0cd0
0cd1
0cd1
0cd2
0cd3
0cd4
0cd5
0cd5
0cd6
0cd7
0cd8
0cd9
0cd9
0cda
0cdb
0cdc
0cdd
0cdd
0cde
0cdf
0ce0
0ce1
0ce2
0ce2
0ce3
0ce4
0ce5
0ce6
0ce6
0ce7
0ce8
0ce9
0cea
0cea
0ceb
0cec
0ced
0cee
0cef
0cef
0cf0
0cf1
0cf2
0cf3
0cf3
0cf4
0cf5
0cf6
0cf7
0cf7
0cf8
0cf9
0cfa
0cfb
0cfc
0cfc
0cfd
0cfe
0cff
0d00
0d00
0d01
0d02
0d03
0d04
0d04
0d05
0d06
0d07
0d08
0d09
0d09
0d0a
0d0b
0d0c
0d0d
0d0d
0d0e
0d0f
0d10
0d11
0d11
0d12
0d13
0d14
0d15
0d16
0d16
0d17
0d18
0d19
0d1a
0d1b
0d1b
0d1c
0d1d
0d1e
0d1f
0d20
0d20
0d21
0d22
0d23
0d24
0d25
0d25
0d26
0d27
0d28
0d29
0d2a
0d2a
0d2b
0d2c
0d2d
0d2e
0d2e
0d2f
0d30
0d31
0d32
0d33
0d33
0d34
0d35
0d36
0d37
0d38
0d38
0d39
0d3a
0d3b
0d3c
0d3d
0d3d
0d3e
0d3f
0d40
0d41
0d42
0d42
0d43
0d44
0d45
0d46
0d46
0d47
0d48
0d49
0d4a
0d4b
0d4b
0d4c
0d4d
0d4e
0d4f
0d50
0d50
0d51
0d52
0d53
0d54
0d55
0d55
0d56
0d57
0d58
0d59
0d5a
0d5a
0d5b
0d5c
0d5d
0d5e
0d5f
0d5f
0d60
0d61
0d62
0d63
0d63
0d64
0d65
0d66
0d67
0d68
0d68
0d69
0d6a
0d6b
0d6c
0d6d
0d6d
0d6e
0d6f
0d70
0d71
0d72
0d72
0d73
0d74
0d75
0d76
0d77
0d77
0d78
0d79
0d7a
0d7b
0d7c
0d7c
0d7d
0d7e
0d7f
0d80
0d81
0d81
0d82
0d83
0d84
0d85
0d86
0d87
0d87
0d88
0d89
0d8a
0d8b
0d8c
0d8c
0d8d
0d8e
0d8f
0d90
0d91
0d91
0d92
0d93
0d94
0d95
0d96
0d97
0d97
0d98
0d99
0d9a
0d9b
0d9c
0d9c
0d9d
0d9e
0d9f
0da0
0da1
0da2
0da2
0da3
0da4
0da5
0da6
0da7
0da7
0da8
0da9
0daa
0dab
0dac
0dac
0dad
0dae
0daf
0db0
0db1
0db2
0db3
0db3
0db4
0db5
0db6
0db7
0db8
0db9
0dba
0dba
0dbb
0dbc
0dbd
0dbe
0dbf
0dc0
0dc1
0dc1
0dc2
0dc3
0dc4
0dc5
0dc6
0dc7
0dc8
0dc8
0dc9
0dca
0dcb
0dcc
0dcd
0dce
0dcf
0dcf
0dd0
0dd1
0dd2
0dd3
0dd4
0dd5
0dd6
0dd6
0dd7
0dd8
0dd9
0dda
0ddb
0ddc
0ddd
0ddd
0dde
0ddf
0de0
0de1
0de2
0de3
0de4
0de4
0de5
0de6
0de7
0de8
0de9
0dea
0deb
0deb
0dec
0ded
0dee
0def
0df0
0df1
0df2
0df2
0df3
0df4
0df5
0df6
0df7
0df8
0df9
0df9
0dfa
0dfb
0dfc
0dfd
0dfe
0dff
0e00
0e00
0e01
0e02
0e03
0e04
0e05
0e06
0e07
0e07
0e08
0e09
0e0a
0e0b
0e0c
0e0d
0e0e
0e0e
0e0f
0e10
0e11
0e12
0e13
0e14
0e15
0e15
0e16
0e17
0e18
0e19
0e1a
0e1b
0e1c
0e1c
0e1d
0e1e
0e1f
0e20
0e21
0e22
0e23
0e23
0e24
0e25
0e26
0e27
0e28
0e29
0e2a
0e2b
0e2b
0e2c
0e2d
0e2e
0e2f
0e30
0e31
0e32
0e33
0e33
0e34
0e35
0e36
0e37
0e38
0e39
0e3a
0e3b
0e3c
0e3c
0e3d
0e3e
0e3f
0e40
0e41
0e42
0e43
0e44
0e44
0e45
0e46
0e47
0e48
0e49
0e4a
0e4b
0e4c
0e4c
0e4d
0e4e
0e4f
0e50
0e51
0e52
0e53
0e54
0e54
0e55
0e56
0e57
0e58
0e59
0e5a
0e5b
0e5c
0e5c
0e5d
0e5e
0e5f
0e60
0e61
0e62
0e63
0e64
0e64
0e65
0e66
0e67
0e68
0e69
0e6a
0e6b
0e6c
0e6c
0e6d
0e6e
0e6f
0e70
0e71
0e72
0e73
0e74
0e75
0e75
0e76
0e77
0e78
0e79
0e7a
0e7b
0e7c
0e7d
0e7d
0e7e
0e7f
0e80
0e81
0e82
0e83
0e84
0e85
0e85
0e86
0e87
0e88
0e89
0e8a
0e8b
0e8c
0e8d
0e8d
0e8e
0e8f
0e90
0e91
0e92
0e93
0e94
0e95
0e96
0e97
0e97
0e98
0e99
0e9a
0e9b
0e9c
0e9d
0e9e
0e9f
0ea0
0ea1
0ea2
0ea3
0ea3
0ea4
0ea5
0ea6
0ea7
0ea8
0ea9
0eaa
0eab
0eac
0ead
0eae
0eaf
0eaf
0eb0
0eb1
0eb2
0eb3
0eb4
0eb5
0eb6
0eb7
0eb8
0eb9
0eba
0eba
0ebb
0ebc
0ebd
0ebe
0ebf
0ec0
0ec1
0ec2
0ec3
0ec4
0ec5
0ec6
0ec6
0ec7
0ec8
0ec9
0eca
0ecb
0ecc
0ecd
0ece
0ecf
0ed0
0ed1
0ed2
0ed3
0ed4
0ed4
0ed5
0ed6
0ed7
0ed8
0ed9
0eda
0edb
0edc
0edd
0ede
0edf
0ee0
0ee1
0ee2
0ee3
0ee3
0ee4
0ee5
0ee6
0ee7
0ee8
0ee9
0eea
0eeb
0eec
0eed
0eee
0eef
0ef0
0ef1
0ef2
0ef2
0ef3
0ef4
0ef5
0ef6
0ef7
0ef8
0ef9
0efa
0efb
0efc
0efd
0efe
0eff
0f00
0f01
0f01
0f02
0f03
0f04
0f05
0f06
0f07
0f08
0f09
0f0a
0f0b
0f0c
0f0d
0f0e
0f0f
0f10
0f10
0f11
0f12
0f13
0f14
0f15
0f16
0f17
0f18
0f19
0f1a
0f1b
0f1c
0f1d
0f1e
0f1f
0f1f
0f20
0f21
0f22
0f23
0f24
0f25
0f26
0f27
0f28
0f29
0f2a
0f2b
0f2c
0f2d
0f2e
0f2e
0f2f
0f30
0f31
0f32
0f33
0f34
0f35
0f36
0f37
0f38
0f39
0f3a
0f3b
0f3c
0f3d
0f3d
0f3e
0f3f
0f40
0f41
0f42
0f43
0f44
0f45
0f46
0f47
0f48
0f49
0f4a
0f4b
0f4c
0f4d
0f4e
0f4f
0f50
0f51
0f52
0f53
0f54
0f54
0f55
0f56
0f57
0f58
0f59
0f5a
0f5b
0f5c
0f5d
0f5e
0f5f
0f60
0f61
0f62
0f63
0f64
0f65
0f66
0f67
0f68
0f69
0f6a
0f6b
0f6c
0f6d
0f6e
0f6f
0f70
0f71
0f72
0f73
0f73
0f74
0f75
0f76
0f77
0f78
0f79
0f7a
0f7b
0f7c
0f7d
0f7e
0f7f
0f80
0f81
0f82
0f83
0f84
0f85
0f86
0f87
0f88
0f89
0f8a
0f8b
0f8c
0f8d
0f8e
0f8f
0f90
0f91
0f92
0f92
0f93
0f94
0f95
0f96
0f97
0f98
0f99
0f9a
0f9b
0f9c
0f9d
0f9e
0f9f
0fa0
0fa1
0fa2
0fa3
0fa4
0fa5
0fa6
0fa7
0fa8
0fa9
0faa
0fab
0fac
0fad
0fae
0faf
0fb0
0fb1
0fb1
0fb2
0fb3
0fb4
0fb5
0fb6
0fb7
0fb8
0fb9
0fba
0fbb
0fbc
0fbd
0fbe
0fbf
0fc0
0fc1
0fc2
0fc3
0fc4
0fc5
0fc6
0fc7
0fc8
0fc9
0fca
0fcb
0fcc
0fcd
0fce
0fcf
0fd0
0fd1
0fd2
0fd3
0fd4
0fd5
0fd6
0fd7
0fd8
0fd9
0fda
0fdb
0fdc
0fdd
0fde
0fdf
0fe0
0fe1
0fe2
0fe3
0fe4
0fe5
0fe6
0fe7
0fe8
0fe9
0fea
0feb
0fec
0fed
0fee
0fef
0ff0
0ff1
0ff2
0ff3
0ff4
0ff5
0ff6
0ff7
0ff8
0ff9
0ffa
0ffb
0ffc
0ffd
0ffe
0fff
1000
1001
1002
1003
1004
1005
1006
1007
1008
1009
100a
100b
100c
100d
100e
100f
1010
1011
1012
1013
1014
1015
1016
1017
1018
1019
101a
101b
101c
101d
101e
101f
1021
1022
1023
1024
1025
1026
1027
1028
1029
102a
102b
102c
102d
102e
102f
1030
1031
1032
1033
1034
1035
1036
1037
1038
1039
103a
103b
103c
103d
103e
103f
1040
1041
1042
1043
1044
1045
1046
1047
1048
1049
104a
104b
104c
104d
104e
104f
1050
1051
1052
1053
1054
1055
1056
1057
1058
1059
105a
105b
105c
105d
105e
105f
1060
1062
1063
1064
1065
1066
1067
1068
1069
106a
106b
106c
106d
106e
106f
1070
1071
1072
1073
1074
1075
1076
1077
1078
1079
107a
107b
107c
107d
107e
107f
1080
1081
1082
1083
1084
1085
1086
1087
1088
1089
108a
108b
108c
108e
108f
1090
1091
1092
1093
1094
1095
1096
1097
1098
1099
109a
109b
109c
109d
109e
109f
10a0
10a1
10a2
10a4
10a5
10a6
10a7
10a8
10a9
10aa
10ab
10ac
10ad
10ae
10af
10b0
10b1
10b2
10b3
10b4
10b5
10b6
10b7
10b8
10b9
10bb
10bc
10bd
10be
10bf
10c0
10c1
10c2
10c3
10c4
10c5
10c6
10c7
10c8
10c9
10ca
10cb
10cc
10cd
10ce
10cf
10d1
10d2
10d3
10d4
10d5
10d6
10d7
10d8
10d9
10da
10db
10dc
10dd
10de
10df
10e0
10e1
10e2
10e3
10e4
10e5
10e7
10e8
10e9
10ea
10eb
10ec
10ed
10ee
10ef
10f0
10f1
10f2
10f3
10f4
10f5
10f6
10f7
10f8
10f9
10fa
10fb
10fc
10fe
10ff
1100
1101
1102
1103
1104
1105
1106
1107
1108
1109
110a
110b
110c
110d
110e
1110
1111
1112
1113
1114
1115
1116
1117
1118
1119
111a
111b
111c
111e
111f
1120
1121
1122
1123
1124
1125
1126
1127
1128
1129
112b
112c
112d
112e
112f
1130
1131
1132
1133
1134
1135
1136
1137
1139
113a
113b
113c
113d
113e
113f
1140
1141
1142
1143
1144
1145
1147
1148
1149
114a
114b
114c
114d
114e
114f
1150
1151
1152
1154
1155
1156
1157
1158
1159
115a
115b
115c
115d
115f
1160
1161
1162
1163
1164
1165
1166
1167
1168
1169
116b
116c
116d
116e
116f
1170
1171
1172
1173
1174
1175
1177
1178
1179
117a
117b
117c
117d
117e
117f
1180
1182
1183
1184
1185
1186
1187
1188
1189
118a
118b
118c
118e
118f
1190
1191
1192
1193
1194
1195
1196
1197
1198
119a
119b
119c
119d
119e
119f
11a0
11a1
11a2
11a3
11a5
11a6
11a7
11a8
11a9
11aa
11ab
11ac
11ad
11ae
11af
11b1
11b2
11b3
11b4
11b5
11b6
11b7
11b8
11b9
11ba
11bb
11bd
11be
11bf
11c0
11c1
11c2
11c3
11c4
11c5
11c6
11c8
11c9
11ca
11cb
11cc
11cd
11ce
11cf
11d0
11d1
11d2
11d4
11d5
11d6
11d7
11d8
11d9
11da
11db
11dc
11de
11df
11e0
11e1
11e2
11e3
11e4
11e5
11e7
11e8
11e9
11ea
11eb
11ec
11ed
11ee
11f0
11f1
11f2
11f3
11f4
11f5
11f6
11f7
11f9
11fa
11fb
11fc
11fd
11fe
11ff
1200
1202
1203
1204
1205
1206
1207
1208
1209
120b
120c
120d
120e
120f
1210
1211
1212
1214
1215
1216
1217
1218
1219
121a
121b
121d
121e
121f
1220
1221
1222
1223
1224
1226
1227
1228
1229
122a
122b
122c
122e
122f
1230
1231
1232
1233
1234
1236
1237
1238
1239
123a
123b
123c
123e
123f
1240
1241
1242
1243
1244
1246
1247
1248
1249
124a
124b
124c
124d
124f
1250
1251
1252
1253
1254
1255
1257
1258
1259
125a
125b
125c
125d
125f
1260
1261
1262
1263
1264
1265
1267
1268
1269
126a
126b
126c
126e
126f
1270
1271
1272
1273
1275
1276
1277
1278
1279
127a
127c
127d
127e
127f
1280
1281
1283
1284
1285
1286
1287
1288
128a
128b
128c
128d
128e
1290
1291
1292
1293
1294
1295
1297
1298
1299
129a
129b
129c
129e
129f
12a0
12a1
12a2
12a3
12a5
12a6
12a7
12a8
12a9
12aa
12ac
12ad
12ae
12af
12b0
12b1
12b3
12b4
12b5
12b6
12b7
12b9
12ba
12bb
12bc
12bd
12be
12c0
12c1
12c2
12c3
12c4
12c5
12c7
12c8
12c9
12ca
12cb
12cc
12ce
12cf
12d0
12d1
12d2
12d3
12d5
12d6
12d7
12d8
12d9
12db
12dc
12dd
12de
12df
12e0
12e2
12e3
12e4
12e5
12e6
12e7
12e9
12ea
12eb
12ec
12ed
12ee
12f0
12f1
12f2
12f3
12f4
12f5
12f7
12f8
12f9
12fa
12fb
12fc
12fe
12ff
1300
1301
1302
1304
1305
1306
1307
1308
130a
130b
130c
130d
130e
1310
1311
1312
1313
1314
1316
1317
1318
1319
131a
131c
131d
131e
131f
1320
1322
1323
1324
1325
1327
1328
1329
132a
132b
132d
132e
132f
1330
1331
1333
1334
1335
1336
1337
1339
133a
133b
133c
133d
133f
1340
1341
1342
1343
1345
1346
1347
1348
1349
134b
134c
134d
134e
134f
1351
1352
1353
1354
1356
1357
1358
1359
135a
135c
135d
135e
135f
1361
1362
1363
1364
1365
1367
1368
1369
136a
136b
136d
136e
136f
1370
1372
1373
1374
1375
1376
1378
1379
137a
137b
137d
137e
137f
1380
1381
1383
1384
1385
1386
1388
1389
138a
138b
138c
138e
138f
1390
1391
1392
1394
1395
1396
1397
1399
139a
139b
139c
139d
139f
13a0
13a1
13a2
13a4
13a5
13a6
13a7
13a9
13aa
13ab
13ac
13ae
13af
13b0
13b1
13b2
13b4
13b5
13b6
13b7
13b9
13ba
13bb
13bc
13be
13bf
13c0
13c1
13c3
13c4
13c5
13c6
13c7
13c9
13ca
13cb
13cc
13ce
13cf
13d0
13d1
13d3
13d4
13d5
13d6
13d7
13d9
13da
13db
13dc
13de
13df
13e0
13e1
13e3
13e4
13e5
13e6
13e8
13e9
13ea
13eb
13ed
13ee
13ef
13f0
13f2
13f3
13f4
13f5
13f7
13f8
13f9
13fa
13fc
13fd
13fe
13ff
1401
1402
1403
1404
1406
1407
1408
1409
140b
140c
140d
140e
1410
1411
1412
1413
1415
1416
1417
1418
141a
141b
141c
141d
141f
1420
1421
1422
1424
1425
1426
1427
1429
142a
142b
142c
142e
142f
1430
1431
1433
1434
1435
1436
1438
1439
143a
143b
143d
143e
143f
1440
1442
1443
1444
1445
1447
1448
1449
144a
144c
144d
144e
1450
1451
1452
1453
1455
1456
1457
1458
145a
145b
145c
145d
145f
1460
1461
1463
1464
1465
1466
1468
1469
146a
146b
146d
146e
146f
1470
1472
1473
1474
1475
1477
1478
1479
147b
147c
147d
147e
1480
1481
1482
1483
1485
1486
1487
1488
148a
148b
148c
148e
148f
1490
1491
1493
1494
1495
1497
1498
1499
149b
149c
149d
149e
14a0
14a1
14a2
14a4
14a5
14a6
14a8
14a9
14aa
14ab
14ad
14ae
14af
14b1
14b2
14b3
14b5
14b6
14b7
14b8
14ba
14bb
14bc
14be
14bf
14c0
14c1
14c3
14c4
14c5
14c7
14c8
14c9
14cb
14cc
14cd
14ce
14d0
14d1
14d2
14d4
14d5
14d6
14d8
14d9
14da
14db
14dd
14de
14df
14e1
14e2
14e3
14e5
14e6
14e7
14e9
14ea
14eb
14ec
14ee
14ef
14f0
14f2
14f3
14f4
14f6
14f7
14f8
14fa
14fb
14fc
14fe
14ff
1500
1501
1503
1504
1505
1507
1508
1509
150b
150c
150d
150f
1510
1511
1513
1514
1515
1516
1518
1519
151a
151c
151d
151e
1520
1521
1522
1524
1525
1526
1528
1529
152a
152b
152d
152e
152f
1531
1532
1533
1535
1536
1537
1539
153a
153b
153d
153e
153f
1541
1542
1543
1545
1546
1548
1549
154a
154c
154d
154e
1550
1551
1552
1554
1555
1556
1558
1559
155a
155c
155d
155e
1560
1561
1562
1564
1565
1566
1568
1569
156a
156c
156d
156e
1570
1571
1573
1574
1575
1577
1578
1579
157b
157c
157d
157f
1580
1581
1583
1584
1585
1587
1588
1589
158b
158c
158d
158f
1590
1592
1593
1594
1596
1597
1598
159a
159b
159c
159e
159f
15a0
15a2
15a3
15a5
15a6
15a7
15a9
15aa
15ab
15ad
15ae
15af
15b1
15b2
15b4
15b5
15b6
15b8
15b9
15ba
15bc
15bd
15be
15c0
15c1
15c2
15c4
15c5
15c7
15c8
15c9
15cb
15cc
15cd
15cf
15d0
15d1
15d3
15d4
15d5
15d7
15d8
15da
15db
15dc
15de
15df
15e0
15e2
15e3
15e5
15e6
15e7
15e9
15ea
15eb
15ed
15ee
15f0
15f1
15f2
15f4
15f5
15f6
15f8
15f9
15fb
15fc
15fd
15ff
1600
1601
1603
1604
1606
1607
1608
160a
160b
160c
160e
160f
1611
1612
1613
1615
1616
1617
1619
161a
161c
161d
161e
1620
1621
1622
1624
1625
1627
1628
1629
162b
162c
162d
162f
1630
1632
1633
1634
1636
1637
1638
163a
163b
163d
163e
163f
1641
1642
1644
1645
1646
1648
1649
164a
164c
164d
164f
1650
1651
1653
1654
1656
1657
1658
165a
165b
165d
165e
165f
1661
1662
1664
1665
1666
1668
1669
166a
166c
166d
166f
1670
1671
1673
1674
1676
1677
1678
167a
167b
167d
167e
167f
1681
1682
1683
1685
1686
1688
1689
168a
168c
168d
168f
1690
1691
1693
1694
1696
1697
1699
169a
169b
169d
169e
16a0
16a1
16a2
16a4
16a5
16a7
16a8
16aa
16ab
16ac
16ae
16af
16b1
16b2
16b4
16b5
16b6
16b8
16b9
16bb
16bc
16be
16bf
16c0
16c2
16c3
16c5
16c6
16c7
16c9
16ca
16cc
16cd
16cf
16d0
16d1
16d3
16d4
16d6
16d7
16d9
16da
16db
16dd
16de
16e0
16e1
16e2
16e4
16e5
16e7
16e8
16ea
16eb
16ec
16ee
16ef
16f1
16f2
16f4
16f5
16f7
16f8
16fa
16fb
16fc
16fe
16ff
1701
1702
1704
1705
1707
1708
170a
170b
170c
170e
170f
1711
1712
1714
1715
1717
1718
171a
171b
171c
171e
171f
1721
1722
1724
1725
1727
1728
1729
172b
172c
172e
172f
1731
1732
1734
1735
1737
1738
1739
173b
173c
173e
173f
1741
1742
1744
1745
1747
1748
1749
174b
174c
174e
174f
1751
1752
1754
1755
1757
1758
1759
175b
175c
175e
175f
1761
1762
1764
1765
1767
1768
1769
176b
176c
176e
176f
1771
1772
1774
1775
1777
1778
1779
177b
177c
177e
177f
1781
1782
1784
1785
1786
1788
1789
178b
178c
178e
178f
1791
1792
1794
1795
1796
1798
1799
179b
179c
179e
179f
17a1
17a2
17a4
17a5
17a7
17a8
17aa
17ab
17ad
17ae
17b0
17b1
17b3
17b4
17b6
17b7
17b9
17ba
17bc
17bd
17bf
17c0
17c2
17c3
17c5
17c6
17c8
17c9
17cb
17cc
17ce
17cf
17d1
17d2
17d4
17d5
17d7
17d8
17da
17db
17dd
17de
17e0
17e1
17e3
17e4
17e6
17e7
17e9
17ea
17ec
17ed
17ef
17f0
17f2
17f3
17f5
17f6
17f8
17f9
17fb
17fc
17fe
17ff
1801
1802
1804
1805
1807
1808
180a
180b
180d
180e
1810
1811
1813
1814
1816
1817
1819
181a
181c
181d
181f
1820
1822
1823
1825
1826
1828
1829
182b
182c
182e
182f
1831
1832
1834
1836
1837
1839
183a
183c
183d
183f
1840
1842
1843
1845
1846
1848
1849
184b
184c
184e
184f
1851
1852
1854
1855
1857
1858
185a
185b
185d
185e
1860
1861
1863
1864
1866
1868
1869
186b
186c
186e
186f
1871
1872
1874
1875
1877
1878
187a
187b
187d
187f
1880
1882
1883
1885
1886
1888
1889
188b
188c
188e
188f
1891
1892
1894
1895
1897
1899
189a
189c
189d
189f
18a0
18a2
18a3
18a5
18a6
18a8
18a9
18ab
18ac
18ae
18b0
18b1
18b3
18b4
18b6
18b7
18b9
18ba
18bc
18bd
18bf
18c0
18c2
18c3
18c5
18c6
18c8
18ca
18cb
18cd
18ce
18d0
18d1
18d3
18d5
18d6
18d8
18d9
18db
18dc
18de
18df
18e1
18e3
18e4
18e6
18e7
18e9
18ea
18ec
18ee
18ef
18f1
18f2
18f4
18f5
18f7
18f8
18fa
18fc
18fd
18ff
1900
1902
1903
1905
1907
1908
190a
190b
190d
190e
1910
1911
1913
1915
1916
1918
1919
191b
191c
191e
1920
1921
1923
1924
1926
1927
1929
192a
192c
192e
192f
1931
1932
1934
1935
1937
1939
193a
193c
193d
193f
1941
1942
1944
1945
1947
1948
194a
194c
194d
194f
1950
1952
1953
1955
1957
1958
195a
195b
195d
195f
1960
1962
1963
1965
1966
1968
196a
196b
196d
196e
1970
1971
1973
1975
1976
1978
1979
197b
197c
197e
1980
1981
1983
1984
1986
1988
1989
198b
198c
198e
198f
1991
1993
1994
1996
1997
1999
199b
199c
199e
199f
19a1
19a3
19a4
19a6
19a8
19a9
19ab
19ac
19ae
19b0
19b1
19b3
19b4
19b6
19b8
19b9
19bb
19bc
19be
19c0
19c1
19c3
19c5
19c6
19c8
19c9
19cb
19cd
19ce
19d0
19d1
19d3
19d5
19d6
19d8
19d9
19db
19dd
19de
19e0
19e1
19e3
19e5
19e6
19e8
19ea
19eb
19ed
19ee
19f0
19f2
19f3
19f5
19f6
19f8
19fa
19fb
19fd
19ff
1a00
1a02
1a03
1a05
1a07
1a08
1a0a
1a0c
1a0d
1a0f
1a11
1a12
1a14
1a16
1a17
1a19
1a1a
1a1c
1a1e
1a1f
1a21
1a23
1a24
1a26
1a28
1a29
1a2b
1a2d
1a2e
1a30
1a31
1a33
1a35
1a36
1a38
1a3a
1a3b
1a3d
1a3f
1a40
1a42
1a43
1a45
1a47
1a48
1a4a
1a4c
1a4d
1a4f
1a51
1a52
1a54
1a56
1a57
1a59
1a5a
1a5c
1a5e
1a5f
1a61
1a63
1a64
1a66
1a68
1a69
1a6b
1a6d
1a6e
1a70
1a72
1a73
1a75
1a77
1a78
1a7a
1a7c
1a7d
1a7f
1a81
1a82
1a84
1a86
1a87
1a89
1a8b
1a8c
1a8e
1a90
1a91
1a93
1a95
1a97
1a98
1a9a
1a9c
1a9d
1a9f
1aa1
1aa2
1aa4
1aa6
1aa7
1aa9
1aab
1aac
1aae
1ab0
1ab1
1ab3
1ab5
1ab6
1ab8
1aba
1abb
1abd
1abf
1ac0
1ac2
1ac4
1ac5
1ac7
1ac9
1aca
1acc
1ace
1acf
1ad1
1ad3
1ad4
1ad6
1ad8
1ada
1adb
1add
1adf
1ae0
1ae2
1ae4
1ae5
1ae7
1ae9
1aea
1aec
1aee
1aef
1af1
1af3
1af5
1af6
1af8
1afa
1afb
1afd
1aff
1b00
1b02
1b04
1b05
1b07
1b09
1b0a
1b0c
1b0e
1b10
1b11
1b13
1b15
1b16
1b18
1b1a
1b1b
1b1d
1b1f
1b20
1b22
1b24
1b25
1b27
1b29
1b2b
1b2c
1b2e
1b30
1b31
1b33
1b35
1b36
1b38
1b3a
1b3b
1b3d
1b3f
1b41
1b42
1b44
1b46
1b47
1b49
1b4b
1b4c
1b4e
1b50
1b52
1b53
1b55
1b57
1b58
1b5a
1b5c
1b5d
1b5f
1b61
1b63
1b64
1b66
1b68
1b69
1b6b
1b6d
1b6f
1b70
1b72
1b74
1b75
1b77
1b79
1b7a
1b7c
1b7e
1b80
1b81
1b83
1b85
1b86
1b88
1b8a
1b8b
1b8d
1b8f
1b91
1b92
1b94
1b96
1b97
1b99
1b9b
1b9c
1b9e
1ba0
1ba2
1ba3
1ba5
1ba7
1ba9
1baa
1bac
1bae
1bb0
1bb1
1bb3
1bb5
1bb7
1bb8
1bba
1bbc
1bbe
1bbf
1bc1
1bc3
1bc5
1bc6
1bc8
1bca
1bcc
1bcd
1bcf
1bd1
1bd3
1bd4
1bd6
1bd8
1bda
1bdb
1bdd
1bdf
1be1
1be2
1be4
1be6
1be8
1be9
1beb
1bed
1bef
1bf0
1bf2
1bf4
1bf6
1bf7
1bf9
1bfb
1bfd
1bfe
1c00
1c02
1c04
1c05
1c07
1c09
1c0b
1c0c
1c0e
1c10
1c12
1c13
1c15
1c17
1c19
1c1a
1c1c
1c1e
1c20
1c21
1c23
1c25
1c27
1c28
1c2a
1c2c
1c2e
1c2f
1c31
1c33
1c35
1c37
1c38
1c3a
1c3c
1c3e
1c3f
1c41
1c43
1c45
1c46
1c48
1c4a
1c4c
1c4e
1c4f
1c51
1c53
1c55
1c56
1c58
1c5a
1c5c
1c5d
1c5f
1c61
1c63
1c64
1c66
1c68
1c6a
1c6c
1c6d
1c6f
1c71
1c73
1c74
1c76
1c78
1c7a
1c7b
1c7d
1c7f
1c81
1c82
1c84
1c86
1c88
1c8a
1c8b
1c8d
1c8f
1c91
1c93
1c94
1c96
1c98
1c9a
1c9c
1c9d
1c9f
1ca1
1ca3
1ca5
1ca6
1ca8
1caa
1cac
1cae
1caf
1cb1
1cb3
1cb5
1cb7
1cb8
1cba
1cbc
1cbe
1cc0
1cc1
1cc3
1cc5
1cc7
1cc8
1cca
1ccc
1cce
1cd0
1cd1
1cd3
1cd5
1cd7
1cd9
1cda
1cdc
1cde
1ce0
1ce2
1ce3
1ce5
1ce7
1ce9
1ceb
1cec
1cee
1cf0
1cf2
1cf4
1cf5
1cf7
1cf9
1cfb
1cfd
1cfe
1d00
1d02
1d04
1d06
1d08
1d09
1d0b
1d0d
1d0f
1d11
1d13
1d14
1d16
1d18
1d1a
1d1c
1d1e
1d1f
1d21
1d23
1d25
1d27
1d29
1d2a
1d2c
1d2e
1d30
1d32
1d34
1d35
1d37
1d39
1d3b
1d3d
1d3e
1d40
1d42
1d44
1d46
1d48
1d49
1d4b
1d4d
1d4f
1d51
1d53
1d54
1d56
1d58
1d5a
1d5c
1d5e
1d5f
1d61
1d63
1d65
1d67
1d69
1d6a
1d6c
1d6e
1d70
1d72
1d74
1d75
1d77
1d79
1d7b
1d7d
1d7f
1d80
1d82
1d84
1d86
1d88
1d8a
1d8c
1d8d
1d8f
1d91
1d93
1d95
1d97
1d98
1d9a
1d9c
1d9e
1da0
1da2
1da3
1da5
1da7
1da9
1dab
1dad
1daf
1db0
1db2
1db4
1db6
1db8
1dba
1dbb
1dbd
1dbf
1dc1
1dc3
1dc5
1dc7
1dc8
1dca
1dcc
1dce
1dd0
1dd2
1dd3
1dd5
1dd7
1dd9
1ddb
1ddd
1dde
1de0
1de2
1de4
1de6
1de8
1dea
1dec
1ded
1def
1df1
1df3
1df5
1df7
1df9
1dfb
1dfd
1dfe
1e00
1e02
1e04
1e06
1e08
1e0a
1e0c
1e0e
1e0f
1e11
1e13
1e15
1e17
1e19
1e1b
1e1d
1e1f
1e21
1e22
1e24
1e26
1e28
1e2a
1e2c
1e2e
1e30
1e32
1e33
1e35
1e37
1e39
1e3b
1e3d
1e3f
1e41
1e43
1e44
1e46
1e48
1e4a
1e4c
1e4e
1e50
1e52
1e54
1e55
1e57
1e59
1e5b
1e5d
1e5f
1e61
1e63
1e65
1e67
1e68
1e6a
1e6c
1e6e
1e70
1e72
1e74
1e76
1e78
1e7a
1e7c
1e7d
1e7f
1e81
1e83
1e85
1e87
1e89
1e8b
1e8d
1e8f
1e90
1e92
1e94
1e96
1e98
1e9a
1e9c
1e9e
1ea0
1ea2
1ea4
1ea5
1ea7
1ea9
1eab
1ead
1eaf
1eb1
1eb3
1eb5
1eb7
1eb9
1eba
1ebc
1ebe
1ec0
1ec2
1ec4
1ec6
1ec8
1eca
1ecc
1ecd
1ecf
1ed1
1ed3
1ed5
1ed7
1ed9
1edb
1edd
1edf
1ee1
1ee3
1ee5
1ee7
1ee9
1eeb
1eec
1eee
1ef0
1ef2
1ef4
1ef6
1ef8
1efa
1efc
1efe
1f00
1f02
1f04
1f06
1f08
1f0a
1f0c
1f0e
1f10
1f12
1f14
1f16
1f17
1f19
1f1b
1f1d
1f1f
1f21
1f23
1f25
1f27
1f29
1f2b
1f2d
1f2f
1f31
1f33
1f35
1f37
1f39
1f3b
1f3d
1f3f
1f40
1f42
1f44
1f46
1f48
1f4a
1f4c
1f4e
1f50
1f52
1f54
1f56
1f58
1f5a
1f5c
1f5e
1f60
1f62
1f64
1f66
1f68
1f6a
1f6c
1f6e
1f70
1f72
1f74
1f75
1f77
1f79
1f7b
1f7d
1f7f
1f81
1f83
1f85
1f87
1f89
1f8b
1f8d
1f8f
1f91
1f93
1f95
1f97
1f99
1f9b
1f9d
1f9f
1fa1
1fa3
1fa5
1fa7
1fa9
1fab
1fad
1faf
1fb1
1fb3
1fb4
1fb6
1fb8
1fba
1fbc
1fbe
1fc0
1fc2
1fc4
1fc6
1fc8
1fca
1fcc
1fce
1fd0
1fd2
1fd4
1fd6
1fd8
1fda
1fdc
1fde
1fe0
1fe2
1fe4
1fe6
1fe8
1fea
1fec
1fee
1ff0
1ff2
1ff4
1ff6
1ff8
1ffa
1ffc
1ffe
2000
2002
2004
2006
2008
200a
200c
200e
2010
2012
2014
2016
2018
201a
201c
201e
2020
2022
2024
2026
2028
202a
202c
202e
2030
2032
2034
2036
2038
203a
203c
203e
2040
2042
2044
2046
2048
204a
204c
204e
2050
2052
2054
2056
2058
205a
205c
205e
2060
2062
2064
2066
2068
206a
206c
206e
2070
2073
2075
2077
2079
207b
207d
207f
2081
2083
2085
2087
2089
208b
208d
208f
2091
2093
2095
2097
2099
209b
209d
209f
20a1
20a3
20a5
20a7
20a9
20ab
20ad
20af
20b1
20b4
20b6
20b8
20ba
20bc
20be
20c0
20c2
20c4
20c6
20c8
20ca
20cc
20ce
20d0
20d2
20d4
20d6
20d8
20da
20dc
20de
20e0
20e3
20e5
20e7
20e9
20eb
20ed
20ef
20f1
20f3
20f5
20f7
20f9
20fb
20fe
2100
2102
2104
2106
2108
210a
210c
210e
2110
2112
2114
2117
2119
211b
211d
211f
2121
2123
2125
2127
2129
212b
212d
212f
2132
2134
2136
2138
213a
213c
213e
2140
2142
2144
2146
2148
214a
214d
214f
2151
2153
2155
2157
2159
215b
215d
215f
2161
2163
2166
2168
216a
216c
216e
2170
2172
2174
2176
2178
217b
217d
217f
2181
2183
2185
2187
2189
218b
218d
218f
2192
2194
2196
2198
219a
219c
219e
21a0
21a2
21a4
21a6
21a9
21ab
21ad
21af
21b1
21b3
21b5
21b7
21b9
21bb
21be
21c0
21c2
21c4
21c6
21c8
21ca
21cc
21ce
21d0
21d2
21d5
21d7
21d9
21db
21dd
21df
21e1
21e3
21e5
21e8
21ea
21ec
21ee
21f0
21f2
21f4
21f7
21f9
21fb
21fd
21ff
2201
2203
2206
2208
220a
220c
220e
2210
2212
2215
2217
2219
221b
221d
221f
2221
2224
2226
2228
222a
222c
222e
2230
2232
2235
2237
2239
223b
223d
223f
2241
2244
2246
2248
224a
224c
224e
2250
2253
2255
2257
2259
225b
225d
225f
2262
2264
2266
2268
226a
226c
226e
2271
2273
2275
2277
2279
227b
227e
2280
2282
2284
2286
2288
228b
228d
228f
2291
2293
2295
2297
229a
229c
229e
22a0
22a2
22a4
22a7
22a9
22ab
22ad
22af
22b1
22b3
22b6
22b8
22ba
22bc
22be
22c0
22c3
22c5
22c7
22c9
22cb
22cd
22d0
22d2
22d4
22d6
22d8
22da
22dc
22df
22e1
22e3
22e5
22e7
22e9
22ec
22ee
22f0
22f2
22f4
22f6
22f9
22fb
22fd
22ff
2301
2304
2306
2308
230a
230c
230f
2311
2313
2315
2317
231a
231c
231e
2320
2322
2325
2327
2329
232b
232d
2330
2332
2334
2336
2339
233b
233d
233f
2341
2344
2346
2348
234a
234c
234f
2351
2353
2355
2357
235a
235c
235e
2360
2362
2365
2367
2369
236b
236d
2370
2372
2374
2376
2378
237b
237d
237f
2381
2383
2386
2388
238a
238c
238f
2391
2393
2395
2398
239a
239c
239e
23a1
23a3
23a5
23a7
23a9
23ac
23ae
23b0
23b2
23b5
23b7
23b9
23bb
23be
23c0
23c2
23c4
23c7
23c9
23cb
23cd
23cf
23d2
23d4
23d6
23d8
23db
23dd
23df
23e1
23e4
23e6
23e8
23ea
23ec
23ef
23f1
23f3
23f5
23f8
23fa
23fc
23fe
2401
2403
2405
2407
240a
240c
240e
2410
2413
2415
2417
2419
241c
241e
2420
2423
2425
2427
2429
242c
242e
2430
2433
2435
2437
2439
243c
243e
2440
2442
2445
2447
2449
244c
244e
2450
2452
2455
2457
2459
245c
245e
2460
2462
2465
2467
2469
246c
246e
2470
2472
2475
2477
2479
247c
247e
2480
2482
2485
2487
2489
248b
248e
2490
2492
2495
2497
2499
249b
249e
24a0
24a2
24a5
24a7
24a9
24ab
24ae
24b0
24b2
24b5
24b7
24b9
24bc
24be
24c0
24c2
24c5
24c7
24c9
24cc
24ce
24d0
24d3
24d5
24d7
24d9
24dc
24de
24e0
24e3
24e5
24e7
24ea
24ec
24ee
24f0
24f3
24f5
24f7
24fa
24fc
24fe
2500
2503
2505
2507
250a
250c
250e
2511
2513
2515
2517
251a
251c
251e
2521
2523
2525
2528
252a
252c
252e
2531
2533
2535
2538
253a
253c
253f
2541
2543
2546
2548
254a
254d
254f
2551
2554
2556
2559
255b
255d
2560
2562
2564
2567
2569
256b
256e
2570
2572
2575
2577
2579
257c
257e
2580
2583
2585
2587
258a
258c
258e
2591
2593
2595
2598
259a
259c
259f
25a1
25a4
25a6
25a8
25ab
25ad
25af
25b2
25b4
25b6
25b9
25bb
25bd
25c0
25c2
25c4
25c7
25c9
25cb
25ce
25d0
25d3
25d5
25d7
25da
25dc
25df
25e1
25e3
25e6
25e8
25ea
25ed
25ef
25f2
25f4
25f6
25f9
25fb
25fe
2600
2602
2605
2607
260a
260c
260e
2611
2613
2616
2618
261a
261d
261f
2621
2624
2626
2629
262b
262d
2630
2632
2635
2637
2639
263c
263e
2641
2643
2645
2648
264a
264c
264f
2651
2654
2656
2658
265b
265d
2660
2662
2664
2667
2669
266c
266e
2671
2673
2675
2678
267a
267d
267f
2681
2684
2686
2689
268b
268e
2690
2692
2695
2697
269a
269c
269f
26a1
26a3
26a6
26a8
26ab
26ad
26b0
26b2
26b4
26b7
26b9
26bc
26be
26c0
26c3
26c5
26c8
26ca
26cd
26cf
26d1
26d4
26d6
26d9
26db
26de
26e0
26e2
26e5
26e7
26ea
26ec
26ee
26f1
26f3
26f6
26f8
26fb
26fd
26ff
2702
2704
2707
2709
270c
270e
2711
2713
2716
2718
271a
271d
271f
2722
2724
2727
2729
272c
272e
2731
2733
2735
2738
273a
273d
273f
2742
2744
2747
2749
274c
274e
2750
2753
2755
2758
275a
275d
275f
2762
2764
2766
2769
276b
276e
2770
2773
2775
2778
277a
277d
277f
2781
2784
2786
2789
278b
278e
2790
2793
2795
2798
279a
279c
279f
27a1
27a4
27a6
27a9
27ab
27ae
27b0
27b3
27b5
27b8
27ba
27bd
27bf
27c2
27c4
27c7
27c9
27cc
27ce
27d1
27d3
27d6
27d8
27db
27dd
27e0
27e2
27e5
27e7
27ea
27ec
27ee
27f1
27f3
27f6
27f8
27fb
27fd
2800
2802
2805
2807
280a
280c
280f
2811
2814
2816
2819
281b
281e
2820
2823
2825
2828
282a
282d
282f
2832
2834
2837
2839
283c
283e
2841
2843
2846
2848
284b
284d
2850
2852
2855
2858
285a
285d
285f
2862
2864
2867
2869
286c
286e
2871
2874
2876
2879
287b
287e
2880
2883
2885
2888
288b
288d
2890
2892
2895
2897
289a
289c
289f
28a1
28a4
28a7
28a9
28ac
28ae
28b1
28b3
28b6
28b8
28bb
28bd
28c0
28c3
28c5
28c8
28ca
28cd
28cf
28d2
28d4
28d7
28d9
28dc
28df
28e1
28e4
28e6
28e9
28eb
28ee
28f1
28f3
28f6
28f8
28fb
28fd
2900
2902
2905
2908
290a
290d
290f
2912
2914
2917
291a
291c
291f
2921
2924
2926
2929
292b
292e
2931
2933
2936
2938
293b
293d
2940
2943
2945
2948
294a
294d
294f
2952
2954
2957
295a
295c
295f
2961
2964
2966
2969
296c
296e
2971
2973
2976
2978
297b
297d
2980
2983
2985
2988
298b
298d
2990
2992
2995
2998
299a
299d
29a0
29a2
29a5
29a7
29aa
29ad
29af
29b2
29b5
29b7
29ba
29bc
29bf
29c2
29c4
29c7
29ca
29cc
29cf
29d1
29d4
29d7
29d9
29dc
29df
29e1
29e4
29e6
29e9
29ec
29ee
29f1
29f4
29f6
29f9
29fb
29fe
2a01
2a03
2a06
2a09
2a0b
2a0e
2a10
2a13
2a16
2a18
2a1b
2a1e
2a20
2a23
2a25
2a28
2a2b
2a2d
2a30
2a33
2a35
2a38
2a3a
2a3d
2a40
2a42
2a45
2a48
2a4a
2a4d
2a50
2a52
2a55
2a58
2a5a
2a5d
2a5f
2a62
2a65
2a67
2a6a
2a6d
2a6f
2a72
2a75
2a77
2a7a
2a7d
2a7f
2a82
2a84
2a87
2a8a
2a8c
2a8f
2a92
2a94
2a97
2a9a
2a9c
2a9f
2aa1
2aa4
2aa7
2aa9
2aac
2aaf
2ab1
2ab4
2ab7
2ab9
2abc
2abf
2ac1
2ac4
2ac6
2ac9
2acc
2ace
2ad1
2ad4
2ad6
2ad9
2adc
2adf
2ae1
2ae4
2ae7
2ae9
2aec
2aef
2af1
2af4
2af7
2afa
2afc
2aff
2b02
2b04
2b07
2b0a
2b0c
2b0f
2b12
2b15
2b17
2b1a
2b1d
2b1f
2b22
2b25
2b28
2b2a
2b2d
2b30
2b32
2b35
2b38
2b3a
2b3d
2b40
2b43
2b45
2b48
2b4b
2b4d
2b50
2b53
2b55
2b58
2b5b
2b5e
2b60
2b63
2b66
2b68
2b6b
2b6e
2b70
2b73
2b76
2b79
2b7b
2b7e
2b81
2b83
2b86
2b89
2b8c
2b8e
2b91
2b94
2b97
2b99
2b9c
2b9f
2ba2
2ba4
2ba7
2baa
2bac
2baf
2bb2
2bb5
2bb7
2bba
2bbd
2bc0
2bc2
2bc5
2bc8
2bcb
2bcd
2bd0
2bd3
2bd6
2bd8
2bdb
2bde
2be0
2be3
2be6
2be9
2beb
2bee
2bf1
2bf4
2bf6
2bf9
2bfc
2bff
2c01
2c04
2c07
2c09
2c0c
2c0f
2c12
2c14
2c17
2c1a
2c1d
2c1f
2c22
2c25
2c28
2c2a
2c2d
2c30
2c33
2c35
2c38
2c3b
2c3e
2c41
2c43
2c46
2c49
2c4c
2c4f
2c51
2c54
2c57
2c5a
2c5d
2c5f
2c62
2c65
2c68
2c6b
2c6d
2c70
2c73
2c76
2c79
2c7b
2c7e
2c81
2c84
2c87
2c89
2c8c
2c8f
2c92
2c94
2c97
2c9a
2c9d
2ca0
2ca2
2ca5
2ca8
2cab
2cae
2cb0
2cb3
2cb6
2cb9
2cbc
2cbe
2cc1
2cc4
2cc7
2cca
2ccc
2ccf
2cd2
2cd5
2cd8
2cda
2cdd
2ce0
2ce3
2ce6
2ce8
2ceb
2cee
2cf1
2cf4
2cf7
2cf9
2cfc
2cff
2d02
2d05
2d07
2d0a
2d0d
2d10
2d13
2d15
2d18
2d1b
2d1e
2d21
2d24
2d26
2d29
2d2c
2d2f
2d32
2d34
2d37
2d3a
2d3d
2d40
2d42
2d45
2d48
2d4b
2d4e
2d51
2d53
2d56
2d59
2d5c
2d5f
2d61
2d64
2d67
2d6a
2d6d
2d6f
2d72
2d75
2d78
2d7b
2d7e
2d80
2d83
2d86
2d89
2d8c
2d8e
2d91
2d94
2d97
2d9a
2d9d
2da0
2da2
2da5
2da8
2dab
2dae
2db1
2db4
2db7
2db9
2dbc
2dbf
2dc2
2dc5
2dc8
2dcb
2dce
2dd0
2dd3
2dd6
2dd9
2ddc
2ddf
2de2
2de5
2de7
2dea
2ded
2df0
2df3
2df6
2df9
2dfc
2dfe
2e01
2e04
2e07
2e0a
2e0d
2e10
2e13
2e15
2e18
2e1b
2e1e
2e21
2e24
2e27
2e2a
2e2c
2e2f
2e32
2e35
2e38
2e3b
2e3e
2e41
2e43
2e46
2e49
2e4c
2e4f
2e52
2e55
2e58
2e5b
2e5e
2e60
2e63
2e66
2e69
2e6c
2e6f
2e72
2e75
2e78
2e7b
2e7e
2e81
2e84
2e86
2e89
2e8c
2e8f
2e92
2e95
2e98
2e9b
2e9e
2ea1
2ea4
2ea7
2eaa
2eac
2eaf
2eb2
2eb5
2eb8
2ebb
2ebe
2ec1
2ec4
2ec7
2eca
2ecd
2ecf
2ed2
2ed5
2ed8
2edb
2ede
2ee1
2ee4
2ee7
2eea
2eed
2ef0
2ef3
2ef5
2ef8
2efb
2efe
2f01
2f04
2f07
2f0a
2f0d
2f10
2f13
2f16
2f19
2f1c
2f1f
2f22
2f25
2f27
2f2a
2f2d
2f30
2f33
2f36
2f39
2f3c
2f3f
2f42
2f45
2f48
2f4b
2f4e
2f51
2f54
2f57
2f5a
2f5d
2f60
2f63
2f66
2f68
2f6b
2f6e
2f71
2f74
2f77
2f7a
2f7d
2f80
2f83
2f86
2f89
2f8c
2f8f
2f92
2f95
2f98
2f9b
2f9e
2fa1
2fa4
2fa6
2fa9
2fac
2faf
2fb2
2fb5
2fb8
2fbb
2fbe
2fc1
2fc4
2fc7
2fca
2fcd
2fd0
2fd3
2fd6
2fd9
2fdc
2fdf
2fe2
2fe5
2fe8
2feb
2fee
2ff1
2ff4
2ff7
2ffa
2ffd
3000
3003
3006
3009
300c
300f
3012
3015
3018
301b
301e
3021
3025
3028
302b
302e
3031
3034
3037
303a
303d
3040
3043
3046
3049
304c
304f
3052
3055
3058
305b
305e
3061
3064
3067
306a
306d
3070
3073
3076
3079
307c
307f
3082
3085
3088
308b
308e
3091
3094
3097
309a
309e
30a1
30a4
30a7
30aa
30ad
30b0
30b3
30b6
30b9
30bc
30bf
30c2
30c5
30c8
30cb
30cf
30d2
30d5
30d8
30db
30de
30e1
30e4
30e7
30ea
30ed
30f0
30f3
30f6
30f9
30fc
3100
3103
3106
3109
310c
310f
3112
3115
3118
311b
311e
3121
3124
3127
312a
312d
3131
3134
3137
313a
313d
3140
3143
3146
3149
314c
314f
3152
3155
3158
315c
315f
3162
3165
3168
316b
316e
3171
3174
3177
317b
317e
3181
3184
3187
318a
318d
3190
3193
3196
3199
319d
31a0
31a3
31a6
31a9
31ac
31af
31b2
31b5
31b8
31bb
31bf
31c2
31c5
31c8
31cb
31ce
31d1
31d4
31d7
31da
31de
31e1
31e4
31e7
31ea
31ed
31f0
31f3
31f6
31f9
31fc
3200
3203
3206
3209
320c
320f
3212
3215
3218
321c
321f
3222
3225
3228
322b
322f
3232
3235
3238
323b
323e
3242
3245
3248
324b
324e
3251
3254
3258
325b
325e
3261
3264
3267
326b
326e
3271
3274
3277
327a
327d
3281
3284
3287
328a
328d
3290
3294
3297
329a
329d
32a0
32a3
32a7
32aa
32ad
32b0
32b3
32b6
32b9
32bd
32c0
32c3
32c6
32c9
32cc
32d0
32d3
32d6
32d9
32dc
32df
32e3
32e6
32e9
32ec
32ef
32f3
32f6
32f9
32fc
32ff
3303
3306
3309
330c
330f
3313
3316
3319
331c
331f
3323
3326
3329
332c
332f
3333
3336
3339
333c
3340
3343
3346
3349
334c
3350
3353
3356
3359
335c
3360
3363
3366
3369
336c
3370
3373
3376
3379
337c
3380
3383
3386
3389
338c
3390
3393
3396
3399
339c
33a0
33a3
33a6
33a9
33ad
33b0
33b3
33b6
33ba
33bd
33c0
33c3
33c7
33ca
33cd
33d0
33d4
33d7
33da
33dd
33e1
33e4
33e7
33ea
33ee
33f1
33f4
33f7
33fb
33fe
3401
3404
3408
340b
340e
3411
3415
3418
341b
341e
3422
3425
3428
342b
342f
3432
3435
3438
343c
343f
3442
3445
3449
344c
344f
3452
3456
3459
345c
345f
3463
3466
3469
346c
3470
3473
3476
3479
347d
3480
3483
3487
348a
348d
3491
3494
3497
349a
349e
34a1
34a4
34a8
34ab
34ae
34b2
34b5
34b8
34bc
34bf
34c2
34c6
34c9
34cc
34cf
34d3
34d6
34d9
34dd
34e0
34e3
34e7
34ea
34ed
34f1
34f4
34f7
34fb
34fe
3501
3504
3508
350b
350e
3512
3515
3518
351c
351f
3522
3526
3529
352c
3530
3533
3536
3539
353d
3540
3543
3547
354a
354d
3551
3554
3557
355b
355e
3562
3565
3568
356c
356f
3572
3576
3579
357c
3580
3583
3586
358a
358d
3591
3594
3597
359b
359e
35a1
35a5
35a8
35ab
35af
35b2
35b6
35b9
35bc
35c0
35c3
35c6
35ca
35cd
35d0
35d4
35d7
35da
35de
35e1
35e5
35e8
35eb
35ef
35f2
35f5
35f9
35fc
35ff
3603
3606
3609
360d
3610
3614
3617
361a
361e
3621
3624
3628
362b
362f
3632
3635
3639
363c
3640
3643
3646
364a
364d
3651
3654
3658
365b
365e
3662
3665
3669
366c
366f
3673
3676
367a
367d
3680
3684
3687
368b
368e
3691
3695
3698
369c
369f
36a2
36a6
36a9
36ad
36b0
36b3
36b7
36ba
36be
36c1
36c5
36c8
36cb
36cf
36d2
36d6
36d9
36dc
36e0
36e3
36e7
36ea
36ed
36f1
36f4
36f8
36fb
36fe
3702
3705
3709
370c
3710
3713
3717
371a
371e
3721
3724
3728
372b
372f
3732
3736
3739
373d
3740
3744
3747
374a
374e
3751
3755
3758
375c
375f
3763
3766
376a
376d
3770
3774
3777
377b
377e
3782
3785
3789
378c
378f
3793
3796
379a
379d
37a1
37a4
37a8
37ab
37af
37b2
37b5
37b9
37bc
37c0
37c3
37c7
37ca
37ce
37d1
37d5
37d8
37dc
37df
37e3
37e6
37ea
37ed
37f1
37f4
37f8
37fb
37ff
3802
3806
3809
380d
3811
3814
3818
381b
381f
3822
3826
3829
382d
3830
3834
3837
383b
383e
3842
3845
3849
384d
3850
3854
3857
385b
385e
3862
3865
3869
386c
3870
3873
3877
387a
387e
3882
3885
3889
388c
3890
3893
3897
389a
389e
38a1
38a5
38a8
38ac
38af
38b3
38b6
38ba
38be
38c1
38c5
38c8
38cc
38cf
38d3
38d7
38da
38de
38e1
38e5
38e8
38ec
38ef
38f3
38f7
38fa
38fe
3901
3905
3908
390c
3910
3913
3917
391a
391e
3921
3925
3928
392c
3930
3933
3937
393a
393e
3941
3945
3949
394c
3950
3953
3957
395a
395e
3961
3965
3969
396c
3970
3973
3977
397a
397e
3982
3985
3989
398c
3990
3993
3997
399a
399e
39a2
39a5
39a9
39ad
39b0
39b4
39b7
39bb
39bf
39c2
39c6
39ca
39cd
39d1
39d5
39d8
39dc
39e0
39e3
39e7
39ea
39ee
39f2
39f5
39f9
39fd
3a00
3a04
3a08
3a0b
3a0f
3a13
3a16
3a1a
3a1d
3a21
3a25
3a28
3a2c
3a30
3a33
3a37
3a3b
3a3e
3a42
3a45
3a49
3a4d
3a50
3a54
3a58
3a5b
3a5f
3a63
3a66
3a6a
3a6e
3a71
3a75
3a78
3a7c
3a80
3a83
3a87
3a8b
3a8e
3a92
3a96
3a99
3a9d
3aa1
3aa4
3aa8
3aac
3aaf
3ab3
3ab7
3aba
3abe
3ac2
3ac5
3ac9
3acd
3ad0
3ad4
3ad8
3adb
3adf
3ae3
3ae6
3aea
3aee
3af1
3af5
3af9
3afd
3b00
3b04
3b08
3b0b
3b0f
3b13
3b16
3b1a
3b1e
3b21
3b25
3b29
3b2c
3b30
3b34
3b37
3b3b
3b3f
3b42
3b46
3b4a
3b4d
3b51
3b55
3b58
3b5c
3b60
3b63
3b67
3b6b
3b6e
3b72
3b76
3b7a
3b7d
3b81
3b85
3b89
3b8c
3b90
3b94
3b98
3b9b
3b9f
3ba3
3ba7
3baa
3bae
3bb2
3bb6
3bb9
3bbd
3bc1
3bc5
3bc8
3bcc
3bd0
3bd4
3bd7
3bdb
3bdf
3be3
3be6
3bea
3bee
3bf2
3bf5
3bf9
3bfd
3c01
3c04
3c08
3c0c
3c10
3c13
3c17
3c1b
3c1f
3c22
3c26
3c2a
3c2e
3c31
3c35
3c39
3c3d
3c40
3c44
3c48
3c4c
3c4f
3c53
3c57
3c5b
3c5e
3c62
3c66
3c6a
3c6d
3c71
3c75
3c79
3c7d
3c81
3c84
3c88
3c8c
3c90
3c94
3c97
3c9b
3c9f
3ca3
3ca7
3caa
3cae
3cb2
3cb6
3cba
3cbe
3cc1
3cc5
3cc9
3ccd
3cd1
3cd4
3cd8
3cdc
3ce0
3ce4
3ce7
3ceb
3cef
3cf3
3cf7
3cfb
3cfe
3d02
3d06
3d0a
3d0e
3d11
3d15
3d19
3d1d
3d21
3d24
3d28
3d2c
3d30
3d34
3d38
3d3b
3d3f
3d43
3d47
3d4b
3d4e
3d52
3d56
3d5a
3d5e
3d62
3d65
3d69
3d6d
3d71
3d75
3d79
3d7d
3d80
3d84
3d88
3d8c
3d90
3d94
3d98
3d9b
3d9f
3da3
3da7
3dab
3daf
3db3
3db6
3dba
3dbe
3dc2
3dc6
3dca
3dce
3dd2
3dd5
3dd9
3ddd
3de1
3de5
3de9
3ded
3df0
3df4
3df8
3dfc
3e00
3e04
3e08
3e0b
3e0f
3e13
3e17
3e1b
3e1f
3e23
3e26
3e2a
3e2e
3e32
3e36
3e3a
3e3e
3e41
3e45
3e49
3e4d
3e51
3e55
3e59
3e5d
3e61
3e65
3e68
3e6c
3e70
3e74
3e78
3e7c
3e80
3e84
3e88
3e8c
3e90
3e94
3e98
3e9b
3e9f
3ea3
3ea7
3eab
3eaf
3eb3
3eb7
3ebb
3ebf
3ec3
3ec7
3ecb
3ece
3ed2
3ed6
3eda
3ede
3ee2
3ee6
3eea
3eee
3ef2
3ef6
3efa
3efd
3f01
3f05
3f09
3f0d
3f11
3f15
3f19
3f1d
3f21
3f25
3f29
3f2d
3f30
3f34
3f38
3f3c
3f40
3f44
3f48
3f4c
3f50
3f54
3f58
3f5c
3f60
3f64
3f68
3f6c
3f70
3f74
3f78
3f7c
3f80
3f84
3f88
3f8c
3f90
3f94
3f98
3f9c
3fa0
3fa4
3fa8
3fac
3fb0
3fb4
3fb8
3fbc
3fc0
3fc4
3fc8
3fcb
3fcf
3fd3
3fd7
3fdb
3fdf
3fe3
3fe7
3feb
3fef
3ff3
3ff7
3ffb
3fff
4003
4007
400b
400f
4013
4017
401b
401f
4023
4027
402b
402f
4033
4037
403b
403f
4043
4047
404b
404f
4053
4057
405b
405f
4063
4067
406b
406f
4074
4078
407c
4080
4084
4088
408c
4090
4094
4098
409c
40a0
40a4
40a8
40ac
40b0
40b4
40b8
40bc
40c0
40c4
40c9
40cd
40d1
40d5
40d9
40dd
40e1
40e5
40e9
40ed
40f1
40f5
40f9
40fd
4101
4105
4109
410d
4111
4115
4119
411d
4122
4126
412a
412e
4132
4136
413a
413e
4142
4146
414a
414e
4152
4156
415a
415f
4163
4167
416b
416f
4173
4177
417b
417f
4184
4188
418c
4190
4194
4198
419c
41a0
41a4
41a9
41ad
41b1
41b5
41b9
41bd
41c1
41c5
41c9
41ce
41d2
41d6
41da
41de
41e2
41e6
41ea
41ee
41f2
41f7
41fb
41ff
4203
4207
420b
420f
4213
4217
421c
4220
4224
4228
422c
4230
4234
4238
423c
4241
4245
4249
424d
4251
4255
4259
425e
4262
4266
426a
426e
4273
4277
427b
427f
4283
4287
428c
4290
4294
4298
429c
42a1
42a5
42a9
42ad
42b1
42b6
42ba
42be
42c2
42c6
42ca
42cf
42d3
42d7
42db
42df
42e4
42e8
42ec
42f0
42f4
42f9
42fd
4301
4305
4309
430d
4312
4316
431a
431e
4322
4327
432b
432f
4333
4337
433c
4340
4344
4348
434c
4350
4355
4359
435d
4361
4365
436a
436e
4372
4376
437b
437f
4383
4387
438c
4390
4394
4398
439d
43a1
43a5
43a9
43ad
43b2
43b6
43ba
43be
43c3
43c7
43cb
43cf
43d4
43d8
43dc
43e0
43e5
43e9
43ed
43f1
43f5
43fa
43fe
4402
4406
440b
440f
4413
4417
441c
4420
4424
4428
442c
4431
4435
4439
443d
4442
4446
444a
444e
4453
4457
445b
445f
4464
4468
446c
4470
4475
4479
447d
4482
4486
448a
448f
4493
4497
449b
44a0
44a4
44a8
44ad
44b1
44b5
44ba
44be
44c2
44c7
44cb
44cf
44d4
44d8
44dc
44e0
44e5
44e9
44ed
44f2
44f6
44fa
44ff
4503
4507
450c
4510
4514
4519
451d
4521
4525
452a
452e
4532
4537
453b
453f
4544
4548
454c
4551
4555
4559
455e
4562
4566
456a
456f
4573
4577
457c
4580
4584
4589
458d
4592
4596
459a
459f
45a3
45a7
45ac
45b0
45b5
45b9
45bd
45c2
45c6
45ca
45cf
45d3
45d8
45dc
45e0
45e5
45e9
45ed
45f2
45f6
45fb
45ff
4603
4608
460c
4610
4615
4619
461e
4622
4626
462b
462f
4633
4638
463c
4641
4645
4649
464e
4652
4656
465b
465f
4664
4668
466c
4671
4675
4679
467e
4682
4687
468b
468f
4694
4698
469c
46a1
46a5
46aa
46ae
46b3
46b7
46bc
46c0
46c5
46c9
46cd
46d2
46d6
46db
46df
46e4
46e8
46ed
46f1
46f6
46fa
46fe
4703
4707
470c
4710
4715
4719
471e
4722
4727
472b
472f
4734
4738
473d
4741
4746
474a
474f
4753
4757
475c
4760
4765
4769
476e
4772
4777
477b
4780
4784
4788
478d
4791
4796
479a
479f
47a3
47a8
47ac
47b1
47b5
47ba
47be
47c3
47c7
47cc
47d0
47d5
47d9
47de
47e2
47e7
47eb
47f0
47f4
47f9
47fd
4802
4806
480b
480f
4814
4818
481d
4821
4826
482a
482f
4833
4838
483c
4841
4846
484a
484f
4853
4858
485c
4861
4865
486a
486e
4873
4877
487c
4880
4885
4889
488e
4892
4897
489b
48a0
48a4
48a9
48ad
48b2
48b6
48bb
48bf
48c4
48c8
48cd
48d1
48d6
48db
48df
48e4
48e8
48ed
48f2
48f6
48fb
48ff
4904
4909
490d
4912
4916
491b
4920
4924
4929
492d
4932
4936
493b
4940
4944
4949
494d
4952
4957
495b
4960
4964
4969
496e
4972
4977
497b
4980
4985
4989
498e
4992
4997
499c
49a0
49a5
49a9
49ae
49b3
49b7
49bc
49c0
49c5
49c9
49ce
49d3
49d7
49dc
49e0
49e5
49ea
49ee
49f3
49f7
49fc
4a01
4a05
4a0a
4a0f
4a13
4a18
4a1d
4a21
4a26
4a2b
4a2f
4a34
4a39
4a3d
4a42
4a47
4a4b
4a50
4a54
4a59
4a5e
4a62
4a67
4a6c
4a70
4a75
4a7a
4a7e
4a83
4a88
4a8c
4a91
4a96
4a9a
4a9f
4aa4
4aa8
4aad
4ab2
4ab6
4abb
4ac0
4ac4
4ac9
4ace
4ad2
4ad7
4adc
4ae0
4ae5
4ae9
4aee
4af3
4af7
4afc
4b01
4b05
4b0a
4b0f
4b13
4b18
4b1d
4b21
4b26
4b2b
4b2f
4b34
4b39
4b3e
4b42
4b47
4b4c
4b51
4b55
4b5a
4b5f
4b64
4b68
4b6d
4b72
4b76
4b7b
4b80
4b85
4b89
4b8e
4b93
4b98
4b9c
4ba1
4ba6
4bab
4baf
4bb4
4bb9
4bbe
4bc2
4bc7
4bcc
4bd0
4bd5
4bda
4bdf
4be3
4be8
4bed
4bf2
4bf6
4bfb
4c00
4c05
4c09
4c0e
4c13
4c17
4c1c
4c21
4c26
4c2a
4c2f
4c34
4c39
4c3d
4c42
4c47
4c4c
4c50
4c55
4c5a
4c5f
4c63
4c68
4c6d
4c72
4c77
4c7c
4c80
4c85
4c8a
4c8f
4c94
4c98
4c9d
4ca2
4ca7
4cac
4cb0
4cb5
4cba
4cbf
4cc4
4cc9
4ccd
4cd2
4cd7
4cdc
4ce1
4ce5
4cea
4cef
4cf4
4cf9
4cfd
4d02
4d07
4d0c
4d11
4d16
4d1a
4d1f
4d24
4d29
4d2e
4d32
4d37
4d3c
4d41
4d46
4d4a
4d4f
4d54
4d59
4d5e
4d63
4d67
4d6c
4d71
4d76
4d7b
4d7f
4d84
4d89
4d8e
4d93
4d98
4d9d
4da1
4da6
4dab
4db0
4db5
4dba
4dbf
4dc4
4dc8
4dcd
4dd2
4dd7
4ddc
4de1
4de6
4deb
4def
4df4
4df9
4dfe
4e03
4e08
4e0d
4e12
4e16
4e1b
4e20
4e25
4e2a
4e2f
4e34
4e39
4e3d
4e42
4e47
4e4c
4e51
4e56
4e5b
4e60
4e64
4e69
4e6e
4e73
4e78
4e7d
4e82
4e87
4e8b
4e90
4e95
4e9a
4e9f
4ea4
4ea9
4eae
4eb2
4eb7
4ebc
4ec1
4ec6
4ecb
4ed0
4ed5
4eda
4edf
4ee4
4ee9
4eee
4ef3
4ef8
4efd
4f02
4f07
4f0c
4f11
4f15
4f1a
4f1f
4f24
4f29
4f2e
4f33
4f38
4f3d
4f42
4f47
4f4c
4f51
4f56
4f5b
4f60
4f65
4f6a
4f6f
4f74
4f79
4f7e
4f83
4f88
4f8d
4f92
4f97
4f9c
4fa1
4fa6
4fab
4fb0
4fb4
4fb9
4fbe
4fc3
4fc8
4fcd
4fd2
4fd7
4fdc
4fe1
4fe6
4feb
4ff0
4ff5
4ffa
4fff
5004
5009
500e
5013
5018
501d
5022
5027
502c
5031
5036
503b
5040
5045
504a
5050
5055
505a
505f
5064
5069
506e
5073
5078
507d
5082
5087
508c
5091
5096
509b
50a0
50a5
50aa
50af
50b4
50b9
50be
50c3
50c8
50cd
50d2
50d7
50dc
50e1
50e6
50eb
50f1
50f6
50fb
5100
5105
510a
510f
5114
5119
511e
5123
5128
512d
5132
5137
513c
5141
5146
514b
5150
5156
515b
5160
5165
516a
516f
5174
5179
517f
5184
5189
518e
5193
5198
519d
51a2
51a8
51ad
51b2
51b7
51bc
51c1
51c6
51cb
51d1
51d6
51db
51e0
51e5
51ea
51ef
51f4
51fa
51ff
5204
5209
520e
5213
5218
521d
5223
5228
522d
5232
5237
523c
5241
5246
524c
5251
5256
525b
5260
5265
526a
526f
5275
527a
527f
5284
5289
528e
5293
5299
529e
52a3
52a8
52ad
52b3
52b8
52bd
52c2
52c7
52cd
52d2
52d7
52dc
52e1
52e7
52ec
52f1
52f6
52fb
5301
5306
530b
5310
5315
531b
5320
5325
532a
5330
5335
533a
533f
5344
534a
534f
5354
5359
535e
5364
5369
536e
5373
5378
537e
5383
5388
538d
5392
5398
539d
53a2
53a7
53ac
53b2
53b7
53bc
53c1
53c6
53cc
53d1
53d6
53db
53e1
53e6
53eb
53f0
53f6
53fb
5400
5405
540b
5410
5415
541a
5420
5425
542a
5430
5435
543a
543f
5445
544a
544f
5454
545a
545f
5464
5469
546f
5474
5479
547f
5484
5489
548e
5494
5499
549e
54a3
54a9
54ae
54b3
54b8
54be
54c3
54c8
54cd
54d3
54d8
54dd
54e3
54e8
54ed
54f2
54f8
54fd
5502
5507
550d
5512
5517
551c
5522
5527
552c
5532
5537
553d
5542
5547
554d
5552
5557
555d
5562
5568
556d
5572
5578
557d
5582
5588
558d
5593
5598
559d
55a3
55a8
55ad
55b3
55b8
55be
55c3
55c8
55ce
55d3
55d8
55de
55e3
55e9
55ee
55f3
55f9
55fe
5603
5609
560e
5614
5619
561e
5624
5629
562e
5634
5639
563f
5644
5649
564f
5654
5659
565f
5664
566a
566f
5674
567a
567f
5684
568a
568f
5695
569a
56a0
56a5
56ab
56b0
56b5
56bb
56c0
56c6
56cb
56d1
56d6
56db
56e1
56e6
56ec
56f1
56f7
56fc
5702
5707
570c
5712
5717
571d
5722
5728
572d
5732
5738
573d
5743
5748
574e
5753
5759
575e
5763
5769
576e
5774
5779
577f
5784
5789
578f
5794
579a
579f
57a5
57aa
57b0
57b5
57ba
57c0
57c5
57cb
57d0
57d6
57db
57e1
57e6
57ec
57f1
57f7
57fc
5802
5807
580d
5812
5818
581e
5823
5829
582e
5834
5839
583f
5844
584a
584f
5855
585b
5860
5866
586b
5871
5876
587c
5881
5887
588d
5892
5898
589d
58a3
58a8
58ae
58b3
58b9
58be
58c4
58ca
58cf
58d5
58da
58e0
58e5
58eb
58f0
58f6
58fb
5901
5907
590c
5912
5917
591d
5922
5928
592d
5933
5938
593e
5944
5949
594f
5954
595a
5960
5965
596b
5970
5976
597c
5981
5987
598d
5992
5998
599d
59a3
59a9
59ae
59b4
59b9
59bf
59c5
59ca
59d0
59d5
59db
59e1
59e6
59ec
59f2
59f7
59fd
5a02
5a08
5a0e
5a13
5a19
5a1e
5a24
5a2a
5a2f
5a35
5a3a
5a40
5a46
5a4b
5a51
5a56
5a5c
5a62
5a67
5a6d
5a73
5a78
5a7e
5a83
5a89
5a8f
5a94
5a9a
5a9f
5aa5
5aab
5ab0
5ab6
5abc
5ac2
5ac7
5acd
5ad3
5ad8
5ade
5ae4
5aea
5aef
5af5
5afb
5b01
5b06
5b0c
5b12
5b17
5b1d
5b23
5b29
5b2e
5b34
5b3a
5b3f
5b45
5b4b
5b51
5b56
5b5c
5b62
5b67
5b6d
5b73
5b79
5b7e
5b84
5b8a
5b8f
5b95
5b9b
5ba1
5ba6
5bac
5bb2
5bb8
5bbd
5bc3
5bc9
5bce
5bd4
5bda
5be0
5be5
5beb
5bf1
5bf6
5bfc
5c02
5c08
5c0d
5c13
5c19
5c1f
5c24
5c2a
5c30
5c36
5c3c
5c41
5c47
5c4d
5c53
5c59
5c5e
5c64
5c6a
5c70
5c76
5c7b
5c81
5c87
5c8d
5c93
5c98
5c9e
5ca4
5caa
5cb0
5cb5
5cbb
5cc1
5cc7
5ccd
5cd2
5cd8
5cde
5ce4
5ce9
5cef
5cf5
5cfb
5d01
5d06
5d0c
5d12
5d18
5d1e
5d23
5d29
5d2f
5d35
5d3b
5d40
5d46
5d4c
5d52
5d58
5d5d
5d63
5d69
5d6f
5d75
5d7a
5d80
5d86
5d8c
5d92
5d98
5d9e
5da3
5da9
5daf
5db5
5dbb
5dc1
5dc7
5dcd
5dd3
5dd8
5dde
5de4
5dea
5df0
5df6
5dfc
5e02
5e08
5e0d
5e13
5e19
5e1f
5e25
5e2b
5e31
5e37
5e3d
5e43
5e48
5e4e
5e54
5e5a
5e60
5e66
5e6c
5e72
5e78
5e7d
5e83
5e89
5e8f
5e95
5e9b
5ea1
5ea7
5ead
5eb2
5eb8
5ebe
5ec4
5eca
5ed0
5ed6
5edc
5ee2
5ee7
5eed
5ef3
5ef9
5eff
5f05
5f0b
5f11
5f17
5f1d
5f23
5f29
5f2f
5f35
5f3b
5f41
5f47
5f4d
5f53
5f59
5f5f
5f65
5f6b
5f71
5f77
5f7d
5f83
5f89
5f8f
5f95
5f9b
5fa1
5fa7
5fad
5fb3
5fb9
5fbf
5fc4
5fca
5fd0
5fd6
5fdc
5fe2
5fe8
5fee
5ff4
5ffa
6000
6006
600c
6012
6018
601e
6024
602a
6030
6036
603c
6042
6048
604e
6054
605a
6060
6066
606c
6072
6078
607e
6084
608a
6090
6096
609c
60a2
60a9
60af
60b5
60bb
60c1
60c7
60cd
60d3
60d9
60df
60e5
60eb
60f1
60f8
60fe
6104
610a
6110
6116
611c
6122
6128
612e
6134
613a
6141
6147
614d
6153
6159
615f
6165
616b
6171
6177
617d
6183
6189
6190
6196
619c
61a2
61a8
61ae
61b4
61ba
61c0
61c6
61cc
61d2
61d8
61df
61e5
61eb
61f1
61f7
61fd
6203
6209
620f
6216
621c
6222
6228
622e
6234
623b
6241
6247
624d
6253
6259
6260
6266
626c
6272
6278
627e
6285
628b
6291
6297
629d
62a3
62aa
62b0
62b6
62bc
62c2
62c9
62cf
62d5
62db
62e1
62e7
62ee
62f4
62fa
6300
6306
630c
6313
6319
631f
6325
632b
6331
6338
633e
6344
634a
6350
6356
635d
6363
6369
636f
6375
637b
6382
6388
638e
6394
639b
63a1
63a7
63ad
63b4
63ba
63c0
63c7
63cd
63d3
63d9
63e0
63e6
63ec
63f3
63f9
63ff
6405
640c
6412
6418
641e
6425
642b
6431
6438
643e
6444
644a
6451
6457
645d
6464
646a
6470
6476
647d
6483
6489
6490
6496
649c
64a2
64a9
64af
64b5
64bc
64c2
64c8
64ce
64d5
64db
64e1
64e7
64ee
64f4
64fa
6501
6507
650d
6513
651a
6520
6526
652d
6533
6539
6540
6546
654d
6553
6559
6560
6566
656c
6573
6579
657f
6586
658c
6592
6599
659f
65a6
65ac
65b2
65b9
65bf
65c5
65cc
65d2
65d8
65df
65e5
65ec
65f2
65f8
65ff
6605
660b
6612
6618
661e
6625
662b
6631
6638
663e
6645
664b
6651
6658
665e
6664
666b
6671
6677
667e
6684
668a
6691
6697
669e
66a4
66aa
66b1
66b7
66bd
66c4
66ca
66d1
66d7
66de
66e4
66eb
66f1
66f8
66fe
6705
670b
6712
6718
671f
6725
672b
6732
6738
673f
6745
674c
6752
6759
675f
6766
676c
6773
6779
6780
6786
678c
6793
6799
67a0
67a6
67ad
67b3
67ba
67c0
67c7
67cd
67d4
67da
67e1
67e7
67ee
67f4
67fa
6801
6807
680e
6814
681b
6821
6828
682e
6835
683b
6842
6848
684f
6855
685c
6862
6869
686f
6876
687c
6883
688a
6890
6897
689d
68a4
68ab
68b1
68b8
68be
68c5
68cb
68d2
68d9
68df
68e6
68ec
68f3
68f9
6900
6907
690d
6914
691a
6921
6928
692e
6935
693b
6942
6948
694f
6956
695c
6963
6969
6970
6976
697d
6984
698a
6991
6997
699e
69a4
69ab
69b2
69b8
69bf
69c5
69cc
69d3
69d9
69e0
69e6
69ed
69f3
69fa
6a01
6a07
6a0e
6a15
6a1b
6a22
6a29
6a2f
6a36
6a3d
6a43
6a4a
6a51
6a57
6a5e
6a65
6a6b
6a72
6a79
6a7f
6a86
6a8d
6a93
6a9a
6aa1
6aa7
6aae
6ab5
6abb
6ac2
6ac9
6ad0
6ad6
6add
6ae4
6aea
6af1
6af8
6afe
6b05
6b0c
6b12
6b19
6b20
6b26
6b2d
6b34
6b3a
6b41
6b48
6b4e
6b55
6b5c
6b62
6b69
6b70
6b76
6b7d
6b84
6b8a
6b91
6b98
6b9e
6ba5
6bac
6bb3
6bb9
6bc0
6bc7
6bce
6bd4
6bdb
6be2
6be9
6bf0
6bf6
6bfd
6c04
6c0b
6c12
6c18
6c1f
6c26
6c2d
6c33
6c3a
6c41
6c48
6c4f
6c55
6c5c
6c63
6c6a
6c70
6c77
6c7e
6c85
6c8c
6c92
6c99
6ca0
6ca7
6cad
6cb4
6cbb
6cc2
6cc9
6ccf
6cd6
6cdd
6ce4
6ceb
6cf1
6cf8
6cff
6d06
6d0c
6d13
6d1a
6d21
6d28
6d2e
6d35
6d3c
6d43
6d49
6d50
6d57
6d5e
6d65
6d6c
6d73
6d79
6d80
6d87
6d8e
6d95
6d9c
6da3
6daa
6db1
6db7
6dbe
6dc5
6dcc
6dd3
6dda
6de1
6de8
6def
6df5
6dfc
6e03
6e0a
6e11
6e18
6e1f
6e26
6e2d
6e34
6e3a
6e41
6e48
6e4f
6e56
6e5d
6e64
6e6b
6e72
6e78
6e7f
6e86
6e8d
6e94
6e9b
6ea2
6ea9
6eb0
6eb6
6ebd
6ec4
6ecb
6ed2
6ed9
6ee0
6ee7
6eee
6ef4
6efb
6f02
6f09
6f10
6f17
6f1e
6f25
6f2c
6f33
6f3a
6f41
6f48
6f4f
6f56
6f5d
6f64
6f6b
6f72
6f79
6f80
6f87
6f8e
6f95
6f9c
6fa3
6faa
6fb1
6fb8
6fbf
6fc6
6fcd
6fd4
6fdb
6fe2
6fe9
6ff0
6ff7
6ffe
7005
700c
7013
701a
7021
7028
702f
7036
703d
7044
704b
7052
7059
7060
7067
706e
7075
707c
7083
708a
7091
7098
709f
70a6
70ad
70b4
70bb
70c2
70c9
70d0
70d7
70de
70e5
70ec
70f3
70fb
7102
7109
7110
7117
711e
7125
712c
7133
713a
7142
7149
7150
7157
715e
7165
716c
7173
717a
7181
7188
7190
7197
719e
71a5
71ac
71b3
71ba
71c1
71c8
71cf
71d6
71de
71e5
71ec
71f3
71fa
7201
7208
720f
7216
721d
7225
722c
7233
723a
7241
7248
724f
7256
725d
7264
726b
7273
727a
7281
7288
728f
7296
729d
72a4
72ac
72b3
72ba
72c1
72c9
72d0
72d7
72de
72e5
72ed
72f4
72fb
7302
730a
7311
7318
731f
7326
732e
7335
733c
7343
734a
7352
7359
7360
7367
736f
7376
737d
7384
738b
7393
739a
73a1
73a8
73b0
73b7
73be
73c5
73cc
73d4
73db
73e2
73e9
73f1
73f8
73ff
7406
740d
7415
741c
7423
742a
7431
7439
7440
7447
744e
7456
745d
7464
746b
7473
747a
7481
7489
7490
7497
749f
74a6
74ad
74b5
74bc
74c3
74cb
74d2
74da
74e1
74e8
74f0
74f7
74fe
7506
750d
7514
751c
7523
752a
7532
7539
7540
7548
754f
7556
755e
7565
756c
7574
757b
7582
758a
7591
7598
75a0
75a7
75ae
75b6
75bd
75c5
75cc
75d3
75db
75e2
75e9
75f1
75f8
75ff
7607
760e
7615
761d
7624
762b
7633
763a
7641
7649
7650
7658
765f
7667
766e
7676
767d
7684
768c
7693
769b
76a2
76aa
76b1
76b8
76c0
76c7
76cf
76d6
76de
76e5
76ed
76f4
76fb
7703
770a
7712
7719
7721
7728
772f
7737
773e
7746
774d
7755
775c
7764
776b
7772
777a
7781
7789
7790
7798
779f
77a6
77ae
77b5
77bd
77c4
77cc
77d3
77db
77e2
77e9
77f1
77f8
7800
7807
780f
7816
781e
7825
782d
7834
783c
7843
784b
7853
785a
7862
7869
7871
7878
7880
7887
788f
7897
789e
78a6
78ad
78b5
78bc
78c4
78cc
78d3
78db
78e2
78ea
78f1
78f9
7900
7908
7910
7917
791f
7926
792e
7935
793d
7945
794c
7954
795b
7963
796a
7972
7979
7981
7989
7990
7998
799f
79a7
79ae
79b6
79be
79c5
79cd
79d4
79dc
79e3
79eb
79f2
79fa
7a02
7a09
7a11
7a19
7a20
7a28
7a30
7a38
7a3f
7a47
7a4f
7a56
7a5e
7a66
7a6d
7a75
7a7d
7a84
7a8c
7a94
7a9b
7aa3
7aab
7ab3
7aba
7ac2
7aca
7ad1
7ad9
7ae1
7ae8
7af0
7af8
7aff
7b07
7b0f
7b16
7b1e
7b26
7b2e
7b35
7b3d
7b45
7b4c
7b54
7b5c
7b63
7b6b
7b73
7b7a
7b82
7b8a
7b91
7b99
7ba1
7ba9
7bb0
7bb8
7bc0
7bc7
7bcf
7bd7
7bde
7be6
7bee
7bf6
7bfd
7c05
7c0d
7c15
7c1d
7c25
7c2c
7c34
7c3c
7c44
7c4c
7c53
7c5b
7c63
7c6b
7c73
7c7a
7c82
7c8a
7c92
7c9a
7ca2
7ca9
7cb1
7cb9
7cc1
7cc9
7cd0
7cd8
7ce0
7ce8
7cf0
7cf7
7cff
7d07
7d0f
7d17
7d1f
7d26
7d2e
7d36
7d3e
7d46
7d4d
7d55
7d5d
7d65
7d6d
7d74
7d7c
7d84
7d8c
7d94
7d9c
7da3
7dab
7db3
7dbb
7dc3
7dca
7dd2
7dda
7de2
7dea
7df2
7dfa
7e02
7e0a
7e11
7e19
7e21
7e29
7e31
7e39
7e41
7e49
7e51
7e59
7e61
7e69
7e71
7e78
7e80
7e88
7e90
7e98
7ea0
7ea8
7eb0
7eb8
7ec0
7ec8
7ed0
7ed8
7edf
7ee7
7eef
7ef7
7eff
7f07
7f0f
7f17
7f1f
7f27
7f2f
7f37
7f3e
7f46
7f4e
7f56
7f5e
7f66
7f6e
7f76
7f7e
7f86
7f8e
7f96
7f9e
7fa5
7fad
7fb5
7fbd
7fc5
7fcd
7fd5
7fdd
7fe5
7fed
7ff5
7ffd
7fff
7fff
7fff
7fff
7fff
7fff
7fff
7fff
7fff
7fff
7fff
7fff
7fff
7fff
7fff
7fff
7fff
7fff
7fff
7fff
7fff
7fff
7fff
7fff
7fff
7fff
7fff
7fff
7fff
7fff
7fff
7fff
7fff
7fff
7fff
7fff
7fff
7fff
7fff
7fff
7fff
7fff
7fff
7fff
7fff
7fff
7fff
7fff
7fff
7fff
7fff
7fff
7fff
7fff
7fff
7fff
7fff
7fff
7fff
7fff
7fff
7fff
7fff
7fff
7fff
7fff
7fff
7fff
7fff
7fff
7fff
7fff
7fff
7fff
7fff
7fff
7fff
7fff
7fff
7fff
7fff
7fff
7fff
7fff
7fff
7fff
7fff
7fff
7fff
7fff
7fff
7fff
7fff
7fff
7fff
7fff
7fff
7fff
7fff
7fff
7fff
7fff
7fff
7fff
7fff
7fff
7fff
7fff
7fff
7fff
7fff
7fff
7fff
7fff
7fff
7fff
7fff
7fff
7fff
7fff
7fff
7fff
7fff
7fff
7fff
7fff
7fff
7fff
7fff
7fff
7fff
7fff
7fff
7fff
7fff
7fff
7fff
7fff
7fff
7fff
7fff
7fff
7fff
7fff
7fff
7fff
7fff
7fff
7fff
7fff
7fff
7fff
7fff
7fff
7fff
7fff
7fff
7fff
7fff
7fff
7fff
7fff
7fff
7fff
7fff
7fff
7fff
7fff
7fff
7fff
7fff
7fff
7fff
7fff
7fff
7fff
7fff
7fff
7fff
7fff
7fff
7fff
7fff
7fff
7fff
7fff
7fff
7fff
7fff
7fff
7fff
7fff
7fff
7fff
7fff
7fff
7fff
7fff
7fff
7fff
7fff
7fff
7fff
7fff
7fff
7fff
7fff
7fff
7fff
7fff
7fff
7fff
7fff
7fff
7fff
7fff
7fff
7fff
7fff
7fff
7fff
7fff
7fff
7fff
7fff
7fff
7fff
7fff
7fff
7fff
7fff
7fff
7fff
7fff
7fff
7fff
7fff
7fff
7fff
7fff
7fff
7fff
7fff
7fff
7fff
7fff
7fff
7fff
7fff
7fff
7fff
7fff
7fff
7fff
7fff
7fff
7fff
7fff
7fff
7fff
7fff
7fff
7fff
7fff
7fff
7fff
7fff
7fff
7fff
7fff
7fff
7fff
7fff
7fff
7fff
7fff
7fff
7fff
7fff
7fff
7fff
7fff
7fff
7fff
7fff
7fff
7fff
7fff
7fff
7fff
7fff
7fff
7fff
7fff
7fff
7fff
7fff
7fff
7fff
7fff
7fff
7fff
7fff
7fff
7fff
7fff
7fff
7fff
7fff
7fff
7fff
7fff
7fff
7fff
7fff
7fff
7fff
7fff
7fff
7fff
7fff
7fff
7fff
7fff
7fff
7fff
7fff
7fff
7fff
7fff
7fff
7fff
7fff
7fff
7fff
7fff
7fff
7fff
7fff
7fff
7fff
7fff
7fff
7fff
7fff
7fff
7fff
7fff
7fff
7fff
7fff
7fff
7fff
7fff
7fff
7fff
7fff
7fff
7fff
7fff
7fff
7fff
7fff
7fff
7fff
7fff
7fff
7fff
7fff
7fff
7fff
7fff
7fff
7fff
7fff
7fff
7fff
7fff
7fff
7fff
7fff
7fff
7fff
7fff
7fff
7fff
7fff
7fff
7fff
7fff
7fff
7fff
7fff
7fff
7fff
7fff
7fff
7fff
7fff
7fff
7fff
7fff
7fff
7fff
7fff
7fff
7fff
7fff
7fff
7fff
7fff
7fff
7fff
7fff
7fff
7fff
7fff
7fff
7fff
7fff
7fff
7fff
7fff
7fff
7fff
7fff
7fff
7fff
7fff
7fff
7fff
7fff
7fff
7fff
7fff
7fff
7fff
7fff
7fff
7fff
7fff
7fff
7fff
7fff
7fff
7fff
7fff
7fff
7fff
7fff
7fff
7fff
7fff
7fff
7fff
7fff
7fff
7fff
7fff
7fff
7fff
7fff
7fff
7fff
7fff
7fff
7fff
7fff
7fff
7fff
7fff
7fff
7fff
7fff
7fff
7fff
7fff
7fff
7fff
7fff
7fff
7fff
7fff
7fff
7fff
7fff
7fff
7fff
7fff
7fff
7fff
7fff
7fff
7fff
7fff
7fff
7fff
7fff
7fff
7fff
7fff
7fff
7fff
7fff
7fff
7fff
7fff
7fff
7fff
7fff
7fff
7fff
7fff
7fff
7fff
7fff
7fff
7fff
7fff
7fff
7fff
7fff
7fff
7fff
7fff
7fff
7fff
7fff
7fff
7fff
7fff
7fff
7fff
7fff
7fff
7fff
7fff
7fff
7fff
7fff
7fff
7fff
7fff
7fff
7fff
7fff
7fff
7fff
7fff
7fff
7fff
7fff
7fff
7fff
7fff
7fff
7fff
7fff
7fff
7fff
7fff
7fff
7fff
7fff
7fff
7fff
7fff
7fff
7fff
7fff
7fff
7fff
7fff
7fff
7fff
7fff
7fff
7fff
7fff
7fff
7fff
7fff
7fff
7fff
7fff
7fff
7fff
7fff
7fff
7fff
7fff
7fff
7fff
7fff
7fff
7fff
7fff
7fff
7fff
7fff
7fff
7fff
7fff
7fff
7fff
7fff
7fff
7fff
7fff
7fff
7fff
7fff
7fff
7fff
7fff
7fff
7fff
7fff
7fff
7fff
7fff
7fff
7fff
7fff
7fff
7fff
7fff
7fff
7fff
7fff
7fff
7fff
7fff
7fff
7fff
7fff
7fff
7fff
7fff
7fff
7fff
7fff
7fff
7fff
7fff
7fff
7fff
7fff
7fff
7fff
7fff
7fff
7fff
7fff
7fff
7fff
7fff
7fff
7fff
7fff
7fff
7fff
7fff
7fff
7fff
7fff
7fff
7fff
7fff
7fff
7fff
7fff
7fff
7fff
7fff
7fff
7fff
7fff
7fff
7fff
7fff
7fff
7fff
7fff
7fff
7fff
7fff
7fff
7fff
7fff
7fff
7fff
7fff
7fff
7fff
7fff
7fff
7fff
7fff
7fff
7fff
7fff
7fff
7fff
7fff
7fff
7fff
7fff
7fff
7fff
7fff
7fff
7fff
7fff
7fff
7fff
7fff
7fff
7fff
7fff
7fff
7fff
7fff
7fff
7fff
7fff
7fff
7fff
7fff
7fff
7fff
7fff
7fff
7fff
7fff
7fff
7fff
7fff
7fff
7fff
7fff
7fff
7fff
7fff
7fff
7fff
7fff
7fff
7fff
7fff
7fff
7fff
7fff
7fff
7fff
7fff
7fff
7fff
7fff
7fff
7fff
7fff
7fff
7fff
7fff
7fff
7fff
7fff
7fff
7fff
7fff
7fff
7fff
7fff
7fff
7fff
7fff
7fff
7fff
7fff
7fff
7fff
7fff
7fff
7fff
7fff
7fff
7fff
7fff
7fff
7fff
7fff
7fff
7fff
7fff
7fff
7fff
7fff
7fff
7fff
7fff
7fff
7fff
7fff
7fff
7fff
7fff
7fff
7fff
7fff
7fff
7fff
7fff
7fff
7fff
7fff
7fff
7fff
7fff
7fff
7fff
7fff
7fff
7fff
7fff
7fff
7fff
7fff
7fff
7fff
7fff
7fff
7fff
7fff
7fff
7fff
7fff
7fff
7fff
7fff
7fff
7fff
7fff
7fff
7fff
7fff
7fff
7fff
7fff
7fff
7fff
7fff
7fff
7fff
7fff
7fff
7fff
7fff
7fff
7fff
7fff
7fff
7fff
7fff
7fff
7fff
7fff
7fff
7fff
7fff
7fff
7fff
7fff
7fff
7fff
7fff
7fff
7fff
7fff
7fff
7fff
7fff
7fff
7fff
7fff
7fff
7fff
7fff
7fff
7fff
7fff
7fff
7fff
7fff
7fff
7fff
7fff
7fff
7fff
7fff
7fff
7fff
7fff
7fff
7fff
7fff
7fff
7fff
7fff
7fff
7fff
7fff
7fff
7fff
7fff
7fff
7fff
7fff
7fff
7fff
7fff
7fff
7fff
7fff
7fff
7fff
7fff
7fff
7fff
7fff
7fff
7fff
7fff
7fff
7fff
7fff
7fff
7fff
7fff
7fff
7fff
7fff
7fff
7fff
7fff
7fff
7fff
7fff
7fff
7fff
7fff
7fff
7fff
7fff
7fff
7fff
7fff
7fff
7fff
7fff
7fff
7fff
7fff
7fff
7fff
7fff
7fff
7fff
7fff
7fff
7fff
7fff
7fff
7fff
7fff
7fff
7fff
7fff
7fff
7fff
7fff
7fff
7fff
7fff
7fff
7fff
7fff
7fff
7fff
7fff
7fff
7fff
7fff
7fff
7fff
7fff
7fff
7fff
7fff
7fff
7fff
7fff
7fff
7fff
7fff
7fff
7fff
7fff
7fff
7fff
7fff
7fff
7fff
7fff
7fff
7fff
7fff
7fff
7fff
7fff
7fff
7fff
7fff
7fff
7fff
7fff
7fff
7fff
7fff
7fff
7fff
7fff
7fff
7fff
7fff
7fff
7fff
7fff
7fff
7fff
7fff
7fff
7fff
7fff
7fff
7fff
7fff
7fff
7fff
7fff
7fff
7fff
7fff
7fff
7fff
7fff
7fff
7fff
7fff
7fff
7fff
7fff
7fff
7fff
7fff
7fff
7fff
7fff
7fff
7fff
7fff
7fff
7fff
7fff
7fff
7fff
7fff
7fff
7fff
7fff
7fff
7fff
7fff
7fff
7fff
7fff
7fff
7fff
7fff
7fff
7fff
7fff
7fff
7fff
7fff
7fff
7fff
7fff
7fff
7fff
7fff
7fff
7fff
7fff
7fff
7fff
7fff
7fff
7fff
7fff
7fff
7fff
7fff
7fff
7fff
7fff
7fff
7fff
7fff
7fff
7fff
7fff
7fff
7fff
7fff
7fff
7fff
7fff
7fff
7fff
7fff
7fff
7fff
7fff
7fff
7fff
7fff
7fff
7fff
7fff
7fff
7fff
7fff
7fff
7fff
7fff
7fff
7fff
7fff
7fff
7fff
7fff
7fff
7fff
7fff
7fff
7fff
7fff
7fff
7fff
7fff
7fff
7fff
7fff
7fff
7fff
7fff
7fff
7fff
7fff
7fff
7fff
7fff
7fff
7fff
7fff
7fff
7fff
7fff
7fff
7fff
7fff
7fff
7fff
7fff
7fff
7fff
7fff
7fff
7fff
7fff
7fff
7fff
7fff
7fff
7fff
7fff
7fff
7fff
7fff
7fff
7fff
7fff
7fff
7fff
7fff
7fff
7fff
7fff
7fff
7fff
7fff
7fff
7fff
7fff
7fff
7fff
7fff
7fff
7fff
7fff
7fff
7fff
7fff
7fff
7fff
7fff
7fff
7fff
7fff
7fff
7fff
7fff
7fff
7fff
7fff
7fff
7fff
7fff
7fff
7fff
7fff
7fff
7fff
7fff
7fff
7fff
7fff
7fff
7fff
7fff
7fff
7fff
7fff
7fff
7fff
7fff
7fff
7fff
7fff
7fff
7fff
7fff
7fff
7fff
7fff
7fff
7fff
7fff
7fff
7fff
7fff
7fff
7fff
7fff
7fff
7fff
7fff
7fff
7fff
7fff
7fff
7fff
7fff
7fff
7fff
7fff
7fff
7fff
7fff
7fff
7fff
7fff
7fff
7fff
7fff
7fff
7fff
7fff
7fff
7fff
7fff
7fff
7fff
7fff
7fff
7fff
7fff
7fff
7fff
7fff
7fff
7fff
7fff
7fff
7fff
7fff
7fff
7fff
7fff
7fff
7fff
7fff
7fff
7fff
7fff
7fff
7fff
7fff
7fff
7fff
7fff
7fff
7fff
7fff
7fff
7fff
7fff
7fff
7fff
7fff
7fff
7fff
7fff
7fff
7fff
7fff
7fff
7fff
7fff
7fff
7fff
7fff
7fff
7fff
7fff
7fff
7fff
7fff
7fff
7fff
7fff
7fff
7fff
7fff
7fff
7fff
7fff
7fff
7fff
7fff
7fff
7fff
7fff
7fff
7fff
7fff
7fff
7fff
7fff
7fff
7fff
7fff
7fff
7fff
7fff
7fff
7fff
7fff
7fff
7fff
7fff
7fff
7fff
7fff
7fff
7fff
7fff
7fff
7fff
7fff
7fff
7fff
7fff
7fff
7fff
7fff
7fff
7fff
7fff
7fff
7fff
7fff
7fff
7fff
7fff
7fff
7fff
7fff
7fff
7fff
7fff
7fff
7fff
7fff
7fff
7fff
7fff
7fff
7fff
7fff
7fff
7fff
7fff
7fff
7fff
7fff
7fff
7fff
7fff
7fff
7fff
7fff
7fff
7fff
7fff
7fff
7fff
7fff
7fff
7fff
7fff
7fff
7fff
7fff
7fff
7fff
7fff
7fff
7fff
7fff
7fff
7fff
7fff
7fff
7fff
7fff
7fff
7fff
7fff
7fff
7fff
7fff
7fff
7fff
7fff
7fff
7fff
7fff
7fff
7fff
7fff
7fff
7fff
7fff
7fff
7fff
7fff
7fff
7fff
7fff
7fff
7fff
7fff
7fff
7fff
7fff
7fff
7fff
7fff
7fff
7fff
7fff
7fff
7fff
7fff
7fff
7fff
7fff
7fff
7fff
7fff
7fff
7fff
7fff
7fff
7fff
7fff
7fff
7fff
7fff
7fff
7fff
7fff
7fff
7fff
7fff
7fff
7fff
7fff
7fff
7fff
7fff
7fff
7fff
7fff
7fff
7fff
7fff
7fff
7fff
7fff
7fff
7fff
7fff
7fff
7fff
7fff
7fff
7fff
7fff
7fff
7fff
7fff
7fff
7fff
7fff
7fff
7fff
7fff
7fff
7fff
7fff
7fff
7fff
7fff
7fff
7fff
7fff
7fff
7fff
7fff
7fff
7fff
7fff
7fff
7fff
7fff
7fff
7fff
7fff
7fff
7fff
7fff
7fff
7fff
7fff
7fff
7fff
7fff
7fff
7fff
7fff
7fff
7fff
7fff
7fff
7fff
7fff
7fff
7fff
7fff
7fff
7fff
7fff
7fff
7fff
7fff
7fff
7fff
7fff
7fff
7fff
7fff
7fff
7fff
7fff
7fff
7fff
7fff
7fff
7fff
7fff
7fff
7fff
7fff
7fff
7fff
7fff
7fff
7fff
7fff
7fff
7fff
7fff
7fff
7fff
7fff
7fff
7fff
7fff
7fff
7fff
7fff
7fff
7fff
7fff
7fff
7fff
7fff
7fff
7fff
7fff
7fff
7fff
7fff
7fff
7fff
7fff
7fff
7fff
7fff
7fff
7fff
7fff
7fff
7fff
7fff
7fff
7fff
7fff
7fff
7fff
7fff
7fff
7fff
7fff
7fff
7fff
7fff
7fff
7fff
7fff
7fff
7fff
7fff
7fff
7fff
7fff
7fff
7fff
7fff
7fff
7fff
7fff
7fff
7fff
7fff
7fff
7fff
7fff
7fff
7fff
7fff
7fff
7fff
7fff
7fff
7fff
7fff
7fff
7fff
7fff
7fff
7fff
7fff
7fff
7fff
7fff
7fff
7fff
7fff
7fff
7fff
7fff
7fff
7fff
7fff
7fff
7fff
7fff
7fff
7fff
7fff
7fff
7fff
7fff
7fff
7fff
7fff
7fff
7fff
7fff
7fff
7fff
7fff
7fff
7fff
7fff
7fff
7fff
7fff
7fff
7fff
7fff
7fff
7fff
7fff
7fff
7fff
7fff
7fff
7fff
7fff
7fff
7fff
7fff
7fff
7fff
7fff
7fff
7fff
7fff
7fff
7fff
7fff
7fff
7fff
7fff
7fff
7fff
7fff
7fff
7fff
7fff
7fff
7fff
7fff
7fff
7fff
7fff
7fff
7fff
7fff
7fff
7fff
7fff
7fff
7fff
7fff
7fff
7fff
7fff
7fff
7fff
7fff
7fff
7fff
7fff
7fff
7fff
7fff
7fff
7fff
7fff
7fff
7fff
7fff
7fff
7fff
7fff
7fff
7fff
7fff
7fff
7fff
7fff
7fff
7fff
7fff
7fff
7fff
7fff
7fff
7fff
7fff
7fff
7fff
7fff
7fff
7fff
7fff
7fff
7fff
7fff
7fff
7fff
7fff
7fff
7fff
7fff
7fff
7fff
7fff
7fff
7fff
7fff
7fff
7fff
7fff
7fff
7fff
7fff
7fff
7fff
7fff
7fff
7fff
7fff
7fff
7fff
7fff
7fff
7fff
7fff
7fff
7fff
7fff
7fff
7fff
7fff
7fff
7fff
7fff
7fff
7fff
7fff
7fff
7fff
7fff
7fff
7fff
7fff
7fff
7fff
7fff
7fff
7fff
7fff
7fff
7fff
7fff
7fff
7fff
7fff
7fff
7fff
7fff
7fff
7fff
7fff
7fff
7fff
7fff
7fff
7fff
7fff
7fff
7fff
7fff
7fff
7fff
7fff
7fff
7fff
7fff
7fff
7fff
7fff
7fff
7fff
7fff
7fff
7fff
7fff
7fff
7fff
7fff
7fff
7fff
7fff
7fff
7fff
7fff
7fff
7fff
7fff
7fff
7fff
7fff
7fff
7fff
7fff
7fff
7fff
7fff
7fff
7fff
7fff
7fff
7fff
7fff
7fff
7fff
7fff
7fff
7fff
7fff
7fff
7fff
7fff
7fff
7fff
7fff
7fff
7fff
7fff
7fff
7fff
7fff
7fff
7fff
7fff
7fff
7fff
7fff
7fff
7fff
7fff
7fff
7fff
7fff
7fff
7fff
7fff
7fff
7fff
7fff
7fff
7fff
7fff
7fff
7fff
7fff
7fff
7fff
7fff
7fff
7fff
7fff
7fff
7fff
7fff
7fff
7fff
7fff
7fff
7fff
7fff
7fff
7fff
7fff
7fff
7fff
7fff
7fff
7fff
7fff
7fff
7fff
7fff
7fff
7fff
7fff
7fff
7fff
7fff
7fff
7fff
7fff
7fff
7fff
7fff
7fff
7fff
7fff
7fff
7fff
7fff
7fff
7fff
7fff
7fff
7fff
7fff
7fff
7fff
7fff
7fff
7fff
7fff
7fff
7fff
7fff
7fff
7fff
7fff
7fff
7fff
7fff
7fff
7fff
7fff
7fff
7fff
7fff
7fff
7fff
7fff
7fff
7fff
7fff
7fff
7fff
7fff
7fff
7fff
7fff
7fff
7fff
7fff
7fff
7fff
7fff
7fff
7fff
7fff
7fff
7fff
7fff
7fff
7fff
7fff
7fff
7fff
7fff
7fff
7fff
7fff
7fff
7fff
7fff
7fff
7fff
7fff
7fff
7fff
7fff
7fff
7fff
7fff
7fff
7fff
7fff
7fff
7fff
7fff
7fff
7fff
7fff
7fff
7fff
7fff
7fff
7fff
7fff
7fff
7fff
7fff
7fff
7fff
7fff
7fff
7fff
7fff
7fff
7fff
7fff
7fff
7fff
7fff
7fff
7fff
7fff
7fff
7fff
7fff
7fff
7fff
7fff
7fff
7fff
7fff
7fff
7fff
7fff
7fff
7fff
7fff
7fff
7fff
7fff
7fff
7fff
7fff
7fff
7fff
7fff
7fff
7fff
7fff
7fff
7fff
7fff
7fff
7fff
7fff
7fff
7fff
7fff
7fff
7fff
7fff
7fff
7fff
7fff
7fff
7fff
7fff
7fff
7fff
7fff
7fff
7fff
7fff
7fff
7fff
7fff
7fff
7fff
7fff
7fff
7fff
7fff
7fff
7fff
7fff
7fff
7fff
7fff
7fff
7fff
7fff
7fff
7fff
7fff
7fff
7fff
7fff
7fff
7fff
7fff
7fff
7fff
7fff
7fff
7fff
7fff
7fff
7fff
7fff
7fff
7fff
7fff
7fff
7fff
7fff
7fff
7fff
7fff
7fff
7fff
7fff
7fff
7fff
7fff
7fff
7fff
7fff
7fff
7fff
7fff
7fff
7fff
7fff
7fff
7fff
7fff
7fff
7fff
7fff
7fff
7fff
7fff
7fff
7fff
7fff
7fff
7fff
7fff
7fff
7fff
7fff
7fff
7fff
7fff
7fff
7fff
7fff
7fff
7fff
7fff
7fff
7fff
7fff
7fff
7fff
7fff
7fff
7fff
7fff
7fff
7fff
7fff
7fff
7fff
7fff
7fff
7fff
7fff
7fff
7fff
7fff
7fff
7fff
7fff
7fff
7fff
7fff
7fff
7fff
7fff
7fff
7fff
7fff
7fff
7fff
7fff
7fff
7fff
7fff
7fff
7fff
7fff
7fff
7fff
7fff
7fff
7fff
7fff
7fff
7fff
7fff
7fff
7fff
7fff
7fff
7fff
7fff
7fff
7fff
7fff
7fff
7fff
7fff
7fff
7fff
7fff
7fff
7fff
7fff
7fff
7fff
7fff
7fff
7fff
7fff
7fff
7fff
7fff
7fff
7fff
7fff
7fff
7fff
7fff
7fff
7fff
7fff
7fff
7fff
7fff
7fff
7fff
7fff
7fff
7fff
7fff
7fff
7fff
7fff
7fff
7fff
7fff
7fff
7fff
7fff
7fff
7fff
7fff
7fff
7fff
7fff
7fff
7fff
7fff
7fff
7fff
7fff
7fff
7fff
7fff
7fff
7fff
7fff
7fff
7fff
7fff
7fff
7fff
7fff
7fff
7fff
7fff
7fff
7fff
7fff
7fff
7fff
7fff
7fff
7fff
7fff
7fff
7fff
7fff
7fff
7fff
7fff
7fff
7fff
7fff
7fff
7fff
7fff
7fff
7fff
7fff
7fff
7fff
7fff
7fff
7fff
7fff
7fff
7fff
7fff
7fff
7fff
7fff
7fff
7fff
7fff
7fff
7fff
7fff
7fff
7fff
7fff
7fff
7fff
7fff
7fff
7fff
7fff
7fff
7fff
7fff
7fff
7fff
7fff
7fff
7fff
7fff
7fff
7fff
7fff
7fff
7fff
7fff
7fff
7fff
7fff
7fff
7fff
7fff
7fff
7fff
7fff
7fff
7fff
7fff
7fff
7fff
7fff
7fff
7fff
7fff
7fff
7fff
7fff
7fff
7fff
7fff
7fff
7fff
7fff
7fff
7fff
7fff
7fff
7fff
7fff
7fff
7fff
7fff
7fff
7fff
7fff
7fff
7fff
7fff
7fff
7fff
7fff
7fff
7fff
7fff
7fff
7fff
7fff
7fff
7fff
7fff
7fff
7fff
7fff
7fff
7fff
7fff
7fff
7fff
7fff
7fff
7fff
7fff
7fff
7fff
7fff
7fff
7fff
7fff
7fff
7fff
7fff
7fff
7fff
7fff
7fff
7fff
7fff
7fff
7fff
7fff
7fff
7fff
7fff
7fff
7fff
7fff
7fff
7fff
7fff
7fff
7fff
7fff
7fff
7fff
7fff
7fff
7fff
7fff
7fff
7fff
7fff
7fff
7fff
7fff
7fff
7fff
7fff
7fff
7fff
7fff
7fff
7fff
7fff
7fff
7fff
7fff
7fff
7fff
7fff
7fff
7fff
7fff
7fff
7fff
7fff
7fff
7fff
7fff
7fff
7fff
7fff
7fff
7fff
7fff
7fff
7fff
7fff
7fff
7fff
7fff
7fff
7fff
7fff
7fff
7fff
7fff
7fff
7fff
7fff
7fff
7fff
7fff
7fff
7fff
7fff
7fff
7fff
7fff
7fff
7fff
7fff
7fff
7fff
7fff
7fff
7fff
7fff
7fff
7fff
7fff
7fff
7fff
7fff
7fff
7fff
7fff
7fff
7fff
7fff
7fff
7fff
7fff
7fff
7fff
7fff
7fff
7fff
7fff
7fff
7fff
7fff
7fff
7fff
7fff
7fff
7fff
7fff
7fff
7fff
7fff
7fff
7fff
7fff
7fff
7fff
7fff
7fff
7fff
7fff
7fff
7fff
7fff
7fff
7fff
7fff
7fff
7fff
7fff
7fff
7fff
7fff
7fff
7fff
7fff
7fff
7fff
7fff
7fff
7fff
7fff
7fff
7fff
7fff
7fff
7fff
7fff
7fff
7fff
7fff
7fff
7fff
7fff
7fff
7fff
7fff
7fff
7fff
7fff
7fff
7fff
7fff
7fff
7fff
7fff
7fff
7fff
7fff
7fff
7fff
7fff
7fff
7fff
7fff
7fff
7fff
7fff
7fff
7fff
7fff
7fff
7fff
7fff
7fff
7fff
7fff
7fff
7fff
7fff
7fff
7fff
7fff
7fff
7fff
7fff
7fff
7fff
7fff
7fff
7fff
7fff
7fff
7fff
7fff
7fff
7fff
7fff
7fff
7fff
7fff
7fff
7fff
7fff
7fff
7fff
7fff
7fff
7fff
7fff
7fff
7fff
7fff
7fff
7fff
7fff
7fff
7fff
7fff
7fff
7fff
7fff
7fff
7fff
7fff
7fff
7fff
7fff
7fff
7fff
7fff
7fff
7fff
7fff
7fff
7fff
7fff
7fff
7fff
7fff
7fff
7fff
7fff
7fff
7fff
7fff
7fff
7fff
7fff
7fff
7fff
7fff
7fff
7fff
7fff
7fff
7fff
7fff
7fff
7fff
7fff
7fff
7fff
7fff
7fff
7fff
7fff
7fff
7fff
7fff
7fff
7fff
7fff
7fff
7fff
7fff
7fff
7fff
7fff
7fff
7fff
7fff
7fff
7fff
7fff
7fff
7fff
7fff
7fff
7fff
7fff
7fff
7fff
7fff
7fff
7fff
7fff
7fff
7fff
7fff
7fff
7fff
7fff
7fff
7fff
7fff
7fff
7fff
7fff
7fff
7fff
7fff
7fff
7fff
7fff
7fff
7fff
7fff
7fff
7fff
7fff
7fff
7fff
7fff
7fff
7fff
7fff
7fff
7fff
7fff
7fff
7fff
7fff
7fff
7fff
7fff
7fff
7fff
7fff
7fff
7fff
7fff
7fff
7fff
7fff
7fff
7fff
7fff
7fff
7fff
7fff
7fff
7fff
7fff
7fff
7fff
7fff
7fff
7fff
7fff
7fff
7fff
7fff
7fff
7fff
7fff
7fff
7fff
7fff
7fff
7fff
7fff
7fff
7fff
7fff
7fff
7fff
7fff
7fff
7fff
7fff
7fff
7fff
7fff
7fff
7fff
7fff
7fff
7fff
7fff
7fff
7fff
7fff
7fff
7fff
7fff
7fff
7fff
7fff
7fff
7fff
7fff
7fff
7fff
7fff
7fff
7fff
7fff
7fff
7fff
7fff
7fff
7fff
7fff
7fff
7fff
7fff
7fff
7fff
7fff
7fff
7fff
7fff
7fff
7fff
7fff
7fff
7fff
7fff
7fff
7fff
7fff
7fff
7fff
7fff
7fff
7fff
7fff
7fff
7fff
7fff
7fff
7fff
7fff
7fff
7fff
7fff
7fff
7fff
7fff
7fff
7fff
7fff
7fff
7fff
7fff
7fff
7fff
7fff
7fff
7fff
7fff
7fff
7fff
7fff
7fff
7fff
7fff
7fff
7fff
7fff
7fff
7fff
7fff
7fff
7fff
7fff
7fff
7fff
7fff
7fff
7fff
7fff
7fff
7fff
7fff
7fff
7fff
7fff
7fff
7fff
7fff
7fff
7fff
7fff
7fff
7fff
7fff
7fff
7fff
7fff
7fff
7fff
7fff
7fff
7fff
7fff
7fff
7fff
7fff
7fff
7fff
7fff
7fff
7fff
7fff
7fff
7fff
7fff
7fff
7fff
7fff
7fff
7fff
7fff
7fff
7fff
7fff
7fff
7fff
7fff
7fff
7fff
7fff
7fff
7fff
7fff
7fff
7fff
7fff
7fff
7fff
7fff
7fff
7fff
7fff
7fff
7fff
7fff
7fff
7fff
7fff
7fff
7fff
7fff
7fff
7fff
7fff
7fff
7fff
7fff
7fff
7fff
7fff
7fff
7fff
7fff
7fff
7fff
7fff
7fff
7fff
7fff
7fff
7fff
7fff
7fff
7fff
7fff
7fff
7fff
7fff
7fff
7fff
7fff
7fff
7fff
7fff
7fff
7fff
7fff
7fff
7fff
7fff
7fff
7fff
7fff
7fff
7fff
7fff
7fff
7fff
7fff
7fff
7fff
7fff
7fff
7fff
7fff
7fff
7fff
7fff
7fff
7fff
7fff
7fff
7fff
7fff
7fff
7fff
7fff
7fff
7fff
7fff
7fff
7fff
7fff
7fff
7fff
7fff
7fff
7fff
7fff
7fff
7fff
7fff
7fff
7fff
7fff
7fff
7fff
7fff
7fff
7fff
7fff
7fff
7fff
7fff
7fff
7fff
7fff
7fff
7fff
7fff
7fff
7fff
7fff
7fff
7fff
7fff
7fff
7fff
7fff
7fff
7fff
7fff
7fff
7fff
7fff
7fff
7fff
7fff
7fff
7fff
7fff
7fff
7fff
7fff
7fff
7fff
7fff
7fff
7fff
7fff
7fff
7fff
7fff
7fff
7fff
7fff
7fff
7fff
7fff
7fff
7fff
7fff
7fff
7fff
7fff
7fff
7fff
7fff
7fff
7fff
7fff
7fff
7fff
7fff
7fff
7fff
7fff
7fff
7fff
7fff
7fff
7fff
7fff
7fff
7fff
7fff
7fff
7fff
7fff
7fff
7fff
7fff
7fff
7fff
7fff
7fff
7fff
7fff
7fff
7fff
7fff
7fff
7fff
7fff
7fff
7fff
7fff
7fff
7fff
7fff
7fff
7fff
7fff
7fff
7fff
7fff
7fff
7fff
7fff
7fff
7fff
7fff
7fff
7fff
7fff
7fff
7fff
7fff
7fff
7fff
7fff
7fff
7fff
7fff
7fff
7fff
7fff
7fff
7fff
7fff
7fff
7fff
7fff
7fff
7fff
7fff
7fff
7fff
7fff
7fff
7fff
7fff
7fff
7fff
7fff
7fff
7fff
7fff
7fff
7fff
7fff
7fff
7fff
7fff
7fff
7fff
7fff
7fff
7fff
7fff
7fff
7fff
7fff
7fff
7fff
7fff
7fff
7fff
7fff
7fff
7fff
7fff
7fff
7fff
7fff
7fff
7fff
7fff
7fff
7fff
7fff
7fff
7fff
7fff
7fff
7fff
7fff
7fff
7fff
7fff
7fff
7fff
7fff
7fff
7fff
7fff
7fff
7fff
7fff
7fff
7fff
7fff
7fff
7fff
7fff
7fff
7fff
7fff
7fff
7fff
7fff
7fff
7fff
7fff
7fff
7fff
7fff
7fff
7fff
7fff
7fff
7fff
7fff
7fff
7fff
7fff
7fff
7fff
7fff
7fff
7fff
7fff
7fff
7fff
7fff
7fff
7fff
7fff
7fff
7fff
7fff
7fff
7fff
7fff
7fff
7fff
7fff
7fff
7fff
7fff
7fff
7fff
7fff
7fff
7fff
7fff
7fff
7fff
7fff
7fff
7fff
7fff
7fff
7fff
7fff
7fff
7fff
7fff
7fff
7fff
7fff
7fff
7fff
7fff
7fff
7fff
7fff
7fff
7fff
7fff
7fff
7fff
7fff
7fff
7fff
7fff
7fff
7fff
7fff
7fff
7fff
7fff
7fff
7fff
7fff
7fff
7fff
7fff
7fff
7fff
7fff
7fff
7fff
7fff
7fff
7fff
7fff
7fff
7fff
7fff
7fff
7fff
7fff
7fff
7fff
7fff
7fff
7fff
7fff
7fff
7fff
7fff
7fff
7fff
7fff
7fff
7fff
7fff
7fff
7fff
7fff
7fff
7fff
7fff
7fff
7fff
7fff
7fff
7fff
7fff
7fff
7fff
7fff
7fff
7fff
7fff
7fff
7fff
7fff
7fff
7fff
7fff
7fff
7fff
7fff
7fff
7fff
7fff
7fff
7fff
7fff
7fff
7fff
7fff
7fff
7fff
7fff
7fff
7fff
7fff
7fff
7fff
7fff
7fff
7fff
7fff
7fff
7fff
7fff
7fff
7fff
7fff
7fff
7fff
7fff
7fff
7fff
7fff
7fff
7fff
7fff
7fff
7fff
7fff
7fff
7fff
7fff
7fff
7fff
7fff
7fff
7fff
7fff
7fff
7fff
7fff
7fff
7fff
7fff
7fff
7fff
7fff
7fff
7fff
7fff
7fff
7fff
7fff
7fff
7fff
7fff
7fff
7fff
7fff
7fff
7fff
7fff
7fff
7fff
7fff
7fff
7fff
7fff
7fff
7fff
7fff
7fff
7fff
7fff
7fff
7fff
7fff
7fff
7fff
7fff
7fff
7fff
7fff
7fff
7fff
7fff
7fff
7fff
7fff
7fff
7fff
7fff
7fff
7fff
7fff
7fff
7fff
7fff
7fff
7fff
7fff
7fff
7fff
7fff
7fff
7fff
7fff
7fff
7fff
7fff
7fff
7fff
7fff
7fff
7fff
7fff
7fff
7fff
7fff
7fff
7fff
7fff
7fff
7fff
7fff
7fff
7fff
7fff
7fff
7fff
7fff
7fff
7fff
7fff
7fff
7fff
7fff
7fff
7fff
7fff
7fff
7fff
7fff
7fff
7fff
7fff
7fff
7fff
7fff
7fff
7fff
7fff
7fff
7fff
7fff
7fff
7fff
7fff
7fff
7fff
7fff
7fff
7fff
7fff
7fff
7fff
7fff
7fff
7fff
7fff
7fff
7fff
7fff
7fff
7fff
7fff
7fff
7fff
7fff
7fff
7fff
7fff
7fff
7fff
7fff
7fff
7fff
7fff
7fff
7fff
7fff
7fff
7fff
7fff
7fff
7fff
7fff
7fff
7fff
7fff
7fff
7fff
7fff
7fff
7fff
7fff
7fff
7fff
7fff
7fff
7fff
7fff
7fff
7fff
7fff
7fff
7fff
7fff
7fff
7fff
7fff
7fff
7fff
7fff
7fff
7fff
7fff
7fff
7fff
7fff
7fff
7fff
7fff
7fff
7fff
7fff
7fff
7fff
7fff
7fff
7fff
7fff
7fff
7fff
7fff
7fff
7fff
7fff
7fff
7fff
7fff
7fff
7fff
7fff
7fff
7fff
7fff
7fff
7fff
7fff
7fff
7fff
7fff
7fff
7fff
7fff
7fff
7fff
7fff
7fff
7fff
7fff
7fff
7fff
7fff
7fff
7fff
7fff
7fff
7fff
7fff
7fff
7fff
7fff
7fff
7fff
7fff
7fff
7fff
7fff
7fff
7fff
7fff
7fff
7fff
7fff
7fff
7fff
7fff
7fff
7fff
7fff
7fff
7fff
7fff
7fff
7fff
7fff
7fff
7fff
7fff
7fff
7fff
7fff
7fff
7fff
7fff
7fff
7fff
7fff
7fff
7fff
7fff
7fff
7fff
7fff
7fff
7fff
7fff
7fff
7fff
7fff
7fff
7fff
7fff
7fff
7fff
7fff
7fff
7fff
7fff
7fff
7fff
7fff
7fff
7fff
7fff
7fff
7fff
7fff
7fff
7fff
7fff
7fff
7fff
7fff
7fff
7fff
7fff
7fff
7fff
7fff
7fff
7fff
7fff
7fff
7fff
7fff
7fff
7fff
7fff
7fff
7fff
7fff
7fff
7fff
7fff
7fff
7fff
7fff
7fff
7fff
7fff
7fff
7fff
7fff
7fff
7fff
7fff
7fff
7fff
7fff
7fff
7fff
7fff
7fff
7fff
7fff
7fff
7fff
7fff
7fff
7fff
7fff
7fff
7fff
7fff
7fff
7fff
7fff
7fff
7fff
7fff
7fff
7fff
7fff
7fff
7fff
7fff
7fff
7fff
7fff
7fff
7fff
7fff
7fff
7fff
7fff
7fff
7fff
7fff
7fff
7fff
7fff
7fff
7fff
7fff
7fff
7fff
7fff
7fff
7fff
7fff
7fff
7fff
7fff
7fff
7fff
7fff
7fff
7fff
7fff
7fff
7fff
7fff
7fff
7fff
7fff
7fff
7fff
7fff
7fff
7fff
7fff
7fff
7fff
7fff
7fff
7fff
7fff
7fff
7fff
7fff
7fff
7fff
7fff
7fff
7fff
7fff
7fff
7fff
7fff
7fff
7fff
7fff
7fff
7fff
7fff
7fff
7fff
7fff
7fff
7fff
7fff
7fff
7fff
7fff
7fff
7fff
7fff
7fff
7fff
7fff
7fff
7fff
7fff
7fff
7fff
7fff
7fff
7fff
7fff
7fff
7fff
7fff
7fff
7fff
7fff
7fff
7fff
7fff
7fff
7fff
7fff
7fff
7fff
7fff
7fff
7fff
7fff
7fff
7fff
7fff
7fff
7fff
7fff
7fff
7fff
7fff
7fff
7fff
7fff
7fff
7fff
7fff
7fff
7fff
7fff
7fff
7fff
7fff
7fff
7fff
7fff
7fff
7fff
7fff
7fff
7fff
7fff
7fff
7fff
7fff
7fff
7fff
7fff
7fff
7fff
7fff
7fff
7fff
7fff
7fff
7fff
7fff
7fff
7fff
7fff
7fff
7fff
7fff
7fff
7fff
7fff
7fff
7fff
7fff
7fff
7fff
7fff
7fff
7fff
7fff
7fff
7fff
7fff
7fff
7fff
7fff
7fff
7fff
7fff
7fff
7fff
7fff
7fff
7fff
7fff
7fff
7fff
7fff
7fff
7fff
7fff
7fff
7fff
7fff
7fff
7fff
7fff
7fff
7fff
7fff
7fff
7fff
7fff
7fff
7fff
7fff
7fff
7fff
7fff
7fff
7fff
7fff
7fff
7fff
7fff
7fff
7fff
7fff
7fff
7fff
7fff
7fff
7fff
7fff
7fff
7fff
7fff
7fff
7fff
7fff
7fff
7fff
7fff
7fff
7fff
7fff
7fff
7fff
7fff
7fff
7fff
7fff
7fff
7fff
7fff
7fff
7fff
7fff
7fff
7fff
7fff
7fff
7fff
7fff
7fff
7fff
7fff
7fff
7fff
7fff
7fff
7fff
7fff
7fff
7fff
7fff
7fff
7fff
7fff
7fff
7fff
7fff
7fff
7fff
7fff
7fff
7fff
7fff
7fff
7fff
7fff
7fff
7fff
7fff
7fff
7fff
7fff
7fff
7fff
7fff
7fff
7fff
7fff
7fff
7fff
7fff
7fff
7fff
7fff
7fff
7fff
7fff
7fff
7fff
7fff
7fff
7fff
7fff
7fff
7fff
7fff
7fff
7fff
7fff
7fff
7fff
7fff
7fff
7fff
7fff
7fff
7fff
7fff
7fff
7fff
7fff
7fff
7fff
7fff
7fff
7fff
7fff
7fff
7fff
7fff
7fff
7fff
7fff
7fff
7fff
7fff
7fff
7fff
7fff
7fff
7fff
7fff
7fff
7fff
7fff
7fff
7fff
7fff
7fff
7fff
7fff
7fff
7fff
7fff
7fff
7fff
7fff
7fff
7fff
7fff
7fff
7fff
7fff
7fff
7fff
7fff
7fff
7fff
7fff
7fff
7fff
7fff
7fff
7fff
7fff
7fff
7fff
7fff
7fff
7fff
7fff
7fff
7fff
7fff
7fff
7fff
7fff
7fff
7fff
7fff
7fff
7fff
7fff
7fff
7fff
7fff
7fff
7fff
7fff
7fff
7fff
7fff
7fff
7fff
7fff
7fff
7fff
7fff
7fff
7fff
7fff
7fff
7fff
7fff
7fff
7fff
7fff
7fff
7fff
7fff
7fff
7fff
7fff
7fff
7fff
7fff
7fff
7fff
7fff
7fff
7fff
7fff
7fff
7fff
7fff
7fff
7fff
7fff
7fff
7fff
7fff
7fff
7fff
7fff
7fff
7fff
7fff
7fff
7fff
7fff
7fff
7fff
7fff
7fff
7fff
7fff
7fff
7fff
7fff
7fff
7fff
7fff
7fff
7fff
7fff
7fff
7fff
7fff
7fff
7fff
7fff
7fff
7fff
7fff
7fff
7fff
7fff
7fff
7fff
7fff
7fff
7fff
7fff
7fff
7fff
7fff
7fff
7fff
7fff
7fff
7fff
7fff
7fff
7fff
7fff
7fff
7fff
7fff
7fff
7fff
7fff
7fff
7fff
7fff
7fff
7fff
7fff
7fff
7fff
7fff
7fff
7fff
7fff
7fff
7fff
7fff
7fff
7fff
7fff
7fff
7fff
7fff
7fff
7fff
7fff
7fff
7fff
7fff
7fff
7fff
7fff
7fff
7fff
7fff
7fff
7fff
7fff
7fff
7fff
7fff
7fff
7fff
7fff
7fff
7fff
7fff
7fff
7fff
7fff
7fff
7fff
7fff
7fff
7fff
7fff
7fff
7fff
7fff
7fff
7fff
7fff
7fff
7fff
7fff
7fff
7fff
7fff
7fff
7fff
7fff
7fff
7fff
7fff
7fff
7fff
7fff
7fff
7fff
7fff
7fff
7fff
7fff
7fff
7fff
7fff
7fff
7fff
7fff
7fff
7fff
7fff
7fff
7fff
7fff
7fff
7fff
7fff
7fff
7fff
7fff
7fff
7fff
7fff
7fff
7fff
7fff
7fff
7fff
7fff
7fff
7fff
7fff
7fff
7fff
7fff
7fff
7fff
7fff
7fff
7fff
7fff
7fff
7fff
7fff
7fff
7fff
7fff
7fff
7fff
7fff
7fff
7fff
7fff
7fff
7fff
7fff
7fff
7fff
7fff
7fff
7fff
7fff
7fff
7fff
7fff
7fff
7fff
7fff
7fff
7fff
7fff
7fff
7fff
7fff
7fff
7fff
7fff
7fff
7fff
7fff
7fff
7fff
7fff
7fff
7fff
7fff
7fff
7fff
7fff
7fff
7fff
7fff
7fff
7fff
7fff
7fff
7fff
7fff
7fff
7fff
7fff
7fff
7fff
7fff
7fff
7fff
7fff
7fff
7fff
7fff
7fff
7fff
7fff
7fff
7fff
7fff
7fff
7fff
7fff
7fff
7fff
7fff
7fff
7fff
7fff
7fff
7fff
7fff
7fff
7fff
7fff
7fff
7fff
7fff
7fff
7fff
7fff
7fff
7fff
7fff
7fff
7fff
7fff
7fff
7fff
7fff
7fff
7fff
7fff
7fff
7fff
7fff
7fff
7fff
7fff
7fff
7fff
7fff
7fff
7fff
7fff
7fff
7fff
7fff
7fff
7fff
7fff
7fff
7fff
7fff
7fff
7fff
7fff
7fff
7fff
7fff
7fff
7fff
7fff
7fff
7fff
7fff
7fff
7fff
7fff
7fff
7fff
7fff
7fff
7fff
7fff
7fff
7fff
7fff
7fff
7fff
7fff
7fff
7fff
7fff
7fff
7fff
7fff
7fff
7fff
7fff
7fff
7fff
7fff
7fff
7fff
7fff
7fff
7fff
7fff
7fff
7fff
7fff
7fff
7fff
7fff
7fff
7fff
7fff
7fff
7fff
7fff
7fff
7fff
7fff
7fff
7fff
7fff
7fff
7fff
7fff
7fff
7fff
7fff
7fff
7fff
7fff
7fff
7fff
7fff
7fff
7fff
7fff
7fff
7fff
7fff
7fff
7fff
7fff
7fff
7fff
7fff
7fff
7fff
7fff
7fff
7fff
7fff
7fff
7fff
7fff
7fff
7fff
7fff
7fff
7fff
7fff
7fff
7fff
7fff
7fff
7fff
7fff
7fff
7fff
7fff
7fff
7fff
7fff
7fff
7fff
7fff
7fff
7fff
7fff
7fff
7fff
7fff
7fff
7fff
7fff
7fff
7fff
7fff
7fff
7fff
7fff
7fff
7fff
7fff
7fff
7fff
7fff
7fff
7fff
7fff
7fff
7fff
7fff
7fff
7fff
7fff
7fff
7fff
7fff
7fff
7fff
7fff
7fff
7fff
7fff
7fff
7fff
7fff
7fff
7fff
7fff
7fff
7fff
7fff
7fff
7fff
7fff
7fff
7fff
7fff
7fff
7fff
7fff
7fff
7fff
7fff
7fff
7fff
7fff
7fff
7fff
7fff
7fff
7fff
7fff
7fff
7fff
7fff
7fff
7fff
7fff
7fff
7fff
7fff
7fff
7fff
7fff
7fff
7fff
7fff
7fff
7fff
7fff
7fff
7fff
7fff
7fff
7fff
7fff
7fff
7fff
7fff
7fff
7fff
7fff
7fff
7fff
7fff
7fff
7fff
7fff
7fff
7fff
7fff
7fff
7fff
7fff
7fff
7fff
7fff
7fff
7fff
7fff
7fff
7fff
7fff
7fff
7fff
7fff
7fff
7fff
7fff
7fff
7fff
7fff
7fff
7fff
7fff
7fff
7fff
7fff
7fff
7fff
7fff
7fff
7fff
7fff
7fff
7fff
7fff
7fff
7fff
7fff
7fff
7fff
7fff
7fff
7fff
7fff
7fff
7fff
7fff
7fff
7fff
7fff
7fff
7fff
7fff
7fff
7fff
7fff
7fff
7fff
7fff
7fff
7fff
7fff
7fff
7fff
7fff
7fff
7fff
7fff
7fff
7fff
7fff
7fff
7fff
7fff
7fff
7fff
7fff
7fff
7fff
7fff
7fff
7fff
7fff
7fff
7fff
7fff
7fff
7fff
7fff
7fff
7fff
7fff
7fff
7fff
7fff
7fff
7fff
7fff
7fff
7fff
7fff
7fff
7fff
7fff
7fff
7fff
7fff
7fff
7fff
7fff
7fff
7fff
7fff
7fff
7fff
7fff
7fff
7fff
7fff
7fff
7fff
7fff
7fff
7fff
7fff
7fff
7fff
7fff
7fff
7fff
7fff
7fff
7fff
7fff
7fff
7fff
7fff
7fff
7fff
7fff
7fff
7fff
7fff
7fff
7fff
7fff
7fff
7fff
7fff
7fff
7fff
7fff
7fff
7fff
7fff
7fff
7fff
7fff
7fff
7fff
7fff
7fff
7fff
7fff
7fff
7fff
7fff
7fff
7fff
7fff
7fff
7fff
7fff
7fff
7fff
7fff
7fff
7fff
7fff
7fff
7fff
7fff
7fff
7fff
7fff
7fff
7fff
7fff
7fff
7fff
7fff
7fff
7fff
7fff
7fff
7fff
7fff
7fff
7fff
7fff
7fff
7fff
7fff
7fff
7fff
7fff
7fff
7fff
7fff
7fff
7fff
7fff
7fff
7fff
7fff
7fff
7fff
7fff
7fff
7fff
7fff
7fff
7fff
7fff
7fff
7fff
7fff
7fff
7fff
7fff
7fff
7fff
7fff
7fff
7fff
7fff
7fff
7fff
7fff
7fff
7fff
7fff
7fff
7fff
7fff
7fff
7fff
7fff
7fff
7fff
7fff
7fff
7fff
7fff
7fff
7fff
7fff
7fff
7fff
7fff
7fff
7fff
7fff
7fff
7fff
7fff
7fff
7fff
7fff
7fff
7fff
7fff
7fff
7fff
7fff
7fff
7fff
7fff
7fff
7fff
7fff
7fff
7fff
7fff
7fff
7fff
7fff
7fff
7fff
7fff
7fff
7fff
7fff
7fff
7fff
7fff
7fff
7fff
7fff
7fff
7fff
7fff
7fff
7fff
7fff
7fff
7fff
7fff
7fff
7fff
7fff
7fff
7fff
7fff
7fff
7fff
7fff
7fff
7fff
7fff
7fff
7fff
7fff
7fff
7fff
7fff
7fff
7fff
7fff
7fff
7fff
7fff
7fff
7fff
7fff
7fff
7fff
7fff
7fff
7fff
7fff
7fff
7fff
7fff
7fff
7fff
7fff
7fff
7fff
7fff
7fff
7fff
7fff
7fff
7fff
7fff
7fff
7fff
7fff
7fff
7fff
7fff
7fff
7fff
7fff
7fff
7fff
7fff
7fff
7fff
7fff
7fff
7fff
7fff
7fff
7fff
7fff
7fff
7fff
7fff
7fff
7fff
7fff
7fff
7fff
7fff
7fff
7fff
7fff
7fff
7fff
7fff
7fff
7fff
7fff
7fff
7fff
7fff
7fff
7fff
7fff
7fff
7fff
7fff
7fff
7fff
7fff
7fff
7fff
7fff
7fff
7fff
7fff
7fff
7fff
7fff
7fff
7fff
7fff
7fff
7fff
7fff
7fff
7fff
7fff
7fff
7fff
7fff
7fff
7fff
7fff
7fff
7fff
7fff
7fff
7fff
7fff
7fff
7fff
7fff
7fff
7fff
7fff
7fff
7fff
7fff
7fff
7fff
7fff
7fff
7fff
7fff
7fff
7fff
7fff
7fff
7fff
7fff
7fff
7fff
7fff
7fff
7fff
7fff
7fff
7fff
7fff
7fff
7fff
7fff
7fff
7fff
7fff
7fff
7fff
7fff
7fff
7fff
7fff
7fff
7fff
7fff
7fff
7fff
7fff
7fff
7fff
7fff
7fff
7fff
7fff
7fff
7fff
7fff
7fff
7fff
7fff
7fff
7fff
7fff
7fff
7fff
7fff
7fff
7fff
7fff
7fff
7fff
7fff
7fff
7fff
7fff
7fff
7fff
7fff
7fff
7fff
7fff
7fff
7fff
7fff
7fff
7fff
7fff
7fff
7fff
7fff
7fff
7fff
7fff
7fff
7fff
7fff
7fff
7fff
7fff
7fff
7fff
7fff
7fff
7fff
7fff
7fff
7fff
7fff
7fff
7fff
7fff
7fff
7fff
7fff
7fff
7fff
7fff
7fff
7fff
7fff
7fff
7fff
7fff
7fff
7fff
7fff
7fff
7fff
7fff
7fff
7fff
7fff
7fff
7fff
7fff
7fff
7fff
7fff
7fff
7fff
7fff
7fff
7fff
7fff
7fff
7fff
7fff
7fff
7fff
7fff
7fff
7fff
7fff
7fff
7fff
7fff
7fff
7fff
7fff
7fff
7fff
7fff
7fff
7fff
7fff
7fff
7fff
7fff
7fff
7fff
7fff
7fff
7fff
7fff
7fff
7fff
7fff
7fff
7fff
7fff
7fff
7fff
7fff
7fff
7fff
7fff
7fff
7fff
7fff
7fff
7fff
7fff
7fff
7fff
7fff
7fff
7fff
7fff
7fff
7fff
7fff
7fff
7fff
7fff
7fff
7fff
7fff
7fff
7fff
7fff
7fff
7fff
7fff
7fff
7fff
7fff
7fff
7fff
7fff
7fff
7fff
7fff
7fff
7fff
7fff
7fff
7fff
7fff
7fff
7fff
7fff
7fff
7fff
7fff
7fff
7fff
7fff
7fff
7fff
7fff
7fff
7fff
7fff
7fff
7fff
7fff
7fff
7fff
7fff
7fff
7fff
7fff
7fff
7fff
7fff
7fff
7fff
7fff
7fff
7fff
7fff
7fff
7fff
7fff
7fff
7fff
7fff
7fff
7fff
7fff
7fff
7fff
7fff
7fff
7fff
7fff
7fff
7fff
7fff
7fff
7fff
7fff
7fff
7fff
7fff
7fff
7fff
7fff
7fff
7fff
7fff
7fff
7fff
7fff
7fff
7fff
7fff
7fff
7fff
7fff
7fff
7fff
7fff
7fff
7fff
7fff
7fff
7fff
7fff
7fff
7fff
7fff
7fff
7fff
7fff
7fff
7fff
7fff
7fff
7fff
7fff
7fff
7fff
7fff
7fff
7fff
7fff
7fff
7fff
7fff
7fff
7fff
7fff
7fff
7fff
7fff
7fff
7fff
7fff
7fff
7fff
7fff
7fff
7fff
7fff
7fff
7fff
7fff
7fff
7fff
7fff
7fff
7fff
7fff
7fff
7fff
7fff
7fff
7fff
7fff
7fff
7fff
7fff
7fff
7fff
7fff
7fff
7fff
7fff
7fff
7fff
7fff
7fff
7fff
7fff
7fff
7fff
7fff
7fff
7fff
7fff
7fff
7fff
7fff
7fff
7fff
7fff
7fff
7fff
7fff
7fff
7fff
7fff
7fff
7fff
7fff
7fff
7fff
7fff
7fff
7fff
7fff
7fff
7fff
7fff
7fff
7fff
7fff
7fff
7fff
7fff
7fff
7fff
7fff
7fff
7fff
7fff
7fff
7fff
7fff
7fff
7fff
7fff
7fff
7fff
7fff
7fff
7fff
7fff
7fff
7fff
7fff
7fff
7fff
7fff
7fff
7fff
7fff
7fff
7fff
7fff
7fff
7fff
7fff
7fff
7fff
7fff
7fff
7fff
7fff
7fff
7fff
7fff
7fff
7fff
7fff
7fff
7fff
7fff
7fff
7fff
7fff
7fff
7fff
7fff
7fff
7fff
7fff
7fff
7fff
7fff
7fff
7fff
7fff
7fff
7fff
7fff
7fff
7fff
7fff
7fff
7fff
7fff
7fff
7fff
7fff
7fff
7fff
7fff
7fff
7fff
7fff
7fff
7fff
7fff
7fff
7fff
7fff
7fff
7fff
7fff
7fff
7fff
7fff
7fff
7fff
7fff
7fff
7fff
7fff
7fff
7fff
7fff
7fff
7fff
7fff
7fff
7fff
7fff
7fff
7fff
7fff
7fff
7fff
7fff
7fff
7fff
7fff
7fff
7fff
7fff
7fff
7fff
7fff
7fff
7fff
7fff
7fff
7fff
7fff
7fff
7fff
7fff
7fff
7fff
7fff
7fff
7fff
7fff
7fff
7fff
7fff
7fff
7fff
7fff
7fff
7fff
7fff
7fff
7fff
7fff
7fff
7fff
7fff
7fff
7fff
7fff
7fff
7fff
7fff
7fff
7fff
7fff
7fff
7fff
7fff
7fff
7fff
7fff
7fff
7fff
7fff
7fff
7fff
7fff
7fff
7fff
7fff
7fff
7fff
7fff
7fff
7fff
7fff
7fff
7fff
7fff
7fff
7fff
7fff
7fff
7fff
7fff
7fff
7fff
7fff
7fff
7fff
7fff
7fff
7fff
7fff
7fff
7fff
7fff
7fff
7fff
7fff
7fff
7fff
7fff
7fff
7fff
7fff
7fff
7fff
7fff
7fff
7fff
7fff
7fff
7fff
7fff
7fff
7fff
7fff
7fff
7fff
7fff
7fff
7fff
7fff
7fff
7fff
7fff
7fff
7fff
7fff
7fff
7fff
7fff
7fff
7fff
7fff
7fff
7fff
7fff
7fff
7fff
7fff
7fff
7fff
7fff
7fff
7fff
7fff
7fff
7fff
7fff
7fff
7fff
7fff
7fff
7fff
7fff
7fff
7fff
7fff
7fff
7fff
7fff
7fff
7fff
7fff
7fff
7fff
7fff
7fff
7fff
7fff
7fff
7fff
7fff
7fff
7fff
7fff
7fff
7fff
7fff
7fff
7fff
7fff
7fff
7fff
7fff
7fff
7fff
7fff
7fff
7fff
7fff
7fff
7fff
7fff
7fff
7fff
7fff
7fff
7fff
7fff
7fff
7fff
7fff
7fff
7fff
7fff
7fff
7fff
7fff
7fff
7fff
7fff
7fff
7fff
7fff
7fff
7fff
7fff
7fff
7fff
7fff
7fff
7fff
7fff
7fff
7fff
7fff
7fff
7fff
7fff
7fff
7fff
7fff
7fff
7fff
7fff
7fff
7fff
7fff
7fff
7fff
7fff
7fff
7fff
7fff
7fff
7fff
7fff
7fff
7fff
7fff
7fff
7fff
7fff
7fff
7fff
7fff
7fff
7fff
7fff
7fff
7fff
7fff
7fff
7fff
7fff
7fff
7fff
7fff
7fff
7fff
7fff
7fff
7fff
7fff
7fff
7fff
7fff
7fff
7fff
7fff
7fff
7fff
7fff
7fff
7fff
7fff
7fff
7fff
7fff
7fff
7fff
7fff
7fff
7fff
7fff
7fff
7fff
7fff
7fff
7fff
7fff
7fff
7fff
7fff
7fff
7fff
7fff
7fff
7fff
7fff
7fff
7fff
7fff
7fff
7fff
7fff
7fff
7fff
7fff
7fff
7fff
7fff
7fff
7fff
7fff
7fff
7fff
7fff
7fff
7fff
7fff
7fff
7fff
7fff
7fff
7fff
7fff
7fff
7fff
7fff
7fff
7fff
7fff
7fff
7fff
7fff
7fff
7fff
7fff
7fff
7fff
7fff
7fff
7fff
7fff
7fff
7fff
7fff
7fff
7fff
7fff
7fff
7fff
7fff
7fff
7fff
7fff
7fff
7fff
7fff
7fff
7fff
7fff
7fff
7fff
7fff
7fff
7fff
7fff
7fff
7fff
7fff
7fff
7fff
7fff
7fff
7fff
7fff
7fff
7fff
7fff
7fff
7fff
7fff
7fff
7fff
7fff
7fff
7fff
7fff
7fff
7fff
7fff
7fff
7fff
7fff
7fff
7fff
7fff
7fff
7fff
7fff
7fff
7fff
7fff
7fff
7fff
7fff
7fff
7fff
7fff
7fff
7fff
7fff
7fff
7fff
7fff
7fff
7fff
7fff
7fff
7fff
7fff
7fff
7fff
7fff
7fff
7fff
7fff
7fff
7fff
7fff
7fff
7fff
7fff
7fff
7fff
7fff
7fff
7fff
7fff
7fff
7fff
7fff
7fff
7fff
7fff
7fff
7fff
7fff
7fff
7fff
7fff
7fff
7fff
7fff
7fff
7fff
7fff
7fff
7fff
7fff
7fff
7fff
7fff
7fff
7fff
7fff
7fff
7fff
7fff
7fff
7fff
7fff
7fff
7fff
7fff
7fff
7fff
7fff
7fff
7fff
7fff
7fff
7fff
7fff
7fff
7fff
7fff
7fff
7fff
7fff
7fff
7fff
7fff
7fff
7fff
7fff
7fff
7fff
7fff
7fff
7fff
7fff
7fff
7fff
7fff
7fff
7fff
7fff
7fff
7fff
7fff
7fff
7fff
7fff
7fff
7fff
7fff
7fff
7fff
7fff
7fff
7fff
7fff
7fff
7fff
7fff
7fff
7fff
7fff
7fff
7fff
7fff
7fff
7fff
7fff
7fff
7fff
7fff
7fff
7fff
7fff
7fff
7fff
7fff
7fff
7fff
7fff
7fff
7fff
7fff
7fff
7fff
7fff
7fff
7fff
7fff
7fff
7fff
7fff
7fff
7fff
7fff
7fff
7fff
7fff
7fff
7fff
7fff
7fff
7fff
7fff
7fff
7fff
7fff
7fff
7fff
7fff
7fff
7fff
7fff
7fff
7fff
7fff
7fff
7fff
7fff
7fff
7fff
7fff
7fff
7fff
7fff
7fff
7fff
7fff
7fff
7fff
7fff
7fff
7fff
7fff
7fff
7fff
7fff
7fff
7fff
7fff
7fff
7fff
7fff
7fff
7fff
7fff
7fff
7fff
7fff
7fff
7fff
7fff
7fff
7fff
7fff
7fff
7fff
7fff
7fff
7fff
7fff
7fff
7fff
7fff
7fff
7fff
7fff
7fff
7fff
7fff
7fff
7fff
7fff
7fff
7fff
7fff
7fff
7fff
7fff
7fff
7fff
7fff
7fff
7fff
7fff
7fff
7fff
7fff
7fff
7fff
7fff
7fff
7fff
7fff
7fff
7fff
7fff
7fff
7fff
7fff
7fff
7fff
7fff
7fff
7fff
7fff
7fff
7fff
7fff
7fff
7fff
7fff
7fff
7fff
7fff
7fff
7fff
7fff
7fff
7fff
7fff
7fff
7fff
7fff
7fff
7fff
7fff
7fff
7fff
7fff
7fff
7fff
7fff
7fff
7fff
7fff
7fff
7fff
7fff
7fff
7fff
7fff
7fff
7fff
7fff
7fff
7fff
7fff
7fff
7fff
7fff
7fff
7fff
7fff
7fff
7fff
7fff
7fff
7fff
7fff
7fff
7fff
7fff
7fff
7fff
7fff
7fff
7fff
7fff
7fff
7fff
7fff
7fff
7fff
7fff
7fff
7fff
7fff
7fff
7fff
7fff
7fff
7fff
7fff
7fff
7fff
7fff
7fff
7fff
7fff
7fff
7fff
7fff
7fff
7fff
7fff
7fff
7fff
7fff
7fff
7fff
7fff
7fff
7fff
7fff
7fff
7fff
7fff
7fff
7fff
7fff
7fff
7fff
7fff
7fff
7fff
7fff
7fff
7fff
7fff
7fff
7fff
7fff
7fff
7fff
7fff
7fff
7fff
7fff
7fff
7fff
7fff
7fff
7fff
7fff
7fff
7fff
7fff
7fff
7fff
7fff
7fff
7fff
7fff
7fff
7fff
7fff
7fff
7fff
7fff
7fff
7fff
7fff
7fff
7fff
7fff
7fff
7fff
7fff
7fff
7fff
7fff
7fff
7fff
7fff
7fff
7fff
7fff
7fff
7fff
7fff
7fff
7fff
7fff
7fff
7fff
7fff
7fff
7fff
7fff
7fff
7fff
7fff
7fff
7fff
7fff
7fff
7fff
7fff
7fff
7fff
7fff
7fff
7fff
7fff
7fff
7fff
7fff
7fff
7fff
7fff
7fff
7fff
7fff
7fff
7fff
7fff
7fff
7fff
7fff
7fff
7fff
7fff
7fff
7fff
7fff
7fff
7fff
7fff
7fff
7fff
7fff
7fff
7fff
7fff
7fff
7fff
7fff
7fff
7fff
7fff
7fff
7fff
7fff
7fff
7fff
7fff
7fff
7fff
7fff
7fff
7fff
7fff
7fff
7fff
7fff
7fff
7fff
7fff
7fff
7fff
7fff
7fff
7fff
7fff
7fff
7fff
7fff
7fff
7fff
7fff
7fff
7fff
7fff
7fff
7fff
7fff
7fff
7fff
7fff
7fff
7fff
7fff
7fff
7fff
7fff
7fff
7fff
7fff
7fff
7fff
7fff
7fff
7fff
7fff
7fff
7fff
7fff
7fff
7fff
7fff
7fff
7fff
7fff
7fff
7fff
7fff
7fff
7fff
7fff
7fff
7fff
7fff
7fff
7fff
7fff
7fff
7fff
7fff
7fff
7fff
7fff
7fff
7fff
7fff
7fff
7fff
7fff
7fff
7fff
7fff
7fff
7fff
7fff
7fff
7fff
7fff
7fff
7fff
7fff
7fff
7fff
7fff
7fff
7fff
7fff
7fff
7fff
7fff
7fff
7fff
7fff
7fff
7fff
7fff
7fff
7fff
7fff
7fff
7fff
7fff
7fff
7fff
7fff
7fff
7fff
7fff
7fff
7fff
7fff
7fff
7fff
7fff
7fff
7fff
7fff
7fff
7fff
7fff
7fff
7fff
7fff
7fff
7fff
7fff
7fff
7fff
7fff
7fff
7fff
7fff
7fff
7fff
7fff
7fff
7fff
7fff
7fff
7fff
7fff
7fff
7fff
7fff
7fff
7fff
7fff
7fff
7fff
7fff
7fff
7fff
7fff
7fff
7fff
7fff
7fff
7fff
7fff
7fff
7fff
7fff
7fff
7fff
7fff
7fff
7fff
7fff
7fff
7fff
7fff
7fff
7fff
7fff
7fff
7fff
7fff
7fff
7fff
7fff
7fff
7fff
7fff
7fff
7fff
7fff
7fff
7fff
7fff
7fff
7fff
7fff
7fff
7fff
7fff
7fff
7fff
7fff
7fff
7fff
7fff
7fff
7fff
7fff
7fff
7fff
7fff
7fff
7fff
7fff
7fff
7fff
7fff
7fff
7fff
7fff
7fff
7fff
7fff
7fff
7fff
7fff
7fff
7fff
7fff
7fff
7fff
7fff
7fff
7fff
7fff
7fff
7fff
7fff
7fff
7fff
7fff
7fff
7fff
7fff
7fff
7fff
7fff
7fff
7fff
7fff
7fff
7fff
7fff
7fff
7fff
7fff
7fff
7fff
7fff
7fff
7fff
7fff
7fff
7fff
7fff
7fff
7fff
7fff
7fff
7fff
7fff
7fff
7fff
7fff
7fff
7fff
7fff
7fff
7fff
7fff
7fff
7fff
7fff
7fff
7fff
7fff
7fff
7fff
7fff
7fff
7fff
7fff
7fff
7fff
7fff
7fff
7fff
7fff
7fff
7fff
7fff
7fff
7fff
7fff
7fff
7fff
7fff
7fff
7fff
7fff
7fff
7fff
7fff
7fff
7fff
7fff
7fff
7fff
7fff
7fff
7fff
7fff
7fff
7fff
7fff
7fff
7fff
7fff
7fff
7fff
7fff
7fff
7fff
7fff
7fff
7fff
7fff
7fff
7fff
7fff
7fff
7fff
7fff
7fff
7fff
7fff
7fff
7fff
7fff
7fff
7fff
7fff
7fff
7fff
7fff
7fff
7fff
7fff
7fff
7fff
7fff
7fff
7fff
7fff
7fff
7fff
7fff
7fff
7fff
7fff
7fff
7fff
7fff
7fff
7fff
7fff
7fff
7fff
7fff
7fff
7fff
7fff
7fff
7fff
7fff
7fff
7fff
7fff
7fff
7fff
7fff
7fff
7fff
7fff
7fff
7fff
7fff
7fff
7fff
7fff
7fff
7fff
7fff
7fff
7fff
7fff
7fff
7fff
7fff
7fff
7fff
7fff
7fff
7fff
7fff
7fff
7fff
7fff
7fff
7fff
7fff
7fff
7fff
7fff
7fff
7fff
7fff
7fff
7fff
7fff
7fff
7fff
7fff
7fff
7fff
7fff
7fff
7fff
7fff
7fff
7fff
7fff
7fff
7fff
7fff
7fff
7fff
7fff
7fff
7fff
7fff
7fff
7fff
7fff
7fff
7fff
7fff
7fff
7fff
7fff
7fff
7fff
7fff
7fff
7fff
7fff
7fff
7fff
7fff
7fff
7fff
7fff
7fff
7fff
7fff
7fff
7fff
7fff
7fff
7fff
7fff
7fff
7fff
7fff
7fff
7fff
7fff
7fff
7fff
7fff
7fff
7fff
7fff
7fff
7fff
7fff
7fff
7fff
7fff
7fff
7fff
7fff
7fff
7fff
7fff
7fff
7fff
7fff
7fff
7fff
7fff
7fff
7fff
7fff
7fff
7fff
7fff
7fff
7fff
7fff
7fff
7fff
7fff
7fff
7fff
7fff
7fff
7fff
7fff
7fff
7fff
7fff
7fff
7fff
7fff
7fff
7fff
7fff
7fff
7fff
7fff
7fff
7fff
7fff
7fff
7fff
7fff
7fff
7fff
7fff
7fff
7fff
7fff
7fff
7fff
7fff
7fff
7fff
7fff
7fff
7fff
7fff
7fff
7fff
7fff
7fff
7fff
7fff
7fff
7fff
7fff
7fff
7fff
7fff
7fff
7fff
7fff
7fff
7fff
7fff
7fff
7fff
7fff
7fff
7fff
7fff
7fff
7fff
7fff
7fff
7fff
7fff
7fff
7fff
7fff
7fff
7fff
7fff
7fff
7fff
7fff
7fff
7fff
7fff
7fff
7fff
7fff
7fff
7fff
7fff
7fff
7fff
7fff
7fff
7fff
7fff
7fff
7fff
7fff
7fff
7fff
7fff
7fff
7fff
7fff
7fff
7fff
7fff
7fff
7fff
7fff
7fff
7fff
7fff
7fff
7fff
7fff
7fff
7fff
7fff
7fff
7fff
7fff
7fff
7fff
7fff
7fff
7fff
7fff
7fff
7fff
7fff
7fff
7fff
7fff
7fff
7fff
7fff
7fff
7fff
7fff
7fff
7fff
7fff
7fff
7fff
7fff
7fff
7fff
7fff
7fff
7fff
7fff
7fff
7fff
7fff
7fff
7fff
7fff
7fff
7fff
7fff
7fff
7fff
7fff
7fff
7fff
7fff
7fff
7fff
7fff
7fff
7fff
7fff
7fff
7fff
7fff
7fff
7fff
7fff
7fff
7fff
7fff
7fff
7fff
7fff
7fff
7fff
7fff
7fff
7fff
7fff
7fff
7fff
7fff
7fff
7fff
7fff
7fff
7fff
7fff
7fff
7fff
7fff
7fff
7fff
7fff
7fff
7fff
7fff
7fff
7fff
7fff
7fff
7fff
7fff
7fff
7fff
7fff
7fff
7fff
7fff
7fff
7fff
7fff
7fff
7fff
7fff
7fff
7fff
7fff
7fff
7fff
7fff
7fff
7fff
7fff
7fff
7fff
7fff
7fff
7fff
7fff
7fff
7fff
7fff
7fff
7fff
7fff
7fff
7fff
7fff
7fff
7fff
7fff
7fff
7fff
7fff
7fff
7fff
7fff
7fff
7fff
7fff
7fff
7fff
7fff
7fff
7fff
7fff
7fff
7fff
7fff
7fff
7fff
7fff
7fff
7fff
7fff
7fff
7fff
7fff
7fff
7fff
7fff
7fff
7fff
7fff
7fff
7fff
7fff
7fff
7fff
7fff
7fff
7fff
7fff
7fff
7fff
7fff
7fff
7fff
7fff
7fff
7fff
7fff
7fff
7fff
7fff
7fff
7fff
7fff
7fff
7fff
7fff
7fff
7fff
7fff
7fff
7fff
7fff
7fff
7fff
7fff
7fff
7fff
7fff
7fff
7fff
7fff
7fff
7fff
7fff
7fff
7fff
7fff
7fff
7fff
7fff
7fff
7fff
7fff
7fff
7fff
7fff
7fff
7fff
7fff
7fff
7fff
7fff
7fff
7fff
7fff
7fff
7fff
7fff
7fff
7fff
7fff
7fff
7fff
7fff
7fff
7fff
7fff
7fff
7fff
7fff
7fff
7fff
7fff
7fff
7fff
7fff
7fff
7fff
7fff
7fff
7fff
7fff
7fff
7fff
7fff
7fff
7fff
7fff
7fff
7fff
7fff
7fff
7fff
7fff
7fff
7fff
7fff
7fff
7fff
7fff
7fff
7fff
7fff
7fff
7fff
7fff
7fff
7fff
7fff
7fff
7fff
7fff
7fff
7fff
7fff
7fff
7fff
7fff
7fff
7fff
7fff
7fff
7fff
7fff
7fff
7fff
7fff
7fff
7fff
7fff
7fff
7fff
7fff
7fff
7fff
7fff
7fff
7fff
7fff
7fff
7fff
7fff
7fff
7fff
7fff
7fff
7fff
7fff
7fff
7fff
7fff
7fff
7fff
7fff
7fff
7fff
7fff
7fff
7fff
7fff
7fff
7fff
7fff
7fff
7fff
7fff
7fff
7fff
7fff
7fff
7fff
7fff
7fff
7fff
7fff
7fff
7fff
7fff
7fff
7fff
7fff
7fff
7fff
7fff
7fff
7fff
7fff
7fff
7fff
7fff
7fff
7fff
7fff
7fff
7fff
7fff
7fff
7fff
7fff
7fff
7fff
7fff
7fff
7fff
7fff
7fff
7fff
7fff
7fff
7fff
7fff
7fff
7fff
7fff
7fff
7fff
7fff
7fff
7fff
7fff
7fff
7fff
7fff
7fff
7fff
7fff
7fff
7fff
7fff
7fff
7fff
7fff
7fff
7fff
7fff
7fff
7fff
7fff
7fff
7fff
7fff
7fff
7fff
7fff
7fff
7fff
7fff
7fff
7fff
7fff
7fff
7fff
7fff
7fff
7fff
7fff
7fff
7fff
7fff
7fff
7fff
7fff
7fff
7fff
7fff
7fff
7fff
7fff
7fff
7fff
7fff
7fff
7fff
7fff
7fff
7fff
7fff
7fff
7fff
7fff
7fff
7fff
7fff
7fff
7fff
7fff
7fff
7fff
7fff
7fff
7fff
7fff
7fff
7fff
7fff
7fff
7fff
7fff
7fff
7fff
7fff
7fff
7fff
7fff
7fff
7fff
7fff
7fff
7fff
7fff
7fff
7fff
7fff
7fff
7fff
7fff
7fff
7fff
7fff
7fff
7fff
7fff
7fff
7fff
7fff
7fff
7fff
7fff
7fff
7fff
7fff
7fff
7fff
7fff
7fff
7fff
7fff
7fff
7fff
7fff
7fff
7fff
7fff
7fff
7fff
7fff
7fff
7fff
7fff
7fff
7fff
7fff
7fff
7fff
7fff
7fff
7fff
7fff
7fff
7fff
7fff
7fff
7fff
7fff
7fff
7fff
7fff
7fff
7fff
7fff
7fff
7fff
7fff
7fff
7fff
7fff
7fff
7fff
7fff
7fff
7fff
7fff
7fff
7fff
7fff
7fff
7fff
7fff
7fff
7fff
7fff
7fff
7fff
7fff
7fff
7fff
7fff
7fff
7fff
7fff
7fff
7fff
7fff
7fff
7fff
7fff
7fff
7fff
7fff
7fff
7fff
7fff
7fff
7fff
7fff
7fff
7fff
7fff
7fff
7fff
7fff
7fff
7fff
7fff
7fff
7fff
7fff
7fff
7fff
7fff
7fff
7fff
7fff
7fff
7fff
7fff
7fff
7fff
7fff
7fff
7fff
7fff
7fff
7fff
7fff
7fff
7fff
7fff
7fff
7fff
7fff
7fff
7fff
7fff
7fff
7fff
7fff
7fff
7fff
7fff
7fff
7fff
7fff
7fff
7fff
7fff
7fff
7fff
7fff
7fff
7fff
7fff
7fff
7fff
7fff
7fff
7fff
7fff
7fff
7fff
7fff
7fff
7fff
7fff
7fff
7fff
7fff
7fff
7fff
7fff
7fff
7fff
7fff
7fff
7fff
7fff
7fff
7fff
7fff
7fff
7fff
7fff
7fff
7fff
7fff
7fff
7fff
7fff
7fff
7fff
7fff
7fff
7fff
7fff
7fff
7fff
7fff
7fff
7fff
7fff
7fff
7fff
7fff
7fff
7fff
7fff
7fff
7fff
7fff
7fff
7fff
7fff
7fff
7fff
7fff
7fff
7fff
7fff
7fff
7fff
7fff
7fff
7fff
7fff
7fff
7fff
7fff
7fff
7fff
7fff
7fff
7fff
7fff
7fff
7fff
7fff
7fff
7fff
7fff
7fff
7fff
7fff
7fff
7fff
7fff
7fff
7fff
7fff
7fff
7fff
7fff
7fff
7fff
7fff
7fff
7fff
7fff
7fff
7fff
7fff
7fff
7fff
7fff
7fff
7fff
7fff
7fff
7fff
7fff
7fff
7fff
7fff
7fff
7fff
7fff
7fff
7fff
7fff
7fff
7fff
7fff
7fff
7fff
7fff
7fff
7fff
7fff
7fff
7fff
7fff
7fff
7fff
7fff
7fff
7fff
7fff
7fff
7fff
7fff
7fff
7fff
7fff
7fff
7fff
7fff
7fff
7fff
7fff
7fff
7fff
7fff
7fff
7fff
7fff
7fff
7fff
7fff
7fff
7fff
7fff
7fff
7fff
7fff
7fff
7fff
7fff
7fff
7fff
7fff
7fff
7fff
7fff
7fff
7fff
7fff
7fff
7fff
7fff
7fff
7fff
7fff
7fff
7fff
7fff
7fff
7fff
7fff
7fff
7fff
7fff
7fff
7fff
7fff
7fff
7fff
7fff
7fff
7fff
7fff
7fff
7fff
7fff
7fff
7fff
7fff
7fff
7fff
7fff
7fff
7fff
7fff
7fff
7fff
7fff
7fff
7fff
7fff
7fff
7fff
7fff
7fff
7fff
7fff
7fff
7fff
7fff
7fff
7fff
7fff
7fff
7fff
7fff
7fff
7fff
7fff
7fff
7fff
7fff
7fff
7fff
7fff
7fff
7fff
7fff
7fff
7fff
7fff
7fff
7fff
7fff
7fff
7fff
7fff
7fff
7fff
7fff
7fff
7fff
7fff
7fff
7fff
7fff
7fff
7fff
7fff
7fff
7fff
7fff
7fff
7fff
7fff
7fff
7fff
7fff
7fff
7fff
7fff
7fff
7fff
7fff
7fff
7fff
7fff
7fff
7fff
7fff
7fff
7fff
7fff
7fff
7fff
7fff
7fff
7fff
7fff
7fff
7fff
7fff
7fff
7fff
7fff
7fff
7fff
7fff
7fff
7fff
7fff
7fff
7fff
7fff
7fff
7fff
7fff
7fff
7fff
7fff
7fff
7fff
7fff
7fff
7fff
7fff
7fff
7fff
7fff
7fff
7fff
7fff
7fff
7fff
7fff
7fff
7fff
7fff
7fff
7fff
7fff
7fff
7fff
7fff
7fff
7fff
7fff
7fff
7fff
7fff
7fff
7fff
7fff
7fff
7fff
7fff
7fff
7fff
7fff
7fff
7fff
7fff
7fff
7fff
7fff
7fff
7fff
7fff
7fff
7fff
7fff
7fff
7fff
7fff
7fff
7fff
7fff
7fff
7fff
7fff
7fff
7fff
7fff
7fff
7fff
7fff
7fff
7fff
7fff
7fff
7fff
7fff
7fff
7fff
7fff
7fff
7fff
7fff
7fff
7fff
7fff
7fff
7fff
7fff
7fff
7fff
7fff
7fff
7fff
7fff
7fff
7fff
7fff
7fff
7fff
7fff
7fff
7fff
7fff
7fff
7fff
7fff
7fff
7fff
7fff
7fff
7fff
7fff
7fff
7fff
7fff
7fff
7fff
7fff
7fff
7fff
7fff
7fff
7fff
7fff
7fff
7fff
7fff
7fff
7fff
7fff
7fff
7fff
7fff
7fff
7fff
7fff
7fff
7fff
7fff
7fff
7fff
7fff
7fff
7fff
7fff
7fff
7fff
7fff
7fff
7fff
7fff
7fff
7fff
7fff
7fff
7fff
7fff
7fff
7fff
7fff
7fff
7fff
7fff
7fff
7fff
7fff
7fff
7fff
7fff
7fff
7fff
7fff
7fff
7fff
7fff
7fff
7fff
7fff
7fff
7fff
7fff
7fff
7fff
7fff
7fff
7fff
7fff
7fff
7fff
7fff
7fff
7fff
7fff
7fff
7fff
7fff
7fff
7fff
7fff
7fff
7fff
7fff
7fff
7fff
7fff
7fff
7fff
7fff
7fff
7fff
7fff
7fff
7fff
7fff
7fff
7fff
7fff
7fff
7fff
7fff
7fff
7fff
7fff
7fff
7fff
7fff
7fff
7fff
7fff
7fff
7fff
7fff
7fff
7fff
7fff
7fff
7fff
7fff
7fff
7fff
7fff
7fff
7fff
7fff
7fff
7fff
7fff
7fff
7fff
7fff
7fff
7fff
7fff
7fff
7fff
7fff
7fff
7fff
7fff
7fff
7fff
7fff
7fff
7fff
7fff
7fff
7fff
7fff
7fff
7fff
7fff
7fff
7fff
7fff
7fff
7fff
7fff
7fff
7fff
7fff
7fff
7fff
7fff
7fff
7fff
7fff
7fff
7fff
7fff
7fff
7fff
7fff
7fff
7fff
7fff
7fff
7fff
7fff
7fff
7fff
7fff
7fff
7fff
7fff
7fff
7fff
7fff
7fff
7fff
7fff
7fff
7fff
7fff
7fff
7fff
7fff
7fff
7fff
7fff
7fff
7fff
7fff
7fff
7fff
7fff
7fff
7fff
7fff
7fff
7fff
7fff
7fff
7fff
7fff
7fff
7fff
7fff
7fff
7fff
7fff
7fff
7fff
7fff
7fff
7fff
7fff
7fff
7fff
7fff
7fff
7fff
7fff
7fff
7fff
7fff
7fff
7fff
7fff
7fff
7fff
7fff
7fff
7fff
7fff
7fff
7fff
7fff
7fff
7fff
7fff
7fff
7fff
7fff
7fff
7fff
7fff
7fff
7fff
7fff
7fff
7fff
7fff
7fff
7fff
7fff
7fff
7fff
7fff
7fff
7fff
7fff
7fff
7fff
7fff
7fff
7fff
7fff
7fff
7fff
7fff
7fff
7fff
7fff
7fff
7fff
7fff
7fff
7fff
7fff
7fff
7fff
7fff
7fff
7fff
7fff
7fff
7fff
7fff
7fff
7fff
7fff
7fff
7fff
7fff
7fff
7fff
7fff
7fff
7fff
7fff
7fff
7fff
7fff
7fff
7fff
7fff
7fff
7fff
7fff
7fff
7fff
7fff
7fff
7fff
7fff
7fff
7fff
7fff
7fff
7fff
7fff
7fff
7fff
7fff
7fff
7fff
7fff
7fff
7fff
7fff
7fff
7fff
7fff
7fff
7fff
7fff
7fff
7fff
7fff
7fff
7fff
7fff
7fff
7fff
7fff
7fff
7fff
7fff
7fff
7fff
7fff
7fff
7fff
7fff
7fff
7fff
7fff
7fff
7fff
7fff
7fff
7fff
7fff
7fff
7fff
7fff
7fff
7fff
7fff
7fff
7fff
7fff
7fff
7fff
7fff
7fff
7fff
7fff
7fff
7fff
7fff
7fff
7fff
7fff
7fff
7fff
7fff
7fff
7fff
7fff
7fff
7fff
7fff
7fff
7fff
7fff
7fff
7fff
7fff
7fff
7fff
7fff
7fff
7fff
7fff
7fff
7fff
7fff
7fff
7fff
7fff
7fff
7fff
7fff
7fff
7fff
7fff
7fff
7fff
7fff
7fff
7fff
7fff
7fff
7fff
7fff
7fff
7fff
7fff
7fff
7fff
7fff
7fff
7fff
7fff
7fff
7fff
7fff
7fff
7fff
7fff
7fff
7fff
7fff
7fff
7fff
7fff
7fff
7fff
7fff
7fff
7fff
7fff
7fff
7fff
7fff
7fff
7fff
7fff
7fff
7fff
7fff
7fff
7fff
7fff
7fff
7fff
7fff
7fff
7fff
7fff
7fff
7fff
7fff
7fff
7fff
7fff
7fff
7fff
7fff
7fff
7fff
7fff
7fff
7fff
7fff
7fff
7fff
7fff
7fff
7fff
7fff
7fff
7fff
7fff
7fff
7fff
7fff
7fff
7fff
7fff
7fff
7fff
7fff
7fff
7fff
7fff
7fff
7fff
7fff
7fff
7fff
7fff
7fff
7fff
7fff
7fff
7fff
7fff
7fff
7fff
7fff
7fff
7fff
7fff
7fff
7fff
7fff
7fff
7fff
7fff
7fff
7fff
7fff
7fff
7fff
7fff
7fff
7fff
7fff
7fff
7fff
7fff
7fff
7fff
7fff
7fff
7fff
7fff
7fff
7fff
7fff
7fff
7fff
7fff
7fff
7fff
7fff
7fff
7fff
7fff
7fff
7fff
7fff
7fff
7fff
7fff
7fff
7fff
7fff
7fff
7fff
7fff
7fff
7fff
7fff
7fff
7fff
7fff
7fff
7fff
7fff
7fff
7fff
7fff
7fff
7fff
7fff
7fff
7fff
7fff
7fff
7fff
7fff
7fff
7fff
7fff
7fff
7fff
7fff
7fff
7fff
7fff
7fff
7fff
7fff
7fff
7fff
7fff
7fff
7fff
7fff
7fff
7fff
7fff
7fff
7fff
7fff
7fff
7fff
7fff
7fff
7fff
7fff
7fff
7fff
7fff
7fff
7fff
7fff
7fff
7fff
7fff
7fff
7fff
7fff
7fff
7fff
7fff
7fff
7fff
7fff
7fff
7fff
7fff
7fff
7fff
7fff
7fff
7fff
7fff
7fff
7fff
7fff
7fff
7fff
7fff
7fff
7fff
7fff
7fff
7fff
7fff
7fff
7fff
7fff
7fff
7fff
7fff
7fff
7fff
7fff
7fff
7fff
7fff
7fff
7fff
7fff
7fff
7fff
7fff
7fff
7fff
7fff
7fff
7fff
7fff
7fff
7fff
7fff
7fff
7fff
7fff
7fff
7fff
7fff
7fff
7fff
7fff
7fff
7fff
7fff
7fff
7fff
7fff
7fff
7fff
7fff
7fff
7fff
7fff
7fff
7fff
7fff
7fff
7fff
7fff
7fff
7fff
7fff
7fff
7fff
7fff
7fff
7fff
7fff
7fff
7fff
7fff
7fff
7fff
7fff
7fff
7fff
7fff
7fff
7fff
7fff
7fff
7fff
7fff
7fff
7fff
7fff
7fff
7fff
7fff
7fff
7fff
7fff
7fff
7fff
7fff
7fff
7fff
7fff
7fff
7fff
7fff
7fff
7fff
7fff
7fff
7fff
7fff
7fff
7fff
7fff
7fff
7fff
7fff
7fff
7fff
7fff
7fff
7fff
7fff
7fff
7fff
7fff
7fff
7fff
7fff
7fff
7fff
7fff
7fff
7fff
7fff
7fff
7fff
7fff
7fff
7fff
7fff
7fff
7fff
7fff
7fff
7fff
7fff
7fff
7fff
7fff
7fff
7fff
7fff
7fff
7fff
7fff
7fff
7fff
7fff
7fff
7fff
7fff
7fff
7fff
7fff
7fff
7fff
7fff
7fff
7fff
7fff
7fff
7fff
7fff
7fff
7fff
7fff
7fff
7fff
7fff
7fff
7fff
7fff
7fff
7fff
7fff
7fff
7fff
7fff
7fff
7fff
7fff
7fff
7fff
7fff
7fff
7fff
7fff
7fff
7fff
7fff
7fff
7fff
7fff
7fff
7fff
7fff
7fff
7fff
7fff
7fff
7fff
7fff
7fff
7fff
7fff
7fff
7fff
7fff
7fff
7fff
7fff
7fff
7fff
7fff
7fff
7fff
7fff
7fff
7fff
7fff
7fff
7fff
7fff
7fff
7fff
7fff
7fff
7fff
7fff
7fff
7fff
7fff
7fff
7fff
7fff
7fff
7fff
7fff
7fff
7fff
7fff
7fff
7fff
7fff
7fff
7fff
7fff
7fff
7fff
7fff
7fff
7fff
7fff
7fff
7fff
7fff
7fff
7fff
7fff
7fff
7fff
7fff
7fff
7fff
7fff
7fff
7fff
7fff
7fff
7fff
7fff
7fff
7fff
7fff
7fff
7fff
7fff
7fff
7fff
7fff
7fff
7fff
7fff
7fff
7fff
7fff
7fff
7fff
7fff
7fff
7fff
7fff
7fff
7fff
7fff
7fff
7fff
7fff
7fff
7fff
7fff
7fff
7fff
7fff
7fff
7fff
7fff
7fff
7fff
7fff
7fff
7fff
7fff
7fff
7fff
7fff
7fff
7fff
7fff
7fff
7fff
7fff
7fff
7fff
7fff
7fff
7fff
7fff
7fff
7fff
7fff
7fff
7fff
7fff
7fff
7fff
7fff
7fff
7fff
7fff
7fff
7fff
7fff
7fff
7fff
7fff
7fff
7fff
7fff
7fff
7fff
7fff
7fff
7fff
7fff
7fff
7fff
7fff
7fff
7fff
7fff
7fff
7fff
7fff
7fff
7fff
7fff
7fff
7fff
7fff
7fff
7fff
7fff
7fff
7fff
7fff
7fff
7fff
7fff
7fff
7fff
7fff
7fff
7fff
7fff
7fff
7fff
7fff
7fff
7fff
7fff
7fff
7fff
7fff
7fff
7fff
7fff
7fff
7fff
7fff
7fff
7fff
7fff
7fff
7fff
7fff
7fff
7fff
7fff
7fff
7fff
7fff
7fff
7fff
7fff
7fff
7fff
7fff
7fff
7fff
7fff
7fff
7fff
7fff
7fff
7fff
7fff
7fff
7fff
7fff
7fff
7fff
7fff
7fff
7fff
7fff
7fff
7fff
7fff
7fff
7fff
7fff
7fff
7fff
7fff
7fff
7fff
7fff
7fff
7fff
7fff
7fff
7fff
7fff
7fff
7fff
7fff
7fff
7fff
7fff
7fff
7fff
7fff
7fff
7fff
7fff
7fff
7fff
7fff
7fff
7fff
7fff
7fff
7fff
7fff
7fff
7fff
7fff
7fff
7fff
7fff
7fff
7fff
7fff
7fff
7fff
7fff
7fff
7fff
7fff
7fff
7fff
7fff
7fff
7fff
7fff
7fff
7fff
7fff
7fff
7fff
7fff
7fff
7fff
7fff
7fff
7fff
7fff
7fff
7fff
7fff
7fff
7fff
7fff
7fff
7fff
7fff
7fff
7fff
7fff
7fff
7fff
7fff
7fff
7fff
7fff
7fff
7fff
7fff
7fff
7fff
7fff
7fff
7fff
7fff
7fff
7fff
7fff
7fff
7fff
7fff
7fff
7fff
7fff
7fff
7fff
7fff
7fff
7fff
7fff
7fff
7fff
7fff
7fff
7fff
7fff
7fff
7fff
7fff
7fff
7fff
7fff
7fff
7fff
7fff
7fff
7fff
7fff
7fff
7fff
7fff
7fff
7fff
7fff
7fff
7fff
7fff
7fff
7fff
7fff
7fff
7fff
7fff
7fff
7fff
7fff
7fff
7fff
7fff
7fff
7fff
7fff
7fff
7fff
7fff
7fff
7fff
7fff
7fff
7fff
7fff
7fff
7fff
7fff
7fff
7fff
7fff
7fff
7fff
7fff
7fff
7fff
7fff
7fff
7fff
7fff
7fff
7fff
7fff
7fff
7fff
7fff
7fff
7fff
7fff
7fff
7fff
7fff
7fff
7fff
7fff
7fff
7fff
7fff
7fff
7fff
7fff
7fff
7fff
7fff
7fff
7fff
7fff
7fff
7fff
7fff
7fff
7fff
7fff
7fff
7fff
7fff
7fff
7fff
7fff
7fff
7fff
7fff
7fff
7fff
7fff
7fff
7fff
7fff
7fff
7fff
7fff
7fff
7fff
7fff
7fff
7fff
7fff
7fff
7fff
7fff
7fff
7fff
7fff
7fff
7fff
7fff
7fff
7fff
7fff
7fff
7fff
7fff
7fff
7fff
7fff
7fff
7fff
7fff
7fff
7fff
7fff
7fff
7fff
7fff
7fff
7fff
7fff
7fff
7fff
7fff
7fff
7fff
7fff
7fff
7fff
7fff
7fff
7fff
7fff
7fff
7fff
7fff
7fff
7fff
7fff
7fff
7fff
7fff
7fff
7fff
7fff
7fff
7fff
7fff
7fff
7fff
7fff
7fff
7fff
7fff
7fff
7fff
7fff
7fff
7fff
7fff
7fff
7fff
7fff
7fff
7fff
7fff
7fff
7fff
7fff
7fff
7fff
7fff
7fff
7fff
7fff
7fff
7fff
7fff
7fff
7fff
7fff
7fff
7fff
7fff
7fff
7fff
7fff
7fff
7fff
7fff
7fff
7fff
7fff
7fff
7fff
7fff
7fff
7fff
7fff
7fff
7fff
7fff
7fff
7fff
7fff
7fff
7fff
7fff
7fff
7fff
7fff
7fff
7fff
7fff
7fff
7fff
7fff
7fff
7fff
7fff
7fff
7fff
7fff
7fff
7fff
7fff
7fff
7fff
7fff
7fff
7fff
7fff
7fff
7fff
7fff
7fff
7fff
7fff
7fff
7fff
7fff
7fff
7fff
7fff
7fff
7fff
7fff
7fff
7fff
7fff
7fff
7fff
7fff
7fff
7fff
7fff
7fff
7fff
7fff
7fff
7fff
7fff
7fff
7fff
7fff
7fff
7fff
7fff
7fff
7fff
7fff
7fff
7fff
7fff
7fff
7fff
7fff
7fff
7fff
7fff
7fff
7fff
7fff
7fff
7fff
7fff
7fff
7fff
7fff
7fff
7fff
7fff
7fff
7fff
7fff
7fff
7fff
7fff
7fff
7fff
7fff
7fff
7fff
7fff
7fff
7fff
7fff
7fff
7fff
7fff
7fff
7fff
7fff
7fff
7fff
7fff
7fff
7fff
7fff
7fff
7fff
7fff
7fff
7fff
7fff
7fff
7fff
7fff
7fff
7fff
7fff
7fff
7fff
7fff
7fff
7fff
7fff
7fff
7fff
7fff
7fff
7fff
7fff
7fff
7fff
7fff
7fff
7fff
7fff
7fff
7fff
7fff
7fff
7fff
7fff
7fff
7fff
7fff
7fff
7fff
7fff
7fff
7fff
7fff
7fff
7fff
7fff
7fff
7fff
7fff
7fff
7fff
7fff
7fff
7fff
7fff
7fff
7fff
7fff
7fff
7fff
7fff
7fff
7fff
7fff
7fff
7fff
7fff
7fff
7fff
7fff
7fff
7fff
7fff
7fff
7fff
7fff
7fff
7fff
7fff
7fff
7fff
7fff
7fff
7fff
7fff
7fff
7fff
7fff
7fff
7fff
7fff
7fff
7fff
7fff
7fff
7fff
7fff
7fff
7fff
7fff
7fff
7fff
7fff
7fff
7fff
7fff
7fff
7fff
7fff
7fff
7fff
7fff
7fff
7fff
7fff
7fff
7fff
7fff
7fff
7fff
7fff
7fff
7fff
7fff
7fff
7fff
7fff
7fff
7fff
7fff
7fff
7fff
7fff
7fff
7fff
7fff
7fff
7fff
7fff
7fff
7fff
7fff
7fff
7fff
7fff
7fff
7fff
7fff
7fff
7fff
7fff
7fff
7fff
7fff
7fff
7fff
7fff
7fff
7fff
7fff
7fff
7fff
7fff
7fff
7fff
7fff
7fff
7fff
7fff
7fff
7fff
7fff
7fff
7fff
7fff
7fff
7fff
7fff
7fff
7fff
7fff
7fff
7fff
7fff
7fff
7fff
7fff
7fff
7fff
7fff
7fff
7fff
7fff
7fff
7fff
7fff
7fff
7fff
7fff
7fff
7fff
7fff
7fff
7fff
7fff
7fff
7fff
7fff
7fff
7fff
7fff
7fff
7fff
7fff
7fff
7fff
7fff
7fff
7fff
7fff
7fff
7fff
7fff
7fff
7fff
7fff
7fff
7fff
7fff
7fff
7fff
7fff
7fff
7fff
7fff
7fff
7fff
7fff
7fff
7fff
7fff
7fff
7fff
7fff
7fff
7fff
7fff
7fff
7fff
7fff
7fff
7fff
7fff
7fff
7fff
7fff
7fff
7fff
7fff
7fff
7fff
7fff
7fff
7fff
7fff
7fff
7fff
7fff
7fff
7fff
7fff
7fff
7fff
7fff
7fff
7fff
7fff
7fff
7fff
7fff
7fff
7fff
7fff
7fff
7fff
7fff
7fff
7fff
7fff
7fff
7fff
7fff
7fff
7fff
7fff
7fff
7fff
7fff
7fff
7fff
7fff
7fff
7fff
7fff
7fff
7fff
7fff
7fff
7fff
7fff
7fff
7fff
7fff
7fff
7fff
7fff
7fff
7fff
7fff
7fff
7fff
7fff
7fff
7fff
7fff
7fff
7fff
7fff
7fff
7fff
7fff
7fff
7fff
7fff
7fff
7fff
7fff
7fff
7fff
7fff
7fff
7fff
7fff
7fff
7fff
7fff
7fff
7fff
7fff
7fff
7fff
7fff
7fff
7fff
7fff
7fff
7fff
7fff
7fff
7fff
7fff
7fff
7fff
7fff
7fff
7fff
7fff
7fff
7fff
7fff
7fff
7fff
7fff
7fff
7fff
7fff
7fff
7fff
7fff
7fff
7fff
7fff
7fff
7fff
7fff
7fff
7fff
7fff
7fff
7fff
7fff
7fff
7fff
7fff
7fff
7fff
7fff
7fff
7fff
7fff
7fff
7fff
7fff
7fff
7fff
7fff
7fff
7fff
7fff
7fff
7fff
7fff
7fff
7fff
7fff
7fff
7fff
7fff
7fff
7fff
7fff
7fff
7fff
7fff
7fff
7fff
7fff
7fff
7fff
7fff
7fff
7fff
7fff
7fff
7fff
7fff
7fff
7fff
7fff
7fff
7fff
7fff
7fff
7fff
7fff
7fff
7fff
7fff
7fff
7fff
7fff
7fff
7fff
7fff
7fff
7fff
7fff
7fff
7fff
7fff
7fff
7fff
7fff
7fff
7fff
7fff
7fff
7fff
7fff
7fff
7fff
7fff
7fff
7fff
7fff
7fff
7fff
7fff
7fff
7fff
7fff
7fff
7fff
7fff
7fff
7fff
7fff
7fff
7fff
7fff
7fff
7fff
7fff
7fff
7fff
7fff
7fff
7fff
7fff
7fff
7fff
7fff
7fff
7fff
7fff
7fff
7fff
7fff
7fff
7fff
7fff
7fff
7fff
7fff
7fff
7fff
7fff
7fff
7fff
7fff
7fff
7fff
7fff
7fff
7fff
7fff
7fff
7fff
7fff
7fff
7fff
7fff
7fff
7fff
7fff
7fff
7fff
7fff
7fff
7fff
7fff
7fff
7fff
7fff
7fff
7fff
7fff
7fff
7fff
7fff
7fff
7fff
7fff
7fff
7fff
7fff
7fff
7fff
7fff
7fff
7fff
7fff
7fff
7fff
7fff
7fff
7fff
7fff
7fff
7fff
7fff
7fff
7fff
7fff
7fff
7fff
7fff
7fff
7fff
7fff
7fff
7fff
7fff
7fff
7fff
7fff
7fff
7fff
7fff
7fff
7fff
7fff
7fff
7fff
7fff
7fff
7fff
7fff
7fff
7fff
7fff
7fff
7fff
7fff
7fff
7fff
7fff
7fff
7fff
7fff
7fff
7fff
7fff
7fff
7fff
7fff
7fff
7fff
7fff
7fff
7fff
7fff
7fff
7fff
7fff
7fff
7fff
7fff
7fff
7fff
7fff
7fff
7fff
7fff
7fff
7fff
7fff
7fff
7fff
7fff
7fff
7fff
7fff
7fff
7fff
7fff
7fff
7fff
7fff
7fff
7fff
7fff
7fff
7fff
7fff
7fff
7fff
7fff
7fff
7fff
7fff
7fff
7fff
7fff
7fff
7fff
7fff
7fff
7fff
7fff
7fff
7fff
7fff
7fff
7fff
7fff
7fff
7fff
7fff
7fff
7fff
7fff
7fff
7fff
7fff
7fff
7fff
7fff
7fff
7fff
7fff
7fff
7fff
7fff
7fff
7fff
7fff
7fff
7fff
7fff
7fff
7fff
7fff
7fff
7fff
7fff
7fff
7fff
7fff
7fff
7fff
7fff
7fff
7fff
7fff
7fff
7fff
7fff
7fff
7fff
7fff
7fff
7fff
7fff
7fff
7fff
7fff
7fff
7fff
7fff
7fff
7fff
7fff
7fff
7fff
7fff
7fff
7fff
7fff
7fff
7fff
7fff
7fff
7fff
7fff
7fff
7fff
7fff
7fff
7fff
7fff
7fff
7fff
7fff
7fff
7fff
7fff
7fff
7fff
7fff
7fff
7fff
7fff
7fff
7fff
7fff
7fff
7fff
7fff
7fff
7fff
7fff
7fff
7fff
7fff
7fff
7fff
7fff
7fff
7fff
7fff
7fff
7fff
7fff
7fff
7fff
7fff
7fff
7fff
7fff
7fff
7fff
7fff
7fff
7fff
7fff
7fff
7fff
7fff
7fff
7fff
7fff
7fff
7fff
7fff
7fff
7fff
7fff
7fff
7fff
7fff
7fff
7fff
7fff
7fff
7fff
7fff
7fff
7fff
7fff
7fff
7fff
7fff
7fff
7fff
7fff
7fff
7fff
7fff
7fff
7fff
7fff
7fff
7fff
7fff
7fff
7fff
7fff
7fff
7fff
7fff
7fff
7fff
7fff
7fff
7fff
7fff
7fff
7fff
7fff
7fff
7fff
7fff
7fff
7fff
7fff
7fff
7fff
7fff
7fff
7fff
7fff
7fff
7fff
7fff
7fff
7fff
7fff
7fff
7fff
7fff
7fff
7fff
7fff
7fff
7fff
7fff
7fff
7fff
7fff
7fff
7fff
7fff
7fff
7fff
7fff
7fff
7fff
7fff
7fff
7fff
7fff
7fff
7fff
7fff
7fff
7fff
7fff
7fff
7fff
7fff
7fff
7fff
7fff
7fff
7fff
7fff
7fff
7fff
7fff
7fff
7fff
7fff
7fff
7fff
7fff
7fff
7fff
7fff
7fff
7fff
7fff
7fff
7fff
7fff
7fff
7fff
7fff
7fff
7fff
7fff
7fff
7fff
7fff
7fff
7fff
7fff
7fff
7fff
7fff
7fff
7fff
7fff
7fff
7fff
7fff
7fff
7fff
7fff
7fff
7fff
7fff
7fff
7fff
7fff
7fff
7fff
7fff
7fff
7fff
7fff
7fff
7fff
7fff
7fff
7fff
7fff
7fff
7fff
7fff
7fff
7fff
7fff
7fff
7fff
7fff
7fff
7fff
7fff
7fff
7fff
7fff
7fff
7fff
7fff
7fff
7fff
7fff
7fff
7fff
7fff
7fff
7fff
7fff
7fff
7fff
7fff
7fff
7fff
7fff
7fff
7fff
7fff
7fff
7fff
7fff
7fff
7fff
7fff
7fff
7fff
7fff
7fff
7fff
7fff
7fff
7fff
7fff
7fff
7fff
7fff
7fff
7fff
7fff
7fff
7fff
7fff
7fff
7fff
7fff
7fff
7fff
7fff
7fff
7fff
7fff
7fff
7fff
7fff
7fff
7fff
7fff
7fff
7fff
7fff
7fff
7fff
7fff
7fff
7fff
7fff
7fff
7fff
7fff
7fff
7fff
7fff
7fff
7fff
7fff
7fff
7fff
7fff
7fff
7fff
7fff
7fff
7fff
7fff
7fff
7fff
7fff
7fff
7fff
7fff
7fff
7fff
7fff
7fff
7fff
7fff
7fff
7fff
7fff
7fff
7fff
7fff
7fff
7fff
7fff
7fff
7fff
7fff
7fff
7fff
7fff
7fff
7fff
7fff
7fff
7fff
7fff
7fff
7fff
7fff
7fff
7fff
7fff
7fff
7fff
7fff
7fff
7fff
7fff
7fff
7fff
7fff
7fff
7fff
7fff
7fff
7fff
7fff
7fff
7fff
7fff
7fff
7fff
7fff
7fff
7fff
7fff
7fff
7fff
7fff
7fff
7fff
7fff
7fff
7fff
7fff
7fff
7fff
7fff
7fff
7fff
7fff
7fff
7fff
7fff
7fff
7fff
7fff
7fff
7fff
7fff
7fff
7fff
7fff
7fff
7fff
7fff
7fff
7fff
7fff
7fff
7fff
7fff
7fff
7fff
7fff
7fff
7fff
7fff
7fff
7fff
7fff
7fff
7fff
7fff
7fff
7fff
7fff
7fff
7fff
7fff
7fff
7fff
7fff
7fff
7fff
7fff
7fff
7fff
7fff
7fff
7fff
7fff
7fff
7fff
7fff
7fff
7fff
7fff
7fff
7fff
7fff
7fff
7fff
7fff
7fff
7fff
7fff
7fff
7fff
7fff
7fff
7fff
7fff
7fff
7fff
7fff
7fff
7fff
7fff
7fff
7fff
7fff
7fff
7fff
7fff
7fff
7fff
7fff
7fff
7fff
7fff
7fff
7fff
7fff
7fff
7fff
7fff
7fff
7fff
7fff
7fff
7fff
7fff
7fff
7fff
7fff
7fff
7fff
7fff
7fff
7fff
7fff
7fff
7fff
7fff
7fff
7fff
7fff
7fff
7fff
7fff
7fff
7fff
7fff
7fff
7fff
7fff
7fff
7fff
7fff
7fff
7fff
7fff
7fff
7fff
7fff
7fff
7fff
7fff
7fff
7fff
7fff
7fff
7fff
7fff
7fff
7fff
7fff
7fff
7fff
7fff
7fff
7fff
7fff
7fff
7fff
7fff
7fff
7fff
7fff
7fff
7fff
7fff
7fff
7fff
7fff
7fff
7fff
7fff
7fff
7fff
7fff
7fff
7fff
7fff
7fff
7fff
7fff
7fff
7fff
7fff
7fff
7fff
7fff
7fff
7fff
7fff
7fff
7fff
7fff
7fff
7fff
7fff
7fff
7fff
7fff
7fff
7fff
7fff
7fff
7fff
7fff
7fff
7fff
7fff
7fff
7fff
7fff
7fff
7fff
7fff
7fff
7fff
7fff
7fff
7fff
7fff
7fff
7fff
7fff
7fff
7fff
7fff
7fff
7fff
7fff
7fff
7fff
7fff
7fff
7fff
7fff
7fff
7fff
7fff
7fff
7fff
7fff
7fff
7fff
7fff
7fff
7fff
7fff
7fff
7fff
7fff
7fff
7fff
7fff
7fff
7fff
7fff
7fff
7fff
7fff
7fff
7fff
7fff
7fff
7fff
7fff
7fff
7fff
7fff
7fff
7fff
7fff
7fff
7fff
7fff
7fff
7fff
7fff
7fff
7fff
7fff
7fff
7fff
7fff
7fff
7fff
7fff
7fff
7fff
7fff
7fff
7fff
7fff
7fff
7fff
7fff
7fff
7fff
7fff
7fff
7fff
7fff
7fff
7fff
7fff
7fff
7fff
7fff
7fff
7fff
7fff
7fff
7fff
7fff
7fff
7fff
7fff
7fff
7fff
7fff
7fff
7fff
7fff
7fff
7fff
7fff
7fff
7fff
7fff
7fff
7fff
7fff
7fff
7fff
7fff
7fff
7fff
7fff
7fff
7fff
7fff
7fff
7fff
7fff
7fff
7fff
7fff
7fff
7fff
7fff
7fff
7fff
7fff
7fff
7fff
7fff
7fff
7fff
7fff
7fff
7fff
7fff
7fff
7fff
7fff
7fff
7fff
7fff
7fff
7fff
7fff
7fff
7fff
7fff
7fff
7fff
7fff
7fff
7fff
7fff
7fff
7fff
7fff
7fff
7fff
7fff
7fff
7fff
7fff
7fff
7fff
7fff
7fff
7fff
7fff
7fff
7fff
7fff
7fff
7fff
7fff
7fff
7fff
7fff
7fff
7fff
7fff
7fff
7fff
7fff
7fff
7fff
7fff
7fff
7fff
7fff
7fff
7fff
7fff
7fff
7fff
7fff
7fff
7fff
7fff
7fff
7fff
7fff
7fff
7fff
7fff
7fff
7fff
7fff
7fff
7fff
7fff
7fff
7fff
7fff
7fff
7fff
7fff
7fff
7fff
7fff
7fff
7fff
7fff
7fff
7fff
7fff
7fff
7fff
7fff
7fff
7fff
7fff
7fff
7fff
7fff
7fff
7fff
7fff
7fff
7fff
7fff
7fff
7fff
7fff
7fff
7fff
7fff
7fff
7fff
7fff
7fff
7fff
7fff
7fff
7fff
7fff
7fff
7fff
7fff
7fff
7fff
7fff
7fff
7fff
7fff
7fff
7fff
7fff
7fff
7fff
7fff
7fff
7fff
7fff
7fff
7fff
7fff
7fff
7fff
7fff
7fff
7fff
7fff
7fff
7fff
7fff
7fff
7fff
7fff
7fff
7fff
7fff
7fff
7fff
7fff
7fff
7fff
7fff
7fff
7fff
7fff
7fff
7fff
7fff
7fff
7fff
7fff
7fff
7fff
7fff
7fff
7fff
7fff
7fff
7fff
7fff
7fff
7fff
7fff
7fff
7fff
7fff
7fff
7fff
7fff
7fff
7fff
7fff
7fff
7fff
7fff
7fff
7fff
7fff
7fff
7fff
7fff
7fff
7fff
7fff
7fff
7fff
7fff
7fff
7fff
7fff
7fff
7fff
7fff
7fff
7fff
7fff
7fff
7fff
7fff
7fff
7fff
7fff
7fff
7fff
7fff
7fff
7fff
7fff
7fff
7fff
7fff
7fff
7fff
7fff
7fff
7fff
7fff
7fff
7fff
7fff
7fff
7fff
7fff
7fff
7fff
7fff
7fff
7fff
7fff
7fff
7fff
7fff
7fff
7fff
7fff
7fff
7fff
7fff
7fff
7fff
7fff
7fff
7fff
7fff
7fff
7fff
7fff
7fff
7fff
7fff
7fff
7fff
7fff
7fff
7fff
7fff
7fff
7fff
7fff
7fff
7fff
7fff
7fff
7fff
7fff
7fff
7fff
7fff
7fff
7fff
7fff
7fff
7fff
7fff
7fff
7fff
7fff
7fff
7fff
7fff
7fff
7fff
7fff
7fff
7fff
7fff
7fff
7fff
7fff
7fff
7fff
7fff
7fff
7fff
7fff
7fff
7fff
7fff
7fff
7fff
7fff
7fff
7fff
7fff
7fff
7fff
7fff
7fff
7fff
7fff
7fff
7fff
7fff
7fff
7fff
7fff
7fff
7fff
7fff
7fff
7fff
7fff
7fff
7fff
7fff
7fff
7fff
7fff
7fff
7fff
7fff
7fff
7fff
7fff
7fff
7fff
7fff
7fff
7fff
7fff
7fff
7fff
7fff
7fff
7fff
7fff
7fff
7fff
7fff
7fff
7fff
7fff
7fff
7fff
7fff
7fff
7fff
7fff
7fff
7fff
7fff
7fff
7fff
7fff
7fff
7fff
7fff
7fff
7fff
7fff
7fff
7fff
7fff
7fff
7fff
7fff
7fff
7fff
7fff
7fff
7fff
7fff
7fff
7fff
7fff
7fff
7fff
7fff
7fff
7fff
7fff
7fff
7fff
7fff
7fff
7fff
7fff
7fff
7fff
7fff
7fff
7fff
7fff
7fff
7fff
7fff
7fff
7fff
7fff
7fff
7fff
7fff
7fff
7fff
7fff
7fff
7fff
7fff
7fff
7fff
7fff
7fff
7fff
7fff
7fff
7fff
7fff
7fff
7fff
7fff
7fff
7fff
7fff
7fff
7fff
7fff
7fff
7fff
7fff
7fff
7fff
7fff
7fff
7fff
7fff
7fff
7fff
7fff
7fff
7fff
7fff
7fff
7fff
7fff
7fff
7fff
7fff
7fff
7fff
7fff
7fff
7fff
7fff
7fff
7fff
7fff
7fff
7fff
7fff
7fff
7fff
7fff
7fff
7fff
7fff
7fff
7fff
7fff
7fff
7fff
7fff
7fff
7fff
7fff
7fff
7fff
7fff
7fff
7fff
7fff
7fff
7fff
7fff
7fff
7fff
7fff
7fff
7fff
7fff
7fff
7fff
7fff
7fff
7fff
7fff
7fff
7fff
7fff
7fff
7fff
7fff
7fff
7fff
7fff
7fff
7fff
7fff
7fff
7fff
7fff
7fff
7fff
7fff
7fff
7fff
7fff
7fff
7fff
7fff
7fff
7fff
7fff
7fff
7fff
7fff
7fff
7fff
7fff
7fff
7fff
7fff
7fff
7fff
7fff
7fff
7fff
7fff
7fff
7fff
7fff
7fff
7fff
7fff
7fff
7fff
7fff
7fff
7fff
7fff
7fff
7fff
7fff
7fff
7fff
7fff
7fff
7fff
7fff
7fff
7fff
7fff
7fff
7fff
7fff
7fff
7fff
7fff
7fff
7fff
7fff
7fff
7fff
7fff
7fff
7fff
7fff
7fff
7fff
7fff
7fff
7fff
7fff
7fff
7fff
7fff
7fff
7fff
7fff
7fff
7fff
7fff
7fff
7fff
7fff
7fff
7fff
7fff
7fff
7fff
7fff
7fff
7fff
7fff
7fff
7fff
7fff
7fff
7fff
7fff
7fff
7fff
7fff
7fff
7fff
7fff
7fff
7fff
7fff
7fff
7fff
7fff
7fff
7fff
7fff
7fff
7fff
7fff
7fff
7fff
7fff
7fff
7fff
7fff
7fff
7fff
7fff
7fff
7fff
7fff
7fff
7fff
7fff
7fff
7fff
7fff
7fff
7fff
7fff
7fff
7fff
7fff
7fff
7fff
7fff
7fff
7fff
7fff
7fff
7fff
7fff
7fff
7fff
7fff
7fff
7fff
7fff
7fff
7fff
7fff
7fff
7fff
7fff
7fff
7fff
7fff
7fff
7fff
7fff
7fff
7fff
7fff
7fff
7fff
7fff
7fff
7fff
7fff
7fff
7fff
7fff
7fff
7fff
7fff
7fff
7fff
7fff
7fff
7fff
7fff
7fff
7fff
7fff
7fff
7fff
7fff
7fff
7fff
7fff
7fff
7fff
7fff
7fff
7fff
7fff
7fff
7fff
7fff
7fff
7fff
7fff
7fff
7fff
7fff
7fff
7fff
7fff
7fff
7fff
7fff
7fff
7fff
7fff
7fff
7fff
7fff
7fff
7fff
7fff
7fff
7fff
7fff
7fff
7fff
7fff
7fff
7fff
7fff
7fff
7fff
7fff
7fff
7fff
7fff
7fff
7fff
7fff
7fff
7fff
7fff
7fff
7fff
7fff
7fff
7fff
7fff
7fff
7fff
7fff
7fff
7fff
7fff
7fff
7fff
7fff
7fff
7fff
7fff
7fff
7fff
7fff
7fff
7fff
7fff
7fff
7fff
7fff
7fff
7fff
7fff
7fff
7fff
7fff
7fff
7fff
7fff
7fff
7fff
7fff
7fff
7fff
7fff
7fff
7fff
7fff
7fff
7fff
7fff
7fff
7fff
7fff
7fff
7fff
7fff
7fff
7fff
7fff
7fff
7fff
7fff
7fff
7fff
7fff
7fff
7fff
7fff
7fff
7fff
7fff
7fff
7fff
7fff
7fff
7fff
7fff
7fff
7fff
7fff
7fff
7fff
7fff
7fff
7fff
7fff
7fff
7fff
7fff
7fff
7fff
7fff
7fff
7fff
7fff
7fff
7fff
7fff
7fff
7fff
7fff
7fff
7fff
7fff
7fff
7fff
7fff
7fff
7fff
7fff
7fff
7fff
7fff
7fff
7fff
7fff
7fff
7fff
7fff
7fff
7fff
7fff
7fff
7fff
7fff
7fff
7fff
7fff
7fff
7fff
7fff
7fff
7fff
7fff
7fff
7fff
7fff
7fff
7fff
7fff
7fff
7fff
7fff
7fff
7fff
7fff
7fff
7fff
7fff
7fff
7fff
7fff
7fff
7fff
7fff
7fff
7fff
7fff
7fff
7fff
7fff
7fff
7fff
7fff
7fff
7fff
7fff
7fff
7fff
7fff
7fff
7fff
7fff
7fff
7fff
7fff
7fff
7fff
7fff
7fff
7fff
7fff
7fff
7fff
7fff
7fff
7fff
7fff
7fff
7fff
7fff
7fff
7fff
7fff
7fff
7fff
7fff
7fff
7fff
7fff
7fff
7fff
7fff
7fff
7fff
7fff
7fff
7fff
7fff
7fff
7fff
7fff
7fff
7fff
7fff
7fff
7fff
7fff
7fff
7fff
7fff
7fff
7fff
7fff
7fff
7fff
7fff
7fff
7fff
7fff
7fff
7fff
7fff
7fff
7fff
7fff
7fff
7fff
7fff
7fff
7fff
7fff
7fff
7fff
7fff
7fff
7fff
7fff
7fff
7fff
7fff
7fff
7fff
7fff
7fff
7fff
7fff
7fff
7fff
7fff
7fff
7fff
7fff
7fff
7fff
7fff
7fff
7fff
7fff
7fff
7fff
7fff
7fff
7fff
7fff
7fff
7fff
7fff
7fff
7fff
7fff
7fff
7fff
7fff
7fff
7fff
7fff
7fff
7fff
7fff
7fff
7fff
7fff
7fff
7fff
7fff
7fff
7fff
7fff
7fff
7fff
7fff
7fff
7fff
7fff
7fff
7fff
7fff
7fff
7fff
7fff
7fff
7fff
7fff
7fff
7fff
7fff
7fff
7fff
7fff
7fff
7fff
7fff
7fff
7fff
7fff
7fff
7fff
7fff
7fff
7fff
7fff
7fff
7fff
7fff
7fff
7fff
7fff
7fff
7fff
7fff
7fff
7fff
7fff
7fff
7fff
7fff
7fff
7fff
7fff
7fff
7fff
7fff
7fff
7fff
7fff
7fff
7fff
7fff
7fff
7fff
7fff
7fff
7fff
7fff
7fff
7fff
7fff
7fff
7fff
7fff
7fff
7fff
7fff
7fff
7fff
7fff
7fff
7fff
7fff
7fff
7fff
7fff
7fff
7fff
7fff
7fff
7fff
7fff
7fff
7fff
7fff
7fff
7fff
7fff
7fff
7fff
7fff
7fff
7fff
7fff
7fff
7fff
7fff
7fff
7fff
7fff
7fff
7fff
7fff
7fff
7fff
7fff
7fff
7fff
7fff
7fff
7fff
7fff
7fff
7fff
7fff
7fff
7fff
7fff
7fff
7fff
7fff
7fff
7fff
7fff
7fff
7fff
7fff
7fff
7fff
7fff
7fff
7fff
7fff
7fff
7fff
7fff
7fff
7fff
7fff
7fff
7fff
7fff
7fff
7fff
7fff
7fff
7fff
7fff
7fff
7fff
7fff
7fff
7fff
7fff
7fff
7fff
7fff
7fff
7fff
7fff
7fff
7fff
7fff
7fff
7fff
7fff
7fff
7fff
7fff
7fff
7fff
7fff
7fff
7fff
7fff
7fff
7fff
7fff
7fff
7fff
7fff
7fff
7fff
7fff
7fff
7fff
7fff
7fff
7fff
7fff
7fff
7fff
7fff
7fff
7fff
7fff
7fff
7fff
7fff
7fff
7fff
7fff
7fff
7fff
7fff
7fff
7fff
7fff
7fff
7fff
7fff
7fff
7fff
7fff
7fff
7fff
7fff
7fff
7fff
7fff
7fff
7fff
7fff
7fff
7fff
7fff
7fff
7fff
7fff
7fff
7fff
7fff
7fff
7fff
7fff
7fff
7fff
7fff
7fff
7fff
7fff
7fff
7fff
7fff
7fff
7fff
7fff
7fff
7fff
7fff
7fff
7fff
7fff
7fff
7fff
7fff
7fff
7fff
7fff
7fff
7fff
7fff
7fff
7fff
7fff
7fff
7fff
7fff
7fff
7fff
7fff
7fff
7fff
7fff
7fff
7fff
7fff
7fff
7fff
7fff
7fff
7fff
7fff
7fff
7fff
7fff
7fff
7fff
7fff
7fff
7fff
7fff
7fff
7fff
7fff
7fff
7fff
7fff
7fff
7fff
7fff
7fff
7fff
7fff
7fff
7fff
7fff
7fff
7fff
7fff
7fff
7fff
7fff
7fff
7fff
7fff
7fff
7fff
7fff
7fff
7fff
7fff
7fff
7fff
7fff
7fff
7fff
7fff
7fff
7fff
7fff
7fff
7fff
7fff
7fff
7fff
7fff
7fff
7fff
7fff
7fff
7fff
7fff
7fff
7fff
7fff
7fff
7fff
7fff
7fff
7fff
7fff
7fff
7fff
7fff
7fff
7fff
7fff
7fff
7fff
7fff
7fff
7fff
7fff
7fff
7fff
7fff
7fff
7fff
7fff
7fff
7fff
7fff
7fff
7fff
7fff
7fff
7fff
7fff
7fff
7fff
7fff
7fff
7fff
7fff
7fff
7fff
7fff
7fff
7fff
7fff
7fff
7fff
7fff
7fff
7fff
7fff
7fff
7fff
7fff
7fff
7fff
7fff
7fff
7fff
7fff
7fff
7fff
7fff
7fff
7fff
7fff
7fff
7fff
7fff
7fff
7fff
7fff
7fff
7fff
7fff
7fff
7fff
7fff
7fff
7fff
7fff
7fff
7fff
7fff
7fff
7fff
7fff
7fff
7fff
7fff
7fff
7fff
7fff
7fff
7fff
7fff
7fff
7fff
7fff
7fff
7fff
7fff
7fff
7fff
7fff
7fff
7fff
7fff
7fff
7fff
7fff
7fff
7fff
7fff
7fff
7fff
7fff
7fff
7fff
7fff
7fff
7fff
7fff
7fff
7fff
7fff
7fff
7fff
7fff
7fff
7fff
7fff
7fff
7fff
7fff
7fff
7fff
7fff
7fff
7fff
7fff
7fff
7fff
7fff
7fff
7fff
7fff
7fff
7fff
7fff
7fff
7fff
7fff
7fff
7fff
7fff
7fff
7fff
7fff
7fff
7fff
7fff
7fff
7fff
7fff
7fff
7fff
7fff
7fff
7fff
7fff
7fff
7fff
7fff
7fff
7fff
7fff
7fff
7fff
7fff
7fff
7fff
7fff
7fff
7fff
7fff
7fff
7fff
7fff
7fff
7fff
7fff
7fff
7fff
7fff
7fff
7fff
7fff
7fff
7fff
7fff
7fff
7fff
7fff
7fff
7fff
7fff
7fff
7fff
7fff
7fff
7fff
7fff
7fff
7fff
7fff
7fff
7fff
7fff
7fff
7fff
7fff
7fff
7fff
7fff
7fff
7fff
7fff
7fff
7fff
7fff
7fff
7fff
7fff
7fff
7fff
7fff
7fff
7fff
7fff
7fff
7fff
7fff
7fff
7fff
7fff
7fff
7fff
7fff
7fff
7fff
7fff
7fff
7fff
7fff
7fff
7fff
7fff
7fff
7fff
7fff
7fff
7fff
7fff
7fff
7fff
7fff
7fff
7fff
7fff
7fff
7fff
7fff
7fff
7fff
7fff
7fff
7fff
7fff
7fff
7fff
7fff
7fff
7fff
7fff
7fff
7fff
7fff
7fff
7fff
7fff
7fff
7fff
7fff
7fff
7fff
7fff
7fff
7fff
7fff
7fff
7fff
7fff
7fff
7fff
7fff
7fff
7fff
7fff
7fff
7fff
7fff
7fff
7fff
7fff
7fff
7fff
7fff
7fff
7fff
7fff
7fff
7fff
7fff
7fff
7fff
7fff
7fff
7fff
7fff
7fff
7fff
7fff
7fff
7fff
7fff
7fff
7fff
7fff
7fff
7fff
7fff
7fff
7fff
7fff
7fff
7fff
7fff
7fff
7fff
7fff
7fff
7fff
7fff
7fff
7fff
7fff
7fff
7fff
7fff
7fff
7fff
7fff
7fff
7fff
7fff
7fff
7fff
7fff
7fff
7fff
7fff
7fff
7fff
7fff
7fff
7fff
7fff
7fff
7fff
7fff
7fff
7fff
7fff
7fff
7fff
7fff
7fff
7fff
7fff
7fff
7fff
7fff
7fff
7fff
7fff
7fff
7fff
7fff
7fff
7fff
7fff
7fff
7fff
7fff
7fff
7fff
7fff
7fff
7fff
7fff
7fff
7fff
7fff
7fff
7fff
7fff
7fff
7fff
7fff
7fff
7fff
7fff
7fff
7fff
7fff
7fff
7fff
7fff
7fff
7fff
7fff
7fff
7fff
7fff
7fff
7fff
7fff
7fff
7fff
7fff
7fff
7fff
7fff
7fff
7fff
7fff
7fff
7fff
7fff
7fff
7fff
7fff
7fff
7fff
7fff
7fff
7fff
7fff
7fff
7fff
7fff
7fff
7fff
7fff
7fff
7fff
7fff
7fff
7fff
7fff
7fff
7fff
7fff
7fff
7fff
7fff
7fff
7fff
7fff
7fff
7fff
7fff
7fff
7fff
7fff
7fff
7fff
7fff
7fff
7fff
7fff
7fff
7fff
7fff
7fff
7fff
7fff
7fff
7fff
7fff
7fff
7fff
7fff
7fff
7fff
7fff
7fff
7fff
7fff
7fff
7fff
7fff
7fff
7fff
7fff
7fff
7fff
7fff
7fff
7fff
7fff
7fff
7fff
7fff
7fff
7fff
7fff
7fff
7fff
7fff
7fff
7fff
7fff
7fff
7fff
7fff
7fff
7fff
7fff
7fff
7fff
7fff
7fff
7fff
7fff
7fff
7fff
7fff
7fff
7fff
7fff
7fff
7fff
7fff
7fff
7fff
7fff
7fff
7fff
7fff
7fff
7fff
7fff
7fff
7fff
7fff
7fff
7fff
7fff
7fff
7fff
7fff
7fff
7fff
7fff
7fff
7fff
7fff
7fff
7fff
7fff
7fff
7fff
7fff
7fff
7fff
7fff
7fff
7fff
7fff
7fff
7fff
7fff
7fff
7fff
7fff
7fff
7fff
7fff
7fff
7fff
7fff
7fff
7fff
7fff
7fff
7fff
7fff
7fff
7fff
7fff
7fff
7fff
7fff
7fff
7fff
7fff
7fff
7fff
7fff
7fff
7fff
7fff
7fff
7fff
7fff
7fff
7fff
7fff
7fff
7fff
7fff
7fff
7fff
7fff
7fff
7fff
7fff
7fff
7fff
7fff
7fff
7fff
7fff
7fff
7fff
7fff
7fff
7fff
7fff
7fff
7fff
7fff
7fff
7fff
7fff
7fff
7fff
7fff
7fff
7fff
7fff
7fff
7fff
7fff
7fff
7fff
7fff
7fff
7fff
7fff
7fff
7fff
7fff
7fff
7fff
7fff
7fff
7fff
7fff
7fff
7fff
7fff
7fff
7fff
7fff
7fff
7fff
7fff
7fff
7fff
7fff
7fff
7fff
7fff
7fff
7fff
7fff
7fff
7fff
7fff
7fff
7fff
7fff
7fff
7fff
7fff
7fff
7fff
7fff
7fff
7fff
7fff
7fff
7fff
7fff
7fff
7fff
7fff
7fff
7fff
7fff
7fff
7fff
7fff
7fff
7fff
7fff
7fff
7fff
7fff
7fff
7fff
7fff
7fff
7fff
7fff
7fff
7fff
7fff
7fff
7fff
7fff
7fff
7fff
7fff
7fff
7fff
7fff
7fff
7fff
7fff
7fff
7fff
7fff
7fff
7fff
7fff
7fff
7fff
7fff
7fff
7fff
7fff
7fff
7fff
7fff
7fff
7fff
7fff
7fff
7fff
7fff
7fff
7fff
7fff
7fff
7fff
7fff
7fff
7fff
7fff
7fff
7fff
7fff
7fff
7fff
7fff
7fff
7fff
7fff
7fff
7fff
7fff
7fff
7fff
7fff
7fff
7fff
7fff
7fff
7fff
7fff
7fff
7fff
7fff
7fff
7fff
7fff
7fff
7fff
7fff
7fff
7fff
7fff
7fff
7fff
7fff
7fff
7fff
7fff
7fff
7fff
7fff
7fff
7fff
7fff
7fff
7fff
7fff
7fff
7fff
7fff
7fff
7fff
7fff
7fff
7fff
7fff
7fff
7fff
7fff
7fff
7fff
7fff
7fff
7fff
7fff
7fff
7fff
7fff
7fff
7fff
7fff
7fff
7fff
7fff
7fff
7fff
7fff
7fff
7fff
7fff
7fff
7fff
7fff
7fff
7fff
7fff
7fff
7fff
7fff
7fff
7fff
7fff
7fff
7fff
7fff
7fff
7fff
7fff
7fff
7fff
7fff
7fff
7fff
7fff
7fff
7fff
7fff
7fff
7fff
7fff
7fff
7fff
7fff
7fff
7fff
7fff
7fff
7fff
7fff
7fff
7fff
7fff
7fff
7fff
7fff
7fff
7fff
7fff
7fff
7fff
7fff
7fff
7fff
7fff
7fff
7fff
7fff
7fff
7fff
7fff
7fff
7fff
7fff
7fff
7fff
7fff
7fff
7fff
7fff
7fff
7fff
7fff
7fff
7fff
7fff
7fff
7fff
7fff
7fff
7fff
7fff
7fff
7fff
7fff
7fff
7fff
7fff
7fff
7fff
7fff
7fff
7fff
7fff
7fff
7fff
7fff
7fff
7fff
7fff
7fff
7fff
7fff
7fff
7fff
7fff
7fff
7fff
7fff
7fff
7fff
7fff
7fff
7fff
7fff
7fff
7fff
7fff
7fff
7fff
7fff
7fff
7fff
7fff
7fff
7fff
7fff
7fff
7fff
7fff
7fff
7fff
7fff
7fff
7fff
7fff
7fff
7fff
7fff
7fff
7fff
7fff
7fff
7fff
7fff
7fff
7fff
7fff
7fff
7fff
7fff
7fff
7fff
7fff
7fff
7fff
7fff
7fff
7fff
7fff
7fff
7fff
7fff
7fff
7fff
7fff
7fff
7fff
7fff
7fff
7fff
7fff
7fff
7fff
7fff
7fff
7fff
7fff
7fff
7fff
7fff
7fff
7fff
7fff
7fff
7fff
7fff
7fff
7fff
7fff
7fff
7fff
7fff
7fff
7fff
7fff
7fff
7fff
7fff
7fff
7fff
7fff
7fff
7fff
7fff
7fff
7fff
7fff
7fff
7fff
7fff
7fff
7fff
7fff
7fff
7fff
7fff
7fff
7fff
7fff
7fff
7fff
7fff
7fff
7fff
7fff
7fff
7fff
7fff
7fff
7fff
7fff
7fff
7fff
7fff
7fff
7fff
7fff
7fff
7fff
7fff
7fff
7fff
7fff
7fff
7fff
7fff
7fff
7fff
7fff
7fff
7fff
7fff
7fff
7fff
7fff
7fff
7fff
7fff
7fff
7fff
7fff
7fff
7fff
7fff
7fff
7fff
7fff
7fff
7fff
7fff
7fff
7fff
7fff
7fff
7fff
7fff
7fff
7fff
7fff
7fff
7fff
7fff
7fff
7fff
7fff
7fff
7fff
7fff
7fff
7fff
7fff
7fff
7fff
7fff
7fff
7fff
7fff
7fff
7fff
7fff
7fff
7fff
7fff
7fff
7fff
7fff
7fff
7fff
7fff
7fff
7fff
7fff
7fff
7fff
7fff
7fff
7fff
7fff
7fff
7fff
7fff
7fff
7fff
7fff
7fff
7fff
7fff
7fff
7fff
7fff
7fff
7fff
7fff
7fff
7fff
7fff
7fff
7fff
7fff
7fff
7fff
7fff
7fff
7fff
7fff
7fff
7fff
7fff
7fff
7fff
7fff
7fff
7fff
7fff
7fff
7fff
7fff
7fff
7fff
7fff
7fff
7fff
7fff
7fff
7fff
7fff
7fff
7fff
7fff
7fff
7fff
7fff
7fff
7fff
7fff
7fff
7fff
7fff
7fff
7fff
7fff
7fff
7fff
7fff
7fff
7fff
7fff
7fff
7fff
7fff
7fff
7fff
7fff
7fff
7fff
7fff
7fff
7fff
7fff
7fff
7fff
7fff
7fff
7fff
7fff
7fff
7fff
7fff
7fff
7fff
7fff
7fff
7fff
7fff
7fff
7fff
7fff
7fff
7fff
7fff
7fff
7fff
7fff
7fff
7fff
7fff
7fff
7fff
7fff
7fff
7fff
7fff
7fff
7fff
7fff
7fff
7fff
7fff
7fff
7fff
7fff
7fff
7fff
7fff
7fff
7fff
7fff
7fff
7fff
7fff
7fff
7fff
7fff
7fff
7fff
7fff
7fff
7fff
7fff
7fff
7fff
7fff
7fff
7fff
7fff
7fff
7fff
7fff
7fff
7fff
7fff
7fff
7fff
7fff
7fff
7fff
7fff
7fff
7fff
7fff
7fff
7fff
7fff
7fff
7fff
7fff
7fff
7fff
7fff
7fff
7fff
7fff
7fff
7fff
7fff
7fff
7fff
7fff
7fff
7fff
7fff
7fff
7fff
7fff
7fff
7fff
7fff
7fff
7fff
7fff
7fff
7fff
7fff
7fff
7fff
7fff
7fff
7fff
7fff
7fff
7fff
7fff
7fff
7fff
7fff
7fff
7fff
7fff
7fff
7fff
7fff
7fff
7fff
7fff
7fff
7fff
7fff
7fff
7fff
7fff
7fff
7fff
7fff
7fff
7fff
7fff
7fff
7fff
7fff
7fff
7fff
7fff
7fff
7fff
7fff
7fff
7fff
7fff
7fff
7fff
7fff
7fff
7fff
7fff
7fff
7fff
7fff
7fff
7fff
7fff
7fff
7fff
7fff
7fff
7fff
7fff
7fff
7fff
7fff
7fff
7fff
7fff
7fff
7fff
7fff
7fff
7fff
7fff
7fff
7fff
7fff
7fff
7fff
7fff
7fff
7fff
7fff
7fff
7fff
7fff
7fff
7fff
7fff
7fff
7fff
7fff
7fff
7fff
7fff
7fff
7fff
7fff
7fff
7fff
7fff
7fff
7fff
7fff
7fff
7fff
7fff
7fff
7fff
7fff
7fff
7fff
7fff
7fff
7fff
7fff
7fff
7fff
7fff
7fff
7fff
7fff
7fff
7fff
7fff
7fff
7fff
7fff
7fff
7fff
7fff
7fff
7fff
7fff
7fff
7fff
7fff
7fff
7fff
7fff
7fff
7fff
7fff
7fff
7fff
7fff
7fff
7fff
7fff
7fff
7fff
7fff
7fff
7fff
7fff
7fff
7fff
7fff
7fff
7fff
7fff
7fff
7fff
7fff
7fff
7fff
7fff
7fff
7fff
7fff
7fff
7fff
7fff
7fff
7fff
7fff
7fff
7fff
7fff
7fff
7fff
7fff
7fff
7fff
7fff
7fff
7fff
7fff
7fff
7fff
7fff
7fff
7fff
7fff
7fff
7fff
7fff
7fff
7fff
7fff
7fff
7fff
7fff
7fff
7fff
7fff
7fff
7fff
7fff
7fff
7fff
7fff
7fff
7fff
7fff
7fff
7fff
7fff
7fff
7fff
7fff
7fff
7fff
7fff
7fff
7fff
7fff
7fff
7fff
7fff
7fff
7fff
7fff
7fff
7fff
7fff
7fff
7fff
7fff
7fff
7fff
7fff
7fff
7fff
7fff
7fff
7fff
7fff
7fff
7fff
7fff
7fff
7fff
7fff
7fff
7fff
7fff
7fff
7fff
7fff
7fff
7fff
7fff
7fff
7fff
7fff
7fff
7fff
7fff
7fff
7fff
7fff
7fff
7fff
7fff
7fff
7fff
7fff
7fff
7fff
7fff
7fff
7fff
7fff
7fff
7fff
7fff
7fff
7fff
7fff
7fff
7fff
7fff
7fff
7fff
7fff
7fff
7fff
7fff
7fff
7fff
7fff
7fff
7fff
7fff
7fff
7fff
7fff
7fff
7fff
7fff
7fff
7fff
7fff
7fff
7fff
7fff
7fff
7fff
7fff
7fff
7fff
7fff
7fff
7fff
7fff
7fff
7fff
7fff
7fff
7fff
7fff
7fff
7fff
7fff
7fff
7fff
7fff
7fff
7fff
7fff
7fff
7fff
7fff
7fff
7fff
7fff
7fff
7fff
7fff
7fff
7fff
7fff
7fff
7fff
7fff
7fff
7fff
7fff
7fff
7fff
7fff
7fff
7fff
7fff
7fff
7fff
7fff
7fff
7fff
7fff
7fff
7fff
7fff
7fff
7fff
7fff
7fff
7fff
7fff
7fff
7fff
7fff
7fff
7fff
7fff
7fff
7fff
7fff
7fff
7fff
7fff
7fff
7fff
7fff
7fff
7fff
7fff
7fff
7fff
7fff
7fff
7fff
7fff
7fff
7fff
7fff
7fff
7fff
7fff
7fff
7fff
7fff
7fff
7fff
7fff
7fff
7fff
7fff
7fff
7fff
7fff
7fff
7fff
7fff
7fff
7fff
7fff
7fff
7fff
7fff
7fff
7fff
7fff
7fff
7fff
7fff
7fff
7fff
7fff
7fff
7fff
7fff
7fff
7fff
7fff
7fff
7fff
7fff
7fff
7fff
7fff
7fff
7fff
7fff
7fff
7fff
7fff
7fff
7fff
7fff
7fff
7fff
7fff
7fff
7fff
7fff
7fff
7fff
7fff
7fff
7fff
7fff
7fff
7fff
7fff
7fff
7fff
7fff
7fff
7fff
7fff
7fff
7fff
7fff
7fff
7fff
7fff
7fff
7fff
7fff
7fff
7fff
7fff
7fff
7fff
7fff
7fff
7fff
7fff
7fff
7fff
7fff
7fff
7fff
7fff
7fff
7fff
7fff
7fff
7fff
7fff
7fff
7fff
7fff
7fff
7fff
7fff
7fff
7fff
7fff
7fff
7fff
7fff
7fff
7fff
7fff
7fff
7fff
7fff
7fff
7fff
7fff
7fff
7fff
7fff
7fff
7fff
7fff
7fff
7fff
7fff
7fff
7fff
7fff
7fff
7fff
7fff
7fff
7fff
7fff
7fff
7fff
7fff
7fff
7fff
7fff
7fff
7fff
7fff
7fff
7fff
7fff
7fff
7fff
7fff
7fff
7fff
7fff
7fff
7fff
7fff
7fff
7fff
7fff
7fff
7fff
7fff
7fff
7fff
7fff
7fff
7fff
7fff
7fff
7fff
7fff
7fff
7fff
7fff
7fff
7fff
7fff
7fff
7fff
7fff
7fff
7fff
7fff
7fff
7fff
7fff
7fff
7fff
7fff
7fff
7fff
7fff
7fff
7fff
7fff
7fff
7fff
7fff
7fff
7fff
7fff
7fff
7fff
7fff
7fff
7fff
7fff
7fff
7fff
7fff
7fff
7fff
7fff
7fff
7fff
7fff
7fff
7fff
7fff
7fff
7fff
7fff
7fff
7fff
7fff
7fff
7fff
7fff
7fff
7fff
7fff
7fff
7fff
7fff
7fff
7fff
7fff
7fff
7fff
7fff
7fff
7fff
7fff
7fff
7fff
7fff
7fff
7fff
7fff
7fff
7fff
7fff
7fff
7fff
7fff
7fff
7fff
7fff
7fff
7fff
7fff
7fff
7fff
7fff
7fff
7fff
7fff
7fff
7fff
7fff
7fff
7fff
7fff
7fff
7fff
7fff
7fff
7fff
7fff
7fff
7fff
7fff
7fff
7fff
7fff
7fff
7fff
7fff
7fff
7fff
7fff
7fff
7fff
7fff
7fff
7fff
7fff
7fff
7fff
7fff
7fff
7fff
7fff
7fff
7fff
7fff
7fff
7fff
7fff
7fff
7fff
7fff
7fff
7fff
7fff
7fff
7fff
7fff
7fff
7fff
7fff
7fff
7fff
7fff
7fff
7fff
7fff
7fff
7fff
7fff
7fff
7fff
7fff
7fff
7fff
7fff
7fff
7fff
7fff
7fff
7fff
7fff
7fff
7fff
7fff
7fff
7fff
7fff
7fff
7fff
7fff
7fff
7fff
7fff
7fff
7fff
7fff
7fff
7fff
7fff
7fff
7fff
7fff
7fff
7fff
7fff
7fff
7fff
7fff
7fff
7fff
7fff
7fff
7fff
7fff
7fff
7fff
7fff
7fff
7fff
7fff
7fff
7fff
7fff
7fff
7fff
7fff
7fff
7fff
7fff
7fff
7fff
7fff
7fff
7fff
7fff
7fff
7fff
7fff
7fff
7fff
7fff
7fff
7fff
7fff
7fff
7fff
7fff
7fff
7fff
7fff
7fff
7fff
7fff
7fff
7fff
7fff
7fff
7fff
7fff
7fff
7fff
7fff
7fff
7fff
7fff
7fff
7fff
7fff
7fff
7fff
7fff
7fff
7fff
7fff
7fff
7fff
7fff
7fff
7fff
7fff
7fff
7fff
7fff
7fff
7fff
7fff
7fff
7fff
7fff
7fff
7fff
7fff
7fff
7fff
7fff
7fff
7fff
7fff
7fff
7fff
7fff
7fff
7fff
7fff
7fff
7fff
7fff
7fff
7fff
7fff
7fff
7fff
7fff
7fff
7fff
7fff
7fff
7fff
7fff
7fff
7fff
7fff
7fff
7fff
7fff
7fff
7fff
7fff
7fff
7fff
7fff
7fff
7fff
7fff
7fff
7fff
7fff
7fff
7fff
7fff
7fff
7fff
7fff
7fff
7fff
7fff
7fff
7fff
7fff
7fff
7fff
7fff
7fff
7fff
7fff
7fff
7fff
7fff
7fff
7fff
7fff
7fff
7fff
7fff
7fff
7fff
7fff
7fff
7fff
7fff
7fff
7fff
7fff
7fff
7fff
7fff
7fff
7fff
7fff
7fff
7fff
7fff
7fff
7fff
7fff
7fff
7fff
7fff
7fff
7fff
7fff
7fff
7fff
7fff
7fff
7fff
7fff
7fff
7fff
7fff
7fff
7fff
7fff
7fff
7fff
7fff
7fff
7fff
7fff
7fff
7fff
7fff
7fff
7fff
7fff
7fff
7fff
7fff
7fff
7fff
7fff
7fff
7fff
7fff
7fff
7fff
7fff
7fff
7fff
7fff
7fff
7fff
7fff
7fff
7fff
7fff
7fff
7fff
7fff
7fff
7fff
7fff
7fff
7fff
7fff
7fff
7fff
7fff
7fff
7fff
7fff
7fff
7fff
7fff
7fff
7fff
7fff
7fff
7fff
7fff
7fff
7fff
7fff
7fff
7fff
7fff
7fff
7fff
7fff
7fff
7fff
7fff
7fff
7fff
7fff
7fff
7fff
7fff
7fff
7fff
7fff
7fff
7fff
7fff
7fff
7fff
7fff
7fff
7fff
7fff
7fff
7fff
7fff
7fff
7fff
7fff
7fff
7fff
7fff
7fff
7fff
7fff
7fff
7fff
7fff
7fff
7fff
7fff
7fff
7fff
7fff
7fff
7fff
7fff
7fff
7fff
7fff
7fff
7fff
7fff
7fff
7fff
7fff
7fff
7fff
7fff
7fff
7fff
7fff
7fff
7fff
7fff
7fff
7fff
7fff
7fff
7fff
7fff
7fff
7fff
7fff
7fff
7fff
7fff
7fff
7fff
7fff
7fff
7fff
7fff
7fff
7fff
7fff
7fff
7fff
7fff
7fff
7fff
7fff
7fff
7fff
7fff
7fff
7fff
7fff
7fff
7fff
7fff
7fff
7fff
7fff
7fff
7fff
7fff
7fff
7fff
7fff
7fff
7fff
7fff
7fff
7fff
7fff
7fff
7fff
7fff
7fff
7fff
7fff
7fff
7fff
7fff
7fff
7fff
7fff
7fff
7fff
7fff
7fff
7fff
7fff
7fff
7fff
7fff
7fff
7fff
7fff
7fff
7fff
7fff
7fff
7fff
7fff
7fff
7fff
7fff
7fff
7fff
7fff
7fff
7fff
7fff
7fff
7fff
7fff
7fff
7fff
7fff
7fff
7fff
7fff
7fff
7fff
7fff
7fff
7fff
7fff
7fff
7fff
7fff
7fff
7fff
7fff
7fff
7fff
7fff
7fff
7fff
7fff
7fff
7fff
7fff
7fff
7fff
7fff
7fff
7fff
7fff
7fff
7fff
7fff
7fff
7fff
7fff
7fff
7fff
7fff
7fff
7fff
7fff
7fff
7fff
7fff
7fff
7fff
7fff
7fff
7fff
7fff
7fff
7fff
7fff
7fff
7fff
7fff
7fff
7fff
7fff
7fff
7fff
7fff
7fff
7fff
7fff
7fff
7fff
7fff
7fff
7fff
7fff
7fff
7fff
7fff
7fff
7fff
7fff
7fff
7fff
7fff
7fff
7fff
7fff
7fff
7fff
7fff
7fff
7fff
7fff
7fff
7fff
7fff
7fff
7fff
7fff
7fff
7fff
7fff
7fff
7fff
7fff
7fff
7fff
7fff
7fff
7fff
7fff
7fff
7fff
7fff
7fff
7fff
7fff
7fff
7fff
7fff
7fff
7fff
7fff
7fff
7fff
7fff
7fff
7fff
7fff
7fff
7fff
7fff
7fff
7fff
7fff
7fff
7fff
7fff
7fff
7fff
7fff
7fff
7fff
7fff
7fff
7fff
7fff
7fff
7fff
7fff
7fff
7fff
7fff
7fff
7fff
7fff
7fff
7fff
7fff
7fff
7fff
7fff
7fff
7fff
7fff
7fff
7fff
7fff
7fff
7fff
7fff
7fff
7fff
7fff
7fff
7fff
7fff
7fff
7fff
7fff
7fff
7fff
7fff
7fff
7fff
7fff
7fff
7fff
7fff
7fff
7fff
7fff
7fff
7fff
7fff
7fff
7fff
7fff
7fff
7fff
7fff
7fff
7fff
7fff
7fff
7fff
7fff
7fff
7fff
7fff
7fff
7fff
7fff
7fff
7fff
7fff
7fff
7fff
7fff
7fff
7fff
7fff
7fff
7fff
7fff
7fff
7fff
7fff
7fff
7fff
7fff
7fff
7fff
7fff
7fff
7fff
7fff
7fff
7fff
7fff
7fff
7fff
7fff
7fff
7fff
7fff
7fff
7fff
7fff
7fff
7fff
7fff
7fff
7fff
7fff
7fff
7fff
7fff
7fff
7fff
7fff
7fff
7fff
7fff
7fff
7fff
7fff
7fff
7fff
7fff
7fff
7fff
7fff
7fff
7fff
7fff
7fff
7fff
7fff
7fff
7fff
7fff
7fff
7fff
7fff
7fff
7fff
7fff
7fff
7fff
7fff
7fff
7fff
7fff
7fff
7fff
7fff
7fff
7fff
7fff
7fff
7fff
7fff
7fff
7fff
7fff
7fff
7fff
7fff
7fff
7fff
7fff
7fff
7fff
7fff
7fff
7fff
7fff
7fff
7fff
7fff
7fff
7fff
7fff
7fff
7fff
7fff
7fff
7fff
7fff
7fff
7fff
7fff
7fff
7fff
7fff
7fff
7fff
7fff
7fff
7fff
7fff
7fff
7fff
7fff
7fff
7fff
7fff
7fff
7fff
7fff
7fff
7fff
7fff
7fff
7fff
7fff
7fff
7fff
7fff
7fff
7fff
7fff
7fff
7fff
7fff
7fff
7fff
7fff
7fff
7fff
7fff
7fff
7fff
7fff
7fff
7fff
7fff
7fff
7fff
7fff
7fff
7fff
7fff
7fff
7fff
7fff
7fff
7fff
7fff
7fff
7fff
7fff
7fff
7fff
7fff
7fff
7fff
7fff
7fff
7fff
7fff
7fff
7fff
7fff
7fff
7fff
7fff
7fff
7fff
7fff
7fff
7fff
7fff
7fff
7fff
7fff
7fff
7fff
7fff
7fff
7fff
7fff
7fff
7fff
7fff
7fff
7fff
7fff
7fff
7fff
7fff
7fff
7fff
7fff
7fff
7fff
7fff
7fff
7fff
7fff
7fff
7fff
7fff
7fff
7fff
7fff
7fff
7fff
7fff
7fff
7fff
7fff
7fff
7fff
7fff
7fff
7fff
7fff
7fff
7fff
7fff
7fff
7fff
7fff
7fff
7fff
7fff
7fff
7fff
7fff
7fff
7fff
7fff
7fff
7fff
7fff
7fff
7fff
7fff
7fff
7fff
7fff
7fff
7fff
7fff
7fff
7fff
7fff
7fff
7fff
7fff
7fff
7fff
7fff
7fff
7fff
7fff
7fff
7fff
7fff
7fff
7fff
7fff
7fff
7fff
7fff
7fff
7fff
7fff
7fff
7fff
7fff
7fff
7fff
7fff
7fff
7fff
7fff
7fff
7fff
7fff
7fff
7fff
7fff
7fff
7fff
7fff
7fff
7fff
7fff
7fff
7fff
7fff
7fff
7fff
7fff
7fff
7fff
7fff
7fff
7fff
7fff
7fff
7fff
7fff
7fff
7fff
7fff
7fff
7fff
7fff
7fff
7fff
7fff
7fff
7fff
7fff
7fff
7fff
7fff
7fff
7fff
7fff
7fff
7fff
7fff
7fff
7fff
7fff
7fff
7fff
7fff
7fff
7fff
7fff
7fff
7fff
7fff
7fff
7fff
7fff
7fff
7fff
7fff
7fff
7fff
7fff
7fff
7fff
7fff
7fff
7fff
7fff
7fff
7fff
7fff
7fff
7fff
7fff
7fff
7fff
7fff
7fff
7fff
7fff
7fff
7fff
7fff
7fff
7fff
7fff
7fff
7fff
7fff
7fff
7fff
7fff
7fff
7fff
7fff
7fff
7fff
7fff
7fff
7fff
7fff
7fff
7fff
7fff
7fff
7fff
7fff
7fff
7fff
7fff
7fff
7fff
7fff
7fff
7fff
7fff
7fff
7fff
7fff
7fff
7fff
7fff
7fff
7fff
7fff
7fff
7fff
7fff
7fff
7fff
7fff
7fff
7fff
7fff
7fff
7fff
7fff
7fff
7fff
7fff
7fff
7fff
7fff
7fff
7fff
7fff
7fff
7fff
7fff
7fff
7fff
7fff
7fff
7fff
7fff
7fff
7fff
7fff
7fff
7fff
7fff
7fff
7fff
7fff
7fff
7fff
7fff
7fff
7fff
7fff
7fff
7fff
7fff
7fff
7fff
7fff
7fff
7fff
7fff
7fff
7fff
7fff
7fff
7fff
7fff
7fff
7fff
7fff
7fff
7fff
7fff
7fff
7fff
7fff
7fff
7fff
7fff
7fff
7fff
7fff
7fff
7fff
7fff
7fff
7fff
7fff
7fff
7fff
7fff
7fff
7fff
7fff
7fff
7fff
7fff
7fff
7fff
7fff
7fff
7fff
7fff
7fff
7fff
7fff
7fff
7fff
7fff
7fff
7fff
7fff
7fff
7fff
7fff
7fff
7fff
7fff
7fff
7fff
7fff
7fff
7fff
7fff
7fff
7fff
7fff
7fff
7fff
7fff
7fff
7fff
7fff
7fff
7fff
7fff
7fff
7fff
7fff
7fff
7fff
7fff
7fff
7fff
7fff
7fff
7fff
7fff
7fff
7fff
7fff
7fff
7fff
7fff
7fff
7fff
7fff
7fff
7fff
7fff
7fff
7fff
7fff
7fff
7fff
7fff
7fff
7fff
7fff
7fff
7fff
7fff
7fff
7fff
7fff
7fff
7fff
7fff
7fff
7fff
7fff
7fff
7fff
7fff
7fff
7fff
7fff
7fff
7fff
7fff
7fff
7fff
7fff
7fff
7fff
7fff
7fff
7fff
7fff
7fff
7fff
7fff
7fff
7fff
7fff
7fff
7fff
7fff
7fff
7fff
7fff
7fff
7fff
7fff
7fff
7fff
7fff
7fff
7fff
7fff
7fff
7fff
7fff
7fff
7fff
7fff
7fff
7fff
7fff
7fff
7fff
7fff
7fff
7fff
7fff
7fff
7fff
7fff
7fff
7fff
7fff
7fff
7fff
7fff
7fff
7fff
7fff
7fff
7fff
7fff
7fff
7fff
7fff
7fff
7fff
7fff
7fff
7fff
7fff
7fff
7fff
7fff
7fff
7fff
7fff
7fff
7fff
7fff
7fff
7fff
7fff
7fff
7fff
7fff
7fff
7fff
7fff
7fff
7fff
7fff
7fff
7fff
7fff
7fff
7fff
7fff
7fff
7fff
7fff
7fff
7fff
7fff
7fff
7fff
7fff
7fff
7fff
7fff
7fff
7fff
7fff
7fff
7fff
7fff
7fff
7fff
7fff
7fff
7fff
7fff
7fff
7fff
7fff
7fff
7fff
7fff
7fff
7fff
7fff
7fff
7fff
7fff
7fff
7fff
7fff
7fff
7fff
7fff
7fff
7fff
7fff
7fff
7fff
7fff
7fff
7fff
7fff
7fff
7fff
7fff
7fff
7fff
7fff
7fff
7fff
7fff
7fff
7fff
7fff
7fff
7fff
7fff
7fff
7fff
7fff
7fff
7fff
7fff
7fff
7fff
7fff
7fff
7fff
7fff
7fff
7fff
7fff
7fff
7fff
7fff
7fff
7fff
7fff
7fff
7fff
7fff
7fff
7fff
7fff
7fff
7fff
7fff
7fff
7fff
7fff
7fff
7fff
7fff
7fff
7fff
7fff
7fff
7fff
7fff
7fff
7fff
7fff
7fff
7fff
7fff
7fff
7fff
7fff
7fff
7fff
7fff
7fff
7fff
7fff
7fff
7fff
7fff
7fff
7fff
7fff
7fff
7fff
7fff
7fff
7fff
7fff
7fff
7fff
7fff
7fff
7fff
7fff
7fff
7fff
7fff
7fff
7fff
7fff
7fff
7fff
7fff
7fff
7fff
7fff
7fff
7fff
7fff
7fff
7fff
7fff
7fff
7fff
7fff
7fff
7fff
7fff
7fff
7fff
7fff
7fff
7fff
7fff
7fff
7fff
7fff
7fff
7fff
7fff
7fff
7fff
7fff
7fff
7fff
7fff
7fff
7fff
7fff
7fff
7fff
7fff
7fff
7fff
7fff
7fff
7fff
7fff
7fff
7fff
7fff
7fff
7fff
7fff
7fff
7fff
7fff
7fff
7fff
7fff
7fff
7fff
7fff
7fff
7fff
7fff
7fff
7fff
7fff
7fff
7fff
7fff
7fff
7fff
7fff
7fff
7fff
7fff
7fff
7fff
7fff
7fff
7fff
7fff
7fff
7fff
7fff
7fff
7fff
7fff
7fff
7fff
7fff
7fff
7fff
7fff
7fff
7fff
7fff
7fff
7fff
7fff
7fff
7fff
7fff
7fff
7fff
7fff
7fff
7fff
7fff
7fff
7fff
7fff
7fff
7fff
7fff
7fff
7fff
7fff
7fff
7fff
7fff
7fff
7fff
7fff
7fff
7fff
7fff
7fff
7fff
7fff
7fff
7fff
7fff
7fff
7fff
7fff
7fff
7fff
7fff
7fff
7fff
7fff
7fff
7fff
7fff
7fff
7fff
7fff
7fff
7fff
7fff
7fff
7fff
7fff
7fff
7fff
7fff
7fff
7fff
7fff
7fff
7fff
7fff
7fff
7fff
7fff
7fff
7fff
7fff
7fff
7fff
7fff
7fff
7fff
7fff
7fff
7fff
7fff
7fff
7fff
7fff
7fff
7fff
7fff
7fff
7fff
7fff
7fff
7fff
7fff
7fff
7fff
7fff
7fff
7fff
7fff
7fff
7fff
7fff
7fff
7fff
7fff
7fff
7fff
7fff
7fff
7fff
7fff
7fff
7fff
7fff
7fff
7fff
7fff
7fff
7fff
7fff
7fff
7fff
7fff
7fff
7fff
7fff
7fff
7fff
7fff
7fff
7fff
7fff
7fff
7fff
7fff
7fff
7fff
7fff
7fff
7fff
7fff
7fff
7fff
7fff
7fff
7fff
7fff
7fff
7fff
7fff
7fff
7fff
7fff
7fff
7fff
7fff
7fff
7fff
7fff
7fff
7fff
7fff
7fff
7fff
7fff
7fff
7fff
7fff
7fff
7fff
7fff
7fff
7fff
7fff
7fff
7fff
7fff
7fff
7fff
7fff
7fff
7fff
7fff
7fff
7fff
7fff
7fff
7fff
7fff
7fff
7fff
7fff
7fff
7fff
7fff
7fff
7fff
7fff
7fff
7fff
7fff
7fff
7fff
7fff
7fff
7fff
7fff
7fff
7fff
7fff
7fff
7fff
7fff
7fff
7fff
7fff
7fff
7fff
7fff
7fff
7fff
7fff
7fff
7fff
7fff
7fff
7fff
7fff
7fff
7fff
7fff
7fff
7fff
7fff
7fff
7fff
7fff
7fff
7fff
7fff
7fff
7fff
7fff
7fff
7fff
7fff
7fff
7fff
7fff
7fff
7fff
7fff
7fff
7fff
7fff
7fff
7fff
7fff
7fff
7fff
7fff
7fff
7fff
7fff
7fff
7fff
7fff
7fff
7fff
7fff
7fff
7fff
7fff
7fff
7fff
7fff
7fff
7fff
7fff
7fff
7fff
7fff
7fff
7fff
7fff
7fff
7fff
7fff
7fff
7fff
7fff
7fff
7fff
7fff
7fff
7fff
7fff
7fff
7fff
7fff
7fff
7fff
7fff
7fff
7fff
7fff
7fff
7fff
7fff
7fff
7fff
7fff
7fff
7fff
7fff
7fff
7fff
7fff
7fff
7fff
7fff
7fff
7fff
7fff
7fff
7fff
7fff
7fff
7fff
7fff
7fff
7fff
7fff
7fff
7fff
7fff
7fff
7fff
7fff
7fff
7fff
7fff
7fff
7fff
7fff
7fff
7fff
7fff
7fff
7fff
7fff
7fff
7fff
7fff
7fff
7fff
7fff
7fff
7fff
7fff
7fff
7fff
7fff
7fff
7fff
7fff
7fff
7fff
7fff
7fff
7fff
7fff
7fff
7fff
7fff
7fff
7fff
7fff
7fff
7fff
7fff
7fff
7fff
7fff
7fff
7fff
7fff
7fff
7fff
7fff
7fff
7fff
7fff
7fff
7fff
7fff
7fff
7fff
7fff
7fff
7fff
7fff
7fff
7fff
7fff
7fff
7fff
7fff
7fff
7fff
7fff
7fff
7fff
7fff
7fff
7fff
7fff
7fff
7fff
7fff
7fff
7fff
7fff
7fff
7fff
7fff
7fff
7fff
7fff
7fff
7fff
7fff
7fff
7fff
7fff
7fff
7fff
7fff
7fff
7fff
7fff
7fff
7fff
7fff
7fff
7fff
7fff
7fff
7fff
7fff
7fff
7fff
7fff
7fff
7fff
7fff
7fff
7fff
7fff
7fff
7fff
7fff
7fff
7fff
7fff
7fff
7fff
7fff
7fff
7fff
7fff
7fff
7fff
7fff
7fff
7fff
7fff
7fff
7fff
7fff
7fff
7fff
7fff
7fff
7fff
7fff
7fff
7fff
7fff
7fff
7fff
7fff
7fff
7fff
7fff
7fff
7fff
7fff
7fff
7fff
7fff
7fff
7fff
7fff
7fff
7fff
7fff
7fff
7fff
7fff
7fff
7fff
7fff
7fff
7fff
7fff
7fff
7fff
7fff
7fff
7fff
7fff
7fff
7fff
7fff
7fff
7fff
7fff
7fff
7fff
7fff
7fff
7fff
7fff
7fff
7fff
7fff
7fff
7fff
7fff
7fff
7fff
7fff
7fff
7fff
7fff
7fff
7fff
7fff
7fff
7fff
7fff
7fff
7fff
7fff
7fff
7fff
7fff
7fff
7fff
7fff
7fff
7fff
7fff
7fff
7fff
7fff
7fff
7fff
7fff
7fff
7fff
7fff
7fff
7fff
7fff
7fff
7fff
7fff
7fff
7fff
7fff
7fff
7fff
7fff
7fff
7fff
7fff
7fff
7fff
7fff
7fff
7fff
7fff
7fff
7fff
7fff
7fff
7fff
7fff
7fff
7fff
7fff
7fff
7fff
7fff
7fff
7fff
7fff
7fff
7fff
7fff
7fff
7fff
7fff
7fff
7fff
7fff
7fff
7fff
7fff
7fff
7fff
7fff
7fff
7fff
7fff
7fff
7fff
7fff
7fff
7fff
7fff
7fff
7fff
7fff
7fff
7fff
7fff
7fff
7fff
7fff
7fff
7fff
7fff
7fff
7fff
7fff
7fff
7fff
7fff
7fff
7fff
7fff
7fff
7fff
7fff
7fff
7fff
7fff
7fff
7fff
7fff
7fff
7fff
7fff
7fff
7fff
7fff
7fff
7fff
7fff
7fff
7fff
7fff
7fff
7fff
7fff
7fff
7fff
7fff
7fff
7fff
7fff
7fff
7fff
7fff
7fff
7fff
7fff
7fff
7fff
7fff
7fff
7fff
7fff
7fff
7fff
7fff
7fff
7fff
7fff
7fff
7fff
7fff
7fff
7fff
7fff
7fff
7fff
7fff
7fff
7fff
7fff
7fff
7fff
7fff
7fff
7fff
7fff
7fff
7fff
7fff
7fff
7fff
7fff
7fff
7fff
7fff
7fff
7fff
7fff
7fff
7fff
7fff
7fff
7fff
7fff
7fff
7fff
7fff
7fff
7fff
7fff
7fff
7fff
7fff
7fff
7fff
7fff
7fff
7fff
7fff
7fff
7fff
7fff
7fff
7fff
7fff
7fff
7fff
7fff
7fff
7fff
7fff
7fff
7fff
7fff
7fff
7fff
7fff
7fff
7fff
7fff
7fff
7fff
7fff
7fff
7fff
7fff
7fff
7fff
7fff
7fff
7fff
7fff
7fff
7fff
7fff
7fff
7fff
7fff
7fff
7fff
7fff
7fff
7fff
7fff
7fff
7fff
7fff
7fff
7fff
7fff
7fff
7fff
7fff
7fff
7fff
7fff
7fff
7fff
7fff
7fff
7fff
7fff
7fff
7fff
7fff
7fff
7fff
7fff
7fff
7fff
7fff
7fff
7fff
7fff
7fff
7fff
7fff
7fff
7fff
7fff
7fff
7fff
7fff
7fff
7fff
7fff
7fff
7fff
7fff
7fff
7fff
7fff
7fff
7fff
7fff
7fff
7fff
7fff
7fff
7fff
7fff
7fff
7fff
7fff
7fff
7fff
7fff
7fff
7fff
7fff
7fff
7fff
7fff
7fff
7fff
7fff
7fff
7fff
7fff
7fff
7fff
7fff
7fff
7fff
7fff
7fff
7fff
7fff
7fff
7fff
7fff
7fff
7fff
7fff
7fff
7fff
7fff
7fff
7fff
7fff
7fff
7fff
7fff
7fff
7fff
7fff
7fff
7fff
7fff
7fff
7fff
7fff
7fff
7fff
7fff
7fff
7fff
7fff
7fff
7fff
7fff
7fff
7fff
7fff
7fff
7fff
7fff
7fff
7fff
7fff
7fff
7fff
7fff
7fff
7fff
7fff
7fff
7fff
7fff
7fff
7fff
7fff
7fff
7fff
7fff
7fff
7fff
7fff
7fff
7fff
7fff
7fff
7fff
7fff
7fff
7fff
7fff
7fff
7fff
7fff
7fff
7fff
7fff
7fff
7fff
7fff
7fff
7fff
7fff
7fff
7fff
7fff
7fff
7fff
7fff
7fff
7fff
7fff
7fff
7fff
7fff
7fff
7fff
7fff
7fff
7fff
7fff
7fff
7fff
7fff
7fff
7fff
7fff
7fff
7fff
7fff
7fff
7fff
7fff
7fff
7fff
7fff
7fff
7fff
7fff
7fff
7fff
7fff
7fff
7fff
7fff
7fff
7fff
7fff
7fff
7fff
7fff
7fff
7fff
7fff
7fff
7fff
7fff
7fff
7fff
7fff
7fff
7fff
7fff
7fff
7fff
7fff
7fff
7fff
7fff
7fff
7fff
7fff
7fff
7fff
7fff
7fff
7fff
7fff
7fff
7fff
7fff
7fff
7fff
7fff
7fff
7fff
7fff
7fff
7fff
7fff
7fff
7fff
7fff
7fff
7fff
7fff
7fff
7fff
7fff
7fff
7fff
7fff
7fff
7fff
7fff
7fff
7fff
7fff
7fff
7fff
7fff
7fff
7fff
7fff
7fff
7fff
7fff
7fff
7fff
7fff
7fff
7fff
7fff
7fff
7fff
7fff
7fff
7fff
7fff
7fff
7fff
7fff
7fff
7fff
7fff
7fff
7fff
7fff
7fff
7fff
7fff
7fff
7fff
7fff
7fff
7fff
7fff
7fff
7fff
7fff
7fff
7fff
7fff
7fff
7fff
7fff
7fff
7fff
7fff
7fff
7fff
7fff
7fff
7fff
7fff
7fff
7fff
7fff
7fff
7fff
7fff
7fff
7fff
7fff
7fff
7fff
7fff
7fff
7fff
7fff
7fff
7fff
7fff
7fff
7fff
7fff
7fff
7fff
7fff
7fff
7fff
7fff
7fff
7fff
7fff
7fff
7fff
7fff
7fff
7fff
7fff
7fff
7fff
7fff
7fff
7fff
7fff
7fff
7fff
7fff
7fff
7fff
7fff
7fff
7fff
7fff
7fff
7fff
7fff
7fff
7fff
7fff
7fff
7fff
7fff
7fff
7fff
7fff
7fff
7fff
7fff
7fff
7fff
7fff
7fff
7fff
7fff
7fff
7fff
7fff
7fff
7fff
7fff
7fff
7fff
7fff
7fff
7fff
7fff
7fff
7fff
7fff
7fff
7fff
7fff
7fff
7fff
7fff
7fff
7fff
7fff
7fff
7fff
7fff
7fff
7fff
7fff
7fff
7fff
7fff
7fff
7fff
7fff
7fff
7fff
7fff
7fff
7fff
7fff
7fff
7fff
7fff
7fff
7fff
7fff
7fff
7fff
7fff
7fff
7fff
7fff
7fff
7fff
7fff
7fff
7fff
7fff
7fff
7fff
7fff
7fff
7fff
7fff
7fff
7fff
7fff
7fff
7fff
7fff
7fff
7fff
7fff
7fff
7fff
7fff
7fff
7fff
7fff
7fff
7fff
7fff
7fff
7fff
7fff
7fff
7fff
7fff
7fff
7fff
7fff
7fff
7fff
7fff
7fff
7fff
7fff
7fff
7fff
7fff
7fff
7fff
7fff
7fff
7fff
7fff
7fff
7fff
7fff
7fff
7fff
7fff
7fff
7fff
7fff
7fff
7fff
7fff
7fff
7fff
7fff
7fff
7fff
7fff
7fff
7fff
7fff
7fff
7fff
7fff
7fff
7fff
7fff
7fff
7fff
7fff
7fff
7fff
7fff
7fff
7fff
7fff
7fff
7fff
7fff
7fff
7fff
7fff
7fff
7fff
7fff
7fff
7fff
7fff
7fff
7fff
7fff
7fff
7fff
7fff
7fff
7fff
7fff
7fff
7fff
7fff
7fff
7fff
7fff
7fff
7fff
7fff
7fff
7fff
7fff
7fff
7fff
7fff
7fff
7fff
7fff
7fff
7fff
7fff
7fff
7fff
7fff
7fff
7fff
7fff
7fff
7fff
7fff
7fff
7fff
7fff
7fff
7fff
7fff
7fff
7fff
7fff
7fff
7fff
7fff
7fff
7fff
7fff
7fff
7fff
7fff
7fff
7fff
7fff
7fff
7fff
7fff
7fff
7fff
7fff
7fff
7fff
7fff
7fff
7fff
7fff
7fff
7fff
7fff
7fff
7fff
7fff
7fff
7fff
7fff
7fff
7fff
7fff
7fff
7fff
7fff
7fff
7fff
7fff
7fff
7fff
7fff
7fff
7fff
7fff
7fff
7fff
7fff
7fff
7fff
7fff
7fff
7fff
7fff
7fff
7fff
7fff
7fff
7fff
7fff
7fff
7fff
7fff
7fff
7fff
7fff
7fff
7fff
7fff
7fff
7fff
7fff
7fff
7fff
7fff
7fff
7fff
7fff
7fff
7fff
7fff
7fff
7fff
7fff
7fff
7fff
7fff
7fff
7fff
7fff
7fff
7fff
7fff
7fff
7fff
7fff
7fff
7fff
7fff
7fff
7fff
7fff
7fff
7fff
7fff
7fff
7fff
7fff
7fff
7fff
7fff
7fff
7fff
7fff
7fff
7fff
7fff
7fff
7fff
7fff
7fff
7fff
7fff
7fff
7fff
7fff
7fff
7fff
7fff
7fff
7fff
7fff
7fff
7fff
7fff
7fff
7fff
7fff
7fff
7fff
7fff
7fff
7fff
7fff
7fff
7fff
7fff
7fff
7fff
7fff
7fff
7fff
7fff
7fff
7fff
7fff
7fff
7fff
7fff
7fff
7fff
7fff
7fff
7fff
7fff
7fff
7fff
7fff
7fff
7fff
7fff
7fff
7fff
7fff
7fff
7fff
7fff
7fff
7fff
7fff
7fff
7fff
7fff
7fff
7fff
7fff
7fff
7fff
7fff
7fff
7fff
7fff
7fff
7fff
7fff
7fff
7fff
7fff
7fff
7fff
7fff
7fff
7fff
7fff
7fff
7fff
7fff
7fff
7fff
7fff
7fff
7fff
7fff
7fff
7fff
7fff
7fff
7fff
7fff
7fff
7fff
7fff
7fff
7fff
7fff
7fff
7fff
7fff
7fff
7fff
7fff
7fff
7fff
7fff
7fff
7fff
7fff
7fff
7fff
7fff
7fff
7fff
7fff
7fff
7fff
7fff
7fff
7fff
7fff
7fff
7fff
7fff
7fff
7fff
7fff
7fff
7fff
7fff
7fff
7fff
7fff
7fff
7fff
7fff
7fff
7fff
7fff
7fff
7fff
7fff
7fff
7fff
7fff
7fff
7fff
7fff
7fff
7fff
7fff
7fff
7fff
7fff
7fff
7fff
7fff
7fff
7fff
7fff
7fff
7fff
7fff
7fff
7fff
7fff
7fff
7fff
7fff
7fff
7fff
7fff
7fff
7fff
7fff
7fff
7fff
7fff
7fff
7fff
7fff
7fff
7fff
7fff
7fff
7fff
7fff
7fff
7fff
7fff
7fff
7fff
7fff
7fff
7fff
7fff
7fff
7fff
7fff
7fff
7fff
7fff
7fff
7fff
7fff
7fff
7fff
7fff
7fff
7fff
7fff
7fff
7fff
7fff
7fff
7fff
7fff
7fff
7fff
7fff
7fff
7fff
7fff
7fff
7fff
7fff
7fff
7fff
7fff
7fff
7fff
7fff
7fff
7fff
7fff
7fff
7fff
7fff
7fff
7fff
7fff
7fff
7fff
7fff
7fff
7fff
7fff
7fff
7fff
7fff
7fff
7fff
7fff
7fff
7fff
7fff
7fff
7fff
7fff
7fff
7fff
7fff
7fff
7fff
7fff
7fff
7fff
7fff
7fff
7fff
7fff
7fff
7fff
7fff
7fff
7fff
7fff
7fff
7fff
7fff
7fff
7fff
7fff
7fff
7fff
7fff
7fff
7fff
7fff
7fff
7fff
7fff
7fff
7fff
7fff
7fff
7fff
7fff
7fff
7fff
7fff
7fff
7fff
7fff
7fff
7fff
7fff
7fff
7fff
7fff
7fff
7fff
7fff
7fff
7fff
7fff
7fff
7fff
7fff
7fff
7fff
7fff
7fff
7fff
7fff
7fff
7fff
7fff
7fff
7fff
7fff
7fff
7fff
7fff
7fff
7fff
7fff
7fff
7fff
7fff
7fff
7fff
7fff
7fff
7fff
7fff
7fff
7fff
7fff
7fff
7fff
7fff
7fff
7fff
7fff
7fff
7fff
7fff
7fff
7fff
7fff
7fff
7fff
7fff
7fff
7fff
7fff
7fff
7fff
7fff
7fff
7fff
7fff
7fff
7fff
7fff
7fff
7fff
7fff
7fff
7fff
7fff
7fff
7fff
7fff
7fff
7fff
7fff
7fff
7fff
7fff
7fff
7fff
7fff
7fff
7fff
7fff
7fff
7fff
7fff
7fff
7fff
7fff
7fff
7fff
7fff
7fff
7fff
7fff
7fff
7fff
7fff
7fff
7fff
7fff
7fff
7fff
7fff
7fff
7fff
7fff
7fff
7fff
7fff
7fff
7fff
7fff
7fff
7fff
7fff
7fff
7fff
7fff
7fff
7fff
7fff
7fff
7fff
7fff
7fff
7fff
7fff
7fff
7fff
7fff
7fff
7fff
7fff
7fff
7fff
7fff
7fff
7fff
7fff
7fff
7fff
7fff
7fff
7fff
7fff
7fff
7fff
7fff
7fff
7fff
7fff
7fff
7fff
7fff
7fff
7fff
7fff
7fff
7fff
7fff
7fff
7fff
7fff
7fff
7fff
7fff
7fff
7fff
7fff
7fff
7fff
7fff
7fff
7fff
7fff
7fff
7fff
7fff
7fff
7fff
7fff
7fff
7fff
7fff
7fff
7fff
7fff
7fff
7fff
7fff
7fff
7fff
7fff
7fff
7fff
7fff
7fff
7fff
7fff
7fff
7fff
7fff
7fff
7fff
7fff
7fff
7fff
7fff
7fff
7fff
7fff
7fff
7fff
7fff
7fff
7fff
7fff
7fff
7fff
7fff
7fff
7fff
7fff
7fff
7fff
7fff
7fff
7fff
7fff
7fff
7fff
7fff
7fff
7fff
7fff
7fff
7fff
7fff
7fff
7fff
7fff
7fff
7fff
7fff
7fff
7fff
7fff
7fff
7fff
7fff
7fff
7fff
7fff
7fff
7fff
7fff
7fff
7fff
7fff
7fff
7fff
7fff
7fff
7fff
7fff
7fff
7fff
7fff
7fff
7fff
7fff
7fff
7fff
7fff
7fff
7fff
7fff
7fff
7fff
7fff
7fff
7fff
7fff
7fff
7fff
7fff
7fff
7fff
7fff
7fff
7fff
7fff
7fff
7fff
7fff
7fff
7fff
7fff
7fff
7fff
7fff
7fff
7fff
7fff
7fff
7fff
7fff
7fff
7fff
7fff
7fff
7fff
7fff
7fff
7fff
7fff
7fff
7fff
7fff
7fff
7fff
7fff
7fff
7fff
7fff
7fff
7fff
7fff
7fff
7fff
7fff
7fff
7fff
7fff
7fff
7fff
7fff
7fff
7fff
7fff
7fff
7fff
7fff
7fff
7fff
7fff
7fff
7fff
7fff
7fff
7fff
7fff
7fff
7fff
7fff
7fff
7fff
7fff
7fff
7fff
7fff
7fff
7fff
7fff
7fff
7fff
7fff
7fff
7fff
7fff
7fff
7fff
7fff
7fff
7fff
7fff
7fff
7fff
7fff
7fff
7fff
7fff
7fff
7fff
7fff
7fff
7fff
7fff
7fff
7fff
7fff
7fff
7fff
7fff
7fff
7fff
7fff
7fff
7fff
7fff
7fff
7fff
7fff
7fff
7fff
7fff
7fff
7fff
7fff
7fff
7fff
7fff
7fff
7fff
7fff
7fff
7fff
7fff
7fff
7fff
7fff
7fff
7fff
7fff
7fff
7fff
7fff
7fff
7fff
7fff
7fff
7fff
7fff
7fff
7fff
7fff
7fff
7fff
7fff
7fff
7fff
7fff
7fff
7fff
7fff
7fff
7fff
7fff
7fff
7fff
7fff
7fff
7fff
7fff
7fff
7fff
7fff
7fff
7fff
7fff
7fff
7fff
7fff
7fff
7fff
7fff
7fff
7fff
7fff
7fff
7fff
7fff
7fff
7fff
7fff
7fff
7fff
7fff
7fff
7fff
7fff
7fff
7fff
7fff
7fff
7fff
7fff
7fff
7fff
7fff
7fff
7fff
7fff
7fff
7fff
7fff
7fff
7fff
7fff
7fff
7fff
7fff
7fff
7fff
7fff
7fff
7fff
7fff
7fff
7fff
7fff
7fff
7fff
7fff
7fff
7fff
7fff
7fff
7fff
7fff
7fff
7fff
7fff
7fff
7fff
7fff
7fff
7fff
7fff
7fff
7fff
7fff
7fff
7fff
7fff
7fff
7fff
7fff
7fff
7fff
7fff
7fff
7fff
7fff
7fff
7fff
7fff
7fff
7fff
7fff
7fff
7fff
7fff
7fff
7fff
7fff
7fff
7fff
7fff
7fff
7fff
7fff
7fff
7fff
7fff
7fff
7fff
7fff
7fff
7fff
7fff
7fff
7fff
7fff
7fff
7fff
7fff
7fff
7fff
7fff
7fff
7fff
7fff
7fff
7fff
7fff
7fff
7fff
7fff
7fff
7fff
7fff
7fff
7fff
7fff
7fff
7fff
7fff
7fff
7fff
7fff
7fff
7fff
7fff
7fff
7fff
7fff
7fff
7fff
7fff
7fff
7fff
7fff
7fff
7fff
7fff
7fff
7fff
7fff
7fff
7fff
7fff
7fff
7fff
7fff
7fff
7fff
7fff
7fff
7fff
7fff
7fff
7fff
7fff
7fff
7fff
7fff
7fff
7fff
7fff
7fff
7fff
7fff
7fff
7fff
7fff
7fff
7fff
7fff
7fff
7fff
7fff
7fff
7fff
7fff
7fff
7fff
7fff
7fff
7fff
7fff
7fff
7fff
7fff
7fff
7fff
7fff
7fff
7fff
7fff
7fff
7fff
7fff
7fff
7fff
7fff
7fff
7fff
7fff
7fff
7fff
7fff
7fff
7fff
7fff
7fff
7fff
7fff
7fff
7fff
7fff
7fff
7fff
7fff
7fff
7fff
7fff
7fff
7fff
7fff
7fff
7fff
7fff
7fff
7fff
7fff
7fff
7fff
7fff
7fff
7fff
7fff
7fff
7fff
7fff
7fff
7fff
7fff
7fff
7fff
7fff
7fff
7fff
7fff
7fff
7fff
7fff
7fff
7fff
7fff
7fff
7fff
7fff
7fff
7fff
7fff
7fff
7fff
7fff
7fff
7fff
7fff
7fff
7fff
7fff
7fff
7fff
7fff
7fff
7fff
7fff
7fff
7fff
7fff
7fff
7fff
7fff
7fff
7fff
7fff
7fff
7fff
7fff
7fff
7fff
7fff
7fff
7fff
7fff
7fff
7fff
7fff
7fff
7fff
7fff
7fff
7fff
7fff
7fff
7fff
7fff
7fff
7fff
7fff
7fff
7fff
7fff
7fff
7fff
7fff
7fff
7fff
7fff
7fff
7fff
7fff
7fff
7fff
7fff
7fff
7fff
7fff
7fff
7fff
7fff
7fff
7fff
7fff
7fff
7fff
7fff
7fff
7fff
7fff
7fff
7fff
7fff
7fff
7fff
7fff
7fff
7fff
7fff
7fff
7fff
7fff
7fff
7fff
7fff
7fff
7fff
7fff
7fff
7fff
7fff
7fff
7fff
7fff
7fff
7fff
7fff
7fff
7fff
7fff
7fff
7fff
7fff
7fff
7fff
7fff
7fff
7fff
7fff
7fff
7fff
7fff
7fff
7fff
7fff
7fff
7fff
7fff
7fff
7fff
7fff
7fff
7fff
7fff
7fff
7fff
7fff
7fff
7fff
7fff
7fff
7fff
7fff
7fff
7fff
7fff
7fff
7fff
7fff
7fff
7fff
7fff
7fff
7fff
7fff
7fff
7fff
7fff
7fff
7fff
7fff
7fff
7fff
7fff
7fff
7fff
7fff
7fff
7fff
7fff
7fff
7fff
7fff
7fff
7fff
7fff
7fff
7fff
7fff
7fff
7fff
7fff
7fff
7fff
7fff
7fff
7fff
7fff
7fff
7fff
7fff
7fff
7fff
7fff
7fff
7fff
7fff
7fff
7fff
7fff
7fff
7fff
7fff
7fff
7fff
7fff
7fff
7fff
7fff
7fff
7fff
7fff
7fff
7fff
7fff
7fff
7fff
7fff
7fff
7fff
7fff
7fff
7fff
7fff
7fff
7fff
7fff
7fff
7fff
7fff
7fff
7fff
7fff
7fff
7fff
7fff
7fff
7fff
7fff
7fff
7fff
7fff
7fff
7fff
7fff
7fff
7fff
7fff
7fff
7fff
7fff
7fff
7fff
7fff
7fff
7fff
7fff
7fff
7fff
7fff
7fff
7fff
7fff
7fff
7fff
7fff
7fff
7fff
7fff
7fff
7fff
7fff
7fff
7fff
7fff
7fff
7fff
7fff
7fff
7fff
7fff
7fff
7fff
7fff
7fff
7fff
7fff
7fff
7fff
7fff
7fff
7fff
7fff
7fff
7fff
7fff
7fff
7fff
7fff
7fff
7fff
7fff
7fff
7fff
7fff
7fff
7fff
7fff
7fff
7fff
7fff
7fff
7fff
7fff
7fff
7fff
7fff
7fff
7fff
7fff
7fff
7fff
7fff
7fff
7fff
7fff
7fff
7fff
7fff
7fff
7fff
7fff
7fff
7fff
7fff
7fff
7fff
7fff
7fff
7fff
7fff
7fff
7fff
7fff
7fff
7fff
7fff
7fff
7fff
7fff
7fff
7fff
7fff
7fff
7fff
7fff
7fff
7fff
7fff
7fff
7fff
7fff
7fff
7fff
7fff
7fff
7fff
7fff
7fff
7fff
7fff
7fff
7fff
7fff
7fff
7fff
7fff
7fff
7fff
7fff
7fff
7fff
7fff
7fff
7fff
7fff
7fff
7fff
7fff
7fff
7fff
7fff
7fff
7fff
7fff
7fff
7fff
7fff
7fff
7fff
7fff
7fff
7fff
7fff
7fff
7fff
7fff
7fff
7fff
7fff
7fff
7fff
7fff
7fff
7fff
7fff
7fff
7fff
7fff
7fff
7fff
7fff
7fff
7fff
7fff
7fff
7fff
7fff
7fff
7fff
7fff
7fff
7fff
7fff
7fff
7fff
7fff
7fff
7fff
7fff
7fff
7fff
7fff
7fff
7fff
7fff
7fff
7fff
7fff
7fff
7fff
7fff
7fff
7fff
7fff
7fff
7fff
7fff
7fff
7fff
7fff
7fff
7fff
7fff
7fff
7fff
7fff
7fff
7fff
7fff
7fff
7fff
7fff
7fff
7fff
7fff
7fff
7fff
7fff
7fff
7fff
7fff
7fff
7fff
7fff
7fff
7fff
7fff
7fff
7fff
7fff
7fff
7fff
7fff
7fff
7fff
7fff
7fff
7fff
7fff
7fff
7fff
7fff
7fff
7fff
7fff
7fff
7fff
7fff
7fff
7fff
7fff
7fff
7fff
7fff
7fff
7fff
7fff
7fff
7fff
7fff
7fff
7fff
7fff
7fff
7fff
7fff
7fff
7fff
7fff
7fff
7fff
7fff
7fff
7fff
7fff
7fff
7fff
7fff
7fff
7fff
7fff
7fff
7fff
7fff
7fff
7fff
7fff
7fff
7fff
7fff
7fff
7fff
7fff
7fff
7fff
7fff
7fff
7fff
7fff
7fff
7fff
7fff
7fff
7fff
7fff
7fff
7fff
7fff
7fff
7fff
7fff
7fff
7fff
7fff
7fff
7fff
7fff
7fff
7fff
7fff
7fff
7fff
7fff
7fff
7fff
7fff
7fff
7fff
7fff
7fff
7fff
7fff
7fff
7fff
7fff
7fff
7fff
7fff
7fff
7fff
7fff
7fff
7fff
7fff
7fff
7fff
7fff
7fff
7fff
7fff
7fff
7fff
7fff
7fff
7fff
7fff
7fff
7fff
7fff
7fff
7fff
7fff
7fff
7fff
7fff
7fff
7fff
7fff
7fff
7fff
7fff
7fff
7fff
7fff
7fff
7fff
7fff
7fff
7fff
7fff
7fff
7fff
7fff
7fff
7fff
7fff
7fff
7fff
7fff
7fff
7fff
7fff
7fff
7fff
7fff
7fff
7fff
7fff
7fff
7fff
7fff
7fff
7fff
7fff
7fff
7fff
7fff
7fff
7fff
7fff
7fff
7fff
7fff
7fff
7fff
7fff
7fff
7fff
7fff
7fff
7fff
7fff
7fff
7fff
7fff
7fff
7fff
7fff
7fff
7fff
7fff
7fff
7fff
7fff
7fff
7fff
7fff
7fff
7fff
7fff
7fff
7fff
7fff
7fff
7fff
7fff
7fff
7fff
7fff
7fff
7fff
7fff
7fff
7fff
7fff
7fff
7fff
7fff
7fff
7fff
7fff
7fff
7fff
7fff
7fff
7fff
7fff
7fff
7fff
7fff
7fff
7fff
7fff
7fff
7fff
7fff
7fff
7fff
7fff
7fff
7fff
7fff
7fff
7fff
7fff
7fff
7fff
7fff
7fff
7fff
7fff
7fff
7fff
7fff
7fff
7fff
7fff
7fff
7fff
7fff
7fff
7fff
7fff
7fff
7fff
7fff
7fff
7fff
7fff
7fff
7fff
7fff
7fff
7fff
7fff
7fff
7fff
7fff
7fff
7fff
7fff
7fff
7fff
7fff
7fff
7fff
7fff
7fff
7fff
7fff
7fff
7fff
7fff
7fff
7fff
7fff
7fff
7fff
7fff
7fff
7fff
7fff
7fff
7fff
7fff
7fff
7fff
7fff
7fff
7fff
7fff
7fff
7fff
7fff
7fff
7fff
7fff
7fff
7fff
7fff
7fff
7fff
7fff
7fff
7fff
7fff
7fff
7fff
7fff
7fff
7fff
7fff
7fff
7fff
7fff
7fff
7fff
7fff
7fff
7fff
7fff
7fff
7fff
7fff
7fff
7fff
7fff
7fff
7fff
7fff
7fff
7fff
7fff
7fff
7fff
7fff
7fff
7fff
7fff
7fff
7fff
7fff
7fff
7fff
7fff
7fff
7fff
7fff
7fff
7fff
7fff
7fff
7fff
7fff
7fff
7fff
7fff
7fff
7fff
7fff
7fff
7fff
7fff
7fff
7fff
7fff
7fff
7fff
7fff
7fff
7fff
7fff
7fff
7fff
7fff
7fff
7fff
7fff
7fff
7fff
7fff
7fff
7fff
7fff
7fff
7fff
7fff
7fff
7fff
7fff
7fff
7fff
7fff
7fff
7fff
7fff
7fff
7fff
7fff
7fff
7fff
7fff
7fff
7fff
7fff
7fff
7fff
7fff
7fff
7fff
7fff
7fff
7fff
7fff
7fff
7fff
7fff
7fff
7fff
7fff
7fff
7fff
7fff
7fff
7fff
7fff
7fff
7fff
7fff
7fff
7fff
7fff
7fff
7fff
7fff
7fff
7fff
7fff
7fff
7fff
7fff
7fff
7fff
7fff
7fff
7fff
7fff
7fff
7fff
7fff
7fff
7fff
7fff
7fff
7fff
7fff
7fff
7fff
7fff
7fff
7fff
7fff
7fff
7fff
7fff
7fff
7fff
7fff
7fff
7fff
7fff
7fff
7fff
7fff
7fff
7fff
7fff
7fff
7fff
7fff
7fff
7fff
7fff
7fff
7fff
7fff
7fff
7fff
7fff
7fff
7fff
7fff
7fff
7fff
7fff
7fff
7fff
7fff
7fff
7fff
7fff
7fff
7fff
7fff
7fff
7fff
7fff
7fff
7fff
7fff
7fff
7fff
7fff
7fff
7fff
7fff
7fff
7fff
7fff
7fff
7fff
7fff
7fff
7fff
7fff
7fff
7fff
7fff
7fff
7fff
7fff
7fff
7fff
7fff
7fff
7fff
7fff
7fff
7fff
7fff
7fff
7fff
7fff
7fff
7fff
7fff
7fff
7fff
7fff
7fff
7fff
7fff
7fff
7fff
7fff
7fff
7fff
7fff
7fff
7fff
7fff
7fff
7fff
7fff
7fff
7fff
7fff
7fff
7fff
7fff
7fff
7fff
7fff
7fff
7fff
7fff
7fff
7fff
7fff
7fff
7fff
7fff
7fff
7fff
7fff
7fff
7fff
7fff
7fff
7fff
7fff
7fff
7fff
7fff
7fff
7fff
7fff
7fff
7fff
7fff
7fff
7fff
7fff
7fff
7fff
7fff
7fff
7fff
7fff
7fff
7fff
7fff
7fff
7fff
7fff
7fff
7fff
7fff
7fff
7fff
7fff
7fff
7fff
7fff
7fff
7fff
7fff
7fff
7fff
7fff
7fff
7fff
7fff
7fff
7fff
7fff
7fff
7fff
7fff
7fff
7fff
7fff
7fff
7fff
7fff
7fff
7fff
7fff
7fff
7fff
7fff
7fff
7fff
7fff
7fff
7fff
7fff
7fff
7fff
7fff
7fff
7fff
7fff
7fff
7fff
7fff
7fff
7fff
7fff
7fff
7fff
7fff
7fff
7fff
7fff
7fff
7fff
7fff
7fff
7fff
7fff
7fff
7fff
7fff
7fff
7fff
7fff
7fff
7fff
7fff
7fff
7fff
7fff
7fff
7fff
7fff
7fff
7fff
7fff
7fff
7fff
7fff
7fff
7fff
7fff
7fff
7fff
7fff
7fff
7fff
7fff
7fff
7fff
7fff
7fff
7fff
7fff
7fff
7fff
7fff
7fff
7fff
7fff
7fff
7fff
7fff
7fff
7fff
7fff
7fff
7fff
7fff
7fff
7fff
7fff
7fff
7fff
7fff
7fff
7fff
7fff
7fff
7fff
7fff
7fff
7fff
7fff
7fff
7fff
7fff
7fff
7fff
7fff
7fff
7fff
7fff
7fff
7fff
7fff
7fff
7fff
7fff
7fff
7fff
7fff
7fff
7fff
7fff
7fff
7fff
7fff
7fff
7fff
7fff
7fff
7fff
7fff
7fff
7fff
7fff
7fff
7fff
7fff
7fff
7fff
7fff
7fff
7fff
7fff
7fff
7fff
7fff
7fff
7fff
7fff
7fff
7fff
7fff
7fff
7fff
7fff
7fff
7fff
7fff
7fff
7fff
7fff
7fff
7fff
7fff
7fff
7fff
7fff
7fff
7fff
7fff
7fff
7fff
7fff
7fff
7fff
7fff
7fff
7fff
7fff
7fff
7fff
7fff
7fff
7fff
7fff
7fff
7fff
7fff
7fff
7fff
7fff
7fff
7fff
7fff
7fff
7fff
7fff
7fff
7fff
7fff
7fff
7fff
7fff
7fff
7fff
7fff
7fff
7fff
7fff
7fff
7fff
7fff
7fff
7fff
7fff
7fff
7fff
7fff
7fff
7fff
7fff
7fff
7fff
7fff
7fff
7fff
7fff
7fff
7fff
7fff
7fff
7fff
7fff
7fff
7fff
7fff
7fff
7fff
7fff
7fff
7fff
7fff
7fff
7fff
7fff
7fff
7fff
7fff
7fff
7fff
7fff
7fff
7fff
7fff
7fff
7fff
7fff
7fff
7fff
7fff
7fff
7fff
7fff
7fff
7fff
7fff
7fff
7fff
7fff
7fff
7fff
7fff
7fff
7fff
7fff
7fff
7fff
7fff
7fff
7fff
7fff
7fff
7fff
7fff
7fff
7fff
7fff
7fff
7fff
7fff
7fff
7fff
7fff
7fff
7fff
7fff
7fff
7fff
7fff
7fff
7fff
7fff
7fff
7fff
7fff
7fff
7fff
7fff
7fff
7fff
7fff
7fff
7fff
7fff
7fff
7fff
7fff
7fff
7fff
7fff
7fff
7fff
7fff
7fff
7fff
7fff
7fff
7fff
7fff
7fff
7fff
7fff
7fff
7fff
7fff
7fff
7fff
7fff
7fff
7fff
7fff
7fff
7fff
7fff
7fff
7fff
7fff
7fff
7fff
7fff
7fff
7fff
7fff
7fff
7fff
7fff
7fff
7fff
7fff
7fff
7fff
7fff
7fff
7fff
7fff
7fff
7fff
7fff
7fff
7fff
7fff
7fff
7fff
7fff
7fff
7fff
7fff
7fff
7fff
7fff
7fff
7fff
7fff
7fff
7fff
7fff
7fff
7fff
7fff
7fff
7fff
7fff
7fff
7fff
7fff
7fff
7fff
7fff
7fff
7fff
7fff
7fff
7fff
7fff
7fff
7fff
7fff
7fff
7fff
7fff
7fff
7fff
7fff
7fff
7fff
7fff
7fff
7fff
7fff
7fff
7fff
7fff
7fff
7fff
7fff
7fff
7fff
7fff
7fff
7fff
7fff
7fff
7fff
7fff
7fff
7fff
7fff
7fff
7fff
7fff
7fff
7fff
7fff
7fff
7fff
7fff
7fff
7fff
7fff
7fff
7fff
7fff
7fff
7fff
7fff
7fff
7fff
7fff
7fff
7fff
7fff
7fff
7fff
7fff
7fff
7fff
7fff
7fff
7fff
7fff
7fff
7fff
7fff
7fff
7fff
7fff
7fff
7fff
7fff
7fff
7fff
7fff
7fff
7fff
7fff
7fff
7fff
7fff
7fff
7fff
7fff
7fff
7fff
7fff
7fff
7fff
7fff
7fff
7fff
7fff
7fff
7fff
7fff
7fff
7fff
7fff
7fff
7fff
7fff
7fff
7fff
7fff
7fff
7fff
7fff
7fff
7fff
7fff
7fff
7fff
7fff
7fff
7fff
7fff
7fff
7fff
7fff
7fff
7fff
7fff
7fff
7fff
7fff
7fff
7fff
7fff
7fff
7fff
7fff
7fff
7fff
7fff
7fff
7fff
7fff
7fff
7fff
7fff
7fff
7fff
7fff
7fff
7fff
7fff
7fff
7fff
7fff
7fff
7fff
7fff
7fff
7fff
7fff
7fff
7fff
7fff
7fff
7fff
7fff
7fff
7fff
7fff
7fff
7fff
7fff
7fff
7fff
7fff
7fff
7fff
7fff
7fff
7fff
7fff
7fff
7fff
7fff
7fff
7fff
7fff
7fff
7fff
7fff
7fff
7fff
7fff
7fff
7fff
7fff
7fff
7fff
7fff
7fff
7fff
7fff
7fff
7fff
7fff
7fff
7fff
7fff
7fff
7fff
7fff
7fff
7fff
7fff
7fff
7fff
7fff
7fff
7fff
7fff
7fff
7fff
7fff
7fff
7fff
7fff
7fff
7fff
7fff
7fff
7fff
7fff
7fff
7fff
7fff
7fff
7fff
7fff
7fff
7fff
7fff
7fff
7fff
7fff
7fff
7fff
7fff
7fff
7fff
7fff
7fff
7fff
7fff
7fff
7fff
7fff
7fff
7fff
7fff
7fff
7fff
7fff
7fff
7fff
7fff
7fff
7fff
7fff
7fff
7fff
7fff
7fff
7fff
7fff
7fff
7fff
7fff
7fff
7fff
7fff
7fff
7fff
7fff
7fff
7fff
7fff
7fff
7fff
7fff
7fff
7fff
7fff
7fff
7fff
7fff
7fff
7fff
7fff
7fff
7fff
7fff
7fff
7fff
7fff
7fff
7fff
7fff
7fff
7fff
7fff
7fff
7fff
7fff
7fff
7fff
7fff
7fff
7fff
7fff
7fff
7fff
7fff
7fff
7fff
7fff
7fff
7fff
7fff
7fff
7fff
7fff
7fff
7fff
7fff
7fff
7fff
7fff
7fff
7fff
7fff
7fff
7fff
7fff
7fff
7fff
7fff
7fff
7fff
7fff
7fff
7fff
7fff
7fff
7fff
7fff
7fff
7fff
7fff
7fff
7fff
7fff
7fff
7fff
7fff
7fff
7fff
7fff
7fff
7fff
7fff
7fff
7fff
7fff
7fff
7fff
7fff
7fff
7fff
7fff
7fff
7fff
7fff
7fff
7fff
7fff
7fff
7fff
7fff
7fff
7fff
7fff
7fff
7fff
7fff
7fff
7fff
7fff
7fff
7fff
7fff
7fff
7fff
7fff
7fff
7fff
7fff
7fff
7fff
7fff
7fff
7fff
7fff
7fff
7fff
7fff
7fff
7fff
7fff
7fff
7fff
7fff
7fff
7fff
7fff
7fff
7fff
7fff
7fff
7fff
7fff
7fff
7fff
7fff
7fff
7fff
7fff
7fff
7fff
7fff
7fff
7fff
7fff
7fff
7fff
7fff
7fff
7fff
7fff
7fff
7fff
7fff
7fff
7fff
7fff
7fff
7fff
7fff
7fff
7fff
7fff
7fff
7fff
7fff
7fff
7fff
7fff
7fff
7fff
7fff
7fff
7fff
7fff
7fff
7fff
7fff
7fff
7fff
7fff
7fff
7fff
7fff
7fff
7fff
7fff
7fff
7fff
7fff
7fff
7fff
7fff
7fff
7fff
7fff
7fff
7fff
7fff
7fff
7fff
7fff
7fff
7fff
7fff
7fff
7fff
7fff
7fff
7fff
7fff
7fff
7fff
7fff
7fff
7fff
7fff
7fff
7fff
7fff
7fff
7fff
7fff
7fff
7fff
7fff
7fff
7fff
7fff
7fff
7fff
7fff
7fff
7fff
7fff
7fff
7fff
7fff
7fff
7fff
7fff
7fff
7fff
7fff
7fff
7fff
7fff
7fff
7fff
7fff
7fff
7fff
7fff
7fff
7fff
7fff
7fff
7fff
7fff
7fff
7fff
7fff
7fff
7fff
7fff
7fff
7fff
7fff
7fff
7fff
7fff
7fff
7fff
7fff
7fff
7fff
7fff
7fff
7fff
7fff
7fff
7fff
7fff
7fff
7fff
7fff
7fff
7fff
7fff
7fff
7fff
7fff
7fff
7fff
7fff
7fff
7fff
7fff
7fff
7fff
7fff
7fff
7fff
7fff
7fff
7fff
7fff
7fff
7fff
7fff
7fff
7fff
7fff
7fff
7fff
7fff
7fff
7fff
7fff
7fff
7fff
7fff
7fff
7fff
7fff
7fff
7fff
7fff
7fff
7fff
7fff
7fff
7fff
7fff
7fff
7fff
7fff
7fff
7fff
7fff
7fff
7fff
7fff
7fff
7fff
7fff
7fff
7fff
7fff
7fff
7fff
7fff
7fff
7fff
7fff
7fff
7fff
7fff
7fff
7fff
7fff
7fff
7fff
7fff
7fff
7fff
7fff
7fff
7fff
7fff
7fff
7fff
7fff
7fff
7fff
7fff
7fff
7fff
7fff
7fff
7fff
7fff
7fff
7fff
7fff
7fff
7fff
7fff
7fff
7fff
7fff
7fff
7fff
7fff
7fff
7fff
7fff
7fff
7fff
7fff
7fff
7fff
7fff
7fff
7fff
7fff
7fff
7fff
7fff
7fff
7fff
7fff
7fff
7fff
7fff
7fff
7fff
7fff
7fff
7fff
7fff
7fff
7fff
7fff
7fff
7fff
7fff
7fff
7fff
7fff
7fff
7fff
7fff
7fff
7fff
7fff
7fff
7fff
7fff
7fff
7fff
7fff
7fff
7fff
7fff
7fff
7fff
7fff
7fff
7fff
7fff
7fff
7fff
7fff
7fff
7fff
7fff
7fff
7fff
7fff
7fff
7fff
7fff
7fff
7fff
7fff
7fff
7fff
7fff
7fff
7fff
7fff
7fff
7fff
7fff
7fff
7fff
7fff
7fff
7fff
7fff
7fff
7fff
7fff
7fff
7fff
7fff
7fff
7fff
7fff
7fff
7fff
7fff
7fff
7fff
7fff
7fff
7fff
7fff
7fff
7fff
7fff
7fff
7fff
7fff
7fff
7fff
7fff
7fff
7fff
7fff
7fff
7fff
7fff
7fff
7fff
7fff
7fff
7fff
7fff
7fff
7fff
7fff
7fff
7fff
7fff
7fff
7fff
7fff
7fff
7fff
7fff
7fff
7fff
7fff
7fff
7fff
7fff
7fff
7fff
7fff
7fff
7fff
7fff
7fff
7fff
7fff
7fff
7fff
7fff
7fff
7fff
7fff
7fff
7fff
7fff
7fff
7fff
7fff
7fff
7fff
7fff
7fff
7fff
7fff
7fff
7fff
7fff
7fff
7fff
7fff
7fff
7fff
7fff
7fff
7fff
7fff
7fff
7fff
7fff
7fff
7fff
7fff
7fff
7fff
7fff
7fff
7fff
7fff
7fff
7fff
7fff
7fff
7fff
7fff
7fff
7fff
7fff
7fff
7fff
7fff
7fff
7fff
7fff
7fff
7fff
7fff
7fff
7fff
7fff
7fff
7fff
7fff
7fff
7fff
7fff
7fff
7fff
7fff
7fff
7fff
7fff
7fff
7fff
7fff
7fff
7fff
7fff
7fff
7fff
7fff
7fff
7fff
7fff
7fff
7fff
7fff
7fff
7fff
7fff
7fff
7fff
7fff
7fff
7fff
7fff
7fff
7fff
7fff
7fff
7fff
7fff
7fff
7fff
7fff
7fff
7fff
7fff
7fff
7fff
7fff
7fff
7fff
7fff
7fff
7fff
7fff
7fff
7fff
7fff
7fff
7fff
7fff
7fff
7fff
7fff
7fff
7fff
7fff
7fff
7fff
7fff
7fff
7fff
7fff
7fff
7fff
7fff
7fff
7fff
7fff
7fff
7fff
7fff
7fff
7fff
7fff
7fff
7fff
7fff
7fff
7fff
7fff
7fff
7fff
7fff
7fff
7fff
7fff
7fff
7fff
7fff
7fff
7fff
7fff
7fff
7fff
7fff
7fff
7fff
7fff
7fff
7fff
7fff
7fff
7fff
7fff
7fff
7fff
7fff
7fff
7fff
7fff
7fff
7fff
7fff
7fff
7fff
7fff
7fff
7fff
7fff
7fff
7fff
7fff
7fff
7fff
7fff
7fff
7fff
7fff
7fff
7fff
7fff
7fff
7fff
7fff
7fff
7fff
7fff
7fff
7fff
7fff
7fff
7fff
7fff
7fff
7fff
7fff
7fff
7fff
7fff
7fff
7fff
7fff
7fff
7fff
7fff
7fff
7fff
7fff
7fff
7fff
7fff
7fff
7fff
7fff
7fff
7fff
7fff
7fff
7fff
7fff
7fff
7fff
7fff
7fff
7fff
7fff
7fff
7fff
7fff
7fff
7fff
7fff
7fff
7fff
7fff
7fff
7fff
7fff
7fff
7fff
7fff
7fff
7fff
7fff
7fff
7fff
7fff
7fff
7fff
7fff
7fff
7fff
7fff
7fff
7fff
7fff
7fff
7fff
7fff
7fff
7fff
7fff
7fff
7fff
7fff
7fff
7fff
7fff
7fff
7fff
7fff
7fff
7fff
7fff
7fff
7fff
7fff
7fff
7fff
7fff
7fff
7fff
7fff
7fff
7fff
7fff
7fff
7fff
7fff
7fff
7fff
7fff
7fff
7fff
7fff
7fff
7fff
7fff
7fff
7fff
7fff
7fff
7fff
7fff
7fff
7fff
7fff
7fff
7fff
7fff
7fff
7fff
7fff
7fff
7fff
7fff
7fff
7fff
7fff
7fff
7fff
7fff
7fff
7fff
7fff
7fff
7fff
7fff
7fff
7fff
7fff
7fff
7fff
7fff
7fff
7fff
7fff
7fff
7fff
7fff
7fff
7fff
7fff
7fff
7fff
7fff
7fff
7fff
7fff
7fff
7fff
7fff
7fff
7fff
7fff
7fff
7fff
7fff
7fff
7fff
7fff
7fff
7fff
7fff
7fff
7fff
7fff
7fff
7fff
7fff
7fff
7fff
7fff
7fff
7fff
7fff
7fff
7fff
7fff
7fff
7fff
7fff
7fff
7fff
7fff
7fff
7fff
7fff
7fff
7fff
7fff
7fff
7fff
7fff
7fff
7fff
7fff
7fff
7fff
7fff
7fff
7fff
7fff
7fff
7fff
7fff
7fff
7fff
7fff
7fff
7fff
7fff
7fff
7fff
7fff
7fff
7fff
7fff
7fff
7fff
7fff
7fff
7fff
7fff
7fff
7fff
7fff
7fff
7fff
7fff
7fff
7fff
7fff
7fff
7fff
7fff
7fff
7fff
7fff
7fff
7fff
7fff
7fff
7fff
7fff
7fff
7fff
7fff
7fff
7fff
7fff
7fff
7fff
7fff
7fff
7fff
7fff
7fff
7fff
7fff
7fff
7fff
7fff
7fff
7fff
7fff
7fff
7fff
7fff
7fff
7fff
7fff
7fff
7fff
7fff
7fff
7fff
7fff
7fff
7fff
7fff
7fff
7fff
7fff
7fff
7fff
7fff
7fff
7fff
7fff
7fff
7fff
7fff
7fff
7fff
7fff
7fff
7fff
7fff
7fff
7fff
7fff
7fff
7fff
7fff
7fff
7fff
7fff
7fff
7fff
7fff
7fff
7fff
7fff
7fff
7fff
7fff
7fff
7fff
7fff
7fff
7fff
7fff
7fff
7fff
7fff
7fff
7fff
7fff
7fff
7fff
7fff
7fff
7fff
7fff
7fff
7fff
7fff
7fff
7fff
7fff
7fff
7fff
7fff
7fff
7fff
7fff
7fff
7fff
7fff
7fff
7fff
7fff
7fff
7fff
7fff
7fff
7fff
7fff
7fff
7fff
7fff
7fff
7fff
7fff
7fff
7fff
7fff
7fff
7fff
7fff
7fff
7fff
7fff
7fff
7fff
7fff
7fff
7fff
7fff
7fff
7fff
7fff
7fff
7fff
7fff
7fff
7fff
7fff
7fff
7fff
7fff
7fff
7fff
7fff
7fff
7fff
7fff
7fff
7fff
7fff
7fff
7fff
7fff
7fff
7fff
7fff
7fff
7fff
7fff
7fff
7fff
7fff
7fff
7fff
7fff
7fff
7fff
7fff
7fff
7fff
7fff
7fff
7fff
7fff
7fff
7fff
7fff
7fff
7fff
7fff
7fff
7fff
7fff
7fff
7fff
7fff
7fff
7fff
7fff
7fff
7fff
7fff
7fff
7fff
7fff
7fff
7fff
7fff
7fff
7fff
7fff
7fff
7fff
7fff
7fff
7fff
7fff
7fff
7fff
7fff
7fff
7fff
7fff
7fff
7fff
7fff
7fff
7fff
7fff
7fff
7fff
7fff
7fff
7fff
7fff
7fff
7fff
7fff
7fff
7fff
7fff
7fff
7fff
7fff
7fff
7fff
7fff
7fff
7fff
7fff
7fff
7fff
7fff
7fff
7fff
7fff
7fff
7fff
7fff
7fff
7fff
7fff
7fff
7fff
7fff
7fff
7fff
7fff
7fff
7fff
7fff
7fff
7fff
7fff
7fff
7fff
7fff
7fff
7fff
7fff
7fff
7fff
7fff
7fff
7fff
7fff
7fff
7fff
7fff
7fff
7fff
7fff
7fff
7fff
7fff
7fff
7fff
7fff
7fff
7fff
7fff
7fff
7fff
7fff
7fff
7fff
7fff
7fff
7fff
7fff
7fff
7fff
7fff
7fff
7fff
7fff
7fff
7fff
7fff
7fff
7fff
7fff
7fff
7fff
7fff
7fff
7fff
7fff
7fff
7fff
7fff
7fff
7fff
7fff
7fff
7fff
7fff
7fff
7fff
7fff
7fff
7fff
7fff
7fff
7fff
7fff
7fff
7fff
7fff
7fff
7fff
7fff
7fff
7fff
7fff
7fff
7fff
7fff
7fff
7fff
7fff
7fff
7fff
7fff
7fff
7fff
7fff
7fff
7fff
7fff
7fff
7fff
7fff
7fff
7fff
7fff
7fff
7fff
7fff
7fff
7fff
7fff
7fff
7fff
7fff
7fff
7fff
7fff
7fff
7fff
7fff
7fff
7fff
7fff
7fff
7fff
7fff
7fff
7fff
7fff
7fff
7fff
7fff
7fff
7fff
7fff
7fff
7fff
7fff
7fff
7fff
7fff
7fff
7fff
7fff
7fff
7fff
7fff
7fff
7fff
7fff
7fff
7fff
7fff
7fff
7fff
7fff
7fff
7fff
7fff
7fff
7fff
7fff
7fff
7fff
7fff
7fff
7fff
7fff
7fff
7fff
7fff
7fff
7fff
7fff
7fff
7fff
7fff
7fff
7fff
7fff
7fff
7fff
7fff
7fff
7fff
7fff
7fff
7fff
7fff
7fff
7fff
7fff
7fff
7fff
7fff
7fff
7fff
7fff
7fff
7fff
7fff
7fff
7fff
7fff
7fff
7fff
7fff
7fff
7fff
7fff
7fff
7fff
7fff
7fff
7fff
7fff
7fff
7fff
7fff
7fff
7fff
7fff
7fff
7fff
7fff
7fff
7fff
7fff
7fff
7fff
7fff
7fff
7fff
7fff
7fff
7fff
7fff
7fff
7fff
7fff
7fff
7fff
7fff
7fff
7fff
7fff
7fff
7fff
7fff
7fff
7fff
7fff
7fff
7fff
7fff
7fff
7fff
7fff
7fff
7fff
7fff
7fff
7fff
7fff
7fff
7fff
7fff
7fff
7fff
7fff
7fff
7fff
7fff
7fff
7fff
7fff
7fff
7fff
7fff
7fff
7fff
7fff
7fff
7fff
7fff
7fff
7fff
7fff
7fff
7fff
7fff
7fff
7fff
7fff
7fff
7fff
7fff
7fff
7fff
7fff
7fff
7fff
7fff
7fff
7fff
7fff
7fff
7fff
7fff
7fff
7fff
7fff
7fff
7fff
7fff
7fff
7fff
7fff
7fff
7fff
7fff
7fff
7fff
7fff
7fff
7fff
7fff
7fff
7fff
7fff
7fff
7fff
7fff
7fff
7fff
7fff
7fff
7fff
7fff
7fff
7fff
7fff
7fff
7fff
7fff
7fff
7fff
7fff
7fff
7fff
7fff
7fff
7fff
7fff
7fff
7fff
7fff
7fff
7fff
7fff
7fff
7fff
7fff
7fff
7fff
7fff
7fff
7fff
7fff
7fff
7fff
7fff
7fff
7fff
7fff
7fff
7fff
7fff
7fff
7fff
7fff
7fff
7fff
7fff
7fff
7fff
7fff
7fff
7fff
7fff
7fff
7fff
7fff
7fff
7fff
7fff
7fff
7fff
7fff
7fff
7fff
7fff
7fff
7fff
7fff
7fff
7fff
7fff
7fff
7fff
7fff
7fff
7fff
7fff
7fff
7fff
7fff
7fff
7fff
7fff
7fff
7fff
7fff
7fff
7fff
7fff
7fff
7fff
7fff
7fff
7fff
7fff
7fff
7fff
7fff
7fff
7fff
7fff
7fff
7fff
7fff
7fff
7fff
7fff
7fff
7fff
7fff
7fff
7fff
7fff
7fff
7fff
7fff
7fff
7fff
7fff
7fff
7fff
7fff
7fff
7fff
7fff
7fff
7fff
7fff
7fff
7fff
7fff
7fff
7fff
7fff
7fff
7fff
7fff
7fff
7fff
7fff
7fff
7fff
7fff
7fff
7fff
7fff
7fff
7fff
7fff
7fff
7fff
7fff
7fff
7fff
7fff
7fff
7fff
7fff
7fff
7fff
7fff
7fff
7fff
7fff
7fff
7fff
7fff
7fff
7fff
7fff
7fff
7fff
7fff
7fff
7fff
7fff
7fff
7fff
7fff
7fff
7fff
7fff
7fff
7fff
7fff
7fff
7fff
7fff
7fff
7fff
7fff
7fff
7fff
7fff
7fff
7fff
7fff
7fff
7fff
7fff
7fff
7fff
7fff
7fff
7fff
7fff
7fff
7fff
7fff
7fff
7fff
7fff
7fff
7fff
7fff
7fff
7fff
7fff
7fff
7fff
7fff
7fff
7fff
7fff
7fff
7fff
7fff
7fff
7fff
7fff
7fff
7fff
7fff
7fff
7fff
7fff
7fff
7fff
7fff
7fff
7fff
7fff
7fff
7fff
7fff
7fff
7fff
7fff
7fff
7fff
7fff
7fff
7fff
7fff
7fff
7fff
7fff
7fff
7fff
7fff
7fff
7fff
7fff
7fff
7fff
7fff
7fff
7fff
7fff
7fff
7fff
7fff
7fff
7fff
7fff
7fff
7fff
7fff
7fff
7fff
7fff
7fff
7fff
7fff
7fff
7fff
7fff
7fff
7fff
7fff
7fff
7fff
7fff
7fff
7fff
7fff
7fff
7fff
7fff
7fff
7fff
7fff
7fff
7fff
7fff
7fff
7fff
7fff
7fff
7fff
7fff
7fff
7fff
7fff
7fff
7fff
7fff
7fff
7fff
7fff
7fff
7fff
7fff
7fff
7fff
7fff
7fff
7fff
7fff
7fff
7fff
7fff
7fff
7fff
7fff
7fff
7fff
7fff
7fff
7fff
7fff
7fff
7fff
7fff
7fff
7fff
7fff
7fff
7fff
7fff
7fff
7fff
7fff
7fff
7fff
7fff
7fff
7fff
7fff
7fff
7fff
7fff
7fff
7fff
7fff
7fff
7fff
7fff
7fff
7fff
7fff
7fff
7fff
7fff
7fff
7fff
7fff
7fff
7fff
7fff
7fff
7fff
7fff
7fff
7fff
7fff
7fff
7fff
7fff
7fff
7fff
7fff
7fff
7fff
7fff
7fff
7fff
7fff
7fff
7fff
7fff
7fff
7fff
7fff
7fff
7fff
7fff
7fff
7fff
7fff
7fff
7fff
7fff
7fff
7fff
7fff
7fff
7fff
7fff
7fff
7fff
7fff
7fff
7fff
7fff
7fff
7fff
7fff
7fff
7fff
7fff
7fff
7fff
7fff
7fff
7fff
7fff
7fff
7fff
7fff
7fff
7fff
7fff
7fff
7fff
7fff
7fff
7fff
7fff
7fff
7fff
7fff
7fff
7fff
7fff
7fff
7fff
7fff
7fff
7fff
7fff
7fff
7fff
7fff
7fff
7fff
7fff
7fff
7fff
7fff
7fff
7fff
7fff
7fff
7fff
7fff
7fff
7fff
7fff
7fff
7fff
7fff
7fff
7fff
7fff
7fff
7fff
7fff
7fff
7fff
7fff
7fff
7fff
7fff
7fff
7fff
7fff
7fff
7fff
7fff
7fff
7fff
7fff
7fff
7fff
7fff
7fff
7fff
7fff
7fff
7fff
7fff
7fff
7fff
7fff
7fff
7fff
7fff
7fff
7fff
7fff
7fff
7fff
7fff
7fff
7fff
7fff
7fff
7fff
7fff
7fff
7fff
7fff
7fff
7fff
7fff
7fff
7fff
7fff
7fff
7fff
7fff
7fff
7fff
7fff
7fff
7fff
7fff
7fff
7fff
7fff
7fff
7fff
7fff
7fff
7fff
7fff
7fff
7fff
7fff
7fff
7fff
7fff
7fff
7fff
7fff
7fff
7fff
7fff
7fff
7fff
7fff
7fff
7fff
7fff
7fff
7fff
7fff
7fff
7fff
7fff
7fff
7fff
7fff
7fff
7fff
7fff
7fff
7fff
7fff
7fff
7fff
7fff
7fff
7fff
7fff
7fff
7fff
7fff
7fff
7fff
7fff
7fff
7fff
7fff
7fff
7fff
7fff
7fff
7fff
7fff
7fff
7fff
7fff
7fff
7fff
7fff
7fff
7fff
7fff
7fff
7fff
7fff
7fff
7fff
7fff
7fff
7fff
7fff
7fff
7fff
7fff
7fff
7fff
7fff
7fff
7fff
7fff
7fff
7fff
7fff
7fff
7fff
7fff
7fff
7fff
7fff
7fff
7fff
7fff
7fff
7fff
7fff
7fff
7fff
7fff
7fff
7fff
7fff
7fff
7fff
7fff
7fff
7fff
7fff
7fff
7fff
7fff
7fff
7fff
7fff
7fff
7fff
7fff
7fff
7fff
7fff
7fff
7fff
7fff
7fff
7fff
7fff
7fff
7fff
7fff
7fff
7fff
7fff
7fff
7fff
7fff
7fff
7fff
7fff
7fff
7fff
7fff
7fff
7fff
7fff
7fff
7fff
7fff
7fff
7fff
7fff
7fff
7fff
7fff
7fff
7fff
7fff
7fff
7fff
7fff
7fff
7fff
7fff
7fff
7fff
7fff
7fff
7fff
7fff
7fff
7fff
7fff
7fff
7fff
7fff
7fff
7fff
7fff
7fff
7fff
7fff
7fff
7fff
7fff
7fff
7fff
7fff
7fff
7fff
7fff
7fff
7fff
7fff
7fff
7fff
7fff
7fff
7fff
7fff
7fff
7fff
7fff
7fff
7fff
7fff
7fff
7fff
7fff
7fff
7fff
7fff
7fff
7fff
7fff
7fff
7fff
7fff
7fff
7fff
7fff
7fff
7fff
7fff
7fff
7fff
7fff
7fff
7fff
7fff
7fff
7fff
7fff
7fff
7fff
7fff
7fff
7fff
7fff
7fff
7fff
7fff
7fff
7fff
7fff
7fff
7fff
7fff
7fff
7fff
7fff
7fff
7fff
7fff
7fff
7fff
7fff
7fff
7fff
7fff
7fff
7fff
7fff
7fff
7fff
7fff
7fff
7fff
7fff
7fff
7fff
7fff
7fff
7fff
7fff
7fff
7fff
7fff
7fff
7fff
7fff
7fff
7fff
7fff
7fff
7fff
7fff
7fff
7fff
7fff
7fff
7fff
7fff
7fff
7fff
7fff
7fff
7fff
7fff
7fff
7fff
7fff
7fff
7fff
7fff
7fff
7fff
7fff
7fff
7fff
7fff
7fff
7fff
7fff
7fff
7fff
7fff
7fff
7fff
7fff
7fff
7fff
7fff
7fff
7fff
7fff
7fff
7fff
7fff
7fff
7fff
7fff
7fff
7fff
7fff
7fff
7fff
7fff
7fff
7fff
7fff
7fff
7fff
7fff
7fff
7fff
7fff
7fff
7fff
7fff
7fff
7fff
7fff
7fff
7fff
7fff
7fff
7fff
7fff
7fff
7fff
7fff
7fff
7fff
7fff
7fff
7fff
7fff
7fff
7fff
7fff
7fff
7fff
7fff
7fff
7fff
7fff
7fff
7fff
7fff
7fff
7fff
7fff
7fff
7fff
7fff
7fff
7fff
7fff
7fff
7fff
7fff
7fff
7fff
7fff
7fff
7fff
7fff
7fff
7fff
7fff
7fff
7fff
7fff
7fff
7fff
7fff
7fff
7fff
7fff
7fff
7fff
7fff
7fff
7fff
7fff
7fff
7fff
7fff
7fff
7fff
7fff
7fff
7fff
7fff
7fff
7fff
7fff
7fff
7fff
7fff
7fff
7fff
7fff
7fff
7fff
7fff
7fff
7fff
7fff
7fff
7fff
7fff
7fff
7fff
7fff
7fff
7fff
7fff
7fff
7fff
7fff
7fff
7fff
7fff
7fff
7fff
7fff
7fff
7fff
7fff
7fff
7fff
7fff
7fff
7fff
7fff
7fff
7fff
7fff
7fff
7fff
7fff
7fff
7fff
7fff
7fff
7fff
7fff
7fff
7fff
7fff
7fff
7fff
7fff
7fff
7fff
7fff
7fff
7fff
7fff
7fff
7fff
7fff
7fff
7fff
7fff
7fff
7fff
7fff
7fff
7fff
7fff
7fff
7fff
7fff
7fff
7fff
7fff
7fff
7fff
7fff
7fff
7fff
7fff
7fff
7fff
7fff
7fff
7fff
7fff
7fff
7fff
7fff
7fff
7fff
7fff
7fff
7fff
7fff
7fff
7fff
7fff
7fff
7fff
7fff
7fff
7fff
7fff
7fff
7fff
7fff
7fff
7fff
7fff
7fff
7fff
7fff
7fff
7fff
7fff
7fff
7fff
7fff
7fff
7fff
7fff
7fff
7fff
7fff
7fff
7fff
7fff
7fff
7fff
7fff
7fff
7fff
7fff
7fff
7fff
7fff
7fff
7fff
7fff
7fff
7fff
7fff
7fff
7fff
7fff
7fff
7fff
7fff
7fff
7fff
7fff
7fff
7fff
7fff
7fff
7fff
7fff
7fff
7fff
7fff
7fff
7fff
7fff
7fff
7fff
7fff
7fff
7fff
7fff
7fff
7fff
7fff
7fff
7fff
7fff
7fff
7fff
7fff
7fff
7fff
7fff
7fff
7fff
7fff
7fff
7fff
7fff
7fff
7fff
7fff
7fff
7fff
7fff
7fff
7fff
7fff
7fff
7fff
7fff
7fff
7fff
7fff
7fff
7fff
7fff
7fff
7fff
7fff
7fff
7fff
7fff
7fff
7fff
7fff
7fff
7fff
7fff
7fff
7fff
7fff
7fff
7fff
7fff
7fff
7fff
7fff
7fff
7fff
7fff
7fff
7fff
7fff
7fff
7fff
7fff
7fff
7fff
7fff
7fff
7fff
7fff
7fff
7fff
7fff
7fff
7fff
7fff
7fff
7fff
7fff
7fff
7fff
7fff
7fff
7fff
7fff
7fff
7fff
7fff
7fff
7fff
7fff
7fff
7fff
7fff
7fff
7fff
7fff
7fff
7fff
7fff
7fff
7fff
7fff
7fff
7fff
7fff
7fff
7fff
7fff
7fff
7fff
7fff
7fff
7fff
7fff
7fff
7fff
7fff
7fff
7fff
7fff
7fff
