0001
0001
0001
0001
0001
0001
0001
0001
0001
0001
0001
0001
0001
0001
0001
0001
0001
0001
0001
0001
0001
0001
0001
0001
0001
0001
0001
0001
0001
0001
0001
0001
0001
0001
0001
0001
0001
0001
0001
0001
0001
0001
0001
0001
0001
0001
0001
0001
0001
0001
0001
0001
0001
0001
0001
0001
0001
0001
0001
0001
0001
0001
0001
0001
0001
0001
0001
0001
0001
0001
0001
0001
0001
0001
0001
0001
0001
0001
0001
0001
0001
0001
0001
0001
0001
0001
0001
0001
0001
0001
0001
0001
0001
0001
0001
0001
0001
0001
0001
0001
0001
0001
0001
0001
0001
0001
0001
0001
0001
0001
0001
0001
0001
0001
0001
0001
0001
0001
0001
0001
0001
0001
0001
0001
0001
0001
0001
0001
0001
0001
0001
0001
0001
0001
0001
0001
0001
0001
0001
0001
0001
0001
0001
0001
0001
0001
0001
0001
0001
0001
0001
0001
0001
0001
0001
0001
0001
0001
0001
0001
0001
0001
0001
0001
0001
0001
0001
0001
0001
0001
0001
0001
0001
0001
0001
0001
0001
0001
0001
0001
0001
0001
0001
0001
0001
0001
0001
0001
0001
0001
0001
0001
0001
0001
0001
0001
0001
0001
0001
0001
0001
0001
0001
0001
0001
0001
0001
0001
0001
0001
0001
0001
0001
0001
0001
0001
0001
0001
0001
0001
0001
0001
0001
0001
0001
0001
0001
0001
0001
0001
0001
0001
0001
0001
0001
0001
0001
0001
0001
0001
0001
0001
0001
0001
0001
0001
0001
0001
0001
0001
0001
0001
0001
0001
0001
0001
0001
0001
0001
0001
0001
0001
0001
0001
0001
0001
0001
0001
0001
0001
0001
0001
0001
0001
0001
0001
0001
0001
0001
0001
0001
0001
0001
0001
0001
0001
0001
0001
0001
0001
0001
0001
0001
0001
0001
0001
0001
0001
0001
0001
0001
0001
0001
0001
0001
0001
0001
0001
0001
0001
0001
0001
0001
0001
0001
0001
0001
0001
0001
0001
0001
0001
0001
0001
0001
0001
0001
0001
0001
0001
0001
0001
0001
0001
0001
0001
0001
0001
0001
0001
0001
0001
0001
0001
0001
0001
0001
0001
0001
0001
0001
0001
0001
0001
0001
0001
0001
0001
0001
0001
0001
0001
0001
0001
0001
0001
0001
0001
0001
0001
0001
0001
0001
0001
0001
0001
0001
0001
0001
0001
0001
0001
0001
0001
0002
0002
0002
0002
0002
0002
0002
0002
0002
0002
0002
0002
0002
0002
0002
0002
0002
0002
0002
0002
0002
0002
0002
0002
0002
0002
0002
0002
0002
0002
0002
0002
0002
0002
0002
0002
0002
0002
0002
0002
0002
0002
0002
0002
0002
0002
0002
0002
0002
0002
0002
0002
0002
0002
0002
0002
0002
0002
0002
0002
0002
0002
0002
0002
0002
0002
0002
0002
0002
0002
0002
0002
0002
0002
0002
0002
0002
0002
0002
0002
0002
0002
0002
0002
0002
0002
0002
0002
0002
0002
0002
0002
0002
0002
0002
0002
0002
0002
0002
0002
0002
0002
0002
0002
0002
0002
0002
0002
0002
0002
0002
0002
0002
0002
0002
0002
0002
0002
0002
0002
0002
0002
0002
0002
0002
0002
0002
0002
0002
0002
0002
0002
0002
0002
0002
0002
0002
0002
0002
0002
0002
0002
0002
0002
0002
0002
0002
0002
0002
0002
0002
0002
0002
0002
0002
0002
0002
0002
0002
0002
0002
0002
0002
0002
0002
0002
0002
0002
0002
0002
0002
0002
0002
0002
0002
0002
0002
0002
0002
0002
0002
0002
0002
0002
0002
0002
0002
0002
0002
0002
0002
0002
0002
0002
0002
0002
0002
0002
0002
0002
0002
0002
0002
0002
0002
0002
0002
0002
0002
0002
0002
0002
0002
0002
0002
0002
0002
0002
0002
0002
0002
0002
0002
0002
0002
0002
0002
0002
0002
0002
0002
0002
0002
0002
0002
0002
0002
0002
0002
0002
0002
0002
0002
0002
0002
0002
0002
0002
0002
0002
0002
0002
0002
0002
0002
0002
0002
0002
0002
0002
0002
0002
0002
0002
0002
0002
0002
0002
0002
0002
0002
0002
0002
0002
0002
0002
0002
0002
0002
0002
0002
0002
0002
0002
0002
0002
0002
0002
0002
0002
0002
0002
0002
0002
0002
0002
0002
0002
0002
0002
0002
0002
0002
0002
0002
0002
0002
0002
0002
0002
0002
0002
0002
0002
0002
0002
0002
0002
0002
0002
0002
0002
0002
0002
0002
0002
0002
0002
0002
0002
0002
0002
0002
0002
0002
0002
0002
0002
0002
0002
0002
0002
0002
0002
0002
0002
0002
0002
0002
0002
0002
0002
0002
0002
0002
0002
0002
0002
0002
0002
0002
0002
0002
0002
0002
0002
0002
0002
0002
0002
0002
0002
0002
0002
0002
0002
0002
0002
0002
0002
0002
0002
0002
0002
0002
0002
0002
0002
0002
0002
0002
0002
0002
0002
0002
0002
0002
0002
0002
0002
0002
0002
0002
0002
0002
0002
0002
0002
0002
0002
0002
0002
0002
0002
0002
0002
0002
0002
0002
0002
0002
0002
0002
0002
0002
0002
0002
0002
0002
0002
0002
0002
0002
0002
0002
0002
0002
0002
0002
0002
0002
0002
0002
0002
0002
0002
0002
0002
0002
0002
0002
0002
0002
0002
0002
0002
0002
0002
0002
0002
0002
0002
0002
0002
0002
0002
0002
0002
0002
0002
0002
0002
0002
0002
0002
0002
0002
0002
0002
0002
0002
0002
0002
0002
0002
0002
0002
0002
0002
0002
0002
0002
0002
0002
0002
0002
0002
0002
0002
0002
0002
0002
0002
0002
0002
0002
0002
0002
0002
0002
0002
0002
0002
0002
0002
0002
0002
0002
0002
0002
0002
0002
0002
0002
0002
0002
0002
0002
0002
0002
0002
0002
0002
0002
0002
0002
0002
0002
0002
0002
0002
0002
0002
0002
0002
0002
0002
0002
0002
0002
0002
0002
0002
0002
0002
0002
0002
0002
0002
0002
0002
0002
0002
0002
0002
0002
0002
0002
0002
0002
0002
0002
0002
0002
0002
0002
0002
0002
0002
0002
0002
0002
0002
0002
0002
0002
0002
0002
0002
0002
0002
0002
0002
0002
0002
0002
0002
0002
0002
0002
0002
0002
0002
0002
0002
0002
0002
0002
0002
0002
0002
0002
0002
0002
0002
0002
0002
0002
0002
0002
0002
0002
0002
0002
0002
0002
0002
0002
0002
0002
0002
0002
0002
0002
0002
0002
0002
0002
0002
0002
0002
0002
0002
0002
0002
0002
0002
0002
0002
0002
0002
0002
0002
0002
0002
0002
0002
0002
0002
0002
0002
0002
0002
0002
0002
0002
0002
0002
0002
0002
0002
0002
0002
0002
0002
0002
0002
0002
0002
0002
0002
0002
0002
0002
0002
0002
0002
0002
0002
0002
0002
0002
0002
0002
0002
0002
0002
0002
0002
0002
0002
0002
0002
0002
0002
0002
0002
0002
0002
0002
0002
0002
0002
0002
0002
0002
0002
0002
0002
0002
0002
0002
0002
0002
0002
0002
0002
0002
0002
0002
0002
0002
0002
0002
0002
0002
0002
0002
0002
0002
0002
0002
0002
0002
0002
0002
0002
0002
0002
0002
0002
0002
0002
0002
0002
0002
0002
0002
0002
0002
0002
0002
0002
0002
0002
0002
0002
0002
0002
0002
0002
0002
0002
0002
0002
0002
0002
0002
0002
0002
0002
0002
0002
0002
0002
0002
0002
0002
0002
0002
0002
0002
0002
0002
0002
0002
0002
0002
0002
0002
0002
0002
0002
0002
0002
0002
0002
0002
0002
0002
0002
0002
0002
0002
0002
0002
0002
0002
0002
0002
0002
0002
0002
0002
0002
0002
0002
0002
0002
0002
0002
0002
0002
0002
0002
0002
0002
0002
0002
0002
0002
0002
0002
0002
0002
0002
0002
0002
0002
0002
0002
0002
0002
0002
0002
0002
0002
0002
0002
0002
0002
0002
0002
0002
0002
0002
0002
0002
0002
0002
0002
0002
0002
0002
0002
0002
0002
0002
0002
0002
0002
0002
0002
0002
0002
0002
0002
0002
0002
0002
0002
0002
0002
0002
0002
0002
0002
0002
0002
0002
0002
0002
0002
0002
0002
0002
0002
0002
0002
0002
0002
0002
0002
0002
0002
0002
0002
0002
0002
0002
0002
0002
0002
0002
0002
0002
0002
0002
0002
0002
0002
0002
0002
0002
0002
0002
0002
0002
0002
0002
0002
0002
0002
0002
0002
0002
0002
0002
0002
0002
0002
0002
0002
0002
0002
0002
0002
0002
0002
0002
0002
0002
0002
0002
0002
0002
0002
0002
0002
0002
0002
0002
0002
0002
0002
0002
0002
0002
0002
0002
0002
0002
0002
0002
0002
0002
0002
0002
0002
0002
0002
0002
0002
0002
0002
0002
0002
0002
0002
0002
0002
0002
0002
0002
0002
0002
0002
0002
0002
0002
0002
0002
0002
0002
0002
0002
0002
0002
0002
0002
0002
0002
0002
0002
0002
0002
0002
0002
0002
0002
0002
0002
0002
0002
0002
0002
0002
0002
0002
0002
0002
0002
0002
0002
0002
0002
0002
0002
0002
0002
0002
0002
0002
0002
0002
0002
0002
0002
0002
0002
0002
0002
0002
0002
0002
0002
0002
0002
0002
0002
0002
0002
0002
0002
0002
0002
0002
0002
0002
0002
0002
0002
0002
0002
0002
0002
0002
0002
0002
0002
0002
0002
0002
0002
0002
0002
0002
0002
0002
0002
0002
0002
0002
0002
0002
0002
0002
0002
0002
0002
0002
0002
0002
0002
0002
0002
0002
0002
0002
0002
0002
0002
0002
0002
0002
0002
0002
0002
0002
0002
0002
0002
0002
0002
0002
0002
0002
0002
0002
0002
0002
0002
0002
0002
0002
0002
0002
0002
0002
0002
0002
0002
0002
0002
0002
0002
0002
0002
0002
0002
0002
0002
0002
0002
0002
0002
0002
0002
0002
0002
0002
0002
0002
0002
0002
0002
0002
0002
0002
0002
0002
0002
0002
0002
0002
0002
0002
0002
0002
0002
0002
0002
0002
0002
0002
0002
0002
0002
0002
0002
0002
0002
0002
0002
0002
0002
0002
0002
0002
0002
0002
0002
0002
0002
0002
0002
0002
0002
0002
0002
0002
0002
0002
0002
0002
0002
0002
0002
0002
0002
0002
0002
0002
0002
0002
0002
0002
0002
0002
0002
0002
0002
0002
0002
0002
0002
0002
0002
0002
0002
0002
0002
0002
0002
0002
0002
0002
0002
0002
0002
0002
0002
0002
0002
0002
0002
0002
0002
0002
0002
0002
0002
0002
0002
0002
0002
0002
0002
0002
0002
0002
0002
0002
0002
0002
0002
0002
0002
0002
0002
0002
0002
0002
0002
0002
0002
0002
0002
0002
0002
0002
0002
0002
0002
0002
0002
0002
0002
0002
0002
0002
0002
0002
0002
0002
0002
0002
0002
0002
0002
0002
0002
0002
0002
0002
0002
0002
0002
0002
0002
0002
0002
0002
0002
0002
0002
0002
0002
0002
0002
0002
0002
0002
0002
0002
0002
0002
0002
0002
0002
0002
0002
0002
0002
0002
0002
0002
0002
0002
0002
0002
0002
0002
0002
0002
0002
0002
0002
0002
0002
0002
0002
0002
0002
0002
0002
0002
0002
0002
0002
0002
0002
0002
0002
0002
0002
0002
0002
0002
0002
0002
0002
0002
0002
0002
0002
0002
0002
0002
0002
0002
0002
0002
0002
0002
0002
0002
0002
0002
0002
0002
0002
0002
0002
0002
0002
0002
0002
0002
0002
0002
0002
0002
0002
0002
0002
0002
0002
0002
0002
0002
0002
0002
0002
0002
0002
0002
0002
0002
0002
0002
0002
0002
0002
0002
0002
0002
0002
0002
0002
0002
0002
0002
0002
0002
0002
0002
0002
0002
0002
0002
0002
0002
0002
0002
0002
0002
0002
0002
0002
0002
0002
0002
0002
0002
0002
0002
0002
0002
0002
0002
0002
0002
0002
0002
0002
0002
0002
0002
0002
0002
0002
0002
0002
0002
0002
0002
0002
0002
0002
0002
0002
0002
0002
0002
0002
0002
0002
0002
0002
0002
0002
0002
0002
0002
0002
0002
0002
0002
0002
0002
0002
0002
0002
0002
0002
0002
0002
0002
0002
0002
0002
0002
0002
0002
0002
0002
0002
0002
0002
0002
0002
0002
0002
0002
0002
0002
0002
0002
0002
0002
0002
0002
0002
0002
0002
0002
0002
0002
0002
0002
0002
0002
0002
0002
0002
0002
0002
0002
0002
0002
0002
0002
0002
0002
0002
0002
0002
0002
0002
0002
0002
0002
0002
0002
0002
0002
0002
0002
0002
0002
0002
0002
0002
0002
0002
0002
0002
0002
0002
0002
0002
0002
0002
0002
0002
0002
0002
0002
0002
0002
0002
0002
0002
0002
0002
0002
0002
0002
0002
0002
0002
0002
0002
0002
0002
0002
0002
0002
0002
0002
0002
0002
0002
0002
0002
0002
0002
0002
0002
0002
0002
0002
0002
0002
0002
0002
0002
0002
0002
0002
0002
0002
0002
0002
0002
0002
0002
0002
0002
0002
0002
0002
0002
0002
0002
0002
0002
0002
0002
0002
0002
0002
0002
0002
0002
0002
0002
0002
0002
0002
0002
0002
0002
0002
0002
0002
0002
0002
0002
0002
0002
0002
0002
0002
0002
0002
0002
0002
0002
0002
0002
0002
0002
0002
0002
0002
0002
0002
0002
0002
0002
0002
0002
0002
0002
0002
0002
0002
0002
0002
0002
0002
0002
0002
0002
0002
0002
0002
0002
0002
0002
0002
0002
0002
0002
0002
0002
0002
0002
0002
0002
0002
0002
0002
0002
0002
0002
0002
0002
0002
0002
0002
0002
0002
0002
0002
0002
0002
0002
0002
0002
0002
0002
0002
0002
0002
0002
0002
0002
0002
0002
0002
0002
0002
0002
0002
0002
0002
0002
0002
0002
0002
0002
0002
0002
0002
0002
0002
0002
0002
0002
0002
0002
0002
0002
0002
0002
0002
0002
0002
0002
0002
0002
0002
0002
0002
0002
0002
0002
0002
0002
0002
0002
0002
0002
0002
0002
0002
0002
0002
0002
0002
0002
0002
0002
0002
0002
0002
0002
0002
0002
0002
0002
0002
0002
0002
0002
0002
0002
0002
0002
0002
0002
0002
0002
0002
0002
0002
0002
0002
0002
0002
0002
0002
0002
0002
0002
0002
0002
0002
0002
0002
0002
0002
0002
0002
0002
0002
0002
0002
0002
0002
0002
0002
0002
0002
0002
0002
0002
0002
0002
0002
0002
0002
0002
0002
0002
0002
0002
0002
0002
0002
0002
0002
0002
0002
0002
0002
0002
0002
0002
0002
0002
0002
0002
0002
0002
0002
0002
0002
0002
0002
0002
0002
0002
0002
0002
0002
0002
0002
0002
0002
0002
0002
0002
0002
0002
0002
0002
0002
0002
0002
0002
0002
0002
0002
0002
0002
0002
0002
0002
0002
0002
0002
0002
0002
0002
0002
0002
0002
0002
0002
0002
0002
0002
0002
0002
0002
0002
0002
0002
0002
0002
0002
0002
0002
0002
0002
0002
0002
0002
0002
0002
0002
0002
0002
0002
0002
0002
0002
0002
0002
0002
0002
0002
0002
0002
0002
0002
0002
0002
0002
0002
0002
0002
0002
0002
0002
0002
0002
0002
0002
0002
0002
0002
0002
0002
0002
0002
0002
0002
0002
0002
0002
0002
0002
0002
0002
0002
0002
0002
0002
0002
0002
0002
0002
0002
0002
0002
0002
0002
0002
0002
0002
0002
0002
0002
0002
0002
0002
0002
0002
0002
0002
0002
0002
0002
0003
0003
0003
0003
0003
0003
0003
0003
0003
0003
0003
0003
0003
0003
0003
0003
0003
0003
0003
0003
0003
0003
0003
0003
0003
0003
0003
0003
0003
0003
0003
0003
0003
0003
0003
0003
0003
0003
0003
0003
0003
0003
0003
0003
0003
0003
0003
0003
0003
0003
0003
0003
0003
0003
0003
0003
0003
0003
0003
0003
0003
0003
0003
0003
0003
0003
0003
0003
0003
0003
0003
0003
0003
0003
0003
0003
0003
0003
0003
0003
0003
0003
0003
0003
0003
0003
0003
0003
0003
0003
0003
0003
0003
0003
0003
0003
0003
0003
0003
0003
0003
0003
0003
0003
0003
0003
0003
0003
0003
0003
0003
0003
0003
0003
0003
0003
0003
0003
0003
0003
0003
0003
0003
0003
0003
0003
0003
0003
0003
0003
0003
0003
0003
0003
0003
0003
0003
0003
0003
0003
0003
0003
0003
0003
0003
0003
0003
0003
0003
0003
0003
0003
0003
0003
0003
0003
0003
0003
0003
0003
0003
0003
0003
0003
0003
0003
0003
0003
0003
0003
0003
0003
0003
0003
0003
0003
0003
0003
0003
0003
0003
0003
0003
0003
0003
0003
0003
0003
0003
0003
0003
0003
0003
0003
0003
0003
0003
0003
0003
0003
0003
0003
0003
0003
0003
0003
0003
0003
0003
0003
0003
0003
0003
0003
0003
0003
0003
0003
0003
0003
0003
0003
0003
0003
0003
0003
0003
0003
0003
0003
0003
0003
0003
0003
0003
0003
0003
0003
0003
0003
0003
0003
0003
0003
0003
0003
0003
0003
0003
0003
0003
0003
0003
0003
0003
0003
0003
0003
0003
0003
0003
0003
0003
0003
0003
0003
0003
0003
0003
0003
0003
0003
0003
0003
0003
0003
0003
0003
0003
0003
0003
0003
0003
0003
0003
0003
0003
0003
0003
0003
0003
0003
0003
0003
0003
0003
0003
0003
0003
0003
0003
0003
0003
0003
0003
0003
0003
0003
0003
0003
0003
0003
0003
0003
0003
0003
0003
0003
0003
0003
0003
0003
0003
0003
0003
0003
0003
0003
0003
0003
0003
0003
0003
0003
0003
0003
0003
0003
0003
0003
0003
0003
0003
0003
0003
0003
0003
0003
0003
0003
0003
0003
0003
0003
0003
0003
0003
0003
0003
0003
0003
0003
0003
0003
0003
0003
0003
0003
0003
0003
0003
0003
0003
0003
0003
0003
0003
0003
0003
0003
0003
0003
0003
0003
0003
0003
0003
0003
0003
0003
0003
0003
0003
0003
0003
0003
0003
0003
0003
0003
0003
0003
0003
0003
0003
0003
0003
0003
0003
0003
0003
0003
0003
0003
0003
0003
0003
0003
0003
0003
0003
0003
0003
0003
0003
0003
0003
0003
0003
0003
0003
0003
0003
0003
0003
0003
0003
0003
0003
0003
0003
0003
0003
0003
0003
0003
0003
0003
0003
0003
0003
0003
0003
0003
0003
0003
0003
0003
0003
0003
0003
0003
0003
0003
0003
0003
0003
0003
0003
0003
0003
0003
0003
0003
0003
0003
0003
0003
0003
0003
0003
0003
0003
0003
0003
0003
0003
0003
0003
0003
0003
0003
0003
0003
0003
0003
0003
0003
0003
0003
0003
0003
0003
0003
0003
0003
0003
0003
0003
0003
0003
0003
0003
0003
0003
0003
0003
0003
0003
0003
0003
0003
0003
0003
0003
0003
0003
0003
0003
0003
0003
0003
0003
0003
0003
0003
0003
0003
0003
0003
0003
0003
0003
0003
0003
0003
0003
0003
0003
0003
0003
0003
0003
0003
0003
0003
0003
0003
0003
0003
0003
0003
0003
0003
0003
0003
0003
0003
0003
0003
0003
0003
0003
0003
0003
0003
0003
0003
0003
0003
0003
0003
0003
0003
0003
0003
0003
0003
0003
0003
0003
0003
0003
0003
0003
0003
0003
0003
0003
0003
0003
0003
0003
0003
0003
0003
0003
0003
0003
0003
0003
0003
0003
0003
0003
0003
0003
0003
0003
0003
0003
0003
0003
0003
0003
0003
0003
0003
0003
0003
0003
0003
0003
0003
0003
0003
0003
0003
0003
0003
0003
0003
0003
0003
0003
0003
0003
0003
0003
0003
0003
0003
0003
0003
0003
0003
0003
0003
0003
0003
0003
0003
0003
0003
0003
0003
0003
0003
0003
0003
0003
0003
0003
0003
0003
0003
0003
0003
0003
0003
0003
0003
0003
0003
0003
0003
0003
0003
0003
0003
0003
0003
0003
0003
0003
0003
0003
0003
0003
0003
0003
0003
0003
0003
0003
0003
0003
0003
0003
0003
0003
0003
0003
0003
0003
0003
0003
0003
0003
0003
0003
0003
0003
0003
0003
0003
0003
0003
0003
0003
0003
0003
0003
0003
0003
0003
0003
0003
0003
0003
0003
0003
0003
0003
0003
0003
0003
0003
0003
0003
0003
0003
0003
0003
0003
0003
0003
0003
0003
0003
0003
0003
0003
0003
0003
0003
0003
0003
0003
0003
0003
0003
0003
0003
0003
0003
0003
0003
0003
0003
0003
0003
0003
0003
0003
0003
0003
0003
0003
0003
0003
0003
0003
0003
0003
0003
0003
0003
0003
0003
0003
0003
0003
0003
0003
0003
0003
0003
0003
0003
0003
0003
0003
0003
0003
0003
0003
0003
0003
0003
0003
0003
0003
0003
0003
0003
0003
0003
0003
0003
0003
0003
0003
0003
0003
0003
0003
0003
0003
0003
0003
0003
0003
0003
0003
0003
0003
0003
0003
0003
0003
0003
0003
0003
0003
0003
0003
0003
0003
0003
0003
0003
0003
0003
0003
0003
0003
0003
0003
0003
0003
0003
0003
0003
0003
0003
0003
0003
0003
0003
0003
0003
0003
0003
0003
0003
0003
0003
0003
0003
0003
0003
0003
0003
0003
0003
0003
0003
0003
0003
0003
0003
0003
0003
0003
0003
0003
0003
0003
0003
0003
0003
0003
0003
0003
0003
0003
0003
0003
0003
0003
0003
0003
0003
0003
0003
0003
0003
0003
0003
0003
0003
0003
0003
0003
0003
0003
0003
0003
0003
0003
0003
0003
0003
0003
0003
0003
0003
0003
0003
0003
0003
0003
0003
0003
0003
0003
0003
0003
0003
0003
0003
0003
0003
0003
0003
0003
0003
0003
0003
0003
0003
0003
0003
0003
0003
0003
0003
0003
0003
0003
0003
0003
0003
0003
0003
0003
0003
0003
0003
0003
0003
0003
0003
0003
0003
0003
0003
0003
0003
0003
0003
0003
0003
0003
0003
0003
0003
0003
0003
0003
0003
0003
0003
0003
0003
0003
0003
0003
0003
0003
0003
0003
0003
0003
0003
0003
0003
0003
0003
0003
0003
0003
0003
0003
0003
0003
0003
0003
0003
0003
0003
0003
0003
0003
0003
0003
0003
0003
0003
0003
0003
0003
0003
0003
0003
0003
0003
0003
0003
0003
0003
0003
0003
0003
0003
0003
0003
0003
0003
0003
0003
0003
0003
0003
0003
0003
0003
0003
0003
0003
0003
0003
0003
0003
0003
0003
0003
0003
0003
0003
0003
0003
0003
0003
0003
0003
0003
0003
0003
0003
0003
0003
0003
0003
0003
0003
0003
0003
0003
0003
0003
0003
0003
0003
0003
0003
0003
0003
0003
0003
0003
0003
0003
0003
0003
0003
0003
0003
0003
0003
0003
0003
0003
0003
0003
0003
0003
0003
0003
0003
0003
0003
0003
0003
0003
0003
0003
0003
0003
0003
0003
0003
0003
0003
0003
0003
0003
0003
0003
0003
0003
0003
0003
0003
0003
0003
0003
0003
0003
0003
0003
0003
0003
0003
0003
0003
0003
0003
0003
0003
0003
0003
0003
0003
0003
0003
0003
0003
0003
0003
0003
0003
0003
0003
0003
0003
0003
0003
0003
0003
0003
0003
0003
0003
0003
0003
0003
0003
0003
0003
0003
0003
0003
0003
0003
0003
0003
0003
0003
0003
0003
0003
0003
0003
0003
0003
0003
0003
0003
0003
0003
0003
0003
0003
0003
0003
0003
0003
0003
0003
0003
0003
0003
0003
0003
0003
0003
0003
0003
0003
0003
0003
0003
0003
0003
0003
0003
0003
0003
0003
0003
0003
0003
0003
0003
0003
0003
0003
0003
0003
0003
0003
0003
0003
0003
0003
0003
0003
0003
0004
0004
0004
0004
0004
0004
0004
0004
0004
0004
0004
0004
0004
0004
0004
0004
0004
0004
0004
0004
0004
0004
0004
0004
0004
0004
0004
0004
0004
0004
0004
0004
0004
0004
0004
0004
0004
0004
0004
0004
0004
0004
0004
0004
0004
0004
0004
0004
0004
0004
0004
0004
0004
0004
0004
0004
0004
0004
0004
0004
0004
0004
0004
0004
0004
0004
0004
0004
0004
0004
0004
0004
0004
0004
0004
0004
0004
0004
0004
0004
0004
0004
0004
0004
0004
0004
0004
0004
0004
0004
0004
0004
0004
0004
0004
0004
0004
0004
0004
0004
0004
0004
0004
0004
0004
0004
0004
0004
0004
0004
0004
0004
0004
0004
0004
0004
0004
0004
0004
0004
0004
0004
0004
0004
0004
0004
0004
0004
0004
0004
0004
0004
0004
0004
0004
0004
0004
0004
0004
0004
0004
0004
0004
0004
0004
0004
0004
0004
0004
0004
0004
0004
0004
0004
0004
0004
0004
0004
0004
0004
0004
0004
0004
0004
0004
0004
0004
0004
0004
0004
0004
0004
0004
0004
0004
0004
0004
0004
0004
0004
0004
0004
0004
0004
0004
0004
0004
0004
0004
0004
0004
0004
0004
0004
0004
0004
0004
0004
0004
0004
0004
0004
0004
0004
0004
0004
0004
0004
0004
0004
0004
0004
0004
0004
0004
0004
0004
0004
0004
0004
0004
0004
0004
0004
0004
0004
0004
0004
0004
0004
0004
0004
0004
0004
0004
0004
0004
0004
0004
0004
0004
0004
0004
0004
0004
0004
0004
0004
0004
0004
0004
0004
0004
0004
0004
0004
0004
0004
0004
0004
0004
0004
0004
0004
0004
0004
0004
0004
0004
0004
0004
0004
0004
0004
0004
0004
0004
0004
0004
0004
0004
0004
0004
0004
0004
0004
0004
0004
0004
0004
0004
0004
0004
0004
0004
0004
0004
0004
0004
0004
0004
0004
0004
0004
0004
0004
0004
0004
0004
0004
0004
0004
0004
0004
0004
0004
0004
0004
0004
0004
0004
0004
0004
0004
0004
0004
0004
0004
0004
0004
0004
0004
0004
0004
0004
0004
0004
0004
0004
0004
0004
0004
0004
0004
0004
0004
0004
0004
0004
0004
0004
0004
0004
0004
0004
0004
0004
0004
0004
0004
0004
0004
0004
0004
0004
0004
0004
0004
0004
0004
0004
0004
0004
0004
0004
0004
0004
0004
0004
0004
0004
0004
0004
0004
0004
0004
0004
0004
0004
0004
0004
0004
0004
0004
0004
0004
0004
0004
0004
0004
0004
0004
0004
0004
0004
0004
0004
0004
0004
0004
0004
0004
0004
0004
0004
0004
0004
0004
0004
0004
0004
0004
0004
0004
0004
0004
0004
0004
0004
0004
0004
0004
0004
0004
0004
0004
0004
0004
0004
0004
0004
0004
0004
0004
0004
0004
0004
0004
0004
0004
0004
0004
0004
0004
0004
0004
0004
0004
0004
0004
0004
0004
0004
0004
0004
0004
0004
0004
0004
0004
0004
0004
0004
0004
0004
0004
0004
0004
0004
0004
0004
0004
0004
0004
0004
0004
0004
0004
0004
0004
0004
0004
0004
0004
0004
0004
0004
0004
0004
0004
0004
0004
0004
0004
0004
0004
0004
0004
0004
0004
0004
0004
0004
0004
0004
0004
0004
0004
0004
0004
0004
0004
0004
0004
0004
0004
0004
0004
0004
0004
0004
0004
0004
0004
0004
0004
0004
0004
0004
0004
0004
0004
0004
0004
0004
0004
0004
0004
0004
0004
0004
0004
0004
0004
0004
0004
0004
0004
0004
0004
0004
0004
0004
0004
0004
0004
0004
0004
0004
0004
0004
0004
0004
0004
0004
0004
0004
0004
0004
0004
0004
0004
0004
0004
0004
0004
0004
0004
0004
0004
0004
0004
0004
0004
0004
0004
0004
0004
0004
0004
0004
0004
0004
0004
0004
0004
0004
0004
0004
0004
0004
0004
0004
0004
0004
0004
0004
0004
0004
0004
0004
0004
0004
0004
0004
0004
0004
0004
0004
0004
0004
0004
0004
0004
0004
0004
0004
0004
0004
0004
0004
0004
0004
0004
0004
0004
0004
0004
0004
0004
0004
0004
0004
0004
0004
0004
0004
0004
0004
0004
0004
0004
0004
0004
0004
0004
0004
0004
0004
0004
0004
0004
0004
0004
0004
0004
0004
0004
0004
0004
0004
0004
0004
0004
0004
0004
0004
0004
0004
0004
0004
0004
0004
0004
0004
0004
0004
0004
0004
0004
0004
0004
0004
0004
0004
0004
0004
0004
0004
0004
0004
0004
0004
0004
0004
0004
0004
0004
0004
0004
0004
0004
0004
0004
0004
0004
0004
0004
0004
0004
0004
0004
0004
0004
0004
0004
0004
0004
0004
0004
0004
0004
0004
0004
0004
0004
0004
0004
0004
0004
0004
0004
0004
0004
0004
0004
0004
0004
0004
0004
0004
0004
0004
0004
0004
0004
0004
0004
0004
0004
0004
0004
0004
0004
0004
0004
0004
0004
0004
0004
0004
0004
0004
0004
0004
0004
0004
0004
0004
0004
0004
0004
0004
0004
0004
0004
0004
0004
0004
0004
0004
0004
0004
0004
0004
0004
0004
0004
0004
0004
0004
0004
0004
0004
0004
0004
0004
0004
0004
0004
0004
0004
0004
0004
0004
0004
0004
0004
0004
0004
0004
0004
0004
0004
0004
0004
0004
0004
0004
0004
0004
0004
0004
0004
0004
0004
0004
0004
0004
0004
0004
0004
0004
0004
0004
0004
0004
0004
0004
0004
0004
0004
0004
0004
0004
0004
0004
0004
0004
0004
0004
0004
0004
0004
0004
0004
0004
0004
0004
0004
0004
0004
0004
0004
0004
0004
0004
0004
0004
0004
0004
0004
0004
0004
0004
0004
0004
0004
0004
0004
0004
0004
0004
0004
0004
0004
0004
0004
0004
0004
0004
0004
0004
0004
0004
0004
0004
0004
0004
0004
0004
0004
0004
0004
0004
0004
0004
0004
0004
0004
0004
0004
0004
0004
0004
0004
0004
0004
0004
0004
0004
0004
0004
0004
0004
0004
0004
0004
0004
0004
0004
0004
0004
0004
0004
0004
0004
0004
0004
0004
0004
0004
0004
0004
0004
0004
0004
0004
0004
0004
0004
0004
0004
0004
0004
0004
0004
0004
0004
0004
0004
0004
0004
0004
0004
0004
0004
0004
0004
0004
0004
0004
0004
0004
0004
0004
0004
0004
0004
0004
0004
0004
0004
0004
0004
0004
0004
0004
0004
0004
0004
0004
0004
0004
0004
0004
0004
0004
0004
0004
0004
0004
0004
0004
0005
0005
0005
0005
0005
0005
0005
0005
0005
0005
0005
0005
0005
0005
0005
0005
0005
0005
0005
0005
0005
0005
0005
0005
0005
0005
0005
0005
0005
0005
0005
0005
0005
0005
0005
0005
0005
0005
0005
0005
0005
0005
0005
0005
0005
0005
0005
0005
0005
0005
0005
0005
0005
0005
0005
0005
0005
0005
0005
0005
0005
0005
0005
0005
0005
0005
0005
0005
0005
0005
0005
0005
0005
0005
0005
0005
0005
0005
0005
0005
0005
0005
0005
0005
0005
0005
0005
0005
0005
0005
0005
0005
0005
0005
0005
0005
0005
0005
0005
0005
0005
0005
0005
0005
0005
0005
0005
0005
0005
0005
0005
0005
0005
0005
0005
0005
0005
0005
0005
0005
0005
0005
0005
0005
0005
0005
0005
0005
0005
0005
0005
0005
0005
0005
0005
0005
0005
0005
0005
0005
0005
0005
0005
0005
0005
0005
0005
0005
0005
0005
0005
0005
0005
0005
0005
0005
0005
0005
0005
0005
0005
0005
0005
0005
0005
0005
0005
0005
0005
0005
0005
0005
0005
0005
0005
0005
0005
0005
0005
0005
0005
0005
0005
0005
0005
0005
0005
0005
0005
0005
0005
0005
0005
0005
0005
0005
0005
0005
0005
0005
0005
0005
0005
0005
0005
0005
0005
0005
0005
0005
0005
0005
0005
0005
0005
0005
0005
0005
0005
0005
0005
0005
0005
0005
0005
0005
0005
0005
0005
0005
0005
0005
0005
0005
0005
0005
0005
0005
0005
0005
0005
0005
0005
0005
0005
0005
0005
0005
0005
0005
0005
0005
0005
0005
0005
0005
0005
0005
0005
0005
0005
0005
0005
0005
0005
0005
0005
0005
0005
0005
0005
0005
0005
0005
0005
0005
0005
0005
0005
0005
0005
0005
0005
0005
0005
0005
0005
0005
0005
0005
0005
0005
0005
0005
0005
0005
0005
0005
0005
0005
0005
0005
0005
0005
0005
0005
0005
0005
0005
0005
0005
0005
0005
0005
0005
0005
0005
0005
0005
0005
0005
0005
0005
0005
0005
0005
0005
0005
0005
0005
0005
0005
0005
0005
0005
0005
0005
0005
0005
0005
0005
0005
0005
0005
0005
0005
0005
0005
0005
0005
0005
0005
0005
0005
0005
0005
0005
0005
0005
0005
0005
0005
0005
0005
0005
0005
0005
0005
0005
0005
0005
0005
0005
0005
0005
0005
0005
0005
0005
0005
0005
0005
0005
0005
0005
0005
0005
0005
0005
0005
0005
0005
0005
0005
0005
0005
0005
0005
0005
0005
0005
0005
0005
0005
0005
0005
0005
0005
0005
0005
0005
0005
0005
0005
0005
0005
0005
0005
0005
0005
0005
0005
0005
0005
0005
0005
0005
0005
0005
0005
0005
0005
0005
0005
0005
0005
0005
0005
0005
0005
0005
0005
0005
0005
0005
0005
0005
0005
0005
0005
0005
0005
0005
0005
0005
0005
0005
0005
0005
0005
0005
0005
0005
0005
0005
0005
0005
0005
0005
0005
0005
0005
0005
0005
0005
0005
0005
0005
0005
0005
0005
0005
0005
0005
0005
0005
0005
0005
0005
0005
0005
0005
0005
0005
0005
0005
0005
0005
0005
0005
0005
0005
0005
0005
0005
0005
0005
0005
0005
0005
0005
0005
0005
0005
0005
0005
0005
0005
0005
0005
0005
0005
0005
0005
0005
0005
0005
0005
0005
0005
0005
0005
0005
0005
0005
0005
0005
0005
0005
0005
0005
0005
0005
0005
0005
0005
0005
0005
0005
0005
0005
0005
0005
0005
0005
0005
0005
0005
0005
0005
0005
0005
0005
0005
0005
0005
0005
0005
0005
0005
0005
0005
0005
0005
0005
0005
0005
0005
0005
0005
0005
0005
0005
0005
0005
0005
0005
0005
0005
0005
0005
0005
0005
0005
0005
0005
0005
0005
0005
0005
0005
0005
0005
0005
0005
0005
0005
0005
0005
0005
0005
0005
0005
0005
0005
0005
0005
0005
0005
0005
0005
0005
0005
0005
0005
0005
0005
0005
0005
0005
0005
0005
0005
0005
0005
0005
0005
0005
0005
0005
0005
0005
0005
0005
0005
0005
0005
0005
0005
0005
0005
0005
0005
0005
0005
0005
0005
0005
0005
0005
0005
0005
0005
0005
0005
0005
0005
0005
0005
0005
0005
0005
0005
0005
0005
0005
0005
0005
0005
0005
0005
0005
0005
0005
0005
0005
0005
0005
0005
0005
0005
0005
0005
0005
0005
0005
0005
0005
0005
0005
0005
0005
0005
0005
0005
0005
0005
0005
0005
0005
0005
0005
0005
0005
0005
0005
0005
0005
0005
0005
0005
0005
0005
0005
0005
0005
0005
0005
0005
0005
0005
0005
0005
0005
0005
0005
0005
0005
0005
0005
0005
0005
0005
0005
0005
0005
0005
0005
0005
0005
0005
0005
0005
0005
0005
0005
0005
0005
0005
0005
0005
0005
0005
0005
0005
0005
0005
0005
0005
0005
0005
0005
0005
0005
0005
0005
0005
0005
0005
0005
0005
0005
0005
0005
0005
0005
0005
0005
0005
0005
0005
0005
0005
0005
0005
0005
0005
0005
0005
0005
0005
0005
0005
0005
0005
0005
0005
0005
0005
0005
0005
0005
0005
0005
0005
0005
0005
0005
0005
0005
0005
0005
0005
0005
0005
0005
0005
0005
0005
0005
0005
0005
0005
0005
0005
0005
0005
0005
0005
0005
0005
0005
0005
0005
0005
0005
0005
0005
0005
0005
0005
0005
0005
0005
0005
0005
0005
0005
0005
0005
0005
0005
0005
0005
0005
0005
0005
0005
0005
0005
0005
0005
0005
0005
0005
0005
0005
0005
0005
0005
0005
0005
0005
0005
0005
0005
0005
0005
0005
0005
0005
0005
0005
0005
0005
0005
0005
0005
0005
0005
0005
0005
0005
0005
0005
0005
0005
0005
0005
0005
0005
0005
0005
0005
0005
0005
0005
0005
0005
0005
0005
0005
0005
0005
0005
0005
0005
0005
0005
0005
0005
0005
0005
0005
0005
0005
0005
0005
0005
0005
0005
0005
0005
0005
0005
0005
0005
0005
0005
0005
0005
0005
0005
0005
0005
0005
0005
0005
0005
0005
0005
0005
0005
0005
0005
0005
0005
0005
0005
0005
0005
0005
0005
0005
0005
0005
0005
0005
0005
0005
0005
0005
0005
0005
0005
0005
0005
0005
0005
0005
0005
0005
0005
0005
0005
0005
0005
0005
0005
0005
0005
0005
0005
0005
0005
0005
0005
0005
0005
0005
0005
0005
0005
0005
0005
0005
0005
0005
0005
0005
0005
0005
0005
0005
0006
0006
0006
0006
0006
0006
0006
0006
0006
0006
0006
0006
0006
0006
0006
0006
0006
0006
0006
0006
0006
0006
0006
0006
0006
0006
0006
0006
0006
0006
0006
0006
0006
0006
0006
0006
0006
0006
0006
0006
0006
0006
0006
0006
0006
0006
0006
0006
0006
0006
0006
0006
0006
0006
0006
0006
0006
0006
0006
0006
0006
0006
0006
0006
0006
0006
0006
0006
0006
0006
0006
0006
0006
0006
0006
0006
0006
0006
0006
0006
0006
0006
0006
0006
0006
0006
0006
0006
0006
0006
0006
0006
0006
0006
0006
0006
0006
0006
0006
0006
0006
0006
0006
0006
0006
0006
0006
0006
0006
0006
0006
0006
0006
0006
0006
0006
0006
0006
0006
0006
0006
0006
0006
0006
0006
0006
0006
0006
0006
0006
0006
0006
0006
0006
0006
0006
0006
0006
0006
0006
0006
0006
0006
0006
0006
0006
0006
0006
0006
0006
0006
0006
0006
0006
0006
0006
0006
0006
0006
0006
0006
0006
0006
0006
0006
0006
0006
0006
0006
0006
0006
0006
0006
0006
0006
0006
0006
0006
0006
0006
0006
0006
0006
0006
0006
0006
0006
0006
0006
0006
0006
0006
0006
0006
0006
0006
0006
0006
0006
0006
0006
0006
0006
0006
0006
0006
0006
0006
0006
0006
0006
0006
0006
0006
0006
0006
0006
0006
0006
0006
0006
0006
0006
0006
0006
0006
0006
0006
0006
0006
0006
0006
0006
0006
0006
0006
0006
0006
0006
0006
0006
0006
0006
0006
0006
0006
0006
0006
0006
0006
0006
0006
0006
0006
0006
0006
0006
0006
0006
0006
0006
0006
0006
0006
0006
0006
0006
0006
0006
0006
0006
0006
0006
0006
0006
0006
0006
0006
0006
0006
0006
0006
0006
0006
0006
0006
0006
0006
0006
0006
0006
0006
0006
0006
0006
0006
0006
0006
0006
0006
0006
0006
0006
0006
0006
0006
0006
0006
0006
0006
0006
0006
0006
0006
0006
0006
0006
0006
0006
0006
0006
0006
0006
0006
0006
0006
0006
0006
0006
0006
0006
0006
0006
0006
0006
0006
0006
0006
0006
0006
0006
0006
0006
0006
0006
0006
0006
0006
0006
0006
0006
0006
0006
0006
0006
0006
0006
0006
0006
0006
0006
0006
0006
0006
0006
0006
0006
0006
0006
0006
0006
0006
0006
0006
0006
0006
0006
0006
0006
0006
0006
0006
0006
0006
0006
0006
0006
0006
0006
0006
0006
0006
0006
0006
0006
0006
0006
0006
0006
0006
0006
0006
0006
0006
0006
0006
0006
0006
0006
0006
0006
0006
0006
0006
0006
0006
0006
0006
0006
0006
0006
0006
0006
0006
0006
0006
0006
0006
0006
0006
0006
0006
0006
0006
0006
0006
0006
0006
0006
0006
0006
0006
0006
0006
0006
0006
0006
0006
0006
0006
0006
0006
0006
0006
0006
0006
0006
0006
0006
0006
0006
0006
0006
0006
0006
0006
0006
0006
0006
0006
0006
0006
0006
0006
0006
0006
0006
0006
0006
0006
0006
0006
0006
0006
0006
0006
0006
0006
0006
0006
0006
0006
0006
0006
0006
0006
0006
0006
0006
0006
0006
0006
0006
0006
0006
0006
0006
0006
0006
0006
0006
0006
0007
0007
0007
0007
0007
0007
0007
0007
0007
0007
0007
0007
0007
0007
0007
0007
0007
0007
0007
0007
0007
0007
0007
0007
0007
0007
0007
0007
0007
0007
0007
0007
0007
0007
0007
0007
0007
0007
0007
0007
0007
0007
0007
0007
0007
0007
0007
0007
0007
0007
0007
0007
0007
0007
0007
0007
0007
0007
0007
0007
0007
0007
0007
0007
0007
0007
0007
0007
0007
0007
0007
0007
0007
0007
0007
0007
0007
0007
0007
0007
0007
0007
0007
0007
0007
0007
0007
0007
0007
0007
0007
0007
0007
0007
0007
0007
0007
0007
0007
0007
0007
0007
0007
0007
0007
0007
0007
0007
0007
0007
0007
0007
0007
0007
0007
0007
0007
0007
0007
0007
0007
0007
0007
0007
0007
0007
0007
0007
0007
0007
0007
0007
0007
0007
0007
0007
0007
0007
0007
0007
0007
0007
0007
0007
0007
0007
0007
0007
0007
0007
0007
0007
0007
0007
0007
0007
0007
0007
0007
0007
0007
0007
0007
0007
0007
0007
0007
0007
0007
0007
0007
0007
0007
0007
0007
0007
0007
0007
0007
0007
0007
0007
0007
0007
0007
0007
0007
0007
0007
0007
0007
0007
0007
0007
0007
0007
0007
0007
0007
0007
0007
0007
0007
0007
0007
0007
0007
0007
0007
0007
0007
0007
0007
0007
0007
0007
0007
0007
0007
0007
0007
0007
0007
0007
0007
0007
0007
0007
0007
0007
0007
0007
0007
0007
0007
0007
0007
0007
0007
0007
0007
0007
0007
0007
0007
0007
0007
0007
0007
0007
0007
0007
0007
0007
0007
0007
0007
0007
0007
0007
0007
0007
0007
0007
0007
0007
0007
0007
0007
0007
0007
0007
0007
0007
0007
0007
0007
0007
0007
0007
0007
0007
0007
0007
0007
0007
0007
0007
0007
0007
0007
0007
0007
0007
0007
0007
0007
0007
0007
0007
0007
0007
0007
0007
0007
0007
0007
0007
0007
0007
0007
0007
0007
0007
0007
0007
0007
0007
0007
0007
0007
0007
0007
0007
0007
0007
0007
0007
0007
0007
0007
0007
0007
0007
0007
0007
0007
0007
0007
0007
0007
0007
0007
0007
0007
0007
0007
0007
0007
0007
0007
0007
0007
0007
0007
0007
0007
0007
0007
0007
0007
0007
0007
0007
0007
0007
0007
0007
0007
0007
0007
0007
0007
0007
0007
0007
0007
0007
0007
0007
0007
0007
0007
0007
0007
0007
0007
0007
0007
0007
0007
0007
0007
0007
0007
0007
0007
0007
0007
0007
0007
0007
0007
0007
0007
0007
0007
0007
0007
0007
0007
0007
0007
0007
0007
0007
0007
0007
0007
0007
0007
0007
0007
0007
0007
0007
0007
0007
0007
0007
0007
0007
0007
0007
0007
0007
0007
0007
0007
0007
0007
0007
0007
0007
0007
0007
0007
0007
0007
0007
0007
0007
0007
0007
0007
0007
0007
0007
0007
0007
0007
0007
0007
0007
0007
0007
0007
0007
0007
0007
0007
0007
0007
0007
0007
0007
0007
0007
0007
0007
0007
0007
0007
0007
0007
0007
0007
0007
0007
0007
0007
0007
0007
0007
0007
0007
0007
0007
0007
0007
0007
0007
0007
0007
0007
0007
0007
0007
0007
0007
0007
0007
0007
0007
0007
0007
0007
0007
0007
0007
0007
0007
0007
0007
0007
0007
0007
0007
0007
0007
0007
0007
0007
0007
0007
0007
0007
0007
0007
0007
0007
0007
0007
0007
0007
0007
0007
0007
0007
0007
0007
0007
0007
0007
0007
0007
0007
0007
0007
0007
0007
0007
0007
0007
0007
0007
0007
0007
0007
0007
0007
0007
0007
0007
0007
0007
0007
0007
0007
0007
0007
0007
0007
0007
0007
0007
0007
0007
0007
0007
0007
0007
0007
0007
0007
0007
0007
0007
0007
0007
0007
0007
0007
0007
0007
0007
0007
0007
0007
0007
0007
0007
0007
0007
0007
0007
0007
0007
0007
0007
0007
0007
0007
0007
0007
0007
0007
0007
0007
0007
0007
0007
0007
0007
0007
0007
0007
0007
0007
0007
0007
0007
0007
0007
0007
0007
0007
0007
0007
0007
0007
0007
0007
0007
0007
0007
0007
0007
0007
0007
0007
0007
0007
0007
0007
0007
0007
0007
0007
0007
0007
0007
0007
0007
0007
0007
0007
0007
0007
0007
0007
0007
0007
0007
0007
0007
0007
0007
0007
0007
0007
0007
0007
0007
0007
0007
0007
0007
0007
0007
0007
0007
0007
0007
0007
0007
0007
0007
0007
0007
0007
0007
0007
0007
0007
0007
0007
0007
0007
0007
0007
0007
0007
0007
0007
0007
0007
0007
0007
0007
0007
0007
0007
0007
0007
0007
0007
0007
0007
0007
0007
0007
0007
0007
0007
0007
0007
0007
0007
0007
0007
0007
0007
0007
0007
0007
0007
0007
0007
0007
0007
0007
0007
0007
0007
0007
0007
0007
0008
0008
0008
0008
0008
0008
0008
0008
0008
0008
0008
0008
0008
0008
0008
0008
0008
0008
0008
0008
0008
0008
0008
0008
0008
0008
0008
0008
0008
0008
0008
0008
0008
0008
0008
0008
0008
0008
0008
0008
0008
0008
0008
0008
0008
0008
0008
0008
0008
0008
0008
0008
0008
0008
0008
0008
0008
0008
0008
0008
0008
0008
0008
0008
0008
0008
0008
0008
0008
0008
0008
0008
0008
0008
0008
0008
0008
0008
0008
0008
0008
0008
0008
0008
0008
0008
0008
0008
0008
0008
0008
0008
0008
0008
0008
0008
0008
0008
0008
0008
0008
0008
0008
0008
0008
0008
0008
0008
0008
0008
0008
0008
0008
0008
0008
0008
0008
0008
0008
0008
0008
0008
0008
0008
0008
0008
0008
0008
0008
0008
0008
0008
0008
0008
0008
0008
0008
0008
0008
0008
0008
0008
0008
0008
0008
0008
0008
0008
0008
0008
0008
0008
0008
0008
0008
0008
0008
0008
0008
0008
0008
0008
0008
0008
0008
0008
0008
0008
0008
0008
0008
0008
0008
0008
0008
0008
0008
0008
0008
0008
0008
0008
0008
0008
0008
0008
0008
0008
0008
0008
0008
0008
0008
0008
0008
0008
0008
0008
0008
0008
0008
0008
0008
0008
0008
0008
0008
0008
0008
0008
0008
0008
0008
0008
0008
0008
0008
0008
0008
0008
0008
0008
0008
0008
0008
0008
0008
0008
0008
0008
0008
0008
0008
0008
0008
0008
0008
0008
0008
0008
0008
0008
0008
0008
0008
0008
0008
0008
0008
0008
0008
0008
0008
0008
0008
0008
0008
0008
0008
0008
0008
0008
0008
0008
0008
0008
0008
0008
0008
0008
0008
0008
0008
0008
0008
0008
0008
0008
0008
0008
0008
0008
0008
0008
0008
0008
0008
0008
0008
0008
0008
0008
0008
0008
0008
0008
0008
0008
0008
0008
0008
0008
0008
0008
0008
0008
0008
0008
0008
0008
0008
0008
0008
0008
0008
0008
0008
0008
0008
0008
0008
0008
0008
0008
0008
0008
0008
0008
0008
0008
0008
0008
0008
0008
0008
0008
0008
0008
0008
0008
0008
0008
0008
0008
0008
0008
0008
0008
0008
0008
0008
0008
0008
0008
0008
0008
0008
0008
0008
0008
0008
0008
0008
0008
0008
0008
0008
0008
0008
0008
0008
0008
0008
0008
0008
0008
0008
0008
0008
0008
0008
0008
0008
0008
0008
0008
0008
0008
0008
0008
0008
0008
0008
0008
0008
0008
0008
0008
0008
0008
0008
0008
0008
0008
0008
0008
0008
0008
0008
0008
0008
0008
0008
0008
0008
0008
0008
0008
0008
0008
0008
0008
0008
0008
0008
0008
0008
0008
0008
0008
0008
0008
0008
0008
0008
0008
0008
0008
0008
0008
0008
0008
0008
0008
0008
0008
0008
0008
0008
0008
0008
0008
0008
0008
0008
0008
0008
0008
0008
0008
0008
0008
0008
0008
0008
0008
0008
0008
0008
0008
0008
0008
0008
0008
0008
0008
0008
0008
0008
0008
0008
0008
0008
0008
0008
0008
0008
0008
0008
0008
0008
0008
0008
0008
0008
0008
0008
0008
0008
0008
0008
0008
0008
0008
0008
0008
0008
0008
0008
0008
0008
0008
0009
0009
0009
0009
0009
0009
0009
0009
0009
0009
0009
0009
0009
0009
0009
0009
0009
0009
0009
0009
0009
0009
0009
0009
0009
0009
0009
0009
0009
0009
0009
0009
0009
0009
0009
0009
0009
0009
0009
0009
0009
0009
0009
0009
0009
0009
0009
0009
0009
0009
0009
0009
0009
0009
0009
0009
0009
0009
0009
0009
0009
0009
0009
0009
0009
0009
0009
0009
0009
0009
0009
0009
0009
0009
0009
0009
0009
0009
0009
0009
0009
0009
0009
0009
0009
0009
0009
0009
0009
0009
0009
0009
0009
0009
0009
0009
0009
0009
0009
0009
0009
0009
0009
0009
0009
0009
0009
0009
0009
0009
0009
0009
0009
0009
0009
0009
0009
0009
0009
0009
0009
0009
0009
0009
0009
0009
0009
0009
0009
0009
0009
0009
0009
0009
0009
0009
0009
0009
0009
0009
0009
0009
0009
0009
0009
0009
0009
0009
0009
0009
0009
0009
0009
0009
0009
0009
0009
0009
0009
0009
0009
0009
0009
0009
0009
0009
0009
0009
0009
0009
0009
0009
0009
0009
0009
0009
0009
0009
0009
0009
0009
0009
0009
0009
0009
0009
0009
0009
0009
0009
0009
0009
0009
0009
0009
0009
0009
0009
0009
0009
0009
0009
0009
0009
0009
0009
0009
0009
0009
0009
0009
0009
0009
0009
0009
0009
0009
0009
0009
0009
0009
0009
0009
0009
0009
0009
0009
0009
0009
0009
0009
0009
0009
0009
0009
0009
0009
0009
0009
0009
0009
0009
0009
0009
0009
0009
0009
0009
0009
0009
0009
0009
0009
0009
0009
0009
000a
000a
000a
000a
000a
000a
000a
000a
000a
000a
000a
000a
000a
000a
000a
000a
000a
000a
000a
000a
000a
000a
000a
000a
000a
000a
000a
000a
000a
000a
000a
000a
000a
000a
000a
000a
000a
000a
000a
000a
000a
000a
000a
000a
000a
000a
000a
000a
000a
000a
000a
000a
000a
000a
000a
000a
000a
000a
000a
000a
000a
000a
000a
000a
000a
000a
000a
000a
000a
000a
000a
000a
000a
000a
000a
000a
000a
000a
000a
000a
000a
000a
000a
000a
000a
000a
000a
000a
000a
000a
000a
000a
000a
000a
000a
000a
000a
000a
000a
000a
000a
000a
000a
000a
000a
000a
000a
000a
000a
000a
000a
000a
000a
000a
000a
000a
000a
000a
000a
000a
000a
000a
000a
000a
000a
000a
000a
000a
000a
000a
000a
000a
000a
000a
000a
000a
000a
000a
000a
000a
000a
000a
000a
000a
000a
000a
000a
000a
000a
000a
000a
000a
000a
000a
000a
000a
000a
000a
000a
000a
000a
000a
000a
000a
000a
000a
000a
000a
000a
000a
000a
000a
000a
000a
000a
000a
000a
000a
000a
000a
000a
000a
000a
000a
000a
000a
000a
000a
000a
000a
000a
000a
000a
000a
000a
000a
000a
000a
000a
000a
000a
000a
000a
000a
000a
000a
000a
000a
000a
000a
000a
000a
000a
000a
000a
000a
000a
000a
000a
000a
000a
000a
000a
000a
000a
000a
000a
000a
000a
000a
000a
000a
000a
000a
000a
000a
000a
000a
000a
000a
000a
000a
000a
000a
000a
000a
000a
000a
000a
000a
000a
000a
000a
000a
000a
000a
000a
000a
000a
000a
000a
000a
000a
000a
000a
000a
000a
000a
000a
000a
000a
000a
000a
000a
000a
000a
000a
000a
000a
000a
000a
000a
000a
000a
000a
000a
000a
000a
000a
000a
000a
000a
000a
000a
000a
000a
000a
000a
000a
000a
000a
000a
000a
000a
000a
000a
000a
000a
000a
000a
000a
000a
000a
000a
000a
000a
000a
000a
000a
000a
000a
000a
000a
000a
000a
000a
000a
000a
000a
000a
000a
000a
000a
000a
000a
000a
000a
000a
000a
000a
000a
000a
000a
000a
000a
000a
000a
000a
000a
000a
000a
000a
000a
000a
000a
000a
000a
000a
000a
000a
000a
000a
000a
000a
000a
000a
000a
000a
000a
000a
000a
000a
000a
000a
000a
000a
000a
000a
000a
000a
000a
000a
000a
000a
000a
000a
000a
000a
000a
000a
000a
000a
000a
000a
000a
000a
000a
000a
000a
000a
000a
000a
000a
000a
000a
000a
000a
000a
000a
000a
000a
000a
000a
000a
000a
000a
000a
000a
000a
000a
000a
000a
000a
000a
000a
000a
000a
000a
000a
000a
000a
000a
000a
000a
000a
000a
000a
000a
000a
000a
000a
000a
000a
000a
000a
000a
000a
000a
000a
000a
000a
000a
000a
000a
000a
000a
000a
000a
000a
000a
000a
000a
000a
000a
000a
000a
000a
000a
000a
000a
000a
000a
000a
000a
000a
000a
000a
000a
000a
000a
000a
000a
000a
000a
000a
000a
000a
000a
000a
000a
000a
000a
000a
000a
000a
000a
000a
000a
000a
000a
000a
000a
000a
000a
000a
000a
000a
000a
000a
000a
000a
000a
000b
000b
000b
000b
000b
000b
000b
000b
000b
000b
000b
000b
000b
000b
000b
000b
000b
000b
000b
000b
000b
000b
000b
000b
000b
000b
000b
000b
000b
000b
000b
000b
000b
000b
000b
000b
000b
000b
000b
000b
000b
000b
000b
000b
000b
000b
000b
000b
000b
000b
000b
000b
000b
000b
000b
000b
000b
000b
000b
000b
000b
000b
000b
000b
000b
000b
000b
000b
000b
000b
000b
000b
000b
000b
000b
000b
000b
000b
000b
000b
000b
000b
000b
000b
000b
000b
000b
000b
000b
000b
000b
000b
000b
000b
000b
000b
000b
000b
000b
000b
000b
000b
000b
000b
000b
000b
000b
000b
000b
000b
000b
000b
000b
000b
000b
000b
000b
000b
000b
000b
000b
000b
000b
000b
000b
000b
000b
000b
000b
000b
000b
000b
000b
000b
000b
000b
000b
000b
000b
000b
000b
000b
000b
000b
000b
000b
000b
000b
000b
000b
000b
000b
000b
000b
000b
000b
000b
000b
000b
000b
000b
000b
000b
000b
000b
000b
000b
000b
000b
000b
000b
000b
000b
000b
000b
000b
000b
000b
000b
000b
000b
000b
000b
000b
000b
000b
000b
000b
000b
000b
000b
000b
000b
000b
000b
000b
000b
000b
000b
000b
000b
000b
000b
000b
000b
000b
000b
000b
000b
000b
000b
000b
000b
000b
000b
000b
000b
000b
000b
000b
000b
000b
000b
000b
000b
000b
000b
000b
000b
000b
000b
000b
000b
000b
000b
000b
000b
000b
000b
000b
000b
000b
000b
000b
000b
000b
000b
000b
000b
000b
000b
000b
000b
000b
000b
000b
000c
000c
000c
000c
000c
000c
000c
000c
000c
000c
000c
000c
000c
000c
000c
000c
000c
000c
000c
000c
000c
000c
000c
000c
000c
000c
000c
000c
000c
000c
000c
000c
000c
000c
000c
000c
000c
000c
000c
000c
000c
000c
000c
000c
000c
000c
000c
000c
000c
000c
000c
000c
000c
000c
000c
000c
000c
000c
000c
000c
000c
000c
000c
000c
000c
000c
000c
000c
000c
000c
000c
000c
000c
000c
000c
000c
000c
000c
000c
000c
000c
000c
000c
000c
000c
000c
000c
000c
000c
000c
000c
000c
000c
000c
000c
000c
000c
000c
000c
000c
000c
000c
000c
000c
000c
000c
000c
000c
000c
000c
000c
000c
000c
000c
000c
000c
000c
000c
000c
000c
000c
000c
000c
000c
000c
000c
000c
000c
000c
000c
000c
000c
000c
000c
000c
000c
000c
000c
000c
000c
000c
000c
000c
000c
000c
000c
000c
000c
000c
000c
000c
000c
000c
000c
000c
000c
000c
000c
000c
000c
000c
000c
000c
000c
000c
000c
000c
000c
000c
000c
000c
000c
000c
000c
000c
000c
000c
000c
000c
000c
000c
000c
000c
000c
000c
000c
000c
000c
000c
000c
000c
000c
000c
000c
000c
000c
000c
000c
000c
000c
000c
000c
000c
000c
000c
000c
000c
000c
000c
000c
000c
000c
000c
000c
000c
000c
000c
000c
000c
000c
000c
000c
000c
000c
000c
000c
000c
000c
000c
000c
000c
000c
000c
000c
000c
000c
000c
000c
000c
000c
000c
000c
000c
000c
000c
000c
000c
000c
000c
000c
000c
000c
000c
000c
000c
000c
000c
000c
000c
000c
000c
000c
000c
000c
000c
000c
000c
000c
000c
000c
000c
000c
000c
000c
000c
000c
000c
000c
000c
000c
000c
000c
000c
000c
000c
000c
000c
000c
000c
000c
000c
000c
000c
000c
000c
000c
000c
000c
000c
000c
000c
000c
000c
000c
000c
000c
000c
000c
000c
000c
000c
000c
000c
000c
000c
000c
000c
000c
000c
000c
000c
000c
000c
000c
000c
000c
000c
000c
000c
000c
000c
000c
000c
000c
000c
000c
000c
000c
000c
000c
000c
000c
000c
000c
000c
000c
000c
000c
000c
000c
000c
000c
000c
000c
000c
000c
000c
000c
000c
000c
000c
000c
000c
000c
000c
000c
000c
000c
000c
000c
000c
000c
000c
000c
000c
000c
000c
000c
000c
000c
000c
000c
000c
000c
000c
000c
000c
000c
000c
000c
000c
000c
000c
000c
000c
000c
000c
000c
000c
000c
000c
000c
000c
000c
000c
000c
000c
000c
000c
000c
000c
000c
000c
000c
000c
000c
000c
000c
000c
000c
000c
000c
000c
000c
000c
000c
000c
000c
000c
000c
000c
000c
000c
000c
000c
000c
000c
000c
000c
000c
000c
000c
000c
000c
000c
000c
000c
000c
000c
000c
000c
000c
000c
000c
000c
000c
000c
000c
000c
000c
000c
000c
000c
000c
000c
000c
000c
000c
000c
000c
000c
000c
000c
000c
000c
000c
000c
000c
000c
000c
000c
000c
000c
000c
000c
000c
000c
000c
000c
000c
000c
000c
000c
000c
000c
000c
000c
000c
000c
000c
000c
000c
000c
000c
000c
000c
000c
000c
000c
000c
000c
000c
000d
000d
000d
000d
000d
000d
000d
000d
000d
000d
000d
000d
000d
000d
000d
000d
000d
000d
000d
000d
000d
000d
000d
000d
000d
000d
000d
000d
000d
000d
000d
000d
000d
000d
000d
000d
000d
000d
000d
000d
000d
000d
000d
000d
000d
000d
000d
000d
000d
000d
000d
000d
000d
000d
000d
000d
000d
000d
000d
000d
000d
000d
000d
000d
000d
000d
000d
000d
000d
000d
000d
000d
000d
000d
000d
000d
000d
000d
000d
000d
000d
000d
000d
000d
000d
000d
000d
000d
000d
000d
000d
000d
000d
000d
000d
000d
000d
000d
000d
000d
000d
000d
000d
000d
000d
000d
000d
000d
000d
000d
000d
000d
000d
000d
000d
000d
000d
000d
000d
000d
000d
000d
000d
000d
000d
000d
000d
000d
000d
000d
000d
000d
000d
000d
000d
000d
000d
000d
000d
000d
000d
000d
000d
000d
000d
000d
000d
000d
000d
000d
000d
000d
000d
000d
000d
000d
000d
000d
000d
000d
000d
000d
000d
000d
000d
000d
000d
000d
000d
000d
000d
000d
000d
000d
000d
000d
000d
000d
000d
000d
000d
000d
000d
000d
000d
000d
000d
000d
000d
000d
000d
000d
000d
000d
000d
000d
000d
000d
000d
000d
000d
000d
000d
000d
000d
000d
000d
000d
000d
000d
000d
000d
000d
000d
000d
000d
000d
000d
000d
000d
000d
000d
000d
000d
000d
000d
000d
000d
000d
000d
000d
000d
000d
000d
000d
000d
000d
000d
000d
000d
000d
000d
000d
000d
000d
000d
000d
000d
000d
000d
000d
000d
000d
000d
000d
000d
000e
000e
000e
000e
000e
000e
000e
000e
000e
000e
000e
000e
000e
000e
000e
000e
000e
000e
000e
000e
000e
000e
000e
000e
000e
000e
000e
000e
000e
000e
000e
000e
000e
000e
000e
000e
000e
000e
000e
000e
000e
000e
000e
000e
000e
000e
000e
000e
000e
000e
000e
000e
000e
000e
000e
000e
000e
000e
000e
000e
000e
000e
000e
000e
000e
000e
000e
000e
000e
000e
000e
000e
000e
000e
000e
000e
000e
000e
000e
000e
000e
000e
000e
000e
000e
000e
000e
000e
000e
000e
000e
000e
000e
000e
000e
000e
000e
000e
000e
000e
000e
000e
000e
000e
000e
000e
000e
000e
000e
000e
000e
000e
000e
000e
000e
000e
000e
000e
000e
000e
000e
000e
000e
000e
000e
000e
000e
000e
000e
000e
000e
000e
000e
000e
000e
000e
000e
000e
000e
000e
000e
000e
000e
000e
000e
000e
000e
000e
000e
000e
000e
000e
000e
000e
000e
000e
000e
000e
000e
000e
000e
000e
000e
000e
000e
000e
000e
000e
000e
000e
000e
000e
000e
000e
000e
000e
000e
000e
000e
000e
000e
000e
000e
000e
000e
000e
000e
000e
000e
000e
000e
000e
000e
000e
000e
000e
000e
000e
000e
000e
000e
000e
000e
000e
000e
000e
000e
000e
000e
000e
000e
000e
000e
000e
000e
000e
000e
000e
000e
000e
000e
000e
000e
000e
000e
000e
000e
000e
000e
000e
000e
000e
000e
000e
000e
000e
000e
000e
000e
000e
000e
000e
000e
000e
000e
000e
000e
000e
000e
000e
000e
000e
000e
000e
000e
000e
000f
000f
000f
000f
000f
000f
000f
000f
000f
000f
000f
000f
000f
000f
000f
000f
000f
000f
000f
000f
000f
000f
000f
000f
000f
000f
000f
000f
000f
000f
000f
000f
000f
000f
000f
000f
000f
000f
000f
000f
000f
000f
000f
000f
000f
000f
000f
000f
000f
000f
000f
000f
000f
000f
000f
000f
000f
000f
000f
000f
000f
000f
000f
000f
000f
000f
000f
000f
000f
000f
000f
000f
000f
000f
000f
000f
000f
000f
000f
000f
000f
000f
000f
000f
000f
000f
000f
000f
000f
000f
000f
000f
000f
000f
000f
000f
000f
000f
000f
000f
000f
000f
000f
000f
000f
000f
000f
000f
000f
000f
000f
000f
000f
000f
000f
000f
000f
000f
000f
000f
000f
000f
000f
000f
000f
000f
000f
000f
000f
000f
000f
000f
000f
000f
000f
000f
000f
000f
000f
000f
000f
000f
000f
000f
000f
000f
000f
000f
000f
000f
000f
000f
000f
000f
000f
000f
000f
000f
000f
000f
000f
000f
000f
000f
000f
000f
000f
000f
000f
000f
000f
000f
000f
000f
000f
000f
000f
000f
000f
000f
000f
000f
000f
000f
000f
000f
000f
000f
000f
000f
000f
000f
000f
000f
000f
000f
000f
000f
000f
000f
000f
000f
000f
000f
000f
000f
000f
000f
000f
000f
000f
000f
000f
000f
000f
000f
000f
000f
000f
000f
000f
000f
000f
000f
000f
000f
000f
000f
000f
000f
000f
000f
000f
000f
000f
000f
000f
000f
000f
000f
000f
000f
000f
000f
000f
000f
000f
000f
000f
000f
000f
000f
000f
000f
000f
000f
0010
0010
0010
0010
0010
0010
0010
0010
0010
0010
0010
0010
0010
0010
0010
0010
0010
0010
0010
0010
0010
0010
0010
0010
0010
0010
0010
0010
0010
0010
0010
0010
0010
0010
0010
0010
0010
0010
0010
0010
0010
0010
0010
0010
0010
0010
0010
0010
0010
0010
0010
0010
0010
0010
0010
0010
0010
0010
0010
0010
0010
0010
0010
0010
0010
0010
0010
0010
0010
0010
0010
0010
0010
0010
0010
0010
0010
0010
0010
0010
0010
0010
0010
0010
0010
0010
0010
0010
0010
0010
0010
0010
0010
0010
0010
0010
0010
0010
0010
0010
0010
0010
0010
0010
0010
0010
0010
0010
0010
0010
0010
0010
0010
0010
0010
0010
0010
0010
0010
0010
0010
0010
0010
0010
0010
0010
0010
0010
0010
0010
0010
0010
0010
0010
0010
0010
0010
0010
0010
0010
0010
0010
0010
0010
0010
0010
0010
0010
0010
0010
0010
0010
0010
0010
0010
0010
0010
0010
0010
0010
0010
0010
0010
0010
0010
0010
0010
0010
0010
0010
0010
0010
0010
0010
0010
0010
0010
0010
0010
0010
0010
0010
0010
0010
0010
0010
0010
0010
0010
0010
0010
0010
0010
0010
0010
0010
0010
0010
0010
0010
0010
0010
0010
0010
0010
0010
0010
0010
0010
0010
0010
0010
0010
0010
0010
0010
0010
0010
0010
0010
0010
0010
0010
0010
0010
0010
0010
0010
0010
0010
0010
0010
0010
0010
0010
0010
0010
0010
0010
0010
0010
0010
0010
0010
0010
0010
0010
0010
0010
0010
0010
0010
0010
0010
0010
0010
0011
0011
0011
0011
0011
0011
0011
0011
0011
0011
0011
0011
0011
0011
0011
0011
0011
0011
0011
0011
0011
0011
0011
0011
0011
0011
0011
0011
0011
0011
0011
0011
0011
0011
0011
0011
0011
0011
0011
0011
0011
0011
0011
0011
0011
0011
0011
0011
0011
0011
0011
0011
0011
0011
0011
0011
0011
0011
0011
0011
0011
0011
0011
0011
0011
0011
0011
0011
0011
0011
0011
0011
0011
0011
0011
0011
0011
0011
0011
0011
0011
0011
0011
0011
0011
0011
0011
0011
0011
0011
0011
0011
0011
0011
0011
0011
0011
0011
0011
0011
0011
0011
0011
0011
0011
0011
0011
0011
0011
0011
0011
0011
0011
0011
0011
0011
0011
0011
0011
0011
0011
0011
0011
0011
0011
0011
0011
0011
0011
0011
0011
0011
0011
0011
0011
0011
0011
0011
0011
0011
0011
0011
0011
0011
0011
0011
0011
0011
0011
0011
0011
0011
0011
0011
0011
0011
0011
0011
0011
0011
0011
0011
0011
0011
0011
0011
0011
0011
0011
0011
0011
0011
0011
0011
0011
0011
0011
0011
0011
0011
0011
0011
0011
0011
0011
0011
0011
0011
0011
0011
0011
0011
0011
0011
0011
0011
0011
0011
0011
0011
0011
0011
0011
0011
0011
0011
0011
0011
0011
0011
0011
0011
0011
0011
0011
0011
0011
0011
0011
0011
0011
0011
0011
0011
0011
0011
0011
0011
0011
0011
0011
0011
0011
0011
0011
0011
0011
0011
0011
0011
0011
0011
0011
0011
0011
0011
0011
0011
0011
0011
0011
0011
0011
0011
0011
0011
0012
0012
0012
0012
0012
0012
0012
0012
0012
0012
0012
0012
0012
0012
0012
0012
0012
0012
0012
0012
0012
0012
0012
0012
0012
0012
0012
0012
0012
0012
0012
0012
0012
0012
0012
0012
0012
0012
0012
0012
0012
0012
0012
0012
0012
0012
0012
0012
0012
0012
0012
0012
0012
0012
0012
0012
0012
0012
0012
0012
0012
0012
0012
0012
0012
0012
0012
0012
0012
0012
0012
0012
0012
0012
0012
0012
0012
0012
0012
0012
0012
0012
0012
0012
0012
0012
0012
0012
0012
0012
0012
0012
0012
0012
0012
0012
0012
0012
0012
0012
0012
0012
0012
0012
0012
0012
0012
0012
0012
0012
0012
0012
0012
0012
0012
0012
0012
0012
0012
0012
0012
0012
0012
0012
0012
0012
0012
0012
0012
0012
0012
0012
0012
0012
0012
0012
0012
0012
0012
0012
0012
0012
0012
0012
0012
0012
0012
0012
0012
0012
0012
0012
0012
0012
0012
0012
0012
0012
0012
0012
0012
0012
0012
0012
0012
0012
0012
0012
0012
0012
0012
0012
0012
0012
0012
0012
0012
0012
0012
0012
0012
0012
0012
0012
0012
0012
0012
0012
0012
0012
0012
0012
0012
0012
0012
0012
0012
0012
0012
0012
0012
0012
0012
0012
0012
0012
0012
0012
0012
0012
0012
0012
0012
0012
0012
0012
0012
0012
0012
0012
0012
0012
0012
0012
0012
0012
0012
0012
0012
0012
0012
0012
0012
0012
0012
0012
0012
0012
0012
0012
0012
0012
0012
0012
0012
0012
0012
0012
0012
0012
0012
0012
0012
0012
0012
0012
0013
0013
0013
0013
0013
0013
0013
0013
0013
0013
0013
0013
0013
0013
0013
0013
0013
0013
0013
0013
0013
0013
0013
0013
0013
0013
0013
0013
0013
0013
0013
0013
0013
0013
0013
0013
0013
0013
0013
0013
0013
0013
0013
0013
0013
0013
0013
0013
0013
0013
0013
0013
0013
0013
0013
0013
0013
0013
0013
0013
0013
0013
0013
0013
0013
0013
0013
0013
0013
0013
0013
0013
0013
0013
0013
0013
0013
0013
0013
0013
0013
0013
0013
0013
0013
0013
0013
0013
0013
0013
0013
0013
0013
0013
0013
0013
0013
0013
0013
0013
0013
0013
0013
0013
0013
0013
0013
0013
0013
0013
0013
0013
0013
0013
0013
0013
0013
0013
0013
0013
0013
0013
0013
0013
0013
0013
0013
0013
0013
0013
0013
0013
0013
0013
0013
0013
0013
0013
0013
0013
0013
0013
0013
0013
0013
0013
0013
0013
0013
0013
0013
0013
0013
0013
0013
0013
0013
0013
0013
0013
0013
0013
0013
0013
0013
0013
0013
0013
0013
0013
0013
0013
0013
0013
0013
0013
0013
0013
0013
0013
0013
0013
0013
0013
0013
0013
0013
0013
0013
0013
0013
0013
0013
0013
0013
0013
0013
0013
0013
0013
0013
0013
0013
0013
0013
0013
0013
0013
0013
0013
0013
0013
0013
0013
0013
0013
0013
0013
0013
0013
0013
0013
0013
0013
0013
0013
0013
0013
0013
0013
0013
0013
0013
0013
0013
0013
0013
0013
0013
0013
0013
0013
0013
0013
0013
0013
0013
0013
0013
0013
0013
0013
0013
0013
0013
0013
0014
0014
0014
0014
0014
0014
0014
0014
0014
0014
0014
0014
0014
0014
0014
0014
0014
0014
0014
0014
0014
0014
0014
0014
0014
0014
0014
0014
0014
0014
0014
0014
0014
0014
0014
0014
0014
0014
0014
0014
0014
0014
0014
0014
0014
0014
0014
0014
0014
0014
0014
0014
0014
0014
0014
0014
0014
0014
0014
0014
0014
0014
0014
0014
0014
0014
0014
0014
0014
0014
0014
0014
0014
0014
0014
0014
0014
0014
0014
0014
0014
0014
0014
0014
0014
0014
0014
0014
0014
0014
0014
0014
0014
0014
0014
0014
0014
0014
0014
0014
0014
0014
0014
0014
0014
0014
0014
0014
0014
0014
0014
0014
0014
0014
0014
0014
0014
0014
0014
0014
0014
0014
0014
0014
0014
0014
0014
0014
0014
0014
0014
0014
0014
0014
0014
0014
0014
0014
0014
0014
0014
0014
0014
0014
0014
0014
0014
0014
0014
0014
0014
0014
0014
0014
0014
0014
0014
0014
0014
0014
0014
0014
0014
0014
0014
0014
0014
0014
0014
0014
0014
0014
0014
0014
0014
0014
0014
0014
0014
0014
0014
0014
0014
0014
0014
0014
0014
0014
0014
0014
0014
0014
0014
0014
0014
0014
0014
0014
0014
0014
0014
0014
0014
0014
0014
0014
0014
0014
0014
0014
0014
0014
0014
0014
0014
0014
0014
0014
0014
0014
0014
0014
0014
0014
0014
0014
0014
0014
0014
0014
0014
0014
0014
0014
0014
0014
0014
0014
0014
0014
0014
0014
0014
0014
0014
0014
0014
0014
0014
0014
0014
0014
0014
0014
0014
0014
0015
0015
0015
0015
0015
0015
0015
0015
0015
0015
0015
0015
0015
0015
0015
0015
0015
0015
0015
0015
0015
0015
0015
0015
0015
0015
0015
0015
0015
0015
0015
0015
0015
0015
0015
0015
0015
0015
0015
0015
0015
0015
0015
0015
0015
0015
0015
0015
0015
0015
0015
0015
0015
0015
0015
0015
0015
0015
0015
0015
0015
0015
0015
0015
0015
0015
0015
0015
0015
0015
0015
0015
0015
0015
0015
0015
0015
0015
0015
0015
0015
0015
0015
0015
0015
0015
0015
0015
0015
0015
0015
0015
0015
0015
0015
0015
0015
0015
0015
0015
0015
0015
0015
0015
0015
0015
0015
0015
0015
0015
0015
0015
0015
0015
0015
0015
0015
0015
0015
0015
0015
0015
0015
0015
0015
0015
0015
0015
0015
0015
0015
0015
0015
0015
0015
0015
0015
0015
0015
0015
0015
0015
0015
0015
0015
0015
0015
0015
0015
0015
0015
0015
0015
0015
0015
0015
0015
0015
0015
0015
0015
0015
0015
0015
0015
0015
0015
0015
0015
0015
0015
0015
0015
0015
0015
0015
0015
0015
0015
0015
0015
0015
0015
0015
0015
0015
0015
0015
0015
0015
0015
0015
0016
0016
0016
0016
0016
0016
0016
0016
0016
0016
0016
0016
0016
0016
0016
0016
0016
0016
0016
0016
0016
0016
0016
0016
0016
0016
0016
0016
0016
0016
0016
0016
0016
0016
0016
0016
0016
0016
0016
0016
0016
0016
0016
0016
0016
0016
0016
0016
0016
0016
0016
0016
0016
0016
0016
0016
0016
0016
0016
0016
0016
0016
0016
0016
0016
0016
0016
0016
0016
0016
0016
0016
0016
0016
0016
0016
0016
0016
0016
0016
0016
0016
0016
0016
0016
0016
0016
0016
0016
0016
0016
0016
0016
0016
0016
0016
0016
0016
0016
0016
0016
0016
0016
0016
0016
0016
0016
0016
0016
0016
0016
0016
0016
0016
0016
0016
0016
0016
0016
0016
0016
0016
0016
0016
0016
0016
0016
0016
0017
0017
0017
0017
0017
0017
0017
0017
0017
0017
0017
0017
0017
0017
0017
0017
0017
0017
0017
0017
0017
0017
0017
0017
0017
0017
0017
0017
0017
0017
0017
0017
0017
0017
0017
0017
0017
0017
0017
0017
0017
0017
0017
0017
0017
0017
0017
0017
0017
0017
0017
0017
0017
0017
0017
0017
0017
0017
0017
0017
0017
0017
0017
0017
0017
0017
0017
0017
0017
0017
0017
0017
0017
0017
0017
0017
0017
0017
0017
0017
0017
0017
0017
0017
0017
0017
0017
0017
0017
0017
0017
0017
0017
0017
0017
0017
0017
0017
0017
0017
0017
0017
0017
0017
0017
0017
0017
0017
0017
0017
0017
0017
0017
0017
0017
0017
0017
0017
0017
0017
0017
0017
0017
0017
0017
0017
0017
0017
0017
0017
0017
0017
0017
0017
0017
0017
0017
0017
0017
0017
0017
0017
0017
0017
0017
0017
0017
0017
0017
0017
0017
0017
0017
0017
0017
0017
0017
0017
0017
0017
0017
0017
0017
0017
0017
0017
0017
0017
0017
0017
0017
0017
0017
0017
0017
0017
0017
0017
0017
0017
0017
0017
0017
0017
0017
0017
0017
0017
0017
0017
0017
0017
0018
0018
0018
0018
0018
0018
0018
0018
0018
0018
0018
0018
0018
0018
0018
0018
0018
0018
0018
0018
0018
0018
0018
0018
0018
0018
0018
0018
0018
0018
0018
0018
0018
0018
0018
0018
0018
0018
0018
0018
0018
0018
0018
0018
0018
0018
0018
0018
0018
0018
0018
0018
0018
0018
0018
0018
0018
0018
0018
0018
0018
0018
0018
0018
0018
0018
0018
0018
0018
0018
0018
0018
0018
0018
0018
0018
0018
0018
0018
0018
0018
0018
0018
0018
0018
0018
0018
0018
0018
0018
0018
0018
0018
0018
0018
0018
0018
0018
0018
0018
0018
0018
0018
0018
0018
0018
0018
0018
0018
0018
0018
0018
0018
0018
0018
0018
0018
0018
0018
0018
0018
0018
0018
0018
0018
0018
0018
0018
0018
0018
0018
0018
0018
0018
0018
0018
0018
0018
0018
0018
0018
0018
0018
0018
0018
0018
0018
0018
0018
0018
0018
0018
0018
0018
0018
0018
0018
0018
0018
0018
0018
0018
0018
0018
0018
0018
0018
0018
0018
0018
0018
0018
0018
0018
0018
0018
0018
0018
0018
0018
0018
0018
0018
0018
0018
0018
0018
0018
0018
0018
0018
0018
0019
0019
0019
0019
0019
0019
0019
0019
0019
0019
0019
0019
0019
0019
0019
0019
0019
0019
0019
0019
0019
0019
0019
0019
0019
0019
0019
0019
0019
0019
0019
0019
0019
0019
0019
0019
0019
0019
0019
0019
0019
0019
0019
0019
0019
0019
0019
0019
0019
0019
0019
0019
0019
0019
0019
0019
0019
0019
0019
0019
0019
0019
0019
0019
0019
0019
0019
0019
0019
0019
0019
0019
0019
0019
0019
0019
0019
0019
0019
0019
0019
0019
0019
0019
0019
0019
0019
0019
0019
0019
0019
0019
0019
0019
0019
0019
0019
0019
0019
0019
0019
0019
0019
0019
0019
0019
0019
0019
0019
0019
0019
0019
0019
0019
0019
0019
0019
0019
0019
0019
0019
0019
0019
0019
0019
0019
0019
0019
001a
001a
001a
001a
001a
001a
001a
001a
001a
001a
001a
001a
001a
001a
001a
001a
001a
001a
001a
001a
001a
001a
001a
001a
001a
001a
001a
001a
001a
001a
001a
001a
001a
001a
001a
001a
001a
001a
001a
001a
001a
001a
001a
001a
001a
001a
001a
001a
001a
001a
001a
001a
001a
001a
001a
001a
001a
001a
001a
001a
001a
001a
001a
001a
001a
001a
001a
001a
001a
001a
001a
001a
001a
001a
001a
001a
001a
001a
001a
001a
001a
001a
001a
001a
001a
001a
001a
001a
001a
001a
001a
001a
001a
001a
001a
001a
001a
001a
001a
001a
001a
001a
001a
001a
001a
001a
001a
001a
001a
001a
001a
001a
001a
001a
001a
001a
001a
001a
001a
001a
001a
001a
001a
001a
001a
001a
001a
001a
001b
001b
001b
001b
001b
001b
001b
001b
001b
001b
001b
001b
001b
001b
001b
001b
001b
001b
001b
001b
001b
001b
001b
001b
001b
001b
001b
001b
001b
001b
001b
001b
001b
001b
001b
001b
001b
001b
001b
001b
001b
001b
001b
001b
001b
001b
001b
001b
001b
001b
001b
001b
001b
001b
001b
001b
001b
001b
001b
001b
001b
001b
001b
001b
001b
001b
001b
001b
001b
001b
001b
001b
001b
001b
001b
001b
001b
001b
001b
001b
001b
001b
001b
001b
001b
001b
001b
001b
001b
001b
001b
001b
001b
001b
001b
001b
001b
001b
001b
001b
001b
001b
001b
001b
001b
001b
001b
001b
001b
001b
001b
001b
001b
001b
001b
001b
001b
001b
001b
001b
001b
001b
001b
001b
001b
001b
001b
001b
001c
001c
001c
001c
001c
001c
001c
001c
001c
001c
001c
001c
001c
001c
001c
001c
001c
001c
001c
001c
001c
001c
001c
001c
001c
001c
001c
001c
001c
001c
001c
001c
001c
001c
001c
001c
001c
001c
001c
001c
001c
001c
001c
001c
001c
001c
001c
001c
001c
001c
001c
001c
001c
001c
001c
001c
001c
001c
001c
001c
001c
001c
001c
001c
001c
001c
001c
001c
001c
001c
001c
001c
001c
001c
001c
001c
001c
001c
001c
001c
001c
001c
001c
001c
001c
001c
001c
001c
001c
001c
001c
001c
001c
001c
001c
001c
001c
001c
001c
001c
001c
001c
001c
001c
001c
001c
001c
001c
001c
001c
001c
001c
001c
001c
001c
001c
001c
001c
001c
001c
001c
001c
001c
001c
001c
001c
001c
001c
001c
001c
001c
001c
001c
001c
001c
001c
001c
001c
001c
001c
001c
001c
001c
001c
001c
001c
001c
001c
001c
001c
001c
001c
001c
001c
001c
001c
001c
001c
001c
001c
001c
001c
001c
001c
001c
001c
001c
001c
001c
001c
001c
001c
001c
001c
001c
001c
001c
001c
001c
001c
001c
001c
001c
001c
001c
001c
001c
001c
001c
001c
001c
001c
001d
001d
001d
001d
001d
001d
001d
001d
001d
001d
001d
001d
001d
001d
001d
001d
001d
001d
001d
001d
001d
001d
001d
001d
001d
001d
001d
001d
001d
001d
001d
001d
001d
001d
001d
001d
001d
001d
001d
001d
001d
001d
001d
001d
001d
001d
001d
001d
001d
001d
001d
001d
001d
001d
001d
001d
001d
001d
001d
001d
001d
001d
001d
001d
001d
001d
001d
001d
001d
001d
001d
001d
001d
001d
001d
001d
001d
001d
001d
001d
001d
001d
001d
001d
001d
001d
001d
001d
001d
001d
001d
001d
001d
001d
001d
001d
001d
001d
001d
001d
001d
001d
001d
001d
001d
001d
001d
001d
001d
001d
001d
001d
001d
001d
001d
001d
001d
001d
001d
001d
001d
001d
001d
001d
001d
001d
001d
001d
001d
001d
001d
001d
001d
001d
001d
001d
001d
001d
001d
001d
001d
001d
001d
001d
001d
001d
001d
001d
001d
001d
001d
001d
001d
001d
001d
001d
001d
001d
001d
001d
001d
001d
001d
001d
001d
001d
001d
001d
001d
001d
001d
001d
001d
001d
001d
001d
001d
001d
001d
001d
001d
001d
001d
001d
001d
001d
001d
001d
001d
001d
001d
001d
001e
001e
001e
001e
001e
001e
001e
001e
001e
001e
001e
001e
001e
001e
001e
001e
001e
001e
001e
001e
001e
001e
001e
001e
001e
001e
001e
001e
001e
001e
001e
001e
001e
001e
001e
001e
001e
001e
001e
001e
001e
001e
001e
001e
001e
001e
001e
001e
001e
001e
001e
001e
001e
001e
001e
001e
001e
001e
001e
001e
001e
001e
001e
001e
001e
001e
001e
001e
001e
001e
001e
001e
001e
001e
001e
001e
001e
001e
001e
001e
001e
001e
001e
001e
001e
001e
001e
001e
001e
001e
001e
001e
001e
001e
001e
001e
001e
001e
001e
001e
001e
001e
001e
001e
001e
001e
001e
001e
001e
001e
001e
001e
001e
001e
001e
001e
001e
001e
001e
001e
001e
001e
001e
001e
001e
001e
001e
001e
001f
001f
001f
001f
001f
001f
001f
001f
001f
001f
001f
001f
001f
001f
001f
001f
001f
001f
001f
001f
001f
001f
001f
001f
001f
001f
001f
001f
001f
001f
001f
001f
001f
001f
001f
001f
001f
001f
001f
001f
001f
001f
001f
001f
001f
001f
001f
001f
001f
001f
001f
001f
001f
001f
001f
001f
001f
001f
001f
001f
001f
001f
001f
001f
001f
001f
001f
001f
001f
001f
001f
001f
001f
001f
001f
001f
001f
001f
001f
001f
001f
001f
001f
001f
001f
001f
001f
001f
001f
001f
001f
001f
001f
001f
001f
001f
001f
001f
001f
001f
001f
001f
001f
001f
001f
001f
001f
001f
001f
001f
001f
001f
001f
001f
001f
001f
001f
001f
001f
001f
001f
001f
001f
001f
001f
001f
001f
001f
0020
0020
0020
0020
0020
0020
0020
0020
0020
0020
0020
0020
0020
0020
0020
0020
0020
0020
0020
0020
0020
0020
0020
0020
0020
0020
0020
0020
0020
0020
0020
0020
0020
0020
0020
0020
0020
0020
0020
0020
0020
0020
0020
0020
0020
0020
0020
0020
0020
0020
0020
0020
0020
0020
0020
0020
0020
0020
0020
0020
0020
0020
0020
0020
0020
0020
0020
0020
0020
0020
0020
0020
0020
0020
0020
0020
0020
0020
0020
0020
0020
0020
0020
0020
0020
0020
0020
0020
0020
0020
0020
0020
0020
0020
0020
0020
0020
0020
0020
0020
0020
0020
0020
0020
0020
0020
0020
0020
0020
0020
0020
0020
0020
0020
0020
0020
0020
0020
0020
0020
0020
0020
0020
0020
0020
0020
0020
0020
0021
0021
0021
0021
0021
0021
0021
0021
0021
0021
0021
0021
0021
0021
0021
0021
0021
0021
0021
0021
0021
0021
0021
0021
0021
0021
0021
0021
0021
0021
0021
0021
0021
0021
0021
0021
0021
0021
0021
0021
0021
0021
0021
0021
0021
0021
0021
0021
0021
0021
0021
0021
0021
0021
0021
0021
0021
0021
0021
0021
0021
0021
0021
0021
0021
0021
0021
0021
0021
0021
0021
0021
0021
0021
0021
0021
0021
0021
0021
0021
0021
0021
0021
0021
0021
0021
0021
0021
0021
0021
0021
0021
0021
0021
0021
0021
0021
0021
0021
0021
0021
0021
0021
0021
0021
0021
0021
0021
0021
0021
0021
0021
0021
0021
0021
0021
0021
0021
0021
0021
0021
0021
0021
0021
0021
0021
0021
0021
0022
0022
0022
0022
0022
0022
0022
0022
0022
0022
0022
0022
0022
0022
0022
0022
0022
0022
0022
0022
0022
0022
0022
0022
0022
0022
0022
0022
0022
0022
0022
0022
0022
0022
0022
0022
0022
0022
0022
0022
0022
0022
0022
0022
0022
0022
0022
0022
0022
0022
0022
0022
0022
0022
0022
0022
0022
0022
0022
0022
0022
0022
0022
0022
0022
0022
0022
0022
0022
0022
0022
0022
0022
0022
0022
0022
0022
0022
0022
0022
0022
0022
0022
0022
0022
0022
0022
0022
0022
0022
0022
0022
0022
0022
0022
0022
0022
0022
0022
0022
0022
0022
0022
0022
0022
0022
0022
0022
0022
0022
0022
0022
0022
0022
0022
0022
0022
0022
0022
0022
0022
0022
0022
0022
0022
0022
0022
0022
0023
0023
0023
0023
0023
0023
0023
0023
0023
0023
0023
0023
0023
0023
0023
0023
0023
0023
0023
0023
0023
0023
0023
0023
0023
0023
0023
0023
0023
0023
0023
0023
0023
0023
0023
0023
0023
0023
0023
0023
0023
0023
0023
0023
0023
0023
0023
0023
0023
0023
0023
0023
0023
0023
0023
0023
0023
0023
0023
0023
0023
0023
0023
0023
0023
0023
0023
0023
0023
0023
0023
0023
0023
0023
0023
0023
0023
0023
0023
0023
0023
0023
0023
0023
0023
0023
0023
0023
0023
0023
0023
0023
0023
0023
0023
0023
0023
0023
0023
0023
0023
0023
0023
0023
0023
0023
0023
0024
0024
0024
0024
0024
0024
0024
0024
0024
0024
0024
0024
0024
0024
0024
0024
0024
0024
0024
0024
0024
0024
0024
0024
0024
0024
0024
0024
0024
0024
0024
0024
0024
0024
0024
0024
0024
0024
0024
0024
0024
0024
0024
0024
0024
0024
0024
0024
0024
0024
0024
0024
0024
0024
0024
0024
0024
0024
0024
0024
0024
0024
0024
0024
0024
0024
0024
0024
0024
0024
0024
0024
0024
0024
0024
0024
0024
0024
0024
0024
0024
0024
0024
0024
0024
0025
0025
0025
0025
0025
0025
0025
0025
0025
0025
0025
0025
0025
0025
0025
0025
0025
0025
0025
0025
0025
0025
0025
0025
0025
0025
0025
0025
0025
0025
0025
0025
0025
0025
0025
0025
0025
0025
0025
0025
0025
0025
0025
0025
0025
0025
0025
0025
0025
0025
0025
0025
0025
0025
0025
0025
0025
0025
0025
0025
0025
0025
0025
0025
0025
0025
0025
0025
0025
0025
0025
0025
0025
0025
0025
0025
0025
0025
0025
0025
0025
0025
0025
0025
0025
0025
0026
0026
0026
0026
0026
0026
0026
0026
0026
0026
0026
0026
0026
0026
0026
0026
0026
0026
0026
0026
0026
0026
0026
0026
0026
0026
0026
0026
0026
0026
0026
0026
0026
0026
0026
0026
0026
0026
0026
0026
0026
0026
0026
0026
0026
0026
0026
0026
0026
0026
0026
0026
0026
0026
0026
0026
0026
0026
0026
0026
0026
0026
0026
0026
0026
0026
0026
0026
0026
0026
0026
0026
0026
0026
0026
0026
0026
0026
0026
0026
0026
0026
0026
0026
0026
0026
0026
0026
0026
0026
0026
0026
0026
0026
0026
0026
0026
0026
0026
0026
0026
0026
0026
0026
0026
0026
0027
0027
0027
0027
0027
0027
0027
0027
0027
0027
0027
0027
0027
0027
0027
0027
0027
0027
0027
0027
0027
0027
0027
0027
0027
0027
0027
0027
0027
0027
0027
0027
0027
0027
0027
0027
0027
0027
0027
0027
0027
0027
0027
0027
0027
0027
0027
0027
0027
0027
0027
0027
0027
0027
0027
0027
0027
0027
0027
0027
0027
0027
0027
0027
0027
0027
0027
0027
0027
0027
0027
0027
0027
0027
0027
0027
0027
0027
0027
0027
0027
0027
0027
0027
0027
0027
0027
0027
0027
0027
0027
0027
0027
0027
0027
0027
0027
0027
0027
0027
0027
0027
0027
0027
0027
0027
0027
0027
0027
0027
0027
0027
0027
0027
0027
0027
0027
0027
0027
0027
0027
0027
0027
0027
0027
0027
0027
0027
0028
0028
0028
0028
0028
0028
0028
0028
0028
0028
0028
0028
0028
0028
0028
0028
0028
0028
0028
0028
0028
0028
0028
0028
0028
0028
0028
0028
0028
0028
0028
0028
0028
0028
0028
0028
0028
0028
0028
0028
0028
0028
0028
0028
0028
0028
0028
0028
0028
0028
0028
0028
0028
0028
0028
0028
0028
0028
0028
0028
0028
0028
0028
0028
0028
0028
0028
0028
0028
0028
0028
0028
0028
0028
0028
0028
0028
0028
0028
0028
0028
0028
0028
0028
0028
0028
0028
0028
0028
0028
0028
0028
0028
0028
0028
0028
0028
0028
0028
0028
0028
0028
0028
0028
0028
0028
0028
0029
0029
0029
0029
0029
0029
0029
0029
0029
0029
0029
0029
0029
0029
0029
0029
0029
0029
0029
0029
0029
0029
0029
0029
0029
0029
0029
0029
0029
0029
0029
0029
0029
0029
0029
0029
0029
0029
0029
0029
0029
0029
0029
0029
0029
0029
0029
0029
0029
0029
0029
0029
0029
0029
0029
0029
0029
0029
0029
0029
0029
0029
0029
0029
0029
0029
0029
0029
0029
0029
0029
0029
0029
0029
0029
0029
0029
0029
0029
0029
0029
0029
0029
0029
0029
002a
002a
002a
002a
002a
002a
002a
002a
002a
002a
002a
002a
002a
002a
002a
002a
002a
002a
002a
002a
002a
002a
002a
002a
002a
002a
002a
002a
002a
002a
002a
002a
002a
002a
002a
002a
002a
002a
002a
002a
002a
002a
002a
002a
002a
002a
002a
002a
002a
002a
002a
002a
002a
002a
002a
002a
002a
002a
002a
002a
002a
002a
002a
002a
002a
002a
002a
002a
002a
002a
002a
002a
002a
002a
002a
002a
002a
002a
002a
002a
002a
002a
002a
002a
002a
002a
002b
002b
002b
002b
002b
002b
002b
002b
002b
002b
002b
002b
002b
002b
002b
002b
002b
002b
002b
002b
002b
002b
002b
002b
002b
002b
002b
002b
002b
002b
002b
002b
002b
002b
002b
002b
002b
002b
002b
002b
002b
002b
002b
002b
002b
002b
002b
002b
002b
002b
002b
002b
002b
002b
002b
002b
002b
002b
002b
002b
002b
002b
002b
002b
002b
002b
002b
002b
002b
002b
002b
002b
002b
002b
002b
002b
002b
002b
002b
002b
002b
002b
002b
002b
002b
002c
002c
002c
002c
002c
002c
002c
002c
002c
002c
002c
002c
002c
002c
002c
002c
002c
002c
002c
002c
002c
002c
002c
002c
002c
002c
002c
002c
002c
002c
002c
002c
002c
002c
002c
002c
002c
002c
002c
002c
002c
002c
002c
002c
002c
002c
002c
002c
002c
002c
002c
002c
002c
002c
002c
002c
002c
002c
002c
002c
002c
002c
002c
002c
002c
002c
002c
002c
002c
002c
002c
002c
002c
002c
002c
002c
002c
002c
002c
002c
002c
002c
002c
002c
002c
002d
002d
002d
002d
002d
002d
002d
002d
002d
002d
002d
002d
002d
002d
002d
002d
002d
002d
002d
002d
002d
002d
002d
002d
002d
002d
002d
002d
002d
002d
002d
002d
002d
002d
002d
002d
002d
002d
002d
002d
002d
002d
002d
002d
002d
002d
002d
002d
002d
002d
002d
002d
002d
002d
002d
002d
002d
002d
002d
002d
002d
002d
002d
002d
002d
002d
002d
002d
002d
002d
002d
002d
002d
002d
002d
002d
002d
002d
002d
002d
002d
002d
002d
002d
002d
002d
002e
002e
002e
002e
002e
002e
002e
002e
002e
002e
002e
002e
002e
002e
002e
002e
002e
002e
002e
002e
002e
002e
002e
002e
002e
002e
002e
002e
002e
002e
002e
002e
002e
002e
002e
002e
002e
002e
002e
002e
002e
002e
002e
002e
002e
002e
002e
002e
002e
002e
002e
002e
002e
002e
002e
002e
002e
002e
002e
002e
002e
002e
002e
002e
002e
002e
002e
002e
002e
002e
002e
002e
002e
002e
002e
002e
002e
002e
002e
002e
002e
002e
002e
002e
002e
002e
002e
002e
002e
002e
002e
002e
002e
002e
002e
002e
002e
002e
002e
002e
002e
002e
002e
002e
002e
002e
002f
002f
002f
002f
002f
002f
002f
002f
002f
002f
002f
002f
002f
002f
002f
002f
002f
002f
002f
002f
002f
002f
002f
002f
002f
002f
002f
002f
002f
002f
002f
002f
002f
002f
002f
002f
002f
002f
002f
002f
002f
002f
002f
002f
002f
002f
002f
002f
002f
002f
002f
002f
002f
002f
002f
002f
002f
002f
002f
002f
002f
002f
002f
002f
002f
002f
002f
002f
002f
002f
002f
002f
002f
002f
002f
002f
002f
002f
002f
002f
002f
002f
002f
002f
002f
002f
002f
002f
002f
002f
002f
002f
002f
002f
002f
002f
002f
002f
002f
002f
002f
002f
002f
002f
002f
002f
002f
002f
002f
002f
002f
002f
002f
002f
002f
002f
002f
002f
002f
002f
002f
002f
002f
002f
002f
002f
002f
002f
0030
0030
0030
0030
0030
0030
0030
0030
0030
0030
0030
0030
0030
0030
0030
0030
0030
0030
0030
0030
0030
0030
0030
0030
0030
0030
0030
0030
0030
0030
0030
0030
0030
0030
0030
0030
0030
0030
0030
0030
0030
0030
0030
0030
0030
0030
0030
0030
0030
0030
0030
0030
0030
0030
0030
0030
0030
0030
0030
0030
0030
0030
0030
0030
0030
0030
0030
0030
0030
0030
0030
0030
0030
0030
0030
0030
0030
0030
0030
0030
0030
0030
0030
0030
0030
0030
0030
0030
0030
0030
0030
0030
0030
0030
0030
0030
0031
0031
0031
0031
0031
0031
0031
0031
0031
0031
0031
0031
0031
0031
0031
0031
0031
0031
0031
0031
0031
0031
0031
0031
0031
0031
0031
0031
0031
0031
0031
0031
0031
0031
0031
0031
0031
0031
0031
0031
0031
0031
0031
0031
0031
0031
0031
0031
0031
0031
0031
0031
0031
0031
0031
0031
0031
0031
0031
0031
0031
0031
0031
0031
0032
0032
0032
0032
0032
0032
0032
0032
0032
0032
0032
0032
0032
0032
0032
0032
0032
0032
0032
0032
0032
0032
0032
0032
0032
0032
0032
0032
0032
0032
0032
0032
0032
0032
0032
0032
0032
0032
0032
0032
0032
0032
0032
0032
0032
0032
0032
0032
0032
0032
0032
0032
0032
0032
0032
0032
0032
0032
0032
0032
0032
0032
0032
0032
0033
0033
0033
0033
0033
0033
0033
0033
0033
0033
0033
0033
0033
0033
0033
0033
0033
0033
0033
0033
0033
0033
0033
0033
0033
0033
0033
0033
0033
0033
0033
0033
0033
0033
0033
0033
0033
0033
0033
0033
0033
0033
0033
0033
0033
0033
0033
0033
0033
0033
0033
0033
0033
0033
0033
0033
0033
0033
0033
0033
0033
0033
0033
0033
0034
0034
0034
0034
0034
0034
0034
0034
0034
0034
0034
0034
0034
0034
0034
0034
0034
0034
0034
0034
0034
0034
0034
0034
0034
0034
0034
0034
0034
0034
0034
0034
0034
0034
0034
0034
0034
0034
0034
0034
0034
0034
0034
0034
0034
0034
0034
0034
0034
0034
0034
0034
0034
0034
0034
0034
0034
0034
0034
0034
0034
0034
0034
0034
0034
0034
0034
0034
0034
0034
0034
0034
0034
0034
0034
0035
0035
0035
0035
0035
0035
0035
0035
0035
0035
0035
0035
0035
0035
0035
0035
0035
0035
0035
0035
0035
0035
0035
0035
0035
0035
0035
0035
0035
0035
0035
0035
0035
0035
0035
0035
0035
0035
0035
0035
0035
0035
0035
0035
0035
0035
0035
0035
0035
0035
0035
0035
0035
0035
0035
0035
0035
0035
0035
0035
0035
0035
0035
0035
0035
0035
0035
0035
0035
0035
0035
0035
0035
0035
0035
0035
0035
0035
0035
0035
0035
0035
0035
0035
0035
0036
0036
0036
0036
0036
0036
0036
0036
0036
0036
0036
0036
0036
0036
0036
0036
0036
0036
0036
0036
0036
0036
0036
0036
0036
0036
0036
0036
0036
0036
0036
0036
0036
0036
0036
0036
0036
0036
0036
0036
0036
0036
0036
0036
0036
0036
0036
0036
0036
0036
0036
0036
0036
0036
0036
0036
0036
0036
0036
0036
0036
0036
0036
0036
0036
0036
0036
0036
0036
0036
0036
0036
0036
0036
0036
0036
0036
0036
0036
0036
0036
0036
0036
0036
0036
0036
0037
0037
0037
0037
0037
0037
0037
0037
0037
0037
0037
0037
0037
0037
0037
0037
0037
0037
0037
0037
0037
0037
0037
0037
0037
0037
0037
0037
0037
0037
0037
0037
0037
0037
0037
0037
0037
0037
0037
0037
0037
0037
0037
0037
0037
0037
0037
0037
0037
0037
0037
0037
0037
0037
0037
0037
0037
0037
0037
0037
0037
0037
0037
0037
0037
0037
0037
0037
0037
0037
0037
0037
0037
0037
0037
0037
0037
0037
0037
0037
0037
0037
0037
0037
0037
0038
0038
0038
0038
0038
0038
0038
0038
0038
0038
0038
0038
0038
0038
0038
0038
0038
0038
0038
0038
0038
0038
0038
0038
0038
0038
0038
0038
0038
0038
0038
0038
0038
0038
0038
0038
0038
0038
0038
0038
0038
0038
0038
0038
0038
0038
0038
0038
0038
0038
0038
0038
0038
0038
0038
0038
0038
0038
0038
0038
0038
0038
0038
0038
0038
0038
0038
0038
0038
0038
0038
0038
0038
0038
0038
0038
0038
0038
0038
0038
0038
0038
0038
0038
0038
0039
0039
0039
0039
0039
0039
0039
0039
0039
0039
0039
0039
0039
0039
0039
0039
0039
0039
0039
0039
0039
0039
0039
0039
0039
0039
0039
0039
0039
0039
0039
0039
0039
0039
0039
0039
0039
0039
0039
0039
0039
0039
0039
0039
0039
0039
0039
0039
0039
0039
0039
0039
0039
0039
0039
0039
0039
0039
0039
0039
0039
0039
0039
0039
0039
0039
0039
0039
0039
0039
0039
0039
0039
0039
0039
0039
0039
0039
0039
0039
0039
0039
0039
0039
0039
0039
003a
003a
003a
003a
003a
003a
003a
003a
003a
003a
003a
003a
003a
003a
003a
003a
003a
003a
003a
003a
003a
003a
003a
003a
003a
003a
003a
003a
003a
003a
003a
003a
003a
003a
003a
003a
003a
003a
003a
003a
003a
003a
003a
003a
003a
003a
003a
003a
003a
003a
003a
003a
003a
003a
003a
003a
003a
003a
003a
003a
003a
003a
003a
003a
003a
003a
003a
003a
003a
003a
003a
003a
003a
003a
003b
003b
003b
003b
003b
003b
003b
003b
003b
003b
003b
003b
003b
003b
003b
003b
003b
003b
003b
003b
003b
003b
003b
003b
003b
003b
003b
003b
003b
003b
003b
003b
003b
003b
003b
003b
003b
003b
003b
003b
003b
003b
003b
003b
003b
003b
003b
003b
003b
003b
003b
003b
003b
003b
003b
003b
003b
003b
003b
003b
003b
003b
003b
003b
003c
003c
003c
003c
003c
003c
003c
003c
003c
003c
003c
003c
003c
003c
003c
003c
003c
003c
003c
003c
003c
003c
003c
003c
003c
003c
003c
003c
003c
003c
003c
003c
003c
003c
003c
003c
003c
003c
003c
003c
003c
003c
003c
003c
003c
003c
003c
003c
003c
003c
003c
003c
003c
003c
003c
003c
003c
003c
003c
003c
003c
003c
003c
003c
003d
003d
003d
003d
003d
003d
003d
003d
003d
003d
003d
003d
003d
003d
003d
003d
003d
003d
003d
003d
003d
003d
003d
003d
003d
003d
003d
003d
003d
003d
003d
003d
003d
003d
003d
003d
003d
003d
003d
003d
003d
003d
003d
003d
003d
003d
003d
003d
003d
003d
003d
003d
003d
003d
003d
003d
003d
003d
003d
003d
003d
003d
003d
003d
003e
003e
003e
003e
003e
003e
003e
003e
003e
003e
003e
003e
003e
003e
003e
003e
003e
003e
003e
003e
003e
003e
003e
003e
003e
003e
003e
003e
003e
003e
003e
003e
003e
003e
003e
003e
003e
003e
003e
003e
003e
003e
003e
003e
003e
003e
003e
003e
003e
003e
003e
003e
003e
003e
003e
003e
003e
003e
003e
003e
003e
003e
003e
003e
003f
003f
003f
003f
003f
003f
003f
003f
003f
003f
003f
003f
003f
003f
003f
003f
003f
003f
003f
003f
003f
003f
003f
003f
003f
003f
003f
003f
003f
003f
003f
003f
003f
003f
003f
003f
003f
003f
003f
003f
003f
003f
003f
003f
003f
003f
003f
003f
003f
003f
003f
003f
003f
003f
003f
003f
003f
003f
003f
003f
003f
003f
003f
003f
0040
0040
0040
0040
0040
0040
0040
0040
0040
0040
0040
0040
0040
0040
0040
0040
0040
0040
0040
0040
0040
0040
0040
0040
0040
0040
0040
0040
0040
0040
0040
0040
0040
0040
0040
0040
0040
0040
0040
0040
0040
0040
0040
0040
0040
0040
0040
0040
0040
0040
0040
0040
0040
0040
0040
0040
0040
0040
0040
0040
0040
0040
0040
0040
0041
0041
0041
0041
0041
0041
0041
0041
0041
0041
0041
0041
0041
0041
0041
0041
0041
0041
0041
0041
0041
0041
0041
0041
0041
0041
0041
0041
0041
0041
0041
0041
0041
0041
0041
0041
0041
0041
0041
0041
0041
0041
0041
0041
0041
0041
0041
0041
0041
0041
0041
0041
0041
0041
0041
0041
0041
0041
0041
0041
0041
0041
0041
0041
0042
0042
0042
0042
0042
0042
0042
0042
0042
0042
0042
0042
0042
0042
0042
0042
0042
0042
0042
0042
0042
0042
0042
0042
0042
0042
0042
0042
0042
0042
0042
0042
0042
0042
0042
0042
0042
0042
0042
0042
0042
0042
0042
0042
0042
0042
0042
0042
0042
0042
0042
0042
0042
0042
0042
0042
0042
0042
0042
0042
0042
0042
0042
0042
0043
0043
0043
0043
0043
0043
0043
0043
0043
0043
0043
0043
0043
0043
0043
0043
0043
0043
0043
0043
0043
0043
0043
0043
0043
0043
0043
0043
0043
0043
0043
0043
0043
0043
0043
0043
0043
0043
0043
0043
0043
0043
0043
0043
0043
0043
0043
0043
0043
0043
0043
0043
0043
0043
0043
0043
0043
0043
0043
0043
0043
0043
0043
0043
0044
0044
0044
0044
0044
0044
0044
0044
0044
0044
0044
0044
0044
0044
0044
0044
0044
0044
0044
0044
0044
0044
0044
0044
0044
0044
0044
0044
0044
0044
0044
0044
0044
0044
0044
0044
0044
0044
0044
0044
0044
0044
0044
0044
0044
0044
0044
0044
0044
0044
0044
0044
0044
0044
0044
0044
0044
0044
0044
0044
0044
0044
0044
0044
0045
0045
0045
0045
0045
0045
0045
0045
0045
0045
0045
0045
0045
0045
0045
0045
0045
0045
0045
0045
0045
0045
0045
0045
0045
0045
0045
0045
0045
0045
0045
0045
0045
0045
0045
0045
0045
0045
0045
0045
0045
0045
0045
0045
0045
0045
0045
0045
0045
0045
0045
0045
0045
0045
0045
0045
0045
0045
0045
0045
0045
0045
0045
0045
0046
0046
0046
0046
0046
0046
0046
0046
0046
0046
0046
0046
0046
0046
0046
0046
0046
0046
0046
0046
0046
0046
0046
0046
0046
0046
0046
0046
0046
0046
0046
0046
0046
0046
0046
0046
0046
0046
0046
0046
0046
0046
0046
0046
0046
0046
0046
0046
0046
0046
0046
0046
0046
0046
0046
0046
0046
0046
0047
0047
0047
0047
0047
0047
0047
0047
0047
0047
0047
0047
0047
0047
0047
0047
0047
0047
0047
0047
0047
0047
0047
0047
0047
0047
0047
0047
0047
0047
0047
0047
0047
0047
0047
0047
0047
0047
0047
0047
0047
0047
0047
0047
0047
0047
0047
0047
0047
0047
0047
0048
0048
0048
0048
0048
0048
0048
0048
0048
0048
0048
0048
0048
0048
0048
0048
0048
0048
0048
0048
0048
0048
0048
0048
0048
0048
0048
0048
0048
0048
0048
0048
0048
0048
0048
0048
0048
0048
0048
0048
0048
0048
0048
0048
0048
0048
0048
0048
0048
0048
0048
0049
0049
0049
0049
0049
0049
0049
0049
0049
0049
0049
0049
0049
0049
0049
0049
0049
0049
0049
0049
0049
0049
0049
0049
0049
0049
0049
0049
0049
0049
0049
0049
0049
0049
0049
0049
0049
0049
0049
0049
0049
0049
0049
0049
0049
0049
0049
0049
0049
0049
0049
0049
004a
004a
004a
004a
004a
004a
004a
004a
004a
004a
004a
004a
004a
004a
004a
004a
004a
004a
004a
004a
004a
004a
004a
004a
004a
004a
004a
004a
004a
004a
004a
004a
004a
004a
004a
004a
004a
004a
004a
004a
004a
004a
004a
004a
004a
004a
004a
004a
004a
004a
004a
004b
004b
004b
004b
004b
004b
004b
004b
004b
004b
004b
004b
004b
004b
004b
004b
004b
004b
004b
004b
004b
004b
004b
004b
004b
004b
004b
004b
004b
004b
004b
004b
004b
004b
004b
004b
004b
004b
004b
004b
004b
004b
004b
004b
004b
004b
004b
004b
004b
004b
004b
004c
004c
004c
004c
004c
004c
004c
004c
004c
004c
004c
004c
004c
004c
004c
004c
004c
004c
004c
004c
004c
004c
004c
004c
004c
004c
004c
004c
004c
004c
004c
004c
004c
004c
004c
004c
004c
004c
004c
004c
004c
004c
004c
004c
004c
004c
004c
004c
004c
004c
004c
004d
004d
004d
004d
004d
004d
004d
004d
004d
004d
004d
004d
004d
004d
004d
004d
004d
004d
004d
004d
004d
004d
004d
004d
004d
004d
004d
004d
004d
004d
004d
004d
004d
004d
004d
004d
004d
004d
004d
004d
004d
004d
004d
004d
004d
004d
004d
004d
004d
004d
004d
004e
004e
004e
004e
004e
004e
004e
004e
004e
004e
004e
004e
004e
004e
004e
004e
004e
004e
004e
004e
004e
004e
004e
004e
004e
004e
004e
004e
004e
004e
004e
004e
004e
004e
004e
004e
004e
004e
004e
004e
004e
004e
004e
004e
004e
004e
004e
004e
004e
004e
004e
004e
004f
004f
004f
004f
004f
004f
004f
004f
004f
004f
004f
004f
004f
004f
004f
004f
004f
004f
004f
004f
004f
004f
004f
004f
004f
004f
004f
004f
004f
004f
004f
004f
004f
004f
004f
004f
004f
004f
004f
004f
004f
004f
004f
004f
004f
004f
004f
004f
004f
004f
004f
0050
0050
0050
0050
0050
0050
0050
0050
0050
0050
0050
0050
0050
0050
0050
0050
0050
0050
0050
0050
0050
0050
0050
0050
0050
0050
0050
0050
0050
0050
0050
0050
0050
0050
0050
0050
0050
0050
0050
0050
0050
0050
0050
0050
0050
0050
0050
0050
0050
0050
0050
0051
0051
0051
0051
0051
0051
0051
0051
0051
0051
0051
0051
0051
0051
0051
0051
0051
0051
0051
0051
0051
0051
0051
0051
0051
0051
0051
0051
0051
0051
0051
0051
0051
0051
0051
0051
0051
0051
0051
0051
0051
0051
0051
0051
0051
0051
0051
0051
0051
0051
0051
0052
0052
0052
0052
0052
0052
0052
0052
0052
0052
0052
0052
0052
0052
0052
0052
0052
0052
0052
0052
0052
0052
0052
0052
0052
0052
0052
0052
0052
0052
0052
0052
0052
0052
0052
0052
0052
0052
0052
0052
0052
0052
0052
0052
0052
0052
0052
0052
0052
0052
0052
0053
0053
0053
0053
0053
0053
0053
0053
0053
0053
0053
0053
0053
0053
0053
0053
0053
0053
0053
0053
0053
0053
0053
0053
0053
0053
0053
0053
0053
0053
0053
0053
0053
0053
0053
0053
0053
0053
0053
0053
0053
0053
0053
0053
0053
0053
0053
0053
0053
0053
0053
0053
0054
0054
0054
0054
0054
0054
0054
0054
0054
0054
0054
0054
0054
0054
0054
0054
0054
0054
0054
0054
0054
0054
0054
0054
0054
0054
0054
0054
0054
0054
0054
0054
0054
0054
0054
0054
0054
0054
0054
0054
0054
0054
0054
0054
0054
0054
0054
0054
0054
0054
0054
0055
0055
0055
0055
0055
0055
0055
0055
0055
0055
0055
0055
0055
0055
0055
0055
0055
0055
0055
0055
0055
0055
0055
0055
0055
0055
0055
0055
0055
0055
0055
0055
0055
0055
0055
0055
0055
0055
0055
0055
0055
0055
0055
0055
0055
0055
0055
0055
0055
0055
0055
0056
0056
0056
0056
0056
0056
0056
0056
0056
0056
0056
0056
0056
0056
0056
0056
0056
0056
0056
0056
0056
0056
0056
0056
0056
0056
0056
0056
0056
0056
0056
0056
0056
0056
0056
0056
0056
0056
0056
0056
0056
0056
0056
0056
0056
0056
0056
0056
0056
0056
0056
0057
0057
0057
0057
0057
0057
0057
0057
0057
0057
0057
0057
0057
0057
0057
0057
0057
0057
0057
0057
0057
0057
0057
0057
0057
0057
0057
0057
0057
0057
0057
0057
0057
0057
0057
0057
0057
0057
0057
0057
0057
0057
0057
0057
0057
0057
0057
0057
0057
0057
0057
0058
0058
0058
0058
0058
0058
0058
0058
0058
0058
0058
0058
0058
0058
0058
0058
0058
0058
0058
0058
0058
0058
0058
0058
0058
0058
0058
0058
0058
0058
0058
0058
0058
0058
0058
0058
0058
0058
0058
0058
0058
0058
0058
0058
0058
0058
0058
0058
0058
0058
0058
0058
0059
0059
0059
0059
0059
0059
0059
0059
0059
0059
0059
0059
0059
0059
0059
0059
0059
0059
0059
0059
0059
0059
0059
0059
0059
0059
0059
0059
0059
0059
0059
0059
0059
0059
0059
0059
0059
0059
0059
0059
0059
0059
0059
0059
0059
0059
0059
0059
0059
0059
0059
005a
005a
005a
005a
005a
005a
005a
005a
005a
005a
005a
005a
005a
005a
005a
005a
005a
005a
005a
005a
005a
005a
005a
005a
005a
005a
005a
005a
005a
005a
005a
005a
005a
005a
005a
005a
005a
005a
005a
005a
005a
005a
005a
005a
005a
005a
005a
005b
005b
005b
005b
005b
005b
005b
005b
005b
005b
005b
005b
005b
005b
005b
005b
005b
005b
005b
005b
005b
005b
005b
005b
005b
005b
005b
005b
005b
005b
005b
005b
005b
005b
005b
005b
005b
005b
005b
005b
005b
005b
005c
005c
005c
005c
005c
005c
005c
005c
005c
005c
005c
005c
005c
005c
005c
005c
005c
005c
005c
005c
005c
005c
005c
005c
005c
005c
005c
005c
005c
005c
005c
005c
005c
005c
005c
005c
005c
005c
005c
005c
005c
005c
005c
005d
005d
005d
005d
005d
005d
005d
005d
005d
005d
005d
005d
005d
005d
005d
005d
005d
005d
005d
005d
005d
005d
005d
005d
005d
005d
005d
005d
005d
005d
005d
005d
005d
005d
005d
005d
005d
005d
005d
005d
005d
005d
005d
005e
005e
005e
005e
005e
005e
005e
005e
005e
005e
005e
005e
005e
005e
005e
005e
005e
005e
005e
005e
005e
005e
005e
005e
005e
005e
005e
005e
005e
005e
005e
005e
005e
005e
005e
005e
005e
005e
005e
005e
005e
005e
005f
005f
005f
005f
005f
005f
005f
005f
005f
005f
005f
005f
005f
005f
005f
005f
005f
005f
005f
005f
005f
005f
005f
005f
005f
005f
005f
005f
005f
005f
005f
005f
005f
005f
005f
005f
005f
005f
005f
005f
005f
005f
005f
0060
0060
0060
0060
0060
0060
0060
0060
0060
0060
0060
0060
0060
0060
0060
0060
0060
0060
0060
0060
0060
0060
0060
0060
0060
0060
0060
0060
0060
0060
0060
0060
0060
0060
0060
0060
0060
0060
0060
0060
0061
0061
0061
0061
0061
0061
0061
0061
0061
0061
0061
0061
0061
0061
0061
0061
0061
0061
0061
0061
0061
0061
0061
0061
0061
0061
0061
0061
0061
0061
0061
0061
0061
0061
0061
0061
0062
0062
0062
0062
0062
0062
0062
0062
0062
0062
0062
0062
0062
0062
0062
0062
0062
0062
0062
0062
0062
0062
0062
0062
0062
0062
0062
0062
0062
0062
0062
0062
0062
0062
0062
0062
0062
0063
0063
0063
0063
0063
0063
0063
0063
0063
0063
0063
0063
0063
0063
0063
0063
0063
0063
0063
0063
0063
0063
0063
0063
0063
0063
0063
0063
0063
0063
0063
0063
0063
0063
0063
0063
0064
0064
0064
0064
0064
0064
0064
0064
0064
0064
0064
0064
0064
0064
0064
0064
0064
0064
0064
0064
0064
0064
0064
0064
0064
0064
0064
0064
0064
0064
0064
0064
0064
0064
0064
0064
0064
0065
0065
0065
0065
0065
0065
0065
0065
0065
0065
0065
0065
0065
0065
0065
0065
0065
0065
0065
0065
0065
0065
0065
0065
0065
0065
0065
0065
0065
0065
0065
0065
0065
0065
0065
0065
0065
0066
0066
0066
0066
0066
0066
0066
0066
0066
0066
0066
0066
0066
0066
0066
0066
0066
0066
0066
0066
0066
0066
0066
0066
0066
0066
0066
0066
0066
0066
0066
0066
0066
0066
0066
0066
0067
0067
0067
0067
0067
0067
0067
0067
0067
0067
0067
0067
0067
0067
0067
0067
0067
0067
0067
0067
0067
0067
0067
0067
0067
0067
0067
0067
0067
0067
0067
0067
0067
0067
0067
0067
0067
0067
0067
0067
0068
0068
0068
0068
0068
0068
0068
0068
0068
0068
0068
0068
0068
0068
0068
0068
0068
0068
0068
0068
0068
0068
0068
0068
0068
0068
0068
0068
0068
0068
0068
0068
0068
0068
0068
0068
0068
0068
0068
0068
0068
0068
0069
0069
0069
0069
0069
0069
0069
0069
0069
0069
0069
0069
0069
0069
0069
0069
0069
0069
0069
0069
0069
0069
0069
0069
0069
0069
0069
0069
0069
0069
0069
0069
0069
0069
0069
0069
0069
0069
0069
0069
0069
0069
0069
006a
006a
006a
006a
006a
006a
006a
006a
006a
006a
006a
006a
006a
006a
006a
006a
006a
006a
006a
006a
006a
006a
006a
006a
006a
006a
006a
006a
006a
006a
006a
006a
006a
006a
006a
006a
006a
006a
006a
006a
006a
006a
006a
006b
006b
006b
006b
006b
006b
006b
006b
006b
006b
006b
006b
006b
006b
006b
006b
006b
006b
006b
006b
006b
006b
006b
006b
006b
006b
006b
006b
006b
006b
006b
006b
006b
006b
006b
006b
006b
006b
006b
006b
006b
006b
006c
006c
006c
006c
006c
006c
006c
006c
006c
006c
006c
006c
006c
006c
006c
006c
006c
006c
006c
006c
006c
006c
006c
006c
006c
006c
006c
006c
006c
006c
006c
006c
006c
006c
006c
006c
006c
006c
006c
006c
006c
006c
006c
006d
006d
006d
006d
006d
006d
006d
006d
006d
006d
006d
006d
006d
006d
006d
006d
006d
006d
006d
006d
006d
006d
006d
006d
006d
006d
006d
006d
006d
006d
006d
006d
006d
006d
006d
006d
006d
006d
006d
006d
006e
006e
006e
006e
006e
006e
006e
006e
006e
006e
006e
006e
006e
006e
006e
006e
006e
006e
006e
006e
006e
006e
006e
006e
006e
006e
006e
006e
006e
006e
006e
006e
006e
006e
006e
006e
006f
006f
006f
006f
006f
006f
006f
006f
006f
006f
006f
006f
006f
006f
006f
006f
006f
006f
006f
006f
006f
006f
006f
006f
006f
006f
006f
006f
006f
006f
006f
006f
006f
006f
006f
006f
006f
0070
0070
0070
0070
0070
0070
0070
0070
0070
0070
0070
0070
0070
0070
0070
0070
0070
0070
0070
0070
0070
0070
0070
0070
0070
0070
0070
0070
0070
0070
0070
0070
0070
0070
0070
0070
0071
0071
0071
0071
0071
0071
0071
0071
0071
0071
0071
0071
0071
0071
0071
0071
0071
0071
0071
0071
0071
0071
0071
0071
0071
0071
0071
0071
0071
0071
0071
0071
0071
0071
0071
0071
0071
0072
0072
0072
0072
0072
0072
0072
0072
0072
0072
0072
0072
0072
0072
0072
0072
0072
0072
0072
0072
0072
0072
0072
0072
0072
0072
0072
0072
0072
0072
0072
0072
0072
0072
0072
0072
0072
0073
0073
0073
0073
0073
0073
0073
0073
0073
0073
0073
0073
0073
0073
0073
0073
0073
0073
0073
0073
0073
0073
0073
0073
0073
0073
0073
0073
0073
0073
0073
0073
0073
0073
0073
0073
0074
0074
0074
0074
0074
0074
0074
0074
0074
0074
0074
0074
0074
0074
0074
0074
0074
0074
0074
0074
0074
0074
0074
0074
0074
0074
0074
0074
0074
0074
0074
0074
0074
0074
0075
0075
0075
0075
0075
0075
0075
0075
0075
0075
0075
0075
0075
0075
0075
0075
0075
0075
0075
0075
0075
0075
0075
0075
0075
0075
0075
0075
0075
0075
0075
0075
0076
0076
0076
0076
0076
0076
0076
0076
0076
0076
0076
0076
0076
0076
0076
0076
0076
0076
0076
0076
0076
0076
0076
0076
0076
0076
0076
0076
0076
0076
0076
0076
0077
0077
0077
0077
0077
0077
0077
0077
0077
0077
0077
0077
0077
0077
0077
0077
0077
0077
0077
0077
0077
0077
0077
0077
0077
0077
0077
0077
0077
0077
0077
0077
0078
0078
0078
0078
0078
0078
0078
0078
0078
0078
0078
0078
0078
0078
0078
0078
0078
0078
0078
0078
0078
0078
0078
0078
0078
0078
0078
0078
0078
0078
0078
0078
0079
0079
0079
0079
0079
0079
0079
0079
0079
0079
0079
0079
0079
0079
0079
0079
0079
0079
0079
0079
0079
0079
0079
0079
0079
0079
0079
0079
0079
0079
0079
0079
007a
007a
007a
007a
007a
007a
007a
007a
007a
007a
007a
007a
007a
007a
007a
007a
007a
007a
007a
007a
007a
007a
007a
007a
007a
007a
007a
007a
007a
007a
007a
007a
007b
007b
007b
007b
007b
007b
007b
007b
007b
007b
007b
007b
007b
007b
007b
007b
007b
007b
007b
007b
007b
007b
007b
007b
007b
007b
007b
007b
007b
007b
007b
007b
007c
007c
007c
007c
007c
007c
007c
007c
007c
007c
007c
007c
007c
007c
007c
007c
007c
007c
007c
007c
007c
007c
007c
007c
007c
007c
007c
007c
007c
007c
007c
007c
007d
007d
007d
007d
007d
007d
007d
007d
007d
007d
007d
007d
007d
007d
007d
007d
007d
007d
007d
007d
007d
007d
007d
007d
007d
007d
007d
007d
007d
007d
007d
007d
007e
007e
007e
007e
007e
007e
007e
007e
007e
007e
007e
007e
007e
007e
007e
007e
007e
007e
007e
007e
007e
007e
007e
007e
007e
007e
007e
007e
007e
007e
007e
007e
007f
007f
007f
007f
007f
007f
007f
007f
007f
007f
007f
007f
007f
007f
007f
007f
007f
007f
007f
007f
007f
007f
007f
007f
007f
007f
007f
007f
007f
007f
007f
007f
0080
0080
0080
0080
0080
0080
0080
0080
0080
0080
0080
0080
0080
0080
0080
0080
0080
0080
0080
0080
0080
0080
0080
0080
0080
0080
0080
0080
0080
0080
0080
0080
0081
0081
0081
0081
0081
0081
0081
0081
0081
0081
0081
0081
0081
0081
0081
0081
0081
0081
0081
0081
0081
0081
0081
0081
0081
0081
0081
0081
0081
0081
0081
0081
0082
0082
0082
0082
0082
0082
0082
0082
0082
0082
0082
0082
0082
0082
0082
0082
0082
0082
0082
0082
0082
0082
0082
0082
0082
0082
0082
0082
0082
0082
0082
0082
0083
0083
0083
0083
0083
0083
0083
0083
0083
0083
0083
0083
0083
0083
0083
0083
0083
0083
0083
0083
0083
0083
0083
0083
0083
0083
0083
0083
0083
0083
0083
0083
0084
0084
0084
0084
0084
0084
0084
0084
0084
0084
0084
0084
0084
0084
0084
0084
0084
0084
0084
0084
0084
0084
0084
0084
0084
0084
0084
0084
0084
0084
0084
0084
0085
0085
0085
0085
0085
0085
0085
0085
0085
0085
0085
0085
0085
0085
0085
0085
0085
0085
0085
0085
0085
0085
0085
0085
0085
0085
0085
0085
0085
0085
0085
0085
0086
0086
0086
0086
0086
0086
0086
0086
0086
0086
0086
0086
0086
0086
0086
0086
0086
0086
0086
0086
0086
0086
0086
0086
0086
0086
0086
0086
0086
0086
0086
0086
0087
0087
0087
0087
0087
0087
0087
0087
0087
0087
0087
0087
0087
0087
0087
0087
0087
0087
0087
0087
0087
0087
0087
0087
0087
0087
0087
0087
0087
0087
0087
0087
0088
0088
0088
0088
0088
0088
0088
0088
0088
0088
0088
0088
0088
0088
0088
0088
0088
0088
0088
0088
0088
0088
0088
0088
0088
0088
0088
0088
0088
0088
0088
0088
0089
0089
0089
0089
0089
0089
0089
0089
0089
0089
0089
0089
0089
0089
0089
0089
0089
0089
0089
0089
0089
0089
0089
0089
0089
0089
0089
0089
0089
0089
0089
0089
008a
008a
008a
008a
008a
008a
008a
008a
008a
008a
008a
008a
008a
008a
008a
008a
008a
008a
008a
008a
008a
008a
008a
008a
008a
008a
008a
008a
008a
008a
008a
008a
008b
008b
008b
008b
008b
008b
008b
008b
008b
008b
008b
008b
008b
008b
008b
008b
008b
008b
008b
008b
008b
008b
008b
008b
008b
008b
008b
008b
008b
008b
008b
008b
008c
008c
008c
008c
008c
008c
008c
008c
008c
008c
008c
008c
008c
008c
008c
008c
008c
008c
008c
008c
008c
008c
008c
008c
008c
008c
008c
008c
008c
008c
008c
008d
008d
008d
008d
008d
008d
008d
008d
008d
008d
008d
008d
008d
008d
008d
008d
008d
008d
008d
008d
008d
008d
008d
008d
008d
008d
008d
008d
008e
008e
008e
008e
008e
008e
008e
008e
008e
008e
008e
008e
008e
008e
008e
008e
008e
008e
008e
008e
008e
008e
008e
008e
008e
008e
008e
008e
008e
008f
008f
008f
008f
008f
008f
008f
008f
008f
008f
008f
008f
008f
008f
008f
008f
008f
008f
008f
008f
008f
008f
008f
008f
008f
008f
008f
008f
0090
0090
0090
0090
0090
0090
0090
0090
0090
0090
0090
0090
0090
0090
0090
0090
0090
0090
0090
0090
0090
0090
0090
0090
0090
0090
0090
0090
0091
0091
0091
0091
0091
0091
0091
0091
0091
0091
0091
0091
0091
0091
0091
0091
0091
0091
0091
0091
0091
0091
0091
0091
0091
0091
0091
0091
0091
0092
0092
0092
0092
0092
0092
0092
0092
0092
0092
0092
0092
0092
0092
0092
0092
0092
0092
0092
0092
0092
0092
0092
0092
0092
0092
0092
0092
0093
0093
0093
0093
0093
0093
0093
0093
0093
0093
0093
0093
0093
0093
0093
0093
0093
0093
0093
0093
0093
0093
0093
0093
0093
0093
0093
0093
0093
0094
0094
0094
0094
0094
0094
0094
0094
0094
0094
0094
0094
0094
0094
0094
0094
0094
0094
0094
0094
0094
0094
0094
0094
0094
0094
0094
0094
0095
0095
0095
0095
0095
0095
0095
0095
0095
0095
0095
0095
0095
0095
0095
0095
0095
0095
0095
0095
0095
0095
0095
0095
0095
0095
0095
0096
0096
0096
0096
0096
0096
0096
0096
0096
0096
0096
0096
0096
0096
0096
0096
0096
0096
0096
0096
0096
0096
0096
0096
0096
0096
0097
0097
0097
0097
0097
0097
0097
0097
0097
0097
0097
0097
0097
0097
0097
0097
0097
0097
0097
0097
0097
0097
0097
0097
0097
0098
0098
0098
0098
0098
0098
0098
0098
0098
0098
0098
0098
0098
0098
0098
0098
0098
0098
0098
0098
0098
0098
0098
0098
0098
0098
0099
0099
0099
0099
0099
0099
0099
0099
0099
0099
0099
0099
0099
0099
0099
0099
0099
0099
0099
0099
0099
0099
0099
0099
0099
0099
009a
009a
009a
009a
009a
009a
009a
009a
009a
009a
009a
009a
009a
009a
009a
009a
009a
009a
009a
009a
009a
009a
009a
009a
009a
009b
009b
009b
009b
009b
009b
009b
009b
009b
009b
009b
009b
009b
009b
009b
009b
009b
009b
009b
009b
009b
009b
009b
009b
009b
009b
009c
009c
009c
009c
009c
009c
009c
009c
009c
009c
009c
009c
009c
009c
009c
009c
009c
009c
009c
009c
009c
009c
009c
009c
009c
009d
009d
009d
009d
009d
009d
009d
009d
009d
009d
009d
009d
009d
009d
009d
009d
009d
009d
009d
009d
009d
009d
009d
009d
009d
009d
009e
009e
009e
009e
009e
009e
009e
009e
009e
009e
009e
009e
009e
009e
009e
009e
009e
009e
009e
009e
009e
009e
009e
009e
009e
009e
009f
009f
009f
009f
009f
009f
009f
009f
009f
009f
009f
009f
009f
009f
009f
009f
009f
009f
009f
009f
009f
009f
009f
009f
009f
00a0
00a0
00a0
00a0
00a0
00a0
00a0
00a0
00a0
00a0
00a0
00a0
00a0
00a0
00a0
00a0
00a0
00a0
00a0
00a0
00a0
00a0
00a0
00a0
00a0
00a0
00a1
00a1
00a1
00a1
00a1
00a1
00a1
00a1
00a1
00a1
00a1
00a1
00a1
00a1
00a1
00a1
00a1
00a1
00a1
00a1
00a1
00a1
00a1
00a1
00a1
00a2
00a2
00a2
00a2
00a2
00a2
00a2
00a2
00a2
00a2
00a2
00a2
00a2
00a2
00a2
00a2
00a2
00a2
00a2
00a2
00a2
00a2
00a2
00a2
00a2
00a2
00a3
00a3
00a3
00a3
00a3
00a3
00a3
00a3
00a3
00a3
00a3
00a3
00a3
00a3
00a3
00a3
00a3
00a3
00a3
00a3
00a3
00a3
00a3
00a3
00a3
00a3
00a4
00a4
00a4
00a4
00a4
00a4
00a4
00a4
00a4
00a4
00a4
00a4
00a4
00a4
00a4
00a4
00a4
00a4
00a4
00a4
00a4
00a4
00a4
00a4
00a4
00a5
00a5
00a5
00a5
00a5
00a5
00a5
00a5
00a5
00a5
00a5
00a5
00a5
00a5
00a5
00a5
00a5
00a5
00a5
00a5
00a5
00a5
00a5
00a5
00a5
00a5
00a6
00a6
00a6
00a6
00a6
00a6
00a6
00a6
00a6
00a6
00a6
00a6
00a6
00a6
00a6
00a6
00a6
00a6
00a6
00a6
00a6
00a6
00a6
00a6
00a6
00a7
00a7
00a7
00a7
00a7
00a7
00a7
00a7
00a7
00a7
00a7
00a7
00a7
00a7
00a7
00a7
00a7
00a7
00a7
00a7
00a7
00a7
00a7
00a7
00a7
00a7
00a8
00a8
00a8
00a8
00a8
00a8
00a8
00a8
00a8
00a8
00a8
00a8
00a8
00a8
00a8
00a8
00a8
00a8
00a8
00a8
00a8
00a8
00a8
00a8
00a8
00a8
00a9
00a9
00a9
00a9
00a9
00a9
00a9
00a9
00a9
00a9
00a9
00a9
00a9
00a9
00a9
00a9
00a9
00a9
00a9
00a9
00a9
00a9
00a9
00a9
00aa
00aa
00aa
00aa
00aa
00aa
00aa
00aa
00aa
00aa
00aa
00aa
00aa
00aa
00aa
00aa
00aa
00aa
00aa
00aa
00aa
00aa
00aa
00ab
00ab
00ab
00ab
00ab
00ab
00ab
00ab
00ab
00ab
00ab
00ab
00ab
00ab
00ab
00ab
00ab
00ab
00ab
00ab
00ab
00ab
00ab
00ab
00ac
00ac
00ac
00ac
00ac
00ac
00ac
00ac
00ac
00ac
00ac
00ac
00ac
00ac
00ac
00ac
00ac
00ac
00ac
00ac
00ac
00ac
00ac
00ad
00ad
00ad
00ad
00ad
00ad
00ad
00ad
00ad
00ad
00ad
00ad
00ad
00ad
00ad
00ad
00ad
00ad
00ad
00ad
00ad
00ad
00ad
00ae
00ae
00ae
00ae
00ae
00ae
00ae
00ae
00ae
00ae
00ae
00ae
00ae
00ae
00ae
00ae
00ae
00ae
00ae
00ae
00ae
00ae
00ae
00af
00af
00af
00af
00af
00af
00af
00af
00af
00af
00af
00af
00af
00af
00af
00af
00af
00af
00af
00af
00af
00af
00af
00af
00b0
00b0
00b0
00b0
00b0
00b0
00b0
00b0
00b0
00b0
00b0
00b0
00b0
00b0
00b0
00b0
00b0
00b0
00b0
00b0
00b0
00b0
00b0
00b1
00b1
00b1
00b1
00b1
00b1
00b1
00b1
00b1
00b1
00b1
00b1
00b1
00b1
00b1
00b1
00b1
00b1
00b1
00b1
00b1
00b1
00b1
00b2
00b2
00b2
00b2
00b2
00b2
00b2
00b2
00b2
00b2
00b2
00b2
00b2
00b2
00b2
00b2
00b2
00b2
00b2
00b2
00b2
00b2
00b2
00b2
00b3
00b3
00b3
00b3
00b3
00b3
00b3
00b3
00b3
00b3
00b3
00b3
00b3
00b3
00b3
00b3
00b3
00b3
00b3
00b3
00b3
00b3
00b3
00b4
00b4
00b4
00b4
00b4
00b4
00b4
00b4
00b4
00b4
00b4
00b4
00b4
00b4
00b4
00b4
00b4
00b4
00b4
00b4
00b4
00b4
00b5
00b5
00b5
00b5
00b5
00b5
00b5
00b5
00b5
00b5
00b5
00b5
00b5
00b5
00b5
00b5
00b5
00b5
00b5
00b5
00b5
00b6
00b6
00b6
00b6
00b6
00b6
00b6
00b6
00b6
00b6
00b6
00b6
00b6
00b6
00b6
00b6
00b6
00b6
00b6
00b6
00b6
00b6
00b7
00b7
00b7
00b7
00b7
00b7
00b7
00b7
00b7
00b7
00b7
00b7
00b7
00b7
00b7
00b7
00b7
00b7
00b7
00b7
00b7
00b8
00b8
00b8
00b8
00b8
00b8
00b8
00b8
00b8
00b8
00b8
00b8
00b8
00b8
00b8
00b8
00b8
00b8
00b8
00b8
00b8
00b9
00b9
00b9
00b9
00b9
00b9
00b9
00b9
00b9
00b9
00b9
00b9
00b9
00b9
00b9
00b9
00b9
00b9
00b9
00b9
00b9
00b9
00ba
00ba
00ba
00ba
00ba
00ba
00ba
00ba
00ba
00ba
00ba
00ba
00ba
00ba
00ba
00ba
00ba
00ba
00ba
00ba
00ba
00bb
00bb
00bb
00bb
00bb
00bb
00bb
00bb
00bb
00bb
00bb
00bb
00bb
00bb
00bb
00bb
00bb
00bb
00bb
00bb
00bb
00bc
00bc
00bc
00bc
00bc
00bc
00bc
00bc
00bc
00bc
00bc
00bc
00bc
00bc
00bc
00bc
00bc
00bc
00bc
00bc
00bc
00bc
00bd
00bd
00bd
00bd
00bd
00bd
00bd
00bd
00bd
00bd
00bd
00bd
00bd
00bd
00bd
00bd
00bd
00bd
00bd
00bd
00bd
00be
00be
00be
00be
00be
00be
00be
00be
00be
00be
00be
00be
00be
00be
00be
00be
00be
00be
00be
00be
00be
00bf
00bf
00bf
00bf
00bf
00bf
00bf
00bf
00bf
00bf
00bf
00bf
00bf
00bf
00bf
00bf
00bf
00bf
00bf
00bf
00bf
00bf
00c0
00c0
00c0
00c0
00c0
00c0
00c0
00c0
00c0
00c0
00c0
00c0
00c0
00c0
00c0
00c0
00c0
00c0
00c0
00c0
00c0
00c1
00c1
00c1
00c1
00c1
00c1
00c1
00c1
00c1
00c1
00c1
00c1
00c1
00c1
00c1
00c1
00c1
00c1
00c1
00c1
00c1
00c2
00c2
00c2
00c2
00c2
00c2
00c2
00c2
00c2
00c2
00c2
00c2
00c2
00c2
00c2
00c2
00c2
00c2
00c2
00c2
00c2
00c2
00c3
00c3
00c3
00c3
00c3
00c3
00c3
00c3
00c3
00c3
00c3
00c3
00c3
00c3
00c3
00c3
00c3
00c3
00c3
00c3
00c3
00c4
00c4
00c4
00c4
00c4
00c4
00c4
00c4
00c4
00c4
00c4
00c4
00c4
00c4
00c4
00c4
00c4
00c4
00c4
00c4
00c4
00c5
00c5
00c5
00c5
00c5
00c5
00c5
00c5
00c5
00c5
00c5
00c5
00c5
00c5
00c5
00c5
00c5
00c5
00c5
00c5
00c5
00c5
00c6
00c6
00c6
00c6
00c6
00c6
00c6
00c6
00c6
00c6
00c6
00c6
00c6
00c6
00c6
00c6
00c6
00c6
00c6
00c6
00c6
00c7
00c7
00c7
00c7
00c7
00c7
00c7
00c7
00c7
00c7
00c7
00c7
00c7
00c7
00c7
00c7
00c7
00c7
00c7
00c7
00c7
00c8
00c8
00c8
00c8
00c8
00c8
00c8
00c8
00c8
00c8
00c8
00c8
00c8
00c8
00c8
00c8
00c8
00c8
00c8
00c8
00c8
00c8
00c9
00c9
00c9
00c9
00c9
00c9
00c9
00c9
00c9
00c9
00c9
00c9
00c9
00c9
00c9
00c9
00c9
00c9
00c9
00c9
00c9
00ca
00ca
00ca
00ca
00ca
00ca
00ca
00ca
00ca
00ca
00ca
00ca
00ca
00ca
00ca
00ca
00ca
00ca
00ca
00ca
00ca
00cb
00cb
00cb
00cb
00cb
00cb
00cb
00cb
00cb
00cb
00cb
00cb
00cb
00cb
00cb
00cb
00cb
00cb
00cb
00cb
00cb
00cb
00cc
00cc
00cc
00cc
00cc
00cc
00cc
00cc
00cc
00cc
00cc
00cc
00cc
00cc
00cc
00cc
00cc
00cc
00cc
00cc
00cd
00cd
00cd
00cd
00cd
00cd
00cd
00cd
00cd
00cd
00cd
00cd
00cd
00cd
00cd
00cd
00cd
00cd
00cd
00cd
00ce
00ce
00ce
00ce
00ce
00ce
00ce
00ce
00ce
00ce
00ce
00ce
00ce
00ce
00ce
00ce
00ce
00ce
00ce
00ce
00cf
00cf
00cf
00cf
00cf
00cf
00cf
00cf
00cf
00cf
00cf
00cf
00cf
00cf
00cf
00cf
00cf
00cf
00cf
00d0
00d0
00d0
00d0
00d0
00d0
00d0
00d0
00d0
00d0
00d0
00d0
00d0
00d0
00d0
00d0
00d0
00d0
00d0
00d0
00d1
00d1
00d1
00d1
00d1
00d1
00d1
00d1
00d1
00d1
00d1
00d1
00d1
00d1
00d1
00d1
00d1
00d1
00d1
00d1
00d2
00d2
00d2
00d2
00d2
00d2
00d2
00d2
00d2
00d2
00d2
00d2
00d2
00d2
00d2
00d2
00d2
00d2
00d2
00d3
00d3
00d3
00d3
00d3
00d3
00d3
00d3
00d3
00d3
00d3
00d3
00d3
00d3
00d3
00d3
00d3
00d3
00d3
00d3
00d4
00d4
00d4
00d4
00d4
00d4
00d4
00d4
00d4
00d4
00d4
00d4
00d4
00d4
00d4
00d4
00d4
00d4
00d4
00d4
00d5
00d5
00d5
00d5
00d5
00d5
00d5
00d5
00d5
00d5
00d5
00d5
00d5
00d5
00d5
00d5
00d5
00d5
00d5
00d5
00d6
00d6
00d6
00d6
00d6
00d6
00d6
00d6
00d6
00d6
00d6
00d6
00d6
00d6
00d6
00d6
00d6
00d6
00d6
00d7
00d7
00d7
00d7
00d7
00d7
00d7
00d7
00d7
00d7
00d7
00d7
00d7
00d7
00d7
00d7
00d7
00d7
00d7
00d7
00d8
00d8
00d8
00d8
00d8
00d8
00d8
00d8
00d8
00d8
00d8
00d8
00d8
00d8
00d8
00d8
00d8
00d8
00d8
00d8
00d9
00d9
00d9
00d9
00d9
00d9
00d9
00d9
00d9
00d9
00d9
00d9
00d9
00d9
00d9
00d9
00d9
00d9
00d9
00da
00da
00da
00da
00da
00da
00da
00da
00da
00da
00da
00da
00da
00da
00da
00da
00da
00da
00db
00db
00db
00db
00db
00db
00db
00db
00db
00db
00db
00db
00db
00db
00db
00db
00db
00db
00dc
00dc
00dc
00dc
00dc
00dc
00dc
00dc
00dc
00dc
00dc
00dc
00dc
00dc
00dc
00dc
00dc
00dc
00dd
00dd
00dd
00dd
00dd
00dd
00dd
00dd
00dd
00dd
00dd
00dd
00dd
00dd
00dd
00dd
00dd
00dd
00dd
00de
00de
00de
00de
00de
00de
00de
00de
00de
00de
00de
00de
00de
00de
00de
00de
00de
00de
00df
00df
00df
00df
00df
00df
00df
00df
00df
00df
00df
00df
00df
00df
00df
00df
00df
00df
00e0
00e0
00e0
00e0
00e0
00e0
00e0
00e0
00e0
00e0
00e0
00e0
00e0
00e0
00e0
00e0
00e0
00e0
00e0
00e1
00e1
00e1
00e1
00e1
00e1
00e1
00e1
00e1
00e1
00e1
00e1
00e1
00e1
00e1
00e1
00e1
00e1
00e2
00e2
00e2
00e2
00e2
00e2
00e2
00e2
00e2
00e2
00e2
00e2
00e2
00e2
00e2
00e2
00e2
00e2
00e3
00e3
00e3
00e3
00e3
00e3
00e3
00e3
00e3
00e3
00e3
00e3
00e3
00e3
00e3
00e3
00e3
00e3
00e4
00e4
00e4
00e4
00e4
00e4
00e4
00e4
00e4
00e4
00e4
00e4
00e4
00e4
00e4
00e4
00e4
00e4
00e4
00e5
00e5
00e5
00e5
00e5
00e5
00e5
00e5
00e5
00e5
00e5
00e5
00e5
00e5
00e5
00e5
00e5
00e5
00e6
00e6
00e6
00e6
00e6
00e6
00e6
00e6
00e6
00e6
00e6
00e6
00e6
00e6
00e6
00e6
00e6
00e6
00e7
00e7
00e7
00e7
00e7
00e7
00e7
00e7
00e7
00e7
00e7
00e7
00e7
00e7
00e7
00e7
00e7
00e7
00e8
00e8
00e8
00e8
00e8
00e8
00e8
00e8
00e8
00e8
00e8
00e8
00e8
00e8
00e8
00e8
00e8
00e9
00e9
00e9
00e9
00e9
00e9
00e9
00e9
00e9
00e9
00e9
00e9
00e9
00e9
00e9
00e9
00e9
00ea
00ea
00ea
00ea
00ea
00ea
00ea
00ea
00ea
00ea
00ea
00ea
00ea
00ea
00ea
00ea
00ea
00eb
00eb
00eb
00eb
00eb
00eb
00eb
00eb
00eb
00eb
00eb
00eb
00eb
00eb
00eb
00eb
00eb
00ec
00ec
00ec
00ec
00ec
00ec
00ec
00ec
00ec
00ec
00ec
00ec
00ec
00ec
00ec
00ec
00ec
00ed
00ed
00ed
00ed
00ed
00ed
00ed
00ed
00ed
00ed
00ed
00ed
00ed
00ed
00ed
00ed
00ed
00ee
00ee
00ee
00ee
00ee
00ee
00ee
00ee
00ee
00ee
00ee
00ee
00ee
00ee
00ee
00ee
00ee
00ef
00ef
00ef
00ef
00ef
00ef
00ef
00ef
00ef
00ef
00ef
00ef
00ef
00ef
00ef
00ef
00ef
00ef
00f0
00f0
00f0
00f0
00f0
00f0
00f0
00f0
00f0
00f0
00f0
00f0
00f0
00f0
00f0
00f0
00f0
00f1
00f1
00f1
00f1
00f1
00f1
00f1
00f1
00f1
00f1
00f1
00f1
00f1
00f1
00f1
00f1
00f1
00f2
00f2
00f2
00f2
00f2
00f2
00f2
00f2
00f2
00f2
00f2
00f2
00f2
00f2
00f2
00f2
00f2
00f3
00f3
00f3
00f3
00f3
00f3
00f3
00f3
00f3
00f3
00f3
00f3
00f3
00f3
00f3
00f3
00f3
00f4
00f4
00f4
00f4
00f4
00f4
00f4
00f4
00f4
00f4
00f4
00f4
00f4
00f4
00f4
00f4
00f4
00f5
00f5
00f5
00f5
00f5
00f5
00f5
00f5
00f5
00f5
00f5
00f5
00f5
00f5
00f5
00f5
00f5
00f6
00f6
00f6
00f6
00f6
00f6
00f6
00f6
00f6
00f6
00f6
00f6
00f6
00f6
00f6
00f6
00f7
00f7
00f7
00f7
00f7
00f7
00f7
00f7
00f7
00f7
00f7
00f7
00f7
00f7
00f7
00f7
00f8
00f8
00f8
00f8
00f8
00f8
00f8
00f8
00f8
00f8
00f8
00f8
00f8
00f8
00f8
00f8
00f9
00f9
00f9
00f9
00f9
00f9
00f9
00f9
00f9
00f9
00f9
00f9
00f9
00f9
00f9
00f9
00fa
00fa
00fa
00fa
00fa
00fa
00fa
00fa
00fa
00fa
00fa
00fa
00fa
00fa
00fa
00fa
00fb
00fb
00fb
00fb
00fb
00fb
00fb
00fb
00fb
00fb
00fb
00fb
00fb
00fb
00fb
00fb
00fc
00fc
00fc
00fc
00fc
00fc
00fc
00fc
00fc
00fc
00fc
00fc
00fc
00fc
00fc
00fc
00fd
00fd
00fd
00fd
00fd
00fd
00fd
00fd
00fd
00fd
00fd
00fd
00fd
00fd
00fd
00fd
00fe
00fe
00fe
00fe
00fe
00fe
00fe
00fe
00fe
00fe
00fe
00fe
00fe
00fe
00fe
00fe
00ff
00ff
00ff
00ff
00ff
00ff
00ff
00ff
00ff
00ff
00ff
00ff
00ff
00ff
00ff
00ff
0100
0100
0100
0100
0100
0100
0100
0100
0100
0100
0100
0100
0100
0100
0100
0100
0101
0101
0101
0101
0101
0101
0101
0101
0101
0101
0101
0101
0101
0101
0101
0101
0102
0102
0102
0102
0102
0102
0102
0102
0102
0102
0102
0102
0102
0102
0102
0102
0103
0103
0103
0103
0103
0103
0103
0103
0103
0103
0103
0103
0103
0103
0103
0103
0104
0104
0104
0104
0104
0104
0104
0104
0104
0104
0104
0104
0104
0104
0104
0104
0105
0105
0105
0105
0105
0105
0105
0105
0105
0105
0105
0105
0105
0105
0105
0105
0106
0106
0106
0106
0106
0106
0106
0106
0106
0106
0106
0106
0106
0106
0106
0106
0107
0107
0107
0107
0107
0107
0107
0107
0107
0107
0107
0107
0107
0107
0107
0108
0108
0108
0108
0108
0108
0108
0108
0108
0108
0108
0108
0108
0108
0108
0109
0109
0109
0109
0109
0109
0109
0109
0109
0109
0109
0109
0109
0109
0109
010a
010a
010a
010a
010a
010a
010a
010a
010a
010a
010a
010a
010a
010a
010a
010b
010b
010b
010b
010b
010b
010b
010b
010b
010b
010b
010b
010b
010b
010b
010c
010c
010c
010c
010c
010c
010c
010c
010c
010c
010c
010c
010c
010c
010c
010d
010d
010d
010d
010d
010d
010d
010d
010d
010d
010d
010d
010d
010d
010d
010e
010e
010e
010e
010e
010e
010e
010e
010e
010e
010e
010e
010e
010e
010e
010f
010f
010f
010f
010f
010f
010f
010f
010f
010f
010f
010f
010f
010f
010f
010f
0110
0110
0110
0110
0110
0110
0110
0110
0110
0110
0110
0110
0110
0110
0110
0111
0111
0111
0111
0111
0111
0111
0111
0111
0111
0111
0111
0111
0111
0111
0112
0112
0112
0112
0112
0112
0112
0112
0112
0112
0112
0112
0112
0112
0112
0113
0113
0113
0113
0113
0113
0113
0113
0113
0113
0113
0113
0113
0113
0113
0114
0114
0114
0114
0114
0114
0114
0114
0114
0114
0114
0114
0114
0114
0114
0115
0115
0115
0115
0115
0115
0115
0115
0115
0115
0115
0115
0115
0115
0115
0116
0116
0116
0116
0116
0116
0116
0116
0116
0116
0116
0116
0116
0116
0116
0117
0117
0117
0117
0117
0117
0117
0117
0117
0117
0117
0117
0117
0117
0117
0118
0118
0118
0118
0118
0118
0118
0118
0118
0118
0118
0118
0118
0118
0119
0119
0119
0119
0119
0119
0119
0119
0119
0119
0119
0119
0119
0119
011a
011a
011a
011a
011a
011a
011a
011a
011a
011a
011a
011a
011a
011a
011b
011b
011b
011b
011b
011b
011b
011b
011b
011b
011b
011b
011b
011b
011c
011c
011c
011c
011c
011c
011c
011c
011c
011c
011c
011c
011c
011c
011c
011d
011d
011d
011d
011d
011d
011d
011d
011d
011d
011d
011d
011d
011d
011e
011e
011e
011e
011e
011e
011e
011e
011e
011e
011e
011e
011e
011e
011f
011f
011f
011f
011f
011f
011f
011f
011f
011f
011f
011f
011f
011f
0120
0120
0120
0120
0120
0120
0120
0120
0120
0120
0120
0120
0120
0120
0120
0121
0121
0121
0121
0121
0121
0121
0121
0121
0121
0121
0121
0121
0121
0122
0122
0122
0122
0122
0122
0122
0122
0122
0122
0122
0122
0122
0122
0123
0123
0123
0123
0123
0123
0123
0123
0123
0123
0123
0123
0123
0123
0124
0124
0124
0124
0124
0124
0124
0124
0124
0124
0124
0124
0124
0124
0125
0125
0125
0125
0125
0125
0125
0125
0125
0125
0125
0125
0125
0125
0125
0126
0126
0126
0126
0126
0126
0126
0126
0126
0126
0126
0126
0126
0126
0127
0127
0127
0127
0127
0127
0127
0127
0127
0127
0127
0127
0127
0127
0128
0128
0128
0128
0128
0128
0128
0128
0128
0128
0128
0128
0128
0128
0129
0129
0129
0129
0129
0129
0129
0129
0129
0129
0129
0129
0129
0129
012a
012a
012a
012a
012a
012a
012a
012a
012a
012a
012a
012a
012a
012a
012b
012b
012b
012b
012b
012b
012b
012b
012b
012b
012b
012b
012b
012c
012c
012c
012c
012c
012c
012c
012c
012c
012c
012c
012c
012c
012c
012d
012d
012d
012d
012d
012d
012d
012d
012d
012d
012d
012d
012d
012e
012e
012e
012e
012e
012e
012e
012e
012e
012e
012e
012e
012e
012e
012f
012f
012f
012f
012f
012f
012f
012f
012f
012f
012f
012f
012f
0130
0130
0130
0130
0130
0130
0130
0130
0130
0130
0130
0130
0130
0130
0131
0131
0131
0131
0131
0131
0131
0131
0131
0131
0131
0131
0131
0132
0132
0132
0132
0132
0132
0132
0132
0132
0132
0132
0132
0132
0133
0133
0133
0133
0133
0133
0133
0133
0133
0133
0133
0133
0133
0133
0134
0134
0134
0134
0134
0134
0134
0134
0134
0134
0134
0134
0134
0135
0135
0135
0135
0135
0135
0135
0135
0135
0135
0135
0135
0135
0135
0136
0136
0136
0136
0136
0136
0136
0136
0136
0136
0136
0136
0136
0137
0137
0137
0137
0137
0137
0137
0137
0137
0137
0137
0137
0137
0137
0138
0138
0138
0138
0138
0138
0138
0138
0138
0138
0138
0138
0138
0139
0139
0139
0139
0139
0139
0139
0139
0139
0139
0139
0139
0139
0139
013a
013a
013a
013a
013a
013a
013a
013a
013a
013a
013a
013a
013a
013b
013b
013b
013b
013b
013b
013b
013b
013b
013b
013b
013b
013b
013b
013c
013c
013c
013c
013c
013c
013c
013c
013c
013c
013c
013c
013c
013d
013d
013d
013d
013d
013d
013d
013d
013d
013d
013d
013d
013d
013e
013e
013e
013e
013e
013e
013e
013e
013e
013e
013e
013e
013f
013f
013f
013f
013f
013f
013f
013f
013f
013f
013f
013f
013f
0140
0140
0140
0140
0140
0140
0140
0140
0140
0140
0140
0140
0140
0141
0141
0141
0141
0141
0141
0141
0141
0141
0141
0141
0141
0141
0142
0142
0142
0142
0142
0142
0142
0142
0142
0142
0142
0142
0142
0143
0143
0143
0143
0143
0143
0143
0143
0143
0143
0143
0143
0144
0144
0144
0144
0144
0144
0144
0144
0144
0144
0144
0144
0144
0145
0145
0145
0145
0145
0145
0145
0145
0145
0145
0145
0145
0145
0146
0146
0146
0146
0146
0146
0146
0146
0146
0146
0146
0146
0146
0147
0147
0147
0147
0147
0147
0147
0147
0147
0147
0147
0147
0147
0148
0148
0148
0148
0148
0148
0148
0148
0148
0148
0148
0148
0149
0149
0149
0149
0149
0149
0149
0149
0149
0149
0149
0149
0149
014a
014a
014a
014a
014a
014a
014a
014a
014a
014a
014a
014a
014a
014b
014b
014b
014b
014b
014b
014b
014b
014b
014b
014b
014b
014b
014c
014c
014c
014c
014c
014c
014c
014c
014c
014c
014c
014c
014c
014d
014d
014d
014d
014d
014d
014d
014d
014d
014d
014d
014d
014e
014e
014e
014e
014e
014e
014e
014e
014e
014e
014e
014e
014e
014f
014f
014f
014f
014f
014f
014f
014f
014f
014f
014f
014f
014f
0150
0150
0150
0150
0150
0150
0150
0150
0150
0150
0150
0150
0151
0151
0151
0151
0151
0151
0151
0151
0151
0151
0151
0151
0152
0152
0152
0152
0152
0152
0152
0152
0152
0152
0152
0152
0153
0153
0153
0153
0153
0153
0153
0153
0153
0153
0153
0154
0154
0154
0154
0154
0154
0154
0154
0154
0154
0154
0154
0155
0155
0155
0155
0155
0155
0155
0155
0155
0155
0155
0156
0156
0156
0156
0156
0156
0156
0156
0156
0156
0156
0156
0157
0157
0157
0157
0157
0157
0157
0157
0157
0157
0157
0157
0158
0158
0158
0158
0158
0158
0158
0158
0158
0158
0158
0159
0159
0159
0159
0159
0159
0159
0159
0159
0159
0159
0159
015a
015a
015a
015a
015a
015a
015a
015a
015a
015a
015a
015a
015b
015b
015b
015b
015b
015b
015b
015b
015b
015b
015b
015c
015c
015c
015c
015c
015c
015c
015c
015c
015c
015c
015c
015d
015d
015d
015d
015d
015d
015d
015d
015d
015d
015d
015d
015e
015e
015e
015e
015e
015e
015e
015e
015e
015e
015e
015f
015f
015f
015f
015f
015f
015f
015f
015f
015f
015f
015f
0160
0160
0160
0160
0160
0160
0160
0160
0160
0160
0160
0161
0161
0161
0161
0161
0161
0161
0161
0161
0161
0161
0161
0162
0162
0162
0162
0162
0162
0162
0162
0162
0162
0162
0162
0163
0163
0163
0163
0163
0163
0163
0163
0163
0163
0163
0164
0164
0164
0164
0164
0164
0164
0164
0164
0164
0164
0164
0165
0165
0165
0165
0165
0165
0165
0165
0165
0165
0165
0165
0166
0166
0166
0166
0166
0166
0166
0166
0166
0166
0166
0167
0167
0167
0167
0167
0167
0167
0167
0167
0167
0167
0168
0168
0168
0168
0168
0168
0168
0168
0168
0168
0168
0169
0169
0169
0169
0169
0169
0169
0169
0169
0169
0169
016a
016a
016a
016a
016a
016a
016a
016a
016a
016a
016a
016a
016b
016b
016b
016b
016b
016b
016b
016b
016b
016b
016b
016c
016c
016c
016c
016c
016c
016c
016c
016c
016c
016c
016d
016d
016d
016d
016d
016d
016d
016d
016d
016d
016d
016e
016e
016e
016e
016e
016e
016e
016e
016e
016e
016e
016f
016f
016f
016f
016f
016f
016f
016f
016f
016f
016f
0170
0170
0170
0170
0170
0170
0170
0170
0170
0170
0170
0171
0171
0171
0171
0171
0171
0171
0171
0171
0171
0171
0172
0172
0172
0172
0172
0172
0172
0172
0172
0172
0172
0172
0173
0173
0173
0173
0173
0173
0173
0173
0173
0173
0173
0174
0174
0174
0174
0174
0174
0174
0174
0174
0174
0174
0175
0175
0175
0175
0175
0175
0175
0175
0175
0175
0175
0176
0176
0176
0176
0176
0176
0176
0176
0176
0176
0176
0177
0177
0177
0177
0177
0177
0177
0177
0177
0177
0177
0178
0178
0178
0178
0178
0178
0178
0178
0178
0178
0178
0179
0179
0179
0179
0179
0179
0179
0179
0179
0179
0179
0179
017a
017a
017a
017a
017a
017a
017a
017a
017a
017a
017a
017b
017b
017b
017b
017b
017b
017b
017b
017b
017b
017b
017c
017c
017c
017c
017c
017c
017c
017c
017c
017c
017c
017d
017d
017d
017d
017d
017d
017d
017d
017d
017d
017d
017e
017e
017e
017e
017e
017e
017e
017e
017e
017e
017f
017f
017f
017f
017f
017f
017f
017f
017f
017f
0180
0180
0180
0180
0180
0180
0180
0180
0180
0180
0181
0181
0181
0181
0181
0181
0181
0181
0181
0181
0181
0182
0182
0182
0182
0182
0182
0182
0182
0182
0182
0183
0183
0183
0183
0183
0183
0183
0183
0183
0183
0184
0184
0184
0184
0184
0184
0184
0184
0184
0184
0185
0185
0185
0185
0185
0185
0185
0185
0185
0185
0185
0186
0186
0186
0186
0186
0186
0186
0186
0186
0186
0187
0187
0187
0187
0187
0187
0187
0187
0187
0187
0188
0188
0188
0188
0188
0188
0188
0188
0188
0188
0189
0189
0189
0189
0189
0189
0189
0189
0189
0189
018a
018a
018a
018a
018a
018a
018a
018a
018a
018a
018a
018b
018b
018b
018b
018b
018b
018b
018b
018b
018b
018c
018c
018c
018c
018c
018c
018c
018c
018c
018c
018d
018d
018d
018d
018d
018d
018d
018d
018d
018d
018e
018e
018e
018e
018e
018e
018e
018e
018e
018e
018e
018f
018f
018f
018f
018f
018f
018f
018f
018f
018f
0190
0190
0190
0190
0190
0190
0190
0190
0190
0190
0191
0191
0191
0191
0191
0191
0191
0191
0191
0191
0192
0192
0192
0192
0192
0192
0192
0192
0192
0192
0192
0193
0193
0193
0193
0193
0193
0193
0193
0193
0193
0194
0194
0194
0194
0194
0194
0194
0194
0194
0194
0195
0195
0195
0195
0195
0195
0195
0195
0195
0195
0196
0196
0196
0196
0196
0196
0196
0196
0196
0196
0197
0197
0197
0197
0197
0197
0197
0197
0197
0197
0198
0198
0198
0198
0198
0198
0198
0198
0198
0198
0199
0199
0199
0199
0199
0199
0199
0199
0199
0199
019a
019a
019a
019a
019a
019a
019a
019a
019a
019a
019b
019b
019b
019b
019b
019b
019b
019b
019b
019b
019c
019c
019c
019c
019c
019c
019c
019c
019c
019d
019d
019d
019d
019d
019d
019d
019d
019d
019d
019e
019e
019e
019e
019e
019e
019e
019e
019e
019e
019f
019f
019f
019f
019f
019f
019f
019f
019f
019f
01a0
01a0
01a0
01a0
01a0
01a0
01a0
01a0
01a0
01a0
01a1
01a1
01a1
01a1
01a1
01a1
01a1
01a1
01a1
01a1
01a2
01a2
01a2
01a2
01a2
01a2
01a2
01a2
01a2
01a2
01a3
01a3
01a3
01a3
01a3
01a3
01a3
01a3
01a3
01a4
01a4
01a4
01a4
01a4
01a4
01a4
01a4
01a4
01a4
01a5
01a5
01a5
01a5
01a5
01a5
01a5
01a5
01a5
01a5
01a6
01a6
01a6
01a6
01a6
01a6
01a6
01a6
01a6
01a6
01a7
01a7
01a7
01a7
01a7
01a7
01a7
01a7
01a7
01a7
01a8
01a8
01a8
01a8
01a8
01a8
01a8
01a8
01a8
01a8
01a9
01a9
01a9
01a9
01a9
01a9
01a9
01a9
01a9
01aa
01aa
01aa
01aa
01aa
01aa
01aa
01aa
01aa
01aa
01ab
01ab
01ab
01ab
01ab
01ab
01ab
01ab
01ab
01ab
01ac
01ac
01ac
01ac
01ac
01ac
01ac
01ac
01ac
01ac
01ad
01ad
01ad
01ad
01ad
01ad
01ad
01ad
01ad
01ad
01ae
01ae
01ae
01ae
01ae
01ae
01ae
01ae
01ae
01ae
01af
01af
01af
01af
01af
01af
01af
01af
01af
01af
01b0
01b0
01b0
01b0
01b0
01b0
01b0
01b0
01b0
01b1
01b1
01b1
01b1
01b1
01b1
01b1
01b1
01b1
01b2
01b2
01b2
01b2
01b2
01b2
01b2
01b2
01b2
01b3
01b3
01b3
01b3
01b3
01b3
01b3
01b3
01b3
01b4
01b4
01b4
01b4
01b4
01b4
01b4
01b4
01b4
01b4
01b5
01b5
01b5
01b5
01b5
01b5
01b5
01b5
01b5
01b6
01b6
01b6
01b6
01b6
01b6
01b6
01b6
01b6
01b7
01b7
01b7
01b7
01b7
01b7
01b7
01b7
01b7
01b8
01b8
01b8
01b8
01b8
01b8
01b8
01b8
01b8
01b9
01b9
01b9
01b9
01b9
01b9
01b9
01b9
01b9
01ba
01ba
01ba
01ba
01ba
01ba
01ba
01ba
01ba
01bb
01bb
01bb
01bb
01bb
01bb
01bb
01bb
01bb
01bb
01bc
01bc
01bc
01bc
01bc
01bc
01bc
01bc
01bc
01bd
01bd
01bd
01bd
01bd
01bd
01bd
01bd
01bd
01be
01be
01be
01be
01be
01be
01be
01be
01be
01bf
01bf
01bf
01bf
01bf
01bf
01bf
01bf
01bf
01c0
01c0
01c0
01c0
01c0
01c0
01c0
01c0
01c0
01c1
01c1
01c1
01c1
01c1
01c1
01c1
01c1
01c1
01c2
01c2
01c2
01c2
01c2
01c2
01c2
01c2
01c2
01c2
01c3
01c3
01c3
01c3
01c3
01c3
01c3
01c3
01c3
01c4
01c4
01c4
01c4
01c4
01c4
01c4
01c4
01c4
01c5
01c5
01c5
01c5
01c5
01c5
01c5
01c5
01c5
01c6
01c6
01c6
01c6
01c6
01c6
01c6
01c6
01c6
01c7
01c7
01c7
01c7
01c7
01c7
01c7
01c7
01c7
01c8
01c8
01c8
01c8
01c8
01c8
01c8
01c8
01c8
01c9
01c9
01c9
01c9
01c9
01c9
01c9
01c9
01c9
01c9
01ca
01ca
01ca
01ca
01ca
01ca
01ca
01ca
01ca
01cb
01cb
01cb
01cb
01cb
01cb
01cb
01cb
01cb
01cc
01cc
01cc
01cc
01cc
01cc
01cc
01cc
01cc
01cd
01cd
01cd
01cd
01cd
01cd
01cd
01cd
01cd
01ce
01ce
01ce
01ce
01ce
01ce
01ce
01ce
01ce
01cf
01cf
01cf
01cf
01cf
01cf
01cf
01cf
01d0
01d0
01d0
01d0
01d0
01d0
01d0
01d0
01d0
01d1
01d1
01d1
01d1
01d1
01d1
01d1
01d1
01d1
01d2
01d2
01d2
01d2
01d2
01d2
01d2
01d2
01d2
01d3
01d3
01d3
01d3
01d3
01d3
01d3
01d3
01d3
01d4
01d4
01d4
01d4
01d4
01d4
01d4
01d4
01d4
01d5
01d5
01d5
01d5
01d5
01d5
01d5
01d5
01d6
01d6
01d6
01d6
01d6
01d6
01d6
01d6
01d6
01d7
01d7
01d7
01d7
01d7
01d7
01d7
01d7
01d7
01d8
01d8
01d8
01d8
01d8
01d8
01d8
01d8
01d8
01d9
01d9
01d9
01d9
01d9
01d9
01d9
01d9
01d9
01da
01da
01da
01da
01da
01da
01da
01da
01db
01db
01db
01db
01db
01db
01db
01db
01db
01dc
01dc
01dc
01dc
01dc
01dc
01dc
01dc
01dc
01dd
01dd
01dd
01dd
01dd
01dd
01dd
01dd
01dd
01de
01de
01de
01de
01de
01de
01de
01de
01de
01df
01df
01df
01df
01df
01df
01df
01df
01df
01e0
01e0
01e0
01e0
01e0
01e0
01e0
01e0
01e1
01e1
01e1
01e1
01e1
01e1
01e1
01e1
01e1
01e2
01e2
01e2
01e2
01e2
01e2
01e2
01e2
01e2
01e3
01e3
01e3
01e3
01e3
01e3
01e3
01e3
01e3
01e4
01e4
01e4
01e4
01e4
01e4
01e4
01e4
01e4
01e5
01e5
01e5
01e5
01e5
01e5
01e5
01e5
01e5
01e6
01e6
01e6
01e6
01e6
01e6
01e6
01e6
01e7
01e7
01e7
01e7
01e7
01e7
01e7
01e7
01e7
01e8
01e8
01e8
01e8
01e8
01e8
01e8
01e8
01e8
01e9
01e9
01e9
01e9
01e9
01e9
01e9
01e9
01ea
01ea
01ea
01ea
01ea
01ea
01ea
01ea
01eb
01eb
01eb
01eb
01eb
01eb
01eb
01eb
01ec
01ec
01ec
01ec
01ec
01ec
01ec
01ec
01ed
01ed
01ed
01ed
01ed
01ed
01ed
01ed
01ee
01ee
01ee
01ee
01ee
01ee
01ee
01ee
01ef
01ef
01ef
01ef
01ef
01ef
01ef
01ef
01f0
01f0
01f0
01f0
01f0
01f0
01f0
01f0
01f1
01f1
01f1
01f1
01f1
01f1
01f1
01f1
01f2
01f2
01f2
01f2
01f2
01f2
01f2
01f2
01f3
01f3
01f3
01f3
01f3
01f3
01f3
01f3
01f4
01f4
01f4
01f4
01f4
01f4
01f4
01f4
01f5
01f5
01f5
01f5
01f5
01f5
01f5
01f5
01f6
01f6
01f6
01f6
01f6
01f6
01f6
01f6
01f7
01f7
01f7
01f7
01f7
01f7
01f7
01f7
01f8
01f8
01f8
01f8
01f8
01f8
01f8
01f8
01f9
01f9
01f9
01f9
01f9
01f9
01f9
01f9
01fa
01fa
01fa
01fa
01fa
01fa
01fa
01fa
01fb
01fb
01fb
01fb
01fb
01fb
01fb
01fb
01fc
01fc
01fc
01fc
01fc
01fc
01fc
01fc
01fd
01fd
01fd
01fd
01fd
01fd
01fd
01fd
01fe
01fe
01fe
01fe
01fe
01fe
01fe
01fe
01ff
01ff
01ff
01ff
01ff
01ff
01ff
01ff
0200
0200
0200
0200
0200
0200
0200
0200
0201
0201
0201
0201
0201
0201
0201
0201
0202
0202
0202
0202
0202
0202
0202
0202
0203
0203
0203
0203
0203
0203
0203
0203
0204
0204
0204
0204
0204
0204
0204
0204
0205
0205
0205
0205
0205
0205
0205
0205
0206
0206
0206
0206
0206
0206
0206
0206
0207
0207
0207
0207
0207
0207
0207
0207
0208
0208
0208
0208
0208
0208
0208
0208
0209
0209
0209
0209
0209
0209
0209
0209
020a
020a
020a
020a
020a
020a
020a
020a
020b
020b
020b
020b
020b
020b
020b
020b
020c
020c
020c
020c
020c
020c
020c
020c
020d
020d
020d
020d
020d
020d
020d
020e
020e
020e
020e
020e
020e
020e
020e
020f
020f
020f
020f
020f
020f
020f
020f
0210
0210
0210
0210
0210
0210
0210
0210
0211
0211
0211
0211
0211
0211
0211
0212
0212
0212
0212
0212
0212
0212
0212
0213
0213
0213
0213
0213
0213
0213
0213
0214
0214
0214
0214
0214
0214
0214
0214
0215
0215
0215
0215
0215
0215
0215
0216
0216
0216
0216
0216
0216
0216
0216
0217
0217
0217
0217
0217
0217
0217
0217
0218
0218
0218
0218
0218
0218
0218
0218
0219
0219
0219
0219
0219
0219
0219
021a
021a
021a
021a
021a
021a
021a
021a
021b
021b
021b
021b
021b
021b
021b
021b
021c
021c
021c
021c
021c
021c
021c
021c
021d
021d
021d
021d
021d
021d
021d
021d
021e
021e
021e
021e
021e
021e
021e
021f
021f
021f
021f
021f
021f
021f
021f
0220
0220
0220
0220
0220
0220
0220
0220
0221
0221
0221
0221
0221
0221
0221
0221
0222
0222
0222
0222
0222
0222
0222
0223
0223
0223
0223
0223
0223
0223
0223
0224
0224
0224
0224
0224
0224
0224
0224
0225
0225
0225
0225
0225
0225
0225
0225
0226
0226
0226
0226
0226
0226
0226
0227
0227
0227
0227
0227
0227
0227
0227
0228
0228
0228
0228
0228
0228
0228
0228
0229
0229
0229
0229
0229
0229
0229
0229
022a
022a
022a
022a
022a
022a
022a
022b
022b
022b
022b
022b
022b
022b
022c
022c
022c
022c
022c
022c
022c
022d
022d
022d
022d
022d
022d
022d
022e
022e
022e
022e
022e
022e
022e
022f
022f
022f
022f
022f
022f
022f
022f
0230
0230
0230
0230
0230
0230
0230
0231
0231
0231
0231
0231
0231
0231
0232
0232
0232
0232
0232
0232
0232
0233
0233
0233
0233
0233
0233
0233
0234
0234
0234
0234
0234
0234
0234
0235
0235
0235
0235
0235
0235
0235
0236
0236
0236
0236
0236
0236
0236
0237
0237
0237
0237
0237
0237
0237
0238
0238
0238
0238
0238
0238
0238
0238
0239
0239
0239
0239
0239
0239
0239
023a
023a
023a
023a
023a
023a
023a
023b
023b
023b
023b
023b
023b
023b
023c
023c
023c
023c
023c
023c
023c
023d
023d
023d
023d
023d
023d
023d
023e
023e
023e
023e
023e
023e
023e
023f
023f
023f
023f
023f
023f
023f
0240
0240
0240
0240
0240
0240
0240
0241
0241
0241
0241
0241
0241
0241
0241
0242
0242
0242
0242
0242
0242
0242
0243
0243
0243
0243
0243
0243
0243
0244
0244
0244
0244
0244
0244
0244
0245
0245
0245
0245
0245
0245
0245
0246
0246
0246
0246
0246
0246
0246
0247
0247
0247
0247
0247
0247
0247
0248
0248
0248
0248
0248
0248
0248
0249
0249
0249
0249
0249
0249
0249
024a
024a
024a
024a
024a
024a
024a
024a
024b
024b
024b
024b
024b
024b
024b
024c
024c
024c
024c
024c
024c
024c
024d
024d
024d
024d
024d
024d
024d
024e
024e
024e
024e
024e
024e
024e
024f
024f
024f
024f
024f
024f
024f
0250
0250
0250
0250
0250
0250
0251
0251
0251
0251
0251
0251
0251
0252
0252
0252
0252
0252
0252
0252
0253
0253
0253
0253
0253
0253
0253
0254
0254
0254
0254
0254
0254
0255
0255
0255
0255
0255
0255
0255
0256
0256
0256
0256
0256
0256
0256
0257
0257
0257
0257
0257
0257
0258
0258
0258
0258
0258
0258
0258
0259
0259
0259
0259
0259
0259
0259
025a
025a
025a
025a
025a
025a
025a
025b
025b
025b
025b
025b
025b
025c
025c
025c
025c
025c
025c
025c
025d
025d
025d
025d
025d
025d
025d
025e
025e
025e
025e
025e
025e
025e
025f
025f
025f
025f
025f
025f
0260
0260
0260
0260
0260
0260
0260
0261
0261
0261
0261
0261
0261
0261
0262
0262
0262
0262
0262
0262
0262
0263
0263
0263
0263
0263
0263
0264
0264
0264
0264
0264
0264
0264
0265
0265
0265
0265
0265
0265
0265
0266
0266
0266
0266
0266
0266
0266
0267
0267
0267
0267
0267
0267
0268
0268
0268
0268
0268
0268
0268
0269
0269
0269
0269
0269
0269
0269
026a
026a
026a
026a
026a
026a
026b
026b
026b
026b
026b
026b
026b
026c
026c
026c
026c
026c
026c
026c
026d
026d
026d
026d
026d
026d
026d
026e
026e
026e
026e
026e
026e
026f
026f
026f
026f
026f
026f
026f
0270
0270
0270
0270
0270
0270
0270
0271
0271
0271
0271
0271
0271
0271
0272
0272
0272
0272
0272
0272
0273
0273
0273
0273
0273
0273
0273
0274
0274
0274
0274
0274
0274
0274
0275
0275
0275
0275
0275
0275
0276
0276
0276
0276
0276
0276
0277
0277
0277
0277
0277
0277
0278
0278
0278
0278
0278
0278
0278
0279
0279
0279
0279
0279
0279
027a
027a
027a
027a
027a
027a
027b
027b
027b
027b
027b
027b
027c
027c
027c
027c
027c
027c
027c
027d
027d
027d
027d
027d
027d
027e
027e
027e
027e
027e
027e
027f
027f
027f
027f
027f
027f
0280
0280
0280
0280
0280
0280
0280
0281
0281
0281
0281
0281
0281
0282
0282
0282
0282
0282
0282
0283
0283
0283
0283
0283
0283
0284
0284
0284
0284
0284
0284
0284
0285
0285
0285
0285
0285
0285
0286
0286
0286
0286
0286
0286
0287
0287
0287
0287
0287
0287
0288
0288
0288
0288
0288
0288
0289
0289
0289
0289
0289
0289
0289
028a
028a
028a
028a
028a
028a
028b
028b
028b
028b
028b
028b
028c
028c
028c
028c
028c
028c
028d
028d
028d
028d
028d
028d
028d
028e
028e
028e
028e
028e
028e
028f
028f
028f
028f
028f
028f
0290
0290
0290
0290
0290
0290
0291
0291
0291
0291
0291
0291
0291
0292
0292
0292
0292
0292
0292
0293
0293
0293
0293
0293
0293
0294
0294
0294
0294
0294
0294
0295
0295
0295
0295
0295
0295
0295
0296
0296
0296
0296
0296
0296
0297
0297
0297
0297
0297
0297
0298
0298
0298
0298
0298
0298
0299
0299
0299
0299
0299
0299
0299
029a
029a
029a
029a
029a
029a
029b
029b
029b
029b
029b
029b
029c
029c
029c
029c
029c
029c
029d
029d
029d
029d
029d
029d
029e
029e
029e
029e
029e
029e
029f
029f
029f
029f
029f
029f
02a0
02a0
02a0
02a0
02a0
02a0
02a1
02a1
02a1
02a1
02a1
02a1
02a2
02a2
02a2
02a2
02a2
02a2
02a3
02a3
02a3
02a3
02a3
02a3
02a4
02a4
02a4
02a4
02a4
02a4
02a5
02a5
02a5
02a5
02a5
02a5
02a6
02a6
02a6
02a6
02a6
02a6
02a7
02a7
02a7
02a7
02a7
02a7
02a8
02a8
02a8
02a8
02a8
02a8
02a9
02a9
02a9
02a9
02a9
02a9
02aa
02aa
02aa
02aa
02aa
02aa
02ab
02ab
02ab
02ab
02ab
02ab
02ac
02ac
02ac
02ac
02ac
02ac
02ad
02ad
02ad
02ad
02ad
02ad
02ae
02ae
02ae
02ae
02ae
02ae
02af
02af
02af
02af
02af
02af
02b0
02b0
02b0
02b0
02b0
02b0
02b1
02b1
02b1
02b1
02b1
02b1
02b2
02b2
02b2
02b2
02b2
02b3
02b3
02b3
02b3
02b3
02b3
02b4
02b4
02b4
02b4
02b4
02b4
02b5
02b5
02b5
02b5
02b5
02b5
02b6
02b6
02b6
02b6
02b6
02b6
02b7
02b7
02b7
02b7
02b7
02b7
02b8
02b8
02b8
02b8
02b8
02b8
02b9
02b9
02b9
02b9
02b9
02b9
02ba
02ba
02ba
02ba
02ba
02ba
02bb
02bb
02bb
02bb
02bb
02bb
02bc
02bc
02bc
02bc
02bc
02bc
02bd
02bd
02bd
02bd
02bd
02bd
02be
02be
02be
02be
02be
02be
02bf
02bf
02bf
02bf
02bf
02bf
02c0
02c0
02c0
02c0
02c0
02c0
02c1
02c1
02c1
02c1
02c1
02c1
02c2
02c2
02c2
02c2
02c2
02c2
02c3
02c3
02c3
02c3
02c3
02c3
02c4
02c4
02c4
02c4
02c4
02c4
02c5
02c5
02c5
02c5
02c5
02c5
02c6
02c6
02c6
02c6
02c6
02c6
02c7
02c7
02c7
02c7
02c7
02c7
02c8
02c8
02c8
02c8
02c8
02c9
02c9
02c9
02c9
02c9
02c9
02ca
02ca
02ca
02ca
02ca
02cb
02cb
02cb
02cb
02cb
02cb
02cc
02cc
02cc
02cc
02cc
02cc
02cd
02cd
02cd
02cd
02cd
02ce
02ce
02ce
02ce
02ce
02ce
02cf
02cf
02cf
02cf
02cf
02d0
02d0
02d0
02d0
02d0
02d0
02d1
02d1
02d1
02d1
02d1
02d2
02d2
02d2
02d2
02d2
02d2
02d3
02d3
02d3
02d3
02d3
02d4
02d4
02d4
02d4
02d4
02d4
02d5
02d5
02d5
02d5
02d5
02d5
02d6
02d6
02d6
02d6
02d6
02d7
02d7
02d7
02d7
02d7
02d7
02d8
02d8
02d8
02d8
02d8
02d9
02d9
02d9
02d9
02d9
02d9
02da
02da
02da
02da
02da
02db
02db
02db
02db
02db
02db
02dc
02dc
02dc
02dc
02dc
02dc
02dd
02dd
02dd
02dd
02dd
02de
02de
02de
02de
02de
02de
02df
02df
02df
02df
02df
02e0
02e0
02e0
02e0
02e0
02e0
02e1
02e1
02e1
02e1
02e1
02e2
02e2
02e2
02e2
02e2
02e2
02e3
02e3
02e3
02e3
02e3
02e3
02e4
02e4
02e4
02e4
02e4
02e5
02e5
02e5
02e5
02e5
02e5
02e6
02e6
02e6
02e6
02e6
02e7
02e7
02e7
02e7
02e7
02e7
02e8
02e8
02e8
02e8
02e8
02e9
02e9
02e9
02e9
02e9
02e9
02ea
02ea
02ea
02ea
02ea
02eb
02eb
02eb
02eb
02eb
02eb
02ec
02ec
02ec
02ec
02ec
02ec
02ed
02ed
02ed
02ed
02ed
02ee
02ee
02ee
02ee
02ee
02ee
02ef
02ef
02ef
02ef
02ef
02f0
02f0
02f0
02f0
02f0
02f0
02f1
02f1
02f1
02f1
02f1
02f2
02f2
02f2
02f2
02f2
02f2
02f3
02f3
02f3
02f3
02f3
02f3
02f4
02f4
02f4
02f4
02f4
02f5
02f5
02f5
02f5
02f5
02f5
02f6
02f6
02f6
02f6
02f6
02f7
02f7
02f7
02f7
02f7
02f8
02f8
02f8
02f8
02f8
02f8
02f9
02f9
02f9
02f9
02f9
02fa
02fa
02fa
02fa
02fa
02fb
02fb
02fb
02fb
02fb
02fc
02fc
02fc
02fc
02fc
02fd
02fd
02fd
02fd
02fd
02fd
02fe
02fe
02fe
02fe
02fe
02ff
02ff
02ff
02ff
02ff
0300
0300
0300
0300
0300
0301
0301
0301
0301
0301
0301
0302
0302
0302
0302
0302
0303
0303
0303
0303
0303
0304
0304
0304
0304
0304
0305
0305
0305
0305
0305
0306
0306
0306
0306
0306
0306
0307
0307
0307
0307
0307
0308
0308
0308
0308
0308
0309
0309
0309
0309
0309
030a
030a
030a
030a
030a
030a
030b
030b
030b
030b
030b
030c
030c
030c
030c
030c
030d
030d
030d
030d
030d
030e
030e
030e
030e
030e
030f
030f
030f
030f
030f
030f
0310
0310
0310
0310
0310
0311
0311
0311
0311
0311
0312
0312
0312
0312
0312
0313
0313
0313
0313
0313
0313
0314
0314
0314
0314
0314
0315
0315
0315
0315
0315
0316
0316
0316
0316
0316
0317
0317
0317
0317
0317
0317
0318
0318
0318
0318
0318
0319
0319
0319
0319
0319
031a
031a
031a
031a
031a
031b
031b
031b
031b
031b
031c
031c
031c
031c
031c
031c
031d
031d
031d
031d
031d
031e
031e
031e
031e
031e
031f
031f
031f
031f
031f
0320
0320
0320
0320
0320
0320
0321
0321
0321
0321
0321
0322
0322
0322
0322
0322
0323
0323
0323
0323
0323
0324
0324
0324
0324
0324
0325
0325
0325
0325
0325
0325
0326
0326
0326
0326
0326
0327
0327
0327
0327
0327
0328
0328
0328
0328
0328
0329
0329
0329
0329
0329
032a
032a
032a
032a
032a
032b
032b
032b
032b
032b
032c
032c
032c
032c
032c
032d
032d
032d
032d
032e
032e
032e
032e
032e
032f
032f
032f
032f
032f
0330
0330
0330
0330
0330
0331
0331
0331
0331
0331
0332
0332
0332
0332
0332
0333
0333
0333
0333
0333
0334
0334
0334
0334
0334
0335
0335
0335
0335
0335
0336
0336
0336
0336
0336
0337
0337
0337
0337
0337
0338
0338
0338
0338
0338
0339
0339
0339
0339
0339
033a
033a
033a
033a
033b
033b
033b
033b
033b
033c
033c
033c
033c
033c
033d
033d
033d
033d
033d
033e
033e
033e
033e
033e
033f
033f
033f
033f
033f
0340
0340
0340
0340
0340
0341
0341
0341
0341
0341
0342
0342
0342
0342
0342
0343
0343
0343
0343
0343
0344
0344
0344
0344
0344
0345
0345
0345
0345
0345
0346
0346
0346
0346
0346
0347
0347
0347
0347
0348
0348
0348
0348
0348
0349
0349
0349
0349
0349
034a
034a
034a
034a
034a
034b
034b
034b
034b
034b
034c
034c
034c
034c
034c
034d
034d
034d
034d
034d
034e
034e
034e
034e
034e
034f
034f
034f
034f
034f
0350
0350
0350
0350
0350
0351
0351
0351
0351
0351
0352
0352
0352
0352
0352
0353
0353
0353
0353
0353
0354
0354
0354
0354
0355
0355
0355
0355
0355
0356
0356
0356
0356
0356
0357
0357
0357
0357
0357
0358
0358
0358
0358
0358
0359
0359
0359
0359
0359
035a
035a
035a
035a
035a
035b
035b
035b
035b
035b
035c
035c
035c
035c
035d
035d
035d
035d
035d
035e
035e
035e
035e
035e
035f
035f
035f
035f
0360
0360
0360
0360
0360
0361
0361
0361
0361
0361
0362
0362
0362
0362
0363
0363
0363
0363
0363
0364
0364
0364
0364
0364
0365
0365
0365
0365
0366
0366
0366
0366
0366
0367
0367
0367
0367
0367
0368
0368
0368
0368
0369
0369
0369
0369
0369
036a
036a
036a
036a
036a
036b
036b
036b
036b
036c
036c
036c
036c
036c
036d
036d
036d
036d
036d
036e
036e
036e
036e
036f
036f
036f
036f
036f
0370
0370
0370
0370
0370
0371
0371
0371
0371
0372
0372
0372
0372
0372
0373
0373
0373
0373
0373
0374
0374
0374
0374
0375
0375
0375
0375
0375
0376
0376
0376
0376
0377
0377
0377
0377
0377
0378
0378
0378
0378
0378
0379
0379
0379
0379
037a
037a
037a
037a
037a
037b
037b
037b
037b
037b
037c
037c
037c
037c
037d
037d
037d
037d
037d
037e
037e
037e
037e
037e
037f
037f
037f
037f
0380
0380
0380
0380
0380
0381
0381
0381
0381
0381
0382
0382
0382
0382
0383
0383
0383
0383
0383
0384
0384
0384
0384
0384
0385
0385
0385
0385
0386
0386
0386
0386
0386
0387
0387
0387
0387
0387
0388
0388
0388
0388
0389
0389
0389
0389
0389
038a
038a
038a
038a
038a
038b
038b
038b
038b
038c
038c
038c
038c
038c
038d
038d
038d
038d
038d
038e
038e
038e
038e
038f
038f
038f
038f
038f
0390
0390
0390
0390
0390
0391
0391
0391
0391
0392
0392
0392
0392
0392
0393
0393
0393
0393
0394
0394
0394
0394
0395
0395
0395
0395
0395
0396
0396
0396
0396
0397
0397
0397
0397
0398
0398
0398
0398
0398
0399
0399
0399
0399
039a
039a
039a
039a
039b
039b
039b
039b
039b
039c
039c
039c
039c
039d
039d
039d
039d
039e
039e
039e
039e
039e
039f
039f
039f
039f
03a0
03a0
03a0
03a0
03a1
03a1
03a1
03a1
03a1
03a2
03a2
03a2
03a2
03a3
03a3
03a3
03a3
03a4
03a4
03a4
03a4
03a4
03a5
03a5
03a5
03a5
03a6
03a6
03a6
03a6
03a7
03a7
03a7
03a7
03a7
03a8
03a8
03a8
03a8
03a9
03a9
03a9
03a9
03aa
03aa
03aa
03aa
03aa
03ab
03ab
03ab
03ab
03ac
03ac
03ac
03ac
03ad
03ad
03ad
03ad
03ad
03ae
03ae
03ae
03ae
03af
03af
03af
03af
03b0
03b0
03b0
03b0
03b0
03b1
03b1
03b1
03b1
03b2
03b2
03b2
03b2
03b2
03b3
03b3
03b3
03b3
03b4
03b4
03b4
03b4
03b5
03b5
03b5
03b5
03b5
03b6
03b6
03b6
03b6
03b7
03b7
03b7
03b7
03b8
03b8
03b8
03b8
03b8
03b9
03b9
03b9
03b9
03ba
03ba
03ba
03ba
03bb
03bb
03bb
03bb
03bb
03bc
03bc
03bc
03bc
03bd
03bd
03bd
03bd
03be
03be
03be
03be
03be
03bf
03bf
03bf
03bf
03c0
03c0
03c0
03c0
03c1
03c1
03c1
03c1
03c1
03c2
03c2
03c2
03c2
03c3
03c3
03c3
03c3
03c4
03c4
03c4
03c4
03c4
03c5
03c5
03c5
03c5
03c6
03c6
03c6
03c6
03c7
03c7
03c7
03c7
03c7
03c8
03c8
03c8
03c8
03c9
03c9
03c9
03c9
03ca
03ca
03ca
03ca
03ca
03cb
03cb
03cb
03cb
03cc
03cc
03cc
03cc
03cd
03cd
03cd
03cd
03cd
03ce
03ce
03ce
03ce
03cf
03cf
03cf
03cf
03d0
03d0
03d0
03d0
03d1
03d1
03d1
03d1
03d2
03d2
03d2
03d2
03d3
03d3
03d3
03d3
03d4
03d4
03d4
03d4
03d5
03d5
03d5
03d5
03d6
03d6
03d6
03d6
03d7
03d7
03d7
03d7
03d8
03d8
03d8
03d8
03d9
03d9
03d9
03d9
03da
03da
03da
03da
03db
03db
03db
03db
03dc
03dc
03dc
03dc
03dd
03dd
03dd
03dd
03dd
03de
03de
03de
03de
03df
03df
03df
03df
03e0
03e0
03e0
03e0
03e1
03e1
03e1
03e1
03e2
03e2
03e2
03e2
03e3
03e3
03e3
03e3
03e4
03e4
03e4
03e4
03e5
03e5
03e5
03e5
03e6
03e6
03e6
03e6
03e7
03e7
03e7
03e7
03e8
03e8
03e8
03e8
03e9
03e9
03e9
03e9
03ea
03ea
03ea
03ea
03eb
03eb
03eb
03eb
03ec
03ec
03ec
03ec
03ed
03ed
03ed
03ed
03ed
03ee
03ee
03ee
03ee
03ef
03ef
03ef
03ef
03f0
03f0
03f0
03f0
03f1
03f1
03f1
03f1
03f2
03f2
03f2
03f2
03f3
03f3
03f3
03f3
03f4
03f4
03f4
03f4
03f5
03f5
03f5
03f5
03f6
03f6
03f6
03f6
03f7
03f7
03f7
03f7
03f8
03f8
03f8
03f8
03f9
03f9
03f9
03f9
03fa
03fa
03fa
03fa
03fb
03fb
03fb
03fb
03fc
03fc
03fc
03fc
03fc
03fd
03fd
03fd
03fd
03fe
03fe
03fe
03fe
03ff
03ff
03ff
03ff
0400
0400
0400
0400
0401
0401
0401
0401
0402
0402
0402
0402
0403
0403
0403
0403
0404
0404
0404
0404
0405
0405
0405
0405
0406
0406
0406
0406
0407
0407
0407
0407
0408
0408
0408
0408
0409
0409
0409
0409
040a
040a
040a
040a
040b
040b
040b
040b
040c
040c
040c
040c
040d
040d
040d
040d
040e
040e
040e
040e
040f
040f
040f
040f
0410
0410
0410
0410
0411
0411
0411
0411
0412
0412
0412
0412
0413
0413
0413
0413
0414
0414
0414
0415
0415
0415
0415
0416
0416
0416
0416
0417
0417
0417
0417
0418
0418
0418
0418
0419
0419
0419
0419
041a
041a
041a
041a
041b
041b
041b
041b
041c
041c
041c
041d
041d
041d
041d
041e
041e
041e
041e
041f
041f
041f
041f
0420
0420
0420
0420
0421
0421
0421
0421
0422
0422
0422
0422
0423
0423
0423
0423
0424
0424
0424
0424
0425
0425
0425
0426
0426
0426
0426
0427
0427
0427
0427
0428
0428
0428
0428
0429
0429
0429
0429
042a
042a
042a
042a
042b
042b
042b
042b
042c
042c
042c
042c
042d
042d
042d
042e
042e
042e
042e
042f
042f
042f
042f
0430
0430
0430
0430
0431
0431
0431
0431
0432
0432
0432
0432
0433
0433
0433
0433
0434
0434
0434
0434
0435
0435
0435
0436
0436
0436
0436
0437
0437
0437
0437
0438
0438
0438
0438
0439
0439
0439
0439
043a
043a
043a
043a
043b
043b
043b
043b
043c
043c
043c
043c
043d
043d
043d
043e
043e
043e
043e
043f
043f
043f
043f
0440
0440
0440
0440
0441
0441
0441
0441
0442
0442
0442
0442
0443
0443
0443
0443
0444
0444
0444
0444
0445
0445
0445
0445
0446
0446
0446
0447
0447
0447
0447
0448
0448
0448
0448
0449
0449
0449
0449
044a
044a
044a
044a
044b
044b
044b
044b
044c
044c
044c
044c
044d
044d
044d
044d
044e
044e
044e
044f
044f
044f
044f
0450
0450
0450
0451
0451
0451
0451
0452
0452
0452
0453
0453
0453
0453
0454
0454
0454
0454
0455
0455
0455
0456
0456
0456
0456
0457
0457
0457
0458
0458
0458
0458
0459
0459
0459
045a
045a
045a
045a
045b
045b
045b
045c
045c
045c
045c
045d
045d
045d
045d
045e
045e
045e
045f
045f
045f
045f
0460
0460
0460
0461
0461
0461
0461
0462
0462
0462
0463
0463
0463
0463
0464
0464
0464
0465
0465
0465
0465
0466
0466
0466
0466
0467
0467
0467
0468
0468
0468
0468
0469
0469
0469
046a
046a
046a
046a
046b
046b
046b
046c
046c
046c
046c
046d
046d
046d
046e
046e
046e
046e
046f
046f
046f
046f
0470
0470
0470
0471
0471
0471
0471
0472
0472
0472
0473
0473
0473
0473
0474
0474
0474
0475
0475
0475
0475
0476
0476
0476
0477
0477
0477
0477
0478
0478
0478
0478
0479
0479
0479
047a
047a
047a
047a
047b
047b
047b
047c
047c
047c
047c
047d
047d
047d
047e
047e
047e
047e
047f
047f
047f
0480
0480
0480
0480
0481
0481
0481
0481
0482
0482
0482
0483
0483
0483
0483
0484
0484
0484
0485
0485
0485
0485
0486
0486
0486
0487
0487
0487
0487
0488
0488
0488
0489
0489
0489
0489
048a
048a
048a
048a
048b
048b
048b
048c
048c
048c
048c
048d
048d
048d
048e
048e
048e
048e
048f
048f
048f
0490
0490
0490
0490
0491
0491
0491
0492
0492
0492
0492
0493
0493
0493
0493
0494
0494
0494
0495
0495
0495
0495
0496
0496
0496
0497
0497
0497
0497
0498
0498
0498
0499
0499
0499
049a
049a
049a
049a
049b
049b
049b
049c
049c
049c
049c
049d
049d
049d
049e
049e
049e
049e
049f
049f
049f
04a0
04a0
04a0
04a1
04a1
04a1
04a1
04a2
04a2
04a2
04a3
04a3
04a3
04a3
04a4
04a4
04a4
04a5
04a5
04a5
04a6
04a6
04a6
04a6
04a7
04a7
04a7
04a8
04a8
04a8
04a8
04a9
04a9
04a9
04aa
04aa
04aa
04ab
04ab
04ab
04ab
04ac
04ac
04ac
04ad
04ad
04ad
04ad
04ae
04ae
04ae
04af
04af
04af
04af
04b0
04b0
04b0
04b1
04b1
04b1
04b2
04b2
04b2
04b2
04b3
04b3
04b3
04b4
04b4
04b4
04b4
04b5
04b5
04b5
04b6
04b6
04b6
04b7
04b7
04b7
04b7
04b8
04b8
04b8
04b9
04b9
04b9
04b9
04ba
04ba
04ba
04bb
04bb
04bb
04bc
04bc
04bc
04bc
04bd
04bd
04bd
04be
04be
04be
04be
04bf
04bf
04bf
04c0
04c0
04c0
04c0
04c1
04c1
04c1
04c2
04c2
04c2
04c3
04c3
04c3
04c3
04c4
04c4
04c4
04c5
04c5
04c5
04c5
04c6
04c6
04c6
04c7
04c7
04c7
04c8
04c8
04c8
04c8
04c9
04c9
04c9
04ca
04ca
04ca
04ca
04cb
04cb
04cb
04cc
04cc
04cc
04cc
04cd
04cd
04cd
04ce
04ce
04ce
04cf
04cf
04cf
04cf
04d0
04d0
04d0
04d1
04d1
04d1
04d1
04d2
04d2
04d2
04d3
04d3
04d3
04d4
04d4
04d4
04d4
04d5
04d5
04d5
04d6
04d6
04d6
04d6
04d7
04d7
04d7
04d8
04d8
04d8
04d9
04d9
04d9
04d9
04da
04da
04da
04db
04db
04db
04db
04dc
04dc
04dc
04dd
04dd
04dd
04dd
04de
04de
04de
04df
04df
04df
04e0
04e0
04e0
04e0
04e1
04e1
04e1
04e2
04e2
04e2
04e3
04e3
04e3
04e4
04e4
04e4
04e4
04e5
04e5
04e5
04e6
04e6
04e6
04e7
04e7
04e7
04e8
04e8
04e8
04e9
04e9
04e9
04ea
04ea
04ea
04ea
04eb
04eb
04eb
04ec
04ec
04ec
04ed
04ed
04ed
04ee
04ee
04ee
04ef
04ef
04ef
04f0
04f0
04f0
04f1
04f1
04f1
04f1
04f2
04f2
04f2
04f3
04f3
04f3
04f4
04f4
04f4
04f5
04f5
04f5
04f6
04f6
04f6
04f7
04f7
04f7
04f7
04f8
04f8
04f8
04f9
04f9
04f9
04fa
04fa
04fa
04fb
04fb
04fb
04fc
04fc
04fc
04fd
04fd
04fd
04fd
04fe
04fe
04fe
04ff
04ff
04ff
0500
0500
0500
0501
0501
0501
0502
0502
0502
0503
0503
0503
0503
0504
0504
0504
0505
0505
0505
0506
0506
0506
0507
0507
0507
0508
0508
0508
0509
0509
0509
050a
050a
050a
050a
050b
050b
050b
050c
050c
050c
050d
050d
050d
050e
050e
050e
050f
050f
050f
0510
0510
0510
0510
0511
0511
0511
0512
0512
0512
0513
0513
0513
0514
0514
0514
0515
0515
0515
0516
0516
0516
0516
0517
0517
0517
0518
0518
0518
0519
0519
0519
051a
051a
051a
051b
051b
051b
051c
051c
051c
051c
051d
051d
051d
051e
051e
051e
051f
051f
051f
0520
0520
0520
0521
0521
0521
0522
0522
0522
0522
0523
0523
0523
0524
0524
0524
0525
0525
0525
0526
0526
0526
0527
0527
0527
0528
0528
0528
0529
0529
0529
0529
052a
052a
052a
052b
052b
052b
052c
052c
052c
052d
052d
052d
052e
052e
052e
052f
052f
052f
052f
0530
0530
0530
0531
0531
0531
0532
0532
0532
0533
0533
0533
0534
0534
0534
0535
0535
0535
0536
0536
0536
0537
0537
0537
0538
0538
0538
0539
0539
0539
053a
053a
053a
053b
053b
053b
053c
053c
053c
053d
053d
053d
053e
053e
053e
053f
053f
053f
0540
0540
0540
0541
0541
0541
0542
0542
0542
0543
0543
0543
0544
0544
0544
0545
0545
0545
0546
0546
0546
0547
0547
0548
0548
0548
0549
0549
0549
054a
054a
054a
054b
054b
054b
054c
054c
054c
054d
054d
054d
054e
054e
054e
054f
054f
054f
0550
0550
0550
0551
0551
0551
0552
0552
0552
0553
0553
0553
0554
0554
0554
0555
0555
0555
0556
0556
0556
0557
0557
0557
0558
0558
0558
0559
0559
0559
055a
055a
055a
055b
055b
055b
055c
055c
055c
055d
055d
055d
055e
055e
055e
055f
055f
055f
0560
0560
0560
0561
0561
0561
0562
0562
0562
0563
0563
0563
0564
0564
0564
0565
0565
0565
0566
0566
0566
0567
0567
0567
0568
0568
0568
0569
0569
0569
056a
056a
056a
056b
056b
056b
056c
056c
056c
056d
056d
056d
056e
056e
056e
056f
056f
056f
0570
0570
0570
0571
0571
0571
0572
0572
0573
0573
0573
0574
0574
0574
0575
0575
0575
0576
0576
0576
0577
0577
0577
0578
0578
0578
0579
0579
0579
057a
057a
057a
057b
057b
057b
057c
057c
057c
057d
057d
057d
057e
057e
057e
057f
057f
057f
0580
0580
0580
0581
0581
0581
0582
0582
0582
0583
0583
0583
0584
0584
0584
0585
0585
0585
0586
0586
0586
0587
0587
0587
0588
0588
0588
0589
0589
0589
058a
058a
058a
058b
058b
058c
058c
058c
058d
058d
058d
058e
058e
058e
058f
058f
058f
0590
0590
0591
0591
0591
0592
0592
0592
0593
0593
0593
0594
0594
0594
0595
0595
0596
0596
0596
0597
0597
0597
0598
0598
0598
0599
0599
0599
059a
059a
059a
059b
059b
059c
059c
059c
059d
059d
059d
059e
059e
059e
059f
059f
059f
05a0
05a0
05a1
05a1
05a1
05a2
05a2
05a2
05a3
05a3
05a3
05a4
05a4
05a4
05a5
05a5
05a6
05a6
05a6
05a7
05a7
05a7
05a8
05a8
05a8
05a9
05a9
05a9
05aa
05aa
05aa
05ab
05ab
05ac
05ac
05ac
05ad
05ad
05ad
05ae
05ae
05ae
05af
05af
05af
05b0
05b0
05b1
05b1
05b1
05b2
05b2
05b2
05b3
05b3
05b3
05b4
05b4
05b4
05b5
05b5
05b6
05b6
05b6
05b7
05b7
05b7
05b8
05b8
05b8
05b9
05b9
05b9
05ba
05ba
05ba
05bb
05bb
05bc
05bc
05bc
05bd
05bd
05bd
05be
05be
05be
05bf
05bf
05bf
05c0
05c0
05c1
05c1
05c1
05c2
05c2
05c2
05c3
05c3
05c3
05c4
05c4
05c4
05c5
05c5
05c5
05c6
05c6
05c7
05c7
05c7
05c8
05c8
05c8
05c9
05c9
05c9
05ca
05ca
05ca
05cb
05cb
05cc
05cc
05cc
05cd
05cd
05cd
05ce
05ce
05ce
05cf
05cf
05cf
05d0
05d0
05d1
05d1
05d1
05d2
05d2
05d2
05d3
05d3
05d3
05d4
05d4
05d4
05d5
05d5
05d5
05d6
05d6
05d7
05d7
05d7
05d8
05d8
05d8
05d9
05d9
05d9
05da
05da
05da
05db
05db
05dc
05dc
05dc
05dd
05dd
05dd
05de
05de
05de
05df
05df
05df
05e0
05e0
05e1
05e1
05e1
05e2
05e2
05e2
05e3
05e3
05e3
05e4
05e4
05e5
05e5
05e5
05e6
05e6
05e6
05e7
05e7
05e8
05e8
05e8
05e9
05e9
05e9
05ea
05ea
05eb
05eb
05eb
05ec
05ec
05ec
05ed
05ed
05ee
05ee
05ee
05ef
05ef
05f0
05f0
05f0
05f1
05f1
05f1
05f2
05f2
05f3
05f3
05f3
05f4
05f4
05f4
05f5
05f5
05f6
05f6
05f6
05f7
05f7
05f7
05f8
05f8
05f9
05f9
05f9
05fa
05fa
05fa
05fb
05fb
05fc
05fc
05fc
05fd
05fd
05fe
05fe
05fe
05ff
05ff
05ff
0600
0600
0601
0601
0601
0602
0602
0602
0603
0603
0604
0604
0604
0605
0605
0605
0606
0606
0607
0607
0607
0608
0608
0609
0609
0609
060a
060a
060a
060b
060b
060c
060c
060c
060d
060d
060d
060e
060e
060f
060f
060f
0610
0610
0610
0611
0611
0612
0612
0612
0613
0613
0614
0614
0614
0615
0615
0615
0616
0616
0617
0617
0617
0618
0618
0618
0619
0619
061a
061a
061a
061b
061b
061b
061c
061c
061d
061d
061d
061e
061e
061e
061f
061f
0620
0620
0620
0621
0621
0622
0622
0622
0623
0623
0623
0624
0624
0625
0625
0625
0626
0626
0626
0627
0627
0628
0628
0628
0629
0629
0629
062a
062a
062b
062b
062b
062c
062c
062d
062d
062d
062e
062e
062e
062f
062f
0630
0630
0630
0631
0631
0631
0632
0632
0633
0633
0633
0634
0634
0634
0635
0635
0636
0636
0636
0637
0637
0637
0638
0638
0639
0639
0639
063a
063a
063b
063b
063b
063c
063c
063c
063d
063d
063e
063e
063e
063f
063f
063f
0640
0640
0641
0641
0641
0642
0642
0642
0643
0643
0644
0644
0644
0645
0645
0646
0646
0646
0647
0647
0648
0648
0648
0649
0649
064a
064a
064a
064b
064b
064c
064c
064c
064d
064d
064e
064e
064e
064f
064f
0650
0650
0650
0651
0651
0652
0652
0652
0653
0653
0654
0654
0654
0655
0655
0656
0656
0657
0657
0657
0658
0658
0659
0659
0659
065a
065a
065b
065b
065b
065c
065c
065d
065d
065d
065e
065e
065f
065f
065f
0660
0660
0661
0661
0661
0662
0662
0663
0663
0663
0664
0664
0665
0665
0665
0666
0666
0667
0667
0667
0668
0668
0669
0669
0669
066a
066a
066b
066b
066b
066c
066c
066d
066d
066d
066e
066e
066f
066f
066f
0670
0670
0671
0671
0671
0672
0672
0673
0673
0673
0674
0674
0675
0675
0675
0676
0676
0677
0677
0678
0678
0678
0679
0679
067a
067a
067a
067b
067b
067c
067c
067c
067d
067d
067e
067e
067e
067f
067f
0680
0680
0680
0681
0681
0682
0682
0682
0683
0683
0684
0684
0684
0685
0685
0686
0686
0686
0687
0687
0688
0688
0688
0689
0689
068a
068a
068a
068b
068b
068c
068c
068c
068d
068d
068e
068e
068e
068f
068f
0690
0690
0690
0691
0691
0692
0692
0692
0693
0693
0694
0694
0694
0695
0695
0696
0696
0696
0697
0697
0698
0698
0698
0699
0699
069a
069a
069b
069b
069b
069c
069c
069d
069d
069d
069e
069e
069f
069f
069f
06a0
06a0
06a1
06a1
06a1
06a2
06a2
06a3
06a3
06a3
06a4
06a4
06a5
06a5
06a5
06a6
06a6
06a7
06a7
06a7
06a8
06a8
06a9
06a9
06a9
06aa
06aa
06ab
06ab
06ab
06ac
06ac
06ad
06ad
06ae
06ae
06ae
06af
06af
06b0
06b0
06b1
06b1
06b2
06b2
06b2
06b3
06b3
06b4
06b4
06b5
06b5
06b5
06b6
06b6
06b7
06b7
06b8
06b8
06b8
06b9
06b9
06ba
06ba
06bb
06bb
06bb
06bc
06bc
06bd
06bd
06be
06be
06bf
06bf
06bf
06c0
06c0
06c1
06c1
06c2
06c2
06c2
06c3
06c3
06c4
06c4
06c5
06c5
06c5
06c6
06c6
06c7
06c7
06c8
06c8
06c8
06c9
06c9
06ca
06ca
06cb
06cb
06cc
06cc
06cc
06cd
06cd
06ce
06ce
06cf
06cf
06cf
06d0
06d0
06d1
06d1
06d2
06d2
06d2
06d3
06d3
06d4
06d4
06d5
06d5
06d5
06d6
06d6
06d7
06d7
06d8
06d8
06d9
06d9
06d9
06da
06da
06db
06db
06dc
06dc
06dc
06dd
06dd
06de
06de
06df
06df
06df
06e0
06e0
06e1
06e1
06e2
06e2
06e3
06e3
06e3
06e4
06e4
06e5
06e5
06e6
06e6
06e6
06e7
06e7
06e8
06e8
06e9
06e9
06e9
06ea
06ea
06eb
06eb
06ec
06ec
06ec
06ed
06ed
06ee
06ee
06ef
06ef
06f0
06f0
06f0
06f1
06f1
06f2
06f2
06f3
06f3
06f3
06f4
06f4
06f5
06f5
06f6
06f6
06f6
06f7
06f7
06f8
06f8
06f9
06f9
06f9
06fa
06fa
06fb
06fb
06fc
06fc
06fd
06fd
06fd
06fe
06fe
06ff
06ff
0700
0700
0700
0701
0701
0702
0702
0703
0703
0703
0704
0704
0705
0705
0706
0706
0706
0707
0707
0708
0708
0709
0709
070a
070a
070a
070b
070b
070c
070c
070d
070d
070d
070e
070e
070f
070f
0710
0710
0710
0711
0711
0712
0712
0713
0713
0713
0714
0714
0715
0715
0716
0716
0717
0717
0717
0718
0718
0719
0719
071a
071a
071a
071b
071b
071c
071c
071d
071d
071e
071e
071f
071f
071f
0720
0720
0721
0721
0722
0722
0723
0723
0724
0724
0725
0725
0725
0726
0726
0727
0727
0728
0728
0729
0729
072a
072a
072a
072b
072b
072c
072c
072d
072d
072e
072e
072f
072f
072f
0730
0730
0731
0731
0732
0732
0733
0733
0734
0734
0735
0735
0735
0736
0736
0737
0737
0738
0738
0739
0739
073a
073a
073a
073b
073b
073c
073c
073d
073d
073e
073e
073f
073f
073f
0740
0740
0741
0741
0742
0742
0743
0743
0744
0744
0745
0745
0745
0746
0746
0747
0747
0748
0748
0749
0749
074a
074a
074a
074b
074b
074c
074c
074d
074d
074e
074e
074f
074f
074f
0750
0750
0751
0751
0752
0752
0753
0753
0754
0754
0755
0755
0755
0756
0756
0757
0757
0758
0758
0759
0759
075a
075a
075a
075b
075b
075c
075c
075d
075d
075e
075e
075f
075f
075f
0760
0760
0761
0761
0762
0762
0763
0763
0764
0764
0764
0765
0765
0766
0766
0767
0767
0768
0768
0769
0769
076a
076a
076a
076b
076b
076c
076c
076d
076d
076e
076e
076f
076f
076f
0770
0770
0771
0771
0772
0772
0773
0773
0774
0774
0774
0775
0775
0776
0776
0777
0777
0778
0778
0779
0779
077a
077a
077a
077b
077b
077c
077c
077d
077d
077e
077e
077f
077f
077f
0780
0780
0781
0781
0782
0782
0783
0783
0784
0784
0784
0785
0785
0786
0786
0787
0787
0788
0788
0789
0789
078a
078a
078a
078b
078b
078c
078c
078d
078d
078e
078e
078f
078f
078f
0790
0790
0791
0791
0792
0792
0793
0793
0794
0794
0795
0795
0796
0796
0797
0797
0798
0798
0799
0799
079a
079a
079b
079b
079c
079c
079d
079d
079e
079e
079f
079f
07a0
07a0
07a1
07a1
07a2
07a2
07a3
07a3
07a4
07a4
07a4
07a5
07a5
07a6
07a6
07a7
07a7
07a8
07a8
07a9
07a9
07aa
07aa
07ab
07ab
07ac
07ac
07ad
07ad
07ae
07ae
07af
07af
07b0
07b0
07b1
07b1
07b2
07b2
07b3
07b3
07b4
07b4
07b5
07b5
07b6
07b6
07b7
07b7
07b8
07b8
07b9
07b9
07b9
07ba
07ba
07bb
07bb
07bc
07bc
07bd
07bd
07be
07be
07bf
07bf
07c0
07c0
07c1
07c1
07c2
07c2
07c3
07c3
07c4
07c4
07c5
07c5
07c6
07c6
07c7
07c7
07c8
07c8
07c9
07c9
07ca
07ca
07cb
07cb
07cc
07cc
07cd
07cd
07ce
07ce
07ce
07cf
07cf
07d0
07d0
07d1
07d1
07d2
07d2
07d3
07d3
07d4
07d4
07d5
07d5
07d6
07d6
07d7
07d7
07d8
07d8
07d9
07d9
07da
07da
07db
07db
07dc
07dc
07dd
07dd
07de
07de
07df
07df
07e0
07e0
07e1
07e1
07e2
07e2
07e2
07e3
07e3
07e4
07e4
07e5
07e5
07e6
07e6
07e7
07e7
07e8
07e8
07e9
07e9
07ea
07ea
07eb
07eb
07ec
07ec
07ed
07ed
07ee
07ee
07ef
07ef
07f0
07f0
07f1
07f1
07f2
07f2
07f3
07f3
07f4
07f4
07f5
07f5
07f6
07f6
07f7
07f7
07f7
07f8
07f8
07f9
07f9
07fa
07fa
07fb
07fb
07fc
07fc
07fd
07fd
07fe
07fe
07ff
07ff
0800
0800
0801
0801
0802
0802
0803
0803
0804
0804
0805
0805
0806
0806
0807
0807
0808
0808
0809
0809
080a
080a
080b
080b
080c
080c
080d
080d
080e
080e
080f
080f
0810
0810
0811
0811
0812
0812
0813
0813
0814
0814
0815
0815
0816
0816
0817
0817
0818
0818
0819
0819
081a
081a
081b
081b
081c
081d
081d
081e
081e
081f
081f
0820
0820
0821
0821
0822
0822
0823
0823
0824
0824
0825
0825
0826
0826
0827
0827
0828
0828
0829
0829
082a
082a
082b
082b
082c
082c
082d
082e
082e
082f
082f
0830
0830
0831
0831
0832
0832
0833
0833
0834
0834
0835
0835
0836
0836
0837
0837
0838
0838
0839
0839
083a
083a
083b
083b
083c
083c
083d
083e
083e
083f
083f
0840
0840
0841
0841
0842
0842
0843
0843
0844
0844
0845
0845
0846
0846
0847
0847
0848
0848
0849
0849
084a
084a
084b
084b
084c
084c
084d
084d
084e
084f
084f
0850
0850
0851
0851
0852
0852
0853
0853
0854
0854
0855
0855
0856
0856
0857
0857
0858
0858
0859
0859
085a
085a
085b
085b
085c
085c
085d
085d
085e
085f
085f
0860
0860
0861
0861
0862
0862
0863
0863
0864
0864
0865
0865
0866
0866
0867
0867
0868
0868
0869
0869
086a
086a
086b
086b
086c
086c
086d
086d
086e
086e
086f
0870
0870
0871
0871
0872
0872
0873
0873
0874
0874
0875
0875
0876
0876
0877
0877
0878
0878
0879
0879
087a
087a
087b
087b
087c
087c
087d
087d
087e
087e
087f
0880
0880
0881
0881
0882
0882
0883
0883
0884
0884
0885
0885
0886
0886
0887
0887
0888
0888
0889
0889
088a
088a
088b
088b
088c
088c
088d
088d
088e
088e
088f
088f
0890
0891
0891
0892
0892
0893
0893
0894
0894
0895
0896
0896
0897
0897
0898
0898
0899
0899
089a
089b
089b
089c
089c
089d
089d
089e
089e
089f
08a0
08a0
08a1
08a1
08a2
08a2
08a3
08a3
08a4
08a5
08a5
08a6
08a6
08a7
08a7
08a8
08a8
08a9
08aa
08aa
08ab
08ab
08ac
08ac
08ad
08ad
08ae
08af
08af
08b0
08b0
08b1
08b1
08b2
08b2
08b3
08b4
08b4
08b5
08b5
08b6
08b6
08b7
08b7
08b8
08b8
08b9
08ba
08ba
08bb
08bb
08bc
08bc
08bd
08bd
08be
08bf
08bf
08c0
08c0
08c1
08c1
08c2
08c2
08c3
08c4
08c4
08c5
08c5
08c6
08c6
08c7
08c7
08c8
08c9
08c9
08ca
08ca
08cb
08cb
08cc
08cc
08cd
08ce
08ce
08cf
08cf
08d0
08d0
08d1
08d1
08d2
08d3
08d3
08d4
08d4
08d5
08d5
08d6
08d6
08d7
08d8
08d8
08d9
08d9
08da
08da
08db
08db
08dc
08dd
08dd
08de
08de
08df
08df
08e0
08e0
08e1
08e2
08e2
08e3
08e3
08e4
08e4
08e5
08e5
08e6
08e7
08e7
08e8
08e8
08e9
08e9
08ea
08ea
08eb
08ec
08ec
08ed
08ed
08ee
08ee
08ef
08ef
08f0
08f1
08f1
08f2
08f2
08f3
08f3
08f4
08f4
08f5
08f6
08f6
08f7
08f7
08f8
08f8
08f9
08f9
08fa
08fb
08fb
08fc
08fc
08fd
08fd
08fe
08fe
08ff
08ff
0900
0901
0901
0902
0902
0903
0903
0904
0904
0905
0906
0906
0907
0907
0908
0908
0909
0909
090a
090b
090b
090c
090c
090d
090d
090e
090e
090f
0910
0910
0911
0911
0912
0912
0913
0913
0914
0915
0915
0916
0916
0917
0917
0918
0918
0919
091a
091a
091b
091b
091c
091c
091d
091d
091e
091f
091f
0920
0920
0921
0922
0922
0923
0923
0924
0924
0925
0926
0926
0927
0927
0928
0929
0929
092a
092a
092b
092b
092c
092d
092d
092e
092e
092f
0930
0930
0931
0931
0932
0933
0933
0934
0934
0935
0935
0936
0937
0937
0938
0938
0939
093a
093a
093b
093b
093c
093c
093d
093e
093e
093f
093f
0940
0941
0941
0942
0942
0943
0944
0944
0945
0945
0946
0946
0947
0948
0948
0949
0949
094a
094b
094b
094c
094c
094d
094d
094e
094f
094f
0950
0950
0951
0952
0952
0953
0953
0954
0954
0955
0956
0956
0957
0957
0958
0959
0959
095a
095a
095b
095c
095c
095d
095d
095e
095e
095f
0960
0960
0961
0961
0962
0963
0963
0964
0964
0965
0965
0966
0967
0967
0968
0968
0969
096a
096a
096b
096b
096c
096d
096d
096e
096e
096f
096f
0970
0971
0971
0972
0972
0973
0974
0974
0975
0975
0976
0976
0977
0978
0978
0979
0979
097a
097b
097b
097c
097c
097d
097e
097e
097f
097f
0980
0980
0981
0982
0982
0983
0983
0984
0985
0985
0986
0986
0987
0987
0988
0989
0989
098a
098a
098b
098c
098c
098d
098d
098e
098f
098f
0990
0990
0991
0991
0992
0993
0993
0994
0994
0995
0996
0996
0997
0997
0998
0998
0999
099a
099a
099b
099b
099c
099d
099d
099e
099e
099f
099f
09a0
09a1
09a1
09a2
09a2
09a3
09a4
09a4
09a5
09a5
09a6
09a7
09a7
09a8
09a8
09a9
09a9
09aa
09ab
09ab
09ac
09ac
09ad
09ae
09ae
09af
09af
09b0
09b0
09b1
09b2
09b2
09b3
09b3
09b4
09b5
09b5
09b6
09b7
09b7
09b8
09b8
09b9
09ba
09ba
09bb
09bc
09bc
09bd
09bd
09be
09bf
09bf
09c0
09c1
09c1
09c2
09c2
09c3
09c4
09c4
09c5
09c6
09c6
09c7
09c7
09c8
09c9
09c9
09ca
09cb
09cb
09cc
09cd
09cd
09ce
09ce
09cf
09d0
09d0
09d1
09d2
09d2
09d3
09d3
09d4
09d5
09d5
09d6
09d7
09d7
09d8
09d8
09d9
09da
09da
09db
09dc
09dc
09dd
09de
09de
09df
09df
09e0
09e1
09e1
09e2
09e3
09e3
09e4
09e4
09e5
09e6
09e6
09e7
09e8
09e8
09e9
09e9
09ea
09eb
09eb
09ec
09ed
09ed
09ee
09ee
09ef
09f0
09f0
09f1
09f2
09f2
09f3
09f4
09f4
09f5
09f5
09f6
09f7
09f7
09f8
09f9
09f9
09fa
09fa
09fb
09fc
09fc
09fd
09fe
09fe
09ff
09ff
0a00
0a01
0a01
0a02
0a03
0a03
0a04
0a05
0a05
0a06
0a06
0a07
0a08
0a08
0a09
0a0a
0a0a
0a0b
0a0b
0a0c
0a0d
0a0d
0a0e
0a0f
0a0f
0a10
0a10
0a11
0a12
0a12
0a13
0a14
0a14
0a15
0a15
0a16
0a17
0a17
0a18
0a19
0a19
0a1a
0a1b
0a1b
0a1c
0a1c
0a1d
0a1e
0a1e
0a1f
0a20
0a20
0a21
0a21
0a22
0a23
0a23
0a24
0a25
0a25
0a26
0a26
0a27
0a28
0a28
0a29
0a2a
0a2a
0a2b
0a2b
0a2c
0a2d
0a2d
0a2e
0a2f
0a2f
0a30
0a31
0a31
0a32
0a32
0a33
0a34
0a34
0a35
0a36
0a36
0a37
0a37
0a38
0a39
0a39
0a3a
0a3b
0a3b
0a3c
0a3c
0a3d
0a3e
0a3e
0a3f
0a40
0a40
0a41
0a42
0a42
0a43
0a43
0a44
0a45
0a45
0a46
0a47
0a47
0a48
0a48
0a49
0a4a
0a4a
0a4b
0a4c
0a4c
0a4d
0a4d
0a4e
0a4f
0a4f
0a50
0a51
0a51
0a52
0a52
0a53
0a54
0a54
0a55
0a56
0a56
0a57
0a58
0a58
0a59
0a5a
0a5a
0a5b
0a5c
0a5c
0a5d
0a5e
0a5e
0a5f
0a60
0a60
0a61
0a62
0a62
0a63
0a64
0a64
0a65
0a66
0a66
0a67
0a68
0a68
0a69
0a6a
0a6a
0a6b
0a6c
0a6c
0a6d
0a6e
0a6e
0a6f
0a70
0a70
0a71
0a72
0a72
0a73
0a74
0a74
0a75
0a76
0a76
0a77
0a78
0a78
0a79
0a7a
0a7a
0a7b
0a7c
0a7c
0a7d
0a7e
0a7e
0a7f
0a80
0a80
0a81
0a81
0a82
0a83
0a83
0a84
0a85
0a85
0a86
0a87
0a87
0a88
0a89
0a89
0a8a
0a8b
0a8b
0a8c
0a8d
0a8d
0a8e
0a8f
0a8f
0a90
0a91
0a91
0a92
0a93
0a93
0a94
0a95
0a95
0a96
0a97
0a97
0a98
0a99
0a99
0a9a
0a9b
0a9b
0a9c
0a9d
0a9d
0a9e
0a9f
0a9f
0aa0
0aa1
0aa1
0aa2
0aa3
0aa3
0aa4
0aa5
0aa5
0aa6
0aa7
0aa7
0aa8
0aa9
0aa9
0aaa
0aab
0aab
0aac
0aad
0aad
0aae
0aaf
0aaf
0ab0
0ab1
0ab1
0ab2
0ab3
0ab3
0ab4
0ab5
0ab5
0ab6
0ab7
0ab7
0ab8
0ab9
0ab9
0aba
0abb
0abb
0abc
0abd
0abd
0abe
0abf
0abf
0ac0
0ac1
0ac1
0ac2
0ac3
0ac3
0ac4
0ac5
0ac5
0ac6
0ac7
0ac7
0ac8
0ac9
0ac9
0aca
0acb
0acb
0acc
0acd
0acd
0ace
0acf
0acf
0ad0
0ad1
0ad1
0ad2
0ad3
0ad3
0ad4
0ad5
0ad5
0ad6
0ad6
0ad7
0ad8
0ad8
0ad9
0ada
0ada
0adb
0adc
0adc
0add
0ade
0ade
0adf
0ae0
0ae0
0ae1
0ae2
0ae2
0ae3
0ae4
0ae4
0ae5
0ae6
0ae6
0ae7
0ae8
0ae8
0ae9
0aea
0aea
0aeb
0aec
0aec
0aed
0aee
0aee
0aef
0af0
0af0
0af1
0af2
0af2
0af3
0af4
0af4
0af5
0af6
0af6
0af7
0af8
0af8
0af9
0afa
0afa
0afb
0afc
0afc
0afd
0afe
0afe
0aff
0b00
0b00
0b01
0b02
0b03
0b03
0b04
0b05
0b05
0b06
0b07
0b08
0b08
0b09
0b0a
0b0a
0b0b
0b0c
0b0d
0b0d
0b0e
0b0f
0b0f
0b10
0b11
0b11
0b12
0b13
0b14
0b14
0b15
0b16
0b16
0b17
0b18
0b19
0b19
0b1a
0b1b
0b1b
0b1c
0b1d
0b1e
0b1e
0b1f
0b20
0b20
0b21
0b22
0b23
0b23
0b24
0b25
0b25
0b26
0b27
0b28
0b28
0b29
0b2a
0b2a
0b2b
0b2c
0b2d
0b2d
0b2e
0b2f
0b2f
0b30
0b31
0b31
0b32
0b33
0b34
0b34
0b35
0b36
0b36
0b37
0b38
0b39
0b39
0b3a
0b3b
0b3b
0b3c
0b3d
0b3e
0b3e
0b3f
0b40
0b40
0b41
0b42
0b43
0b43
0b44
0b45
0b45
0b46
0b47
0b48
0b48
0b49
0b4a
0b4a
0b4b
0b4c
0b4c
0b4d
0b4e
0b4f
0b4f
0b50
0b51
0b51
0b52
0b53
0b54
0b54
0b55
0b56
0b56
0b57
0b58
0b59
0b59
0b5a
0b5b
0b5b
0b5c
0b5d
0b5e
0b5e
0b5f
0b60
0b60
0b61
0b62
0b63
0b63
0b64
0b65
0b65
0b66
0b67
0b68
0b68
0b69
0b6a
0b6a
0b6b
0b6c
0b6c
0b6d
0b6e
0b6f
0b6f
0b70
0b71
0b71
0b72
0b73
0b74
0b74
0b75
0b76
0b76
0b77
0b78
0b79
0b79
0b7a
0b7b
0b7b
0b7c
0b7d
0b7e
0b7e
0b7f
0b80
0b80
0b81
0b82
0b83
0b83
0b84
0b85
0b85
0b86
0b87
0b88
0b88
0b89
0b8a
0b8a
0b8b
0b8c
0b8c
0b8d
0b8e
0b8f
0b8f
0b90
0b91
0b91
0b92
0b93
0b94
0b94
0b95
0b96
0b96
0b97
0b98
0b99
0b99
0b9a
0b9b
0b9b
0b9c
0b9d
0b9e
0b9e
0b9f
0ba0
0ba0
0ba1
0ba2
0ba3
0ba3
0ba4
0ba5
0ba5
0ba6
0ba7
0ba7
0ba8
0ba9
0baa
0baa
0bab
0bac
0bac
0bad
0bae
0baf
0baf
0bb0
0bb1
0bb1
0bb2
0bb3
0bb4
0bb4
0bb5
0bb6
0bb7
0bb7
0bb8
0bb9
0bba
0bba
0bbb
0bbc
0bbd
0bbd
0bbe
0bbf
0bc0
0bc0
0bc1
0bc2
0bc3
0bc3
0bc4
0bc5
0bc6
0bc6
0bc7
0bc8
0bc9
0bc9
0bca
0bcb
0bcc
0bcc
0bcd
0bce
0bcf
0bcf
0bd0
0bd1
0bd2
0bd2
0bd3
0bd4
0bd5
0bd5
0bd6
0bd7
0bd8
0bd8
0bd9
0bda
0bdb
0bdb
0bdc
0bdd
0bde
0bde
0bdf
0be0
0be1
0be1
0be2
0be3
0be4
0be4
0be5
0be6
0be7
0be8
0be8
0be9
0bea
0beb
0beb
0bec
0bed
0bee
0bee
0bef
0bf0
0bf1
0bf1
0bf2
0bf3
0bf4
0bf4
0bf5
0bf6
0bf7
0bf7
0bf8
0bf9
0bfa
0bfa
0bfb
0bfc
0bfd
0bfd
0bfe
0bff
0c00
0c00
0c01
0c02
0c03
0c03
0c04
0c05
0c06
0c06
0c07
0c08
0c09
0c09
0c0a
0c0b
0c0c
0c0c
0c0d
0c0e
0c0f
0c0f
0c10
0c11
0c12
0c12
0c13
0c14
0c15
0c16
0c16
0c17
0c18
0c19
0c19
0c1a
0c1b
0c1c
0c1c
0c1d
0c1e
0c1f
0c1f
0c20
0c21
0c22
0c22
0c23
0c24
0c25
0c25
0c26
0c27
0c28
0c28
0c29
0c2a
0c2b
0c2b
0c2c
0c2d
0c2e
0c2e
0c2f
0c30
0c31
0c31
0c32
0c33
0c34
0c34
0c35
0c36
0c37
0c37
0c38
0c39
0c3a
0c3a
0c3b
0c3c
0c3d
0c3d
0c3e
0c3f
0c40
0c40
0c41
0c42
0c43
0c43
0c44
0c45
0c46
0c47
0c47
0c48
0c49
0c4a
0c4a
0c4b
0c4c
0c4d
0c4d
0c4e
0c4f
0c50
0c50
0c51
0c52
0c53
0c53
0c54
0c55
0c56
0c56
0c57
0c58
0c59
0c59
0c5a
0c5b
0c5c
0c5c
0c5d
0c5e
0c5f
0c5f
0c60
0c61
0c62
0c62
0c63
0c64
0c65
0c65
0c66
0c67
0c68
0c68
0c69
0c6a
0c6b
0c6b
0c6c
0c6d
0c6e
0c6e
0c6f
0c70
0c71
0c71
0c72
0c73
0c74
0c74
0c75
0c76
0c77
0c78
0c78
0c79
0c7a
0c7b
0c7c
0c7c
0c7d
0c7e
0c7f
0c80
0c80
0c81
0c82
0c83
0c84
0c84
0c85
0c86
0c87
0c88
0c89
0c89
0c8a
0c8b
0c8c
0c8d
0c8d
0c8e
0c8f
0c90
0c91
0c91
0c92
0c93
0c94
0c95
0c95
0c96
0c97
0c98
0c99
0c99
0c9a
0c9b
0c9c
0c9d
0c9d
0c9e
0c9f
0ca0
0ca1
0ca1
0ca2
0ca3
0ca4
0ca5
0ca5
0ca6
0ca7
0ca8
0ca9
0caa
0caa
0cab
0cac
0cad
0cae
0cae
0caf
0cb0
0cb1
0cb2
0cb2
0cb3
0cb4
0cb5
0cb6
0cb6
0cb7
0cb8
0cb9
0cba
0cba
0cbb
0cbc
0cbd
0cbe
0cbe
0cbf
0cc0
0cc1
0cc2
0cc2
0cc3
0cc4
0cc5
0cc6
0cc6
0cc7
0cc8
0cc9
0cca
0cca
0ccb
0ccc
0ccd
0cce
0ccf
0ccf
0cd0
0cd1
0cd2
0cd3
0cd3
0cd4
0cd5
0cd6
0cd7
0cd7
0cd8
0cd9
0cda
0cdb
0cdb
0cdc
0cdd
0cde
0cdf
0cdf
0ce0
0ce1
0ce2
0ce3
0ce3
0ce4
0ce5
0ce6
0ce7
0ce7
0ce8
0ce9
0cea
0ceb
0ceb
0cec
0ced
0cee
0cef
0cf0
0cf0
0cf1
0cf2
0cf3
0cf4
0cf4
0cf5
0cf6
0cf7
0cf8
0cf8
0cf9
0cfa
0cfb
0cfc
0cfc
0cfd
0cfe
0cff
0d00
0d00
0d01
0d02
0d03
0d04
0d04
0d05
0d06
0d07
0d08
0d08
0d09
0d0a
0d0b
0d0c
0d0c
0d0d
0d0e
0d0f
0d10
0d11
0d11
0d12
0d13
0d14
0d15
0d15
0d16
0d17
0d18
0d19
0d19
0d1a
0d1b
0d1c
0d1d
0d1d
0d1e
0d1f
0d20
0d21
0d21
0d22
0d23
0d24
0d25
0d25
0d26
0d27
0d28
0d29
0d29
0d2a
0d2b
0d2c
0d2d
0d2d
0d2e
0d2f
0d30
0d31
0d31
0d32
0d33
0d34
0d35
0d36
0d36
0d37
0d38
0d39
0d3a
0d3a
0d3b
0d3c
0d3d
0d3e
0d3e
0d3f
0d40
0d41
0d42
0d42
0d43
0d44
0d45
0d46
0d47
0d47
0d48
0d49
0d4a
0d4b
0d4c
0d4d
0d4d
0d4e
0d4f
0d50
0d51
0d52
0d53
0d53
0d54
0d55
0d56
0d57
0d58
0d59
0d59
0d5a
0d5b
0d5c
0d5d
0d5e
0d5f
0d5f
0d60
0d61
0d62
0d63
0d64
0d65
0d65
0d66
0d67
0d68
0d69
0d6a
0d6a
0d6b
0d6c
0d6d
0d6e
0d6f
0d70
0d70
0d71
0d72
0d73
0d74
0d75
0d76
0d76
0d77
0d78
0d79
0d7a
0d7b
0d7c
0d7c
0d7d
0d7e
0d7f
0d80
0d81
0d82
0d82
0d83
0d84
0d85
0d86
0d87
0d88
0d88
0d89
0d8a
0d8b
0d8c
0d8d
0d8e
0d8e
0d8f
0d90
0d91
0d92
0d93
0d94
0d94
0d95
0d96
0d97
0d98
0d99
0d9a
0d9a
0d9b
0d9c
0d9d
0d9e
0d9f
0da0
0da0
0da1
0da2
0da3
0da4
0da5
0da6
0da6
0da7
0da8
0da9
0daa
0dab
0dac
0dac
0dad
0dae
0daf
0db0
0db1
0db2
0db2
0db3
0db4
0db5
0db6
0db7
0db7
0db8
0db9
0dba
0dbb
0dbc
0dbd
0dbd
0dbe
0dbf
0dc0
0dc1
0dc2
0dc3
0dc3
0dc4
0dc5
0dc6
0dc7
0dc8
0dc9
0dc9
0dca
0dcb
0dcc
0dcd
0dce
0dcf
0dcf
0dd0
0dd1
0dd2
0dd3
0dd4
0dd5
0dd5
0dd6
0dd7
0dd8
0dd9
0dda
0ddb
0ddb
0ddc
0ddd
0dde
0ddf
0de0
0de1
0de1
0de2
0de3
0de4
0de5
0de6
0de7
0de7
0de8
0de9
0dea
0deb
0dec
0ded
0ded
0dee
0def
0df0
0df1
0df2
0df3
0df3
0df4
0df5
0df6
0df7
0df8
0df9
0df9
0dfa
0dfb
0dfc
0dfd
0dfe
0dfe
0dff
0e00
0e01
0e02
0e03
0e04
0e04
0e05
0e06
0e07
0e08
0e09
0e0a
0e0a
0e0b
0e0c
0e0d
0e0e
0e0f
0e10
0e10
0e11
0e12
0e13
0e14
0e15
0e16
0e16
0e17
0e18
0e19
0e1a
0e1b
0e1c
0e1c
0e1d
0e1e
0e1f
0e20
0e21
0e22
0e23
0e24
0e24
0e25
0e26
0e27
0e28
0e29
0e2a
0e2b
0e2c
0e2d
0e2e
0e2e
0e2f
0e30
0e31
0e32
0e33
0e34
0e35
0e36
0e37
0e38
0e38
0e39
0e3a
0e3b
0e3c
0e3d
0e3e
0e3f
0e40
0e41
0e42
0e42
0e43
0e44
0e45
0e46
0e47
0e48
0e49
0e4a
0e4b
0e4c
0e4d
0e4d
0e4e
0e4f
0e50
0e51
0e52
0e53
0e54
0e55
0e56
0e57
0e57
0e58
0e59
0e5a
0e5b
0e5c
0e5d
0e5e
0e5f
0e60
0e61
0e61
0e62
0e63
0e64
0e65
0e66
0e67
0e68
0e69
0e6a
0e6b
0e6b
0e6c
0e6d
0e6e
0e6f
0e70
0e71
0e72
0e73
0e74
0e75
0e75
0e76
0e77
0e78
0e79
0e7a
0e7b
0e7c
0e7d
0e7e
0e7f
0e7f
0e80
0e81
0e82
0e83
0e84
0e85
0e86
0e87
0e88
0e89
0e89
0e8a
0e8b
0e8c
0e8d
0e8e
0e8f
0e90
0e91
0e92
0e93
0e94
0e94
0e95
0e96
0e97
0e98
0e99
0e9a
0e9b
0e9c
0e9d
0e9e
0e9e
0e9f
0ea0
0ea1
0ea2
0ea3
0ea4
0ea5
0ea6
0ea7
0ea8
0ea8
0ea9
0eaa
0eab
0eac
0ead
0eae
0eaf
0eb0
0eb1
0eb2
0eb2
0eb3
0eb4
0eb5
0eb6
0eb7
0eb8
0eb9
0eba
0ebb
0ebc
0ebc
0ebd
0ebe
0ebf
0ec0
0ec1
0ec2
0ec3
0ec4
0ec5
0ec6
0ec6
0ec7
0ec8
0ec9
0eca
0ecb
0ecc
0ecd
0ece
0ecf
0ed0
0ed0
0ed1
0ed2
0ed3
0ed4
0ed5
0ed6
0ed7
0ed8
0ed9
0eda
0eda
0edb
0edc
0edd
0ede
0edf
0ee0
0ee1
0ee2
0ee3
0ee4
0ee5
0ee5
0ee6
0ee7
0ee8
0ee9
0eea
0eeb
0eec
0eed
0eee
0eef
0eef
0ef0
0ef1
0ef2
0ef3
0ef4
0ef5
0ef6
0ef7
0ef8
0ef9
0ef9
0efa
0efb
0efc
0efd
0efe
0eff
0f00
0f01
0f02
0f03
0f03
0f04
0f05
0f06
0f07
0f08
0f09
0f0a
0f0b
0f0c
0f0d
0f0e
0f0f
0f10
0f11
0f12
0f13
0f14
0f15
0f16
0f17
0f18
0f18
0f19
0f1a
0f1b
0f1c
0f1d
0f1e
0f1f
0f20
0f21
0f22
0f23
0f24
0f25
0f26
0f27
0f28
0f29
0f2a
0f2b
0f2c
0f2d
0f2e
0f2f
0f30
0f31
0f32
0f33
0f34
0f35
0f36
0f37
0f37
0f38
0f39
0f3a
0f3b
0f3c
0f3d
0f3e
0f3f
0f40
0f41
0f42
0f43
0f44
0f45
0f46
0f47
0f48
0f49
0f4a
0f4b
0f4c
0f4d
0f4e
0f4f
0f50
0f51
0f52
0f53
0f54
0f55
0f56
0f56
0f57
0f58
0f59
0f5a
0f5b
0f5c
0f5d
0f5e
0f5f
0f60
0f61
0f62
0f63
0f64
0f65
0f66
0f67
0f68
0f69
0f6a
0f6b
0f6c
0f6d
0f6e
0f6f
0f70
0f71
0f72
0f73
0f74
0f75
0f75
0f76
0f77
0f78
0f79
0f7a
0f7b
0f7c
0f7d
0f7e
0f7f
0f80
0f81
0f82
0f83
0f84
0f85
0f86
0f87
0f88
0f89
0f8a
0f8b
0f8c
0f8d
0f8e
0f8f
0f90
0f91
0f92
0f93
0f94
0f94
0f95
0f96
0f97
0f98
0f99
0f9a
0f9b
0f9c
0f9d
0f9e
0f9f
0fa0
0fa1
0fa2
0fa3
0fa4
0fa5
0fa6
0fa7
0fa8
0fa9
0faa
0fab
0fac
0fad
0fae
0faf
0fb0
0fb1
0fb2
0fb3
0fb3
0fb4
0fb5
0fb6
0fb7
0fb8
0fb9
0fba
0fbb
0fbc
0fbd
0fbe
0fbf
0fc0
0fc1
0fc2
0fc3
0fc4
0fc5
0fc6
0fc7
0fc8
0fc9
0fca
0fcb
0fcc
0fcd
0fce
0fcf
0fd0
0fd1
0fd2
0fd2
0fd3
0fd4
0fd5
0fd6
0fd7
0fd8
0fd9
0fda
0fdb
0fdc
0fdd
0fde
0fdf
0fe0
0fe1
0fe2
0fe3
0fe4
0fe5
0fe6
0fe7
0fe8
0fe9
0fea
0feb
0fec
0fed
0fee
0fef
0ff0
0ff1
0ff1
0ff2
0ff3
0ff4
0ff5
0ff6
0ff7
0ff8
0ff9
0ffa
0ffb
0ffc
0ffd
0ffe
0fff
1000
1001
1002
1003
1004
1005
1006
1007
1008
1009
100a
100b
100c
100d
100e
100f
1011
1012
1013
1014
1015
1016
1017
1018
1019
101a
101b
101c
101d
101e
101f
1020
1021
1022
1023
1024
1025
1026
1027
1028
1029
102a
102b
102c
102d
102e
102f
1030
1032
1033
1034
1035
1036
1037
1038
1039
103a
103b
103c
103d
103e
103f
1040
1041
1042
1043
1044
1045
1046
1047
1048
1049
104a
104b
104c
104d
104e
104f
1050
1051
1053
1054
1055
1056
1057
1058
1059
105a
105b
105c
105d
105e
105f
1060
1061
1062
1063
1064
1065
1066
1067
1068
1069
106a
106b
106c
106d
106e
106f
1070
1071
1072
1074
1075
1076
1077
1078
1079
107a
107b
107c
107d
107e
107f
1080
1081
1082
1083
1084
1085
1086
1087
1088
1089
108a
108b
108c
108d
108e
108f
1090
1091
1092
1093
1095
1096
1097
1098
1099
109a
109b
109c
109d
109e
109f
10a0
10a1
10a2
10a3
10a4
10a5
10a6
10a7
10a8
10a9
10aa
10ab
10ac
10ad
10ae
10af
10b0
10b1
10b2
10b3
10b4
10b6
10b7
10b8
10b9
10ba
10bb
10bc
10bd
10be
10bf
10c0
10c1
10c2
10c3
10c4
10c5
10c6
10c7
10c8
10c9
10ca
10cb
10cc
10cd
10ce
10cf
10d0
10d1
10d2
10d3
10d4
10d5
10d7
10d8
10d9
10da
10db
10dc
10dd
10de
10df
10e0
10e1
10e2
10e3
10e4
10e5
10e6
10e7
10e8
10e9
10ea
10eb
10ec
10ed
10ee
10ef
10f0
10f1
10f2
10f3
10f4
10f5
10f6
10f8
10f9
10fa
10fb
10fc
10fd
10fe
10ff
1100
1101
1102
1103
1104
1105
1106
1107
1108
1109
110a
110b
110c
110d
110f
1110
1111
1112
1113
1114
1115
1116
1117
1118
111a
111b
111c
111d
111e
111f
1120
1121
1122
1123
1125
1126
1127
1128
1129
112a
112b
112c
112d
112e
1130
1131
1132
1133
1134
1135
1136
1137
1138
1139
113a
113c
113d
113e
113f
1140
1141
1142
1143
1144
1145
1147
1148
1149
114a
114b
114c
114d
114e
114f
1150
1152
1153
1154
1155
1156
1157
1158
1159
115a
115b
115d
115e
115f
1160
1161
1162
1163
1164
1165
1166
1167
1169
116a
116b
116c
116d
116e
116f
1170
1171
1172
1174
1175
1176
1177
1178
1179
117a
117b
117c
117d
117f
1180
1181
1182
1183
1184
1185
1186
1187
1188
118a
118b
118c
118d
118e
118f
1190
1191
1192
1193
1195
1196
1197
1198
1199
119a
119b
119c
119d
119e
119f
11a1
11a2
11a3
11a4
11a5
11a6
11a7
11a8
11a9
11aa
11ac
11ad
11ae
11af
11b0
11b1
11b2
11b3
11b4
11b5
11b7
11b8
11b9
11ba
11bb
11bc
11bd
11be
11bf
11c0
11c2
11c3
11c4
11c5
11c6
11c7
11c8
11c9
11ca
11cb
11cc
11ce
11cf
11d0
11d1
11d2
11d3
11d4
11d5
11d6
11d7
11d9
11da
11db
11dc
11dd
11de
11df
11e0
11e1
11e2
11e4
11e5
11e6
11e7
11e8
11e9
11ea
11eb
11ec
11ed
11ef
11f0
11f1
11f2
11f3
11f4
11f5
11f6
11f7
11f8
11f9
11fb
11fc
11fd
11fe
11ff
1200
1201
1202
1203
1204
1206
1207
1208
1209
120a
120b
120c
120d
120e
120f
1211
1212
1213
1214
1215
1216
1217
1218
1219
121a
121c
121d
121e
121f
1220
1221
1222
1223
1225
1226
1227
1228
1229
122a
122c
122d
122e
122f
1230
1231
1233
1234
1235
1236
1237
1238
123a
123b
123c
123d
123e
123f
1241
1242
1243
1244
1245
1247
1248
1249
124a
124b
124c
124e
124f
1250
1251
1252
1253
1255
1256
1257
1258
1259
125a
125c
125d
125e
125f
1260
1261
1263
1264
1265
1266
1267
1268
126a
126b
126c
126d
126e
1270
1271
1272
1273
1274
1275
1277
1278
1279
127a
127b
127c
127e
127f
1280
1281
1282
1283
1285
1286
1287
1288
1289
128a
128c
128d
128e
128f
1290
1292
1293
1294
1295
1296
1297
1299
129a
129b
129c
129d
129e
12a0
12a1
12a2
12a3
12a4
12a5
12a7
12a8
12a9
12aa
12ab
12ac
12ae
12af
12b0
12b1
12b2
12b3
12b5
12b6
12b7
12b8
12b9
12bb
12bc
12bd
12be
12bf
12c0
12c2
12c3
12c4
12c5
12c6
12c7
12c9
12ca
12cb
12cc
12cd
12ce
12d0
12d1
12d2
12d3
12d4
12d5
12d7
12d8
12d9
12da
12db
12dd
12de
12df
12e0
12e1
12e2
12e4
12e5
12e6
12e7
12e8
12e9
12eb
12ec
12ed
12ee
12ef
12f0
12f2
12f3
12f4
12f5
12f6
12f7
12f9
12fa
12fb
12fc
12fd
12fe
1300
1301
1302
1303
1304
1306
1307
1308
1309
130a
130b
130d
130e
130f
1310
1311
1312
1314
1315
1316
1317
1318
1319
131b
131c
131d
131e
131f
1320
1322
1323
1324
1325
1326
1328
1329
132a
132b
132c
132d
132f
1330
1331
1332
1333
1334
1336
1337
1338
1339
133a
133b
133d
133e
133f
1340
1341
1342
1344
1345
1346
1347
1348
1349
134b
134c
134d
134e
134f
1351
1352
1353
1354
1356
1357
1358
1359
135b
135c
135d
135e
1360
1361
1362
1363
1365
1366
1367
1368
136a
136b
136c
136d
136f
1370
1371
1372
1374
1375
1376
1377
1378
137a
137b
137c
137d
137f
1380
1381
1382
1384
1385
1386
1387
1389
138a
138b
138c
138e
138f
1390
1391
1393
1394
1395
1396
1398
1399
139a
139b
139d
139e
139f
13a0
13a1
13a3
13a4
13a5
13a6
13a8
13a9
13aa
13ab
13ad
13ae
13af
13b0
13b2
13b3
13b4
13b5
13b7
13b8
13b9
13ba
13bc
13bd
13be
13bf
13c1
13c2
13c3
13c4
13c5
13c7
13c8
13c9
13ca
13cc
13cd
13ce
13cf
13d1
13d2
13d3
13d4
13d6
13d7
13d8
13d9
13db
13dc
13dd
13de
13e0
13e1
13e2
13e3
13e5
13e6
13e7
13e8
13ea
13eb
13ec
13ed
13ee
13f0
13f1
13f2
13f3
13f5
13f6
13f7
13f8
13fa
13fb
13fc
13fd
13ff
1400
1401
1402
1404
1405
1406
1407
1409
140a
140b
140c
140e
140f
1410
1411
1413
1414
1415
1416
1417
1419
141a
141b
141c
141e
141f
1420
1421
1423
1424
1425
1426
1428
1429
142a
142b
142d
142e
142f
1430
1432
1433
1434
1435
1437
1438
1439
143a
143c
143d
143e
143f
1440
1442
1443
1444
1445
1447
1448
1449
144a
144c
144d
144e
144f
1451
1452
1453
1454
1456
1457
1458
1459
145b
145c
145d
145e
1460
1461
1462
1463
1464
1466
1467
1468
1469
146b
146c
146d
146e
1470
1471
1472
1473
1475
1476
1477
1478
147a
147b
147c
147d
147f
1480
1481
1482
1484
1485
1486
1487
1489
148a
148b
148c
148e
148f
1490
1492
1493
1494
1496
1497
1498
149a
149b
149c
149e
149f
14a0
14a2
14a3
14a4
14a6
14a7
14a8
14aa
14ab
14ac
14ae
14af
14b0
14b2
14b3
14b4
14b6
14b7
14b8
14b9
14bb
14bc
14bd
14bf
14c0
14c1
14c3
14c4
14c5
14c7
14c8
14c9
14cb
14cc
14cd
14cf
14d0
14d1
14d3
14d4
14d5
14d7
14d8
14d9
14db
14dc
14dd
14df
14e0
14e1
14e3
14e4
14e5
14e7
14e8
14e9
14eb
14ec
14ed
14ef
14f0
14f1
14f3
14f4
14f5
14f7
14f8
14f9
14fb
14fc
14fd
14ff
1500
1501
1503
1504
1505
1507
1508
1509
150b
150c
150d
150e
1510
1511
1512
1514
1515
1516
1518
1519
151a
151c
151d
151e
1520
1521
1522
1524
1525
1526
1528
1529
152a
152c
152d
152e
1530
1531
1532
1534
1535
1536
1538
1539
153a
153c
153d
153e
1540
1541
1542
1544
1545
1546
1548
1549
154a
154c
154d
154e
1550
1551
1552
1554
1555
1556
1558
1559
155a
155c
155d
155e
1560
1561
1562
1563
1565
1566
1567
1569
156a
156b
156d
156e
156f
1571
1572
1573
1575
1576
1577
1579
157a
157b
157d
157e
157f
1581
1582
1583
1585
1586
1587
1589
158a
158b
158d
158e
158f
1591
1592
1593
1595
1596
1597
1599
159a
159b
159d
159e
159f
15a1
15a2
15a3
15a5
15a6
15a7
15a9
15aa
15ab
15ad
15ae
15af
15b1
15b2
15b3
15b5
15b6
15b7
15b8
15ba
15bb
15bc
15be
15bf
15c0
15c2
15c3
15c4
15c6
15c7
15c8
15ca
15cb
15cc
15ce
15cf
15d0
15d2
15d3
15d4
15d6
15d7
15d8
15da
15db
15dc
15de
15df
15e0
15e2
15e3
15e5
15e6
15e7
15e9
15ea
15ec
15ed
15ef
15f0
15f1
15f3
15f4
15f6
15f7
15f8
15fa
15fb
15fd
15fe
15ff
1601
1602
1604
1605
1606
1608
1609
160b
160c
160e
160f
1610
1612
1613
1615
1616
1617
1619
161a
161c
161d
161e
1620
1621
1623
1624
1626
1627
1628
162a
162b
162d
162e
162f
1631
1632
1634
1635
1636
1638
1639
163b
163c
163d
163f
1640
1642
1643
1645
1646
1647
1649
164a
164c
164d
164e
1650
1651
1653
1654
1655
1657
1658
165a
165b
165d
165e
165f
1661
1662
1664
1665
1666
1668
1669
166b
166c
166d
166f
1670
1672
1673
1674
1676
1677
1679
167a
167c
167d
167e
1680
1681
1683
1684
1685
1687
1688
168a
168b
168c
168e
168f
1691
1692
1694
1695
1696
1698
1699
169b
169c
169d
169f
16a0
16a2
16a3
16a4
16a6
16a7
16a9
16aa
16ab
16ad
16ae
16b0
16b1
16b3
16b4
16b5
16b7
16b8
16ba
16bb
16bc
16be
16bf
16c1
16c2
16c3
16c5
16c6
16c8
16c9
16ca
16cc
16cd
16cf
16d0
16d2
16d3
16d4
16d6
16d7
16d9
16da
16db
16dd
16de
16e0
16e1
16e2
16e4
16e5
16e7
16e8
16ea
16eb
16ec
16ee
16ef
16f1
16f2
16f3
16f5
16f6
16f8
16f9
16fa
16fc
16fd
16ff
1700
1701
1703
1704
1706
1707
1709
170a
170b
170d
170e
1710
1711
1712
1714
1715
1717
1718
1719
171b
171c
171e
171f
1721
1722
1723
1725
1726
1728
1729
172a
172c
172d
172f
1730
1731
1733
1734
1736
1737
1738
173a
173b
173d
173e
1740
1741
1742
1744
1745
1747
1748
174a
174b
174d
174e
1750
1751
1753
1754
1756
1757
1759
175a
175c
175d
175f
1760
1762
1763
1765
1766
1768
1769
176b
176c
176e
176f
1771
1772
1774
1775
1777
1778
177a
177b
177d
177e
1780
1781
1783
1784
1786
1787
1789
178a
178c
178d
178f
1790
1792
1793
1795
1796
1798
1799
179b
179c
179e
179f
17a1
17a2
17a4
17a5
17a7
17a8
17aa
17ab
17ad
17ae
17b0
17b1
17b3
17b4
17b6
17b7
17b9
17ba
17bc
17bd
17bf
17c0
17c2
17c3
17c5
17c6
17c8
17c9
17cb
17cc
17ce
17cf
17d1
17d2
17d4
17d5
17d7
17d8
17da
17db
17dd
17de
17e0
17e1
17e3
17e4
17e6
17e7
17e9
17ea
17ec
17ed
17ef
17f0
17f2
17f3
17f5
17f6
17f8
17f9
17fb
17fc
17fe
17ff
1801
1802
1804
1805
1807
1808
180a
180b
180d
180e
1810
1811
1813
1814
1816
1817
1819
181a
181c
181d
181f
1820
1822
1823
1825
1826
1828
1829
182b
182c
182e
182f
1831
1832
1834
1835
1837
1838
183a
183b
183d
183e
1840
1841
1843
1844
1846
1847
1849
184a
184c
184d
184f
1850
1852
1853
1855
1856
1858
1859
185b
185c
185e
185f
1861
1862
1864
1865
1867
1868
186a
186b
186d
186e
1870
1871
1873
1874
1876
1877
1879
187a
187c
187d
187f
1880
1882
1883
1885
1886
1888
1889
188b
188c
188e
188f
1891
1892
1894
1895
1897
1898
189a
189b
189d
189e
18a0
18a1
18a3
18a4
18a6
18a7
18a9
18aa
18ac
18ad
18af
18b0
18b2
18b3
18b5
18b6
18b8
18b9
18bb
18bc
18be
18bf
18c1
18c2
18c4
18c5
18c7
18c8
18ca
18cb
18cd
18ce
18d0
18d2
18d3
18d5
18d6
18d8
18da
18db
18dd
18de
18e0
18e2
18e3
18e5
18e6
18e8
18ea
18eb
18ed
18ee
18f0
18f2
18f3
18f5
18f6
18f8
18fa
18fb
18fd
18fe
1900
1902
1903
1905
1906
1908
190a
190b
190d
190e
1910
1911
1913
1915
1916
1918
1919
191b
191d
191e
1920
1921
1923
1925
1926
1928
1929
192b
192d
192e
1930
1931
1933
1935
1936
1938
1939
193b
193d
193e
1940
1941
1943
1945
1946
1948
1949
194b
194d
194e
1950
1951
1953
1955
1956
1958
1959
195b
195d
195e
1960
1961
1963
1965
1966
1968
1969
196b
196d
196e
1970
1971
1973
1975
1976
1978
1979
197b
197d
197e
1980
1981
1983
1985
1986
1988
1989
198b
198d
198e
1990
1991
1993
1995
1996
1998
1999
199b
199c
199e
19a0
19a1
19a3
19a4
19a6
19a8
19a9
19ab
19ac
19ae
19b0
19b1
19b3
19b4
19b6
19b8
19b9
19bb
19bc
19be
19c0
19c1
19c3
19c4
19c6
19c8
19c9
19cb
19cc
19ce
19d0
19d1
19d3
19d4
19d6
19d8
19d9
19db
19dc
19de
19e0
19e1
19e3
19e4
19e6
19e8
19e9
19eb
19ec
19ee
19f0
19f1
19f3
19f4
19f6
19f8
19f9
19fb
19fc
19fe
1a00
1a01
1a03
1a04
1a06
1a08
1a09
1a0b
1a0c
1a0e
1a10
1a11
1a13
1a14
1a16
1a18
1a19
1a1b
1a1c
1a1e
1a1f
1a21
1a23
1a24
1a26
1a27
1a29
1a2b
1a2c
1a2e
1a2f
1a31
1a33
1a34
1a36
1a37
1a39
1a3b
1a3c
1a3e
1a3f
1a41
1a43
1a44
1a46
1a47
1a49
1a4b
1a4c
1a4e
1a4f
1a51
1a53
1a54
1a56
1a57
1a59
1a5b
1a5c
1a5e
1a5f
1a61
1a63
1a64
1a66
1a68
1a6a
1a6b
1a6d
1a6f
1a70
1a72
1a74
1a75
1a77
1a79
1a7b
1a7c
1a7e
1a80
1a81
1a83
1a85
1a86
1a88
1a8a
1a8c
1a8d
1a8f
1a91
1a92
1a94
1a96
1a98
1a99
1a9b
1a9d
1a9e
1aa0
1aa2
1aa3
1aa5
1aa7
1aa9
1aaa
1aac
1aae
1aaf
1ab1
1ab3
1ab4
1ab6
1ab8
1aba
1abb
1abd
1abf
1ac0
1ac2
1ac4
1ac5
1ac7
1ac9
1acb
1acc
1ace
1ad0
1ad1
1ad3
1ad5
1ad7
1ad8
1ada
1adc
1add
1adf
1ae1
1ae2
1ae4
1ae6
1ae8
1ae9
1aeb
1aed
1aee
1af0
1af2
1af3
1af5
1af7
1af9
1afa
1afc
1afe
1aff
1b01
1b03
1b05
1b06
1b08
1b0a
1b0b
1b0d
1b0f
1b10
1b12
1b14
1b16
1b17
1b19
1b1b
1b1c
1b1e
1b20
1b21
1b23
1b25
1b27
1b28
1b2a
1b2c
1b2d
1b2f
1b31
1b32
1b34
1b36
1b38
1b39
1b3b
1b3d
1b3e
1b40
1b42
1b44
1b45
1b47
1b49
1b4a
1b4c
1b4e
1b4f
1b51
1b53
1b55
1b56
1b58
1b5a
1b5b
1b5d
1b5f
1b60
1b62
1b64
1b66
1b67
1b69
1b6b
1b6c
1b6e
1b70
1b72
1b73
1b75
1b77
1b78
1b7a
1b7c
1b7d
1b7f
1b81
1b83
1b84
1b86
1b88
1b89
1b8b
1b8d
1b8e
1b90
1b92
1b94
1b95
1b97
1b99
1b9a
1b9c
1b9e
1b9f
1ba1
1ba3
1ba5
1ba6
1ba8
1baa
1bab
1bad
1baf
1bb1
1bb2
1bb4
1bb6
1bb7
1bb9
1bbb
1bbc
1bbe
1bc0
1bc2
1bc3
1bc5
1bc7
1bc8
1bca
1bcc
1bcd
1bcf
1bd1
1bd3
1bd4
1bd6
1bd8
1bd9
1bdb
1bdd
1bdf
1be0
1be2
1be4
1be5
1be7
1be9
1bea
1bec
1bee
1bf0
1bf1
1bf3
1bf5
1bf6
1bf8
1bfa
1bfb
1bfd
1bff
1c01
1c02
1c04
1c06
1c07
1c09
1c0b
1c0c
1c0e
1c10
1c12
1c13
1c15
1c17
1c19
1c1a
1c1c
1c1e
1c20
1c22
1c23
1c25
1c27
1c29
1c2b
1c2d
1c2e
1c30
1c32
1c34
1c36
1c37
1c39
1c3b
1c3d
1c3f
1c40
1c42
1c44
1c46
1c48
1c49
1c4b
1c4d
1c4f
1c51
1c52
1c54
1c56
1c58
1c5a
1c5c
1c5d
1c5f
1c61
1c63
1c65
1c66
1c68
1c6a
1c6c
1c6e
1c6f
1c71
1c73
1c75
1c77
1c78
1c7a
1c7c
1c7e
1c80
1c82
1c83
1c85
1c87
1c89
1c8b
1c8c
1c8e
1c90
1c92
1c94
1c95
1c97
1c99
1c9b
1c9d
1c9e
1ca0
1ca2
1ca4
1ca6
1ca7
1ca9
1cab
1cad
1caf
1cb1
1cb2
1cb4
1cb6
1cb8
1cba
1cbb
1cbd
1cbf
1cc1
1cc3
1cc4
1cc6
1cc8
1cca
1ccc
1ccd
1ccf
1cd1
1cd3
1cd5
1cd7
1cd8
1cda
1cdc
1cde
1ce0
1ce1
1ce3
1ce5
1ce7
1ce9
1cea
1cec
1cee
1cf0
1cf2
1cf3
1cf5
1cf7
1cf9
1cfb
1cfd
1cfe
1d00
1d02
1d04
1d06
1d07
1d09
1d0b
1d0d
1d0f
1d10
1d12
1d14
1d16
1d18
1d19
1d1b
1d1d
1d1f
1d21
1d22
1d24
1d26
1d28
1d2a
1d2c
1d2d
1d2f
1d31
1d33
1d35
1d36
1d38
1d3a
1d3c
1d3e
1d3f
1d41
1d43
1d45
1d47
1d48
1d4a
1d4c
1d4e
1d50
1d52
1d53
1d55
1d57
1d59
1d5b
1d5c
1d5e
1d60
1d62
1d64
1d65
1d67
1d69
1d6b
1d6d
1d6e
1d70
1d72
1d74
1d76
1d77
1d79
1d7b
1d7d
1d7f
1d81
1d82
1d84
1d86
1d88
1d8a
1d8b
1d8d
1d8f
1d91
1d93
1d94
1d96
1d98
1d9a
1d9c
1d9d
1d9f
1da1
1da3
1da5
1da7
1da8
1daa
1dac
1dae
1db0
1db1
1db3
1db5
1db7
1db9
1dba
1dbc
1dbe
1dc0
1dc2
1dc3
1dc5
1dc7
1dc9
1dcb
1dcc
1dce
1dd0
1dd2
1dd4
1dd6
1dd7
1dd9
1ddb
1ddd
1ddf
1de0
1de2
1de4
1de6
1de8
1dea
1dec
1dee
1df0
1df2
1df3
1df5
1df7
1df9
1dfb
1dfd
1dff
1e01
1e03
1e05
1e07
1e09
1e0b
1e0d
1e0e
1e10
1e12
1e14
1e16
1e18
1e1a
1e1c
1e1e
1e20
1e22
1e24
1e26
1e28
1e29
1e2b
1e2d
1e2f
1e31
1e33
1e35
1e37
1e39
1e3b
1e3d
1e3f
1e41
1e43
1e44
1e46
1e48
1e4a
1e4c
1e4e
1e50
1e52
1e54
1e56
1e58
1e5a
1e5c
1e5e
1e60
1e61
1e63
1e65
1e67
1e69
1e6b
1e6d
1e6f
1e71
1e73
1e75
1e77
1e79
1e7b
1e7c
1e7e
1e80
1e82
1e84
1e86
1e88
1e8a
1e8c
1e8e
1e90
1e92
1e94
1e96
1e97
1e99
1e9b
1e9d
1e9f
1ea1
1ea3
1ea5
1ea7
1ea9
1eab
1ead
1eaf
1eb1
1eb2
1eb4
1eb6
1eb8
1eba
1ebc
1ebe
1ec0
1ec2
1ec4
1ec6
1ec8
1eca
1ecc
1ecd
1ecf
1ed1
1ed3
1ed5
1ed7
1ed9
1edb
1edd
1edf
1ee1
1ee3
1ee5
1ee7
1ee9
1eea
1eec
1eee
1ef0
1ef2
1ef4
1ef6
1ef8
1efa
1efc
1efe
1f00
1f02
1f04
1f05
1f07
1f09
1f0b
1f0d
1f0f
1f11
1f13
1f15
1f17
1f19
1f1b
1f1d
1f1f
1f20
1f22
1f24
1f26
1f28
1f2a
1f2c
1f2e
1f30
1f32
1f34
1f36
1f38
1f3a
1f3b
1f3d
1f3f
1f41
1f43
1f45
1f47
1f49
1f4b
1f4d
1f4f
1f51
1f53
1f55
1f57
1f58
1f5a
1f5c
1f5e
1f60
1f62
1f64
1f66
1f68
1f6a
1f6c
1f6e
1f70
1f72
1f73
1f75
1f77
1f79
1f7b
1f7d
1f7f
1f81
1f83
1f85
1f87
1f89
1f8b
1f8d
1f8e
1f90
1f92
1f94
1f96
1f98
1f9a
1f9c
1f9e
1fa0
1fa2
1fa4
1fa6
1fa8
1fa9
1fab
1fad
1faf
1fb1
1fb3
1fb5
1fb7
1fb9
1fbb
1fbd
1fbf
1fc1
1fc3
1fc4
1fc6
1fc8
1fca
1fcc
1fce
1fd0
1fd2
1fd4
1fd6
1fd8
1fda
1fdc
1fde
1fe0
1fe2
1fe4
1fe7
1fe9
1feb
1fed
1fef
1ff1
1ff3
1ff5
1ff7
1ff9
1ffb
1ffd
1fff
2001
2003
2005
2007
2009
200b
200d
2010
2012
2014
2016
2018
201a
201c
201e
2020
2022
2024
2026
2028
202a
202c
202e
2030
2032
2034
2036
2039
203b
203d
203f
2041
2043
2045
2047
2049
204b
204d
204f
2051
2053
2055
2057
2059
205b
205d
2060
2062
2064
2066
2068
206a
206c
206e
2070
2072
2074
2076
2078
207a
207c
207e
2080
2082
2084
2086
2089
208b
208d
208f
2091
2093
2095
2097
2099
209b
209d
209f
20a1
20a3
20a5
20a7
20a9
20ab
20ad
20af
20b2
20b4
20b6
20b8
20ba
20bc
20be
20c0
20c2
20c4
20c6
20c8
20ca
20cc
20ce
20d0
20d2
20d4
20d6
20d9
20db
20dd
20df
20e1
20e3
20e5
20e7
20e9
20eb
20ed
20ef
20f1
20f3
20f5
20f7
20f9
20fb
20fd
20ff
2102
2104
2106
2108
210a
210c
210e
2110
2112
2114
2116
2118
211a
211c
211e
2120
2122
2124
2126
2128
212b
212d
212f
2131
2133
2135
2137
2139
213b
213d
213f
2141
2143
2145
2147
2149
214b
214d
214f
2151
2154
2156
2158
215a
215c
215e
2160
2162
2164
2166
2168
216a
216c
216e
2170
2172
2174
2176
2178
217b
217d
217f
2181
2183
2185
2187
2189
218b
218d
218f
2191
2193
2195
2197
2199
219b
219d
219f
21a1
21a4
21a6
21a8
21aa
21ac
21ae
21b0
21b2
21b4
21b6
21b8
21ba
21bc
21be
21c0
21c2
21c4
21c6
21c8
21ca
21cd
21cf
21d1
21d3
21d5
21d7
21d9
21db
21dd
21df
21e1
21e3
21e6
21e8
21ea
21ec
21ee
21f0
21f3
21f5
21f7
21f9
21fb
21fe
2200
2202
2204
2206
2208
220b
220d
220f
2211
2213
2216
2218
221a
221c
221e
2221
2223
2225
2227
2229
222b
222e
2230
2232
2234
2236
2239
223b
223d
223f
2241
2243
2246
2248
224a
224c
224e
2251
2253
2255
2257
2259
225b
225e
2260
2262
2264
2266
2269
226b
226d
226f
2271
2273
2276
2278
227a
227c
227e
2281
2283
2285
2287
2289
228c
228e
2290
2292
2294
2296
2299
229b
229d
229f
22a1
22a4
22a6
22a8
22aa
22ac
22ae
22b1
22b3
22b5
22b7
22b9
22bc
22be
22c0
22c2
22c4
22c6
22c9
22cb
22cd
22cf
22d1
22d4
22d6
22d8
22da
22dc
22de
22e1
22e3
22e5
22e7
22e9
22ec
22ee
22f0
22f2
22f4
22f7
22f9
22fb
22fd
22ff
2301
2304
2306
2308
230a
230c
230f
2311
2313
2315
2317
2319
231c
231e
2320
2322
2324
2327
2329
232b
232d
232f
2331
2334
2336
2338
233a
233c
233f
2341
2343
2345
2347
2349
234c
234e
2350
2352
2354
2357
2359
235b
235d
235f
2361
2364
2366
2368
236a
236c
236f
2371
2373
2375
2377
237a
237c
237e
2380
2382
2384
2387
2389
238b
238d
238f
2392
2394
2396
2398
239a
239c
239f
23a1
23a3
23a5
23a7
23aa
23ac
23ae
23b0
23b2
23b4
23b7
23b9
23bb
23bd
23bf
23c2
23c4
23c6
23c8
23ca
23cc
23cf
23d1
23d3
23d5
23d7
23da
23dc
23de
23e0
23e2
23e5
23e7
23e9
23eb
23ed
23ef
23f2
23f4
23f6
23f8
23fa
23fd
23ff
2401
2403
2405
2407
240a
240c
240e
2410
2413
2415
2417
241a
241c
241e
2421
2423
2425
2428
242a
242c
242f
2431
2433
2436
2438
243a
243d
243f
2441
2444
2446
2448
244b
244d
244f
2452
2454
2456
2459
245b
245d
245f
2462
2464
2466
2469
246b
246d
2470
2472
2474
2477
2479
247b
247e
2480
2482
2485
2487
2489
248c
248e
2490
2493
2495
2497
249a
249c
249e
24a1
24a3
24a5
24a8
24aa
24ac
24af
24b1
24b3
24b6
24b8
24ba
24bd
24bf
24c1
24c4
24c6
24c8
24cb
24cd
24cf
24d2
24d4
24d6
24d9
24db
24dd
24e0
24e2
24e4
24e7
24e9
24eb
24ee
24f0
24f2
24f4
24f7
24f9
24fb
24fe
2500
2502
2505
2507
2509
250c
250e
2510
2513
2515
2517
251a
251c
251e
2521
2523
2525
2528
252a
252c
252f
2531
2533
2536
2538
253a
253d
253f
2541
2544
2546
2548
254b
254d
254f
2552
2554
2556
2559
255b
255d
2560
2562
2564
2567
2569
256b
256e
2570
2572
2575
2577
2579
257c
257e
2580
2583
2585
2587
2589
258c
258e
2590
2593
2595
2597
259a
259c
259e
25a1
25a3
25a5
25a8
25aa
25ac
25af
25b1
25b3
25b6
25b8
25ba
25bd
25bf
25c1
25c4
25c6
25c8
25cb
25cd
25cf
25d2
25d4
25d6
25d9
25db
25dd
25e0
25e2
25e4
25e7
25e9
25eb
25ee
25f0
25f2
25f5
25f7
25f9
25fc
25fe
2600
2603
2605
2607
260a
260c
260e
2611
2613
2615
2618
261a
261c
261e
2621
2623
2625
2628
262a
262c
262f
2631
2633
2636
2638
263a
263d
263f
2641
2644
2646
2648
264b
264d
264f
2652
2654
2656
2659
265b
265d
2660
2662
2664
2667
2669
266c
266e
2671
2673
2676
2678
267b
267d
2680
2682
2685
2687
268a
268c
268f
2691
2694
2696
2698
269b
269d
26a0
26a2
26a5
26a7
26aa
26ac
26af
26b1
26b4
26b6
26b9
26bb
26be
26c0
26c3
26c5
26c8
26ca
26cc
26cf
26d1
26d4
26d6
26d9
26db
26de
26e0
26e3
26e5
26e8
26ea
26ed
26ef
26f2
26f4
26f7
26f9
26fc
26fe
2701
2703
2705
2708
270a
270d
270f
2712
2714
2717
2719
271c
271e
2721
2723
2726
2728
272b
272d
2730
2732
2735
2737
2739
273c
273e
2741
2743
2746
2748
274b
274d
2750
2752
2755
2757
275a
275c
275f
2761
2764
2766
2769
276b
276d
2770
2772
2775
2777
277a
277c
277f
2781
2784
2786
2789
278b
278e
2790
2793
2795
2798
279a
279d
279f
27a1
27a4
27a6
27a9
27ab
27ae
27b0
27b3
27b5
27b8
27ba
27bd
27bf
27c2
27c4
27c7
27c9
27cc
27ce
27d1
27d3
27d5
27d8
27da
27dd
27df
27e2
27e4
27e7
27e9
27ec
27ee
27f1
27f3
27f6
27f8
27fb
27fd
2800
2802
2805
2807
2809
280c
280e
2811
2813
2816
2818
281b
281d
2820
2822
2825
2827
282a
282c
282f
2831
2834
2836
2839
283b
283e
2840
2842
2845
2847
284a
284c
284f
2851
2854
2856
2859
285b
285e
2860
2863
2865
2868
286a
286d
286f
2872
2874
2876
2879
287b
287e
2880
2883
2885
2888
288a
288d
288f
2892
2894
2897
2899
289c
289e
28a1
28a3
28a6
28a8
28aa
28ad
28af
28b2
28b4
28b7
28b9
28bc
28be
28c1
28c3
28c6
28c8
28cb
28cd
28d0
28d2
28d5
28d7
28da
28dc
28df
28e1
28e4
28e7
28e9
28ec
28ee
28f1
28f4
28f6
28f9
28fc
28fe
2901
2903
2906
2909
290b
290e
2911
2913
2916
2919
291b
291e
2920
2923
2926
2928
292b
292e
2930
2933
2936
2938
293b
293d
2940
2943
2945
2948
294b
294d
2950
2952
2955
2958
295a
295d
2960
2962
2965
2968
296a
296d
296f
2972
2975
2977
297a
297d
297f
2982
2985
2987
298a
298c
298f
2992
2994
2997
299a
299c
299f
29a1
29a4
29a7
29a9
29ac
29af
29b1
29b4
29b7
29b9
29bc
29be
29c1
29c4
29c6
29c9
29cc
29ce
29d1
29d3
29d6
29d9
29db
29de
29e1
29e3
29e6
29e9
29eb
29ee
29f0
29f3
29f6
29f8
29fb
29fe
2a00
2a03
2a06
2a08
2a0b
2a0d
2a10
2a13
2a15
2a18
2a1b
2a1d
2a20
2a22
2a25
2a28
2a2a
2a2d
2a30
2a32
2a35
2a38
2a3a
2a3d
2a3f
2a42
2a45
2a47
2a4a
2a4d
2a4f
2a52
2a54
2a57
2a5a
2a5c
2a5f
2a62
2a64
2a67
2a6a
2a6c
2a6f
2a71
2a74
2a77
2a79
2a7c
2a7f
2a81
2a84
2a87
2a89
2a8c
2a8e
2a91
2a94
2a96
2a99
2a9c
2a9e
2aa1
2aa3
2aa6
2aa9
2aab
2aae
2ab1
2ab3
2ab6
2ab9
2abb
2abe
2ac0
2ac3
2ac6
2ac8
2acb
2ace
2ad0
2ad3
2ad6
2ad8
2adb
2add
2ae0
2ae3
2ae5
2ae8
2aeb
2aed
2af0
2af2
2af5
2af8
2afa
2afd
2b00
2b02
2b05
2b08
2b0a
2b0d
2b0f
2b12
2b15
2b17
2b1a
2b1d
2b1f
2b22
2b24
2b27
2b2a
2b2c
2b2f
2b32
2b34
2b37
2b3a
2b3c
2b3f
2b41
2b44
2b47
2b49
2b4c
2b4f
2b51
2b54
2b57
2b59
2b5c
2b5e
2b61
2b64
2b66
2b69
2b6c
2b6e
2b71
2b73
2b76
2b79
2b7b
2b7e
2b81
2b84
2b86
2b89
2b8c
2b8f
2b92
2b94
2b97
2b9a
2b9d
2ba0
2ba2
2ba5
2ba8
2bab
2bae
2bb0
2bb3
2bb6
2bb9
2bbc
2bbf
2bc1
2bc4
2bc7
2bca
2bcd
2bcf
2bd2
2bd5
2bd8
2bdb
2bdd
2be0
2be3
2be6
2be9
2beb
2bee
2bf1
2bf4
2bf7
2bf9
2bfc
2bff
2c02
2c05
2c07
2c0a
2c0d
2c10
2c13
2c15
2c18
2c1b
2c1e
2c21
2c23
2c26
2c29
2c2c
2c2f
2c32
2c34
2c37
2c3a
2c3d
2c40
2c42
2c45
2c48
2c4b
2c4e
2c50
2c53
2c56
2c59
2c5c
2c5e
2c61
2c64
2c67
2c6a
2c6c
2c6f
2c72
2c75
2c78
2c7a
2c7d
2c80
2c83
2c86
2c88
2c8b
2c8e
2c91
2c94
2c96
2c99
2c9c
2c9f
2ca2
2ca4
2ca7
2caa
2cad
2cb0
2cb3
2cb5
2cb8
2cbb
2cbe
2cc1
2cc3
2cc6
2cc9
2ccc
2ccf
2cd1
2cd4
2cd7
2cda
2cdd
2cdf
2ce2
2ce5
2ce8
2ceb
2ced
2cf0
2cf3
2cf6
2cf9
2cfb
2cfe
2d01
2d04
2d07
2d09
2d0c
2d0f
2d12
2d15
2d17
2d1a
2d1d
2d20
2d23
2d26
2d28
2d2b
2d2e
2d31
2d34
2d36
2d39
2d3c
2d3f
2d42
2d44
2d47
2d4a
2d4d
2d50
2d52
2d55
2d58
2d5b
2d5e
2d60
2d63
2d66
2d69
2d6c
2d6e
2d71
2d74
2d77
2d7a
2d7c
2d7f
2d82
2d85
2d88
2d8a
2d8d
2d90
2d93
2d96
2d99
2d9b
2d9e
2da1
2da4
2da7
2da9
2dac
2daf
2db2
2db5
2db7
2dba
2dbd
2dc0
2dc3
2dc5
2dc8
2dcb
2dce
2dd1
2dd3
2dd6
2dd9
2ddc
2ddf
2de1
2de4
2de7
2dea
2ded
2def
2df2
2df5
2df8
2dfb
2dfd
2e00
2e03
2e06
2e09
2e0b
2e0e
2e11
2e14
2e17
2e1a
2e1c
2e1f
2e22
2e25
2e28
2e2a
2e2d
2e30
2e33
2e36
2e38
2e3b
2e3e
2e41
2e44
2e46
2e49
2e4c
2e4f
2e52
2e55
2e58
2e5b
2e5e
2e61
2e64
2e67
2e6a
2e6d
2e70
2e73
2e76
2e79
2e7c
2e7f
2e82
2e85
2e88
2e8b
2e8e
2e91
2e94
2e97
2e9a
2e9d
2ea0
2ea3
2ea6
2ea9
2eac
2eaf
2eb2
2eb5
2eb8
2ebb
2ebe
2ec1
2ec4
2ec7
2eca
2ecc
2ecf
2ed2
2ed5
2ed8
2edb
2ede
2ee1
2ee4
2ee7
2eea
2eed
2ef0
2ef3
2ef6
2ef9
2efc
2eff
2f02
2f05
2f08
2f0b
2f0e
2f11
2f14
2f17
2f1a
2f1d
2f20
2f23
2f26
2f29
2f2c
2f2f
2f32
2f35
2f38
2f3b
2f3e
2f41
2f44
2f47
2f4a
2f4d
2f50
2f53
2f56
2f59
2f5c
2f5f
2f62
2f65
2f68
2f6b
2f6e
2f71
2f74
2f77
2f7a
2f7d
2f80
2f83
2f86
2f89
2f8c
2f8f
2f92
2f95
2f98
2f9b
2f9e
2fa1
2fa4
2fa7
2faa
2fad
2fb0
2fb3
2fb6
2fb9
2fbc
2fbf
2fc2
2fc5
2fc8
2fcb
2fcd
2fd0
2fd3
2fd6
2fd9
2fdc
2fdf
2fe2
2fe5
2fe8
2feb
2fee
2ff1
2ff4
2ff7
2ffa
2ffd
3000
3003
3006
3009
300c
300f
3012
3015
3018
301b
301e
3021
3024
3027
302a
302d
3030
3033
3036
3039
303c
303f
3042
3045
3048
304b
304e
3051
3054
3057
305a
305d
3060
3063
3066
3069
306c
306f
3072
3075
3078
307b
307e
3081
3084
3087
308a
308d
3090
3093
3096
3099
309c
309f
30a2
30a5
30a8
30ab
30ae
30b1
30b4
30b7
30ba
30bd
30c0
30c3
30c6
30c9
30cb
30ce
30d1
30d4
30d7
30da
30dd
30e0
30e3
30e6
30e9
30ec
30ef
30f2
30f5
30f8
30fb
30fe
3101
3104
3107
310a
310d
3110
3113
3116
3119
311c
311f
3122
3125
3128
312b
312e
3131
3134
3137
313a
313d
3140
3143
3146
3149
314c
314f
3153
3156
3159
315c
315f
3162
3166
3169
316c
316f
3172
3175
3179
317c
317f
3182
3185
3189
318c
318f
3192
3195
3198
319c
319f
31a2
31a5
31a8
31ab
31af
31b2
31b5
31b8
31bb
31bf
31c2
31c5
31c8
31cb
31ce
31d2
31d5
31d8
31db
31de
31e1
31e5
31e8
31eb
31ee
31f1
31f4
31f8
31fb
31fe
3201
3204
3208
320b
320e
3211
3214
3217
321b
321e
3221
3224
3227
322a
322e
3231
3234
3237
323a
323e
3241
3244
3247
324a
324d
3251
3254
3257
325a
325d
3260
3264
3267
326a
326d
3270
3274
3277
327a
327d
3280
3283
3287
328a
328d
3290
3293
3296
329a
329d
32a0
32a3
32a6
32aa
32ad
32b0
32b3
32b6
32b9
32bd
32c0
32c3
32c6
32c9
32cc
32d0
32d3
32d6
32d9
32dc
32e0
32e3
32e6
32e9
32ec
32ef
32f3
32f6
32f9
32fc
32ff
3302
3306
3309
330c
330f
3312
3315
3319
331c
331f
3322
3325
3329
332c
332f
3332
3335
3338
333c
333f
3342
3345
3348
334b
334f
3352
3355
3358
335b
335f
3362
3365
3368
336b
336e
3372
3375
3378
337b
337e
3381
3385
3388
338b
338e
3391
3395
3398
339b
339e
33a1
33a4
33a8
33ab
33ae
33b1
33b4
33b7
33bb
33be
33c1
33c4
33c7
33cb
33ce
33d1
33d4
33d7
33da
33de
33e1
33e4
33e7
33ea
33ed
33f1
33f4
33f7
33fa
33fd
3400
3404
3407
340a
340d
3410
3414
3417
341a
341d
3420
3423
3427
342a
342d
3430
3433
3436
343a
343d
3440
3443
3446
344a
344d
3450
3453
3456
3459
345d
3460
3463
3466
3469
346c
3470
3473
3476
3479
347d
3480
3484
3487
348a
348e
3491
3494
3498
349b
349f
34a2
34a5
34a9
34ac
34b0
34b3
34b6
34ba
34bd
34c0
34c4
34c7
34cb
34ce
34d1
34d5
34d8
34db
34df
34e2
34e6
34e9
34ec
34f0
34f3
34f7
34fa
34fd
3501
3504
3507
350b
350e
3512
3515
3518
351c
351f
3523
3526
3529
352d
3530
3533
3537
353a
353e
3541
3544
3548
354b
354f
3552
3555
3559
355c
355f
3563
3566
356a
356d
3570
3574
3577
357a
357e
3581
3585
3588
358b
358f
3592
3596
3599
359c
35a0
35a3
35a6
35aa
35ad
35b1
35b4
35b7
35bb
35be
35c2
35c5
35c8
35cc
35cf
35d2
35d6
35d9
35dd
35e0
35e3
35e7
35ea
35ed
35f1
35f4
35f8
35fb
35fe
3602
3605
3609
360c
360f
3613
3616
3619
361d
3620
3624
3627
362a
362e
3631
3635
3638
363b
363f
3642
3645
3649
364c
3650
3653
3656
365a
365d
3661
3664
3667
366b
366e
3671
3675
3678
367c
367f
3682
3686
3689
368c
3690
3693
3697
369a
369d
36a1
36a4
36a8
36ab
36ae
36b2
36b5
36b8
36bc
36bf
36c3
36c6
36c9
36cd
36d0
36d4
36d7
36da
36de
36e1
36e4
36e8
36eb
36ef
36f2
36f5
36f9
36fc
3700
3703
3706
370a
370d
3710
3714
3717
371b
371e
3721
3725
3728
372b
372f
3732
3736
3739
373c
3740
3743
3747
374a
374d
3751
3754
3757
375b
375e
3762
3765
3768
376c
376f
3773
3776
3779
377d
3780
3783
3787
378a
378e
3791
3794
3798
379b
379e
37a2
37a5
37a9
37ac
37af
37b3
37b6
37ba
37bd
37c0
37c4
37c7
37ca
37ce
37d1
37d5
37d8
37dc
37df
37e3
37e6
37ea
37ee
37f1
37f5
37f8
37fc
3800
3803
3807
380a
380e
3812
3815
3819
381c
3820
3824
3827
382b
382e
3832
3836
3839
383d
3840
3844
3848
384b
384f
3852
3856
385a
385d
3861
3864
3868
386c
386f
3873
3876
387a
387e
3881
3885
3888
388c
3890
3893
3897
389a
389e
38a2
38a5
38a9
38ac
38b0
38b4
38b7
38bb
38bf
38c2
38c6
38c9
38cd
38d1
38d4
38d8
38db
38df
38e3
38e6
38ea
38ed
38f1
38f5
38f8
38fc
38ff
3903
3907
390a
390e
3911
3915
3919
391c
3920
3923
3927
392b
392e
3932
3935
3939
393d
3940
3944
3947
394b
394f
3952
3956
3959
395d
3961
3964
3968
396b
396f
3973
3976
397a
397d
3981
3985
3988
398c
398f
3993
3997
399a
399e
39a1
39a5
39a9
39ac
39b0
39b3
39b7
39bb
39be
39c2
39c5
39c9
39cd
39d0
39d4
39d7
39db
39df
39e2
39e6
39e9
39ed
39f1
39f4
39f8
39fb
39ff
3a03
3a06
3a0a
3a0d
3a11
3a15
3a18
3a1c
3a1f
3a23
3a27
3a2a
3a2e
3a31
3a35
3a39
3a3c
3a40
3a43
3a47
3a4b
3a4e
3a52
3a55
3a59
3a5d
3a60
3a64
3a67
3a6b
3a6f
3a72
3a76
3a79
3a7d
3a81
3a84
3a88
3a8c
3a8f
3a93
3a96
3a9a
3a9e
3aa1
3aa5
3aa8
3aac
3ab0
3ab3
3ab7
3aba
3abe
3ac2
3ac5
3ac9
3acc
3ad0
3ad4
3ad7
3adb
3ade
3ae2
3ae6
3ae9
3aed
3af0
3af4
3af8
3afb
3aff
3b02
3b06
3b0a
3b0d
3b11
3b14
3b18
3b1c
3b1f
3b23
3b26
3b2a
3b2e
3b31
3b35
3b38
3b3c
3b40
3b43
3b47
3b4a
3b4e
3b52
3b55
3b59
3b5c
3b60
3b64
3b67
3b6b
3b6e
3b72
3b76
3b7a
3b7e
3b81
3b85
3b89
3b8d
3b91
3b95
3b98
3b9c
3ba0
3ba4
3ba8
3bac
3baf
3bb3
3bb7
3bbb
3bbf
3bc3
3bc6
3bca
3bce
3bd2
3bd6
3bda
3bdd
3be1
3be5
3be9
3bed
3bf1
3bf4
3bf8
3bfc
3c00
3c04
3c08
3c0b
3c0f
3c13
3c17
3c1b
3c1f
3c22
3c26
3c2a
3c2e
3c32
3c36
3c39
3c3d
3c41
3c45
3c49
3c4d
3c50
3c54
3c58
3c5c
3c60
3c64
3c68
3c6b
3c6f
3c73
3c77
3c7b
3c7f
3c82
3c86
3c8a
3c8e
3c92
3c96
3c99
3c9d
3ca1
3ca5
3ca9
3cad
3cb0
3cb4
3cb8
3cbc
3cc0
3cc4
3cc7
3ccb
3ccf
3cd3
3cd7
3cdb
3cde
3ce2
3ce6
3cea
3cee
3cf2
3cf5
3cf9
3cfd
3d01
3d05
3d09
3d0c
3d10
3d14
3d18
3d1c
3d20
3d23
3d27
3d2b
3d2f
3d33
3d37
3d3a
3d3e
3d42
3d46
3d4a
3d4e
3d51
3d55
3d59
3d5d
3d61
3d65
3d69
3d6c
3d70
3d74
3d78
3d7c
3d80
3d83
3d87
3d8b
3d8f
3d93
3d97
3d9a
3d9e
3da2
3da6
3daa
3dae
3db1
3db5
3db9
3dbd
3dc1
3dc5
3dc8
3dcc
3dd0
3dd4
3dd8
3ddc
3ddf
3de3
3de7
3deb
3def
3df3
3df6
3dfa
3dfe
3e02
3e06
3e0a
3e0d
3e11
3e15
3e19
3e1d
3e21
3e24
3e28
3e2c
3e30
3e34
3e38
3e3b
3e3f
3e43
3e47
3e4b
3e4f
3e53
3e56
3e5a
3e5e
3e62
3e66
3e6a
3e6d
3e71
3e75
3e79
3e7d
3e81
3e84
3e88
3e8c
3e90
3e94
3e98
3e9b
3e9f
3ea3
3ea7
3eab
3eaf
3eb2
3eb6
3eba
3ebe
3ec2
3ec6
3ec9
3ecd
3ed1
3ed5
3ed9
3edd
3ee0
3ee4
3ee8
3eec
3ef0
3ef4
3ef7
3efb
3eff
3f03
3f07
3f0b
3f0e
3f12
3f16
3f1a
3f1e
3f22
3f25
3f29
3f2d
3f31
3f35
3f39
3f3c
3f40
3f44
3f48
3f4c
3f50
3f54
3f58
3f5c
3f60
3f65
3f69
3f6d
3f71
3f75
3f79
3f7d
3f81
3f85
3f89
3f8d
3f91
3f96
3f9a
3f9e
3fa2
3fa6
3faa
3fae
3fb2
3fb6
3fba
3fbe
3fc2
3fc7
3fcb
3fcf
3fd3
3fd7
3fdb
3fdf
3fe3
3fe7
3feb
3fef
3ff3
3ff8
3ffc
4000
4004
4008
400c
4010
4014
4018
401c
4020
4024
4029
402d
4031
4035
4039
403d
4041
4045
4049
404d
4051
4055
4059
405e
4062
4066
406a
406e
4072
4076
407a
407e
4082
4086
408a
408f
4093
4097
409b
409f
40a3
40a7
40ab
40af
40b3
40b7
40bb
40c0
40c4
40c8
40cc
40d0
40d4
40d8
40dc
40e0
40e4
40e8
40ec
40f1
40f5
40f9
40fd
4101
4105
4109
410d
4111
4115
4119
411d
4122
4126
412a
412e
4132
4136
413a
413e
4142
4146
414a
414e
4153
4157
415b
415f
4163
4167
416b
416f
4173
4177
417b
417f
4183
4188
418c
4190
4194
4198
419c
41a0
41a4
41a8
41ac
41b0
41b4
41b9
41bd
41c1
41c5
41c9
41cd
41d1
41d5
41d9
41dd
41e1
41e5
41ea
41ee
41f2
41f6
41fa
41fe
4202
4206
420a
420e
4212
4216
421b
421f
4223
4227
422b
422f
4233
4237
423b
423f
4243
4247
424c
4250
4254
4258
425c
4260
4264
4268
426c
4270
4274
4278
427c
4281
4285
4289
428d
4291
4295
4299
429d
42a1
42a5
42a9
42ad
42b2
42b6
42ba
42be
42c2
42c6
42ca
42ce
42d2
42d6
42da
42de
42e3
42e7
42eb
42ef
42f3
42f7
42fb
42ff
4303
4307
430b
430f
4314
4318
431c
4320
4324
4328
432c
4330
4334
4338
433c
4340
4345
4349
434d
4351
4355
4359
435d
4361
4366
436a
436e
4373
4377
437b
4380
4384
4388
438d
4391
4395
439a
439e
43a3
43a7
43ab
43b0
43b4
43b8
43bd
43c1
43c5
43ca
43ce
43d2
43d7
43db
43df
43e4
43e8
43ec
43f1
43f5
43f9
43fe
4402
4406
440b
440f
4413
4418
441c
4420
4425
4429
442e
4432
4436
443b
443f
4443
4448
444c
4450
4455
4459
445d
4462
4466
446a
446f
4473
4477
447c
4480
4484
4489
448d
4491
4496
449a
449e
44a3
44a7
44ab
44b0
44b4
44b9
44bd
44c1
44c6
44ca
44ce
44d3
44d7
44db
44e0
44e4
44e8
44ed
44f1
44f5
44fa
44fe
4502
4507
450b
450f
4514
4518
451c
4521
4525
4529
452e
4532
4536
453b
453f
4544
4548
454c
4551
4555
4559
455e
4562
4566
456b
456f
4573
4578
457c
4580
4585
4589
458d
4592
4596
459a
459f
45a3
45a7
45ac
45b0
45b4
45b9
45bd
45c1
45c6
45ca
45cf
45d3
45d7
45dc
45e0
45e4
45e9
45ed
45f1
45f6
45fa
45fe
4603
4607
460b
4610
4614
4618
461d
4621
4625
462a
462e
4632
4637
463b
463f
4644
4648
464c
4651
4655
465a
465e
4662
4667
466b
466f
4674
4678
467c
4681
4685
4689
468e
4692
4696
469b
469f
46a3
46a8
46ac
46b0
46b5
46b9
46bd
46c2
46c6
46ca
46cf
46d3
46d7
46dc
46e0
46e5
46e9
46ed
46f2
46f6
46fa
46ff
4703
4707
470c
4710
4714
4719
471d
4721
4726
472a
472e
4733
4737
473b
4740
4744
4748
474d
4751
4755
475a
475e
4762
4767
476b
4770
4774
4778
477d
4781
4785
478a
478e
4792
4797
479b
479f
47a4
47a8
47ac
47b1
47b5
47ba
47be
47c3
47c8
47cc
47d1
47d5
47da
47df
47e3
47e8
47ed
47f1
47f6
47fa
47ff
4804
4808
480d
4812
4816
481b
481f
4824
4829
482d
4832
4837
483b
4840
4844
4849
484e
4852
4857
485c
4860
4865
4869
486e
4873
4877
487c
4881
4885
488a
488e
4893
4898
489c
48a1
48a6
48aa
48af
48b3
48b8
48bd
48c1
48c6
48cb
48cf
48d4
48d8
48dd
48e2
48e6
48eb
48f0
48f4
48f9
48fd
4902
4907
490b
4910
4915
4919
491e
4922
4927
492c
4930
4935
493a
493e
4943
4947
494c
4951
4955
495a
495f
4963
4968
496c
4971
4976
497a
497f
4984
4988
498d
4991
4996
499b
499f
49a4
49a9
49ad
49b2
49b6
49bb
49c0
49c4
49c9
49ce
49d2
49d7
49db
49e0
49e5
49e9
49ee
49f3
49f7
49fc
4a00
4a05
4a0a
4a0e
4a13
4a18
4a1c
4a21
4a25
4a2a
4a2f
4a33
4a38
4a3d
4a41
4a46
4a4a
4a4f
4a54
4a58
4a5d
4a62
4a66
4a6b
4a6f
4a74
4a79
4a7d
4a82
4a87
4a8b
4a90
4a94
4a99
4a9e
4aa2
4aa7
4aac
4ab0
4ab5
4ab9
4abe
4ac3
4ac7
4acc
4ad1
4ad5
4ada
4ade
4ae3
4ae8
4aec
4af1
4af6
4afa
4aff
4b03
4b08
4b0d
4b11
4b16
4b1b
4b1f
4b24
4b28
4b2d
4b32
4b36
4b3b
4b40
4b44
4b49
4b4d
4b52
4b57
4b5b
4b60
4b65
4b69
4b6e
4b72
4b77
4b7c
4b80
4b85
4b8a
4b8e
4b93
4b97
4b9c
4ba1
4ba5
4baa
4baf
4bb3
4bb8
4bbc
4bc1
4bc6
4bca
4bcf
4bd4
4bd8
4bdd
4be1
4be6
4beb
4bef
4bf4
4bf9
4bfd
4c02
4c06
4c0b
4c10
4c14
4c19
4c1e
4c22
4c27
4c2b
4c30
4c35
4c39
4c3e
4c43
4c47
4c4c
4c50
4c55
4c5a
4c5f
4c64
4c69
4c6e
4c73
4c77
4c7c
4c81
4c86
4c8b
4c90
4c95
4c9a
4c9f
4ca4
4ca9
4cae
4cb3
4cb7
4cbc
4cc1
4cc6
4ccb
4cd0
4cd5
4cda
4cdf
4ce4
4ce9
4cee
4cf3
4cf7
4cfc
4d01
4d06
4d0b
4d10
4d15
4d1a
4d1f
4d24
4d29
4d2e
4d32
4d37
4d3c
4d41
4d46
4d4b
4d50
4d55
4d5a
4d5f
4d64
4d69
4d6e
4d72
4d77
4d7c
4d81
4d86
4d8b
4d90
4d95
4d9a
4d9f
4da4
4da9
4dae
4db2
4db7
4dbc
4dc1
4dc6
4dcb
4dd0
4dd5
4dda
4ddf
4de4
4de9
4dee
4df2
4df7
4dfc
4e01
4e06
4e0b
4e10
4e15
4e1a
4e1f
4e24
4e29
4e2e
4e32
4e37
4e3c
4e41
4e46
4e4b
4e50
4e55
4e5a
4e5f
4e64
4e69
4e6d
4e72
4e77
4e7c
4e81
4e86
4e8b
4e90
4e95
4e9a
4e9f
4ea4
4ea9
4ead
4eb2
4eb7
4ebc
4ec1
4ec6
4ecb
4ed0
4ed5
4eda
4edf
4ee4
4ee9
4eed
4ef2
4ef7
4efc
4f01
4f06
4f0b
4f10
4f15
4f1a
4f1f
4f24
4f29
4f2d
4f32
4f37
4f3c
4f41
4f46
4f4b
4f50
4f55
4f5a
4f5f
4f64
4f69
4f6d
4f72
4f77
4f7c
4f81
4f86
4f8b
4f90
4f95
4f9a
4f9f
4fa4
4fa8
4fad
4fb2
4fb7
4fbc
4fc1
4fc6
4fcb
4fd0
4fd5
4fda
4fdf
4fe4
4fe8
4fed
4ff2
4ff7
4ffc
5001
5006
500b
5010
5015
501a
501f
5024
5028
502d
5032
5037
503c
5041
5046
504b
5050
5055
505a
505f
5064
5068
506d
5072
5077
507c
5081
5086
508b
5090
5095
509a
509f
50a4
50a8
50ad
50b2
50b7
50bc
50c1
50c6
50cb
50d0
50d5
50da
50df
50e3
50e8
50ed
50f2
50f7
50fc
5101
5106
510b
5110
5115
511a
511f
5123
5128
512d
5132
5137
513c
5141
5146
514b
5151
5156
515b
5160
5166
516b
5170
5175
517b
5180
5185
518a
5190
5195
519a
519f
51a5
51aa
51af
51b4
51ba
51bf
51c4
51c9
51cf
51d4
51d9
51de
51e4
51e9
51ee
51f3
51f8
51fe
5203
5208
520d
5213
5218
521d
5222
5228
522d
5232
5237
523d
5242
5247
524c
5252
5257
525c
5261
5267
526c
5271
5276
527c
5281
5286
528b
5291
5296
529b
52a0
52a5
52ab
52b0
52b5
52ba
52c0
52c5
52ca
52cf
52d5
52da
52df
52e4
52ea
52ef
52f4
52f9
52ff
5304
5309
530e
5314
5319
531e
5323
5329
532e
5333
5338
533d
5343
5348
534d
5352
5358
535d
5362
5367
536d
5372
5377
537c
5382
5387
538c
5391
5397
539c
53a1
53a6
53ac
53b1
53b6
53bb
53c1
53c6
53cb
53d0
53d6
53db
53e0
53e5
53ea
53f0
53f5
53fa
53ff
5405
540a
540f
5414
541a
541f
5424
5429
542f
5434
5439
543e
5444
5449
544e
5453
5459
545e
5463
5468
546e
5473
5478
547d
5483
5488
548d
5492
5497
549d
54a2
54a7
54ac
54b2
54b7
54bc
54c1
54c7
54cc
54d1
54d6
54dc
54e1
54e6
54eb
54f1
54f6
54fb
5500
5506
550b
5510
5515
551b
5520
5525
552a
5530
5535
553a
553f
5544
554a
554f
5554
5559
555f
5564
5569
556e
5574
5579
557e
5583
5589
558e
5593
5598
559e
55a3
55a8
55ad
55b3
55b8
55bd
55c2
55c8
55cd
55d2
55d7
55dc
55e2
55e7
55ec
55f1
55f7
55fc
5601
5606
560c
5611
5616
561b
5621
5626
562b
5630
5636
563b
5640
5645
564b
5650
5655
565a
5660
5665
566a
566f
5675
567a
567f
5685
568a
5690
5695
569b
56a0
56a6
56ac
56b1
56b7
56bc
56c2
56c8
56cd
56d3
56d8
56de
56e3
56e9
56ef
56f4
56fa
56ff
5705
570a
5710
5716
571b
5721
5726
572c
5732
5737
573d
5742
5748
574d
5753
5759
575e
5764
5769
576f
5774
577a
5780
5785
578b
5790
5796
579b
57a1
57a7
57ac
57b2
57b7
57bd
57c3
57c8
57ce
57d3
57d9
57de
57e4
57ea
57ef
57f5
57fa
5800
5805
580b
5811
5816
581c
5821
5827
582d
5832
5838
583d
5843
5848
584e
5854
5859
585f
5864
586a
586f
5875
587b
5880
5886
588b
5891
5897
589c
58a2
58a7
58ad
58b2
58b8
58be
58c3
58c9
58ce
58d4
58d9
58df
58e5
58ea
58f0
58f5
58fb
5900
5906
590c
5911
5917
591c
5922
5928
592d
5933
5938
593e
5943
5949
594f
5954
595a
595f
5965
596a
5970
5976
597b
5981
5986
598c
5992
5997
599d
59a2
59a8
59ad
59b3
59b9
59be
59c4
59c9
59cf
59d4
59da
59e0
59e5
59eb
59f0
59f6
59fc
5a01
5a07
5a0c
5a12
5a17
5a1d
5a23
5a28
5a2e
5a33
5a39
5a3e
5a44
5a4a
5a4f
5a55
5a5a
5a60
5a65
5a6b
5a71
5a76
5a7c
5a81
5a87
5a8d
5a92
5a98
5a9d
5aa3
5aa8
5aae
5ab4
5ab9
5abf
5ac4
5aca
5acf
5ad5
5adb
5ae0
5ae6
5aeb
5af1
5af7
5afc
5b02
5b07
5b0d
5b12
5b18
5b1e
5b23
5b29
5b2e
5b34
5b39
5b3f
5b45
5b4a
5b50
5b55
5b5b
5b61
5b66
5b6c
5b71
5b77
5b7c
5b82
5b88
5b8d
5b93
5b98
5b9e
5ba3
5ba9
5baf
5bb4
5bba
5bbf
5bc5
5bca
5bd0
5bd6
5bdb
5be1
5be6
5bec
5bf2
5bf7
5bfd
5c02
5c08
5c0d
5c13
5c19
5c1f
5c25
5c2b
5c31
5c37
5c3d
5c43
5c48
5c4e
5c54
5c5a
5c60
5c66
5c6c
5c72
5c78
5c7e
5c84
5c8a
5c90
5c96
5c9c
5ca2
5ca7
5cad
5cb3
5cb9
5cbf
5cc5
5ccb
5cd1
5cd7
5cdd
5ce3
5ce9
5cef
5cf5
5cfb
5d01
5d06
5d0c
5d12
5d18
5d1e
5d24
5d2a
5d30
5d36
5d3c
5d42
5d48
5d4e
5d54
5d5a
5d60
5d65
5d6b
5d71
5d77
5d7d
5d83
5d89
5d8f
5d95
5d9b
5da1
5da7
5dad
5db3
5db9
5dbf
5dc4
5dca
5dd0
5dd6
5ddc
5de2
5de8
5dee
5df4
5dfa
5e00
5e06
5e0c
5e12
5e18
5e1e
5e23
5e29
5e2f
5e35
5e3b
5e41
5e47
5e4d
5e53
5e59
5e5f
5e65
5e6b
5e71
5e77
5e7d
5e82
5e88
5e8e
5e94
5e9a
5ea0
5ea6
5eac
5eb2
5eb8
5ebe
5ec4
5eca
5ed0
5ed6
5edc
5ee1
5ee7
5eed
5ef3
5ef9
5eff
5f05
5f0b
5f11
5f17
5f1d
5f23
5f29
5f2f
5f35
5f3b
5f40
5f46
5f4c
5f52
5f58
5f5e
5f64
5f6a
5f70
5f76
5f7c
5f82
5f88
5f8e
5f94
5f9a
5f9f
5fa5
5fab
5fb1
5fb7
5fbd
5fc3
5fc9
5fcf
5fd5
5fdb
5fe1
5fe7
5fed
5ff3
5ff9
5ffe
6004
600a
6010
6016
601c
6022
6028
602e
6034
603a
6040
6046
604c
6052
6058
605d
6063
6069
606f
6075
607b
6081
6087
608d
6093
6099
609f
60a5
60ab
60b1
60b7
60bc
60c2
60c8
60ce
60d4
60da
60e0
60e6
60ec
60f2
60f8
60fe
6104
610a
6110
6116
611b
6121
6127
612d
6133
6139
613f
6145
614b
6151
6157
615d
6163
6169
616f
6175
617a
6180
6186
618c
6192
6198
619e
61a4
61aa
61b0
61b6
61bc
61c2
61c8
61ce
61d4
61d9
61df
61e5
61eb
61f1
61f7
61fd
6203
6209
6210
6216
621c
6223
6229
622f
6236
623c
6242
6249
624f
6255
625b
6262
6268
626e
6275
627b
6281
6288
628e
6294
629b
62a1
62a7
62ae
62b4
62ba
62c1
62c7
62cd
62d4
62da
62e0
62e7
62ed
62f3
62f9
6300
6306
630c
6313
6319
631f
6326
632c
6332
6339
633f
6345
634c
6352
6358
635f
6365
636b
6372
6378
637e
6385
638b
6391
6398
639e
63a4
63aa
63b1
63b7
63bd
63c4
63ca
63d0
63d7
63dd
63e3
63ea
63f0
63f6
63fd
6403
6409
6410
6416
641c
6423
6429
642f
6436
643c
6442
6448
644f
6455
645b
6462
6468
646e
6475
647b
6481
6488
648e
6494
649b
64a1
64a7
64ae
64b4
64ba
64c1
64c7
64cd
64d4
64da
64e0
64e6
64ed
64f3
64f9
6500
6506
650c
6513
6519
651f
6526
652c
6532
6539
653f
6545
654c
6552
6558
655f
6565
656b
6572
6578
657e
6584
658b
6591
6597
659e
65a4
65aa
65b1
65b7
65bd
65c4
65ca
65d0
65d7
65dd
65e3
65ea
65f0
65f6
65fd
6603
6609
6610
6616
661c
6622
6629
662f
6635
663c
6642
6648
664f
6655
665b
6662
6668
666e
6675
667b
6681
6688
668e
6694
669b
66a1
66a7
66ae
66b4
66ba
66c1
66c7
66cd
66d3
66da
66e0
66e6
66ed
66f3
66f9
6700
6706
670c
6713
6719
671f
6726
672c
6732
6739
673f
6745
674c
6752
6758
675f
6765
676b
6771
6778
677e
6784
678b
6791
6797
679e
67a4
67aa
67b1
67b7
67bd
67c4
67ca
67d0
67d7
67dd
67e3
67ea
67f0
67f6
67fd
6803
6809
680f
6816
681c
6822
6829
682f
6835
683c
6842
6848
684f
6855
685c
6862
6869
6870
6877
687d
6884
688b
6892
6898
689f
68a6
68ac
68b3
68ba
68c1
68c7
68ce
68d5
68dc
68e2
68e9
68f0
68f7
68fd
6904
690b
6911
6918
691f
6926
692c
6933
693a
6941
6947
694e
6955
695b
6962
6969
6970
6976
697d
6984
698b
6991
6998
699f
69a6
69ac
69b3
69ba
69c0
69c7
69ce
69d5
69db
69e2
69e9
69f0
69f6
69fd
6a04
6a0a
6a11
6a18
6a1f
6a25
6a2c
6a33
6a3a
6a40
6a47
6a4e
6a55
6a5b
6a62
6a69
6a6f
6a76
6a7d
6a84
6a8a
6a91
6a98
6a9f
6aa5
6aac
6ab3
6ab9
6ac0
6ac7
6ace
6ad4
6adb
6ae2
6ae9
6aef
6af6
6afd
6b04
6b0a
6b11
6b18
6b1e
6b25
6b2c
6b33
6b39
6b40
6b47
6b4e
6b54
6b5b
6b62
6b68
6b6f
6b76
6b7d
6b83
6b8a
6b91
6b98
6b9e
6ba5
6bac
6bb3
6bb9
6bc0
6bc7
6bcd
6bd4
6bdb
6be2
6be8
6bef
6bf6
6bfd
6c03
6c0a
6c11
6c17
6c1e
6c25
6c2c
6c32
6c39
6c40
6c47
6c4d
6c54
6c5b
6c61
6c68
6c6f
6c76
6c7c
6c83
6c8a
6c91
6c97
6c9e
6ca5
6cac
6cb2
6cb9
6cc0
6cc6
6ccd
6cd4
6cdb
6ce1
6ce8
6cef
6cf6
6cfc
6d03
6d0a
6d10
6d17
6d1e
6d25
6d2b
6d32
6d39
6d40
6d46
6d4d
6d54
6d5b
6d61
6d68
6d6f
6d75
6d7c
6d83
6d8a
6d90
6d97
6d9e
6da5
6dab
6db2
6db9
6dbf
6dc6
6dcd
6dd4
6dda
6de1
6de8
6def
6df5
6dfc
6e03
6e0a
6e10
6e17
6e1e
6e24
6e2b
6e32
6e39
6e3f
6e46
6e4d
6e54
6e5a
6e61
6e68
6e6e
6e75
6e7c
6e83
6e89
6e90
6e97
6e9e
6ea4
6eab
6eb2
6eb9
6ebf
6ec6
6ecd
6ed3
6eda
6ee1
6ee8
6eee
6ef5
6efc
6f03
6f09
6f10
6f17
6f1e
6f25
6f2d
6f34
6f3b
6f42
6f49
6f50
6f58
6f5f
6f66
6f6d
6f74
6f7b
6f83
6f8a
6f91
6f98
6f9f
6fa6
6fae
6fb5
6fbc
6fc3
6fca
6fd1
6fd9
6fe0
6fe7
6fee
6ff5
6ffc
7004
700b
7012
7019
7020
7027
702f
7036
703d
7044
704b
7052
705a
7061
7068
706f
7076
707d
7085
708c
7093
709a
70a1
70a8
70b0
70b7
70be
70c5
70cc
70d3
70db
70e2
70e9
70f0
70f7
70fe
7105
710d
7114
711b
7122
7129
7130
7138
713f
7146
714d
7154
715b
7163
716a
7171
7178
717f
7186
718e
7195
719c
71a3
71aa
71b1
71b9
71c0
71c7
71ce
71d5
71dc
71e4
71eb
71f2
71f9
7200
7207
720f
7216
721d
7224
722b
7232
723a
7241
7248
724f
7256
725d
7265
726c
7273
727a
7281
7288
7290
7297
729e
72a5
72ac
72b3
72ba
72c2
72c9
72d0
72d7
72de
72e5
72ed
72f4
72fb
7302
7309
7310
7318
731f
7326
732d
7334
733b
7343
734a
7351
7358
735f
7366
736e
7375
737c
7383
738a
7391
7399
73a0
73a7
73ae
73b5
73bc
73c4
73cb
73d2
73d9
73e0
73e7
73ef
73f6
73fd
7404
740b
7412
741a
7421
7428
742f
7436
743d
7445
744c
7453
745a
7461
7468
7470
7477
747e
7485
748c
7493
749a
74a2
74a9
74b0
74b7
74be
74c5
74cd
74d4
74db
74e2
74e9
74f0
74f8
74ff
7506
750d
7514
751b
7523
752a
7531
7538
753f
7546
754e
7555
755c
7563
756a
7571
7579
7580
7587
758e
7595
759c
75a4
75ab
75b2
75b9
75c0
75c7
75cf
75d6
75dd
75e4
75eb
75f2
75fa
7601
7608
760f
7616
761d
7625
762c
7633
763a
7642
7649
7651
7659
7660
7668
766f
7677
767f
7686
768e
7696
769d
76a5
76ac
76b4
76bc
76c3
76cb
76d3
76da
76e2
76e9
76f1
76f9
7700
7708
7710
7717
771f
7726
772e
7736
773d
7745
774d
7754
775c
7763
776b
7773
777a
7782
778a
7791
7799
77a0
77a8
77b0
77b7
77bf
77c7
77ce
77d6
77dd
77e5
77ed
77f4
77fc
7804
780b
7813
781a
7822
782a
7831
7839
7841
7848
7850
7857
785f
7867
786e
7876
787e
7885
788d
7894
789c
78a4
78ab
78b3
78bb
78c2
78ca
78d1
78d9
78e1
78e8
78f0
78f8
78ff
7907
790e
7916
791e
7925
792d
7935
793c
7944
794b
7953
795b
7962
796a
7972
7979
7981
7988
7990
7998
799f
79a7
79af
79b6
79be
79c5
79cd
79d5
79dc
79e4
79ec
79f3
79fb
7a02
7a0a
7a12
7a19
7a21
7a29
7a30
7a38
7a3f
7a47
7a4f
7a56
7a5e
7a66
7a6d
7a75
7a7c
7a84
7a8c
7a93
7a9b
7aa3
7aaa
7ab2
7ab9
7ac1
7ac9
7ad0
7ad8
7ae0
7ae7
7aef
7af6
7afe
7b06
7b0d
7b15
7b1d
7b24
7b2c
7b33
7b3b
7b43
7b4a
7b52
7b5a
7b61
7b69
7b70
7b78
7b80
7b87
7b8f
7b97
7b9e
7ba6
7bad
7bb5
7bbd
7bc4
7bcc
7bd4
7bdb
7be3
7bea
7bf2
7bfa
7c01
7c09
7c11
7c18
7c20
7c27
7c2f
7c37
7c3e
7c46
7c4e
7c55
7c5d
7c64
7c6c
7c74
7c7b
7c83
7c8b
7c92
7c9a
7ca1
7ca9
7cb1
7cb8
7cc0
7cc8
7ccf
7cd7
7cde
7ce6
7cee
7cf5
7cfd
7d05
7d0c
7d14
7d1b
7d23
7d2b
7d32
7d3a
7d42
7d49
7d51
7d58
7d60
7d68
7d6f
7d77
7d7f
7d86
7d8e
7d95
7d9d
7da5
7dac
7db4
7dbc
7dc3
7dcb
7dd2
7dda
7de2
7dea
7df2
7dfa
7e03
7e0b
7e13
7e1b
7e23
7e2b
7e33
7e3b
7e43
7e4c
7e54
7e5c
7e64
7e6c
7e74
7e7c
7e84
7e8c
7e95
7e9d
7ea5
7ead
7eb5
7ebd
7ec5
7ecd
7ed6
7ede
7ee6
7eee
7ef6
7efe
7f06
7f0e
7f16
7f1f
7f27
7f2f
7f37
7f3f
7f47
7f4f
7f57
7f5f
7f68
7f70
7f78
7f80
7f88
7f90
7f98
7fa0
7fa8
7fb1
7fb9
7fc1
7fc9
7fd1
7fd9
7fe1
7fe9
7ff1
7ffa
7fff
7fff
7fff
7fff
7fff
7fff
7fff
7fff
7fff
7fff
7fff
7fff
7fff
7fff
7fff
7fff
7fff
7fff
7fff
7fff
7fff
7fff
7fff
7fff
7fff
7fff
7fff
7fff
7fff
7fff
7fff
7fff
7fff
7fff
7fff
7fff
7fff
7fff
7fff
7fff
7fff
7fff
7fff
7fff
7fff
7fff
7fff
7fff
7fff
7fff
7fff
7fff
7fff
7fff
7fff
7fff
7fff
7fff
7fff
7fff
7fff
7fff
7fff
7fff
7fff
7fff
7fff
7fff
7fff
7fff
7fff
7fff
7fff
7fff
7fff
7fff
7fff
7fff
7fff
7fff
7fff
7fff
7fff
7fff
7fff
7fff
7fff
7fff
7fff
7fff
7fff
7fff
7fff
7fff
7fff
7fff
7fff
7fff
7fff
7fff
7fff
7fff
7fff
7fff
7fff
7fff
7fff
7fff
7fff
7fff
7fff
7fff
7fff
7fff
7fff
7fff
7fff
7fff
7fff
7fff
7fff
7fff
7fff
7fff
7fff
7fff
7fff
7fff
7fff
7fff
7fff
7fff
7fff
7fff
7fff
7fff
7fff
7fff
7fff
7fff
7fff
7fff
7fff
7fff
7fff
7fff
7fff
7fff
7fff
7fff
7fff
7fff
7fff
7fff
7fff
7fff
7fff
7fff
7fff
7fff
7fff
7fff
7fff
7fff
7fff
7fff
7fff
7fff
7fff
7fff
7fff
7fff
7fff
7fff
7fff
7fff
7fff
7fff
7fff
7fff
7fff
7fff
7fff
7fff
7fff
7fff
7fff
7fff
7fff
7fff
7fff
7fff
7fff
7fff
7fff
7fff
7fff
7fff
7fff
7fff
7fff
7fff
7fff
7fff
7fff
7fff
7fff
7fff
7fff
7fff
7fff
7fff
7fff
7fff
7fff
7fff
7fff
7fff
7fff
7fff
7fff
7fff
7fff
7fff
7fff
7fff
7fff
7fff
7fff
7fff
7fff
7fff
7fff
7fff
7fff
7fff
7fff
7fff
7fff
7fff
7fff
7fff
7fff
7fff
7fff
7fff
7fff
7fff
7fff
7fff
7fff
7fff
7fff
7fff
7fff
7fff
7fff
7fff
7fff
7fff
7fff
7fff
7fff
7fff
7fff
7fff
7fff
7fff
7fff
7fff
7fff
7fff
7fff
7fff
7fff
7fff
7fff
7fff
7fff
7fff
7fff
7fff
7fff
7fff
7fff
7fff
7fff
7fff
7fff
7fff
7fff
7fff
7fff
7fff
7fff
7fff
7fff
7fff
7fff
7fff
7fff
7fff
7fff
7fff
7fff
7fff
7fff
7fff
7fff
7fff
7fff
7fff
7fff
7fff
7fff
7fff
7fff
7fff
7fff
7fff
7fff
7fff
7fff
7fff
7fff
7fff
7fff
7fff
7fff
7fff
7fff
7fff
7fff
7fff
7fff
7fff
7fff
7fff
7fff
7fff
7fff
7fff
7fff
7fff
7fff
7fff
7fff
7fff
7fff
7fff
7fff
7fff
7fff
7fff
7fff
7fff
7fff
7fff
7fff
7fff
7fff
7fff
7fff
7fff
7fff
7fff
7fff
7fff
7fff
7fff
7fff
7fff
7fff
7fff
7fff
7fff
7fff
7fff
7fff
7fff
7fff
7fff
7fff
7fff
7fff
7fff
7fff
7fff
7fff
7fff
7fff
7fff
7fff
7fff
7fff
7fff
7fff
7fff
7fff
7fff
7fff
7fff
7fff
7fff
7fff
7fff
7fff
7fff
7fff
7fff
7fff
7fff
7fff
7fff
7fff
7fff
7fff
7fff
7fff
7fff
7fff
7fff
7fff
7fff
7fff
7fff
7fff
7fff
7fff
7fff
7fff
7fff
7fff
7fff
7fff
7fff
7fff
7fff
7fff
7fff
7fff
7fff
7fff
7fff
7fff
7fff
7fff
7fff
7fff
7fff
7fff
7fff
7fff
7fff
7fff
7fff
7fff
7fff
7fff
7fff
7fff
7fff
7fff
7fff
7fff
7fff
7fff
7fff
7fff
7fff
7fff
7fff
7fff
7fff
7fff
7fff
7fff
7fff
7fff
7fff
7fff
7fff
7fff
7fff
7fff
7fff
7fff
7fff
7fff
7fff
7fff
7fff
7fff
7fff
7fff
7fff
7fff
7fff
7fff
7fff
7fff
7fff
7fff
7fff
7fff
7fff
7fff
7fff
7fff
7fff
7fff
7fff
7fff
7fff
7fff
7fff
7fff
7fff
7fff
7fff
7fff
7fff
7fff
7fff
7fff
7fff
7fff
7fff
7fff
7fff
7fff
7fff
7fff
7fff
7fff
7fff
7fff
7fff
7fff
7fff
7fff
7fff
7fff
7fff
7fff
7fff
7fff
7fff
7fff
7fff
7fff
7fff
7fff
7fff
7fff
7fff
7fff
7fff
7fff
7fff
7fff
7fff
7fff
7fff
7fff
7fff
7fff
7fff
7fff
7fff
7fff
7fff
7fff
7fff
7fff
7fff
7fff
7fff
7fff
7fff
7fff
7fff
7fff
7fff
7fff
7fff
7fff
7fff
7fff
7fff
7fff
7fff
7fff
7fff
7fff
7fff
7fff
7fff
7fff
7fff
7fff
7fff
7fff
7fff
7fff
7fff
7fff
7fff
7fff
7fff
7fff
7fff
7fff
7fff
7fff
7fff
7fff
7fff
7fff
7fff
7fff
7fff
7fff
7fff
7fff
7fff
7fff
7fff
7fff
7fff
7fff
7fff
7fff
7fff
7fff
7fff
7fff
7fff
7fff
7fff
7fff
7fff
7fff
7fff
7fff
7fff
7fff
7fff
7fff
7fff
7fff
7fff
7fff
7fff
7fff
7fff
7fff
7fff
7fff
7fff
7fff
7fff
7fff
7fff
7fff
7fff
7fff
7fff
7fff
7fff
7fff
7fff
7fff
7fff
7fff
7fff
7fff
7fff
7fff
7fff
7fff
7fff
7fff
7fff
7fff
7fff
7fff
7fff
7fff
7fff
7fff
7fff
7fff
7fff
7fff
7fff
7fff
7fff
7fff
7fff
7fff
7fff
7fff
7fff
7fff
7fff
7fff
7fff
7fff
7fff
7fff
7fff
7fff
7fff
7fff
7fff
7fff
7fff
7fff
7fff
7fff
7fff
7fff
7fff
7fff
7fff
7fff
7fff
7fff
7fff
7fff
7fff
7fff
7fff
7fff
7fff
7fff
7fff
7fff
7fff
7fff
7fff
7fff
7fff
7fff
7fff
7fff
7fff
7fff
7fff
7fff
7fff
7fff
7fff
7fff
7fff
7fff
7fff
7fff
7fff
7fff
7fff
7fff
7fff
7fff
7fff
7fff
7fff
7fff
7fff
7fff
7fff
7fff
7fff
7fff
7fff
7fff
7fff
7fff
7fff
7fff
7fff
7fff
7fff
7fff
7fff
7fff
7fff
7fff
7fff
7fff
7fff
7fff
7fff
7fff
7fff
7fff
7fff
7fff
7fff
7fff
7fff
7fff
7fff
7fff
7fff
7fff
7fff
7fff
7fff
7fff
7fff
7fff
7fff
7fff
7fff
7fff
7fff
7fff
7fff
7fff
7fff
7fff
7fff
7fff
7fff
7fff
7fff
7fff
7fff
7fff
7fff
7fff
7fff
7fff
7fff
7fff
7fff
7fff
7fff
7fff
7fff
7fff
7fff
7fff
7fff
7fff
7fff
7fff
7fff
7fff
7fff
7fff
7fff
7fff
7fff
7fff
7fff
7fff
7fff
7fff
7fff
7fff
7fff
7fff
7fff
7fff
7fff
7fff
7fff
7fff
7fff
7fff
7fff
7fff
7fff
7fff
7fff
7fff
7fff
7fff
7fff
7fff
7fff
7fff
7fff
7fff
7fff
7fff
7fff
7fff
7fff
7fff
7fff
7fff
7fff
7fff
7fff
7fff
7fff
7fff
7fff
7fff
7fff
7fff
7fff
7fff
7fff
7fff
7fff
7fff
7fff
7fff
7fff
7fff
7fff
7fff
7fff
7fff
7fff
7fff
7fff
7fff
7fff
7fff
7fff
7fff
7fff
7fff
7fff
7fff
7fff
7fff
7fff
7fff
7fff
7fff
7fff
7fff
7fff
7fff
7fff
7fff
7fff
7fff
7fff
7fff
7fff
7fff
7fff
7fff
7fff
7fff
7fff
7fff
7fff
7fff
7fff
7fff
7fff
7fff
7fff
7fff
7fff
7fff
7fff
7fff
7fff
7fff
7fff
7fff
7fff
7fff
7fff
7fff
7fff
7fff
7fff
7fff
7fff
7fff
7fff
7fff
7fff
7fff
7fff
7fff
7fff
7fff
7fff
7fff
7fff
7fff
7fff
7fff
7fff
7fff
7fff
7fff
7fff
7fff
7fff
7fff
7fff
7fff
7fff
7fff
7fff
7fff
7fff
7fff
7fff
7fff
7fff
7fff
7fff
7fff
7fff
7fff
7fff
7fff
7fff
7fff
7fff
7fff
7fff
7fff
7fff
7fff
7fff
7fff
7fff
7fff
7fff
7fff
7fff
7fff
7fff
7fff
7fff
7fff
7fff
7fff
7fff
7fff
7fff
7fff
7fff
7fff
7fff
7fff
7fff
7fff
7fff
7fff
7fff
7fff
7fff
7fff
7fff
7fff
7fff
7fff
7fff
7fff
7fff
7fff
7fff
7fff
7fff
7fff
7fff
7fff
7fff
7fff
7fff
7fff
7fff
7fff
7fff
7fff
7fff
7fff
7fff
7fff
7fff
7fff
7fff
7fff
7fff
7fff
7fff
7fff
7fff
7fff
7fff
7fff
7fff
7fff
7fff
7fff
7fff
7fff
7fff
7fff
7fff
7fff
7fff
7fff
7fff
7fff
7fff
7fff
7fff
7fff
7fff
7fff
7fff
7fff
7fff
7fff
7fff
7fff
7fff
7fff
7fff
7fff
7fff
7fff
7fff
7fff
7fff
7fff
7fff
7fff
7fff
7fff
7fff
7fff
7fff
7fff
7fff
7fff
7fff
7fff
7fff
7fff
7fff
7fff
7fff
7fff
7fff
7fff
7fff
7fff
7fff
7fff
7fff
7fff
7fff
7fff
7fff
7fff
7fff
7fff
7fff
7fff
7fff
7fff
7fff
7fff
7fff
7fff
7fff
7fff
7fff
7fff
7fff
7fff
7fff
7fff
7fff
7fff
7fff
7fff
7fff
7fff
7fff
7fff
7fff
7fff
7fff
7fff
7fff
7fff
7fff
7fff
7fff
7fff
7fff
7fff
7fff
7fff
7fff
7fff
7fff
7fff
7fff
7fff
7fff
7fff
7fff
7fff
7fff
7fff
7fff
7fff
7fff
7fff
7fff
7fff
7fff
7fff
7fff
7fff
7fff
7fff
7fff
7fff
7fff
7fff
7fff
7fff
7fff
7fff
7fff
7fff
7fff
7fff
7fff
7fff
7fff
7fff
7fff
7fff
7fff
7fff
7fff
7fff
7fff
7fff
7fff
7fff
7fff
7fff
7fff
7fff
7fff
7fff
7fff
7fff
7fff
7fff
7fff
7fff
7fff
7fff
7fff
7fff
7fff
7fff
7fff
7fff
7fff
7fff
7fff
7fff
7fff
7fff
7fff
7fff
7fff
7fff
7fff
7fff
7fff
7fff
7fff
7fff
7fff
7fff
7fff
7fff
7fff
7fff
7fff
7fff
7fff
7fff
7fff
7fff
7fff
7fff
7fff
7fff
7fff
7fff
7fff
7fff
7fff
7fff
7fff
7fff
7fff
7fff
7fff
7fff
7fff
7fff
7fff
7fff
7fff
7fff
7fff
7fff
7fff
7fff
7fff
7fff
7fff
7fff
7fff
7fff
7fff
7fff
7fff
7fff
7fff
7fff
7fff
7fff
7fff
7fff
7fff
7fff
7fff
7fff
7fff
7fff
7fff
7fff
7fff
7fff
7fff
7fff
7fff
7fff
7fff
7fff
7fff
7fff
7fff
7fff
7fff
7fff
7fff
7fff
7fff
7fff
7fff
7fff
7fff
7fff
7fff
7fff
7fff
7fff
7fff
7fff
7fff
7fff
7fff
7fff
7fff
7fff
7fff
7fff
7fff
7fff
7fff
7fff
7fff
7fff
7fff
7fff
7fff
7fff
7fff
7fff
7fff
7fff
7fff
7fff
7fff
7fff
7fff
7fff
7fff
7fff
7fff
7fff
7fff
7fff
7fff
7fff
7fff
7fff
7fff
7fff
7fff
7fff
7fff
7fff
7fff
7fff
7fff
7fff
7fff
7fff
7fff
7fff
7fff
7fff
7fff
7fff
7fff
7fff
7fff
7fff
7fff
7fff
7fff
7fff
7fff
7fff
7fff
7fff
7fff
7fff
7fff
7fff
7fff
7fff
7fff
7fff
7fff
7fff
7fff
7fff
7fff
7fff
7fff
7fff
7fff
7fff
7fff
7fff
7fff
7fff
7fff
7fff
7fff
7fff
7fff
7fff
7fff
7fff
7fff
7fff
7fff
7fff
7fff
7fff
7fff
7fff
7fff
7fff
7fff
7fff
7fff
7fff
7fff
7fff
7fff
7fff
7fff
7fff
7fff
7fff
7fff
7fff
7fff
7fff
7fff
7fff
7fff
7fff
7fff
7fff
7fff
7fff
7fff
7fff
7fff
7fff
7fff
7fff
7fff
7fff
7fff
7fff
7fff
7fff
7fff
7fff
7fff
7fff
7fff
7fff
7fff
7fff
7fff
7fff
7fff
7fff
7fff
7fff
7fff
7fff
7fff
7fff
7fff
7fff
7fff
7fff
7fff
7fff
7fff
7fff
7fff
7fff
7fff
7fff
7fff
7fff
7fff
7fff
7fff
7fff
7fff
7fff
7fff
7fff
7fff
7fff
7fff
7fff
7fff
7fff
7fff
7fff
7fff
7fff
7fff
7fff
7fff
7fff
7fff
7fff
7fff
7fff
7fff
7fff
7fff
7fff
7fff
7fff
7fff
7fff
7fff
7fff
7fff
7fff
7fff
7fff
7fff
7fff
7fff
7fff
7fff
7fff
7fff
7fff
7fff
7fff
7fff
7fff
7fff
7fff
7fff
7fff
7fff
7fff
7fff
7fff
7fff
7fff
7fff
7fff
7fff
7fff
7fff
7fff
7fff
7fff
7fff
7fff
7fff
7fff
7fff
7fff
7fff
7fff
7fff
7fff
7fff
7fff
7fff
7fff
7fff
7fff
7fff
7fff
7fff
7fff
7fff
7fff
7fff
7fff
7fff
7fff
7fff
7fff
7fff
7fff
7fff
7fff
7fff
7fff
7fff
7fff
7fff
7fff
7fff
7fff
7fff
7fff
7fff
7fff
7fff
7fff
7fff
7fff
7fff
7fff
7fff
7fff
7fff
7fff
7fff
7fff
7fff
7fff
7fff
7fff
7fff
7fff
7fff
7fff
7fff
7fff
7fff
7fff
7fff
7fff
7fff
7fff
7fff
7fff
7fff
7fff
7fff
7fff
7fff
7fff
7fff
7fff
7fff
7fff
7fff
7fff
7fff
7fff
7fff
7fff
7fff
7fff
7fff
7fff
7fff
7fff
7fff
7fff
7fff
7fff
7fff
7fff
7fff
7fff
7fff
7fff
7fff
7fff
7fff
7fff
7fff
7fff
7fff
7fff
7fff
7fff
7fff
7fff
7fff
7fff
7fff
7fff
7fff
7fff
7fff
7fff
7fff
7fff
7fff
7fff
7fff
7fff
7fff
7fff
7fff
7fff
7fff
7fff
7fff
7fff
7fff
7fff
7fff
7fff
7fff
7fff
7fff
7fff
7fff
7fff
7fff
7fff
7fff
7fff
7fff
7fff
7fff
7fff
7fff
7fff
7fff
7fff
7fff
7fff
7fff
7fff
7fff
7fff
7fff
7fff
7fff
7fff
7fff
7fff
7fff
7fff
7fff
7fff
7fff
7fff
7fff
7fff
7fff
7fff
7fff
7fff
7fff
7fff
7fff
7fff
7fff
7fff
7fff
7fff
7fff
7fff
7fff
7fff
7fff
7fff
7fff
7fff
7fff
7fff
7fff
7fff
7fff
7fff
7fff
7fff
7fff
7fff
7fff
7fff
7fff
7fff
7fff
7fff
7fff
7fff
7fff
7fff
7fff
7fff
7fff
7fff
7fff
7fff
7fff
7fff
7fff
7fff
7fff
7fff
7fff
7fff
7fff
7fff
7fff
7fff
7fff
7fff
7fff
7fff
7fff
7fff
7fff
7fff
7fff
7fff
7fff
7fff
7fff
7fff
7fff
7fff
7fff
7fff
7fff
7fff
7fff
7fff
7fff
7fff
7fff
7fff
7fff
7fff
7fff
7fff
7fff
7fff
7fff
7fff
7fff
7fff
7fff
7fff
7fff
7fff
7fff
7fff
7fff
7fff
7fff
7fff
7fff
7fff
7fff
7fff
7fff
7fff
7fff
7fff
7fff
7fff
7fff
7fff
7fff
7fff
7fff
7fff
7fff
7fff
7fff
7fff
7fff
7fff
7fff
7fff
7fff
7fff
7fff
7fff
7fff
7fff
7fff
7fff
7fff
7fff
7fff
7fff
7fff
7fff
7fff
7fff
7fff
7fff
7fff
7fff
7fff
7fff
7fff
7fff
7fff
7fff
7fff
7fff
7fff
7fff
7fff
7fff
7fff
7fff
7fff
7fff
7fff
7fff
7fff
7fff
7fff
7fff
7fff
7fff
7fff
7fff
7fff
7fff
7fff
7fff
7fff
7fff
7fff
7fff
7fff
7fff
7fff
7fff
7fff
7fff
7fff
7fff
7fff
7fff
7fff
7fff
7fff
7fff
7fff
7fff
7fff
7fff
7fff
7fff
7fff
7fff
7fff
7fff
7fff
7fff
7fff
7fff
7fff
7fff
7fff
7fff
7fff
7fff
7fff
7fff
7fff
7fff
7fff
7fff
7fff
7fff
7fff
7fff
7fff
7fff
7fff
7fff
7fff
7fff
7fff
7fff
7fff
7fff
7fff
7fff
7fff
7fff
7fff
7fff
7fff
7fff
7fff
7fff
7fff
7fff
7fff
7fff
7fff
7fff
7fff
7fff
7fff
7fff
7fff
7fff
7fff
7fff
7fff
7fff
7fff
7fff
7fff
7fff
7fff
7fff
7fff
7fff
7fff
7fff
7fff
7fff
7fff
7fff
7fff
7fff
7fff
7fff
7fff
7fff
7fff
7fff
7fff
7fff
7fff
7fff
7fff
7fff
7fff
7fff
7fff
7fff
7fff
7fff
7fff
7fff
7fff
7fff
7fff
7fff
7fff
7fff
7fff
7fff
7fff
7fff
7fff
7fff
7fff
7fff
7fff
7fff
7fff
7fff
7fff
7fff
7fff
7fff
7fff
7fff
7fff
7fff
7fff
7fff
7fff
7fff
7fff
7fff
7fff
7fff
7fff
7fff
7fff
7fff
7fff
7fff
7fff
7fff
7fff
7fff
7fff
7fff
7fff
7fff
7fff
7fff
7fff
7fff
7fff
7fff
7fff
7fff
7fff
7fff
7fff
7fff
7fff
7fff
7fff
7fff
7fff
7fff
7fff
7fff
7fff
7fff
7fff
7fff
7fff
7fff
7fff
7fff
7fff
7fff
7fff
7fff
7fff
7fff
7fff
7fff
7fff
7fff
7fff
7fff
7fff
7fff
7fff
7fff
7fff
7fff
7fff
7fff
7fff
7fff
7fff
7fff
7fff
7fff
7fff
7fff
7fff
7fff
7fff
7fff
7fff
7fff
7fff
7fff
7fff
7fff
7fff
7fff
7fff
7fff
7fff
7fff
7fff
7fff
7fff
7fff
7fff
7fff
7fff
7fff
7fff
7fff
7fff
7fff
7fff
7fff
7fff
7fff
7fff
7fff
7fff
7fff
7fff
7fff
7fff
7fff
7fff
7fff
7fff
7fff
7fff
7fff
7fff
7fff
7fff
7fff
7fff
7fff
7fff
7fff
7fff
7fff
7fff
7fff
7fff
7fff
7fff
7fff
7fff
7fff
7fff
7fff
7fff
7fff
7fff
7fff
7fff
7fff
7fff
7fff
7fff
7fff
7fff
7fff
7fff
7fff
7fff
7fff
7fff
7fff
7fff
7fff
7fff
7fff
7fff
7fff
7fff
7fff
7fff
7fff
7fff
7fff
7fff
7fff
7fff
7fff
7fff
7fff
7fff
7fff
7fff
7fff
7fff
7fff
7fff
7fff
7fff
7fff
7fff
7fff
7fff
7fff
7fff
7fff
7fff
7fff
7fff
7fff
7fff
7fff
7fff
7fff
7fff
7fff
7fff
7fff
7fff
7fff
7fff
7fff
7fff
7fff
7fff
7fff
7fff
7fff
7fff
7fff
7fff
7fff
7fff
7fff
7fff
7fff
7fff
7fff
7fff
7fff
7fff
7fff
7fff
7fff
7fff
7fff
7fff
7fff
7fff
7fff
7fff
7fff
7fff
7fff
7fff
7fff
7fff
7fff
7fff
7fff
7fff
7fff
7fff
7fff
7fff
7fff
7fff
7fff
7fff
7fff
7fff
7fff
7fff
7fff
7fff
7fff
7fff
7fff
7fff
7fff
7fff
7fff
7fff
7fff
7fff
7fff
7fff
7fff
7fff
7fff
7fff
7fff
7fff
7fff
7fff
7fff
7fff
7fff
7fff
7fff
7fff
7fff
7fff
7fff
7fff
7fff
7fff
7fff
7fff
7fff
7fff
7fff
7fff
7fff
7fff
7fff
7fff
7fff
7fff
7fff
7fff
7fff
7fff
7fff
7fff
7fff
7fff
7fff
7fff
7fff
7fff
7fff
7fff
7fff
7fff
7fff
7fff
7fff
7fff
7fff
7fff
7fff
7fff
7fff
7fff
7fff
7fff
7fff
7fff
7fff
7fff
7fff
7fff
7fff
7fff
7fff
7fff
7fff
7fff
7fff
7fff
7fff
7fff
7fff
7fff
7fff
7fff
7fff
7fff
7fff
7fff
7fff
7fff
7fff
7fff
7fff
7fff
7fff
7fff
7fff
7fff
7fff
7fff
7fff
7fff
7fff
7fff
7fff
7fff
7fff
7fff
7fff
7fff
7fff
7fff
7fff
7fff
7fff
7fff
7fff
7fff
7fff
7fff
7fff
7fff
7fff
7fff
7fff
7fff
7fff
7fff
7fff
7fff
7fff
7fff
7fff
7fff
7fff
7fff
7fff
7fff
7fff
7fff
7fff
7fff
7fff
7fff
7fff
7fff
7fff
7fff
7fff
7fff
7fff
7fff
7fff
7fff
7fff
7fff
7fff
7fff
7fff
7fff
7fff
7fff
7fff
7fff
7fff
7fff
7fff
7fff
7fff
7fff
7fff
7fff
7fff
7fff
7fff
7fff
7fff
7fff
7fff
7fff
7fff
7fff
7fff
7fff
7fff
7fff
7fff
7fff
7fff
7fff
7fff
7fff
7fff
7fff
7fff
7fff
7fff
7fff
7fff
7fff
7fff
7fff
7fff
7fff
7fff
7fff
7fff
7fff
7fff
7fff
7fff
7fff
7fff
7fff
7fff
7fff
7fff
7fff
7fff
7fff
7fff
7fff
7fff
7fff
7fff
7fff
7fff
7fff
7fff
7fff
7fff
7fff
7fff
7fff
7fff
7fff
7fff
7fff
7fff
7fff
7fff
7fff
7fff
7fff
7fff
7fff
7fff
7fff
7fff
7fff
7fff
7fff
7fff
7fff
7fff
7fff
7fff
7fff
7fff
7fff
7fff
7fff
7fff
7fff
7fff
7fff
7fff
7fff
7fff
7fff
7fff
7fff
7fff
7fff
7fff
7fff
7fff
7fff
7fff
7fff
7fff
7fff
7fff
7fff
7fff
7fff
7fff
7fff
7fff
7fff
7fff
7fff
7fff
7fff
7fff
7fff
7fff
7fff
7fff
7fff
7fff
7fff
7fff
7fff
7fff
7fff
7fff
7fff
7fff
7fff
7fff
7fff
7fff
7fff
7fff
7fff
7fff
7fff
7fff
7fff
7fff
7fff
7fff
7fff
7fff
7fff
7fff
7fff
7fff
7fff
7fff
7fff
7fff
7fff
7fff
7fff
7fff
7fff
7fff
7fff
7fff
7fff
7fff
7fff
7fff
7fff
7fff
7fff
7fff
7fff
7fff
7fff
7fff
7fff
7fff
7fff
7fff
7fff
7fff
7fff
7fff
7fff
7fff
7fff
7fff
7fff
7fff
7fff
7fff
7fff
7fff
7fff
7fff
7fff
7fff
7fff
7fff
7fff
7fff
7fff
7fff
7fff
7fff
7fff
7fff
7fff
7fff
7fff
7fff
7fff
7fff
7fff
7fff
7fff
7fff
7fff
7fff
7fff
7fff
7fff
7fff
7fff
7fff
7fff
7fff
7fff
7fff
7fff
7fff
7fff
7fff
7fff
7fff
7fff
7fff
7fff
7fff
7fff
7fff
7fff
7fff
7fff
7fff
7fff
7fff
7fff
7fff
7fff
7fff
7fff
7fff
7fff
7fff
7fff
7fff
7fff
7fff
7fff
7fff
7fff
7fff
7fff
7fff
7fff
7fff
7fff
7fff
7fff
7fff
7fff
7fff
7fff
7fff
7fff
7fff
7fff
7fff
7fff
7fff
7fff
7fff
7fff
7fff
7fff
7fff
7fff
7fff
7fff
7fff
7fff
7fff
7fff
7fff
7fff
7fff
7fff
7fff
7fff
7fff
7fff
7fff
7fff
7fff
7fff
7fff
7fff
7fff
7fff
7fff
7fff
7fff
7fff
7fff
7fff
7fff
7fff
7fff
7fff
7fff
7fff
7fff
7fff
7fff
7fff
7fff
7fff
7fff
7fff
7fff
7fff
7fff
7fff
7fff
7fff
7fff
7fff
7fff
7fff
7fff
7fff
7fff
7fff
7fff
7fff
7fff
7fff
7fff
7fff
7fff
7fff
7fff
7fff
7fff
7fff
7fff
7fff
7fff
7fff
7fff
7fff
7fff
7fff
7fff
7fff
7fff
7fff
7fff
7fff
7fff
7fff
7fff
7fff
7fff
7fff
7fff
7fff
7fff
7fff
7fff
7fff
7fff
7fff
7fff
7fff
7fff
7fff
7fff
7fff
7fff
7fff
7fff
7fff
7fff
7fff
7fff
7fff
7fff
7fff
7fff
7fff
7fff
7fff
7fff
7fff
7fff
7fff
7fff
7fff
7fff
7fff
7fff
7fff
7fff
7fff
7fff
7fff
7fff
7fff
7fff
7fff
7fff
7fff
7fff
7fff
7fff
7fff
7fff
7fff
7fff
7fff
7fff
7fff
7fff
7fff
7fff
7fff
7fff
7fff
7fff
7fff
7fff
7fff
7fff
7fff
7fff
7fff
7fff
7fff
7fff
7fff
7fff
7fff
7fff
7fff
7fff
7fff
7fff
7fff
7fff
7fff
7fff
7fff
7fff
7fff
7fff
7fff
7fff
7fff
7fff
7fff
7fff
7fff
7fff
7fff
7fff
7fff
7fff
7fff
7fff
7fff
7fff
7fff
7fff
7fff
7fff
7fff
7fff
7fff
7fff
7fff
7fff
7fff
7fff
7fff
7fff
7fff
7fff
7fff
7fff
7fff
7fff
7fff
7fff
7fff
7fff
7fff
7fff
7fff
7fff
7fff
7fff
7fff
7fff
7fff
7fff
7fff
7fff
7fff
7fff
7fff
7fff
7fff
7fff
7fff
7fff
7fff
7fff
7fff
7fff
7fff
7fff
7fff
7fff
7fff
7fff
7fff
7fff
7fff
7fff
7fff
7fff
7fff
7fff
7fff
7fff
7fff
7fff
7fff
7fff
7fff
7fff
7fff
7fff
7fff
7fff
7fff
7fff
7fff
7fff
7fff
7fff
7fff
7fff
7fff
7fff
7fff
7fff
7fff
7fff
7fff
7fff
7fff
7fff
7fff
7fff
7fff
7fff
7fff
7fff
7fff
7fff
7fff
7fff
7fff
7fff
7fff
7fff
7fff
7fff
7fff
7fff
7fff
7fff
7fff
7fff
7fff
7fff
7fff
7fff
7fff
7fff
7fff
7fff
7fff
7fff
7fff
7fff
7fff
7fff
7fff
7fff
7fff
7fff
7fff
7fff
7fff
7fff
7fff
7fff
7fff
7fff
7fff
7fff
7fff
7fff
7fff
7fff
7fff
7fff
7fff
7fff
7fff
7fff
7fff
7fff
7fff
7fff
7fff
7fff
7fff
7fff
7fff
7fff
7fff
7fff
7fff
7fff
7fff
7fff
7fff
7fff
7fff
7fff
7fff
7fff
7fff
7fff
7fff
7fff
7fff
7fff
7fff
7fff
7fff
7fff
7fff
7fff
7fff
7fff
7fff
7fff
7fff
7fff
7fff
7fff
7fff
7fff
7fff
7fff
7fff
7fff
7fff
7fff
7fff
7fff
7fff
7fff
7fff
7fff
7fff
7fff
7fff
7fff
7fff
7fff
7fff
7fff
7fff
7fff
7fff
7fff
7fff
7fff
7fff
7fff
7fff
7fff
7fff
7fff
7fff
7fff
7fff
7fff
7fff
7fff
7fff
7fff
7fff
7fff
7fff
7fff
7fff
7fff
7fff
7fff
7fff
7fff
7fff
7fff
7fff
7fff
7fff
7fff
7fff
7fff
7fff
7fff
7fff
7fff
7fff
7fff
7fff
7fff
7fff
7fff
7fff
7fff
7fff
7fff
7fff
7fff
7fff
7fff
7fff
7fff
7fff
7fff
7fff
7fff
7fff
7fff
7fff
7fff
7fff
7fff
7fff
7fff
7fff
7fff
7fff
7fff
7fff
7fff
7fff
7fff
7fff
7fff
7fff
7fff
7fff
7fff
7fff
7fff
7fff
7fff
7fff
7fff
7fff
7fff
7fff
7fff
7fff
7fff
7fff
7fff
7fff
7fff
7fff
7fff
7fff
7fff
7fff
7fff
7fff
7fff
7fff
7fff
7fff
7fff
7fff
7fff
7fff
7fff
7fff
7fff
7fff
7fff
7fff
7fff
7fff
7fff
7fff
7fff
7fff
7fff
7fff
7fff
7fff
7fff
7fff
7fff
7fff
7fff
7fff
7fff
7fff
7fff
7fff
7fff
7fff
7fff
7fff
7fff
7fff
7fff
7fff
7fff
7fff
7fff
7fff
7fff
7fff
7fff
7fff
7fff
7fff
7fff
7fff
7fff
7fff
7fff
7fff
7fff
7fff
7fff
7fff
7fff
7fff
7fff
7fff
7fff
7fff
7fff
7fff
7fff
7fff
7fff
7fff
7fff
7fff
7fff
7fff
7fff
7fff
7fff
7fff
7fff
7fff
7fff
7fff
7fff
7fff
7fff
7fff
7fff
7fff
7fff
7fff
7fff
7fff
7fff
7fff
7fff
7fff
7fff
7fff
7fff
7fff
7fff
7fff
7fff
7fff
7fff
7fff
7fff
7fff
7fff
7fff
7fff
7fff
7fff
7fff
7fff
7fff
7fff
7fff
7fff
7fff
7fff
7fff
7fff
7fff
7fff
7fff
7fff
7fff
7fff
7fff
7fff
7fff
7fff
7fff
7fff
7fff
7fff
7fff
7fff
7fff
7fff
7fff
7fff
7fff
7fff
7fff
7fff
7fff
7fff
7fff
7fff
7fff
7fff
7fff
7fff
7fff
7fff
7fff
7fff
7fff
7fff
7fff
7fff
7fff
7fff
7fff
7fff
7fff
7fff
7fff
7fff
7fff
7fff
7fff
7fff
7fff
7fff
7fff
7fff
7fff
7fff
7fff
7fff
7fff
7fff
7fff
7fff
7fff
7fff
7fff
7fff
7fff
7fff
7fff
7fff
7fff
7fff
7fff
7fff
7fff
7fff
7fff
7fff
7fff
7fff
7fff
7fff
7fff
7fff
7fff
7fff
7fff
7fff
7fff
7fff
7fff
7fff
7fff
7fff
7fff
7fff
7fff
7fff
7fff
7fff
7fff
7fff
7fff
7fff
7fff
7fff
7fff
7fff
7fff
7fff
7fff
7fff
7fff
7fff
7fff
7fff
7fff
7fff
7fff
7fff
7fff
7fff
7fff
7fff
7fff
7fff
7fff
7fff
7fff
7fff
7fff
7fff
7fff
7fff
7fff
7fff
7fff
7fff
7fff
7fff
7fff
7fff
7fff
7fff
7fff
7fff
7fff
7fff
7fff
7fff
7fff
7fff
7fff
7fff
7fff
7fff
7fff
7fff
7fff
7fff
7fff
7fff
7fff
7fff
7fff
7fff
7fff
7fff
7fff
7fff
7fff
7fff
7fff
7fff
7fff
7fff
7fff
7fff
7fff
7fff
7fff
7fff
7fff
7fff
7fff
7fff
7fff
7fff
7fff
7fff
7fff
7fff
7fff
7fff
7fff
7fff
7fff
7fff
7fff
7fff
7fff
7fff
7fff
7fff
7fff
7fff
7fff
7fff
7fff
7fff
7fff
7fff
7fff
7fff
7fff
7fff
7fff
7fff
7fff
7fff
7fff
7fff
7fff
7fff
7fff
7fff
7fff
7fff
7fff
7fff
7fff
7fff
7fff
7fff
7fff
7fff
7fff
7fff
7fff
7fff
7fff
7fff
7fff
7fff
7fff
7fff
7fff
7fff
7fff
7fff
7fff
7fff
7fff
7fff
7fff
7fff
7fff
7fff
7fff
7fff
7fff
7fff
7fff
7fff
7fff
7fff
7fff
7fff
7fff
7fff
7fff
7fff
7fff
7fff
7fff
7fff
7fff
7fff
7fff
7fff
7fff
7fff
7fff
7fff
7fff
7fff
7fff
7fff
7fff
7fff
7fff
7fff
7fff
7fff
7fff
7fff
7fff
7fff
7fff
7fff
7fff
7fff
7fff
7fff
7fff
7fff
7fff
7fff
7fff
7fff
7fff
7fff
7fff
7fff
7fff
7fff
7fff
7fff
7fff
7fff
7fff
7fff
7fff
7fff
7fff
7fff
7fff
7fff
7fff
7fff
7fff
7fff
7fff
7fff
7fff
7fff
7fff
7fff
7fff
7fff
7fff
7fff
7fff
7fff
7fff
7fff
7fff
7fff
7fff
7fff
7fff
7fff
7fff
7fff
7fff
7fff
7fff
7fff
7fff
7fff
7fff
7fff
7fff
7fff
7fff
7fff
7fff
7fff
7fff
7fff
7fff
7fff
7fff
7fff
7fff
7fff
7fff
7fff
7fff
7fff
7fff
7fff
7fff
7fff
7fff
7fff
7fff
7fff
7fff
7fff
7fff
7fff
7fff
7fff
7fff
7fff
7fff
7fff
7fff
7fff
7fff
7fff
7fff
7fff
7fff
7fff
7fff
7fff
7fff
7fff
7fff
7fff
7fff
7fff
7fff
7fff
7fff
7fff
7fff
7fff
7fff
7fff
7fff
7fff
7fff
7fff
7fff
7fff
7fff
7fff
7fff
7fff
7fff
7fff
7fff
7fff
7fff
7fff
7fff
7fff
7fff
7fff
7fff
7fff
7fff
7fff
7fff
7fff
7fff
7fff
7fff
7fff
7fff
7fff
7fff
7fff
7fff
7fff
7fff
7fff
7fff
7fff
7fff
7fff
7fff
7fff
7fff
7fff
7fff
7fff
7fff
7fff
7fff
7fff
7fff
7fff
7fff
7fff
7fff
7fff
7fff
7fff
7fff
7fff
7fff
7fff
7fff
7fff
7fff
7fff
7fff
7fff
7fff
7fff
7fff
7fff
7fff
7fff
7fff
7fff
7fff
7fff
7fff
7fff
7fff
7fff
7fff
7fff
7fff
7fff
7fff
7fff
7fff
7fff
7fff
7fff
7fff
7fff
7fff
7fff
7fff
7fff
7fff
7fff
7fff
7fff
7fff
7fff
7fff
7fff
7fff
7fff
7fff
7fff
7fff
7fff
7fff
7fff
7fff
7fff
7fff
7fff
7fff
7fff
7fff
7fff
7fff
7fff
7fff
7fff
7fff
7fff
7fff
7fff
7fff
7fff
7fff
7fff
7fff
7fff
7fff
7fff
7fff
7fff
7fff
7fff
7fff
7fff
7fff
7fff
7fff
7fff
7fff
7fff
7fff
7fff
7fff
7fff
7fff
7fff
7fff
7fff
7fff
7fff
7fff
7fff
7fff
7fff
7fff
7fff
7fff
7fff
7fff
7fff
7fff
7fff
7fff
7fff
7fff
7fff
7fff
7fff
7fff
7fff
7fff
7fff
7fff
7fff
7fff
7fff
7fff
7fff
7fff
7fff
7fff
7fff
7fff
7fff
7fff
7fff
7fff
7fff
7fff
7fff
7fff
7fff
7fff
7fff
7fff
7fff
7fff
7fff
7fff
7fff
7fff
7fff
7fff
7fff
7fff
7fff
7fff
7fff
7fff
7fff
7fff
7fff
7fff
7fff
7fff
7fff
7fff
7fff
7fff
7fff
7fff
7fff
7fff
7fff
7fff
7fff
7fff
7fff
7fff
7fff
7fff
7fff
7fff
7fff
7fff
7fff
7fff
7fff
7fff
7fff
7fff
7fff
7fff
7fff
7fff
7fff
7fff
7fff
7fff
7fff
7fff
7fff
7fff
7fff
7fff
7fff
7fff
7fff
7fff
7fff
7fff
7fff
7fff
7fff
7fff
7fff
7fff
7fff
7fff
7fff
7fff
7fff
7fff
7fff
7fff
7fff
7fff
7fff
7fff
7fff
7fff
7fff
7fff
7fff
7fff
7fff
7fff
7fff
7fff
7fff
7fff
7fff
7fff
7fff
7fff
7fff
7fff
7fff
7fff
7fff
7fff
7fff
7fff
7fff
7fff
7fff
7fff
7fff
7fff
7fff
7fff
7fff
7fff
7fff
7fff
7fff
7fff
7fff
7fff
7fff
7fff
7fff
7fff
7fff
7fff
7fff
7fff
7fff
7fff
7fff
7fff
7fff
7fff
7fff
7fff
7fff
7fff
7fff
7fff
7fff
7fff
7fff
7fff
7fff
7fff
7fff
7fff
7fff
7fff
7fff
7fff
7fff
7fff
7fff
7fff
7fff
7fff
7fff
7fff
7fff
7fff
7fff
7fff
7fff
7fff
7fff
7fff
7fff
7fff
7fff
7fff
7fff
7fff
7fff
7fff
7fff
7fff
7fff
7fff
7fff
7fff
7fff
7fff
7fff
7fff
7fff
7fff
7fff
7fff
7fff
7fff
7fff
7fff
7fff
7fff
7fff
7fff
7fff
7fff
7fff
7fff
7fff
7fff
7fff
7fff
7fff
7fff
7fff
7fff
7fff
7fff
7fff
7fff
7fff
7fff
7fff
7fff
7fff
7fff
7fff
7fff
7fff
7fff
7fff
7fff
7fff
7fff
7fff
7fff
7fff
7fff
7fff
7fff
7fff
7fff
7fff
7fff
7fff
7fff
7fff
7fff
7fff
7fff
7fff
7fff
7fff
7fff
7fff
7fff
7fff
7fff
7fff
7fff
7fff
7fff
7fff
7fff
7fff
7fff
7fff
7fff
7fff
7fff
7fff
7fff
7fff
7fff
7fff
7fff
7fff
7fff
7fff
7fff
7fff
7fff
7fff
7fff
7fff
7fff
7fff
7fff
7fff
7fff
7fff
7fff
7fff
7fff
7fff
7fff
7fff
7fff
7fff
7fff
7fff
7fff
7fff
7fff
7fff
7fff
7fff
7fff
7fff
7fff
7fff
7fff
7fff
7fff
7fff
7fff
7fff
7fff
7fff
7fff
7fff
7fff
7fff
7fff
7fff
7fff
7fff
7fff
7fff
7fff
7fff
7fff
7fff
7fff
7fff
7fff
7fff
7fff
7fff
7fff
7fff
7fff
7fff
7fff
7fff
7fff
7fff
7fff
7fff
7fff
7fff
7fff
7fff
7fff
7fff
7fff
7fff
7fff
7fff
7fff
7fff
7fff
7fff
7fff
7fff
7fff
7fff
7fff
7fff
7fff
7fff
7fff
7fff
7fff
7fff
7fff
7fff
7fff
7fff
7fff
7fff
7fff
7fff
7fff
7fff
7fff
7fff
7fff
7fff
7fff
7fff
7fff
7fff
7fff
7fff
7fff
7fff
7fff
7fff
7fff
7fff
7fff
7fff
7fff
7fff
7fff
7fff
7fff
7fff
7fff
7fff
7fff
7fff
7fff
7fff
7fff
7fff
7fff
7fff
7fff
7fff
7fff
7fff
7fff
7fff
7fff
7fff
7fff
7fff
7fff
7fff
7fff
7fff
7fff
7fff
7fff
7fff
7fff
7fff
7fff
7fff
7fff
7fff
7fff
7fff
7fff
7fff
7fff
7fff
7fff
7fff
7fff
7fff
7fff
7fff
7fff
7fff
7fff
7fff
7fff
7fff
7fff
7fff
7fff
7fff
7fff
7fff
7fff
7fff
7fff
7fff
7fff
7fff
7fff
7fff
7fff
7fff
7fff
7fff
7fff
7fff
7fff
7fff
7fff
7fff
7fff
7fff
7fff
7fff
7fff
7fff
7fff
7fff
7fff
7fff
7fff
7fff
7fff
7fff
7fff
7fff
7fff
7fff
7fff
7fff
7fff
7fff
7fff
7fff
7fff
7fff
7fff
7fff
7fff
7fff
7fff
7fff
7fff
7fff
7fff
7fff
7fff
7fff
7fff
7fff
7fff
7fff
7fff
7fff
7fff
7fff
7fff
7fff
7fff
7fff
7fff
7fff
7fff
7fff
7fff
7fff
7fff
7fff
7fff
7fff
7fff
7fff
7fff
7fff
7fff
7fff
7fff
7fff
7fff
7fff
7fff
7fff
7fff
7fff
7fff
7fff
7fff
7fff
7fff
7fff
7fff
7fff
7fff
7fff
7fff
7fff
7fff
7fff
7fff
7fff
7fff
7fff
7fff
7fff
7fff
7fff
7fff
7fff
7fff
7fff
7fff
7fff
7fff
7fff
7fff
7fff
7fff
7fff
7fff
7fff
7fff
7fff
7fff
7fff
7fff
7fff
7fff
7fff
7fff
7fff
7fff
7fff
7fff
7fff
7fff
7fff
7fff
7fff
7fff
7fff
7fff
7fff
7fff
7fff
7fff
7fff
7fff
7fff
7fff
7fff
7fff
7fff
7fff
7fff
7fff
7fff
7fff
7fff
7fff
7fff
7fff
7fff
7fff
7fff
7fff
7fff
7fff
7fff
7fff
7fff
7fff
7fff
7fff
7fff
7fff
7fff
7fff
7fff
7fff
7fff
7fff
7fff
7fff
7fff
7fff
7fff
7fff
7fff
7fff
7fff
7fff
7fff
7fff
7fff
7fff
7fff
7fff
7fff
7fff
7fff
7fff
7fff
7fff
7fff
7fff
7fff
7fff
7fff
7fff
7fff
7fff
7fff
7fff
7fff
7fff
7fff
7fff
7fff
7fff
7fff
7fff
7fff
7fff
7fff
7fff
7fff
7fff
7fff
7fff
7fff
7fff
7fff
7fff
7fff
7fff
7fff
7fff
7fff
7fff
7fff
7fff
7fff
7fff
7fff
7fff
7fff
7fff
7fff
7fff
7fff
7fff
7fff
7fff
7fff
7fff
7fff
7fff
7fff
7fff
7fff
7fff
7fff
7fff
7fff
7fff
7fff
7fff
7fff
7fff
7fff
7fff
7fff
7fff
7fff
7fff
7fff
7fff
7fff
7fff
7fff
7fff
7fff
7fff
7fff
7fff
7fff
7fff
7fff
7fff
7fff
7fff
7fff
7fff
7fff
7fff
7fff
7fff
7fff
7fff
7fff
7fff
7fff
7fff
7fff
7fff
7fff
7fff
7fff
7fff
7fff
7fff
7fff
7fff
7fff
7fff
7fff
7fff
7fff
7fff
7fff
7fff
7fff
7fff
7fff
7fff
7fff
7fff
7fff
7fff
7fff
7fff
7fff
7fff
7fff
7fff
7fff
7fff
7fff
7fff
7fff
7fff
7fff
7fff
7fff
7fff
7fff
7fff
7fff
7fff
7fff
7fff
7fff
7fff
7fff
7fff
7fff
7fff
7fff
7fff
7fff
7fff
7fff
7fff
7fff
7fff
7fff
7fff
7fff
7fff
7fff
7fff
7fff
7fff
7fff
7fff
7fff
7fff
7fff
7fff
7fff
7fff
7fff
7fff
7fff
7fff
7fff
7fff
7fff
7fff
7fff
7fff
7fff
7fff
7fff
7fff
7fff
7fff
7fff
7fff
7fff
7fff
7fff
7fff
7fff
7fff
7fff
7fff
7fff
7fff
7fff
7fff
7fff
7fff
7fff
7fff
7fff
7fff
7fff
7fff
7fff
7fff
7fff
7fff
7fff
7fff
7fff
7fff
7fff
7fff
7fff
7fff
7fff
7fff
7fff
7fff
7fff
7fff
7fff
7fff
7fff
7fff
7fff
7fff
7fff
7fff
7fff
7fff
7fff
7fff
7fff
7fff
7fff
7fff
7fff
7fff
7fff
7fff
7fff
7fff
7fff
7fff
7fff
7fff
7fff
7fff
7fff
7fff
7fff
7fff
7fff
7fff
7fff
7fff
7fff
7fff
7fff
7fff
7fff
7fff
7fff
7fff
7fff
7fff
7fff
7fff
7fff
7fff
7fff
7fff
7fff
7fff
7fff
7fff
7fff
7fff
7fff
7fff
7fff
7fff
7fff
7fff
7fff
7fff
7fff
7fff
7fff
7fff
7fff
7fff
7fff
7fff
7fff
7fff
7fff
7fff
7fff
7fff
7fff
7fff
7fff
7fff
7fff
7fff
7fff
7fff
7fff
7fff
7fff
7fff
7fff
7fff
7fff
7fff
7fff
7fff
7fff
7fff
7fff
7fff
7fff
7fff
7fff
7fff
7fff
7fff
7fff
7fff
7fff
7fff
7fff
7fff
7fff
7fff
7fff
7fff
7fff
7fff
7fff
7fff
7fff
7fff
7fff
7fff
7fff
7fff
7fff
7fff
7fff
7fff
7fff
7fff
7fff
7fff
7fff
7fff
7fff
7fff
7fff
7fff
7fff
7fff
7fff
7fff
7fff
7fff
7fff
7fff
7fff
7fff
7fff
7fff
7fff
7fff
7fff
7fff
7fff
7fff
7fff
7fff
7fff
7fff
7fff
7fff
7fff
7fff
7fff
7fff
7fff
7fff
7fff
7fff
7fff
7fff
7fff
7fff
7fff
7fff
7fff
7fff
7fff
7fff
7fff
7fff
7fff
7fff
7fff
7fff
7fff
7fff
7fff
7fff
7fff
7fff
7fff
7fff
7fff
7fff
7fff
7fff
7fff
7fff
7fff
7fff
7fff
7fff
7fff
7fff
7fff
7fff
7fff
7fff
7fff
7fff
7fff
7fff
7fff
7fff
7fff
7fff
7fff
7fff
7fff
7fff
7fff
7fff
7fff
7fff
7fff
7fff
7fff
7fff
7fff
7fff
7fff
7fff
7fff
7fff
7fff
7fff
7fff
7fff
7fff
7fff
7fff
7fff
7fff
7fff
7fff
7fff
7fff
7fff
7fff
7fff
7fff
7fff
7fff
7fff
7fff
7fff
7fff
7fff
7fff
7fff
7fff
7fff
7fff
7fff
7fff
7fff
7fff
7fff
7fff
7fff
7fff
7fff
7fff
7fff
7fff
7fff
7fff
7fff
7fff
7fff
7fff
7fff
7fff
7fff
7fff
7fff
7fff
7fff
7fff
7fff
7fff
7fff
7fff
7fff
7fff
7fff
7fff
7fff
7fff
7fff
7fff
7fff
7fff
7fff
7fff
7fff
7fff
7fff
7fff
7fff
7fff
7fff
7fff
7fff
7fff
7fff
7fff
7fff
7fff
7fff
7fff
7fff
7fff
7fff
7fff
7fff
7fff
7fff
7fff
7fff
7fff
7fff
7fff
7fff
7fff
7fff
7fff
7fff
7fff
7fff
7fff
7fff
7fff
7fff
7fff
7fff
7fff
7fff
7fff
7fff
7fff
7fff
7fff
7fff
7fff
7fff
7fff
7fff
7fff
7fff
7fff
7fff
7fff
7fff
7fff
7fff
7fff
7fff
7fff
7fff
7fff
7fff
7fff
7fff
7fff
7fff
7fff
7fff
7fff
7fff
7fff
7fff
7fff
7fff
7fff
7fff
7fff
7fff
7fff
7fff
7fff
7fff
7fff
7fff
7fff
7fff
7fff
7fff
7fff
7fff
7fff
7fff
7fff
7fff
7fff
7fff
7fff
7fff
7fff
7fff
7fff
7fff
7fff
7fff
7fff
7fff
7fff
7fff
7fff
7fff
7fff
7fff
7fff
7fff
7fff
7fff
7fff
7fff
7fff
7fff
7fff
7fff
7fff
7fff
7fff
7fff
7fff
7fff
7fff
7fff
7fff
7fff
7fff
7fff
7fff
7fff
7fff
7fff
7fff
7fff
7fff
7fff
7fff
7fff
7fff
7fff
7fff
7fff
7fff
7fff
7fff
7fff
7fff
7fff
7fff
7fff
7fff
7fff
7fff
7fff
7fff
7fff
7fff
7fff
7fff
7fff
7fff
7fff
7fff
7fff
7fff
7fff
7fff
7fff
7fff
7fff
7fff
7fff
7fff
7fff
7fff
7fff
7fff
7fff
7fff
7fff
7fff
7fff
7fff
7fff
7fff
7fff
7fff
7fff
7fff
7fff
7fff
7fff
7fff
7fff
7fff
7fff
7fff
7fff
7fff
7fff
7fff
7fff
7fff
7fff
7fff
7fff
7fff
7fff
7fff
7fff
7fff
7fff
7fff
7fff
7fff
7fff
7fff
7fff
7fff
7fff
7fff
7fff
7fff
7fff
7fff
7fff
7fff
7fff
7fff
7fff
7fff
7fff
7fff
7fff
7fff
7fff
7fff
7fff
7fff
7fff
7fff
7fff
7fff
7fff
7fff
7fff
7fff
7fff
7fff
7fff
7fff
7fff
7fff
7fff
7fff
7fff
7fff
7fff
7fff
7fff
7fff
7fff
7fff
7fff
7fff
7fff
7fff
7fff
7fff
7fff
7fff
7fff
7fff
7fff
7fff
7fff
7fff
7fff
7fff
7fff
7fff
7fff
7fff
7fff
7fff
7fff
7fff
7fff
7fff
7fff
7fff
7fff
7fff
7fff
7fff
7fff
7fff
7fff
7fff
7fff
7fff
7fff
7fff
7fff
7fff
7fff
7fff
7fff
7fff
7fff
7fff
7fff
7fff
7fff
7fff
7fff
7fff
7fff
7fff
7fff
7fff
7fff
7fff
7fff
7fff
7fff
7fff
7fff
7fff
7fff
7fff
7fff
7fff
7fff
7fff
7fff
7fff
7fff
7fff
7fff
7fff
7fff
7fff
7fff
7fff
7fff
7fff
7fff
7fff
7fff
7fff
7fff
7fff
7fff
7fff
7fff
7fff
7fff
7fff
7fff
7fff
7fff
7fff
7fff
7fff
7fff
7fff
7fff
7fff
7fff
7fff
7fff
7fff
7fff
7fff
7fff
7fff
7fff
7fff
7fff
7fff
7fff
7fff
7fff
7fff
7fff
7fff
7fff
7fff
7fff
7fff
7fff
7fff
7fff
7fff
7fff
7fff
7fff
7fff
7fff
7fff
7fff
7fff
7fff
7fff
7fff
7fff
7fff
7fff
7fff
7fff
7fff
7fff
7fff
7fff
7fff
7fff
7fff
7fff
7fff
7fff
7fff
7fff
7fff
7fff
7fff
7fff
7fff
7fff
7fff
7fff
7fff
7fff
7fff
7fff
7fff
7fff
7fff
7fff
7fff
7fff
7fff
7fff
7fff
7fff
7fff
7fff
7fff
7fff
7fff
7fff
7fff
7fff
7fff
7fff
7fff
7fff
7fff
7fff
7fff
7fff
7fff
7fff
7fff
7fff
7fff
7fff
7fff
7fff
7fff
7fff
7fff
7fff
7fff
7fff
7fff
7fff
7fff
7fff
7fff
7fff
7fff
7fff
7fff
7fff
7fff
7fff
7fff
7fff
7fff
7fff
7fff
7fff
7fff
7fff
7fff
7fff
7fff
7fff
7fff
7fff
7fff
7fff
7fff
7fff
7fff
7fff
7fff
7fff
7fff
7fff
7fff
7fff
7fff
7fff
7fff
7fff
7fff
7fff
7fff
7fff
7fff
7fff
7fff
7fff
7fff
7fff
7fff
7fff
7fff
7fff
7fff
7fff
7fff
7fff
7fff
7fff
7fff
7fff
7fff
7fff
7fff
7fff
7fff
7fff
7fff
7fff
7fff
7fff
7fff
7fff
7fff
7fff
7fff
7fff
7fff
7fff
7fff
7fff
7fff
7fff
7fff
7fff
7fff
7fff
7fff
7fff
7fff
7fff
7fff
7fff
7fff
7fff
7fff
7fff
7fff
7fff
7fff
7fff
7fff
7fff
7fff
7fff
7fff
7fff
7fff
7fff
7fff
7fff
7fff
7fff
7fff
7fff
7fff
7fff
7fff
7fff
7fff
7fff
7fff
7fff
7fff
7fff
7fff
7fff
7fff
7fff
7fff
7fff
7fff
7fff
7fff
7fff
7fff
7fff
7fff
7fff
7fff
7fff
7fff
7fff
7fff
7fff
7fff
7fff
7fff
7fff
7fff
7fff
7fff
7fff
7fff
7fff
7fff
7fff
7fff
7fff
7fff
7fff
7fff
7fff
7fff
7fff
7fff
7fff
7fff
7fff
7fff
7fff
7fff
7fff
7fff
7fff
7fff
7fff
7fff
7fff
7fff
7fff
7fff
7fff
7fff
7fff
7fff
7fff
7fff
7fff
7fff
7fff
7fff
7fff
7fff
7fff
7fff
7fff
7fff
7fff
7fff
7fff
7fff
7fff
7fff
7fff
7fff
7fff
7fff
7fff
7fff
7fff
7fff
7fff
7fff
7fff
7fff
7fff
7fff
7fff
7fff
7fff
7fff
7fff
7fff
7fff
7fff
7fff
7fff
7fff
7fff
7fff
7fff
7fff
7fff
7fff
7fff
7fff
7fff
7fff
7fff
7fff
7fff
7fff
7fff
7fff
7fff
7fff
7fff
7fff
7fff
7fff
7fff
7fff
7fff
7fff
7fff
7fff
7fff
7fff
7fff
7fff
7fff
7fff
7fff
7fff
7fff
7fff
7fff
7fff
7fff
7fff
7fff
7fff
7fff
7fff
7fff
7fff
7fff
7fff
7fff
7fff
7fff
7fff
7fff
7fff
7fff
7fff
7fff
7fff
7fff
7fff
7fff
7fff
7fff
7fff
7fff
7fff
7fff
7fff
7fff
7fff
7fff
7fff
7fff
7fff
7fff
7fff
7fff
7fff
7fff
7fff
7fff
7fff
7fff
7fff
7fff
7fff
7fff
7fff
7fff
7fff
7fff
7fff
7fff
7fff
7fff
7fff
7fff
7fff
7fff
7fff
7fff
7fff
7fff
7fff
7fff
7fff
7fff
7fff
7fff
7fff
7fff
7fff
7fff
7fff
7fff
7fff
7fff
7fff
7fff
7fff
7fff
7fff
7fff
7fff
7fff
7fff
7fff
7fff
7fff
7fff
7fff
7fff
7fff
7fff
7fff
7fff
7fff
7fff
7fff
7fff
7fff
7fff
7fff
7fff
7fff
7fff
7fff
7fff
7fff
7fff
7fff
7fff
7fff
7fff
7fff
7fff
7fff
7fff
7fff
7fff
7fff
7fff
7fff
7fff
7fff
7fff
7fff
7fff
7fff
7fff
7fff
7fff
7fff
7fff
7fff
7fff
7fff
7fff
7fff
7fff
7fff
7fff
7fff
7fff
7fff
7fff
7fff
7fff
7fff
7fff
7fff
7fff
7fff
7fff
7fff
7fff
7fff
7fff
7fff
7fff
7fff
7fff
7fff
7fff
7fff
7fff
7fff
7fff
7fff
7fff
7fff
7fff
7fff
7fff
7fff
7fff
7fff
7fff
7fff
7fff
7fff
7fff
7fff
7fff
7fff
7fff
7fff
7fff
7fff
7fff
7fff
7fff
7fff
7fff
7fff
7fff
7fff
7fff
7fff
7fff
7fff
7fff
7fff
7fff
7fff
7fff
7fff
7fff
7fff
7fff
7fff
7fff
7fff
7fff
7fff
7fff
7fff
7fff
7fff
7fff
7fff
7fff
7fff
7fff
7fff
7fff
7fff
7fff
7fff
7fff
7fff
7fff
7fff
7fff
7fff
7fff
7fff
7fff
7fff
7fff
7fff
7fff
7fff
7fff
7fff
7fff
7fff
7fff
7fff
7fff
7fff
7fff
7fff
7fff
7fff
7fff
7fff
7fff
7fff
7fff
7fff
7fff
7fff
7fff
7fff
7fff
7fff
7fff
7fff
7fff
7fff
7fff
7fff
7fff
7fff
7fff
7fff
7fff
7fff
7fff
7fff
7fff
7fff
7fff
7fff
7fff
7fff
7fff
7fff
7fff
7fff
7fff
7fff
7fff
7fff
7fff
7fff
7fff
7fff
7fff
7fff
7fff
7fff
7fff
7fff
7fff
7fff
7fff
7fff
7fff
7fff
7fff
7fff
7fff
7fff
7fff
7fff
7fff
7fff
7fff
7fff
7fff
7fff
7fff
7fff
7fff
7fff
7fff
7fff
7fff
7fff
7fff
7fff
7fff
7fff
7fff
7fff
7fff
7fff
7fff
7fff
7fff
7fff
7fff
7fff
7fff
7fff
7fff
7fff
7fff
7fff
7fff
7fff
7fff
7fff
7fff
7fff
7fff
7fff
7fff
7fff
7fff
7fff
7fff
7fff
7fff
7fff
7fff
7fff
7fff
7fff
7fff
7fff
7fff
7fff
7fff
7fff
7fff
7fff
7fff
7fff
7fff
7fff
7fff
7fff
7fff
7fff
7fff
7fff
7fff
7fff
7fff
7fff
7fff
7fff
7fff
7fff
7fff
7fff
7fff
7fff
7fff
7fff
7fff
7fff
7fff
7fff
7fff
7fff
7fff
7fff
7fff
7fff
7fff
7fff
7fff
7fff
7fff
7fff
7fff
7fff
7fff
7fff
7fff
7fff
7fff
7fff
7fff
7fff
7fff
7fff
7fff
7fff
7fff
7fff
7fff
7fff
7fff
7fff
7fff
7fff
7fff
7fff
7fff
7fff
7fff
7fff
7fff
7fff
7fff
7fff
7fff
7fff
7fff
7fff
7fff
7fff
7fff
7fff
7fff
7fff
7fff
7fff
7fff
7fff
7fff
7fff
7fff
7fff
7fff
7fff
7fff
7fff
7fff
7fff
7fff
7fff
7fff
7fff
7fff
7fff
7fff
7fff
7fff
7fff
7fff
7fff
7fff
7fff
7fff
7fff
7fff
7fff
7fff
7fff
7fff
7fff
7fff
7fff
7fff
7fff
7fff
7fff
7fff
7fff
7fff
7fff
7fff
7fff
7fff
7fff
7fff
7fff
7fff
7fff
7fff
7fff
7fff
7fff
7fff
7fff
7fff
7fff
7fff
7fff
7fff
7fff
7fff
7fff
7fff
7fff
7fff
7fff
7fff
7fff
7fff
7fff
7fff
7fff
7fff
7fff
7fff
7fff
7fff
7fff
7fff
7fff
7fff
7fff
7fff
7fff
7fff
7fff
7fff
7fff
7fff
7fff
7fff
7fff
7fff
7fff
7fff
7fff
7fff
7fff
7fff
7fff
7fff
7fff
7fff
7fff
7fff
7fff
7fff
7fff
7fff
7fff
7fff
7fff
7fff
7fff
7fff
7fff
7fff
7fff
7fff
7fff
7fff
7fff
7fff
7fff
7fff
7fff
7fff
7fff
7fff
7fff
7fff
7fff
7fff
7fff
7fff
7fff
7fff
7fff
7fff
7fff
7fff
7fff
7fff
7fff
7fff
7fff
7fff
7fff
7fff
7fff
7fff
7fff
7fff
7fff
7fff
7fff
7fff
7fff
7fff
7fff
7fff
7fff
7fff
7fff
7fff
7fff
7fff
7fff
7fff
7fff
7fff
7fff
7fff
7fff
7fff
7fff
7fff
7fff
7fff
7fff
7fff
7fff
7fff
7fff
7fff
7fff
7fff
7fff
7fff
7fff
7fff
7fff
7fff
7fff
7fff
7fff
7fff
7fff
7fff
7fff
7fff
7fff
7fff
7fff
7fff
7fff
7fff
7fff
7fff
7fff
7fff
7fff
7fff
7fff
7fff
7fff
7fff
7fff
7fff
7fff
7fff
7fff
7fff
7fff
7fff
7fff
7fff
7fff
7fff
7fff
7fff
7fff
7fff
7fff
7fff
7fff
7fff
7fff
7fff
7fff
7fff
7fff
7fff
7fff
7fff
7fff
7fff
7fff
7fff
7fff
7fff
7fff
7fff
7fff
7fff
7fff
7fff
7fff
7fff
7fff
7fff
7fff
7fff
7fff
7fff
7fff
7fff
7fff
7fff
7fff
7fff
7fff
7fff
7fff
7fff
7fff
7fff
7fff
7fff
7fff
7fff
7fff
7fff
7fff
7fff
7fff
7fff
7fff
7fff
7fff
7fff
7fff
7fff
7fff
7fff
7fff
7fff
7fff
7fff
7fff
7fff
7fff
7fff
7fff
7fff
7fff
7fff
7fff
7fff
7fff
7fff
7fff
7fff
7fff
7fff
7fff
7fff
7fff
7fff
7fff
7fff
7fff
7fff
7fff
7fff
7fff
7fff
7fff
7fff
7fff
7fff
7fff
7fff
7fff
7fff
7fff
7fff
7fff
7fff
7fff
7fff
7fff
7fff
7fff
7fff
7fff
7fff
7fff
7fff
7fff
7fff
7fff
7fff
7fff
7fff
7fff
7fff
7fff
7fff
7fff
7fff
7fff
7fff
7fff
7fff
7fff
7fff
7fff
7fff
7fff
7fff
7fff
7fff
7fff
7fff
7fff
7fff
7fff
7fff
7fff
7fff
7fff
7fff
7fff
7fff
7fff
7fff
7fff
7fff
7fff
7fff
7fff
7fff
7fff
7fff
7fff
7fff
7fff
7fff
7fff
7fff
7fff
7fff
7fff
7fff
7fff
7fff
7fff
7fff
7fff
7fff
7fff
7fff
7fff
7fff
7fff
7fff
7fff
7fff
7fff
7fff
7fff
7fff
7fff
7fff
7fff
7fff
7fff
7fff
7fff
7fff
7fff
7fff
7fff
7fff
7fff
7fff
7fff
7fff
7fff
7fff
7fff
7fff
7fff
7fff
7fff
7fff
7fff
7fff
7fff
7fff
7fff
7fff
7fff
7fff
7fff
7fff
7fff
7fff
7fff
7fff
7fff
7fff
7fff
7fff
7fff
7fff
7fff
7fff
7fff
7fff
7fff
7fff
7fff
7fff
7fff
7fff
7fff
7fff
7fff
7fff
7fff
7fff
7fff
7fff
7fff
7fff
7fff
7fff
7fff
7fff
7fff
7fff
7fff
7fff
7fff
7fff
7fff
7fff
7fff
7fff
7fff
7fff
7fff
7fff
7fff
7fff
7fff
7fff
7fff
7fff
7fff
7fff
7fff
7fff
7fff
7fff
7fff
7fff
7fff
7fff
7fff
7fff
7fff
7fff
7fff
7fff
7fff
7fff
7fff
7fff
7fff
7fff
7fff
7fff
7fff
7fff
7fff
7fff
7fff
7fff
7fff
7fff
7fff
7fff
7fff
7fff
7fff
7fff
7fff
7fff
7fff
7fff
7fff
7fff
7fff
7fff
7fff
7fff
7fff
7fff
7fff
7fff
7fff
7fff
7fff
7fff
7fff
7fff
7fff
7fff
7fff
7fff
7fff
7fff
7fff
7fff
7fff
7fff
7fff
7fff
7fff
7fff
7fff
7fff
7fff
7fff
7fff
7fff
7fff
7fff
7fff
7fff
7fff
7fff
7fff
7fff
7fff
7fff
7fff
7fff
7fff
7fff
7fff
7fff
7fff
7fff
7fff
7fff
7fff
7fff
7fff
7fff
7fff
7fff
7fff
7fff
7fff
7fff
7fff
7fff
7fff
7fff
7fff
7fff
7fff
7fff
7fff
7fff
7fff
7fff
7fff
7fff
7fff
7fff
7fff
7fff
7fff
7fff
7fff
7fff
7fff
7fff
7fff
7fff
7fff
7fff
7fff
7fff
7fff
7fff
7fff
7fff
7fff
7fff
7fff
7fff
7fff
7fff
7fff
7fff
7fff
7fff
7fff
7fff
7fff
7fff
7fff
7fff
7fff
7fff
7fff
7fff
7fff
7fff
7fff
7fff
7fff
7fff
7fff
7fff
7fff
7fff
7fff
7fff
7fff
7fff
7fff
7fff
7fff
7fff
7fff
7fff
7fff
7fff
7fff
7fff
7fff
7fff
7fff
7fff
7fff
7fff
7fff
7fff
7fff
7fff
7fff
7fff
7fff
7fff
7fff
7fff
7fff
7fff
7fff
7fff
7fff
7fff
7fff
7fff
7fff
7fff
7fff
7fff
7fff
7fff
7fff
7fff
7fff
7fff
7fff
7fff
7fff
7fff
7fff
7fff
7fff
7fff
7fff
7fff
7fff
7fff
7fff
7fff
7fff
7fff
7fff
7fff
7fff
7fff
7fff
7fff
7fff
7fff
7fff
7fff
7fff
7fff
7fff
7fff
7fff
7fff
7fff
7fff
7fff
7fff
7fff
7fff
7fff
7fff
7fff
7fff
7fff
7fff
7fff
7fff
7fff
7fff
7fff
7fff
7fff
7fff
7fff
7fff
7fff
7fff
7fff
7fff
7fff
7fff
7fff
7fff
7fff
7fff
7fff
7fff
7fff
7fff
7fff
7fff
7fff
7fff
7fff
7fff
7fff
7fff
7fff
7fff
7fff
7fff
7fff
7fff
7fff
7fff
7fff
7fff
7fff
7fff
7fff
7fff
7fff
7fff
7fff
7fff
7fff
7fff
7fff
7fff
7fff
7fff
7fff
7fff
7fff
7fff
7fff
7fff
7fff
7fff
7fff
7fff
7fff
7fff
7fff
7fff
7fff
7fff
7fff
7fff
7fff
7fff
7fff
7fff
7fff
7fff
7fff
7fff
7fff
7fff
7fff
7fff
7fff
7fff
7fff
7fff
7fff
7fff
7fff
7fff
7fff
7fff
7fff
7fff
7fff
7fff
7fff
7fff
7fff
7fff
7fff
7fff
7fff
7fff
7fff
7fff
7fff
7fff
7fff
7fff
7fff
7fff
7fff
7fff
7fff
7fff
7fff
7fff
7fff
7fff
7fff
7fff
7fff
7fff
7fff
7fff
7fff
7fff
7fff
7fff
7fff
7fff
7fff
7fff
7fff
7fff
7fff
7fff
7fff
7fff
7fff
7fff
7fff
7fff
7fff
7fff
7fff
7fff
7fff
7fff
7fff
7fff
7fff
7fff
7fff
7fff
7fff
7fff
7fff
7fff
7fff
7fff
7fff
7fff
7fff
7fff
7fff
7fff
7fff
7fff
7fff
7fff
7fff
7fff
7fff
7fff
7fff
7fff
7fff
7fff
7fff
7fff
7fff
7fff
7fff
7fff
7fff
7fff
7fff
7fff
7fff
7fff
7fff
7fff
7fff
7fff
7fff
7fff
7fff
7fff
7fff
7fff
7fff
7fff
7fff
7fff
7fff
7fff
7fff
7fff
7fff
7fff
7fff
7fff
7fff
7fff
7fff
7fff
7fff
7fff
7fff
7fff
7fff
7fff
7fff
7fff
7fff
7fff
7fff
7fff
7fff
7fff
7fff
7fff
7fff
7fff
7fff
7fff
7fff
7fff
7fff
7fff
7fff
7fff
7fff
7fff
7fff
7fff
7fff
7fff
7fff
7fff
7fff
7fff
7fff
7fff
7fff
7fff
7fff
7fff
7fff
7fff
7fff
7fff
7fff
7fff
7fff
7fff
7fff
7fff
7fff
7fff
7fff
7fff
7fff
7fff
7fff
7fff
7fff
7fff
7fff
7fff
7fff
7fff
7fff
7fff
7fff
7fff
7fff
7fff
7fff
7fff
7fff
7fff
7fff
7fff
7fff
7fff
7fff
7fff
7fff
7fff
7fff
7fff
7fff
7fff
7fff
7fff
7fff
7fff
7fff
7fff
7fff
7fff
7fff
7fff
7fff
7fff
7fff
7fff
7fff
7fff
7fff
7fff
7fff
7fff
7fff
7fff
7fff
7fff
7fff
7fff
7fff
7fff
7fff
7fff
7fff
7fff
7fff
7fff
7fff
7fff
7fff
7fff
7fff
7fff
7fff
7fff
7fff
7fff
7fff
7fff
7fff
7fff
7fff
7fff
7fff
7fff
7fff
7fff
7fff
7fff
7fff
7fff
7fff
7fff
7fff
7fff
7fff
7fff
7fff
7fff
7fff
7fff
7fff
7fff
7fff
7fff
7fff
7fff
7fff
7fff
7fff
7fff
7fff
7fff
7fff
7fff
7fff
7fff
7fff
7fff
7fff
7fff
7fff
7fff
7fff
7fff
7fff
7fff
7fff
7fff
7fff
7fff
7fff
7fff
7fff
7fff
7fff
7fff
7fff
7fff
7fff
7fff
7fff
7fff
7fff
7fff
7fff
7fff
7fff
7fff
7fff
7fff
7fff
7fff
7fff
7fff
7fff
7fff
7fff
7fff
7fff
7fff
7fff
7fff
7fff
7fff
7fff
7fff
7fff
7fff
7fff
7fff
7fff
7fff
7fff
7fff
7fff
7fff
7fff
7fff
7fff
7fff
7fff
7fff
7fff
7fff
7fff
7fff
7fff
7fff
7fff
7fff
7fff
7fff
7fff
7fff
7fff
7fff
7fff
7fff
7fff
7fff
7fff
7fff
7fff
7fff
7fff
7fff
7fff
7fff
7fff
7fff
7fff
7fff
7fff
7fff
7fff
7fff
7fff
7fff
7fff
7fff
7fff
7fff
7fff
7fff
7fff
7fff
7fff
7fff
7fff
7fff
7fff
7fff
7fff
7fff
7fff
7fff
7fff
7fff
7fff
7fff
7fff
7fff
7fff
7fff
7fff
7fff
7fff
7fff
7fff
7fff
7fff
7fff
7fff
7fff
7fff
7fff
7fff
7fff
7fff
7fff
7fff
7fff
7fff
7fff
7fff
7fff
7fff
7fff
7fff
7fff
7fff
7fff
7fff
7fff
7fff
7fff
7fff
7fff
7fff
7fff
7fff
7fff
7fff
7fff
7fff
7fff
7fff
7fff
7fff
7fff
7fff
7fff
7fff
7fff
7fff
7fff
7fff
7fff
7fff
7fff
7fff
7fff
7fff
7fff
7fff
7fff
7fff
7fff
7fff
7fff
7fff
7fff
7fff
7fff
7fff
7fff
7fff
7fff
7fff
7fff
7fff
7fff
7fff
7fff
7fff
7fff
7fff
7fff
7fff
7fff
7fff
7fff
7fff
7fff
7fff
7fff
7fff
7fff
7fff
7fff
7fff
7fff
7fff
7fff
7fff
7fff
7fff
7fff
7fff
7fff
7fff
7fff
7fff
7fff
7fff
7fff
7fff
7fff
7fff
7fff
7fff
7fff
7fff
7fff
7fff
7fff
7fff
7fff
7fff
7fff
7fff
7fff
7fff
7fff
7fff
7fff
7fff
7fff
7fff
7fff
7fff
7fff
7fff
7fff
7fff
7fff
7fff
7fff
7fff
7fff
7fff
7fff
7fff
7fff
7fff
7fff
7fff
7fff
7fff
7fff
7fff
7fff
7fff
7fff
7fff
7fff
7fff
7fff
7fff
7fff
7fff
7fff
7fff
7fff
7fff
7fff
7fff
7fff
7fff
7fff
7fff
7fff
7fff
7fff
7fff
7fff
7fff
7fff
7fff
7fff
7fff
7fff
7fff
7fff
7fff
7fff
7fff
7fff
7fff
7fff
7fff
7fff
7fff
7fff
7fff
7fff
7fff
7fff
7fff
7fff
7fff
7fff
7fff
7fff
7fff
7fff
7fff
7fff
7fff
7fff
7fff
7fff
7fff
7fff
7fff
7fff
7fff
7fff
7fff
7fff
7fff
7fff
7fff
7fff
7fff
7fff
7fff
7fff
7fff
7fff
7fff
7fff
7fff
7fff
7fff
7fff
7fff
7fff
7fff
7fff
7fff
7fff
7fff
7fff
7fff
7fff
7fff
7fff
7fff
7fff
7fff
7fff
7fff
7fff
7fff
7fff
7fff
7fff
7fff
7fff
7fff
7fff
7fff
7fff
7fff
7fff
7fff
7fff
7fff
7fff
7fff
7fff
7fff
7fff
7fff
7fff
7fff
7fff
7fff
7fff
7fff
7fff
7fff
7fff
7fff
7fff
7fff
7fff
7fff
7fff
7fff
7fff
7fff
7fff
7fff
7fff
7fff
7fff
7fff
7fff
7fff
7fff
7fff
7fff
7fff
7fff
7fff
7fff
7fff
7fff
7fff
7fff
7fff
7fff
7fff
7fff
7fff
7fff
7fff
7fff
7fff
7fff
7fff
7fff
7fff
7fff
7fff
7fff
7fff
7fff
7fff
7fff
7fff
7fff
7fff
7fff
7fff
7fff
7fff
7fff
7fff
7fff
7fff
7fff
7fff
7fff
7fff
7fff
7fff
7fff
7fff
7fff
7fff
7fff
7fff
7fff
7fff
7fff
7fff
7fff
7fff
7fff
7fff
7fff
7fff
7fff
7fff
7fff
7fff
7fff
7fff
7fff
7fff
7fff
7fff
7fff
7fff
7fff
7fff
7fff
7fff
7fff
7fff
7fff
7fff
7fff
7fff
7fff
7fff
7fff
7fff
7fff
7fff
7fff
7fff
7fff
7fff
7fff
7fff
7fff
7fff
7fff
7fff
7fff
7fff
7fff
7fff
7fff
7fff
7fff
7fff
7fff
7fff
7fff
7fff
7fff
7fff
7fff
7fff
7fff
7fff
7fff
7fff
7fff
7fff
7fff
7fff
7fff
7fff
7fff
7fff
7fff
7fff
7fff
7fff
7fff
7fff
7fff
7fff
7fff
7fff
7fff
7fff
7fff
7fff
7fff
7fff
7fff
7fff
7fff
7fff
7fff
7fff
7fff
7fff
7fff
7fff
7fff
7fff
7fff
7fff
7fff
7fff
7fff
7fff
7fff
7fff
7fff
7fff
7fff
7fff
7fff
7fff
7fff
7fff
7fff
7fff
7fff
7fff
7fff
7fff
7fff
7fff
7fff
7fff
7fff
7fff
7fff
7fff
7fff
7fff
7fff
7fff
7fff
7fff
7fff
7fff
7fff
7fff
7fff
7fff
7fff
7fff
7fff
7fff
7fff
7fff
7fff
7fff
7fff
7fff
7fff
7fff
7fff
7fff
7fff
7fff
7fff
7fff
7fff
7fff
7fff
7fff
7fff
7fff
7fff
7fff
7fff
7fff
7fff
7fff
7fff
7fff
7fff
7fff
7fff
7fff
7fff
7fff
7fff
7fff
7fff
7fff
7fff
7fff
7fff
7fff
7fff
7fff
7fff
7fff
7fff
7fff
7fff
7fff
7fff
7fff
7fff
7fff
7fff
7fff
7fff
7fff
7fff
7fff
7fff
7fff
7fff
7fff
7fff
7fff
7fff
7fff
7fff
7fff
7fff
7fff
7fff
7fff
7fff
7fff
7fff
7fff
7fff
7fff
7fff
7fff
7fff
7fff
7fff
7fff
7fff
7fff
7fff
7fff
7fff
7fff
7fff
7fff
7fff
7fff
7fff
7fff
7fff
7fff
7fff
7fff
7fff
7fff
7fff
7fff
7fff
7fff
7fff
7fff
7fff
7fff
7fff
7fff
7fff
7fff
7fff
7fff
7fff
7fff
7fff
7fff
7fff
7fff
7fff
7fff
7fff
7fff
7fff
7fff
7fff
7fff
7fff
7fff
7fff
7fff
7fff
7fff
7fff
7fff
7fff
7fff
7fff
7fff
7fff
7fff
7fff
7fff
7fff
7fff
7fff
7fff
7fff
7fff
7fff
7fff
7fff
7fff
7fff
7fff
7fff
7fff
7fff
7fff
7fff
7fff
7fff
7fff
7fff
7fff
7fff
7fff
7fff
7fff
7fff
7fff
7fff
7fff
7fff
7fff
7fff
7fff
7fff
7fff
7fff
7fff
7fff
7fff
7fff
7fff
7fff
7fff
7fff
7fff
7fff
7fff
7fff
7fff
7fff
7fff
7fff
7fff
7fff
7fff
7fff
7fff
7fff
7fff
7fff
7fff
7fff
7fff
7fff
7fff
7fff
7fff
7fff
7fff
7fff
7fff
7fff
7fff
7fff
7fff
7fff
7fff
7fff
7fff
7fff
7fff
7fff
7fff
7fff
7fff
7fff
7fff
7fff
7fff
7fff
7fff
7fff
7fff
7fff
7fff
7fff
7fff
7fff
7fff
7fff
7fff
7fff
7fff
7fff
7fff
7fff
7fff
7fff
7fff
7fff
7fff
7fff
7fff
7fff
7fff
7fff
7fff
7fff
7fff
7fff
7fff
7fff
7fff
7fff
7fff
7fff
7fff
7fff
7fff
7fff
7fff
7fff
7fff
7fff
7fff
7fff
7fff
7fff
7fff
7fff
7fff
7fff
7fff
7fff
7fff
7fff
7fff
7fff
7fff
7fff
7fff
7fff
7fff
7fff
7fff
7fff
7fff
7fff
7fff
7fff
7fff
7fff
7fff
7fff
7fff
7fff
7fff
7fff
7fff
7fff
7fff
7fff
7fff
7fff
7fff
7fff
7fff
7fff
7fff
7fff
7fff
7fff
7fff
7fff
7fff
7fff
7fff
7fff
7fff
7fff
7fff
7fff
7fff
7fff
7fff
7fff
7fff
7fff
7fff
7fff
7fff
7fff
7fff
7fff
7fff
7fff
7fff
7fff
7fff
7fff
7fff
7fff
7fff
7fff
7fff
7fff
7fff
7fff
7fff
7fff
7fff
7fff
7fff
7fff
7fff
7fff
7fff
7fff
7fff
7fff
7fff
7fff
7fff
7fff
7fff
7fff
7fff
7fff
7fff
7fff
7fff
7fff
7fff
7fff
7fff
7fff
7fff
7fff
7fff
7fff
7fff
7fff
7fff
7fff
7fff
7fff
7fff
7fff
7fff
7fff
7fff
7fff
7fff
7fff
7fff
7fff
7fff
7fff
7fff
7fff
7fff
7fff
7fff
7fff
7fff
7fff
7fff
7fff
7fff
7fff
7fff
7fff
7fff
7fff
7fff
7fff
7fff
7fff
7fff
7fff
7fff
7fff
7fff
7fff
7fff
7fff
7fff
7fff
7fff
7fff
7fff
7fff
7fff
7fff
7fff
7fff
7fff
7fff
7fff
7fff
7fff
7fff
7fff
7fff
7fff
7fff
7fff
7fff
7fff
7fff
7fff
7fff
7fff
7fff
7fff
7fff
7fff
7fff
7fff
7fff
7fff
7fff
7fff
7fff
7fff
7fff
7fff
7fff
7fff
7fff
7fff
7fff
7fff
7fff
7fff
7fff
7fff
7fff
7fff
7fff
7fff
7fff
7fff
7fff
7fff
7fff
7fff
7fff
7fff
7fff
7fff
7fff
7fff
7fff
7fff
7fff
7fff
7fff
7fff
7fff
7fff
7fff
7fff
7fff
7fff
7fff
7fff
7fff
7fff
7fff
7fff
7fff
7fff
7fff
7fff
7fff
7fff
7fff
7fff
7fff
7fff
7fff
7fff
7fff
7fff
7fff
7fff
7fff
7fff
7fff
7fff
7fff
7fff
7fff
7fff
7fff
7fff
7fff
7fff
7fff
7fff
7fff
7fff
7fff
7fff
7fff
7fff
7fff
7fff
7fff
7fff
7fff
7fff
7fff
7fff
7fff
7fff
7fff
7fff
7fff
7fff
7fff
7fff
7fff
7fff
7fff
7fff
7fff
7fff
7fff
7fff
7fff
7fff
7fff
7fff
7fff
7fff
7fff
7fff
7fff
7fff
7fff
7fff
7fff
7fff
7fff
7fff
7fff
7fff
7fff
7fff
7fff
7fff
7fff
7fff
7fff
7fff
7fff
7fff
7fff
7fff
7fff
7fff
7fff
7fff
7fff
7fff
7fff
7fff
7fff
7fff
7fff
7fff
7fff
7fff
7fff
7fff
7fff
7fff
7fff
7fff
7fff
7fff
7fff
7fff
7fff
7fff
7fff
7fff
7fff
7fff
7fff
7fff
7fff
7fff
7fff
7fff
7fff
7fff
7fff
7fff
7fff
7fff
7fff
7fff
7fff
7fff
7fff
7fff
7fff
7fff
7fff
7fff
7fff
7fff
7fff
7fff
7fff
7fff
7fff
7fff
7fff
7fff
7fff
7fff
7fff
7fff
7fff
7fff
7fff
7fff
7fff
7fff
7fff
7fff
7fff
7fff
7fff
7fff
7fff
7fff
7fff
7fff
7fff
7fff
7fff
7fff
7fff
7fff
7fff
7fff
7fff
7fff
7fff
7fff
7fff
7fff
7fff
7fff
7fff
7fff
7fff
7fff
7fff
7fff
7fff
7fff
7fff
7fff
7fff
7fff
7fff
7fff
7fff
7fff
7fff
7fff
7fff
7fff
7fff
7fff
7fff
7fff
7fff
7fff
7fff
7fff
7fff
7fff
7fff
7fff
7fff
7fff
7fff
7fff
7fff
7fff
7fff
7fff
7fff
7fff
7fff
7fff
7fff
7fff
7fff
7fff
7fff
7fff
7fff
7fff
7fff
7fff
7fff
7fff
7fff
7fff
7fff
7fff
7fff
7fff
7fff
7fff
7fff
7fff
7fff
7fff
7fff
7fff
7fff
7fff
7fff
7fff
7fff
7fff
7fff
7fff
7fff
7fff
7fff
7fff
7fff
7fff
7fff
7fff
7fff
7fff
7fff
7fff
7fff
7fff
7fff
7fff
7fff
7fff
7fff
7fff
7fff
7fff
7fff
7fff
7fff
7fff
7fff
7fff
7fff
7fff
7fff
7fff
7fff
7fff
7fff
7fff
7fff
7fff
7fff
7fff
7fff
7fff
7fff
7fff
7fff
7fff
7fff
7fff
7fff
7fff
7fff
7fff
7fff
7fff
7fff
7fff
7fff
7fff
7fff
7fff
7fff
7fff
7fff
7fff
7fff
7fff
7fff
7fff
7fff
7fff
7fff
7fff
7fff
7fff
7fff
7fff
7fff
7fff
7fff
7fff
7fff
7fff
7fff
7fff
7fff
7fff
7fff
7fff
7fff
7fff
7fff
7fff
7fff
7fff
7fff
7fff
7fff
7fff
7fff
7fff
7fff
7fff
7fff
7fff
7fff
7fff
7fff
7fff
7fff
7fff
7fff
7fff
7fff
7fff
7fff
7fff
7fff
7fff
7fff
7fff
7fff
7fff
7fff
7fff
7fff
7fff
7fff
7fff
7fff
7fff
7fff
7fff
7fff
7fff
7fff
7fff
7fff
7fff
7fff
7fff
7fff
7fff
7fff
7fff
7fff
7fff
7fff
7fff
7fff
7fff
7fff
7fff
7fff
7fff
7fff
7fff
7fff
7fff
7fff
7fff
7fff
7fff
7fff
7fff
7fff
7fff
7fff
7fff
7fff
7fff
7fff
7fff
7fff
7fff
7fff
7fff
7fff
7fff
7fff
7fff
7fff
7fff
7fff
7fff
7fff
7fff
7fff
7fff
7fff
7fff
7fff
7fff
7fff
7fff
7fff
7fff
7fff
7fff
7fff
7fff
7fff
7fff
7fff
7fff
7fff
7fff
7fff
7fff
7fff
7fff
7fff
7fff
7fff
7fff
7fff
7fff
7fff
7fff
7fff
7fff
7fff
7fff
7fff
7fff
7fff
7fff
7fff
7fff
7fff
7fff
7fff
7fff
7fff
7fff
7fff
7fff
7fff
7fff
7fff
7fff
7fff
7fff
7fff
7fff
7fff
7fff
7fff
7fff
7fff
7fff
7fff
7fff
7fff
7fff
7fff
7fff
7fff
7fff
7fff
7fff
7fff
7fff
7fff
7fff
7fff
7fff
7fff
7fff
7fff
7fff
7fff
7fff
7fff
7fff
7fff
7fff
7fff
7fff
7fff
7fff
7fff
7fff
7fff
7fff
7fff
7fff
7fff
7fff
7fff
7fff
7fff
7fff
7fff
7fff
7fff
7fff
7fff
7fff
7fff
7fff
7fff
7fff
7fff
7fff
7fff
7fff
7fff
7fff
7fff
7fff
7fff
7fff
7fff
7fff
7fff
7fff
7fff
7fff
7fff
7fff
7fff
7fff
7fff
7fff
7fff
7fff
7fff
7fff
7fff
7fff
7fff
7fff
7fff
7fff
7fff
7fff
7fff
7fff
7fff
7fff
7fff
7fff
7fff
7fff
7fff
7fff
7fff
7fff
7fff
7fff
7fff
7fff
7fff
7fff
7fff
7fff
7fff
7fff
7fff
7fff
7fff
7fff
7fff
7fff
7fff
7fff
7fff
7fff
7fff
7fff
7fff
7fff
7fff
7fff
7fff
7fff
7fff
7fff
7fff
7fff
7fff
7fff
7fff
7fff
7fff
7fff
7fff
7fff
7fff
7fff
7fff
7fff
7fff
7fff
7fff
7fff
7fff
7fff
7fff
7fff
7fff
7fff
7fff
7fff
7fff
7fff
7fff
7fff
7fff
7fff
7fff
7fff
7fff
7fff
7fff
7fff
7fff
7fff
7fff
7fff
7fff
7fff
7fff
7fff
7fff
7fff
7fff
7fff
7fff
7fff
7fff
7fff
7fff
7fff
7fff
7fff
7fff
7fff
7fff
7fff
7fff
7fff
7fff
7fff
7fff
7fff
7fff
7fff
7fff
7fff
7fff
7fff
7fff
7fff
7fff
7fff
7fff
7fff
7fff
7fff
7fff
7fff
7fff
7fff
7fff
7fff
7fff
7fff
7fff
7fff
7fff
7fff
7fff
7fff
7fff
7fff
7fff
7fff
7fff
7fff
7fff
7fff
7fff
7fff
7fff
7fff
7fff
7fff
7fff
7fff
7fff
7fff
7fff
7fff
7fff
7fff
7fff
7fff
7fff
7fff
7fff
7fff
7fff
7fff
7fff
7fff
7fff
7fff
7fff
7fff
7fff
7fff
7fff
7fff
7fff
7fff
7fff
7fff
7fff
7fff
7fff
7fff
7fff
7fff
7fff
7fff
7fff
7fff
7fff
7fff
7fff
7fff
7fff
7fff
7fff
7fff
7fff
7fff
7fff
7fff
7fff
7fff
7fff
7fff
7fff
7fff
7fff
7fff
7fff
7fff
7fff
7fff
7fff
7fff
7fff
7fff
7fff
7fff
7fff
7fff
7fff
7fff
7fff
7fff
7fff
7fff
7fff
7fff
7fff
7fff
7fff
7fff
7fff
7fff
7fff
7fff
7fff
7fff
7fff
7fff
7fff
7fff
7fff
7fff
7fff
7fff
7fff
7fff
7fff
7fff
7fff
7fff
7fff
7fff
7fff
7fff
7fff
7fff
7fff
7fff
7fff
7fff
7fff
7fff
7fff
7fff
7fff
7fff
7fff
7fff
7fff
7fff
7fff
7fff
7fff
7fff
7fff
7fff
7fff
7fff
7fff
7fff
7fff
7fff
7fff
7fff
7fff
7fff
7fff
7fff
7fff
7fff
7fff
7fff
7fff
7fff
7fff
7fff
7fff
7fff
7fff
7fff
7fff
7fff
7fff
7fff
7fff
7fff
7fff
7fff
7fff
7fff
7fff
7fff
7fff
7fff
7fff
7fff
7fff
7fff
7fff
7fff
7fff
7fff
7fff
7fff
7fff
7fff
7fff
7fff
7fff
7fff
7fff
7fff
7fff
7fff
7fff
7fff
7fff
7fff
7fff
7fff
7fff
7fff
7fff
7fff
7fff
7fff
7fff
7fff
7fff
7fff
7fff
7fff
7fff
7fff
7fff
7fff
7fff
7fff
7fff
7fff
7fff
7fff
7fff
7fff
7fff
7fff
7fff
7fff
7fff
7fff
7fff
7fff
7fff
7fff
7fff
7fff
7fff
7fff
7fff
7fff
7fff
7fff
7fff
7fff
7fff
7fff
7fff
7fff
7fff
7fff
7fff
7fff
7fff
7fff
7fff
7fff
7fff
7fff
7fff
7fff
7fff
7fff
7fff
7fff
7fff
7fff
7fff
7fff
7fff
7fff
7fff
7fff
7fff
7fff
7fff
7fff
7fff
7fff
7fff
7fff
7fff
7fff
7fff
7fff
7fff
7fff
7fff
7fff
7fff
7fff
7fff
7fff
7fff
7fff
7fff
7fff
7fff
7fff
7fff
7fff
7fff
7fff
7fff
7fff
7fff
7fff
7fff
7fff
7fff
7fff
7fff
7fff
7fff
7fff
7fff
7fff
7fff
7fff
7fff
7fff
7fff
7fff
7fff
7fff
7fff
7fff
7fff
7fff
7fff
7fff
7fff
7fff
7fff
7fff
7fff
7fff
7fff
7fff
7fff
7fff
7fff
7fff
7fff
7fff
7fff
7fff
7fff
7fff
7fff
7fff
7fff
7fff
7fff
7fff
7fff
7fff
7fff
7fff
7fff
7fff
7fff
7fff
7fff
7fff
7fff
7fff
7fff
7fff
7fff
7fff
7fff
7fff
7fff
7fff
7fff
7fff
7fff
7fff
7fff
7fff
7fff
7fff
7fff
7fff
7fff
7fff
7fff
7fff
7fff
7fff
7fff
7fff
7fff
7fff
7fff
7fff
7fff
7fff
7fff
7fff
7fff
7fff
7fff
7fff
7fff
7fff
7fff
7fff
7fff
7fff
7fff
7fff
7fff
7fff
7fff
7fff
7fff
7fff
7fff
7fff
7fff
7fff
7fff
7fff
7fff
7fff
7fff
7fff
7fff
7fff
7fff
7fff
7fff
7fff
7fff
7fff
7fff
7fff
7fff
7fff
7fff
7fff
7fff
7fff
7fff
7fff
7fff
7fff
7fff
7fff
7fff
7fff
7fff
7fff
7fff
7fff
7fff
7fff
7fff
7fff
7fff
7fff
7fff
7fff
7fff
7fff
7fff
7fff
7fff
7fff
7fff
7fff
7fff
7fff
7fff
7fff
7fff
7fff
7fff
7fff
7fff
7fff
7fff
7fff
7fff
7fff
7fff
7fff
7fff
7fff
7fff
7fff
7fff
7fff
7fff
7fff
7fff
7fff
7fff
7fff
7fff
7fff
7fff
7fff
7fff
7fff
7fff
7fff
7fff
7fff
7fff
7fff
7fff
7fff
7fff
7fff
7fff
7fff
7fff
7fff
7fff
7fff
7fff
7fff
7fff
7fff
7fff
7fff
7fff
7fff
7fff
7fff
7fff
7fff
7fff
7fff
7fff
7fff
7fff
7fff
7fff
7fff
7fff
7fff
7fff
7fff
7fff
7fff
7fff
7fff
7fff
7fff
7fff
7fff
7fff
7fff
7fff
7fff
7fff
7fff
7fff
7fff
7fff
7fff
7fff
7fff
7fff
7fff
7fff
7fff
7fff
7fff
7fff
7fff
7fff
7fff
7fff
7fff
7fff
7fff
7fff
7fff
7fff
7fff
7fff
7fff
7fff
7fff
7fff
7fff
7fff
7fff
7fff
7fff
7fff
7fff
7fff
7fff
7fff
7fff
7fff
7fff
7fff
7fff
7fff
7fff
7fff
7fff
7fff
7fff
7fff
7fff
7fff
7fff
7fff
7fff
7fff
7fff
7fff
7fff
7fff
7fff
7fff
7fff
7fff
7fff
7fff
7fff
7fff
7fff
7fff
7fff
7fff
7fff
7fff
7fff
7fff
7fff
7fff
7fff
7fff
7fff
7fff
7fff
7fff
7fff
7fff
7fff
7fff
7fff
7fff
7fff
7fff
7fff
7fff
7fff
7fff
7fff
7fff
7fff
7fff
7fff
7fff
7fff
7fff
7fff
7fff
7fff
7fff
7fff
7fff
7fff
7fff
7fff
7fff
7fff
7fff
7fff
7fff
7fff
7fff
7fff
7fff
7fff
7fff
7fff
7fff
7fff
7fff
7fff
7fff
7fff
7fff
7fff
7fff
7fff
7fff
7fff
7fff
7fff
7fff
7fff
7fff
7fff
7fff
7fff
7fff
7fff
7fff
7fff
7fff
7fff
7fff
7fff
7fff
7fff
7fff
7fff
7fff
7fff
7fff
7fff
7fff
7fff
7fff
7fff
7fff
7fff
7fff
7fff
7fff
7fff
7fff
7fff
7fff
7fff
7fff
7fff
7fff
7fff
7fff
7fff
7fff
7fff
7fff
7fff
7fff
7fff
7fff
7fff
7fff
7fff
7fff
7fff
7fff
7fff
7fff
7fff
7fff
7fff
7fff
7fff
7fff
7fff
7fff
7fff
7fff
7fff
7fff
7fff
7fff
7fff
7fff
7fff
7fff
7fff
7fff
7fff
7fff
7fff
7fff
7fff
7fff
7fff
7fff
7fff
7fff
7fff
7fff
7fff
7fff
7fff
7fff
7fff
7fff
7fff
7fff
7fff
7fff
7fff
7fff
7fff
7fff
7fff
7fff
7fff
7fff
7fff
7fff
7fff
7fff
7fff
7fff
7fff
7fff
7fff
7fff
7fff
7fff
7fff
7fff
7fff
7fff
7fff
7fff
7fff
7fff
7fff
7fff
7fff
7fff
7fff
7fff
7fff
7fff
7fff
7fff
7fff
7fff
7fff
7fff
7fff
7fff
7fff
7fff
7fff
7fff
7fff
7fff
7fff
7fff
7fff
7fff
7fff
7fff
7fff
7fff
7fff
7fff
7fff
7fff
7fff
7fff
7fff
7fff
7fff
7fff
7fff
7fff
7fff
7fff
7fff
7fff
7fff
7fff
7fff
7fff
7fff
7fff
7fff
7fff
7fff
7fff
7fff
7fff
7fff
7fff
7fff
7fff
7fff
7fff
7fff
7fff
7fff
7fff
7fff
7fff
7fff
7fff
7fff
7fff
7fff
7fff
7fff
7fff
7fff
7fff
7fff
7fff
7fff
7fff
7fff
7fff
7fff
7fff
7fff
7fff
7fff
7fff
7fff
7fff
7fff
7fff
7fff
7fff
7fff
7fff
7fff
7fff
7fff
7fff
7fff
7fff
7fff
7fff
7fff
7fff
7fff
7fff
7fff
7fff
7fff
7fff
7fff
7fff
7fff
7fff
7fff
7fff
7fff
7fff
7fff
7fff
7fff
7fff
7fff
7fff
7fff
7fff
7fff
7fff
7fff
7fff
7fff
7fff
7fff
7fff
7fff
7fff
7fff
7fff
7fff
7fff
7fff
7fff
7fff
7fff
7fff
7fff
7fff
7fff
7fff
7fff
7fff
7fff
7fff
7fff
7fff
7fff
7fff
7fff
7fff
7fff
7fff
7fff
7fff
7fff
7fff
7fff
7fff
7fff
7fff
7fff
7fff
7fff
7fff
7fff
7fff
7fff
7fff
7fff
7fff
7fff
7fff
7fff
7fff
7fff
7fff
7fff
7fff
7fff
7fff
7fff
7fff
7fff
7fff
7fff
7fff
7fff
7fff
7fff
7fff
7fff
7fff
7fff
7fff
7fff
7fff
7fff
7fff
7fff
7fff
7fff
7fff
7fff
7fff
7fff
7fff
7fff
7fff
7fff
7fff
7fff
7fff
7fff
7fff
7fff
7fff
7fff
7fff
7fff
7fff
7fff
7fff
7fff
7fff
7fff
7fff
7fff
7fff
7fff
7fff
7fff
7fff
7fff
7fff
7fff
7fff
7fff
7fff
7fff
7fff
7fff
7fff
7fff
7fff
7fff
7fff
7fff
7fff
7fff
7fff
7fff
7fff
7fff
7fff
7fff
7fff
7fff
7fff
7fff
7fff
7fff
7fff
7fff
7fff
7fff
7fff
7fff
7fff
7fff
7fff
7fff
7fff
7fff
7fff
7fff
7fff
7fff
7fff
7fff
7fff
7fff
7fff
7fff
7fff
7fff
7fff
7fff
7fff
7fff
7fff
7fff
7fff
7fff
7fff
7fff
7fff
7fff
7fff
7fff
7fff
7fff
7fff
7fff
7fff
7fff
7fff
7fff
7fff
7fff
7fff
7fff
7fff
7fff
7fff
7fff
7fff
7fff
7fff
7fff
7fff
7fff
7fff
7fff
7fff
7fff
7fff
7fff
7fff
7fff
7fff
7fff
7fff
7fff
7fff
7fff
7fff
7fff
7fff
7fff
7fff
7fff
7fff
7fff
7fff
7fff
7fff
7fff
7fff
7fff
7fff
7fff
7fff
7fff
7fff
7fff
7fff
7fff
7fff
7fff
7fff
7fff
7fff
7fff
7fff
7fff
7fff
7fff
7fff
7fff
7fff
7fff
7fff
7fff
7fff
7fff
7fff
7fff
7fff
7fff
7fff
7fff
7fff
7fff
7fff
7fff
7fff
7fff
7fff
7fff
7fff
7fff
7fff
7fff
7fff
7fff
7fff
7fff
7fff
7fff
7fff
7fff
7fff
7fff
7fff
7fff
7fff
7fff
7fff
7fff
7fff
7fff
7fff
7fff
7fff
7fff
7fff
7fff
7fff
7fff
7fff
7fff
7fff
7fff
7fff
7fff
7fff
7fff
7fff
7fff
7fff
7fff
7fff
7fff
7fff
7fff
7fff
7fff
7fff
7fff
7fff
7fff
7fff
7fff
7fff
7fff
7fff
7fff
7fff
7fff
7fff
7fff
7fff
7fff
7fff
7fff
7fff
7fff
7fff
7fff
7fff
7fff
7fff
7fff
7fff
7fff
7fff
7fff
7fff
7fff
7fff
7fff
7fff
7fff
7fff
7fff
7fff
7fff
7fff
7fff
7fff
7fff
7fff
7fff
7fff
7fff
7fff
7fff
7fff
7fff
7fff
7fff
7fff
7fff
7fff
7fff
7fff
7fff
7fff
7fff
7fff
7fff
7fff
7fff
7fff
7fff
7fff
7fff
7fff
7fff
7fff
7fff
7fff
7fff
7fff
7fff
7fff
7fff
7fff
7fff
7fff
7fff
7fff
7fff
7fff
7fff
7fff
7fff
7fff
7fff
7fff
7fff
7fff
7fff
7fff
7fff
7fff
7fff
7fff
7fff
7fff
7fff
7fff
7fff
7fff
7fff
7fff
7fff
7fff
7fff
7fff
7fff
7fff
7fff
7fff
7fff
7fff
7fff
7fff
7fff
7fff
7fff
7fff
7fff
7fff
7fff
7fff
7fff
7fff
7fff
7fff
7fff
7fff
7fff
7fff
7fff
7fff
7fff
7fff
7fff
7fff
7fff
7fff
7fff
7fff
7fff
7fff
7fff
7fff
7fff
7fff
7fff
7fff
7fff
7fff
7fff
7fff
7fff
7fff
7fff
7fff
7fff
7fff
7fff
7fff
7fff
7fff
7fff
7fff
7fff
7fff
7fff
7fff
7fff
7fff
7fff
7fff
7fff
7fff
7fff
7fff
7fff
7fff
7fff
7fff
7fff
7fff
7fff
7fff
7fff
7fff
7fff
7fff
7fff
7fff
7fff
7fff
7fff
7fff
7fff
7fff
7fff
7fff
7fff
7fff
7fff
7fff
7fff
7fff
7fff
7fff
7fff
7fff
7fff
7fff
7fff
7fff
7fff
7fff
7fff
7fff
7fff
7fff
7fff
7fff
7fff
7fff
7fff
7fff
7fff
7fff
7fff
7fff
7fff
7fff
7fff
7fff
7fff
7fff
7fff
7fff
7fff
7fff
7fff
7fff
7fff
7fff
7fff
7fff
7fff
7fff
7fff
7fff
7fff
7fff
7fff
7fff
7fff
7fff
7fff
7fff
7fff
7fff
7fff
7fff
7fff
7fff
7fff
7fff
7fff
7fff
7fff
7fff
7fff
7fff
7fff
7fff
7fff
7fff
7fff
7fff
7fff
7fff
7fff
7fff
7fff
7fff
7fff
7fff
7fff
7fff
7fff
7fff
7fff
7fff
7fff
7fff
7fff
7fff
7fff
7fff
7fff
7fff
7fff
7fff
7fff
7fff
7fff
7fff
7fff
7fff
7fff
7fff
7fff
7fff
7fff
7fff
7fff
7fff
7fff
7fff
7fff
7fff
7fff
7fff
7fff
7fff
7fff
7fff
7fff
7fff
7fff
7fff
7fff
7fff
7fff
7fff
7fff
7fff
7fff
7fff
7fff
7fff
7fff
7fff
7fff
7fff
7fff
7fff
7fff
7fff
7fff
7fff
7fff
7fff
7fff
7fff
7fff
7fff
7fff
7fff
7fff
7fff
7fff
7fff
7fff
7fff
7fff
7fff
7fff
7fff
7fff
7fff
7fff
7fff
7fff
7fff
7fff
7fff
7fff
7fff
7fff
7fff
7fff
7fff
7fff
7fff
7fff
7fff
7fff
7fff
7fff
7fff
7fff
7fff
7fff
7fff
7fff
7fff
7fff
7fff
7fff
7fff
7fff
7fff
7fff
7fff
7fff
7fff
7fff
7fff
7fff
7fff
7fff
7fff
7fff
7fff
7fff
7fff
7fff
7fff
7fff
7fff
7fff
7fff
7fff
7fff
7fff
7fff
7fff
7fff
7fff
7fff
7fff
7fff
7fff
7fff
7fff
7fff
7fff
7fff
7fff
7fff
7fff
7fff
7fff
7fff
7fff
7fff
7fff
7fff
7fff
7fff
7fff
7fff
7fff
7fff
7fff
7fff
7fff
7fff
7fff
7fff
7fff
7fff
7fff
7fff
7fff
7fff
7fff
7fff
7fff
7fff
7fff
7fff
7fff
7fff
7fff
7fff
7fff
7fff
7fff
7fff
7fff
7fff
7fff
7fff
7fff
7fff
7fff
7fff
7fff
7fff
7fff
7fff
7fff
7fff
7fff
7fff
7fff
7fff
7fff
7fff
7fff
7fff
7fff
7fff
7fff
7fff
7fff
7fff
7fff
7fff
7fff
7fff
7fff
7fff
7fff
7fff
7fff
7fff
7fff
7fff
7fff
7fff
7fff
7fff
7fff
7fff
7fff
7fff
7fff
7fff
7fff
7fff
7fff
7fff
7fff
7fff
7fff
7fff
7fff
7fff
7fff
7fff
7fff
7fff
7fff
7fff
7fff
7fff
7fff
7fff
7fff
7fff
7fff
7fff
7fff
7fff
7fff
7fff
7fff
7fff
7fff
7fff
7fff
7fff
7fff
7fff
7fff
7fff
7fff
7fff
7fff
7fff
7fff
7fff
7fff
7fff
7fff
7fff
7fff
7fff
7fff
7fff
7fff
7fff
7fff
7fff
7fff
7fff
7fff
7fff
7fff
7fff
7fff
7fff
7fff
7fff
7fff
7fff
7fff
7fff
7fff
7fff
7fff
7fff
7fff
7fff
7fff
7fff
7fff
7fff
7fff
7fff
7fff
7fff
7fff
7fff
7fff
7fff
7fff
7fff
7fff
7fff
7fff
7fff
7fff
7fff
7fff
7fff
7fff
7fff
7fff
7fff
7fff
7fff
7fff
7fff
7fff
7fff
7fff
7fff
7fff
7fff
7fff
7fff
7fff
7fff
7fff
7fff
7fff
7fff
7fff
7fff
7fff
7fff
7fff
7fff
7fff
7fff
7fff
7fff
7fff
7fff
7fff
7fff
7fff
7fff
7fff
7fff
7fff
7fff
7fff
7fff
7fff
7fff
7fff
7fff
7fff
7fff
7fff
7fff
7fff
7fff
7fff
7fff
7fff
7fff
7fff
7fff
7fff
7fff
7fff
7fff
7fff
7fff
7fff
7fff
7fff
7fff
7fff
7fff
7fff
7fff
7fff
7fff
7fff
7fff
7fff
7fff
7fff
7fff
7fff
7fff
7fff
7fff
7fff
7fff
7fff
7fff
7fff
7fff
7fff
7fff
7fff
7fff
7fff
7fff
7fff
7fff
7fff
7fff
7fff
7fff
7fff
7fff
7fff
7fff
7fff
7fff
7fff
7fff
7fff
7fff
7fff
7fff
7fff
7fff
7fff
7fff
7fff
7fff
7fff
7fff
7fff
7fff
7fff
7fff
7fff
7fff
7fff
7fff
7fff
7fff
7fff
7fff
7fff
7fff
7fff
7fff
7fff
7fff
7fff
7fff
7fff
7fff
7fff
7fff
7fff
7fff
7fff
7fff
7fff
7fff
7fff
7fff
7fff
7fff
7fff
7fff
7fff
7fff
7fff
7fff
7fff
7fff
7fff
7fff
7fff
7fff
7fff
7fff
7fff
7fff
7fff
7fff
7fff
7fff
7fff
7fff
7fff
7fff
7fff
7fff
7fff
7fff
7fff
7fff
7fff
7fff
7fff
7fff
7fff
7fff
7fff
7fff
7fff
7fff
7fff
7fff
7fff
7fff
7fff
7fff
7fff
7fff
7fff
7fff
7fff
7fff
7fff
7fff
7fff
7fff
7fff
7fff
7fff
7fff
7fff
7fff
7fff
7fff
7fff
7fff
7fff
7fff
7fff
7fff
7fff
7fff
7fff
7fff
7fff
7fff
7fff
7fff
7fff
7fff
7fff
7fff
7fff
7fff
7fff
7fff
7fff
7fff
7fff
7fff
7fff
7fff
7fff
7fff
7fff
7fff
7fff
7fff
7fff
7fff
7fff
7fff
7fff
7fff
7fff
7fff
7fff
7fff
7fff
7fff
7fff
7fff
7fff
7fff
7fff
7fff
7fff
7fff
7fff
7fff
7fff
7fff
7fff
7fff
7fff
7fff
7fff
7fff
7fff
7fff
7fff
7fff
7fff
7fff
7fff
7fff
7fff
7fff
7fff
7fff
7fff
7fff
7fff
7fff
7fff
7fff
7fff
7fff
7fff
7fff
7fff
7fff
7fff
7fff
7fff
7fff
7fff
7fff
7fff
7fff
7fff
7fff
7fff
7fff
7fff
7fff
7fff
7fff
7fff
7fff
7fff
7fff
7fff
7fff
7fff
7fff
7fff
7fff
7fff
7fff
7fff
7fff
7fff
7fff
7fff
7fff
7fff
7fff
7fff
7fff
7fff
7fff
7fff
7fff
7fff
7fff
7fff
7fff
7fff
7fff
7fff
7fff
7fff
7fff
7fff
7fff
7fff
7fff
7fff
7fff
7fff
7fff
7fff
7fff
7fff
7fff
7fff
7fff
7fff
7fff
7fff
7fff
7fff
7fff
7fff
7fff
7fff
7fff
7fff
7fff
7fff
7fff
7fff
7fff
7fff
7fff
7fff
7fff
7fff
7fff
7fff
7fff
7fff
7fff
7fff
7fff
7fff
7fff
7fff
7fff
7fff
7fff
7fff
7fff
7fff
7fff
7fff
7fff
7fff
7fff
7fff
7fff
7fff
7fff
7fff
7fff
7fff
7fff
7fff
7fff
7fff
7fff
7fff
7fff
7fff
7fff
7fff
7fff
7fff
7fff
7fff
7fff
7fff
7fff
7fff
7fff
7fff
7fff
7fff
7fff
7fff
7fff
7fff
7fff
7fff
7fff
7fff
7fff
7fff
7fff
7fff
7fff
7fff
7fff
7fff
7fff
7fff
7fff
7fff
7fff
7fff
7fff
7fff
7fff
7fff
7fff
7fff
7fff
7fff
7fff
7fff
7fff
7fff
7fff
7fff
7fff
7fff
7fff
7fff
7fff
7fff
7fff
7fff
7fff
7fff
7fff
7fff
7fff
7fff
7fff
7fff
7fff
7fff
7fff
7fff
7fff
7fff
7fff
7fff
7fff
7fff
7fff
7fff
7fff
7fff
7fff
7fff
7fff
7fff
7fff
7fff
7fff
7fff
7fff
7fff
7fff
7fff
7fff
7fff
7fff
7fff
7fff
7fff
7fff
7fff
7fff
7fff
7fff
7fff
7fff
7fff
7fff
7fff
7fff
7fff
7fff
7fff
7fff
7fff
7fff
7fff
7fff
7fff
7fff
7fff
7fff
7fff
7fff
7fff
7fff
7fff
7fff
7fff
7fff
7fff
7fff
7fff
7fff
7fff
7fff
7fff
7fff
7fff
7fff
7fff
7fff
7fff
7fff
7fff
7fff
7fff
7fff
7fff
7fff
7fff
7fff
7fff
7fff
7fff
7fff
7fff
7fff
7fff
7fff
7fff
7fff
7fff
7fff
7fff
7fff
7fff
7fff
7fff
7fff
7fff
7fff
7fff
7fff
7fff
7fff
7fff
7fff
7fff
7fff
7fff
7fff
7fff
7fff
7fff
7fff
7fff
7fff
7fff
7fff
7fff
7fff
7fff
7fff
7fff
7fff
7fff
7fff
7fff
7fff
7fff
7fff
7fff
7fff
7fff
7fff
7fff
7fff
7fff
7fff
7fff
7fff
7fff
7fff
7fff
7fff
7fff
7fff
7fff
7fff
7fff
7fff
7fff
7fff
7fff
7fff
7fff
7fff
7fff
7fff
7fff
7fff
7fff
7fff
7fff
7fff
7fff
7fff
7fff
7fff
7fff
7fff
7fff
7fff
7fff
7fff
7fff
7fff
7fff
7fff
7fff
7fff
7fff
7fff
7fff
7fff
7fff
7fff
7fff
7fff
7fff
7fff
7fff
7fff
7fff
7fff
7fff
7fff
7fff
7fff
7fff
7fff
7fff
7fff
7fff
7fff
7fff
7fff
7fff
7fff
7fff
7fff
7fff
7fff
7fff
7fff
7fff
7fff
7fff
7fff
7fff
7fff
7fff
7fff
7fff
7fff
7fff
7fff
7fff
7fff
7fff
7fff
7fff
7fff
7fff
7fff
7fff
7fff
7fff
7fff
7fff
7fff
7fff
7fff
7fff
7fff
7fff
7fff
7fff
7fff
7fff
7fff
7fff
7fff
7fff
7fff
7fff
7fff
7fff
7fff
7fff
7fff
7fff
7fff
7fff
7fff
7fff
7fff
7fff
7fff
7fff
7fff
7fff
7fff
7fff
7fff
7fff
7fff
7fff
7fff
7fff
7fff
7fff
7fff
7fff
7fff
7fff
7fff
7fff
7fff
7fff
7fff
7fff
7fff
7fff
7fff
7fff
7fff
7fff
7fff
7fff
7fff
7fff
7fff
7fff
7fff
7fff
7fff
7fff
7fff
7fff
7fff
7fff
7fff
7fff
7fff
7fff
7fff
7fff
7fff
7fff
7fff
7fff
7fff
7fff
7fff
7fff
7fff
7fff
7fff
7fff
7fff
7fff
7fff
7fff
7fff
7fff
7fff
7fff
7fff
7fff
7fff
7fff
7fff
7fff
7fff
7fff
7fff
7fff
7fff
7fff
7fff
7fff
7fff
7fff
7fff
7fff
7fff
7fff
7fff
7fff
7fff
7fff
7fff
7fff
7fff
7fff
7fff
7fff
7fff
7fff
7fff
7fff
7fff
7fff
7fff
7fff
7fff
7fff
7fff
7fff
7fff
7fff
7fff
7fff
7fff
7fff
7fff
7fff
7fff
7fff
7fff
7fff
7fff
7fff
7fff
7fff
7fff
7fff
7fff
7fff
7fff
7fff
7fff
7fff
7fff
7fff
7fff
7fff
7fff
7fff
7fff
7fff
7fff
7fff
7fff
7fff
7fff
7fff
7fff
7fff
7fff
7fff
7fff
7fff
7fff
7fff
7fff
7fff
7fff
7fff
7fff
7fff
7fff
7fff
7fff
7fff
7fff
7fff
7fff
7fff
7fff
7fff
7fff
7fff
7fff
7fff
7fff
7fff
7fff
7fff
7fff
7fff
7fff
7fff
7fff
7fff
7fff
7fff
7fff
7fff
7fff
7fff
7fff
7fff
7fff
7fff
7fff
7fff
7fff
7fff
7fff
7fff
7fff
7fff
7fff
7fff
7fff
7fff
7fff
7fff
7fff
7fff
7fff
7fff
7fff
7fff
7fff
7fff
7fff
7fff
7fff
7fff
7fff
7fff
7fff
7fff
7fff
7fff
7fff
7fff
7fff
7fff
7fff
7fff
7fff
7fff
7fff
7fff
7fff
7fff
7fff
7fff
7fff
7fff
7fff
7fff
7fff
7fff
7fff
7fff
7fff
7fff
7fff
7fff
7fff
7fff
7fff
7fff
7fff
7fff
7fff
7fff
7fff
7fff
7fff
7fff
7fff
7fff
7fff
7fff
7fff
7fff
7fff
7fff
7fff
7fff
7fff
7fff
7fff
7fff
7fff
7fff
7fff
7fff
7fff
7fff
7fff
7fff
7fff
7fff
7fff
7fff
7fff
7fff
7fff
7fff
7fff
7fff
7fff
7fff
7fff
7fff
7fff
7fff
7fff
7fff
7fff
7fff
7fff
7fff
7fff
7fff
7fff
7fff
7fff
7fff
7fff
7fff
7fff
7fff
7fff
7fff
7fff
7fff
7fff
7fff
7fff
7fff
7fff
7fff
7fff
7fff
7fff
7fff
7fff
7fff
7fff
7fff
7fff
7fff
7fff
7fff
7fff
7fff
7fff
7fff
7fff
7fff
7fff
7fff
7fff
7fff
7fff
7fff
7fff
7fff
7fff
7fff
7fff
7fff
7fff
7fff
7fff
7fff
7fff
7fff
7fff
7fff
7fff
7fff
7fff
7fff
7fff
7fff
7fff
7fff
7fff
7fff
7fff
7fff
7fff
7fff
7fff
7fff
7fff
7fff
7fff
7fff
7fff
7fff
7fff
7fff
7fff
7fff
7fff
7fff
7fff
7fff
7fff
7fff
7fff
7fff
7fff
7fff
7fff
7fff
7fff
7fff
7fff
7fff
7fff
7fff
7fff
7fff
7fff
7fff
7fff
7fff
7fff
7fff
7fff
7fff
7fff
7fff
7fff
7fff
7fff
7fff
7fff
7fff
7fff
7fff
7fff
7fff
7fff
7fff
7fff
7fff
7fff
7fff
7fff
7fff
7fff
7fff
7fff
7fff
7fff
7fff
7fff
7fff
7fff
7fff
7fff
7fff
7fff
7fff
7fff
7fff
7fff
7fff
7fff
7fff
7fff
7fff
7fff
7fff
7fff
7fff
7fff
7fff
7fff
7fff
7fff
7fff
7fff
7fff
7fff
7fff
7fff
7fff
7fff
7fff
7fff
7fff
7fff
7fff
7fff
7fff
7fff
7fff
7fff
7fff
7fff
7fff
7fff
7fff
7fff
7fff
7fff
7fff
7fff
7fff
7fff
7fff
7fff
7fff
7fff
7fff
7fff
7fff
7fff
7fff
7fff
7fff
7fff
7fff
7fff
7fff
7fff
7fff
7fff
7fff
7fff
7fff
7fff
7fff
7fff
7fff
7fff
7fff
7fff
7fff
7fff
7fff
7fff
7fff
7fff
7fff
7fff
7fff
7fff
7fff
7fff
7fff
7fff
7fff
7fff
7fff
7fff
7fff
7fff
7fff
7fff
7fff
7fff
7fff
7fff
7fff
7fff
7fff
7fff
7fff
7fff
7fff
7fff
7fff
7fff
7fff
7fff
7fff
7fff
7fff
7fff
7fff
7fff
7fff
7fff
7fff
7fff
7fff
7fff
7fff
7fff
7fff
7fff
7fff
7fff
7fff
7fff
7fff
7fff
7fff
7fff
7fff
7fff
7fff
7fff
7fff
7fff
7fff
7fff
7fff
7fff
7fff
7fff
7fff
7fff
7fff
7fff
7fff
7fff
7fff
7fff
7fff
7fff
7fff
7fff
7fff
7fff
7fff
7fff
7fff
7fff
7fff
7fff
7fff
7fff
7fff
7fff
7fff
7fff
7fff
7fff
7fff
7fff
7fff
7fff
7fff
7fff
7fff
7fff
7fff
7fff
7fff
7fff
7fff
7fff
7fff
7fff
7fff
7fff
7fff
7fff
7fff
7fff
7fff
7fff
7fff
7fff
7fff
7fff
7fff
7fff
7fff
7fff
7fff
7fff
7fff
7fff
7fff
7fff
7fff
7fff
7fff
7fff
7fff
7fff
7fff
7fff
7fff
7fff
7fff
7fff
7fff
7fff
7fff
7fff
7fff
7fff
7fff
7fff
7fff
7fff
7fff
7fff
7fff
7fff
7fff
7fff
7fff
7fff
7fff
7fff
7fff
7fff
7fff
7fff
7fff
7fff
7fff
7fff
7fff
7fff
7fff
7fff
7fff
7fff
7fff
7fff
7fff
7fff
7fff
7fff
7fff
7fff
7fff
7fff
7fff
7fff
7fff
7fff
7fff
7fff
7fff
7fff
7fff
7fff
7fff
7fff
7fff
7fff
7fff
7fff
7fff
7fff
7fff
7fff
7fff
7fff
7fff
7fff
7fff
7fff
7fff
7fff
7fff
7fff
7fff
7fff
7fff
7fff
7fff
7fff
7fff
7fff
7fff
7fff
7fff
7fff
7fff
7fff
7fff
7fff
7fff
7fff
7fff
7fff
7fff
7fff
7fff
7fff
7fff
7fff
7fff
7fff
7fff
7fff
7fff
7fff
7fff
7fff
7fff
7fff
7fff
7fff
7fff
7fff
7fff
7fff
7fff
7fff
7fff
7fff
7fff
7fff
7fff
7fff
7fff
7fff
7fff
7fff
7fff
7fff
7fff
7fff
7fff
7fff
7fff
7fff
7fff
7fff
7fff
7fff
7fff
7fff
7fff
7fff
7fff
7fff
7fff
7fff
7fff
7fff
7fff
7fff
7fff
7fff
7fff
7fff
7fff
7fff
7fff
7fff
7fff
7fff
7fff
7fff
7fff
7fff
7fff
7fff
7fff
7fff
7fff
7fff
7fff
7fff
7fff
7fff
7fff
7fff
7fff
7fff
7fff
7fff
7fff
7fff
7fff
7fff
7fff
7fff
7fff
7fff
7fff
7fff
7fff
7fff
7fff
7fff
7fff
7fff
7fff
7fff
7fff
7fff
7fff
7fff
7fff
7fff
7fff
7fff
7fff
7fff
7fff
7fff
7fff
7fff
7fff
7fff
7fff
7fff
7fff
7fff
7fff
7fff
7fff
7fff
7fff
7fff
7fff
7fff
7fff
7fff
7fff
7fff
7fff
7fff
7fff
7fff
7fff
7fff
7fff
7fff
7fff
7fff
7fff
7fff
7fff
7fff
7fff
7fff
7fff
7fff
7fff
7fff
7fff
7fff
7fff
7fff
7fff
7fff
7fff
7fff
7fff
7fff
7fff
7fff
7fff
7fff
7fff
7fff
7fff
7fff
7fff
7fff
7fff
7fff
7fff
7fff
7fff
7fff
7fff
7fff
7fff
7fff
7fff
7fff
7fff
7fff
7fff
7fff
7fff
7fff
7fff
7fff
7fff
7fff
7fff
7fff
7fff
7fff
7fff
7fff
7fff
7fff
7fff
7fff
7fff
7fff
7fff
7fff
7fff
7fff
7fff
7fff
7fff
7fff
7fff
7fff
7fff
7fff
7fff
7fff
7fff
7fff
7fff
7fff
7fff
7fff
7fff
7fff
7fff
7fff
7fff
7fff
7fff
7fff
7fff
7fff
7fff
7fff
7fff
7fff
7fff
7fff
7fff
7fff
7fff
7fff
7fff
7fff
7fff
7fff
7fff
7fff
7fff
7fff
7fff
7fff
7fff
7fff
7fff
7fff
7fff
7fff
7fff
7fff
7fff
7fff
7fff
7fff
7fff
7fff
7fff
7fff
7fff
7fff
7fff
7fff
7fff
7fff
7fff
7fff
7fff
7fff
7fff
7fff
7fff
7fff
7fff
7fff
7fff
7fff
7fff
7fff
7fff
7fff
7fff
7fff
7fff
7fff
7fff
7fff
7fff
7fff
7fff
7fff
7fff
7fff
7fff
7fff
7fff
7fff
7fff
7fff
7fff
7fff
7fff
7fff
7fff
7fff
7fff
7fff
7fff
7fff
7fff
7fff
7fff
7fff
7fff
7fff
7fff
7fff
7fff
7fff
7fff
7fff
7fff
7fff
7fff
7fff
7fff
7fff
7fff
7fff
7fff
7fff
7fff
7fff
7fff
7fff
7fff
7fff
7fff
7fff
7fff
7fff
7fff
7fff
7fff
7fff
7fff
7fff
7fff
7fff
7fff
7fff
7fff
7fff
7fff
7fff
7fff
7fff
7fff
7fff
7fff
7fff
7fff
7fff
7fff
7fff
7fff
7fff
7fff
7fff
7fff
7fff
7fff
7fff
7fff
7fff
7fff
7fff
7fff
7fff
7fff
7fff
7fff
7fff
7fff
7fff
7fff
7fff
7fff
7fff
7fff
7fff
7fff
7fff
7fff
7fff
7fff
7fff
7fff
7fff
7fff
7fff
7fff
7fff
7fff
7fff
7fff
7fff
7fff
7fff
7fff
7fff
7fff
7fff
7fff
7fff
7fff
7fff
7fff
7fff
7fff
7fff
7fff
7fff
7fff
7fff
7fff
7fff
7fff
7fff
7fff
7fff
7fff
7fff
7fff
7fff
7fff
7fff
7fff
7fff
7fff
7fff
7fff
7fff
7fff
7fff
7fff
7fff
7fff
7fff
7fff
7fff
7fff
7fff
7fff
7fff
7fff
7fff
7fff
7fff
7fff
7fff
7fff
7fff
7fff
7fff
7fff
7fff
7fff
7fff
7fff
7fff
7fff
7fff
7fff
7fff
7fff
7fff
7fff
7fff
7fff
7fff
7fff
7fff
7fff
7fff
7fff
7fff
7fff
7fff
7fff
7fff
7fff
7fff
7fff
7fff
7fff
7fff
7fff
7fff
7fff
7fff
7fff
7fff
7fff
7fff
7fff
7fff
7fff
7fff
7fff
7fff
7fff
7fff
7fff
7fff
7fff
7fff
7fff
7fff
7fff
7fff
7fff
7fff
7fff
7fff
7fff
7fff
7fff
7fff
7fff
7fff
7fff
7fff
7fff
7fff
7fff
7fff
7fff
7fff
7fff
7fff
7fff
7fff
7fff
7fff
7fff
7fff
7fff
7fff
7fff
7fff
7fff
7fff
7fff
7fff
7fff
7fff
7fff
7fff
7fff
7fff
7fff
7fff
7fff
7fff
7fff
7fff
7fff
7fff
7fff
7fff
7fff
7fff
7fff
7fff
7fff
7fff
7fff
7fff
7fff
7fff
7fff
7fff
7fff
7fff
7fff
7fff
7fff
7fff
7fff
7fff
7fff
7fff
7fff
7fff
7fff
7fff
7fff
7fff
7fff
7fff
7fff
7fff
7fff
7fff
7fff
7fff
7fff
7fff
7fff
7fff
7fff
7fff
7fff
7fff
7fff
7fff
7fff
7fff
7fff
7fff
7fff
7fff
7fff
7fff
7fff
7fff
7fff
7fff
7fff
7fff
7fff
7fff
7fff
7fff
7fff
7fff
7fff
7fff
7fff
7fff
7fff
7fff
7fff
7fff
7fff
7fff
7fff
7fff
7fff
7fff
7fff
7fff
7fff
7fff
7fff
7fff
7fff
7fff
7fff
7fff
7fff
7fff
7fff
7fff
7fff
7fff
7fff
7fff
7fff
7fff
7fff
7fff
7fff
7fff
7fff
7fff
7fff
7fff
7fff
7fff
7fff
7fff
7fff
7fff
7fff
7fff
7fff
7fff
7fff
7fff
7fff
7fff
7fff
7fff
7fff
7fff
7fff
7fff
7fff
7fff
7fff
7fff
7fff
7fff
7fff
7fff
7fff
7fff
7fff
7fff
7fff
7fff
7fff
7fff
7fff
7fff
7fff
7fff
7fff
7fff
7fff
7fff
7fff
7fff
7fff
7fff
7fff
7fff
7fff
7fff
7fff
7fff
7fff
7fff
7fff
7fff
7fff
7fff
7fff
7fff
7fff
7fff
7fff
7fff
7fff
7fff
7fff
7fff
7fff
7fff
7fff
7fff
7fff
7fff
7fff
7fff
7fff
7fff
7fff
7fff
7fff
7fff
7fff
7fff
7fff
7fff
7fff
7fff
7fff
7fff
7fff
7fff
7fff
7fff
7fff
7fff
7fff
7fff
7fff
7fff
7fff
7fff
7fff
7fff
7fff
7fff
7fff
7fff
7fff
7fff
7fff
7fff
7fff
7fff
7fff
7fff
7fff
7fff
7fff
7fff
7fff
7fff
7fff
7fff
7fff
7fff
7fff
7fff
7fff
7fff
7fff
7fff
7fff
7fff
7fff
7fff
7fff
7fff
7fff
7fff
7fff
7fff
7fff
7fff
7fff
7fff
7fff
7fff
7fff
7fff
7fff
7fff
7fff
7fff
7fff
7fff
7fff
7fff
7fff
7fff
7fff
7fff
7fff
7fff
7fff
7fff
7fff
7fff
7fff
7fff
7fff
7fff
7fff
7fff
7fff
7fff
7fff
7fff
7fff
7fff
7fff
7fff
7fff
7fff
7fff
7fff
7fff
7fff
7fff
7fff
7fff
7fff
7fff
7fff
7fff
7fff
7fff
7fff
7fff
7fff
7fff
7fff
7fff
7fff
7fff
7fff
7fff
7fff
7fff
7fff
7fff
7fff
7fff
7fff
7fff
7fff
7fff
7fff
7fff
7fff
7fff
7fff
7fff
7fff
7fff
7fff
7fff
7fff
7fff
7fff
7fff
7fff
7fff
7fff
7fff
7fff
7fff
7fff
7fff
7fff
7fff
7fff
7fff
7fff
7fff
7fff
7fff
7fff
7fff
7fff
7fff
7fff
7fff
7fff
7fff
7fff
7fff
7fff
7fff
7fff
7fff
7fff
7fff
7fff
7fff
7fff
7fff
7fff
7fff
7fff
7fff
7fff
7fff
7fff
7fff
7fff
7fff
7fff
7fff
7fff
7fff
7fff
7fff
7fff
7fff
7fff
7fff
7fff
7fff
7fff
7fff
7fff
7fff
7fff
7fff
7fff
7fff
7fff
7fff
7fff
7fff
7fff
7fff
7fff
7fff
7fff
7fff
7fff
7fff
7fff
7fff
7fff
7fff
7fff
7fff
7fff
7fff
7fff
7fff
7fff
7fff
7fff
7fff
7fff
7fff
7fff
7fff
7fff
7fff
7fff
7fff
7fff
7fff
7fff
7fff
7fff
7fff
7fff
7fff
7fff
7fff
7fff
7fff
7fff
7fff
7fff
7fff
7fff
7fff
7fff
7fff
7fff
7fff
7fff
7fff
7fff
7fff
7fff
7fff
7fff
7fff
7fff
7fff
7fff
7fff
7fff
7fff
7fff
7fff
7fff
7fff
7fff
7fff
7fff
7fff
7fff
7fff
7fff
7fff
7fff
7fff
7fff
7fff
7fff
7fff
7fff
7fff
7fff
7fff
7fff
7fff
7fff
7fff
7fff
7fff
7fff
7fff
7fff
7fff
7fff
7fff
7fff
7fff
7fff
7fff
7fff
7fff
7fff
7fff
7fff
7fff
7fff
7fff
7fff
7fff
7fff
7fff
7fff
7fff
7fff
7fff
7fff
7fff
7fff
7fff
7fff
7fff
7fff
7fff
7fff
7fff
7fff
7fff
7fff
7fff
7fff
7fff
7fff
7fff
7fff
7fff
7fff
7fff
7fff
7fff
7fff
7fff
7fff
7fff
7fff
7fff
7fff
7fff
7fff
7fff
7fff
7fff
7fff
7fff
7fff
7fff
7fff
7fff
7fff
7fff
7fff
7fff
7fff
7fff
7fff
7fff
7fff
7fff
7fff
7fff
7fff
7fff
7fff
7fff
7fff
7fff
7fff
7fff
7fff
7fff
7fff
7fff
7fff
7fff
7fff
7fff
7fff
7fff
7fff
7fff
7fff
7fff
7fff
7fff
7fff
7fff
7fff
7fff
7fff
7fff
7fff
7fff
7fff
7fff
7fff
7fff
7fff
7fff
7fff
7fff
7fff
7fff
7fff
7fff
7fff
7fff
7fff
7fff
7fff
7fff
7fff
7fff
7fff
7fff
7fff
7fff
7fff
7fff
7fff
7fff
7fff
7fff
7fff
7fff
7fff
7fff
7fff
7fff
7fff
7fff
7fff
7fff
7fff
7fff
7fff
7fff
7fff
7fff
7fff
7fff
7fff
7fff
7fff
7fff
7fff
7fff
7fff
7fff
7fff
7fff
7fff
7fff
7fff
7fff
7fff
7fff
7fff
7fff
7fff
7fff
7fff
7fff
7fff
7fff
7fff
7fff
7fff
7fff
7fff
7fff
7fff
7fff
7fff
7fff
7fff
7fff
7fff
7fff
7fff
7fff
7fff
7fff
7fff
7fff
7fff
7fff
7fff
7fff
7fff
7fff
7fff
7fff
7fff
7fff
7fff
7fff
7fff
7fff
7fff
7fff
7fff
7fff
7fff
7fff
7fff
7fff
7fff
7fff
7fff
7fff
7fff
7fff
7fff
7fff
7fff
7fff
7fff
7fff
7fff
7fff
7fff
7fff
7fff
7fff
7fff
7fff
7fff
7fff
7fff
7fff
7fff
7fff
7fff
7fff
7fff
7fff
7fff
7fff
7fff
7fff
7fff
7fff
7fff
7fff
7fff
7fff
7fff
7fff
7fff
7fff
7fff
7fff
7fff
7fff
7fff
7fff
7fff
7fff
7fff
7fff
7fff
7fff
7fff
7fff
7fff
7fff
7fff
7fff
7fff
7fff
7fff
7fff
7fff
7fff
7fff
7fff
7fff
7fff
7fff
7fff
7fff
7fff
7fff
7fff
7fff
7fff
7fff
7fff
7fff
7fff
7fff
7fff
7fff
7fff
7fff
7fff
7fff
7fff
7fff
7fff
7fff
7fff
7fff
7fff
7fff
7fff
7fff
7fff
7fff
7fff
7fff
7fff
7fff
7fff
7fff
7fff
7fff
7fff
7fff
7fff
7fff
7fff
7fff
7fff
7fff
7fff
7fff
7fff
7fff
7fff
7fff
7fff
7fff
7fff
7fff
7fff
7fff
7fff
7fff
7fff
7fff
7fff
7fff
7fff
7fff
7fff
7fff
7fff
7fff
7fff
7fff
7fff
7fff
7fff
7fff
7fff
7fff
7fff
7fff
7fff
7fff
7fff
7fff
7fff
7fff
7fff
7fff
7fff
7fff
7fff
7fff
7fff
7fff
7fff
7fff
7fff
7fff
7fff
7fff
7fff
7fff
7fff
7fff
7fff
7fff
7fff
7fff
7fff
7fff
7fff
7fff
7fff
7fff
7fff
7fff
7fff
7fff
7fff
7fff
7fff
7fff
7fff
7fff
7fff
7fff
7fff
7fff
7fff
7fff
7fff
7fff
7fff
7fff
7fff
7fff
7fff
7fff
7fff
7fff
7fff
7fff
7fff
7fff
7fff
7fff
7fff
7fff
7fff
7fff
7fff
7fff
7fff
7fff
7fff
7fff
7fff
7fff
7fff
7fff
7fff
7fff
7fff
7fff
7fff
7fff
7fff
7fff
7fff
7fff
7fff
7fff
7fff
7fff
7fff
7fff
7fff
7fff
7fff
7fff
7fff
7fff
7fff
7fff
7fff
7fff
7fff
7fff
7fff
7fff
7fff
7fff
7fff
7fff
7fff
7fff
7fff
7fff
7fff
7fff
7fff
7fff
7fff
7fff
7fff
7fff
7fff
7fff
7fff
7fff
7fff
7fff
7fff
7fff
7fff
7fff
7fff
7fff
7fff
7fff
7fff
7fff
7fff
7fff
7fff
7fff
7fff
7fff
7fff
7fff
7fff
7fff
7fff
7fff
7fff
7fff
7fff
7fff
7fff
7fff
7fff
7fff
7fff
7fff
7fff
7fff
7fff
7fff
7fff
7fff
7fff
7fff
7fff
7fff
7fff
7fff
7fff
7fff
7fff
7fff
7fff
7fff
7fff
7fff
7fff
7fff
7fff
7fff
7fff
7fff
7fff
7fff
7fff
7fff
7fff
7fff
7fff
7fff
7fff
7fff
7fff
7fff
7fff
7fff
7fff
7fff
7fff
7fff
7fff
7fff
7fff
7fff
7fff
7fff
7fff
7fff
7fff
7fff
7fff
7fff
7fff
7fff
7fff
7fff
7fff
7fff
7fff
7fff
7fff
7fff
7fff
7fff
7fff
7fff
7fff
7fff
7fff
7fff
7fff
7fff
7fff
7fff
7fff
7fff
7fff
7fff
7fff
7fff
7fff
7fff
7fff
7fff
7fff
7fff
7fff
7fff
7fff
7fff
7fff
7fff
7fff
7fff
7fff
7fff
7fff
7fff
7fff
7fff
7fff
7fff
7fff
7fff
7fff
7fff
7fff
7fff
7fff
7fff
7fff
7fff
7fff
7fff
7fff
7fff
7fff
7fff
7fff
7fff
7fff
7fff
7fff
7fff
7fff
7fff
7fff
7fff
7fff
7fff
7fff
7fff
7fff
7fff
7fff
7fff
7fff
7fff
7fff
7fff
7fff
7fff
7fff
7fff
7fff
7fff
7fff
7fff
7fff
7fff
7fff
7fff
7fff
7fff
7fff
7fff
7fff
7fff
7fff
7fff
7fff
7fff
7fff
7fff
7fff
7fff
7fff
7fff
7fff
7fff
7fff
7fff
7fff
7fff
7fff
7fff
7fff
7fff
7fff
7fff
7fff
7fff
7fff
7fff
7fff
7fff
7fff
7fff
7fff
7fff
7fff
7fff
7fff
7fff
7fff
7fff
7fff
7fff
7fff
7fff
7fff
7fff
7fff
7fff
7fff
7fff
7fff
7fff
7fff
7fff
7fff
7fff
7fff
7fff
7fff
7fff
7fff
7fff
7fff
7fff
7fff
7fff
7fff
7fff
7fff
7fff
7fff
7fff
7fff
7fff
7fff
7fff
7fff
7fff
7fff
7fff
7fff
7fff
7fff
7fff
7fff
7fff
7fff
7fff
7fff
7fff
7fff
7fff
7fff
7fff
7fff
7fff
7fff
7fff
7fff
7fff
7fff
7fff
7fff
7fff
7fff
7fff
7fff
7fff
7fff
7fff
7fff
7fff
7fff
7fff
7fff
7fff
7fff
7fff
7fff
7fff
7fff
7fff
7fff
7fff
7fff
7fff
7fff
7fff
7fff
7fff
7fff
7fff
7fff
7fff
7fff
7fff
7fff
7fff
7fff
7fff
7fff
7fff
7fff
7fff
7fff
7fff
7fff
7fff
7fff
7fff
7fff
7fff
7fff
7fff
7fff
7fff
7fff
7fff
7fff
7fff
7fff
7fff
7fff
7fff
7fff
7fff
7fff
7fff
7fff
7fff
7fff
7fff
7fff
7fff
7fff
7fff
7fff
7fff
7fff
7fff
7fff
7fff
7fff
7fff
7fff
7fff
7fff
7fff
7fff
7fff
7fff
7fff
7fff
7fff
7fff
7fff
7fff
7fff
7fff
7fff
7fff
7fff
7fff
7fff
7fff
7fff
7fff
7fff
7fff
7fff
7fff
7fff
7fff
7fff
7fff
7fff
7fff
7fff
7fff
7fff
7fff
7fff
7fff
7fff
7fff
7fff
7fff
7fff
7fff
7fff
7fff
7fff
7fff
7fff
7fff
7fff
7fff
7fff
7fff
7fff
7fff
7fff
7fff
7fff
7fff
7fff
7fff
7fff
7fff
7fff
7fff
7fff
7fff
7fff
7fff
7fff
7fff
7fff
7fff
7fff
7fff
7fff
7fff
7fff
7fff
7fff
7fff
7fff
7fff
7fff
7fff
7fff
7fff
7fff
7fff
7fff
7fff
7fff
7fff
7fff
7fff
7fff
7fff
7fff
7fff
7fff
7fff
7fff
7fff
7fff
7fff
7fff
7fff
7fff
7fff
7fff
7fff
7fff
7fff
7fff
7fff
7fff
7fff
7fff
7fff
7fff
7fff
7fff
7fff
7fff
7fff
7fff
7fff
7fff
7fff
7fff
7fff
7fff
7fff
7fff
7fff
7fff
7fff
7fff
7fff
7fff
7fff
7fff
7fff
7fff
7fff
7fff
7fff
7fff
7fff
7fff
7fff
7fff
7fff
7fff
7fff
7fff
7fff
7fff
7fff
7fff
7fff
7fff
7fff
7fff
7fff
7fff
7fff
7fff
7fff
7fff
7fff
7fff
7fff
7fff
7fff
7fff
7fff
7fff
7fff
7fff
7fff
7fff
7fff
7fff
7fff
7fff
7fff
7fff
7fff
7fff
7fff
7fff
7fff
7fff
7fff
7fff
7fff
7fff
7fff
7fff
7fff
7fff
7fff
7fff
7fff
7fff
7fff
7fff
7fff
7fff
7fff
7fff
7fff
7fff
7fff
7fff
7fff
7fff
7fff
7fff
7fff
7fff
7fff
7fff
7fff
7fff
7fff
7fff
7fff
7fff
7fff
7fff
7fff
7fff
7fff
7fff
7fff
7fff
7fff
7fff
7fff
7fff
7fff
7fff
7fff
7fff
7fff
7fff
7fff
7fff
7fff
7fff
7fff
7fff
7fff
7fff
7fff
7fff
7fff
7fff
7fff
7fff
7fff
7fff
7fff
7fff
7fff
7fff
7fff
7fff
7fff
7fff
7fff
7fff
7fff
7fff
7fff
7fff
7fff
7fff
7fff
7fff
7fff
7fff
7fff
7fff
7fff
7fff
7fff
7fff
7fff
7fff
7fff
7fff
7fff
7fff
7fff
7fff
7fff
7fff
7fff
7fff
7fff
7fff
7fff
7fff
7fff
7fff
7fff
7fff
7fff
7fff
7fff
7fff
7fff
7fff
7fff
7fff
7fff
7fff
7fff
7fff
7fff
7fff
7fff
7fff
7fff
7fff
7fff
7fff
7fff
7fff
7fff
7fff
7fff
7fff
7fff
7fff
7fff
7fff
7fff
7fff
7fff
7fff
7fff
7fff
7fff
7fff
7fff
7fff
7fff
7fff
7fff
7fff
7fff
7fff
7fff
7fff
7fff
7fff
7fff
7fff
7fff
7fff
7fff
7fff
7fff
7fff
7fff
7fff
7fff
7fff
7fff
7fff
7fff
7fff
7fff
7fff
7fff
7fff
7fff
7fff
7fff
7fff
7fff
7fff
7fff
7fff
7fff
7fff
7fff
7fff
7fff
7fff
7fff
7fff
7fff
7fff
7fff
7fff
7fff
7fff
7fff
7fff
7fff
7fff
7fff
7fff
7fff
7fff
7fff
7fff
7fff
7fff
7fff
7fff
7fff
7fff
7fff
7fff
7fff
7fff
7fff
7fff
7fff
7fff
7fff
7fff
7fff
7fff
7fff
7fff
7fff
7fff
7fff
7fff
7fff
7fff
7fff
7fff
7fff
7fff
7fff
7fff
7fff
7fff
7fff
7fff
7fff
7fff
7fff
7fff
7fff
7fff
7fff
7fff
7fff
7fff
7fff
7fff
7fff
7fff
7fff
7fff
7fff
7fff
7fff
7fff
7fff
7fff
7fff
7fff
7fff
7fff
7fff
7fff
7fff
7fff
7fff
7fff
7fff
7fff
7fff
7fff
7fff
7fff
7fff
7fff
7fff
7fff
7fff
7fff
7fff
7fff
7fff
7fff
7fff
7fff
7fff
7fff
7fff
7fff
7fff
7fff
7fff
7fff
7fff
7fff
7fff
7fff
7fff
7fff
7fff
7fff
7fff
7fff
7fff
7fff
7fff
7fff
7fff
7fff
7fff
7fff
7fff
7fff
7fff
7fff
7fff
7fff
7fff
7fff
7fff
7fff
7fff
7fff
7fff
7fff
7fff
7fff
7fff
7fff
7fff
7fff
7fff
7fff
7fff
7fff
7fff
7fff
7fff
7fff
7fff
7fff
7fff
7fff
7fff
7fff
7fff
7fff
7fff
7fff
7fff
7fff
7fff
7fff
7fff
7fff
7fff
7fff
7fff
7fff
7fff
7fff
7fff
7fff
7fff
7fff
7fff
7fff
7fff
7fff
7fff
7fff
7fff
7fff
7fff
7fff
7fff
7fff
7fff
7fff
7fff
7fff
7fff
7fff
7fff
7fff
7fff
7fff
7fff
7fff
7fff
7fff
7fff
7fff
7fff
7fff
7fff
7fff
7fff
7fff
7fff
7fff
7fff
7fff
7fff
7fff
7fff
7fff
7fff
7fff
7fff
7fff
7fff
7fff
7fff
7fff
7fff
7fff
7fff
7fff
7fff
7fff
7fff
7fff
7fff
7fff
7fff
7fff
7fff
7fff
7fff
7fff
7fff
7fff
7fff
7fff
7fff
7fff
7fff
7fff
7fff
7fff
7fff
7fff
7fff
7fff
7fff
7fff
7fff
7fff
7fff
7fff
7fff
7fff
7fff
7fff
7fff
7fff
7fff
7fff
7fff
7fff
7fff
7fff
7fff
7fff
7fff
7fff
7fff
7fff
7fff
7fff
7fff
7fff
7fff
7fff
7fff
7fff
7fff
7fff
7fff
7fff
7fff
7fff
7fff
7fff
7fff
7fff
7fff
7fff
7fff
7fff
7fff
7fff
7fff
7fff
7fff
7fff
7fff
7fff
7fff
7fff
7fff
7fff
7fff
7fff
7fff
7fff
7fff
7fff
7fff
7fff
7fff
7fff
7fff
7fff
7fff
7fff
7fff
7fff
7fff
7fff
7fff
7fff
7fff
7fff
7fff
7fff
7fff
7fff
7fff
7fff
7fff
7fff
7fff
7fff
7fff
7fff
7fff
7fff
7fff
7fff
7fff
7fff
7fff
7fff
7fff
7fff
7fff
7fff
7fff
7fff
7fff
7fff
7fff
7fff
7fff
7fff
7fff
7fff
7fff
7fff
7fff
7fff
7fff
7fff
7fff
7fff
7fff
7fff
7fff
7fff
7fff
7fff
7fff
7fff
7fff
7fff
7fff
7fff
7fff
7fff
7fff
7fff
7fff
7fff
7fff
7fff
7fff
7fff
7fff
7fff
7fff
7fff
7fff
7fff
7fff
7fff
7fff
7fff
7fff
7fff
7fff
7fff
7fff
7fff
7fff
7fff
7fff
7fff
7fff
7fff
7fff
7fff
7fff
7fff
7fff
7fff
7fff
7fff
7fff
7fff
7fff
7fff
7fff
7fff
7fff
7fff
7fff
7fff
7fff
7fff
7fff
7fff
7fff
7fff
7fff
7fff
7fff
7fff
7fff
7fff
7fff
7fff
7fff
7fff
7fff
7fff
7fff
7fff
7fff
7fff
7fff
7fff
7fff
7fff
7fff
7fff
7fff
7fff
7fff
7fff
7fff
7fff
7fff
7fff
7fff
7fff
7fff
7fff
7fff
7fff
7fff
7fff
7fff
7fff
7fff
7fff
7fff
7fff
7fff
7fff
7fff
7fff
7fff
7fff
7fff
7fff
7fff
7fff
7fff
7fff
7fff
7fff
7fff
7fff
7fff
7fff
7fff
7fff
7fff
7fff
7fff
7fff
7fff
7fff
7fff
7fff
7fff
7fff
7fff
7fff
7fff
7fff
7fff
7fff
7fff
7fff
7fff
7fff
7fff
7fff
7fff
7fff
7fff
7fff
7fff
7fff
7fff
7fff
7fff
7fff
7fff
7fff
7fff
7fff
7fff
7fff
7fff
7fff
7fff
7fff
7fff
7fff
7fff
7fff
7fff
7fff
7fff
7fff
7fff
7fff
7fff
7fff
7fff
7fff
7fff
7fff
7fff
7fff
7fff
7fff
7fff
7fff
7fff
7fff
7fff
7fff
7fff
7fff
7fff
7fff
7fff
7fff
7fff
7fff
7fff
7fff
7fff
7fff
7fff
7fff
7fff
7fff
7fff
7fff
7fff
7fff
7fff
7fff
7fff
7fff
7fff
7fff
7fff
7fff
7fff
7fff
7fff
7fff
7fff
7fff
7fff
7fff
7fff
7fff
7fff
7fff
7fff
7fff
7fff
7fff
7fff
7fff
7fff
7fff
7fff
7fff
7fff
7fff
7fff
7fff
7fff
7fff
7fff
7fff
7fff
7fff
7fff
7fff
7fff
7fff
7fff
7fff
7fff
7fff
7fff
7fff
7fff
7fff
7fff
7fff
7fff
7fff
7fff
7fff
7fff
7fff
7fff
7fff
7fff
7fff
7fff
7fff
7fff
7fff
7fff
7fff
7fff
7fff
7fff
7fff
7fff
7fff
7fff
7fff
7fff
7fff
7fff
7fff
7fff
7fff
7fff
7fff
7fff
7fff
7fff
7fff
7fff
7fff
7fff
7fff
7fff
7fff
7fff
7fff
7fff
7fff
7fff
7fff
7fff
7fff
7fff
7fff
7fff
7fff
7fff
7fff
7fff
7fff
7fff
7fff
7fff
7fff
7fff
7fff
7fff
7fff
7fff
7fff
7fff
7fff
7fff
7fff
7fff
7fff
7fff
7fff
7fff
7fff
7fff
7fff
7fff
7fff
7fff
7fff
7fff
7fff
7fff
7fff
7fff
7fff
7fff
7fff
7fff
7fff
7fff
7fff
7fff
7fff
7fff
7fff
7fff
7fff
7fff
7fff
7fff
7fff
7fff
7fff
7fff
7fff
7fff
7fff
7fff
7fff
7fff
7fff
7fff
7fff
7fff
7fff
7fff
7fff
7fff
7fff
7fff
7fff
7fff
7fff
7fff
7fff
7fff
7fff
7fff
7fff
7fff
7fff
7fff
7fff
7fff
7fff
7fff
7fff
7fff
7fff
7fff
7fff
7fff
7fff
7fff
7fff
7fff
7fff
7fff
7fff
7fff
7fff
7fff
7fff
7fff
7fff
7fff
7fff
7fff
7fff
7fff
7fff
7fff
7fff
7fff
7fff
7fff
7fff
7fff
7fff
7fff
7fff
7fff
7fff
7fff
7fff
7fff
7fff
7fff
7fff
7fff
7fff
7fff
7fff
7fff
7fff
7fff
7fff
7fff
7fff
7fff
7fff
7fff
7fff
7fff
7fff
7fff
7fff
7fff
7fff
7fff
7fff
7fff
7fff
7fff
7fff
7fff
7fff
7fff
7fff
7fff
7fff
7fff
7fff
7fff
7fff
7fff
7fff
7fff
7fff
7fff
7fff
7fff
7fff
7fff
7fff
7fff
7fff
7fff
7fff
7fff
7fff
7fff
7fff
7fff
7fff
7fff
7fff
7fff
7fff
7fff
7fff
7fff
7fff
7fff
7fff
7fff
7fff
7fff
7fff
7fff
7fff
7fff
7fff
7fff
7fff
7fff
7fff
7fff
7fff
7fff
7fff
7fff
7fff
7fff
7fff
7fff
7fff
7fff
7fff
7fff
7fff
7fff
7fff
7fff
7fff
7fff
7fff
7fff
7fff
7fff
7fff
7fff
7fff
7fff
7fff
7fff
7fff
7fff
7fff
7fff
7fff
7fff
7fff
7fff
7fff
7fff
7fff
7fff
7fff
7fff
7fff
7fff
7fff
7fff
7fff
7fff
7fff
7fff
7fff
7fff
7fff
7fff
7fff
7fff
7fff
7fff
7fff
7fff
7fff
7fff
7fff
7fff
7fff
7fff
7fff
7fff
7fff
7fff
7fff
7fff
7fff
7fff
7fff
7fff
7fff
7fff
7fff
7fff
7fff
7fff
7fff
7fff
7fff
7fff
7fff
7fff
7fff
7fff
7fff
7fff
7fff
7fff
7fff
7fff
7fff
7fff
7fff
7fff
7fff
7fff
7fff
7fff
7fff
7fff
7fff
7fff
7fff
7fff
7fff
7fff
7fff
7fff
7fff
7fff
7fff
7fff
7fff
7fff
7fff
7fff
7fff
7fff
7fff
7fff
7fff
7fff
7fff
7fff
7fff
7fff
7fff
7fff
7fff
7fff
7fff
7fff
7fff
7fff
7fff
7fff
7fff
7fff
7fff
7fff
7fff
7fff
7fff
7fff
7fff
7fff
7fff
7fff
7fff
7fff
7fff
7fff
7fff
7fff
7fff
7fff
7fff
7fff
7fff
7fff
7fff
7fff
7fff
7fff
7fff
7fff
7fff
7fff
7fff
7fff
7fff
7fff
7fff
7fff
7fff
7fff
7fff
7fff
7fff
7fff
7fff
7fff
7fff
7fff
7fff
7fff
7fff
7fff
7fff
7fff
7fff
7fff
7fff
7fff
7fff
7fff
7fff
7fff
7fff
7fff
7fff
7fff
7fff
7fff
7fff
7fff
7fff
7fff
7fff
7fff
7fff
7fff
7fff
7fff
7fff
7fff
7fff
7fff
7fff
7fff
7fff
7fff
7fff
7fff
7fff
7fff
7fff
7fff
7fff
7fff
7fff
7fff
7fff
7fff
7fff
7fff
7fff
7fff
7fff
7fff
7fff
7fff
7fff
7fff
7fff
7fff
7fff
7fff
7fff
7fff
7fff
7fff
7fff
7fff
7fff
7fff
7fff
7fff
7fff
7fff
7fff
7fff
7fff
7fff
7fff
7fff
7fff
7fff
7fff
7fff
7fff
7fff
7fff
7fff
7fff
7fff
7fff
7fff
7fff
7fff
7fff
7fff
7fff
7fff
7fff
7fff
7fff
7fff
7fff
7fff
7fff
7fff
7fff
7fff
7fff
7fff
7fff
7fff
7fff
7fff
7fff
7fff
7fff
7fff
7fff
7fff
7fff
7fff
7fff
7fff
7fff
7fff
7fff
7fff
7fff
7fff
7fff
7fff
7fff
7fff
7fff
7fff
7fff
7fff
7fff
7fff
7fff
7fff
7fff
7fff
7fff
7fff
7fff
7fff
7fff
7fff
7fff
7fff
7fff
7fff
7fff
7fff
7fff
7fff
7fff
7fff
7fff
7fff
7fff
7fff
7fff
7fff
7fff
7fff
7fff
7fff
7fff
7fff
7fff
7fff
7fff
7fff
7fff
7fff
7fff
7fff
7fff
7fff
7fff
7fff
7fff
7fff
7fff
7fff
7fff
7fff
7fff
7fff
7fff
7fff
7fff
7fff
7fff
7fff
7fff
7fff
7fff
7fff
7fff
7fff
7fff
7fff
7fff
7fff
7fff
7fff
7fff
7fff
7fff
7fff
7fff
7fff
7fff
7fff
7fff
7fff
7fff
7fff
7fff
7fff
7fff
7fff
7fff
7fff
7fff
7fff
7fff
7fff
7fff
7fff
7fff
7fff
7fff
7fff
7fff
7fff
7fff
7fff
7fff
7fff
7fff
7fff
7fff
7fff
7fff
7fff
7fff
7fff
7fff
7fff
7fff
7fff
7fff
7fff
7fff
7fff
7fff
7fff
7fff
7fff
7fff
7fff
7fff
7fff
7fff
7fff
7fff
7fff
7fff
7fff
7fff
7fff
7fff
7fff
7fff
7fff
7fff
7fff
7fff
7fff
7fff
7fff
7fff
7fff
7fff
7fff
7fff
7fff
7fff
7fff
7fff
7fff
7fff
7fff
7fff
7fff
7fff
7fff
7fff
7fff
7fff
7fff
7fff
7fff
7fff
7fff
7fff
7fff
7fff
7fff
7fff
7fff
7fff
7fff
7fff
7fff
7fff
7fff
7fff
7fff
7fff
7fff
7fff
7fff
7fff
7fff
7fff
7fff
7fff
7fff
7fff
7fff
7fff
7fff
7fff
7fff
7fff
7fff
7fff
7fff
7fff
7fff
7fff
7fff
7fff
7fff
7fff
7fff
7fff
7fff
7fff
7fff
7fff
7fff
7fff
7fff
7fff
7fff
7fff
7fff
7fff
7fff
7fff
7fff
7fff
7fff
7fff
7fff
7fff
7fff
7fff
7fff
7fff
7fff
7fff
7fff
7fff
7fff
7fff
7fff
7fff
7fff
7fff
7fff
7fff
7fff
7fff
7fff
7fff
7fff
7fff
7fff
7fff
7fff
7fff
7fff
7fff
7fff
7fff
7fff
7fff
7fff
7fff
7fff
7fff
7fff
7fff
7fff
7fff
7fff
7fff
7fff
7fff
7fff
7fff
7fff
7fff
7fff
7fff
7fff
7fff
7fff
7fff
7fff
7fff
7fff
7fff
7fff
7fff
7fff
7fff
7fff
7fff
7fff
7fff
7fff
7fff
7fff
7fff
7fff
7fff
7fff
7fff
7fff
7fff
7fff
7fff
7fff
7fff
7fff
7fff
7fff
7fff
7fff
7fff
7fff
7fff
7fff
7fff
7fff
7fff
7fff
7fff
7fff
7fff
7fff
7fff
7fff
7fff
7fff
7fff
7fff
7fff
7fff
7fff
7fff
7fff
7fff
7fff
7fff
7fff
7fff
7fff
7fff
7fff
7fff
7fff
7fff
7fff
7fff
7fff
7fff
7fff
7fff
7fff
7fff
7fff
7fff
7fff
7fff
7fff
7fff
7fff
7fff
7fff
7fff
7fff
7fff
7fff
7fff
7fff
7fff
7fff
7fff
7fff
7fff
7fff
7fff
7fff
7fff
7fff
7fff
7fff
7fff
7fff
7fff
7fff
7fff
7fff
7fff
7fff
7fff
7fff
7fff
7fff
7fff
7fff
7fff
7fff
7fff
7fff
7fff
7fff
7fff
7fff
7fff
7fff
7fff
7fff
7fff
7fff
7fff
7fff
7fff
7fff
7fff
7fff
7fff
7fff
7fff
7fff
7fff
7fff
7fff
7fff
7fff
7fff
7fff
7fff
7fff
7fff
7fff
7fff
7fff
7fff
7fff
7fff
7fff
7fff
7fff
7fff
7fff
7fff
7fff
7fff
7fff
7fff
7fff
7fff
7fff
7fff
7fff
7fff
7fff
7fff
7fff
7fff
7fff
7fff
7fff
7fff
7fff
7fff
7fff
7fff
7fff
7fff
7fff
7fff
7fff
7fff
7fff
7fff
7fff
7fff
7fff
7fff
7fff
7fff
7fff
7fff
7fff
7fff
7fff
7fff
7fff
7fff
7fff
7fff
7fff
7fff
7fff
7fff
7fff
7fff
7fff
7fff
7fff
7fff
7fff
7fff
7fff
7fff
7fff
7fff
7fff
7fff
7fff
7fff
7fff
7fff
7fff
7fff
7fff
7fff
7fff
7fff
7fff
7fff
7fff
7fff
7fff
7fff
7fff
7fff
7fff
7fff
7fff
7fff
7fff
7fff
7fff
7fff
7fff
7fff
7fff
7fff
7fff
7fff
7fff
7fff
7fff
7fff
7fff
7fff
7fff
7fff
7fff
7fff
7fff
7fff
7fff
7fff
7fff
7fff
7fff
7fff
7fff
7fff
7fff
7fff
7fff
7fff
7fff
7fff
7fff
7fff
7fff
7fff
7fff
7fff
7fff
7fff
7fff
7fff
7fff
7fff
7fff
7fff
7fff
7fff
7fff
7fff
7fff
7fff
7fff
7fff
7fff
7fff
7fff
7fff
7fff
7fff
7fff
7fff
7fff
7fff
7fff
7fff
7fff
7fff
7fff
7fff
7fff
7fff
7fff
7fff
7fff
7fff
7fff
7fff
7fff
7fff
7fff
7fff
7fff
7fff
7fff
7fff
7fff
7fff
7fff
7fff
7fff
7fff
7fff
7fff
7fff
7fff
7fff
7fff
7fff
7fff
7fff
7fff
7fff
7fff
7fff
7fff
7fff
7fff
7fff
7fff
7fff
7fff
7fff
7fff
7fff
7fff
7fff
7fff
7fff
7fff
7fff
7fff
7fff
7fff
7fff
7fff
7fff
7fff
7fff
7fff
7fff
7fff
7fff
7fff
7fff
7fff
7fff
7fff
7fff
7fff
7fff
7fff
7fff
7fff
7fff
7fff
7fff
7fff
7fff
7fff
7fff
7fff
7fff
7fff
7fff
7fff
7fff
7fff
7fff
7fff
7fff
7fff
7fff
7fff
7fff
7fff
7fff
7fff
7fff
7fff
7fff
7fff
7fff
7fff
7fff
7fff
7fff
7fff
7fff
7fff
7fff
7fff
7fff
7fff
7fff
7fff
7fff
7fff
7fff
7fff
7fff
7fff
7fff
7fff
7fff
7fff
7fff
7fff
7fff
7fff
7fff
7fff
7fff
7fff
7fff
7fff
7fff
7fff
7fff
7fff
7fff
7fff
7fff
7fff
7fff
7fff
7fff
7fff
7fff
7fff
7fff
7fff
7fff
7fff
7fff
7fff
7fff
7fff
7fff
7fff
7fff
7fff
7fff
7fff
7fff
7fff
7fff
7fff
7fff
7fff
7fff
7fff
7fff
7fff
7fff
7fff
7fff
7fff
7fff
7fff
7fff
7fff
7fff
7fff
7fff
7fff
7fff
7fff
7fff
7fff
7fff
7fff
7fff
7fff
7fff
7fff
7fff
7fff
7fff
7fff
7fff
7fff
7fff
7fff
7fff
7fff
7fff
7fff
7fff
7fff
7fff
7fff
7fff
7fff
7fff
7fff
7fff
7fff
7fff
7fff
7fff
7fff
7fff
7fff
7fff
7fff
7fff
7fff
7fff
7fff
7fff
7fff
7fff
7fff
7fff
7fff
7fff
7fff
7fff
7fff
7fff
7fff
7fff
7fff
7fff
7fff
7fff
7fff
7fff
7fff
7fff
7fff
7fff
7fff
7fff
7fff
7fff
7fff
7fff
7fff
7fff
7fff
7fff
7fff
7fff
7fff
7fff
7fff
7fff
7fff
7fff
7fff
7fff
7fff
7fff
7fff
7fff
7fff
7fff
7fff
7fff
7fff
7fff
7fff
7fff
7fff
7fff
7fff
7fff
7fff
7fff
7fff
7fff
7fff
7fff
7fff
7fff
7fff
7fff
7fff
7fff
7fff
7fff
7fff
7fff
7fff
7fff
7fff
7fff
7fff
7fff
7fff
7fff
7fff
7fff
7fff
7fff
7fff
7fff
7fff
7fff
7fff
7fff
7fff
7fff
7fff
7fff
7fff
7fff
7fff
7fff
7fff
7fff
7fff
7fff
7fff
7fff
7fff
7fff
7fff
7fff
7fff
7fff
7fff
7fff
7fff
7fff
7fff
7fff
7fff
7fff
7fff
7fff
7fff
7fff
7fff
7fff
7fff
7fff
7fff
7fff
7fff
7fff
7fff
7fff
7fff
7fff
7fff
7fff
7fff
7fff
7fff
7fff
7fff
7fff
7fff
7fff
7fff
7fff
7fff
7fff
7fff
7fff
7fff
7fff
7fff
7fff
7fff
7fff
7fff
7fff
7fff
7fff
7fff
7fff
7fff
7fff
7fff
7fff
7fff
7fff
7fff
7fff
7fff
7fff
7fff
7fff
7fff
7fff
7fff
7fff
7fff
7fff
7fff
7fff
7fff
7fff
7fff
7fff
7fff
7fff
7fff
7fff
7fff
7fff
7fff
7fff
7fff
7fff
7fff
7fff
7fff
7fff
7fff
7fff
7fff
7fff
7fff
7fff
7fff
7fff
7fff
7fff
7fff
7fff
7fff
7fff
7fff
7fff
7fff
7fff
7fff
7fff
7fff
7fff
7fff
7fff
7fff
7fff
7fff
7fff
7fff
7fff
7fff
7fff
7fff
7fff
7fff
7fff
7fff
7fff
7fff
7fff
7fff
7fff
7fff
7fff
7fff
7fff
7fff
7fff
7fff
7fff
7fff
7fff
7fff
7fff
7fff
7fff
7fff
7fff
7fff
7fff
7fff
7fff
7fff
7fff
7fff
7fff
7fff
7fff
7fff
7fff
7fff
7fff
7fff
7fff
7fff
7fff
7fff
7fff
7fff
7fff
7fff
7fff
7fff
7fff
7fff
7fff
7fff
7fff
7fff
7fff
7fff
7fff
7fff
7fff
7fff
7fff
7fff
7fff
7fff
7fff
7fff
7fff
7fff
7fff
7fff
7fff
7fff
7fff
7fff
7fff
7fff
7fff
7fff
7fff
7fff
7fff
7fff
7fff
7fff
7fff
7fff
7fff
7fff
7fff
7fff
7fff
7fff
7fff
7fff
7fff
7fff
7fff
7fff
7fff
7fff
7fff
7fff
7fff
7fff
7fff
7fff
7fff
7fff
7fff
7fff
7fff
7fff
7fff
7fff
7fff
7fff
7fff
7fff
7fff
7fff
7fff
7fff
7fff
7fff
7fff
7fff
7fff
7fff
7fff
7fff
7fff
7fff
7fff
7fff
7fff
7fff
7fff
7fff
7fff
7fff
7fff
7fff
7fff
7fff
7fff
7fff
7fff
7fff
7fff
7fff
7fff
7fff
7fff
7fff
7fff
7fff
7fff
7fff
7fff
7fff
7fff
7fff
7fff
7fff
7fff
7fff
7fff
7fff
7fff
7fff
7fff
7fff
7fff
7fff
7fff
7fff
7fff
7fff
7fff
7fff
7fff
7fff
7fff
7fff
7fff
7fff
7fff
7fff
7fff
7fff
7fff
7fff
7fff
7fff
7fff
7fff
7fff
7fff
7fff
7fff
7fff
7fff
7fff
7fff
7fff
7fff
7fff
7fff
7fff
7fff
7fff
7fff
7fff
7fff
7fff
7fff
7fff
7fff
7fff
7fff
7fff
7fff
7fff
7fff
7fff
7fff
7fff
7fff
7fff
7fff
7fff
7fff
7fff
7fff
7fff
7fff
7fff
7fff
7fff
7fff
7fff
7fff
7fff
7fff
7fff
7fff
7fff
7fff
7fff
7fff
7fff
7fff
7fff
7fff
7fff
7fff
7fff
7fff
7fff
7fff
7fff
7fff
7fff
7fff
7fff
7fff
7fff
7fff
7fff
7fff
7fff
7fff
7fff
7fff
7fff
7fff
7fff
7fff
7fff
7fff
7fff
7fff
7fff
7fff
7fff
7fff
7fff
7fff
7fff
7fff
7fff
7fff
7fff
7fff
7fff
7fff
7fff
7fff
7fff
7fff
7fff
7fff
7fff
7fff
7fff
7fff
7fff
7fff
7fff
7fff
7fff
7fff
7fff
7fff
7fff
7fff
7fff
7fff
7fff
7fff
7fff
7fff
7fff
7fff
7fff
7fff
7fff
7fff
7fff
7fff
7fff
7fff
7fff
7fff
7fff
7fff
7fff
7fff
7fff
7fff
7fff
7fff
7fff
7fff
7fff
7fff
7fff
7fff
7fff
7fff
7fff
7fff
7fff
7fff
7fff
7fff
7fff
7fff
7fff
7fff
7fff
7fff
7fff
7fff
7fff
7fff
7fff
7fff
7fff
7fff
7fff
7fff
7fff
7fff
7fff
7fff
7fff
7fff
7fff
7fff
7fff
7fff
7fff
7fff
7fff
7fff
7fff
7fff
7fff
7fff
7fff
7fff
7fff
7fff
7fff
7fff
7fff
7fff
7fff
7fff
7fff
7fff
7fff
7fff
7fff
7fff
7fff
7fff
7fff
7fff
7fff
7fff
7fff
7fff
7fff
7fff
7fff
7fff
7fff
7fff
7fff
7fff
7fff
7fff
7fff
7fff
7fff
7fff
7fff
7fff
7fff
7fff
7fff
7fff
7fff
7fff
7fff
7fff
7fff
7fff
7fff
7fff
7fff
7fff
7fff
7fff
7fff
7fff
7fff
7fff
7fff
7fff
7fff
7fff
7fff
7fff
7fff
7fff
7fff
7fff
7fff
7fff
7fff
7fff
7fff
7fff
7fff
7fff
7fff
7fff
7fff
7fff
7fff
7fff
7fff
7fff
7fff
7fff
7fff
7fff
7fff
7fff
7fff
7fff
7fff
7fff
7fff
7fff
7fff
7fff
7fff
7fff
7fff
7fff
7fff
7fff
7fff
7fff
7fff
7fff
7fff
7fff
7fff
7fff
7fff
7fff
7fff
7fff
7fff
7fff
7fff
7fff
7fff
7fff
7fff
7fff
7fff
7fff
7fff
7fff
7fff
7fff
7fff
7fff
7fff
7fff
7fff
7fff
7fff
7fff
7fff
7fff
7fff
7fff
7fff
7fff
7fff
7fff
7fff
7fff
7fff
7fff
7fff
7fff
7fff
7fff
7fff
7fff
7fff
7fff
7fff
7fff
7fff
7fff
7fff
7fff
7fff
7fff
7fff
7fff
7fff
7fff
7fff
7fff
7fff
7fff
7fff
7fff
7fff
7fff
7fff
7fff
7fff
7fff
7fff
7fff
7fff
7fff
7fff
7fff
7fff
7fff
7fff
7fff
7fff
7fff
7fff
7fff
7fff
7fff
7fff
7fff
7fff
7fff
7fff
7fff
7fff
7fff
7fff
7fff
7fff
7fff
7fff
7fff
7fff
7fff
7fff
7fff
7fff
7fff
7fff
7fff
7fff
7fff
7fff
7fff
7fff
7fff
7fff
7fff
7fff
7fff
7fff
7fff
7fff
7fff
7fff
7fff
7fff
7fff
7fff
7fff
7fff
7fff
7fff
7fff
7fff
7fff
7fff
7fff
7fff
7fff
7fff
7fff
7fff
7fff
7fff
7fff
7fff
7fff
7fff
7fff
7fff
7fff
7fff
7fff
7fff
7fff
7fff
7fff
7fff
7fff
7fff
7fff
7fff
7fff
7fff
7fff
7fff
7fff
7fff
7fff
7fff
7fff
7fff
7fff
7fff
7fff
7fff
7fff
7fff
7fff
7fff
7fff
7fff
7fff
7fff
7fff
7fff
7fff
7fff
7fff
7fff
7fff
7fff
7fff
7fff
7fff
7fff
7fff
7fff
7fff
7fff
7fff
7fff
7fff
7fff
7fff
7fff
7fff
7fff
7fff
7fff
7fff
7fff
7fff
7fff
7fff
7fff
7fff
7fff
7fff
7fff
7fff
7fff
7fff
7fff
7fff
7fff
7fff
7fff
7fff
7fff
7fff
7fff
7fff
7fff
7fff
7fff
7fff
7fff
7fff
7fff
7fff
7fff
7fff
7fff
7fff
7fff
7fff
7fff
7fff
7fff
7fff
7fff
7fff
7fff
7fff
7fff
7fff
7fff
7fff
7fff
7fff
7fff
7fff
7fff
7fff
7fff
7fff
7fff
7fff
7fff
7fff
7fff
7fff
7fff
7fff
7fff
7fff
7fff
7fff
7fff
7fff
7fff
7fff
7fff
7fff
7fff
7fff
7fff
7fff
7fff
7fff
7fff
7fff
7fff
7fff
7fff
7fff
7fff
7fff
7fff
7fff
7fff
7fff
7fff
7fff
7fff
7fff
7fff
7fff
7fff
7fff
7fff
7fff
7fff
7fff
7fff
7fff
7fff
7fff
7fff
7fff
7fff
7fff
7fff
7fff
7fff
7fff
7fff
7fff
7fff
7fff
7fff
7fff
7fff
7fff
7fff
7fff
7fff
7fff
7fff
7fff
7fff
7fff
7fff
7fff
7fff
7fff
7fff
7fff
7fff
7fff
7fff
7fff
7fff
7fff
7fff
7fff
7fff
7fff
7fff
7fff
7fff
7fff
7fff
7fff
7fff
7fff
7fff
7fff
7fff
7fff
7fff
7fff
7fff
7fff
7fff
7fff
7fff
7fff
7fff
7fff
7fff
7fff
7fff
7fff
7fff
7fff
7fff
7fff
7fff
7fff
7fff
7fff
7fff
7fff
7fff
7fff
7fff
7fff
7fff
7fff
7fff
7fff
7fff
7fff
7fff
7fff
7fff
7fff
7fff
7fff
7fff
7fff
7fff
7fff
7fff
7fff
7fff
7fff
7fff
7fff
7fff
7fff
7fff
7fff
7fff
7fff
7fff
7fff
7fff
7fff
7fff
7fff
7fff
7fff
7fff
7fff
7fff
7fff
7fff
7fff
7fff
7fff
7fff
7fff
7fff
7fff
7fff
7fff
7fff
7fff
7fff
7fff
7fff
7fff
7fff
7fff
7fff
7fff
7fff
7fff
7fff
7fff
7fff
7fff
7fff
7fff
7fff
7fff
7fff
7fff
7fff
7fff
7fff
7fff
7fff
7fff
7fff
7fff
7fff
7fff
7fff
7fff
7fff
7fff
7fff
7fff
7fff
7fff
7fff
7fff
7fff
7fff
7fff
7fff
7fff
7fff
7fff
7fff
7fff
7fff
7fff
7fff
7fff
7fff
7fff
7fff
7fff
7fff
7fff
7fff
7fff
7fff
7fff
7fff
7fff
7fff
7fff
7fff
7fff
7fff
7fff
7fff
7fff
7fff
7fff
7fff
7fff
7fff
7fff
7fff
7fff
7fff
7fff
7fff
7fff
7fff
7fff
7fff
7fff
7fff
7fff
7fff
7fff
7fff
7fff
7fff
7fff
7fff
7fff
7fff
7fff
7fff
7fff
7fff
7fff
7fff
7fff
7fff
7fff
7fff
7fff
7fff
7fff
7fff
7fff
7fff
7fff
7fff
7fff
7fff
7fff
7fff
7fff
7fff
7fff
7fff
7fff
7fff
7fff
7fff
7fff
7fff
7fff
7fff
7fff
7fff
7fff
7fff
7fff
7fff
7fff
7fff
7fff
7fff
7fff
7fff
7fff
7fff
7fff
7fff
7fff
7fff
7fff
7fff
7fff
7fff
7fff
7fff
7fff
7fff
7fff
7fff
7fff
7fff
7fff
7fff
7fff
7fff
7fff
7fff
7fff
7fff
7fff
7fff
7fff
7fff
7fff
7fff
7fff
7fff
7fff
7fff
7fff
7fff
7fff
7fff
7fff
7fff
7fff
7fff
7fff
7fff
7fff
7fff
7fff
7fff
7fff
7fff
7fff
7fff
7fff
7fff
7fff
7fff
7fff
7fff
7fff
7fff
7fff
7fff
7fff
7fff
7fff
7fff
7fff
7fff
7fff
7fff
7fff
7fff
7fff
7fff
7fff
7fff
7fff
7fff
7fff
7fff
7fff
7fff
7fff
7fff
7fff
7fff
7fff
7fff
7fff
7fff
7fff
7fff
7fff
7fff
7fff
7fff
7fff
7fff
7fff
7fff
7fff
7fff
7fff
7fff
7fff
7fff
7fff
7fff
7fff
7fff
7fff
7fff
7fff
7fff
7fff
7fff
7fff
7fff
7fff
7fff
7fff
7fff
7fff
7fff
7fff
7fff
7fff
7fff
7fff
7fff
7fff
7fff
7fff
7fff
7fff
7fff
7fff
7fff
7fff
7fff
7fff
7fff
7fff
7fff
7fff
7fff
7fff
7fff
7fff
7fff
7fff
7fff
7fff
7fff
7fff
7fff
7fff
7fff
7fff
7fff
7fff
7fff
7fff
7fff
7fff
7fff
7fff
7fff
7fff
7fff
7fff
7fff
7fff
7fff
7fff
7fff
7fff
7fff
7fff
7fff
7fff
7fff
7fff
7fff
7fff
7fff
7fff
7fff
7fff
7fff
7fff
7fff
7fff
7fff
7fff
7fff
7fff
7fff
7fff
7fff
7fff
7fff
7fff
7fff
7fff
7fff
7fff
7fff
7fff
7fff
7fff
7fff
7fff
7fff
7fff
7fff
7fff
7fff
7fff
7fff
7fff
7fff
7fff
7fff
7fff
7fff
7fff
7fff
7fff
7fff
7fff
7fff
7fff
7fff
7fff
7fff
7fff
7fff
7fff
7fff
7fff
7fff
7fff
7fff
7fff
7fff
7fff
7fff
7fff
7fff
7fff
7fff
7fff
7fff
7fff
7fff
7fff
7fff
7fff
7fff
7fff
7fff
7fff
7fff
7fff
7fff
7fff
7fff
7fff
7fff
7fff
7fff
7fff
7fff
7fff
7fff
7fff
7fff
7fff
7fff
7fff
7fff
7fff
7fff
7fff
7fff
7fff
7fff
7fff
7fff
7fff
7fff
7fff
7fff
7fff
7fff
7fff
7fff
7fff
7fff
7fff
7fff
7fff
7fff
7fff
7fff
7fff
7fff
7fff
7fff
7fff
7fff
7fff
7fff
7fff
7fff
7fff
7fff
7fff
7fff
7fff
7fff
7fff
7fff
7fff
7fff
7fff
7fff
7fff
7fff
7fff
7fff
7fff
7fff
7fff
7fff
7fff
7fff
7fff
7fff
7fff
7fff
7fff
7fff
7fff
7fff
7fff
7fff
7fff
7fff
7fff
7fff
7fff
7fff
7fff
7fff
7fff
7fff
7fff
7fff
7fff
7fff
7fff
7fff
7fff
7fff
7fff
7fff
7fff
7fff
7fff
7fff
7fff
7fff
7fff
7fff
7fff
7fff
7fff
7fff
7fff
7fff
7fff
7fff
7fff
7fff
7fff
7fff
7fff
7fff
7fff
7fff
7fff
7fff
7fff
7fff
7fff
7fff
7fff
7fff
7fff
7fff
7fff
7fff
7fff
7fff
7fff
7fff
7fff
7fff
7fff
7fff
7fff
7fff
7fff
7fff
7fff
7fff
7fff
7fff
7fff
7fff
7fff
7fff
7fff
7fff
7fff
7fff
7fff
7fff
7fff
7fff
7fff
7fff
7fff
7fff
7fff
7fff
7fff
7fff
7fff
7fff
7fff
7fff
7fff
7fff
7fff
7fff
7fff
7fff
7fff
7fff
7fff
7fff
7fff
7fff
7fff
7fff
7fff
7fff
7fff
7fff
7fff
7fff
7fff
7fff
7fff
7fff
7fff
7fff
7fff
7fff
7fff
7fff
7fff
7fff
7fff
7fff
7fff
7fff
7fff
7fff
7fff
7fff
7fff
7fff
7fff
7fff
7fff
7fff
7fff
7fff
7fff
7fff
7fff
7fff
7fff
7fff
7fff
7fff
7fff
7fff
7fff
7fff
7fff
7fff
7fff
7fff
7fff
7fff
7fff
7fff
7fff
7fff
7fff
7fff
7fff
7fff
7fff
7fff
7fff
7fff
7fff
7fff
7fff
7fff
7fff
7fff
7fff
7fff
7fff
7fff
7fff
7fff
7fff
7fff
7fff
7fff
7fff
7fff
7fff
7fff
7fff
7fff
7fff
7fff
7fff
7fff
7fff
7fff
7fff
7fff
7fff
7fff
7fff
7fff
7fff
7fff
7fff
7fff
7fff
7fff
7fff
7fff
7fff
7fff
7fff
7fff
7fff
7fff
7fff
7fff
7fff
7fff
7fff
7fff
7fff
7fff
7fff
7fff
7fff
7fff
7fff
7fff
7fff
7fff
7fff
7fff
7fff
7fff
7fff
7fff
7fff
7fff
7fff
7fff
7fff
7fff
7fff
7fff
7fff
7fff
7fff
7fff
7fff
7fff
7fff
7fff
7fff
7fff
7fff
7fff
7fff
7fff
7fff
7fff
7fff
7fff
7fff
7fff
7fff
7fff
7fff
7fff
7fff
7fff
7fff
7fff
7fff
7fff
7fff
7fff
7fff
7fff
7fff
7fff
7fff
7fff
7fff
7fff
7fff
7fff
7fff
7fff
7fff
7fff
7fff
7fff
7fff
7fff
7fff
7fff
7fff
7fff
7fff
7fff
7fff
7fff
7fff
7fff
7fff
7fff
7fff
7fff
7fff
7fff
7fff
7fff
7fff
7fff
7fff
7fff
7fff
7fff
7fff
7fff
7fff
7fff
7fff
7fff
7fff
7fff
7fff
7fff
7fff
7fff
7fff
7fff
7fff
7fff
7fff
7fff
7fff
7fff
7fff
7fff
7fff
7fff
7fff
7fff
7fff
7fff
7fff
7fff
7fff
7fff
7fff
7fff
7fff
7fff
7fff
7fff
7fff
7fff
7fff
7fff
7fff
7fff
7fff
7fff
7fff
7fff
7fff
7fff
7fff
7fff
7fff
7fff
7fff
7fff
7fff
7fff
7fff
7fff
7fff
7fff
7fff
7fff
7fff
7fff
7fff
7fff
7fff
7fff
7fff
7fff
7fff
7fff
7fff
7fff
7fff
7fff
7fff
7fff
7fff
7fff
7fff
7fff
7fff
7fff
7fff
7fff
7fff
7fff
7fff
7fff
7fff
7fff
7fff
7fff
7fff
7fff
7fff
7fff
7fff
7fff
7fff
7fff
7fff
7fff
7fff
7fff
7fff
7fff
7fff
7fff
7fff
7fff
7fff
7fff
7fff
7fff
7fff
7fff
7fff
7fff
7fff
7fff
7fff
7fff
7fff
7fff
7fff
7fff
7fff
7fff
7fff
7fff
7fff
7fff
7fff
7fff
7fff
7fff
7fff
7fff
7fff
7fff
7fff
7fff
7fff
7fff
7fff
7fff
7fff
7fff
7fff
7fff
7fff
7fff
7fff
7fff
7fff
7fff
7fff
7fff
7fff
7fff
7fff
7fff
7fff
7fff
7fff
7fff
7fff
7fff
7fff
7fff
7fff
7fff
7fff
7fff
7fff
7fff
7fff
7fff
7fff
7fff
7fff
7fff
7fff
7fff
7fff
7fff
7fff
7fff
7fff
7fff
7fff
7fff
7fff
7fff
7fff
7fff
7fff
7fff
7fff
7fff
7fff
7fff
7fff
7fff
7fff
7fff
7fff
7fff
7fff
7fff
7fff
7fff
7fff
7fff
7fff
7fff
7fff
7fff
7fff
7fff
7fff
7fff
7fff
7fff
7fff
7fff
7fff
7fff
7fff
7fff
7fff
7fff
7fff
7fff
7fff
7fff
7fff
7fff
7fff
7fff
7fff
7fff
7fff
7fff
7fff
7fff
7fff
7fff
7fff
7fff
7fff
7fff
7fff
7fff
7fff
7fff
7fff
7fff
7fff
7fff
7fff
7fff
7fff
7fff
7fff
7fff
7fff
7fff
7fff
7fff
7fff
7fff
7fff
7fff
7fff
7fff
7fff
7fff
7fff
7fff
7fff
7fff
7fff
7fff
7fff
7fff
7fff
7fff
7fff
7fff
7fff
7fff
7fff
7fff
7fff
7fff
7fff
7fff
7fff
7fff
7fff
7fff
7fff
7fff
7fff
7fff
7fff
7fff
7fff
7fff
7fff
7fff
7fff
7fff
7fff
7fff
7fff
7fff
7fff
7fff
7fff
7fff
7fff
7fff
7fff
7fff
7fff
7fff
7fff
7fff
7fff
7fff
7fff
7fff
7fff
7fff
7fff
7fff
7fff
7fff
7fff
7fff
7fff
7fff
7fff
7fff
7fff
7fff
7fff
7fff
7fff
7fff
7fff
7fff
7fff
7fff
7fff
7fff
7fff
7fff
7fff
7fff
7fff
7fff
7fff
7fff
7fff
7fff
7fff
7fff
7fff
7fff
7fff
7fff
7fff
7fff
7fff
7fff
7fff
7fff
7fff
7fff
7fff
7fff
7fff
7fff
7fff
7fff
7fff
7fff
7fff
7fff
7fff
7fff
7fff
7fff
7fff
7fff
7fff
7fff
7fff
7fff
7fff
7fff
7fff
7fff
7fff
7fff
7fff
7fff
7fff
7fff
7fff
7fff
7fff
7fff
7fff
7fff
7fff
7fff
7fff
7fff
7fff
7fff
7fff
7fff
7fff
7fff
7fff
7fff
7fff
7fff
7fff
7fff
7fff
7fff
7fff
7fff
7fff
7fff
7fff
7fff
7fff
7fff
7fff
7fff
7fff
7fff
7fff
7fff
7fff
7fff
7fff
7fff
7fff
7fff
7fff
7fff
7fff
7fff
7fff
7fff
7fff
7fff
7fff
7fff
7fff
7fff
7fff
7fff
7fff
7fff
7fff
7fff
7fff
7fff
7fff
7fff
7fff
7fff
7fff
7fff
7fff
7fff
7fff
7fff
7fff
7fff
7fff
7fff
7fff
7fff
7fff
7fff
7fff
7fff
7fff
7fff
7fff
7fff
7fff
7fff
7fff
7fff
7fff
7fff
7fff
7fff
7fff
7fff
7fff
7fff
7fff
7fff
7fff
7fff
7fff
7fff
7fff
7fff
7fff
7fff
7fff
7fff
7fff
7fff
7fff
7fff
7fff
7fff
7fff
7fff
7fff
7fff
7fff
7fff
7fff
7fff
7fff
7fff
7fff
7fff
7fff
7fff
7fff
7fff
7fff
7fff
7fff
7fff
7fff
7fff
7fff
7fff
7fff
7fff
7fff
7fff
7fff
7fff
7fff
7fff
7fff
7fff
7fff
7fff
7fff
7fff
7fff
7fff
7fff
7fff
7fff
7fff
7fff
7fff
7fff
7fff
7fff
7fff
7fff
7fff
7fff
7fff
7fff
7fff
7fff
7fff
7fff
7fff
7fff
7fff
7fff
7fff
7fff
7fff
7fff
7fff
7fff
7fff
7fff
7fff
7fff
7fff
7fff
7fff
7fff
7fff
7fff
7fff
7fff
7fff
7fff
7fff
7fff
7fff
7fff
7fff
7fff
7fff
7fff
7fff
7fff
7fff
7fff
7fff
7fff
7fff
7fff
7fff
7fff
7fff
7fff
7fff
7fff
7fff
7fff
7fff
7fff
7fff
7fff
7fff
7fff
7fff
7fff
7fff
7fff
7fff
7fff
7fff
7fff
7fff
7fff
7fff
7fff
7fff
7fff
7fff
7fff
7fff
7fff
7fff
7fff
7fff
7fff
7fff
7fff
7fff
7fff
7fff
7fff
7fff
7fff
7fff
7fff
7fff
7fff
7fff
7fff
7fff
7fff
7fff
7fff
7fff
7fff
7fff
7fff
7fff
7fff
7fff
7fff
7fff
7fff
7fff
7fff
7fff
7fff
7fff
7fff
7fff
7fff
7fff
7fff
7fff
7fff
7fff
7fff
7fff
7fff
7fff
7fff
7fff
7fff
7fff
7fff
7fff
7fff
7fff
7fff
7fff
7fff
7fff
7fff
7fff
7fff
7fff
7fff
7fff
7fff
7fff
7fff
7fff
7fff
7fff
7fff
7fff
7fff
7fff
7fff
7fff
7fff
7fff
7fff
7fff
7fff
7fff
7fff
7fff
7fff
7fff
7fff
7fff
7fff
7fff
7fff
7fff
7fff
7fff
7fff
7fff
7fff
7fff
7fff
7fff
7fff
7fff
7fff
7fff
7fff
7fff
7fff
7fff
7fff
7fff
7fff
7fff
7fff
7fff
7fff
7fff
7fff
7fff
7fff
7fff
7fff
7fff
7fff
7fff
7fff
7fff
7fff
7fff
7fff
7fff
7fff
7fff
7fff
7fff
7fff
7fff
7fff
7fff
7fff
7fff
7fff
7fff
7fff
7fff
7fff
7fff
7fff
7fff
7fff
7fff
7fff
7fff
7fff
7fff
7fff
7fff
7fff
7fff
7fff
7fff
7fff
7fff
7fff
7fff
7fff
7fff
7fff
7fff
7fff
7fff
7fff
7fff
7fff
7fff
7fff
7fff
7fff
7fff
7fff
7fff
7fff
7fff
7fff
7fff
7fff
7fff
7fff
7fff
7fff
7fff
7fff
7fff
7fff
7fff
7fff
7fff
7fff
7fff
7fff
7fff
7fff
7fff
7fff
7fff
7fff
7fff
7fff
7fff
7fff
7fff
7fff
7fff
7fff
7fff
7fff
7fff
7fff
7fff
7fff
7fff
7fff
7fff
7fff
7fff
7fff
7fff
7fff
7fff
7fff
7fff
7fff
7fff
7fff
7fff
7fff
7fff
7fff
7fff
7fff
7fff
7fff
7fff
7fff
7fff
7fff
7fff
7fff
7fff
7fff
7fff
7fff
7fff
7fff
7fff
7fff
7fff
7fff
7fff
7fff
7fff
7fff
7fff
7fff
7fff
7fff
7fff
7fff
7fff
7fff
7fff
7fff
7fff
7fff
7fff
7fff
7fff
7fff
7fff
7fff
7fff
7fff
7fff
7fff
7fff
7fff
7fff
7fff
7fff
7fff
7fff
7fff
7fff
7fff
7fff
7fff
7fff
7fff
7fff
7fff
7fff
7fff
7fff
7fff
7fff
7fff
7fff
7fff
7fff
7fff
7fff
7fff
7fff
7fff
7fff
7fff
7fff
7fff
7fff
7fff
7fff
7fff
7fff
7fff
7fff
7fff
7fff
7fff
7fff
7fff
7fff
7fff
7fff
7fff
7fff
7fff
7fff
7fff
7fff
7fff
7fff
7fff
7fff
7fff
7fff
7fff
7fff
7fff
7fff
7fff
7fff
7fff
7fff
7fff
7fff
7fff
7fff
7fff
7fff
7fff
7fff
7fff
7fff
7fff
7fff
7fff
7fff
7fff
7fff
7fff
7fff
7fff
7fff
7fff
7fff
7fff
7fff
7fff
7fff
7fff
7fff
7fff
7fff
7fff
7fff
7fff
7fff
7fff
7fff
7fff
7fff
7fff
7fff
7fff
7fff
7fff
7fff
7fff
7fff
7fff
7fff
7fff
7fff
7fff
7fff
7fff
7fff
7fff
7fff
7fff
7fff
7fff
7fff
7fff
7fff
7fff
7fff
7fff
7fff
7fff
7fff
7fff
7fff
7fff
7fff
7fff
7fff
7fff
7fff
7fff
7fff
7fff
7fff
7fff
7fff
7fff
7fff
7fff
7fff
7fff
7fff
7fff
7fff
7fff
7fff
7fff
7fff
7fff
7fff
7fff
7fff
7fff
7fff
7fff
7fff
7fff
7fff
7fff
7fff
7fff
7fff
7fff
7fff
7fff
7fff
7fff
7fff
7fff
7fff
7fff
7fff
7fff
7fff
7fff
7fff
7fff
7fff
7fff
7fff
7fff
7fff
7fff
7fff
7fff
7fff
7fff
7fff
7fff
7fff
7fff
7fff
7fff
7fff
7fff
7fff
7fff
7fff
7fff
7fff
7fff
7fff
7fff
7fff
7fff
7fff
7fff
7fff
7fff
7fff
7fff
7fff
7fff
7fff
7fff
7fff
7fff
7fff
7fff
7fff
7fff
7fff
7fff
7fff
7fff
7fff
7fff
7fff
7fff
7fff
7fff
7fff
7fff
7fff
7fff
7fff
7fff
7fff
7fff
7fff
7fff
7fff
7fff
7fff
7fff
7fff
7fff
7fff
7fff
7fff
7fff
7fff
7fff
7fff
7fff
7fff
7fff
7fff
7fff
7fff
7fff
7fff
7fff
7fff
7fff
7fff
7fff
7fff
7fff
7fff
7fff
7fff
7fff
7fff
7fff
7fff
7fff
7fff
7fff
7fff
7fff
7fff
7fff
7fff
7fff
7fff
7fff
7fff
7fff
7fff
7fff
7fff
7fff
7fff
7fff
7fff
7fff
7fff
7fff
7fff
7fff
7fff
7fff
7fff
7fff
7fff
7fff
7fff
7fff
7fff
7fff
7fff
7fff
7fff
7fff
7fff
7fff
7fff
7fff
7fff
7fff
7fff
7fff
7fff
7fff
7fff
7fff
7fff
7fff
7fff
7fff
7fff
7fff
7fff
7fff
7fff
7fff
7fff
7fff
7fff
7fff
7fff
7fff
7fff
7fff
7fff
7fff
7fff
7fff
7fff
7fff
7fff
7fff
7fff
7fff
7fff
7fff
7fff
7fff
7fff
7fff
7fff
7fff
7fff
7fff
7fff
7fff
7fff
7fff
7fff
7fff
7fff
7fff
7fff
7fff
7fff
7fff
7fff
7fff
7fff
7fff
7fff
7fff
7fff
7fff
7fff
7fff
7fff
7fff
7fff
7fff
7fff
7fff
7fff
7fff
7fff
7fff
7fff
7fff
7fff
7fff
7fff
7fff
7fff
7fff
7fff
7fff
7fff
7fff
7fff
7fff
7fff
7fff
7fff
7fff
7fff
7fff
7fff
7fff
7fff
7fff
7fff
7fff
7fff
7fff
7fff
7fff
7fff
7fff
7fff
7fff
7fff
7fff
7fff
7fff
7fff
7fff
7fff
7fff
7fff
7fff
7fff
7fff
7fff
7fff
7fff
7fff
7fff
7fff
7fff
7fff
7fff
7fff
7fff
7fff
7fff
7fff
7fff
7fff
7fff
7fff
7fff
7fff
7fff
7fff
7fff
7fff
7fff
7fff
7fff
7fff
7fff
7fff
7fff
7fff
7fff
7fff
7fff
7fff
7fff
7fff
7fff
7fff
7fff
7fff
7fff
7fff
7fff
7fff
7fff
7fff
7fff
7fff
7fff
7fff
7fff
7fff
7fff
7fff
7fff
7fff
7fff
7fff
7fff
7fff
7fff
7fff
7fff
7fff
7fff
7fff
7fff
7fff
7fff
7fff
7fff
7fff
7fff
7fff
7fff
7fff
7fff
7fff
7fff
7fff
7fff
7fff
7fff
7fff
7fff
7fff
7fff
7fff
7fff
7fff
7fff
7fff
7fff
7fff
7fff
7fff
7fff
7fff
7fff
7fff
7fff
7fff
7fff
7fff
7fff
7fff
7fff
7fff
7fff
7fff
7fff
7fff
7fff
7fff
7fff
7fff
7fff
7fff
7fff
7fff
7fff
7fff
7fff
7fff
7fff
7fff
7fff
7fff
7fff
7fff
7fff
7fff
7fff
7fff
7fff
7fff
7fff
7fff
7fff
7fff
7fff
7fff
7fff
7fff
7fff
7fff
7fff
7fff
7fff
7fff
7fff
7fff
7fff
7fff
7fff
7fff
7fff
7fff
7fff
7fff
7fff
7fff
7fff
7fff
7fff
7fff
7fff
7fff
7fff
7fff
7fff
7fff
7fff
7fff
7fff
7fff
7fff
7fff
7fff
7fff
7fff
7fff
7fff
7fff
7fff
7fff
7fff
7fff
7fff
7fff
7fff
7fff
7fff
7fff
7fff
7fff
7fff
7fff
7fff
7fff
7fff
7fff
7fff
7fff
7fff
7fff
7fff
7fff
7fff
7fff
7fff
7fff
7fff
7fff
7fff
7fff
7fff
7fff
7fff
7fff
7fff
7fff
7fff
7fff
7fff
7fff
7fff
7fff
7fff
7fff
7fff
7fff
7fff
7fff
7fff
7fff
7fff
7fff
7fff
7fff
7fff
7fff
7fff
7fff
7fff
7fff
7fff
7fff
7fff
7fff
7fff
7fff
7fff
7fff
7fff
7fff
7fff
7fff
7fff
7fff
7fff
7fff
7fff
7fff
7fff
7fff
7fff
7fff
7fff
7fff
7fff
7fff
7fff
7fff
7fff
7fff
7fff
7fff
7fff
7fff
7fff
7fff
7fff
7fff
7fff
7fff
7fff
7fff
7fff
7fff
7fff
7fff
7fff
7fff
7fff
7fff
7fff
7fff
7fff
7fff
7fff
7fff
7fff
7fff
7fff
7fff
7fff
7fff
7fff
7fff
7fff
7fff
7fff
7fff
7fff
7fff
7fff
7fff
7fff
7fff
7fff
7fff
7fff
7fff
7fff
7fff
7fff
7fff
7fff
7fff
7fff
7fff
7fff
7fff
7fff
7fff
7fff
7fff
7fff
7fff
7fff
7fff
7fff
7fff
7fff
7fff
7fff
7fff
7fff
7fff
7fff
7fff
7fff
7fff
7fff
7fff
7fff
7fff
7fff
7fff
7fff
7fff
7fff
7fff
7fff
7fff
7fff
7fff
7fff
7fff
7fff
7fff
7fff
7fff
7fff
7fff
7fff
7fff
7fff
7fff
7fff
7fff
7fff
7fff
7fff
7fff
7fff
7fff
7fff
7fff
7fff
7fff
7fff
7fff
7fff
7fff
7fff
7fff
7fff
7fff
7fff
7fff
7fff
7fff
7fff
7fff
7fff
7fff
7fff
7fff
7fff
7fff
7fff
7fff
7fff
7fff
7fff
7fff
7fff
7fff
7fff
7fff
7fff
7fff
7fff
7fff
7fff
7fff
7fff
7fff
7fff
7fff
7fff
7fff
7fff
7fff
7fff
7fff
7fff
7fff
7fff
7fff
7fff
7fff
7fff
7fff
7fff
7fff
7fff
7fff
7fff
7fff
7fff
7fff
7fff
7fff
7fff
7fff
7fff
7fff
7fff
7fff
7fff
7fff
7fff
7fff
7fff
7fff
7fff
7fff
7fff
7fff
7fff
7fff
7fff
7fff
7fff
7fff
7fff
7fff
7fff
7fff
7fff
7fff
7fff
7fff
7fff
7fff
7fff
7fff
7fff
7fff
7fff
7fff
7fff
7fff
7fff
7fff
7fff
7fff
7fff
7fff
7fff
7fff
7fff
7fff
7fff
7fff
7fff
7fff
7fff
7fff
7fff
7fff
7fff
7fff
7fff
7fff
7fff
7fff
7fff
7fff
7fff
7fff
7fff
7fff
7fff
7fff
7fff
7fff
7fff
7fff
7fff
7fff
7fff
7fff
7fff
7fff
7fff
7fff
7fff
7fff
7fff
7fff
7fff
7fff
7fff
7fff
7fff
7fff
7fff
7fff
7fff
7fff
7fff
7fff
7fff
7fff
7fff
7fff
7fff
7fff
7fff
7fff
7fff
7fff
7fff
7fff
7fff
7fff
7fff
7fff
7fff
7fff
7fff
7fff
7fff
7fff
7fff
7fff
7fff
7fff
7fff
7fff
7fff
7fff
7fff
7fff
7fff
7fff
7fff
7fff
7fff
7fff
7fff
7fff
7fff
7fff
7fff
7fff
7fff
7fff
7fff
7fff
7fff
7fff
7fff
7fff
7fff
7fff
7fff
7fff
7fff
7fff
7fff
7fff
7fff
7fff
7fff
7fff
7fff
7fff
7fff
7fff
7fff
7fff
7fff
7fff
7fff
7fff
7fff
7fff
7fff
7fff
7fff
7fff
7fff
7fff
7fff
7fff
7fff
7fff
7fff
7fff
7fff
7fff
7fff
7fff
7fff
7fff
7fff
7fff
7fff
7fff
7fff
7fff
7fff
7fff
7fff
7fff
7fff
7fff
7fff
7fff
7fff
7fff
7fff
7fff
7fff
7fff
7fff
7fff
7fff
7fff
7fff
7fff
7fff
7fff
7fff
7fff
7fff
7fff
7fff
7fff
7fff
7fff
7fff
7fff
7fff
7fff
7fff
7fff
7fff
7fff
7fff
7fff
7fff
7fff
7fff
7fff
7fff
7fff
7fff
7fff
7fff
7fff
7fff
7fff
7fff
7fff
7fff
7fff
7fff
7fff
7fff
7fff
7fff
7fff
7fff
7fff
7fff
7fff
7fff
7fff
7fff
7fff
7fff
7fff
7fff
7fff
7fff
7fff
7fff
7fff
7fff
7fff
7fff
7fff
7fff
7fff
7fff
7fff
7fff
7fff
7fff
7fff
7fff
7fff
7fff
7fff
7fff
7fff
7fff
7fff
7fff
7fff
7fff
7fff
7fff
7fff
7fff
7fff
7fff
7fff
7fff
7fff
7fff
7fff
7fff
7fff
7fff
7fff
7fff
7fff
7fff
7fff
7fff
7fff
7fff
7fff
7fff
7fff
7fff
7fff
7fff
7fff
7fff
7fff
7fff
7fff
7fff
7fff
7fff
7fff
7fff
7fff
7fff
7fff
7fff
7fff
7fff
7fff
7fff
7fff
7fff
7fff
7fff
7fff
7fff
7fff
7fff
7fff
7fff
7fff
7fff
7fff
7fff
7fff
7fff
7fff
7fff
7fff
7fff
7fff
7fff
7fff
7fff
7fff
7fff
7fff
7fff
7fff
7fff
7fff
7fff
7fff
7fff
7fff
7fff
7fff
7fff
7fff
7fff
7fff
7fff
7fff
7fff
7fff
7fff
7fff
7fff
7fff
7fff
7fff
7fff
7fff
7fff
7fff
7fff
7fff
7fff
7fff
7fff
7fff
7fff
7fff
7fff
7fff
7fff
7fff
7fff
7fff
7fff
7fff
7fff
7fff
7fff
7fff
7fff
7fff
7fff
7fff
7fff
7fff
7fff
7fff
7fff
7fff
7fff
7fff
7fff
7fff
7fff
7fff
7fff
7fff
7fff
7fff
7fff
7fff
7fff
7fff
7fff
7fff
7fff
7fff
7fff
7fff
7fff
7fff
7fff
7fff
7fff
7fff
7fff
7fff
7fff
7fff
7fff
7fff
7fff
7fff
7fff
7fff
7fff
7fff
7fff
7fff
7fff
7fff
7fff
7fff
7fff
7fff
7fff
7fff
7fff
7fff
7fff
7fff
7fff
7fff
7fff
7fff
7fff
7fff
7fff
7fff
7fff
7fff
7fff
7fff
7fff
7fff
7fff
7fff
7fff
7fff
7fff
7fff
7fff
7fff
7fff
7fff
7fff
7fff
7fff
7fff
7fff
7fff
7fff
7fff
7fff
7fff
7fff
7fff
7fff
7fff
7fff
7fff
7fff
7fff
7fff
7fff
7fff
7fff
7fff
7fff
7fff
7fff
7fff
7fff
7fff
7fff
7fff
7fff
7fff
7fff
7fff
7fff
7fff
7fff
7fff
7fff
7fff
7fff
7fff
7fff
7fff
7fff
7fff
7fff
7fff
7fff
7fff
7fff
7fff
7fff
7fff
7fff
7fff
7fff
7fff
7fff
7fff
7fff
7fff
7fff
7fff
7fff
7fff
7fff
7fff
7fff
7fff
7fff
7fff
7fff
7fff
7fff
7fff
7fff
7fff
7fff
7fff
7fff
7fff
7fff
7fff
7fff
7fff
7fff
7fff
7fff
7fff
7fff
7fff
7fff
7fff
7fff
7fff
7fff
7fff
7fff
7fff
7fff
7fff
7fff
7fff
7fff
7fff
7fff
7fff
7fff
7fff
7fff
7fff
7fff
7fff
7fff
7fff
7fff
7fff
7fff
7fff
7fff
7fff
7fff
7fff
7fff
7fff
7fff
7fff
7fff
7fff
7fff
7fff
7fff
7fff
7fff
7fff
7fff
7fff
7fff
7fff
7fff
7fff
7fff
7fff
7fff
7fff
7fff
7fff
7fff
7fff
7fff
7fff
7fff
7fff
7fff
7fff
7fff
7fff
7fff
7fff
7fff
7fff
7fff
7fff
7fff
7fff
7fff
7fff
7fff
7fff
7fff
7fff
7fff
7fff
7fff
7fff
7fff
7fff
7fff
7fff
7fff
7fff
7fff
7fff
7fff
7fff
7fff
7fff
7fff
7fff
7fff
7fff
7fff
7fff
7fff
7fff
7fff
7fff
7fff
7fff
7fff
7fff
7fff
7fff
7fff
7fff
7fff
7fff
7fff
7fff
7fff
7fff
7fff
7fff
7fff
7fff
7fff
7fff
7fff
7fff
7fff
7fff
7fff
7fff
7fff
7fff
7fff
7fff
7fff
7fff
7fff
7fff
7fff
7fff
7fff
7fff
7fff
7fff
7fff
7fff
7fff
7fff
7fff
7fff
7fff
7fff
7fff
7fff
7fff
7fff
7fff
7fff
7fff
7fff
7fff
7fff
7fff
7fff
7fff
7fff
7fff
7fff
7fff
7fff
7fff
7fff
7fff
7fff
7fff
7fff
7fff
7fff
7fff
7fff
7fff
7fff
7fff
7fff
7fff
7fff
7fff
7fff
7fff
7fff
7fff
7fff
7fff
7fff
7fff
7fff
7fff
7fff
7fff
7fff
7fff
7fff
7fff
7fff
7fff
7fff
7fff
7fff
7fff
7fff
7fff
7fff
7fff
7fff
7fff
7fff
7fff
7fff
7fff
7fff
7fff
7fff
7fff
7fff
7fff
7fff
7fff
7fff
7fff
7fff
7fff
7fff
7fff
7fff
7fff
7fff
7fff
7fff
7fff
7fff
7fff
7fff
7fff
7fff
7fff
7fff
7fff
7fff
7fff
7fff
7fff
7fff
7fff
7fff
7fff
7fff
7fff
7fff
7fff
7fff
7fff
7fff
7fff
7fff
7fff
7fff
7fff
7fff
7fff
7fff
7fff
7fff
7fff
7fff
7fff
7fff
7fff
7fff
7fff
7fff
7fff
7fff
7fff
7fff
7fff
7fff
7fff
7fff
7fff
7fff
7fff
7fff
7fff
7fff
7fff
7fff
7fff
7fff
7fff
7fff
7fff
7fff
7fff
7fff
7fff
7fff
7fff
7fff
7fff
7fff
7fff
7fff
7fff
7fff
7fff
7fff
7fff
7fff
7fff
7fff
7fff
7fff
7fff
7fff
7fff
7fff
7fff
7fff
7fff
7fff
7fff
7fff
7fff
7fff
7fff
7fff
7fff
7fff
7fff
7fff
7fff
7fff
7fff
7fff
7fff
7fff
7fff
7fff
7fff
7fff
7fff
7fff
7fff
7fff
7fff
7fff
7fff
7fff
7fff
7fff
7fff
7fff
7fff
7fff
7fff
7fff
7fff
7fff
7fff
7fff
7fff
7fff
7fff
7fff
7fff
7fff
7fff
7fff
7fff
7fff
7fff
7fff
7fff
7fff
7fff
7fff
7fff
7fff
7fff
7fff
7fff
7fff
7fff
7fff
7fff
7fff
7fff
7fff
7fff
7fff
7fff
7fff
7fff
7fff
7fff
7fff
7fff
7fff
7fff
7fff
7fff
7fff
7fff
7fff
7fff
7fff
7fff
7fff
7fff
7fff
7fff
7fff
7fff
7fff
7fff
7fff
7fff
7fff
7fff
7fff
7fff
7fff
7fff
7fff
7fff
7fff
7fff
7fff
7fff
7fff
7fff
7fff
7fff
7fff
7fff
7fff
7fff
7fff
7fff
7fff
7fff
7fff
7fff
7fff
7fff
7fff
7fff
7fff
7fff
7fff
7fff
7fff
7fff
7fff
7fff
7fff
7fff
7fff
7fff
7fff
7fff
7fff
7fff
7fff
7fff
7fff
7fff
7fff
7fff
7fff
7fff
7fff
7fff
7fff
7fff
7fff
7fff
7fff
7fff
7fff
7fff
7fff
7fff
7fff
7fff
7fff
7fff
7fff
7fff
7fff
7fff
7fff
7fff
7fff
7fff
7fff
7fff
7fff
7fff
7fff
7fff
7fff
7fff
7fff
7fff
7fff
7fff
7fff
7fff
7fff
7fff
7fff
7fff
7fff
7fff
7fff
7fff
7fff
7fff
7fff
7fff
7fff
7fff
7fff
7fff
7fff
7fff
7fff
7fff
7fff
7fff
7fff
7fff
7fff
7fff
7fff
7fff
7fff
7fff
7fff
7fff
7fff
7fff
7fff
7fff
7fff
7fff
7fff
7fff
7fff
7fff
7fff
7fff
7fff
7fff
7fff
7fff
7fff
7fff
7fff
7fff
7fff
7fff
7fff
7fff
7fff
7fff
7fff
7fff
7fff
7fff
7fff
7fff
7fff
7fff
7fff
7fff
7fff
7fff
7fff
7fff
7fff
7fff
7fff
7fff
7fff
7fff
7fff
7fff
7fff
7fff
7fff
7fff
7fff
7fff
7fff
7fff
7fff
7fff
7fff
7fff
7fff
7fff
7fff
7fff
7fff
7fff
7fff
7fff
7fff
7fff
7fff
7fff
7fff
7fff
7fff
7fff
7fff
7fff
7fff
7fff
7fff
7fff
7fff
7fff
7fff
7fff
7fff
7fff
7fff
7fff
7fff
7fff
7fff
7fff
7fff
7fff
7fff
7fff
7fff
7fff
7fff
7fff
7fff
7fff
7fff
7fff
7fff
7fff
7fff
7fff
7fff
7fff
7fff
7fff
7fff
7fff
7fff
7fff
7fff
7fff
7fff
7fff
7fff
7fff
7fff
7fff
7fff
7fff
7fff
7fff
7fff
7fff
7fff
7fff
7fff
7fff
7fff
7fff
7fff
7fff
7fff
7fff
7fff
7fff
7fff
7fff
7fff
7fff
7fff
7fff
7fff
7fff
7fff
7fff
7fff
7fff
7fff
7fff
7fff
7fff
7fff
7fff
7fff
7fff
7fff
7fff
7fff
7fff
7fff
7fff
7fff
7fff
7fff
7fff
7fff
7fff
7fff
7fff
7fff
7fff
7fff
7fff
7fff
7fff
7fff
7fff
7fff
7fff
7fff
7fff
7fff
7fff
7fff
7fff
7fff
7fff
7fff
7fff
7fff
7fff
7fff
7fff
7fff
7fff
7fff
7fff
7fff
7fff
7fff
7fff
7fff
7fff
7fff
7fff
7fff
7fff
7fff
7fff
7fff
7fff
7fff
7fff
7fff
7fff
7fff
7fff
7fff
7fff
7fff
7fff
7fff
7fff
7fff
7fff
7fff
7fff
7fff
7fff
7fff
7fff
7fff
7fff
7fff
7fff
7fff
7fff
7fff
7fff
7fff
7fff
7fff
7fff
7fff
7fff
7fff
7fff
7fff
7fff
7fff
7fff
7fff
7fff
7fff
7fff
7fff
7fff
7fff
7fff
7fff
7fff
7fff
7fff
7fff
7fff
7fff
7fff
7fff
7fff
7fff
7fff
7fff
7fff
7fff
7fff
7fff
7fff
7fff
7fff
7fff
7fff
7fff
7fff
7fff
7fff
7fff
7fff
7fff
7fff
7fff
7fff
7fff
7fff
7fff
7fff
7fff
7fff
7fff
7fff
7fff
7fff
7fff
7fff
7fff
7fff
7fff
7fff
7fff
7fff
7fff
7fff
7fff
7fff
7fff
7fff
7fff
7fff
7fff
7fff
7fff
7fff
7fff
7fff
7fff
7fff
7fff
7fff
7fff
7fff
7fff
7fff
7fff
7fff
7fff
7fff
7fff
7fff
7fff
7fff
7fff
7fff
7fff
7fff
7fff
7fff
7fff
7fff
7fff
7fff
7fff
7fff
7fff
7fff
7fff
7fff
7fff
7fff
7fff
7fff
7fff
7fff
7fff
7fff
7fff
7fff
7fff
7fff
7fff
7fff
7fff
7fff
7fff
7fff
7fff
7fff
7fff
7fff
7fff
7fff
7fff
7fff
7fff
7fff
7fff
7fff
7fff
7fff
7fff
7fff
7fff
7fff
7fff
7fff
7fff
7fff
7fff
7fff
7fff
7fff
7fff
7fff
7fff
7fff
7fff
7fff
7fff
7fff
7fff
7fff
7fff
7fff
7fff
7fff
7fff
7fff
7fff
7fff
7fff
7fff
7fff
7fff
7fff
7fff
7fff
7fff
7fff
7fff
7fff
7fff
7fff
7fff
7fff
7fff
7fff
7fff
7fff
7fff
7fff
7fff
7fff
7fff
7fff
7fff
7fff
7fff
7fff
7fff
7fff
7fff
7fff
7fff
7fff
7fff
7fff
7fff
7fff
7fff
7fff
7fff
7fff
7fff
7fff
7fff
7fff
7fff
7fff
7fff
7fff
7fff
7fff
7fff
7fff
7fff
7fff
7fff
7fff
7fff
7fff
7fff
7fff
7fff
7fff
7fff
7fff
7fff
7fff
7fff
7fff
7fff
7fff
7fff
7fff
7fff
7fff
7fff
7fff
7fff
7fff
7fff
7fff
7fff
7fff
7fff
7fff
7fff
7fff
7fff
7fff
7fff
7fff
7fff
7fff
7fff
7fff
7fff
7fff
7fff
7fff
7fff
7fff
7fff
7fff
7fff
7fff
7fff
7fff
7fff
7fff
7fff
7fff
7fff
7fff
7fff
7fff
7fff
7fff
7fff
7fff
7fff
7fff
7fff
7fff
7fff
7fff
7fff
7fff
7fff
7fff
7fff
7fff
7fff
7fff
7fff
7fff
7fff
7fff
7fff
7fff
7fff
7fff
7fff
7fff
7fff
7fff
7fff
7fff
7fff
7fff
7fff
7fff
7fff
7fff
7fff
7fff
7fff
7fff
7fff
7fff
7fff
7fff
7fff
7fff
7fff
7fff
7fff
7fff
7fff
7fff
7fff
7fff
7fff
7fff
7fff
7fff
7fff
7fff
7fff
7fff
7fff
7fff
7fff
7fff
7fff
7fff
7fff
7fff
7fff
7fff
7fff
7fff
7fff
7fff
7fff
7fff
7fff
7fff
7fff
7fff
7fff
7fff
7fff
7fff
7fff
7fff
7fff
7fff
7fff
7fff
7fff
7fff
7fff
7fff
7fff
7fff
7fff
7fff
7fff
7fff
7fff
7fff
7fff
7fff
7fff
7fff
7fff
7fff
7fff
7fff
7fff
7fff
7fff
7fff
7fff
7fff
7fff
7fff
7fff
7fff
7fff
7fff
7fff
7fff
7fff
7fff
7fff
7fff
7fff
7fff
7fff
7fff
7fff
7fff
7fff
7fff
7fff
7fff
7fff
7fff
7fff
7fff
7fff
7fff
7fff
7fff
7fff
7fff
7fff
7fff
7fff
7fff
7fff
7fff
7fff
7fff
7fff
7fff
7fff
7fff
7fff
7fff
7fff
7fff
7fff
7fff
7fff
7fff
7fff
7fff
7fff
7fff
7fff
7fff
7fff
7fff
7fff
7fff
7fff
7fff
7fff
7fff
7fff
7fff
7fff
7fff
7fff
7fff
7fff
7fff
7fff
7fff
7fff
7fff
7fff
7fff
7fff
7fff
7fff
7fff
7fff
7fff
7fff
7fff
7fff
7fff
7fff
7fff
7fff
7fff
7fff
7fff
7fff
7fff
7fff
7fff
7fff
7fff
7fff
7fff
7fff
7fff
7fff
7fff
7fff
7fff
7fff
7fff
7fff
7fff
7fff
7fff
7fff
7fff
7fff
7fff
7fff
7fff
7fff
7fff
7fff
7fff
7fff
7fff
7fff
7fff
7fff
7fff
7fff
7fff
7fff
7fff
7fff
7fff
7fff
7fff
7fff
7fff
7fff
7fff
7fff
7fff
7fff
7fff
7fff
7fff
7fff
7fff
7fff
7fff
7fff
7fff
7fff
7fff
7fff
7fff
7fff
7fff
7fff
7fff
7fff
7fff
7fff
7fff
7fff
7fff
7fff
7fff
7fff
7fff
7fff
7fff
7fff
7fff
7fff
7fff
7fff
7fff
7fff
7fff
7fff
7fff
7fff
7fff
7fff
7fff
7fff
7fff
7fff
7fff
7fff
7fff
7fff
7fff
7fff
7fff
7fff
7fff
7fff
7fff
7fff
7fff
7fff
7fff
7fff
7fff
7fff
7fff
7fff
7fff
7fff
7fff
7fff
7fff
7fff
7fff
7fff
7fff
7fff
7fff
7fff
7fff
7fff
7fff
7fff
7fff
7fff
7fff
7fff
7fff
7fff
7fff
7fff
7fff
7fff
7fff
7fff
7fff
7fff
7fff
7fff
7fff
7fff
7fff
7fff
7fff
7fff
7fff
7fff
7fff
7fff
7fff
7fff
7fff
7fff
7fff
7fff
7fff
7fff
7fff
7fff
7fff
7fff
7fff
7fff
7fff
7fff
7fff
7fff
7fff
7fff
7fff
7fff
7fff
7fff
7fff
7fff
7fff
7fff
7fff
7fff
7fff
7fff
7fff
7fff
7fff
7fff
7fff
7fff
7fff
7fff
7fff
7fff
7fff
7fff
7fff
7fff
7fff
7fff
7fff
7fff
7fff
7fff
7fff
7fff
7fff
7fff
7fff
7fff
7fff
7fff
7fff
7fff
7fff
7fff
7fff
7fff
7fff
7fff
7fff
7fff
7fff
7fff
7fff
7fff
7fff
7fff
7fff
7fff
7fff
7fff
7fff
7fff
7fff
7fff
7fff
7fff
7fff
7fff
7fff
7fff
7fff
7fff
7fff
7fff
7fff
7fff
7fff
7fff
7fff
7fff
7fff
7fff
7fff
7fff
7fff
7fff
7fff
7fff
7fff
7fff
7fff
7fff
7fff
7fff
7fff
7fff
7fff
7fff
7fff
7fff
7fff
7fff
7fff
7fff
7fff
7fff
7fff
7fff
7fff
7fff
7fff
7fff
7fff
7fff
7fff
7fff
7fff
7fff
7fff
7fff
7fff
7fff
7fff
7fff
7fff
7fff
7fff
7fff
7fff
7fff
7fff
7fff
7fff
7fff
7fff
7fff
7fff
7fff
7fff
7fff
7fff
7fff
7fff
7fff
7fff
7fff
7fff
7fff
7fff
7fff
7fff
7fff
7fff
7fff
7fff
7fff
7fff
7fff
7fff
7fff
7fff
7fff
7fff
7fff
7fff
7fff
7fff
7fff
7fff
7fff
7fff
7fff
7fff
7fff
7fff
7fff
7fff
7fff
7fff
7fff
7fff
7fff
7fff
7fff
7fff
7fff
7fff
7fff
7fff
7fff
7fff
7fff
7fff
7fff
7fff
7fff
7fff
7fff
7fff
7fff
7fff
7fff
7fff
7fff
7fff
7fff
7fff
7fff
7fff
7fff
7fff
7fff
7fff
7fff
7fff
7fff
7fff
7fff
7fff
7fff
7fff
7fff
7fff
7fff
7fff
7fff
7fff
7fff
7fff
7fff
7fff
7fff
7fff
7fff
7fff
7fff
7fff
7fff
7fff
7fff
7fff
7fff
7fff
7fff
7fff
7fff
7fff
7fff
7fff
7fff
7fff
7fff
7fff
7fff
7fff
7fff
7fff
7fff
7fff
7fff
7fff
7fff
7fff
7fff
7fff
7fff
7fff
7fff
7fff
7fff
7fff
7fff
7fff
7fff
7fff
7fff
7fff
7fff
7fff
7fff
7fff
7fff
7fff
7fff
7fff
7fff
7fff
7fff
7fff
7fff
7fff
7fff
7fff
7fff
7fff
7fff
7fff
7fff
7fff
7fff
7fff
7fff
7fff
7fff
7fff
7fff
7fff
7fff
7fff
7fff
7fff
7fff
7fff
7fff
7fff
7fff
7fff
7fff
7fff
7fff
7fff
7fff
7fff
7fff
7fff
7fff
7fff
7fff
7fff
7fff
7fff
7fff
7fff
7fff
7fff
7fff
7fff
7fff
7fff
7fff
7fff
7fff
7fff
7fff
7fff
7fff
7fff
7fff
7fff
7fff
7fff
7fff
7fff
7fff
7fff
7fff
7fff
7fff
7fff
7fff
7fff
7fff
7fff
7fff
7fff
7fff
7fff
7fff
7fff
7fff
7fff
7fff
7fff
7fff
7fff
7fff
7fff
7fff
7fff
7fff
7fff
7fff
7fff
7fff
7fff
7fff
7fff
7fff
7fff
7fff
7fff
7fff
7fff
7fff
7fff
7fff
7fff
7fff
7fff
7fff
7fff
7fff
7fff
7fff
7fff
7fff
7fff
7fff
7fff
7fff
7fff
7fff
7fff
7fff
7fff
7fff
7fff
7fff
7fff
7fff
7fff
7fff
7fff
7fff
7fff
7fff
7fff
7fff
7fff
7fff
7fff
7fff
7fff
7fff
7fff
7fff
7fff
7fff
7fff
7fff
7fff
7fff
7fff
7fff
7fff
7fff
7fff
7fff
7fff
7fff
7fff
7fff
7fff
7fff
7fff
7fff
7fff
7fff
7fff
7fff
7fff
7fff
7fff
7fff
7fff
7fff
7fff
7fff
7fff
7fff
7fff
7fff
7fff
7fff
7fff
7fff
7fff
7fff
7fff
7fff
7fff
7fff
7fff
7fff
7fff
7fff
7fff
7fff
7fff
7fff
7fff
7fff
7fff
7fff
7fff
7fff
7fff
7fff
7fff
7fff
7fff
7fff
7fff
7fff
7fff
7fff
7fff
7fff
7fff
7fff
7fff
7fff
7fff
7fff
7fff
7fff
7fff
7fff
7fff
7fff
7fff
7fff
7fff
7fff
7fff
7fff
7fff
7fff
7fff
7fff
7fff
7fff
7fff
7fff
7fff
7fff
7fff
7fff
7fff
7fff
7fff
7fff
7fff
7fff
7fff
7fff
7fff
7fff
7fff
7fff
7fff
7fff
7fff
7fff
7fff
7fff
7fff
7fff
7fff
7fff
7fff
7fff
7fff
7fff
7fff
7fff
7fff
7fff
7fff
7fff
7fff
7fff
7fff
7fff
7fff
7fff
7fff
7fff
7fff
7fff
7fff
7fff
7fff
7fff
7fff
7fff
7fff
7fff
7fff
7fff
7fff
7fff
7fff
7fff
7fff
7fff
7fff
7fff
7fff
7fff
7fff
7fff
7fff
7fff
7fff
7fff
7fff
7fff
7fff
7fff
7fff
7fff
7fff
7fff
7fff
7fff
7fff
7fff
7fff
7fff
7fff
7fff
7fff
7fff
7fff
7fff
7fff
7fff
7fff
7fff
7fff
7fff
7fff
7fff
7fff
7fff
7fff
7fff
7fff
7fff
7fff
7fff
7fff
7fff
7fff
7fff
7fff
7fff
7fff
7fff
7fff
7fff
7fff
7fff
7fff
7fff
7fff
7fff
7fff
7fff
7fff
7fff
7fff
7fff
7fff
7fff
7fff
