0001
0001
0001
0001
0001
0001
0001
0001
0001
0001
0001
0001
0001
0001
0001
0001
0001
0001
0001
0001
0001
0001
0001
0001
0001
0001
0001
0001
0001
0001
0001
0001
0001
0001
0001
0001
0001
0001
0001
0001
0001
0001
0001
0001
0001
0001
0001
0001
0001
0001
0001
0001
0001
0001
0001
0001
0001
0001
0001
0001
0001
0001
0001
0001
0001
0001
0001
0001
0001
0001
0001
0001
0001
0001
0001
0001
0001
0001
0001
0001
0001
0001
0001
0001
0001
0001
0001
0001
0001
0001
0001
0001
0001
0001
0001
0001
0001
0001
0001
0001
0001
0001
0001
0001
0001
0001
0001
0001
0001
0001
0001
0001
0001
0001
0001
0001
0001
0001
0001
0001
0001
0001
0001
0001
0001
0001
0001
0001
0001
0001
0001
0001
0001
0001
0001
0001
0001
0001
0001
0001
0001
0001
0001
0001
0001
0001
0001
0001
0001
0001
0001
0001
0001
0001
0001
0001
0001
0001
0001
0001
0001
0001
0001
0001
0001
0001
0001
0001
0001
0001
0001
0001
0001
0001
0001
0001
0001
0001
0001
0001
0001
0001
0001
0001
0001
0001
0001
0001
0001
0001
0001
0001
0001
0001
0001
0001
0001
0001
0001
0001
0001
0001
0001
0001
0001
0001
0001
0001
0001
0001
0001
0001
0001
0001
0001
0001
0001
0001
0001
0001
0001
0001
0001
0001
0001
0001
0001
0001
0001
0001
0001
0001
0001
0001
0001
0001
0001
0001
0001
0001
0001
0001
0001
0001
0001
0001
0001
0001
0001
0001
0001
0001
0001
0001
0001
0001
0002
0002
0002
0002
0002
0002
0002
0002
0002
0002
0002
0002
0002
0002
0002
0002
0002
0002
0002
0002
0002
0002
0002
0002
0002
0002
0002
0002
0002
0002
0002
0002
0002
0002
0002
0002
0002
0002
0002
0002
0002
0002
0002
0002
0002
0002
0002
0002
0002
0002
0002
0002
0002
0002
0002
0002
0002
0002
0002
0002
0002
0002
0002
0002
0002
0002
0002
0002
0002
0002
0002
0002
0002
0002
0002
0002
0002
0002
0002
0002
0002
0002
0002
0002
0002
0002
0002
0002
0002
0002
0002
0002
0002
0002
0002
0002
0002
0002
0002
0002
0002
0002
0002
0002
0002
0002
0002
0002
0002
0002
0002
0002
0002
0002
0002
0002
0002
0002
0002
0002
0002
0002
0002
0002
0002
0002
0002
0002
0002
0002
0002
0002
0002
0002
0002
0002
0002
0002
0002
0002
0002
0002
0002
0002
0002
0002
0002
0002
0002
0002
0002
0002
0002
0002
0002
0002
0002
0002
0002
0002
0002
0002
0002
0002
0002
0002
0002
0002
0002
0002
0002
0002
0002
0002
0002
0002
0002
0002
0002
0002
0002
0002
0002
0002
0002
0002
0002
0002
0002
0002
0002
0002
0002
0002
0002
0002
0002
0002
0002
0002
0002
0002
0002
0002
0002
0002
0002
0002
0002
0002
0002
0002
0002
0002
0002
0002
0002
0002
0002
0002
0002
0002
0002
0002
0002
0002
0002
0002
0002
0002
0002
0002
0002
0002
0002
0002
0002
0002
0002
0002
0002
0002
0002
0002
0002
0002
0002
0002
0002
0002
0002
0002
0002
0002
0002
0002
0002
0002
0002
0002
0002
0002
0002
0002
0002
0002
0002
0002
0002
0002
0002
0002
0002
0002
0002
0002
0002
0002
0002
0002
0002
0002
0002
0002
0002
0002
0002
0002
0002
0002
0002
0002
0002
0002
0002
0002
0002
0002
0002
0002
0002
0002
0002
0002
0002
0002
0002
0002
0002
0002
0002
0002
0002
0002
0002
0002
0002
0002
0002
0002
0002
0002
0002
0002
0002
0002
0002
0002
0002
0002
0002
0002
0002
0002
0002
0002
0002
0002
0002
0002
0002
0002
0002
0002
0002
0002
0002
0002
0002
0002
0002
0002
0002
0002
0002
0002
0002
0002
0002
0002
0002
0002
0002
0002
0002
0002
0002
0002
0002
0002
0002
0002
0002
0002
0002
0002
0002
0002
0002
0002
0002
0002
0002
0002
0002
0002
0002
0002
0002
0002
0002
0002
0002
0002
0002
0002
0002
0002
0002
0002
0002
0002
0002
0002
0002
0002
0002
0002
0002
0002
0002
0002
0002
0002
0002
0002
0002
0002
0002
0002
0002
0002
0002
0002
0002
0002
0002
0002
0002
0002
0002
0002
0002
0002
0002
0002
0002
0002
0002
0002
0002
0002
0002
0002
0002
0002
0002
0002
0002
0002
0002
0002
0002
0002
0002
0002
0002
0002
0002
0002
0002
0002
0002
0002
0002
0002
0002
0002
0002
0002
0002
0002
0002
0002
0002
0002
0002
0002
0002
0002
0002
0002
0002
0002
0002
0002
0002
0002
0002
0002
0002
0002
0002
0002
0002
0002
0002
0002
0002
0002
0002
0002
0002
0002
0002
0002
0002
0002
0002
0002
0002
0002
0002
0002
0002
0002
0002
0002
0002
0002
0002
0002
0002
0002
0002
0002
0002
0002
0002
0002
0002
0002
0002
0002
0002
0002
0002
0002
0002
0002
0002
0002
0002
0002
0002
0002
0002
0002
0002
0002
0002
0002
0002
0002
0002
0002
0002
0002
0002
0002
0002
0002
0002
0002
0002
0002
0002
0002
0002
0002
0002
0002
0002
0002
0002
0002
0002
0002
0002
0002
0002
0002
0002
0002
0002
0002
0002
0002
0002
0002
0002
0002
0002
0002
0002
0002
0002
0002
0002
0002
0002
0002
0002
0002
0002
0002
0002
0002
0002
0002
0002
0002
0002
0002
0002
0002
0002
0002
0002
0002
0002
0002
0002
0002
0002
0002
0002
0002
0002
0002
0002
0002
0002
0002
0002
0002
0002
0002
0002
0002
0002
0002
0002
0002
0002
0002
0002
0002
0002
0002
0002
0002
0002
0002
0002
0002
0002
0002
0002
0002
0002
0002
0002
0002
0002
0002
0002
0002
0002
0002
0002
0002
0002
0002
0002
0002
0002
0002
0002
0002
0002
0002
0002
0002
0002
0002
0002
0002
0002
0002
0002
0002
0002
0002
0002
0002
0002
0002
0002
0002
0002
0002
0002
0002
0002
0002
0002
0002
0002
0002
0002
0002
0002
0002
0002
0002
0002
0002
0002
0002
0002
0002
0002
0002
0002
0002
0002
0002
0002
0002
0002
0002
0002
0002
0002
0002
0002
0002
0002
0002
0002
0002
0002
0002
0002
0002
0002
0002
0002
0002
0002
0002
0002
0002
0002
0002
0002
0002
0002
0002
0002
0002
0002
0002
0002
0002
0002
0002
0002
0002
0002
0002
0002
0002
0002
0002
0002
0002
0002
0002
0002
0002
0002
0002
0002
0002
0002
0002
0002
0002
0002
0002
0002
0002
0002
0002
0002
0002
0002
0002
0002
0002
0002
0002
0002
0002
0002
0002
0002
0002
0002
0002
0002
0002
0002
0002
0002
0002
0002
0002
0002
0002
0002
0002
0002
0002
0002
0002
0002
0002
0002
0002
0002
0002
0002
0002
0002
0002
0002
0002
0002
0002
0002
0002
0002
0002
0002
0002
0002
0002
0002
0002
0002
0002
0002
0002
0002
0002
0002
0002
0002
0002
0002
0002
0002
0002
0002
0002
0002
0002
0002
0002
0002
0002
0002
0002
0002
0002
0002
0002
0002
0002
0002
0002
0002
0002
0002
0002
0002
0002
0002
0002
0002
0002
0002
0002
0002
0002
0002
0002
0002
0002
0002
0002
0002
0002
0002
0002
0002
0002
0002
0002
0002
0002
0002
0002
0002
0002
0002
0002
0002
0002
0002
0002
0002
0002
0002
0002
0002
0002
0002
0002
0002
0002
0002
0002
0002
0002
0002
0002
0002
0002
0002
0002
0002
0002
0002
0002
0002
0002
0002
0002
0002
0002
0002
0002
0002
0002
0002
0002
0002
0002
0002
0002
0002
0002
0002
0002
0002
0002
0002
0002
0002
0002
0002
0002
0002
0002
0002
0002
0002
0002
0002
0002
0002
0002
0002
0002
0002
0002
0002
0002
0002
0002
0002
0002
0002
0002
0002
0002
0002
0002
0002
0002
0002
0002
0002
0002
0002
0002
0002
0002
0002
0002
0002
0002
0002
0002
0002
0002
0002
0002
0002
0002
0002
0002
0002
0002
0002
0002
0002
0002
0002
0002
0002
0002
0002
0002
0002
0002
0002
0002
0002
0002
0002
0002
0002
0002
0002
0002
0002
0002
0002
0002
0002
0002
0002
0002
0002
0002
0002
0002
0002
0002
0002
0002
0002
0002
0002
0002
0002
0002
0002
0002
0002
0002
0002
0002
0002
0002
0002
0002
0002
0002
0002
0002
0002
0002
0002
0002
0002
0002
0002
0002
0002
0002
0002
0002
0002
0002
0002
0002
0002
0002
0002
0002
0002
0002
0002
0002
0002
0002
0002
0002
0002
0002
0002
0002
0002
0002
0002
0002
0002
0002
0002
0002
0002
0002
0002
0002
0002
0002
0002
0002
0002
0002
0002
0002
0002
0002
0002
0002
0002
0002
0002
0002
0002
0002
0002
0002
0002
0002
0002
0002
0002
0002
0002
0002
0002
0002
0002
0002
0002
0002
0002
0002
0002
0002
0002
0002
0002
0002
0002
0002
0002
0002
0002
0002
0002
0002
0002
0002
0002
0002
0002
0002
0002
0002
0002
0002
0002
0002
0002
0002
0002
0002
0002
0002
0002
0002
0002
0002
0002
0002
0002
0002
0002
0002
0002
0002
0002
0002
0002
0002
0002
0002
0002
0002
0002
0002
0002
0002
0002
0002
0002
0002
0002
0002
0002
0002
0002
0002
0002
0002
0002
0002
0002
0002
0002
0002
0002
0002
0002
0002
0002
0002
0002
0002
0002
0002
0002
0002
0002
0002
0002
0002
0002
0002
0002
0002
0002
0002
0002
0002
0002
0002
0002
0002
0002
0002
0002
0002
0002
0002
0002
0002
0002
0002
0002
0002
0002
0002
0002
0002
0002
0002
0002
0002
0002
0002
0002
0002
0002
0002
0002
0002
0002
0002
0002
0002
0002
0002
0002
0002
0002
0002
0002
0002
0002
0002
0002
0002
0002
0002
0002
0002
0002
0002
0002
0002
0002
0002
0002
0002
0002
0002
0002
0002
0002
0002
0002
0002
0002
0002
0002
0002
0002
0002
0002
0002
0002
0002
0002
0002
0002
0002
0002
0002
0002
0002
0002
0002
0002
0002
0002
0002
0002
0002
0002
0002
0002
0002
0002
0002
0002
0002
0002
0002
0002
0002
0002
0002
0002
0002
0002
0002
0002
0002
0002
0002
0002
0002
0002
0002
0002
0002
0002
0002
0002
0002
0002
0002
0002
0002
0002
0002
0002
0002
0002
0002
0002
0002
0002
0002
0002
0002
0002
0002
0002
0002
0002
0002
0002
0002
0002
0002
0002
0002
0002
0002
0002
0002
0002
0002
0002
0002
0002
0002
0002
0002
0002
0002
0002
0002
0002
0002
0002
0002
0002
0002
0002
0002
0002
0002
0002
0002
0002
0002
0002
0002
0002
0002
0002
0002
0002
0002
0002
0002
0002
0002
0002
0002
0002
0002
0002
0002
0002
0002
0002
0002
0002
0002
0002
0002
0002
0002
0002
0002
0002
0002
0002
0002
0002
0002
0002
0002
0002
0002
0002
0002
0002
0002
0002
0002
0002
0002
0002
0002
0002
0002
0002
0002
0002
0002
0002
0002
0002
0002
0002
0002
0002
0002
0002
0002
0002
0002
0002
0002
0002
0002
0002
0002
0002
0002
0002
0002
0002
0002
0002
0002
0002
0002
0002
0002
0002
0002
0002
0002
0002
0002
0002
0002
0002
0002
0002
0002
0002
0002
0002
0002
0002
0002
0002
0002
0002
0002
0002
0002
0002
0002
0002
0002
0002
0002
0002
0002
0002
0002
0002
0002
0002
0002
0002
0002
0002
0002
0002
0002
0002
0002
0002
0002
0002
0002
0002
0002
0002
0002
0002
0002
0002
0002
0002
0002
0002
0002
0002
0002
0002
0002
0002
0002
0002
0002
0002
0002
0002
0002
0002
0002
0002
0002
0002
0002
0002
0002
0002
0002
0002
0002
0002
0002
0002
0002
0002
0002
0002
0002
0002
0002
0002
0002
0002
0002
0002
0002
0002
0002
0002
0002
0002
0002
0002
0002
0002
0002
0002
0002
0002
0002
0002
0002
0002
0002
0002
0002
0002
0002
0002
0002
0002
0002
0002
0002
0002
0002
0002
0002
0002
0002
0002
0002
0002
0002
0002
0002
0002
0002
0002
0002
0002
0002
0002
0002
0002
0002
0002
0002
0002
0002
0002
0002
0002
0002
0002
0002
0002
0002
0002
0002
0002
0002
0002
0002
0002
0002
0002
0002
0002
0002
0002
0002
0002
0002
0002
0002
0002
0002
0002
0002
0002
0002
0002
0002
0002
0002
0002
0002
0002
0002
0002
0002
0002
0002
0002
0002
0002
0002
0002
0002
0002
0002
0002
0002
0002
0002
0002
0002
0002
0002
0002
0002
0002
0002
0002
0002
0002
0002
0002
0002
0002
0002
0002
0002
0002
0002
0002
0002
0002
0002
0002
0002
0002
0002
0002
0002
0002
0002
0002
0002
0002
0002
0002
0002
0002
0002
0002
0002
0002
0002
0002
0002
0002
0002
0002
0002
0002
0002
0002
0002
0002
0002
0002
0002
0002
0002
0002
0002
0002
0002
0002
0002
0002
0002
0002
0002
0002
0002
0002
0002
0002
0002
0002
0002
0002
0002
0002
0002
0002
0002
0002
0002
0002
0002
0002
0002
0002
0002
0002
0002
0002
0002
0002
0002
0002
0002
0002
0002
0002
0002
0002
0002
0002
0002
0002
0002
0002
0002
0002
0002
0002
0002
0002
0002
0002
0002
0002
0002
0002
0002
0002
0002
0002
0002
0002
0002
0002
0002
0002
0002
0002
0002
0002
0002
0002
0002
0002
0002
0002
0002
0002
0002
0002
0002
0002
0002
0002
0002
0002
0002
0002
0002
0002
0002
0002
0002
0002
0002
0002
0002
0002
0002
0002
0002
0002
0002
0002
0002
0002
0002
0002
0002
0002
0002
0002
0002
0002
0002
0002
0002
0002
0002
0002
0002
0002
0002
0002
0002
0002
0002
0002
0002
0002
0002
0002
0002
0002
0002
0002
0002
0002
0002
0002
0002
0002
0002
0002
0002
0002
0002
0002
0002
0002
0002
0002
0002
0002
0002
0002
0002
0002
0002
0002
0002
0002
0002
0002
0002
0002
0002
0002
0002
0002
0002
0002
0002
0002
0002
0002
0002
0002
0002
0002
0002
0002
0002
0002
0002
0002
0002
0002
0002
0002
0002
0002
0002
0002
0002
0002
0002
0002
0002
0002
0002
0002
0002
0002
0002
0002
0002
0002
0002
0002
0002
0002
0002
0002
0002
0002
0002
0002
0002
0002
0002
0002
0002
0002
0002
0002
0002
0002
0002
0002
0002
0002
0002
0002
0002
0003
0003
0003
0003
0003
0003
0003
0003
0003
0003
0003
0003
0003
0003
0003
0003
0003
0003
0003
0003
0003
0003
0003
0003
0003
0003
0003
0003
0003
0003
0003
0003
0003
0003
0003
0003
0003
0003
0003
0003
0003
0003
0003
0003
0003
0003
0003
0003
0003
0003
0003
0003
0003
0003
0003
0003
0003
0003
0003
0003
0003
0003
0003
0003
0003
0003
0003
0003
0003
0003
0003
0003
0003
0003
0003
0003
0003
0003
0003
0003
0003
0003
0003
0003
0003
0003
0003
0003
0003
0003
0003
0003
0003
0003
0003
0003
0003
0003
0003
0003
0003
0003
0003
0003
0003
0003
0003
0003
0003
0003
0003
0003
0003
0003
0003
0003
0003
0003
0003
0003
0003
0003
0003
0003
0003
0003
0003
0003
0003
0003
0003
0003
0003
0003
0003
0003
0003
0003
0003
0003
0003
0003
0003
0003
0003
0003
0003
0003
0003
0003
0003
0003
0003
0003
0003
0003
0003
0003
0003
0003
0003
0003
0003
0003
0003
0003
0003
0003
0003
0003
0003
0003
0003
0003
0003
0003
0003
0003
0003
0003
0003
0003
0003
0003
0003
0003
0003
0003
0003
0003
0003
0003
0003
0003
0003
0003
0003
0003
0003
0003
0003
0003
0003
0003
0003
0003
0003
0003
0003
0003
0003
0003
0003
0003
0003
0003
0003
0003
0003
0003
0003
0003
0003
0003
0003
0003
0003
0003
0003
0003
0003
0003
0003
0003
0003
0003
0003
0003
0003
0003
0003
0003
0003
0003
0003
0003
0003
0003
0003
0003
0003
0003
0003
0003
0003
0003
0003
0003
0003
0003
0003
0003
0003
0003
0003
0003
0003
0003
0003
0003
0003
0003
0003
0003
0003
0003
0003
0003
0003
0003
0003
0003
0003
0003
0003
0003
0003
0003
0003
0003
0003
0003
0003
0003
0003
0003
0003
0003
0003
0003
0003
0003
0003
0003
0003
0003
0003
0003
0003
0003
0003
0003
0003
0003
0003
0003
0003
0003
0003
0003
0003
0003
0003
0003
0003
0003
0003
0003
0003
0003
0003
0003
0003
0003
0003
0003
0003
0003
0003
0003
0003
0003
0003
0003
0003
0003
0003
0003
0003
0003
0003
0003
0003
0003
0003
0003
0003
0003
0003
0003
0003
0003
0003
0003
0003
0003
0003
0003
0003
0003
0003
0003
0003
0003
0003
0003
0003
0003
0003
0003
0003
0003
0003
0003
0003
0003
0003
0003
0003
0003
0003
0003
0003
0003
0003
0003
0003
0003
0003
0003
0003
0003
0003
0003
0003
0003
0003
0003
0003
0003
0003
0003
0003
0003
0003
0003
0003
0003
0003
0003
0003
0003
0003
0003
0003
0003
0003
0003
0003
0003
0003
0003
0003
0003
0003
0003
0003
0003
0003
0003
0003
0003
0003
0003
0003
0003
0003
0003
0003
0003
0003
0003
0003
0003
0003
0003
0003
0003
0003
0003
0003
0003
0003
0003
0003
0003
0003
0003
0003
0003
0003
0003
0003
0003
0003
0003
0003
0003
0003
0003
0003
0003
0003
0003
0003
0003
0003
0003
0003
0003
0003
0003
0003
0003
0003
0003
0003
0003
0003
0003
0003
0003
0003
0003
0003
0003
0003
0003
0003
0003
0003
0003
0003
0003
0003
0003
0003
0003
0003
0003
0003
0003
0003
0003
0003
0003
0003
0003
0003
0003
0003
0003
0003
0003
0003
0003
0003
0003
0003
0003
0003
0003
0003
0003
0003
0003
0003
0003
0003
0003
0003
0003
0003
0003
0003
0003
0003
0003
0003
0003
0003
0003
0003
0003
0003
0003
0003
0003
0003
0003
0003
0003
0003
0003
0003
0003
0003
0003
0003
0003
0003
0003
0003
0003
0003
0003
0003
0003
0003
0003
0003
0003
0003
0003
0003
0003
0003
0003
0003
0003
0003
0003
0003
0003
0003
0003
0003
0003
0003
0003
0003
0003
0003
0003
0003
0003
0003
0003
0003
0003
0003
0003
0003
0003
0003
0003
0003
0003
0003
0003
0003
0003
0003
0003
0003
0003
0003
0003
0003
0003
0003
0003
0003
0003
0003
0003
0003
0003
0003
0003
0003
0003
0003
0003
0003
0003
0003
0003
0003
0003
0003
0003
0003
0003
0003
0003
0003
0003
0003
0003
0003
0003
0003
0003
0003
0003
0003
0003
0003
0003
0003
0003
0003
0003
0003
0003
0003
0003
0003
0003
0003
0003
0003
0003
0003
0003
0003
0003
0003
0003
0003
0003
0003
0003
0003
0003
0003
0003
0003
0003
0003
0003
0003
0003
0003
0003
0003
0003
0003
0003
0003
0003
0003
0003
0003
0003
0003
0003
0003
0003
0003
0003
0003
0003
0003
0003
0003
0003
0003
0003
0003
0003
0003
0003
0003
0003
0003
0003
0003
0003
0003
0003
0003
0003
0003
0003
0003
0003
0003
0003
0003
0003
0003
0003
0003
0003
0003
0003
0003
0003
0003
0003
0003
0003
0003
0003
0003
0003
0003
0003
0003
0003
0003
0003
0003
0003
0003
0003
0003
0003
0003
0003
0003
0003
0003
0003
0003
0003
0003
0003
0003
0003
0003
0003
0003
0003
0003
0003
0003
0003
0003
0003
0003
0003
0003
0003
0003
0003
0003
0003
0003
0003
0003
0003
0003
0003
0003
0003
0003
0003
0003
0003
0003
0003
0003
0003
0003
0003
0003
0003
0003
0003
0003
0003
0003
0003
0003
0003
0003
0003
0003
0003
0003
0003
0003
0003
0003
0003
0003
0003
0003
0003
0003
0003
0003
0003
0003
0003
0003
0003
0003
0003
0003
0003
0003
0003
0003
0003
0003
0003
0003
0003
0003
0003
0003
0003
0003
0003
0003
0003
0003
0003
0003
0003
0003
0003
0003
0003
0003
0003
0003
0003
0003
0003
0003
0003
0003
0003
0003
0003
0003
0003
0003
0003
0003
0003
0003
0003
0003
0003
0003
0003
0003
0003
0003
0003
0003
0003
0003
0003
0003
0003
0003
0003
0003
0003
0003
0003
0003
0003
0003
0003
0003
0003
0003
0003
0003
0003
0003
0003
0003
0003
0003
0003
0003
0003
0003
0003
0003
0003
0003
0003
0003
0003
0003
0003
0003
0003
0003
0003
0003
0003
0003
0003
0003
0003
0003
0003
0003
0003
0003
0003
0003
0003
0003
0003
0003
0003
0003
0003
0003
0003
0003
0003
0003
0003
0003
0003
0003
0003
0003
0003
0003
0003
0003
0003
0003
0003
0003
0003
0003
0003
0003
0003
0003
0003
0003
0003
0003
0003
0003
0003
0003
0003
0003
0003
0003
0003
0003
0003
0003
0003
0003
0003
0003
0003
0003
0003
0003
0003
0003
0003
0003
0003
0003
0003
0003
0003
0003
0003
0003
0003
0003
0003
0003
0003
0003
0003
0003
0003
0003
0003
0003
0003
0003
0003
0003
0003
0003
0003
0003
0003
0003
0003
0003
0003
0003
0003
0003
0003
0003
0003
0003
0003
0003
0003
0003
0003
0003
0003
0003
0003
0003
0003
0003
0003
0003
0003
0003
0003
0003
0003
0003
0003
0003
0003
0003
0003
0003
0003
0003
0003
0003
0003
0003
0003
0003
0003
0003
0003
0003
0003
0003
0003
0003
0003
0003
0003
0003
0003
0003
0003
0003
0003
0003
0003
0003
0003
0003
0003
0003
0003
0003
0003
0003
0003
0003
0003
0003
0003
0003
0003
0003
0003
0003
0003
0003
0003
0003
0003
0003
0003
0003
0003
0003
0003
0003
0003
0003
0003
0003
0003
0003
0003
0003
0003
0003
0003
0003
0003
0003
0003
0003
0003
0003
0003
0003
0003
0003
0003
0003
0003
0003
0003
0003
0003
0003
0003
0003
0003
0003
0003
0003
0003
0003
0003
0003
0003
0003
0003
0003
0003
0003
0003
0003
0003
0003
0003
0003
0003
0003
0003
0003
0003
0003
0003
0003
0003
0003
0003
0003
0003
0003
0003
0003
0003
0003
0003
0003
0003
0003
0003
0003
0003
0003
0003
0003
0003
0003
0003
0003
0003
0003
0003
0003
0003
0003
0003
0003
0003
0003
0003
0003
0003
0003
0003
0003
0003
0003
0003
0003
0003
0003
0003
0003
0003
0003
0003
0003
0003
0003
0003
0003
0003
0003
0003
0003
0003
0003
0003
0003
0003
0003
0003
0003
0003
0003
0003
0003
0003
0003
0003
0003
0003
0003
0003
0003
0003
0003
0003
0003
0003
0003
0003
0003
0003
0003
0003
0003
0003
0003
0003
0003
0003
0003
0003
0003
0003
0003
0003
0003
0003
0003
0003
0003
0003
0003
0003
0003
0003
0003
0003
0003
0003
0003
0003
0003
0003
0003
0003
0003
0003
0003
0003
0003
0003
0003
0003
0003
0003
0003
0003
0003
0003
0003
0003
0003
0003
0003
0003
0003
0003
0003
0003
0003
0003
0003
0003
0003
0003
0003
0003
0003
0003
0003
0003
0003
0003
0003
0003
0003
0003
0003
0003
0003
0003
0003
0003
0003
0003
0003
0003
0003
0003
0003
0003
0003
0003
0003
0003
0003
0003
0003
0003
0003
0003
0003
0003
0003
0003
0003
0003
0003
0003
0003
0003
0003
0003
0003
0003
0003
0003
0003
0003
0003
0003
0003
0003
0003
0003
0003
0003
0003
0003
0003
0003
0003
0003
0003
0003
0003
0003
0003
0003
0003
0003
0003
0003
0003
0003
0003
0003
0003
0003
0003
0003
0003
0003
0003
0003
0003
0003
0003
0003
0003
0003
0003
0003
0003
0003
0003
0003
0003
0003
0003
0003
0003
0003
0003
0003
0003
0003
0003
0003
0003
0003
0003
0003
0003
0003
0003
0003
0003
0003
0003
0003
0003
0003
0003
0003
0003
0003
0003
0003
0003
0003
0003
0003
0003
0003
0003
0003
0003
0003
0003
0003
0003
0003
0003
0003
0003
0003
0003
0003
0003
0003
0004
0004
0004
0004
0004
0004
0004
0004
0004
0004
0004
0004
0004
0004
0004
0004
0004
0004
0004
0004
0004
0004
0004
0004
0004
0004
0004
0004
0004
0004
0004
0004
0004
0004
0004
0004
0004
0004
0004
0004
0004
0004
0004
0004
0004
0004
0004
0004
0004
0004
0004
0004
0004
0004
0004
0004
0004
0004
0004
0004
0004
0004
0004
0004
0004
0004
0004
0004
0004
0004
0004
0004
0004
0004
0004
0004
0004
0004
0004
0004
0004
0004
0004
0004
0004
0004
0004
0004
0004
0004
0004
0004
0004
0004
0004
0004
0004
0004
0004
0004
0004
0004
0004
0004
0004
0004
0004
0004
0004
0004
0004
0004
0004
0004
0004
0004
0004
0004
0004
0004
0004
0004
0004
0004
0004
0004
0004
0004
0004
0004
0004
0004
0004
0004
0004
0004
0004
0004
0004
0004
0004
0004
0004
0004
0004
0004
0004
0004
0004
0004
0004
0004
0004
0004
0004
0004
0004
0004
0004
0004
0004
0004
0004
0004
0004
0004
0004
0004
0004
0004
0004
0004
0004
0004
0004
0004
0004
0004
0004
0004
0004
0004
0004
0004
0004
0004
0004
0004
0004
0004
0004
0004
0004
0004
0004
0004
0004
0004
0004
0004
0004
0004
0004
0004
0004
0004
0004
0004
0004
0004
0004
0004
0004
0004
0004
0004
0004
0004
0004
0004
0004
0004
0004
0004
0004
0004
0004
0004
0004
0004
0004
0004
0004
0004
0004
0004
0004
0004
0004
0004
0004
0004
0004
0004
0004
0004
0004
0004
0004
0004
0004
0004
0004
0004
0004
0004
0004
0004
0004
0004
0004
0004
0004
0004
0004
0004
0004
0004
0004
0004
0004
0004
0004
0004
0004
0004
0004
0004
0004
0004
0004
0004
0004
0004
0004
0004
0004
0004
0004
0004
0004
0004
0004
0004
0004
0004
0004
0004
0004
0004
0004
0004
0004
0004
0004
0004
0004
0004
0004
0004
0004
0004
0004
0004
0004
0004
0004
0004
0004
0004
0004
0004
0004
0004
0004
0004
0004
0004
0004
0004
0004
0004
0004
0004
0004
0004
0004
0004
0004
0004
0004
0004
0004
0004
0004
0004
0004
0004
0004
0004
0004
0004
0004
0004
0004
0004
0004
0004
0004
0004
0004
0004
0004
0004
0004
0004
0004
0004
0004
0004
0004
0004
0004
0004
0004
0004
0004
0004
0004
0004
0004
0004
0004
0004
0004
0004
0004
0004
0004
0004
0004
0004
0004
0004
0004
0004
0004
0004
0004
0004
0004
0004
0004
0004
0004
0004
0004
0004
0004
0004
0004
0004
0004
0004
0004
0004
0004
0004
0004
0004
0004
0004
0004
0004
0004
0004
0004
0004
0004
0004
0004
0004
0004
0004
0004
0004
0004
0004
0004
0004
0004
0004
0004
0004
0004
0004
0004
0004
0004
0004
0004
0004
0004
0004
0004
0004
0004
0004
0004
0004
0004
0004
0004
0004
0004
0004
0004
0004
0004
0004
0004
0004
0004
0004
0004
0004
0004
0004
0004
0004
0004
0004
0004
0004
0004
0004
0004
0004
0004
0004
0004
0004
0004
0004
0004
0004
0004
0004
0004
0004
0004
0004
0004
0004
0004
0004
0004
0004
0004
0004
0004
0004
0004
0004
0004
0004
0004
0004
0004
0004
0004
0004
0004
0004
0004
0004
0004
0004
0004
0004
0004
0004
0004
0004
0004
0004
0004
0004
0004
0004
0004
0004
0004
0004
0004
0004
0004
0004
0004
0004
0004
0004
0004
0004
0004
0004
0004
0004
0004
0004
0004
0004
0004
0004
0004
0004
0004
0004
0004
0004
0004
0004
0004
0004
0004
0004
0004
0004
0004
0004
0004
0004
0004
0004
0004
0004
0004
0004
0004
0004
0004
0004
0004
0004
0004
0004
0004
0004
0004
0004
0004
0004
0004
0004
0004
0004
0004
0004
0004
0004
0004
0004
0004
0004
0004
0004
0004
0004
0004
0004
0004
0004
0004
0004
0004
0004
0004
0004
0004
0004
0004
0004
0004
0004
0004
0004
0004
0004
0004
0004
0004
0004
0004
0004
0004
0004
0004
0004
0004
0004
0004
0004
0004
0004
0004
0004
0004
0004
0004
0004
0004
0004
0004
0004
0004
0004
0004
0004
0004
0004
0004
0004
0004
0004
0004
0004
0004
0004
0004
0004
0004
0004
0004
0004
0004
0004
0004
0004
0004
0004
0004
0004
0004
0004
0004
0004
0004
0004
0004
0004
0004
0004
0004
0004
0004
0004
0004
0004
0004
0004
0004
0004
0004
0004
0004
0004
0004
0004
0004
0004
0004
0004
0004
0004
0004
0004
0004
0004
0004
0004
0004
0004
0004
0004
0004
0004
0004
0004
0004
0004
0004
0004
0004
0004
0004
0004
0004
0004
0004
0004
0004
0004
0004
0004
0004
0004
0004
0004
0004
0004
0004
0004
0004
0004
0004
0004
0004
0004
0004
0004
0004
0004
0004
0004
0004
0004
0004
0004
0004
0004
0004
0004
0004
0004
0004
0004
0004
0004
0004
0004
0004
0004
0004
0004
0004
0004
0004
0004
0004
0004
0004
0004
0004
0004
0004
0004
0004
0004
0004
0004
0004
0004
0004
0004
0004
0004
0004
0004
0004
0004
0004
0004
0004
0004
0004
0004
0004
0004
0004
0004
0004
0004
0004
0004
0004
0004
0004
0004
0004
0004
0004
0004
0004
0004
0004
0004
0004
0004
0004
0004
0004
0004
0004
0004
0004
0004
0004
0004
0004
0004
0004
0004
0004
0004
0004
0004
0004
0004
0004
0004
0004
0004
0004
0004
0004
0004
0004
0004
0004
0004
0004
0004
0004
0004
0004
0004
0004
0004
0004
0004
0004
0004
0004
0004
0004
0004
0004
0004
0004
0004
0004
0004
0004
0004
0004
0004
0004
0004
0004
0004
0004
0004
0004
0004
0004
0004
0004
0004
0004
0004
0004
0004
0004
0004
0004
0004
0004
0004
0004
0004
0004
0004
0004
0004
0004
0004
0004
0004
0004
0004
0004
0004
0004
0004
0004
0004
0004
0004
0004
0004
0004
0004
0004
0004
0004
0004
0004
0004
0004
0004
0004
0004
0004
0004
0004
0004
0004
0004
0004
0004
0004
0004
0004
0004
0004
0004
0004
0004
0004
0004
0004
0004
0004
0004
0004
0004
0004
0004
0004
0004
0004
0004
0004
0004
0004
0004
0004
0004
0004
0004
0004
0004
0004
0004
0004
0004
0004
0004
0004
0004
0004
0004
0004
0004
0004
0004
0004
0004
0004
0004
0004
0004
0004
0004
0005
0005
0005
0005
0005
0005
0005
0005
0005
0005
0005
0005
0005
0005
0005
0005
0005
0005
0005
0005
0005
0005
0005
0005
0005
0005
0005
0005
0005
0005
0005
0005
0005
0005
0005
0005
0005
0005
0005
0005
0005
0005
0005
0005
0005
0005
0005
0005
0005
0005
0005
0005
0005
0005
0005
0005
0005
0005
0005
0005
0005
0005
0005
0005
0005
0005
0005
0005
0005
0005
0005
0005
0005
0005
0005
0005
0005
0005
0005
0005
0005
0005
0005
0005
0005
0005
0005
0005
0005
0005
0005
0005
0005
0005
0005
0005
0005
0005
0005
0005
0005
0005
0005
0005
0005
0005
0005
0005
0005
0005
0005
0005
0005
0005
0005
0005
0005
0005
0005
0005
0005
0005
0005
0005
0005
0005
0005
0005
0005
0005
0005
0005
0005
0005
0005
0005
0005
0005
0005
0005
0005
0005
0005
0005
0005
0005
0005
0005
0005
0005
0005
0005
0005
0005
0005
0005
0005
0005
0005
0005
0005
0005
0005
0005
0005
0005
0005
0005
0005
0005
0005
0005
0005
0005
0005
0005
0005
0005
0005
0005
0005
0005
0005
0005
0005
0005
0005
0005
0005
0005
0005
0005
0005
0005
0005
0005
0005
0005
0005
0005
0005
0005
0005
0005
0005
0005
0005
0005
0005
0005
0005
0005
0005
0005
0005
0005
0005
0005
0005
0005
0005
0005
0005
0005
0005
0005
0005
0005
0005
0005
0005
0005
0005
0005
0005
0005
0005
0005
0005
0005
0005
0005
0005
0005
0005
0005
0005
0005
0005
0005
0005
0005
0005
0005
0005
0005
0005
0005
0005
0005
0005
0005
0005
0005
0005
0005
0005
0005
0005
0005
0005
0005
0005
0005
0005
0005
0005
0005
0005
0005
0005
0005
0005
0005
0005
0005
0005
0005
0005
0005
0005
0005
0005
0005
0005
0005
0005
0005
0005
0005
0005
0005
0005
0005
0005
0005
0005
0005
0005
0005
0005
0005
0005
0005
0005
0005
0005
0005
0005
0005
0005
0005
0005
0005
0005
0005
0005
0005
0005
0005
0005
0005
0005
0005
0005
0005
0005
0005
0005
0005
0005
0005
0005
0005
0005
0005
0005
0005
0005
0005
0005
0005
0005
0005
0005
0005
0005
0005
0005
0005
0005
0005
0005
0005
0005
0005
0005
0005
0005
0005
0005
0005
0005
0005
0005
0005
0005
0005
0005
0005
0005
0005
0005
0005
0005
0005
0005
0005
0005
0005
0005
0005
0005
0005
0005
0005
0005
0005
0005
0005
0005
0005
0005
0005
0005
0005
0005
0005
0005
0005
0005
0005
0005
0005
0005
0005
0005
0005
0005
0005
0005
0005
0005
0005
0005
0005
0005
0005
0005
0005
0005
0005
0005
0005
0005
0005
0005
0005
0005
0005
0005
0005
0005
0005
0005
0005
0005
0005
0005
0005
0005
0005
0005
0005
0005
0005
0005
0005
0005
0005
0005
0005
0005
0005
0005
0005
0005
0005
0005
0005
0005
0005
0005
0005
0005
0005
0005
0005
0005
0005
0005
0005
0005
0005
0005
0005
0005
0005
0005
0005
0005
0005
0005
0005
0005
0005
0005
0005
0005
0005
0005
0005
0005
0005
0005
0005
0005
0005
0005
0005
0005
0005
0005
0005
0005
0005
0005
0005
0005
0005
0005
0005
0005
0005
0005
0005
0005
0005
0005
0005
0005
0005
0005
0005
0005
0005
0005
0005
0005
0005
0005
0005
0005
0005
0005
0005
0005
0005
0005
0005
0005
0005
0005
0005
0005
0005
0005
0005
0005
0005
0005
0005
0005
0005
0005
0005
0005
0005
0005
0005
0005
0005
0005
0005
0005
0005
0005
0005
0005
0005
0005
0005
0005
0005
0005
0005
0005
0005
0005
0005
0005
0005
0005
0005
0005
0005
0005
0005
0005
0005
0005
0005
0005
0005
0005
0005
0005
0005
0005
0005
0005
0005
0005
0005
0005
0005
0005
0005
0005
0005
0005
0005
0005
0005
0005
0005
0005
0005
0005
0005
0005
0005
0005
0005
0005
0005
0005
0005
0005
0005
0005
0005
0005
0005
0005
0005
0005
0005
0005
0005
0005
0005
0005
0005
0005
0005
0005
0005
0005
0005
0005
0005
0005
0005
0005
0005
0005
0005
0005
0005
0005
0005
0005
0005
0005
0005
0005
0005
0005
0005
0005
0005
0005
0005
0005
0005
0005
0005
0005
0005
0005
0005
0005
0005
0005
0005
0005
0005
0005
0005
0005
0005
0005
0005
0005
0005
0005
0005
0005
0005
0005
0005
0005
0005
0005
0005
0005
0005
0005
0005
0005
0005
0005
0005
0005
0005
0005
0005
0005
0005
0005
0005
0005
0005
0005
0005
0005
0005
0005
0005
0005
0005
0005
0005
0005
0005
0005
0005
0005
0005
0005
0005
0005
0005
0005
0005
0005
0005
0005
0005
0005
0005
0005
0005
0005
0005
0005
0005
0005
0005
0005
0005
0005
0005
0005
0005
0005
0005
0005
0005
0005
0005
0005
0005
0005
0005
0005
0005
0005
0005
0005
0005
0005
0005
0005
0005
0005
0005
0005
0005
0005
0005
0005
0005
0005
0005
0005
0005
0005
0005
0005
0005
0005
0005
0005
0005
0005
0005
0005
0005
0005
0005
0005
0005
0005
0005
0005
0005
0005
0005
0005
0005
0005
0005
0005
0005
0005
0005
0005
0005
0005
0005
0005
0005
0005
0005
0005
0005
0005
0005
0005
0005
0005
0005
0005
0005
0005
0005
0005
0005
0005
0005
0005
0005
0005
0005
0005
0005
0005
0005
0005
0005
0005
0005
0005
0005
0005
0005
0005
0005
0005
0005
0005
0005
0005
0005
0005
0005
0005
0005
0005
0005
0005
0005
0005
0005
0005
0005
0005
0005
0005
0005
0005
0005
0005
0005
0005
0005
0005
0005
0005
0005
0005
0005
0005
0005
0005
0005
0005
0005
0005
0005
0005
0005
0005
0005
0005
0005
0005
0005
0005
0005
0005
0005
0005
0005
0005
0005
0005
0005
0005
0005
0005
0005
0005
0005
0005
0005
0005
0005
0005
0005
0005
0005
0005
0005
0005
0005
0005
0005
0005
0005
0005
0005
0005
0005
0005
0005
0005
0005
0005
0005
0005
0005
0005
0005
0005
0005
0005
0005
0005
0005
0005
0005
0005
0005
0005
0005
0005
0005
0005
0005
0005
0005
0005
0005
0005
0005
0005
0005
0005
0005
0005
0005
0005
0005
0005
0005
0005
0005
0005
0005
0005
0005
0005
0005
0005
0005
0005
0005
0005
0005
0005
0005
0006
0006
0006
0006
0006
0006
0006
0006
0006
0006
0006
0006
0006
0006
0006
0006
0006
0006
0006
0006
0006
0006
0006
0006
0006
0006
0006
0006
0006
0006
0006
0006
0006
0006
0006
0006
0006
0006
0006
0006
0006
0006
0006
0006
0006
0006
0006
0006
0006
0006
0006
0006
0006
0006
0006
0006
0006
0006
0006
0006
0006
0006
0006
0006
0006
0006
0006
0006
0006
0006
0006
0006
0006
0006
0006
0006
0006
0006
0006
0006
0006
0006
0006
0006
0006
0006
0006
0006
0006
0006
0006
0006
0006
0006
0006
0006
0006
0006
0006
0006
0006
0006
0006
0006
0006
0006
0006
0006
0006
0006
0006
0006
0006
0006
0006
0006
0006
0006
0006
0006
0006
0006
0006
0006
0006
0006
0006
0006
0006
0006
0006
0006
0006
0006
0006
0006
0006
0006
0006
0006
0006
0006
0006
0006
0006
0006
0006
0006
0006
0006
0006
0006
0006
0006
0006
0006
0006
0006
0006
0006
0006
0006
0006
0006
0006
0006
0006
0006
0006
0006
0006
0006
0006
0006
0006
0006
0006
0006
0006
0006
0006
0006
0006
0006
0006
0006
0006
0006
0006
0006
0006
0006
0006
0006
0006
0006
0006
0006
0006
0006
0006
0006
0006
0006
0006
0006
0006
0006
0006
0006
0006
0006
0006
0006
0006
0006
0006
0006
0006
0006
0006
0006
0006
0006
0006
0006
0006
0006
0006
0006
0006
0006
0006
0006
0006
0006
0006
0006
0006
0006
0006
0006
0006
0006
0006
0006
0006
0006
0006
0006
0006
0006
0006
0006
0006
0006
0006
0006
0006
0006
0006
0006
0006
0006
0006
0006
0006
0006
0006
0006
0006
0006
0006
0006
0006
0006
0006
0006
0006
0006
0006
0006
0006
0006
0006
0006
0006
0006
0006
0006
0006
0006
0006
0006
0006
0006
0006
0006
0006
0006
0006
0006
0006
0006
0006
0006
0006
0006
0006
0006
0006
0006
0006
0006
0006
0006
0006
0006
0006
0006
0006
0006
0006
0006
0006
0006
0006
0006
0006
0006
0006
0006
0006
0006
0006
0006
0006
0006
0006
0006
0006
0006
0006
0006
0006
0006
0006
0006
0006
0006
0006
0006
0006
0006
0006
0006
0006
0006
0006
0006
0006
0006
0006
0006
0006
0006
0006
0006
0006
0006
0006
0006
0006
0006
0006
0006
0006
0006
0006
0006
0006
0006
0006
0006
0006
0006
0006
0006
0006
0006
0006
0006
0006
0006
0006
0006
0006
0006
0006
0006
0006
0006
0006
0006
0006
0006
0006
0006
0006
0006
0006
0006
0006
0006
0006
0006
0006
0006
0006
0006
0006
0006
0006
0006
0006
0006
0006
0006
0006
0006
0006
0006
0006
0006
0006
0006
0006
0006
0006
0006
0006
0006
0006
0006
0006
0006
0006
0006
0006
0006
0006
0006
0006
0006
0006
0006
0006
0006
0006
0006
0006
0006
0006
0006
0006
0006
0006
0006
0006
0006
0006
0006
0006
0006
0006
0006
0006
0006
0006
0006
0006
0006
0006
0006
0006
0006
0006
0006
0006
0006
0006
0006
0006
0006
0006
0006
0006
0006
0006
0006
0006
0006
0006
0006
0006
0006
0006
0006
0006
0006
0006
0006
0007
0007
0007
0007
0007
0007
0007
0007
0007
0007
0007
0007
0007
0007
0007
0007
0007
0007
0007
0007
0007
0007
0007
0007
0007
0007
0007
0007
0007
0007
0007
0007
0007
0007
0007
0007
0007
0007
0007
0007
0007
0007
0007
0007
0007
0007
0007
0007
0007
0007
0007
0007
0007
0007
0007
0007
0007
0007
0007
0007
0007
0007
0007
0007
0007
0007
0007
0007
0007
0007
0007
0007
0007
0007
0007
0007
0007
0007
0007
0007
0007
0007
0007
0007
0007
0007
0007
0007
0007
0007
0007
0007
0007
0007
0007
0007
0007
0007
0007
0007
0007
0007
0007
0007
0007
0007
0007
0007
0007
0007
0007
0007
0007
0007
0007
0007
0007
0007
0007
0007
0007
0007
0007
0007
0007
0007
0007
0007
0007
0007
0007
0007
0007
0007
0007
0007
0007
0007
0007
0007
0007
0007
0007
0007
0007
0007
0007
0007
0007
0007
0007
0007
0007
0007
0007
0007
0007
0007
0007
0007
0007
0007
0007
0007
0007
0007
0007
0007
0007
0007
0007
0007
0007
0007
0007
0007
0007
0007
0007
0007
0007
0007
0007
0007
0007
0007
0007
0007
0007
0007
0007
0007
0007
0007
0007
0007
0007
0007
0007
0007
0007
0007
0007
0007
0007
0007
0007
0007
0007
0007
0007
0007
0007
0007
0007
0007
0007
0007
0007
0007
0007
0007
0007
0007
0007
0007
0007
0007
0007
0007
0007
0007
0007
0007
0007
0007
0007
0007
0007
0007
0007
0007
0007
0007
0007
0007
0007
0007
0007
0007
0007
0007
0007
0007
0007
0007
0007
0007
0007
0007
0007
0007
0007
0007
0007
0007
0007
0007
0007
0007
0007
0007
0007
0007
0007
0007
0007
0007
0007
0007
0007
0007
0007
0007
0007
0007
0007
0007
0007
0007
0007
0007
0007
0007
0007
0007
0007
0007
0007
0007
0007
0007
0007
0007
0007
0007
0007
0007
0007
0007
0007
0007
0007
0007
0007
0007
0007
0007
0007
0007
0007
0007
0007
0007
0007
0007
0007
0007
0007
0007
0007
0007
0007
0007
0007
0007
0007
0007
0007
0007
0007
0007
0007
0007
0007
0007
0007
0007
0007
0007
0007
0007
0007
0007
0007
0007
0007
0007
0007
0007
0007
0007
0007
0007
0007
0007
0007
0007
0007
0007
0007
0007
0007
0007
0007
0007
0007
0007
0007
0007
0007
0007
0007
0007
0007
0007
0007
0007
0007
0007
0007
0007
0007
0007
0007
0007
0007
0007
0007
0007
0007
0007
0007
0007
0007
0007
0007
0007
0007
0007
0007
0007
0007
0007
0007
0007
0007
0007
0007
0007
0007
0007
0007
0007
0007
0007
0007
0007
0007
0007
0007
0007
0007
0007
0007
0007
0007
0007
0007
0007
0007
0007
0007
0007
0007
0007
0007
0007
0007
0007
0007
0007
0007
0007
0007
0007
0007
0007
0007
0007
0007
0007
0007
0007
0007
0007
0007
0007
0007
0007
0007
0007
0007
0007
0007
0007
0007
0007
0007
0007
0007
0007
0007
0007
0007
0007
0007
0007
0007
0007
0007
0007
0007
0007
0007
0007
0007
0007
0007
0007
0007
0007
0007
0007
0007
0007
0007
0007
0007
0007
0007
0007
0008
0008
0008
0008
0008
0008
0008
0008
0008
0008
0008
0008
0008
0008
0008
0008
0008
0008
0008
0008
0008
0008
0008
0008
0008
0008
0008
0008
0008
0008
0008
0008
0008
0008
0008
0008
0008
0008
0008
0008
0008
0008
0008
0008
0008
0008
0008
0008
0008
0008
0008
0008
0008
0008
0008
0008
0008
0008
0008
0008
0008
0008
0008
0008
0008
0008
0008
0008
0008
0008
0008
0008
0008
0008
0008
0008
0008
0008
0008
0008
0008
0008
0008
0008
0008
0008
0008
0008
0008
0008
0008
0008
0008
0008
0008
0008
0008
0008
0008
0008
0008
0008
0008
0008
0008
0008
0008
0008
0008
0008
0008
0008
0008
0008
0008
0008
0008
0008
0008
0008
0008
0008
0008
0008
0008
0008
0008
0008
0008
0008
0008
0008
0008
0008
0008
0008
0008
0008
0008
0008
0008
0008
0008
0008
0008
0008
0008
0008
0008
0008
0008
0008
0008
0008
0008
0008
0008
0008
0008
0008
0008
0008
0008
0008
0008
0008
0008
0008
0008
0008
0008
0008
0008
0008
0008
0008
0008
0008
0008
0008
0008
0008
0008
0008
0008
0008
0008
0008
0008
0008
0008
0008
0008
0008
0008
0008
0008
0008
0008
0008
0008
0008
0008
0008
0008
0008
0008
0008
0008
0008
0008
0008
0008
0008
0008
0008
0008
0008
0008
0008
0008
0008
0008
0008
0008
0008
0008
0008
0008
0008
0008
0008
0008
0008
0008
0008
0008
0008
0008
0008
0008
0008
0008
0008
0008
0008
0008
0008
0008
0008
0008
0008
0008
0008
0008
0008
0008
0008
0008
0008
0008
0008
0008
0008
0008
0008
0008
0008
0008
0008
0008
0008
0008
0008
0008
0008
0008
0008
0008
0008
0008
0008
0008
0008
0008
0008
0008
0008
0008
0008
0008
0008
0008
0008
0008
0008
0008
0008
0008
0008
0008
0008
0008
0008
0008
0008
0008
0008
0008
0008
0008
0008
0008
0008
0008
0008
0008
0008
0008
0008
0008
0008
0008
0008
0008
0008
0008
0008
0008
0008
0008
0008
0008
0008
0008
0008
0008
0008
0008
0008
0008
0008
0008
0008
0008
0008
0008
0008
0008
0008
0008
0008
0008
0008
0008
0008
0008
0008
0008
0008
0008
0008
0008
0008
0008
0008
0008
0008
0008
0008
0008
0008
0008
0008
0008
0008
0008
0008
0008
0008
0008
0008
0008
0008
0008
0008
0008
0008
0008
0008
0008
0008
0008
0008
0008
0008
0008
0008
0008
0008
0008
0008
0008
0008
0008
0008
0008
0008
0008
0008
0008
0008
0008
0008
0008
0008
0008
0008
0008
0008
0008
0008
0008
0008
0008
0008
0008
0008
0008
0008
0008
0008
0008
0008
0008
0008
0008
0008
0008
0008
0008
0008
0008
0008
0008
0008
0008
0008
0008
0008
0008
0008
0008
0008
0008
0008
0008
0008
0008
0008
0008
0008
0008
0008
0008
0008
0008
0008
0008
0008
0008
0008
0008
0008
0008
0008
0008
0008
0008
0008
0008
0008
0008
0008
0008
0008
0008
0008
0008
0008
0008
0008
0008
0008
0008
0008
0008
0008
0008
0008
0008
0008
0008
0008
0008
0008
0008
0008
0008
0008
0008
0008
0009
0009
0009
0009
0009
0009
0009
0009
0009
0009
0009
0009
0009
0009
0009
0009
0009
0009
0009
0009
0009
0009
0009
0009
0009
0009
0009
0009
0009
0009
0009
0009
0009
0009
0009
0009
0009
0009
0009
0009
0009
0009
0009
0009
0009
0009
0009
0009
0009
0009
0009
0009
0009
0009
0009
0009
0009
0009
0009
0009
0009
0009
0009
0009
0009
0009
0009
0009
0009
0009
0009
0009
0009
0009
0009
0009
0009
0009
0009
0009
0009
0009
0009
0009
0009
0009
0009
0009
0009
0009
0009
0009
0009
0009
0009
0009
0009
0009
0009
0009
0009
0009
0009
0009
0009
0009
0009
0009
0009
0009
0009
0009
0009
0009
0009
0009
0009
0009
0009
0009
0009
0009
0009
0009
0009
0009
0009
0009
0009
0009
0009
0009
0009
0009
0009
0009
0009
0009
0009
0009
0009
0009
0009
0009
0009
0009
0009
0009
0009
0009
0009
0009
0009
0009
0009
0009
0009
0009
0009
0009
0009
0009
0009
0009
0009
0009
0009
0009
0009
0009
0009
0009
0009
0009
0009
0009
0009
0009
0009
0009
0009
0009
0009
0009
0009
0009
0009
0009
0009
0009
0009
0009
0009
0009
0009
0009
0009
0009
0009
0009
0009
0009
0009
0009
0009
0009
0009
0009
0009
0009
0009
0009
0009
0009
0009
0009
0009
0009
0009
0009
0009
0009
0009
0009
0009
0009
0009
0009
0009
0009
0009
0009
0009
0009
0009
0009
0009
0009
0009
0009
0009
0009
0009
0009
0009
0009
0009
0009
0009
0009
0009
0009
0009
0009
0009
0009
0009
0009
0009
0009
0009
0009
0009
0009
0009
0009
0009
0009
0009
0009
0009
0009
0009
0009
0009
0009
0009
0009
0009
0009
0009
0009
0009
0009
0009
0009
0009
0009
0009
0009
0009
0009
0009
0009
0009
0009
0009
0009
0009
0009
0009
0009
0009
0009
0009
0009
0009
0009
0009
0009
0009
0009
0009
0009
0009
0009
0009
0009
0009
0009
0009
0009
0009
0009
0009
0009
0009
0009
0009
0009
0009
0009
0009
0009
0009
0009
0009
0009
0009
0009
0009
0009
0009
0009
0009
0009
0009
0009
0009
0009
0009
0009
0009
0009
0009
0009
0009
0009
0009
0009
0009
0009
0009
0009
0009
0009
0009
0009
0009
0009
0009
0009
0009
0009
0009
0009
0009
0009
0009
0009
0009
0009
0009
0009
0009
0009
0009
0009
0009
0009
0009
0009
0009
0009
0009
0009
0009
0009
0009
0009
0009
0009
0009
0009
0009
0009
0009
0009
0009
0009
0009
0009
0009
0009
0009
0009
0009
0009
0009
0009
0009
0009
0009
0009
0009
0009
0009
0009
0009
0009
0009
0009
0009
0009
0009
0009
0009
0009
0009
0009
0009
0009
0009
0009
0009
0009
0009
0009
0009
0009
0009
0009
0009
0009
0009
0009
0009
0009
0009
0009
0009
0009
0009
0009
0009
0009
0009
0009
0009
0009
0009
0009
0009
0009
0009
0009
0009
0009
0009
0009
0009
0009
0009
0009
0009
0009
0009
0009
0009
0009
0009
0009
0009
0009
0009
0009
0009
0009
0009
0009
0009
0009
0009
0009
0009
0009
0009
0009
0009
0009
0009
0009
000a
000a
000a
000a
000a
000a
000a
000a
000a
000a
000a
000a
000a
000a
000a
000a
000a
000a
000a
000a
000a
000a
000a
000a
000a
000a
000a
000a
000a
000a
000a
000a
000a
000a
000a
000a
000a
000a
000a
000a
000a
000a
000a
000a
000a
000a
000a
000a
000a
000a
000a
000a
000a
000a
000a
000a
000a
000a
000a
000a
000a
000a
000a
000a
000a
000a
000a
000a
000a
000a
000a
000a
000a
000a
000a
000a
000a
000a
000a
000a
000a
000a
000a
000a
000a
000a
000a
000a
000a
000a
000a
000a
000a
000a
000a
000a
000a
000a
000a
000a
000a
000a
000a
000a
000a
000a
000a
000a
000a
000a
000a
000a
000a
000a
000a
000a
000a
000a
000a
000a
000a
000a
000a
000a
000a
000a
000a
000a
000a
000a
000a
000a
000a
000a
000a
000a
000a
000a
000a
000a
000a
000a
000a
000a
000a
000a
000a
000a
000a
000a
000a
000a
000a
000a
000a
000a
000a
000a
000a
000a
000a
000a
000a
000a
000a
000a
000a
000a
000a
000a
000a
000a
000a
000a
000a
000a
000a
000a
000a
000a
000a
000a
000a
000a
000a
000a
000a
000a
000a
000a
000a
000a
000a
000a
000a
000a
000a
000a
000a
000a
000a
000a
000a
000a
000a
000a
000a
000a
000a
000a
000a
000a
000a
000a
000a
000a
000a
000a
000a
000a
000a
000a
000a
000a
000a
000a
000a
000a
000a
000a
000a
000a
000a
000a
000a
000a
000a
000a
000a
000a
000a
000a
000a
000a
000a
000a
000a
000a
000a
000a
000a
000a
000a
000a
000a
000a
000a
000a
000a
000a
000a
000a
000a
000a
000a
000a
000a
000a
000a
000a
000a
000a
000a
000a
000a
000a
000a
000a
000a
000a
000a
000a
000a
000a
000a
000a
000a
000a
000a
000a
000a
000a
000a
000a
000a
000a
000a
000a
000a
000a
000a
000a
000a
000a
000a
000a
000a
000a
000a
000a
000a
000a
000a
000a
000a
000a
000a
000a
000a
000a
000a
000a
000a
000a
000a
000a
000a
000a
000a
000a
000a
000a
000a
000a
000a
000a
000a
000a
000a
000a
000a
000a
000a
000a
000a
000a
000a
000a
000a
000a
000a
000a
000a
000a
000a
000a
000a
000a
000a
000a
000a
000a
000a
000a
000a
000a
000a
000a
000a
000a
000a
000a
000a
000a
000a
000a
000a
000a
000a
000a
000a
000a
000a
000a
000b
000b
000b
000b
000b
000b
000b
000b
000b
000b
000b
000b
000b
000b
000b
000b
000b
000b
000b
000b
000b
000b
000b
000b
000b
000b
000b
000b
000b
000b
000b
000b
000b
000b
000b
000b
000b
000b
000b
000b
000b
000b
000b
000b
000b
000b
000b
000b
000b
000b
000b
000b
000b
000b
000b
000b
000b
000b
000b
000b
000b
000b
000b
000b
000b
000b
000b
000b
000b
000b
000b
000b
000b
000b
000b
000b
000b
000b
000b
000b
000b
000b
000b
000b
000b
000b
000b
000b
000b
000b
000b
000b
000b
000b
000b
000b
000b
000b
000b
000b
000b
000b
000b
000b
000b
000b
000b
000b
000b
000b
000b
000b
000b
000b
000b
000b
000b
000b
000b
000b
000b
000b
000b
000b
000b
000b
000b
000b
000b
000b
000b
000b
000b
000b
000b
000b
000b
000b
000b
000b
000b
000b
000b
000b
000b
000b
000b
000b
000b
000b
000b
000b
000b
000b
000b
000b
000b
000b
000b
000b
000b
000b
000b
000b
000b
000b
000b
000b
000b
000b
000b
000b
000b
000b
000b
000b
000b
000b
000b
000b
000b
000b
000b
000b
000b
000b
000b
000b
000b
000b
000b
000b
000b
000b
000b
000b
000b
000b
000b
000b
000b
000b
000b
000b
000b
000b
000b
000b
000b
000b
000b
000b
000b
000b
000b
000b
000b
000b
000b
000b
000b
000b
000b
000b
000b
000b
000b
000b
000b
000b
000b
000b
000b
000b
000b
000b
000b
000b
000b
000b
000b
000b
000b
000b
000b
000b
000b
000b
000b
000b
000b
000b
000b
000b
000b
000b
000c
000c
000c
000c
000c
000c
000c
000c
000c
000c
000c
000c
000c
000c
000c
000c
000c
000c
000c
000c
000c
000c
000c
000c
000c
000c
000c
000c
000c
000c
000c
000c
000c
000c
000c
000c
000c
000c
000c
000c
000c
000c
000c
000c
000c
000c
000c
000c
000c
000c
000c
000c
000c
000c
000c
000c
000c
000c
000c
000c
000c
000c
000c
000c
000c
000c
000c
000c
000c
000c
000c
000c
000c
000c
000c
000c
000c
000c
000c
000c
000c
000c
000c
000c
000c
000c
000c
000c
000c
000c
000c
000c
000c
000c
000c
000c
000c
000c
000c
000c
000c
000c
000c
000c
000c
000c
000c
000c
000c
000c
000c
000c
000c
000c
000c
000c
000c
000c
000c
000c
000c
000c
000c
000c
000c
000c
000c
000c
000c
000c
000c
000c
000c
000c
000c
000c
000c
000c
000c
000c
000c
000c
000c
000c
000c
000c
000c
000c
000c
000c
000c
000c
000c
000c
000c
000c
000c
000c
000c
000c
000c
000c
000c
000c
000c
000c
000c
000c
000c
000c
000c
000c
000c
000c
000c
000c
000c
000c
000c
000c
000c
000c
000c
000c
000c
000c
000c
000c
000c
000c
000c
000c
000c
000c
000c
000c
000c
000c
000c
000c
000c
000c
000c
000c
000c
000c
000c
000c
000c
000c
000c
000c
000c
000c
000c
000c
000c
000c
000c
000c
000c
000c
000c
000c
000c
000c
000c
000c
000c
000c
000c
000c
000c
000c
000c
000c
000c
000c
000c
000c
000c
000c
000c
000c
000c
000c
000c
000c
000c
000c
000c
000c
000c
000c
000c
000c
000c
000c
000c
000c
000c
000c
000c
000c
000c
000c
000c
000c
000c
000c
000c
000c
000c
000c
000c
000c
000c
000c
000c
000c
000c
000c
000c
000c
000c
000c
000c
000c
000c
000c
000c
000c
000c
000c
000c
000c
000c
000c
000c
000c
000c
000c
000c
000c
000c
000c
000c
000c
000c
000c
000c
000c
000c
000c
000c
000c
000c
000c
000c
000c
000c
000c
000c
000c
000c
000c
000c
000c
000c
000c
000c
000c
000c
000c
000c
000c
000c
000c
000c
000c
000c
000c
000c
000c
000c
000c
000c
000c
000c
000c
000c
000c
000c
000c
000c
000c
000c
000c
000c
000c
000c
000c
000c
000c
000c
000c
000c
000c
000c
000c
000c
000c
000c
000c
000c
000c
000c
000c
000c
000c
000c
000c
000c
000c
000d
000d
000d
000d
000d
000d
000d
000d
000d
000d
000d
000d
000d
000d
000d
000d
000d
000d
000d
000d
000d
000d
000d
000d
000d
000d
000d
000d
000d
000d
000d
000d
000d
000d
000d
000d
000d
000d
000d
000d
000d
000d
000d
000d
000d
000d
000d
000d
000d
000d
000d
000d
000d
000d
000d
000d
000d
000d
000d
000d
000d
000d
000d
000d
000d
000d
000d
000d
000d
000d
000d
000d
000d
000d
000d
000d
000d
000d
000d
000d
000d
000d
000d
000d
000d
000d
000d
000d
000d
000d
000d
000d
000d
000d
000d
000d
000d
000d
000d
000d
000d
000d
000d
000d
000d
000d
000d
000d
000d
000d
000d
000d
000d
000d
000d
000d
000d
000d
000d
000d
000d
000d
000d
000d
000d
000d
000d
000d
000d
000d
000d
000d
000d
000d
000d
000d
000d
000d
000d
000d
000d
000d
000d
000d
000d
000d
000d
000d
000d
000d
000d
000d
000d
000d
000d
000d
000d
000d
000d
000d
000d
000d
000d
000d
000d
000d
000d
000d
000d
000d
000d
000d
000d
000d
000d
000d
000d
000d
000d
000d
000d
000d
000d
000d
000d
000d
000d
000d
000d
000d
000d
000d
000d
000d
000d
000d
000d
000d
000d
000d
000d
000d
000d
000d
000d
000d
000d
000d
000d
000d
000d
000d
000d
000d
000d
000d
000d
000d
000d
000d
000d
000d
000d
000d
000d
000d
000d
000d
000d
000d
000d
000d
000d
000d
000d
000d
000d
000d
000d
000d
000d
000d
000d
000d
000d
000d
000d
000d
000d
000d
000d
000d
000d
000d
000d
000d
000d
000d
000d
000d
000d
000d
000d
000d
000d
000d
000d
000d
000d
000d
000d
000d
000d
000d
000d
000d
000d
000d
000d
000d
000d
000d
000d
000d
000d
000d
000d
000d
000d
000d
000d
000d
000d
000d
000d
000d
000d
000d
000d
000d
000d
000d
000d
000d
000d
000d
000d
000d
000d
000d
000d
000d
000d
000d
000d
000d
000d
000d
000d
000d
000d
000d
000d
000d
000d
000d
000d
000d
000d
000d
000d
000d
000d
000d
000d
000d
000d
000d
000d
000d
000d
000d
000d
000d
000d
000d
000d
000d
000d
000d
000d
000d
000d
000d
000d
000d
000d
000d
000d
000d
000d
000d
000d
000d
000d
000d
000d
000d
000d
000d
000d
000d
000d
000d
000d
000d
000d
000d
000d
000d
000d
000d
000d
000d
000e
000e
000e
000e
000e
000e
000e
000e
000e
000e
000e
000e
000e
000e
000e
000e
000e
000e
000e
000e
000e
000e
000e
000e
000e
000e
000e
000e
000e
000e
000e
000e
000e
000e
000e
000e
000e
000e
000e
000e
000e
000e
000e
000e
000e
000e
000e
000e
000e
000e
000e
000e
000e
000e
000e
000e
000e
000e
000e
000e
000e
000e
000e
000e
000e
000e
000e
000e
000e
000e
000e
000e
000e
000e
000e
000e
000e
000e
000e
000e
000e
000e
000e
000e
000e
000e
000e
000e
000e
000e
000e
000e
000e
000e
000e
000e
000e
000e
000e
000e
000e
000e
000e
000e
000e
000e
000e
000e
000e
000e
000e
000e
000e
000e
000e
000e
000e
000e
000e
000e
000e
000e
000e
000e
000e
000e
000e
000e
000e
000e
000e
000e
000e
000e
000e
000e
000e
000e
000e
000e
000e
000e
000e
000e
000e
000e
000e
000e
000e
000e
000e
000e
000e
000e
000e
000e
000e
000e
000e
000e
000e
000e
000e
000e
000e
000e
000e
000e
000e
000e
000e
000e
000e
000e
000e
000e
000e
000e
000e
000e
000e
000e
000e
000e
000e
000e
000e
000e
000e
000e
000e
000e
000e
000e
000e
000e
000e
000e
000e
000e
000e
000e
000e
000e
000e
000e
000e
000e
000e
000e
000e
000e
000e
000e
000e
000e
000e
000e
000e
000e
000e
000e
000e
000e
000e
000e
000e
000e
000e
000e
000e
000e
000e
000e
000e
000e
000e
000e
000e
000e
000e
000e
000e
000e
000e
000e
000e
000e
000e
000e
000e
000e
000e
000e
000e
000e
000f
000f
000f
000f
000f
000f
000f
000f
000f
000f
000f
000f
000f
000f
000f
000f
000f
000f
000f
000f
000f
000f
000f
000f
000f
000f
000f
000f
000f
000f
000f
000f
000f
000f
000f
000f
000f
000f
000f
000f
000f
000f
000f
000f
000f
000f
000f
000f
000f
000f
000f
000f
000f
000f
000f
000f
000f
000f
000f
000f
000f
000f
000f
000f
000f
000f
000f
000f
000f
000f
000f
000f
000f
000f
000f
000f
000f
000f
000f
000f
000f
000f
000f
000f
000f
000f
000f
000f
000f
000f
000f
000f
000f
000f
000f
000f
000f
000f
000f
000f
000f
000f
000f
000f
000f
000f
000f
000f
000f
000f
000f
000f
000f
000f
000f
000f
000f
000f
000f
000f
000f
000f
000f
000f
000f
000f
000f
000f
000f
000f
000f
000f
000f
000f
000f
000f
000f
000f
000f
000f
000f
000f
000f
000f
000f
000f
000f
000f
000f
000f
000f
000f
000f
000f
000f
000f
000f
000f
000f
000f
000f
000f
000f
000f
000f
000f
000f
000f
000f
000f
000f
000f
000f
000f
000f
000f
000f
000f
000f
000f
000f
000f
000f
000f
000f
000f
000f
000f
000f
000f
000f
000f
000f
000f
000f
000f
000f
000f
000f
000f
000f
000f
000f
000f
000f
000f
000f
000f
000f
000f
000f
000f
000f
000f
000f
000f
000f
000f
000f
000f
000f
000f
000f
000f
000f
000f
000f
000f
000f
000f
000f
000f
000f
000f
000f
000f
000f
000f
000f
000f
000f
000f
000f
000f
000f
000f
000f
000f
000f
000f
000f
000f
000f
000f
000f
000f
0010
0010
0010
0010
0010
0010
0010
0010
0010
0010
0010
0010
0010
0010
0010
0010
0010
0010
0010
0010
0010
0010
0010
0010
0010
0010
0010
0010
0010
0010
0010
0010
0010
0010
0010
0010
0010
0010
0010
0010
0010
0010
0010
0010
0010
0010
0010
0010
0010
0010
0010
0010
0010
0010
0010
0010
0010
0010
0010
0010
0010
0010
0010
0010
0010
0010
0010
0010
0010
0010
0010
0010
0010
0010
0010
0010
0010
0010
0010
0010
0010
0010
0010
0010
0010
0010
0010
0010
0010
0010
0010
0010
0010
0010
0010
0010
0010
0010
0010
0010
0010
0010
0010
0010
0010
0010
0010
0010
0010
0010
0010
0010
0010
0010
0010
0010
0010
0010
0010
0010
0010
0010
0010
0010
0010
0010
0010
0010
0010
0010
0010
0010
0010
0010
0010
0010
0010
0010
0010
0010
0010
0010
0010
0010
0010
0010
0010
0010
0010
0010
0010
0010
0010
0010
0010
0010
0010
0010
0010
0010
0010
0010
0010
0010
0010
0010
0010
0010
0010
0010
0010
0010
0010
0010
0010
0010
0010
0010
0010
0010
0010
0010
0010
0010
0010
0010
0010
0010
0010
0010
0010
0010
0010
0010
0010
0010
0010
0010
0010
0010
0010
0010
0010
0010
0010
0010
0010
0010
0010
0010
0010
0010
0010
0010
0010
0010
0010
0010
0010
0010
0010
0010
0010
0010
0010
0010
0010
0010
0010
0010
0010
0010
0010
0010
0010
0010
0010
0010
0010
0010
0010
0010
0010
0010
0010
0010
0010
0010
0010
0010
0010
0010
0010
0010
0010
0010
0011
0011
0011
0011
0011
0011
0011
0011
0011
0011
0011
0011
0011
0011
0011
0011
0011
0011
0011
0011
0011
0011
0011
0011
0011
0011
0011
0011
0011
0011
0011
0011
0011
0011
0011
0011
0011
0011
0011
0011
0011
0011
0011
0011
0011
0011
0011
0011
0011
0011
0011
0011
0011
0011
0011
0011
0011
0011
0011
0011
0011
0011
0011
0011
0011
0011
0011
0011
0011
0011
0011
0011
0011
0011
0011
0011
0011
0011
0011
0011
0011
0011
0011
0011
0011
0011
0011
0011
0011
0011
0011
0011
0011
0011
0011
0011
0011
0011
0011
0011
0011
0011
0011
0011
0011
0011
0011
0011
0011
0011
0011
0011
0011
0011
0011
0011
0011
0011
0011
0011
0011
0011
0011
0011
0011
0011
0011
0011
0011
0011
0011
0011
0011
0011
0011
0011
0011
0011
0011
0011
0011
0011
0011
0011
0011
0011
0011
0011
0011
0011
0011
0011
0011
0011
0011
0011
0011
0011
0011
0011
0011
0011
0011
0011
0011
0011
0011
0011
0011
0011
0011
0011
0011
0011
0011
0011
0011
0011
0011
0011
0011
0011
0011
0011
0011
0011
0011
0011
0011
0011
0011
0011
0011
0011
0011
0011
0011
0011
0011
0011
0011
0011
0011
0011
0011
0011
0011
0011
0011
0011
0011
0011
0011
0011
0011
0011
0011
0011
0011
0011
0011
0011
0011
0011
0011
0011
0011
0011
0011
0011
0011
0011
0011
0011
0011
0011
0011
0011
0011
0011
0011
0011
0011
0011
0011
0011
0011
0011
0011
0011
0011
0011
0011
0011
0011
0011
0012
0012
0012
0012
0012
0012
0012
0012
0012
0012
0012
0012
0012
0012
0012
0012
0012
0012
0012
0012
0012
0012
0012
0012
0012
0012
0012
0012
0012
0012
0012
0012
0012
0012
0012
0012
0012
0012
0012
0012
0012
0012
0012
0012
0012
0012
0012
0012
0012
0012
0012
0012
0012
0012
0012
0012
0012
0012
0012
0012
0012
0012
0012
0012
0012
0012
0012
0012
0012
0012
0012
0012
0012
0012
0012
0012
0012
0012
0012
0012
0012
0012
0012
0012
0012
0012
0012
0012
0012
0012
0012
0012
0012
0012
0012
0012
0012
0012
0012
0012
0012
0012
0012
0012
0012
0012
0012
0012
0012
0012
0012
0012
0012
0012
0012
0012
0012
0012
0012
0012
0012
0012
0012
0012
0012
0012
0012
0012
0012
0012
0012
0012
0012
0012
0012
0012
0012
0012
0012
0012
0012
0012
0012
0012
0012
0012
0012
0012
0012
0012
0012
0012
0012
0012
0012
0012
0012
0012
0012
0012
0012
0012
0012
0012
0012
0012
0012
0012
0012
0012
0012
0012
0012
0012
0012
0012
0012
0012
0012
0012
0012
0012
0012
0012
0012
0012
0012
0012
0012
0012
0012
0012
0012
0012
0012
0012
0012
0012
0012
0012
0012
0012
0012
0012
0012
0012
0012
0012
0012
0012
0012
0012
0012
0012
0012
0012
0012
0012
0012
0012
0012
0012
0012
0012
0012
0012
0012
0012
0012
0012
0012
0012
0012
0012
0012
0012
0012
0012
0012
0012
0012
0012
0012
0012
0012
0012
0012
0012
0012
0012
0012
0012
0012
0012
0012
0012
0013
0013
0013
0013
0013
0013
0013
0013
0013
0013
0013
0013
0013
0013
0013
0013
0013
0013
0013
0013
0013
0013
0013
0013
0013
0013
0013
0013
0013
0013
0013
0013
0013
0013
0013
0013
0013
0013
0013
0013
0013
0013
0013
0013
0013
0013
0013
0013
0013
0013
0013
0013
0013
0013
0013
0013
0013
0013
0013
0013
0013
0013
0013
0013
0013
0013
0013
0013
0013
0013
0013
0013
0013
0013
0013
0013
0013
0013
0013
0013
0013
0013
0013
0013
0013
0013
0013
0013
0013
0013
0013
0013
0013
0013
0013
0013
0013
0013
0013
0013
0013
0013
0013
0013
0013
0013
0013
0013
0013
0013
0013
0013
0013
0013
0013
0013
0013
0013
0013
0013
0013
0013
0013
0013
0013
0013
0013
0013
0013
0013
0013
0013
0013
0013
0013
0013
0013
0013
0013
0013
0013
0013
0013
0013
0013
0013
0013
0013
0013
0013
0013
0013
0013
0013
0013
0013
0013
0013
0013
0013
0013
0013
0013
0013
0013
0013
0013
0013
0013
0013
0013
0013
0013
0013
0013
0013
0013
0013
0013
0013
0013
0013
0013
0013
0013
0013
0013
0013
0013
0013
0013
0013
0013
0013
0013
0013
0013
0013
0013
0013
0013
0013
0013
0013
0013
0013
0013
0013
0013
0013
0013
0013
0013
0013
0013
0013
0013
0013
0013
0013
0013
0013
0013
0013
0013
0013
0013
0013
0013
0013
0013
0013
0013
0013
0013
0013
0013
0013
0013
0013
0013
0013
0013
0013
0013
0013
0013
0013
0013
0013
0013
0013
0013
0013
0013
0013
0014
0014
0014
0014
0014
0014
0014
0014
0014
0014
0014
0014
0014
0014
0014
0014
0014
0014
0014
0014
0014
0014
0014
0014
0014
0014
0014
0014
0014
0014
0014
0014
0014
0014
0014
0014
0014
0014
0014
0014
0014
0014
0014
0014
0014
0014
0014
0014
0014
0014
0014
0014
0014
0014
0014
0014
0014
0014
0014
0014
0014
0014
0014
0014
0014
0014
0014
0014
0014
0014
0014
0014
0014
0014
0014
0014
0014
0014
0014
0014
0014
0014
0014
0014
0014
0014
0014
0014
0014
0014
0014
0014
0014
0014
0014
0014
0014
0014
0014
0014
0014
0014
0014
0014
0014
0014
0014
0014
0014
0014
0014
0014
0014
0014
0014
0014
0014
0014
0014
0014
0014
0014
0014
0014
0014
0014
0014
0014
0014
0014
0014
0014
0014
0014
0014
0014
0014
0014
0014
0014
0014
0014
0014
0014
0014
0014
0014
0014
0014
0014
0014
0014
0014
0014
0014
0014
0014
0014
0014
0014
0014
0014
0014
0014
0014
0014
0014
0014
0014
0014
0014
0014
0014
0014
0014
0014
0014
0014
0014
0014
0014
0014
0014
0014
0014
0014
0014
0014
0014
0014
0014
0014
0014
0014
0014
0014
0014
0014
0014
0014
0014
0014
0014
0014
0014
0014
0014
0014
0014
0014
0014
0014
0014
0014
0014
0014
0014
0014
0014
0014
0014
0014
0014
0014
0014
0014
0014
0014
0014
0014
0014
0014
0014
0014
0014
0014
0014
0014
0014
0014
0014
0014
0014
0014
0014
0014
0014
0014
0014
0014
0014
0014
0014
0014
0014
0014
0015
0015
0015
0015
0015
0015
0015
0015
0015
0015
0015
0015
0015
0015
0015
0015
0015
0015
0015
0015
0015
0015
0015
0015
0015
0015
0015
0015
0015
0015
0015
0015
0015
0015
0015
0015
0015
0015
0015
0015
0015
0015
0015
0015
0015
0015
0015
0015
0015
0015
0015
0015
0015
0015
0015
0015
0015
0015
0015
0015
0015
0015
0015
0015
0015
0015
0015
0015
0015
0015
0015
0015
0015
0015
0015
0015
0015
0015
0015
0015
0015
0015
0015
0015
0015
0015
0015
0015
0015
0015
0015
0015
0015
0015
0015
0015
0015
0015
0015
0015
0015
0015
0015
0015
0015
0015
0015
0015
0015
0015
0015
0015
0015
0015
0015
0015
0015
0015
0015
0015
0015
0015
0015
0015
0015
0015
0015
0015
0015
0015
0015
0015
0015
0015
0015
0015
0015
0015
0015
0015
0015
0015
0015
0015
0015
0015
0015
0015
0015
0015
0015
0015
0015
0015
0015
0015
0015
0015
0015
0015
0015
0015
0015
0015
0015
0015
0015
0015
0015
0015
0015
0015
0015
0015
0015
0015
0015
0015
0015
0015
0015
0015
0015
0015
0015
0015
0015
0015
0015
0015
0015
0015
0015
0015
0015
0015
0015
0015
0015
0015
0015
0015
0015
0015
0015
0015
0015
0015
0015
0015
0015
0015
0015
0015
0016
0016
0016
0016
0016
0016
0016
0016
0016
0016
0016
0016
0016
0016
0016
0016
0016
0016
0016
0016
0016
0016
0016
0016
0016
0016
0016
0016
0016
0016
0016
0016
0016
0016
0016
0016
0016
0016
0016
0016
0016
0016
0016
0016
0016
0016
0016
0016
0016
0016
0016
0016
0016
0016
0016
0016
0016
0016
0016
0016
0016
0016
0016
0016
0016
0016
0016
0016
0016
0016
0016
0016
0016
0016
0016
0016
0016
0016
0016
0016
0016
0016
0016
0016
0016
0016
0016
0016
0016
0016
0016
0016
0016
0016
0016
0016
0016
0016
0016
0016
0016
0016
0016
0016
0016
0016
0016
0016
0016
0016
0016
0016
0016
0016
0016
0016
0016
0016
0016
0016
0016
0016
0016
0016
0016
0016
0016
0016
0016
0016
0016
0016
0016
0016
0016
0016
0016
0016
0016
0016
0016
0016
0016
0016
0016
0016
0016
0016
0016
0016
0016
0016
0016
0016
0016
0016
0016
0016
0016
0016
0016
0016
0016
0016
0016
0016
0016
0016
0016
0016
0017
0017
0017
0017
0017
0017
0017
0017
0017
0017
0017
0017
0017
0017
0017
0017
0017
0017
0017
0017
0017
0017
0017
0017
0017
0017
0017
0017
0017
0017
0017
0017
0017
0017
0017
0017
0017
0017
0017
0017
0017
0017
0017
0017
0017
0017
0017
0017
0017
0017
0017
0017
0017
0017
0017
0017
0017
0017
0017
0017
0017
0017
0017
0017
0017
0017
0017
0017
0017
0017
0017
0017
0017
0017
0017
0017
0017
0017
0017
0017
0017
0017
0017
0017
0017
0017
0017
0017
0017
0017
0017
0017
0017
0017
0017
0017
0017
0017
0017
0017
0017
0017
0017
0017
0017
0017
0017
0017
0017
0017
0017
0017
0017
0017
0017
0017
0017
0017
0017
0017
0017
0017
0017
0017
0017
0017
0017
0017
0017
0017
0017
0017
0017
0017
0017
0017
0017
0017
0017
0017
0017
0017
0017
0017
0017
0017
0017
0017
0017
0017
0017
0017
0017
0017
0017
0017
0017
0017
0017
0017
0017
0017
0017
0017
0017
0017
0017
0017
0017
0017
0017
0018
0018
0018
0018
0018
0018
0018
0018
0018
0018
0018
0018
0018
0018
0018
0018
0018
0018
0018
0018
0018
0018
0018
0018
0018
0018
0018
0018
0018
0018
0018
0018
0018
0018
0018
0018
0018
0018
0018
0018
0018
0018
0018
0018
0018
0018
0018
0018
0018
0018
0018
0018
0018
0018
0018
0018
0018
0018
0018
0018
0018
0018
0018
0018
0018
0018
0018
0018
0018
0018
0018
0018
0018
0018
0018
0018
0018
0018
0018
0018
0018
0018
0018
0018
0018
0018
0018
0018
0018
0018
0018
0018
0018
0018
0018
0018
0018
0018
0018
0018
0018
0018
0018
0018
0018
0018
0018
0018
0018
0018
0018
0018
0018
0018
0018
0018
0018
0018
0018
0018
0018
0018
0018
0018
0018
0018
0018
0018
0018
0018
0018
0018
0018
0018
0018
0018
0018
0018
0018
0018
0018
0018
0018
0018
0018
0018
0018
0018
0018
0019
0019
0019
0019
0019
0019
0019
0019
0019
0019
0019
0019
0019
0019
0019
0019
0019
0019
0019
0019
0019
0019
0019
0019
0019
0019
0019
0019
0019
0019
0019
0019
0019
0019
0019
0019
0019
0019
0019
0019
0019
0019
0019
0019
0019
0019
0019
0019
0019
0019
0019
0019
0019
0019
0019
0019
0019
0019
0019
0019
0019
0019
0019
0019
0019
0019
0019
0019
0019
0019
0019
0019
0019
0019
0019
0019
0019
0019
0019
0019
0019
0019
0019
0019
0019
0019
0019
0019
0019
0019
0019
0019
0019
0019
0019
0019
0019
0019
0019
0019
0019
0019
0019
0019
0019
0019
0019
0019
0019
0019
0019
0019
0019
0019
0019
0019
0019
0019
0019
0019
0019
0019
0019
0019
0019
0019
0019
0019
001a
001a
001a
001a
001a
001a
001a
001a
001a
001a
001a
001a
001a
001a
001a
001a
001a
001a
001a
001a
001a
001a
001a
001a
001a
001a
001a
001a
001a
001a
001a
001a
001a
001a
001a
001a
001a
001a
001a
001a
001a
001a
001a
001a
001a
001a
001a
001a
001a
001a
001a
001a
001a
001a
001a
001a
001a
001a
001a
001a
001a
001a
001a
001a
001a
001a
001a
001a
001a
001a
001a
001a
001a
001a
001a
001a
001a
001a
001a
001a
001a
001a
001a
001a
001a
001a
001a
001a
001a
001a
001a
001a
001a
001a
001a
001a
001a
001a
001a
001a
001a
001a
001a
001a
001a
001a
001a
001a
001a
001a
001a
001a
001a
001a
001a
001a
001a
001a
001a
001a
001a
001a
001a
001a
001a
001a
001a
001a
001b
001b
001b
001b
001b
001b
001b
001b
001b
001b
001b
001b
001b
001b
001b
001b
001b
001b
001b
001b
001b
001b
001b
001b
001b
001b
001b
001b
001b
001b
001b
001b
001b
001b
001b
001b
001b
001b
001b
001b
001b
001b
001b
001b
001b
001b
001b
001b
001b
001b
001b
001b
001b
001b
001b
001b
001b
001b
001b
001b
001b
001b
001b
001b
001b
001b
001b
001b
001b
001b
001b
001b
001b
001b
001b
001b
001b
001b
001b
001b
001b
001b
001b
001b
001b
001b
001b
001b
001b
001b
001b
001b
001b
001b
001b
001b
001b
001b
001b
001b
001b
001b
001b
001b
001b
001b
001b
001b
001b
001b
001b
001b
001b
001b
001b
001b
001b
001b
001b
001b
001b
001b
001b
001b
001b
001b
001b
001b
001c
001c
001c
001c
001c
001c
001c
001c
001c
001c
001c
001c
001c
001c
001c
001c
001c
001c
001c
001c
001c
001c
001c
001c
001c
001c
001c
001c
001c
001c
001c
001c
001c
001c
001c
001c
001c
001c
001c
001c
001c
001c
001c
001c
001c
001c
001c
001c
001c
001c
001c
001c
001c
001c
001c
001c
001c
001c
001c
001c
001c
001c
001c
001c
001c
001c
001c
001c
001c
001c
001c
001c
001c
001c
001c
001c
001c
001c
001c
001c
001c
001c
001c
001c
001c
001c
001c
001c
001c
001c
001c
001c
001c
001c
001c
001c
001c
001c
001c
001c
001c
001c
001c
001c
001c
001c
001c
001c
001c
001c
001c
001c
001c
001c
001c
001c
001c
001c
001c
001c
001c
001c
001c
001c
001c
001c
001c
001c
001c
001c
001c
001c
001c
001c
001c
001c
001c
001c
001c
001c
001c
001c
001c
001c
001c
001c
001c
001c
001c
001c
001d
001d
001d
001d
001d
001d
001d
001d
001d
001d
001d
001d
001d
001d
001d
001d
001d
001d
001d
001d
001d
001d
001d
001d
001d
001d
001d
001d
001d
001d
001d
001d
001d
001d
001d
001d
001d
001d
001d
001d
001d
001d
001d
001d
001d
001d
001d
001d
001d
001d
001d
001d
001d
001d
001d
001d
001d
001d
001d
001d
001d
001d
001d
001d
001d
001d
001d
001d
001d
001d
001d
001d
001d
001d
001d
001d
001d
001d
001d
001d
001d
001d
001d
001d
001d
001d
001d
001d
001d
001d
001d
001d
001d
001d
001d
001d
001d
001d
001d
001d
001d
001d
001d
001d
001d
001d
001d
001d
001d
001d
001d
001d
001d
001d
001d
001d
001d
001d
001d
001d
001d
001d
001d
001d
001d
001d
001d
001d
001d
001d
001d
001d
001d
001d
001d
001d
001d
001d
001d
001d
001d
001d
001d
001d
001d
001d
001d
001d
001d
001d
001d
001d
001d
001d
001d
001d
001d
001d
001d
001d
001d
001d
001d
001d
001d
001d
001d
001d
001d
001d
001e
001e
001e
001e
001e
001e
001e
001e
001e
001e
001e
001e
001e
001e
001e
001e
001e
001e
001e
001e
001e
001e
001e
001e
001e
001e
001e
001e
001e
001e
001e
001e
001e
001e
001e
001e
001e
001e
001e
001e
001e
001e
001e
001e
001e
001e
001e
001e
001e
001e
001e
001e
001e
001e
001e
001e
001e
001e
001e
001e
001e
001e
001e
001e
001e
001e
001e
001e
001e
001e
001e
001e
001e
001e
001e
001e
001e
001e
001e
001e
001e
001e
001e
001e
001e
001e
001e
001e
001e
001e
001e
001e
001e
001e
001e
001e
001e
001e
001e
001e
001e
001e
001e
001e
001e
001e
001e
001e
001e
001e
001e
001e
001e
001e
001e
001e
001e
001e
001e
001e
001e
001e
001e
001e
001e
001e
001e
001e
001e
001e
001e
001e
001e
001e
001e
001e
001e
001e
001e
001e
001e
001e
001e
001e
001e
001e
001e
001e
001e
001e
001e
001e
001e
001e
001e
001e
001e
001e
001e
001e
001e
001e
001e
001e
001e
001e
001e
001e
001e
001e
001e
001f
001f
001f
001f
001f
001f
001f
001f
001f
001f
001f
001f
001f
001f
001f
001f
001f
001f
001f
001f
001f
001f
001f
001f
001f
001f
001f
001f
001f
001f
001f
001f
001f
001f
001f
001f
001f
001f
001f
001f
001f
001f
001f
001f
001f
001f
001f
001f
001f
001f
001f
001f
001f
001f
001f
001f
001f
001f
001f
001f
001f
001f
001f
001f
001f
001f
001f
001f
001f
001f
001f
001f
001f
001f
001f
001f
001f
001f
001f
001f
001f
001f
001f
001f
001f
001f
001f
001f
001f
001f
001f
001f
001f
001f
001f
001f
001f
001f
001f
001f
001f
001f
001f
001f
001f
001f
001f
001f
001f
001f
001f
001f
001f
001f
001f
001f
001f
001f
001f
001f
001f
001f
001f
001f
001f
001f
001f
001f
001f
001f
001f
001f
001f
001f
001f
001f
001f
001f
001f
001f
001f
001f
001f
001f
001f
001f
001f
001f
001f
0020
0020
0020
0020
0020
0020
0020
0020
0020
0020
0020
0020
0020
0020
0020
0020
0020
0020
0020
0020
0020
0020
0020
0020
0020
0020
0020
0020
0020
0020
0020
0020
0020
0020
0020
0020
0020
0020
0020
0020
0020
0020
0020
0020
0020
0020
0020
0020
0020
0020
0020
0020
0020
0020
0020
0020
0020
0020
0020
0020
0020
0020
0020
0020
0020
0020
0020
0020
0020
0020
0020
0020
0020
0020
0020
0020
0020
0020
0020
0020
0020
0020
0020
0020
0020
0020
0020
0020
0020
0020
0020
0020
0020
0020
0020
0020
0020
0020
0020
0020
0020
0020
0020
0020
0020
0020
0020
0020
0020
0020
0020
0020
0020
0020
0020
0020
0020
0020
0020
0020
0020
0020
0020
0020
0020
0020
0020
0020
0021
0021
0021
0021
0021
0021
0021
0021
0021
0021
0021
0021
0021
0021
0021
0021
0021
0021
0021
0021
0021
0021
0021
0021
0021
0021
0021
0021
0021
0021
0021
0021
0021
0021
0021
0021
0021
0021
0021
0021
0021
0021
0021
0021
0021
0021
0021
0021
0021
0021
0021
0021
0021
0021
0021
0021
0021
0021
0021
0021
0021
0021
0021
0021
0021
0021
0021
0021
0021
0021
0021
0021
0021
0021
0021
0021
0021
0021
0021
0021
0021
0021
0021
0021
0021
0021
0021
0021
0021
0021
0021
0021
0021
0021
0021
0021
0021
0021
0021
0021
0021
0021
0021
0021
0021
0021
0021
0021
0021
0021
0021
0021
0021
0021
0021
0021
0021
0021
0021
0021
0021
0021
0021
0021
0021
0021
0021
0021
0022
0022
0022
0022
0022
0022
0022
0022
0022
0022
0022
0022
0022
0022
0022
0022
0022
0022
0022
0022
0022
0022
0022
0022
0022
0022
0022
0022
0022
0022
0022
0022
0022
0022
0022
0022
0022
0022
0022
0022
0022
0022
0022
0022
0022
0022
0022
0022
0022
0022
0022
0022
0022
0022
0022
0022
0022
0022
0022
0022
0022
0022
0022
0022
0022
0022
0022
0022
0022
0022
0022
0022
0022
0022
0022
0022
0022
0022
0022
0022
0022
0022
0022
0022
0022
0022
0022
0022
0022
0022
0022
0022
0022
0022
0022
0022
0022
0022
0022
0022
0022
0022
0022
0022
0022
0022
0022
0022
0022
0022
0022
0022
0022
0022
0022
0022
0022
0022
0022
0022
0022
0022
0022
0022
0022
0022
0022
0022
0023
0023
0023
0023
0023
0023
0023
0023
0023
0023
0023
0023
0023
0023
0023
0023
0023
0023
0023
0023
0023
0023
0023
0023
0023
0023
0023
0023
0023
0023
0023
0023
0023
0023
0023
0023
0023
0023
0023
0023
0023
0023
0023
0023
0023
0023
0023
0023
0023
0023
0023
0023
0023
0023
0023
0023
0023
0023
0023
0023
0023
0023
0023
0023
0023
0023
0023
0023
0023
0023
0023
0023
0023
0023
0023
0023
0023
0023
0023
0023
0023
0023
0023
0023
0023
0023
0023
0023
0023
0023
0023
0023
0023
0023
0023
0023
0023
0023
0023
0023
0023
0023
0023
0023
0023
0023
0023
0023
0023
0023
0023
0023
0023
0023
0023
0023
0024
0024
0024
0024
0024
0024
0024
0024
0024
0024
0024
0024
0024
0024
0024
0024
0024
0024
0024
0024
0024
0024
0024
0024
0024
0024
0024
0024
0024
0024
0024
0024
0024
0024
0024
0024
0024
0024
0024
0024
0024
0024
0024
0024
0024
0024
0024
0024
0024
0024
0024
0024
0024
0024
0024
0024
0024
0024
0024
0024
0024
0024
0024
0024
0024
0024
0024
0024
0024
0024
0024
0024
0024
0024
0024
0024
0024
0024
0024
0024
0024
0024
0024
0024
0024
0024
0024
0024
0024
0024
0024
0024
0024
0024
0024
0024
0024
0024
0024
0024
0024
0024
0025
0025
0025
0025
0025
0025
0025
0025
0025
0025
0025
0025
0025
0025
0025
0025
0025
0025
0025
0025
0025
0025
0025
0025
0025
0025
0025
0025
0025
0025
0025
0025
0025
0025
0025
0025
0025
0025
0025
0025
0025
0025
0025
0025
0025
0025
0025
0025
0025
0025
0025
0025
0025
0025
0025
0025
0025
0025
0025
0025
0025
0025
0025
0025
0025
0025
0025
0025
0025
0025
0025
0025
0025
0025
0025
0025
0025
0025
0025
0025
0025
0025
0025
0025
0025
0025
0025
0025
0025
0025
0025
0025
0025
0025
0025
0025
0025
0025
0025
0025
0025
0025
0026
0026
0026
0026
0026
0026
0026
0026
0026
0026
0026
0026
0026
0026
0026
0026
0026
0026
0026
0026
0026
0026
0026
0026
0026
0026
0026
0026
0026
0026
0026
0026
0026
0026
0026
0026
0026
0026
0026
0026
0026
0026
0026
0026
0026
0026
0026
0026
0026
0026
0026
0026
0026
0026
0026
0026
0026
0026
0026
0026
0026
0026
0026
0026
0026
0026
0026
0026
0026
0026
0026
0026
0026
0026
0026
0026
0026
0026
0026
0026
0026
0026
0026
0026
0026
0026
0026
0026
0026
0026
0026
0026
0026
0026
0026
0026
0026
0026
0026
0026
0026
0026
0026
0027
0027
0027
0027
0027
0027
0027
0027
0027
0027
0027
0027
0027
0027
0027
0027
0027
0027
0027
0027
0027
0027
0027
0027
0027
0027
0027
0027
0027
0027
0027
0027
0027
0027
0027
0027
0027
0027
0027
0027
0027
0027
0027
0027
0027
0027
0027
0027
0027
0027
0027
0027
0027
0027
0027
0027
0027
0027
0027
0027
0027
0027
0027
0027
0027
0027
0027
0027
0027
0027
0027
0027
0027
0027
0027
0027
0027
0027
0027
0027
0027
0027
0027
0027
0027
0027
0027
0027
0027
0027
0027
0027
0027
0027
0027
0027
0027
0027
0027
0027
0027
0027
0028
0028
0028
0028
0028
0028
0028
0028
0028
0028
0028
0028
0028
0028
0028
0028
0028
0028
0028
0028
0028
0028
0028
0028
0028
0028
0028
0028
0028
0028
0028
0028
0028
0028
0028
0028
0028
0028
0028
0028
0028
0028
0028
0028
0028
0028
0028
0028
0028
0028
0028
0028
0028
0028
0028
0028
0028
0028
0028
0028
0028
0028
0028
0028
0028
0028
0028
0028
0028
0028
0028
0028
0028
0028
0028
0028
0028
0028
0028
0028
0028
0028
0028
0028
0028
0028
0028
0028
0028
0028
0028
0028
0028
0028
0029
0029
0029
0029
0029
0029
0029
0029
0029
0029
0029
0029
0029
0029
0029
0029
0029
0029
0029
0029
0029
0029
0029
0029
0029
0029
0029
0029
0029
0029
0029
0029
0029
0029
0029
0029
0029
0029
0029
0029
0029
0029
0029
0029
0029
0029
0029
0029
0029
0029
0029
0029
0029
0029
0029
0029
0029
0029
0029
0029
0029
0029
0029
0029
0029
0029
0029
0029
0029
0029
0029
0029
0029
0029
0029
0029
0029
0029
0029
0029
0029
0029
0029
0029
0029
002a
002a
002a
002a
002a
002a
002a
002a
002a
002a
002a
002a
002a
002a
002a
002a
002a
002a
002a
002a
002a
002a
002a
002a
002a
002a
002a
002a
002a
002a
002a
002a
002a
002a
002a
002a
002a
002a
002a
002a
002a
002a
002a
002a
002a
002a
002a
002a
002a
002a
002a
002a
002a
002a
002a
002a
002a
002a
002a
002a
002a
002a
002a
002a
002a
002a
002a
002a
002a
002a
002a
002a
002a
002a
002a
002a
002a
002a
002a
002a
002a
002a
002a
002a
002a
002a
002b
002b
002b
002b
002b
002b
002b
002b
002b
002b
002b
002b
002b
002b
002b
002b
002b
002b
002b
002b
002b
002b
002b
002b
002b
002b
002b
002b
002b
002b
002b
002b
002b
002b
002b
002b
002b
002b
002b
002b
002b
002b
002b
002b
002b
002b
002b
002b
002b
002b
002b
002b
002b
002b
002b
002b
002b
002b
002b
002b
002b
002b
002b
002b
002b
002b
002b
002b
002b
002b
002b
002b
002b
002b
002b
002b
002b
002b
002b
002b
002b
002b
002b
002b
002b
002c
002c
002c
002c
002c
002c
002c
002c
002c
002c
002c
002c
002c
002c
002c
002c
002c
002c
002c
002c
002c
002c
002c
002c
002c
002c
002c
002c
002c
002c
002c
002c
002c
002c
002c
002c
002c
002c
002c
002c
002c
002c
002c
002c
002c
002c
002c
002c
002c
002c
002c
002c
002c
002c
002c
002c
002c
002c
002c
002c
002c
002c
002c
002c
002c
002c
002c
002c
002c
002c
002c
002c
002c
002c
002c
002c
002c
002c
002c
002c
002c
002c
002c
002c
002c
002d
002d
002d
002d
002d
002d
002d
002d
002d
002d
002d
002d
002d
002d
002d
002d
002d
002d
002d
002d
002d
002d
002d
002d
002d
002d
002d
002d
002d
002d
002d
002d
002d
002d
002d
002d
002d
002d
002d
002d
002d
002d
002d
002d
002d
002d
002d
002d
002d
002d
002d
002d
002d
002d
002d
002d
002d
002d
002d
002d
002d
002d
002d
002d
002d
002d
002d
002d
002d
002d
002d
002d
002d
002d
002d
002d
002d
002d
002d
002d
002d
002d
002d
002d
002d
002d
002e
002e
002e
002e
002e
002e
002e
002e
002e
002e
002e
002e
002e
002e
002e
002e
002e
002e
002e
002e
002e
002e
002e
002e
002e
002e
002e
002e
002e
002e
002e
002e
002e
002e
002e
002e
002e
002e
002e
002e
002e
002e
002e
002e
002e
002e
002e
002e
002e
002e
002e
002e
002e
002e
002e
002e
002e
002e
002e
002e
002e
002e
002e
002e
002e
002e
002e
002e
002e
002e
002e
002e
002e
002e
002e
002e
002e
002e
002e
002e
002e
002e
002e
002e
002e
002f
002f
002f
002f
002f
002f
002f
002f
002f
002f
002f
002f
002f
002f
002f
002f
002f
002f
002f
002f
002f
002f
002f
002f
002f
002f
002f
002f
002f
002f
002f
002f
002f
002f
002f
002f
002f
002f
002f
002f
002f
002f
002f
002f
002f
002f
002f
002f
002f
002f
002f
002f
002f
002f
002f
002f
002f
002f
002f
002f
002f
002f
002f
002f
002f
002f
002f
002f
002f
002f
002f
002f
002f
002f
002f
002f
002f
002f
002f
002f
002f
002f
002f
002f
002f
0030
0030
0030
0030
0030
0030
0030
0030
0030
0030
0030
0030
0030
0030
0030
0030
0030
0030
0030
0030
0030
0030
0030
0030
0030
0030
0030
0030
0030
0030
0030
0030
0030
0030
0030
0030
0030
0030
0030
0030
0030
0030
0030
0030
0030
0030
0030
0030
0030
0030
0030
0030
0030
0030
0030
0030
0030
0030
0030
0030
0030
0030
0030
0030
0030
0030
0030
0030
0030
0030
0030
0030
0030
0030
0030
0030
0030
0030
0030
0030
0030
0030
0030
0030
0030
0030
0031
0031
0031
0031
0031
0031
0031
0031
0031
0031
0031
0031
0031
0031
0031
0031
0031
0031
0031
0031
0031
0031
0031
0031
0031
0031
0031
0031
0031
0031
0031
0031
0031
0031
0031
0031
0031
0031
0031
0031
0031
0031
0031
0031
0031
0031
0031
0031
0031
0031
0031
0031
0031
0031
0031
0031
0031
0031
0031
0031
0031
0031
0031
0031
0031
0031
0031
0031
0031
0031
0031
0031
0031
0031
0031
0031
0031
0031
0031
0031
0031
0031
0031
0031
0031
0032
0032
0032
0032
0032
0032
0032
0032
0032
0032
0032
0032
0032
0032
0032
0032
0032
0032
0032
0032
0032
0032
0032
0032
0032
0032
0032
0032
0032
0032
0032
0032
0032
0032
0032
0032
0032
0032
0032
0032
0032
0032
0032
0032
0032
0032
0032
0032
0032
0032
0032
0032
0032
0032
0032
0032
0032
0032
0032
0032
0032
0032
0032
0032
0032
0032
0032
0032
0032
0032
0032
0032
0032
0032
0032
0032
0032
0032
0032
0032
0032
0032
0032
0032
0032
0033
0033
0033
0033
0033
0033
0033
0033
0033
0033
0033
0033
0033
0033
0033
0033
0033
0033
0033
0033
0033
0033
0033
0033
0033
0033
0033
0033
0033
0033
0033
0033
0033
0033
0033
0033
0033
0033
0033
0033
0033
0033
0033
0033
0033
0033
0033
0033
0033
0033
0033
0033
0033
0033
0033
0033
0033
0033
0033
0033
0033
0033
0033
0033
0033
0033
0033
0033
0033
0033
0033
0033
0033
0033
0033
0033
0033
0033
0033
0033
0033
0033
0033
0033
0033
0033
0034
0034
0034
0034
0034
0034
0034
0034
0034
0034
0034
0034
0034
0034
0034
0034
0034
0034
0034
0034
0034
0034
0034
0034
0034
0034
0034
0034
0034
0034
0034
0034
0034
0034
0034
0034
0034
0034
0034
0034
0034
0034
0034
0034
0034
0034
0034
0034
0034
0034
0034
0034
0034
0034
0034
0034
0034
0034
0034
0034
0034
0034
0034
0034
0034
0034
0034
0034
0034
0034
0034
0034
0034
0034
0034
0034
0034
0034
0034
0034
0034
0034
0034
0034
0034
0035
0035
0035
0035
0035
0035
0035
0035
0035
0035
0035
0035
0035
0035
0035
0035
0035
0035
0035
0035
0035
0035
0035
0035
0035
0035
0035
0035
0035
0035
0035
0035
0035
0035
0035
0035
0035
0035
0035
0035
0035
0035
0035
0035
0035
0035
0035
0035
0035
0035
0035
0035
0035
0035
0035
0035
0035
0035
0035
0035
0035
0035
0035
0035
0035
0035
0035
0035
0035
0035
0035
0035
0035
0035
0035
0035
0035
0035
0035
0035
0035
0035
0035
0035
0035
0036
0036
0036
0036
0036
0036
0036
0036
0036
0036
0036
0036
0036
0036
0036
0036
0036
0036
0036
0036
0036
0036
0036
0036
0036
0036
0036
0036
0036
0036
0036
0036
0036
0036
0036
0036
0036
0036
0036
0036
0036
0036
0036
0036
0036
0036
0036
0036
0036
0036
0036
0036
0036
0036
0036
0036
0036
0036
0036
0036
0036
0036
0036
0036
0036
0036
0036
0036
0036
0036
0036
0036
0036
0036
0036
0036
0036
0036
0036
0036
0036
0036
0036
0036
0036
0036
0037
0037
0037
0037
0037
0037
0037
0037
0037
0037
0037
0037
0037
0037
0037
0037
0037
0037
0037
0037
0037
0037
0037
0037
0037
0037
0037
0037
0037
0037
0037
0037
0037
0037
0037
0037
0037
0037
0037
0037
0037
0037
0037
0037
0037
0037
0037
0037
0037
0037
0037
0037
0037
0037
0037
0037
0037
0037
0037
0037
0037
0037
0037
0037
0037
0037
0037
0037
0037
0037
0037
0037
0037
0037
0037
0037
0037
0037
0037
0037
0037
0037
0037
0037
0037
0038
0038
0038
0038
0038
0038
0038
0038
0038
0038
0038
0038
0038
0038
0038
0038
0038
0038
0038
0038
0038
0038
0038
0038
0038
0038
0038
0038
0038
0038
0038
0038
0038
0038
0038
0038
0038
0038
0038
0038
0038
0038
0038
0038
0038
0038
0038
0038
0038
0038
0038
0038
0038
0038
0038
0038
0038
0038
0038
0038
0038
0038
0038
0038
0038
0038
0038
0038
0038
0038
0038
0038
0038
0038
0038
0038
0038
0038
0038
0038
0038
0038
0038
0038
0038
0039
0039
0039
0039
0039
0039
0039
0039
0039
0039
0039
0039
0039
0039
0039
0039
0039
0039
0039
0039
0039
0039
0039
0039
0039
0039
0039
0039
0039
0039
0039
0039
0039
0039
0039
0039
0039
0039
0039
0039
0039
0039
0039
0039
0039
0039
0039
0039
0039
0039
0039
0039
0039
0039
0039
0039
0039
0039
0039
0039
0039
0039
0039
0039
0039
0039
0039
0039
0039
0039
0039
0039
0039
0039
0039
0039
0039
0039
0039
0039
0039
0039
0039
0039
0039
0039
003a
003a
003a
003a
003a
003a
003a
003a
003a
003a
003a
003a
003a
003a
003a
003a
003a
003a
003a
003a
003a
003a
003a
003a
003a
003a
003a
003a
003a
003a
003a
003a
003a
003a
003a
003a
003a
003a
003a
003a
003a
003a
003a
003a
003a
003a
003a
003a
003a
003a
003a
003a
003a
003a
003a
003a
003a
003a
003a
003a
003a
003a
003a
003a
003a
003a
003a
003a
003a
003a
003a
003a
003a
003a
003b
003b
003b
003b
003b
003b
003b
003b
003b
003b
003b
003b
003b
003b
003b
003b
003b
003b
003b
003b
003b
003b
003b
003b
003b
003b
003b
003b
003b
003b
003b
003b
003b
003b
003b
003b
003b
003b
003b
003b
003b
003b
003b
003b
003b
003b
003b
003b
003b
003b
003b
003b
003b
003b
003b
003b
003b
003b
003b
003b
003b
003b
003b
003b
003c
003c
003c
003c
003c
003c
003c
003c
003c
003c
003c
003c
003c
003c
003c
003c
003c
003c
003c
003c
003c
003c
003c
003c
003c
003c
003c
003c
003c
003c
003c
003c
003c
003c
003c
003c
003c
003c
003c
003c
003c
003c
003c
003c
003c
003c
003c
003c
003c
003c
003c
003c
003c
003c
003c
003c
003c
003c
003c
003c
003c
003c
003c
003c
003d
003d
003d
003d
003d
003d
003d
003d
003d
003d
003d
003d
003d
003d
003d
003d
003d
003d
003d
003d
003d
003d
003d
003d
003d
003d
003d
003d
003d
003d
003d
003d
003d
003d
003d
003d
003d
003d
003d
003d
003d
003d
003d
003d
003d
003d
003d
003d
003d
003d
003d
003d
003d
003d
003d
003d
003d
003d
003d
003d
003d
003d
003d
003d
003e
003e
003e
003e
003e
003e
003e
003e
003e
003e
003e
003e
003e
003e
003e
003e
003e
003e
003e
003e
003e
003e
003e
003e
003e
003e
003e
003e
003e
003e
003e
003e
003e
003e
003e
003e
003e
003e
003e
003e
003e
003e
003e
003e
003e
003e
003e
003e
003e
003e
003e
003e
003e
003e
003e
003e
003e
003e
003e
003e
003e
003e
003e
003e
003f
003f
003f
003f
003f
003f
003f
003f
003f
003f
003f
003f
003f
003f
003f
003f
003f
003f
003f
003f
003f
003f
003f
003f
003f
003f
003f
003f
003f
003f
003f
003f
003f
003f
003f
003f
003f
003f
003f
003f
003f
003f
003f
003f
003f
003f
003f
003f
003f
003f
003f
003f
003f
003f
003f
003f
003f
003f
003f
003f
003f
003f
003f
003f
0040
0040
0040
0040
0040
0040
0040
0040
0040
0040
0040
0040
0040
0040
0040
0040
0040
0040
0040
0040
0040
0040
0040
0040
0040
0040
0040
0040
0040
0040
0040
0040
0040
0040
0040
0040
0040
0040
0040
0040
0040
0040
0040
0040
0040
0040
0040
0040
0040
0040
0040
0040
0040
0040
0040
0040
0040
0040
0040
0040
0040
0040
0040
0040
0041
0041
0041
0041
0041
0041
0041
0041
0041
0041
0041
0041
0041
0041
0041
0041
0041
0041
0041
0041
0041
0041
0041
0041
0041
0041
0041
0041
0041
0041
0041
0041
0041
0041
0041
0041
0041
0041
0041
0041
0041
0041
0041
0041
0041
0041
0041
0041
0041
0041
0041
0041
0041
0041
0041
0041
0041
0041
0041
0041
0041
0041
0041
0041
0042
0042
0042
0042
0042
0042
0042
0042
0042
0042
0042
0042
0042
0042
0042
0042
0042
0042
0042
0042
0042
0042
0042
0042
0042
0042
0042
0042
0042
0042
0042
0042
0042
0042
0042
0042
0042
0042
0042
0042
0042
0042
0042
0042
0042
0042
0042
0042
0042
0042
0042
0042
0042
0042
0042
0042
0042
0042
0042
0042
0042
0043
0043
0043
0043
0043
0043
0043
0043
0043
0043
0043
0043
0043
0043
0043
0043
0043
0043
0043
0043
0043
0043
0043
0043
0043
0043
0043
0043
0043
0043
0043
0043
0043
0043
0043
0043
0043
0043
0043
0043
0043
0043
0043
0043
0043
0043
0043
0043
0043
0043
0043
0043
0043
0043
0043
0043
0043
0044
0044
0044
0044
0044
0044
0044
0044
0044
0044
0044
0044
0044
0044
0044
0044
0044
0044
0044
0044
0044
0044
0044
0044
0044
0044
0044
0044
0044
0044
0044
0044
0044
0044
0044
0044
0044
0044
0044
0044
0044
0044
0044
0044
0044
0044
0044
0044
0044
0044
0044
0044
0044
0044
0044
0044
0044
0045
0045
0045
0045
0045
0045
0045
0045
0045
0045
0045
0045
0045
0045
0045
0045
0045
0045
0045
0045
0045
0045
0045
0045
0045
0045
0045
0045
0045
0045
0045
0045
0045
0045
0045
0045
0045
0045
0045
0045
0045
0045
0045
0045
0045
0045
0045
0045
0045
0045
0045
0045
0045
0045
0045
0045
0045
0046
0046
0046
0046
0046
0046
0046
0046
0046
0046
0046
0046
0046
0046
0046
0046
0046
0046
0046
0046
0046
0046
0046
0046
0046
0046
0046
0046
0046
0046
0046
0046
0046
0046
0046
0046
0046
0046
0046
0046
0046
0046
0046
0046
0046
0046
0046
0046
0046
0046
0046
0046
0046
0046
0046
0046
0047
0047
0047
0047
0047
0047
0047
0047
0047
0047
0047
0047
0047
0047
0047
0047
0047
0047
0047
0047
0047
0047
0047
0047
0047
0047
0047
0047
0047
0047
0047
0047
0047
0047
0047
0047
0047
0047
0047
0047
0047
0047
0047
0047
0047
0047
0047
0047
0047
0047
0047
0047
0047
0047
0047
0047
0047
0048
0048
0048
0048
0048
0048
0048
0048
0048
0048
0048
0048
0048
0048
0048
0048
0048
0048
0048
0048
0048
0048
0048
0048
0048
0048
0048
0048
0048
0048
0048
0048
0048
0048
0048
0048
0048
0048
0048
0048
0048
0048
0048
0048
0048
0048
0048
0048
0048
0048
0048
0048
0048
0048
0048
0048
0048
0049
0049
0049
0049
0049
0049
0049
0049
0049
0049
0049
0049
0049
0049
0049
0049
0049
0049
0049
0049
0049
0049
0049
0049
0049
0049
0049
0049
0049
0049
0049
0049
0049
0049
0049
0049
0049
0049
0049
0049
0049
0049
0049
0049
0049
0049
0049
0049
0049
0049
0049
0049
0049
0049
0049
0049
0049
004a
004a
004a
004a
004a
004a
004a
004a
004a
004a
004a
004a
004a
004a
004a
004a
004a
004a
004a
004a
004a
004a
004a
004a
004a
004a
004a
004a
004a
004a
004a
004a
004a
004a
004a
004a
004a
004a
004a
004a
004a
004a
004a
004a
004a
004a
004a
004a
004a
004a
004a
004a
004a
004a
004a
004a
004a
004b
004b
004b
004b
004b
004b
004b
004b
004b
004b
004b
004b
004b
004b
004b
004b
004b
004b
004b
004b
004b
004b
004b
004b
004b
004b
004b
004b
004b
004b
004b
004b
004b
004b
004b
004b
004b
004b
004b
004b
004b
004b
004b
004b
004b
004b
004b
004b
004b
004b
004b
004b
004b
004b
004c
004c
004c
004c
004c
004c
004c
004c
004c
004c
004c
004c
004c
004c
004c
004c
004c
004c
004c
004c
004c
004c
004c
004c
004c
004c
004c
004c
004c
004c
004c
004c
004c
004c
004c
004c
004c
004c
004c
004c
004c
004c
004c
004c
004c
004c
004c
004c
004c
004c
004c
004d
004d
004d
004d
004d
004d
004d
004d
004d
004d
004d
004d
004d
004d
004d
004d
004d
004d
004d
004d
004d
004d
004d
004d
004d
004d
004d
004d
004d
004d
004d
004d
004d
004d
004d
004d
004d
004d
004d
004d
004d
004d
004d
004d
004d
004d
004d
004d
004d
004d
004d
004e
004e
004e
004e
004e
004e
004e
004e
004e
004e
004e
004e
004e
004e
004e
004e
004e
004e
004e
004e
004e
004e
004e
004e
004e
004e
004e
004e
004e
004e
004e
004e
004e
004e
004e
004e
004e
004e
004e
004e
004e
004e
004e
004e
004e
004e
004e
004e
004e
004e
004e
004e
004f
004f
004f
004f
004f
004f
004f
004f
004f
004f
004f
004f
004f
004f
004f
004f
004f
004f
004f
004f
004f
004f
004f
004f
004f
004f
004f
004f
004f
004f
004f
004f
004f
004f
004f
004f
004f
004f
004f
004f
004f
004f
004f
004f
004f
004f
004f
004f
004f
004f
004f
0050
0050
0050
0050
0050
0050
0050
0050
0050
0050
0050
0050
0050
0050
0050
0050
0050
0050
0050
0050
0050
0050
0050
0050
0050
0050
0050
0050
0050
0050
0050
0050
0050
0050
0050
0050
0050
0050
0050
0050
0050
0050
0050
0050
0050
0050
0050
0050
0050
0050
0050
0051
0051
0051
0051
0051
0051
0051
0051
0051
0051
0051
0051
0051
0051
0051
0051
0051
0051
0051
0051
0051
0051
0051
0051
0051
0051
0051
0051
0051
0051
0051
0051
0051
0051
0051
0051
0051
0051
0051
0051
0051
0051
0051
0051
0051
0051
0051
0051
0051
0051
0051
0052
0052
0052
0052
0052
0052
0052
0052
0052
0052
0052
0052
0052
0052
0052
0052
0052
0052
0052
0052
0052
0052
0052
0052
0052
0052
0052
0052
0052
0052
0052
0052
0052
0052
0052
0052
0052
0052
0052
0052
0052
0052
0052
0052
0052
0052
0052
0052
0052
0052
0052
0053
0053
0053
0053
0053
0053
0053
0053
0053
0053
0053
0053
0053
0053
0053
0053
0053
0053
0053
0053
0053
0053
0053
0053
0053
0053
0053
0053
0053
0053
0053
0053
0053
0053
0053
0053
0053
0053
0053
0053
0053
0053
0053
0053
0053
0053
0053
0053
0053
0053
0053
0053
0054
0054
0054
0054
0054
0054
0054
0054
0054
0054
0054
0054
0054
0054
0054
0054
0054
0054
0054
0054
0054
0054
0054
0054
0054
0054
0054
0054
0054
0054
0054
0054
0054
0054
0054
0054
0054
0054
0054
0054
0054
0054
0054
0054
0054
0054
0054
0054
0054
0054
0054
0055
0055
0055
0055
0055
0055
0055
0055
0055
0055
0055
0055
0055
0055
0055
0055
0055
0055
0055
0055
0055
0055
0055
0055
0055
0055
0055
0055
0055
0055
0055
0055
0055
0055
0055
0055
0055
0055
0055
0055
0055
0055
0055
0055
0055
0055
0055
0055
0055
0056
0056
0056
0056
0056
0056
0056
0056
0056
0056
0056
0056
0056
0056
0056
0056
0056
0056
0056
0056
0056
0056
0056
0056
0056
0056
0056
0056
0056
0056
0056
0056
0056
0056
0056
0056
0056
0056
0056
0056
0056
0056
0056
0056
0056
0056
0057
0057
0057
0057
0057
0057
0057
0057
0057
0057
0057
0057
0057
0057
0057
0057
0057
0057
0057
0057
0057
0057
0057
0057
0057
0057
0057
0057
0057
0057
0057
0057
0057
0057
0057
0057
0057
0057
0057
0057
0057
0057
0057
0057
0057
0057
0057
0058
0058
0058
0058
0058
0058
0058
0058
0058
0058
0058
0058
0058
0058
0058
0058
0058
0058
0058
0058
0058
0058
0058
0058
0058
0058
0058
0058
0058
0058
0058
0058
0058
0058
0058
0058
0058
0058
0058
0058
0058
0058
0058
0058
0058
0058
0059
0059
0059
0059
0059
0059
0059
0059
0059
0059
0059
0059
0059
0059
0059
0059
0059
0059
0059
0059
0059
0059
0059
0059
0059
0059
0059
0059
0059
0059
0059
0059
0059
0059
0059
0059
0059
0059
0059
0059
0059
0059
0059
0059
0059
0059
0059
005a
005a
005a
005a
005a
005a
005a
005a
005a
005a
005a
005a
005a
005a
005a
005a
005a
005a
005a
005a
005a
005a
005a
005a
005a
005a
005a
005a
005a
005a
005a
005a
005a
005a
005a
005a
005a
005a
005a
005a
005a
005a
005a
005a
005a
005a
005b
005b
005b
005b
005b
005b
005b
005b
005b
005b
005b
005b
005b
005b
005b
005b
005b
005b
005b
005b
005b
005b
005b
005b
005b
005b
005b
005b
005b
005b
005b
005b
005b
005b
005b
005b
005b
005b
005b
005b
005b
005b
005b
005b
005b
005b
005b
005c
005c
005c
005c
005c
005c
005c
005c
005c
005c
005c
005c
005c
005c
005c
005c
005c
005c
005c
005c
005c
005c
005c
005c
005c
005c
005c
005c
005c
005c
005c
005c
005c
005c
005c
005c
005c
005c
005c
005c
005c
005c
005c
005c
005c
005c
005c
005d
005d
005d
005d
005d
005d
005d
005d
005d
005d
005d
005d
005d
005d
005d
005d
005d
005d
005d
005d
005d
005d
005d
005d
005d
005d
005d
005d
005d
005d
005d
005d
005d
005d
005d
005d
005d
005d
005d
005d
005d
005d
005d
005d
005d
005d
005e
005e
005e
005e
005e
005e
005e
005e
005e
005e
005e
005e
005e
005e
005e
005e
005e
005e
005e
005e
005e
005e
005e
005e
005e
005e
005e
005e
005e
005e
005e
005e
005e
005e
005e
005e
005e
005e
005e
005e
005e
005e
005e
005e
005e
005e
005e
005f
005f
005f
005f
005f
005f
005f
005f
005f
005f
005f
005f
005f
005f
005f
005f
005f
005f
005f
005f
005f
005f
005f
005f
005f
005f
005f
005f
005f
005f
005f
005f
005f
005f
005f
005f
005f
005f
005f
005f
005f
005f
005f
005f
005f
005f
0060
0060
0060
0060
0060
0060
0060
0060
0060
0060
0060
0060
0060
0060
0060
0060
0060
0060
0060
0060
0060
0060
0060
0060
0060
0060
0060
0060
0060
0060
0060
0060
0060
0060
0060
0060
0060
0060
0060
0060
0060
0060
0060
0061
0061
0061
0061
0061
0061
0061
0061
0061
0061
0061
0061
0061
0061
0061
0061
0061
0061
0061
0061
0061
0061
0061
0061
0061
0061
0061
0061
0061
0061
0061
0061
0061
0061
0061
0061
0061
0061
0061
0061
0062
0062
0062
0062
0062
0062
0062
0062
0062
0062
0062
0062
0062
0062
0062
0062
0062
0062
0062
0062
0062
0062
0062
0062
0062
0062
0062
0062
0062
0062
0062
0062
0062
0062
0062
0062
0062
0062
0062
0063
0063
0063
0063
0063
0063
0063
0063
0063
0063
0063
0063
0063
0063
0063
0063
0063
0063
0063
0063
0063
0063
0063
0063
0063
0063
0063
0063
0063
0063
0063
0063
0063
0063
0063
0063
0063
0063
0063
0064
0064
0064
0064
0064
0064
0064
0064
0064
0064
0064
0064
0064
0064
0064
0064
0064
0064
0064
0064
0064
0064
0064
0064
0064
0064
0064
0064
0064
0064
0064
0064
0064
0064
0064
0064
0064
0064
0064
0064
0065
0065
0065
0065
0065
0065
0065
0065
0065
0065
0065
0065
0065
0065
0065
0065
0065
0065
0065
0065
0065
0065
0065
0065
0065
0065
0065
0065
0065
0065
0065
0065
0065
0065
0065
0065
0065
0065
0065
0066
0066
0066
0066
0066
0066
0066
0066
0066
0066
0066
0066
0066
0066
0066
0066
0066
0066
0066
0066
0066
0066
0066
0066
0066
0066
0066
0066
0066
0066
0066
0066
0066
0066
0066
0066
0066
0066
0066
0067
0067
0067
0067
0067
0067
0067
0067
0067
0067
0067
0067
0067
0067
0067
0067
0067
0067
0067
0067
0067
0067
0067
0067
0067
0067
0067
0067
0067
0067
0067
0067
0067
0067
0067
0067
0067
0067
0067
0067
0068
0068
0068
0068
0068
0068
0068
0068
0068
0068
0068
0068
0068
0068
0068
0068
0068
0068
0068
0068
0068
0068
0068
0068
0068
0068
0068
0068
0068
0068
0068
0068
0068
0068
0068
0068
0068
0068
0068
0069
0069
0069
0069
0069
0069
0069
0069
0069
0069
0069
0069
0069
0069
0069
0069
0069
0069
0069
0069
0069
0069
0069
0069
0069
0069
0069
0069
0069
0069
0069
0069
0069
0069
0069
0069
0069
0069
0069
0069
006a
006a
006a
006a
006a
006a
006a
006a
006a
006a
006a
006a
006a
006a
006a
006a
006a
006a
006a
006a
006a
006a
006a
006a
006a
006a
006a
006a
006a
006a
006a
006a
006a
006a
006a
006a
006a
006a
006a
006b
006b
006b
006b
006b
006b
006b
006b
006b
006b
006b
006b
006b
006b
006b
006b
006b
006b
006b
006b
006b
006b
006b
006b
006b
006b
006b
006b
006b
006b
006b
006b
006b
006b
006b
006b
006b
006b
006b
006c
006c
006c
006c
006c
006c
006c
006c
006c
006c
006c
006c
006c
006c
006c
006c
006c
006c
006c
006c
006c
006c
006c
006c
006c
006c
006c
006c
006c
006c
006c
006c
006c
006c
006c
006c
006c
006c
006c
006c
006d
006d
006d
006d
006d
006d
006d
006d
006d
006d
006d
006d
006d
006d
006d
006d
006d
006d
006d
006d
006d
006d
006d
006d
006d
006d
006d
006d
006d
006d
006d
006d
006d
006d
006d
006d
006d
006e
006e
006e
006e
006e
006e
006e
006e
006e
006e
006e
006e
006e
006e
006e
006e
006e
006e
006e
006e
006e
006e
006e
006e
006e
006e
006e
006e
006e
006e
006e
006e
006e
006e
006f
006f
006f
006f
006f
006f
006f
006f
006f
006f
006f
006f
006f
006f
006f
006f
006f
006f
006f
006f
006f
006f
006f
006f
006f
006f
006f
006f
006f
006f
006f
006f
006f
006f
0070
0070
0070
0070
0070
0070
0070
0070
0070
0070
0070
0070
0070
0070
0070
0070
0070
0070
0070
0070
0070
0070
0070
0070
0070
0070
0070
0070
0070
0070
0070
0070
0070
0070
0071
0071
0071
0071
0071
0071
0071
0071
0071
0071
0071
0071
0071
0071
0071
0071
0071
0071
0071
0071
0071
0071
0071
0071
0071
0071
0071
0071
0071
0071
0071
0071
0071
0071
0072
0072
0072
0072
0072
0072
0072
0072
0072
0072
0072
0072
0072
0072
0072
0072
0072
0072
0072
0072
0072
0072
0072
0072
0072
0072
0072
0072
0072
0072
0072
0072
0072
0072
0073
0073
0073
0073
0073
0073
0073
0073
0073
0073
0073
0073
0073
0073
0073
0073
0073
0073
0073
0073
0073
0073
0073
0073
0073
0073
0073
0073
0073
0073
0073
0073
0073
0073
0074
0074
0074
0074
0074
0074
0074
0074
0074
0074
0074
0074
0074
0074
0074
0074
0074
0074
0074
0074
0074
0074
0074
0074
0074
0074
0074
0074
0074
0074
0074
0074
0074
0074
0075
0075
0075
0075
0075
0075
0075
0075
0075
0075
0075
0075
0075
0075
0075
0075
0075
0075
0075
0075
0075
0075
0075
0075
0075
0075
0075
0075
0075
0075
0075
0075
0075
0075
0075
0076
0076
0076
0076
0076
0076
0076
0076
0076
0076
0076
0076
0076
0076
0076
0076
0076
0076
0076
0076
0076
0076
0076
0076
0076
0076
0076
0076
0076
0076
0076
0076
0076
0076
0077
0077
0077
0077
0077
0077
0077
0077
0077
0077
0077
0077
0077
0077
0077
0077
0077
0077
0077
0077
0077
0077
0077
0077
0077
0077
0077
0077
0077
0077
0077
0077
0077
0077
0078
0078
0078
0078
0078
0078
0078
0078
0078
0078
0078
0078
0078
0078
0078
0078
0078
0078
0078
0078
0078
0078
0078
0078
0078
0078
0078
0078
0078
0078
0078
0078
0078
0078
0079
0079
0079
0079
0079
0079
0079
0079
0079
0079
0079
0079
0079
0079
0079
0079
0079
0079
0079
0079
0079
0079
0079
0079
0079
0079
0079
0079
0079
0079
0079
0079
0079
0079
007a
007a
007a
007a
007a
007a
007a
007a
007a
007a
007a
007a
007a
007a
007a
007a
007a
007a
007a
007a
007a
007a
007a
007a
007a
007a
007a
007a
007a
007a
007a
007a
007a
007a
007b
007b
007b
007b
007b
007b
007b
007b
007b
007b
007b
007b
007b
007b
007b
007b
007b
007b
007b
007b
007b
007b
007b
007b
007b
007b
007b
007b
007b
007b
007b
007b
007b
007b
007c
007c
007c
007c
007c
007c
007c
007c
007c
007c
007c
007c
007c
007c
007c
007c
007c
007c
007c
007c
007c
007c
007c
007c
007c
007c
007c
007c
007c
007c
007c
007c
007c
007d
007d
007d
007d
007d
007d
007d
007d
007d
007d
007d
007d
007d
007d
007d
007d
007d
007d
007d
007d
007d
007d
007d
007d
007d
007d
007d
007d
007d
007d
007d
007d
007e
007e
007e
007e
007e
007e
007e
007e
007e
007e
007e
007e
007e
007e
007e
007e
007e
007e
007e
007e
007e
007e
007e
007e
007e
007e
007e
007e
007e
007e
007e
007e
007f
007f
007f
007f
007f
007f
007f
007f
007f
007f
007f
007f
007f
007f
007f
007f
007f
007f
007f
007f
007f
007f
007f
007f
007f
007f
007f
007f
007f
007f
007f
007f
0080
0080
0080
0080
0080
0080
0080
0080
0080
0080
0080
0080
0080
0080
0080
0080
0080
0080
0080
0080
0080
0080
0080
0080
0080
0080
0080
0080
0080
0080
0080
0080
0081
0081
0081
0081
0081
0081
0081
0081
0081
0081
0081
0081
0081
0081
0081
0081
0081
0081
0081
0081
0081
0081
0081
0081
0081
0081
0081
0081
0081
0081
0081
0081
0082
0082
0082
0082
0082
0082
0082
0082
0082
0082
0082
0082
0082
0082
0082
0082
0082
0082
0082
0082
0082
0082
0082
0082
0082
0082
0082
0082
0082
0082
0082
0082
0083
0083
0083
0083
0083
0083
0083
0083
0083
0083
0083
0083
0083
0083
0083
0083
0083
0083
0083
0083
0083
0083
0083
0083
0083
0083
0083
0083
0083
0083
0083
0083
0084
0084
0084
0084
0084
0084
0084
0084
0084
0084
0084
0084
0084
0084
0084
0084
0084
0084
0084
0084
0084
0084
0084
0084
0084
0084
0084
0084
0084
0084
0084
0084
0085
0085
0085
0085
0085
0085
0085
0085
0085
0085
0085
0085
0085
0085
0085
0085
0085
0085
0085
0085
0085
0085
0085
0085
0085
0085
0085
0085
0085
0085
0085
0085
0086
0086
0086
0086
0086
0086
0086
0086
0086
0086
0086
0086
0086
0086
0086
0086
0086
0086
0086
0086
0086
0086
0086
0086
0086
0086
0086
0086
0086
0086
0086
0086
0087
0087
0087
0087
0087
0087
0087
0087
0087
0087
0087
0087
0087
0087
0087
0087
0087
0087
0087
0087
0087
0087
0087
0087
0087
0087
0087
0087
0087
0087
0087
0087
0088
0088
0088
0088
0088
0088
0088
0088
0088
0088
0088
0088
0088
0088
0088
0088
0088
0088
0088
0088
0088
0088
0088
0088
0088
0088
0088
0088
0088
0088
0088
0088
0089
0089
0089
0089
0089
0089
0089
0089
0089
0089
0089
0089
0089
0089
0089
0089
0089
0089
0089
0089
0089
0089
0089
0089
0089
0089
0089
0089
0089
0089
0089
0089
008a
008a
008a
008a
008a
008a
008a
008a
008a
008a
008a
008a
008a
008a
008a
008a
008a
008a
008a
008a
008a
008a
008a
008a
008a
008a
008a
008a
008a
008a
008a
008a
008b
008b
008b
008b
008b
008b
008b
008b
008b
008b
008b
008b
008b
008b
008b
008b
008b
008b
008b
008b
008b
008b
008b
008b
008b
008b
008b
008b
008b
008b
008b
008b
008c
008c
008c
008c
008c
008c
008c
008c
008c
008c
008c
008c
008c
008c
008c
008c
008c
008c
008c
008c
008c
008c
008c
008c
008c
008c
008c
008c
008c
008c
008d
008d
008d
008d
008d
008d
008d
008d
008d
008d
008d
008d
008d
008d
008d
008d
008d
008d
008d
008d
008d
008d
008d
008d
008d
008d
008d
008e
008e
008e
008e
008e
008e
008e
008e
008e
008e
008e
008e
008e
008e
008e
008e
008e
008e
008e
008e
008e
008e
008e
008e
008e
008e
008e
008f
008f
008f
008f
008f
008f
008f
008f
008f
008f
008f
008f
008f
008f
008f
008f
008f
008f
008f
008f
008f
008f
008f
008f
008f
008f
008f
0090
0090
0090
0090
0090
0090
0090
0090
0090
0090
0090
0090
0090
0090
0090
0090
0090
0090
0090
0090
0090
0090
0090
0090
0090
0090
0090
0091
0091
0091
0091
0091
0091
0091
0091
0091
0091
0091
0091
0091
0091
0091
0091
0091
0091
0091
0091
0091
0091
0091
0091
0091
0091
0091
0092
0092
0092
0092
0092
0092
0092
0092
0092
0092
0092
0092
0092
0092
0092
0092
0092
0092
0092
0092
0092
0092
0092
0092
0092
0092
0092
0093
0093
0093
0093
0093
0093
0093
0093
0093
0093
0093
0093
0093
0093
0093
0093
0093
0093
0093
0093
0093
0093
0093
0093
0093
0093
0093
0094
0094
0094
0094
0094
0094
0094
0094
0094
0094
0094
0094
0094
0094
0094
0094
0094
0094
0094
0094
0094
0094
0094
0094
0094
0094
0094
0095
0095
0095
0095
0095
0095
0095
0095
0095
0095
0095
0095
0095
0095
0095
0095
0095
0095
0095
0095
0095
0095
0095
0095
0095
0095
0096
0096
0096
0096
0096
0096
0096
0096
0096
0096
0096
0096
0096
0096
0096
0096
0096
0096
0096
0096
0096
0096
0096
0096
0096
0096
0096
0097
0097
0097
0097
0097
0097
0097
0097
0097
0097
0097
0097
0097
0097
0097
0097
0097
0097
0097
0097
0097
0097
0097
0097
0097
0097
0097
0098
0098
0098
0098
0098
0098
0098
0098
0098
0098
0098
0098
0098
0098
0098
0098
0098
0098
0098
0098
0098
0098
0098
0098
0098
0098
0098
0099
0099
0099
0099
0099
0099
0099
0099
0099
0099
0099
0099
0099
0099
0099
0099
0099
0099
0099
0099
0099
0099
0099
0099
0099
0099
0099
009a
009a
009a
009a
009a
009a
009a
009a
009a
009a
009a
009a
009a
009a
009a
009a
009a
009a
009a
009a
009a
009a
009a
009a
009a
009a
009a
009b
009b
009b
009b
009b
009b
009b
009b
009b
009b
009b
009b
009b
009b
009b
009b
009b
009b
009b
009b
009b
009b
009b
009b
009b
009b
009b
009c
009c
009c
009c
009c
009c
009c
009c
009c
009c
009c
009c
009c
009c
009c
009c
009c
009c
009c
009c
009c
009c
009c
009c
009c
009c
009c
009d
009d
009d
009d
009d
009d
009d
009d
009d
009d
009d
009d
009d
009d
009d
009d
009d
009d
009d
009d
009d
009d
009d
009d
009d
009d
009d
009e
009e
009e
009e
009e
009e
009e
009e
009e
009e
009e
009e
009e
009e
009e
009e
009e
009e
009e
009e
009e
009e
009e
009e
009e
009e
009e
009f
009f
009f
009f
009f
009f
009f
009f
009f
009f
009f
009f
009f
009f
009f
009f
009f
009f
009f
009f
009f
009f
009f
009f
009f
009f
00a0
00a0
00a0
00a0
00a0
00a0
00a0
00a0
00a0
00a0
00a0
00a0
00a0
00a0
00a0
00a0
00a0
00a0
00a0
00a0
00a0
00a0
00a0
00a0
00a1
00a1
00a1
00a1
00a1
00a1
00a1
00a1
00a1
00a1
00a1
00a1
00a1
00a1
00a1
00a1
00a1
00a1
00a1
00a1
00a1
00a1
00a1
00a1
00a2
00a2
00a2
00a2
00a2
00a2
00a2
00a2
00a2
00a2
00a2
00a2
00a2
00a2
00a2
00a2
00a2
00a2
00a2
00a2
00a2
00a2
00a2
00a2
00a2
00a3
00a3
00a3
00a3
00a3
00a3
00a3
00a3
00a3
00a3
00a3
00a3
00a3
00a3
00a3
00a3
00a3
00a3
00a3
00a3
00a3
00a3
00a3
00a3
00a4
00a4
00a4
00a4
00a4
00a4
00a4
00a4
00a4
00a4
00a4
00a4
00a4
00a4
00a4
00a4
00a4
00a4
00a4
00a4
00a4
00a4
00a4
00a4
00a4
00a5
00a5
00a5
00a5
00a5
00a5
00a5
00a5
00a5
00a5
00a5
00a5
00a5
00a5
00a5
00a5
00a5
00a5
00a5
00a5
00a5
00a5
00a5
00a5
00a6
00a6
00a6
00a6
00a6
00a6
00a6
00a6
00a6
00a6
00a6
00a6
00a6
00a6
00a6
00a6
00a6
00a6
00a6
00a6
00a6
00a6
00a6
00a6
00a7
00a7
00a7
00a7
00a7
00a7
00a7
00a7
00a7
00a7
00a7
00a7
00a7
00a7
00a7
00a7
00a7
00a7
00a7
00a7
00a7
00a7
00a7
00a7
00a7
00a8
00a8
00a8
00a8
00a8
00a8
00a8
00a8
00a8
00a8
00a8
00a8
00a8
00a8
00a8
00a8
00a8
00a8
00a8
00a8
00a8
00a8
00a8
00a8
00a9
00a9
00a9
00a9
00a9
00a9
00a9
00a9
00a9
00a9
00a9
00a9
00a9
00a9
00a9
00a9
00a9
00a9
00a9
00a9
00a9
00a9
00a9
00a9
00aa
00aa
00aa
00aa
00aa
00aa
00aa
00aa
00aa
00aa
00aa
00aa
00aa
00aa
00aa
00aa
00aa
00aa
00aa
00aa
00aa
00aa
00aa
00aa
00aa
00ab
00ab
00ab
00ab
00ab
00ab
00ab
00ab
00ab
00ab
00ab
00ab
00ab
00ab
00ab
00ab
00ab
00ab
00ab
00ab
00ab
00ab
00ab
00ab
00ac
00ac
00ac
00ac
00ac
00ac
00ac
00ac
00ac
00ac
00ac
00ac
00ac
00ac
00ac
00ac
00ac
00ac
00ac
00ac
00ac
00ac
00ac
00ac
00ac
00ad
00ad
00ad
00ad
00ad
00ad
00ad
00ad
00ad
00ad
00ad
00ad
00ad
00ad
00ad
00ad
00ad
00ad
00ad
00ad
00ad
00ad
00ad
00ad
00ae
00ae
00ae
00ae
00ae
00ae
00ae
00ae
00ae
00ae
00ae
00ae
00ae
00ae
00ae
00ae
00ae
00ae
00ae
00ae
00ae
00ae
00ae
00ae
00af
00af
00af
00af
00af
00af
00af
00af
00af
00af
00af
00af
00af
00af
00af
00af
00af
00af
00af
00af
00af
00af
00af
00af
00af
00b0
00b0
00b0
00b0
00b0
00b0
00b0
00b0
00b0
00b0
00b0
00b0
00b0
00b0
00b0
00b0
00b0
00b0
00b0
00b0
00b0
00b0
00b0
00b0
00b1
00b1
00b1
00b1
00b1
00b1
00b1
00b1
00b1
00b1
00b1
00b1
00b1
00b1
00b1
00b1
00b1
00b1
00b1
00b1
00b1
00b1
00b1
00b1
00b1
00b2
00b2
00b2
00b2
00b2
00b2
00b2
00b2
00b2
00b2
00b2
00b2
00b2
00b2
00b2
00b2
00b2
00b2
00b2
00b2
00b2
00b2
00b2
00b2
00b3
00b3
00b3
00b3
00b3
00b3
00b3
00b3
00b3
00b3
00b3
00b3
00b3
00b3
00b3
00b3
00b3
00b3
00b3
00b3
00b3
00b3
00b3
00b3
00b4
00b4
00b4
00b4
00b4
00b4
00b4
00b4
00b4
00b4
00b4
00b4
00b4
00b4
00b4
00b4
00b4
00b4
00b4
00b4
00b4
00b4
00b4
00b5
00b5
00b5
00b5
00b5
00b5
00b5
00b5
00b5
00b5
00b5
00b5
00b5
00b5
00b5
00b5
00b5
00b5
00b5
00b5
00b5
00b6
00b6
00b6
00b6
00b6
00b6
00b6
00b6
00b6
00b6
00b6
00b6
00b6
00b6
00b6
00b6
00b6
00b6
00b6
00b6
00b6
00b6
00b7
00b7
00b7
00b7
00b7
00b7
00b7
00b7
00b7
00b7
00b7
00b7
00b7
00b7
00b7
00b7
00b7
00b7
00b7
00b7
00b7
00b8
00b8
00b8
00b8
00b8
00b8
00b8
00b8
00b8
00b8
00b8
00b8
00b8
00b8
00b8
00b8
00b8
00b8
00b8
00b8
00b8
00b9
00b9
00b9
00b9
00b9
00b9
00b9
00b9
00b9
00b9
00b9
00b9
00b9
00b9
00b9
00b9
00b9
00b9
00b9
00b9
00b9
00b9
00ba
00ba
00ba
00ba
00ba
00ba
00ba
00ba
00ba
00ba
00ba
00ba
00ba
00ba
00ba
00ba
00ba
00ba
00ba
00ba
00ba
00bb
00bb
00bb
00bb
00bb
00bb
00bb
00bb
00bb
00bb
00bb
00bb
00bb
00bb
00bb
00bb
00bb
00bb
00bb
00bb
00bb
00bc
00bc
00bc
00bc
00bc
00bc
00bc
00bc
00bc
00bc
00bc
00bc
00bc
00bc
00bc
00bc
00bc
00bc
00bc
00bc
00bc
00bc
00bd
00bd
00bd
00bd
00bd
00bd
00bd
00bd
00bd
00bd
00bd
00bd
00bd
00bd
00bd
00bd
00bd
00bd
00bd
00bd
00bd
00be
00be
00be
00be
00be
00be
00be
00be
00be
00be
00be
00be
00be
00be
00be
00be
00be
00be
00be
00be
00be
00bf
00bf
00bf
00bf
00bf
00bf
00bf
00bf
00bf
00bf
00bf
00bf
00bf
00bf
00bf
00bf
00bf
00bf
00bf
00bf
00bf
00bf
00c0
00c0
00c0
00c0
00c0
00c0
00c0
00c0
00c0
00c0
00c0
00c0
00c0
00c0
00c0
00c0
00c0
00c0
00c0
00c0
00c0
00c1
00c1
00c1
00c1
00c1
00c1
00c1
00c1
00c1
00c1
00c1
00c1
00c1
00c1
00c1
00c1
00c1
00c1
00c1
00c1
00c1
00c2
00c2
00c2
00c2
00c2
00c2
00c2
00c2
00c2
00c2
00c2
00c2
00c2
00c2
00c2
00c2
00c2
00c2
00c2
00c2
00c2
00c2
00c3
00c3
00c3
00c3
00c3
00c3
00c3
00c3
00c3
00c3
00c3
00c3
00c3
00c3
00c3
00c3
00c3
00c3
00c3
00c3
00c3
00c4
00c4
00c4
00c4
00c4
00c4
00c4
00c4
00c4
00c4
00c4
00c4
00c4
00c4
00c4
00c4
00c4
00c4
00c4
00c4
00c4
00c5
00c5
00c5
00c5
00c5
00c5
00c5
00c5
00c5
00c5
00c5
00c5
00c5
00c5
00c5
00c5
00c5
00c5
00c5
00c5
00c5
00c5
00c6
00c6
00c6
00c6
00c6
00c6
00c6
00c6
00c6
00c6
00c6
00c6
00c6
00c6
00c6
00c6
00c6
00c6
00c6
00c6
00c6
00c7
00c7
00c7
00c7
00c7
00c7
00c7
00c7
00c7
00c7
00c7
00c7
00c7
00c7
00c7
00c7
00c7
00c7
00c7
00c7
00c7
00c8
00c8
00c8
00c8
00c8
00c8
00c8
00c8
00c8
00c8
00c8
00c8
00c8
00c8
00c8
00c8
00c8
00c8
00c8
00c8
00c8
00c8
00c9
00c9
00c9
00c9
00c9
00c9
00c9
00c9
00c9
00c9
00c9
00c9
00c9
00c9
00c9
00c9
00c9
00c9
00c9
00c9
00c9
00ca
00ca
00ca
00ca
00ca
00ca
00ca
00ca
00ca
00ca
00ca
00ca
00ca
00ca
00ca
00ca
00ca
00ca
00ca
00ca
00ca
00cb
00cb
00cb
00cb
00cb
00cb
00cb
00cb
00cb
00cb
00cb
00cb
00cb
00cb
00cb
00cb
00cb
00cb
00cb
00cb
00cb
00cb
00cc
00cc
00cc
00cc
00cc
00cc
00cc
00cc
00cc
00cc
00cc
00cc
00cc
00cc
00cc
00cc
00cc
00cc
00cc
00cc
00cd
00cd
00cd
00cd
00cd
00cd
00cd
00cd
00cd
00cd
00cd
00cd
00cd
00cd
00cd
00cd
00cd
00cd
00cd
00ce
00ce
00ce
00ce
00ce
00ce
00ce
00ce
00ce
00ce
00ce
00ce
00ce
00ce
00ce
00ce
00ce
00ce
00ce
00cf
00cf
00cf
00cf
00cf
00cf
00cf
00cf
00cf
00cf
00cf
00cf
00cf
00cf
00cf
00cf
00cf
00cf
00cf
00d0
00d0
00d0
00d0
00d0
00d0
00d0
00d0
00d0
00d0
00d0
00d0
00d0
00d0
00d0
00d0
00d0
00d0
00d0
00d1
00d1
00d1
00d1
00d1
00d1
00d1
00d1
00d1
00d1
00d1
00d1
00d1
00d1
00d1
00d1
00d1
00d1
00d1
00d2
00d2
00d2
00d2
00d2
00d2
00d2
00d2
00d2
00d2
00d2
00d2
00d2
00d2
00d2
00d2
00d2
00d2
00d2
00d3
00d3
00d3
00d3
00d3
00d3
00d3
00d3
00d3
00d3
00d3
00d3
00d3
00d3
00d3
00d3
00d3
00d3
00d3
00d4
00d4
00d4
00d4
00d4
00d4
00d4
00d4
00d4
00d4
00d4
00d4
00d4
00d4
00d4
00d4
00d4
00d4
00d4
00d5
00d5
00d5
00d5
00d5
00d5
00d5
00d5
00d5
00d5
00d5
00d5
00d5
00d5
00d5
00d5
00d5
00d5
00d5
00d6
00d6
00d6
00d6
00d6
00d6
00d6
00d6
00d6
00d6
00d6
00d6
00d6
00d6
00d6
00d6
00d6
00d6
00d6
00d7
00d7
00d7
00d7
00d7
00d7
00d7
00d7
00d7
00d7
00d7
00d7
00d7
00d7
00d7
00d7
00d7
00d7
00d7
00d8
00d8
00d8
00d8
00d8
00d8
00d8
00d8
00d8
00d8
00d8
00d8
00d8
00d8
00d8
00d8
00d8
00d8
00d8
00d9
00d9
00d9
00d9
00d9
00d9
00d9
00d9
00d9
00d9
00d9
00d9
00d9
00d9
00d9
00d9
00d9
00d9
00da
00da
00da
00da
00da
00da
00da
00da
00da
00da
00da
00da
00da
00da
00da
00da
00da
00da
00da
00db
00db
00db
00db
00db
00db
00db
00db
00db
00db
00db
00db
00db
00db
00db
00db
00db
00db
00db
00dc
00dc
00dc
00dc
00dc
00dc
00dc
00dc
00dc
00dc
00dc
00dc
00dc
00dc
00dc
00dc
00dc
00dc
00dc
00dd
00dd
00dd
00dd
00dd
00dd
00dd
00dd
00dd
00dd
00dd
00dd
00dd
00dd
00dd
00dd
00dd
00dd
00dd
00de
00de
00de
00de
00de
00de
00de
00de
00de
00de
00de
00de
00de
00de
00de
00de
00de
00de
00de
00df
00df
00df
00df
00df
00df
00df
00df
00df
00df
00df
00df
00df
00df
00df
00df
00df
00df
00df
00e0
00e0
00e0
00e0
00e0
00e0
00e0
00e0
00e0
00e0
00e0
00e0
00e0
00e0
00e0
00e0
00e0
00e0
00e0
00e1
00e1
00e1
00e1
00e1
00e1
00e1
00e1
00e1
00e1
00e1
00e1
00e1
00e1
00e1
00e1
00e1
00e1
00e1
00e2
00e2
00e2
00e2
00e2
00e2
00e2
00e2
00e2
00e2
00e2
00e2
00e2
00e2
00e2
00e2
00e2
00e2
00e2
00e3
00e3
00e3
00e3
00e3
00e3
00e3
00e3
00e3
00e3
00e3
00e3
00e3
00e3
00e3
00e3
00e3
00e3
00e3
00e4
00e4
00e4
00e4
00e4
00e4
00e4
00e4
00e4
00e4
00e4
00e4
00e4
00e4
00e4
00e4
00e4
00e4
00e4
00e5
00e5
00e5
00e5
00e5
00e5
00e5
00e5
00e5
00e5
00e5
00e5
00e5
00e5
00e5
00e5
00e5
00e5
00e5
00e6
00e6
00e6
00e6
00e6
00e6
00e6
00e6
00e6
00e6
00e6
00e6
00e6
00e6
00e6
00e6
00e6
00e6
00e6
00e7
00e7
00e7
00e7
00e7
00e7
00e7
00e7
00e7
00e7
00e7
00e7
00e7
00e7
00e7
00e7
00e7
00e7
00e8
00e8
00e8
00e8
00e8
00e8
00e8
00e8
00e8
00e8
00e8
00e8
00e8
00e8
00e8
00e8
00e9
00e9
00e9
00e9
00e9
00e9
00e9
00e9
00e9
00e9
00e9
00e9
00e9
00e9
00e9
00e9
00e9
00ea
00ea
00ea
00ea
00ea
00ea
00ea
00ea
00ea
00ea
00ea
00ea
00ea
00ea
00ea
00ea
00eb
00eb
00eb
00eb
00eb
00eb
00eb
00eb
00eb
00eb
00eb
00eb
00eb
00eb
00eb
00eb
00eb
00ec
00ec
00ec
00ec
00ec
00ec
00ec
00ec
00ec
00ec
00ec
00ec
00ec
00ec
00ec
00ec
00ed
00ed
00ed
00ed
00ed
00ed
00ed
00ed
00ed
00ed
00ed
00ed
00ed
00ed
00ed
00ed
00ed
00ee
00ee
00ee
00ee
00ee
00ee
00ee
00ee
00ee
00ee
00ee
00ee
00ee
00ee
00ee
00ee
00ef
00ef
00ef
00ef
00ef
00ef
00ef
00ef
00ef
00ef
00ef
00ef
00ef
00ef
00ef
00ef
00ef
00f0
00f0
00f0
00f0
00f0
00f0
00f0
00f0
00f0
00f0
00f0
00f0
00f0
00f0
00f0
00f0
00f1
00f1
00f1
00f1
00f1
00f1
00f1
00f1
00f1
00f1
00f1
00f1
00f1
00f1
00f1
00f1
00f1
00f2
00f2
00f2
00f2
00f2
00f2
00f2
00f2
00f2
00f2
00f2
00f2
00f2
00f2
00f2
00f2
00f3
00f3
00f3
00f3
00f3
00f3
00f3
00f3
00f3
00f3
00f3
00f3
00f3
00f3
00f3
00f3
00f3
00f4
00f4
00f4
00f4
00f4
00f4
00f4
00f4
00f4
00f4
00f4
00f4
00f4
00f4
00f4
00f4
00f5
00f5
00f5
00f5
00f5
00f5
00f5
00f5
00f5
00f5
00f5
00f5
00f5
00f5
00f5
00f5
00f5
00f6
00f6
00f6
00f6
00f6
00f6
00f6
00f6
00f6
00f6
00f6
00f6
00f6
00f6
00f6
00f6
00f7
00f7
00f7
00f7
00f7
00f7
00f7
00f7
00f7
00f7
00f7
00f7
00f7
00f7
00f7
00f7
00f7
00f8
00f8
00f8
00f8
00f8
00f8
00f8
00f8
00f8
00f8
00f8
00f8
00f8
00f8
00f8
00f8
00f8
00f9
00f9
00f9
00f9
00f9
00f9
00f9
00f9
00f9
00f9
00f9
00f9
00f9
00f9
00f9
00f9
00fa
00fa
00fa
00fa
00fa
00fa
00fa
00fa
00fa
00fa
00fa
00fa
00fa
00fa
00fa
00fa
00fa
00fb
00fb
00fb
00fb
00fb
00fb
00fb
00fb
00fb
00fb
00fb
00fb
00fb
00fb
00fb
00fb
00fc
00fc
00fc
00fc
00fc
00fc
00fc
00fc
00fc
00fc
00fc
00fc
00fc
00fc
00fc
00fc
00fc
00fd
00fd
00fd
00fd
00fd
00fd
00fd
00fd
00fd
00fd
00fd
00fd
00fd
00fd
00fd
00fd
00fe
00fe
00fe
00fe
00fe
00fe
00fe
00fe
00fe
00fe
00fe
00fe
00fe
00fe
00fe
00fe
00fe
00ff
00ff
00ff
00ff
00ff
00ff
00ff
00ff
00ff
00ff
00ff
00ff
00ff
00ff
00ff
00ff
0100
0100
0100
0100
0100
0100
0100
0100
0100
0100
0100
0100
0100
0100
0100
0100
0100
0101
0101
0101
0101
0101
0101
0101
0101
0101
0101
0101
0101
0101
0101
0101
0101
0102
0102
0102
0102
0102
0102
0102
0102
0102
0102
0102
0102
0102
0102
0102
0102
0102
0103
0103
0103
0103
0103
0103
0103
0103
0103
0103
0103
0103
0103
0103
0103
0103
0104
0104
0104
0104
0104
0104
0104
0104
0104
0104
0104
0104
0104
0104
0104
0104
0104
0105
0105
0105
0105
0105
0105
0105
0105
0105
0105
0105
0105
0105
0105
0105
0105
0106
0106
0106
0106
0106
0106
0106
0106
0106
0106
0106
0106
0106
0106
0106
0106
0107
0107
0107
0107
0107
0107
0107
0107
0107
0107
0107
0107
0107
0107
0108
0108
0108
0108
0108
0108
0108
0108
0108
0108
0108
0108
0108
0108
0108
0109
0109
0109
0109
0109
0109
0109
0109
0109
0109
0109
0109
0109
0109
0109
010a
010a
010a
010a
010a
010a
010a
010a
010a
010a
010a
010a
010a
010a
010b
010b
010b
010b
010b
010b
010b
010b
010b
010b
010b
010b
010b
010b
010b
010c
010c
010c
010c
010c
010c
010c
010c
010c
010c
010c
010c
010c
010c
010c
010d
010d
010d
010d
010d
010d
010d
010d
010d
010d
010d
010d
010d
010d
010e
010e
010e
010e
010e
010e
010e
010e
010e
010e
010e
010e
010e
010e
010e
010f
010f
010f
010f
010f
010f
010f
010f
010f
010f
010f
010f
010f
010f
0110
0110
0110
0110
0110
0110
0110
0110
0110
0110
0110
0110
0110
0110
0110
0111
0111
0111
0111
0111
0111
0111
0111
0111
0111
0111
0111
0111
0111
0111
0112
0112
0112
0112
0112
0112
0112
0112
0112
0112
0112
0112
0112
0112
0113
0113
0113
0113
0113
0113
0113
0113
0113
0113
0113
0113
0113
0113
0113
0114
0114
0114
0114
0114
0114
0114
0114
0114
0114
0114
0114
0114
0114
0114
0115
0115
0115
0115
0115
0115
0115
0115
0115
0115
0115
0115
0115
0115
0116
0116
0116
0116
0116
0116
0116
0116
0116
0116
0116
0116
0116
0116
0116
0117
0117
0117
0117
0117
0117
0117
0117
0117
0117
0117
0117
0117
0117
0118
0118
0118
0118
0118
0118
0118
0118
0118
0118
0118
0118
0118
0118
0118
0119
0119
0119
0119
0119
0119
0119
0119
0119
0119
0119
0119
0119
0119
0119
011a
011a
011a
011a
011a
011a
011a
011a
011a
011a
011a
011a
011a
011a
011b
011b
011b
011b
011b
011b
011b
011b
011b
011b
011b
011b
011b
011b
011b
011c
011c
011c
011c
011c
011c
011c
011c
011c
011c
011c
011c
011c
011c
011c
011d
011d
011d
011d
011d
011d
011d
011d
011d
011d
011d
011d
011d
011d
011e
011e
011e
011e
011e
011e
011e
011e
011e
011e
011e
011e
011e
011e
011e
011f
011f
011f
011f
011f
011f
011f
011f
011f
011f
011f
011f
011f
011f
011f
0120
0120
0120
0120
0120
0120
0120
0120
0120
0120
0120
0120
0120
0120
0121
0121
0121
0121
0121
0121
0121
0121
0121
0121
0121
0121
0121
0121
0121
0122
0122
0122
0122
0122
0122
0122
0122
0122
0122
0122
0122
0122
0122
0123
0123
0123
0123
0123
0123
0123
0123
0123
0123
0123
0123
0123
0123
0123
0124
0124
0124
0124
0124
0124
0124
0124
0124
0124
0124
0124
0124
0124
0124
0125
0125
0125
0125
0125
0125
0125
0125
0125
0125
0125
0125
0125
0125
0126
0126
0126
0126
0126
0126
0126
0126
0126
0126
0126
0126
0126
0126
0126
0127
0127
0127
0127
0127
0127
0127
0127
0127
0127
0127
0127
0127
0127
0127
0128
0128
0128
0128
0128
0128
0128
0128
0128
0128
0128
0128
0128
0128
0129
0129
0129
0129
0129
0129
0129
0129
0129
0129
0129
0129
0129
0129
012a
012a
012a
012a
012a
012a
012a
012a
012a
012a
012a
012a
012a
012b
012b
012b
012b
012b
012b
012b
012b
012b
012b
012b
012b
012b
012c
012c
012c
012c
012c
012c
012c
012c
012c
012c
012c
012c
012c
012d
012d
012d
012d
012d
012d
012d
012d
012d
012d
012d
012d
012d
012d
012e
012e
012e
012e
012e
012e
012e
012e
012e
012e
012e
012e
012e
012f
012f
012f
012f
012f
012f
012f
012f
012f
012f
012f
012f
012f
0130
0130
0130
0130
0130
0130
0130
0130
0130
0130
0130
0130
0130
0131
0131
0131
0131
0131
0131
0131
0131
0131
0131
0131
0131
0131
0132
0132
0132
0132
0132
0132
0132
0132
0132
0132
0132
0132
0132
0133
0133
0133
0133
0133
0133
0133
0133
0133
0133
0133
0133
0133
0134
0134
0134
0134
0134
0134
0134
0134
0134
0134
0134
0134
0134
0135
0135
0135
0135
0135
0135
0135
0135
0135
0135
0135
0135
0135
0135
0136
0136
0136
0136
0136
0136
0136
0136
0136
0136
0136
0136
0136
0137
0137
0137
0137
0137
0137
0137
0137
0137
0137
0137
0137
0137
0138
0138
0138
0138
0138
0138
0138
0138
0138
0138
0138
0138
0138
0139
0139
0139
0139
0139
0139
0139
0139
0139
0139
0139
0139
0139
013a
013a
013a
013a
013a
013a
013a
013a
013a
013a
013a
013a
013a
013b
013b
013b
013b
013b
013b
013b
013b
013b
013b
013b
013b
013b
013c
013c
013c
013c
013c
013c
013c
013c
013c
013c
013c
013c
013c
013d
013d
013d
013d
013d
013d
013d
013d
013d
013d
013d
013d
013d
013d
013e
013e
013e
013e
013e
013e
013e
013e
013e
013e
013e
013e
013e
013f
013f
013f
013f
013f
013f
013f
013f
013f
013f
013f
013f
013f
0140
0140
0140
0140
0140
0140
0140
0140
0140
0140
0140
0140
0140
0141
0141
0141
0141
0141
0141
0141
0141
0141
0141
0141
0141
0141
0142
0142
0142
0142
0142
0142
0142
0142
0142
0142
0142
0142
0142
0143
0143
0143
0143
0143
0143
0143
0143
0143
0143
0143
0143
0143
0144
0144
0144
0144
0144
0144
0144
0144
0144
0144
0144
0144
0144
0144
0145
0145
0145
0145
0145
0145
0145
0145
0145
0145
0145
0145
0145
0146
0146
0146
0146
0146
0146
0146
0146
0146
0146
0146
0146
0146
0147
0147
0147
0147
0147
0147
0147
0147
0147
0147
0147
0147
0147
0148
0148
0148
0148
0148
0148
0148
0148
0148
0148
0148
0148
0148
0149
0149
0149
0149
0149
0149
0149
0149
0149
0149
0149
0149
0149
014a
014a
014a
014a
014a
014a
014a
014a
014a
014a
014a
014a
014a
014b
014b
014b
014b
014b
014b
014b
014b
014b
014b
014b
014b
014b
014c
014c
014c
014c
014c
014c
014c
014c
014c
014c
014c
014c
014c
014c
014d
014d
014d
014d
014d
014d
014d
014d
014d
014d
014d
014d
014d
014e
014e
014e
014e
014e
014e
014e
014e
014e
014e
014e
014e
014e
014f
014f
014f
014f
014f
014f
014f
014f
014f
014f
014f
014f
014f
0150
0150
0150
0150
0150
0150
0150
0150
0150
0150
0150
0150
0151
0151
0151
0151
0151
0151
0151
0151
0151
0151
0151
0151
0152
0152
0152
0152
0152
0152
0152
0152
0152
0152
0152
0153
0153
0153
0153
0153
0153
0153
0153
0153
0153
0153
0154
0154
0154
0154
0154
0154
0154
0154
0154
0154
0154
0154
0155
0155
0155
0155
0155
0155
0155
0155
0155
0155
0155
0156
0156
0156
0156
0156
0156
0156
0156
0156
0156
0156
0157
0157
0157
0157
0157
0157
0157
0157
0157
0157
0157
0157
0158
0158
0158
0158
0158
0158
0158
0158
0158
0158
0158
0159
0159
0159
0159
0159
0159
0159
0159
0159
0159
0159
0159
015a
015a
015a
015a
015a
015a
015a
015a
015a
015a
015a
015b
015b
015b
015b
015b
015b
015b
015b
015b
015b
015b
015c
015c
015c
015c
015c
015c
015c
015c
015c
015c
015c
015c
015d
015d
015d
015d
015d
015d
015d
015d
015d
015d
015d
015e
015e
015e
015e
015e
015e
015e
015e
015e
015e
015e
015f
015f
015f
015f
015f
015f
015f
015f
015f
015f
015f
015f
0160
0160
0160
0160
0160
0160
0160
0160
0160
0160
0160
0161
0161
0161
0161
0161
0161
0161
0161
0161
0161
0161
0161
0162
0162
0162
0162
0162
0162
0162
0162
0162
0162
0162
0163
0163
0163
0163
0163
0163
0163
0163
0163
0163
0163
0164
0164
0164
0164
0164
0164
0164
0164
0164
0164
0164
0164
0165
0165
0165
0165
0165
0165
0165
0165
0165
0165
0165
0166
0166
0166
0166
0166
0166
0166
0166
0166
0166
0166
0167
0167
0167
0167
0167
0167
0167
0167
0167
0167
0167
0167
0168
0168
0168
0168
0168
0168
0168
0168
0168
0168
0168
0169
0169
0169
0169
0169
0169
0169
0169
0169
0169
0169
0169
016a
016a
016a
016a
016a
016a
016a
016a
016a
016a
016a
016b
016b
016b
016b
016b
016b
016b
016b
016b
016b
016b
016c
016c
016c
016c
016c
016c
016c
016c
016c
016c
016c
016c
016d
016d
016d
016d
016d
016d
016d
016d
016d
016d
016d
016e
016e
016e
016e
016e
016e
016e
016e
016e
016e
016e
016e
016f
016f
016f
016f
016f
016f
016f
016f
016f
016f
016f
0170
0170
0170
0170
0170
0170
0170
0170
0170
0170
0170
0171
0171
0171
0171
0171
0171
0171
0171
0171
0171
0171
0171
0172
0172
0172
0172
0172
0172
0172
0172
0172
0172
0172
0173
0173
0173
0173
0173
0173
0173
0173
0173
0173
0173
0174
0174
0174
0174
0174
0174
0174
0174
0174
0174
0174
0174
0175
0175
0175
0175
0175
0175
0175
0175
0175
0175
0175
0176
0176
0176
0176
0176
0176
0176
0176
0176
0176
0176
0176
0177
0177
0177
0177
0177
0177
0177
0177
0177
0177
0177
0178
0178
0178
0178
0178
0178
0178
0178
0178
0178
0178
0179
0179
0179
0179
0179
0179
0179
0179
0179
0179
0179
0179
017a
017a
017a
017a
017a
017a
017a
017a
017a
017a
017a
017b
017b
017b
017b
017b
017b
017b
017b
017b
017b
017b
017c
017c
017c
017c
017c
017c
017c
017c
017c
017c
017c
017c
017d
017d
017d
017d
017d
017d
017d
017d
017d
017d
017d
017e
017e
017e
017e
017e
017e
017e
017e
017e
017e
017f
017f
017f
017f
017f
017f
017f
017f
017f
017f
0180
0180
0180
0180
0180
0180
0180
0180
0180
0180
0181
0181
0181
0181
0181
0181
0181
0181
0181
0181
0182
0182
0182
0182
0182
0182
0182
0182
0182
0182
0183
0183
0183
0183
0183
0183
0183
0183
0183
0183
0184
0184
0184
0184
0184
0184
0184
0184
0184
0184
0185
0185
0185
0185
0185
0185
0185
0185
0185
0185
0186
0186
0186
0186
0186
0186
0186
0186
0186
0186
0187
0187
0187
0187
0187
0187
0187
0187
0187
0187
0188
0188
0188
0188
0188
0188
0188
0188
0188
0188
0189
0189
0189
0189
0189
0189
0189
0189
0189
0189
018a
018a
018a
018a
018a
018a
018a
018a
018a
018a
018b
018b
018b
018b
018b
018b
018b
018b
018b
018b
018c
018c
018c
018c
018c
018c
018c
018c
018c
018c
018d
018d
018d
018d
018d
018d
018d
018d
018d
018d
018e
018e
018e
018e
018e
018e
018e
018e
018e
018e
018f
018f
018f
018f
018f
018f
018f
018f
018f
018f
0190
0190
0190
0190
0190
0190
0190
0190
0190
0190
0191
0191
0191
0191
0191
0191
0191
0191
0191
0191
0192
0192
0192
0192
0192
0192
0192
0192
0192
0192
0193
0193
0193
0193
0193
0193
0193
0193
0193
0193
0194
0194
0194
0194
0194
0194
0194
0194
0194
0194
0195
0195
0195
0195
0195
0195
0195
0195
0195
0195
0196
0196
0196
0196
0196
0196
0196
0196
0196
0196
0197
0197
0197
0197
0197
0197
0197
0197
0197
0197
0197
0198
0198
0198
0198
0198
0198
0198
0198
0198
0198
0199
0199
0199
0199
0199
0199
0199
0199
0199
0199
019a
019a
019a
019a
019a
019a
019a
019a
019a
019a
019b
019b
019b
019b
019b
019b
019b
019b
019b
019b
019c
019c
019c
019c
019c
019c
019c
019c
019c
019c
019d
019d
019d
019d
019d
019d
019d
019d
019d
019d
019e
019e
019e
019e
019e
019e
019e
019e
019e
019e
019f
019f
019f
019f
019f
019f
019f
019f
019f
019f
01a0
01a0
01a0
01a0
01a0
01a0
01a0
01a0
01a0
01a0
01a1
01a1
01a1
01a1
01a1
01a1
01a1
01a1
01a1
01a1
01a2
01a2
01a2
01a2
01a2
01a2
01a2
01a2
01a2
01a2
01a3
01a3
01a3
01a3
01a3
01a3
01a3
01a3
01a3
01a3
01a4
01a4
01a4
01a4
01a4
01a4
01a4
01a4
01a4
01a4
01a5
01a5
01a5
01a5
01a5
01a5
01a5
01a5
01a5
01a5
01a6
01a6
01a6
01a6
01a6
01a6
01a6
01a6
01a6
01a6
01a7
01a7
01a7
01a7
01a7
01a7
01a7
01a7
01a7
01a7
01a8
01a8
01a8
01a8
01a8
01a8
01a8
01a8
01a8
01a8
01a9
01a9
01a9
01a9
01a9
01a9
01a9
01a9
01a9
01a9
01aa
01aa
01aa
01aa
01aa
01aa
01aa
01aa
01aa
01aa
01ab
01ab
01ab
01ab
01ab
01ab
01ab
01ab
01ab
01ab
01ac
01ac
01ac
01ac
01ac
01ac
01ac
01ac
01ac
01ac
01ad
01ad
01ad
01ad
01ad
01ad
01ad
01ad
01ad
01ad
01ae
01ae
01ae
01ae
01ae
01ae
01ae
01ae
01ae
01ae
01af
01af
01af
01af
01af
01af
01af
01af
01af
01af
01b0
01b0
01b0
01b0
01b0
01b0
01b0
01b0
01b0
01b0
01b1
01b1
01b1
01b1
01b1
01b1
01b1
01b1
01b1
01b2
01b2
01b2
01b2
01b2
01b2
01b2
01b2
01b2
01b3
01b3
01b3
01b3
01b3
01b3
01b3
01b3
01b3
01b4
01b4
01b4
01b4
01b4
01b4
01b4
01b4
01b4
01b5
01b5
01b5
01b5
01b5
01b5
01b5
01b5
01b5
01b6
01b6
01b6
01b6
01b6
01b6
01b6
01b6
01b6
01b7
01b7
01b7
01b7
01b7
01b7
01b7
01b7
01b7
01b8
01b8
01b8
01b8
01b8
01b8
01b8
01b8
01b8
01b9
01b9
01b9
01b9
01b9
01b9
01b9
01b9
01b9
01ba
01ba
01ba
01ba
01ba
01ba
01ba
01ba
01ba
01bb
01bb
01bb
01bb
01bb
01bb
01bb
01bb
01bb
01bc
01bc
01bc
01bc
01bc
01bc
01bc
01bc
01bc
01bd
01bd
01bd
01bd
01bd
01bd
01bd
01bd
01bd
01be
01be
01be
01be
01be
01be
01be
01be
01be
01bf
01bf
01bf
01bf
01bf
01bf
01bf
01bf
01bf
01c0
01c0
01c0
01c0
01c0
01c0
01c0
01c0
01c0
01c1
01c1
01c1
01c1
01c1
01c1
01c1
01c1
01c1
01c2
01c2
01c2
01c2
01c2
01c2
01c2
01c2
01c2
01c3
01c3
01c3
01c3
01c3
01c3
01c3
01c3
01c3
01c4
01c4
01c4
01c4
01c4
01c4
01c4
01c4
01c4
01c5
01c5
01c5
01c5
01c5
01c5
01c5
01c5
01c5
01c6
01c6
01c6
01c6
01c6
01c6
01c6
01c6
01c6
01c7
01c7
01c7
01c7
01c7
01c7
01c7
01c7
01c7
01c8
01c8
01c8
01c8
01c8
01c8
01c8
01c8
01c8
01c9
01c9
01c9
01c9
01c9
01c9
01c9
01c9
01c9
01ca
01ca
01ca
01ca
01ca
01ca
01ca
01ca
01ca
01cb
01cb
01cb
01cb
01cb
01cb
01cb
01cb
01cb
01cc
01cc
01cc
01cc
01cc
01cc
01cc
01cc
01cd
01cd
01cd
01cd
01cd
01cd
01cd
01cd
01cd
01ce
01ce
01ce
01ce
01ce
01ce
01ce
01ce
01ce
01cf
01cf
01cf
01cf
01cf
01cf
01cf
01cf
01cf
01d0
01d0
01d0
01d0
01d0
01d0
01d0
01d0
01d0
01d1
01d1
01d1
01d1
01d1
01d1
01d1
01d1
01d1
01d2
01d2
01d2
01d2
01d2
01d2
01d2
01d2
01d2
01d3
01d3
01d3
01d3
01d3
01d3
01d3
01d3
01d3
01d4
01d4
01d4
01d4
01d4
01d4
01d4
01d4
01d4
01d5
01d5
01d5
01d5
01d5
01d5
01d5
01d5
01d5
01d6
01d6
01d6
01d6
01d6
01d6
01d6
01d6
01d6
01d7
01d7
01d7
01d7
01d7
01d7
01d7
01d7
01d7
01d8
01d8
01d8
01d8
01d8
01d8
01d8
01d8
01d8
01d9
01d9
01d9
01d9
01d9
01d9
01d9
01d9
01d9
01da
01da
01da
01da
01da
01da
01da
01da
01da
01db
01db
01db
01db
01db
01db
01db
01db
01db
01dc
01dc
01dc
01dc
01dc
01dc
01dc
01dc
01dc
01dd
01dd
01dd
01dd
01dd
01dd
01dd
01dd
01dd
01de
01de
01de
01de
01de
01de
01de
01de
01de
01df
01df
01df
01df
01df
01df
01df
01df
01df
01e0
01e0
01e0
01e0
01e0
01e0
01e0
01e0
01e0
01e1
01e1
01e1
01e1
01e1
01e1
01e1
01e1
01e1
01e2
01e2
01e2
01e2
01e2
01e2
01e2
01e2
01e2
01e3
01e3
01e3
01e3
01e3
01e3
01e3
01e3
01e3
01e4
01e4
01e4
01e4
01e4
01e4
01e4
01e4
01e4
01e5
01e5
01e5
01e5
01e5
01e5
01e5
01e5
01e5
01e6
01e6
01e6
01e6
01e6
01e6
01e6
01e6
01e6
01e7
01e7
01e7
01e7
01e7
01e7
01e7
01e7
01e7
01e8
01e8
01e8
01e8
01e8
01e8
01e8
01e8
01e8
01e9
01e9
01e9
01e9
01e9
01e9
01e9
01e9
01ea
01ea
01ea
01ea
01ea
01ea
01ea
01ea
01eb
01eb
01eb
01eb
01eb
01eb
01eb
01eb
01ec
01ec
01ec
01ec
01ec
01ec
01ec
01ec
01ed
01ed
01ed
01ed
01ed
01ed
01ed
01ed
01ee
01ee
01ee
01ee
01ee
01ee
01ee
01ee
01ef
01ef
01ef
01ef
01ef
01ef
01ef
01ef
01f0
01f0
01f0
01f0
01f0
01f0
01f0
01f0
01f1
01f1
01f1
01f1
01f1
01f1
01f1
01f2
01f2
01f2
01f2
01f2
01f2
01f2
01f2
01f3
01f3
01f3
01f3
01f3
01f3
01f3
01f3
01f4
01f4
01f4
01f4
01f4
01f4
01f4
01f4
01f5
01f5
01f5
01f5
01f5
01f5
01f5
01f5
01f6
01f6
01f6
01f6
01f6
01f6
01f6
01f6
01f7
01f7
01f7
01f7
01f7
01f7
01f7
01f7
01f8
01f8
01f8
01f8
01f8
01f8
01f8
01f8
01f9
01f9
01f9
01f9
01f9
01f9
01f9
01fa
01fa
01fa
01fa
01fa
01fa
01fa
01fa
01fb
01fb
01fb
01fb
01fb
01fb
01fb
01fb
01fc
01fc
01fc
01fc
01fc
01fc
01fc
01fc
01fd
01fd
01fd
01fd
01fd
01fd
01fd
01fd
01fe
01fe
01fe
01fe
01fe
01fe
01fe
01fe
01ff
01ff
01ff
01ff
01ff
01ff
01ff
01ff
0200
0200
0200
0200
0200
0200
0200
0200
0201
0201
0201
0201
0201
0201
0201
0202
0202
0202
0202
0202
0202
0202
0202
0203
0203
0203
0203
0203
0203
0203
0203
0204
0204
0204
0204
0204
0204
0204
0204
0205
0205
0205
0205
0205
0205
0205
0205
0206
0206
0206
0206
0206
0206
0206
0206
0207
0207
0207
0207
0207
0207
0207
0207
0208
0208
0208
0208
0208
0208
0208
0208
0209
0209
0209
0209
0209
0209
0209
020a
020a
020a
020a
020a
020a
020a
020a
020b
020b
020b
020b
020b
020b
020b
020b
020c
020c
020c
020c
020c
020c
020c
020c
020d
020d
020d
020d
020d
020d
020d
020d
020e
020e
020e
020e
020e
020e
020e
020e
020f
020f
020f
020f
020f
020f
020f
020f
0210
0210
0210
0210
0210
0210
0210
0210
0211
0211
0211
0211
0211
0211
0211
0211
0212
0212
0212
0212
0212
0212
0212
0213
0213
0213
0213
0213
0213
0213
0213
0214
0214
0214
0214
0214
0214
0214
0214
0215
0215
0215
0215
0215
0215
0215
0215
0216
0216
0216
0216
0216
0216
0216
0216
0217
0217
0217
0217
0217
0217
0217
0217
0218
0218
0218
0218
0218
0218
0218
0218
0219
0219
0219
0219
0219
0219
0219
0219
021a
021a
021a
021a
021a
021a
021a
021b
021b
021b
021b
021b
021b
021b
021b
021c
021c
021c
021c
021c
021c
021c
021c
021d
021d
021d
021d
021d
021d
021d
021d
021e
021e
021e
021e
021e
021e
021e
021e
021f
021f
021f
021f
021f
021f
021f
021f
0220
0220
0220
0220
0220
0220
0220
0220
0221
0221
0221
0221
0221
0221
0221
0221
0222
0222
0222
0222
0222
0222
0222
0223
0223
0223
0223
0223
0223
0223
0223
0224
0224
0224
0224
0224
0224
0224
0224
0225
0225
0225
0225
0225
0225
0225
0225
0226
0226
0226
0226
0226
0226
0226
0226
0227
0227
0227
0227
0227
0227
0227
0227
0228
0228
0228
0228
0228
0228
0228
0228
0229
0229
0229
0229
0229
0229
0229
0229
022a
022a
022a
022a
022a
022a
022a
022b
022b
022b
022b
022b
022b
022b
022c
022c
022c
022c
022c
022c
022c
022d
022d
022d
022d
022d
022d
022d
022e
022e
022e
022e
022e
022e
022e
022f
022f
022f
022f
022f
022f
022f
0230
0230
0230
0230
0230
0230
0231
0231
0231
0231
0231
0231
0231
0232
0232
0232
0232
0232
0232
0232
0233
0233
0233
0233
0233
0233
0233
0234
0234
0234
0234
0234
0234
0234
0235
0235
0235
0235
0235
0235
0235
0236
0236
0236
0236
0236
0236
0236
0237
0237
0237
0237
0237
0237
0237
0238
0238
0238
0238
0238
0238
0238
0239
0239
0239
0239
0239
0239
0239
023a
023a
023a
023a
023a
023a
023a
023b
023b
023b
023b
023b
023b
023b
023c
023c
023c
023c
023c
023c
023d
023d
023d
023d
023d
023d
023d
023e
023e
023e
023e
023e
023e
023e
023f
023f
023f
023f
023f
023f
023f
0240
0240
0240
0240
0240
0240
0240
0241
0241
0241
0241
0241
0241
0241
0242
0242
0242
0242
0242
0242
0242
0243
0243
0243
0243
0243
0243
0243
0244
0244
0244
0244
0244
0244
0244
0245
0245
0245
0245
0245
0245
0245
0246
0246
0246
0246
0246
0246
0246
0247
0247
0247
0247
0247
0247
0247
0248
0248
0248
0248
0248
0248
0248
0249
0249
0249
0249
0249
0249
024a
024a
024a
024a
024a
024a
024a
024b
024b
024b
024b
024b
024b
024b
024c
024c
024c
024c
024c
024c
024c
024d
024d
024d
024d
024d
024d
024d
024e
024e
024e
024e
024e
024e
024e
024f
024f
024f
024f
024f
024f
024f
0250
0250
0250
0250
0250
0250
0250
0251
0251
0251
0251
0251
0251
0251
0252
0252
0252
0252
0252
0252
0252
0253
0253
0253
0253
0253
0253
0253
0254
0254
0254
0254
0254
0254
0254
0255
0255
0255
0255
0255
0255
0256
0256
0256
0256
0256
0256
0256
0257
0257
0257
0257
0257
0257
0257
0258
0258
0258
0258
0258
0258
0258
0259
0259
0259
0259
0259
0259
0259
025a
025a
025a
025a
025a
025a
025a
025b
025b
025b
025b
025b
025b
025b
025c
025c
025c
025c
025c
025c
025c
025d
025d
025d
025d
025d
025d
025d
025e
025e
025e
025e
025e
025e
025e
025f
025f
025f
025f
025f
025f
025f
0260
0260
0260
0260
0260
0260
0260
0261
0261
0261
0261
0261
0261
0262
0262
0262
0262
0262
0262
0262
0263
0263
0263
0263
0263
0263
0263
0264
0264
0264
0264
0264
0264
0264
0265
0265
0265
0265
0265
0265
0265
0266
0266
0266
0266
0266
0266
0266
0267
0267
0267
0267
0267
0267
0267
0268
0268
0268
0268
0268
0268
0268
0269
0269
0269
0269
0269
0269
0269
026a
026a
026a
026a
026a
026a
026a
026b
026b
026b
026b
026b
026b
026b
026c
026c
026c
026c
026c
026c
026c
026d
026d
026d
026d
026d
026d
026d
026e
026e
026e
026e
026e
026e
026f
026f
026f
026f
026f
026f
026f
0270
0270
0270
0270
0270
0270
0270
0271
0271
0271
0271
0271
0271
0271
0272
0272
0272
0272
0272
0272
0272
0273
0273
0273
0273
0273
0273
0273
0274
0274
0274
0274
0274
0274
0274
0275
0275
0275
0275
0275
0275
0276
0276
0276
0276
0276
0276
0277
0277
0277
0277
0277
0277
0278
0278
0278
0278
0278
0278
0279
0279
0279
0279
0279
0279
027a
027a
027a
027a
027a
027a
027b
027b
027b
027b
027b
027b
027c
027c
027c
027c
027c
027c
027d
027d
027d
027d
027d
027d
027e
027e
027e
027e
027e
027e
027f
027f
027f
027f
027f
027f
027f
0280
0280
0280
0280
0280
0280
0281
0281
0281
0281
0281
0281
0282
0282
0282
0282
0282
0282
0283
0283
0283
0283
0283
0283
0284
0284
0284
0284
0284
0284
0285
0285
0285
0285
0285
0285
0286
0286
0286
0286
0286
0286
0287
0287
0287
0287
0287
0287
0288
0288
0288
0288
0288
0288
0289
0289
0289
0289
0289
0289
0289
028a
028a
028a
028a
028a
028a
028b
028b
028b
028b
028b
028b
028c
028c
028c
028c
028c
028c
028d
028d
028d
028d
028d
028d
028e
028e
028e
028e
028e
028e
028f
028f
028f
028f
028f
028f
0290
0290
0290
0290
0290
0290
0291
0291
0291
0291
0291
0291
0292
0292
0292
0292
0292
0292
0293
0293
0293
0293
0293
0293
0294
0294
0294
0294
0294
0294
0294
0295
0295
0295
0295
0295
0295
0296
0296
0296
0296
0296
0296
0297
0297
0297
0297
0297
0297
0298
0298
0298
0298
0298
0298
0299
0299
0299
0299
0299
0299
029a
029a
029a
029a
029a
029a
029b
029b
029b
029b
029b
029b
029c
029c
029c
029c
029c
029c
029d
029d
029d
029d
029d
029d
029e
029e
029e
029e
029e
029e
029e
029f
029f
029f
029f
029f
029f
02a0
02a0
02a0
02a0
02a0
02a0
02a1
02a1
02a1
02a1
02a1
02a1
02a2
02a2
02a2
02a2
02a2
02a2
02a3
02a3
02a3
02a3
02a3
02a3
02a4
02a4
02a4
02a4
02a4
02a4
02a5
02a5
02a5
02a5
02a5
02a5
02a6
02a6
02a6
02a6
02a6
02a6
02a7
02a7
02a7
02a7
02a7
02a7
02a8
02a8
02a8
02a8
02a8
02a8
02a9
02a9
02a9
02a9
02a9
02a9
02a9
02aa
02aa
02aa
02aa
02aa
02aa
02ab
02ab
02ab
02ab
02ab
02ab
02ac
02ac
02ac
02ac
02ac
02ac
02ad
02ad
02ad
02ad
02ad
02ad
02ae
02ae
02ae
02ae
02ae
02ae
02af
02af
02af
02af
02af
02af
02b0
02b0
02b0
02b0
02b0
02b0
02b1
02b1
02b1
02b1
02b1
02b1
02b2
02b2
02b2
02b2
02b2
02b2
02b3
02b3
02b3
02b3
02b3
02b3
02b3
02b4
02b4
02b4
02b4
02b4
02b4
02b5
02b5
02b5
02b5
02b5
02b5
02b6
02b6
02b6
02b6
02b6
02b6
02b7
02b7
02b7
02b7
02b7
02b7
02b8
02b8
02b8
02b8
02b8
02b8
02b9
02b9
02b9
02b9
02b9
02b9
02ba
02ba
02ba
02ba
02ba
02ba
02bb
02bb
02bb
02bb
02bb
02bb
02bc
02bc
02bc
02bc
02bc
02bc
02bd
02bd
02bd
02bd
02bd
02bd
02be
02be
02be
02be
02be
02be
02be
02bf
02bf
02bf
02bf
02bf
02bf
02c0
02c0
02c0
02c0
02c0
02c0
02c1
02c1
02c1
02c1
02c1
02c1
02c2
02c2
02c2
02c2
02c2
02c2
02c3
02c3
02c3
02c3
02c3
02c3
02c4
02c4
02c4
02c4
02c4
02c4
02c5
02c5
02c5
02c5
02c5
02c5
02c6
02c6
02c6
02c6
02c6
02c6
02c7
02c7
02c7
02c7
02c7
02c7
02c8
02c8
02c8
02c8
02c8
02c8
02c9
02c9
02c9
02c9
02c9
02c9
02ca
02ca
02ca
02ca
02ca
02cb
02cb
02cb
02cb
02cb
02cc
02cc
02cc
02cc
02cc
02cc
02cd
02cd
02cd
02cd
02cd
02ce
02ce
02ce
02ce
02ce
02ce
02cf
02cf
02cf
02cf
02cf
02d0
02d0
02d0
02d0
02d0
02d1
02d1
02d1
02d1
02d1
02d1
02d2
02d2
02d2
02d2
02d2
02d3
02d3
02d3
02d3
02d3
02d4
02d4
02d4
02d4
02d4
02d4
02d5
02d5
02d5
02d5
02d5
02d6
02d6
02d6
02d6
02d6
02d6
02d7
02d7
02d7
02d7
02d7
02d8
02d8
02d8
02d8
02d8
02d9
02d9
02d9
02d9
02d9
02d9
02da
02da
02da
02da
02da
02db
02db
02db
02db
02db
02db
02dc
02dc
02dc
02dc
02dc
02dd
02dd
02dd
02dd
02dd
02de
02de
02de
02de
02de
02de
02df
02df
02df
02df
02df
02e0
02e0
02e0
02e0
02e0
02e0
02e1
02e1
02e1
02e1
02e1
02e2
02e2
02e2
02e2
02e2
02e3
02e3
02e3
02e3
02e3
02e3
02e4
02e4
02e4
02e4
02e4
02e5
02e5
02e5
02e5
02e5
02e6
02e6
02e6
02e6
02e6
02e6
02e7
02e7
02e7
02e7
02e7
02e8
02e8
02e8
02e8
02e8
02e8
02e9
02e9
02e9
02e9
02e9
02ea
02ea
02ea
02ea
02ea
02eb
02eb
02eb
02eb
02eb
02eb
02ec
02ec
02ec
02ec
02ec
02ed
02ed
02ed
02ed
02ed
02ed
02ee
02ee
02ee
02ee
02ee
02ef
02ef
02ef
02ef
02ef
02f0
02f0
02f0
02f0
02f0
02f0
02f1
02f1
02f1
02f1
02f1
02f2
02f2
02f2
02f2
02f2
02f2
02f3
02f3
02f3
02f3
02f3
02f4
02f4
02f4
02f4
02f4
02f5
02f5
02f5
02f5
02f5
02f5
02f6
02f6
02f6
02f6
02f6
02f7
02f7
02f7
02f7
02f7
02f8
02f8
02f8
02f8
02f8
02f8
02f9
02f9
02f9
02f9
02f9
02fa
02fa
02fa
02fa
02fa
02fa
02fb
02fb
02fb
02fb
02fb
02fc
02fc
02fc
02fc
02fc
02fd
02fd
02fd
02fd
02fd
02fd
02fe
02fe
02fe
02fe
02fe
02ff
02ff
02ff
02ff
02ff
02ff
0300
0300
0300
0300
0300
0301
0301
0301
0301
0301
0302
0302
0302
0302
0302
0302
0303
0303
0303
0303
0303
0304
0304
0304
0304
0304
0304
0305
0305
0305
0305
0305
0306
0306
0306
0306
0306
0307
0307
0307
0307
0307
0307
0308
0308
0308
0308
0308
0309
0309
0309
0309
0309
0309
030a
030a
030a
030a
030a
030b
030b
030b
030b
030b
030c
030c
030c
030c
030c
030c
030d
030d
030d
030d
030d
030e
030e
030e
030e
030e
030f
030f
030f
030f
030f
030f
0310
0310
0310
0310
0310
0311
0311
0311
0311
0311
0311
0312
0312
0312
0312
0312
0313
0313
0313
0313
0313
0314
0314
0314
0314
0314
0314
0315
0315
0315
0315
0315
0316
0316
0316
0316
0316
0316
0317
0317
0317
0317
0317
0318
0318
0318
0318
0318
0319
0319
0319
0319
0319
0319
031a
031a
031a
031a
031a
031b
031b
031b
031b
031b
031b
031c
031c
031c
031c
031c
031d
031d
031d
031d
031d
031e
031e
031e
031e
031e
031e
031f
031f
031f
031f
031f
0320
0320
0320
0320
0320
0321
0321
0321
0321
0321
0321
0322
0322
0322
0322
0322
0323
0323
0323
0323
0323
0323
0324
0324
0324
0324
0324
0325
0325
0325
0325
0325
0326
0326
0326
0326
0326
0326
0327
0327
0327
0327
0327
0328
0328
0328
0328
0328
0329
0329
0329
0329
032a
032a
032a
032a
032a
032b
032b
032b
032b
032b
032c
032c
032c
032c
032c
032d
032d
032d
032d
032d
032e
032e
032e
032e
032f
032f
032f
032f
032f
0330
0330
0330
0330
0330
0331
0331
0331
0331
0331
0332
0332
0332
0332
0332
0333
0333
0333
0333
0334
0334
0334
0334
0334
0335
0335
0335
0335
0335
0336
0336
0336
0336
0336
0337
0337
0337
0337
0338
0338
0338
0338
0338
0339
0339
0339
0339
0339
033a
033a
033a
033a
033a
033b
033b
033b
033b
033b
033c
033c
033c
033c
033d
033d
033d
033d
033d
033e
033e
033e
033e
033e
033f
033f
033f
033f
033f
0340
0340
0340
0340
0340
0341
0341
0341
0341
0342
0342
0342
0342
0342
0343
0343
0343
0343
0343
0344
0344
0344
0344
0344
0345
0345
0345
0345
0346
0346
0346
0346
0346
0347
0347
0347
0347
0347
0348
0348
0348
0348
0348
0349
0349
0349
0349
0349
034a
034a
034a
034a
034b
034b
034b
034b
034b
034c
034c
034c
034c
034c
034d
034d
034d
034d
034d
034e
034e
034e
034e
034e
034f
034f
034f
034f
0350
0350
0350
0350
0350
0351
0351
0351
0351
0351
0352
0352
0352
0352
0352
0353
0353
0353
0353
0354
0354
0354
0354
0354
0355
0355
0355
0355
0355
0356
0356
0356
0356
0356
0357
0357
0357
0357
0357
0358
0358
0358
0358
0359
0359
0359
0359
0359
035a
035a
035a
035a
035a
035b
035b
035b
035b
035b
035c
035c
035c
035c
035d
035d
035d
035d
035d
035e
035e
035e
035e
035e
035f
035f
035f
035f
035f
0360
0360
0360
0360
0360
0361
0361
0361
0361
0362
0362
0362
0362
0362
0363
0363
0363
0363
0363
0364
0364
0364
0364
0364
0365
0365
0365
0365
0365
0366
0366
0366
0366
0367
0367
0367
0367
0367
0368
0368
0368
0368
0368
0369
0369
0369
0369
0369
036a
036a
036a
036a
036b
036b
036b
036b
036b
036c
036c
036c
036c
036c
036d
036d
036d
036d
036d
036e
036e
036e
036e
036e
036f
036f
036f
036f
0370
0370
0370
0370
0370
0371
0371
0371
0371
0371
0372
0372
0372
0372
0372
0373
0373
0373
0373
0373
0374
0374
0374
0374
0375
0375
0375
0375
0375
0376
0376
0376
0376
0376
0377
0377
0377
0377
0377
0378
0378
0378
0378
0379
0379
0379
0379
0379
037a
037a
037a
037a
037a
037b
037b
037b
037b
037b
037c
037c
037c
037c
037c
037d
037d
037d
037d
037e
037e
037e
037e
037e
037f
037f
037f
037f
037f
0380
0380
0380
0380
0380
0381
0381
0381
0381
0381
0382
0382
0382
0382
0383
0383
0383
0383
0383
0384
0384
0384
0384
0384
0385
0385
0385
0385
0385
0386
0386
0386
0386
0387
0387
0387
0387
0387
0388
0388
0388
0388
0388
0389
0389
0389
0389
0389
038a
038a
038a
038a
038a
038b
038b
038b
038b
038c
038c
038c
038c
038c
038d
038d
038d
038d
038d
038e
038e
038e
038e
038e
038f
038f
038f
038f
038f
0390
0390
0390
0390
0391
0391
0391
0391
0391
0392
0392
0392
0392
0392
0393
0393
0393
0393
0394
0394
0394
0394
0395
0395
0395
0395
0396
0396
0396
0396
0397
0397
0397
0397
0397
0398
0398
0398
0398
0399
0399
0399
0399
039a
039a
039a
039a
039b
039b
039b
039b
039c
039c
039c
039c
039c
039d
039d
039d
039d
039e
039e
039e
039e
039f
039f
039f
039f
03a0
03a0
03a0
03a0
03a1
03a1
03a1
03a1
03a1
03a2
03a2
03a2
03a2
03a3
03a3
03a3
03a3
03a4
03a4
03a4
03a4
03a5
03a5
03a5
03a5
03a6
03a6
03a6
03a6
03a6
03a7
03a7
03a7
03a7
03a8
03a8
03a8
03a8
03a9
03a9
03a9
03a9
03aa
03aa
03aa
03aa
03ab
03ab
03ab
03ab
03ab
03ac
03ac
03ac
03ac
03ad
03ad
03ad
03ad
03ae
03ae
03ae
03ae
03af
03af
03af
03af
03b0
03b0
03b0
03b0
03b1
03b1
03b1
03b1
03b1
03b2
03b2
03b2
03b2
03b3
03b3
03b3
03b3
03b4
03b4
03b4
03b4
03b5
03b5
03b5
03b5
03b6
03b6
03b6
03b6
03b6
03b7
03b7
03b7
03b7
03b8
03b8
03b8
03b8
03b9
03b9
03b9
03b9
03ba
03ba
03ba
03ba
03bb
03bb
03bb
03bb
03bb
03bc
03bc
03bc
03bc
03bd
03bd
03bd
03bd
03be
03be
03be
03be
03bf
03bf
03bf
03bf
03c0
03c0
03c0
03c0
03c0
03c1
03c1
03c1
03c1
03c2
03c2
03c2
03c2
03c3
03c3
03c3
03c3
03c4
03c4
03c4
03c4
03c5
03c5
03c5
03c5
03c5
03c6
03c6
03c6
03c6
03c7
03c7
03c7
03c7
03c8
03c8
03c8
03c8
03c9
03c9
03c9
03c9
03ca
03ca
03ca
03ca
03ca
03cb
03cb
03cb
03cb
03cc
03cc
03cc
03cc
03cd
03cd
03cd
03cd
03ce
03ce
03ce
03ce
03cf
03cf
03cf
03cf
03cf
03d0
03d0
03d0
03d0
03d1
03d1
03d1
03d1
03d2
03d2
03d2
03d2
03d3
03d3
03d3
03d3
03d4
03d4
03d4
03d4
03d4
03d5
03d5
03d5
03d5
03d6
03d6
03d6
03d6
03d7
03d7
03d7
03d7
03d8
03d8
03d8
03d8
03d9
03d9
03d9
03d9
03d9
03da
03da
03da
03da
03db
03db
03db
03db
03dc
03dc
03dc
03dc
03dd
03dd
03dd
03dd
03de
03de
03de
03de
03de
03df
03df
03df
03df
03e0
03e0
03e0
03e0
03e1
03e1
03e1
03e1
03e2
03e2
03e2
03e2
03e3
03e3
03e3
03e3
03e3
03e4
03e4
03e4
03e4
03e5
03e5
03e5
03e5
03e6
03e6
03e6
03e6
03e7
03e7
03e7
03e7
03e8
03e8
03e8
03e8
03e8
03e9
03e9
03e9
03e9
03ea
03ea
03ea
03ea
03eb
03eb
03eb
03eb
03ec
03ec
03ec
03ec
03ed
03ed
03ed
03ed
03ee
03ee
03ee
03ee
03ee
03ef
03ef
03ef
03ef
03f0
03f0
03f0
03f0
03f1
03f1
03f1
03f1
03f2
03f2
03f2
03f2
03f3
03f3
03f3
03f3
03f3
03f4
03f4
03f4
03f4
03f5
03f5
03f5
03f5
03f6
03f6
03f6
03f6
03f7
03f7
03f7
03f7
03f8
03f8
03f8
03f8
03f8
03f9
03f9
03f9
03f9
03fa
03fa
03fa
03fa
03fb
03fb
03fb
03fb
03fc
03fc
03fc
03fc
03fd
03fd
03fd
03fd
03fd
03fe
03fe
03fe
03fe
03ff
03ff
03ff
03ff
0400
0400
0400
0400
0401
0401
0401
0401
0402
0402
0402
0402
0402
0403
0403
0403
0403
0404
0404
0404
0404
0405
0405
0405
0405
0406
0406
0406
0406
0407
0407
0407
0407
0407
0408
0408
0408
0408
0409
0409
0409
0409
040a
040a
040a
040a
040b
040b
040b
040b
040c
040c
040c
040c
040d
040d
040d
040d
040e
040e
040e
040e
040f
040f
040f
0410
0410
0410
0410
0411
0411
0411
0411
0412
0412
0412
0412
0413
0413
0413
0414
0414
0414
0414
0415
0415
0415
0415
0416
0416
0416
0417
0417
0417
0417
0418
0418
0418
0418
0419
0419
0419
0419
041a
041a
041a
041b
041b
041b
041b
041c
041c
041c
041c
041d
041d
041d
041e
041e
041e
041e
041f
041f
041f
041f
0420
0420
0420
0420
0421
0421
0421
0422
0422
0422
0422
0423
0423
0423
0423
0424
0424
0424
0425
0425
0425
0425
0426
0426
0426
0426
0427
0427
0427
0427
0428
0428
0428
0429
0429
0429
0429
042a
042a
042a
042a
042b
042b
042b
042c
042c
042c
042c
042d
042d
042d
042d
042e
042e
042e
042f
042f
042f
042f
0430
0430
0430
0430
0431
0431
0431
0431
0432
0432
0432
0433
0433
0433
0433
0434
0434
0434
0434
0435
0435
0435
0436
0436
0436
0436
0437
0437
0437
0437
0438
0438
0438
0438
0439
0439
0439
043a
043a
043a
043a
043b
043b
043b
043b
043c
043c
043c
043d
043d
043d
043d
043e
043e
043e
043e
043f
043f
043f
043f
0440
0440
0440
0441
0441
0441
0441
0442
0442
0442
0442
0443
0443
0443
0444
0444
0444
0444
0445
0445
0445
0445
0446
0446
0446
0446
0447
0447
0447
0448
0448
0448
0448
0449
0449
0449
0449
044a
044a
044a
044b
044b
044b
044b
044c
044c
044c
044c
044d
044d
044d
044d
044e
044e
044e
044f
044f
044f
044f
0450
0450
0450
0450
0451
0451
0451
0452
0452
0452
0452
0453
0453
0453
0453
0454
0454
0454
0455
0455
0455
0455
0456
0456
0456
0456
0457
0457
0457
0457
0458
0458
0458
0459
0459
0459
0459
045a
045a
045a
045a
045b
045b
045b
045c
045c
045c
045c
045d
045d
045d
045d
045e
045e
045e
045e
045f
045f
045f
0460
0460
0460
0460
0461
0461
0461
0461
0462
0462
0462
0463
0463
0463
0463
0464
0464
0464
0464
0465
0465
0465
0465
0466
0466
0466
0467
0467
0467
0467
0468
0468
0468
0468
0469
0469
0469
046a
046a
046a
046a
046b
046b
046b
046b
046c
046c
046c
046c
046d
046d
046d
046e
046e
046e
046e
046f
046f
046f
046f
0470
0470
0470
0471
0471
0471
0471
0472
0472
0472
0472
0473
0473
0473
0474
0474
0474
0474
0475
0475
0475
0475
0476
0476
0476
0476
0477
0477
0477
0478
0478
0478
0478
0479
0479
0479
0479
047a
047a
047a
047b
047b
047b
047b
047c
047c
047c
047c
047d
047d
047d
047d
047e
047e
047e
047f
047f
047f
047f
0480
0480
0480
0480
0481
0481
0481
0482
0482
0482
0482
0483
0483
0483
0483
0484
0484
0484
0484
0485
0485
0485
0486
0486
0486
0486
0487
0487
0487
0487
0488
0488
0488
0489
0489
0489
0489
048a
048a
048a
048a
048b
048b
048b
048b
048c
048c
048c
048d
048d
048d
048d
048e
048e
048e
048e
048f
048f
048f
0490
0490
0490
0490
0491
0491
0491
0491
0492
0492
0492
0492
0493
0493
0493
0494
0494
0494
0494
0495
0495
0495
0495
0496
0496
0496
0497
0497
0497
0498
0498
0498
0498
0499
0499
0499
049a
049a
049a
049b
049b
049b
049b
049c
049c
049c
049d
049d
049d
049e
049e
049e
049f
049f
049f
049f
04a0
04a0
04a0
04a1
04a1
04a1
04a2
04a2
04a2
04a2
04a3
04a3
04a3
04a4
04a4
04a4
04a5
04a5
04a5
04a6
04a6
04a6
04a6
04a7
04a7
04a7
04a8
04a8
04a8
04a9
04a9
04a9
04aa
04aa
04aa
04aa
04ab
04ab
04ab
04ac
04ac
04ac
04ad
04ad
04ad
04ad
04ae
04ae
04ae
04af
04af
04af
04b0
04b0
04b0
04b1
04b1
04b1
04b1
04b2
04b2
04b2
04b3
04b3
04b3
04b4
04b4
04b4
04b4
04b5
04b5
04b5
04b6
04b6
04b6
04b7
04b7
04b7
04b8
04b8
04b8
04b8
04b9
04b9
04b9
04ba
04ba
04ba
04bb
04bb
04bb
04bb
04bc
04bc
04bc
04bd
04bd
04bd
04be
04be
04be
04bf
04bf
04bf
04bf
04c0
04c0
04c0
04c1
04c1
04c1
04c2
04c2
04c2
04c2
04c3
04c3
04c3
04c4
04c4
04c4
04c5
04c5
04c5
04c6
04c6
04c6
04c6
04c7
04c7
04c7
04c8
04c8
04c8
04c9
04c9
04c9
04c9
04ca
04ca
04ca
04cb
04cb
04cb
04cc
04cc
04cc
04cd
04cd
04cd
04cd
04ce
04ce
04ce
04cf
04cf
04cf
04d0
04d0
04d0
04d1
04d1
04d1
04d1
04d2
04d2
04d2
04d3
04d3
04d3
04d4
04d4
04d4
04d4
04d5
04d5
04d5
04d6
04d6
04d6
04d7
04d7
04d7
04d8
04d8
04d8
04d8
04d9
04d9
04d9
04da
04da
04da
04db
04db
04db
04db
04dc
04dc
04dc
04dd
04dd
04dd
04de
04de
04de
04df
04df
04df
04df
04e0
04e0
04e0
04e1
04e1
04e1
04e2
04e2
04e2
04e2
04e3
04e3
04e3
04e4
04e4
04e4
04e5
04e5
04e5
04e6
04e6
04e6
04e6
04e7
04e7
04e7
04e8
04e8
04e8
04e9
04e9
04e9
04e9
04ea
04ea
04ea
04eb
04eb
04eb
04ec
04ec
04ec
04ed
04ed
04ed
04ed
04ee
04ee
04ee
04ef
04ef
04ef
04f0
04f0
04f0
04f0
04f1
04f1
04f1
04f2
04f2
04f2
04f3
04f3
04f3
04f4
04f4
04f4
04f4
04f5
04f5
04f5
04f6
04f6
04f6
04f7
04f7
04f7
04f8
04f8
04f8
04f8
04f9
04f9
04f9
04fa
04fa
04fa
04fb
04fb
04fb
04fb
04fc
04fc
04fc
04fd
04fd
04fd
04fe
04fe
04fe
04ff
04ff
04ff
04ff
0500
0500
0500
0501
0501
0501
0502
0502
0502
0502
0503
0503
0503
0504
0504
0504
0505
0505
0505
0506
0506
0506
0506
0507
0507
0507
0508
0508
0508
0509
0509
0509
0509
050a
050a
050a
050b
050b
050b
050c
050c
050c
050d
050d
050d
050d
050e
050e
050e
050f
050f
050f
0510
0510
0510
0510
0511
0511
0511
0512
0512
0512
0513
0513
0513
0514
0514
0514
0514
0515
0515
0515
0516
0516
0516
0517
0517
0517
0517
0518
0518
0518
0519
0519
0519
051a
051a
051a
051b
051b
051b
051b
051c
051c
051c
051d
051d
051d
051e
051e
051e
051f
051f
051f
051f
0520
0520
0520
0521
0521
0521
0522
0522
0522
0522
0523
0523
0523
0524
0524
0524
0525
0525
0525
0526
0526
0526
0526
0527
0527
0527
0528
0528
0528
0529
0529
0529
0529
052a
052a
052a
052b
052b
052b
052c
052c
052c
052d
052d
052d
052d
052e
052e
052e
052f
052f
052f
0530
0530
0530
0530
0531
0531
0531
0532
0532
0532
0533
0533
0533
0534
0534
0534
0535
0535
0535
0536
0536
0536
0537
0537
0538
0538
0538
0539
0539
0539
053a
053a
053a
053b
053b
053b
053c
053c
053c
053d
053d
053d
053e
053e
053e
053f
053f
053f
0540
0540
0541
0541
0541
0542
0542
0542
0543
0543
0543
0544
0544
0544
0545
0545
0545
0546
0546
0546
0547
0547
0547
0548
0548
0548
0549
0549
054a
054a
054a
054b
054b
054b
054c
054c
054c
054d
054d
054d
054e
054e
054e
054f
054f
054f
0550
0550
0550
0551
0551
0551
0552
0552
0552
0553
0553
0554
0554
0554
0555
0555
0555
0556
0556
0556
0557
0557
0557
0558
0558
0558
0559
0559
0559
055a
055a
055a
055b
055b
055b
055c
055c
055d
055d
055d
055e
055e
055e
055f
055f
055f
0560
0560
0560
0561
0561
0561
0562
0562
0562
0563
0563
0563
0564
0564
0564
0565
0565
0566
0566
0566
0567
0567
0567
0568
0568
0568
0569
0569
0569
056a
056a
056a
056b
056b
056b
056c
056c
056c
056d
056d
056d
056e
056e
056e
056f
056f
0570
0570
0570
0571
0571
0571
0572
0572
0572
0573
0573
0573
0574
0574
0574
0575
0575
0575
0576
0576
0576
0577
0577
0577
0578
0578
0579
0579
0579
057a
057a
057a
057b
057b
057b
057c
057c
057c
057d
057d
057d
057e
057e
057e
057f
057f
057f
0580
0580
0580
0581
0581
0582
0582
0582
0583
0583
0583
0584
0584
0584
0585
0585
0585
0586
0586
0586
0587
0587
0587
0588
0588
0588
0589
0589
0589
058a
058a
058b
058b
058b
058c
058c
058c
058d
058d
058d
058e
058e
058e
058f
058f
058f
0590
0590
0590
0591
0591
0591
0592
0592
0592
0593
0593
0593
0594
0594
0595
0595
0595
0596
0596
0596
0597
0597
0597
0598
0598
0598
0599
0599
0599
059a
059a
059a
059b
059b
059b
059c
059c
059c
059d
059d
059e
059e
059e
059f
059f
059f
05a0
05a0
05a0
05a1
05a1
05a1
05a2
05a2
05a2
05a3
05a3
05a3
05a4
05a4
05a4
05a5
05a5
05a5
05a6
05a6
05a7
05a7
05a7
05a8
05a8
05a8
05a9
05a9
05a9
05aa
05aa
05aa
05ab
05ab
05ab
05ac
05ac
05ac
05ad
05ad
05ad
05ae
05ae
05ae
05af
05af
05af
05b0
05b0
05b1
05b1
05b1
05b2
05b2
05b2
05b3
05b3
05b3
05b4
05b4
05b4
05b5
05b5
05b5
05b6
05b6
05b6
05b7
05b7
05b7
05b8
05b8
05b8
05b9
05b9
05ba
05ba
05ba
05bb
05bb
05bb
05bc
05bc
05bc
05bd
05bd
05bd
05be
05be
05be
05bf
05bf
05bf
05c0
05c0
05c0
05c1
05c1
05c1
05c2
05c2
05c3
05c3
05c3
05c4
05c4
05c4
05c5
05c5
05c5
05c6
05c6
05c6
05c7
05c7
05c7
05c8
05c8
05c8
05c9
05c9
05c9
05ca
05ca
05ca
05cb
05cb
05cb
05cc
05cc
05cd
05cd
05cd
05ce
05ce
05ce
05cf
05cf
05cf
05d0
05d0
05d0
05d1
05d1
05d1
05d2
05d2
05d2
05d3
05d3
05d3
05d4
05d4
05d4
05d5
05d5
05d6
05d6
05d6
05d7
05d7
05d7
05d8
05d8
05d8
05d9
05d9
05d9
05da
05da
05da
05db
05db
05db
05dc
05dc
05dc
05dd
05dd
05dd
05de
05de
05df
05df
05df
05e0
05e0
05e0
05e1
05e1
05e1
05e2
05e2
05e2
05e3
05e3
05e3
05e4
05e4
05e5
05e5
05e5
05e6
05e6
05e7
05e7
05e7
05e8
05e8
05e8
05e9
05e9
05ea
05ea
05ea
05eb
05eb
05ec
05ec
05ec
05ed
05ed
05ee
05ee
05ee
05ef
05ef
05f0
05f0
05f0
05f1
05f1
05f1
05f2
05f2
05f3
05f3
05f3
05f4
05f4
05f5
05f5
05f5
05f6
05f6
05f7
05f7
05f7
05f8
05f8
05f8
05f9
05f9
05fa
05fa
05fa
05fb
05fb
05fc
05fc
05fc
05fd
05fd
05fe
05fe
05fe
05ff
05ff
0600
0600
0600
0601
0601
0601
0602
0602
0603
0603
0603
0604
0604
0605
0605
0605
0606
0606
0607
0607
0607
0608
0608
0609
0609
0609
060a
060a
060a
060b
060b
060c
060c
060c
060d
060d
060e
060e
060e
060f
060f
0610
0610
0610
0611
0611
0611
0612
0612
0613
0613
0613
0614
0614
0615
0615
0615
0616
0616
0617
0617
0617
0618
0618
0619
0619
0619
061a
061a
061a
061b
061b
061c
061c
061c
061d
061d
061e
061e
061e
061f
061f
0620
0620
0620
0621
0621
0622
0622
0622
0623
0623
0623
0624
0624
0625
0625
0625
0626
0626
0627
0627
0627
0628
0628
0629
0629
0629
062a
062a
062a
062b
062b
062c
062c
062c
062d
062d
062e
062e
062e
062f
062f
0630
0630
0630
0631
0631
0632
0632
0632
0633
0633
0633
0634
0634
0635
0635
0635
0636
0636
0637
0637
0637
0638
0638
0639
0639
0639
063a
063a
063b
063b
063b
063c
063c
063c
063d
063d
063e
063e
063e
063f
063f
0640
0640
0640
0641
0641
0642
0642
0642
0643
0643
0643
0644
0644
0645
0645
0645
0646
0646
0647
0647
0647
0648
0648
0649
0649
0649
064a
064a
064b
064b
064b
064c
064c
064c
064d
064d
064e
064e
064e
064f
064f
0650
0650
0650
0651
0651
0652
0652
0652
0653
0653
0654
0654
0654
0655
0655
0655
0656
0656
0657
0657
0657
0658
0658
0659
0659
0659
065a
065a
065b
065b
065b
065c
065c
065c
065d
065d
065e
065e
065e
065f
065f
0660
0660
0660
0661
0661
0662
0662
0662
0663
0663
0664
0664
0664
0665
0665
0665
0666
0666
0667
0667
0667
0668
0668
0669
0669
0669
066a
066a
066b
066b
066b
066c
066c
066d
066d
066d
066e
066e
066e
066f
066f
0670
0670
0670
0671
0671
0672
0672
0672
0673
0673
0674
0674
0674
0675
0675
0675
0676
0676
0677
0677
0677
0678
0678
0679
0679
0679
067a
067a
067b
067b
067b
067c
067c
067d
067d
067d
067e
067e
067e
067f
067f
0680
0680
0680
0681
0681
0682
0682
0682
0683
0683
0684
0684
0684
0685
0685
0686
0686
0686
0687
0687
0687
0688
0688
0689
0689
0689
068a
068a
068b
068b
068b
068c
068c
068d
068d
068d
068e
068e
068e
068f
068f
0690
0690
0690
0691
0691
0692
0692
0692
0693
0693
0694
0694
0694
0695
0695
0696
0696
0696
0697
0697
0697
0698
0698
0699
0699
0699
069a
069a
069b
069b
069b
069c
069c
069d
069d
069d
069e
069e
069f
069f
069f
06a0
06a0
06a0
06a1
06a1
06a2
06a2
06a2
06a3
06a3
06a4
06a4
06a4
06a5
06a5
06a6
06a6
06a6
06a7
06a7
06a7
06a8
06a8
06a9
06a9
06a9
06aa
06aa
06ab
06ab
06ab
06ac
06ac
06ad
06ad
06ae
06ae
06af
06af
06af
06b0
06b0
06b1
06b1
06b2
06b2
06b3
06b3
06b3
06b4
06b4
06b5
06b5
06b6
06b6
06b7
06b7
06b7
06b8
06b8
06b9
06b9
06ba
06ba
06bb
06bb
06bb
06bc
06bc
06bd
06bd
06be
06be
06bf
06bf
06bf
06c0
06c0
06c1
06c1
06c2
06c2
06c3
06c3
06c3
06c4
06c4
06c5
06c5
06c6
06c6
06c7
06c7
06c8
06c8
06c8
06c9
06c9
06ca
06ca
06cb
06cb
06cc
06cc
06cc
06cd
06cd
06ce
06ce
06cf
06cf
06d0
06d0
06d0
06d1
06d1
06d2
06d2
06d3
06d3
06d4
06d4
06d4
06d5
06d5
06d6
06d6
06d7
06d7
06d8
06d8
06d8
06d9
06d9
06da
06da
06db
06db
06dc
06dc
06dc
06dd
06dd
06de
06de
06df
06df
06e0
06e0
06e0
06e1
06e1
06e2
06e2
06e3
06e3
06e4
06e4
06e4
06e5
06e5
06e6
06e6
06e7
06e7
06e8
06e8
06e8
06e9
06e9
06ea
06ea
06eb
06eb
06ec
06ec
06ec
06ed
06ed
06ee
06ee
06ef
06ef
06f0
06f0
06f0
06f1
06f1
06f2
06f2
06f3
06f3
06f4
06f4
06f4
06f5
06f5
06f6
06f6
06f7
06f7
06f8
06f8
06f8
06f9
06f9
06fa
06fa
06fb
06fb
06fc
06fc
06fc
06fd
06fd
06fe
06fe
06ff
06ff
0700
0700
0701
0701
0701
0702
0702
0703
0703
0704
0704
0705
0705
0705
0706
0706
0707
0707
0708
0708
0709
0709
0709
070a
070a
070b
070b
070c
070c
070d
070d
070d
070e
070e
070f
070f
0710
0710
0711
0711
0711
0712
0712
0713
0713
0714
0714
0715
0715
0715
0716
0716
0717
0717
0718
0718
0719
0719
0719
071a
071a
071b
071b
071c
071c
071d
071d
071d
071e
071e
071f
071f
0720
0720
0721
0721
0721
0722
0722
0723
0723
0724
0724
0725
0725
0725
0726
0726
0727
0727
0728
0728
0729
0729
0729
072a
072a
072b
072b
072c
072c
072d
072d
072d
072e
072e
072f
072f
0730
0730
0731
0731
0731
0732
0732
0733
0733
0734
0734
0735
0735
0735
0736
0736
0737
0737
0738
0738
0739
0739
073a
073a
073a
073b
073b
073c
073c
073d
073d
073e
073e
073e
073f
073f
0740
0740
0741
0741
0742
0742
0742
0743
0743
0744
0744
0745
0745
0746
0746
0746
0747
0747
0748
0748
0749
0749
074a
074a
074a
074b
074b
074c
074c
074d
074d
074e
074e
074e
074f
074f
0750
0750
0751
0751
0752
0752
0752
0753
0753
0754
0754
0755
0755
0756
0756
0756
0757
0757
0758
0758
0759
0759
075a
075a
075a
075b
075b
075c
075c
075d
075d
075e
075e
075e
075f
075f
0760
0760
0761
0761
0762
0762
0762
0763
0763
0764
0764
0765
0765
0766
0766
0766
0767
0767
0768
0768
0769
0769
076a
076a
076a
076b
076b
076c
076c
076d
076d
076e
076e
076e
076f
076f
0770
0770
0771
0771
0772
0772
0773
0773
0773
0774
0774
0775
0775
0776
0776
0777
0777
0777
0778
0778
0779
0779
077a
077a
077b
077b
077b
077c
077c
077d
077d
077e
077e
077f
077f
077f
0780
0780
0781
0781
0782
0782
0783
0783
0783
0784
0784
0785
0785
0786
0786
0787
0787
0787
0788
0788
0789
0789
078a
078a
078b
078b
078b
078c
078c
078d
078d
078e
078e
078f
078f
0790
0790
0791
0791
0792
0792
0793
0793
0794
0794
0795
0795
0796
0796
0797
0797
0798
0798
0799
0799
079a
079a
079b
079b
079c
079c
079d
079d
079e
079e
079f
079f
07a0
07a0
07a1
07a1
07a2
07a2
07a3
07a3
07a4
07a4
07a5
07a5
07a6
07a6
07a7
07a7
07a8
07a8
07a9
07a9
07aa
07aa
07ab
07ab
07ac
07ac
07ad
07ad
07ae
07ae
07af
07af
07b0
07b0
07b1
07b1
07b2
07b2
07b3
07b3
07b4
07b4
07b5
07b5
07b6
07b6
07b7
07b7
07b8
07b8
07b9
07b9
07ba
07ba
07bb
07bb
07bc
07bc
07bd
07bd
07be
07be
07bf
07bf
07c0
07c0
07c1
07c1
07c2
07c2
07c3
07c3
07c4
07c4
07c5
07c5
07c6
07c6
07c7
07c7
07c8
07c8
07c9
07c9
07ca
07ca
07cb
07cb
07cc
07cc
07cd
07cd
07ce
07ce
07cf
07cf
07d0
07d0
07d1
07d1
07d2
07d2
07d3
07d3
07d4
07d4
07d5
07d5
07d6
07d6
07d7
07d7
07d8
07d8
07d9
07d9
07da
07da
07db
07db
07dc
07dc
07dd
07dd
07de
07de
07df
07df
07e0
07e0
07e1
07e1
07e2
07e2
07e3
07e3
07e4
07e4
07e5
07e5
07e6
07e6
07e7
07e7
07e8
07e8
07e9
07e9
07ea
07ea
07eb
07eb
07ec
07ec
07ed
07ed
07ee
07ee
07ef
07ef
07f0
07f0
07f1
07f1
07f2
07f2
07f3
07f3
07f4
07f4
07f5
07f5
07f6
07f6
07f7
07f7
07f8
07f8
07f9
07f9
07fa
07fa
07fb
07fb
07fc
07fc
07fd
07fd
07fe
07fe
07ff
07ff
0800
0800
0801
0801
0802
0802
0803
0803
0804
0804
0805
0805
0806
0806
0807
0807
0808
0808
0809
0809
080a
080a
080b
080b
080c
080c
080d
080d
080e
080e
080f
0810
0810
0811
0811
0812
0812
0813
0813
0814
0814
0815
0815
0816
0816
0817
0817
0818
0818
0819
0819
081a
081a
081b
081b
081c
081c
081d
081d
081e
081e
081f
081f
0820
0820
0821
0821
0822
0822
0823
0823
0824
0824
0825
0825
0826
0826
0827
0827
0828
0828
0829
0829
082a
082a
082b
082b
082c
082c
082d
082d
082e
082e
082f
082f
0830
0830
0831
0831
0832
0832
0833
0833
0834
0834
0835
0835
0836
0836
0837
0837
0838
0838
0839
0839
083a
083a
083b
083b
083c
083c
083d
083d
083e
083e
083f
083f
0840
0840
0841
0841
0842
0842
0843
0843
0844
0844
0845
0845
0846
0846
0847
0847
0848
0848
0849
0849
084a
084a
084b
084b
084c
084c
084d
084d
084e
084e
084f
084f
0850
0850
0851
0851
0852
0852
0853
0853
0854
0854
0855
0855
0856
0856
0857
0857
0858
0858
0859
0859
085a
085a
085b
085b
085c
085c
085d
085d
085e
085e
085f
085f
0860
0860
0861
0861
0862
0862
0863
0863
0864
0864
0865
0865
0866
0866
0867
0867
0868
0868
0869
0869
086a
086a
086b
086b
086c
086c
086d
086d
086e
086e
086f
086f
0870
0870
0871
0871
0872
0872
0873
0873
0874
0874
0875
0875
0876
0876
0877
0877
0878
0878
0879
0879
087a
087a
087b
087b
087c
087c
087d
087d
087e
087e
087f
087f
0880
0880
0881
0881
0882
0882
0883
0883
0884
0884
0885
0885
0886
0886
0887
0887
0888
0888
0889
0889
088a
088a
088b
088b
088c
088c
088d
088d
088e
088e
088f
088f
0890
0891
0891
0892
0892
0893
0893
0894
0895
0895
0896
0896
0897
0897
0898
0899
0899
089a
089a
089b
089b
089c
089d
089d
089e
089e
089f
089f
08a0
08a1
08a1
08a2
08a2
08a3
08a3
08a4
08a5
08a5
08a6
08a6
08a7
08a7
08a8
08a9
08a9
08aa
08aa
08ab
08ab
08ac
08ad
08ad
08ae
08ae
08af
08af
08b0
08b1
08b1
08b2
08b2
08b3
08b3
08b4
08b5
08b5
08b6
08b6
08b7
08b7
08b8
08b8
08b9
08ba
08ba
08bb
08bb
08bc
08bc
08bd
08be
08be
08bf
08bf
08c0
08c0
08c1
08c2
08c2
08c3
08c3
08c4
08c4
08c5
08c6
08c6
08c7
08c7
08c8
08c8
08c9
08ca
08ca
08cb
08cb
08cc
08cc
08cd
08ce
08ce
08cf
08cf
08d0
08d0
08d1
08d2
08d2
08d3
08d3
08d4
08d4
08d5
08d6
08d6
08d7
08d7
08d8
08d8
08d9
08da
08da
08db
08db
08dc
08dc
08dd
08de
08de
08df
08df
08e0
08e0
08e1
08e2
08e2
08e3
08e3
08e4
08e4
08e5
08e6
08e6
08e7
08e7
08e8
08e8
08e9
08ea
08ea
08eb
08eb
08ec
08ec
08ed
08ee
08ee
08ef
08ef
08f0
08f0
08f1
08f2
08f2
08f3
08f3
08f4
08f4
08f5
08f6
08f6
08f7
08f7
08f8
08f8
08f9
08fa
08fa
08fb
08fb
08fc
08fc
08fd
08fe
08fe
08ff
08ff
0900
0900
0901
0901
0902
0903
0903
0904
0904
0905
0905
0906
0907
0907
0908
0908
0909
0909
090a
090b
090b
090c
090c
090d
090d
090e
090f
090f
0910
0910
0911
0911
0912
0913
0913
0914
0914
0915
0915
0916
0917
0917
0918
0918
0919
0919
091a
091b
091b
091c
091c
091d
091d
091e
091f
091f
0920
0920
0921
0921
0922
0923
0923
0924
0924
0925
0925
0926
0927
0927
0928
0928
0929
0929
092a
092b
092b
092c
092c
092d
092d
092e
092f
092f
0930
0930
0931
0931
0932
0933
0933
0934
0934
0935
0935
0936
0937
0937
0938
0938
0939
0939
093a
093b
093b
093c
093c
093d
093d
093e
093f
093f
0940
0940
0941
0941
0942
0943
0943
0944
0944
0945
0945
0946
0947
0947
0948
0948
0949
0949
094a
094a
094b
094c
094c
094d
094d
094e
094e
094f
0950
0950
0951
0951
0952
0952
0953
0954
0954
0955
0955
0956
0956
0957
0958
0958
0959
0959
095a
095a
095b
095c
095c
095d
095d
095e
095e
095f
0960
0960
0961
0961
0962
0962
0963
0964
0964
0965
0965
0966
0966
0967
0968
0968
0969
0969
096a
096a
096b
096c
096c
096d
096d
096e
096e
096f
0970
0970
0971
0971
0972
0972
0973
0974
0974
0975
0975
0976
0976
0977
0978
0978
0979
0979
097a
097a
097b
097c
097c
097d
097d
097e
097e
097f
0980
0980
0981
0981
0982
0982
0983
0984
0984
0985
0985
0986
0986
0987
0988
0988
0989
0989
098a
098a
098b
098c
098c
098d
098d
098e
098e
098f
0990
0990
0991
0991
0992
0992
0993
0993
0994
0995
0995
0996
0996
0997
0997
0998
0999
0999
099a
099a
099b
099b
099c
099d
099d
099e
099e
099f
099f
09a0
09a1
09a1
09a2
09a2
09a3
09a3
09a4
09a5
09a5
09a6
09a6
09a7
09a7
09a8
09a9
09a9
09aa
09aa
09ab
09ab
09ac
09ad
09ad
09ae
09ae
09af
09af
09b0
09b1
09b1
09b2
09b2
09b3
09b3
09b4
09b5
09b5
09b6
09b7
09b7
09b8
09b9
09b9
09ba
09ba
09bb
09bc
09bc
09bd
09be
09be
09bf
09c0
09c0
09c1
09c2
09c2
09c3
09c4
09c4
09c5
09c5
09c6
09c7
09c7
09c8
09c9
09c9
09ca
09cb
09cb
09cc
09cd
09cd
09ce
09cf
09cf
09d0
09d0
09d1
09d2
09d2
09d3
09d4
09d4
09d5
09d6
09d6
09d7
09d8
09d8
09d9
09d9
09da
09db
09db
09dc
09dd
09dd
09de
09df
09df
09e0
09e1
09e1
09e2
09e3
09e3
09e4
09e4
09e5
09e6
09e6
09e7
09e8
09e8
09e9
09ea
09ea
09eb
09ec
09ec
09ed
09ee
09ee
09ef
09ef
09f0
09f1
09f1
09f2
09f3
09f3
09f4
09f5
09f5
09f6
09f7
09f7
09f8
09f9
09f9
09fa
09fa
09fb
09fc
09fc
09fd
09fe
09fe
09ff
0a00
0a00
0a01
0a02
0a02
0a03
0a04
0a04
0a05
0a05
0a06
0a07
0a07
0a08
0a09
0a09
0a0a
0a0b
0a0b
0a0c
0a0d
0a0d
0a0e
0a0f
0a0f
0a10
0a10
0a11
0a12
0a12
0a13
0a14
0a14
0a15
0a16
0a16
0a17
0a18
0a18
0a19
0a19
0a1a
0a1b
0a1b
0a1c
0a1d
0a1d
0a1e
0a1f
0a1f
0a20
0a21
0a21
0a22
0a23
0a23
0a24
0a24
0a25
0a26
0a26
0a27
0a28
0a28
0a29
0a2a
0a2a
0a2b
0a2c
0a2c
0a2d
0a2e
0a2e
0a2f
0a2f
0a30
0a31
0a31
0a32
0a33
0a33
0a34
0a35
0a35
0a36
0a37
0a37
0a38
0a39
0a39
0a3a
0a3a
0a3b
0a3c
0a3c
0a3d
0a3e
0a3e
0a3f
0a40
0a40
0a41
0a42
0a42
0a43
0a44
0a44
0a45
0a45
0a46
0a47
0a47
0a48
0a49
0a49
0a4a
0a4b
0a4b
0a4c
0a4d
0a4d
0a4e
0a4f
0a4f
0a50
0a50
0a51
0a52
0a52
0a53
0a54
0a54
0a55
0a56
0a56
0a57
0a58
0a58
0a59
0a5a
0a5a
0a5b
0a5b
0a5c
0a5d
0a5d
0a5e
0a5f
0a5f
0a60
0a61
0a61
0a62
0a63
0a63
0a64
0a64
0a65
0a66
0a66
0a67
0a68
0a68
0a69
0a6a
0a6a
0a6b
0a6c
0a6c
0a6d
0a6e
0a6e
0a6f
0a6f
0a70
0a71
0a71
0a72
0a73
0a73
0a74
0a75
0a75
0a76
0a77
0a77
0a78
0a79
0a79
0a7a
0a7a
0a7b
0a7c
0a7c
0a7d
0a7e
0a7e
0a7f
0a80
0a80
0a81
0a82
0a82
0a83
0a84
0a84
0a85
0a85
0a86
0a87
0a87
0a88
0a89
0a89
0a8a
0a8b
0a8b
0a8c
0a8d
0a8d
0a8e
0a8f
0a8f
0a90
0a90
0a91
0a92
0a92
0a93
0a94
0a94
0a95
0a96
0a96
0a97
0a98
0a98
0a99
0a9a
0a9a
0a9b
0a9b
0a9c
0a9d
0a9d
0a9e
0a9f
0a9f
0aa0
0aa1
0aa1
0aa2
0aa3
0aa3
0aa4
0aa4
0aa5
0aa6
0aa6
0aa7
0aa8
0aa8
0aa9
0aaa
0aaa
0aab
0aac
0aac
0aad
0aae
0aae
0aaf
0aaf
0ab0
0ab1
0ab1
0ab2
0ab3
0ab3
0ab4
0ab5
0ab5
0ab6
0ab7
0ab7
0ab8
0ab9
0ab9
0aba
0aba
0abb
0abc
0abc
0abd
0abe
0abe
0abf
0ac0
0ac0
0ac1
0ac2
0ac2
0ac3
0ac4
0ac4
0ac5
0ac5
0ac6
0ac7
0ac7
0ac8
0ac9
0ac9
0aca
0acb
0acb
0acc
0acd
0acd
0ace
0acf
0acf
0ad0
0ad0
0ad1
0ad2
0ad2
0ad3
0ad4
0ad4
0ad5
0ad6
0ad6
0ad7
0ad8
0ad8
0ad9
0ada
0ada
0adb
0adb
0adc
0add
0add
0ade
0adf
0adf
0ae0
0ae1
0ae1
0ae2
0ae3
0ae3
0ae4
0ae4
0ae5
0ae6
0ae6
0ae7
0ae8
0ae8
0ae9
0aea
0aea
0aeb
0aec
0aec
0aed
0aee
0aee
0aef
0aef
0af0
0af1
0af1
0af2
0af3
0af3
0af4
0af5
0af5
0af6
0af7
0af7
0af8
0af9
0af9
0afa
0afa
0afb
0afc
0afc
0afd
0afe
0afe
0aff
0b00
0b00
0b01
0b02
0b03
0b03
0b04
0b05
0b06
0b06
0b07
0b08
0b09
0b09
0b0a
0b0b
0b0b
0b0c
0b0d
0b0e
0b0e
0b0f
0b10
0b11
0b11
0b12
0b13
0b14
0b14
0b15
0b16
0b16
0b17
0b18
0b19
0b19
0b1a
0b1b
0b1c
0b1c
0b1d
0b1e
0b1e
0b1f
0b20
0b21
0b21
0b22
0b23
0b24
0b24
0b25
0b26
0b27
0b27
0b28
0b29
0b29
0b2a
0b2b
0b2c
0b2c
0b2d
0b2e
0b2f
0b2f
0b30
0b31
0b32
0b32
0b33
0b34
0b34
0b35
0b36
0b37
0b37
0b38
0b39
0b3a
0b3a
0b3b
0b3c
0b3d
0b3d
0b3e
0b3f
0b3f
0b40
0b41
0b42
0b42
0b43
0b44
0b45
0b45
0b46
0b47
0b48
0b48
0b49
0b4a
0b4a
0b4b
0b4c
0b4d
0b4d
0b4e
0b4f
0b50
0b50
0b51
0b52
0b52
0b53
0b54
0b55
0b55
0b56
0b57
0b58
0b58
0b59
0b5a
0b5b
0b5b
0b5c
0b5d
0b5d
0b5e
0b5f
0b60
0b60
0b61
0b62
0b63
0b63
0b64
0b65
0b66
0b66
0b67
0b68
0b68
0b69
0b6a
0b6b
0b6b
0b6c
0b6d
0b6e
0b6e
0b6f
0b70
0b71
0b71
0b72
0b73
0b73
0b74
0b75
0b76
0b76
0b77
0b78
0b79
0b79
0b7a
0b7b
0b7c
0b7c
0b7d
0b7e
0b7e
0b7f
0b80
0b81
0b81
0b82
0b83
0b84
0b84
0b85
0b86
0b86
0b87
0b88
0b89
0b89
0b8a
0b8b
0b8c
0b8c
0b8d
0b8e
0b8f
0b8f
0b90
0b91
0b91
0b92
0b93
0b94
0b94
0b95
0b96
0b97
0b97
0b98
0b99
0b9a
0b9a
0b9b
0b9c
0b9c
0b9d
0b9e
0b9f
0b9f
0ba0
0ba1
0ba2
0ba2
0ba3
0ba4
0ba5
0ba5
0ba6
0ba7
0ba7
0ba8
0ba9
0baa
0baa
0bab
0bac
0bad
0bad
0bae
0baf
0bb0
0bb0
0bb1
0bb2
0bb2
0bb3
0bb4
0bb5
0bb5
0bb6
0bb7
0bb8
0bb8
0bb9
0bba
0bbb
0bbb
0bbc
0bbd
0bbd
0bbe
0bbf
0bc0
0bc0
0bc1
0bc2
0bc3
0bc3
0bc4
0bc5
0bc5
0bc6
0bc7
0bc8
0bc8
0bc9
0bca
0bcb
0bcb
0bcc
0bcd
0bce
0bce
0bcf
0bd0
0bd0
0bd1
0bd2
0bd3
0bd3
0bd4
0bd5
0bd6
0bd6
0bd7
0bd8
0bd9
0bd9
0bda
0bdb
0bdb
0bdc
0bdd
0bde
0bde
0bdf
0be0
0be1
0be1
0be2
0be3
0be4
0be4
0be5
0be6
0be6
0be7
0be8
0be9
0be9
0bea
0beb
0bec
0bec
0bed
0bee
0bef
0bef
0bf0
0bf1
0bf1
0bf2
0bf3
0bf4
0bf4
0bf5
0bf6
0bf7
0bf7
0bf8
0bf9
0bf9
0bfa
0bfb
0bfc
0bfc
0bfd
0bfe
0bff
0bff
0c00
0c01
0c02
0c02
0c03
0c04
0c04
0c05
0c06
0c07
0c07
0c08
0c09
0c0a
0c0a
0c0b
0c0c
0c0d
0c0d
0c0e
0c0f
0c0f
0c10
0c11
0c12
0c12
0c13
0c14
0c15
0c15
0c16
0c17
0c18
0c18
0c19
0c1a
0c1a
0c1b
0c1c
0c1d
0c1d
0c1e
0c1f
0c20
0c20
0c21
0c22
0c23
0c23
0c24
0c25
0c25
0c26
0c27
0c28
0c28
0c29
0c2a
0c2b
0c2b
0c2c
0c2d
0c2d
0c2e
0c2f
0c30
0c30
0c31
0c32
0c33
0c33
0c34
0c35
0c36
0c36
0c37
0c38
0c38
0c39
0c3a
0c3b
0c3b
0c3c
0c3d
0c3e
0c3e
0c3f
0c40
0c41
0c41
0c42
0c43
0c43
0c44
0c45
0c46
0c46
0c47
0c48
0c49
0c49
0c4a
0c4b
0c4c
0c4c
0c4d
0c4e
0c4e
0c4f
0c50
0c51
0c51
0c52
0c53
0c54
0c54
0c55
0c56
0c57
0c57
0c58
0c59
0c59
0c5a
0c5b
0c5c
0c5c
0c5d
0c5e
0c5f
0c5f
0c60
0c61
0c61
0c62
0c63
0c64
0c64
0c65
0c66
0c67
0c67
0c68
0c69
0c6a
0c6a
0c6b
0c6c
0c6c
0c6d
0c6e
0c6f
0c6f
0c70
0c71
0c72
0c72
0c73
0c74
0c75
0c75
0c76
0c77
0c78
0c78
0c79
0c7a
0c7b
0c7c
0c7d
0c7d
0c7e
0c7f
0c80
0c81
0c82
0c82
0c83
0c84
0c85
0c86
0c87
0c87
0c88
0c89
0c8a
0c8b
0c8c
0c8c
0c8d
0c8e
0c8f
0c90
0c91
0c91
0c92
0c93
0c94
0c95
0c96
0c96
0c97
0c98
0c99
0c9a
0c9b
0c9b
0c9c
0c9d
0c9e
0c9f
0ca0
0ca0
0ca1
0ca2
0ca3
0ca4
0ca4
0ca5
0ca6
0ca7
0ca8
0ca9
0ca9
0caa
0cab
0cac
0cad
0cae
0cae
0caf
0cb0
0cb1
0cb2
0cb3
0cb3
0cb4
0cb5
0cb6
0cb7
0cb8
0cb8
0cb9
0cba
0cbb
0cbc
0cbd
0cbd
0cbe
0cbf
0cc0
0cc1
0cc2
0cc2
0cc3
0cc4
0cc5
0cc6
0cc7
0cc7
0cc8
0cc9
0cca
0ccb
0ccb
0ccc
0ccd
0cce
0ccf
0cd0
0cd0
0cd1
0cd2
0cd3
0cd4
0cd5
0cd5
0cd6
0cd7
0cd8
0cd9
0cda
0cda
0cdb
0cdc
0cdd
0cde
0cdf
0cdf
0ce0
0ce1
0ce2
0ce3
0ce4
0ce4
0ce5
0ce6
0ce7
0ce8
0ce9
0ce9
0cea
0ceb
0cec
0ced
0cee
0cee
0cef
0cf0
0cf1
0cf2
0cf3
0cf3
0cf4
0cf5
0cf6
0cf7
0cf7
0cf8
0cf9
0cfa
0cfb
0cfc
0cfc
0cfd
0cfe
0cff
0d00
0d01
0d01
0d02
0d03
0d04
0d05
0d06
0d06
0d07
0d08
0d09
0d0a
0d0b
0d0b
0d0c
0d0d
0d0e
0d0f
0d10
0d10
0d11
0d12
0d13
0d14
0d15
0d15
0d16
0d17
0d18
0d19
0d1a
0d1a
0d1b
0d1c
0d1d
0d1e
0d1f
0d1f
0d20
0d21
0d22
0d23
0d23
0d24
0d25
0d26
0d27
0d28
0d28
0d29
0d2a
0d2b
0d2c
0d2d
0d2d
0d2e
0d2f
0d30
0d31
0d32
0d32
0d33
0d34
0d35
0d36
0d37
0d37
0d38
0d39
0d3a
0d3b
0d3c
0d3c
0d3d
0d3e
0d3f
0d40
0d41
0d41
0d42
0d43
0d44
0d45
0d46
0d46
0d47
0d48
0d49
0d4a
0d4b
0d4b
0d4c
0d4d
0d4e
0d4f
0d4f
0d50
0d51
0d52
0d53
0d54
0d54
0d55
0d56
0d57
0d58
0d59
0d59
0d5a
0d5b
0d5c
0d5d
0d5e
0d5e
0d5f
0d60
0d61
0d62
0d63
0d63
0d64
0d65
0d66
0d67
0d68
0d68
0d69
0d6a
0d6b
0d6c
0d6d
0d6d
0d6e
0d6f
0d70
0d71
0d72
0d72
0d73
0d74
0d75
0d76
0d76
0d77
0d78
0d79
0d7a
0d7b
0d7b
0d7c
0d7d
0d7e
0d7f
0d80
0d80
0d81
0d82
0d83
0d84
0d85
0d85
0d86
0d87
0d88
0d89
0d8a
0d8a
0d8b
0d8c
0d8d
0d8e
0d8f
0d8f
0d90
0d91
0d92
0d93
0d94
0d94
0d95
0d96
0d97
0d98
0d99
0d99
0d9a
0d9b
0d9c
0d9d
0d9e
0d9e
0d9f
0da0
0da1
0da2
0da2
0da3
0da4
0da5
0da6
0da7
0da7
0da8
0da9
0daa
0dab
0dac
0dac
0dad
0dae
0daf
0db0
0db1
0db1
0db2
0db3
0db4
0db5
0db6
0db6
0db7
0db8
0db9
0dba
0dbb
0dbb
0dbc
0dbd
0dbe
0dbf
0dc0
0dc0
0dc1
0dc2
0dc3
0dc4
0dc5
0dc5
0dc6
0dc7
0dc8
0dc9
0dca
0dca
0dcb
0dcc
0dcd
0dce
0dce
0dcf
0dd0
0dd1
0dd2
0dd3
0dd3
0dd4
0dd5
0dd6
0dd7
0dd8
0dd8
0dd9
0dda
0ddb
0ddc
0ddd
0ddd
0dde
0ddf
0de0
0de1
0de2
0de2
0de3
0de4
0de5
0de6
0de7
0de7
0de8
0de9
0dea
0deb
0dec
0dec
0ded
0dee
0def
0df0
0df1
0df1
0df2
0df3
0df4
0df5
0df5
0df6
0df7
0df8
0df9
0dfa
0dfa
0dfb
0dfc
0dfd
0dfe
0dff
0dff
0e00
0e01
0e02
0e03
0e04
0e04
0e05
0e06
0e07
0e08
0e09
0e09
0e0a
0e0b
0e0c
0e0d
0e0e
0e0e
0e0f
0e10
0e11
0e12
0e13
0e13
0e14
0e15
0e16
0e17
0e18
0e18
0e19
0e1a
0e1b
0e1c
0e1d
0e1d
0e1e
0e1f
0e20
0e21
0e22
0e23
0e24
0e25
0e26
0e27
0e27
0e28
0e29
0e2a
0e2b
0e2c
0e2d
0e2e
0e2f
0e30
0e31
0e32
0e33
0e34
0e35
0e36
0e36
0e37
0e38
0e39
0e3a
0e3b
0e3c
0e3d
0e3e
0e3f
0e40
0e41
0e42
0e43
0e44
0e45
0e46
0e46
0e47
0e48
0e49
0e4a
0e4b
0e4c
0e4d
0e4e
0e4f
0e50
0e51
0e52
0e53
0e54
0e55
0e55
0e56
0e57
0e58
0e59
0e5a
0e5b
0e5c
0e5d
0e5e
0e5f
0e60
0e61
0e62
0e63
0e64
0e65
0e65
0e66
0e67
0e68
0e69
0e6a
0e6b
0e6c
0e6d
0e6e
0e6f
0e70
0e71
0e72
0e73
0e74
0e74
0e75
0e76
0e77
0e78
0e79
0e7a
0e7b
0e7c
0e7d
0e7e
0e7f
0e80
0e81
0e82
0e83
0e84
0e84
0e85
0e86
0e87
0e88
0e89
0e8a
0e8b
0e8c
0e8d
0e8e
0e8f
0e90
0e91
0e92
0e93
0e93
0e94
0e95
0e96
0e97
0e98
0e99
0e9a
0e9b
0e9c
0e9d
0e9e
0e9f
0ea0
0ea1
0ea2
0ea3
0ea3
0ea4
0ea5
0ea6
0ea7
0ea8
0ea9
0eaa
0eab
0eac
0ead
0eae
0eaf
0eb0
0eb1
0eb2
0eb2
0eb3
0eb4
0eb5
0eb6
0eb7
0eb8
0eb9
0eba
0ebb
0ebc
0ebd
0ebe
0ebf
0ec0
0ec1
0ec2
0ec2
0ec3
0ec4
0ec5
0ec6
0ec7
0ec8
0ec9
0eca
0ecb
0ecc
0ecd
0ece
0ecf
0ed0
0ed1
0ed1
0ed2
0ed3
0ed4
0ed5
0ed6
0ed7
0ed8
0ed9
0eda
0edb
0edc
0edd
0ede
0edf
0ee0
0ee1
0ee1
0ee2
0ee3
0ee4
0ee5
0ee6
0ee7
0ee8
0ee9
0eea
0eeb
0eec
0eed
0eee
0eef
0ef0
0ef0
0ef1
0ef2
0ef3
0ef4
0ef5
0ef6
0ef7
0ef8
0ef9
0efa
0efb
0efc
0efd
0efe
0eff
0f00
0f00
0f01
0f02
0f03
0f04
0f05
0f06
0f07
0f08
0f09
0f0a
0f0b
0f0c
0f0d
0f0e
0f0f
0f10
0f10
0f11
0f12
0f13
0f14
0f15
0f16
0f17
0f18
0f19
0f1a
0f1b
0f1c
0f1d
0f1e
0f1f
0f1f
0f20
0f21
0f22
0f23
0f24
0f25
0f26
0f27
0f28
0f29
0f2a
0f2b
0f2c
0f2d
0f2e
0f2f
0f2f
0f30
0f31
0f32
0f33
0f34
0f35
0f36
0f37
0f38
0f39
0f3a
0f3b
0f3c
0f3d
0f3e
0f3e
0f3f
0f40
0f41
0f42
0f43
0f44
0f45
0f46
0f47
0f48
0f49
0f4a
0f4b
0f4c
0f4d
0f4e
0f4e
0f4f
0f50
0f51
0f52
0f53
0f54
0f55
0f56
0f57
0f58
0f59
0f5a
0f5b
0f5c
0f5d
0f5d
0f5e
0f5f
0f60
0f61
0f62
0f63
0f64
0f65
0f66
0f67
0f68
0f69
0f6a
0f6b
0f6c
0f6d
0f6d
0f6e
0f6f
0f70
0f71
0f72
0f73
0f74
0f75
0f76
0f77
0f78
0f79
0f7a
0f7b
0f7c
0f7c
0f7d
0f7e
0f7f
0f80
0f81
0f82
0f83
0f84
0f85
0f86
0f87
0f88
0f89
0f8a
0f8b
0f8c
0f8c
0f8d
0f8e
0f8f
0f90
0f91
0f92
0f93
0f94
0f95
0f96
0f97
0f98
0f99
0f9a
0f9b
0f9b
0f9c
0f9d
0f9e
0f9f
0fa0
0fa1
0fa2
0fa3
0fa4
0fa5
0fa6
0fa7
0fa8
0fa9
0faa
0fab
0fab
0fac
0fad
0fae
0faf
0fb0
0fb1
0fb2
0fb3
0fb4
0fb5
0fb6
0fb7
0fb8
0fb9
0fba
0fba
0fbb
0fbc
0fbd
0fbe
0fbf
0fc0
0fc1
0fc2
0fc3
0fc4
0fc5
0fc6
0fc7
0fc8
0fc9
0fca
0fca
0fcb
0fcc
0fcd
0fce
0fcf
0fd0
0fd1
0fd2
0fd3
0fd4
0fd5
0fd6
0fd7
0fd8
0fd9
0fd9
0fda
0fdb
0fdc
0fdd
0fde
0fdf
0fe0
0fe1
0fe2
0fe3
0fe4
0fe5
0fe6
0fe7
0fe8
0fe9
0fe9
0fea
0feb
0fec
0fed
0fee
0fef
0ff0
0ff1
0ff2
0ff3
0ff4
0ff5
0ff6
0ff7
0ff8
0ff8
0ff9
0ffa
0ffb
0ffc
0ffd
0ffe
0fff
1000
1001
1002
1003
1004
1005
1006
1007
1009
100a
100b
100c
100d
100e
100f
1010
1011
1012
1013
1014
1015
1016
1017
1018
101a
101b
101c
101d
101e
101f
1020
1021
1022
1023
1024
1025
1026
1027
1028
102a
102b
102c
102d
102e
102f
1030
1031
1032
1033
1034
1035
1036
1037
1038
1039
103b
103c
103d
103e
103f
1040
1041
1042
1043
1044
1045
1046
1047
1048
1049
104b
104c
104d
104e
104f
1050
1051
1052
1053
1054
1055
1056
1057
1058
1059
105a
105c
105d
105e
105f
1060
1061
1062
1063
1064
1065
1066
1067
1068
1069
106a
106c
106d
106e
106f
1070
1071
1072
1073
1074
1075
1076
1077
1078
1079
107a
107b
107d
107e
107f
1080
1081
1082
1083
1084
1085
1086
1087
1088
1089
108a
108b
108d
108e
108f
1090
1091
1092
1093
1094
1095
1096
1097
1098
1099
109a
109b
109c
109e
109f
10a0
10a1
10a2
10a3
10a4
10a5
10a6
10a7
10a8
10a9
10aa
10ab
10ac
10ae
10af
10b0
10b1
10b2
10b3
10b4
10b5
10b6
10b7
10b8
10b9
10ba
10bb
10bc
10bd
10bf
10c0
10c1
10c2
10c3
10c4
10c5
10c6
10c7
10c8
10c9
10ca
10cb
10cc
10cd
10cf
10d0
10d1
10d2
10d3
10d4
10d5
10d6
10d7
10d8
10d9
10da
10db
10dc
10dd
10de
10e0
10e1
10e2
10e3
10e4
10e5
10e6
10e7
10e8
10e9
10ea
10eb
10ec
10ed
10ee
10f0
10f1
10f2
10f3
10f4
10f5
10f6
10f7
10f8
10f9
10fa
10fb
10fc
10fd
10fe
10ff
1101
1102
1103
1104
1105
1106
1107
1108
1109
110a
110b
110c
110d
110e
110f
1111
1112
1113
1114
1115
1116
1117
1118
1119
111a
111b
111c
111d
111e
111f
1120
1122
1123
1124
1125
1126
1127
1128
1129
112a
112b
112c
112d
112e
112f
1130
1131
1133
1134
1135
1136
1137
1138
1139
113a
113b
113c
113d
113e
113f
1140
1141
1143
1144
1145
1146
1147
1148
1149
114a
114b
114c
114d
114e
114f
1150
1151
1152
1154
1155
1156
1157
1158
1159
115a
115b
115c
115d
115e
115f
1160
1161
1162
1164
1165
1166
1167
1168
1169
116a
116b
116c
116d
116e
116f
1170
1171
1172
1173
1175
1176
1177
1178
1179
117a
117b
117c
117d
117e
117f
1180
1181
1182
1183
1185
1186
1187
1188
1189
118a
118b
118c
118d
118e
118f
1190
1191
1192
1193
1194
1196
1197
1198
1199
119a
119b
119c
119d
119e
119f
11a0
11a1
11a2
11a3
11a4
11a6
11a7
11a8
11a9
11aa
11ab
11ac
11ad
11ae
11af
11b0
11b1
11b2
11b3
11b4
11b5
11b7
11b8
11b9
11ba
11bb
11bc
11bd
11be
11bf
11c0
11c1
11c2
11c3
11c4
11c5
11c7
11c8
11c9
11ca
11cb
11cc
11cd
11ce
11cf
11d0
11d1
11d2
11d3
11d4
11d5
11d6
11d8
11d9
11da
11db
11dc
11dd
11de
11df
11e0
11e1
11e2
11e3
11e4
11e5
11e6
11e8
11e9
11ea
11eb
11ec
11ed
11ee
11ef
11f0
11f1
11f2
11f3
11f4
11f5
11f6
11f7
11f9
11fa
11fb
11fc
11fd
11fe
11ff
1200
1201
1202
1203
1204
1205
1206
1207
1209
120a
120b
120c
120d
120e
120f
1210
1211
1212
1213
1214
1215
1216
1217
1218
121a
121b
121c
121d
121e
121f
1220
1221
1222
1223
1225
1226
1227
1228
1229
122b
122c
122d
122e
122f
1231
1232
1233
1234
1236
1237
1238
1239
123a
123c
123d
123e
123f
1240
1242
1243
1244
1245
1246
1248
1249
124a
124b
124c
124e
124f
1250
1251
1252
1254
1255
1256
1257
1259
125a
125b
125c
125d
125f
1260
1261
1262
1263
1265
1266
1267
1268
1269
126b
126c
126d
126e
126f
1271
1272
1273
1274
1275
1277
1278
1279
127a
127c
127d
127e
127f
1280
1282
1283
1284
1285
1286
1288
1289
128a
128b
128c
128e
128f
1290
1291
1292
1294
1295
1296
1297
1298
129a
129b
129c
129d
129f
12a0
12a1
12a2
12a3
12a5
12a6
12a7
12a8
12a9
12ab
12ac
12ad
12ae
12af
12b1
12b2
12b3
12b4
12b5
12b7
12b8
12b9
12ba
12bc
12bd
12be
12bf
12c0
12c2
12c3
12c4
12c5
12c6
12c8
12c9
12ca
12cb
12cc
12ce
12cf
12d0
12d1
12d2
12d4
12d5
12d6
12d7
12d8
12da
12db
12dc
12dd
12df
12e0
12e1
12e2
12e3
12e5
12e6
12e7
12e8
12e9
12eb
12ec
12ed
12ee
12ef
12f1
12f2
12f3
12f4
12f5
12f7
12f8
12f9
12fa
12fb
12fd
12fe
12ff
1300
1302
1303
1304
1305
1306
1308
1309
130a
130b
130c
130e
130f
1310
1311
1312
1314
1315
1316
1317
1318
131a
131b
131c
131d
131e
1320
1321
1322
1323
1325
1326
1327
1328
1329
132b
132c
132d
132e
132f
1331
1332
1333
1334
1335
1337
1338
1339
133a
133b
133d
133e
133f
1340
1341
1343
1344
1345
1346
1348
1349
134a
134b
134c
134e
134f
1350
1351
1352
1354
1355
1356
1357
1358
135a
135b
135c
135d
135e
1360
1361
1362
1363
1364
1366
1367
1368
1369
136b
136c
136d
136e
136f
1371
1372
1373
1374
1375
1377
1378
1379
137a
137b
137d
137e
137f
1380
1381
1383
1384
1385
1386
1387
1389
138a
138b
138c
138e
138f
1390
1391
1392
1394
1395
1396
1397
1398
139a
139b
139c
139d
139e
13a0
13a1
13a2
13a3
13a4
13a6
13a7
13a8
13a9
13aa
13ac
13ad
13ae
13af
13b1
13b2
13b3
13b4
13b5
13b7
13b8
13b9
13ba
13bb
13bd
13be
13bf
13c0
13c1
13c3
13c4
13c5
13c6
13c7
13c9
13ca
13cb
13cc
13cd
13cf
13d0
13d1
13d2
13d4
13d5
13d6
13d7
13d8
13da
13db
13dc
13dd
13de
13e0
13e1
13e2
13e3
13e4
13e6
13e7
13e8
13e9
13ea
13ec
13ed
13ee
13ef
13f1
13f2
13f3
13f4
13f5
13f7
13f8
13f9
13fa
13fb
13fd
13fe
13ff
1400
1401
1403
1404
1405
1406
1407
1409
140a
140b
140c
140d
140f
1410
1411
1412
1414
1415
1416
1417
1418
141a
141b
141c
141d
141e
1420
1421
1422
1423
1424
1426
1427
1428
1429
142a
142c
142d
142e
142f
1430
1432
1433
1434
1435
1437
1438
1439
143a
143b
143d
143e
143f
1440
1441
1443
1444
1445
1446
1447
1449
144a
144b
144c
144d
144f
1450
1451
1452
1453
1455
1456
1457
1458
145a
145b
145c
145d
145e
1460
1461
1462
1463
1464
1466
1467
1468
1469
146a
146c
146d
146e
146f
1470
1472
1473
1474
1475
1476
1478
1479
147a
147b
147d
147e
147f
1480
1481
1483
1484
1485
1486
1487
1489
148a
148b
148c
148e
148f
1490
1492
1493
1495
1496
1497
1499
149a
149b
149d
149e
14a0
14a1
14a2
14a4
14a5
14a6
14a8
14a9
14aa
14ac
14ad
14af
14b0
14b1
14b3
14b4
14b5
14b7
14b8
14ba
14bb
14bc
14be
14bf
14c0
14c2
14c3
14c5
14c6
14c7
14c9
14ca
14cb
14cd
14ce
14cf
14d1
14d2
14d4
14d5
14d6
14d8
14d9
14da
14dc
14dd
14df
14e0
14e1
14e3
14e4
14e5
14e7
14e8
14e9
14eb
14ec
14ee
14ef
14f0
14f2
14f3
14f4
14f6
14f7
14f9
14fa
14fb
14fd
14fe
14ff
1501
1502
1503
1505
1506
1508
1509
150a
150c
150d
150e
1510
1511
1513
1514
1515
1517
1518
1519
151b
151c
151d
151f
1520
1522
1523
1524
1526
1527
1528
152a
152b
152d
152e
152f
1531
1532
1533
1535
1536
1538
1539
153a
153c
153d
153e
1540
1541
1542
1544
1545
1547
1548
1549
154b
154c
154d
154f
1550
1552
1553
1554
1556
1557
1558
155a
155b
155c
155e
155f
1561
1562
1563
1565
1566
1567
1569
156a
156c
156d
156e
1570
1571
1572
1574
1575
1576
1578
1579
157b
157c
157d
157f
1580
1581
1583
1584
1586
1587
1588
158a
158b
158c
158e
158f
1591
1592
1593
1595
1596
1597
1599
159a
159b
159d
159e
15a0
15a1
15a2
15a4
15a5
15a6
15a8
15a9
15ab
15ac
15ad
15af
15b0
15b1
15b3
15b4
15b5
15b7
15b8
15ba
15bb
15bc
15be
15bf
15c0
15c2
15c3
15c5
15c6
15c7
15c9
15ca
15cb
15cd
15ce
15cf
15d1
15d2
15d4
15d5
15d6
15d8
15d9
15da
15dc
15dd
15df
15e0
15e1
15e3
15e4
15e5
15e7
15e8
15ea
15eb
15ec
15ee
15ef
15f0
15f2
15f3
15f4
15f6
15f7
15f9
15fa
15fb
15fd
15fe
15ff
1601
1602
1604
1605
1606
1608
1609
160a
160c
160d
160e
1610
1611
1613
1614
1615
1617
1618
1619
161b
161c
161e
161f
1620
1622
1623
1624
1626
1627
1628
162a
162b
162d
162e
162f
1631
1632
1633
1635
1636
1638
1639
163a
163c
163d
163e
1640
1641
1642
1644
1645
1647
1648
1649
164b
164c
164d
164f
1650
1652
1653
1654
1656
1657
1658
165a
165b
165d
165e
165f
1661
1662
1663
1665
1666
1667
1669
166a
166c
166d
166e
1670
1671
1672
1674
1675
1677
1678
1679
167b
167c
167d
167f
1680
1681
1683
1684
1686
1687
1688
168a
168b
168c
168e
168f
1691
1692
1693
1695
1696
1697
1699
169a
169b
169d
169e
16a0
16a1
16a2
16a4
16a5
16a6
16a8
16a9
16ab
16ac
16ad
16af
16b0
16b1
16b3
16b4
16b6
16b7
16b8
16ba
16bb
16bc
16be
16bf
16c0
16c2
16c3
16c5
16c6
16c7
16c9
16ca
16cb
16cd
16ce
16d0
16d1
16d2
16d4
16d5
16d6
16d8
16d9
16da
16dc
16dd
16df
16e0
16e1
16e3
16e4
16e5
16e7
16e8
16ea
16eb
16ec
16ee
16ef
16f0
16f2
16f3
16f4
16f6
16f7
16f9
16fa
16fb
16fd
16fe
16ff
1701
1702
1704
1705
1706
1708
1709
170a
170c
170d
170e
1710
1711
1713
1714
1715
1717
1718
1719
171b
171c
171e
171f
1720
1722
1723
1724
1726
1727
1729
172a
172b
172d
172e
172f
1731
1732
1733
1735
1736
1738
1739
173a
173c
173d
173e
1740
1741
1743
1744
1745
1747
1748
174a
174b
174d
174e
1750
1751
1753
1754
1756
1757
1759
175b
175c
175e
175f
1761
1762
1764
1765
1767
1769
176a
176c
176d
176f
1770
1772
1773
1775
1776
1778
177a
177b
177d
177e
1780
1781
1783
1784
1786
1788
1789
178b
178c
178e
178f
1791
1792
1794
1795
1797
1799
179a
179c
179d
179f
17a0
17a2
17a3
17a5
17a6
17a8
17aa
17ab
17ad
17ae
17b0
17b1
17b3
17b4
17b6
17b8
17b9
17bb
17bc
17be
17bf
17c1
17c2
17c4
17c5
17c7
17c9
17ca
17cc
17cd
17cf
17d0
17d2
17d3
17d5
17d6
17d8
17da
17db
17dd
17de
17e0
17e1
17e3
17e4
17e6
17e8
17e9
17eb
17ec
17ee
17ef
17f1
17f2
17f4
17f5
17f7
17f9
17fa
17fc
17fd
17ff
1800
1802
1803
1805
1807
1808
180a
180b
180d
180e
1810
1811
1813
1814
1816
1818
1819
181b
181c
181e
181f
1821
1822
1824
1825
1827
1829
182a
182c
182d
182f
1830
1832
1833
1835
1837
1838
183a
183b
183d
183e
1840
1841
1843
1844
1846
1848
1849
184b
184c
184e
184f
1851
1852
1854
1855
1857
1859
185a
185c
185d
185f
1860
1862
1863
1865
1867
1868
186a
186b
186d
186e
1870
1871
1873
1874
1876
1878
1879
187b
187c
187e
187f
1881
1882
1884
1886
1887
1889
188a
188c
188d
188f
1890
1892
1893
1895
1897
1898
189a
189b
189d
189e
18a0
18a1
18a3
18a4
18a6
18a8
18a9
18ab
18ac
18ae
18af
18b1
18b2
18b4
18b6
18b7
18b9
18ba
18bc
18bd
18bf
18c0
18c2
18c3
18c5
18c7
18c8
18ca
18cb
18cd
18ce
18d0
18d1
18d3
18d5
18d6
18d8
18d9
18db
18dc
18de
18df
18e1
18e2
18e4
18e6
18e7
18e9
18ea
18ec
18ed
18ef
18f0
18f2
18f3
18f5
18f7
18f8
18fa
18fb
18fd
18fe
1900
1901
1903
1905
1906
1908
1909
190b
190c
190e
190f
1911
1912
1914
1916
1917
1919
191a
191c
191d
191f
1920
1922
1923
1925
1927
1928
192a
192b
192d
192e
1930
1931
1933
1935
1936
1938
1939
193b
193c
193e
193f
1941
1942
1944
1946
1947
1949
194a
194c
194d
194f
1950
1952
1954
1955
1957
1958
195a
195b
195d
195e
1960
1961
1963
1965
1966
1968
1969
196b
196c
196e
196f
1971
1972
1974
1976
1977
1979
197a
197c
197d
197f
1980
1982
1984
1985
1987
1988
198a
198b
198d
198e
1990
1991
1993
1995
1996
1998
1999
199b
199c
199e
199f
19a1
19a2
19a4
19a6
19a7
19a9
19aa
19ac
19ad
19af
19b0
19b2
19b4
19b5
19b7
19b8
19ba
19bb
19bd
19be
19c0
19c1
19c3
19c5
19c6
19c8
19c9
19cb
19cc
19ce
19cf
19d1
19d3
19d4
19d6
19d7
19d9
19da
19dc
19dd
19df
19e0
19e2
19e4
19e5
19e7
19e8
19ea
19eb
19ed
19ee
19f0
19f1
19f3
19f5
19f6
19f8
19f9
19fb
19fc
19fe
19ff
1a01
1a03
1a04
1a06
1a07
1a09
1a0a
1a0c
1a0d
1a0f
1a10
1a12
1a14
1a15
1a17
1a18
1a1a
1a1b
1a1d
1a1e
1a20
1a21
1a23
1a25
1a26
1a28
1a29
1a2b
1a2c
1a2e
1a2f
1a31
1a33
1a34
1a36
1a37
1a39
1a3a
1a3c
1a3d
1a3f
1a40
1a42
1a44
1a45
1a47
1a48
1a4a
1a4b
1a4d
1a4e
1a50
1a52
1a53
1a55
1a56
1a58
1a59
1a5b
1a5c
1a5e
1a5f
1a61
1a63
1a65
1a66
1a68
1a6a
1a6c
1a6d
1a6f
1a71
1a73
1a74
1a76
1a78
1a7a
1a7b
1a7d
1a7f
1a81
1a82
1a84
1a86
1a88
1a89
1a8b
1a8d
1a8f
1a90
1a92
1a94
1a96
1a97
1a99
1a9b
1a9d
1a9e
1aa0
1aa2
1aa4
1aa5
1aa7
1aa9
1aab
1aad
1aae
1ab0
1ab2
1ab4
1ab5
1ab7
1ab9
1abb
1abc
1abe
1ac0
1ac2
1ac3
1ac5
1ac7
1ac9
1aca
1acc
1ace
1ad0
1ad1
1ad3
1ad5
1ad7
1ad8
1ada
1adc
1ade
1adf
1ae1
1ae3
1ae5
1ae6
1ae8
1aea
1aec
1aed
1aef
1af1
1af3
1af4
1af6
1af8
1afa
1afc
1afd
1aff
1b01
1b03
1b04
1b06
1b08
1b0a
1b0b
1b0d
1b0f
1b11
1b12
1b14
1b16
1b18
1b19
1b1b
1b1d
1b1f
1b20
1b22
1b24
1b26
1b27
1b29
1b2b
1b2d
1b2e
1b30
1b32
1b34
1b35
1b37
1b39
1b3b
1b3c
1b3e
1b40
1b42
1b44
1b45
1b47
1b49
1b4b
1b4c
1b4e
1b50
1b52
1b53
1b55
1b57
1b59
1b5a
1b5c
1b5e
1b60
1b61
1b63
1b65
1b67
1b68
1b6a
1b6c
1b6e
1b6f
1b71
1b73
1b75
1b76
1b78
1b7a
1b7c
1b7d
1b7f
1b81
1b83
1b84
1b86
1b88
1b8a
1b8b
1b8d
1b8f
1b91
1b93
1b94
1b96
1b98
1b9a
1b9b
1b9d
1b9f
1ba1
1ba2
1ba4
1ba6
1ba8
1ba9
1bab
1bad
1baf
1bb0
1bb2
1bb4
1bb6
1bb7
1bb9
1bbb
1bbd
1bbe
1bc0
1bc2
1bc4
1bc5
1bc7
1bc9
1bcb
1bcc
1bce
1bd0
1bd2
1bd3
1bd5
1bd7
1bd9
1bdb
1bdc
1bde
1be0
1be2
1be3
1be5
1be7
1be9
1bea
1bec
1bee
1bf0
1bf1
1bf3
1bf5
1bf7
1bf8
1bfa
1bfc
1bfe
1bff
1c01
1c03
1c05
1c06
1c08
1c0a
1c0c
1c0d
1c0f
1c11
1c13
1c14
1c16
1c18
1c1a
1c1b
1c1d
1c1f
1c21
1c23
1c24
1c26
1c28
1c2a
1c2b
1c2d
1c2f
1c31
1c32
1c34
1c36
1c38
1c39
1c3b
1c3d
1c3f
1c40
1c42
1c44
1c46
1c47
1c49
1c4b
1c4d
1c4e
1c50
1c52
1c54
1c55
1c57
1c59
1c5b
1c5c
1c5e
1c60
1c62
1c63
1c65
1c67
1c69
1c6a
1c6c
1c6e
1c70
1c72
1c73
1c75
1c77
1c79
1c7a
1c7c
1c7e
1c80
1c81
1c83
1c85
1c87
1c88
1c8a
1c8c
1c8e
1c8f
1c91
1c93
1c95
1c96
1c98
1c9a
1c9c
1c9d
1c9f
1ca1
1ca3
1ca4
1ca6
1ca8
1caa
1cab
1cad
1caf
1cb1
1cb2
1cb4
1cb6
1cb8
1cba
1cbb
1cbd
1cbf
1cc1
1cc2
1cc4
1cc6
1cc8
1cc9
1ccb
1ccd
1ccf
1cd0
1cd2
1cd4
1cd6
1cd7
1cd9
1cdb
1cdd
1cde
1ce0
1ce2
1ce4
1ce5
1ce7
1ce9
1ceb
1cec
1cee
1cf0
1cf2
1cf3
1cf5
1cf7
1cf9
1cfa
1cfc
1cfe
1d00
1d01
1d03
1d05
1d07
1d09
1d0a
1d0c
1d0e
1d10
1d11
1d13
1d15
1d17
1d18
1d1a
1d1c
1d1e
1d1f
1d21
1d23
1d25
1d26
1d28
1d2a
1d2c
1d2d
1d2f
1d31
1d33
1d34
1d36
1d38
1d3a
1d3b
1d3d
1d3f
1d41
1d42
1d44
1d46
1d48
1d49
1d4b
1d4d
1d4f
1d51
1d52
1d54
1d56
1d58
1d59
1d5b
1d5d
1d5f
1d60
1d62
1d64
1d66
1d67
1d69
1d6b
1d6d
1d6e
1d70
1d72
1d74
1d75
1d77
1d79
1d7b
1d7c
1d7e
1d80
1d82
1d83
1d85
1d87
1d89
1d8a
1d8c
1d8e
1d90
1d91
1d93
1d95
1d97
1d98
1d9a
1d9c
1d9e
1da0
1da1
1da3
1da5
1da7
1da8
1daa
1dac
1dae
1daf
1db1
1db3
1db5
1db6
1db8
1dba
1dbc
1dbd
1dbf
1dc1
1dc3
1dc4
1dc6
1dc8
1dca
1dcb
1dcd
1dcf
1dd1
1dd2
1dd4
1dd6
1dd8
1dd9
1ddb
1ddd
1ddf
1de0
1de2
1de4
1de6
1de8
1dea
1dec
1dee
1df0
1df2
1df4
1df6
1df8
1dfa
1dfc
1dfe
1e00
1e02
1e04
1e06
1e08
1e0a
1e0c
1e0e
1e10
1e12
1e14
1e16
1e18
1e1a
1e1c
1e1e
1e20
1e22
1e24
1e26
1e28
1e2a
1e2c
1e2e
1e30
1e32
1e34
1e36
1e38
1e3a
1e3c
1e3e
1e40
1e42
1e44
1e46
1e48
1e4a
1e4b
1e4d
1e4f
1e51
1e53
1e55
1e57
1e59
1e5b
1e5d
1e5f
1e61
1e63
1e65
1e67
1e69
1e6b
1e6d
1e6f
1e71
1e73
1e75
1e77
1e79
1e7b
1e7d
1e7f
1e81
1e83
1e85
1e87
1e89
1e8b
1e8d
1e8f
1e91
1e93
1e95
1e97
1e99
1e9b
1e9d
1e9f
1ea1
1ea3
1ea5
1ea7
1ea9
1eab
1ead
1eaf
1eb1
1eb3
1eb5
1eb7
1eb9
1ebb
1ebd
1ebf
1ec1
1ec3
1ec5
1ec7
1ec9
1ecb
1ecd
1ecf
1ed1
1ed3
1ed5
1ed7
1ed9
1edb
1edd
1edf
1ee1
1ee3
1ee5
1ee7
1ee9
1eeb
1eed
1eef
1ef1
1ef3
1ef5
1ef7
1ef9
1efb
1efd
1eff
1f01
1f03
1f05
1f07
1f09
1f0b
1f0d
1f0f
1f11
1f13
1f15
1f16
1f18
1f1a
1f1c
1f1e
1f20
1f22
1f24
1f26
1f28
1f2a
1f2c
1f2e
1f30
1f32
1f34
1f36
1f38
1f3a
1f3c
1f3e
1f40
1f42
1f44
1f46
1f48
1f4a
1f4c
1f4e
1f50
1f52
1f54
1f56
1f58
1f5a
1f5c
1f5e
1f60
1f62
1f64
1f66
1f68
1f6a
1f6c
1f6e
1f70
1f72
1f74
1f76
1f78
1f7a
1f7c
1f7e
1f80
1f82
1f84
1f86
1f88
1f8a
1f8c
1f8e
1f90
1f92
1f94
1f96
1f98
1f9a
1f9c
1f9e
1fa0
1fa2
1fa4
1fa6
1fa8
1faa
1fac
1fae
1fb0
1fb2
1fb4
1fb6
1fb8
1fba
1fbc
1fbe
1fc0
1fc2
1fc4
1fc6
1fc8
1fca
1fcc
1fce
1fd0
1fd2
1fd4
1fd6
1fd8
1fda
1fdc
1fde
1fe0
1fe2
1fe3
1fe5
1fe7
1fe9
1feb
1fed
1fef
1ff1
1ff3
1ff5
1ff7
1ff9
1ffb
1ffd
1fff
2001
2003
2005
2007
2009
200b
200d
200f
2011
2013
2015
2017
2019
201b
201d
201f
2021
2023
2025
2027
2029
202b
202d
202f
2031
2033
2035
2037
2039
203b
203d
203f
2041
2043
2045
2047
2049
204b
204d
204f
2051
2053
2055
2057
2059
205b
205d
205f
2061
2063
2065
2067
2069
206b
206d
206f
2071
2073
2075
2077
2079
207b
207d
207f
2081
2083
2085
2087
2089
208b
208d
208f
2091
2093
2095
2097
2099
209b
209d
209f
20a1
20a3
20a5
20a7
20a9
20ab
20ad
20ae
20b0
20b2
20b4
20b6
20b8
20ba
20bc
20be
20c0
20c2
20c4
20c6
20c8
20ca
20cc
20ce
20d0
20d2
20d4
20d6
20d8
20da
20dc
20de
20e0
20e2
20e4
20e6
20e8
20ea
20ec
20ee
20f0
20f2
20f4
20f6
20f8
20fa
20fc
20fe
2100
2102
2104
2106
2108
210a
210c
210e
2110
2112
2114
2116
2118
211a
211c
211e
2120
2122
2124
2126
2128
212a
212c
212e
2130
2132
2134
2136
2138
213a
213c
213e
2140
2142
2144
2146
2148
214a
214c
214e
2150
2152
2154
2156
2158
215a
215c
215e
2160
2162
2164
2166
2168
216a
216c
216e
2170
2172
2174
2176
2178
2179
217b
217d
217f
2181
2183
2185
2187
2189
218b
218d
218f
2191
2193
2195
2197
2199
219b
219d
219f
21a1
21a3
21a5
21a7
21a9
21ab
21ad
21af
21b1
21b3
21b5
21b7
21b9
21bb
21bd
21bf
21c1
21c3
21c5
21c7
21c9
21cb
21cd
21cf
21d1
21d3
21d5
21d7
21d9
21db
21dd
21df
21e1
21e4
21e6
21e8
21ea
21ed
21ef
21f1
21f3
21f6
21f8
21fa
21fc
21ff
2201
2203
2205
2208
220a
220c
220e
2211
2213
2215
2217
221a
221c
221e
2220
2223
2225
2227
2229
222c
222e
2230
2232
2235
2237
2239
223b
223e
2240
2242
2245
2247
2249
224b
224e
2250
2252
2254
2257
2259
225b
225d
2260
2262
2264
2266
2269
226b
226d
226f
2272
2274
2276
2278
227b
227d
227f
2281
2284
2286
2288
228a
228d
228f
2291
2293
2296
2298
229a
229c
229f
22a1
22a3
22a6
22a8
22aa
22ac
22af
22b1
22b3
22b5
22b8
22ba
22bc
22be
22c1
22c3
22c5
22c7
22ca
22cc
22ce
22d0
22d3
22d5
22d7
22d9
22dc
22de
22e0
22e2
22e5
22e7
22e9
22eb
22ee
22f0
22f2
22f4
22f7
22f9
22fb
22fd
2300
2302
2304
2307
2309
230b
230d
2310
2312
2314
2316
2319
231b
231d
231f
2322
2324
2326
2328
232b
232d
232f
2331
2334
2336
2338
233a
233d
233f
2341
2343
2346
2348
234a
234c
234f
2351
2353
2355
2358
235a
235c
235e
2361
2363
2365
2368
236a
236c
236e
2371
2373
2375
2377
237a
237c
237e
2380
2383
2385
2387
2389
238c
238e
2390
2392
2395
2397
2399
239b
239e
23a0
23a2
23a4
23a7
23a9
23ab
23ad
23b0
23b2
23b4
23b6
23b9
23bb
23bd
23bf
23c2
23c4
23c6
23c9
23cb
23cd
23cf
23d2
23d4
23d6
23d8
23db
23dd
23df
23e1
23e4
23e6
23e8
23ea
23ed
23ef
23f1
23f3
23f6
23f8
23fa
23fc
23ff
2401
2403
2405
2408
240a
240c
240e
2411
2413
2415
2417
241a
241c
241e
2421
2423
2425
2427
242a
242c
242e
2430
2433
2435
2437
2439
243c
243e
2440
2442
2445
2447
2449
244b
244e
2450
2452
2454
2457
2459
245b
245d
2460
2462
2464
2466
2469
246b
246d
246f
2472
2474
2476
2478
247b
247d
247f
2482
2484
2486
2488
248b
248d
248f
2491
2494
2496
2498
249a
249d
249f
24a1
24a3
24a6
24a8
24aa
24ac
24af
24b1
24b3
24b5
24b8
24ba
24bc
24be
24c1
24c3
24c5
24c7
24ca
24cc
24ce
24d0
24d3
24d5
24d7
24d9
24dc
24de
24e0
24e3
24e5
24e7
24e9
24ec
24ee
24f0
24f2
24f5
24f7
24f9
24fb
24fe
2500
2502
2504
2507
2509
250b
250d
2510
2512
2514
2516
2519
251b
251d
251f
2522
2524
2526
2528
252b
252d
252f
2531
2534
2536
2538
253a
253d
253f
2541
2544
2546
2548
254a
254d
254f
2551
2553
2556
2558
255a
255c
255f
2561
2563
2565
2568
256a
256c
256e
2571
2573
2575
2577
257a
257c
257e
2580
2583
2585
2587
2589
258c
258e
2590
2592
2595
2597
2599
259b
259e
25a0
25a2
25a5
25a7
25a9
25ab
25ae
25b0
25b2
25b4
25b7
25b9
25bb
25bd
25c0
25c2
25c4
25c6
25c9
25cb
25cd
25cf
25d2
25d4
25d6
25d8
25db
25dd
25df
25e1
25e4
25e6
25e8
25ea
25ed
25ef
25f1
25f3
25f6
25f8
25fa
25fc
25ff
2601
2603
2606
2608
260a
260c
260f
2611
2613
2615
2618
261a
261c
261e
2621
2623
2625
2627
262a
262c
262e
2630
2633
2635
2637
2639
263c
263e
2640
2642
2645
2647
2649
264b
264e
2650
2652
2654
2657
2659
265b
265d
2660
2662
2665
2667
266a
266c
266f
2671
2674
2676
2679
267c
267e
2681
2683
2686
2688
268b
268d
2690
2693
2695
2698
269a
269d
269f
26a2
26a4
26a7
26aa
26ac
26af
26b1
26b4
26b6
26b9
26bb
26be
26c1
26c3
26c6
26c8
26cb
26cd
26d0
26d2
26d5
26d8
26da
26dd
26df
26e2
26e4
26e7
26e9
26ec
26ef
26f1
26f4
26f6
26f9
26fb
26fe
2700
2703
2706
2708
270b
270d
2710
2712
2715
2717
271a
271c
271f
2722
2724
2727
2729
272c
272e
2731
2733
2736
2739
273b
273e
2740
2743
2745
2748
274a
274d
2750
2752
2755
2757
275a
275c
275f
2761
2764
2767
2769
276c
276e
2771
2773
2776
2778
277b
277e
2780
2783
2785
2788
278a
278d
278f
2792
2795
2797
279a
279c
279f
27a1
27a4
27a6
27a9
27ac
27ae
27b1
27b3
27b6
27b8
27bb
27bd
27c0
27c3
27c5
27c8
27ca
27cd
27cf
27d2
27d4
27d7
27da
27dc
27df
27e1
27e4
27e6
27e9
27eb
27ee
27f1
27f3
27f6
27f8
27fb
27fd
2800
2802
2805
2808
280a
280d
280f
2812
2814
2817
2819
281c
281f
2821
2824
2826
2829
282b
282e
2830
2833
2836
2838
283b
283d
2840
2842
2845
2847
284a
284d
284f
2852
2854
2857
2859
285c
285e
2861
2863
2866
2869
286b
286e
2870
2873
2875
2878
287a
287d
2880
2882
2885
2887
288a
288c
288f
2891
2894
2897
2899
289c
289e
28a1
28a3
28a6
28a8
28ab
28ae
28b0
28b3
28b5
28b8
28ba
28bd
28bf
28c2
28c5
28c7
28ca
28cc
28cf
28d1
28d4
28d6
28d9
28dc
28de
28e1
28e3
28e6
28e8
28eb
28ed
28f0
28f3
28f5
28f8
28fa
28fd
28ff
2902
2904
2907
290a
290c
290f
2911
2914
2916
2919
291b
291e
2921
2923
2926
2928
292b
292d
2930
2932
2935
2938
293a
293d
293f
2942
2944
2947
2949
294c
294f
2951
2954
2956
2959
295b
295e
2960
2963
2966
2968
296b
296d
2970
2972
2975
2977
297a
297d
297f
2982
2984
2987
2989
298c
298e
2991
2994
2996
2999
299b
299e
29a0
29a3
29a5
29a8
29aa
29ad
29b0
29b2
29b5
29b7
29ba
29bc
29bf
29c1
29c4
29c7
29c9
29cc
29ce
29d1
29d3
29d6
29d8
29db
29de
29e0
29e3
29e5
29e8
29ea
29ed
29ef
29f2
29f5
29f7
29fa
29fc
29ff
2a01
2a04
2a06
2a09
2a0c
2a0e
2a11
2a13
2a16
2a18
2a1b
2a1d
2a20
2a23
2a25
2a28
2a2a
2a2d
2a2f
2a32
2a34
2a37
2a3a
2a3c
2a3f
2a41
2a44
2a46
2a49
2a4b
2a4e
2a51
2a53
2a56
2a58
2a5b
2a5d
2a60
2a62
2a65
2a68
2a6a
2a6d
2a6f
2a72
2a74
2a77
2a79
2a7c
2a7f
2a81
2a84
2a86
2a89
2a8b
2a8e
2a90
2a93
2a96
2a98
2a9b
2a9d
2aa0
2aa2
2aa5
2aa7
2aaa
2aad
2aaf
2ab2
2ab4
2ab7
2ab9
2abc
2abe
2ac1
2ac4
2ac6
2ac9
2acb
2ace
2ad0
2ad3
2ad5
2ad8
2adb
2add
2ae0
2ae2
2ae5
2ae7
2aea
2aec
2aef
2af1
2af4
2af7
2af9
2afc
2afe
2b01
2b03
2b06
2b08
2b0b
2b0e
2b10
2b13
2b15
2b18
2b1a
2b1d
2b1f
2b22
2b25
2b27
2b2a
2b2c
2b2f
2b31
2b34
2b36
2b39
2b3c
2b3e
2b41
2b43
2b46
2b48
2b4b
2b4d
2b50
2b53
2b55
2b58
2b5a
2b5d
2b5f
2b62
2b64
2b67
2b6a
2b6c
2b6f
2b71
2b74
2b76
2b79
2b7b
2b7e
2b81
2b84
2b87
2b8a
2b8c
2b8f
2b92
2b95
2b98
2b9b
2b9e
2ba1
2ba4
2ba7
2ba9
2bac
2baf
2bb2
2bb5
2bb8
2bbb
2bbe
2bc1
2bc4
2bc6
2bc9
2bcc
2bcf
2bd2
2bd5
2bd8
2bdb
2bde
2be0
2be3
2be6
2be9
2bec
2bef
2bf2
2bf5
2bf8
2bfb
2bfd
2c00
2c03
2c06
2c09
2c0c
2c0f
2c12
2c15
2c18
2c1a
2c1d
2c20
2c23
2c26
2c29
2c2c
2c2f
2c32
2c34
2c37
2c3a
2c3d
2c40
2c43
2c46
2c49
2c4c
2c4f
2c51
2c54
2c57
2c5a
2c5d
2c60
2c63
2c66
2c69
2c6c
2c6e
2c71
2c74
2c77
2c7a
2c7d
2c80
2c83
2c86
2c88
2c8b
2c8e
2c91
2c94
2c97
2c9a
2c9d
2ca0
2ca3
2ca5
2ca8
2cab
2cae
2cb1
2cb4
2cb7
2cba
2cbd
2cc0
2cc2
2cc5
2cc8
2ccb
2cce
2cd1
2cd4
2cd7
2cda
2cdc
2cdf
2ce2
2ce5
2ce8
2ceb
2cee
2cf1
2cf4
2cf7
2cf9
2cfc
2cff
2d02
2d05
2d08
2d0b
2d0e
2d11
2d14
2d16
2d19
2d1c
2d1f
2d22
2d25
2d28
2d2b
2d2e
2d30
2d33
2d36
2d39
2d3c
2d3f
2d42
2d45
2d48
2d4b
2d4d
2d50
2d53
2d56
2d59
2d5c
2d5f
2d62
2d65
2d68
2d6a
2d6d
2d70
2d73
2d76
2d79
2d7c
2d7f
2d82
2d84
2d87
2d8a
2d8d
2d90
2d93
2d96
2d99
2d9c
2d9f
2da1
2da4
2da7
2daa
2dad
2db0
2db3
2db6
2db9
2dbc
2dbe
2dc1
2dc4
2dc7
2dca
2dcd
2dd0
2dd3
2dd6
2dd8
2ddb
2dde
2de1
2de4
2de7
2dea
2ded
2df0
2df3
2df5
2df8
2dfb
2dfe
2e01
2e04
2e07
2e0a
2e0d
2e10
2e12
2e15
2e18
2e1b
2e1e
2e21
2e24
2e27
2e2a
2e2c
2e2f
2e32
2e35
2e38
2e3b
2e3e
2e41
2e44
2e47
2e49
2e4c
2e4f
2e52
2e55
2e58
2e5b
2e5e
2e61
2e64
2e66
2e69
2e6c
2e6f
2e72
2e75
2e78
2e7b
2e7e
2e80
2e83
2e86
2e89
2e8c
2e8f
2e92
2e95
2e98
2e9b
2e9d
2ea0
2ea3
2ea6
2ea9
2eac
2eaf
2eb2
2eb5
2eb7
2eba
2ebd
2ec0
2ec3
2ec6
2ec9
2ecc
2ecf
2ed2
2ed4
2ed7
2eda
2edd
2ee0
2ee3
2ee6
2ee9
2eec
2eef
2ef1
2ef4
2ef7
2efa
2efd
2f00
2f03
2f06
2f09
2f0b
2f0e
2f11
2f14
2f17
2f1a
2f1d
2f20
2f23
2f26
2f28
2f2b
2f2e
2f31
2f34
2f37
2f3a
2f3d
2f40
2f43
2f45
2f48
2f4b
2f4e
2f51
2f54
2f57
2f5a
2f5d
2f5f
2f62
2f65
2f68
2f6b
2f6e
2f71
2f74
2f77
2f7a
2f7c
2f7f
2f82
2f85
2f88
2f8b
2f8e
2f91
2f94
2f97
2f99
2f9c
2f9f
2fa2
2fa5
2fa8
2fab
2fae
2fb1
2fb3
2fb6
2fb9
2fbc
2fbf
2fc2
2fc5
2fc8
2fcb
2fce
2fd0
2fd3
2fd6
2fd9
2fdc
2fdf
2fe2
2fe5
2fe8
2feb
2fed
2ff0
2ff3
2ff6
2ff9
2ffc
2fff
3002
3005
3007
300a
300d
3010
3013
3016
3019
301c
301f
3022
3024
3027
302a
302d
3030
3033
3036
3039
303c
303f
3041
3044
3047
304a
304d
3050
3053
3056
3059
305b
305e
3061
3064
3067
306a
306d
3070
3073
3076
3078
307b
307e
3081
3084
3087
308a
308d
3090
3093
3095
3098
309b
309e
30a1
30a4
30a7
30aa
30ad
30af
30b2
30b5
30b8
30bb
30be
30c1
30c4
30c7
30ca
30cc
30cf
30d2
30d5
30d8
30db
30de
30e1
30e4
30e7
30e9
30ec
30ef
30f2
30f5
30f8
30fb
30fe
3101
3103
3106
3109
310c
310f
3112
3115
3118
311b
311e
3120
3123
3126
3129
312c
312f
3132
3135
3138
313b
313d
3140
3143
3146
3149
314c
3150
3153
3156
3159
315d
3160
3163
3167
316a
316d
3170
3174
3177
317a
317d
3181
3184
3187
318b
318e
3191
3194
3198
319b
319e
31a2
31a5
31a8
31ab
31af
31b2
31b5
31b8
31bc
31bf
31c2
31c6
31c9
31cc
31cf
31d3
31d6
31d9
31dd
31e0
31e3
31e6
31ea
31ed
31f0
31f4
31f7
31fa
31fd
3201
3204
3207
320a
320e
3211
3214
3218
321b
321e
3221
3225
3228
322b
322f
3232
3235
3238
323c
323f
3242
3246
3249
324c
324f
3253
3256
3259
325c
3260
3263
3266
326a
326d
3270
3273
3277
327a
327d
3281
3284
3287
328a
328e
3291
3294
3297
329b
329e
32a1
32a5
32a8
32ab
32ae
32b2
32b5
32b8
32bc
32bf
32c2
32c5
32c9
32cc
32cf
32d3
32d6
32d9
32dc
32e0
32e3
32e6
32e9
32ed
32f0
32f3
32f7
32fa
32fd
3300
3304
3307
330a
330e
3311
3314
3317
331b
331e
3321
3324
3328
332b
332e
3332
3335
3338
333b
333f
3342
3345
3349
334c
334f
3352
3356
3359
335c
3360
3363
3366
3369
336d
3370
3373
3376
337a
337d
3380
3384
3387
338a
338d
3391
3394
3397
339b
339e
33a1
33a4
33a8
33ab
33ae
33b2
33b5
33b8
33bb
33bf
33c2
33c5
33c8
33cc
33cf
33d2
33d6
33d9
33dc
33df
33e3
33e6
33e9
33ed
33f0
33f3
33f6
33fa
33fd
3400
3403
3407
340a
340d
3411
3414
3417
341a
341e
3421
3424
3428
342b
342e
3431
3435
3438
343b
343f
3442
3445
3448
344c
344f
3452
3455
3459
345c
345f
3463
3466
3469
346c
3470
3473
3476
347a
347d
3480
3483
3487
348a
348d
3491
3494
3497
349a
349e
34a1
34a4
34a7
34ab
34ae
34b1
34b5
34b8
34bb
34be
34c2
34c5
34c8
34cc
34cf
34d2
34d5
34d9
34dc
34df
34e2
34e6
34e9
34ec
34f0
34f3
34f6
34f9
34fd
3500
3503
3507
350a
350d
3510
3514
3517
351a
351e
3521
3524
3527
352b
352e
3531
3534
3538
353b
353e
3542
3545
3548
354b
354f
3552
3555
3559
355c
355f
3562
3566
3569
356c
356f
3573
3576
3579
357d
3580
3583
3586
358a
358d
3590
3594
3597
359a
359d
35a1
35a4
35a7
35ab
35ae
35b1
35b4
35b8
35bb
35be
35c1
35c5
35c8
35cb
35cf
35d2
35d5
35d8
35dc
35df
35e2
35e6
35e9
35ec
35ef
35f3
35f6
35f9
35fd
3600
3603
3606
360a
360d
3610
3613
3617
361a
361d
3621
3624
3627
362a
362e
3631
3634
3638
363b
363e
3641
3645
3648
364b
364e
3652
3655
3658
365c
365f
3662
3665
3669
366c
366f
3673
3676
3679
367c
3680
3683
3686
368a
368d
3690
3693
3697
369a
369d
36a0
36a4
36a7
36aa
36ae
36b1
36b4
36b7
36bb
36be
36c1
36c5
36c8
36cb
36ce
36d2
36d5
36d8
36db
36df
36e2
36e5
36e9
36ec
36ef
36f2
36f6
36f9
36fc
3700
3703
3706
3709
370d
3710
3713
3717
371a
371d
3720
3724
3727
372a
372d
3731
3734
3737
373b
373e
3741
3744
3748
374b
374e
3752
3755
3758
375b
375f
3762
3765
3769
376c
376f
3772
3776
3779
377c
377f
3783
3786
3789
378d
3790
3793
3796
379a
379d
37a0
37a4
37a7
37aa
37ad
37b1
37b4
37b7
37ba
37be
37c1
37c4
37c8
37cb
37ce
37d1
37d5
37d8
37dc
37df
37e3
37e7
37eb
37ee
37f2
37f6
37f9
37fd
3801
3805
3808
380c
3810
3814
3817
381b
381f
3822
3826
382a
382e
3831
3835
3839
383c
3840
3844
3848
384b
384f
3853
3856
385a
385e
3862
3865
3869
386d
3870
3874
3878
387c
387f
3883
3887
388b
388e
3892
3896
3899
389d
38a1
38a5
38a8
38ac
38b0
38b3
38b7
38bb
38bf
38c2
38c6
38ca
38cd
38d1
38d5
38d9
38dc
38e0
38e4
38e7
38eb
38ef
38f3
38f6
38fa
38fe
3902
3905
3909
390d
3910
3914
3918
391c
391f
3923
3927
392a
392e
3932
3936
3939
393d
3941
3944
3948
394c
3950
3953
3957
395b
395e
3962
3966
396a
396d
3971
3975
3979
397c
3980
3984
3987
398b
398f
3993
3996
399a
399e
39a1
39a5
39a9
39ad
39b0
39b4
39b8
39bb
39bf
39c3
39c7
39ca
39ce
39d2
39d5
39d9
39dd
39e1
39e4
39e8
39ec
39f0
39f3
39f7
39fb
39fe
3a02
3a06
3a0a
3a0d
3a11
3a15
3a18
3a1c
3a20
3a24
3a27
3a2b
3a2f
3a32
3a36
3a3a
3a3e
3a41
3a45
3a49
3a4c
3a50
3a54
3a58
3a5b
3a5f
3a63
3a67
3a6a
3a6e
3a72
3a75
3a79
3a7d
3a81
3a84
3a88
3a8c
3a8f
3a93
3a97
3a9b
3a9e
3aa2
3aa6
3aa9
3aad
3ab1
3ab5
3ab8
3abc
3ac0
3ac3
3ac7
3acb
3acf
3ad2
3ad6
3ada
3ade
3ae1
3ae5
3ae9
3aec
3af0
3af4
3af8
3afb
3aff
3b03
3b06
3b0a
3b0e
3b12
3b15
3b19
3b1d
3b20
3b24
3b28
3b2c
3b2f
3b33
3b37
3b3a
3b3e
3b42
3b46
3b49
3b4d
3b51
3b55
3b58
3b5c
3b60
3b63
3b67
3b6b
3b6f
3b72
3b76
3b7a
3b7d
3b81
3b85
3b89
3b8c
3b90
3b94
3b97
3b9b
3b9f
3ba3
3ba6
3baa
3bae
3bb1
3bb5
3bb9
3bbd
3bc0
3bc4
3bc8
3bcc
3bcf
3bd3
3bd7
3bda
3bde
3be2
3be6
3be9
3bed
3bf1
3bf4
3bf8
3bfc
3c00
3c03
3c07
3c0b
3c0e
3c12
3c16
3c1a
3c1d
3c21
3c25
3c28
3c2c
3c30
3c34
3c37
3c3b
3c3f
3c43
3c46
3c4a
3c4e
3c51
3c55
3c59
3c5d
3c60
3c64
3c68
3c6b
3c6f
3c73
3c77
3c7a
3c7e
3c82
3c85
3c89
3c8d
3c91
3c94
3c98
3c9c
3c9f
3ca3
3ca7
3cab
3cae
3cb2
3cb6
3cba
3cbd
3cc1
3cc5
3cc8
3ccc
3cd0
3cd4
3cd7
3cdb
3cdf
3ce2
3ce6
3cea
3cee
3cf1
3cf5
3cf9
3cfc
3d00
3d04
3d08
3d0b
3d0f
3d13
3d16
3d1a
3d1e
3d22
3d25
3d29
3d2d
3d31
3d34
3d38
3d3c
3d3f
3d43
3d47
3d4b
3d4e
3d52
3d56
3d59
3d5d
3d61
3d65
3d68
3d6c
3d70
3d73
3d77
3d7b
3d7f
3d82
3d86
3d8a
3d8d
3d91
3d95
3d99
3d9c
3da0
3da4
3da8
3dab
3daf
3db3
3db6
3dba
3dbe
3dc2
3dc5
3dc9
3dcd
3dd0
3dd4
3dd8
3ddc
3ddf
3de3
3de7
3dea
3dee
3df2
3df6
3df9
3dfd
3e01
3e04
3e08
3e0c
3e10
3e13
3e17
3e1b
3e1f
3e22
3e26
3e2a
3e2d
3e31
3e35
3e39
3e3c
3e40
3e44
3e47
3e4b
3e4f
3e53
3e56
3e5a
3e5e
3e61
3e65
3e69
3e6d
3e70
3e74
3e78
3e7b
3e7f
3e83
3e87
3e8a
3e8e
3e92
3e96
3e99
3e9d
3ea1
3ea4
3ea8
3eac
3eb0
3eb3
3eb7
3ebb
3ebe
3ec2
3ec6
3eca
3ecd
3ed1
3ed5
3ed8
3edc
3ee0
3ee4
3ee7
3eeb
3eef
3ef2
3ef6
3efa
3efe
3f01
3f05
3f09
3f0d
3f10
3f14
3f18
3f1b
3f1f
3f23
3f27
3f2a
3f2e
3f32
3f35
3f39
3f3d
3f41
3f44
3f48
3f4c
3f50
3f55
3f59
3f5d
3f61
3f65
3f6a
3f6e
3f72
3f76
3f7b
3f7f
3f83
3f87
3f8b
3f90
3f94
3f98
3f9c
3fa0
3fa5
3fa9
3fad
3fb1
3fb6
3fba
3fbe
3fc2
3fc6
3fcb
3fcf
3fd3
3fd7
3fdb
3fe0
3fe4
3fe8
3fec
3ff1
3ff5
3ff9
3ffd
4001
4006
400a
400e
4012
4016
401b
401f
4023
4027
402b
4030
4034
4038
403c
4041
4045
4049
404d
4051
4056
405a
405e
4062
4066
406b
406f
4073
4077
407c
4080
4084
4088
408c
4091
4095
4099
409d
40a1
40a6
40aa
40ae
40b2
40b7
40bb
40bf
40c3
40c7
40cc
40d0
40d4
40d8
40dc
40e1
40e5
40e9
40ed
40f2
40f6
40fa
40fe
4102
4107
410b
410f
4113
4117
411c
4120
4124
4128
412c
4131
4135
4139
413d
4142
4146
414a
414e
4152
4157
415b
415f
4163
4167
416c
4170
4174
4178
417d
4181
4185
4189
418d
4192
4196
419a
419e
41a2
41a7
41ab
41af
41b3
41b8
41bc
41c0
41c4
41c8
41cd
41d1
41d5
41d9
41dd
41e2
41e6
41ea
41ee
41f2
41f7
41fb
41ff
4203
4208
420c
4210
4214
4218
421d
4221
4225
4229
422d
4232
4236
423a
423e
4243
4247
424b
424f
4253
4258
425c
4260
4264
4268
426d
4271
4275
4279
427e
4282
4286
428a
428e
4293
4297
429b
429f
42a3
42a8
42ac
42b0
42b4
42b8
42bd
42c1
42c5
42c9
42ce
42d2
42d6
42da
42de
42e3
42e7
42eb
42ef
42f3
42f8
42fc
4300
4304
4309
430d
4311
4315
4319
431e
4322
4326
432a
432e
4333
4337
433b
433f
4344
4348
434c
4350
4354
4359
435d
4361
4365
4369
436e
4372
4376
437a
437f
4383
4387
438b
438f
4394
4398
439c
43a0
43a4
43a9
43ad
43b1
43b5
43b9
43be
43c2
43c6
43ca
43cf
43d3
43d7
43db
43df
43e4
43e8
43ec
43f0
43f4
43f9
43fd
4401
4405
440a
440e
4412
4416
441a
441f
4423
4427
442b
442f
4434
4438
443c
4440
4445
4449
444d
4451
4455
445a
445e
4462
4466
446a
446f
4473
4477
447b
447f
4484
4488
448c
4490
4495
4499
449d
44a1
44a5
44aa
44ae
44b2
44b6
44ba
44bf
44c3
44c7
44cb
44d0
44d4
44d8
44dc
44e0
44e5
44e9
44ed
44f1
44f5
44fa
44fe
4502
4506
450b
450f
4513
4517
451b
4520
4524
4528
452c
4530
4535
4539
453d
4541
4545
454a
454e
4552
4556
455b
455f
4563
4567
456b
4570
4574
4578
457c
4580
4585
4589
458d
4591
4596
459a
459e
45a2
45a6
45ab
45af
45b3
45b7
45bb
45c0
45c4
45c8
45cc
45d1
45d5
45d9
45dd
45e1
45e6
45ea
45ee
45f2
45f6
45fb
45ff
4603
4607
460b
4610
4614
4618
461c
4621
4625
4629
462d
4631
4636
463a
463e
4642
4646
464b
464f
4653
4657
465c
4660
4664
4668
466c
4671
4675
4679
467d
4681
4686
468a
468e
4692
4697
469b
469f
46a3
46a7
46ac
46b0
46b4
46b8
46bc
46c1
46c5
46c9
46cd
46d2
46d6
46da
46de
46e2
46e7
46eb
46ef
46f3
46f7
46fc
4700
4704
4708
470c
4711
4715
4719
471d
4722
4726
472a
472e
4732
4737
473b
473f
4743
4747
474c
4750
4754
4758
475d
4761
4765
4769
476d
4772
4776
477a
477e
4782
4787
478b
478f
4793
4798
479c
47a0
47a4
47a8
47ad
47b1
47b5
47ba
47bf
47c3
47c8
47cd
47d2
47d6
47db
47e0
47e5
47ea
47ee
47f3
47f8
47fd
4801
4806
480b
4810
4814
4819
481e
4823
4828
482c
4831
4836
483b
483f
4844
4849
484e
4853
4857
485c
4861
4866
486a
486f
4874
4879
487d
4882
4887
488c
4891
4895
489a
489f
48a4
48a8
48ad
48b2
48b7
48bc
48c0
48c5
48ca
48cf
48d3
48d8
48dd
48e2
48e7
48eb
48f0
48f5
48fa
48fe
4903
4908
490d
4911
4916
491b
4920
4925
4929
492e
4933
4938
493c
4941
4946
494b
4950
4954
4959
495e
4963
4967
496c
4971
4976
497a
497f
4984
4989
498e
4992
4997
499c
49a1
49a5
49aa
49af
49b4
49b9
49bd
49c2
49c7
49cc
49d0
49d5
49da
49df
49e3
49e8
49ed
49f2
49f7
49fb
4a00
4a05
4a0a
4a0e
4a13
4a18
4a1d
4a22
4a26
4a2b
4a30
4a35
4a39
4a3e
4a43
4a48
4a4d
4a51
4a56
4a5b
4a60
4a64
4a69
4a6e
4a73
4a77
4a7c
4a81
4a86
4a8b
4a8f
4a94
4a99
4a9e
4aa2
4aa7
4aac
4ab1
4ab6
4aba
4abf
4ac4
4ac9
4acd
4ad2
4ad7
4adc
4ae0
4ae5
4aea
4aef
4af4
4af8
4afd
4b02
4b07
4b0b
4b10
4b15
4b1a
4b1f
4b23
4b28
4b2d
4b32
4b36
4b3b
4b40
4b45
4b4a
4b4e
4b53
4b58
4b5d
4b61
4b66
4b6b
4b70
4b74
4b79
4b7e
4b83
4b88
4b8c
4b91
4b96
4b9b
4b9f
4ba4
4ba9
4bae
4bb3
4bb7
4bbc
4bc1
4bc6
4bca
4bcf
4bd4
4bd9
4bdd
4be2
4be7
4bec
4bf1
4bf5
4bfa
4bff
4c04
4c08
4c0d
4c12
4c17
4c1c
4c20
4c25
4c2a
4c2f
4c33
4c38
4c3d
4c42
4c46
4c4b
4c50
4c55
4c5a
4c5e
4c63
4c68
4c6d
4c71
4c76
4c7b
4c80
4c85
4c89
4c8e
4c93
4c98
4c9c
4ca1
4ca6
4cab
4cb0
4cb4
4cb9
4cbe
4cc3
4cc7
4ccc
4cd1
4cd6
4cda
4cdf
4ce4
4ce9
4cee
4cf2
4cf7
4cfc
4d01
4d05
4d0a
4d0f
4d14
4d19
4d1d
4d22
4d27
4d2c
4d30
4d35
4d3a
4d3f
4d43
4d48
4d4d
4d52
4d57
4d5b
4d60
4d65
4d6a
4d6e
4d73
4d78
4d7d
4d82
4d86
4d8b
4d90
4d95
4d99
4d9e
4da3
4da8
4dad
4db1
4db6
4dbb
4dc0
4dc4
4dc9
4dce
4dd3
4dd7
4ddc
4de1
4de6
4deb
4def
4df4
4df9
4dfe
4e02
4e07
4e0c
4e11
4e16
4e1a
4e1f
4e24
4e29
4e2d
4e32
4e37
4e3c
4e40
4e45
4e4a
4e4f
4e54
4e58
4e5d
4e62
4e67
4e6b
4e70
4e75
4e7a
4e7f
4e83
4e88
4e8d
4e92
4e96
4e9b
4ea0
4ea5
4ea9
4eae
4eb3
4eb8
4ebd
4ec1
4ec6
4ecb
4ed0
4ed4
4ed9
4ede
4ee3
4ee8
4eec
4ef1
4ef6
4efb
4eff
4f04
4f09
4f0e
4f13
4f17
4f1c
4f21
4f26
4f2a
4f2f
4f34
4f39
4f3d
4f42
4f47
4f4c
4f51
4f55
4f5a
4f5f
4f64
4f68
4f6d
4f72
4f77
4f7c
4f80
4f85
4f8a
4f8f
4f93
4f98
4f9d
4fa2
4fa6
4fab
4fb0
4fb5
4fba
4fbe
4fc3
4fc8
4fcd
4fd1
4fd6
4fdb
4fe0
4fe5
4fe9
4fee
4ff3
4ff8
4ffc
5001
5006
500b
5010
5014
5019
501e
5023
5027
502c
5031
5036
503a
503f
5044
5049
504e
5052
5057
505c
5061
5065
506a
506f
5074
5079
507d
5082
5087
508c
5090
5095
509a
509f
50a3
50a8
50ad
50b2
50b7
50bb
50c0
50c5
50ca
50ce
50d3
50d8
50dd
50e2
50e6
50eb
50f0
50f5
50f9
50fe
5103
5108
510c
5111
5116
511b
5120
5124
5129
512e
5133
5137
513c
5141
5146
514c
5151
5157
515c
5161
5167
516c
5172
5177
517d
5182
5187
518d
5192
5198
519d
51a2
51a8
51ad
51b3
51b8
51bd
51c3
51c8
51ce
51d3
51d8
51de
51e3
51e9
51ee
51f4
51f9
51fe
5204
5209
520f
5214
5219
521f
5224
522a
522f
5234
523a
523f
5245
524a
5250
5255
525a
5260
5265
526b
5270
5275
527b
5280
5286
528b
5290
5296
529b
52a1
52a6
52ab
52b1
52b6
52bc
52c1
52c7
52cc
52d1
52d7
52dc
52e2
52e7
52ec
52f2
52f7
52fd
5302
5307
530d
5312
5318
531d
5323
5328
532d
5333
5338
533e
5343
5348
534e
5353
5359
535e
5363
5369
536e
5374
5379
537e
5384
5389
538f
5394
539a
539f
53a4
53aa
53af
53b5
53ba
53bf
53c5
53ca
53d0
53d5
53da
53e0
53e5
53eb
53f0
53f6
53fb
5400
5406
540b
5411
5416
541b
5421
5426
542c
5431
5436
543c
5441
5447
544c
5451
5457
545c
5462
5467
546d
5472
5477
547d
5482
5488
548d
5492
5498
549d
54a3
54a8
54ad
54b3
54b8
54be
54c3
54c8
54ce
54d3
54d9
54de
54e4
54e9
54ee
54f4
54f9
54ff
5504
5509
550f
5514
551a
551f
5524
552a
552f
5535
553a
5540
5545
554a
5550
5555
555b
5560
5565
556b
5570
5576
557b
5580
5586
558b
5591
5596
559b
55a1
55a6
55ac
55b1
55b7
55bc
55c1
55c7
55cc
55d2
55d7
55dc
55e2
55e7
55ed
55f2
55f7
55fd
5602
5608
560d
5613
5618
561d
5623
5628
562e
5633
5638
563e
5643
5649
564e
5653
5659
565e
5664
5669
566e
5674
5679
567f
5684
568a
568f
5694
569a
569f
56a5
56aa
56af
56b5
56ba
56c0
56c5
56ca
56d0
56d5
56db
56e0
56e6
56eb
56f0
56f6
56fb
5701
5706
570b
5711
5716
571c
5721
5726
572c
5731
5737
573c
5741
5747
574c
5752
5757
575d
5762
5767
576d
5772
5778
577d
5782
5788
578d
5793
5798
579d
57a3
57a8
57ae
57b3
57b9
57be
57c3
57c9
57ce
57d4
57d9
57de
57e4
57e9
57ef
57f4
57f9
57ff
5804
580a
580f
5814
581a
581f
5825
582a
5830
5835
583a
5840
5845
584b
5850
5855
585b
5860
5866
586b
5870
5876
587b
5881
5886
588c
5891
5896
589c
58a1
58a7
58ac
58b1
58b7
58bc
58c2
58c7
58cc
58d2
58d7
58dd
58e2
58e7
58ed
58f2
58f8
58fd
5903
5908
590d
5913
5918
591e
5923
5928
592e
5933
5939
593e
5943
5949
594e
5954
5959
595f
5964
5969
596f
5974
597a
597f
5984
598a
598f
5995
599a
599f
59a5
59aa
59b0
59b5
59ba
59c0
59c5
59cb
59d0
59d6
59db
59e0
59e6
59eb
59f1
59f6
59fb
5a01
5a06
5a0c
5a11
5a16
5a1c
5a21
5a27
5a2c
5a31
5a37
5a3c
5a42
5a47
5a4d
5a52
5a57
5a5d
5a62
5a68
5a6d
5a72
5a78
5a7d
5a83
5a88
5a8d
5a93
5a98
5a9e
5aa3
5aa9
5aae
5ab3
5ab9
5abe
5ac4
5ac9
5ace
5ad4
5ad9
5adf
5ae4
5ae9
5aef
5af4
5afa
5aff
5b04
5b0a
5b0f
5b15
5b1a
5b20
5b25
5b2a
5b30
5b35
5b3b
5b40
5b45
5b4b
5b50
5b56
5b5b
5b60
5b66
5b6b
5b71
5b76
5b7c
5b81
5b86
5b8c
5b91
5b97
5b9c
5ba1
5ba7
5bac
5bb2
5bb7
5bbc
5bc2
5bc7
5bcd
5bd2
5bd7
5bdd
5be2
5be8
5bed
5bf3
5bf8
5bfd
5c03
5c08
5c0e
5c13
5c19
5c1f
5c25
5c2c
5c32
5c38
5c3e
5c44
5c4a
5c50
5c56
5c5d
5c63
5c69
5c6f
5c75
5c7b
5c81
5c87
5c8e
5c94
5c9a
5ca0
5ca6
5cac
5cb2
5cb8
5cbf
5cc5
5ccb
5cd1
5cd7
5cdd
5ce3
5cea
5cf0
5cf6
5cfc
5d02
5d08
5d0e
5d14
5d1b
5d21
5d27
5d2d
5d33
5d39
5d3f
5d45
5d4c
5d52
5d58
5d5e
5d64
5d6a
5d70
5d76
5d7d
5d83
5d89
5d8f
5d95
5d9b
5da1
5da8
5dae
5db4
5dba
5dc0
5dc6
5dcc
5dd2
5dd9
5ddf
5de5
5deb
5df1
5df7
5dfd
5e03
5e0a
5e10
5e16
5e1c
5e22
5e28
5e2e
5e34
5e3b
5e41
5e47
5e4d
5e53
5e59
5e5f
5e66
5e6c
5e72
5e78
5e7e
5e84
5e8a
5e90
5e97
5e9d
5ea3
5ea9
5eaf
5eb5
5ebb
5ec1
5ec8
5ece
5ed4
5eda
5ee0
5ee6
5eec
5ef2
5ef9
5eff
5f05
5f0b
5f11
5f17
5f1d
5f24
5f2a
5f30
5f36
5f3c
5f42
5f48
5f4e
5f55
5f5b
5f61
5f67
5f6d
5f73
5f79
5f7f
5f86
5f8c
5f92
5f98
5f9e
5fa4
5faa
5fb0
5fb7
5fbd
5fc3
5fc9
5fcf
5fd5
5fdb
5fe1
5fe8
5fee
5ff4
5ffa
6000
6006
600c
6013
6019
601f
6025
602b
6031
6037
603d
6044
604a
6050
6056
605c
6062
6068
606e
6075
607b
6081
6087
608d
6093
6099
609f
60a6
60ac
60b2
60b8
60be
60c4
60ca
60d1
60d7
60dd
60e3
60e9
60ef
60f5
60fb
6102
6108
610e
6114
611a
6120
6126
612c
6133
6139
613f
6145
614b
6151
6157
615d
6164
616a
6170
6176
617c
6182
6188
618f
6195
619b
61a1
61a7
61ad
61b3
61b9
61c0
61c6
61cc
61d2
61d8
61de
61e4
61ea
61f1
61f7
61fd
6203
6209
620f
6215
621b
6222
6228
622e
6234
623a
6240
6246
624d
6253
6259
625f
6265
626b
6271
6277
627e
6284
628a
6290
6296
629c
62a2
62a8
62af
62b5
62bb
62c1
62c7
62cd
62d3
62d9
62e0
62e6
62ec
62f2
62f8
62fe
6304
630b
6311
6317
631d
6323
6329
632f
6335
633c
6342
6348
634e
6354
635a
6360
6366
636d
6373
6379
637f
6385
638b
6391
6397
639e
63a4
63aa
63b0
63b6
63bc
63c2
63c9
63cf
63d5
63db
63e1
63e7
63ed
63f3
63fa
6400
6406
640c
6412
6418
641e
6424
642b
6431
6437
643d
6443
6449
644f
6455
645c
6462
6468
646e
6474
647a
6480
6487
648d
6493
6499
649f
64a5
64ab
64b1
64b8
64be
64c4
64ca
64d0
64d6
64dc
64e2
64e9
64ef
64f5
64fb
6501
6507
650d
6513
651a
6520
6526
652c
6532
6538
653e
6545
654b
6551
6557
655d
6563
6569
656f
6576
657c
6582
6588
658e
6594
659a
65a0
65a7
65ad
65b3
65b9
65bf
65c5
65cb
65d1
65d8
65de
65e4
65ea
65f0
65f6
65fc
6602
6609
660f
6615
661b
6621
6627
662d
6634
663a
6640
6646
664c
6652
6658
665e
6665
666b
6671
6677
667d
6683
6689
668f
6696
669c
66a2
66a8
66ae
66b4
66ba
66c0
66c7
66cd
66d3
66d9
66df
66e5
66eb
66f2
66f8
66fe
6704
670a
6710
6716
671c
6723
6729
672f
6735
673b
6741
6747
674d
6754
675a
6760
6766
676c
6772
6778
677e
6785
678b
6791
6797
679d
67a3
67a9
67b0
67b6
67bc
67c2
67c8
67ce
67d4
67da
67e1
67e7
67ed
67f3
67f9
67ff
6805
680b
6812
6818
681e
6824
682a
6830
6836
683c
6843
6849
684f
6855
685c
6863
686a
6871
6878
687f
6886
688d
6894
689a
68a1
68a8
68af
68b6
68bd
68c4
68cb
68d2
68d9
68e0
68e7
68ee
68f5
68fc
6903
690a
6911
6918
691e
6925
692c
6933
693a
6941
6948
694f
6956
695d
6964
696b
6972
6979
6980
6987
698e
6995
699c
69a2
69a9
69b0
69b7
69be
69c5
69cc
69d3
69da
69e1
69e8
69ef
69f6
69fd
6a04
6a0b
6a12
6a19
6a20
6a26
6a2d
6a34
6a3b
6a42
6a49
6a50
6a57
6a5e
6a65
6a6c
6a73
6a7a
6a81
6a88
6a8f
6a96
6a9d
6aa4
6aaa
6ab1
6ab8
6abf
6ac6
6acd
6ad4
6adb
6ae2
6ae9
6af0
6af7
6afe
6b05
6b0c
6b13
6b1a
6b21
6b28
6b2e
6b35
6b3c
6b43
6b4a
6b51
6b58
6b5f
6b66
6b6d
6b74
6b7b
6b82
6b89
6b90
6b97
6b9e
6ba5
6bac
6bb2
6bb9
6bc0
6bc7
6bce
6bd5
6bdc
6be3
6bea
6bf1
6bf8
6bff
6c06
6c0d
6c14
6c1b
6c22
6c29
6c30
6c36
6c3d
6c44
6c4b
6c52
6c59
6c60
6c67
6c6e
6c75
6c7c
6c83
6c8a
6c91
6c98
6c9f
6ca6
6cad
6cb4
6cba
6cc1
6cc8
6ccf
6cd6
6cdd
6ce4
6ceb
6cf2
6cf9
6d00
6d07
6d0e
6d15
6d1c
6d23
6d2a
6d31
6d38
6d3e
6d45
6d4c
6d53
6d5a
6d61
6d68
6d6f
6d76
6d7d
6d84
6d8b
6d92
6d99
6da0
6da7
6dae
6db5
6dbc
6dc2
6dc9
6dd0
6dd7
6dde
6de5
6dec
6df3
6dfa
6e01
6e08
6e0f
6e16
6e1d
6e24
6e2b
6e32
6e39
6e40
6e46
6e4d
6e54
6e5b
6e62
6e69
6e70
6e77
6e7e
6e85
6e8c
6e93
6e9a
6ea1
6ea8
6eaf
6eb6
6ebd
6ec4
6eca
6ed1
6ed8
6edf
6ee6
6eed
6ef4
6efb
6f02
6f09
6f10
6f17
6f1e
6f25
6f2c
6f33
6f3a
6f41
6f48
6f4e
6f55
6f5c
6f63
6f6a
6f71
6f78
6f7f
6f86
6f8d
6f94
6f9b
6fa2
6fa9
6fb0
6fb7
6fbe
6fc5
6fcb
6fd2
6fd9
6fe0
6fe7
6fee
6ff5
6ffc
7003
700a
7011
7018
701f
7026
702d
7034
703b
7042
7049
704f
7056
705d
7064
706b
7072
7079
7080
7087
708e
7095
709c
70a3
70aa
70b1
70b8
70bf
70c6
70cd
70d3
70da
70e1
70e8
70ef
70f6
70fd
7104
710b
7112
7119
7120
7127
712e
7135
713c
7143
714a
7151
7157
715e
7165
716c
7173
717a
7181
7188
718f
7196
719d
71a4
71ab
71b2
71b9
71c0
71c7
71ce
71d5
71db
71e2
71e9
71f0
71f7
71fe
7205
720c
7213
721a
7221
7228
722f
7236
723d
7244
724b
7252
7259
725f
7266
726d
7274
727b
7282
7289
7290
7297
729e
72a5
72ac
72b3
72ba
72c1
72c8
72cf
72d6
72dd
72e3
72ea
72f1
72f8
72ff
7306
730d
7314
731b
7322
7329
7330
7337
733e
7345
734c
7353
735a
7361
7367
736e
7375
737c
7383
738a
7391
7398
739f
73a6
73ad
73b4
73bb
73c2
73c9
73d0
73d7
73de
73e5
73eb
73f2
73f9
7400
7407
740e
7415
741c
7423
742a
7431
7438
743f
7446
744d
7454
745b
7462
7469
746f
7476
747d
7484
748b
7492
7499
74a0
74a7
74ae
74b5
74bc
74c3
74ca
74d1
74d8
74df
74e6
74ed
74f3
74fa
7501
7508
750f
7516
751d
7524
752b
7532
7539
7540
7547
754e
7555
755c
7563
756a
7571
7577
757e
7585
758c
7593
759a
75a1
75a8
75af
75b6
75bd
75c4
75cb
75d2
75d9
75e0
75e7
75ee
75f5
75fb
7602
7609
7610
7617
761e
7625
762c
7633
763a
7642
764a
7652
7659
7661
7669
7671
7679
7681
7689
7691
7698
76a0
76a8
76b0
76b8
76c0
76c8
76d0
76d7
76df
76e7
76ef
76f7
76ff
7707
770e
7716
771e
7726
772e
7736
773e
7746
774d
7755
775d
7765
776d
7775
777d
7785
778c
7794
779c
77a4
77ac
77b4
77bc
77c3
77cb
77d3
77db
77e3
77eb
77f3
77fb
7802
780a
7812
781a
7822
782a
7832
7839
7841
7849
7851
7859
7861
7869
7871
7878
7880
7888
7890
7898
78a0
78a8
78b0
78b7
78bf
78c7
78cf
78d7
78df
78e7
78ee
78f6
78fe
7906
790e
7916
791e
7926
792d
7935
793d
7945
794d
7955
795d
7965
796c
7974
797c
7984
798c
7994
799c
79a3
79ab
79b3
79bb
79c3
79cb
79d3
79db
79e2
79ea
79f2
79fa
7a02
7a0a
7a12
7a1a
7a21
7a29
7a31
7a39
7a41
7a49
7a51
7a58
7a60
7a68
7a70
7a78
7a80
7a88
7a90
7a97
7a9f
7aa7
7aaf
7ab7
7abf
7ac7
7acf
7ad6
7ade
7ae6
7aee
7af6
7afe
7b06
7b0d
7b15
7b1d
7b25
7b2d
7b35
7b3d
7b45
7b4c
7b54
7b5c
7b64
7b6c
7b74
7b7c
7b83
7b8b
7b93
7b9b
7ba3
7bab
7bb3
7bbb
7bc2
7bca
7bd2
7bda
7be2
7bea
7bf2
7bfa
7c01
7c09
7c11
7c19
7c21
7c29
7c31
7c38
7c40
7c48
7c50
7c58
7c60
7c68
7c70
7c77
7c7f
7c87
7c8f
7c97
7c9f
7ca7
7caf
7cb6
7cbe
7cc6
7cce
7cd6
7cde
7ce6
7ced
7cf5
7cfd
7d05
7d0d
7d15
7d1d
7d25
7d2c
7d34
7d3c
7d44
7d4c
7d54
7d5c
7d64
7d6b
7d73
7d7b
7d83
7d8b
7d93
7d9b
7da2
7daa
7db2
7dba
7dc2
7dca
7dd2
7dda
7de1
7de9
7df1
7df9
7e01
7e09
7e11
7e19
7e20
7e28
7e30
7e38
7e40
7e48
7e50
7e57
7e5f
7e67
7e6f
7e77
7e7f
7e87
7e8f
7e96
7e9e
7ea6
7eae
7eb6
7ebe
7ec6
7ecd
7ed5
7edd
7ee5
7eed
7ef5
7efd
7f05
7f0c
7f14
7f1c
7f24
7f2c
7f34
7f3c
7f44
7f4b
7f53
7f5b
7f63
7f6b
7f73
7f7b
7f82
7f8a
7f92
7f9a
7fa2
7faa
7fb2
7fba
7fc1
7fc9
7fd1
7fd9
7fe1
7fe9
7ff1
7ff9
7fff
7fff
7fff
7fff
7fff
7fff
7fff
7fff
7fff
7fff
7fff
7fff
7fff
7fff
7fff
7fff
7fff
7fff
7fff
7fff
7fff
7fff
7fff
7fff
7fff
7fff
7fff
7fff
7fff
7fff
7fff
7fff
7fff
7fff
7fff
7fff
7fff
7fff
7fff
7fff
7fff
7fff
7fff
7fff
7fff
7fff
7fff
7fff
7fff
7fff
7fff
7fff
7fff
7fff
7fff
7fff
7fff
7fff
7fff
7fff
7fff
7fff
7fff
7fff
7fff
7fff
7fff
7fff
7fff
7fff
7fff
7fff
7fff
7fff
7fff
7fff
7fff
7fff
7fff
7fff
7fff
7fff
7fff
7fff
7fff
7fff
7fff
7fff
7fff
7fff
7fff
7fff
7fff
7fff
7fff
7fff
7fff
7fff
7fff
7fff
7fff
7fff
7fff
7fff
7fff
7fff
7fff
7fff
7fff
7fff
7fff
7fff
7fff
7fff
7fff
7fff
7fff
7fff
7fff
7fff
7fff
7fff
7fff
7fff
7fff
7fff
7fff
7fff
7fff
7fff
7fff
7fff
7fff
7fff
7fff
7fff
7fff
7fff
7fff
7fff
7fff
7fff
7fff
7fff
7fff
7fff
7fff
7fff
7fff
7fff
7fff
7fff
7fff
7fff
7fff
7fff
7fff
7fff
7fff
7fff
7fff
7fff
7fff
7fff
7fff
7fff
7fff
7fff
7fff
7fff
7fff
7fff
7fff
7fff
7fff
7fff
7fff
7fff
7fff
7fff
7fff
7fff
7fff
7fff
7fff
7fff
7fff
7fff
7fff
7fff
7fff
7fff
7fff
7fff
7fff
7fff
7fff
7fff
7fff
7fff
7fff
7fff
7fff
7fff
7fff
7fff
7fff
7fff
7fff
7fff
7fff
7fff
7fff
7fff
7fff
7fff
7fff
7fff
7fff
7fff
7fff
7fff
7fff
7fff
7fff
7fff
7fff
7fff
7fff
7fff
7fff
7fff
7fff
7fff
7fff
7fff
7fff
7fff
7fff
7fff
7fff
7fff
7fff
7fff
7fff
7fff
7fff
7fff
7fff
7fff
7fff
7fff
7fff
7fff
7fff
7fff
7fff
7fff
7fff
7fff
7fff
7fff
7fff
7fff
7fff
7fff
7fff
7fff
7fff
7fff
7fff
7fff
7fff
7fff
7fff
7fff
7fff
7fff
7fff
7fff
7fff
7fff
7fff
7fff
7fff
7fff
7fff
7fff
7fff
7fff
7fff
7fff
7fff
7fff
7fff
7fff
7fff
7fff
7fff
7fff
7fff
7fff
7fff
7fff
7fff
7fff
7fff
7fff
7fff
7fff
7fff
7fff
7fff
7fff
7fff
7fff
7fff
7fff
7fff
7fff
7fff
7fff
7fff
7fff
7fff
7fff
7fff
7fff
7fff
7fff
7fff
7fff
7fff
7fff
7fff
7fff
7fff
7fff
7fff
7fff
7fff
7fff
7fff
7fff
7fff
7fff
7fff
7fff
7fff
7fff
7fff
7fff
7fff
7fff
7fff
7fff
7fff
7fff
7fff
7fff
7fff
7fff
7fff
7fff
7fff
7fff
7fff
7fff
7fff
7fff
7fff
7fff
7fff
7fff
7fff
7fff
7fff
7fff
7fff
7fff
7fff
7fff
7fff
7fff
7fff
7fff
7fff
7fff
7fff
7fff
7fff
7fff
7fff
7fff
7fff
7fff
7fff
7fff
7fff
7fff
7fff
7fff
7fff
7fff
7fff
7fff
7fff
7fff
7fff
7fff
7fff
7fff
7fff
7fff
7fff
7fff
7fff
7fff
7fff
7fff
7fff
7fff
7fff
7fff
7fff
7fff
7fff
7fff
7fff
7fff
7fff
7fff
7fff
7fff
7fff
7fff
7fff
7fff
7fff
7fff
7fff
7fff
7fff
7fff
7fff
7fff
7fff
7fff
7fff
7fff
7fff
7fff
7fff
7fff
7fff
7fff
7fff
7fff
7fff
7fff
7fff
7fff
7fff
7fff
7fff
7fff
7fff
7fff
7fff
7fff
7fff
7fff
7fff
7fff
7fff
7fff
7fff
7fff
7fff
7fff
7fff
7fff
7fff
7fff
7fff
7fff
7fff
7fff
7fff
7fff
7fff
7fff
7fff
7fff
7fff
7fff
7fff
7fff
7fff
7fff
7fff
7fff
7fff
7fff
7fff
7fff
7fff
7fff
7fff
7fff
7fff
7fff
7fff
7fff
7fff
7fff
7fff
7fff
7fff
7fff
7fff
7fff
7fff
7fff
7fff
7fff
7fff
7fff
7fff
7fff
7fff
7fff
7fff
7fff
7fff
7fff
7fff
7fff
7fff
7fff
7fff
7fff
7fff
7fff
7fff
7fff
7fff
7fff
7fff
7fff
7fff
7fff
7fff
7fff
7fff
7fff
7fff
7fff
7fff
7fff
7fff
7fff
7fff
7fff
7fff
7fff
7fff
7fff
7fff
7fff
7fff
7fff
7fff
7fff
7fff
7fff
7fff
7fff
7fff
7fff
7fff
7fff
7fff
7fff
7fff
7fff
7fff
7fff
7fff
7fff
7fff
7fff
7fff
7fff
7fff
7fff
7fff
7fff
7fff
7fff
7fff
7fff
7fff
7fff
7fff
7fff
7fff
7fff
7fff
7fff
7fff
7fff
7fff
7fff
7fff
7fff
7fff
7fff
7fff
7fff
7fff
7fff
7fff
7fff
7fff
7fff
7fff
7fff
7fff
7fff
7fff
7fff
7fff
7fff
7fff
7fff
7fff
7fff
7fff
7fff
7fff
7fff
7fff
7fff
7fff
7fff
7fff
7fff
7fff
7fff
7fff
7fff
7fff
7fff
7fff
7fff
7fff
7fff
7fff
7fff
7fff
7fff
7fff
7fff
7fff
7fff
7fff
7fff
7fff
7fff
7fff
7fff
7fff
7fff
7fff
7fff
7fff
7fff
7fff
7fff
7fff
7fff
7fff
7fff
7fff
7fff
7fff
7fff
7fff
7fff
7fff
7fff
7fff
7fff
7fff
7fff
7fff
7fff
7fff
7fff
7fff
7fff
7fff
7fff
7fff
7fff
7fff
7fff
7fff
7fff
7fff
7fff
7fff
7fff
7fff
7fff
7fff
7fff
7fff
7fff
7fff
7fff
7fff
7fff
7fff
7fff
7fff
7fff
7fff
7fff
7fff
7fff
7fff
7fff
7fff
7fff
7fff
7fff
7fff
7fff
7fff
7fff
7fff
7fff
7fff
7fff
7fff
7fff
7fff
7fff
7fff
7fff
7fff
7fff
7fff
7fff
7fff
7fff
7fff
7fff
7fff
7fff
7fff
7fff
7fff
7fff
7fff
7fff
7fff
7fff
7fff
7fff
7fff
7fff
7fff
7fff
7fff
7fff
7fff
7fff
7fff
7fff
7fff
7fff
7fff
7fff
7fff
7fff
7fff
7fff
7fff
7fff
7fff
7fff
7fff
7fff
7fff
7fff
7fff
7fff
7fff
7fff
7fff
7fff
7fff
7fff
7fff
7fff
7fff
7fff
7fff
7fff
7fff
7fff
7fff
7fff
7fff
7fff
7fff
7fff
7fff
7fff
7fff
7fff
7fff
7fff
7fff
7fff
7fff
7fff
7fff
7fff
7fff
7fff
7fff
7fff
7fff
7fff
7fff
7fff
7fff
7fff
7fff
7fff
7fff
7fff
7fff
7fff
7fff
7fff
7fff
7fff
7fff
7fff
7fff
7fff
7fff
7fff
7fff
7fff
7fff
7fff
7fff
7fff
7fff
7fff
7fff
7fff
7fff
7fff
7fff
7fff
7fff
7fff
7fff
7fff
7fff
7fff
7fff
7fff
7fff
7fff
7fff
7fff
7fff
7fff
7fff
7fff
7fff
7fff
7fff
7fff
7fff
7fff
7fff
7fff
7fff
7fff
7fff
7fff
7fff
7fff
7fff
7fff
7fff
7fff
7fff
7fff
7fff
7fff
7fff
7fff
7fff
7fff
7fff
7fff
7fff
7fff
7fff
7fff
7fff
7fff
7fff
7fff
7fff
7fff
7fff
7fff
7fff
7fff
7fff
7fff
7fff
7fff
7fff
7fff
7fff
7fff
7fff
7fff
7fff
7fff
7fff
7fff
7fff
7fff
7fff
7fff
7fff
7fff
7fff
7fff
7fff
7fff
7fff
7fff
7fff
7fff
7fff
7fff
7fff
7fff
7fff
7fff
7fff
7fff
7fff
7fff
7fff
7fff
7fff
7fff
7fff
7fff
7fff
7fff
7fff
7fff
7fff
7fff
7fff
7fff
7fff
7fff
7fff
7fff
7fff
7fff
7fff
7fff
7fff
7fff
7fff
7fff
7fff
7fff
7fff
7fff
7fff
7fff
7fff
7fff
7fff
7fff
7fff
7fff
7fff
7fff
7fff
7fff
7fff
7fff
7fff
7fff
7fff
7fff
7fff
7fff
7fff
7fff
7fff
7fff
7fff
7fff
7fff
7fff
7fff
7fff
7fff
7fff
7fff
7fff
7fff
7fff
7fff
7fff
7fff
7fff
7fff
7fff
7fff
7fff
7fff
7fff
7fff
7fff
7fff
7fff
7fff
7fff
7fff
7fff
7fff
7fff
7fff
7fff
7fff
7fff
7fff
7fff
7fff
7fff
7fff
7fff
7fff
7fff
7fff
7fff
7fff
7fff
7fff
7fff
7fff
7fff
7fff
7fff
7fff
7fff
7fff
7fff
7fff
7fff
7fff
7fff
7fff
7fff
7fff
7fff
7fff
7fff
7fff
7fff
7fff
7fff
7fff
7fff
7fff
7fff
7fff
7fff
7fff
7fff
7fff
7fff
7fff
7fff
7fff
7fff
7fff
7fff
7fff
7fff
7fff
7fff
7fff
7fff
7fff
7fff
7fff
7fff
7fff
7fff
7fff
7fff
7fff
7fff
7fff
7fff
7fff
7fff
7fff
7fff
7fff
7fff
7fff
7fff
7fff
7fff
7fff
7fff
7fff
7fff
7fff
7fff
7fff
7fff
7fff
7fff
7fff
7fff
7fff
7fff
7fff
7fff
7fff
7fff
7fff
7fff
7fff
7fff
7fff
7fff
7fff
7fff
7fff
7fff
7fff
7fff
7fff
7fff
7fff
7fff
7fff
7fff
7fff
7fff
7fff
7fff
7fff
7fff
7fff
7fff
7fff
7fff
7fff
7fff
7fff
7fff
7fff
7fff
7fff
7fff
7fff
7fff
7fff
7fff
7fff
7fff
7fff
7fff
7fff
7fff
7fff
7fff
7fff
7fff
7fff
7fff
7fff
7fff
7fff
7fff
7fff
7fff
7fff
7fff
7fff
7fff
7fff
7fff
7fff
7fff
7fff
7fff
7fff
7fff
7fff
7fff
7fff
7fff
7fff
7fff
7fff
7fff
7fff
7fff
7fff
7fff
7fff
7fff
7fff
7fff
7fff
7fff
7fff
7fff
7fff
7fff
7fff
7fff
7fff
7fff
7fff
7fff
7fff
7fff
7fff
7fff
7fff
7fff
7fff
7fff
7fff
7fff
7fff
7fff
7fff
7fff
7fff
7fff
7fff
7fff
7fff
7fff
7fff
7fff
7fff
7fff
7fff
7fff
7fff
7fff
7fff
7fff
7fff
7fff
7fff
7fff
7fff
7fff
7fff
7fff
7fff
7fff
7fff
7fff
7fff
7fff
7fff
7fff
7fff
7fff
7fff
7fff
7fff
7fff
7fff
7fff
7fff
7fff
7fff
7fff
7fff
7fff
7fff
7fff
7fff
7fff
7fff
7fff
7fff
7fff
7fff
7fff
7fff
7fff
7fff
7fff
7fff
7fff
7fff
7fff
7fff
7fff
7fff
7fff
7fff
7fff
7fff
7fff
7fff
7fff
7fff
7fff
7fff
7fff
7fff
7fff
7fff
7fff
7fff
7fff
7fff
7fff
7fff
7fff
7fff
7fff
7fff
7fff
7fff
7fff
7fff
7fff
7fff
7fff
7fff
7fff
7fff
7fff
7fff
7fff
7fff
7fff
7fff
7fff
7fff
7fff
7fff
7fff
7fff
7fff
7fff
7fff
7fff
7fff
7fff
7fff
7fff
7fff
7fff
7fff
7fff
7fff
7fff
7fff
7fff
7fff
7fff
7fff
7fff
7fff
7fff
7fff
7fff
7fff
7fff
7fff
7fff
7fff
7fff
7fff
7fff
7fff
7fff
7fff
7fff
7fff
7fff
7fff
7fff
7fff
7fff
7fff
7fff
7fff
7fff
7fff
7fff
7fff
7fff
7fff
7fff
7fff
7fff
7fff
7fff
7fff
7fff
7fff
7fff
7fff
7fff
7fff
7fff
7fff
7fff
7fff
7fff
7fff
7fff
7fff
7fff
7fff
7fff
7fff
7fff
7fff
7fff
7fff
7fff
7fff
7fff
7fff
7fff
7fff
7fff
7fff
7fff
7fff
7fff
7fff
7fff
7fff
7fff
7fff
7fff
7fff
7fff
7fff
7fff
7fff
7fff
7fff
7fff
7fff
7fff
7fff
7fff
7fff
7fff
7fff
7fff
7fff
7fff
7fff
7fff
7fff
7fff
7fff
7fff
7fff
7fff
7fff
7fff
7fff
7fff
7fff
7fff
7fff
7fff
7fff
7fff
7fff
7fff
7fff
7fff
7fff
7fff
7fff
7fff
7fff
7fff
7fff
7fff
7fff
7fff
7fff
7fff
7fff
7fff
7fff
7fff
7fff
7fff
7fff
7fff
7fff
7fff
7fff
7fff
7fff
7fff
7fff
7fff
7fff
7fff
7fff
7fff
7fff
7fff
7fff
7fff
7fff
7fff
7fff
7fff
7fff
7fff
7fff
7fff
7fff
7fff
7fff
7fff
7fff
7fff
7fff
7fff
7fff
7fff
7fff
7fff
7fff
7fff
7fff
7fff
7fff
7fff
7fff
7fff
7fff
7fff
7fff
7fff
7fff
7fff
7fff
7fff
7fff
7fff
7fff
7fff
7fff
7fff
7fff
7fff
7fff
7fff
7fff
7fff
7fff
7fff
7fff
7fff
7fff
7fff
7fff
7fff
7fff
7fff
7fff
7fff
7fff
7fff
7fff
7fff
7fff
7fff
7fff
7fff
7fff
7fff
7fff
7fff
7fff
7fff
7fff
7fff
7fff
7fff
7fff
7fff
7fff
7fff
7fff
7fff
7fff
7fff
7fff
7fff
7fff
7fff
7fff
7fff
7fff
7fff
7fff
7fff
7fff
7fff
7fff
7fff
7fff
7fff
7fff
7fff
7fff
7fff
7fff
7fff
7fff
7fff
7fff
7fff
7fff
7fff
7fff
7fff
7fff
7fff
7fff
7fff
7fff
7fff
7fff
7fff
7fff
7fff
7fff
7fff
7fff
7fff
7fff
7fff
7fff
7fff
7fff
7fff
7fff
7fff
7fff
7fff
7fff
7fff
7fff
7fff
7fff
7fff
7fff
7fff
7fff
7fff
7fff
7fff
7fff
7fff
7fff
7fff
7fff
7fff
7fff
7fff
7fff
7fff
7fff
7fff
7fff
7fff
7fff
7fff
7fff
7fff
7fff
7fff
7fff
7fff
7fff
7fff
7fff
7fff
7fff
7fff
7fff
7fff
7fff
7fff
7fff
7fff
7fff
7fff
7fff
7fff
7fff
7fff
7fff
7fff
7fff
7fff
7fff
7fff
7fff
7fff
7fff
7fff
7fff
7fff
7fff
7fff
7fff
7fff
7fff
7fff
7fff
7fff
7fff
7fff
7fff
7fff
7fff
7fff
7fff
7fff
7fff
7fff
7fff
7fff
7fff
7fff
7fff
7fff
7fff
7fff
7fff
7fff
7fff
7fff
7fff
7fff
7fff
7fff
7fff
7fff
7fff
7fff
7fff
7fff
7fff
7fff
7fff
7fff
7fff
7fff
7fff
7fff
7fff
7fff
7fff
7fff
7fff
7fff
7fff
7fff
7fff
7fff
7fff
7fff
7fff
7fff
7fff
7fff
7fff
7fff
7fff
7fff
7fff
7fff
7fff
7fff
7fff
7fff
7fff
7fff
7fff
7fff
7fff
7fff
7fff
7fff
7fff
7fff
7fff
7fff
7fff
7fff
7fff
7fff
7fff
7fff
7fff
7fff
7fff
7fff
7fff
7fff
7fff
7fff
7fff
7fff
7fff
7fff
7fff
7fff
7fff
7fff
7fff
7fff
7fff
7fff
7fff
7fff
7fff
7fff
7fff
7fff
7fff
7fff
7fff
7fff
7fff
7fff
7fff
7fff
7fff
7fff
7fff
7fff
7fff
7fff
7fff
7fff
7fff
7fff
7fff
7fff
7fff
7fff
7fff
7fff
7fff
7fff
7fff
7fff
7fff
7fff
7fff
7fff
7fff
7fff
7fff
7fff
7fff
7fff
7fff
7fff
7fff
7fff
7fff
7fff
7fff
7fff
7fff
7fff
7fff
7fff
7fff
7fff
7fff
7fff
7fff
7fff
7fff
7fff
7fff
7fff
7fff
7fff
7fff
7fff
7fff
7fff
7fff
7fff
7fff
7fff
7fff
7fff
7fff
7fff
7fff
7fff
7fff
7fff
7fff
7fff
7fff
7fff
7fff
7fff
7fff
7fff
7fff
7fff
7fff
7fff
7fff
7fff
7fff
7fff
7fff
7fff
7fff
7fff
7fff
7fff
7fff
7fff
7fff
7fff
7fff
7fff
7fff
7fff
7fff
7fff
7fff
7fff
7fff
7fff
7fff
7fff
7fff
7fff
7fff
7fff
7fff
7fff
7fff
7fff
7fff
7fff
7fff
7fff
7fff
7fff
7fff
7fff
7fff
7fff
7fff
7fff
7fff
7fff
7fff
7fff
7fff
7fff
7fff
7fff
7fff
7fff
7fff
7fff
7fff
7fff
7fff
7fff
7fff
7fff
7fff
7fff
7fff
7fff
7fff
7fff
7fff
7fff
7fff
7fff
7fff
7fff
7fff
7fff
7fff
7fff
7fff
7fff
7fff
7fff
7fff
7fff
7fff
7fff
7fff
7fff
7fff
7fff
7fff
7fff
7fff
7fff
7fff
7fff
7fff
7fff
7fff
7fff
7fff
7fff
7fff
7fff
7fff
7fff
7fff
7fff
7fff
7fff
7fff
7fff
7fff
7fff
7fff
7fff
7fff
7fff
7fff
7fff
7fff
7fff
7fff
7fff
7fff
7fff
7fff
7fff
7fff
7fff
7fff
7fff
7fff
7fff
7fff
7fff
7fff
7fff
7fff
7fff
7fff
7fff
7fff
7fff
7fff
7fff
7fff
7fff
7fff
7fff
7fff
7fff
7fff
7fff
7fff
7fff
7fff
7fff
7fff
7fff
7fff
7fff
7fff
7fff
7fff
7fff
7fff
7fff
7fff
7fff
7fff
7fff
7fff
7fff
7fff
7fff
7fff
7fff
7fff
7fff
7fff
7fff
7fff
7fff
7fff
7fff
7fff
7fff
7fff
7fff
7fff
7fff
7fff
7fff
7fff
7fff
7fff
7fff
7fff
7fff
7fff
7fff
7fff
7fff
7fff
7fff
7fff
7fff
7fff
7fff
7fff
7fff
7fff
7fff
7fff
7fff
7fff
7fff
7fff
7fff
7fff
7fff
7fff
7fff
7fff
7fff
7fff
7fff
7fff
7fff
7fff
7fff
7fff
7fff
7fff
7fff
7fff
7fff
7fff
7fff
7fff
7fff
7fff
7fff
7fff
7fff
7fff
7fff
7fff
7fff
7fff
7fff
7fff
7fff
7fff
7fff
7fff
7fff
7fff
7fff
7fff
7fff
7fff
7fff
7fff
7fff
7fff
7fff
7fff
7fff
7fff
7fff
7fff
7fff
7fff
7fff
7fff
7fff
7fff
7fff
7fff
7fff
7fff
7fff
7fff
7fff
7fff
7fff
7fff
7fff
7fff
7fff
7fff
7fff
7fff
7fff
7fff
7fff
7fff
7fff
7fff
7fff
7fff
7fff
7fff
7fff
7fff
7fff
7fff
7fff
7fff
7fff
7fff
7fff
7fff
7fff
7fff
7fff
7fff
7fff
7fff
7fff
7fff
7fff
7fff
7fff
7fff
7fff
7fff
7fff
7fff
7fff
7fff
7fff
7fff
7fff
7fff
7fff
7fff
7fff
7fff
7fff
7fff
7fff
7fff
7fff
7fff
7fff
7fff
7fff
7fff
7fff
7fff
7fff
7fff
7fff
7fff
7fff
7fff
7fff
7fff
7fff
7fff
7fff
7fff
7fff
7fff
7fff
7fff
7fff
7fff
7fff
7fff
7fff
7fff
7fff
7fff
7fff
7fff
7fff
7fff
7fff
7fff
7fff
7fff
7fff
7fff
7fff
7fff
7fff
7fff
7fff
7fff
7fff
7fff
7fff
7fff
7fff
7fff
7fff
7fff
7fff
7fff
7fff
7fff
7fff
7fff
7fff
7fff
7fff
7fff
7fff
7fff
7fff
7fff
7fff
7fff
7fff
7fff
7fff
7fff
7fff
7fff
7fff
7fff
7fff
7fff
7fff
7fff
7fff
7fff
7fff
7fff
7fff
7fff
7fff
7fff
7fff
7fff
7fff
7fff
7fff
7fff
7fff
7fff
7fff
7fff
7fff
7fff
7fff
7fff
7fff
7fff
7fff
7fff
7fff
7fff
7fff
7fff
7fff
7fff
7fff
7fff
7fff
7fff
7fff
7fff
7fff
7fff
7fff
7fff
7fff
7fff
7fff
7fff
7fff
7fff
7fff
7fff
7fff
7fff
7fff
7fff
7fff
7fff
7fff
7fff
7fff
7fff
7fff
7fff
7fff
7fff
7fff
7fff
7fff
7fff
7fff
7fff
7fff
7fff
7fff
7fff
7fff
7fff
7fff
7fff
7fff
7fff
7fff
7fff
7fff
7fff
7fff
7fff
7fff
7fff
7fff
7fff
7fff
7fff
7fff
7fff
7fff
7fff
7fff
7fff
7fff
7fff
7fff
7fff
7fff
7fff
7fff
7fff
7fff
7fff
7fff
7fff
7fff
7fff
7fff
7fff
7fff
7fff
7fff
7fff
7fff
7fff
7fff
7fff
7fff
7fff
7fff
7fff
7fff
7fff
7fff
7fff
7fff
7fff
7fff
7fff
7fff
7fff
7fff
7fff
7fff
7fff
7fff
7fff
7fff
7fff
7fff
7fff
7fff
7fff
7fff
7fff
7fff
7fff
7fff
7fff
7fff
7fff
7fff
7fff
7fff
7fff
7fff
7fff
7fff
7fff
7fff
7fff
7fff
7fff
7fff
7fff
7fff
7fff
7fff
7fff
7fff
7fff
7fff
7fff
7fff
7fff
7fff
7fff
7fff
7fff
7fff
7fff
7fff
7fff
7fff
7fff
7fff
7fff
7fff
7fff
7fff
7fff
7fff
7fff
7fff
7fff
7fff
7fff
7fff
7fff
7fff
7fff
7fff
7fff
7fff
7fff
7fff
7fff
7fff
7fff
7fff
7fff
7fff
7fff
7fff
7fff
7fff
7fff
7fff
7fff
7fff
7fff
7fff
7fff
7fff
7fff
7fff
7fff
7fff
7fff
7fff
7fff
7fff
7fff
7fff
7fff
7fff
7fff
7fff
7fff
7fff
7fff
7fff
7fff
7fff
7fff
7fff
7fff
7fff
7fff
7fff
7fff
7fff
7fff
7fff
7fff
7fff
7fff
7fff
7fff
7fff
7fff
7fff
7fff
7fff
7fff
7fff
7fff
7fff
7fff
7fff
7fff
7fff
7fff
7fff
7fff
7fff
7fff
7fff
7fff
7fff
7fff
7fff
7fff
7fff
7fff
7fff
7fff
7fff
7fff
7fff
7fff
7fff
7fff
7fff
7fff
7fff
7fff
7fff
7fff
7fff
7fff
7fff
7fff
7fff
7fff
7fff
7fff
7fff
7fff
7fff
7fff
7fff
7fff
7fff
7fff
7fff
7fff
7fff
7fff
7fff
7fff
7fff
7fff
7fff
7fff
7fff
7fff
7fff
7fff
7fff
7fff
7fff
7fff
7fff
7fff
7fff
7fff
7fff
7fff
7fff
7fff
7fff
7fff
7fff
7fff
7fff
7fff
7fff
7fff
7fff
7fff
7fff
7fff
7fff
7fff
7fff
7fff
7fff
7fff
7fff
7fff
7fff
7fff
7fff
7fff
7fff
7fff
7fff
7fff
7fff
7fff
7fff
7fff
7fff
7fff
7fff
7fff
7fff
7fff
7fff
7fff
7fff
7fff
7fff
7fff
7fff
7fff
7fff
7fff
7fff
7fff
7fff
7fff
7fff
7fff
7fff
7fff
7fff
7fff
7fff
7fff
7fff
7fff
7fff
7fff
7fff
7fff
7fff
7fff
7fff
7fff
7fff
7fff
7fff
7fff
7fff
7fff
7fff
7fff
7fff
7fff
7fff
7fff
7fff
7fff
7fff
7fff
7fff
7fff
7fff
7fff
7fff
7fff
7fff
7fff
7fff
7fff
7fff
7fff
7fff
7fff
7fff
7fff
7fff
7fff
7fff
7fff
7fff
7fff
7fff
7fff
7fff
7fff
7fff
7fff
7fff
7fff
7fff
7fff
7fff
7fff
7fff
7fff
7fff
7fff
7fff
7fff
7fff
7fff
7fff
7fff
7fff
7fff
7fff
7fff
7fff
7fff
7fff
7fff
7fff
7fff
7fff
7fff
7fff
7fff
7fff
7fff
7fff
7fff
7fff
7fff
7fff
7fff
7fff
7fff
7fff
7fff
7fff
7fff
7fff
7fff
7fff
7fff
7fff
7fff
7fff
7fff
7fff
7fff
7fff
7fff
7fff
7fff
7fff
7fff
7fff
7fff
7fff
7fff
7fff
7fff
7fff
7fff
7fff
7fff
7fff
7fff
7fff
7fff
7fff
7fff
7fff
7fff
7fff
7fff
7fff
7fff
7fff
7fff
7fff
7fff
7fff
7fff
7fff
7fff
7fff
7fff
7fff
7fff
7fff
7fff
7fff
7fff
7fff
7fff
7fff
7fff
7fff
7fff
7fff
7fff
7fff
7fff
7fff
7fff
7fff
7fff
7fff
7fff
7fff
7fff
7fff
7fff
7fff
7fff
7fff
7fff
7fff
7fff
7fff
7fff
7fff
7fff
7fff
7fff
7fff
7fff
7fff
7fff
7fff
7fff
7fff
7fff
7fff
7fff
7fff
7fff
7fff
7fff
7fff
7fff
7fff
7fff
7fff
7fff
7fff
7fff
7fff
7fff
7fff
7fff
7fff
7fff
7fff
7fff
7fff
7fff
7fff
7fff
7fff
7fff
7fff
7fff
7fff
7fff
7fff
7fff
7fff
7fff
7fff
7fff
7fff
7fff
7fff
7fff
7fff
7fff
7fff
7fff
7fff
7fff
7fff
7fff
7fff
7fff
7fff
7fff
7fff
7fff
7fff
7fff
7fff
7fff
7fff
7fff
7fff
7fff
7fff
7fff
7fff
7fff
7fff
7fff
7fff
7fff
7fff
7fff
7fff
7fff
7fff
7fff
7fff
7fff
7fff
7fff
7fff
7fff
7fff
7fff
7fff
7fff
7fff
7fff
7fff
7fff
7fff
7fff
7fff
7fff
7fff
7fff
7fff
7fff
7fff
7fff
7fff
7fff
7fff
7fff
7fff
7fff
7fff
7fff
7fff
7fff
7fff
7fff
7fff
7fff
7fff
7fff
7fff
7fff
7fff
7fff
7fff
7fff
7fff
7fff
7fff
7fff
7fff
7fff
7fff
7fff
7fff
7fff
7fff
7fff
7fff
7fff
7fff
7fff
7fff
7fff
7fff
7fff
7fff
7fff
7fff
7fff
7fff
7fff
7fff
7fff
7fff
7fff
7fff
7fff
7fff
7fff
7fff
7fff
7fff
7fff
7fff
7fff
7fff
7fff
7fff
7fff
7fff
7fff
7fff
7fff
7fff
7fff
7fff
7fff
7fff
7fff
7fff
7fff
7fff
7fff
7fff
7fff
7fff
7fff
7fff
7fff
7fff
7fff
7fff
7fff
7fff
7fff
7fff
7fff
7fff
7fff
7fff
7fff
7fff
7fff
7fff
7fff
7fff
7fff
7fff
7fff
7fff
7fff
7fff
7fff
7fff
7fff
7fff
7fff
7fff
7fff
7fff
7fff
7fff
7fff
7fff
7fff
7fff
7fff
7fff
7fff
7fff
7fff
7fff
7fff
7fff
7fff
7fff
7fff
7fff
7fff
7fff
7fff
7fff
7fff
7fff
7fff
7fff
7fff
7fff
7fff
7fff
7fff
7fff
7fff
7fff
7fff
7fff
7fff
7fff
7fff
7fff
7fff
7fff
7fff
7fff
7fff
7fff
7fff
7fff
7fff
7fff
7fff
7fff
7fff
7fff
7fff
7fff
7fff
7fff
7fff
7fff
7fff
7fff
7fff
7fff
7fff
7fff
7fff
7fff
7fff
7fff
7fff
7fff
7fff
7fff
7fff
7fff
7fff
7fff
7fff
7fff
7fff
7fff
7fff
7fff
7fff
7fff
7fff
7fff
7fff
7fff
7fff
7fff
7fff
7fff
7fff
7fff
7fff
7fff
7fff
7fff
7fff
7fff
7fff
7fff
7fff
7fff
7fff
7fff
7fff
7fff
7fff
7fff
7fff
7fff
7fff
7fff
7fff
7fff
7fff
7fff
7fff
7fff
7fff
7fff
7fff
7fff
7fff
7fff
7fff
7fff
7fff
7fff
7fff
7fff
7fff
7fff
7fff
7fff
7fff
7fff
7fff
7fff
7fff
7fff
7fff
7fff
7fff
7fff
7fff
7fff
7fff
7fff
7fff
7fff
7fff
7fff
7fff
7fff
7fff
7fff
7fff
7fff
7fff
7fff
7fff
7fff
7fff
7fff
7fff
7fff
7fff
7fff
7fff
7fff
7fff
7fff
7fff
7fff
7fff
7fff
7fff
7fff
7fff
7fff
7fff
7fff
7fff
7fff
7fff
7fff
7fff
7fff
7fff
7fff
7fff
7fff
7fff
7fff
7fff
7fff
7fff
7fff
7fff
7fff
7fff
7fff
7fff
7fff
7fff
7fff
7fff
7fff
7fff
7fff
7fff
7fff
7fff
7fff
7fff
7fff
7fff
7fff
7fff
7fff
7fff
7fff
7fff
7fff
7fff
7fff
7fff
7fff
7fff
7fff
7fff
7fff
7fff
7fff
7fff
7fff
7fff
7fff
7fff
7fff
7fff
7fff
7fff
7fff
7fff
7fff
7fff
7fff
7fff
7fff
7fff
7fff
7fff
7fff
7fff
7fff
7fff
7fff
7fff
7fff
7fff
7fff
7fff
7fff
7fff
7fff
7fff
7fff
7fff
7fff
7fff
7fff
7fff
7fff
7fff
7fff
7fff
7fff
7fff
7fff
7fff
7fff
7fff
7fff
7fff
7fff
7fff
7fff
7fff
7fff
7fff
7fff
7fff
7fff
7fff
7fff
7fff
7fff
7fff
7fff
7fff
7fff
7fff
7fff
7fff
7fff
7fff
7fff
7fff
7fff
7fff
7fff
7fff
7fff
7fff
7fff
7fff
7fff
7fff
7fff
7fff
7fff
7fff
7fff
7fff
7fff
7fff
7fff
7fff
7fff
7fff
7fff
7fff
7fff
7fff
7fff
7fff
7fff
7fff
7fff
7fff
7fff
7fff
7fff
7fff
7fff
7fff
7fff
7fff
7fff
7fff
7fff
7fff
7fff
7fff
7fff
7fff
7fff
7fff
7fff
7fff
7fff
7fff
7fff
7fff
7fff
7fff
7fff
7fff
7fff
7fff
7fff
7fff
7fff
7fff
7fff
7fff
7fff
7fff
7fff
7fff
7fff
7fff
7fff
7fff
7fff
7fff
7fff
7fff
7fff
7fff
7fff
7fff
7fff
7fff
7fff
7fff
7fff
7fff
7fff
7fff
7fff
7fff
7fff
7fff
7fff
7fff
7fff
7fff
7fff
7fff
7fff
7fff
7fff
7fff
7fff
7fff
7fff
7fff
7fff
7fff
7fff
7fff
7fff
7fff
7fff
7fff
7fff
7fff
7fff
7fff
7fff
7fff
7fff
7fff
7fff
7fff
7fff
7fff
7fff
7fff
7fff
7fff
7fff
7fff
7fff
7fff
7fff
7fff
7fff
7fff
7fff
7fff
7fff
7fff
7fff
7fff
7fff
7fff
7fff
7fff
7fff
7fff
7fff
7fff
7fff
7fff
7fff
7fff
7fff
7fff
7fff
7fff
7fff
7fff
7fff
7fff
7fff
7fff
7fff
7fff
7fff
7fff
7fff
7fff
7fff
7fff
7fff
7fff
7fff
7fff
7fff
7fff
7fff
7fff
7fff
7fff
7fff
7fff
7fff
7fff
7fff
7fff
7fff
7fff
7fff
7fff
7fff
7fff
7fff
7fff
7fff
7fff
7fff
7fff
7fff
7fff
7fff
7fff
7fff
7fff
7fff
7fff
7fff
7fff
7fff
7fff
7fff
7fff
7fff
7fff
7fff
7fff
7fff
7fff
7fff
7fff
7fff
7fff
7fff
7fff
7fff
7fff
7fff
7fff
7fff
7fff
7fff
7fff
7fff
7fff
7fff
7fff
7fff
7fff
7fff
7fff
7fff
7fff
7fff
7fff
7fff
7fff
7fff
7fff
7fff
7fff
7fff
7fff
7fff
7fff
7fff
7fff
7fff
7fff
7fff
7fff
7fff
7fff
7fff
7fff
7fff
7fff
7fff
7fff
7fff
7fff
7fff
7fff
7fff
7fff
7fff
7fff
7fff
7fff
7fff
7fff
7fff
7fff
7fff
7fff
7fff
7fff
7fff
7fff
7fff
7fff
7fff
7fff
7fff
7fff
7fff
7fff
7fff
7fff
7fff
7fff
7fff
7fff
7fff
7fff
7fff
7fff
7fff
7fff
7fff
7fff
7fff
7fff
7fff
7fff
7fff
7fff
7fff
7fff
7fff
7fff
7fff
7fff
7fff
7fff
7fff
7fff
7fff
7fff
7fff
7fff
7fff
7fff
7fff
7fff
7fff
7fff
7fff
7fff
7fff
7fff
7fff
7fff
7fff
7fff
7fff
7fff
7fff
7fff
7fff
7fff
7fff
7fff
7fff
7fff
7fff
7fff
7fff
7fff
7fff
7fff
7fff
7fff
7fff
7fff
7fff
7fff
7fff
7fff
7fff
7fff
7fff
7fff
7fff
7fff
7fff
7fff
7fff
7fff
7fff
7fff
7fff
7fff
7fff
7fff
7fff
7fff
7fff
7fff
7fff
7fff
7fff
7fff
7fff
7fff
7fff
7fff
7fff
7fff
7fff
7fff
7fff
7fff
7fff
7fff
7fff
7fff
7fff
7fff
7fff
7fff
7fff
7fff
7fff
7fff
7fff
7fff
7fff
7fff
7fff
7fff
7fff
7fff
7fff
7fff
7fff
7fff
7fff
7fff
7fff
7fff
7fff
7fff
7fff
7fff
7fff
7fff
7fff
7fff
7fff
7fff
7fff
7fff
7fff
7fff
7fff
7fff
7fff
7fff
7fff
7fff
7fff
7fff
7fff
7fff
7fff
7fff
7fff
7fff
7fff
7fff
7fff
7fff
7fff
7fff
7fff
7fff
7fff
7fff
7fff
7fff
7fff
7fff
7fff
7fff
7fff
7fff
7fff
7fff
7fff
7fff
7fff
7fff
7fff
7fff
7fff
7fff
7fff
7fff
7fff
7fff
7fff
7fff
7fff
7fff
7fff
7fff
7fff
7fff
7fff
7fff
7fff
7fff
7fff
7fff
7fff
7fff
7fff
7fff
7fff
7fff
7fff
7fff
7fff
7fff
7fff
7fff
7fff
7fff
7fff
7fff
7fff
7fff
7fff
7fff
7fff
7fff
7fff
7fff
7fff
7fff
7fff
7fff
7fff
7fff
7fff
7fff
7fff
7fff
7fff
7fff
7fff
7fff
7fff
7fff
7fff
7fff
7fff
7fff
7fff
7fff
7fff
7fff
7fff
7fff
7fff
7fff
7fff
7fff
7fff
7fff
7fff
7fff
7fff
7fff
7fff
7fff
7fff
7fff
7fff
7fff
7fff
7fff
7fff
7fff
7fff
7fff
7fff
7fff
7fff
7fff
7fff
7fff
7fff
7fff
7fff
7fff
7fff
7fff
7fff
7fff
7fff
7fff
7fff
7fff
7fff
7fff
7fff
7fff
7fff
7fff
7fff
7fff
7fff
7fff
7fff
7fff
7fff
7fff
7fff
7fff
7fff
7fff
7fff
7fff
7fff
7fff
7fff
7fff
7fff
7fff
7fff
7fff
7fff
7fff
7fff
7fff
7fff
7fff
7fff
7fff
7fff
7fff
7fff
7fff
7fff
7fff
7fff
7fff
7fff
7fff
7fff
7fff
7fff
7fff
7fff
7fff
7fff
7fff
7fff
7fff
7fff
7fff
7fff
7fff
7fff
7fff
7fff
7fff
7fff
7fff
7fff
7fff
7fff
7fff
7fff
7fff
7fff
7fff
7fff
7fff
7fff
7fff
7fff
7fff
7fff
7fff
7fff
7fff
7fff
7fff
7fff
7fff
7fff
7fff
7fff
7fff
7fff
7fff
7fff
7fff
7fff
7fff
7fff
7fff
7fff
7fff
7fff
7fff
7fff
7fff
7fff
7fff
7fff
7fff
7fff
7fff
7fff
7fff
7fff
7fff
7fff
7fff
7fff
7fff
7fff
7fff
7fff
7fff
7fff
7fff
7fff
7fff
7fff
7fff
7fff
7fff
7fff
7fff
7fff
7fff
7fff
7fff
7fff
7fff
7fff
7fff
7fff
7fff
7fff
7fff
7fff
7fff
7fff
7fff
7fff
7fff
7fff
7fff
7fff
7fff
7fff
7fff
7fff
7fff
7fff
7fff
7fff
7fff
7fff
7fff
7fff
7fff
7fff
7fff
7fff
7fff
7fff
7fff
7fff
7fff
7fff
7fff
7fff
7fff
7fff
7fff
7fff
7fff
7fff
7fff
7fff
7fff
7fff
7fff
7fff
7fff
7fff
7fff
7fff
7fff
7fff
7fff
7fff
7fff
7fff
7fff
7fff
7fff
7fff
7fff
7fff
7fff
7fff
7fff
7fff
7fff
7fff
7fff
7fff
7fff
7fff
7fff
7fff
7fff
7fff
7fff
7fff
7fff
7fff
7fff
7fff
7fff
7fff
7fff
7fff
7fff
7fff
7fff
7fff
7fff
7fff
7fff
7fff
7fff
7fff
7fff
7fff
7fff
7fff
7fff
7fff
7fff
7fff
7fff
7fff
7fff
7fff
7fff
7fff
7fff
7fff
7fff
7fff
7fff
7fff
7fff
7fff
7fff
7fff
7fff
7fff
7fff
7fff
7fff
7fff
7fff
7fff
7fff
7fff
7fff
7fff
7fff
7fff
7fff
7fff
7fff
7fff
7fff
7fff
7fff
7fff
7fff
7fff
7fff
7fff
7fff
7fff
7fff
7fff
7fff
7fff
7fff
7fff
7fff
7fff
7fff
7fff
7fff
7fff
7fff
7fff
7fff
7fff
7fff
7fff
7fff
7fff
7fff
7fff
7fff
7fff
7fff
7fff
7fff
7fff
7fff
7fff
7fff
7fff
7fff
7fff
7fff
7fff
7fff
7fff
7fff
7fff
7fff
7fff
7fff
7fff
7fff
7fff
7fff
7fff
7fff
7fff
7fff
7fff
7fff
7fff
7fff
7fff
7fff
7fff
7fff
7fff
7fff
7fff
7fff
7fff
7fff
7fff
7fff
7fff
7fff
7fff
7fff
7fff
7fff
7fff
7fff
7fff
7fff
7fff
7fff
7fff
7fff
7fff
7fff
7fff
7fff
7fff
7fff
7fff
7fff
7fff
7fff
7fff
7fff
7fff
7fff
7fff
7fff
7fff
7fff
7fff
7fff
7fff
7fff
7fff
7fff
7fff
7fff
7fff
7fff
7fff
7fff
7fff
7fff
7fff
7fff
7fff
7fff
7fff
7fff
7fff
7fff
7fff
7fff
7fff
7fff
7fff
7fff
7fff
7fff
7fff
7fff
7fff
7fff
7fff
7fff
7fff
7fff
7fff
7fff
7fff
7fff
7fff
7fff
7fff
7fff
7fff
7fff
7fff
7fff
7fff
7fff
7fff
7fff
7fff
7fff
7fff
7fff
7fff
7fff
7fff
7fff
7fff
7fff
7fff
7fff
7fff
7fff
7fff
7fff
7fff
7fff
7fff
7fff
7fff
7fff
7fff
7fff
7fff
7fff
7fff
7fff
7fff
7fff
7fff
7fff
7fff
7fff
7fff
7fff
7fff
7fff
7fff
7fff
7fff
7fff
7fff
7fff
7fff
7fff
7fff
7fff
7fff
7fff
7fff
7fff
7fff
7fff
7fff
7fff
7fff
7fff
7fff
7fff
7fff
7fff
7fff
7fff
7fff
7fff
7fff
7fff
7fff
7fff
7fff
7fff
7fff
7fff
7fff
7fff
7fff
7fff
7fff
7fff
7fff
7fff
7fff
7fff
7fff
7fff
7fff
7fff
7fff
7fff
7fff
7fff
7fff
7fff
7fff
7fff
7fff
7fff
7fff
7fff
7fff
7fff
7fff
7fff
7fff
7fff
7fff
7fff
7fff
7fff
7fff
7fff
7fff
7fff
7fff
7fff
7fff
7fff
7fff
7fff
7fff
7fff
7fff
7fff
7fff
7fff
7fff
7fff
7fff
7fff
7fff
7fff
7fff
7fff
7fff
7fff
7fff
7fff
7fff
7fff
7fff
7fff
7fff
7fff
7fff
7fff
7fff
7fff
7fff
7fff
7fff
7fff
7fff
7fff
7fff
7fff
7fff
7fff
7fff
7fff
7fff
7fff
7fff
7fff
7fff
7fff
7fff
7fff
7fff
7fff
7fff
7fff
7fff
7fff
7fff
7fff
7fff
7fff
7fff
7fff
7fff
7fff
7fff
7fff
7fff
7fff
7fff
7fff
7fff
7fff
7fff
7fff
7fff
7fff
7fff
7fff
7fff
7fff
7fff
7fff
7fff
7fff
7fff
7fff
7fff
7fff
7fff
7fff
7fff
7fff
7fff
7fff
7fff
7fff
7fff
7fff
7fff
7fff
7fff
7fff
7fff
7fff
7fff
7fff
7fff
7fff
7fff
7fff
7fff
7fff
7fff
7fff
7fff
7fff
7fff
7fff
7fff
7fff
7fff
7fff
7fff
7fff
7fff
7fff
7fff
7fff
7fff
7fff
7fff
7fff
7fff
7fff
7fff
7fff
7fff
7fff
7fff
7fff
7fff
7fff
7fff
7fff
7fff
7fff
7fff
7fff
7fff
7fff
7fff
7fff
7fff
7fff
7fff
7fff
7fff
7fff
7fff
7fff
7fff
7fff
7fff
7fff
7fff
7fff
7fff
7fff
7fff
7fff
7fff
7fff
7fff
7fff
7fff
7fff
7fff
7fff
7fff
7fff
7fff
7fff
7fff
7fff
7fff
7fff
7fff
7fff
7fff
7fff
7fff
7fff
7fff
7fff
7fff
7fff
7fff
7fff
7fff
7fff
7fff
7fff
7fff
7fff
7fff
7fff
7fff
7fff
7fff
7fff
7fff
7fff
7fff
7fff
7fff
7fff
7fff
7fff
7fff
7fff
7fff
7fff
7fff
7fff
7fff
7fff
7fff
7fff
7fff
7fff
7fff
7fff
7fff
7fff
7fff
7fff
7fff
7fff
7fff
7fff
7fff
7fff
7fff
7fff
7fff
7fff
7fff
7fff
7fff
7fff
7fff
7fff
7fff
7fff
7fff
7fff
7fff
7fff
7fff
7fff
7fff
7fff
7fff
7fff
7fff
7fff
7fff
7fff
7fff
7fff
7fff
7fff
7fff
7fff
7fff
7fff
7fff
7fff
7fff
7fff
7fff
7fff
7fff
7fff
7fff
7fff
7fff
7fff
7fff
7fff
7fff
7fff
7fff
7fff
7fff
7fff
7fff
7fff
7fff
7fff
7fff
7fff
7fff
7fff
7fff
7fff
7fff
7fff
7fff
7fff
7fff
7fff
7fff
7fff
7fff
7fff
7fff
7fff
7fff
7fff
7fff
7fff
7fff
7fff
7fff
7fff
7fff
7fff
7fff
7fff
7fff
7fff
7fff
7fff
7fff
7fff
7fff
7fff
7fff
7fff
7fff
7fff
7fff
7fff
7fff
7fff
7fff
7fff
7fff
7fff
7fff
7fff
7fff
7fff
7fff
7fff
7fff
7fff
7fff
7fff
7fff
7fff
7fff
7fff
7fff
7fff
7fff
7fff
7fff
7fff
7fff
7fff
7fff
7fff
7fff
7fff
7fff
7fff
7fff
7fff
7fff
7fff
7fff
7fff
7fff
7fff
7fff
7fff
7fff
7fff
7fff
7fff
7fff
7fff
7fff
7fff
7fff
7fff
7fff
7fff
7fff
7fff
7fff
7fff
7fff
7fff
7fff
7fff
7fff
7fff
7fff
7fff
7fff
7fff
7fff
7fff
7fff
7fff
7fff
7fff
7fff
7fff
7fff
7fff
7fff
7fff
7fff
7fff
7fff
7fff
7fff
7fff
7fff
7fff
7fff
7fff
7fff
7fff
7fff
7fff
7fff
7fff
7fff
7fff
7fff
7fff
7fff
7fff
7fff
7fff
7fff
7fff
7fff
7fff
7fff
7fff
7fff
7fff
7fff
7fff
7fff
7fff
7fff
7fff
7fff
7fff
7fff
7fff
7fff
7fff
7fff
7fff
7fff
7fff
7fff
7fff
7fff
7fff
7fff
7fff
7fff
7fff
7fff
7fff
7fff
7fff
7fff
7fff
7fff
7fff
7fff
7fff
7fff
7fff
7fff
7fff
7fff
7fff
7fff
7fff
7fff
7fff
7fff
7fff
7fff
7fff
7fff
7fff
7fff
7fff
7fff
7fff
7fff
7fff
7fff
7fff
7fff
7fff
7fff
7fff
7fff
7fff
7fff
7fff
7fff
7fff
7fff
7fff
7fff
7fff
7fff
7fff
7fff
7fff
7fff
7fff
7fff
7fff
7fff
7fff
7fff
7fff
7fff
7fff
7fff
7fff
7fff
7fff
7fff
7fff
7fff
7fff
7fff
7fff
7fff
7fff
7fff
7fff
7fff
7fff
7fff
7fff
7fff
7fff
7fff
7fff
7fff
7fff
7fff
7fff
7fff
7fff
7fff
7fff
7fff
7fff
7fff
7fff
7fff
7fff
7fff
7fff
7fff
7fff
7fff
7fff
7fff
7fff
7fff
7fff
7fff
7fff
7fff
7fff
7fff
7fff
7fff
7fff
7fff
7fff
7fff
7fff
7fff
7fff
7fff
7fff
7fff
7fff
7fff
7fff
7fff
7fff
7fff
7fff
7fff
7fff
7fff
7fff
7fff
7fff
7fff
7fff
7fff
7fff
7fff
7fff
7fff
7fff
7fff
7fff
7fff
7fff
7fff
7fff
7fff
7fff
7fff
7fff
7fff
7fff
7fff
7fff
7fff
7fff
7fff
7fff
7fff
7fff
7fff
7fff
7fff
7fff
7fff
7fff
7fff
7fff
7fff
7fff
7fff
7fff
7fff
7fff
7fff
7fff
7fff
7fff
7fff
7fff
7fff
7fff
7fff
7fff
7fff
7fff
7fff
7fff
7fff
7fff
7fff
7fff
7fff
7fff
7fff
7fff
7fff
7fff
7fff
7fff
7fff
7fff
7fff
7fff
7fff
7fff
7fff
7fff
7fff
7fff
7fff
7fff
7fff
7fff
7fff
7fff
7fff
7fff
7fff
7fff
7fff
7fff
7fff
7fff
7fff
7fff
7fff
7fff
7fff
7fff
7fff
7fff
7fff
7fff
7fff
7fff
7fff
7fff
7fff
7fff
7fff
7fff
7fff
7fff
7fff
7fff
7fff
7fff
7fff
7fff
7fff
7fff
7fff
7fff
7fff
7fff
7fff
7fff
7fff
7fff
7fff
7fff
7fff
7fff
7fff
7fff
7fff
7fff
7fff
7fff
7fff
7fff
7fff
7fff
7fff
7fff
7fff
7fff
7fff
7fff
7fff
7fff
7fff
7fff
7fff
7fff
7fff
7fff
7fff
7fff
7fff
7fff
7fff
7fff
7fff
7fff
7fff
7fff
7fff
7fff
7fff
7fff
7fff
7fff
7fff
7fff
7fff
7fff
7fff
7fff
7fff
7fff
7fff
7fff
7fff
7fff
7fff
7fff
7fff
7fff
7fff
7fff
7fff
7fff
7fff
7fff
7fff
7fff
7fff
7fff
7fff
7fff
7fff
7fff
7fff
7fff
7fff
7fff
7fff
7fff
7fff
7fff
7fff
7fff
7fff
7fff
7fff
7fff
7fff
7fff
7fff
7fff
7fff
7fff
7fff
7fff
7fff
7fff
7fff
7fff
7fff
7fff
7fff
7fff
7fff
7fff
7fff
7fff
7fff
7fff
7fff
7fff
7fff
7fff
7fff
7fff
7fff
7fff
7fff
7fff
7fff
7fff
7fff
7fff
7fff
7fff
7fff
7fff
7fff
7fff
7fff
7fff
7fff
7fff
7fff
7fff
7fff
7fff
7fff
7fff
7fff
7fff
7fff
7fff
7fff
7fff
7fff
7fff
7fff
7fff
7fff
7fff
7fff
7fff
7fff
7fff
7fff
7fff
7fff
7fff
7fff
7fff
7fff
7fff
7fff
7fff
7fff
7fff
7fff
7fff
7fff
7fff
7fff
7fff
7fff
7fff
7fff
7fff
7fff
7fff
7fff
7fff
7fff
7fff
7fff
7fff
7fff
7fff
7fff
7fff
7fff
7fff
7fff
7fff
7fff
7fff
7fff
7fff
7fff
7fff
7fff
7fff
7fff
7fff
7fff
7fff
7fff
7fff
7fff
7fff
7fff
7fff
7fff
7fff
7fff
7fff
7fff
7fff
7fff
7fff
7fff
7fff
7fff
7fff
7fff
7fff
7fff
7fff
7fff
7fff
7fff
7fff
7fff
7fff
7fff
7fff
7fff
7fff
7fff
7fff
7fff
7fff
7fff
7fff
7fff
7fff
7fff
7fff
7fff
7fff
7fff
7fff
7fff
7fff
7fff
7fff
7fff
7fff
7fff
7fff
7fff
7fff
7fff
7fff
7fff
7fff
7fff
7fff
7fff
7fff
7fff
7fff
7fff
7fff
7fff
7fff
7fff
7fff
7fff
7fff
7fff
7fff
7fff
7fff
7fff
7fff
7fff
7fff
7fff
7fff
7fff
7fff
7fff
7fff
7fff
7fff
7fff
7fff
7fff
7fff
7fff
7fff
7fff
7fff
7fff
7fff
7fff
7fff
7fff
7fff
7fff
7fff
7fff
7fff
7fff
7fff
7fff
7fff
7fff
7fff
7fff
7fff
7fff
7fff
7fff
7fff
7fff
7fff
7fff
7fff
7fff
7fff
7fff
7fff
7fff
7fff
7fff
7fff
7fff
7fff
7fff
7fff
7fff
7fff
7fff
7fff
7fff
7fff
7fff
7fff
7fff
7fff
7fff
7fff
7fff
7fff
7fff
7fff
7fff
7fff
7fff
7fff
7fff
7fff
7fff
7fff
7fff
7fff
7fff
7fff
7fff
7fff
7fff
7fff
7fff
7fff
7fff
7fff
7fff
7fff
7fff
7fff
7fff
7fff
7fff
7fff
7fff
7fff
7fff
7fff
7fff
7fff
7fff
7fff
7fff
7fff
7fff
7fff
7fff
7fff
7fff
7fff
7fff
7fff
7fff
7fff
7fff
7fff
7fff
7fff
7fff
7fff
7fff
7fff
7fff
7fff
7fff
7fff
7fff
7fff
7fff
7fff
7fff
7fff
7fff
7fff
7fff
7fff
7fff
7fff
7fff
7fff
7fff
7fff
7fff
7fff
7fff
7fff
7fff
7fff
7fff
7fff
7fff
7fff
7fff
7fff
7fff
7fff
7fff
7fff
7fff
7fff
7fff
7fff
7fff
7fff
7fff
7fff
7fff
7fff
7fff
7fff
7fff
7fff
7fff
7fff
7fff
7fff
7fff
7fff
7fff
7fff
7fff
7fff
7fff
7fff
7fff
7fff
7fff
7fff
7fff
7fff
7fff
7fff
7fff
7fff
7fff
7fff
7fff
7fff
7fff
7fff
7fff
7fff
7fff
7fff
7fff
7fff
7fff
7fff
7fff
7fff
7fff
7fff
7fff
7fff
7fff
7fff
7fff
7fff
7fff
7fff
7fff
7fff
7fff
7fff
7fff
7fff
7fff
7fff
7fff
7fff
7fff
7fff
7fff
7fff
7fff
7fff
7fff
7fff
7fff
7fff
7fff
7fff
7fff
7fff
7fff
7fff
7fff
7fff
7fff
7fff
7fff
7fff
7fff
7fff
7fff
7fff
7fff
7fff
7fff
7fff
7fff
7fff
7fff
7fff
7fff
7fff
7fff
7fff
7fff
7fff
7fff
7fff
7fff
7fff
7fff
7fff
7fff
7fff
7fff
7fff
7fff
7fff
7fff
7fff
7fff
7fff
7fff
7fff
7fff
7fff
7fff
7fff
7fff
7fff
7fff
7fff
7fff
7fff
7fff
7fff
7fff
7fff
7fff
7fff
7fff
7fff
7fff
7fff
7fff
7fff
7fff
7fff
7fff
7fff
7fff
7fff
7fff
7fff
7fff
7fff
7fff
7fff
7fff
7fff
7fff
7fff
7fff
7fff
7fff
7fff
7fff
7fff
7fff
7fff
7fff
7fff
7fff
7fff
7fff
7fff
7fff
7fff
7fff
7fff
7fff
7fff
7fff
7fff
7fff
7fff
7fff
7fff
7fff
7fff
7fff
7fff
7fff
7fff
7fff
7fff
7fff
7fff
7fff
7fff
7fff
7fff
7fff
7fff
7fff
7fff
7fff
7fff
7fff
7fff
7fff
7fff
7fff
7fff
7fff
7fff
7fff
7fff
7fff
7fff
7fff
7fff
7fff
7fff
7fff
7fff
7fff
7fff
7fff
7fff
7fff
7fff
7fff
7fff
7fff
7fff
7fff
7fff
7fff
7fff
7fff
7fff
7fff
7fff
7fff
7fff
7fff
7fff
7fff
7fff
7fff
7fff
7fff
7fff
7fff
7fff
7fff
7fff
7fff
7fff
7fff
7fff
7fff
7fff
7fff
7fff
7fff
7fff
7fff
7fff
7fff
7fff
7fff
7fff
7fff
7fff
7fff
7fff
7fff
7fff
7fff
7fff
7fff
7fff
7fff
7fff
7fff
7fff
7fff
7fff
7fff
7fff
7fff
7fff
7fff
7fff
7fff
7fff
7fff
7fff
7fff
7fff
7fff
7fff
7fff
7fff
7fff
7fff
7fff
7fff
7fff
7fff
7fff
7fff
7fff
7fff
7fff
7fff
7fff
7fff
7fff
7fff
7fff
7fff
7fff
7fff
7fff
7fff
7fff
7fff
7fff
7fff
7fff
7fff
7fff
7fff
7fff
7fff
7fff
7fff
7fff
7fff
7fff
7fff
7fff
7fff
7fff
7fff
7fff
7fff
7fff
7fff
7fff
7fff
7fff
7fff
7fff
7fff
7fff
7fff
7fff
7fff
7fff
7fff
7fff
7fff
7fff
7fff
7fff
7fff
7fff
7fff
7fff
7fff
7fff
7fff
7fff
7fff
7fff
7fff
7fff
7fff
7fff
7fff
7fff
7fff
7fff
7fff
7fff
7fff
7fff
7fff
7fff
7fff
7fff
7fff
7fff
7fff
7fff
7fff
7fff
7fff
7fff
7fff
7fff
7fff
7fff
7fff
7fff
7fff
7fff
7fff
7fff
7fff
7fff
7fff
7fff
7fff
7fff
7fff
7fff
7fff
7fff
7fff
7fff
7fff
7fff
7fff
7fff
7fff
7fff
7fff
7fff
7fff
7fff
7fff
7fff
7fff
7fff
7fff
7fff
7fff
7fff
7fff
7fff
7fff
7fff
7fff
7fff
7fff
7fff
7fff
7fff
7fff
7fff
7fff
7fff
7fff
7fff
7fff
7fff
7fff
7fff
7fff
7fff
7fff
7fff
7fff
7fff
7fff
7fff
7fff
7fff
7fff
7fff
7fff
7fff
7fff
7fff
7fff
7fff
7fff
7fff
7fff
7fff
7fff
7fff
7fff
7fff
7fff
7fff
7fff
7fff
7fff
7fff
7fff
7fff
7fff
7fff
7fff
7fff
7fff
7fff
7fff
7fff
7fff
7fff
7fff
7fff
7fff
7fff
7fff
7fff
7fff
7fff
7fff
7fff
7fff
7fff
7fff
7fff
7fff
7fff
7fff
7fff
7fff
7fff
7fff
7fff
7fff
7fff
7fff
7fff
7fff
7fff
7fff
7fff
7fff
7fff
7fff
7fff
7fff
7fff
7fff
7fff
7fff
7fff
7fff
7fff
7fff
7fff
7fff
7fff
7fff
7fff
7fff
7fff
7fff
7fff
7fff
7fff
7fff
7fff
7fff
7fff
7fff
7fff
7fff
7fff
7fff
7fff
7fff
7fff
7fff
7fff
7fff
7fff
7fff
7fff
7fff
7fff
7fff
7fff
7fff
7fff
7fff
7fff
7fff
7fff
7fff
7fff
7fff
7fff
7fff
7fff
7fff
7fff
7fff
7fff
7fff
7fff
7fff
7fff
7fff
7fff
7fff
7fff
7fff
7fff
7fff
7fff
7fff
7fff
7fff
7fff
7fff
7fff
7fff
7fff
7fff
7fff
7fff
7fff
7fff
7fff
7fff
7fff
7fff
7fff
7fff
7fff
7fff
7fff
7fff
7fff
7fff
7fff
7fff
7fff
7fff
7fff
7fff
7fff
7fff
7fff
7fff
7fff
7fff
7fff
7fff
7fff
7fff
7fff
7fff
7fff
7fff
7fff
7fff
7fff
7fff
7fff
7fff
7fff
7fff
7fff
7fff
7fff
7fff
7fff
7fff
7fff
7fff
7fff
7fff
7fff
7fff
7fff
7fff
7fff
7fff
7fff
7fff
7fff
7fff
7fff
7fff
7fff
7fff
7fff
7fff
7fff
7fff
7fff
7fff
7fff
7fff
7fff
7fff
7fff
7fff
7fff
7fff
7fff
7fff
7fff
7fff
7fff
7fff
7fff
7fff
7fff
7fff
7fff
7fff
7fff
7fff
7fff
7fff
7fff
7fff
7fff
7fff
7fff
7fff
7fff
7fff
7fff
7fff
7fff
7fff
7fff
7fff
7fff
7fff
7fff
7fff
7fff
7fff
7fff
7fff
7fff
7fff
7fff
7fff
7fff
7fff
7fff
7fff
7fff
7fff
7fff
7fff
7fff
7fff
7fff
7fff
7fff
7fff
7fff
7fff
7fff
7fff
7fff
7fff
7fff
7fff
7fff
7fff
7fff
7fff
7fff
7fff
7fff
7fff
7fff
7fff
7fff
7fff
7fff
7fff
7fff
7fff
7fff
7fff
7fff
7fff
7fff
7fff
7fff
7fff
7fff
7fff
7fff
7fff
7fff
7fff
7fff
7fff
7fff
7fff
7fff
7fff
7fff
7fff
7fff
7fff
7fff
7fff
7fff
7fff
7fff
7fff
7fff
7fff
7fff
7fff
7fff
7fff
7fff
7fff
7fff
7fff
7fff
7fff
7fff
7fff
7fff
7fff
7fff
7fff
7fff
7fff
7fff
7fff
7fff
7fff
7fff
7fff
7fff
7fff
7fff
7fff
7fff
7fff
7fff
7fff
7fff
7fff
7fff
7fff
7fff
7fff
7fff
7fff
7fff
7fff
7fff
7fff
7fff
7fff
7fff
7fff
7fff
7fff
7fff
7fff
7fff
7fff
7fff
7fff
7fff
7fff
7fff
7fff
7fff
7fff
7fff
7fff
7fff
7fff
7fff
7fff
7fff
7fff
7fff
7fff
7fff
7fff
7fff
7fff
7fff
7fff
7fff
7fff
7fff
7fff
7fff
7fff
7fff
7fff
7fff
7fff
7fff
7fff
7fff
7fff
7fff
7fff
7fff
7fff
7fff
7fff
7fff
7fff
7fff
7fff
7fff
7fff
7fff
7fff
7fff
7fff
7fff
7fff
7fff
7fff
7fff
7fff
7fff
7fff
7fff
7fff
7fff
7fff
7fff
7fff
7fff
7fff
7fff
7fff
7fff
7fff
7fff
7fff
7fff
7fff
7fff
7fff
7fff
7fff
7fff
7fff
7fff
7fff
7fff
7fff
7fff
7fff
7fff
7fff
7fff
7fff
7fff
7fff
7fff
7fff
7fff
7fff
7fff
7fff
7fff
7fff
7fff
7fff
7fff
7fff
7fff
7fff
7fff
7fff
7fff
7fff
7fff
7fff
7fff
7fff
7fff
7fff
7fff
7fff
7fff
7fff
7fff
7fff
7fff
7fff
7fff
7fff
7fff
7fff
7fff
7fff
7fff
7fff
7fff
7fff
7fff
7fff
7fff
7fff
7fff
7fff
7fff
7fff
7fff
7fff
7fff
7fff
7fff
7fff
7fff
7fff
7fff
7fff
7fff
7fff
7fff
7fff
7fff
7fff
7fff
7fff
7fff
7fff
7fff
7fff
7fff
7fff
7fff
7fff
7fff
7fff
7fff
7fff
7fff
7fff
7fff
7fff
7fff
7fff
7fff
7fff
7fff
7fff
7fff
7fff
7fff
7fff
7fff
7fff
7fff
7fff
7fff
7fff
7fff
7fff
7fff
7fff
7fff
7fff
7fff
7fff
7fff
7fff
7fff
7fff
7fff
7fff
7fff
7fff
7fff
7fff
7fff
7fff
7fff
7fff
7fff
7fff
7fff
7fff
7fff
7fff
7fff
7fff
7fff
7fff
7fff
7fff
7fff
7fff
7fff
7fff
7fff
7fff
7fff
7fff
7fff
7fff
7fff
7fff
7fff
7fff
7fff
7fff
7fff
7fff
7fff
7fff
7fff
7fff
7fff
7fff
7fff
7fff
7fff
7fff
7fff
7fff
7fff
7fff
7fff
7fff
7fff
7fff
7fff
7fff
7fff
7fff
7fff
7fff
7fff
7fff
7fff
7fff
7fff
7fff
7fff
7fff
7fff
7fff
7fff
7fff
7fff
7fff
7fff
7fff
7fff
7fff
7fff
7fff
7fff
7fff
7fff
7fff
7fff
7fff
7fff
7fff
7fff
7fff
7fff
7fff
7fff
7fff
7fff
7fff
7fff
7fff
7fff
7fff
7fff
7fff
7fff
7fff
7fff
7fff
7fff
7fff
7fff
7fff
7fff
7fff
7fff
7fff
7fff
7fff
7fff
7fff
7fff
7fff
7fff
7fff
7fff
7fff
7fff
7fff
7fff
7fff
7fff
7fff
7fff
7fff
7fff
7fff
7fff
7fff
7fff
7fff
7fff
7fff
7fff
7fff
7fff
7fff
7fff
7fff
7fff
7fff
7fff
7fff
7fff
7fff
7fff
7fff
7fff
7fff
7fff
7fff
7fff
7fff
7fff
7fff
7fff
7fff
7fff
7fff
7fff
7fff
7fff
7fff
7fff
7fff
7fff
7fff
7fff
7fff
7fff
7fff
7fff
7fff
7fff
7fff
7fff
7fff
7fff
7fff
7fff
7fff
7fff
7fff
7fff
7fff
7fff
7fff
7fff
7fff
7fff
7fff
7fff
7fff
7fff
7fff
7fff
7fff
7fff
7fff
7fff
7fff
7fff
7fff
7fff
7fff
7fff
7fff
7fff
7fff
7fff
7fff
7fff
7fff
7fff
7fff
7fff
7fff
7fff
7fff
7fff
7fff
7fff
7fff
7fff
7fff
7fff
7fff
7fff
7fff
7fff
7fff
7fff
7fff
7fff
7fff
7fff
7fff
7fff
7fff
7fff
7fff
7fff
7fff
7fff
7fff
7fff
7fff
7fff
7fff
7fff
7fff
7fff
7fff
7fff
7fff
7fff
7fff
7fff
7fff
7fff
7fff
7fff
7fff
7fff
7fff
7fff
7fff
7fff
7fff
7fff
7fff
7fff
7fff
7fff
7fff
7fff
7fff
7fff
7fff
7fff
7fff
7fff
7fff
7fff
7fff
7fff
7fff
7fff
7fff
7fff
7fff
7fff
7fff
7fff
7fff
7fff
7fff
7fff
7fff
7fff
7fff
7fff
7fff
7fff
7fff
7fff
7fff
7fff
7fff
7fff
7fff
7fff
7fff
7fff
7fff
7fff
7fff
7fff
7fff
7fff
7fff
7fff
7fff
7fff
7fff
7fff
7fff
7fff
7fff
7fff
7fff
7fff
7fff
7fff
7fff
7fff
7fff
7fff
7fff
7fff
7fff
7fff
7fff
7fff
7fff
7fff
7fff
7fff
7fff
7fff
7fff
7fff
7fff
7fff
7fff
7fff
7fff
7fff
7fff
7fff
7fff
7fff
7fff
7fff
7fff
7fff
7fff
7fff
7fff
7fff
7fff
7fff
7fff
7fff
7fff
7fff
7fff
7fff
7fff
7fff
7fff
7fff
7fff
7fff
7fff
7fff
7fff
7fff
7fff
7fff
7fff
7fff
7fff
7fff
7fff
7fff
7fff
7fff
7fff
7fff
7fff
7fff
7fff
7fff
7fff
7fff
7fff
7fff
7fff
7fff
7fff
7fff
7fff
7fff
7fff
7fff
7fff
7fff
7fff
7fff
7fff
7fff
7fff
7fff
7fff
7fff
7fff
7fff
7fff
7fff
7fff
7fff
7fff
7fff
7fff
7fff
7fff
7fff
7fff
7fff
7fff
7fff
7fff
7fff
7fff
7fff
7fff
7fff
7fff
7fff
7fff
7fff
7fff
7fff
7fff
7fff
7fff
7fff
7fff
7fff
7fff
7fff
7fff
7fff
7fff
7fff
7fff
7fff
7fff
7fff
7fff
7fff
7fff
7fff
7fff
7fff
7fff
7fff
7fff
7fff
7fff
7fff
7fff
7fff
7fff
7fff
7fff
7fff
7fff
7fff
7fff
7fff
7fff
7fff
7fff
7fff
7fff
7fff
7fff
7fff
7fff
7fff
7fff
7fff
7fff
7fff
7fff
7fff
7fff
7fff
7fff
7fff
7fff
7fff
7fff
7fff
7fff
7fff
7fff
7fff
7fff
7fff
7fff
7fff
7fff
7fff
7fff
7fff
7fff
7fff
7fff
7fff
7fff
7fff
7fff
7fff
7fff
7fff
7fff
7fff
7fff
7fff
7fff
7fff
7fff
7fff
7fff
7fff
7fff
7fff
7fff
7fff
7fff
7fff
7fff
7fff
7fff
7fff
7fff
7fff
7fff
7fff
7fff
7fff
7fff
7fff
7fff
7fff
7fff
7fff
7fff
7fff
7fff
7fff
7fff
7fff
7fff
7fff
7fff
7fff
7fff
7fff
7fff
7fff
7fff
7fff
7fff
7fff
7fff
7fff
7fff
7fff
7fff
7fff
7fff
7fff
7fff
7fff
7fff
7fff
7fff
7fff
7fff
7fff
7fff
7fff
7fff
7fff
7fff
7fff
7fff
7fff
7fff
7fff
7fff
7fff
7fff
7fff
7fff
7fff
7fff
7fff
7fff
7fff
7fff
7fff
7fff
7fff
7fff
7fff
7fff
7fff
7fff
7fff
7fff
7fff
7fff
7fff
7fff
7fff
7fff
7fff
7fff
7fff
7fff
7fff
7fff
7fff
7fff
7fff
7fff
7fff
7fff
7fff
7fff
7fff
7fff
7fff
7fff
7fff
7fff
7fff
7fff
7fff
7fff
7fff
7fff
7fff
7fff
7fff
7fff
7fff
7fff
7fff
7fff
7fff
7fff
7fff
7fff
7fff
7fff
7fff
7fff
7fff
7fff
7fff
7fff
7fff
7fff
7fff
7fff
7fff
7fff
7fff
7fff
7fff
7fff
7fff
7fff
7fff
7fff
7fff
7fff
7fff
7fff
7fff
7fff
7fff
7fff
7fff
7fff
7fff
7fff
7fff
7fff
7fff
7fff
7fff
7fff
7fff
7fff
7fff
7fff
7fff
7fff
7fff
7fff
7fff
7fff
7fff
7fff
7fff
7fff
7fff
7fff
7fff
7fff
7fff
7fff
7fff
7fff
7fff
7fff
7fff
7fff
7fff
7fff
7fff
7fff
7fff
7fff
7fff
7fff
7fff
7fff
7fff
7fff
7fff
7fff
7fff
7fff
7fff
7fff
7fff
7fff
7fff
7fff
7fff
7fff
7fff
7fff
7fff
7fff
7fff
7fff
7fff
7fff
7fff
7fff
7fff
7fff
7fff
7fff
7fff
7fff
7fff
7fff
7fff
7fff
7fff
7fff
7fff
7fff
7fff
7fff
7fff
7fff
7fff
7fff
7fff
7fff
7fff
7fff
7fff
7fff
7fff
7fff
7fff
7fff
7fff
7fff
7fff
7fff
7fff
7fff
7fff
7fff
7fff
7fff
7fff
7fff
7fff
7fff
7fff
7fff
7fff
7fff
7fff
7fff
7fff
7fff
7fff
7fff
7fff
7fff
7fff
7fff
7fff
7fff
7fff
7fff
7fff
7fff
7fff
7fff
7fff
7fff
7fff
7fff
7fff
7fff
7fff
7fff
7fff
7fff
7fff
7fff
7fff
7fff
7fff
7fff
7fff
7fff
7fff
7fff
7fff
7fff
7fff
7fff
7fff
7fff
7fff
7fff
7fff
7fff
7fff
7fff
7fff
7fff
7fff
7fff
7fff
7fff
7fff
7fff
7fff
7fff
7fff
7fff
7fff
7fff
7fff
7fff
7fff
7fff
7fff
7fff
7fff
7fff
7fff
7fff
7fff
7fff
7fff
7fff
7fff
7fff
7fff
7fff
7fff
7fff
7fff
7fff
7fff
7fff
7fff
7fff
7fff
7fff
7fff
7fff
7fff
7fff
7fff
7fff
7fff
7fff
7fff
7fff
7fff
7fff
7fff
7fff
7fff
7fff
7fff
7fff
7fff
7fff
7fff
7fff
7fff
7fff
7fff
7fff
7fff
7fff
7fff
7fff
7fff
7fff
7fff
7fff
7fff
7fff
7fff
7fff
7fff
7fff
7fff
7fff
7fff
7fff
7fff
7fff
7fff
7fff
7fff
7fff
7fff
7fff
7fff
7fff
7fff
7fff
7fff
7fff
7fff
7fff
7fff
7fff
7fff
7fff
7fff
7fff
7fff
7fff
7fff
7fff
7fff
7fff
7fff
7fff
7fff
7fff
7fff
7fff
7fff
7fff
7fff
7fff
7fff
7fff
7fff
7fff
7fff
7fff
7fff
7fff
7fff
7fff
7fff
7fff
7fff
7fff
7fff
7fff
7fff
7fff
7fff
7fff
7fff
7fff
7fff
7fff
7fff
7fff
7fff
7fff
7fff
7fff
7fff
7fff
7fff
7fff
7fff
7fff
7fff
7fff
7fff
7fff
7fff
7fff
7fff
7fff
7fff
7fff
7fff
7fff
7fff
7fff
7fff
7fff
7fff
7fff
7fff
7fff
7fff
7fff
7fff
7fff
7fff
7fff
7fff
7fff
7fff
7fff
7fff
7fff
7fff
7fff
7fff
7fff
7fff
7fff
7fff
7fff
7fff
7fff
7fff
7fff
7fff
7fff
7fff
7fff
7fff
7fff
7fff
7fff
7fff
7fff
7fff
7fff
7fff
7fff
7fff
7fff
7fff
7fff
7fff
7fff
7fff
7fff
7fff
7fff
7fff
7fff
7fff
7fff
7fff
7fff
7fff
7fff
7fff
7fff
7fff
7fff
7fff
7fff
7fff
7fff
7fff
7fff
7fff
7fff
7fff
7fff
7fff
7fff
7fff
7fff
7fff
7fff
7fff
7fff
7fff
7fff
7fff
7fff
7fff
7fff
7fff
7fff
7fff
7fff
7fff
7fff
7fff
7fff
7fff
7fff
7fff
7fff
7fff
7fff
7fff
7fff
7fff
7fff
7fff
7fff
7fff
7fff
7fff
7fff
7fff
7fff
7fff
7fff
7fff
7fff
7fff
7fff
7fff
7fff
7fff
7fff
7fff
7fff
7fff
7fff
7fff
7fff
7fff
7fff
7fff
7fff
7fff
7fff
7fff
7fff
7fff
7fff
7fff
7fff
7fff
7fff
7fff
7fff
7fff
7fff
7fff
7fff
7fff
7fff
7fff
7fff
7fff
7fff
7fff
7fff
7fff
7fff
7fff
7fff
7fff
7fff
7fff
7fff
7fff
7fff
7fff
7fff
7fff
7fff
7fff
7fff
7fff
7fff
7fff
7fff
7fff
7fff
7fff
7fff
7fff
7fff
7fff
7fff
7fff
7fff
7fff
7fff
7fff
7fff
7fff
7fff
7fff
7fff
7fff
7fff
7fff
7fff
7fff
7fff
7fff
7fff
7fff
7fff
7fff
7fff
7fff
7fff
7fff
7fff
7fff
7fff
7fff
7fff
7fff
7fff
7fff
7fff
7fff
7fff
7fff
7fff
7fff
7fff
7fff
7fff
7fff
7fff
7fff
7fff
7fff
7fff
7fff
7fff
7fff
7fff
7fff
7fff
7fff
7fff
7fff
7fff
7fff
7fff
7fff
7fff
7fff
7fff
7fff
7fff
7fff
7fff
7fff
7fff
7fff
7fff
7fff
7fff
7fff
7fff
7fff
7fff
7fff
7fff
7fff
7fff
7fff
7fff
7fff
7fff
7fff
7fff
7fff
7fff
7fff
7fff
7fff
7fff
7fff
7fff
7fff
7fff
7fff
7fff
7fff
7fff
7fff
7fff
7fff
7fff
7fff
7fff
7fff
7fff
7fff
7fff
7fff
7fff
7fff
7fff
7fff
7fff
7fff
7fff
7fff
7fff
7fff
7fff
7fff
7fff
7fff
7fff
7fff
7fff
7fff
7fff
7fff
7fff
7fff
7fff
7fff
7fff
7fff
7fff
7fff
7fff
7fff
7fff
7fff
7fff
7fff
7fff
7fff
7fff
7fff
7fff
7fff
7fff
7fff
7fff
7fff
7fff
7fff
7fff
7fff
7fff
7fff
7fff
7fff
7fff
7fff
7fff
7fff
7fff
7fff
7fff
7fff
7fff
7fff
7fff
7fff
7fff
7fff
7fff
7fff
7fff
7fff
7fff
7fff
7fff
7fff
7fff
7fff
7fff
7fff
7fff
7fff
7fff
7fff
7fff
7fff
7fff
7fff
7fff
7fff
7fff
7fff
7fff
7fff
7fff
7fff
7fff
7fff
7fff
7fff
7fff
7fff
7fff
7fff
7fff
7fff
7fff
7fff
7fff
7fff
7fff
7fff
7fff
7fff
7fff
7fff
7fff
7fff
7fff
7fff
7fff
7fff
7fff
7fff
7fff
7fff
7fff
7fff
7fff
7fff
7fff
7fff
7fff
7fff
7fff
7fff
7fff
7fff
7fff
7fff
7fff
7fff
7fff
7fff
7fff
7fff
7fff
7fff
7fff
7fff
7fff
7fff
7fff
7fff
7fff
7fff
7fff
7fff
7fff
7fff
7fff
7fff
7fff
7fff
7fff
7fff
7fff
7fff
7fff
7fff
7fff
7fff
7fff
7fff
7fff
7fff
7fff
7fff
7fff
7fff
7fff
7fff
7fff
7fff
7fff
7fff
7fff
7fff
7fff
7fff
7fff
7fff
7fff
7fff
7fff
7fff
7fff
7fff
7fff
7fff
7fff
7fff
7fff
7fff
7fff
7fff
7fff
7fff
7fff
7fff
7fff
7fff
7fff
7fff
7fff
7fff
7fff
7fff
7fff
7fff
7fff
7fff
7fff
7fff
7fff
7fff
7fff
7fff
7fff
7fff
7fff
7fff
7fff
7fff
7fff
7fff
7fff
7fff
7fff
7fff
7fff
7fff
7fff
7fff
7fff
7fff
7fff
7fff
7fff
7fff
7fff
7fff
7fff
7fff
7fff
7fff
7fff
7fff
7fff
7fff
7fff
7fff
7fff
7fff
7fff
7fff
7fff
7fff
7fff
7fff
7fff
7fff
7fff
7fff
7fff
7fff
7fff
7fff
7fff
7fff
7fff
7fff
7fff
7fff
7fff
7fff
7fff
7fff
7fff
7fff
7fff
7fff
7fff
7fff
7fff
7fff
7fff
7fff
7fff
7fff
7fff
7fff
7fff
7fff
7fff
7fff
7fff
7fff
7fff
7fff
7fff
7fff
7fff
7fff
7fff
7fff
7fff
7fff
7fff
7fff
7fff
7fff
7fff
7fff
7fff
7fff
7fff
7fff
7fff
7fff
7fff
7fff
7fff
7fff
7fff
7fff
7fff
7fff
7fff
7fff
7fff
7fff
7fff
7fff
7fff
7fff
7fff
7fff
7fff
7fff
7fff
7fff
7fff
7fff
7fff
7fff
7fff
7fff
7fff
7fff
7fff
7fff
7fff
7fff
7fff
7fff
7fff
7fff
7fff
7fff
7fff
7fff
7fff
7fff
7fff
7fff
7fff
7fff
7fff
7fff
7fff
7fff
7fff
7fff
7fff
7fff
7fff
7fff
7fff
7fff
7fff
7fff
7fff
7fff
7fff
7fff
7fff
7fff
7fff
7fff
7fff
7fff
7fff
7fff
7fff
7fff
7fff
7fff
7fff
7fff
7fff
7fff
7fff
7fff
7fff
7fff
7fff
7fff
7fff
7fff
7fff
7fff
7fff
7fff
7fff
7fff
7fff
7fff
7fff
7fff
7fff
7fff
7fff
7fff
7fff
7fff
7fff
7fff
7fff
7fff
7fff
7fff
7fff
7fff
7fff
7fff
7fff
7fff
7fff
7fff
7fff
7fff
7fff
7fff
7fff
7fff
7fff
7fff
7fff
7fff
7fff
7fff
7fff
7fff
7fff
7fff
7fff
7fff
7fff
7fff
7fff
7fff
7fff
7fff
7fff
7fff
7fff
7fff
7fff
7fff
7fff
7fff
7fff
7fff
7fff
7fff
7fff
7fff
7fff
7fff
7fff
7fff
7fff
7fff
7fff
7fff
7fff
7fff
7fff
7fff
7fff
7fff
7fff
7fff
7fff
7fff
7fff
7fff
7fff
7fff
7fff
7fff
7fff
7fff
7fff
7fff
7fff
7fff
7fff
7fff
7fff
7fff
7fff
7fff
7fff
7fff
7fff
7fff
7fff
7fff
7fff
7fff
7fff
7fff
7fff
7fff
7fff
7fff
7fff
7fff
7fff
7fff
7fff
7fff
7fff
7fff
7fff
7fff
7fff
7fff
7fff
7fff
7fff
7fff
7fff
7fff
7fff
7fff
7fff
7fff
7fff
7fff
7fff
7fff
7fff
7fff
7fff
7fff
7fff
7fff
7fff
7fff
7fff
7fff
7fff
7fff
7fff
7fff
7fff
7fff
7fff
7fff
7fff
7fff
7fff
7fff
7fff
7fff
7fff
7fff
7fff
7fff
7fff
7fff
7fff
7fff
7fff
7fff
7fff
7fff
7fff
7fff
7fff
7fff
7fff
7fff
7fff
7fff
7fff
7fff
7fff
7fff
7fff
7fff
7fff
7fff
7fff
7fff
7fff
7fff
7fff
7fff
7fff
7fff
7fff
7fff
7fff
7fff
7fff
7fff
7fff
7fff
7fff
7fff
7fff
7fff
7fff
7fff
7fff
7fff
7fff
7fff
7fff
7fff
7fff
7fff
7fff
7fff
7fff
7fff
7fff
7fff
7fff
7fff
7fff
7fff
7fff
7fff
7fff
7fff
7fff
7fff
7fff
7fff
7fff
7fff
7fff
7fff
7fff
7fff
7fff
7fff
7fff
7fff
7fff
7fff
7fff
7fff
7fff
7fff
7fff
7fff
7fff
7fff
7fff
7fff
7fff
7fff
7fff
7fff
7fff
7fff
7fff
7fff
7fff
7fff
7fff
7fff
7fff
7fff
7fff
7fff
7fff
7fff
7fff
7fff
7fff
7fff
7fff
7fff
7fff
7fff
7fff
7fff
7fff
7fff
7fff
7fff
7fff
7fff
7fff
7fff
7fff
7fff
7fff
7fff
7fff
7fff
7fff
7fff
7fff
7fff
7fff
7fff
7fff
7fff
7fff
7fff
7fff
7fff
7fff
7fff
7fff
7fff
7fff
7fff
7fff
7fff
7fff
7fff
7fff
7fff
7fff
7fff
7fff
7fff
7fff
7fff
7fff
7fff
7fff
7fff
7fff
7fff
7fff
7fff
7fff
7fff
7fff
7fff
7fff
7fff
7fff
7fff
7fff
7fff
7fff
7fff
7fff
7fff
7fff
7fff
7fff
7fff
7fff
7fff
7fff
7fff
7fff
7fff
7fff
7fff
7fff
7fff
7fff
7fff
7fff
7fff
7fff
7fff
7fff
7fff
7fff
7fff
7fff
7fff
7fff
7fff
7fff
7fff
7fff
7fff
7fff
7fff
7fff
7fff
7fff
7fff
7fff
7fff
7fff
7fff
7fff
7fff
7fff
7fff
7fff
7fff
7fff
7fff
7fff
7fff
7fff
7fff
7fff
7fff
7fff
7fff
7fff
7fff
7fff
7fff
7fff
7fff
7fff
7fff
7fff
7fff
7fff
7fff
7fff
7fff
7fff
7fff
7fff
7fff
7fff
7fff
7fff
7fff
7fff
7fff
7fff
7fff
7fff
7fff
7fff
7fff
7fff
7fff
7fff
7fff
7fff
7fff
7fff
7fff
7fff
7fff
7fff
7fff
7fff
7fff
7fff
7fff
7fff
7fff
7fff
7fff
7fff
7fff
7fff
7fff
7fff
7fff
7fff
7fff
7fff
7fff
7fff
7fff
7fff
7fff
7fff
7fff
7fff
7fff
7fff
7fff
7fff
7fff
7fff
7fff
7fff
7fff
7fff
7fff
7fff
7fff
7fff
7fff
7fff
7fff
7fff
7fff
7fff
7fff
7fff
7fff
7fff
7fff
7fff
7fff
7fff
7fff
7fff
7fff
7fff
7fff
7fff
7fff
7fff
7fff
7fff
7fff
7fff
7fff
7fff
7fff
7fff
7fff
7fff
7fff
7fff
7fff
7fff
7fff
7fff
7fff
7fff
7fff
7fff
7fff
7fff
7fff
7fff
7fff
7fff
7fff
7fff
7fff
7fff
7fff
7fff
7fff
7fff
7fff
7fff
7fff
7fff
7fff
7fff
7fff
7fff
7fff
7fff
7fff
7fff
7fff
7fff
7fff
7fff
7fff
7fff
7fff
7fff
7fff
7fff
7fff
7fff
7fff
7fff
7fff
7fff
7fff
7fff
7fff
7fff
7fff
7fff
7fff
7fff
7fff
7fff
7fff
7fff
7fff
7fff
7fff
7fff
7fff
7fff
7fff
7fff
7fff
7fff
7fff
7fff
7fff
7fff
7fff
7fff
7fff
7fff
7fff
7fff
7fff
7fff
7fff
7fff
7fff
7fff
7fff
7fff
7fff
7fff
7fff
7fff
7fff
7fff
7fff
7fff
7fff
7fff
7fff
7fff
7fff
7fff
7fff
7fff
7fff
7fff
7fff
7fff
7fff
7fff
7fff
7fff
7fff
7fff
7fff
7fff
7fff
7fff
7fff
7fff
7fff
7fff
7fff
7fff
7fff
7fff
7fff
7fff
7fff
7fff
7fff
7fff
7fff
7fff
7fff
7fff
7fff
7fff
7fff
7fff
7fff
7fff
7fff
7fff
7fff
7fff
7fff
7fff
7fff
7fff
7fff
7fff
7fff
7fff
7fff
7fff
7fff
7fff
7fff
7fff
7fff
7fff
7fff
7fff
7fff
7fff
7fff
7fff
7fff
7fff
7fff
7fff
7fff
7fff
7fff
7fff
7fff
7fff
7fff
7fff
7fff
7fff
7fff
7fff
7fff
7fff
7fff
7fff
7fff
7fff
7fff
7fff
7fff
7fff
7fff
7fff
7fff
7fff
7fff
7fff
7fff
7fff
7fff
7fff
7fff
7fff
7fff
7fff
7fff
7fff
7fff
7fff
7fff
7fff
7fff
7fff
7fff
7fff
7fff
7fff
7fff
7fff
7fff
7fff
7fff
7fff
7fff
7fff
7fff
7fff
7fff
7fff
7fff
7fff
7fff
7fff
7fff
7fff
7fff
7fff
7fff
7fff
7fff
7fff
7fff
7fff
7fff
7fff
7fff
7fff
7fff
7fff
7fff
7fff
7fff
7fff
7fff
7fff
7fff
7fff
7fff
7fff
7fff
7fff
7fff
7fff
7fff
7fff
7fff
7fff
7fff
7fff
7fff
7fff
7fff
7fff
7fff
7fff
7fff
7fff
7fff
7fff
7fff
7fff
7fff
7fff
7fff
7fff
7fff
7fff
7fff
7fff
7fff
7fff
7fff
7fff
7fff
7fff
7fff
7fff
7fff
7fff
7fff
7fff
7fff
7fff
7fff
7fff
7fff
7fff
7fff
7fff
7fff
7fff
7fff
7fff
7fff
7fff
7fff
7fff
7fff
7fff
7fff
7fff
7fff
7fff
7fff
7fff
7fff
7fff
7fff
7fff
7fff
7fff
7fff
7fff
7fff
7fff
7fff
7fff
7fff
7fff
7fff
7fff
7fff
7fff
7fff
7fff
7fff
7fff
7fff
7fff
7fff
7fff
7fff
7fff
7fff
7fff
7fff
7fff
7fff
7fff
7fff
7fff
7fff
7fff
7fff
7fff
7fff
7fff
7fff
7fff
7fff
7fff
7fff
7fff
7fff
7fff
7fff
7fff
7fff
7fff
7fff
7fff
7fff
7fff
7fff
7fff
7fff
7fff
7fff
7fff
7fff
7fff
7fff
7fff
7fff
7fff
7fff
7fff
7fff
7fff
7fff
7fff
7fff
7fff
7fff
7fff
7fff
7fff
7fff
7fff
7fff
7fff
7fff
7fff
7fff
7fff
7fff
7fff
7fff
7fff
7fff
7fff
7fff
7fff
7fff
7fff
7fff
7fff
7fff
7fff
7fff
7fff
7fff
7fff
7fff
7fff
7fff
7fff
7fff
7fff
7fff
7fff
7fff
7fff
7fff
7fff
7fff
7fff
7fff
7fff
7fff
7fff
7fff
7fff
7fff
7fff
7fff
7fff
7fff
7fff
7fff
7fff
7fff
7fff
7fff
7fff
7fff
7fff
7fff
7fff
7fff
7fff
7fff
7fff
7fff
7fff
7fff
7fff
7fff
7fff
7fff
7fff
7fff
7fff
7fff
7fff
7fff
7fff
7fff
7fff
7fff
7fff
7fff
7fff
7fff
7fff
7fff
7fff
7fff
7fff
7fff
7fff
7fff
7fff
7fff
7fff
7fff
7fff
7fff
7fff
7fff
7fff
7fff
7fff
7fff
7fff
7fff
7fff
7fff
7fff
7fff
7fff
7fff
7fff
7fff
7fff
7fff
7fff
7fff
7fff
7fff
7fff
7fff
7fff
7fff
7fff
7fff
7fff
7fff
7fff
7fff
7fff
7fff
7fff
7fff
7fff
7fff
7fff
7fff
7fff
7fff
7fff
7fff
7fff
7fff
7fff
7fff
7fff
7fff
7fff
7fff
7fff
7fff
7fff
7fff
7fff
7fff
7fff
7fff
7fff
7fff
7fff
7fff
7fff
7fff
7fff
7fff
7fff
7fff
7fff
7fff
7fff
7fff
7fff
7fff
7fff
7fff
7fff
7fff
7fff
7fff
7fff
7fff
7fff
7fff
7fff
7fff
7fff
7fff
7fff
7fff
7fff
7fff
7fff
7fff
7fff
7fff
7fff
7fff
7fff
7fff
7fff
7fff
7fff
7fff
7fff
7fff
7fff
7fff
7fff
7fff
7fff
7fff
7fff
7fff
7fff
7fff
7fff
7fff
7fff
7fff
7fff
7fff
7fff
7fff
7fff
7fff
7fff
7fff
7fff
7fff
7fff
7fff
7fff
7fff
7fff
7fff
7fff
7fff
7fff
7fff
7fff
7fff
7fff
7fff
7fff
7fff
7fff
7fff
7fff
7fff
7fff
7fff
7fff
7fff
7fff
7fff
7fff
7fff
7fff
7fff
7fff
7fff
7fff
7fff
7fff
7fff
7fff
7fff
7fff
7fff
7fff
7fff
7fff
7fff
7fff
7fff
7fff
7fff
7fff
7fff
7fff
7fff
7fff
7fff
7fff
7fff
7fff
7fff
7fff
7fff
7fff
7fff
7fff
7fff
7fff
7fff
7fff
7fff
7fff
7fff
7fff
7fff
7fff
7fff
7fff
7fff
7fff
7fff
7fff
7fff
7fff
7fff
7fff
7fff
7fff
7fff
7fff
7fff
7fff
7fff
7fff
7fff
7fff
7fff
7fff
7fff
7fff
7fff
7fff
7fff
7fff
7fff
7fff
7fff
7fff
7fff
7fff
7fff
7fff
7fff
7fff
7fff
7fff
7fff
7fff
7fff
7fff
7fff
7fff
7fff
7fff
7fff
7fff
7fff
7fff
7fff
7fff
7fff
7fff
7fff
7fff
7fff
7fff
7fff
7fff
7fff
7fff
7fff
7fff
7fff
7fff
7fff
7fff
7fff
7fff
7fff
7fff
7fff
7fff
7fff
7fff
7fff
7fff
7fff
7fff
7fff
7fff
7fff
7fff
7fff
7fff
7fff
7fff
7fff
7fff
7fff
7fff
7fff
7fff
7fff
7fff
7fff
7fff
7fff
7fff
7fff
7fff
7fff
7fff
7fff
7fff
7fff
7fff
7fff
7fff
7fff
7fff
7fff
7fff
7fff
7fff
7fff
7fff
7fff
7fff
7fff
7fff
7fff
7fff
7fff
7fff
7fff
7fff
7fff
7fff
7fff
7fff
7fff
7fff
7fff
7fff
7fff
7fff
7fff
7fff
7fff
7fff
7fff
7fff
7fff
7fff
7fff
7fff
7fff
7fff
7fff
7fff
7fff
7fff
7fff
7fff
7fff
7fff
7fff
7fff
7fff
7fff
7fff
7fff
7fff
7fff
7fff
7fff
7fff
7fff
7fff
7fff
7fff
7fff
7fff
7fff
7fff
7fff
7fff
7fff
7fff
7fff
7fff
7fff
7fff
7fff
7fff
7fff
7fff
7fff
7fff
7fff
7fff
7fff
7fff
7fff
7fff
7fff
7fff
7fff
7fff
7fff
7fff
7fff
7fff
7fff
7fff
7fff
7fff
7fff
7fff
7fff
7fff
7fff
7fff
7fff
7fff
7fff
7fff
7fff
7fff
7fff
7fff
7fff
7fff
7fff
7fff
7fff
7fff
7fff
7fff
7fff
7fff
7fff
7fff
7fff
7fff
7fff
7fff
7fff
7fff
7fff
7fff
7fff
7fff
7fff
7fff
7fff
7fff
7fff
7fff
7fff
7fff
7fff
7fff
7fff
7fff
7fff
7fff
7fff
7fff
7fff
7fff
7fff
7fff
7fff
7fff
7fff
7fff
7fff
7fff
7fff
7fff
7fff
7fff
7fff
7fff
7fff
7fff
7fff
7fff
7fff
7fff
7fff
7fff
7fff
7fff
7fff
7fff
7fff
7fff
7fff
7fff
7fff
7fff
7fff
7fff
7fff
7fff
7fff
7fff
7fff
7fff
7fff
7fff
7fff
7fff
7fff
7fff
7fff
7fff
7fff
7fff
7fff
7fff
7fff
7fff
7fff
7fff
7fff
7fff
7fff
7fff
7fff
7fff
7fff
7fff
7fff
7fff
7fff
7fff
7fff
7fff
7fff
7fff
7fff
7fff
7fff
7fff
7fff
7fff
7fff
7fff
7fff
7fff
7fff
7fff
7fff
7fff
7fff
7fff
7fff
7fff
7fff
7fff
7fff
7fff
7fff
7fff
7fff
7fff
7fff
7fff
7fff
7fff
7fff
7fff
7fff
7fff
7fff
7fff
7fff
7fff
7fff
7fff
7fff
7fff
7fff
7fff
7fff
7fff
7fff
7fff
7fff
7fff
7fff
7fff
7fff
7fff
7fff
7fff
7fff
7fff
7fff
7fff
7fff
7fff
7fff
7fff
7fff
7fff
7fff
7fff
7fff
7fff
7fff
7fff
7fff
7fff
7fff
7fff
7fff
7fff
7fff
7fff
7fff
7fff
7fff
7fff
7fff
7fff
7fff
7fff
7fff
7fff
7fff
7fff
7fff
7fff
7fff
7fff
7fff
7fff
7fff
7fff
7fff
7fff
7fff
7fff
7fff
7fff
7fff
7fff
7fff
7fff
7fff
7fff
7fff
7fff
7fff
7fff
7fff
7fff
7fff
7fff
7fff
7fff
7fff
7fff
7fff
7fff
7fff
7fff
7fff
7fff
7fff
7fff
7fff
7fff
7fff
7fff
7fff
7fff
7fff
7fff
7fff
7fff
7fff
7fff
7fff
7fff
7fff
7fff
7fff
7fff
7fff
7fff
7fff
7fff
7fff
7fff
7fff
7fff
7fff
7fff
7fff
7fff
7fff
7fff
7fff
7fff
7fff
7fff
7fff
7fff
7fff
7fff
7fff
7fff
7fff
7fff
7fff
7fff
7fff
7fff
7fff
7fff
7fff
7fff
7fff
7fff
7fff
7fff
7fff
7fff
7fff
7fff
7fff
7fff
7fff
7fff
7fff
7fff
7fff
7fff
7fff
7fff
7fff
7fff
7fff
7fff
7fff
7fff
7fff
7fff
7fff
7fff
7fff
7fff
7fff
7fff
7fff
7fff
7fff
7fff
7fff
7fff
7fff
7fff
7fff
7fff
7fff
7fff
7fff
7fff
7fff
7fff
7fff
7fff
7fff
7fff
7fff
7fff
7fff
7fff
7fff
7fff
7fff
7fff
7fff
7fff
7fff
7fff
7fff
7fff
7fff
7fff
7fff
7fff
7fff
7fff
7fff
7fff
7fff
7fff
7fff
7fff
7fff
7fff
7fff
7fff
7fff
7fff
7fff
7fff
7fff
7fff
7fff
7fff
7fff
7fff
7fff
7fff
7fff
7fff
7fff
7fff
7fff
7fff
7fff
7fff
7fff
7fff
7fff
7fff
7fff
7fff
7fff
7fff
7fff
7fff
7fff
7fff
7fff
7fff
7fff
7fff
7fff
7fff
7fff
7fff
7fff
7fff
7fff
7fff
7fff
7fff
7fff
7fff
7fff
7fff
7fff
7fff
7fff
7fff
7fff
7fff
7fff
7fff
7fff
7fff
7fff
7fff
7fff
7fff
7fff
7fff
7fff
7fff
7fff
7fff
7fff
7fff
7fff
7fff
7fff
7fff
7fff
7fff
7fff
7fff
7fff
7fff
7fff
7fff
7fff
7fff
7fff
7fff
7fff
7fff
7fff
7fff
7fff
7fff
7fff
7fff
7fff
7fff
7fff
7fff
7fff
7fff
7fff
7fff
7fff
7fff
7fff
7fff
7fff
7fff
7fff
7fff
7fff
7fff
7fff
7fff
7fff
7fff
7fff
7fff
7fff
7fff
7fff
7fff
7fff
7fff
7fff
7fff
7fff
7fff
7fff
7fff
7fff
7fff
7fff
7fff
7fff
7fff
7fff
7fff
7fff
7fff
7fff
7fff
7fff
7fff
7fff
7fff
7fff
7fff
7fff
7fff
7fff
7fff
7fff
7fff
7fff
7fff
7fff
7fff
7fff
7fff
7fff
7fff
7fff
7fff
7fff
7fff
7fff
7fff
7fff
7fff
7fff
7fff
7fff
7fff
7fff
7fff
7fff
7fff
7fff
7fff
7fff
7fff
7fff
7fff
7fff
7fff
7fff
7fff
7fff
7fff
7fff
7fff
7fff
7fff
7fff
7fff
7fff
7fff
7fff
7fff
7fff
7fff
7fff
7fff
7fff
7fff
7fff
7fff
7fff
7fff
7fff
7fff
7fff
7fff
7fff
7fff
7fff
7fff
7fff
7fff
7fff
7fff
7fff
7fff
7fff
7fff
7fff
7fff
7fff
7fff
7fff
7fff
7fff
7fff
7fff
7fff
7fff
7fff
7fff
7fff
7fff
7fff
7fff
7fff
7fff
7fff
7fff
7fff
7fff
7fff
7fff
7fff
7fff
7fff
7fff
7fff
7fff
7fff
7fff
7fff
7fff
7fff
7fff
7fff
7fff
7fff
7fff
7fff
7fff
7fff
7fff
7fff
7fff
7fff
7fff
7fff
7fff
7fff
7fff
7fff
7fff
7fff
7fff
7fff
7fff
7fff
7fff
7fff
7fff
7fff
7fff
7fff
7fff
7fff
7fff
7fff
7fff
7fff
7fff
7fff
7fff
7fff
7fff
7fff
7fff
7fff
7fff
7fff
7fff
7fff
7fff
7fff
7fff
7fff
7fff
7fff
7fff
7fff
7fff
7fff
7fff
7fff
7fff
7fff
7fff
7fff
7fff
7fff
7fff
7fff
7fff
7fff
7fff
7fff
7fff
7fff
7fff
7fff
7fff
7fff
7fff
7fff
7fff
7fff
7fff
7fff
7fff
7fff
7fff
7fff
7fff
7fff
7fff
7fff
7fff
7fff
7fff
7fff
7fff
7fff
7fff
7fff
7fff
7fff
7fff
7fff
7fff
7fff
7fff
7fff
7fff
7fff
7fff
7fff
7fff
7fff
7fff
7fff
7fff
7fff
7fff
7fff
7fff
7fff
7fff
7fff
7fff
7fff
7fff
7fff
7fff
7fff
7fff
7fff
7fff
7fff
7fff
7fff
7fff
7fff
7fff
7fff
7fff
7fff
7fff
7fff
7fff
7fff
7fff
7fff
7fff
7fff
7fff
7fff
7fff
7fff
7fff
7fff
7fff
7fff
7fff
7fff
7fff
7fff
7fff
7fff
7fff
7fff
7fff
7fff
7fff
7fff
7fff
7fff
7fff
7fff
7fff
7fff
7fff
7fff
7fff
7fff
7fff
7fff
7fff
7fff
7fff
7fff
7fff
7fff
7fff
7fff
7fff
7fff
7fff
7fff
7fff
7fff
7fff
7fff
7fff
7fff
7fff
7fff
7fff
7fff
7fff
7fff
7fff
7fff
7fff
7fff
7fff
7fff
7fff
7fff
7fff
7fff
7fff
7fff
7fff
7fff
7fff
7fff
7fff
7fff
7fff
7fff
7fff
7fff
7fff
7fff
7fff
7fff
7fff
7fff
7fff
7fff
7fff
7fff
7fff
7fff
7fff
7fff
7fff
7fff
7fff
7fff
7fff
7fff
7fff
7fff
7fff
7fff
7fff
7fff
7fff
7fff
7fff
7fff
7fff
7fff
7fff
7fff
7fff
7fff
7fff
7fff
7fff
7fff
7fff
7fff
7fff
7fff
7fff
7fff
7fff
7fff
7fff
7fff
7fff
7fff
7fff
7fff
7fff
7fff
7fff
7fff
7fff
7fff
7fff
7fff
7fff
7fff
7fff
7fff
7fff
7fff
7fff
7fff
7fff
7fff
7fff
7fff
7fff
7fff
7fff
7fff
7fff
7fff
7fff
7fff
7fff
7fff
7fff
7fff
7fff
7fff
7fff
7fff
7fff
7fff
7fff
7fff
7fff
7fff
7fff
7fff
7fff
7fff
7fff
7fff
7fff
7fff
7fff
7fff
7fff
7fff
7fff
7fff
7fff
7fff
7fff
7fff
7fff
7fff
7fff
7fff
7fff
7fff
7fff
7fff
7fff
7fff
7fff
7fff
7fff
7fff
7fff
7fff
7fff
7fff
7fff
7fff
7fff
7fff
7fff
7fff
7fff
7fff
7fff
7fff
7fff
7fff
7fff
7fff
7fff
7fff
7fff
7fff
7fff
7fff
7fff
7fff
7fff
7fff
7fff
7fff
7fff
7fff
7fff
7fff
7fff
7fff
7fff
7fff
7fff
7fff
7fff
7fff
7fff
7fff
7fff
7fff
7fff
7fff
7fff
7fff
7fff
7fff
7fff
7fff
7fff
7fff
7fff
7fff
7fff
7fff
7fff
7fff
7fff
7fff
7fff
7fff
7fff
7fff
7fff
7fff
7fff
7fff
7fff
7fff
7fff
7fff
7fff
7fff
7fff
7fff
7fff
7fff
7fff
7fff
7fff
7fff
7fff
7fff
7fff
7fff
7fff
7fff
7fff
7fff
7fff
7fff
7fff
7fff
7fff
7fff
7fff
7fff
7fff
7fff
7fff
7fff
7fff
7fff
7fff
7fff
7fff
7fff
7fff
7fff
7fff
7fff
7fff
7fff
7fff
7fff
7fff
7fff
7fff
7fff
7fff
7fff
7fff
7fff
7fff
7fff
7fff
7fff
7fff
7fff
7fff
7fff
7fff
7fff
7fff
7fff
7fff
7fff
7fff
7fff
7fff
7fff
7fff
7fff
7fff
7fff
7fff
7fff
7fff
7fff
7fff
7fff
7fff
7fff
7fff
7fff
7fff
7fff
7fff
7fff
7fff
7fff
7fff
7fff
7fff
7fff
7fff
7fff
7fff
7fff
7fff
7fff
7fff
7fff
7fff
7fff
7fff
7fff
7fff
7fff
7fff
7fff
7fff
7fff
7fff
7fff
7fff
7fff
7fff
7fff
7fff
7fff
7fff
7fff
7fff
7fff
7fff
7fff
7fff
7fff
7fff
7fff
7fff
7fff
7fff
7fff
7fff
7fff
7fff
7fff
7fff
7fff
7fff
7fff
7fff
7fff
7fff
7fff
7fff
7fff
7fff
7fff
7fff
7fff
7fff
7fff
7fff
7fff
7fff
7fff
7fff
7fff
7fff
7fff
7fff
7fff
7fff
7fff
7fff
7fff
7fff
7fff
7fff
7fff
7fff
7fff
7fff
7fff
7fff
7fff
7fff
7fff
7fff
7fff
7fff
7fff
7fff
7fff
7fff
7fff
7fff
7fff
7fff
7fff
7fff
7fff
7fff
7fff
7fff
7fff
7fff
7fff
7fff
7fff
7fff
7fff
7fff
7fff
7fff
7fff
7fff
7fff
7fff
7fff
7fff
7fff
7fff
7fff
7fff
7fff
7fff
7fff
7fff
7fff
7fff
7fff
7fff
7fff
7fff
7fff
7fff
7fff
7fff
7fff
7fff
7fff
7fff
7fff
7fff
7fff
7fff
7fff
7fff
7fff
7fff
7fff
7fff
7fff
7fff
7fff
7fff
7fff
7fff
7fff
7fff
7fff
7fff
7fff
7fff
7fff
7fff
7fff
7fff
7fff
7fff
7fff
7fff
7fff
7fff
7fff
7fff
7fff
7fff
7fff
7fff
7fff
7fff
7fff
7fff
7fff
7fff
7fff
7fff
7fff
7fff
7fff
7fff
7fff
7fff
7fff
7fff
7fff
7fff
7fff
7fff
7fff
7fff
7fff
7fff
7fff
7fff
7fff
7fff
7fff
7fff
7fff
7fff
7fff
7fff
7fff
7fff
7fff
7fff
7fff
7fff
7fff
7fff
7fff
7fff
7fff
7fff
7fff
7fff
7fff
7fff
7fff
7fff
7fff
7fff
7fff
7fff
7fff
7fff
7fff
7fff
7fff
7fff
7fff
7fff
7fff
7fff
7fff
7fff
7fff
7fff
7fff
7fff
7fff
7fff
7fff
7fff
7fff
7fff
7fff
7fff
7fff
7fff
7fff
7fff
7fff
7fff
7fff
7fff
7fff
7fff
7fff
7fff
7fff
7fff
7fff
7fff
7fff
7fff
7fff
7fff
7fff
7fff
7fff
7fff
7fff
7fff
7fff
7fff
7fff
7fff
7fff
7fff
7fff
7fff
7fff
7fff
7fff
7fff
7fff
7fff
7fff
7fff
7fff
7fff
7fff
7fff
7fff
7fff
7fff
7fff
7fff
7fff
7fff
7fff
7fff
7fff
7fff
7fff
7fff
7fff
7fff
7fff
7fff
7fff
7fff
7fff
7fff
7fff
7fff
7fff
7fff
7fff
7fff
7fff
7fff
7fff
7fff
7fff
7fff
7fff
7fff
7fff
7fff
7fff
7fff
7fff
7fff
7fff
7fff
7fff
7fff
7fff
7fff
7fff
7fff
7fff
7fff
7fff
7fff
7fff
7fff
7fff
7fff
7fff
7fff
7fff
7fff
7fff
7fff
7fff
7fff
7fff
7fff
7fff
7fff
7fff
7fff
7fff
7fff
7fff
7fff
7fff
7fff
7fff
7fff
7fff
7fff
7fff
7fff
7fff
7fff
7fff
7fff
7fff
7fff
7fff
7fff
7fff
7fff
7fff
7fff
7fff
7fff
7fff
7fff
7fff
7fff
7fff
7fff
7fff
7fff
7fff
7fff
7fff
7fff
7fff
7fff
7fff
7fff
7fff
7fff
7fff
7fff
7fff
7fff
7fff
7fff
7fff
7fff
7fff
7fff
7fff
7fff
7fff
7fff
7fff
7fff
7fff
7fff
7fff
7fff
7fff
7fff
7fff
7fff
7fff
7fff
7fff
7fff
7fff
7fff
7fff
7fff
7fff
7fff
7fff
7fff
7fff
7fff
7fff
7fff
7fff
7fff
7fff
7fff
7fff
7fff
7fff
7fff
7fff
7fff
7fff
7fff
7fff
7fff
7fff
7fff
7fff
7fff
7fff
7fff
7fff
7fff
7fff
7fff
7fff
7fff
7fff
7fff
7fff
7fff
7fff
7fff
7fff
7fff
7fff
7fff
7fff
7fff
7fff
7fff
7fff
7fff
7fff
7fff
7fff
7fff
7fff
7fff
7fff
7fff
7fff
7fff
7fff
7fff
7fff
7fff
7fff
7fff
7fff
7fff
7fff
7fff
7fff
7fff
7fff
7fff
7fff
7fff
7fff
7fff
7fff
7fff
7fff
7fff
7fff
7fff
7fff
7fff
7fff
7fff
7fff
7fff
7fff
7fff
7fff
7fff
7fff
7fff
7fff
7fff
7fff
7fff
7fff
7fff
7fff
7fff
7fff
7fff
7fff
7fff
7fff
7fff
7fff
7fff
7fff
7fff
7fff
7fff
7fff
7fff
7fff
7fff
7fff
7fff
7fff
7fff
7fff
7fff
7fff
7fff
7fff
7fff
7fff
7fff
7fff
7fff
7fff
7fff
7fff
7fff
7fff
7fff
7fff
7fff
7fff
7fff
7fff
7fff
7fff
7fff
7fff
7fff
7fff
7fff
7fff
7fff
7fff
7fff
7fff
7fff
7fff
7fff
7fff
7fff
7fff
7fff
7fff
7fff
7fff
7fff
7fff
7fff
7fff
7fff
7fff
7fff
7fff
7fff
7fff
7fff
7fff
7fff
7fff
7fff
7fff
7fff
7fff
7fff
7fff
7fff
7fff
7fff
7fff
7fff
7fff
7fff
7fff
7fff
7fff
7fff
7fff
7fff
7fff
7fff
7fff
7fff
7fff
7fff
7fff
7fff
7fff
7fff
7fff
7fff
7fff
7fff
7fff
7fff
7fff
7fff
7fff
7fff
7fff
7fff
7fff
7fff
7fff
7fff
7fff
7fff
7fff
7fff
7fff
7fff
7fff
7fff
7fff
7fff
7fff
7fff
7fff
7fff
7fff
7fff
7fff
7fff
7fff
7fff
7fff
7fff
7fff
7fff
7fff
7fff
7fff
7fff
7fff
7fff
7fff
7fff
7fff
7fff
7fff
7fff
7fff
7fff
7fff
7fff
7fff
7fff
7fff
7fff
7fff
7fff
7fff
7fff
7fff
7fff
7fff
7fff
7fff
7fff
7fff
7fff
7fff
7fff
7fff
7fff
7fff
7fff
7fff
7fff
7fff
7fff
7fff
7fff
7fff
7fff
7fff
7fff
7fff
7fff
7fff
7fff
7fff
7fff
7fff
7fff
7fff
7fff
7fff
7fff
7fff
7fff
7fff
7fff
7fff
7fff
7fff
7fff
7fff
7fff
7fff
7fff
7fff
7fff
7fff
7fff
7fff
7fff
7fff
7fff
7fff
7fff
7fff
7fff
7fff
7fff
7fff
7fff
7fff
7fff
7fff
7fff
7fff
7fff
7fff
7fff
7fff
7fff
7fff
7fff
7fff
7fff
7fff
7fff
7fff
7fff
7fff
7fff
7fff
7fff
7fff
7fff
7fff
7fff
7fff
7fff
7fff
7fff
7fff
7fff
7fff
7fff
7fff
7fff
7fff
7fff
7fff
7fff
7fff
7fff
7fff
7fff
7fff
7fff
7fff
7fff
7fff
7fff
7fff
7fff
7fff
7fff
7fff
7fff
7fff
7fff
7fff
7fff
7fff
7fff
7fff
7fff
7fff
7fff
7fff
7fff
7fff
7fff
7fff
7fff
7fff
7fff
7fff
7fff
7fff
7fff
7fff
7fff
7fff
7fff
7fff
7fff
7fff
7fff
7fff
7fff
7fff
7fff
7fff
7fff
7fff
7fff
7fff
7fff
7fff
7fff
7fff
7fff
7fff
7fff
7fff
7fff
7fff
7fff
7fff
7fff
7fff
7fff
7fff
7fff
7fff
7fff
7fff
7fff
7fff
7fff
7fff
7fff
7fff
7fff
7fff
7fff
7fff
7fff
7fff
7fff
7fff
7fff
7fff
7fff
7fff
7fff
7fff
7fff
7fff
7fff
7fff
7fff
7fff
7fff
7fff
7fff
7fff
7fff
7fff
7fff
7fff
7fff
7fff
7fff
7fff
7fff
7fff
7fff
7fff
7fff
7fff
7fff
7fff
7fff
7fff
7fff
7fff
7fff
7fff
7fff
7fff
7fff
7fff
7fff
7fff
7fff
7fff
7fff
7fff
7fff
7fff
7fff
7fff
7fff
7fff
7fff
7fff
7fff
7fff
7fff
7fff
7fff
7fff
7fff
7fff
7fff
7fff
7fff
7fff
7fff
7fff
7fff
7fff
7fff
7fff
7fff
7fff
7fff
7fff
7fff
7fff
7fff
7fff
7fff
7fff
7fff
7fff
7fff
7fff
7fff
7fff
7fff
7fff
7fff
7fff
7fff
7fff
7fff
7fff
7fff
7fff
7fff
7fff
7fff
7fff
7fff
7fff
7fff
7fff
7fff
7fff
7fff
7fff
7fff
7fff
7fff
7fff
7fff
7fff
7fff
7fff
7fff
7fff
7fff
7fff
7fff
7fff
7fff
7fff
7fff
7fff
7fff
7fff
7fff
7fff
7fff
7fff
7fff
7fff
7fff
7fff
7fff
7fff
7fff
7fff
7fff
7fff
7fff
7fff
7fff
7fff
7fff
7fff
7fff
7fff
7fff
7fff
7fff
7fff
7fff
7fff
7fff
7fff
7fff
7fff
7fff
7fff
7fff
7fff
7fff
7fff
7fff
7fff
7fff
7fff
7fff
7fff
7fff
7fff
7fff
7fff
7fff
7fff
7fff
7fff
7fff
7fff
7fff
7fff
7fff
7fff
7fff
7fff
7fff
7fff
7fff
7fff
7fff
7fff
7fff
7fff
7fff
7fff
7fff
7fff
7fff
7fff
7fff
7fff
7fff
7fff
7fff
7fff
7fff
7fff
7fff
7fff
7fff
7fff
7fff
7fff
7fff
7fff
7fff
7fff
7fff
7fff
7fff
7fff
7fff
7fff
7fff
7fff
7fff
7fff
7fff
7fff
7fff
7fff
7fff
7fff
7fff
7fff
7fff
7fff
7fff
7fff
7fff
7fff
7fff
7fff
7fff
7fff
7fff
7fff
7fff
7fff
7fff
7fff
7fff
7fff
7fff
7fff
7fff
7fff
7fff
7fff
7fff
7fff
7fff
7fff
7fff
7fff
7fff
7fff
7fff
7fff
7fff
7fff
7fff
7fff
7fff
7fff
7fff
7fff
7fff
7fff
7fff
7fff
7fff
7fff
7fff
7fff
7fff
7fff
7fff
7fff
7fff
7fff
7fff
7fff
7fff
7fff
7fff
7fff
7fff
7fff
7fff
7fff
7fff
7fff
7fff
7fff
7fff
7fff
7fff
7fff
7fff
7fff
7fff
7fff
7fff
7fff
7fff
7fff
7fff
7fff
7fff
7fff
7fff
7fff
7fff
7fff
7fff
7fff
7fff
7fff
7fff
7fff
7fff
7fff
7fff
7fff
7fff
7fff
7fff
7fff
7fff
7fff
7fff
7fff
7fff
7fff
7fff
7fff
7fff
7fff
7fff
7fff
7fff
7fff
7fff
7fff
7fff
7fff
7fff
7fff
7fff
7fff
7fff
7fff
7fff
7fff
7fff
7fff
7fff
7fff
7fff
7fff
7fff
7fff
7fff
7fff
7fff
7fff
7fff
7fff
7fff
7fff
7fff
7fff
7fff
7fff
7fff
7fff
7fff
7fff
7fff
7fff
7fff
7fff
7fff
7fff
7fff
7fff
7fff
7fff
7fff
7fff
7fff
7fff
7fff
7fff
7fff
7fff
7fff
7fff
7fff
7fff
7fff
7fff
7fff
7fff
7fff
7fff
7fff
7fff
7fff
7fff
7fff
7fff
7fff
7fff
7fff
7fff
7fff
7fff
7fff
7fff
7fff
7fff
7fff
7fff
7fff
7fff
7fff
7fff
7fff
7fff
7fff
7fff
7fff
7fff
7fff
7fff
7fff
7fff
7fff
7fff
7fff
7fff
7fff
7fff
7fff
7fff
7fff
7fff
7fff
7fff
7fff
7fff
7fff
7fff
7fff
7fff
7fff
7fff
7fff
7fff
7fff
7fff
7fff
7fff
7fff
7fff
7fff
7fff
7fff
7fff
7fff
7fff
7fff
7fff
7fff
7fff
7fff
7fff
7fff
7fff
7fff
7fff
7fff
7fff
7fff
7fff
7fff
7fff
7fff
7fff
7fff
7fff
7fff
7fff
7fff
7fff
7fff
7fff
7fff
7fff
7fff
7fff
7fff
7fff
7fff
7fff
7fff
7fff
7fff
7fff
7fff
7fff
7fff
7fff
7fff
7fff
7fff
7fff
7fff
7fff
7fff
7fff
7fff
7fff
7fff
7fff
7fff
7fff
7fff
7fff
7fff
7fff
7fff
7fff
7fff
7fff
7fff
7fff
7fff
7fff
7fff
7fff
7fff
7fff
7fff
7fff
7fff
7fff
7fff
7fff
7fff
7fff
7fff
7fff
7fff
7fff
7fff
7fff
7fff
7fff
7fff
7fff
7fff
7fff
7fff
7fff
7fff
7fff
7fff
7fff
7fff
7fff
7fff
7fff
7fff
7fff
7fff
7fff
7fff
7fff
7fff
7fff
7fff
7fff
7fff
7fff
7fff
7fff
7fff
7fff
7fff
7fff
7fff
7fff
7fff
7fff
7fff
7fff
7fff
7fff
7fff
7fff
7fff
7fff
7fff
7fff
7fff
7fff
7fff
7fff
7fff
7fff
7fff
7fff
7fff
7fff
7fff
7fff
7fff
7fff
7fff
7fff
7fff
7fff
7fff
7fff
7fff
7fff
7fff
7fff
7fff
7fff
7fff
7fff
7fff
7fff
7fff
7fff
7fff
7fff
7fff
7fff
7fff
7fff
7fff
7fff
7fff
7fff
7fff
7fff
7fff
7fff
7fff
7fff
7fff
7fff
7fff
7fff
7fff
7fff
7fff
7fff
7fff
7fff
7fff
7fff
7fff
7fff
7fff
7fff
7fff
7fff
7fff
7fff
7fff
7fff
7fff
7fff
7fff
7fff
7fff
7fff
7fff
7fff
7fff
7fff
7fff
7fff
7fff
7fff
7fff
7fff
7fff
7fff
7fff
7fff
7fff
7fff
7fff
7fff
7fff
7fff
7fff
7fff
7fff
7fff
7fff
7fff
7fff
7fff
7fff
7fff
7fff
7fff
7fff
7fff
7fff
7fff
7fff
7fff
7fff
7fff
7fff
7fff
7fff
7fff
7fff
7fff
7fff
7fff
7fff
7fff
7fff
7fff
7fff
7fff
7fff
7fff
7fff
7fff
7fff
7fff
7fff
7fff
7fff
7fff
7fff
7fff
7fff
7fff
7fff
7fff
7fff
7fff
7fff
7fff
7fff
7fff
7fff
7fff
7fff
7fff
7fff
7fff
7fff
7fff
7fff
7fff
7fff
7fff
7fff
7fff
7fff
7fff
7fff
7fff
7fff
7fff
7fff
7fff
7fff
7fff
7fff
7fff
7fff
7fff
7fff
7fff
7fff
7fff
7fff
7fff
7fff
7fff
7fff
7fff
7fff
7fff
7fff
7fff
7fff
7fff
7fff
7fff
7fff
7fff
7fff
7fff
7fff
7fff
7fff
7fff
7fff
7fff
7fff
7fff
7fff
7fff
7fff
7fff
7fff
7fff
7fff
7fff
7fff
7fff
7fff
7fff
7fff
7fff
7fff
7fff
7fff
7fff
7fff
7fff
7fff
7fff
7fff
7fff
7fff
7fff
7fff
7fff
7fff
7fff
7fff
7fff
7fff
7fff
7fff
7fff
7fff
7fff
7fff
7fff
7fff
7fff
7fff
7fff
7fff
7fff
7fff
7fff
7fff
7fff
7fff
7fff
7fff
7fff
7fff
7fff
7fff
7fff
7fff
7fff
7fff
7fff
7fff
7fff
7fff
7fff
7fff
7fff
7fff
7fff
7fff
7fff
7fff
7fff
7fff
7fff
7fff
7fff
7fff
7fff
7fff
7fff
7fff
7fff
7fff
7fff
7fff
7fff
7fff
7fff
7fff
7fff
7fff
7fff
7fff
7fff
7fff
7fff
7fff
7fff
7fff
7fff
7fff
7fff
7fff
7fff
7fff
7fff
7fff
7fff
7fff
7fff
7fff
7fff
7fff
7fff
7fff
7fff
7fff
7fff
7fff
7fff
7fff
7fff
7fff
7fff
7fff
7fff
7fff
7fff
7fff
7fff
7fff
7fff
7fff
7fff
7fff
7fff
7fff
7fff
7fff
7fff
7fff
7fff
7fff
7fff
7fff
7fff
7fff
7fff
7fff
7fff
7fff
7fff
7fff
7fff
7fff
7fff
7fff
7fff
7fff
7fff
7fff
7fff
7fff
7fff
7fff
7fff
7fff
7fff
7fff
7fff
7fff
7fff
7fff
7fff
7fff
7fff
7fff
7fff
7fff
7fff
7fff
7fff
7fff
7fff
7fff
7fff
7fff
7fff
7fff
7fff
7fff
7fff
7fff
7fff
7fff
7fff
7fff
7fff
7fff
7fff
7fff
7fff
7fff
7fff
7fff
7fff
7fff
7fff
7fff
7fff
7fff
7fff
7fff
7fff
7fff
7fff
7fff
7fff
7fff
7fff
7fff
7fff
7fff
7fff
7fff
7fff
7fff
7fff
7fff
7fff
7fff
7fff
7fff
7fff
7fff
7fff
7fff
7fff
7fff
7fff
7fff
7fff
7fff
7fff
7fff
7fff
7fff
7fff
7fff
7fff
7fff
7fff
7fff
7fff
7fff
7fff
7fff
7fff
7fff
7fff
7fff
7fff
7fff
7fff
7fff
7fff
7fff
7fff
7fff
7fff
7fff
7fff
7fff
7fff
7fff
7fff
7fff
7fff
7fff
7fff
7fff
7fff
7fff
7fff
7fff
7fff
7fff
7fff
7fff
7fff
7fff
7fff
7fff
7fff
7fff
7fff
7fff
7fff
7fff
7fff
7fff
7fff
7fff
7fff
7fff
7fff
7fff
7fff
7fff
7fff
7fff
7fff
7fff
7fff
7fff
7fff
7fff
7fff
7fff
7fff
7fff
7fff
7fff
7fff
7fff
7fff
7fff
7fff
7fff
7fff
7fff
7fff
7fff
7fff
7fff
7fff
7fff
7fff
7fff
7fff
7fff
7fff
7fff
7fff
7fff
7fff
7fff
7fff
7fff
7fff
7fff
7fff
7fff
7fff
7fff
7fff
7fff
7fff
7fff
7fff
7fff
7fff
7fff
7fff
7fff
7fff
7fff
7fff
7fff
7fff
7fff
7fff
7fff
7fff
7fff
7fff
7fff
7fff
7fff
7fff
7fff
7fff
7fff
7fff
7fff
7fff
7fff
7fff
7fff
7fff
7fff
7fff
7fff
7fff
7fff
7fff
7fff
7fff
7fff
7fff
7fff
7fff
7fff
7fff
7fff
7fff
7fff
7fff
7fff
7fff
7fff
7fff
7fff
7fff
7fff
7fff
7fff
7fff
7fff
7fff
7fff
7fff
7fff
7fff
7fff
7fff
7fff
7fff
7fff
7fff
7fff
7fff
7fff
7fff
7fff
7fff
7fff
7fff
7fff
7fff
7fff
7fff
7fff
7fff
7fff
7fff
7fff
7fff
7fff
7fff
7fff
7fff
7fff
7fff
7fff
7fff
7fff
7fff
7fff
7fff
7fff
7fff
7fff
7fff
7fff
7fff
7fff
7fff
7fff
7fff
7fff
7fff
7fff
7fff
7fff
7fff
7fff
7fff
7fff
7fff
7fff
7fff
7fff
7fff
7fff
7fff
7fff
7fff
7fff
7fff
7fff
7fff
7fff
7fff
7fff
7fff
7fff
7fff
7fff
7fff
7fff
7fff
7fff
7fff
7fff
7fff
7fff
7fff
7fff
7fff
7fff
7fff
7fff
7fff
7fff
7fff
7fff
7fff
7fff
7fff
7fff
7fff
7fff
7fff
7fff
7fff
7fff
7fff
7fff
7fff
7fff
7fff
7fff
7fff
7fff
7fff
7fff
7fff
7fff
7fff
7fff
7fff
7fff
7fff
7fff
7fff
7fff
7fff
7fff
7fff
7fff
7fff
7fff
7fff
7fff
7fff
7fff
7fff
7fff
7fff
7fff
7fff
7fff
7fff
7fff
7fff
7fff
7fff
7fff
7fff
7fff
7fff
7fff
7fff
7fff
7fff
7fff
7fff
7fff
7fff
7fff
7fff
7fff
7fff
7fff
7fff
7fff
7fff
7fff
7fff
7fff
7fff
7fff
7fff
7fff
7fff
7fff
7fff
7fff
7fff
7fff
7fff
7fff
7fff
7fff
7fff
7fff
7fff
7fff
7fff
7fff
7fff
7fff
7fff
7fff
7fff
7fff
7fff
7fff
7fff
7fff
7fff
7fff
7fff
7fff
7fff
7fff
7fff
7fff
7fff
7fff
7fff
7fff
7fff
7fff
7fff
7fff
7fff
7fff
7fff
7fff
7fff
7fff
7fff
7fff
7fff
7fff
7fff
7fff
7fff
7fff
7fff
7fff
7fff
7fff
7fff
7fff
7fff
7fff
7fff
7fff
7fff
7fff
7fff
7fff
7fff
7fff
7fff
7fff
7fff
7fff
7fff
7fff
7fff
7fff
7fff
7fff
7fff
7fff
7fff
7fff
7fff
7fff
7fff
7fff
7fff
7fff
7fff
7fff
7fff
7fff
7fff
7fff
7fff
7fff
7fff
7fff
7fff
7fff
7fff
7fff
7fff
7fff
7fff
7fff
7fff
7fff
7fff
7fff
7fff
7fff
7fff
7fff
7fff
7fff
7fff
7fff
7fff
7fff
7fff
7fff
7fff
7fff
7fff
7fff
7fff
7fff
7fff
7fff
7fff
7fff
7fff
7fff
7fff
7fff
7fff
7fff
7fff
7fff
7fff
7fff
7fff
7fff
7fff
7fff
7fff
7fff
7fff
7fff
7fff
7fff
7fff
7fff
7fff
7fff
7fff
7fff
7fff
7fff
7fff
7fff
7fff
7fff
7fff
7fff
7fff
7fff
7fff
7fff
7fff
7fff
7fff
7fff
7fff
7fff
7fff
7fff
7fff
7fff
7fff
7fff
7fff
7fff
7fff
7fff
7fff
7fff
7fff
7fff
7fff
7fff
7fff
7fff
7fff
7fff
7fff
7fff
7fff
7fff
7fff
7fff
7fff
7fff
7fff
7fff
7fff
7fff
7fff
7fff
7fff
7fff
7fff
7fff
7fff
7fff
7fff
7fff
7fff
7fff
7fff
7fff
7fff
7fff
7fff
7fff
7fff
7fff
7fff
7fff
7fff
7fff
7fff
7fff
7fff
7fff
7fff
7fff
7fff
7fff
7fff
7fff
7fff
7fff
7fff
7fff
7fff
7fff
7fff
7fff
7fff
7fff
7fff
7fff
7fff
7fff
7fff
7fff
7fff
7fff
7fff
7fff
7fff
7fff
7fff
7fff
7fff
7fff
7fff
7fff
7fff
7fff
7fff
7fff
7fff
7fff
7fff
7fff
7fff
7fff
7fff
7fff
7fff
7fff
7fff
7fff
7fff
7fff
7fff
7fff
7fff
7fff
7fff
7fff
7fff
7fff
7fff
7fff
7fff
7fff
7fff
7fff
7fff
7fff
7fff
7fff
7fff
7fff
7fff
7fff
7fff
7fff
7fff
7fff
7fff
7fff
7fff
7fff
7fff
7fff
7fff
7fff
7fff
7fff
7fff
7fff
7fff
7fff
7fff
7fff
7fff
7fff
7fff
7fff
7fff
7fff
7fff
7fff
7fff
7fff
7fff
7fff
7fff
7fff
7fff
7fff
7fff
7fff
7fff
7fff
7fff
7fff
7fff
7fff
7fff
7fff
7fff
7fff
7fff
7fff
7fff
7fff
7fff
7fff
7fff
7fff
7fff
7fff
7fff
7fff
7fff
7fff
7fff
7fff
7fff
7fff
7fff
7fff
7fff
7fff
7fff
7fff
7fff
7fff
7fff
7fff
7fff
7fff
7fff
7fff
7fff
7fff
7fff
7fff
7fff
7fff
7fff
7fff
7fff
7fff
7fff
7fff
7fff
7fff
7fff
7fff
7fff
7fff
7fff
7fff
7fff
7fff
7fff
7fff
7fff
7fff
7fff
7fff
7fff
7fff
7fff
7fff
7fff
7fff
7fff
7fff
7fff
7fff
7fff
7fff
7fff
7fff
7fff
7fff
7fff
7fff
7fff
7fff
7fff
7fff
7fff
7fff
7fff
7fff
7fff
7fff
7fff
7fff
7fff
7fff
7fff
7fff
7fff
7fff
7fff
7fff
7fff
7fff
7fff
7fff
7fff
7fff
7fff
7fff
7fff
7fff
7fff
7fff
7fff
7fff
7fff
7fff
7fff
7fff
7fff
7fff
7fff
7fff
7fff
7fff
7fff
7fff
7fff
7fff
7fff
7fff
7fff
7fff
7fff
7fff
7fff
7fff
7fff
7fff
7fff
7fff
7fff
7fff
7fff
7fff
7fff
7fff
7fff
7fff
7fff
7fff
7fff
7fff
7fff
7fff
7fff
7fff
7fff
7fff
7fff
7fff
7fff
7fff
7fff
7fff
7fff
7fff
7fff
7fff
7fff
7fff
7fff
7fff
7fff
7fff
7fff
7fff
7fff
7fff
7fff
7fff
7fff
7fff
7fff
7fff
7fff
7fff
7fff
7fff
7fff
7fff
7fff
7fff
7fff
7fff
7fff
7fff
7fff
7fff
7fff
7fff
7fff
7fff
7fff
7fff
7fff
7fff
7fff
7fff
7fff
7fff
7fff
7fff
7fff
7fff
7fff
7fff
7fff
7fff
7fff
7fff
7fff
7fff
7fff
7fff
7fff
7fff
7fff
7fff
7fff
7fff
7fff
7fff
7fff
7fff
7fff
7fff
7fff
7fff
7fff
7fff
7fff
7fff
7fff
7fff
7fff
7fff
7fff
7fff
7fff
7fff
7fff
7fff
7fff
7fff
7fff
7fff
7fff
7fff
7fff
7fff
7fff
7fff
7fff
7fff
7fff
7fff
7fff
7fff
7fff
7fff
7fff
7fff
7fff
7fff
7fff
7fff
7fff
7fff
7fff
7fff
7fff
7fff
7fff
7fff
7fff
7fff
7fff
7fff
7fff
7fff
7fff
7fff
7fff
7fff
7fff
7fff
7fff
7fff
7fff
7fff
7fff
7fff
7fff
7fff
7fff
7fff
7fff
7fff
7fff
7fff
7fff
7fff
7fff
7fff
7fff
7fff
7fff
7fff
7fff
7fff
7fff
7fff
7fff
7fff
7fff
7fff
7fff
7fff
7fff
7fff
7fff
7fff
7fff
7fff
7fff
7fff
7fff
7fff
7fff
7fff
7fff
7fff
7fff
7fff
7fff
7fff
7fff
7fff
7fff
7fff
7fff
7fff
7fff
7fff
7fff
7fff
7fff
7fff
7fff
7fff
7fff
7fff
7fff
7fff
7fff
7fff
7fff
7fff
7fff
7fff
7fff
7fff
7fff
7fff
7fff
7fff
7fff
7fff
7fff
7fff
7fff
7fff
7fff
7fff
7fff
7fff
7fff
7fff
7fff
7fff
7fff
7fff
7fff
7fff
7fff
7fff
7fff
7fff
7fff
7fff
7fff
7fff
7fff
7fff
7fff
7fff
7fff
7fff
7fff
7fff
7fff
7fff
7fff
7fff
7fff
7fff
7fff
7fff
7fff
7fff
7fff
7fff
7fff
7fff
7fff
7fff
7fff
7fff
7fff
7fff
7fff
7fff
7fff
7fff
7fff
7fff
7fff
7fff
7fff
7fff
7fff
7fff
7fff
7fff
7fff
7fff
7fff
7fff
7fff
7fff
7fff
7fff
7fff
7fff
7fff
7fff
7fff
7fff
7fff
7fff
7fff
7fff
7fff
7fff
7fff
7fff
7fff
7fff
7fff
7fff
7fff
7fff
7fff
7fff
7fff
7fff
7fff
7fff
7fff
7fff
7fff
7fff
7fff
7fff
7fff
7fff
7fff
7fff
7fff
7fff
7fff
7fff
7fff
7fff
7fff
7fff
7fff
7fff
7fff
7fff
7fff
7fff
7fff
7fff
7fff
7fff
7fff
7fff
7fff
7fff
7fff
7fff
7fff
7fff
7fff
7fff
7fff
7fff
7fff
7fff
7fff
7fff
7fff
7fff
7fff
7fff
7fff
7fff
7fff
7fff
7fff
7fff
7fff
7fff
7fff
7fff
7fff
7fff
7fff
7fff
7fff
7fff
7fff
7fff
7fff
7fff
7fff
7fff
7fff
7fff
7fff
7fff
7fff
7fff
7fff
7fff
7fff
7fff
7fff
7fff
7fff
7fff
7fff
7fff
7fff
7fff
7fff
7fff
7fff
7fff
7fff
7fff
7fff
7fff
7fff
7fff
7fff
7fff
7fff
7fff
7fff
7fff
7fff
7fff
7fff
7fff
7fff
7fff
7fff
7fff
7fff
7fff
7fff
7fff
7fff
7fff
7fff
7fff
7fff
7fff
7fff
7fff
7fff
7fff
7fff
7fff
7fff
7fff
7fff
7fff
7fff
7fff
7fff
7fff
7fff
7fff
7fff
7fff
7fff
7fff
7fff
7fff
7fff
7fff
7fff
7fff
7fff
7fff
7fff
7fff
7fff
7fff
7fff
7fff
7fff
7fff
7fff
7fff
7fff
7fff
7fff
7fff
7fff
7fff
7fff
7fff
7fff
7fff
7fff
7fff
7fff
7fff
7fff
7fff
7fff
7fff
7fff
7fff
7fff
7fff
7fff
7fff
7fff
7fff
7fff
7fff
7fff
7fff
7fff
7fff
7fff
7fff
7fff
7fff
7fff
7fff
7fff
7fff
7fff
7fff
7fff
7fff
7fff
7fff
7fff
7fff
7fff
7fff
7fff
7fff
7fff
7fff
7fff
7fff
7fff
7fff
7fff
7fff
7fff
7fff
7fff
7fff
7fff
7fff
7fff
7fff
7fff
7fff
7fff
7fff
7fff
7fff
7fff
7fff
7fff
7fff
7fff
7fff
7fff
7fff
7fff
7fff
7fff
7fff
7fff
7fff
7fff
7fff
7fff
7fff
7fff
7fff
7fff
7fff
7fff
7fff
7fff
7fff
7fff
7fff
7fff
7fff
7fff
7fff
7fff
7fff
7fff
7fff
7fff
7fff
7fff
7fff
7fff
7fff
7fff
7fff
7fff
7fff
7fff
7fff
7fff
7fff
7fff
7fff
7fff
7fff
7fff
7fff
7fff
7fff
7fff
7fff
7fff
7fff
7fff
7fff
7fff
7fff
7fff
7fff
7fff
7fff
7fff
7fff
7fff
7fff
7fff
7fff
7fff
7fff
7fff
7fff
7fff
7fff
7fff
7fff
7fff
7fff
7fff
7fff
7fff
7fff
7fff
7fff
7fff
7fff
7fff
7fff
7fff
7fff
7fff
7fff
7fff
7fff
7fff
7fff
7fff
7fff
7fff
7fff
7fff
7fff
7fff
7fff
7fff
7fff
7fff
7fff
7fff
7fff
7fff
7fff
7fff
7fff
7fff
7fff
7fff
7fff
7fff
7fff
7fff
7fff
7fff
7fff
7fff
7fff
7fff
7fff
7fff
7fff
7fff
7fff
7fff
7fff
7fff
7fff
7fff
7fff
7fff
7fff
7fff
7fff
7fff
7fff
7fff
7fff
7fff
7fff
7fff
7fff
7fff
7fff
7fff
7fff
7fff
7fff
7fff
7fff
7fff
7fff
7fff
7fff
7fff
7fff
7fff
7fff
7fff
7fff
7fff
7fff
7fff
7fff
7fff
7fff
7fff
7fff
7fff
7fff
7fff
7fff
7fff
7fff
7fff
7fff
7fff
7fff
7fff
7fff
7fff
7fff
7fff
7fff
7fff
7fff
7fff
7fff
7fff
7fff
7fff
7fff
7fff
7fff
7fff
7fff
7fff
7fff
7fff
7fff
7fff
7fff
7fff
7fff
7fff
7fff
7fff
7fff
7fff
7fff
7fff
7fff
7fff
7fff
7fff
7fff
7fff
7fff
7fff
7fff
7fff
7fff
7fff
7fff
7fff
7fff
7fff
7fff
7fff
7fff
7fff
7fff
7fff
7fff
7fff
7fff
7fff
7fff
7fff
7fff
7fff
7fff
7fff
7fff
7fff
7fff
7fff
7fff
7fff
7fff
7fff
7fff
7fff
7fff
7fff
7fff
7fff
7fff
7fff
7fff
7fff
7fff
7fff
7fff
7fff
7fff
7fff
7fff
7fff
7fff
7fff
7fff
7fff
7fff
7fff
7fff
7fff
7fff
7fff
7fff
7fff
7fff
7fff
7fff
7fff
7fff
7fff
7fff
7fff
7fff
7fff
7fff
7fff
7fff
7fff
7fff
7fff
7fff
7fff
7fff
7fff
7fff
7fff
7fff
7fff
7fff
7fff
7fff
7fff
7fff
7fff
7fff
7fff
7fff
7fff
7fff
7fff
7fff
7fff
7fff
7fff
7fff
7fff
7fff
7fff
7fff
7fff
7fff
7fff
7fff
7fff
7fff
7fff
7fff
7fff
7fff
7fff
7fff
7fff
7fff
7fff
7fff
7fff
7fff
7fff
7fff
7fff
7fff
7fff
7fff
7fff
7fff
7fff
7fff
7fff
7fff
7fff
7fff
7fff
7fff
7fff
7fff
7fff
7fff
7fff
7fff
7fff
7fff
7fff
7fff
7fff
7fff
7fff
7fff
7fff
7fff
7fff
7fff
7fff
7fff
7fff
7fff
7fff
7fff
7fff
7fff
7fff
7fff
7fff
7fff
7fff
7fff
7fff
7fff
7fff
7fff
7fff
7fff
7fff
7fff
7fff
7fff
7fff
7fff
7fff
7fff
7fff
7fff
7fff
7fff
7fff
7fff
7fff
7fff
7fff
7fff
7fff
7fff
7fff
7fff
7fff
7fff
7fff
7fff
7fff
7fff
7fff
7fff
7fff
7fff
7fff
7fff
7fff
7fff
7fff
7fff
7fff
7fff
7fff
7fff
7fff
7fff
7fff
7fff
7fff
7fff
7fff
7fff
7fff
7fff
7fff
7fff
7fff
7fff
7fff
7fff
7fff
7fff
7fff
7fff
7fff
7fff
7fff
7fff
7fff
7fff
7fff
7fff
7fff
7fff
7fff
7fff
7fff
7fff
7fff
7fff
7fff
7fff
7fff
7fff
7fff
7fff
7fff
7fff
7fff
7fff
7fff
7fff
7fff
7fff
7fff
7fff
7fff
7fff
7fff
7fff
7fff
7fff
7fff
7fff
7fff
7fff
7fff
7fff
7fff
7fff
7fff
7fff
7fff
7fff
7fff
7fff
7fff
7fff
7fff
7fff
7fff
7fff
7fff
7fff
7fff
7fff
7fff
7fff
7fff
7fff
7fff
7fff
7fff
7fff
7fff
7fff
7fff
7fff
7fff
7fff
7fff
7fff
7fff
7fff
7fff
7fff
7fff
7fff
7fff
7fff
7fff
7fff
7fff
7fff
7fff
7fff
7fff
7fff
7fff
7fff
7fff
7fff
7fff
7fff
7fff
7fff
7fff
7fff
7fff
7fff
7fff
7fff
7fff
7fff
7fff
7fff
7fff
7fff
7fff
7fff
7fff
7fff
7fff
7fff
7fff
7fff
7fff
7fff
7fff
7fff
7fff
7fff
7fff
7fff
7fff
7fff
7fff
7fff
7fff
7fff
7fff
7fff
7fff
7fff
7fff
7fff
7fff
7fff
7fff
7fff
7fff
7fff
7fff
7fff
7fff
7fff
7fff
7fff
7fff
7fff
7fff
7fff
7fff
7fff
7fff
7fff
7fff
7fff
7fff
7fff
7fff
7fff
7fff
7fff
7fff
7fff
7fff
7fff
7fff
7fff
7fff
7fff
7fff
7fff
7fff
7fff
7fff
7fff
7fff
7fff
7fff
7fff
7fff
7fff
7fff
7fff
7fff
7fff
7fff
7fff
7fff
7fff
7fff
7fff
7fff
7fff
7fff
7fff
7fff
7fff
7fff
7fff
7fff
7fff
7fff
7fff
7fff
7fff
7fff
7fff
7fff
7fff
7fff
7fff
7fff
7fff
7fff
7fff
7fff
7fff
7fff
7fff
7fff
7fff
7fff
7fff
7fff
7fff
7fff
7fff
7fff
7fff
7fff
7fff
7fff
7fff
7fff
7fff
7fff
7fff
7fff
7fff
7fff
7fff
7fff
7fff
7fff
7fff
7fff
7fff
7fff
7fff
7fff
7fff
7fff
7fff
7fff
7fff
7fff
7fff
7fff
7fff
7fff
7fff
7fff
7fff
7fff
7fff
7fff
7fff
7fff
7fff
7fff
7fff
7fff
7fff
7fff
7fff
7fff
7fff
7fff
7fff
7fff
7fff
7fff
7fff
7fff
7fff
7fff
7fff
7fff
7fff
7fff
7fff
7fff
7fff
7fff
7fff
7fff
7fff
7fff
7fff
7fff
7fff
7fff
7fff
7fff
7fff
7fff
7fff
7fff
7fff
7fff
7fff
7fff
7fff
7fff
7fff
7fff
7fff
7fff
7fff
7fff
7fff
7fff
7fff
7fff
7fff
7fff
7fff
7fff
7fff
7fff
7fff
7fff
7fff
7fff
7fff
7fff
7fff
7fff
7fff
7fff
7fff
7fff
7fff
7fff
7fff
7fff
7fff
7fff
7fff
7fff
7fff
7fff
7fff
7fff
7fff
7fff
7fff
7fff
7fff
7fff
7fff
7fff
7fff
7fff
7fff
7fff
7fff
7fff
7fff
7fff
7fff
7fff
7fff
7fff
7fff
7fff
7fff
7fff
7fff
7fff
7fff
7fff
7fff
7fff
7fff
7fff
7fff
7fff
7fff
7fff
7fff
7fff
7fff
7fff
7fff
7fff
7fff
7fff
7fff
7fff
7fff
7fff
7fff
7fff
7fff
7fff
7fff
7fff
7fff
7fff
7fff
7fff
7fff
7fff
7fff
7fff
7fff
7fff
7fff
7fff
7fff
7fff
7fff
7fff
7fff
7fff
7fff
7fff
7fff
7fff
7fff
7fff
7fff
7fff
7fff
7fff
7fff
7fff
7fff
7fff
7fff
7fff
7fff
7fff
7fff
7fff
7fff
7fff
7fff
7fff
7fff
7fff
7fff
7fff
7fff
7fff
7fff
7fff
7fff
7fff
7fff
7fff
7fff
7fff
7fff
7fff
7fff
7fff
7fff
7fff
7fff
7fff
7fff
7fff
7fff
7fff
7fff
7fff
7fff
7fff
7fff
7fff
7fff
7fff
7fff
7fff
7fff
7fff
7fff
7fff
7fff
7fff
7fff
7fff
7fff
7fff
7fff
7fff
7fff
7fff
7fff
7fff
7fff
7fff
7fff
7fff
7fff
7fff
7fff
7fff
7fff
7fff
7fff
7fff
7fff
7fff
7fff
7fff
7fff
7fff
7fff
7fff
7fff
7fff
7fff
7fff
7fff
7fff
7fff
7fff
7fff
7fff
7fff
7fff
7fff
7fff
7fff
7fff
7fff
7fff
7fff
7fff
7fff
7fff
7fff
7fff
7fff
7fff
7fff
7fff
7fff
7fff
7fff
7fff
7fff
7fff
7fff
7fff
7fff
7fff
7fff
7fff
7fff
7fff
7fff
7fff
7fff
7fff
7fff
7fff
7fff
7fff
7fff
7fff
7fff
7fff
7fff
7fff
7fff
7fff
7fff
7fff
7fff
7fff
7fff
7fff
7fff
7fff
7fff
7fff
7fff
7fff
7fff
7fff
7fff
7fff
7fff
7fff
7fff
7fff
7fff
7fff
7fff
7fff
7fff
7fff
7fff
7fff
7fff
7fff
7fff
7fff
7fff
7fff
7fff
7fff
7fff
7fff
7fff
7fff
7fff
7fff
7fff
7fff
7fff
7fff
7fff
7fff
7fff
7fff
7fff
7fff
7fff
7fff
7fff
7fff
7fff
7fff
7fff
7fff
7fff
7fff
7fff
7fff
7fff
7fff
7fff
7fff
7fff
7fff
7fff
7fff
7fff
7fff
7fff
7fff
7fff
7fff
7fff
7fff
7fff
7fff
7fff
7fff
7fff
7fff
7fff
7fff
7fff
7fff
7fff
7fff
7fff
7fff
7fff
7fff
7fff
7fff
7fff
7fff
7fff
7fff
7fff
7fff
7fff
7fff
7fff
7fff
7fff
7fff
7fff
7fff
7fff
7fff
7fff
7fff
7fff
7fff
7fff
7fff
7fff
7fff
7fff
7fff
7fff
7fff
7fff
7fff
7fff
7fff
7fff
7fff
7fff
7fff
7fff
7fff
7fff
7fff
7fff
7fff
7fff
7fff
7fff
7fff
7fff
7fff
7fff
7fff
7fff
7fff
7fff
7fff
7fff
7fff
7fff
7fff
7fff
7fff
7fff
7fff
7fff
7fff
7fff
7fff
7fff
7fff
7fff
7fff
7fff
7fff
7fff
7fff
7fff
7fff
7fff
7fff
7fff
7fff
7fff
7fff
7fff
7fff
7fff
7fff
7fff
7fff
7fff
7fff
7fff
7fff
7fff
7fff
7fff
7fff
7fff
7fff
7fff
7fff
7fff
7fff
7fff
7fff
7fff
7fff
7fff
7fff
7fff
7fff
7fff
7fff
7fff
7fff
7fff
7fff
7fff
7fff
7fff
7fff
7fff
7fff
7fff
7fff
7fff
7fff
7fff
7fff
7fff
7fff
7fff
7fff
7fff
7fff
7fff
7fff
7fff
7fff
7fff
7fff
7fff
7fff
7fff
7fff
7fff
7fff
7fff
7fff
7fff
7fff
7fff
7fff
7fff
7fff
7fff
7fff
7fff
7fff
7fff
7fff
7fff
7fff
7fff
7fff
7fff
7fff
7fff
7fff
7fff
7fff
7fff
7fff
7fff
7fff
7fff
7fff
7fff
7fff
7fff
7fff
7fff
7fff
7fff
7fff
7fff
7fff
7fff
7fff
7fff
7fff
7fff
7fff
7fff
7fff
7fff
7fff
7fff
7fff
7fff
7fff
7fff
7fff
7fff
7fff
7fff
7fff
7fff
7fff
7fff
7fff
7fff
7fff
7fff
7fff
7fff
7fff
7fff
7fff
7fff
7fff
7fff
7fff
7fff
7fff
7fff
7fff
7fff
7fff
7fff
7fff
7fff
7fff
7fff
7fff
7fff
7fff
7fff
7fff
7fff
7fff
7fff
7fff
7fff
7fff
7fff
7fff
7fff
7fff
7fff
7fff
7fff
7fff
7fff
7fff
7fff
7fff
7fff
7fff
7fff
7fff
7fff
7fff
7fff
7fff
7fff
7fff
7fff
7fff
7fff
7fff
7fff
7fff
7fff
7fff
7fff
7fff
7fff
7fff
7fff
7fff
7fff
7fff
7fff
7fff
7fff
7fff
7fff
7fff
7fff
7fff
7fff
7fff
7fff
7fff
7fff
7fff
7fff
7fff
7fff
7fff
7fff
7fff
7fff
7fff
7fff
7fff
7fff
7fff
7fff
7fff
7fff
7fff
7fff
7fff
7fff
7fff
7fff
7fff
7fff
7fff
7fff
7fff
7fff
7fff
7fff
7fff
7fff
7fff
7fff
7fff
7fff
7fff
7fff
7fff
7fff
7fff
7fff
7fff
7fff
7fff
7fff
7fff
7fff
7fff
7fff
7fff
7fff
7fff
7fff
7fff
7fff
7fff
7fff
7fff
7fff
7fff
7fff
7fff
7fff
7fff
7fff
7fff
7fff
7fff
7fff
7fff
7fff
7fff
7fff
7fff
7fff
7fff
7fff
7fff
7fff
7fff
7fff
7fff
7fff
7fff
7fff
7fff
7fff
7fff
7fff
7fff
7fff
7fff
7fff
7fff
7fff
7fff
7fff
7fff
7fff
7fff
7fff
7fff
7fff
7fff
7fff
7fff
7fff
7fff
7fff
7fff
7fff
7fff
7fff
7fff
7fff
7fff
7fff
7fff
7fff
7fff
7fff
7fff
7fff
7fff
7fff
7fff
7fff
7fff
7fff
7fff
7fff
7fff
7fff
7fff
7fff
7fff
7fff
7fff
7fff
7fff
7fff
7fff
7fff
7fff
7fff
7fff
7fff
7fff
7fff
7fff
7fff
7fff
7fff
7fff
7fff
7fff
7fff
7fff
7fff
7fff
7fff
7fff
7fff
7fff
7fff
7fff
7fff
7fff
7fff
7fff
7fff
7fff
7fff
7fff
7fff
7fff
7fff
7fff
7fff
7fff
7fff
7fff
7fff
7fff
7fff
7fff
7fff
7fff
7fff
7fff
7fff
7fff
7fff
7fff
7fff
7fff
7fff
7fff
7fff
7fff
7fff
7fff
7fff
7fff
7fff
7fff
7fff
7fff
7fff
7fff
7fff
7fff
7fff
7fff
7fff
7fff
7fff
7fff
7fff
7fff
7fff
7fff
7fff
7fff
7fff
7fff
7fff
7fff
7fff
7fff
7fff
7fff
7fff
7fff
7fff
7fff
7fff
7fff
7fff
7fff
7fff
7fff
7fff
7fff
7fff
7fff
7fff
7fff
7fff
7fff
7fff
7fff
7fff
7fff
7fff
7fff
7fff
7fff
7fff
7fff
7fff
7fff
7fff
7fff
7fff
7fff
7fff
7fff
7fff
7fff
7fff
7fff
7fff
7fff
7fff
7fff
7fff
7fff
7fff
7fff
7fff
7fff
7fff
7fff
7fff
7fff
7fff
7fff
7fff
7fff
7fff
7fff
7fff
7fff
7fff
7fff
7fff
7fff
7fff
7fff
7fff
7fff
7fff
7fff
7fff
7fff
7fff
7fff
7fff
7fff
7fff
7fff
7fff
7fff
7fff
7fff
7fff
7fff
7fff
7fff
7fff
7fff
7fff
7fff
7fff
7fff
7fff
7fff
7fff
7fff
7fff
7fff
7fff
7fff
7fff
7fff
7fff
7fff
7fff
7fff
7fff
7fff
7fff
7fff
7fff
7fff
7fff
7fff
7fff
7fff
7fff
7fff
7fff
7fff
7fff
7fff
7fff
7fff
7fff
7fff
7fff
7fff
7fff
7fff
7fff
7fff
7fff
7fff
7fff
7fff
7fff
7fff
7fff
7fff
7fff
7fff
7fff
7fff
7fff
7fff
7fff
7fff
7fff
7fff
7fff
7fff
7fff
7fff
7fff
7fff
7fff
7fff
7fff
7fff
7fff
7fff
7fff
7fff
7fff
7fff
7fff
7fff
7fff
7fff
7fff
7fff
7fff
7fff
7fff
7fff
7fff
7fff
7fff
7fff
7fff
7fff
7fff
7fff
7fff
7fff
7fff
7fff
7fff
7fff
7fff
7fff
7fff
7fff
7fff
7fff
7fff
7fff
7fff
7fff
7fff
7fff
7fff
7fff
7fff
7fff
7fff
7fff
7fff
7fff
7fff
7fff
7fff
7fff
7fff
7fff
7fff
7fff
7fff
7fff
7fff
7fff
7fff
7fff
7fff
7fff
7fff
7fff
7fff
7fff
7fff
7fff
7fff
7fff
7fff
7fff
7fff
7fff
7fff
7fff
7fff
7fff
7fff
7fff
7fff
7fff
7fff
7fff
7fff
7fff
7fff
7fff
7fff
7fff
7fff
7fff
7fff
7fff
7fff
7fff
7fff
7fff
7fff
7fff
7fff
7fff
7fff
7fff
7fff
7fff
7fff
7fff
7fff
7fff
7fff
7fff
7fff
7fff
7fff
7fff
7fff
7fff
7fff
7fff
7fff
7fff
7fff
7fff
7fff
7fff
7fff
7fff
7fff
7fff
7fff
7fff
7fff
7fff
7fff
7fff
7fff
7fff
7fff
7fff
7fff
7fff
7fff
7fff
7fff
7fff
7fff
7fff
7fff
7fff
7fff
7fff
7fff
7fff
7fff
7fff
7fff
7fff
7fff
7fff
7fff
7fff
7fff
7fff
7fff
7fff
7fff
7fff
7fff
7fff
7fff
7fff
7fff
7fff
7fff
7fff
7fff
7fff
7fff
7fff
7fff
7fff
7fff
7fff
7fff
7fff
7fff
7fff
7fff
7fff
7fff
7fff
7fff
7fff
7fff
7fff
7fff
7fff
7fff
7fff
7fff
7fff
7fff
7fff
7fff
7fff
7fff
7fff
7fff
7fff
7fff
7fff
7fff
7fff
7fff
7fff
7fff
7fff
7fff
7fff
7fff
7fff
7fff
7fff
7fff
7fff
7fff
7fff
7fff
7fff
7fff
7fff
7fff
7fff
7fff
7fff
7fff
7fff
7fff
7fff
7fff
7fff
7fff
7fff
7fff
7fff
7fff
7fff
7fff
7fff
7fff
7fff
7fff
7fff
7fff
7fff
7fff
7fff
7fff
7fff
7fff
7fff
7fff
7fff
7fff
7fff
7fff
7fff
7fff
7fff
7fff
7fff
7fff
7fff
7fff
7fff
7fff
7fff
7fff
7fff
7fff
7fff
7fff
7fff
7fff
7fff
7fff
7fff
7fff
7fff
7fff
7fff
7fff
7fff
7fff
7fff
7fff
7fff
7fff
7fff
7fff
7fff
7fff
7fff
7fff
7fff
7fff
7fff
7fff
7fff
7fff
7fff
7fff
7fff
7fff
7fff
7fff
7fff
7fff
7fff
7fff
7fff
7fff
7fff
7fff
7fff
7fff
7fff
7fff
7fff
7fff
7fff
7fff
7fff
7fff
7fff
7fff
7fff
7fff
7fff
7fff
7fff
7fff
7fff
7fff
7fff
7fff
7fff
7fff
7fff
7fff
7fff
7fff
7fff
7fff
7fff
7fff
7fff
7fff
7fff
7fff
7fff
7fff
7fff
7fff
7fff
7fff
7fff
7fff
7fff
7fff
7fff
7fff
7fff
7fff
7fff
7fff
7fff
7fff
7fff
7fff
7fff
7fff
7fff
7fff
7fff
7fff
7fff
7fff
7fff
7fff
7fff
7fff
7fff
7fff
7fff
7fff
7fff
7fff
7fff
7fff
7fff
7fff
7fff
7fff
7fff
7fff
7fff
7fff
7fff
7fff
7fff
7fff
7fff
7fff
7fff
7fff
7fff
7fff
7fff
7fff
7fff
7fff
7fff
7fff
7fff
7fff
7fff
7fff
7fff
7fff
7fff
7fff
7fff
7fff
7fff
7fff
7fff
7fff
7fff
7fff
7fff
7fff
7fff
7fff
7fff
7fff
7fff
7fff
7fff
7fff
7fff
7fff
7fff
7fff
7fff
7fff
7fff
7fff
7fff
7fff
7fff
7fff
7fff
7fff
7fff
7fff
7fff
7fff
7fff
7fff
7fff
7fff
7fff
7fff
7fff
7fff
7fff
7fff
7fff
7fff
7fff
7fff
7fff
7fff
7fff
7fff
7fff
7fff
7fff
7fff
7fff
7fff
7fff
7fff
7fff
7fff
7fff
7fff
7fff
7fff
7fff
7fff
7fff
7fff
7fff
7fff
7fff
7fff
7fff
7fff
7fff
7fff
7fff
7fff
7fff
7fff
7fff
7fff
7fff
7fff
7fff
7fff
7fff
7fff
7fff
7fff
7fff
7fff
7fff
7fff
7fff
7fff
7fff
7fff
7fff
7fff
7fff
7fff
7fff
7fff
7fff
7fff
7fff
7fff
7fff
7fff
7fff
7fff
7fff
7fff
7fff
7fff
7fff
7fff
7fff
7fff
7fff
7fff
7fff
7fff
7fff
7fff
7fff
7fff
7fff
7fff
7fff
7fff
7fff
7fff
7fff
7fff
7fff
7fff
7fff
7fff
7fff
7fff
7fff
7fff
7fff
7fff
7fff
7fff
7fff
7fff
7fff
7fff
7fff
7fff
7fff
7fff
7fff
7fff
7fff
7fff
7fff
7fff
7fff
7fff
7fff
7fff
7fff
7fff
7fff
7fff
7fff
7fff
7fff
7fff
7fff
7fff
7fff
7fff
7fff
7fff
7fff
7fff
7fff
7fff
7fff
7fff
7fff
7fff
7fff
7fff
7fff
7fff
7fff
7fff
7fff
7fff
7fff
7fff
7fff
7fff
7fff
7fff
7fff
7fff
7fff
7fff
7fff
7fff
7fff
7fff
7fff
7fff
7fff
7fff
7fff
7fff
7fff
7fff
7fff
7fff
7fff
7fff
7fff
7fff
7fff
7fff
7fff
7fff
7fff
7fff
7fff
7fff
7fff
7fff
7fff
7fff
7fff
7fff
7fff
7fff
7fff
7fff
7fff
7fff
7fff
7fff
7fff
7fff
7fff
7fff
7fff
7fff
7fff
7fff
7fff
7fff
7fff
7fff
7fff
7fff
7fff
7fff
7fff
7fff
7fff
7fff
7fff
7fff
7fff
7fff
7fff
7fff
7fff
7fff
7fff
7fff
7fff
7fff
7fff
7fff
7fff
7fff
7fff
7fff
7fff
7fff
7fff
7fff
7fff
7fff
7fff
7fff
7fff
7fff
7fff
7fff
7fff
7fff
7fff
7fff
7fff
7fff
7fff
7fff
7fff
7fff
7fff
7fff
7fff
7fff
7fff
7fff
7fff
7fff
7fff
7fff
7fff
7fff
7fff
7fff
7fff
7fff
7fff
7fff
7fff
7fff
7fff
7fff
7fff
7fff
7fff
7fff
7fff
7fff
7fff
7fff
7fff
7fff
7fff
7fff
7fff
7fff
7fff
7fff
7fff
7fff
7fff
7fff
7fff
7fff
7fff
7fff
7fff
7fff
7fff
7fff
7fff
7fff
7fff
7fff
7fff
7fff
7fff
7fff
7fff
7fff
7fff
7fff
7fff
7fff
7fff
7fff
7fff
7fff
7fff
7fff
7fff
7fff
7fff
7fff
7fff
7fff
7fff
7fff
7fff
7fff
7fff
7fff
7fff
7fff
7fff
7fff
7fff
7fff
7fff
7fff
7fff
7fff
7fff
7fff
7fff
7fff
7fff
7fff
7fff
7fff
7fff
7fff
7fff
7fff
7fff
7fff
7fff
7fff
7fff
7fff
7fff
7fff
7fff
7fff
7fff
7fff
7fff
7fff
7fff
7fff
7fff
7fff
7fff
7fff
7fff
7fff
7fff
7fff
7fff
7fff
7fff
7fff
7fff
7fff
7fff
7fff
7fff
7fff
7fff
7fff
7fff
7fff
7fff
7fff
7fff
7fff
7fff
7fff
7fff
7fff
7fff
7fff
7fff
7fff
7fff
7fff
7fff
7fff
7fff
7fff
7fff
7fff
7fff
7fff
7fff
7fff
7fff
7fff
7fff
7fff
7fff
7fff
7fff
7fff
7fff
7fff
7fff
7fff
7fff
7fff
7fff
7fff
7fff
7fff
7fff
7fff
7fff
7fff
7fff
7fff
7fff
7fff
7fff
7fff
7fff
7fff
7fff
7fff
7fff
7fff
7fff
7fff
7fff
7fff
7fff
7fff
7fff
7fff
7fff
7fff
7fff
7fff
7fff
7fff
7fff
7fff
7fff
7fff
7fff
7fff
7fff
7fff
7fff
7fff
7fff
7fff
7fff
7fff
7fff
7fff
7fff
7fff
7fff
7fff
7fff
7fff
7fff
7fff
7fff
7fff
7fff
7fff
7fff
7fff
7fff
7fff
7fff
7fff
7fff
7fff
7fff
7fff
7fff
7fff
7fff
7fff
7fff
7fff
7fff
7fff
7fff
7fff
7fff
7fff
7fff
7fff
7fff
7fff
7fff
7fff
7fff
7fff
7fff
7fff
7fff
7fff
7fff
7fff
7fff
7fff
7fff
7fff
7fff
7fff
7fff
7fff
7fff
7fff
7fff
7fff
7fff
7fff
7fff
7fff
7fff
7fff
7fff
7fff
7fff
7fff
7fff
7fff
7fff
7fff
7fff
7fff
7fff
7fff
7fff
7fff
7fff
7fff
7fff
7fff
7fff
7fff
7fff
7fff
7fff
7fff
7fff
7fff
7fff
7fff
7fff
7fff
7fff
7fff
7fff
7fff
7fff
7fff
7fff
7fff
7fff
7fff
7fff
7fff
7fff
7fff
7fff
7fff
7fff
7fff
7fff
7fff
7fff
7fff
7fff
7fff
7fff
7fff
7fff
7fff
7fff
7fff
7fff
7fff
7fff
7fff
7fff
7fff
7fff
7fff
7fff
7fff
7fff
7fff
7fff
7fff
7fff
7fff
7fff
7fff
7fff
7fff
7fff
7fff
7fff
7fff
7fff
7fff
7fff
7fff
7fff
7fff
7fff
7fff
7fff
7fff
7fff
7fff
7fff
7fff
7fff
7fff
7fff
7fff
7fff
7fff
7fff
7fff
7fff
7fff
7fff
7fff
7fff
7fff
7fff
7fff
7fff
7fff
7fff
7fff
7fff
7fff
7fff
7fff
7fff
7fff
7fff
7fff
7fff
7fff
7fff
7fff
7fff
7fff
7fff
7fff
7fff
7fff
7fff
7fff
7fff
7fff
7fff
7fff
7fff
7fff
7fff
7fff
7fff
7fff
7fff
7fff
7fff
7fff
7fff
7fff
7fff
7fff
7fff
7fff
7fff
7fff
7fff
7fff
7fff
7fff
7fff
7fff
7fff
7fff
7fff
7fff
7fff
7fff
7fff
7fff
7fff
7fff
7fff
7fff
7fff
7fff
7fff
7fff
7fff
7fff
7fff
7fff
7fff
7fff
7fff
7fff
7fff
7fff
7fff
7fff
7fff
7fff
7fff
7fff
7fff
7fff
7fff
7fff
7fff
7fff
7fff
7fff
7fff
7fff
7fff
7fff
7fff
7fff
7fff
7fff
7fff
7fff
7fff
7fff
7fff
7fff
7fff
7fff
7fff
7fff
7fff
7fff
7fff
7fff
7fff
7fff
7fff
7fff
7fff
7fff
7fff
7fff
7fff
7fff
7fff
7fff
7fff
7fff
7fff
7fff
7fff
7fff
7fff
7fff
7fff
7fff
7fff
7fff
7fff
7fff
7fff
7fff
7fff
7fff
7fff
7fff
7fff
7fff
7fff
7fff
7fff
7fff
7fff
7fff
7fff
7fff
7fff
7fff
7fff
7fff
7fff
7fff
7fff
7fff
7fff
7fff
7fff
7fff
7fff
7fff
7fff
7fff
7fff
7fff
7fff
7fff
7fff
7fff
7fff
7fff
7fff
7fff
7fff
7fff
7fff
7fff
7fff
7fff
7fff
7fff
7fff
7fff
7fff
7fff
7fff
7fff
7fff
7fff
7fff
7fff
7fff
7fff
7fff
7fff
7fff
7fff
7fff
7fff
7fff
7fff
7fff
7fff
7fff
7fff
7fff
7fff
7fff
7fff
7fff
7fff
7fff
7fff
7fff
7fff
7fff
7fff
7fff
7fff
7fff
7fff
7fff
7fff
7fff
7fff
7fff
7fff
7fff
7fff
7fff
7fff
7fff
7fff
7fff
7fff
7fff
7fff
7fff
7fff
7fff
7fff
7fff
7fff
7fff
7fff
7fff
7fff
7fff
7fff
7fff
7fff
7fff
7fff
7fff
7fff
7fff
7fff
7fff
7fff
7fff
7fff
7fff
7fff
7fff
7fff
7fff
7fff
7fff
7fff
7fff
7fff
7fff
7fff
7fff
7fff
7fff
7fff
7fff
7fff
7fff
7fff
7fff
7fff
7fff
7fff
7fff
7fff
7fff
7fff
7fff
7fff
7fff
7fff
7fff
7fff
7fff
7fff
7fff
7fff
7fff
7fff
7fff
7fff
7fff
7fff
7fff
7fff
7fff
7fff
7fff
7fff
7fff
7fff
7fff
7fff
7fff
7fff
7fff
7fff
7fff
7fff
7fff
7fff
7fff
7fff
7fff
7fff
7fff
7fff
7fff
7fff
7fff
7fff
7fff
7fff
7fff
7fff
7fff
7fff
7fff
7fff
7fff
7fff
7fff
7fff
7fff
7fff
7fff
7fff
7fff
7fff
7fff
7fff
7fff
7fff
7fff
7fff
7fff
7fff
7fff
7fff
7fff
7fff
7fff
7fff
7fff
7fff
7fff
7fff
7fff
7fff
7fff
7fff
7fff
7fff
7fff
7fff
7fff
7fff
7fff
7fff
7fff
7fff
7fff
7fff
7fff
7fff
7fff
7fff
7fff
7fff
7fff
7fff
7fff
7fff
7fff
7fff
7fff
7fff
7fff
7fff
7fff
7fff
7fff
7fff
7fff
7fff
7fff
7fff
7fff
7fff
7fff
7fff
7fff
7fff
7fff
7fff
7fff
7fff
7fff
7fff
7fff
7fff
7fff
7fff
7fff
7fff
7fff
7fff
7fff
7fff
7fff
7fff
7fff
7fff
7fff
7fff
7fff
7fff
7fff
7fff
7fff
7fff
7fff
7fff
7fff
7fff
7fff
7fff
7fff
7fff
7fff
7fff
7fff
7fff
7fff
7fff
7fff
7fff
7fff
7fff
7fff
7fff
7fff
7fff
7fff
7fff
7fff
7fff
7fff
7fff
7fff
7fff
7fff
7fff
7fff
7fff
7fff
7fff
7fff
7fff
7fff
7fff
7fff
7fff
7fff
7fff
7fff
7fff
7fff
7fff
7fff
7fff
7fff
7fff
7fff
7fff
7fff
7fff
7fff
7fff
7fff
7fff
7fff
7fff
7fff
7fff
7fff
7fff
7fff
7fff
7fff
7fff
7fff
7fff
7fff
7fff
7fff
7fff
7fff
7fff
7fff
7fff
7fff
7fff
7fff
7fff
7fff
7fff
7fff
7fff
7fff
7fff
7fff
7fff
7fff
7fff
7fff
7fff
7fff
7fff
7fff
7fff
7fff
7fff
7fff
7fff
7fff
7fff
7fff
7fff
7fff
7fff
7fff
7fff
7fff
7fff
7fff
7fff
7fff
7fff
7fff
7fff
7fff
7fff
7fff
7fff
7fff
7fff
7fff
7fff
7fff
7fff
7fff
7fff
7fff
7fff
7fff
7fff
7fff
7fff
7fff
7fff
7fff
7fff
7fff
7fff
7fff
7fff
7fff
7fff
7fff
7fff
7fff
7fff
7fff
7fff
7fff
7fff
7fff
7fff
7fff
7fff
7fff
7fff
7fff
7fff
7fff
7fff
7fff
7fff
7fff
7fff
7fff
7fff
7fff
7fff
7fff
7fff
7fff
7fff
7fff
7fff
7fff
7fff
7fff
7fff
7fff
7fff
7fff
7fff
7fff
7fff
7fff
7fff
7fff
7fff
7fff
7fff
7fff
7fff
7fff
7fff
7fff
7fff
7fff
7fff
7fff
7fff
7fff
7fff
7fff
7fff
7fff
7fff
7fff
7fff
7fff
7fff
7fff
7fff
7fff
7fff
7fff
7fff
7fff
7fff
7fff
7fff
7fff
7fff
7fff
7fff
7fff
7fff
7fff
7fff
7fff
7fff
7fff
7fff
7fff
7fff
7fff
7fff
7fff
7fff
7fff
7fff
7fff
7fff
7fff
7fff
7fff
7fff
7fff
7fff
7fff
7fff
7fff
7fff
7fff
7fff
7fff
7fff
7fff
7fff
7fff
7fff
7fff
7fff
7fff
7fff
7fff
7fff
7fff
7fff
7fff
7fff
7fff
7fff
7fff
7fff
7fff
7fff
7fff
7fff
7fff
7fff
7fff
7fff
7fff
7fff
7fff
7fff
7fff
7fff
7fff
7fff
7fff
7fff
7fff
7fff
7fff
7fff
7fff
7fff
7fff
7fff
7fff
7fff
7fff
7fff
7fff
7fff
7fff
7fff
7fff
7fff
7fff
7fff
7fff
7fff
7fff
7fff
7fff
7fff
7fff
7fff
7fff
7fff
7fff
7fff
7fff
7fff
7fff
7fff
7fff
7fff
7fff
7fff
7fff
7fff
7fff
7fff
7fff
7fff
7fff
7fff
7fff
7fff
7fff
7fff
7fff
7fff
7fff
7fff
7fff
7fff
7fff
7fff
7fff
7fff
7fff
7fff
7fff
7fff
7fff
7fff
7fff
7fff
7fff
7fff
7fff
7fff
7fff
7fff
7fff
7fff
7fff
7fff
7fff
7fff
7fff
7fff
7fff
7fff
7fff
7fff
7fff
7fff
7fff
7fff
7fff
7fff
7fff
7fff
7fff
7fff
7fff
7fff
7fff
7fff
7fff
7fff
7fff
7fff
7fff
7fff
7fff
7fff
7fff
7fff
7fff
7fff
7fff
7fff
7fff
7fff
7fff
7fff
7fff
7fff
7fff
7fff
7fff
7fff
7fff
7fff
7fff
7fff
7fff
7fff
7fff
7fff
7fff
7fff
7fff
7fff
7fff
7fff
7fff
7fff
7fff
7fff
7fff
7fff
7fff
7fff
7fff
7fff
7fff
7fff
7fff
7fff
7fff
7fff
7fff
7fff
7fff
7fff
7fff
7fff
7fff
7fff
7fff
7fff
7fff
7fff
7fff
7fff
7fff
7fff
7fff
7fff
7fff
7fff
7fff
7fff
7fff
7fff
7fff
7fff
7fff
7fff
7fff
7fff
7fff
7fff
7fff
7fff
7fff
7fff
7fff
7fff
7fff
7fff
7fff
7fff
7fff
7fff
7fff
7fff
7fff
7fff
7fff
7fff
7fff
7fff
7fff
7fff
7fff
7fff
7fff
7fff
7fff
7fff
7fff
7fff
7fff
7fff
7fff
7fff
7fff
7fff
7fff
7fff
7fff
7fff
7fff
7fff
7fff
7fff
7fff
7fff
7fff
7fff
7fff
7fff
7fff
7fff
7fff
7fff
7fff
7fff
7fff
7fff
7fff
7fff
7fff
7fff
7fff
7fff
7fff
7fff
7fff
7fff
7fff
7fff
7fff
7fff
7fff
7fff
7fff
7fff
7fff
7fff
7fff
7fff
7fff
7fff
7fff
7fff
7fff
7fff
7fff
7fff
7fff
7fff
7fff
7fff
7fff
7fff
7fff
7fff
7fff
7fff
7fff
7fff
7fff
7fff
7fff
7fff
7fff
7fff
7fff
7fff
7fff
7fff
7fff
7fff
7fff
7fff
7fff
7fff
7fff
7fff
7fff
7fff
7fff
7fff
7fff
7fff
7fff
7fff
7fff
7fff
7fff
7fff
7fff
7fff
7fff
7fff
7fff
7fff
7fff
7fff
7fff
7fff
7fff
7fff
7fff
7fff
7fff
7fff
7fff
7fff
7fff
7fff
7fff
7fff
7fff
7fff
7fff
7fff
7fff
7fff
7fff
7fff
7fff
7fff
7fff
7fff
7fff
7fff
7fff
7fff
7fff
7fff
7fff
7fff
7fff
7fff
7fff
7fff
7fff
7fff
7fff
7fff
7fff
7fff
7fff
7fff
7fff
7fff
7fff
7fff
7fff
7fff
7fff
7fff
7fff
7fff
7fff
7fff
7fff
7fff
7fff
7fff
7fff
7fff
7fff
7fff
7fff
7fff
7fff
7fff
7fff
7fff
7fff
7fff
7fff
7fff
7fff
7fff
7fff
7fff
7fff
7fff
7fff
7fff
7fff
7fff
7fff
7fff
7fff
7fff
7fff
7fff
7fff
7fff
7fff
7fff
7fff
7fff
7fff
7fff
7fff
7fff
7fff
7fff
7fff
7fff
7fff
7fff
7fff
7fff
7fff
7fff
7fff
7fff
7fff
7fff
7fff
7fff
7fff
7fff
7fff
7fff
7fff
7fff
7fff
7fff
7fff
7fff
7fff
7fff
7fff
7fff
7fff
7fff
7fff
7fff
7fff
7fff
7fff
7fff
7fff
7fff
7fff
7fff
7fff
7fff
7fff
7fff
7fff
7fff
7fff
7fff
7fff
7fff
7fff
7fff
7fff
7fff
7fff
7fff
7fff
7fff
7fff
7fff
7fff
7fff
7fff
7fff
7fff
7fff
7fff
7fff
7fff
7fff
7fff
7fff
7fff
7fff
7fff
7fff
7fff
7fff
7fff
7fff
7fff
7fff
7fff
7fff
7fff
7fff
7fff
7fff
7fff
7fff
7fff
7fff
7fff
7fff
7fff
7fff
7fff
7fff
7fff
7fff
7fff
7fff
7fff
7fff
7fff
7fff
7fff
7fff
7fff
7fff
7fff
7fff
7fff
7fff
7fff
7fff
7fff
7fff
7fff
7fff
7fff
7fff
7fff
7fff
7fff
7fff
7fff
7fff
7fff
7fff
7fff
7fff
7fff
7fff
7fff
7fff
7fff
7fff
7fff
7fff
7fff
7fff
7fff
7fff
7fff
7fff
7fff
7fff
7fff
7fff
7fff
7fff
7fff
7fff
7fff
7fff
7fff
7fff
7fff
7fff
7fff
7fff
7fff
7fff
7fff
7fff
7fff
7fff
7fff
7fff
7fff
7fff
7fff
7fff
7fff
7fff
7fff
7fff
7fff
7fff
7fff
7fff
7fff
7fff
7fff
7fff
7fff
7fff
7fff
7fff
7fff
7fff
7fff
7fff
7fff
7fff
7fff
7fff
7fff
7fff
7fff
7fff
7fff
7fff
7fff
7fff
7fff
7fff
7fff
7fff
7fff
7fff
7fff
7fff
7fff
7fff
7fff
7fff
7fff
7fff
7fff
7fff
7fff
7fff
7fff
7fff
7fff
7fff
7fff
7fff
7fff
7fff
7fff
7fff
7fff
7fff
7fff
7fff
7fff
7fff
7fff
7fff
7fff
7fff
7fff
7fff
7fff
7fff
7fff
7fff
7fff
7fff
7fff
7fff
7fff
7fff
7fff
7fff
7fff
7fff
7fff
7fff
7fff
7fff
7fff
7fff
7fff
7fff
7fff
7fff
7fff
7fff
7fff
7fff
7fff
7fff
7fff
7fff
7fff
7fff
7fff
7fff
7fff
7fff
7fff
7fff
7fff
7fff
7fff
7fff
7fff
7fff
7fff
7fff
7fff
7fff
7fff
7fff
7fff
7fff
7fff
7fff
7fff
7fff
7fff
7fff
7fff
7fff
7fff
7fff
7fff
7fff
7fff
7fff
7fff
7fff
7fff
7fff
7fff
7fff
7fff
7fff
7fff
7fff
7fff
7fff
7fff
7fff
7fff
7fff
7fff
7fff
7fff
7fff
7fff
7fff
7fff
7fff
7fff
7fff
7fff
7fff
7fff
7fff
7fff
7fff
7fff
7fff
7fff
7fff
7fff
7fff
7fff
7fff
7fff
7fff
7fff
7fff
7fff
7fff
7fff
7fff
7fff
7fff
7fff
7fff
7fff
7fff
7fff
7fff
7fff
7fff
7fff
7fff
7fff
7fff
7fff
7fff
7fff
7fff
7fff
7fff
7fff
7fff
7fff
7fff
7fff
7fff
7fff
7fff
7fff
7fff
7fff
7fff
7fff
7fff
7fff
7fff
7fff
7fff
7fff
7fff
7fff
7fff
7fff
7fff
7fff
7fff
7fff
7fff
7fff
7fff
7fff
7fff
7fff
7fff
7fff
7fff
7fff
7fff
7fff
7fff
7fff
7fff
7fff
7fff
7fff
7fff
7fff
7fff
7fff
7fff
7fff
7fff
7fff
7fff
7fff
7fff
7fff
7fff
7fff
7fff
7fff
7fff
7fff
7fff
7fff
7fff
7fff
7fff
7fff
7fff
7fff
7fff
7fff
7fff
7fff
7fff
7fff
7fff
7fff
7fff
7fff
7fff
7fff
7fff
7fff
7fff
7fff
7fff
7fff
7fff
7fff
7fff
7fff
7fff
7fff
7fff
7fff
7fff
7fff
7fff
7fff
7fff
7fff
7fff
7fff
7fff
7fff
7fff
7fff
7fff
7fff
7fff
7fff
7fff
7fff
7fff
7fff
7fff
7fff
7fff
7fff
7fff
7fff
7fff
7fff
7fff
7fff
7fff
7fff
7fff
7fff
7fff
7fff
7fff
7fff
7fff
7fff
7fff
7fff
7fff
7fff
7fff
7fff
7fff
7fff
7fff
7fff
7fff
7fff
7fff
7fff
7fff
7fff
7fff
7fff
7fff
7fff
7fff
7fff
7fff
7fff
7fff
7fff
7fff
7fff
7fff
7fff
7fff
7fff
7fff
7fff
7fff
7fff
7fff
7fff
7fff
7fff
7fff
7fff
7fff
7fff
7fff
7fff
7fff
7fff
7fff
7fff
7fff
7fff
7fff
7fff
7fff
7fff
7fff
7fff
7fff
7fff
7fff
7fff
7fff
7fff
7fff
7fff
7fff
7fff
7fff
7fff
7fff
7fff
7fff
7fff
7fff
7fff
7fff
7fff
7fff
7fff
7fff
7fff
7fff
7fff
7fff
7fff
7fff
7fff
7fff
7fff
7fff
7fff
7fff
7fff
7fff
7fff
7fff
7fff
7fff
7fff
7fff
7fff
7fff
7fff
7fff
7fff
7fff
7fff
7fff
7fff
7fff
7fff
7fff
7fff
7fff
7fff
7fff
7fff
7fff
7fff
7fff
7fff
7fff
7fff
7fff
7fff
7fff
7fff
7fff
7fff
7fff
7fff
7fff
7fff
7fff
7fff
7fff
7fff
7fff
7fff
7fff
7fff
7fff
7fff
7fff
7fff
7fff
7fff
7fff
7fff
7fff
7fff
7fff
7fff
7fff
7fff
7fff
7fff
7fff
7fff
7fff
7fff
7fff
7fff
7fff
7fff
7fff
7fff
7fff
7fff
7fff
7fff
7fff
7fff
7fff
7fff
7fff
7fff
7fff
7fff
7fff
7fff
7fff
7fff
7fff
7fff
7fff
7fff
7fff
7fff
7fff
7fff
7fff
7fff
7fff
7fff
7fff
7fff
7fff
7fff
7fff
7fff
7fff
7fff
7fff
7fff
7fff
7fff
7fff
7fff
7fff
7fff
7fff
7fff
7fff
7fff
7fff
7fff
7fff
7fff
7fff
7fff
7fff
7fff
7fff
7fff
7fff
7fff
7fff
7fff
7fff
7fff
7fff
7fff
7fff
7fff
7fff
7fff
7fff
7fff
7fff
7fff
7fff
7fff
7fff
7fff
7fff
7fff
7fff
7fff
7fff
7fff
7fff
7fff
7fff
7fff
7fff
7fff
7fff
7fff
7fff
7fff
7fff
7fff
7fff
7fff
7fff
7fff
7fff
7fff
7fff
7fff
7fff
7fff
7fff
7fff
7fff
7fff
7fff
7fff
7fff
7fff
7fff
7fff
7fff
7fff
7fff
7fff
7fff
7fff
7fff
7fff
7fff
7fff
7fff
7fff
7fff
7fff
7fff
7fff
7fff
7fff
7fff
7fff
7fff
7fff
7fff
7fff
7fff
7fff
7fff
7fff
7fff
7fff
7fff
7fff
7fff
7fff
7fff
7fff
7fff
7fff
7fff
7fff
7fff
7fff
7fff
7fff
7fff
7fff
7fff
7fff
7fff
7fff
7fff
7fff
7fff
7fff
7fff
7fff
7fff
7fff
7fff
7fff
7fff
7fff
7fff
7fff
7fff
7fff
7fff
7fff
7fff
7fff
7fff
7fff
7fff
7fff
7fff
7fff
7fff
7fff
7fff
7fff
7fff
7fff
7fff
7fff
7fff
7fff
7fff
7fff
7fff
7fff
7fff
7fff
7fff
7fff
7fff
7fff
7fff
7fff
7fff
7fff
7fff
7fff
7fff
7fff
7fff
7fff
7fff
7fff
7fff
7fff
7fff
7fff
7fff
7fff
7fff
7fff
7fff
7fff
7fff
7fff
7fff
7fff
7fff
7fff
7fff
7fff
7fff
7fff
7fff
7fff
7fff
7fff
7fff
7fff
7fff
7fff
7fff
7fff
7fff
7fff
7fff
7fff
7fff
7fff
7fff
7fff
7fff
7fff
7fff
7fff
7fff
7fff
7fff
7fff
7fff
7fff
7fff
7fff
7fff
7fff
7fff
7fff
7fff
7fff
7fff
7fff
7fff
7fff
7fff
7fff
7fff
7fff
7fff
7fff
7fff
7fff
7fff
7fff
7fff
7fff
7fff
7fff
7fff
7fff
7fff
7fff
7fff
7fff
7fff
7fff
7fff
7fff
7fff
7fff
7fff
7fff
7fff
7fff
7fff
7fff
7fff
7fff
7fff
7fff
7fff
7fff
7fff
7fff
7fff
7fff
7fff
7fff
7fff
7fff
7fff
7fff
7fff
7fff
7fff
7fff
7fff
7fff
7fff
7fff
7fff
7fff
7fff
7fff
7fff
7fff
7fff
7fff
7fff
7fff
7fff
7fff
7fff
7fff
7fff
7fff
7fff
7fff
7fff
7fff
7fff
7fff
7fff
7fff
7fff
7fff
7fff
7fff
7fff
7fff
7fff
7fff
7fff
7fff
7fff
7fff
7fff
7fff
7fff
7fff
7fff
7fff
7fff
7fff
7fff
7fff
7fff
7fff
7fff
7fff
7fff
7fff
7fff
7fff
7fff
7fff
7fff
7fff
7fff
7fff
7fff
7fff
7fff
7fff
7fff
7fff
7fff
7fff
7fff
7fff
7fff
7fff
7fff
7fff
7fff
7fff
7fff
7fff
7fff
7fff
7fff
7fff
7fff
7fff
7fff
7fff
7fff
7fff
7fff
7fff
7fff
7fff
7fff
7fff
7fff
7fff
7fff
7fff
7fff
7fff
7fff
7fff
7fff
7fff
7fff
7fff
7fff
7fff
7fff
7fff
7fff
7fff
7fff
7fff
7fff
7fff
7fff
7fff
7fff
7fff
7fff
7fff
7fff
7fff
7fff
7fff
7fff
7fff
7fff
7fff
7fff
7fff
7fff
7fff
7fff
7fff
7fff
7fff
7fff
7fff
7fff
7fff
7fff
7fff
7fff
7fff
7fff
7fff
7fff
7fff
7fff
7fff
7fff
7fff
7fff
7fff
7fff
7fff
7fff
7fff
7fff
7fff
7fff
7fff
7fff
7fff
7fff
7fff
7fff
7fff
7fff
7fff
7fff
7fff
7fff
7fff
7fff
7fff
7fff
7fff
7fff
7fff
7fff
7fff
7fff
7fff
7fff
7fff
7fff
7fff
7fff
7fff
7fff
7fff
7fff
7fff
7fff
7fff
7fff
7fff
7fff
7fff
7fff
7fff
7fff
7fff
7fff
7fff
7fff
7fff
7fff
7fff
7fff
7fff
7fff
7fff
7fff
7fff
7fff
7fff
7fff
7fff
7fff
7fff
7fff
7fff
7fff
7fff
7fff
7fff
7fff
7fff
7fff
7fff
7fff
7fff
7fff
7fff
7fff
7fff
7fff
7fff
7fff
7fff
7fff
7fff
7fff
7fff
7fff
7fff
7fff
7fff
7fff
7fff
7fff
7fff
7fff
7fff
7fff
7fff
7fff
7fff
7fff
7fff
7fff
7fff
7fff
7fff
7fff
7fff
7fff
7fff
7fff
7fff
7fff
7fff
7fff
7fff
7fff
7fff
7fff
7fff
7fff
7fff
7fff
7fff
7fff
7fff
7fff
7fff
7fff
7fff
7fff
7fff
7fff
7fff
7fff
7fff
7fff
7fff
7fff
7fff
7fff
7fff
7fff
7fff
7fff
7fff
7fff
7fff
7fff
7fff
7fff
7fff
7fff
7fff
7fff
7fff
7fff
7fff
7fff
7fff
7fff
7fff
7fff
7fff
7fff
7fff
7fff
7fff
7fff
7fff
7fff
7fff
7fff
7fff
7fff
7fff
7fff
7fff
7fff
7fff
7fff
7fff
7fff
7fff
7fff
7fff
7fff
7fff
7fff
7fff
7fff
7fff
7fff
7fff
7fff
7fff
7fff
7fff
7fff
7fff
7fff
7fff
7fff
7fff
7fff
7fff
7fff
7fff
7fff
7fff
7fff
7fff
7fff
7fff
7fff
7fff
7fff
7fff
7fff
7fff
7fff
7fff
7fff
7fff
7fff
7fff
7fff
7fff
7fff
7fff
7fff
7fff
7fff
7fff
7fff
7fff
7fff
7fff
7fff
7fff
7fff
7fff
7fff
7fff
7fff
7fff
7fff
7fff
7fff
7fff
7fff
7fff
7fff
7fff
7fff
7fff
7fff
7fff
7fff
7fff
7fff
7fff
7fff
7fff
7fff
7fff
7fff
7fff
7fff
7fff
7fff
7fff
7fff
7fff
7fff
7fff
7fff
7fff
7fff
7fff
7fff
7fff
7fff
7fff
7fff
7fff
7fff
7fff
7fff
7fff
7fff
7fff
7fff
7fff
7fff
7fff
7fff
7fff
7fff
7fff
7fff
7fff
7fff
7fff
7fff
7fff
7fff
7fff
7fff
7fff
7fff
7fff
7fff
7fff
7fff
7fff
7fff
7fff
7fff
7fff
7fff
7fff
7fff
7fff
7fff
7fff
7fff
7fff
7fff
7fff
7fff
7fff
7fff
7fff
7fff
7fff
7fff
7fff
7fff
7fff
7fff
7fff
7fff
7fff
7fff
7fff
7fff
7fff
7fff
7fff
7fff
7fff
7fff
7fff
7fff
7fff
7fff
7fff
7fff
7fff
7fff
7fff
7fff
7fff
7fff
7fff
7fff
7fff
7fff
7fff
7fff
7fff
7fff
7fff
7fff
7fff
7fff
7fff
7fff
7fff
7fff
7fff
7fff
7fff
7fff
7fff
7fff
7fff
7fff
7fff
7fff
7fff
7fff
7fff
7fff
7fff
7fff
7fff
7fff
7fff
7fff
7fff
7fff
7fff
7fff
7fff
7fff
7fff
7fff
7fff
7fff
7fff
7fff
7fff
7fff
7fff
7fff
7fff
7fff
7fff
7fff
7fff
7fff
7fff
7fff
7fff
7fff
7fff
7fff
7fff
7fff
7fff
7fff
7fff
7fff
7fff
7fff
7fff
7fff
7fff
7fff
7fff
7fff
7fff
7fff
7fff
7fff
7fff
7fff
7fff
7fff
7fff
7fff
7fff
7fff
7fff
7fff
7fff
7fff
7fff
7fff
7fff
7fff
7fff
7fff
7fff
7fff
7fff
7fff
7fff
7fff
7fff
7fff
7fff
7fff
7fff
7fff
7fff
7fff
7fff
7fff
7fff
7fff
7fff
7fff
7fff
7fff
7fff
7fff
7fff
7fff
7fff
7fff
7fff
7fff
7fff
7fff
7fff
7fff
7fff
7fff
7fff
7fff
7fff
7fff
7fff
7fff
7fff
7fff
7fff
7fff
7fff
7fff
7fff
7fff
7fff
7fff
7fff
7fff
7fff
7fff
7fff
7fff
7fff
7fff
7fff
7fff
7fff
7fff
7fff
7fff
7fff
7fff
7fff
7fff
7fff
7fff
7fff
7fff
7fff
7fff
7fff
7fff
7fff
7fff
7fff
7fff
7fff
7fff
7fff
7fff
7fff
7fff
7fff
7fff
7fff
7fff
7fff
7fff
7fff
7fff
7fff
7fff
7fff
7fff
7fff
7fff
7fff
7fff
7fff
7fff
7fff
7fff
7fff
7fff
7fff
7fff
7fff
7fff
7fff
7fff
7fff
7fff
7fff
7fff
7fff
7fff
7fff
7fff
7fff
7fff
7fff
7fff
7fff
7fff
7fff
7fff
7fff
7fff
7fff
7fff
7fff
7fff
7fff
7fff
7fff
7fff
7fff
7fff
7fff
7fff
7fff
7fff
7fff
7fff
7fff
7fff
7fff
7fff
7fff
7fff
7fff
7fff
7fff
7fff
7fff
7fff
7fff
7fff
7fff
7fff
7fff
7fff
7fff
7fff
7fff
7fff
7fff
7fff
7fff
7fff
7fff
7fff
7fff
7fff
7fff
7fff
7fff
7fff
7fff
7fff
7fff
7fff
7fff
7fff
7fff
7fff
7fff
7fff
7fff
7fff
7fff
7fff
7fff
7fff
7fff
7fff
7fff
7fff
7fff
7fff
7fff
7fff
7fff
7fff
7fff
7fff
7fff
7fff
7fff
7fff
7fff
7fff
7fff
7fff
7fff
7fff
7fff
7fff
7fff
7fff
7fff
7fff
7fff
7fff
7fff
7fff
7fff
7fff
7fff
7fff
7fff
7fff
7fff
7fff
7fff
7fff
7fff
7fff
7fff
7fff
7fff
7fff
7fff
7fff
7fff
7fff
7fff
7fff
7fff
7fff
7fff
7fff
7fff
7fff
7fff
7fff
7fff
7fff
7fff
7fff
7fff
7fff
7fff
7fff
7fff
7fff
7fff
7fff
7fff
7fff
7fff
7fff
7fff
7fff
7fff
7fff
7fff
7fff
7fff
7fff
7fff
7fff
7fff
7fff
7fff
7fff
7fff
7fff
7fff
7fff
7fff
7fff
7fff
7fff
7fff
7fff
7fff
7fff
7fff
7fff
7fff
7fff
7fff
7fff
7fff
7fff
7fff
7fff
7fff
7fff
7fff
7fff
7fff
7fff
7fff
7fff
7fff
7fff
7fff
7fff
7fff
7fff
7fff
7fff
7fff
7fff
7fff
7fff
7fff
7fff
7fff
7fff
7fff
7fff
7fff
7fff
7fff
7fff
7fff
7fff
7fff
7fff
7fff
7fff
7fff
7fff
7fff
7fff
7fff
7fff
7fff
7fff
7fff
7fff
7fff
7fff
7fff
7fff
7fff
7fff
7fff
7fff
7fff
7fff
7fff
7fff
7fff
7fff
7fff
7fff
7fff
7fff
7fff
7fff
7fff
7fff
7fff
7fff
7fff
7fff
7fff
7fff
7fff
7fff
7fff
7fff
7fff
7fff
7fff
7fff
7fff
7fff
7fff
7fff
7fff
7fff
7fff
7fff
7fff
7fff
7fff
7fff
7fff
7fff
7fff
7fff
7fff
7fff
7fff
7fff
7fff
7fff
7fff
7fff
7fff
7fff
7fff
7fff
7fff
7fff
7fff
7fff
7fff
7fff
7fff
7fff
7fff
7fff
7fff
7fff
7fff
7fff
7fff
7fff
7fff
7fff
7fff
7fff
7fff
7fff
7fff
7fff
7fff
7fff
7fff
7fff
7fff
7fff
7fff
7fff
7fff
7fff
7fff
7fff
7fff
7fff
7fff
7fff
7fff
7fff
7fff
7fff
7fff
7fff
7fff
7fff
7fff
7fff
7fff
7fff
7fff
7fff
7fff
7fff
7fff
7fff
7fff
7fff
7fff
7fff
7fff
7fff
7fff
7fff
7fff
7fff
7fff
7fff
7fff
7fff
7fff
7fff
7fff
7fff
7fff
7fff
7fff
7fff
7fff
7fff
7fff
7fff
7fff
7fff
7fff
7fff
7fff
7fff
7fff
7fff
7fff
7fff
7fff
7fff
7fff
7fff
7fff
7fff
7fff
7fff
7fff
7fff
7fff
7fff
7fff
7fff
7fff
7fff
7fff
7fff
7fff
7fff
7fff
7fff
7fff
7fff
7fff
7fff
7fff
7fff
7fff
7fff
7fff
7fff
7fff
7fff
7fff
7fff
7fff
7fff
7fff
7fff
7fff
7fff
7fff
7fff
7fff
7fff
7fff
7fff
7fff
7fff
7fff
7fff
7fff
7fff
7fff
7fff
7fff
7fff
7fff
7fff
7fff
7fff
7fff
7fff
7fff
7fff
7fff
7fff
7fff
7fff
7fff
7fff
7fff
7fff
7fff
7fff
7fff
7fff
7fff
7fff
7fff
7fff
7fff
7fff
7fff
7fff
7fff
7fff
7fff
7fff
7fff
7fff
7fff
7fff
7fff
7fff
7fff
7fff
7fff
7fff
7fff
7fff
7fff
7fff
7fff
7fff
7fff
7fff
7fff
7fff
7fff
7fff
7fff
7fff
7fff
7fff
7fff
7fff
7fff
7fff
7fff
7fff
7fff
7fff
7fff
7fff
7fff
7fff
7fff
7fff
7fff
7fff
7fff
7fff
7fff
7fff
7fff
7fff
7fff
7fff
7fff
7fff
7fff
7fff
7fff
7fff
7fff
7fff
7fff
7fff
7fff
7fff
7fff
7fff
7fff
7fff
7fff
7fff
7fff
7fff
7fff
7fff
7fff
7fff
7fff
7fff
7fff
7fff
7fff
7fff
7fff
7fff
7fff
7fff
7fff
7fff
7fff
7fff
7fff
7fff
7fff
7fff
7fff
7fff
7fff
7fff
7fff
7fff
7fff
7fff
7fff
7fff
7fff
7fff
7fff
7fff
7fff
7fff
7fff
7fff
7fff
7fff
7fff
7fff
7fff
7fff
7fff
7fff
7fff
7fff
7fff
7fff
7fff
7fff
7fff
7fff
7fff
7fff
7fff
7fff
7fff
7fff
7fff
7fff
7fff
7fff
7fff
7fff
7fff
7fff
7fff
7fff
7fff
7fff
7fff
7fff
7fff
7fff
7fff
7fff
7fff
7fff
7fff
7fff
7fff
7fff
7fff
7fff
7fff
7fff
7fff
7fff
7fff
7fff
7fff
7fff
7fff
7fff
7fff
7fff
7fff
7fff
7fff
7fff
7fff
7fff
7fff
7fff
7fff
7fff
7fff
7fff
7fff
7fff
7fff
7fff
7fff
7fff
7fff
7fff
7fff
7fff
7fff
7fff
7fff
7fff
7fff
7fff
7fff
7fff
7fff
7fff
7fff
7fff
7fff
7fff
7fff
7fff
7fff
7fff
7fff
7fff
7fff
7fff
7fff
7fff
7fff
7fff
7fff
7fff
7fff
7fff
7fff
7fff
7fff
7fff
7fff
7fff
7fff
7fff
7fff
7fff
7fff
7fff
7fff
7fff
7fff
7fff
7fff
7fff
7fff
7fff
7fff
7fff
7fff
7fff
7fff
7fff
7fff
7fff
7fff
7fff
7fff
7fff
7fff
7fff
7fff
7fff
7fff
7fff
7fff
7fff
7fff
7fff
7fff
7fff
7fff
7fff
7fff
7fff
7fff
7fff
7fff
7fff
7fff
7fff
7fff
7fff
7fff
7fff
7fff
7fff
7fff
7fff
7fff
7fff
7fff
7fff
7fff
7fff
7fff
7fff
7fff
7fff
7fff
7fff
7fff
7fff
7fff
7fff
7fff
7fff
7fff
7fff
7fff
7fff
7fff
7fff
7fff
7fff
7fff
7fff
7fff
7fff
7fff
7fff
7fff
7fff
7fff
7fff
7fff
7fff
7fff
7fff
7fff
7fff
7fff
7fff
7fff
7fff
7fff
7fff
7fff
7fff
7fff
7fff
7fff
7fff
7fff
7fff
7fff
7fff
7fff
7fff
7fff
7fff
7fff
7fff
7fff
7fff
7fff
7fff
7fff
7fff
7fff
7fff
7fff
7fff
7fff
7fff
7fff
7fff
7fff
7fff
7fff
7fff
7fff
7fff
7fff
7fff
7fff
7fff
7fff
7fff
7fff
7fff
7fff
7fff
7fff
7fff
7fff
7fff
7fff
7fff
7fff
7fff
7fff
7fff
7fff
7fff
7fff
7fff
7fff
7fff
7fff
7fff
7fff
7fff
7fff
7fff
7fff
7fff
7fff
7fff
7fff
7fff
7fff
7fff
7fff
7fff
7fff
7fff
7fff
7fff
7fff
7fff
7fff
7fff
7fff
7fff
7fff
7fff
7fff
7fff
7fff
7fff
7fff
7fff
7fff
7fff
7fff
7fff
7fff
7fff
7fff
7fff
7fff
7fff
7fff
7fff
7fff
7fff
7fff
7fff
7fff
7fff
7fff
7fff
7fff
7fff
7fff
7fff
7fff
7fff
7fff
7fff
7fff
7fff
7fff
7fff
7fff
7fff
7fff
7fff
7fff
7fff
7fff
7fff
7fff
7fff
7fff
7fff
7fff
7fff
7fff
7fff
7fff
7fff
7fff
7fff
7fff
7fff
7fff
7fff
7fff
7fff
7fff
7fff
7fff
7fff
7fff
7fff
7fff
7fff
7fff
7fff
7fff
7fff
7fff
7fff
7fff
7fff
7fff
7fff
7fff
7fff
7fff
7fff
7fff
7fff
7fff
7fff
7fff
7fff
7fff
7fff
7fff
7fff
7fff
7fff
7fff
7fff
7fff
7fff
7fff
7fff
7fff
7fff
7fff
7fff
7fff
7fff
7fff
7fff
7fff
7fff
7fff
7fff
7fff
7fff
7fff
7fff
7fff
7fff
7fff
7fff
7fff
7fff
7fff
7fff
7fff
7fff
7fff
7fff
7fff
7fff
7fff
7fff
7fff
7fff
7fff
7fff
7fff
7fff
7fff
7fff
7fff
7fff
7fff
7fff
7fff
7fff
7fff
7fff
7fff
7fff
7fff
7fff
7fff
7fff
7fff
7fff
7fff
7fff
7fff
7fff
7fff
7fff
7fff
7fff
7fff
7fff
7fff
7fff
7fff
7fff
7fff
7fff
7fff
7fff
7fff
7fff
7fff
7fff
7fff
7fff
7fff
7fff
7fff
7fff
7fff
7fff
7fff
7fff
7fff
7fff
7fff
7fff
7fff
7fff
7fff
7fff
7fff
7fff
7fff
7fff
7fff
7fff
7fff
7fff
7fff
7fff
7fff
7fff
7fff
7fff
7fff
7fff
7fff
7fff
7fff
7fff
7fff
7fff
7fff
7fff
7fff
7fff
7fff
7fff
7fff
7fff
7fff
7fff
7fff
7fff
7fff
7fff
7fff
7fff
7fff
7fff
7fff
7fff
7fff
7fff
7fff
7fff
7fff
7fff
7fff
7fff
7fff
7fff
7fff
7fff
7fff
7fff
7fff
7fff
7fff
7fff
7fff
7fff
7fff
7fff
7fff
7fff
7fff
7fff
7fff
7fff
7fff
7fff
7fff
7fff
7fff
7fff
7fff
7fff
7fff
7fff
7fff
7fff
7fff
7fff
7fff
7fff
7fff
7fff
7fff
7fff
7fff
7fff
7fff
7fff
7fff
7fff
7fff
7fff
7fff
7fff
7fff
7fff
7fff
7fff
7fff
7fff
7fff
7fff
7fff
7fff
7fff
7fff
7fff
7fff
7fff
7fff
7fff
7fff
7fff
7fff
7fff
7fff
7fff
7fff
7fff
7fff
7fff
7fff
7fff
7fff
7fff
7fff
7fff
7fff
7fff
7fff
7fff
7fff
7fff
7fff
7fff
7fff
7fff
7fff
7fff
7fff
7fff
7fff
7fff
7fff
7fff
7fff
7fff
7fff
7fff
7fff
7fff
7fff
7fff
7fff
7fff
7fff
7fff
7fff
7fff
7fff
7fff
7fff
7fff
7fff
7fff
7fff
7fff
7fff
7fff
7fff
7fff
7fff
7fff
7fff
7fff
7fff
7fff
7fff
7fff
7fff
7fff
7fff
7fff
7fff
7fff
7fff
7fff
7fff
7fff
7fff
7fff
7fff
7fff
7fff
7fff
7fff
7fff
7fff
7fff
7fff
7fff
7fff
7fff
7fff
7fff
7fff
7fff
7fff
7fff
7fff
7fff
7fff
7fff
7fff
7fff
7fff
7fff
7fff
7fff
7fff
7fff
7fff
7fff
7fff
7fff
7fff
7fff
7fff
7fff
7fff
7fff
7fff
7fff
7fff
7fff
7fff
7fff
7fff
7fff
7fff
7fff
7fff
7fff
7fff
7fff
7fff
7fff
7fff
7fff
7fff
7fff
7fff
7fff
7fff
7fff
7fff
7fff
7fff
7fff
7fff
7fff
7fff
7fff
7fff
7fff
7fff
7fff
7fff
7fff
7fff
7fff
7fff
7fff
7fff
7fff
7fff
7fff
7fff
7fff
7fff
7fff
7fff
7fff
7fff
7fff
7fff
7fff
7fff
7fff
7fff
7fff
7fff
7fff
7fff
7fff
7fff
7fff
7fff
7fff
7fff
7fff
7fff
7fff
7fff
7fff
7fff
7fff
7fff
7fff
7fff
7fff
7fff
7fff
7fff
7fff
7fff
7fff
7fff
7fff
7fff
7fff
7fff
7fff
7fff
7fff
7fff
7fff
7fff
7fff
7fff
7fff
7fff
7fff
7fff
7fff
7fff
7fff
7fff
7fff
7fff
7fff
7fff
7fff
7fff
7fff
7fff
7fff
7fff
7fff
7fff
7fff
7fff
7fff
7fff
7fff
7fff
7fff
7fff
7fff
7fff
7fff
7fff
7fff
7fff
7fff
7fff
7fff
7fff
7fff
7fff
7fff
7fff
7fff
7fff
7fff
7fff
7fff
7fff
7fff
7fff
7fff
7fff
7fff
7fff
7fff
7fff
7fff
7fff
7fff
7fff
7fff
7fff
7fff
7fff
7fff
7fff
7fff
7fff
7fff
7fff
7fff
7fff
7fff
7fff
7fff
7fff
7fff
7fff
7fff
7fff
7fff
7fff
7fff
7fff
7fff
7fff
7fff
7fff
7fff
7fff
7fff
7fff
7fff
7fff
7fff
7fff
7fff
7fff
7fff
7fff
7fff
7fff
7fff
7fff
7fff
7fff
7fff
7fff
7fff
7fff
7fff
7fff
7fff
7fff
7fff
7fff
7fff
7fff
7fff
7fff
7fff
7fff
7fff
7fff
7fff
7fff
7fff
7fff
7fff
7fff
7fff
7fff
7fff
7fff
7fff
7fff
7fff
7fff
7fff
7fff
7fff
7fff
7fff
7fff
7fff
7fff
7fff
7fff
7fff
7fff
7fff
7fff
7fff
7fff
7fff
7fff
7fff
7fff
7fff
7fff
7fff
7fff
7fff
7fff
7fff
7fff
7fff
7fff
7fff
7fff
7fff
7fff
7fff
7fff
7fff
7fff
7fff
7fff
7fff
7fff
7fff
7fff
7fff
7fff
7fff
7fff
7fff
7fff
7fff
7fff
7fff
7fff
7fff
7fff
7fff
7fff
7fff
7fff
7fff
7fff
7fff
7fff
7fff
7fff
7fff
7fff
7fff
7fff
7fff
7fff
7fff
7fff
7fff
7fff
7fff
7fff
7fff
7fff
7fff
7fff
7fff
7fff
7fff
7fff
7fff
7fff
7fff
7fff
7fff
7fff
7fff
7fff
7fff
7fff
7fff
7fff
7fff
7fff
7fff
7fff
7fff
7fff
7fff
7fff
7fff
7fff
7fff
7fff
7fff
7fff
7fff
7fff
7fff
7fff
7fff
7fff
7fff
7fff
7fff
7fff
7fff
7fff
7fff
7fff
7fff
7fff
7fff
7fff
7fff
7fff
7fff
7fff
7fff
7fff
7fff
7fff
7fff
7fff
7fff
7fff
7fff
7fff
7fff
7fff
7fff
7fff
7fff
7fff
7fff
7fff
7fff
7fff
7fff
7fff
7fff
7fff
7fff
7fff
7fff
7fff
7fff
7fff
7fff
7fff
7fff
7fff
7fff
7fff
7fff
7fff
7fff
7fff
7fff
7fff
7fff
7fff
7fff
7fff
7fff
7fff
7fff
7fff
7fff
7fff
7fff
7fff
7fff
7fff
7fff
7fff
7fff
7fff
7fff
7fff
7fff
7fff
7fff
7fff
7fff
7fff
7fff
7fff
7fff
7fff
7fff
7fff
7fff
7fff
7fff
7fff
7fff
7fff
7fff
7fff
7fff
7fff
7fff
7fff
7fff
7fff
7fff
7fff
7fff
7fff
7fff
7fff
7fff
7fff
7fff
7fff
7fff
7fff
7fff
7fff
7fff
7fff
7fff
7fff
7fff
7fff
7fff
7fff
7fff
7fff
7fff
7fff
7fff
7fff
7fff
7fff
7fff
7fff
7fff
7fff
7fff
7fff
7fff
7fff
7fff
7fff
7fff
7fff
7fff
7fff
7fff
7fff
7fff
7fff
7fff
7fff
7fff
7fff
7fff
7fff
7fff
7fff
7fff
7fff
7fff
7fff
7fff
7fff
7fff
7fff
7fff
7fff
7fff
7fff
7fff
7fff
7fff
7fff
7fff
7fff
7fff
7fff
7fff
7fff
7fff
7fff
7fff
7fff
7fff
7fff
7fff
7fff
7fff
7fff
7fff
7fff
7fff
7fff
7fff
7fff
7fff
7fff
7fff
7fff
7fff
7fff
7fff
7fff
7fff
7fff
7fff
7fff
7fff
7fff
7fff
7fff
7fff
7fff
7fff
7fff
7fff
7fff
7fff
7fff
7fff
7fff
7fff
7fff
7fff
7fff
7fff
7fff
7fff
7fff
7fff
7fff
7fff
7fff
7fff
7fff
7fff
7fff
7fff
7fff
7fff
7fff
7fff
7fff
7fff
7fff
7fff
7fff
7fff
7fff
7fff
7fff
7fff
7fff
7fff
7fff
7fff
7fff
7fff
7fff
7fff
7fff
7fff
7fff
7fff
7fff
7fff
7fff
7fff
7fff
7fff
7fff
7fff
7fff
7fff
7fff
7fff
7fff
7fff
7fff
7fff
7fff
7fff
7fff
7fff
7fff
7fff
7fff
7fff
7fff
7fff
7fff
7fff
7fff
7fff
7fff
7fff
7fff
7fff
7fff
7fff
7fff
7fff
7fff
7fff
7fff
7fff
7fff
7fff
7fff
7fff
7fff
7fff
7fff
7fff
7fff
7fff
7fff
7fff
7fff
7fff
7fff
7fff
7fff
7fff
7fff
7fff
7fff
7fff
7fff
7fff
7fff
7fff
7fff
7fff
7fff
7fff
7fff
7fff
7fff
7fff
7fff
7fff
7fff
7fff
7fff
7fff
7fff
7fff
7fff
7fff
7fff
7fff
7fff
7fff
7fff
7fff
7fff
7fff
7fff
7fff
7fff
7fff
7fff
7fff
7fff
7fff
7fff
7fff
7fff
7fff
7fff
7fff
7fff
7fff
7fff
7fff
7fff
7fff
7fff
7fff
7fff
7fff
7fff
7fff
7fff
7fff
7fff
7fff
7fff
7fff
7fff
7fff
7fff
7fff
7fff
7fff
7fff
7fff
7fff
7fff
7fff
7fff
7fff
7fff
7fff
7fff
7fff
7fff
7fff
7fff
7fff
7fff
7fff
7fff
7fff
7fff
7fff
7fff
7fff
7fff
7fff
7fff
7fff
7fff
7fff
7fff
7fff
7fff
7fff
7fff
7fff
7fff
7fff
7fff
7fff
7fff
7fff
7fff
7fff
7fff
7fff
7fff
7fff
7fff
7fff
7fff
7fff
7fff
7fff
7fff
7fff
7fff
7fff
7fff
7fff
7fff
7fff
7fff
7fff
7fff
7fff
7fff
7fff
7fff
7fff
7fff
7fff
7fff
7fff
7fff
7fff
7fff
7fff
7fff
7fff
7fff
7fff
7fff
7fff
7fff
7fff
7fff
7fff
7fff
7fff
7fff
7fff
7fff
7fff
7fff
7fff
7fff
7fff
7fff
7fff
7fff
7fff
7fff
7fff
7fff
7fff
7fff
7fff
7fff
7fff
7fff
7fff
7fff
7fff
7fff
7fff
7fff
7fff
7fff
7fff
7fff
7fff
7fff
7fff
7fff
7fff
7fff
7fff
7fff
7fff
7fff
7fff
7fff
7fff
7fff
7fff
7fff
7fff
7fff
7fff
7fff
7fff
7fff
7fff
7fff
7fff
7fff
7fff
7fff
7fff
7fff
7fff
7fff
7fff
7fff
7fff
7fff
7fff
7fff
7fff
7fff
7fff
7fff
7fff
7fff
7fff
7fff
7fff
7fff
7fff
7fff
7fff
7fff
7fff
7fff
7fff
7fff
7fff
7fff
7fff
7fff
7fff
7fff
7fff
7fff
7fff
7fff
7fff
7fff
7fff
7fff
7fff
7fff
7fff
7fff
7fff
7fff
7fff
7fff
7fff
7fff
7fff
7fff
7fff
7fff
7fff
7fff
7fff
7fff
7fff
7fff
7fff
7fff
7fff
7fff
7fff
7fff
7fff
7fff
7fff
7fff
7fff
7fff
7fff
7fff
7fff
7fff
7fff
7fff
7fff
7fff
7fff
7fff
7fff
7fff
7fff
7fff
7fff
7fff
7fff
7fff
7fff
7fff
7fff
7fff
7fff
7fff
7fff
7fff
7fff
7fff
7fff
7fff
7fff
7fff
7fff
7fff
7fff
7fff
7fff
7fff
7fff
7fff
7fff
7fff
7fff
7fff
7fff
7fff
7fff
7fff
7fff
7fff
7fff
7fff
7fff
7fff
7fff
7fff
7fff
7fff
7fff
7fff
7fff
7fff
7fff
7fff
7fff
7fff
7fff
7fff
7fff
7fff
7fff
7fff
7fff
7fff
7fff
7fff
7fff
7fff
7fff
7fff
7fff
7fff
7fff
7fff
7fff
7fff
7fff
7fff
7fff
7fff
7fff
7fff
7fff
7fff
7fff
7fff
7fff
7fff
7fff
7fff
7fff
7fff
7fff
7fff
7fff
7fff
7fff
7fff
7fff
7fff
7fff
7fff
7fff
7fff
7fff
7fff
7fff
7fff
7fff
7fff
7fff
7fff
7fff
7fff
7fff
7fff
7fff
7fff
7fff
7fff
7fff
7fff
7fff
7fff
7fff
7fff
7fff
7fff
7fff
7fff
7fff
7fff
7fff
7fff
7fff
7fff
7fff
7fff
7fff
7fff
7fff
7fff
7fff
7fff
7fff
7fff
7fff
7fff
7fff
7fff
7fff
7fff
7fff
7fff
7fff
7fff
7fff
7fff
7fff
7fff
7fff
7fff
7fff
7fff
7fff
7fff
7fff
7fff
7fff
7fff
7fff
7fff
7fff
7fff
7fff
7fff
7fff
7fff
7fff
7fff
7fff
7fff
7fff
7fff
7fff
7fff
7fff
7fff
7fff
7fff
7fff
7fff
7fff
7fff
7fff
7fff
7fff
7fff
7fff
7fff
7fff
7fff
7fff
7fff
7fff
7fff
7fff
7fff
7fff
7fff
7fff
7fff
7fff
7fff
7fff
7fff
7fff
7fff
7fff
7fff
7fff
7fff
7fff
7fff
7fff
7fff
7fff
7fff
7fff
7fff
7fff
7fff
7fff
7fff
7fff
7fff
7fff
7fff
7fff
7fff
7fff
7fff
7fff
7fff
7fff
7fff
7fff
7fff
7fff
7fff
7fff
7fff
7fff
7fff
7fff
7fff
7fff
7fff
7fff
7fff
7fff
7fff
7fff
7fff
7fff
7fff
7fff
7fff
7fff
7fff
7fff
7fff
7fff
7fff
7fff
7fff
7fff
7fff
7fff
7fff
7fff
7fff
7fff
7fff
7fff
7fff
7fff
7fff
7fff
7fff
7fff
7fff
7fff
7fff
7fff
7fff
7fff
7fff
7fff
7fff
7fff
7fff
7fff
7fff
7fff
7fff
7fff
7fff
7fff
7fff
7fff
7fff
7fff
7fff
7fff
7fff
7fff
7fff
7fff
7fff
7fff
7fff
7fff
7fff
7fff
7fff
7fff
7fff
7fff
7fff
7fff
7fff
7fff
7fff
7fff
7fff
7fff
7fff
7fff
7fff
7fff
7fff
7fff
7fff
7fff
7fff
7fff
7fff
7fff
7fff
7fff
7fff
7fff
7fff
7fff
7fff
7fff
7fff
7fff
7fff
7fff
7fff
7fff
7fff
7fff
7fff
7fff
7fff
7fff
7fff
7fff
7fff
7fff
7fff
7fff
7fff
7fff
7fff
7fff
7fff
7fff
7fff
7fff
7fff
7fff
7fff
7fff
7fff
7fff
7fff
7fff
7fff
7fff
7fff
7fff
7fff
7fff
7fff
7fff
7fff
7fff
7fff
7fff
7fff
7fff
7fff
7fff
7fff
7fff
7fff
7fff
7fff
7fff
7fff
7fff
7fff
7fff
7fff
7fff
7fff
7fff
7fff
7fff
7fff
7fff
7fff
7fff
7fff
7fff
7fff
7fff
7fff
7fff
7fff
7fff
7fff
7fff
7fff
7fff
7fff
7fff
7fff
7fff
7fff
7fff
7fff
7fff
7fff
7fff
7fff
7fff
7fff
7fff
7fff
7fff
7fff
7fff
7fff
7fff
7fff
7fff
7fff
7fff
7fff
7fff
7fff
7fff
7fff
7fff
7fff
7fff
7fff
7fff
7fff
7fff
7fff
7fff
7fff
7fff
7fff
7fff
7fff
7fff
7fff
7fff
7fff
7fff
7fff
7fff
7fff
7fff
7fff
7fff
7fff
7fff
7fff
7fff
7fff
7fff
7fff
7fff
7fff
7fff
7fff
7fff
7fff
7fff
7fff
7fff
7fff
7fff
7fff
7fff
7fff
7fff
7fff
7fff
7fff
7fff
7fff
7fff
7fff
7fff
7fff
7fff
7fff
7fff
7fff
7fff
7fff
7fff
7fff
7fff
7fff
7fff
7fff
7fff
7fff
7fff
7fff
7fff
7fff
7fff
7fff
7fff
7fff
7fff
7fff
7fff
7fff
7fff
7fff
7fff
7fff
7fff
7fff
7fff
7fff
7fff
7fff
7fff
7fff
7fff
7fff
7fff
7fff
7fff
7fff
7fff
7fff
7fff
7fff
7fff
7fff
7fff
7fff
7fff
7fff
7fff
7fff
7fff
7fff
7fff
7fff
7fff
7fff
7fff
7fff
7fff
7fff
7fff
7fff
7fff
7fff
7fff
7fff
7fff
7fff
7fff
7fff
7fff
7fff
7fff
7fff
7fff
7fff
7fff
7fff
7fff
7fff
7fff
7fff
7fff
7fff
7fff
7fff
7fff
7fff
7fff
7fff
7fff
7fff
7fff
7fff
7fff
7fff
7fff
7fff
7fff
7fff
7fff
7fff
7fff
7fff
7fff
7fff
7fff
7fff
7fff
7fff
7fff
7fff
7fff
7fff
7fff
7fff
7fff
7fff
7fff
7fff
7fff
7fff
7fff
7fff
7fff
7fff
7fff
7fff
7fff
7fff
7fff
7fff
7fff
7fff
7fff
7fff
7fff
7fff
7fff
7fff
7fff
7fff
7fff
7fff
7fff
7fff
7fff
7fff
7fff
7fff
7fff
7fff
7fff
7fff
7fff
7fff
7fff
7fff
7fff
7fff
7fff
7fff
7fff
7fff
7fff
7fff
7fff
7fff
7fff
7fff
7fff
7fff
7fff
7fff
7fff
7fff
7fff
7fff
7fff
7fff
7fff
7fff
7fff
7fff
7fff
7fff
7fff
7fff
7fff
7fff
7fff
7fff
7fff
7fff
7fff
7fff
7fff
7fff
7fff
7fff
7fff
7fff
7fff
7fff
7fff
7fff
7fff
7fff
7fff
7fff
7fff
7fff
7fff
7fff
7fff
7fff
7fff
7fff
7fff
7fff
7fff
7fff
7fff
7fff
7fff
7fff
7fff
7fff
7fff
7fff
7fff
7fff
7fff
7fff
7fff
7fff
7fff
7fff
7fff
7fff
7fff
7fff
7fff
7fff
7fff
7fff
7fff
7fff
7fff
7fff
7fff
7fff
7fff
7fff
7fff
7fff
7fff
7fff
7fff
7fff
7fff
7fff
7fff
7fff
7fff
7fff
7fff
7fff
7fff
7fff
7fff
7fff
7fff
7fff
7fff
7fff
7fff
7fff
7fff
7fff
7fff
7fff
7fff
7fff
7fff
7fff
7fff
7fff
7fff
7fff
7fff
7fff
7fff
7fff
7fff
7fff
7fff
7fff
7fff
7fff
7fff
7fff
7fff
7fff
7fff
7fff
7fff
7fff
7fff
7fff
7fff
7fff
7fff
7fff
7fff
7fff
7fff
7fff
7fff
7fff
7fff
7fff
7fff
7fff
7fff
7fff
7fff
7fff
7fff
7fff
7fff
7fff
7fff
7fff
7fff
7fff
7fff
7fff
7fff
7fff
7fff
7fff
7fff
7fff
7fff
7fff
7fff
7fff
7fff
7fff
7fff
7fff
7fff
7fff
7fff
7fff
7fff
7fff
7fff
7fff
7fff
7fff
7fff
7fff
7fff
7fff
7fff
7fff
7fff
7fff
7fff
7fff
7fff
7fff
7fff
7fff
7fff
7fff
7fff
7fff
7fff
7fff
7fff
7fff
7fff
7fff
7fff
7fff
7fff
7fff
7fff
7fff
7fff
7fff
7fff
7fff
7fff
7fff
7fff
7fff
7fff
7fff
7fff
7fff
7fff
7fff
7fff
7fff
7fff
7fff
7fff
7fff
7fff
7fff
7fff
7fff
7fff
7fff
7fff
7fff
7fff
7fff
7fff
7fff
7fff
7fff
7fff
7fff
7fff
7fff
7fff
7fff
7fff
7fff
7fff
7fff
7fff
7fff
7fff
7fff
7fff
7fff
7fff
7fff
7fff
7fff
7fff
7fff
7fff
7fff
7fff
7fff
7fff
7fff
7fff
7fff
7fff
7fff
7fff
7fff
7fff
7fff
7fff
7fff
7fff
7fff
7fff
7fff
7fff
7fff
7fff
7fff
7fff
7fff
7fff
7fff
7fff
7fff
7fff
7fff
7fff
7fff
7fff
7fff
7fff
7fff
7fff
7fff
7fff
7fff
7fff
7fff
7fff
7fff
7fff
7fff
7fff
7fff
7fff
7fff
7fff
7fff
7fff
7fff
7fff
7fff
7fff
7fff
7fff
7fff
7fff
7fff
7fff
7fff
7fff
7fff
7fff
7fff
7fff
7fff
7fff
7fff
7fff
7fff
7fff
7fff
7fff
7fff
7fff
7fff
7fff
7fff
7fff
7fff
7fff
7fff
7fff
7fff
7fff
7fff
7fff
7fff
7fff
7fff
7fff
7fff
7fff
7fff
7fff
7fff
7fff
7fff
7fff
7fff
7fff
7fff
7fff
7fff
7fff
7fff
7fff
7fff
7fff
7fff
7fff
7fff
7fff
7fff
7fff
7fff
7fff
7fff
7fff
7fff
7fff
7fff
7fff
7fff
7fff
7fff
7fff
7fff
7fff
7fff
7fff
7fff
7fff
7fff
7fff
7fff
7fff
7fff
7fff
7fff
7fff
7fff
7fff
7fff
7fff
7fff
7fff
7fff
7fff
7fff
7fff
7fff
7fff
7fff
7fff
7fff
7fff
7fff
