----------------
; Command Info ;
----------------
Report Timing: Found 40 removal paths (0 violated).  Worst case slack is 0.459 

Tcl Command:
    report_timing -removal -show_routing -file {D:/2151097_Nguyen Nhut Khanh/docs/verification/timing/fullrtl100_select3/fast_1100mv_85c_removal.rpt} -nworst 1 -npaths 40 -detail full_path

Options:
    -removal 
    -nworst 1 
    -npaths 40 
    -show_routing 
    -detail full_path 
    -file {D:/2151097_Nguyen Nhut Khanh/docs/verification/timing/fullrtl100_select3/fast_1100mv_85c_removal.rpt} 

Delay Model:
    Fast 1100mV 85C Model

+-------------------------------------------------------------------------------------------------------------------------------------------------------------------------------------------------------------------------------------------------------------------------------------------------------------------------+
; Summary of Paths                                                                                                                                                                                                                                                                                                        ;
+-------+---------------------------------------------------------------------------------------------------+---------------------------------------------------------------------------------------------------------------------------------------+--------------+-------------+--------------+------------+------------+
; Slack ; From Node                                                                                         ; To Node                                                                                                                               ; Launch Clock ; Latch Clock ; Relationship ; Clock Skew ; Data Delay ;
+-------+---------------------------------------------------------------------------------------------------+---------------------------------------------------------------------------------------------------------------------------------------+--------------+-------------+--------------+------------+------------+
; 0.459 ; llm_bank_ram:u_vectors|altshift_taps:group_write_mask_q_rtl_0|shift_taps_tcv:auto_generated|dffe6 ; llm_bank_ram:u_vectors|altshift_taps:group_write_mask_q_rtl_0|shift_taps_tcv:auto_generated|altsyncram_dfc1:altsyncram4|ram_block7a29 ; clk          ; clk         ; 0.000        ; 0.036      ; 0.495      ;
; 0.459 ; llm_bank_ram:u_vectors|altshift_taps:group_write_mask_q_rtl_0|shift_taps_tcv:auto_generated|dffe6 ; llm_bank_ram:u_vectors|altshift_taps:group_write_mask_q_rtl_0|shift_taps_tcv:auto_generated|altsyncram_dfc1:altsyncram4|ram_block7a6  ; clk          ; clk         ; 0.000        ; 0.036      ; 0.495      ;
; 0.459 ; llm_bank_ram:u_vectors|altshift_taps:group_write_mask_q_rtl_0|shift_taps_tcv:auto_generated|dffe6 ; llm_bank_ram:u_vectors|altshift_taps:group_write_mask_q_rtl_0|shift_taps_tcv:auto_generated|altsyncram_dfc1:altsyncram4|ram_block7a10 ; clk          ; clk         ; 0.000        ; 0.036      ; 0.495      ;
; 0.460 ; llm_bank_ram:u_vectors|altshift_taps:group_write_mask_q_rtl_0|shift_taps_tcv:auto_generated|dffe6 ; llm_bank_ram:u_vectors|altshift_taps:group_write_mask_q_rtl_0|shift_taps_tcv:auto_generated|altsyncram_dfc1:altsyncram4|ram_block7a13 ; clk          ; clk         ; 0.000        ; 0.035      ; 0.495      ;
; 0.461 ; llm_bank_ram:u_vectors|altshift_taps:group_write_mask_q_rtl_0|shift_taps_tcv:auto_generated|dffe6 ; llm_bank_ram:u_vectors|altshift_taps:group_write_mask_q_rtl_0|shift_taps_tcv:auto_generated|altsyncram_dfc1:altsyncram4|ram_block7a26 ; clk          ; clk         ; 0.000        ; 0.034      ; 0.495      ;
; 0.461 ; llm_bank_ram:u_vectors|altshift_taps:group_write_mask_q_rtl_0|shift_taps_tcv:auto_generated|dffe6 ; llm_bank_ram:u_vectors|altshift_taps:group_write_mask_q_rtl_0|shift_taps_tcv:auto_generated|altsyncram_dfc1:altsyncram4|ram_block7a31 ; clk          ; clk         ; 0.000        ; 0.034      ; 0.495      ;
; 0.461 ; llm_bank_ram:u_vectors|altshift_taps:group_write_mask_q_rtl_0|shift_taps_tcv:auto_generated|dffe6 ; llm_bank_ram:u_vectors|altshift_taps:group_write_mask_q_rtl_0|shift_taps_tcv:auto_generated|altsyncram_dfc1:altsyncram4|ram_block7a21 ; clk          ; clk         ; 0.000        ; 0.034      ; 0.495      ;
; 0.538 ; llm_bank_ram:u_vectors|altshift_taps:group_write_mask_q_rtl_0|shift_taps_tcv:auto_generated|dffe6 ; llm_bank_ram:u_vectors|altshift_taps:group_write_mask_q_rtl_0|shift_taps_tcv:auto_generated|altsyncram_dfc1:altsyncram4|ram_block7a14 ; clk          ; clk         ; 0.000        ; 0.041      ; 0.579      ;
; 0.538 ; llm_bank_ram:u_vectors|altshift_taps:group_write_mask_q_rtl_0|shift_taps_tcv:auto_generated|dffe6 ; llm_bank_ram:u_vectors|altshift_taps:group_write_mask_q_rtl_0|shift_taps_tcv:auto_generated|altsyncram_dfc1:altsyncram4|ram_block7a28 ; clk          ; clk         ; 0.000        ; 0.041      ; 0.579      ;
; 0.538 ; llm_bank_ram:u_vectors|altshift_taps:group_write_mask_q_rtl_0|shift_taps_tcv:auto_generated|dffe6 ; llm_bank_ram:u_vectors|altshift_taps:group_write_mask_q_rtl_0|shift_taps_tcv:auto_generated|altsyncram_dfc1:altsyncram4|ram_block7a2  ; clk          ; clk         ; 0.000        ; 0.041      ; 0.579      ;
; 0.539 ; llm_bank_ram:u_vectors|altshift_taps:group_write_mask_q_rtl_0|shift_taps_tcv:auto_generated|dffe6 ; llm_bank_ram:u_vectors|altshift_taps:group_write_mask_q_rtl_0|shift_taps_tcv:auto_generated|altsyncram_dfc1:altsyncram4|ram_block7a30 ; clk          ; clk         ; 0.000        ; 0.040      ; 0.579      ;
; 0.539 ; llm_bank_ram:u_vectors|altshift_taps:group_write_mask_q_rtl_0|shift_taps_tcv:auto_generated|dffe6 ; llm_bank_ram:u_vectors|altshift_taps:group_write_mask_q_rtl_0|shift_taps_tcv:auto_generated|altsyncram_dfc1:altsyncram4|ram_block7a7  ; clk          ; clk         ; 0.000        ; 0.040      ; 0.579      ;
; 0.539 ; llm_bank_ram:u_vectors|altshift_taps:group_write_mask_q_rtl_0|shift_taps_tcv:auto_generated|dffe6 ; llm_bank_ram:u_vectors|altshift_taps:group_write_mask_q_rtl_0|shift_taps_tcv:auto_generated|altsyncram_dfc1:altsyncram4|ram_block7a20 ; clk          ; clk         ; 0.000        ; 0.040      ; 0.579      ;
; 0.539 ; llm_bank_ram:u_vectors|altshift_taps:group_write_mask_q_rtl_0|shift_taps_tcv:auto_generated|dffe6 ; llm_bank_ram:u_vectors|altshift_taps:group_write_mask_q_rtl_0|shift_taps_tcv:auto_generated|altsyncram_dfc1:altsyncram4|ram_block7a18 ; clk          ; clk         ; 0.000        ; 0.040      ; 0.579      ;
; 0.539 ; llm_bank_ram:u_vectors|altshift_taps:group_write_mask_q_rtl_0|shift_taps_tcv:auto_generated|dffe6 ; llm_bank_ram:u_vectors|altshift_taps:group_write_mask_q_rtl_0|shift_taps_tcv:auto_generated|altsyncram_dfc1:altsyncram4|ram_block7a22 ; clk          ; clk         ; 0.000        ; 0.040      ; 0.579      ;
; 0.539 ; llm_bank_ram:u_vectors|altshift_taps:group_write_mask_q_rtl_0|shift_taps_tcv:auto_generated|dffe6 ; llm_bank_ram:u_vectors|altshift_taps:group_write_mask_q_rtl_0|shift_taps_tcv:auto_generated|altsyncram_dfc1:altsyncram4|ram_block7a8  ; clk          ; clk         ; 0.000        ; 0.040      ; 0.579      ;
; 0.675 ; llm_bank_ram:u_vectors|altshift_taps:group_write_mask_q_rtl_0|shift_taps_tcv:auto_generated|dffe6 ; llm_bank_ram:u_vectors|altshift_taps:group_write_mask_q_rtl_0|shift_taps_tcv:auto_generated|altsyncram_dfc1:altsyncram4|ram_block7a23 ; clk          ; clk         ; 0.000        ; 0.067      ; 0.742      ;
; 0.676 ; llm_bank_ram:u_vectors|altshift_taps:group_write_mask_q_rtl_0|shift_taps_tcv:auto_generated|dffe6 ; llm_bank_ram:u_vectors|altshift_taps:group_write_mask_q_rtl_0|shift_taps_tcv:auto_generated|altsyncram_dfc1:altsyncram4|ram_block7a4  ; clk          ; clk         ; 0.000        ; 0.066      ; 0.742      ;
; 0.676 ; llm_bank_ram:u_vectors|altshift_taps:group_write_mask_q_rtl_0|shift_taps_tcv:auto_generated|dffe6 ; llm_bank_ram:u_vectors|altshift_taps:group_write_mask_q_rtl_0|shift_taps_tcv:auto_generated|altsyncram_dfc1:altsyncram4|ram_block7a12 ; clk          ; clk         ; 0.000        ; 0.066      ; 0.742      ;
; 0.741 ; rst_n                                                                                             ; host_rdata[13]~reg0                                                                                                                   ; clk          ; clk         ; 0.000        ; 2.634      ; 2.875      ;
; 0.743 ; rst_n                                                                                             ; host_rdata[15]~reg0                                                                                                                   ; clk          ; clk         ; 0.000        ; 2.617      ; 2.860      ;
; 0.745 ; rst_n                                                                                             ; host_rdata[30]~reg0                                                                                                                   ; clk          ; clk         ; 0.000        ; 2.617      ; 2.862      ;
; 0.747 ; rst_n                                                                                             ; host_rdata[26]~reg0                                                                                                                   ; clk          ; clk         ; 0.000        ; 2.631      ; 2.878      ;
; 0.748 ; rst_n                                                                                             ; host_rdata[21]~reg0                                                                                                                   ; clk          ; clk         ; 0.000        ; 2.631      ; 2.879      ;
; 0.748 ; rst_n                                                                                             ; host_rdata[28]~reg0                                                                                                                   ; clk          ; clk         ; 0.000        ; 2.620      ; 2.868      ;
; 0.749 ; rst_n                                                                                             ; host_rdata[18]~reg0                                                                                                                   ; clk          ; clk         ; 0.000        ; 2.620      ; 2.869      ;
; 0.751 ; rst_n                                                                                             ; host_rdata[27]~reg0                                                                                                                   ; clk          ; clk         ; 0.000        ; 2.620      ; 2.871      ;
; 0.751 ; rst_n                                                                                             ; host_rdata[31]~reg0                                                                                                                   ; clk          ; clk         ; 0.000        ; 2.620      ; 2.871      ;
; 0.754 ; rst_n                                                                                             ; running~reg0                                                                                                                          ; clk          ; clk         ; 0.000        ; 2.623      ; 2.877      ;
; 0.754 ; rst_n                                                                                             ; host_rdata[16]~reg0                                                                                                                   ; clk          ; clk         ; 0.000        ; 2.637      ; 2.891      ;
; 0.755 ; rst_n                                                                                             ; host_rdata[19]~reg0                                                                                                                   ; clk          ; clk         ; 0.000        ; 2.627      ; 2.882      ;
; 0.756 ; rst_n                                                                                             ; instr_debug[5]~reg0                                                                                                                   ; clk          ; clk         ; 0.000        ; 2.611      ; 2.867      ;
; 0.756 ; rst_n                                                                                             ; instr_debug[10]~reg0                                                                                                                  ; clk          ; clk         ; 0.000        ; 2.610      ; 2.866      ;
; 0.757 ; rst_n                                                                                             ; pc_debug[4]~reg0                                                                                                                      ; clk          ; clk         ; 0.000        ; 2.622      ; 2.879      ;
; 0.757 ; rst_n                                                                                             ; host_ready~reg0                                                                                                                       ; clk          ; clk         ; 0.000        ; 2.593      ; 2.850      ;
; 0.757 ; rst_n                                                                                             ; host_rdata[14]~reg0                                                                                                                   ; clk          ; clk         ; 0.000        ; 2.621      ; 2.878      ;
; 0.758 ; rst_n                                                                                             ; instr_debug[7]~reg0                                                                                                                   ; clk          ; clk         ; 0.000        ; 2.610      ; 2.868      ;
; 0.759 ; rst_n                                                                                             ; instr_debug[2]~reg0                                                                                                                   ; clk          ; clk         ; 0.000        ; 2.598      ; 2.857      ;
; 0.759 ; rst_n                                                                                             ; host_rdata[22]~reg0                                                                                                                   ; clk          ; clk         ; 0.000        ; 2.633      ; 2.892      ;
; 0.760 ; rst_n                                                                                             ; pc_debug[0]~reg0                                                                                                                      ; clk          ; clk         ; 0.000        ; 2.622      ; 2.882      ;
+-------+---------------------------------------------------------------------------------------------------+---------------------------------------------------------------------------------------------------------------------------------------+--------------+-------------+--------------+------------+------------+

Path #1: Removal slack is 0.459 
===============================================================================
+------------------------------------------------------------------------------------------------------------------------------------------------------------+
; Path Summary                                                                                                                                               ;
+--------------------+---------------------------------------------------------------------------------------------------------------------------------------+
; Property           ; Value                                                                                                                                 ;
+--------------------+---------------------------------------------------------------------------------------------------------------------------------------+
; From Node          ; llm_bank_ram:u_vectors|altshift_taps:group_write_mask_q_rtl_0|shift_taps_tcv:auto_generated|dffe6                                     ;
; To Node            ; llm_bank_ram:u_vectors|altshift_taps:group_write_mask_q_rtl_0|shift_taps_tcv:auto_generated|altsyncram_dfc1:altsyncram4|ram_block7a29 ;
; Launch Clock       ; clk                                                                                                                                   ;
; Latch Clock        ; clk                                                                                                                                   ;
; Data Arrival Time  ; 2.484                                                                                                                                 ;
; Data Required Time ; 2.025                                                                                                                                 ;
; Slack              ; 0.459                                                                                                                                 ;
+--------------------+---------------------------------------------------------------------------------------------------------------------------------------+

+------------------------------------------------------------------------------------+
; Statistics                                                                         ;
+------------------------+-------+-------+-------------+------------+--------+-------+
; Property               ; Value ; Count ; Total Delay ; % of Total ; Min    ; Max   ;
+------------------------+-------+-------+-------------+------------+--------+-------+
; Removal Relationship   ; 0.000 ;       ;             ;            ;        ;       ;
; Clock Skew             ; 0.036 ;       ;             ;            ;        ;       ;
; Data Delay             ; 0.495 ;       ;             ;            ;        ;       ;
; Number of Logic Levels ;       ; 0     ;             ;            ;        ;       ;
; Physical Delays        ;       ;       ;             ;            ;        ;       ;
;  Arrival Path          ;       ;       ;             ;            ;        ;       ;
;   Clock                ;       ;       ;             ;            ;        ;       ;
;    IC                  ;       ; 3     ; -0.001      ; 0          ; -0.001 ; 0.000 ;
;    Cell                ;       ; 3     ; 0.765       ; 38         ; 0.139  ; 0.417 ;
;    Routing Element     ;       ; 25    ; 1.225       ; 62         ; 0.000  ; 0.492 ;
;   Data                 ;       ;       ;             ;            ;        ;       ;
;    IC                  ;       ; 1     ; 0.000       ; 0          ; 0.000  ; 0.000 ;
;    Cell                ;       ; 2     ; 0.207       ; 42         ; 0.000  ; 0.207 ;
;    uTco                ;       ; 1     ; 0.000       ; 0          ; 0.000  ; 0.000 ;
;    Routing Element     ;       ; 7     ; 0.288       ; 58         ; 0.000  ; 0.094 ;
;  Required Path         ;       ;       ;             ;            ;        ;       ;
;   Clock                ;       ;       ;             ;            ;        ;       ;
;    IC                  ;       ; 3     ; 0.000       ; 0          ; 0.000  ; 0.000 ;
;    Cell                ;       ; 3     ; 0.796       ; 36         ; 0.146  ; 0.417 ;
;    Routing Element     ;       ; 25    ; 1.387       ; 64         ; 0.000  ; 0.506 ;
+------------------------+-------+-------+-------------+------------+--------+-------+
Note: Negative delays are omitted from totals when calculating percentages

+-------------------------------------------------------------------------------------------------------------------------------------------------------------------------------------------------------------------------------+
; Data Arrival Path                                                                                                                                                                                                             ;
+---------+----------+----+------+--------+---------------------------------------------+---------------------------------------------------------------------------------------------------------------------------------------+
; Total   ; Incr     ; RF ; Type ; Fanout ; Location                                    ; Element                                                                                                                               ;
+---------+----------+----+------+--------+---------------------------------------------+---------------------------------------------------------------------------------------------------------------------------------------+
; 0.000   ; 0.000    ;    ;      ;        ;                                             ; launch edge time                                                                                                                      ;
; 1.989   ; 1.989    ;    ;      ;        ;                                             ; clock path                                                                                                                            ;
;   0.000 ;   0.000  ;    ;      ;        ;                                             ; source latency                                                                                                                        ;
;   0.000 ;   0.000  ;    ;      ; 1      ; PIN_AC18                                    ; clk                                                                                                                                   ;
;   0.000 ;   0.000  ;    ; RE   ; 1      ; IOPAD_X54_Y0_N0                             ; ARRIAV_IO_PAD                                                                                                                         ;
;   0.000 ;   0.000  ;    ; RE   ; 1      ; IO_PAD_OUTPUT_X54_Y0_N0_I1                  ; IO_PAD_OUTPUT                                                                                                                         ;
;   0.000 ;   0.000  ;    ; RE   ; 1      ; IO_INPUT_BUFFER_INPUT_X54_Y0_N1_I0          ; IO_INPUT_BUFFER_INPUT                                                                                                                 ;
;   0.000 ;   0.000  ; RR ; IC   ; 1      ; IOIBUF_X54_Y0_N1                            ; clk~input|i                                                                                                                           ;
;   0.417 ;   0.417  ; RR ; CELL ; 1      ; IOIBUF_X54_Y0_N1                            ; clk~input|o                                                                                                                           ;
;   0.417 ;   0.000  ;    ; RE   ; 1      ; IOIBUF_X54_Y0_N1                            ; ARRIAV_IO_IBUF                                                                                                                        ;
;   0.417 ;   0.000  ;    ; RE   ; 1      ; IO_INPUT_BUFFER_OUTPUT_X54_Y0_N1_I2         ; IO_INPUT_BUFFER_OUTPUT                                                                                                                ;
;   0.417 ;   0.000  ;    ; RE   ; 1      ; IO_RE_X54_Y0_N0_I96                         ; IO_RE                                                                                                                                 ;
;   0.505 ;   0.088  ;    ; RE   ; 1      ; IO_RE_X54_Y0_N0_I66                         ; IO_RE                                                                                                                                 ;
;   0.505 ;   0.000  ;    ; RE   ; 1      ; CLKBUF_CLUSTER_RE_X58_Y0_N0_I1614           ; CLKBUF_CLUSTER_RE                                                                                                                     ;
;   0.505 ;   0.000  ;    ; RE   ; 1      ; CLKBUF_CLUSTER_RE_X58_Y0_N0_I616            ; CLKBUF_CLUSTER_RE                                                                                                                     ;
;   0.505 ;   0.000  ;    ; RE   ; 1      ; GCLK_CLUSTER_RE_X58_Y0_N6_I10               ; GCLK_CLUSTER_RE                                                                                                                       ;
;   0.505 ;   0.000  ;    ; RE   ; 1      ; CLKBUFBLOCK_INPUT_X58_Y0_N7_I0              ; CLKBUFBLOCK_INPUT                                                                                                                     ;
;   0.505 ;   0.000  ; RR ; IC   ; 1      ; CLKCTRL_G6                                  ; clk~inputCLKENA0|inclk                                                                                                                ;
;   0.644 ;   0.139  ; RR ; CELL ; 37157  ; CLKCTRL_G6                                  ; clk~inputCLKENA0|outclk                                                                                                               ;
;   0.644 ;   0.000  ;    ; RE   ; 1      ; CLKCTRL_G6                                  ; ARRIAV_CLKBUF                                                                                                                         ;
;   0.644 ;   0.000  ;    ; RE   ; 1      ; CLKBUFBLOCK_OUTPUT_X58_Y0_N7_I2             ; CLKBUFBLOCK_OUTPUT                                                                                                                    ;
;   0.644 ;   0.000  ;    ; RE   ; 1      ; GCLK_CLUSTER_RE_X58_Y0_N6_I12               ; GCLK_CLUSTER_RE                                                                                                                       ;
;   0.644 ;   0.000  ;    ; RE   ; 1      ; CLKBUF_CLUSTER_RE_X58_Y0_N0_I417            ; CLKBUF_CLUSTER_RE                                                                                                                     ;
;   1.136 ;   0.492  ;    ; RE   ; 16     ; GLOBAL_CLOCK_X0_Y58_N0_I6                   ; GLOBAL_CLOCK                                                                                                                          ;
;   1.265 ;   0.129  ;    ; RE   ; 29     ; SPINE_CLOCK_X106_Y30_N0_I2                  ; SPINE_CLOCK                                                                                                                           ;
;   1.449 ;   0.184  ;    ; RE   ; 1      ; SCLK_TO_ROWCLK_BUF_X106_Y56_N0_I12          ; SCLK_TO_ROWCLK_BUF                                                                                                                    ;
;   1.489 ;   0.040  ;    ; RE   ; 2      ; SCLK_TO_ROWCLK_BUF_X106_Y56_N0_I15          ; SCLK_TO_ROWCLK_BUF                                                                                                                    ;
;   1.691 ;   0.202  ;    ; RE   ; 13     ; LAB_CLK_X92_Y56_N0_I2                       ; LAB_CLK                                                                                                                               ;
;   1.748 ;   0.057  ;    ; RE   ; 1      ; BLK_CLK_BUF_X102_Y56_N0_I2                  ; BLK_CLK_BUF                                                                                                                           ;
;   1.761 ;   0.013  ;    ; RE   ; 1      ; ROWCLKSEL_PREBUF_X102_Y56_N0_I2             ; ROWCLKSEL_PREBUF                                                                                                                      ;
;   1.781 ;   0.020  ;    ; RE   ; 1      ; ROWCLKSEL_X102_Y56_N0_I1                    ; ROWCLKSEL                                                                                                                             ;
;   1.781 ;   0.000  ;    ; RE   ; 2      ; GLOBAL_LOCAL_SEL_X102_Y56_N0_I1             ; GLOBAL_LOCAL_SEL                                                                                                                      ;
;   1.781 ;   0.000  ;    ; RE   ; 8      ; LAB_INPUT_X102_Y56_N0_I0                    ; LAB_INPUT                                                                                                                             ;
;   1.780 ;   -0.001 ; RR ; IC   ; 1      ; FF_X102_Y56_N14                             ; u_vectors|group_write_mask_q_rtl_0|auto_generated|dffe6|clk                                                                           ;
;   1.989 ;   0.209  ; RR ; CELL ; 1      ; FF_X102_Y56_N14                             ; llm_bank_ram:u_vectors|altshift_taps:group_write_mask_q_rtl_0|shift_taps_tcv:auto_generated|dffe6                                     ;
; 2.484   ; 0.495    ;    ;      ;        ;                                             ; data path                                                                                                                             ;
;   1.989 ;   0.000  ;    ; uTco ; 1      ; FF_X102_Y56_N14                             ; llm_bank_ram:u_vectors|altshift_taps:group_write_mask_q_rtl_0|shift_taps_tcv:auto_generated|dffe6                                     ;
;   1.989 ;   0.000  ; FF ; CELL ; 32     ; FF_X102_Y56_N14                             ; u_vectors|group_write_mask_q_rtl_0|auto_generated|dffe6|q                                                                             ;
;   2.007 ;   0.018  ;    ; RE   ; 1      ; FF_X102_Y56_N14                             ; ARRIAV_FF                                                                                                                             ;
;   2.049 ;   0.042  ;    ; RE   ; 3      ; LE_BUFFER_X102_Y56_N0_I9                    ; LE_BUFFER                                                                                                                             ;
;   2.127 ;   0.078  ;    ; RE   ; 1      ; R6_X102_Y56_N0_I4                           ; H_SEG6                                                                                                                                ;
;   2.221 ;   0.094  ;    ; RE   ; 1      ; LOCAL_INTERCONNECT_X102_Y56_N0_I26          ; LAB_LINE                                                                                                                              ;
;   2.277 ;   0.056  ;    ; RE   ; 1      ; BLOCK_INPUT_MUX_PASSTHROUGH_X102_Y56_N0_I82 ; LEIM                                                                                                                                  ;
;   2.277 ;   0.000  ;    ; RE   ; 1      ; GLOBAL_LOCAL_SEL_X102_Y56_N0_I3             ; GLOBAL_LOCAL_SEL                                                                                                                      ;
;   2.277 ;   0.000  ;    ; RE   ; 7      ; LAB_INPUT_X102_Y56_N0_I4                    ; LAB_INPUT                                                                                                                             ;
;   2.277 ;   0.000  ; FF ; IC   ; 1      ; FF_X102_Y56_N59                             ; u_vectors|group_write_mask_q_rtl_0|auto_generated|altsyncram4|ram_block7a29|clrn                                                      ;
;   2.484 ;   0.207  ; FF ; CELL ; 1      ; FF_X102_Y56_N59                             ; llm_bank_ram:u_vectors|altshift_taps:group_write_mask_q_rtl_0|shift_taps_tcv:auto_generated|altsyncram_dfc1:altsyncram4|ram_block7a29 ;
+---------+----------+----+------+--------+---------------------------------------------+---------------------------------------------------------------------------------------------------------------------------------------+

+-----------------------------------------------------------------------------------------------------------------------------------------------------------------------------------------------------------------------+
; Data Required Path                                                                                                                                                                                                    ;
+---------+----------+----+------+--------+-------------------------------------+---------------------------------------------------------------------------------------------------------------------------------------+
; Total   ; Incr     ; RF ; Type ; Fanout ; Location                            ; Element                                                                                                                               ;
+---------+----------+----+------+--------+-------------------------------------+---------------------------------------------------------------------------------------------------------------------------------------+
; 0.000   ; 0.000    ;    ;      ;        ;                                     ; latch edge time                                                                                                                       ;
; 2.025   ; 2.025    ;    ;      ;        ;                                     ; clock path                                                                                                                            ;
;   0.000 ;   0.000  ;    ;      ;        ;                                     ; source latency                                                                                                                        ;
;   0.000 ;   0.000  ;    ;      ; 1      ; PIN_AC18                            ; clk                                                                                                                                   ;
;   0.000 ;   0.000  ;    ; RE   ; 1      ; IOPAD_X54_Y0_N0                     ; ARRIAV_IO_PAD                                                                                                                         ;
;   0.000 ;   0.000  ;    ; RE   ; 1      ; IO_PAD_OUTPUT_X54_Y0_N0_I1          ; IO_PAD_OUTPUT                                                                                                                         ;
;   0.000 ;   0.000  ;    ; RE   ; 1      ; IO_INPUT_BUFFER_INPUT_X54_Y0_N1_I0  ; IO_INPUT_BUFFER_INPUT                                                                                                                 ;
;   0.000 ;   0.000  ; RR ; IC   ; 1      ; IOIBUF_X54_Y0_N1                    ; clk~input|i                                                                                                                           ;
;   0.417 ;   0.417  ; RR ; CELL ; 1      ; IOIBUF_X54_Y0_N1                    ; clk~input|o                                                                                                                           ;
;   0.417 ;   0.000  ;    ; RE   ; 1      ; IOIBUF_X54_Y0_N1                    ; ARRIAV_IO_IBUF                                                                                                                        ;
;   0.417 ;   0.000  ;    ; RE   ; 1      ; IO_INPUT_BUFFER_OUTPUT_X54_Y0_N1_I2 ; IO_INPUT_BUFFER_OUTPUT                                                                                                                ;
;   0.417 ;   0.000  ;    ; RE   ; 1      ; IO_RE_X54_Y0_N0_I96                 ; IO_RE                                                                                                                                 ;
;   0.552 ;   0.135  ;    ; RE   ; 1      ; IO_RE_X54_Y0_N0_I66                 ; IO_RE                                                                                                                                 ;
;   0.633 ;   0.081  ;    ; RE   ; 1      ; CLKBUF_CLUSTER_RE_X58_Y0_N0_I1614   ; CLKBUF_CLUSTER_RE                                                                                                                     ;
;   0.633 ;   0.000  ;    ; RE   ; 1      ; CLKBUF_CLUSTER_RE_X58_Y0_N0_I616    ; CLKBUF_CLUSTER_RE                                                                                                                     ;
;   0.633 ;   0.000  ;    ; RE   ; 1      ; GCLK_CLUSTER_RE_X58_Y0_N6_I10       ; GCLK_CLUSTER_RE                                                                                                                       ;
;   0.633 ;   0.000  ;    ; RE   ; 1      ; CLKBUFBLOCK_INPUT_X58_Y0_N7_I0      ; CLKBUFBLOCK_INPUT                                                                                                                     ;
;   0.633 ;   0.000  ; RR ; IC   ; 1      ; CLKCTRL_G6                          ; clk~inputCLKENA0|inclk                                                                                                                ;
;   0.779 ;   0.146  ; RR ; CELL ; 37157  ; CLKCTRL_G6                          ; clk~inputCLKENA0|outclk                                                                                                               ;
;   0.779 ;   0.000  ;    ; RE   ; 1      ; CLKCTRL_G6                          ; ARRIAV_CLKBUF                                                                                                                         ;
;   0.779 ;   0.000  ;    ; RE   ; 1      ; CLKBUFBLOCK_OUTPUT_X58_Y0_N7_I2     ; CLKBUFBLOCK_OUTPUT                                                                                                                    ;
;   0.779 ;   0.000  ;    ; RE   ; 1      ; GCLK_CLUSTER_RE_X58_Y0_N6_I12       ; GCLK_CLUSTER_RE                                                                                                                       ;
;   0.779 ;   0.000  ;    ; RE   ; 1      ; CLKBUF_CLUSTER_RE_X58_Y0_N0_I417    ; CLKBUF_CLUSTER_RE                                                                                                                     ;
;   1.285 ;   0.506  ;    ; RE   ; 16     ; GLOBAL_CLOCK_X0_Y58_N0_I6           ; GLOBAL_CLOCK                                                                                                                          ;
;   1.417 ;   0.132  ;    ; RE   ; 29     ; SPINE_CLOCK_X106_Y30_N0_I2          ; SPINE_CLOCK                                                                                                                           ;
;   1.606 ;   0.189  ;    ; RE   ; 1      ; SCLK_TO_ROWCLK_BUF_X106_Y56_N0_I12  ; SCLK_TO_ROWCLK_BUF                                                                                                                    ;
;   1.647 ;   0.041  ;    ; RE   ; 2      ; SCLK_TO_ROWCLK_BUF_X106_Y56_N0_I15  ; SCLK_TO_ROWCLK_BUF                                                                                                                    ;
;   1.854 ;   0.207  ;    ; RE   ; 13     ; LAB_CLK_X92_Y56_N0_I2               ; LAB_CLK                                                                                                                               ;
;   1.915 ;   0.061  ;    ; RE   ; 1      ; BLK_CLK_BUF_X102_Y56_N0_I2          ; BLK_CLK_BUF                                                                                                                           ;
;   1.929 ;   0.014  ;    ; RE   ; 1      ; ROWCLKSEL_PREBUF_X102_Y56_N0_I2     ; ROWCLKSEL_PREBUF                                                                                                                      ;
;   1.950 ;   0.021  ;    ; RE   ; 1      ; ROWCLKSEL_X102_Y56_N0_I1            ; ROWCLKSEL                                                                                                                             ;
;   1.950 ;   0.000  ;    ; RE   ; 2      ; GLOBAL_LOCAL_SEL_X102_Y56_N0_I1     ; GLOBAL_LOCAL_SEL                                                                                                                      ;
;   1.950 ;   0.000  ;    ; RE   ; 8      ; LAB_INPUT_X102_Y56_N0_I0            ; LAB_INPUT                                                                                                                             ;
;   1.950 ;   0.000  ; RR ; IC   ; 1      ; FF_X102_Y56_N59                     ; u_vectors|group_write_mask_q_rtl_0|auto_generated|altsyncram4|ram_block7a29|clk                                                       ;
;   2.183 ;   0.233  ; RR ; CELL ; 1      ; FF_X102_Y56_N59                     ; llm_bank_ram:u_vectors|altshift_taps:group_write_mask_q_rtl_0|shift_taps_tcv:auto_generated|altsyncram_dfc1:altsyncram4|ram_block7a29 ;
;   2.025 ;   -0.158 ;    ;      ;        ;                                     ; clock pessimism removed                                                                                                               ;
; 2.025   ; 0.000    ;    ;      ;        ;                                     ; clock uncertainty                                                                                                                     ;
; 2.025   ; 0.000    ;    ; uTh  ; 1      ; FF_X102_Y56_N59                     ; llm_bank_ram:u_vectors|altshift_taps:group_write_mask_q_rtl_0|shift_taps_tcv:auto_generated|altsyncram_dfc1:altsyncram4|ram_block7a29 ;
+---------+----------+----+------+--------+-------------------------------------+---------------------------------------------------------------------------------------------------------------------------------------+

----------------------------
; Extra Fitter Information ;
----------------------------
HTML report is unavailable in plain text report export.


Path #2: Removal slack is 0.459 
===============================================================================
+-----------------------------------------------------------------------------------------------------------------------------------------------------------+
; Path Summary                                                                                                                                              ;
+--------------------+--------------------------------------------------------------------------------------------------------------------------------------+
; Property           ; Value                                                                                                                                ;
+--------------------+--------------------------------------------------------------------------------------------------------------------------------------+
; From Node          ; llm_bank_ram:u_vectors|altshift_taps:group_write_mask_q_rtl_0|shift_taps_tcv:auto_generated|dffe6                                    ;
; To Node            ; llm_bank_ram:u_vectors|altshift_taps:group_write_mask_q_rtl_0|shift_taps_tcv:auto_generated|altsyncram_dfc1:altsyncram4|ram_block7a6 ;
; Launch Clock       ; clk                                                                                                                                  ;
; Latch Clock        ; clk                                                                                                                                  ;
; Data Arrival Time  ; 2.484                                                                                                                                ;
; Data Required Time ; 2.025                                                                                                                                ;
; Slack              ; 0.459                                                                                                                                ;
+--------------------+--------------------------------------------------------------------------------------------------------------------------------------+

+------------------------------------------------------------------------------------+
; Statistics                                                                         ;
+------------------------+-------+-------+-------------+------------+--------+-------+
; Property               ; Value ; Count ; Total Delay ; % of Total ; Min    ; Max   ;
+------------------------+-------+-------+-------------+------------+--------+-------+
; Removal Relationship   ; 0.000 ;       ;             ;            ;        ;       ;
; Clock Skew             ; 0.036 ;       ;             ;            ;        ;       ;
; Data Delay             ; 0.495 ;       ;             ;            ;        ;       ;
; Number of Logic Levels ;       ; 0     ;             ;            ;        ;       ;
; Physical Delays        ;       ;       ;             ;            ;        ;       ;
;  Arrival Path          ;       ;       ;             ;            ;        ;       ;
;   Clock                ;       ;       ;             ;            ;        ;       ;
;    IC                  ;       ; 3     ; -0.001      ; 0          ; -0.001 ; 0.000 ;
;    Cell                ;       ; 3     ; 0.765       ; 38         ; 0.139  ; 0.417 ;
;    Routing Element     ;       ; 25    ; 1.225       ; 62         ; 0.000  ; 0.492 ;
;   Data                 ;       ;       ;             ;            ;        ;       ;
;    IC                  ;       ; 1     ; 0.000       ; 0          ; 0.000  ; 0.000 ;
;    Cell                ;       ; 2     ; 0.207       ; 42         ; 0.000  ; 0.207 ;
;    uTco                ;       ; 1     ; 0.000       ; 0          ; 0.000  ; 0.000 ;
;    Routing Element     ;       ; 7     ; 0.288       ; 58         ; 0.000  ; 0.094 ;
;  Required Path         ;       ;       ;             ;            ;        ;       ;
;   Clock                ;       ;       ;             ;            ;        ;       ;
;    IC                  ;       ; 3     ; 0.000       ; 0          ; 0.000  ; 0.000 ;
;    Cell                ;       ; 3     ; 0.796       ; 36         ; 0.146  ; 0.417 ;
;    Routing Element     ;       ; 25    ; 1.387       ; 64         ; 0.000  ; 0.506 ;
+------------------------+-------+-------+-------------+------------+--------+-------+
Note: Negative delays are omitted from totals when calculating percentages

+------------------------------------------------------------------------------------------------------------------------------------------------------------------------------------------------------------------------------+
; Data Arrival Path                                                                                                                                                                                                            ;
+---------+----------+----+------+--------+---------------------------------------------+--------------------------------------------------------------------------------------------------------------------------------------+
; Total   ; Incr     ; RF ; Type ; Fanout ; Location                                    ; Element                                                                                                                              ;
+---------+----------+----+------+--------+---------------------------------------------+--------------------------------------------------------------------------------------------------------------------------------------+
; 0.000   ; 0.000    ;    ;      ;        ;                                             ; launch edge time                                                                                                                     ;
; 1.989   ; 1.989    ;    ;      ;        ;                                             ; clock path                                                                                                                           ;
;   0.000 ;   0.000  ;    ;      ;        ;                                             ; source latency                                                                                                                       ;
;   0.000 ;   0.000  ;    ;      ; 1      ; PIN_AC18                                    ; clk                                                                                                                                  ;
;   0.000 ;   0.000  ;    ; RE   ; 1      ; IOPAD_X54_Y0_N0                             ; ARRIAV_IO_PAD                                                                                                                        ;
;   0.000 ;   0.000  ;    ; RE   ; 1      ; IO_PAD_OUTPUT_X54_Y0_N0_I1                  ; IO_PAD_OUTPUT                                                                                                                        ;
;   0.000 ;   0.000  ;    ; RE   ; 1      ; IO_INPUT_BUFFER_INPUT_X54_Y0_N1_I0          ; IO_INPUT_BUFFER_INPUT                                                                                                                ;
;   0.000 ;   0.000  ; RR ; IC   ; 1      ; IOIBUF_X54_Y0_N1                            ; clk~input|i                                                                                                                          ;
;   0.417 ;   0.417  ; RR ; CELL ; 1      ; IOIBUF_X54_Y0_N1                            ; clk~input|o                                                                                                                          ;
;   0.417 ;   0.000  ;    ; RE   ; 1      ; IOIBUF_X54_Y0_N1                            ; ARRIAV_IO_IBUF                                                                                                                       ;
;   0.417 ;   0.000  ;    ; RE   ; 1      ; IO_INPUT_BUFFER_OUTPUT_X54_Y0_N1_I2         ; IO_INPUT_BUFFER_OUTPUT                                                                                                               ;
;   0.417 ;   0.000  ;    ; RE   ; 1      ; IO_RE_X54_Y0_N0_I96                         ; IO_RE                                                                                                                                ;
;   0.505 ;   0.088  ;    ; RE   ; 1      ; IO_RE_X54_Y0_N0_I66                         ; IO_RE                                                                                                                                ;
;   0.505 ;   0.000  ;    ; RE   ; 1      ; CLKBUF_CLUSTER_RE_X58_Y0_N0_I1614           ; CLKBUF_CLUSTER_RE                                                                                                                    ;
;   0.505 ;   0.000  ;    ; RE   ; 1      ; CLKBUF_CLUSTER_RE_X58_Y0_N0_I616            ; CLKBUF_CLUSTER_RE                                                                                                                    ;
;   0.505 ;   0.000  ;    ; RE   ; 1      ; GCLK_CLUSTER_RE_X58_Y0_N6_I10               ; GCLK_CLUSTER_RE                                                                                                                      ;
;   0.505 ;   0.000  ;    ; RE   ; 1      ; CLKBUFBLOCK_INPUT_X58_Y0_N7_I0              ; CLKBUFBLOCK_INPUT                                                                                                                    ;
;   0.505 ;   0.000  ; RR ; IC   ; 1      ; CLKCTRL_G6                                  ; clk~inputCLKENA0|inclk                                                                                                               ;
;   0.644 ;   0.139  ; RR ; CELL ; 37157  ; CLKCTRL_G6                                  ; clk~inputCLKENA0|outclk                                                                                                              ;
;   0.644 ;   0.000  ;    ; RE   ; 1      ; CLKCTRL_G6                                  ; ARRIAV_CLKBUF                                                                                                                        ;
;   0.644 ;   0.000  ;    ; RE   ; 1      ; CLKBUFBLOCK_OUTPUT_X58_Y0_N7_I2             ; CLKBUFBLOCK_OUTPUT                                                                                                                   ;
;   0.644 ;   0.000  ;    ; RE   ; 1      ; GCLK_CLUSTER_RE_X58_Y0_N6_I12               ; GCLK_CLUSTER_RE                                                                                                                      ;
;   0.644 ;   0.000  ;    ; RE   ; 1      ; CLKBUF_CLUSTER_RE_X58_Y0_N0_I417            ; CLKBUF_CLUSTER_RE                                                                                                                    ;
;   1.136 ;   0.492  ;    ; RE   ; 16     ; GLOBAL_CLOCK_X0_Y58_N0_I6                   ; GLOBAL_CLOCK                                                                                                                         ;
;   1.265 ;   0.129  ;    ; RE   ; 29     ; SPINE_CLOCK_X106_Y30_N0_I2                  ; SPINE_CLOCK                                                                                                                          ;
;   1.449 ;   0.184  ;    ; RE   ; 1      ; SCLK_TO_ROWCLK_BUF_X106_Y56_N0_I12          ; SCLK_TO_ROWCLK_BUF                                                                                                                   ;
;   1.489 ;   0.040  ;    ; RE   ; 2      ; SCLK_TO_ROWCLK_BUF_X106_Y56_N0_I15          ; SCLK_TO_ROWCLK_BUF                                                                                                                   ;
;   1.691 ;   0.202  ;    ; RE   ; 13     ; LAB_CLK_X92_Y56_N0_I2                       ; LAB_CLK                                                                                                                              ;
;   1.748 ;   0.057  ;    ; RE   ; 1      ; BLK_CLK_BUF_X102_Y56_N0_I2                  ; BLK_CLK_BUF                                                                                                                          ;
;   1.761 ;   0.013  ;    ; RE   ; 1      ; ROWCLKSEL_PREBUF_X102_Y56_N0_I2             ; ROWCLKSEL_PREBUF                                                                                                                     ;
;   1.781 ;   0.020  ;    ; RE   ; 1      ; ROWCLKSEL_X102_Y56_N0_I1                    ; ROWCLKSEL                                                                                                                            ;
;   1.781 ;   0.000  ;    ; RE   ; 2      ; GLOBAL_LOCAL_SEL_X102_Y56_N0_I1             ; GLOBAL_LOCAL_SEL                                                                                                                     ;
;   1.781 ;   0.000  ;    ; RE   ; 8      ; LAB_INPUT_X102_Y56_N0_I0                    ; LAB_INPUT                                                                                                                            ;
;   1.780 ;   -0.001 ; RR ; IC   ; 1      ; FF_X102_Y56_N14                             ; u_vectors|group_write_mask_q_rtl_0|auto_generated|dffe6|clk                                                                          ;
;   1.989 ;   0.209  ; RR ; CELL ; 1      ; FF_X102_Y56_N14                             ; llm_bank_ram:u_vectors|altshift_taps:group_write_mask_q_rtl_0|shift_taps_tcv:auto_generated|dffe6                                    ;
; 2.484   ; 0.495    ;    ;      ;        ;                                             ; data path                                                                                                                            ;
;   1.989 ;   0.000  ;    ; uTco ; 1      ; FF_X102_Y56_N14                             ; llm_bank_ram:u_vectors|altshift_taps:group_write_mask_q_rtl_0|shift_taps_tcv:auto_generated|dffe6                                    ;
;   1.989 ;   0.000  ; FF ; CELL ; 32     ; FF_X102_Y56_N14                             ; u_vectors|group_write_mask_q_rtl_0|auto_generated|dffe6|q                                                                            ;
;   2.007 ;   0.018  ;    ; RE   ; 1      ; FF_X102_Y56_N14                             ; ARRIAV_FF                                                                                                                            ;
;   2.049 ;   0.042  ;    ; RE   ; 3      ; LE_BUFFER_X102_Y56_N0_I9                    ; LE_BUFFER                                                                                                                            ;
;   2.127 ;   0.078  ;    ; RE   ; 1      ; R6_X102_Y56_N0_I4                           ; H_SEG6                                                                                                                               ;
;   2.221 ;   0.094  ;    ; RE   ; 1      ; LOCAL_INTERCONNECT_X102_Y56_N0_I26          ; LAB_LINE                                                                                                                             ;
;   2.277 ;   0.056  ;    ; RE   ; 1      ; BLOCK_INPUT_MUX_PASSTHROUGH_X102_Y56_N0_I82 ; LEIM                                                                                                                                 ;
;   2.277 ;   0.000  ;    ; RE   ; 1      ; GLOBAL_LOCAL_SEL_X102_Y56_N0_I3             ; GLOBAL_LOCAL_SEL                                                                                                                     ;
;   2.277 ;   0.000  ;    ; RE   ; 7      ; LAB_INPUT_X102_Y56_N0_I4                    ; LAB_INPUT                                                                                                                            ;
;   2.277 ;   0.000  ; FF ; IC   ; 1      ; FF_X102_Y56_N29                             ; u_vectors|group_write_mask_q_rtl_0|auto_generated|altsyncram4|ram_block7a6|clrn                                                      ;
;   2.484 ;   0.207  ; FF ; CELL ; 1      ; FF_X102_Y56_N29                             ; llm_bank_ram:u_vectors|altshift_taps:group_write_mask_q_rtl_0|shift_taps_tcv:auto_generated|altsyncram_dfc1:altsyncram4|ram_block7a6 ;
+---------+----------+----+------+--------+---------------------------------------------+--------------------------------------------------------------------------------------------------------------------------------------+

+----------------------------------------------------------------------------------------------------------------------------------------------------------------------------------------------------------------------+
; Data Required Path                                                                                                                                                                                                   ;
+---------+----------+----+------+--------+-------------------------------------+--------------------------------------------------------------------------------------------------------------------------------------+
; Total   ; Incr     ; RF ; Type ; Fanout ; Location                            ; Element                                                                                                                              ;
+---------+----------+----+------+--------+-------------------------------------+--------------------------------------------------------------------------------------------------------------------------------------+
; 0.000   ; 0.000    ;    ;      ;        ;                                     ; latch edge time                                                                                                                      ;
; 2.025   ; 2.025    ;    ;      ;        ;                                     ; clock path                                                                                                                           ;
;   0.000 ;   0.000  ;    ;      ;        ;                                     ; source latency                                                                                                                       ;
;   0.000 ;   0.000  ;    ;      ; 1      ; PIN_AC18                            ; clk                                                                                                                                  ;
;   0.000 ;   0.000  ;    ; RE   ; 1      ; IOPAD_X54_Y0_N0                     ; ARRIAV_IO_PAD                                                                                                                        ;
;   0.000 ;   0.000  ;    ; RE   ; 1      ; IO_PAD_OUTPUT_X54_Y0_N0_I1          ; IO_PAD_OUTPUT                                                                                                                        ;
;   0.000 ;   0.000  ;    ; RE   ; 1      ; IO_INPUT_BUFFER_INPUT_X54_Y0_N1_I0  ; IO_INPUT_BUFFER_INPUT                                                                                                                ;
;   0.000 ;   0.000  ; RR ; IC   ; 1      ; IOIBUF_X54_Y0_N1                    ; clk~input|i                                                                                                                          ;
;   0.417 ;   0.417  ; RR ; CELL ; 1      ; IOIBUF_X54_Y0_N1                    ; clk~input|o                                                                                                                          ;
;   0.417 ;   0.000  ;    ; RE   ; 1      ; IOIBUF_X54_Y0_N1                    ; ARRIAV_IO_IBUF                                                                                                                       ;
;   0.417 ;   0.000  ;    ; RE   ; 1      ; IO_INPUT_BUFFER_OUTPUT_X54_Y0_N1_I2 ; IO_INPUT_BUFFER_OUTPUT                                                                                                               ;
;   0.417 ;   0.000  ;    ; RE   ; 1      ; IO_RE_X54_Y0_N0_I96                 ; IO_RE                                                                                                                                ;
;   0.552 ;   0.135  ;    ; RE   ; 1      ; IO_RE_X54_Y0_N0_I66                 ; IO_RE                                                                                                                                ;
;   0.633 ;   0.081  ;    ; RE   ; 1      ; CLKBUF_CLUSTER_RE_X58_Y0_N0_I1614   ; CLKBUF_CLUSTER_RE                                                                                                                    ;
;   0.633 ;   0.000  ;    ; RE   ; 1      ; CLKBUF_CLUSTER_RE_X58_Y0_N0_I616    ; CLKBUF_CLUSTER_RE                                                                                                                    ;
;   0.633 ;   0.000  ;    ; RE   ; 1      ; GCLK_CLUSTER_RE_X58_Y0_N6_I10       ; GCLK_CLUSTER_RE                                                                                                                      ;
;   0.633 ;   0.000  ;    ; RE   ; 1      ; CLKBUFBLOCK_INPUT_X58_Y0_N7_I0      ; CLKBUFBLOCK_INPUT                                                                                                                    ;
;   0.633 ;   0.000  ; RR ; IC   ; 1      ; CLKCTRL_G6                          ; clk~inputCLKENA0|inclk                                                                                                               ;
;   0.779 ;   0.146  ; RR ; CELL ; 37157  ; CLKCTRL_G6                          ; clk~inputCLKENA0|outclk                                                                                                              ;
;   0.779 ;   0.000  ;    ; RE   ; 1      ; CLKCTRL_G6                          ; ARRIAV_CLKBUF                                                                                                                        ;
;   0.779 ;   0.000  ;    ; RE   ; 1      ; CLKBUFBLOCK_OUTPUT_X58_Y0_N7_I2     ; CLKBUFBLOCK_OUTPUT                                                                                                                   ;
;   0.779 ;   0.000  ;    ; RE   ; 1      ; GCLK_CLUSTER_RE_X58_Y0_N6_I12       ; GCLK_CLUSTER_RE                                                                                                                      ;
;   0.779 ;   0.000  ;    ; RE   ; 1      ; CLKBUF_CLUSTER_RE_X58_Y0_N0_I417    ; CLKBUF_CLUSTER_RE                                                                                                                    ;
;   1.285 ;   0.506  ;    ; RE   ; 16     ; GLOBAL_CLOCK_X0_Y58_N0_I6           ; GLOBAL_CLOCK                                                                                                                         ;
;   1.417 ;   0.132  ;    ; RE   ; 29     ; SPINE_CLOCK_X106_Y30_N0_I2          ; SPINE_CLOCK                                                                                                                          ;
;   1.606 ;   0.189  ;    ; RE   ; 1      ; SCLK_TO_ROWCLK_BUF_X106_Y56_N0_I12  ; SCLK_TO_ROWCLK_BUF                                                                                                                   ;
;   1.647 ;   0.041  ;    ; RE   ; 2      ; SCLK_TO_ROWCLK_BUF_X106_Y56_N0_I15  ; SCLK_TO_ROWCLK_BUF                                                                                                                   ;
;   1.854 ;   0.207  ;    ; RE   ; 13     ; LAB_CLK_X92_Y56_N0_I2               ; LAB_CLK                                                                                                                              ;
;   1.915 ;   0.061  ;    ; RE   ; 1      ; BLK_CLK_BUF_X102_Y56_N0_I2          ; BLK_CLK_BUF                                                                                                                          ;
;   1.929 ;   0.014  ;    ; RE   ; 1      ; ROWCLKSEL_PREBUF_X102_Y56_N0_I2     ; ROWCLKSEL_PREBUF                                                                                                                     ;
;   1.950 ;   0.021  ;    ; RE   ; 1      ; ROWCLKSEL_X102_Y56_N0_I1            ; ROWCLKSEL                                                                                                                            ;
;   1.950 ;   0.000  ;    ; RE   ; 2      ; GLOBAL_LOCAL_SEL_X102_Y56_N0_I1     ; GLOBAL_LOCAL_SEL                                                                                                                     ;
;   1.950 ;   0.000  ;    ; RE   ; 8      ; LAB_INPUT_X102_Y56_N0_I0            ; LAB_INPUT                                                                                                                            ;
;   1.950 ;   0.000  ; RR ; IC   ; 1      ; FF_X102_Y56_N29                     ; u_vectors|group_write_mask_q_rtl_0|auto_generated|altsyncram4|ram_block7a6|clk                                                       ;
;   2.183 ;   0.233  ; RR ; CELL ; 1      ; FF_X102_Y56_N29                     ; llm_bank_ram:u_vectors|altshift_taps:group_write_mask_q_rtl_0|shift_taps_tcv:auto_generated|altsyncram_dfc1:altsyncram4|ram_block7a6 ;
;   2.025 ;   -0.158 ;    ;      ;        ;                                     ; clock pessimism removed                                                                                                              ;
; 2.025   ; 0.000    ;    ;      ;        ;                                     ; clock uncertainty                                                                                                                    ;
; 2.025   ; 0.000    ;    ; uTh  ; 1      ; FF_X102_Y56_N29                     ; llm_bank_ram:u_vectors|altshift_taps:group_write_mask_q_rtl_0|shift_taps_tcv:auto_generated|altsyncram_dfc1:altsyncram4|ram_block7a6 ;
+---------+----------+----+------+--------+-------------------------------------+--------------------------------------------------------------------------------------------------------------------------------------+

----------------------------
; Extra Fitter Information ;
----------------------------
HTML report is unavailable in plain text report export.


Path #3: Removal slack is 0.459 
===============================================================================
+------------------------------------------------------------------------------------------------------------------------------------------------------------+
; Path Summary                                                                                                                                               ;
+--------------------+---------------------------------------------------------------------------------------------------------------------------------------+
; Property           ; Value                                                                                                                                 ;
+--------------------+---------------------------------------------------------------------------------------------------------------------------------------+
; From Node          ; llm_bank_ram:u_vectors|altshift_taps:group_write_mask_q_rtl_0|shift_taps_tcv:auto_generated|dffe6                                     ;
; To Node            ; llm_bank_ram:u_vectors|altshift_taps:group_write_mask_q_rtl_0|shift_taps_tcv:auto_generated|altsyncram_dfc1:altsyncram4|ram_block7a10 ;
; Launch Clock       ; clk                                                                                                                                   ;
; Latch Clock        ; clk                                                                                                                                   ;
; Data Arrival Time  ; 2.484                                                                                                                                 ;
; Data Required Time ; 2.025                                                                                                                                 ;
; Slack              ; 0.459                                                                                                                                 ;
+--------------------+---------------------------------------------------------------------------------------------------------------------------------------+

+------------------------------------------------------------------------------------+
; Statistics                                                                         ;
+------------------------+-------+-------+-------------+------------+--------+-------+
; Property               ; Value ; Count ; Total Delay ; % of Total ; Min    ; Max   ;
+------------------------+-------+-------+-------------+------------+--------+-------+
; Removal Relationship   ; 0.000 ;       ;             ;            ;        ;       ;
; Clock Skew             ; 0.036 ;       ;             ;            ;        ;       ;
; Data Delay             ; 0.495 ;       ;             ;            ;        ;       ;
; Number of Logic Levels ;       ; 0     ;             ;            ;        ;       ;
; Physical Delays        ;       ;       ;             ;            ;        ;       ;
;  Arrival Path          ;       ;       ;             ;            ;        ;       ;
;   Clock                ;       ;       ;             ;            ;        ;       ;
;    IC                  ;       ; 3     ; -0.001      ; 0          ; -0.001 ; 0.000 ;
;    Cell                ;       ; 3     ; 0.765       ; 38         ; 0.139  ; 0.417 ;
;    Routing Element     ;       ; 25    ; 1.225       ; 62         ; 0.000  ; 0.492 ;
;   Data                 ;       ;       ;             ;            ;        ;       ;
;    IC                  ;       ; 1     ; 0.000       ; 0          ; 0.000  ; 0.000 ;
;    Cell                ;       ; 2     ; 0.207       ; 42         ; 0.000  ; 0.207 ;
;    uTco                ;       ; 1     ; 0.000       ; 0          ; 0.000  ; 0.000 ;
;    Routing Element     ;       ; 7     ; 0.288       ; 58         ; 0.000  ; 0.094 ;
;  Required Path         ;       ;       ;             ;            ;        ;       ;
;   Clock                ;       ;       ;             ;            ;        ;       ;
;    IC                  ;       ; 3     ; 0.000       ; 0          ; 0.000  ; 0.000 ;
;    Cell                ;       ; 3     ; 0.796       ; 36         ; 0.146  ; 0.417 ;
;    Routing Element     ;       ; 25    ; 1.387       ; 64         ; 0.000  ; 0.506 ;
+------------------------+-------+-------+-------------+------------+--------+-------+
Note: Negative delays are omitted from totals when calculating percentages

+-------------------------------------------------------------------------------------------------------------------------------------------------------------------------------------------------------------------------------+
; Data Arrival Path                                                                                                                                                                                                             ;
+---------+----------+----+------+--------+---------------------------------------------+---------------------------------------------------------------------------------------------------------------------------------------+
; Total   ; Incr     ; RF ; Type ; Fanout ; Location                                    ; Element                                                                                                                               ;
+---------+----------+----+------+--------+---------------------------------------------+---------------------------------------------------------------------------------------------------------------------------------------+
; 0.000   ; 0.000    ;    ;      ;        ;                                             ; launch edge time                                                                                                                      ;
; 1.989   ; 1.989    ;    ;      ;        ;                                             ; clock path                                                                                                                            ;
;   0.000 ;   0.000  ;    ;      ;        ;                                             ; source latency                                                                                                                        ;
;   0.000 ;   0.000  ;    ;      ; 1      ; PIN_AC18                                    ; clk                                                                                                                                   ;
;   0.000 ;   0.000  ;    ; RE   ; 1      ; IOPAD_X54_Y0_N0                             ; ARRIAV_IO_PAD                                                                                                                         ;
;   0.000 ;   0.000  ;    ; RE   ; 1      ; IO_PAD_OUTPUT_X54_Y0_N0_I1                  ; IO_PAD_OUTPUT                                                                                                                         ;
;   0.000 ;   0.000  ;    ; RE   ; 1      ; IO_INPUT_BUFFER_INPUT_X54_Y0_N1_I0          ; IO_INPUT_BUFFER_INPUT                                                                                                                 ;
;   0.000 ;   0.000  ; RR ; IC   ; 1      ; IOIBUF_X54_Y0_N1                            ; clk~input|i                                                                                                                           ;
;   0.417 ;   0.417  ; RR ; CELL ; 1      ; IOIBUF_X54_Y0_N1                            ; clk~input|o                                                                                                                           ;
;   0.417 ;   0.000  ;    ; RE   ; 1      ; IOIBUF_X54_Y0_N1                            ; ARRIAV_IO_IBUF                                                                                                                        ;
;   0.417 ;   0.000  ;    ; RE   ; 1      ; IO_INPUT_BUFFER_OUTPUT_X54_Y0_N1_I2         ; IO_INPUT_BUFFER_OUTPUT                                                                                                                ;
;   0.417 ;   0.000  ;    ; RE   ; 1      ; IO_RE_X54_Y0_N0_I96                         ; IO_RE                                                                                                                                 ;
;   0.505 ;   0.088  ;    ; RE   ; 1      ; IO_RE_X54_Y0_N0_I66                         ; IO_RE                                                                                                                                 ;
;   0.505 ;   0.000  ;    ; RE   ; 1      ; CLKBUF_CLUSTER_RE_X58_Y0_N0_I1614           ; CLKBUF_CLUSTER_RE                                                                                                                     ;
;   0.505 ;   0.000  ;    ; RE   ; 1      ; CLKBUF_CLUSTER_RE_X58_Y0_N0_I616            ; CLKBUF_CLUSTER_RE                                                                                                                     ;
;   0.505 ;   0.000  ;    ; RE   ; 1      ; GCLK_CLUSTER_RE_X58_Y0_N6_I10               ; GCLK_CLUSTER_RE                                                                                                                       ;
;   0.505 ;   0.000  ;    ; RE   ; 1      ; CLKBUFBLOCK_INPUT_X58_Y0_N7_I0              ; CLKBUFBLOCK_INPUT                                                                                                                     ;
;   0.505 ;   0.000  ; RR ; IC   ; 1      ; CLKCTRL_G6                                  ; clk~inputCLKENA0|inclk                                                                                                                ;
;   0.644 ;   0.139  ; RR ; CELL ; 37157  ; CLKCTRL_G6                                  ; clk~inputCLKENA0|outclk                                                                                                               ;
;   0.644 ;   0.000  ;    ; RE   ; 1      ; CLKCTRL_G6                                  ; ARRIAV_CLKBUF                                                                                                                         ;
;   0.644 ;   0.000  ;    ; RE   ; 1      ; CLKBUFBLOCK_OUTPUT_X58_Y0_N7_I2             ; CLKBUFBLOCK_OUTPUT                                                                                                                    ;
;   0.644 ;   0.000  ;    ; RE   ; 1      ; GCLK_CLUSTER_RE_X58_Y0_N6_I12               ; GCLK_CLUSTER_RE                                                                                                                       ;
;   0.644 ;   0.000  ;    ; RE   ; 1      ; CLKBUF_CLUSTER_RE_X58_Y0_N0_I417            ; CLKBUF_CLUSTER_RE                                                                                                                     ;
;   1.136 ;   0.492  ;    ; RE   ; 16     ; GLOBAL_CLOCK_X0_Y58_N0_I6                   ; GLOBAL_CLOCK                                                                                                                          ;
;   1.265 ;   0.129  ;    ; RE   ; 29     ; SPINE_CLOCK_X106_Y30_N0_I2                  ; SPINE_CLOCK                                                                                                                           ;
;   1.449 ;   0.184  ;    ; RE   ; 1      ; SCLK_TO_ROWCLK_BUF_X106_Y56_N0_I12          ; SCLK_TO_ROWCLK_BUF                                                                                                                    ;
;   1.489 ;   0.040  ;    ; RE   ; 2      ; SCLK_TO_ROWCLK_BUF_X106_Y56_N0_I15          ; SCLK_TO_ROWCLK_BUF                                                                                                                    ;
;   1.691 ;   0.202  ;    ; RE   ; 13     ; LAB_CLK_X92_Y56_N0_I2                       ; LAB_CLK                                                                                                                               ;
;   1.748 ;   0.057  ;    ; RE   ; 1      ; BLK_CLK_BUF_X102_Y56_N0_I2                  ; BLK_CLK_BUF                                                                                                                           ;
;   1.761 ;   0.013  ;    ; RE   ; 1      ; ROWCLKSEL_PREBUF_X102_Y56_N0_I2             ; ROWCLKSEL_PREBUF                                                                                                                      ;
;   1.781 ;   0.020  ;    ; RE   ; 1      ; ROWCLKSEL_X102_Y56_N0_I1                    ; ROWCLKSEL                                                                                                                             ;
;   1.781 ;   0.000  ;    ; RE   ; 2      ; GLOBAL_LOCAL_SEL_X102_Y56_N0_I1             ; GLOBAL_LOCAL_SEL                                                                                                                      ;
;   1.781 ;   0.000  ;    ; RE   ; 8      ; LAB_INPUT_X102_Y56_N0_I0                    ; LAB_INPUT                                                                                                                             ;
;   1.780 ;   -0.001 ; RR ; IC   ; 1      ; FF_X102_Y56_N14                             ; u_vectors|group_write_mask_q_rtl_0|auto_generated|dffe6|clk                                                                           ;
;   1.989 ;   0.209  ; RR ; CELL ; 1      ; FF_X102_Y56_N14                             ; llm_bank_ram:u_vectors|altshift_taps:group_write_mask_q_rtl_0|shift_taps_tcv:auto_generated|dffe6                                     ;
; 2.484   ; 0.495    ;    ;      ;        ;                                             ; data path                                                                                                                             ;
;   1.989 ;   0.000  ;    ; uTco ; 1      ; FF_X102_Y56_N14                             ; llm_bank_ram:u_vectors|altshift_taps:group_write_mask_q_rtl_0|shift_taps_tcv:auto_generated|dffe6                                     ;
;   1.989 ;   0.000  ; FF ; CELL ; 32     ; FF_X102_Y56_N14                             ; u_vectors|group_write_mask_q_rtl_0|auto_generated|dffe6|q                                                                             ;
;   2.007 ;   0.018  ;    ; RE   ; 1      ; FF_X102_Y56_N14                             ; ARRIAV_FF                                                                                                                             ;
;   2.049 ;   0.042  ;    ; RE   ; 3      ; LE_BUFFER_X102_Y56_N0_I9                    ; LE_BUFFER                                                                                                                             ;
;   2.127 ;   0.078  ;    ; RE   ; 1      ; R6_X102_Y56_N0_I4                           ; H_SEG6                                                                                                                                ;
;   2.221 ;   0.094  ;    ; RE   ; 1      ; LOCAL_INTERCONNECT_X102_Y56_N0_I26          ; LAB_LINE                                                                                                                              ;
;   2.277 ;   0.056  ;    ; RE   ; 1      ; BLOCK_INPUT_MUX_PASSTHROUGH_X102_Y56_N0_I82 ; LEIM                                                                                                                                  ;
;   2.277 ;   0.000  ;    ; RE   ; 1      ; GLOBAL_LOCAL_SEL_X102_Y56_N0_I3             ; GLOBAL_LOCAL_SEL                                                                                                                      ;
;   2.277 ;   0.000  ;    ; RE   ; 7      ; LAB_INPUT_X102_Y56_N0_I4                    ; LAB_INPUT                                                                                                                             ;
;   2.277 ;   0.000  ; FF ; IC   ; 1      ; FF_X102_Y56_N11                             ; u_vectors|group_write_mask_q_rtl_0|auto_generated|altsyncram4|ram_block7a10|clrn                                                      ;
;   2.484 ;   0.207  ; FF ; CELL ; 1      ; FF_X102_Y56_N11                             ; llm_bank_ram:u_vectors|altshift_taps:group_write_mask_q_rtl_0|shift_taps_tcv:auto_generated|altsyncram_dfc1:altsyncram4|ram_block7a10 ;
+---------+----------+----+------+--------+---------------------------------------------+---------------------------------------------------------------------------------------------------------------------------------------+

+-----------------------------------------------------------------------------------------------------------------------------------------------------------------------------------------------------------------------+
; Data Required Path                                                                                                                                                                                                    ;
+---------+----------+----+------+--------+-------------------------------------+---------------------------------------------------------------------------------------------------------------------------------------+
; Total   ; Incr     ; RF ; Type ; Fanout ; Location                            ; Element                                                                                                                               ;
+---------+----------+----+------+--------+-------------------------------------+---------------------------------------------------------------------------------------------------------------------------------------+
; 0.000   ; 0.000    ;    ;      ;        ;                                     ; latch edge time                                                                                                                       ;
; 2.025   ; 2.025    ;    ;      ;        ;                                     ; clock path                                                                                                                            ;
;   0.000 ;   0.000  ;    ;      ;        ;                                     ; source latency                                                                                                                        ;
;   0.000 ;   0.000  ;    ;      ; 1      ; PIN_AC18                            ; clk                                                                                                                                   ;
;   0.000 ;   0.000  ;    ; RE   ; 1      ; IOPAD_X54_Y0_N0                     ; ARRIAV_IO_PAD                                                                                                                         ;
;   0.000 ;   0.000  ;    ; RE   ; 1      ; IO_PAD_OUTPUT_X54_Y0_N0_I1          ; IO_PAD_OUTPUT                                                                                                                         ;
;   0.000 ;   0.000  ;    ; RE   ; 1      ; IO_INPUT_BUFFER_INPUT_X54_Y0_N1_I0  ; IO_INPUT_BUFFER_INPUT                                                                                                                 ;
;   0.000 ;   0.000  ; RR ; IC   ; 1      ; IOIBUF_X54_Y0_N1                    ; clk~input|i                                                                                                                           ;
;   0.417 ;   0.417  ; RR ; CELL ; 1      ; IOIBUF_X54_Y0_N1                    ; clk~input|o                                                                                                                           ;
;   0.417 ;   0.000  ;    ; RE   ; 1      ; IOIBUF_X54_Y0_N1                    ; ARRIAV_IO_IBUF                                                                                                                        ;
;   0.417 ;   0.000  ;    ; RE   ; 1      ; IO_INPUT_BUFFER_OUTPUT_X54_Y0_N1_I2 ; IO_INPUT_BUFFER_OUTPUT                                                                                                                ;
;   0.417 ;   0.000  ;    ; RE   ; 1      ; IO_RE_X54_Y0_N0_I96                 ; IO_RE                                                                                                                                 ;
;   0.552 ;   0.135  ;    ; RE   ; 1      ; IO_RE_X54_Y0_N0_I66                 ; IO_RE                                                                                                                                 ;
;   0.633 ;   0.081  ;    ; RE   ; 1      ; CLKBUF_CLUSTER_RE_X58_Y0_N0_I1614   ; CLKBUF_CLUSTER_RE                                                                                                                     ;
;   0.633 ;   0.000  ;    ; RE   ; 1      ; CLKBUF_CLUSTER_RE_X58_Y0_N0_I616    ; CLKBUF_CLUSTER_RE                                                                                                                     ;
;   0.633 ;   0.000  ;    ; RE   ; 1      ; GCLK_CLUSTER_RE_X58_Y0_N6_I10       ; GCLK_CLUSTER_RE                                                                                                                       ;
;   0.633 ;   0.000  ;    ; RE   ; 1      ; CLKBUFBLOCK_INPUT_X58_Y0_N7_I0      ; CLKBUFBLOCK_INPUT                                                                                                                     ;
;   0.633 ;   0.000  ; RR ; IC   ; 1      ; CLKCTRL_G6                          ; clk~inputCLKENA0|inclk                                                                                                                ;
;   0.779 ;   0.146  ; RR ; CELL ; 37157  ; CLKCTRL_G6                          ; clk~inputCLKENA0|outclk                                                                                                               ;
;   0.779 ;   0.000  ;    ; RE   ; 1      ; CLKCTRL_G6                          ; ARRIAV_CLKBUF                                                                                                                         ;
;   0.779 ;   0.000  ;    ; RE   ; 1      ; CLKBUFBLOCK_OUTPUT_X58_Y0_N7_I2     ; CLKBUFBLOCK_OUTPUT                                                                                                                    ;
;   0.779 ;   0.000  ;    ; RE   ; 1      ; GCLK_CLUSTER_RE_X58_Y0_N6_I12       ; GCLK_CLUSTER_RE                                                                                                                       ;
;   0.779 ;   0.000  ;    ; RE   ; 1      ; CLKBUF_CLUSTER_RE_X58_Y0_N0_I417    ; CLKBUF_CLUSTER_RE                                                                                                                     ;
;   1.285 ;   0.506  ;    ; RE   ; 16     ; GLOBAL_CLOCK_X0_Y58_N0_I6           ; GLOBAL_CLOCK                                                                                                                          ;
;   1.417 ;   0.132  ;    ; RE   ; 29     ; SPINE_CLOCK_X106_Y30_N0_I2          ; SPINE_CLOCK                                                                                                                           ;
;   1.606 ;   0.189  ;    ; RE   ; 1      ; SCLK_TO_ROWCLK_BUF_X106_Y56_N0_I12  ; SCLK_TO_ROWCLK_BUF                                                                                                                    ;
;   1.647 ;   0.041  ;    ; RE   ; 2      ; SCLK_TO_ROWCLK_BUF_X106_Y56_N0_I15  ; SCLK_TO_ROWCLK_BUF                                                                                                                    ;
;   1.854 ;   0.207  ;    ; RE   ; 13     ; LAB_CLK_X92_Y56_N0_I2               ; LAB_CLK                                                                                                                               ;
;   1.915 ;   0.061  ;    ; RE   ; 1      ; BLK_CLK_BUF_X102_Y56_N0_I2          ; BLK_CLK_BUF                                                                                                                           ;
;   1.929 ;   0.014  ;    ; RE   ; 1      ; ROWCLKSEL_PREBUF_X102_Y56_N0_I2     ; ROWCLKSEL_PREBUF                                                                                                                      ;
;   1.950 ;   0.021  ;    ; RE   ; 1      ; ROWCLKSEL_X102_Y56_N0_I1            ; ROWCLKSEL                                                                                                                             ;
;   1.950 ;   0.000  ;    ; RE   ; 2      ; GLOBAL_LOCAL_SEL_X102_Y56_N0_I1     ; GLOBAL_LOCAL_SEL                                                                                                                      ;
;   1.950 ;   0.000  ;    ; RE   ; 8      ; LAB_INPUT_X102_Y56_N0_I0            ; LAB_INPUT                                                                                                                             ;
;   1.950 ;   0.000  ; RR ; IC   ; 1      ; FF_X102_Y56_N11                     ; u_vectors|group_write_mask_q_rtl_0|auto_generated|altsyncram4|ram_block7a10|clk                                                       ;
;   2.183 ;   0.233  ; RR ; CELL ; 1      ; FF_X102_Y56_N11                     ; llm_bank_ram:u_vectors|altshift_taps:group_write_mask_q_rtl_0|shift_taps_tcv:auto_generated|altsyncram_dfc1:altsyncram4|ram_block7a10 ;
;   2.025 ;   -0.158 ;    ;      ;        ;                                     ; clock pessimism removed                                                                                                               ;
; 2.025   ; 0.000    ;    ;      ;        ;                                     ; clock uncertainty                                                                                                                     ;
; 2.025   ; 0.000    ;    ; uTh  ; 1      ; FF_X102_Y56_N11                     ; llm_bank_ram:u_vectors|altshift_taps:group_write_mask_q_rtl_0|shift_taps_tcv:auto_generated|altsyncram_dfc1:altsyncram4|ram_block7a10 ;
+---------+----------+----+------+--------+-------------------------------------+---------------------------------------------------------------------------------------------------------------------------------------+

----------------------------
; Extra Fitter Information ;
----------------------------
HTML report is unavailable in plain text report export.


Path #4: Removal slack is 0.460 
===============================================================================
+------------------------------------------------------------------------------------------------------------------------------------------------------------+
; Path Summary                                                                                                                                               ;
+--------------------+---------------------------------------------------------------------------------------------------------------------------------------+
; Property           ; Value                                                                                                                                 ;
+--------------------+---------------------------------------------------------------------------------------------------------------------------------------+
; From Node          ; llm_bank_ram:u_vectors|altshift_taps:group_write_mask_q_rtl_0|shift_taps_tcv:auto_generated|dffe6                                     ;
; To Node            ; llm_bank_ram:u_vectors|altshift_taps:group_write_mask_q_rtl_0|shift_taps_tcv:auto_generated|altsyncram_dfc1:altsyncram4|ram_block7a13 ;
; Launch Clock       ; clk                                                                                                                                   ;
; Latch Clock        ; clk                                                                                                                                   ;
; Data Arrival Time  ; 2.484                                                                                                                                 ;
; Data Required Time ; 2.024                                                                                                                                 ;
; Slack              ; 0.460                                                                                                                                 ;
+--------------------+---------------------------------------------------------------------------------------------------------------------------------------+

+------------------------------------------------------------------------------------+
; Statistics                                                                         ;
+------------------------+-------+-------+-------------+------------+--------+-------+
; Property               ; Value ; Count ; Total Delay ; % of Total ; Min    ; Max   ;
+------------------------+-------+-------+-------------+------------+--------+-------+
; Removal Relationship   ; 0.000 ;       ;             ;            ;        ;       ;
; Clock Skew             ; 0.035 ;       ;             ;            ;        ;       ;
; Data Delay             ; 0.495 ;       ;             ;            ;        ;       ;
; Number of Logic Levels ;       ; 0     ;             ;            ;        ;       ;
; Physical Delays        ;       ;       ;             ;            ;        ;       ;
;  Arrival Path          ;       ;       ;             ;            ;        ;       ;
;   Clock                ;       ;       ;             ;            ;        ;       ;
;    IC                  ;       ; 3     ; -0.001      ; 0          ; -0.001 ; 0.000 ;
;    Cell                ;       ; 3     ; 0.765       ; 38         ; 0.139  ; 0.417 ;
;    Routing Element     ;       ; 25    ; 1.225       ; 62         ; 0.000  ; 0.492 ;
;   Data                 ;       ;       ;             ;            ;        ;       ;
;    IC                  ;       ; 1     ; 0.000       ; 0          ; 0.000  ; 0.000 ;
;    Cell                ;       ; 2     ; 0.207       ; 42         ; 0.000  ; 0.207 ;
;    uTco                ;       ; 1     ; 0.000       ; 0          ; 0.000  ; 0.000 ;
;    Routing Element     ;       ; 7     ; 0.288       ; 58         ; 0.000  ; 0.094 ;
;  Required Path         ;       ;       ;             ;            ;        ;       ;
;   Clock                ;       ;       ;             ;            ;        ;       ;
;    IC                  ;       ; 3     ; 0.000       ; 0          ; 0.000  ; 0.000 ;
;    Cell                ;       ; 3     ; 0.795       ; 36         ; 0.146  ; 0.417 ;
;    Routing Element     ;       ; 25    ; 1.387       ; 64         ; 0.000  ; 0.506 ;
+------------------------+-------+-------+-------------+------------+--------+-------+
Note: Negative delays are omitted from totals when calculating percentages

+-------------------------------------------------------------------------------------------------------------------------------------------------------------------------------------------------------------------------------+
; Data Arrival Path                                                                                                                                                                                                             ;
+---------+----------+----+------+--------+---------------------------------------------+---------------------------------------------------------------------------------------------------------------------------------------+
; Total   ; Incr     ; RF ; Type ; Fanout ; Location                                    ; Element                                                                                                                               ;
+---------+----------+----+------+--------+---------------------------------------------+---------------------------------------------------------------------------------------------------------------------------------------+
; 0.000   ; 0.000    ;    ;      ;        ;                                             ; launch edge time                                                                                                                      ;
; 1.989   ; 1.989    ;    ;      ;        ;                                             ; clock path                                                                                                                            ;
;   0.000 ;   0.000  ;    ;      ;        ;                                             ; source latency                                                                                                                        ;
;   0.000 ;   0.000  ;    ;      ; 1      ; PIN_AC18                                    ; clk                                                                                                                                   ;
;   0.000 ;   0.000  ;    ; RE   ; 1      ; IOPAD_X54_Y0_N0                             ; ARRIAV_IO_PAD                                                                                                                         ;
;   0.000 ;   0.000  ;    ; RE   ; 1      ; IO_PAD_OUTPUT_X54_Y0_N0_I1                  ; IO_PAD_OUTPUT                                                                                                                         ;
;   0.000 ;   0.000  ;    ; RE   ; 1      ; IO_INPUT_BUFFER_INPUT_X54_Y0_N1_I0          ; IO_INPUT_BUFFER_INPUT                                                                                                                 ;
;   0.000 ;   0.000  ; RR ; IC   ; 1      ; IOIBUF_X54_Y0_N1                            ; clk~input|i                                                                                                                           ;
;   0.417 ;   0.417  ; RR ; CELL ; 1      ; IOIBUF_X54_Y0_N1                            ; clk~input|o                                                                                                                           ;
;   0.417 ;   0.000  ;    ; RE   ; 1      ; IOIBUF_X54_Y0_N1                            ; ARRIAV_IO_IBUF                                                                                                                        ;
;   0.417 ;   0.000  ;    ; RE   ; 1      ; IO_INPUT_BUFFER_OUTPUT_X54_Y0_N1_I2         ; IO_INPUT_BUFFER_OUTPUT                                                                                                                ;
;   0.417 ;   0.000  ;    ; RE   ; 1      ; IO_RE_X54_Y0_N0_I96                         ; IO_RE                                                                                                                                 ;
;   0.505 ;   0.088  ;    ; RE   ; 1      ; IO_RE_X54_Y0_N0_I66                         ; IO_RE                                                                                                                                 ;
;   0.505 ;   0.000  ;    ; RE   ; 1      ; CLKBUF_CLUSTER_RE_X58_Y0_N0_I1614           ; CLKBUF_CLUSTER_RE                                                                                                                     ;
;   0.505 ;   0.000  ;    ; RE   ; 1      ; CLKBUF_CLUSTER_RE_X58_Y0_N0_I616            ; CLKBUF_CLUSTER_RE                                                                                                                     ;
;   0.505 ;   0.000  ;    ; RE   ; 1      ; GCLK_CLUSTER_RE_X58_Y0_N6_I10               ; GCLK_CLUSTER_RE                                                                                                                       ;
;   0.505 ;   0.000  ;    ; RE   ; 1      ; CLKBUFBLOCK_INPUT_X58_Y0_N7_I0              ; CLKBUFBLOCK_INPUT                                                                                                                     ;
;   0.505 ;   0.000  ; RR ; IC   ; 1      ; CLKCTRL_G6                                  ; clk~inputCLKENA0|inclk                                                                                                                ;
;   0.644 ;   0.139  ; RR ; CELL ; 37157  ; CLKCTRL_G6                                  ; clk~inputCLKENA0|outclk                                                                                                               ;
;   0.644 ;   0.000  ;    ; RE   ; 1      ; CLKCTRL_G6                                  ; ARRIAV_CLKBUF                                                                                                                         ;
;   0.644 ;   0.000  ;    ; RE   ; 1      ; CLKBUFBLOCK_OUTPUT_X58_Y0_N7_I2             ; CLKBUFBLOCK_OUTPUT                                                                                                                    ;
;   0.644 ;   0.000  ;    ; RE   ; 1      ; GCLK_CLUSTER_RE_X58_Y0_N6_I12               ; GCLK_CLUSTER_RE                                                                                                                       ;
;   0.644 ;   0.000  ;    ; RE   ; 1      ; CLKBUF_CLUSTER_RE_X58_Y0_N0_I417            ; CLKBUF_CLUSTER_RE                                                                                                                     ;
;   1.136 ;   0.492  ;    ; RE   ; 16     ; GLOBAL_CLOCK_X0_Y58_N0_I6                   ; GLOBAL_CLOCK                                                                                                                          ;
;   1.265 ;   0.129  ;    ; RE   ; 29     ; SPINE_CLOCK_X106_Y30_N0_I2                  ; SPINE_CLOCK                                                                                                                           ;
;   1.449 ;   0.184  ;    ; RE   ; 1      ; SCLK_TO_ROWCLK_BUF_X106_Y56_N0_I12          ; SCLK_TO_ROWCLK_BUF                                                                                                                    ;
;   1.489 ;   0.040  ;    ; RE   ; 2      ; SCLK_TO_ROWCLK_BUF_X106_Y56_N0_I15          ; SCLK_TO_ROWCLK_BUF                                                                                                                    ;
;   1.691 ;   0.202  ;    ; RE   ; 13     ; LAB_CLK_X92_Y56_N0_I2                       ; LAB_CLK                                                                                                                               ;
;   1.748 ;   0.057  ;    ; RE   ; 1      ; BLK_CLK_BUF_X102_Y56_N0_I2                  ; BLK_CLK_BUF                                                                                                                           ;
;   1.761 ;   0.013  ;    ; RE   ; 1      ; ROWCLKSEL_PREBUF_X102_Y56_N0_I2             ; ROWCLKSEL_PREBUF                                                                                                                      ;
;   1.781 ;   0.020  ;    ; RE   ; 1      ; ROWCLKSEL_X102_Y56_N0_I1                    ; ROWCLKSEL                                                                                                                             ;
;   1.781 ;   0.000  ;    ; RE   ; 2      ; GLOBAL_LOCAL_SEL_X102_Y56_N0_I1             ; GLOBAL_LOCAL_SEL                                                                                                                      ;
;   1.781 ;   0.000  ;    ; RE   ; 8      ; LAB_INPUT_X102_Y56_N0_I0                    ; LAB_INPUT                                                                                                                             ;
;   1.780 ;   -0.001 ; RR ; IC   ; 1      ; FF_X102_Y56_N14                             ; u_vectors|group_write_mask_q_rtl_0|auto_generated|dffe6|clk                                                                           ;
;   1.989 ;   0.209  ; RR ; CELL ; 1      ; FF_X102_Y56_N14                             ; llm_bank_ram:u_vectors|altshift_taps:group_write_mask_q_rtl_0|shift_taps_tcv:auto_generated|dffe6                                     ;
; 2.484   ; 0.495    ;    ;      ;        ;                                             ; data path                                                                                                                             ;
;   1.989 ;   0.000  ;    ; uTco ; 1      ; FF_X102_Y56_N14                             ; llm_bank_ram:u_vectors|altshift_taps:group_write_mask_q_rtl_0|shift_taps_tcv:auto_generated|dffe6                                     ;
;   1.989 ;   0.000  ; FF ; CELL ; 32     ; FF_X102_Y56_N14                             ; u_vectors|group_write_mask_q_rtl_0|auto_generated|dffe6|q                                                                             ;
;   2.007 ;   0.018  ;    ; RE   ; 1      ; FF_X102_Y56_N14                             ; ARRIAV_FF                                                                                                                             ;
;   2.049 ;   0.042  ;    ; RE   ; 3      ; LE_BUFFER_X102_Y56_N0_I9                    ; LE_BUFFER                                                                                                                             ;
;   2.127 ;   0.078  ;    ; RE   ; 1      ; R6_X102_Y56_N0_I4                           ; H_SEG6                                                                                                                                ;
;   2.221 ;   0.094  ;    ; RE   ; 1      ; LOCAL_INTERCONNECT_X102_Y56_N0_I26          ; LAB_LINE                                                                                                                              ;
;   2.277 ;   0.056  ;    ; RE   ; 1      ; BLOCK_INPUT_MUX_PASSTHROUGH_X102_Y56_N0_I82 ; LEIM                                                                                                                                  ;
;   2.277 ;   0.000  ;    ; RE   ; 1      ; GLOBAL_LOCAL_SEL_X102_Y56_N0_I3             ; GLOBAL_LOCAL_SEL                                                                                                                      ;
;   2.277 ;   0.000  ;    ; RE   ; 7      ; LAB_INPUT_X102_Y56_N0_I4                    ; LAB_INPUT                                                                                                                             ;
;   2.277 ;   0.000  ; FF ; IC   ; 1      ; FF_X102_Y56_N19                             ; u_vectors|group_write_mask_q_rtl_0|auto_generated|altsyncram4|ram_block7a13|clrn                                                      ;
;   2.484 ;   0.207  ; FF ; CELL ; 1      ; FF_X102_Y56_N19                             ; llm_bank_ram:u_vectors|altshift_taps:group_write_mask_q_rtl_0|shift_taps_tcv:auto_generated|altsyncram_dfc1:altsyncram4|ram_block7a13 ;
+---------+----------+----+------+--------+---------------------------------------------+---------------------------------------------------------------------------------------------------------------------------------------+

+-----------------------------------------------------------------------------------------------------------------------------------------------------------------------------------------------------------------------+
; Data Required Path                                                                                                                                                                                                    ;
+---------+----------+----+------+--------+-------------------------------------+---------------------------------------------------------------------------------------------------------------------------------------+
; Total   ; Incr     ; RF ; Type ; Fanout ; Location                            ; Element                                                                                                                               ;
+---------+----------+----+------+--------+-------------------------------------+---------------------------------------------------------------------------------------------------------------------------------------+
; 0.000   ; 0.000    ;    ;      ;        ;                                     ; latch edge time                                                                                                                       ;
; 2.024   ; 2.024    ;    ;      ;        ;                                     ; clock path                                                                                                                            ;
;   0.000 ;   0.000  ;    ;      ;        ;                                     ; source latency                                                                                                                        ;
;   0.000 ;   0.000  ;    ;      ; 1      ; PIN_AC18                            ; clk                                                                                                                                   ;
;   0.000 ;   0.000  ;    ; RE   ; 1      ; IOPAD_X54_Y0_N0                     ; ARRIAV_IO_PAD                                                                                                                         ;
;   0.000 ;   0.000  ;    ; RE   ; 1      ; IO_PAD_OUTPUT_X54_Y0_N0_I1          ; IO_PAD_OUTPUT                                                                                                                         ;
;   0.000 ;   0.000  ;    ; RE   ; 1      ; IO_INPUT_BUFFER_INPUT_X54_Y0_N1_I0  ; IO_INPUT_BUFFER_INPUT                                                                                                                 ;
;   0.000 ;   0.000  ; RR ; IC   ; 1      ; IOIBUF_X54_Y0_N1                    ; clk~input|i                                                                                                                           ;
;   0.417 ;   0.417  ; RR ; CELL ; 1      ; IOIBUF_X54_Y0_N1                    ; clk~input|o                                                                                                                           ;
;   0.417 ;   0.000  ;    ; RE   ; 1      ; IOIBUF_X54_Y0_N1                    ; ARRIAV_IO_IBUF                                                                                                                        ;
;   0.417 ;   0.000  ;    ; RE   ; 1      ; IO_INPUT_BUFFER_OUTPUT_X54_Y0_N1_I2 ; IO_INPUT_BUFFER_OUTPUT                                                                                                                ;
;   0.417 ;   0.000  ;    ; RE   ; 1      ; IO_RE_X54_Y0_N0_I96                 ; IO_RE                                                                                                                                 ;
;   0.552 ;   0.135  ;    ; RE   ; 1      ; IO_RE_X54_Y0_N0_I66                 ; IO_RE                                                                                                                                 ;
;   0.633 ;   0.081  ;    ; RE   ; 1      ; CLKBUF_CLUSTER_RE_X58_Y0_N0_I1614   ; CLKBUF_CLUSTER_RE                                                                                                                     ;
;   0.633 ;   0.000  ;    ; RE   ; 1      ; CLKBUF_CLUSTER_RE_X58_Y0_N0_I616    ; CLKBUF_CLUSTER_RE                                                                                                                     ;
;   0.633 ;   0.000  ;    ; RE   ; 1      ; GCLK_CLUSTER_RE_X58_Y0_N6_I10       ; GCLK_CLUSTER_RE                                                                                                                       ;
;   0.633 ;   0.000  ;    ; RE   ; 1      ; CLKBUFBLOCK_INPUT_X58_Y0_N7_I0      ; CLKBUFBLOCK_INPUT                                                                                                                     ;
;   0.633 ;   0.000  ; RR ; IC   ; 1      ; CLKCTRL_G6                          ; clk~inputCLKENA0|inclk                                                                                                                ;
;   0.779 ;   0.146  ; RR ; CELL ; 37157  ; CLKCTRL_G6                          ; clk~inputCLKENA0|outclk                                                                                                               ;
;   0.779 ;   0.000  ;    ; RE   ; 1      ; CLKCTRL_G6                          ; ARRIAV_CLKBUF                                                                                                                         ;
;   0.779 ;   0.000  ;    ; RE   ; 1      ; CLKBUFBLOCK_OUTPUT_X58_Y0_N7_I2     ; CLKBUFBLOCK_OUTPUT                                                                                                                    ;
;   0.779 ;   0.000  ;    ; RE   ; 1      ; GCLK_CLUSTER_RE_X58_Y0_N6_I12       ; GCLK_CLUSTER_RE                                                                                                                       ;
;   0.779 ;   0.000  ;    ; RE   ; 1      ; CLKBUF_CLUSTER_RE_X58_Y0_N0_I417    ; CLKBUF_CLUSTER_RE                                                                                                                     ;
;   1.285 ;   0.506  ;    ; RE   ; 16     ; GLOBAL_CLOCK_X0_Y58_N0_I6           ; GLOBAL_CLOCK                                                                                                                          ;
;   1.417 ;   0.132  ;    ; RE   ; 29     ; SPINE_CLOCK_X106_Y30_N0_I2          ; SPINE_CLOCK                                                                                                                           ;
;   1.606 ;   0.189  ;    ; RE   ; 1      ; SCLK_TO_ROWCLK_BUF_X106_Y56_N0_I12  ; SCLK_TO_ROWCLK_BUF                                                                                                                    ;
;   1.647 ;   0.041  ;    ; RE   ; 2      ; SCLK_TO_ROWCLK_BUF_X106_Y56_N0_I15  ; SCLK_TO_ROWCLK_BUF                                                                                                                    ;
;   1.854 ;   0.207  ;    ; RE   ; 13     ; LAB_CLK_X92_Y56_N0_I2               ; LAB_CLK                                                                                                                               ;
;   1.915 ;   0.061  ;    ; RE   ; 1      ; BLK_CLK_BUF_X102_Y56_N0_I2          ; BLK_CLK_BUF                                                                                                                           ;
;   1.929 ;   0.014  ;    ; RE   ; 1      ; ROWCLKSEL_PREBUF_X102_Y56_N0_I2     ; ROWCLKSEL_PREBUF                                                                                                                      ;
;   1.950 ;   0.021  ;    ; RE   ; 1      ; ROWCLKSEL_X102_Y56_N0_I1            ; ROWCLKSEL                                                                                                                             ;
;   1.950 ;   0.000  ;    ; RE   ; 2      ; GLOBAL_LOCAL_SEL_X102_Y56_N0_I1     ; GLOBAL_LOCAL_SEL                                                                                                                      ;
;   1.950 ;   0.000  ;    ; RE   ; 8      ; LAB_INPUT_X102_Y56_N0_I0            ; LAB_INPUT                                                                                                                             ;
;   1.950 ;   0.000  ; RR ; IC   ; 1      ; FF_X102_Y56_N19                     ; u_vectors|group_write_mask_q_rtl_0|auto_generated|altsyncram4|ram_block7a13|clk                                                       ;
;   2.182 ;   0.232  ; RR ; CELL ; 1      ; FF_X102_Y56_N19                     ; llm_bank_ram:u_vectors|altshift_taps:group_write_mask_q_rtl_0|shift_taps_tcv:auto_generated|altsyncram_dfc1:altsyncram4|ram_block7a13 ;
;   2.024 ;   -0.158 ;    ;      ;        ;                                     ; clock pessimism removed                                                                                                               ;
; 2.024   ; 0.000    ;    ;      ;        ;                                     ; clock uncertainty                                                                                                                     ;
; 2.024   ; 0.000    ;    ; uTh  ; 1      ; FF_X102_Y56_N19                     ; llm_bank_ram:u_vectors|altshift_taps:group_write_mask_q_rtl_0|shift_taps_tcv:auto_generated|altsyncram_dfc1:altsyncram4|ram_block7a13 ;
+---------+----------+----+------+--------+-------------------------------------+---------------------------------------------------------------------------------------------------------------------------------------+

----------------------------
; Extra Fitter Information ;
----------------------------
HTML report is unavailable in plain text report export.


Path #5: Removal slack is 0.461 
===============================================================================
+------------------------------------------------------------------------------------------------------------------------------------------------------------+
; Path Summary                                                                                                                                               ;
+--------------------+---------------------------------------------------------------------------------------------------------------------------------------+
; Property           ; Value                                                                                                                                 ;
+--------------------+---------------------------------------------------------------------------------------------------------------------------------------+
; From Node          ; llm_bank_ram:u_vectors|altshift_taps:group_write_mask_q_rtl_0|shift_taps_tcv:auto_generated|dffe6                                     ;
; To Node            ; llm_bank_ram:u_vectors|altshift_taps:group_write_mask_q_rtl_0|shift_taps_tcv:auto_generated|altsyncram_dfc1:altsyncram4|ram_block7a26 ;
; Launch Clock       ; clk                                                                                                                                   ;
; Latch Clock        ; clk                                                                                                                                   ;
; Data Arrival Time  ; 2.484                                                                                                                                 ;
; Data Required Time ; 2.023                                                                                                                                 ;
; Slack              ; 0.461                                                                                                                                 ;
+--------------------+---------------------------------------------------------------------------------------------------------------------------------------+

+------------------------------------------------------------------------------------+
; Statistics                                                                         ;
+------------------------+-------+-------+-------------+------------+--------+-------+
; Property               ; Value ; Count ; Total Delay ; % of Total ; Min    ; Max   ;
+------------------------+-------+-------+-------------+------------+--------+-------+
; Removal Relationship   ; 0.000 ;       ;             ;            ;        ;       ;
; Clock Skew             ; 0.034 ;       ;             ;            ;        ;       ;
; Data Delay             ; 0.495 ;       ;             ;            ;        ;       ;
; Number of Logic Levels ;       ; 0     ;             ;            ;        ;       ;
; Physical Delays        ;       ;       ;             ;            ;        ;       ;
;  Arrival Path          ;       ;       ;             ;            ;        ;       ;
;   Clock                ;       ;       ;             ;            ;        ;       ;
;    IC                  ;       ; 3     ; -0.001      ; 0          ; -0.001 ; 0.000 ;
;    Cell                ;       ; 3     ; 0.765       ; 38         ; 0.139  ; 0.417 ;
;    Routing Element     ;       ; 25    ; 1.225       ; 62         ; 0.000  ; 0.492 ;
;   Data                 ;       ;       ;             ;            ;        ;       ;
;    IC                  ;       ; 1     ; 0.000       ; 0          ; 0.000  ; 0.000 ;
;    Cell                ;       ; 2     ; 0.207       ; 42         ; 0.000  ; 0.207 ;
;    uTco                ;       ; 1     ; 0.000       ; 0          ; 0.000  ; 0.000 ;
;    Routing Element     ;       ; 7     ; 0.288       ; 58         ; 0.000  ; 0.094 ;
;  Required Path         ;       ;       ;             ;            ;        ;       ;
;   Clock                ;       ;       ;             ;            ;        ;       ;
;    IC                  ;       ; 3     ; 0.000       ; 0          ; 0.000  ; 0.000 ;
;    Cell                ;       ; 3     ; 0.794       ; 36         ; 0.146  ; 0.417 ;
;    Routing Element     ;       ; 25    ; 1.387       ; 64         ; 0.000  ; 0.506 ;
+------------------------+-------+-------+-------------+------------+--------+-------+
Note: Negative delays are omitted from totals when calculating percentages

+-------------------------------------------------------------------------------------------------------------------------------------------------------------------------------------------------------------------------------+
; Data Arrival Path                                                                                                                                                                                                             ;
+---------+----------+----+------+--------+---------------------------------------------+---------------------------------------------------------------------------------------------------------------------------------------+
; Total   ; Incr     ; RF ; Type ; Fanout ; Location                                    ; Element                                                                                                                               ;
+---------+----------+----+------+--------+---------------------------------------------+---------------------------------------------------------------------------------------------------------------------------------------+
; 0.000   ; 0.000    ;    ;      ;        ;                                             ; launch edge time                                                                                                                      ;
; 1.989   ; 1.989    ;    ;      ;        ;                                             ; clock path                                                                                                                            ;
;   0.000 ;   0.000  ;    ;      ;        ;                                             ; source latency                                                                                                                        ;
;   0.000 ;   0.000  ;    ;      ; 1      ; PIN_AC18                                    ; clk                                                                                                                                   ;
;   0.000 ;   0.000  ;    ; RE   ; 1      ; IOPAD_X54_Y0_N0                             ; ARRIAV_IO_PAD                                                                                                                         ;
;   0.000 ;   0.000  ;    ; RE   ; 1      ; IO_PAD_OUTPUT_X54_Y0_N0_I1                  ; IO_PAD_OUTPUT                                                                                                                         ;
;   0.000 ;   0.000  ;    ; RE   ; 1      ; IO_INPUT_BUFFER_INPUT_X54_Y0_N1_I0          ; IO_INPUT_BUFFER_INPUT                                                                                                                 ;
;   0.000 ;   0.000  ; RR ; IC   ; 1      ; IOIBUF_X54_Y0_N1                            ; clk~input|i                                                                                                                           ;
;   0.417 ;   0.417  ; RR ; CELL ; 1      ; IOIBUF_X54_Y0_N1                            ; clk~input|o                                                                                                                           ;
;   0.417 ;   0.000  ;    ; RE   ; 1      ; IOIBUF_X54_Y0_N1                            ; ARRIAV_IO_IBUF                                                                                                                        ;
;   0.417 ;   0.000  ;    ; RE   ; 1      ; IO_INPUT_BUFFER_OUTPUT_X54_Y0_N1_I2         ; IO_INPUT_BUFFER_OUTPUT                                                                                                                ;
;   0.417 ;   0.000  ;    ; RE   ; 1      ; IO_RE_X54_Y0_N0_I96                         ; IO_RE                                                                                                                                 ;
;   0.505 ;   0.088  ;    ; RE   ; 1      ; IO_RE_X54_Y0_N0_I66                         ; IO_RE                                                                                                                                 ;
;   0.505 ;   0.000  ;    ; RE   ; 1      ; CLKBUF_CLUSTER_RE_X58_Y0_N0_I1614           ; CLKBUF_CLUSTER_RE                                                                                                                     ;
;   0.505 ;   0.000  ;    ; RE   ; 1      ; CLKBUF_CLUSTER_RE_X58_Y0_N0_I616            ; CLKBUF_CLUSTER_RE                                                                                                                     ;
;   0.505 ;   0.000  ;    ; RE   ; 1      ; GCLK_CLUSTER_RE_X58_Y0_N6_I10               ; GCLK_CLUSTER_RE                                                                                                                       ;
;   0.505 ;   0.000  ;    ; RE   ; 1      ; CLKBUFBLOCK_INPUT_X58_Y0_N7_I0              ; CLKBUFBLOCK_INPUT                                                                                                                     ;
;   0.505 ;   0.000  ; RR ; IC   ; 1      ; CLKCTRL_G6                                  ; clk~inputCLKENA0|inclk                                                                                                                ;
;   0.644 ;   0.139  ; RR ; CELL ; 37157  ; CLKCTRL_G6                                  ; clk~inputCLKENA0|outclk                                                                                                               ;
;   0.644 ;   0.000  ;    ; RE   ; 1      ; CLKCTRL_G6                                  ; ARRIAV_CLKBUF                                                                                                                         ;
;   0.644 ;   0.000  ;    ; RE   ; 1      ; CLKBUFBLOCK_OUTPUT_X58_Y0_N7_I2             ; CLKBUFBLOCK_OUTPUT                                                                                                                    ;
;   0.644 ;   0.000  ;    ; RE   ; 1      ; GCLK_CLUSTER_RE_X58_Y0_N6_I12               ; GCLK_CLUSTER_RE                                                                                                                       ;
;   0.644 ;   0.000  ;    ; RE   ; 1      ; CLKBUF_CLUSTER_RE_X58_Y0_N0_I417            ; CLKBUF_CLUSTER_RE                                                                                                                     ;
;   1.136 ;   0.492  ;    ; RE   ; 16     ; GLOBAL_CLOCK_X0_Y58_N0_I6                   ; GLOBAL_CLOCK                                                                                                                          ;
;   1.265 ;   0.129  ;    ; RE   ; 29     ; SPINE_CLOCK_X106_Y30_N0_I2                  ; SPINE_CLOCK                                                                                                                           ;
;   1.449 ;   0.184  ;    ; RE   ; 1      ; SCLK_TO_ROWCLK_BUF_X106_Y56_N0_I12          ; SCLK_TO_ROWCLK_BUF                                                                                                                    ;
;   1.489 ;   0.040  ;    ; RE   ; 2      ; SCLK_TO_ROWCLK_BUF_X106_Y56_N0_I15          ; SCLK_TO_ROWCLK_BUF                                                                                                                    ;
;   1.691 ;   0.202  ;    ; RE   ; 13     ; LAB_CLK_X92_Y56_N0_I2                       ; LAB_CLK                                                                                                                               ;
;   1.748 ;   0.057  ;    ; RE   ; 1      ; BLK_CLK_BUF_X102_Y56_N0_I2                  ; BLK_CLK_BUF                                                                                                                           ;
;   1.761 ;   0.013  ;    ; RE   ; 1      ; ROWCLKSEL_PREBUF_X102_Y56_N0_I2             ; ROWCLKSEL_PREBUF                                                                                                                      ;
;   1.781 ;   0.020  ;    ; RE   ; 1      ; ROWCLKSEL_X102_Y56_N0_I1                    ; ROWCLKSEL                                                                                                                             ;
;   1.781 ;   0.000  ;    ; RE   ; 2      ; GLOBAL_LOCAL_SEL_X102_Y56_N0_I1             ; GLOBAL_LOCAL_SEL                                                                                                                      ;
;   1.781 ;   0.000  ;    ; RE   ; 8      ; LAB_INPUT_X102_Y56_N0_I0                    ; LAB_INPUT                                                                                                                             ;
;   1.780 ;   -0.001 ; RR ; IC   ; 1      ; FF_X102_Y56_N14                             ; u_vectors|group_write_mask_q_rtl_0|auto_generated|dffe6|clk                                                                           ;
;   1.989 ;   0.209  ; RR ; CELL ; 1      ; FF_X102_Y56_N14                             ; llm_bank_ram:u_vectors|altshift_taps:group_write_mask_q_rtl_0|shift_taps_tcv:auto_generated|dffe6                                     ;
; 2.484   ; 0.495    ;    ;      ;        ;                                             ; data path                                                                                                                             ;
;   1.989 ;   0.000  ;    ; uTco ; 1      ; FF_X102_Y56_N14                             ; llm_bank_ram:u_vectors|altshift_taps:group_write_mask_q_rtl_0|shift_taps_tcv:auto_generated|dffe6                                     ;
;   1.989 ;   0.000  ; FF ; CELL ; 32     ; FF_X102_Y56_N14                             ; u_vectors|group_write_mask_q_rtl_0|auto_generated|dffe6|q                                                                             ;
;   2.007 ;   0.018  ;    ; RE   ; 1      ; FF_X102_Y56_N14                             ; ARRIAV_FF                                                                                                                             ;
;   2.049 ;   0.042  ;    ; RE   ; 3      ; LE_BUFFER_X102_Y56_N0_I9                    ; LE_BUFFER                                                                                                                             ;
;   2.127 ;   0.078  ;    ; RE   ; 1      ; R6_X102_Y56_N0_I4                           ; H_SEG6                                                                                                                                ;
;   2.221 ;   0.094  ;    ; RE   ; 1      ; LOCAL_INTERCONNECT_X102_Y56_N0_I26          ; LAB_LINE                                                                                                                              ;
;   2.277 ;   0.056  ;    ; RE   ; 1      ; BLOCK_INPUT_MUX_PASSTHROUGH_X102_Y56_N0_I82 ; LEIM                                                                                                                                  ;
;   2.277 ;   0.000  ;    ; RE   ; 1      ; GLOBAL_LOCAL_SEL_X102_Y56_N0_I3             ; GLOBAL_LOCAL_SEL                                                                                                                      ;
;   2.277 ;   0.000  ;    ; RE   ; 7      ; LAB_INPUT_X102_Y56_N0_I4                    ; LAB_INPUT                                                                                                                             ;
;   2.277 ;   0.000  ; FF ; IC   ; 1      ; FF_X102_Y56_N26                             ; u_vectors|group_write_mask_q_rtl_0|auto_generated|altsyncram4|ram_block7a26|clrn                                                      ;
;   2.484 ;   0.207  ; FF ; CELL ; 1      ; FF_X102_Y56_N26                             ; llm_bank_ram:u_vectors|altshift_taps:group_write_mask_q_rtl_0|shift_taps_tcv:auto_generated|altsyncram_dfc1:altsyncram4|ram_block7a26 ;
+---------+----------+----+------+--------+---------------------------------------------+---------------------------------------------------------------------------------------------------------------------------------------+

+-----------------------------------------------------------------------------------------------------------------------------------------------------------------------------------------------------------------------+
; Data Required Path                                                                                                                                                                                                    ;
+---------+----------+----+------+--------+-------------------------------------+---------------------------------------------------------------------------------------------------------------------------------------+
; Total   ; Incr     ; RF ; Type ; Fanout ; Location                            ; Element                                                                                                                               ;
+---------+----------+----+------+--------+-------------------------------------+---------------------------------------------------------------------------------------------------------------------------------------+
; 0.000   ; 0.000    ;    ;      ;        ;                                     ; latch edge time                                                                                                                       ;
; 2.023   ; 2.023    ;    ;      ;        ;                                     ; clock path                                                                                                                            ;
;   0.000 ;   0.000  ;    ;      ;        ;                                     ; source latency                                                                                                                        ;
;   0.000 ;   0.000  ;    ;      ; 1      ; PIN_AC18                            ; clk                                                                                                                                   ;
;   0.000 ;   0.000  ;    ; RE   ; 1      ; IOPAD_X54_Y0_N0                     ; ARRIAV_IO_PAD                                                                                                                         ;
;   0.000 ;   0.000  ;    ; RE   ; 1      ; IO_PAD_OUTPUT_X54_Y0_N0_I1          ; IO_PAD_OUTPUT                                                                                                                         ;
;   0.000 ;   0.000  ;    ; RE   ; 1      ; IO_INPUT_BUFFER_INPUT_X54_Y0_N1_I0  ; IO_INPUT_BUFFER_INPUT                                                                                                                 ;
;   0.000 ;   0.000  ; RR ; IC   ; 1      ; IOIBUF_X54_Y0_N1                    ; clk~input|i                                                                                                                           ;
;   0.417 ;   0.417  ; RR ; CELL ; 1      ; IOIBUF_X54_Y0_N1                    ; clk~input|o                                                                                                                           ;
;   0.417 ;   0.000  ;    ; RE   ; 1      ; IOIBUF_X54_Y0_N1                    ; ARRIAV_IO_IBUF                                                                                                                        ;
;   0.417 ;   0.000  ;    ; RE   ; 1      ; IO_INPUT_BUFFER_OUTPUT_X54_Y0_N1_I2 ; IO_INPUT_BUFFER_OUTPUT                                                                                                                ;
;   0.417 ;   0.000  ;    ; RE   ; 1      ; IO_RE_X54_Y0_N0_I96                 ; IO_RE                                                                                                                                 ;
;   0.552 ;   0.135  ;    ; RE   ; 1      ; IO_RE_X54_Y0_N0_I66                 ; IO_RE                                                                                                                                 ;
;   0.633 ;   0.081  ;    ; RE   ; 1      ; CLKBUF_CLUSTER_RE_X58_Y0_N0_I1614   ; CLKBUF_CLUSTER_RE                                                                                                                     ;
;   0.633 ;   0.000  ;    ; RE   ; 1      ; CLKBUF_CLUSTER_RE_X58_Y0_N0_I616    ; CLKBUF_CLUSTER_RE                                                                                                                     ;
;   0.633 ;   0.000  ;    ; RE   ; 1      ; GCLK_CLUSTER_RE_X58_Y0_N6_I10       ; GCLK_CLUSTER_RE                                                                                                                       ;
;   0.633 ;   0.000  ;    ; RE   ; 1      ; CLKBUFBLOCK_INPUT_X58_Y0_N7_I0      ; CLKBUFBLOCK_INPUT                                                                                                                     ;
;   0.633 ;   0.000  ; RR ; IC   ; 1      ; CLKCTRL_G6                          ; clk~inputCLKENA0|inclk                                                                                                                ;
;   0.779 ;   0.146  ; RR ; CELL ; 37157  ; CLKCTRL_G6                          ; clk~inputCLKENA0|outclk                                                                                                               ;
;   0.779 ;   0.000  ;    ; RE   ; 1      ; CLKCTRL_G6                          ; ARRIAV_CLKBUF                                                                                                                         ;
;   0.779 ;   0.000  ;    ; RE   ; 1      ; CLKBUFBLOCK_OUTPUT_X58_Y0_N7_I2     ; CLKBUFBLOCK_OUTPUT                                                                                                                    ;
;   0.779 ;   0.000  ;    ; RE   ; 1      ; GCLK_CLUSTER_RE_X58_Y0_N6_I12       ; GCLK_CLUSTER_RE                                                                                                                       ;
;   0.779 ;   0.000  ;    ; RE   ; 1      ; CLKBUF_CLUSTER_RE_X58_Y0_N0_I417    ; CLKBUF_CLUSTER_RE                                                                                                                     ;
;   1.285 ;   0.506  ;    ; RE   ; 16     ; GLOBAL_CLOCK_X0_Y58_N0_I6           ; GLOBAL_CLOCK                                                                                                                          ;
;   1.417 ;   0.132  ;    ; RE   ; 29     ; SPINE_CLOCK_X106_Y30_N0_I2          ; SPINE_CLOCK                                                                                                                           ;
;   1.606 ;   0.189  ;    ; RE   ; 1      ; SCLK_TO_ROWCLK_BUF_X106_Y56_N0_I12  ; SCLK_TO_ROWCLK_BUF                                                                                                                    ;
;   1.647 ;   0.041  ;    ; RE   ; 2      ; SCLK_TO_ROWCLK_BUF_X106_Y56_N0_I15  ; SCLK_TO_ROWCLK_BUF                                                                                                                    ;
;   1.854 ;   0.207  ;    ; RE   ; 13     ; LAB_CLK_X92_Y56_N0_I2               ; LAB_CLK                                                                                                                               ;
;   1.915 ;   0.061  ;    ; RE   ; 1      ; BLK_CLK_BUF_X102_Y56_N0_I2          ; BLK_CLK_BUF                                                                                                                           ;
;   1.929 ;   0.014  ;    ; RE   ; 1      ; ROWCLKSEL_PREBUF_X102_Y56_N0_I2     ; ROWCLKSEL_PREBUF                                                                                                                      ;
;   1.950 ;   0.021  ;    ; RE   ; 1      ; ROWCLKSEL_X102_Y56_N0_I1            ; ROWCLKSEL                                                                                                                             ;
;   1.950 ;   0.000  ;    ; RE   ; 2      ; GLOBAL_LOCAL_SEL_X102_Y56_N0_I1     ; GLOBAL_LOCAL_SEL                                                                                                                      ;
;   1.950 ;   0.000  ;    ; RE   ; 8      ; LAB_INPUT_X102_Y56_N0_I0            ; LAB_INPUT                                                                                                                             ;
;   1.950 ;   0.000  ; RR ; IC   ; 1      ; FF_X102_Y56_N26                     ; u_vectors|group_write_mask_q_rtl_0|auto_generated|altsyncram4|ram_block7a26|clk                                                       ;
;   2.181 ;   0.231  ; RR ; CELL ; 1      ; FF_X102_Y56_N26                     ; llm_bank_ram:u_vectors|altshift_taps:group_write_mask_q_rtl_0|shift_taps_tcv:auto_generated|altsyncram_dfc1:altsyncram4|ram_block7a26 ;
;   2.023 ;   -0.158 ;    ;      ;        ;                                     ; clock pessimism removed                                                                                                               ;
; 2.023   ; 0.000    ;    ;      ;        ;                                     ; clock uncertainty                                                                                                                     ;
; 2.023   ; 0.000    ;    ; uTh  ; 1      ; FF_X102_Y56_N26                     ; llm_bank_ram:u_vectors|altshift_taps:group_write_mask_q_rtl_0|shift_taps_tcv:auto_generated|altsyncram_dfc1:altsyncram4|ram_block7a26 ;
+---------+----------+----+------+--------+-------------------------------------+---------------------------------------------------------------------------------------------------------------------------------------+

----------------------------
; Extra Fitter Information ;
----------------------------
HTML report is unavailable in plain text report export.


Path #6: Removal slack is 0.461 
===============================================================================
+------------------------------------------------------------------------------------------------------------------------------------------------------------+
; Path Summary                                                                                                                                               ;
+--------------------+---------------------------------------------------------------------------------------------------------------------------------------+
; Property           ; Value                                                                                                                                 ;
+--------------------+---------------------------------------------------------------------------------------------------------------------------------------+
; From Node          ; llm_bank_ram:u_vectors|altshift_taps:group_write_mask_q_rtl_0|shift_taps_tcv:auto_generated|dffe6                                     ;
; To Node            ; llm_bank_ram:u_vectors|altshift_taps:group_write_mask_q_rtl_0|shift_taps_tcv:auto_generated|altsyncram_dfc1:altsyncram4|ram_block7a31 ;
; Launch Clock       ; clk                                                                                                                                   ;
; Latch Clock        ; clk                                                                                                                                   ;
; Data Arrival Time  ; 2.484                                                                                                                                 ;
; Data Required Time ; 2.023                                                                                                                                 ;
; Slack              ; 0.461                                                                                                                                 ;
+--------------------+---------------------------------------------------------------------------------------------------------------------------------------+

+------------------------------------------------------------------------------------+
; Statistics                                                                         ;
+------------------------+-------+-------+-------------+------------+--------+-------+
; Property               ; Value ; Count ; Total Delay ; % of Total ; Min    ; Max   ;
+------------------------+-------+-------+-------------+------------+--------+-------+
; Removal Relationship   ; 0.000 ;       ;             ;            ;        ;       ;
; Clock Skew             ; 0.034 ;       ;             ;            ;        ;       ;
; Data Delay             ; 0.495 ;       ;             ;            ;        ;       ;
; Number of Logic Levels ;       ; 0     ;             ;            ;        ;       ;
; Physical Delays        ;       ;       ;             ;            ;        ;       ;
;  Arrival Path          ;       ;       ;             ;            ;        ;       ;
;   Clock                ;       ;       ;             ;            ;        ;       ;
;    IC                  ;       ; 3     ; -0.001      ; 0          ; -0.001 ; 0.000 ;
;    Cell                ;       ; 3     ; 0.765       ; 38         ; 0.139  ; 0.417 ;
;    Routing Element     ;       ; 25    ; 1.225       ; 62         ; 0.000  ; 0.492 ;
;   Data                 ;       ;       ;             ;            ;        ;       ;
;    IC                  ;       ; 1     ; 0.000       ; 0          ; 0.000  ; 0.000 ;
;    Cell                ;       ; 2     ; 0.207       ; 42         ; 0.000  ; 0.207 ;
;    uTco                ;       ; 1     ; 0.000       ; 0          ; 0.000  ; 0.000 ;
;    Routing Element     ;       ; 7     ; 0.288       ; 58         ; 0.000  ; 0.094 ;
;  Required Path         ;       ;       ;             ;            ;        ;       ;
;   Clock                ;       ;       ;             ;            ;        ;       ;
;    IC                  ;       ; 3     ; 0.000       ; 0          ; 0.000  ; 0.000 ;
;    Cell                ;       ; 3     ; 0.794       ; 36         ; 0.146  ; 0.417 ;
;    Routing Element     ;       ; 25    ; 1.387       ; 64         ; 0.000  ; 0.506 ;
+------------------------+-------+-------+-------------+------------+--------+-------+
Note: Negative delays are omitted from totals when calculating percentages

+-------------------------------------------------------------------------------------------------------------------------------------------------------------------------------------------------------------------------------+
; Data Arrival Path                                                                                                                                                                                                             ;
+---------+----------+----+------+--------+---------------------------------------------+---------------------------------------------------------------------------------------------------------------------------------------+
; Total   ; Incr     ; RF ; Type ; Fanout ; Location                                    ; Element                                                                                                                               ;
+---------+----------+----+------+--------+---------------------------------------------+---------------------------------------------------------------------------------------------------------------------------------------+
; 0.000   ; 0.000    ;    ;      ;        ;                                             ; launch edge time                                                                                                                      ;
; 1.989   ; 1.989    ;    ;      ;        ;                                             ; clock path                                                                                                                            ;
;   0.000 ;   0.000  ;    ;      ;        ;                                             ; source latency                                                                                                                        ;
;   0.000 ;   0.000  ;    ;      ; 1      ; PIN_AC18                                    ; clk                                                                                                                                   ;
;   0.000 ;   0.000  ;    ; RE   ; 1      ; IOPAD_X54_Y0_N0                             ; ARRIAV_IO_PAD                                                                                                                         ;
;   0.000 ;   0.000  ;    ; RE   ; 1      ; IO_PAD_OUTPUT_X54_Y0_N0_I1                  ; IO_PAD_OUTPUT                                                                                                                         ;
;   0.000 ;   0.000  ;    ; RE   ; 1      ; IO_INPUT_BUFFER_INPUT_X54_Y0_N1_I0          ; IO_INPUT_BUFFER_INPUT                                                                                                                 ;
;   0.000 ;   0.000  ; RR ; IC   ; 1      ; IOIBUF_X54_Y0_N1                            ; clk~input|i                                                                                                                           ;
;   0.417 ;   0.417  ; RR ; CELL ; 1      ; IOIBUF_X54_Y0_N1                            ; clk~input|o                                                                                                                           ;
;   0.417 ;   0.000  ;    ; RE   ; 1      ; IOIBUF_X54_Y0_N1                            ; ARRIAV_IO_IBUF                                                                                                                        ;
;   0.417 ;   0.000  ;    ; RE   ; 1      ; IO_INPUT_BUFFER_OUTPUT_X54_Y0_N1_I2         ; IO_INPUT_BUFFER_OUTPUT                                                                                                                ;
;   0.417 ;   0.000  ;    ; RE   ; 1      ; IO_RE_X54_Y0_N0_I96                         ; IO_RE                                                                                                                                 ;
;   0.505 ;   0.088  ;    ; RE   ; 1      ; IO_RE_X54_Y0_N0_I66                         ; IO_RE                                                                                                                                 ;
;   0.505 ;   0.000  ;    ; RE   ; 1      ; CLKBUF_CLUSTER_RE_X58_Y0_N0_I1614           ; CLKBUF_CLUSTER_RE                                                                                                                     ;
;   0.505 ;   0.000  ;    ; RE   ; 1      ; CLKBUF_CLUSTER_RE_X58_Y0_N0_I616            ; CLKBUF_CLUSTER_RE                                                                                                                     ;
;   0.505 ;   0.000  ;    ; RE   ; 1      ; GCLK_CLUSTER_RE_X58_Y0_N6_I10               ; GCLK_CLUSTER_RE                                                                                                                       ;
;   0.505 ;   0.000  ;    ; RE   ; 1      ; CLKBUFBLOCK_INPUT_X58_Y0_N7_I0              ; CLKBUFBLOCK_INPUT                                                                                                                     ;
;   0.505 ;   0.000  ; RR ; IC   ; 1      ; CLKCTRL_G6                                  ; clk~inputCLKENA0|inclk                                                                                                                ;
;   0.644 ;   0.139  ; RR ; CELL ; 37157  ; CLKCTRL_G6                                  ; clk~inputCLKENA0|outclk                                                                                                               ;
;   0.644 ;   0.000  ;    ; RE   ; 1      ; CLKCTRL_G6                                  ; ARRIAV_CLKBUF                                                                                                                         ;
;   0.644 ;   0.000  ;    ; RE   ; 1      ; CLKBUFBLOCK_OUTPUT_X58_Y0_N7_I2             ; CLKBUFBLOCK_OUTPUT                                                                                                                    ;
;   0.644 ;   0.000  ;    ; RE   ; 1      ; GCLK_CLUSTER_RE_X58_Y0_N6_I12               ; GCLK_CLUSTER_RE                                                                                                                       ;
;   0.644 ;   0.000  ;    ; RE   ; 1      ; CLKBUF_CLUSTER_RE_X58_Y0_N0_I417            ; CLKBUF_CLUSTER_RE                                                                                                                     ;
;   1.136 ;   0.492  ;    ; RE   ; 16     ; GLOBAL_CLOCK_X0_Y58_N0_I6                   ; GLOBAL_CLOCK                                                                                                                          ;
;   1.265 ;   0.129  ;    ; RE   ; 29     ; SPINE_CLOCK_X106_Y30_N0_I2                  ; SPINE_CLOCK                                                                                                                           ;
;   1.449 ;   0.184  ;    ; RE   ; 1      ; SCLK_TO_ROWCLK_BUF_X106_Y56_N0_I12          ; SCLK_TO_ROWCLK_BUF                                                                                                                    ;
;   1.489 ;   0.040  ;    ; RE   ; 2      ; SCLK_TO_ROWCLK_BUF_X106_Y56_N0_I15          ; SCLK_TO_ROWCLK_BUF                                                                                                                    ;
;   1.691 ;   0.202  ;    ; RE   ; 13     ; LAB_CLK_X92_Y56_N0_I2                       ; LAB_CLK                                                                                                                               ;
;   1.748 ;   0.057  ;    ; RE   ; 1      ; BLK_CLK_BUF_X102_Y56_N0_I2                  ; BLK_CLK_BUF                                                                                                                           ;
;   1.761 ;   0.013  ;    ; RE   ; 1      ; ROWCLKSEL_PREBUF_X102_Y56_N0_I2             ; ROWCLKSEL_PREBUF                                                                                                                      ;
;   1.781 ;   0.020  ;    ; RE   ; 1      ; ROWCLKSEL_X102_Y56_N0_I1                    ; ROWCLKSEL                                                                                                                             ;
;   1.781 ;   0.000  ;    ; RE   ; 2      ; GLOBAL_LOCAL_SEL_X102_Y56_N0_I1             ; GLOBAL_LOCAL_SEL                                                                                                                      ;
;   1.781 ;   0.000  ;    ; RE   ; 8      ; LAB_INPUT_X102_Y56_N0_I0                    ; LAB_INPUT                                                                                                                             ;
;   1.780 ;   -0.001 ; RR ; IC   ; 1      ; FF_X102_Y56_N14                             ; u_vectors|group_write_mask_q_rtl_0|auto_generated|dffe6|clk                                                                           ;
;   1.989 ;   0.209  ; RR ; CELL ; 1      ; FF_X102_Y56_N14                             ; llm_bank_ram:u_vectors|altshift_taps:group_write_mask_q_rtl_0|shift_taps_tcv:auto_generated|dffe6                                     ;
; 2.484   ; 0.495    ;    ;      ;        ;                                             ; data path                                                                                                                             ;
;   1.989 ;   0.000  ;    ; uTco ; 1      ; FF_X102_Y56_N14                             ; llm_bank_ram:u_vectors|altshift_taps:group_write_mask_q_rtl_0|shift_taps_tcv:auto_generated|dffe6                                     ;
;   1.989 ;   0.000  ; FF ; CELL ; 32     ; FF_X102_Y56_N14                             ; u_vectors|group_write_mask_q_rtl_0|auto_generated|dffe6|q                                                                             ;
;   2.007 ;   0.018  ;    ; RE   ; 1      ; FF_X102_Y56_N14                             ; ARRIAV_FF                                                                                                                             ;
;   2.049 ;   0.042  ;    ; RE   ; 3      ; LE_BUFFER_X102_Y56_N0_I9                    ; LE_BUFFER                                                                                                                             ;
;   2.127 ;   0.078  ;    ; RE   ; 1      ; R6_X102_Y56_N0_I4                           ; H_SEG6                                                                                                                                ;
;   2.221 ;   0.094  ;    ; RE   ; 1      ; LOCAL_INTERCONNECT_X102_Y56_N0_I26          ; LAB_LINE                                                                                                                              ;
;   2.277 ;   0.056  ;    ; RE   ; 1      ; BLOCK_INPUT_MUX_PASSTHROUGH_X102_Y56_N0_I82 ; LEIM                                                                                                                                  ;
;   2.277 ;   0.000  ;    ; RE   ; 1      ; GLOBAL_LOCAL_SEL_X102_Y56_N0_I3             ; GLOBAL_LOCAL_SEL                                                                                                                      ;
;   2.277 ;   0.000  ;    ; RE   ; 7      ; LAB_INPUT_X102_Y56_N0_I4                    ; LAB_INPUT                                                                                                                             ;
;   2.277 ;   0.000  ; FF ; IC   ; 1      ; FF_X102_Y56_N38                             ; u_vectors|group_write_mask_q_rtl_0|auto_generated|altsyncram4|ram_block7a31|clrn                                                      ;
;   2.484 ;   0.207  ; FF ; CELL ; 1      ; FF_X102_Y56_N38                             ; llm_bank_ram:u_vectors|altshift_taps:group_write_mask_q_rtl_0|shift_taps_tcv:auto_generated|altsyncram_dfc1:altsyncram4|ram_block7a31 ;
+---------+----------+----+------+--------+---------------------------------------------+---------------------------------------------------------------------------------------------------------------------------------------+

+-----------------------------------------------------------------------------------------------------------------------------------------------------------------------------------------------------------------------+
; Data Required Path                                                                                                                                                                                                    ;
+---------+----------+----+------+--------+-------------------------------------+---------------------------------------------------------------------------------------------------------------------------------------+
; Total   ; Incr     ; RF ; Type ; Fanout ; Location                            ; Element                                                                                                                               ;
+---------+----------+----+------+--------+-------------------------------------+---------------------------------------------------------------------------------------------------------------------------------------+
; 0.000   ; 0.000    ;    ;      ;        ;                                     ; latch edge time                                                                                                                       ;
; 2.023   ; 2.023    ;    ;      ;        ;                                     ; clock path                                                                                                                            ;
;   0.000 ;   0.000  ;    ;      ;        ;                                     ; source latency                                                                                                                        ;
;   0.000 ;   0.000  ;    ;      ; 1      ; PIN_AC18                            ; clk                                                                                                                                   ;
;   0.000 ;   0.000  ;    ; RE   ; 1      ; IOPAD_X54_Y0_N0                     ; ARRIAV_IO_PAD                                                                                                                         ;
;   0.000 ;   0.000  ;    ; RE   ; 1      ; IO_PAD_OUTPUT_X54_Y0_N0_I1          ; IO_PAD_OUTPUT                                                                                                                         ;
;   0.000 ;   0.000  ;    ; RE   ; 1      ; IO_INPUT_BUFFER_INPUT_X54_Y0_N1_I0  ; IO_INPUT_BUFFER_INPUT                                                                                                                 ;
;   0.000 ;   0.000  ; RR ; IC   ; 1      ; IOIBUF_X54_Y0_N1                    ; clk~input|i                                                                                                                           ;
;   0.417 ;   0.417  ; RR ; CELL ; 1      ; IOIBUF_X54_Y0_N1                    ; clk~input|o                                                                                                                           ;
;   0.417 ;   0.000  ;    ; RE   ; 1      ; IOIBUF_X54_Y0_N1                    ; ARRIAV_IO_IBUF                                                                                                                        ;
;   0.417 ;   0.000  ;    ; RE   ; 1      ; IO_INPUT_BUFFER_OUTPUT_X54_Y0_N1_I2 ; IO_INPUT_BUFFER_OUTPUT                                                                                                                ;
;   0.417 ;   0.000  ;    ; RE   ; 1      ; IO_RE_X54_Y0_N0_I96                 ; IO_RE                                                                                                                                 ;
;   0.552 ;   0.135  ;    ; RE   ; 1      ; IO_RE_X54_Y0_N0_I66                 ; IO_RE                                                                                                                                 ;
;   0.633 ;   0.081  ;    ; RE   ; 1      ; CLKBUF_CLUSTER_RE_X58_Y0_N0_I1614   ; CLKBUF_CLUSTER_RE                                                                                                                     ;
;   0.633 ;   0.000  ;    ; RE   ; 1      ; CLKBUF_CLUSTER_RE_X58_Y0_N0_I616    ; CLKBUF_CLUSTER_RE                                                                                                                     ;
;   0.633 ;   0.000  ;    ; RE   ; 1      ; GCLK_CLUSTER_RE_X58_Y0_N6_I10       ; GCLK_CLUSTER_RE                                                                                                                       ;
;   0.633 ;   0.000  ;    ; RE   ; 1      ; CLKBUFBLOCK_INPUT_X58_Y0_N7_I0      ; CLKBUFBLOCK_INPUT                                                                                                                     ;
;   0.633 ;   0.000  ; RR ; IC   ; 1      ; CLKCTRL_G6                          ; clk~inputCLKENA0|inclk                                                                                                                ;
;   0.779 ;   0.146  ; RR ; CELL ; 37157  ; CLKCTRL_G6                          ; clk~inputCLKENA0|outclk                                                                                                               ;
;   0.779 ;   0.000  ;    ; RE   ; 1      ; CLKCTRL_G6                          ; ARRIAV_CLKBUF                                                                                                                         ;
;   0.779 ;   0.000  ;    ; RE   ; 1      ; CLKBUFBLOCK_OUTPUT_X58_Y0_N7_I2     ; CLKBUFBLOCK_OUTPUT                                                                                                                    ;
;   0.779 ;   0.000  ;    ; RE   ; 1      ; GCLK_CLUSTER_RE_X58_Y0_N6_I12       ; GCLK_CLUSTER_RE                                                                                                                       ;
;   0.779 ;   0.000  ;    ; RE   ; 1      ; CLKBUF_CLUSTER_RE_X58_Y0_N0_I417    ; CLKBUF_CLUSTER_RE                                                                                                                     ;
;   1.285 ;   0.506  ;    ; RE   ; 16     ; GLOBAL_CLOCK_X0_Y58_N0_I6           ; GLOBAL_CLOCK                                                                                                                          ;
;   1.417 ;   0.132  ;    ; RE   ; 29     ; SPINE_CLOCK_X106_Y30_N0_I2          ; SPINE_CLOCK                                                                                                                           ;
;   1.606 ;   0.189  ;    ; RE   ; 1      ; SCLK_TO_ROWCLK_BUF_X106_Y56_N0_I12  ; SCLK_TO_ROWCLK_BUF                                                                                                                    ;
;   1.647 ;   0.041  ;    ; RE   ; 2      ; SCLK_TO_ROWCLK_BUF_X106_Y56_N0_I15  ; SCLK_TO_ROWCLK_BUF                                                                                                                    ;
;   1.854 ;   0.207  ;    ; RE   ; 13     ; LAB_CLK_X92_Y56_N0_I2               ; LAB_CLK                                                                                                                               ;
;   1.915 ;   0.061  ;    ; RE   ; 1      ; BLK_CLK_BUF_X102_Y56_N0_I2          ; BLK_CLK_BUF                                                                                                                           ;
;   1.929 ;   0.014  ;    ; RE   ; 1      ; ROWCLKSEL_PREBUF_X102_Y56_N0_I2     ; ROWCLKSEL_PREBUF                                                                                                                      ;
;   1.950 ;   0.021  ;    ; RE   ; 1      ; ROWCLKSEL_X102_Y56_N0_I1            ; ROWCLKSEL                                                                                                                             ;
;   1.950 ;   0.000  ;    ; RE   ; 2      ; GLOBAL_LOCAL_SEL_X102_Y56_N0_I1     ; GLOBAL_LOCAL_SEL                                                                                                                      ;
;   1.950 ;   0.000  ;    ; RE   ; 8      ; LAB_INPUT_X102_Y56_N0_I0            ; LAB_INPUT                                                                                                                             ;
;   1.950 ;   0.000  ; RR ; IC   ; 1      ; FF_X102_Y56_N38                     ; u_vectors|group_write_mask_q_rtl_0|auto_generated|altsyncram4|ram_block7a31|clk                                                       ;
;   2.181 ;   0.231  ; RR ; CELL ; 1      ; FF_X102_Y56_N38                     ; llm_bank_ram:u_vectors|altshift_taps:group_write_mask_q_rtl_0|shift_taps_tcv:auto_generated|altsyncram_dfc1:altsyncram4|ram_block7a31 ;
;   2.023 ;   -0.158 ;    ;      ;        ;                                     ; clock pessimism removed                                                                                                               ;
; 2.023   ; 0.000    ;    ;      ;        ;                                     ; clock uncertainty                                                                                                                     ;
; 2.023   ; 0.000    ;    ; uTh  ; 1      ; FF_X102_Y56_N38                     ; llm_bank_ram:u_vectors|altshift_taps:group_write_mask_q_rtl_0|shift_taps_tcv:auto_generated|altsyncram_dfc1:altsyncram4|ram_block7a31 ;
+---------+----------+----+------+--------+-------------------------------------+---------------------------------------------------------------------------------------------------------------------------------------+

----------------------------
; Extra Fitter Information ;
----------------------------
HTML report is unavailable in plain text report export.


Path #7: Removal slack is 0.461 
===============================================================================
+------------------------------------------------------------------------------------------------------------------------------------------------------------+
; Path Summary                                                                                                                                               ;
+--------------------+---------------------------------------------------------------------------------------------------------------------------------------+
; Property           ; Value                                                                                                                                 ;
+--------------------+---------------------------------------------------------------------------------------------------------------------------------------+
; From Node          ; llm_bank_ram:u_vectors|altshift_taps:group_write_mask_q_rtl_0|shift_taps_tcv:auto_generated|dffe6                                     ;
; To Node            ; llm_bank_ram:u_vectors|altshift_taps:group_write_mask_q_rtl_0|shift_taps_tcv:auto_generated|altsyncram_dfc1:altsyncram4|ram_block7a21 ;
; Launch Clock       ; clk                                                                                                                                   ;
; Latch Clock        ; clk                                                                                                                                   ;
; Data Arrival Time  ; 2.484                                                                                                                                 ;
; Data Required Time ; 2.023                                                                                                                                 ;
; Slack              ; 0.461                                                                                                                                 ;
+--------------------+---------------------------------------------------------------------------------------------------------------------------------------+

+------------------------------------------------------------------------------------+
; Statistics                                                                         ;
+------------------------+-------+-------+-------------+------------+--------+-------+
; Property               ; Value ; Count ; Total Delay ; % of Total ; Min    ; Max   ;
+------------------------+-------+-------+-------------+------------+--------+-------+
; Removal Relationship   ; 0.000 ;       ;             ;            ;        ;       ;
; Clock Skew             ; 0.034 ;       ;             ;            ;        ;       ;
; Data Delay             ; 0.495 ;       ;             ;            ;        ;       ;
; Number of Logic Levels ;       ; 0     ;             ;            ;        ;       ;
; Physical Delays        ;       ;       ;             ;            ;        ;       ;
;  Arrival Path          ;       ;       ;             ;            ;        ;       ;
;   Clock                ;       ;       ;             ;            ;        ;       ;
;    IC                  ;       ; 3     ; -0.001      ; 0          ; -0.001 ; 0.000 ;
;    Cell                ;       ; 3     ; 0.765       ; 38         ; 0.139  ; 0.417 ;
;    Routing Element     ;       ; 25    ; 1.225       ; 62         ; 0.000  ; 0.492 ;
;   Data                 ;       ;       ;             ;            ;        ;       ;
;    IC                  ;       ; 1     ; 0.000       ; 0          ; 0.000  ; 0.000 ;
;    Cell                ;       ; 2     ; 0.207       ; 42         ; 0.000  ; 0.207 ;
;    uTco                ;       ; 1     ; 0.000       ; 0          ; 0.000  ; 0.000 ;
;    Routing Element     ;       ; 7     ; 0.288       ; 58         ; 0.000  ; 0.094 ;
;  Required Path         ;       ;       ;             ;            ;        ;       ;
;   Clock                ;       ;       ;             ;            ;        ;       ;
;    IC                  ;       ; 3     ; 0.000       ; 0          ; 0.000  ; 0.000 ;
;    Cell                ;       ; 3     ; 0.794       ; 36         ; 0.146  ; 0.417 ;
;    Routing Element     ;       ; 25    ; 1.387       ; 64         ; 0.000  ; 0.506 ;
+------------------------+-------+-------+-------------+------------+--------+-------+
Note: Negative delays are omitted from totals when calculating percentages

+-------------------------------------------------------------------------------------------------------------------------------------------------------------------------------------------------------------------------------+
; Data Arrival Path                                                                                                                                                                                                             ;
+---------+----------+----+------+--------+---------------------------------------------+---------------------------------------------------------------------------------------------------------------------------------------+
; Total   ; Incr     ; RF ; Type ; Fanout ; Location                                    ; Element                                                                                                                               ;
+---------+----------+----+------+--------+---------------------------------------------+---------------------------------------------------------------------------------------------------------------------------------------+
; 0.000   ; 0.000    ;    ;      ;        ;                                             ; launch edge time                                                                                                                      ;
; 1.989   ; 1.989    ;    ;      ;        ;                                             ; clock path                                                                                                                            ;
;   0.000 ;   0.000  ;    ;      ;        ;                                             ; source latency                                                                                                                        ;
;   0.000 ;   0.000  ;    ;      ; 1      ; PIN_AC18                                    ; clk                                                                                                                                   ;
;   0.000 ;   0.000  ;    ; RE   ; 1      ; IOPAD_X54_Y0_N0                             ; ARRIAV_IO_PAD                                                                                                                         ;
;   0.000 ;   0.000  ;    ; RE   ; 1      ; IO_PAD_OUTPUT_X54_Y0_N0_I1                  ; IO_PAD_OUTPUT                                                                                                                         ;
;   0.000 ;   0.000  ;    ; RE   ; 1      ; IO_INPUT_BUFFER_INPUT_X54_Y0_N1_I0          ; IO_INPUT_BUFFER_INPUT                                                                                                                 ;
;   0.000 ;   0.000  ; RR ; IC   ; 1      ; IOIBUF_X54_Y0_N1                            ; clk~input|i                                                                                                                           ;
;   0.417 ;   0.417  ; RR ; CELL ; 1      ; IOIBUF_X54_Y0_N1                            ; clk~input|o                                                                                                                           ;
;   0.417 ;   0.000  ;    ; RE   ; 1      ; IOIBUF_X54_Y0_N1                            ; ARRIAV_IO_IBUF                                                                                                                        ;
;   0.417 ;   0.000  ;    ; RE   ; 1      ; IO_INPUT_BUFFER_OUTPUT_X54_Y0_N1_I2         ; IO_INPUT_BUFFER_OUTPUT                                                                                                                ;
;   0.417 ;   0.000  ;    ; RE   ; 1      ; IO_RE_X54_Y0_N0_I96                         ; IO_RE                                                                                                                                 ;
;   0.505 ;   0.088  ;    ; RE   ; 1      ; IO_RE_X54_Y0_N0_I66                         ; IO_RE                                                                                                                                 ;
;   0.505 ;   0.000  ;    ; RE   ; 1      ; CLKBUF_CLUSTER_RE_X58_Y0_N0_I1614           ; CLKBUF_CLUSTER_RE                                                                                                                     ;
;   0.505 ;   0.000  ;    ; RE   ; 1      ; CLKBUF_CLUSTER_RE_X58_Y0_N0_I616            ; CLKBUF_CLUSTER_RE                                                                                                                     ;
;   0.505 ;   0.000  ;    ; RE   ; 1      ; GCLK_CLUSTER_RE_X58_Y0_N6_I10               ; GCLK_CLUSTER_RE                                                                                                                       ;
;   0.505 ;   0.000  ;    ; RE   ; 1      ; CLKBUFBLOCK_INPUT_X58_Y0_N7_I0              ; CLKBUFBLOCK_INPUT                                                                                                                     ;
;   0.505 ;   0.000  ; RR ; IC   ; 1      ; CLKCTRL_G6                                  ; clk~inputCLKENA0|inclk                                                                                                                ;
;   0.644 ;   0.139  ; RR ; CELL ; 37157  ; CLKCTRL_G6                                  ; clk~inputCLKENA0|outclk                                                                                                               ;
;   0.644 ;   0.000  ;    ; RE   ; 1      ; CLKCTRL_G6                                  ; ARRIAV_CLKBUF                                                                                                                         ;
;   0.644 ;   0.000  ;    ; RE   ; 1      ; CLKBUFBLOCK_OUTPUT_X58_Y0_N7_I2             ; CLKBUFBLOCK_OUTPUT                                                                                                                    ;
;   0.644 ;   0.000  ;    ; RE   ; 1      ; GCLK_CLUSTER_RE_X58_Y0_N6_I12               ; GCLK_CLUSTER_RE                                                                                                                       ;
;   0.644 ;   0.000  ;    ; RE   ; 1      ; CLKBUF_CLUSTER_RE_X58_Y0_N0_I417            ; CLKBUF_CLUSTER_RE                                                                                                                     ;
;   1.136 ;   0.492  ;    ; RE   ; 16     ; GLOBAL_CLOCK_X0_Y58_N0_I6                   ; GLOBAL_CLOCK                                                                                                                          ;
;   1.265 ;   0.129  ;    ; RE   ; 29     ; SPINE_CLOCK_X106_Y30_N0_I2                  ; SPINE_CLOCK                                                                                                                           ;
;   1.449 ;   0.184  ;    ; RE   ; 1      ; SCLK_TO_ROWCLK_BUF_X106_Y56_N0_I12          ; SCLK_TO_ROWCLK_BUF                                                                                                                    ;
;   1.489 ;   0.040  ;    ; RE   ; 2      ; SCLK_TO_ROWCLK_BUF_X106_Y56_N0_I15          ; SCLK_TO_ROWCLK_BUF                                                                                                                    ;
;   1.691 ;   0.202  ;    ; RE   ; 13     ; LAB_CLK_X92_Y56_N0_I2                       ; LAB_CLK                                                                                                                               ;
;   1.748 ;   0.057  ;    ; RE   ; 1      ; BLK_CLK_BUF_X102_Y56_N0_I2                  ; BLK_CLK_BUF                                                                                                                           ;
;   1.761 ;   0.013  ;    ; RE   ; 1      ; ROWCLKSEL_PREBUF_X102_Y56_N0_I2             ; ROWCLKSEL_PREBUF                                                                                                                      ;
;   1.781 ;   0.020  ;    ; RE   ; 1      ; ROWCLKSEL_X102_Y56_N0_I1                    ; ROWCLKSEL                                                                                                                             ;
;   1.781 ;   0.000  ;    ; RE   ; 2      ; GLOBAL_LOCAL_SEL_X102_Y56_N0_I1             ; GLOBAL_LOCAL_SEL                                                                                                                      ;
;   1.781 ;   0.000  ;    ; RE   ; 8      ; LAB_INPUT_X102_Y56_N0_I0                    ; LAB_INPUT                                                                                                                             ;
;   1.780 ;   -0.001 ; RR ; IC   ; 1      ; FF_X102_Y56_N14                             ; u_vectors|group_write_mask_q_rtl_0|auto_generated|dffe6|clk                                                                           ;
;   1.989 ;   0.209  ; RR ; CELL ; 1      ; FF_X102_Y56_N14                             ; llm_bank_ram:u_vectors|altshift_taps:group_write_mask_q_rtl_0|shift_taps_tcv:auto_generated|dffe6                                     ;
; 2.484   ; 0.495    ;    ;      ;        ;                                             ; data path                                                                                                                             ;
;   1.989 ;   0.000  ;    ; uTco ; 1      ; FF_X102_Y56_N14                             ; llm_bank_ram:u_vectors|altshift_taps:group_write_mask_q_rtl_0|shift_taps_tcv:auto_generated|dffe6                                     ;
;   1.989 ;   0.000  ; FF ; CELL ; 32     ; FF_X102_Y56_N14                             ; u_vectors|group_write_mask_q_rtl_0|auto_generated|dffe6|q                                                                             ;
;   2.007 ;   0.018  ;    ; RE   ; 1      ; FF_X102_Y56_N14                             ; ARRIAV_FF                                                                                                                             ;
;   2.049 ;   0.042  ;    ; RE   ; 3      ; LE_BUFFER_X102_Y56_N0_I9                    ; LE_BUFFER                                                                                                                             ;
;   2.127 ;   0.078  ;    ; RE   ; 1      ; R6_X102_Y56_N0_I4                           ; H_SEG6                                                                                                                                ;
;   2.221 ;   0.094  ;    ; RE   ; 1      ; LOCAL_INTERCONNECT_X102_Y56_N0_I26          ; LAB_LINE                                                                                                                              ;
;   2.277 ;   0.056  ;    ; RE   ; 1      ; BLOCK_INPUT_MUX_PASSTHROUGH_X102_Y56_N0_I82 ; LEIM                                                                                                                                  ;
;   2.277 ;   0.000  ;    ; RE   ; 1      ; GLOBAL_LOCAL_SEL_X102_Y56_N0_I3             ; GLOBAL_LOCAL_SEL                                                                                                                      ;
;   2.277 ;   0.000  ;    ; RE   ; 7      ; LAB_INPUT_X102_Y56_N0_I4                    ; LAB_INPUT                                                                                                                             ;
;   2.277 ;   0.000  ; FF ; IC   ; 1      ; FF_X102_Y56_N2                              ; u_vectors|group_write_mask_q_rtl_0|auto_generated|altsyncram4|ram_block7a21|clrn                                                      ;
;   2.484 ;   0.207  ; FF ; CELL ; 1      ; FF_X102_Y56_N2                              ; llm_bank_ram:u_vectors|altshift_taps:group_write_mask_q_rtl_0|shift_taps_tcv:auto_generated|altsyncram_dfc1:altsyncram4|ram_block7a21 ;
+---------+----------+----+------+--------+---------------------------------------------+---------------------------------------------------------------------------------------------------------------------------------------+

+-----------------------------------------------------------------------------------------------------------------------------------------------------------------------------------------------------------------------+
; Data Required Path                                                                                                                                                                                                    ;
+---------+----------+----+------+--------+-------------------------------------+---------------------------------------------------------------------------------------------------------------------------------------+
; Total   ; Incr     ; RF ; Type ; Fanout ; Location                            ; Element                                                                                                                               ;
+---------+----------+----+------+--------+-------------------------------------+---------------------------------------------------------------------------------------------------------------------------------------+
; 0.000   ; 0.000    ;    ;      ;        ;                                     ; latch edge time                                                                                                                       ;
; 2.023   ; 2.023    ;    ;      ;        ;                                     ; clock path                                                                                                                            ;
;   0.000 ;   0.000  ;    ;      ;        ;                                     ; source latency                                                                                                                        ;
;   0.000 ;   0.000  ;    ;      ; 1      ; PIN_AC18                            ; clk                                                                                                                                   ;
;   0.000 ;   0.000  ;    ; RE   ; 1      ; IOPAD_X54_Y0_N0                     ; ARRIAV_IO_PAD                                                                                                                         ;
;   0.000 ;   0.000  ;    ; RE   ; 1      ; IO_PAD_OUTPUT_X54_Y0_N0_I1          ; IO_PAD_OUTPUT                                                                                                                         ;
;   0.000 ;   0.000  ;    ; RE   ; 1      ; IO_INPUT_BUFFER_INPUT_X54_Y0_N1_I0  ; IO_INPUT_BUFFER_INPUT                                                                                                                 ;
;   0.000 ;   0.000  ; RR ; IC   ; 1      ; IOIBUF_X54_Y0_N1                    ; clk~input|i                                                                                                                           ;
;   0.417 ;   0.417  ; RR ; CELL ; 1      ; IOIBUF_X54_Y0_N1                    ; clk~input|o                                                                                                                           ;
;   0.417 ;   0.000  ;    ; RE   ; 1      ; IOIBUF_X54_Y0_N1                    ; ARRIAV_IO_IBUF                                                                                                                        ;
;   0.417 ;   0.000  ;    ; RE   ; 1      ; IO_INPUT_BUFFER_OUTPUT_X54_Y0_N1_I2 ; IO_INPUT_BUFFER_OUTPUT                                                                                                                ;
;   0.417 ;   0.000  ;    ; RE   ; 1      ; IO_RE_X54_Y0_N0_I96                 ; IO_RE                                                                                                                                 ;
;   0.552 ;   0.135  ;    ; RE   ; 1      ; IO_RE_X54_Y0_N0_I66                 ; IO_RE                                                                                                                                 ;
;   0.633 ;   0.081  ;    ; RE   ; 1      ; CLKBUF_CLUSTER_RE_X58_Y0_N0_I1614   ; CLKBUF_CLUSTER_RE                                                                                                                     ;
;   0.633 ;   0.000  ;    ; RE   ; 1      ; CLKBUF_CLUSTER_RE_X58_Y0_N0_I616    ; CLKBUF_CLUSTER_RE                                                                                                                     ;
;   0.633 ;   0.000  ;    ; RE   ; 1      ; GCLK_CLUSTER_RE_X58_Y0_N6_I10       ; GCLK_CLUSTER_RE                                                                                                                       ;
;   0.633 ;   0.000  ;    ; RE   ; 1      ; CLKBUFBLOCK_INPUT_X58_Y0_N7_I0      ; CLKBUFBLOCK_INPUT                                                                                                                     ;
;   0.633 ;   0.000  ; RR ; IC   ; 1      ; CLKCTRL_G6                          ; clk~inputCLKENA0|inclk                                                                                                                ;
;   0.779 ;   0.146  ; RR ; CELL ; 37157  ; CLKCTRL_G6                          ; clk~inputCLKENA0|outclk                                                                                                               ;
;   0.779 ;   0.000  ;    ; RE   ; 1      ; CLKCTRL_G6                          ; ARRIAV_CLKBUF                                                                                                                         ;
;   0.779 ;   0.000  ;    ; RE   ; 1      ; CLKBUFBLOCK_OUTPUT_X58_Y0_N7_I2     ; CLKBUFBLOCK_OUTPUT                                                                                                                    ;
;   0.779 ;   0.000  ;    ; RE   ; 1      ; GCLK_CLUSTER_RE_X58_Y0_N6_I12       ; GCLK_CLUSTER_RE                                                                                                                       ;
;   0.779 ;   0.000  ;    ; RE   ; 1      ; CLKBUF_CLUSTER_RE_X58_Y0_N0_I417    ; CLKBUF_CLUSTER_RE                                                                                                                     ;
;   1.285 ;   0.506  ;    ; RE   ; 16     ; GLOBAL_CLOCK_X0_Y58_N0_I6           ; GLOBAL_CLOCK                                                                                                                          ;
;   1.417 ;   0.132  ;    ; RE   ; 29     ; SPINE_CLOCK_X106_Y30_N0_I2          ; SPINE_CLOCK                                                                                                                           ;
;   1.606 ;   0.189  ;    ; RE   ; 1      ; SCLK_TO_ROWCLK_BUF_X106_Y56_N0_I12  ; SCLK_TO_ROWCLK_BUF                                                                                                                    ;
;   1.647 ;   0.041  ;    ; RE   ; 2      ; SCLK_TO_ROWCLK_BUF_X106_Y56_N0_I15  ; SCLK_TO_ROWCLK_BUF                                                                                                                    ;
;   1.854 ;   0.207  ;    ; RE   ; 13     ; LAB_CLK_X92_Y56_N0_I2               ; LAB_CLK                                                                                                                               ;
;   1.915 ;   0.061  ;    ; RE   ; 1      ; BLK_CLK_BUF_X102_Y56_N0_I2          ; BLK_CLK_BUF                                                                                                                           ;
;   1.929 ;   0.014  ;    ; RE   ; 1      ; ROWCLKSEL_PREBUF_X102_Y56_N0_I2     ; ROWCLKSEL_PREBUF                                                                                                                      ;
;   1.950 ;   0.021  ;    ; RE   ; 1      ; ROWCLKSEL_X102_Y56_N0_I1            ; ROWCLKSEL                                                                                                                             ;
;   1.950 ;   0.000  ;    ; RE   ; 2      ; GLOBAL_LOCAL_SEL_X102_Y56_N0_I1     ; GLOBAL_LOCAL_SEL                                                                                                                      ;
;   1.950 ;   0.000  ;    ; RE   ; 8      ; LAB_INPUT_X102_Y56_N0_I0            ; LAB_INPUT                                                                                                                             ;
;   1.950 ;   0.000  ; RR ; IC   ; 1      ; FF_X102_Y56_N2                      ; u_vectors|group_write_mask_q_rtl_0|auto_generated|altsyncram4|ram_block7a21|clk                                                       ;
;   2.181 ;   0.231  ; RR ; CELL ; 1      ; FF_X102_Y56_N2                      ; llm_bank_ram:u_vectors|altshift_taps:group_write_mask_q_rtl_0|shift_taps_tcv:auto_generated|altsyncram_dfc1:altsyncram4|ram_block7a21 ;
;   2.023 ;   -0.158 ;    ;      ;        ;                                     ; clock pessimism removed                                                                                                               ;
; 2.023   ; 0.000    ;    ;      ;        ;                                     ; clock uncertainty                                                                                                                     ;
; 2.023   ; 0.000    ;    ; uTh  ; 1      ; FF_X102_Y56_N2                      ; llm_bank_ram:u_vectors|altshift_taps:group_write_mask_q_rtl_0|shift_taps_tcv:auto_generated|altsyncram_dfc1:altsyncram4|ram_block7a21 ;
+---------+----------+----+------+--------+-------------------------------------+---------------------------------------------------------------------------------------------------------------------------------------+

----------------------------
; Extra Fitter Information ;
----------------------------
HTML report is unavailable in plain text report export.


Path #8: Removal slack is 0.538 
===============================================================================
+------------------------------------------------------------------------------------------------------------------------------------------------------------+
; Path Summary                                                                                                                                               ;
+--------------------+---------------------------------------------------------------------------------------------------------------------------------------+
; Property           ; Value                                                                                                                                 ;
+--------------------+---------------------------------------------------------------------------------------------------------------------------------------+
; From Node          ; llm_bank_ram:u_vectors|altshift_taps:group_write_mask_q_rtl_0|shift_taps_tcv:auto_generated|dffe6                                     ;
; To Node            ; llm_bank_ram:u_vectors|altshift_taps:group_write_mask_q_rtl_0|shift_taps_tcv:auto_generated|altsyncram_dfc1:altsyncram4|ram_block7a14 ;
; Launch Clock       ; clk                                                                                                                                   ;
; Latch Clock        ; clk                                                                                                                                   ;
; Data Arrival Time  ; 2.568                                                                                                                                 ;
; Data Required Time ; 2.030                                                                                                                                 ;
; Slack              ; 0.538                                                                                                                                 ;
+--------------------+---------------------------------------------------------------------------------------------------------------------------------------+

+------------------------------------------------------------------------------------+
; Statistics                                                                         ;
+------------------------+-------+-------+-------------+------------+--------+-------+
; Property               ; Value ; Count ; Total Delay ; % of Total ; Min    ; Max   ;
+------------------------+-------+-------+-------------+------------+--------+-------+
; Removal Relationship   ; 0.000 ;       ;             ;            ;        ;       ;
; Clock Skew             ; 0.041 ;       ;             ;            ;        ;       ;
; Data Delay             ; 0.579 ;       ;             ;            ;        ;       ;
; Number of Logic Levels ;       ; 0     ;             ;            ;        ;       ;
; Physical Delays        ;       ;       ;             ;            ;        ;       ;
;  Arrival Path          ;       ;       ;             ;            ;        ;       ;
;   Clock                ;       ;       ;             ;            ;        ;       ;
;    IC                  ;       ; 3     ; -0.001      ; 0          ; -0.001 ; 0.000 ;
;    Cell                ;       ; 3     ; 0.765       ; 38         ; 0.139  ; 0.417 ;
;    Routing Element     ;       ; 25    ; 1.225       ; 62         ; 0.000  ; 0.492 ;
;   Data                 ;       ;       ;             ;            ;        ;       ;
;    IC                  ;       ; 1     ; 0.000       ; 0          ; 0.000  ; 0.000 ;
;    Cell                ;       ; 2     ; 0.234       ; 40         ; 0.000  ; 0.234 ;
;    uTco                ;       ; 1     ; 0.000       ; 0          ; 0.000  ; 0.000 ;
;    Routing Element     ;       ; 8     ; 0.345       ; 60         ; 0.000  ; 0.070 ;
;  Required Path         ;       ;       ;             ;            ;        ;       ;
;   Clock                ;       ;       ;             ;            ;        ;       ;
;    IC                  ;       ; 3     ; -0.001      ; 0          ; -0.001 ; 0.000 ;
;    Cell                ;       ; 3     ; 0.793       ; 36         ; 0.146  ; 0.417 ;
;    Routing Element     ;       ; 25    ; 1.387       ; 64         ; 0.000  ; 0.506 ;
+------------------------+-------+-------+-------------+------------+--------+-------+
Note: Negative delays are omitted from totals when calculating percentages

+-------------------------------------------------------------------------------------------------------------------------------------------------------------------------------------------------------------------------------+
; Data Arrival Path                                                                                                                                                                                                             ;
+---------+----------+----+------+--------+---------------------------------------------+---------------------------------------------------------------------------------------------------------------------------------------+
; Total   ; Incr     ; RF ; Type ; Fanout ; Location                                    ; Element                                                                                                                               ;
+---------+----------+----+------+--------+---------------------------------------------+---------------------------------------------------------------------------------------------------------------------------------------+
; 0.000   ; 0.000    ;    ;      ;        ;                                             ; launch edge time                                                                                                                      ;
; 1.989   ; 1.989    ;    ;      ;        ;                                             ; clock path                                                                                                                            ;
;   0.000 ;   0.000  ;    ;      ;        ;                                             ; source latency                                                                                                                        ;
;   0.000 ;   0.000  ;    ;      ; 1      ; PIN_AC18                                    ; clk                                                                                                                                   ;
;   0.000 ;   0.000  ;    ; RE   ; 1      ; IOPAD_X54_Y0_N0                             ; ARRIAV_IO_PAD                                                                                                                         ;
;   0.000 ;   0.000  ;    ; RE   ; 1      ; IO_PAD_OUTPUT_X54_Y0_N0_I1                  ; IO_PAD_OUTPUT                                                                                                                         ;
;   0.000 ;   0.000  ;    ; RE   ; 1      ; IO_INPUT_BUFFER_INPUT_X54_Y0_N1_I0          ; IO_INPUT_BUFFER_INPUT                                                                                                                 ;
;   0.000 ;   0.000  ; RR ; IC   ; 1      ; IOIBUF_X54_Y0_N1                            ; clk~input|i                                                                                                                           ;
;   0.417 ;   0.417  ; RR ; CELL ; 1      ; IOIBUF_X54_Y0_N1                            ; clk~input|o                                                                                                                           ;
;   0.417 ;   0.000  ;    ; RE   ; 1      ; IOIBUF_X54_Y0_N1                            ; ARRIAV_IO_IBUF                                                                                                                        ;
;   0.417 ;   0.000  ;    ; RE   ; 1      ; IO_INPUT_BUFFER_OUTPUT_X54_Y0_N1_I2         ; IO_INPUT_BUFFER_OUTPUT                                                                                                                ;
;   0.417 ;   0.000  ;    ; RE   ; 1      ; IO_RE_X54_Y0_N0_I96                         ; IO_RE                                                                                                                                 ;
;   0.505 ;   0.088  ;    ; RE   ; 1      ; IO_RE_X54_Y0_N0_I66                         ; IO_RE                                                                                                                                 ;
;   0.505 ;   0.000  ;    ; RE   ; 1      ; CLKBUF_CLUSTER_RE_X58_Y0_N0_I1614           ; CLKBUF_CLUSTER_RE                                                                                                                     ;
;   0.505 ;   0.000  ;    ; RE   ; 1      ; CLKBUF_CLUSTER_RE_X58_Y0_N0_I616            ; CLKBUF_CLUSTER_RE                                                                                                                     ;
;   0.505 ;   0.000  ;    ; RE   ; 1      ; GCLK_CLUSTER_RE_X58_Y0_N6_I10               ; GCLK_CLUSTER_RE                                                                                                                       ;
;   0.505 ;   0.000  ;    ; RE   ; 1      ; CLKBUFBLOCK_INPUT_X58_Y0_N7_I0              ; CLKBUFBLOCK_INPUT                                                                                                                     ;
;   0.505 ;   0.000  ; RR ; IC   ; 1      ; CLKCTRL_G6                                  ; clk~inputCLKENA0|inclk                                                                                                                ;
;   0.644 ;   0.139  ; RR ; CELL ; 37157  ; CLKCTRL_G6                                  ; clk~inputCLKENA0|outclk                                                                                                               ;
;   0.644 ;   0.000  ;    ; RE   ; 1      ; CLKCTRL_G6                                  ; ARRIAV_CLKBUF                                                                                                                         ;
;   0.644 ;   0.000  ;    ; RE   ; 1      ; CLKBUFBLOCK_OUTPUT_X58_Y0_N7_I2             ; CLKBUFBLOCK_OUTPUT                                                                                                                    ;
;   0.644 ;   0.000  ;    ; RE   ; 1      ; GCLK_CLUSTER_RE_X58_Y0_N6_I12               ; GCLK_CLUSTER_RE                                                                                                                       ;
;   0.644 ;   0.000  ;    ; RE   ; 1      ; CLKBUF_CLUSTER_RE_X58_Y0_N0_I417            ; CLKBUF_CLUSTER_RE                                                                                                                     ;
;   1.136 ;   0.492  ;    ; RE   ; 16     ; GLOBAL_CLOCK_X0_Y58_N0_I6                   ; GLOBAL_CLOCK                                                                                                                          ;
;   1.265 ;   0.129  ;    ; RE   ; 29     ; SPINE_CLOCK_X106_Y30_N0_I2                  ; SPINE_CLOCK                                                                                                                           ;
;   1.449 ;   0.184  ;    ; RE   ; 1      ; SCLK_TO_ROWCLK_BUF_X106_Y56_N0_I12          ; SCLK_TO_ROWCLK_BUF                                                                                                                    ;
;   1.489 ;   0.040  ;    ; RE   ; 2      ; SCLK_TO_ROWCLK_BUF_X106_Y56_N0_I15          ; SCLK_TO_ROWCLK_BUF                                                                                                                    ;
;   1.691 ;   0.202  ;    ; RE   ; 13     ; LAB_CLK_X92_Y56_N0_I2                       ; LAB_CLK                                                                                                                               ;
;   1.748 ;   0.057  ;    ; RE   ; 1      ; BLK_CLK_BUF_X102_Y56_N0_I2                  ; BLK_CLK_BUF                                                                                                                           ;
;   1.761 ;   0.013  ;    ; RE   ; 1      ; ROWCLKSEL_PREBUF_X102_Y56_N0_I2             ; ROWCLKSEL_PREBUF                                                                                                                      ;
;   1.781 ;   0.020  ;    ; RE   ; 1      ; ROWCLKSEL_X102_Y56_N0_I1                    ; ROWCLKSEL                                                                                                                             ;
;   1.781 ;   0.000  ;    ; RE   ; 2      ; GLOBAL_LOCAL_SEL_X102_Y56_N0_I1             ; GLOBAL_LOCAL_SEL                                                                                                                      ;
;   1.781 ;   0.000  ;    ; RE   ; 8      ; LAB_INPUT_X102_Y56_N0_I0                    ; LAB_INPUT                                                                                                                             ;
;   1.780 ;   -0.001 ; RR ; IC   ; 1      ; FF_X102_Y56_N14                             ; u_vectors|group_write_mask_q_rtl_0|auto_generated|dffe6|clk                                                                           ;
;   1.989 ;   0.209  ; RR ; CELL ; 1      ; FF_X102_Y56_N14                             ; llm_bank_ram:u_vectors|altshift_taps:group_write_mask_q_rtl_0|shift_taps_tcv:auto_generated|dffe6                                     ;
; 2.568   ; 0.579    ;    ;      ;        ;                                             ; data path                                                                                                                             ;
;   1.989 ;   0.000  ;    ; uTco ; 1      ; FF_X102_Y56_N14                             ; llm_bank_ram:u_vectors|altshift_taps:group_write_mask_q_rtl_0|shift_taps_tcv:auto_generated|dffe6                                     ;
;   1.989 ;   0.000  ; RR ; CELL ; 32     ; FF_X102_Y56_N14                             ; u_vectors|group_write_mask_q_rtl_0|auto_generated|dffe6|q                                                                             ;
;   2.014 ;   0.025  ;    ; RE   ; 1      ; FF_X102_Y56_N14                             ; ARRIAV_FF                                                                                                                             ;
;   2.070 ;   0.056  ;    ; RE   ; 3      ; LE_BUFFER_X102_Y56_N0_I9                    ; LE_BUFFER                                                                                                                             ;
;   2.140 ;   0.070  ;    ; RE   ; 2      ; C2_X101_Y54_N0_I11                          ; V_SEG2                                                                                                                                ;
;   2.203 ;   0.063  ;    ; RE   ; 1      ; R3_X102_Y55_N0_I3                           ; H_SEG3                                                                                                                                ;
;   2.264 ;   0.061  ;    ; RE   ; 1      ; LOCAL_INTERCONNECT_X102_Y55_N0_I20          ; LAB_LINE                                                                                                                              ;
;   2.334 ;   0.070  ;    ; RE   ; 1      ; BLOCK_INPUT_MUX_PASSTHROUGH_X102_Y55_N0_I83 ; LEIM                                                                                                                                  ;
;   2.334 ;   0.000  ;    ; RE   ; 1      ; GLOBAL_LOCAL_SEL_X102_Y55_N0_I2             ; GLOBAL_LOCAL_SEL                                                                                                                      ;
;   2.334 ;   0.000  ;    ; RE   ; 9      ; LAB_INPUT_X102_Y55_N0_I3                    ; LAB_INPUT                                                                                                                             ;
;   2.334 ;   0.000  ; RR ; IC   ; 1      ; FF_X102_Y55_N35                             ; u_vectors|group_write_mask_q_rtl_0|auto_generated|altsyncram4|ram_block7a14|clrn                                                      ;
;   2.568 ;   0.234  ; RR ; CELL ; 1      ; FF_X102_Y55_N35                             ; llm_bank_ram:u_vectors|altshift_taps:group_write_mask_q_rtl_0|shift_taps_tcv:auto_generated|altsyncram_dfc1:altsyncram4|ram_block7a14 ;
+---------+----------+----+------+--------+---------------------------------------------+---------------------------------------------------------------------------------------------------------------------------------------+

+-----------------------------------------------------------------------------------------------------------------------------------------------------------------------------------------------------------------------+
; Data Required Path                                                                                                                                                                                                    ;
+---------+----------+----+------+--------+-------------------------------------+---------------------------------------------------------------------------------------------------------------------------------------+
; Total   ; Incr     ; RF ; Type ; Fanout ; Location                            ; Element                                                                                                                               ;
+---------+----------+----+------+--------+-------------------------------------+---------------------------------------------------------------------------------------------------------------------------------------+
; 0.000   ; 0.000    ;    ;      ;        ;                                     ; latch edge time                                                                                                                       ;
; 2.030   ; 2.030    ;    ;      ;        ;                                     ; clock path                                                                                                                            ;
;   0.000 ;   0.000  ;    ;      ;        ;                                     ; source latency                                                                                                                        ;
;   0.000 ;   0.000  ;    ;      ; 1      ; PIN_AC18                            ; clk                                                                                                                                   ;
;   0.000 ;   0.000  ;    ; RE   ; 1      ; IOPAD_X54_Y0_N0                     ; ARRIAV_IO_PAD                                                                                                                         ;
;   0.000 ;   0.000  ;    ; RE   ; 1      ; IO_PAD_OUTPUT_X54_Y0_N0_I1          ; IO_PAD_OUTPUT                                                                                                                         ;
;   0.000 ;   0.000  ;    ; RE   ; 1      ; IO_INPUT_BUFFER_INPUT_X54_Y0_N1_I0  ; IO_INPUT_BUFFER_INPUT                                                                                                                 ;
;   0.000 ;   0.000  ; RR ; IC   ; 1      ; IOIBUF_X54_Y0_N1                    ; clk~input|i                                                                                                                           ;
;   0.417 ;   0.417  ; RR ; CELL ; 1      ; IOIBUF_X54_Y0_N1                    ; clk~input|o                                                                                                                           ;
;   0.417 ;   0.000  ;    ; RE   ; 1      ; IOIBUF_X54_Y0_N1                    ; ARRIAV_IO_IBUF                                                                                                                        ;
;   0.417 ;   0.000  ;    ; RE   ; 1      ; IO_INPUT_BUFFER_OUTPUT_X54_Y0_N1_I2 ; IO_INPUT_BUFFER_OUTPUT                                                                                                                ;
;   0.417 ;   0.000  ;    ; RE   ; 1      ; IO_RE_X54_Y0_N0_I96                 ; IO_RE                                                                                                                                 ;
;   0.552 ;   0.135  ;    ; RE   ; 1      ; IO_RE_X54_Y0_N0_I66                 ; IO_RE                                                                                                                                 ;
;   0.633 ;   0.081  ;    ; RE   ; 1      ; CLKBUF_CLUSTER_RE_X58_Y0_N0_I1614   ; CLKBUF_CLUSTER_RE                                                                                                                     ;
;   0.633 ;   0.000  ;    ; RE   ; 1      ; CLKBUF_CLUSTER_RE_X58_Y0_N0_I616    ; CLKBUF_CLUSTER_RE                                                                                                                     ;
;   0.633 ;   0.000  ;    ; RE   ; 1      ; GCLK_CLUSTER_RE_X58_Y0_N6_I10       ; GCLK_CLUSTER_RE                                                                                                                       ;
;   0.633 ;   0.000  ;    ; RE   ; 1      ; CLKBUFBLOCK_INPUT_X58_Y0_N7_I0      ; CLKBUFBLOCK_INPUT                                                                                                                     ;
;   0.633 ;   0.000  ; RR ; IC   ; 1      ; CLKCTRL_G6                          ; clk~inputCLKENA0|inclk                                                                                                                ;
;   0.779 ;   0.146  ; RR ; CELL ; 37157  ; CLKCTRL_G6                          ; clk~inputCLKENA0|outclk                                                                                                               ;
;   0.779 ;   0.000  ;    ; RE   ; 1      ; CLKCTRL_G6                          ; ARRIAV_CLKBUF                                                                                                                         ;
;   0.779 ;   0.000  ;    ; RE   ; 1      ; CLKBUFBLOCK_OUTPUT_X58_Y0_N7_I2     ; CLKBUFBLOCK_OUTPUT                                                                                                                    ;
;   0.779 ;   0.000  ;    ; RE   ; 1      ; GCLK_CLUSTER_RE_X58_Y0_N6_I12       ; GCLK_CLUSTER_RE                                                                                                                       ;
;   0.779 ;   0.000  ;    ; RE   ; 1      ; CLKBUF_CLUSTER_RE_X58_Y0_N0_I417    ; CLKBUF_CLUSTER_RE                                                                                                                     ;
;   1.285 ;   0.506  ;    ; RE   ; 16     ; GLOBAL_CLOCK_X0_Y58_N0_I6           ; GLOBAL_CLOCK                                                                                                                          ;
;   1.417 ;   0.132  ;    ; RE   ; 29     ; SPINE_CLOCK_X106_Y30_N0_I2          ; SPINE_CLOCK                                                                                                                           ;
;   1.606 ;   0.189  ;    ; RE   ; 1      ; SCLK_TO_ROWCLK_BUF_X106_Y55_N0_I12  ; SCLK_TO_ROWCLK_BUF                                                                                                                    ;
;   1.647 ;   0.041  ;    ; RE   ; 2      ; SCLK_TO_ROWCLK_BUF_X106_Y55_N0_I15  ; SCLK_TO_ROWCLK_BUF                                                                                                                    ;
;   1.854 ;   0.207  ;    ; RE   ; 14     ; LAB_CLK_X92_Y55_N0_I2               ; LAB_CLK                                                                                                                               ;
;   1.915 ;   0.061  ;    ; RE   ; 1      ; BLK_CLK_BUF_X102_Y55_N0_I2          ; BLK_CLK_BUF                                                                                                                           ;
;   1.929 ;   0.014  ;    ; RE   ; 1      ; ROWCLKSEL_PREBUF_X102_Y55_N0_I2     ; ROWCLKSEL_PREBUF                                                                                                                      ;
;   1.950 ;   0.021  ;    ; RE   ; 1      ; ROWCLKSEL_X102_Y55_N0_I1            ; ROWCLKSEL                                                                                                                             ;
;   1.950 ;   0.000  ;    ; RE   ; 2      ; GLOBAL_LOCAL_SEL_X102_Y55_N0_I1     ; GLOBAL_LOCAL_SEL                                                                                                                      ;
;   1.950 ;   0.000  ;    ; RE   ; 9      ; LAB_INPUT_X102_Y55_N0_I1            ; LAB_INPUT                                                                                                                             ;
;   1.949 ;   -0.001 ; RR ; IC   ; 1      ; FF_X102_Y55_N35                     ; u_vectors|group_write_mask_q_rtl_0|auto_generated|altsyncram4|ram_block7a14|clk                                                       ;
;   2.179 ;   0.230  ; RR ; CELL ; 1      ; FF_X102_Y55_N35                     ; llm_bank_ram:u_vectors|altshift_taps:group_write_mask_q_rtl_0|shift_taps_tcv:auto_generated|altsyncram_dfc1:altsyncram4|ram_block7a14 ;
;   2.030 ;   -0.149 ;    ;      ;        ;                                     ; clock pessimism removed                                                                                                               ;
; 2.030   ; 0.000    ;    ;      ;        ;                                     ; clock uncertainty                                                                                                                     ;
; 2.030   ; 0.000    ;    ; uTh  ; 1      ; FF_X102_Y55_N35                     ; llm_bank_ram:u_vectors|altshift_taps:group_write_mask_q_rtl_0|shift_taps_tcv:auto_generated|altsyncram_dfc1:altsyncram4|ram_block7a14 ;
+---------+----------+----+------+--------+-------------------------------------+---------------------------------------------------------------------------------------------------------------------------------------+

----------------------------
; Extra Fitter Information ;
----------------------------
HTML report is unavailable in plain text report export.


Path #9: Removal slack is 0.538 
===============================================================================
+------------------------------------------------------------------------------------------------------------------------------------------------------------+
; Path Summary                                                                                                                                               ;
+--------------------+---------------------------------------------------------------------------------------------------------------------------------------+
; Property           ; Value                                                                                                                                 ;
+--------------------+---------------------------------------------------------------------------------------------------------------------------------------+
; From Node          ; llm_bank_ram:u_vectors|altshift_taps:group_write_mask_q_rtl_0|shift_taps_tcv:auto_generated|dffe6                                     ;
; To Node            ; llm_bank_ram:u_vectors|altshift_taps:group_write_mask_q_rtl_0|shift_taps_tcv:auto_generated|altsyncram_dfc1:altsyncram4|ram_block7a28 ;
; Launch Clock       ; clk                                                                                                                                   ;
; Latch Clock        ; clk                                                                                                                                   ;
; Data Arrival Time  ; 2.568                                                                                                                                 ;
; Data Required Time ; 2.030                                                                                                                                 ;
; Slack              ; 0.538                                                                                                                                 ;
+--------------------+---------------------------------------------------------------------------------------------------------------------------------------+

+------------------------------------------------------------------------------------+
; Statistics                                                                         ;
+------------------------+-------+-------+-------------+------------+--------+-------+
; Property               ; Value ; Count ; Total Delay ; % of Total ; Min    ; Max   ;
+------------------------+-------+-------+-------------+------------+--------+-------+
; Removal Relationship   ; 0.000 ;       ;             ;            ;        ;       ;
; Clock Skew             ; 0.041 ;       ;             ;            ;        ;       ;
; Data Delay             ; 0.579 ;       ;             ;            ;        ;       ;
; Number of Logic Levels ;       ; 0     ;             ;            ;        ;       ;
; Physical Delays        ;       ;       ;             ;            ;        ;       ;
;  Arrival Path          ;       ;       ;             ;            ;        ;       ;
;   Clock                ;       ;       ;             ;            ;        ;       ;
;    IC                  ;       ; 3     ; -0.001      ; 0          ; -0.001 ; 0.000 ;
;    Cell                ;       ; 3     ; 0.765       ; 38         ; 0.139  ; 0.417 ;
;    Routing Element     ;       ; 25    ; 1.225       ; 62         ; 0.000  ; 0.492 ;
;   Data                 ;       ;       ;             ;            ;        ;       ;
;    IC                  ;       ; 1     ; 0.000       ; 0          ; 0.000  ; 0.000 ;
;    Cell                ;       ; 2     ; 0.234       ; 40         ; 0.000  ; 0.234 ;
;    uTco                ;       ; 1     ; 0.000       ; 0          ; 0.000  ; 0.000 ;
;    Routing Element     ;       ; 8     ; 0.345       ; 60         ; 0.000  ; 0.070 ;
;  Required Path         ;       ;       ;             ;            ;        ;       ;
;   Clock                ;       ;       ;             ;            ;        ;       ;
;    IC                  ;       ; 3     ; -0.001      ; 0          ; -0.001 ; 0.000 ;
;    Cell                ;       ; 3     ; 0.793       ; 36         ; 0.146  ; 0.417 ;
;    Routing Element     ;       ; 25    ; 1.387       ; 64         ; 0.000  ; 0.506 ;
+------------------------+-------+-------+-------------+------------+--------+-------+
Note: Negative delays are omitted from totals when calculating percentages

+-------------------------------------------------------------------------------------------------------------------------------------------------------------------------------------------------------------------------------+
; Data Arrival Path                                                                                                                                                                                                             ;
+---------+----------+----+------+--------+---------------------------------------------+---------------------------------------------------------------------------------------------------------------------------------------+
; Total   ; Incr     ; RF ; Type ; Fanout ; Location                                    ; Element                                                                                                                               ;
+---------+----------+----+------+--------+---------------------------------------------+---------------------------------------------------------------------------------------------------------------------------------------+
; 0.000   ; 0.000    ;    ;      ;        ;                                             ; launch edge time                                                                                                                      ;
; 1.989   ; 1.989    ;    ;      ;        ;                                             ; clock path                                                                                                                            ;
;   0.000 ;   0.000  ;    ;      ;        ;                                             ; source latency                                                                                                                        ;
;   0.000 ;   0.000  ;    ;      ; 1      ; PIN_AC18                                    ; clk                                                                                                                                   ;
;   0.000 ;   0.000  ;    ; RE   ; 1      ; IOPAD_X54_Y0_N0                             ; ARRIAV_IO_PAD                                                                                                                         ;
;   0.000 ;   0.000  ;    ; RE   ; 1      ; IO_PAD_OUTPUT_X54_Y0_N0_I1                  ; IO_PAD_OUTPUT                                                                                                                         ;
;   0.000 ;   0.000  ;    ; RE   ; 1      ; IO_INPUT_BUFFER_INPUT_X54_Y0_N1_I0          ; IO_INPUT_BUFFER_INPUT                                                                                                                 ;
;   0.000 ;   0.000  ; RR ; IC   ; 1      ; IOIBUF_X54_Y0_N1                            ; clk~input|i                                                                                                                           ;
;   0.417 ;   0.417  ; RR ; CELL ; 1      ; IOIBUF_X54_Y0_N1                            ; clk~input|o                                                                                                                           ;
;   0.417 ;   0.000  ;    ; RE   ; 1      ; IOIBUF_X54_Y0_N1                            ; ARRIAV_IO_IBUF                                                                                                                        ;
;   0.417 ;   0.000  ;    ; RE   ; 1      ; IO_INPUT_BUFFER_OUTPUT_X54_Y0_N1_I2         ; IO_INPUT_BUFFER_OUTPUT                                                                                                                ;
;   0.417 ;   0.000  ;    ; RE   ; 1      ; IO_RE_X54_Y0_N0_I96                         ; IO_RE                                                                                                                                 ;
;   0.505 ;   0.088  ;    ; RE   ; 1      ; IO_RE_X54_Y0_N0_I66                         ; IO_RE                                                                                                                                 ;
;   0.505 ;   0.000  ;    ; RE   ; 1      ; CLKBUF_CLUSTER_RE_X58_Y0_N0_I1614           ; CLKBUF_CLUSTER_RE                                                                                                                     ;
;   0.505 ;   0.000  ;    ; RE   ; 1      ; CLKBUF_CLUSTER_RE_X58_Y0_N0_I616            ; CLKBUF_CLUSTER_RE                                                                                                                     ;
;   0.505 ;   0.000  ;    ; RE   ; 1      ; GCLK_CLUSTER_RE_X58_Y0_N6_I10               ; GCLK_CLUSTER_RE                                                                                                                       ;
;   0.505 ;   0.000  ;    ; RE   ; 1      ; CLKBUFBLOCK_INPUT_X58_Y0_N7_I0              ; CLKBUFBLOCK_INPUT                                                                                                                     ;
;   0.505 ;   0.000  ; RR ; IC   ; 1      ; CLKCTRL_G6                                  ; clk~inputCLKENA0|inclk                                                                                                                ;
;   0.644 ;   0.139  ; RR ; CELL ; 37157  ; CLKCTRL_G6                                  ; clk~inputCLKENA0|outclk                                                                                                               ;
;   0.644 ;   0.000  ;    ; RE   ; 1      ; CLKCTRL_G6                                  ; ARRIAV_CLKBUF                                                                                                                         ;
;   0.644 ;   0.000  ;    ; RE   ; 1      ; CLKBUFBLOCK_OUTPUT_X58_Y0_N7_I2             ; CLKBUFBLOCK_OUTPUT                                                                                                                    ;
;   0.644 ;   0.000  ;    ; RE   ; 1      ; GCLK_CLUSTER_RE_X58_Y0_N6_I12               ; GCLK_CLUSTER_RE                                                                                                                       ;
;   0.644 ;   0.000  ;    ; RE   ; 1      ; CLKBUF_CLUSTER_RE_X58_Y0_N0_I417            ; CLKBUF_CLUSTER_RE                                                                                                                     ;
;   1.136 ;   0.492  ;    ; RE   ; 16     ; GLOBAL_CLOCK_X0_Y58_N0_I6                   ; GLOBAL_CLOCK                                                                                                                          ;
;   1.265 ;   0.129  ;    ; RE   ; 29     ; SPINE_CLOCK_X106_Y30_N0_I2                  ; SPINE_CLOCK                                                                                                                           ;
;   1.449 ;   0.184  ;    ; RE   ; 1      ; SCLK_TO_ROWCLK_BUF_X106_Y56_N0_I12          ; SCLK_TO_ROWCLK_BUF                                                                                                                    ;
;   1.489 ;   0.040  ;    ; RE   ; 2      ; SCLK_TO_ROWCLK_BUF_X106_Y56_N0_I15          ; SCLK_TO_ROWCLK_BUF                                                                                                                    ;
;   1.691 ;   0.202  ;    ; RE   ; 13     ; LAB_CLK_X92_Y56_N0_I2                       ; LAB_CLK                                                                                                                               ;
;   1.748 ;   0.057  ;    ; RE   ; 1      ; BLK_CLK_BUF_X102_Y56_N0_I2                  ; BLK_CLK_BUF                                                                                                                           ;
;   1.761 ;   0.013  ;    ; RE   ; 1      ; ROWCLKSEL_PREBUF_X102_Y56_N0_I2             ; ROWCLKSEL_PREBUF                                                                                                                      ;
;   1.781 ;   0.020  ;    ; RE   ; 1      ; ROWCLKSEL_X102_Y56_N0_I1                    ; ROWCLKSEL                                                                                                                             ;
;   1.781 ;   0.000  ;    ; RE   ; 2      ; GLOBAL_LOCAL_SEL_X102_Y56_N0_I1             ; GLOBAL_LOCAL_SEL                                                                                                                      ;
;   1.781 ;   0.000  ;    ; RE   ; 8      ; LAB_INPUT_X102_Y56_N0_I0                    ; LAB_INPUT                                                                                                                             ;
;   1.780 ;   -0.001 ; RR ; IC   ; 1      ; FF_X102_Y56_N14                             ; u_vectors|group_write_mask_q_rtl_0|auto_generated|dffe6|clk                                                                           ;
;   1.989 ;   0.209  ; RR ; CELL ; 1      ; FF_X102_Y56_N14                             ; llm_bank_ram:u_vectors|altshift_taps:group_write_mask_q_rtl_0|shift_taps_tcv:auto_generated|dffe6                                     ;
; 2.568   ; 0.579    ;    ;      ;        ;                                             ; data path                                                                                                                             ;
;   1.989 ;   0.000  ;    ; uTco ; 1      ; FF_X102_Y56_N14                             ; llm_bank_ram:u_vectors|altshift_taps:group_write_mask_q_rtl_0|shift_taps_tcv:auto_generated|dffe6                                     ;
;   1.989 ;   0.000  ; RR ; CELL ; 32     ; FF_X102_Y56_N14                             ; u_vectors|group_write_mask_q_rtl_0|auto_generated|dffe6|q                                                                             ;
;   2.014 ;   0.025  ;    ; RE   ; 1      ; FF_X102_Y56_N14                             ; ARRIAV_FF                                                                                                                             ;
;   2.070 ;   0.056  ;    ; RE   ; 3      ; LE_BUFFER_X102_Y56_N0_I9                    ; LE_BUFFER                                                                                                                             ;
;   2.140 ;   0.070  ;    ; RE   ; 2      ; C2_X101_Y54_N0_I11                          ; V_SEG2                                                                                                                                ;
;   2.203 ;   0.063  ;    ; RE   ; 1      ; R3_X102_Y55_N0_I3                           ; H_SEG3                                                                                                                                ;
;   2.264 ;   0.061  ;    ; RE   ; 1      ; LOCAL_INTERCONNECT_X102_Y55_N0_I20          ; LAB_LINE                                                                                                                              ;
;   2.334 ;   0.070  ;    ; RE   ; 1      ; BLOCK_INPUT_MUX_PASSTHROUGH_X102_Y55_N0_I83 ; LEIM                                                                                                                                  ;
;   2.334 ;   0.000  ;    ; RE   ; 1      ; GLOBAL_LOCAL_SEL_X102_Y55_N0_I2             ; GLOBAL_LOCAL_SEL                                                                                                                      ;
;   2.334 ;   0.000  ;    ; RE   ; 9      ; LAB_INPUT_X102_Y55_N0_I3                    ; LAB_INPUT                                                                                                                             ;
;   2.334 ;   0.000  ; RR ; IC   ; 1      ; FF_X102_Y55_N17                             ; u_vectors|group_write_mask_q_rtl_0|auto_generated|altsyncram4|ram_block7a28|clrn                                                      ;
;   2.568 ;   0.234  ; RR ; CELL ; 1      ; FF_X102_Y55_N17                             ; llm_bank_ram:u_vectors|altshift_taps:group_write_mask_q_rtl_0|shift_taps_tcv:auto_generated|altsyncram_dfc1:altsyncram4|ram_block7a28 ;
+---------+----------+----+------+--------+---------------------------------------------+---------------------------------------------------------------------------------------------------------------------------------------+

+-----------------------------------------------------------------------------------------------------------------------------------------------------------------------------------------------------------------------+
; Data Required Path                                                                                                                                                                                                    ;
+---------+----------+----+------+--------+-------------------------------------+---------------------------------------------------------------------------------------------------------------------------------------+
; Total   ; Incr     ; RF ; Type ; Fanout ; Location                            ; Element                                                                                                                               ;
+---------+----------+----+------+--------+-------------------------------------+---------------------------------------------------------------------------------------------------------------------------------------+
; 0.000   ; 0.000    ;    ;      ;        ;                                     ; latch edge time                                                                                                                       ;
; 2.030   ; 2.030    ;    ;      ;        ;                                     ; clock path                                                                                                                            ;
;   0.000 ;   0.000  ;    ;      ;        ;                                     ; source latency                                                                                                                        ;
;   0.000 ;   0.000  ;    ;      ; 1      ; PIN_AC18                            ; clk                                                                                                                                   ;
;   0.000 ;   0.000  ;    ; RE   ; 1      ; IOPAD_X54_Y0_N0                     ; ARRIAV_IO_PAD                                                                                                                         ;
;   0.000 ;   0.000  ;    ; RE   ; 1      ; IO_PAD_OUTPUT_X54_Y0_N0_I1          ; IO_PAD_OUTPUT                                                                                                                         ;
;   0.000 ;   0.000  ;    ; RE   ; 1      ; IO_INPUT_BUFFER_INPUT_X54_Y0_N1_I0  ; IO_INPUT_BUFFER_INPUT                                                                                                                 ;
;   0.000 ;   0.000  ; RR ; IC   ; 1      ; IOIBUF_X54_Y0_N1                    ; clk~input|i                                                                                                                           ;
;   0.417 ;   0.417  ; RR ; CELL ; 1      ; IOIBUF_X54_Y0_N1                    ; clk~input|o                                                                                                                           ;
;   0.417 ;   0.000  ;    ; RE   ; 1      ; IOIBUF_X54_Y0_N1                    ; ARRIAV_IO_IBUF                                                                                                                        ;
;   0.417 ;   0.000  ;    ; RE   ; 1      ; IO_INPUT_BUFFER_OUTPUT_X54_Y0_N1_I2 ; IO_INPUT_BUFFER_OUTPUT                                                                                                                ;
;   0.417 ;   0.000  ;    ; RE   ; 1      ; IO_RE_X54_Y0_N0_I96                 ; IO_RE                                                                                                                                 ;
;   0.552 ;   0.135  ;    ; RE   ; 1      ; IO_RE_X54_Y0_N0_I66                 ; IO_RE                                                                                                                                 ;
;   0.633 ;   0.081  ;    ; RE   ; 1      ; CLKBUF_CLUSTER_RE_X58_Y0_N0_I1614   ; CLKBUF_CLUSTER_RE                                                                                                                     ;
;   0.633 ;   0.000  ;    ; RE   ; 1      ; CLKBUF_CLUSTER_RE_X58_Y0_N0_I616    ; CLKBUF_CLUSTER_RE                                                                                                                     ;
;   0.633 ;   0.000  ;    ; RE   ; 1      ; GCLK_CLUSTER_RE_X58_Y0_N6_I10       ; GCLK_CLUSTER_RE                                                                                                                       ;
;   0.633 ;   0.000  ;    ; RE   ; 1      ; CLKBUFBLOCK_INPUT_X58_Y0_N7_I0      ; CLKBUFBLOCK_INPUT                                                                                                                     ;
;   0.633 ;   0.000  ; RR ; IC   ; 1      ; CLKCTRL_G6                          ; clk~inputCLKENA0|inclk                                                                                                                ;
;   0.779 ;   0.146  ; RR ; CELL ; 37157  ; CLKCTRL_G6                          ; clk~inputCLKENA0|outclk                                                                                                               ;
;   0.779 ;   0.000  ;    ; RE   ; 1      ; CLKCTRL_G6                          ; ARRIAV_CLKBUF                                                                                                                         ;
;   0.779 ;   0.000  ;    ; RE   ; 1      ; CLKBUFBLOCK_OUTPUT_X58_Y0_N7_I2     ; CLKBUFBLOCK_OUTPUT                                                                                                                    ;
;   0.779 ;   0.000  ;    ; RE   ; 1      ; GCLK_CLUSTER_RE_X58_Y0_N6_I12       ; GCLK_CLUSTER_RE                                                                                                                       ;
;   0.779 ;   0.000  ;    ; RE   ; 1      ; CLKBUF_CLUSTER_RE_X58_Y0_N0_I417    ; CLKBUF_CLUSTER_RE                                                                                                                     ;
;   1.285 ;   0.506  ;    ; RE   ; 16     ; GLOBAL_CLOCK_X0_Y58_N0_I6           ; GLOBAL_CLOCK                                                                                                                          ;
;   1.417 ;   0.132  ;    ; RE   ; 29     ; SPINE_CLOCK_X106_Y30_N0_I2          ; SPINE_CLOCK                                                                                                                           ;
;   1.606 ;   0.189  ;    ; RE   ; 1      ; SCLK_TO_ROWCLK_BUF_X106_Y55_N0_I12  ; SCLK_TO_ROWCLK_BUF                                                                                                                    ;
;   1.647 ;   0.041  ;    ; RE   ; 2      ; SCLK_TO_ROWCLK_BUF_X106_Y55_N0_I15  ; SCLK_TO_ROWCLK_BUF                                                                                                                    ;
;   1.854 ;   0.207  ;    ; RE   ; 14     ; LAB_CLK_X92_Y55_N0_I2               ; LAB_CLK                                                                                                                               ;
;   1.915 ;   0.061  ;    ; RE   ; 1      ; BLK_CLK_BUF_X102_Y55_N0_I2          ; BLK_CLK_BUF                                                                                                                           ;
;   1.929 ;   0.014  ;    ; RE   ; 1      ; ROWCLKSEL_PREBUF_X102_Y55_N0_I2     ; ROWCLKSEL_PREBUF                                                                                                                      ;
;   1.950 ;   0.021  ;    ; RE   ; 1      ; ROWCLKSEL_X102_Y55_N0_I1            ; ROWCLKSEL                                                                                                                             ;
;   1.950 ;   0.000  ;    ; RE   ; 2      ; GLOBAL_LOCAL_SEL_X102_Y55_N0_I1     ; GLOBAL_LOCAL_SEL                                                                                                                      ;
;   1.950 ;   0.000  ;    ; RE   ; 9      ; LAB_INPUT_X102_Y55_N0_I1            ; LAB_INPUT                                                                                                                             ;
;   1.949 ;   -0.001 ; RR ; IC   ; 1      ; FF_X102_Y55_N17                     ; u_vectors|group_write_mask_q_rtl_0|auto_generated|altsyncram4|ram_block7a28|clk                                                       ;
;   2.179 ;   0.230  ; RR ; CELL ; 1      ; FF_X102_Y55_N17                     ; llm_bank_ram:u_vectors|altshift_taps:group_write_mask_q_rtl_0|shift_taps_tcv:auto_generated|altsyncram_dfc1:altsyncram4|ram_block7a28 ;
;   2.030 ;   -0.149 ;    ;      ;        ;                                     ; clock pessimism removed                                                                                                               ;
; 2.030   ; 0.000    ;    ;      ;        ;                                     ; clock uncertainty                                                                                                                     ;
; 2.030   ; 0.000    ;    ; uTh  ; 1      ; FF_X102_Y55_N17                     ; llm_bank_ram:u_vectors|altshift_taps:group_write_mask_q_rtl_0|shift_taps_tcv:auto_generated|altsyncram_dfc1:altsyncram4|ram_block7a28 ;
+---------+----------+----+------+--------+-------------------------------------+---------------------------------------------------------------------------------------------------------------------------------------+

----------------------------
; Extra Fitter Information ;
----------------------------
HTML report is unavailable in plain text report export.


Path #10: Removal slack is 0.538 
===============================================================================
+-----------------------------------------------------------------------------------------------------------------------------------------------------------+
; Path Summary                                                                                                                                              ;
+--------------------+--------------------------------------------------------------------------------------------------------------------------------------+
; Property           ; Value                                                                                                                                ;
+--------------------+--------------------------------------------------------------------------------------------------------------------------------------+
; From Node          ; llm_bank_ram:u_vectors|altshift_taps:group_write_mask_q_rtl_0|shift_taps_tcv:auto_generated|dffe6                                    ;
; To Node            ; llm_bank_ram:u_vectors|altshift_taps:group_write_mask_q_rtl_0|shift_taps_tcv:auto_generated|altsyncram_dfc1:altsyncram4|ram_block7a2 ;
; Launch Clock       ; clk                                                                                                                                  ;
; Latch Clock        ; clk                                                                                                                                  ;
; Data Arrival Time  ; 2.568                                                                                                                                ;
; Data Required Time ; 2.030                                                                                                                                ;
; Slack              ; 0.538                                                                                                                                ;
+--------------------+--------------------------------------------------------------------------------------------------------------------------------------+

+------------------------------------------------------------------------------------+
; Statistics                                                                         ;
+------------------------+-------+-------+-------------+------------+--------+-------+
; Property               ; Value ; Count ; Total Delay ; % of Total ; Min    ; Max   ;
+------------------------+-------+-------+-------------+------------+--------+-------+
; Removal Relationship   ; 0.000 ;       ;             ;            ;        ;       ;
; Clock Skew             ; 0.041 ;       ;             ;            ;        ;       ;
; Data Delay             ; 0.579 ;       ;             ;            ;        ;       ;
; Number of Logic Levels ;       ; 0     ;             ;            ;        ;       ;
; Physical Delays        ;       ;       ;             ;            ;        ;       ;
;  Arrival Path          ;       ;       ;             ;            ;        ;       ;
;   Clock                ;       ;       ;             ;            ;        ;       ;
;    IC                  ;       ; 3     ; -0.001      ; 0          ; -0.001 ; 0.000 ;
;    Cell                ;       ; 3     ; 0.765       ; 38         ; 0.139  ; 0.417 ;
;    Routing Element     ;       ; 25    ; 1.225       ; 62         ; 0.000  ; 0.492 ;
;   Data                 ;       ;       ;             ;            ;        ;       ;
;    IC                  ;       ; 1     ; 0.000       ; 0          ; 0.000  ; 0.000 ;
;    Cell                ;       ; 2     ; 0.234       ; 40         ; 0.000  ; 0.234 ;
;    uTco                ;       ; 1     ; 0.000       ; 0          ; 0.000  ; 0.000 ;
;    Routing Element     ;       ; 8     ; 0.345       ; 60         ; 0.000  ; 0.070 ;
;  Required Path         ;       ;       ;             ;            ;        ;       ;
;   Clock                ;       ;       ;             ;            ;        ;       ;
;    IC                  ;       ; 3     ; -0.001      ; 0          ; -0.001 ; 0.000 ;
;    Cell                ;       ; 3     ; 0.793       ; 36         ; 0.146  ; 0.417 ;
;    Routing Element     ;       ; 25    ; 1.387       ; 64         ; 0.000  ; 0.506 ;
+------------------------+-------+-------+-------------+------------+--------+-------+
Note: Negative delays are omitted from totals when calculating percentages

+------------------------------------------------------------------------------------------------------------------------------------------------------------------------------------------------------------------------------+
; Data Arrival Path                                                                                                                                                                                                            ;
+---------+----------+----+------+--------+---------------------------------------------+--------------------------------------------------------------------------------------------------------------------------------------+
; Total   ; Incr     ; RF ; Type ; Fanout ; Location                                    ; Element                                                                                                                              ;
+---------+----------+----+------+--------+---------------------------------------------+--------------------------------------------------------------------------------------------------------------------------------------+
; 0.000   ; 0.000    ;    ;      ;        ;                                             ; launch edge time                                                                                                                     ;
; 1.989   ; 1.989    ;    ;      ;        ;                                             ; clock path                                                                                                                           ;
;   0.000 ;   0.000  ;    ;      ;        ;                                             ; source latency                                                                                                                       ;
;   0.000 ;   0.000  ;    ;      ; 1      ; PIN_AC18                                    ; clk                                                                                                                                  ;
;   0.000 ;   0.000  ;    ; RE   ; 1      ; IOPAD_X54_Y0_N0                             ; ARRIAV_IO_PAD                                                                                                                        ;
;   0.000 ;   0.000  ;    ; RE   ; 1      ; IO_PAD_OUTPUT_X54_Y0_N0_I1                  ; IO_PAD_OUTPUT                                                                                                                        ;
;   0.000 ;   0.000  ;    ; RE   ; 1      ; IO_INPUT_BUFFER_INPUT_X54_Y0_N1_I0          ; IO_INPUT_BUFFER_INPUT                                                                                                                ;
;   0.000 ;   0.000  ; RR ; IC   ; 1      ; IOIBUF_X54_Y0_N1                            ; clk~input|i                                                                                                                          ;
;   0.417 ;   0.417  ; RR ; CELL ; 1      ; IOIBUF_X54_Y0_N1                            ; clk~input|o                                                                                                                          ;
;   0.417 ;   0.000  ;    ; RE   ; 1      ; IOIBUF_X54_Y0_N1                            ; ARRIAV_IO_IBUF                                                                                                                       ;
;   0.417 ;   0.000  ;    ; RE   ; 1      ; IO_INPUT_BUFFER_OUTPUT_X54_Y0_N1_I2         ; IO_INPUT_BUFFER_OUTPUT                                                                                                               ;
;   0.417 ;   0.000  ;    ; RE   ; 1      ; IO_RE_X54_Y0_N0_I96                         ; IO_RE                                                                                                                                ;
;   0.505 ;   0.088  ;    ; RE   ; 1      ; IO_RE_X54_Y0_N0_I66                         ; IO_RE                                                                                                                                ;
;   0.505 ;   0.000  ;    ; RE   ; 1      ; CLKBUF_CLUSTER_RE_X58_Y0_N0_I1614           ; CLKBUF_CLUSTER_RE                                                                                                                    ;
;   0.505 ;   0.000  ;    ; RE   ; 1      ; CLKBUF_CLUSTER_RE_X58_Y0_N0_I616            ; CLKBUF_CLUSTER_RE                                                                                                                    ;
;   0.505 ;   0.000  ;    ; RE   ; 1      ; GCLK_CLUSTER_RE_X58_Y0_N6_I10               ; GCLK_CLUSTER_RE                                                                                                                      ;
;   0.505 ;   0.000  ;    ; RE   ; 1      ; CLKBUFBLOCK_INPUT_X58_Y0_N7_I0              ; CLKBUFBLOCK_INPUT                                                                                                                    ;
;   0.505 ;   0.000  ; RR ; IC   ; 1      ; CLKCTRL_G6                                  ; clk~inputCLKENA0|inclk                                                                                                               ;
;   0.644 ;   0.139  ; RR ; CELL ; 37157  ; CLKCTRL_G6                                  ; clk~inputCLKENA0|outclk                                                                                                              ;
;   0.644 ;   0.000  ;    ; RE   ; 1      ; CLKCTRL_G6                                  ; ARRIAV_CLKBUF                                                                                                                        ;
;   0.644 ;   0.000  ;    ; RE   ; 1      ; CLKBUFBLOCK_OUTPUT_X58_Y0_N7_I2             ; CLKBUFBLOCK_OUTPUT                                                                                                                   ;
;   0.644 ;   0.000  ;    ; RE   ; 1      ; GCLK_CLUSTER_RE_X58_Y0_N6_I12               ; GCLK_CLUSTER_RE                                                                                                                      ;
;   0.644 ;   0.000  ;    ; RE   ; 1      ; CLKBUF_CLUSTER_RE_X58_Y0_N0_I417            ; CLKBUF_CLUSTER_RE                                                                                                                    ;
;   1.136 ;   0.492  ;    ; RE   ; 16     ; GLOBAL_CLOCK_X0_Y58_N0_I6                   ; GLOBAL_CLOCK                                                                                                                         ;
;   1.265 ;   0.129  ;    ; RE   ; 29     ; SPINE_CLOCK_X106_Y30_N0_I2                  ; SPINE_CLOCK                                                                                                                          ;
;   1.449 ;   0.184  ;    ; RE   ; 1      ; SCLK_TO_ROWCLK_BUF_X106_Y56_N0_I12          ; SCLK_TO_ROWCLK_BUF                                                                                                                   ;
;   1.489 ;   0.040  ;    ; RE   ; 2      ; SCLK_TO_ROWCLK_BUF_X106_Y56_N0_I15          ; SCLK_TO_ROWCLK_BUF                                                                                                                   ;
;   1.691 ;   0.202  ;    ; RE   ; 13     ; LAB_CLK_X92_Y56_N0_I2                       ; LAB_CLK                                                                                                                              ;
;   1.748 ;   0.057  ;    ; RE   ; 1      ; BLK_CLK_BUF_X102_Y56_N0_I2                  ; BLK_CLK_BUF                                                                                                                          ;
;   1.761 ;   0.013  ;    ; RE   ; 1      ; ROWCLKSEL_PREBUF_X102_Y56_N0_I2             ; ROWCLKSEL_PREBUF                                                                                                                     ;
;   1.781 ;   0.020  ;    ; RE   ; 1      ; ROWCLKSEL_X102_Y56_N0_I1                    ; ROWCLKSEL                                                                                                                            ;
;   1.781 ;   0.000  ;    ; RE   ; 2      ; GLOBAL_LOCAL_SEL_X102_Y56_N0_I1             ; GLOBAL_LOCAL_SEL                                                                                                                     ;
;   1.781 ;   0.000  ;    ; RE   ; 8      ; LAB_INPUT_X102_Y56_N0_I0                    ; LAB_INPUT                                                                                                                            ;
;   1.780 ;   -0.001 ; RR ; IC   ; 1      ; FF_X102_Y56_N14                             ; u_vectors|group_write_mask_q_rtl_0|auto_generated|dffe6|clk                                                                          ;
;   1.989 ;   0.209  ; RR ; CELL ; 1      ; FF_X102_Y56_N14                             ; llm_bank_ram:u_vectors|altshift_taps:group_write_mask_q_rtl_0|shift_taps_tcv:auto_generated|dffe6                                    ;
; 2.568   ; 0.579    ;    ;      ;        ;                                             ; data path                                                                                                                            ;
;   1.989 ;   0.000  ;    ; uTco ; 1      ; FF_X102_Y56_N14                             ; llm_bank_ram:u_vectors|altshift_taps:group_write_mask_q_rtl_0|shift_taps_tcv:auto_generated|dffe6                                    ;
;   1.989 ;   0.000  ; RR ; CELL ; 32     ; FF_X102_Y56_N14                             ; u_vectors|group_write_mask_q_rtl_0|auto_generated|dffe6|q                                                                            ;
;   2.014 ;   0.025  ;    ; RE   ; 1      ; FF_X102_Y56_N14                             ; ARRIAV_FF                                                                                                                            ;
;   2.070 ;   0.056  ;    ; RE   ; 3      ; LE_BUFFER_X102_Y56_N0_I9                    ; LE_BUFFER                                                                                                                            ;
;   2.140 ;   0.070  ;    ; RE   ; 2      ; C2_X101_Y54_N0_I11                          ; V_SEG2                                                                                                                               ;
;   2.203 ;   0.063  ;    ; RE   ; 1      ; R3_X102_Y55_N0_I3                           ; H_SEG3                                                                                                                               ;
;   2.264 ;   0.061  ;    ; RE   ; 1      ; LOCAL_INTERCONNECT_X102_Y55_N0_I20          ; LAB_LINE                                                                                                                             ;
;   2.334 ;   0.070  ;    ; RE   ; 1      ; BLOCK_INPUT_MUX_PASSTHROUGH_X102_Y55_N0_I83 ; LEIM                                                                                                                                 ;
;   2.334 ;   0.000  ;    ; RE   ; 1      ; GLOBAL_LOCAL_SEL_X102_Y55_N0_I2             ; GLOBAL_LOCAL_SEL                                                                                                                     ;
;   2.334 ;   0.000  ;    ; RE   ; 9      ; LAB_INPUT_X102_Y55_N0_I3                    ; LAB_INPUT                                                                                                                            ;
;   2.334 ;   0.000  ; RR ; IC   ; 1      ; FF_X102_Y55_N29                             ; u_vectors|group_write_mask_q_rtl_0|auto_generated|altsyncram4|ram_block7a2|clrn                                                      ;
;   2.568 ;   0.234  ; RR ; CELL ; 1      ; FF_X102_Y55_N29                             ; llm_bank_ram:u_vectors|altshift_taps:group_write_mask_q_rtl_0|shift_taps_tcv:auto_generated|altsyncram_dfc1:altsyncram4|ram_block7a2 ;
+---------+----------+----+------+--------+---------------------------------------------+--------------------------------------------------------------------------------------------------------------------------------------+

+----------------------------------------------------------------------------------------------------------------------------------------------------------------------------------------------------------------------+
; Data Required Path                                                                                                                                                                                                   ;
+---------+----------+----+------+--------+-------------------------------------+--------------------------------------------------------------------------------------------------------------------------------------+
; Total   ; Incr     ; RF ; Type ; Fanout ; Location                            ; Element                                                                                                                              ;
+---------+----------+----+------+--------+-------------------------------------+--------------------------------------------------------------------------------------------------------------------------------------+
; 0.000   ; 0.000    ;    ;      ;        ;                                     ; latch edge time                                                                                                                      ;
; 2.030   ; 2.030    ;    ;      ;        ;                                     ; clock path                                                                                                                           ;
;   0.000 ;   0.000  ;    ;      ;        ;                                     ; source latency                                                                                                                       ;
;   0.000 ;   0.000  ;    ;      ; 1      ; PIN_AC18                            ; clk                                                                                                                                  ;
;   0.000 ;   0.000  ;    ; RE   ; 1      ; IOPAD_X54_Y0_N0                     ; ARRIAV_IO_PAD                                                                                                                        ;
;   0.000 ;   0.000  ;    ; RE   ; 1      ; IO_PAD_OUTPUT_X54_Y0_N0_I1          ; IO_PAD_OUTPUT                                                                                                                        ;
;   0.000 ;   0.000  ;    ; RE   ; 1      ; IO_INPUT_BUFFER_INPUT_X54_Y0_N1_I0  ; IO_INPUT_BUFFER_INPUT                                                                                                                ;
;   0.000 ;   0.000  ; RR ; IC   ; 1      ; IOIBUF_X54_Y0_N1                    ; clk~input|i                                                                                                                          ;
;   0.417 ;   0.417  ; RR ; CELL ; 1      ; IOIBUF_X54_Y0_N1                    ; clk~input|o                                                                                                                          ;
;   0.417 ;   0.000  ;    ; RE   ; 1      ; IOIBUF_X54_Y0_N1                    ; ARRIAV_IO_IBUF                                                                                                                       ;
;   0.417 ;   0.000  ;    ; RE   ; 1      ; IO_INPUT_BUFFER_OUTPUT_X54_Y0_N1_I2 ; IO_INPUT_BUFFER_OUTPUT                                                                                                               ;
;   0.417 ;   0.000  ;    ; RE   ; 1      ; IO_RE_X54_Y0_N0_I96                 ; IO_RE                                                                                                                                ;
;   0.552 ;   0.135  ;    ; RE   ; 1      ; IO_RE_X54_Y0_N0_I66                 ; IO_RE                                                                                                                                ;
;   0.633 ;   0.081  ;    ; RE   ; 1      ; CLKBUF_CLUSTER_RE_X58_Y0_N0_I1614   ; CLKBUF_CLUSTER_RE                                                                                                                    ;
;   0.633 ;   0.000  ;    ; RE   ; 1      ; CLKBUF_CLUSTER_RE_X58_Y0_N0_I616    ; CLKBUF_CLUSTER_RE                                                                                                                    ;
;   0.633 ;   0.000  ;    ; RE   ; 1      ; GCLK_CLUSTER_RE_X58_Y0_N6_I10       ; GCLK_CLUSTER_RE                                                                                                                      ;
;   0.633 ;   0.000  ;    ; RE   ; 1      ; CLKBUFBLOCK_INPUT_X58_Y0_N7_I0      ; CLKBUFBLOCK_INPUT                                                                                                                    ;
;   0.633 ;   0.000  ; RR ; IC   ; 1      ; CLKCTRL_G6                          ; clk~inputCLKENA0|inclk                                                                                                               ;
;   0.779 ;   0.146  ; RR ; CELL ; 37157  ; CLKCTRL_G6                          ; clk~inputCLKENA0|outclk                                                                                                              ;
;   0.779 ;   0.000  ;    ; RE   ; 1      ; CLKCTRL_G6                          ; ARRIAV_CLKBUF                                                                                                                        ;
;   0.779 ;   0.000  ;    ; RE   ; 1      ; CLKBUFBLOCK_OUTPUT_X58_Y0_N7_I2     ; CLKBUFBLOCK_OUTPUT                                                                                                                   ;
;   0.779 ;   0.000  ;    ; RE   ; 1      ; GCLK_CLUSTER_RE_X58_Y0_N6_I12       ; GCLK_CLUSTER_RE                                                                                                                      ;
;   0.779 ;   0.000  ;    ; RE   ; 1      ; CLKBUF_CLUSTER_RE_X58_Y0_N0_I417    ; CLKBUF_CLUSTER_RE                                                                                                                    ;
;   1.285 ;   0.506  ;    ; RE   ; 16     ; GLOBAL_CLOCK_X0_Y58_N0_I6           ; GLOBAL_CLOCK                                                                                                                         ;
;   1.417 ;   0.132  ;    ; RE   ; 29     ; SPINE_CLOCK_X106_Y30_N0_I2          ; SPINE_CLOCK                                                                                                                          ;
;   1.606 ;   0.189  ;    ; RE   ; 1      ; SCLK_TO_ROWCLK_BUF_X106_Y55_N0_I12  ; SCLK_TO_ROWCLK_BUF                                                                                                                   ;
;   1.647 ;   0.041  ;    ; RE   ; 2      ; SCLK_TO_ROWCLK_BUF_X106_Y55_N0_I15  ; SCLK_TO_ROWCLK_BUF                                                                                                                   ;
;   1.854 ;   0.207  ;    ; RE   ; 14     ; LAB_CLK_X92_Y55_N0_I2               ; LAB_CLK                                                                                                                              ;
;   1.915 ;   0.061  ;    ; RE   ; 1      ; BLK_CLK_BUF_X102_Y55_N0_I2          ; BLK_CLK_BUF                                                                                                                          ;
;   1.929 ;   0.014  ;    ; RE   ; 1      ; ROWCLKSEL_PREBUF_X102_Y55_N0_I2     ; ROWCLKSEL_PREBUF                                                                                                                     ;
;   1.950 ;   0.021  ;    ; RE   ; 1      ; ROWCLKSEL_X102_Y55_N0_I1            ; ROWCLKSEL                                                                                                                            ;
;   1.950 ;   0.000  ;    ; RE   ; 2      ; GLOBAL_LOCAL_SEL_X102_Y55_N0_I1     ; GLOBAL_LOCAL_SEL                                                                                                                     ;
;   1.950 ;   0.000  ;    ; RE   ; 9      ; LAB_INPUT_X102_Y55_N0_I1            ; LAB_INPUT                                                                                                                            ;
;   1.949 ;   -0.001 ; RR ; IC   ; 1      ; FF_X102_Y55_N29                     ; u_vectors|group_write_mask_q_rtl_0|auto_generated|altsyncram4|ram_block7a2|clk                                                       ;
;   2.179 ;   0.230  ; RR ; CELL ; 1      ; FF_X102_Y55_N29                     ; llm_bank_ram:u_vectors|altshift_taps:group_write_mask_q_rtl_0|shift_taps_tcv:auto_generated|altsyncram_dfc1:altsyncram4|ram_block7a2 ;
;   2.030 ;   -0.149 ;    ;      ;        ;                                     ; clock pessimism removed                                                                                                              ;
; 2.030   ; 0.000    ;    ;      ;        ;                                     ; clock uncertainty                                                                                                                    ;
; 2.030   ; 0.000    ;    ; uTh  ; 1      ; FF_X102_Y55_N29                     ; llm_bank_ram:u_vectors|altshift_taps:group_write_mask_q_rtl_0|shift_taps_tcv:auto_generated|altsyncram_dfc1:altsyncram4|ram_block7a2 ;
+---------+----------+----+------+--------+-------------------------------------+--------------------------------------------------------------------------------------------------------------------------------------+

----------------------------
; Extra Fitter Information ;
----------------------------
HTML report is unavailable in plain text report export.


Path #11: Removal slack is 0.539 
===============================================================================
+------------------------------------------------------------------------------------------------------------------------------------------------------------+
; Path Summary                                                                                                                                               ;
+--------------------+---------------------------------------------------------------------------------------------------------------------------------------+
; Property           ; Value                                                                                                                                 ;
+--------------------+---------------------------------------------------------------------------------------------------------------------------------------+
; From Node          ; llm_bank_ram:u_vectors|altshift_taps:group_write_mask_q_rtl_0|shift_taps_tcv:auto_generated|dffe6                                     ;
; To Node            ; llm_bank_ram:u_vectors|altshift_taps:group_write_mask_q_rtl_0|shift_taps_tcv:auto_generated|altsyncram_dfc1:altsyncram4|ram_block7a30 ;
; Launch Clock       ; clk                                                                                                                                   ;
; Latch Clock        ; clk                                                                                                                                   ;
; Data Arrival Time  ; 2.568                                                                                                                                 ;
; Data Required Time ; 2.029                                                                                                                                 ;
; Slack              ; 0.539                                                                                                                                 ;
+--------------------+---------------------------------------------------------------------------------------------------------------------------------------+

+------------------------------------------------------------------------------------+
; Statistics                                                                         ;
+------------------------+-------+-------+-------------+------------+--------+-------+
; Property               ; Value ; Count ; Total Delay ; % of Total ; Min    ; Max   ;
+------------------------+-------+-------+-------------+------------+--------+-------+
; Removal Relationship   ; 0.000 ;       ;             ;            ;        ;       ;
; Clock Skew             ; 0.040 ;       ;             ;            ;        ;       ;
; Data Delay             ; 0.579 ;       ;             ;            ;        ;       ;
; Number of Logic Levels ;       ; 0     ;             ;            ;        ;       ;
; Physical Delays        ;       ;       ;             ;            ;        ;       ;
;  Arrival Path          ;       ;       ;             ;            ;        ;       ;
;   Clock                ;       ;       ;             ;            ;        ;       ;
;    IC                  ;       ; 3     ; -0.001      ; 0          ; -0.001 ; 0.000 ;
;    Cell                ;       ; 3     ; 0.765       ; 38         ; 0.139  ; 0.417 ;
;    Routing Element     ;       ; 25    ; 1.225       ; 62         ; 0.000  ; 0.492 ;
;   Data                 ;       ;       ;             ;            ;        ;       ;
;    IC                  ;       ; 1     ; 0.000       ; 0          ; 0.000  ; 0.000 ;
;    Cell                ;       ; 2     ; 0.234       ; 40         ; 0.000  ; 0.234 ;
;    uTco                ;       ; 1     ; 0.000       ; 0          ; 0.000  ; 0.000 ;
;    Routing Element     ;       ; 8     ; 0.345       ; 60         ; 0.000  ; 0.070 ;
;  Required Path         ;       ;       ;             ;            ;        ;       ;
;   Clock                ;       ;       ;             ;            ;        ;       ;
;    IC                  ;       ; 3     ; -0.001      ; 0          ; -0.001 ; 0.000 ;
;    Cell                ;       ; 3     ; 0.792       ; 36         ; 0.146  ; 0.417 ;
;    Routing Element     ;       ; 25    ; 1.387       ; 64         ; 0.000  ; 0.506 ;
+------------------------+-------+-------+-------------+------------+--------+-------+
Note: Negative delays are omitted from totals when calculating percentages

+-------------------------------------------------------------------------------------------------------------------------------------------------------------------------------------------------------------------------------+
; Data Arrival Path                                                                                                                                                                                                             ;
+---------+----------+----+------+--------+---------------------------------------------+---------------------------------------------------------------------------------------------------------------------------------------+
; Total   ; Incr     ; RF ; Type ; Fanout ; Location                                    ; Element                                                                                                                               ;
+---------+----------+----+------+--------+---------------------------------------------+---------------------------------------------------------------------------------------------------------------------------------------+
; 0.000   ; 0.000    ;    ;      ;        ;                                             ; launch edge time                                                                                                                      ;
; 1.989   ; 1.989    ;    ;      ;        ;                                             ; clock path                                                                                                                            ;
;   0.000 ;   0.000  ;    ;      ;        ;                                             ; source latency                                                                                                                        ;
;   0.000 ;   0.000  ;    ;      ; 1      ; PIN_AC18                                    ; clk                                                                                                                                   ;
;   0.000 ;   0.000  ;    ; RE   ; 1      ; IOPAD_X54_Y0_N0                             ; ARRIAV_IO_PAD                                                                                                                         ;
;   0.000 ;   0.000  ;    ; RE   ; 1      ; IO_PAD_OUTPUT_X54_Y0_N0_I1                  ; IO_PAD_OUTPUT                                                                                                                         ;
;   0.000 ;   0.000  ;    ; RE   ; 1      ; IO_INPUT_BUFFER_INPUT_X54_Y0_N1_I0          ; IO_INPUT_BUFFER_INPUT                                                                                                                 ;
;   0.000 ;   0.000  ; RR ; IC   ; 1      ; IOIBUF_X54_Y0_N1                            ; clk~input|i                                                                                                                           ;
;   0.417 ;   0.417  ; RR ; CELL ; 1      ; IOIBUF_X54_Y0_N1                            ; clk~input|o                                                                                                                           ;
;   0.417 ;   0.000  ;    ; RE   ; 1      ; IOIBUF_X54_Y0_N1                            ; ARRIAV_IO_IBUF                                                                                                                        ;
;   0.417 ;   0.000  ;    ; RE   ; 1      ; IO_INPUT_BUFFER_OUTPUT_X54_Y0_N1_I2         ; IO_INPUT_BUFFER_OUTPUT                                                                                                                ;
;   0.417 ;   0.000  ;    ; RE   ; 1      ; IO_RE_X54_Y0_N0_I96                         ; IO_RE                                                                                                                                 ;
;   0.505 ;   0.088  ;    ; RE   ; 1      ; IO_RE_X54_Y0_N0_I66                         ; IO_RE                                                                                                                                 ;
;   0.505 ;   0.000  ;    ; RE   ; 1      ; CLKBUF_CLUSTER_RE_X58_Y0_N0_I1614           ; CLKBUF_CLUSTER_RE                                                                                                                     ;
;   0.505 ;   0.000  ;    ; RE   ; 1      ; CLKBUF_CLUSTER_RE_X58_Y0_N0_I616            ; CLKBUF_CLUSTER_RE                                                                                                                     ;
;   0.505 ;   0.000  ;    ; RE   ; 1      ; GCLK_CLUSTER_RE_X58_Y0_N6_I10               ; GCLK_CLUSTER_RE                                                                                                                       ;
;   0.505 ;   0.000  ;    ; RE   ; 1      ; CLKBUFBLOCK_INPUT_X58_Y0_N7_I0              ; CLKBUFBLOCK_INPUT                                                                                                                     ;
;   0.505 ;   0.000  ; RR ; IC   ; 1      ; CLKCTRL_G6                                  ; clk~inputCLKENA0|inclk                                                                                                                ;
;   0.644 ;   0.139  ; RR ; CELL ; 37157  ; CLKCTRL_G6                                  ; clk~inputCLKENA0|outclk                                                                                                               ;
;   0.644 ;   0.000  ;    ; RE   ; 1      ; CLKCTRL_G6                                  ; ARRIAV_CLKBUF                                                                                                                         ;
;   0.644 ;   0.000  ;    ; RE   ; 1      ; CLKBUFBLOCK_OUTPUT_X58_Y0_N7_I2             ; CLKBUFBLOCK_OUTPUT                                                                                                                    ;
;   0.644 ;   0.000  ;    ; RE   ; 1      ; GCLK_CLUSTER_RE_X58_Y0_N6_I12               ; GCLK_CLUSTER_RE                                                                                                                       ;
;   0.644 ;   0.000  ;    ; RE   ; 1      ; CLKBUF_CLUSTER_RE_X58_Y0_N0_I417            ; CLKBUF_CLUSTER_RE                                                                                                                     ;
;   1.136 ;   0.492  ;    ; RE   ; 16     ; GLOBAL_CLOCK_X0_Y58_N0_I6                   ; GLOBAL_CLOCK                                                                                                                          ;
;   1.265 ;   0.129  ;    ; RE   ; 29     ; SPINE_CLOCK_X106_Y30_N0_I2                  ; SPINE_CLOCK                                                                                                                           ;
;   1.449 ;   0.184  ;    ; RE   ; 1      ; SCLK_TO_ROWCLK_BUF_X106_Y56_N0_I12          ; SCLK_TO_ROWCLK_BUF                                                                                                                    ;
;   1.489 ;   0.040  ;    ; RE   ; 2      ; SCLK_TO_ROWCLK_BUF_X106_Y56_N0_I15          ; SCLK_TO_ROWCLK_BUF                                                                                                                    ;
;   1.691 ;   0.202  ;    ; RE   ; 13     ; LAB_CLK_X92_Y56_N0_I2                       ; LAB_CLK                                                                                                                               ;
;   1.748 ;   0.057  ;    ; RE   ; 1      ; BLK_CLK_BUF_X102_Y56_N0_I2                  ; BLK_CLK_BUF                                                                                                                           ;
;   1.761 ;   0.013  ;    ; RE   ; 1      ; ROWCLKSEL_PREBUF_X102_Y56_N0_I2             ; ROWCLKSEL_PREBUF                                                                                                                      ;
;   1.781 ;   0.020  ;    ; RE   ; 1      ; ROWCLKSEL_X102_Y56_N0_I1                    ; ROWCLKSEL                                                                                                                             ;
;   1.781 ;   0.000  ;    ; RE   ; 2      ; GLOBAL_LOCAL_SEL_X102_Y56_N0_I1             ; GLOBAL_LOCAL_SEL                                                                                                                      ;
;   1.781 ;   0.000  ;    ; RE   ; 8      ; LAB_INPUT_X102_Y56_N0_I0                    ; LAB_INPUT                                                                                                                             ;
;   1.780 ;   -0.001 ; RR ; IC   ; 1      ; FF_X102_Y56_N14                             ; u_vectors|group_write_mask_q_rtl_0|auto_generated|dffe6|clk                                                                           ;
;   1.989 ;   0.209  ; RR ; CELL ; 1      ; FF_X102_Y56_N14                             ; llm_bank_ram:u_vectors|altshift_taps:group_write_mask_q_rtl_0|shift_taps_tcv:auto_generated|dffe6                                     ;
; 2.568   ; 0.579    ;    ;      ;        ;                                             ; data path                                                                                                                             ;
;   1.989 ;   0.000  ;    ; uTco ; 1      ; FF_X102_Y56_N14                             ; llm_bank_ram:u_vectors|altshift_taps:group_write_mask_q_rtl_0|shift_taps_tcv:auto_generated|dffe6                                     ;
;   1.989 ;   0.000  ; RR ; CELL ; 32     ; FF_X102_Y56_N14                             ; u_vectors|group_write_mask_q_rtl_0|auto_generated|dffe6|q                                                                             ;
;   2.014 ;   0.025  ;    ; RE   ; 1      ; FF_X102_Y56_N14                             ; ARRIAV_FF                                                                                                                             ;
;   2.070 ;   0.056  ;    ; RE   ; 3      ; LE_BUFFER_X102_Y56_N0_I9                    ; LE_BUFFER                                                                                                                             ;
;   2.140 ;   0.070  ;    ; RE   ; 2      ; C2_X101_Y54_N0_I11                          ; V_SEG2                                                                                                                                ;
;   2.203 ;   0.063  ;    ; RE   ; 1      ; R3_X102_Y55_N0_I3                           ; H_SEG3                                                                                                                                ;
;   2.264 ;   0.061  ;    ; RE   ; 1      ; LOCAL_INTERCONNECT_X102_Y55_N0_I20          ; LAB_LINE                                                                                                                              ;
;   2.334 ;   0.070  ;    ; RE   ; 1      ; BLOCK_INPUT_MUX_PASSTHROUGH_X102_Y55_N0_I83 ; LEIM                                                                                                                                  ;
;   2.334 ;   0.000  ;    ; RE   ; 1      ; GLOBAL_LOCAL_SEL_X102_Y55_N0_I2             ; GLOBAL_LOCAL_SEL                                                                                                                      ;
;   2.334 ;   0.000  ;    ; RE   ; 9      ; LAB_INPUT_X102_Y55_N0_I3                    ; LAB_INPUT                                                                                                                             ;
;   2.334 ;   0.000  ; RR ; IC   ; 1      ; FF_X102_Y55_N38                             ; u_vectors|group_write_mask_q_rtl_0|auto_generated|altsyncram4|ram_block7a30|clrn                                                      ;
;   2.568 ;   0.234  ; RR ; CELL ; 1      ; FF_X102_Y55_N38                             ; llm_bank_ram:u_vectors|altshift_taps:group_write_mask_q_rtl_0|shift_taps_tcv:auto_generated|altsyncram_dfc1:altsyncram4|ram_block7a30 ;
+---------+----------+----+------+--------+---------------------------------------------+---------------------------------------------------------------------------------------------------------------------------------------+

+-----------------------------------------------------------------------------------------------------------------------------------------------------------------------------------------------------------------------+
; Data Required Path                                                                                                                                                                                                    ;
+---------+----------+----+------+--------+-------------------------------------+---------------------------------------------------------------------------------------------------------------------------------------+
; Total   ; Incr     ; RF ; Type ; Fanout ; Location                            ; Element                                                                                                                               ;
+---------+----------+----+------+--------+-------------------------------------+---------------------------------------------------------------------------------------------------------------------------------------+
; 0.000   ; 0.000    ;    ;      ;        ;                                     ; latch edge time                                                                                                                       ;
; 2.029   ; 2.029    ;    ;      ;        ;                                     ; clock path                                                                                                                            ;
;   0.000 ;   0.000  ;    ;      ;        ;                                     ; source latency                                                                                                                        ;
;   0.000 ;   0.000  ;    ;      ; 1      ; PIN_AC18                            ; clk                                                                                                                                   ;
;   0.000 ;   0.000  ;    ; RE   ; 1      ; IOPAD_X54_Y0_N0                     ; ARRIAV_IO_PAD                                                                                                                         ;
;   0.000 ;   0.000  ;    ; RE   ; 1      ; IO_PAD_OUTPUT_X54_Y0_N0_I1          ; IO_PAD_OUTPUT                                                                                                                         ;
;   0.000 ;   0.000  ;    ; RE   ; 1      ; IO_INPUT_BUFFER_INPUT_X54_Y0_N1_I0  ; IO_INPUT_BUFFER_INPUT                                                                                                                 ;
;   0.000 ;   0.000  ; RR ; IC   ; 1      ; IOIBUF_X54_Y0_N1                    ; clk~input|i                                                                                                                           ;
;   0.417 ;   0.417  ; RR ; CELL ; 1      ; IOIBUF_X54_Y0_N1                    ; clk~input|o                                                                                                                           ;
;   0.417 ;   0.000  ;    ; RE   ; 1      ; IOIBUF_X54_Y0_N1                    ; ARRIAV_IO_IBUF                                                                                                                        ;
;   0.417 ;   0.000  ;    ; RE   ; 1      ; IO_INPUT_BUFFER_OUTPUT_X54_Y0_N1_I2 ; IO_INPUT_BUFFER_OUTPUT                                                                                                                ;
;   0.417 ;   0.000  ;    ; RE   ; 1      ; IO_RE_X54_Y0_N0_I96                 ; IO_RE                                                                                                                                 ;
;   0.552 ;   0.135  ;    ; RE   ; 1      ; IO_RE_X54_Y0_N0_I66                 ; IO_RE                                                                                                                                 ;
;   0.633 ;   0.081  ;    ; RE   ; 1      ; CLKBUF_CLUSTER_RE_X58_Y0_N0_I1614   ; CLKBUF_CLUSTER_RE                                                                                                                     ;
;   0.633 ;   0.000  ;    ; RE   ; 1      ; CLKBUF_CLUSTER_RE_X58_Y0_N0_I616    ; CLKBUF_CLUSTER_RE                                                                                                                     ;
;   0.633 ;   0.000  ;    ; RE   ; 1      ; GCLK_CLUSTER_RE_X58_Y0_N6_I10       ; GCLK_CLUSTER_RE                                                                                                                       ;
;   0.633 ;   0.000  ;    ; RE   ; 1      ; CLKBUFBLOCK_INPUT_X58_Y0_N7_I0      ; CLKBUFBLOCK_INPUT                                                                                                                     ;
;   0.633 ;   0.000  ; RR ; IC   ; 1      ; CLKCTRL_G6                          ; clk~inputCLKENA0|inclk                                                                                                                ;
;   0.779 ;   0.146  ; RR ; CELL ; 37157  ; CLKCTRL_G6                          ; clk~inputCLKENA0|outclk                                                                                                               ;
;   0.779 ;   0.000  ;    ; RE   ; 1      ; CLKCTRL_G6                          ; ARRIAV_CLKBUF                                                                                                                         ;
;   0.779 ;   0.000  ;    ; RE   ; 1      ; CLKBUFBLOCK_OUTPUT_X58_Y0_N7_I2     ; CLKBUFBLOCK_OUTPUT                                                                                                                    ;
;   0.779 ;   0.000  ;    ; RE   ; 1      ; GCLK_CLUSTER_RE_X58_Y0_N6_I12       ; GCLK_CLUSTER_RE                                                                                                                       ;
;   0.779 ;   0.000  ;    ; RE   ; 1      ; CLKBUF_CLUSTER_RE_X58_Y0_N0_I417    ; CLKBUF_CLUSTER_RE                                                                                                                     ;
;   1.285 ;   0.506  ;    ; RE   ; 16     ; GLOBAL_CLOCK_X0_Y58_N0_I6           ; GLOBAL_CLOCK                                                                                                                          ;
;   1.417 ;   0.132  ;    ; RE   ; 29     ; SPINE_CLOCK_X106_Y30_N0_I2          ; SPINE_CLOCK                                                                                                                           ;
;   1.606 ;   0.189  ;    ; RE   ; 1      ; SCLK_TO_ROWCLK_BUF_X106_Y55_N0_I12  ; SCLK_TO_ROWCLK_BUF                                                                                                                    ;
;   1.647 ;   0.041  ;    ; RE   ; 2      ; SCLK_TO_ROWCLK_BUF_X106_Y55_N0_I15  ; SCLK_TO_ROWCLK_BUF                                                                                                                    ;
;   1.854 ;   0.207  ;    ; RE   ; 14     ; LAB_CLK_X92_Y55_N0_I2               ; LAB_CLK                                                                                                                               ;
;   1.915 ;   0.061  ;    ; RE   ; 1      ; BLK_CLK_BUF_X102_Y55_N0_I2          ; BLK_CLK_BUF                                                                                                                           ;
;   1.929 ;   0.014  ;    ; RE   ; 1      ; ROWCLKSEL_PREBUF_X102_Y55_N0_I2     ; ROWCLKSEL_PREBUF                                                                                                                      ;
;   1.950 ;   0.021  ;    ; RE   ; 1      ; ROWCLKSEL_X102_Y55_N0_I1            ; ROWCLKSEL                                                                                                                             ;
;   1.950 ;   0.000  ;    ; RE   ; 2      ; GLOBAL_LOCAL_SEL_X102_Y55_N0_I1     ; GLOBAL_LOCAL_SEL                                                                                                                      ;
;   1.950 ;   0.000  ;    ; RE   ; 9      ; LAB_INPUT_X102_Y55_N0_I1            ; LAB_INPUT                                                                                                                             ;
;   1.949 ;   -0.001 ; RR ; IC   ; 1      ; FF_X102_Y55_N38                     ; u_vectors|group_write_mask_q_rtl_0|auto_generated|altsyncram4|ram_block7a30|clk                                                       ;
;   2.178 ;   0.229  ; RR ; CELL ; 1      ; FF_X102_Y55_N38                     ; llm_bank_ram:u_vectors|altshift_taps:group_write_mask_q_rtl_0|shift_taps_tcv:auto_generated|altsyncram_dfc1:altsyncram4|ram_block7a30 ;
;   2.029 ;   -0.149 ;    ;      ;        ;                                     ; clock pessimism removed                                                                                                               ;
; 2.029   ; 0.000    ;    ;      ;        ;                                     ; clock uncertainty                                                                                                                     ;
; 2.029   ; 0.000    ;    ; uTh  ; 1      ; FF_X102_Y55_N38                     ; llm_bank_ram:u_vectors|altshift_taps:group_write_mask_q_rtl_0|shift_taps_tcv:auto_generated|altsyncram_dfc1:altsyncram4|ram_block7a30 ;
+---------+----------+----+------+--------+-------------------------------------+---------------------------------------------------------------------------------------------------------------------------------------+

----------------------------
; Extra Fitter Information ;
----------------------------
HTML report is unavailable in plain text report export.


Path #12: Removal slack is 0.539 
===============================================================================
+-----------------------------------------------------------------------------------------------------------------------------------------------------------+
; Path Summary                                                                                                                                              ;
+--------------------+--------------------------------------------------------------------------------------------------------------------------------------+
; Property           ; Value                                                                                                                                ;
+--------------------+--------------------------------------------------------------------------------------------------------------------------------------+
; From Node          ; llm_bank_ram:u_vectors|altshift_taps:group_write_mask_q_rtl_0|shift_taps_tcv:auto_generated|dffe6                                    ;
; To Node            ; llm_bank_ram:u_vectors|altshift_taps:group_write_mask_q_rtl_0|shift_taps_tcv:auto_generated|altsyncram_dfc1:altsyncram4|ram_block7a7 ;
; Launch Clock       ; clk                                                                                                                                  ;
; Latch Clock        ; clk                                                                                                                                  ;
; Data Arrival Time  ; 2.568                                                                                                                                ;
; Data Required Time ; 2.029                                                                                                                                ;
; Slack              ; 0.539                                                                                                                                ;
+--------------------+--------------------------------------------------------------------------------------------------------------------------------------+

+------------------------------------------------------------------------------------+
; Statistics                                                                         ;
+------------------------+-------+-------+-------------+------------+--------+-------+
; Property               ; Value ; Count ; Total Delay ; % of Total ; Min    ; Max   ;
+------------------------+-------+-------+-------------+------------+--------+-------+
; Removal Relationship   ; 0.000 ;       ;             ;            ;        ;       ;
; Clock Skew             ; 0.040 ;       ;             ;            ;        ;       ;
; Data Delay             ; 0.579 ;       ;             ;            ;        ;       ;
; Number of Logic Levels ;       ; 0     ;             ;            ;        ;       ;
; Physical Delays        ;       ;       ;             ;            ;        ;       ;
;  Arrival Path          ;       ;       ;             ;            ;        ;       ;
;   Clock                ;       ;       ;             ;            ;        ;       ;
;    IC                  ;       ; 3     ; -0.001      ; 0          ; -0.001 ; 0.000 ;
;    Cell                ;       ; 3     ; 0.765       ; 38         ; 0.139  ; 0.417 ;
;    Routing Element     ;       ; 25    ; 1.225       ; 62         ; 0.000  ; 0.492 ;
;   Data                 ;       ;       ;             ;            ;        ;       ;
;    IC                  ;       ; 1     ; 0.000       ; 0          ; 0.000  ; 0.000 ;
;    Cell                ;       ; 2     ; 0.234       ; 40         ; 0.000  ; 0.234 ;
;    uTco                ;       ; 1     ; 0.000       ; 0          ; 0.000  ; 0.000 ;
;    Routing Element     ;       ; 8     ; 0.345       ; 60         ; 0.000  ; 0.070 ;
;  Required Path         ;       ;       ;             ;            ;        ;       ;
;   Clock                ;       ;       ;             ;            ;        ;       ;
;    IC                  ;       ; 3     ; -0.001      ; 0          ; -0.001 ; 0.000 ;
;    Cell                ;       ; 3     ; 0.792       ; 36         ; 0.146  ; 0.417 ;
;    Routing Element     ;       ; 25    ; 1.387       ; 64         ; 0.000  ; 0.506 ;
+------------------------+-------+-------+-------------+------------+--------+-------+
Note: Negative delays are omitted from totals when calculating percentages

+------------------------------------------------------------------------------------------------------------------------------------------------------------------------------------------------------------------------------+
; Data Arrival Path                                                                                                                                                                                                            ;
+---------+----------+----+------+--------+---------------------------------------------+--------------------------------------------------------------------------------------------------------------------------------------+
; Total   ; Incr     ; RF ; Type ; Fanout ; Location                                    ; Element                                                                                                                              ;
+---------+----------+----+------+--------+---------------------------------------------+--------------------------------------------------------------------------------------------------------------------------------------+
; 0.000   ; 0.000    ;    ;      ;        ;                                             ; launch edge time                                                                                                                     ;
; 1.989   ; 1.989    ;    ;      ;        ;                                             ; clock path                                                                                                                           ;
;   0.000 ;   0.000  ;    ;      ;        ;                                             ; source latency                                                                                                                       ;
;   0.000 ;   0.000  ;    ;      ; 1      ; PIN_AC18                                    ; clk                                                                                                                                  ;
;   0.000 ;   0.000  ;    ; RE   ; 1      ; IOPAD_X54_Y0_N0                             ; ARRIAV_IO_PAD                                                                                                                        ;
;   0.000 ;   0.000  ;    ; RE   ; 1      ; IO_PAD_OUTPUT_X54_Y0_N0_I1                  ; IO_PAD_OUTPUT                                                                                                                        ;
;   0.000 ;   0.000  ;    ; RE   ; 1      ; IO_INPUT_BUFFER_INPUT_X54_Y0_N1_I0          ; IO_INPUT_BUFFER_INPUT                                                                                                                ;
;   0.000 ;   0.000  ; RR ; IC   ; 1      ; IOIBUF_X54_Y0_N1                            ; clk~input|i                                                                                                                          ;
;   0.417 ;   0.417  ; RR ; CELL ; 1      ; IOIBUF_X54_Y0_N1                            ; clk~input|o                                                                                                                          ;
;   0.417 ;   0.000  ;    ; RE   ; 1      ; IOIBUF_X54_Y0_N1                            ; ARRIAV_IO_IBUF                                                                                                                       ;
;   0.417 ;   0.000  ;    ; RE   ; 1      ; IO_INPUT_BUFFER_OUTPUT_X54_Y0_N1_I2         ; IO_INPUT_BUFFER_OUTPUT                                                                                                               ;
;   0.417 ;   0.000  ;    ; RE   ; 1      ; IO_RE_X54_Y0_N0_I96                         ; IO_RE                                                                                                                                ;
;   0.505 ;   0.088  ;    ; RE   ; 1      ; IO_RE_X54_Y0_N0_I66                         ; IO_RE                                                                                                                                ;
;   0.505 ;   0.000  ;    ; RE   ; 1      ; CLKBUF_CLUSTER_RE_X58_Y0_N0_I1614           ; CLKBUF_CLUSTER_RE                                                                                                                    ;
;   0.505 ;   0.000  ;    ; RE   ; 1      ; CLKBUF_CLUSTER_RE_X58_Y0_N0_I616            ; CLKBUF_CLUSTER_RE                                                                                                                    ;
;   0.505 ;   0.000  ;    ; RE   ; 1      ; GCLK_CLUSTER_RE_X58_Y0_N6_I10               ; GCLK_CLUSTER_RE                                                                                                                      ;
;   0.505 ;   0.000  ;    ; RE   ; 1      ; CLKBUFBLOCK_INPUT_X58_Y0_N7_I0              ; CLKBUFBLOCK_INPUT                                                                                                                    ;
;   0.505 ;   0.000  ; RR ; IC   ; 1      ; CLKCTRL_G6                                  ; clk~inputCLKENA0|inclk                                                                                                               ;
;   0.644 ;   0.139  ; RR ; CELL ; 37157  ; CLKCTRL_G6                                  ; clk~inputCLKENA0|outclk                                                                                                              ;
;   0.644 ;   0.000  ;    ; RE   ; 1      ; CLKCTRL_G6                                  ; ARRIAV_CLKBUF                                                                                                                        ;
;   0.644 ;   0.000  ;    ; RE   ; 1      ; CLKBUFBLOCK_OUTPUT_X58_Y0_N7_I2             ; CLKBUFBLOCK_OUTPUT                                                                                                                   ;
;   0.644 ;   0.000  ;    ; RE   ; 1      ; GCLK_CLUSTER_RE_X58_Y0_N6_I12               ; GCLK_CLUSTER_RE                                                                                                                      ;
;   0.644 ;   0.000  ;    ; RE   ; 1      ; CLKBUF_CLUSTER_RE_X58_Y0_N0_I417            ; CLKBUF_CLUSTER_RE                                                                                                                    ;
;   1.136 ;   0.492  ;    ; RE   ; 16     ; GLOBAL_CLOCK_X0_Y58_N0_I6                   ; GLOBAL_CLOCK                                                                                                                         ;
;   1.265 ;   0.129  ;    ; RE   ; 29     ; SPINE_CLOCK_X106_Y30_N0_I2                  ; SPINE_CLOCK                                                                                                                          ;
;   1.449 ;   0.184  ;    ; RE   ; 1      ; SCLK_TO_ROWCLK_BUF_X106_Y56_N0_I12          ; SCLK_TO_ROWCLK_BUF                                                                                                                   ;
;   1.489 ;   0.040  ;    ; RE   ; 2      ; SCLK_TO_ROWCLK_BUF_X106_Y56_N0_I15          ; SCLK_TO_ROWCLK_BUF                                                                                                                   ;
;   1.691 ;   0.202  ;    ; RE   ; 13     ; LAB_CLK_X92_Y56_N0_I2                       ; LAB_CLK                                                                                                                              ;
;   1.748 ;   0.057  ;    ; RE   ; 1      ; BLK_CLK_BUF_X102_Y56_N0_I2                  ; BLK_CLK_BUF                                                                                                                          ;
;   1.761 ;   0.013  ;    ; RE   ; 1      ; ROWCLKSEL_PREBUF_X102_Y56_N0_I2             ; ROWCLKSEL_PREBUF                                                                                                                     ;
;   1.781 ;   0.020  ;    ; RE   ; 1      ; ROWCLKSEL_X102_Y56_N0_I1                    ; ROWCLKSEL                                                                                                                            ;
;   1.781 ;   0.000  ;    ; RE   ; 2      ; GLOBAL_LOCAL_SEL_X102_Y56_N0_I1             ; GLOBAL_LOCAL_SEL                                                                                                                     ;
;   1.781 ;   0.000  ;    ; RE   ; 8      ; LAB_INPUT_X102_Y56_N0_I0                    ; LAB_INPUT                                                                                                                            ;
;   1.780 ;   -0.001 ; RR ; IC   ; 1      ; FF_X102_Y56_N14                             ; u_vectors|group_write_mask_q_rtl_0|auto_generated|dffe6|clk                                                                          ;
;   1.989 ;   0.209  ; RR ; CELL ; 1      ; FF_X102_Y56_N14                             ; llm_bank_ram:u_vectors|altshift_taps:group_write_mask_q_rtl_0|shift_taps_tcv:auto_generated|dffe6                                    ;
; 2.568   ; 0.579    ;    ;      ;        ;                                             ; data path                                                                                                                            ;
;   1.989 ;   0.000  ;    ; uTco ; 1      ; FF_X102_Y56_N14                             ; llm_bank_ram:u_vectors|altshift_taps:group_write_mask_q_rtl_0|shift_taps_tcv:auto_generated|dffe6                                    ;
;   1.989 ;   0.000  ; RR ; CELL ; 32     ; FF_X102_Y56_N14                             ; u_vectors|group_write_mask_q_rtl_0|auto_generated|dffe6|q                                                                            ;
;   2.014 ;   0.025  ;    ; RE   ; 1      ; FF_X102_Y56_N14                             ; ARRIAV_FF                                                                                                                            ;
;   2.070 ;   0.056  ;    ; RE   ; 3      ; LE_BUFFER_X102_Y56_N0_I9                    ; LE_BUFFER                                                                                                                            ;
;   2.140 ;   0.070  ;    ; RE   ; 2      ; C2_X101_Y54_N0_I11                          ; V_SEG2                                                                                                                               ;
;   2.203 ;   0.063  ;    ; RE   ; 1      ; R3_X102_Y55_N0_I3                           ; H_SEG3                                                                                                                               ;
;   2.264 ;   0.061  ;    ; RE   ; 1      ; LOCAL_INTERCONNECT_X102_Y55_N0_I20          ; LAB_LINE                                                                                                                             ;
;   2.334 ;   0.070  ;    ; RE   ; 1      ; BLOCK_INPUT_MUX_PASSTHROUGH_X102_Y55_N0_I83 ; LEIM                                                                                                                                 ;
;   2.334 ;   0.000  ;    ; RE   ; 1      ; GLOBAL_LOCAL_SEL_X102_Y55_N0_I2             ; GLOBAL_LOCAL_SEL                                                                                                                     ;
;   2.334 ;   0.000  ;    ; RE   ; 9      ; LAB_INPUT_X102_Y55_N0_I3                    ; LAB_INPUT                                                                                                                            ;
;   2.334 ;   0.000  ; RR ; IC   ; 1      ; FF_X102_Y55_N32                             ; u_vectors|group_write_mask_q_rtl_0|auto_generated|altsyncram4|ram_block7a7|clrn                                                      ;
;   2.568 ;   0.234  ; RR ; CELL ; 1      ; FF_X102_Y55_N32                             ; llm_bank_ram:u_vectors|altshift_taps:group_write_mask_q_rtl_0|shift_taps_tcv:auto_generated|altsyncram_dfc1:altsyncram4|ram_block7a7 ;
+---------+----------+----+------+--------+---------------------------------------------+--------------------------------------------------------------------------------------------------------------------------------------+

+----------------------------------------------------------------------------------------------------------------------------------------------------------------------------------------------------------------------+
; Data Required Path                                                                                                                                                                                                   ;
+---------+----------+----+------+--------+-------------------------------------+--------------------------------------------------------------------------------------------------------------------------------------+
; Total   ; Incr     ; RF ; Type ; Fanout ; Location                            ; Element                                                                                                                              ;
+---------+----------+----+------+--------+-------------------------------------+--------------------------------------------------------------------------------------------------------------------------------------+
; 0.000   ; 0.000    ;    ;      ;        ;                                     ; latch edge time                                                                                                                      ;
; 2.029   ; 2.029    ;    ;      ;        ;                                     ; clock path                                                                                                                           ;
;   0.000 ;   0.000  ;    ;      ;        ;                                     ; source latency                                                                                                                       ;
;   0.000 ;   0.000  ;    ;      ; 1      ; PIN_AC18                            ; clk                                                                                                                                  ;
;   0.000 ;   0.000  ;    ; RE   ; 1      ; IOPAD_X54_Y0_N0                     ; ARRIAV_IO_PAD                                                                                                                        ;
;   0.000 ;   0.000  ;    ; RE   ; 1      ; IO_PAD_OUTPUT_X54_Y0_N0_I1          ; IO_PAD_OUTPUT                                                                                                                        ;
;   0.000 ;   0.000  ;    ; RE   ; 1      ; IO_INPUT_BUFFER_INPUT_X54_Y0_N1_I0  ; IO_INPUT_BUFFER_INPUT                                                                                                                ;
;   0.000 ;   0.000  ; RR ; IC   ; 1      ; IOIBUF_X54_Y0_N1                    ; clk~input|i                                                                                                                          ;
;   0.417 ;   0.417  ; RR ; CELL ; 1      ; IOIBUF_X54_Y0_N1                    ; clk~input|o                                                                                                                          ;
;   0.417 ;   0.000  ;    ; RE   ; 1      ; IOIBUF_X54_Y0_N1                    ; ARRIAV_IO_IBUF                                                                                                                       ;
;   0.417 ;   0.000  ;    ; RE   ; 1      ; IO_INPUT_BUFFER_OUTPUT_X54_Y0_N1_I2 ; IO_INPUT_BUFFER_OUTPUT                                                                                                               ;
;   0.417 ;   0.000  ;    ; RE   ; 1      ; IO_RE_X54_Y0_N0_I96                 ; IO_RE                                                                                                                                ;
;   0.552 ;   0.135  ;    ; RE   ; 1      ; IO_RE_X54_Y0_N0_I66                 ; IO_RE                                                                                                                                ;
;   0.633 ;   0.081  ;    ; RE   ; 1      ; CLKBUF_CLUSTER_RE_X58_Y0_N0_I1614   ; CLKBUF_CLUSTER_RE                                                                                                                    ;
;   0.633 ;   0.000  ;    ; RE   ; 1      ; CLKBUF_CLUSTER_RE_X58_Y0_N0_I616    ; CLKBUF_CLUSTER_RE                                                                                                                    ;
;   0.633 ;   0.000  ;    ; RE   ; 1      ; GCLK_CLUSTER_RE_X58_Y0_N6_I10       ; GCLK_CLUSTER_RE                                                                                                                      ;
;   0.633 ;   0.000  ;    ; RE   ; 1      ; CLKBUFBLOCK_INPUT_X58_Y0_N7_I0      ; CLKBUFBLOCK_INPUT                                                                                                                    ;
;   0.633 ;   0.000  ; RR ; IC   ; 1      ; CLKCTRL_G6                          ; clk~inputCLKENA0|inclk                                                                                                               ;
;   0.779 ;   0.146  ; RR ; CELL ; 37157  ; CLKCTRL_G6                          ; clk~inputCLKENA0|outclk                                                                                                              ;
;   0.779 ;   0.000  ;    ; RE   ; 1      ; CLKCTRL_G6                          ; ARRIAV_CLKBUF                                                                                                                        ;
;   0.779 ;   0.000  ;    ; RE   ; 1      ; CLKBUFBLOCK_OUTPUT_X58_Y0_N7_I2     ; CLKBUFBLOCK_OUTPUT                                                                                                                   ;
;   0.779 ;   0.000  ;    ; RE   ; 1      ; GCLK_CLUSTER_RE_X58_Y0_N6_I12       ; GCLK_CLUSTER_RE                                                                                                                      ;
;   0.779 ;   0.000  ;    ; RE   ; 1      ; CLKBUF_CLUSTER_RE_X58_Y0_N0_I417    ; CLKBUF_CLUSTER_RE                                                                                                                    ;
;   1.285 ;   0.506  ;    ; RE   ; 16     ; GLOBAL_CLOCK_X0_Y58_N0_I6           ; GLOBAL_CLOCK                                                                                                                         ;
;   1.417 ;   0.132  ;    ; RE   ; 29     ; SPINE_CLOCK_X106_Y30_N0_I2          ; SPINE_CLOCK                                                                                                                          ;
;   1.606 ;   0.189  ;    ; RE   ; 1      ; SCLK_TO_ROWCLK_BUF_X106_Y55_N0_I12  ; SCLK_TO_ROWCLK_BUF                                                                                                                   ;
;   1.647 ;   0.041  ;    ; RE   ; 2      ; SCLK_TO_ROWCLK_BUF_X106_Y55_N0_I15  ; SCLK_TO_ROWCLK_BUF                                                                                                                   ;
;   1.854 ;   0.207  ;    ; RE   ; 14     ; LAB_CLK_X92_Y55_N0_I2               ; LAB_CLK                                                                                                                              ;
;   1.915 ;   0.061  ;    ; RE   ; 1      ; BLK_CLK_BUF_X102_Y55_N0_I2          ; BLK_CLK_BUF                                                                                                                          ;
;   1.929 ;   0.014  ;    ; RE   ; 1      ; ROWCLKSEL_PREBUF_X102_Y55_N0_I2     ; ROWCLKSEL_PREBUF                                                                                                                     ;
;   1.950 ;   0.021  ;    ; RE   ; 1      ; ROWCLKSEL_X102_Y55_N0_I1            ; ROWCLKSEL                                                                                                                            ;
;   1.950 ;   0.000  ;    ; RE   ; 2      ; GLOBAL_LOCAL_SEL_X102_Y55_N0_I1     ; GLOBAL_LOCAL_SEL                                                                                                                     ;
;   1.950 ;   0.000  ;    ; RE   ; 9      ; LAB_INPUT_X102_Y55_N0_I1            ; LAB_INPUT                                                                                                                            ;
;   1.949 ;   -0.001 ; RR ; IC   ; 1      ; FF_X102_Y55_N32                     ; u_vectors|group_write_mask_q_rtl_0|auto_generated|altsyncram4|ram_block7a7|clk                                                       ;
;   2.178 ;   0.229  ; RR ; CELL ; 1      ; FF_X102_Y55_N32                     ; llm_bank_ram:u_vectors|altshift_taps:group_write_mask_q_rtl_0|shift_taps_tcv:auto_generated|altsyncram_dfc1:altsyncram4|ram_block7a7 ;
;   2.029 ;   -0.149 ;    ;      ;        ;                                     ; clock pessimism removed                                                                                                              ;
; 2.029   ; 0.000    ;    ;      ;        ;                                     ; clock uncertainty                                                                                                                    ;
; 2.029   ; 0.000    ;    ; uTh  ; 1      ; FF_X102_Y55_N32                     ; llm_bank_ram:u_vectors|altshift_taps:group_write_mask_q_rtl_0|shift_taps_tcv:auto_generated|altsyncram_dfc1:altsyncram4|ram_block7a7 ;
+---------+----------+----+------+--------+-------------------------------------+--------------------------------------------------------------------------------------------------------------------------------------+

----------------------------
; Extra Fitter Information ;
----------------------------
HTML report is unavailable in plain text report export.


Path #13: Removal slack is 0.539 
===============================================================================
+------------------------------------------------------------------------------------------------------------------------------------------------------------+
; Path Summary                                                                                                                                               ;
+--------------------+---------------------------------------------------------------------------------------------------------------------------------------+
; Property           ; Value                                                                                                                                 ;
+--------------------+---------------------------------------------------------------------------------------------------------------------------------------+
; From Node          ; llm_bank_ram:u_vectors|altshift_taps:group_write_mask_q_rtl_0|shift_taps_tcv:auto_generated|dffe6                                     ;
; To Node            ; llm_bank_ram:u_vectors|altshift_taps:group_write_mask_q_rtl_0|shift_taps_tcv:auto_generated|altsyncram_dfc1:altsyncram4|ram_block7a20 ;
; Launch Clock       ; clk                                                                                                                                   ;
; Latch Clock        ; clk                                                                                                                                   ;
; Data Arrival Time  ; 2.568                                                                                                                                 ;
; Data Required Time ; 2.029                                                                                                                                 ;
; Slack              ; 0.539                                                                                                                                 ;
+--------------------+---------------------------------------------------------------------------------------------------------------------------------------+

+------------------------------------------------------------------------------------+
; Statistics                                                                         ;
+------------------------+-------+-------+-------------+------------+--------+-------+
; Property               ; Value ; Count ; Total Delay ; % of Total ; Min    ; Max   ;
+------------------------+-------+-------+-------------+------------+--------+-------+
; Removal Relationship   ; 0.000 ;       ;             ;            ;        ;       ;
; Clock Skew             ; 0.040 ;       ;             ;            ;        ;       ;
; Data Delay             ; 0.579 ;       ;             ;            ;        ;       ;
; Number of Logic Levels ;       ; 0     ;             ;            ;        ;       ;
; Physical Delays        ;       ;       ;             ;            ;        ;       ;
;  Arrival Path          ;       ;       ;             ;            ;        ;       ;
;   Clock                ;       ;       ;             ;            ;        ;       ;
;    IC                  ;       ; 3     ; -0.001      ; 0          ; -0.001 ; 0.000 ;
;    Cell                ;       ; 3     ; 0.765       ; 38         ; 0.139  ; 0.417 ;
;    Routing Element     ;       ; 25    ; 1.225       ; 62         ; 0.000  ; 0.492 ;
;   Data                 ;       ;       ;             ;            ;        ;       ;
;    IC                  ;       ; 1     ; 0.000       ; 0          ; 0.000  ; 0.000 ;
;    Cell                ;       ; 2     ; 0.234       ; 40         ; 0.000  ; 0.234 ;
;    uTco                ;       ; 1     ; 0.000       ; 0          ; 0.000  ; 0.000 ;
;    Routing Element     ;       ; 8     ; 0.345       ; 60         ; 0.000  ; 0.070 ;
;  Required Path         ;       ;       ;             ;            ;        ;       ;
;   Clock                ;       ;       ;             ;            ;        ;       ;
;    IC                  ;       ; 3     ; -0.001      ; 0          ; -0.001 ; 0.000 ;
;    Cell                ;       ; 3     ; 0.792       ; 36         ; 0.146  ; 0.417 ;
;    Routing Element     ;       ; 25    ; 1.387       ; 64         ; 0.000  ; 0.506 ;
+------------------------+-------+-------+-------------+------------+--------+-------+
Note: Negative delays are omitted from totals when calculating percentages

+-------------------------------------------------------------------------------------------------------------------------------------------------------------------------------------------------------------------------------+
; Data Arrival Path                                                                                                                                                                                                             ;
+---------+----------+----+------+--------+---------------------------------------------+---------------------------------------------------------------------------------------------------------------------------------------+
; Total   ; Incr     ; RF ; Type ; Fanout ; Location                                    ; Element                                                                                                                               ;
+---------+----------+----+------+--------+---------------------------------------------+---------------------------------------------------------------------------------------------------------------------------------------+
; 0.000   ; 0.000    ;    ;      ;        ;                                             ; launch edge time                                                                                                                      ;
; 1.989   ; 1.989    ;    ;      ;        ;                                             ; clock path                                                                                                                            ;
;   0.000 ;   0.000  ;    ;      ;        ;                                             ; source latency                                                                                                                        ;
;   0.000 ;   0.000  ;    ;      ; 1      ; PIN_AC18                                    ; clk                                                                                                                                   ;
;   0.000 ;   0.000  ;    ; RE   ; 1      ; IOPAD_X54_Y0_N0                             ; ARRIAV_IO_PAD                                                                                                                         ;
;   0.000 ;   0.000  ;    ; RE   ; 1      ; IO_PAD_OUTPUT_X54_Y0_N0_I1                  ; IO_PAD_OUTPUT                                                                                                                         ;
;   0.000 ;   0.000  ;    ; RE   ; 1      ; IO_INPUT_BUFFER_INPUT_X54_Y0_N1_I0          ; IO_INPUT_BUFFER_INPUT                                                                                                                 ;
;   0.000 ;   0.000  ; RR ; IC   ; 1      ; IOIBUF_X54_Y0_N1                            ; clk~input|i                                                                                                                           ;
;   0.417 ;   0.417  ; RR ; CELL ; 1      ; IOIBUF_X54_Y0_N1                            ; clk~input|o                                                                                                                           ;
;   0.417 ;   0.000  ;    ; RE   ; 1      ; IOIBUF_X54_Y0_N1                            ; ARRIAV_IO_IBUF                                                                                                                        ;
;   0.417 ;   0.000  ;    ; RE   ; 1      ; IO_INPUT_BUFFER_OUTPUT_X54_Y0_N1_I2         ; IO_INPUT_BUFFER_OUTPUT                                                                                                                ;
;   0.417 ;   0.000  ;    ; RE   ; 1      ; IO_RE_X54_Y0_N0_I96                         ; IO_RE                                                                                                                                 ;
;   0.505 ;   0.088  ;    ; RE   ; 1      ; IO_RE_X54_Y0_N0_I66                         ; IO_RE                                                                                                                                 ;
;   0.505 ;   0.000  ;    ; RE   ; 1      ; CLKBUF_CLUSTER_RE_X58_Y0_N0_I1614           ; CLKBUF_CLUSTER_RE                                                                                                                     ;
;   0.505 ;   0.000  ;    ; RE   ; 1      ; CLKBUF_CLUSTER_RE_X58_Y0_N0_I616            ; CLKBUF_CLUSTER_RE                                                                                                                     ;
;   0.505 ;   0.000  ;    ; RE   ; 1      ; GCLK_CLUSTER_RE_X58_Y0_N6_I10               ; GCLK_CLUSTER_RE                                                                                                                       ;
;   0.505 ;   0.000  ;    ; RE   ; 1      ; CLKBUFBLOCK_INPUT_X58_Y0_N7_I0              ; CLKBUFBLOCK_INPUT                                                                                                                     ;
;   0.505 ;   0.000  ; RR ; IC   ; 1      ; CLKCTRL_G6                                  ; clk~inputCLKENA0|inclk                                                                                                                ;
;   0.644 ;   0.139  ; RR ; CELL ; 37157  ; CLKCTRL_G6                                  ; clk~inputCLKENA0|outclk                                                                                                               ;
;   0.644 ;   0.000  ;    ; RE   ; 1      ; CLKCTRL_G6                                  ; ARRIAV_CLKBUF                                                                                                                         ;
;   0.644 ;   0.000  ;    ; RE   ; 1      ; CLKBUFBLOCK_OUTPUT_X58_Y0_N7_I2             ; CLKBUFBLOCK_OUTPUT                                                                                                                    ;
;   0.644 ;   0.000  ;    ; RE   ; 1      ; GCLK_CLUSTER_RE_X58_Y0_N6_I12               ; GCLK_CLUSTER_RE                                                                                                                       ;
;   0.644 ;   0.000  ;    ; RE   ; 1      ; CLKBUF_CLUSTER_RE_X58_Y0_N0_I417            ; CLKBUF_CLUSTER_RE                                                                                                                     ;
;   1.136 ;   0.492  ;    ; RE   ; 16     ; GLOBAL_CLOCK_X0_Y58_N0_I6                   ; GLOBAL_CLOCK                                                                                                                          ;
;   1.265 ;   0.129  ;    ; RE   ; 29     ; SPINE_CLOCK_X106_Y30_N0_I2                  ; SPINE_CLOCK                                                                                                                           ;
;   1.449 ;   0.184  ;    ; RE   ; 1      ; SCLK_TO_ROWCLK_BUF_X106_Y56_N0_I12          ; SCLK_TO_ROWCLK_BUF                                                                                                                    ;
;   1.489 ;   0.040  ;    ; RE   ; 2      ; SCLK_TO_ROWCLK_BUF_X106_Y56_N0_I15          ; SCLK_TO_ROWCLK_BUF                                                                                                                    ;
;   1.691 ;   0.202  ;    ; RE   ; 13     ; LAB_CLK_X92_Y56_N0_I2                       ; LAB_CLK                                                                                                                               ;
;   1.748 ;   0.057  ;    ; RE   ; 1      ; BLK_CLK_BUF_X102_Y56_N0_I2                  ; BLK_CLK_BUF                                                                                                                           ;
;   1.761 ;   0.013  ;    ; RE   ; 1      ; ROWCLKSEL_PREBUF_X102_Y56_N0_I2             ; ROWCLKSEL_PREBUF                                                                                                                      ;
;   1.781 ;   0.020  ;    ; RE   ; 1      ; ROWCLKSEL_X102_Y56_N0_I1                    ; ROWCLKSEL                                                                                                                             ;
;   1.781 ;   0.000  ;    ; RE   ; 2      ; GLOBAL_LOCAL_SEL_X102_Y56_N0_I1             ; GLOBAL_LOCAL_SEL                                                                                                                      ;
;   1.781 ;   0.000  ;    ; RE   ; 8      ; LAB_INPUT_X102_Y56_N0_I0                    ; LAB_INPUT                                                                                                                             ;
;   1.780 ;   -0.001 ; RR ; IC   ; 1      ; FF_X102_Y56_N14                             ; u_vectors|group_write_mask_q_rtl_0|auto_generated|dffe6|clk                                                                           ;
;   1.989 ;   0.209  ; RR ; CELL ; 1      ; FF_X102_Y56_N14                             ; llm_bank_ram:u_vectors|altshift_taps:group_write_mask_q_rtl_0|shift_taps_tcv:auto_generated|dffe6                                     ;
; 2.568   ; 0.579    ;    ;      ;        ;                                             ; data path                                                                                                                             ;
;   1.989 ;   0.000  ;    ; uTco ; 1      ; FF_X102_Y56_N14                             ; llm_bank_ram:u_vectors|altshift_taps:group_write_mask_q_rtl_0|shift_taps_tcv:auto_generated|dffe6                                     ;
;   1.989 ;   0.000  ; RR ; CELL ; 32     ; FF_X102_Y56_N14                             ; u_vectors|group_write_mask_q_rtl_0|auto_generated|dffe6|q                                                                             ;
;   2.014 ;   0.025  ;    ; RE   ; 1      ; FF_X102_Y56_N14                             ; ARRIAV_FF                                                                                                                             ;
;   2.070 ;   0.056  ;    ; RE   ; 3      ; LE_BUFFER_X102_Y56_N0_I9                    ; LE_BUFFER                                                                                                                             ;
;   2.140 ;   0.070  ;    ; RE   ; 2      ; C2_X101_Y54_N0_I11                          ; V_SEG2                                                                                                                                ;
;   2.203 ;   0.063  ;    ; RE   ; 1      ; R3_X102_Y55_N0_I3                           ; H_SEG3                                                                                                                                ;
;   2.264 ;   0.061  ;    ; RE   ; 1      ; LOCAL_INTERCONNECT_X102_Y55_N0_I20          ; LAB_LINE                                                                                                                              ;
;   2.334 ;   0.070  ;    ; RE   ; 1      ; BLOCK_INPUT_MUX_PASSTHROUGH_X102_Y55_N0_I83 ; LEIM                                                                                                                                  ;
;   2.334 ;   0.000  ;    ; RE   ; 1      ; GLOBAL_LOCAL_SEL_X102_Y55_N0_I2             ; GLOBAL_LOCAL_SEL                                                                                                                      ;
;   2.334 ;   0.000  ;    ; RE   ; 9      ; LAB_INPUT_X102_Y55_N0_I3                    ; LAB_INPUT                                                                                                                             ;
;   2.334 ;   0.000  ; RR ; IC   ; 1      ; FF_X102_Y55_N50                             ; u_vectors|group_write_mask_q_rtl_0|auto_generated|altsyncram4|ram_block7a20|clrn                                                      ;
;   2.568 ;   0.234  ; RR ; CELL ; 1      ; FF_X102_Y55_N50                             ; llm_bank_ram:u_vectors|altshift_taps:group_write_mask_q_rtl_0|shift_taps_tcv:auto_generated|altsyncram_dfc1:altsyncram4|ram_block7a20 ;
+---------+----------+----+------+--------+---------------------------------------------+---------------------------------------------------------------------------------------------------------------------------------------+

+-----------------------------------------------------------------------------------------------------------------------------------------------------------------------------------------------------------------------+
; Data Required Path                                                                                                                                                                                                    ;
+---------+----------+----+------+--------+-------------------------------------+---------------------------------------------------------------------------------------------------------------------------------------+
; Total   ; Incr     ; RF ; Type ; Fanout ; Location                            ; Element                                                                                                                               ;
+---------+----------+----+------+--------+-------------------------------------+---------------------------------------------------------------------------------------------------------------------------------------+
; 0.000   ; 0.000    ;    ;      ;        ;                                     ; latch edge time                                                                                                                       ;
; 2.029   ; 2.029    ;    ;      ;        ;                                     ; clock path                                                                                                                            ;
;   0.000 ;   0.000  ;    ;      ;        ;                                     ; source latency                                                                                                                        ;
;   0.000 ;   0.000  ;    ;      ; 1      ; PIN_AC18                            ; clk                                                                                                                                   ;
;   0.000 ;   0.000  ;    ; RE   ; 1      ; IOPAD_X54_Y0_N0                     ; ARRIAV_IO_PAD                                                                                                                         ;
;   0.000 ;   0.000  ;    ; RE   ; 1      ; IO_PAD_OUTPUT_X54_Y0_N0_I1          ; IO_PAD_OUTPUT                                                                                                                         ;
;   0.000 ;   0.000  ;    ; RE   ; 1      ; IO_INPUT_BUFFER_INPUT_X54_Y0_N1_I0  ; IO_INPUT_BUFFER_INPUT                                                                                                                 ;
;   0.000 ;   0.000  ; RR ; IC   ; 1      ; IOIBUF_X54_Y0_N1                    ; clk~input|i                                                                                                                           ;
;   0.417 ;   0.417  ; RR ; CELL ; 1      ; IOIBUF_X54_Y0_N1                    ; clk~input|o                                                                                                                           ;
;   0.417 ;   0.000  ;    ; RE   ; 1      ; IOIBUF_X54_Y0_N1                    ; ARRIAV_IO_IBUF                                                                                                                        ;
;   0.417 ;   0.000  ;    ; RE   ; 1      ; IO_INPUT_BUFFER_OUTPUT_X54_Y0_N1_I2 ; IO_INPUT_BUFFER_OUTPUT                                                                                                                ;
;   0.417 ;   0.000  ;    ; RE   ; 1      ; IO_RE_X54_Y0_N0_I96                 ; IO_RE                                                                                                                                 ;
;   0.552 ;   0.135  ;    ; RE   ; 1      ; IO_RE_X54_Y0_N0_I66                 ; IO_RE                                                                                                                                 ;
;   0.633 ;   0.081  ;    ; RE   ; 1      ; CLKBUF_CLUSTER_RE_X58_Y0_N0_I1614   ; CLKBUF_CLUSTER_RE                                                                                                                     ;
;   0.633 ;   0.000  ;    ; RE   ; 1      ; CLKBUF_CLUSTER_RE_X58_Y0_N0_I616    ; CLKBUF_CLUSTER_RE                                                                                                                     ;
;   0.633 ;   0.000  ;    ; RE   ; 1      ; GCLK_CLUSTER_RE_X58_Y0_N6_I10       ; GCLK_CLUSTER_RE                                                                                                                       ;
;   0.633 ;   0.000  ;    ; RE   ; 1      ; CLKBUFBLOCK_INPUT_X58_Y0_N7_I0      ; CLKBUFBLOCK_INPUT                                                                                                                     ;
;   0.633 ;   0.000  ; RR ; IC   ; 1      ; CLKCTRL_G6                          ; clk~inputCLKENA0|inclk                                                                                                                ;
;   0.779 ;   0.146  ; RR ; CELL ; 37157  ; CLKCTRL_G6                          ; clk~inputCLKENA0|outclk                                                                                                               ;
;   0.779 ;   0.000  ;    ; RE   ; 1      ; CLKCTRL_G6                          ; ARRIAV_CLKBUF                                                                                                                         ;
;   0.779 ;   0.000  ;    ; RE   ; 1      ; CLKBUFBLOCK_OUTPUT_X58_Y0_N7_I2     ; CLKBUFBLOCK_OUTPUT                                                                                                                    ;
;   0.779 ;   0.000  ;    ; RE   ; 1      ; GCLK_CLUSTER_RE_X58_Y0_N6_I12       ; GCLK_CLUSTER_RE                                                                                                                       ;
;   0.779 ;   0.000  ;    ; RE   ; 1      ; CLKBUF_CLUSTER_RE_X58_Y0_N0_I417    ; CLKBUF_CLUSTER_RE                                                                                                                     ;
;   1.285 ;   0.506  ;    ; RE   ; 16     ; GLOBAL_CLOCK_X0_Y58_N0_I6           ; GLOBAL_CLOCK                                                                                                                          ;
;   1.417 ;   0.132  ;    ; RE   ; 29     ; SPINE_CLOCK_X106_Y30_N0_I2          ; SPINE_CLOCK                                                                                                                           ;
;   1.606 ;   0.189  ;    ; RE   ; 1      ; SCLK_TO_ROWCLK_BUF_X106_Y55_N0_I12  ; SCLK_TO_ROWCLK_BUF                                                                                                                    ;
;   1.647 ;   0.041  ;    ; RE   ; 2      ; SCLK_TO_ROWCLK_BUF_X106_Y55_N0_I15  ; SCLK_TO_ROWCLK_BUF                                                                                                                    ;
;   1.854 ;   0.207  ;    ; RE   ; 14     ; LAB_CLK_X92_Y55_N0_I2               ; LAB_CLK                                                                                                                               ;
;   1.915 ;   0.061  ;    ; RE   ; 1      ; BLK_CLK_BUF_X102_Y55_N0_I2          ; BLK_CLK_BUF                                                                                                                           ;
;   1.929 ;   0.014  ;    ; RE   ; 1      ; ROWCLKSEL_PREBUF_X102_Y55_N0_I2     ; ROWCLKSEL_PREBUF                                                                                                                      ;
;   1.950 ;   0.021  ;    ; RE   ; 1      ; ROWCLKSEL_X102_Y55_N0_I1            ; ROWCLKSEL                                                                                                                             ;
;   1.950 ;   0.000  ;    ; RE   ; 2      ; GLOBAL_LOCAL_SEL_X102_Y55_N0_I1     ; GLOBAL_LOCAL_SEL                                                                                                                      ;
;   1.950 ;   0.000  ;    ; RE   ; 9      ; LAB_INPUT_X102_Y55_N0_I1            ; LAB_INPUT                                                                                                                             ;
;   1.949 ;   -0.001 ; RR ; IC   ; 1      ; FF_X102_Y55_N50                     ; u_vectors|group_write_mask_q_rtl_0|auto_generated|altsyncram4|ram_block7a20|clk                                                       ;
;   2.178 ;   0.229  ; RR ; CELL ; 1      ; FF_X102_Y55_N50                     ; llm_bank_ram:u_vectors|altshift_taps:group_write_mask_q_rtl_0|shift_taps_tcv:auto_generated|altsyncram_dfc1:altsyncram4|ram_block7a20 ;
;   2.029 ;   -0.149 ;    ;      ;        ;                                     ; clock pessimism removed                                                                                                               ;
; 2.029   ; 0.000    ;    ;      ;        ;                                     ; clock uncertainty                                                                                                                     ;
; 2.029   ; 0.000    ;    ; uTh  ; 1      ; FF_X102_Y55_N50                     ; llm_bank_ram:u_vectors|altshift_taps:group_write_mask_q_rtl_0|shift_taps_tcv:auto_generated|altsyncram_dfc1:altsyncram4|ram_block7a20 ;
+---------+----------+----+------+--------+-------------------------------------+---------------------------------------------------------------------------------------------------------------------------------------+

----------------------------
; Extra Fitter Information ;
----------------------------
HTML report is unavailable in plain text report export.


Path #14: Removal slack is 0.539 
===============================================================================
+------------------------------------------------------------------------------------------------------------------------------------------------------------+
; Path Summary                                                                                                                                               ;
+--------------------+---------------------------------------------------------------------------------------------------------------------------------------+
; Property           ; Value                                                                                                                                 ;
+--------------------+---------------------------------------------------------------------------------------------------------------------------------------+
; From Node          ; llm_bank_ram:u_vectors|altshift_taps:group_write_mask_q_rtl_0|shift_taps_tcv:auto_generated|dffe6                                     ;
; To Node            ; llm_bank_ram:u_vectors|altshift_taps:group_write_mask_q_rtl_0|shift_taps_tcv:auto_generated|altsyncram_dfc1:altsyncram4|ram_block7a18 ;
; Launch Clock       ; clk                                                                                                                                   ;
; Latch Clock        ; clk                                                                                                                                   ;
; Data Arrival Time  ; 2.568                                                                                                                                 ;
; Data Required Time ; 2.029                                                                                                                                 ;
; Slack              ; 0.539                                                                                                                                 ;
+--------------------+---------------------------------------------------------------------------------------------------------------------------------------+

+------------------------------------------------------------------------------------+
; Statistics                                                                         ;
+------------------------+-------+-------+-------------+------------+--------+-------+
; Property               ; Value ; Count ; Total Delay ; % of Total ; Min    ; Max   ;
+------------------------+-------+-------+-------------+------------+--------+-------+
; Removal Relationship   ; 0.000 ;       ;             ;            ;        ;       ;
; Clock Skew             ; 0.040 ;       ;             ;            ;        ;       ;
; Data Delay             ; 0.579 ;       ;             ;            ;        ;       ;
; Number of Logic Levels ;       ; 0     ;             ;            ;        ;       ;
; Physical Delays        ;       ;       ;             ;            ;        ;       ;
;  Arrival Path          ;       ;       ;             ;            ;        ;       ;
;   Clock                ;       ;       ;             ;            ;        ;       ;
;    IC                  ;       ; 3     ; -0.001      ; 0          ; -0.001 ; 0.000 ;
;    Cell                ;       ; 3     ; 0.765       ; 38         ; 0.139  ; 0.417 ;
;    Routing Element     ;       ; 25    ; 1.225       ; 62         ; 0.000  ; 0.492 ;
;   Data                 ;       ;       ;             ;            ;        ;       ;
;    IC                  ;       ; 1     ; 0.000       ; 0          ; 0.000  ; 0.000 ;
;    Cell                ;       ; 2     ; 0.234       ; 40         ; 0.000  ; 0.234 ;
;    uTco                ;       ; 1     ; 0.000       ; 0          ; 0.000  ; 0.000 ;
;    Routing Element     ;       ; 8     ; 0.345       ; 60         ; 0.000  ; 0.070 ;
;  Required Path         ;       ;       ;             ;            ;        ;       ;
;   Clock                ;       ;       ;             ;            ;        ;       ;
;    IC                  ;       ; 3     ; -0.001      ; 0          ; -0.001 ; 0.000 ;
;    Cell                ;       ; 3     ; 0.792       ; 36         ; 0.146  ; 0.417 ;
;    Routing Element     ;       ; 25    ; 1.387       ; 64         ; 0.000  ; 0.506 ;
+------------------------+-------+-------+-------------+------------+--------+-------+
Note: Negative delays are omitted from totals when calculating percentages

+-------------------------------------------------------------------------------------------------------------------------------------------------------------------------------------------------------------------------------+
; Data Arrival Path                                                                                                                                                                                                             ;
+---------+----------+----+------+--------+---------------------------------------------+---------------------------------------------------------------------------------------------------------------------------------------+
; Total   ; Incr     ; RF ; Type ; Fanout ; Location                                    ; Element                                                                                                                               ;
+---------+----------+----+------+--------+---------------------------------------------+---------------------------------------------------------------------------------------------------------------------------------------+
; 0.000   ; 0.000    ;    ;      ;        ;                                             ; launch edge time                                                                                                                      ;
; 1.989   ; 1.989    ;    ;      ;        ;                                             ; clock path                                                                                                                            ;
;   0.000 ;   0.000  ;    ;      ;        ;                                             ; source latency                                                                                                                        ;
;   0.000 ;   0.000  ;    ;      ; 1      ; PIN_AC18                                    ; clk                                                                                                                                   ;
;   0.000 ;   0.000  ;    ; RE   ; 1      ; IOPAD_X54_Y0_N0                             ; ARRIAV_IO_PAD                                                                                                                         ;
;   0.000 ;   0.000  ;    ; RE   ; 1      ; IO_PAD_OUTPUT_X54_Y0_N0_I1                  ; IO_PAD_OUTPUT                                                                                                                         ;
;   0.000 ;   0.000  ;    ; RE   ; 1      ; IO_INPUT_BUFFER_INPUT_X54_Y0_N1_I0          ; IO_INPUT_BUFFER_INPUT                                                                                                                 ;
;   0.000 ;   0.000  ; RR ; IC   ; 1      ; IOIBUF_X54_Y0_N1                            ; clk~input|i                                                                                                                           ;
;   0.417 ;   0.417  ; RR ; CELL ; 1      ; IOIBUF_X54_Y0_N1                            ; clk~input|o                                                                                                                           ;
;   0.417 ;   0.000  ;    ; RE   ; 1      ; IOIBUF_X54_Y0_N1                            ; ARRIAV_IO_IBUF                                                                                                                        ;
;   0.417 ;   0.000  ;    ; RE   ; 1      ; IO_INPUT_BUFFER_OUTPUT_X54_Y0_N1_I2         ; IO_INPUT_BUFFER_OUTPUT                                                                                                                ;
;   0.417 ;   0.000  ;    ; RE   ; 1      ; IO_RE_X54_Y0_N0_I96                         ; IO_RE                                                                                                                                 ;
;   0.505 ;   0.088  ;    ; RE   ; 1      ; IO_RE_X54_Y0_N0_I66                         ; IO_RE                                                                                                                                 ;
;   0.505 ;   0.000  ;    ; RE   ; 1      ; CLKBUF_CLUSTER_RE_X58_Y0_N0_I1614           ; CLKBUF_CLUSTER_RE                                                                                                                     ;
;   0.505 ;   0.000  ;    ; RE   ; 1      ; CLKBUF_CLUSTER_RE_X58_Y0_N0_I616            ; CLKBUF_CLUSTER_RE                                                                                                                     ;
;   0.505 ;   0.000  ;    ; RE   ; 1      ; GCLK_CLUSTER_RE_X58_Y0_N6_I10               ; GCLK_CLUSTER_RE                                                                                                                       ;
;   0.505 ;   0.000  ;    ; RE   ; 1      ; CLKBUFBLOCK_INPUT_X58_Y0_N7_I0              ; CLKBUFBLOCK_INPUT                                                                                                                     ;
;   0.505 ;   0.000  ; RR ; IC   ; 1      ; CLKCTRL_G6                                  ; clk~inputCLKENA0|inclk                                                                                                                ;
;   0.644 ;   0.139  ; RR ; CELL ; 37157  ; CLKCTRL_G6                                  ; clk~inputCLKENA0|outclk                                                                                                               ;
;   0.644 ;   0.000  ;    ; RE   ; 1      ; CLKCTRL_G6                                  ; ARRIAV_CLKBUF                                                                                                                         ;
;   0.644 ;   0.000  ;    ; RE   ; 1      ; CLKBUFBLOCK_OUTPUT_X58_Y0_N7_I2             ; CLKBUFBLOCK_OUTPUT                                                                                                                    ;
;   0.644 ;   0.000  ;    ; RE   ; 1      ; GCLK_CLUSTER_RE_X58_Y0_N6_I12               ; GCLK_CLUSTER_RE                                                                                                                       ;
;   0.644 ;   0.000  ;    ; RE   ; 1      ; CLKBUF_CLUSTER_RE_X58_Y0_N0_I417            ; CLKBUF_CLUSTER_RE                                                                                                                     ;
;   1.136 ;   0.492  ;    ; RE   ; 16     ; GLOBAL_CLOCK_X0_Y58_N0_I6                   ; GLOBAL_CLOCK                                                                                                                          ;
;   1.265 ;   0.129  ;    ; RE   ; 29     ; SPINE_CLOCK_X106_Y30_N0_I2                  ; SPINE_CLOCK                                                                                                                           ;
;   1.449 ;   0.184  ;    ; RE   ; 1      ; SCLK_TO_ROWCLK_BUF_X106_Y56_N0_I12          ; SCLK_TO_ROWCLK_BUF                                                                                                                    ;
;   1.489 ;   0.040  ;    ; RE   ; 2      ; SCLK_TO_ROWCLK_BUF_X106_Y56_N0_I15          ; SCLK_TO_ROWCLK_BUF                                                                                                                    ;
;   1.691 ;   0.202  ;    ; RE   ; 13     ; LAB_CLK_X92_Y56_N0_I2                       ; LAB_CLK                                                                                                                               ;
;   1.748 ;   0.057  ;    ; RE   ; 1      ; BLK_CLK_BUF_X102_Y56_N0_I2                  ; BLK_CLK_BUF                                                                                                                           ;
;   1.761 ;   0.013  ;    ; RE   ; 1      ; ROWCLKSEL_PREBUF_X102_Y56_N0_I2             ; ROWCLKSEL_PREBUF                                                                                                                      ;
;   1.781 ;   0.020  ;    ; RE   ; 1      ; ROWCLKSEL_X102_Y56_N0_I1                    ; ROWCLKSEL                                                                                                                             ;
;   1.781 ;   0.000  ;    ; RE   ; 2      ; GLOBAL_LOCAL_SEL_X102_Y56_N0_I1             ; GLOBAL_LOCAL_SEL                                                                                                                      ;
;   1.781 ;   0.000  ;    ; RE   ; 8      ; LAB_INPUT_X102_Y56_N0_I0                    ; LAB_INPUT                                                                                                                             ;
;   1.780 ;   -0.001 ; RR ; IC   ; 1      ; FF_X102_Y56_N14                             ; u_vectors|group_write_mask_q_rtl_0|auto_generated|dffe6|clk                                                                           ;
;   1.989 ;   0.209  ; RR ; CELL ; 1      ; FF_X102_Y56_N14                             ; llm_bank_ram:u_vectors|altshift_taps:group_write_mask_q_rtl_0|shift_taps_tcv:auto_generated|dffe6                                     ;
; 2.568   ; 0.579    ;    ;      ;        ;                                             ; data path                                                                                                                             ;
;   1.989 ;   0.000  ;    ; uTco ; 1      ; FF_X102_Y56_N14                             ; llm_bank_ram:u_vectors|altshift_taps:group_write_mask_q_rtl_0|shift_taps_tcv:auto_generated|dffe6                                     ;
;   1.989 ;   0.000  ; RR ; CELL ; 32     ; FF_X102_Y56_N14                             ; u_vectors|group_write_mask_q_rtl_0|auto_generated|dffe6|q                                                                             ;
;   2.014 ;   0.025  ;    ; RE   ; 1      ; FF_X102_Y56_N14                             ; ARRIAV_FF                                                                                                                             ;
;   2.070 ;   0.056  ;    ; RE   ; 3      ; LE_BUFFER_X102_Y56_N0_I9                    ; LE_BUFFER                                                                                                                             ;
;   2.140 ;   0.070  ;    ; RE   ; 2      ; C2_X101_Y54_N0_I11                          ; V_SEG2                                                                                                                                ;
;   2.203 ;   0.063  ;    ; RE   ; 1      ; R3_X102_Y55_N0_I3                           ; H_SEG3                                                                                                                                ;
;   2.264 ;   0.061  ;    ; RE   ; 1      ; LOCAL_INTERCONNECT_X102_Y55_N0_I20          ; LAB_LINE                                                                                                                              ;
;   2.334 ;   0.070  ;    ; RE   ; 1      ; BLOCK_INPUT_MUX_PASSTHROUGH_X102_Y55_N0_I83 ; LEIM                                                                                                                                  ;
;   2.334 ;   0.000  ;    ; RE   ; 1      ; GLOBAL_LOCAL_SEL_X102_Y55_N0_I2             ; GLOBAL_LOCAL_SEL                                                                                                                      ;
;   2.334 ;   0.000  ;    ; RE   ; 9      ; LAB_INPUT_X102_Y55_N0_I3                    ; LAB_INPUT                                                                                                                             ;
;   2.334 ;   0.000  ; RR ; IC   ; 1      ; FF_X102_Y55_N44                             ; u_vectors|group_write_mask_q_rtl_0|auto_generated|altsyncram4|ram_block7a18|clrn                                                      ;
;   2.568 ;   0.234  ; RR ; CELL ; 1      ; FF_X102_Y55_N44                             ; llm_bank_ram:u_vectors|altshift_taps:group_write_mask_q_rtl_0|shift_taps_tcv:auto_generated|altsyncram_dfc1:altsyncram4|ram_block7a18 ;
+---------+----------+----+------+--------+---------------------------------------------+---------------------------------------------------------------------------------------------------------------------------------------+

+-----------------------------------------------------------------------------------------------------------------------------------------------------------------------------------------------------------------------+
; Data Required Path                                                                                                                                                                                                    ;
+---------+----------+----+------+--------+-------------------------------------+---------------------------------------------------------------------------------------------------------------------------------------+
; Total   ; Incr     ; RF ; Type ; Fanout ; Location                            ; Element                                                                                                                               ;
+---------+----------+----+------+--------+-------------------------------------+---------------------------------------------------------------------------------------------------------------------------------------+
; 0.000   ; 0.000    ;    ;      ;        ;                                     ; latch edge time                                                                                                                       ;
; 2.029   ; 2.029    ;    ;      ;        ;                                     ; clock path                                                                                                                            ;
;   0.000 ;   0.000  ;    ;      ;        ;                                     ; source latency                                                                                                                        ;
;   0.000 ;   0.000  ;    ;      ; 1      ; PIN_AC18                            ; clk                                                                                                                                   ;
;   0.000 ;   0.000  ;    ; RE   ; 1      ; IOPAD_X54_Y0_N0                     ; ARRIAV_IO_PAD                                                                                                                         ;
;   0.000 ;   0.000  ;    ; RE   ; 1      ; IO_PAD_OUTPUT_X54_Y0_N0_I1          ; IO_PAD_OUTPUT                                                                                                                         ;
;   0.000 ;   0.000  ;    ; RE   ; 1      ; IO_INPUT_BUFFER_INPUT_X54_Y0_N1_I0  ; IO_INPUT_BUFFER_INPUT                                                                                                                 ;
;   0.000 ;   0.000  ; RR ; IC   ; 1      ; IOIBUF_X54_Y0_N1                    ; clk~input|i                                                                                                                           ;
;   0.417 ;   0.417  ; RR ; CELL ; 1      ; IOIBUF_X54_Y0_N1                    ; clk~input|o                                                                                                                           ;
;   0.417 ;   0.000  ;    ; RE   ; 1      ; IOIBUF_X54_Y0_N1                    ; ARRIAV_IO_IBUF                                                                                                                        ;
;   0.417 ;   0.000  ;    ; RE   ; 1      ; IO_INPUT_BUFFER_OUTPUT_X54_Y0_N1_I2 ; IO_INPUT_BUFFER_OUTPUT                                                                                                                ;
;   0.417 ;   0.000  ;    ; RE   ; 1      ; IO_RE_X54_Y0_N0_I96                 ; IO_RE                                                                                                                                 ;
;   0.552 ;   0.135  ;    ; RE   ; 1      ; IO_RE_X54_Y0_N0_I66                 ; IO_RE                                                                                                                                 ;
;   0.633 ;   0.081  ;    ; RE   ; 1      ; CLKBUF_CLUSTER_RE_X58_Y0_N0_I1614   ; CLKBUF_CLUSTER_RE                                                                                                                     ;
;   0.633 ;   0.000  ;    ; RE   ; 1      ; CLKBUF_CLUSTER_RE_X58_Y0_N0_I616    ; CLKBUF_CLUSTER_RE                                                                                                                     ;
;   0.633 ;   0.000  ;    ; RE   ; 1      ; GCLK_CLUSTER_RE_X58_Y0_N6_I10       ; GCLK_CLUSTER_RE                                                                                                                       ;
;   0.633 ;   0.000  ;    ; RE   ; 1      ; CLKBUFBLOCK_INPUT_X58_Y0_N7_I0      ; CLKBUFBLOCK_INPUT                                                                                                                     ;
;   0.633 ;   0.000  ; RR ; IC   ; 1      ; CLKCTRL_G6                          ; clk~inputCLKENA0|inclk                                                                                                                ;
;   0.779 ;   0.146  ; RR ; CELL ; 37157  ; CLKCTRL_G6                          ; clk~inputCLKENA0|outclk                                                                                                               ;
;   0.779 ;   0.000  ;    ; RE   ; 1      ; CLKCTRL_G6                          ; ARRIAV_CLKBUF                                                                                                                         ;
;   0.779 ;   0.000  ;    ; RE   ; 1      ; CLKBUFBLOCK_OUTPUT_X58_Y0_N7_I2     ; CLKBUFBLOCK_OUTPUT                                                                                                                    ;
;   0.779 ;   0.000  ;    ; RE   ; 1      ; GCLK_CLUSTER_RE_X58_Y0_N6_I12       ; GCLK_CLUSTER_RE                                                                                                                       ;
;   0.779 ;   0.000  ;    ; RE   ; 1      ; CLKBUF_CLUSTER_RE_X58_Y0_N0_I417    ; CLKBUF_CLUSTER_RE                                                                                                                     ;
;   1.285 ;   0.506  ;    ; RE   ; 16     ; GLOBAL_CLOCK_X0_Y58_N0_I6           ; GLOBAL_CLOCK                                                                                                                          ;
;   1.417 ;   0.132  ;    ; RE   ; 29     ; SPINE_CLOCK_X106_Y30_N0_I2          ; SPINE_CLOCK                                                                                                                           ;
;   1.606 ;   0.189  ;    ; RE   ; 1      ; SCLK_TO_ROWCLK_BUF_X106_Y55_N0_I12  ; SCLK_TO_ROWCLK_BUF                                                                                                                    ;
;   1.647 ;   0.041  ;    ; RE   ; 2      ; SCLK_TO_ROWCLK_BUF_X106_Y55_N0_I15  ; SCLK_TO_ROWCLK_BUF                                                                                                                    ;
;   1.854 ;   0.207  ;    ; RE   ; 14     ; LAB_CLK_X92_Y55_N0_I2               ; LAB_CLK                                                                                                                               ;
;   1.915 ;   0.061  ;    ; RE   ; 1      ; BLK_CLK_BUF_X102_Y55_N0_I2          ; BLK_CLK_BUF                                                                                                                           ;
;   1.929 ;   0.014  ;    ; RE   ; 1      ; ROWCLKSEL_PREBUF_X102_Y55_N0_I2     ; ROWCLKSEL_PREBUF                                                                                                                      ;
;   1.950 ;   0.021  ;    ; RE   ; 1      ; ROWCLKSEL_X102_Y55_N0_I1            ; ROWCLKSEL                                                                                                                             ;
;   1.950 ;   0.000  ;    ; RE   ; 2      ; GLOBAL_LOCAL_SEL_X102_Y55_N0_I1     ; GLOBAL_LOCAL_SEL                                                                                                                      ;
;   1.950 ;   0.000  ;    ; RE   ; 9      ; LAB_INPUT_X102_Y55_N0_I1            ; LAB_INPUT                                                                                                                             ;
;   1.949 ;   -0.001 ; RR ; IC   ; 1      ; FF_X102_Y55_N44                     ; u_vectors|group_write_mask_q_rtl_0|auto_generated|altsyncram4|ram_block7a18|clk                                                       ;
;   2.178 ;   0.229  ; RR ; CELL ; 1      ; FF_X102_Y55_N44                     ; llm_bank_ram:u_vectors|altshift_taps:group_write_mask_q_rtl_0|shift_taps_tcv:auto_generated|altsyncram_dfc1:altsyncram4|ram_block7a18 ;
;   2.029 ;   -0.149 ;    ;      ;        ;                                     ; clock pessimism removed                                                                                                               ;
; 2.029   ; 0.000    ;    ;      ;        ;                                     ; clock uncertainty                                                                                                                     ;
; 2.029   ; 0.000    ;    ; uTh  ; 1      ; FF_X102_Y55_N44                     ; llm_bank_ram:u_vectors|altshift_taps:group_write_mask_q_rtl_0|shift_taps_tcv:auto_generated|altsyncram_dfc1:altsyncram4|ram_block7a18 ;
+---------+----------+----+------+--------+-------------------------------------+---------------------------------------------------------------------------------------------------------------------------------------+

----------------------------
; Extra Fitter Information ;
----------------------------
HTML report is unavailable in plain text report export.


Path #15: Removal slack is 0.539 
===============================================================================
+------------------------------------------------------------------------------------------------------------------------------------------------------------+
; Path Summary                                                                                                                                               ;
+--------------------+---------------------------------------------------------------------------------------------------------------------------------------+
; Property           ; Value                                                                                                                                 ;
+--------------------+---------------------------------------------------------------------------------------------------------------------------------------+
; From Node          ; llm_bank_ram:u_vectors|altshift_taps:group_write_mask_q_rtl_0|shift_taps_tcv:auto_generated|dffe6                                     ;
; To Node            ; llm_bank_ram:u_vectors|altshift_taps:group_write_mask_q_rtl_0|shift_taps_tcv:auto_generated|altsyncram_dfc1:altsyncram4|ram_block7a22 ;
; Launch Clock       ; clk                                                                                                                                   ;
; Latch Clock        ; clk                                                                                                                                   ;
; Data Arrival Time  ; 2.568                                                                                                                                 ;
; Data Required Time ; 2.029                                                                                                                                 ;
; Slack              ; 0.539                                                                                                                                 ;
+--------------------+---------------------------------------------------------------------------------------------------------------------------------------+

+------------------------------------------------------------------------------------+
; Statistics                                                                         ;
+------------------------+-------+-------+-------------+------------+--------+-------+
; Property               ; Value ; Count ; Total Delay ; % of Total ; Min    ; Max   ;
+------------------------+-------+-------+-------------+------------+--------+-------+
; Removal Relationship   ; 0.000 ;       ;             ;            ;        ;       ;
; Clock Skew             ; 0.040 ;       ;             ;            ;        ;       ;
; Data Delay             ; 0.579 ;       ;             ;            ;        ;       ;
; Number of Logic Levels ;       ; 0     ;             ;            ;        ;       ;
; Physical Delays        ;       ;       ;             ;            ;        ;       ;
;  Arrival Path          ;       ;       ;             ;            ;        ;       ;
;   Clock                ;       ;       ;             ;            ;        ;       ;
;    IC                  ;       ; 3     ; -0.001      ; 0          ; -0.001 ; 0.000 ;
;    Cell                ;       ; 3     ; 0.765       ; 38         ; 0.139  ; 0.417 ;
;    Routing Element     ;       ; 25    ; 1.225       ; 62         ; 0.000  ; 0.492 ;
;   Data                 ;       ;       ;             ;            ;        ;       ;
;    IC                  ;       ; 1     ; 0.000       ; 0          ; 0.000  ; 0.000 ;
;    Cell                ;       ; 2     ; 0.234       ; 40         ; 0.000  ; 0.234 ;
;    uTco                ;       ; 1     ; 0.000       ; 0          ; 0.000  ; 0.000 ;
;    Routing Element     ;       ; 8     ; 0.345       ; 60         ; 0.000  ; 0.070 ;
;  Required Path         ;       ;       ;             ;            ;        ;       ;
;   Clock                ;       ;       ;             ;            ;        ;       ;
;    IC                  ;       ; 3     ; -0.001      ; 0          ; -0.001 ; 0.000 ;
;    Cell                ;       ; 3     ; 0.792       ; 36         ; 0.146  ; 0.417 ;
;    Routing Element     ;       ; 25    ; 1.387       ; 64         ; 0.000  ; 0.506 ;
+------------------------+-------+-------+-------------+------------+--------+-------+
Note: Negative delays are omitted from totals when calculating percentages

+-------------------------------------------------------------------------------------------------------------------------------------------------------------------------------------------------------------------------------+
; Data Arrival Path                                                                                                                                                                                                             ;
+---------+----------+----+------+--------+---------------------------------------------+---------------------------------------------------------------------------------------------------------------------------------------+
; Total   ; Incr     ; RF ; Type ; Fanout ; Location                                    ; Element                                                                                                                               ;
+---------+----------+----+------+--------+---------------------------------------------+---------------------------------------------------------------------------------------------------------------------------------------+
; 0.000   ; 0.000    ;    ;      ;        ;                                             ; launch edge time                                                                                                                      ;
; 1.989   ; 1.989    ;    ;      ;        ;                                             ; clock path                                                                                                                            ;
;   0.000 ;   0.000  ;    ;      ;        ;                                             ; source latency                                                                                                                        ;
;   0.000 ;   0.000  ;    ;      ; 1      ; PIN_AC18                                    ; clk                                                                                                                                   ;
;   0.000 ;   0.000  ;    ; RE   ; 1      ; IOPAD_X54_Y0_N0                             ; ARRIAV_IO_PAD                                                                                                                         ;
;   0.000 ;   0.000  ;    ; RE   ; 1      ; IO_PAD_OUTPUT_X54_Y0_N0_I1                  ; IO_PAD_OUTPUT                                                                                                                         ;
;   0.000 ;   0.000  ;    ; RE   ; 1      ; IO_INPUT_BUFFER_INPUT_X54_Y0_N1_I0          ; IO_INPUT_BUFFER_INPUT                                                                                                                 ;
;   0.000 ;   0.000  ; RR ; IC   ; 1      ; IOIBUF_X54_Y0_N1                            ; clk~input|i                                                                                                                           ;
;   0.417 ;   0.417  ; RR ; CELL ; 1      ; IOIBUF_X54_Y0_N1                            ; clk~input|o                                                                                                                           ;
;   0.417 ;   0.000  ;    ; RE   ; 1      ; IOIBUF_X54_Y0_N1                            ; ARRIAV_IO_IBUF                                                                                                                        ;
;   0.417 ;   0.000  ;    ; RE   ; 1      ; IO_INPUT_BUFFER_OUTPUT_X54_Y0_N1_I2         ; IO_INPUT_BUFFER_OUTPUT                                                                                                                ;
;   0.417 ;   0.000  ;    ; RE   ; 1      ; IO_RE_X54_Y0_N0_I96                         ; IO_RE                                                                                                                                 ;
;   0.505 ;   0.088  ;    ; RE   ; 1      ; IO_RE_X54_Y0_N0_I66                         ; IO_RE                                                                                                                                 ;
;   0.505 ;   0.000  ;    ; RE   ; 1      ; CLKBUF_CLUSTER_RE_X58_Y0_N0_I1614           ; CLKBUF_CLUSTER_RE                                                                                                                     ;
;   0.505 ;   0.000  ;    ; RE   ; 1      ; CLKBUF_CLUSTER_RE_X58_Y0_N0_I616            ; CLKBUF_CLUSTER_RE                                                                                                                     ;
;   0.505 ;   0.000  ;    ; RE   ; 1      ; GCLK_CLUSTER_RE_X58_Y0_N6_I10               ; GCLK_CLUSTER_RE                                                                                                                       ;
;   0.505 ;   0.000  ;    ; RE   ; 1      ; CLKBUFBLOCK_INPUT_X58_Y0_N7_I0              ; CLKBUFBLOCK_INPUT                                                                                                                     ;
;   0.505 ;   0.000  ; RR ; IC   ; 1      ; CLKCTRL_G6                                  ; clk~inputCLKENA0|inclk                                                                                                                ;
;   0.644 ;   0.139  ; RR ; CELL ; 37157  ; CLKCTRL_G6                                  ; clk~inputCLKENA0|outclk                                                                                                               ;
;   0.644 ;   0.000  ;    ; RE   ; 1      ; CLKCTRL_G6                                  ; ARRIAV_CLKBUF                                                                                                                         ;
;   0.644 ;   0.000  ;    ; RE   ; 1      ; CLKBUFBLOCK_OUTPUT_X58_Y0_N7_I2             ; CLKBUFBLOCK_OUTPUT                                                                                                                    ;
;   0.644 ;   0.000  ;    ; RE   ; 1      ; GCLK_CLUSTER_RE_X58_Y0_N6_I12               ; GCLK_CLUSTER_RE                                                                                                                       ;
;   0.644 ;   0.000  ;    ; RE   ; 1      ; CLKBUF_CLUSTER_RE_X58_Y0_N0_I417            ; CLKBUF_CLUSTER_RE                                                                                                                     ;
;   1.136 ;   0.492  ;    ; RE   ; 16     ; GLOBAL_CLOCK_X0_Y58_N0_I6                   ; GLOBAL_CLOCK                                                                                                                          ;
;   1.265 ;   0.129  ;    ; RE   ; 29     ; SPINE_CLOCK_X106_Y30_N0_I2                  ; SPINE_CLOCK                                                                                                                           ;
;   1.449 ;   0.184  ;    ; RE   ; 1      ; SCLK_TO_ROWCLK_BUF_X106_Y56_N0_I12          ; SCLK_TO_ROWCLK_BUF                                                                                                                    ;
;   1.489 ;   0.040  ;    ; RE   ; 2      ; SCLK_TO_ROWCLK_BUF_X106_Y56_N0_I15          ; SCLK_TO_ROWCLK_BUF                                                                                                                    ;
;   1.691 ;   0.202  ;    ; RE   ; 13     ; LAB_CLK_X92_Y56_N0_I2                       ; LAB_CLK                                                                                                                               ;
;   1.748 ;   0.057  ;    ; RE   ; 1      ; BLK_CLK_BUF_X102_Y56_N0_I2                  ; BLK_CLK_BUF                                                                                                                           ;
;   1.761 ;   0.013  ;    ; RE   ; 1      ; ROWCLKSEL_PREBUF_X102_Y56_N0_I2             ; ROWCLKSEL_PREBUF                                                                                                                      ;
;   1.781 ;   0.020  ;    ; RE   ; 1      ; ROWCLKSEL_X102_Y56_N0_I1                    ; ROWCLKSEL                                                                                                                             ;
;   1.781 ;   0.000  ;    ; RE   ; 2      ; GLOBAL_LOCAL_SEL_X102_Y56_N0_I1             ; GLOBAL_LOCAL_SEL                                                                                                                      ;
;   1.781 ;   0.000  ;    ; RE   ; 8      ; LAB_INPUT_X102_Y56_N0_I0                    ; LAB_INPUT                                                                                                                             ;
;   1.780 ;   -0.001 ; RR ; IC   ; 1      ; FF_X102_Y56_N14                             ; u_vectors|group_write_mask_q_rtl_0|auto_generated|dffe6|clk                                                                           ;
;   1.989 ;   0.209  ; RR ; CELL ; 1      ; FF_X102_Y56_N14                             ; llm_bank_ram:u_vectors|altshift_taps:group_write_mask_q_rtl_0|shift_taps_tcv:auto_generated|dffe6                                     ;
; 2.568   ; 0.579    ;    ;      ;        ;                                             ; data path                                                                                                                             ;
;   1.989 ;   0.000  ;    ; uTco ; 1      ; FF_X102_Y56_N14                             ; llm_bank_ram:u_vectors|altshift_taps:group_write_mask_q_rtl_0|shift_taps_tcv:auto_generated|dffe6                                     ;
;   1.989 ;   0.000  ; RR ; CELL ; 32     ; FF_X102_Y56_N14                             ; u_vectors|group_write_mask_q_rtl_0|auto_generated|dffe6|q                                                                             ;
;   2.014 ;   0.025  ;    ; RE   ; 1      ; FF_X102_Y56_N14                             ; ARRIAV_FF                                                                                                                             ;
;   2.070 ;   0.056  ;    ; RE   ; 3      ; LE_BUFFER_X102_Y56_N0_I9                    ; LE_BUFFER                                                                                                                             ;
;   2.140 ;   0.070  ;    ; RE   ; 2      ; C2_X101_Y54_N0_I11                          ; V_SEG2                                                                                                                                ;
;   2.203 ;   0.063  ;    ; RE   ; 1      ; R3_X102_Y55_N0_I3                           ; H_SEG3                                                                                                                                ;
;   2.264 ;   0.061  ;    ; RE   ; 1      ; LOCAL_INTERCONNECT_X102_Y55_N0_I20          ; LAB_LINE                                                                                                                              ;
;   2.334 ;   0.070  ;    ; RE   ; 1      ; BLOCK_INPUT_MUX_PASSTHROUGH_X102_Y55_N0_I83 ; LEIM                                                                                                                                  ;
;   2.334 ;   0.000  ;    ; RE   ; 1      ; GLOBAL_LOCAL_SEL_X102_Y55_N0_I2             ; GLOBAL_LOCAL_SEL                                                                                                                      ;
;   2.334 ;   0.000  ;    ; RE   ; 9      ; LAB_INPUT_X102_Y55_N0_I3                    ; LAB_INPUT                                                                                                                             ;
;   2.334 ;   0.000  ; RR ; IC   ; 1      ; FF_X102_Y55_N20                             ; u_vectors|group_write_mask_q_rtl_0|auto_generated|altsyncram4|ram_block7a22|clrn                                                      ;
;   2.568 ;   0.234  ; RR ; CELL ; 1      ; FF_X102_Y55_N20                             ; llm_bank_ram:u_vectors|altshift_taps:group_write_mask_q_rtl_0|shift_taps_tcv:auto_generated|altsyncram_dfc1:altsyncram4|ram_block7a22 ;
+---------+----------+----+------+--------+---------------------------------------------+---------------------------------------------------------------------------------------------------------------------------------------+

+-----------------------------------------------------------------------------------------------------------------------------------------------------------------------------------------------------------------------+
; Data Required Path                                                                                                                                                                                                    ;
+---------+----------+----+------+--------+-------------------------------------+---------------------------------------------------------------------------------------------------------------------------------------+
; Total   ; Incr     ; RF ; Type ; Fanout ; Location                            ; Element                                                                                                                               ;
+---------+----------+----+------+--------+-------------------------------------+---------------------------------------------------------------------------------------------------------------------------------------+
; 0.000   ; 0.000    ;    ;      ;        ;                                     ; latch edge time                                                                                                                       ;
; 2.029   ; 2.029    ;    ;      ;        ;                                     ; clock path                                                                                                                            ;
;   0.000 ;   0.000  ;    ;      ;        ;                                     ; source latency                                                                                                                        ;
;   0.000 ;   0.000  ;    ;      ; 1      ; PIN_AC18                            ; clk                                                                                                                                   ;
;   0.000 ;   0.000  ;    ; RE   ; 1      ; IOPAD_X54_Y0_N0                     ; ARRIAV_IO_PAD                                                                                                                         ;
;   0.000 ;   0.000  ;    ; RE   ; 1      ; IO_PAD_OUTPUT_X54_Y0_N0_I1          ; IO_PAD_OUTPUT                                                                                                                         ;
;   0.000 ;   0.000  ;    ; RE   ; 1      ; IO_INPUT_BUFFER_INPUT_X54_Y0_N1_I0  ; IO_INPUT_BUFFER_INPUT                                                                                                                 ;
;   0.000 ;   0.000  ; RR ; IC   ; 1      ; IOIBUF_X54_Y0_N1                    ; clk~input|i                                                                                                                           ;
;   0.417 ;   0.417  ; RR ; CELL ; 1      ; IOIBUF_X54_Y0_N1                    ; clk~input|o                                                                                                                           ;
;   0.417 ;   0.000  ;    ; RE   ; 1      ; IOIBUF_X54_Y0_N1                    ; ARRIAV_IO_IBUF                                                                                                                        ;
;   0.417 ;   0.000  ;    ; RE   ; 1      ; IO_INPUT_BUFFER_OUTPUT_X54_Y0_N1_I2 ; IO_INPUT_BUFFER_OUTPUT                                                                                                                ;
;   0.417 ;   0.000  ;    ; RE   ; 1      ; IO_RE_X54_Y0_N0_I96                 ; IO_RE                                                                                                                                 ;
;   0.552 ;   0.135  ;    ; RE   ; 1      ; IO_RE_X54_Y0_N0_I66                 ; IO_RE                                                                                                                                 ;
;   0.633 ;   0.081  ;    ; RE   ; 1      ; CLKBUF_CLUSTER_RE_X58_Y0_N0_I1614   ; CLKBUF_CLUSTER_RE                                                                                                                     ;
;   0.633 ;   0.000  ;    ; RE   ; 1      ; CLKBUF_CLUSTER_RE_X58_Y0_N0_I616    ; CLKBUF_CLUSTER_RE                                                                                                                     ;
;   0.633 ;   0.000  ;    ; RE   ; 1      ; GCLK_CLUSTER_RE_X58_Y0_N6_I10       ; GCLK_CLUSTER_RE                                                                                                                       ;
;   0.633 ;   0.000  ;    ; RE   ; 1      ; CLKBUFBLOCK_INPUT_X58_Y0_N7_I0      ; CLKBUFBLOCK_INPUT                                                                                                                     ;
;   0.633 ;   0.000  ; RR ; IC   ; 1      ; CLKCTRL_G6                          ; clk~inputCLKENA0|inclk                                                                                                                ;
;   0.779 ;   0.146  ; RR ; CELL ; 37157  ; CLKCTRL_G6                          ; clk~inputCLKENA0|outclk                                                                                                               ;
;   0.779 ;   0.000  ;    ; RE   ; 1      ; CLKCTRL_G6                          ; ARRIAV_CLKBUF                                                                                                                         ;
;   0.779 ;   0.000  ;    ; RE   ; 1      ; CLKBUFBLOCK_OUTPUT_X58_Y0_N7_I2     ; CLKBUFBLOCK_OUTPUT                                                                                                                    ;
;   0.779 ;   0.000  ;    ; RE   ; 1      ; GCLK_CLUSTER_RE_X58_Y0_N6_I12       ; GCLK_CLUSTER_RE                                                                                                                       ;
;   0.779 ;   0.000  ;    ; RE   ; 1      ; CLKBUF_CLUSTER_RE_X58_Y0_N0_I417    ; CLKBUF_CLUSTER_RE                                                                                                                     ;
;   1.285 ;   0.506  ;    ; RE   ; 16     ; GLOBAL_CLOCK_X0_Y58_N0_I6           ; GLOBAL_CLOCK                                                                                                                          ;
;   1.417 ;   0.132  ;    ; RE   ; 29     ; SPINE_CLOCK_X106_Y30_N0_I2          ; SPINE_CLOCK                                                                                                                           ;
;   1.606 ;   0.189  ;    ; RE   ; 1      ; SCLK_TO_ROWCLK_BUF_X106_Y55_N0_I12  ; SCLK_TO_ROWCLK_BUF                                                                                                                    ;
;   1.647 ;   0.041  ;    ; RE   ; 2      ; SCLK_TO_ROWCLK_BUF_X106_Y55_N0_I15  ; SCLK_TO_ROWCLK_BUF                                                                                                                    ;
;   1.854 ;   0.207  ;    ; RE   ; 14     ; LAB_CLK_X92_Y55_N0_I2               ; LAB_CLK                                                                                                                               ;
;   1.915 ;   0.061  ;    ; RE   ; 1      ; BLK_CLK_BUF_X102_Y55_N0_I2          ; BLK_CLK_BUF                                                                                                                           ;
;   1.929 ;   0.014  ;    ; RE   ; 1      ; ROWCLKSEL_PREBUF_X102_Y55_N0_I2     ; ROWCLKSEL_PREBUF                                                                                                                      ;
;   1.950 ;   0.021  ;    ; RE   ; 1      ; ROWCLKSEL_X102_Y55_N0_I1            ; ROWCLKSEL                                                                                                                             ;
;   1.950 ;   0.000  ;    ; RE   ; 2      ; GLOBAL_LOCAL_SEL_X102_Y55_N0_I1     ; GLOBAL_LOCAL_SEL                                                                                                                      ;
;   1.950 ;   0.000  ;    ; RE   ; 9      ; LAB_INPUT_X102_Y55_N0_I1            ; LAB_INPUT                                                                                                                             ;
;   1.949 ;   -0.001 ; RR ; IC   ; 1      ; FF_X102_Y55_N20                     ; u_vectors|group_write_mask_q_rtl_0|auto_generated|altsyncram4|ram_block7a22|clk                                                       ;
;   2.178 ;   0.229  ; RR ; CELL ; 1      ; FF_X102_Y55_N20                     ; llm_bank_ram:u_vectors|altshift_taps:group_write_mask_q_rtl_0|shift_taps_tcv:auto_generated|altsyncram_dfc1:altsyncram4|ram_block7a22 ;
;   2.029 ;   -0.149 ;    ;      ;        ;                                     ; clock pessimism removed                                                                                                               ;
; 2.029   ; 0.000    ;    ;      ;        ;                                     ; clock uncertainty                                                                                                                     ;
; 2.029   ; 0.000    ;    ; uTh  ; 1      ; FF_X102_Y55_N20                     ; llm_bank_ram:u_vectors|altshift_taps:group_write_mask_q_rtl_0|shift_taps_tcv:auto_generated|altsyncram_dfc1:altsyncram4|ram_block7a22 ;
+---------+----------+----+------+--------+-------------------------------------+---------------------------------------------------------------------------------------------------------------------------------------+

----------------------------
; Extra Fitter Information ;
----------------------------
HTML report is unavailable in plain text report export.


Path #16: Removal slack is 0.539 
===============================================================================
+-----------------------------------------------------------------------------------------------------------------------------------------------------------+
; Path Summary                                                                                                                                              ;
+--------------------+--------------------------------------------------------------------------------------------------------------------------------------+
; Property           ; Value                                                                                                                                ;
+--------------------+--------------------------------------------------------------------------------------------------------------------------------------+
; From Node          ; llm_bank_ram:u_vectors|altshift_taps:group_write_mask_q_rtl_0|shift_taps_tcv:auto_generated|dffe6                                    ;
; To Node            ; llm_bank_ram:u_vectors|altshift_taps:group_write_mask_q_rtl_0|shift_taps_tcv:auto_generated|altsyncram_dfc1:altsyncram4|ram_block7a8 ;
; Launch Clock       ; clk                                                                                                                                  ;
; Latch Clock        ; clk                                                                                                                                  ;
; Data Arrival Time  ; 2.568                                                                                                                                ;
; Data Required Time ; 2.029                                                                                                                                ;
; Slack              ; 0.539                                                                                                                                ;
+--------------------+--------------------------------------------------------------------------------------------------------------------------------------+

+------------------------------------------------------------------------------------+
; Statistics                                                                         ;
+------------------------+-------+-------+-------------+------------+--------+-------+
; Property               ; Value ; Count ; Total Delay ; % of Total ; Min    ; Max   ;
+------------------------+-------+-------+-------------+------------+--------+-------+
; Removal Relationship   ; 0.000 ;       ;             ;            ;        ;       ;
; Clock Skew             ; 0.040 ;       ;             ;            ;        ;       ;
; Data Delay             ; 0.579 ;       ;             ;            ;        ;       ;
; Number of Logic Levels ;       ; 0     ;             ;            ;        ;       ;
; Physical Delays        ;       ;       ;             ;            ;        ;       ;
;  Arrival Path          ;       ;       ;             ;            ;        ;       ;
;   Clock                ;       ;       ;             ;            ;        ;       ;
;    IC                  ;       ; 3     ; -0.001      ; 0          ; -0.001 ; 0.000 ;
;    Cell                ;       ; 3     ; 0.765       ; 38         ; 0.139  ; 0.417 ;
;    Routing Element     ;       ; 25    ; 1.225       ; 62         ; 0.000  ; 0.492 ;
;   Data                 ;       ;       ;             ;            ;        ;       ;
;    IC                  ;       ; 1     ; 0.000       ; 0          ; 0.000  ; 0.000 ;
;    Cell                ;       ; 2     ; 0.234       ; 40         ; 0.000  ; 0.234 ;
;    uTco                ;       ; 1     ; 0.000       ; 0          ; 0.000  ; 0.000 ;
;    Routing Element     ;       ; 8     ; 0.345       ; 60         ; 0.000  ; 0.070 ;
;  Required Path         ;       ;       ;             ;            ;        ;       ;
;   Clock                ;       ;       ;             ;            ;        ;       ;
;    IC                  ;       ; 3     ; -0.001      ; 0          ; -0.001 ; 0.000 ;
;    Cell                ;       ; 3     ; 0.792       ; 36         ; 0.146  ; 0.417 ;
;    Routing Element     ;       ; 25    ; 1.387       ; 64         ; 0.000  ; 0.506 ;
+------------------------+-------+-------+-------------+------------+--------+-------+
Note: Negative delays are omitted from totals when calculating percentages

+------------------------------------------------------------------------------------------------------------------------------------------------------------------------------------------------------------------------------+
; Data Arrival Path                                                                                                                                                                                                            ;
+---------+----------+----+------+--------+---------------------------------------------+--------------------------------------------------------------------------------------------------------------------------------------+
; Total   ; Incr     ; RF ; Type ; Fanout ; Location                                    ; Element                                                                                                                              ;
+---------+----------+----+------+--------+---------------------------------------------+--------------------------------------------------------------------------------------------------------------------------------------+
; 0.000   ; 0.000    ;    ;      ;        ;                                             ; launch edge time                                                                                                                     ;
; 1.989   ; 1.989    ;    ;      ;        ;                                             ; clock path                                                                                                                           ;
;   0.000 ;   0.000  ;    ;      ;        ;                                             ; source latency                                                                                                                       ;
;   0.000 ;   0.000  ;    ;      ; 1      ; PIN_AC18                                    ; clk                                                                                                                                  ;
;   0.000 ;   0.000  ;    ; RE   ; 1      ; IOPAD_X54_Y0_N0                             ; ARRIAV_IO_PAD                                                                                                                        ;
;   0.000 ;   0.000  ;    ; RE   ; 1      ; IO_PAD_OUTPUT_X54_Y0_N0_I1                  ; IO_PAD_OUTPUT                                                                                                                        ;
;   0.000 ;   0.000  ;    ; RE   ; 1      ; IO_INPUT_BUFFER_INPUT_X54_Y0_N1_I0          ; IO_INPUT_BUFFER_INPUT                                                                                                                ;
;   0.000 ;   0.000  ; RR ; IC   ; 1      ; IOIBUF_X54_Y0_N1                            ; clk~input|i                                                                                                                          ;
;   0.417 ;   0.417  ; RR ; CELL ; 1      ; IOIBUF_X54_Y0_N1                            ; clk~input|o                                                                                                                          ;
;   0.417 ;   0.000  ;    ; RE   ; 1      ; IOIBUF_X54_Y0_N1                            ; ARRIAV_IO_IBUF                                                                                                                       ;
;   0.417 ;   0.000  ;    ; RE   ; 1      ; IO_INPUT_BUFFER_OUTPUT_X54_Y0_N1_I2         ; IO_INPUT_BUFFER_OUTPUT                                                                                                               ;
;   0.417 ;   0.000  ;    ; RE   ; 1      ; IO_RE_X54_Y0_N0_I96                         ; IO_RE                                                                                                                                ;
;   0.505 ;   0.088  ;    ; RE   ; 1      ; IO_RE_X54_Y0_N0_I66                         ; IO_RE                                                                                                                                ;
;   0.505 ;   0.000  ;    ; RE   ; 1      ; CLKBUF_CLUSTER_RE_X58_Y0_N0_I1614           ; CLKBUF_CLUSTER_RE                                                                                                                    ;
;   0.505 ;   0.000  ;    ; RE   ; 1      ; CLKBUF_CLUSTER_RE_X58_Y0_N0_I616            ; CLKBUF_CLUSTER_RE                                                                                                                    ;
;   0.505 ;   0.000  ;    ; RE   ; 1      ; GCLK_CLUSTER_RE_X58_Y0_N6_I10               ; GCLK_CLUSTER_RE                                                                                                                      ;
;   0.505 ;   0.000  ;    ; RE   ; 1      ; CLKBUFBLOCK_INPUT_X58_Y0_N7_I0              ; CLKBUFBLOCK_INPUT                                                                                                                    ;
;   0.505 ;   0.000  ; RR ; IC   ; 1      ; CLKCTRL_G6                                  ; clk~inputCLKENA0|inclk                                                                                                               ;
;   0.644 ;   0.139  ; RR ; CELL ; 37157  ; CLKCTRL_G6                                  ; clk~inputCLKENA0|outclk                                                                                                              ;
;   0.644 ;   0.000  ;    ; RE   ; 1      ; CLKCTRL_G6                                  ; ARRIAV_CLKBUF                                                                                                                        ;
;   0.644 ;   0.000  ;    ; RE   ; 1      ; CLKBUFBLOCK_OUTPUT_X58_Y0_N7_I2             ; CLKBUFBLOCK_OUTPUT                                                                                                                   ;
;   0.644 ;   0.000  ;    ; RE   ; 1      ; GCLK_CLUSTER_RE_X58_Y0_N6_I12               ; GCLK_CLUSTER_RE                                                                                                                      ;
;   0.644 ;   0.000  ;    ; RE   ; 1      ; CLKBUF_CLUSTER_RE_X58_Y0_N0_I417            ; CLKBUF_CLUSTER_RE                                                                                                                    ;
;   1.136 ;   0.492  ;    ; RE   ; 16     ; GLOBAL_CLOCK_X0_Y58_N0_I6                   ; GLOBAL_CLOCK                                                                                                                         ;
;   1.265 ;   0.129  ;    ; RE   ; 29     ; SPINE_CLOCK_X106_Y30_N0_I2                  ; SPINE_CLOCK                                                                                                                          ;
;   1.449 ;   0.184  ;    ; RE   ; 1      ; SCLK_TO_ROWCLK_BUF_X106_Y56_N0_I12          ; SCLK_TO_ROWCLK_BUF                                                                                                                   ;
;   1.489 ;   0.040  ;    ; RE   ; 2      ; SCLK_TO_ROWCLK_BUF_X106_Y56_N0_I15          ; SCLK_TO_ROWCLK_BUF                                                                                                                   ;
;   1.691 ;   0.202  ;    ; RE   ; 13     ; LAB_CLK_X92_Y56_N0_I2                       ; LAB_CLK                                                                                                                              ;
;   1.748 ;   0.057  ;    ; RE   ; 1      ; BLK_CLK_BUF_X102_Y56_N0_I2                  ; BLK_CLK_BUF                                                                                                                          ;
;   1.761 ;   0.013  ;    ; RE   ; 1      ; ROWCLKSEL_PREBUF_X102_Y56_N0_I2             ; ROWCLKSEL_PREBUF                                                                                                                     ;
;   1.781 ;   0.020  ;    ; RE   ; 1      ; ROWCLKSEL_X102_Y56_N0_I1                    ; ROWCLKSEL                                                                                                                            ;
;   1.781 ;   0.000  ;    ; RE   ; 2      ; GLOBAL_LOCAL_SEL_X102_Y56_N0_I1             ; GLOBAL_LOCAL_SEL                                                                                                                     ;
;   1.781 ;   0.000  ;    ; RE   ; 8      ; LAB_INPUT_X102_Y56_N0_I0                    ; LAB_INPUT                                                                                                                            ;
;   1.780 ;   -0.001 ; RR ; IC   ; 1      ; FF_X102_Y56_N14                             ; u_vectors|group_write_mask_q_rtl_0|auto_generated|dffe6|clk                                                                          ;
;   1.989 ;   0.209  ; RR ; CELL ; 1      ; FF_X102_Y56_N14                             ; llm_bank_ram:u_vectors|altshift_taps:group_write_mask_q_rtl_0|shift_taps_tcv:auto_generated|dffe6                                    ;
; 2.568   ; 0.579    ;    ;      ;        ;                                             ; data path                                                                                                                            ;
;   1.989 ;   0.000  ;    ; uTco ; 1      ; FF_X102_Y56_N14                             ; llm_bank_ram:u_vectors|altshift_taps:group_write_mask_q_rtl_0|shift_taps_tcv:auto_generated|dffe6                                    ;
;   1.989 ;   0.000  ; RR ; CELL ; 32     ; FF_X102_Y56_N14                             ; u_vectors|group_write_mask_q_rtl_0|auto_generated|dffe6|q                                                                            ;
;   2.014 ;   0.025  ;    ; RE   ; 1      ; FF_X102_Y56_N14                             ; ARRIAV_FF                                                                                                                            ;
;   2.070 ;   0.056  ;    ; RE   ; 3      ; LE_BUFFER_X102_Y56_N0_I9                    ; LE_BUFFER                                                                                                                            ;
;   2.140 ;   0.070  ;    ; RE   ; 2      ; C2_X101_Y54_N0_I11                          ; V_SEG2                                                                                                                               ;
;   2.203 ;   0.063  ;    ; RE   ; 1      ; R3_X102_Y55_N0_I3                           ; H_SEG3                                                                                                                               ;
;   2.264 ;   0.061  ;    ; RE   ; 1      ; LOCAL_INTERCONNECT_X102_Y55_N0_I20          ; LAB_LINE                                                                                                                             ;
;   2.334 ;   0.070  ;    ; RE   ; 1      ; BLOCK_INPUT_MUX_PASSTHROUGH_X102_Y55_N0_I83 ; LEIM                                                                                                                                 ;
;   2.334 ;   0.000  ;    ; RE   ; 1      ; GLOBAL_LOCAL_SEL_X102_Y55_N0_I2             ; GLOBAL_LOCAL_SEL                                                                                                                     ;
;   2.334 ;   0.000  ;    ; RE   ; 9      ; LAB_INPUT_X102_Y55_N0_I3                    ; LAB_INPUT                                                                                                                            ;
;   2.334 ;   0.000  ; RR ; IC   ; 1      ; FF_X102_Y55_N8                              ; u_vectors|group_write_mask_q_rtl_0|auto_generated|altsyncram4|ram_block7a8|clrn                                                      ;
;   2.568 ;   0.234  ; RR ; CELL ; 1      ; FF_X102_Y55_N8                              ; llm_bank_ram:u_vectors|altshift_taps:group_write_mask_q_rtl_0|shift_taps_tcv:auto_generated|altsyncram_dfc1:altsyncram4|ram_block7a8 ;
+---------+----------+----+------+--------+---------------------------------------------+--------------------------------------------------------------------------------------------------------------------------------------+

+----------------------------------------------------------------------------------------------------------------------------------------------------------------------------------------------------------------------+
; Data Required Path                                                                                                                                                                                                   ;
+---------+----------+----+------+--------+-------------------------------------+--------------------------------------------------------------------------------------------------------------------------------------+
; Total   ; Incr     ; RF ; Type ; Fanout ; Location                            ; Element                                                                                                                              ;
+---------+----------+----+------+--------+-------------------------------------+--------------------------------------------------------------------------------------------------------------------------------------+
; 0.000   ; 0.000    ;    ;      ;        ;                                     ; latch edge time                                                                                                                      ;
; 2.029   ; 2.029    ;    ;      ;        ;                                     ; clock path                                                                                                                           ;
;   0.000 ;   0.000  ;    ;      ;        ;                                     ; source latency                                                                                                                       ;
;   0.000 ;   0.000  ;    ;      ; 1      ; PIN_AC18                            ; clk                                                                                                                                  ;
;   0.000 ;   0.000  ;    ; RE   ; 1      ; IOPAD_X54_Y0_N0                     ; ARRIAV_IO_PAD                                                                                                                        ;
;   0.000 ;   0.000  ;    ; RE   ; 1      ; IO_PAD_OUTPUT_X54_Y0_N0_I1          ; IO_PAD_OUTPUT                                                                                                                        ;
;   0.000 ;   0.000  ;    ; RE   ; 1      ; IO_INPUT_BUFFER_INPUT_X54_Y0_N1_I0  ; IO_INPUT_BUFFER_INPUT                                                                                                                ;
;   0.000 ;   0.000  ; RR ; IC   ; 1      ; IOIBUF_X54_Y0_N1                    ; clk~input|i                                                                                                                          ;
;   0.417 ;   0.417  ; RR ; CELL ; 1      ; IOIBUF_X54_Y0_N1                    ; clk~input|o                                                                                                                          ;
;   0.417 ;   0.000  ;    ; RE   ; 1      ; IOIBUF_X54_Y0_N1                    ; ARRIAV_IO_IBUF                                                                                                                       ;
;   0.417 ;   0.000  ;    ; RE   ; 1      ; IO_INPUT_BUFFER_OUTPUT_X54_Y0_N1_I2 ; IO_INPUT_BUFFER_OUTPUT                                                                                                               ;
;   0.417 ;   0.000  ;    ; RE   ; 1      ; IO_RE_X54_Y0_N0_I96                 ; IO_RE                                                                                                                                ;
;   0.552 ;   0.135  ;    ; RE   ; 1      ; IO_RE_X54_Y0_N0_I66                 ; IO_RE                                                                                                                                ;
;   0.633 ;   0.081  ;    ; RE   ; 1      ; CLKBUF_CLUSTER_RE_X58_Y0_N0_I1614   ; CLKBUF_CLUSTER_RE                                                                                                                    ;
;   0.633 ;   0.000  ;    ; RE   ; 1      ; CLKBUF_CLUSTER_RE_X58_Y0_N0_I616    ; CLKBUF_CLUSTER_RE                                                                                                                    ;
;   0.633 ;   0.000  ;    ; RE   ; 1      ; GCLK_CLUSTER_RE_X58_Y0_N6_I10       ; GCLK_CLUSTER_RE                                                                                                                      ;
;   0.633 ;   0.000  ;    ; RE   ; 1      ; CLKBUFBLOCK_INPUT_X58_Y0_N7_I0      ; CLKBUFBLOCK_INPUT                                                                                                                    ;
;   0.633 ;   0.000  ; RR ; IC   ; 1      ; CLKCTRL_G6                          ; clk~inputCLKENA0|inclk                                                                                                               ;
;   0.779 ;   0.146  ; RR ; CELL ; 37157  ; CLKCTRL_G6                          ; clk~inputCLKENA0|outclk                                                                                                              ;
;   0.779 ;   0.000  ;    ; RE   ; 1      ; CLKCTRL_G6                          ; ARRIAV_CLKBUF                                                                                                                        ;
;   0.779 ;   0.000  ;    ; RE   ; 1      ; CLKBUFBLOCK_OUTPUT_X58_Y0_N7_I2     ; CLKBUFBLOCK_OUTPUT                                                                                                                   ;
;   0.779 ;   0.000  ;    ; RE   ; 1      ; GCLK_CLUSTER_RE_X58_Y0_N6_I12       ; GCLK_CLUSTER_RE                                                                                                                      ;
;   0.779 ;   0.000  ;    ; RE   ; 1      ; CLKBUF_CLUSTER_RE_X58_Y0_N0_I417    ; CLKBUF_CLUSTER_RE                                                                                                                    ;
;   1.285 ;   0.506  ;    ; RE   ; 16     ; GLOBAL_CLOCK_X0_Y58_N0_I6           ; GLOBAL_CLOCK                                                                                                                         ;
;   1.417 ;   0.132  ;    ; RE   ; 29     ; SPINE_CLOCK_X106_Y30_N0_I2          ; SPINE_CLOCK                                                                                                                          ;
;   1.606 ;   0.189  ;    ; RE   ; 1      ; SCLK_TO_ROWCLK_BUF_X106_Y55_N0_I12  ; SCLK_TO_ROWCLK_BUF                                                                                                                   ;
;   1.647 ;   0.041  ;    ; RE   ; 2      ; SCLK_TO_ROWCLK_BUF_X106_Y55_N0_I15  ; SCLK_TO_ROWCLK_BUF                                                                                                                   ;
;   1.854 ;   0.207  ;    ; RE   ; 14     ; LAB_CLK_X92_Y55_N0_I2               ; LAB_CLK                                                                                                                              ;
;   1.915 ;   0.061  ;    ; RE   ; 1      ; BLK_CLK_BUF_X102_Y55_N0_I2          ; BLK_CLK_BUF                                                                                                                          ;
;   1.929 ;   0.014  ;    ; RE   ; 1      ; ROWCLKSEL_PREBUF_X102_Y55_N0_I2     ; ROWCLKSEL_PREBUF                                                                                                                     ;
;   1.950 ;   0.021  ;    ; RE   ; 1      ; ROWCLKSEL_X102_Y55_N0_I1            ; ROWCLKSEL                                                                                                                            ;
;   1.950 ;   0.000  ;    ; RE   ; 2      ; GLOBAL_LOCAL_SEL_X102_Y55_N0_I1     ; GLOBAL_LOCAL_SEL                                                                                                                     ;
;   1.950 ;   0.000  ;    ; RE   ; 9      ; LAB_INPUT_X102_Y55_N0_I1            ; LAB_INPUT                                                                                                                            ;
;   1.949 ;   -0.001 ; RR ; IC   ; 1      ; FF_X102_Y55_N8                      ; u_vectors|group_write_mask_q_rtl_0|auto_generated|altsyncram4|ram_block7a8|clk                                                       ;
;   2.178 ;   0.229  ; RR ; CELL ; 1      ; FF_X102_Y55_N8                      ; llm_bank_ram:u_vectors|altshift_taps:group_write_mask_q_rtl_0|shift_taps_tcv:auto_generated|altsyncram_dfc1:altsyncram4|ram_block7a8 ;
;   2.029 ;   -0.149 ;    ;      ;        ;                                     ; clock pessimism removed                                                                                                              ;
; 2.029   ; 0.000    ;    ;      ;        ;                                     ; clock uncertainty                                                                                                                    ;
; 2.029   ; 0.000    ;    ; uTh  ; 1      ; FF_X102_Y55_N8                      ; llm_bank_ram:u_vectors|altshift_taps:group_write_mask_q_rtl_0|shift_taps_tcv:auto_generated|altsyncram_dfc1:altsyncram4|ram_block7a8 ;
+---------+----------+----+------+--------+-------------------------------------+--------------------------------------------------------------------------------------------------------------------------------------+

----------------------------
; Extra Fitter Information ;
----------------------------
HTML report is unavailable in plain text report export.


Path #17: Removal slack is 0.675 
===============================================================================
+------------------------------------------------------------------------------------------------------------------------------------------------------------+
; Path Summary                                                                                                                                               ;
+--------------------+---------------------------------------------------------------------------------------------------------------------------------------+
; Property           ; Value                                                                                                                                 ;
+--------------------+---------------------------------------------------------------------------------------------------------------------------------------+
; From Node          ; llm_bank_ram:u_vectors|altshift_taps:group_write_mask_q_rtl_0|shift_taps_tcv:auto_generated|dffe6                                     ;
; To Node            ; llm_bank_ram:u_vectors|altshift_taps:group_write_mask_q_rtl_0|shift_taps_tcv:auto_generated|altsyncram_dfc1:altsyncram4|ram_block7a23 ;
; Launch Clock       ; clk                                                                                                                                   ;
; Latch Clock        ; clk                                                                                                                                   ;
; Data Arrival Time  ; 2.731                                                                                                                                 ;
; Data Required Time ; 2.056                                                                                                                                 ;
; Slack              ; 0.675                                                                                                                                 ;
+--------------------+---------------------------------------------------------------------------------------------------------------------------------------+

+------------------------------------------------------------------------------------+
; Statistics                                                                         ;
+------------------------+-------+-------+-------------+------------+--------+-------+
; Property               ; Value ; Count ; Total Delay ; % of Total ; Min    ; Max   ;
+------------------------+-------+-------+-------------+------------+--------+-------+
; Removal Relationship   ; 0.000 ;       ;             ;            ;        ;       ;
; Clock Skew             ; 0.067 ;       ;             ;            ;        ;       ;
; Data Delay             ; 0.742 ;       ;             ;            ;        ;       ;
; Number of Logic Levels ;       ; 0     ;             ;            ;        ;       ;
; Physical Delays        ;       ;       ;             ;            ;        ;       ;
;  Arrival Path          ;       ;       ;             ;            ;        ;       ;
;   Clock                ;       ;       ;             ;            ;        ;       ;
;    IC                  ;       ; 3     ; -0.001      ; 0          ; -0.001 ; 0.000 ;
;    Cell                ;       ; 3     ; 0.765       ; 38         ; 0.139  ; 0.417 ;
;    Routing Element     ;       ; 25    ; 1.225       ; 62         ; 0.000  ; 0.492 ;
;   Data                 ;       ;       ;             ;            ;        ;       ;
;    IC                  ;       ; 1     ; 0.000       ; 0          ; 0.000  ; 0.000 ;
;    Cell                ;       ; 2     ; 0.234       ; 32         ; 0.000  ; 0.234 ;
;    uTco                ;       ; 1     ; 0.000       ; 0          ; 0.000  ; 0.000 ;
;    Routing Element     ;       ; 8     ; 0.508       ; 68         ; 0.000  ; 0.224 ;
;  Required Path         ;       ;       ;             ;            ;        ;       ;
;   Clock                ;       ;       ;             ;            ;        ;       ;
;    IC                  ;       ; 3     ; 0.000       ; 0          ; 0.000  ; 0.000 ;
;    Cell                ;       ; 3     ; 0.793       ; 36         ; 0.146  ; 0.417 ;
;    Routing Element     ;       ; 25    ; 1.398       ; 64         ; 0.000  ; 0.503 ;
+------------------------+-------+-------+-------------+------------+--------+-------+
Note: Negative delays are omitted from totals when calculating percentages

+-------------------------------------------------------------------------------------------------------------------------------------------------------------------------------------------------------------------------------+
; Data Arrival Path                                                                                                                                                                                                             ;
+---------+----------+----+------+--------+---------------------------------------------+---------------------------------------------------------------------------------------------------------------------------------------+
; Total   ; Incr     ; RF ; Type ; Fanout ; Location                                    ; Element                                                                                                                               ;
+---------+----------+----+------+--------+---------------------------------------------+---------------------------------------------------------------------------------------------------------------------------------------+
; 0.000   ; 0.000    ;    ;      ;        ;                                             ; launch edge time                                                                                                                      ;
; 1.989   ; 1.989    ;    ;      ;        ;                                             ; clock path                                                                                                                            ;
;   0.000 ;   0.000  ;    ;      ;        ;                                             ; source latency                                                                                                                        ;
;   0.000 ;   0.000  ;    ;      ; 1      ; PIN_AC18                                    ; clk                                                                                                                                   ;
;   0.000 ;   0.000  ;    ; RE   ; 1      ; IOPAD_X54_Y0_N0                             ; ARRIAV_IO_PAD                                                                                                                         ;
;   0.000 ;   0.000  ;    ; RE   ; 1      ; IO_PAD_OUTPUT_X54_Y0_N0_I1                  ; IO_PAD_OUTPUT                                                                                                                         ;
;   0.000 ;   0.000  ;    ; RE   ; 1      ; IO_INPUT_BUFFER_INPUT_X54_Y0_N1_I0          ; IO_INPUT_BUFFER_INPUT                                                                                                                 ;
;   0.000 ;   0.000  ; RR ; IC   ; 1      ; IOIBUF_X54_Y0_N1                            ; clk~input|i                                                                                                                           ;
;   0.417 ;   0.417  ; RR ; CELL ; 1      ; IOIBUF_X54_Y0_N1                            ; clk~input|o                                                                                                                           ;
;   0.417 ;   0.000  ;    ; RE   ; 1      ; IOIBUF_X54_Y0_N1                            ; ARRIAV_IO_IBUF                                                                                                                        ;
;   0.417 ;   0.000  ;    ; RE   ; 1      ; IO_INPUT_BUFFER_OUTPUT_X54_Y0_N1_I2         ; IO_INPUT_BUFFER_OUTPUT                                                                                                                ;
;   0.417 ;   0.000  ;    ; RE   ; 1      ; IO_RE_X54_Y0_N0_I96                         ; IO_RE                                                                                                                                 ;
;   0.505 ;   0.088  ;    ; RE   ; 1      ; IO_RE_X54_Y0_N0_I66                         ; IO_RE                                                                                                                                 ;
;   0.505 ;   0.000  ;    ; RE   ; 1      ; CLKBUF_CLUSTER_RE_X58_Y0_N0_I1614           ; CLKBUF_CLUSTER_RE                                                                                                                     ;
;   0.505 ;   0.000  ;    ; RE   ; 1      ; CLKBUF_CLUSTER_RE_X58_Y0_N0_I616            ; CLKBUF_CLUSTER_RE                                                                                                                     ;
;   0.505 ;   0.000  ;    ; RE   ; 1      ; GCLK_CLUSTER_RE_X58_Y0_N6_I10               ; GCLK_CLUSTER_RE                                                                                                                       ;
;   0.505 ;   0.000  ;    ; RE   ; 1      ; CLKBUFBLOCK_INPUT_X58_Y0_N7_I0              ; CLKBUFBLOCK_INPUT                                                                                                                     ;
;   0.505 ;   0.000  ; RR ; IC   ; 1      ; CLKCTRL_G6                                  ; clk~inputCLKENA0|inclk                                                                                                                ;
;   0.644 ;   0.139  ; RR ; CELL ; 37157  ; CLKCTRL_G6                                  ; clk~inputCLKENA0|outclk                                                                                                               ;
;   0.644 ;   0.000  ;    ; RE   ; 1      ; CLKCTRL_G6                                  ; ARRIAV_CLKBUF                                                                                                                         ;
;   0.644 ;   0.000  ;    ; RE   ; 1      ; CLKBUFBLOCK_OUTPUT_X58_Y0_N7_I2             ; CLKBUFBLOCK_OUTPUT                                                                                                                    ;
;   0.644 ;   0.000  ;    ; RE   ; 1      ; GCLK_CLUSTER_RE_X58_Y0_N6_I12               ; GCLK_CLUSTER_RE                                                                                                                       ;
;   0.644 ;   0.000  ;    ; RE   ; 1      ; CLKBUF_CLUSTER_RE_X58_Y0_N0_I417            ; CLKBUF_CLUSTER_RE                                                                                                                     ;
;   1.136 ;   0.492  ;    ; RE   ; 16     ; GLOBAL_CLOCK_X0_Y58_N0_I6                   ; GLOBAL_CLOCK                                                                                                                          ;
;   1.265 ;   0.129  ;    ; RE   ; 29     ; SPINE_CLOCK_X106_Y30_N0_I2                  ; SPINE_CLOCK                                                                                                                           ;
;   1.449 ;   0.184  ;    ; RE   ; 1      ; SCLK_TO_ROWCLK_BUF_X106_Y56_N0_I12          ; SCLK_TO_ROWCLK_BUF                                                                                                                    ;
;   1.489 ;   0.040  ;    ; RE   ; 2      ; SCLK_TO_ROWCLK_BUF_X106_Y56_N0_I15          ; SCLK_TO_ROWCLK_BUF                                                                                                                    ;
;   1.691 ;   0.202  ;    ; RE   ; 13     ; LAB_CLK_X92_Y56_N0_I2                       ; LAB_CLK                                                                                                                               ;
;   1.748 ;   0.057  ;    ; RE   ; 1      ; BLK_CLK_BUF_X102_Y56_N0_I2                  ; BLK_CLK_BUF                                                                                                                           ;
;   1.761 ;   0.013  ;    ; RE   ; 1      ; ROWCLKSEL_PREBUF_X102_Y56_N0_I2             ; ROWCLKSEL_PREBUF                                                                                                                      ;
;   1.781 ;   0.020  ;    ; RE   ; 1      ; ROWCLKSEL_X102_Y56_N0_I1                    ; ROWCLKSEL                                                                                                                             ;
;   1.781 ;   0.000  ;    ; RE   ; 2      ; GLOBAL_LOCAL_SEL_X102_Y56_N0_I1             ; GLOBAL_LOCAL_SEL                                                                                                                      ;
;   1.781 ;   0.000  ;    ; RE   ; 8      ; LAB_INPUT_X102_Y56_N0_I0                    ; LAB_INPUT                                                                                                                             ;
;   1.780 ;   -0.001 ; RR ; IC   ; 1      ; FF_X102_Y56_N14                             ; u_vectors|group_write_mask_q_rtl_0|auto_generated|dffe6|clk                                                                           ;
;   1.989 ;   0.209  ; RR ; CELL ; 1      ; FF_X102_Y56_N14                             ; llm_bank_ram:u_vectors|altshift_taps:group_write_mask_q_rtl_0|shift_taps_tcv:auto_generated|dffe6                                     ;
; 2.731   ; 0.742    ;    ;      ;        ;                                             ; data path                                                                                                                             ;
;   1.989 ;   0.000  ;    ; uTco ; 1      ; FF_X102_Y56_N14                             ; llm_bank_ram:u_vectors|altshift_taps:group_write_mask_q_rtl_0|shift_taps_tcv:auto_generated|dffe6                                     ;
;   1.989 ;   0.000  ; RR ; CELL ; 32     ; FF_X102_Y56_N14                             ; u_vectors|group_write_mask_q_rtl_0|auto_generated|dffe6|q                                                                             ;
;   2.014 ;   0.025  ;    ; RE   ; 1      ; FF_X102_Y56_N14                             ; ARRIAV_FF                                                                                                                             ;
;   2.070 ;   0.056  ;    ; RE   ; 3      ; LE_BUFFER_X102_Y56_N0_I9                    ; LE_BUFFER                                                                                                                             ;
;   2.294 ;   0.224  ;    ; RE   ; 1      ; C4_X101_Y57_N0_I1                           ; V_SEG4                                                                                                                                ;
;   2.362 ;   0.068  ;    ; RE   ; 1      ; R3_X99_Y59_N0_I20                           ; H_SEG3                                                                                                                                ;
;   2.427 ;   0.065  ;    ; RE   ; 1      ; LOCAL_INTERCONNECT_X100_Y59_N0_I42          ; LAB_LINE                                                                                                                              ;
;   2.497 ;   0.070  ;    ; RE   ; 1      ; BLOCK_INPUT_MUX_PASSTHROUGH_X100_Y59_N0_I83 ; LEIM                                                                                                                                  ;
;   2.497 ;   0.000  ;    ; RE   ; 1      ; GLOBAL_LOCAL_SEL_X100_Y59_N0_I2             ; GLOBAL_LOCAL_SEL                                                                                                                      ;
;   2.497 ;   0.000  ;    ; RE   ; 3      ; LAB_INPUT_X100_Y59_N0_I3                    ; LAB_INPUT                                                                                                                             ;
;   2.497 ;   0.000  ; RR ; IC   ; 1      ; FF_X100_Y59_N41                             ; u_vectors|group_write_mask_q_rtl_0|auto_generated|altsyncram4|ram_block7a23|clrn                                                      ;
;   2.731 ;   0.234  ; RR ; CELL ; 1      ; FF_X100_Y59_N41                             ; llm_bank_ram:u_vectors|altshift_taps:group_write_mask_q_rtl_0|shift_taps_tcv:auto_generated|altsyncram_dfc1:altsyncram4|ram_block7a23 ;
+---------+----------+----+------+--------+---------------------------------------------+---------------------------------------------------------------------------------------------------------------------------------------+

+-----------------------------------------------------------------------------------------------------------------------------------------------------------------------------------------------------------------------+
; Data Required Path                                                                                                                                                                                                    ;
+---------+----------+----+------+--------+-------------------------------------+---------------------------------------------------------------------------------------------------------------------------------------+
; Total   ; Incr     ; RF ; Type ; Fanout ; Location                            ; Element                                                                                                                               ;
+---------+----------+----+------+--------+-------------------------------------+---------------------------------------------------------------------------------------------------------------------------------------+
; 0.000   ; 0.000    ;    ;      ;        ;                                     ; latch edge time                                                                                                                       ;
; 2.056   ; 2.056    ;    ;      ;        ;                                     ; clock path                                                                                                                            ;
;   0.000 ;   0.000  ;    ;      ;        ;                                     ; source latency                                                                                                                        ;
;   0.000 ;   0.000  ;    ;      ; 1      ; PIN_AC18                            ; clk                                                                                                                                   ;
;   0.000 ;   0.000  ;    ; RE   ; 1      ; IOPAD_X54_Y0_N0                     ; ARRIAV_IO_PAD                                                                                                                         ;
;   0.000 ;   0.000  ;    ; RE   ; 1      ; IO_PAD_OUTPUT_X54_Y0_N0_I1          ; IO_PAD_OUTPUT                                                                                                                         ;
;   0.000 ;   0.000  ;    ; RE   ; 1      ; IO_INPUT_BUFFER_INPUT_X54_Y0_N1_I0  ; IO_INPUT_BUFFER_INPUT                                                                                                                 ;
;   0.000 ;   0.000  ; RR ; IC   ; 1      ; IOIBUF_X54_Y0_N1                    ; clk~input|i                                                                                                                           ;
;   0.417 ;   0.417  ; RR ; CELL ; 1      ; IOIBUF_X54_Y0_N1                    ; clk~input|o                                                                                                                           ;
;   0.417 ;   0.000  ;    ; RE   ; 1      ; IOIBUF_X54_Y0_N1                    ; ARRIAV_IO_IBUF                                                                                                                        ;
;   0.417 ;   0.000  ;    ; RE   ; 1      ; IO_INPUT_BUFFER_OUTPUT_X54_Y0_N1_I2 ; IO_INPUT_BUFFER_OUTPUT                                                                                                                ;
;   0.417 ;   0.000  ;    ; RE   ; 1      ; IO_RE_X54_Y0_N0_I96                 ; IO_RE                                                                                                                                 ;
;   0.552 ;   0.135  ;    ; RE   ; 1      ; IO_RE_X54_Y0_N0_I66                 ; IO_RE                                                                                                                                 ;
;   0.633 ;   0.081  ;    ; RE   ; 1      ; CLKBUF_CLUSTER_RE_X58_Y0_N0_I1614   ; CLKBUF_CLUSTER_RE                                                                                                                     ;
;   0.633 ;   0.000  ;    ; RE   ; 1      ; CLKBUF_CLUSTER_RE_X58_Y0_N0_I616    ; CLKBUF_CLUSTER_RE                                                                                                                     ;
;   0.633 ;   0.000  ;    ; RE   ; 1      ; GCLK_CLUSTER_RE_X58_Y0_N6_I10       ; GCLK_CLUSTER_RE                                                                                                                       ;
;   0.633 ;   0.000  ;    ; RE   ; 1      ; CLKBUFBLOCK_INPUT_X58_Y0_N7_I0      ; CLKBUFBLOCK_INPUT                                                                                                                     ;
;   0.633 ;   0.000  ; RR ; IC   ; 1      ; CLKCTRL_G6                          ; clk~inputCLKENA0|inclk                                                                                                                ;
;   0.779 ;   0.146  ; RR ; CELL ; 37157  ; CLKCTRL_G6                          ; clk~inputCLKENA0|outclk                                                                                                               ;
;   0.779 ;   0.000  ;    ; RE   ; 1      ; CLKCTRL_G6                          ; ARRIAV_CLKBUF                                                                                                                         ;
;   0.779 ;   0.000  ;    ; RE   ; 1      ; CLKBUFBLOCK_OUTPUT_X58_Y0_N7_I2     ; CLKBUFBLOCK_OUTPUT                                                                                                                    ;
;   0.779 ;   0.000  ;    ; RE   ; 1      ; GCLK_CLUSTER_RE_X58_Y0_N6_I12       ; GCLK_CLUSTER_RE                                                                                                                       ;
;   0.779 ;   0.000  ;    ; RE   ; 1      ; CLKBUF_CLUSTER_RE_X58_Y0_N0_I417    ; CLKBUF_CLUSTER_RE                                                                                                                     ;
;   1.282 ;   0.503  ;    ; RE   ; 16     ; GLOBAL_CLOCK_X0_Y58_N0_I6           ; GLOBAL_CLOCK                                                                                                                          ;
;   1.426 ;   0.144  ;    ; RE   ; 29     ; SPINE_CLOCK_X106_Y59_N0_I2          ; SPINE_CLOCK                                                                                                                           ;
;   1.615 ;   0.189  ;    ; RE   ; 1      ; SCLK_TO_ROWCLK_BUF_X106_Y59_N0_I12  ; SCLK_TO_ROWCLK_BUF                                                                                                                    ;
;   1.655 ;   0.040  ;    ; RE   ; 2      ; SCLK_TO_ROWCLK_BUF_X106_Y59_N0_I15  ; SCLK_TO_ROWCLK_BUF                                                                                                                    ;
;   1.865 ;   0.210  ;    ; RE   ; 12     ; LAB_CLK_X92_Y59_N0_I2               ; LAB_CLK                                                                                                                               ;
;   1.926 ;   0.061  ;    ; RE   ; 1      ; BLK_CLK_BUF_X100_Y59_N0_I2          ; BLK_CLK_BUF                                                                                                                           ;
;   1.940 ;   0.014  ;    ; RE   ; 1      ; ROWCLKSEL_PREBUF_X100_Y59_N0_I2     ; ROWCLKSEL_PREBUF                                                                                                                      ;
;   1.961 ;   0.021  ;    ; RE   ; 1      ; ROWCLKSEL_X100_Y59_N0_I1            ; ROWCLKSEL                                                                                                                             ;
;   1.961 ;   0.000  ;    ; RE   ; 2      ; GLOBAL_LOCAL_SEL_X100_Y59_N0_I1     ; GLOBAL_LOCAL_SEL                                                                                                                      ;
;   1.961 ;   0.000  ;    ; RE   ; 4      ; LAB_INPUT_X100_Y59_N0_I1            ; LAB_INPUT                                                                                                                             ;
;   1.961 ;   0.000  ; RR ; IC   ; 1      ; FF_X100_Y59_N41                     ; u_vectors|group_write_mask_q_rtl_0|auto_generated|altsyncram4|ram_block7a23|clk                                                       ;
;   2.191 ;   0.230  ; RR ; CELL ; 1      ; FF_X100_Y59_N41                     ; llm_bank_ram:u_vectors|altshift_taps:group_write_mask_q_rtl_0|shift_taps_tcv:auto_generated|altsyncram_dfc1:altsyncram4|ram_block7a23 ;
;   2.056 ;   -0.135 ;    ;      ;        ;                                     ; clock pessimism removed                                                                                                               ;
; 2.056   ; 0.000    ;    ;      ;        ;                                     ; clock uncertainty                                                                                                                     ;
; 2.056   ; 0.000    ;    ; uTh  ; 1      ; FF_X100_Y59_N41                     ; llm_bank_ram:u_vectors|altshift_taps:group_write_mask_q_rtl_0|shift_taps_tcv:auto_generated|altsyncram_dfc1:altsyncram4|ram_block7a23 ;
+---------+----------+----+------+--------+-------------------------------------+---------------------------------------------------------------------------------------------------------------------------------------+

----------------------------
; Extra Fitter Information ;
----------------------------
HTML report is unavailable in plain text report export.


Path #18: Removal slack is 0.676 
===============================================================================
+-----------------------------------------------------------------------------------------------------------------------------------------------------------+
; Path Summary                                                                                                                                              ;
+--------------------+--------------------------------------------------------------------------------------------------------------------------------------+
; Property           ; Value                                                                                                                                ;
+--------------------+--------------------------------------------------------------------------------------------------------------------------------------+
; From Node          ; llm_bank_ram:u_vectors|altshift_taps:group_write_mask_q_rtl_0|shift_taps_tcv:auto_generated|dffe6                                    ;
; To Node            ; llm_bank_ram:u_vectors|altshift_taps:group_write_mask_q_rtl_0|shift_taps_tcv:auto_generated|altsyncram_dfc1:altsyncram4|ram_block7a4 ;
; Launch Clock       ; clk                                                                                                                                  ;
; Latch Clock        ; clk                                                                                                                                  ;
; Data Arrival Time  ; 2.731                                                                                                                                ;
; Data Required Time ; 2.055                                                                                                                                ;
; Slack              ; 0.676                                                                                                                                ;
+--------------------+--------------------------------------------------------------------------------------------------------------------------------------+

+------------------------------------------------------------------------------------+
; Statistics                                                                         ;
+------------------------+-------+-------+-------------+------------+--------+-------+
; Property               ; Value ; Count ; Total Delay ; % of Total ; Min    ; Max   ;
+------------------------+-------+-------+-------------+------------+--------+-------+
; Removal Relationship   ; 0.000 ;       ;             ;            ;        ;       ;
; Clock Skew             ; 0.066 ;       ;             ;            ;        ;       ;
; Data Delay             ; 0.742 ;       ;             ;            ;        ;       ;
; Number of Logic Levels ;       ; 0     ;             ;            ;        ;       ;
; Physical Delays        ;       ;       ;             ;            ;        ;       ;
;  Arrival Path          ;       ;       ;             ;            ;        ;       ;
;   Clock                ;       ;       ;             ;            ;        ;       ;
;    IC                  ;       ; 3     ; -0.001      ; 0          ; -0.001 ; 0.000 ;
;    Cell                ;       ; 3     ; 0.765       ; 38         ; 0.139  ; 0.417 ;
;    Routing Element     ;       ; 25    ; 1.225       ; 62         ; 0.000  ; 0.492 ;
;   Data                 ;       ;       ;             ;            ;        ;       ;
;    IC                  ;       ; 1     ; 0.000       ; 0          ; 0.000  ; 0.000 ;
;    Cell                ;       ; 2     ; 0.234       ; 32         ; 0.000  ; 0.234 ;
;    uTco                ;       ; 1     ; 0.000       ; 0          ; 0.000  ; 0.000 ;
;    Routing Element     ;       ; 8     ; 0.508       ; 68         ; 0.000  ; 0.224 ;
;  Required Path         ;       ;       ;             ;            ;        ;       ;
;   Clock                ;       ;       ;             ;            ;        ;       ;
;    IC                  ;       ; 3     ; 0.000       ; 0          ; 0.000  ; 0.000 ;
;    Cell                ;       ; 3     ; 0.792       ; 36         ; 0.146  ; 0.417 ;
;    Routing Element     ;       ; 25    ; 1.398       ; 64         ; 0.000  ; 0.503 ;
+------------------------+-------+-------+-------------+------------+--------+-------+
Note: Negative delays are omitted from totals when calculating percentages

+------------------------------------------------------------------------------------------------------------------------------------------------------------------------------------------------------------------------------+
; Data Arrival Path                                                                                                                                                                                                            ;
+---------+----------+----+------+--------+---------------------------------------------+--------------------------------------------------------------------------------------------------------------------------------------+
; Total   ; Incr     ; RF ; Type ; Fanout ; Location                                    ; Element                                                                                                                              ;
+---------+----------+----+------+--------+---------------------------------------------+--------------------------------------------------------------------------------------------------------------------------------------+
; 0.000   ; 0.000    ;    ;      ;        ;                                             ; launch edge time                                                                                                                     ;
; 1.989   ; 1.989    ;    ;      ;        ;                                             ; clock path                                                                                                                           ;
;   0.000 ;   0.000  ;    ;      ;        ;                                             ; source latency                                                                                                                       ;
;   0.000 ;   0.000  ;    ;      ; 1      ; PIN_AC18                                    ; clk                                                                                                                                  ;
;   0.000 ;   0.000  ;    ; RE   ; 1      ; IOPAD_X54_Y0_N0                             ; ARRIAV_IO_PAD                                                                                                                        ;
;   0.000 ;   0.000  ;    ; RE   ; 1      ; IO_PAD_OUTPUT_X54_Y0_N0_I1                  ; IO_PAD_OUTPUT                                                                                                                        ;
;   0.000 ;   0.000  ;    ; RE   ; 1      ; IO_INPUT_BUFFER_INPUT_X54_Y0_N1_I0          ; IO_INPUT_BUFFER_INPUT                                                                                                                ;
;   0.000 ;   0.000  ; RR ; IC   ; 1      ; IOIBUF_X54_Y0_N1                            ; clk~input|i                                                                                                                          ;
;   0.417 ;   0.417  ; RR ; CELL ; 1      ; IOIBUF_X54_Y0_N1                            ; clk~input|o                                                                                                                          ;
;   0.417 ;   0.000  ;    ; RE   ; 1      ; IOIBUF_X54_Y0_N1                            ; ARRIAV_IO_IBUF                                                                                                                       ;
;   0.417 ;   0.000  ;    ; RE   ; 1      ; IO_INPUT_BUFFER_OUTPUT_X54_Y0_N1_I2         ; IO_INPUT_BUFFER_OUTPUT                                                                                                               ;
;   0.417 ;   0.000  ;    ; RE   ; 1      ; IO_RE_X54_Y0_N0_I96                         ; IO_RE                                                                                                                                ;
;   0.505 ;   0.088  ;    ; RE   ; 1      ; IO_RE_X54_Y0_N0_I66                         ; IO_RE                                                                                                                                ;
;   0.505 ;   0.000  ;    ; RE   ; 1      ; CLKBUF_CLUSTER_RE_X58_Y0_N0_I1614           ; CLKBUF_CLUSTER_RE                                                                                                                    ;
;   0.505 ;   0.000  ;    ; RE   ; 1      ; CLKBUF_CLUSTER_RE_X58_Y0_N0_I616            ; CLKBUF_CLUSTER_RE                                                                                                                    ;
;   0.505 ;   0.000  ;    ; RE   ; 1      ; GCLK_CLUSTER_RE_X58_Y0_N6_I10               ; GCLK_CLUSTER_RE                                                                                                                      ;
;   0.505 ;   0.000  ;    ; RE   ; 1      ; CLKBUFBLOCK_INPUT_X58_Y0_N7_I0              ; CLKBUFBLOCK_INPUT                                                                                                                    ;
;   0.505 ;   0.000  ; RR ; IC   ; 1      ; CLKCTRL_G6                                  ; clk~inputCLKENA0|inclk                                                                                                               ;
;   0.644 ;   0.139  ; RR ; CELL ; 37157  ; CLKCTRL_G6                                  ; clk~inputCLKENA0|outclk                                                                                                              ;
;   0.644 ;   0.000  ;    ; RE   ; 1      ; CLKCTRL_G6                                  ; ARRIAV_CLKBUF                                                                                                                        ;
;   0.644 ;   0.000  ;    ; RE   ; 1      ; CLKBUFBLOCK_OUTPUT_X58_Y0_N7_I2             ; CLKBUFBLOCK_OUTPUT                                                                                                                   ;
;   0.644 ;   0.000  ;    ; RE   ; 1      ; GCLK_CLUSTER_RE_X58_Y0_N6_I12               ; GCLK_CLUSTER_RE                                                                                                                      ;
;   0.644 ;   0.000  ;    ; RE   ; 1      ; CLKBUF_CLUSTER_RE_X58_Y0_N0_I417            ; CLKBUF_CLUSTER_RE                                                                                                                    ;
;   1.136 ;   0.492  ;    ; RE   ; 16     ; GLOBAL_CLOCK_X0_Y58_N0_I6                   ; GLOBAL_CLOCK                                                                                                                         ;
;   1.265 ;   0.129  ;    ; RE   ; 29     ; SPINE_CLOCK_X106_Y30_N0_I2                  ; SPINE_CLOCK                                                                                                                          ;
;   1.449 ;   0.184  ;    ; RE   ; 1      ; SCLK_TO_ROWCLK_BUF_X106_Y56_N0_I12          ; SCLK_TO_ROWCLK_BUF                                                                                                                   ;
;   1.489 ;   0.040  ;    ; RE   ; 2      ; SCLK_TO_ROWCLK_BUF_X106_Y56_N0_I15          ; SCLK_TO_ROWCLK_BUF                                                                                                                   ;
;   1.691 ;   0.202  ;    ; RE   ; 13     ; LAB_CLK_X92_Y56_N0_I2                       ; LAB_CLK                                                                                                                              ;
;   1.748 ;   0.057  ;    ; RE   ; 1      ; BLK_CLK_BUF_X102_Y56_N0_I2                  ; BLK_CLK_BUF                                                                                                                          ;
;   1.761 ;   0.013  ;    ; RE   ; 1      ; ROWCLKSEL_PREBUF_X102_Y56_N0_I2             ; ROWCLKSEL_PREBUF                                                                                                                     ;
;   1.781 ;   0.020  ;    ; RE   ; 1      ; ROWCLKSEL_X102_Y56_N0_I1                    ; ROWCLKSEL                                                                                                                            ;
;   1.781 ;   0.000  ;    ; RE   ; 2      ; GLOBAL_LOCAL_SEL_X102_Y56_N0_I1             ; GLOBAL_LOCAL_SEL                                                                                                                     ;
;   1.781 ;   0.000  ;    ; RE   ; 8      ; LAB_INPUT_X102_Y56_N0_I0                    ; LAB_INPUT                                                                                                                            ;
;   1.780 ;   -0.001 ; RR ; IC   ; 1      ; FF_X102_Y56_N14                             ; u_vectors|group_write_mask_q_rtl_0|auto_generated|dffe6|clk                                                                          ;
;   1.989 ;   0.209  ; RR ; CELL ; 1      ; FF_X102_Y56_N14                             ; llm_bank_ram:u_vectors|altshift_taps:group_write_mask_q_rtl_0|shift_taps_tcv:auto_generated|dffe6                                    ;
; 2.731   ; 0.742    ;    ;      ;        ;                                             ; data path                                                                                                                            ;
;   1.989 ;   0.000  ;    ; uTco ; 1      ; FF_X102_Y56_N14                             ; llm_bank_ram:u_vectors|altshift_taps:group_write_mask_q_rtl_0|shift_taps_tcv:auto_generated|dffe6                                    ;
;   1.989 ;   0.000  ; RR ; CELL ; 32     ; FF_X102_Y56_N14                             ; u_vectors|group_write_mask_q_rtl_0|auto_generated|dffe6|q                                                                            ;
;   2.014 ;   0.025  ;    ; RE   ; 1      ; FF_X102_Y56_N14                             ; ARRIAV_FF                                                                                                                            ;
;   2.070 ;   0.056  ;    ; RE   ; 3      ; LE_BUFFER_X102_Y56_N0_I9                    ; LE_BUFFER                                                                                                                            ;
;   2.294 ;   0.224  ;    ; RE   ; 1      ; C4_X101_Y57_N0_I1                           ; V_SEG4                                                                                                                               ;
;   2.362 ;   0.068  ;    ; RE   ; 1      ; R3_X99_Y59_N0_I20                           ; H_SEG3                                                                                                                               ;
;   2.427 ;   0.065  ;    ; RE   ; 1      ; LOCAL_INTERCONNECT_X100_Y59_N0_I42          ; LAB_LINE                                                                                                                             ;
;   2.497 ;   0.070  ;    ; RE   ; 1      ; BLOCK_INPUT_MUX_PASSTHROUGH_X100_Y59_N0_I83 ; LEIM                                                                                                                                 ;
;   2.497 ;   0.000  ;    ; RE   ; 1      ; GLOBAL_LOCAL_SEL_X100_Y59_N0_I2             ; GLOBAL_LOCAL_SEL                                                                                                                     ;
;   2.497 ;   0.000  ;    ; RE   ; 3      ; LAB_INPUT_X100_Y59_N0_I3                    ; LAB_INPUT                                                                                                                            ;
;   2.497 ;   0.000  ; RR ; IC   ; 1      ; FF_X100_Y59_N32                             ; u_vectors|group_write_mask_q_rtl_0|auto_generated|altsyncram4|ram_block7a4|clrn                                                      ;
;   2.731 ;   0.234  ; RR ; CELL ; 1      ; FF_X100_Y59_N32                             ; llm_bank_ram:u_vectors|altshift_taps:group_write_mask_q_rtl_0|shift_taps_tcv:auto_generated|altsyncram_dfc1:altsyncram4|ram_block7a4 ;
+---------+----------+----+------+--------+---------------------------------------------+--------------------------------------------------------------------------------------------------------------------------------------+

+----------------------------------------------------------------------------------------------------------------------------------------------------------------------------------------------------------------------+
; Data Required Path                                                                                                                                                                                                   ;
+---------+----------+----+------+--------+-------------------------------------+--------------------------------------------------------------------------------------------------------------------------------------+
; Total   ; Incr     ; RF ; Type ; Fanout ; Location                            ; Element                                                                                                                              ;
+---------+----------+----+------+--------+-------------------------------------+--------------------------------------------------------------------------------------------------------------------------------------+
; 0.000   ; 0.000    ;    ;      ;        ;                                     ; latch edge time                                                                                                                      ;
; 2.055   ; 2.055    ;    ;      ;        ;                                     ; clock path                                                                                                                           ;
;   0.000 ;   0.000  ;    ;      ;        ;                                     ; source latency                                                                                                                       ;
;   0.000 ;   0.000  ;    ;      ; 1      ; PIN_AC18                            ; clk                                                                                                                                  ;
;   0.000 ;   0.000  ;    ; RE   ; 1      ; IOPAD_X54_Y0_N0                     ; ARRIAV_IO_PAD                                                                                                                        ;
;   0.000 ;   0.000  ;    ; RE   ; 1      ; IO_PAD_OUTPUT_X54_Y0_N0_I1          ; IO_PAD_OUTPUT                                                                                                                        ;
;   0.000 ;   0.000  ;    ; RE   ; 1      ; IO_INPUT_BUFFER_INPUT_X54_Y0_N1_I0  ; IO_INPUT_BUFFER_INPUT                                                                                                                ;
;   0.000 ;   0.000  ; RR ; IC   ; 1      ; IOIBUF_X54_Y0_N1                    ; clk~input|i                                                                                                                          ;
;   0.417 ;   0.417  ; RR ; CELL ; 1      ; IOIBUF_X54_Y0_N1                    ; clk~input|o                                                                                                                          ;
;   0.417 ;   0.000  ;    ; RE   ; 1      ; IOIBUF_X54_Y0_N1                    ; ARRIAV_IO_IBUF                                                                                                                       ;
;   0.417 ;   0.000  ;    ; RE   ; 1      ; IO_INPUT_BUFFER_OUTPUT_X54_Y0_N1_I2 ; IO_INPUT_BUFFER_OUTPUT                                                                                                               ;
;   0.417 ;   0.000  ;    ; RE   ; 1      ; IO_RE_X54_Y0_N0_I96                 ; IO_RE                                                                                                                                ;
;   0.552 ;   0.135  ;    ; RE   ; 1      ; IO_RE_X54_Y0_N0_I66                 ; IO_RE                                                                                                                                ;
;   0.633 ;   0.081  ;    ; RE   ; 1      ; CLKBUF_CLUSTER_RE_X58_Y0_N0_I1614   ; CLKBUF_CLUSTER_RE                                                                                                                    ;
;   0.633 ;   0.000  ;    ; RE   ; 1      ; CLKBUF_CLUSTER_RE_X58_Y0_N0_I616    ; CLKBUF_CLUSTER_RE                                                                                                                    ;
;   0.633 ;   0.000  ;    ; RE   ; 1      ; GCLK_CLUSTER_RE_X58_Y0_N6_I10       ; GCLK_CLUSTER_RE                                                                                                                      ;
;   0.633 ;   0.000  ;    ; RE   ; 1      ; CLKBUFBLOCK_INPUT_X58_Y0_N7_I0      ; CLKBUFBLOCK_INPUT                                                                                                                    ;
;   0.633 ;   0.000  ; RR ; IC   ; 1      ; CLKCTRL_G6                          ; clk~inputCLKENA0|inclk                                                                                                               ;
;   0.779 ;   0.146  ; RR ; CELL ; 37157  ; CLKCTRL_G6                          ; clk~inputCLKENA0|outclk                                                                                                              ;
;   0.779 ;   0.000  ;    ; RE   ; 1      ; CLKCTRL_G6                          ; ARRIAV_CLKBUF                                                                                                                        ;
;   0.779 ;   0.000  ;    ; RE   ; 1      ; CLKBUFBLOCK_OUTPUT_X58_Y0_N7_I2     ; CLKBUFBLOCK_OUTPUT                                                                                                                   ;
;   0.779 ;   0.000  ;    ; RE   ; 1      ; GCLK_CLUSTER_RE_X58_Y0_N6_I12       ; GCLK_CLUSTER_RE                                                                                                                      ;
;   0.779 ;   0.000  ;    ; RE   ; 1      ; CLKBUF_CLUSTER_RE_X58_Y0_N0_I417    ; CLKBUF_CLUSTER_RE                                                                                                                    ;
;   1.282 ;   0.503  ;    ; RE   ; 16     ; GLOBAL_CLOCK_X0_Y58_N0_I6           ; GLOBAL_CLOCK                                                                                                                         ;
;   1.426 ;   0.144  ;    ; RE   ; 29     ; SPINE_CLOCK_X106_Y59_N0_I2          ; SPINE_CLOCK                                                                                                                          ;
;   1.615 ;   0.189  ;    ; RE   ; 1      ; SCLK_TO_ROWCLK_BUF_X106_Y59_N0_I12  ; SCLK_TO_ROWCLK_BUF                                                                                                                   ;
;   1.655 ;   0.040  ;    ; RE   ; 2      ; SCLK_TO_ROWCLK_BUF_X106_Y59_N0_I15  ; SCLK_TO_ROWCLK_BUF                                                                                                                   ;
;   1.865 ;   0.210  ;    ; RE   ; 12     ; LAB_CLK_X92_Y59_N0_I2               ; LAB_CLK                                                                                                                              ;
;   1.926 ;   0.061  ;    ; RE   ; 1      ; BLK_CLK_BUF_X100_Y59_N0_I2          ; BLK_CLK_BUF                                                                                                                          ;
;   1.940 ;   0.014  ;    ; RE   ; 1      ; ROWCLKSEL_PREBUF_X100_Y59_N0_I2     ; ROWCLKSEL_PREBUF                                                                                                                     ;
;   1.961 ;   0.021  ;    ; RE   ; 1      ; ROWCLKSEL_X100_Y59_N0_I1            ; ROWCLKSEL                                                                                                                            ;
;   1.961 ;   0.000  ;    ; RE   ; 2      ; GLOBAL_LOCAL_SEL_X100_Y59_N0_I1     ; GLOBAL_LOCAL_SEL                                                                                                                     ;
;   1.961 ;   0.000  ;    ; RE   ; 4      ; LAB_INPUT_X100_Y59_N0_I1            ; LAB_INPUT                                                                                                                            ;
;   1.961 ;   0.000  ; RR ; IC   ; 1      ; FF_X100_Y59_N32                     ; u_vectors|group_write_mask_q_rtl_0|auto_generated|altsyncram4|ram_block7a4|clk                                                       ;
;   2.190 ;   0.229  ; RR ; CELL ; 1      ; FF_X100_Y59_N32                     ; llm_bank_ram:u_vectors|altshift_taps:group_write_mask_q_rtl_0|shift_taps_tcv:auto_generated|altsyncram_dfc1:altsyncram4|ram_block7a4 ;
;   2.055 ;   -0.135 ;    ;      ;        ;                                     ; clock pessimism removed                                                                                                              ;
; 2.055   ; 0.000    ;    ;      ;        ;                                     ; clock uncertainty                                                                                                                    ;
; 2.055   ; 0.000    ;    ; uTh  ; 1      ; FF_X100_Y59_N32                     ; llm_bank_ram:u_vectors|altshift_taps:group_write_mask_q_rtl_0|shift_taps_tcv:auto_generated|altsyncram_dfc1:altsyncram4|ram_block7a4 ;
+---------+----------+----+------+--------+-------------------------------------+--------------------------------------------------------------------------------------------------------------------------------------+

----------------------------
; Extra Fitter Information ;
----------------------------
HTML report is unavailable in plain text report export.


Path #19: Removal slack is 0.676 
===============================================================================
+------------------------------------------------------------------------------------------------------------------------------------------------------------+
; Path Summary                                                                                                                                               ;
+--------------------+---------------------------------------------------------------------------------------------------------------------------------------+
; Property           ; Value                                                                                                                                 ;
+--------------------+---------------------------------------------------------------------------------------------------------------------------------------+
; From Node          ; llm_bank_ram:u_vectors|altshift_taps:group_write_mask_q_rtl_0|shift_taps_tcv:auto_generated|dffe6                                     ;
; To Node            ; llm_bank_ram:u_vectors|altshift_taps:group_write_mask_q_rtl_0|shift_taps_tcv:auto_generated|altsyncram_dfc1:altsyncram4|ram_block7a12 ;
; Launch Clock       ; clk                                                                                                                                   ;
; Latch Clock        ; clk                                                                                                                                   ;
; Data Arrival Time  ; 2.731                                                                                                                                 ;
; Data Required Time ; 2.055                                                                                                                                 ;
; Slack              ; 0.676                                                                                                                                 ;
+--------------------+---------------------------------------------------------------------------------------------------------------------------------------+

+------------------------------------------------------------------------------------+
; Statistics                                                                         ;
+------------------------+-------+-------+-------------+------------+--------+-------+
; Property               ; Value ; Count ; Total Delay ; % of Total ; Min    ; Max   ;
+------------------------+-------+-------+-------------+------------+--------+-------+
; Removal Relationship   ; 0.000 ;       ;             ;            ;        ;       ;
; Clock Skew             ; 0.066 ;       ;             ;            ;        ;       ;
; Data Delay             ; 0.742 ;       ;             ;            ;        ;       ;
; Number of Logic Levels ;       ; 0     ;             ;            ;        ;       ;
; Physical Delays        ;       ;       ;             ;            ;        ;       ;
;  Arrival Path          ;       ;       ;             ;            ;        ;       ;
;   Clock                ;       ;       ;             ;            ;        ;       ;
;    IC                  ;       ; 3     ; -0.001      ; 0          ; -0.001 ; 0.000 ;
;    Cell                ;       ; 3     ; 0.765       ; 38         ; 0.139  ; 0.417 ;
;    Routing Element     ;       ; 25    ; 1.225       ; 62         ; 0.000  ; 0.492 ;
;   Data                 ;       ;       ;             ;            ;        ;       ;
;    IC                  ;       ; 1     ; 0.000       ; 0          ; 0.000  ; 0.000 ;
;    Cell                ;       ; 2     ; 0.234       ; 32         ; 0.000  ; 0.234 ;
;    uTco                ;       ; 1     ; 0.000       ; 0          ; 0.000  ; 0.000 ;
;    Routing Element     ;       ; 8     ; 0.508       ; 68         ; 0.000  ; 0.224 ;
;  Required Path         ;       ;       ;             ;            ;        ;       ;
;   Clock                ;       ;       ;             ;            ;        ;       ;
;    IC                  ;       ; 3     ; 0.000       ; 0          ; 0.000  ; 0.000 ;
;    Cell                ;       ; 3     ; 0.792       ; 36         ; 0.146  ; 0.417 ;
;    Routing Element     ;       ; 25    ; 1.398       ; 64         ; 0.000  ; 0.503 ;
+------------------------+-------+-------+-------------+------------+--------+-------+
Note: Negative delays are omitted from totals when calculating percentages

+-------------------------------------------------------------------------------------------------------------------------------------------------------------------------------------------------------------------------------+
; Data Arrival Path                                                                                                                                                                                                             ;
+---------+----------+----+------+--------+---------------------------------------------+---------------------------------------------------------------------------------------------------------------------------------------+
; Total   ; Incr     ; RF ; Type ; Fanout ; Location                                    ; Element                                                                                                                               ;
+---------+----------+----+------+--------+---------------------------------------------+---------------------------------------------------------------------------------------------------------------------------------------+
; 0.000   ; 0.000    ;    ;      ;        ;                                             ; launch edge time                                                                                                                      ;
; 1.989   ; 1.989    ;    ;      ;        ;                                             ; clock path                                                                                                                            ;
;   0.000 ;   0.000  ;    ;      ;        ;                                             ; source latency                                                                                                                        ;
;   0.000 ;   0.000  ;    ;      ; 1      ; PIN_AC18                                    ; clk                                                                                                                                   ;
;   0.000 ;   0.000  ;    ; RE   ; 1      ; IOPAD_X54_Y0_N0                             ; ARRIAV_IO_PAD                                                                                                                         ;
;   0.000 ;   0.000  ;    ; RE   ; 1      ; IO_PAD_OUTPUT_X54_Y0_N0_I1                  ; IO_PAD_OUTPUT                                                                                                                         ;
;   0.000 ;   0.000  ;    ; RE   ; 1      ; IO_INPUT_BUFFER_INPUT_X54_Y0_N1_I0          ; IO_INPUT_BUFFER_INPUT                                                                                                                 ;
;   0.000 ;   0.000  ; RR ; IC   ; 1      ; IOIBUF_X54_Y0_N1                            ; clk~input|i                                                                                                                           ;
;   0.417 ;   0.417  ; RR ; CELL ; 1      ; IOIBUF_X54_Y0_N1                            ; clk~input|o                                                                                                                           ;
;   0.417 ;   0.000  ;    ; RE   ; 1      ; IOIBUF_X54_Y0_N1                            ; ARRIAV_IO_IBUF                                                                                                                        ;
;   0.417 ;   0.000  ;    ; RE   ; 1      ; IO_INPUT_BUFFER_OUTPUT_X54_Y0_N1_I2         ; IO_INPUT_BUFFER_OUTPUT                                                                                                                ;
;   0.417 ;   0.000  ;    ; RE   ; 1      ; IO_RE_X54_Y0_N0_I96                         ; IO_RE                                                                                                                                 ;
;   0.505 ;   0.088  ;    ; RE   ; 1      ; IO_RE_X54_Y0_N0_I66                         ; IO_RE                                                                                                                                 ;
;   0.505 ;   0.000  ;    ; RE   ; 1      ; CLKBUF_CLUSTER_RE_X58_Y0_N0_I1614           ; CLKBUF_CLUSTER_RE                                                                                                                     ;
;   0.505 ;   0.000  ;    ; RE   ; 1      ; CLKBUF_CLUSTER_RE_X58_Y0_N0_I616            ; CLKBUF_CLUSTER_RE                                                                                                                     ;
;   0.505 ;   0.000  ;    ; RE   ; 1      ; GCLK_CLUSTER_RE_X58_Y0_N6_I10               ; GCLK_CLUSTER_RE                                                                                                                       ;
;   0.505 ;   0.000  ;    ; RE   ; 1      ; CLKBUFBLOCK_INPUT_X58_Y0_N7_I0              ; CLKBUFBLOCK_INPUT                                                                                                                     ;
;   0.505 ;   0.000  ; RR ; IC   ; 1      ; CLKCTRL_G6                                  ; clk~inputCLKENA0|inclk                                                                                                                ;
;   0.644 ;   0.139  ; RR ; CELL ; 37157  ; CLKCTRL_G6                                  ; clk~inputCLKENA0|outclk                                                                                                               ;
;   0.644 ;   0.000  ;    ; RE   ; 1      ; CLKCTRL_G6                                  ; ARRIAV_CLKBUF                                                                                                                         ;
;   0.644 ;   0.000  ;    ; RE   ; 1      ; CLKBUFBLOCK_OUTPUT_X58_Y0_N7_I2             ; CLKBUFBLOCK_OUTPUT                                                                                                                    ;
;   0.644 ;   0.000  ;    ; RE   ; 1      ; GCLK_CLUSTER_RE_X58_Y0_N6_I12               ; GCLK_CLUSTER_RE                                                                                                                       ;
;   0.644 ;   0.000  ;    ; RE   ; 1      ; CLKBUF_CLUSTER_RE_X58_Y0_N0_I417            ; CLKBUF_CLUSTER_RE                                                                                                                     ;
;   1.136 ;   0.492  ;    ; RE   ; 16     ; GLOBAL_CLOCK_X0_Y58_N0_I6                   ; GLOBAL_CLOCK                                                                                                                          ;
;   1.265 ;   0.129  ;    ; RE   ; 29     ; SPINE_CLOCK_X106_Y30_N0_I2                  ; SPINE_CLOCK                                                                                                                           ;
;   1.449 ;   0.184  ;    ; RE   ; 1      ; SCLK_TO_ROWCLK_BUF_X106_Y56_N0_I12          ; SCLK_TO_ROWCLK_BUF                                                                                                                    ;
;   1.489 ;   0.040  ;    ; RE   ; 2      ; SCLK_TO_ROWCLK_BUF_X106_Y56_N0_I15          ; SCLK_TO_ROWCLK_BUF                                                                                                                    ;
;   1.691 ;   0.202  ;    ; RE   ; 13     ; LAB_CLK_X92_Y56_N0_I2                       ; LAB_CLK                                                                                                                               ;
;   1.748 ;   0.057  ;    ; RE   ; 1      ; BLK_CLK_BUF_X102_Y56_N0_I2                  ; BLK_CLK_BUF                                                                                                                           ;
;   1.761 ;   0.013  ;    ; RE   ; 1      ; ROWCLKSEL_PREBUF_X102_Y56_N0_I2             ; ROWCLKSEL_PREBUF                                                                                                                      ;
;   1.781 ;   0.020  ;    ; RE   ; 1      ; ROWCLKSEL_X102_Y56_N0_I1                    ; ROWCLKSEL                                                                                                                             ;
;   1.781 ;   0.000  ;    ; RE   ; 2      ; GLOBAL_LOCAL_SEL_X102_Y56_N0_I1             ; GLOBAL_LOCAL_SEL                                                                                                                      ;
;   1.781 ;   0.000  ;    ; RE   ; 8      ; LAB_INPUT_X102_Y56_N0_I0                    ; LAB_INPUT                                                                                                                             ;
;   1.780 ;   -0.001 ; RR ; IC   ; 1      ; FF_X102_Y56_N14                             ; u_vectors|group_write_mask_q_rtl_0|auto_generated|dffe6|clk                                                                           ;
;   1.989 ;   0.209  ; RR ; CELL ; 1      ; FF_X102_Y56_N14                             ; llm_bank_ram:u_vectors|altshift_taps:group_write_mask_q_rtl_0|shift_taps_tcv:auto_generated|dffe6                                     ;
; 2.731   ; 0.742    ;    ;      ;        ;                                             ; data path                                                                                                                             ;
;   1.989 ;   0.000  ;    ; uTco ; 1      ; FF_X102_Y56_N14                             ; llm_bank_ram:u_vectors|altshift_taps:group_write_mask_q_rtl_0|shift_taps_tcv:auto_generated|dffe6                                     ;
;   1.989 ;   0.000  ; RR ; CELL ; 32     ; FF_X102_Y56_N14                             ; u_vectors|group_write_mask_q_rtl_0|auto_generated|dffe6|q                                                                             ;
;   2.014 ;   0.025  ;    ; RE   ; 1      ; FF_X102_Y56_N14                             ; ARRIAV_FF                                                                                                                             ;
;   2.070 ;   0.056  ;    ; RE   ; 3      ; LE_BUFFER_X102_Y56_N0_I9                    ; LE_BUFFER                                                                                                                             ;
;   2.294 ;   0.224  ;    ; RE   ; 1      ; C4_X101_Y57_N0_I1                           ; V_SEG4                                                                                                                                ;
;   2.362 ;   0.068  ;    ; RE   ; 1      ; R3_X99_Y59_N0_I20                           ; H_SEG3                                                                                                                                ;
;   2.427 ;   0.065  ;    ; RE   ; 1      ; LOCAL_INTERCONNECT_X100_Y59_N0_I42          ; LAB_LINE                                                                                                                              ;
;   2.497 ;   0.070  ;    ; RE   ; 1      ; BLOCK_INPUT_MUX_PASSTHROUGH_X100_Y59_N0_I83 ; LEIM                                                                                                                                  ;
;   2.497 ;   0.000  ;    ; RE   ; 1      ; GLOBAL_LOCAL_SEL_X100_Y59_N0_I2             ; GLOBAL_LOCAL_SEL                                                                                                                      ;
;   2.497 ;   0.000  ;    ; RE   ; 3      ; LAB_INPUT_X100_Y59_N0_I3                    ; LAB_INPUT                                                                                                                             ;
;   2.497 ;   0.000  ; RR ; IC   ; 1      ; FF_X100_Y59_N14                             ; u_vectors|group_write_mask_q_rtl_0|auto_generated|altsyncram4|ram_block7a12|clrn                                                      ;
;   2.731 ;   0.234  ; RR ; CELL ; 1      ; FF_X100_Y59_N14                             ; llm_bank_ram:u_vectors|altshift_taps:group_write_mask_q_rtl_0|shift_taps_tcv:auto_generated|altsyncram_dfc1:altsyncram4|ram_block7a12 ;
+---------+----------+----+------+--------+---------------------------------------------+---------------------------------------------------------------------------------------------------------------------------------------+

+-----------------------------------------------------------------------------------------------------------------------------------------------------------------------------------------------------------------------+
; Data Required Path                                                                                                                                                                                                    ;
+---------+----------+----+------+--------+-------------------------------------+---------------------------------------------------------------------------------------------------------------------------------------+
; Total   ; Incr     ; RF ; Type ; Fanout ; Location                            ; Element                                                                                                                               ;
+---------+----------+----+------+--------+-------------------------------------+---------------------------------------------------------------------------------------------------------------------------------------+
; 0.000   ; 0.000    ;    ;      ;        ;                                     ; latch edge time                                                                                                                       ;
; 2.055   ; 2.055    ;    ;      ;        ;                                     ; clock path                                                                                                                            ;
;   0.000 ;   0.000  ;    ;      ;        ;                                     ; source latency                                                                                                                        ;
;   0.000 ;   0.000  ;    ;      ; 1      ; PIN_AC18                            ; clk                                                                                                                                   ;
;   0.000 ;   0.000  ;    ; RE   ; 1      ; IOPAD_X54_Y0_N0                     ; ARRIAV_IO_PAD                                                                                                                         ;
;   0.000 ;   0.000  ;    ; RE   ; 1      ; IO_PAD_OUTPUT_X54_Y0_N0_I1          ; IO_PAD_OUTPUT                                                                                                                         ;
;   0.000 ;   0.000  ;    ; RE   ; 1      ; IO_INPUT_BUFFER_INPUT_X54_Y0_N1_I0  ; IO_INPUT_BUFFER_INPUT                                                                                                                 ;
;   0.000 ;   0.000  ; RR ; IC   ; 1      ; IOIBUF_X54_Y0_N1                    ; clk~input|i                                                                                                                           ;
;   0.417 ;   0.417  ; RR ; CELL ; 1      ; IOIBUF_X54_Y0_N1                    ; clk~input|o                                                                                                                           ;
;   0.417 ;   0.000  ;    ; RE   ; 1      ; IOIBUF_X54_Y0_N1                    ; ARRIAV_IO_IBUF                                                                                                                        ;
;   0.417 ;   0.000  ;    ; RE   ; 1      ; IO_INPUT_BUFFER_OUTPUT_X54_Y0_N1_I2 ; IO_INPUT_BUFFER_OUTPUT                                                                                                                ;
;   0.417 ;   0.000  ;    ; RE   ; 1      ; IO_RE_X54_Y0_N0_I96                 ; IO_RE                                                                                                                                 ;
;   0.552 ;   0.135  ;    ; RE   ; 1      ; IO_RE_X54_Y0_N0_I66                 ; IO_RE                                                                                                                                 ;
;   0.633 ;   0.081  ;    ; RE   ; 1      ; CLKBUF_CLUSTER_RE_X58_Y0_N0_I1614   ; CLKBUF_CLUSTER_RE                                                                                                                     ;
;   0.633 ;   0.000  ;    ; RE   ; 1      ; CLKBUF_CLUSTER_RE_X58_Y0_N0_I616    ; CLKBUF_CLUSTER_RE                                                                                                                     ;
;   0.633 ;   0.000  ;    ; RE   ; 1      ; GCLK_CLUSTER_RE_X58_Y0_N6_I10       ; GCLK_CLUSTER_RE                                                                                                                       ;
;   0.633 ;   0.000  ;    ; RE   ; 1      ; CLKBUFBLOCK_INPUT_X58_Y0_N7_I0      ; CLKBUFBLOCK_INPUT                                                                                                                     ;
;   0.633 ;   0.000  ; RR ; IC   ; 1      ; CLKCTRL_G6                          ; clk~inputCLKENA0|inclk                                                                                                                ;
;   0.779 ;   0.146  ; RR ; CELL ; 37157  ; CLKCTRL_G6                          ; clk~inputCLKENA0|outclk                                                                                                               ;
;   0.779 ;   0.000  ;    ; RE   ; 1      ; CLKCTRL_G6                          ; ARRIAV_CLKBUF                                                                                                                         ;
;   0.779 ;   0.000  ;    ; RE   ; 1      ; CLKBUFBLOCK_OUTPUT_X58_Y0_N7_I2     ; CLKBUFBLOCK_OUTPUT                                                                                                                    ;
;   0.779 ;   0.000  ;    ; RE   ; 1      ; GCLK_CLUSTER_RE_X58_Y0_N6_I12       ; GCLK_CLUSTER_RE                                                                                                                       ;
;   0.779 ;   0.000  ;    ; RE   ; 1      ; CLKBUF_CLUSTER_RE_X58_Y0_N0_I417    ; CLKBUF_CLUSTER_RE                                                                                                                     ;
;   1.282 ;   0.503  ;    ; RE   ; 16     ; GLOBAL_CLOCK_X0_Y58_N0_I6           ; GLOBAL_CLOCK                                                                                                                          ;
;   1.426 ;   0.144  ;    ; RE   ; 29     ; SPINE_CLOCK_X106_Y59_N0_I2          ; SPINE_CLOCK                                                                                                                           ;
;   1.615 ;   0.189  ;    ; RE   ; 1      ; SCLK_TO_ROWCLK_BUF_X106_Y59_N0_I12  ; SCLK_TO_ROWCLK_BUF                                                                                                                    ;
;   1.655 ;   0.040  ;    ; RE   ; 2      ; SCLK_TO_ROWCLK_BUF_X106_Y59_N0_I15  ; SCLK_TO_ROWCLK_BUF                                                                                                                    ;
;   1.865 ;   0.210  ;    ; RE   ; 12     ; LAB_CLK_X92_Y59_N0_I2               ; LAB_CLK                                                                                                                               ;
;   1.926 ;   0.061  ;    ; RE   ; 1      ; BLK_CLK_BUF_X100_Y59_N0_I2          ; BLK_CLK_BUF                                                                                                                           ;
;   1.940 ;   0.014  ;    ; RE   ; 1      ; ROWCLKSEL_PREBUF_X100_Y59_N0_I2     ; ROWCLKSEL_PREBUF                                                                                                                      ;
;   1.961 ;   0.021  ;    ; RE   ; 1      ; ROWCLKSEL_X100_Y59_N0_I1            ; ROWCLKSEL                                                                                                                             ;
;   1.961 ;   0.000  ;    ; RE   ; 2      ; GLOBAL_LOCAL_SEL_X100_Y59_N0_I1     ; GLOBAL_LOCAL_SEL                                                                                                                      ;
;   1.961 ;   0.000  ;    ; RE   ; 4      ; LAB_INPUT_X100_Y59_N0_I1            ; LAB_INPUT                                                                                                                             ;
;   1.961 ;   0.000  ; RR ; IC   ; 1      ; FF_X100_Y59_N14                     ; u_vectors|group_write_mask_q_rtl_0|auto_generated|altsyncram4|ram_block7a12|clk                                                       ;
;   2.190 ;   0.229  ; RR ; CELL ; 1      ; FF_X100_Y59_N14                     ; llm_bank_ram:u_vectors|altshift_taps:group_write_mask_q_rtl_0|shift_taps_tcv:auto_generated|altsyncram_dfc1:altsyncram4|ram_block7a12 ;
;   2.055 ;   -0.135 ;    ;      ;        ;                                     ; clock pessimism removed                                                                                                               ;
; 2.055   ; 0.000    ;    ;      ;        ;                                     ; clock uncertainty                                                                                                                     ;
; 2.055   ; 0.000    ;    ; uTh  ; 1      ; FF_X100_Y59_N14                     ; llm_bank_ram:u_vectors|altshift_taps:group_write_mask_q_rtl_0|shift_taps_tcv:auto_generated|altsyncram_dfc1:altsyncram4|ram_block7a12 ;
+---------+----------+----+------+--------+-------------------------------------+---------------------------------------------------------------------------------------------------------------------------------------+

----------------------------
; Extra Fitter Information ;
----------------------------
HTML report is unavailable in plain text report export.


Path #20: Removal slack is 0.741 
===============================================================================
+------------------------------------------+
; Path Summary                             ;
+--------------------+---------------------+
; Property           ; Value               ;
+--------------------+---------------------+
; From Node          ; rst_n               ;
; To Node            ; host_rdata[13]~reg0 ;
; Launch Clock       ; clk                 ;
; Latch Clock        ; clk                 ;
; Data Arrival Time  ; 3.375               ;
; Data Required Time ; 2.634               ;
; Slack              ; 0.741               ;
+--------------------+---------------------+

+--------------------------------------------------------------------------------------+
; Statistics                                                                           ;
+---------------------------+-------+-------+-------------+------------+-------+-------+
; Property                  ; Value ; Count ; Total Delay ; % of Total ; Min   ; Max   ;
+---------------------------+-------+-------+-------------+------------+-------+-------+
; Removal Relationship      ; 0.000 ;       ;             ;            ;       ;       ;
; Clock Skew                ; 2.634 ;       ;             ;            ;       ;       ;
; Data Delay                ; 2.875 ;       ;             ;            ;       ;       ;
; Number of Logic Levels    ;       ; 2     ;             ;            ;       ;       ;
; Physical Delays           ;       ;       ;             ;            ;       ;       ;
;  Arrival Path             ;       ;       ;             ;            ;       ;       ;
;   Clock                   ;       ;       ;             ;            ;       ;       ;
;    Clock Network (Lumped) ;       ; 1     ; 0.000       ;            ; 0.000 ; 0.000 ;
;   Data                    ;       ;       ;             ;            ;       ;       ;
;    IC                     ;       ; 3     ; 0.000       ; 0          ; 0.000 ; 0.000 ;
;    Cell                   ;       ; 3     ; 1.227       ; 43         ; 0.196 ; 0.781 ;
;    Routing Element        ;       ; 28    ; 1.648       ; 57         ; 0.000 ; 0.501 ;
;  Required Path            ;       ;       ;             ;            ;       ;       ;
;   Clock                   ;       ;       ;             ;            ;       ;       ;
;    IC                     ;       ; 3     ; 0.001       ; 0          ; 0.000 ; 0.001 ;
;    Cell                   ;       ; 3     ; 0.941       ; 36         ; 0.146 ; 0.417 ;
;    Routing Element        ;       ; 31    ; 1.692       ; 64         ; 0.000 ; 0.503 ;
+---------------------------+-------+-------+-------------+------------+-------+-------+
Note: Negative delays are omitted from totals when calculating percentages

+------------------------------------------------------------------------------------------------------------------+
; Data Arrival Path                                                                                                ;
+---------+---------+----+------+--------+---------------------------------------------+---------------------------+
; Total   ; Incr    ; RF ; Type ; Fanout ; Location                                    ; Element                   ;
+---------+---------+----+------+--------+---------------------------------------------+---------------------------+
; 0.000   ; 0.000   ;    ;      ;        ;                                             ; launch edge time          ;
; 0.000   ; 0.000   ;    ;      ;        ;                                             ; clock path                ;
;   0.000 ;   0.000 ; R  ;      ;        ;                                             ; clock network delay       ;
; 0.500   ; 0.500   ; R  ; iExt ; 1      ; PIN_V27                                     ; rst_n                     ;
; 3.375   ; 2.875   ;    ;      ;        ;                                             ; data path                 ;
;   0.500 ;   0.000 ;    ; RE   ; 1      ; IOPAD_X121_Y51_N60                          ; ARRIAV_IO_PAD             ;
;   0.500 ;   0.000 ;    ; RE   ; 1      ; IO_PAD_OUTPUT_X121_Y51_N60_I1               ; IO_PAD_OUTPUT             ;
;   0.500 ;   0.000 ;    ; RE   ; 1      ; IO_INPUT_BUFFER_INPUT_X121_Y51_N61_I0       ; IO_INPUT_BUFFER_INPUT     ;
;   0.500 ;   0.000 ; RR ; IC   ; 1      ; IOIBUF_X121_Y51_N61                         ; rst_n~input|i             ;
;   1.281 ;   0.781 ; RR ; CELL ; 1294   ; IOIBUF_X121_Y51_N61                         ; rst_n~input|o             ;
;   1.281 ;   0.000 ;    ; RE   ; 1      ; IOIBUF_X121_Y51_N61                         ; ARRIAV_IO_IBUF            ;
;   1.281 ;   0.000 ;    ; RE   ; 1      ; IO_INPUT_BUFFER_OUTPUT_X121_Y51_N61_I2      ; IO_INPUT_BUFFER_OUTPUT    ;
;   1.281 ;   0.000 ;    ; RE   ; 2      ; IO_RE_X121_Y51_N60_I96                      ; IO_RE                     ;
;   1.371 ;   0.090 ;    ; RE   ; 1      ; IO_RE_X121_Y51_N60_I66                      ; IO_RE                     ;
;   1.504 ;   0.133 ;    ; RE   ; 1      ; CLKBUF_CLUSTER_RE_X121_Y56_N3_I421          ; CLKBUF_CLUSTER_RE         ;
;   1.504 ;   0.000 ;    ; RE   ; 1      ; CLKBUF_CLUSTER_RE_X121_Y56_N3_I772          ; CLKBUF_CLUSTER_RE         ;
;   1.504 ;   0.000 ;    ; RE   ; 1      ; CLKBUF_CLUSTER_RE_X121_Y56_N3_I557          ; CLKBUF_CLUSTER_RE         ;
;   1.504 ;   0.000 ;    ; RE   ; 1      ; GCLK_CLUSTER_RE_X121_Y56_N6_I10             ; GCLK_CLUSTER_RE           ;
;   1.504 ;   0.000 ;    ; RE   ; 1      ; CLKBUFBLOCK_INPUT_X121_Y56_N7_I0            ; CLKBUFBLOCK_INPUT         ;
;   1.504 ;   0.000 ; RR ; IC   ; 1      ; CLKCTRL_G9                                  ; rst_n~inputCLKENA0|inclk  ;
;   1.700 ;   0.196 ; RR ; CELL ; 2145   ; CLKCTRL_G9                                  ; rst_n~inputCLKENA0|outclk ;
;   1.700 ;   0.000 ;    ; RE   ; 1      ; CLKCTRL_G9                                  ; ARRIAV_CLKBUF             ;
;   1.700 ;   0.000 ;    ; RE   ; 1      ; CLKBUFBLOCK_OUTPUT_X121_Y56_N7_I2           ; CLKBUFBLOCK_OUTPUT        ;
;   1.700 ;   0.000 ;    ; RE   ; 1      ; GCLK_CLUSTER_RE_X121_Y56_N6_I12             ; GCLK_CLUSTER_RE           ;
;   1.700 ;   0.000 ;    ; RE   ; 1      ; CLKBUF_CLUSTER_RE_X121_Y56_N3_I416          ; CLKBUF_CLUSTER_RE         ;
;   2.201 ;   0.501 ;    ; RE   ; 16     ; GLOBAL_CLOCK_X0_Y58_N0_I9                   ; GLOBAL_CLOCK              ;
;   2.340 ;   0.139 ;    ; RE   ; 18     ; SPINE_CLOCK_X106_Y59_N0_I7                  ; SPINE_CLOCK               ;
;   2.524 ;   0.184 ;    ; RE   ; 1      ; SCLK_TO_ROWCLK_BUF_X106_Y63_N0_I43          ; SCLK_TO_ROWCLK_BUF        ;
;   2.563 ;   0.039 ;    ; RE   ; 2      ; SCLK_TO_ROWCLK_BUF_X106_Y63_N0_I46          ; SCLK_TO_ROWCLK_BUF        ;
;   2.778 ;   0.215 ;    ; RE   ; 2      ; LAB_CLK_X107_Y63_N0_I5                      ; LAB_CLK                   ;
;   2.847 ;   0.069 ;    ; RE   ; 1      ; BLK_CLK_BUF_X121_Y63_N0_I5                  ; BLK_CLK_BUF               ;
;   2.888 ;   0.041 ;    ; RE   ; 1      ; BLK_CLK_LIM_X121_Y63_N0_I5                  ; BLK_CLK_LIM               ;
;   2.964 ;   0.076 ;    ; RE   ; 3      ; LOCAL_INTERCONNECT_X121_Y63_N0_I71          ; LAB_LINE                  ;
;   2.995 ;   0.031 ;    ; RE   ; 1      ; BLOCK_INPUT_MUX_PASSTHROUGH_X121_Y63_N0_I18 ; LEIM                      ;
;   3.125 ;   0.130 ;    ; RE   ; 1      ; IO_RE_X121_Y63_N54_I5                       ; IO_RE                     ;
;   3.125 ;   0.000 ;    ; RE   ; 1      ; IO_OUTPUT_PATH_RE_X121_Y63_N62_I9           ; IO_OUTPUT_PATH_RE         ;
;   3.125 ;   0.000 ;    ; RE   ; 1      ; MP_DDIO_OUT_INPUT_X121_Y63_N64_I3           ; MP_DDIO_OUT_INPUT         ;
;   3.125 ;   0.000 ; RR ; IC   ; 1      ; DDIOOUTCELL_X121_Y63_N64                    ; host_rdata[13]~reg0|clrn  ;
;   3.375 ;   0.250 ; RR ; CELL ; 1      ; DDIOOUTCELL_X121_Y63_N64                    ; host_rdata[13]~reg0       ;
+---------+---------+----+------+--------+---------------------------------------------+---------------------------+

+---------------------------------------------------------------------------------------------------------------+
; Data Required Path                                                                                            ;
+---------+---------+----+------+--------+-------------------------------------------+--------------------------+
; Total   ; Incr    ; RF ; Type ; Fanout ; Location                                  ; Element                  ;
+---------+---------+----+------+--------+-------------------------------------------+--------------------------+
; 0.000   ; 0.000   ;    ;      ;        ;                                           ; latch edge time          ;
; 2.634   ; 2.634   ;    ;      ;        ;                                           ; clock path               ;
;   0.000 ;   0.000 ;    ;      ;        ;                                           ; source latency           ;
;   0.000 ;   0.000 ;    ;      ; 1      ; PIN_AC18                                  ; clk                      ;
;   0.000 ;   0.000 ;    ; RE   ; 1      ; IOPAD_X54_Y0_N0                           ; ARRIAV_IO_PAD            ;
;   0.000 ;   0.000 ;    ; RE   ; 1      ; IO_PAD_OUTPUT_X54_Y0_N0_I1                ; IO_PAD_OUTPUT            ;
;   0.000 ;   0.000 ;    ; RE   ; 1      ; IO_INPUT_BUFFER_INPUT_X54_Y0_N1_I0        ; IO_INPUT_BUFFER_INPUT    ;
;   0.000 ;   0.000 ; RR ; IC   ; 1      ; IOIBUF_X54_Y0_N1                          ; clk~input|i              ;
;   0.417 ;   0.417 ; RR ; CELL ; 1      ; IOIBUF_X54_Y0_N1                          ; clk~input|o              ;
;   0.417 ;   0.000 ;    ; RE   ; 1      ; IOIBUF_X54_Y0_N1                          ; ARRIAV_IO_IBUF           ;
;   0.417 ;   0.000 ;    ; RE   ; 1      ; IO_INPUT_BUFFER_OUTPUT_X54_Y0_N1_I2       ; IO_INPUT_BUFFER_OUTPUT   ;
;   0.417 ;   0.000 ;    ; RE   ; 1      ; IO_RE_X54_Y0_N0_I96                       ; IO_RE                    ;
;   0.552 ;   0.135 ;    ; RE   ; 1      ; IO_RE_X54_Y0_N0_I66                       ; IO_RE                    ;
;   0.633 ;   0.081 ;    ; RE   ; 1      ; CLKBUF_CLUSTER_RE_X58_Y0_N0_I1614         ; CLKBUF_CLUSTER_RE        ;
;   0.633 ;   0.000 ;    ; RE   ; 1      ; CLKBUF_CLUSTER_RE_X58_Y0_N0_I616          ; CLKBUF_CLUSTER_RE        ;
;   0.633 ;   0.000 ;    ; RE   ; 1      ; GCLK_CLUSTER_RE_X58_Y0_N6_I10             ; GCLK_CLUSTER_RE          ;
;   0.633 ;   0.000 ;    ; RE   ; 1      ; CLKBUFBLOCK_INPUT_X58_Y0_N7_I0            ; CLKBUFBLOCK_INPUT        ;
;   0.633 ;   0.000 ; RR ; IC   ; 1      ; CLKCTRL_G6                                ; clk~inputCLKENA0|inclk   ;
;   0.779 ;   0.146 ; RR ; CELL ; 37157  ; CLKCTRL_G6                                ; clk~inputCLKENA0|outclk  ;
;   0.779 ;   0.000 ;    ; RE   ; 1      ; CLKCTRL_G6                                ; ARRIAV_CLKBUF            ;
;   0.779 ;   0.000 ;    ; RE   ; 1      ; CLKBUFBLOCK_OUTPUT_X58_Y0_N7_I2           ; CLKBUFBLOCK_OUTPUT       ;
;   0.779 ;   0.000 ;    ; RE   ; 1      ; GCLK_CLUSTER_RE_X58_Y0_N6_I12             ; GCLK_CLUSTER_RE          ;
;   0.779 ;   0.000 ;    ; RE   ; 1      ; CLKBUF_CLUSTER_RE_X58_Y0_N0_I417          ; CLKBUF_CLUSTER_RE        ;
;   1.282 ;   0.503 ;    ; RE   ; 16     ; GLOBAL_CLOCK_X0_Y58_N0_I6                 ; GLOBAL_CLOCK             ;
;   1.425 ;   0.143 ;    ; RE   ; 29     ; SPINE_CLOCK_X106_Y59_N0_I2                ; SPINE_CLOCK              ;
;   1.614 ;   0.189 ;    ; RE   ; 1      ; SCLK_TO_ROWCLK_BUF_X106_Y63_N0_I12        ; SCLK_TO_ROWCLK_BUF       ;
;   1.654 ;   0.040 ;    ; RE   ; 2      ; SCLK_TO_ROWCLK_BUF_X106_Y63_N0_I15        ; SCLK_TO_ROWCLK_BUF       ;
;   1.875 ;   0.221 ;    ; RE   ; 6      ; LAB_CLK_X107_Y63_N0_I2                    ; LAB_CLK                  ;
;   1.949 ;   0.074 ;    ; RE   ; 1      ; BLK_CLK_BUF_X121_Y63_N0_I2                ; BLK_CLK_BUF              ;
;   2.001 ;   0.052 ;    ; RE   ; 2      ; BLK_CLK_LIM_X121_Y63_N0_I2                ; BLK_CLK_LIM              ;
;   2.078 ;   0.077 ;    ; RE   ; 2      ; LOCAL_INTERCONNECT_X121_Y63_N0_I26        ; LAB_LINE                 ;
;   2.115 ;   0.037 ;    ; RE   ; 1      ; LEIMC_X121_Y63_N0_I0                      ; LEIMC                    ;
;   2.115 ;   0.000 ;    ; RE   ; 1      ; GLOBAL_LOCAL_SEL_X121_Y63_N0_I0           ; GLOBAL_LOCAL_SEL         ;
;   2.255 ;   0.140 ;    ; RE   ; 1      ; IO_RE_X121_Y63_N54_I11                    ; IO_RE                    ;
;   2.255 ;   0.000 ;    ; RE   ; 1      ; IO_OUTPUT_ENABLE_PATH_RE_X121_Y63_N58_I6  ; IO_OUTPUT_ENABLE_PATH_RE ;
;   2.255 ;   0.000 ;    ; RE   ; 1      ; IO_OUTPUT_ENABLE_PATH_RE_X121_Y63_N58_I22 ; IO_OUTPUT_ENABLE_PATH_RE ;
;   2.255 ;   0.000 ;    ; RE   ; 1      ; IO_OUTPUT_ENABLE_PATH_RE_X121_Y63_N58_I14 ; IO_OUTPUT_ENABLE_PATH_RE ;
;   2.255 ;   0.000 ;    ; RE   ; 1      ; IO_OUTPUT_PATH_RE_X121_Y63_N62_I5         ; IO_OUTPUT_PATH_RE        ;
;   2.255 ;   0.000 ;    ; RE   ; 1      ; MP_DDIO_OUT_INPUT_X121_Y63_N64_I0         ; MP_DDIO_OUT_INPUT        ;
;   2.256 ;   0.001 ; RR ; IC   ; 1      ; DDIOOUTCELL_X121_Y63_N64                  ; host_rdata[13]~reg0|clk  ;
;   2.634 ;   0.378 ; RR ; CELL ; 1      ; DDIOOUTCELL_X121_Y63_N64                  ; host_rdata[13]~reg0      ;
; 2.634   ; 0.000   ;    ;      ;        ;                                           ; clock uncertainty        ;
; 2.634   ; 0.000   ;    ; uTh  ; 1      ; DDIOOUTCELL_X121_Y63_N64                  ; host_rdata[13]~reg0      ;
+---------+---------+----+------+--------+-------------------------------------------+--------------------------+

----------------------------
; Extra Fitter Information ;
----------------------------
HTML report is unavailable in plain text report export.


Path #21: Removal slack is 0.743 
===============================================================================
+------------------------------------------+
; Path Summary                             ;
+--------------------+---------------------+
; Property           ; Value               ;
+--------------------+---------------------+
; From Node          ; rst_n               ;
; To Node            ; host_rdata[15]~reg0 ;
; Launch Clock       ; clk                 ;
; Latch Clock        ; clk                 ;
; Data Arrival Time  ; 3.360               ;
; Data Required Time ; 2.617               ;
; Slack              ; 0.743               ;
+--------------------+---------------------+

+--------------------------------------------------------------------------------------+
; Statistics                                                                           ;
+---------------------------+-------+-------+-------------+------------+-------+-------+
; Property                  ; Value ; Count ; Total Delay ; % of Total ; Min   ; Max   ;
+---------------------------+-------+-------+-------------+------------+-------+-------+
; Removal Relationship      ; 0.000 ;       ;             ;            ;       ;       ;
; Clock Skew                ; 2.617 ;       ;             ;            ;       ;       ;
; Data Delay                ; 2.860 ;       ;             ;            ;       ;       ;
; Number of Logic Levels    ;       ; 2     ;             ;            ;       ;       ;
; Physical Delays           ;       ;       ;             ;            ;       ;       ;
;  Arrival Path             ;       ;       ;             ;            ;       ;       ;
;   Clock                   ;       ;       ;             ;            ;       ;       ;
;    Clock Network (Lumped) ;       ; 1     ; 0.000       ;            ; 0.000 ; 0.000 ;
;   Data                    ;       ;       ;             ;            ;       ;       ;
;    IC                     ;       ; 3     ; 0.001       ; 0          ; 0.000 ; 0.001 ;
;    Cell                   ;       ; 3     ; 1.227       ; 43         ; 0.196 ; 0.781 ;
;    Routing Element        ;       ; 28    ; 1.632       ; 57         ; 0.000 ; 0.501 ;
;  Required Path            ;       ;       ;             ;            ;       ;       ;
;   Clock                   ;       ;       ;             ;            ;       ;       ;
;    IC                     ;       ; 3     ; 0.001       ; 0          ; 0.000 ; 0.001 ;
;    Cell                   ;       ; 3     ; 0.941       ; 36         ; 0.146 ; 0.417 ;
;    Routing Element        ;       ; 31    ; 1.675       ; 64         ; 0.000 ; 0.503 ;
+---------------------------+-------+-------+-------------+------------+-------+-------+
Note: Negative delays are omitted from totals when calculating percentages

+------------------------------------------------------------------------------------------------------------------+
; Data Arrival Path                                                                                                ;
+---------+---------+----+------+--------+---------------------------------------------+---------------------------+
; Total   ; Incr    ; RF ; Type ; Fanout ; Location                                    ; Element                   ;
+---------+---------+----+------+--------+---------------------------------------------+---------------------------+
; 0.000   ; 0.000   ;    ;      ;        ;                                             ; launch edge time          ;
; 0.000   ; 0.000   ;    ;      ;        ;                                             ; clock path                ;
;   0.000 ;   0.000 ; R  ;      ;        ;                                             ; clock network delay       ;
; 0.500   ; 0.500   ; R  ; iExt ; 1      ; PIN_V27                                     ; rst_n                     ;
; 3.360   ; 2.860   ;    ;      ;        ;                                             ; data path                 ;
;   0.500 ;   0.000 ;    ; RE   ; 1      ; IOPAD_X121_Y51_N60                          ; ARRIAV_IO_PAD             ;
;   0.500 ;   0.000 ;    ; RE   ; 1      ; IO_PAD_OUTPUT_X121_Y51_N60_I1               ; IO_PAD_OUTPUT             ;
;   0.500 ;   0.000 ;    ; RE   ; 1      ; IO_INPUT_BUFFER_INPUT_X121_Y51_N61_I0       ; IO_INPUT_BUFFER_INPUT     ;
;   0.500 ;   0.000 ; RR ; IC   ; 1      ; IOIBUF_X121_Y51_N61                         ; rst_n~input|i             ;
;   1.281 ;   0.781 ; RR ; CELL ; 1294   ; IOIBUF_X121_Y51_N61                         ; rst_n~input|o             ;
;   1.281 ;   0.000 ;    ; RE   ; 1      ; IOIBUF_X121_Y51_N61                         ; ARRIAV_IO_IBUF            ;
;   1.281 ;   0.000 ;    ; RE   ; 1      ; IO_INPUT_BUFFER_OUTPUT_X121_Y51_N61_I2      ; IO_INPUT_BUFFER_OUTPUT    ;
;   1.281 ;   0.000 ;    ; RE   ; 2      ; IO_RE_X121_Y51_N60_I96                      ; IO_RE                     ;
;   1.371 ;   0.090 ;    ; RE   ; 1      ; IO_RE_X121_Y51_N60_I66                      ; IO_RE                     ;
;   1.504 ;   0.133 ;    ; RE   ; 1      ; CLKBUF_CLUSTER_RE_X121_Y56_N3_I421          ; CLKBUF_CLUSTER_RE         ;
;   1.504 ;   0.000 ;    ; RE   ; 1      ; CLKBUF_CLUSTER_RE_X121_Y56_N3_I772          ; CLKBUF_CLUSTER_RE         ;
;   1.504 ;   0.000 ;    ; RE   ; 1      ; CLKBUF_CLUSTER_RE_X121_Y56_N3_I557          ; CLKBUF_CLUSTER_RE         ;
;   1.504 ;   0.000 ;    ; RE   ; 1      ; GCLK_CLUSTER_RE_X121_Y56_N6_I10             ; GCLK_CLUSTER_RE           ;
;   1.504 ;   0.000 ;    ; RE   ; 1      ; CLKBUFBLOCK_INPUT_X121_Y56_N7_I0            ; CLKBUFBLOCK_INPUT         ;
;   1.504 ;   0.000 ; RR ; IC   ; 1      ; CLKCTRL_G9                                  ; rst_n~inputCLKENA0|inclk  ;
;   1.700 ;   0.196 ; RR ; CELL ; 2145   ; CLKCTRL_G9                                  ; rst_n~inputCLKENA0|outclk ;
;   1.700 ;   0.000 ;    ; RE   ; 1      ; CLKCTRL_G9                                  ; ARRIAV_CLKBUF             ;
;   1.700 ;   0.000 ;    ; RE   ; 1      ; CLKBUFBLOCK_OUTPUT_X121_Y56_N7_I2           ; CLKBUFBLOCK_OUTPUT        ;
;   1.700 ;   0.000 ;    ; RE   ; 1      ; GCLK_CLUSTER_RE_X121_Y56_N6_I12             ; GCLK_CLUSTER_RE           ;
;   1.700 ;   0.000 ;    ; RE   ; 1      ; CLKBUF_CLUSTER_RE_X121_Y56_N3_I416          ; CLKBUF_CLUSTER_RE         ;
;   2.201 ;   0.501 ;    ; RE   ; 16     ; GLOBAL_CLOCK_X0_Y58_N0_I9                   ; GLOBAL_CLOCK              ;
;   2.332 ;   0.131 ;    ; RE   ; 18     ; SPINE_CLOCK_X106_Y59_N0_I7                  ; SPINE_CLOCK               ;
;   2.516 ;   0.184 ;    ; RE   ; 1      ; SCLK_TO_ROWCLK_BUF_X106_Y70_N0_I43          ; SCLK_TO_ROWCLK_BUF        ;
;   2.555 ;   0.039 ;    ; RE   ; 2      ; SCLK_TO_ROWCLK_BUF_X106_Y70_N0_I46          ; SCLK_TO_ROWCLK_BUF        ;
;   2.770 ;   0.215 ;    ; RE   ; 1      ; LAB_CLK_X107_Y70_N0_I5                      ; LAB_CLK                   ;
;   2.839 ;   0.069 ;    ; RE   ; 1      ; BLK_CLK_BUF_X121_Y70_N0_I5                  ; BLK_CLK_BUF               ;
;   2.888 ;   0.049 ;    ; RE   ; 2      ; BLK_CLK_LIM_X121_Y70_N0_I5                  ; BLK_CLK_LIM               ;
;   2.962 ;   0.074 ;    ; RE   ; 1      ; LOCAL_INTERCONNECT_X121_Y70_N0_I111         ; LAB_LINE                  ;
;   2.992 ;   0.030 ;    ; RE   ; 1      ; BLOCK_INPUT_MUX_PASSTHROUGH_X121_Y70_N0_I28 ; LEIM                      ;
;   3.109 ;   0.117 ;    ; RE   ; 1      ; IO_RE_X121_Y70_N37_I5                       ; IO_RE                     ;
;   3.109 ;   0.000 ;    ; RE   ; 1      ; IO_OUTPUT_PATH_RE_X121_Y70_N45_I9           ; IO_OUTPUT_PATH_RE         ;
;   3.109 ;   0.000 ;    ; RE   ; 1      ; MP_DDIO_OUT_INPUT_X121_Y70_N47_I3           ; MP_DDIO_OUT_INPUT         ;
;   3.110 ;   0.001 ; RR ; IC   ; 1      ; DDIOOUTCELL_X121_Y70_N47                    ; host_rdata[15]~reg0|clrn  ;
;   3.360 ;   0.250 ; RR ; CELL ; 1      ; DDIOOUTCELL_X121_Y70_N47                    ; host_rdata[15]~reg0       ;
+---------+---------+----+------+--------+---------------------------------------------+---------------------------+

+---------------------------------------------------------------------------------------------------------------+
; Data Required Path                                                                                            ;
+---------+---------+----+------+--------+-------------------------------------------+--------------------------+
; Total   ; Incr    ; RF ; Type ; Fanout ; Location                                  ; Element                  ;
+---------+---------+----+------+--------+-------------------------------------------+--------------------------+
; 0.000   ; 0.000   ;    ;      ;        ;                                           ; latch edge time          ;
; 2.617   ; 2.617   ;    ;      ;        ;                                           ; clock path               ;
;   0.000 ;   0.000 ;    ;      ;        ;                                           ; source latency           ;
;   0.000 ;   0.000 ;    ;      ; 1      ; PIN_AC18                                  ; clk                      ;
;   0.000 ;   0.000 ;    ; RE   ; 1      ; IOPAD_X54_Y0_N0                           ; ARRIAV_IO_PAD            ;
;   0.000 ;   0.000 ;    ; RE   ; 1      ; IO_PAD_OUTPUT_X54_Y0_N0_I1                ; IO_PAD_OUTPUT            ;
;   0.000 ;   0.000 ;    ; RE   ; 1      ; IO_INPUT_BUFFER_INPUT_X54_Y0_N1_I0        ; IO_INPUT_BUFFER_INPUT    ;
;   0.000 ;   0.000 ; RR ; IC   ; 1      ; IOIBUF_X54_Y0_N1                          ; clk~input|i              ;
;   0.417 ;   0.417 ; RR ; CELL ; 1      ; IOIBUF_X54_Y0_N1                          ; clk~input|o              ;
;   0.417 ;   0.000 ;    ; RE   ; 1      ; IOIBUF_X54_Y0_N1                          ; ARRIAV_IO_IBUF           ;
;   0.417 ;   0.000 ;    ; RE   ; 1      ; IO_INPUT_BUFFER_OUTPUT_X54_Y0_N1_I2       ; IO_INPUT_BUFFER_OUTPUT   ;
;   0.417 ;   0.000 ;    ; RE   ; 1      ; IO_RE_X54_Y0_N0_I96                       ; IO_RE                    ;
;   0.552 ;   0.135 ;    ; RE   ; 1      ; IO_RE_X54_Y0_N0_I66                       ; IO_RE                    ;
;   0.633 ;   0.081 ;    ; RE   ; 1      ; CLKBUF_CLUSTER_RE_X58_Y0_N0_I1614         ; CLKBUF_CLUSTER_RE        ;
;   0.633 ;   0.000 ;    ; RE   ; 1      ; CLKBUF_CLUSTER_RE_X58_Y0_N0_I616          ; CLKBUF_CLUSTER_RE        ;
;   0.633 ;   0.000 ;    ; RE   ; 1      ; GCLK_CLUSTER_RE_X58_Y0_N6_I10             ; GCLK_CLUSTER_RE          ;
;   0.633 ;   0.000 ;    ; RE   ; 1      ; CLKBUFBLOCK_INPUT_X58_Y0_N7_I0            ; CLKBUFBLOCK_INPUT        ;
;   0.633 ;   0.000 ; RR ; IC   ; 1      ; CLKCTRL_G6                                ; clk~inputCLKENA0|inclk   ;
;   0.779 ;   0.146 ; RR ; CELL ; 37157  ; CLKCTRL_G6                                ; clk~inputCLKENA0|outclk  ;
;   0.779 ;   0.000 ;    ; RE   ; 1      ; CLKCTRL_G6                                ; ARRIAV_CLKBUF            ;
;   0.779 ;   0.000 ;    ; RE   ; 1      ; CLKBUFBLOCK_OUTPUT_X58_Y0_N7_I2           ; CLKBUFBLOCK_OUTPUT       ;
;   0.779 ;   0.000 ;    ; RE   ; 1      ; GCLK_CLUSTER_RE_X58_Y0_N6_I12             ; GCLK_CLUSTER_RE          ;
;   0.779 ;   0.000 ;    ; RE   ; 1      ; CLKBUF_CLUSTER_RE_X58_Y0_N0_I417          ; CLKBUF_CLUSTER_RE        ;
;   1.282 ;   0.503 ;    ; RE   ; 16     ; GLOBAL_CLOCK_X0_Y58_N0_I6                 ; GLOBAL_CLOCK             ;
;   1.417 ;   0.135 ;    ; RE   ; 29     ; SPINE_CLOCK_X106_Y59_N0_I2                ; SPINE_CLOCK              ;
;   1.606 ;   0.189 ;    ; RE   ; 1      ; SCLK_TO_ROWCLK_BUF_X106_Y70_N0_I12        ; SCLK_TO_ROWCLK_BUF       ;
;   1.646 ;   0.040 ;    ; RE   ; 2      ; SCLK_TO_ROWCLK_BUF_X106_Y70_N0_I15        ; SCLK_TO_ROWCLK_BUF       ;
;   1.867 ;   0.221 ;    ; RE   ; 2      ; LAB_CLK_X107_Y70_N0_I2                    ; LAB_CLK                  ;
;   1.941 ;   0.074 ;    ; RE   ; 1      ; BLK_CLK_BUF_X121_Y70_N0_I2                ; BLK_CLK_BUF              ;
;   1.993 ;   0.052 ;    ; RE   ; 2      ; BLK_CLK_LIM_X121_Y70_N0_I2                ; BLK_CLK_LIM              ;
;   2.074 ;   0.081 ;    ; RE   ; 3      ; LOCAL_INTERCONNECT_X121_Y70_N0_I26        ; LAB_LINE                 ;
;   2.111 ;   0.037 ;    ; RE   ; 1      ; LEIMC_X121_Y70_N0_I4                      ; LEIMC                    ;
;   2.111 ;   0.000 ;    ; RE   ; 1      ; GLOBAL_LOCAL_SEL_X121_Y70_N0_I4           ; GLOBAL_LOCAL_SEL         ;
;   2.238 ;   0.127 ;    ; RE   ; 1      ; IO_RE_X121_Y70_N37_I11                    ; IO_RE                    ;
;   2.238 ;   0.000 ;    ; RE   ; 1      ; IO_OUTPUT_ENABLE_PATH_RE_X121_Y70_N41_I6  ; IO_OUTPUT_ENABLE_PATH_RE ;
;   2.238 ;   0.000 ;    ; RE   ; 1      ; IO_OUTPUT_ENABLE_PATH_RE_X121_Y70_N41_I22 ; IO_OUTPUT_ENABLE_PATH_RE ;
;   2.238 ;   0.000 ;    ; RE   ; 1      ; IO_OUTPUT_ENABLE_PATH_RE_X121_Y70_N41_I14 ; IO_OUTPUT_ENABLE_PATH_RE ;
;   2.238 ;   0.000 ;    ; RE   ; 1      ; IO_OUTPUT_PATH_RE_X121_Y70_N45_I5         ; IO_OUTPUT_PATH_RE        ;
;   2.238 ;   0.000 ;    ; RE   ; 1      ; MP_DDIO_OUT_INPUT_X121_Y70_N47_I0         ; MP_DDIO_OUT_INPUT        ;
;   2.239 ;   0.001 ; RR ; IC   ; 1      ; DDIOOUTCELL_X121_Y70_N47                  ; host_rdata[15]~reg0|clk  ;
;   2.617 ;   0.378 ; RR ; CELL ; 1      ; DDIOOUTCELL_X121_Y70_N47                  ; host_rdata[15]~reg0      ;
; 2.617   ; 0.000   ;    ;      ;        ;                                           ; clock uncertainty        ;
; 2.617   ; 0.000   ;    ; uTh  ; 1      ; DDIOOUTCELL_X121_Y70_N47                  ; host_rdata[15]~reg0      ;
+---------+---------+----+------+--------+-------------------------------------------+--------------------------+

----------------------------
; Extra Fitter Information ;
----------------------------
HTML report is unavailable in plain text report export.


Path #22: Removal slack is 0.745 
===============================================================================
+------------------------------------------+
; Path Summary                             ;
+--------------------+---------------------+
; Property           ; Value               ;
+--------------------+---------------------+
; From Node          ; rst_n               ;
; To Node            ; host_rdata[30]~reg0 ;
; Launch Clock       ; clk                 ;
; Latch Clock        ; clk                 ;
; Data Arrival Time  ; 3.362               ;
; Data Required Time ; 2.617               ;
; Slack              ; 0.745               ;
+--------------------+---------------------+

+--------------------------------------------------------------------------------------+
; Statistics                                                                           ;
+---------------------------+-------+-------+-------------+------------+-------+-------+
; Property                  ; Value ; Count ; Total Delay ; % of Total ; Min   ; Max   ;
+---------------------------+-------+-------+-------------+------------+-------+-------+
; Removal Relationship      ; 0.000 ;       ;             ;            ;       ;       ;
; Clock Skew                ; 2.617 ;       ;             ;            ;       ;       ;
; Data Delay                ; 2.862 ;       ;             ;            ;       ;       ;
; Number of Logic Levels    ;       ; 2     ;             ;            ;       ;       ;
; Physical Delays           ;       ;       ;             ;            ;       ;       ;
;  Arrival Path             ;       ;       ;             ;            ;       ;       ;
;   Clock                   ;       ;       ;             ;            ;       ;       ;
;    Clock Network (Lumped) ;       ; 1     ; 0.000       ;            ; 0.000 ; 0.000 ;
;   Data                    ;       ;       ;             ;            ;       ;       ;
;    IC                     ;       ; 3     ; 0.001       ; 0          ; 0.000 ; 0.001 ;
;    Cell                   ;       ; 3     ; 1.227       ; 43         ; 0.196 ; 0.781 ;
;    Routing Element        ;       ; 28    ; 1.634       ; 57         ; 0.000 ; 0.501 ;
;  Required Path            ;       ;       ;             ;            ;       ;       ;
;   Clock                   ;       ;       ;             ;            ;       ;       ;
;    IC                     ;       ; 3     ; 0.001       ; 0          ; 0.000 ; 0.001 ;
;    Cell                   ;       ; 3     ; 0.941       ; 36         ; 0.146 ; 0.417 ;
;    Routing Element        ;       ; 31    ; 1.675       ; 64         ; 0.000 ; 0.503 ;
+---------------------------+-------+-------+-------------+------------+-------+-------+
Note: Negative delays are omitted from totals when calculating percentages

+------------------------------------------------------------------------------------------------------------------+
; Data Arrival Path                                                                                                ;
+---------+---------+----+------+--------+---------------------------------------------+---------------------------+
; Total   ; Incr    ; RF ; Type ; Fanout ; Location                                    ; Element                   ;
+---------+---------+----+------+--------+---------------------------------------------+---------------------------+
; 0.000   ; 0.000   ;    ;      ;        ;                                             ; launch edge time          ;
; 0.000   ; 0.000   ;    ;      ;        ;                                             ; clock path                ;
;   0.000 ;   0.000 ; R  ;      ;        ;                                             ; clock network delay       ;
; 0.500   ; 0.500   ; R  ; iExt ; 1      ; PIN_V27                                     ; rst_n                     ;
; 3.362   ; 2.862   ;    ;      ;        ;                                             ; data path                 ;
;   0.500 ;   0.000 ;    ; RE   ; 1      ; IOPAD_X121_Y51_N60                          ; ARRIAV_IO_PAD             ;
;   0.500 ;   0.000 ;    ; RE   ; 1      ; IO_PAD_OUTPUT_X121_Y51_N60_I1               ; IO_PAD_OUTPUT             ;
;   0.500 ;   0.000 ;    ; RE   ; 1      ; IO_INPUT_BUFFER_INPUT_X121_Y51_N61_I0       ; IO_INPUT_BUFFER_INPUT     ;
;   0.500 ;   0.000 ; RR ; IC   ; 1      ; IOIBUF_X121_Y51_N61                         ; rst_n~input|i             ;
;   1.281 ;   0.781 ; RR ; CELL ; 1294   ; IOIBUF_X121_Y51_N61                         ; rst_n~input|o             ;
;   1.281 ;   0.000 ;    ; RE   ; 1      ; IOIBUF_X121_Y51_N61                         ; ARRIAV_IO_IBUF            ;
;   1.281 ;   0.000 ;    ; RE   ; 1      ; IO_INPUT_BUFFER_OUTPUT_X121_Y51_N61_I2      ; IO_INPUT_BUFFER_OUTPUT    ;
;   1.281 ;   0.000 ;    ; RE   ; 2      ; IO_RE_X121_Y51_N60_I96                      ; IO_RE                     ;
;   1.371 ;   0.090 ;    ; RE   ; 1      ; IO_RE_X121_Y51_N60_I66                      ; IO_RE                     ;
;   1.504 ;   0.133 ;    ; RE   ; 1      ; CLKBUF_CLUSTER_RE_X121_Y56_N3_I421          ; CLKBUF_CLUSTER_RE         ;
;   1.504 ;   0.000 ;    ; RE   ; 1      ; CLKBUF_CLUSTER_RE_X121_Y56_N3_I772          ; CLKBUF_CLUSTER_RE         ;
;   1.504 ;   0.000 ;    ; RE   ; 1      ; CLKBUF_CLUSTER_RE_X121_Y56_N3_I557          ; CLKBUF_CLUSTER_RE         ;
;   1.504 ;   0.000 ;    ; RE   ; 1      ; GCLK_CLUSTER_RE_X121_Y56_N6_I10             ; GCLK_CLUSTER_RE           ;
;   1.504 ;   0.000 ;    ; RE   ; 1      ; CLKBUFBLOCK_INPUT_X121_Y56_N7_I0            ; CLKBUFBLOCK_INPUT         ;
;   1.504 ;   0.000 ; RR ; IC   ; 1      ; CLKCTRL_G9                                  ; rst_n~inputCLKENA0|inclk  ;
;   1.700 ;   0.196 ; RR ; CELL ; 2145   ; CLKCTRL_G9                                  ; rst_n~inputCLKENA0|outclk ;
;   1.700 ;   0.000 ;    ; RE   ; 1      ; CLKCTRL_G9                                  ; ARRIAV_CLKBUF             ;
;   1.700 ;   0.000 ;    ; RE   ; 1      ; CLKBUFBLOCK_OUTPUT_X121_Y56_N7_I2           ; CLKBUFBLOCK_OUTPUT        ;
;   1.700 ;   0.000 ;    ; RE   ; 1      ; GCLK_CLUSTER_RE_X121_Y56_N6_I12             ; GCLK_CLUSTER_RE           ;
;   1.700 ;   0.000 ;    ; RE   ; 1      ; CLKBUF_CLUSTER_RE_X121_Y56_N3_I416          ; CLKBUF_CLUSTER_RE         ;
;   2.201 ;   0.501 ;    ; RE   ; 16     ; GLOBAL_CLOCK_X0_Y58_N0_I9                   ; GLOBAL_CLOCK              ;
;   2.332 ;   0.131 ;    ; RE   ; 18     ; SPINE_CLOCK_X106_Y59_N0_I7                  ; SPINE_CLOCK               ;
;   2.516 ;   0.184 ;    ; RE   ; 1      ; SCLK_TO_ROWCLK_BUF_X106_Y70_N0_I43          ; SCLK_TO_ROWCLK_BUF        ;
;   2.555 ;   0.039 ;    ; RE   ; 2      ; SCLK_TO_ROWCLK_BUF_X106_Y70_N0_I46          ; SCLK_TO_ROWCLK_BUF        ;
;   2.770 ;   0.215 ;    ; RE   ; 1      ; LAB_CLK_X107_Y70_N0_I5                      ; LAB_CLK                   ;
;   2.839 ;   0.069 ;    ; RE   ; 1      ; BLK_CLK_BUF_X121_Y70_N0_I5                  ; BLK_CLK_BUF               ;
;   2.888 ;   0.049 ;    ; RE   ; 2      ; BLK_CLK_LIM_X121_Y70_N0_I5                  ; BLK_CLK_LIM               ;
;   2.964 ;   0.076 ;    ; RE   ; 3      ; LOCAL_INTERCONNECT_X121_Y70_N0_I71          ; LAB_LINE                  ;
;   2.994 ;   0.030 ;    ; RE   ; 1      ; BLOCK_INPUT_MUX_PASSTHROUGH_X121_Y70_N0_I18 ; LEIM                      ;
;   3.111 ;   0.117 ;    ; RE   ; 1      ; IO_RE_X121_Y70_N54_I5                       ; IO_RE                     ;
;   3.111 ;   0.000 ;    ; RE   ; 1      ; IO_OUTPUT_PATH_RE_X121_Y70_N62_I9           ; IO_OUTPUT_PATH_RE         ;
;   3.111 ;   0.000 ;    ; RE   ; 1      ; MP_DDIO_OUT_INPUT_X121_Y70_N64_I3           ; MP_DDIO_OUT_INPUT         ;
;   3.112 ;   0.001 ; RR ; IC   ; 1      ; DDIOOUTCELL_X121_Y70_N64                    ; host_rdata[30]~reg0|clrn  ;
;   3.362 ;   0.250 ; RR ; CELL ; 1      ; DDIOOUTCELL_X121_Y70_N64                    ; host_rdata[30]~reg0       ;
+---------+---------+----+------+--------+---------------------------------------------+---------------------------+

+---------------------------------------------------------------------------------------------------------------+
; Data Required Path                                                                                            ;
+---------+---------+----+------+--------+-------------------------------------------+--------------------------+
; Total   ; Incr    ; RF ; Type ; Fanout ; Location                                  ; Element                  ;
+---------+---------+----+------+--------+-------------------------------------------+--------------------------+
; 0.000   ; 0.000   ;    ;      ;        ;                                           ; latch edge time          ;
; 2.617   ; 2.617   ;    ;      ;        ;                                           ; clock path               ;
;   0.000 ;   0.000 ;    ;      ;        ;                                           ; source latency           ;
;   0.000 ;   0.000 ;    ;      ; 1      ; PIN_AC18                                  ; clk                      ;
;   0.000 ;   0.000 ;    ; RE   ; 1      ; IOPAD_X54_Y0_N0                           ; ARRIAV_IO_PAD            ;
;   0.000 ;   0.000 ;    ; RE   ; 1      ; IO_PAD_OUTPUT_X54_Y0_N0_I1                ; IO_PAD_OUTPUT            ;
;   0.000 ;   0.000 ;    ; RE   ; 1      ; IO_INPUT_BUFFER_INPUT_X54_Y0_N1_I0        ; IO_INPUT_BUFFER_INPUT    ;
;   0.000 ;   0.000 ; RR ; IC   ; 1      ; IOIBUF_X54_Y0_N1                          ; clk~input|i              ;
;   0.417 ;   0.417 ; RR ; CELL ; 1      ; IOIBUF_X54_Y0_N1                          ; clk~input|o              ;
;   0.417 ;   0.000 ;    ; RE   ; 1      ; IOIBUF_X54_Y0_N1                          ; ARRIAV_IO_IBUF           ;
;   0.417 ;   0.000 ;    ; RE   ; 1      ; IO_INPUT_BUFFER_OUTPUT_X54_Y0_N1_I2       ; IO_INPUT_BUFFER_OUTPUT   ;
;   0.417 ;   0.000 ;    ; RE   ; 1      ; IO_RE_X54_Y0_N0_I96                       ; IO_RE                    ;
;   0.552 ;   0.135 ;    ; RE   ; 1      ; IO_RE_X54_Y0_N0_I66                       ; IO_RE                    ;
;   0.633 ;   0.081 ;    ; RE   ; 1      ; CLKBUF_CLUSTER_RE_X58_Y0_N0_I1614         ; CLKBUF_CLUSTER_RE        ;
;   0.633 ;   0.000 ;    ; RE   ; 1      ; CLKBUF_CLUSTER_RE_X58_Y0_N0_I616          ; CLKBUF_CLUSTER_RE        ;
;   0.633 ;   0.000 ;    ; RE   ; 1      ; GCLK_CLUSTER_RE_X58_Y0_N6_I10             ; GCLK_CLUSTER_RE          ;
;   0.633 ;   0.000 ;    ; RE   ; 1      ; CLKBUFBLOCK_INPUT_X58_Y0_N7_I0            ; CLKBUFBLOCK_INPUT        ;
;   0.633 ;   0.000 ; RR ; IC   ; 1      ; CLKCTRL_G6                                ; clk~inputCLKENA0|inclk   ;
;   0.779 ;   0.146 ; RR ; CELL ; 37157  ; CLKCTRL_G6                                ; clk~inputCLKENA0|outclk  ;
;   0.779 ;   0.000 ;    ; RE   ; 1      ; CLKCTRL_G6                                ; ARRIAV_CLKBUF            ;
;   0.779 ;   0.000 ;    ; RE   ; 1      ; CLKBUFBLOCK_OUTPUT_X58_Y0_N7_I2           ; CLKBUFBLOCK_OUTPUT       ;
;   0.779 ;   0.000 ;    ; RE   ; 1      ; GCLK_CLUSTER_RE_X58_Y0_N6_I12             ; GCLK_CLUSTER_RE          ;
;   0.779 ;   0.000 ;    ; RE   ; 1      ; CLKBUF_CLUSTER_RE_X58_Y0_N0_I417          ; CLKBUF_CLUSTER_RE        ;
;   1.282 ;   0.503 ;    ; RE   ; 16     ; GLOBAL_CLOCK_X0_Y58_N0_I6                 ; GLOBAL_CLOCK             ;
;   1.417 ;   0.135 ;    ; RE   ; 29     ; SPINE_CLOCK_X106_Y59_N0_I2                ; SPINE_CLOCK              ;
;   1.606 ;   0.189 ;    ; RE   ; 1      ; SCLK_TO_ROWCLK_BUF_X106_Y70_N0_I12        ; SCLK_TO_ROWCLK_BUF       ;
;   1.646 ;   0.040 ;    ; RE   ; 2      ; SCLK_TO_ROWCLK_BUF_X106_Y70_N0_I15        ; SCLK_TO_ROWCLK_BUF       ;
;   1.867 ;   0.221 ;    ; RE   ; 2      ; LAB_CLK_X107_Y70_N0_I2                    ; LAB_CLK                  ;
;   1.941 ;   0.074 ;    ; RE   ; 1      ; BLK_CLK_BUF_X121_Y70_N0_I2                ; BLK_CLK_BUF              ;
;   1.993 ;   0.052 ;    ; RE   ; 2      ; BLK_CLK_LIM_X121_Y70_N0_I2                ; BLK_CLK_LIM              ;
;   2.074 ;   0.081 ;    ; RE   ; 3      ; LOCAL_INTERCONNECT_X121_Y70_N0_I26        ; LAB_LINE                 ;
;   2.111 ;   0.037 ;    ; RE   ; 1      ; LEIMC_X121_Y70_N0_I0                      ; LEIMC                    ;
;   2.111 ;   0.000 ;    ; RE   ; 1      ; GLOBAL_LOCAL_SEL_X121_Y70_N0_I0           ; GLOBAL_LOCAL_SEL         ;
;   2.238 ;   0.127 ;    ; RE   ; 1      ; IO_RE_X121_Y70_N54_I11                    ; IO_RE                    ;
;   2.238 ;   0.000 ;    ; RE   ; 1      ; IO_OUTPUT_ENABLE_PATH_RE_X121_Y70_N58_I6  ; IO_OUTPUT_ENABLE_PATH_RE ;
;   2.238 ;   0.000 ;    ; RE   ; 1      ; IO_OUTPUT_ENABLE_PATH_RE_X121_Y70_N58_I22 ; IO_OUTPUT_ENABLE_PATH_RE ;
;   2.238 ;   0.000 ;    ; RE   ; 1      ; IO_OUTPUT_ENABLE_PATH_RE_X121_Y70_N58_I14 ; IO_OUTPUT_ENABLE_PATH_RE ;
;   2.238 ;   0.000 ;    ; RE   ; 1      ; IO_OUTPUT_PATH_RE_X121_Y70_N62_I5         ; IO_OUTPUT_PATH_RE        ;
;   2.238 ;   0.000 ;    ; RE   ; 1      ; MP_DDIO_OUT_INPUT_X121_Y70_N64_I0         ; MP_DDIO_OUT_INPUT        ;
;   2.239 ;   0.001 ; RR ; IC   ; 1      ; DDIOOUTCELL_X121_Y70_N64                  ; host_rdata[30]~reg0|clk  ;
;   2.617 ;   0.378 ; RR ; CELL ; 1      ; DDIOOUTCELL_X121_Y70_N64                  ; host_rdata[30]~reg0      ;
; 2.617   ; 0.000   ;    ;      ;        ;                                           ; clock uncertainty        ;
; 2.617   ; 0.000   ;    ; uTh  ; 1      ; DDIOOUTCELL_X121_Y70_N64                  ; host_rdata[30]~reg0      ;
+---------+---------+----+------+--------+-------------------------------------------+--------------------------+

----------------------------
; Extra Fitter Information ;
----------------------------
HTML report is unavailable in plain text report export.


Path #23: Removal slack is 0.747 
===============================================================================
+------------------------------------------+
; Path Summary                             ;
+--------------------+---------------------+
; Property           ; Value               ;
+--------------------+---------------------+
; From Node          ; rst_n               ;
; To Node            ; host_rdata[26]~reg0 ;
; Launch Clock       ; clk                 ;
; Latch Clock        ; clk                 ;
; Data Arrival Time  ; 3.378               ;
; Data Required Time ; 2.631               ;
; Slack              ; 0.747               ;
+--------------------+---------------------+

+--------------------------------------------------------------------------------------+
; Statistics                                                                           ;
+---------------------------+-------+-------+-------------+------------+-------+-------+
; Property                  ; Value ; Count ; Total Delay ; % of Total ; Min   ; Max   ;
+---------------------------+-------+-------+-------------+------------+-------+-------+
; Removal Relationship      ; 0.000 ;       ;             ;            ;       ;       ;
; Clock Skew                ; 2.631 ;       ;             ;            ;       ;       ;
; Data Delay                ; 2.878 ;       ;             ;            ;       ;       ;
; Number of Logic Levels    ;       ; 2     ;             ;            ;       ;       ;
; Physical Delays           ;       ;       ;             ;            ;       ;       ;
;  Arrival Path             ;       ;       ;             ;            ;       ;       ;
;   Clock                   ;       ;       ;             ;            ;       ;       ;
;    Clock Network (Lumped) ;       ; 1     ; 0.000       ;            ; 0.000 ; 0.000 ;
;   Data                    ;       ;       ;             ;            ;       ;       ;
;    IC                     ;       ; 3     ; 0.001       ; 0          ; 0.000 ; 0.001 ;
;    Cell                   ;       ; 3     ; 1.227       ; 43         ; 0.196 ; 0.781 ;
;    Routing Element        ;       ; 28    ; 1.650       ; 57         ; 0.000 ; 0.501 ;
;  Required Path            ;       ;       ;             ;            ;       ;       ;
;   Clock                   ;       ;       ;             ;            ;       ;       ;
;    IC                     ;       ; 3     ; 0.002       ; 0          ; 0.000 ; 0.002 ;
;    Cell                   ;       ; 3     ; 0.941       ; 36         ; 0.146 ; 0.417 ;
;    Routing Element        ;       ; 31    ; 1.688       ; 64         ; 0.000 ; 0.503 ;
+---------------------------+-------+-------+-------------+------------+-------+-------+
Note: Negative delays are omitted from totals when calculating percentages

+------------------------------------------------------------------------------------------------------------------+
; Data Arrival Path                                                                                                ;
+---------+---------+----+------+--------+---------------------------------------------+---------------------------+
; Total   ; Incr    ; RF ; Type ; Fanout ; Location                                    ; Element                   ;
+---------+---------+----+------+--------+---------------------------------------------+---------------------------+
; 0.000   ; 0.000   ;    ;      ;        ;                                             ; launch edge time          ;
; 0.000   ; 0.000   ;    ;      ;        ;                                             ; clock path                ;
;   0.000 ;   0.000 ; R  ;      ;        ;                                             ; clock network delay       ;
; 0.500   ; 0.500   ; R  ; iExt ; 1      ; PIN_V27                                     ; rst_n                     ;
; 3.378   ; 2.878   ;    ;      ;        ;                                             ; data path                 ;
;   0.500 ;   0.000 ;    ; RE   ; 1      ; IOPAD_X121_Y51_N60                          ; ARRIAV_IO_PAD             ;
;   0.500 ;   0.000 ;    ; RE   ; 1      ; IO_PAD_OUTPUT_X121_Y51_N60_I1               ; IO_PAD_OUTPUT             ;
;   0.500 ;   0.000 ;    ; RE   ; 1      ; IO_INPUT_BUFFER_INPUT_X121_Y51_N61_I0       ; IO_INPUT_BUFFER_INPUT     ;
;   0.500 ;   0.000 ; RR ; IC   ; 1      ; IOIBUF_X121_Y51_N61                         ; rst_n~input|i             ;
;   1.281 ;   0.781 ; RR ; CELL ; 1294   ; IOIBUF_X121_Y51_N61                         ; rst_n~input|o             ;
;   1.281 ;   0.000 ;    ; RE   ; 1      ; IOIBUF_X121_Y51_N61                         ; ARRIAV_IO_IBUF            ;
;   1.281 ;   0.000 ;    ; RE   ; 1      ; IO_INPUT_BUFFER_OUTPUT_X121_Y51_N61_I2      ; IO_INPUT_BUFFER_OUTPUT    ;
;   1.281 ;   0.000 ;    ; RE   ; 2      ; IO_RE_X121_Y51_N60_I96                      ; IO_RE                     ;
;   1.371 ;   0.090 ;    ; RE   ; 1      ; IO_RE_X121_Y51_N60_I66                      ; IO_RE                     ;
;   1.504 ;   0.133 ;    ; RE   ; 1      ; CLKBUF_CLUSTER_RE_X121_Y56_N3_I421          ; CLKBUF_CLUSTER_RE         ;
;   1.504 ;   0.000 ;    ; RE   ; 1      ; CLKBUF_CLUSTER_RE_X121_Y56_N3_I772          ; CLKBUF_CLUSTER_RE         ;
;   1.504 ;   0.000 ;    ; RE   ; 1      ; CLKBUF_CLUSTER_RE_X121_Y56_N3_I557          ; CLKBUF_CLUSTER_RE         ;
;   1.504 ;   0.000 ;    ; RE   ; 1      ; GCLK_CLUSTER_RE_X121_Y56_N6_I10             ; GCLK_CLUSTER_RE           ;
;   1.504 ;   0.000 ;    ; RE   ; 1      ; CLKBUFBLOCK_INPUT_X121_Y56_N7_I0            ; CLKBUFBLOCK_INPUT         ;
;   1.504 ;   0.000 ; RR ; IC   ; 1      ; CLKCTRL_G9                                  ; rst_n~inputCLKENA0|inclk  ;
;   1.700 ;   0.196 ; RR ; CELL ; 2145   ; CLKCTRL_G9                                  ; rst_n~inputCLKENA0|outclk ;
;   1.700 ;   0.000 ;    ; RE   ; 1      ; CLKCTRL_G9                                  ; ARRIAV_CLKBUF             ;
;   1.700 ;   0.000 ;    ; RE   ; 1      ; CLKBUFBLOCK_OUTPUT_X121_Y56_N7_I2           ; CLKBUFBLOCK_OUTPUT        ;
;   1.700 ;   0.000 ;    ; RE   ; 1      ; GCLK_CLUSTER_RE_X121_Y56_N6_I12             ; GCLK_CLUSTER_RE           ;
;   1.700 ;   0.000 ;    ; RE   ; 1      ; CLKBUF_CLUSTER_RE_X121_Y56_N3_I416          ; CLKBUF_CLUSTER_RE         ;
;   2.201 ;   0.501 ;    ; RE   ; 16     ; GLOBAL_CLOCK_X0_Y58_N0_I9                   ; GLOBAL_CLOCK              ;
;   2.341 ;   0.140 ;    ; RE   ; 18     ; SPINE_CLOCK_X106_Y59_N0_I7                  ; SPINE_CLOCK               ;
;   2.525 ;   0.184 ;    ; RE   ; 1      ; SCLK_TO_ROWCLK_BUF_X106_Y61_N0_I43          ; SCLK_TO_ROWCLK_BUF        ;
;   2.564 ;   0.039 ;    ; RE   ; 2      ; SCLK_TO_ROWCLK_BUF_X106_Y61_N0_I46          ; SCLK_TO_ROWCLK_BUF        ;
;   2.779 ;   0.215 ;    ; RE   ; 6      ; LAB_CLK_X107_Y61_N0_I5                      ; LAB_CLK                   ;
;   2.848 ;   0.069 ;    ; RE   ; 1      ; BLK_CLK_BUF_X121_Y61_N0_I5                  ; BLK_CLK_BUF               ;
;   2.897 ;   0.049 ;    ; RE   ; 2      ; BLK_CLK_LIM_X121_Y61_N0_I5                  ; BLK_CLK_LIM               ;
;   2.971 ;   0.074 ;    ; RE   ; 1      ; LOCAL_INTERCONNECT_X121_Y61_N0_I111         ; LAB_LINE                  ;
;   3.001 ;   0.030 ;    ; RE   ; 1      ; BLOCK_INPUT_MUX_PASSTHROUGH_X121_Y61_N0_I28 ; LEIM                      ;
;   3.127 ;   0.126 ;    ; RE   ; 1      ; IO_RE_X121_Y61_N37_I5                       ; IO_RE                     ;
;   3.127 ;   0.000 ;    ; RE   ; 1      ; IO_OUTPUT_PATH_RE_X121_Y61_N45_I9           ; IO_OUTPUT_PATH_RE         ;
;   3.127 ;   0.000 ;    ; RE   ; 1      ; MP_DDIO_OUT_INPUT_X121_Y61_N47_I3           ; MP_DDIO_OUT_INPUT         ;
;   3.128 ;   0.001 ; RR ; IC   ; 1      ; DDIOOUTCELL_X121_Y61_N47                    ; host_rdata[26]~reg0|clrn  ;
;   3.378 ;   0.250 ; RR ; CELL ; 1      ; DDIOOUTCELL_X121_Y61_N47                    ; host_rdata[26]~reg0       ;
+---------+---------+----+------+--------+---------------------------------------------+---------------------------+

+---------------------------------------------------------------------------------------------------------------+
; Data Required Path                                                                                            ;
+---------+---------+----+------+--------+-------------------------------------------+--------------------------+
; Total   ; Incr    ; RF ; Type ; Fanout ; Location                                  ; Element                  ;
+---------+---------+----+------+--------+-------------------------------------------+--------------------------+
; 0.000   ; 0.000   ;    ;      ;        ;                                           ; latch edge time          ;
; 2.631   ; 2.631   ;    ;      ;        ;                                           ; clock path               ;
;   0.000 ;   0.000 ;    ;      ;        ;                                           ; source latency           ;
;   0.000 ;   0.000 ;    ;      ; 1      ; PIN_AC18                                  ; clk                      ;
;   0.000 ;   0.000 ;    ; RE   ; 1      ; IOPAD_X54_Y0_N0                           ; ARRIAV_IO_PAD            ;
;   0.000 ;   0.000 ;    ; RE   ; 1      ; IO_PAD_OUTPUT_X54_Y0_N0_I1                ; IO_PAD_OUTPUT            ;
;   0.000 ;   0.000 ;    ; RE   ; 1      ; IO_INPUT_BUFFER_INPUT_X54_Y0_N1_I0        ; IO_INPUT_BUFFER_INPUT    ;
;   0.000 ;   0.000 ; RR ; IC   ; 1      ; IOIBUF_X54_Y0_N1                          ; clk~input|i              ;
;   0.417 ;   0.417 ; RR ; CELL ; 1      ; IOIBUF_X54_Y0_N1                          ; clk~input|o              ;
;   0.417 ;   0.000 ;    ; RE   ; 1      ; IOIBUF_X54_Y0_N1                          ; ARRIAV_IO_IBUF           ;
;   0.417 ;   0.000 ;    ; RE   ; 1      ; IO_INPUT_BUFFER_OUTPUT_X54_Y0_N1_I2       ; IO_INPUT_BUFFER_OUTPUT   ;
;   0.417 ;   0.000 ;    ; RE   ; 1      ; IO_RE_X54_Y0_N0_I96                       ; IO_RE                    ;
;   0.552 ;   0.135 ;    ; RE   ; 1      ; IO_RE_X54_Y0_N0_I66                       ; IO_RE                    ;
;   0.633 ;   0.081 ;    ; RE   ; 1      ; CLKBUF_CLUSTER_RE_X58_Y0_N0_I1614         ; CLKBUF_CLUSTER_RE        ;
;   0.633 ;   0.000 ;    ; RE   ; 1      ; CLKBUF_CLUSTER_RE_X58_Y0_N0_I616          ; CLKBUF_CLUSTER_RE        ;
;   0.633 ;   0.000 ;    ; RE   ; 1      ; GCLK_CLUSTER_RE_X58_Y0_N6_I10             ; GCLK_CLUSTER_RE          ;
;   0.633 ;   0.000 ;    ; RE   ; 1      ; CLKBUFBLOCK_INPUT_X58_Y0_N7_I0            ; CLKBUFBLOCK_INPUT        ;
;   0.633 ;   0.000 ; RR ; IC   ; 1      ; CLKCTRL_G6                                ; clk~inputCLKENA0|inclk   ;
;   0.779 ;   0.146 ; RR ; CELL ; 37157  ; CLKCTRL_G6                                ; clk~inputCLKENA0|outclk  ;
;   0.779 ;   0.000 ;    ; RE   ; 1      ; CLKCTRL_G6                                ; ARRIAV_CLKBUF            ;
;   0.779 ;   0.000 ;    ; RE   ; 1      ; CLKBUFBLOCK_OUTPUT_X58_Y0_N7_I2           ; CLKBUFBLOCK_OUTPUT       ;
;   0.779 ;   0.000 ;    ; RE   ; 1      ; GCLK_CLUSTER_RE_X58_Y0_N6_I12             ; GCLK_CLUSTER_RE          ;
;   0.779 ;   0.000 ;    ; RE   ; 1      ; CLKBUF_CLUSTER_RE_X58_Y0_N0_I417          ; CLKBUF_CLUSTER_RE        ;
;   1.282 ;   0.503 ;    ; RE   ; 16     ; GLOBAL_CLOCK_X0_Y58_N0_I6                 ; GLOBAL_CLOCK             ;
;   1.425 ;   0.143 ;    ; RE   ; 29     ; SPINE_CLOCK_X106_Y59_N0_I2                ; SPINE_CLOCK              ;
;   1.614 ;   0.189 ;    ; RE   ; 1      ; SCLK_TO_ROWCLK_BUF_X106_Y61_N0_I12        ; SCLK_TO_ROWCLK_BUF       ;
;   1.654 ;   0.040 ;    ; RE   ; 2      ; SCLK_TO_ROWCLK_BUF_X106_Y61_N0_I15        ; SCLK_TO_ROWCLK_BUF       ;
;   1.875 ;   0.221 ;    ; RE   ; 9      ; LAB_CLK_X107_Y61_N0_I2                    ; LAB_CLK                  ;
;   1.949 ;   0.074 ;    ; RE   ; 1      ; BLK_CLK_BUF_X121_Y61_N0_I2                ; BLK_CLK_BUF              ;
;   2.001 ;   0.052 ;    ; RE   ; 2      ; BLK_CLK_LIM_X121_Y61_N0_I2                ; BLK_CLK_LIM              ;
;   2.078 ;   0.077 ;    ; RE   ; 2      ; LOCAL_INTERCONNECT_X121_Y61_N0_I26        ; LAB_LINE                 ;
;   2.115 ;   0.037 ;    ; RE   ; 1      ; LEIMC_X121_Y61_N0_I4                      ; LEIMC                    ;
;   2.115 ;   0.000 ;    ; RE   ; 1      ; GLOBAL_LOCAL_SEL_X121_Y61_N0_I4           ; GLOBAL_LOCAL_SEL         ;
;   2.251 ;   0.136 ;    ; RE   ; 1      ; IO_RE_X121_Y61_N37_I11                    ; IO_RE                    ;
;   2.251 ;   0.000 ;    ; RE   ; 1      ; IO_OUTPUT_ENABLE_PATH_RE_X121_Y61_N41_I6  ; IO_OUTPUT_ENABLE_PATH_RE ;
;   2.251 ;   0.000 ;    ; RE   ; 1      ; IO_OUTPUT_ENABLE_PATH_RE_X121_Y61_N41_I22 ; IO_OUTPUT_ENABLE_PATH_RE ;
;   2.251 ;   0.000 ;    ; RE   ; 1      ; IO_OUTPUT_ENABLE_PATH_RE_X121_Y61_N41_I14 ; IO_OUTPUT_ENABLE_PATH_RE ;
;   2.251 ;   0.000 ;    ; RE   ; 1      ; IO_OUTPUT_PATH_RE_X121_Y61_N45_I5         ; IO_OUTPUT_PATH_RE        ;
;   2.251 ;   0.000 ;    ; RE   ; 1      ; MP_DDIO_OUT_INPUT_X121_Y61_N47_I0         ; MP_DDIO_OUT_INPUT        ;
;   2.253 ;   0.002 ; RR ; IC   ; 1      ; DDIOOUTCELL_X121_Y61_N47                  ; host_rdata[26]~reg0|clk  ;
;   2.631 ;   0.378 ; RR ; CELL ; 1      ; DDIOOUTCELL_X121_Y61_N47                  ; host_rdata[26]~reg0      ;
; 2.631   ; 0.000   ;    ;      ;        ;                                           ; clock uncertainty        ;
; 2.631   ; 0.000   ;    ; uTh  ; 1      ; DDIOOUTCELL_X121_Y61_N47                  ; host_rdata[26]~reg0      ;
+---------+---------+----+------+--------+-------------------------------------------+--------------------------+

----------------------------
; Extra Fitter Information ;
----------------------------
HTML report is unavailable in plain text report export.


Path #24: Removal slack is 0.748 
===============================================================================
+------------------------------------------+
; Path Summary                             ;
+--------------------+---------------------+
; Property           ; Value               ;
+--------------------+---------------------+
; From Node          ; rst_n               ;
; To Node            ; host_rdata[21]~reg0 ;
; Launch Clock       ; clk                 ;
; Latch Clock        ; clk                 ;
; Data Arrival Time  ; 3.379               ;
; Data Required Time ; 2.631               ;
; Slack              ; 0.748               ;
+--------------------+---------------------+

+--------------------------------------------------------------------------------------+
; Statistics                                                                           ;
+---------------------------+-------+-------+-------------+------------+-------+-------+
; Property                  ; Value ; Count ; Total Delay ; % of Total ; Min   ; Max   ;
+---------------------------+-------+-------+-------------+------------+-------+-------+
; Removal Relationship      ; 0.000 ;       ;             ;            ;       ;       ;
; Clock Skew                ; 2.631 ;       ;             ;            ;       ;       ;
; Data Delay                ; 2.879 ;       ;             ;            ;       ;       ;
; Number of Logic Levels    ;       ; 2     ;             ;            ;       ;       ;
; Physical Delays           ;       ;       ;             ;            ;       ;       ;
;  Arrival Path             ;       ;       ;             ;            ;       ;       ;
;   Clock                   ;       ;       ;             ;            ;       ;       ;
;    Clock Network (Lumped) ;       ; 1     ; 0.000       ;            ; 0.000 ; 0.000 ;
;   Data                    ;       ;       ;             ;            ;       ;       ;
;    IC                     ;       ; 3     ; 0.001       ; 0          ; 0.000 ; 0.001 ;
;    Cell                   ;       ; 3     ; 1.227       ; 43         ; 0.196 ; 0.781 ;
;    Routing Element        ;       ; 28    ; 1.651       ; 57         ; 0.000 ; 0.501 ;
;  Required Path            ;       ;       ;             ;            ;       ;       ;
;   Clock                   ;       ;       ;             ;            ;       ;       ;
;    IC                     ;       ; 3     ; 0.002       ; 0          ; 0.000 ; 0.002 ;
;    Cell                   ;       ; 3     ; 0.941       ; 36         ; 0.146 ; 0.417 ;
;    Routing Element        ;       ; 31    ; 1.688       ; 64         ; 0.000 ; 0.503 ;
+---------------------------+-------+-------+-------------+------------+-------+-------+
Note: Negative delays are omitted from totals when calculating percentages

+------------------------------------------------------------------------------------------------------------------+
; Data Arrival Path                                                                                                ;
+---------+---------+----+------+--------+---------------------------------------------+---------------------------+
; Total   ; Incr    ; RF ; Type ; Fanout ; Location                                    ; Element                   ;
+---------+---------+----+------+--------+---------------------------------------------+---------------------------+
; 0.000   ; 0.000   ;    ;      ;        ;                                             ; launch edge time          ;
; 0.000   ; 0.000   ;    ;      ;        ;                                             ; clock path                ;
;   0.000 ;   0.000 ; R  ;      ;        ;                                             ; clock network delay       ;
; 0.500   ; 0.500   ; R  ; iExt ; 1      ; PIN_V27                                     ; rst_n                     ;
; 3.379   ; 2.879   ;    ;      ;        ;                                             ; data path                 ;
;   0.500 ;   0.000 ;    ; RE   ; 1      ; IOPAD_X121_Y51_N60                          ; ARRIAV_IO_PAD             ;
;   0.500 ;   0.000 ;    ; RE   ; 1      ; IO_PAD_OUTPUT_X121_Y51_N60_I1               ; IO_PAD_OUTPUT             ;
;   0.500 ;   0.000 ;    ; RE   ; 1      ; IO_INPUT_BUFFER_INPUT_X121_Y51_N61_I0       ; IO_INPUT_BUFFER_INPUT     ;
;   0.500 ;   0.000 ; RR ; IC   ; 1      ; IOIBUF_X121_Y51_N61                         ; rst_n~input|i             ;
;   1.281 ;   0.781 ; RR ; CELL ; 1294   ; IOIBUF_X121_Y51_N61                         ; rst_n~input|o             ;
;   1.281 ;   0.000 ;    ; RE   ; 1      ; IOIBUF_X121_Y51_N61                         ; ARRIAV_IO_IBUF            ;
;   1.281 ;   0.000 ;    ; RE   ; 1      ; IO_INPUT_BUFFER_OUTPUT_X121_Y51_N61_I2      ; IO_INPUT_BUFFER_OUTPUT    ;
;   1.281 ;   0.000 ;    ; RE   ; 2      ; IO_RE_X121_Y51_N60_I96                      ; IO_RE                     ;
;   1.371 ;   0.090 ;    ; RE   ; 1      ; IO_RE_X121_Y51_N60_I66                      ; IO_RE                     ;
;   1.504 ;   0.133 ;    ; RE   ; 1      ; CLKBUF_CLUSTER_RE_X121_Y56_N3_I421          ; CLKBUF_CLUSTER_RE         ;
;   1.504 ;   0.000 ;    ; RE   ; 1      ; CLKBUF_CLUSTER_RE_X121_Y56_N3_I772          ; CLKBUF_CLUSTER_RE         ;
;   1.504 ;   0.000 ;    ; RE   ; 1      ; CLKBUF_CLUSTER_RE_X121_Y56_N3_I557          ; CLKBUF_CLUSTER_RE         ;
;   1.504 ;   0.000 ;    ; RE   ; 1      ; GCLK_CLUSTER_RE_X121_Y56_N6_I10             ; GCLK_CLUSTER_RE           ;
;   1.504 ;   0.000 ;    ; RE   ; 1      ; CLKBUFBLOCK_INPUT_X121_Y56_N7_I0            ; CLKBUFBLOCK_INPUT         ;
;   1.504 ;   0.000 ; RR ; IC   ; 1      ; CLKCTRL_G9                                  ; rst_n~inputCLKENA0|inclk  ;
;   1.700 ;   0.196 ; RR ; CELL ; 2145   ; CLKCTRL_G9                                  ; rst_n~inputCLKENA0|outclk ;
;   1.700 ;   0.000 ;    ; RE   ; 1      ; CLKCTRL_G9                                  ; ARRIAV_CLKBUF             ;
;   1.700 ;   0.000 ;    ; RE   ; 1      ; CLKBUFBLOCK_OUTPUT_X121_Y56_N7_I2           ; CLKBUFBLOCK_OUTPUT        ;
;   1.700 ;   0.000 ;    ; RE   ; 1      ; GCLK_CLUSTER_RE_X121_Y56_N6_I12             ; GCLK_CLUSTER_RE           ;
;   1.700 ;   0.000 ;    ; RE   ; 1      ; CLKBUF_CLUSTER_RE_X121_Y56_N3_I416          ; CLKBUF_CLUSTER_RE         ;
;   2.201 ;   0.501 ;    ; RE   ; 16     ; GLOBAL_CLOCK_X0_Y58_N0_I9                   ; GLOBAL_CLOCK              ;
;   2.341 ;   0.140 ;    ; RE   ; 18     ; SPINE_CLOCK_X106_Y59_N0_I7                  ; SPINE_CLOCK               ;
;   2.525 ;   0.184 ;    ; RE   ; 1      ; SCLK_TO_ROWCLK_BUF_X106_Y61_N0_I43          ; SCLK_TO_ROWCLK_BUF        ;
;   2.564 ;   0.039 ;    ; RE   ; 2      ; SCLK_TO_ROWCLK_BUF_X106_Y61_N0_I46          ; SCLK_TO_ROWCLK_BUF        ;
;   2.779 ;   0.215 ;    ; RE   ; 6      ; LAB_CLK_X107_Y61_N0_I5                      ; LAB_CLK                   ;
;   2.848 ;   0.069 ;    ; RE   ; 1      ; BLK_CLK_BUF_X121_Y61_N0_I5                  ; BLK_CLK_BUF               ;
;   2.897 ;   0.049 ;    ; RE   ; 2      ; BLK_CLK_LIM_X121_Y61_N0_I5                  ; BLK_CLK_LIM               ;
;   2.972 ;   0.075 ;    ; RE   ; 2      ; LOCAL_INTERCONNECT_X121_Y61_N0_I71          ; LAB_LINE                  ;
;   3.002 ;   0.030 ;    ; RE   ; 1      ; BLOCK_INPUT_MUX_PASSTHROUGH_X121_Y61_N0_I18 ; LEIM                      ;
;   3.128 ;   0.126 ;    ; RE   ; 1      ; IO_RE_X121_Y61_N54_I5                       ; IO_RE                     ;
;   3.128 ;   0.000 ;    ; RE   ; 1      ; IO_OUTPUT_PATH_RE_X121_Y61_N62_I9           ; IO_OUTPUT_PATH_RE         ;
;   3.128 ;   0.000 ;    ; RE   ; 1      ; MP_DDIO_OUT_INPUT_X121_Y61_N64_I3           ; MP_DDIO_OUT_INPUT         ;
;   3.129 ;   0.001 ; RR ; IC   ; 1      ; DDIOOUTCELL_X121_Y61_N64                    ; host_rdata[21]~reg0|clrn  ;
;   3.379 ;   0.250 ; RR ; CELL ; 1      ; DDIOOUTCELL_X121_Y61_N64                    ; host_rdata[21]~reg0       ;
+---------+---------+----+------+--------+---------------------------------------------+---------------------------+

+---------------------------------------------------------------------------------------------------------------+
; Data Required Path                                                                                            ;
+---------+---------+----+------+--------+-------------------------------------------+--------------------------+
; Total   ; Incr    ; RF ; Type ; Fanout ; Location                                  ; Element                  ;
+---------+---------+----+------+--------+-------------------------------------------+--------------------------+
; 0.000   ; 0.000   ;    ;      ;        ;                                           ; latch edge time          ;
; 2.631   ; 2.631   ;    ;      ;        ;                                           ; clock path               ;
;   0.000 ;   0.000 ;    ;      ;        ;                                           ; source latency           ;
;   0.000 ;   0.000 ;    ;      ; 1      ; PIN_AC18                                  ; clk                      ;
;   0.000 ;   0.000 ;    ; RE   ; 1      ; IOPAD_X54_Y0_N0                           ; ARRIAV_IO_PAD            ;
;   0.000 ;   0.000 ;    ; RE   ; 1      ; IO_PAD_OUTPUT_X54_Y0_N0_I1                ; IO_PAD_OUTPUT            ;
;   0.000 ;   0.000 ;    ; RE   ; 1      ; IO_INPUT_BUFFER_INPUT_X54_Y0_N1_I0        ; IO_INPUT_BUFFER_INPUT    ;
;   0.000 ;   0.000 ; RR ; IC   ; 1      ; IOIBUF_X54_Y0_N1                          ; clk~input|i              ;
;   0.417 ;   0.417 ; RR ; CELL ; 1      ; IOIBUF_X54_Y0_N1                          ; clk~input|o              ;
;   0.417 ;   0.000 ;    ; RE   ; 1      ; IOIBUF_X54_Y0_N1                          ; ARRIAV_IO_IBUF           ;
;   0.417 ;   0.000 ;    ; RE   ; 1      ; IO_INPUT_BUFFER_OUTPUT_X54_Y0_N1_I2       ; IO_INPUT_BUFFER_OUTPUT   ;
;   0.417 ;   0.000 ;    ; RE   ; 1      ; IO_RE_X54_Y0_N0_I96                       ; IO_RE                    ;
;   0.552 ;   0.135 ;    ; RE   ; 1      ; IO_RE_X54_Y0_N0_I66                       ; IO_RE                    ;
;   0.633 ;   0.081 ;    ; RE   ; 1      ; CLKBUF_CLUSTER_RE_X58_Y0_N0_I1614         ; CLKBUF_CLUSTER_RE        ;
;   0.633 ;   0.000 ;    ; RE   ; 1      ; CLKBUF_CLUSTER_RE_X58_Y0_N0_I616          ; CLKBUF_CLUSTER_RE        ;
;   0.633 ;   0.000 ;    ; RE   ; 1      ; GCLK_CLUSTER_RE_X58_Y0_N6_I10             ; GCLK_CLUSTER_RE          ;
;   0.633 ;   0.000 ;    ; RE   ; 1      ; CLKBUFBLOCK_INPUT_X58_Y0_N7_I0            ; CLKBUFBLOCK_INPUT        ;
;   0.633 ;   0.000 ; RR ; IC   ; 1      ; CLKCTRL_G6                                ; clk~inputCLKENA0|inclk   ;
;   0.779 ;   0.146 ; RR ; CELL ; 37157  ; CLKCTRL_G6                                ; clk~inputCLKENA0|outclk  ;
;   0.779 ;   0.000 ;    ; RE   ; 1      ; CLKCTRL_G6                                ; ARRIAV_CLKBUF            ;
;   0.779 ;   0.000 ;    ; RE   ; 1      ; CLKBUFBLOCK_OUTPUT_X58_Y0_N7_I2           ; CLKBUFBLOCK_OUTPUT       ;
;   0.779 ;   0.000 ;    ; RE   ; 1      ; GCLK_CLUSTER_RE_X58_Y0_N6_I12             ; GCLK_CLUSTER_RE          ;
;   0.779 ;   0.000 ;    ; RE   ; 1      ; CLKBUF_CLUSTER_RE_X58_Y0_N0_I417          ; CLKBUF_CLUSTER_RE        ;
;   1.282 ;   0.503 ;    ; RE   ; 16     ; GLOBAL_CLOCK_X0_Y58_N0_I6                 ; GLOBAL_CLOCK             ;
;   1.425 ;   0.143 ;    ; RE   ; 29     ; SPINE_CLOCK_X106_Y59_N0_I2                ; SPINE_CLOCK              ;
;   1.614 ;   0.189 ;    ; RE   ; 1      ; SCLK_TO_ROWCLK_BUF_X106_Y61_N0_I12        ; SCLK_TO_ROWCLK_BUF       ;
;   1.654 ;   0.040 ;    ; RE   ; 2      ; SCLK_TO_ROWCLK_BUF_X106_Y61_N0_I15        ; SCLK_TO_ROWCLK_BUF       ;
;   1.875 ;   0.221 ;    ; RE   ; 9      ; LAB_CLK_X107_Y61_N0_I2                    ; LAB_CLK                  ;
;   1.949 ;   0.074 ;    ; RE   ; 1      ; BLK_CLK_BUF_X121_Y61_N0_I2                ; BLK_CLK_BUF              ;
;   2.001 ;   0.052 ;    ; RE   ; 2      ; BLK_CLK_LIM_X121_Y61_N0_I2                ; BLK_CLK_LIM              ;
;   2.078 ;   0.077 ;    ; RE   ; 2      ; LOCAL_INTERCONNECT_X121_Y61_N0_I26        ; LAB_LINE                 ;
;   2.115 ;   0.037 ;    ; RE   ; 1      ; LEIMC_X121_Y61_N0_I0                      ; LEIMC                    ;
;   2.115 ;   0.000 ;    ; RE   ; 1      ; GLOBAL_LOCAL_SEL_X121_Y61_N0_I0           ; GLOBAL_LOCAL_SEL         ;
;   2.251 ;   0.136 ;    ; RE   ; 1      ; IO_RE_X121_Y61_N54_I11                    ; IO_RE                    ;
;   2.251 ;   0.000 ;    ; RE   ; 1      ; IO_OUTPUT_ENABLE_PATH_RE_X121_Y61_N58_I6  ; IO_OUTPUT_ENABLE_PATH_RE ;
;   2.251 ;   0.000 ;    ; RE   ; 1      ; IO_OUTPUT_ENABLE_PATH_RE_X121_Y61_N58_I22 ; IO_OUTPUT_ENABLE_PATH_RE ;
;   2.251 ;   0.000 ;    ; RE   ; 1      ; IO_OUTPUT_ENABLE_PATH_RE_X121_Y61_N58_I14 ; IO_OUTPUT_ENABLE_PATH_RE ;
;   2.251 ;   0.000 ;    ; RE   ; 1      ; IO_OUTPUT_PATH_RE_X121_Y61_N62_I5         ; IO_OUTPUT_PATH_RE        ;
;   2.251 ;   0.000 ;    ; RE   ; 1      ; MP_DDIO_OUT_INPUT_X121_Y61_N64_I0         ; MP_DDIO_OUT_INPUT        ;
;   2.253 ;   0.002 ; RR ; IC   ; 1      ; DDIOOUTCELL_X121_Y61_N64                  ; host_rdata[21]~reg0|clk  ;
;   2.631 ;   0.378 ; RR ; CELL ; 1      ; DDIOOUTCELL_X121_Y61_N64                  ; host_rdata[21]~reg0      ;
; 2.631   ; 0.000   ;    ;      ;        ;                                           ; clock uncertainty        ;
; 2.631   ; 0.000   ;    ; uTh  ; 1      ; DDIOOUTCELL_X121_Y61_N64                  ; host_rdata[21]~reg0      ;
+---------+---------+----+------+--------+-------------------------------------------+--------------------------+

----------------------------
; Extra Fitter Information ;
----------------------------
HTML report is unavailable in plain text report export.


Path #25: Removal slack is 0.748 
===============================================================================
+------------------------------------------+
; Path Summary                             ;
+--------------------+---------------------+
; Property           ; Value               ;
+--------------------+---------------------+
; From Node          ; rst_n               ;
; To Node            ; host_rdata[28]~reg0 ;
; Launch Clock       ; clk                 ;
; Latch Clock        ; clk                 ;
; Data Arrival Time  ; 3.368               ;
; Data Required Time ; 2.620               ;
; Slack              ; 0.748               ;
+--------------------+---------------------+

+--------------------------------------------------------------------------------------+
; Statistics                                                                           ;
+---------------------------+-------+-------+-------------+------------+-------+-------+
; Property                  ; Value ; Count ; Total Delay ; % of Total ; Min   ; Max   ;
+---------------------------+-------+-------+-------------+------------+-------+-------+
; Removal Relationship      ; 0.000 ;       ;             ;            ;       ;       ;
; Clock Skew                ; 2.620 ;       ;             ;            ;       ;       ;
; Data Delay                ; 2.868 ;       ;             ;            ;       ;       ;
; Number of Logic Levels    ;       ; 2     ;             ;            ;       ;       ;
; Physical Delays           ;       ;       ;             ;            ;       ;       ;
;  Arrival Path             ;       ;       ;             ;            ;       ;       ;
;   Clock                   ;       ;       ;             ;            ;       ;       ;
;    Clock Network (Lumped) ;       ; 1     ; 0.000       ;            ; 0.000 ; 0.000 ;
;   Data                    ;       ;       ;             ;            ;       ;       ;
;    IC                     ;       ; 3     ; 0.001       ; 0          ; 0.000 ; 0.001 ;
;    Cell                   ;       ; 3     ; 1.227       ; 43         ; 0.196 ; 0.781 ;
;    Routing Element        ;       ; 28    ; 1.640       ; 57         ; 0.000 ; 0.501 ;
;  Required Path            ;       ;       ;             ;            ;       ;       ;
;   Clock                   ;       ;       ;             ;            ;       ;       ;
;    IC                     ;       ; 3     ; 0.001       ; 0          ; 0.000 ; 0.001 ;
;    Cell                   ;       ; 3     ; 0.941       ; 36         ; 0.146 ; 0.417 ;
;    Routing Element        ;       ; 31    ; 1.678       ; 64         ; 0.000 ; 0.503 ;
+---------------------------+-------+-------+-------------+------------+-------+-------+
Note: Negative delays are omitted from totals when calculating percentages

+------------------------------------------------------------------------------------------------------------------+
; Data Arrival Path                                                                                                ;
+---------+---------+----+------+--------+---------------------------------------------+---------------------------+
; Total   ; Incr    ; RF ; Type ; Fanout ; Location                                    ; Element                   ;
+---------+---------+----+------+--------+---------------------------------------------+---------------------------+
; 0.000   ; 0.000   ;    ;      ;        ;                                             ; launch edge time          ;
; 0.000   ; 0.000   ;    ;      ;        ;                                             ; clock path                ;
;   0.000 ;   0.000 ; R  ;      ;        ;                                             ; clock network delay       ;
; 0.500   ; 0.500   ; R  ; iExt ; 1      ; PIN_V27                                     ; rst_n                     ;
; 3.368   ; 2.868   ;    ;      ;        ;                                             ; data path                 ;
;   0.500 ;   0.000 ;    ; RE   ; 1      ; IOPAD_X121_Y51_N60                          ; ARRIAV_IO_PAD             ;
;   0.500 ;   0.000 ;    ; RE   ; 1      ; IO_PAD_OUTPUT_X121_Y51_N60_I1               ; IO_PAD_OUTPUT             ;
;   0.500 ;   0.000 ;    ; RE   ; 1      ; IO_INPUT_BUFFER_INPUT_X121_Y51_N61_I0       ; IO_INPUT_BUFFER_INPUT     ;
;   0.500 ;   0.000 ; RR ; IC   ; 1      ; IOIBUF_X121_Y51_N61                         ; rst_n~input|i             ;
;   1.281 ;   0.781 ; RR ; CELL ; 1294   ; IOIBUF_X121_Y51_N61                         ; rst_n~input|o             ;
;   1.281 ;   0.000 ;    ; RE   ; 1      ; IOIBUF_X121_Y51_N61                         ; ARRIAV_IO_IBUF            ;
;   1.281 ;   0.000 ;    ; RE   ; 1      ; IO_INPUT_BUFFER_OUTPUT_X121_Y51_N61_I2      ; IO_INPUT_BUFFER_OUTPUT    ;
;   1.281 ;   0.000 ;    ; RE   ; 2      ; IO_RE_X121_Y51_N60_I96                      ; IO_RE                     ;
;   1.371 ;   0.090 ;    ; RE   ; 1      ; IO_RE_X121_Y51_N60_I66                      ; IO_RE                     ;
;   1.504 ;   0.133 ;    ; RE   ; 1      ; CLKBUF_CLUSTER_RE_X121_Y56_N3_I421          ; CLKBUF_CLUSTER_RE         ;
;   1.504 ;   0.000 ;    ; RE   ; 1      ; CLKBUF_CLUSTER_RE_X121_Y56_N3_I772          ; CLKBUF_CLUSTER_RE         ;
;   1.504 ;   0.000 ;    ; RE   ; 1      ; CLKBUF_CLUSTER_RE_X121_Y56_N3_I557          ; CLKBUF_CLUSTER_RE         ;
;   1.504 ;   0.000 ;    ; RE   ; 1      ; GCLK_CLUSTER_RE_X121_Y56_N6_I10             ; GCLK_CLUSTER_RE           ;
;   1.504 ;   0.000 ;    ; RE   ; 1      ; CLKBUFBLOCK_INPUT_X121_Y56_N7_I0            ; CLKBUFBLOCK_INPUT         ;
;   1.504 ;   0.000 ; RR ; IC   ; 1      ; CLKCTRL_G9                                  ; rst_n~inputCLKENA0|inclk  ;
;   1.700 ;   0.196 ; RR ; CELL ; 2145   ; CLKCTRL_G9                                  ; rst_n~inputCLKENA0|outclk ;
;   1.700 ;   0.000 ;    ; RE   ; 1      ; CLKCTRL_G9                                  ; ARRIAV_CLKBUF             ;
;   1.700 ;   0.000 ;    ; RE   ; 1      ; CLKBUFBLOCK_OUTPUT_X121_Y56_N7_I2           ; CLKBUFBLOCK_OUTPUT        ;
;   1.700 ;   0.000 ;    ; RE   ; 1      ; GCLK_CLUSTER_RE_X121_Y56_N6_I12             ; GCLK_CLUSTER_RE           ;
;   1.700 ;   0.000 ;    ; RE   ; 1      ; CLKBUF_CLUSTER_RE_X121_Y56_N3_I416          ; CLKBUF_CLUSTER_RE         ;
;   2.201 ;   0.501 ;    ; RE   ; 16     ; GLOBAL_CLOCK_X0_Y58_N0_I9                   ; GLOBAL_CLOCK              ;
;   2.336 ;   0.135 ;    ; RE   ; 18     ; SPINE_CLOCK_X106_Y59_N0_I7                  ; SPINE_CLOCK               ;
;   2.520 ;   0.184 ;    ; RE   ; 1      ; SCLK_TO_ROWCLK_BUF_X106_Y67_N0_I43          ; SCLK_TO_ROWCLK_BUF        ;
;   2.559 ;   0.039 ;    ; RE   ; 2      ; SCLK_TO_ROWCLK_BUF_X106_Y67_N0_I46          ; SCLK_TO_ROWCLK_BUF        ;
;   2.774 ;   0.215 ;    ; RE   ; 1      ; LAB_CLK_X107_Y67_N0_I5                      ; LAB_CLK                   ;
;   2.843 ;   0.069 ;    ; RE   ; 1      ; BLK_CLK_BUF_X121_Y67_N0_I5                  ; BLK_CLK_BUF               ;
;   2.892 ;   0.049 ;    ; RE   ; 2      ; BLK_CLK_LIM_X121_Y67_N0_I5                  ; BLK_CLK_LIM               ;
;   2.967 ;   0.075 ;    ; RE   ; 2      ; LOCAL_INTERCONNECT_X121_Y67_N0_I71          ; LAB_LINE                  ;
;   2.997 ;   0.030 ;    ; RE   ; 1      ; BLOCK_INPUT_MUX_PASSTHROUGH_X121_Y67_N0_I18 ; LEIM                      ;
;   3.117 ;   0.120 ;    ; RE   ; 1      ; IO_RE_X121_Y67_N94_I5                       ; IO_RE                     ;
;   3.117 ;   0.000 ;    ; RE   ; 1      ; IO_OUTPUT_PATH_RE_X121_Y67_N102_I9          ; IO_OUTPUT_PATH_RE         ;
;   3.117 ;   0.000 ;    ; RE   ; 1      ; MP_DDIO_OUT_INPUT_X121_Y67_N104_I3          ; MP_DDIO_OUT_INPUT         ;
;   3.118 ;   0.001 ; RR ; IC   ; 1      ; DDIOOUTCELL_X121_Y67_N104                   ; host_rdata[28]~reg0|clrn  ;
;   3.368 ;   0.250 ; RR ; CELL ; 1      ; DDIOOUTCELL_X121_Y67_N104                   ; host_rdata[28]~reg0       ;
+---------+---------+----+------+--------+---------------------------------------------+---------------------------+

+---------------------------------------------------------------------------------------------------------------+
; Data Required Path                                                                                            ;
+---------+---------+----+------+--------+-------------------------------------------+--------------------------+
; Total   ; Incr    ; RF ; Type ; Fanout ; Location                                  ; Element                  ;
+---------+---------+----+------+--------+-------------------------------------------+--------------------------+
; 0.000   ; 0.000   ;    ;      ;        ;                                           ; latch edge time          ;
; 2.620   ; 2.620   ;    ;      ;        ;                                           ; clock path               ;
;   0.000 ;   0.000 ;    ;      ;        ;                                           ; source latency           ;
;   0.000 ;   0.000 ;    ;      ; 1      ; PIN_AC18                                  ; clk                      ;
;   0.000 ;   0.000 ;    ; RE   ; 1      ; IOPAD_X54_Y0_N0                           ; ARRIAV_IO_PAD            ;
;   0.000 ;   0.000 ;    ; RE   ; 1      ; IO_PAD_OUTPUT_X54_Y0_N0_I1                ; IO_PAD_OUTPUT            ;
;   0.000 ;   0.000 ;    ; RE   ; 1      ; IO_INPUT_BUFFER_INPUT_X54_Y0_N1_I0        ; IO_INPUT_BUFFER_INPUT    ;
;   0.000 ;   0.000 ; RR ; IC   ; 1      ; IOIBUF_X54_Y0_N1                          ; clk~input|i              ;
;   0.417 ;   0.417 ; RR ; CELL ; 1      ; IOIBUF_X54_Y0_N1                          ; clk~input|o              ;
;   0.417 ;   0.000 ;    ; RE   ; 1      ; IOIBUF_X54_Y0_N1                          ; ARRIAV_IO_IBUF           ;
;   0.417 ;   0.000 ;    ; RE   ; 1      ; IO_INPUT_BUFFER_OUTPUT_X54_Y0_N1_I2       ; IO_INPUT_BUFFER_OUTPUT   ;
;   0.417 ;   0.000 ;    ; RE   ; 1      ; IO_RE_X54_Y0_N0_I96                       ; IO_RE                    ;
;   0.552 ;   0.135 ;    ; RE   ; 1      ; IO_RE_X54_Y0_N0_I66                       ; IO_RE                    ;
;   0.633 ;   0.081 ;    ; RE   ; 1      ; CLKBUF_CLUSTER_RE_X58_Y0_N0_I1614         ; CLKBUF_CLUSTER_RE        ;
;   0.633 ;   0.000 ;    ; RE   ; 1      ; CLKBUF_CLUSTER_RE_X58_Y0_N0_I616          ; CLKBUF_CLUSTER_RE        ;
;   0.633 ;   0.000 ;    ; RE   ; 1      ; GCLK_CLUSTER_RE_X58_Y0_N6_I10             ; GCLK_CLUSTER_RE          ;
;   0.633 ;   0.000 ;    ; RE   ; 1      ; CLKBUFBLOCK_INPUT_X58_Y0_N7_I0            ; CLKBUFBLOCK_INPUT        ;
;   0.633 ;   0.000 ; RR ; IC   ; 1      ; CLKCTRL_G6                                ; clk~inputCLKENA0|inclk   ;
;   0.779 ;   0.146 ; RR ; CELL ; 37157  ; CLKCTRL_G6                                ; clk~inputCLKENA0|outclk  ;
;   0.779 ;   0.000 ;    ; RE   ; 1      ; CLKCTRL_G6                                ; ARRIAV_CLKBUF            ;
;   0.779 ;   0.000 ;    ; RE   ; 1      ; CLKBUFBLOCK_OUTPUT_X58_Y0_N7_I2           ; CLKBUFBLOCK_OUTPUT       ;
;   0.779 ;   0.000 ;    ; RE   ; 1      ; GCLK_CLUSTER_RE_X58_Y0_N6_I12             ; GCLK_CLUSTER_RE          ;
;   0.779 ;   0.000 ;    ; RE   ; 1      ; CLKBUF_CLUSTER_RE_X58_Y0_N0_I417          ; CLKBUF_CLUSTER_RE        ;
;   1.282 ;   0.503 ;    ; RE   ; 16     ; GLOBAL_CLOCK_X0_Y58_N0_I6                 ; GLOBAL_CLOCK             ;
;   1.421 ;   0.139 ;    ; RE   ; 29     ; SPINE_CLOCK_X106_Y59_N0_I2                ; SPINE_CLOCK              ;
;   1.610 ;   0.189 ;    ; RE   ; 1      ; SCLK_TO_ROWCLK_BUF_X106_Y67_N0_I12        ; SCLK_TO_ROWCLK_BUF       ;
;   1.650 ;   0.040 ;    ; RE   ; 2      ; SCLK_TO_ROWCLK_BUF_X106_Y67_N0_I15        ; SCLK_TO_ROWCLK_BUF       ;
;   1.871 ;   0.221 ;    ; RE   ; 6      ; LAB_CLK_X107_Y67_N0_I2                    ; LAB_CLK                  ;
;   1.945 ;   0.074 ;    ; RE   ; 1      ; BLK_CLK_BUF_X121_Y67_N0_I2                ; BLK_CLK_BUF              ;
;   1.997 ;   0.052 ;    ; RE   ; 2      ; BLK_CLK_LIM_X121_Y67_N0_I2                ; BLK_CLK_LIM              ;
;   2.074 ;   0.077 ;    ; RE   ; 2      ; LOCAL_INTERCONNECT_X121_Y67_N0_I26        ; LAB_LINE                 ;
;   2.111 ;   0.037 ;    ; RE   ; 1      ; LEIMC_X121_Y67_N0_I0                      ; LEIMC                    ;
;   2.111 ;   0.000 ;    ; RE   ; 1      ; GLOBAL_LOCAL_SEL_X121_Y67_N0_I0           ; GLOBAL_LOCAL_SEL         ;
;   2.241 ;   0.130 ;    ; RE   ; 1      ; IO_RE_X121_Y67_N94_I11                    ; IO_RE                    ;
;   2.241 ;   0.000 ;    ; RE   ; 1      ; IO_OUTPUT_ENABLE_PATH_RE_X121_Y67_N98_I6  ; IO_OUTPUT_ENABLE_PATH_RE ;
;   2.241 ;   0.000 ;    ; RE   ; 1      ; IO_OUTPUT_ENABLE_PATH_RE_X121_Y67_N98_I22 ; IO_OUTPUT_ENABLE_PATH_RE ;
;   2.241 ;   0.000 ;    ; RE   ; 1      ; IO_OUTPUT_ENABLE_PATH_RE_X121_Y67_N98_I14 ; IO_OUTPUT_ENABLE_PATH_RE ;
;   2.241 ;   0.000 ;    ; RE   ; 1      ; IO_OUTPUT_PATH_RE_X121_Y67_N102_I5        ; IO_OUTPUT_PATH_RE        ;
;   2.241 ;   0.000 ;    ; RE   ; 1      ; MP_DDIO_OUT_INPUT_X121_Y67_N104_I0        ; MP_DDIO_OUT_INPUT        ;
;   2.242 ;   0.001 ; RR ; IC   ; 1      ; DDIOOUTCELL_X121_Y67_N104                 ; host_rdata[28]~reg0|clk  ;
;   2.620 ;   0.378 ; RR ; CELL ; 1      ; DDIOOUTCELL_X121_Y67_N104                 ; host_rdata[28]~reg0      ;
; 2.620   ; 0.000   ;    ;      ;        ;                                           ; clock uncertainty        ;
; 2.620   ; 0.000   ;    ; uTh  ; 1      ; DDIOOUTCELL_X121_Y67_N104                 ; host_rdata[28]~reg0      ;
+---------+---------+----+------+--------+-------------------------------------------+--------------------------+

----------------------------
; Extra Fitter Information ;
----------------------------
HTML report is unavailable in plain text report export.


Path #26: Removal slack is 0.749 
===============================================================================
+------------------------------------------+
; Path Summary                             ;
+--------------------+---------------------+
; Property           ; Value               ;
+--------------------+---------------------+
; From Node          ; rst_n               ;
; To Node            ; host_rdata[18]~reg0 ;
; Launch Clock       ; clk                 ;
; Latch Clock        ; clk                 ;
; Data Arrival Time  ; 3.369               ;
; Data Required Time ; 2.620               ;
; Slack              ; 0.749               ;
+--------------------+---------------------+

+--------------------------------------------------------------------------------------+
; Statistics                                                                           ;
+---------------------------+-------+-------+-------------+------------+-------+-------+
; Property                  ; Value ; Count ; Total Delay ; % of Total ; Min   ; Max   ;
+---------------------------+-------+-------+-------------+------------+-------+-------+
; Removal Relationship      ; 0.000 ;       ;             ;            ;       ;       ;
; Clock Skew                ; 2.620 ;       ;             ;            ;       ;       ;
; Data Delay                ; 2.869 ;       ;             ;            ;       ;       ;
; Number of Logic Levels    ;       ; 2     ;             ;            ;       ;       ;
; Physical Delays           ;       ;       ;             ;            ;       ;       ;
;  Arrival Path             ;       ;       ;             ;            ;       ;       ;
;   Clock                   ;       ;       ;             ;            ;       ;       ;
;    Clock Network (Lumped) ;       ; 1     ; 0.000       ;            ; 0.000 ; 0.000 ;
;   Data                    ;       ;       ;             ;            ;       ;       ;
;    IC                     ;       ; 3     ; 0.001       ; 0          ; 0.000 ; 0.001 ;
;    Cell                   ;       ; 3     ; 1.227       ; 43         ; 0.196 ; 0.781 ;
;    Routing Element        ;       ; 28    ; 1.641       ; 57         ; 0.000 ; 0.501 ;
;  Required Path            ;       ;       ;             ;            ;       ;       ;
;   Clock                   ;       ;       ;             ;            ;       ;       ;
;    IC                     ;       ; 3     ; 0.001       ; 0          ; 0.000 ; 0.001 ;
;    Cell                   ;       ; 3     ; 0.941       ; 36         ; 0.146 ; 0.417 ;
;    Routing Element        ;       ; 31    ; 1.678       ; 64         ; 0.000 ; 0.503 ;
+---------------------------+-------+-------+-------------+------------+-------+-------+
Note: Negative delays are omitted from totals when calculating percentages

+------------------------------------------------------------------------------------------------------------------+
; Data Arrival Path                                                                                                ;
+---------+---------+----+------+--------+---------------------------------------------+---------------------------+
; Total   ; Incr    ; RF ; Type ; Fanout ; Location                                    ; Element                   ;
+---------+---------+----+------+--------+---------------------------------------------+---------------------------+
; 0.000   ; 0.000   ;    ;      ;        ;                                             ; launch edge time          ;
; 0.000   ; 0.000   ;    ;      ;        ;                                             ; clock path                ;
;   0.000 ;   0.000 ; R  ;      ;        ;                                             ; clock network delay       ;
; 0.500   ; 0.500   ; R  ; iExt ; 1      ; PIN_V27                                     ; rst_n                     ;
; 3.369   ; 2.869   ;    ;      ;        ;                                             ; data path                 ;
;   0.500 ;   0.000 ;    ; RE   ; 1      ; IOPAD_X121_Y51_N60                          ; ARRIAV_IO_PAD             ;
;   0.500 ;   0.000 ;    ; RE   ; 1      ; IO_PAD_OUTPUT_X121_Y51_N60_I1               ; IO_PAD_OUTPUT             ;
;   0.500 ;   0.000 ;    ; RE   ; 1      ; IO_INPUT_BUFFER_INPUT_X121_Y51_N61_I0       ; IO_INPUT_BUFFER_INPUT     ;
;   0.500 ;   0.000 ; RR ; IC   ; 1      ; IOIBUF_X121_Y51_N61                         ; rst_n~input|i             ;
;   1.281 ;   0.781 ; RR ; CELL ; 1294   ; IOIBUF_X121_Y51_N61                         ; rst_n~input|o             ;
;   1.281 ;   0.000 ;    ; RE   ; 1      ; IOIBUF_X121_Y51_N61                         ; ARRIAV_IO_IBUF            ;
;   1.281 ;   0.000 ;    ; RE   ; 1      ; IO_INPUT_BUFFER_OUTPUT_X121_Y51_N61_I2      ; IO_INPUT_BUFFER_OUTPUT    ;
;   1.281 ;   0.000 ;    ; RE   ; 2      ; IO_RE_X121_Y51_N60_I96                      ; IO_RE                     ;
;   1.371 ;   0.090 ;    ; RE   ; 1      ; IO_RE_X121_Y51_N60_I66                      ; IO_RE                     ;
;   1.504 ;   0.133 ;    ; RE   ; 1      ; CLKBUF_CLUSTER_RE_X121_Y56_N3_I421          ; CLKBUF_CLUSTER_RE         ;
;   1.504 ;   0.000 ;    ; RE   ; 1      ; CLKBUF_CLUSTER_RE_X121_Y56_N3_I772          ; CLKBUF_CLUSTER_RE         ;
;   1.504 ;   0.000 ;    ; RE   ; 1      ; CLKBUF_CLUSTER_RE_X121_Y56_N3_I557          ; CLKBUF_CLUSTER_RE         ;
;   1.504 ;   0.000 ;    ; RE   ; 1      ; GCLK_CLUSTER_RE_X121_Y56_N6_I10             ; GCLK_CLUSTER_RE           ;
;   1.504 ;   0.000 ;    ; RE   ; 1      ; CLKBUFBLOCK_INPUT_X121_Y56_N7_I0            ; CLKBUFBLOCK_INPUT         ;
;   1.504 ;   0.000 ; RR ; IC   ; 1      ; CLKCTRL_G9                                  ; rst_n~inputCLKENA0|inclk  ;
;   1.700 ;   0.196 ; RR ; CELL ; 2145   ; CLKCTRL_G9                                  ; rst_n~inputCLKENA0|outclk ;
;   1.700 ;   0.000 ;    ; RE   ; 1      ; CLKCTRL_G9                                  ; ARRIAV_CLKBUF             ;
;   1.700 ;   0.000 ;    ; RE   ; 1      ; CLKBUFBLOCK_OUTPUT_X121_Y56_N7_I2           ; CLKBUFBLOCK_OUTPUT        ;
;   1.700 ;   0.000 ;    ; RE   ; 1      ; GCLK_CLUSTER_RE_X121_Y56_N6_I12             ; GCLK_CLUSTER_RE           ;
;   1.700 ;   0.000 ;    ; RE   ; 1      ; CLKBUF_CLUSTER_RE_X121_Y56_N3_I416          ; CLKBUF_CLUSTER_RE         ;
;   2.201 ;   0.501 ;    ; RE   ; 16     ; GLOBAL_CLOCK_X0_Y58_N0_I9                   ; GLOBAL_CLOCK              ;
;   2.336 ;   0.135 ;    ; RE   ; 18     ; SPINE_CLOCK_X106_Y59_N0_I7                  ; SPINE_CLOCK               ;
;   2.520 ;   0.184 ;    ; RE   ; 1      ; SCLK_TO_ROWCLK_BUF_X106_Y67_N0_I43          ; SCLK_TO_ROWCLK_BUF        ;
;   2.559 ;   0.039 ;    ; RE   ; 2      ; SCLK_TO_ROWCLK_BUF_X106_Y67_N0_I46          ; SCLK_TO_ROWCLK_BUF        ;
;   2.774 ;   0.215 ;    ; RE   ; 1      ; LAB_CLK_X107_Y67_N0_I5                      ; LAB_CLK                   ;
;   2.843 ;   0.069 ;    ; RE   ; 1      ; BLK_CLK_BUF_X121_Y67_N0_I5                  ; BLK_CLK_BUF               ;
;   2.892 ;   0.049 ;    ; RE   ; 2      ; BLK_CLK_LIM_X121_Y67_N0_I5                  ; BLK_CLK_LIM               ;
;   2.968 ;   0.076 ;    ; RE   ; 1      ; LOCAL_INTERCONNECT_X121_Y67_N0_I111         ; LAB_LINE                  ;
;   2.998 ;   0.030 ;    ; RE   ; 1      ; BLOCK_INPUT_MUX_PASSTHROUGH_X121_Y67_N0_I28 ; LEIM                      ;
;   3.118 ;   0.120 ;    ; RE   ; 1      ; IO_RE_X121_Y67_N77_I5                       ; IO_RE                     ;
;   3.118 ;   0.000 ;    ; RE   ; 1      ; IO_OUTPUT_PATH_RE_X121_Y67_N85_I9           ; IO_OUTPUT_PATH_RE         ;
;   3.118 ;   0.000 ;    ; RE   ; 1      ; MP_DDIO_OUT_INPUT_X121_Y67_N87_I3           ; MP_DDIO_OUT_INPUT         ;
;   3.119 ;   0.001 ; RR ; IC   ; 1      ; DDIOOUTCELL_X121_Y67_N87                    ; host_rdata[18]~reg0|clrn  ;
;   3.369 ;   0.250 ; RR ; CELL ; 1      ; DDIOOUTCELL_X121_Y67_N87                    ; host_rdata[18]~reg0       ;
+---------+---------+----+------+--------+---------------------------------------------+---------------------------+

+---------------------------------------------------------------------------------------------------------------+
; Data Required Path                                                                                            ;
+---------+---------+----+------+--------+-------------------------------------------+--------------------------+
; Total   ; Incr    ; RF ; Type ; Fanout ; Location                                  ; Element                  ;
+---------+---------+----+------+--------+-------------------------------------------+--------------------------+
; 0.000   ; 0.000   ;    ;      ;        ;                                           ; latch edge time          ;
; 2.620   ; 2.620   ;    ;      ;        ;                                           ; clock path               ;
;   0.000 ;   0.000 ;    ;      ;        ;                                           ; source latency           ;
;   0.000 ;   0.000 ;    ;      ; 1      ; PIN_AC18                                  ; clk                      ;
;   0.000 ;   0.000 ;    ; RE   ; 1      ; IOPAD_X54_Y0_N0                           ; ARRIAV_IO_PAD            ;
;   0.000 ;   0.000 ;    ; RE   ; 1      ; IO_PAD_OUTPUT_X54_Y0_N0_I1                ; IO_PAD_OUTPUT            ;
;   0.000 ;   0.000 ;    ; RE   ; 1      ; IO_INPUT_BUFFER_INPUT_X54_Y0_N1_I0        ; IO_INPUT_BUFFER_INPUT    ;
;   0.000 ;   0.000 ; RR ; IC   ; 1      ; IOIBUF_X54_Y0_N1                          ; clk~input|i              ;
;   0.417 ;   0.417 ; RR ; CELL ; 1      ; IOIBUF_X54_Y0_N1                          ; clk~input|o              ;
;   0.417 ;   0.000 ;    ; RE   ; 1      ; IOIBUF_X54_Y0_N1                          ; ARRIAV_IO_IBUF           ;
;   0.417 ;   0.000 ;    ; RE   ; 1      ; IO_INPUT_BUFFER_OUTPUT_X54_Y0_N1_I2       ; IO_INPUT_BUFFER_OUTPUT   ;
;   0.417 ;   0.000 ;    ; RE   ; 1      ; IO_RE_X54_Y0_N0_I96                       ; IO_RE                    ;
;   0.552 ;   0.135 ;    ; RE   ; 1      ; IO_RE_X54_Y0_N0_I66                       ; IO_RE                    ;
;   0.633 ;   0.081 ;    ; RE   ; 1      ; CLKBUF_CLUSTER_RE_X58_Y0_N0_I1614         ; CLKBUF_CLUSTER_RE        ;
;   0.633 ;   0.000 ;    ; RE   ; 1      ; CLKBUF_CLUSTER_RE_X58_Y0_N0_I616          ; CLKBUF_CLUSTER_RE        ;
;   0.633 ;   0.000 ;    ; RE   ; 1      ; GCLK_CLUSTER_RE_X58_Y0_N6_I10             ; GCLK_CLUSTER_RE          ;
;   0.633 ;   0.000 ;    ; RE   ; 1      ; CLKBUFBLOCK_INPUT_X58_Y0_N7_I0            ; CLKBUFBLOCK_INPUT        ;
;   0.633 ;   0.000 ; RR ; IC   ; 1      ; CLKCTRL_G6                                ; clk~inputCLKENA0|inclk   ;
;   0.779 ;   0.146 ; RR ; CELL ; 37157  ; CLKCTRL_G6                                ; clk~inputCLKENA0|outclk  ;
;   0.779 ;   0.000 ;    ; RE   ; 1      ; CLKCTRL_G6                                ; ARRIAV_CLKBUF            ;
;   0.779 ;   0.000 ;    ; RE   ; 1      ; CLKBUFBLOCK_OUTPUT_X58_Y0_N7_I2           ; CLKBUFBLOCK_OUTPUT       ;
;   0.779 ;   0.000 ;    ; RE   ; 1      ; GCLK_CLUSTER_RE_X58_Y0_N6_I12             ; GCLK_CLUSTER_RE          ;
;   0.779 ;   0.000 ;    ; RE   ; 1      ; CLKBUF_CLUSTER_RE_X58_Y0_N0_I417          ; CLKBUF_CLUSTER_RE        ;
;   1.282 ;   0.503 ;    ; RE   ; 16     ; GLOBAL_CLOCK_X0_Y58_N0_I6                 ; GLOBAL_CLOCK             ;
;   1.421 ;   0.139 ;    ; RE   ; 29     ; SPINE_CLOCK_X106_Y59_N0_I2                ; SPINE_CLOCK              ;
;   1.610 ;   0.189 ;    ; RE   ; 1      ; SCLK_TO_ROWCLK_BUF_X106_Y67_N0_I12        ; SCLK_TO_ROWCLK_BUF       ;
;   1.650 ;   0.040 ;    ; RE   ; 2      ; SCLK_TO_ROWCLK_BUF_X106_Y67_N0_I15        ; SCLK_TO_ROWCLK_BUF       ;
;   1.871 ;   0.221 ;    ; RE   ; 6      ; LAB_CLK_X107_Y67_N0_I2                    ; LAB_CLK                  ;
;   1.945 ;   0.074 ;    ; RE   ; 1      ; BLK_CLK_BUF_X121_Y67_N0_I2                ; BLK_CLK_BUF              ;
;   1.997 ;   0.052 ;    ; RE   ; 2      ; BLK_CLK_LIM_X121_Y67_N0_I2                ; BLK_CLK_LIM              ;
;   2.074 ;   0.077 ;    ; RE   ; 2      ; LOCAL_INTERCONNECT_X121_Y67_N0_I26        ; LAB_LINE                 ;
;   2.111 ;   0.037 ;    ; RE   ; 1      ; LEIMC_X121_Y67_N0_I4                      ; LEIMC                    ;
;   2.111 ;   0.000 ;    ; RE   ; 1      ; GLOBAL_LOCAL_SEL_X121_Y67_N0_I4           ; GLOBAL_LOCAL_SEL         ;
;   2.241 ;   0.130 ;    ; RE   ; 1      ; IO_RE_X121_Y67_N77_I11                    ; IO_RE                    ;
;   2.241 ;   0.000 ;    ; RE   ; 1      ; IO_OUTPUT_ENABLE_PATH_RE_X121_Y67_N81_I6  ; IO_OUTPUT_ENABLE_PATH_RE ;
;   2.241 ;   0.000 ;    ; RE   ; 1      ; IO_OUTPUT_ENABLE_PATH_RE_X121_Y67_N81_I22 ; IO_OUTPUT_ENABLE_PATH_RE ;
;   2.241 ;   0.000 ;    ; RE   ; 1      ; IO_OUTPUT_ENABLE_PATH_RE_X121_Y67_N81_I14 ; IO_OUTPUT_ENABLE_PATH_RE ;
;   2.241 ;   0.000 ;    ; RE   ; 1      ; IO_OUTPUT_PATH_RE_X121_Y67_N85_I5         ; IO_OUTPUT_PATH_RE        ;
;   2.241 ;   0.000 ;    ; RE   ; 1      ; MP_DDIO_OUT_INPUT_X121_Y67_N87_I0         ; MP_DDIO_OUT_INPUT        ;
;   2.242 ;   0.001 ; RR ; IC   ; 1      ; DDIOOUTCELL_X121_Y67_N87                  ; host_rdata[18]~reg0|clk  ;
;   2.620 ;   0.378 ; RR ; CELL ; 1      ; DDIOOUTCELL_X121_Y67_N87                  ; host_rdata[18]~reg0      ;
; 2.620   ; 0.000   ;    ;      ;        ;                                           ; clock uncertainty        ;
; 2.620   ; 0.000   ;    ; uTh  ; 1      ; DDIOOUTCELL_X121_Y67_N87                  ; host_rdata[18]~reg0      ;
+---------+---------+----+------+--------+-------------------------------------------+--------------------------+

----------------------------
; Extra Fitter Information ;
----------------------------
HTML report is unavailable in plain text report export.


Path #27: Removal slack is 0.751 
===============================================================================
+------------------------------------------+
; Path Summary                             ;
+--------------------+---------------------+
; Property           ; Value               ;
+--------------------+---------------------+
; From Node          ; rst_n               ;
; To Node            ; host_rdata[27]~reg0 ;
; Launch Clock       ; clk                 ;
; Latch Clock        ; clk                 ;
; Data Arrival Time  ; 3.371               ;
; Data Required Time ; 2.620               ;
; Slack              ; 0.751               ;
+--------------------+---------------------+

+--------------------------------------------------------------------------------------+
; Statistics                                                                           ;
+---------------------------+-------+-------+-------------+------------+-------+-------+
; Property                  ; Value ; Count ; Total Delay ; % of Total ; Min   ; Max   ;
+---------------------------+-------+-------+-------------+------------+-------+-------+
; Removal Relationship      ; 0.000 ;       ;             ;            ;       ;       ;
; Clock Skew                ; 2.620 ;       ;             ;            ;       ;       ;
; Data Delay                ; 2.871 ;       ;             ;            ;       ;       ;
; Number of Logic Levels    ;       ; 2     ;             ;            ;       ;       ;
; Physical Delays           ;       ;       ;             ;            ;       ;       ;
;  Arrival Path             ;       ;       ;             ;            ;       ;       ;
;   Clock                   ;       ;       ;             ;            ;       ;       ;
;    Clock Network (Lumped) ;       ; 1     ; 0.000       ;            ; 0.000 ; 0.000 ;
;   Data                    ;       ;       ;             ;            ;       ;       ;
;    IC                     ;       ; 3     ; 0.001       ; 0          ; 0.000 ; 0.001 ;
;    Cell                   ;       ; 3     ; 1.227       ; 43         ; 0.196 ; 0.781 ;
;    Routing Element        ;       ; 28    ; 1.643       ; 57         ; 0.000 ; 0.501 ;
;  Required Path            ;       ;       ;             ;            ;       ;       ;
;   Clock                   ;       ;       ;             ;            ;       ;       ;
;    IC                     ;       ; 3     ; 0.001       ; 0          ; 0.000 ; 0.001 ;
;    Cell                   ;       ; 3     ; 0.941       ; 36         ; 0.146 ; 0.417 ;
;    Routing Element        ;       ; 31    ; 1.678       ; 64         ; 0.000 ; 0.503 ;
+---------------------------+-------+-------+-------------+------------+-------+-------+
Note: Negative delays are omitted from totals when calculating percentages

+------------------------------------------------------------------------------------------------------------------+
; Data Arrival Path                                                                                                ;
+---------+---------+----+------+--------+---------------------------------------------+---------------------------+
; Total   ; Incr    ; RF ; Type ; Fanout ; Location                                    ; Element                   ;
+---------+---------+----+------+--------+---------------------------------------------+---------------------------+
; 0.000   ; 0.000   ;    ;      ;        ;                                             ; launch edge time          ;
; 0.000   ; 0.000   ;    ;      ;        ;                                             ; clock path                ;
;   0.000 ;   0.000 ; R  ;      ;        ;                                             ; clock network delay       ;
; 0.500   ; 0.500   ; R  ; iExt ; 1      ; PIN_V27                                     ; rst_n                     ;
; 3.371   ; 2.871   ;    ;      ;        ;                                             ; data path                 ;
;   0.500 ;   0.000 ;    ; RE   ; 1      ; IOPAD_X121_Y51_N60                          ; ARRIAV_IO_PAD             ;
;   0.500 ;   0.000 ;    ; RE   ; 1      ; IO_PAD_OUTPUT_X121_Y51_N60_I1               ; IO_PAD_OUTPUT             ;
;   0.500 ;   0.000 ;    ; RE   ; 1      ; IO_INPUT_BUFFER_INPUT_X121_Y51_N61_I0       ; IO_INPUT_BUFFER_INPUT     ;
;   0.500 ;   0.000 ; RR ; IC   ; 1      ; IOIBUF_X121_Y51_N61                         ; rst_n~input|i             ;
;   1.281 ;   0.781 ; RR ; CELL ; 1294   ; IOIBUF_X121_Y51_N61                         ; rst_n~input|o             ;
;   1.281 ;   0.000 ;    ; RE   ; 1      ; IOIBUF_X121_Y51_N61                         ; ARRIAV_IO_IBUF            ;
;   1.281 ;   0.000 ;    ; RE   ; 1      ; IO_INPUT_BUFFER_OUTPUT_X121_Y51_N61_I2      ; IO_INPUT_BUFFER_OUTPUT    ;
;   1.281 ;   0.000 ;    ; RE   ; 2      ; IO_RE_X121_Y51_N60_I96                      ; IO_RE                     ;
;   1.371 ;   0.090 ;    ; RE   ; 1      ; IO_RE_X121_Y51_N60_I66                      ; IO_RE                     ;
;   1.504 ;   0.133 ;    ; RE   ; 1      ; CLKBUF_CLUSTER_RE_X121_Y56_N3_I421          ; CLKBUF_CLUSTER_RE         ;
;   1.504 ;   0.000 ;    ; RE   ; 1      ; CLKBUF_CLUSTER_RE_X121_Y56_N3_I772          ; CLKBUF_CLUSTER_RE         ;
;   1.504 ;   0.000 ;    ; RE   ; 1      ; CLKBUF_CLUSTER_RE_X121_Y56_N3_I557          ; CLKBUF_CLUSTER_RE         ;
;   1.504 ;   0.000 ;    ; RE   ; 1      ; GCLK_CLUSTER_RE_X121_Y56_N6_I10             ; GCLK_CLUSTER_RE           ;
;   1.504 ;   0.000 ;    ; RE   ; 1      ; CLKBUFBLOCK_INPUT_X121_Y56_N7_I0            ; CLKBUFBLOCK_INPUT         ;
;   1.504 ;   0.000 ; RR ; IC   ; 1      ; CLKCTRL_G9                                  ; rst_n~inputCLKENA0|inclk  ;
;   1.700 ;   0.196 ; RR ; CELL ; 2145   ; CLKCTRL_G9                                  ; rst_n~inputCLKENA0|outclk ;
;   1.700 ;   0.000 ;    ; RE   ; 1      ; CLKCTRL_G9                                  ; ARRIAV_CLKBUF             ;
;   1.700 ;   0.000 ;    ; RE   ; 1      ; CLKBUFBLOCK_OUTPUT_X121_Y56_N7_I2           ; CLKBUFBLOCK_OUTPUT        ;
;   1.700 ;   0.000 ;    ; RE   ; 1      ; GCLK_CLUSTER_RE_X121_Y56_N6_I12             ; GCLK_CLUSTER_RE           ;
;   1.700 ;   0.000 ;    ; RE   ; 1      ; CLKBUF_CLUSTER_RE_X121_Y56_N3_I416          ; CLKBUF_CLUSTER_RE         ;
;   2.201 ;   0.501 ;    ; RE   ; 16     ; GLOBAL_CLOCK_X0_Y58_N0_I9                   ; GLOBAL_CLOCK              ;
;   2.334 ;   0.133 ;    ; RE   ; 18     ; SPINE_CLOCK_X106_Y59_N0_I7                  ; SPINE_CLOCK               ;
;   2.518 ;   0.184 ;    ; RE   ; 1      ; SCLK_TO_ROWCLK_BUF_X106_Y69_N0_I43          ; SCLK_TO_ROWCLK_BUF        ;
;   2.557 ;   0.039 ;    ; RE   ; 2      ; SCLK_TO_ROWCLK_BUF_X106_Y69_N0_I46          ; SCLK_TO_ROWCLK_BUF        ;
;   2.772 ;   0.215 ;    ; RE   ; 1      ; LAB_CLK_X107_Y69_N0_I5                      ; LAB_CLK                   ;
;   2.841 ;   0.069 ;    ; RE   ; 1      ; BLK_CLK_BUF_X121_Y69_N0_I5                  ; BLK_CLK_BUF               ;
;   2.892 ;   0.051 ;    ; RE   ; 2      ; BLK_CLK_LIM_X121_Y69_N0_I5                  ; BLK_CLK_LIM               ;
;   2.968 ;   0.076 ;    ; RE   ; 3      ; LOCAL_INTERCONNECT_X121_Y69_N0_I71          ; LAB_LINE                  ;
;   2.998 ;   0.030 ;    ; RE   ; 1      ; BLOCK_INPUT_MUX_PASSTHROUGH_X121_Y69_N0_I18 ; LEIM                      ;
;   3.120 ;   0.122 ;    ; RE   ; 1      ; IO_RE_X121_Y69_N54_I5                       ; IO_RE                     ;
;   3.120 ;   0.000 ;    ; RE   ; 1      ; IO_OUTPUT_PATH_RE_X121_Y69_N62_I9           ; IO_OUTPUT_PATH_RE         ;
;   3.120 ;   0.000 ;    ; RE   ; 1      ; MP_DDIO_OUT_INPUT_X121_Y69_N64_I3           ; MP_DDIO_OUT_INPUT         ;
;   3.121 ;   0.001 ; RR ; IC   ; 1      ; DDIOOUTCELL_X121_Y69_N64                    ; host_rdata[27]~reg0|clrn  ;
;   3.371 ;   0.250 ; RR ; CELL ; 1      ; DDIOOUTCELL_X121_Y69_N64                    ; host_rdata[27]~reg0       ;
+---------+---------+----+------+--------+---------------------------------------------+---------------------------+

+---------------------------------------------------------------------------------------------------------------+
; Data Required Path                                                                                            ;
+---------+---------+----+------+--------+-------------------------------------------+--------------------------+
; Total   ; Incr    ; RF ; Type ; Fanout ; Location                                  ; Element                  ;
+---------+---------+----+------+--------+-------------------------------------------+--------------------------+
; 0.000   ; 0.000   ;    ;      ;        ;                                           ; latch edge time          ;
; 2.620   ; 2.620   ;    ;      ;        ;                                           ; clock path               ;
;   0.000 ;   0.000 ;    ;      ;        ;                                           ; source latency           ;
;   0.000 ;   0.000 ;    ;      ; 1      ; PIN_AC18                                  ; clk                      ;
;   0.000 ;   0.000 ;    ; RE   ; 1      ; IOPAD_X54_Y0_N0                           ; ARRIAV_IO_PAD            ;
;   0.000 ;   0.000 ;    ; RE   ; 1      ; IO_PAD_OUTPUT_X54_Y0_N0_I1                ; IO_PAD_OUTPUT            ;
;   0.000 ;   0.000 ;    ; RE   ; 1      ; IO_INPUT_BUFFER_INPUT_X54_Y0_N1_I0        ; IO_INPUT_BUFFER_INPUT    ;
;   0.000 ;   0.000 ; RR ; IC   ; 1      ; IOIBUF_X54_Y0_N1                          ; clk~input|i              ;
;   0.417 ;   0.417 ; RR ; CELL ; 1      ; IOIBUF_X54_Y0_N1                          ; clk~input|o              ;
;   0.417 ;   0.000 ;    ; RE   ; 1      ; IOIBUF_X54_Y0_N1                          ; ARRIAV_IO_IBUF           ;
;   0.417 ;   0.000 ;    ; RE   ; 1      ; IO_INPUT_BUFFER_OUTPUT_X54_Y0_N1_I2       ; IO_INPUT_BUFFER_OUTPUT   ;
;   0.417 ;   0.000 ;    ; RE   ; 1      ; IO_RE_X54_Y0_N0_I96                       ; IO_RE                    ;
;   0.552 ;   0.135 ;    ; RE   ; 1      ; IO_RE_X54_Y0_N0_I66                       ; IO_RE                    ;
;   0.633 ;   0.081 ;    ; RE   ; 1      ; CLKBUF_CLUSTER_RE_X58_Y0_N0_I1614         ; CLKBUF_CLUSTER_RE        ;
;   0.633 ;   0.000 ;    ; RE   ; 1      ; CLKBUF_CLUSTER_RE_X58_Y0_N0_I616          ; CLKBUF_CLUSTER_RE        ;
;   0.633 ;   0.000 ;    ; RE   ; 1      ; GCLK_CLUSTER_RE_X58_Y0_N6_I10             ; GCLK_CLUSTER_RE          ;
;   0.633 ;   0.000 ;    ; RE   ; 1      ; CLKBUFBLOCK_INPUT_X58_Y0_N7_I0            ; CLKBUFBLOCK_INPUT        ;
;   0.633 ;   0.000 ; RR ; IC   ; 1      ; CLKCTRL_G6                                ; clk~inputCLKENA0|inclk   ;
;   0.779 ;   0.146 ; RR ; CELL ; 37157  ; CLKCTRL_G6                                ; clk~inputCLKENA0|outclk  ;
;   0.779 ;   0.000 ;    ; RE   ; 1      ; CLKCTRL_G6                                ; ARRIAV_CLKBUF            ;
;   0.779 ;   0.000 ;    ; RE   ; 1      ; CLKBUFBLOCK_OUTPUT_X58_Y0_N7_I2           ; CLKBUFBLOCK_OUTPUT       ;
;   0.779 ;   0.000 ;    ; RE   ; 1      ; GCLK_CLUSTER_RE_X58_Y0_N6_I12             ; GCLK_CLUSTER_RE          ;
;   0.779 ;   0.000 ;    ; RE   ; 1      ; CLKBUF_CLUSTER_RE_X58_Y0_N0_I417          ; CLKBUF_CLUSTER_RE        ;
;   1.282 ;   0.503 ;    ; RE   ; 16     ; GLOBAL_CLOCK_X0_Y58_N0_I6                 ; GLOBAL_CLOCK             ;
;   1.418 ;   0.136 ;    ; RE   ; 29     ; SPINE_CLOCK_X106_Y59_N0_I2                ; SPINE_CLOCK              ;
;   1.607 ;   0.189 ;    ; RE   ; 1      ; SCLK_TO_ROWCLK_BUF_X106_Y69_N0_I12        ; SCLK_TO_ROWCLK_BUF       ;
;   1.647 ;   0.040 ;    ; RE   ; 2      ; SCLK_TO_ROWCLK_BUF_X106_Y69_N0_I15        ; SCLK_TO_ROWCLK_BUF       ;
;   1.868 ;   0.221 ;    ; RE   ; 5      ; LAB_CLK_X107_Y69_N0_I2                    ; LAB_CLK                  ;
;   1.942 ;   0.074 ;    ; RE   ; 1      ; BLK_CLK_BUF_X121_Y69_N0_I2                ; BLK_CLK_BUF              ;
;   1.994 ;   0.052 ;    ; RE   ; 2      ; BLK_CLK_LIM_X121_Y69_N0_I2                ; BLK_CLK_LIM              ;
;   2.074 ;   0.080 ;    ; RE   ; 3      ; LOCAL_INTERCONNECT_X121_Y69_N0_I26        ; LAB_LINE                 ;
;   2.111 ;   0.037 ;    ; RE   ; 1      ; LEIMC_X121_Y69_N0_I0                      ; LEIMC                    ;
;   2.111 ;   0.000 ;    ; RE   ; 1      ; GLOBAL_LOCAL_SEL_X121_Y69_N0_I0           ; GLOBAL_LOCAL_SEL         ;
;   2.241 ;   0.130 ;    ; RE   ; 1      ; IO_RE_X121_Y69_N54_I11                    ; IO_RE                    ;
;   2.241 ;   0.000 ;    ; RE   ; 1      ; IO_OUTPUT_ENABLE_PATH_RE_X121_Y69_N58_I6  ; IO_OUTPUT_ENABLE_PATH_RE ;
;   2.241 ;   0.000 ;    ; RE   ; 1      ; IO_OUTPUT_ENABLE_PATH_RE_X121_Y69_N58_I22 ; IO_OUTPUT_ENABLE_PATH_RE ;
;   2.241 ;   0.000 ;    ; RE   ; 1      ; IO_OUTPUT_ENABLE_PATH_RE_X121_Y69_N58_I14 ; IO_OUTPUT_ENABLE_PATH_RE ;
;   2.241 ;   0.000 ;    ; RE   ; 1      ; IO_OUTPUT_PATH_RE_X121_Y69_N62_I5         ; IO_OUTPUT_PATH_RE        ;
;   2.241 ;   0.000 ;    ; RE   ; 1      ; MP_DDIO_OUT_INPUT_X121_Y69_N64_I0         ; MP_DDIO_OUT_INPUT        ;
;   2.242 ;   0.001 ; RR ; IC   ; 1      ; DDIOOUTCELL_X121_Y69_N64                  ; host_rdata[27]~reg0|clk  ;
;   2.620 ;   0.378 ; RR ; CELL ; 1      ; DDIOOUTCELL_X121_Y69_N64                  ; host_rdata[27]~reg0      ;
; 2.620   ; 0.000   ;    ;      ;        ;                                           ; clock uncertainty        ;
; 2.620   ; 0.000   ;    ; uTh  ; 1      ; DDIOOUTCELL_X121_Y69_N64                  ; host_rdata[27]~reg0      ;
+---------+---------+----+------+--------+-------------------------------------------+--------------------------+

----------------------------
; Extra Fitter Information ;
----------------------------
HTML report is unavailable in plain text report export.


Path #28: Removal slack is 0.751 
===============================================================================
+------------------------------------------+
; Path Summary                             ;
+--------------------+---------------------+
; Property           ; Value               ;
+--------------------+---------------------+
; From Node          ; rst_n               ;
; To Node            ; host_rdata[31]~reg0 ;
; Launch Clock       ; clk                 ;
; Latch Clock        ; clk                 ;
; Data Arrival Time  ; 3.371               ;
; Data Required Time ; 2.620               ;
; Slack              ; 0.751               ;
+--------------------+---------------------+

+--------------------------------------------------------------------------------------+
; Statistics                                                                           ;
+---------------------------+-------+-------+-------------+------------+-------+-------+
; Property                  ; Value ; Count ; Total Delay ; % of Total ; Min   ; Max   ;
+---------------------------+-------+-------+-------------+------------+-------+-------+
; Removal Relationship      ; 0.000 ;       ;             ;            ;       ;       ;
; Clock Skew                ; 2.620 ;       ;             ;            ;       ;       ;
; Data Delay                ; 2.871 ;       ;             ;            ;       ;       ;
; Number of Logic Levels    ;       ; 2     ;             ;            ;       ;       ;
; Physical Delays           ;       ;       ;             ;            ;       ;       ;
;  Arrival Path             ;       ;       ;             ;            ;       ;       ;
;   Clock                   ;       ;       ;             ;            ;       ;       ;
;    Clock Network (Lumped) ;       ; 1     ; 0.000       ;            ; 0.000 ; 0.000 ;
;   Data                    ;       ;       ;             ;            ;       ;       ;
;    IC                     ;       ; 3     ; 0.001       ; 0          ; 0.000 ; 0.001 ;
;    Cell                   ;       ; 3     ; 1.227       ; 43         ; 0.196 ; 0.781 ;
;    Routing Element        ;       ; 28    ; 1.643       ; 57         ; 0.000 ; 0.501 ;
;  Required Path            ;       ;       ;             ;            ;       ;       ;
;   Clock                   ;       ;       ;             ;            ;       ;       ;
;    IC                     ;       ; 3     ; 0.001       ; 0          ; 0.000 ; 0.001 ;
;    Cell                   ;       ; 3     ; 0.941       ; 36         ; 0.146 ; 0.417 ;
;    Routing Element        ;       ; 31    ; 1.678       ; 64         ; 0.000 ; 0.503 ;
+---------------------------+-------+-------+-------------+------------+-------+-------+
Note: Negative delays are omitted from totals when calculating percentages

+------------------------------------------------------------------------------------------------------------------+
; Data Arrival Path                                                                                                ;
+---------+---------+----+------+--------+---------------------------------------------+---------------------------+
; Total   ; Incr    ; RF ; Type ; Fanout ; Location                                    ; Element                   ;
+---------+---------+----+------+--------+---------------------------------------------+---------------------------+
; 0.000   ; 0.000   ;    ;      ;        ;                                             ; launch edge time          ;
; 0.000   ; 0.000   ;    ;      ;        ;                                             ; clock path                ;
;   0.000 ;   0.000 ; R  ;      ;        ;                                             ; clock network delay       ;
; 0.500   ; 0.500   ; R  ; iExt ; 1      ; PIN_V27                                     ; rst_n                     ;
; 3.371   ; 2.871   ;    ;      ;        ;                                             ; data path                 ;
;   0.500 ;   0.000 ;    ; RE   ; 1      ; IOPAD_X121_Y51_N60                          ; ARRIAV_IO_PAD             ;
;   0.500 ;   0.000 ;    ; RE   ; 1      ; IO_PAD_OUTPUT_X121_Y51_N60_I1               ; IO_PAD_OUTPUT             ;
;   0.500 ;   0.000 ;    ; RE   ; 1      ; IO_INPUT_BUFFER_INPUT_X121_Y51_N61_I0       ; IO_INPUT_BUFFER_INPUT     ;
;   0.500 ;   0.000 ; RR ; IC   ; 1      ; IOIBUF_X121_Y51_N61                         ; rst_n~input|i             ;
;   1.281 ;   0.781 ; RR ; CELL ; 1294   ; IOIBUF_X121_Y51_N61                         ; rst_n~input|o             ;
;   1.281 ;   0.000 ;    ; RE   ; 1      ; IOIBUF_X121_Y51_N61                         ; ARRIAV_IO_IBUF            ;
;   1.281 ;   0.000 ;    ; RE   ; 1      ; IO_INPUT_BUFFER_OUTPUT_X121_Y51_N61_I2      ; IO_INPUT_BUFFER_OUTPUT    ;
;   1.281 ;   0.000 ;    ; RE   ; 2      ; IO_RE_X121_Y51_N60_I96                      ; IO_RE                     ;
;   1.371 ;   0.090 ;    ; RE   ; 1      ; IO_RE_X121_Y51_N60_I66                      ; IO_RE                     ;
;   1.504 ;   0.133 ;    ; RE   ; 1      ; CLKBUF_CLUSTER_RE_X121_Y56_N3_I421          ; CLKBUF_CLUSTER_RE         ;
;   1.504 ;   0.000 ;    ; RE   ; 1      ; CLKBUF_CLUSTER_RE_X121_Y56_N3_I772          ; CLKBUF_CLUSTER_RE         ;
;   1.504 ;   0.000 ;    ; RE   ; 1      ; CLKBUF_CLUSTER_RE_X121_Y56_N3_I557          ; CLKBUF_CLUSTER_RE         ;
;   1.504 ;   0.000 ;    ; RE   ; 1      ; GCLK_CLUSTER_RE_X121_Y56_N6_I10             ; GCLK_CLUSTER_RE           ;
;   1.504 ;   0.000 ;    ; RE   ; 1      ; CLKBUFBLOCK_INPUT_X121_Y56_N7_I0            ; CLKBUFBLOCK_INPUT         ;
;   1.504 ;   0.000 ; RR ; IC   ; 1      ; CLKCTRL_G9                                  ; rst_n~inputCLKENA0|inclk  ;
;   1.700 ;   0.196 ; RR ; CELL ; 2145   ; CLKCTRL_G9                                  ; rst_n~inputCLKENA0|outclk ;
;   1.700 ;   0.000 ;    ; RE   ; 1      ; CLKCTRL_G9                                  ; ARRIAV_CLKBUF             ;
;   1.700 ;   0.000 ;    ; RE   ; 1      ; CLKBUFBLOCK_OUTPUT_X121_Y56_N7_I2           ; CLKBUFBLOCK_OUTPUT        ;
;   1.700 ;   0.000 ;    ; RE   ; 1      ; GCLK_CLUSTER_RE_X121_Y56_N6_I12             ; GCLK_CLUSTER_RE           ;
;   1.700 ;   0.000 ;    ; RE   ; 1      ; CLKBUF_CLUSTER_RE_X121_Y56_N3_I416          ; CLKBUF_CLUSTER_RE         ;
;   2.201 ;   0.501 ;    ; RE   ; 16     ; GLOBAL_CLOCK_X0_Y58_N0_I9                   ; GLOBAL_CLOCK              ;
;   2.334 ;   0.133 ;    ; RE   ; 18     ; SPINE_CLOCK_X106_Y59_N0_I7                  ; SPINE_CLOCK               ;
;   2.518 ;   0.184 ;    ; RE   ; 1      ; SCLK_TO_ROWCLK_BUF_X106_Y69_N0_I43          ; SCLK_TO_ROWCLK_BUF        ;
;   2.557 ;   0.039 ;    ; RE   ; 2      ; SCLK_TO_ROWCLK_BUF_X106_Y69_N0_I46          ; SCLK_TO_ROWCLK_BUF        ;
;   2.772 ;   0.215 ;    ; RE   ; 1      ; LAB_CLK_X107_Y69_N0_I5                      ; LAB_CLK                   ;
;   2.841 ;   0.069 ;    ; RE   ; 1      ; BLK_CLK_BUF_X121_Y69_N0_I5                  ; BLK_CLK_BUF               ;
;   2.892 ;   0.051 ;    ; RE   ; 2      ; BLK_CLK_LIM_X121_Y69_N0_I5                  ; BLK_CLK_LIM               ;
;   2.968 ;   0.076 ;    ; RE   ; 1      ; LOCAL_INTERCONNECT_X121_Y69_N0_I111         ; LAB_LINE                  ;
;   2.998 ;   0.030 ;    ; RE   ; 1      ; BLOCK_INPUT_MUX_PASSTHROUGH_X121_Y69_N0_I28 ; LEIM                      ;
;   3.120 ;   0.122 ;    ; RE   ; 1      ; IO_RE_X121_Y69_N37_I5                       ; IO_RE                     ;
;   3.120 ;   0.000 ;    ; RE   ; 1      ; IO_OUTPUT_PATH_RE_X121_Y69_N45_I9           ; IO_OUTPUT_PATH_RE         ;
;   3.120 ;   0.000 ;    ; RE   ; 1      ; MP_DDIO_OUT_INPUT_X121_Y69_N47_I3           ; MP_DDIO_OUT_INPUT         ;
;   3.121 ;   0.001 ; RR ; IC   ; 1      ; DDIOOUTCELL_X121_Y69_N47                    ; host_rdata[31]~reg0|clrn  ;
;   3.371 ;   0.250 ; RR ; CELL ; 1      ; DDIOOUTCELL_X121_Y69_N47                    ; host_rdata[31]~reg0       ;
+---------+---------+----+------+--------+---------------------------------------------+---------------------------+

+---------------------------------------------------------------------------------------------------------------+
; Data Required Path                                                                                            ;
+---------+---------+----+------+--------+-------------------------------------------+--------------------------+
; Total   ; Incr    ; RF ; Type ; Fanout ; Location                                  ; Element                  ;
+---------+---------+----+------+--------+-------------------------------------------+--------------------------+
; 0.000   ; 0.000   ;    ;      ;        ;                                           ; latch edge time          ;
; 2.620   ; 2.620   ;    ;      ;        ;                                           ; clock path               ;
;   0.000 ;   0.000 ;    ;      ;        ;                                           ; source latency           ;
;   0.000 ;   0.000 ;    ;      ; 1      ; PIN_AC18                                  ; clk                      ;
;   0.000 ;   0.000 ;    ; RE   ; 1      ; IOPAD_X54_Y0_N0                           ; ARRIAV_IO_PAD            ;
;   0.000 ;   0.000 ;    ; RE   ; 1      ; IO_PAD_OUTPUT_X54_Y0_N0_I1                ; IO_PAD_OUTPUT            ;
;   0.000 ;   0.000 ;    ; RE   ; 1      ; IO_INPUT_BUFFER_INPUT_X54_Y0_N1_I0        ; IO_INPUT_BUFFER_INPUT    ;
;   0.000 ;   0.000 ; RR ; IC   ; 1      ; IOIBUF_X54_Y0_N1                          ; clk~input|i              ;
;   0.417 ;   0.417 ; RR ; CELL ; 1      ; IOIBUF_X54_Y0_N1                          ; clk~input|o              ;
;   0.417 ;   0.000 ;    ; RE   ; 1      ; IOIBUF_X54_Y0_N1                          ; ARRIAV_IO_IBUF           ;
;   0.417 ;   0.000 ;    ; RE   ; 1      ; IO_INPUT_BUFFER_OUTPUT_X54_Y0_N1_I2       ; IO_INPUT_BUFFER_OUTPUT   ;
;   0.417 ;   0.000 ;    ; RE   ; 1      ; IO_RE_X54_Y0_N0_I96                       ; IO_RE                    ;
;   0.552 ;   0.135 ;    ; RE   ; 1      ; IO_RE_X54_Y0_N0_I66                       ; IO_RE                    ;
;   0.633 ;   0.081 ;    ; RE   ; 1      ; CLKBUF_CLUSTER_RE_X58_Y0_N0_I1614         ; CLKBUF_CLUSTER_RE        ;
;   0.633 ;   0.000 ;    ; RE   ; 1      ; CLKBUF_CLUSTER_RE_X58_Y0_N0_I616          ; CLKBUF_CLUSTER_RE        ;
;   0.633 ;   0.000 ;    ; RE   ; 1      ; GCLK_CLUSTER_RE_X58_Y0_N6_I10             ; GCLK_CLUSTER_RE          ;
;   0.633 ;   0.000 ;    ; RE   ; 1      ; CLKBUFBLOCK_INPUT_X58_Y0_N7_I0            ; CLKBUFBLOCK_INPUT        ;
;   0.633 ;   0.000 ; RR ; IC   ; 1      ; CLKCTRL_G6                                ; clk~inputCLKENA0|inclk   ;
;   0.779 ;   0.146 ; RR ; CELL ; 37157  ; CLKCTRL_G6                                ; clk~inputCLKENA0|outclk  ;
;   0.779 ;   0.000 ;    ; RE   ; 1      ; CLKCTRL_G6                                ; ARRIAV_CLKBUF            ;
;   0.779 ;   0.000 ;    ; RE   ; 1      ; CLKBUFBLOCK_OUTPUT_X58_Y0_N7_I2           ; CLKBUFBLOCK_OUTPUT       ;
;   0.779 ;   0.000 ;    ; RE   ; 1      ; GCLK_CLUSTER_RE_X58_Y0_N6_I12             ; GCLK_CLUSTER_RE          ;
;   0.779 ;   0.000 ;    ; RE   ; 1      ; CLKBUF_CLUSTER_RE_X58_Y0_N0_I417          ; CLKBUF_CLUSTER_RE        ;
;   1.282 ;   0.503 ;    ; RE   ; 16     ; GLOBAL_CLOCK_X0_Y58_N0_I6                 ; GLOBAL_CLOCK             ;
;   1.418 ;   0.136 ;    ; RE   ; 29     ; SPINE_CLOCK_X106_Y59_N0_I2                ; SPINE_CLOCK              ;
;   1.607 ;   0.189 ;    ; RE   ; 1      ; SCLK_TO_ROWCLK_BUF_X106_Y69_N0_I12        ; SCLK_TO_ROWCLK_BUF       ;
;   1.647 ;   0.040 ;    ; RE   ; 2      ; SCLK_TO_ROWCLK_BUF_X106_Y69_N0_I15        ; SCLK_TO_ROWCLK_BUF       ;
;   1.868 ;   0.221 ;    ; RE   ; 5      ; LAB_CLK_X107_Y69_N0_I2                    ; LAB_CLK                  ;
;   1.942 ;   0.074 ;    ; RE   ; 1      ; BLK_CLK_BUF_X121_Y69_N0_I2                ; BLK_CLK_BUF              ;
;   1.994 ;   0.052 ;    ; RE   ; 2      ; BLK_CLK_LIM_X121_Y69_N0_I2                ; BLK_CLK_LIM              ;
;   2.074 ;   0.080 ;    ; RE   ; 3      ; LOCAL_INTERCONNECT_X121_Y69_N0_I26        ; LAB_LINE                 ;
;   2.111 ;   0.037 ;    ; RE   ; 1      ; LEIMC_X121_Y69_N0_I4                      ; LEIMC                    ;
;   2.111 ;   0.000 ;    ; RE   ; 1      ; GLOBAL_LOCAL_SEL_X121_Y69_N0_I4           ; GLOBAL_LOCAL_SEL         ;
;   2.241 ;   0.130 ;    ; RE   ; 1      ; IO_RE_X121_Y69_N37_I11                    ; IO_RE                    ;
;   2.241 ;   0.000 ;    ; RE   ; 1      ; IO_OUTPUT_ENABLE_PATH_RE_X121_Y69_N41_I6  ; IO_OUTPUT_ENABLE_PATH_RE ;
;   2.241 ;   0.000 ;    ; RE   ; 1      ; IO_OUTPUT_ENABLE_PATH_RE_X121_Y69_N41_I22 ; IO_OUTPUT_ENABLE_PATH_RE ;
;   2.241 ;   0.000 ;    ; RE   ; 1      ; IO_OUTPUT_ENABLE_PATH_RE_X121_Y69_N41_I14 ; IO_OUTPUT_ENABLE_PATH_RE ;
;   2.241 ;   0.000 ;    ; RE   ; 1      ; IO_OUTPUT_PATH_RE_X121_Y69_N45_I5         ; IO_OUTPUT_PATH_RE        ;
;   2.241 ;   0.000 ;    ; RE   ; 1      ; MP_DDIO_OUT_INPUT_X121_Y69_N47_I0         ; MP_DDIO_OUT_INPUT        ;
;   2.242 ;   0.001 ; RR ; IC   ; 1      ; DDIOOUTCELL_X121_Y69_N47                  ; host_rdata[31]~reg0|clk  ;
;   2.620 ;   0.378 ; RR ; CELL ; 1      ; DDIOOUTCELL_X121_Y69_N47                  ; host_rdata[31]~reg0      ;
; 2.620   ; 0.000   ;    ;      ;        ;                                           ; clock uncertainty        ;
; 2.620   ; 0.000   ;    ; uTh  ; 1      ; DDIOOUTCELL_X121_Y69_N47                  ; host_rdata[31]~reg0      ;
+---------+---------+----+------+--------+-------------------------------------------+--------------------------+

----------------------------
; Extra Fitter Information ;
----------------------------
HTML report is unavailable in plain text report export.


Path #29: Removal slack is 0.754 
===============================================================================
+-----------------------------------+
; Path Summary                      ;
+--------------------+--------------+
; Property           ; Value        ;
+--------------------+--------------+
; From Node          ; rst_n        ;
; To Node            ; running~reg0 ;
; Launch Clock       ; clk          ;
; Latch Clock        ; clk          ;
; Data Arrival Time  ; 3.377        ;
; Data Required Time ; 2.623        ;
; Slack              ; 0.754        ;
+--------------------+--------------+

+--------------------------------------------------------------------------------------+
; Statistics                                                                           ;
+---------------------------+-------+-------+-------------+------------+-------+-------+
; Property                  ; Value ; Count ; Total Delay ; % of Total ; Min   ; Max   ;
+---------------------------+-------+-------+-------------+------------+-------+-------+
; Removal Relationship      ; 0.000 ;       ;             ;            ;       ;       ;
; Clock Skew                ; 2.623 ;       ;             ;            ;       ;       ;
; Data Delay                ; 2.877 ;       ;             ;            ;       ;       ;
; Number of Logic Levels    ;       ; 2     ;             ;            ;       ;       ;
; Physical Delays           ;       ;       ;             ;            ;       ;       ;
;  Arrival Path             ;       ;       ;             ;            ;       ;       ;
;   Clock                   ;       ;       ;             ;            ;       ;       ;
;    Clock Network (Lumped) ;       ; 1     ; 0.000       ;            ; 0.000 ; 0.000 ;
;   Data                    ;       ;       ;             ;            ;       ;       ;
;    IC                     ;       ; 3     ; 0.000       ; 0          ; 0.000 ; 0.000 ;
;    Cell                   ;       ; 3     ; 1.227       ; 43         ; 0.196 ; 0.781 ;
;    Routing Element        ;       ; 28    ; 1.650       ; 57         ; 0.000 ; 0.518 ;
;  Required Path            ;       ;       ;             ;            ;       ;       ;
;   Clock                   ;       ;       ;             ;            ;       ;       ;
;    IC                     ;       ; 3     ; 0.001       ; 0          ; 0.000 ; 0.001 ;
;    Cell                   ;       ; 3     ; 0.941       ; 36         ; 0.146 ; 0.417 ;
;    Routing Element        ;       ; 31    ; 1.681       ; 64         ; 0.000 ; 0.506 ;
+---------------------------+-------+-------+-------------+------------+-------+-------+
Note: Negative delays are omitted from totals when calculating percentages

+------------------------------------------------------------------------------------------------------------------+
; Data Arrival Path                                                                                                ;
+---------+---------+----+------+--------+---------------------------------------------+---------------------------+
; Total   ; Incr    ; RF ; Type ; Fanout ; Location                                    ; Element                   ;
+---------+---------+----+------+--------+---------------------------------------------+---------------------------+
; 0.000   ; 0.000   ;    ;      ;        ;                                             ; launch edge time          ;
; 0.000   ; 0.000   ;    ;      ;        ;                                             ; clock path                ;
;   0.000 ;   0.000 ; R  ;      ;        ;                                             ; clock network delay       ;
; 0.500   ; 0.500   ; R  ; iExt ; 1      ; PIN_V27                                     ; rst_n                     ;
; 3.377   ; 2.877   ;    ;      ;        ;                                             ; data path                 ;
;   0.500 ;   0.000 ;    ; RE   ; 1      ; IOPAD_X121_Y51_N60                          ; ARRIAV_IO_PAD             ;
;   0.500 ;   0.000 ;    ; RE   ; 1      ; IO_PAD_OUTPUT_X121_Y51_N60_I1               ; IO_PAD_OUTPUT             ;
;   0.500 ;   0.000 ;    ; RE   ; 1      ; IO_INPUT_BUFFER_INPUT_X121_Y51_N61_I0       ; IO_INPUT_BUFFER_INPUT     ;
;   0.500 ;   0.000 ; RR ; IC   ; 1      ; IOIBUF_X121_Y51_N61                         ; rst_n~input|i             ;
;   1.281 ;   0.781 ; RR ; CELL ; 1294   ; IOIBUF_X121_Y51_N61                         ; rst_n~input|o             ;
;   1.281 ;   0.000 ;    ; RE   ; 1      ; IOIBUF_X121_Y51_N61                         ; ARRIAV_IO_IBUF            ;
;   1.281 ;   0.000 ;    ; RE   ; 1      ; IO_INPUT_BUFFER_OUTPUT_X121_Y51_N61_I2      ; IO_INPUT_BUFFER_OUTPUT    ;
;   1.281 ;   0.000 ;    ; RE   ; 2      ; IO_RE_X121_Y51_N60_I96                      ; IO_RE                     ;
;   1.371 ;   0.090 ;    ; RE   ; 1      ; IO_RE_X121_Y51_N60_I66                      ; IO_RE                     ;
;   1.504 ;   0.133 ;    ; RE   ; 1      ; CLKBUF_CLUSTER_RE_X121_Y56_N3_I421          ; CLKBUF_CLUSTER_RE         ;
;   1.504 ;   0.000 ;    ; RE   ; 1      ; CLKBUF_CLUSTER_RE_X121_Y56_N3_I772          ; CLKBUF_CLUSTER_RE         ;
;   1.504 ;   0.000 ;    ; RE   ; 1      ; CLKBUF_CLUSTER_RE_X121_Y56_N3_I557          ; CLKBUF_CLUSTER_RE         ;
;   1.504 ;   0.000 ;    ; RE   ; 1      ; GCLK_CLUSTER_RE_X121_Y56_N6_I10             ; GCLK_CLUSTER_RE           ;
;   1.504 ;   0.000 ;    ; RE   ; 1      ; CLKBUFBLOCK_INPUT_X121_Y56_N7_I0            ; CLKBUFBLOCK_INPUT         ;
;   1.504 ;   0.000 ; RR ; IC   ; 1      ; CLKCTRL_G9                                  ; rst_n~inputCLKENA0|inclk  ;
;   1.700 ;   0.196 ; RR ; CELL ; 2145   ; CLKCTRL_G9                                  ; rst_n~inputCLKENA0|outclk ;
;   1.700 ;   0.000 ;    ; RE   ; 1      ; CLKCTRL_G9                                  ; ARRIAV_CLKBUF             ;
;   1.700 ;   0.000 ;    ; RE   ; 1      ; CLKBUFBLOCK_OUTPUT_X121_Y56_N7_I2           ; CLKBUFBLOCK_OUTPUT        ;
;   1.700 ;   0.000 ;    ; RE   ; 1      ; GCLK_CLUSTER_RE_X121_Y56_N6_I12             ; GCLK_CLUSTER_RE           ;
;   1.700 ;   0.000 ;    ; RE   ; 1      ; CLKBUF_CLUSTER_RE_X121_Y56_N3_I416          ; CLKBUF_CLUSTER_RE         ;
;   2.218 ;   0.518 ;    ; RE   ; 16     ; GLOBAL_CLOCK_X0_Y58_N0_I9                   ; GLOBAL_CLOCK              ;
;   2.347 ;   0.129 ;    ; RE   ; 25     ; SPINE_CLOCK_X106_Y30_N0_I7                  ; SPINE_CLOCK               ;
;   2.531 ;   0.184 ;    ; RE   ; 1      ; SCLK_TO_ROWCLK_BUF_X106_Y41_N0_I43          ; SCLK_TO_ROWCLK_BUF        ;
;   2.570 ;   0.039 ;    ; RE   ; 1      ; SCLK_TO_ROWCLK_BUF_X106_Y41_N0_I47          ; SCLK_TO_ROWCLK_BUF        ;
;   2.785 ;   0.215 ;    ; RE   ; 1      ; LAB_CLK_X107_Y41_N0_I4                      ; LAB_CLK                   ;
;   2.854 ;   0.069 ;    ; RE   ; 1      ; BLK_CLK_BUF_X121_Y41_N0_I4                  ; BLK_CLK_BUF               ;
;   2.903 ;   0.049 ;    ; RE   ; 2      ; BLK_CLK_LIM_X121_Y41_N0_I4                  ; BLK_CLK_LIM               ;
;   2.977 ;   0.074 ;    ; RE   ; 1      ; LOCAL_INTERCONNECT_X121_Y41_N0_I111         ; LAB_LINE                  ;
;   3.007 ;   0.030 ;    ; RE   ; 1      ; BLOCK_INPUT_MUX_PASSTHROUGH_X121_Y41_N0_I28 ; LEIM                      ;
;   3.127 ;   0.120 ;    ; RE   ; 1      ; IO_RE_X121_Y41_N37_I5                       ; IO_RE                     ;
;   3.127 ;   0.000 ;    ; RE   ; 1      ; IO_OUTPUT_PATH_RE_X121_Y41_N45_I9           ; IO_OUTPUT_PATH_RE         ;
;   3.127 ;   0.000 ;    ; RE   ; 1      ; MP_DDIO_OUT_INPUT_X121_Y41_N47_I3           ; MP_DDIO_OUT_INPUT         ;
;   3.127 ;   0.000 ; RR ; IC   ; 1      ; DDIOOUTCELL_X121_Y41_N47                    ; running~reg0|clrn         ;
;   3.377 ;   0.250 ; RR ; CELL ; 1      ; DDIOOUTCELL_X121_Y41_N47                    ; running~reg0              ;
+---------+---------+----+------+--------+---------------------------------------------+---------------------------+

+---------------------------------------------------------------------------------------------------------------+
; Data Required Path                                                                                            ;
+---------+---------+----+------+--------+-------------------------------------------+--------------------------+
; Total   ; Incr    ; RF ; Type ; Fanout ; Location                                  ; Element                  ;
+---------+---------+----+------+--------+-------------------------------------------+--------------------------+
; 0.000   ; 0.000   ;    ;      ;        ;                                           ; latch edge time          ;
; 2.623   ; 2.623   ;    ;      ;        ;                                           ; clock path               ;
;   0.000 ;   0.000 ;    ;      ;        ;                                           ; source latency           ;
;   0.000 ;   0.000 ;    ;      ; 1      ; PIN_AC18                                  ; clk                      ;
;   0.000 ;   0.000 ;    ; RE   ; 1      ; IOPAD_X54_Y0_N0                           ; ARRIAV_IO_PAD            ;
;   0.000 ;   0.000 ;    ; RE   ; 1      ; IO_PAD_OUTPUT_X54_Y0_N0_I1                ; IO_PAD_OUTPUT            ;
;   0.000 ;   0.000 ;    ; RE   ; 1      ; IO_INPUT_BUFFER_INPUT_X54_Y0_N1_I0        ; IO_INPUT_BUFFER_INPUT    ;
;   0.000 ;   0.000 ; RR ; IC   ; 1      ; IOIBUF_X54_Y0_N1                          ; clk~input|i              ;
;   0.417 ;   0.417 ; RR ; CELL ; 1      ; IOIBUF_X54_Y0_N1                          ; clk~input|o              ;
;   0.417 ;   0.000 ;    ; RE   ; 1      ; IOIBUF_X54_Y0_N1                          ; ARRIAV_IO_IBUF           ;
;   0.417 ;   0.000 ;    ; RE   ; 1      ; IO_INPUT_BUFFER_OUTPUT_X54_Y0_N1_I2       ; IO_INPUT_BUFFER_OUTPUT   ;
;   0.417 ;   0.000 ;    ; RE   ; 1      ; IO_RE_X54_Y0_N0_I96                       ; IO_RE                    ;
;   0.552 ;   0.135 ;    ; RE   ; 1      ; IO_RE_X54_Y0_N0_I66                       ; IO_RE                    ;
;   0.633 ;   0.081 ;    ; RE   ; 1      ; CLKBUF_CLUSTER_RE_X58_Y0_N0_I1614         ; CLKBUF_CLUSTER_RE        ;
;   0.633 ;   0.000 ;    ; RE   ; 1      ; CLKBUF_CLUSTER_RE_X58_Y0_N0_I616          ; CLKBUF_CLUSTER_RE        ;
;   0.633 ;   0.000 ;    ; RE   ; 1      ; GCLK_CLUSTER_RE_X58_Y0_N6_I10             ; GCLK_CLUSTER_RE          ;
;   0.633 ;   0.000 ;    ; RE   ; 1      ; CLKBUFBLOCK_INPUT_X58_Y0_N7_I0            ; CLKBUFBLOCK_INPUT        ;
;   0.633 ;   0.000 ; RR ; IC   ; 1      ; CLKCTRL_G6                                ; clk~inputCLKENA0|inclk   ;
;   0.779 ;   0.146 ; RR ; CELL ; 37157  ; CLKCTRL_G6                                ; clk~inputCLKENA0|outclk  ;
;   0.779 ;   0.000 ;    ; RE   ; 1      ; CLKCTRL_G6                                ; ARRIAV_CLKBUF            ;
;   0.779 ;   0.000 ;    ; RE   ; 1      ; CLKBUFBLOCK_OUTPUT_X58_Y0_N7_I2           ; CLKBUFBLOCK_OUTPUT       ;
;   0.779 ;   0.000 ;    ; RE   ; 1      ; GCLK_CLUSTER_RE_X58_Y0_N6_I12             ; GCLK_CLUSTER_RE          ;
;   0.779 ;   0.000 ;    ; RE   ; 1      ; CLKBUF_CLUSTER_RE_X58_Y0_N0_I417          ; CLKBUF_CLUSTER_RE        ;
;   1.285 ;   0.506 ;    ; RE   ; 16     ; GLOBAL_CLOCK_X0_Y58_N0_I6                 ; GLOBAL_CLOCK             ;
;   1.418 ;   0.133 ;    ; RE   ; 29     ; SPINE_CLOCK_X106_Y30_N0_I2                ; SPINE_CLOCK              ;
;   1.607 ;   0.189 ;    ; RE   ; 1      ; SCLK_TO_ROWCLK_BUF_X106_Y41_N0_I12        ; SCLK_TO_ROWCLK_BUF       ;
;   1.647 ;   0.040 ;    ; RE   ; 2      ; SCLK_TO_ROWCLK_BUF_X106_Y41_N0_I15        ; SCLK_TO_ROWCLK_BUF       ;
;   1.868 ;   0.221 ;    ; RE   ; 8      ; LAB_CLK_X107_Y41_N0_I2                    ; LAB_CLK                  ;
;   1.942 ;   0.074 ;    ; RE   ; 1      ; BLK_CLK_BUF_X121_Y41_N0_I2                ; BLK_CLK_BUF              ;
;   1.994 ;   0.052 ;    ; RE   ; 2      ; BLK_CLK_LIM_X121_Y41_N0_I2                ; BLK_CLK_LIM              ;
;   2.071 ;   0.077 ;    ; RE   ; 2      ; LOCAL_INTERCONNECT_X121_Y41_N0_I26        ; LAB_LINE                 ;
;   2.108 ;   0.037 ;    ; RE   ; 1      ; LEIMC_X121_Y41_N0_I4                      ; LEIMC                    ;
;   2.108 ;   0.000 ;    ; RE   ; 1      ; GLOBAL_LOCAL_SEL_X121_Y41_N0_I4           ; GLOBAL_LOCAL_SEL         ;
;   2.244 ;   0.136 ;    ; RE   ; 1      ; IO_RE_X121_Y41_N37_I11                    ; IO_RE                    ;
;   2.244 ;   0.000 ;    ; RE   ; 1      ; IO_OUTPUT_ENABLE_PATH_RE_X121_Y41_N41_I6  ; IO_OUTPUT_ENABLE_PATH_RE ;
;   2.244 ;   0.000 ;    ; RE   ; 1      ; IO_OUTPUT_ENABLE_PATH_RE_X121_Y41_N41_I22 ; IO_OUTPUT_ENABLE_PATH_RE ;
;   2.244 ;   0.000 ;    ; RE   ; 1      ; IO_OUTPUT_ENABLE_PATH_RE_X121_Y41_N41_I14 ; IO_OUTPUT_ENABLE_PATH_RE ;
;   2.244 ;   0.000 ;    ; RE   ; 1      ; IO_OUTPUT_PATH_RE_X121_Y41_N45_I5         ; IO_OUTPUT_PATH_RE        ;
;   2.244 ;   0.000 ;    ; RE   ; 1      ; MP_DDIO_OUT_INPUT_X121_Y41_N47_I0         ; MP_DDIO_OUT_INPUT        ;
;   2.245 ;   0.001 ; RR ; IC   ; 1      ; DDIOOUTCELL_X121_Y41_N47                  ; running~reg0|clk         ;
;   2.623 ;   0.378 ; RR ; CELL ; 1      ; DDIOOUTCELL_X121_Y41_N47                  ; running~reg0             ;
; 2.623   ; 0.000   ;    ;      ;        ;                                           ; clock uncertainty        ;
; 2.623   ; 0.000   ;    ; uTh  ; 1      ; DDIOOUTCELL_X121_Y41_N47                  ; running~reg0             ;
+---------+---------+----+------+--------+-------------------------------------------+--------------------------+

----------------------------
; Extra Fitter Information ;
----------------------------
HTML report is unavailable in plain text report export.


Path #30: Removal slack is 0.754 
===============================================================================
+------------------------------------------+
; Path Summary                             ;
+--------------------+---------------------+
; Property           ; Value               ;
+--------------------+---------------------+
; From Node          ; rst_n               ;
; To Node            ; host_rdata[16]~reg0 ;
; Launch Clock       ; clk                 ;
; Latch Clock        ; clk                 ;
; Data Arrival Time  ; 3.391               ;
; Data Required Time ; 2.637               ;
; Slack              ; 0.754               ;
+--------------------+---------------------+

+--------------------------------------------------------------------------------------+
; Statistics                                                                           ;
+---------------------------+-------+-------+-------------+------------+-------+-------+
; Property                  ; Value ; Count ; Total Delay ; % of Total ; Min   ; Max   ;
+---------------------------+-------+-------+-------------+------------+-------+-------+
; Removal Relationship      ; 0.000 ;       ;             ;            ;       ;       ;
; Clock Skew                ; 2.637 ;       ;             ;            ;       ;       ;
; Data Delay                ; 2.891 ;       ;             ;            ;       ;       ;
; Number of Logic Levels    ;       ; 2     ;             ;            ;       ;       ;
; Physical Delays           ;       ;       ;             ;            ;       ;       ;
;  Arrival Path             ;       ;       ;             ;            ;       ;       ;
;   Clock                   ;       ;       ;             ;            ;       ;       ;
;    Clock Network (Lumped) ;       ; 1     ; 0.000       ;            ; 0.000 ; 0.000 ;
;   Data                    ;       ;       ;             ;            ;       ;       ;
;    IC                     ;       ; 3     ; 0.001       ; 0          ; 0.000 ; 0.001 ;
;    Cell                   ;       ; 3     ; 1.227       ; 42         ; 0.196 ; 0.781 ;
;    Routing Element        ;       ; 28    ; 1.663       ; 58         ; 0.000 ; 0.501 ;
;  Required Path            ;       ;       ;             ;            ;       ;       ;
;   Clock                   ;       ;       ;             ;            ;       ;       ;
;    IC                     ;       ; 3     ; 0.000       ; 0          ; 0.000 ; 0.000 ;
;    Cell                   ;       ; 3     ; 0.941       ; 36         ; 0.146 ; 0.417 ;
;    Routing Element        ;       ; 31    ; 1.696       ; 64         ; 0.000 ; 0.503 ;
+---------------------------+-------+-------+-------------+------------+-------+-------+
Note: Negative delays are omitted from totals when calculating percentages

+------------------------------------------------------------------------------------------------------------------+
; Data Arrival Path                                                                                                ;
+---------+---------+----+------+--------+---------------------------------------------+---------------------------+
; Total   ; Incr    ; RF ; Type ; Fanout ; Location                                    ; Element                   ;
+---------+---------+----+------+--------+---------------------------------------------+---------------------------+
; 0.000   ; 0.000   ;    ;      ;        ;                                             ; launch edge time          ;
; 0.000   ; 0.000   ;    ;      ;        ;                                             ; clock path                ;
;   0.000 ;   0.000 ; R  ;      ;        ;                                             ; clock network delay       ;
; 0.500   ; 0.500   ; R  ; iExt ; 1      ; PIN_V27                                     ; rst_n                     ;
; 3.391   ; 2.891   ;    ;      ;        ;                                             ; data path                 ;
;   0.500 ;   0.000 ;    ; RE   ; 1      ; IOPAD_X121_Y51_N60                          ; ARRIAV_IO_PAD             ;
;   0.500 ;   0.000 ;    ; RE   ; 1      ; IO_PAD_OUTPUT_X121_Y51_N60_I1               ; IO_PAD_OUTPUT             ;
;   0.500 ;   0.000 ;    ; RE   ; 1      ; IO_INPUT_BUFFER_INPUT_X121_Y51_N61_I0       ; IO_INPUT_BUFFER_INPUT     ;
;   0.500 ;   0.000 ; RR ; IC   ; 1      ; IOIBUF_X121_Y51_N61                         ; rst_n~input|i             ;
;   1.281 ;   0.781 ; RR ; CELL ; 1294   ; IOIBUF_X121_Y51_N61                         ; rst_n~input|o             ;
;   1.281 ;   0.000 ;    ; RE   ; 1      ; IOIBUF_X121_Y51_N61                         ; ARRIAV_IO_IBUF            ;
;   1.281 ;   0.000 ;    ; RE   ; 1      ; IO_INPUT_BUFFER_OUTPUT_X121_Y51_N61_I2      ; IO_INPUT_BUFFER_OUTPUT    ;
;   1.281 ;   0.000 ;    ; RE   ; 2      ; IO_RE_X121_Y51_N60_I96                      ; IO_RE                     ;
;   1.371 ;   0.090 ;    ; RE   ; 1      ; IO_RE_X121_Y51_N60_I66                      ; IO_RE                     ;
;   1.504 ;   0.133 ;    ; RE   ; 1      ; CLKBUF_CLUSTER_RE_X121_Y56_N3_I421          ; CLKBUF_CLUSTER_RE         ;
;   1.504 ;   0.000 ;    ; RE   ; 1      ; CLKBUF_CLUSTER_RE_X121_Y56_N3_I772          ; CLKBUF_CLUSTER_RE         ;
;   1.504 ;   0.000 ;    ; RE   ; 1      ; CLKBUF_CLUSTER_RE_X121_Y56_N3_I557          ; CLKBUF_CLUSTER_RE         ;
;   1.504 ;   0.000 ;    ; RE   ; 1      ; GCLK_CLUSTER_RE_X121_Y56_N6_I10             ; GCLK_CLUSTER_RE           ;
;   1.504 ;   0.000 ;    ; RE   ; 1      ; CLKBUFBLOCK_INPUT_X121_Y56_N7_I0            ; CLKBUFBLOCK_INPUT         ;
;   1.504 ;   0.000 ; RR ; IC   ; 1      ; CLKCTRL_G9                                  ; rst_n~inputCLKENA0|inclk  ;
;   1.700 ;   0.196 ; RR ; CELL ; 2145   ; CLKCTRL_G9                                  ; rst_n~inputCLKENA0|outclk ;
;   1.700 ;   0.000 ;    ; RE   ; 1      ; CLKCTRL_G9                                  ; ARRIAV_CLKBUF             ;
;   1.700 ;   0.000 ;    ; RE   ; 1      ; CLKBUFBLOCK_OUTPUT_X121_Y56_N7_I2           ; CLKBUFBLOCK_OUTPUT        ;
;   1.700 ;   0.000 ;    ; RE   ; 1      ; GCLK_CLUSTER_RE_X121_Y56_N6_I12             ; GCLK_CLUSTER_RE           ;
;   1.700 ;   0.000 ;    ; RE   ; 1      ; CLKBUF_CLUSTER_RE_X121_Y56_N3_I416          ; CLKBUF_CLUSTER_RE         ;
;   2.201 ;   0.501 ;    ; RE   ; 16     ; GLOBAL_CLOCK_X0_Y58_N0_I9                   ; GLOBAL_CLOCK              ;
;   2.340 ;   0.139 ;    ; RE   ; 18     ; SPINE_CLOCK_X106_Y59_N0_I7                  ; SPINE_CLOCK               ;
;   2.524 ;   0.184 ;    ; RE   ; 1      ; SCLK_TO_ROWCLK_BUF_X106_Y63_N0_I43          ; SCLK_TO_ROWCLK_BUF        ;
;   2.563 ;   0.039 ;    ; RE   ; 2      ; SCLK_TO_ROWCLK_BUF_X106_Y63_N0_I46          ; SCLK_TO_ROWCLK_BUF        ;
;   2.778 ;   0.215 ;    ; RE   ; 2      ; LAB_CLK_X107_Y63_N0_I5                      ; LAB_CLK                   ;
;   2.847 ;   0.069 ;    ; RE   ; 1      ; BLK_CLK_BUF_X121_Y63_N0_I5                  ; BLK_CLK_BUF               ;
;   2.888 ;   0.041 ;    ; RE   ; 1      ; BLK_CLK_LIM_X121_Y63_N0_I5                  ; BLK_CLK_LIM               ;
;   2.980 ;   0.092 ;    ; RE   ; 3      ; LOCAL_INTERCONNECT_X121_Y63_N0_I71          ; LAB_LINE                  ;
;   3.010 ;   0.030 ;    ; RE   ; 1      ; BLOCK_INPUT_MUX_PASSTHROUGH_X121_Y63_N0_I38 ; LEIM                      ;
;   3.140 ;   0.130 ;    ; RE   ; 1      ; IO_RE_X121_Y63_N20_I5                       ; IO_RE                     ;
;   3.140 ;   0.000 ;    ; RE   ; 1      ; IO_OUTPUT_PATH_RE_X121_Y63_N28_I9           ; IO_OUTPUT_PATH_RE         ;
;   3.140 ;   0.000 ;    ; RE   ; 1      ; MP_DDIO_OUT_INPUT_X121_Y63_N30_I3           ; MP_DDIO_OUT_INPUT         ;
;   3.141 ;   0.001 ; RR ; IC   ; 1      ; DDIOOUTCELL_X121_Y63_N30                    ; host_rdata[16]~reg0|clrn  ;
;   3.391 ;   0.250 ; RR ; CELL ; 1      ; DDIOOUTCELL_X121_Y63_N30                    ; host_rdata[16]~reg0       ;
+---------+---------+----+------+--------+---------------------------------------------+---------------------------+

+---------------------------------------------------------------------------------------------------------------+
; Data Required Path                                                                                            ;
+---------+---------+----+------+--------+-------------------------------------------+--------------------------+
; Total   ; Incr    ; RF ; Type ; Fanout ; Location                                  ; Element                  ;
+---------+---------+----+------+--------+-------------------------------------------+--------------------------+
; 0.000   ; 0.000   ;    ;      ;        ;                                           ; latch edge time          ;
; 2.637   ; 2.637   ;    ;      ;        ;                                           ; clock path               ;
;   0.000 ;   0.000 ;    ;      ;        ;                                           ; source latency           ;
;   0.000 ;   0.000 ;    ;      ; 1      ; PIN_AC18                                  ; clk                      ;
;   0.000 ;   0.000 ;    ; RE   ; 1      ; IOPAD_X54_Y0_N0                           ; ARRIAV_IO_PAD            ;
;   0.000 ;   0.000 ;    ; RE   ; 1      ; IO_PAD_OUTPUT_X54_Y0_N0_I1                ; IO_PAD_OUTPUT            ;
;   0.000 ;   0.000 ;    ; RE   ; 1      ; IO_INPUT_BUFFER_INPUT_X54_Y0_N1_I0        ; IO_INPUT_BUFFER_INPUT    ;
;   0.000 ;   0.000 ; RR ; IC   ; 1      ; IOIBUF_X54_Y0_N1                          ; clk~input|i              ;
;   0.417 ;   0.417 ; RR ; CELL ; 1      ; IOIBUF_X54_Y0_N1                          ; clk~input|o              ;
;   0.417 ;   0.000 ;    ; RE   ; 1      ; IOIBUF_X54_Y0_N1                          ; ARRIAV_IO_IBUF           ;
;   0.417 ;   0.000 ;    ; RE   ; 1      ; IO_INPUT_BUFFER_OUTPUT_X54_Y0_N1_I2       ; IO_INPUT_BUFFER_OUTPUT   ;
;   0.417 ;   0.000 ;    ; RE   ; 1      ; IO_RE_X54_Y0_N0_I96                       ; IO_RE                    ;
;   0.552 ;   0.135 ;    ; RE   ; 1      ; IO_RE_X54_Y0_N0_I66                       ; IO_RE                    ;
;   0.633 ;   0.081 ;    ; RE   ; 1      ; CLKBUF_CLUSTER_RE_X58_Y0_N0_I1614         ; CLKBUF_CLUSTER_RE        ;
;   0.633 ;   0.000 ;    ; RE   ; 1      ; CLKBUF_CLUSTER_RE_X58_Y0_N0_I616          ; CLKBUF_CLUSTER_RE        ;
;   0.633 ;   0.000 ;    ; RE   ; 1      ; GCLK_CLUSTER_RE_X58_Y0_N6_I10             ; GCLK_CLUSTER_RE          ;
;   0.633 ;   0.000 ;    ; RE   ; 1      ; CLKBUFBLOCK_INPUT_X58_Y0_N7_I0            ; CLKBUFBLOCK_INPUT        ;
;   0.633 ;   0.000 ; RR ; IC   ; 1      ; CLKCTRL_G6                                ; clk~inputCLKENA0|inclk   ;
;   0.779 ;   0.146 ; RR ; CELL ; 37157  ; CLKCTRL_G6                                ; clk~inputCLKENA0|outclk  ;
;   0.779 ;   0.000 ;    ; RE   ; 1      ; CLKCTRL_G6                                ; ARRIAV_CLKBUF            ;
;   0.779 ;   0.000 ;    ; RE   ; 1      ; CLKBUFBLOCK_OUTPUT_X58_Y0_N7_I2           ; CLKBUFBLOCK_OUTPUT       ;
;   0.779 ;   0.000 ;    ; RE   ; 1      ; GCLK_CLUSTER_RE_X58_Y0_N6_I12             ; GCLK_CLUSTER_RE          ;
;   0.779 ;   0.000 ;    ; RE   ; 1      ; CLKBUF_CLUSTER_RE_X58_Y0_N0_I417          ; CLKBUF_CLUSTER_RE        ;
;   1.282 ;   0.503 ;    ; RE   ; 16     ; GLOBAL_CLOCK_X0_Y58_N0_I6                 ; GLOBAL_CLOCK             ;
;   1.425 ;   0.143 ;    ; RE   ; 29     ; SPINE_CLOCK_X106_Y59_N0_I2                ; SPINE_CLOCK              ;
;   1.614 ;   0.189 ;    ; RE   ; 1      ; SCLK_TO_ROWCLK_BUF_X106_Y63_N0_I12        ; SCLK_TO_ROWCLK_BUF       ;
;   1.654 ;   0.040 ;    ; RE   ; 2      ; SCLK_TO_ROWCLK_BUF_X106_Y63_N0_I15        ; SCLK_TO_ROWCLK_BUF       ;
;   1.875 ;   0.221 ;    ; RE   ; 6      ; LAB_CLK_X107_Y63_N0_I2                    ; LAB_CLK                  ;
;   1.949 ;   0.074 ;    ; RE   ; 1      ; BLK_CLK_BUF_X121_Y63_N0_I2                ; BLK_CLK_BUF              ;
;   2.001 ;   0.052 ;    ; RE   ; 2      ; BLK_CLK_LIM_X121_Y63_N0_I2                ; BLK_CLK_LIM              ;
;   2.082 ;   0.081 ;    ; RE   ; 2      ; LOCAL_INTERCONNECT_X121_Y63_N0_I26        ; LAB_LINE                 ;
;   2.119 ;   0.037 ;    ; RE   ; 1      ; LEIMC_X121_Y63_N0_I13                     ; LEIMC                    ;
;   2.119 ;   0.000 ;    ; RE   ; 1      ; GLOBAL_LOCAL_SEL_X121_Y63_N0_I8           ; GLOBAL_LOCAL_SEL         ;
;   2.259 ;   0.140 ;    ; RE   ; 1      ; IO_RE_X121_Y63_N20_I11                    ; IO_RE                    ;
;   2.259 ;   0.000 ;    ; RE   ; 1      ; IO_OUTPUT_ENABLE_PATH_RE_X121_Y63_N24_I6  ; IO_OUTPUT_ENABLE_PATH_RE ;
;   2.259 ;   0.000 ;    ; RE   ; 1      ; IO_OUTPUT_ENABLE_PATH_RE_X121_Y63_N24_I22 ; IO_OUTPUT_ENABLE_PATH_RE ;
;   2.259 ;   0.000 ;    ; RE   ; 1      ; IO_OUTPUT_ENABLE_PATH_RE_X121_Y63_N24_I14 ; IO_OUTPUT_ENABLE_PATH_RE ;
;   2.259 ;   0.000 ;    ; RE   ; 1      ; IO_OUTPUT_PATH_RE_X121_Y63_N28_I5         ; IO_OUTPUT_PATH_RE        ;
;   2.259 ;   0.000 ;    ; RE   ; 1      ; MP_DDIO_OUT_INPUT_X121_Y63_N30_I0         ; MP_DDIO_OUT_INPUT        ;
;   2.259 ;   0.000 ; RR ; IC   ; 1      ; DDIOOUTCELL_X121_Y63_N30                  ; host_rdata[16]~reg0|clk  ;
;   2.637 ;   0.378 ; RR ; CELL ; 1      ; DDIOOUTCELL_X121_Y63_N30                  ; host_rdata[16]~reg0      ;
; 2.637   ; 0.000   ;    ;      ;        ;                                           ; clock uncertainty        ;
; 2.637   ; 0.000   ;    ; uTh  ; 1      ; DDIOOUTCELL_X121_Y63_N30                  ; host_rdata[16]~reg0      ;
+---------+---------+----+------+--------+-------------------------------------------+--------------------------+

----------------------------
; Extra Fitter Information ;
----------------------------
HTML report is unavailable in plain text report export.


Path #31: Removal slack is 0.755 
===============================================================================
+------------------------------------------+
; Path Summary                             ;
+--------------------+---------------------+
; Property           ; Value               ;
+--------------------+---------------------+
; From Node          ; rst_n               ;
; To Node            ; host_rdata[19]~reg0 ;
; Launch Clock       ; clk                 ;
; Latch Clock        ; clk                 ;
; Data Arrival Time  ; 3.382               ;
; Data Required Time ; 2.627               ;
; Slack              ; 0.755               ;
+--------------------+---------------------+

+--------------------------------------------------------------------------------------+
; Statistics                                                                           ;
+---------------------------+-------+-------+-------------+------------+-------+-------+
; Property                  ; Value ; Count ; Total Delay ; % of Total ; Min   ; Max   ;
+---------------------------+-------+-------+-------------+------------+-------+-------+
; Removal Relationship      ; 0.000 ;       ;             ;            ;       ;       ;
; Clock Skew                ; 2.627 ;       ;             ;            ;       ;       ;
; Data Delay                ; 2.882 ;       ;             ;            ;       ;       ;
; Number of Logic Levels    ;       ; 2     ;             ;            ;       ;       ;
; Physical Delays           ;       ;       ;             ;            ;       ;       ;
;  Arrival Path             ;       ;       ;             ;            ;       ;       ;
;   Clock                   ;       ;       ;             ;            ;       ;       ;
;    Clock Network (Lumped) ;       ; 1     ; 0.000       ;            ; 0.000 ; 0.000 ;
;   Data                    ;       ;       ;             ;            ;       ;       ;
;    IC                     ;       ; 3     ; 0.001       ; 0          ; 0.000 ; 0.001 ;
;    Cell                   ;       ; 3     ; 1.227       ; 43         ; 0.196 ; 0.781 ;
;    Routing Element        ;       ; 28    ; 1.654       ; 57         ; 0.000 ; 0.501 ;
;  Required Path            ;       ;       ;             ;            ;       ;       ;
;   Clock                   ;       ;       ;             ;            ;       ;       ;
;    IC                     ;       ; 3     ; 0.000       ; 0          ; 0.000 ; 0.000 ;
;    Cell                   ;       ; 3     ; 0.941       ; 36         ; 0.146 ; 0.417 ;
;    Routing Element        ;       ; 31    ; 1.686       ; 64         ; 0.000 ; 0.503 ;
+---------------------------+-------+-------+-------------+------------+-------+-------+
Note: Negative delays are omitted from totals when calculating percentages

+------------------------------------------------------------------------------------------------------------------+
; Data Arrival Path                                                                                                ;
+---------+---------+----+------+--------+---------------------------------------------+---------------------------+
; Total   ; Incr    ; RF ; Type ; Fanout ; Location                                    ; Element                   ;
+---------+---------+----+------+--------+---------------------------------------------+---------------------------+
; 0.000   ; 0.000   ;    ;      ;        ;                                             ; launch edge time          ;
; 0.000   ; 0.000   ;    ;      ;        ;                                             ; clock path                ;
;   0.000 ;   0.000 ; R  ;      ;        ;                                             ; clock network delay       ;
; 0.500   ; 0.500   ; R  ; iExt ; 1      ; PIN_V27                                     ; rst_n                     ;
; 3.382   ; 2.882   ;    ;      ;        ;                                             ; data path                 ;
;   0.500 ;   0.000 ;    ; RE   ; 1      ; IOPAD_X121_Y51_N60                          ; ARRIAV_IO_PAD             ;
;   0.500 ;   0.000 ;    ; RE   ; 1      ; IO_PAD_OUTPUT_X121_Y51_N60_I1               ; IO_PAD_OUTPUT             ;
;   0.500 ;   0.000 ;    ; RE   ; 1      ; IO_INPUT_BUFFER_INPUT_X121_Y51_N61_I0       ; IO_INPUT_BUFFER_INPUT     ;
;   0.500 ;   0.000 ; RR ; IC   ; 1      ; IOIBUF_X121_Y51_N61                         ; rst_n~input|i             ;
;   1.281 ;   0.781 ; RR ; CELL ; 1294   ; IOIBUF_X121_Y51_N61                         ; rst_n~input|o             ;
;   1.281 ;   0.000 ;    ; RE   ; 1      ; IOIBUF_X121_Y51_N61                         ; ARRIAV_IO_IBUF            ;
;   1.281 ;   0.000 ;    ; RE   ; 1      ; IO_INPUT_BUFFER_OUTPUT_X121_Y51_N61_I2      ; IO_INPUT_BUFFER_OUTPUT    ;
;   1.281 ;   0.000 ;    ; RE   ; 2      ; IO_RE_X121_Y51_N60_I96                      ; IO_RE                     ;
;   1.371 ;   0.090 ;    ; RE   ; 1      ; IO_RE_X121_Y51_N60_I66                      ; IO_RE                     ;
;   1.504 ;   0.133 ;    ; RE   ; 1      ; CLKBUF_CLUSTER_RE_X121_Y56_N3_I421          ; CLKBUF_CLUSTER_RE         ;
;   1.504 ;   0.000 ;    ; RE   ; 1      ; CLKBUF_CLUSTER_RE_X121_Y56_N3_I772          ; CLKBUF_CLUSTER_RE         ;
;   1.504 ;   0.000 ;    ; RE   ; 1      ; CLKBUF_CLUSTER_RE_X121_Y56_N3_I557          ; CLKBUF_CLUSTER_RE         ;
;   1.504 ;   0.000 ;    ; RE   ; 1      ; GCLK_CLUSTER_RE_X121_Y56_N6_I10             ; GCLK_CLUSTER_RE           ;
;   1.504 ;   0.000 ;    ; RE   ; 1      ; CLKBUFBLOCK_INPUT_X121_Y56_N7_I0            ; CLKBUFBLOCK_INPUT         ;
;   1.504 ;   0.000 ; RR ; IC   ; 1      ; CLKCTRL_G9                                  ; rst_n~inputCLKENA0|inclk  ;
;   1.700 ;   0.196 ; RR ; CELL ; 2145   ; CLKCTRL_G9                                  ; rst_n~inputCLKENA0|outclk ;
;   1.700 ;   0.000 ;    ; RE   ; 1      ; CLKCTRL_G9                                  ; ARRIAV_CLKBUF             ;
;   1.700 ;   0.000 ;    ; RE   ; 1      ; CLKBUFBLOCK_OUTPUT_X121_Y56_N7_I2           ; CLKBUFBLOCK_OUTPUT        ;
;   1.700 ;   0.000 ;    ; RE   ; 1      ; GCLK_CLUSTER_RE_X121_Y56_N6_I12             ; GCLK_CLUSTER_RE           ;
;   1.700 ;   0.000 ;    ; RE   ; 1      ; CLKBUF_CLUSTER_RE_X121_Y56_N3_I416          ; CLKBUF_CLUSTER_RE         ;
;   2.201 ;   0.501 ;    ; RE   ; 16     ; GLOBAL_CLOCK_X0_Y58_N0_I9                   ; GLOBAL_CLOCK              ;
;   2.341 ;   0.140 ;    ; RE   ; 18     ; SPINE_CLOCK_X106_Y59_N0_I7                  ; SPINE_CLOCK               ;
;   2.525 ;   0.184 ;    ; RE   ; 2      ; SCLK_TO_ROWCLK_BUF_X106_Y60_N0_I43          ; SCLK_TO_ROWCLK_BUF        ;
;   2.564 ;   0.039 ;    ; RE   ; 1      ; SCLK_TO_ROWCLK_BUF_X106_Y60_N0_I47          ; SCLK_TO_ROWCLK_BUF        ;
;   2.779 ;   0.215 ;    ; RE   ; 1      ; LAB_CLK_X107_Y60_N0_I4                      ; LAB_CLK                   ;
;   2.848 ;   0.069 ;    ; RE   ; 1      ; BLK_CLK_BUF_X121_Y60_N0_I4                  ; BLK_CLK_BUF               ;
;   2.889 ;   0.041 ;    ; RE   ; 1      ; BLK_CLK_LIM_X121_Y60_N0_I4                  ; BLK_CLK_LIM               ;
;   2.963 ;   0.074 ;    ; RE   ; 1      ; LOCAL_INTERCONNECT_X121_Y60_N0_I71          ; LAB_LINE                  ;
;   2.993 ;   0.030 ;    ; RE   ; 1      ; BLOCK_INPUT_MUX_PASSTHROUGH_X121_Y60_N0_I18 ; LEIM                      ;
;   3.131 ;   0.138 ;    ; RE   ; 1      ; IO_RE_X121_Y60_N94_I5                       ; IO_RE                     ;
;   3.131 ;   0.000 ;    ; RE   ; 1      ; IO_OUTPUT_PATH_RE_X121_Y60_N102_I9          ; IO_OUTPUT_PATH_RE         ;
;   3.131 ;   0.000 ;    ; RE   ; 1      ; MP_DDIO_OUT_INPUT_X121_Y60_N104_I3          ; MP_DDIO_OUT_INPUT         ;
;   3.132 ;   0.001 ; RR ; IC   ; 1      ; DDIOOUTCELL_X121_Y60_N104                   ; host_rdata[19]~reg0|clrn  ;
;   3.382 ;   0.250 ; RR ; CELL ; 1      ; DDIOOUTCELL_X121_Y60_N104                   ; host_rdata[19]~reg0       ;
+---------+---------+----+------+--------+---------------------------------------------+---------------------------+

+---------------------------------------------------------------------------------------------------------------+
; Data Required Path                                                                                            ;
+---------+---------+----+------+--------+-------------------------------------------+--------------------------+
; Total   ; Incr    ; RF ; Type ; Fanout ; Location                                  ; Element                  ;
+---------+---------+----+------+--------+-------------------------------------------+--------------------------+
; 0.000   ; 0.000   ;    ;      ;        ;                                           ; latch edge time          ;
; 2.627   ; 2.627   ;    ;      ;        ;                                           ; clock path               ;
;   0.000 ;   0.000 ;    ;      ;        ;                                           ; source latency           ;
;   0.000 ;   0.000 ;    ;      ; 1      ; PIN_AC18                                  ; clk                      ;
;   0.000 ;   0.000 ;    ; RE   ; 1      ; IOPAD_X54_Y0_N0                           ; ARRIAV_IO_PAD            ;
;   0.000 ;   0.000 ;    ; RE   ; 1      ; IO_PAD_OUTPUT_X54_Y0_N0_I1                ; IO_PAD_OUTPUT            ;
;   0.000 ;   0.000 ;    ; RE   ; 1      ; IO_INPUT_BUFFER_INPUT_X54_Y0_N1_I0        ; IO_INPUT_BUFFER_INPUT    ;
;   0.000 ;   0.000 ; RR ; IC   ; 1      ; IOIBUF_X54_Y0_N1                          ; clk~input|i              ;
;   0.417 ;   0.417 ; RR ; CELL ; 1      ; IOIBUF_X54_Y0_N1                          ; clk~input|o              ;
;   0.417 ;   0.000 ;    ; RE   ; 1      ; IOIBUF_X54_Y0_N1                          ; ARRIAV_IO_IBUF           ;
;   0.417 ;   0.000 ;    ; RE   ; 1      ; IO_INPUT_BUFFER_OUTPUT_X54_Y0_N1_I2       ; IO_INPUT_BUFFER_OUTPUT   ;
;   0.417 ;   0.000 ;    ; RE   ; 1      ; IO_RE_X54_Y0_N0_I96                       ; IO_RE                    ;
;   0.552 ;   0.135 ;    ; RE   ; 1      ; IO_RE_X54_Y0_N0_I66                       ; IO_RE                    ;
;   0.633 ;   0.081 ;    ; RE   ; 1      ; CLKBUF_CLUSTER_RE_X58_Y0_N0_I1614         ; CLKBUF_CLUSTER_RE        ;
;   0.633 ;   0.000 ;    ; RE   ; 1      ; CLKBUF_CLUSTER_RE_X58_Y0_N0_I616          ; CLKBUF_CLUSTER_RE        ;
;   0.633 ;   0.000 ;    ; RE   ; 1      ; GCLK_CLUSTER_RE_X58_Y0_N6_I10             ; GCLK_CLUSTER_RE          ;
;   0.633 ;   0.000 ;    ; RE   ; 1      ; CLKBUFBLOCK_INPUT_X58_Y0_N7_I0            ; CLKBUFBLOCK_INPUT        ;
;   0.633 ;   0.000 ; RR ; IC   ; 1      ; CLKCTRL_G6                                ; clk~inputCLKENA0|inclk   ;
;   0.779 ;   0.146 ; RR ; CELL ; 37157  ; CLKCTRL_G6                                ; clk~inputCLKENA0|outclk  ;
;   0.779 ;   0.000 ;    ; RE   ; 1      ; CLKCTRL_G6                                ; ARRIAV_CLKBUF            ;
;   0.779 ;   0.000 ;    ; RE   ; 1      ; CLKBUFBLOCK_OUTPUT_X58_Y0_N7_I2           ; CLKBUFBLOCK_OUTPUT       ;
;   0.779 ;   0.000 ;    ; RE   ; 1      ; GCLK_CLUSTER_RE_X58_Y0_N6_I12             ; GCLK_CLUSTER_RE          ;
;   0.779 ;   0.000 ;    ; RE   ; 1      ; CLKBUF_CLUSTER_RE_X58_Y0_N0_I417          ; CLKBUF_CLUSTER_RE        ;
;   1.282 ;   0.503 ;    ; RE   ; 16     ; GLOBAL_CLOCK_X0_Y58_N0_I6                 ; GLOBAL_CLOCK             ;
;   1.426 ;   0.144 ;    ; RE   ; 29     ; SPINE_CLOCK_X106_Y59_N0_I2                ; SPINE_CLOCK              ;
;   1.615 ;   0.189 ;    ; RE   ; 1      ; SCLK_TO_ROWCLK_BUF_X106_Y60_N0_I12        ; SCLK_TO_ROWCLK_BUF       ;
;   1.655 ;   0.040 ;    ; RE   ; 2      ; SCLK_TO_ROWCLK_BUF_X106_Y60_N0_I15        ; SCLK_TO_ROWCLK_BUF       ;
;   1.876 ;   0.221 ;    ; RE   ; 12     ; LAB_CLK_X107_Y60_N0_I2                    ; LAB_CLK                  ;
;   1.950 ;   0.074 ;    ; RE   ; 1      ; BLK_CLK_BUF_X121_Y60_N0_I2                ; BLK_CLK_BUF              ;
;   1.994 ;   0.044 ;    ; RE   ; 1      ; BLK_CLK_LIM_X121_Y60_N0_I2                ; BLK_CLK_LIM              ;
;   2.069 ;   0.075 ;    ; RE   ; 1      ; LOCAL_INTERCONNECT_X121_Y60_N0_I26        ; LAB_LINE                 ;
;   2.106 ;   0.037 ;    ; RE   ; 1      ; LEIMC_X121_Y60_N0_I0                      ; LEIMC                    ;
;   2.106 ;   0.000 ;    ; RE   ; 1      ; GLOBAL_LOCAL_SEL_X121_Y60_N0_I0           ; GLOBAL_LOCAL_SEL         ;
;   2.249 ;   0.143 ;    ; RE   ; 1      ; IO_RE_X121_Y60_N94_I11                    ; IO_RE                    ;
;   2.249 ;   0.000 ;    ; RE   ; 1      ; IO_OUTPUT_ENABLE_PATH_RE_X121_Y60_N98_I6  ; IO_OUTPUT_ENABLE_PATH_RE ;
;   2.249 ;   0.000 ;    ; RE   ; 1      ; IO_OUTPUT_ENABLE_PATH_RE_X121_Y60_N98_I22 ; IO_OUTPUT_ENABLE_PATH_RE ;
;   2.249 ;   0.000 ;    ; RE   ; 1      ; IO_OUTPUT_ENABLE_PATH_RE_X121_Y60_N98_I14 ; IO_OUTPUT_ENABLE_PATH_RE ;
;   2.249 ;   0.000 ;    ; RE   ; 1      ; IO_OUTPUT_PATH_RE_X121_Y60_N102_I5        ; IO_OUTPUT_PATH_RE        ;
;   2.249 ;   0.000 ;    ; RE   ; 1      ; MP_DDIO_OUT_INPUT_X121_Y60_N104_I0        ; MP_DDIO_OUT_INPUT        ;
;   2.249 ;   0.000 ; RR ; IC   ; 1      ; DDIOOUTCELL_X121_Y60_N104                 ; host_rdata[19]~reg0|clk  ;
;   2.627 ;   0.378 ; RR ; CELL ; 1      ; DDIOOUTCELL_X121_Y60_N104                 ; host_rdata[19]~reg0      ;
; 2.627   ; 0.000   ;    ;      ;        ;                                           ; clock uncertainty        ;
; 2.627   ; 0.000   ;    ; uTh  ; 1      ; DDIOOUTCELL_X121_Y60_N104                 ; host_rdata[19]~reg0      ;
+---------+---------+----+------+--------+-------------------------------------------+--------------------------+

----------------------------
; Extra Fitter Information ;
----------------------------
HTML report is unavailable in plain text report export.


Path #32: Removal slack is 0.756 
===============================================================================
+------------------------------------------+
; Path Summary                             ;
+--------------------+---------------------+
; Property           ; Value               ;
+--------------------+---------------------+
; From Node          ; rst_n               ;
; To Node            ; instr_debug[5]~reg0 ;
; Launch Clock       ; clk                 ;
; Latch Clock        ; clk                 ;
; Data Arrival Time  ; 3.367               ;
; Data Required Time ; 2.611               ;
; Slack              ; 0.756               ;
+--------------------+---------------------+

+--------------------------------------------------------------------------------------+
; Statistics                                                                           ;
+---------------------------+-------+-------+-------------+------------+-------+-------+
; Property                  ; Value ; Count ; Total Delay ; % of Total ; Min   ; Max   ;
+---------------------------+-------+-------+-------------+------------+-------+-------+
; Removal Relationship      ; 0.000 ;       ;             ;            ;       ;       ;
; Clock Skew                ; 2.611 ;       ;             ;            ;       ;       ;
; Data Delay                ; 2.867 ;       ;             ;            ;       ;       ;
; Number of Logic Levels    ;       ; 2     ;             ;            ;       ;       ;
; Physical Delays           ;       ;       ;             ;            ;       ;       ;
;  Arrival Path             ;       ;       ;             ;            ;       ;       ;
;   Clock                   ;       ;       ;             ;            ;       ;       ;
;    Clock Network (Lumped) ;       ; 1     ; 0.000       ;            ; 0.000 ; 0.000 ;
;   Data                    ;       ;       ;             ;            ;       ;       ;
;    IC                     ;       ; 3     ; 0.000       ; 0          ; 0.000 ; 0.000 ;
;    Cell                   ;       ; 3     ; 1.227       ; 43         ; 0.196 ; 0.781 ;
;    Routing Element        ;       ; 28    ; 1.640       ; 57         ; 0.000 ; 0.518 ;
;  Required Path            ;       ;       ;             ;            ;       ;       ;
;   Clock                   ;       ;       ;             ;            ;       ;       ;
;    IC                     ;       ; 3     ; 0.000       ; 0          ; 0.000 ; 0.000 ;
;    Cell                   ;       ; 3     ; 0.941       ; 36         ; 0.146 ; 0.417 ;
;    Routing Element        ;       ; 31    ; 1.670       ; 64         ; 0.000 ; 0.506 ;
+---------------------------+-------+-------+-------------+------------+-------+-------+
Note: Negative delays are omitted from totals when calculating percentages

+------------------------------------------------------------------------------------------------------------------+
; Data Arrival Path                                                                                                ;
+---------+---------+----+------+--------+---------------------------------------------+---------------------------+
; Total   ; Incr    ; RF ; Type ; Fanout ; Location                                    ; Element                   ;
+---------+---------+----+------+--------+---------------------------------------------+---------------------------+
; 0.000   ; 0.000   ;    ;      ;        ;                                             ; launch edge time          ;
; 0.000   ; 0.000   ;    ;      ;        ;                                             ; clock path                ;
;   0.000 ;   0.000 ; R  ;      ;        ;                                             ; clock network delay       ;
; 0.500   ; 0.500   ; R  ; iExt ; 1      ; PIN_V27                                     ; rst_n                     ;
; 3.367   ; 2.867   ;    ;      ;        ;                                             ; data path                 ;
;   0.500 ;   0.000 ;    ; RE   ; 1      ; IOPAD_X121_Y51_N60                          ; ARRIAV_IO_PAD             ;
;   0.500 ;   0.000 ;    ; RE   ; 1      ; IO_PAD_OUTPUT_X121_Y51_N60_I1               ; IO_PAD_OUTPUT             ;
;   0.500 ;   0.000 ;    ; RE   ; 1      ; IO_INPUT_BUFFER_INPUT_X121_Y51_N61_I0       ; IO_INPUT_BUFFER_INPUT     ;
;   0.500 ;   0.000 ; RR ; IC   ; 1      ; IOIBUF_X121_Y51_N61                         ; rst_n~input|i             ;
;   1.281 ;   0.781 ; RR ; CELL ; 1294   ; IOIBUF_X121_Y51_N61                         ; rst_n~input|o             ;
;   1.281 ;   0.000 ;    ; RE   ; 1      ; IOIBUF_X121_Y51_N61                         ; ARRIAV_IO_IBUF            ;
;   1.281 ;   0.000 ;    ; RE   ; 1      ; IO_INPUT_BUFFER_OUTPUT_X121_Y51_N61_I2      ; IO_INPUT_BUFFER_OUTPUT    ;
;   1.281 ;   0.000 ;    ; RE   ; 2      ; IO_RE_X121_Y51_N60_I96                      ; IO_RE                     ;
;   1.371 ;   0.090 ;    ; RE   ; 1      ; IO_RE_X121_Y51_N60_I66                      ; IO_RE                     ;
;   1.504 ;   0.133 ;    ; RE   ; 1      ; CLKBUF_CLUSTER_RE_X121_Y56_N3_I421          ; CLKBUF_CLUSTER_RE         ;
;   1.504 ;   0.000 ;    ; RE   ; 1      ; CLKBUF_CLUSTER_RE_X121_Y56_N3_I772          ; CLKBUF_CLUSTER_RE         ;
;   1.504 ;   0.000 ;    ; RE   ; 1      ; CLKBUF_CLUSTER_RE_X121_Y56_N3_I557          ; CLKBUF_CLUSTER_RE         ;
;   1.504 ;   0.000 ;    ; RE   ; 1      ; GCLK_CLUSTER_RE_X121_Y56_N6_I10             ; GCLK_CLUSTER_RE           ;
;   1.504 ;   0.000 ;    ; RE   ; 1      ; CLKBUFBLOCK_INPUT_X121_Y56_N7_I0            ; CLKBUFBLOCK_INPUT         ;
;   1.504 ;   0.000 ; RR ; IC   ; 1      ; CLKCTRL_G9                                  ; rst_n~inputCLKENA0|inclk  ;
;   1.700 ;   0.196 ; RR ; CELL ; 2145   ; CLKCTRL_G9                                  ; rst_n~inputCLKENA0|outclk ;
;   1.700 ;   0.000 ;    ; RE   ; 1      ; CLKCTRL_G9                                  ; ARRIAV_CLKBUF             ;
;   1.700 ;   0.000 ;    ; RE   ; 1      ; CLKBUFBLOCK_OUTPUT_X121_Y56_N7_I2           ; CLKBUFBLOCK_OUTPUT        ;
;   1.700 ;   0.000 ;    ; RE   ; 1      ; GCLK_CLUSTER_RE_X121_Y56_N6_I12             ; GCLK_CLUSTER_RE           ;
;   1.700 ;   0.000 ;    ; RE   ; 1      ; CLKBUF_CLUSTER_RE_X121_Y56_N3_I416          ; CLKBUF_CLUSTER_RE         ;
;   2.218 ;   0.518 ;    ; RE   ; 16     ; GLOBAL_CLOCK_X0_Y58_N0_I9                   ; GLOBAL_CLOCK              ;
;   2.344 ;   0.126 ;    ; RE   ; 25     ; SPINE_CLOCK_X106_Y30_N0_I7                  ; SPINE_CLOCK               ;
;   2.528 ;   0.184 ;    ; RE   ; 2      ; SCLK_TO_ROWCLK_BUF_X106_Y51_N0_I43          ; SCLK_TO_ROWCLK_BUF        ;
;   2.567 ;   0.039 ;    ; RE   ; 1      ; SCLK_TO_ROWCLK_BUF_X106_Y51_N0_I47          ; SCLK_TO_ROWCLK_BUF        ;
;   2.782 ;   0.215 ;    ; RE   ; 1      ; LAB_CLK_X107_Y51_N0_I4                      ; LAB_CLK                   ;
;   2.851 ;   0.069 ;    ; RE   ; 1      ; BLK_CLK_BUF_X121_Y51_N0_I4                  ; BLK_CLK_BUF               ;
;   2.900 ;   0.049 ;    ; RE   ; 2      ; BLK_CLK_LIM_X121_Y51_N0_I4                  ; BLK_CLK_LIM               ;
;   2.974 ;   0.074 ;    ; RE   ; 1      ; LOCAL_INTERCONNECT_X121_Y51_N0_I111         ; LAB_LINE                  ;
;   3.004 ;   0.030 ;    ; RE   ; 1      ; BLOCK_INPUT_MUX_PASSTHROUGH_X121_Y51_N0_I28 ; LEIM                      ;
;   3.117 ;   0.113 ;    ; RE   ; 1      ; IO_RE_X121_Y51_N77_I5                       ; IO_RE                     ;
;   3.117 ;   0.000 ;    ; RE   ; 1      ; IO_OUTPUT_PATH_RE_X121_Y51_N85_I9           ; IO_OUTPUT_PATH_RE         ;
;   3.117 ;   0.000 ;    ; RE   ; 1      ; MP_DDIO_OUT_INPUT_X121_Y51_N87_I3           ; MP_DDIO_OUT_INPUT         ;
;   3.117 ;   0.000 ; RR ; IC   ; 1      ; DDIOOUTCELL_X121_Y51_N87                    ; instr_debug[5]~reg0|clrn  ;
;   3.367 ;   0.250 ; RR ; CELL ; 1      ; DDIOOUTCELL_X121_Y51_N87                    ; instr_debug[5]~reg0       ;
+---------+---------+----+------+--------+---------------------------------------------+---------------------------+

+---------------------------------------------------------------------------------------------------------------+
; Data Required Path                                                                                            ;
+---------+---------+----+------+--------+-------------------------------------------+--------------------------+
; Total   ; Incr    ; RF ; Type ; Fanout ; Location                                  ; Element                  ;
+---------+---------+----+------+--------+-------------------------------------------+--------------------------+
; 0.000   ; 0.000   ;    ;      ;        ;                                           ; latch edge time          ;
; 2.611   ; 2.611   ;    ;      ;        ;                                           ; clock path               ;
;   0.000 ;   0.000 ;    ;      ;        ;                                           ; source latency           ;
;   0.000 ;   0.000 ;    ;      ; 1      ; PIN_AC18                                  ; clk                      ;
;   0.000 ;   0.000 ;    ; RE   ; 1      ; IOPAD_X54_Y0_N0                           ; ARRIAV_IO_PAD            ;
;   0.000 ;   0.000 ;    ; RE   ; 1      ; IO_PAD_OUTPUT_X54_Y0_N0_I1                ; IO_PAD_OUTPUT            ;
;   0.000 ;   0.000 ;    ; RE   ; 1      ; IO_INPUT_BUFFER_INPUT_X54_Y0_N1_I0        ; IO_INPUT_BUFFER_INPUT    ;
;   0.000 ;   0.000 ; RR ; IC   ; 1      ; IOIBUF_X54_Y0_N1                          ; clk~input|i              ;
;   0.417 ;   0.417 ; RR ; CELL ; 1      ; IOIBUF_X54_Y0_N1                          ; clk~input|o              ;
;   0.417 ;   0.000 ;    ; RE   ; 1      ; IOIBUF_X54_Y0_N1                          ; ARRIAV_IO_IBUF           ;
;   0.417 ;   0.000 ;    ; RE   ; 1      ; IO_INPUT_BUFFER_OUTPUT_X54_Y0_N1_I2       ; IO_INPUT_BUFFER_OUTPUT   ;
;   0.417 ;   0.000 ;    ; RE   ; 1      ; IO_RE_X54_Y0_N0_I96                       ; IO_RE                    ;
;   0.552 ;   0.135 ;    ; RE   ; 1      ; IO_RE_X54_Y0_N0_I66                       ; IO_RE                    ;
;   0.633 ;   0.081 ;    ; RE   ; 1      ; CLKBUF_CLUSTER_RE_X58_Y0_N0_I1614         ; CLKBUF_CLUSTER_RE        ;
;   0.633 ;   0.000 ;    ; RE   ; 1      ; CLKBUF_CLUSTER_RE_X58_Y0_N0_I616          ; CLKBUF_CLUSTER_RE        ;
;   0.633 ;   0.000 ;    ; RE   ; 1      ; GCLK_CLUSTER_RE_X58_Y0_N6_I10             ; GCLK_CLUSTER_RE          ;
;   0.633 ;   0.000 ;    ; RE   ; 1      ; CLKBUFBLOCK_INPUT_X58_Y0_N7_I0            ; CLKBUFBLOCK_INPUT        ;
;   0.633 ;   0.000 ; RR ; IC   ; 1      ; CLKCTRL_G6                                ; clk~inputCLKENA0|inclk   ;
;   0.779 ;   0.146 ; RR ; CELL ; 37157  ; CLKCTRL_G6                                ; clk~inputCLKENA0|outclk  ;
;   0.779 ;   0.000 ;    ; RE   ; 1      ; CLKCTRL_G6                                ; ARRIAV_CLKBUF            ;
;   0.779 ;   0.000 ;    ; RE   ; 1      ; CLKBUFBLOCK_OUTPUT_X58_Y0_N7_I2           ; CLKBUFBLOCK_OUTPUT       ;
;   0.779 ;   0.000 ;    ; RE   ; 1      ; GCLK_CLUSTER_RE_X58_Y0_N6_I12             ; GCLK_CLUSTER_RE          ;
;   0.779 ;   0.000 ;    ; RE   ; 1      ; CLKBUF_CLUSTER_RE_X58_Y0_N0_I417          ; CLKBUF_CLUSTER_RE        ;
;   1.285 ;   0.506 ;    ; RE   ; 16     ; GLOBAL_CLOCK_X0_Y58_N0_I6                 ; GLOBAL_CLOCK             ;
;   1.414 ;   0.129 ;    ; RE   ; 29     ; SPINE_CLOCK_X106_Y30_N0_I2                ; SPINE_CLOCK              ;
;   1.603 ;   0.189 ;    ; RE   ; 1      ; SCLK_TO_ROWCLK_BUF_X106_Y51_N0_I12        ; SCLK_TO_ROWCLK_BUF       ;
;   1.644 ;   0.041 ;    ; RE   ; 2      ; SCLK_TO_ROWCLK_BUF_X106_Y51_N0_I15        ; SCLK_TO_ROWCLK_BUF       ;
;   1.864 ;   0.220 ;    ; RE   ; 14     ; LAB_CLK_X107_Y51_N0_I2                    ; LAB_CLK                  ;
;   1.938 ;   0.074 ;    ; RE   ; 1      ; BLK_CLK_BUF_X121_Y51_N0_I2                ; BLK_CLK_BUF              ;
;   1.990 ;   0.052 ;    ; RE   ; 2      ; BLK_CLK_LIM_X121_Y51_N0_I2                ; BLK_CLK_LIM              ;
;   2.065 ;   0.075 ;    ; RE   ; 1      ; LOCAL_INTERCONNECT_X121_Y51_N0_I26        ; LAB_LINE                 ;
;   2.102 ;   0.037 ;    ; RE   ; 1      ; LEIMC_X121_Y51_N0_I4                      ; LEIMC                    ;
;   2.102 ;   0.000 ;    ; RE   ; 1      ; GLOBAL_LOCAL_SEL_X121_Y51_N0_I4           ; GLOBAL_LOCAL_SEL         ;
;   2.233 ;   0.131 ;    ; RE   ; 1      ; IO_RE_X121_Y51_N77_I11                    ; IO_RE                    ;
;   2.233 ;   0.000 ;    ; RE   ; 1      ; IO_OUTPUT_ENABLE_PATH_RE_X121_Y51_N81_I6  ; IO_OUTPUT_ENABLE_PATH_RE ;
;   2.233 ;   0.000 ;    ; RE   ; 1      ; IO_OUTPUT_ENABLE_PATH_RE_X121_Y51_N81_I22 ; IO_OUTPUT_ENABLE_PATH_RE ;
;   2.233 ;   0.000 ;    ; RE   ; 1      ; IO_OUTPUT_ENABLE_PATH_RE_X121_Y51_N81_I14 ; IO_OUTPUT_ENABLE_PATH_RE ;
;   2.233 ;   0.000 ;    ; RE   ; 1      ; IO_OUTPUT_PATH_RE_X121_Y51_N85_I5         ; IO_OUTPUT_PATH_RE        ;
;   2.233 ;   0.000 ;    ; RE   ; 1      ; MP_DDIO_OUT_INPUT_X121_Y51_N87_I0         ; MP_DDIO_OUT_INPUT        ;
;   2.233 ;   0.000 ; RR ; IC   ; 1      ; DDIOOUTCELL_X121_Y51_N87                  ; instr_debug[5]~reg0|clk  ;
;   2.611 ;   0.378 ; RR ; CELL ; 1      ; DDIOOUTCELL_X121_Y51_N87                  ; instr_debug[5]~reg0      ;
; 2.611   ; 0.000   ;    ;      ;        ;                                           ; clock uncertainty        ;
; 2.611   ; 0.000   ;    ; uTh  ; 1      ; DDIOOUTCELL_X121_Y51_N87                  ; instr_debug[5]~reg0      ;
+---------+---------+----+------+--------+-------------------------------------------+--------------------------+

----------------------------
; Extra Fitter Information ;
----------------------------
HTML report is unavailable in plain text report export.


Path #33: Removal slack is 0.756 
===============================================================================
+-------------------------------------------+
; Path Summary                              ;
+--------------------+----------------------+
; Property           ; Value                ;
+--------------------+----------------------+
; From Node          ; rst_n                ;
; To Node            ; instr_debug[10]~reg0 ;
; Launch Clock       ; clk                  ;
; Latch Clock        ; clk                  ;
; Data Arrival Time  ; 3.366                ;
; Data Required Time ; 2.610                ;
; Slack              ; 0.756                ;
+--------------------+----------------------+

+---------------------------------------------------------------------------------------+
; Statistics                                                                            ;
+---------------------------+-------+-------+-------------+------------+--------+-------+
; Property                  ; Value ; Count ; Total Delay ; % of Total ; Min    ; Max   ;
+---------------------------+-------+-------+-------------+------------+--------+-------+
; Removal Relationship      ; 0.000 ;       ;             ;            ;        ;       ;
; Clock Skew                ; 2.610 ;       ;             ;            ;        ;       ;
; Data Delay                ; 2.866 ;       ;             ;            ;        ;       ;
; Number of Logic Levels    ;       ; 2     ;             ;            ;        ;       ;
; Physical Delays           ;       ;       ;             ;            ;        ;       ;
;  Arrival Path             ;       ;       ;             ;            ;        ;       ;
;   Clock                   ;       ;       ;             ;            ;        ;       ;
;    Clock Network (Lumped) ;       ; 1     ; 0.000       ;            ; 0.000  ; 0.000 ;
;   Data                    ;       ;       ;             ;            ;        ;       ;
;    IC                     ;       ; 3     ; -0.001      ; 0          ; -0.001 ; 0.000 ;
;    Cell                   ;       ; 3     ; 1.227       ; 43         ; 0.196  ; 0.781 ;
;    Routing Element        ;       ; 28    ; 1.640       ; 57         ; 0.000  ; 0.518 ;
;  Required Path            ;       ;       ;             ;            ;        ;       ;
;   Clock                   ;       ;       ;             ;            ;        ;       ;
;    IC                     ;       ; 3     ; 0.000       ; 0          ; 0.000  ; 0.000 ;
;    Cell                   ;       ; 3     ; 0.941       ; 36         ; 0.146  ; 0.417 ;
;    Routing Element        ;       ; 31    ; 1.669       ; 64         ; 0.000  ; 0.506 ;
+---------------------------+-------+-------+-------------+------------+--------+-------+
Note: Negative delays are omitted from totals when calculating percentages

+-------------------------------------------------------------------------------------------------------------------+
; Data Arrival Path                                                                                                 ;
+---------+----------+----+------+--------+---------------------------------------------+---------------------------+
; Total   ; Incr     ; RF ; Type ; Fanout ; Location                                    ; Element                   ;
+---------+----------+----+------+--------+---------------------------------------------+---------------------------+
; 0.000   ; 0.000    ;    ;      ;        ;                                             ; launch edge time          ;
; 0.000   ; 0.000    ;    ;      ;        ;                                             ; clock path                ;
;   0.000 ;   0.000  ; R  ;      ;        ;                                             ; clock network delay       ;
; 0.500   ; 0.500    ; R  ; iExt ; 1      ; PIN_V27                                     ; rst_n                     ;
; 3.366   ; 2.866    ;    ;      ;        ;                                             ; data path                 ;
;   0.500 ;   0.000  ;    ; RE   ; 1      ; IOPAD_X121_Y51_N60                          ; ARRIAV_IO_PAD             ;
;   0.500 ;   0.000  ;    ; RE   ; 1      ; IO_PAD_OUTPUT_X121_Y51_N60_I1               ; IO_PAD_OUTPUT             ;
;   0.500 ;   0.000  ;    ; RE   ; 1      ; IO_INPUT_BUFFER_INPUT_X121_Y51_N61_I0       ; IO_INPUT_BUFFER_INPUT     ;
;   0.500 ;   0.000  ; RR ; IC   ; 1      ; IOIBUF_X121_Y51_N61                         ; rst_n~input|i             ;
;   1.281 ;   0.781  ; RR ; CELL ; 1294   ; IOIBUF_X121_Y51_N61                         ; rst_n~input|o             ;
;   1.281 ;   0.000  ;    ; RE   ; 1      ; IOIBUF_X121_Y51_N61                         ; ARRIAV_IO_IBUF            ;
;   1.281 ;   0.000  ;    ; RE   ; 1      ; IO_INPUT_BUFFER_OUTPUT_X121_Y51_N61_I2      ; IO_INPUT_BUFFER_OUTPUT    ;
;   1.281 ;   0.000  ;    ; RE   ; 2      ; IO_RE_X121_Y51_N60_I96                      ; IO_RE                     ;
;   1.371 ;   0.090  ;    ; RE   ; 1      ; IO_RE_X121_Y51_N60_I66                      ; IO_RE                     ;
;   1.504 ;   0.133  ;    ; RE   ; 1      ; CLKBUF_CLUSTER_RE_X121_Y56_N3_I421          ; CLKBUF_CLUSTER_RE         ;
;   1.504 ;   0.000  ;    ; RE   ; 1      ; CLKBUF_CLUSTER_RE_X121_Y56_N3_I772          ; CLKBUF_CLUSTER_RE         ;
;   1.504 ;   0.000  ;    ; RE   ; 1      ; CLKBUF_CLUSTER_RE_X121_Y56_N3_I557          ; CLKBUF_CLUSTER_RE         ;
;   1.504 ;   0.000  ;    ; RE   ; 1      ; GCLK_CLUSTER_RE_X121_Y56_N6_I10             ; GCLK_CLUSTER_RE           ;
;   1.504 ;   0.000  ;    ; RE   ; 1      ; CLKBUFBLOCK_INPUT_X121_Y56_N7_I0            ; CLKBUFBLOCK_INPUT         ;
;   1.504 ;   0.000  ; RR ; IC   ; 1      ; CLKCTRL_G9                                  ; rst_n~inputCLKENA0|inclk  ;
;   1.700 ;   0.196  ; RR ; CELL ; 2145   ; CLKCTRL_G9                                  ; rst_n~inputCLKENA0|outclk ;
;   1.700 ;   0.000  ;    ; RE   ; 1      ; CLKCTRL_G9                                  ; ARRIAV_CLKBUF             ;
;   1.700 ;   0.000  ;    ; RE   ; 1      ; CLKBUFBLOCK_OUTPUT_X121_Y56_N7_I2           ; CLKBUFBLOCK_OUTPUT        ;
;   1.700 ;   0.000  ;    ; RE   ; 1      ; GCLK_CLUSTER_RE_X121_Y56_N6_I12             ; GCLK_CLUSTER_RE           ;
;   1.700 ;   0.000  ;    ; RE   ; 1      ; CLKBUF_CLUSTER_RE_X121_Y56_N3_I416          ; CLKBUF_CLUSTER_RE         ;
;   2.218 ;   0.518  ;    ; RE   ; 16     ; GLOBAL_CLOCK_X0_Y58_N0_I9                   ; GLOBAL_CLOCK              ;
;   2.341 ;   0.123  ;    ; RE   ; 25     ; SPINE_CLOCK_X106_Y30_N0_I7                  ; SPINE_CLOCK               ;
;   2.525 ;   0.184  ;    ; RE   ; 1      ; SCLK_TO_ROWCLK_BUF_X106_Y48_N0_I43          ; SCLK_TO_ROWCLK_BUF        ;
;   2.565 ;   0.040  ;    ; RE   ; 2      ; SCLK_TO_ROWCLK_BUF_X106_Y48_N0_I46          ; SCLK_TO_ROWCLK_BUF        ;
;   2.780 ;   0.215  ;    ; RE   ; 7      ; LAB_CLK_X107_Y48_N0_I5                      ; LAB_CLK                   ;
;   2.849 ;   0.069  ;    ; RE   ; 1      ; BLK_CLK_BUF_X121_Y48_N0_I5                  ; BLK_CLK_BUF               ;
;   2.898 ;   0.049  ;    ; RE   ; 2      ; BLK_CLK_LIM_X121_Y48_N0_I5                  ; BLK_CLK_LIM               ;
;   2.972 ;   0.074  ;    ; RE   ; 1      ; LOCAL_INTERCONNECT_X121_Y48_N0_I111         ; LAB_LINE                  ;
;   3.002 ;   0.030  ;    ; RE   ; 1      ; BLOCK_INPUT_MUX_PASSTHROUGH_X121_Y48_N0_I28 ; LEIM                      ;
;   3.117 ;   0.115  ;    ; RE   ; 1      ; IO_RE_X121_Y48_N37_I5                       ; IO_RE                     ;
;   3.117 ;   0.000  ;    ; RE   ; 1      ; IO_OUTPUT_PATH_RE_X121_Y48_N45_I9           ; IO_OUTPUT_PATH_RE         ;
;   3.117 ;   0.000  ;    ; RE   ; 1      ; MP_DDIO_OUT_INPUT_X121_Y48_N47_I3           ; MP_DDIO_OUT_INPUT         ;
;   3.116 ;   -0.001 ; RR ; IC   ; 1      ; DDIOOUTCELL_X121_Y48_N47                    ; instr_debug[10]~reg0|clrn ;
;   3.366 ;   0.250  ; RR ; CELL ; 1      ; DDIOOUTCELL_X121_Y48_N47                    ; instr_debug[10]~reg0      ;
+---------+----------+----+------+--------+---------------------------------------------+---------------------------+

+---------------------------------------------------------------------------------------------------------------+
; Data Required Path                                                                                            ;
+---------+---------+----+------+--------+-------------------------------------------+--------------------------+
; Total   ; Incr    ; RF ; Type ; Fanout ; Location                                  ; Element                  ;
+---------+---------+----+------+--------+-------------------------------------------+--------------------------+
; 0.000   ; 0.000   ;    ;      ;        ;                                           ; latch edge time          ;
; 2.610   ; 2.610   ;    ;      ;        ;                                           ; clock path               ;
;   0.000 ;   0.000 ;    ;      ;        ;                                           ; source latency           ;
;   0.000 ;   0.000 ;    ;      ; 1      ; PIN_AC18                                  ; clk                      ;
;   0.000 ;   0.000 ;    ; RE   ; 1      ; IOPAD_X54_Y0_N0                           ; ARRIAV_IO_PAD            ;
;   0.000 ;   0.000 ;    ; RE   ; 1      ; IO_PAD_OUTPUT_X54_Y0_N0_I1                ; IO_PAD_OUTPUT            ;
;   0.000 ;   0.000 ;    ; RE   ; 1      ; IO_INPUT_BUFFER_INPUT_X54_Y0_N1_I0        ; IO_INPUT_BUFFER_INPUT    ;
;   0.000 ;   0.000 ; RR ; IC   ; 1      ; IOIBUF_X54_Y0_N1                          ; clk~input|i              ;
;   0.417 ;   0.417 ; RR ; CELL ; 1      ; IOIBUF_X54_Y0_N1                          ; clk~input|o              ;
;   0.417 ;   0.000 ;    ; RE   ; 1      ; IOIBUF_X54_Y0_N1                          ; ARRIAV_IO_IBUF           ;
;   0.417 ;   0.000 ;    ; RE   ; 1      ; IO_INPUT_BUFFER_OUTPUT_X54_Y0_N1_I2       ; IO_INPUT_BUFFER_OUTPUT   ;
;   0.417 ;   0.000 ;    ; RE   ; 1      ; IO_RE_X54_Y0_N0_I96                       ; IO_RE                    ;
;   0.552 ;   0.135 ;    ; RE   ; 1      ; IO_RE_X54_Y0_N0_I66                       ; IO_RE                    ;
;   0.633 ;   0.081 ;    ; RE   ; 1      ; CLKBUF_CLUSTER_RE_X58_Y0_N0_I1614         ; CLKBUF_CLUSTER_RE        ;
;   0.633 ;   0.000 ;    ; RE   ; 1      ; CLKBUF_CLUSTER_RE_X58_Y0_N0_I616          ; CLKBUF_CLUSTER_RE        ;
;   0.633 ;   0.000 ;    ; RE   ; 1      ; GCLK_CLUSTER_RE_X58_Y0_N6_I10             ; GCLK_CLUSTER_RE          ;
;   0.633 ;   0.000 ;    ; RE   ; 1      ; CLKBUFBLOCK_INPUT_X58_Y0_N7_I0            ; CLKBUFBLOCK_INPUT        ;
;   0.633 ;   0.000 ; RR ; IC   ; 1      ; CLKCTRL_G6                                ; clk~inputCLKENA0|inclk   ;
;   0.779 ;   0.146 ; RR ; CELL ; 37157  ; CLKCTRL_G6                                ; clk~inputCLKENA0|outclk  ;
;   0.779 ;   0.000 ;    ; RE   ; 1      ; CLKCTRL_G6                                ; ARRIAV_CLKBUF            ;
;   0.779 ;   0.000 ;    ; RE   ; 1      ; CLKBUFBLOCK_OUTPUT_X58_Y0_N7_I2           ; CLKBUFBLOCK_OUTPUT       ;
;   0.779 ;   0.000 ;    ; RE   ; 1      ; GCLK_CLUSTER_RE_X58_Y0_N6_I12             ; GCLK_CLUSTER_RE          ;
;   0.779 ;   0.000 ;    ; RE   ; 1      ; CLKBUF_CLUSTER_RE_X58_Y0_N0_I417          ; CLKBUF_CLUSTER_RE        ;
;   1.285 ;   0.506 ;    ; RE   ; 16     ; GLOBAL_CLOCK_X0_Y58_N0_I6                 ; GLOBAL_CLOCK             ;
;   1.411 ;   0.126 ;    ; RE   ; 29     ; SPINE_CLOCK_X106_Y30_N0_I2                ; SPINE_CLOCK              ;
;   1.600 ;   0.189 ;    ; RE   ; 1      ; SCLK_TO_ROWCLK_BUF_X106_Y48_N0_I12        ; SCLK_TO_ROWCLK_BUF       ;
;   1.641 ;   0.041 ;    ; RE   ; 2      ; SCLK_TO_ROWCLK_BUF_X106_Y48_N0_I15        ; SCLK_TO_ROWCLK_BUF       ;
;   1.861 ;   0.220 ;    ; RE   ; 13     ; LAB_CLK_X107_Y48_N0_I2                    ; LAB_CLK                  ;
;   1.935 ;   0.074 ;    ; RE   ; 1      ; BLK_CLK_BUF_X121_Y48_N0_I2                ; BLK_CLK_BUF              ;
;   1.987 ;   0.052 ;    ; RE   ; 2      ; BLK_CLK_LIM_X121_Y48_N0_I2                ; BLK_CLK_LIM              ;
;   2.067 ;   0.080 ;    ; RE   ; 3      ; LOCAL_INTERCONNECT_X121_Y48_N0_I26        ; LAB_LINE                 ;
;   2.104 ;   0.037 ;    ; RE   ; 1      ; LEIMC_X121_Y48_N0_I4                      ; LEIMC                    ;
;   2.104 ;   0.000 ;    ; RE   ; 1      ; GLOBAL_LOCAL_SEL_X121_Y48_N0_I4           ; GLOBAL_LOCAL_SEL         ;
;   2.232 ;   0.128 ;    ; RE   ; 1      ; IO_RE_X121_Y48_N37_I11                    ; IO_RE                    ;
;   2.232 ;   0.000 ;    ; RE   ; 1      ; IO_OUTPUT_ENABLE_PATH_RE_X121_Y48_N41_I6  ; IO_OUTPUT_ENABLE_PATH_RE ;
;   2.232 ;   0.000 ;    ; RE   ; 1      ; IO_OUTPUT_ENABLE_PATH_RE_X121_Y48_N41_I22 ; IO_OUTPUT_ENABLE_PATH_RE ;
;   2.232 ;   0.000 ;    ; RE   ; 1      ; IO_OUTPUT_ENABLE_PATH_RE_X121_Y48_N41_I14 ; IO_OUTPUT_ENABLE_PATH_RE ;
;   2.232 ;   0.000 ;    ; RE   ; 1      ; IO_OUTPUT_PATH_RE_X121_Y48_N45_I5         ; IO_OUTPUT_PATH_RE        ;
;   2.232 ;   0.000 ;    ; RE   ; 1      ; MP_DDIO_OUT_INPUT_X121_Y48_N47_I0         ; MP_DDIO_OUT_INPUT        ;
;   2.232 ;   0.000 ; RR ; IC   ; 1      ; DDIOOUTCELL_X121_Y48_N47                  ; instr_debug[10]~reg0|clk ;
;   2.610 ;   0.378 ; RR ; CELL ; 1      ; DDIOOUTCELL_X121_Y48_N47                  ; instr_debug[10]~reg0     ;
; 2.610   ; 0.000   ;    ;      ;        ;                                           ; clock uncertainty        ;
; 2.610   ; 0.000   ;    ; uTh  ; 1      ; DDIOOUTCELL_X121_Y48_N47                  ; instr_debug[10]~reg0     ;
+---------+---------+----+------+--------+-------------------------------------------+--------------------------+

----------------------------
; Extra Fitter Information ;
----------------------------
HTML report is unavailable in plain text report export.


Path #34: Removal slack is 0.757 
===============================================================================
+---------------------------------------+
; Path Summary                          ;
+--------------------+------------------+
; Property           ; Value            ;
+--------------------+------------------+
; From Node          ; rst_n            ;
; To Node            ; pc_debug[4]~reg0 ;
; Launch Clock       ; clk              ;
; Latch Clock        ; clk              ;
; Data Arrival Time  ; 3.379            ;
; Data Required Time ; 2.622            ;
; Slack              ; 0.757            ;
+--------------------+------------------+

+--------------------------------------------------------------------------------------+
; Statistics                                                                           ;
+---------------------------+-------+-------+-------------+------------+-------+-------+
; Property                  ; Value ; Count ; Total Delay ; % of Total ; Min   ; Max   ;
+---------------------------+-------+-------+-------------+------------+-------+-------+
; Removal Relationship      ; 0.000 ;       ;             ;            ;       ;       ;
; Clock Skew                ; 2.622 ;       ;             ;            ;       ;       ;
; Data Delay                ; 2.879 ;       ;             ;            ;       ;       ;
; Number of Logic Levels    ;       ; 2     ;             ;            ;       ;       ;
; Physical Delays           ;       ;       ;             ;            ;       ;       ;
;  Arrival Path             ;       ;       ;             ;            ;       ;       ;
;   Clock                   ;       ;       ;             ;            ;       ;       ;
;    Clock Network (Lumped) ;       ; 1     ; 0.000       ;            ; 0.000 ; 0.000 ;
;   Data                    ;       ;       ;             ;            ;       ;       ;
;    IC                     ;       ; 3     ; 0.000       ; 0          ; 0.000 ; 0.000 ;
;    Cell                   ;       ; 3     ; 1.227       ; 43         ; 0.196 ; 0.781 ;
;    Routing Element        ;       ; 28    ; 1.652       ; 57         ; 0.000 ; 0.518 ;
;  Required Path            ;       ;       ;             ;            ;       ;       ;
;   Clock                   ;       ;       ;             ;            ;       ;       ;
;    IC                     ;       ; 3     ; 0.000       ; 0          ; 0.000 ; 0.000 ;
;    Cell                   ;       ; 3     ; 0.941       ; 36         ; 0.146 ; 0.417 ;
;    Routing Element        ;       ; 31    ; 1.681       ; 64         ; 0.000 ; 0.506 ;
+---------------------------+-------+-------+-------------+------------+-------+-------+
Note: Negative delays are omitted from totals when calculating percentages

+------------------------------------------------------------------------------------------------------------------+
; Data Arrival Path                                                                                                ;
+---------+---------+----+------+--------+---------------------------------------------+---------------------------+
; Total   ; Incr    ; RF ; Type ; Fanout ; Location                                    ; Element                   ;
+---------+---------+----+------+--------+---------------------------------------------+---------------------------+
; 0.000   ; 0.000   ;    ;      ;        ;                                             ; launch edge time          ;
; 0.000   ; 0.000   ;    ;      ;        ;                                             ; clock path                ;
;   0.000 ;   0.000 ; R  ;      ;        ;                                             ; clock network delay       ;
; 0.500   ; 0.500   ; R  ; iExt ; 1      ; PIN_V27                                     ; rst_n                     ;
; 3.379   ; 2.879   ;    ;      ;        ;                                             ; data path                 ;
;   0.500 ;   0.000 ;    ; RE   ; 1      ; IOPAD_X121_Y51_N60                          ; ARRIAV_IO_PAD             ;
;   0.500 ;   0.000 ;    ; RE   ; 1      ; IO_PAD_OUTPUT_X121_Y51_N60_I1               ; IO_PAD_OUTPUT             ;
;   0.500 ;   0.000 ;    ; RE   ; 1      ; IO_INPUT_BUFFER_INPUT_X121_Y51_N61_I0       ; IO_INPUT_BUFFER_INPUT     ;
;   0.500 ;   0.000 ; RR ; IC   ; 1      ; IOIBUF_X121_Y51_N61                         ; rst_n~input|i             ;
;   1.281 ;   0.781 ; RR ; CELL ; 1294   ; IOIBUF_X121_Y51_N61                         ; rst_n~input|o             ;
;   1.281 ;   0.000 ;    ; RE   ; 1      ; IOIBUF_X121_Y51_N61                         ; ARRIAV_IO_IBUF            ;
;   1.281 ;   0.000 ;    ; RE   ; 1      ; IO_INPUT_BUFFER_OUTPUT_X121_Y51_N61_I2      ; IO_INPUT_BUFFER_OUTPUT    ;
;   1.281 ;   0.000 ;    ; RE   ; 2      ; IO_RE_X121_Y51_N60_I96                      ; IO_RE                     ;
;   1.371 ;   0.090 ;    ; RE   ; 1      ; IO_RE_X121_Y51_N60_I66                      ; IO_RE                     ;
;   1.504 ;   0.133 ;    ; RE   ; 1      ; CLKBUF_CLUSTER_RE_X121_Y56_N3_I421          ; CLKBUF_CLUSTER_RE         ;
;   1.504 ;   0.000 ;    ; RE   ; 1      ; CLKBUF_CLUSTER_RE_X121_Y56_N3_I772          ; CLKBUF_CLUSTER_RE         ;
;   1.504 ;   0.000 ;    ; RE   ; 1      ; CLKBUF_CLUSTER_RE_X121_Y56_N3_I557          ; CLKBUF_CLUSTER_RE         ;
;   1.504 ;   0.000 ;    ; RE   ; 1      ; GCLK_CLUSTER_RE_X121_Y56_N6_I10             ; GCLK_CLUSTER_RE           ;
;   1.504 ;   0.000 ;    ; RE   ; 1      ; CLKBUFBLOCK_INPUT_X121_Y56_N7_I0            ; CLKBUFBLOCK_INPUT         ;
;   1.504 ;   0.000 ; RR ; IC   ; 1      ; CLKCTRL_G9                                  ; rst_n~inputCLKENA0|inclk  ;
;   1.700 ;   0.196 ; RR ; CELL ; 2145   ; CLKCTRL_G9                                  ; rst_n~inputCLKENA0|outclk ;
;   1.700 ;   0.000 ;    ; RE   ; 1      ; CLKCTRL_G9                                  ; ARRIAV_CLKBUF             ;
;   1.700 ;   0.000 ;    ; RE   ; 1      ; CLKBUFBLOCK_OUTPUT_X121_Y56_N7_I2           ; CLKBUFBLOCK_OUTPUT        ;
;   1.700 ;   0.000 ;    ; RE   ; 1      ; GCLK_CLUSTER_RE_X121_Y56_N6_I12             ; GCLK_CLUSTER_RE           ;
;   1.700 ;   0.000 ;    ; RE   ; 1      ; CLKBUF_CLUSTER_RE_X121_Y56_N3_I416          ; CLKBUF_CLUSTER_RE         ;
;   2.218 ;   0.518 ;    ; RE   ; 16     ; GLOBAL_CLOCK_X0_Y58_N0_I9                   ; GLOBAL_CLOCK              ;
;   2.352 ;   0.134 ;    ; RE   ; 25     ; SPINE_CLOCK_X106_Y30_N0_I7                  ; SPINE_CLOCK               ;
;   2.536 ;   0.184 ;    ; RE   ; 1      ; SCLK_TO_ROWCLK_BUF_X106_Y38_N0_I43          ; SCLK_TO_ROWCLK_BUF        ;
;   2.575 ;   0.039 ;    ; RE   ; 2      ; SCLK_TO_ROWCLK_BUF_X106_Y38_N0_I46          ; SCLK_TO_ROWCLK_BUF        ;
;   2.790 ;   0.215 ;    ; RE   ; 6      ; LAB_CLK_X107_Y38_N0_I5                      ; LAB_CLK                   ;
;   2.859 ;   0.069 ;    ; RE   ; 1      ; BLK_CLK_BUF_X121_Y38_N0_I5                  ; BLK_CLK_BUF               ;
;   2.908 ;   0.049 ;    ; RE   ; 2      ; BLK_CLK_LIM_X121_Y38_N0_I5                  ; BLK_CLK_LIM               ;
;   2.982 ;   0.074 ;    ; RE   ; 1      ; LOCAL_INTERCONNECT_X121_Y38_N0_I111         ; LAB_LINE                  ;
;   3.012 ;   0.030 ;    ; RE   ; 1      ; BLOCK_INPUT_MUX_PASSTHROUGH_X121_Y38_N0_I28 ; LEIM                      ;
;   3.129 ;   0.117 ;    ; RE   ; 1      ; IO_RE_X121_Y38_N37_I5                       ; IO_RE                     ;
;   3.129 ;   0.000 ;    ; RE   ; 1      ; IO_OUTPUT_PATH_RE_X121_Y38_N45_I9           ; IO_OUTPUT_PATH_RE         ;
;   3.129 ;   0.000 ;    ; RE   ; 1      ; MP_DDIO_OUT_INPUT_X121_Y38_N47_I3           ; MP_DDIO_OUT_INPUT         ;
;   3.129 ;   0.000 ; RR ; IC   ; 1      ; DDIOOUTCELL_X121_Y38_N47                    ; pc_debug[4]~reg0|clrn     ;
;   3.379 ;   0.250 ; RR ; CELL ; 1      ; DDIOOUTCELL_X121_Y38_N47                    ; pc_debug[4]~reg0          ;
+---------+---------+----+------+--------+---------------------------------------------+---------------------------+

+---------------------------------------------------------------------------------------------------------------+
; Data Required Path                                                                                            ;
+---------+---------+----+------+--------+-------------------------------------------+--------------------------+
; Total   ; Incr    ; RF ; Type ; Fanout ; Location                                  ; Element                  ;
+---------+---------+----+------+--------+-------------------------------------------+--------------------------+
; 0.000   ; 0.000   ;    ;      ;        ;                                           ; latch edge time          ;
; 2.622   ; 2.622   ;    ;      ;        ;                                           ; clock path               ;
;   0.000 ;   0.000 ;    ;      ;        ;                                           ; source latency           ;
;   0.000 ;   0.000 ;    ;      ; 1      ; PIN_AC18                                  ; clk                      ;
;   0.000 ;   0.000 ;    ; RE   ; 1      ; IOPAD_X54_Y0_N0                           ; ARRIAV_IO_PAD            ;
;   0.000 ;   0.000 ;    ; RE   ; 1      ; IO_PAD_OUTPUT_X54_Y0_N0_I1                ; IO_PAD_OUTPUT            ;
;   0.000 ;   0.000 ;    ; RE   ; 1      ; IO_INPUT_BUFFER_INPUT_X54_Y0_N1_I0        ; IO_INPUT_BUFFER_INPUT    ;
;   0.000 ;   0.000 ; RR ; IC   ; 1      ; IOIBUF_X54_Y0_N1                          ; clk~input|i              ;
;   0.417 ;   0.417 ; RR ; CELL ; 1      ; IOIBUF_X54_Y0_N1                          ; clk~input|o              ;
;   0.417 ;   0.000 ;    ; RE   ; 1      ; IOIBUF_X54_Y0_N1                          ; ARRIAV_IO_IBUF           ;
;   0.417 ;   0.000 ;    ; RE   ; 1      ; IO_INPUT_BUFFER_OUTPUT_X54_Y0_N1_I2       ; IO_INPUT_BUFFER_OUTPUT   ;
;   0.417 ;   0.000 ;    ; RE   ; 1      ; IO_RE_X54_Y0_N0_I96                       ; IO_RE                    ;
;   0.552 ;   0.135 ;    ; RE   ; 1      ; IO_RE_X54_Y0_N0_I66                       ; IO_RE                    ;
;   0.633 ;   0.081 ;    ; RE   ; 1      ; CLKBUF_CLUSTER_RE_X58_Y0_N0_I1614         ; CLKBUF_CLUSTER_RE        ;
;   0.633 ;   0.000 ;    ; RE   ; 1      ; CLKBUF_CLUSTER_RE_X58_Y0_N0_I616          ; CLKBUF_CLUSTER_RE        ;
;   0.633 ;   0.000 ;    ; RE   ; 1      ; GCLK_CLUSTER_RE_X58_Y0_N6_I10             ; GCLK_CLUSTER_RE          ;
;   0.633 ;   0.000 ;    ; RE   ; 1      ; CLKBUFBLOCK_INPUT_X58_Y0_N7_I0            ; CLKBUFBLOCK_INPUT        ;
;   0.633 ;   0.000 ; RR ; IC   ; 1      ; CLKCTRL_G6                                ; clk~inputCLKENA0|inclk   ;
;   0.779 ;   0.146 ; RR ; CELL ; 37157  ; CLKCTRL_G6                                ; clk~inputCLKENA0|outclk  ;
;   0.779 ;   0.000 ;    ; RE   ; 1      ; CLKCTRL_G6                                ; ARRIAV_CLKBUF            ;
;   0.779 ;   0.000 ;    ; RE   ; 1      ; CLKBUFBLOCK_OUTPUT_X58_Y0_N7_I2           ; CLKBUFBLOCK_OUTPUT       ;
;   0.779 ;   0.000 ;    ; RE   ; 1      ; GCLK_CLUSTER_RE_X58_Y0_N6_I12             ; GCLK_CLUSTER_RE          ;
;   0.779 ;   0.000 ;    ; RE   ; 1      ; CLKBUF_CLUSTER_RE_X58_Y0_N0_I417          ; CLKBUF_CLUSTER_RE        ;
;   1.285 ;   0.506 ;    ; RE   ; 16     ; GLOBAL_CLOCK_X0_Y58_N0_I6                 ; GLOBAL_CLOCK             ;
;   1.422 ;   0.137 ;    ; RE   ; 29     ; SPINE_CLOCK_X106_Y30_N0_I2                ; SPINE_CLOCK              ;
;   1.611 ;   0.189 ;    ; RE   ; 1      ; SCLK_TO_ROWCLK_BUF_X106_Y38_N0_I12        ; SCLK_TO_ROWCLK_BUF       ;
;   1.651 ;   0.040 ;    ; RE   ; 2      ; SCLK_TO_ROWCLK_BUF_X106_Y38_N0_I15        ; SCLK_TO_ROWCLK_BUF       ;
;   1.872 ;   0.221 ;    ; RE   ; 10     ; LAB_CLK_X107_Y38_N0_I2                    ; LAB_CLK                  ;
;   1.946 ;   0.074 ;    ; RE   ; 1      ; BLK_CLK_BUF_X121_Y38_N0_I2                ; BLK_CLK_BUF              ;
;   1.998 ;   0.052 ;    ; RE   ; 2      ; BLK_CLK_LIM_X121_Y38_N0_I2                ; BLK_CLK_LIM              ;
;   2.078 ;   0.080 ;    ; RE   ; 3      ; LOCAL_INTERCONNECT_X121_Y38_N0_I26        ; LAB_LINE                 ;
;   2.115 ;   0.037 ;    ; RE   ; 1      ; LEIMC_X121_Y38_N0_I4                      ; LEIMC                    ;
;   2.115 ;   0.000 ;    ; RE   ; 1      ; GLOBAL_LOCAL_SEL_X121_Y38_N0_I4           ; GLOBAL_LOCAL_SEL         ;
;   2.244 ;   0.129 ;    ; RE   ; 1      ; IO_RE_X121_Y38_N37_I11                    ; IO_RE                    ;
;   2.244 ;   0.000 ;    ; RE   ; 1      ; IO_OUTPUT_ENABLE_PATH_RE_X121_Y38_N41_I6  ; IO_OUTPUT_ENABLE_PATH_RE ;
;   2.244 ;   0.000 ;    ; RE   ; 1      ; IO_OUTPUT_ENABLE_PATH_RE_X121_Y38_N41_I22 ; IO_OUTPUT_ENABLE_PATH_RE ;
;   2.244 ;   0.000 ;    ; RE   ; 1      ; IO_OUTPUT_ENABLE_PATH_RE_X121_Y38_N41_I14 ; IO_OUTPUT_ENABLE_PATH_RE ;
;   2.244 ;   0.000 ;    ; RE   ; 1      ; IO_OUTPUT_PATH_RE_X121_Y38_N45_I5         ; IO_OUTPUT_PATH_RE        ;
;   2.244 ;   0.000 ;    ; RE   ; 1      ; MP_DDIO_OUT_INPUT_X121_Y38_N47_I0         ; MP_DDIO_OUT_INPUT        ;
;   2.244 ;   0.000 ; RR ; IC   ; 1      ; DDIOOUTCELL_X121_Y38_N47                  ; pc_debug[4]~reg0|clk     ;
;   2.622 ;   0.378 ; RR ; CELL ; 1      ; DDIOOUTCELL_X121_Y38_N47                  ; pc_debug[4]~reg0         ;
; 2.622   ; 0.000   ;    ;      ;        ;                                           ; clock uncertainty        ;
; 2.622   ; 0.000   ;    ; uTh  ; 1      ; DDIOOUTCELL_X121_Y38_N47                  ; pc_debug[4]~reg0         ;
+---------+---------+----+------+--------+-------------------------------------------+--------------------------+

----------------------------
; Extra Fitter Information ;
----------------------------
HTML report is unavailable in plain text report export.


Path #35: Removal slack is 0.757 
===============================================================================
+--------------------------------------+
; Path Summary                         ;
+--------------------+-----------------+
; Property           ; Value           ;
+--------------------+-----------------+
; From Node          ; rst_n           ;
; To Node            ; host_ready~reg0 ;
; Launch Clock       ; clk             ;
; Latch Clock        ; clk             ;
; Data Arrival Time  ; 3.350           ;
; Data Required Time ; 2.593           ;
; Slack              ; 0.757           ;
+--------------------+-----------------+

+---------------------------------------------------------------------------------------+
; Statistics                                                                            ;
+---------------------------+-------+-------+-------------+------------+--------+-------+
; Property                  ; Value ; Count ; Total Delay ; % of Total ; Min    ; Max   ;
+---------------------------+-------+-------+-------------+------------+--------+-------+
; Removal Relationship      ; 0.000 ;       ;             ;            ;        ;       ;
; Clock Skew                ; 2.593 ;       ;             ;            ;        ;       ;
; Data Delay                ; 2.850 ;       ;             ;            ;        ;       ;
; Number of Logic Levels    ;       ; 2     ;             ;            ;        ;       ;
; Physical Delays           ;       ;       ;             ;            ;        ;       ;
;  Arrival Path             ;       ;       ;             ;            ;        ;       ;
;   Clock                   ;       ;       ;             ;            ;        ;       ;
;    Clock Network (Lumped) ;       ; 1     ; 0.000       ;            ; 0.000  ; 0.000 ;
;   Data                    ;       ;       ;             ;            ;        ;       ;
;    IC                     ;       ; 3     ; 0.000       ; 0          ; 0.000  ; 0.000 ;
;    Cell                   ;       ; 3     ; 1.227       ; 43         ; 0.196  ; 0.781 ;
;    Routing Element        ;       ; 28    ; 1.623       ; 57         ; 0.000  ; 0.501 ;
;  Required Path            ;       ;       ;             ;            ;        ;       ;
;   Clock                   ;       ;       ;             ;            ;        ;       ;
;    IC                     ;       ; 3     ; -0.001      ; 0          ; -0.001 ; 0.000 ;
;    Cell                   ;       ; 3     ; 0.941       ; 36         ; 0.146  ; 0.417 ;
;    Routing Element        ;       ; 31    ; 1.653       ; 64         ; 0.000  ; 0.503 ;
+---------------------------+-------+-------+-------------+------------+--------+-------+
Note: Negative delays are omitted from totals when calculating percentages

+------------------------------------------------------------------------------------------------------------------+
; Data Arrival Path                                                                                                ;
+---------+---------+----+------+--------+---------------------------------------------+---------------------------+
; Total   ; Incr    ; RF ; Type ; Fanout ; Location                                    ; Element                   ;
+---------+---------+----+------+--------+---------------------------------------------+---------------------------+
; 0.000   ; 0.000   ;    ;      ;        ;                                             ; launch edge time          ;
; 0.000   ; 0.000   ;    ;      ;        ;                                             ; clock path                ;
;   0.000 ;   0.000 ; R  ;      ;        ;                                             ; clock network delay       ;
; 0.500   ; 0.500   ; R  ; iExt ; 1      ; PIN_V27                                     ; rst_n                     ;
; 3.350   ; 2.850   ;    ;      ;        ;                                             ; data path                 ;
;   0.500 ;   0.000 ;    ; RE   ; 1      ; IOPAD_X121_Y51_N60                          ; ARRIAV_IO_PAD             ;
;   0.500 ;   0.000 ;    ; RE   ; 1      ; IO_PAD_OUTPUT_X121_Y51_N60_I1               ; IO_PAD_OUTPUT             ;
;   0.500 ;   0.000 ;    ; RE   ; 1      ; IO_INPUT_BUFFER_INPUT_X121_Y51_N61_I0       ; IO_INPUT_BUFFER_INPUT     ;
;   0.500 ;   0.000 ; RR ; IC   ; 1      ; IOIBUF_X121_Y51_N61                         ; rst_n~input|i             ;
;   1.281 ;   0.781 ; RR ; CELL ; 1294   ; IOIBUF_X121_Y51_N61                         ; rst_n~input|o             ;
;   1.281 ;   0.000 ;    ; RE   ; 1      ; IOIBUF_X121_Y51_N61                         ; ARRIAV_IO_IBUF            ;
;   1.281 ;   0.000 ;    ; RE   ; 1      ; IO_INPUT_BUFFER_OUTPUT_X121_Y51_N61_I2      ; IO_INPUT_BUFFER_OUTPUT    ;
;   1.281 ;   0.000 ;    ; RE   ; 2      ; IO_RE_X121_Y51_N60_I96                      ; IO_RE                     ;
;   1.371 ;   0.090 ;    ; RE   ; 1      ; IO_RE_X121_Y51_N60_I66                      ; IO_RE                     ;
;   1.504 ;   0.133 ;    ; RE   ; 1      ; CLKBUF_CLUSTER_RE_X121_Y56_N3_I421          ; CLKBUF_CLUSTER_RE         ;
;   1.504 ;   0.000 ;    ; RE   ; 1      ; CLKBUF_CLUSTER_RE_X121_Y56_N3_I772          ; CLKBUF_CLUSTER_RE         ;
;   1.504 ;   0.000 ;    ; RE   ; 1      ; CLKBUF_CLUSTER_RE_X121_Y56_N3_I557          ; CLKBUF_CLUSTER_RE         ;
;   1.504 ;   0.000 ;    ; RE   ; 1      ; GCLK_CLUSTER_RE_X121_Y56_N6_I10             ; GCLK_CLUSTER_RE           ;
;   1.504 ;   0.000 ;    ; RE   ; 1      ; CLKBUFBLOCK_INPUT_X121_Y56_N7_I0            ; CLKBUFBLOCK_INPUT         ;
;   1.504 ;   0.000 ; RR ; IC   ; 1      ; CLKCTRL_G9                                  ; rst_n~inputCLKENA0|inclk  ;
;   1.700 ;   0.196 ; RR ; CELL ; 2145   ; CLKCTRL_G9                                  ; rst_n~inputCLKENA0|outclk ;
;   1.700 ;   0.000 ;    ; RE   ; 1      ; CLKCTRL_G9                                  ; ARRIAV_CLKBUF             ;
;   1.700 ;   0.000 ;    ; RE   ; 1      ; CLKBUFBLOCK_OUTPUT_X121_Y56_N7_I2           ; CLKBUFBLOCK_OUTPUT        ;
;   1.700 ;   0.000 ;    ; RE   ; 1      ; GCLK_CLUSTER_RE_X121_Y56_N6_I12             ; GCLK_CLUSTER_RE           ;
;   1.700 ;   0.000 ;    ; RE   ; 1      ; CLKBUF_CLUSTER_RE_X121_Y56_N3_I416          ; CLKBUF_CLUSTER_RE         ;
;   2.201 ;   0.501 ;    ; RE   ; 16     ; GLOBAL_CLOCK_X0_Y58_N0_I9                   ; GLOBAL_CLOCK              ;
;   2.322 ;   0.121 ;    ; RE   ; 18     ; SPINE_CLOCK_X106_Y59_N0_I7                  ; SPINE_CLOCK               ;
;   2.506 ;   0.184 ;    ; RE   ; 1      ; SCLK_TO_ROWCLK_BUF_X106_Y77_N0_I43          ; SCLK_TO_ROWCLK_BUF        ;
;   2.545 ;   0.039 ;    ; RE   ; 1      ; SCLK_TO_ROWCLK_BUF_X106_Y77_N0_I47          ; SCLK_TO_ROWCLK_BUF        ;
;   2.760 ;   0.215 ;    ; RE   ; 1      ; LAB_CLK_X107_Y77_N0_I4                      ; LAB_CLK                   ;
;   2.829 ;   0.069 ;    ; RE   ; 1      ; BLK_CLK_BUF_X121_Y77_N0_I4                  ; BLK_CLK_BUF               ;
;   2.870 ;   0.041 ;    ; RE   ; 1      ; BLK_CLK_LIM_X121_Y77_N0_I4                  ; BLK_CLK_LIM               ;
;   2.955 ;   0.085 ;    ; RE   ; 1      ; LOCAL_INTERCONNECT_X121_Y77_N0_I71          ; LAB_LINE                  ;
;   2.985 ;   0.030 ;    ; RE   ; 1      ; BLOCK_INPUT_MUX_PASSTHROUGH_X121_Y77_N0_I38 ; LEIM                      ;
;   3.100 ;   0.115 ;    ; RE   ; 1      ; IO_RE_X121_Y77_N20_I5                       ; IO_RE                     ;
;   3.100 ;   0.000 ;    ; RE   ; 1      ; IO_OUTPUT_PATH_RE_X121_Y77_N28_I9           ; IO_OUTPUT_PATH_RE         ;
;   3.100 ;   0.000 ;    ; RE   ; 1      ; MP_DDIO_OUT_INPUT_X121_Y77_N30_I3           ; MP_DDIO_OUT_INPUT         ;
;   3.100 ;   0.000 ; RR ; IC   ; 1      ; DDIOOUTCELL_X121_Y77_N30                    ; host_ready~reg0|clrn      ;
;   3.350 ;   0.250 ; RR ; CELL ; 1      ; DDIOOUTCELL_X121_Y77_N30                    ; host_ready~reg0           ;
+---------+---------+----+------+--------+---------------------------------------------+---------------------------+

+----------------------------------------------------------------------------------------------------------------+
; Data Required Path                                                                                             ;
+---------+----------+----+------+--------+-------------------------------------------+--------------------------+
; Total   ; Incr     ; RF ; Type ; Fanout ; Location                                  ; Element                  ;
+---------+----------+----+------+--------+-------------------------------------------+--------------------------+
; 0.000   ; 0.000    ;    ;      ;        ;                                           ; latch edge time          ;
; 2.593   ; 2.593    ;    ;      ;        ;                                           ; clock path               ;
;   0.000 ;   0.000  ;    ;      ;        ;                                           ; source latency           ;
;   0.000 ;   0.000  ;    ;      ; 1      ; PIN_AC18                                  ; clk                      ;
;   0.000 ;   0.000  ;    ; RE   ; 1      ; IOPAD_X54_Y0_N0                           ; ARRIAV_IO_PAD            ;
;   0.000 ;   0.000  ;    ; RE   ; 1      ; IO_PAD_OUTPUT_X54_Y0_N0_I1                ; IO_PAD_OUTPUT            ;
;   0.000 ;   0.000  ;    ; RE   ; 1      ; IO_INPUT_BUFFER_INPUT_X54_Y0_N1_I0        ; IO_INPUT_BUFFER_INPUT    ;
;   0.000 ;   0.000  ; RR ; IC   ; 1      ; IOIBUF_X54_Y0_N1                          ; clk~input|i              ;
;   0.417 ;   0.417  ; RR ; CELL ; 1      ; IOIBUF_X54_Y0_N1                          ; clk~input|o              ;
;   0.417 ;   0.000  ;    ; RE   ; 1      ; IOIBUF_X54_Y0_N1                          ; ARRIAV_IO_IBUF           ;
;   0.417 ;   0.000  ;    ; RE   ; 1      ; IO_INPUT_BUFFER_OUTPUT_X54_Y0_N1_I2       ; IO_INPUT_BUFFER_OUTPUT   ;
;   0.417 ;   0.000  ;    ; RE   ; 1      ; IO_RE_X54_Y0_N0_I96                       ; IO_RE                    ;
;   0.552 ;   0.135  ;    ; RE   ; 1      ; IO_RE_X54_Y0_N0_I66                       ; IO_RE                    ;
;   0.633 ;   0.081  ;    ; RE   ; 1      ; CLKBUF_CLUSTER_RE_X58_Y0_N0_I1614         ; CLKBUF_CLUSTER_RE        ;
;   0.633 ;   0.000  ;    ; RE   ; 1      ; CLKBUF_CLUSTER_RE_X58_Y0_N0_I616          ; CLKBUF_CLUSTER_RE        ;
;   0.633 ;   0.000  ;    ; RE   ; 1      ; GCLK_CLUSTER_RE_X58_Y0_N6_I10             ; GCLK_CLUSTER_RE          ;
;   0.633 ;   0.000  ;    ; RE   ; 1      ; CLKBUFBLOCK_INPUT_X58_Y0_N7_I0            ; CLKBUFBLOCK_INPUT        ;
;   0.633 ;   0.000  ; RR ; IC   ; 1      ; CLKCTRL_G6                                ; clk~inputCLKENA0|inclk   ;
;   0.779 ;   0.146  ; RR ; CELL ; 37157  ; CLKCTRL_G6                                ; clk~inputCLKENA0|outclk  ;
;   0.779 ;   0.000  ;    ; RE   ; 1      ; CLKCTRL_G6                                ; ARRIAV_CLKBUF            ;
;   0.779 ;   0.000  ;    ; RE   ; 1      ; CLKBUFBLOCK_OUTPUT_X58_Y0_N7_I2           ; CLKBUFBLOCK_OUTPUT       ;
;   0.779 ;   0.000  ;    ; RE   ; 1      ; GCLK_CLUSTER_RE_X58_Y0_N6_I12             ; GCLK_CLUSTER_RE          ;
;   0.779 ;   0.000  ;    ; RE   ; 1      ; CLKBUF_CLUSTER_RE_X58_Y0_N0_I417          ; CLKBUF_CLUSTER_RE        ;
;   1.282 ;   0.503  ;    ; RE   ; 16     ; GLOBAL_CLOCK_X0_Y58_N0_I6                 ; GLOBAL_CLOCK             ;
;   1.406 ;   0.124  ;    ; RE   ; 29     ; SPINE_CLOCK_X106_Y59_N0_I2                ; SPINE_CLOCK              ;
;   1.595 ;   0.189  ;    ; RE   ; 1      ; SCLK_TO_ROWCLK_BUF_X106_Y77_N0_I12        ; SCLK_TO_ROWCLK_BUF       ;
;   1.635 ;   0.040  ;    ; RE   ; 2      ; SCLK_TO_ROWCLK_BUF_X106_Y77_N0_I15        ; SCLK_TO_ROWCLK_BUF       ;
;   1.856 ;   0.221  ;    ; RE   ; 2      ; LAB_CLK_X107_Y77_N0_I2                    ; LAB_CLK                  ;
;   1.930 ;   0.074  ;    ; RE   ; 1      ; BLK_CLK_BUF_X121_Y77_N0_I2                ; BLK_CLK_BUF              ;
;   1.974 ;   0.044  ;    ; RE   ; 1      ; BLK_CLK_LIM_X121_Y77_N0_I2                ; BLK_CLK_LIM              ;
;   2.052 ;   0.078  ;    ; RE   ; 1      ; LOCAL_INTERCONNECT_X121_Y77_N0_I26        ; LAB_LINE                 ;
;   2.089 ;   0.037  ;    ; RE   ; 1      ; LEIMC_X121_Y77_N0_I13                     ; LEIMC                    ;
;   2.089 ;   0.000  ;    ; RE   ; 1      ; GLOBAL_LOCAL_SEL_X121_Y77_N0_I8           ; GLOBAL_LOCAL_SEL         ;
;   2.216 ;   0.127  ;    ; RE   ; 1      ; IO_RE_X121_Y77_N20_I11                    ; IO_RE                    ;
;   2.216 ;   0.000  ;    ; RE   ; 1      ; IO_OUTPUT_ENABLE_PATH_RE_X121_Y77_N24_I6  ; IO_OUTPUT_ENABLE_PATH_RE ;
;   2.216 ;   0.000  ;    ; RE   ; 1      ; IO_OUTPUT_ENABLE_PATH_RE_X121_Y77_N24_I22 ; IO_OUTPUT_ENABLE_PATH_RE ;
;   2.216 ;   0.000  ;    ; RE   ; 1      ; IO_OUTPUT_ENABLE_PATH_RE_X121_Y77_N24_I14 ; IO_OUTPUT_ENABLE_PATH_RE ;
;   2.216 ;   0.000  ;    ; RE   ; 1      ; IO_OUTPUT_PATH_RE_X121_Y77_N28_I5         ; IO_OUTPUT_PATH_RE        ;
;   2.216 ;   0.000  ;    ; RE   ; 1      ; MP_DDIO_OUT_INPUT_X121_Y77_N30_I0         ; MP_DDIO_OUT_INPUT        ;
;   2.215 ;   -0.001 ; RR ; IC   ; 1      ; DDIOOUTCELL_X121_Y77_N30                  ; host_ready~reg0|clk      ;
;   2.593 ;   0.378  ; RR ; CELL ; 1      ; DDIOOUTCELL_X121_Y77_N30                  ; host_ready~reg0          ;
; 2.593   ; 0.000    ;    ;      ;        ;                                           ; clock uncertainty        ;
; 2.593   ; 0.000    ;    ; uTh  ; 1      ; DDIOOUTCELL_X121_Y77_N30                  ; host_ready~reg0          ;
+---------+----------+----+------+--------+-------------------------------------------+--------------------------+

----------------------------
; Extra Fitter Information ;
----------------------------
HTML report is unavailable in plain text report export.


Path #36: Removal slack is 0.757 
===============================================================================
+------------------------------------------+
; Path Summary                             ;
+--------------------+---------------------+
; Property           ; Value               ;
+--------------------+---------------------+
; From Node          ; rst_n               ;
; To Node            ; host_rdata[14]~reg0 ;
; Launch Clock       ; clk                 ;
; Latch Clock        ; clk                 ;
; Data Arrival Time  ; 3.378               ;
; Data Required Time ; 2.621               ;
; Slack              ; 0.757               ;
+--------------------+---------------------+

+--------------------------------------------------------------------------------------+
; Statistics                                                                           ;
+---------------------------+-------+-------+-------------+------------+-------+-------+
; Property                  ; Value ; Count ; Total Delay ; % of Total ; Min   ; Max   ;
+---------------------------+-------+-------+-------------+------------+-------+-------+
; Removal Relationship      ; 0.000 ;       ;             ;            ;       ;       ;
; Clock Skew                ; 2.621 ;       ;             ;            ;       ;       ;
; Data Delay                ; 2.878 ;       ;             ;            ;       ;       ;
; Number of Logic Levels    ;       ; 2     ;             ;            ;       ;       ;
; Physical Delays           ;       ;       ;             ;            ;       ;       ;
;  Arrival Path             ;       ;       ;             ;            ;       ;       ;
;   Clock                   ;       ;       ;             ;            ;       ;       ;
;    Clock Network (Lumped) ;       ; 1     ; 0.000       ;            ; 0.000 ; 0.000 ;
;   Data                    ;       ;       ;             ;            ;       ;       ;
;    IC                     ;       ; 3     ; 0.001       ; 0          ; 0.000 ; 0.001 ;
;    Cell                   ;       ; 3     ; 1.227       ; 43         ; 0.196 ; 0.781 ;
;    Routing Element        ;       ; 28    ; 1.650       ; 57         ; 0.000 ; 0.501 ;
;  Required Path            ;       ;       ;             ;            ;       ;       ;
;   Clock                   ;       ;       ;             ;            ;       ;       ;
;    IC                     ;       ; 3     ; 0.001       ; 0          ; 0.000 ; 0.001 ;
;    Cell                   ;       ; 3     ; 0.941       ; 36         ; 0.146 ; 0.417 ;
;    Routing Element        ;       ; 31    ; 1.679       ; 64         ; 0.000 ; 0.503 ;
+---------------------------+-------+-------+-------------+------------+-------+-------+
Note: Negative delays are omitted from totals when calculating percentages

+------------------------------------------------------------------------------------------------------------------+
; Data Arrival Path                                                                                                ;
+---------+---------+----+------+--------+---------------------------------------------+---------------------------+
; Total   ; Incr    ; RF ; Type ; Fanout ; Location                                    ; Element                   ;
+---------+---------+----+------+--------+---------------------------------------------+---------------------------+
; 0.000   ; 0.000   ;    ;      ;        ;                                             ; launch edge time          ;
; 0.000   ; 0.000   ;    ;      ;        ;                                             ; clock path                ;
;   0.000 ;   0.000 ; R  ;      ;        ;                                             ; clock network delay       ;
; 0.500   ; 0.500   ; R  ; iExt ; 1      ; PIN_V27                                     ; rst_n                     ;
; 3.378   ; 2.878   ;    ;      ;        ;                                             ; data path                 ;
;   0.500 ;   0.000 ;    ; RE   ; 1      ; IOPAD_X121_Y51_N60                          ; ARRIAV_IO_PAD             ;
;   0.500 ;   0.000 ;    ; RE   ; 1      ; IO_PAD_OUTPUT_X121_Y51_N60_I1               ; IO_PAD_OUTPUT             ;
;   0.500 ;   0.000 ;    ; RE   ; 1      ; IO_INPUT_BUFFER_INPUT_X121_Y51_N61_I0       ; IO_INPUT_BUFFER_INPUT     ;
;   0.500 ;   0.000 ; RR ; IC   ; 1      ; IOIBUF_X121_Y51_N61                         ; rst_n~input|i             ;
;   1.281 ;   0.781 ; RR ; CELL ; 1294   ; IOIBUF_X121_Y51_N61                         ; rst_n~input|o             ;
;   1.281 ;   0.000 ;    ; RE   ; 1      ; IOIBUF_X121_Y51_N61                         ; ARRIAV_IO_IBUF            ;
;   1.281 ;   0.000 ;    ; RE   ; 1      ; IO_INPUT_BUFFER_OUTPUT_X121_Y51_N61_I2      ; IO_INPUT_BUFFER_OUTPUT    ;
;   1.281 ;   0.000 ;    ; RE   ; 2      ; IO_RE_X121_Y51_N60_I96                      ; IO_RE                     ;
;   1.371 ;   0.090 ;    ; RE   ; 1      ; IO_RE_X121_Y51_N60_I66                      ; IO_RE                     ;
;   1.504 ;   0.133 ;    ; RE   ; 1      ; CLKBUF_CLUSTER_RE_X121_Y56_N3_I421          ; CLKBUF_CLUSTER_RE         ;
;   1.504 ;   0.000 ;    ; RE   ; 1      ; CLKBUF_CLUSTER_RE_X121_Y56_N3_I772          ; CLKBUF_CLUSTER_RE         ;
;   1.504 ;   0.000 ;    ; RE   ; 1      ; CLKBUF_CLUSTER_RE_X121_Y56_N3_I557          ; CLKBUF_CLUSTER_RE         ;
;   1.504 ;   0.000 ;    ; RE   ; 1      ; GCLK_CLUSTER_RE_X121_Y56_N6_I10             ; GCLK_CLUSTER_RE           ;
;   1.504 ;   0.000 ;    ; RE   ; 1      ; CLKBUFBLOCK_INPUT_X121_Y56_N7_I0            ; CLKBUFBLOCK_INPUT         ;
;   1.504 ;   0.000 ; RR ; IC   ; 1      ; CLKCTRL_G9                                  ; rst_n~inputCLKENA0|inclk  ;
;   1.700 ;   0.196 ; RR ; CELL ; 2145   ; CLKCTRL_G9                                  ; rst_n~inputCLKENA0|outclk ;
;   1.700 ;   0.000 ;    ; RE   ; 1      ; CLKCTRL_G9                                  ; ARRIAV_CLKBUF             ;
;   1.700 ;   0.000 ;    ; RE   ; 1      ; CLKBUFBLOCK_OUTPUT_X121_Y56_N7_I2           ; CLKBUFBLOCK_OUTPUT        ;
;   1.700 ;   0.000 ;    ; RE   ; 1      ; GCLK_CLUSTER_RE_X121_Y56_N6_I12             ; GCLK_CLUSTER_RE           ;
;   1.700 ;   0.000 ;    ; RE   ; 1      ; CLKBUF_CLUSTER_RE_X121_Y56_N3_I416          ; CLKBUF_CLUSTER_RE         ;
;   2.201 ;   0.501 ;    ; RE   ; 16     ; GLOBAL_CLOCK_X0_Y58_N0_I9                   ; GLOBAL_CLOCK              ;
;   2.332 ;   0.131 ;    ; RE   ; 18     ; SPINE_CLOCK_X106_Y59_N0_I7                  ; SPINE_CLOCK               ;
;   2.516 ;   0.184 ;    ; RE   ; 1      ; SCLK_TO_ROWCLK_BUF_X106_Y70_N0_I43          ; SCLK_TO_ROWCLK_BUF        ;
;   2.555 ;   0.039 ;    ; RE   ; 2      ; SCLK_TO_ROWCLK_BUF_X106_Y70_N0_I46          ; SCLK_TO_ROWCLK_BUF        ;
;   2.770 ;   0.215 ;    ; RE   ; 1      ; LAB_CLK_X107_Y70_N0_I5                      ; LAB_CLK                   ;
;   2.839 ;   0.069 ;    ; RE   ; 1      ; BLK_CLK_BUF_X121_Y70_N0_I5                  ; BLK_CLK_BUF               ;
;   2.888 ;   0.049 ;    ; RE   ; 2      ; BLK_CLK_LIM_X121_Y70_N0_I5                  ; BLK_CLK_LIM               ;
;   2.980 ;   0.092 ;    ; RE   ; 3      ; LOCAL_INTERCONNECT_X121_Y70_N0_I71          ; LAB_LINE                  ;
;   3.010 ;   0.030 ;    ; RE   ; 1      ; BLOCK_INPUT_MUX_PASSTHROUGH_X121_Y70_N0_I38 ; LEIM                      ;
;   3.127 ;   0.117 ;    ; RE   ; 1      ; IO_RE_X121_Y70_N20_I5                       ; IO_RE                     ;
;   3.127 ;   0.000 ;    ; RE   ; 1      ; IO_OUTPUT_PATH_RE_X121_Y70_N28_I9           ; IO_OUTPUT_PATH_RE         ;
;   3.127 ;   0.000 ;    ; RE   ; 1      ; MP_DDIO_OUT_INPUT_X121_Y70_N30_I3           ; MP_DDIO_OUT_INPUT         ;
;   3.128 ;   0.001 ; RR ; IC   ; 1      ; DDIOOUTCELL_X121_Y70_N30                    ; host_rdata[14]~reg0|clrn  ;
;   3.378 ;   0.250 ; RR ; CELL ; 1      ; DDIOOUTCELL_X121_Y70_N30                    ; host_rdata[14]~reg0       ;
+---------+---------+----+------+--------+---------------------------------------------+---------------------------+

+---------------------------------------------------------------------------------------------------------------+
; Data Required Path                                                                                            ;
+---------+---------+----+------+--------+-------------------------------------------+--------------------------+
; Total   ; Incr    ; RF ; Type ; Fanout ; Location                                  ; Element                  ;
+---------+---------+----+------+--------+-------------------------------------------+--------------------------+
; 0.000   ; 0.000   ;    ;      ;        ;                                           ; latch edge time          ;
; 2.621   ; 2.621   ;    ;      ;        ;                                           ; clock path               ;
;   0.000 ;   0.000 ;    ;      ;        ;                                           ; source latency           ;
;   0.000 ;   0.000 ;    ;      ; 1      ; PIN_AC18                                  ; clk                      ;
;   0.000 ;   0.000 ;    ; RE   ; 1      ; IOPAD_X54_Y0_N0                           ; ARRIAV_IO_PAD            ;
;   0.000 ;   0.000 ;    ; RE   ; 1      ; IO_PAD_OUTPUT_X54_Y0_N0_I1                ; IO_PAD_OUTPUT            ;
;   0.000 ;   0.000 ;    ; RE   ; 1      ; IO_INPUT_BUFFER_INPUT_X54_Y0_N1_I0        ; IO_INPUT_BUFFER_INPUT    ;
;   0.000 ;   0.000 ; RR ; IC   ; 1      ; IOIBUF_X54_Y0_N1                          ; clk~input|i              ;
;   0.417 ;   0.417 ; RR ; CELL ; 1      ; IOIBUF_X54_Y0_N1                          ; clk~input|o              ;
;   0.417 ;   0.000 ;    ; RE   ; 1      ; IOIBUF_X54_Y0_N1                          ; ARRIAV_IO_IBUF           ;
;   0.417 ;   0.000 ;    ; RE   ; 1      ; IO_INPUT_BUFFER_OUTPUT_X54_Y0_N1_I2       ; IO_INPUT_BUFFER_OUTPUT   ;
;   0.417 ;   0.000 ;    ; RE   ; 1      ; IO_RE_X54_Y0_N0_I96                       ; IO_RE                    ;
;   0.552 ;   0.135 ;    ; RE   ; 1      ; IO_RE_X54_Y0_N0_I66                       ; IO_RE                    ;
;   0.633 ;   0.081 ;    ; RE   ; 1      ; CLKBUF_CLUSTER_RE_X58_Y0_N0_I1614         ; CLKBUF_CLUSTER_RE        ;
;   0.633 ;   0.000 ;    ; RE   ; 1      ; CLKBUF_CLUSTER_RE_X58_Y0_N0_I616          ; CLKBUF_CLUSTER_RE        ;
;   0.633 ;   0.000 ;    ; RE   ; 1      ; GCLK_CLUSTER_RE_X58_Y0_N6_I10             ; GCLK_CLUSTER_RE          ;
;   0.633 ;   0.000 ;    ; RE   ; 1      ; CLKBUFBLOCK_INPUT_X58_Y0_N7_I0            ; CLKBUFBLOCK_INPUT        ;
;   0.633 ;   0.000 ; RR ; IC   ; 1      ; CLKCTRL_G6                                ; clk~inputCLKENA0|inclk   ;
;   0.779 ;   0.146 ; RR ; CELL ; 37157  ; CLKCTRL_G6                                ; clk~inputCLKENA0|outclk  ;
;   0.779 ;   0.000 ;    ; RE   ; 1      ; CLKCTRL_G6                                ; ARRIAV_CLKBUF            ;
;   0.779 ;   0.000 ;    ; RE   ; 1      ; CLKBUFBLOCK_OUTPUT_X58_Y0_N7_I2           ; CLKBUFBLOCK_OUTPUT       ;
;   0.779 ;   0.000 ;    ; RE   ; 1      ; GCLK_CLUSTER_RE_X58_Y0_N6_I12             ; GCLK_CLUSTER_RE          ;
;   0.779 ;   0.000 ;    ; RE   ; 1      ; CLKBUF_CLUSTER_RE_X58_Y0_N0_I417          ; CLKBUF_CLUSTER_RE        ;
;   1.282 ;   0.503 ;    ; RE   ; 16     ; GLOBAL_CLOCK_X0_Y58_N0_I6                 ; GLOBAL_CLOCK             ;
;   1.417 ;   0.135 ;    ; RE   ; 29     ; SPINE_CLOCK_X106_Y59_N0_I2                ; SPINE_CLOCK              ;
;   1.606 ;   0.189 ;    ; RE   ; 1      ; SCLK_TO_ROWCLK_BUF_X106_Y70_N0_I12        ; SCLK_TO_ROWCLK_BUF       ;
;   1.646 ;   0.040 ;    ; RE   ; 2      ; SCLK_TO_ROWCLK_BUF_X106_Y70_N0_I15        ; SCLK_TO_ROWCLK_BUF       ;
;   1.867 ;   0.221 ;    ; RE   ; 2      ; LAB_CLK_X107_Y70_N0_I2                    ; LAB_CLK                  ;
;   1.941 ;   0.074 ;    ; RE   ; 1      ; BLK_CLK_BUF_X121_Y70_N0_I2                ; BLK_CLK_BUF              ;
;   1.993 ;   0.052 ;    ; RE   ; 2      ; BLK_CLK_LIM_X121_Y70_N0_I2                ; BLK_CLK_LIM              ;
;   2.078 ;   0.085 ;    ; RE   ; 3      ; LOCAL_INTERCONNECT_X121_Y70_N0_I26        ; LAB_LINE                 ;
;   2.115 ;   0.037 ;    ; RE   ; 1      ; LEIMC_X121_Y70_N0_I13                     ; LEIMC                    ;
;   2.115 ;   0.000 ;    ; RE   ; 1      ; GLOBAL_LOCAL_SEL_X121_Y70_N0_I8           ; GLOBAL_LOCAL_SEL         ;
;   2.242 ;   0.127 ;    ; RE   ; 1      ; IO_RE_X121_Y70_N20_I11                    ; IO_RE                    ;
;   2.242 ;   0.000 ;    ; RE   ; 1      ; IO_OUTPUT_ENABLE_PATH_RE_X121_Y70_N24_I6  ; IO_OUTPUT_ENABLE_PATH_RE ;
;   2.242 ;   0.000 ;    ; RE   ; 1      ; IO_OUTPUT_ENABLE_PATH_RE_X121_Y70_N24_I22 ; IO_OUTPUT_ENABLE_PATH_RE ;
;   2.242 ;   0.000 ;    ; RE   ; 1      ; IO_OUTPUT_ENABLE_PATH_RE_X121_Y70_N24_I14 ; IO_OUTPUT_ENABLE_PATH_RE ;
;   2.242 ;   0.000 ;    ; RE   ; 1      ; IO_OUTPUT_PATH_RE_X121_Y70_N28_I5         ; IO_OUTPUT_PATH_RE        ;
;   2.242 ;   0.000 ;    ; RE   ; 1      ; MP_DDIO_OUT_INPUT_X121_Y70_N30_I0         ; MP_DDIO_OUT_INPUT        ;
;   2.243 ;   0.001 ; RR ; IC   ; 1      ; DDIOOUTCELL_X121_Y70_N30                  ; host_rdata[14]~reg0|clk  ;
;   2.621 ;   0.378 ; RR ; CELL ; 1      ; DDIOOUTCELL_X121_Y70_N30                  ; host_rdata[14]~reg0      ;
; 2.621   ; 0.000   ;    ;      ;        ;                                           ; clock uncertainty        ;
; 2.621   ; 0.000   ;    ; uTh  ; 1      ; DDIOOUTCELL_X121_Y70_N30                  ; host_rdata[14]~reg0      ;
+---------+---------+----+------+--------+-------------------------------------------+--------------------------+

----------------------------
; Extra Fitter Information ;
----------------------------
HTML report is unavailable in plain text report export.


Path #37: Removal slack is 0.758 
===============================================================================
+------------------------------------------+
; Path Summary                             ;
+--------------------+---------------------+
; Property           ; Value               ;
+--------------------+---------------------+
; From Node          ; rst_n               ;
; To Node            ; instr_debug[7]~reg0 ;
; Launch Clock       ; clk                 ;
; Latch Clock        ; clk                 ;
; Data Arrival Time  ; 3.368               ;
; Data Required Time ; 2.610               ;
; Slack              ; 0.758               ;
+--------------------+---------------------+

+---------------------------------------------------------------------------------------+
; Statistics                                                                            ;
+---------------------------+-------+-------+-------------+------------+--------+-------+
; Property                  ; Value ; Count ; Total Delay ; % of Total ; Min    ; Max   ;
+---------------------------+-------+-------+-------------+------------+--------+-------+
; Removal Relationship      ; 0.000 ;       ;             ;            ;        ;       ;
; Clock Skew                ; 2.610 ;       ;             ;            ;        ;       ;
; Data Delay                ; 2.868 ;       ;             ;            ;        ;       ;
; Number of Logic Levels    ;       ; 2     ;             ;            ;        ;       ;
; Physical Delays           ;       ;       ;             ;            ;        ;       ;
;  Arrival Path             ;       ;       ;             ;            ;        ;       ;
;   Clock                   ;       ;       ;             ;            ;        ;       ;
;    Clock Network (Lumped) ;       ; 1     ; 0.000       ;            ; 0.000  ; 0.000 ;
;   Data                    ;       ;       ;             ;            ;        ;       ;
;    IC                     ;       ; 3     ; -0.001      ; 0          ; -0.001 ; 0.000 ;
;    Cell                   ;       ; 3     ; 1.227       ; 43         ; 0.196  ; 0.781 ;
;    Routing Element        ;       ; 28    ; 1.642       ; 57         ; 0.000  ; 0.518 ;
;  Required Path            ;       ;       ;             ;            ;        ;       ;
;   Clock                   ;       ;       ;             ;            ;        ;       ;
;    IC                     ;       ; 3     ; 0.000       ; 0          ; 0.000  ; 0.000 ;
;    Cell                   ;       ; 3     ; 0.941       ; 36         ; 0.146  ; 0.417 ;
;    Routing Element        ;       ; 31    ; 1.669       ; 64         ; 0.000  ; 0.506 ;
+---------------------------+-------+-------+-------------+------------+--------+-------+
Note: Negative delays are omitted from totals when calculating percentages

+-------------------------------------------------------------------------------------------------------------------+
; Data Arrival Path                                                                                                 ;
+---------+----------+----+------+--------+---------------------------------------------+---------------------------+
; Total   ; Incr     ; RF ; Type ; Fanout ; Location                                    ; Element                   ;
+---------+----------+----+------+--------+---------------------------------------------+---------------------------+
; 0.000   ; 0.000    ;    ;      ;        ;                                             ; launch edge time          ;
; 0.000   ; 0.000    ;    ;      ;        ;                                             ; clock path                ;
;   0.000 ;   0.000  ; R  ;      ;        ;                                             ; clock network delay       ;
; 0.500   ; 0.500    ; R  ; iExt ; 1      ; PIN_V27                                     ; rst_n                     ;
; 3.368   ; 2.868    ;    ;      ;        ;                                             ; data path                 ;
;   0.500 ;   0.000  ;    ; RE   ; 1      ; IOPAD_X121_Y51_N60                          ; ARRIAV_IO_PAD             ;
;   0.500 ;   0.000  ;    ; RE   ; 1      ; IO_PAD_OUTPUT_X121_Y51_N60_I1               ; IO_PAD_OUTPUT             ;
;   0.500 ;   0.000  ;    ; RE   ; 1      ; IO_INPUT_BUFFER_INPUT_X121_Y51_N61_I0       ; IO_INPUT_BUFFER_INPUT     ;
;   0.500 ;   0.000  ; RR ; IC   ; 1      ; IOIBUF_X121_Y51_N61                         ; rst_n~input|i             ;
;   1.281 ;   0.781  ; RR ; CELL ; 1294   ; IOIBUF_X121_Y51_N61                         ; rst_n~input|o             ;
;   1.281 ;   0.000  ;    ; RE   ; 1      ; IOIBUF_X121_Y51_N61                         ; ARRIAV_IO_IBUF            ;
;   1.281 ;   0.000  ;    ; RE   ; 1      ; IO_INPUT_BUFFER_OUTPUT_X121_Y51_N61_I2      ; IO_INPUT_BUFFER_OUTPUT    ;
;   1.281 ;   0.000  ;    ; RE   ; 2      ; IO_RE_X121_Y51_N60_I96                      ; IO_RE                     ;
;   1.371 ;   0.090  ;    ; RE   ; 1      ; IO_RE_X121_Y51_N60_I66                      ; IO_RE                     ;
;   1.504 ;   0.133  ;    ; RE   ; 1      ; CLKBUF_CLUSTER_RE_X121_Y56_N3_I421          ; CLKBUF_CLUSTER_RE         ;
;   1.504 ;   0.000  ;    ; RE   ; 1      ; CLKBUF_CLUSTER_RE_X121_Y56_N3_I772          ; CLKBUF_CLUSTER_RE         ;
;   1.504 ;   0.000  ;    ; RE   ; 1      ; CLKBUF_CLUSTER_RE_X121_Y56_N3_I557          ; CLKBUF_CLUSTER_RE         ;
;   1.504 ;   0.000  ;    ; RE   ; 1      ; GCLK_CLUSTER_RE_X121_Y56_N6_I10             ; GCLK_CLUSTER_RE           ;
;   1.504 ;   0.000  ;    ; RE   ; 1      ; CLKBUFBLOCK_INPUT_X121_Y56_N7_I0            ; CLKBUFBLOCK_INPUT         ;
;   1.504 ;   0.000  ; RR ; IC   ; 1      ; CLKCTRL_G9                                  ; rst_n~inputCLKENA0|inclk  ;
;   1.700 ;   0.196  ; RR ; CELL ; 2145   ; CLKCTRL_G9                                  ; rst_n~inputCLKENA0|outclk ;
;   1.700 ;   0.000  ;    ; RE   ; 1      ; CLKCTRL_G9                                  ; ARRIAV_CLKBUF             ;
;   1.700 ;   0.000  ;    ; RE   ; 1      ; CLKBUFBLOCK_OUTPUT_X121_Y56_N7_I2           ; CLKBUFBLOCK_OUTPUT        ;
;   1.700 ;   0.000  ;    ; RE   ; 1      ; GCLK_CLUSTER_RE_X121_Y56_N6_I12             ; GCLK_CLUSTER_RE           ;
;   1.700 ;   0.000  ;    ; RE   ; 1      ; CLKBUF_CLUSTER_RE_X121_Y56_N3_I416          ; CLKBUF_CLUSTER_RE         ;
;   2.218 ;   0.518  ;    ; RE   ; 16     ; GLOBAL_CLOCK_X0_Y58_N0_I9                   ; GLOBAL_CLOCK              ;
;   2.341 ;   0.123  ;    ; RE   ; 25     ; SPINE_CLOCK_X106_Y30_N0_I7                  ; SPINE_CLOCK               ;
;   2.525 ;   0.184  ;    ; RE   ; 1      ; SCLK_TO_ROWCLK_BUF_X106_Y48_N0_I43          ; SCLK_TO_ROWCLK_BUF        ;
;   2.565 ;   0.040  ;    ; RE   ; 2      ; SCLK_TO_ROWCLK_BUF_X106_Y48_N0_I46          ; SCLK_TO_ROWCLK_BUF        ;
;   2.780 ;   0.215  ;    ; RE   ; 7      ; LAB_CLK_X107_Y48_N0_I5                      ; LAB_CLK                   ;
;   2.849 ;   0.069  ;    ; RE   ; 1      ; BLK_CLK_BUF_X121_Y48_N0_I5                  ; BLK_CLK_BUF               ;
;   2.898 ;   0.049  ;    ; RE   ; 2      ; BLK_CLK_LIM_X121_Y48_N0_I5                  ; BLK_CLK_LIM               ;
;   2.974 ;   0.076  ;    ; RE   ; 3      ; LOCAL_INTERCONNECT_X121_Y48_N0_I71          ; LAB_LINE                  ;
;   3.004 ;   0.030  ;    ; RE   ; 1      ; BLOCK_INPUT_MUX_PASSTHROUGH_X121_Y48_N0_I18 ; LEIM                      ;
;   3.119 ;   0.115  ;    ; RE   ; 1      ; IO_RE_X121_Y48_N54_I5                       ; IO_RE                     ;
;   3.119 ;   0.000  ;    ; RE   ; 1      ; IO_OUTPUT_PATH_RE_X121_Y48_N62_I9           ; IO_OUTPUT_PATH_RE         ;
;   3.119 ;   0.000  ;    ; RE   ; 1      ; MP_DDIO_OUT_INPUT_X121_Y48_N64_I3           ; MP_DDIO_OUT_INPUT         ;
;   3.118 ;   -0.001 ; RR ; IC   ; 1      ; DDIOOUTCELL_X121_Y48_N64                    ; instr_debug[7]~reg0|clrn  ;
;   3.368 ;   0.250  ; RR ; CELL ; 1      ; DDIOOUTCELL_X121_Y48_N64                    ; instr_debug[7]~reg0       ;
+---------+----------+----+------+--------+---------------------------------------------+---------------------------+

+---------------------------------------------------------------------------------------------------------------+
; Data Required Path                                                                                            ;
+---------+---------+----+------+--------+-------------------------------------------+--------------------------+
; Total   ; Incr    ; RF ; Type ; Fanout ; Location                                  ; Element                  ;
+---------+---------+----+------+--------+-------------------------------------------+--------------------------+
; 0.000   ; 0.000   ;    ;      ;        ;                                           ; latch edge time          ;
; 2.610   ; 2.610   ;    ;      ;        ;                                           ; clock path               ;
;   0.000 ;   0.000 ;    ;      ;        ;                                           ; source latency           ;
;   0.000 ;   0.000 ;    ;      ; 1      ; PIN_AC18                                  ; clk                      ;
;   0.000 ;   0.000 ;    ; RE   ; 1      ; IOPAD_X54_Y0_N0                           ; ARRIAV_IO_PAD            ;
;   0.000 ;   0.000 ;    ; RE   ; 1      ; IO_PAD_OUTPUT_X54_Y0_N0_I1                ; IO_PAD_OUTPUT            ;
;   0.000 ;   0.000 ;    ; RE   ; 1      ; IO_INPUT_BUFFER_INPUT_X54_Y0_N1_I0        ; IO_INPUT_BUFFER_INPUT    ;
;   0.000 ;   0.000 ; RR ; IC   ; 1      ; IOIBUF_X54_Y0_N1                          ; clk~input|i              ;
;   0.417 ;   0.417 ; RR ; CELL ; 1      ; IOIBUF_X54_Y0_N1                          ; clk~input|o              ;
;   0.417 ;   0.000 ;    ; RE   ; 1      ; IOIBUF_X54_Y0_N1                          ; ARRIAV_IO_IBUF           ;
;   0.417 ;   0.000 ;    ; RE   ; 1      ; IO_INPUT_BUFFER_OUTPUT_X54_Y0_N1_I2       ; IO_INPUT_BUFFER_OUTPUT   ;
;   0.417 ;   0.000 ;    ; RE   ; 1      ; IO_RE_X54_Y0_N0_I96                       ; IO_RE                    ;
;   0.552 ;   0.135 ;    ; RE   ; 1      ; IO_RE_X54_Y0_N0_I66                       ; IO_RE                    ;
;   0.633 ;   0.081 ;    ; RE   ; 1      ; CLKBUF_CLUSTER_RE_X58_Y0_N0_I1614         ; CLKBUF_CLUSTER_RE        ;
;   0.633 ;   0.000 ;    ; RE   ; 1      ; CLKBUF_CLUSTER_RE_X58_Y0_N0_I616          ; CLKBUF_CLUSTER_RE        ;
;   0.633 ;   0.000 ;    ; RE   ; 1      ; GCLK_CLUSTER_RE_X58_Y0_N6_I10             ; GCLK_CLUSTER_RE          ;
;   0.633 ;   0.000 ;    ; RE   ; 1      ; CLKBUFBLOCK_INPUT_X58_Y0_N7_I0            ; CLKBUFBLOCK_INPUT        ;
;   0.633 ;   0.000 ; RR ; IC   ; 1      ; CLKCTRL_G6                                ; clk~inputCLKENA0|inclk   ;
;   0.779 ;   0.146 ; RR ; CELL ; 37157  ; CLKCTRL_G6                                ; clk~inputCLKENA0|outclk  ;
;   0.779 ;   0.000 ;    ; RE   ; 1      ; CLKCTRL_G6                                ; ARRIAV_CLKBUF            ;
;   0.779 ;   0.000 ;    ; RE   ; 1      ; CLKBUFBLOCK_OUTPUT_X58_Y0_N7_I2           ; CLKBUFBLOCK_OUTPUT       ;
;   0.779 ;   0.000 ;    ; RE   ; 1      ; GCLK_CLUSTER_RE_X58_Y0_N6_I12             ; GCLK_CLUSTER_RE          ;
;   0.779 ;   0.000 ;    ; RE   ; 1      ; CLKBUF_CLUSTER_RE_X58_Y0_N0_I417          ; CLKBUF_CLUSTER_RE        ;
;   1.285 ;   0.506 ;    ; RE   ; 16     ; GLOBAL_CLOCK_X0_Y58_N0_I6                 ; GLOBAL_CLOCK             ;
;   1.411 ;   0.126 ;    ; RE   ; 29     ; SPINE_CLOCK_X106_Y30_N0_I2                ; SPINE_CLOCK              ;
;   1.600 ;   0.189 ;    ; RE   ; 1      ; SCLK_TO_ROWCLK_BUF_X106_Y48_N0_I12        ; SCLK_TO_ROWCLK_BUF       ;
;   1.641 ;   0.041 ;    ; RE   ; 2      ; SCLK_TO_ROWCLK_BUF_X106_Y48_N0_I15        ; SCLK_TO_ROWCLK_BUF       ;
;   1.861 ;   0.220 ;    ; RE   ; 13     ; LAB_CLK_X107_Y48_N0_I2                    ; LAB_CLK                  ;
;   1.935 ;   0.074 ;    ; RE   ; 1      ; BLK_CLK_BUF_X121_Y48_N0_I2                ; BLK_CLK_BUF              ;
;   1.987 ;   0.052 ;    ; RE   ; 2      ; BLK_CLK_LIM_X121_Y48_N0_I2                ; BLK_CLK_LIM              ;
;   2.067 ;   0.080 ;    ; RE   ; 3      ; LOCAL_INTERCONNECT_X121_Y48_N0_I26        ; LAB_LINE                 ;
;   2.104 ;   0.037 ;    ; RE   ; 1      ; LEIMC_X121_Y48_N0_I0                      ; LEIMC                    ;
;   2.104 ;   0.000 ;    ; RE   ; 1      ; GLOBAL_LOCAL_SEL_X121_Y48_N0_I0           ; GLOBAL_LOCAL_SEL         ;
;   2.232 ;   0.128 ;    ; RE   ; 1      ; IO_RE_X121_Y48_N54_I11                    ; IO_RE                    ;
;   2.232 ;   0.000 ;    ; RE   ; 1      ; IO_OUTPUT_ENABLE_PATH_RE_X121_Y48_N58_I6  ; IO_OUTPUT_ENABLE_PATH_RE ;
;   2.232 ;   0.000 ;    ; RE   ; 1      ; IO_OUTPUT_ENABLE_PATH_RE_X121_Y48_N58_I22 ; IO_OUTPUT_ENABLE_PATH_RE ;
;   2.232 ;   0.000 ;    ; RE   ; 1      ; IO_OUTPUT_ENABLE_PATH_RE_X121_Y48_N58_I14 ; IO_OUTPUT_ENABLE_PATH_RE ;
;   2.232 ;   0.000 ;    ; RE   ; 1      ; IO_OUTPUT_PATH_RE_X121_Y48_N62_I5         ; IO_OUTPUT_PATH_RE        ;
;   2.232 ;   0.000 ;    ; RE   ; 1      ; MP_DDIO_OUT_INPUT_X121_Y48_N64_I0         ; MP_DDIO_OUT_INPUT        ;
;   2.232 ;   0.000 ; RR ; IC   ; 1      ; DDIOOUTCELL_X121_Y48_N64                  ; instr_debug[7]~reg0|clk  ;
;   2.610 ;   0.378 ; RR ; CELL ; 1      ; DDIOOUTCELL_X121_Y48_N64                  ; instr_debug[7]~reg0      ;
; 2.610   ; 0.000   ;    ;      ;        ;                                           ; clock uncertainty        ;
; 2.610   ; 0.000   ;    ; uTh  ; 1      ; DDIOOUTCELL_X121_Y48_N64                  ; instr_debug[7]~reg0      ;
+---------+---------+----+------+--------+-------------------------------------------+--------------------------+

----------------------------
; Extra Fitter Information ;
----------------------------
HTML report is unavailable in plain text report export.


Path #38: Removal slack is 0.759 
===============================================================================
+------------------------------------------+
; Path Summary                             ;
+--------------------+---------------------+
; Property           ; Value               ;
+--------------------+---------------------+
; From Node          ; rst_n               ;
; To Node            ; instr_debug[2]~reg0 ;
; Launch Clock       ; clk                 ;
; Latch Clock        ; clk                 ;
; Data Arrival Time  ; 3.357               ;
; Data Required Time ; 2.598               ;
; Slack              ; 0.759               ;
+--------------------+---------------------+

+--------------------------------------------------------------------------------------+
; Statistics                                                                           ;
+---------------------------+-------+-------+-------------+------------+-------+-------+
; Property                  ; Value ; Count ; Total Delay ; % of Total ; Min   ; Max   ;
+---------------------------+-------+-------+-------------+------------+-------+-------+
; Removal Relationship      ; 0.000 ;       ;             ;            ;       ;       ;
; Clock Skew                ; 2.598 ;       ;             ;            ;       ;       ;
; Data Delay                ; 2.857 ;       ;             ;            ;       ;       ;
; Number of Logic Levels    ;       ; 2     ;             ;            ;       ;       ;
; Physical Delays           ;       ;       ;             ;            ;       ;       ;
;  Arrival Path             ;       ;       ;             ;            ;       ;       ;
;   Clock                   ;       ;       ;             ;            ;       ;       ;
;    Clock Network (Lumped) ;       ; 1     ; 0.000       ;            ; 0.000 ; 0.000 ;
;   Data                    ;       ;       ;             ;            ;       ;       ;
;    IC                     ;       ; 3     ; 0.000       ; 0          ; 0.000 ; 0.000 ;
;    Cell                   ;       ; 3     ; 1.227       ; 43         ; 0.196 ; 0.781 ;
;    Routing Element        ;       ; 28    ; 1.630       ; 57         ; 0.000 ; 0.518 ;
;  Required Path            ;       ;       ;             ;            ;       ;       ;
;   Clock                   ;       ;       ;             ;            ;       ;       ;
;    IC                     ;       ; 3     ; 0.000       ; 0          ; 0.000 ; 0.000 ;
;    Cell                   ;       ; 3     ; 0.941       ; 36         ; 0.146 ; 0.417 ;
;    Routing Element        ;       ; 31    ; 1.657       ; 64         ; 0.000 ; 0.506 ;
+---------------------------+-------+-------+-------------+------------+-------+-------+
Note: Negative delays are omitted from totals when calculating percentages

+------------------------------------------------------------------------------------------------------------------+
; Data Arrival Path                                                                                                ;
+---------+---------+----+------+--------+---------------------------------------------+---------------------------+
; Total   ; Incr    ; RF ; Type ; Fanout ; Location                                    ; Element                   ;
+---------+---------+----+------+--------+---------------------------------------------+---------------------------+
; 0.000   ; 0.000   ;    ;      ;        ;                                             ; launch edge time          ;
; 0.000   ; 0.000   ;    ;      ;        ;                                             ; clock path                ;
;   0.000 ;   0.000 ; R  ;      ;        ;                                             ; clock network delay       ;
; 0.500   ; 0.500   ; R  ; iExt ; 1      ; PIN_V27                                     ; rst_n                     ;
; 3.357   ; 2.857   ;    ;      ;        ;                                             ; data path                 ;
;   0.500 ;   0.000 ;    ; RE   ; 1      ; IOPAD_X121_Y51_N60                          ; ARRIAV_IO_PAD             ;
;   0.500 ;   0.000 ;    ; RE   ; 1      ; IO_PAD_OUTPUT_X121_Y51_N60_I1               ; IO_PAD_OUTPUT             ;
;   0.500 ;   0.000 ;    ; RE   ; 1      ; IO_INPUT_BUFFER_INPUT_X121_Y51_N61_I0       ; IO_INPUT_BUFFER_INPUT     ;
;   0.500 ;   0.000 ; RR ; IC   ; 1      ; IOIBUF_X121_Y51_N61                         ; rst_n~input|i             ;
;   1.281 ;   0.781 ; RR ; CELL ; 1294   ; IOIBUF_X121_Y51_N61                         ; rst_n~input|o             ;
;   1.281 ;   0.000 ;    ; RE   ; 1      ; IOIBUF_X121_Y51_N61                         ; ARRIAV_IO_IBUF            ;
;   1.281 ;   0.000 ;    ; RE   ; 1      ; IO_INPUT_BUFFER_OUTPUT_X121_Y51_N61_I2      ; IO_INPUT_BUFFER_OUTPUT    ;
;   1.281 ;   0.000 ;    ; RE   ; 2      ; IO_RE_X121_Y51_N60_I96                      ; IO_RE                     ;
;   1.371 ;   0.090 ;    ; RE   ; 1      ; IO_RE_X121_Y51_N60_I66                      ; IO_RE                     ;
;   1.504 ;   0.133 ;    ; RE   ; 1      ; CLKBUF_CLUSTER_RE_X121_Y56_N3_I421          ; CLKBUF_CLUSTER_RE         ;
;   1.504 ;   0.000 ;    ; RE   ; 1      ; CLKBUF_CLUSTER_RE_X121_Y56_N3_I772          ; CLKBUF_CLUSTER_RE         ;
;   1.504 ;   0.000 ;    ; RE   ; 1      ; CLKBUF_CLUSTER_RE_X121_Y56_N3_I557          ; CLKBUF_CLUSTER_RE         ;
;   1.504 ;   0.000 ;    ; RE   ; 1      ; GCLK_CLUSTER_RE_X121_Y56_N6_I10             ; GCLK_CLUSTER_RE           ;
;   1.504 ;   0.000 ;    ; RE   ; 1      ; CLKBUFBLOCK_INPUT_X121_Y56_N7_I0            ; CLKBUFBLOCK_INPUT         ;
;   1.504 ;   0.000 ; RR ; IC   ; 1      ; CLKCTRL_G9                                  ; rst_n~inputCLKENA0|inclk  ;
;   1.700 ;   0.196 ; RR ; CELL ; 2145   ; CLKCTRL_G9                                  ; rst_n~inputCLKENA0|outclk ;
;   1.700 ;   0.000 ;    ; RE   ; 1      ; CLKCTRL_G9                                  ; ARRIAV_CLKBUF             ;
;   1.700 ;   0.000 ;    ; RE   ; 1      ; CLKBUFBLOCK_OUTPUT_X121_Y56_N7_I2           ; CLKBUFBLOCK_OUTPUT        ;
;   1.700 ;   0.000 ;    ; RE   ; 1      ; GCLK_CLUSTER_RE_X121_Y56_N6_I12             ; GCLK_CLUSTER_RE           ;
;   1.700 ;   0.000 ;    ; RE   ; 1      ; CLKBUF_CLUSTER_RE_X121_Y56_N3_I416          ; CLKBUF_CLUSTER_RE         ;
;   2.218 ;   0.518 ;    ; RE   ; 16     ; GLOBAL_CLOCK_X0_Y58_N0_I9                   ; GLOBAL_CLOCK              ;
;   2.336 ;   0.118 ;    ; RE   ; 25     ; SPINE_CLOCK_X106_Y30_N0_I7                  ; SPINE_CLOCK               ;
;   2.520 ;   0.184 ;    ; RE   ; 1      ; SCLK_TO_ROWCLK_BUF_X106_Y45_N0_I43          ; SCLK_TO_ROWCLK_BUF        ;
;   2.560 ;   0.040 ;    ; RE   ; 2      ; SCLK_TO_ROWCLK_BUF_X106_Y45_N0_I46          ; SCLK_TO_ROWCLK_BUF        ;
;   2.775 ;   0.215 ;    ; RE   ; 2      ; LAB_CLK_X107_Y45_N0_I5                      ; LAB_CLK                   ;
;   2.844 ;   0.069 ;    ; RE   ; 1      ; BLK_CLK_BUF_X121_Y45_N0_I5                  ; BLK_CLK_BUF               ;
;   2.885 ;   0.041 ;    ; RE   ; 1      ; BLK_CLK_LIM_X121_Y45_N0_I5                  ; BLK_CLK_LIM               ;
;   2.958 ;   0.073 ;    ; RE   ; 1      ; LOCAL_INTERCONNECT_X121_Y45_N0_I71          ; LAB_LINE                  ;
;   2.989 ;   0.031 ;    ; RE   ; 1      ; BLOCK_INPUT_MUX_PASSTHROUGH_X121_Y45_N0_I18 ; LEIM                      ;
;   3.107 ;   0.118 ;    ; RE   ; 1      ; IO_RE_X121_Y45_N54_I5                       ; IO_RE                     ;
;   3.107 ;   0.000 ;    ; RE   ; 1      ; IO_OUTPUT_PATH_RE_X121_Y45_N62_I9           ; IO_OUTPUT_PATH_RE         ;
;   3.107 ;   0.000 ;    ; RE   ; 1      ; MP_DDIO_OUT_INPUT_X121_Y45_N64_I3           ; MP_DDIO_OUT_INPUT         ;
;   3.107 ;   0.000 ; RR ; IC   ; 1      ; DDIOOUTCELL_X121_Y45_N64                    ; instr_debug[2]~reg0|clrn  ;
;   3.357 ;   0.250 ; RR ; CELL ; 1      ; DDIOOUTCELL_X121_Y45_N64                    ; instr_debug[2]~reg0       ;
+---------+---------+----+------+--------+---------------------------------------------+---------------------------+

+---------------------------------------------------------------------------------------------------------------+
; Data Required Path                                                                                            ;
+---------+---------+----+------+--------+-------------------------------------------+--------------------------+
; Total   ; Incr    ; RF ; Type ; Fanout ; Location                                  ; Element                  ;
+---------+---------+----+------+--------+-------------------------------------------+--------------------------+
; 0.000   ; 0.000   ;    ;      ;        ;                                           ; latch edge time          ;
; 2.598   ; 2.598   ;    ;      ;        ;                                           ; clock path               ;
;   0.000 ;   0.000 ;    ;      ;        ;                                           ; source latency           ;
;   0.000 ;   0.000 ;    ;      ; 1      ; PIN_AC18                                  ; clk                      ;
;   0.000 ;   0.000 ;    ; RE   ; 1      ; IOPAD_X54_Y0_N0                           ; ARRIAV_IO_PAD            ;
;   0.000 ;   0.000 ;    ; RE   ; 1      ; IO_PAD_OUTPUT_X54_Y0_N0_I1                ; IO_PAD_OUTPUT            ;
;   0.000 ;   0.000 ;    ; RE   ; 1      ; IO_INPUT_BUFFER_INPUT_X54_Y0_N1_I0        ; IO_INPUT_BUFFER_INPUT    ;
;   0.000 ;   0.000 ; RR ; IC   ; 1      ; IOIBUF_X54_Y0_N1                          ; clk~input|i              ;
;   0.417 ;   0.417 ; RR ; CELL ; 1      ; IOIBUF_X54_Y0_N1                          ; clk~input|o              ;
;   0.417 ;   0.000 ;    ; RE   ; 1      ; IOIBUF_X54_Y0_N1                          ; ARRIAV_IO_IBUF           ;
;   0.417 ;   0.000 ;    ; RE   ; 1      ; IO_INPUT_BUFFER_OUTPUT_X54_Y0_N1_I2       ; IO_INPUT_BUFFER_OUTPUT   ;
;   0.417 ;   0.000 ;    ; RE   ; 1      ; IO_RE_X54_Y0_N0_I96                       ; IO_RE                    ;
;   0.552 ;   0.135 ;    ; RE   ; 1      ; IO_RE_X54_Y0_N0_I66                       ; IO_RE                    ;
;   0.633 ;   0.081 ;    ; RE   ; 1      ; CLKBUF_CLUSTER_RE_X58_Y0_N0_I1614         ; CLKBUF_CLUSTER_RE        ;
;   0.633 ;   0.000 ;    ; RE   ; 1      ; CLKBUF_CLUSTER_RE_X58_Y0_N0_I616          ; CLKBUF_CLUSTER_RE        ;
;   0.633 ;   0.000 ;    ; RE   ; 1      ; GCLK_CLUSTER_RE_X58_Y0_N6_I10             ; GCLK_CLUSTER_RE          ;
;   0.633 ;   0.000 ;    ; RE   ; 1      ; CLKBUFBLOCK_INPUT_X58_Y0_N7_I0            ; CLKBUFBLOCK_INPUT        ;
;   0.633 ;   0.000 ; RR ; IC   ; 1      ; CLKCTRL_G6                                ; clk~inputCLKENA0|inclk   ;
;   0.779 ;   0.146 ; RR ; CELL ; 37157  ; CLKCTRL_G6                                ; clk~inputCLKENA0|outclk  ;
;   0.779 ;   0.000 ;    ; RE   ; 1      ; CLKCTRL_G6                                ; ARRIAV_CLKBUF            ;
;   0.779 ;   0.000 ;    ; RE   ; 1      ; CLKBUFBLOCK_OUTPUT_X58_Y0_N7_I2           ; CLKBUFBLOCK_OUTPUT       ;
;   0.779 ;   0.000 ;    ; RE   ; 1      ; GCLK_CLUSTER_RE_X58_Y0_N6_I12             ; GCLK_CLUSTER_RE          ;
;   0.779 ;   0.000 ;    ; RE   ; 1      ; CLKBUF_CLUSTER_RE_X58_Y0_N0_I417          ; CLKBUF_CLUSTER_RE        ;
;   1.285 ;   0.506 ;    ; RE   ; 16     ; GLOBAL_CLOCK_X0_Y58_N0_I6                 ; GLOBAL_CLOCK             ;
;   1.406 ;   0.121 ;    ; RE   ; 29     ; SPINE_CLOCK_X106_Y30_N0_I2                ; SPINE_CLOCK              ;
;   1.595 ;   0.189 ;    ; RE   ; 1      ; SCLK_TO_ROWCLK_BUF_X106_Y45_N0_I12        ; SCLK_TO_ROWCLK_BUF       ;
;   1.636 ;   0.041 ;    ; RE   ; 2      ; SCLK_TO_ROWCLK_BUF_X106_Y45_N0_I15        ; SCLK_TO_ROWCLK_BUF       ;
;   1.856 ;   0.220 ;    ; RE   ; 13     ; LAB_CLK_X107_Y45_N0_I2                    ; LAB_CLK                  ;
;   1.930 ;   0.074 ;    ; RE   ; 1      ; BLK_CLK_BUF_X121_Y45_N0_I2                ; BLK_CLK_BUF              ;
;   1.974 ;   0.044 ;    ; RE   ; 1      ; BLK_CLK_LIM_X121_Y45_N0_I2                ; BLK_CLK_LIM              ;
;   2.051 ;   0.077 ;    ; RE   ; 2      ; LOCAL_INTERCONNECT_X121_Y45_N0_I26        ; LAB_LINE                 ;
;   2.088 ;   0.037 ;    ; RE   ; 1      ; LEIMC_X121_Y45_N0_I0                      ; LEIMC                    ;
;   2.088 ;   0.000 ;    ; RE   ; 1      ; GLOBAL_LOCAL_SEL_X121_Y45_N0_I0           ; GLOBAL_LOCAL_SEL         ;
;   2.220 ;   0.132 ;    ; RE   ; 1      ; IO_RE_X121_Y45_N54_I11                    ; IO_RE                    ;
;   2.220 ;   0.000 ;    ; RE   ; 1      ; IO_OUTPUT_ENABLE_PATH_RE_X121_Y45_N58_I6  ; IO_OUTPUT_ENABLE_PATH_RE ;
;   2.220 ;   0.000 ;    ; RE   ; 1      ; IO_OUTPUT_ENABLE_PATH_RE_X121_Y45_N58_I22 ; IO_OUTPUT_ENABLE_PATH_RE ;
;   2.220 ;   0.000 ;    ; RE   ; 1      ; IO_OUTPUT_ENABLE_PATH_RE_X121_Y45_N58_I14 ; IO_OUTPUT_ENABLE_PATH_RE ;
;   2.220 ;   0.000 ;    ; RE   ; 1      ; IO_OUTPUT_PATH_RE_X121_Y45_N62_I5         ; IO_OUTPUT_PATH_RE        ;
;   2.220 ;   0.000 ;    ; RE   ; 1      ; MP_DDIO_OUT_INPUT_X121_Y45_N64_I0         ; MP_DDIO_OUT_INPUT        ;
;   2.220 ;   0.000 ; RR ; IC   ; 1      ; DDIOOUTCELL_X121_Y45_N64                  ; instr_debug[2]~reg0|clk  ;
;   2.598 ;   0.378 ; RR ; CELL ; 1      ; DDIOOUTCELL_X121_Y45_N64                  ; instr_debug[2]~reg0      ;
; 2.598   ; 0.000   ;    ;      ;        ;                                           ; clock uncertainty        ;
; 2.598   ; 0.000   ;    ; uTh  ; 1      ; DDIOOUTCELL_X121_Y45_N64                  ; instr_debug[2]~reg0      ;
+---------+---------+----+------+--------+-------------------------------------------+--------------------------+

----------------------------
; Extra Fitter Information ;
----------------------------
HTML report is unavailable in plain text report export.


Path #39: Removal slack is 0.759 
===============================================================================
+------------------------------------------+
; Path Summary                             ;
+--------------------+---------------------+
; Property           ; Value               ;
+--------------------+---------------------+
; From Node          ; rst_n               ;
; To Node            ; host_rdata[22]~reg0 ;
; Launch Clock       ; clk                 ;
; Latch Clock        ; clk                 ;
; Data Arrival Time  ; 3.392               ;
; Data Required Time ; 2.633               ;
; Slack              ; 0.759               ;
+--------------------+---------------------+

+--------------------------------------------------------------------------------------+
; Statistics                                                                           ;
+---------------------------+-------+-------+-------------+------------+-------+-------+
; Property                  ; Value ; Count ; Total Delay ; % of Total ; Min   ; Max   ;
+---------------------------+-------+-------+-------------+------------+-------+-------+
; Removal Relationship      ; 0.000 ;       ;             ;            ;       ;       ;
; Clock Skew                ; 2.633 ;       ;             ;            ;       ;       ;
; Data Delay                ; 2.892 ;       ;             ;            ;       ;       ;
; Number of Logic Levels    ;       ; 2     ;             ;            ;       ;       ;
; Physical Delays           ;       ;       ;             ;            ;       ;       ;
;  Arrival Path             ;       ;       ;             ;            ;       ;       ;
;   Clock                   ;       ;       ;             ;            ;       ;       ;
;    Clock Network (Lumped) ;       ; 1     ; 0.000       ;            ; 0.000 ; 0.000 ;
;   Data                    ;       ;       ;             ;            ;       ;       ;
;    IC                     ;       ; 3     ; 0.001       ; 0          ; 0.000 ; 0.001 ;
;    Cell                   ;       ; 3     ; 1.227       ; 42         ; 0.196 ; 0.781 ;
;    Routing Element        ;       ; 28    ; 1.664       ; 58         ; 0.000 ; 0.501 ;
;  Required Path            ;       ;       ;             ;            ;       ;       ;
;   Clock                   ;       ;       ;             ;            ;       ;       ;
;    IC                     ;       ; 3     ; 0.000       ; 0          ; 0.000 ; 0.000 ;
;    Cell                   ;       ; 3     ; 0.941       ; 36         ; 0.146 ; 0.417 ;
;    Routing Element        ;       ; 31    ; 1.692       ; 64         ; 0.000 ; 0.503 ;
+---------------------------+-------+-------+-------------+------------+-------+-------+
Note: Negative delays are omitted from totals when calculating percentages

+------------------------------------------------------------------------------------------------------------------+
; Data Arrival Path                                                                                                ;
+---------+---------+----+------+--------+---------------------------------------------+---------------------------+
; Total   ; Incr    ; RF ; Type ; Fanout ; Location                                    ; Element                   ;
+---------+---------+----+------+--------+---------------------------------------------+---------------------------+
; 0.000   ; 0.000   ;    ;      ;        ;                                             ; launch edge time          ;
; 0.000   ; 0.000   ;    ;      ;        ;                                             ; clock path                ;
;   0.000 ;   0.000 ; R  ;      ;        ;                                             ; clock network delay       ;
; 0.500   ; 0.500   ; R  ; iExt ; 1      ; PIN_V27                                     ; rst_n                     ;
; 3.392   ; 2.892   ;    ;      ;        ;                                             ; data path                 ;
;   0.500 ;   0.000 ;    ; RE   ; 1      ; IOPAD_X121_Y51_N60                          ; ARRIAV_IO_PAD             ;
;   0.500 ;   0.000 ;    ; RE   ; 1      ; IO_PAD_OUTPUT_X121_Y51_N60_I1               ; IO_PAD_OUTPUT             ;
;   0.500 ;   0.000 ;    ; RE   ; 1      ; IO_INPUT_BUFFER_INPUT_X121_Y51_N61_I0       ; IO_INPUT_BUFFER_INPUT     ;
;   0.500 ;   0.000 ; RR ; IC   ; 1      ; IOIBUF_X121_Y51_N61                         ; rst_n~input|i             ;
;   1.281 ;   0.781 ; RR ; CELL ; 1294   ; IOIBUF_X121_Y51_N61                         ; rst_n~input|o             ;
;   1.281 ;   0.000 ;    ; RE   ; 1      ; IOIBUF_X121_Y51_N61                         ; ARRIAV_IO_IBUF            ;
;   1.281 ;   0.000 ;    ; RE   ; 1      ; IO_INPUT_BUFFER_OUTPUT_X121_Y51_N61_I2      ; IO_INPUT_BUFFER_OUTPUT    ;
;   1.281 ;   0.000 ;    ; RE   ; 2      ; IO_RE_X121_Y51_N60_I96                      ; IO_RE                     ;
;   1.371 ;   0.090 ;    ; RE   ; 1      ; IO_RE_X121_Y51_N60_I66                      ; IO_RE                     ;
;   1.504 ;   0.133 ;    ; RE   ; 1      ; CLKBUF_CLUSTER_RE_X121_Y56_N3_I421          ; CLKBUF_CLUSTER_RE         ;
;   1.504 ;   0.000 ;    ; RE   ; 1      ; CLKBUF_CLUSTER_RE_X121_Y56_N3_I772          ; CLKBUF_CLUSTER_RE         ;
;   1.504 ;   0.000 ;    ; RE   ; 1      ; CLKBUF_CLUSTER_RE_X121_Y56_N3_I557          ; CLKBUF_CLUSTER_RE         ;
;   1.504 ;   0.000 ;    ; RE   ; 1      ; GCLK_CLUSTER_RE_X121_Y56_N6_I10             ; GCLK_CLUSTER_RE           ;
;   1.504 ;   0.000 ;    ; RE   ; 1      ; CLKBUFBLOCK_INPUT_X121_Y56_N7_I0            ; CLKBUFBLOCK_INPUT         ;
;   1.504 ;   0.000 ; RR ; IC   ; 1      ; CLKCTRL_G9                                  ; rst_n~inputCLKENA0|inclk  ;
;   1.700 ;   0.196 ; RR ; CELL ; 2145   ; CLKCTRL_G9                                  ; rst_n~inputCLKENA0|outclk ;
;   1.700 ;   0.000 ;    ; RE   ; 1      ; CLKCTRL_G9                                  ; ARRIAV_CLKBUF             ;
;   1.700 ;   0.000 ;    ; RE   ; 1      ; CLKBUFBLOCK_OUTPUT_X121_Y56_N7_I2           ; CLKBUFBLOCK_OUTPUT        ;
;   1.700 ;   0.000 ;    ; RE   ; 1      ; GCLK_CLUSTER_RE_X121_Y56_N6_I12             ; GCLK_CLUSTER_RE           ;
;   1.700 ;   0.000 ;    ; RE   ; 1      ; CLKBUF_CLUSTER_RE_X121_Y56_N3_I416          ; CLKBUF_CLUSTER_RE         ;
;   2.201 ;   0.501 ;    ; RE   ; 16     ; GLOBAL_CLOCK_X0_Y58_N0_I9                   ; GLOBAL_CLOCK              ;
;   2.340 ;   0.139 ;    ; RE   ; 18     ; SPINE_CLOCK_X106_Y59_N0_I7                  ; SPINE_CLOCK               ;
;   2.524 ;   0.184 ;    ; RE   ; 1      ; SCLK_TO_ROWCLK_BUF_X106_Y63_N0_I43          ; SCLK_TO_ROWCLK_BUF        ;
;   2.563 ;   0.039 ;    ; RE   ; 2      ; SCLK_TO_ROWCLK_BUF_X106_Y63_N0_I46          ; SCLK_TO_ROWCLK_BUF        ;
;   2.778 ;   0.215 ;    ; RE   ; 2      ; LAB_CLK_X107_Y63_N0_I5                      ; LAB_CLK                   ;
;   2.847 ;   0.069 ;    ; RE   ; 1      ; BLK_CLK_BUF_X121_Y63_N0_I5                  ; BLK_CLK_BUF               ;
;   2.888 ;   0.041 ;    ; RE   ; 1      ; BLK_CLK_LIM_X121_Y63_N0_I5                  ; BLK_CLK_LIM               ;
;   2.981 ;   0.093 ;    ; RE   ; 3      ; LOCAL_INTERCONNECT_X121_Y63_N0_I71          ; LAB_LINE                  ;
;   3.011 ;   0.030 ;    ; RE   ; 1      ; BLOCK_INPUT_MUX_PASSTHROUGH_X121_Y63_N0_I48 ; LEIM                      ;
;   3.141 ;   0.130 ;    ; RE   ; 1      ; IO_RE_X121_Y63_N3_I5                        ; IO_RE                     ;
;   3.141 ;   0.000 ;    ; RE   ; 1      ; IO_OUTPUT_PATH_RE_X121_Y63_N11_I9           ; IO_OUTPUT_PATH_RE         ;
;   3.141 ;   0.000 ;    ; RE   ; 1      ; MP_DDIO_OUT_INPUT_X121_Y63_N13_I3           ; MP_DDIO_OUT_INPUT         ;
;   3.142 ;   0.001 ; RR ; IC   ; 1      ; DDIOOUTCELL_X121_Y63_N13                    ; host_rdata[22]~reg0|clrn  ;
;   3.392 ;   0.250 ; RR ; CELL ; 1      ; DDIOOUTCELL_X121_Y63_N13                    ; host_rdata[22]~reg0       ;
+---------+---------+----+------+--------+---------------------------------------------+---------------------------+

+--------------------------------------------------------------------------------------------------------------+
; Data Required Path                                                                                           ;
+---------+---------+----+------+--------+------------------------------------------+--------------------------+
; Total   ; Incr    ; RF ; Type ; Fanout ; Location                                 ; Element                  ;
+---------+---------+----+------+--------+------------------------------------------+--------------------------+
; 0.000   ; 0.000   ;    ;      ;        ;                                          ; latch edge time          ;
; 2.633   ; 2.633   ;    ;      ;        ;                                          ; clock path               ;
;   0.000 ;   0.000 ;    ;      ;        ;                                          ; source latency           ;
;   0.000 ;   0.000 ;    ;      ; 1      ; PIN_AC18                                 ; clk                      ;
;   0.000 ;   0.000 ;    ; RE   ; 1      ; IOPAD_X54_Y0_N0                          ; ARRIAV_IO_PAD            ;
;   0.000 ;   0.000 ;    ; RE   ; 1      ; IO_PAD_OUTPUT_X54_Y0_N0_I1               ; IO_PAD_OUTPUT            ;
;   0.000 ;   0.000 ;    ; RE   ; 1      ; IO_INPUT_BUFFER_INPUT_X54_Y0_N1_I0       ; IO_INPUT_BUFFER_INPUT    ;
;   0.000 ;   0.000 ; RR ; IC   ; 1      ; IOIBUF_X54_Y0_N1                         ; clk~input|i              ;
;   0.417 ;   0.417 ; RR ; CELL ; 1      ; IOIBUF_X54_Y0_N1                         ; clk~input|o              ;
;   0.417 ;   0.000 ;    ; RE   ; 1      ; IOIBUF_X54_Y0_N1                         ; ARRIAV_IO_IBUF           ;
;   0.417 ;   0.000 ;    ; RE   ; 1      ; IO_INPUT_BUFFER_OUTPUT_X54_Y0_N1_I2      ; IO_INPUT_BUFFER_OUTPUT   ;
;   0.417 ;   0.000 ;    ; RE   ; 1      ; IO_RE_X54_Y0_N0_I96                      ; IO_RE                    ;
;   0.552 ;   0.135 ;    ; RE   ; 1      ; IO_RE_X54_Y0_N0_I66                      ; IO_RE                    ;
;   0.633 ;   0.081 ;    ; RE   ; 1      ; CLKBUF_CLUSTER_RE_X58_Y0_N0_I1614        ; CLKBUF_CLUSTER_RE        ;
;   0.633 ;   0.000 ;    ; RE   ; 1      ; CLKBUF_CLUSTER_RE_X58_Y0_N0_I616         ; CLKBUF_CLUSTER_RE        ;
;   0.633 ;   0.000 ;    ; RE   ; 1      ; GCLK_CLUSTER_RE_X58_Y0_N6_I10            ; GCLK_CLUSTER_RE          ;
;   0.633 ;   0.000 ;    ; RE   ; 1      ; CLKBUFBLOCK_INPUT_X58_Y0_N7_I0           ; CLKBUFBLOCK_INPUT        ;
;   0.633 ;   0.000 ; RR ; IC   ; 1      ; CLKCTRL_G6                               ; clk~inputCLKENA0|inclk   ;
;   0.779 ;   0.146 ; RR ; CELL ; 37157  ; CLKCTRL_G6                               ; clk~inputCLKENA0|outclk  ;
;   0.779 ;   0.000 ;    ; RE   ; 1      ; CLKCTRL_G6                               ; ARRIAV_CLKBUF            ;
;   0.779 ;   0.000 ;    ; RE   ; 1      ; CLKBUFBLOCK_OUTPUT_X58_Y0_N7_I2          ; CLKBUFBLOCK_OUTPUT       ;
;   0.779 ;   0.000 ;    ; RE   ; 1      ; GCLK_CLUSTER_RE_X58_Y0_N6_I12            ; GCLK_CLUSTER_RE          ;
;   0.779 ;   0.000 ;    ; RE   ; 1      ; CLKBUF_CLUSTER_RE_X58_Y0_N0_I417         ; CLKBUF_CLUSTER_RE        ;
;   1.282 ;   0.503 ;    ; RE   ; 16     ; GLOBAL_CLOCK_X0_Y58_N0_I6                ; GLOBAL_CLOCK             ;
;   1.425 ;   0.143 ;    ; RE   ; 29     ; SPINE_CLOCK_X106_Y59_N0_I2               ; SPINE_CLOCK              ;
;   1.614 ;   0.189 ;    ; RE   ; 1      ; SCLK_TO_ROWCLK_BUF_X106_Y63_N0_I12       ; SCLK_TO_ROWCLK_BUF       ;
;   1.654 ;   0.040 ;    ; RE   ; 2      ; SCLK_TO_ROWCLK_BUF_X106_Y63_N0_I15       ; SCLK_TO_ROWCLK_BUF       ;
;   1.875 ;   0.221 ;    ; RE   ; 6      ; LAB_CLK_X107_Y63_N0_I2                   ; LAB_CLK                  ;
;   1.949 ;   0.074 ;    ; RE   ; 1      ; BLK_CLK_BUF_X121_Y63_N0_I2               ; BLK_CLK_BUF              ;
;   2.001 ;   0.052 ;    ; RE   ; 2      ; BLK_CLK_LIM_X121_Y63_N0_I2               ; BLK_CLK_LIM              ;
;   2.078 ;   0.077 ;    ; RE   ; 1      ; LOCAL_INTERCONNECT_X121_Y63_N0_I61       ; LAB_LINE                 ;
;   2.115 ;   0.037 ;    ; RE   ; 1      ; LEIMC_X121_Y63_N0_I11                    ; LEIMC                    ;
;   2.115 ;   0.000 ;    ; RE   ; 1      ; GLOBAL_LOCAL_SEL_X121_Y63_N0_I12         ; GLOBAL_LOCAL_SEL         ;
;   2.255 ;   0.140 ;    ; RE   ; 1      ; IO_RE_X121_Y63_N3_I11                    ; IO_RE                    ;
;   2.255 ;   0.000 ;    ; RE   ; 1      ; IO_OUTPUT_ENABLE_PATH_RE_X121_Y63_N7_I6  ; IO_OUTPUT_ENABLE_PATH_RE ;
;   2.255 ;   0.000 ;    ; RE   ; 1      ; IO_OUTPUT_ENABLE_PATH_RE_X121_Y63_N7_I22 ; IO_OUTPUT_ENABLE_PATH_RE ;
;   2.255 ;   0.000 ;    ; RE   ; 1      ; IO_OUTPUT_ENABLE_PATH_RE_X121_Y63_N7_I14 ; IO_OUTPUT_ENABLE_PATH_RE ;
;   2.255 ;   0.000 ;    ; RE   ; 1      ; IO_OUTPUT_PATH_RE_X121_Y63_N11_I5        ; IO_OUTPUT_PATH_RE        ;
;   2.255 ;   0.000 ;    ; RE   ; 1      ; MP_DDIO_OUT_INPUT_X121_Y63_N13_I0        ; MP_DDIO_OUT_INPUT        ;
;   2.255 ;   0.000 ; RR ; IC   ; 1      ; DDIOOUTCELL_X121_Y63_N13                 ; host_rdata[22]~reg0|clk  ;
;   2.633 ;   0.378 ; RR ; CELL ; 1      ; DDIOOUTCELL_X121_Y63_N13                 ; host_rdata[22]~reg0      ;
; 2.633   ; 0.000   ;    ;      ;        ;                                          ; clock uncertainty        ;
; 2.633   ; 0.000   ;    ; uTh  ; 1      ; DDIOOUTCELL_X121_Y63_N13                 ; host_rdata[22]~reg0      ;
+---------+---------+----+------+--------+------------------------------------------+--------------------------+

----------------------------
; Extra Fitter Information ;
----------------------------
HTML report is unavailable in plain text report export.


Path #40: Removal slack is 0.760 
===============================================================================
+---------------------------------------+
; Path Summary                          ;
+--------------------+------------------+
; Property           ; Value            ;
+--------------------+------------------+
; From Node          ; rst_n            ;
; To Node            ; pc_debug[0]~reg0 ;
; Launch Clock       ; clk              ;
; Latch Clock        ; clk              ;
; Data Arrival Time  ; 3.382            ;
; Data Required Time ; 2.622            ;
; Slack              ; 0.760            ;
+--------------------+------------------+

+--------------------------------------------------------------------------------------+
; Statistics                                                                           ;
+---------------------------+-------+-------+-------------+------------+-------+-------+
; Property                  ; Value ; Count ; Total Delay ; % of Total ; Min   ; Max   ;
+---------------------------+-------+-------+-------------+------------+-------+-------+
; Removal Relationship      ; 0.000 ;       ;             ;            ;       ;       ;
; Clock Skew                ; 2.622 ;       ;             ;            ;       ;       ;
; Data Delay                ; 2.882 ;       ;             ;            ;       ;       ;
; Number of Logic Levels    ;       ; 2     ;             ;            ;       ;       ;
; Physical Delays           ;       ;       ;             ;            ;       ;       ;
;  Arrival Path             ;       ;       ;             ;            ;       ;       ;
;   Clock                   ;       ;       ;             ;            ;       ;       ;
;    Clock Network (Lumped) ;       ; 1     ; 0.000       ;            ; 0.000 ; 0.000 ;
;   Data                    ;       ;       ;             ;            ;       ;       ;
;    IC                     ;       ; 3     ; 0.001       ; 0          ; 0.000 ; 0.001 ;
;    Cell                   ;       ; 3     ; 1.227       ; 43         ; 0.196 ; 0.781 ;
;    Routing Element        ;       ; 28    ; 1.654       ; 57         ; 0.000 ; 0.518 ;
;  Required Path            ;       ;       ;             ;            ;       ;       ;
;   Clock                   ;       ;       ;             ;            ;       ;       ;
;    IC                     ;       ; 3     ; 0.000       ; 0          ; 0.000 ; 0.000 ;
;    Cell                   ;       ; 3     ; 0.941       ; 36         ; 0.146 ; 0.417 ;
;    Routing Element        ;       ; 31    ; 1.681       ; 64         ; 0.000 ; 0.506 ;
+---------------------------+-------+-------+-------------+------------+-------+-------+
Note: Negative delays are omitted from totals when calculating percentages

+------------------------------------------------------------------------------------------------------------------+
; Data Arrival Path                                                                                                ;
+---------+---------+----+------+--------+---------------------------------------------+---------------------------+
; Total   ; Incr    ; RF ; Type ; Fanout ; Location                                    ; Element                   ;
+---------+---------+----+------+--------+---------------------------------------------+---------------------------+
; 0.000   ; 0.000   ;    ;      ;        ;                                             ; launch edge time          ;
; 0.000   ; 0.000   ;    ;      ;        ;                                             ; clock path                ;
;   0.000 ;   0.000 ; R  ;      ;        ;                                             ; clock network delay       ;
; 0.500   ; 0.500   ; R  ; iExt ; 1      ; PIN_V27                                     ; rst_n                     ;
; 3.382   ; 2.882   ;    ;      ;        ;                                             ; data path                 ;
;   0.500 ;   0.000 ;    ; RE   ; 1      ; IOPAD_X121_Y51_N60                          ; ARRIAV_IO_PAD             ;
;   0.500 ;   0.000 ;    ; RE   ; 1      ; IO_PAD_OUTPUT_X121_Y51_N60_I1               ; IO_PAD_OUTPUT             ;
;   0.500 ;   0.000 ;    ; RE   ; 1      ; IO_INPUT_BUFFER_INPUT_X121_Y51_N61_I0       ; IO_INPUT_BUFFER_INPUT     ;
;   0.500 ;   0.000 ; RR ; IC   ; 1      ; IOIBUF_X121_Y51_N61                         ; rst_n~input|i             ;
;   1.281 ;   0.781 ; RR ; CELL ; 1294   ; IOIBUF_X121_Y51_N61                         ; rst_n~input|o             ;
;   1.281 ;   0.000 ;    ; RE   ; 1      ; IOIBUF_X121_Y51_N61                         ; ARRIAV_IO_IBUF            ;
;   1.281 ;   0.000 ;    ; RE   ; 1      ; IO_INPUT_BUFFER_OUTPUT_X121_Y51_N61_I2      ; IO_INPUT_BUFFER_OUTPUT    ;
;   1.281 ;   0.000 ;    ; RE   ; 2      ; IO_RE_X121_Y51_N60_I96                      ; IO_RE                     ;
;   1.371 ;   0.090 ;    ; RE   ; 1      ; IO_RE_X121_Y51_N60_I66                      ; IO_RE                     ;
;   1.504 ;   0.133 ;    ; RE   ; 1      ; CLKBUF_CLUSTER_RE_X121_Y56_N3_I421          ; CLKBUF_CLUSTER_RE         ;
;   1.504 ;   0.000 ;    ; RE   ; 1      ; CLKBUF_CLUSTER_RE_X121_Y56_N3_I772          ; CLKBUF_CLUSTER_RE         ;
;   1.504 ;   0.000 ;    ; RE   ; 1      ; CLKBUF_CLUSTER_RE_X121_Y56_N3_I557          ; CLKBUF_CLUSTER_RE         ;
;   1.504 ;   0.000 ;    ; RE   ; 1      ; GCLK_CLUSTER_RE_X121_Y56_N6_I10             ; GCLK_CLUSTER_RE           ;
;   1.504 ;   0.000 ;    ; RE   ; 1      ; CLKBUFBLOCK_INPUT_X121_Y56_N7_I0            ; CLKBUFBLOCK_INPUT         ;
;   1.504 ;   0.000 ; RR ; IC   ; 1      ; CLKCTRL_G9                                  ; rst_n~inputCLKENA0|inclk  ;
;   1.700 ;   0.196 ; RR ; CELL ; 2145   ; CLKCTRL_G9                                  ; rst_n~inputCLKENA0|outclk ;
;   1.700 ;   0.000 ;    ; RE   ; 1      ; CLKCTRL_G9                                  ; ARRIAV_CLKBUF             ;
;   1.700 ;   0.000 ;    ; RE   ; 1      ; CLKBUFBLOCK_OUTPUT_X121_Y56_N7_I2           ; CLKBUFBLOCK_OUTPUT        ;
;   1.700 ;   0.000 ;    ; RE   ; 1      ; GCLK_CLUSTER_RE_X121_Y56_N6_I12             ; GCLK_CLUSTER_RE           ;
;   1.700 ;   0.000 ;    ; RE   ; 1      ; CLKBUF_CLUSTER_RE_X121_Y56_N3_I416          ; CLKBUF_CLUSTER_RE         ;
;   2.218 ;   0.518 ;    ; RE   ; 16     ; GLOBAL_CLOCK_X0_Y58_N0_I9                   ; GLOBAL_CLOCK              ;
;   2.352 ;   0.134 ;    ; RE   ; 25     ; SPINE_CLOCK_X106_Y30_N0_I7                  ; SPINE_CLOCK               ;
;   2.536 ;   0.184 ;    ; RE   ; 1      ; SCLK_TO_ROWCLK_BUF_X106_Y38_N0_I43          ; SCLK_TO_ROWCLK_BUF        ;
;   2.575 ;   0.039 ;    ; RE   ; 2      ; SCLK_TO_ROWCLK_BUF_X106_Y38_N0_I46          ; SCLK_TO_ROWCLK_BUF        ;
;   2.790 ;   0.215 ;    ; RE   ; 6      ; LAB_CLK_X107_Y38_N0_I5                      ; LAB_CLK                   ;
;   2.859 ;   0.069 ;    ; RE   ; 1      ; BLK_CLK_BUF_X121_Y38_N0_I5                  ; BLK_CLK_BUF               ;
;   2.908 ;   0.049 ;    ; RE   ; 2      ; BLK_CLK_LIM_X121_Y38_N0_I5                  ; BLK_CLK_LIM               ;
;   2.984 ;   0.076 ;    ; RE   ; 3      ; LOCAL_INTERCONNECT_X121_Y38_N0_I71          ; LAB_LINE                  ;
;   3.014 ;   0.030 ;    ; RE   ; 1      ; BLOCK_INPUT_MUX_PASSTHROUGH_X121_Y38_N0_I18 ; LEIM                      ;
;   3.131 ;   0.117 ;    ; RE   ; 1      ; IO_RE_X121_Y38_N54_I5                       ; IO_RE                     ;
;   3.131 ;   0.000 ;    ; RE   ; 1      ; IO_OUTPUT_PATH_RE_X121_Y38_N62_I9           ; IO_OUTPUT_PATH_RE         ;
;   3.131 ;   0.000 ;    ; RE   ; 1      ; MP_DDIO_OUT_INPUT_X121_Y38_N64_I3           ; MP_DDIO_OUT_INPUT         ;
;   3.132 ;   0.001 ; RR ; IC   ; 1      ; DDIOOUTCELL_X121_Y38_N64                    ; pc_debug[0]~reg0|clrn     ;
;   3.382 ;   0.250 ; RR ; CELL ; 1      ; DDIOOUTCELL_X121_Y38_N64                    ; pc_debug[0]~reg0          ;
+---------+---------+----+------+--------+---------------------------------------------+---------------------------+

+---------------------------------------------------------------------------------------------------------------+
; Data Required Path                                                                                            ;
+---------+---------+----+------+--------+-------------------------------------------+--------------------------+
; Total   ; Incr    ; RF ; Type ; Fanout ; Location                                  ; Element                  ;
+---------+---------+----+------+--------+-------------------------------------------+--------------------------+
; 0.000   ; 0.000   ;    ;      ;        ;                                           ; latch edge time          ;
; 2.622   ; 2.622   ;    ;      ;        ;                                           ; clock path               ;
;   0.000 ;   0.000 ;    ;      ;        ;                                           ; source latency           ;
;   0.000 ;   0.000 ;    ;      ; 1      ; PIN_AC18                                  ; clk                      ;
;   0.000 ;   0.000 ;    ; RE   ; 1      ; IOPAD_X54_Y0_N0                           ; ARRIAV_IO_PAD            ;
;   0.000 ;   0.000 ;    ; RE   ; 1      ; IO_PAD_OUTPUT_X54_Y0_N0_I1                ; IO_PAD_OUTPUT            ;
;   0.000 ;   0.000 ;    ; RE   ; 1      ; IO_INPUT_BUFFER_INPUT_X54_Y0_N1_I0        ; IO_INPUT_BUFFER_INPUT    ;
;   0.000 ;   0.000 ; RR ; IC   ; 1      ; IOIBUF_X54_Y0_N1                          ; clk~input|i              ;
;   0.417 ;   0.417 ; RR ; CELL ; 1      ; IOIBUF_X54_Y0_N1                          ; clk~input|o              ;
;   0.417 ;   0.000 ;    ; RE   ; 1      ; IOIBUF_X54_Y0_N1                          ; ARRIAV_IO_IBUF           ;
;   0.417 ;   0.000 ;    ; RE   ; 1      ; IO_INPUT_BUFFER_OUTPUT_X54_Y0_N1_I2       ; IO_INPUT_BUFFER_OUTPUT   ;
;   0.417 ;   0.000 ;    ; RE   ; 1      ; IO_RE_X54_Y0_N0_I96                       ; IO_RE                    ;
;   0.552 ;   0.135 ;    ; RE   ; 1      ; IO_RE_X54_Y0_N0_I66                       ; IO_RE                    ;
;   0.633 ;   0.081 ;    ; RE   ; 1      ; CLKBUF_CLUSTER_RE_X58_Y0_N0_I1614         ; CLKBUF_CLUSTER_RE        ;
;   0.633 ;   0.000 ;    ; RE   ; 1      ; CLKBUF_CLUSTER_RE_X58_Y0_N0_I616          ; CLKBUF_CLUSTER_RE        ;
;   0.633 ;   0.000 ;    ; RE   ; 1      ; GCLK_CLUSTER_RE_X58_Y0_N6_I10             ; GCLK_CLUSTER_RE          ;
;   0.633 ;   0.000 ;    ; RE   ; 1      ; CLKBUFBLOCK_INPUT_X58_Y0_N7_I0            ; CLKBUFBLOCK_INPUT        ;
;   0.633 ;   0.000 ; RR ; IC   ; 1      ; CLKCTRL_G6                                ; clk~inputCLKENA0|inclk   ;
;   0.779 ;   0.146 ; RR ; CELL ; 37157  ; CLKCTRL_G6                                ; clk~inputCLKENA0|outclk  ;
;   0.779 ;   0.000 ;    ; RE   ; 1      ; CLKCTRL_G6                                ; ARRIAV_CLKBUF            ;
;   0.779 ;   0.000 ;    ; RE   ; 1      ; CLKBUFBLOCK_OUTPUT_X58_Y0_N7_I2           ; CLKBUFBLOCK_OUTPUT       ;
;   0.779 ;   0.000 ;    ; RE   ; 1      ; GCLK_CLUSTER_RE_X58_Y0_N6_I12             ; GCLK_CLUSTER_RE          ;
;   0.779 ;   0.000 ;    ; RE   ; 1      ; CLKBUF_CLUSTER_RE_X58_Y0_N0_I417          ; CLKBUF_CLUSTER_RE        ;
;   1.285 ;   0.506 ;    ; RE   ; 16     ; GLOBAL_CLOCK_X0_Y58_N0_I6                 ; GLOBAL_CLOCK             ;
;   1.422 ;   0.137 ;    ; RE   ; 29     ; SPINE_CLOCK_X106_Y30_N0_I2                ; SPINE_CLOCK              ;
;   1.611 ;   0.189 ;    ; RE   ; 1      ; SCLK_TO_ROWCLK_BUF_X106_Y38_N0_I12        ; SCLK_TO_ROWCLK_BUF       ;
;   1.651 ;   0.040 ;    ; RE   ; 2      ; SCLK_TO_ROWCLK_BUF_X106_Y38_N0_I15        ; SCLK_TO_ROWCLK_BUF       ;
;   1.872 ;   0.221 ;    ; RE   ; 10     ; LAB_CLK_X107_Y38_N0_I2                    ; LAB_CLK                  ;
;   1.946 ;   0.074 ;    ; RE   ; 1      ; BLK_CLK_BUF_X121_Y38_N0_I2                ; BLK_CLK_BUF              ;
;   1.998 ;   0.052 ;    ; RE   ; 2      ; BLK_CLK_LIM_X121_Y38_N0_I2                ; BLK_CLK_LIM              ;
;   2.078 ;   0.080 ;    ; RE   ; 3      ; LOCAL_INTERCONNECT_X121_Y38_N0_I26        ; LAB_LINE                 ;
;   2.115 ;   0.037 ;    ; RE   ; 1      ; LEIMC_X121_Y38_N0_I0                      ; LEIMC                    ;
;   2.115 ;   0.000 ;    ; RE   ; 1      ; GLOBAL_LOCAL_SEL_X121_Y38_N0_I0           ; GLOBAL_LOCAL_SEL         ;
;   2.244 ;   0.129 ;    ; RE   ; 1      ; IO_RE_X121_Y38_N54_I11                    ; IO_RE                    ;
;   2.244 ;   0.000 ;    ; RE   ; 1      ; IO_OUTPUT_ENABLE_PATH_RE_X121_Y38_N58_I6  ; IO_OUTPUT_ENABLE_PATH_RE ;
;   2.244 ;   0.000 ;    ; RE   ; 1      ; IO_OUTPUT_ENABLE_PATH_RE_X121_Y38_N58_I22 ; IO_OUTPUT_ENABLE_PATH_RE ;
;   2.244 ;   0.000 ;    ; RE   ; 1      ; IO_OUTPUT_ENABLE_PATH_RE_X121_Y38_N58_I14 ; IO_OUTPUT_ENABLE_PATH_RE ;
;   2.244 ;   0.000 ;    ; RE   ; 1      ; IO_OUTPUT_PATH_RE_X121_Y38_N62_I5         ; IO_OUTPUT_PATH_RE        ;
;   2.244 ;   0.000 ;    ; RE   ; 1      ; MP_DDIO_OUT_INPUT_X121_Y38_N64_I0         ; MP_DDIO_OUT_INPUT        ;
;   2.244 ;   0.000 ; RR ; IC   ; 1      ; DDIOOUTCELL_X121_Y38_N64                  ; pc_debug[0]~reg0|clk     ;
;   2.622 ;   0.378 ; RR ; CELL ; 1      ; DDIOOUTCELL_X121_Y38_N64                  ; pc_debug[0]~reg0         ;
; 2.622   ; 0.000   ;    ;      ;        ;                                           ; clock uncertainty        ;
; 2.622   ; 0.000   ;    ; uTh  ; 1      ; DDIOOUTCELL_X121_Y38_N64                  ; pc_debug[0]~reg0         ;
+---------+---------+----+------+--------+-------------------------------------------+--------------------------+

----------------------------
; Extra Fitter Information ;
----------------------------
HTML report is unavailable in plain text report export.


