----------------
; Command Info ;
----------------
Report Timing: Found 40 setup paths (0 violated).  Worst case slack is 3.575 

Tcl Command:
    report_timing -setup -show_routing -file {D:/2151097_Nguyen Nhut Khanh/docs/verification/timing/fullrtl100_select3/fast_1100mv_0c_setup.rpt} -nworst 1 -npaths 40 -detail full_path

Options:
    -setup 
    -nworst 1 
    -npaths 40 
    -show_routing 
    -detail full_path 
    -file {D:/2151097_Nguyen Nhut Khanh/docs/verification/timing/fullrtl100_select3/fast_1100mv_0c_setup.rpt} 

Delay Model:
    Fast 1100mV 0C Model

+--------------------------------------------------------------------------------------------------------------------------+
; Summary of Paths                                                                                                         ;
+-------+--------------------------+-----------------+--------------+-------------+--------------+------------+------------+
; Slack ; From Node                ; To Node         ; Launch Clock ; Latch Clock ; Relationship ; Clock Skew ; Data Delay ;
+-------+--------------------------+-----------------+--------------+-------------+--------------+------------+------------+
; 3.575 ; host_rdata[11]~reg0      ; host_rdata[11]  ; clk          ; clk         ; 10.000       ; -2.149     ; 2.176      ;
; 3.675 ; running~reg0             ; running         ; clk          ; clk         ; 10.000       ; -2.571     ; 1.654      ;
; 3.712 ; host_rdata[15]~reg0      ; host_rdata[15]  ; clk          ; clk         ; 10.000       ; -2.565     ; 1.623      ;
; 3.715 ; instr_debug[5]~reg0      ; instr_debug[5]  ; clk          ; clk         ; 10.000       ; -2.561     ; 1.624      ;
; 3.717 ; pc_debug[4]~reg0         ; pc_debug[4]     ; clk          ; clk         ; 10.000       ; -2.570     ; 1.613      ;
; 3.718 ; error~reg0               ; error           ; clk          ; clk         ; 10.000       ; -2.561     ; 1.621      ;
; 3.725 ; host_rdata[30]~reg0      ; host_rdata[30]  ; clk          ; clk         ; 10.000       ; -2.565     ; 1.610      ;
; 3.729 ; host_rdata[26]~reg0      ; host_rdata[26]  ; clk          ; clk         ; 10.000       ; -2.578     ; 1.593      ;
; 3.729 ; host_rdata[31]~reg0      ; host_rdata[31]  ; clk          ; clk         ; 10.000       ; -2.568     ; 1.603      ;
; 3.730 ; pc_debug[0]~reg0         ; pc_debug[0]     ; clk          ; clk         ; 10.000       ; -2.570     ; 1.600      ;
; 3.732 ; host_rdata[27]~reg0      ; host_rdata[27]  ; clk          ; clk         ; 10.000       ; -2.568     ; 1.600      ;
; 3.736 ; instr_debug[10]~reg0     ; instr_debug[10] ; clk          ; clk         ; 10.000       ; -2.560     ; 1.604      ;
; 3.737 ; overflow_out~reg0        ; overflow_out    ; clk          ; clk         ; 10.000       ; -2.550     ; 1.613      ;
; 3.741 ; host_rdata[12]~reg0      ; host_rdata[12]  ; clk          ; clk         ; 10.000       ; -2.559     ; 1.600      ;
; 3.742 ; host_rdata[21]~reg0      ; host_rdata[21]  ; clk          ; clk         ; 10.000       ; -2.578     ; 1.580      ;
; 3.745 ; host_rdata[19]~reg0      ; host_rdata[19]  ; clk          ; clk         ; 10.000       ; -2.574     ; 1.581      ;
; 3.747 ; pc_debug[1]~reg0         ; pc_debug[1]     ; clk          ; clk         ; 10.000       ; -2.560     ; 1.593      ;
; 3.749 ; instr_debug[7]~reg0      ; instr_debug[7]  ; clk          ; clk         ; 10.000       ; -2.560     ; 1.591      ;
; 3.750 ; instr_debug[2]~reg0      ; instr_debug[2]  ; clk          ; clk         ; 10.000       ; -2.550     ; 1.600      ;
; 3.753 ; host_rdata[8]~reg0       ; host_rdata[8]   ; clk          ; clk         ; 10.000       ; -2.149     ; 1.998      ;
; 3.758 ; host_rdata[18]~reg0      ; host_rdata[18]  ; clk          ; clk         ; 10.000       ; -2.568     ; 1.574      ;
; 3.760 ; host_rdata[13]~reg0      ; host_rdata[13]  ; clk          ; clk         ; 10.000       ; -2.580     ; 1.560      ;
; 3.760 ; pc_debug[6]~reg0         ; pc_debug[6]     ; clk          ; clk         ; 10.000       ; -2.560     ; 1.580      ;
; 3.761 ; host_rdata[5]~reg0       ; host_rdata[5]   ; clk          ; clk         ; 10.000       ; -2.155     ; 1.984      ;
; 3.765 ; instr_debug[0]~reg0      ; instr_debug[0]  ; clk          ; clk         ; 10.000       ; -2.552     ; 1.583      ;
; 3.776 ; host_rdata[6]~reg0       ; host_rdata[6]   ; clk          ; clk         ; 10.000       ; -2.149     ; 1.975      ;
; 3.781 ; instr_debug[4]~reg0      ; instr_debug[4]  ; clk          ; clk         ; 10.000       ; -2.555     ; 1.564      ;
; 3.781 ; host_rdata[28]~reg0      ; host_rdata[28]  ; clk          ; clk         ; 10.000       ; -2.568     ; 1.551      ;
; 3.783 ; host_rdata[2]~reg0       ; host_rdata[2]   ; clk          ; clk         ; 10.000       ; -2.154     ; 1.963      ;
; 3.785 ; host_rdata[7]~reg0       ; host_rdata[7]   ; clk          ; clk         ; 10.000       ; -2.154     ; 1.961      ;
; 3.788 ; instr_debug[9]~reg0      ; instr_debug[9]  ; clk          ; clk         ; 10.000       ; -2.552     ; 1.560      ;
; 3.800 ; host_rdata[1]~reg0       ; host_rdata[1]   ; clk          ; clk         ; 10.000       ; -2.154     ; 1.946      ;
; 3.805 ; running~reg0_Duplicate_1 ; ready           ; clk          ; clk         ; 10.000       ; -2.574     ; 1.521      ;
; 3.815 ; host_rdata[0]~reg0       ; host_rdata[0]   ; clk          ; clk         ; 10.000       ; -2.154     ; 1.931      ;
; 3.817 ; pc_debug[3]~reg0         ; pc_debug[3]     ; clk          ; clk         ; 10.000       ; -2.571     ; 1.512      ;
; 3.820 ; host_rdata[9]~reg0       ; host_rdata[9]   ; clk          ; clk         ; 10.000       ; -2.154     ; 1.926      ;
; 3.838 ; host_rdata[3]~reg0       ; host_rdata[3]   ; clk          ; clk         ; 10.000       ; -2.148     ; 1.914      ;
; 3.841 ; host_rdata[23]~reg0      ; host_rdata[23]  ; clk          ; clk         ; 10.000       ; -2.567     ; 1.492      ;
; 3.842 ; host_rdata[20]~reg0      ; host_rdata[20]  ; clk          ; clk         ; 10.000       ; -2.577     ; 1.481      ;
; 3.844 ; host_rdata[10]~reg0      ; host_rdata[10]  ; clk          ; clk         ; 10.000       ; -2.155     ; 1.901      ;
+-------+--------------------------+-----------------+--------------+-------------+--------------+------------+------------+

Path #1: Setup slack is 3.575 
===============================================================================
+------------------------------------------+
; Path Summary                             ;
+--------------------+---------------------+
; Property           ; Value               ;
+--------------------+---------------------+
; From Node          ; host_rdata[11]~reg0 ;
; To Node            ; host_rdata[11]      ;
; Launch Clock       ; clk                 ;
; Latch Clock        ; clk                 ;
; Data Arrival Time  ; 4.325               ;
; Data Required Time ; 7.900               ;
; Slack              ; 3.575               ;
+--------------------+---------------------+

+---------------------------------------------------------------------------------------+
; Statistics                                                                            ;
+---------------------------+--------+-------+-------------+------------+-------+-------+
; Property                  ; Value  ; Count ; Total Delay ; % of Total ; Min   ; Max   ;
+---------------------------+--------+-------+-------------+------------+-------+-------+
; Setup Relationship        ; 10.000 ;       ;             ;            ;       ;       ;
; Clock Skew                ; -2.149 ;       ;             ;            ;       ;       ;
; Data Delay                ; 2.176  ;       ;             ;            ;       ;       ;
; Number of Logic Levels    ;        ; 0     ;             ;            ;       ;       ;
; Physical Delays           ;        ;       ;             ;            ;       ;       ;
;  Arrival Path             ;        ;       ;             ;            ;       ;       ;
;   Clock                   ;        ;       ;             ;            ;       ;       ;
;    IC                     ;        ; 3     ; 0.000       ; 0          ; 0.000 ; 0.000 ;
;    Cell                   ;        ; 3     ; 0.763       ; 36         ; 0.149 ; 0.406 ;
;    Routing Element        ;        ; 25    ; 1.386       ; 64         ; 0.000 ; 0.506 ;
;   Data                    ;        ;       ;             ;            ;       ;       ;
;    IC                     ;        ; 1     ; 0.000       ; 0          ; 0.000 ; 0.000 ;
;    Cell                   ;        ; 3     ; 1.739       ; 80         ; 0.000 ; 1.739 ;
;    uTco                   ;        ; 1     ; 0.000       ; 0          ; 0.000 ; 0.000 ;
;    Routing Element        ;        ; 11    ; 0.437       ; 20         ; 0.000 ; 0.125 ;
;  Required Path            ;        ;       ;             ;            ;       ;       ;
;   Clock                   ;        ;       ;             ;            ;       ;       ;
;    Clock Network (Lumped) ;        ; 1     ; 0.000       ;            ; 0.000 ; 0.000 ;
+---------------------------+--------+-------+-------------+------------+-------+-------+
Note: Negative delays are omitted from totals when calculating percentages

+----------------------------------------------------------------------------------------------------------------+
; Data Arrival Path                                                                                              ;
+---------+---------+----+------+--------+---------------------------------------------+-------------------------+
; Total   ; Incr    ; RF ; Type ; Fanout ; Location                                    ; Element                 ;
+---------+---------+----+------+--------+---------------------------------------------+-------------------------+
; 0.000   ; 0.000   ;    ;      ;        ;                                             ; launch edge time        ;
; 2.149   ; 2.149   ;    ;      ;        ;                                             ; clock path              ;
;   0.000 ;   0.000 ;    ;      ;        ;                                             ; source latency          ;
;   0.000 ;   0.000 ;    ;      ; 1      ; PIN_AC18                                    ; clk                     ;
;   0.000 ;   0.000 ;    ; RE   ; 1      ; IOPAD_X54_Y0_N0                             ; ARRIAV_IO_PAD           ;
;   0.000 ;   0.000 ;    ; RE   ; 1      ; IO_PAD_OUTPUT_X54_Y0_N0_I1                  ; IO_PAD_OUTPUT           ;
;   0.000 ;   0.000 ;    ; RE   ; 1      ; IO_INPUT_BUFFER_INPUT_X54_Y0_N1_I0          ; IO_INPUT_BUFFER_INPUT   ;
;   0.000 ;   0.000 ; RR ; IC   ; 1      ; IOIBUF_X54_Y0_N1                            ; clk~input|i             ;
;   0.406 ;   0.406 ; RR ; CELL ; 1      ; IOIBUF_X54_Y0_N1                            ; clk~input|o             ;
;   0.406 ;   0.000 ;    ; RE   ; 1      ; IOIBUF_X54_Y0_N1                            ; ARRIAV_IO_IBUF          ;
;   0.406 ;   0.000 ;    ; RE   ; 1      ; IO_INPUT_BUFFER_OUTPUT_X54_Y0_N1_I2         ; IO_INPUT_BUFFER_OUTPUT  ;
;   0.406 ;   0.000 ;    ; RE   ; 1      ; IO_RE_X54_Y0_N0_I96                         ; IO_RE                   ;
;   0.541 ;   0.135 ;    ; RE   ; 1      ; IO_RE_X54_Y0_N0_I66                         ; IO_RE                   ;
;   0.622 ;   0.081 ;    ; RE   ; 1      ; CLKBUF_CLUSTER_RE_X58_Y0_N0_I1614           ; CLKBUF_CLUSTER_RE       ;
;   0.622 ;   0.000 ;    ; RE   ; 1      ; CLKBUF_CLUSTER_RE_X58_Y0_N0_I616            ; CLKBUF_CLUSTER_RE       ;
;   0.622 ;   0.000 ;    ; RE   ; 1      ; GCLK_CLUSTER_RE_X58_Y0_N6_I10               ; GCLK_CLUSTER_RE         ;
;   0.622 ;   0.000 ;    ; RE   ; 1      ; CLKBUFBLOCK_INPUT_X58_Y0_N7_I0              ; CLKBUFBLOCK_INPUT       ;
;   0.622 ;   0.000 ; RR ; IC   ; 1      ; CLKCTRL_G6                                  ; clk~inputCLKENA0|inclk  ;
;   0.771 ;   0.149 ; RR ; CELL ; 37157  ; CLKCTRL_G6                                  ; clk~inputCLKENA0|outclk ;
;   0.771 ;   0.000 ;    ; RE   ; 1      ; CLKCTRL_G6                                  ; ARRIAV_CLKBUF           ;
;   0.771 ;   0.000 ;    ; RE   ; 1      ; CLKBUFBLOCK_OUTPUT_X58_Y0_N7_I2             ; CLKBUFBLOCK_OUTPUT      ;
;   0.771 ;   0.000 ;    ; RE   ; 1      ; GCLK_CLUSTER_RE_X58_Y0_N6_I12               ; GCLK_CLUSTER_RE         ;
;   0.771 ;   0.000 ;    ; RE   ; 1      ; CLKBUF_CLUSTER_RE_X58_Y0_N0_I417            ; CLKBUF_CLUSTER_RE       ;
;   1.277 ;   0.506 ;    ; RE   ; 16     ; GLOBAL_CLOCK_X0_Y58_N0_I6                   ; GLOBAL_CLOCK            ;
;   1.407 ;   0.130 ;    ; RE   ; 29     ; SPINE_CLOCK_X106_Y30_N0_I2                  ; SPINE_CLOCK             ;
;   1.601 ;   0.194 ;    ; RE   ; 1      ; SCLK_TO_ROWCLK_BUF_X106_Y57_N0_I12          ; SCLK_TO_ROWCLK_BUF      ;
;   1.641 ;   0.040 ;    ; RE   ; 2      ; SCLK_TO_ROWCLK_BUF_X106_Y57_N0_I15          ; SCLK_TO_ROWCLK_BUF      ;
;   1.844 ;   0.203 ;    ; RE   ; 13     ; LAB_CLK_X107_Y57_N0_I2                      ; LAB_CLK                 ;
;   1.908 ;   0.064 ;    ; RE   ; 1      ; BLK_CLK_BUF_X120_Y57_N0_I2                  ; BLK_CLK_BUF             ;
;   1.924 ;   0.016 ;    ; RE   ; 1      ; ROWCLKSEL_PREBUF_X120_Y57_N0_I2             ; ROWCLKSEL_PREBUF        ;
;   1.941 ;   0.017 ;    ; RE   ; 1      ; ROWCLKSEL_X120_Y57_N0_I1                    ; ROWCLKSEL               ;
;   1.941 ;   0.000 ;    ; RE   ; 3      ; GLOBAL_LOCAL_SEL_X120_Y57_N0_I1             ; GLOBAL_LOCAL_SEL        ;
;   1.941 ;   0.000 ;    ; RE   ; 5      ; LAB_INPUT_X120_Y57_N0_I0                    ; LAB_INPUT               ;
;   1.941 ;   0.000 ; RR ; IC   ; 1      ; FF_X120_Y57_N43                             ; host_rdata[11]~reg0|clk ;
;   2.149 ;   0.208 ; RR ; CELL ; 1      ; FF_X120_Y57_N43                             ; host_rdata[11]~reg0     ;
; 4.325   ; 2.176   ;    ;      ;        ;                                             ; data path               ;
;   2.149 ;   0.000 ;    ; uTco ; 1      ; FF_X120_Y57_N43                             ; host_rdata[11]~reg0     ;
;   2.149 ;   0.000 ; FF ; CELL ; 1      ; FF_X120_Y57_N43                             ; host_rdata[11]~reg0|q   ;
;   2.163 ;   0.014 ;    ; RE   ; 1      ; FF_X120_Y57_N43                             ; ARRIAV_FF               ;
;   2.188 ;   0.025 ;    ; RE   ; 1      ; LE_BUFFER_X120_Y57_N0_I28                   ; LE_BUFFER               ;
;   2.313 ;   0.125 ;    ; RE   ; 1      ; C2_X120_Y55_N0_I15                          ; V_SEG2                  ;
;   2.430 ;   0.117 ;    ; RE   ; 1      ; LOCAL_INTERCONNECT_X121_Y55_N0_I66          ; LAB_LINE                ;
;   2.461 ;   0.031 ;    ; RE   ; 1      ; BLOCK_INPUT_MUX_PASSTHROUGH_X121_Y55_N0_I29 ; LEIM                    ;
;   2.586 ;   0.125 ;    ; RE   ; 1      ; IO_RE_X121_Y55_N37_I1                       ; IO_RE                   ;
;   2.586 ;   0.000 ;    ; RE   ; 1      ; IO_OUTPUT_PATH_RE_X121_Y55_N45_I1           ; IO_OUTPUT_PATH_RE       ;
;   2.586 ;   0.000 ;    ; RE   ; 1      ; IO_OUTPUT_PATH_RE_X121_Y55_N45_I18          ; IO_OUTPUT_PATH_RE       ;
;   2.586 ;   0.000 ;    ; RE   ; 1      ; IO_OUTPUT_PATH_RE_X121_Y55_N45_I17          ; IO_OUTPUT_PATH_RE       ;
;   2.586 ;   0.000 ;    ; RE   ; 1      ; IO_RE_X121_Y55_N37_I95                      ; IO_RE                   ;
;   2.586 ;   0.000 ;    ; RE   ; 1      ; IO_OUTPUT_BUFFER_INPUT_X121_Y55_N39_I0      ; IO_OUTPUT_BUFFER_INPUT  ;
;   2.586 ;   0.000 ; FF ; IC   ; 1      ; IOOBUF_X121_Y55_N39                         ; host_rdata[11]~output|i ;
;   4.325 ;   1.739 ; FF ; CELL ; 1      ; IOOBUF_X121_Y55_N39                         ; host_rdata[11]~output|o ;
;   4.325 ;   0.000 ; FF ; CELL ; 0      ; PIN_AE34                                    ; host_rdata[11]          ;
+---------+---------+----+------+--------+---------------------------------------------+-------------------------+

+--------------------------------------------------------------------------+
; Data Required Path                                                       ;
+----------+---------+----+------+--------+----------+---------------------+
; Total    ; Incr    ; RF ; Type ; Fanout ; Location ; Element             ;
+----------+---------+----+------+--------+----------+---------------------+
; 10.000   ; 10.000  ;    ;      ;        ;          ; latch edge time     ;
; 10.000   ; 0.000   ;    ;      ;        ;          ; clock path          ;
;   10.000 ;   0.000 ; R  ;      ;        ;          ; clock network delay ;
; 9.900    ; -0.100  ;    ;      ;        ;          ; clock uncertainty   ;
; 7.900    ; -2.000  ; F  ; oExt ; 0      ; PIN_AE34 ; host_rdata[11]      ;
+----------+---------+----+------+--------+----------+---------------------+

----------------------------
; Extra Fitter Information ;
----------------------------
HTML report is unavailable in plain text report export.


Path #2: Setup slack is 3.675 
===============================================================================
+-----------------------------------+
; Path Summary                      ;
+--------------------+--------------+
; Property           ; Value        ;
+--------------------+--------------+
; From Node          ; running~reg0 ;
; To Node            ; running      ;
; Launch Clock       ; clk          ;
; Latch Clock        ; clk          ;
; Data Arrival Time  ; 4.225        ;
; Data Required Time ; 7.900        ;
; Slack              ; 3.675        ;
+--------------------+--------------+

+---------------------------------------------------------------------------------------+
; Statistics                                                                            ;
+---------------------------+--------+-------+-------------+------------+-------+-------+
; Property                  ; Value  ; Count ; Total Delay ; % of Total ; Min   ; Max   ;
+---------------------------+--------+-------+-------------+------------+-------+-------+
; Setup Relationship        ; 10.000 ;       ;             ;            ;       ;       ;
; Clock Skew                ; -2.571 ;       ;             ;            ;       ;       ;
; Data Delay                ; 1.654  ;       ;             ;            ;       ;       ;
; Number of Logic Levels    ;        ; 0     ;             ;            ;       ;       ;
; Physical Delays           ;        ;       ;             ;            ;       ;       ;
;  Arrival Path             ;        ;       ;             ;            ;       ;       ;
;   Clock                   ;        ;       ;             ;            ;       ;       ;
;    IC                     ;        ; 3     ; 0.000       ; 0          ; 0.000 ; 0.000 ;
;    Cell                   ;        ; 3     ; 0.925       ; 36         ; 0.149 ; 0.406 ;
;    Routing Element        ;        ; 31    ; 1.646       ; 64         ; 0.000 ; 0.506 ;
;   Data                    ;        ;       ;             ;            ;       ;       ;
;    IC                     ;        ; 1     ; 0.000       ; 0          ; 0.000 ; 0.000 ;
;    Cell                   ;        ; 3     ; 1.654       ; 100        ; 0.000 ; 1.409 ;
;    uTco                   ;        ; 1     ; 0.000       ; 0          ; 0.000 ; 0.000 ;
;    Routing Element        ;        ; 6     ; 0.000       ; 0          ; 0.000 ; 0.000 ;
;  Required Path            ;        ;       ;             ;            ;       ;       ;
;   Clock                   ;        ;       ;             ;            ;       ;       ;
;    Clock Network (Lumped) ;        ; 1     ; 0.000       ;            ; 0.000 ; 0.000 ;
+---------------------------+--------+-------+-------------+------------+-------+-------+
Note: Negative delays are omitted from totals when calculating percentages

+---------------------------------------------------------------------------------------------------------------+
; Data Arrival Path                                                                                             ;
+---------+---------+----+------+--------+-------------------------------------------+--------------------------+
; Total   ; Incr    ; RF ; Type ; Fanout ; Location                                  ; Element                  ;
+---------+---------+----+------+--------+-------------------------------------------+--------------------------+
; 0.000   ; 0.000   ;    ;      ;        ;                                           ; launch edge time         ;
; 2.571   ; 2.571   ;    ;      ;        ;                                           ; clock path               ;
;   0.000 ;   0.000 ;    ;      ;        ;                                           ; source latency           ;
;   0.000 ;   0.000 ;    ;      ; 1      ; PIN_AC18                                  ; clk                      ;
;   0.000 ;   0.000 ;    ; RE   ; 1      ; IOPAD_X54_Y0_N0                           ; ARRIAV_IO_PAD            ;
;   0.000 ;   0.000 ;    ; RE   ; 1      ; IO_PAD_OUTPUT_X54_Y0_N0_I1                ; IO_PAD_OUTPUT            ;
;   0.000 ;   0.000 ;    ; RE   ; 1      ; IO_INPUT_BUFFER_INPUT_X54_Y0_N1_I0        ; IO_INPUT_BUFFER_INPUT    ;
;   0.000 ;   0.000 ; RR ; IC   ; 1      ; IOIBUF_X54_Y0_N1                          ; clk~input|i              ;
;   0.406 ;   0.406 ; RR ; CELL ; 1      ; IOIBUF_X54_Y0_N1                          ; clk~input|o              ;
;   0.406 ;   0.000 ;    ; RE   ; 1      ; IOIBUF_X54_Y0_N1                          ; ARRIAV_IO_IBUF           ;
;   0.406 ;   0.000 ;    ; RE   ; 1      ; IO_INPUT_BUFFER_OUTPUT_X54_Y0_N1_I2       ; IO_INPUT_BUFFER_OUTPUT   ;
;   0.406 ;   0.000 ;    ; RE   ; 1      ; IO_RE_X54_Y0_N0_I96                       ; IO_RE                    ;
;   0.541 ;   0.135 ;    ; RE   ; 1      ; IO_RE_X54_Y0_N0_I66                       ; IO_RE                    ;
;   0.622 ;   0.081 ;    ; RE   ; 1      ; CLKBUF_CLUSTER_RE_X58_Y0_N0_I1614         ; CLKBUF_CLUSTER_RE        ;
;   0.622 ;   0.000 ;    ; RE   ; 1      ; CLKBUF_CLUSTER_RE_X58_Y0_N0_I616          ; CLKBUF_CLUSTER_RE        ;
;   0.622 ;   0.000 ;    ; RE   ; 1      ; GCLK_CLUSTER_RE_X58_Y0_N6_I10             ; GCLK_CLUSTER_RE          ;
;   0.622 ;   0.000 ;    ; RE   ; 1      ; CLKBUFBLOCK_INPUT_X58_Y0_N7_I0            ; CLKBUFBLOCK_INPUT        ;
;   0.622 ;   0.000 ; RR ; IC   ; 1      ; CLKCTRL_G6                                ; clk~inputCLKENA0|inclk   ;
;   0.771 ;   0.149 ; RR ; CELL ; 37157  ; CLKCTRL_G6                                ; clk~inputCLKENA0|outclk  ;
;   0.771 ;   0.000 ;    ; RE   ; 1      ; CLKCTRL_G6                                ; ARRIAV_CLKBUF            ;
;   0.771 ;   0.000 ;    ; RE   ; 1      ; CLKBUFBLOCK_OUTPUT_X58_Y0_N7_I2           ; CLKBUFBLOCK_OUTPUT       ;
;   0.771 ;   0.000 ;    ; RE   ; 1      ; GCLK_CLUSTER_RE_X58_Y0_N6_I12             ; GCLK_CLUSTER_RE          ;
;   0.771 ;   0.000 ;    ; RE   ; 1      ; CLKBUF_CLUSTER_RE_X58_Y0_N0_I417          ; CLKBUF_CLUSTER_RE        ;
;   1.277 ;   0.506 ;    ; RE   ; 16     ; GLOBAL_CLOCK_X0_Y58_N0_I6                 ; GLOBAL_CLOCK             ;
;   1.407 ;   0.130 ;    ; RE   ; 29     ; SPINE_CLOCK_X106_Y30_N0_I2                ; SPINE_CLOCK              ;
;   1.601 ;   0.194 ;    ; RE   ; 1      ; SCLK_TO_ROWCLK_BUF_X106_Y41_N0_I12        ; SCLK_TO_ROWCLK_BUF       ;
;   1.641 ;   0.040 ;    ; RE   ; 2      ; SCLK_TO_ROWCLK_BUF_X106_Y41_N0_I15        ; SCLK_TO_ROWCLK_BUF       ;
;   1.844 ;   0.203 ;    ; RE   ; 8      ; LAB_CLK_X107_Y41_N0_I2                    ; LAB_CLK                  ;
;   1.917 ;   0.073 ;    ; RE   ; 1      ; BLK_CLK_BUF_X121_Y41_N0_I2                ; BLK_CLK_BUF              ;
;   1.972 ;   0.055 ;    ; RE   ; 2      ; BLK_CLK_LIM_X121_Y41_N0_I2                ; BLK_CLK_LIM              ;
;   2.038 ;   0.066 ;    ; RE   ; 2      ; LOCAL_INTERCONNECT_X121_Y41_N0_I26        ; LAB_LINE                 ;
;   2.065 ;   0.027 ;    ; RE   ; 1      ; LEIMC_X121_Y41_N0_I4                      ; LEIMC                    ;
;   2.065 ;   0.000 ;    ; RE   ; 1      ; GLOBAL_LOCAL_SEL_X121_Y41_N0_I4           ; GLOBAL_LOCAL_SEL         ;
;   2.201 ;   0.136 ;    ; RE   ; 1      ; IO_RE_X121_Y41_N37_I11                    ; IO_RE                    ;
;   2.201 ;   0.000 ;    ; RE   ; 1      ; IO_OUTPUT_ENABLE_PATH_RE_X121_Y41_N41_I6  ; IO_OUTPUT_ENABLE_PATH_RE ;
;   2.201 ;   0.000 ;    ; RE   ; 1      ; IO_OUTPUT_ENABLE_PATH_RE_X121_Y41_N41_I22 ; IO_OUTPUT_ENABLE_PATH_RE ;
;   2.201 ;   0.000 ;    ; RE   ; 1      ; IO_OUTPUT_ENABLE_PATH_RE_X121_Y41_N41_I14 ; IO_OUTPUT_ENABLE_PATH_RE ;
;   2.201 ;   0.000 ;    ; RE   ; 1      ; IO_OUTPUT_PATH_RE_X121_Y41_N45_I5         ; IO_OUTPUT_PATH_RE        ;
;   2.201 ;   0.000 ;    ; RE   ; 1      ; MP_DDIO_OUT_INPUT_X121_Y41_N47_I0         ; MP_DDIO_OUT_INPUT        ;
;   2.201 ;   0.000 ; RR ; IC   ; 1      ; DDIOOUTCELL_X121_Y41_N47                  ; running~reg0|clk         ;
;   2.571 ;   0.370 ; RR ; CELL ; 1      ; DDIOOUTCELL_X121_Y41_N47                  ; running~reg0             ;
; 4.225   ; 1.654   ;    ;      ;        ;                                           ; data path                ;
;   2.571 ;   0.000 ;    ; uTco ; 1      ; DDIOOUTCELL_X121_Y41_N47                  ; running~reg0             ;
;   2.816 ;   0.245 ; RR ; CELL ; 1      ; DDIOOUTCELL_X121_Y41_N47                  ; running~reg0|q           ;
;   2.816 ;   0.000 ;    ; RE   ; 1      ; DDIOOUTCELL_X121_Y41_N47                  ; ARRIAV_FF                ;
;   2.816 ;   0.000 ;    ; RE   ; 1      ; MP_DDIO_OUT_OUTPUT_X121_Y41_N47_I5        ; MP_DDIO_OUT_OUTPUT       ;
;   2.816 ;   0.000 ;    ; RE   ; 1      ; IO_OUTPUT_PATH_RE_X121_Y41_N45_I18        ; IO_OUTPUT_PATH_RE        ;
;   2.816 ;   0.000 ;    ; RE   ; 1      ; IO_OUTPUT_PATH_RE_X121_Y41_N45_I17        ; IO_OUTPUT_PATH_RE        ;
;   2.816 ;   0.000 ;    ; RE   ; 1      ; IO_RE_X121_Y41_N37_I95                    ; IO_RE                    ;
;   2.816 ;   0.000 ;    ; RE   ; 1      ; IO_OUTPUT_BUFFER_INPUT_X121_Y41_N39_I0    ; IO_OUTPUT_BUFFER_INPUT   ;
;   2.816 ;   0.000 ; RR ; IC   ; 1      ; IOOBUF_X121_Y41_N39                       ; running~output|i         ;
;   4.225 ;   1.409 ; RR ; CELL ; 1      ; IOOBUF_X121_Y41_N39                       ; running~output|o         ;
;   4.225 ;   0.000 ; RR ; CELL ; 0      ; PIN_AN34                                  ; running                  ;
+---------+---------+----+------+--------+-------------------------------------------+--------------------------+

+--------------------------------------------------------------------------+
; Data Required Path                                                       ;
+----------+---------+----+------+--------+----------+---------------------+
; Total    ; Incr    ; RF ; Type ; Fanout ; Location ; Element             ;
+----------+---------+----+------+--------+----------+---------------------+
; 10.000   ; 10.000  ;    ;      ;        ;          ; latch edge time     ;
; 10.000   ; 0.000   ;    ;      ;        ;          ; clock path          ;
;   10.000 ;   0.000 ; R  ;      ;        ;          ; clock network delay ;
; 9.900    ; -0.100  ;    ;      ;        ;          ; clock uncertainty   ;
; 7.900    ; -2.000  ; R  ; oExt ; 0      ; PIN_AN34 ; running             ;
+----------+---------+----+------+--------+----------+---------------------+

----------------------------
; Extra Fitter Information ;
----------------------------
HTML report is unavailable in plain text report export.


Path #3: Setup slack is 3.712 
===============================================================================
+------------------------------------------+
; Path Summary                             ;
+--------------------+---------------------+
; Property           ; Value               ;
+--------------------+---------------------+
; From Node          ; host_rdata[15]~reg0 ;
; To Node            ; host_rdata[15]      ;
; Launch Clock       ; clk                 ;
; Latch Clock        ; clk                 ;
; Data Arrival Time  ; 4.188               ;
; Data Required Time ; 7.900               ;
; Slack              ; 3.712               ;
+--------------------+---------------------+

+---------------------------------------------------------------------------------------+
; Statistics                                                                            ;
+---------------------------+--------+-------+-------------+------------+-------+-------+
; Property                  ; Value  ; Count ; Total Delay ; % of Total ; Min   ; Max   ;
+---------------------------+--------+-------+-------------+------------+-------+-------+
; Setup Relationship        ; 10.000 ;       ;             ;            ;       ;       ;
; Clock Skew                ; -2.565 ;       ;             ;            ;       ;       ;
; Data Delay                ; 1.623  ;       ;             ;            ;       ;       ;
; Number of Logic Levels    ;        ; 0     ;             ;            ;       ;       ;
; Physical Delays           ;        ;       ;             ;            ;       ;       ;
;  Arrival Path             ;        ;       ;             ;            ;       ;       ;
;   Clock                   ;        ;       ;             ;            ;       ;       ;
;    IC                     ;        ; 3     ; 0.000       ; 0          ; 0.000 ; 0.000 ;
;    Cell                   ;        ; 3     ; 0.925       ; 36         ; 0.149 ; 0.406 ;
;    Routing Element        ;        ; 31    ; 1.640       ; 64         ; 0.000 ; 0.503 ;
;   Data                    ;        ;       ;             ;            ;       ;       ;
;    IC                     ;        ; 1     ; 0.000       ; 0          ; 0.000 ; 0.000 ;
;    Cell                   ;        ; 3     ; 1.623       ; 100        ; 0.000 ; 1.379 ;
;    uTco                   ;        ; 1     ; 0.000       ; 0          ; 0.000 ; 0.000 ;
;    Routing Element        ;        ; 6     ; 0.000       ; 0          ; 0.000 ; 0.000 ;
;  Required Path            ;        ;       ;             ;            ;       ;       ;
;   Clock                   ;        ;       ;             ;            ;       ;       ;
;    Clock Network (Lumped) ;        ; 1     ; 0.000       ;            ; 0.000 ; 0.000 ;
+---------------------------+--------+-------+-------------+------------+-------+-------+
Note: Negative delays are omitted from totals when calculating percentages

+---------------------------------------------------------------------------------------------------------------+
; Data Arrival Path                                                                                             ;
+---------+---------+----+------+--------+-------------------------------------------+--------------------------+
; Total   ; Incr    ; RF ; Type ; Fanout ; Location                                  ; Element                  ;
+---------+---------+----+------+--------+-------------------------------------------+--------------------------+
; 0.000   ; 0.000   ;    ;      ;        ;                                           ; launch edge time         ;
; 2.565   ; 2.565   ;    ;      ;        ;                                           ; clock path               ;
;   0.000 ;   0.000 ;    ;      ;        ;                                           ; source latency           ;
;   0.000 ;   0.000 ;    ;      ; 1      ; PIN_AC18                                  ; clk                      ;
;   0.000 ;   0.000 ;    ; RE   ; 1      ; IOPAD_X54_Y0_N0                           ; ARRIAV_IO_PAD            ;
;   0.000 ;   0.000 ;    ; RE   ; 1      ; IO_PAD_OUTPUT_X54_Y0_N0_I1                ; IO_PAD_OUTPUT            ;
;   0.000 ;   0.000 ;    ; RE   ; 1      ; IO_INPUT_BUFFER_INPUT_X54_Y0_N1_I0        ; IO_INPUT_BUFFER_INPUT    ;
;   0.000 ;   0.000 ; RR ; IC   ; 1      ; IOIBUF_X54_Y0_N1                          ; clk~input|i              ;
;   0.406 ;   0.406 ; RR ; CELL ; 1      ; IOIBUF_X54_Y0_N1                          ; clk~input|o              ;
;   0.406 ;   0.000 ;    ; RE   ; 1      ; IOIBUF_X54_Y0_N1                          ; ARRIAV_IO_IBUF           ;
;   0.406 ;   0.000 ;    ; RE   ; 1      ; IO_INPUT_BUFFER_OUTPUT_X54_Y0_N1_I2       ; IO_INPUT_BUFFER_OUTPUT   ;
;   0.406 ;   0.000 ;    ; RE   ; 1      ; IO_RE_X54_Y0_N0_I96                       ; IO_RE                    ;
;   0.541 ;   0.135 ;    ; RE   ; 1      ; IO_RE_X54_Y0_N0_I66                       ; IO_RE                    ;
;   0.622 ;   0.081 ;    ; RE   ; 1      ; CLKBUF_CLUSTER_RE_X58_Y0_N0_I1614         ; CLKBUF_CLUSTER_RE        ;
;   0.622 ;   0.000 ;    ; RE   ; 1      ; CLKBUF_CLUSTER_RE_X58_Y0_N0_I616          ; CLKBUF_CLUSTER_RE        ;
;   0.622 ;   0.000 ;    ; RE   ; 1      ; GCLK_CLUSTER_RE_X58_Y0_N6_I10             ; GCLK_CLUSTER_RE          ;
;   0.622 ;   0.000 ;    ; RE   ; 1      ; CLKBUFBLOCK_INPUT_X58_Y0_N7_I0            ; CLKBUFBLOCK_INPUT        ;
;   0.622 ;   0.000 ; RR ; IC   ; 1      ; CLKCTRL_G6                                ; clk~inputCLKENA0|inclk   ;
;   0.771 ;   0.149 ; RR ; CELL ; 37157  ; CLKCTRL_G6                                ; clk~inputCLKENA0|outclk  ;
;   0.771 ;   0.000 ;    ; RE   ; 1      ; CLKCTRL_G6                                ; ARRIAV_CLKBUF            ;
;   0.771 ;   0.000 ;    ; RE   ; 1      ; CLKBUFBLOCK_OUTPUT_X58_Y0_N7_I2           ; CLKBUFBLOCK_OUTPUT       ;
;   0.771 ;   0.000 ;    ; RE   ; 1      ; GCLK_CLUSTER_RE_X58_Y0_N6_I12             ; GCLK_CLUSTER_RE          ;
;   0.771 ;   0.000 ;    ; RE   ; 1      ; CLKBUF_CLUSTER_RE_X58_Y0_N0_I417          ; CLKBUF_CLUSTER_RE        ;
;   1.274 ;   0.503 ;    ; RE   ; 16     ; GLOBAL_CLOCK_X0_Y58_N0_I6                 ; GLOBAL_CLOCK             ;
;   1.406 ;   0.132 ;    ; RE   ; 29     ; SPINE_CLOCK_X106_Y59_N0_I2                ; SPINE_CLOCK              ;
;   1.600 ;   0.194 ;    ; RE   ; 1      ; SCLK_TO_ROWCLK_BUF_X106_Y70_N0_I12        ; SCLK_TO_ROWCLK_BUF       ;
;   1.640 ;   0.040 ;    ; RE   ; 2      ; SCLK_TO_ROWCLK_BUF_X106_Y70_N0_I15        ; SCLK_TO_ROWCLK_BUF       ;
;   1.843 ;   0.203 ;    ; RE   ; 2      ; LAB_CLK_X107_Y70_N0_I2                    ; LAB_CLK                  ;
;   1.916 ;   0.073 ;    ; RE   ; 1      ; BLK_CLK_BUF_X121_Y70_N0_I2                ; BLK_CLK_BUF              ;
;   1.971 ;   0.055 ;    ; RE   ; 2      ; BLK_CLK_LIM_X121_Y70_N0_I2                ; BLK_CLK_LIM              ;
;   2.040 ;   0.069 ;    ; RE   ; 3      ; LOCAL_INTERCONNECT_X121_Y70_N0_I26        ; LAB_LINE                 ;
;   2.068 ;   0.028 ;    ; RE   ; 1      ; LEIMC_X121_Y70_N0_I4                      ; LEIMC                    ;
;   2.068 ;   0.000 ;    ; RE   ; 1      ; GLOBAL_LOCAL_SEL_X121_Y70_N0_I4           ; GLOBAL_LOCAL_SEL         ;
;   2.195 ;   0.127 ;    ; RE   ; 1      ; IO_RE_X121_Y70_N37_I11                    ; IO_RE                    ;
;   2.195 ;   0.000 ;    ; RE   ; 1      ; IO_OUTPUT_ENABLE_PATH_RE_X121_Y70_N41_I6  ; IO_OUTPUT_ENABLE_PATH_RE ;
;   2.195 ;   0.000 ;    ; RE   ; 1      ; IO_OUTPUT_ENABLE_PATH_RE_X121_Y70_N41_I22 ; IO_OUTPUT_ENABLE_PATH_RE ;
;   2.195 ;   0.000 ;    ; RE   ; 1      ; IO_OUTPUT_ENABLE_PATH_RE_X121_Y70_N41_I14 ; IO_OUTPUT_ENABLE_PATH_RE ;
;   2.195 ;   0.000 ;    ; RE   ; 1      ; IO_OUTPUT_PATH_RE_X121_Y70_N45_I5         ; IO_OUTPUT_PATH_RE        ;
;   2.195 ;   0.000 ;    ; RE   ; 1      ; MP_DDIO_OUT_INPUT_X121_Y70_N47_I0         ; MP_DDIO_OUT_INPUT        ;
;   2.195 ;   0.000 ; RR ; IC   ; 1      ; DDIOOUTCELL_X121_Y70_N47                  ; host_rdata[15]~reg0|clk  ;
;   2.565 ;   0.370 ; RR ; CELL ; 1      ; DDIOOUTCELL_X121_Y70_N47                  ; host_rdata[15]~reg0      ;
; 4.188   ; 1.623   ;    ;      ;        ;                                           ; data path                ;
;   2.565 ;   0.000 ;    ; uTco ; 1      ; DDIOOUTCELL_X121_Y70_N47                  ; host_rdata[15]~reg0      ;
;   2.809 ;   0.244 ; RR ; CELL ; 1      ; DDIOOUTCELL_X121_Y70_N47                  ; host_rdata[15]~reg0|q    ;
;   2.809 ;   0.000 ;    ; RE   ; 1      ; DDIOOUTCELL_X121_Y70_N47                  ; ARRIAV_FF                ;
;   2.809 ;   0.000 ;    ; RE   ; 1      ; MP_DDIO_OUT_OUTPUT_X121_Y70_N47_I5        ; MP_DDIO_OUT_OUTPUT       ;
;   2.809 ;   0.000 ;    ; RE   ; 1      ; IO_OUTPUT_PATH_RE_X121_Y70_N45_I18        ; IO_OUTPUT_PATH_RE        ;
;   2.809 ;   0.000 ;    ; RE   ; 1      ; IO_OUTPUT_PATH_RE_X121_Y70_N45_I17        ; IO_OUTPUT_PATH_RE        ;
;   2.809 ;   0.000 ;    ; RE   ; 1      ; IO_RE_X121_Y70_N37_I95                    ; IO_RE                    ;
;   2.809 ;   0.000 ;    ; RE   ; 1      ; IO_OUTPUT_BUFFER_INPUT_X121_Y70_N39_I0    ; IO_OUTPUT_BUFFER_INPUT   ;
;   2.809 ;   0.000 ; RR ; IC   ; 1      ; IOOBUF_X121_Y70_N39                       ; host_rdata[15]~output|i  ;
;   4.188 ;   1.379 ; RR ; CELL ; 1      ; IOOBUF_X121_Y70_N39                       ; host_rdata[15]~output|o  ;
;   4.188 ;   0.000 ; RR ; CELL ; 0      ; PIN_K34                                   ; host_rdata[15]           ;
+---------+---------+----+------+--------+-------------------------------------------+--------------------------+

+--------------------------------------------------------------------------+
; Data Required Path                                                       ;
+----------+---------+----+------+--------+----------+---------------------+
; Total    ; Incr    ; RF ; Type ; Fanout ; Location ; Element             ;
+----------+---------+----+------+--------+----------+---------------------+
; 10.000   ; 10.000  ;    ;      ;        ;          ; latch edge time     ;
; 10.000   ; 0.000   ;    ;      ;        ;          ; clock path          ;
;   10.000 ;   0.000 ; R  ;      ;        ;          ; clock network delay ;
; 9.900    ; -0.100  ;    ;      ;        ;          ; clock uncertainty   ;
; 7.900    ; -2.000  ; R  ; oExt ; 0      ; PIN_K34  ; host_rdata[15]      ;
+----------+---------+----+------+--------+----------+---------------------+

----------------------------
; Extra Fitter Information ;
----------------------------
HTML report is unavailable in plain text report export.


Path #4: Setup slack is 3.715 
===============================================================================
+------------------------------------------+
; Path Summary                             ;
+--------------------+---------------------+
; Property           ; Value               ;
+--------------------+---------------------+
; From Node          ; instr_debug[5]~reg0 ;
; To Node            ; instr_debug[5]      ;
; Launch Clock       ; clk                 ;
; Latch Clock        ; clk                 ;
; Data Arrival Time  ; 4.185               ;
; Data Required Time ; 7.900               ;
; Slack              ; 3.715               ;
+--------------------+---------------------+

+----------------------------------------------------------------------------------------+
; Statistics                                                                             ;
+---------------------------+--------+-------+-------------+------------+--------+-------+
; Property                  ; Value  ; Count ; Total Delay ; % of Total ; Min    ; Max   ;
+---------------------------+--------+-------+-------------+------------+--------+-------+
; Setup Relationship        ; 10.000 ;       ;             ;            ;        ;       ;
; Clock Skew                ; -2.561 ;       ;             ;            ;        ;       ;
; Data Delay                ; 1.624  ;       ;             ;            ;        ;       ;
; Number of Logic Levels    ;        ; 0     ;             ;            ;        ;       ;
; Physical Delays           ;        ;       ;             ;            ;        ;       ;
;  Arrival Path             ;        ;       ;             ;            ;        ;       ;
;   Clock                   ;        ;       ;             ;            ;        ;       ;
;    IC                     ;        ; 3     ; -0.001      ; 0          ; -0.001 ; 0.000 ;
;    Cell                   ;        ; 3     ; 0.925       ; 36         ; 0.149  ; 0.406 ;
;    Routing Element        ;        ; 31    ; 1.637       ; 64         ; 0.000  ; 0.506 ;
;   Data                    ;        ;       ;             ;            ;        ;       ;
;    IC                     ;        ; 1     ; 0.000       ; 0          ; 0.000  ; 0.000 ;
;    Cell                   ;        ; 3     ; 1.624       ; 100        ; 0.000  ; 1.379 ;
;    uTco                   ;        ; 1     ; 0.000       ; 0          ; 0.000  ; 0.000 ;
;    Routing Element        ;        ; 6     ; 0.000       ; 0          ; 0.000  ; 0.000 ;
;  Required Path            ;        ;       ;             ;            ;        ;       ;
;   Clock                   ;        ;       ;             ;            ;        ;       ;
;    Clock Network (Lumped) ;        ; 1     ; 0.000       ;            ; 0.000  ; 0.000 ;
+---------------------------+--------+-------+-------------+------------+--------+-------+
Note: Negative delays are omitted from totals when calculating percentages

+----------------------------------------------------------------------------------------------------------------+
; Data Arrival Path                                                                                              ;
+---------+----------+----+------+--------+-------------------------------------------+--------------------------+
; Total   ; Incr     ; RF ; Type ; Fanout ; Location                                  ; Element                  ;
+---------+----------+----+------+--------+-------------------------------------------+--------------------------+
; 0.000   ; 0.000    ;    ;      ;        ;                                           ; launch edge time         ;
; 2.561   ; 2.561    ;    ;      ;        ;                                           ; clock path               ;
;   0.000 ;   0.000  ;    ;      ;        ;                                           ; source latency           ;
;   0.000 ;   0.000  ;    ;      ; 1      ; PIN_AC18                                  ; clk                      ;
;   0.000 ;   0.000  ;    ; RE   ; 1      ; IOPAD_X54_Y0_N0                           ; ARRIAV_IO_PAD            ;
;   0.000 ;   0.000  ;    ; RE   ; 1      ; IO_PAD_OUTPUT_X54_Y0_N0_I1                ; IO_PAD_OUTPUT            ;
;   0.000 ;   0.000  ;    ; RE   ; 1      ; IO_INPUT_BUFFER_INPUT_X54_Y0_N1_I0        ; IO_INPUT_BUFFER_INPUT    ;
;   0.000 ;   0.000  ; RR ; IC   ; 1      ; IOIBUF_X54_Y0_N1                          ; clk~input|i              ;
;   0.406 ;   0.406  ; RR ; CELL ; 1      ; IOIBUF_X54_Y0_N1                          ; clk~input|o              ;
;   0.406 ;   0.000  ;    ; RE   ; 1      ; IOIBUF_X54_Y0_N1                          ; ARRIAV_IO_IBUF           ;
;   0.406 ;   0.000  ;    ; RE   ; 1      ; IO_INPUT_BUFFER_OUTPUT_X54_Y0_N1_I2       ; IO_INPUT_BUFFER_OUTPUT   ;
;   0.406 ;   0.000  ;    ; RE   ; 1      ; IO_RE_X54_Y0_N0_I96                       ; IO_RE                    ;
;   0.541 ;   0.135  ;    ; RE   ; 1      ; IO_RE_X54_Y0_N0_I66                       ; IO_RE                    ;
;   0.622 ;   0.081  ;    ; RE   ; 1      ; CLKBUF_CLUSTER_RE_X58_Y0_N0_I1614         ; CLKBUF_CLUSTER_RE        ;
;   0.622 ;   0.000  ;    ; RE   ; 1      ; CLKBUF_CLUSTER_RE_X58_Y0_N0_I616          ; CLKBUF_CLUSTER_RE        ;
;   0.622 ;   0.000  ;    ; RE   ; 1      ; GCLK_CLUSTER_RE_X58_Y0_N6_I10             ; GCLK_CLUSTER_RE          ;
;   0.622 ;   0.000  ;    ; RE   ; 1      ; CLKBUFBLOCK_INPUT_X58_Y0_N7_I0            ; CLKBUFBLOCK_INPUT        ;
;   0.622 ;   0.000  ; RR ; IC   ; 1      ; CLKCTRL_G6                                ; clk~inputCLKENA0|inclk   ;
;   0.771 ;   0.149  ; RR ; CELL ; 37157  ; CLKCTRL_G6                                ; clk~inputCLKENA0|outclk  ;
;   0.771 ;   0.000  ;    ; RE   ; 1      ; CLKCTRL_G6                                ; ARRIAV_CLKBUF            ;
;   0.771 ;   0.000  ;    ; RE   ; 1      ; CLKBUFBLOCK_OUTPUT_X58_Y0_N7_I2           ; CLKBUFBLOCK_OUTPUT       ;
;   0.771 ;   0.000  ;    ; RE   ; 1      ; GCLK_CLUSTER_RE_X58_Y0_N6_I12             ; GCLK_CLUSTER_RE          ;
;   0.771 ;   0.000  ;    ; RE   ; 1      ; CLKBUF_CLUSTER_RE_X58_Y0_N0_I417          ; CLKBUF_CLUSTER_RE        ;
;   1.277 ;   0.506  ;    ; RE   ; 16     ; GLOBAL_CLOCK_X0_Y58_N0_I6                 ; GLOBAL_CLOCK             ;
;   1.405 ;   0.128  ;    ; RE   ; 29     ; SPINE_CLOCK_X106_Y30_N0_I2                ; SPINE_CLOCK              ;
;   1.599 ;   0.194  ;    ; RE   ; 1      ; SCLK_TO_ROWCLK_BUF_X106_Y51_N0_I12        ; SCLK_TO_ROWCLK_BUF       ;
;   1.639 ;   0.040  ;    ; RE   ; 2      ; SCLK_TO_ROWCLK_BUF_X106_Y51_N0_I15        ; SCLK_TO_ROWCLK_BUF       ;
;   1.842 ;   0.203  ;    ; RE   ; 14     ; LAB_CLK_X107_Y51_N0_I2                    ; LAB_CLK                  ;
;   1.915 ;   0.073  ;    ; RE   ; 1      ; BLK_CLK_BUF_X121_Y51_N0_I2                ; BLK_CLK_BUF              ;
;   1.970 ;   0.055  ;    ; RE   ; 2      ; BLK_CLK_LIM_X121_Y51_N0_I2                ; BLK_CLK_LIM              ;
;   2.034 ;   0.064  ;    ; RE   ; 1      ; LOCAL_INTERCONNECT_X121_Y51_N0_I26        ; LAB_LINE                 ;
;   2.061 ;   0.027  ;    ; RE   ; 1      ; LEIMC_X121_Y51_N0_I4                      ; LEIMC                    ;
;   2.061 ;   0.000  ;    ; RE   ; 1      ; GLOBAL_LOCAL_SEL_X121_Y51_N0_I4           ; GLOBAL_LOCAL_SEL         ;
;   2.192 ;   0.131  ;    ; RE   ; 1      ; IO_RE_X121_Y51_N77_I11                    ; IO_RE                    ;
;   2.192 ;   0.000  ;    ; RE   ; 1      ; IO_OUTPUT_ENABLE_PATH_RE_X121_Y51_N81_I6  ; IO_OUTPUT_ENABLE_PATH_RE ;
;   2.192 ;   0.000  ;    ; RE   ; 1      ; IO_OUTPUT_ENABLE_PATH_RE_X121_Y51_N81_I22 ; IO_OUTPUT_ENABLE_PATH_RE ;
;   2.192 ;   0.000  ;    ; RE   ; 1      ; IO_OUTPUT_ENABLE_PATH_RE_X121_Y51_N81_I14 ; IO_OUTPUT_ENABLE_PATH_RE ;
;   2.192 ;   0.000  ;    ; RE   ; 1      ; IO_OUTPUT_PATH_RE_X121_Y51_N85_I5         ; IO_OUTPUT_PATH_RE        ;
;   2.192 ;   0.000  ;    ; RE   ; 1      ; MP_DDIO_OUT_INPUT_X121_Y51_N87_I0         ; MP_DDIO_OUT_INPUT        ;
;   2.191 ;   -0.001 ; RR ; IC   ; 1      ; DDIOOUTCELL_X121_Y51_N87                  ; instr_debug[5]~reg0|clk  ;
;   2.561 ;   0.370  ; RR ; CELL ; 1      ; DDIOOUTCELL_X121_Y51_N87                  ; instr_debug[5]~reg0      ;
; 4.185   ; 1.624    ;    ;      ;        ;                                           ; data path                ;
;   2.561 ;   0.000  ;    ; uTco ; 1      ; DDIOOUTCELL_X121_Y51_N87                  ; instr_debug[5]~reg0      ;
;   2.806 ;   0.245  ; RR ; CELL ; 1      ; DDIOOUTCELL_X121_Y51_N87                  ; instr_debug[5]~reg0|q    ;
;   2.806 ;   0.000  ;    ; RE   ; 1      ; DDIOOUTCELL_X121_Y51_N87                  ; ARRIAV_FF                ;
;   2.806 ;   0.000  ;    ; RE   ; 1      ; MP_DDIO_OUT_OUTPUT_X121_Y51_N87_I5        ; MP_DDIO_OUT_OUTPUT       ;
;   2.806 ;   0.000  ;    ; RE   ; 1      ; IO_OUTPUT_PATH_RE_X121_Y51_N85_I18        ; IO_OUTPUT_PATH_RE        ;
;   2.806 ;   0.000  ;    ; RE   ; 1      ; IO_OUTPUT_PATH_RE_X121_Y51_N85_I17        ; IO_OUTPUT_PATH_RE        ;
;   2.806 ;   0.000  ;    ; RE   ; 1      ; IO_RE_X121_Y51_N77_I95                    ; IO_RE                    ;
;   2.806 ;   0.000  ;    ; RE   ; 1      ; IO_OUTPUT_BUFFER_INPUT_X121_Y51_N79_I0    ; IO_OUTPUT_BUFFER_INPUT   ;
;   2.806 ;   0.000  ; RR ; IC   ; 1      ; IOOBUF_X121_Y51_N79                       ; instr_debug[5]~output|i  ;
;   4.185 ;   1.379  ; RR ; CELL ; 1      ; IOOBUF_X121_Y51_N79                       ; instr_debug[5]~output|o  ;
;   4.185 ;   0.000  ; RR ; CELL ; 0      ; PIN_AG34                                  ; instr_debug[5]           ;
+---------+----------+----+------+--------+-------------------------------------------+--------------------------+

+--------------------------------------------------------------------------+
; Data Required Path                                                       ;
+----------+---------+----+------+--------+----------+---------------------+
; Total    ; Incr    ; RF ; Type ; Fanout ; Location ; Element             ;
+----------+---------+----+------+--------+----------+---------------------+
; 10.000   ; 10.000  ;    ;      ;        ;          ; latch edge time     ;
; 10.000   ; 0.000   ;    ;      ;        ;          ; clock path          ;
;   10.000 ;   0.000 ; R  ;      ;        ;          ; clock network delay ;
; 9.900    ; -0.100  ;    ;      ;        ;          ; clock uncertainty   ;
; 7.900    ; -2.000  ; R  ; oExt ; 0      ; PIN_AG34 ; instr_debug[5]      ;
+----------+---------+----+------+--------+----------+---------------------+

----------------------------
; Extra Fitter Information ;
----------------------------
HTML report is unavailable in plain text report export.


Path #5: Setup slack is 3.717 
===============================================================================
+---------------------------------------+
; Path Summary                          ;
+--------------------+------------------+
; Property           ; Value            ;
+--------------------+------------------+
; From Node          ; pc_debug[4]~reg0 ;
; To Node            ; pc_debug[4]      ;
; Launch Clock       ; clk              ;
; Latch Clock        ; clk              ;
; Data Arrival Time  ; 4.183            ;
; Data Required Time ; 7.900            ;
; Slack              ; 3.717            ;
+--------------------+------------------+

+---------------------------------------------------------------------------------------+
; Statistics                                                                            ;
+---------------------------+--------+-------+-------------+------------+-------+-------+
; Property                  ; Value  ; Count ; Total Delay ; % of Total ; Min   ; Max   ;
+---------------------------+--------+-------+-------------+------------+-------+-------+
; Setup Relationship        ; 10.000 ;       ;             ;            ;       ;       ;
; Clock Skew                ; -2.570 ;       ;             ;            ;       ;       ;
; Data Delay                ; 1.613  ;       ;             ;            ;       ;       ;
; Number of Logic Levels    ;        ; 0     ;             ;            ;       ;       ;
; Physical Delays           ;        ;       ;             ;            ;       ;       ;
;  Arrival Path             ;        ;       ;             ;            ;       ;       ;
;   Clock                   ;        ;       ;             ;            ;       ;       ;
;    IC                     ;        ; 3     ; 0.000       ; 0          ; 0.000 ; 0.000 ;
;    Cell                   ;        ; 3     ; 0.925       ; 36         ; 0.149 ; 0.406 ;
;    Routing Element        ;        ; 31    ; 1.645       ; 64         ; 0.000 ; 0.506 ;
;   Data                    ;        ;       ;             ;            ;       ;       ;
;    IC                     ;        ; 1     ; 0.000       ; 0          ; 0.000 ; 0.000 ;
;    Cell                   ;        ; 3     ; 1.613       ; 100        ; 0.000 ; 1.369 ;
;    uTco                   ;        ; 1     ; 0.000       ; 0          ; 0.000 ; 0.000 ;
;    Routing Element        ;        ; 6     ; 0.000       ; 0          ; 0.000 ; 0.000 ;
;  Required Path            ;        ;       ;             ;            ;       ;       ;
;   Clock                   ;        ;       ;             ;            ;       ;       ;
;    Clock Network (Lumped) ;        ; 1     ; 0.000       ;            ; 0.000 ; 0.000 ;
+---------------------------+--------+-------+-------------+------------+-------+-------+
Note: Negative delays are omitted from totals when calculating percentages

+---------------------------------------------------------------------------------------------------------------+
; Data Arrival Path                                                                                             ;
+---------+---------+----+------+--------+-------------------------------------------+--------------------------+
; Total   ; Incr    ; RF ; Type ; Fanout ; Location                                  ; Element                  ;
+---------+---------+----+------+--------+-------------------------------------------+--------------------------+
; 0.000   ; 0.000   ;    ;      ;        ;                                           ; launch edge time         ;
; 2.570   ; 2.570   ;    ;      ;        ;                                           ; clock path               ;
;   0.000 ;   0.000 ;    ;      ;        ;                                           ; source latency           ;
;   0.000 ;   0.000 ;    ;      ; 1      ; PIN_AC18                                  ; clk                      ;
;   0.000 ;   0.000 ;    ; RE   ; 1      ; IOPAD_X54_Y0_N0                           ; ARRIAV_IO_PAD            ;
;   0.000 ;   0.000 ;    ; RE   ; 1      ; IO_PAD_OUTPUT_X54_Y0_N0_I1                ; IO_PAD_OUTPUT            ;
;   0.000 ;   0.000 ;    ; RE   ; 1      ; IO_INPUT_BUFFER_INPUT_X54_Y0_N1_I0        ; IO_INPUT_BUFFER_INPUT    ;
;   0.000 ;   0.000 ; RR ; IC   ; 1      ; IOIBUF_X54_Y0_N1                          ; clk~input|i              ;
;   0.406 ;   0.406 ; RR ; CELL ; 1      ; IOIBUF_X54_Y0_N1                          ; clk~input|o              ;
;   0.406 ;   0.000 ;    ; RE   ; 1      ; IOIBUF_X54_Y0_N1                          ; ARRIAV_IO_IBUF           ;
;   0.406 ;   0.000 ;    ; RE   ; 1      ; IO_INPUT_BUFFER_OUTPUT_X54_Y0_N1_I2       ; IO_INPUT_BUFFER_OUTPUT   ;
;   0.406 ;   0.000 ;    ; RE   ; 1      ; IO_RE_X54_Y0_N0_I96                       ; IO_RE                    ;
;   0.541 ;   0.135 ;    ; RE   ; 1      ; IO_RE_X54_Y0_N0_I66                       ; IO_RE                    ;
;   0.622 ;   0.081 ;    ; RE   ; 1      ; CLKBUF_CLUSTER_RE_X58_Y0_N0_I1614         ; CLKBUF_CLUSTER_RE        ;
;   0.622 ;   0.000 ;    ; RE   ; 1      ; CLKBUF_CLUSTER_RE_X58_Y0_N0_I616          ; CLKBUF_CLUSTER_RE        ;
;   0.622 ;   0.000 ;    ; RE   ; 1      ; GCLK_CLUSTER_RE_X58_Y0_N6_I10             ; GCLK_CLUSTER_RE          ;
;   0.622 ;   0.000 ;    ; RE   ; 1      ; CLKBUFBLOCK_INPUT_X58_Y0_N7_I0            ; CLKBUFBLOCK_INPUT        ;
;   0.622 ;   0.000 ; RR ; IC   ; 1      ; CLKCTRL_G6                                ; clk~inputCLKENA0|inclk   ;
;   0.771 ;   0.149 ; RR ; CELL ; 37157  ; CLKCTRL_G6                                ; clk~inputCLKENA0|outclk  ;
;   0.771 ;   0.000 ;    ; RE   ; 1      ; CLKCTRL_G6                                ; ARRIAV_CLKBUF            ;
;   0.771 ;   0.000 ;    ; RE   ; 1      ; CLKBUFBLOCK_OUTPUT_X58_Y0_N7_I2           ; CLKBUFBLOCK_OUTPUT       ;
;   0.771 ;   0.000 ;    ; RE   ; 1      ; GCLK_CLUSTER_RE_X58_Y0_N6_I12             ; GCLK_CLUSTER_RE          ;
;   0.771 ;   0.000 ;    ; RE   ; 1      ; CLKBUF_CLUSTER_RE_X58_Y0_N0_I417          ; CLKBUF_CLUSTER_RE        ;
;   1.277 ;   0.506 ;    ; RE   ; 16     ; GLOBAL_CLOCK_X0_Y58_N0_I6                 ; GLOBAL_CLOCK             ;
;   1.411 ;   0.134 ;    ; RE   ; 29     ; SPINE_CLOCK_X106_Y30_N0_I2                ; SPINE_CLOCK              ;
;   1.605 ;   0.194 ;    ; RE   ; 1      ; SCLK_TO_ROWCLK_BUF_X106_Y38_N0_I12        ; SCLK_TO_ROWCLK_BUF       ;
;   1.645 ;   0.040 ;    ; RE   ; 2      ; SCLK_TO_ROWCLK_BUF_X106_Y38_N0_I15        ; SCLK_TO_ROWCLK_BUF       ;
;   1.848 ;   0.203 ;    ; RE   ; 10     ; LAB_CLK_X107_Y38_N0_I2                    ; LAB_CLK                  ;
;   1.921 ;   0.073 ;    ; RE   ; 1      ; BLK_CLK_BUF_X121_Y38_N0_I2                ; BLK_CLK_BUF              ;
;   1.976 ;   0.055 ;    ; RE   ; 2      ; BLK_CLK_LIM_X121_Y38_N0_I2                ; BLK_CLK_LIM              ;
;   2.044 ;   0.068 ;    ; RE   ; 3      ; LOCAL_INTERCONNECT_X121_Y38_N0_I26        ; LAB_LINE                 ;
;   2.071 ;   0.027 ;    ; RE   ; 1      ; LEIMC_X121_Y38_N0_I4                      ; LEIMC                    ;
;   2.071 ;   0.000 ;    ; RE   ; 1      ; GLOBAL_LOCAL_SEL_X121_Y38_N0_I4           ; GLOBAL_LOCAL_SEL         ;
;   2.200 ;   0.129 ;    ; RE   ; 1      ; IO_RE_X121_Y38_N37_I11                    ; IO_RE                    ;
;   2.200 ;   0.000 ;    ; RE   ; 1      ; IO_OUTPUT_ENABLE_PATH_RE_X121_Y38_N41_I6  ; IO_OUTPUT_ENABLE_PATH_RE ;
;   2.200 ;   0.000 ;    ; RE   ; 1      ; IO_OUTPUT_ENABLE_PATH_RE_X121_Y38_N41_I22 ; IO_OUTPUT_ENABLE_PATH_RE ;
;   2.200 ;   0.000 ;    ; RE   ; 1      ; IO_OUTPUT_ENABLE_PATH_RE_X121_Y38_N41_I14 ; IO_OUTPUT_ENABLE_PATH_RE ;
;   2.200 ;   0.000 ;    ; RE   ; 1      ; IO_OUTPUT_PATH_RE_X121_Y38_N45_I5         ; IO_OUTPUT_PATH_RE        ;
;   2.200 ;   0.000 ;    ; RE   ; 1      ; MP_DDIO_OUT_INPUT_X121_Y38_N47_I0         ; MP_DDIO_OUT_INPUT        ;
;   2.200 ;   0.000 ; RR ; IC   ; 1      ; DDIOOUTCELL_X121_Y38_N47                  ; pc_debug[4]~reg0|clk     ;
;   2.570 ;   0.370 ; RR ; CELL ; 1      ; DDIOOUTCELL_X121_Y38_N47                  ; pc_debug[4]~reg0         ;
; 4.183   ; 1.613   ;    ;      ;        ;                                           ; data path                ;
;   2.570 ;   0.000 ;    ; uTco ; 1      ; DDIOOUTCELL_X121_Y38_N47                  ; pc_debug[4]~reg0         ;
;   2.814 ;   0.244 ; RR ; CELL ; 1      ; DDIOOUTCELL_X121_Y38_N47                  ; pc_debug[4]~reg0|q       ;
;   2.814 ;   0.000 ;    ; RE   ; 1      ; DDIOOUTCELL_X121_Y38_N47                  ; ARRIAV_FF                ;
;   2.814 ;   0.000 ;    ; RE   ; 1      ; MP_DDIO_OUT_OUTPUT_X121_Y38_N47_I5        ; MP_DDIO_OUT_OUTPUT       ;
;   2.814 ;   0.000 ;    ; RE   ; 1      ; IO_OUTPUT_PATH_RE_X121_Y38_N45_I18        ; IO_OUTPUT_PATH_RE        ;
;   2.814 ;   0.000 ;    ; RE   ; 1      ; IO_OUTPUT_PATH_RE_X121_Y38_N45_I17        ; IO_OUTPUT_PATH_RE        ;
;   2.814 ;   0.000 ;    ; RE   ; 1      ; IO_RE_X121_Y38_N37_I95                    ; IO_RE                    ;
;   2.814 ;   0.000 ;    ; RE   ; 1      ; IO_OUTPUT_BUFFER_INPUT_X121_Y38_N39_I0    ; IO_OUTPUT_BUFFER_INPUT   ;
;   2.814 ;   0.000 ; RR ; IC   ; 1      ; IOOBUF_X121_Y38_N39                       ; pc_debug[4]~output|i     ;
;   4.183 ;   1.369 ; RR ; CELL ; 1      ; IOOBUF_X121_Y38_N39                       ; pc_debug[4]~output|o     ;
;   4.183 ;   0.000 ; RR ; CELL ; 0      ; PIN_AH32                                  ; pc_debug[4]              ;
+---------+---------+----+------+--------+-------------------------------------------+--------------------------+

+--------------------------------------------------------------------------+
; Data Required Path                                                       ;
+----------+---------+----+------+--------+----------+---------------------+
; Total    ; Incr    ; RF ; Type ; Fanout ; Location ; Element             ;
+----------+---------+----+------+--------+----------+---------------------+
; 10.000   ; 10.000  ;    ;      ;        ;          ; latch edge time     ;
; 10.000   ; 0.000   ;    ;      ;        ;          ; clock path          ;
;   10.000 ;   0.000 ; R  ;      ;        ;          ; clock network delay ;
; 9.900    ; -0.100  ;    ;      ;        ;          ; clock uncertainty   ;
; 7.900    ; -2.000  ; R  ; oExt ; 0      ; PIN_AH32 ; pc_debug[4]         ;
+----------+---------+----+------+--------+----------+---------------------+

----------------------------
; Extra Fitter Information ;
----------------------------
HTML report is unavailable in plain text report export.


Path #6: Setup slack is 3.718 
===============================================================================
+---------------------------------+
; Path Summary                    ;
+--------------------+------------+
; Property           ; Value      ;
+--------------------+------------+
; From Node          ; error~reg0 ;
; To Node            ; error      ;
; Launch Clock       ; clk        ;
; Latch Clock        ; clk        ;
; Data Arrival Time  ; 4.182      ;
; Data Required Time ; 7.900      ;
; Slack              ; 3.718      ;
+--------------------+------------+

+---------------------------------------------------------------------------------------+
; Statistics                                                                            ;
+---------------------------+--------+-------+-------------+------------+-------+-------+
; Property                  ; Value  ; Count ; Total Delay ; % of Total ; Min   ; Max   ;
+---------------------------+--------+-------+-------------+------------+-------+-------+
; Setup Relationship        ; 10.000 ;       ;             ;            ;       ;       ;
; Clock Skew                ; -2.561 ;       ;             ;            ;       ;       ;
; Data Delay                ; 1.621  ;       ;             ;            ;       ;       ;
; Number of Logic Levels    ;        ; 0     ;             ;            ;       ;       ;
; Physical Delays           ;        ;       ;             ;            ;       ;       ;
;  Arrival Path             ;        ;       ;             ;            ;       ;       ;
;   Clock                   ;        ;       ;             ;            ;       ;       ;
;    IC                     ;        ; 3     ; 0.002       ; 0          ; 0.000 ; 0.002 ;
;    Cell                   ;        ; 3     ; 0.925       ; 36         ; 0.149 ; 0.406 ;
;    Routing Element        ;        ; 31    ; 1.634       ; 64         ; 0.000 ; 0.506 ;
;   Data                    ;        ;       ;             ;            ;       ;       ;
;    IC                     ;        ; 1     ; 0.000       ; 0          ; 0.000 ; 0.000 ;
;    Cell                   ;        ; 3     ; 1.621       ; 100        ; 0.000 ; 1.376 ;
;    uTco                   ;        ; 1     ; 0.000       ; 0          ; 0.000 ; 0.000 ;
;    Routing Element        ;        ; 6     ; 0.000       ; 0          ; 0.000 ; 0.000 ;
;  Required Path            ;        ;       ;             ;            ;       ;       ;
;   Clock                   ;        ;       ;             ;            ;       ;       ;
;    Clock Network (Lumped) ;        ; 1     ; 0.000       ;            ; 0.000 ; 0.000 ;
+---------------------------+--------+-------+-------------+------------+-------+-------+
Note: Negative delays are omitted from totals when calculating percentages

+---------------------------------------------------------------------------------------------------------------+
; Data Arrival Path                                                                                             ;
+---------+---------+----+------+--------+-------------------------------------------+--------------------------+
; Total   ; Incr    ; RF ; Type ; Fanout ; Location                                  ; Element                  ;
+---------+---------+----+------+--------+-------------------------------------------+--------------------------+
; 0.000   ; 0.000   ;    ;      ;        ;                                           ; launch edge time         ;
; 2.561   ; 2.561   ;    ;      ;        ;                                           ; clock path               ;
;   0.000 ;   0.000 ;    ;      ;        ;                                           ; source latency           ;
;   0.000 ;   0.000 ;    ;      ; 1      ; PIN_AC18                                  ; clk                      ;
;   0.000 ;   0.000 ;    ; RE   ; 1      ; IOPAD_X54_Y0_N0                           ; ARRIAV_IO_PAD            ;
;   0.000 ;   0.000 ;    ; RE   ; 1      ; IO_PAD_OUTPUT_X54_Y0_N0_I1                ; IO_PAD_OUTPUT            ;
;   0.000 ;   0.000 ;    ; RE   ; 1      ; IO_INPUT_BUFFER_INPUT_X54_Y0_N1_I0        ; IO_INPUT_BUFFER_INPUT    ;
;   0.000 ;   0.000 ; RR ; IC   ; 1      ; IOIBUF_X54_Y0_N1                          ; clk~input|i              ;
;   0.406 ;   0.406 ; RR ; CELL ; 1      ; IOIBUF_X54_Y0_N1                          ; clk~input|o              ;
;   0.406 ;   0.000 ;    ; RE   ; 1      ; IOIBUF_X54_Y0_N1                          ; ARRIAV_IO_IBUF           ;
;   0.406 ;   0.000 ;    ; RE   ; 1      ; IO_INPUT_BUFFER_OUTPUT_X54_Y0_N1_I2       ; IO_INPUT_BUFFER_OUTPUT   ;
;   0.406 ;   0.000 ;    ; RE   ; 1      ; IO_RE_X54_Y0_N0_I96                       ; IO_RE                    ;
;   0.541 ;   0.135 ;    ; RE   ; 1      ; IO_RE_X54_Y0_N0_I66                       ; IO_RE                    ;
;   0.622 ;   0.081 ;    ; RE   ; 1      ; CLKBUF_CLUSTER_RE_X58_Y0_N0_I1614         ; CLKBUF_CLUSTER_RE        ;
;   0.622 ;   0.000 ;    ; RE   ; 1      ; CLKBUF_CLUSTER_RE_X58_Y0_N0_I616          ; CLKBUF_CLUSTER_RE        ;
;   0.622 ;   0.000 ;    ; RE   ; 1      ; GCLK_CLUSTER_RE_X58_Y0_N6_I10             ; GCLK_CLUSTER_RE          ;
;   0.622 ;   0.000 ;    ; RE   ; 1      ; CLKBUFBLOCK_INPUT_X58_Y0_N7_I0            ; CLKBUFBLOCK_INPUT        ;
;   0.622 ;   0.000 ; RR ; IC   ; 1      ; CLKCTRL_G6                                ; clk~inputCLKENA0|inclk   ;
;   0.771 ;   0.149 ; RR ; CELL ; 37157  ; CLKCTRL_G6                                ; clk~inputCLKENA0|outclk  ;
;   0.771 ;   0.000 ;    ; RE   ; 1      ; CLKCTRL_G6                                ; ARRIAV_CLKBUF            ;
;   0.771 ;   0.000 ;    ; RE   ; 1      ; CLKBUFBLOCK_OUTPUT_X58_Y0_N7_I2           ; CLKBUFBLOCK_OUTPUT       ;
;   0.771 ;   0.000 ;    ; RE   ; 1      ; GCLK_CLUSTER_RE_X58_Y0_N6_I12             ; GCLK_CLUSTER_RE          ;
;   0.771 ;   0.000 ;    ; RE   ; 1      ; CLKBUF_CLUSTER_RE_X58_Y0_N0_I417          ; CLKBUF_CLUSTER_RE        ;
;   1.277 ;   0.506 ;    ; RE   ; 16     ; GLOBAL_CLOCK_X0_Y58_N0_I6                 ; GLOBAL_CLOCK             ;
;   1.414 ;   0.137 ;    ; RE   ; 29     ; SPINE_CLOCK_X106_Y30_N0_I2                ; SPINE_CLOCK              ;
;   1.607 ;   0.193 ;    ; RE   ; 1      ; SCLK_TO_ROWCLK_BUF_X106_Y33_N0_I12        ; SCLK_TO_ROWCLK_BUF       ;
;   1.647 ;   0.040 ;    ; RE   ; 2      ; SCLK_TO_ROWCLK_BUF_X106_Y33_N0_I15        ; SCLK_TO_ROWCLK_BUF       ;
;   1.850 ;   0.203 ;    ; RE   ; 7      ; LAB_CLK_X107_Y33_N0_I2                    ; LAB_CLK                  ;
;   1.923 ;   0.073 ;    ; RE   ; 1      ; BLK_CLK_BUF_X121_Y33_N0_I2                ; BLK_CLK_BUF              ;
;   1.970 ;   0.047 ;    ; RE   ; 1      ; BLK_CLK_LIM_X121_Y33_N0_I2                ; BLK_CLK_LIM              ;
;   2.033 ;   0.063 ;    ; RE   ; 1      ; LOCAL_INTERCONNECT_X121_Y33_N0_I26        ; LAB_LINE                 ;
;   2.060 ;   0.027 ;    ; RE   ; 1      ; LEIMC_X121_Y33_N0_I0                      ; LEIMC                    ;
;   2.060 ;   0.000 ;    ; RE   ; 1      ; GLOBAL_LOCAL_SEL_X121_Y33_N0_I0           ; GLOBAL_LOCAL_SEL         ;
;   2.189 ;   0.129 ;    ; RE   ; 1      ; IO_RE_X121_Y33_N54_I11                    ; IO_RE                    ;
;   2.189 ;   0.000 ;    ; RE   ; 1      ; IO_OUTPUT_ENABLE_PATH_RE_X121_Y33_N58_I6  ; IO_OUTPUT_ENABLE_PATH_RE ;
;   2.189 ;   0.000 ;    ; RE   ; 1      ; IO_OUTPUT_ENABLE_PATH_RE_X121_Y33_N58_I22 ; IO_OUTPUT_ENABLE_PATH_RE ;
;   2.189 ;   0.000 ;    ; RE   ; 1      ; IO_OUTPUT_ENABLE_PATH_RE_X121_Y33_N58_I14 ; IO_OUTPUT_ENABLE_PATH_RE ;
;   2.189 ;   0.000 ;    ; RE   ; 1      ; IO_OUTPUT_PATH_RE_X121_Y33_N62_I5         ; IO_OUTPUT_PATH_RE        ;
;   2.189 ;   0.000 ;    ; RE   ; 1      ; MP_DDIO_OUT_INPUT_X121_Y33_N64_I0         ; MP_DDIO_OUT_INPUT        ;
;   2.191 ;   0.002 ; RR ; IC   ; 1      ; DDIOOUTCELL_X121_Y33_N64                  ; error~reg0|clk           ;
;   2.561 ;   0.370 ; RR ; CELL ; 1      ; DDIOOUTCELL_X121_Y33_N64                  ; error~reg0               ;
; 4.182   ; 1.621   ;    ;      ;        ;                                           ; data path                ;
;   2.561 ;   0.000 ;    ; uTco ; 1      ; DDIOOUTCELL_X121_Y33_N64                  ; error~reg0               ;
;   2.806 ;   0.245 ; RR ; CELL ; 1      ; DDIOOUTCELL_X121_Y33_N64                  ; error~reg0|q             ;
;   2.806 ;   0.000 ;    ; RE   ; 1      ; DDIOOUTCELL_X121_Y33_N64                  ; ARRIAV_FF                ;
;   2.806 ;   0.000 ;    ; RE   ; 1      ; MP_DDIO_OUT_OUTPUT_X121_Y33_N64_I5        ; MP_DDIO_OUT_OUTPUT       ;
;   2.806 ;   0.000 ;    ; RE   ; 1      ; IO_OUTPUT_PATH_RE_X121_Y33_N62_I18        ; IO_OUTPUT_PATH_RE        ;
;   2.806 ;   0.000 ;    ; RE   ; 1      ; IO_OUTPUT_PATH_RE_X121_Y33_N62_I17        ; IO_OUTPUT_PATH_RE        ;
;   2.806 ;   0.000 ;    ; RE   ; 1      ; IO_RE_X121_Y33_N54_I95                    ; IO_RE                    ;
;   2.806 ;   0.000 ;    ; RE   ; 1      ; IO_OUTPUT_BUFFER_INPUT_X121_Y33_N56_I0    ; IO_OUTPUT_BUFFER_INPUT   ;
;   2.806 ;   0.000 ; RR ; IC   ; 1      ; IOOBUF_X121_Y33_N56                       ; error~output|i           ;
;   4.182 ;   1.376 ; RR ; CELL ; 1      ; IOOBUF_X121_Y33_N56                       ; error~output|o           ;
;   4.182 ;   0.000 ; RR ; CELL ; 0      ; PIN_AK33                                  ; error                    ;
+---------+---------+----+------+--------+-------------------------------------------+--------------------------+

+--------------------------------------------------------------------------+
; Data Required Path                                                       ;
+----------+---------+----+------+--------+----------+---------------------+
; Total    ; Incr    ; RF ; Type ; Fanout ; Location ; Element             ;
+----------+---------+----+------+--------+----------+---------------------+
; 10.000   ; 10.000  ;    ;      ;        ;          ; latch edge time     ;
; 10.000   ; 0.000   ;    ;      ;        ;          ; clock path          ;
;   10.000 ;   0.000 ; R  ;      ;        ;          ; clock network delay ;
; 9.900    ; -0.100  ;    ;      ;        ;          ; clock uncertainty   ;
; 7.900    ; -2.000  ; R  ; oExt ; 0      ; PIN_AK33 ; error               ;
+----------+---------+----+------+--------+----------+---------------------+

----------------------------
; Extra Fitter Information ;
----------------------------
HTML report is unavailable in plain text report export.


Path #7: Setup slack is 3.725 
===============================================================================
+------------------------------------------+
; Path Summary                             ;
+--------------------+---------------------+
; Property           ; Value               ;
+--------------------+---------------------+
; From Node          ; host_rdata[30]~reg0 ;
; To Node            ; host_rdata[30]      ;
; Launch Clock       ; clk                 ;
; Latch Clock        ; clk                 ;
; Data Arrival Time  ; 4.175               ;
; Data Required Time ; 7.900               ;
; Slack              ; 3.725               ;
+--------------------+---------------------+

+---------------------------------------------------------------------------------------+
; Statistics                                                                            ;
+---------------------------+--------+-------+-------------+------------+-------+-------+
; Property                  ; Value  ; Count ; Total Delay ; % of Total ; Min   ; Max   ;
+---------------------------+--------+-------+-------------+------------+-------+-------+
; Setup Relationship        ; 10.000 ;       ;             ;            ;       ;       ;
; Clock Skew                ; -2.565 ;       ;             ;            ;       ;       ;
; Data Delay                ; 1.610  ;       ;             ;            ;       ;       ;
; Number of Logic Levels    ;        ; 0     ;             ;            ;       ;       ;
; Physical Delays           ;        ;       ;             ;            ;       ;       ;
;  Arrival Path             ;        ;       ;             ;            ;       ;       ;
;   Clock                   ;        ;       ;             ;            ;       ;       ;
;    IC                     ;        ; 3     ; 0.000       ; 0          ; 0.000 ; 0.000 ;
;    Cell                   ;        ; 3     ; 0.925       ; 36         ; 0.149 ; 0.406 ;
;    Routing Element        ;        ; 31    ; 1.640       ; 64         ; 0.000 ; 0.503 ;
;   Data                    ;        ;       ;             ;            ;       ;       ;
;    IC                     ;        ; 1     ; 0.000       ; 0          ; 0.000 ; 0.000 ;
;    Cell                   ;        ; 3     ; 1.610       ; 100        ; 0.000 ; 1.366 ;
;    uTco                   ;        ; 1     ; 0.000       ; 0          ; 0.000 ; 0.000 ;
;    Routing Element        ;        ; 6     ; 0.000       ; 0          ; 0.000 ; 0.000 ;
;  Required Path            ;        ;       ;             ;            ;       ;       ;
;   Clock                   ;        ;       ;             ;            ;       ;       ;
;    Clock Network (Lumped) ;        ; 1     ; 0.000       ;            ; 0.000 ; 0.000 ;
+---------------------------+--------+-------+-------------+------------+-------+-------+
Note: Negative delays are omitted from totals when calculating percentages

+---------------------------------------------------------------------------------------------------------------+
; Data Arrival Path                                                                                             ;
+---------+---------+----+------+--------+-------------------------------------------+--------------------------+
; Total   ; Incr    ; RF ; Type ; Fanout ; Location                                  ; Element                  ;
+---------+---------+----+------+--------+-------------------------------------------+--------------------------+
; 0.000   ; 0.000   ;    ;      ;        ;                                           ; launch edge time         ;
; 2.565   ; 2.565   ;    ;      ;        ;                                           ; clock path               ;
;   0.000 ;   0.000 ;    ;      ;        ;                                           ; source latency           ;
;   0.000 ;   0.000 ;    ;      ; 1      ; PIN_AC18                                  ; clk                      ;
;   0.000 ;   0.000 ;    ; RE   ; 1      ; IOPAD_X54_Y0_N0                           ; ARRIAV_IO_PAD            ;
;   0.000 ;   0.000 ;    ; RE   ; 1      ; IO_PAD_OUTPUT_X54_Y0_N0_I1                ; IO_PAD_OUTPUT            ;
;   0.000 ;   0.000 ;    ; RE   ; 1      ; IO_INPUT_BUFFER_INPUT_X54_Y0_N1_I0        ; IO_INPUT_BUFFER_INPUT    ;
;   0.000 ;   0.000 ; RR ; IC   ; 1      ; IOIBUF_X54_Y0_N1                          ; clk~input|i              ;
;   0.406 ;   0.406 ; RR ; CELL ; 1      ; IOIBUF_X54_Y0_N1                          ; clk~input|o              ;
;   0.406 ;   0.000 ;    ; RE   ; 1      ; IOIBUF_X54_Y0_N1                          ; ARRIAV_IO_IBUF           ;
;   0.406 ;   0.000 ;    ; RE   ; 1      ; IO_INPUT_BUFFER_OUTPUT_X54_Y0_N1_I2       ; IO_INPUT_BUFFER_OUTPUT   ;
;   0.406 ;   0.000 ;    ; RE   ; 1      ; IO_RE_X54_Y0_N0_I96                       ; IO_RE                    ;
;   0.541 ;   0.135 ;    ; RE   ; 1      ; IO_RE_X54_Y0_N0_I66                       ; IO_RE                    ;
;   0.622 ;   0.081 ;    ; RE   ; 1      ; CLKBUF_CLUSTER_RE_X58_Y0_N0_I1614         ; CLKBUF_CLUSTER_RE        ;
;   0.622 ;   0.000 ;    ; RE   ; 1      ; CLKBUF_CLUSTER_RE_X58_Y0_N0_I616          ; CLKBUF_CLUSTER_RE        ;
;   0.622 ;   0.000 ;    ; RE   ; 1      ; GCLK_CLUSTER_RE_X58_Y0_N6_I10             ; GCLK_CLUSTER_RE          ;
;   0.622 ;   0.000 ;    ; RE   ; 1      ; CLKBUFBLOCK_INPUT_X58_Y0_N7_I0            ; CLKBUFBLOCK_INPUT        ;
;   0.622 ;   0.000 ; RR ; IC   ; 1      ; CLKCTRL_G6                                ; clk~inputCLKENA0|inclk   ;
;   0.771 ;   0.149 ; RR ; CELL ; 37157  ; CLKCTRL_G6                                ; clk~inputCLKENA0|outclk  ;
;   0.771 ;   0.000 ;    ; RE   ; 1      ; CLKCTRL_G6                                ; ARRIAV_CLKBUF            ;
;   0.771 ;   0.000 ;    ; RE   ; 1      ; CLKBUFBLOCK_OUTPUT_X58_Y0_N7_I2           ; CLKBUFBLOCK_OUTPUT       ;
;   0.771 ;   0.000 ;    ; RE   ; 1      ; GCLK_CLUSTER_RE_X58_Y0_N6_I12             ; GCLK_CLUSTER_RE          ;
;   0.771 ;   0.000 ;    ; RE   ; 1      ; CLKBUF_CLUSTER_RE_X58_Y0_N0_I417          ; CLKBUF_CLUSTER_RE        ;
;   1.274 ;   0.503 ;    ; RE   ; 16     ; GLOBAL_CLOCK_X0_Y58_N0_I6                 ; GLOBAL_CLOCK             ;
;   1.406 ;   0.132 ;    ; RE   ; 29     ; SPINE_CLOCK_X106_Y59_N0_I2                ; SPINE_CLOCK              ;
;   1.600 ;   0.194 ;    ; RE   ; 1      ; SCLK_TO_ROWCLK_BUF_X106_Y70_N0_I12        ; SCLK_TO_ROWCLK_BUF       ;
;   1.640 ;   0.040 ;    ; RE   ; 2      ; SCLK_TO_ROWCLK_BUF_X106_Y70_N0_I15        ; SCLK_TO_ROWCLK_BUF       ;
;   1.843 ;   0.203 ;    ; RE   ; 2      ; LAB_CLK_X107_Y70_N0_I2                    ; LAB_CLK                  ;
;   1.916 ;   0.073 ;    ; RE   ; 1      ; BLK_CLK_BUF_X121_Y70_N0_I2                ; BLK_CLK_BUF              ;
;   1.971 ;   0.055 ;    ; RE   ; 2      ; BLK_CLK_LIM_X121_Y70_N0_I2                ; BLK_CLK_LIM              ;
;   2.040 ;   0.069 ;    ; RE   ; 3      ; LOCAL_INTERCONNECT_X121_Y70_N0_I26        ; LAB_LINE                 ;
;   2.068 ;   0.028 ;    ; RE   ; 1      ; LEIMC_X121_Y70_N0_I0                      ; LEIMC                    ;
;   2.068 ;   0.000 ;    ; RE   ; 1      ; GLOBAL_LOCAL_SEL_X121_Y70_N0_I0           ; GLOBAL_LOCAL_SEL         ;
;   2.195 ;   0.127 ;    ; RE   ; 1      ; IO_RE_X121_Y70_N54_I11                    ; IO_RE                    ;
;   2.195 ;   0.000 ;    ; RE   ; 1      ; IO_OUTPUT_ENABLE_PATH_RE_X121_Y70_N58_I6  ; IO_OUTPUT_ENABLE_PATH_RE ;
;   2.195 ;   0.000 ;    ; RE   ; 1      ; IO_OUTPUT_ENABLE_PATH_RE_X121_Y70_N58_I22 ; IO_OUTPUT_ENABLE_PATH_RE ;
;   2.195 ;   0.000 ;    ; RE   ; 1      ; IO_OUTPUT_ENABLE_PATH_RE_X121_Y70_N58_I14 ; IO_OUTPUT_ENABLE_PATH_RE ;
;   2.195 ;   0.000 ;    ; RE   ; 1      ; IO_OUTPUT_PATH_RE_X121_Y70_N62_I5         ; IO_OUTPUT_PATH_RE        ;
;   2.195 ;   0.000 ;    ; RE   ; 1      ; MP_DDIO_OUT_INPUT_X121_Y70_N64_I0         ; MP_DDIO_OUT_INPUT        ;
;   2.195 ;   0.000 ; RR ; IC   ; 1      ; DDIOOUTCELL_X121_Y70_N64                  ; host_rdata[30]~reg0|clk  ;
;   2.565 ;   0.370 ; RR ; CELL ; 1      ; DDIOOUTCELL_X121_Y70_N64                  ; host_rdata[30]~reg0      ;
; 4.175   ; 1.610   ;    ;      ;        ;                                           ; data path                ;
;   2.565 ;   0.000 ;    ; uTco ; 1      ; DDIOOUTCELL_X121_Y70_N64                  ; host_rdata[30]~reg0      ;
;   2.809 ;   0.244 ; RR ; CELL ; 1      ; DDIOOUTCELL_X121_Y70_N64                  ; host_rdata[30]~reg0|q    ;
;   2.809 ;   0.000 ;    ; RE   ; 1      ; DDIOOUTCELL_X121_Y70_N64                  ; ARRIAV_FF                ;
;   2.809 ;   0.000 ;    ; RE   ; 1      ; MP_DDIO_OUT_OUTPUT_X121_Y70_N64_I5        ; MP_DDIO_OUT_OUTPUT       ;
;   2.809 ;   0.000 ;    ; RE   ; 1      ; IO_OUTPUT_PATH_RE_X121_Y70_N62_I18        ; IO_OUTPUT_PATH_RE        ;
;   2.809 ;   0.000 ;    ; RE   ; 1      ; IO_OUTPUT_PATH_RE_X121_Y70_N62_I17        ; IO_OUTPUT_PATH_RE        ;
;   2.809 ;   0.000 ;    ; RE   ; 1      ; IO_RE_X121_Y70_N54_I95                    ; IO_RE                    ;
;   2.809 ;   0.000 ;    ; RE   ; 1      ; IO_OUTPUT_BUFFER_INPUT_X121_Y70_N56_I0    ; IO_OUTPUT_BUFFER_INPUT   ;
;   2.809 ;   0.000 ; RR ; IC   ; 1      ; IOOBUF_X121_Y70_N56                       ; host_rdata[30]~output|i  ;
;   4.175 ;   1.366 ; RR ; CELL ; 1      ; IOOBUF_X121_Y70_N56                       ; host_rdata[30]~output|o  ;
;   4.175 ;   0.000 ; RR ; CELL ; 0      ; PIN_J34                                   ; host_rdata[30]           ;
+---------+---------+----+------+--------+-------------------------------------------+--------------------------+

+--------------------------------------------------------------------------+
; Data Required Path                                                       ;
+----------+---------+----+------+--------+----------+---------------------+
; Total    ; Incr    ; RF ; Type ; Fanout ; Location ; Element             ;
+----------+---------+----+------+--------+----------+---------------------+
; 10.000   ; 10.000  ;    ;      ;        ;          ; latch edge time     ;
; 10.000   ; 0.000   ;    ;      ;        ;          ; clock path          ;
;   10.000 ;   0.000 ; R  ;      ;        ;          ; clock network delay ;
; 9.900    ; -0.100  ;    ;      ;        ;          ; clock uncertainty   ;
; 7.900    ; -2.000  ; R  ; oExt ; 0      ; PIN_J34  ; host_rdata[30]      ;
+----------+---------+----+------+--------+----------+---------------------+

----------------------------
; Extra Fitter Information ;
----------------------------
HTML report is unavailable in plain text report export.


Path #8: Setup slack is 3.729 
===============================================================================
+------------------------------------------+
; Path Summary                             ;
+--------------------+---------------------+
; Property           ; Value               ;
+--------------------+---------------------+
; From Node          ; host_rdata[26]~reg0 ;
; To Node            ; host_rdata[26]      ;
; Launch Clock       ; clk                 ;
; Latch Clock        ; clk                 ;
; Data Arrival Time  ; 4.171               ;
; Data Required Time ; 7.900               ;
; Slack              ; 3.729               ;
+--------------------+---------------------+

+---------------------------------------------------------------------------------------+
; Statistics                                                                            ;
+---------------------------+--------+-------+-------------+------------+-------+-------+
; Property                  ; Value  ; Count ; Total Delay ; % of Total ; Min   ; Max   ;
+---------------------------+--------+-------+-------------+------------+-------+-------+
; Setup Relationship        ; 10.000 ;       ;             ;            ;       ;       ;
; Clock Skew                ; -2.578 ;       ;             ;            ;       ;       ;
; Data Delay                ; 1.593  ;       ;             ;            ;       ;       ;
; Number of Logic Levels    ;        ; 0     ;             ;            ;       ;       ;
; Physical Delays           ;        ;       ;             ;            ;       ;       ;
;  Arrival Path             ;        ;       ;             ;            ;       ;       ;
;   Clock                   ;        ;       ;             ;            ;       ;       ;
;    IC                     ;        ; 3     ; 0.001       ; 0          ; 0.000 ; 0.001 ;
;    Cell                   ;        ; 3     ; 0.925       ; 36         ; 0.149 ; 0.406 ;
;    Routing Element        ;        ; 31    ; 1.652       ; 64         ; 0.000 ; 0.503 ;
;   Data                    ;        ;       ;             ;            ;       ;       ;
;    IC                     ;        ; 1     ; 0.000       ; 0          ; 0.000 ; 0.000 ;
;    Cell                   ;        ; 3     ; 1.593       ; 100        ; 0.000 ; 1.349 ;
;    uTco                   ;        ; 1     ; 0.000       ; 0          ; 0.000 ; 0.000 ;
;    Routing Element        ;        ; 6     ; 0.000       ; 0          ; 0.000 ; 0.000 ;
;  Required Path            ;        ;       ;             ;            ;       ;       ;
;   Clock                   ;        ;       ;             ;            ;       ;       ;
;    Clock Network (Lumped) ;        ; 1     ; 0.000       ;            ; 0.000 ; 0.000 ;
+---------------------------+--------+-------+-------------+------------+-------+-------+
Note: Negative delays are omitted from totals when calculating percentages

+---------------------------------------------------------------------------------------------------------------+
; Data Arrival Path                                                                                             ;
+---------+---------+----+------+--------+-------------------------------------------+--------------------------+
; Total   ; Incr    ; RF ; Type ; Fanout ; Location                                  ; Element                  ;
+---------+---------+----+------+--------+-------------------------------------------+--------------------------+
; 0.000   ; 0.000   ;    ;      ;        ;                                           ; launch edge time         ;
; 2.578   ; 2.578   ;    ;      ;        ;                                           ; clock path               ;
;   0.000 ;   0.000 ;    ;      ;        ;                                           ; source latency           ;
;   0.000 ;   0.000 ;    ;      ; 1      ; PIN_AC18                                  ; clk                      ;
;   0.000 ;   0.000 ;    ; RE   ; 1      ; IOPAD_X54_Y0_N0                           ; ARRIAV_IO_PAD            ;
;   0.000 ;   0.000 ;    ; RE   ; 1      ; IO_PAD_OUTPUT_X54_Y0_N0_I1                ; IO_PAD_OUTPUT            ;
;   0.000 ;   0.000 ;    ; RE   ; 1      ; IO_INPUT_BUFFER_INPUT_X54_Y0_N1_I0        ; IO_INPUT_BUFFER_INPUT    ;
;   0.000 ;   0.000 ; RR ; IC   ; 1      ; IOIBUF_X54_Y0_N1                          ; clk~input|i              ;
;   0.406 ;   0.406 ; RR ; CELL ; 1      ; IOIBUF_X54_Y0_N1                          ; clk~input|o              ;
;   0.406 ;   0.000 ;    ; RE   ; 1      ; IOIBUF_X54_Y0_N1                          ; ARRIAV_IO_IBUF           ;
;   0.406 ;   0.000 ;    ; RE   ; 1      ; IO_INPUT_BUFFER_OUTPUT_X54_Y0_N1_I2       ; IO_INPUT_BUFFER_OUTPUT   ;
;   0.406 ;   0.000 ;    ; RE   ; 1      ; IO_RE_X54_Y0_N0_I96                       ; IO_RE                    ;
;   0.541 ;   0.135 ;    ; RE   ; 1      ; IO_RE_X54_Y0_N0_I66                       ; IO_RE                    ;
;   0.622 ;   0.081 ;    ; RE   ; 1      ; CLKBUF_CLUSTER_RE_X58_Y0_N0_I1614         ; CLKBUF_CLUSTER_RE        ;
;   0.622 ;   0.000 ;    ; RE   ; 1      ; CLKBUF_CLUSTER_RE_X58_Y0_N0_I616          ; CLKBUF_CLUSTER_RE        ;
;   0.622 ;   0.000 ;    ; RE   ; 1      ; GCLK_CLUSTER_RE_X58_Y0_N6_I10             ; GCLK_CLUSTER_RE          ;
;   0.622 ;   0.000 ;    ; RE   ; 1      ; CLKBUFBLOCK_INPUT_X58_Y0_N7_I0            ; CLKBUFBLOCK_INPUT        ;
;   0.622 ;   0.000 ; RR ; IC   ; 1      ; CLKCTRL_G6                                ; clk~inputCLKENA0|inclk   ;
;   0.771 ;   0.149 ; RR ; CELL ; 37157  ; CLKCTRL_G6                                ; clk~inputCLKENA0|outclk  ;
;   0.771 ;   0.000 ;    ; RE   ; 1      ; CLKCTRL_G6                                ; ARRIAV_CLKBUF            ;
;   0.771 ;   0.000 ;    ; RE   ; 1      ; CLKBUFBLOCK_OUTPUT_X58_Y0_N7_I2           ; CLKBUFBLOCK_OUTPUT       ;
;   0.771 ;   0.000 ;    ; RE   ; 1      ; GCLK_CLUSTER_RE_X58_Y0_N6_I12             ; GCLK_CLUSTER_RE          ;
;   0.771 ;   0.000 ;    ; RE   ; 1      ; CLKBUF_CLUSTER_RE_X58_Y0_N0_I417          ; CLKBUF_CLUSTER_RE        ;
;   1.274 ;   0.503 ;    ; RE   ; 16     ; GLOBAL_CLOCK_X0_Y58_N0_I6                 ; GLOBAL_CLOCK             ;
;   1.413 ;   0.139 ;    ; RE   ; 29     ; SPINE_CLOCK_X106_Y59_N0_I2                ; SPINE_CLOCK              ;
;   1.607 ;   0.194 ;    ; RE   ; 1      ; SCLK_TO_ROWCLK_BUF_X106_Y61_N0_I12        ; SCLK_TO_ROWCLK_BUF       ;
;   1.647 ;   0.040 ;    ; RE   ; 2      ; SCLK_TO_ROWCLK_BUF_X106_Y61_N0_I15        ; SCLK_TO_ROWCLK_BUF       ;
;   1.850 ;   0.203 ;    ; RE   ; 9      ; LAB_CLK_X107_Y61_N0_I2                    ; LAB_CLK                  ;
;   1.923 ;   0.073 ;    ; RE   ; 1      ; BLK_CLK_BUF_X121_Y61_N0_I2                ; BLK_CLK_BUF              ;
;   1.978 ;   0.055 ;    ; RE   ; 2      ; BLK_CLK_LIM_X121_Y61_N0_I2                ; BLK_CLK_LIM              ;
;   2.044 ;   0.066 ;    ; RE   ; 2      ; LOCAL_INTERCONNECT_X121_Y61_N0_I26        ; LAB_LINE                 ;
;   2.071 ;   0.027 ;    ; RE   ; 1      ; LEIMC_X121_Y61_N0_I4                      ; LEIMC                    ;
;   2.071 ;   0.000 ;    ; RE   ; 1      ; GLOBAL_LOCAL_SEL_X121_Y61_N0_I4           ; GLOBAL_LOCAL_SEL         ;
;   2.207 ;   0.136 ;    ; RE   ; 1      ; IO_RE_X121_Y61_N37_I11                    ; IO_RE                    ;
;   2.207 ;   0.000 ;    ; RE   ; 1      ; IO_OUTPUT_ENABLE_PATH_RE_X121_Y61_N41_I6  ; IO_OUTPUT_ENABLE_PATH_RE ;
;   2.207 ;   0.000 ;    ; RE   ; 1      ; IO_OUTPUT_ENABLE_PATH_RE_X121_Y61_N41_I22 ; IO_OUTPUT_ENABLE_PATH_RE ;
;   2.207 ;   0.000 ;    ; RE   ; 1      ; IO_OUTPUT_ENABLE_PATH_RE_X121_Y61_N41_I14 ; IO_OUTPUT_ENABLE_PATH_RE ;
;   2.207 ;   0.000 ;    ; RE   ; 1      ; IO_OUTPUT_PATH_RE_X121_Y61_N45_I5         ; IO_OUTPUT_PATH_RE        ;
;   2.207 ;   0.000 ;    ; RE   ; 1      ; MP_DDIO_OUT_INPUT_X121_Y61_N47_I0         ; MP_DDIO_OUT_INPUT        ;
;   2.208 ;   0.001 ; RR ; IC   ; 1      ; DDIOOUTCELL_X121_Y61_N47                  ; host_rdata[26]~reg0|clk  ;
;   2.578 ;   0.370 ; RR ; CELL ; 1      ; DDIOOUTCELL_X121_Y61_N47                  ; host_rdata[26]~reg0      ;
; 4.171   ; 1.593   ;    ;      ;        ;                                           ; data path                ;
;   2.578 ;   0.000 ;    ; uTco ; 1      ; DDIOOUTCELL_X121_Y61_N47                  ; host_rdata[26]~reg0      ;
;   2.822 ;   0.244 ; RR ; CELL ; 1      ; DDIOOUTCELL_X121_Y61_N47                  ; host_rdata[26]~reg0|q    ;
;   2.822 ;   0.000 ;    ; RE   ; 1      ; DDIOOUTCELL_X121_Y61_N47                  ; ARRIAV_FF                ;
;   2.822 ;   0.000 ;    ; RE   ; 1      ; MP_DDIO_OUT_OUTPUT_X121_Y61_N47_I5        ; MP_DDIO_OUT_OUTPUT       ;
;   2.822 ;   0.000 ;    ; RE   ; 1      ; IO_OUTPUT_PATH_RE_X121_Y61_N45_I18        ; IO_OUTPUT_PATH_RE        ;
;   2.822 ;   0.000 ;    ; RE   ; 1      ; IO_OUTPUT_PATH_RE_X121_Y61_N45_I17        ; IO_OUTPUT_PATH_RE        ;
;   2.822 ;   0.000 ;    ; RE   ; 1      ; IO_RE_X121_Y61_N37_I95                    ; IO_RE                    ;
;   2.822 ;   0.000 ;    ; RE   ; 1      ; IO_OUTPUT_BUFFER_INPUT_X121_Y61_N39_I0    ; IO_OUTPUT_BUFFER_INPUT   ;
;   2.822 ;   0.000 ; RR ; IC   ; 1      ; IOOBUF_X121_Y61_N39                       ; host_rdata[26]~output|i  ;
;   4.171 ;   1.349 ; RR ; CELL ; 1      ; IOOBUF_X121_Y61_N39                       ; host_rdata[26]~output|o  ;
;   4.171 ;   0.000 ; RR ; CELL ; 0      ; PIN_Y34                                   ; host_rdata[26]           ;
+---------+---------+----+------+--------+-------------------------------------------+--------------------------+

+--------------------------------------------------------------------------+
; Data Required Path                                                       ;
+----------+---------+----+------+--------+----------+---------------------+
; Total    ; Incr    ; RF ; Type ; Fanout ; Location ; Element             ;
+----------+---------+----+------+--------+----------+---------------------+
; 10.000   ; 10.000  ;    ;      ;        ;          ; latch edge time     ;
; 10.000   ; 0.000   ;    ;      ;        ;          ; clock path          ;
;   10.000 ;   0.000 ; R  ;      ;        ;          ; clock network delay ;
; 9.900    ; -0.100  ;    ;      ;        ;          ; clock uncertainty   ;
; 7.900    ; -2.000  ; R  ; oExt ; 0      ; PIN_Y34  ; host_rdata[26]      ;
+----------+---------+----+------+--------+----------+---------------------+

----------------------------
; Extra Fitter Information ;
----------------------------
HTML report is unavailable in plain text report export.


Path #9: Setup slack is 3.729 
===============================================================================
+------------------------------------------+
; Path Summary                             ;
+--------------------+---------------------+
; Property           ; Value               ;
+--------------------+---------------------+
; From Node          ; host_rdata[31]~reg0 ;
; To Node            ; host_rdata[31]      ;
; Launch Clock       ; clk                 ;
; Latch Clock        ; clk                 ;
; Data Arrival Time  ; 4.171               ;
; Data Required Time ; 7.900               ;
; Slack              ; 3.729               ;
+--------------------+---------------------+

+---------------------------------------------------------------------------------------+
; Statistics                                                                            ;
+---------------------------+--------+-------+-------------+------------+-------+-------+
; Property                  ; Value  ; Count ; Total Delay ; % of Total ; Min   ; Max   ;
+---------------------------+--------+-------+-------------+------------+-------+-------+
; Setup Relationship        ; 10.000 ;       ;             ;            ;       ;       ;
; Clock Skew                ; -2.568 ;       ;             ;            ;       ;       ;
; Data Delay                ; 1.603  ;       ;             ;            ;       ;       ;
; Number of Logic Levels    ;        ; 0     ;             ;            ;       ;       ;
; Physical Delays           ;        ;       ;             ;            ;       ;       ;
;  Arrival Path             ;        ;       ;             ;            ;       ;       ;
;   Clock                   ;        ;       ;             ;            ;       ;       ;
;    IC                     ;        ; 3     ; 0.001       ; 0          ; 0.000 ; 0.001 ;
;    Cell                   ;        ; 3     ; 0.925       ; 36         ; 0.149 ; 0.406 ;
;    Routing Element        ;        ; 31    ; 1.642       ; 64         ; 0.000 ; 0.503 ;
;   Data                    ;        ;       ;             ;            ;       ;       ;
;    IC                     ;        ; 1     ; 0.000       ; 0          ; 0.000 ; 0.000 ;
;    Cell                   ;        ; 3     ; 1.603       ; 100        ; 0.000 ; 1.359 ;
;    uTco                   ;        ; 1     ; 0.000       ; 0          ; 0.000 ; 0.000 ;
;    Routing Element        ;        ; 6     ; 0.000       ; 0          ; 0.000 ; 0.000 ;
;  Required Path            ;        ;       ;             ;            ;       ;       ;
;   Clock                   ;        ;       ;             ;            ;       ;       ;
;    Clock Network (Lumped) ;        ; 1     ; 0.000       ;            ; 0.000 ; 0.000 ;
+---------------------------+--------+-------+-------------+------------+-------+-------+
Note: Negative delays are omitted from totals when calculating percentages

+---------------------------------------------------------------------------------------------------------------+
; Data Arrival Path                                                                                             ;
+---------+---------+----+------+--------+-------------------------------------------+--------------------------+
; Total   ; Incr    ; RF ; Type ; Fanout ; Location                                  ; Element                  ;
+---------+---------+----+------+--------+-------------------------------------------+--------------------------+
; 0.000   ; 0.000   ;    ;      ;        ;                                           ; launch edge time         ;
; 2.568   ; 2.568   ;    ;      ;        ;                                           ; clock path               ;
;   0.000 ;   0.000 ;    ;      ;        ;                                           ; source latency           ;
;   0.000 ;   0.000 ;    ;      ; 1      ; PIN_AC18                                  ; clk                      ;
;   0.000 ;   0.000 ;    ; RE   ; 1      ; IOPAD_X54_Y0_N0                           ; ARRIAV_IO_PAD            ;
;   0.000 ;   0.000 ;    ; RE   ; 1      ; IO_PAD_OUTPUT_X54_Y0_N0_I1                ; IO_PAD_OUTPUT            ;
;   0.000 ;   0.000 ;    ; RE   ; 1      ; IO_INPUT_BUFFER_INPUT_X54_Y0_N1_I0        ; IO_INPUT_BUFFER_INPUT    ;
;   0.000 ;   0.000 ; RR ; IC   ; 1      ; IOIBUF_X54_Y0_N1                          ; clk~input|i              ;
;   0.406 ;   0.406 ; RR ; CELL ; 1      ; IOIBUF_X54_Y0_N1                          ; clk~input|o              ;
;   0.406 ;   0.000 ;    ; RE   ; 1      ; IOIBUF_X54_Y0_N1                          ; ARRIAV_IO_IBUF           ;
;   0.406 ;   0.000 ;    ; RE   ; 1      ; IO_INPUT_BUFFER_OUTPUT_X54_Y0_N1_I2       ; IO_INPUT_BUFFER_OUTPUT   ;
;   0.406 ;   0.000 ;    ; RE   ; 1      ; IO_RE_X54_Y0_N0_I96                       ; IO_RE                    ;
;   0.541 ;   0.135 ;    ; RE   ; 1      ; IO_RE_X54_Y0_N0_I66                       ; IO_RE                    ;
;   0.622 ;   0.081 ;    ; RE   ; 1      ; CLKBUF_CLUSTER_RE_X58_Y0_N0_I1614         ; CLKBUF_CLUSTER_RE        ;
;   0.622 ;   0.000 ;    ; RE   ; 1      ; CLKBUF_CLUSTER_RE_X58_Y0_N0_I616          ; CLKBUF_CLUSTER_RE        ;
;   0.622 ;   0.000 ;    ; RE   ; 1      ; GCLK_CLUSTER_RE_X58_Y0_N6_I10             ; GCLK_CLUSTER_RE          ;
;   0.622 ;   0.000 ;    ; RE   ; 1      ; CLKBUFBLOCK_INPUT_X58_Y0_N7_I0            ; CLKBUFBLOCK_INPUT        ;
;   0.622 ;   0.000 ; RR ; IC   ; 1      ; CLKCTRL_G6                                ; clk~inputCLKENA0|inclk   ;
;   0.771 ;   0.149 ; RR ; CELL ; 37157  ; CLKCTRL_G6                                ; clk~inputCLKENA0|outclk  ;
;   0.771 ;   0.000 ;    ; RE   ; 1      ; CLKCTRL_G6                                ; ARRIAV_CLKBUF            ;
;   0.771 ;   0.000 ;    ; RE   ; 1      ; CLKBUFBLOCK_OUTPUT_X58_Y0_N7_I2           ; CLKBUFBLOCK_OUTPUT       ;
;   0.771 ;   0.000 ;    ; RE   ; 1      ; GCLK_CLUSTER_RE_X58_Y0_N6_I12             ; GCLK_CLUSTER_RE          ;
;   0.771 ;   0.000 ;    ; RE   ; 1      ; CLKBUF_CLUSTER_RE_X58_Y0_N0_I417          ; CLKBUF_CLUSTER_RE        ;
;   1.274 ;   0.503 ;    ; RE   ; 16     ; GLOBAL_CLOCK_X0_Y58_N0_I6                 ; GLOBAL_CLOCK             ;
;   1.407 ;   0.133 ;    ; RE   ; 29     ; SPINE_CLOCK_X106_Y59_N0_I2                ; SPINE_CLOCK              ;
;   1.601 ;   0.194 ;    ; RE   ; 1      ; SCLK_TO_ROWCLK_BUF_X106_Y69_N0_I12        ; SCLK_TO_ROWCLK_BUF       ;
;   1.641 ;   0.040 ;    ; RE   ; 2      ; SCLK_TO_ROWCLK_BUF_X106_Y69_N0_I15        ; SCLK_TO_ROWCLK_BUF       ;
;   1.844 ;   0.203 ;    ; RE   ; 5      ; LAB_CLK_X107_Y69_N0_I2                    ; LAB_CLK                  ;
;   1.917 ;   0.073 ;    ; RE   ; 1      ; BLK_CLK_BUF_X121_Y69_N0_I2                ; BLK_CLK_BUF              ;
;   1.972 ;   0.055 ;    ; RE   ; 2      ; BLK_CLK_LIM_X121_Y69_N0_I2                ; BLK_CLK_LIM              ;
;   2.040 ;   0.068 ;    ; RE   ; 3      ; LOCAL_INTERCONNECT_X121_Y69_N0_I26        ; LAB_LINE                 ;
;   2.067 ;   0.027 ;    ; RE   ; 1      ; LEIMC_X121_Y69_N0_I4                      ; LEIMC                    ;
;   2.067 ;   0.000 ;    ; RE   ; 1      ; GLOBAL_LOCAL_SEL_X121_Y69_N0_I4           ; GLOBAL_LOCAL_SEL         ;
;   2.197 ;   0.130 ;    ; RE   ; 1      ; IO_RE_X121_Y69_N37_I11                    ; IO_RE                    ;
;   2.197 ;   0.000 ;    ; RE   ; 1      ; IO_OUTPUT_ENABLE_PATH_RE_X121_Y69_N41_I6  ; IO_OUTPUT_ENABLE_PATH_RE ;
;   2.197 ;   0.000 ;    ; RE   ; 1      ; IO_OUTPUT_ENABLE_PATH_RE_X121_Y69_N41_I22 ; IO_OUTPUT_ENABLE_PATH_RE ;
;   2.197 ;   0.000 ;    ; RE   ; 1      ; IO_OUTPUT_ENABLE_PATH_RE_X121_Y69_N41_I14 ; IO_OUTPUT_ENABLE_PATH_RE ;
;   2.197 ;   0.000 ;    ; RE   ; 1      ; IO_OUTPUT_PATH_RE_X121_Y69_N45_I5         ; IO_OUTPUT_PATH_RE        ;
;   2.197 ;   0.000 ;    ; RE   ; 1      ; MP_DDIO_OUT_INPUT_X121_Y69_N47_I0         ; MP_DDIO_OUT_INPUT        ;
;   2.198 ;   0.001 ; RR ; IC   ; 1      ; DDIOOUTCELL_X121_Y69_N47                  ; host_rdata[31]~reg0|clk  ;
;   2.568 ;   0.370 ; RR ; CELL ; 1      ; DDIOOUTCELL_X121_Y69_N47                  ; host_rdata[31]~reg0      ;
; 4.171   ; 1.603   ;    ;      ;        ;                                           ; data path                ;
;   2.568 ;   0.000 ;    ; uTco ; 1      ; DDIOOUTCELL_X121_Y69_N47                  ; host_rdata[31]~reg0      ;
;   2.812 ;   0.244 ; RR ; CELL ; 1      ; DDIOOUTCELL_X121_Y69_N47                  ; host_rdata[31]~reg0|q    ;
;   2.812 ;   0.000 ;    ; RE   ; 1      ; DDIOOUTCELL_X121_Y69_N47                  ; ARRIAV_FF                ;
;   2.812 ;   0.000 ;    ; RE   ; 1      ; MP_DDIO_OUT_OUTPUT_X121_Y69_N47_I5        ; MP_DDIO_OUT_OUTPUT       ;
;   2.812 ;   0.000 ;    ; RE   ; 1      ; IO_OUTPUT_PATH_RE_X121_Y69_N45_I18        ; IO_OUTPUT_PATH_RE        ;
;   2.812 ;   0.000 ;    ; RE   ; 1      ; IO_OUTPUT_PATH_RE_X121_Y69_N45_I17        ; IO_OUTPUT_PATH_RE        ;
;   2.812 ;   0.000 ;    ; RE   ; 1      ; IO_RE_X121_Y69_N37_I95                    ; IO_RE                    ;
;   2.812 ;   0.000 ;    ; RE   ; 1      ; IO_OUTPUT_BUFFER_INPUT_X121_Y69_N39_I0    ; IO_OUTPUT_BUFFER_INPUT   ;
;   2.812 ;   0.000 ; RR ; IC   ; 1      ; IOOBUF_X121_Y69_N39                       ; host_rdata[31]~output|i  ;
;   4.171 ;   1.359 ; RR ; CELL ; 1      ; IOOBUF_X121_Y69_N39                       ; host_rdata[31]~output|o  ;
;   4.171 ;   0.000 ; RR ; CELL ; 0      ; PIN_M34                                   ; host_rdata[31]           ;
+---------+---------+----+------+--------+-------------------------------------------+--------------------------+

+--------------------------------------------------------------------------+
; Data Required Path                                                       ;
+----------+---------+----+------+--------+----------+---------------------+
; Total    ; Incr    ; RF ; Type ; Fanout ; Location ; Element             ;
+----------+---------+----+------+--------+----------+---------------------+
; 10.000   ; 10.000  ;    ;      ;        ;          ; latch edge time     ;
; 10.000   ; 0.000   ;    ;      ;        ;          ; clock path          ;
;   10.000 ;   0.000 ; R  ;      ;        ;          ; clock network delay ;
; 9.900    ; -0.100  ;    ;      ;        ;          ; clock uncertainty   ;
; 7.900    ; -2.000  ; R  ; oExt ; 0      ; PIN_M34  ; host_rdata[31]      ;
+----------+---------+----+------+--------+----------+---------------------+

----------------------------
; Extra Fitter Information ;
----------------------------
HTML report is unavailable in plain text report export.


Path #10: Setup slack is 3.730 
===============================================================================
+---------------------------------------+
; Path Summary                          ;
+--------------------+------------------+
; Property           ; Value            ;
+--------------------+------------------+
; From Node          ; pc_debug[0]~reg0 ;
; To Node            ; pc_debug[0]      ;
; Launch Clock       ; clk              ;
; Latch Clock        ; clk              ;
; Data Arrival Time  ; 4.170            ;
; Data Required Time ; 7.900            ;
; Slack              ; 3.730            ;
+--------------------+------------------+

+---------------------------------------------------------------------------------------+
; Statistics                                                                            ;
+---------------------------+--------+-------+-------------+------------+-------+-------+
; Property                  ; Value  ; Count ; Total Delay ; % of Total ; Min   ; Max   ;
+---------------------------+--------+-------+-------------+------------+-------+-------+
; Setup Relationship        ; 10.000 ;       ;             ;            ;       ;       ;
; Clock Skew                ; -2.570 ;       ;             ;            ;       ;       ;
; Data Delay                ; 1.600  ;       ;             ;            ;       ;       ;
; Number of Logic Levels    ;        ; 0     ;             ;            ;       ;       ;
; Physical Delays           ;        ;       ;             ;            ;       ;       ;
;  Arrival Path             ;        ;       ;             ;            ;       ;       ;
;   Clock                   ;        ;       ;             ;            ;       ;       ;
;    IC                     ;        ; 3     ; 0.000       ; 0          ; 0.000 ; 0.000 ;
;    Cell                   ;        ; 3     ; 0.925       ; 36         ; 0.149 ; 0.406 ;
;    Routing Element        ;        ; 31    ; 1.645       ; 64         ; 0.000 ; 0.506 ;
;   Data                    ;        ;       ;             ;            ;       ;       ;
;    IC                     ;        ; 1     ; 0.000       ; 0          ; 0.000 ; 0.000 ;
;    Cell                   ;        ; 3     ; 1.600       ; 100        ; 0.000 ; 1.356 ;
;    uTco                   ;        ; 1     ; 0.000       ; 0          ; 0.000 ; 0.000 ;
;    Routing Element        ;        ; 6     ; 0.000       ; 0          ; 0.000 ; 0.000 ;
;  Required Path            ;        ;       ;             ;            ;       ;       ;
;   Clock                   ;        ;       ;             ;            ;       ;       ;
;    Clock Network (Lumped) ;        ; 1     ; 0.000       ;            ; 0.000 ; 0.000 ;
+---------------------------+--------+-------+-------------+------------+-------+-------+
Note: Negative delays are omitted from totals when calculating percentages

+---------------------------------------------------------------------------------------------------------------+
; Data Arrival Path                                                                                             ;
+---------+---------+----+------+--------+-------------------------------------------+--------------------------+
; Total   ; Incr    ; RF ; Type ; Fanout ; Location                                  ; Element                  ;
+---------+---------+----+------+--------+-------------------------------------------+--------------------------+
; 0.000   ; 0.000   ;    ;      ;        ;                                           ; launch edge time         ;
; 2.570   ; 2.570   ;    ;      ;        ;                                           ; clock path               ;
;   0.000 ;   0.000 ;    ;      ;        ;                                           ; source latency           ;
;   0.000 ;   0.000 ;    ;      ; 1      ; PIN_AC18                                  ; clk                      ;
;   0.000 ;   0.000 ;    ; RE   ; 1      ; IOPAD_X54_Y0_N0                           ; ARRIAV_IO_PAD            ;
;   0.000 ;   0.000 ;    ; RE   ; 1      ; IO_PAD_OUTPUT_X54_Y0_N0_I1                ; IO_PAD_OUTPUT            ;
;   0.000 ;   0.000 ;    ; RE   ; 1      ; IO_INPUT_BUFFER_INPUT_X54_Y0_N1_I0        ; IO_INPUT_BUFFER_INPUT    ;
;   0.000 ;   0.000 ; RR ; IC   ; 1      ; IOIBUF_X54_Y0_N1                          ; clk~input|i              ;
;   0.406 ;   0.406 ; RR ; CELL ; 1      ; IOIBUF_X54_Y0_N1                          ; clk~input|o              ;
;   0.406 ;   0.000 ;    ; RE   ; 1      ; IOIBUF_X54_Y0_N1                          ; ARRIAV_IO_IBUF           ;
;   0.406 ;   0.000 ;    ; RE   ; 1      ; IO_INPUT_BUFFER_OUTPUT_X54_Y0_N1_I2       ; IO_INPUT_BUFFER_OUTPUT   ;
;   0.406 ;   0.000 ;    ; RE   ; 1      ; IO_RE_X54_Y0_N0_I96                       ; IO_RE                    ;
;   0.541 ;   0.135 ;    ; RE   ; 1      ; IO_RE_X54_Y0_N0_I66                       ; IO_RE                    ;
;   0.622 ;   0.081 ;    ; RE   ; 1      ; CLKBUF_CLUSTER_RE_X58_Y0_N0_I1614         ; CLKBUF_CLUSTER_RE        ;
;   0.622 ;   0.000 ;    ; RE   ; 1      ; CLKBUF_CLUSTER_RE_X58_Y0_N0_I616          ; CLKBUF_CLUSTER_RE        ;
;   0.622 ;   0.000 ;    ; RE   ; 1      ; GCLK_CLUSTER_RE_X58_Y0_N6_I10             ; GCLK_CLUSTER_RE          ;
;   0.622 ;   0.000 ;    ; RE   ; 1      ; CLKBUFBLOCK_INPUT_X58_Y0_N7_I0            ; CLKBUFBLOCK_INPUT        ;
;   0.622 ;   0.000 ; RR ; IC   ; 1      ; CLKCTRL_G6                                ; clk~inputCLKENA0|inclk   ;
;   0.771 ;   0.149 ; RR ; CELL ; 37157  ; CLKCTRL_G6                                ; clk~inputCLKENA0|outclk  ;
;   0.771 ;   0.000 ;    ; RE   ; 1      ; CLKCTRL_G6                                ; ARRIAV_CLKBUF            ;
;   0.771 ;   0.000 ;    ; RE   ; 1      ; CLKBUFBLOCK_OUTPUT_X58_Y0_N7_I2           ; CLKBUFBLOCK_OUTPUT       ;
;   0.771 ;   0.000 ;    ; RE   ; 1      ; GCLK_CLUSTER_RE_X58_Y0_N6_I12             ; GCLK_CLUSTER_RE          ;
;   0.771 ;   0.000 ;    ; RE   ; 1      ; CLKBUF_CLUSTER_RE_X58_Y0_N0_I417          ; CLKBUF_CLUSTER_RE        ;
;   1.277 ;   0.506 ;    ; RE   ; 16     ; GLOBAL_CLOCK_X0_Y58_N0_I6                 ; GLOBAL_CLOCK             ;
;   1.411 ;   0.134 ;    ; RE   ; 29     ; SPINE_CLOCK_X106_Y30_N0_I2                ; SPINE_CLOCK              ;
;   1.605 ;   0.194 ;    ; RE   ; 1      ; SCLK_TO_ROWCLK_BUF_X106_Y38_N0_I12        ; SCLK_TO_ROWCLK_BUF       ;
;   1.645 ;   0.040 ;    ; RE   ; 2      ; SCLK_TO_ROWCLK_BUF_X106_Y38_N0_I15        ; SCLK_TO_ROWCLK_BUF       ;
;   1.848 ;   0.203 ;    ; RE   ; 10     ; LAB_CLK_X107_Y38_N0_I2                    ; LAB_CLK                  ;
;   1.921 ;   0.073 ;    ; RE   ; 1      ; BLK_CLK_BUF_X121_Y38_N0_I2                ; BLK_CLK_BUF              ;
;   1.976 ;   0.055 ;    ; RE   ; 2      ; BLK_CLK_LIM_X121_Y38_N0_I2                ; BLK_CLK_LIM              ;
;   2.044 ;   0.068 ;    ; RE   ; 3      ; LOCAL_INTERCONNECT_X121_Y38_N0_I26        ; LAB_LINE                 ;
;   2.071 ;   0.027 ;    ; RE   ; 1      ; LEIMC_X121_Y38_N0_I0                      ; LEIMC                    ;
;   2.071 ;   0.000 ;    ; RE   ; 1      ; GLOBAL_LOCAL_SEL_X121_Y38_N0_I0           ; GLOBAL_LOCAL_SEL         ;
;   2.200 ;   0.129 ;    ; RE   ; 1      ; IO_RE_X121_Y38_N54_I11                    ; IO_RE                    ;
;   2.200 ;   0.000 ;    ; RE   ; 1      ; IO_OUTPUT_ENABLE_PATH_RE_X121_Y38_N58_I6  ; IO_OUTPUT_ENABLE_PATH_RE ;
;   2.200 ;   0.000 ;    ; RE   ; 1      ; IO_OUTPUT_ENABLE_PATH_RE_X121_Y38_N58_I22 ; IO_OUTPUT_ENABLE_PATH_RE ;
;   2.200 ;   0.000 ;    ; RE   ; 1      ; IO_OUTPUT_ENABLE_PATH_RE_X121_Y38_N58_I14 ; IO_OUTPUT_ENABLE_PATH_RE ;
;   2.200 ;   0.000 ;    ; RE   ; 1      ; IO_OUTPUT_PATH_RE_X121_Y38_N62_I5         ; IO_OUTPUT_PATH_RE        ;
;   2.200 ;   0.000 ;    ; RE   ; 1      ; MP_DDIO_OUT_INPUT_X121_Y38_N64_I0         ; MP_DDIO_OUT_INPUT        ;
;   2.200 ;   0.000 ; RR ; IC   ; 1      ; DDIOOUTCELL_X121_Y38_N64                  ; pc_debug[0]~reg0|clk     ;
;   2.570 ;   0.370 ; RR ; CELL ; 1      ; DDIOOUTCELL_X121_Y38_N64                  ; pc_debug[0]~reg0         ;
; 4.170   ; 1.600   ;    ;      ;        ;                                           ; data path                ;
;   2.570 ;   0.000 ;    ; uTco ; 1      ; DDIOOUTCELL_X121_Y38_N64                  ; pc_debug[0]~reg0         ;
;   2.814 ;   0.244 ; RR ; CELL ; 1      ; DDIOOUTCELL_X121_Y38_N64                  ; pc_debug[0]~reg0|q       ;
;   2.814 ;   0.000 ;    ; RE   ; 1      ; DDIOOUTCELL_X121_Y38_N64                  ; ARRIAV_FF                ;
;   2.814 ;   0.000 ;    ; RE   ; 1      ; MP_DDIO_OUT_OUTPUT_X121_Y38_N64_I5        ; MP_DDIO_OUT_OUTPUT       ;
;   2.814 ;   0.000 ;    ; RE   ; 1      ; IO_OUTPUT_PATH_RE_X121_Y38_N62_I18        ; IO_OUTPUT_PATH_RE        ;
;   2.814 ;   0.000 ;    ; RE   ; 1      ; IO_OUTPUT_PATH_RE_X121_Y38_N62_I17        ; IO_OUTPUT_PATH_RE        ;
;   2.814 ;   0.000 ;    ; RE   ; 1      ; IO_RE_X121_Y38_N54_I95                    ; IO_RE                    ;
;   2.814 ;   0.000 ;    ; RE   ; 1      ; IO_OUTPUT_BUFFER_INPUT_X121_Y38_N56_I0    ; IO_OUTPUT_BUFFER_INPUT   ;
;   2.814 ;   0.000 ; RR ; IC   ; 1      ; IOOBUF_X121_Y38_N56                       ; pc_debug[0]~output|i     ;
;   4.170 ;   1.356 ; RR ; CELL ; 1      ; IOOBUF_X121_Y38_N56                       ; pc_debug[0]~output|o     ;
;   4.170 ;   0.000 ; RR ; CELL ; 0      ; PIN_AJ32                                  ; pc_debug[0]              ;
+---------+---------+----+------+--------+-------------------------------------------+--------------------------+

+--------------------------------------------------------------------------+
; Data Required Path                                                       ;
+----------+---------+----+------+--------+----------+---------------------+
; Total    ; Incr    ; RF ; Type ; Fanout ; Location ; Element             ;
+----------+---------+----+------+--------+----------+---------------------+
; 10.000   ; 10.000  ;    ;      ;        ;          ; latch edge time     ;
; 10.000   ; 0.000   ;    ;      ;        ;          ; clock path          ;
;   10.000 ;   0.000 ; R  ;      ;        ;          ; clock network delay ;
; 9.900    ; -0.100  ;    ;      ;        ;          ; clock uncertainty   ;
; 7.900    ; -2.000  ; R  ; oExt ; 0      ; PIN_AJ32 ; pc_debug[0]         ;
+----------+---------+----+------+--------+----------+---------------------+

----------------------------
; Extra Fitter Information ;
----------------------------
HTML report is unavailable in plain text report export.


Path #11: Setup slack is 3.732 
===============================================================================
+------------------------------------------+
; Path Summary                             ;
+--------------------+---------------------+
; Property           ; Value               ;
+--------------------+---------------------+
; From Node          ; host_rdata[27]~reg0 ;
; To Node            ; host_rdata[27]      ;
; Launch Clock       ; clk                 ;
; Latch Clock        ; clk                 ;
; Data Arrival Time  ; 4.168               ;
; Data Required Time ; 7.900               ;
; Slack              ; 3.732               ;
+--------------------+---------------------+

+---------------------------------------------------------------------------------------+
; Statistics                                                                            ;
+---------------------------+--------+-------+-------------+------------+-------+-------+
; Property                  ; Value  ; Count ; Total Delay ; % of Total ; Min   ; Max   ;
+---------------------------+--------+-------+-------------+------------+-------+-------+
; Setup Relationship        ; 10.000 ;       ;             ;            ;       ;       ;
; Clock Skew                ; -2.568 ;       ;             ;            ;       ;       ;
; Data Delay                ; 1.600  ;       ;             ;            ;       ;       ;
; Number of Logic Levels    ;        ; 0     ;             ;            ;       ;       ;
; Physical Delays           ;        ;       ;             ;            ;       ;       ;
;  Arrival Path             ;        ;       ;             ;            ;       ;       ;
;   Clock                   ;        ;       ;             ;            ;       ;       ;
;    IC                     ;        ; 3     ; 0.001       ; 0          ; 0.000 ; 0.001 ;
;    Cell                   ;        ; 3     ; 0.925       ; 36         ; 0.149 ; 0.406 ;
;    Routing Element        ;        ; 31    ; 1.642       ; 64         ; 0.000 ; 0.503 ;
;   Data                    ;        ;       ;             ;            ;       ;       ;
;    IC                     ;        ; 1     ; 0.000       ; 0          ; 0.000 ; 0.000 ;
;    Cell                   ;        ; 3     ; 1.600       ; 100        ; 0.000 ; 1.356 ;
;    uTco                   ;        ; 1     ; 0.000       ; 0          ; 0.000 ; 0.000 ;
;    Routing Element        ;        ; 6     ; 0.000       ; 0          ; 0.000 ; 0.000 ;
;  Required Path            ;        ;       ;             ;            ;       ;       ;
;   Clock                   ;        ;       ;             ;            ;       ;       ;
;    Clock Network (Lumped) ;        ; 1     ; 0.000       ;            ; 0.000 ; 0.000 ;
+---------------------------+--------+-------+-------------+------------+-------+-------+
Note: Negative delays are omitted from totals when calculating percentages

+---------------------------------------------------------------------------------------------------------------+
; Data Arrival Path                                                                                             ;
+---------+---------+----+------+--------+-------------------------------------------+--------------------------+
; Total   ; Incr    ; RF ; Type ; Fanout ; Location                                  ; Element                  ;
+---------+---------+----+------+--------+-------------------------------------------+--------------------------+
; 0.000   ; 0.000   ;    ;      ;        ;                                           ; launch edge time         ;
; 2.568   ; 2.568   ;    ;      ;        ;                                           ; clock path               ;
;   0.000 ;   0.000 ;    ;      ;        ;                                           ; source latency           ;
;   0.000 ;   0.000 ;    ;      ; 1      ; PIN_AC18                                  ; clk                      ;
;   0.000 ;   0.000 ;    ; RE   ; 1      ; IOPAD_X54_Y0_N0                           ; ARRIAV_IO_PAD            ;
;   0.000 ;   0.000 ;    ; RE   ; 1      ; IO_PAD_OUTPUT_X54_Y0_N0_I1                ; IO_PAD_OUTPUT            ;
;   0.000 ;   0.000 ;    ; RE   ; 1      ; IO_INPUT_BUFFER_INPUT_X54_Y0_N1_I0        ; IO_INPUT_BUFFER_INPUT    ;
;   0.000 ;   0.000 ; RR ; IC   ; 1      ; IOIBUF_X54_Y0_N1                          ; clk~input|i              ;
;   0.406 ;   0.406 ; RR ; CELL ; 1      ; IOIBUF_X54_Y0_N1                          ; clk~input|o              ;
;   0.406 ;   0.000 ;    ; RE   ; 1      ; IOIBUF_X54_Y0_N1                          ; ARRIAV_IO_IBUF           ;
;   0.406 ;   0.000 ;    ; RE   ; 1      ; IO_INPUT_BUFFER_OUTPUT_X54_Y0_N1_I2       ; IO_INPUT_BUFFER_OUTPUT   ;
;   0.406 ;   0.000 ;    ; RE   ; 1      ; IO_RE_X54_Y0_N0_I96                       ; IO_RE                    ;
;   0.541 ;   0.135 ;    ; RE   ; 1      ; IO_RE_X54_Y0_N0_I66                       ; IO_RE                    ;
;   0.622 ;   0.081 ;    ; RE   ; 1      ; CLKBUF_CLUSTER_RE_X58_Y0_N0_I1614         ; CLKBUF_CLUSTER_RE        ;
;   0.622 ;   0.000 ;    ; RE   ; 1      ; CLKBUF_CLUSTER_RE_X58_Y0_N0_I616          ; CLKBUF_CLUSTER_RE        ;
;   0.622 ;   0.000 ;    ; RE   ; 1      ; GCLK_CLUSTER_RE_X58_Y0_N6_I10             ; GCLK_CLUSTER_RE          ;
;   0.622 ;   0.000 ;    ; RE   ; 1      ; CLKBUFBLOCK_INPUT_X58_Y0_N7_I0            ; CLKBUFBLOCK_INPUT        ;
;   0.622 ;   0.000 ; RR ; IC   ; 1      ; CLKCTRL_G6                                ; clk~inputCLKENA0|inclk   ;
;   0.771 ;   0.149 ; RR ; CELL ; 37157  ; CLKCTRL_G6                                ; clk~inputCLKENA0|outclk  ;
;   0.771 ;   0.000 ;    ; RE   ; 1      ; CLKCTRL_G6                                ; ARRIAV_CLKBUF            ;
;   0.771 ;   0.000 ;    ; RE   ; 1      ; CLKBUFBLOCK_OUTPUT_X58_Y0_N7_I2           ; CLKBUFBLOCK_OUTPUT       ;
;   0.771 ;   0.000 ;    ; RE   ; 1      ; GCLK_CLUSTER_RE_X58_Y0_N6_I12             ; GCLK_CLUSTER_RE          ;
;   0.771 ;   0.000 ;    ; RE   ; 1      ; CLKBUF_CLUSTER_RE_X58_Y0_N0_I417          ; CLKBUF_CLUSTER_RE        ;
;   1.274 ;   0.503 ;    ; RE   ; 16     ; GLOBAL_CLOCK_X0_Y58_N0_I6                 ; GLOBAL_CLOCK             ;
;   1.407 ;   0.133 ;    ; RE   ; 29     ; SPINE_CLOCK_X106_Y59_N0_I2                ; SPINE_CLOCK              ;
;   1.601 ;   0.194 ;    ; RE   ; 1      ; SCLK_TO_ROWCLK_BUF_X106_Y69_N0_I12        ; SCLK_TO_ROWCLK_BUF       ;
;   1.641 ;   0.040 ;    ; RE   ; 2      ; SCLK_TO_ROWCLK_BUF_X106_Y69_N0_I15        ; SCLK_TO_ROWCLK_BUF       ;
;   1.844 ;   0.203 ;    ; RE   ; 5      ; LAB_CLK_X107_Y69_N0_I2                    ; LAB_CLK                  ;
;   1.917 ;   0.073 ;    ; RE   ; 1      ; BLK_CLK_BUF_X121_Y69_N0_I2                ; BLK_CLK_BUF              ;
;   1.972 ;   0.055 ;    ; RE   ; 2      ; BLK_CLK_LIM_X121_Y69_N0_I2                ; BLK_CLK_LIM              ;
;   2.040 ;   0.068 ;    ; RE   ; 3      ; LOCAL_INTERCONNECT_X121_Y69_N0_I26        ; LAB_LINE                 ;
;   2.067 ;   0.027 ;    ; RE   ; 1      ; LEIMC_X121_Y69_N0_I0                      ; LEIMC                    ;
;   2.067 ;   0.000 ;    ; RE   ; 1      ; GLOBAL_LOCAL_SEL_X121_Y69_N0_I0           ; GLOBAL_LOCAL_SEL         ;
;   2.197 ;   0.130 ;    ; RE   ; 1      ; IO_RE_X121_Y69_N54_I11                    ; IO_RE                    ;
;   2.197 ;   0.000 ;    ; RE   ; 1      ; IO_OUTPUT_ENABLE_PATH_RE_X121_Y69_N58_I6  ; IO_OUTPUT_ENABLE_PATH_RE ;
;   2.197 ;   0.000 ;    ; RE   ; 1      ; IO_OUTPUT_ENABLE_PATH_RE_X121_Y69_N58_I22 ; IO_OUTPUT_ENABLE_PATH_RE ;
;   2.197 ;   0.000 ;    ; RE   ; 1      ; IO_OUTPUT_ENABLE_PATH_RE_X121_Y69_N58_I14 ; IO_OUTPUT_ENABLE_PATH_RE ;
;   2.197 ;   0.000 ;    ; RE   ; 1      ; IO_OUTPUT_PATH_RE_X121_Y69_N62_I5         ; IO_OUTPUT_PATH_RE        ;
;   2.197 ;   0.000 ;    ; RE   ; 1      ; MP_DDIO_OUT_INPUT_X121_Y69_N64_I0         ; MP_DDIO_OUT_INPUT        ;
;   2.198 ;   0.001 ; RR ; IC   ; 1      ; DDIOOUTCELL_X121_Y69_N64                  ; host_rdata[27]~reg0|clk  ;
;   2.568 ;   0.370 ; RR ; CELL ; 1      ; DDIOOUTCELL_X121_Y69_N64                  ; host_rdata[27]~reg0      ;
; 4.168   ; 1.600   ;    ;      ;        ;                                           ; data path                ;
;   2.568 ;   0.000 ;    ; uTco ; 1      ; DDIOOUTCELL_X121_Y69_N64                  ; host_rdata[27]~reg0      ;
;   2.812 ;   0.244 ; RR ; CELL ; 1      ; DDIOOUTCELL_X121_Y69_N64                  ; host_rdata[27]~reg0|q    ;
;   2.812 ;   0.000 ;    ; RE   ; 1      ; DDIOOUTCELL_X121_Y69_N64                  ; ARRIAV_FF                ;
;   2.812 ;   0.000 ;    ; RE   ; 1      ; MP_DDIO_OUT_OUTPUT_X121_Y69_N64_I5        ; MP_DDIO_OUT_OUTPUT       ;
;   2.812 ;   0.000 ;    ; RE   ; 1      ; IO_OUTPUT_PATH_RE_X121_Y69_N62_I18        ; IO_OUTPUT_PATH_RE        ;
;   2.812 ;   0.000 ;    ; RE   ; 1      ; IO_OUTPUT_PATH_RE_X121_Y69_N62_I17        ; IO_OUTPUT_PATH_RE        ;
;   2.812 ;   0.000 ;    ; RE   ; 1      ; IO_RE_X121_Y69_N54_I95                    ; IO_RE                    ;
;   2.812 ;   0.000 ;    ; RE   ; 1      ; IO_OUTPUT_BUFFER_INPUT_X121_Y69_N56_I0    ; IO_OUTPUT_BUFFER_INPUT   ;
;   2.812 ;   0.000 ; RR ; IC   ; 1      ; IOOBUF_X121_Y69_N56                       ; host_rdata[27]~output|i  ;
;   4.168 ;   1.356 ; RR ; CELL ; 1      ; IOOBUF_X121_Y69_N56                       ; host_rdata[27]~output|o  ;
;   4.168 ;   0.000 ; RR ; CELL ; 0      ; PIN_M33                                   ; host_rdata[27]           ;
+---------+---------+----+------+--------+-------------------------------------------+--------------------------+

+--------------------------------------------------------------------------+
; Data Required Path                                                       ;
+----------+---------+----+------+--------+----------+---------------------+
; Total    ; Incr    ; RF ; Type ; Fanout ; Location ; Element             ;
+----------+---------+----+------+--------+----------+---------------------+
; 10.000   ; 10.000  ;    ;      ;        ;          ; latch edge time     ;
; 10.000   ; 0.000   ;    ;      ;        ;          ; clock path          ;
;   10.000 ;   0.000 ; R  ;      ;        ;          ; clock network delay ;
; 9.900    ; -0.100  ;    ;      ;        ;          ; clock uncertainty   ;
; 7.900    ; -2.000  ; R  ; oExt ; 0      ; PIN_M33  ; host_rdata[27]      ;
+----------+---------+----+------+--------+----------+---------------------+

----------------------------
; Extra Fitter Information ;
----------------------------
HTML report is unavailable in plain text report export.


Path #12: Setup slack is 3.736 
===============================================================================
+-------------------------------------------+
; Path Summary                              ;
+--------------------+----------------------+
; Property           ; Value                ;
+--------------------+----------------------+
; From Node          ; instr_debug[10]~reg0 ;
; To Node            ; instr_debug[10]      ;
; Launch Clock       ; clk                  ;
; Latch Clock        ; clk                  ;
; Data Arrival Time  ; 4.164                ;
; Data Required Time ; 7.900                ;
; Slack              ; 3.736                ;
+--------------------+----------------------+

+---------------------------------------------------------------------------------------+
; Statistics                                                                            ;
+---------------------------+--------+-------+-------------+------------+-------+-------+
; Property                  ; Value  ; Count ; Total Delay ; % of Total ; Min   ; Max   ;
+---------------------------+--------+-------+-------------+------------+-------+-------+
; Setup Relationship        ; 10.000 ;       ;             ;            ;       ;       ;
; Clock Skew                ; -2.560 ;       ;             ;            ;       ;       ;
; Data Delay                ; 1.604  ;       ;             ;            ;       ;       ;
; Number of Logic Levels    ;        ; 0     ;             ;            ;       ;       ;
; Physical Delays           ;        ;       ;             ;            ;       ;       ;
;  Arrival Path             ;        ;       ;             ;            ;       ;       ;
;   Clock                   ;        ;       ;             ;            ;       ;       ;
;    IC                     ;        ; 3     ; 0.000       ; 0          ; 0.000 ; 0.000 ;
;    Cell                   ;        ; 3     ; 0.925       ; 36         ; 0.149 ; 0.406 ;
;    Routing Element        ;        ; 31    ; 1.635       ; 64         ; 0.000 ; 0.506 ;
;   Data                    ;        ;       ;             ;            ;       ;       ;
;    IC                     ;        ; 1     ; 0.000       ; 0          ; 0.000 ; 0.000 ;
;    Cell                   ;        ; 3     ; 1.604       ; 100        ; 0.000 ; 1.359 ;
;    uTco                   ;        ; 1     ; 0.000       ; 0          ; 0.000 ; 0.000 ;
;    Routing Element        ;        ; 6     ; 0.000       ; 0          ; 0.000 ; 0.000 ;
;  Required Path            ;        ;       ;             ;            ;       ;       ;
;   Clock                   ;        ;       ;             ;            ;       ;       ;
;    Clock Network (Lumped) ;        ; 1     ; 0.000       ;            ; 0.000 ; 0.000 ;
+---------------------------+--------+-------+-------------+------------+-------+-------+
Note: Negative delays are omitted from totals when calculating percentages

+---------------------------------------------------------------------------------------------------------------+
; Data Arrival Path                                                                                             ;
+---------+---------+----+------+--------+-------------------------------------------+--------------------------+
; Total   ; Incr    ; RF ; Type ; Fanout ; Location                                  ; Element                  ;
+---------+---------+----+------+--------+-------------------------------------------+--------------------------+
; 0.000   ; 0.000   ;    ;      ;        ;                                           ; launch edge time         ;
; 2.560   ; 2.560   ;    ;      ;        ;                                           ; clock path               ;
;   0.000 ;   0.000 ;    ;      ;        ;                                           ; source latency           ;
;   0.000 ;   0.000 ;    ;      ; 1      ; PIN_AC18                                  ; clk                      ;
;   0.000 ;   0.000 ;    ; RE   ; 1      ; IOPAD_X54_Y0_N0                           ; ARRIAV_IO_PAD            ;
;   0.000 ;   0.000 ;    ; RE   ; 1      ; IO_PAD_OUTPUT_X54_Y0_N0_I1                ; IO_PAD_OUTPUT            ;
;   0.000 ;   0.000 ;    ; RE   ; 1      ; IO_INPUT_BUFFER_INPUT_X54_Y0_N1_I0        ; IO_INPUT_BUFFER_INPUT    ;
;   0.000 ;   0.000 ; RR ; IC   ; 1      ; IOIBUF_X54_Y0_N1                          ; clk~input|i              ;
;   0.406 ;   0.406 ; RR ; CELL ; 1      ; IOIBUF_X54_Y0_N1                          ; clk~input|o              ;
;   0.406 ;   0.000 ;    ; RE   ; 1      ; IOIBUF_X54_Y0_N1                          ; ARRIAV_IO_IBUF           ;
;   0.406 ;   0.000 ;    ; RE   ; 1      ; IO_INPUT_BUFFER_OUTPUT_X54_Y0_N1_I2       ; IO_INPUT_BUFFER_OUTPUT   ;
;   0.406 ;   0.000 ;    ; RE   ; 1      ; IO_RE_X54_Y0_N0_I96                       ; IO_RE                    ;
;   0.541 ;   0.135 ;    ; RE   ; 1      ; IO_RE_X54_Y0_N0_I66                       ; IO_RE                    ;
;   0.622 ;   0.081 ;    ; RE   ; 1      ; CLKBUF_CLUSTER_RE_X58_Y0_N0_I1614         ; CLKBUF_CLUSTER_RE        ;
;   0.622 ;   0.000 ;    ; RE   ; 1      ; CLKBUF_CLUSTER_RE_X58_Y0_N0_I616          ; CLKBUF_CLUSTER_RE        ;
;   0.622 ;   0.000 ;    ; RE   ; 1      ; GCLK_CLUSTER_RE_X58_Y0_N6_I10             ; GCLK_CLUSTER_RE          ;
;   0.622 ;   0.000 ;    ; RE   ; 1      ; CLKBUFBLOCK_INPUT_X58_Y0_N7_I0            ; CLKBUFBLOCK_INPUT        ;
;   0.622 ;   0.000 ; RR ; IC   ; 1      ; CLKCTRL_G6                                ; clk~inputCLKENA0|inclk   ;
;   0.771 ;   0.149 ; RR ; CELL ; 37157  ; CLKCTRL_G6                                ; clk~inputCLKENA0|outclk  ;
;   0.771 ;   0.000 ;    ; RE   ; 1      ; CLKCTRL_G6                                ; ARRIAV_CLKBUF            ;
;   0.771 ;   0.000 ;    ; RE   ; 1      ; CLKBUFBLOCK_OUTPUT_X58_Y0_N7_I2           ; CLKBUFBLOCK_OUTPUT       ;
;   0.771 ;   0.000 ;    ; RE   ; 1      ; GCLK_CLUSTER_RE_X58_Y0_N6_I12             ; GCLK_CLUSTER_RE          ;
;   0.771 ;   0.000 ;    ; RE   ; 1      ; CLKBUF_CLUSTER_RE_X58_Y0_N0_I417          ; CLKBUF_CLUSTER_RE        ;
;   1.277 ;   0.506 ;    ; RE   ; 16     ; GLOBAL_CLOCK_X0_Y58_N0_I6                 ; GLOBAL_CLOCK             ;
;   1.402 ;   0.125 ;    ; RE   ; 29     ; SPINE_CLOCK_X106_Y30_N0_I2                ; SPINE_CLOCK              ;
;   1.596 ;   0.194 ;    ; RE   ; 1      ; SCLK_TO_ROWCLK_BUF_X106_Y48_N0_I12        ; SCLK_TO_ROWCLK_BUF       ;
;   1.636 ;   0.040 ;    ; RE   ; 2      ; SCLK_TO_ROWCLK_BUF_X106_Y48_N0_I15        ; SCLK_TO_ROWCLK_BUF       ;
;   1.839 ;   0.203 ;    ; RE   ; 13     ; LAB_CLK_X107_Y48_N0_I2                    ; LAB_CLK                  ;
;   1.912 ;   0.073 ;    ; RE   ; 1      ; BLK_CLK_BUF_X121_Y48_N0_I2                ; BLK_CLK_BUF              ;
;   1.967 ;   0.055 ;    ; RE   ; 2      ; BLK_CLK_LIM_X121_Y48_N0_I2                ; BLK_CLK_LIM              ;
;   2.035 ;   0.068 ;    ; RE   ; 3      ; LOCAL_INTERCONNECT_X121_Y48_N0_I26        ; LAB_LINE                 ;
;   2.062 ;   0.027 ;    ; RE   ; 1      ; LEIMC_X121_Y48_N0_I4                      ; LEIMC                    ;
;   2.062 ;   0.000 ;    ; RE   ; 1      ; GLOBAL_LOCAL_SEL_X121_Y48_N0_I4           ; GLOBAL_LOCAL_SEL         ;
;   2.190 ;   0.128 ;    ; RE   ; 1      ; IO_RE_X121_Y48_N37_I11                    ; IO_RE                    ;
;   2.190 ;   0.000 ;    ; RE   ; 1      ; IO_OUTPUT_ENABLE_PATH_RE_X121_Y48_N41_I6  ; IO_OUTPUT_ENABLE_PATH_RE ;
;   2.190 ;   0.000 ;    ; RE   ; 1      ; IO_OUTPUT_ENABLE_PATH_RE_X121_Y48_N41_I22 ; IO_OUTPUT_ENABLE_PATH_RE ;
;   2.190 ;   0.000 ;    ; RE   ; 1      ; IO_OUTPUT_ENABLE_PATH_RE_X121_Y48_N41_I14 ; IO_OUTPUT_ENABLE_PATH_RE ;
;   2.190 ;   0.000 ;    ; RE   ; 1      ; IO_OUTPUT_PATH_RE_X121_Y48_N45_I5         ; IO_OUTPUT_PATH_RE        ;
;   2.190 ;   0.000 ;    ; RE   ; 1      ; MP_DDIO_OUT_INPUT_X121_Y48_N47_I0         ; MP_DDIO_OUT_INPUT        ;
;   2.190 ;   0.000 ; RR ; IC   ; 1      ; DDIOOUTCELL_X121_Y48_N47                  ; instr_debug[10]~reg0|clk ;
;   2.560 ;   0.370 ; RR ; CELL ; 1      ; DDIOOUTCELL_X121_Y48_N47                  ; instr_debug[10]~reg0     ;
; 4.164   ; 1.604   ;    ;      ;        ;                                           ; data path                ;
;   2.560 ;   0.000 ;    ; uTco ; 1      ; DDIOOUTCELL_X121_Y48_N47                  ; instr_debug[10]~reg0     ;
;   2.805 ;   0.245 ; RR ; CELL ; 1      ; DDIOOUTCELL_X121_Y48_N47                  ; instr_debug[10]~reg0|q   ;
;   2.805 ;   0.000 ;    ; RE   ; 1      ; DDIOOUTCELL_X121_Y48_N47                  ; ARRIAV_FF                ;
;   2.805 ;   0.000 ;    ; RE   ; 1      ; MP_DDIO_OUT_OUTPUT_X121_Y48_N47_I5        ; MP_DDIO_OUT_OUTPUT       ;
;   2.805 ;   0.000 ;    ; RE   ; 1      ; IO_OUTPUT_PATH_RE_X121_Y48_N45_I18        ; IO_OUTPUT_PATH_RE        ;
;   2.805 ;   0.000 ;    ; RE   ; 1      ; IO_OUTPUT_PATH_RE_X121_Y48_N45_I17        ; IO_OUTPUT_PATH_RE        ;
;   2.805 ;   0.000 ;    ; RE   ; 1      ; IO_RE_X121_Y48_N37_I95                    ; IO_RE                    ;
;   2.805 ;   0.000 ;    ; RE   ; 1      ; IO_OUTPUT_BUFFER_INPUT_X121_Y48_N39_I0    ; IO_OUTPUT_BUFFER_INPUT   ;
;   2.805 ;   0.000 ; RR ; IC   ; 1      ; IOOBUF_X121_Y48_N39                       ; instr_debug[10]~output|i ;
;   4.164 ;   1.359 ; RR ; CELL ; 1      ; IOOBUF_X121_Y48_N39                       ; instr_debug[10]~output|o ;
;   4.164 ;   0.000 ; RR ; CELL ; 0      ; PIN_AE32                                  ; instr_debug[10]          ;
+---------+---------+----+------+--------+-------------------------------------------+--------------------------+

+--------------------------------------------------------------------------+
; Data Required Path                                                       ;
+----------+---------+----+------+--------+----------+---------------------+
; Total    ; Incr    ; RF ; Type ; Fanout ; Location ; Element             ;
+----------+---------+----+------+--------+----------+---------------------+
; 10.000   ; 10.000  ;    ;      ;        ;          ; latch edge time     ;
; 10.000   ; 0.000   ;    ;      ;        ;          ; clock path          ;
;   10.000 ;   0.000 ; R  ;      ;        ;          ; clock network delay ;
; 9.900    ; -0.100  ;    ;      ;        ;          ; clock uncertainty   ;
; 7.900    ; -2.000  ; R  ; oExt ; 0      ; PIN_AE32 ; instr_debug[10]     ;
+----------+---------+----+------+--------+----------+---------------------+

----------------------------
; Extra Fitter Information ;
----------------------------
HTML report is unavailable in plain text report export.


Path #13: Setup slack is 3.737 
===============================================================================
+----------------------------------------+
; Path Summary                           ;
+--------------------+-------------------+
; Property           ; Value             ;
+--------------------+-------------------+
; From Node          ; overflow_out~reg0 ;
; To Node            ; overflow_out      ;
; Launch Clock       ; clk               ;
; Latch Clock        ; clk               ;
; Data Arrival Time  ; 4.163             ;
; Data Required Time ; 7.900             ;
; Slack              ; 3.737             ;
+--------------------+-------------------+

+---------------------------------------------------------------------------------------+
; Statistics                                                                            ;
+---------------------------+--------+-------+-------------+------------+-------+-------+
; Property                  ; Value  ; Count ; Total Delay ; % of Total ; Min   ; Max   ;
+---------------------------+--------+-------+-------------+------------+-------+-------+
; Setup Relationship        ; 10.000 ;       ;             ;            ;       ;       ;
; Clock Skew                ; -2.550 ;       ;             ;            ;       ;       ;
; Data Delay                ; 1.613  ;       ;             ;            ;       ;       ;
; Number of Logic Levels    ;        ; 0     ;             ;            ;       ;       ;
; Physical Delays           ;        ;       ;             ;            ;       ;       ;
;  Arrival Path             ;        ;       ;             ;            ;       ;       ;
;   Clock                   ;        ;       ;             ;            ;       ;       ;
;    IC                     ;        ; 3     ; 0.000       ; 0          ; 0.000 ; 0.000 ;
;    Cell                   ;        ; 3     ; 0.925       ; 36         ; 0.149 ; 0.406 ;
;    Routing Element        ;        ; 31    ; 1.625       ; 64         ; 0.000 ; 0.506 ;
;   Data                    ;        ;       ;             ;            ;       ;       ;
;    IC                     ;        ; 1     ; 0.000       ; 0          ; 0.000 ; 0.000 ;
;    Cell                   ;        ; 3     ; 1.613       ; 100        ; 0.000 ; 1.369 ;
;    uTco                   ;        ; 1     ; 0.000       ; 0          ; 0.000 ; 0.000 ;
;    Routing Element        ;        ; 6     ; 0.000       ; 0          ; 0.000 ; 0.000 ;
;  Required Path            ;        ;       ;             ;            ;       ;       ;
;   Clock                   ;        ;       ;             ;            ;       ;       ;
;    Clock Network (Lumped) ;        ; 1     ; 0.000       ;            ; 0.000 ; 0.000 ;
+---------------------------+--------+-------+-------------+------------+-------+-------+
Note: Negative delays are omitted from totals when calculating percentages

+---------------------------------------------------------------------------------------------------------------+
; Data Arrival Path                                                                                             ;
+---------+---------+----+------+--------+-------------------------------------------+--------------------------+
; Total   ; Incr    ; RF ; Type ; Fanout ; Location                                  ; Element                  ;
+---------+---------+----+------+--------+-------------------------------------------+--------------------------+
; 0.000   ; 0.000   ;    ;      ;        ;                                           ; launch edge time         ;
; 2.550   ; 2.550   ;    ;      ;        ;                                           ; clock path               ;
;   0.000 ;   0.000 ;    ;      ;        ;                                           ; source latency           ;
;   0.000 ;   0.000 ;    ;      ; 1      ; PIN_AC18                                  ; clk                      ;
;   0.000 ;   0.000 ;    ; RE   ; 1      ; IOPAD_X54_Y0_N0                           ; ARRIAV_IO_PAD            ;
;   0.000 ;   0.000 ;    ; RE   ; 1      ; IO_PAD_OUTPUT_X54_Y0_N0_I1                ; IO_PAD_OUTPUT            ;
;   0.000 ;   0.000 ;    ; RE   ; 1      ; IO_INPUT_BUFFER_INPUT_X54_Y0_N1_I0        ; IO_INPUT_BUFFER_INPUT    ;
;   0.000 ;   0.000 ; RR ; IC   ; 1      ; IOIBUF_X54_Y0_N1                          ; clk~input|i              ;
;   0.406 ;   0.406 ; RR ; CELL ; 1      ; IOIBUF_X54_Y0_N1                          ; clk~input|o              ;
;   0.406 ;   0.000 ;    ; RE   ; 1      ; IOIBUF_X54_Y0_N1                          ; ARRIAV_IO_IBUF           ;
;   0.406 ;   0.000 ;    ; RE   ; 1      ; IO_INPUT_BUFFER_OUTPUT_X54_Y0_N1_I2       ; IO_INPUT_BUFFER_OUTPUT   ;
;   0.406 ;   0.000 ;    ; RE   ; 1      ; IO_RE_X54_Y0_N0_I96                       ; IO_RE                    ;
;   0.541 ;   0.135 ;    ; RE   ; 1      ; IO_RE_X54_Y0_N0_I66                       ; IO_RE                    ;
;   0.622 ;   0.081 ;    ; RE   ; 1      ; CLKBUF_CLUSTER_RE_X58_Y0_N0_I1614         ; CLKBUF_CLUSTER_RE        ;
;   0.622 ;   0.000 ;    ; RE   ; 1      ; CLKBUF_CLUSTER_RE_X58_Y0_N0_I616          ; CLKBUF_CLUSTER_RE        ;
;   0.622 ;   0.000 ;    ; RE   ; 1      ; GCLK_CLUSTER_RE_X58_Y0_N6_I10             ; GCLK_CLUSTER_RE          ;
;   0.622 ;   0.000 ;    ; RE   ; 1      ; CLKBUFBLOCK_INPUT_X58_Y0_N7_I0            ; CLKBUFBLOCK_INPUT        ;
;   0.622 ;   0.000 ; RR ; IC   ; 1      ; CLKCTRL_G6                                ; clk~inputCLKENA0|inclk   ;
;   0.771 ;   0.149 ; RR ; CELL ; 37157  ; CLKCTRL_G6                                ; clk~inputCLKENA0|outclk  ;
;   0.771 ;   0.000 ;    ; RE   ; 1      ; CLKCTRL_G6                                ; ARRIAV_CLKBUF            ;
;   0.771 ;   0.000 ;    ; RE   ; 1      ; CLKBUFBLOCK_OUTPUT_X58_Y0_N7_I2           ; CLKBUFBLOCK_OUTPUT       ;
;   0.771 ;   0.000 ;    ; RE   ; 1      ; GCLK_CLUSTER_RE_X58_Y0_N6_I12             ; GCLK_CLUSTER_RE          ;
;   0.771 ;   0.000 ;    ; RE   ; 1      ; CLKBUF_CLUSTER_RE_X58_Y0_N0_I417          ; CLKBUF_CLUSTER_RE        ;
;   1.277 ;   0.506 ;    ; RE   ; 16     ; GLOBAL_CLOCK_X0_Y58_N0_I6                 ; GLOBAL_CLOCK             ;
;   1.399 ;   0.122 ;    ; RE   ; 29     ; SPINE_CLOCK_X106_Y30_N0_I2                ; SPINE_CLOCK              ;
;   1.593 ;   0.194 ;    ; RE   ; 1      ; SCLK_TO_ROWCLK_BUF_X106_Y45_N0_I12        ; SCLK_TO_ROWCLK_BUF       ;
;   1.633 ;   0.040 ;    ; RE   ; 2      ; SCLK_TO_ROWCLK_BUF_X106_Y45_N0_I15        ; SCLK_TO_ROWCLK_BUF       ;
;   1.836 ;   0.203 ;    ; RE   ; 13     ; LAB_CLK_X107_Y45_N0_I2                    ; LAB_CLK                  ;
;   1.909 ;   0.073 ;    ; RE   ; 1      ; BLK_CLK_BUF_X121_Y45_N0_I2                ; BLK_CLK_BUF              ;
;   1.956 ;   0.047 ;    ; RE   ; 1      ; BLK_CLK_LIM_X121_Y45_N0_I2                ; BLK_CLK_LIM              ;
;   2.021 ;   0.065 ;    ; RE   ; 2      ; LOCAL_INTERCONNECT_X121_Y45_N0_I26        ; LAB_LINE                 ;
;   2.048 ;   0.027 ;    ; RE   ; 1      ; LEIMC_X121_Y45_N0_I4                      ; LEIMC                    ;
;   2.048 ;   0.000 ;    ; RE   ; 1      ; GLOBAL_LOCAL_SEL_X121_Y45_N0_I4           ; GLOBAL_LOCAL_SEL         ;
;   2.180 ;   0.132 ;    ; RE   ; 1      ; IO_RE_X121_Y45_N37_I11                    ; IO_RE                    ;
;   2.180 ;   0.000 ;    ; RE   ; 1      ; IO_OUTPUT_ENABLE_PATH_RE_X121_Y45_N41_I6  ; IO_OUTPUT_ENABLE_PATH_RE ;
;   2.180 ;   0.000 ;    ; RE   ; 1      ; IO_OUTPUT_ENABLE_PATH_RE_X121_Y45_N41_I22 ; IO_OUTPUT_ENABLE_PATH_RE ;
;   2.180 ;   0.000 ;    ; RE   ; 1      ; IO_OUTPUT_ENABLE_PATH_RE_X121_Y45_N41_I14 ; IO_OUTPUT_ENABLE_PATH_RE ;
;   2.180 ;   0.000 ;    ; RE   ; 1      ; IO_OUTPUT_PATH_RE_X121_Y45_N45_I5         ; IO_OUTPUT_PATH_RE        ;
;   2.180 ;   0.000 ;    ; RE   ; 1      ; MP_DDIO_OUT_INPUT_X121_Y45_N47_I0         ; MP_DDIO_OUT_INPUT        ;
;   2.180 ;   0.000 ; RR ; IC   ; 1      ; DDIOOUTCELL_X121_Y45_N47                  ; overflow_out~reg0|clk    ;
;   2.550 ;   0.370 ; RR ; CELL ; 1      ; DDIOOUTCELL_X121_Y45_N47                  ; overflow_out~reg0        ;
; 4.163   ; 1.613   ;    ;      ;        ;                                           ; data path                ;
;   2.550 ;   0.000 ;    ; uTco ; 1      ; DDIOOUTCELL_X121_Y45_N47                  ; overflow_out~reg0        ;
;   2.794 ;   0.244 ; RR ; CELL ; 1      ; DDIOOUTCELL_X121_Y45_N47                  ; overflow_out~reg0|q      ;
;   2.794 ;   0.000 ;    ; RE   ; 1      ; DDIOOUTCELL_X121_Y45_N47                  ; ARRIAV_FF                ;
;   2.794 ;   0.000 ;    ; RE   ; 1      ; MP_DDIO_OUT_OUTPUT_X121_Y45_N47_I5        ; MP_DDIO_OUT_OUTPUT       ;
;   2.794 ;   0.000 ;    ; RE   ; 1      ; IO_OUTPUT_PATH_RE_X121_Y45_N45_I18        ; IO_OUTPUT_PATH_RE        ;
;   2.794 ;   0.000 ;    ; RE   ; 1      ; IO_OUTPUT_PATH_RE_X121_Y45_N45_I17        ; IO_OUTPUT_PATH_RE        ;
;   2.794 ;   0.000 ;    ; RE   ; 1      ; IO_RE_X121_Y45_N37_I95                    ; IO_RE                    ;
;   2.794 ;   0.000 ;    ; RE   ; 1      ; IO_OUTPUT_BUFFER_INPUT_X121_Y45_N39_I0    ; IO_OUTPUT_BUFFER_INPUT   ;
;   2.794 ;   0.000 ; RR ; IC   ; 1      ; IOOBUF_X121_Y45_N39                       ; overflow_out~output|i    ;
;   4.163 ;   1.369 ; RR ; CELL ; 1      ; IOOBUF_X121_Y45_N39                       ; overflow_out~output|o    ;
;   4.163 ;   0.000 ; RR ; CELL ; 0      ; PIN_AH33                                  ; overflow_out             ;
+---------+---------+----+------+--------+-------------------------------------------+--------------------------+

+--------------------------------------------------------------------------+
; Data Required Path                                                       ;
+----------+---------+----+------+--------+----------+---------------------+
; Total    ; Incr    ; RF ; Type ; Fanout ; Location ; Element             ;
+----------+---------+----+------+--------+----------+---------------------+
; 10.000   ; 10.000  ;    ;      ;        ;          ; latch edge time     ;
; 10.000   ; 0.000   ;    ;      ;        ;          ; clock path          ;
;   10.000 ;   0.000 ; R  ;      ;        ;          ; clock network delay ;
; 9.900    ; -0.100  ;    ;      ;        ;          ; clock uncertainty   ;
; 7.900    ; -2.000  ; R  ; oExt ; 0      ; PIN_AH33 ; overflow_out        ;
+----------+---------+----+------+--------+----------+---------------------+

----------------------------
; Extra Fitter Information ;
----------------------------
HTML report is unavailable in plain text report export.


Path #14: Setup slack is 3.741 
===============================================================================
+------------------------------------------+
; Path Summary                             ;
+--------------------+---------------------+
; Property           ; Value               ;
+--------------------+---------------------+
; From Node          ; host_rdata[12]~reg0 ;
; To Node            ; host_rdata[12]      ;
; Launch Clock       ; clk                 ;
; Latch Clock        ; clk                 ;
; Data Arrival Time  ; 4.159               ;
; Data Required Time ; 7.900               ;
; Slack              ; 3.741               ;
+--------------------+---------------------+

+---------------------------------------------------------------------------------------+
; Statistics                                                                            ;
+---------------------------+--------+-------+-------------+------------+-------+-------+
; Property                  ; Value  ; Count ; Total Delay ; % of Total ; Min   ; Max   ;
+---------------------------+--------+-------+-------------+------------+-------+-------+
; Setup Relationship        ; 10.000 ;       ;             ;            ;       ;       ;
; Clock Skew                ; -2.559 ;       ;             ;            ;       ;       ;
; Data Delay                ; 1.600  ;       ;             ;            ;       ;       ;
; Number of Logic Levels    ;        ; 0     ;             ;            ;       ;       ;
; Physical Delays           ;        ;       ;             ;            ;       ;       ;
;  Arrival Path             ;        ;       ;             ;            ;       ;       ;
;   Clock                   ;        ;       ;             ;            ;       ;       ;
;    IC                     ;        ; 3     ; 0.001       ; 0          ; 0.000 ; 0.001 ;
;    Cell                   ;        ; 3     ; 0.925       ; 36         ; 0.149 ; 0.406 ;
;    Routing Element        ;        ; 31    ; 1.633       ; 64         ; 0.000 ; 0.506 ;
;   Data                    ;        ;       ;             ;            ;       ;       ;
;    IC                     ;        ; 1     ; 0.000       ; 0          ; 0.000 ; 0.000 ;
;    Cell                   ;        ; 3     ; 1.600       ; 100        ; 0.000 ; 1.356 ;
;    uTco                   ;        ; 1     ; 0.000       ; 0          ; 0.000 ; 0.000 ;
;    Routing Element        ;        ; 6     ; 0.000       ; 0          ; 0.000 ; 0.000 ;
;  Required Path            ;        ;       ;             ;            ;       ;       ;
;   Clock                   ;        ;       ;             ;            ;       ;       ;
;    Clock Network (Lumped) ;        ; 1     ; 0.000       ;            ; 0.000 ; 0.000 ;
+---------------------------+--------+-------+-------------+------------+-------+-------+
Note: Negative delays are omitted from totals when calculating percentages

+---------------------------------------------------------------------------------------------------------------+
; Data Arrival Path                                                                                             ;
+---------+---------+----+------+--------+-------------------------------------------+--------------------------+
; Total   ; Incr    ; RF ; Type ; Fanout ; Location                                  ; Element                  ;
+---------+---------+----+------+--------+-------------------------------------------+--------------------------+
; 0.000   ; 0.000   ;    ;      ;        ;                                           ; launch edge time         ;
; 2.559   ; 2.559   ;    ;      ;        ;                                           ; clock path               ;
;   0.000 ;   0.000 ;    ;      ;        ;                                           ; source latency           ;
;   0.000 ;   0.000 ;    ;      ; 1      ; PIN_AC18                                  ; clk                      ;
;   0.000 ;   0.000 ;    ; RE   ; 1      ; IOPAD_X54_Y0_N0                           ; ARRIAV_IO_PAD            ;
;   0.000 ;   0.000 ;    ; RE   ; 1      ; IO_PAD_OUTPUT_X54_Y0_N0_I1                ; IO_PAD_OUTPUT            ;
;   0.000 ;   0.000 ;    ; RE   ; 1      ; IO_INPUT_BUFFER_INPUT_X54_Y0_N1_I0        ; IO_INPUT_BUFFER_INPUT    ;
;   0.000 ;   0.000 ; RR ; IC   ; 1      ; IOIBUF_X54_Y0_N1                          ; clk~input|i              ;
;   0.406 ;   0.406 ; RR ; CELL ; 1      ; IOIBUF_X54_Y0_N1                          ; clk~input|o              ;
;   0.406 ;   0.000 ;    ; RE   ; 1      ; IOIBUF_X54_Y0_N1                          ; ARRIAV_IO_IBUF           ;
;   0.406 ;   0.000 ;    ; RE   ; 1      ; IO_INPUT_BUFFER_OUTPUT_X54_Y0_N1_I2       ; IO_INPUT_BUFFER_OUTPUT   ;
;   0.406 ;   0.000 ;    ; RE   ; 1      ; IO_RE_X54_Y0_N0_I96                       ; IO_RE                    ;
;   0.541 ;   0.135 ;    ; RE   ; 1      ; IO_RE_X54_Y0_N0_I66                       ; IO_RE                    ;
;   0.622 ;   0.081 ;    ; RE   ; 1      ; CLKBUF_CLUSTER_RE_X58_Y0_N0_I1614         ; CLKBUF_CLUSTER_RE        ;
;   0.622 ;   0.000 ;    ; RE   ; 1      ; CLKBUF_CLUSTER_RE_X58_Y0_N0_I616          ; CLKBUF_CLUSTER_RE        ;
;   0.622 ;   0.000 ;    ; RE   ; 1      ; GCLK_CLUSTER_RE_X58_Y0_N6_I10             ; GCLK_CLUSTER_RE          ;
;   0.622 ;   0.000 ;    ; RE   ; 1      ; CLKBUFBLOCK_INPUT_X58_Y0_N7_I0            ; CLKBUFBLOCK_INPUT        ;
;   0.622 ;   0.000 ; RR ; IC   ; 1      ; CLKCTRL_G6                                ; clk~inputCLKENA0|inclk   ;
;   0.771 ;   0.149 ; RR ; CELL ; 37157  ; CLKCTRL_G6                                ; clk~inputCLKENA0|outclk  ;
;   0.771 ;   0.000 ;    ; RE   ; 1      ; CLKCTRL_G6                                ; ARRIAV_CLKBUF            ;
;   0.771 ;   0.000 ;    ; RE   ; 1      ; CLKBUFBLOCK_OUTPUT_X58_Y0_N7_I2           ; CLKBUFBLOCK_OUTPUT       ;
;   0.771 ;   0.000 ;    ; RE   ; 1      ; GCLK_CLUSTER_RE_X58_Y0_N6_I12             ; GCLK_CLUSTER_RE          ;
;   0.771 ;   0.000 ;    ; RE   ; 1      ; CLKBUF_CLUSTER_RE_X58_Y0_N0_I417          ; CLKBUF_CLUSTER_RE        ;
;   1.277 ;   0.506 ;    ; RE   ; 16     ; GLOBAL_CLOCK_X0_Y58_N0_I6                 ; GLOBAL_CLOCK             ;
;   1.406 ;   0.129 ;    ; RE   ; 29     ; SPINE_CLOCK_X106_Y30_N0_I2                ; SPINE_CLOCK              ;
;   1.600 ;   0.194 ;    ; RE   ; 1      ; SCLK_TO_ROWCLK_BUF_X106_Y55_N0_I12        ; SCLK_TO_ROWCLK_BUF       ;
;   1.640 ;   0.040 ;    ; RE   ; 2      ; SCLK_TO_ROWCLK_BUF_X106_Y55_N0_I15        ; SCLK_TO_ROWCLK_BUF       ;
;   1.843 ;   0.203 ;    ; RE   ; 14     ; LAB_CLK_X107_Y55_N0_I2                    ; LAB_CLK                  ;
;   1.916 ;   0.073 ;    ; RE   ; 1      ; BLK_CLK_BUF_X121_Y55_N0_I2                ; BLK_CLK_BUF              ;
;   1.963 ;   0.047 ;    ; RE   ; 1      ; BLK_CLK_LIM_X121_Y55_N0_I2                ; BLK_CLK_LIM              ;
;   2.028 ;   0.065 ;    ; RE   ; 2      ; LOCAL_INTERCONNECT_X121_Y55_N0_I26        ; LAB_LINE                 ;
;   2.055 ;   0.027 ;    ; RE   ; 1      ; LEIMC_X121_Y55_N0_I0                      ; LEIMC                    ;
;   2.055 ;   0.000 ;    ; RE   ; 1      ; GLOBAL_LOCAL_SEL_X121_Y55_N0_I0           ; GLOBAL_LOCAL_SEL         ;
;   2.188 ;   0.133 ;    ; RE   ; 1      ; IO_RE_X121_Y55_N54_I11                    ; IO_RE                    ;
;   2.188 ;   0.000 ;    ; RE   ; 1      ; IO_OUTPUT_ENABLE_PATH_RE_X121_Y55_N58_I6  ; IO_OUTPUT_ENABLE_PATH_RE ;
;   2.188 ;   0.000 ;    ; RE   ; 1      ; IO_OUTPUT_ENABLE_PATH_RE_X121_Y55_N58_I22 ; IO_OUTPUT_ENABLE_PATH_RE ;
;   2.188 ;   0.000 ;    ; RE   ; 1      ; IO_OUTPUT_ENABLE_PATH_RE_X121_Y55_N58_I14 ; IO_OUTPUT_ENABLE_PATH_RE ;
;   2.188 ;   0.000 ;    ; RE   ; 1      ; IO_OUTPUT_PATH_RE_X121_Y55_N62_I5         ; IO_OUTPUT_PATH_RE        ;
;   2.188 ;   0.000 ;    ; RE   ; 1      ; MP_DDIO_OUT_INPUT_X121_Y55_N64_I0         ; MP_DDIO_OUT_INPUT        ;
;   2.189 ;   0.001 ; RR ; IC   ; 1      ; DDIOOUTCELL_X121_Y55_N64                  ; host_rdata[12]~reg0|clk  ;
;   2.559 ;   0.370 ; RR ; CELL ; 1      ; DDIOOUTCELL_X121_Y55_N64                  ; host_rdata[12]~reg0      ;
; 4.159   ; 1.600   ;    ;      ;        ;                                           ; data path                ;
;   2.559 ;   0.000 ;    ; uTco ; 1      ; DDIOOUTCELL_X121_Y55_N64                  ; host_rdata[12]~reg0      ;
;   2.803 ;   0.244 ; RR ; CELL ; 1      ; DDIOOUTCELL_X121_Y55_N64                  ; host_rdata[12]~reg0|q    ;
;   2.803 ;   0.000 ;    ; RE   ; 1      ; DDIOOUTCELL_X121_Y55_N64                  ; ARRIAV_FF                ;
;   2.803 ;   0.000 ;    ; RE   ; 1      ; MP_DDIO_OUT_OUTPUT_X121_Y55_N64_I5        ; MP_DDIO_OUT_OUTPUT       ;
;   2.803 ;   0.000 ;    ; RE   ; 1      ; IO_OUTPUT_PATH_RE_X121_Y55_N62_I18        ; IO_OUTPUT_PATH_RE        ;
;   2.803 ;   0.000 ;    ; RE   ; 1      ; IO_OUTPUT_PATH_RE_X121_Y55_N62_I17        ; IO_OUTPUT_PATH_RE        ;
;   2.803 ;   0.000 ;    ; RE   ; 1      ; IO_RE_X121_Y55_N54_I95                    ; IO_RE                    ;
;   2.803 ;   0.000 ;    ; RE   ; 1      ; IO_OUTPUT_BUFFER_INPUT_X121_Y55_N56_I0    ; IO_OUTPUT_BUFFER_INPUT   ;
;   2.803 ;   0.000 ; RR ; IC   ; 1      ; IOOBUF_X121_Y55_N56                       ; host_rdata[12]~output|i  ;
;   4.159 ;   1.356 ; RR ; CELL ; 1      ; IOOBUF_X121_Y55_N56                       ; host_rdata[12]~output|o  ;
;   4.159 ;   0.000 ; RR ; CELL ; 0      ; PIN_AD34                                  ; host_rdata[12]           ;
+---------+---------+----+------+--------+-------------------------------------------+--------------------------+

+--------------------------------------------------------------------------+
; Data Required Path                                                       ;
+----------+---------+----+------+--------+----------+---------------------+
; Total    ; Incr    ; RF ; Type ; Fanout ; Location ; Element             ;
+----------+---------+----+------+--------+----------+---------------------+
; 10.000   ; 10.000  ;    ;      ;        ;          ; latch edge time     ;
; 10.000   ; 0.000   ;    ;      ;        ;          ; clock path          ;
;   10.000 ;   0.000 ; R  ;      ;        ;          ; clock network delay ;
; 9.900    ; -0.100  ;    ;      ;        ;          ; clock uncertainty   ;
; 7.900    ; -2.000  ; R  ; oExt ; 0      ; PIN_AD34 ; host_rdata[12]      ;
+----------+---------+----+------+--------+----------+---------------------+

----------------------------
; Extra Fitter Information ;
----------------------------
HTML report is unavailable in plain text report export.


Path #15: Setup slack is 3.742 
===============================================================================
+------------------------------------------+
; Path Summary                             ;
+--------------------+---------------------+
; Property           ; Value               ;
+--------------------+---------------------+
; From Node          ; host_rdata[21]~reg0 ;
; To Node            ; host_rdata[21]      ;
; Launch Clock       ; clk                 ;
; Latch Clock        ; clk                 ;
; Data Arrival Time  ; 4.158               ;
; Data Required Time ; 7.900               ;
; Slack              ; 3.742               ;
+--------------------+---------------------+

+---------------------------------------------------------------------------------------+
; Statistics                                                                            ;
+---------------------------+--------+-------+-------------+------------+-------+-------+
; Property                  ; Value  ; Count ; Total Delay ; % of Total ; Min   ; Max   ;
+---------------------------+--------+-------+-------------+------------+-------+-------+
; Setup Relationship        ; 10.000 ;       ;             ;            ;       ;       ;
; Clock Skew                ; -2.578 ;       ;             ;            ;       ;       ;
; Data Delay                ; 1.580  ;       ;             ;            ;       ;       ;
; Number of Logic Levels    ;        ; 0     ;             ;            ;       ;       ;
; Physical Delays           ;        ;       ;             ;            ;       ;       ;
;  Arrival Path             ;        ;       ;             ;            ;       ;       ;
;   Clock                   ;        ;       ;             ;            ;       ;       ;
;    IC                     ;        ; 3     ; 0.001       ; 0          ; 0.000 ; 0.001 ;
;    Cell                   ;        ; 3     ; 0.925       ; 36         ; 0.149 ; 0.406 ;
;    Routing Element        ;        ; 31    ; 1.652       ; 64         ; 0.000 ; 0.503 ;
;   Data                    ;        ;       ;             ;            ;       ;       ;
;    IC                     ;        ; 1     ; 0.000       ; 0          ; 0.000 ; 0.000 ;
;    Cell                   ;        ; 3     ; 1.580       ; 100        ; 0.000 ; 1.336 ;
;    uTco                   ;        ; 1     ; 0.000       ; 0          ; 0.000 ; 0.000 ;
;    Routing Element        ;        ; 6     ; 0.000       ; 0          ; 0.000 ; 0.000 ;
;  Required Path            ;        ;       ;             ;            ;       ;       ;
;   Clock                   ;        ;       ;             ;            ;       ;       ;
;    Clock Network (Lumped) ;        ; 1     ; 0.000       ;            ; 0.000 ; 0.000 ;
+---------------------------+--------+-------+-------------+------------+-------+-------+
Note: Negative delays are omitted from totals when calculating percentages

+---------------------------------------------------------------------------------------------------------------+
; Data Arrival Path                                                                                             ;
+---------+---------+----+------+--------+-------------------------------------------+--------------------------+
; Total   ; Incr    ; RF ; Type ; Fanout ; Location                                  ; Element                  ;
+---------+---------+----+------+--------+-------------------------------------------+--------------------------+
; 0.000   ; 0.000   ;    ;      ;        ;                                           ; launch edge time         ;
; 2.578   ; 2.578   ;    ;      ;        ;                                           ; clock path               ;
;   0.000 ;   0.000 ;    ;      ;        ;                                           ; source latency           ;
;   0.000 ;   0.000 ;    ;      ; 1      ; PIN_AC18                                  ; clk                      ;
;   0.000 ;   0.000 ;    ; RE   ; 1      ; IOPAD_X54_Y0_N0                           ; ARRIAV_IO_PAD            ;
;   0.000 ;   0.000 ;    ; RE   ; 1      ; IO_PAD_OUTPUT_X54_Y0_N0_I1                ; IO_PAD_OUTPUT            ;
;   0.000 ;   0.000 ;    ; RE   ; 1      ; IO_INPUT_BUFFER_INPUT_X54_Y0_N1_I0        ; IO_INPUT_BUFFER_INPUT    ;
;   0.000 ;   0.000 ; RR ; IC   ; 1      ; IOIBUF_X54_Y0_N1                          ; clk~input|i              ;
;   0.406 ;   0.406 ; RR ; CELL ; 1      ; IOIBUF_X54_Y0_N1                          ; clk~input|o              ;
;   0.406 ;   0.000 ;    ; RE   ; 1      ; IOIBUF_X54_Y0_N1                          ; ARRIAV_IO_IBUF           ;
;   0.406 ;   0.000 ;    ; RE   ; 1      ; IO_INPUT_BUFFER_OUTPUT_X54_Y0_N1_I2       ; IO_INPUT_BUFFER_OUTPUT   ;
;   0.406 ;   0.000 ;    ; RE   ; 1      ; IO_RE_X54_Y0_N0_I96                       ; IO_RE                    ;
;   0.541 ;   0.135 ;    ; RE   ; 1      ; IO_RE_X54_Y0_N0_I66                       ; IO_RE                    ;
;   0.622 ;   0.081 ;    ; RE   ; 1      ; CLKBUF_CLUSTER_RE_X58_Y0_N0_I1614         ; CLKBUF_CLUSTER_RE        ;
;   0.622 ;   0.000 ;    ; RE   ; 1      ; CLKBUF_CLUSTER_RE_X58_Y0_N0_I616          ; CLKBUF_CLUSTER_RE        ;
;   0.622 ;   0.000 ;    ; RE   ; 1      ; GCLK_CLUSTER_RE_X58_Y0_N6_I10             ; GCLK_CLUSTER_RE          ;
;   0.622 ;   0.000 ;    ; RE   ; 1      ; CLKBUFBLOCK_INPUT_X58_Y0_N7_I0            ; CLKBUFBLOCK_INPUT        ;
;   0.622 ;   0.000 ; RR ; IC   ; 1      ; CLKCTRL_G6                                ; clk~inputCLKENA0|inclk   ;
;   0.771 ;   0.149 ; RR ; CELL ; 37157  ; CLKCTRL_G6                                ; clk~inputCLKENA0|outclk  ;
;   0.771 ;   0.000 ;    ; RE   ; 1      ; CLKCTRL_G6                                ; ARRIAV_CLKBUF            ;
;   0.771 ;   0.000 ;    ; RE   ; 1      ; CLKBUFBLOCK_OUTPUT_X58_Y0_N7_I2           ; CLKBUFBLOCK_OUTPUT       ;
;   0.771 ;   0.000 ;    ; RE   ; 1      ; GCLK_CLUSTER_RE_X58_Y0_N6_I12             ; GCLK_CLUSTER_RE          ;
;   0.771 ;   0.000 ;    ; RE   ; 1      ; CLKBUF_CLUSTER_RE_X58_Y0_N0_I417          ; CLKBUF_CLUSTER_RE        ;
;   1.274 ;   0.503 ;    ; RE   ; 16     ; GLOBAL_CLOCK_X0_Y58_N0_I6                 ; GLOBAL_CLOCK             ;
;   1.413 ;   0.139 ;    ; RE   ; 29     ; SPINE_CLOCK_X106_Y59_N0_I2                ; SPINE_CLOCK              ;
;   1.607 ;   0.194 ;    ; RE   ; 1      ; SCLK_TO_ROWCLK_BUF_X106_Y61_N0_I12        ; SCLK_TO_ROWCLK_BUF       ;
;   1.647 ;   0.040 ;    ; RE   ; 2      ; SCLK_TO_ROWCLK_BUF_X106_Y61_N0_I15        ; SCLK_TO_ROWCLK_BUF       ;
;   1.850 ;   0.203 ;    ; RE   ; 9      ; LAB_CLK_X107_Y61_N0_I2                    ; LAB_CLK                  ;
;   1.923 ;   0.073 ;    ; RE   ; 1      ; BLK_CLK_BUF_X121_Y61_N0_I2                ; BLK_CLK_BUF              ;
;   1.978 ;   0.055 ;    ; RE   ; 2      ; BLK_CLK_LIM_X121_Y61_N0_I2                ; BLK_CLK_LIM              ;
;   2.044 ;   0.066 ;    ; RE   ; 2      ; LOCAL_INTERCONNECT_X121_Y61_N0_I26        ; LAB_LINE                 ;
;   2.071 ;   0.027 ;    ; RE   ; 1      ; LEIMC_X121_Y61_N0_I0                      ; LEIMC                    ;
;   2.071 ;   0.000 ;    ; RE   ; 1      ; GLOBAL_LOCAL_SEL_X121_Y61_N0_I0           ; GLOBAL_LOCAL_SEL         ;
;   2.207 ;   0.136 ;    ; RE   ; 1      ; IO_RE_X121_Y61_N54_I11                    ; IO_RE                    ;
;   2.207 ;   0.000 ;    ; RE   ; 1      ; IO_OUTPUT_ENABLE_PATH_RE_X121_Y61_N58_I6  ; IO_OUTPUT_ENABLE_PATH_RE ;
;   2.207 ;   0.000 ;    ; RE   ; 1      ; IO_OUTPUT_ENABLE_PATH_RE_X121_Y61_N58_I22 ; IO_OUTPUT_ENABLE_PATH_RE ;
;   2.207 ;   0.000 ;    ; RE   ; 1      ; IO_OUTPUT_ENABLE_PATH_RE_X121_Y61_N58_I14 ; IO_OUTPUT_ENABLE_PATH_RE ;
;   2.207 ;   0.000 ;    ; RE   ; 1      ; IO_OUTPUT_PATH_RE_X121_Y61_N62_I5         ; IO_OUTPUT_PATH_RE        ;
;   2.207 ;   0.000 ;    ; RE   ; 1      ; MP_DDIO_OUT_INPUT_X121_Y61_N64_I0         ; MP_DDIO_OUT_INPUT        ;
;   2.208 ;   0.001 ; RR ; IC   ; 1      ; DDIOOUTCELL_X121_Y61_N64                  ; host_rdata[21]~reg0|clk  ;
;   2.578 ;   0.370 ; RR ; CELL ; 1      ; DDIOOUTCELL_X121_Y61_N64                  ; host_rdata[21]~reg0      ;
; 4.158   ; 1.580   ;    ;      ;        ;                                           ; data path                ;
;   2.578 ;   0.000 ;    ; uTco ; 1      ; DDIOOUTCELL_X121_Y61_N64                  ; host_rdata[21]~reg0      ;
;   2.822 ;   0.244 ; RR ; CELL ; 1      ; DDIOOUTCELL_X121_Y61_N64                  ; host_rdata[21]~reg0|q    ;
;   2.822 ;   0.000 ;    ; RE   ; 1      ; DDIOOUTCELL_X121_Y61_N64                  ; ARRIAV_FF                ;
;   2.822 ;   0.000 ;    ; RE   ; 1      ; MP_DDIO_OUT_OUTPUT_X121_Y61_N64_I5        ; MP_DDIO_OUT_OUTPUT       ;
;   2.822 ;   0.000 ;    ; RE   ; 1      ; IO_OUTPUT_PATH_RE_X121_Y61_N62_I18        ; IO_OUTPUT_PATH_RE        ;
;   2.822 ;   0.000 ;    ; RE   ; 1      ; IO_OUTPUT_PATH_RE_X121_Y61_N62_I17        ; IO_OUTPUT_PATH_RE        ;
;   2.822 ;   0.000 ;    ; RE   ; 1      ; IO_RE_X121_Y61_N54_I95                    ; IO_RE                    ;
;   2.822 ;   0.000 ;    ; RE   ; 1      ; IO_OUTPUT_BUFFER_INPUT_X121_Y61_N56_I0    ; IO_OUTPUT_BUFFER_INPUT   ;
;   2.822 ;   0.000 ; RR ; IC   ; 1      ; IOOBUF_X121_Y61_N56                       ; host_rdata[21]~output|i  ;
;   4.158 ;   1.336 ; RR ; CELL ; 1      ; IOOBUF_X121_Y61_N56                       ; host_rdata[21]~output|o  ;
;   4.158 ;   0.000 ; RR ; CELL ; 0      ; PIN_W34                                   ; host_rdata[21]           ;
+---------+---------+----+------+--------+-------------------------------------------+--------------------------+

+--------------------------------------------------------------------------+
; Data Required Path                                                       ;
+----------+---------+----+------+--------+----------+---------------------+
; Total    ; Incr    ; RF ; Type ; Fanout ; Location ; Element             ;
+----------+---------+----+------+--------+----------+---------------------+
; 10.000   ; 10.000  ;    ;      ;        ;          ; latch edge time     ;
; 10.000   ; 0.000   ;    ;      ;        ;          ; clock path          ;
;   10.000 ;   0.000 ; R  ;      ;        ;          ; clock network delay ;
; 9.900    ; -0.100  ;    ;      ;        ;          ; clock uncertainty   ;
; 7.900    ; -2.000  ; R  ; oExt ; 0      ; PIN_W34  ; host_rdata[21]      ;
+----------+---------+----+------+--------+----------+---------------------+

----------------------------
; Extra Fitter Information ;
----------------------------
HTML report is unavailable in plain text report export.


Path #16: Setup slack is 3.745 
===============================================================================
+------------------------------------------+
; Path Summary                             ;
+--------------------+---------------------+
; Property           ; Value               ;
+--------------------+---------------------+
; From Node          ; host_rdata[19]~reg0 ;
; To Node            ; host_rdata[19]      ;
; Launch Clock       ; clk                 ;
; Latch Clock        ; clk                 ;
; Data Arrival Time  ; 4.155               ;
; Data Required Time ; 7.900               ;
; Slack              ; 3.745               ;
+--------------------+---------------------+

+---------------------------------------------------------------------------------------+
; Statistics                                                                            ;
+---------------------------+--------+-------+-------------+------------+-------+-------+
; Property                  ; Value  ; Count ; Total Delay ; % of Total ; Min   ; Max   ;
+---------------------------+--------+-------+-------------+------------+-------+-------+
; Setup Relationship        ; 10.000 ;       ;             ;            ;       ;       ;
; Clock Skew                ; -2.574 ;       ;             ;            ;       ;       ;
; Data Delay                ; 1.581  ;       ;             ;            ;       ;       ;
; Number of Logic Levels    ;        ; 0     ;             ;            ;       ;       ;
; Physical Delays           ;        ;       ;             ;            ;       ;       ;
;  Arrival Path             ;        ;       ;             ;            ;       ;       ;
;   Clock                   ;        ;       ;             ;            ;       ;       ;
;    IC                     ;        ; 3     ; 0.001       ; 0          ; 0.000 ; 0.001 ;
;    Cell                   ;        ; 3     ; 0.925       ; 36         ; 0.149 ; 0.406 ;
;    Routing Element        ;        ; 31    ; 1.648       ; 64         ; 0.000 ; 0.503 ;
;   Data                    ;        ;       ;             ;            ;       ;       ;
;    IC                     ;        ; 1     ; 0.000       ; 0          ; 0.000 ; 0.000 ;
;    Cell                   ;        ; 3     ; 1.581       ; 100        ; 0.000 ; 1.336 ;
;    uTco                   ;        ; 1     ; 0.000       ; 0          ; 0.000 ; 0.000 ;
;    Routing Element        ;        ; 6     ; 0.000       ; 0          ; 0.000 ; 0.000 ;
;  Required Path            ;        ;       ;             ;            ;       ;       ;
;   Clock                   ;        ;       ;             ;            ;       ;       ;
;    Clock Network (Lumped) ;        ; 1     ; 0.000       ;            ; 0.000 ; 0.000 ;
+---------------------------+--------+-------+-------------+------------+-------+-------+
Note: Negative delays are omitted from totals when calculating percentages

+---------------------------------------------------------------------------------------------------------------+
; Data Arrival Path                                                                                             ;
+---------+---------+----+------+--------+-------------------------------------------+--------------------------+
; Total   ; Incr    ; RF ; Type ; Fanout ; Location                                  ; Element                  ;
+---------+---------+----+------+--------+-------------------------------------------+--------------------------+
; 0.000   ; 0.000   ;    ;      ;        ;                                           ; launch edge time         ;
; 2.574   ; 2.574   ;    ;      ;        ;                                           ; clock path               ;
;   0.000 ;   0.000 ;    ;      ;        ;                                           ; source latency           ;
;   0.000 ;   0.000 ;    ;      ; 1      ; PIN_AC18                                  ; clk                      ;
;   0.000 ;   0.000 ;    ; RE   ; 1      ; IOPAD_X54_Y0_N0                           ; ARRIAV_IO_PAD            ;
;   0.000 ;   0.000 ;    ; RE   ; 1      ; IO_PAD_OUTPUT_X54_Y0_N0_I1                ; IO_PAD_OUTPUT            ;
;   0.000 ;   0.000 ;    ; RE   ; 1      ; IO_INPUT_BUFFER_INPUT_X54_Y0_N1_I0        ; IO_INPUT_BUFFER_INPUT    ;
;   0.000 ;   0.000 ; RR ; IC   ; 1      ; IOIBUF_X54_Y0_N1                          ; clk~input|i              ;
;   0.406 ;   0.406 ; RR ; CELL ; 1      ; IOIBUF_X54_Y0_N1                          ; clk~input|o              ;
;   0.406 ;   0.000 ;    ; RE   ; 1      ; IOIBUF_X54_Y0_N1                          ; ARRIAV_IO_IBUF           ;
;   0.406 ;   0.000 ;    ; RE   ; 1      ; IO_INPUT_BUFFER_OUTPUT_X54_Y0_N1_I2       ; IO_INPUT_BUFFER_OUTPUT   ;
;   0.406 ;   0.000 ;    ; RE   ; 1      ; IO_RE_X54_Y0_N0_I96                       ; IO_RE                    ;
;   0.541 ;   0.135 ;    ; RE   ; 1      ; IO_RE_X54_Y0_N0_I66                       ; IO_RE                    ;
;   0.622 ;   0.081 ;    ; RE   ; 1      ; CLKBUF_CLUSTER_RE_X58_Y0_N0_I1614         ; CLKBUF_CLUSTER_RE        ;
;   0.622 ;   0.000 ;    ; RE   ; 1      ; CLKBUF_CLUSTER_RE_X58_Y0_N0_I616          ; CLKBUF_CLUSTER_RE        ;
;   0.622 ;   0.000 ;    ; RE   ; 1      ; GCLK_CLUSTER_RE_X58_Y0_N6_I10             ; GCLK_CLUSTER_RE          ;
;   0.622 ;   0.000 ;    ; RE   ; 1      ; CLKBUFBLOCK_INPUT_X58_Y0_N7_I0            ; CLKBUFBLOCK_INPUT        ;
;   0.622 ;   0.000 ; RR ; IC   ; 1      ; CLKCTRL_G6                                ; clk~inputCLKENA0|inclk   ;
;   0.771 ;   0.149 ; RR ; CELL ; 37157  ; CLKCTRL_G6                                ; clk~inputCLKENA0|outclk  ;
;   0.771 ;   0.000 ;    ; RE   ; 1      ; CLKCTRL_G6                                ; ARRIAV_CLKBUF            ;
;   0.771 ;   0.000 ;    ; RE   ; 1      ; CLKBUFBLOCK_OUTPUT_X58_Y0_N7_I2           ; CLKBUFBLOCK_OUTPUT       ;
;   0.771 ;   0.000 ;    ; RE   ; 1      ; GCLK_CLUSTER_RE_X58_Y0_N6_I12             ; GCLK_CLUSTER_RE          ;
;   0.771 ;   0.000 ;    ; RE   ; 1      ; CLKBUF_CLUSTER_RE_X58_Y0_N0_I417          ; CLKBUF_CLUSTER_RE        ;
;   1.274 ;   0.503 ;    ; RE   ; 16     ; GLOBAL_CLOCK_X0_Y58_N0_I6                 ; GLOBAL_CLOCK             ;
;   1.413 ;   0.139 ;    ; RE   ; 29     ; SPINE_CLOCK_X106_Y59_N0_I2                ; SPINE_CLOCK              ;
;   1.607 ;   0.194 ;    ; RE   ; 1      ; SCLK_TO_ROWCLK_BUF_X106_Y60_N0_I12        ; SCLK_TO_ROWCLK_BUF       ;
;   1.647 ;   0.040 ;    ; RE   ; 2      ; SCLK_TO_ROWCLK_BUF_X106_Y60_N0_I15        ; SCLK_TO_ROWCLK_BUF       ;
;   1.850 ;   0.203 ;    ; RE   ; 12     ; LAB_CLK_X107_Y60_N0_I2                    ; LAB_CLK                  ;
;   1.923 ;   0.073 ;    ; RE   ; 1      ; BLK_CLK_BUF_X121_Y60_N0_I2                ; BLK_CLK_BUF              ;
;   1.970 ;   0.047 ;    ; RE   ; 1      ; BLK_CLK_LIM_X121_Y60_N0_I2                ; BLK_CLK_LIM              ;
;   2.033 ;   0.063 ;    ; RE   ; 1      ; LOCAL_INTERCONNECT_X121_Y60_N0_I26        ; LAB_LINE                 ;
;   2.060 ;   0.027 ;    ; RE   ; 1      ; LEIMC_X121_Y60_N0_I0                      ; LEIMC                    ;
;   2.060 ;   0.000 ;    ; RE   ; 1      ; GLOBAL_LOCAL_SEL_X121_Y60_N0_I0           ; GLOBAL_LOCAL_SEL         ;
;   2.203 ;   0.143 ;    ; RE   ; 1      ; IO_RE_X121_Y60_N94_I11                    ; IO_RE                    ;
;   2.203 ;   0.000 ;    ; RE   ; 1      ; IO_OUTPUT_ENABLE_PATH_RE_X121_Y60_N98_I6  ; IO_OUTPUT_ENABLE_PATH_RE ;
;   2.203 ;   0.000 ;    ; RE   ; 1      ; IO_OUTPUT_ENABLE_PATH_RE_X121_Y60_N98_I22 ; IO_OUTPUT_ENABLE_PATH_RE ;
;   2.203 ;   0.000 ;    ; RE   ; 1      ; IO_OUTPUT_ENABLE_PATH_RE_X121_Y60_N98_I14 ; IO_OUTPUT_ENABLE_PATH_RE ;
;   2.203 ;   0.000 ;    ; RE   ; 1      ; IO_OUTPUT_PATH_RE_X121_Y60_N102_I5        ; IO_OUTPUT_PATH_RE        ;
;   2.203 ;   0.000 ;    ; RE   ; 1      ; MP_DDIO_OUT_INPUT_X121_Y60_N104_I0        ; MP_DDIO_OUT_INPUT        ;
;   2.204 ;   0.001 ; RR ; IC   ; 1      ; DDIOOUTCELL_X121_Y60_N104                 ; host_rdata[19]~reg0|clk  ;
;   2.574 ;   0.370 ; RR ; CELL ; 1      ; DDIOOUTCELL_X121_Y60_N104                 ; host_rdata[19]~reg0      ;
; 4.155   ; 1.581   ;    ;      ;        ;                                           ; data path                ;
;   2.574 ;   0.000 ;    ; uTco ; 1      ; DDIOOUTCELL_X121_Y60_N104                 ; host_rdata[19]~reg0      ;
;   2.819 ;   0.245 ; RR ; CELL ; 1      ; DDIOOUTCELL_X121_Y60_N104                 ; host_rdata[19]~reg0|q    ;
;   2.819 ;   0.000 ;    ; RE   ; 1      ; DDIOOUTCELL_X121_Y60_N104                 ; ARRIAV_FF                ;
;   2.819 ;   0.000 ;    ; RE   ; 1      ; MP_DDIO_OUT_OUTPUT_X121_Y60_N104_I5       ; MP_DDIO_OUT_OUTPUT       ;
;   2.819 ;   0.000 ;    ; RE   ; 1      ; IO_OUTPUT_PATH_RE_X121_Y60_N102_I18       ; IO_OUTPUT_PATH_RE        ;
;   2.819 ;   0.000 ;    ; RE   ; 1      ; IO_OUTPUT_PATH_RE_X121_Y60_N102_I17       ; IO_OUTPUT_PATH_RE        ;
;   2.819 ;   0.000 ;    ; RE   ; 1      ; IO_RE_X121_Y60_N94_I95                    ; IO_RE                    ;
;   2.819 ;   0.000 ;    ; RE   ; 1      ; IO_OUTPUT_BUFFER_INPUT_X121_Y60_N96_I0    ; IO_OUTPUT_BUFFER_INPUT   ;
;   2.819 ;   0.000 ; RR ; IC   ; 1      ; IOOBUF_X121_Y60_N96                       ; host_rdata[19]~output|i  ;
;   4.155 ;   1.336 ; RR ; CELL ; 1      ; IOOBUF_X121_Y60_N96                       ; host_rdata[19]~output|o  ;
;   4.155 ;   0.000 ; RR ; CELL ; 0      ; PIN_AA33                                  ; host_rdata[19]           ;
+---------+---------+----+------+--------+-------------------------------------------+--------------------------+

+--------------------------------------------------------------------------+
; Data Required Path                                                       ;
+----------+---------+----+------+--------+----------+---------------------+
; Total    ; Incr    ; RF ; Type ; Fanout ; Location ; Element             ;
+----------+---------+----+------+--------+----------+---------------------+
; 10.000   ; 10.000  ;    ;      ;        ;          ; latch edge time     ;
; 10.000   ; 0.000   ;    ;      ;        ;          ; clock path          ;
;   10.000 ;   0.000 ; R  ;      ;        ;          ; clock network delay ;
; 9.900    ; -0.100  ;    ;      ;        ;          ; clock uncertainty   ;
; 7.900    ; -2.000  ; R  ; oExt ; 0      ; PIN_AA33 ; host_rdata[19]      ;
+----------+---------+----+------+--------+----------+---------------------+

----------------------------
; Extra Fitter Information ;
----------------------------
HTML report is unavailable in plain text report export.


Path #17: Setup slack is 3.747 
===============================================================================
+---------------------------------------+
; Path Summary                          ;
+--------------------+------------------+
; Property           ; Value            ;
+--------------------+------------------+
; From Node          ; pc_debug[1]~reg0 ;
; To Node            ; pc_debug[1]      ;
; Launch Clock       ; clk              ;
; Latch Clock        ; clk              ;
; Data Arrival Time  ; 4.153            ;
; Data Required Time ; 7.900            ;
; Slack              ; 3.747            ;
+--------------------+------------------+

+---------------------------------------------------------------------------------------+
; Statistics                                                                            ;
+---------------------------+--------+-------+-------------+------------+-------+-------+
; Property                  ; Value  ; Count ; Total Delay ; % of Total ; Min   ; Max   ;
+---------------------------+--------+-------+-------------+------------+-------+-------+
; Setup Relationship        ; 10.000 ;       ;             ;            ;       ;       ;
; Clock Skew                ; -2.560 ;       ;             ;            ;       ;       ;
; Data Delay                ; 1.593  ;       ;             ;            ;       ;       ;
; Number of Logic Levels    ;        ; 0     ;             ;            ;       ;       ;
; Physical Delays           ;        ;       ;             ;            ;       ;       ;
;  Arrival Path             ;        ;       ;             ;            ;       ;       ;
;   Clock                   ;        ;       ;             ;            ;       ;       ;
;    IC                     ;        ; 3     ; 0.000       ; 0          ; 0.000 ; 0.000 ;
;    Cell                   ;        ; 3     ; 0.925       ; 36         ; 0.149 ; 0.406 ;
;    Routing Element        ;        ; 31    ; 1.635       ; 64         ; 0.000 ; 0.506 ;
;   Data                    ;        ;       ;             ;            ;       ;       ;
;    IC                     ;        ; 1     ; 0.000       ; 0          ; 0.000 ; 0.000 ;
;    Cell                   ;        ; 3     ; 1.593       ; 100        ; 0.000 ; 1.349 ;
;    uTco                   ;        ; 1     ; 0.000       ; 0          ; 0.000 ; 0.000 ;
;    Routing Element        ;        ; 6     ; 0.000       ; 0          ; 0.000 ; 0.000 ;
;  Required Path            ;        ;       ;             ;            ;       ;       ;
;   Clock                   ;        ;       ;             ;            ;       ;       ;
;    Clock Network (Lumped) ;        ; 1     ; 0.000       ;            ; 0.000 ; 0.000 ;
+---------------------------+--------+-------+-------------+------------+-------+-------+
Note: Negative delays are omitted from totals when calculating percentages

+---------------------------------------------------------------------------------------------------------------+
; Data Arrival Path                                                                                             ;
+---------+---------+----+------+--------+-------------------------------------------+--------------------------+
; Total   ; Incr    ; RF ; Type ; Fanout ; Location                                  ; Element                  ;
+---------+---------+----+------+--------+-------------------------------------------+--------------------------+
; 0.000   ; 0.000   ;    ;      ;        ;                                           ; launch edge time         ;
; 2.560   ; 2.560   ;    ;      ;        ;                                           ; clock path               ;
;   0.000 ;   0.000 ;    ;      ;        ;                                           ; source latency           ;
;   0.000 ;   0.000 ;    ;      ; 1      ; PIN_AC18                                  ; clk                      ;
;   0.000 ;   0.000 ;    ; RE   ; 1      ; IOPAD_X54_Y0_N0                           ; ARRIAV_IO_PAD            ;
;   0.000 ;   0.000 ;    ; RE   ; 1      ; IO_PAD_OUTPUT_X54_Y0_N0_I1                ; IO_PAD_OUTPUT            ;
;   0.000 ;   0.000 ;    ; RE   ; 1      ; IO_INPUT_BUFFER_INPUT_X54_Y0_N1_I0        ; IO_INPUT_BUFFER_INPUT    ;
;   0.000 ;   0.000 ; RR ; IC   ; 1      ; IOIBUF_X54_Y0_N1                          ; clk~input|i              ;
;   0.406 ;   0.406 ; RR ; CELL ; 1      ; IOIBUF_X54_Y0_N1                          ; clk~input|o              ;
;   0.406 ;   0.000 ;    ; RE   ; 1      ; IOIBUF_X54_Y0_N1                          ; ARRIAV_IO_IBUF           ;
;   0.406 ;   0.000 ;    ; RE   ; 1      ; IO_INPUT_BUFFER_OUTPUT_X54_Y0_N1_I2       ; IO_INPUT_BUFFER_OUTPUT   ;
;   0.406 ;   0.000 ;    ; RE   ; 1      ; IO_RE_X54_Y0_N0_I96                       ; IO_RE                    ;
;   0.541 ;   0.135 ;    ; RE   ; 1      ; IO_RE_X54_Y0_N0_I66                       ; IO_RE                    ;
;   0.622 ;   0.081 ;    ; RE   ; 1      ; CLKBUF_CLUSTER_RE_X58_Y0_N0_I1614         ; CLKBUF_CLUSTER_RE        ;
;   0.622 ;   0.000 ;    ; RE   ; 1      ; CLKBUF_CLUSTER_RE_X58_Y0_N0_I616          ; CLKBUF_CLUSTER_RE        ;
;   0.622 ;   0.000 ;    ; RE   ; 1      ; GCLK_CLUSTER_RE_X58_Y0_N6_I10             ; GCLK_CLUSTER_RE          ;
;   0.622 ;   0.000 ;    ; RE   ; 1      ; CLKBUFBLOCK_INPUT_X58_Y0_N7_I0            ; CLKBUFBLOCK_INPUT        ;
;   0.622 ;   0.000 ; RR ; IC   ; 1      ; CLKCTRL_G6                                ; clk~inputCLKENA0|inclk   ;
;   0.771 ;   0.149 ; RR ; CELL ; 37157  ; CLKCTRL_G6                                ; clk~inputCLKENA0|outclk  ;
;   0.771 ;   0.000 ;    ; RE   ; 1      ; CLKCTRL_G6                                ; ARRIAV_CLKBUF            ;
;   0.771 ;   0.000 ;    ; RE   ; 1      ; CLKBUFBLOCK_OUTPUT_X58_Y0_N7_I2           ; CLKBUFBLOCK_OUTPUT       ;
;   0.771 ;   0.000 ;    ; RE   ; 1      ; GCLK_CLUSTER_RE_X58_Y0_N6_I12             ; GCLK_CLUSTER_RE          ;
;   0.771 ;   0.000 ;    ; RE   ; 1      ; CLKBUF_CLUSTER_RE_X58_Y0_N0_I417          ; CLKBUF_CLUSTER_RE        ;
;   1.277 ;   0.506 ;    ; RE   ; 16     ; GLOBAL_CLOCK_X0_Y58_N0_I6                 ; GLOBAL_CLOCK             ;
;   1.410 ;   0.133 ;    ; RE   ; 29     ; SPINE_CLOCK_X106_Y30_N0_I2                ; SPINE_CLOCK              ;
;   1.604 ;   0.194 ;    ; RE   ; 1      ; SCLK_TO_ROWCLK_BUF_X106_Y39_N0_I12        ; SCLK_TO_ROWCLK_BUF       ;
;   1.644 ;   0.040 ;    ; RE   ; 2      ; SCLK_TO_ROWCLK_BUF_X106_Y39_N0_I15        ; SCLK_TO_ROWCLK_BUF       ;
;   1.847 ;   0.203 ;    ; RE   ; 7      ; LAB_CLK_X107_Y39_N0_I2                    ; LAB_CLK                  ;
;   1.920 ;   0.073 ;    ; RE   ; 1      ; BLK_CLK_BUF_X121_Y39_N0_I2                ; BLK_CLK_BUF              ;
;   1.967 ;   0.047 ;    ; RE   ; 1      ; BLK_CLK_LIM_X121_Y39_N0_I2                ; BLK_CLK_LIM              ;
;   2.032 ;   0.065 ;    ; RE   ; 2      ; LOCAL_INTERCONNECT_X121_Y39_N0_I26        ; LAB_LINE                 ;
;   2.059 ;   0.027 ;    ; RE   ; 1      ; LEIMC_X121_Y39_N0_I4                      ; LEIMC                    ;
;   2.059 ;   0.000 ;    ; RE   ; 1      ; GLOBAL_LOCAL_SEL_X121_Y39_N0_I4           ; GLOBAL_LOCAL_SEL         ;
;   2.190 ;   0.131 ;    ; RE   ; 1      ; IO_RE_X121_Y39_N37_I11                    ; IO_RE                    ;
;   2.190 ;   0.000 ;    ; RE   ; 1      ; IO_OUTPUT_ENABLE_PATH_RE_X121_Y39_N41_I6  ; IO_OUTPUT_ENABLE_PATH_RE ;
;   2.190 ;   0.000 ;    ; RE   ; 1      ; IO_OUTPUT_ENABLE_PATH_RE_X121_Y39_N41_I22 ; IO_OUTPUT_ENABLE_PATH_RE ;
;   2.190 ;   0.000 ;    ; RE   ; 1      ; IO_OUTPUT_ENABLE_PATH_RE_X121_Y39_N41_I14 ; IO_OUTPUT_ENABLE_PATH_RE ;
;   2.190 ;   0.000 ;    ; RE   ; 1      ; IO_OUTPUT_PATH_RE_X121_Y39_N45_I5         ; IO_OUTPUT_PATH_RE        ;
;   2.190 ;   0.000 ;    ; RE   ; 1      ; MP_DDIO_OUT_INPUT_X121_Y39_N47_I0         ; MP_DDIO_OUT_INPUT        ;
;   2.190 ;   0.000 ; RR ; IC   ; 1      ; DDIOOUTCELL_X121_Y39_N47                  ; pc_debug[1]~reg0|clk     ;
;   2.560 ;   0.370 ; RR ; CELL ; 1      ; DDIOOUTCELL_X121_Y39_N47                  ; pc_debug[1]~reg0         ;
; 4.153   ; 1.593   ;    ;      ;        ;                                           ; data path                ;
;   2.560 ;   0.000 ;    ; uTco ; 1      ; DDIOOUTCELL_X121_Y39_N47                  ; pc_debug[1]~reg0         ;
;   2.804 ;   0.244 ; RR ; CELL ; 1      ; DDIOOUTCELL_X121_Y39_N47                  ; pc_debug[1]~reg0|q       ;
;   2.804 ;   0.000 ;    ; RE   ; 1      ; DDIOOUTCELL_X121_Y39_N47                  ; ARRIAV_FF                ;
;   2.804 ;   0.000 ;    ; RE   ; 1      ; MP_DDIO_OUT_OUTPUT_X121_Y39_N47_I5        ; MP_DDIO_OUT_OUTPUT       ;
;   2.804 ;   0.000 ;    ; RE   ; 1      ; IO_OUTPUT_PATH_RE_X121_Y39_N45_I18        ; IO_OUTPUT_PATH_RE        ;
;   2.804 ;   0.000 ;    ; RE   ; 1      ; IO_OUTPUT_PATH_RE_X121_Y39_N45_I17        ; IO_OUTPUT_PATH_RE        ;
;   2.804 ;   0.000 ;    ; RE   ; 1      ; IO_RE_X121_Y39_N37_I95                    ; IO_RE                    ;
;   2.804 ;   0.000 ;    ; RE   ; 1      ; IO_OUTPUT_BUFFER_INPUT_X121_Y39_N39_I0    ; IO_OUTPUT_BUFFER_INPUT   ;
;   2.804 ;   0.000 ; RR ; IC   ; 1      ; IOOBUF_X121_Y39_N39                       ; pc_debug[1]~output|i     ;
;   4.153 ;   1.349 ; RR ; CELL ; 1      ; IOOBUF_X121_Y39_N39                       ; pc_debug[1]~output|o     ;
;   4.153 ;   0.000 ; RR ; CELL ; 0      ; PIN_AG31                                  ; pc_debug[1]              ;
+---------+---------+----+------+--------+-------------------------------------------+--------------------------+

+--------------------------------------------------------------------------+
; Data Required Path                                                       ;
+----------+---------+----+------+--------+----------+---------------------+
; Total    ; Incr    ; RF ; Type ; Fanout ; Location ; Element             ;
+----------+---------+----+------+--------+----------+---------------------+
; 10.000   ; 10.000  ;    ;      ;        ;          ; latch edge time     ;
; 10.000   ; 0.000   ;    ;      ;        ;          ; clock path          ;
;   10.000 ;   0.000 ; R  ;      ;        ;          ; clock network delay ;
; 9.900    ; -0.100  ;    ;      ;        ;          ; clock uncertainty   ;
; 7.900    ; -2.000  ; R  ; oExt ; 0      ; PIN_AG31 ; pc_debug[1]         ;
+----------+---------+----+------+--------+----------+---------------------+

----------------------------
; Extra Fitter Information ;
----------------------------
HTML report is unavailable in plain text report export.


Path #18: Setup slack is 3.749 
===============================================================================
+------------------------------------------+
; Path Summary                             ;
+--------------------+---------------------+
; Property           ; Value               ;
+--------------------+---------------------+
; From Node          ; instr_debug[7]~reg0 ;
; To Node            ; instr_debug[7]      ;
; Launch Clock       ; clk                 ;
; Latch Clock        ; clk                 ;
; Data Arrival Time  ; 4.151               ;
; Data Required Time ; 7.900               ;
; Slack              ; 3.749               ;
+--------------------+---------------------+

+---------------------------------------------------------------------------------------+
; Statistics                                                                            ;
+---------------------------+--------+-------+-------------+------------+-------+-------+
; Property                  ; Value  ; Count ; Total Delay ; % of Total ; Min   ; Max   ;
+---------------------------+--------+-------+-------------+------------+-------+-------+
; Setup Relationship        ; 10.000 ;       ;             ;            ;       ;       ;
; Clock Skew                ; -2.560 ;       ;             ;            ;       ;       ;
; Data Delay                ; 1.591  ;       ;             ;            ;       ;       ;
; Number of Logic Levels    ;        ; 0     ;             ;            ;       ;       ;
; Physical Delays           ;        ;       ;             ;            ;       ;       ;
;  Arrival Path             ;        ;       ;             ;            ;       ;       ;
;   Clock                   ;        ;       ;             ;            ;       ;       ;
;    IC                     ;        ; 3     ; 0.000       ; 0          ; 0.000 ; 0.000 ;
;    Cell                   ;        ; 3     ; 0.925       ; 36         ; 0.149 ; 0.406 ;
;    Routing Element        ;        ; 31    ; 1.635       ; 64         ; 0.000 ; 0.506 ;
;   Data                    ;        ;       ;             ;            ;       ;       ;
;    IC                     ;        ; 1     ; 0.000       ; 0          ; 0.000 ; 0.000 ;
;    Cell                   ;        ; 3     ; 1.591       ; 100        ; 0.000 ; 1.346 ;
;    uTco                   ;        ; 1     ; 0.000       ; 0          ; 0.000 ; 0.000 ;
;    Routing Element        ;        ; 6     ; 0.000       ; 0          ; 0.000 ; 0.000 ;
;  Required Path            ;        ;       ;             ;            ;       ;       ;
;   Clock                   ;        ;       ;             ;            ;       ;       ;
;    Clock Network (Lumped) ;        ; 1     ; 0.000       ;            ; 0.000 ; 0.000 ;
+---------------------------+--------+-------+-------------+------------+-------+-------+
Note: Negative delays are omitted from totals when calculating percentages

+---------------------------------------------------------------------------------------------------------------+
; Data Arrival Path                                                                                             ;
+---------+---------+----+------+--------+-------------------------------------------+--------------------------+
; Total   ; Incr    ; RF ; Type ; Fanout ; Location                                  ; Element                  ;
+---------+---------+----+------+--------+-------------------------------------------+--------------------------+
; 0.000   ; 0.000   ;    ;      ;        ;                                           ; launch edge time         ;
; 2.560   ; 2.560   ;    ;      ;        ;                                           ; clock path               ;
;   0.000 ;   0.000 ;    ;      ;        ;                                           ; source latency           ;
;   0.000 ;   0.000 ;    ;      ; 1      ; PIN_AC18                                  ; clk                      ;
;   0.000 ;   0.000 ;    ; RE   ; 1      ; IOPAD_X54_Y0_N0                           ; ARRIAV_IO_PAD            ;
;   0.000 ;   0.000 ;    ; RE   ; 1      ; IO_PAD_OUTPUT_X54_Y0_N0_I1                ; IO_PAD_OUTPUT            ;
;   0.000 ;   0.000 ;    ; RE   ; 1      ; IO_INPUT_BUFFER_INPUT_X54_Y0_N1_I0        ; IO_INPUT_BUFFER_INPUT    ;
;   0.000 ;   0.000 ; RR ; IC   ; 1      ; IOIBUF_X54_Y0_N1                          ; clk~input|i              ;
;   0.406 ;   0.406 ; RR ; CELL ; 1      ; IOIBUF_X54_Y0_N1                          ; clk~input|o              ;
;   0.406 ;   0.000 ;    ; RE   ; 1      ; IOIBUF_X54_Y0_N1                          ; ARRIAV_IO_IBUF           ;
;   0.406 ;   0.000 ;    ; RE   ; 1      ; IO_INPUT_BUFFER_OUTPUT_X54_Y0_N1_I2       ; IO_INPUT_BUFFER_OUTPUT   ;
;   0.406 ;   0.000 ;    ; RE   ; 1      ; IO_RE_X54_Y0_N0_I96                       ; IO_RE                    ;
;   0.541 ;   0.135 ;    ; RE   ; 1      ; IO_RE_X54_Y0_N0_I66                       ; IO_RE                    ;
;   0.622 ;   0.081 ;    ; RE   ; 1      ; CLKBUF_CLUSTER_RE_X58_Y0_N0_I1614         ; CLKBUF_CLUSTER_RE        ;
;   0.622 ;   0.000 ;    ; RE   ; 1      ; CLKBUF_CLUSTER_RE_X58_Y0_N0_I616          ; CLKBUF_CLUSTER_RE        ;
;   0.622 ;   0.000 ;    ; RE   ; 1      ; GCLK_CLUSTER_RE_X58_Y0_N6_I10             ; GCLK_CLUSTER_RE          ;
;   0.622 ;   0.000 ;    ; RE   ; 1      ; CLKBUFBLOCK_INPUT_X58_Y0_N7_I0            ; CLKBUFBLOCK_INPUT        ;
;   0.622 ;   0.000 ; RR ; IC   ; 1      ; CLKCTRL_G6                                ; clk~inputCLKENA0|inclk   ;
;   0.771 ;   0.149 ; RR ; CELL ; 37157  ; CLKCTRL_G6                                ; clk~inputCLKENA0|outclk  ;
;   0.771 ;   0.000 ;    ; RE   ; 1      ; CLKCTRL_G6                                ; ARRIAV_CLKBUF            ;
;   0.771 ;   0.000 ;    ; RE   ; 1      ; CLKBUFBLOCK_OUTPUT_X58_Y0_N7_I2           ; CLKBUFBLOCK_OUTPUT       ;
;   0.771 ;   0.000 ;    ; RE   ; 1      ; GCLK_CLUSTER_RE_X58_Y0_N6_I12             ; GCLK_CLUSTER_RE          ;
;   0.771 ;   0.000 ;    ; RE   ; 1      ; CLKBUF_CLUSTER_RE_X58_Y0_N0_I417          ; CLKBUF_CLUSTER_RE        ;
;   1.277 ;   0.506 ;    ; RE   ; 16     ; GLOBAL_CLOCK_X0_Y58_N0_I6                 ; GLOBAL_CLOCK             ;
;   1.402 ;   0.125 ;    ; RE   ; 29     ; SPINE_CLOCK_X106_Y30_N0_I2                ; SPINE_CLOCK              ;
;   1.596 ;   0.194 ;    ; RE   ; 1      ; SCLK_TO_ROWCLK_BUF_X106_Y48_N0_I12        ; SCLK_TO_ROWCLK_BUF       ;
;   1.636 ;   0.040 ;    ; RE   ; 2      ; SCLK_TO_ROWCLK_BUF_X106_Y48_N0_I15        ; SCLK_TO_ROWCLK_BUF       ;
;   1.839 ;   0.203 ;    ; RE   ; 13     ; LAB_CLK_X107_Y48_N0_I2                    ; LAB_CLK                  ;
;   1.912 ;   0.073 ;    ; RE   ; 1      ; BLK_CLK_BUF_X121_Y48_N0_I2                ; BLK_CLK_BUF              ;
;   1.967 ;   0.055 ;    ; RE   ; 2      ; BLK_CLK_LIM_X121_Y48_N0_I2                ; BLK_CLK_LIM              ;
;   2.035 ;   0.068 ;    ; RE   ; 3      ; LOCAL_INTERCONNECT_X121_Y48_N0_I26        ; LAB_LINE                 ;
;   2.062 ;   0.027 ;    ; RE   ; 1      ; LEIMC_X121_Y48_N0_I0                      ; LEIMC                    ;
;   2.062 ;   0.000 ;    ; RE   ; 1      ; GLOBAL_LOCAL_SEL_X121_Y48_N0_I0           ; GLOBAL_LOCAL_SEL         ;
;   2.190 ;   0.128 ;    ; RE   ; 1      ; IO_RE_X121_Y48_N54_I11                    ; IO_RE                    ;
;   2.190 ;   0.000 ;    ; RE   ; 1      ; IO_OUTPUT_ENABLE_PATH_RE_X121_Y48_N58_I6  ; IO_OUTPUT_ENABLE_PATH_RE ;
;   2.190 ;   0.000 ;    ; RE   ; 1      ; IO_OUTPUT_ENABLE_PATH_RE_X121_Y48_N58_I22 ; IO_OUTPUT_ENABLE_PATH_RE ;
;   2.190 ;   0.000 ;    ; RE   ; 1      ; IO_OUTPUT_ENABLE_PATH_RE_X121_Y48_N58_I14 ; IO_OUTPUT_ENABLE_PATH_RE ;
;   2.190 ;   0.000 ;    ; RE   ; 1      ; IO_OUTPUT_PATH_RE_X121_Y48_N62_I5         ; IO_OUTPUT_PATH_RE        ;
;   2.190 ;   0.000 ;    ; RE   ; 1      ; MP_DDIO_OUT_INPUT_X121_Y48_N64_I0         ; MP_DDIO_OUT_INPUT        ;
;   2.190 ;   0.000 ; RR ; IC   ; 1      ; DDIOOUTCELL_X121_Y48_N64                  ; instr_debug[7]~reg0|clk  ;
;   2.560 ;   0.370 ; RR ; CELL ; 1      ; DDIOOUTCELL_X121_Y48_N64                  ; instr_debug[7]~reg0      ;
; 4.151   ; 1.591   ;    ;      ;        ;                                           ; data path                ;
;   2.560 ;   0.000 ;    ; uTco ; 1      ; DDIOOUTCELL_X121_Y48_N64                  ; instr_debug[7]~reg0      ;
;   2.805 ;   0.245 ; RR ; CELL ; 1      ; DDIOOUTCELL_X121_Y48_N64                  ; instr_debug[7]~reg0|q    ;
;   2.805 ;   0.000 ;    ; RE   ; 1      ; DDIOOUTCELL_X121_Y48_N64                  ; ARRIAV_FF                ;
;   2.805 ;   0.000 ;    ; RE   ; 1      ; MP_DDIO_OUT_OUTPUT_X121_Y48_N64_I5        ; MP_DDIO_OUT_OUTPUT       ;
;   2.805 ;   0.000 ;    ; RE   ; 1      ; IO_OUTPUT_PATH_RE_X121_Y48_N62_I18        ; IO_OUTPUT_PATH_RE        ;
;   2.805 ;   0.000 ;    ; RE   ; 1      ; IO_OUTPUT_PATH_RE_X121_Y48_N62_I17        ; IO_OUTPUT_PATH_RE        ;
;   2.805 ;   0.000 ;    ; RE   ; 1      ; IO_RE_X121_Y48_N54_I95                    ; IO_RE                    ;
;   2.805 ;   0.000 ;    ; RE   ; 1      ; IO_OUTPUT_BUFFER_INPUT_X121_Y48_N56_I0    ; IO_OUTPUT_BUFFER_INPUT   ;
;   2.805 ;   0.000 ; RR ; IC   ; 1      ; IOOBUF_X121_Y48_N56                       ; instr_debug[7]~output|i  ;
;   4.151 ;   1.346 ; RR ; CELL ; 1      ; IOOBUF_X121_Y48_N56                       ; instr_debug[7]~output|o  ;
;   4.151 ;   0.000 ; RR ; CELL ; 0      ; PIN_AF32                                  ; instr_debug[7]           ;
+---------+---------+----+------+--------+-------------------------------------------+--------------------------+

+--------------------------------------------------------------------------+
; Data Required Path                                                       ;
+----------+---------+----+------+--------+----------+---------------------+
; Total    ; Incr    ; RF ; Type ; Fanout ; Location ; Element             ;
+----------+---------+----+------+--------+----------+---------------------+
; 10.000   ; 10.000  ;    ;      ;        ;          ; latch edge time     ;
; 10.000   ; 0.000   ;    ;      ;        ;          ; clock path          ;
;   10.000 ;   0.000 ; R  ;      ;        ;          ; clock network delay ;
; 9.900    ; -0.100  ;    ;      ;        ;          ; clock uncertainty   ;
; 7.900    ; -2.000  ; R  ; oExt ; 0      ; PIN_AF32 ; instr_debug[7]      ;
+----------+---------+----+------+--------+----------+---------------------+

----------------------------
; Extra Fitter Information ;
----------------------------
HTML report is unavailable in plain text report export.


Path #19: Setup slack is 3.750 
===============================================================================
+------------------------------------------+
; Path Summary                             ;
+--------------------+---------------------+
; Property           ; Value               ;
+--------------------+---------------------+
; From Node          ; instr_debug[2]~reg0 ;
; To Node            ; instr_debug[2]      ;
; Launch Clock       ; clk                 ;
; Latch Clock        ; clk                 ;
; Data Arrival Time  ; 4.150               ;
; Data Required Time ; 7.900               ;
; Slack              ; 3.750               ;
+--------------------+---------------------+

+---------------------------------------------------------------------------------------+
; Statistics                                                                            ;
+---------------------------+--------+-------+-------------+------------+-------+-------+
; Property                  ; Value  ; Count ; Total Delay ; % of Total ; Min   ; Max   ;
+---------------------------+--------+-------+-------------+------------+-------+-------+
; Setup Relationship        ; 10.000 ;       ;             ;            ;       ;       ;
; Clock Skew                ; -2.550 ;       ;             ;            ;       ;       ;
; Data Delay                ; 1.600  ;       ;             ;            ;       ;       ;
; Number of Logic Levels    ;        ; 0     ;             ;            ;       ;       ;
; Physical Delays           ;        ;       ;             ;            ;       ;       ;
;  Arrival Path             ;        ;       ;             ;            ;       ;       ;
;   Clock                   ;        ;       ;             ;            ;       ;       ;
;    IC                     ;        ; 3     ; 0.000       ; 0          ; 0.000 ; 0.000 ;
;    Cell                   ;        ; 3     ; 0.925       ; 36         ; 0.149 ; 0.406 ;
;    Routing Element        ;        ; 31    ; 1.625       ; 64         ; 0.000 ; 0.506 ;
;   Data                    ;        ;       ;             ;            ;       ;       ;
;    IC                     ;        ; 1     ; 0.000       ; 0          ; 0.000 ; 0.000 ;
;    Cell                   ;        ; 3     ; 1.600       ; 100        ; 0.000 ; 1.356 ;
;    uTco                   ;        ; 1     ; 0.000       ; 0          ; 0.000 ; 0.000 ;
;    Routing Element        ;        ; 6     ; 0.000       ; 0          ; 0.000 ; 0.000 ;
;  Required Path            ;        ;       ;             ;            ;       ;       ;
;   Clock                   ;        ;       ;             ;            ;       ;       ;
;    Clock Network (Lumped) ;        ; 1     ; 0.000       ;            ; 0.000 ; 0.000 ;
+---------------------------+--------+-------+-------------+------------+-------+-------+
Note: Negative delays are omitted from totals when calculating percentages

+---------------------------------------------------------------------------------------------------------------+
; Data Arrival Path                                                                                             ;
+---------+---------+----+------+--------+-------------------------------------------+--------------------------+
; Total   ; Incr    ; RF ; Type ; Fanout ; Location                                  ; Element                  ;
+---------+---------+----+------+--------+-------------------------------------------+--------------------------+
; 0.000   ; 0.000   ;    ;      ;        ;                                           ; launch edge time         ;
; 2.550   ; 2.550   ;    ;      ;        ;                                           ; clock path               ;
;   0.000 ;   0.000 ;    ;      ;        ;                                           ; source latency           ;
;   0.000 ;   0.000 ;    ;      ; 1      ; PIN_AC18                                  ; clk                      ;
;   0.000 ;   0.000 ;    ; RE   ; 1      ; IOPAD_X54_Y0_N0                           ; ARRIAV_IO_PAD            ;
;   0.000 ;   0.000 ;    ; RE   ; 1      ; IO_PAD_OUTPUT_X54_Y0_N0_I1                ; IO_PAD_OUTPUT            ;
;   0.000 ;   0.000 ;    ; RE   ; 1      ; IO_INPUT_BUFFER_INPUT_X54_Y0_N1_I0        ; IO_INPUT_BUFFER_INPUT    ;
;   0.000 ;   0.000 ; RR ; IC   ; 1      ; IOIBUF_X54_Y0_N1                          ; clk~input|i              ;
;   0.406 ;   0.406 ; RR ; CELL ; 1      ; IOIBUF_X54_Y0_N1                          ; clk~input|o              ;
;   0.406 ;   0.000 ;    ; RE   ; 1      ; IOIBUF_X54_Y0_N1                          ; ARRIAV_IO_IBUF           ;
;   0.406 ;   0.000 ;    ; RE   ; 1      ; IO_INPUT_BUFFER_OUTPUT_X54_Y0_N1_I2       ; IO_INPUT_BUFFER_OUTPUT   ;
;   0.406 ;   0.000 ;    ; RE   ; 1      ; IO_RE_X54_Y0_N0_I96                       ; IO_RE                    ;
;   0.541 ;   0.135 ;    ; RE   ; 1      ; IO_RE_X54_Y0_N0_I66                       ; IO_RE                    ;
;   0.622 ;   0.081 ;    ; RE   ; 1      ; CLKBUF_CLUSTER_RE_X58_Y0_N0_I1614         ; CLKBUF_CLUSTER_RE        ;
;   0.622 ;   0.000 ;    ; RE   ; 1      ; CLKBUF_CLUSTER_RE_X58_Y0_N0_I616          ; CLKBUF_CLUSTER_RE        ;
;   0.622 ;   0.000 ;    ; RE   ; 1      ; GCLK_CLUSTER_RE_X58_Y0_N6_I10             ; GCLK_CLUSTER_RE          ;
;   0.622 ;   0.000 ;    ; RE   ; 1      ; CLKBUFBLOCK_INPUT_X58_Y0_N7_I0            ; CLKBUFBLOCK_INPUT        ;
;   0.622 ;   0.000 ; RR ; IC   ; 1      ; CLKCTRL_G6                                ; clk~inputCLKENA0|inclk   ;
;   0.771 ;   0.149 ; RR ; CELL ; 37157  ; CLKCTRL_G6                                ; clk~inputCLKENA0|outclk  ;
;   0.771 ;   0.000 ;    ; RE   ; 1      ; CLKCTRL_G6                                ; ARRIAV_CLKBUF            ;
;   0.771 ;   0.000 ;    ; RE   ; 1      ; CLKBUFBLOCK_OUTPUT_X58_Y0_N7_I2           ; CLKBUFBLOCK_OUTPUT       ;
;   0.771 ;   0.000 ;    ; RE   ; 1      ; GCLK_CLUSTER_RE_X58_Y0_N6_I12             ; GCLK_CLUSTER_RE          ;
;   0.771 ;   0.000 ;    ; RE   ; 1      ; CLKBUF_CLUSTER_RE_X58_Y0_N0_I417          ; CLKBUF_CLUSTER_RE        ;
;   1.277 ;   0.506 ;    ; RE   ; 16     ; GLOBAL_CLOCK_X0_Y58_N0_I6                 ; GLOBAL_CLOCK             ;
;   1.399 ;   0.122 ;    ; RE   ; 29     ; SPINE_CLOCK_X106_Y30_N0_I2                ; SPINE_CLOCK              ;
;   1.593 ;   0.194 ;    ; RE   ; 1      ; SCLK_TO_ROWCLK_BUF_X106_Y45_N0_I12        ; SCLK_TO_ROWCLK_BUF       ;
;   1.633 ;   0.040 ;    ; RE   ; 2      ; SCLK_TO_ROWCLK_BUF_X106_Y45_N0_I15        ; SCLK_TO_ROWCLK_BUF       ;
;   1.836 ;   0.203 ;    ; RE   ; 13     ; LAB_CLK_X107_Y45_N0_I2                    ; LAB_CLK                  ;
;   1.909 ;   0.073 ;    ; RE   ; 1      ; BLK_CLK_BUF_X121_Y45_N0_I2                ; BLK_CLK_BUF              ;
;   1.956 ;   0.047 ;    ; RE   ; 1      ; BLK_CLK_LIM_X121_Y45_N0_I2                ; BLK_CLK_LIM              ;
;   2.021 ;   0.065 ;    ; RE   ; 2      ; LOCAL_INTERCONNECT_X121_Y45_N0_I26        ; LAB_LINE                 ;
;   2.048 ;   0.027 ;    ; RE   ; 1      ; LEIMC_X121_Y45_N0_I0                      ; LEIMC                    ;
;   2.048 ;   0.000 ;    ; RE   ; 1      ; GLOBAL_LOCAL_SEL_X121_Y45_N0_I0           ; GLOBAL_LOCAL_SEL         ;
;   2.180 ;   0.132 ;    ; RE   ; 1      ; IO_RE_X121_Y45_N54_I11                    ; IO_RE                    ;
;   2.180 ;   0.000 ;    ; RE   ; 1      ; IO_OUTPUT_ENABLE_PATH_RE_X121_Y45_N58_I6  ; IO_OUTPUT_ENABLE_PATH_RE ;
;   2.180 ;   0.000 ;    ; RE   ; 1      ; IO_OUTPUT_ENABLE_PATH_RE_X121_Y45_N58_I22 ; IO_OUTPUT_ENABLE_PATH_RE ;
;   2.180 ;   0.000 ;    ; RE   ; 1      ; IO_OUTPUT_ENABLE_PATH_RE_X121_Y45_N58_I14 ; IO_OUTPUT_ENABLE_PATH_RE ;
;   2.180 ;   0.000 ;    ; RE   ; 1      ; IO_OUTPUT_PATH_RE_X121_Y45_N62_I5         ; IO_OUTPUT_PATH_RE        ;
;   2.180 ;   0.000 ;    ; RE   ; 1      ; MP_DDIO_OUT_INPUT_X121_Y45_N64_I0         ; MP_DDIO_OUT_INPUT        ;
;   2.180 ;   0.000 ; RR ; IC   ; 1      ; DDIOOUTCELL_X121_Y45_N64                  ; instr_debug[2]~reg0|clk  ;
;   2.550 ;   0.370 ; RR ; CELL ; 1      ; DDIOOUTCELL_X121_Y45_N64                  ; instr_debug[2]~reg0      ;
; 4.150   ; 1.600   ;    ;      ;        ;                                           ; data path                ;
;   2.550 ;   0.000 ;    ; uTco ; 1      ; DDIOOUTCELL_X121_Y45_N64                  ; instr_debug[2]~reg0      ;
;   2.794 ;   0.244 ; RR ; CELL ; 1      ; DDIOOUTCELL_X121_Y45_N64                  ; instr_debug[2]~reg0|q    ;
;   2.794 ;   0.000 ;    ; RE   ; 1      ; DDIOOUTCELL_X121_Y45_N64                  ; ARRIAV_FF                ;
;   2.794 ;   0.000 ;    ; RE   ; 1      ; MP_DDIO_OUT_OUTPUT_X121_Y45_N64_I5        ; MP_DDIO_OUT_OUTPUT       ;
;   2.794 ;   0.000 ;    ; RE   ; 1      ; IO_OUTPUT_PATH_RE_X121_Y45_N62_I18        ; IO_OUTPUT_PATH_RE        ;
;   2.794 ;   0.000 ;    ; RE   ; 1      ; IO_OUTPUT_PATH_RE_X121_Y45_N62_I17        ; IO_OUTPUT_PATH_RE        ;
;   2.794 ;   0.000 ;    ; RE   ; 1      ; IO_RE_X121_Y45_N54_I95                    ; IO_RE                    ;
;   2.794 ;   0.000 ;    ; RE   ; 1      ; IO_OUTPUT_BUFFER_INPUT_X121_Y45_N56_I0    ; IO_OUTPUT_BUFFER_INPUT   ;
;   2.794 ;   0.000 ; RR ; IC   ; 1      ; IOOBUF_X121_Y45_N56                       ; instr_debug[2]~output|i  ;
;   4.150 ;   1.356 ; RR ; CELL ; 1      ; IOOBUF_X121_Y45_N56                       ; instr_debug[2]~output|o  ;
;   4.150 ;   0.000 ; RR ; CELL ; 0      ; PIN_AG33                                  ; instr_debug[2]           ;
+---------+---------+----+------+--------+-------------------------------------------+--------------------------+

+--------------------------------------------------------------------------+
; Data Required Path                                                       ;
+----------+---------+----+------+--------+----------+---------------------+
; Total    ; Incr    ; RF ; Type ; Fanout ; Location ; Element             ;
+----------+---------+----+------+--------+----------+---------------------+
; 10.000   ; 10.000  ;    ;      ;        ;          ; latch edge time     ;
; 10.000   ; 0.000   ;    ;      ;        ;          ; clock path          ;
;   10.000 ;   0.000 ; R  ;      ;        ;          ; clock network delay ;
; 9.900    ; -0.100  ;    ;      ;        ;          ; clock uncertainty   ;
; 7.900    ; -2.000  ; R  ; oExt ; 0      ; PIN_AG33 ; instr_debug[2]      ;
+----------+---------+----+------+--------+----------+---------------------+

----------------------------
; Extra Fitter Information ;
----------------------------
HTML report is unavailable in plain text report export.


Path #20: Setup slack is 3.753 
===============================================================================
+-----------------------------------------+
; Path Summary                            ;
+--------------------+--------------------+
; Property           ; Value              ;
+--------------------+--------------------+
; From Node          ; host_rdata[8]~reg0 ;
; To Node            ; host_rdata[8]      ;
; Launch Clock       ; clk                ;
; Latch Clock        ; clk                ;
; Data Arrival Time  ; 4.147              ;
; Data Required Time ; 7.900              ;
; Slack              ; 3.753              ;
+--------------------+--------------------+

+---------------------------------------------------------------------------------------+
; Statistics                                                                            ;
+---------------------------+--------+-------+-------------+------------+-------+-------+
; Property                  ; Value  ; Count ; Total Delay ; % of Total ; Min   ; Max   ;
+---------------------------+--------+-------+-------------+------------+-------+-------+
; Setup Relationship        ; 10.000 ;       ;             ;            ;       ;       ;
; Clock Skew                ; -2.149 ;       ;             ;            ;       ;       ;
; Data Delay                ; 1.998  ;       ;             ;            ;       ;       ;
; Number of Logic Levels    ;        ; 0     ;             ;            ;       ;       ;
; Physical Delays           ;        ;       ;             ;            ;       ;       ;
;  Arrival Path             ;        ;       ;             ;            ;       ;       ;
;   Clock                   ;        ;       ;             ;            ;       ;       ;
;    IC                     ;        ; 3     ; 0.000       ; 0          ; 0.000 ; 0.000 ;
;    Cell                   ;        ; 3     ; 0.763       ; 36         ; 0.149 ; 0.406 ;
;    Routing Element        ;        ; 25    ; 1.386       ; 64         ; 0.000 ; 0.506 ;
;   Data                    ;        ;       ;             ;            ;       ;       ;
;    IC                     ;        ; 1     ; 0.000       ; 0          ; 0.000 ; 0.000 ;
;    Cell                   ;        ; 3     ; 1.742       ; 87         ; 0.000 ; 1.742 ;
;    uTco                   ;        ; 1     ; 0.000       ; 0          ; 0.000 ; 0.000 ;
;    Routing Element        ;        ; 10    ; 0.256       ; 13         ; 0.000 ; 0.133 ;
;  Required Path            ;        ;       ;             ;            ;       ;       ;
;   Clock                   ;        ;       ;             ;            ;       ;       ;
;    Clock Network (Lumped) ;        ; 1     ; 0.000       ;            ; 0.000 ; 0.000 ;
+---------------------------+--------+-------+-------------+------------+-------+-------+
Note: Negative delays are omitted from totals when calculating percentages

+----------------------------------------------------------------------------------------------------------------+
; Data Arrival Path                                                                                              ;
+---------+---------+----+------+--------+---------------------------------------------+-------------------------+
; Total   ; Incr    ; RF ; Type ; Fanout ; Location                                    ; Element                 ;
+---------+---------+----+------+--------+---------------------------------------------+-------------------------+
; 0.000   ; 0.000   ;    ;      ;        ;                                             ; launch edge time        ;
; 2.149   ; 2.149   ;    ;      ;        ;                                             ; clock path              ;
;   0.000 ;   0.000 ;    ;      ;        ;                                             ; source latency          ;
;   0.000 ;   0.000 ;    ;      ; 1      ; PIN_AC18                                    ; clk                     ;
;   0.000 ;   0.000 ;    ; RE   ; 1      ; IOPAD_X54_Y0_N0                             ; ARRIAV_IO_PAD           ;
;   0.000 ;   0.000 ;    ; RE   ; 1      ; IO_PAD_OUTPUT_X54_Y0_N0_I1                  ; IO_PAD_OUTPUT           ;
;   0.000 ;   0.000 ;    ; RE   ; 1      ; IO_INPUT_BUFFER_INPUT_X54_Y0_N1_I0          ; IO_INPUT_BUFFER_INPUT   ;
;   0.000 ;   0.000 ; RR ; IC   ; 1      ; IOIBUF_X54_Y0_N1                            ; clk~input|i             ;
;   0.406 ;   0.406 ; RR ; CELL ; 1      ; IOIBUF_X54_Y0_N1                            ; clk~input|o             ;
;   0.406 ;   0.000 ;    ; RE   ; 1      ; IOIBUF_X54_Y0_N1                            ; ARRIAV_IO_IBUF          ;
;   0.406 ;   0.000 ;    ; RE   ; 1      ; IO_INPUT_BUFFER_OUTPUT_X54_Y0_N1_I2         ; IO_INPUT_BUFFER_OUTPUT  ;
;   0.406 ;   0.000 ;    ; RE   ; 1      ; IO_RE_X54_Y0_N0_I96                         ; IO_RE                   ;
;   0.541 ;   0.135 ;    ; RE   ; 1      ; IO_RE_X54_Y0_N0_I66                         ; IO_RE                   ;
;   0.622 ;   0.081 ;    ; RE   ; 1      ; CLKBUF_CLUSTER_RE_X58_Y0_N0_I1614           ; CLKBUF_CLUSTER_RE       ;
;   0.622 ;   0.000 ;    ; RE   ; 1      ; CLKBUF_CLUSTER_RE_X58_Y0_N0_I616            ; CLKBUF_CLUSTER_RE       ;
;   0.622 ;   0.000 ;    ; RE   ; 1      ; GCLK_CLUSTER_RE_X58_Y0_N6_I10               ; GCLK_CLUSTER_RE         ;
;   0.622 ;   0.000 ;    ; RE   ; 1      ; CLKBUFBLOCK_INPUT_X58_Y0_N7_I0              ; CLKBUFBLOCK_INPUT       ;
;   0.622 ;   0.000 ; RR ; IC   ; 1      ; CLKCTRL_G6                                  ; clk~inputCLKENA0|inclk  ;
;   0.771 ;   0.149 ; RR ; CELL ; 37157  ; CLKCTRL_G6                                  ; clk~inputCLKENA0|outclk ;
;   0.771 ;   0.000 ;    ; RE   ; 1      ; CLKCTRL_G6                                  ; ARRIAV_CLKBUF           ;
;   0.771 ;   0.000 ;    ; RE   ; 1      ; CLKBUFBLOCK_OUTPUT_X58_Y0_N7_I2             ; CLKBUFBLOCK_OUTPUT      ;
;   0.771 ;   0.000 ;    ; RE   ; 1      ; GCLK_CLUSTER_RE_X58_Y0_N6_I12               ; GCLK_CLUSTER_RE         ;
;   0.771 ;   0.000 ;    ; RE   ; 1      ; CLKBUF_CLUSTER_RE_X58_Y0_N0_I417            ; CLKBUF_CLUSTER_RE       ;
;   1.277 ;   0.506 ;    ; RE   ; 16     ; GLOBAL_CLOCK_X0_Y58_N0_I6                   ; GLOBAL_CLOCK            ;
;   1.407 ;   0.130 ;    ; RE   ; 29     ; SPINE_CLOCK_X106_Y30_N0_I2                  ; SPINE_CLOCK             ;
;   1.601 ;   0.194 ;    ; RE   ; 1      ; SCLK_TO_ROWCLK_BUF_X106_Y57_N0_I12          ; SCLK_TO_ROWCLK_BUF      ;
;   1.641 ;   0.040 ;    ; RE   ; 2      ; SCLK_TO_ROWCLK_BUF_X106_Y57_N0_I15          ; SCLK_TO_ROWCLK_BUF      ;
;   1.844 ;   0.203 ;    ; RE   ; 13     ; LAB_CLK_X107_Y57_N0_I2                      ; LAB_CLK                 ;
;   1.908 ;   0.064 ;    ; RE   ; 1      ; BLK_CLK_BUF_X120_Y57_N0_I2                  ; BLK_CLK_BUF             ;
;   1.924 ;   0.016 ;    ; RE   ; 1      ; ROWCLKSEL_PREBUF_X120_Y57_N0_I2             ; ROWCLKSEL_PREBUF        ;
;   1.941 ;   0.017 ;    ; RE   ; 1      ; ROWCLKSEL_X120_Y57_N0_I1                    ; ROWCLKSEL               ;
;   1.941 ;   0.000 ;    ; RE   ; 3      ; GLOBAL_LOCAL_SEL_X120_Y57_N0_I1             ; GLOBAL_LOCAL_SEL        ;
;   1.941 ;   0.000 ;    ; RE   ; 5      ; LAB_INPUT_X120_Y57_N0_I0                    ; LAB_INPUT               ;
;   1.941 ;   0.000 ; RR ; IC   ; 1      ; FF_X120_Y57_N37                             ; host_rdata[8]~reg0|clk  ;
;   2.149 ;   0.208 ; RR ; CELL ; 1      ; FF_X120_Y57_N37                             ; host_rdata[8]~reg0      ;
; 4.147   ; 1.998   ;    ;      ;        ;                                             ; data path               ;
;   2.149 ;   0.000 ;    ; uTco ; 1      ; FF_X120_Y57_N37                             ; host_rdata[8]~reg0      ;
;   2.149 ;   0.000 ; RR ; CELL ; 1      ; FF_X120_Y57_N37                             ; host_rdata[8]~reg0|q    ;
;   2.167 ;   0.018 ;    ; RE   ; 1      ; FF_X120_Y57_N37                             ; ARRIAV_FF               ;
;   2.206 ;   0.039 ;    ; RE   ; 1      ; LE_BUFFER_X120_Y57_N0_I24                   ; LE_BUFFER               ;
;   2.248 ;   0.042 ;    ; RE   ; 1      ; LOCAL_INTERCONNECT_X121_Y57_N0_I12          ; LAB_LINE                ;
;   2.272 ;   0.024 ;    ; RE   ; 1      ; BLOCK_INPUT_MUX_PASSTHROUGH_X121_Y57_N0_I29 ; LEIM                    ;
;   2.405 ;   0.133 ;    ; RE   ; 1      ; IO_RE_X121_Y57_N37_I1                       ; IO_RE                   ;
;   2.405 ;   0.000 ;    ; RE   ; 1      ; IO_OUTPUT_PATH_RE_X121_Y57_N45_I1           ; IO_OUTPUT_PATH_RE       ;
;   2.405 ;   0.000 ;    ; RE   ; 1      ; IO_OUTPUT_PATH_RE_X121_Y57_N45_I18          ; IO_OUTPUT_PATH_RE       ;
;   2.405 ;   0.000 ;    ; RE   ; 1      ; IO_OUTPUT_PATH_RE_X121_Y57_N45_I17          ; IO_OUTPUT_PATH_RE       ;
;   2.405 ;   0.000 ;    ; RE   ; 1      ; IO_RE_X121_Y57_N37_I95                      ; IO_RE                   ;
;   2.405 ;   0.000 ;    ; RE   ; 1      ; IO_OUTPUT_BUFFER_INPUT_X121_Y57_N39_I0      ; IO_OUTPUT_BUFFER_INPUT  ;
;   2.405 ;   0.000 ; RR ; IC   ; 1      ; IOOBUF_X121_Y57_N39                         ; host_rdata[8]~output|i  ;
;   4.147 ;   1.742 ; RR ; CELL ; 1      ; IOOBUF_X121_Y57_N39                         ; host_rdata[8]~output|o  ;
;   4.147 ;   0.000 ; RR ; CELL ; 0      ; PIN_AB33                                    ; host_rdata[8]           ;
+---------+---------+----+------+--------+---------------------------------------------+-------------------------+

+--------------------------------------------------------------------------+
; Data Required Path                                                       ;
+----------+---------+----+------+--------+----------+---------------------+
; Total    ; Incr    ; RF ; Type ; Fanout ; Location ; Element             ;
+----------+---------+----+------+--------+----------+---------------------+
; 10.000   ; 10.000  ;    ;      ;        ;          ; latch edge time     ;
; 10.000   ; 0.000   ;    ;      ;        ;          ; clock path          ;
;   10.000 ;   0.000 ; R  ;      ;        ;          ; clock network delay ;
; 9.900    ; -0.100  ;    ;      ;        ;          ; clock uncertainty   ;
; 7.900    ; -2.000  ; R  ; oExt ; 0      ; PIN_AB33 ; host_rdata[8]       ;
+----------+---------+----+------+--------+----------+---------------------+

----------------------------
; Extra Fitter Information ;
----------------------------
HTML report is unavailable in plain text report export.


Path #21: Setup slack is 3.758 
===============================================================================
+------------------------------------------+
; Path Summary                             ;
+--------------------+---------------------+
; Property           ; Value               ;
+--------------------+---------------------+
; From Node          ; host_rdata[18]~reg0 ;
; To Node            ; host_rdata[18]      ;
; Launch Clock       ; clk                 ;
; Latch Clock        ; clk                 ;
; Data Arrival Time  ; 4.142               ;
; Data Required Time ; 7.900               ;
; Slack              ; 3.758               ;
+--------------------+---------------------+

+---------------------------------------------------------------------------------------+
; Statistics                                                                            ;
+---------------------------+--------+-------+-------------+------------+-------+-------+
; Property                  ; Value  ; Count ; Total Delay ; % of Total ; Min   ; Max   ;
+---------------------------+--------+-------+-------------+------------+-------+-------+
; Setup Relationship        ; 10.000 ;       ;             ;            ;       ;       ;
; Clock Skew                ; -2.568 ;       ;             ;            ;       ;       ;
; Data Delay                ; 1.574  ;       ;             ;            ;       ;       ;
; Number of Logic Levels    ;        ; 0     ;             ;            ;       ;       ;
; Physical Delays           ;        ;       ;             ;            ;       ;       ;
;  Arrival Path             ;        ;       ;             ;            ;       ;       ;
;   Clock                   ;        ;       ;             ;            ;       ;       ;
;    IC                     ;        ; 3     ; 0.000       ; 0          ; 0.000 ; 0.000 ;
;    Cell                   ;        ; 3     ; 0.925       ; 36         ; 0.149 ; 0.406 ;
;    Routing Element        ;        ; 31    ; 1.643       ; 64         ; 0.000 ; 0.503 ;
;   Data                    ;        ;       ;             ;            ;       ;       ;
;    IC                     ;        ; 1     ; 0.000       ; 0          ; 0.000 ; 0.000 ;
;    Cell                   ;        ; 3     ; 1.574       ; 100        ; 0.000 ; 1.329 ;
;    uTco                   ;        ; 1     ; 0.000       ; 0          ; 0.000 ; 0.000 ;
;    Routing Element        ;        ; 6     ; 0.000       ; 0          ; 0.000 ; 0.000 ;
;  Required Path            ;        ;       ;             ;            ;       ;       ;
;   Clock                   ;        ;       ;             ;            ;       ;       ;
;    Clock Network (Lumped) ;        ; 1     ; 0.000       ;            ; 0.000 ; 0.000 ;
+---------------------------+--------+-------+-------------+------------+-------+-------+
Note: Negative delays are omitted from totals when calculating percentages

+---------------------------------------------------------------------------------------------------------------+
; Data Arrival Path                                                                                             ;
+---------+---------+----+------+--------+-------------------------------------------+--------------------------+
; Total   ; Incr    ; RF ; Type ; Fanout ; Location                                  ; Element                  ;
+---------+---------+----+------+--------+-------------------------------------------+--------------------------+
; 0.000   ; 0.000   ;    ;      ;        ;                                           ; launch edge time         ;
; 2.568   ; 2.568   ;    ;      ;        ;                                           ; clock path               ;
;   0.000 ;   0.000 ;    ;      ;        ;                                           ; source latency           ;
;   0.000 ;   0.000 ;    ;      ; 1      ; PIN_AC18                                  ; clk                      ;
;   0.000 ;   0.000 ;    ; RE   ; 1      ; IOPAD_X54_Y0_N0                           ; ARRIAV_IO_PAD            ;
;   0.000 ;   0.000 ;    ; RE   ; 1      ; IO_PAD_OUTPUT_X54_Y0_N0_I1                ; IO_PAD_OUTPUT            ;
;   0.000 ;   0.000 ;    ; RE   ; 1      ; IO_INPUT_BUFFER_INPUT_X54_Y0_N1_I0        ; IO_INPUT_BUFFER_INPUT    ;
;   0.000 ;   0.000 ; RR ; IC   ; 1      ; IOIBUF_X54_Y0_N1                          ; clk~input|i              ;
;   0.406 ;   0.406 ; RR ; CELL ; 1      ; IOIBUF_X54_Y0_N1                          ; clk~input|o              ;
;   0.406 ;   0.000 ;    ; RE   ; 1      ; IOIBUF_X54_Y0_N1                          ; ARRIAV_IO_IBUF           ;
;   0.406 ;   0.000 ;    ; RE   ; 1      ; IO_INPUT_BUFFER_OUTPUT_X54_Y0_N1_I2       ; IO_INPUT_BUFFER_OUTPUT   ;
;   0.406 ;   0.000 ;    ; RE   ; 1      ; IO_RE_X54_Y0_N0_I96                       ; IO_RE                    ;
;   0.541 ;   0.135 ;    ; RE   ; 1      ; IO_RE_X54_Y0_N0_I66                       ; IO_RE                    ;
;   0.622 ;   0.081 ;    ; RE   ; 1      ; CLKBUF_CLUSTER_RE_X58_Y0_N0_I1614         ; CLKBUF_CLUSTER_RE        ;
;   0.622 ;   0.000 ;    ; RE   ; 1      ; CLKBUF_CLUSTER_RE_X58_Y0_N0_I616          ; CLKBUF_CLUSTER_RE        ;
;   0.622 ;   0.000 ;    ; RE   ; 1      ; GCLK_CLUSTER_RE_X58_Y0_N6_I10             ; GCLK_CLUSTER_RE          ;
;   0.622 ;   0.000 ;    ; RE   ; 1      ; CLKBUFBLOCK_INPUT_X58_Y0_N7_I0            ; CLKBUFBLOCK_INPUT        ;
;   0.622 ;   0.000 ; RR ; IC   ; 1      ; CLKCTRL_G6                                ; clk~inputCLKENA0|inclk   ;
;   0.771 ;   0.149 ; RR ; CELL ; 37157  ; CLKCTRL_G6                                ; clk~inputCLKENA0|outclk  ;
;   0.771 ;   0.000 ;    ; RE   ; 1      ; CLKCTRL_G6                                ; ARRIAV_CLKBUF            ;
;   0.771 ;   0.000 ;    ; RE   ; 1      ; CLKBUFBLOCK_OUTPUT_X58_Y0_N7_I2           ; CLKBUFBLOCK_OUTPUT       ;
;   0.771 ;   0.000 ;    ; RE   ; 1      ; GCLK_CLUSTER_RE_X58_Y0_N6_I12             ; GCLK_CLUSTER_RE          ;
;   0.771 ;   0.000 ;    ; RE   ; 1      ; CLKBUF_CLUSTER_RE_X58_Y0_N0_I417          ; CLKBUF_CLUSTER_RE        ;
;   1.274 ;   0.503 ;    ; RE   ; 16     ; GLOBAL_CLOCK_X0_Y58_N0_I6                 ; GLOBAL_CLOCK             ;
;   1.410 ;   0.136 ;    ; RE   ; 29     ; SPINE_CLOCK_X106_Y59_N0_I2                ; SPINE_CLOCK              ;
;   1.604 ;   0.194 ;    ; RE   ; 1      ; SCLK_TO_ROWCLK_BUF_X106_Y67_N0_I12        ; SCLK_TO_ROWCLK_BUF       ;
;   1.644 ;   0.040 ;    ; RE   ; 2      ; SCLK_TO_ROWCLK_BUF_X106_Y67_N0_I15        ; SCLK_TO_ROWCLK_BUF       ;
;   1.847 ;   0.203 ;    ; RE   ; 6      ; LAB_CLK_X107_Y67_N0_I2                    ; LAB_CLK                  ;
;   1.920 ;   0.073 ;    ; RE   ; 1      ; BLK_CLK_BUF_X121_Y67_N0_I2                ; BLK_CLK_BUF              ;
;   1.975 ;   0.055 ;    ; RE   ; 2      ; BLK_CLK_LIM_X121_Y67_N0_I2                ; BLK_CLK_LIM              ;
;   2.041 ;   0.066 ;    ; RE   ; 2      ; LOCAL_INTERCONNECT_X121_Y67_N0_I26        ; LAB_LINE                 ;
;   2.068 ;   0.027 ;    ; RE   ; 1      ; LEIMC_X121_Y67_N0_I4                      ; LEIMC                    ;
;   2.068 ;   0.000 ;    ; RE   ; 1      ; GLOBAL_LOCAL_SEL_X121_Y67_N0_I4           ; GLOBAL_LOCAL_SEL         ;
;   2.198 ;   0.130 ;    ; RE   ; 1      ; IO_RE_X121_Y67_N77_I11                    ; IO_RE                    ;
;   2.198 ;   0.000 ;    ; RE   ; 1      ; IO_OUTPUT_ENABLE_PATH_RE_X121_Y67_N81_I6  ; IO_OUTPUT_ENABLE_PATH_RE ;
;   2.198 ;   0.000 ;    ; RE   ; 1      ; IO_OUTPUT_ENABLE_PATH_RE_X121_Y67_N81_I22 ; IO_OUTPUT_ENABLE_PATH_RE ;
;   2.198 ;   0.000 ;    ; RE   ; 1      ; IO_OUTPUT_ENABLE_PATH_RE_X121_Y67_N81_I14 ; IO_OUTPUT_ENABLE_PATH_RE ;
;   2.198 ;   0.000 ;    ; RE   ; 1      ; IO_OUTPUT_PATH_RE_X121_Y67_N85_I5         ; IO_OUTPUT_PATH_RE        ;
;   2.198 ;   0.000 ;    ; RE   ; 1      ; MP_DDIO_OUT_INPUT_X121_Y67_N87_I0         ; MP_DDIO_OUT_INPUT        ;
;   2.198 ;   0.000 ; RR ; IC   ; 1      ; DDIOOUTCELL_X121_Y67_N87                  ; host_rdata[18]~reg0|clk  ;
;   2.568 ;   0.370 ; RR ; CELL ; 1      ; DDIOOUTCELL_X121_Y67_N87                  ; host_rdata[18]~reg0      ;
; 4.142   ; 1.574   ;    ;      ;        ;                                           ; data path                ;
;   2.568 ;   0.000 ;    ; uTco ; 1      ; DDIOOUTCELL_X121_Y67_N87                  ; host_rdata[18]~reg0      ;
;   2.813 ;   0.245 ; RR ; CELL ; 1      ; DDIOOUTCELL_X121_Y67_N87                  ; host_rdata[18]~reg0|q    ;
;   2.813 ;   0.000 ;    ; RE   ; 1      ; DDIOOUTCELL_X121_Y67_N87                  ; ARRIAV_FF                ;
;   2.813 ;   0.000 ;    ; RE   ; 1      ; MP_DDIO_OUT_OUTPUT_X121_Y67_N87_I5        ; MP_DDIO_OUT_OUTPUT       ;
;   2.813 ;   0.000 ;    ; RE   ; 1      ; IO_OUTPUT_PATH_RE_X121_Y67_N85_I18        ; IO_OUTPUT_PATH_RE        ;
;   2.813 ;   0.000 ;    ; RE   ; 1      ; IO_OUTPUT_PATH_RE_X121_Y67_N85_I17        ; IO_OUTPUT_PATH_RE        ;
;   2.813 ;   0.000 ;    ; RE   ; 1      ; IO_RE_X121_Y67_N77_I95                    ; IO_RE                    ;
;   2.813 ;   0.000 ;    ; RE   ; 1      ; IO_OUTPUT_BUFFER_INPUT_X121_Y67_N79_I0    ; IO_OUTPUT_BUFFER_INPUT   ;
;   2.813 ;   0.000 ; RR ; IC   ; 1      ; IOOBUF_X121_Y67_N79                       ; host_rdata[18]~output|i  ;
;   4.142 ;   1.329 ; RR ; CELL ; 1      ; IOOBUF_X121_Y67_N79                       ; host_rdata[18]~output|o  ;
;   4.142 ;   0.000 ; RR ; CELL ; 0      ; PIN_T33                                   ; host_rdata[18]           ;
+---------+---------+----+------+--------+-------------------------------------------+--------------------------+

+--------------------------------------------------------------------------+
; Data Required Path                                                       ;
+----------+---------+----+------+--------+----------+---------------------+
; Total    ; Incr    ; RF ; Type ; Fanout ; Location ; Element             ;
+----------+---------+----+------+--------+----------+---------------------+
; 10.000   ; 10.000  ;    ;      ;        ;          ; latch edge time     ;
; 10.000   ; 0.000   ;    ;      ;        ;          ; clock path          ;
;   10.000 ;   0.000 ; R  ;      ;        ;          ; clock network delay ;
; 9.900    ; -0.100  ;    ;      ;        ;          ; clock uncertainty   ;
; 7.900    ; -2.000  ; R  ; oExt ; 0      ; PIN_T33  ; host_rdata[18]      ;
+----------+---------+----+------+--------+----------+---------------------+

----------------------------
; Extra Fitter Information ;
----------------------------
HTML report is unavailable in plain text report export.


Path #22: Setup slack is 3.760 
===============================================================================
+------------------------------------------+
; Path Summary                             ;
+--------------------+---------------------+
; Property           ; Value               ;
+--------------------+---------------------+
; From Node          ; host_rdata[13]~reg0 ;
; To Node            ; host_rdata[13]      ;
; Launch Clock       ; clk                 ;
; Latch Clock        ; clk                 ;
; Data Arrival Time  ; 4.140               ;
; Data Required Time ; 7.900               ;
; Slack              ; 3.760               ;
+--------------------+---------------------+

+---------------------------------------------------------------------------------------+
; Statistics                                                                            ;
+---------------------------+--------+-------+-------------+------------+-------+-------+
; Property                  ; Value  ; Count ; Total Delay ; % of Total ; Min   ; Max   ;
+---------------------------+--------+-------+-------------+------------+-------+-------+
; Setup Relationship        ; 10.000 ;       ;             ;            ;       ;       ;
; Clock Skew                ; -2.580 ;       ;             ;            ;       ;       ;
; Data Delay                ; 1.560  ;       ;             ;            ;       ;       ;
; Number of Logic Levels    ;        ; 0     ;             ;            ;       ;       ;
; Physical Delays           ;        ;       ;             ;            ;       ;       ;
;  Arrival Path             ;        ;       ;             ;            ;       ;       ;
;   Clock                   ;        ;       ;             ;            ;       ;       ;
;    IC                     ;        ; 3     ; 0.000       ; 0          ; 0.000 ; 0.000 ;
;    Cell                   ;        ; 3     ; 0.925       ; 36         ; 0.149 ; 0.406 ;
;    Routing Element        ;        ; 31    ; 1.655       ; 64         ; 0.000 ; 0.503 ;
;   Data                    ;        ;       ;             ;            ;       ;       ;
;    IC                     ;        ; 1     ; 0.000       ; 0          ; 0.000 ; 0.000 ;
;    Cell                   ;        ; 3     ; 1.560       ; 100        ; 0.000 ; 1.316 ;
;    uTco                   ;        ; 1     ; 0.000       ; 0          ; 0.000 ; 0.000 ;
;    Routing Element        ;        ; 6     ; 0.000       ; 0          ; 0.000 ; 0.000 ;
;  Required Path            ;        ;       ;             ;            ;       ;       ;
;   Clock                   ;        ;       ;             ;            ;       ;       ;
;    Clock Network (Lumped) ;        ; 1     ; 0.000       ;            ; 0.000 ; 0.000 ;
+---------------------------+--------+-------+-------------+------------+-------+-------+
Note: Negative delays are omitted from totals when calculating percentages

+---------------------------------------------------------------------------------------------------------------+
; Data Arrival Path                                                                                             ;
+---------+---------+----+------+--------+-------------------------------------------+--------------------------+
; Total   ; Incr    ; RF ; Type ; Fanout ; Location                                  ; Element                  ;
+---------+---------+----+------+--------+-------------------------------------------+--------------------------+
; 0.000   ; 0.000   ;    ;      ;        ;                                           ; launch edge time         ;
; 2.580   ; 2.580   ;    ;      ;        ;                                           ; clock path               ;
;   0.000 ;   0.000 ;    ;      ;        ;                                           ; source latency           ;
;   0.000 ;   0.000 ;    ;      ; 1      ; PIN_AC18                                  ; clk                      ;
;   0.000 ;   0.000 ;    ; RE   ; 1      ; IOPAD_X54_Y0_N0                           ; ARRIAV_IO_PAD            ;
;   0.000 ;   0.000 ;    ; RE   ; 1      ; IO_PAD_OUTPUT_X54_Y0_N0_I1                ; IO_PAD_OUTPUT            ;
;   0.000 ;   0.000 ;    ; RE   ; 1      ; IO_INPUT_BUFFER_INPUT_X54_Y0_N1_I0        ; IO_INPUT_BUFFER_INPUT    ;
;   0.000 ;   0.000 ; RR ; IC   ; 1      ; IOIBUF_X54_Y0_N1                          ; clk~input|i              ;
;   0.406 ;   0.406 ; RR ; CELL ; 1      ; IOIBUF_X54_Y0_N1                          ; clk~input|o              ;
;   0.406 ;   0.000 ;    ; RE   ; 1      ; IOIBUF_X54_Y0_N1                          ; ARRIAV_IO_IBUF           ;
;   0.406 ;   0.000 ;    ; RE   ; 1      ; IO_INPUT_BUFFER_OUTPUT_X54_Y0_N1_I2       ; IO_INPUT_BUFFER_OUTPUT   ;
;   0.406 ;   0.000 ;    ; RE   ; 1      ; IO_RE_X54_Y0_N0_I96                       ; IO_RE                    ;
;   0.541 ;   0.135 ;    ; RE   ; 1      ; IO_RE_X54_Y0_N0_I66                       ; IO_RE                    ;
;   0.622 ;   0.081 ;    ; RE   ; 1      ; CLKBUF_CLUSTER_RE_X58_Y0_N0_I1614         ; CLKBUF_CLUSTER_RE        ;
;   0.622 ;   0.000 ;    ; RE   ; 1      ; CLKBUF_CLUSTER_RE_X58_Y0_N0_I616          ; CLKBUF_CLUSTER_RE        ;
;   0.622 ;   0.000 ;    ; RE   ; 1      ; GCLK_CLUSTER_RE_X58_Y0_N6_I10             ; GCLK_CLUSTER_RE          ;
;   0.622 ;   0.000 ;    ; RE   ; 1      ; CLKBUFBLOCK_INPUT_X58_Y0_N7_I0            ; CLKBUFBLOCK_INPUT        ;
;   0.622 ;   0.000 ; RR ; IC   ; 1      ; CLKCTRL_G6                                ; clk~inputCLKENA0|inclk   ;
;   0.771 ;   0.149 ; RR ; CELL ; 37157  ; CLKCTRL_G6                                ; clk~inputCLKENA0|outclk  ;
;   0.771 ;   0.000 ;    ; RE   ; 1      ; CLKCTRL_G6                                ; ARRIAV_CLKBUF            ;
;   0.771 ;   0.000 ;    ; RE   ; 1      ; CLKBUFBLOCK_OUTPUT_X58_Y0_N7_I2           ; CLKBUFBLOCK_OUTPUT       ;
;   0.771 ;   0.000 ;    ; RE   ; 1      ; GCLK_CLUSTER_RE_X58_Y0_N6_I12             ; GCLK_CLUSTER_RE          ;
;   0.771 ;   0.000 ;    ; RE   ; 1      ; CLKBUF_CLUSTER_RE_X58_Y0_N0_I417          ; CLKBUF_CLUSTER_RE        ;
;   1.274 ;   0.503 ;    ; RE   ; 16     ; GLOBAL_CLOCK_X0_Y58_N0_I6                 ; GLOBAL_CLOCK             ;
;   1.412 ;   0.138 ;    ; RE   ; 29     ; SPINE_CLOCK_X106_Y59_N0_I2                ; SPINE_CLOCK              ;
;   1.606 ;   0.194 ;    ; RE   ; 1      ; SCLK_TO_ROWCLK_BUF_X106_Y63_N0_I12        ; SCLK_TO_ROWCLK_BUF       ;
;   1.646 ;   0.040 ;    ; RE   ; 2      ; SCLK_TO_ROWCLK_BUF_X106_Y63_N0_I15        ; SCLK_TO_ROWCLK_BUF       ;
;   1.849 ;   0.203 ;    ; RE   ; 6      ; LAB_CLK_X107_Y63_N0_I2                    ; LAB_CLK                  ;
;   1.922 ;   0.073 ;    ; RE   ; 1      ; BLK_CLK_BUF_X121_Y63_N0_I2                ; BLK_CLK_BUF              ;
;   1.977 ;   0.055 ;    ; RE   ; 2      ; BLK_CLK_LIM_X121_Y63_N0_I2                ; BLK_CLK_LIM              ;
;   2.043 ;   0.066 ;    ; RE   ; 2      ; LOCAL_INTERCONNECT_X121_Y63_N0_I26        ; LAB_LINE                 ;
;   2.070 ;   0.027 ;    ; RE   ; 1      ; LEIMC_X121_Y63_N0_I0                      ; LEIMC                    ;
;   2.070 ;   0.000 ;    ; RE   ; 1      ; GLOBAL_LOCAL_SEL_X121_Y63_N0_I0           ; GLOBAL_LOCAL_SEL         ;
;   2.210 ;   0.140 ;    ; RE   ; 1      ; IO_RE_X121_Y63_N54_I11                    ; IO_RE                    ;
;   2.210 ;   0.000 ;    ; RE   ; 1      ; IO_OUTPUT_ENABLE_PATH_RE_X121_Y63_N58_I6  ; IO_OUTPUT_ENABLE_PATH_RE ;
;   2.210 ;   0.000 ;    ; RE   ; 1      ; IO_OUTPUT_ENABLE_PATH_RE_X121_Y63_N58_I22 ; IO_OUTPUT_ENABLE_PATH_RE ;
;   2.210 ;   0.000 ;    ; RE   ; 1      ; IO_OUTPUT_ENABLE_PATH_RE_X121_Y63_N58_I14 ; IO_OUTPUT_ENABLE_PATH_RE ;
;   2.210 ;   0.000 ;    ; RE   ; 1      ; IO_OUTPUT_PATH_RE_X121_Y63_N62_I5         ; IO_OUTPUT_PATH_RE        ;
;   2.210 ;   0.000 ;    ; RE   ; 1      ; MP_DDIO_OUT_INPUT_X121_Y63_N64_I0         ; MP_DDIO_OUT_INPUT        ;
;   2.210 ;   0.000 ; RR ; IC   ; 1      ; DDIOOUTCELL_X121_Y63_N64                  ; host_rdata[13]~reg0|clk  ;
;   2.580 ;   0.370 ; RR ; CELL ; 1      ; DDIOOUTCELL_X121_Y63_N64                  ; host_rdata[13]~reg0      ;
; 4.140   ; 1.560   ;    ;      ;        ;                                           ; data path                ;
;   2.580 ;   0.000 ;    ; uTco ; 1      ; DDIOOUTCELL_X121_Y63_N64                  ; host_rdata[13]~reg0      ;
;   2.824 ;   0.244 ; RR ; CELL ; 1      ; DDIOOUTCELL_X121_Y63_N64                  ; host_rdata[13]~reg0|q    ;
;   2.824 ;   0.000 ;    ; RE   ; 1      ; DDIOOUTCELL_X121_Y63_N64                  ; ARRIAV_FF                ;
;   2.824 ;   0.000 ;    ; RE   ; 1      ; MP_DDIO_OUT_OUTPUT_X121_Y63_N64_I5        ; MP_DDIO_OUT_OUTPUT       ;
;   2.824 ;   0.000 ;    ; RE   ; 1      ; IO_OUTPUT_PATH_RE_X121_Y63_N62_I18        ; IO_OUTPUT_PATH_RE        ;
;   2.824 ;   0.000 ;    ; RE   ; 1      ; IO_OUTPUT_PATH_RE_X121_Y63_N62_I17        ; IO_OUTPUT_PATH_RE        ;
;   2.824 ;   0.000 ;    ; RE   ; 1      ; IO_RE_X121_Y63_N54_I95                    ; IO_RE                    ;
;   2.824 ;   0.000 ;    ; RE   ; 1      ; IO_OUTPUT_BUFFER_INPUT_X121_Y63_N56_I0    ; IO_OUTPUT_BUFFER_INPUT   ;
;   2.824 ;   0.000 ; RR ; IC   ; 1      ; IOOBUF_X121_Y63_N56                       ; host_rdata[13]~output|i  ;
;   4.140 ;   1.316 ; RR ; CELL ; 1      ; IOOBUF_X121_Y63_N56                       ; host_rdata[13]~output|o  ;
;   4.140 ;   0.000 ; RR ; CELL ; 0      ; PIN_V34                                   ; host_rdata[13]           ;
+---------+---------+----+------+--------+-------------------------------------------+--------------------------+

+--------------------------------------------------------------------------+
; Data Required Path                                                       ;
+----------+---------+----+------+--------+----------+---------------------+
; Total    ; Incr    ; RF ; Type ; Fanout ; Location ; Element             ;
+----------+---------+----+------+--------+----------+---------------------+
; 10.000   ; 10.000  ;    ;      ;        ;          ; latch edge time     ;
; 10.000   ; 0.000   ;    ;      ;        ;          ; clock path          ;
;   10.000 ;   0.000 ; R  ;      ;        ;          ; clock network delay ;
; 9.900    ; -0.100  ;    ;      ;        ;          ; clock uncertainty   ;
; 7.900    ; -2.000  ; R  ; oExt ; 0      ; PIN_V34  ; host_rdata[13]      ;
+----------+---------+----+------+--------+----------+---------------------+

----------------------------
; Extra Fitter Information ;
----------------------------
HTML report is unavailable in plain text report export.


Path #23: Setup slack is 3.760 
===============================================================================
+---------------------------------------+
; Path Summary                          ;
+--------------------+------------------+
; Property           ; Value            ;
+--------------------+------------------+
; From Node          ; pc_debug[6]~reg0 ;
; To Node            ; pc_debug[6]      ;
; Launch Clock       ; clk              ;
; Latch Clock        ; clk              ;
; Data Arrival Time  ; 4.140            ;
; Data Required Time ; 7.900            ;
; Slack              ; 3.760            ;
+--------------------+------------------+

+---------------------------------------------------------------------------------------+
; Statistics                                                                            ;
+---------------------------+--------+-------+-------------+------------+-------+-------+
; Property                  ; Value  ; Count ; Total Delay ; % of Total ; Min   ; Max   ;
+---------------------------+--------+-------+-------------+------------+-------+-------+
; Setup Relationship        ; 10.000 ;       ;             ;            ;       ;       ;
; Clock Skew                ; -2.560 ;       ;             ;            ;       ;       ;
; Data Delay                ; 1.580  ;       ;             ;            ;       ;       ;
; Number of Logic Levels    ;        ; 0     ;             ;            ;       ;       ;
; Physical Delays           ;        ;       ;             ;            ;       ;       ;
;  Arrival Path             ;        ;       ;             ;            ;       ;       ;
;   Clock                   ;        ;       ;             ;            ;       ;       ;
;    IC                     ;        ; 3     ; 0.000       ; 0          ; 0.000 ; 0.000 ;
;    Cell                   ;        ; 3     ; 0.925       ; 36         ; 0.149 ; 0.406 ;
;    Routing Element        ;        ; 31    ; 1.635       ; 64         ; 0.000 ; 0.506 ;
;   Data                    ;        ;       ;             ;            ;       ;       ;
;    IC                     ;        ; 1     ; 0.000       ; 0          ; 0.000 ; 0.000 ;
;    Cell                   ;        ; 3     ; 1.580       ; 100        ; 0.000 ; 1.336 ;
;    uTco                   ;        ; 1     ; 0.000       ; 0          ; 0.000 ; 0.000 ;
;    Routing Element        ;        ; 6     ; 0.000       ; 0          ; 0.000 ; 0.000 ;
;  Required Path            ;        ;       ;             ;            ;       ;       ;
;   Clock                   ;        ;       ;             ;            ;       ;       ;
;    Clock Network (Lumped) ;        ; 1     ; 0.000       ;            ; 0.000 ; 0.000 ;
+---------------------------+--------+-------+-------------+------------+-------+-------+
Note: Negative delays are omitted from totals when calculating percentages

+---------------------------------------------------------------------------------------------------------------+
; Data Arrival Path                                                                                             ;
+---------+---------+----+------+--------+-------------------------------------------+--------------------------+
; Total   ; Incr    ; RF ; Type ; Fanout ; Location                                  ; Element                  ;
+---------+---------+----+------+--------+-------------------------------------------+--------------------------+
; 0.000   ; 0.000   ;    ;      ;        ;                                           ; launch edge time         ;
; 2.560   ; 2.560   ;    ;      ;        ;                                           ; clock path               ;
;   0.000 ;   0.000 ;    ;      ;        ;                                           ; source latency           ;
;   0.000 ;   0.000 ;    ;      ; 1      ; PIN_AC18                                  ; clk                      ;
;   0.000 ;   0.000 ;    ; RE   ; 1      ; IOPAD_X54_Y0_N0                           ; ARRIAV_IO_PAD            ;
;   0.000 ;   0.000 ;    ; RE   ; 1      ; IO_PAD_OUTPUT_X54_Y0_N0_I1                ; IO_PAD_OUTPUT            ;
;   0.000 ;   0.000 ;    ; RE   ; 1      ; IO_INPUT_BUFFER_INPUT_X54_Y0_N1_I0        ; IO_INPUT_BUFFER_INPUT    ;
;   0.000 ;   0.000 ; RR ; IC   ; 1      ; IOIBUF_X54_Y0_N1                          ; clk~input|i              ;
;   0.406 ;   0.406 ; RR ; CELL ; 1      ; IOIBUF_X54_Y0_N1                          ; clk~input|o              ;
;   0.406 ;   0.000 ;    ; RE   ; 1      ; IOIBUF_X54_Y0_N1                          ; ARRIAV_IO_IBUF           ;
;   0.406 ;   0.000 ;    ; RE   ; 1      ; IO_INPUT_BUFFER_OUTPUT_X54_Y0_N1_I2       ; IO_INPUT_BUFFER_OUTPUT   ;
;   0.406 ;   0.000 ;    ; RE   ; 1      ; IO_RE_X54_Y0_N0_I96                       ; IO_RE                    ;
;   0.541 ;   0.135 ;    ; RE   ; 1      ; IO_RE_X54_Y0_N0_I66                       ; IO_RE                    ;
;   0.622 ;   0.081 ;    ; RE   ; 1      ; CLKBUF_CLUSTER_RE_X58_Y0_N0_I1614         ; CLKBUF_CLUSTER_RE        ;
;   0.622 ;   0.000 ;    ; RE   ; 1      ; CLKBUF_CLUSTER_RE_X58_Y0_N0_I616          ; CLKBUF_CLUSTER_RE        ;
;   0.622 ;   0.000 ;    ; RE   ; 1      ; GCLK_CLUSTER_RE_X58_Y0_N6_I10             ; GCLK_CLUSTER_RE          ;
;   0.622 ;   0.000 ;    ; RE   ; 1      ; CLKBUFBLOCK_INPUT_X58_Y0_N7_I0            ; CLKBUFBLOCK_INPUT        ;
;   0.622 ;   0.000 ; RR ; IC   ; 1      ; CLKCTRL_G6                                ; clk~inputCLKENA0|inclk   ;
;   0.771 ;   0.149 ; RR ; CELL ; 37157  ; CLKCTRL_G6                                ; clk~inputCLKENA0|outclk  ;
;   0.771 ;   0.000 ;    ; RE   ; 1      ; CLKCTRL_G6                                ; ARRIAV_CLKBUF            ;
;   0.771 ;   0.000 ;    ; RE   ; 1      ; CLKBUFBLOCK_OUTPUT_X58_Y0_N7_I2           ; CLKBUFBLOCK_OUTPUT       ;
;   0.771 ;   0.000 ;    ; RE   ; 1      ; GCLK_CLUSTER_RE_X58_Y0_N6_I12             ; GCLK_CLUSTER_RE          ;
;   0.771 ;   0.000 ;    ; RE   ; 1      ; CLKBUF_CLUSTER_RE_X58_Y0_N0_I417          ; CLKBUF_CLUSTER_RE        ;
;   1.277 ;   0.506 ;    ; RE   ; 16     ; GLOBAL_CLOCK_X0_Y58_N0_I6                 ; GLOBAL_CLOCK             ;
;   1.410 ;   0.133 ;    ; RE   ; 29     ; SPINE_CLOCK_X106_Y30_N0_I2                ; SPINE_CLOCK              ;
;   1.604 ;   0.194 ;    ; RE   ; 1      ; SCLK_TO_ROWCLK_BUF_X106_Y39_N0_I12        ; SCLK_TO_ROWCLK_BUF       ;
;   1.644 ;   0.040 ;    ; RE   ; 2      ; SCLK_TO_ROWCLK_BUF_X106_Y39_N0_I15        ; SCLK_TO_ROWCLK_BUF       ;
;   1.847 ;   0.203 ;    ; RE   ; 7      ; LAB_CLK_X107_Y39_N0_I2                    ; LAB_CLK                  ;
;   1.920 ;   0.073 ;    ; RE   ; 1      ; BLK_CLK_BUF_X121_Y39_N0_I2                ; BLK_CLK_BUF              ;
;   1.967 ;   0.047 ;    ; RE   ; 1      ; BLK_CLK_LIM_X121_Y39_N0_I2                ; BLK_CLK_LIM              ;
;   2.032 ;   0.065 ;    ; RE   ; 2      ; LOCAL_INTERCONNECT_X121_Y39_N0_I26        ; LAB_LINE                 ;
;   2.059 ;   0.027 ;    ; RE   ; 1      ; LEIMC_X121_Y39_N0_I0                      ; LEIMC                    ;
;   2.059 ;   0.000 ;    ; RE   ; 1      ; GLOBAL_LOCAL_SEL_X121_Y39_N0_I0           ; GLOBAL_LOCAL_SEL         ;
;   2.190 ;   0.131 ;    ; RE   ; 1      ; IO_RE_X121_Y39_N54_I11                    ; IO_RE                    ;
;   2.190 ;   0.000 ;    ; RE   ; 1      ; IO_OUTPUT_ENABLE_PATH_RE_X121_Y39_N58_I6  ; IO_OUTPUT_ENABLE_PATH_RE ;
;   2.190 ;   0.000 ;    ; RE   ; 1      ; IO_OUTPUT_ENABLE_PATH_RE_X121_Y39_N58_I22 ; IO_OUTPUT_ENABLE_PATH_RE ;
;   2.190 ;   0.000 ;    ; RE   ; 1      ; IO_OUTPUT_ENABLE_PATH_RE_X121_Y39_N58_I14 ; IO_OUTPUT_ENABLE_PATH_RE ;
;   2.190 ;   0.000 ;    ; RE   ; 1      ; IO_OUTPUT_PATH_RE_X121_Y39_N62_I5         ; IO_OUTPUT_PATH_RE        ;
;   2.190 ;   0.000 ;    ; RE   ; 1      ; MP_DDIO_OUT_INPUT_X121_Y39_N64_I0         ; MP_DDIO_OUT_INPUT        ;
;   2.190 ;   0.000 ; RR ; IC   ; 1      ; DDIOOUTCELL_X121_Y39_N64                  ; pc_debug[6]~reg0|clk     ;
;   2.560 ;   0.370 ; RR ; CELL ; 1      ; DDIOOUTCELL_X121_Y39_N64                  ; pc_debug[6]~reg0         ;
; 4.140   ; 1.580   ;    ;      ;        ;                                           ; data path                ;
;   2.560 ;   0.000 ;    ; uTco ; 1      ; DDIOOUTCELL_X121_Y39_N64                  ; pc_debug[6]~reg0         ;
;   2.804 ;   0.244 ; RR ; CELL ; 1      ; DDIOOUTCELL_X121_Y39_N64                  ; pc_debug[6]~reg0|q       ;
;   2.804 ;   0.000 ;    ; RE   ; 1      ; DDIOOUTCELL_X121_Y39_N64                  ; ARRIAV_FF                ;
;   2.804 ;   0.000 ;    ; RE   ; 1      ; MP_DDIO_OUT_OUTPUT_X121_Y39_N64_I5        ; MP_DDIO_OUT_OUTPUT       ;
;   2.804 ;   0.000 ;    ; RE   ; 1      ; IO_OUTPUT_PATH_RE_X121_Y39_N62_I18        ; IO_OUTPUT_PATH_RE        ;
;   2.804 ;   0.000 ;    ; RE   ; 1      ; IO_OUTPUT_PATH_RE_X121_Y39_N62_I17        ; IO_OUTPUT_PATH_RE        ;
;   2.804 ;   0.000 ;    ; RE   ; 1      ; IO_RE_X121_Y39_N54_I95                    ; IO_RE                    ;
;   2.804 ;   0.000 ;    ; RE   ; 1      ; IO_OUTPUT_BUFFER_INPUT_X121_Y39_N56_I0    ; IO_OUTPUT_BUFFER_INPUT   ;
;   2.804 ;   0.000 ; RR ; IC   ; 1      ; IOOBUF_X121_Y39_N56                       ; pc_debug[6]~output|i     ;
;   4.140 ;   1.336 ; RR ; CELL ; 1      ; IOOBUF_X121_Y39_N56                       ; pc_debug[6]~output|o     ;
;   4.140 ;   0.000 ; RR ; CELL ; 0      ; PIN_AF31                                  ; pc_debug[6]              ;
+---------+---------+----+------+--------+-------------------------------------------+--------------------------+

+--------------------------------------------------------------------------+
; Data Required Path                                                       ;
+----------+---------+----+------+--------+----------+---------------------+
; Total    ; Incr    ; RF ; Type ; Fanout ; Location ; Element             ;
+----------+---------+----+------+--------+----------+---------------------+
; 10.000   ; 10.000  ;    ;      ;        ;          ; latch edge time     ;
; 10.000   ; 0.000   ;    ;      ;        ;          ; clock path          ;
;   10.000 ;   0.000 ; R  ;      ;        ;          ; clock network delay ;
; 9.900    ; -0.100  ;    ;      ;        ;          ; clock uncertainty   ;
; 7.900    ; -2.000  ; R  ; oExt ; 0      ; PIN_AF31 ; pc_debug[6]         ;
+----------+---------+----+------+--------+----------+---------------------+

----------------------------
; Extra Fitter Information ;
----------------------------
HTML report is unavailable in plain text report export.


Path #24: Setup slack is 3.761 
===============================================================================
+-----------------------------------------+
; Path Summary                            ;
+--------------------+--------------------+
; Property           ; Value              ;
+--------------------+--------------------+
; From Node          ; host_rdata[5]~reg0 ;
; To Node            ; host_rdata[5]      ;
; Launch Clock       ; clk                ;
; Latch Clock        ; clk                ;
; Data Arrival Time  ; 4.139              ;
; Data Required Time ; 7.900              ;
; Slack              ; 3.761              ;
+--------------------+--------------------+

+---------------------------------------------------------------------------------------+
; Statistics                                                                            ;
+---------------------------+--------+-------+-------------+------------+-------+-------+
; Property                  ; Value  ; Count ; Total Delay ; % of Total ; Min   ; Max   ;
+---------------------------+--------+-------+-------------+------------+-------+-------+
; Setup Relationship        ; 10.000 ;       ;             ;            ;       ;       ;
; Clock Skew                ; -2.155 ;       ;             ;            ;       ;       ;
; Data Delay                ; 1.984  ;       ;             ;            ;       ;       ;
; Number of Logic Levels    ;        ; 0     ;             ;            ;       ;       ;
; Physical Delays           ;        ;       ;             ;            ;       ;       ;
;  Arrival Path             ;        ;       ;             ;            ;       ;       ;
;   Clock                   ;        ;       ;             ;            ;       ;       ;
;    IC                     ;        ; 3     ; 0.000       ; 0          ; 0.000 ; 0.000 ;
;    Cell                   ;        ; 3     ; 0.763       ; 35         ; 0.149 ; 0.406 ;
;    Routing Element        ;        ; 25    ; 1.392       ; 65         ; 0.000 ; 0.503 ;
;   Data                    ;        ;       ;             ;            ;       ;       ;
;    IC                     ;        ; 1     ; 0.000       ; 0          ; 0.000 ; 0.000 ;
;    Cell                   ;        ; 3     ; 1.722       ; 87         ; 0.000 ; 1.722 ;
;    uTco                   ;        ; 1     ; 0.000       ; 0          ; 0.000 ; 0.000 ;
;    Routing Element        ;        ; 10    ; 0.262       ; 13         ; 0.000 ; 0.135 ;
;  Required Path            ;        ;       ;             ;            ;       ;       ;
;   Clock                   ;        ;       ;             ;            ;       ;       ;
;    Clock Network (Lumped) ;        ; 1     ; 0.000       ;            ; 0.000 ; 0.000 ;
+---------------------------+--------+-------+-------------+------------+-------+-------+
Note: Negative delays are omitted from totals when calculating percentages

+----------------------------------------------------------------------------------------------------------------+
; Data Arrival Path                                                                                              ;
+---------+---------+----+------+--------+---------------------------------------------+-------------------------+
; Total   ; Incr    ; RF ; Type ; Fanout ; Location                                    ; Element                 ;
+---------+---------+----+------+--------+---------------------------------------------+-------------------------+
; 0.000   ; 0.000   ;    ;      ;        ;                                             ; launch edge time        ;
; 2.155   ; 2.155   ;    ;      ;        ;                                             ; clock path              ;
;   0.000 ;   0.000 ;    ;      ;        ;                                             ; source latency          ;
;   0.000 ;   0.000 ;    ;      ; 1      ; PIN_AC18                                    ; clk                     ;
;   0.000 ;   0.000 ;    ; RE   ; 1      ; IOPAD_X54_Y0_N0                             ; ARRIAV_IO_PAD           ;
;   0.000 ;   0.000 ;    ; RE   ; 1      ; IO_PAD_OUTPUT_X54_Y0_N0_I1                  ; IO_PAD_OUTPUT           ;
;   0.000 ;   0.000 ;    ; RE   ; 1      ; IO_INPUT_BUFFER_INPUT_X54_Y0_N1_I0          ; IO_INPUT_BUFFER_INPUT   ;
;   0.000 ;   0.000 ; RR ; IC   ; 1      ; IOIBUF_X54_Y0_N1                            ; clk~input|i             ;
;   0.406 ;   0.406 ; RR ; CELL ; 1      ; IOIBUF_X54_Y0_N1                            ; clk~input|o             ;
;   0.406 ;   0.000 ;    ; RE   ; 1      ; IOIBUF_X54_Y0_N1                            ; ARRIAV_IO_IBUF          ;
;   0.406 ;   0.000 ;    ; RE   ; 1      ; IO_INPUT_BUFFER_OUTPUT_X54_Y0_N1_I2         ; IO_INPUT_BUFFER_OUTPUT  ;
;   0.406 ;   0.000 ;    ; RE   ; 1      ; IO_RE_X54_Y0_N0_I96                         ; IO_RE                   ;
;   0.541 ;   0.135 ;    ; RE   ; 1      ; IO_RE_X54_Y0_N0_I66                         ; IO_RE                   ;
;   0.622 ;   0.081 ;    ; RE   ; 1      ; CLKBUF_CLUSTER_RE_X58_Y0_N0_I1614           ; CLKBUF_CLUSTER_RE       ;
;   0.622 ;   0.000 ;    ; RE   ; 1      ; CLKBUF_CLUSTER_RE_X58_Y0_N0_I616            ; CLKBUF_CLUSTER_RE       ;
;   0.622 ;   0.000 ;    ; RE   ; 1      ; GCLK_CLUSTER_RE_X58_Y0_N6_I10               ; GCLK_CLUSTER_RE         ;
;   0.622 ;   0.000 ;    ; RE   ; 1      ; CLKBUFBLOCK_INPUT_X58_Y0_N7_I0              ; CLKBUFBLOCK_INPUT       ;
;   0.622 ;   0.000 ; RR ; IC   ; 1      ; CLKCTRL_G6                                  ; clk~inputCLKENA0|inclk  ;
;   0.771 ;   0.149 ; RR ; CELL ; 37157  ; CLKCTRL_G6                                  ; clk~inputCLKENA0|outclk ;
;   0.771 ;   0.000 ;    ; RE   ; 1      ; CLKCTRL_G6                                  ; ARRIAV_CLKBUF           ;
;   0.771 ;   0.000 ;    ; RE   ; 1      ; CLKBUFBLOCK_OUTPUT_X58_Y0_N7_I2             ; CLKBUFBLOCK_OUTPUT      ;
;   0.771 ;   0.000 ;    ; RE   ; 1      ; GCLK_CLUSTER_RE_X58_Y0_N6_I12               ; GCLK_CLUSTER_RE         ;
;   0.771 ;   0.000 ;    ; RE   ; 1      ; CLKBUF_CLUSTER_RE_X58_Y0_N0_I417            ; CLKBUF_CLUSTER_RE       ;
;   1.274 ;   0.503 ;    ; RE   ; 16     ; GLOBAL_CLOCK_X0_Y58_N0_I6                   ; GLOBAL_CLOCK            ;
;   1.413 ;   0.139 ;    ; RE   ; 29     ; SPINE_CLOCK_X106_Y59_N0_I2                  ; SPINE_CLOCK             ;
;   1.607 ;   0.194 ;    ; RE   ; 1      ; SCLK_TO_ROWCLK_BUF_X106_Y60_N0_I12          ; SCLK_TO_ROWCLK_BUF      ;
;   1.647 ;   0.040 ;    ; RE   ; 2      ; SCLK_TO_ROWCLK_BUF_X106_Y60_N0_I15          ; SCLK_TO_ROWCLK_BUF      ;
;   1.850 ;   0.203 ;    ; RE   ; 12     ; LAB_CLK_X107_Y60_N0_I2                      ; LAB_CLK                 ;
;   1.914 ;   0.064 ;    ; RE   ; 1      ; BLK_CLK_BUF_X120_Y60_N0_I2                  ; BLK_CLK_BUF             ;
;   1.930 ;   0.016 ;    ; RE   ; 1      ; ROWCLKSEL_PREBUF_X120_Y60_N0_I2             ; ROWCLKSEL_PREBUF        ;
;   1.947 ;   0.017 ;    ; RE   ; 1      ; ROWCLKSEL_X120_Y60_N0_I1                    ; ROWCLKSEL               ;
;   1.947 ;   0.000 ;    ; RE   ; 3      ; GLOBAL_LOCAL_SEL_X120_Y60_N0_I1             ; GLOBAL_LOCAL_SEL        ;
;   1.947 ;   0.000 ;    ; RE   ; 2      ; LAB_INPUT_X120_Y60_N0_I0                    ; LAB_INPUT               ;
;   1.947 ;   0.000 ; RR ; IC   ; 1      ; FF_X120_Y60_N13                             ; host_rdata[5]~reg0|clk  ;
;   2.155 ;   0.208 ; RR ; CELL ; 1      ; FF_X120_Y60_N13                             ; host_rdata[5]~reg0      ;
; 4.139   ; 1.984   ;    ;      ;        ;                                             ; data path               ;
;   2.155 ;   0.000 ;    ; uTco ; 1      ; FF_X120_Y60_N13                             ; host_rdata[5]~reg0      ;
;   2.155 ;   0.000 ; RR ; CELL ; 1      ; FF_X120_Y60_N13                             ; host_rdata[5]~reg0|q    ;
;   2.178 ;   0.023 ;    ; RE   ; 1      ; FF_X120_Y60_N13                             ; ARRIAV_FF               ;
;   2.217 ;   0.039 ;    ; RE   ; 1      ; LE_BUFFER_X120_Y60_N0_I8                    ; LE_BUFFER               ;
;   2.258 ;   0.041 ;    ; RE   ; 1      ; LOCAL_INTERCONNECT_X121_Y60_N0_I4           ; LAB_LINE                ;
;   2.282 ;   0.024 ;    ; RE   ; 1      ; BLOCK_INPUT_MUX_PASSTHROUGH_X121_Y60_N0_I29 ; LEIM                    ;
;   2.417 ;   0.135 ;    ; RE   ; 1      ; IO_RE_X121_Y60_N77_I1                       ; IO_RE                   ;
;   2.417 ;   0.000 ;    ; RE   ; 1      ; IO_OUTPUT_PATH_RE_X121_Y60_N85_I1           ; IO_OUTPUT_PATH_RE       ;
;   2.417 ;   0.000 ;    ; RE   ; 1      ; IO_OUTPUT_PATH_RE_X121_Y60_N85_I18          ; IO_OUTPUT_PATH_RE       ;
;   2.417 ;   0.000 ;    ; RE   ; 1      ; IO_OUTPUT_PATH_RE_X121_Y60_N85_I17          ; IO_OUTPUT_PATH_RE       ;
;   2.417 ;   0.000 ;    ; RE   ; 1      ; IO_RE_X121_Y60_N77_I95                      ; IO_RE                   ;
;   2.417 ;   0.000 ;    ; RE   ; 1      ; IO_OUTPUT_BUFFER_INPUT_X121_Y60_N79_I0      ; IO_OUTPUT_BUFFER_INPUT  ;
;   2.417 ;   0.000 ; RR ; IC   ; 1      ; IOOBUF_X121_Y60_N79                         ; host_rdata[5]~output|i  ;
;   4.139 ;   1.722 ; RR ; CELL ; 1      ; IOOBUF_X121_Y60_N79                         ; host_rdata[5]~output|o  ;
;   4.139 ;   0.000 ; RR ; CELL ; 0      ; PIN_Y33                                     ; host_rdata[5]           ;
+---------+---------+----+------+--------+---------------------------------------------+-------------------------+

+--------------------------------------------------------------------------+
; Data Required Path                                                       ;
+----------+---------+----+------+--------+----------+---------------------+
; Total    ; Incr    ; RF ; Type ; Fanout ; Location ; Element             ;
+----------+---------+----+------+--------+----------+---------------------+
; 10.000   ; 10.000  ;    ;      ;        ;          ; latch edge time     ;
; 10.000   ; 0.000   ;    ;      ;        ;          ; clock path          ;
;   10.000 ;   0.000 ; R  ;      ;        ;          ; clock network delay ;
; 9.900    ; -0.100  ;    ;      ;        ;          ; clock uncertainty   ;
; 7.900    ; -2.000  ; R  ; oExt ; 0      ; PIN_Y33  ; host_rdata[5]       ;
+----------+---------+----+------+--------+----------+---------------------+

----------------------------
; Extra Fitter Information ;
----------------------------
HTML report is unavailable in plain text report export.


Path #25: Setup slack is 3.765 
===============================================================================
+------------------------------------------+
; Path Summary                             ;
+--------------------+---------------------+
; Property           ; Value               ;
+--------------------+---------------------+
; From Node          ; instr_debug[0]~reg0 ;
; To Node            ; instr_debug[0]      ;
; Launch Clock       ; clk                 ;
; Latch Clock        ; clk                 ;
; Data Arrival Time  ; 4.135               ;
; Data Required Time ; 7.900               ;
; Slack              ; 3.765               ;
+--------------------+---------------------+

+---------------------------------------------------------------------------------------+
; Statistics                                                                            ;
+---------------------------+--------+-------+-------------+------------+-------+-------+
; Property                  ; Value  ; Count ; Total Delay ; % of Total ; Min   ; Max   ;
+---------------------------+--------+-------+-------------+------------+-------+-------+
; Setup Relationship        ; 10.000 ;       ;             ;            ;       ;       ;
; Clock Skew                ; -2.552 ;       ;             ;            ;       ;       ;
; Data Delay                ; 1.583  ;       ;             ;            ;       ;       ;
; Number of Logic Levels    ;        ; 0     ;             ;            ;       ;       ;
; Physical Delays           ;        ;       ;             ;            ;       ;       ;
;  Arrival Path             ;        ;       ;             ;            ;       ;       ;
;   Clock                   ;        ;       ;             ;            ;       ;       ;
;    IC                     ;        ; 3     ; 0.000       ; 0          ; 0.000 ; 0.000 ;
;    Cell                   ;        ; 3     ; 0.925       ; 36         ; 0.149 ; 0.406 ;
;    Routing Element        ;        ; 31    ; 1.627       ; 64         ; 0.000 ; 0.506 ;
;   Data                    ;        ;       ;             ;            ;       ;       ;
;    IC                     ;        ; 1     ; 0.000       ; 0          ; 0.000 ; 0.000 ;
;    Cell                   ;        ; 3     ; 1.583       ; 100        ; 0.000 ; 1.339 ;
;    uTco                   ;        ; 1     ; 0.000       ; 0          ; 0.000 ; 0.000 ;
;    Routing Element        ;        ; 6     ; 0.000       ; 0          ; 0.000 ; 0.000 ;
;  Required Path            ;        ;       ;             ;            ;       ;       ;
;   Clock                   ;        ;       ;             ;            ;       ;       ;
;    Clock Network (Lumped) ;        ; 1     ; 0.000       ;            ; 0.000 ; 0.000 ;
+---------------------------+--------+-------+-------------+------------+-------+-------+
Note: Negative delays are omitted from totals when calculating percentages

+---------------------------------------------------------------------------------------------------------------+
; Data Arrival Path                                                                                             ;
+---------+---------+----+------+--------+-------------------------------------------+--------------------------+
; Total   ; Incr    ; RF ; Type ; Fanout ; Location                                  ; Element                  ;
+---------+---------+----+------+--------+-------------------------------------------+--------------------------+
; 0.000   ; 0.000   ;    ;      ;        ;                                           ; launch edge time         ;
; 2.552   ; 2.552   ;    ;      ;        ;                                           ; clock path               ;
;   0.000 ;   0.000 ;    ;      ;        ;                                           ; source latency           ;
;   0.000 ;   0.000 ;    ;      ; 1      ; PIN_AC18                                  ; clk                      ;
;   0.000 ;   0.000 ;    ; RE   ; 1      ; IOPAD_X54_Y0_N0                           ; ARRIAV_IO_PAD            ;
;   0.000 ;   0.000 ;    ; RE   ; 1      ; IO_PAD_OUTPUT_X54_Y0_N0_I1                ; IO_PAD_OUTPUT            ;
;   0.000 ;   0.000 ;    ; RE   ; 1      ; IO_INPUT_BUFFER_INPUT_X54_Y0_N1_I0        ; IO_INPUT_BUFFER_INPUT    ;
;   0.000 ;   0.000 ; RR ; IC   ; 1      ; IOIBUF_X54_Y0_N1                          ; clk~input|i              ;
;   0.406 ;   0.406 ; RR ; CELL ; 1      ; IOIBUF_X54_Y0_N1                          ; clk~input|o              ;
;   0.406 ;   0.000 ;    ; RE   ; 1      ; IOIBUF_X54_Y0_N1                          ; ARRIAV_IO_IBUF           ;
;   0.406 ;   0.000 ;    ; RE   ; 1      ; IO_INPUT_BUFFER_OUTPUT_X54_Y0_N1_I2       ; IO_INPUT_BUFFER_OUTPUT   ;
;   0.406 ;   0.000 ;    ; RE   ; 1      ; IO_RE_X54_Y0_N0_I96                       ; IO_RE                    ;
;   0.541 ;   0.135 ;    ; RE   ; 1      ; IO_RE_X54_Y0_N0_I66                       ; IO_RE                    ;
;   0.622 ;   0.081 ;    ; RE   ; 1      ; CLKBUF_CLUSTER_RE_X58_Y0_N0_I1614         ; CLKBUF_CLUSTER_RE        ;
;   0.622 ;   0.000 ;    ; RE   ; 1      ; CLKBUF_CLUSTER_RE_X58_Y0_N0_I616          ; CLKBUF_CLUSTER_RE        ;
;   0.622 ;   0.000 ;    ; RE   ; 1      ; GCLK_CLUSTER_RE_X58_Y0_N6_I10             ; GCLK_CLUSTER_RE          ;
;   0.622 ;   0.000 ;    ; RE   ; 1      ; CLKBUFBLOCK_INPUT_X58_Y0_N7_I0            ; CLKBUFBLOCK_INPUT        ;
;   0.622 ;   0.000 ; RR ; IC   ; 1      ; CLKCTRL_G6                                ; clk~inputCLKENA0|inclk   ;
;   0.771 ;   0.149 ; RR ; CELL ; 37157  ; CLKCTRL_G6                                ; clk~inputCLKENA0|outclk  ;
;   0.771 ;   0.000 ;    ; RE   ; 1      ; CLKCTRL_G6                                ; ARRIAV_CLKBUF            ;
;   0.771 ;   0.000 ;    ; RE   ; 1      ; CLKBUFBLOCK_OUTPUT_X58_Y0_N7_I2           ; CLKBUFBLOCK_OUTPUT       ;
;   0.771 ;   0.000 ;    ; RE   ; 1      ; GCLK_CLUSTER_RE_X58_Y0_N6_I12             ; GCLK_CLUSTER_RE          ;
;   0.771 ;   0.000 ;    ; RE   ; 1      ; CLKBUF_CLUSTER_RE_X58_Y0_N0_I417          ; CLKBUF_CLUSTER_RE        ;
;   1.277 ;   0.506 ;    ; RE   ; 16     ; GLOBAL_CLOCK_X0_Y58_N0_I6                 ; GLOBAL_CLOCK             ;
;   1.400 ;   0.123 ;    ; RE   ; 29     ; SPINE_CLOCK_X106_Y30_N0_I2                ; SPINE_CLOCK              ;
;   1.594 ;   0.194 ;    ; RE   ; 1      ; SCLK_TO_ROWCLK_BUF_X106_Y46_N0_I12        ; SCLK_TO_ROWCLK_BUF       ;
;   1.634 ;   0.040 ;    ; RE   ; 2      ; SCLK_TO_ROWCLK_BUF_X106_Y46_N0_I15        ; SCLK_TO_ROWCLK_BUF       ;
;   1.837 ;   0.203 ;    ; RE   ; 11     ; LAB_CLK_X107_Y46_N0_I2                    ; LAB_CLK                  ;
;   1.910 ;   0.073 ;    ; RE   ; 1      ; BLK_CLK_BUF_X121_Y46_N0_I2                ; BLK_CLK_BUF              ;
;   1.965 ;   0.055 ;    ; RE   ; 2      ; BLK_CLK_LIM_X121_Y46_N0_I2                ; BLK_CLK_LIM              ;
;   2.031 ;   0.066 ;    ; RE   ; 2      ; LOCAL_INTERCONNECT_X121_Y46_N0_I26        ; LAB_LINE                 ;
;   2.058 ;   0.027 ;    ; RE   ; 1      ; LEIMC_X121_Y46_N0_I4                      ; LEIMC                    ;
;   2.058 ;   0.000 ;    ; RE   ; 1      ; GLOBAL_LOCAL_SEL_X121_Y46_N0_I4           ; GLOBAL_LOCAL_SEL         ;
;   2.182 ;   0.124 ;    ; RE   ; 1      ; IO_RE_X121_Y46_N37_I11                    ; IO_RE                    ;
;   2.182 ;   0.000 ;    ; RE   ; 1      ; IO_OUTPUT_ENABLE_PATH_RE_X121_Y46_N41_I6  ; IO_OUTPUT_ENABLE_PATH_RE ;
;   2.182 ;   0.000 ;    ; RE   ; 1      ; IO_OUTPUT_ENABLE_PATH_RE_X121_Y46_N41_I22 ; IO_OUTPUT_ENABLE_PATH_RE ;
;   2.182 ;   0.000 ;    ; RE   ; 1      ; IO_OUTPUT_ENABLE_PATH_RE_X121_Y46_N41_I14 ; IO_OUTPUT_ENABLE_PATH_RE ;
;   2.182 ;   0.000 ;    ; RE   ; 1      ; IO_OUTPUT_PATH_RE_X121_Y46_N45_I5         ; IO_OUTPUT_PATH_RE        ;
;   2.182 ;   0.000 ;    ; RE   ; 1      ; MP_DDIO_OUT_INPUT_X121_Y46_N47_I0         ; MP_DDIO_OUT_INPUT        ;
;   2.182 ;   0.000 ; RR ; IC   ; 1      ; DDIOOUTCELL_X121_Y46_N47                  ; instr_debug[0]~reg0|clk  ;
;   2.552 ;   0.370 ; RR ; CELL ; 1      ; DDIOOUTCELL_X121_Y46_N47                  ; instr_debug[0]~reg0      ;
; 4.135   ; 1.583   ;    ;      ;        ;                                           ; data path                ;
;   2.552 ;   0.000 ;    ; uTco ; 1      ; DDIOOUTCELL_X121_Y46_N47                  ; instr_debug[0]~reg0      ;
;   2.796 ;   0.244 ; RR ; CELL ; 1      ; DDIOOUTCELL_X121_Y46_N47                  ; instr_debug[0]~reg0|q    ;
;   2.796 ;   0.000 ;    ; RE   ; 1      ; DDIOOUTCELL_X121_Y46_N47                  ; ARRIAV_FF                ;
;   2.796 ;   0.000 ;    ; RE   ; 1      ; MP_DDIO_OUT_OUTPUT_X121_Y46_N47_I5        ; MP_DDIO_OUT_OUTPUT       ;
;   2.796 ;   0.000 ;    ; RE   ; 1      ; IO_OUTPUT_PATH_RE_X121_Y46_N45_I18        ; IO_OUTPUT_PATH_RE        ;
;   2.796 ;   0.000 ;    ; RE   ; 1      ; IO_OUTPUT_PATH_RE_X121_Y46_N45_I17        ; IO_OUTPUT_PATH_RE        ;
;   2.796 ;   0.000 ;    ; RE   ; 1      ; IO_RE_X121_Y46_N37_I95                    ; IO_RE                    ;
;   2.796 ;   0.000 ;    ; RE   ; 1      ; IO_OUTPUT_BUFFER_INPUT_X121_Y46_N39_I0    ; IO_OUTPUT_BUFFER_INPUT   ;
;   2.796 ;   0.000 ; RR ; IC   ; 1      ; IOOBUF_X121_Y46_N39                       ; instr_debug[0]~output|i  ;
;   4.135 ;   1.339 ; RR ; CELL ; 1      ; IOOBUF_X121_Y46_N39                       ; instr_debug[0]~output|o  ;
;   4.135 ;   0.000 ; RR ; CELL ; 0      ; PIN_AD31                                  ; instr_debug[0]           ;
+---------+---------+----+------+--------+-------------------------------------------+--------------------------+

+--------------------------------------------------------------------------+
; Data Required Path                                                       ;
+----------+---------+----+------+--------+----------+---------------------+
; Total    ; Incr    ; RF ; Type ; Fanout ; Location ; Element             ;
+----------+---------+----+------+--------+----------+---------------------+
; 10.000   ; 10.000  ;    ;      ;        ;          ; latch edge time     ;
; 10.000   ; 0.000   ;    ;      ;        ;          ; clock path          ;
;   10.000 ;   0.000 ; R  ;      ;        ;          ; clock network delay ;
; 9.900    ; -0.100  ;    ;      ;        ;          ; clock uncertainty   ;
; 7.900    ; -2.000  ; R  ; oExt ; 0      ; PIN_AD31 ; instr_debug[0]      ;
+----------+---------+----+------+--------+----------+---------------------+

----------------------------
; Extra Fitter Information ;
----------------------------
HTML report is unavailable in plain text report export.


Path #26: Setup slack is 3.776 
===============================================================================
+-----------------------------------------+
; Path Summary                            ;
+--------------------+--------------------+
; Property           ; Value              ;
+--------------------+--------------------+
; From Node          ; host_rdata[6]~reg0 ;
; To Node            ; host_rdata[6]      ;
; Launch Clock       ; clk                ;
; Latch Clock        ; clk                ;
; Data Arrival Time  ; 4.124              ;
; Data Required Time ; 7.900              ;
; Slack              ; 3.776              ;
+--------------------+--------------------+

+---------------------------------------------------------------------------------------+
; Statistics                                                                            ;
+---------------------------+--------+-------+-------------+------------+-------+-------+
; Property                  ; Value  ; Count ; Total Delay ; % of Total ; Min   ; Max   ;
+---------------------------+--------+-------+-------------+------------+-------+-------+
; Setup Relationship        ; 10.000 ;       ;             ;            ;       ;       ;
; Clock Skew                ; -2.149 ;       ;             ;            ;       ;       ;
; Data Delay                ; 1.975  ;       ;             ;            ;       ;       ;
; Number of Logic Levels    ;        ; 0     ;             ;            ;       ;       ;
; Physical Delays           ;        ;       ;             ;            ;       ;       ;
;  Arrival Path             ;        ;       ;             ;            ;       ;       ;
;   Clock                   ;        ;       ;             ;            ;       ;       ;
;    IC                     ;        ; 3     ; 0.000       ; 0          ; 0.000 ; 0.000 ;
;    Cell                   ;        ; 3     ; 0.763       ; 36         ; 0.149 ; 0.406 ;
;    Routing Element        ;        ; 25    ; 1.386       ; 64         ; 0.000 ; 0.506 ;
;   Data                    ;        ;       ;             ;            ;       ;       ;
;    IC                     ;        ; 1     ; 0.000       ; 0          ; 0.000 ; 0.000 ;
;    Cell                   ;        ; 3     ; 1.719       ; 87         ; 0.000 ; 1.719 ;
;    uTco                   ;        ; 1     ; 0.000       ; 0          ; 0.000 ; 0.000 ;
;    Routing Element        ;        ; 10    ; 0.256       ; 13         ; 0.000 ; 0.133 ;
;  Required Path            ;        ;       ;             ;            ;       ;       ;
;   Clock                   ;        ;       ;             ;            ;       ;       ;
;    Clock Network (Lumped) ;        ; 1     ; 0.000       ;            ; 0.000 ; 0.000 ;
+---------------------------+--------+-------+-------------+------------+-------+-------+
Note: Negative delays are omitted from totals when calculating percentages

+----------------------------------------------------------------------------------------------------------------+
; Data Arrival Path                                                                                              ;
+---------+---------+----+------+--------+---------------------------------------------+-------------------------+
; Total   ; Incr    ; RF ; Type ; Fanout ; Location                                    ; Element                 ;
+---------+---------+----+------+--------+---------------------------------------------+-------------------------+
; 0.000   ; 0.000   ;    ;      ;        ;                                             ; launch edge time        ;
; 2.149   ; 2.149   ;    ;      ;        ;                                             ; clock path              ;
;   0.000 ;   0.000 ;    ;      ;        ;                                             ; source latency          ;
;   0.000 ;   0.000 ;    ;      ; 1      ; PIN_AC18                                    ; clk                     ;
;   0.000 ;   0.000 ;    ; RE   ; 1      ; IOPAD_X54_Y0_N0                             ; ARRIAV_IO_PAD           ;
;   0.000 ;   0.000 ;    ; RE   ; 1      ; IO_PAD_OUTPUT_X54_Y0_N0_I1                  ; IO_PAD_OUTPUT           ;
;   0.000 ;   0.000 ;    ; RE   ; 1      ; IO_INPUT_BUFFER_INPUT_X54_Y0_N1_I0          ; IO_INPUT_BUFFER_INPUT   ;
;   0.000 ;   0.000 ; RR ; IC   ; 1      ; IOIBUF_X54_Y0_N1                            ; clk~input|i             ;
;   0.406 ;   0.406 ; RR ; CELL ; 1      ; IOIBUF_X54_Y0_N1                            ; clk~input|o             ;
;   0.406 ;   0.000 ;    ; RE   ; 1      ; IOIBUF_X54_Y0_N1                            ; ARRIAV_IO_IBUF          ;
;   0.406 ;   0.000 ;    ; RE   ; 1      ; IO_INPUT_BUFFER_OUTPUT_X54_Y0_N1_I2         ; IO_INPUT_BUFFER_OUTPUT  ;
;   0.406 ;   0.000 ;    ; RE   ; 1      ; IO_RE_X54_Y0_N0_I96                         ; IO_RE                   ;
;   0.541 ;   0.135 ;    ; RE   ; 1      ; IO_RE_X54_Y0_N0_I66                         ; IO_RE                   ;
;   0.622 ;   0.081 ;    ; RE   ; 1      ; CLKBUF_CLUSTER_RE_X58_Y0_N0_I1614           ; CLKBUF_CLUSTER_RE       ;
;   0.622 ;   0.000 ;    ; RE   ; 1      ; CLKBUF_CLUSTER_RE_X58_Y0_N0_I616            ; CLKBUF_CLUSTER_RE       ;
;   0.622 ;   0.000 ;    ; RE   ; 1      ; GCLK_CLUSTER_RE_X58_Y0_N6_I10               ; GCLK_CLUSTER_RE         ;
;   0.622 ;   0.000 ;    ; RE   ; 1      ; CLKBUFBLOCK_INPUT_X58_Y0_N7_I0              ; CLKBUFBLOCK_INPUT       ;
;   0.622 ;   0.000 ; RR ; IC   ; 1      ; CLKCTRL_G6                                  ; clk~inputCLKENA0|inclk  ;
;   0.771 ;   0.149 ; RR ; CELL ; 37157  ; CLKCTRL_G6                                  ; clk~inputCLKENA0|outclk ;
;   0.771 ;   0.000 ;    ; RE   ; 1      ; CLKCTRL_G6                                  ; ARRIAV_CLKBUF           ;
;   0.771 ;   0.000 ;    ; RE   ; 1      ; CLKBUFBLOCK_OUTPUT_X58_Y0_N7_I2             ; CLKBUFBLOCK_OUTPUT      ;
;   0.771 ;   0.000 ;    ; RE   ; 1      ; GCLK_CLUSTER_RE_X58_Y0_N6_I12               ; GCLK_CLUSTER_RE         ;
;   0.771 ;   0.000 ;    ; RE   ; 1      ; CLKBUF_CLUSTER_RE_X58_Y0_N0_I417            ; CLKBUF_CLUSTER_RE       ;
;   1.277 ;   0.506 ;    ; RE   ; 16     ; GLOBAL_CLOCK_X0_Y58_N0_I6                   ; GLOBAL_CLOCK            ;
;   1.407 ;   0.130 ;    ; RE   ; 29     ; SPINE_CLOCK_X106_Y30_N0_I2                  ; SPINE_CLOCK             ;
;   1.601 ;   0.194 ;    ; RE   ; 1      ; SCLK_TO_ROWCLK_BUF_X106_Y57_N0_I12          ; SCLK_TO_ROWCLK_BUF      ;
;   1.641 ;   0.040 ;    ; RE   ; 2      ; SCLK_TO_ROWCLK_BUF_X106_Y57_N0_I15          ; SCLK_TO_ROWCLK_BUF      ;
;   1.844 ;   0.203 ;    ; RE   ; 13     ; LAB_CLK_X107_Y57_N0_I2                      ; LAB_CLK                 ;
;   1.908 ;   0.064 ;    ; RE   ; 1      ; BLK_CLK_BUF_X120_Y57_N0_I2                  ; BLK_CLK_BUF             ;
;   1.924 ;   0.016 ;    ; RE   ; 1      ; ROWCLKSEL_PREBUF_X120_Y57_N0_I2             ; ROWCLKSEL_PREBUF        ;
;   1.941 ;   0.017 ;    ; RE   ; 1      ; ROWCLKSEL_X120_Y57_N0_I1                    ; ROWCLKSEL               ;
;   1.941 ;   0.000 ;    ; RE   ; 3      ; GLOBAL_LOCAL_SEL_X120_Y57_N0_I1             ; GLOBAL_LOCAL_SEL        ;
;   1.941 ;   0.000 ;    ; RE   ; 5      ; LAB_INPUT_X120_Y57_N0_I0                    ; LAB_INPUT               ;
;   1.941 ;   0.000 ; RR ; IC   ; 1      ; FF_X120_Y57_N1                              ; host_rdata[6]~reg0|clk  ;
;   2.149 ;   0.208 ; RR ; CELL ; 1      ; FF_X120_Y57_N1                              ; host_rdata[6]~reg0      ;
; 4.124   ; 1.975   ;    ;      ;        ;                                             ; data path               ;
;   2.149 ;   0.000 ;    ; uTco ; 1      ; FF_X120_Y57_N1                              ; host_rdata[6]~reg0      ;
;   2.149 ;   0.000 ; RR ; CELL ; 1      ; FF_X120_Y57_N1                              ; host_rdata[6]~reg0|q    ;
;   2.167 ;   0.018 ;    ; RE   ; 1      ; FF_X120_Y57_N1                              ; ARRIAV_FF               ;
;   2.208 ;   0.041 ;    ; RE   ; 1      ; LE_BUFFER_X120_Y57_N0_I0                    ; LE_BUFFER               ;
;   2.248 ;   0.040 ;    ; RE   ; 1      ; LOCAL_INTERCONNECT_X121_Y57_N0_I0           ; LAB_LINE                ;
;   2.272 ;   0.024 ;    ; RE   ; 1      ; BLOCK_INPUT_MUX_PASSTHROUGH_X121_Y57_N0_I19 ; LEIM                    ;
;   2.405 ;   0.133 ;    ; RE   ; 1      ; IO_RE_X121_Y57_N54_I1                       ; IO_RE                   ;
;   2.405 ;   0.000 ;    ; RE   ; 1      ; IO_OUTPUT_PATH_RE_X121_Y57_N62_I1           ; IO_OUTPUT_PATH_RE       ;
;   2.405 ;   0.000 ;    ; RE   ; 1      ; IO_OUTPUT_PATH_RE_X121_Y57_N62_I18          ; IO_OUTPUT_PATH_RE       ;
;   2.405 ;   0.000 ;    ; RE   ; 1      ; IO_OUTPUT_PATH_RE_X121_Y57_N62_I17          ; IO_OUTPUT_PATH_RE       ;
;   2.405 ;   0.000 ;    ; RE   ; 1      ; IO_RE_X121_Y57_N54_I95                      ; IO_RE                   ;
;   2.405 ;   0.000 ;    ; RE   ; 1      ; IO_OUTPUT_BUFFER_INPUT_X121_Y57_N56_I0      ; IO_OUTPUT_BUFFER_INPUT  ;
;   2.405 ;   0.000 ; RR ; IC   ; 1      ; IOOBUF_X121_Y57_N56                         ; host_rdata[6]~output|i  ;
;   4.124 ;   1.719 ; RR ; CELL ; 1      ; IOOBUF_X121_Y57_N56                         ; host_rdata[6]~output|o  ;
;   4.124 ;   0.000 ; RR ; CELL ; 0      ; PIN_AB34                                    ; host_rdata[6]           ;
+---------+---------+----+------+--------+---------------------------------------------+-------------------------+

+--------------------------------------------------------------------------+
; Data Required Path                                                       ;
+----------+---------+----+------+--------+----------+---------------------+
; Total    ; Incr    ; RF ; Type ; Fanout ; Location ; Element             ;
+----------+---------+----+------+--------+----------+---------------------+
; 10.000   ; 10.000  ;    ;      ;        ;          ; latch edge time     ;
; 10.000   ; 0.000   ;    ;      ;        ;          ; clock path          ;
;   10.000 ;   0.000 ; R  ;      ;        ;          ; clock network delay ;
; 9.900    ; -0.100  ;    ;      ;        ;          ; clock uncertainty   ;
; 7.900    ; -2.000  ; R  ; oExt ; 0      ; PIN_AB34 ; host_rdata[6]       ;
+----------+---------+----+------+--------+----------+---------------------+

----------------------------
; Extra Fitter Information ;
----------------------------
HTML report is unavailable in plain text report export.


Path #27: Setup slack is 3.781 
===============================================================================
+------------------------------------------+
; Path Summary                             ;
+--------------------+---------------------+
; Property           ; Value               ;
+--------------------+---------------------+
; From Node          ; instr_debug[4]~reg0 ;
; To Node            ; instr_debug[4]      ;
; Launch Clock       ; clk                 ;
; Latch Clock        ; clk                 ;
; Data Arrival Time  ; 4.119               ;
; Data Required Time ; 7.900               ;
; Slack              ; 3.781               ;
+--------------------+---------------------+

+---------------------------------------------------------------------------------------+
; Statistics                                                                            ;
+---------------------------+--------+-------+-------------+------------+-------+-------+
; Property                  ; Value  ; Count ; Total Delay ; % of Total ; Min   ; Max   ;
+---------------------------+--------+-------+-------------+------------+-------+-------+
; Setup Relationship        ; 10.000 ;       ;             ;            ;       ;       ;
; Clock Skew                ; -2.555 ;       ;             ;            ;       ;       ;
; Data Delay                ; 1.564  ;       ;             ;            ;       ;       ;
; Number of Logic Levels    ;        ; 0     ;             ;            ;       ;       ;
; Physical Delays           ;        ;       ;             ;            ;       ;       ;
;  Arrival Path             ;        ;       ;             ;            ;       ;       ;
;   Clock                   ;        ;       ;             ;            ;       ;       ;
;    IC                     ;        ; 3     ; 0.000       ; 0          ; 0.000 ; 0.000 ;
;    Cell                   ;        ; 3     ; 0.925       ; 36         ; 0.149 ; 0.406 ;
;    Routing Element        ;        ; 31    ; 1.630       ; 64         ; 0.000 ; 0.506 ;
;   Data                    ;        ;       ;             ;            ;       ;       ;
;    IC                     ;        ; 1     ; 0.000       ; 0          ; 0.000 ; 0.000 ;
;    Cell                   ;        ; 3     ; 1.564       ; 100        ; 0.000 ; 1.319 ;
;    uTco                   ;        ; 1     ; 0.000       ; 0          ; 0.000 ; 0.000 ;
;    Routing Element        ;        ; 6     ; 0.000       ; 0          ; 0.000 ; 0.000 ;
;  Required Path            ;        ;       ;             ;            ;       ;       ;
;   Clock                   ;        ;       ;             ;            ;       ;       ;
;    Clock Network (Lumped) ;        ; 1     ; 0.000       ;            ; 0.000 ; 0.000 ;
+---------------------------+--------+-------+-------------+------------+-------+-------+
Note: Negative delays are omitted from totals when calculating percentages

+---------------------------------------------------------------------------------------------------------------+
; Data Arrival Path                                                                                             ;
+---------+---------+----+------+--------+-------------------------------------------+--------------------------+
; Total   ; Incr    ; RF ; Type ; Fanout ; Location                                  ; Element                  ;
+---------+---------+----+------+--------+-------------------------------------------+--------------------------+
; 0.000   ; 0.000   ;    ;      ;        ;                                           ; launch edge time         ;
; 2.555   ; 2.555   ;    ;      ;        ;                                           ; clock path               ;
;   0.000 ;   0.000 ;    ;      ;        ;                                           ; source latency           ;
;   0.000 ;   0.000 ;    ;      ; 1      ; PIN_AC18                                  ; clk                      ;
;   0.000 ;   0.000 ;    ; RE   ; 1      ; IOPAD_X54_Y0_N0                           ; ARRIAV_IO_PAD            ;
;   0.000 ;   0.000 ;    ; RE   ; 1      ; IO_PAD_OUTPUT_X54_Y0_N0_I1                ; IO_PAD_OUTPUT            ;
;   0.000 ;   0.000 ;    ; RE   ; 1      ; IO_INPUT_BUFFER_INPUT_X54_Y0_N1_I0        ; IO_INPUT_BUFFER_INPUT    ;
;   0.000 ;   0.000 ; RR ; IC   ; 1      ; IOIBUF_X54_Y0_N1                          ; clk~input|i              ;
;   0.406 ;   0.406 ; RR ; CELL ; 1      ; IOIBUF_X54_Y0_N1                          ; clk~input|o              ;
;   0.406 ;   0.000 ;    ; RE   ; 1      ; IOIBUF_X54_Y0_N1                          ; ARRIAV_IO_IBUF           ;
;   0.406 ;   0.000 ;    ; RE   ; 1      ; IO_INPUT_BUFFER_OUTPUT_X54_Y0_N1_I2       ; IO_INPUT_BUFFER_OUTPUT   ;
;   0.406 ;   0.000 ;    ; RE   ; 1      ; IO_RE_X54_Y0_N0_I96                       ; IO_RE                    ;
;   0.541 ;   0.135 ;    ; RE   ; 1      ; IO_RE_X54_Y0_N0_I66                       ; IO_RE                    ;
;   0.622 ;   0.081 ;    ; RE   ; 1      ; CLKBUF_CLUSTER_RE_X58_Y0_N0_I1614         ; CLKBUF_CLUSTER_RE        ;
;   0.622 ;   0.000 ;    ; RE   ; 1      ; CLKBUF_CLUSTER_RE_X58_Y0_N0_I616          ; CLKBUF_CLUSTER_RE        ;
;   0.622 ;   0.000 ;    ; RE   ; 1      ; GCLK_CLUSTER_RE_X58_Y0_N6_I10             ; GCLK_CLUSTER_RE          ;
;   0.622 ;   0.000 ;    ; RE   ; 1      ; CLKBUFBLOCK_INPUT_X58_Y0_N7_I0            ; CLKBUFBLOCK_INPUT        ;
;   0.622 ;   0.000 ; RR ; IC   ; 1      ; CLKCTRL_G6                                ; clk~inputCLKENA0|inclk   ;
;   0.771 ;   0.149 ; RR ; CELL ; 37157  ; CLKCTRL_G6                                ; clk~inputCLKENA0|outclk  ;
;   0.771 ;   0.000 ;    ; RE   ; 1      ; CLKCTRL_G6                                ; ARRIAV_CLKBUF            ;
;   0.771 ;   0.000 ;    ; RE   ; 1      ; CLKBUFBLOCK_OUTPUT_X58_Y0_N7_I2           ; CLKBUFBLOCK_OUTPUT       ;
;   0.771 ;   0.000 ;    ; RE   ; 1      ; GCLK_CLUSTER_RE_X58_Y0_N6_I12             ; GCLK_CLUSTER_RE          ;
;   0.771 ;   0.000 ;    ; RE   ; 1      ; CLKBUF_CLUSTER_RE_X58_Y0_N0_I417          ; CLKBUF_CLUSTER_RE        ;
;   1.277 ;   0.506 ;    ; RE   ; 16     ; GLOBAL_CLOCK_X0_Y58_N0_I6                 ; GLOBAL_CLOCK             ;
;   1.413 ;   0.136 ;    ; RE   ; 29     ; SPINE_CLOCK_X106_Y30_N0_I2                ; SPINE_CLOCK              ;
;   1.606 ;   0.193 ;    ; RE   ; 1      ; SCLK_TO_ROWCLK_BUF_X106_Y36_N0_I12        ; SCLK_TO_ROWCLK_BUF       ;
;   1.646 ;   0.040 ;    ; RE   ; 2      ; SCLK_TO_ROWCLK_BUF_X106_Y36_N0_I15        ; SCLK_TO_ROWCLK_BUF       ;
;   1.849 ;   0.203 ;    ; RE   ; 6      ; LAB_CLK_X107_Y36_N0_I2                    ; LAB_CLK                  ;
;   1.922 ;   0.073 ;    ; RE   ; 1      ; BLK_CLK_BUF_X121_Y36_N0_I2                ; BLK_CLK_BUF              ;
;   1.969 ;   0.047 ;    ; RE   ; 1      ; BLK_CLK_LIM_X121_Y36_N0_I2                ; BLK_CLK_LIM              ;
;   2.032 ;   0.063 ;    ; RE   ; 1      ; LOCAL_INTERCONNECT_X121_Y36_N0_I26        ; LAB_LINE                 ;
;   2.059 ;   0.027 ;    ; RE   ; 1      ; LEIMC_X121_Y36_N0_I4                      ; LEIMC                    ;
;   2.059 ;   0.000 ;    ; RE   ; 1      ; GLOBAL_LOCAL_SEL_X121_Y36_N0_I4           ; GLOBAL_LOCAL_SEL         ;
;   2.185 ;   0.126 ;    ; RE   ; 1      ; IO_RE_X121_Y36_N77_I11                    ; IO_RE                    ;
;   2.185 ;   0.000 ;    ; RE   ; 1      ; IO_OUTPUT_ENABLE_PATH_RE_X121_Y36_N81_I6  ; IO_OUTPUT_ENABLE_PATH_RE ;
;   2.185 ;   0.000 ;    ; RE   ; 1      ; IO_OUTPUT_ENABLE_PATH_RE_X121_Y36_N81_I22 ; IO_OUTPUT_ENABLE_PATH_RE ;
;   2.185 ;   0.000 ;    ; RE   ; 1      ; IO_OUTPUT_ENABLE_PATH_RE_X121_Y36_N81_I14 ; IO_OUTPUT_ENABLE_PATH_RE ;
;   2.185 ;   0.000 ;    ; RE   ; 1      ; IO_OUTPUT_PATH_RE_X121_Y36_N85_I5         ; IO_OUTPUT_PATH_RE        ;
;   2.185 ;   0.000 ;    ; RE   ; 1      ; MP_DDIO_OUT_INPUT_X121_Y36_N87_I0         ; MP_DDIO_OUT_INPUT        ;
;   2.185 ;   0.000 ; RR ; IC   ; 1      ; DDIOOUTCELL_X121_Y36_N87                  ; instr_debug[4]~reg0|clk  ;
;   2.555 ;   0.370 ; RR ; CELL ; 1      ; DDIOOUTCELL_X121_Y36_N87                  ; instr_debug[4]~reg0      ;
; 4.119   ; 1.564   ;    ;      ;        ;                                           ; data path                ;
;   2.555 ;   0.000 ;    ; uTco ; 1      ; DDIOOUTCELL_X121_Y36_N87                  ; instr_debug[4]~reg0      ;
;   2.800 ;   0.245 ; RR ; CELL ; 1      ; DDIOOUTCELL_X121_Y36_N87                  ; instr_debug[4]~reg0|q    ;
;   2.800 ;   0.000 ;    ; RE   ; 1      ; DDIOOUTCELL_X121_Y36_N87                  ; ARRIAV_FF                ;
;   2.800 ;   0.000 ;    ; RE   ; 1      ; MP_DDIO_OUT_OUTPUT_X121_Y36_N87_I5        ; MP_DDIO_OUT_OUTPUT       ;
;   2.800 ;   0.000 ;    ; RE   ; 1      ; IO_OUTPUT_PATH_RE_X121_Y36_N85_I18        ; IO_OUTPUT_PATH_RE        ;
;   2.800 ;   0.000 ;    ; RE   ; 1      ; IO_OUTPUT_PATH_RE_X121_Y36_N85_I17        ; IO_OUTPUT_PATH_RE        ;
;   2.800 ;   0.000 ;    ; RE   ; 1      ; IO_RE_X121_Y36_N77_I95                    ; IO_RE                    ;
;   2.800 ;   0.000 ;    ; RE   ; 1      ; IO_OUTPUT_BUFFER_INPUT_X121_Y36_N79_I0    ; IO_OUTPUT_BUFFER_INPUT   ;
;   2.800 ;   0.000 ; RR ; IC   ; 1      ; IOOBUF_X121_Y36_N79                       ; instr_debug[4]~output|i  ;
;   4.119 ;   1.319 ; RR ; CELL ; 1      ; IOOBUF_X121_Y36_N79                       ; instr_debug[4]~output|o  ;
;   4.119 ;   0.000 ; RR ; CELL ; 0      ; PIN_AE30                                  ; instr_debug[4]           ;
+---------+---------+----+------+--------+-------------------------------------------+--------------------------+

+--------------------------------------------------------------------------+
; Data Required Path                                                       ;
+----------+---------+----+------+--------+----------+---------------------+
; Total    ; Incr    ; RF ; Type ; Fanout ; Location ; Element             ;
+----------+---------+----+------+--------+----------+---------------------+
; 10.000   ; 10.000  ;    ;      ;        ;          ; latch edge time     ;
; 10.000   ; 0.000   ;    ;      ;        ;          ; clock path          ;
;   10.000 ;   0.000 ; R  ;      ;        ;          ; clock network delay ;
; 9.900    ; -0.100  ;    ;      ;        ;          ; clock uncertainty   ;
; 7.900    ; -2.000  ; R  ; oExt ; 0      ; PIN_AE30 ; instr_debug[4]      ;
+----------+---------+----+------+--------+----------+---------------------+

----------------------------
; Extra Fitter Information ;
----------------------------
HTML report is unavailable in plain text report export.


Path #28: Setup slack is 3.781 
===============================================================================
+------------------------------------------+
; Path Summary                             ;
+--------------------+---------------------+
; Property           ; Value               ;
+--------------------+---------------------+
; From Node          ; host_rdata[28]~reg0 ;
; To Node            ; host_rdata[28]      ;
; Launch Clock       ; clk                 ;
; Latch Clock        ; clk                 ;
; Data Arrival Time  ; 4.119               ;
; Data Required Time ; 7.900               ;
; Slack              ; 3.781               ;
+--------------------+---------------------+

+---------------------------------------------------------------------------------------+
; Statistics                                                                            ;
+---------------------------+--------+-------+-------------+------------+-------+-------+
; Property                  ; Value  ; Count ; Total Delay ; % of Total ; Min   ; Max   ;
+---------------------------+--------+-------+-------------+------------+-------+-------+
; Setup Relationship        ; 10.000 ;       ;             ;            ;       ;       ;
; Clock Skew                ; -2.568 ;       ;             ;            ;       ;       ;
; Data Delay                ; 1.551  ;       ;             ;            ;       ;       ;
; Number of Logic Levels    ;        ; 0     ;             ;            ;       ;       ;
; Physical Delays           ;        ;       ;             ;            ;       ;       ;
;  Arrival Path             ;        ;       ;             ;            ;       ;       ;
;   Clock                   ;        ;       ;             ;            ;       ;       ;
;    IC                     ;        ; 3     ; 0.000       ; 0          ; 0.000 ; 0.000 ;
;    Cell                   ;        ; 3     ; 0.925       ; 36         ; 0.149 ; 0.406 ;
;    Routing Element        ;        ; 31    ; 1.643       ; 64         ; 0.000 ; 0.503 ;
;   Data                    ;        ;       ;             ;            ;       ;       ;
;    IC                     ;        ; 1     ; 0.000       ; 0          ; 0.000 ; 0.000 ;
;    Cell                   ;        ; 3     ; 1.551       ; 100        ; 0.000 ; 1.306 ;
;    uTco                   ;        ; 1     ; 0.000       ; 0          ; 0.000 ; 0.000 ;
;    Routing Element        ;        ; 6     ; 0.000       ; 0          ; 0.000 ; 0.000 ;
;  Required Path            ;        ;       ;             ;            ;       ;       ;
;   Clock                   ;        ;       ;             ;            ;       ;       ;
;    Clock Network (Lumped) ;        ; 1     ; 0.000       ;            ; 0.000 ; 0.000 ;
+---------------------------+--------+-------+-------------+------------+-------+-------+
Note: Negative delays are omitted from totals when calculating percentages

+---------------------------------------------------------------------------------------------------------------+
; Data Arrival Path                                                                                             ;
+---------+---------+----+------+--------+-------------------------------------------+--------------------------+
; Total   ; Incr    ; RF ; Type ; Fanout ; Location                                  ; Element                  ;
+---------+---------+----+------+--------+-------------------------------------------+--------------------------+
; 0.000   ; 0.000   ;    ;      ;        ;                                           ; launch edge time         ;
; 2.568   ; 2.568   ;    ;      ;        ;                                           ; clock path               ;
;   0.000 ;   0.000 ;    ;      ;        ;                                           ; source latency           ;
;   0.000 ;   0.000 ;    ;      ; 1      ; PIN_AC18                                  ; clk                      ;
;   0.000 ;   0.000 ;    ; RE   ; 1      ; IOPAD_X54_Y0_N0                           ; ARRIAV_IO_PAD            ;
;   0.000 ;   0.000 ;    ; RE   ; 1      ; IO_PAD_OUTPUT_X54_Y0_N0_I1                ; IO_PAD_OUTPUT            ;
;   0.000 ;   0.000 ;    ; RE   ; 1      ; IO_INPUT_BUFFER_INPUT_X54_Y0_N1_I0        ; IO_INPUT_BUFFER_INPUT    ;
;   0.000 ;   0.000 ; RR ; IC   ; 1      ; IOIBUF_X54_Y0_N1                          ; clk~input|i              ;
;   0.406 ;   0.406 ; RR ; CELL ; 1      ; IOIBUF_X54_Y0_N1                          ; clk~input|o              ;
;   0.406 ;   0.000 ;    ; RE   ; 1      ; IOIBUF_X54_Y0_N1                          ; ARRIAV_IO_IBUF           ;
;   0.406 ;   0.000 ;    ; RE   ; 1      ; IO_INPUT_BUFFER_OUTPUT_X54_Y0_N1_I2       ; IO_INPUT_BUFFER_OUTPUT   ;
;   0.406 ;   0.000 ;    ; RE   ; 1      ; IO_RE_X54_Y0_N0_I96                       ; IO_RE                    ;
;   0.541 ;   0.135 ;    ; RE   ; 1      ; IO_RE_X54_Y0_N0_I66                       ; IO_RE                    ;
;   0.622 ;   0.081 ;    ; RE   ; 1      ; CLKBUF_CLUSTER_RE_X58_Y0_N0_I1614         ; CLKBUF_CLUSTER_RE        ;
;   0.622 ;   0.000 ;    ; RE   ; 1      ; CLKBUF_CLUSTER_RE_X58_Y0_N0_I616          ; CLKBUF_CLUSTER_RE        ;
;   0.622 ;   0.000 ;    ; RE   ; 1      ; GCLK_CLUSTER_RE_X58_Y0_N6_I10             ; GCLK_CLUSTER_RE          ;
;   0.622 ;   0.000 ;    ; RE   ; 1      ; CLKBUFBLOCK_INPUT_X58_Y0_N7_I0            ; CLKBUFBLOCK_INPUT        ;
;   0.622 ;   0.000 ; RR ; IC   ; 1      ; CLKCTRL_G6                                ; clk~inputCLKENA0|inclk   ;
;   0.771 ;   0.149 ; RR ; CELL ; 37157  ; CLKCTRL_G6                                ; clk~inputCLKENA0|outclk  ;
;   0.771 ;   0.000 ;    ; RE   ; 1      ; CLKCTRL_G6                                ; ARRIAV_CLKBUF            ;
;   0.771 ;   0.000 ;    ; RE   ; 1      ; CLKBUFBLOCK_OUTPUT_X58_Y0_N7_I2           ; CLKBUFBLOCK_OUTPUT       ;
;   0.771 ;   0.000 ;    ; RE   ; 1      ; GCLK_CLUSTER_RE_X58_Y0_N6_I12             ; GCLK_CLUSTER_RE          ;
;   0.771 ;   0.000 ;    ; RE   ; 1      ; CLKBUF_CLUSTER_RE_X58_Y0_N0_I417          ; CLKBUF_CLUSTER_RE        ;
;   1.274 ;   0.503 ;    ; RE   ; 16     ; GLOBAL_CLOCK_X0_Y58_N0_I6                 ; GLOBAL_CLOCK             ;
;   1.410 ;   0.136 ;    ; RE   ; 29     ; SPINE_CLOCK_X106_Y59_N0_I2                ; SPINE_CLOCK              ;
;   1.604 ;   0.194 ;    ; RE   ; 1      ; SCLK_TO_ROWCLK_BUF_X106_Y67_N0_I12        ; SCLK_TO_ROWCLK_BUF       ;
;   1.644 ;   0.040 ;    ; RE   ; 2      ; SCLK_TO_ROWCLK_BUF_X106_Y67_N0_I15        ; SCLK_TO_ROWCLK_BUF       ;
;   1.847 ;   0.203 ;    ; RE   ; 6      ; LAB_CLK_X107_Y67_N0_I2                    ; LAB_CLK                  ;
;   1.920 ;   0.073 ;    ; RE   ; 1      ; BLK_CLK_BUF_X121_Y67_N0_I2                ; BLK_CLK_BUF              ;
;   1.975 ;   0.055 ;    ; RE   ; 2      ; BLK_CLK_LIM_X121_Y67_N0_I2                ; BLK_CLK_LIM              ;
;   2.041 ;   0.066 ;    ; RE   ; 2      ; LOCAL_INTERCONNECT_X121_Y67_N0_I26        ; LAB_LINE                 ;
;   2.068 ;   0.027 ;    ; RE   ; 1      ; LEIMC_X121_Y67_N0_I0                      ; LEIMC                    ;
;   2.068 ;   0.000 ;    ; RE   ; 1      ; GLOBAL_LOCAL_SEL_X121_Y67_N0_I0           ; GLOBAL_LOCAL_SEL         ;
;   2.198 ;   0.130 ;    ; RE   ; 1      ; IO_RE_X121_Y67_N94_I11                    ; IO_RE                    ;
;   2.198 ;   0.000 ;    ; RE   ; 1      ; IO_OUTPUT_ENABLE_PATH_RE_X121_Y67_N98_I6  ; IO_OUTPUT_ENABLE_PATH_RE ;
;   2.198 ;   0.000 ;    ; RE   ; 1      ; IO_OUTPUT_ENABLE_PATH_RE_X121_Y67_N98_I22 ; IO_OUTPUT_ENABLE_PATH_RE ;
;   2.198 ;   0.000 ;    ; RE   ; 1      ; IO_OUTPUT_ENABLE_PATH_RE_X121_Y67_N98_I14 ; IO_OUTPUT_ENABLE_PATH_RE ;
;   2.198 ;   0.000 ;    ; RE   ; 1      ; IO_OUTPUT_PATH_RE_X121_Y67_N102_I5        ; IO_OUTPUT_PATH_RE        ;
;   2.198 ;   0.000 ;    ; RE   ; 1      ; MP_DDIO_OUT_INPUT_X121_Y67_N104_I0        ; MP_DDIO_OUT_INPUT        ;
;   2.198 ;   0.000 ; RR ; IC   ; 1      ; DDIOOUTCELL_X121_Y67_N104                 ; host_rdata[28]~reg0|clk  ;
;   2.568 ;   0.370 ; RR ; CELL ; 1      ; DDIOOUTCELL_X121_Y67_N104                 ; host_rdata[28]~reg0      ;
; 4.119   ; 1.551   ;    ;      ;        ;                                           ; data path                ;
;   2.568 ;   0.000 ;    ; uTco ; 1      ; DDIOOUTCELL_X121_Y67_N104                 ; host_rdata[28]~reg0      ;
;   2.813 ;   0.245 ; RR ; CELL ; 1      ; DDIOOUTCELL_X121_Y67_N104                 ; host_rdata[28]~reg0|q    ;
;   2.813 ;   0.000 ;    ; RE   ; 1      ; DDIOOUTCELL_X121_Y67_N104                 ; ARRIAV_FF                ;
;   2.813 ;   0.000 ;    ; RE   ; 1      ; MP_DDIO_OUT_OUTPUT_X121_Y67_N104_I5       ; MP_DDIO_OUT_OUTPUT       ;
;   2.813 ;   0.000 ;    ; RE   ; 1      ; IO_OUTPUT_PATH_RE_X121_Y67_N102_I18       ; IO_OUTPUT_PATH_RE        ;
;   2.813 ;   0.000 ;    ; RE   ; 1      ; IO_OUTPUT_PATH_RE_X121_Y67_N102_I17       ; IO_OUTPUT_PATH_RE        ;
;   2.813 ;   0.000 ;    ; RE   ; 1      ; IO_RE_X121_Y67_N94_I95                    ; IO_RE                    ;
;   2.813 ;   0.000 ;    ; RE   ; 1      ; IO_OUTPUT_BUFFER_INPUT_X121_Y67_N96_I0    ; IO_OUTPUT_BUFFER_INPUT   ;
;   2.813 ;   0.000 ; RR ; IC   ; 1      ; IOOBUF_X121_Y67_N96                       ; host_rdata[28]~output|i  ;
;   4.119 ;   1.306 ; RR ; CELL ; 1      ; IOOBUF_X121_Y67_N96                       ; host_rdata[28]~output|o  ;
;   4.119 ;   0.000 ; RR ; CELL ; 0      ; PIN_T32                                   ; host_rdata[28]           ;
+---------+---------+----+------+--------+-------------------------------------------+--------------------------+

+--------------------------------------------------------------------------+
; Data Required Path                                                       ;
+----------+---------+----+------+--------+----------+---------------------+
; Total    ; Incr    ; RF ; Type ; Fanout ; Location ; Element             ;
+----------+---------+----+------+--------+----------+---------------------+
; 10.000   ; 10.000  ;    ;      ;        ;          ; latch edge time     ;
; 10.000   ; 0.000   ;    ;      ;        ;          ; clock path          ;
;   10.000 ;   0.000 ; R  ;      ;        ;          ; clock network delay ;
; 9.900    ; -0.100  ;    ;      ;        ;          ; clock uncertainty   ;
; 7.900    ; -2.000  ; R  ; oExt ; 0      ; PIN_T32  ; host_rdata[28]      ;
+----------+---------+----+------+--------+----------+---------------------+

----------------------------
; Extra Fitter Information ;
----------------------------
HTML report is unavailable in plain text report export.


Path #29: Setup slack is 3.783 
===============================================================================
+-----------------------------------------+
; Path Summary                            ;
+--------------------+--------------------+
; Property           ; Value              ;
+--------------------+--------------------+
; From Node          ; host_rdata[2]~reg0 ;
; To Node            ; host_rdata[2]      ;
; Launch Clock       ; clk                ;
; Latch Clock        ; clk                ;
; Data Arrival Time  ; 4.117              ;
; Data Required Time ; 7.900              ;
; Slack              ; 3.783              ;
+--------------------+--------------------+

+-----------------------------------------------------------------------------------------+
; Statistics                                                                              ;
+---------------------------+--------+-------+-------------+------------+--------+--------+
; Property                  ; Value  ; Count ; Total Delay ; % of Total ; Min    ; Max    ;
+---------------------------+--------+-------+-------------+------------+--------+--------+
; Setup Relationship        ; 10.000 ;       ;             ;            ;        ;        ;
; Clock Skew                ; -2.154 ;       ;             ;            ;        ;        ;
; Data Delay                ; 1.963  ;       ;             ;            ;        ;        ;
; Number of Logic Levels    ;        ; 0     ;             ;            ;        ;        ;
; Physical Delays           ;        ;       ;             ;            ;        ;        ;
;  Arrival Path             ;        ;       ;             ;            ;        ;        ;
;   Clock                   ;        ;       ;             ;            ;        ;        ;
;    IC                     ;        ; 3     ; 0.000       ; 0          ; 0.000  ; 0.000  ;
;    Cell                   ;        ; 3     ; 0.763       ; 35         ; 0.149  ; 0.406  ;
;    Routing Element        ;        ; 25    ; 1.391       ; 65         ; 0.000  ; 0.503  ;
;   Data                    ;        ;       ;             ;            ;        ;        ;
;    IC                     ;        ; 1     ; -0.001      ; 0          ; -0.001 ; -0.001 ;
;    Cell                   ;        ; 3     ; 1.702       ; 87         ; 0.000  ; 1.702  ;
;    uTco                   ;        ; 1     ; 0.000       ; 0          ; 0.000  ; 0.000  ;
;    Routing Element        ;        ; 10    ; 0.262       ; 13         ; 0.000  ; 0.140  ;
;  Required Path            ;        ;       ;             ;            ;        ;        ;
;   Clock                   ;        ;       ;             ;            ;        ;        ;
;    Clock Network (Lumped) ;        ; 1     ; 0.000       ;            ; 0.000  ; 0.000  ;
+---------------------------+--------+-------+-------------+------------+--------+--------+
Note: Negative delays are omitted from totals when calculating percentages

+-----------------------------------------------------------------------------------------------------------------+
; Data Arrival Path                                                                                               ;
+---------+----------+----+------+--------+---------------------------------------------+-------------------------+
; Total   ; Incr     ; RF ; Type ; Fanout ; Location                                    ; Element                 ;
+---------+----------+----+------+--------+---------------------------------------------+-------------------------+
; 0.000   ; 0.000    ;    ;      ;        ;                                             ; launch edge time        ;
; 2.154   ; 2.154    ;    ;      ;        ;                                             ; clock path              ;
;   0.000 ;   0.000  ;    ;      ;        ;                                             ; source latency          ;
;   0.000 ;   0.000  ;    ;      ; 1      ; PIN_AC18                                    ; clk                     ;
;   0.000 ;   0.000  ;    ; RE   ; 1      ; IOPAD_X54_Y0_N0                             ; ARRIAV_IO_PAD           ;
;   0.000 ;   0.000  ;    ; RE   ; 1      ; IO_PAD_OUTPUT_X54_Y0_N0_I1                  ; IO_PAD_OUTPUT           ;
;   0.000 ;   0.000  ;    ; RE   ; 1      ; IO_INPUT_BUFFER_INPUT_X54_Y0_N1_I0          ; IO_INPUT_BUFFER_INPUT   ;
;   0.000 ;   0.000  ; RR ; IC   ; 1      ; IOIBUF_X54_Y0_N1                            ; clk~input|i             ;
;   0.406 ;   0.406  ; RR ; CELL ; 1      ; IOIBUF_X54_Y0_N1                            ; clk~input|o             ;
;   0.406 ;   0.000  ;    ; RE   ; 1      ; IOIBUF_X54_Y0_N1                            ; ARRIAV_IO_IBUF          ;
;   0.406 ;   0.000  ;    ; RE   ; 1      ; IO_INPUT_BUFFER_OUTPUT_X54_Y0_N1_I2         ; IO_INPUT_BUFFER_OUTPUT  ;
;   0.406 ;   0.000  ;    ; RE   ; 1      ; IO_RE_X54_Y0_N0_I96                         ; IO_RE                   ;
;   0.541 ;   0.135  ;    ; RE   ; 1      ; IO_RE_X54_Y0_N0_I66                         ; IO_RE                   ;
;   0.622 ;   0.081  ;    ; RE   ; 1      ; CLKBUF_CLUSTER_RE_X58_Y0_N0_I1614           ; CLKBUF_CLUSTER_RE       ;
;   0.622 ;   0.000  ;    ; RE   ; 1      ; CLKBUF_CLUSTER_RE_X58_Y0_N0_I616            ; CLKBUF_CLUSTER_RE       ;
;   0.622 ;   0.000  ;    ; RE   ; 1      ; GCLK_CLUSTER_RE_X58_Y0_N6_I10               ; GCLK_CLUSTER_RE         ;
;   0.622 ;   0.000  ;    ; RE   ; 1      ; CLKBUFBLOCK_INPUT_X58_Y0_N7_I0              ; CLKBUFBLOCK_INPUT       ;
;   0.622 ;   0.000  ; RR ; IC   ; 1      ; CLKCTRL_G6                                  ; clk~inputCLKENA0|inclk  ;
;   0.771 ;   0.149  ; RR ; CELL ; 37157  ; CLKCTRL_G6                                  ; clk~inputCLKENA0|outclk ;
;   0.771 ;   0.000  ;    ; RE   ; 1      ; CLKCTRL_G6                                  ; ARRIAV_CLKBUF           ;
;   0.771 ;   0.000  ;    ; RE   ; 1      ; CLKBUFBLOCK_OUTPUT_X58_Y0_N7_I2             ; CLKBUFBLOCK_OUTPUT      ;
;   0.771 ;   0.000  ;    ; RE   ; 1      ; GCLK_CLUSTER_RE_X58_Y0_N6_I12               ; GCLK_CLUSTER_RE         ;
;   0.771 ;   0.000  ;    ; RE   ; 1      ; CLKBUF_CLUSTER_RE_X58_Y0_N0_I417            ; CLKBUF_CLUSTER_RE       ;
;   1.274 ;   0.503  ;    ; RE   ; 16     ; GLOBAL_CLOCK_X0_Y58_N0_I6                   ; GLOBAL_CLOCK            ;
;   1.412 ;   0.138  ;    ; RE   ; 29     ; SPINE_CLOCK_X106_Y59_N0_I2                  ; SPINE_CLOCK             ;
;   1.606 ;   0.194  ;    ; RE   ; 1      ; SCLK_TO_ROWCLK_BUF_X106_Y63_N0_I12          ; SCLK_TO_ROWCLK_BUF      ;
;   1.646 ;   0.040  ;    ; RE   ; 2      ; SCLK_TO_ROWCLK_BUF_X106_Y63_N0_I15          ; SCLK_TO_ROWCLK_BUF      ;
;   1.849 ;   0.203  ;    ; RE   ; 6      ; LAB_CLK_X107_Y63_N0_I2                      ; LAB_CLK                 ;
;   1.913 ;   0.064  ;    ; RE   ; 1      ; BLK_CLK_BUF_X120_Y63_N0_I2                  ; BLK_CLK_BUF             ;
;   1.929 ;   0.016  ;    ; RE   ; 1      ; ROWCLKSEL_PREBUF_X120_Y63_N0_I2             ; ROWCLKSEL_PREBUF        ;
;   1.946 ;   0.017  ;    ; RE   ; 1      ; ROWCLKSEL_X120_Y63_N0_I1                    ; ROWCLKSEL               ;
;   1.946 ;   0.000  ;    ; RE   ; 3      ; GLOBAL_LOCAL_SEL_X120_Y63_N0_I1             ; GLOBAL_LOCAL_SEL        ;
;   1.946 ;   0.000  ;    ; RE   ; 1      ; LAB_INPUT_X120_Y63_N0_I0                    ; LAB_INPUT               ;
;   1.946 ;   0.000  ; RR ; IC   ; 1      ; FF_X120_Y63_N13                             ; host_rdata[2]~reg0|clk  ;
;   2.154 ;   0.208  ; RR ; CELL ; 1      ; FF_X120_Y63_N13                             ; host_rdata[2]~reg0      ;
; 4.117   ; 1.963    ;    ;      ;        ;                                             ; data path               ;
;   2.154 ;   0.000  ;    ; uTco ; 1      ; FF_X120_Y63_N13                             ; host_rdata[2]~reg0      ;
;   2.154 ;   0.000  ; RR ; CELL ; 1      ; FF_X120_Y63_N13                             ; host_rdata[2]~reg0|q    ;
;   2.172 ;   0.018  ;    ; RE   ; 1      ; FF_X120_Y63_N13                             ; ARRIAV_FF               ;
;   2.211 ;   0.039  ;    ; RE   ; 1      ; LE_BUFFER_X120_Y63_N0_I8                    ; LE_BUFFER               ;
;   2.252 ;   0.041  ;    ; RE   ; 1      ; LOCAL_INTERCONNECT_X121_Y63_N0_I4           ; LAB_LINE                ;
;   2.276 ;   0.024  ;    ; RE   ; 1      ; BLOCK_INPUT_MUX_PASSTHROUGH_X121_Y63_N0_I29 ; LEIM                    ;
;   2.416 ;   0.140  ;    ; RE   ; 1      ; IO_RE_X121_Y63_N37_I1                       ; IO_RE                   ;
;   2.416 ;   0.000  ;    ; RE   ; 1      ; IO_OUTPUT_PATH_RE_X121_Y63_N45_I1           ; IO_OUTPUT_PATH_RE       ;
;   2.416 ;   0.000  ;    ; RE   ; 1      ; IO_OUTPUT_PATH_RE_X121_Y63_N45_I18          ; IO_OUTPUT_PATH_RE       ;
;   2.416 ;   0.000  ;    ; RE   ; 1      ; IO_OUTPUT_PATH_RE_X121_Y63_N45_I17          ; IO_OUTPUT_PATH_RE       ;
;   2.416 ;   0.000  ;    ; RE   ; 1      ; IO_RE_X121_Y63_N37_I95                      ; IO_RE                   ;
;   2.416 ;   0.000  ;    ; RE   ; 1      ; IO_OUTPUT_BUFFER_INPUT_X121_Y63_N39_I0      ; IO_OUTPUT_BUFFER_INPUT  ;
;   2.415 ;   -0.001 ; RR ; IC   ; 1      ; IOOBUF_X121_Y63_N39                         ; host_rdata[2]~output|i  ;
;   4.117 ;   1.702  ; RR ; CELL ; 1      ; IOOBUF_X121_Y63_N39                         ; host_rdata[2]~output|o  ;
;   4.117 ;   0.000  ; RR ; CELL ; 0      ; PIN_V33                                     ; host_rdata[2]           ;
+---------+----------+----+------+--------+---------------------------------------------+-------------------------+

+--------------------------------------------------------------------------+
; Data Required Path                                                       ;
+----------+---------+----+------+--------+----------+---------------------+
; Total    ; Incr    ; RF ; Type ; Fanout ; Location ; Element             ;
+----------+---------+----+------+--------+----------+---------------------+
; 10.000   ; 10.000  ;    ;      ;        ;          ; latch edge time     ;
; 10.000   ; 0.000   ;    ;      ;        ;          ; clock path          ;
;   10.000 ;   0.000 ; R  ;      ;        ;          ; clock network delay ;
; 9.900    ; -0.100  ;    ;      ;        ;          ; clock uncertainty   ;
; 7.900    ; -2.000  ; R  ; oExt ; 0      ; PIN_V33  ; host_rdata[2]       ;
+----------+---------+----+------+--------+----------+---------------------+

----------------------------
; Extra Fitter Information ;
----------------------------
HTML report is unavailable in plain text report export.


Path #30: Setup slack is 3.785 
===============================================================================
+-----------------------------------------+
; Path Summary                            ;
+--------------------+--------------------+
; Property           ; Value              ;
+--------------------+--------------------+
; From Node          ; host_rdata[7]~reg0 ;
; To Node            ; host_rdata[7]      ;
; Launch Clock       ; clk                ;
; Latch Clock        ; clk                ;
; Data Arrival Time  ; 4.115              ;
; Data Required Time ; 7.900              ;
; Slack              ; 3.785              ;
+--------------------+--------------------+

+---------------------------------------------------------------------------------------+
; Statistics                                                                            ;
+---------------------------+--------+-------+-------------+------------+-------+-------+
; Property                  ; Value  ; Count ; Total Delay ; % of Total ; Min   ; Max   ;
+---------------------------+--------+-------+-------------+------------+-------+-------+
; Setup Relationship        ; 10.000 ;       ;             ;            ;       ;       ;
; Clock Skew                ; -2.154 ;       ;             ;            ;       ;       ;
; Data Delay                ; 1.961  ;       ;             ;            ;       ;       ;
; Number of Logic Levels    ;        ; 0     ;             ;            ;       ;       ;
; Physical Delays           ;        ;       ;             ;            ;       ;       ;
;  Arrival Path             ;        ;       ;             ;            ;       ;       ;
;   Clock                   ;        ;       ;             ;            ;       ;       ;
;    IC                     ;        ; 3     ; 0.000       ; 0          ; 0.000 ; 0.000 ;
;    Cell                   ;        ; 3     ; 0.763       ; 35         ; 0.149 ; 0.406 ;
;    Routing Element        ;        ; 25    ; 1.391       ; 65         ; 0.000 ; 0.503 ;
;   Data                    ;        ;       ;             ;            ;       ;       ;
;    IC                     ;        ; 1     ; 0.000       ; 0          ; 0.000 ; 0.000 ;
;    Cell                   ;        ; 3     ; 1.702       ; 87         ; 0.000 ; 1.702 ;
;    uTco                   ;        ; 1     ; 0.000       ; 0          ; 0.000 ; 0.000 ;
;    Routing Element        ;        ; 10    ; 0.259       ; 13         ; 0.000 ; 0.132 ;
;  Required Path            ;        ;       ;             ;            ;       ;       ;
;   Clock                   ;        ;       ;             ;            ;       ;       ;
;    Clock Network (Lumped) ;        ; 1     ; 0.000       ;            ; 0.000 ; 0.000 ;
+---------------------------+--------+-------+-------------+------------+-------+-------+
Note: Negative delays are omitted from totals when calculating percentages

+----------------------------------------------------------------------------------------------------------------+
; Data Arrival Path                                                                                              ;
+---------+---------+----+------+--------+---------------------------------------------+-------------------------+
; Total   ; Incr    ; RF ; Type ; Fanout ; Location                                    ; Element                 ;
+---------+---------+----+------+--------+---------------------------------------------+-------------------------+
; 0.000   ; 0.000   ;    ;      ;        ;                                             ; launch edge time        ;
; 2.154   ; 2.154   ;    ;      ;        ;                                             ; clock path              ;
;   0.000 ;   0.000 ;    ;      ;        ;                                             ; source latency          ;
;   0.000 ;   0.000 ;    ;      ; 1      ; PIN_AC18                                    ; clk                     ;
;   0.000 ;   0.000 ;    ; RE   ; 1      ; IOPAD_X54_Y0_N0                             ; ARRIAV_IO_PAD           ;
;   0.000 ;   0.000 ;    ; RE   ; 1      ; IO_PAD_OUTPUT_X54_Y0_N0_I1                  ; IO_PAD_OUTPUT           ;
;   0.000 ;   0.000 ;    ; RE   ; 1      ; IO_INPUT_BUFFER_INPUT_X54_Y0_N1_I0          ; IO_INPUT_BUFFER_INPUT   ;
;   0.000 ;   0.000 ; RR ; IC   ; 1      ; IOIBUF_X54_Y0_N1                            ; clk~input|i             ;
;   0.406 ;   0.406 ; RR ; CELL ; 1      ; IOIBUF_X54_Y0_N1                            ; clk~input|o             ;
;   0.406 ;   0.000 ;    ; RE   ; 1      ; IOIBUF_X54_Y0_N1                            ; ARRIAV_IO_IBUF          ;
;   0.406 ;   0.000 ;    ; RE   ; 1      ; IO_INPUT_BUFFER_OUTPUT_X54_Y0_N1_I2         ; IO_INPUT_BUFFER_OUTPUT  ;
;   0.406 ;   0.000 ;    ; RE   ; 1      ; IO_RE_X54_Y0_N0_I96                         ; IO_RE                   ;
;   0.541 ;   0.135 ;    ; RE   ; 1      ; IO_RE_X54_Y0_N0_I66                         ; IO_RE                   ;
;   0.622 ;   0.081 ;    ; RE   ; 1      ; CLKBUF_CLUSTER_RE_X58_Y0_N0_I1614           ; CLKBUF_CLUSTER_RE       ;
;   0.622 ;   0.000 ;    ; RE   ; 1      ; CLKBUF_CLUSTER_RE_X58_Y0_N0_I616            ; CLKBUF_CLUSTER_RE       ;
;   0.622 ;   0.000 ;    ; RE   ; 1      ; GCLK_CLUSTER_RE_X58_Y0_N6_I10               ; GCLK_CLUSTER_RE         ;
;   0.622 ;   0.000 ;    ; RE   ; 1      ; CLKBUFBLOCK_INPUT_X58_Y0_N7_I0              ; CLKBUFBLOCK_INPUT       ;
;   0.622 ;   0.000 ; RR ; IC   ; 1      ; CLKCTRL_G6                                  ; clk~inputCLKENA0|inclk  ;
;   0.771 ;   0.149 ; RR ; CELL ; 37157  ; CLKCTRL_G6                                  ; clk~inputCLKENA0|outclk ;
;   0.771 ;   0.000 ;    ; RE   ; 1      ; CLKCTRL_G6                                  ; ARRIAV_CLKBUF           ;
;   0.771 ;   0.000 ;    ; RE   ; 1      ; CLKBUFBLOCK_OUTPUT_X58_Y0_N7_I2             ; CLKBUFBLOCK_OUTPUT      ;
;   0.771 ;   0.000 ;    ; RE   ; 1      ; GCLK_CLUSTER_RE_X58_Y0_N6_I12               ; GCLK_CLUSTER_RE         ;
;   0.771 ;   0.000 ;    ; RE   ; 1      ; CLKBUF_CLUSTER_RE_X58_Y0_N0_I417            ; CLKBUF_CLUSTER_RE       ;
;   1.274 ;   0.503 ;    ; RE   ; 16     ; GLOBAL_CLOCK_X0_Y58_N0_I6                   ; GLOBAL_CLOCK            ;
;   1.412 ;   0.138 ;    ; RE   ; 29     ; SPINE_CLOCK_X106_Y59_N0_I2                  ; SPINE_CLOCK             ;
;   1.606 ;   0.194 ;    ; RE   ; 1      ; SCLK_TO_ROWCLK_BUF_X106_Y64_N0_I12          ; SCLK_TO_ROWCLK_BUF      ;
;   1.646 ;   0.040 ;    ; RE   ; 2      ; SCLK_TO_ROWCLK_BUF_X106_Y64_N0_I15          ; SCLK_TO_ROWCLK_BUF      ;
;   1.849 ;   0.203 ;    ; RE   ; 6      ; LAB_CLK_X107_Y64_N0_I2                      ; LAB_CLK                 ;
;   1.913 ;   0.064 ;    ; RE   ; 1      ; BLK_CLK_BUF_X120_Y64_N0_I2                  ; BLK_CLK_BUF             ;
;   1.929 ;   0.016 ;    ; RE   ; 1      ; ROWCLKSEL_PREBUF_X120_Y64_N0_I2             ; ROWCLKSEL_PREBUF        ;
;   1.946 ;   0.017 ;    ; RE   ; 1      ; ROWCLKSEL_X120_Y64_N0_I1                    ; ROWCLKSEL               ;
;   1.946 ;   0.000 ;    ; RE   ; 3      ; GLOBAL_LOCAL_SEL_X120_Y64_N0_I1             ; GLOBAL_LOCAL_SEL        ;
;   1.946 ;   0.000 ;    ; RE   ; 4      ; LAB_INPUT_X120_Y64_N0_I0                    ; LAB_INPUT               ;
;   1.946 ;   0.000 ; RR ; IC   ; 1      ; FF_X120_Y64_N13                             ; host_rdata[7]~reg0|clk  ;
;   2.154 ;   0.208 ; RR ; CELL ; 1      ; FF_X120_Y64_N13                             ; host_rdata[7]~reg0      ;
; 4.115   ; 1.961   ;    ;      ;        ;                                             ; data path               ;
;   2.154 ;   0.000 ;    ; uTco ; 1      ; FF_X120_Y64_N13                             ; host_rdata[7]~reg0      ;
;   2.154 ;   0.000 ; RR ; CELL ; 1      ; FF_X120_Y64_N13                             ; host_rdata[7]~reg0|q    ;
;   2.177 ;   0.023 ;    ; RE   ; 1      ; FF_X120_Y64_N13                             ; ARRIAV_FF               ;
;   2.216 ;   0.039 ;    ; RE   ; 1      ; LE_BUFFER_X120_Y64_N0_I8                    ; LE_BUFFER               ;
;   2.257 ;   0.041 ;    ; RE   ; 1      ; LOCAL_INTERCONNECT_X121_Y64_N0_I4           ; LAB_LINE                ;
;   2.281 ;   0.024 ;    ; RE   ; 1      ; BLOCK_INPUT_MUX_PASSTHROUGH_X121_Y64_N0_I29 ; LEIM                    ;
;   2.413 ;   0.132 ;    ; RE   ; 1      ; IO_RE_X121_Y64_N37_I1                       ; IO_RE                   ;
;   2.413 ;   0.000 ;    ; RE   ; 1      ; IO_OUTPUT_PATH_RE_X121_Y64_N45_I1           ; IO_OUTPUT_PATH_RE       ;
;   2.413 ;   0.000 ;    ; RE   ; 1      ; IO_OUTPUT_PATH_RE_X121_Y64_N45_I18          ; IO_OUTPUT_PATH_RE       ;
;   2.413 ;   0.000 ;    ; RE   ; 1      ; IO_OUTPUT_PATH_RE_X121_Y64_N45_I17          ; IO_OUTPUT_PATH_RE       ;
;   2.413 ;   0.000 ;    ; RE   ; 1      ; IO_RE_X121_Y64_N37_I95                      ; IO_RE                   ;
;   2.413 ;   0.000 ;    ; RE   ; 1      ; IO_OUTPUT_BUFFER_INPUT_X121_Y64_N39_I0      ; IO_OUTPUT_BUFFER_INPUT  ;
;   2.413 ;   0.000 ; RR ; IC   ; 1      ; IOOBUF_X121_Y64_N39                         ; host_rdata[7]~output|i  ;
;   4.115 ;   1.702 ; RR ; CELL ; 1      ; IOOBUF_X121_Y64_N39                         ; host_rdata[7]~output|o  ;
;   4.115 ;   0.000 ; RR ; CELL ; 0      ; PIN_U34                                     ; host_rdata[7]           ;
+---------+---------+----+------+--------+---------------------------------------------+-------------------------+

+--------------------------------------------------------------------------+
; Data Required Path                                                       ;
+----------+---------+----+------+--------+----------+---------------------+
; Total    ; Incr    ; RF ; Type ; Fanout ; Location ; Element             ;
+----------+---------+----+------+--------+----------+---------------------+
; 10.000   ; 10.000  ;    ;      ;        ;          ; latch edge time     ;
; 10.000   ; 0.000   ;    ;      ;        ;          ; clock path          ;
;   10.000 ;   0.000 ; R  ;      ;        ;          ; clock network delay ;
; 9.900    ; -0.100  ;    ;      ;        ;          ; clock uncertainty   ;
; 7.900    ; -2.000  ; R  ; oExt ; 0      ; PIN_U34  ; host_rdata[7]       ;
+----------+---------+----+------+--------+----------+---------------------+

----------------------------
; Extra Fitter Information ;
----------------------------
HTML report is unavailable in plain text report export.


Path #31: Setup slack is 3.788 
===============================================================================
+------------------------------------------+
; Path Summary                             ;
+--------------------+---------------------+
; Property           ; Value               ;
+--------------------+---------------------+
; From Node          ; instr_debug[9]~reg0 ;
; To Node            ; instr_debug[9]      ;
; Launch Clock       ; clk                 ;
; Latch Clock        ; clk                 ;
; Data Arrival Time  ; 4.112               ;
; Data Required Time ; 7.900               ;
; Slack              ; 3.788               ;
+--------------------+---------------------+

+---------------------------------------------------------------------------------------+
; Statistics                                                                            ;
+---------------------------+--------+-------+-------------+------------+-------+-------+
; Property                  ; Value  ; Count ; Total Delay ; % of Total ; Min   ; Max   ;
+---------------------------+--------+-------+-------------+------------+-------+-------+
; Setup Relationship        ; 10.000 ;       ;             ;            ;       ;       ;
; Clock Skew                ; -2.552 ;       ;             ;            ;       ;       ;
; Data Delay                ; 1.560  ;       ;             ;            ;       ;       ;
; Number of Logic Levels    ;        ; 0     ;             ;            ;       ;       ;
; Physical Delays           ;        ;       ;             ;            ;       ;       ;
;  Arrival Path             ;        ;       ;             ;            ;       ;       ;
;   Clock                   ;        ;       ;             ;            ;       ;       ;
;    IC                     ;        ; 3     ; 0.000       ; 0          ; 0.000 ; 0.000 ;
;    Cell                   ;        ; 3     ; 0.925       ; 36         ; 0.149 ; 0.406 ;
;    Routing Element        ;        ; 31    ; 1.627       ; 64         ; 0.000 ; 0.506 ;
;   Data                    ;        ;       ;             ;            ;       ;       ;
;    IC                     ;        ; 1     ; 0.000       ; 0          ; 0.000 ; 0.000 ;
;    Cell                   ;        ; 3     ; 1.560       ; 100        ; 0.000 ; 1.316 ;
;    uTco                   ;        ; 1     ; 0.000       ; 0          ; 0.000 ; 0.000 ;
;    Routing Element        ;        ; 6     ; 0.000       ; 0          ; 0.000 ; 0.000 ;
;  Required Path            ;        ;       ;             ;            ;       ;       ;
;   Clock                   ;        ;       ;             ;            ;       ;       ;
;    Clock Network (Lumped) ;        ; 1     ; 0.000       ;            ; 0.000 ; 0.000 ;
+---------------------------+--------+-------+-------------+------------+-------+-------+
Note: Negative delays are omitted from totals when calculating percentages

+---------------------------------------------------------------------------------------------------------------+
; Data Arrival Path                                                                                             ;
+---------+---------+----+------+--------+-------------------------------------------+--------------------------+
; Total   ; Incr    ; RF ; Type ; Fanout ; Location                                  ; Element                  ;
+---------+---------+----+------+--------+-------------------------------------------+--------------------------+
; 0.000   ; 0.000   ;    ;      ;        ;                                           ; launch edge time         ;
; 2.552   ; 2.552   ;    ;      ;        ;                                           ; clock path               ;
;   0.000 ;   0.000 ;    ;      ;        ;                                           ; source latency           ;
;   0.000 ;   0.000 ;    ;      ; 1      ; PIN_AC18                                  ; clk                      ;
;   0.000 ;   0.000 ;    ; RE   ; 1      ; IOPAD_X54_Y0_N0                           ; ARRIAV_IO_PAD            ;
;   0.000 ;   0.000 ;    ; RE   ; 1      ; IO_PAD_OUTPUT_X54_Y0_N0_I1                ; IO_PAD_OUTPUT            ;
;   0.000 ;   0.000 ;    ; RE   ; 1      ; IO_INPUT_BUFFER_INPUT_X54_Y0_N1_I0        ; IO_INPUT_BUFFER_INPUT    ;
;   0.000 ;   0.000 ; RR ; IC   ; 1      ; IOIBUF_X54_Y0_N1                          ; clk~input|i              ;
;   0.406 ;   0.406 ; RR ; CELL ; 1      ; IOIBUF_X54_Y0_N1                          ; clk~input|o              ;
;   0.406 ;   0.000 ;    ; RE   ; 1      ; IOIBUF_X54_Y0_N1                          ; ARRIAV_IO_IBUF           ;
;   0.406 ;   0.000 ;    ; RE   ; 1      ; IO_INPUT_BUFFER_OUTPUT_X54_Y0_N1_I2       ; IO_INPUT_BUFFER_OUTPUT   ;
;   0.406 ;   0.000 ;    ; RE   ; 1      ; IO_RE_X54_Y0_N0_I96                       ; IO_RE                    ;
;   0.541 ;   0.135 ;    ; RE   ; 1      ; IO_RE_X54_Y0_N0_I66                       ; IO_RE                    ;
;   0.622 ;   0.081 ;    ; RE   ; 1      ; CLKBUF_CLUSTER_RE_X58_Y0_N0_I1614         ; CLKBUF_CLUSTER_RE        ;
;   0.622 ;   0.000 ;    ; RE   ; 1      ; CLKBUF_CLUSTER_RE_X58_Y0_N0_I616          ; CLKBUF_CLUSTER_RE        ;
;   0.622 ;   0.000 ;    ; RE   ; 1      ; GCLK_CLUSTER_RE_X58_Y0_N6_I10             ; GCLK_CLUSTER_RE          ;
;   0.622 ;   0.000 ;    ; RE   ; 1      ; CLKBUFBLOCK_INPUT_X58_Y0_N7_I0            ; CLKBUFBLOCK_INPUT        ;
;   0.622 ;   0.000 ; RR ; IC   ; 1      ; CLKCTRL_G6                                ; clk~inputCLKENA0|inclk   ;
;   0.771 ;   0.149 ; RR ; CELL ; 37157  ; CLKCTRL_G6                                ; clk~inputCLKENA0|outclk  ;
;   0.771 ;   0.000 ;    ; RE   ; 1      ; CLKCTRL_G6                                ; ARRIAV_CLKBUF            ;
;   0.771 ;   0.000 ;    ; RE   ; 1      ; CLKBUFBLOCK_OUTPUT_X58_Y0_N7_I2           ; CLKBUFBLOCK_OUTPUT       ;
;   0.771 ;   0.000 ;    ; RE   ; 1      ; GCLK_CLUSTER_RE_X58_Y0_N6_I12             ; GCLK_CLUSTER_RE          ;
;   0.771 ;   0.000 ;    ; RE   ; 1      ; CLKBUF_CLUSTER_RE_X58_Y0_N0_I417          ; CLKBUF_CLUSTER_RE        ;
;   1.277 ;   0.506 ;    ; RE   ; 16     ; GLOBAL_CLOCK_X0_Y58_N0_I6                 ; GLOBAL_CLOCK             ;
;   1.400 ;   0.123 ;    ; RE   ; 29     ; SPINE_CLOCK_X106_Y30_N0_I2                ; SPINE_CLOCK              ;
;   1.594 ;   0.194 ;    ; RE   ; 1      ; SCLK_TO_ROWCLK_BUF_X106_Y46_N0_I12        ; SCLK_TO_ROWCLK_BUF       ;
;   1.634 ;   0.040 ;    ; RE   ; 2      ; SCLK_TO_ROWCLK_BUF_X106_Y46_N0_I15        ; SCLK_TO_ROWCLK_BUF       ;
;   1.837 ;   0.203 ;    ; RE   ; 11     ; LAB_CLK_X107_Y46_N0_I2                    ; LAB_CLK                  ;
;   1.910 ;   0.073 ;    ; RE   ; 1      ; BLK_CLK_BUF_X121_Y46_N0_I2                ; BLK_CLK_BUF              ;
;   1.965 ;   0.055 ;    ; RE   ; 2      ; BLK_CLK_LIM_X121_Y46_N0_I2                ; BLK_CLK_LIM              ;
;   2.031 ;   0.066 ;    ; RE   ; 2      ; LOCAL_INTERCONNECT_X121_Y46_N0_I26        ; LAB_LINE                 ;
;   2.058 ;   0.027 ;    ; RE   ; 1      ; LEIMC_X121_Y46_N0_I0                      ; LEIMC                    ;
;   2.058 ;   0.000 ;    ; RE   ; 1      ; GLOBAL_LOCAL_SEL_X121_Y46_N0_I0           ; GLOBAL_LOCAL_SEL         ;
;   2.182 ;   0.124 ;    ; RE   ; 1      ; IO_RE_X121_Y46_N54_I11                    ; IO_RE                    ;
;   2.182 ;   0.000 ;    ; RE   ; 1      ; IO_OUTPUT_ENABLE_PATH_RE_X121_Y46_N58_I6  ; IO_OUTPUT_ENABLE_PATH_RE ;
;   2.182 ;   0.000 ;    ; RE   ; 1      ; IO_OUTPUT_ENABLE_PATH_RE_X121_Y46_N58_I22 ; IO_OUTPUT_ENABLE_PATH_RE ;
;   2.182 ;   0.000 ;    ; RE   ; 1      ; IO_OUTPUT_ENABLE_PATH_RE_X121_Y46_N58_I14 ; IO_OUTPUT_ENABLE_PATH_RE ;
;   2.182 ;   0.000 ;    ; RE   ; 1      ; IO_OUTPUT_PATH_RE_X121_Y46_N62_I5         ; IO_OUTPUT_PATH_RE        ;
;   2.182 ;   0.000 ;    ; RE   ; 1      ; MP_DDIO_OUT_INPUT_X121_Y46_N64_I0         ; MP_DDIO_OUT_INPUT        ;
;   2.182 ;   0.000 ; RR ; IC   ; 1      ; DDIOOUTCELL_X121_Y46_N64                  ; instr_debug[9]~reg0|clk  ;
;   2.552 ;   0.370 ; RR ; CELL ; 1      ; DDIOOUTCELL_X121_Y46_N64                  ; instr_debug[9]~reg0      ;
; 4.112   ; 1.560   ;    ;      ;        ;                                           ; data path                ;
;   2.552 ;   0.000 ;    ; uTco ; 1      ; DDIOOUTCELL_X121_Y46_N64                  ; instr_debug[9]~reg0      ;
;   2.796 ;   0.244 ; RR ; CELL ; 1      ; DDIOOUTCELL_X121_Y46_N64                  ; instr_debug[9]~reg0|q    ;
;   2.796 ;   0.000 ;    ; RE   ; 1      ; DDIOOUTCELL_X121_Y46_N64                  ; ARRIAV_FF                ;
;   2.796 ;   0.000 ;    ; RE   ; 1      ; MP_DDIO_OUT_OUTPUT_X121_Y46_N64_I5        ; MP_DDIO_OUT_OUTPUT       ;
;   2.796 ;   0.000 ;    ; RE   ; 1      ; IO_OUTPUT_PATH_RE_X121_Y46_N62_I18        ; IO_OUTPUT_PATH_RE        ;
;   2.796 ;   0.000 ;    ; RE   ; 1      ; IO_OUTPUT_PATH_RE_X121_Y46_N62_I17        ; IO_OUTPUT_PATH_RE        ;
;   2.796 ;   0.000 ;    ; RE   ; 1      ; IO_RE_X121_Y46_N54_I95                    ; IO_RE                    ;
;   2.796 ;   0.000 ;    ; RE   ; 1      ; IO_OUTPUT_BUFFER_INPUT_X121_Y46_N56_I0    ; IO_OUTPUT_BUFFER_INPUT   ;
;   2.796 ;   0.000 ; RR ; IC   ; 1      ; IOOBUF_X121_Y46_N56                       ; instr_debug[9]~output|i  ;
;   4.112 ;   1.316 ; RR ; CELL ; 1      ; IOOBUF_X121_Y46_N56                       ; instr_debug[9]~output|o  ;
;   4.112 ;   0.000 ; RR ; CELL ; 0      ; PIN_AD32                                  ; instr_debug[9]           ;
+---------+---------+----+------+--------+-------------------------------------------+--------------------------+

+--------------------------------------------------------------------------+
; Data Required Path                                                       ;
+----------+---------+----+------+--------+----------+---------------------+
; Total    ; Incr    ; RF ; Type ; Fanout ; Location ; Element             ;
+----------+---------+----+------+--------+----------+---------------------+
; 10.000   ; 10.000  ;    ;      ;        ;          ; latch edge time     ;
; 10.000   ; 0.000   ;    ;      ;        ;          ; clock path          ;
;   10.000 ;   0.000 ; R  ;      ;        ;          ; clock network delay ;
; 9.900    ; -0.100  ;    ;      ;        ;          ; clock uncertainty   ;
; 7.900    ; -2.000  ; R  ; oExt ; 0      ; PIN_AD32 ; instr_debug[9]      ;
+----------+---------+----+------+--------+----------+---------------------+

----------------------------
; Extra Fitter Information ;
----------------------------
HTML report is unavailable in plain text report export.


Path #32: Setup slack is 3.800 
===============================================================================
+-----------------------------------------+
; Path Summary                            ;
+--------------------+--------------------+
; Property           ; Value              ;
+--------------------+--------------------+
; From Node          ; host_rdata[1]~reg0 ;
; To Node            ; host_rdata[1]      ;
; Launch Clock       ; clk                ;
; Latch Clock        ; clk                ;
; Data Arrival Time  ; 4.100              ;
; Data Required Time ; 7.900              ;
; Slack              ; 3.800              ;
+--------------------+--------------------+

+---------------------------------------------------------------------------------------+
; Statistics                                                                            ;
+---------------------------+--------+-------+-------------+------------+-------+-------+
; Property                  ; Value  ; Count ; Total Delay ; % of Total ; Min   ; Max   ;
+---------------------------+--------+-------+-------------+------------+-------+-------+
; Setup Relationship        ; 10.000 ;       ;             ;            ;       ;       ;
; Clock Skew                ; -2.154 ;       ;             ;            ;       ;       ;
; Data Delay                ; 1.946  ;       ;             ;            ;       ;       ;
; Number of Logic Levels    ;        ; 0     ;             ;            ;       ;       ;
; Physical Delays           ;        ;       ;             ;            ;       ;       ;
;  Arrival Path             ;        ;       ;             ;            ;       ;       ;
;   Clock                   ;        ;       ;             ;            ;       ;       ;
;    IC                     ;        ; 3     ; 0.000       ; 0          ; 0.000 ; 0.000 ;
;    Cell                   ;        ; 3     ; 0.763       ; 35         ; 0.149 ; 0.406 ;
;    Routing Element        ;        ; 25    ; 1.391       ; 65         ; 0.000 ; 0.503 ;
;   Data                    ;        ;       ;             ;            ;       ;       ;
;    IC                     ;        ; 1     ; 0.000       ; 0          ; 0.000 ; 0.000 ;
;    Cell                   ;        ; 3     ; 1.689       ; 87         ; 0.000 ; 1.689 ;
;    uTco                   ;        ; 1     ; 0.000       ; 0          ; 0.000 ; 0.000 ;
;    Routing Element        ;        ; 10    ; 0.257       ; 13         ; 0.000 ; 0.132 ;
;  Required Path            ;        ;       ;             ;            ;       ;       ;
;   Clock                   ;        ;       ;             ;            ;       ;       ;
;    Clock Network (Lumped) ;        ; 1     ; 0.000       ;            ; 0.000 ; 0.000 ;
+---------------------------+--------+-------+-------------+------------+-------+-------+
Note: Negative delays are omitted from totals when calculating percentages

+----------------------------------------------------------------------------------------------------------------+
; Data Arrival Path                                                                                              ;
+---------+---------+----+------+--------+---------------------------------------------+-------------------------+
; Total   ; Incr    ; RF ; Type ; Fanout ; Location                                    ; Element                 ;
+---------+---------+----+------+--------+---------------------------------------------+-------------------------+
; 0.000   ; 0.000   ;    ;      ;        ;                                             ; launch edge time        ;
; 2.154   ; 2.154   ;    ;      ;        ;                                             ; clock path              ;
;   0.000 ;   0.000 ;    ;      ;        ;                                             ; source latency          ;
;   0.000 ;   0.000 ;    ;      ; 1      ; PIN_AC18                                    ; clk                     ;
;   0.000 ;   0.000 ;    ; RE   ; 1      ; IOPAD_X54_Y0_N0                             ; ARRIAV_IO_PAD           ;
;   0.000 ;   0.000 ;    ; RE   ; 1      ; IO_PAD_OUTPUT_X54_Y0_N0_I1                  ; IO_PAD_OUTPUT           ;
;   0.000 ;   0.000 ;    ; RE   ; 1      ; IO_INPUT_BUFFER_INPUT_X54_Y0_N1_I0          ; IO_INPUT_BUFFER_INPUT   ;
;   0.000 ;   0.000 ; RR ; IC   ; 1      ; IOIBUF_X54_Y0_N1                            ; clk~input|i             ;
;   0.406 ;   0.406 ; RR ; CELL ; 1      ; IOIBUF_X54_Y0_N1                            ; clk~input|o             ;
;   0.406 ;   0.000 ;    ; RE   ; 1      ; IOIBUF_X54_Y0_N1                            ; ARRIAV_IO_IBUF          ;
;   0.406 ;   0.000 ;    ; RE   ; 1      ; IO_INPUT_BUFFER_OUTPUT_X54_Y0_N1_I2         ; IO_INPUT_BUFFER_OUTPUT  ;
;   0.406 ;   0.000 ;    ; RE   ; 1      ; IO_RE_X54_Y0_N0_I96                         ; IO_RE                   ;
;   0.541 ;   0.135 ;    ; RE   ; 1      ; IO_RE_X54_Y0_N0_I66                         ; IO_RE                   ;
;   0.622 ;   0.081 ;    ; RE   ; 1      ; CLKBUF_CLUSTER_RE_X58_Y0_N0_I1614           ; CLKBUF_CLUSTER_RE       ;
;   0.622 ;   0.000 ;    ; RE   ; 1      ; CLKBUF_CLUSTER_RE_X58_Y0_N0_I616            ; CLKBUF_CLUSTER_RE       ;
;   0.622 ;   0.000 ;    ; RE   ; 1      ; GCLK_CLUSTER_RE_X58_Y0_N6_I10               ; GCLK_CLUSTER_RE         ;
;   0.622 ;   0.000 ;    ; RE   ; 1      ; CLKBUFBLOCK_INPUT_X58_Y0_N7_I0              ; CLKBUFBLOCK_INPUT       ;
;   0.622 ;   0.000 ; RR ; IC   ; 1      ; CLKCTRL_G6                                  ; clk~inputCLKENA0|inclk  ;
;   0.771 ;   0.149 ; RR ; CELL ; 37157  ; CLKCTRL_G6                                  ; clk~inputCLKENA0|outclk ;
;   0.771 ;   0.000 ;    ; RE   ; 1      ; CLKCTRL_G6                                  ; ARRIAV_CLKBUF           ;
;   0.771 ;   0.000 ;    ; RE   ; 1      ; CLKBUFBLOCK_OUTPUT_X58_Y0_N7_I2             ; CLKBUFBLOCK_OUTPUT      ;
;   0.771 ;   0.000 ;    ; RE   ; 1      ; GCLK_CLUSTER_RE_X58_Y0_N6_I12               ; GCLK_CLUSTER_RE         ;
;   0.771 ;   0.000 ;    ; RE   ; 1      ; CLKBUF_CLUSTER_RE_X58_Y0_N0_I417            ; CLKBUF_CLUSTER_RE       ;
;   1.274 ;   0.503 ;    ; RE   ; 16     ; GLOBAL_CLOCK_X0_Y58_N0_I6                   ; GLOBAL_CLOCK            ;
;   1.412 ;   0.138 ;    ; RE   ; 29     ; SPINE_CLOCK_X106_Y59_N0_I2                  ; SPINE_CLOCK             ;
;   1.606 ;   0.194 ;    ; RE   ; 1      ; SCLK_TO_ROWCLK_BUF_X106_Y64_N0_I12          ; SCLK_TO_ROWCLK_BUF      ;
;   1.646 ;   0.040 ;    ; RE   ; 2      ; SCLK_TO_ROWCLK_BUF_X106_Y64_N0_I15          ; SCLK_TO_ROWCLK_BUF      ;
;   1.849 ;   0.203 ;    ; RE   ; 6      ; LAB_CLK_X107_Y64_N0_I2                      ; LAB_CLK                 ;
;   1.913 ;   0.064 ;    ; RE   ; 1      ; BLK_CLK_BUF_X120_Y64_N0_I2                  ; BLK_CLK_BUF             ;
;   1.929 ;   0.016 ;    ; RE   ; 1      ; ROWCLKSEL_PREBUF_X120_Y64_N0_I2             ; ROWCLKSEL_PREBUF        ;
;   1.946 ;   0.017 ;    ; RE   ; 1      ; ROWCLKSEL_X120_Y64_N0_I1                    ; ROWCLKSEL               ;
;   1.946 ;   0.000 ;    ; RE   ; 3      ; GLOBAL_LOCAL_SEL_X120_Y64_N0_I1             ; GLOBAL_LOCAL_SEL        ;
;   1.946 ;   0.000 ;    ; RE   ; 4      ; LAB_INPUT_X120_Y64_N0_I0                    ; LAB_INPUT               ;
;   1.946 ;   0.000 ; RR ; IC   ; 1      ; FF_X120_Y64_N43                             ; host_rdata[1]~reg0|clk  ;
;   2.154 ;   0.208 ; RR ; CELL ; 1      ; FF_X120_Y64_N43                             ; host_rdata[1]~reg0      ;
; 4.100   ; 1.946   ;    ;      ;        ;                                             ; data path               ;
;   2.154 ;   0.000 ;    ; uTco ; 1      ; FF_X120_Y64_N43                             ; host_rdata[1]~reg0      ;
;   2.154 ;   0.000 ; RR ; CELL ; 1      ; FF_X120_Y64_N43                             ; host_rdata[1]~reg0|q    ;
;   2.177 ;   0.023 ;    ; RE   ; 1      ; FF_X120_Y64_N43                             ; ARRIAV_FF               ;
;   2.215 ;   0.038 ;    ; RE   ; 1      ; LE_BUFFER_X120_Y64_N0_I28                   ; LE_BUFFER               ;
;   2.255 ;   0.040 ;    ; RE   ; 1      ; LOCAL_INTERCONNECT_X121_Y64_N0_I14          ; LAB_LINE                ;
;   2.279 ;   0.024 ;    ; RE   ; 1      ; BLOCK_INPUT_MUX_PASSTHROUGH_X121_Y64_N0_I19 ; LEIM                    ;
;   2.411 ;   0.132 ;    ; RE   ; 1      ; IO_RE_X121_Y64_N54_I1                       ; IO_RE                   ;
;   2.411 ;   0.000 ;    ; RE   ; 1      ; IO_OUTPUT_PATH_RE_X121_Y64_N62_I1           ; IO_OUTPUT_PATH_RE       ;
;   2.411 ;   0.000 ;    ; RE   ; 1      ; IO_OUTPUT_PATH_RE_X121_Y64_N62_I18          ; IO_OUTPUT_PATH_RE       ;
;   2.411 ;   0.000 ;    ; RE   ; 1      ; IO_OUTPUT_PATH_RE_X121_Y64_N62_I17          ; IO_OUTPUT_PATH_RE       ;
;   2.411 ;   0.000 ;    ; RE   ; 1      ; IO_RE_X121_Y64_N54_I95                      ; IO_RE                   ;
;   2.411 ;   0.000 ;    ; RE   ; 1      ; IO_OUTPUT_BUFFER_INPUT_X121_Y64_N56_I0      ; IO_OUTPUT_BUFFER_INPUT  ;
;   2.411 ;   0.000 ; RR ; IC   ; 1      ; IOOBUF_X121_Y64_N56                         ; host_rdata[1]~output|i  ;
;   4.100 ;   1.689 ; RR ; CELL ; 1      ; IOOBUF_X121_Y64_N56                         ; host_rdata[1]~output|o  ;
;   4.100 ;   0.000 ; RR ; CELL ; 0      ; PIN_U33                                     ; host_rdata[1]           ;
+---------+---------+----+------+--------+---------------------------------------------+-------------------------+

+--------------------------------------------------------------------------+
; Data Required Path                                                       ;
+----------+---------+----+------+--------+----------+---------------------+
; Total    ; Incr    ; RF ; Type ; Fanout ; Location ; Element             ;
+----------+---------+----+------+--------+----------+---------------------+
; 10.000   ; 10.000  ;    ;      ;        ;          ; latch edge time     ;
; 10.000   ; 0.000   ;    ;      ;        ;          ; clock path          ;
;   10.000 ;   0.000 ; R  ;      ;        ;          ; clock network delay ;
; 9.900    ; -0.100  ;    ;      ;        ;          ; clock uncertainty   ;
; 7.900    ; -2.000  ; R  ; oExt ; 0      ; PIN_U33  ; host_rdata[1]       ;
+----------+---------+----+------+--------+----------+---------------------+

----------------------------
; Extra Fitter Information ;
----------------------------
HTML report is unavailable in plain text report export.


Path #33: Setup slack is 3.805 
===============================================================================
+-----------------------------------------------+
; Path Summary                                  ;
+--------------------+--------------------------+
; Property           ; Value                    ;
+--------------------+--------------------------+
; From Node          ; running~reg0_Duplicate_1 ;
; To Node            ; ready                    ;
; Launch Clock       ; clk                      ;
; Latch Clock        ; clk                      ;
; Data Arrival Time  ; 4.095                    ;
; Data Required Time ; 7.900                    ;
; Slack              ; 3.805                    ;
+--------------------+--------------------------+

+---------------------------------------------------------------------------------------+
; Statistics                                                                            ;
+---------------------------+--------+-------+-------------+------------+-------+-------+
; Property                  ; Value  ; Count ; Total Delay ; % of Total ; Min   ; Max   ;
+---------------------------+--------+-------+-------------+------------+-------+-------+
; Setup Relationship        ; 10.000 ;       ;             ;            ;       ;       ;
; Clock Skew                ; -2.574 ;       ;             ;            ;       ;       ;
; Data Delay                ; 1.521  ;       ;             ;            ;       ;       ;
; Number of Logic Levels    ;        ; 0     ;             ;            ;       ;       ;
; Physical Delays           ;        ;       ;             ;            ;       ;       ;
;  Arrival Path             ;        ;       ;             ;            ;       ;       ;
;   Clock                   ;        ;       ;             ;            ;       ;       ;
;    IC                     ;        ; 3     ; 0.000       ; 0          ; 0.000 ; 0.000 ;
;    Cell                   ;        ; 3     ; 0.925       ; 36         ; 0.149 ; 0.406 ;
;    Routing Element        ;        ; 31    ; 1.649       ; 64         ; 0.000 ; 0.506 ;
;   Data                    ;        ;       ;             ;            ;       ;       ;
;    IC                     ;        ; 1     ; 0.000       ; 0          ; 0.000 ; 0.000 ;
;    Cell                   ;        ; 3     ; 1.521       ; 100        ; 0.000 ; 1.276 ;
;    uTco                   ;        ; 1     ; 0.000       ; 0          ; 0.000 ; 0.000 ;
;    Routing Element        ;        ; 6     ; 0.000       ; 0          ; 0.000 ; 0.000 ;
;  Required Path            ;        ;       ;             ;            ;       ;       ;
;   Clock                   ;        ;       ;             ;            ;       ;       ;
;    Clock Network (Lumped) ;        ; 1     ; 0.000       ;            ; 0.000 ; 0.000 ;
+---------------------------+--------+-------+-------------+------------+-------+-------+
Note: Negative delays are omitted from totals when calculating percentages

+-------------------------------------------------------------------------------------------------------------------+
; Data Arrival Path                                                                                                 ;
+---------+---------+----+------+--------+-------------------------------------------+------------------------------+
; Total   ; Incr    ; RF ; Type ; Fanout ; Location                                  ; Element                      ;
+---------+---------+----+------+--------+-------------------------------------------+------------------------------+
; 0.000   ; 0.000   ;    ;      ;        ;                                           ; launch edge time             ;
; 2.574   ; 2.574   ;    ;      ;        ;                                           ; clock path                   ;
;   0.000 ;   0.000 ;    ;      ;        ;                                           ; source latency               ;
;   0.000 ;   0.000 ;    ;      ; 1      ; PIN_AC18                                  ; clk                          ;
;   0.000 ;   0.000 ;    ; RE   ; 1      ; IOPAD_X54_Y0_N0                           ; ARRIAV_IO_PAD                ;
;   0.000 ;   0.000 ;    ; RE   ; 1      ; IO_PAD_OUTPUT_X54_Y0_N0_I1                ; IO_PAD_OUTPUT                ;
;   0.000 ;   0.000 ;    ; RE   ; 1      ; IO_INPUT_BUFFER_INPUT_X54_Y0_N1_I0        ; IO_INPUT_BUFFER_INPUT        ;
;   0.000 ;   0.000 ; RR ; IC   ; 1      ; IOIBUF_X54_Y0_N1                          ; clk~input|i                  ;
;   0.406 ;   0.406 ; RR ; CELL ; 1      ; IOIBUF_X54_Y0_N1                          ; clk~input|o                  ;
;   0.406 ;   0.000 ;    ; RE   ; 1      ; IOIBUF_X54_Y0_N1                          ; ARRIAV_IO_IBUF               ;
;   0.406 ;   0.000 ;    ; RE   ; 1      ; IO_INPUT_BUFFER_OUTPUT_X54_Y0_N1_I2       ; IO_INPUT_BUFFER_OUTPUT       ;
;   0.406 ;   0.000 ;    ; RE   ; 1      ; IO_RE_X54_Y0_N0_I96                       ; IO_RE                        ;
;   0.541 ;   0.135 ;    ; RE   ; 1      ; IO_RE_X54_Y0_N0_I66                       ; IO_RE                        ;
;   0.622 ;   0.081 ;    ; RE   ; 1      ; CLKBUF_CLUSTER_RE_X58_Y0_N0_I1614         ; CLKBUF_CLUSTER_RE            ;
;   0.622 ;   0.000 ;    ; RE   ; 1      ; CLKBUF_CLUSTER_RE_X58_Y0_N0_I616          ; CLKBUF_CLUSTER_RE            ;
;   0.622 ;   0.000 ;    ; RE   ; 1      ; GCLK_CLUSTER_RE_X58_Y0_N6_I10             ; GCLK_CLUSTER_RE              ;
;   0.622 ;   0.000 ;    ; RE   ; 1      ; CLKBUFBLOCK_INPUT_X58_Y0_N7_I0            ; CLKBUFBLOCK_INPUT            ;
;   0.622 ;   0.000 ; RR ; IC   ; 1      ; CLKCTRL_G6                                ; clk~inputCLKENA0|inclk       ;
;   0.771 ;   0.149 ; RR ; CELL ; 37157  ; CLKCTRL_G6                                ; clk~inputCLKENA0|outclk      ;
;   0.771 ;   0.000 ;    ; RE   ; 1      ; CLKCTRL_G6                                ; ARRIAV_CLKBUF                ;
;   0.771 ;   0.000 ;    ; RE   ; 1      ; CLKBUFBLOCK_OUTPUT_X58_Y0_N7_I2           ; CLKBUFBLOCK_OUTPUT           ;
;   0.771 ;   0.000 ;    ; RE   ; 1      ; GCLK_CLUSTER_RE_X58_Y0_N6_I12             ; GCLK_CLUSTER_RE              ;
;   0.771 ;   0.000 ;    ; RE   ; 1      ; CLKBUF_CLUSTER_RE_X58_Y0_N0_I417          ; CLKBUF_CLUSTER_RE            ;
;   1.277 ;   0.506 ;    ; RE   ; 16     ; GLOBAL_CLOCK_X0_Y58_N0_I6                 ; GLOBAL_CLOCK                 ;
;   1.407 ;   0.130 ;    ; RE   ; 29     ; SPINE_CLOCK_X106_Y30_N0_I2                ; SPINE_CLOCK                  ;
;   1.601 ;   0.194 ;    ; RE   ; 1      ; SCLK_TO_ROWCLK_BUF_X106_Y41_N0_I12        ; SCLK_TO_ROWCLK_BUF           ;
;   1.641 ;   0.040 ;    ; RE   ; 2      ; SCLK_TO_ROWCLK_BUF_X106_Y41_N0_I15        ; SCLK_TO_ROWCLK_BUF           ;
;   1.844 ;   0.203 ;    ; RE   ; 8      ; LAB_CLK_X107_Y41_N0_I2                    ; LAB_CLK                      ;
;   1.917 ;   0.073 ;    ; RE   ; 1      ; BLK_CLK_BUF_X121_Y41_N0_I2                ; BLK_CLK_BUF                  ;
;   1.972 ;   0.055 ;    ; RE   ; 2      ; BLK_CLK_LIM_X121_Y41_N0_I2                ; BLK_CLK_LIM                  ;
;   2.041 ;   0.069 ;    ; RE   ; 2      ; LOCAL_INTERCONNECT_X121_Y41_N0_I26        ; LAB_LINE                     ;
;   2.068 ;   0.027 ;    ; RE   ; 1      ; LEIMC_X121_Y41_N0_I13                     ; LEIMC                        ;
;   2.068 ;   0.000 ;    ; RE   ; 1      ; GLOBAL_LOCAL_SEL_X121_Y41_N0_I8           ; GLOBAL_LOCAL_SEL             ;
;   2.204 ;   0.136 ;    ; RE   ; 1      ; IO_RE_X121_Y41_N20_I11                    ; IO_RE                        ;
;   2.204 ;   0.000 ;    ; RE   ; 1      ; IO_OUTPUT_ENABLE_PATH_RE_X121_Y41_N24_I6  ; IO_OUTPUT_ENABLE_PATH_RE     ;
;   2.204 ;   0.000 ;    ; RE   ; 1      ; IO_OUTPUT_ENABLE_PATH_RE_X121_Y41_N24_I22 ; IO_OUTPUT_ENABLE_PATH_RE     ;
;   2.204 ;   0.000 ;    ; RE   ; 1      ; IO_OUTPUT_ENABLE_PATH_RE_X121_Y41_N24_I14 ; IO_OUTPUT_ENABLE_PATH_RE     ;
;   2.204 ;   0.000 ;    ; RE   ; 1      ; IO_OUTPUT_PATH_RE_X121_Y41_N28_I5         ; IO_OUTPUT_PATH_RE            ;
;   2.204 ;   0.000 ;    ; RE   ; 1      ; MP_DDIO_OUT_INPUT_X121_Y41_N30_I0         ; MP_DDIO_OUT_INPUT            ;
;   2.204 ;   0.000 ; RR ; IC   ; 1      ; DDIOOUTCELL_X121_Y41_N30                  ; running~reg0_Duplicate_1|clk ;
;   2.574 ;   0.370 ; RR ; CELL ; 1      ; DDIOOUTCELL_X121_Y41_N30                  ; running~reg0_Duplicate_1     ;
; 4.095   ; 1.521   ;    ;      ;        ;                                           ; data path                    ;
;   2.574 ;   0.000 ;    ; uTco ; 1      ; DDIOOUTCELL_X121_Y41_N30                  ; running~reg0_Duplicate_1     ;
;   2.819 ;   0.245 ; RR ; CELL ; 1      ; DDIOOUTCELL_X121_Y41_N30                  ; running~reg0_Duplicate_1|q   ;
;   2.819 ;   0.000 ;    ; RE   ; 1      ; DDIOOUTCELL_X121_Y41_N30                  ; ARRIAV_FF                    ;
;   2.819 ;   0.000 ;    ; RE   ; 1      ; MP_DDIO_OUT_OUTPUT_X121_Y41_N30_I5        ; MP_DDIO_OUT_OUTPUT           ;
;   2.819 ;   0.000 ;    ; RE   ; 1      ; IO_OUTPUT_PATH_RE_X121_Y41_N28_I18        ; IO_OUTPUT_PATH_RE            ;
;   2.819 ;   0.000 ;    ; RE   ; 1      ; IO_OUTPUT_PATH_RE_X121_Y41_N28_I17        ; IO_OUTPUT_PATH_RE            ;
;   2.819 ;   0.000 ;    ; RE   ; 1      ; IO_RE_X121_Y41_N20_I95                    ; IO_RE                        ;
;   2.819 ;   0.000 ;    ; RE   ; 1      ; IO_OUTPUT_BUFFER_INPUT_X121_Y41_N22_I0    ; IO_OUTPUT_BUFFER_INPUT       ;
;   2.819 ;   0.000 ; RR ; IC   ; 1      ; IOOBUF_X121_Y41_N22                       ; ready~output|i               ;
;   4.095 ;   1.276 ; RR ; CELL ; 1      ; IOOBUF_X121_Y41_N22                       ; ready~output|o               ;
;   4.095 ;   0.000 ; RR ; CELL ; 0      ; PIN_AC32                                  ; ready                        ;
+---------+---------+----+------+--------+-------------------------------------------+------------------------------+

+--------------------------------------------------------------------------+
; Data Required Path                                                       ;
+----------+---------+----+------+--------+----------+---------------------+
; Total    ; Incr    ; RF ; Type ; Fanout ; Location ; Element             ;
+----------+---------+----+------+--------+----------+---------------------+
; 10.000   ; 10.000  ;    ;      ;        ;          ; latch edge time     ;
; 10.000   ; 0.000   ;    ;      ;        ;          ; clock path          ;
;   10.000 ;   0.000 ; R  ;      ;        ;          ; clock network delay ;
; 9.900    ; -0.100  ;    ;      ;        ;          ; clock uncertainty   ;
; 7.900    ; -2.000  ; R  ; oExt ; 0      ; PIN_AC32 ; ready               ;
+----------+---------+----+------+--------+----------+---------------------+

----------------------------
; Extra Fitter Information ;
----------------------------
HTML report is unavailable in plain text report export.


Path #34: Setup slack is 3.815 
===============================================================================
+-----------------------------------------+
; Path Summary                            ;
+--------------------+--------------------+
; Property           ; Value              ;
+--------------------+--------------------+
; From Node          ; host_rdata[0]~reg0 ;
; To Node            ; host_rdata[0]      ;
; Launch Clock       ; clk                ;
; Latch Clock        ; clk                ;
; Data Arrival Time  ; 4.085              ;
; Data Required Time ; 7.900              ;
; Slack              ; 3.815              ;
+--------------------+--------------------+

+---------------------------------------------------------------------------------------+
; Statistics                                                                            ;
+---------------------------+--------+-------+-------------+------------+-------+-------+
; Property                  ; Value  ; Count ; Total Delay ; % of Total ; Min   ; Max   ;
+---------------------------+--------+-------+-------------+------------+-------+-------+
; Setup Relationship        ; 10.000 ;       ;             ;            ;       ;       ;
; Clock Skew                ; -2.154 ;       ;             ;            ;       ;       ;
; Data Delay                ; 1.931  ;       ;             ;            ;       ;       ;
; Number of Logic Levels    ;        ; 0     ;             ;            ;       ;       ;
; Physical Delays           ;        ;       ;             ;            ;       ;       ;
;  Arrival Path             ;        ;       ;             ;            ;       ;       ;
;   Clock                   ;        ;       ;             ;            ;       ;       ;
;    IC                     ;        ; 3     ; 0.000       ; 0          ; 0.000 ; 0.000 ;
;    Cell                   ;        ; 3     ; 0.763       ; 35         ; 0.149 ; 0.406 ;
;    Routing Element        ;        ; 25    ; 1.391       ; 65         ; 0.000 ; 0.503 ;
;   Data                    ;        ;       ;             ;            ;       ;       ;
;    IC                     ;        ; 1     ; 0.000       ; 0          ; 0.000 ; 0.000 ;
;    Cell                   ;        ; 3     ; 1.660       ; 86         ; 0.000 ; 1.660 ;
;    uTco                   ;        ; 1     ; 0.000       ; 0          ; 0.000 ; 0.000 ;
;    Routing Element        ;        ; 10    ; 0.271       ; 14         ; 0.000 ; 0.132 ;
;  Required Path            ;        ;       ;             ;            ;       ;       ;
;   Clock                   ;        ;       ;             ;            ;       ;       ;
;    Clock Network (Lumped) ;        ; 1     ; 0.000       ;            ; 0.000 ; 0.000 ;
+---------------------------+--------+-------+-------------+------------+-------+-------+
Note: Negative delays are omitted from totals when calculating percentages

+----------------------------------------------------------------------------------------------------------------+
; Data Arrival Path                                                                                              ;
+---------+---------+----+------+--------+---------------------------------------------+-------------------------+
; Total   ; Incr    ; RF ; Type ; Fanout ; Location                                    ; Element                 ;
+---------+---------+----+------+--------+---------------------------------------------+-------------------------+
; 0.000   ; 0.000   ;    ;      ;        ;                                             ; launch edge time        ;
; 2.154   ; 2.154   ;    ;      ;        ;                                             ; clock path              ;
;   0.000 ;   0.000 ;    ;      ;        ;                                             ; source latency          ;
;   0.000 ;   0.000 ;    ;      ; 1      ; PIN_AC18                                    ; clk                     ;
;   0.000 ;   0.000 ;    ; RE   ; 1      ; IOPAD_X54_Y0_N0                             ; ARRIAV_IO_PAD           ;
;   0.000 ;   0.000 ;    ; RE   ; 1      ; IO_PAD_OUTPUT_X54_Y0_N0_I1                  ; IO_PAD_OUTPUT           ;
;   0.000 ;   0.000 ;    ; RE   ; 1      ; IO_INPUT_BUFFER_INPUT_X54_Y0_N1_I0          ; IO_INPUT_BUFFER_INPUT   ;
;   0.000 ;   0.000 ; RR ; IC   ; 1      ; IOIBUF_X54_Y0_N1                            ; clk~input|i             ;
;   0.406 ;   0.406 ; RR ; CELL ; 1      ; IOIBUF_X54_Y0_N1                            ; clk~input|o             ;
;   0.406 ;   0.000 ;    ; RE   ; 1      ; IOIBUF_X54_Y0_N1                            ; ARRIAV_IO_IBUF          ;
;   0.406 ;   0.000 ;    ; RE   ; 1      ; IO_INPUT_BUFFER_OUTPUT_X54_Y0_N1_I2         ; IO_INPUT_BUFFER_OUTPUT  ;
;   0.406 ;   0.000 ;    ; RE   ; 1      ; IO_RE_X54_Y0_N0_I96                         ; IO_RE                   ;
;   0.541 ;   0.135 ;    ; RE   ; 1      ; IO_RE_X54_Y0_N0_I66                         ; IO_RE                   ;
;   0.622 ;   0.081 ;    ; RE   ; 1      ; CLKBUF_CLUSTER_RE_X58_Y0_N0_I1614           ; CLKBUF_CLUSTER_RE       ;
;   0.622 ;   0.000 ;    ; RE   ; 1      ; CLKBUF_CLUSTER_RE_X58_Y0_N0_I616            ; CLKBUF_CLUSTER_RE       ;
;   0.622 ;   0.000 ;    ; RE   ; 1      ; GCLK_CLUSTER_RE_X58_Y0_N6_I10               ; GCLK_CLUSTER_RE         ;
;   0.622 ;   0.000 ;    ; RE   ; 1      ; CLKBUFBLOCK_INPUT_X58_Y0_N7_I0              ; CLKBUFBLOCK_INPUT       ;
;   0.622 ;   0.000 ; RR ; IC   ; 1      ; CLKCTRL_G6                                  ; clk~inputCLKENA0|inclk  ;
;   0.771 ;   0.149 ; RR ; CELL ; 37157  ; CLKCTRL_G6                                  ; clk~inputCLKENA0|outclk ;
;   0.771 ;   0.000 ;    ; RE   ; 1      ; CLKCTRL_G6                                  ; ARRIAV_CLKBUF           ;
;   0.771 ;   0.000 ;    ; RE   ; 1      ; CLKBUFBLOCK_OUTPUT_X58_Y0_N7_I2             ; CLKBUFBLOCK_OUTPUT      ;
;   0.771 ;   0.000 ;    ; RE   ; 1      ; GCLK_CLUSTER_RE_X58_Y0_N6_I12               ; GCLK_CLUSTER_RE         ;
;   0.771 ;   0.000 ;    ; RE   ; 1      ; CLKBUF_CLUSTER_RE_X58_Y0_N0_I417            ; CLKBUF_CLUSTER_RE       ;
;   1.274 ;   0.503 ;    ; RE   ; 16     ; GLOBAL_CLOCK_X0_Y58_N0_I6                   ; GLOBAL_CLOCK            ;
;   1.412 ;   0.138 ;    ; RE   ; 29     ; SPINE_CLOCK_X106_Y59_N0_I2                  ; SPINE_CLOCK             ;
;   1.606 ;   0.194 ;    ; RE   ; 1      ; SCLK_TO_ROWCLK_BUF_X106_Y64_N0_I12          ; SCLK_TO_ROWCLK_BUF      ;
;   1.646 ;   0.040 ;    ; RE   ; 2      ; SCLK_TO_ROWCLK_BUF_X106_Y64_N0_I15          ; SCLK_TO_ROWCLK_BUF      ;
;   1.849 ;   0.203 ;    ; RE   ; 6      ; LAB_CLK_X107_Y64_N0_I2                      ; LAB_CLK                 ;
;   1.913 ;   0.064 ;    ; RE   ; 1      ; BLK_CLK_BUF_X120_Y64_N0_I2                  ; BLK_CLK_BUF             ;
;   1.929 ;   0.016 ;    ; RE   ; 1      ; ROWCLKSEL_PREBUF_X120_Y64_N0_I2             ; ROWCLKSEL_PREBUF        ;
;   1.946 ;   0.017 ;    ; RE   ; 1      ; ROWCLKSEL_X120_Y64_N0_I1                    ; ROWCLKSEL               ;
;   1.946 ;   0.000 ;    ; RE   ; 3      ; GLOBAL_LOCAL_SEL_X120_Y64_N0_I1             ; GLOBAL_LOCAL_SEL        ;
;   1.946 ;   0.000 ;    ; RE   ; 4      ; LAB_INPUT_X120_Y64_N0_I0                    ; LAB_INPUT               ;
;   1.946 ;   0.000 ; RR ; IC   ; 1      ; FF_X120_Y64_N19                             ; host_rdata[0]~reg0|clk  ;
;   2.154 ;   0.208 ; RR ; CELL ; 1      ; FF_X120_Y64_N19                             ; host_rdata[0]~reg0      ;
; 4.085   ; 1.931   ;    ;      ;        ;                                             ; data path               ;
;   2.154 ;   0.000 ;    ; uTco ; 1      ; FF_X120_Y64_N19                             ; host_rdata[0]~reg0      ;
;   2.154 ;   0.000 ; RR ; CELL ; 1      ; FF_X120_Y64_N19                             ; host_rdata[0]~reg0|q    ;
;   2.177 ;   0.023 ;    ; RE   ; 1      ; FF_X120_Y64_N19                             ; ARRIAV_FF               ;
;   2.219 ;   0.042 ;    ; RE   ; 1      ; LE_BUFFER_X120_Y64_N0_I12                   ; LE_BUFFER               ;
;   2.270 ;   0.051 ;    ; RE   ; 1      ; LOCAL_INTERCONNECT_X121_Y64_N0_I6           ; LAB_LINE                ;
;   2.293 ;   0.023 ;    ; RE   ; 1      ; BLOCK_INPUT_MUX_PASSTHROUGH_X121_Y64_N0_I49 ; LEIM                    ;
;   2.425 ;   0.132 ;    ; RE   ; 1      ; IO_RE_X121_Y64_N3_I1                        ; IO_RE                   ;
;   2.425 ;   0.000 ;    ; RE   ; 1      ; IO_OUTPUT_PATH_RE_X121_Y64_N11_I1           ; IO_OUTPUT_PATH_RE       ;
;   2.425 ;   0.000 ;    ; RE   ; 1      ; IO_OUTPUT_PATH_RE_X121_Y64_N11_I18          ; IO_OUTPUT_PATH_RE       ;
;   2.425 ;   0.000 ;    ; RE   ; 1      ; IO_OUTPUT_PATH_RE_X121_Y64_N11_I17          ; IO_OUTPUT_PATH_RE       ;
;   2.425 ;   0.000 ;    ; RE   ; 1      ; IO_RE_X121_Y64_N3_I95                       ; IO_RE                   ;
;   2.425 ;   0.000 ;    ; RE   ; 1      ; IO_OUTPUT_BUFFER_INPUT_X121_Y64_N5_I0       ; IO_OUTPUT_BUFFER_INPUT  ;
;   2.425 ;   0.000 ; RR ; IC   ; 1      ; IOOBUF_X121_Y64_N5                          ; host_rdata[0]~output|i  ;
;   4.085 ;   1.660 ; RR ; CELL ; 1      ; IOOBUF_X121_Y64_N5                          ; host_rdata[0]~output|o  ;
;   4.085 ;   0.000 ; RR ; CELL ; 0      ; PIN_R34                                     ; host_rdata[0]           ;
+---------+---------+----+------+--------+---------------------------------------------+-------------------------+

+--------------------------------------------------------------------------+
; Data Required Path                                                       ;
+----------+---------+----+------+--------+----------+---------------------+
; Total    ; Incr    ; RF ; Type ; Fanout ; Location ; Element             ;
+----------+---------+----+------+--------+----------+---------------------+
; 10.000   ; 10.000  ;    ;      ;        ;          ; latch edge time     ;
; 10.000   ; 0.000   ;    ;      ;        ;          ; clock path          ;
;   10.000 ;   0.000 ; R  ;      ;        ;          ; clock network delay ;
; 9.900    ; -0.100  ;    ;      ;        ;          ; clock uncertainty   ;
; 7.900    ; -2.000  ; R  ; oExt ; 0      ; PIN_R34  ; host_rdata[0]       ;
+----------+---------+----+------+--------+----------+---------------------+

----------------------------
; Extra Fitter Information ;
----------------------------
HTML report is unavailable in plain text report export.


Path #35: Setup slack is 3.817 
===============================================================================
+---------------------------------------+
; Path Summary                          ;
+--------------------+------------------+
; Property           ; Value            ;
+--------------------+------------------+
; From Node          ; pc_debug[3]~reg0 ;
; To Node            ; pc_debug[3]      ;
; Launch Clock       ; clk              ;
; Latch Clock        ; clk              ;
; Data Arrival Time  ; 4.083            ;
; Data Required Time ; 7.900            ;
; Slack              ; 3.817            ;
+--------------------+------------------+

+---------------------------------------------------------------------------------------+
; Statistics                                                                            ;
+---------------------------+--------+-------+-------------+------------+-------+-------+
; Property                  ; Value  ; Count ; Total Delay ; % of Total ; Min   ; Max   ;
+---------------------------+--------+-------+-------------+------------+-------+-------+
; Setup Relationship        ; 10.000 ;       ;             ;            ;       ;       ;
; Clock Skew                ; -2.571 ;       ;             ;            ;       ;       ;
; Data Delay                ; 1.512  ;       ;             ;            ;       ;       ;
; Number of Logic Levels    ;        ; 0     ;             ;            ;       ;       ;
; Physical Delays           ;        ;       ;             ;            ;       ;       ;
;  Arrival Path             ;        ;       ;             ;            ;       ;       ;
;   Clock                   ;        ;       ;             ;            ;       ;       ;
;    IC                     ;        ; 3     ; 0.001       ; 0          ; 0.000 ; 0.001 ;
;    Cell                   ;        ; 3     ; 0.925       ; 36         ; 0.149 ; 0.406 ;
;    Routing Element        ;        ; 31    ; 1.645       ; 64         ; 0.000 ; 0.506 ;
;   Data                    ;        ;       ;             ;            ;       ;       ;
;    IC                     ;        ; 1     ; 0.000       ; 0          ; 0.000 ; 0.000 ;
;    Cell                   ;        ; 3     ; 1.512       ; 100        ; 0.000 ; 1.267 ;
;    uTco                   ;        ; 1     ; 0.000       ; 0          ; 0.000 ; 0.000 ;
;    Routing Element        ;        ; 6     ; 0.000       ; 0          ; 0.000 ; 0.000 ;
;  Required Path            ;        ;       ;             ;            ;       ;       ;
;   Clock                   ;        ;       ;             ;            ;       ;       ;
;    Clock Network (Lumped) ;        ; 1     ; 0.000       ;            ; 0.000 ; 0.000 ;
+---------------------------+--------+-------+-------------+------------+-------+-------+
Note: Negative delays are omitted from totals when calculating percentages

+--------------------------------------------------------------------------------------------------------------+
; Data Arrival Path                                                                                            ;
+---------+---------+----+------+--------+------------------------------------------+--------------------------+
; Total   ; Incr    ; RF ; Type ; Fanout ; Location                                 ; Element                  ;
+---------+---------+----+------+--------+------------------------------------------+--------------------------+
; 0.000   ; 0.000   ;    ;      ;        ;                                          ; launch edge time         ;
; 2.571   ; 2.571   ;    ;      ;        ;                                          ; clock path               ;
;   0.000 ;   0.000 ;    ;      ;        ;                                          ; source latency           ;
;   0.000 ;   0.000 ;    ;      ; 1      ; PIN_AC18                                 ; clk                      ;
;   0.000 ;   0.000 ;    ; RE   ; 1      ; IOPAD_X54_Y0_N0                          ; ARRIAV_IO_PAD            ;
;   0.000 ;   0.000 ;    ; RE   ; 1      ; IO_PAD_OUTPUT_X54_Y0_N0_I1               ; IO_PAD_OUTPUT            ;
;   0.000 ;   0.000 ;    ; RE   ; 1      ; IO_INPUT_BUFFER_INPUT_X54_Y0_N1_I0       ; IO_INPUT_BUFFER_INPUT    ;
;   0.000 ;   0.000 ; RR ; IC   ; 1      ; IOIBUF_X54_Y0_N1                         ; clk~input|i              ;
;   0.406 ;   0.406 ; RR ; CELL ; 1      ; IOIBUF_X54_Y0_N1                         ; clk~input|o              ;
;   0.406 ;   0.000 ;    ; RE   ; 1      ; IOIBUF_X54_Y0_N1                         ; ARRIAV_IO_IBUF           ;
;   0.406 ;   0.000 ;    ; RE   ; 1      ; IO_INPUT_BUFFER_OUTPUT_X54_Y0_N1_I2      ; IO_INPUT_BUFFER_OUTPUT   ;
;   0.406 ;   0.000 ;    ; RE   ; 1      ; IO_RE_X54_Y0_N0_I96                      ; IO_RE                    ;
;   0.541 ;   0.135 ;    ; RE   ; 1      ; IO_RE_X54_Y0_N0_I66                      ; IO_RE                    ;
;   0.622 ;   0.081 ;    ; RE   ; 1      ; CLKBUF_CLUSTER_RE_X58_Y0_N0_I1614        ; CLKBUF_CLUSTER_RE        ;
;   0.622 ;   0.000 ;    ; RE   ; 1      ; CLKBUF_CLUSTER_RE_X58_Y0_N0_I616         ; CLKBUF_CLUSTER_RE        ;
;   0.622 ;   0.000 ;    ; RE   ; 1      ; GCLK_CLUSTER_RE_X58_Y0_N6_I10            ; GCLK_CLUSTER_RE          ;
;   0.622 ;   0.000 ;    ; RE   ; 1      ; CLKBUFBLOCK_INPUT_X58_Y0_N7_I0           ; CLKBUFBLOCK_INPUT        ;
;   0.622 ;   0.000 ; RR ; IC   ; 1      ; CLKCTRL_G6                               ; clk~inputCLKENA0|inclk   ;
;   0.771 ;   0.149 ; RR ; CELL ; 37157  ; CLKCTRL_G6                               ; clk~inputCLKENA0|outclk  ;
;   0.771 ;   0.000 ;    ; RE   ; 1      ; CLKCTRL_G6                               ; ARRIAV_CLKBUF            ;
;   0.771 ;   0.000 ;    ; RE   ; 1      ; CLKBUFBLOCK_OUTPUT_X58_Y0_N7_I2          ; CLKBUFBLOCK_OUTPUT       ;
;   0.771 ;   0.000 ;    ; RE   ; 1      ; GCLK_CLUSTER_RE_X58_Y0_N6_I12            ; GCLK_CLUSTER_RE          ;
;   0.771 ;   0.000 ;    ; RE   ; 1      ; CLKBUF_CLUSTER_RE_X58_Y0_N0_I417         ; CLKBUF_CLUSTER_RE        ;
;   1.277 ;   0.506 ;    ; RE   ; 16     ; GLOBAL_CLOCK_X0_Y58_N0_I6                ; GLOBAL_CLOCK             ;
;   1.407 ;   0.130 ;    ; RE   ; 29     ; SPINE_CLOCK_X106_Y30_N0_I2               ; SPINE_CLOCK              ;
;   1.601 ;   0.194 ;    ; RE   ; 1      ; SCLK_TO_ROWCLK_BUF_X106_Y41_N0_I12       ; SCLK_TO_ROWCLK_BUF       ;
;   1.641 ;   0.040 ;    ; RE   ; 2      ; SCLK_TO_ROWCLK_BUF_X106_Y41_N0_I15       ; SCLK_TO_ROWCLK_BUF       ;
;   1.844 ;   0.203 ;    ; RE   ; 8      ; LAB_CLK_X107_Y41_N0_I2                   ; LAB_CLK                  ;
;   1.917 ;   0.073 ;    ; RE   ; 1      ; BLK_CLK_BUF_X121_Y41_N0_I2               ; BLK_CLK_BUF              ;
;   1.972 ;   0.055 ;    ; RE   ; 2      ; BLK_CLK_LIM_X121_Y41_N0_I2               ; BLK_CLK_LIM              ;
;   2.037 ;   0.065 ;    ; RE   ; 1      ; LOCAL_INTERCONNECT_X121_Y41_N0_I61       ; LAB_LINE                 ;
;   2.064 ;   0.027 ;    ; RE   ; 1      ; LEIMC_X121_Y41_N0_I11                    ; LEIMC                    ;
;   2.064 ;   0.000 ;    ; RE   ; 1      ; GLOBAL_LOCAL_SEL_X121_Y41_N0_I12         ; GLOBAL_LOCAL_SEL         ;
;   2.200 ;   0.136 ;    ; RE   ; 1      ; IO_RE_X121_Y41_N3_I11                    ; IO_RE                    ;
;   2.200 ;   0.000 ;    ; RE   ; 1      ; IO_OUTPUT_ENABLE_PATH_RE_X121_Y41_N7_I6  ; IO_OUTPUT_ENABLE_PATH_RE ;
;   2.200 ;   0.000 ;    ; RE   ; 1      ; IO_OUTPUT_ENABLE_PATH_RE_X121_Y41_N7_I22 ; IO_OUTPUT_ENABLE_PATH_RE ;
;   2.200 ;   0.000 ;    ; RE   ; 1      ; IO_OUTPUT_ENABLE_PATH_RE_X121_Y41_N7_I14 ; IO_OUTPUT_ENABLE_PATH_RE ;
;   2.200 ;   0.000 ;    ; RE   ; 1      ; IO_OUTPUT_PATH_RE_X121_Y41_N11_I5        ; IO_OUTPUT_PATH_RE        ;
;   2.200 ;   0.000 ;    ; RE   ; 1      ; MP_DDIO_OUT_INPUT_X121_Y41_N13_I0        ; MP_DDIO_OUT_INPUT        ;
;   2.201 ;   0.001 ; RR ; IC   ; 1      ; DDIOOUTCELL_X121_Y41_N13                 ; pc_debug[3]~reg0|clk     ;
;   2.571 ;   0.370 ; RR ; CELL ; 1      ; DDIOOUTCELL_X121_Y41_N13                 ; pc_debug[3]~reg0         ;
; 4.083   ; 1.512   ;    ;      ;        ;                                          ; data path                ;
;   2.571 ;   0.000 ;    ; uTco ; 1      ; DDIOOUTCELL_X121_Y41_N13                 ; pc_debug[3]~reg0         ;
;   2.816 ;   0.245 ; RR ; CELL ; 1      ; DDIOOUTCELL_X121_Y41_N13                 ; pc_debug[3]~reg0|q       ;
;   2.816 ;   0.000 ;    ; RE   ; 1      ; DDIOOUTCELL_X121_Y41_N13                 ; ARRIAV_FF                ;
;   2.816 ;   0.000 ;    ; RE   ; 1      ; MP_DDIO_OUT_OUTPUT_X121_Y41_N13_I5       ; MP_DDIO_OUT_OUTPUT       ;
;   2.816 ;   0.000 ;    ; RE   ; 1      ; IO_OUTPUT_PATH_RE_X121_Y41_N11_I18       ; IO_OUTPUT_PATH_RE        ;
;   2.816 ;   0.000 ;    ; RE   ; 1      ; IO_OUTPUT_PATH_RE_X121_Y41_N11_I17       ; IO_OUTPUT_PATH_RE        ;
;   2.816 ;   0.000 ;    ; RE   ; 1      ; IO_RE_X121_Y41_N3_I95                    ; IO_RE                    ;
;   2.816 ;   0.000 ;    ; RE   ; 1      ; IO_OUTPUT_BUFFER_INPUT_X121_Y41_N5_I0    ; IO_OUTPUT_BUFFER_INPUT   ;
;   2.816 ;   0.000 ; RR ; IC   ; 1      ; IOOBUF_X121_Y41_N5                       ; pc_debug[3]~output|i     ;
;   4.083 ;   1.267 ; RR ; CELL ; 1      ; IOOBUF_X121_Y41_N5                       ; pc_debug[3]~output|o     ;
;   4.083 ;   0.000 ; RR ; CELL ; 0      ; PIN_AC31                                 ; pc_debug[3]              ;
+---------+---------+----+------+--------+------------------------------------------+--------------------------+

+--------------------------------------------------------------------------+
; Data Required Path                                                       ;
+----------+---------+----+------+--------+----------+---------------------+
; Total    ; Incr    ; RF ; Type ; Fanout ; Location ; Element             ;
+----------+---------+----+------+--------+----------+---------------------+
; 10.000   ; 10.000  ;    ;      ;        ;          ; latch edge time     ;
; 10.000   ; 0.000   ;    ;      ;        ;          ; clock path          ;
;   10.000 ;   0.000 ; R  ;      ;        ;          ; clock network delay ;
; 9.900    ; -0.100  ;    ;      ;        ;          ; clock uncertainty   ;
; 7.900    ; -2.000  ; R  ; oExt ; 0      ; PIN_AC31 ; pc_debug[3]         ;
+----------+---------+----+------+--------+----------+---------------------+

----------------------------
; Extra Fitter Information ;
----------------------------
HTML report is unavailable in plain text report export.


Path #36: Setup slack is 3.820 
===============================================================================
+-----------------------------------------+
; Path Summary                            ;
+--------------------+--------------------+
; Property           ; Value              ;
+--------------------+--------------------+
; From Node          ; host_rdata[9]~reg0 ;
; To Node            ; host_rdata[9]      ;
; Launch Clock       ; clk                ;
; Latch Clock        ; clk                ;
; Data Arrival Time  ; 4.080              ;
; Data Required Time ; 7.900              ;
; Slack              ; 3.820              ;
+--------------------+--------------------+

+-----------------------------------------------------------------------------------------+
; Statistics                                                                              ;
+---------------------------+--------+-------+-------------+------------+--------+--------+
; Property                  ; Value  ; Count ; Total Delay ; % of Total ; Min    ; Max    ;
+---------------------------+--------+-------+-------------+------------+--------+--------+
; Setup Relationship        ; 10.000 ;       ;             ;            ;        ;        ;
; Clock Skew                ; -2.154 ;       ;             ;            ;        ;        ;
; Data Delay                ; 1.926  ;       ;             ;            ;        ;        ;
; Number of Logic Levels    ;        ; 0     ;             ;            ;        ;        ;
; Physical Delays           ;        ;       ;             ;            ;        ;        ;
;  Arrival Path             ;        ;       ;             ;            ;        ;        ;
;   Clock                   ;        ;       ;             ;            ;        ;        ;
;    IC                     ;        ; 3     ; 0.000       ; 0          ; 0.000  ; 0.000  ;
;    Cell                   ;        ; 3     ; 0.763       ; 35         ; 0.149  ; 0.406  ;
;    Routing Element        ;        ; 25    ; 1.391       ; 65         ; 0.000  ; 0.503  ;
;   Data                    ;        ;       ;             ;            ;        ;        ;
;    IC                     ;        ; 1     ; -0.001      ; 0          ; -0.001 ; -0.001 ;
;    Cell                   ;        ; 3     ; 1.659       ; 86         ; 0.000  ; 1.659  ;
;    uTco                   ;        ; 1     ; 0.000       ; 0          ; 0.000  ; 0.000  ;
;    Routing Element        ;        ; 10    ; 0.268       ; 14         ; 0.000  ; 0.132  ;
;  Required Path            ;        ;       ;             ;            ;        ;        ;
;   Clock                   ;        ;       ;             ;            ;        ;        ;
;    Clock Network (Lumped) ;        ; 1     ; 0.000       ;            ; 0.000  ; 0.000  ;
+---------------------------+--------+-------+-------------+------------+--------+--------+
Note: Negative delays are omitted from totals when calculating percentages

+-----------------------------------------------------------------------------------------------------------------+
; Data Arrival Path                                                                                               ;
+---------+----------+----+------+--------+---------------------------------------------+-------------------------+
; Total   ; Incr     ; RF ; Type ; Fanout ; Location                                    ; Element                 ;
+---------+----------+----+------+--------+---------------------------------------------+-------------------------+
; 0.000   ; 0.000    ;    ;      ;        ;                                             ; launch edge time        ;
; 2.154   ; 2.154    ;    ;      ;        ;                                             ; clock path              ;
;   0.000 ;   0.000  ;    ;      ;        ;                                             ; source latency          ;
;   0.000 ;   0.000  ;    ;      ; 1      ; PIN_AC18                                    ; clk                     ;
;   0.000 ;   0.000  ;    ; RE   ; 1      ; IOPAD_X54_Y0_N0                             ; ARRIAV_IO_PAD           ;
;   0.000 ;   0.000  ;    ; RE   ; 1      ; IO_PAD_OUTPUT_X54_Y0_N0_I1                  ; IO_PAD_OUTPUT           ;
;   0.000 ;   0.000  ;    ; RE   ; 1      ; IO_INPUT_BUFFER_INPUT_X54_Y0_N1_I0          ; IO_INPUT_BUFFER_INPUT   ;
;   0.000 ;   0.000  ; RR ; IC   ; 1      ; IOIBUF_X54_Y0_N1                            ; clk~input|i             ;
;   0.406 ;   0.406  ; RR ; CELL ; 1      ; IOIBUF_X54_Y0_N1                            ; clk~input|o             ;
;   0.406 ;   0.000  ;    ; RE   ; 1      ; IOIBUF_X54_Y0_N1                            ; ARRIAV_IO_IBUF          ;
;   0.406 ;   0.000  ;    ; RE   ; 1      ; IO_INPUT_BUFFER_OUTPUT_X54_Y0_N1_I2         ; IO_INPUT_BUFFER_OUTPUT  ;
;   0.406 ;   0.000  ;    ; RE   ; 1      ; IO_RE_X54_Y0_N0_I96                         ; IO_RE                   ;
;   0.541 ;   0.135  ;    ; RE   ; 1      ; IO_RE_X54_Y0_N0_I66                         ; IO_RE                   ;
;   0.622 ;   0.081  ;    ; RE   ; 1      ; CLKBUF_CLUSTER_RE_X58_Y0_N0_I1614           ; CLKBUF_CLUSTER_RE       ;
;   0.622 ;   0.000  ;    ; RE   ; 1      ; CLKBUF_CLUSTER_RE_X58_Y0_N0_I616            ; CLKBUF_CLUSTER_RE       ;
;   0.622 ;   0.000  ;    ; RE   ; 1      ; GCLK_CLUSTER_RE_X58_Y0_N6_I10               ; GCLK_CLUSTER_RE         ;
;   0.622 ;   0.000  ;    ; RE   ; 1      ; CLKBUFBLOCK_INPUT_X58_Y0_N7_I0              ; CLKBUFBLOCK_INPUT       ;
;   0.622 ;   0.000  ; RR ; IC   ; 1      ; CLKCTRL_G6                                  ; clk~inputCLKENA0|inclk  ;
;   0.771 ;   0.149  ; RR ; CELL ; 37157  ; CLKCTRL_G6                                  ; clk~inputCLKENA0|outclk ;
;   0.771 ;   0.000  ;    ; RE   ; 1      ; CLKCTRL_G6                                  ; ARRIAV_CLKBUF           ;
;   0.771 ;   0.000  ;    ; RE   ; 1      ; CLKBUFBLOCK_OUTPUT_X58_Y0_N7_I2             ; CLKBUFBLOCK_OUTPUT      ;
;   0.771 ;   0.000  ;    ; RE   ; 1      ; GCLK_CLUSTER_RE_X58_Y0_N6_I12               ; GCLK_CLUSTER_RE         ;
;   0.771 ;   0.000  ;    ; RE   ; 1      ; CLKBUF_CLUSTER_RE_X58_Y0_N0_I417            ; CLKBUF_CLUSTER_RE       ;
;   1.274 ;   0.503  ;    ; RE   ; 16     ; GLOBAL_CLOCK_X0_Y58_N0_I6                   ; GLOBAL_CLOCK            ;
;   1.412 ;   0.138  ;    ; RE   ; 29     ; SPINE_CLOCK_X106_Y59_N0_I2                  ; SPINE_CLOCK             ;
;   1.606 ;   0.194  ;    ; RE   ; 1      ; SCLK_TO_ROWCLK_BUF_X106_Y64_N0_I12          ; SCLK_TO_ROWCLK_BUF      ;
;   1.646 ;   0.040  ;    ; RE   ; 2      ; SCLK_TO_ROWCLK_BUF_X106_Y64_N0_I15          ; SCLK_TO_ROWCLK_BUF      ;
;   1.849 ;   0.203  ;    ; RE   ; 6      ; LAB_CLK_X107_Y64_N0_I2                      ; LAB_CLK                 ;
;   1.913 ;   0.064  ;    ; RE   ; 1      ; BLK_CLK_BUF_X120_Y64_N0_I2                  ; BLK_CLK_BUF             ;
;   1.929 ;   0.016  ;    ; RE   ; 1      ; ROWCLKSEL_PREBUF_X120_Y64_N0_I2             ; ROWCLKSEL_PREBUF        ;
;   1.946 ;   0.017  ;    ; RE   ; 1      ; ROWCLKSEL_X120_Y64_N0_I1                    ; ROWCLKSEL               ;
;   1.946 ;   0.000  ;    ; RE   ; 3      ; GLOBAL_LOCAL_SEL_X120_Y64_N0_I1             ; GLOBAL_LOCAL_SEL        ;
;   1.946 ;   0.000  ;    ; RE   ; 4      ; LAB_INPUT_X120_Y64_N0_I0                    ; LAB_INPUT               ;
;   1.946 ;   0.000  ; RR ; IC   ; 1      ; FF_X120_Y64_N1                              ; host_rdata[9]~reg0|clk  ;
;   2.154 ;   0.208  ; RR ; CELL ; 1      ; FF_X120_Y64_N1                              ; host_rdata[9]~reg0      ;
; 4.080   ; 1.926    ;    ;      ;        ;                                             ; data path               ;
;   2.154 ;   0.000  ;    ; uTco ; 1      ; FF_X120_Y64_N1                              ; host_rdata[9]~reg0      ;
;   2.154 ;   0.000  ; RR ; CELL ; 1      ; FF_X120_Y64_N1                              ; host_rdata[9]~reg0|q    ;
;   2.177 ;   0.023  ;    ; RE   ; 1      ; FF_X120_Y64_N1                              ; ARRIAV_FF               ;
;   2.217 ;   0.040  ;    ; RE   ; 1      ; LE_BUFFER_X120_Y64_N0_I0                    ; LE_BUFFER               ;
;   2.266 ;   0.049  ;    ; RE   ; 1      ; LOCAL_INTERCONNECT_X121_Y64_N0_I0           ; LAB_LINE                ;
;   2.290 ;   0.024  ;    ; RE   ; 1      ; BLOCK_INPUT_MUX_PASSTHROUGH_X121_Y64_N0_I39 ; LEIM                    ;
;   2.422 ;   0.132  ;    ; RE   ; 1      ; IO_RE_X121_Y64_N20_I1                       ; IO_RE                   ;
;   2.422 ;   0.000  ;    ; RE   ; 1      ; IO_OUTPUT_PATH_RE_X121_Y64_N28_I1           ; IO_OUTPUT_PATH_RE       ;
;   2.422 ;   0.000  ;    ; RE   ; 1      ; IO_OUTPUT_PATH_RE_X121_Y64_N28_I18          ; IO_OUTPUT_PATH_RE       ;
;   2.422 ;   0.000  ;    ; RE   ; 1      ; IO_OUTPUT_PATH_RE_X121_Y64_N28_I17          ; IO_OUTPUT_PATH_RE       ;
;   2.422 ;   0.000  ;    ; RE   ; 1      ; IO_RE_X121_Y64_N20_I95                      ; IO_RE                   ;
;   2.422 ;   0.000  ;    ; RE   ; 1      ; IO_OUTPUT_BUFFER_INPUT_X121_Y64_N22_I0      ; IO_OUTPUT_BUFFER_INPUT  ;
;   2.421 ;   -0.001 ; RR ; IC   ; 1      ; IOOBUF_X121_Y64_N22                         ; host_rdata[9]~output|i  ;
;   4.080 ;   1.659  ; RR ; CELL ; 1      ; IOOBUF_X121_Y64_N22                         ; host_rdata[9]~output|o  ;
;   4.080 ;   0.000  ; RR ; CELL ; 0      ; PIN_P34                                     ; host_rdata[9]           ;
+---------+----------+----+------+--------+---------------------------------------------+-------------------------+

+--------------------------------------------------------------------------+
; Data Required Path                                                       ;
+----------+---------+----+------+--------+----------+---------------------+
; Total    ; Incr    ; RF ; Type ; Fanout ; Location ; Element             ;
+----------+---------+----+------+--------+----------+---------------------+
; 10.000   ; 10.000  ;    ;      ;        ;          ; latch edge time     ;
; 10.000   ; 0.000   ;    ;      ;        ;          ; clock path          ;
;   10.000 ;   0.000 ; R  ;      ;        ;          ; clock network delay ;
; 9.900    ; -0.100  ;    ;      ;        ;          ; clock uncertainty   ;
; 7.900    ; -2.000  ; R  ; oExt ; 0      ; PIN_P34  ; host_rdata[9]       ;
+----------+---------+----+------+--------+----------+---------------------+

----------------------------
; Extra Fitter Information ;
----------------------------
HTML report is unavailable in plain text report export.


Path #37: Setup slack is 3.838 
===============================================================================
+-----------------------------------------+
; Path Summary                            ;
+--------------------+--------------------+
; Property           ; Value              ;
+--------------------+--------------------+
; From Node          ; host_rdata[3]~reg0 ;
; To Node            ; host_rdata[3]      ;
; Launch Clock       ; clk                ;
; Latch Clock        ; clk                ;
; Data Arrival Time  ; 4.062              ;
; Data Required Time ; 7.900              ;
; Slack              ; 3.838              ;
+--------------------+--------------------+

+---------------------------------------------------------------------------------------+
; Statistics                                                                            ;
+---------------------------+--------+-------+-------------+------------+-------+-------+
; Property                  ; Value  ; Count ; Total Delay ; % of Total ; Min   ; Max   ;
+---------------------------+--------+-------+-------------+------------+-------+-------+
; Setup Relationship        ; 10.000 ;       ;             ;            ;       ;       ;
; Clock Skew                ; -2.148 ;       ;             ;            ;       ;       ;
; Data Delay                ; 1.914  ;       ;             ;            ;       ;       ;
; Number of Logic Levels    ;        ; 0     ;             ;            ;       ;       ;
; Physical Delays           ;        ;       ;             ;            ;       ;       ;
;  Arrival Path             ;        ;       ;             ;            ;       ;       ;
;   Clock                   ;        ;       ;             ;            ;       ;       ;
;    IC                     ;        ; 3     ; 0.000       ; 0          ; 0.000 ; 0.000 ;
;    Cell                   ;        ; 3     ; 0.762       ; 35         ; 0.149 ; 0.406 ;
;    Routing Element        ;        ; 25    ; 1.386       ; 65         ; 0.000 ; 0.506 ;
;   Data                    ;        ;       ;             ;            ;       ;       ;
;    IC                     ;        ; 1     ; 0.000       ; 0          ; 0.000 ; 0.000 ;
;    Cell                   ;        ; 3     ; 1.649       ; 86         ; 0.000 ; 1.649 ;
;    uTco                   ;        ; 1     ; 0.000       ; 0          ; 0.000 ; 0.000 ;
;    Routing Element        ;        ; 10    ; 0.265       ; 14         ; 0.000 ; 0.133 ;
;  Required Path            ;        ;       ;             ;            ;       ;       ;
;   Clock                   ;        ;       ;             ;            ;       ;       ;
;    Clock Network (Lumped) ;        ; 1     ; 0.000       ;            ; 0.000 ; 0.000 ;
+---------------------------+--------+-------+-------------+------------+-------+-------+
Note: Negative delays are omitted from totals when calculating percentages

+----------------------------------------------------------------------------------------------------------------+
; Data Arrival Path                                                                                              ;
+---------+---------+----+------+--------+---------------------------------------------+-------------------------+
; Total   ; Incr    ; RF ; Type ; Fanout ; Location                                    ; Element                 ;
+---------+---------+----+------+--------+---------------------------------------------+-------------------------+
; 0.000   ; 0.000   ;    ;      ;        ;                                             ; launch edge time        ;
; 2.148   ; 2.148   ;    ;      ;        ;                                             ; clock path              ;
;   0.000 ;   0.000 ;    ;      ;        ;                                             ; source latency          ;
;   0.000 ;   0.000 ;    ;      ; 1      ; PIN_AC18                                    ; clk                     ;
;   0.000 ;   0.000 ;    ; RE   ; 1      ; IOPAD_X54_Y0_N0                             ; ARRIAV_IO_PAD           ;
;   0.000 ;   0.000 ;    ; RE   ; 1      ; IO_PAD_OUTPUT_X54_Y0_N0_I1                  ; IO_PAD_OUTPUT           ;
;   0.000 ;   0.000 ;    ; RE   ; 1      ; IO_INPUT_BUFFER_INPUT_X54_Y0_N1_I0          ; IO_INPUT_BUFFER_INPUT   ;
;   0.000 ;   0.000 ; RR ; IC   ; 1      ; IOIBUF_X54_Y0_N1                            ; clk~input|i             ;
;   0.406 ;   0.406 ; RR ; CELL ; 1      ; IOIBUF_X54_Y0_N1                            ; clk~input|o             ;
;   0.406 ;   0.000 ;    ; RE   ; 1      ; IOIBUF_X54_Y0_N1                            ; ARRIAV_IO_IBUF          ;
;   0.406 ;   0.000 ;    ; RE   ; 1      ; IO_INPUT_BUFFER_OUTPUT_X54_Y0_N1_I2         ; IO_INPUT_BUFFER_OUTPUT  ;
;   0.406 ;   0.000 ;    ; RE   ; 1      ; IO_RE_X54_Y0_N0_I96                         ; IO_RE                   ;
;   0.541 ;   0.135 ;    ; RE   ; 1      ; IO_RE_X54_Y0_N0_I66                         ; IO_RE                   ;
;   0.622 ;   0.081 ;    ; RE   ; 1      ; CLKBUF_CLUSTER_RE_X58_Y0_N0_I1614           ; CLKBUF_CLUSTER_RE       ;
;   0.622 ;   0.000 ;    ; RE   ; 1      ; CLKBUF_CLUSTER_RE_X58_Y0_N0_I616            ; CLKBUF_CLUSTER_RE       ;
;   0.622 ;   0.000 ;    ; RE   ; 1      ; GCLK_CLUSTER_RE_X58_Y0_N6_I10               ; GCLK_CLUSTER_RE         ;
;   0.622 ;   0.000 ;    ; RE   ; 1      ; CLKBUFBLOCK_INPUT_X58_Y0_N7_I0              ; CLKBUFBLOCK_INPUT       ;
;   0.622 ;   0.000 ; RR ; IC   ; 1      ; CLKCTRL_G6                                  ; clk~inputCLKENA0|inclk  ;
;   0.771 ;   0.149 ; RR ; CELL ; 37157  ; CLKCTRL_G6                                  ; clk~inputCLKENA0|outclk ;
;   0.771 ;   0.000 ;    ; RE   ; 1      ; CLKCTRL_G6                                  ; ARRIAV_CLKBUF           ;
;   0.771 ;   0.000 ;    ; RE   ; 1      ; CLKBUFBLOCK_OUTPUT_X58_Y0_N7_I2             ; CLKBUFBLOCK_OUTPUT      ;
;   0.771 ;   0.000 ;    ; RE   ; 1      ; GCLK_CLUSTER_RE_X58_Y0_N6_I12               ; GCLK_CLUSTER_RE         ;
;   0.771 ;   0.000 ;    ; RE   ; 1      ; CLKBUF_CLUSTER_RE_X58_Y0_N0_I417            ; CLKBUF_CLUSTER_RE       ;
;   1.277 ;   0.506 ;    ; RE   ; 16     ; GLOBAL_CLOCK_X0_Y58_N0_I6                   ; GLOBAL_CLOCK            ;
;   1.407 ;   0.130 ;    ; RE   ; 29     ; SPINE_CLOCK_X106_Y30_N0_I2                  ; SPINE_CLOCK             ;
;   1.601 ;   0.194 ;    ; RE   ; 1      ; SCLK_TO_ROWCLK_BUF_X106_Y57_N0_I12          ; SCLK_TO_ROWCLK_BUF      ;
;   1.641 ;   0.040 ;    ; RE   ; 2      ; SCLK_TO_ROWCLK_BUF_X106_Y57_N0_I15          ; SCLK_TO_ROWCLK_BUF      ;
;   1.844 ;   0.203 ;    ; RE   ; 13     ; LAB_CLK_X107_Y57_N0_I2                      ; LAB_CLK                 ;
;   1.908 ;   0.064 ;    ; RE   ; 1      ; BLK_CLK_BUF_X120_Y57_N0_I2                  ; BLK_CLK_BUF             ;
;   1.924 ;   0.016 ;    ; RE   ; 1      ; ROWCLKSEL_PREBUF_X120_Y57_N0_I2             ; ROWCLKSEL_PREBUF        ;
;   1.941 ;   0.017 ;    ; RE   ; 1      ; ROWCLKSEL_X120_Y57_N0_I1                    ; ROWCLKSEL               ;
;   1.941 ;   0.000 ;    ; RE   ; 3      ; GLOBAL_LOCAL_SEL_X120_Y57_N0_I1             ; GLOBAL_LOCAL_SEL        ;
;   1.941 ;   0.000 ;    ; RE   ; 5      ; LAB_INPUT_X120_Y57_N0_I0                    ; LAB_INPUT               ;
;   1.941 ;   0.000 ; RR ; IC   ; 1      ; FF_X120_Y57_N52                             ; host_rdata[3]~reg0|clk  ;
;   2.148 ;   0.207 ; RR ; CELL ; 1      ; FF_X120_Y57_N52                             ; host_rdata[3]~reg0      ;
; 4.062   ; 1.914   ;    ;      ;        ;                                             ; data path               ;
;   2.148 ;   0.000 ;    ; uTco ; 1      ; FF_X120_Y57_N52                             ; host_rdata[3]~reg0      ;
;   2.148 ;   0.000 ; RR ; CELL ; 1      ; FF_X120_Y57_N52                             ; host_rdata[3]~reg0|q    ;
;   2.166 ;   0.018 ;    ; RE   ; 1      ; FF_X120_Y57_N52                             ; ARRIAV_FF               ;
;   2.207 ;   0.041 ;    ; RE   ; 1      ; LE_BUFFER_X120_Y57_N0_I34                   ; LE_BUFFER               ;
;   2.256 ;   0.049 ;    ; RE   ; 1      ; LOCAL_INTERCONNECT_X121_Y57_N0_I30          ; LAB_LINE                ;
;   2.280 ;   0.024 ;    ; RE   ; 1      ; BLOCK_INPUT_MUX_PASSTHROUGH_X121_Y57_N0_I39 ; LEIM                    ;
;   2.413 ;   0.133 ;    ; RE   ; 1      ; IO_RE_X121_Y57_N20_I1                       ; IO_RE                   ;
;   2.413 ;   0.000 ;    ; RE   ; 1      ; IO_OUTPUT_PATH_RE_X121_Y57_N28_I1           ; IO_OUTPUT_PATH_RE       ;
;   2.413 ;   0.000 ;    ; RE   ; 1      ; IO_OUTPUT_PATH_RE_X121_Y57_N28_I18          ; IO_OUTPUT_PATH_RE       ;
;   2.413 ;   0.000 ;    ; RE   ; 1      ; IO_OUTPUT_PATH_RE_X121_Y57_N28_I17          ; IO_OUTPUT_PATH_RE       ;
;   2.413 ;   0.000 ;    ; RE   ; 1      ; IO_RE_X121_Y57_N20_I95                      ; IO_RE                   ;
;   2.413 ;   0.000 ;    ; RE   ; 1      ; IO_OUTPUT_BUFFER_INPUT_X121_Y57_N22_I0      ; IO_OUTPUT_BUFFER_INPUT  ;
;   2.413 ;   0.000 ; RR ; IC   ; 1      ; IOOBUF_X121_Y57_N22                         ; host_rdata[3]~output|i  ;
;   4.062 ;   1.649 ; RR ; CELL ; 1      ; IOOBUF_X121_Y57_N22                         ; host_rdata[3]~output|o  ;
;   4.062 ;   0.000 ; RR ; CELL ; 0      ; PIN_V32                                     ; host_rdata[3]           ;
+---------+---------+----+------+--------+---------------------------------------------+-------------------------+

+--------------------------------------------------------------------------+
; Data Required Path                                                       ;
+----------+---------+----+------+--------+----------+---------------------+
; Total    ; Incr    ; RF ; Type ; Fanout ; Location ; Element             ;
+----------+---------+----+------+--------+----------+---------------------+
; 10.000   ; 10.000  ;    ;      ;        ;          ; latch edge time     ;
; 10.000   ; 0.000   ;    ;      ;        ;          ; clock path          ;
;   10.000 ;   0.000 ; R  ;      ;        ;          ; clock network delay ;
; 9.900    ; -0.100  ;    ;      ;        ;          ; clock uncertainty   ;
; 7.900    ; -2.000  ; R  ; oExt ; 0      ; PIN_V32  ; host_rdata[3]       ;
+----------+---------+----+------+--------+----------+---------------------+

----------------------------
; Extra Fitter Information ;
----------------------------
HTML report is unavailable in plain text report export.


Path #38: Setup slack is 3.841 
===============================================================================
+------------------------------------------+
; Path Summary                             ;
+--------------------+---------------------+
; Property           ; Value               ;
+--------------------+---------------------+
; From Node          ; host_rdata[23]~reg0 ;
; To Node            ; host_rdata[23]      ;
; Launch Clock       ; clk                 ;
; Latch Clock        ; clk                 ;
; Data Arrival Time  ; 4.059               ;
; Data Required Time ; 7.900               ;
; Slack              ; 3.841               ;
+--------------------+---------------------+

+---------------------------------------------------------------------------------------+
; Statistics                                                                            ;
+---------------------------+--------+-------+-------------+------------+-------+-------+
; Property                  ; Value  ; Count ; Total Delay ; % of Total ; Min   ; Max   ;
+---------------------------+--------+-------+-------------+------------+-------+-------+
; Setup Relationship        ; 10.000 ;       ;             ;            ;       ;       ;
; Clock Skew                ; -2.567 ;       ;             ;            ;       ;       ;
; Data Delay                ; 1.492  ;       ;             ;            ;       ;       ;
; Number of Logic Levels    ;        ; 0     ;             ;            ;       ;       ;
; Physical Delays           ;        ;       ;             ;            ;       ;       ;
;  Arrival Path             ;        ;       ;             ;            ;       ;       ;
;   Clock                   ;        ;       ;             ;            ;       ;       ;
;    IC                     ;        ; 3     ; 0.000       ; 0          ; 0.000 ; 0.000 ;
;    Cell                   ;        ; 3     ; 0.925       ; 36         ; 0.149 ; 0.406 ;
;    Routing Element        ;        ; 31    ; 1.642       ; 64         ; 0.000 ; 0.503 ;
;   Data                    ;        ;       ;             ;            ;       ;       ;
;    IC                     ;        ; 1     ; 0.000       ; 0          ; 0.000 ; 0.000 ;
;    Cell                   ;        ; 3     ; 1.492       ; 100        ; 0.000 ; 1.247 ;
;    uTco                   ;        ; 1     ; 0.000       ; 0          ; 0.000 ; 0.000 ;
;    Routing Element        ;        ; 6     ; 0.000       ; 0          ; 0.000 ; 0.000 ;
;  Required Path            ;        ;       ;             ;            ;       ;       ;
;   Clock                   ;        ;       ;             ;            ;       ;       ;
;    Clock Network (Lumped) ;        ; 1     ; 0.000       ;            ; 0.000 ; 0.000 ;
+---------------------------+--------+-------+-------------+------------+-------+-------+
Note: Negative delays are omitted from totals when calculating percentages

+---------------------------------------------------------------------------------------------------------------+
; Data Arrival Path                                                                                             ;
+---------+---------+----+------+--------+-------------------------------------------+--------------------------+
; Total   ; Incr    ; RF ; Type ; Fanout ; Location                                  ; Element                  ;
+---------+---------+----+------+--------+-------------------------------------------+--------------------------+
; 0.000   ; 0.000   ;    ;      ;        ;                                           ; launch edge time         ;
; 2.567   ; 2.567   ;    ;      ;        ;                                           ; clock path               ;
;   0.000 ;   0.000 ;    ;      ;        ;                                           ; source latency           ;
;   0.000 ;   0.000 ;    ;      ; 1      ; PIN_AC18                                  ; clk                      ;
;   0.000 ;   0.000 ;    ; RE   ; 1      ; IOPAD_X54_Y0_N0                           ; ARRIAV_IO_PAD            ;
;   0.000 ;   0.000 ;    ; RE   ; 1      ; IO_PAD_OUTPUT_X54_Y0_N0_I1                ; IO_PAD_OUTPUT            ;
;   0.000 ;   0.000 ;    ; RE   ; 1      ; IO_INPUT_BUFFER_INPUT_X54_Y0_N1_I0        ; IO_INPUT_BUFFER_INPUT    ;
;   0.000 ;   0.000 ; RR ; IC   ; 1      ; IOIBUF_X54_Y0_N1                          ; clk~input|i              ;
;   0.406 ;   0.406 ; RR ; CELL ; 1      ; IOIBUF_X54_Y0_N1                          ; clk~input|o              ;
;   0.406 ;   0.000 ;    ; RE   ; 1      ; IOIBUF_X54_Y0_N1                          ; ARRIAV_IO_IBUF           ;
;   0.406 ;   0.000 ;    ; RE   ; 1      ; IO_INPUT_BUFFER_OUTPUT_X54_Y0_N1_I2       ; IO_INPUT_BUFFER_OUTPUT   ;
;   0.406 ;   0.000 ;    ; RE   ; 1      ; IO_RE_X54_Y0_N0_I96                       ; IO_RE                    ;
;   0.541 ;   0.135 ;    ; RE   ; 1      ; IO_RE_X54_Y0_N0_I66                       ; IO_RE                    ;
;   0.622 ;   0.081 ;    ; RE   ; 1      ; CLKBUF_CLUSTER_RE_X58_Y0_N0_I1614         ; CLKBUF_CLUSTER_RE        ;
;   0.622 ;   0.000 ;    ; RE   ; 1      ; CLKBUF_CLUSTER_RE_X58_Y0_N0_I616          ; CLKBUF_CLUSTER_RE        ;
;   0.622 ;   0.000 ;    ; RE   ; 1      ; GCLK_CLUSTER_RE_X58_Y0_N6_I10             ; GCLK_CLUSTER_RE          ;
;   0.622 ;   0.000 ;    ; RE   ; 1      ; CLKBUFBLOCK_INPUT_X58_Y0_N7_I0            ; CLKBUFBLOCK_INPUT        ;
;   0.622 ;   0.000 ; RR ; IC   ; 1      ; CLKCTRL_G6                                ; clk~inputCLKENA0|inclk   ;
;   0.771 ;   0.149 ; RR ; CELL ; 37157  ; CLKCTRL_G6                                ; clk~inputCLKENA0|outclk  ;
;   0.771 ;   0.000 ;    ; RE   ; 1      ; CLKCTRL_G6                                ; ARRIAV_CLKBUF            ;
;   0.771 ;   0.000 ;    ; RE   ; 1      ; CLKBUFBLOCK_OUTPUT_X58_Y0_N7_I2           ; CLKBUFBLOCK_OUTPUT       ;
;   0.771 ;   0.000 ;    ; RE   ; 1      ; GCLK_CLUSTER_RE_X58_Y0_N6_I12             ; GCLK_CLUSTER_RE          ;
;   0.771 ;   0.000 ;    ; RE   ; 1      ; CLKBUF_CLUSTER_RE_X58_Y0_N0_I417          ; CLKBUF_CLUSTER_RE        ;
;   1.274 ;   0.503 ;    ; RE   ; 16     ; GLOBAL_CLOCK_X0_Y58_N0_I6                 ; GLOBAL_CLOCK             ;
;   1.410 ;   0.136 ;    ; RE   ; 29     ; SPINE_CLOCK_X106_Y59_N0_I2                ; SPINE_CLOCK              ;
;   1.604 ;   0.194 ;    ; RE   ; 1      ; SCLK_TO_ROWCLK_BUF_X106_Y67_N0_I12        ; SCLK_TO_ROWCLK_BUF       ;
;   1.644 ;   0.040 ;    ; RE   ; 2      ; SCLK_TO_ROWCLK_BUF_X106_Y67_N0_I15        ; SCLK_TO_ROWCLK_BUF       ;
;   1.847 ;   0.203 ;    ; RE   ; 6      ; LAB_CLK_X107_Y67_N0_I2                    ; LAB_CLK                  ;
;   1.920 ;   0.073 ;    ; RE   ; 1      ; BLK_CLK_BUF_X121_Y67_N0_I2                ; BLK_CLK_BUF              ;
;   1.975 ;   0.055 ;    ; RE   ; 2      ; BLK_CLK_LIM_X121_Y67_N0_I2                ; BLK_CLK_LIM              ;
;   2.040 ;   0.065 ;    ; RE   ; 1      ; LOCAL_INTERCONNECT_X121_Y67_N0_I61        ; LAB_LINE                 ;
;   2.067 ;   0.027 ;    ; RE   ; 1      ; LEIMC_X121_Y67_N0_I11                     ; LEIMC                    ;
;   2.067 ;   0.000 ;    ; RE   ; 1      ; GLOBAL_LOCAL_SEL_X121_Y67_N0_I12          ; GLOBAL_LOCAL_SEL         ;
;   2.197 ;   0.130 ;    ; RE   ; 1      ; IO_RE_X121_Y67_N43_I11                    ; IO_RE                    ;
;   2.197 ;   0.000 ;    ; RE   ; 1      ; IO_OUTPUT_ENABLE_PATH_RE_X121_Y67_N47_I6  ; IO_OUTPUT_ENABLE_PATH_RE ;
;   2.197 ;   0.000 ;    ; RE   ; 1      ; IO_OUTPUT_ENABLE_PATH_RE_X121_Y67_N47_I22 ; IO_OUTPUT_ENABLE_PATH_RE ;
;   2.197 ;   0.000 ;    ; RE   ; 1      ; IO_OUTPUT_ENABLE_PATH_RE_X121_Y67_N47_I14 ; IO_OUTPUT_ENABLE_PATH_RE ;
;   2.197 ;   0.000 ;    ; RE   ; 1      ; IO_OUTPUT_PATH_RE_X121_Y67_N51_I5         ; IO_OUTPUT_PATH_RE        ;
;   2.197 ;   0.000 ;    ; RE   ; 1      ; MP_DDIO_OUT_INPUT_X121_Y67_N53_I0         ; MP_DDIO_OUT_INPUT        ;
;   2.197 ;   0.000 ; RR ; IC   ; 1      ; DDIOOUTCELL_X121_Y67_N53                  ; host_rdata[23]~reg0|clk  ;
;   2.567 ;   0.370 ; RR ; CELL ; 1      ; DDIOOUTCELL_X121_Y67_N53                  ; host_rdata[23]~reg0      ;
; 4.059   ; 1.492   ;    ;      ;        ;                                           ; data path                ;
;   2.567 ;   0.000 ;    ; uTco ; 1      ; DDIOOUTCELL_X121_Y67_N53                  ; host_rdata[23]~reg0      ;
;   2.812 ;   0.245 ; RR ; CELL ; 1      ; DDIOOUTCELL_X121_Y67_N53                  ; host_rdata[23]~reg0|q    ;
;   2.812 ;   0.000 ;    ; RE   ; 1      ; DDIOOUTCELL_X121_Y67_N53                  ; ARRIAV_FF                ;
;   2.812 ;   0.000 ;    ; RE   ; 1      ; MP_DDIO_OUT_OUTPUT_X121_Y67_N53_I5        ; MP_DDIO_OUT_OUTPUT       ;
;   2.812 ;   0.000 ;    ; RE   ; 1      ; IO_OUTPUT_PATH_RE_X121_Y67_N51_I18        ; IO_OUTPUT_PATH_RE        ;
;   2.812 ;   0.000 ;    ; RE   ; 1      ; IO_OUTPUT_PATH_RE_X121_Y67_N51_I17        ; IO_OUTPUT_PATH_RE        ;
;   2.812 ;   0.000 ;    ; RE   ; 1      ; IO_RE_X121_Y67_N43_I95                    ; IO_RE                    ;
;   2.812 ;   0.000 ;    ; RE   ; 1      ; IO_OUTPUT_BUFFER_INPUT_X121_Y67_N45_I0    ; IO_OUTPUT_BUFFER_INPUT   ;
;   2.812 ;   0.000 ; RR ; IC   ; 1      ; IOOBUF_X121_Y67_N45                       ; host_rdata[23]~output|i  ;
;   4.059 ;   1.247 ; RR ; CELL ; 1      ; IOOBUF_X121_Y67_N45                       ; host_rdata[23]~output|o  ;
;   4.059 ;   0.000 ; RR ; CELL ; 0      ; PIN_T31                                   ; host_rdata[23]           ;
+---------+---------+----+------+--------+-------------------------------------------+--------------------------+

+--------------------------------------------------------------------------+
; Data Required Path                                                       ;
+----------+---------+----+------+--------+----------+---------------------+
; Total    ; Incr    ; RF ; Type ; Fanout ; Location ; Element             ;
+----------+---------+----+------+--------+----------+---------------------+
; 10.000   ; 10.000  ;    ;      ;        ;          ; latch edge time     ;
; 10.000   ; 0.000   ;    ;      ;        ;          ; clock path          ;
;   10.000 ;   0.000 ; R  ;      ;        ;          ; clock network delay ;
; 9.900    ; -0.100  ;    ;      ;        ;          ; clock uncertainty   ;
; 7.900    ; -2.000  ; R  ; oExt ; 0      ; PIN_T31  ; host_rdata[23]      ;
+----------+---------+----+------+--------+----------+---------------------+

----------------------------
; Extra Fitter Information ;
----------------------------
HTML report is unavailable in plain text report export.


Path #39: Setup slack is 3.842 
===============================================================================
+------------------------------------------+
; Path Summary                             ;
+--------------------+---------------------+
; Property           ; Value               ;
+--------------------+---------------------+
; From Node          ; host_rdata[20]~reg0 ;
; To Node            ; host_rdata[20]      ;
; Launch Clock       ; clk                 ;
; Latch Clock        ; clk                 ;
; Data Arrival Time  ; 4.058               ;
; Data Required Time ; 7.900               ;
; Slack              ; 3.842               ;
+--------------------+---------------------+

+---------------------------------------------------------------------------------------+
; Statistics                                                                            ;
+---------------------------+--------+-------+-------------+------------+-------+-------+
; Property                  ; Value  ; Count ; Total Delay ; % of Total ; Min   ; Max   ;
+---------------------------+--------+-------+-------------+------------+-------+-------+
; Setup Relationship        ; 10.000 ;       ;             ;            ;       ;       ;
; Clock Skew                ; -2.577 ;       ;             ;            ;       ;       ;
; Data Delay                ; 1.481  ;       ;             ;            ;       ;       ;
; Number of Logic Levels    ;        ; 0     ;             ;            ;       ;       ;
; Physical Delays           ;        ;       ;             ;            ;       ;       ;
;  Arrival Path             ;        ;       ;             ;            ;       ;       ;
;   Clock                   ;        ;       ;             ;            ;       ;       ;
;    IC                     ;        ; 3     ; 0.001       ; 0          ; 0.000 ; 0.001 ;
;    Cell                   ;        ; 3     ; 0.925       ; 36         ; 0.149 ; 0.406 ;
;    Routing Element        ;        ; 31    ; 1.651       ; 64         ; 0.000 ; 0.503 ;
;   Data                    ;        ;       ;             ;            ;       ;       ;
;    IC                     ;        ; 1     ; 0.000       ; 0          ; 0.000 ; 0.000 ;
;    Cell                   ;        ; 3     ; 1.481       ; 100        ; 0.000 ; 1.237 ;
;    uTco                   ;        ; 1     ; 0.000       ; 0          ; 0.000 ; 0.000 ;
;    Routing Element        ;        ; 6     ; 0.000       ; 0          ; 0.000 ; 0.000 ;
;  Required Path            ;        ;       ;             ;            ;       ;       ;
;   Clock                   ;        ;       ;             ;            ;       ;       ;
;    Clock Network (Lumped) ;        ; 1     ; 0.000       ;            ; 0.000 ; 0.000 ;
+---------------------------+--------+-------+-------------+------------+-------+-------+
Note: Negative delays are omitted from totals when calculating percentages

+--------------------------------------------------------------------------------------------------------------+
; Data Arrival Path                                                                                            ;
+---------+---------+----+------+--------+------------------------------------------+--------------------------+
; Total   ; Incr    ; RF ; Type ; Fanout ; Location                                 ; Element                  ;
+---------+---------+----+------+--------+------------------------------------------+--------------------------+
; 0.000   ; 0.000   ;    ;      ;        ;                                          ; launch edge time         ;
; 2.577   ; 2.577   ;    ;      ;        ;                                          ; clock path               ;
;   0.000 ;   0.000 ;    ;      ;        ;                                          ; source latency           ;
;   0.000 ;   0.000 ;    ;      ; 1      ; PIN_AC18                                 ; clk                      ;
;   0.000 ;   0.000 ;    ; RE   ; 1      ; IOPAD_X54_Y0_N0                          ; ARRIAV_IO_PAD            ;
;   0.000 ;   0.000 ;    ; RE   ; 1      ; IO_PAD_OUTPUT_X54_Y0_N0_I1               ; IO_PAD_OUTPUT            ;
;   0.000 ;   0.000 ;    ; RE   ; 1      ; IO_INPUT_BUFFER_INPUT_X54_Y0_N1_I0       ; IO_INPUT_BUFFER_INPUT    ;
;   0.000 ;   0.000 ; RR ; IC   ; 1      ; IOIBUF_X54_Y0_N1                         ; clk~input|i              ;
;   0.406 ;   0.406 ; RR ; CELL ; 1      ; IOIBUF_X54_Y0_N1                         ; clk~input|o              ;
;   0.406 ;   0.000 ;    ; RE   ; 1      ; IOIBUF_X54_Y0_N1                         ; ARRIAV_IO_IBUF           ;
;   0.406 ;   0.000 ;    ; RE   ; 1      ; IO_INPUT_BUFFER_OUTPUT_X54_Y0_N1_I2      ; IO_INPUT_BUFFER_OUTPUT   ;
;   0.406 ;   0.000 ;    ; RE   ; 1      ; IO_RE_X54_Y0_N0_I96                      ; IO_RE                    ;
;   0.541 ;   0.135 ;    ; RE   ; 1      ; IO_RE_X54_Y0_N0_I66                      ; IO_RE                    ;
;   0.622 ;   0.081 ;    ; RE   ; 1      ; CLKBUF_CLUSTER_RE_X58_Y0_N0_I1614        ; CLKBUF_CLUSTER_RE        ;
;   0.622 ;   0.000 ;    ; RE   ; 1      ; CLKBUF_CLUSTER_RE_X58_Y0_N0_I616         ; CLKBUF_CLUSTER_RE        ;
;   0.622 ;   0.000 ;    ; RE   ; 1      ; GCLK_CLUSTER_RE_X58_Y0_N6_I10            ; GCLK_CLUSTER_RE          ;
;   0.622 ;   0.000 ;    ; RE   ; 1      ; CLKBUFBLOCK_INPUT_X58_Y0_N7_I0           ; CLKBUFBLOCK_INPUT        ;
;   0.622 ;   0.000 ; RR ; IC   ; 1      ; CLKCTRL_G6                               ; clk~inputCLKENA0|inclk   ;
;   0.771 ;   0.149 ; RR ; CELL ; 37157  ; CLKCTRL_G6                               ; clk~inputCLKENA0|outclk  ;
;   0.771 ;   0.000 ;    ; RE   ; 1      ; CLKCTRL_G6                               ; ARRIAV_CLKBUF            ;
;   0.771 ;   0.000 ;    ; RE   ; 1      ; CLKBUFBLOCK_OUTPUT_X58_Y0_N7_I2          ; CLKBUFBLOCK_OUTPUT       ;
;   0.771 ;   0.000 ;    ; RE   ; 1      ; GCLK_CLUSTER_RE_X58_Y0_N6_I12            ; GCLK_CLUSTER_RE          ;
;   0.771 ;   0.000 ;    ; RE   ; 1      ; CLKBUF_CLUSTER_RE_X58_Y0_N0_I417         ; CLKBUF_CLUSTER_RE        ;
;   1.274 ;   0.503 ;    ; RE   ; 16     ; GLOBAL_CLOCK_X0_Y58_N0_I6                ; GLOBAL_CLOCK             ;
;   1.413 ;   0.139 ;    ; RE   ; 29     ; SPINE_CLOCK_X106_Y59_N0_I2               ; SPINE_CLOCK              ;
;   1.607 ;   0.194 ;    ; RE   ; 1      ; SCLK_TO_ROWCLK_BUF_X106_Y61_N0_I12       ; SCLK_TO_ROWCLK_BUF       ;
;   1.647 ;   0.040 ;    ; RE   ; 2      ; SCLK_TO_ROWCLK_BUF_X106_Y61_N0_I15       ; SCLK_TO_ROWCLK_BUF       ;
;   1.850 ;   0.203 ;    ; RE   ; 9      ; LAB_CLK_X107_Y61_N0_I2                   ; LAB_CLK                  ;
;   1.923 ;   0.073 ;    ; RE   ; 1      ; BLK_CLK_BUF_X121_Y61_N0_I2               ; BLK_CLK_BUF              ;
;   1.978 ;   0.055 ;    ; RE   ; 2      ; BLK_CLK_LIM_X121_Y61_N0_I2               ; BLK_CLK_LIM              ;
;   2.043 ;   0.065 ;    ; RE   ; 1      ; LOCAL_INTERCONNECT_X121_Y61_N0_I61       ; LAB_LINE                 ;
;   2.070 ;   0.027 ;    ; RE   ; 1      ; LEIMC_X121_Y61_N0_I11                    ; LEIMC                    ;
;   2.070 ;   0.000 ;    ; RE   ; 1      ; GLOBAL_LOCAL_SEL_X121_Y61_N0_I12         ; GLOBAL_LOCAL_SEL         ;
;   2.206 ;   0.136 ;    ; RE   ; 1      ; IO_RE_X121_Y61_N3_I11                    ; IO_RE                    ;
;   2.206 ;   0.000 ;    ; RE   ; 1      ; IO_OUTPUT_ENABLE_PATH_RE_X121_Y61_N7_I6  ; IO_OUTPUT_ENABLE_PATH_RE ;
;   2.206 ;   0.000 ;    ; RE   ; 1      ; IO_OUTPUT_ENABLE_PATH_RE_X121_Y61_N7_I22 ; IO_OUTPUT_ENABLE_PATH_RE ;
;   2.206 ;   0.000 ;    ; RE   ; 1      ; IO_OUTPUT_ENABLE_PATH_RE_X121_Y61_N7_I14 ; IO_OUTPUT_ENABLE_PATH_RE ;
;   2.206 ;   0.000 ;    ; RE   ; 1      ; IO_OUTPUT_PATH_RE_X121_Y61_N11_I5        ; IO_OUTPUT_PATH_RE        ;
;   2.206 ;   0.000 ;    ; RE   ; 1      ; MP_DDIO_OUT_INPUT_X121_Y61_N13_I0        ; MP_DDIO_OUT_INPUT        ;
;   2.207 ;   0.001 ; RR ; IC   ; 1      ; DDIOOUTCELL_X121_Y61_N13                 ; host_rdata[20]~reg0|clk  ;
;   2.577 ;   0.370 ; RR ; CELL ; 1      ; DDIOOUTCELL_X121_Y61_N13                 ; host_rdata[20]~reg0      ;
; 4.058   ; 1.481   ;    ;      ;        ;                                          ; data path                ;
;   2.577 ;   0.000 ;    ; uTco ; 1      ; DDIOOUTCELL_X121_Y61_N13                 ; host_rdata[20]~reg0      ;
;   2.821 ;   0.244 ; RR ; CELL ; 1      ; DDIOOUTCELL_X121_Y61_N13                 ; host_rdata[20]~reg0|q    ;
;   2.821 ;   0.000 ;    ; RE   ; 1      ; DDIOOUTCELL_X121_Y61_N13                 ; ARRIAV_FF                ;
;   2.821 ;   0.000 ;    ; RE   ; 1      ; MP_DDIO_OUT_OUTPUT_X121_Y61_N13_I5       ; MP_DDIO_OUT_OUTPUT       ;
;   2.821 ;   0.000 ;    ; RE   ; 1      ; IO_OUTPUT_PATH_RE_X121_Y61_N11_I18       ; IO_OUTPUT_PATH_RE        ;
;   2.821 ;   0.000 ;    ; RE   ; 1      ; IO_OUTPUT_PATH_RE_X121_Y61_N11_I17       ; IO_OUTPUT_PATH_RE        ;
;   2.821 ;   0.000 ;    ; RE   ; 1      ; IO_RE_X121_Y61_N3_I95                    ; IO_RE                    ;
;   2.821 ;   0.000 ;    ; RE   ; 1      ; IO_OUTPUT_BUFFER_INPUT_X121_Y61_N5_I0    ; IO_OUTPUT_BUFFER_INPUT   ;
;   2.821 ;   0.000 ; RR ; IC   ; 1      ; IOOBUF_X121_Y61_N5                       ; host_rdata[20]~output|i  ;
;   4.058 ;   1.237 ; RR ; CELL ; 1      ; IOOBUF_X121_Y61_N5                       ; host_rdata[20]~output|o  ;
;   4.058 ;   0.000 ; RR ; CELL ; 0      ; PIN_U28                                  ; host_rdata[20]           ;
+---------+---------+----+------+--------+------------------------------------------+--------------------------+

+--------------------------------------------------------------------------+
; Data Required Path                                                       ;
+----------+---------+----+------+--------+----------+---------------------+
; Total    ; Incr    ; RF ; Type ; Fanout ; Location ; Element             ;
+----------+---------+----+------+--------+----------+---------------------+
; 10.000   ; 10.000  ;    ;      ;        ;          ; latch edge time     ;
; 10.000   ; 0.000   ;    ;      ;        ;          ; clock path          ;
;   10.000 ;   0.000 ; R  ;      ;        ;          ; clock network delay ;
; 9.900    ; -0.100  ;    ;      ;        ;          ; clock uncertainty   ;
; 7.900    ; -2.000  ; R  ; oExt ; 0      ; PIN_U28  ; host_rdata[20]      ;
+----------+---------+----+------+--------+----------+---------------------+

----------------------------
; Extra Fitter Information ;
----------------------------
HTML report is unavailable in plain text report export.


Path #40: Setup slack is 3.844 
===============================================================================
+------------------------------------------+
; Path Summary                             ;
+--------------------+---------------------+
; Property           ; Value               ;
+--------------------+---------------------+
; From Node          ; host_rdata[10]~reg0 ;
; To Node            ; host_rdata[10]      ;
; Launch Clock       ; clk                 ;
; Latch Clock        ; clk                 ;
; Data Arrival Time  ; 4.056               ;
; Data Required Time ; 7.900               ;
; Slack              ; 3.844               ;
+--------------------+---------------------+

+---------------------------------------------------------------------------------------+
; Statistics                                                                            ;
+---------------------------+--------+-------+-------------+------------+-------+-------+
; Property                  ; Value  ; Count ; Total Delay ; % of Total ; Min   ; Max   ;
+---------------------------+--------+-------+-------------+------------+-------+-------+
; Setup Relationship        ; 10.000 ;       ;             ;            ;       ;       ;
; Clock Skew                ; -2.155 ;       ;             ;            ;       ;       ;
; Data Delay                ; 1.901  ;       ;             ;            ;       ;       ;
; Number of Logic Levels    ;        ; 0     ;             ;            ;       ;       ;
; Physical Delays           ;        ;       ;             ;            ;       ;       ;
;  Arrival Path             ;        ;       ;             ;            ;       ;       ;
;   Clock                   ;        ;       ;             ;            ;       ;       ;
;    IC                     ;        ; 3     ; 0.000       ; 0          ; 0.000 ; 0.000 ;
;    Cell                   ;        ; 3     ; 0.763       ; 35         ; 0.149 ; 0.406 ;
;    Routing Element        ;        ; 25    ; 1.392       ; 65         ; 0.000 ; 0.503 ;
;   Data                    ;        ;       ;             ;            ;       ;       ;
;    IC                     ;        ; 1     ; 0.000       ; 0          ; 0.000 ; 0.000 ;
;    Cell                   ;        ; 3     ; 1.629       ; 86         ; 0.000 ; 1.629 ;
;    uTco                   ;        ; 1     ; 0.000       ; 0          ; 0.000 ; 0.000 ;
;    Routing Element        ;        ; 10    ; 0.272       ; 14         ; 0.000 ; 0.135 ;
;  Required Path            ;        ;       ;             ;            ;       ;       ;
;   Clock                   ;        ;       ;             ;            ;       ;       ;
;    Clock Network (Lumped) ;        ; 1     ; 0.000       ;            ; 0.000 ; 0.000 ;
+---------------------------+--------+-------+-------------+------------+-------+-------+
Note: Negative delays are omitted from totals when calculating percentages

+----------------------------------------------------------------------------------------------------------------+
; Data Arrival Path                                                                                              ;
+---------+---------+----+------+--------+---------------------------------------------+-------------------------+
; Total   ; Incr    ; RF ; Type ; Fanout ; Location                                    ; Element                 ;
+---------+---------+----+------+--------+---------------------------------------------+-------------------------+
; 0.000   ; 0.000   ;    ;      ;        ;                                             ; launch edge time        ;
; 2.155   ; 2.155   ;    ;      ;        ;                                             ; clock path              ;
;   0.000 ;   0.000 ;    ;      ;        ;                                             ; source latency          ;
;   0.000 ;   0.000 ;    ;      ; 1      ; PIN_AC18                                    ; clk                     ;
;   0.000 ;   0.000 ;    ; RE   ; 1      ; IOPAD_X54_Y0_N0                             ; ARRIAV_IO_PAD           ;
;   0.000 ;   0.000 ;    ; RE   ; 1      ; IO_PAD_OUTPUT_X54_Y0_N0_I1                  ; IO_PAD_OUTPUT           ;
;   0.000 ;   0.000 ;    ; RE   ; 1      ; IO_INPUT_BUFFER_INPUT_X54_Y0_N1_I0          ; IO_INPUT_BUFFER_INPUT   ;
;   0.000 ;   0.000 ; RR ; IC   ; 1      ; IOIBUF_X54_Y0_N1                            ; clk~input|i             ;
;   0.406 ;   0.406 ; RR ; CELL ; 1      ; IOIBUF_X54_Y0_N1                            ; clk~input|o             ;
;   0.406 ;   0.000 ;    ; RE   ; 1      ; IOIBUF_X54_Y0_N1                            ; ARRIAV_IO_IBUF          ;
;   0.406 ;   0.000 ;    ; RE   ; 1      ; IO_INPUT_BUFFER_OUTPUT_X54_Y0_N1_I2         ; IO_INPUT_BUFFER_OUTPUT  ;
;   0.406 ;   0.000 ;    ; RE   ; 1      ; IO_RE_X54_Y0_N0_I96                         ; IO_RE                   ;
;   0.541 ;   0.135 ;    ; RE   ; 1      ; IO_RE_X54_Y0_N0_I66                         ; IO_RE                   ;
;   0.622 ;   0.081 ;    ; RE   ; 1      ; CLKBUF_CLUSTER_RE_X58_Y0_N0_I1614           ; CLKBUF_CLUSTER_RE       ;
;   0.622 ;   0.000 ;    ; RE   ; 1      ; CLKBUF_CLUSTER_RE_X58_Y0_N0_I616            ; CLKBUF_CLUSTER_RE       ;
;   0.622 ;   0.000 ;    ; RE   ; 1      ; GCLK_CLUSTER_RE_X58_Y0_N6_I10               ; GCLK_CLUSTER_RE         ;
;   0.622 ;   0.000 ;    ; RE   ; 1      ; CLKBUFBLOCK_INPUT_X58_Y0_N7_I0              ; CLKBUFBLOCK_INPUT       ;
;   0.622 ;   0.000 ; RR ; IC   ; 1      ; CLKCTRL_G6                                  ; clk~inputCLKENA0|inclk  ;
;   0.771 ;   0.149 ; RR ; CELL ; 37157  ; CLKCTRL_G6                                  ; clk~inputCLKENA0|outclk ;
;   0.771 ;   0.000 ;    ; RE   ; 1      ; CLKCTRL_G6                                  ; ARRIAV_CLKBUF           ;
;   0.771 ;   0.000 ;    ; RE   ; 1      ; CLKBUFBLOCK_OUTPUT_X58_Y0_N7_I2             ; CLKBUFBLOCK_OUTPUT      ;
;   0.771 ;   0.000 ;    ; RE   ; 1      ; GCLK_CLUSTER_RE_X58_Y0_N6_I12               ; GCLK_CLUSTER_RE         ;
;   0.771 ;   0.000 ;    ; RE   ; 1      ; CLKBUF_CLUSTER_RE_X58_Y0_N0_I417            ; CLKBUF_CLUSTER_RE       ;
;   1.274 ;   0.503 ;    ; RE   ; 16     ; GLOBAL_CLOCK_X0_Y58_N0_I6                   ; GLOBAL_CLOCK            ;
;   1.413 ;   0.139 ;    ; RE   ; 29     ; SPINE_CLOCK_X106_Y59_N0_I2                  ; SPINE_CLOCK             ;
;   1.607 ;   0.194 ;    ; RE   ; 1      ; SCLK_TO_ROWCLK_BUF_X106_Y60_N0_I12          ; SCLK_TO_ROWCLK_BUF      ;
;   1.647 ;   0.040 ;    ; RE   ; 2      ; SCLK_TO_ROWCLK_BUF_X106_Y60_N0_I15          ; SCLK_TO_ROWCLK_BUF      ;
;   1.850 ;   0.203 ;    ; RE   ; 12     ; LAB_CLK_X107_Y60_N0_I2                      ; LAB_CLK                 ;
;   1.914 ;   0.064 ;    ; RE   ; 1      ; BLK_CLK_BUF_X120_Y60_N0_I2                  ; BLK_CLK_BUF             ;
;   1.930 ;   0.016 ;    ; RE   ; 1      ; ROWCLKSEL_PREBUF_X120_Y60_N0_I2             ; ROWCLKSEL_PREBUF        ;
;   1.947 ;   0.017 ;    ; RE   ; 1      ; ROWCLKSEL_X120_Y60_N0_I1                    ; ROWCLKSEL               ;
;   1.947 ;   0.000 ;    ; RE   ; 3      ; GLOBAL_LOCAL_SEL_X120_Y60_N0_I1             ; GLOBAL_LOCAL_SEL        ;
;   1.947 ;   0.000 ;    ; RE   ; 2      ; LAB_INPUT_X120_Y60_N0_I0                    ; LAB_INPUT               ;
;   1.947 ;   0.000 ; RR ; IC   ; 1      ; FF_X120_Y60_N1                              ; host_rdata[10]~reg0|clk ;
;   2.155 ;   0.208 ; RR ; CELL ; 1      ; FF_X120_Y60_N1                              ; host_rdata[10]~reg0     ;
; 4.056   ; 1.901   ;    ;      ;        ;                                             ; data path               ;
;   2.155 ;   0.000 ;    ; uTco ; 1      ; FF_X120_Y60_N1                              ; host_rdata[10]~reg0     ;
;   2.155 ;   0.000 ; RR ; CELL ; 1      ; FF_X120_Y60_N1                              ; host_rdata[10]~reg0|q   ;
;   2.178 ;   0.023 ;    ; RE   ; 1      ; FF_X120_Y60_N1                              ; ARRIAV_FF               ;
;   2.218 ;   0.040 ;    ; RE   ; 1      ; LE_BUFFER_X120_Y60_N0_I0                    ; LE_BUFFER               ;
;   2.269 ;   0.051 ;    ; RE   ; 1      ; LOCAL_INTERCONNECT_X121_Y60_N0_I0           ; LAB_LINE                ;
;   2.292 ;   0.023 ;    ; RE   ; 1      ; BLOCK_INPUT_MUX_PASSTHROUGH_X121_Y60_N0_I39 ; LEIM                    ;
;   2.427 ;   0.135 ;    ; RE   ; 1      ; IO_RE_X121_Y60_N60_I1                       ; IO_RE                   ;
;   2.427 ;   0.000 ;    ; RE   ; 1      ; IO_OUTPUT_PATH_RE_X121_Y60_N68_I1           ; IO_OUTPUT_PATH_RE       ;
;   2.427 ;   0.000 ;    ; RE   ; 1      ; IO_OUTPUT_PATH_RE_X121_Y60_N68_I18          ; IO_OUTPUT_PATH_RE       ;
;   2.427 ;   0.000 ;    ; RE   ; 1      ; IO_OUTPUT_PATH_RE_X121_Y60_N68_I17          ; IO_OUTPUT_PATH_RE       ;
;   2.427 ;   0.000 ;    ; RE   ; 1      ; IO_RE_X121_Y60_N60_I95                      ; IO_RE                   ;
;   2.427 ;   0.000 ;    ; RE   ; 1      ; IO_OUTPUT_BUFFER_INPUT_X121_Y60_N62_I0      ; IO_OUTPUT_BUFFER_INPUT  ;
;   2.427 ;   0.000 ; RR ; IC   ; 1      ; IOOBUF_X121_Y60_N62                         ; host_rdata[10]~output|i ;
;   4.056 ;   1.629 ; RR ; CELL ; 1      ; IOOBUF_X121_Y60_N62                         ; host_rdata[10]~output|o ;
;   4.056 ;   0.000 ; RR ; CELL ; 0      ; PIN_U30                                     ; host_rdata[10]          ;
+---------+---------+----+------+--------+---------------------------------------------+-------------------------+

+--------------------------------------------------------------------------+
; Data Required Path                                                       ;
+----------+---------+----+------+--------+----------+---------------------+
; Total    ; Incr    ; RF ; Type ; Fanout ; Location ; Element             ;
+----------+---------+----+------+--------+----------+---------------------+
; 10.000   ; 10.000  ;    ;      ;        ;          ; latch edge time     ;
; 10.000   ; 0.000   ;    ;      ;        ;          ; clock path          ;
;   10.000 ;   0.000 ; R  ;      ;        ;          ; clock network delay ;
; 9.900    ; -0.100  ;    ;      ;        ;          ; clock uncertainty   ;
; 7.900    ; -2.000  ; R  ; oExt ; 0      ; PIN_U30  ; host_rdata[10]      ;
+----------+---------+----+------+--------+----------+---------------------+

----------------------------
; Extra Fitter Information ;
----------------------------
HTML report is unavailable in plain text report export.


