----------------
; Command Info ;
----------------
Report Timing: Found 40 recovery paths (0 violated).  Worst case slack is 6.267 

Tcl Command:
    report_timing -recovery -show_routing -file {D:/2151097_Nguyen Nhut Khanh/docs/verification/timing/fullrtl100_select3/slow_1100mv_0c_recovery.rpt} -nworst 1 -npaths 40 -detail full_path

Options:
    -recovery 
    -nworst 1 
    -npaths 40 
    -show_routing 
    -detail full_path 
    -file {D:/2151097_Nguyen Nhut Khanh/docs/verification/timing/fullrtl100_select3/slow_1100mv_0c_recovery.rpt} 

Delay Model:
    Slow 1100mV 0C Model

+---------------------------------------------------------------------------------------------------------------------------------------------------------------------------------------------+
; Summary of Paths                                                                                                                                                                            ;
+-------+-----------+---------------------------------------------------------------------------------------------------+--------------+-------------+--------------+------------+------------+
; Slack ; From Node ; To Node                                                                                           ; Launch Clock ; Latch Clock ; Relationship ; Clock Skew ; Data Delay ;
+-------+-----------+---------------------------------------------------------------------------------------------------+--------------+-------------+--------------+------------+------------+
; 6.267 ; rst_n     ; llm_parameter_ram:u_parameters|pipelined_word_ram:g_ram_lane[6].u_storage|read_tile_q[8]          ; clk          ; clk         ; 10.000       ; 4.199      ; 5.832      ;
; 6.274 ; rst_n     ; llm_parameter_ram:u_parameters|pipelined_word_ram:g_ram_lane[6].u_storage|read_tile_q[9]          ; clk          ; clk         ; 10.000       ; 4.205      ; 5.831      ;
; 6.276 ; rst_n     ; isqrt_u64:u_root|remainder_work[19]                                                               ; clk          ; clk         ; 10.000       ; 4.165      ; 5.789      ;
; 6.276 ; rst_n     ; isqrt_u64:u_root|remainder_work[17]                                                               ; clk          ; clk         ; 10.000       ; 4.165      ; 5.789      ;
; 6.276 ; rst_n     ; isqrt_u64:u_root|remainder_work[0]                                                                ; clk          ; clk         ; 10.000       ; 4.166      ; 5.790      ;
; 6.276 ; rst_n     ; isqrt_u64:u_root|remainder_work[4]                                                                ; clk          ; clk         ; 10.000       ; 4.166      ; 5.790      ;
; 6.276 ; rst_n     ; isqrt_u64:u_root|remainder_work[6]                                                                ; clk          ; clk         ; 10.000       ; 4.166      ; 5.790      ;
; 6.276 ; rst_n     ; isqrt_u64:u_root|remainder_work[8]                                                                ; clk          ; clk         ; 10.000       ; 4.166      ; 5.790      ;
; 6.276 ; rst_n     ; isqrt_u64:u_root|remainder_work[12]                                                               ; clk          ; clk         ; 10.000       ; 4.166      ; 5.790      ;
; 6.276 ; rst_n     ; isqrt_u64:u_root|remainder_work[16]                                                               ; clk          ; clk         ; 10.000       ; 4.166      ; 5.790      ;
; 6.276 ; rst_n     ; isqrt_u64:u_root|remainder_work[18]                                                               ; clk          ; clk         ; 10.000       ; 4.166      ; 5.790      ;
; 6.277 ; rst_n     ; llm_bank_ram:u_vectors|pipelined_word_ram:g_bank[14].u_storage|read_tile_q[0]~DUPLICATE           ; clk          ; clk         ; 10.000       ; 4.183      ; 5.806      ;
; 6.277 ; rst_n     ; sigmoid:u_sig|y_raw[9]                                                                            ; clk          ; clk         ; 10.000       ; 4.176      ; 5.799      ;
; 6.277 ; rst_n     ; isqrt_u64:u_root|radicand_work[63]                                                                ; clk          ; clk         ; 10.000       ; 4.178      ; 5.801      ;
; 6.277 ; rst_n     ; isqrt_u64:u_root|radicand_work[61]                                                                ; clk          ; clk         ; 10.000       ; 4.178      ; 5.801      ;
; 6.277 ; rst_n     ; isqrt_u64:u_root|radicand_work[62]                                                                ; clk          ; clk         ; 10.000       ; 4.178      ; 5.801      ;
; 6.277 ; rst_n     ; isqrt_u64:u_root|radicand_work[60]                                                                ; clk          ; clk         ; 10.000       ; 4.178      ; 5.801      ;
; 6.278 ; rst_n     ; token_q[5]                                                                                        ; clk          ; clk         ; 10.000       ; 4.180      ; 5.802      ;
; 6.278 ; rst_n     ; llm_parameter_ram:u_parameters|pipelined_word_ram:g_ram_lane[6].u_storage|g_tile[3].read_enable_q ; clk          ; clk         ; 10.000       ; 4.196      ; 5.818      ;
; 6.278 ; rst_n     ; llm_parameter_ram:u_parameters|pipelined_word_ram:g_ram_lane[6].u_storage|g_tile[7].read_enable_q ; clk          ; clk         ; 10.000       ; 4.196      ; 5.818      ;
; 6.278 ; rst_n     ; div:u_div|quotient[10]                                                                            ; clk          ; clk         ; 10.000       ; 4.200      ; 5.822      ;
; 6.278 ; rst_n     ; sigmoid:u_sig|y_raw[15]                                                                           ; clk          ; clk         ; 10.000       ; 4.177      ; 5.799      ;
; 6.278 ; rst_n     ; sigmoid:u_sig|y_raw[13]                                                                           ; clk          ; clk         ; 10.000       ; 4.177      ; 5.799      ;
; 6.278 ; rst_n     ; sigmoid:u_sig|y_raw[11]                                                                           ; clk          ; clk         ; 10.000       ; 4.177      ; 5.799      ;
; 6.278 ; rst_n     ; sigmoid:u_sig|y_raw[10]                                                                           ; clk          ; clk         ; 10.000       ; 4.178      ; 5.800      ;
; 6.278 ; rst_n     ; sigmoid:u_sig|y_raw[8]                                                                            ; clk          ; clk         ; 10.000       ; 4.178      ; 5.800      ;
; 6.278 ; rst_n     ; sigmoid:u_sig|y_raw[7]                                                                            ; clk          ; clk         ; 10.000       ; 4.177      ; 5.799      ;
; 6.278 ; rst_n     ; sigmoid:u_sig|y_raw[5]                                                                            ; clk          ; clk         ; 10.000       ; 4.177      ; 5.799      ;
; 6.278 ; rst_n     ; sigmoid:u_sig|y_raw[3]                                                                            ; clk          ; clk         ; 10.000       ; 4.177      ; 5.799      ;
; 6.278 ; rst_n     ; sigmoid:u_sig|y_raw[2]                                                                            ; clk          ; clk         ; 10.000       ; 4.178      ; 5.800      ;
; 6.278 ; rst_n     ; sigmoid:u_sig|y_raw[1]                                                                            ; clk          ; clk         ; 10.000       ; 4.177      ; 5.799      ;
; 6.278 ; rst_n     ; div:u_div|quotient[25]                                                                            ; clk          ; clk         ; 10.000       ; 4.199      ; 5.821      ;
; 6.278 ; rst_n     ; div:u_div|rem_work[0]                                                                             ; clk          ; clk         ; 10.000       ; 4.186      ; 5.808      ;
; 6.278 ; rst_n     ; div:u_div|rem_work[28]                                                                            ; clk          ; clk         ; 10.000       ; 4.186      ; 5.808      ;
; 6.278 ; rst_n     ; div:u_div|rem_work[27]                                                                            ; clk          ; clk         ; 10.000       ; 4.186      ; 5.808      ;
; 6.278 ; rst_n     ; div:u_div|rem_work[26]                                                                            ; clk          ; clk         ; 10.000       ; 4.186      ; 5.808      ;
; 6.278 ; rst_n     ; div:u_div|rem_work[24]                                                                            ; clk          ; clk         ; 10.000       ; 4.186      ; 5.808      ;
; 6.278 ; rst_n     ; div:u_div|rem_work[22]                                                                            ; clk          ; clk         ; 10.000       ; 4.186      ; 5.808      ;
; 6.278 ; rst_n     ; div:u_div|rem_work[18]                                                                            ; clk          ; clk         ; 10.000       ; 4.186      ; 5.808      ;
; 6.278 ; rst_n     ; div:u_div|rem_work[16]                                                                            ; clk          ; clk         ; 10.000       ; 4.186      ; 5.808      ;
+-------+-----------+---------------------------------------------------------------------------------------------------+--------------+-------------+--------------+------------+------------+

Path #1: Recovery slack is 6.267 
===============================================================================
+---------------------------------------------------------------------------------------------------------------+
; Path Summary                                                                                                  ;
+--------------------+------------------------------------------------------------------------------------------+
; Property           ; Value                                                                                    ;
+--------------------+------------------------------------------------------------------------------------------+
; From Node          ; rst_n                                                                                    ;
; To Node            ; llm_parameter_ram:u_parameters|pipelined_word_ram:g_ram_lane[6].u_storage|read_tile_q[8] ;
; Launch Clock       ; clk                                                                                      ;
; Latch Clock        ; clk                                                                                      ;
; Data Arrival Time  ; 7.832                                                                                    ;
; Data Required Time ; 14.099                                                                                   ;
; Slack              ; 6.267                                                                                    ;
+--------------------+------------------------------------------------------------------------------------------+

+----------------------------------------------------------------------------------------+
; Statistics                                                                             ;
+---------------------------+--------+-------+-------------+------------+--------+-------+
; Property                  ; Value  ; Count ; Total Delay ; % of Total ; Min    ; Max   ;
+---------------------------+--------+-------+-------------+------------+--------+-------+
; Recovery Relationship     ; 10.000 ;       ;             ;            ;        ;       ;
; Clock Skew                ; 4.199  ;       ;             ;            ;        ;       ;
; Data Delay                ; 5.832  ;       ;             ;            ;        ;       ;
; Number of Logic Levels    ;        ; 2     ;             ;            ;        ;       ;
; Physical Delays           ;        ;       ;             ;            ;        ;       ;
;  Arrival Path             ;        ;       ;             ;            ;        ;       ;
;   Clock                   ;        ;       ;             ;            ;        ;       ;
;    Clock Network (Lumped) ;        ; 1     ; 0.000       ;            ; 0.000  ; 0.000 ;
;   Data                    ;        ;       ;             ;            ;        ;       ;
;    IC                     ;        ; 3     ; -0.001      ; 0          ; -0.001 ; 0.000 ;
;    Cell                   ;        ; 3     ; 2.826       ; 48         ; 0.468  ; 1.693 ;
;    Routing Element        ;        ; 26    ; 3.007       ; 52         ; 0.000  ; 1.042 ;
;  Required Path            ;        ;       ;             ;            ;        ;       ;
;   Clock                   ;        ;       ;             ;            ;        ;       ;
;    IC                     ;        ; 3     ; -0.002      ; 0          ; -0.002 ; 0.000 ;
;    Cell                   ;        ; 3     ; 1.685       ; 40         ; 0.312  ; 0.917 ;
;    Routing Element        ;        ; 25    ; 2.516       ; 60         ; 0.000  ; 0.959 ;
+---------------------------+--------+-------+-------------+------------+--------+-------+
Note: Negative delays are omitted from totals when calculating percentages

+-----------------------------------------------------------------------------------------------------------------------------------------------------------------------------+
; Data Arrival Path                                                                                                                                                           ;
+---------+----------+----+------+--------+----------------------------------------+------------------------------------------------------------------------------------------+
; Total   ; Incr     ; RF ; Type ; Fanout ; Location                               ; Element                                                                                  ;
+---------+----------+----+------+--------+----------------------------------------+------------------------------------------------------------------------------------------+
; 0.000   ; 0.000    ;    ;      ;        ;                                        ; launch edge time                                                                         ;
; 0.000   ; 0.000    ;    ;      ;        ;                                        ; clock path                                                                               ;
;   0.000 ;   0.000  ; R  ;      ;        ;                                        ; clock network delay                                                                      ;
; 2.000   ; 2.000    ; R  ; iExt ; 1      ; PIN_V27                                ; rst_n                                                                                    ;
; 7.832   ; 5.832    ;    ;      ;        ;                                        ; data path                                                                                ;
;   2.000 ;   0.000  ;    ; RE   ; 1      ; IOPAD_X121_Y51_N60                     ; ARRIAV_IO_PAD                                                                            ;
;   2.000 ;   0.000  ;    ; RE   ; 1      ; IO_PAD_OUTPUT_X121_Y51_N60_I1          ; IO_PAD_OUTPUT                                                                            ;
;   2.000 ;   0.000  ;    ; RE   ; 1      ; IO_INPUT_BUFFER_INPUT_X121_Y51_N61_I0  ; IO_INPUT_BUFFER_INPUT                                                                    ;
;   2.000 ;   0.000  ; RR ; IC   ; 1      ; IOIBUF_X121_Y51_N61                    ; rst_n~input|i                                                                            ;
;   3.693 ;   1.693  ; RR ; CELL ; 1294   ; IOIBUF_X121_Y51_N61                    ; rst_n~input|o                                                                            ;
;   3.693 ;   0.000  ;    ; RE   ; 1      ; IOIBUF_X121_Y51_N61                    ; ARRIAV_IO_IBUF                                                                           ;
;   3.693 ;   0.000  ;    ; RE   ; 1      ; IO_INPUT_BUFFER_OUTPUT_X121_Y51_N61_I2 ; IO_INPUT_BUFFER_OUTPUT                                                                   ;
;   3.693 ;   0.000  ;    ; RE   ; 2      ; IO_RE_X121_Y51_N60_I96                 ; IO_RE                                                                                    ;
;   3.880 ;   0.187  ;    ; RE   ; 1      ; IO_RE_X121_Y51_N60_I66                 ; IO_RE                                                                                    ;
;   4.194 ;   0.314  ;    ; RE   ; 1      ; CLKBUF_CLUSTER_RE_X121_Y56_N3_I421     ; CLKBUF_CLUSTER_RE                                                                        ;
;   4.194 ;   0.000  ;    ; RE   ; 1      ; CLKBUF_CLUSTER_RE_X121_Y56_N3_I772     ; CLKBUF_CLUSTER_RE                                                                        ;
;   4.194 ;   0.000  ;    ; RE   ; 1      ; CLKBUF_CLUSTER_RE_X121_Y56_N3_I557     ; CLKBUF_CLUSTER_RE                                                                        ;
;   4.194 ;   0.000  ;    ; RE   ; 1      ; GCLK_CLUSTER_RE_X121_Y56_N6_I10        ; GCLK_CLUSTER_RE                                                                          ;
;   4.194 ;   0.000  ;    ; RE   ; 1      ; CLKBUFBLOCK_INPUT_X121_Y56_N7_I0       ; CLKBUFBLOCK_INPUT                                                                        ;
;   4.194 ;   0.000  ; RR ; IC   ; 1      ; CLKCTRL_G9                             ; rst_n~inputCLKENA0|inclk                                                                 ;
;   4.662 ;   0.468  ; RR ; CELL ; 2145   ; CLKCTRL_G9                             ; rst_n~inputCLKENA0|outclk                                                                ;
;   4.662 ;   0.000  ;    ; RE   ; 1      ; CLKCTRL_G9                             ; ARRIAV_CLKBUF                                                                            ;
;   4.662 ;   0.000  ;    ; RE   ; 1      ; CLKBUFBLOCK_OUTPUT_X121_Y56_N7_I2      ; CLKBUFBLOCK_OUTPUT                                                                       ;
;   4.662 ;   0.000  ;    ; RE   ; 1      ; GCLK_CLUSTER_RE_X121_Y56_N6_I12        ; GCLK_CLUSTER_RE                                                                          ;
;   4.662 ;   0.000  ;    ; RE   ; 1      ; CLKBUF_CLUSTER_RE_X121_Y56_N3_I416     ; CLKBUF_CLUSTER_RE                                                                        ;
;   5.704 ;   1.042  ;    ; RE   ; 16     ; GLOBAL_CLOCK_X0_Y58_N0_I9              ; GLOBAL_CLOCK                                                                             ;
;   5.888 ;   0.184  ;    ; RE   ; 11     ; SPINE_CLOCK_X45_Y0_N0_I22              ; SPINE_CLOCK                                                                              ;
;   6.361 ;   0.473  ;    ; RE   ; 1      ; SCLK_TO_ROWCLK_BUF_X45_Y9_N0_I133      ; SCLK_TO_ROWCLK_BUF                                                                       ;
;   6.462 ;   0.101  ;    ; RE   ; 2      ; SCLK_TO_ROWCLK_BUF_X45_Y9_N0_I137      ; SCLK_TO_ROWCLK_BUF                                                                       ;
;   6.915 ;   0.453  ;    ; RE   ; 1      ; LAB_CLK_X46_Y9_N0_I4                   ; LAB_CLK                                                                                  ;
;   7.069 ;   0.154  ;    ; RE   ; 1      ; BLK_CLK_BUF_X51_Y9_N0_I4               ; BLK_CLK_BUF                                                                              ;
;   7.128 ;   0.059  ;    ; RE   ; 1      ; ROWCLKSEL_PREBUF_X51_Y9_N0_I4          ; ROWCLKSEL_PREBUF                                                                         ;
;   7.168 ;   0.040  ;    ; RE   ; 1      ; ROWCLKSEL_X51_Y9_N0_I2                 ; ROWCLKSEL                                                                                ;
;   7.168 ;   0.000  ;    ; RE   ; 1      ; GLOBAL_LOCAL_SEL_X51_Y9_N0_I2          ; GLOBAL_LOCAL_SEL                                                                         ;
;   7.168 ;   0.000  ;    ; RE   ; 2      ; LAB_INPUT_X51_Y9_N0_I3                 ; LAB_INPUT                                                                                ;
;   7.167 ;   -0.001 ; RR ; IC   ; 1      ; FF_X51_Y9_N50                          ; u_parameters|g_ram_lane[6].u_storage|read_tile_q[8]|clrn                                 ;
;   7.832 ;   0.665  ; RR ; CELL ; 1      ; FF_X51_Y9_N50                          ; llm_parameter_ram:u_parameters|pipelined_word_ram:g_ram_lane[6].u_storage|read_tile_q[8] ;
+---------+----------+----+------+--------+----------------------------------------+------------------------------------------------------------------------------------------+

+---------------------------------------------------------------------------------------------------------------------------------------------------------------------------+
; Data Required Path                                                                                                                                                        ;
+----------+----------+----+------+--------+-------------------------------------+------------------------------------------------------------------------------------------+
; Total    ; Incr     ; RF ; Type ; Fanout ; Location                            ; Element                                                                                  ;
+----------+----------+----+------+--------+-------------------------------------+------------------------------------------------------------------------------------------+
; 10.000   ; 10.000   ;    ;      ;        ;                                     ; latch edge time                                                                          ;
; 14.199   ; 4.199    ;    ;      ;        ;                                     ; clock path                                                                               ;
;   10.000 ;   0.000  ;    ;      ;        ;                                     ; source latency                                                                           ;
;   10.000 ;   0.000  ;    ;      ; 1      ; PIN_AC18                            ; clk                                                                                      ;
;   10.000 ;   0.000  ;    ; RE   ; 1      ; IOPAD_X54_Y0_N0                     ; ARRIAV_IO_PAD                                                                            ;
;   10.000 ;   0.000  ;    ; RE   ; 1      ; IO_PAD_OUTPUT_X54_Y0_N0_I1          ; IO_PAD_OUTPUT                                                                            ;
;   10.000 ;   0.000  ;    ; RE   ; 1      ; IO_INPUT_BUFFER_INPUT_X54_Y0_N1_I0  ; IO_INPUT_BUFFER_INPUT                                                                    ;
;   10.000 ;   0.000  ; RR ; IC   ; 1      ; IOIBUF_X54_Y0_N1                    ; clk~input|i                                                                              ;
;   10.917 ;   0.917  ; RR ; CELL ; 1      ; IOIBUF_X54_Y0_N1                    ; clk~input|o                                                                              ;
;   10.917 ;   0.000  ;    ; RE   ; 1      ; IOIBUF_X54_Y0_N1                    ; ARRIAV_IO_IBUF                                                                           ;
;   10.917 ;   0.000  ;    ; RE   ; 1      ; IO_INPUT_BUFFER_OUTPUT_X54_Y0_N1_I2 ; IO_INPUT_BUFFER_OUTPUT                                                                   ;
;   10.917 ;   0.000  ;    ; RE   ; 1      ; IO_RE_X54_Y0_N0_I96                 ; IO_RE                                                                                    ;
;   11.095 ;   0.178  ;    ; RE   ; 1      ; IO_RE_X54_Y0_N0_I66                 ; IO_RE                                                                                    ;
;   11.095 ;   0.000  ;    ; RE   ; 1      ; CLKBUF_CLUSTER_RE_X58_Y0_N0_I1614   ; CLKBUF_CLUSTER_RE                                                                        ;
;   11.095 ;   0.000  ;    ; RE   ; 1      ; CLKBUF_CLUSTER_RE_X58_Y0_N0_I616    ; CLKBUF_CLUSTER_RE                                                                        ;
;   11.095 ;   0.000  ;    ; RE   ; 1      ; GCLK_CLUSTER_RE_X58_Y0_N6_I10       ; GCLK_CLUSTER_RE                                                                          ;
;   11.095 ;   0.000  ;    ; RE   ; 1      ; CLKBUFBLOCK_INPUT_X58_Y0_N7_I0      ; CLKBUFBLOCK_INPUT                                                                        ;
;   11.095 ;   0.000  ; RR ; IC   ; 1      ; CLKCTRL_G6                          ; clk~inputCLKENA0|inclk                                                                   ;
;   11.407 ;   0.312  ; RR ; CELL ; 37157  ; CLKCTRL_G6                          ; clk~inputCLKENA0|outclk                                                                  ;
;   11.407 ;   0.000  ;    ; RE   ; 1      ; CLKCTRL_G6                          ; ARRIAV_CLKBUF                                                                            ;
;   11.407 ;   0.000  ;    ; RE   ; 1      ; CLKBUFBLOCK_OUTPUT_X58_Y0_N7_I2     ; CLKBUFBLOCK_OUTPUT                                                                       ;
;   11.407 ;   0.000  ;    ; RE   ; 1      ; GCLK_CLUSTER_RE_X58_Y0_N6_I12       ; GCLK_CLUSTER_RE                                                                          ;
;   11.407 ;   0.000  ;    ; RE   ; 1      ; CLKBUF_CLUSTER_RE_X58_Y0_N0_I417    ; CLKBUF_CLUSTER_RE                                                                        ;
;   12.366 ;   0.959  ;    ; RE   ; 16     ; GLOBAL_CLOCK_X0_Y58_N0_I6           ; GLOBAL_CLOCK                                                                             ;
;   12.543 ;   0.177  ;    ; RE   ; 29     ; SPINE_CLOCK_X45_Y0_N0_I7            ; SPINE_CLOCK                                                                              ;
;   12.999 ;   0.456  ;    ; RE   ; 1      ; SCLK_TO_ROWCLK_BUF_X45_Y9_N0_I43    ; SCLK_TO_ROWCLK_BUF                                                                       ;
;   13.088 ;   0.089  ;    ; RE   ; 2      ; SCLK_TO_ROWCLK_BUF_X45_Y9_N0_I46    ; SCLK_TO_ROWCLK_BUF                                                                       ;
;   13.515 ;   0.427  ;    ; RE   ; 4      ; LAB_CLK_X46_Y9_N0_I5                ; LAB_CLK                                                                                  ;
;   13.655 ;   0.140  ;    ; RE   ; 1      ; BLK_CLK_BUF_X51_Y9_N0_I5            ; BLK_CLK_BUF                                                                              ;
;   13.710 ;   0.055  ;    ; RE   ; 1      ; ROWCLKSEL_PREBUF_X51_Y9_N0_I5       ; ROWCLKSEL_PREBUF                                                                         ;
;   13.745 ;   0.035  ;    ; RE   ; 1      ; ROWCLKSEL_X51_Y9_N0_I0              ; ROWCLKSEL                                                                                ;
;   13.745 ;   0.000  ;    ; RE   ; 1      ; GLOBAL_LOCAL_SEL_X51_Y9_N0_I0       ; GLOBAL_LOCAL_SEL                                                                         ;
;   13.745 ;   0.000  ;    ; RE   ; 10     ; LAB_INPUT_X51_Y9_N0_I0              ; LAB_INPUT                                                                                ;
;   13.743 ;   -0.002 ; RR ; IC   ; 1      ; FF_X51_Y9_N50                       ; u_parameters|g_ram_lane[6].u_storage|read_tile_q[8]|clk                                  ;
;   14.199 ;   0.456  ; RR ; CELL ; 1      ; FF_X51_Y9_N50                       ; llm_parameter_ram:u_parameters|pipelined_word_ram:g_ram_lane[6].u_storage|read_tile_q[8] ;
; 14.099   ; -0.100   ;    ;      ;        ;                                     ; clock uncertainty                                                                        ;
; 14.099   ; 0.000    ;    ; uTsu ; 1      ; FF_X51_Y9_N50                       ; llm_parameter_ram:u_parameters|pipelined_word_ram:g_ram_lane[6].u_storage|read_tile_q[8] ;
+----------+----------+----+------+--------+-------------------------------------+------------------------------------------------------------------------------------------+

----------------------------
; Extra Fitter Information ;
----------------------------
HTML report is unavailable in plain text report export.


Path #2: Recovery slack is 6.274 
===============================================================================
+---------------------------------------------------------------------------------------------------------------+
; Path Summary                                                                                                  ;
+--------------------+------------------------------------------------------------------------------------------+
; Property           ; Value                                                                                    ;
+--------------------+------------------------------------------------------------------------------------------+
; From Node          ; rst_n                                                                                    ;
; To Node            ; llm_parameter_ram:u_parameters|pipelined_word_ram:g_ram_lane[6].u_storage|read_tile_q[9] ;
; Launch Clock       ; clk                                                                                      ;
; Latch Clock        ; clk                                                                                      ;
; Data Arrival Time  ; 7.831                                                                                    ;
; Data Required Time ; 14.105                                                                                   ;
; Slack              ; 6.274                                                                                    ;
+--------------------+------------------------------------------------------------------------------------------+

+----------------------------------------------------------------------------------------+
; Statistics                                                                             ;
+---------------------------+--------+-------+-------------+------------+--------+-------+
; Property                  ; Value  ; Count ; Total Delay ; % of Total ; Min    ; Max   ;
+---------------------------+--------+-------+-------------+------------+--------+-------+
; Recovery Relationship     ; 10.000 ;       ;             ;            ;        ;       ;
; Clock Skew                ; 4.205  ;       ;             ;            ;        ;       ;
; Data Delay                ; 5.831  ;       ;             ;            ;        ;       ;
; Number of Logic Levels    ;        ; 2     ;             ;            ;        ;       ;
; Physical Delays           ;        ;       ;             ;            ;        ;       ;
;  Arrival Path             ;        ;       ;             ;            ;        ;       ;
;   Clock                   ;        ;       ;             ;            ;        ;       ;
;    Clock Network (Lumped) ;        ; 1     ; 0.000       ;            ; 0.000  ; 0.000 ;
;   Data                    ;        ;       ;             ;            ;        ;       ;
;    IC                     ;        ; 3     ; -0.001      ; 0          ; -0.001 ; 0.000 ;
;    Cell                   ;        ; 3     ; 2.825       ; 48         ; 0.468  ; 1.693 ;
;    Routing Element        ;        ; 26    ; 3.007       ; 52         ; 0.000  ; 1.042 ;
;  Required Path            ;        ;       ;             ;            ;        ;       ;
;   Clock                   ;        ;       ;             ;            ;        ;       ;
;    IC                     ;        ; 3     ; -0.002      ; 0          ; -0.002 ; 0.000 ;
;    Cell                   ;        ; 3     ; 1.691       ; 40         ; 0.312  ; 0.917 ;
;    Routing Element        ;        ; 25    ; 2.516       ; 60         ; 0.000  ; 0.959 ;
+---------------------------+--------+-------+-------------+------------+--------+-------+
Note: Negative delays are omitted from totals when calculating percentages

+-----------------------------------------------------------------------------------------------------------------------------------------------------------------------------+
; Data Arrival Path                                                                                                                                                           ;
+---------+----------+----+------+--------+----------------------------------------+------------------------------------------------------------------------------------------+
; Total   ; Incr     ; RF ; Type ; Fanout ; Location                               ; Element                                                                                  ;
+---------+----------+----+------+--------+----------------------------------------+------------------------------------------------------------------------------------------+
; 0.000   ; 0.000    ;    ;      ;        ;                                        ; launch edge time                                                                         ;
; 0.000   ; 0.000    ;    ;      ;        ;                                        ; clock path                                                                               ;
;   0.000 ;   0.000  ; R  ;      ;        ;                                        ; clock network delay                                                                      ;
; 2.000   ; 2.000    ; R  ; iExt ; 1      ; PIN_V27                                ; rst_n                                                                                    ;
; 7.831   ; 5.831    ;    ;      ;        ;                                        ; data path                                                                                ;
;   2.000 ;   0.000  ;    ; RE   ; 1      ; IOPAD_X121_Y51_N60                     ; ARRIAV_IO_PAD                                                                            ;
;   2.000 ;   0.000  ;    ; RE   ; 1      ; IO_PAD_OUTPUT_X121_Y51_N60_I1          ; IO_PAD_OUTPUT                                                                            ;
;   2.000 ;   0.000  ;    ; RE   ; 1      ; IO_INPUT_BUFFER_INPUT_X121_Y51_N61_I0  ; IO_INPUT_BUFFER_INPUT                                                                    ;
;   2.000 ;   0.000  ; RR ; IC   ; 1      ; IOIBUF_X121_Y51_N61                    ; rst_n~input|i                                                                            ;
;   3.693 ;   1.693  ; RR ; CELL ; 1294   ; IOIBUF_X121_Y51_N61                    ; rst_n~input|o                                                                            ;
;   3.693 ;   0.000  ;    ; RE   ; 1      ; IOIBUF_X121_Y51_N61                    ; ARRIAV_IO_IBUF                                                                           ;
;   3.693 ;   0.000  ;    ; RE   ; 1      ; IO_INPUT_BUFFER_OUTPUT_X121_Y51_N61_I2 ; IO_INPUT_BUFFER_OUTPUT                                                                   ;
;   3.693 ;   0.000  ;    ; RE   ; 2      ; IO_RE_X121_Y51_N60_I96                 ; IO_RE                                                                                    ;
;   3.880 ;   0.187  ;    ; RE   ; 1      ; IO_RE_X121_Y51_N60_I66                 ; IO_RE                                                                                    ;
;   4.194 ;   0.314  ;    ; RE   ; 1      ; CLKBUF_CLUSTER_RE_X121_Y56_N3_I421     ; CLKBUF_CLUSTER_RE                                                                        ;
;   4.194 ;   0.000  ;    ; RE   ; 1      ; CLKBUF_CLUSTER_RE_X121_Y56_N3_I772     ; CLKBUF_CLUSTER_RE                                                                        ;
;   4.194 ;   0.000  ;    ; RE   ; 1      ; CLKBUF_CLUSTER_RE_X121_Y56_N3_I557     ; CLKBUF_CLUSTER_RE                                                                        ;
;   4.194 ;   0.000  ;    ; RE   ; 1      ; GCLK_CLUSTER_RE_X121_Y56_N6_I10        ; GCLK_CLUSTER_RE                                                                          ;
;   4.194 ;   0.000  ;    ; RE   ; 1      ; CLKBUFBLOCK_INPUT_X121_Y56_N7_I0       ; CLKBUFBLOCK_INPUT                                                                        ;
;   4.194 ;   0.000  ; RR ; IC   ; 1      ; CLKCTRL_G9                             ; rst_n~inputCLKENA0|inclk                                                                 ;
;   4.662 ;   0.468  ; RR ; CELL ; 2145   ; CLKCTRL_G9                             ; rst_n~inputCLKENA0|outclk                                                                ;
;   4.662 ;   0.000  ;    ; RE   ; 1      ; CLKCTRL_G9                             ; ARRIAV_CLKBUF                                                                            ;
;   4.662 ;   0.000  ;    ; RE   ; 1      ; CLKBUFBLOCK_OUTPUT_X121_Y56_N7_I2      ; CLKBUFBLOCK_OUTPUT                                                                       ;
;   4.662 ;   0.000  ;    ; RE   ; 1      ; GCLK_CLUSTER_RE_X121_Y56_N6_I12        ; GCLK_CLUSTER_RE                                                                          ;
;   4.662 ;   0.000  ;    ; RE   ; 1      ; CLKBUF_CLUSTER_RE_X121_Y56_N3_I416     ; CLKBUF_CLUSTER_RE                                                                        ;
;   5.704 ;   1.042  ;    ; RE   ; 16     ; GLOBAL_CLOCK_X0_Y58_N0_I9              ; GLOBAL_CLOCK                                                                             ;
;   5.888 ;   0.184  ;    ; RE   ; 11     ; SPINE_CLOCK_X45_Y0_N0_I22              ; SPINE_CLOCK                                                                              ;
;   6.361 ;   0.473  ;    ; RE   ; 1      ; SCLK_TO_ROWCLK_BUF_X45_Y9_N0_I133      ; SCLK_TO_ROWCLK_BUF                                                                       ;
;   6.462 ;   0.101  ;    ; RE   ; 2      ; SCLK_TO_ROWCLK_BUF_X45_Y9_N0_I137      ; SCLK_TO_ROWCLK_BUF                                                                       ;
;   6.915 ;   0.453  ;    ; RE   ; 1      ; LAB_CLK_X46_Y9_N0_I4                   ; LAB_CLK                                                                                  ;
;   7.069 ;   0.154  ;    ; RE   ; 1      ; BLK_CLK_BUF_X51_Y9_N0_I4               ; BLK_CLK_BUF                                                                              ;
;   7.128 ;   0.059  ;    ; RE   ; 1      ; ROWCLKSEL_PREBUF_X51_Y9_N0_I4          ; ROWCLKSEL_PREBUF                                                                         ;
;   7.168 ;   0.040  ;    ; RE   ; 1      ; ROWCLKSEL_X51_Y9_N0_I2                 ; ROWCLKSEL                                                                                ;
;   7.168 ;   0.000  ;    ; RE   ; 1      ; GLOBAL_LOCAL_SEL_X51_Y9_N0_I2          ; GLOBAL_LOCAL_SEL                                                                         ;
;   7.168 ;   0.000  ;    ; RE   ; 2      ; LAB_INPUT_X51_Y9_N0_I3                 ; LAB_INPUT                                                                                ;
;   7.167 ;   -0.001 ; RR ; IC   ; 1      ; FF_X51_Y9_N19                          ; u_parameters|g_ram_lane[6].u_storage|read_tile_q[9]|clrn                                 ;
;   7.831 ;   0.664  ; RR ; CELL ; 1      ; FF_X51_Y9_N19                          ; llm_parameter_ram:u_parameters|pipelined_word_ram:g_ram_lane[6].u_storage|read_tile_q[9] ;
+---------+----------+----+------+--------+----------------------------------------+------------------------------------------------------------------------------------------+

+---------------------------------------------------------------------------------------------------------------------------------------------------------------------------+
; Data Required Path                                                                                                                                                        ;
+----------+----------+----+------+--------+-------------------------------------+------------------------------------------------------------------------------------------+
; Total    ; Incr     ; RF ; Type ; Fanout ; Location                            ; Element                                                                                  ;
+----------+----------+----+------+--------+-------------------------------------+------------------------------------------------------------------------------------------+
; 10.000   ; 10.000   ;    ;      ;        ;                                     ; latch edge time                                                                          ;
; 14.205   ; 4.205    ;    ;      ;        ;                                     ; clock path                                                                               ;
;   10.000 ;   0.000  ;    ;      ;        ;                                     ; source latency                                                                           ;
;   10.000 ;   0.000  ;    ;      ; 1      ; PIN_AC18                            ; clk                                                                                      ;
;   10.000 ;   0.000  ;    ; RE   ; 1      ; IOPAD_X54_Y0_N0                     ; ARRIAV_IO_PAD                                                                            ;
;   10.000 ;   0.000  ;    ; RE   ; 1      ; IO_PAD_OUTPUT_X54_Y0_N0_I1          ; IO_PAD_OUTPUT                                                                            ;
;   10.000 ;   0.000  ;    ; RE   ; 1      ; IO_INPUT_BUFFER_INPUT_X54_Y0_N1_I0  ; IO_INPUT_BUFFER_INPUT                                                                    ;
;   10.000 ;   0.000  ; RR ; IC   ; 1      ; IOIBUF_X54_Y0_N1                    ; clk~input|i                                                                              ;
;   10.917 ;   0.917  ; RR ; CELL ; 1      ; IOIBUF_X54_Y0_N1                    ; clk~input|o                                                                              ;
;   10.917 ;   0.000  ;    ; RE   ; 1      ; IOIBUF_X54_Y0_N1                    ; ARRIAV_IO_IBUF                                                                           ;
;   10.917 ;   0.000  ;    ; RE   ; 1      ; IO_INPUT_BUFFER_OUTPUT_X54_Y0_N1_I2 ; IO_INPUT_BUFFER_OUTPUT                                                                   ;
;   10.917 ;   0.000  ;    ; RE   ; 1      ; IO_RE_X54_Y0_N0_I96                 ; IO_RE                                                                                    ;
;   11.095 ;   0.178  ;    ; RE   ; 1      ; IO_RE_X54_Y0_N0_I66                 ; IO_RE                                                                                    ;
;   11.095 ;   0.000  ;    ; RE   ; 1      ; CLKBUF_CLUSTER_RE_X58_Y0_N0_I1614   ; CLKBUF_CLUSTER_RE                                                                        ;
;   11.095 ;   0.000  ;    ; RE   ; 1      ; CLKBUF_CLUSTER_RE_X58_Y0_N0_I616    ; CLKBUF_CLUSTER_RE                                                                        ;
;   11.095 ;   0.000  ;    ; RE   ; 1      ; GCLK_CLUSTER_RE_X58_Y0_N6_I10       ; GCLK_CLUSTER_RE                                                                          ;
;   11.095 ;   0.000  ;    ; RE   ; 1      ; CLKBUFBLOCK_INPUT_X58_Y0_N7_I0      ; CLKBUFBLOCK_INPUT                                                                        ;
;   11.095 ;   0.000  ; RR ; IC   ; 1      ; CLKCTRL_G6                          ; clk~inputCLKENA0|inclk                                                                   ;
;   11.407 ;   0.312  ; RR ; CELL ; 37157  ; CLKCTRL_G6                          ; clk~inputCLKENA0|outclk                                                                  ;
;   11.407 ;   0.000  ;    ; RE   ; 1      ; CLKCTRL_G6                          ; ARRIAV_CLKBUF                                                                            ;
;   11.407 ;   0.000  ;    ; RE   ; 1      ; CLKBUFBLOCK_OUTPUT_X58_Y0_N7_I2     ; CLKBUFBLOCK_OUTPUT                                                                       ;
;   11.407 ;   0.000  ;    ; RE   ; 1      ; GCLK_CLUSTER_RE_X58_Y0_N6_I12       ; GCLK_CLUSTER_RE                                                                          ;
;   11.407 ;   0.000  ;    ; RE   ; 1      ; CLKBUF_CLUSTER_RE_X58_Y0_N0_I417    ; CLKBUF_CLUSTER_RE                                                                        ;
;   12.366 ;   0.959  ;    ; RE   ; 16     ; GLOBAL_CLOCK_X0_Y58_N0_I6           ; GLOBAL_CLOCK                                                                             ;
;   12.543 ;   0.177  ;    ; RE   ; 29     ; SPINE_CLOCK_X45_Y0_N0_I7            ; SPINE_CLOCK                                                                              ;
;   12.999 ;   0.456  ;    ; RE   ; 1      ; SCLK_TO_ROWCLK_BUF_X45_Y9_N0_I43    ; SCLK_TO_ROWCLK_BUF                                                                       ;
;   13.088 ;   0.089  ;    ; RE   ; 2      ; SCLK_TO_ROWCLK_BUF_X45_Y9_N0_I46    ; SCLK_TO_ROWCLK_BUF                                                                       ;
;   13.515 ;   0.427  ;    ; RE   ; 4      ; LAB_CLK_X46_Y9_N0_I5                ; LAB_CLK                                                                                  ;
;   13.655 ;   0.140  ;    ; RE   ; 1      ; BLK_CLK_BUF_X51_Y9_N0_I5            ; BLK_CLK_BUF                                                                              ;
;   13.710 ;   0.055  ;    ; RE   ; 1      ; ROWCLKSEL_PREBUF_X51_Y9_N0_I5       ; ROWCLKSEL_PREBUF                                                                         ;
;   13.745 ;   0.035  ;    ; RE   ; 1      ; ROWCLKSEL_X51_Y9_N0_I0              ; ROWCLKSEL                                                                                ;
;   13.745 ;   0.000  ;    ; RE   ; 1      ; GLOBAL_LOCAL_SEL_X51_Y9_N0_I0       ; GLOBAL_LOCAL_SEL                                                                         ;
;   13.745 ;   0.000  ;    ; RE   ; 10     ; LAB_INPUT_X51_Y9_N0_I0              ; LAB_INPUT                                                                                ;
;   13.743 ;   -0.002 ; RR ; IC   ; 1      ; FF_X51_Y9_N19                       ; u_parameters|g_ram_lane[6].u_storage|read_tile_q[9]|clk                                  ;
;   14.205 ;   0.462  ; RR ; CELL ; 1      ; FF_X51_Y9_N19                       ; llm_parameter_ram:u_parameters|pipelined_word_ram:g_ram_lane[6].u_storage|read_tile_q[9] ;
; 14.105   ; -0.100   ;    ;      ;        ;                                     ; clock uncertainty                                                                        ;
; 14.105   ; 0.000    ;    ; uTsu ; 1      ; FF_X51_Y9_N19                       ; llm_parameter_ram:u_parameters|pipelined_word_ram:g_ram_lane[6].u_storage|read_tile_q[9] ;
+----------+----------+----+------+--------+-------------------------------------+------------------------------------------------------------------------------------------+

----------------------------
; Extra Fitter Information ;
----------------------------
HTML report is unavailable in plain text report export.


Path #3: Recovery slack is 6.276 
===============================================================================
+----------------------------------------------------------+
; Path Summary                                             ;
+--------------------+-------------------------------------+
; Property           ; Value                               ;
+--------------------+-------------------------------------+
; From Node          ; rst_n                               ;
; To Node            ; isqrt_u64:u_root|remainder_work[19] ;
; Launch Clock       ; clk                                 ;
; Latch Clock        ; clk                                 ;
; Data Arrival Time  ; 7.789                               ;
; Data Required Time ; 14.065                              ;
; Slack              ; 6.276                               ;
+--------------------+-------------------------------------+

+---------------------------------------------------------------------------------------+
; Statistics                                                                            ;
+---------------------------+--------+-------+-------------+------------+-------+-------+
; Property                  ; Value  ; Count ; Total Delay ; % of Total ; Min   ; Max   ;
+---------------------------+--------+-------+-------------+------------+-------+-------+
; Recovery Relationship     ; 10.000 ;       ;             ;            ;       ;       ;
; Clock Skew                ; 4.165  ;       ;             ;            ;       ;       ;
; Data Delay                ; 5.789  ;       ;             ;            ;       ;       ;
; Number of Logic Levels    ;        ; 2     ;             ;            ;       ;       ;
; Physical Delays           ;        ;       ;             ;            ;       ;       ;
;  Arrival Path             ;        ;       ;             ;            ;       ;       ;
;   Clock                   ;        ;       ;             ;            ;       ;       ;
;    Clock Network (Lumped) ;        ; 1     ; 0.000       ;            ; 0.000 ; 0.000 ;
;   Data                    ;        ;       ;             ;            ;       ;       ;
;    IC                     ;        ; 3     ; 0.000       ; 0          ; 0.000 ; 0.000 ;
;    Cell                   ;        ; 3     ; 2.825       ; 49         ; 0.468 ; 1.693 ;
;    Routing Element        ;        ; 26    ; 2.964       ; 51         ; 0.000 ; 1.065 ;
;  Required Path            ;        ;       ;             ;            ;       ;       ;
;   Clock                   ;        ;       ;             ;            ;       ;       ;
;    IC                     ;        ; 3     ; 0.001       ; 0          ; 0.000 ; 0.001 ;
;    Cell                   ;        ; 3     ; 1.658       ; 40         ; 0.312 ; 0.917 ;
;    Routing Element        ;        ; 25    ; 2.506       ; 60         ; 0.000 ; 0.990 ;
+---------------------------+--------+-------+-------------+------------+-------+-------+
Note: Negative delays are omitted from totals when calculating percentages

+-----------------------------------------------------------------------------------------------------------------------+
; Data Arrival Path                                                                                                     ;
+---------+---------+----+------+--------+----------------------------------------+-------------------------------------+
; Total   ; Incr    ; RF ; Type ; Fanout ; Location                               ; Element                             ;
+---------+---------+----+------+--------+----------------------------------------+-------------------------------------+
; 0.000   ; 0.000   ;    ;      ;        ;                                        ; launch edge time                    ;
; 0.000   ; 0.000   ;    ;      ;        ;                                        ; clock path                          ;
;   0.000 ;   0.000 ; R  ;      ;        ;                                        ; clock network delay                 ;
; 2.000   ; 2.000   ; R  ; iExt ; 1      ; PIN_V27                                ; rst_n                               ;
; 7.789   ; 5.789   ;    ;      ;        ;                                        ; data path                           ;
;   2.000 ;   0.000 ;    ; RE   ; 1      ; IOPAD_X121_Y51_N60                     ; ARRIAV_IO_PAD                       ;
;   2.000 ;   0.000 ;    ; RE   ; 1      ; IO_PAD_OUTPUT_X121_Y51_N60_I1          ; IO_PAD_OUTPUT                       ;
;   2.000 ;   0.000 ;    ; RE   ; 1      ; IO_INPUT_BUFFER_INPUT_X121_Y51_N61_I0  ; IO_INPUT_BUFFER_INPUT               ;
;   2.000 ;   0.000 ; RR ; IC   ; 1      ; IOIBUF_X121_Y51_N61                    ; rst_n~input|i                       ;
;   3.693 ;   1.693 ; RR ; CELL ; 1294   ; IOIBUF_X121_Y51_N61                    ; rst_n~input|o                       ;
;   3.693 ;   0.000 ;    ; RE   ; 1      ; IOIBUF_X121_Y51_N61                    ; ARRIAV_IO_IBUF                      ;
;   3.693 ;   0.000 ;    ; RE   ; 1      ; IO_INPUT_BUFFER_OUTPUT_X121_Y51_N61_I2 ; IO_INPUT_BUFFER_OUTPUT              ;
;   3.693 ;   0.000 ;    ; RE   ; 2      ; IO_RE_X121_Y51_N60_I96                 ; IO_RE                               ;
;   3.880 ;   0.187 ;    ; RE   ; 1      ; IO_RE_X121_Y51_N60_I66                 ; IO_RE                               ;
;   4.194 ;   0.314 ;    ; RE   ; 1      ; CLKBUF_CLUSTER_RE_X121_Y56_N3_I421     ; CLKBUF_CLUSTER_RE                   ;
;   4.194 ;   0.000 ;    ; RE   ; 1      ; CLKBUF_CLUSTER_RE_X121_Y56_N3_I772     ; CLKBUF_CLUSTER_RE                   ;
;   4.194 ;   0.000 ;    ; RE   ; 1      ; CLKBUF_CLUSTER_RE_X121_Y56_N3_I557     ; CLKBUF_CLUSTER_RE                   ;
;   4.194 ;   0.000 ;    ; RE   ; 1      ; GCLK_CLUSTER_RE_X121_Y56_N6_I10        ; GCLK_CLUSTER_RE                     ;
;   4.194 ;   0.000 ;    ; RE   ; 1      ; CLKBUFBLOCK_INPUT_X121_Y56_N7_I0       ; CLKBUFBLOCK_INPUT                   ;
;   4.194 ;   0.000 ; RR ; IC   ; 1      ; CLKCTRL_G9                             ; rst_n~inputCLKENA0|inclk            ;
;   4.662 ;   0.468 ; RR ; CELL ; 2145   ; CLKCTRL_G9                             ; rst_n~inputCLKENA0|outclk           ;
;   4.662 ;   0.000 ;    ; RE   ; 1      ; CLKCTRL_G9                             ; ARRIAV_CLKBUF                       ;
;   4.662 ;   0.000 ;    ; RE   ; 1      ; CLKBUFBLOCK_OUTPUT_X121_Y56_N7_I2      ; CLKBUFBLOCK_OUTPUT                  ;
;   4.662 ;   0.000 ;    ; RE   ; 1      ; GCLK_CLUSTER_RE_X121_Y56_N6_I12        ; GCLK_CLUSTER_RE                     ;
;   4.662 ;   0.000 ;    ; RE   ; 1      ; CLKBUF_CLUSTER_RE_X121_Y56_N3_I416     ; CLKBUF_CLUSTER_RE                   ;
;   5.727 ;   1.065 ;    ; RE   ; 16     ; GLOBAL_CLOCK_X0_Y58_N0_I9              ; GLOBAL_CLOCK                        ;
;   5.918 ;   0.191 ;    ; RE   ; 25     ; SPINE_CLOCK_X106_Y30_N0_I7             ; SPINE_CLOCK                         ;
;   6.376 ;   0.458 ;    ; RE   ; 1      ; SCLK_TO_ROWCLK_BUF_X106_Y36_N0_I43     ; SCLK_TO_ROWCLK_BUF                  ;
;   6.464 ;   0.088 ;    ; RE   ; 2      ; SCLK_TO_ROWCLK_BUF_X106_Y36_N0_I46     ; SCLK_TO_ROWCLK_BUF                  ;
;   6.895 ;   0.431 ;    ; RE   ; 8      ; LAB_CLK_X92_Y36_N0_I5                  ; LAB_CLK                             ;
;   7.031 ;   0.136 ;    ; RE   ; 1      ; BLK_CLK_BUF_X98_Y36_N0_I5              ; BLK_CLK_BUF                         ;
;   7.086 ;   0.055 ;    ; RE   ; 1      ; ROWCLKSEL_PREBUF_X98_Y36_N0_I5         ; ROWCLKSEL_PREBUF                    ;
;   7.125 ;   0.039 ;    ; RE   ; 1      ; ROWCLKSEL_X98_Y36_N0_I2                ; ROWCLKSEL                           ;
;   7.125 ;   0.000 ;    ; RE   ; 1      ; GLOBAL_LOCAL_SEL_X98_Y36_N0_I2         ; GLOBAL_LOCAL_SEL                    ;
;   7.125 ;   0.000 ;    ; RE   ; 21     ; LAB_INPUT_X98_Y36_N0_I3                ; LAB_INPUT                           ;
;   7.125 ;   0.000 ; RR ; IC   ; 1      ; FF_X98_Y36_N58                         ; u_root|remainder_work[19]|clrn      ;
;   7.789 ;   0.664 ; RR ; CELL ; 1      ; FF_X98_Y36_N58                         ; isqrt_u64:u_root|remainder_work[19] ;
+---------+---------+----+------+--------+----------------------------------------+-------------------------------------+

+---------------------------------------------------------------------------------------------------------------------+
; Data Required Path                                                                                                  ;
+----------+---------+----+------+--------+-------------------------------------+-------------------------------------+
; Total    ; Incr    ; RF ; Type ; Fanout ; Location                            ; Element                             ;
+----------+---------+----+------+--------+-------------------------------------+-------------------------------------+
; 10.000   ; 10.000  ;    ;      ;        ;                                     ; latch edge time                     ;
; 14.165   ; 4.165   ;    ;      ;        ;                                     ; clock path                          ;
;   10.000 ;   0.000 ;    ;      ;        ;                                     ; source latency                      ;
;   10.000 ;   0.000 ;    ;      ; 1      ; PIN_AC18                            ; clk                                 ;
;   10.000 ;   0.000 ;    ; RE   ; 1      ; IOPAD_X54_Y0_N0                     ; ARRIAV_IO_PAD                       ;
;   10.000 ;   0.000 ;    ; RE   ; 1      ; IO_PAD_OUTPUT_X54_Y0_N0_I1          ; IO_PAD_OUTPUT                       ;
;   10.000 ;   0.000 ;    ; RE   ; 1      ; IO_INPUT_BUFFER_INPUT_X54_Y0_N1_I0  ; IO_INPUT_BUFFER_INPUT               ;
;   10.000 ;   0.000 ; RR ; IC   ; 1      ; IOIBUF_X54_Y0_N1                    ; clk~input|i                         ;
;   10.917 ;   0.917 ; RR ; CELL ; 1      ; IOIBUF_X54_Y0_N1                    ; clk~input|o                         ;
;   10.917 ;   0.000 ;    ; RE   ; 1      ; IOIBUF_X54_Y0_N1                    ; ARRIAV_IO_IBUF                      ;
;   10.917 ;   0.000 ;    ; RE   ; 1      ; IO_INPUT_BUFFER_OUTPUT_X54_Y0_N1_I2 ; IO_INPUT_BUFFER_OUTPUT              ;
;   10.917 ;   0.000 ;    ; RE   ; 1      ; IO_RE_X54_Y0_N0_I96                 ; IO_RE                               ;
;   11.095 ;   0.178 ;    ; RE   ; 1      ; IO_RE_X54_Y0_N0_I66                 ; IO_RE                               ;
;   11.095 ;   0.000 ;    ; RE   ; 1      ; CLKBUF_CLUSTER_RE_X58_Y0_N0_I1614   ; CLKBUF_CLUSTER_RE                   ;
;   11.095 ;   0.000 ;    ; RE   ; 1      ; CLKBUF_CLUSTER_RE_X58_Y0_N0_I616    ; CLKBUF_CLUSTER_RE                   ;
;   11.095 ;   0.000 ;    ; RE   ; 1      ; GCLK_CLUSTER_RE_X58_Y0_N6_I10       ; GCLK_CLUSTER_RE                     ;
;   11.095 ;   0.000 ;    ; RE   ; 1      ; CLKBUFBLOCK_INPUT_X58_Y0_N7_I0      ; CLKBUFBLOCK_INPUT                   ;
;   11.095 ;   0.000 ; RR ; IC   ; 1      ; CLKCTRL_G6                          ; clk~inputCLKENA0|inclk              ;
;   11.407 ;   0.312 ; RR ; CELL ; 37157  ; CLKCTRL_G6                          ; clk~inputCLKENA0|outclk             ;
;   11.407 ;   0.000 ;    ; RE   ; 1      ; CLKCTRL_G6                          ; ARRIAV_CLKBUF                       ;
;   11.407 ;   0.000 ;    ; RE   ; 1      ; CLKBUFBLOCK_OUTPUT_X58_Y0_N7_I2     ; CLKBUFBLOCK_OUTPUT                  ;
;   11.407 ;   0.000 ;    ; RE   ; 1      ; GCLK_CLUSTER_RE_X58_Y0_N6_I12       ; GCLK_CLUSTER_RE                     ;
;   11.407 ;   0.000 ;    ; RE   ; 1      ; CLKBUF_CLUSTER_RE_X58_Y0_N0_I417    ; CLKBUF_CLUSTER_RE                   ;
;   12.397 ;   0.990 ;    ; RE   ; 16     ; GLOBAL_CLOCK_X0_Y58_N0_I6           ; GLOBAL_CLOCK                        ;
;   12.581 ;   0.184 ;    ; RE   ; 29     ; SPINE_CLOCK_X106_Y30_N0_I2          ; SPINE_CLOCK                         ;
;   13.022 ;   0.441 ;    ; RE   ; 1      ; SCLK_TO_ROWCLK_BUF_X106_Y36_N0_I12  ; SCLK_TO_ROWCLK_BUF                  ;
;   13.107 ;   0.085 ;    ; RE   ; 2      ; SCLK_TO_ROWCLK_BUF_X106_Y36_N0_I15  ; SCLK_TO_ROWCLK_BUF                  ;
;   13.522 ;   0.415 ;    ; RE   ; 12     ; LAB_CLK_X92_Y36_N0_I2               ; LAB_CLK                             ;
;   13.647 ;   0.125 ;    ; RE   ; 1      ; BLK_CLK_BUF_X98_Y36_N0_I2           ; BLK_CLK_BUF                         ;
;   13.700 ;   0.053 ;    ; RE   ; 1      ; ROWCLKSEL_PREBUF_X98_Y36_N0_I2      ; ROWCLKSEL_PREBUF                    ;
;   13.735 ;   0.035 ;    ; RE   ; 1      ; ROWCLKSEL_X98_Y36_N0_I1             ; ROWCLKSEL                           ;
;   13.735 ;   0.000 ;    ; RE   ; 1      ; GLOBAL_LOCAL_SEL_X98_Y36_N0_I1      ; GLOBAL_LOCAL_SEL                    ;
;   13.735 ;   0.000 ;    ; RE   ; 21     ; LAB_INPUT_X98_Y36_N0_I2             ; LAB_INPUT                           ;
;   13.736 ;   0.001 ; RR ; IC   ; 1      ; FF_X98_Y36_N58                      ; u_root|remainder_work[19]|clk       ;
;   14.165 ;   0.429 ; RR ; CELL ; 1      ; FF_X98_Y36_N58                      ; isqrt_u64:u_root|remainder_work[19] ;
; 14.065   ; -0.100  ;    ;      ;        ;                                     ; clock uncertainty                   ;
; 14.065   ; 0.000   ;    ; uTsu ; 1      ; FF_X98_Y36_N58                      ; isqrt_u64:u_root|remainder_work[19] ;
+----------+---------+----+------+--------+-------------------------------------+-------------------------------------+

----------------------------
; Extra Fitter Information ;
----------------------------
HTML report is unavailable in plain text report export.


Path #4: Recovery slack is 6.276 
===============================================================================
+----------------------------------------------------------+
; Path Summary                                             ;
+--------------------+-------------------------------------+
; Property           ; Value                               ;
+--------------------+-------------------------------------+
; From Node          ; rst_n                               ;
; To Node            ; isqrt_u64:u_root|remainder_work[17] ;
; Launch Clock       ; clk                                 ;
; Latch Clock        ; clk                                 ;
; Data Arrival Time  ; 7.789                               ;
; Data Required Time ; 14.065                              ;
; Slack              ; 6.276                               ;
+--------------------+-------------------------------------+

+---------------------------------------------------------------------------------------+
; Statistics                                                                            ;
+---------------------------+--------+-------+-------------+------------+-------+-------+
; Property                  ; Value  ; Count ; Total Delay ; % of Total ; Min   ; Max   ;
+---------------------------+--------+-------+-------------+------------+-------+-------+
; Recovery Relationship     ; 10.000 ;       ;             ;            ;       ;       ;
; Clock Skew                ; 4.165  ;       ;             ;            ;       ;       ;
; Data Delay                ; 5.789  ;       ;             ;            ;       ;       ;
; Number of Logic Levels    ;        ; 2     ;             ;            ;       ;       ;
; Physical Delays           ;        ;       ;             ;            ;       ;       ;
;  Arrival Path             ;        ;       ;             ;            ;       ;       ;
;   Clock                   ;        ;       ;             ;            ;       ;       ;
;    Clock Network (Lumped) ;        ; 1     ; 0.000       ;            ; 0.000 ; 0.000 ;
;   Data                    ;        ;       ;             ;            ;       ;       ;
;    IC                     ;        ; 3     ; 0.000       ; 0          ; 0.000 ; 0.000 ;
;    Cell                   ;        ; 3     ; 2.825       ; 49         ; 0.468 ; 1.693 ;
;    Routing Element        ;        ; 26    ; 2.964       ; 51         ; 0.000 ; 1.065 ;
;  Required Path            ;        ;       ;             ;            ;       ;       ;
;   Clock                   ;        ;       ;             ;            ;       ;       ;
;    IC                     ;        ; 3     ; 0.001       ; 0          ; 0.000 ; 0.001 ;
;    Cell                   ;        ; 3     ; 1.658       ; 40         ; 0.312 ; 0.917 ;
;    Routing Element        ;        ; 25    ; 2.506       ; 60         ; 0.000 ; 0.990 ;
+---------------------------+--------+-------+-------------+------------+-------+-------+
Note: Negative delays are omitted from totals when calculating percentages

+-----------------------------------------------------------------------------------------------------------------------+
; Data Arrival Path                                                                                                     ;
+---------+---------+----+------+--------+----------------------------------------+-------------------------------------+
; Total   ; Incr    ; RF ; Type ; Fanout ; Location                               ; Element                             ;
+---------+---------+----+------+--------+----------------------------------------+-------------------------------------+
; 0.000   ; 0.000   ;    ;      ;        ;                                        ; launch edge time                    ;
; 0.000   ; 0.000   ;    ;      ;        ;                                        ; clock path                          ;
;   0.000 ;   0.000 ; R  ;      ;        ;                                        ; clock network delay                 ;
; 2.000   ; 2.000   ; R  ; iExt ; 1      ; PIN_V27                                ; rst_n                               ;
; 7.789   ; 5.789   ;    ;      ;        ;                                        ; data path                           ;
;   2.000 ;   0.000 ;    ; RE   ; 1      ; IOPAD_X121_Y51_N60                     ; ARRIAV_IO_PAD                       ;
;   2.000 ;   0.000 ;    ; RE   ; 1      ; IO_PAD_OUTPUT_X121_Y51_N60_I1          ; IO_PAD_OUTPUT                       ;
;   2.000 ;   0.000 ;    ; RE   ; 1      ; IO_INPUT_BUFFER_INPUT_X121_Y51_N61_I0  ; IO_INPUT_BUFFER_INPUT               ;
;   2.000 ;   0.000 ; RR ; IC   ; 1      ; IOIBUF_X121_Y51_N61                    ; rst_n~input|i                       ;
;   3.693 ;   1.693 ; RR ; CELL ; 1294   ; IOIBUF_X121_Y51_N61                    ; rst_n~input|o                       ;
;   3.693 ;   0.000 ;    ; RE   ; 1      ; IOIBUF_X121_Y51_N61                    ; ARRIAV_IO_IBUF                      ;
;   3.693 ;   0.000 ;    ; RE   ; 1      ; IO_INPUT_BUFFER_OUTPUT_X121_Y51_N61_I2 ; IO_INPUT_BUFFER_OUTPUT              ;
;   3.693 ;   0.000 ;    ; RE   ; 2      ; IO_RE_X121_Y51_N60_I96                 ; IO_RE                               ;
;   3.880 ;   0.187 ;    ; RE   ; 1      ; IO_RE_X121_Y51_N60_I66                 ; IO_RE                               ;
;   4.194 ;   0.314 ;    ; RE   ; 1      ; CLKBUF_CLUSTER_RE_X121_Y56_N3_I421     ; CLKBUF_CLUSTER_RE                   ;
;   4.194 ;   0.000 ;    ; RE   ; 1      ; CLKBUF_CLUSTER_RE_X121_Y56_N3_I772     ; CLKBUF_CLUSTER_RE                   ;
;   4.194 ;   0.000 ;    ; RE   ; 1      ; CLKBUF_CLUSTER_RE_X121_Y56_N3_I557     ; CLKBUF_CLUSTER_RE                   ;
;   4.194 ;   0.000 ;    ; RE   ; 1      ; GCLK_CLUSTER_RE_X121_Y56_N6_I10        ; GCLK_CLUSTER_RE                     ;
;   4.194 ;   0.000 ;    ; RE   ; 1      ; CLKBUFBLOCK_INPUT_X121_Y56_N7_I0       ; CLKBUFBLOCK_INPUT                   ;
;   4.194 ;   0.000 ; RR ; IC   ; 1      ; CLKCTRL_G9                             ; rst_n~inputCLKENA0|inclk            ;
;   4.662 ;   0.468 ; RR ; CELL ; 2145   ; CLKCTRL_G9                             ; rst_n~inputCLKENA0|outclk           ;
;   4.662 ;   0.000 ;    ; RE   ; 1      ; CLKCTRL_G9                             ; ARRIAV_CLKBUF                       ;
;   4.662 ;   0.000 ;    ; RE   ; 1      ; CLKBUFBLOCK_OUTPUT_X121_Y56_N7_I2      ; CLKBUFBLOCK_OUTPUT                  ;
;   4.662 ;   0.000 ;    ; RE   ; 1      ; GCLK_CLUSTER_RE_X121_Y56_N6_I12        ; GCLK_CLUSTER_RE                     ;
;   4.662 ;   0.000 ;    ; RE   ; 1      ; CLKBUF_CLUSTER_RE_X121_Y56_N3_I416     ; CLKBUF_CLUSTER_RE                   ;
;   5.727 ;   1.065 ;    ; RE   ; 16     ; GLOBAL_CLOCK_X0_Y58_N0_I9              ; GLOBAL_CLOCK                        ;
;   5.918 ;   0.191 ;    ; RE   ; 25     ; SPINE_CLOCK_X106_Y30_N0_I7             ; SPINE_CLOCK                         ;
;   6.376 ;   0.458 ;    ; RE   ; 1      ; SCLK_TO_ROWCLK_BUF_X106_Y36_N0_I43     ; SCLK_TO_ROWCLK_BUF                  ;
;   6.464 ;   0.088 ;    ; RE   ; 2      ; SCLK_TO_ROWCLK_BUF_X106_Y36_N0_I46     ; SCLK_TO_ROWCLK_BUF                  ;
;   6.895 ;   0.431 ;    ; RE   ; 8      ; LAB_CLK_X92_Y36_N0_I5                  ; LAB_CLK                             ;
;   7.031 ;   0.136 ;    ; RE   ; 1      ; BLK_CLK_BUF_X98_Y36_N0_I5              ; BLK_CLK_BUF                         ;
;   7.086 ;   0.055 ;    ; RE   ; 1      ; ROWCLKSEL_PREBUF_X98_Y36_N0_I5         ; ROWCLKSEL_PREBUF                    ;
;   7.125 ;   0.039 ;    ; RE   ; 1      ; ROWCLKSEL_X98_Y36_N0_I2                ; ROWCLKSEL                           ;
;   7.125 ;   0.000 ;    ; RE   ; 1      ; GLOBAL_LOCAL_SEL_X98_Y36_N0_I2         ; GLOBAL_LOCAL_SEL                    ;
;   7.125 ;   0.000 ;    ; RE   ; 21     ; LAB_INPUT_X98_Y36_N0_I3                ; LAB_INPUT                           ;
;   7.125 ;   0.000 ; RR ; IC   ; 1      ; FF_X98_Y36_N52                         ; u_root|remainder_work[17]|clrn      ;
;   7.789 ;   0.664 ; RR ; CELL ; 1      ; FF_X98_Y36_N52                         ; isqrt_u64:u_root|remainder_work[17] ;
+---------+---------+----+------+--------+----------------------------------------+-------------------------------------+

+---------------------------------------------------------------------------------------------------------------------+
; Data Required Path                                                                                                  ;
+----------+---------+----+------+--------+-------------------------------------+-------------------------------------+
; Total    ; Incr    ; RF ; Type ; Fanout ; Location                            ; Element                             ;
+----------+---------+----+------+--------+-------------------------------------+-------------------------------------+
; 10.000   ; 10.000  ;    ;      ;        ;                                     ; latch edge time                     ;
; 14.165   ; 4.165   ;    ;      ;        ;                                     ; clock path                          ;
;   10.000 ;   0.000 ;    ;      ;        ;                                     ; source latency                      ;
;   10.000 ;   0.000 ;    ;      ; 1      ; PIN_AC18                            ; clk                                 ;
;   10.000 ;   0.000 ;    ; RE   ; 1      ; IOPAD_X54_Y0_N0                     ; ARRIAV_IO_PAD                       ;
;   10.000 ;   0.000 ;    ; RE   ; 1      ; IO_PAD_OUTPUT_X54_Y0_N0_I1          ; IO_PAD_OUTPUT                       ;
;   10.000 ;   0.000 ;    ; RE   ; 1      ; IO_INPUT_BUFFER_INPUT_X54_Y0_N1_I0  ; IO_INPUT_BUFFER_INPUT               ;
;   10.000 ;   0.000 ; RR ; IC   ; 1      ; IOIBUF_X54_Y0_N1                    ; clk~input|i                         ;
;   10.917 ;   0.917 ; RR ; CELL ; 1      ; IOIBUF_X54_Y0_N1                    ; clk~input|o                         ;
;   10.917 ;   0.000 ;    ; RE   ; 1      ; IOIBUF_X54_Y0_N1                    ; ARRIAV_IO_IBUF                      ;
;   10.917 ;   0.000 ;    ; RE   ; 1      ; IO_INPUT_BUFFER_OUTPUT_X54_Y0_N1_I2 ; IO_INPUT_BUFFER_OUTPUT              ;
;   10.917 ;   0.000 ;    ; RE   ; 1      ; IO_RE_X54_Y0_N0_I96                 ; IO_RE                               ;
;   11.095 ;   0.178 ;    ; RE   ; 1      ; IO_RE_X54_Y0_N0_I66                 ; IO_RE                               ;
;   11.095 ;   0.000 ;    ; RE   ; 1      ; CLKBUF_CLUSTER_RE_X58_Y0_N0_I1614   ; CLKBUF_CLUSTER_RE                   ;
;   11.095 ;   0.000 ;    ; RE   ; 1      ; CLKBUF_CLUSTER_RE_X58_Y0_N0_I616    ; CLKBUF_CLUSTER_RE                   ;
;   11.095 ;   0.000 ;    ; RE   ; 1      ; GCLK_CLUSTER_RE_X58_Y0_N6_I10       ; GCLK_CLUSTER_RE                     ;
;   11.095 ;   0.000 ;    ; RE   ; 1      ; CLKBUFBLOCK_INPUT_X58_Y0_N7_I0      ; CLKBUFBLOCK_INPUT                   ;
;   11.095 ;   0.000 ; RR ; IC   ; 1      ; CLKCTRL_G6                          ; clk~inputCLKENA0|inclk              ;
;   11.407 ;   0.312 ; RR ; CELL ; 37157  ; CLKCTRL_G6                          ; clk~inputCLKENA0|outclk             ;
;   11.407 ;   0.000 ;    ; RE   ; 1      ; CLKCTRL_G6                          ; ARRIAV_CLKBUF                       ;
;   11.407 ;   0.000 ;    ; RE   ; 1      ; CLKBUFBLOCK_OUTPUT_X58_Y0_N7_I2     ; CLKBUFBLOCK_OUTPUT                  ;
;   11.407 ;   0.000 ;    ; RE   ; 1      ; GCLK_CLUSTER_RE_X58_Y0_N6_I12       ; GCLK_CLUSTER_RE                     ;
;   11.407 ;   0.000 ;    ; RE   ; 1      ; CLKBUF_CLUSTER_RE_X58_Y0_N0_I417    ; CLKBUF_CLUSTER_RE                   ;
;   12.397 ;   0.990 ;    ; RE   ; 16     ; GLOBAL_CLOCK_X0_Y58_N0_I6           ; GLOBAL_CLOCK                        ;
;   12.581 ;   0.184 ;    ; RE   ; 29     ; SPINE_CLOCK_X106_Y30_N0_I2          ; SPINE_CLOCK                         ;
;   13.022 ;   0.441 ;    ; RE   ; 1      ; SCLK_TO_ROWCLK_BUF_X106_Y36_N0_I12  ; SCLK_TO_ROWCLK_BUF                  ;
;   13.107 ;   0.085 ;    ; RE   ; 2      ; SCLK_TO_ROWCLK_BUF_X106_Y36_N0_I15  ; SCLK_TO_ROWCLK_BUF                  ;
;   13.522 ;   0.415 ;    ; RE   ; 12     ; LAB_CLK_X92_Y36_N0_I2               ; LAB_CLK                             ;
;   13.647 ;   0.125 ;    ; RE   ; 1      ; BLK_CLK_BUF_X98_Y36_N0_I2           ; BLK_CLK_BUF                         ;
;   13.700 ;   0.053 ;    ; RE   ; 1      ; ROWCLKSEL_PREBUF_X98_Y36_N0_I2      ; ROWCLKSEL_PREBUF                    ;
;   13.735 ;   0.035 ;    ; RE   ; 1      ; ROWCLKSEL_X98_Y36_N0_I1             ; ROWCLKSEL                           ;
;   13.735 ;   0.000 ;    ; RE   ; 1      ; GLOBAL_LOCAL_SEL_X98_Y36_N0_I1      ; GLOBAL_LOCAL_SEL                    ;
;   13.735 ;   0.000 ;    ; RE   ; 21     ; LAB_INPUT_X98_Y36_N0_I2             ; LAB_INPUT                           ;
;   13.736 ;   0.001 ; RR ; IC   ; 1      ; FF_X98_Y36_N52                      ; u_root|remainder_work[17]|clk       ;
;   14.165 ;   0.429 ; RR ; CELL ; 1      ; FF_X98_Y36_N52                      ; isqrt_u64:u_root|remainder_work[17] ;
; 14.065   ; -0.100  ;    ;      ;        ;                                     ; clock uncertainty                   ;
; 14.065   ; 0.000   ;    ; uTsu ; 1      ; FF_X98_Y36_N52                      ; isqrt_u64:u_root|remainder_work[17] ;
+----------+---------+----+------+--------+-------------------------------------+-------------------------------------+

----------------------------
; Extra Fitter Information ;
----------------------------
HTML report is unavailable in plain text report export.


Path #5: Recovery slack is 6.276 
===============================================================================
+---------------------------------------------------------+
; Path Summary                                            ;
+--------------------+------------------------------------+
; Property           ; Value                              ;
+--------------------+------------------------------------+
; From Node          ; rst_n                              ;
; To Node            ; isqrt_u64:u_root|remainder_work[0] ;
; Launch Clock       ; clk                                ;
; Latch Clock        ; clk                                ;
; Data Arrival Time  ; 7.790                              ;
; Data Required Time ; 14.066                             ;
; Slack              ; 6.276                              ;
+--------------------+------------------------------------+

+---------------------------------------------------------------------------------------+
; Statistics                                                                            ;
+---------------------------+--------+-------+-------------+------------+-------+-------+
; Property                  ; Value  ; Count ; Total Delay ; % of Total ; Min   ; Max   ;
+---------------------------+--------+-------+-------------+------------+-------+-------+
; Recovery Relationship     ; 10.000 ;       ;             ;            ;       ;       ;
; Clock Skew                ; 4.166  ;       ;             ;            ;       ;       ;
; Data Delay                ; 5.790  ;       ;             ;            ;       ;       ;
; Number of Logic Levels    ;        ; 2     ;             ;            ;       ;       ;
; Physical Delays           ;        ;       ;             ;            ;       ;       ;
;  Arrival Path             ;        ;       ;             ;            ;       ;       ;
;   Clock                   ;        ;       ;             ;            ;       ;       ;
;    Clock Network (Lumped) ;        ; 1     ; 0.000       ;            ; 0.000 ; 0.000 ;
;   Data                    ;        ;       ;             ;            ;       ;       ;
;    IC                     ;        ; 3     ; 0.000       ; 0          ; 0.000 ; 0.000 ;
;    Cell                   ;        ; 3     ; 2.826       ; 49         ; 0.468 ; 1.693 ;
;    Routing Element        ;        ; 26    ; 2.964       ; 51         ; 0.000 ; 1.065 ;
;  Required Path            ;        ;       ;             ;            ;       ;       ;
;   Clock                   ;        ;       ;             ;            ;       ;       ;
;    IC                     ;        ; 3     ; 0.001       ; 0          ; 0.000 ; 0.001 ;
;    Cell                   ;        ; 3     ; 1.659       ; 40         ; 0.312 ; 0.917 ;
;    Routing Element        ;        ; 25    ; 2.506       ; 60         ; 0.000 ; 0.990 ;
+---------------------------+--------+-------+-------------+------------+-------+-------+
Note: Negative delays are omitted from totals when calculating percentages

+----------------------------------------------------------------------------------------------------------------------+
; Data Arrival Path                                                                                                    ;
+---------+---------+----+------+--------+----------------------------------------+------------------------------------+
; Total   ; Incr    ; RF ; Type ; Fanout ; Location                               ; Element                            ;
+---------+---------+----+------+--------+----------------------------------------+------------------------------------+
; 0.000   ; 0.000   ;    ;      ;        ;                                        ; launch edge time                   ;
; 0.000   ; 0.000   ;    ;      ;        ;                                        ; clock path                         ;
;   0.000 ;   0.000 ; R  ;      ;        ;                                        ; clock network delay                ;
; 2.000   ; 2.000   ; R  ; iExt ; 1      ; PIN_V27                                ; rst_n                              ;
; 7.790   ; 5.790   ;    ;      ;        ;                                        ; data path                          ;
;   2.000 ;   0.000 ;    ; RE   ; 1      ; IOPAD_X121_Y51_N60                     ; ARRIAV_IO_PAD                      ;
;   2.000 ;   0.000 ;    ; RE   ; 1      ; IO_PAD_OUTPUT_X121_Y51_N60_I1          ; IO_PAD_OUTPUT                      ;
;   2.000 ;   0.000 ;    ; RE   ; 1      ; IO_INPUT_BUFFER_INPUT_X121_Y51_N61_I0  ; IO_INPUT_BUFFER_INPUT              ;
;   2.000 ;   0.000 ; RR ; IC   ; 1      ; IOIBUF_X121_Y51_N61                    ; rst_n~input|i                      ;
;   3.693 ;   1.693 ; RR ; CELL ; 1294   ; IOIBUF_X121_Y51_N61                    ; rst_n~input|o                      ;
;   3.693 ;   0.000 ;    ; RE   ; 1      ; IOIBUF_X121_Y51_N61                    ; ARRIAV_IO_IBUF                     ;
;   3.693 ;   0.000 ;    ; RE   ; 1      ; IO_INPUT_BUFFER_OUTPUT_X121_Y51_N61_I2 ; IO_INPUT_BUFFER_OUTPUT             ;
;   3.693 ;   0.000 ;    ; RE   ; 2      ; IO_RE_X121_Y51_N60_I96                 ; IO_RE                              ;
;   3.880 ;   0.187 ;    ; RE   ; 1      ; IO_RE_X121_Y51_N60_I66                 ; IO_RE                              ;
;   4.194 ;   0.314 ;    ; RE   ; 1      ; CLKBUF_CLUSTER_RE_X121_Y56_N3_I421     ; CLKBUF_CLUSTER_RE                  ;
;   4.194 ;   0.000 ;    ; RE   ; 1      ; CLKBUF_CLUSTER_RE_X121_Y56_N3_I772     ; CLKBUF_CLUSTER_RE                  ;
;   4.194 ;   0.000 ;    ; RE   ; 1      ; CLKBUF_CLUSTER_RE_X121_Y56_N3_I557     ; CLKBUF_CLUSTER_RE                  ;
;   4.194 ;   0.000 ;    ; RE   ; 1      ; GCLK_CLUSTER_RE_X121_Y56_N6_I10        ; GCLK_CLUSTER_RE                    ;
;   4.194 ;   0.000 ;    ; RE   ; 1      ; CLKBUFBLOCK_INPUT_X121_Y56_N7_I0       ; CLKBUFBLOCK_INPUT                  ;
;   4.194 ;   0.000 ; RR ; IC   ; 1      ; CLKCTRL_G9                             ; rst_n~inputCLKENA0|inclk           ;
;   4.662 ;   0.468 ; RR ; CELL ; 2145   ; CLKCTRL_G9                             ; rst_n~inputCLKENA0|outclk          ;
;   4.662 ;   0.000 ;    ; RE   ; 1      ; CLKCTRL_G9                             ; ARRIAV_CLKBUF                      ;
;   4.662 ;   0.000 ;    ; RE   ; 1      ; CLKBUFBLOCK_OUTPUT_X121_Y56_N7_I2      ; CLKBUFBLOCK_OUTPUT                 ;
;   4.662 ;   0.000 ;    ; RE   ; 1      ; GCLK_CLUSTER_RE_X121_Y56_N6_I12        ; GCLK_CLUSTER_RE                    ;
;   4.662 ;   0.000 ;    ; RE   ; 1      ; CLKBUF_CLUSTER_RE_X121_Y56_N3_I416     ; CLKBUF_CLUSTER_RE                  ;
;   5.727 ;   1.065 ;    ; RE   ; 16     ; GLOBAL_CLOCK_X0_Y58_N0_I9              ; GLOBAL_CLOCK                       ;
;   5.918 ;   0.191 ;    ; RE   ; 25     ; SPINE_CLOCK_X106_Y30_N0_I7             ; SPINE_CLOCK                        ;
;   6.376 ;   0.458 ;    ; RE   ; 1      ; SCLK_TO_ROWCLK_BUF_X106_Y36_N0_I43     ; SCLK_TO_ROWCLK_BUF                 ;
;   6.464 ;   0.088 ;    ; RE   ; 2      ; SCLK_TO_ROWCLK_BUF_X106_Y36_N0_I46     ; SCLK_TO_ROWCLK_BUF                 ;
;   6.895 ;   0.431 ;    ; RE   ; 8      ; LAB_CLK_X92_Y36_N0_I5                  ; LAB_CLK                            ;
;   7.031 ;   0.136 ;    ; RE   ; 1      ; BLK_CLK_BUF_X98_Y36_N0_I5              ; BLK_CLK_BUF                        ;
;   7.086 ;   0.055 ;    ; RE   ; 1      ; ROWCLKSEL_PREBUF_X98_Y36_N0_I5         ; ROWCLKSEL_PREBUF                   ;
;   7.125 ;   0.039 ;    ; RE   ; 1      ; ROWCLKSEL_X98_Y36_N0_I2                ; ROWCLKSEL                          ;
;   7.125 ;   0.000 ;    ; RE   ; 1      ; GLOBAL_LOCAL_SEL_X98_Y36_N0_I2         ; GLOBAL_LOCAL_SEL                   ;
;   7.125 ;   0.000 ;    ; RE   ; 21     ; LAB_INPUT_X98_Y36_N0_I3                ; LAB_INPUT                          ;
;   7.125 ;   0.000 ; RR ; IC   ; 1      ; FF_X98_Y36_N2                          ; u_root|remainder_work[0]|clrn      ;
;   7.790 ;   0.665 ; RR ; CELL ; 1      ; FF_X98_Y36_N2                          ; isqrt_u64:u_root|remainder_work[0] ;
+---------+---------+----+------+--------+----------------------------------------+------------------------------------+

+--------------------------------------------------------------------------------------------------------------------+
; Data Required Path                                                                                                 ;
+----------+---------+----+------+--------+-------------------------------------+------------------------------------+
; Total    ; Incr    ; RF ; Type ; Fanout ; Location                            ; Element                            ;
+----------+---------+----+------+--------+-------------------------------------+------------------------------------+
; 10.000   ; 10.000  ;    ;      ;        ;                                     ; latch edge time                    ;
; 14.166   ; 4.166   ;    ;      ;        ;                                     ; clock path                         ;
;   10.000 ;   0.000 ;    ;      ;        ;                                     ; source latency                     ;
;   10.000 ;   0.000 ;    ;      ; 1      ; PIN_AC18                            ; clk                                ;
;   10.000 ;   0.000 ;    ; RE   ; 1      ; IOPAD_X54_Y0_N0                     ; ARRIAV_IO_PAD                      ;
;   10.000 ;   0.000 ;    ; RE   ; 1      ; IO_PAD_OUTPUT_X54_Y0_N0_I1          ; IO_PAD_OUTPUT                      ;
;   10.000 ;   0.000 ;    ; RE   ; 1      ; IO_INPUT_BUFFER_INPUT_X54_Y0_N1_I0  ; IO_INPUT_BUFFER_INPUT              ;
;   10.000 ;   0.000 ; RR ; IC   ; 1      ; IOIBUF_X54_Y0_N1                    ; clk~input|i                        ;
;   10.917 ;   0.917 ; RR ; CELL ; 1      ; IOIBUF_X54_Y0_N1                    ; clk~input|o                        ;
;   10.917 ;   0.000 ;    ; RE   ; 1      ; IOIBUF_X54_Y0_N1                    ; ARRIAV_IO_IBUF                     ;
;   10.917 ;   0.000 ;    ; RE   ; 1      ; IO_INPUT_BUFFER_OUTPUT_X54_Y0_N1_I2 ; IO_INPUT_BUFFER_OUTPUT             ;
;   10.917 ;   0.000 ;    ; RE   ; 1      ; IO_RE_X54_Y0_N0_I96                 ; IO_RE                              ;
;   11.095 ;   0.178 ;    ; RE   ; 1      ; IO_RE_X54_Y0_N0_I66                 ; IO_RE                              ;
;   11.095 ;   0.000 ;    ; RE   ; 1      ; CLKBUF_CLUSTER_RE_X58_Y0_N0_I1614   ; CLKBUF_CLUSTER_RE                  ;
;   11.095 ;   0.000 ;    ; RE   ; 1      ; CLKBUF_CLUSTER_RE_X58_Y0_N0_I616    ; CLKBUF_CLUSTER_RE                  ;
;   11.095 ;   0.000 ;    ; RE   ; 1      ; GCLK_CLUSTER_RE_X58_Y0_N6_I10       ; GCLK_CLUSTER_RE                    ;
;   11.095 ;   0.000 ;    ; RE   ; 1      ; CLKBUFBLOCK_INPUT_X58_Y0_N7_I0      ; CLKBUFBLOCK_INPUT                  ;
;   11.095 ;   0.000 ; RR ; IC   ; 1      ; CLKCTRL_G6                          ; clk~inputCLKENA0|inclk             ;
;   11.407 ;   0.312 ; RR ; CELL ; 37157  ; CLKCTRL_G6                          ; clk~inputCLKENA0|outclk            ;
;   11.407 ;   0.000 ;    ; RE   ; 1      ; CLKCTRL_G6                          ; ARRIAV_CLKBUF                      ;
;   11.407 ;   0.000 ;    ; RE   ; 1      ; CLKBUFBLOCK_OUTPUT_X58_Y0_N7_I2     ; CLKBUFBLOCK_OUTPUT                 ;
;   11.407 ;   0.000 ;    ; RE   ; 1      ; GCLK_CLUSTER_RE_X58_Y0_N6_I12       ; GCLK_CLUSTER_RE                    ;
;   11.407 ;   0.000 ;    ; RE   ; 1      ; CLKBUF_CLUSTER_RE_X58_Y0_N0_I417    ; CLKBUF_CLUSTER_RE                  ;
;   12.397 ;   0.990 ;    ; RE   ; 16     ; GLOBAL_CLOCK_X0_Y58_N0_I6           ; GLOBAL_CLOCK                       ;
;   12.581 ;   0.184 ;    ; RE   ; 29     ; SPINE_CLOCK_X106_Y30_N0_I2          ; SPINE_CLOCK                        ;
;   13.022 ;   0.441 ;    ; RE   ; 1      ; SCLK_TO_ROWCLK_BUF_X106_Y36_N0_I12  ; SCLK_TO_ROWCLK_BUF                 ;
;   13.107 ;   0.085 ;    ; RE   ; 2      ; SCLK_TO_ROWCLK_BUF_X106_Y36_N0_I15  ; SCLK_TO_ROWCLK_BUF                 ;
;   13.522 ;   0.415 ;    ; RE   ; 12     ; LAB_CLK_X92_Y36_N0_I2               ; LAB_CLK                            ;
;   13.647 ;   0.125 ;    ; RE   ; 1      ; BLK_CLK_BUF_X98_Y36_N0_I2           ; BLK_CLK_BUF                        ;
;   13.700 ;   0.053 ;    ; RE   ; 1      ; ROWCLKSEL_PREBUF_X98_Y36_N0_I2      ; ROWCLKSEL_PREBUF                   ;
;   13.735 ;   0.035 ;    ; RE   ; 1      ; ROWCLKSEL_X98_Y36_N0_I1             ; ROWCLKSEL                          ;
;   13.735 ;   0.000 ;    ; RE   ; 1      ; GLOBAL_LOCAL_SEL_X98_Y36_N0_I1      ; GLOBAL_LOCAL_SEL                   ;
;   13.735 ;   0.000 ;    ; RE   ; 21     ; LAB_INPUT_X98_Y36_N0_I2             ; LAB_INPUT                          ;
;   13.736 ;   0.001 ; RR ; IC   ; 1      ; FF_X98_Y36_N2                       ; u_root|remainder_work[0]|clk       ;
;   14.166 ;   0.430 ; RR ; CELL ; 1      ; FF_X98_Y36_N2                       ; isqrt_u64:u_root|remainder_work[0] ;
; 14.066   ; -0.100  ;    ;      ;        ;                                     ; clock uncertainty                  ;
; 14.066   ; 0.000   ;    ; uTsu ; 1      ; FF_X98_Y36_N2                       ; isqrt_u64:u_root|remainder_work[0] ;
+----------+---------+----+------+--------+-------------------------------------+------------------------------------+

----------------------------
; Extra Fitter Information ;
----------------------------
HTML report is unavailable in plain text report export.


Path #6: Recovery slack is 6.276 
===============================================================================
+---------------------------------------------------------+
; Path Summary                                            ;
+--------------------+------------------------------------+
; Property           ; Value                              ;
+--------------------+------------------------------------+
; From Node          ; rst_n                              ;
; To Node            ; isqrt_u64:u_root|remainder_work[4] ;
; Launch Clock       ; clk                                ;
; Latch Clock        ; clk                                ;
; Data Arrival Time  ; 7.790                              ;
; Data Required Time ; 14.066                             ;
; Slack              ; 6.276                              ;
+--------------------+------------------------------------+

+---------------------------------------------------------------------------------------+
; Statistics                                                                            ;
+---------------------------+--------+-------+-------------+------------+-------+-------+
; Property                  ; Value  ; Count ; Total Delay ; % of Total ; Min   ; Max   ;
+---------------------------+--------+-------+-------------+------------+-------+-------+
; Recovery Relationship     ; 10.000 ;       ;             ;            ;       ;       ;
; Clock Skew                ; 4.166  ;       ;             ;            ;       ;       ;
; Data Delay                ; 5.790  ;       ;             ;            ;       ;       ;
; Number of Logic Levels    ;        ; 2     ;             ;            ;       ;       ;
; Physical Delays           ;        ;       ;             ;            ;       ;       ;
;  Arrival Path             ;        ;       ;             ;            ;       ;       ;
;   Clock                   ;        ;       ;             ;            ;       ;       ;
;    Clock Network (Lumped) ;        ; 1     ; 0.000       ;            ; 0.000 ; 0.000 ;
;   Data                    ;        ;       ;             ;            ;       ;       ;
;    IC                     ;        ; 3     ; 0.000       ; 0          ; 0.000 ; 0.000 ;
;    Cell                   ;        ; 3     ; 2.826       ; 49         ; 0.468 ; 1.693 ;
;    Routing Element        ;        ; 26    ; 2.964       ; 51         ; 0.000 ; 1.065 ;
;  Required Path            ;        ;       ;             ;            ;       ;       ;
;   Clock                   ;        ;       ;             ;            ;       ;       ;
;    IC                     ;        ; 3     ; 0.001       ; 0          ; 0.000 ; 0.001 ;
;    Cell                   ;        ; 3     ; 1.659       ; 40         ; 0.312 ; 0.917 ;
;    Routing Element        ;        ; 25    ; 2.506       ; 60         ; 0.000 ; 0.990 ;
+---------------------------+--------+-------+-------------+------------+-------+-------+
Note: Negative delays are omitted from totals when calculating percentages

+----------------------------------------------------------------------------------------------------------------------+
; Data Arrival Path                                                                                                    ;
+---------+---------+----+------+--------+----------------------------------------+------------------------------------+
; Total   ; Incr    ; RF ; Type ; Fanout ; Location                               ; Element                            ;
+---------+---------+----+------+--------+----------------------------------------+------------------------------------+
; 0.000   ; 0.000   ;    ;      ;        ;                                        ; launch edge time                   ;
; 0.000   ; 0.000   ;    ;      ;        ;                                        ; clock path                         ;
;   0.000 ;   0.000 ; R  ;      ;        ;                                        ; clock network delay                ;
; 2.000   ; 2.000   ; R  ; iExt ; 1      ; PIN_V27                                ; rst_n                              ;
; 7.790   ; 5.790   ;    ;      ;        ;                                        ; data path                          ;
;   2.000 ;   0.000 ;    ; RE   ; 1      ; IOPAD_X121_Y51_N60                     ; ARRIAV_IO_PAD                      ;
;   2.000 ;   0.000 ;    ; RE   ; 1      ; IO_PAD_OUTPUT_X121_Y51_N60_I1          ; IO_PAD_OUTPUT                      ;
;   2.000 ;   0.000 ;    ; RE   ; 1      ; IO_INPUT_BUFFER_INPUT_X121_Y51_N61_I0  ; IO_INPUT_BUFFER_INPUT              ;
;   2.000 ;   0.000 ; RR ; IC   ; 1      ; IOIBUF_X121_Y51_N61                    ; rst_n~input|i                      ;
;   3.693 ;   1.693 ; RR ; CELL ; 1294   ; IOIBUF_X121_Y51_N61                    ; rst_n~input|o                      ;
;   3.693 ;   0.000 ;    ; RE   ; 1      ; IOIBUF_X121_Y51_N61                    ; ARRIAV_IO_IBUF                     ;
;   3.693 ;   0.000 ;    ; RE   ; 1      ; IO_INPUT_BUFFER_OUTPUT_X121_Y51_N61_I2 ; IO_INPUT_BUFFER_OUTPUT             ;
;   3.693 ;   0.000 ;    ; RE   ; 2      ; IO_RE_X121_Y51_N60_I96                 ; IO_RE                              ;
;   3.880 ;   0.187 ;    ; RE   ; 1      ; IO_RE_X121_Y51_N60_I66                 ; IO_RE                              ;
;   4.194 ;   0.314 ;    ; RE   ; 1      ; CLKBUF_CLUSTER_RE_X121_Y56_N3_I421     ; CLKBUF_CLUSTER_RE                  ;
;   4.194 ;   0.000 ;    ; RE   ; 1      ; CLKBUF_CLUSTER_RE_X121_Y56_N3_I772     ; CLKBUF_CLUSTER_RE                  ;
;   4.194 ;   0.000 ;    ; RE   ; 1      ; CLKBUF_CLUSTER_RE_X121_Y56_N3_I557     ; CLKBUF_CLUSTER_RE                  ;
;   4.194 ;   0.000 ;    ; RE   ; 1      ; GCLK_CLUSTER_RE_X121_Y56_N6_I10        ; GCLK_CLUSTER_RE                    ;
;   4.194 ;   0.000 ;    ; RE   ; 1      ; CLKBUFBLOCK_INPUT_X121_Y56_N7_I0       ; CLKBUFBLOCK_INPUT                  ;
;   4.194 ;   0.000 ; RR ; IC   ; 1      ; CLKCTRL_G9                             ; rst_n~inputCLKENA0|inclk           ;
;   4.662 ;   0.468 ; RR ; CELL ; 2145   ; CLKCTRL_G9                             ; rst_n~inputCLKENA0|outclk          ;
;   4.662 ;   0.000 ;    ; RE   ; 1      ; CLKCTRL_G9                             ; ARRIAV_CLKBUF                      ;
;   4.662 ;   0.000 ;    ; RE   ; 1      ; CLKBUFBLOCK_OUTPUT_X121_Y56_N7_I2      ; CLKBUFBLOCK_OUTPUT                 ;
;   4.662 ;   0.000 ;    ; RE   ; 1      ; GCLK_CLUSTER_RE_X121_Y56_N6_I12        ; GCLK_CLUSTER_RE                    ;
;   4.662 ;   0.000 ;    ; RE   ; 1      ; CLKBUF_CLUSTER_RE_X121_Y56_N3_I416     ; CLKBUF_CLUSTER_RE                  ;
;   5.727 ;   1.065 ;    ; RE   ; 16     ; GLOBAL_CLOCK_X0_Y58_N0_I9              ; GLOBAL_CLOCK                       ;
;   5.918 ;   0.191 ;    ; RE   ; 25     ; SPINE_CLOCK_X106_Y30_N0_I7             ; SPINE_CLOCK                        ;
;   6.376 ;   0.458 ;    ; RE   ; 1      ; SCLK_TO_ROWCLK_BUF_X106_Y36_N0_I43     ; SCLK_TO_ROWCLK_BUF                 ;
;   6.464 ;   0.088 ;    ; RE   ; 2      ; SCLK_TO_ROWCLK_BUF_X106_Y36_N0_I46     ; SCLK_TO_ROWCLK_BUF                 ;
;   6.895 ;   0.431 ;    ; RE   ; 8      ; LAB_CLK_X92_Y36_N0_I5                  ; LAB_CLK                            ;
;   7.031 ;   0.136 ;    ; RE   ; 1      ; BLK_CLK_BUF_X98_Y36_N0_I5              ; BLK_CLK_BUF                        ;
;   7.086 ;   0.055 ;    ; RE   ; 1      ; ROWCLKSEL_PREBUF_X98_Y36_N0_I5         ; ROWCLKSEL_PREBUF                   ;
;   7.125 ;   0.039 ;    ; RE   ; 1      ; ROWCLKSEL_X98_Y36_N0_I2                ; ROWCLKSEL                          ;
;   7.125 ;   0.000 ;    ; RE   ; 1      ; GLOBAL_LOCAL_SEL_X98_Y36_N0_I2         ; GLOBAL_LOCAL_SEL                   ;
;   7.125 ;   0.000 ;    ; RE   ; 21     ; LAB_INPUT_X98_Y36_N0_I3                ; LAB_INPUT                          ;
;   7.125 ;   0.000 ; RR ; IC   ; 1      ; FF_X98_Y36_N14                         ; u_root|remainder_work[4]|clrn      ;
;   7.790 ;   0.665 ; RR ; CELL ; 1      ; FF_X98_Y36_N14                         ; isqrt_u64:u_root|remainder_work[4] ;
+---------+---------+----+------+--------+----------------------------------------+------------------------------------+

+--------------------------------------------------------------------------------------------------------------------+
; Data Required Path                                                                                                 ;
+----------+---------+----+------+--------+-------------------------------------+------------------------------------+
; Total    ; Incr    ; RF ; Type ; Fanout ; Location                            ; Element                            ;
+----------+---------+----+------+--------+-------------------------------------+------------------------------------+
; 10.000   ; 10.000  ;    ;      ;        ;                                     ; latch edge time                    ;
; 14.166   ; 4.166   ;    ;      ;        ;                                     ; clock path                         ;
;   10.000 ;   0.000 ;    ;      ;        ;                                     ; source latency                     ;
;   10.000 ;   0.000 ;    ;      ; 1      ; PIN_AC18                            ; clk                                ;
;   10.000 ;   0.000 ;    ; RE   ; 1      ; IOPAD_X54_Y0_N0                     ; ARRIAV_IO_PAD                      ;
;   10.000 ;   0.000 ;    ; RE   ; 1      ; IO_PAD_OUTPUT_X54_Y0_N0_I1          ; IO_PAD_OUTPUT                      ;
;   10.000 ;   0.000 ;    ; RE   ; 1      ; IO_INPUT_BUFFER_INPUT_X54_Y0_N1_I0  ; IO_INPUT_BUFFER_INPUT              ;
;   10.000 ;   0.000 ; RR ; IC   ; 1      ; IOIBUF_X54_Y0_N1                    ; clk~input|i                        ;
;   10.917 ;   0.917 ; RR ; CELL ; 1      ; IOIBUF_X54_Y0_N1                    ; clk~input|o                        ;
;   10.917 ;   0.000 ;    ; RE   ; 1      ; IOIBUF_X54_Y0_N1                    ; ARRIAV_IO_IBUF                     ;
;   10.917 ;   0.000 ;    ; RE   ; 1      ; IO_INPUT_BUFFER_OUTPUT_X54_Y0_N1_I2 ; IO_INPUT_BUFFER_OUTPUT             ;
;   10.917 ;   0.000 ;    ; RE   ; 1      ; IO_RE_X54_Y0_N0_I96                 ; IO_RE                              ;
;   11.095 ;   0.178 ;    ; RE   ; 1      ; IO_RE_X54_Y0_N0_I66                 ; IO_RE                              ;
;   11.095 ;   0.000 ;    ; RE   ; 1      ; CLKBUF_CLUSTER_RE_X58_Y0_N0_I1614   ; CLKBUF_CLUSTER_RE                  ;
;   11.095 ;   0.000 ;    ; RE   ; 1      ; CLKBUF_CLUSTER_RE_X58_Y0_N0_I616    ; CLKBUF_CLUSTER_RE                  ;
;   11.095 ;   0.000 ;    ; RE   ; 1      ; GCLK_CLUSTER_RE_X58_Y0_N6_I10       ; GCLK_CLUSTER_RE                    ;
;   11.095 ;   0.000 ;    ; RE   ; 1      ; CLKBUFBLOCK_INPUT_X58_Y0_N7_I0      ; CLKBUFBLOCK_INPUT                  ;
;   11.095 ;   0.000 ; RR ; IC   ; 1      ; CLKCTRL_G6                          ; clk~inputCLKENA0|inclk             ;
;   11.407 ;   0.312 ; RR ; CELL ; 37157  ; CLKCTRL_G6                          ; clk~inputCLKENA0|outclk            ;
;   11.407 ;   0.000 ;    ; RE   ; 1      ; CLKCTRL_G6                          ; ARRIAV_CLKBUF                      ;
;   11.407 ;   0.000 ;    ; RE   ; 1      ; CLKBUFBLOCK_OUTPUT_X58_Y0_N7_I2     ; CLKBUFBLOCK_OUTPUT                 ;
;   11.407 ;   0.000 ;    ; RE   ; 1      ; GCLK_CLUSTER_RE_X58_Y0_N6_I12       ; GCLK_CLUSTER_RE                    ;
;   11.407 ;   0.000 ;    ; RE   ; 1      ; CLKBUF_CLUSTER_RE_X58_Y0_N0_I417    ; CLKBUF_CLUSTER_RE                  ;
;   12.397 ;   0.990 ;    ; RE   ; 16     ; GLOBAL_CLOCK_X0_Y58_N0_I6           ; GLOBAL_CLOCK                       ;
;   12.581 ;   0.184 ;    ; RE   ; 29     ; SPINE_CLOCK_X106_Y30_N0_I2          ; SPINE_CLOCK                        ;
;   13.022 ;   0.441 ;    ; RE   ; 1      ; SCLK_TO_ROWCLK_BUF_X106_Y36_N0_I12  ; SCLK_TO_ROWCLK_BUF                 ;
;   13.107 ;   0.085 ;    ; RE   ; 2      ; SCLK_TO_ROWCLK_BUF_X106_Y36_N0_I15  ; SCLK_TO_ROWCLK_BUF                 ;
;   13.522 ;   0.415 ;    ; RE   ; 12     ; LAB_CLK_X92_Y36_N0_I2               ; LAB_CLK                            ;
;   13.647 ;   0.125 ;    ; RE   ; 1      ; BLK_CLK_BUF_X98_Y36_N0_I2           ; BLK_CLK_BUF                        ;
;   13.700 ;   0.053 ;    ; RE   ; 1      ; ROWCLKSEL_PREBUF_X98_Y36_N0_I2      ; ROWCLKSEL_PREBUF                   ;
;   13.735 ;   0.035 ;    ; RE   ; 1      ; ROWCLKSEL_X98_Y36_N0_I1             ; ROWCLKSEL                          ;
;   13.735 ;   0.000 ;    ; RE   ; 1      ; GLOBAL_LOCAL_SEL_X98_Y36_N0_I1      ; GLOBAL_LOCAL_SEL                   ;
;   13.735 ;   0.000 ;    ; RE   ; 21     ; LAB_INPUT_X98_Y36_N0_I2             ; LAB_INPUT                          ;
;   13.736 ;   0.001 ; RR ; IC   ; 1      ; FF_X98_Y36_N14                      ; u_root|remainder_work[4]|clk       ;
;   14.166 ;   0.430 ; RR ; CELL ; 1      ; FF_X98_Y36_N14                      ; isqrt_u64:u_root|remainder_work[4] ;
; 14.066   ; -0.100  ;    ;      ;        ;                                     ; clock uncertainty                  ;
; 14.066   ; 0.000   ;    ; uTsu ; 1      ; FF_X98_Y36_N14                      ; isqrt_u64:u_root|remainder_work[4] ;
+----------+---------+----+------+--------+-------------------------------------+------------------------------------+

----------------------------
; Extra Fitter Information ;
----------------------------
HTML report is unavailable in plain text report export.


Path #7: Recovery slack is 6.276 
===============================================================================
+---------------------------------------------------------+
; Path Summary                                            ;
+--------------------+------------------------------------+
; Property           ; Value                              ;
+--------------------+------------------------------------+
; From Node          ; rst_n                              ;
; To Node            ; isqrt_u64:u_root|remainder_work[6] ;
; Launch Clock       ; clk                                ;
; Latch Clock        ; clk                                ;
; Data Arrival Time  ; 7.790                              ;
; Data Required Time ; 14.066                             ;
; Slack              ; 6.276                              ;
+--------------------+------------------------------------+

+---------------------------------------------------------------------------------------+
; Statistics                                                                            ;
+---------------------------+--------+-------+-------------+------------+-------+-------+
; Property                  ; Value  ; Count ; Total Delay ; % of Total ; Min   ; Max   ;
+---------------------------+--------+-------+-------------+------------+-------+-------+
; Recovery Relationship     ; 10.000 ;       ;             ;            ;       ;       ;
; Clock Skew                ; 4.166  ;       ;             ;            ;       ;       ;
; Data Delay                ; 5.790  ;       ;             ;            ;       ;       ;
; Number of Logic Levels    ;        ; 2     ;             ;            ;       ;       ;
; Physical Delays           ;        ;       ;             ;            ;       ;       ;
;  Arrival Path             ;        ;       ;             ;            ;       ;       ;
;   Clock                   ;        ;       ;             ;            ;       ;       ;
;    Clock Network (Lumped) ;        ; 1     ; 0.000       ;            ; 0.000 ; 0.000 ;
;   Data                    ;        ;       ;             ;            ;       ;       ;
;    IC                     ;        ; 3     ; 0.000       ; 0          ; 0.000 ; 0.000 ;
;    Cell                   ;        ; 3     ; 2.826       ; 49         ; 0.468 ; 1.693 ;
;    Routing Element        ;        ; 26    ; 2.964       ; 51         ; 0.000 ; 1.065 ;
;  Required Path            ;        ;       ;             ;            ;       ;       ;
;   Clock                   ;        ;       ;             ;            ;       ;       ;
;    IC                     ;        ; 3     ; 0.001       ; 0          ; 0.000 ; 0.001 ;
;    Cell                   ;        ; 3     ; 1.659       ; 40         ; 0.312 ; 0.917 ;
;    Routing Element        ;        ; 25    ; 2.506       ; 60         ; 0.000 ; 0.990 ;
+---------------------------+--------+-------+-------------+------------+-------+-------+
Note: Negative delays are omitted from totals when calculating percentages

+----------------------------------------------------------------------------------------------------------------------+
; Data Arrival Path                                                                                                    ;
+---------+---------+----+------+--------+----------------------------------------+------------------------------------+
; Total   ; Incr    ; RF ; Type ; Fanout ; Location                               ; Element                            ;
+---------+---------+----+------+--------+----------------------------------------+------------------------------------+
; 0.000   ; 0.000   ;    ;      ;        ;                                        ; launch edge time                   ;
; 0.000   ; 0.000   ;    ;      ;        ;                                        ; clock path                         ;
;   0.000 ;   0.000 ; R  ;      ;        ;                                        ; clock network delay                ;
; 2.000   ; 2.000   ; R  ; iExt ; 1      ; PIN_V27                                ; rst_n                              ;
; 7.790   ; 5.790   ;    ;      ;        ;                                        ; data path                          ;
;   2.000 ;   0.000 ;    ; RE   ; 1      ; IOPAD_X121_Y51_N60                     ; ARRIAV_IO_PAD                      ;
;   2.000 ;   0.000 ;    ; RE   ; 1      ; IO_PAD_OUTPUT_X121_Y51_N60_I1          ; IO_PAD_OUTPUT                      ;
;   2.000 ;   0.000 ;    ; RE   ; 1      ; IO_INPUT_BUFFER_INPUT_X121_Y51_N61_I0  ; IO_INPUT_BUFFER_INPUT              ;
;   2.000 ;   0.000 ; RR ; IC   ; 1      ; IOIBUF_X121_Y51_N61                    ; rst_n~input|i                      ;
;   3.693 ;   1.693 ; RR ; CELL ; 1294   ; IOIBUF_X121_Y51_N61                    ; rst_n~input|o                      ;
;   3.693 ;   0.000 ;    ; RE   ; 1      ; IOIBUF_X121_Y51_N61                    ; ARRIAV_IO_IBUF                     ;
;   3.693 ;   0.000 ;    ; RE   ; 1      ; IO_INPUT_BUFFER_OUTPUT_X121_Y51_N61_I2 ; IO_INPUT_BUFFER_OUTPUT             ;
;   3.693 ;   0.000 ;    ; RE   ; 2      ; IO_RE_X121_Y51_N60_I96                 ; IO_RE                              ;
;   3.880 ;   0.187 ;    ; RE   ; 1      ; IO_RE_X121_Y51_N60_I66                 ; IO_RE                              ;
;   4.194 ;   0.314 ;    ; RE   ; 1      ; CLKBUF_CLUSTER_RE_X121_Y56_N3_I421     ; CLKBUF_CLUSTER_RE                  ;
;   4.194 ;   0.000 ;    ; RE   ; 1      ; CLKBUF_CLUSTER_RE_X121_Y56_N3_I772     ; CLKBUF_CLUSTER_RE                  ;
;   4.194 ;   0.000 ;    ; RE   ; 1      ; CLKBUF_CLUSTER_RE_X121_Y56_N3_I557     ; CLKBUF_CLUSTER_RE                  ;
;   4.194 ;   0.000 ;    ; RE   ; 1      ; GCLK_CLUSTER_RE_X121_Y56_N6_I10        ; GCLK_CLUSTER_RE                    ;
;   4.194 ;   0.000 ;    ; RE   ; 1      ; CLKBUFBLOCK_INPUT_X121_Y56_N7_I0       ; CLKBUFBLOCK_INPUT                  ;
;   4.194 ;   0.000 ; RR ; IC   ; 1      ; CLKCTRL_G9                             ; rst_n~inputCLKENA0|inclk           ;
;   4.662 ;   0.468 ; RR ; CELL ; 2145   ; CLKCTRL_G9                             ; rst_n~inputCLKENA0|outclk          ;
;   4.662 ;   0.000 ;    ; RE   ; 1      ; CLKCTRL_G9                             ; ARRIAV_CLKBUF                      ;
;   4.662 ;   0.000 ;    ; RE   ; 1      ; CLKBUFBLOCK_OUTPUT_X121_Y56_N7_I2      ; CLKBUFBLOCK_OUTPUT                 ;
;   4.662 ;   0.000 ;    ; RE   ; 1      ; GCLK_CLUSTER_RE_X121_Y56_N6_I12        ; GCLK_CLUSTER_RE                    ;
;   4.662 ;   0.000 ;    ; RE   ; 1      ; CLKBUF_CLUSTER_RE_X121_Y56_N3_I416     ; CLKBUF_CLUSTER_RE                  ;
;   5.727 ;   1.065 ;    ; RE   ; 16     ; GLOBAL_CLOCK_X0_Y58_N0_I9              ; GLOBAL_CLOCK                       ;
;   5.918 ;   0.191 ;    ; RE   ; 25     ; SPINE_CLOCK_X106_Y30_N0_I7             ; SPINE_CLOCK                        ;
;   6.376 ;   0.458 ;    ; RE   ; 1      ; SCLK_TO_ROWCLK_BUF_X106_Y36_N0_I43     ; SCLK_TO_ROWCLK_BUF                 ;
;   6.464 ;   0.088 ;    ; RE   ; 2      ; SCLK_TO_ROWCLK_BUF_X106_Y36_N0_I46     ; SCLK_TO_ROWCLK_BUF                 ;
;   6.895 ;   0.431 ;    ; RE   ; 8      ; LAB_CLK_X92_Y36_N0_I5                  ; LAB_CLK                            ;
;   7.031 ;   0.136 ;    ; RE   ; 1      ; BLK_CLK_BUF_X98_Y36_N0_I5              ; BLK_CLK_BUF                        ;
;   7.086 ;   0.055 ;    ; RE   ; 1      ; ROWCLKSEL_PREBUF_X98_Y36_N0_I5         ; ROWCLKSEL_PREBUF                   ;
;   7.125 ;   0.039 ;    ; RE   ; 1      ; ROWCLKSEL_X98_Y36_N0_I2                ; ROWCLKSEL                          ;
;   7.125 ;   0.000 ;    ; RE   ; 1      ; GLOBAL_LOCAL_SEL_X98_Y36_N0_I2         ; GLOBAL_LOCAL_SEL                   ;
;   7.125 ;   0.000 ;    ; RE   ; 21     ; LAB_INPUT_X98_Y36_N0_I3                ; LAB_INPUT                          ;
;   7.125 ;   0.000 ; RR ; IC   ; 1      ; FF_X98_Y36_N20                         ; u_root|remainder_work[6]|clrn      ;
;   7.790 ;   0.665 ; RR ; CELL ; 1      ; FF_X98_Y36_N20                         ; isqrt_u64:u_root|remainder_work[6] ;
+---------+---------+----+------+--------+----------------------------------------+------------------------------------+

+--------------------------------------------------------------------------------------------------------------------+
; Data Required Path                                                                                                 ;
+----------+---------+----+------+--------+-------------------------------------+------------------------------------+
; Total    ; Incr    ; RF ; Type ; Fanout ; Location                            ; Element                            ;
+----------+---------+----+------+--------+-------------------------------------+------------------------------------+
; 10.000   ; 10.000  ;    ;      ;        ;                                     ; latch edge time                    ;
; 14.166   ; 4.166   ;    ;      ;        ;                                     ; clock path                         ;
;   10.000 ;   0.000 ;    ;      ;        ;                                     ; source latency                     ;
;   10.000 ;   0.000 ;    ;      ; 1      ; PIN_AC18                            ; clk                                ;
;   10.000 ;   0.000 ;    ; RE   ; 1      ; IOPAD_X54_Y0_N0                     ; ARRIAV_IO_PAD                      ;
;   10.000 ;   0.000 ;    ; RE   ; 1      ; IO_PAD_OUTPUT_X54_Y0_N0_I1          ; IO_PAD_OUTPUT                      ;
;   10.000 ;   0.000 ;    ; RE   ; 1      ; IO_INPUT_BUFFER_INPUT_X54_Y0_N1_I0  ; IO_INPUT_BUFFER_INPUT              ;
;   10.000 ;   0.000 ; RR ; IC   ; 1      ; IOIBUF_X54_Y0_N1                    ; clk~input|i                        ;
;   10.917 ;   0.917 ; RR ; CELL ; 1      ; IOIBUF_X54_Y0_N1                    ; clk~input|o                        ;
;   10.917 ;   0.000 ;    ; RE   ; 1      ; IOIBUF_X54_Y0_N1                    ; ARRIAV_IO_IBUF                     ;
;   10.917 ;   0.000 ;    ; RE   ; 1      ; IO_INPUT_BUFFER_OUTPUT_X54_Y0_N1_I2 ; IO_INPUT_BUFFER_OUTPUT             ;
;   10.917 ;   0.000 ;    ; RE   ; 1      ; IO_RE_X54_Y0_N0_I96                 ; IO_RE                              ;
;   11.095 ;   0.178 ;    ; RE   ; 1      ; IO_RE_X54_Y0_N0_I66                 ; IO_RE                              ;
;   11.095 ;   0.000 ;    ; RE   ; 1      ; CLKBUF_CLUSTER_RE_X58_Y0_N0_I1614   ; CLKBUF_CLUSTER_RE                  ;
;   11.095 ;   0.000 ;    ; RE   ; 1      ; CLKBUF_CLUSTER_RE_X58_Y0_N0_I616    ; CLKBUF_CLUSTER_RE                  ;
;   11.095 ;   0.000 ;    ; RE   ; 1      ; GCLK_CLUSTER_RE_X58_Y0_N6_I10       ; GCLK_CLUSTER_RE                    ;
;   11.095 ;   0.000 ;    ; RE   ; 1      ; CLKBUFBLOCK_INPUT_X58_Y0_N7_I0      ; CLKBUFBLOCK_INPUT                  ;
;   11.095 ;   0.000 ; RR ; IC   ; 1      ; CLKCTRL_G6                          ; clk~inputCLKENA0|inclk             ;
;   11.407 ;   0.312 ; RR ; CELL ; 37157  ; CLKCTRL_G6                          ; clk~inputCLKENA0|outclk            ;
;   11.407 ;   0.000 ;    ; RE   ; 1      ; CLKCTRL_G6                          ; ARRIAV_CLKBUF                      ;
;   11.407 ;   0.000 ;    ; RE   ; 1      ; CLKBUFBLOCK_OUTPUT_X58_Y0_N7_I2     ; CLKBUFBLOCK_OUTPUT                 ;
;   11.407 ;   0.000 ;    ; RE   ; 1      ; GCLK_CLUSTER_RE_X58_Y0_N6_I12       ; GCLK_CLUSTER_RE                    ;
;   11.407 ;   0.000 ;    ; RE   ; 1      ; CLKBUF_CLUSTER_RE_X58_Y0_N0_I417    ; CLKBUF_CLUSTER_RE                  ;
;   12.397 ;   0.990 ;    ; RE   ; 16     ; GLOBAL_CLOCK_X0_Y58_N0_I6           ; GLOBAL_CLOCK                       ;
;   12.581 ;   0.184 ;    ; RE   ; 29     ; SPINE_CLOCK_X106_Y30_N0_I2          ; SPINE_CLOCK                        ;
;   13.022 ;   0.441 ;    ; RE   ; 1      ; SCLK_TO_ROWCLK_BUF_X106_Y36_N0_I12  ; SCLK_TO_ROWCLK_BUF                 ;
;   13.107 ;   0.085 ;    ; RE   ; 2      ; SCLK_TO_ROWCLK_BUF_X106_Y36_N0_I15  ; SCLK_TO_ROWCLK_BUF                 ;
;   13.522 ;   0.415 ;    ; RE   ; 12     ; LAB_CLK_X92_Y36_N0_I2               ; LAB_CLK                            ;
;   13.647 ;   0.125 ;    ; RE   ; 1      ; BLK_CLK_BUF_X98_Y36_N0_I2           ; BLK_CLK_BUF                        ;
;   13.700 ;   0.053 ;    ; RE   ; 1      ; ROWCLKSEL_PREBUF_X98_Y36_N0_I2      ; ROWCLKSEL_PREBUF                   ;
;   13.735 ;   0.035 ;    ; RE   ; 1      ; ROWCLKSEL_X98_Y36_N0_I1             ; ROWCLKSEL                          ;
;   13.735 ;   0.000 ;    ; RE   ; 1      ; GLOBAL_LOCAL_SEL_X98_Y36_N0_I1      ; GLOBAL_LOCAL_SEL                   ;
;   13.735 ;   0.000 ;    ; RE   ; 21     ; LAB_INPUT_X98_Y36_N0_I2             ; LAB_INPUT                          ;
;   13.736 ;   0.001 ; RR ; IC   ; 1      ; FF_X98_Y36_N20                      ; u_root|remainder_work[6]|clk       ;
;   14.166 ;   0.430 ; RR ; CELL ; 1      ; FF_X98_Y36_N20                      ; isqrt_u64:u_root|remainder_work[6] ;
; 14.066   ; -0.100  ;    ;      ;        ;                                     ; clock uncertainty                  ;
; 14.066   ; 0.000   ;    ; uTsu ; 1      ; FF_X98_Y36_N20                      ; isqrt_u64:u_root|remainder_work[6] ;
+----------+---------+----+------+--------+-------------------------------------+------------------------------------+

----------------------------
; Extra Fitter Information ;
----------------------------
HTML report is unavailable in plain text report export.


Path #8: Recovery slack is 6.276 
===============================================================================
+---------------------------------------------------------+
; Path Summary                                            ;
+--------------------+------------------------------------+
; Property           ; Value                              ;
+--------------------+------------------------------------+
; From Node          ; rst_n                              ;
; To Node            ; isqrt_u64:u_root|remainder_work[8] ;
; Launch Clock       ; clk                                ;
; Latch Clock        ; clk                                ;
; Data Arrival Time  ; 7.790                              ;
; Data Required Time ; 14.066                             ;
; Slack              ; 6.276                              ;
+--------------------+------------------------------------+

+---------------------------------------------------------------------------------------+
; Statistics                                                                            ;
+---------------------------+--------+-------+-------------+------------+-------+-------+
; Property                  ; Value  ; Count ; Total Delay ; % of Total ; Min   ; Max   ;
+---------------------------+--------+-------+-------------+------------+-------+-------+
; Recovery Relationship     ; 10.000 ;       ;             ;            ;       ;       ;
; Clock Skew                ; 4.166  ;       ;             ;            ;       ;       ;
; Data Delay                ; 5.790  ;       ;             ;            ;       ;       ;
; Number of Logic Levels    ;        ; 2     ;             ;            ;       ;       ;
; Physical Delays           ;        ;       ;             ;            ;       ;       ;
;  Arrival Path             ;        ;       ;             ;            ;       ;       ;
;   Clock                   ;        ;       ;             ;            ;       ;       ;
;    Clock Network (Lumped) ;        ; 1     ; 0.000       ;            ; 0.000 ; 0.000 ;
;   Data                    ;        ;       ;             ;            ;       ;       ;
;    IC                     ;        ; 3     ; 0.000       ; 0          ; 0.000 ; 0.000 ;
;    Cell                   ;        ; 3     ; 2.826       ; 49         ; 0.468 ; 1.693 ;
;    Routing Element        ;        ; 26    ; 2.964       ; 51         ; 0.000 ; 1.065 ;
;  Required Path            ;        ;       ;             ;            ;       ;       ;
;   Clock                   ;        ;       ;             ;            ;       ;       ;
;    IC                     ;        ; 3     ; 0.001       ; 0          ; 0.000 ; 0.001 ;
;    Cell                   ;        ; 3     ; 1.659       ; 40         ; 0.312 ; 0.917 ;
;    Routing Element        ;        ; 25    ; 2.506       ; 60         ; 0.000 ; 0.990 ;
+---------------------------+--------+-------+-------------+------------+-------+-------+
Note: Negative delays are omitted from totals when calculating percentages

+----------------------------------------------------------------------------------------------------------------------+
; Data Arrival Path                                                                                                    ;
+---------+---------+----+------+--------+----------------------------------------+------------------------------------+
; Total   ; Incr    ; RF ; Type ; Fanout ; Location                               ; Element                            ;
+---------+---------+----+------+--------+----------------------------------------+------------------------------------+
; 0.000   ; 0.000   ;    ;      ;        ;                                        ; launch edge time                   ;
; 0.000   ; 0.000   ;    ;      ;        ;                                        ; clock path                         ;
;   0.000 ;   0.000 ; R  ;      ;        ;                                        ; clock network delay                ;
; 2.000   ; 2.000   ; R  ; iExt ; 1      ; PIN_V27                                ; rst_n                              ;
; 7.790   ; 5.790   ;    ;      ;        ;                                        ; data path                          ;
;   2.000 ;   0.000 ;    ; RE   ; 1      ; IOPAD_X121_Y51_N60                     ; ARRIAV_IO_PAD                      ;
;   2.000 ;   0.000 ;    ; RE   ; 1      ; IO_PAD_OUTPUT_X121_Y51_N60_I1          ; IO_PAD_OUTPUT                      ;
;   2.000 ;   0.000 ;    ; RE   ; 1      ; IO_INPUT_BUFFER_INPUT_X121_Y51_N61_I0  ; IO_INPUT_BUFFER_INPUT              ;
;   2.000 ;   0.000 ; RR ; IC   ; 1      ; IOIBUF_X121_Y51_N61                    ; rst_n~input|i                      ;
;   3.693 ;   1.693 ; RR ; CELL ; 1294   ; IOIBUF_X121_Y51_N61                    ; rst_n~input|o                      ;
;   3.693 ;   0.000 ;    ; RE   ; 1      ; IOIBUF_X121_Y51_N61                    ; ARRIAV_IO_IBUF                     ;
;   3.693 ;   0.000 ;    ; RE   ; 1      ; IO_INPUT_BUFFER_OUTPUT_X121_Y51_N61_I2 ; IO_INPUT_BUFFER_OUTPUT             ;
;   3.693 ;   0.000 ;    ; RE   ; 2      ; IO_RE_X121_Y51_N60_I96                 ; IO_RE                              ;
;   3.880 ;   0.187 ;    ; RE   ; 1      ; IO_RE_X121_Y51_N60_I66                 ; IO_RE                              ;
;   4.194 ;   0.314 ;    ; RE   ; 1      ; CLKBUF_CLUSTER_RE_X121_Y56_N3_I421     ; CLKBUF_CLUSTER_RE                  ;
;   4.194 ;   0.000 ;    ; RE   ; 1      ; CLKBUF_CLUSTER_RE_X121_Y56_N3_I772     ; CLKBUF_CLUSTER_RE                  ;
;   4.194 ;   0.000 ;    ; RE   ; 1      ; CLKBUF_CLUSTER_RE_X121_Y56_N3_I557     ; CLKBUF_CLUSTER_RE                  ;
;   4.194 ;   0.000 ;    ; RE   ; 1      ; GCLK_CLUSTER_RE_X121_Y56_N6_I10        ; GCLK_CLUSTER_RE                    ;
;   4.194 ;   0.000 ;    ; RE   ; 1      ; CLKBUFBLOCK_INPUT_X121_Y56_N7_I0       ; CLKBUFBLOCK_INPUT                  ;
;   4.194 ;   0.000 ; RR ; IC   ; 1      ; CLKCTRL_G9                             ; rst_n~inputCLKENA0|inclk           ;
;   4.662 ;   0.468 ; RR ; CELL ; 2145   ; CLKCTRL_G9                             ; rst_n~inputCLKENA0|outclk          ;
;   4.662 ;   0.000 ;    ; RE   ; 1      ; CLKCTRL_G9                             ; ARRIAV_CLKBUF                      ;
;   4.662 ;   0.000 ;    ; RE   ; 1      ; CLKBUFBLOCK_OUTPUT_X121_Y56_N7_I2      ; CLKBUFBLOCK_OUTPUT                 ;
;   4.662 ;   0.000 ;    ; RE   ; 1      ; GCLK_CLUSTER_RE_X121_Y56_N6_I12        ; GCLK_CLUSTER_RE                    ;
;   4.662 ;   0.000 ;    ; RE   ; 1      ; CLKBUF_CLUSTER_RE_X121_Y56_N3_I416     ; CLKBUF_CLUSTER_RE                  ;
;   5.727 ;   1.065 ;    ; RE   ; 16     ; GLOBAL_CLOCK_X0_Y58_N0_I9              ; GLOBAL_CLOCK                       ;
;   5.918 ;   0.191 ;    ; RE   ; 25     ; SPINE_CLOCK_X106_Y30_N0_I7             ; SPINE_CLOCK                        ;
;   6.376 ;   0.458 ;    ; RE   ; 1      ; SCLK_TO_ROWCLK_BUF_X106_Y36_N0_I43     ; SCLK_TO_ROWCLK_BUF                 ;
;   6.464 ;   0.088 ;    ; RE   ; 2      ; SCLK_TO_ROWCLK_BUF_X106_Y36_N0_I46     ; SCLK_TO_ROWCLK_BUF                 ;
;   6.895 ;   0.431 ;    ; RE   ; 8      ; LAB_CLK_X92_Y36_N0_I5                  ; LAB_CLK                            ;
;   7.031 ;   0.136 ;    ; RE   ; 1      ; BLK_CLK_BUF_X98_Y36_N0_I5              ; BLK_CLK_BUF                        ;
;   7.086 ;   0.055 ;    ; RE   ; 1      ; ROWCLKSEL_PREBUF_X98_Y36_N0_I5         ; ROWCLKSEL_PREBUF                   ;
;   7.125 ;   0.039 ;    ; RE   ; 1      ; ROWCLKSEL_X98_Y36_N0_I2                ; ROWCLKSEL                          ;
;   7.125 ;   0.000 ;    ; RE   ; 1      ; GLOBAL_LOCAL_SEL_X98_Y36_N0_I2         ; GLOBAL_LOCAL_SEL                   ;
;   7.125 ;   0.000 ;    ; RE   ; 21     ; LAB_INPUT_X98_Y36_N0_I3                ; LAB_INPUT                          ;
;   7.125 ;   0.000 ; RR ; IC   ; 1      ; FF_X98_Y36_N26                         ; u_root|remainder_work[8]|clrn      ;
;   7.790 ;   0.665 ; RR ; CELL ; 1      ; FF_X98_Y36_N26                         ; isqrt_u64:u_root|remainder_work[8] ;
+---------+---------+----+------+--------+----------------------------------------+------------------------------------+

+--------------------------------------------------------------------------------------------------------------------+
; Data Required Path                                                                                                 ;
+----------+---------+----+------+--------+-------------------------------------+------------------------------------+
; Total    ; Incr    ; RF ; Type ; Fanout ; Location                            ; Element                            ;
+----------+---------+----+------+--------+-------------------------------------+------------------------------------+
; 10.000   ; 10.000  ;    ;      ;        ;                                     ; latch edge time                    ;
; 14.166   ; 4.166   ;    ;      ;        ;                                     ; clock path                         ;
;   10.000 ;   0.000 ;    ;      ;        ;                                     ; source latency                     ;
;   10.000 ;   0.000 ;    ;      ; 1      ; PIN_AC18                            ; clk                                ;
;   10.000 ;   0.000 ;    ; RE   ; 1      ; IOPAD_X54_Y0_N0                     ; ARRIAV_IO_PAD                      ;
;   10.000 ;   0.000 ;    ; RE   ; 1      ; IO_PAD_OUTPUT_X54_Y0_N0_I1          ; IO_PAD_OUTPUT                      ;
;   10.000 ;   0.000 ;    ; RE   ; 1      ; IO_INPUT_BUFFER_INPUT_X54_Y0_N1_I0  ; IO_INPUT_BUFFER_INPUT              ;
;   10.000 ;   0.000 ; RR ; IC   ; 1      ; IOIBUF_X54_Y0_N1                    ; clk~input|i                        ;
;   10.917 ;   0.917 ; RR ; CELL ; 1      ; IOIBUF_X54_Y0_N1                    ; clk~input|o                        ;
;   10.917 ;   0.000 ;    ; RE   ; 1      ; IOIBUF_X54_Y0_N1                    ; ARRIAV_IO_IBUF                     ;
;   10.917 ;   0.000 ;    ; RE   ; 1      ; IO_INPUT_BUFFER_OUTPUT_X54_Y0_N1_I2 ; IO_INPUT_BUFFER_OUTPUT             ;
;   10.917 ;   0.000 ;    ; RE   ; 1      ; IO_RE_X54_Y0_N0_I96                 ; IO_RE                              ;
;   11.095 ;   0.178 ;    ; RE   ; 1      ; IO_RE_X54_Y0_N0_I66                 ; IO_RE                              ;
;   11.095 ;   0.000 ;    ; RE   ; 1      ; CLKBUF_CLUSTER_RE_X58_Y0_N0_I1614   ; CLKBUF_CLUSTER_RE                  ;
;   11.095 ;   0.000 ;    ; RE   ; 1      ; CLKBUF_CLUSTER_RE_X58_Y0_N0_I616    ; CLKBUF_CLUSTER_RE                  ;
;   11.095 ;   0.000 ;    ; RE   ; 1      ; GCLK_CLUSTER_RE_X58_Y0_N6_I10       ; GCLK_CLUSTER_RE                    ;
;   11.095 ;   0.000 ;    ; RE   ; 1      ; CLKBUFBLOCK_INPUT_X58_Y0_N7_I0      ; CLKBUFBLOCK_INPUT                  ;
;   11.095 ;   0.000 ; RR ; IC   ; 1      ; CLKCTRL_G6                          ; clk~inputCLKENA0|inclk             ;
;   11.407 ;   0.312 ; RR ; CELL ; 37157  ; CLKCTRL_G6                          ; clk~inputCLKENA0|outclk            ;
;   11.407 ;   0.000 ;    ; RE   ; 1      ; CLKCTRL_G6                          ; ARRIAV_CLKBUF                      ;
;   11.407 ;   0.000 ;    ; RE   ; 1      ; CLKBUFBLOCK_OUTPUT_X58_Y0_N7_I2     ; CLKBUFBLOCK_OUTPUT                 ;
;   11.407 ;   0.000 ;    ; RE   ; 1      ; GCLK_CLUSTER_RE_X58_Y0_N6_I12       ; GCLK_CLUSTER_RE                    ;
;   11.407 ;   0.000 ;    ; RE   ; 1      ; CLKBUF_CLUSTER_RE_X58_Y0_N0_I417    ; CLKBUF_CLUSTER_RE                  ;
;   12.397 ;   0.990 ;    ; RE   ; 16     ; GLOBAL_CLOCK_X0_Y58_N0_I6           ; GLOBAL_CLOCK                       ;
;   12.581 ;   0.184 ;    ; RE   ; 29     ; SPINE_CLOCK_X106_Y30_N0_I2          ; SPINE_CLOCK                        ;
;   13.022 ;   0.441 ;    ; RE   ; 1      ; SCLK_TO_ROWCLK_BUF_X106_Y36_N0_I12  ; SCLK_TO_ROWCLK_BUF                 ;
;   13.107 ;   0.085 ;    ; RE   ; 2      ; SCLK_TO_ROWCLK_BUF_X106_Y36_N0_I15  ; SCLK_TO_ROWCLK_BUF                 ;
;   13.522 ;   0.415 ;    ; RE   ; 12     ; LAB_CLK_X92_Y36_N0_I2               ; LAB_CLK                            ;
;   13.647 ;   0.125 ;    ; RE   ; 1      ; BLK_CLK_BUF_X98_Y36_N0_I2           ; BLK_CLK_BUF                        ;
;   13.700 ;   0.053 ;    ; RE   ; 1      ; ROWCLKSEL_PREBUF_X98_Y36_N0_I2      ; ROWCLKSEL_PREBUF                   ;
;   13.735 ;   0.035 ;    ; RE   ; 1      ; ROWCLKSEL_X98_Y36_N0_I1             ; ROWCLKSEL                          ;
;   13.735 ;   0.000 ;    ; RE   ; 1      ; GLOBAL_LOCAL_SEL_X98_Y36_N0_I1      ; GLOBAL_LOCAL_SEL                   ;
;   13.735 ;   0.000 ;    ; RE   ; 21     ; LAB_INPUT_X98_Y36_N0_I2             ; LAB_INPUT                          ;
;   13.736 ;   0.001 ; RR ; IC   ; 1      ; FF_X98_Y36_N26                      ; u_root|remainder_work[8]|clk       ;
;   14.166 ;   0.430 ; RR ; CELL ; 1      ; FF_X98_Y36_N26                      ; isqrt_u64:u_root|remainder_work[8] ;
; 14.066   ; -0.100  ;    ;      ;        ;                                     ; clock uncertainty                  ;
; 14.066   ; 0.000   ;    ; uTsu ; 1      ; FF_X98_Y36_N26                      ; isqrt_u64:u_root|remainder_work[8] ;
+----------+---------+----+------+--------+-------------------------------------+------------------------------------+

----------------------------
; Extra Fitter Information ;
----------------------------
HTML report is unavailable in plain text report export.


Path #9: Recovery slack is 6.276 
===============================================================================
+----------------------------------------------------------+
; Path Summary                                             ;
+--------------------+-------------------------------------+
; Property           ; Value                               ;
+--------------------+-------------------------------------+
; From Node          ; rst_n                               ;
; To Node            ; isqrt_u64:u_root|remainder_work[12] ;
; Launch Clock       ; clk                                 ;
; Latch Clock        ; clk                                 ;
; Data Arrival Time  ; 7.790                               ;
; Data Required Time ; 14.066                              ;
; Slack              ; 6.276                               ;
+--------------------+-------------------------------------+

+---------------------------------------------------------------------------------------+
; Statistics                                                                            ;
+---------------------------+--------+-------+-------------+------------+-------+-------+
; Property                  ; Value  ; Count ; Total Delay ; % of Total ; Min   ; Max   ;
+---------------------------+--------+-------+-------------+------------+-------+-------+
; Recovery Relationship     ; 10.000 ;       ;             ;            ;       ;       ;
; Clock Skew                ; 4.166  ;       ;             ;            ;       ;       ;
; Data Delay                ; 5.790  ;       ;             ;            ;       ;       ;
; Number of Logic Levels    ;        ; 2     ;             ;            ;       ;       ;
; Physical Delays           ;        ;       ;             ;            ;       ;       ;
;  Arrival Path             ;        ;       ;             ;            ;       ;       ;
;   Clock                   ;        ;       ;             ;            ;       ;       ;
;    Clock Network (Lumped) ;        ; 1     ; 0.000       ;            ; 0.000 ; 0.000 ;
;   Data                    ;        ;       ;             ;            ;       ;       ;
;    IC                     ;        ; 3     ; 0.000       ; 0          ; 0.000 ; 0.000 ;
;    Cell                   ;        ; 3     ; 2.826       ; 49         ; 0.468 ; 1.693 ;
;    Routing Element        ;        ; 26    ; 2.964       ; 51         ; 0.000 ; 1.065 ;
;  Required Path            ;        ;       ;             ;            ;       ;       ;
;   Clock                   ;        ;       ;             ;            ;       ;       ;
;    IC                     ;        ; 3     ; 0.001       ; 0          ; 0.000 ; 0.001 ;
;    Cell                   ;        ; 3     ; 1.659       ; 40         ; 0.312 ; 0.917 ;
;    Routing Element        ;        ; 25    ; 2.506       ; 60         ; 0.000 ; 0.990 ;
+---------------------------+--------+-------+-------------+------------+-------+-------+
Note: Negative delays are omitted from totals when calculating percentages

+-----------------------------------------------------------------------------------------------------------------------+
; Data Arrival Path                                                                                                     ;
+---------+---------+----+------+--------+----------------------------------------+-------------------------------------+
; Total   ; Incr    ; RF ; Type ; Fanout ; Location                               ; Element                             ;
+---------+---------+----+------+--------+----------------------------------------+-------------------------------------+
; 0.000   ; 0.000   ;    ;      ;        ;                                        ; launch edge time                    ;
; 0.000   ; 0.000   ;    ;      ;        ;                                        ; clock path                          ;
;   0.000 ;   0.000 ; R  ;      ;        ;                                        ; clock network delay                 ;
; 2.000   ; 2.000   ; R  ; iExt ; 1      ; PIN_V27                                ; rst_n                               ;
; 7.790   ; 5.790   ;    ;      ;        ;                                        ; data path                           ;
;   2.000 ;   0.000 ;    ; RE   ; 1      ; IOPAD_X121_Y51_N60                     ; ARRIAV_IO_PAD                       ;
;   2.000 ;   0.000 ;    ; RE   ; 1      ; IO_PAD_OUTPUT_X121_Y51_N60_I1          ; IO_PAD_OUTPUT                       ;
;   2.000 ;   0.000 ;    ; RE   ; 1      ; IO_INPUT_BUFFER_INPUT_X121_Y51_N61_I0  ; IO_INPUT_BUFFER_INPUT               ;
;   2.000 ;   0.000 ; RR ; IC   ; 1      ; IOIBUF_X121_Y51_N61                    ; rst_n~input|i                       ;
;   3.693 ;   1.693 ; RR ; CELL ; 1294   ; IOIBUF_X121_Y51_N61                    ; rst_n~input|o                       ;
;   3.693 ;   0.000 ;    ; RE   ; 1      ; IOIBUF_X121_Y51_N61                    ; ARRIAV_IO_IBUF                      ;
;   3.693 ;   0.000 ;    ; RE   ; 1      ; IO_INPUT_BUFFER_OUTPUT_X121_Y51_N61_I2 ; IO_INPUT_BUFFER_OUTPUT              ;
;   3.693 ;   0.000 ;    ; RE   ; 2      ; IO_RE_X121_Y51_N60_I96                 ; IO_RE                               ;
;   3.880 ;   0.187 ;    ; RE   ; 1      ; IO_RE_X121_Y51_N60_I66                 ; IO_RE                               ;
;   4.194 ;   0.314 ;    ; RE   ; 1      ; CLKBUF_CLUSTER_RE_X121_Y56_N3_I421     ; CLKBUF_CLUSTER_RE                   ;
;   4.194 ;   0.000 ;    ; RE   ; 1      ; CLKBUF_CLUSTER_RE_X121_Y56_N3_I772     ; CLKBUF_CLUSTER_RE                   ;
;   4.194 ;   0.000 ;    ; RE   ; 1      ; CLKBUF_CLUSTER_RE_X121_Y56_N3_I557     ; CLKBUF_CLUSTER_RE                   ;
;   4.194 ;   0.000 ;    ; RE   ; 1      ; GCLK_CLUSTER_RE_X121_Y56_N6_I10        ; GCLK_CLUSTER_RE                     ;
;   4.194 ;   0.000 ;    ; RE   ; 1      ; CLKBUFBLOCK_INPUT_X121_Y56_N7_I0       ; CLKBUFBLOCK_INPUT                   ;
;   4.194 ;   0.000 ; RR ; IC   ; 1      ; CLKCTRL_G9                             ; rst_n~inputCLKENA0|inclk            ;
;   4.662 ;   0.468 ; RR ; CELL ; 2145   ; CLKCTRL_G9                             ; rst_n~inputCLKENA0|outclk           ;
;   4.662 ;   0.000 ;    ; RE   ; 1      ; CLKCTRL_G9                             ; ARRIAV_CLKBUF                       ;
;   4.662 ;   0.000 ;    ; RE   ; 1      ; CLKBUFBLOCK_OUTPUT_X121_Y56_N7_I2      ; CLKBUFBLOCK_OUTPUT                  ;
;   4.662 ;   0.000 ;    ; RE   ; 1      ; GCLK_CLUSTER_RE_X121_Y56_N6_I12        ; GCLK_CLUSTER_RE                     ;
;   4.662 ;   0.000 ;    ; RE   ; 1      ; CLKBUF_CLUSTER_RE_X121_Y56_N3_I416     ; CLKBUF_CLUSTER_RE                   ;
;   5.727 ;   1.065 ;    ; RE   ; 16     ; GLOBAL_CLOCK_X0_Y58_N0_I9              ; GLOBAL_CLOCK                        ;
;   5.918 ;   0.191 ;    ; RE   ; 25     ; SPINE_CLOCK_X106_Y30_N0_I7             ; SPINE_CLOCK                         ;
;   6.376 ;   0.458 ;    ; RE   ; 1      ; SCLK_TO_ROWCLK_BUF_X106_Y36_N0_I43     ; SCLK_TO_ROWCLK_BUF                  ;
;   6.464 ;   0.088 ;    ; RE   ; 2      ; SCLK_TO_ROWCLK_BUF_X106_Y36_N0_I46     ; SCLK_TO_ROWCLK_BUF                  ;
;   6.895 ;   0.431 ;    ; RE   ; 8      ; LAB_CLK_X92_Y36_N0_I5                  ; LAB_CLK                             ;
;   7.031 ;   0.136 ;    ; RE   ; 1      ; BLK_CLK_BUF_X98_Y36_N0_I5              ; BLK_CLK_BUF                         ;
;   7.086 ;   0.055 ;    ; RE   ; 1      ; ROWCLKSEL_PREBUF_X98_Y36_N0_I5         ; ROWCLKSEL_PREBUF                    ;
;   7.125 ;   0.039 ;    ; RE   ; 1      ; ROWCLKSEL_X98_Y36_N0_I2                ; ROWCLKSEL                           ;
;   7.125 ;   0.000 ;    ; RE   ; 1      ; GLOBAL_LOCAL_SEL_X98_Y36_N0_I2         ; GLOBAL_LOCAL_SEL                    ;
;   7.125 ;   0.000 ;    ; RE   ; 21     ; LAB_INPUT_X98_Y36_N0_I3                ; LAB_INPUT                           ;
;   7.125 ;   0.000 ; RR ; IC   ; 1      ; FF_X98_Y36_N38                         ; u_root|remainder_work[12]|clrn      ;
;   7.790 ;   0.665 ; RR ; CELL ; 1      ; FF_X98_Y36_N38                         ; isqrt_u64:u_root|remainder_work[12] ;
+---------+---------+----+------+--------+----------------------------------------+-------------------------------------+

+---------------------------------------------------------------------------------------------------------------------+
; Data Required Path                                                                                                  ;
+----------+---------+----+------+--------+-------------------------------------+-------------------------------------+
; Total    ; Incr    ; RF ; Type ; Fanout ; Location                            ; Element                             ;
+----------+---------+----+------+--------+-------------------------------------+-------------------------------------+
; 10.000   ; 10.000  ;    ;      ;        ;                                     ; latch edge time                     ;
; 14.166   ; 4.166   ;    ;      ;        ;                                     ; clock path                          ;
;   10.000 ;   0.000 ;    ;      ;        ;                                     ; source latency                      ;
;   10.000 ;   0.000 ;    ;      ; 1      ; PIN_AC18                            ; clk                                 ;
;   10.000 ;   0.000 ;    ; RE   ; 1      ; IOPAD_X54_Y0_N0                     ; ARRIAV_IO_PAD                       ;
;   10.000 ;   0.000 ;    ; RE   ; 1      ; IO_PAD_OUTPUT_X54_Y0_N0_I1          ; IO_PAD_OUTPUT                       ;
;   10.000 ;   0.000 ;    ; RE   ; 1      ; IO_INPUT_BUFFER_INPUT_X54_Y0_N1_I0  ; IO_INPUT_BUFFER_INPUT               ;
;   10.000 ;   0.000 ; RR ; IC   ; 1      ; IOIBUF_X54_Y0_N1                    ; clk~input|i                         ;
;   10.917 ;   0.917 ; RR ; CELL ; 1      ; IOIBUF_X54_Y0_N1                    ; clk~input|o                         ;
;   10.917 ;   0.000 ;    ; RE   ; 1      ; IOIBUF_X54_Y0_N1                    ; ARRIAV_IO_IBUF                      ;
;   10.917 ;   0.000 ;    ; RE   ; 1      ; IO_INPUT_BUFFER_OUTPUT_X54_Y0_N1_I2 ; IO_INPUT_BUFFER_OUTPUT              ;
;   10.917 ;   0.000 ;    ; RE   ; 1      ; IO_RE_X54_Y0_N0_I96                 ; IO_RE                               ;
;   11.095 ;   0.178 ;    ; RE   ; 1      ; IO_RE_X54_Y0_N0_I66                 ; IO_RE                               ;
;   11.095 ;   0.000 ;    ; RE   ; 1      ; CLKBUF_CLUSTER_RE_X58_Y0_N0_I1614   ; CLKBUF_CLUSTER_RE                   ;
;   11.095 ;   0.000 ;    ; RE   ; 1      ; CLKBUF_CLUSTER_RE_X58_Y0_N0_I616    ; CLKBUF_CLUSTER_RE                   ;
;   11.095 ;   0.000 ;    ; RE   ; 1      ; GCLK_CLUSTER_RE_X58_Y0_N6_I10       ; GCLK_CLUSTER_RE                     ;
;   11.095 ;   0.000 ;    ; RE   ; 1      ; CLKBUFBLOCK_INPUT_X58_Y0_N7_I0      ; CLKBUFBLOCK_INPUT                   ;
;   11.095 ;   0.000 ; RR ; IC   ; 1      ; CLKCTRL_G6                          ; clk~inputCLKENA0|inclk              ;
;   11.407 ;   0.312 ; RR ; CELL ; 37157  ; CLKCTRL_G6                          ; clk~inputCLKENA0|outclk             ;
;   11.407 ;   0.000 ;    ; RE   ; 1      ; CLKCTRL_G6                          ; ARRIAV_CLKBUF                       ;
;   11.407 ;   0.000 ;    ; RE   ; 1      ; CLKBUFBLOCK_OUTPUT_X58_Y0_N7_I2     ; CLKBUFBLOCK_OUTPUT                  ;
;   11.407 ;   0.000 ;    ; RE   ; 1      ; GCLK_CLUSTER_RE_X58_Y0_N6_I12       ; GCLK_CLUSTER_RE                     ;
;   11.407 ;   0.000 ;    ; RE   ; 1      ; CLKBUF_CLUSTER_RE_X58_Y0_N0_I417    ; CLKBUF_CLUSTER_RE                   ;
;   12.397 ;   0.990 ;    ; RE   ; 16     ; GLOBAL_CLOCK_X0_Y58_N0_I6           ; GLOBAL_CLOCK                        ;
;   12.581 ;   0.184 ;    ; RE   ; 29     ; SPINE_CLOCK_X106_Y30_N0_I2          ; SPINE_CLOCK                         ;
;   13.022 ;   0.441 ;    ; RE   ; 1      ; SCLK_TO_ROWCLK_BUF_X106_Y36_N0_I12  ; SCLK_TO_ROWCLK_BUF                  ;
;   13.107 ;   0.085 ;    ; RE   ; 2      ; SCLK_TO_ROWCLK_BUF_X106_Y36_N0_I15  ; SCLK_TO_ROWCLK_BUF                  ;
;   13.522 ;   0.415 ;    ; RE   ; 12     ; LAB_CLK_X92_Y36_N0_I2               ; LAB_CLK                             ;
;   13.647 ;   0.125 ;    ; RE   ; 1      ; BLK_CLK_BUF_X98_Y36_N0_I2           ; BLK_CLK_BUF                         ;
;   13.700 ;   0.053 ;    ; RE   ; 1      ; ROWCLKSEL_PREBUF_X98_Y36_N0_I2      ; ROWCLKSEL_PREBUF                    ;
;   13.735 ;   0.035 ;    ; RE   ; 1      ; ROWCLKSEL_X98_Y36_N0_I1             ; ROWCLKSEL                           ;
;   13.735 ;   0.000 ;    ; RE   ; 1      ; GLOBAL_LOCAL_SEL_X98_Y36_N0_I1      ; GLOBAL_LOCAL_SEL                    ;
;   13.735 ;   0.000 ;    ; RE   ; 21     ; LAB_INPUT_X98_Y36_N0_I2             ; LAB_INPUT                           ;
;   13.736 ;   0.001 ; RR ; IC   ; 1      ; FF_X98_Y36_N38                      ; u_root|remainder_work[12]|clk       ;
;   14.166 ;   0.430 ; RR ; CELL ; 1      ; FF_X98_Y36_N38                      ; isqrt_u64:u_root|remainder_work[12] ;
; 14.066   ; -0.100  ;    ;      ;        ;                                     ; clock uncertainty                   ;
; 14.066   ; 0.000   ;    ; uTsu ; 1      ; FF_X98_Y36_N38                      ; isqrt_u64:u_root|remainder_work[12] ;
+----------+---------+----+------+--------+-------------------------------------+-------------------------------------+

----------------------------
; Extra Fitter Information ;
----------------------------
HTML report is unavailable in plain text report export.


Path #10: Recovery slack is 6.276 
===============================================================================
+----------------------------------------------------------+
; Path Summary                                             ;
+--------------------+-------------------------------------+
; Property           ; Value                               ;
+--------------------+-------------------------------------+
; From Node          ; rst_n                               ;
; To Node            ; isqrt_u64:u_root|remainder_work[16] ;
; Launch Clock       ; clk                                 ;
; Latch Clock        ; clk                                 ;
; Data Arrival Time  ; 7.790                               ;
; Data Required Time ; 14.066                              ;
; Slack              ; 6.276                               ;
+--------------------+-------------------------------------+

+---------------------------------------------------------------------------------------+
; Statistics                                                                            ;
+---------------------------+--------+-------+-------------+------------+-------+-------+
; Property                  ; Value  ; Count ; Total Delay ; % of Total ; Min   ; Max   ;
+---------------------------+--------+-------+-------------+------------+-------+-------+
; Recovery Relationship     ; 10.000 ;       ;             ;            ;       ;       ;
; Clock Skew                ; 4.166  ;       ;             ;            ;       ;       ;
; Data Delay                ; 5.790  ;       ;             ;            ;       ;       ;
; Number of Logic Levels    ;        ; 2     ;             ;            ;       ;       ;
; Physical Delays           ;        ;       ;             ;            ;       ;       ;
;  Arrival Path             ;        ;       ;             ;            ;       ;       ;
;   Clock                   ;        ;       ;             ;            ;       ;       ;
;    Clock Network (Lumped) ;        ; 1     ; 0.000       ;            ; 0.000 ; 0.000 ;
;   Data                    ;        ;       ;             ;            ;       ;       ;
;    IC                     ;        ; 3     ; 0.000       ; 0          ; 0.000 ; 0.000 ;
;    Cell                   ;        ; 3     ; 2.826       ; 49         ; 0.468 ; 1.693 ;
;    Routing Element        ;        ; 26    ; 2.964       ; 51         ; 0.000 ; 1.065 ;
;  Required Path            ;        ;       ;             ;            ;       ;       ;
;   Clock                   ;        ;       ;             ;            ;       ;       ;
;    IC                     ;        ; 3     ; 0.001       ; 0          ; 0.000 ; 0.001 ;
;    Cell                   ;        ; 3     ; 1.659       ; 40         ; 0.312 ; 0.917 ;
;    Routing Element        ;        ; 25    ; 2.506       ; 60         ; 0.000 ; 0.990 ;
+---------------------------+--------+-------+-------------+------------+-------+-------+
Note: Negative delays are omitted from totals when calculating percentages

+-----------------------------------------------------------------------------------------------------------------------+
; Data Arrival Path                                                                                                     ;
+---------+---------+----+------+--------+----------------------------------------+-------------------------------------+
; Total   ; Incr    ; RF ; Type ; Fanout ; Location                               ; Element                             ;
+---------+---------+----+------+--------+----------------------------------------+-------------------------------------+
; 0.000   ; 0.000   ;    ;      ;        ;                                        ; launch edge time                    ;
; 0.000   ; 0.000   ;    ;      ;        ;                                        ; clock path                          ;
;   0.000 ;   0.000 ; R  ;      ;        ;                                        ; clock network delay                 ;
; 2.000   ; 2.000   ; R  ; iExt ; 1      ; PIN_V27                                ; rst_n                               ;
; 7.790   ; 5.790   ;    ;      ;        ;                                        ; data path                           ;
;   2.000 ;   0.000 ;    ; RE   ; 1      ; IOPAD_X121_Y51_N60                     ; ARRIAV_IO_PAD                       ;
;   2.000 ;   0.000 ;    ; RE   ; 1      ; IO_PAD_OUTPUT_X121_Y51_N60_I1          ; IO_PAD_OUTPUT                       ;
;   2.000 ;   0.000 ;    ; RE   ; 1      ; IO_INPUT_BUFFER_INPUT_X121_Y51_N61_I0  ; IO_INPUT_BUFFER_INPUT               ;
;   2.000 ;   0.000 ; RR ; IC   ; 1      ; IOIBUF_X121_Y51_N61                    ; rst_n~input|i                       ;
;   3.693 ;   1.693 ; RR ; CELL ; 1294   ; IOIBUF_X121_Y51_N61                    ; rst_n~input|o                       ;
;   3.693 ;   0.000 ;    ; RE   ; 1      ; IOIBUF_X121_Y51_N61                    ; ARRIAV_IO_IBUF                      ;
;   3.693 ;   0.000 ;    ; RE   ; 1      ; IO_INPUT_BUFFER_OUTPUT_X121_Y51_N61_I2 ; IO_INPUT_BUFFER_OUTPUT              ;
;   3.693 ;   0.000 ;    ; RE   ; 2      ; IO_RE_X121_Y51_N60_I96                 ; IO_RE                               ;
;   3.880 ;   0.187 ;    ; RE   ; 1      ; IO_RE_X121_Y51_N60_I66                 ; IO_RE                               ;
;   4.194 ;   0.314 ;    ; RE   ; 1      ; CLKBUF_CLUSTER_RE_X121_Y56_N3_I421     ; CLKBUF_CLUSTER_RE                   ;
;   4.194 ;   0.000 ;    ; RE   ; 1      ; CLKBUF_CLUSTER_RE_X121_Y56_N3_I772     ; CLKBUF_CLUSTER_RE                   ;
;   4.194 ;   0.000 ;    ; RE   ; 1      ; CLKBUF_CLUSTER_RE_X121_Y56_N3_I557     ; CLKBUF_CLUSTER_RE                   ;
;   4.194 ;   0.000 ;    ; RE   ; 1      ; GCLK_CLUSTER_RE_X121_Y56_N6_I10        ; GCLK_CLUSTER_RE                     ;
;   4.194 ;   0.000 ;    ; RE   ; 1      ; CLKBUFBLOCK_INPUT_X121_Y56_N7_I0       ; CLKBUFBLOCK_INPUT                   ;
;   4.194 ;   0.000 ; RR ; IC   ; 1      ; CLKCTRL_G9                             ; rst_n~inputCLKENA0|inclk            ;
;   4.662 ;   0.468 ; RR ; CELL ; 2145   ; CLKCTRL_G9                             ; rst_n~inputCLKENA0|outclk           ;
;   4.662 ;   0.000 ;    ; RE   ; 1      ; CLKCTRL_G9                             ; ARRIAV_CLKBUF                       ;
;   4.662 ;   0.000 ;    ; RE   ; 1      ; CLKBUFBLOCK_OUTPUT_X121_Y56_N7_I2      ; CLKBUFBLOCK_OUTPUT                  ;
;   4.662 ;   0.000 ;    ; RE   ; 1      ; GCLK_CLUSTER_RE_X121_Y56_N6_I12        ; GCLK_CLUSTER_RE                     ;
;   4.662 ;   0.000 ;    ; RE   ; 1      ; CLKBUF_CLUSTER_RE_X121_Y56_N3_I416     ; CLKBUF_CLUSTER_RE                   ;
;   5.727 ;   1.065 ;    ; RE   ; 16     ; GLOBAL_CLOCK_X0_Y58_N0_I9              ; GLOBAL_CLOCK                        ;
;   5.918 ;   0.191 ;    ; RE   ; 25     ; SPINE_CLOCK_X106_Y30_N0_I7             ; SPINE_CLOCK                         ;
;   6.376 ;   0.458 ;    ; RE   ; 1      ; SCLK_TO_ROWCLK_BUF_X106_Y36_N0_I43     ; SCLK_TO_ROWCLK_BUF                  ;
;   6.464 ;   0.088 ;    ; RE   ; 2      ; SCLK_TO_ROWCLK_BUF_X106_Y36_N0_I46     ; SCLK_TO_ROWCLK_BUF                  ;
;   6.895 ;   0.431 ;    ; RE   ; 8      ; LAB_CLK_X92_Y36_N0_I5                  ; LAB_CLK                             ;
;   7.031 ;   0.136 ;    ; RE   ; 1      ; BLK_CLK_BUF_X98_Y36_N0_I5              ; BLK_CLK_BUF                         ;
;   7.086 ;   0.055 ;    ; RE   ; 1      ; ROWCLKSEL_PREBUF_X98_Y36_N0_I5         ; ROWCLKSEL_PREBUF                    ;
;   7.125 ;   0.039 ;    ; RE   ; 1      ; ROWCLKSEL_X98_Y36_N0_I2                ; ROWCLKSEL                           ;
;   7.125 ;   0.000 ;    ; RE   ; 1      ; GLOBAL_LOCAL_SEL_X98_Y36_N0_I2         ; GLOBAL_LOCAL_SEL                    ;
;   7.125 ;   0.000 ;    ; RE   ; 21     ; LAB_INPUT_X98_Y36_N0_I3                ; LAB_INPUT                           ;
;   7.125 ;   0.000 ; RR ; IC   ; 1      ; FF_X98_Y36_N50                         ; u_root|remainder_work[16]|clrn      ;
;   7.790 ;   0.665 ; RR ; CELL ; 1      ; FF_X98_Y36_N50                         ; isqrt_u64:u_root|remainder_work[16] ;
+---------+---------+----+------+--------+----------------------------------------+-------------------------------------+

+---------------------------------------------------------------------------------------------------------------------+
; Data Required Path                                                                                                  ;
+----------+---------+----+------+--------+-------------------------------------+-------------------------------------+
; Total    ; Incr    ; RF ; Type ; Fanout ; Location                            ; Element                             ;
+----------+---------+----+------+--------+-------------------------------------+-------------------------------------+
; 10.000   ; 10.000  ;    ;      ;        ;                                     ; latch edge time                     ;
; 14.166   ; 4.166   ;    ;      ;        ;                                     ; clock path                          ;
;   10.000 ;   0.000 ;    ;      ;        ;                                     ; source latency                      ;
;   10.000 ;   0.000 ;    ;      ; 1      ; PIN_AC18                            ; clk                                 ;
;   10.000 ;   0.000 ;    ; RE   ; 1      ; IOPAD_X54_Y0_N0                     ; ARRIAV_IO_PAD                       ;
;   10.000 ;   0.000 ;    ; RE   ; 1      ; IO_PAD_OUTPUT_X54_Y0_N0_I1          ; IO_PAD_OUTPUT                       ;
;   10.000 ;   0.000 ;    ; RE   ; 1      ; IO_INPUT_BUFFER_INPUT_X54_Y0_N1_I0  ; IO_INPUT_BUFFER_INPUT               ;
;   10.000 ;   0.000 ; RR ; IC   ; 1      ; IOIBUF_X54_Y0_N1                    ; clk~input|i                         ;
;   10.917 ;   0.917 ; RR ; CELL ; 1      ; IOIBUF_X54_Y0_N1                    ; clk~input|o                         ;
;   10.917 ;   0.000 ;    ; RE   ; 1      ; IOIBUF_X54_Y0_N1                    ; ARRIAV_IO_IBUF                      ;
;   10.917 ;   0.000 ;    ; RE   ; 1      ; IO_INPUT_BUFFER_OUTPUT_X54_Y0_N1_I2 ; IO_INPUT_BUFFER_OUTPUT              ;
;   10.917 ;   0.000 ;    ; RE   ; 1      ; IO_RE_X54_Y0_N0_I96                 ; IO_RE                               ;
;   11.095 ;   0.178 ;    ; RE   ; 1      ; IO_RE_X54_Y0_N0_I66                 ; IO_RE                               ;
;   11.095 ;   0.000 ;    ; RE   ; 1      ; CLKBUF_CLUSTER_RE_X58_Y0_N0_I1614   ; CLKBUF_CLUSTER_RE                   ;
;   11.095 ;   0.000 ;    ; RE   ; 1      ; CLKBUF_CLUSTER_RE_X58_Y0_N0_I616    ; CLKBUF_CLUSTER_RE                   ;
;   11.095 ;   0.000 ;    ; RE   ; 1      ; GCLK_CLUSTER_RE_X58_Y0_N6_I10       ; GCLK_CLUSTER_RE                     ;
;   11.095 ;   0.000 ;    ; RE   ; 1      ; CLKBUFBLOCK_INPUT_X58_Y0_N7_I0      ; CLKBUFBLOCK_INPUT                   ;
;   11.095 ;   0.000 ; RR ; IC   ; 1      ; CLKCTRL_G6                          ; clk~inputCLKENA0|inclk              ;
;   11.407 ;   0.312 ; RR ; CELL ; 37157  ; CLKCTRL_G6                          ; clk~inputCLKENA0|outclk             ;
;   11.407 ;   0.000 ;    ; RE   ; 1      ; CLKCTRL_G6                          ; ARRIAV_CLKBUF                       ;
;   11.407 ;   0.000 ;    ; RE   ; 1      ; CLKBUFBLOCK_OUTPUT_X58_Y0_N7_I2     ; CLKBUFBLOCK_OUTPUT                  ;
;   11.407 ;   0.000 ;    ; RE   ; 1      ; GCLK_CLUSTER_RE_X58_Y0_N6_I12       ; GCLK_CLUSTER_RE                     ;
;   11.407 ;   0.000 ;    ; RE   ; 1      ; CLKBUF_CLUSTER_RE_X58_Y0_N0_I417    ; CLKBUF_CLUSTER_RE                   ;
;   12.397 ;   0.990 ;    ; RE   ; 16     ; GLOBAL_CLOCK_X0_Y58_N0_I6           ; GLOBAL_CLOCK                        ;
;   12.581 ;   0.184 ;    ; RE   ; 29     ; SPINE_CLOCK_X106_Y30_N0_I2          ; SPINE_CLOCK                         ;
;   13.022 ;   0.441 ;    ; RE   ; 1      ; SCLK_TO_ROWCLK_BUF_X106_Y36_N0_I12  ; SCLK_TO_ROWCLK_BUF                  ;
;   13.107 ;   0.085 ;    ; RE   ; 2      ; SCLK_TO_ROWCLK_BUF_X106_Y36_N0_I15  ; SCLK_TO_ROWCLK_BUF                  ;
;   13.522 ;   0.415 ;    ; RE   ; 12     ; LAB_CLK_X92_Y36_N0_I2               ; LAB_CLK                             ;
;   13.647 ;   0.125 ;    ; RE   ; 1      ; BLK_CLK_BUF_X98_Y36_N0_I2           ; BLK_CLK_BUF                         ;
;   13.700 ;   0.053 ;    ; RE   ; 1      ; ROWCLKSEL_PREBUF_X98_Y36_N0_I2      ; ROWCLKSEL_PREBUF                    ;
;   13.735 ;   0.035 ;    ; RE   ; 1      ; ROWCLKSEL_X98_Y36_N0_I1             ; ROWCLKSEL                           ;
;   13.735 ;   0.000 ;    ; RE   ; 1      ; GLOBAL_LOCAL_SEL_X98_Y36_N0_I1      ; GLOBAL_LOCAL_SEL                    ;
;   13.735 ;   0.000 ;    ; RE   ; 21     ; LAB_INPUT_X98_Y36_N0_I2             ; LAB_INPUT                           ;
;   13.736 ;   0.001 ; RR ; IC   ; 1      ; FF_X98_Y36_N50                      ; u_root|remainder_work[16]|clk       ;
;   14.166 ;   0.430 ; RR ; CELL ; 1      ; FF_X98_Y36_N50                      ; isqrt_u64:u_root|remainder_work[16] ;
; 14.066   ; -0.100  ;    ;      ;        ;                                     ; clock uncertainty                   ;
; 14.066   ; 0.000   ;    ; uTsu ; 1      ; FF_X98_Y36_N50                      ; isqrt_u64:u_root|remainder_work[16] ;
+----------+---------+----+------+--------+-------------------------------------+-------------------------------------+

----------------------------
; Extra Fitter Information ;
----------------------------
HTML report is unavailable in plain text report export.


Path #11: Recovery slack is 6.276 
===============================================================================
+----------------------------------------------------------+
; Path Summary                                             ;
+--------------------+-------------------------------------+
; Property           ; Value                               ;
+--------------------+-------------------------------------+
; From Node          ; rst_n                               ;
; To Node            ; isqrt_u64:u_root|remainder_work[18] ;
; Launch Clock       ; clk                                 ;
; Latch Clock        ; clk                                 ;
; Data Arrival Time  ; 7.790                               ;
; Data Required Time ; 14.066                              ;
; Slack              ; 6.276                               ;
+--------------------+-------------------------------------+

+---------------------------------------------------------------------------------------+
; Statistics                                                                            ;
+---------------------------+--------+-------+-------------+------------+-------+-------+
; Property                  ; Value  ; Count ; Total Delay ; % of Total ; Min   ; Max   ;
+---------------------------+--------+-------+-------------+------------+-------+-------+
; Recovery Relationship     ; 10.000 ;       ;             ;            ;       ;       ;
; Clock Skew                ; 4.166  ;       ;             ;            ;       ;       ;
; Data Delay                ; 5.790  ;       ;             ;            ;       ;       ;
; Number of Logic Levels    ;        ; 2     ;             ;            ;       ;       ;
; Physical Delays           ;        ;       ;             ;            ;       ;       ;
;  Arrival Path             ;        ;       ;             ;            ;       ;       ;
;   Clock                   ;        ;       ;             ;            ;       ;       ;
;    Clock Network (Lumped) ;        ; 1     ; 0.000       ;            ; 0.000 ; 0.000 ;
;   Data                    ;        ;       ;             ;            ;       ;       ;
;    IC                     ;        ; 3     ; 0.000       ; 0          ; 0.000 ; 0.000 ;
;    Cell                   ;        ; 3     ; 2.826       ; 49         ; 0.468 ; 1.693 ;
;    Routing Element        ;        ; 26    ; 2.964       ; 51         ; 0.000 ; 1.065 ;
;  Required Path            ;        ;       ;             ;            ;       ;       ;
;   Clock                   ;        ;       ;             ;            ;       ;       ;
;    IC                     ;        ; 3     ; 0.001       ; 0          ; 0.000 ; 0.001 ;
;    Cell                   ;        ; 3     ; 1.659       ; 40         ; 0.312 ; 0.917 ;
;    Routing Element        ;        ; 25    ; 2.506       ; 60         ; 0.000 ; 0.990 ;
+---------------------------+--------+-------+-------------+------------+-------+-------+
Note: Negative delays are omitted from totals when calculating percentages

+-----------------------------------------------------------------------------------------------------------------------+
; Data Arrival Path                                                                                                     ;
+---------+---------+----+------+--------+----------------------------------------+-------------------------------------+
; Total   ; Incr    ; RF ; Type ; Fanout ; Location                               ; Element                             ;
+---------+---------+----+------+--------+----------------------------------------+-------------------------------------+
; 0.000   ; 0.000   ;    ;      ;        ;                                        ; launch edge time                    ;
; 0.000   ; 0.000   ;    ;      ;        ;                                        ; clock path                          ;
;   0.000 ;   0.000 ; R  ;      ;        ;                                        ; clock network delay                 ;
; 2.000   ; 2.000   ; R  ; iExt ; 1      ; PIN_V27                                ; rst_n                               ;
; 7.790   ; 5.790   ;    ;      ;        ;                                        ; data path                           ;
;   2.000 ;   0.000 ;    ; RE   ; 1      ; IOPAD_X121_Y51_N60                     ; ARRIAV_IO_PAD                       ;
;   2.000 ;   0.000 ;    ; RE   ; 1      ; IO_PAD_OUTPUT_X121_Y51_N60_I1          ; IO_PAD_OUTPUT                       ;
;   2.000 ;   0.000 ;    ; RE   ; 1      ; IO_INPUT_BUFFER_INPUT_X121_Y51_N61_I0  ; IO_INPUT_BUFFER_INPUT               ;
;   2.000 ;   0.000 ; RR ; IC   ; 1      ; IOIBUF_X121_Y51_N61                    ; rst_n~input|i                       ;
;   3.693 ;   1.693 ; RR ; CELL ; 1294   ; IOIBUF_X121_Y51_N61                    ; rst_n~input|o                       ;
;   3.693 ;   0.000 ;    ; RE   ; 1      ; IOIBUF_X121_Y51_N61                    ; ARRIAV_IO_IBUF                      ;
;   3.693 ;   0.000 ;    ; RE   ; 1      ; IO_INPUT_BUFFER_OUTPUT_X121_Y51_N61_I2 ; IO_INPUT_BUFFER_OUTPUT              ;
;   3.693 ;   0.000 ;    ; RE   ; 2      ; IO_RE_X121_Y51_N60_I96                 ; IO_RE                               ;
;   3.880 ;   0.187 ;    ; RE   ; 1      ; IO_RE_X121_Y51_N60_I66                 ; IO_RE                               ;
;   4.194 ;   0.314 ;    ; RE   ; 1      ; CLKBUF_CLUSTER_RE_X121_Y56_N3_I421     ; CLKBUF_CLUSTER_RE                   ;
;   4.194 ;   0.000 ;    ; RE   ; 1      ; CLKBUF_CLUSTER_RE_X121_Y56_N3_I772     ; CLKBUF_CLUSTER_RE                   ;
;   4.194 ;   0.000 ;    ; RE   ; 1      ; CLKBUF_CLUSTER_RE_X121_Y56_N3_I557     ; CLKBUF_CLUSTER_RE                   ;
;   4.194 ;   0.000 ;    ; RE   ; 1      ; GCLK_CLUSTER_RE_X121_Y56_N6_I10        ; GCLK_CLUSTER_RE                     ;
;   4.194 ;   0.000 ;    ; RE   ; 1      ; CLKBUFBLOCK_INPUT_X121_Y56_N7_I0       ; CLKBUFBLOCK_INPUT                   ;
;   4.194 ;   0.000 ; RR ; IC   ; 1      ; CLKCTRL_G9                             ; rst_n~inputCLKENA0|inclk            ;
;   4.662 ;   0.468 ; RR ; CELL ; 2145   ; CLKCTRL_G9                             ; rst_n~inputCLKENA0|outclk           ;
;   4.662 ;   0.000 ;    ; RE   ; 1      ; CLKCTRL_G9                             ; ARRIAV_CLKBUF                       ;
;   4.662 ;   0.000 ;    ; RE   ; 1      ; CLKBUFBLOCK_OUTPUT_X121_Y56_N7_I2      ; CLKBUFBLOCK_OUTPUT                  ;
;   4.662 ;   0.000 ;    ; RE   ; 1      ; GCLK_CLUSTER_RE_X121_Y56_N6_I12        ; GCLK_CLUSTER_RE                     ;
;   4.662 ;   0.000 ;    ; RE   ; 1      ; CLKBUF_CLUSTER_RE_X121_Y56_N3_I416     ; CLKBUF_CLUSTER_RE                   ;
;   5.727 ;   1.065 ;    ; RE   ; 16     ; GLOBAL_CLOCK_X0_Y58_N0_I9              ; GLOBAL_CLOCK                        ;
;   5.918 ;   0.191 ;    ; RE   ; 25     ; SPINE_CLOCK_X106_Y30_N0_I7             ; SPINE_CLOCK                         ;
;   6.376 ;   0.458 ;    ; RE   ; 1      ; SCLK_TO_ROWCLK_BUF_X106_Y36_N0_I43     ; SCLK_TO_ROWCLK_BUF                  ;
;   6.464 ;   0.088 ;    ; RE   ; 2      ; SCLK_TO_ROWCLK_BUF_X106_Y36_N0_I46     ; SCLK_TO_ROWCLK_BUF                  ;
;   6.895 ;   0.431 ;    ; RE   ; 8      ; LAB_CLK_X92_Y36_N0_I5                  ; LAB_CLK                             ;
;   7.031 ;   0.136 ;    ; RE   ; 1      ; BLK_CLK_BUF_X98_Y36_N0_I5              ; BLK_CLK_BUF                         ;
;   7.086 ;   0.055 ;    ; RE   ; 1      ; ROWCLKSEL_PREBUF_X98_Y36_N0_I5         ; ROWCLKSEL_PREBUF                    ;
;   7.125 ;   0.039 ;    ; RE   ; 1      ; ROWCLKSEL_X98_Y36_N0_I2                ; ROWCLKSEL                           ;
;   7.125 ;   0.000 ;    ; RE   ; 1      ; GLOBAL_LOCAL_SEL_X98_Y36_N0_I2         ; GLOBAL_LOCAL_SEL                    ;
;   7.125 ;   0.000 ;    ; RE   ; 21     ; LAB_INPUT_X98_Y36_N0_I3                ; LAB_INPUT                           ;
;   7.125 ;   0.000 ; RR ; IC   ; 1      ; FF_X98_Y36_N56                         ; u_root|remainder_work[18]|clrn      ;
;   7.790 ;   0.665 ; RR ; CELL ; 1      ; FF_X98_Y36_N56                         ; isqrt_u64:u_root|remainder_work[18] ;
+---------+---------+----+------+--------+----------------------------------------+-------------------------------------+

+---------------------------------------------------------------------------------------------------------------------+
; Data Required Path                                                                                                  ;
+----------+---------+----+------+--------+-------------------------------------+-------------------------------------+
; Total    ; Incr    ; RF ; Type ; Fanout ; Location                            ; Element                             ;
+----------+---------+----+------+--------+-------------------------------------+-------------------------------------+
; 10.000   ; 10.000  ;    ;      ;        ;                                     ; latch edge time                     ;
; 14.166   ; 4.166   ;    ;      ;        ;                                     ; clock path                          ;
;   10.000 ;   0.000 ;    ;      ;        ;                                     ; source latency                      ;
;   10.000 ;   0.000 ;    ;      ; 1      ; PIN_AC18                            ; clk                                 ;
;   10.000 ;   0.000 ;    ; RE   ; 1      ; IOPAD_X54_Y0_N0                     ; ARRIAV_IO_PAD                       ;
;   10.000 ;   0.000 ;    ; RE   ; 1      ; IO_PAD_OUTPUT_X54_Y0_N0_I1          ; IO_PAD_OUTPUT                       ;
;   10.000 ;   0.000 ;    ; RE   ; 1      ; IO_INPUT_BUFFER_INPUT_X54_Y0_N1_I0  ; IO_INPUT_BUFFER_INPUT               ;
;   10.000 ;   0.000 ; RR ; IC   ; 1      ; IOIBUF_X54_Y0_N1                    ; clk~input|i                         ;
;   10.917 ;   0.917 ; RR ; CELL ; 1      ; IOIBUF_X54_Y0_N1                    ; clk~input|o                         ;
;   10.917 ;   0.000 ;    ; RE   ; 1      ; IOIBUF_X54_Y0_N1                    ; ARRIAV_IO_IBUF                      ;
;   10.917 ;   0.000 ;    ; RE   ; 1      ; IO_INPUT_BUFFER_OUTPUT_X54_Y0_N1_I2 ; IO_INPUT_BUFFER_OUTPUT              ;
;   10.917 ;   0.000 ;    ; RE   ; 1      ; IO_RE_X54_Y0_N0_I96                 ; IO_RE                               ;
;   11.095 ;   0.178 ;    ; RE   ; 1      ; IO_RE_X54_Y0_N0_I66                 ; IO_RE                               ;
;   11.095 ;   0.000 ;    ; RE   ; 1      ; CLKBUF_CLUSTER_RE_X58_Y0_N0_I1614   ; CLKBUF_CLUSTER_RE                   ;
;   11.095 ;   0.000 ;    ; RE   ; 1      ; CLKBUF_CLUSTER_RE_X58_Y0_N0_I616    ; CLKBUF_CLUSTER_RE                   ;
;   11.095 ;   0.000 ;    ; RE   ; 1      ; GCLK_CLUSTER_RE_X58_Y0_N6_I10       ; GCLK_CLUSTER_RE                     ;
;   11.095 ;   0.000 ;    ; RE   ; 1      ; CLKBUFBLOCK_INPUT_X58_Y0_N7_I0      ; CLKBUFBLOCK_INPUT                   ;
;   11.095 ;   0.000 ; RR ; IC   ; 1      ; CLKCTRL_G6                          ; clk~inputCLKENA0|inclk              ;
;   11.407 ;   0.312 ; RR ; CELL ; 37157  ; CLKCTRL_G6                          ; clk~inputCLKENA0|outclk             ;
;   11.407 ;   0.000 ;    ; RE   ; 1      ; CLKCTRL_G6                          ; ARRIAV_CLKBUF                       ;
;   11.407 ;   0.000 ;    ; RE   ; 1      ; CLKBUFBLOCK_OUTPUT_X58_Y0_N7_I2     ; CLKBUFBLOCK_OUTPUT                  ;
;   11.407 ;   0.000 ;    ; RE   ; 1      ; GCLK_CLUSTER_RE_X58_Y0_N6_I12       ; GCLK_CLUSTER_RE                     ;
;   11.407 ;   0.000 ;    ; RE   ; 1      ; CLKBUF_CLUSTER_RE_X58_Y0_N0_I417    ; CLKBUF_CLUSTER_RE                   ;
;   12.397 ;   0.990 ;    ; RE   ; 16     ; GLOBAL_CLOCK_X0_Y58_N0_I6           ; GLOBAL_CLOCK                        ;
;   12.581 ;   0.184 ;    ; RE   ; 29     ; SPINE_CLOCK_X106_Y30_N0_I2          ; SPINE_CLOCK                         ;
;   13.022 ;   0.441 ;    ; RE   ; 1      ; SCLK_TO_ROWCLK_BUF_X106_Y36_N0_I12  ; SCLK_TO_ROWCLK_BUF                  ;
;   13.107 ;   0.085 ;    ; RE   ; 2      ; SCLK_TO_ROWCLK_BUF_X106_Y36_N0_I15  ; SCLK_TO_ROWCLK_BUF                  ;
;   13.522 ;   0.415 ;    ; RE   ; 12     ; LAB_CLK_X92_Y36_N0_I2               ; LAB_CLK                             ;
;   13.647 ;   0.125 ;    ; RE   ; 1      ; BLK_CLK_BUF_X98_Y36_N0_I2           ; BLK_CLK_BUF                         ;
;   13.700 ;   0.053 ;    ; RE   ; 1      ; ROWCLKSEL_PREBUF_X98_Y36_N0_I2      ; ROWCLKSEL_PREBUF                    ;
;   13.735 ;   0.035 ;    ; RE   ; 1      ; ROWCLKSEL_X98_Y36_N0_I1             ; ROWCLKSEL                           ;
;   13.735 ;   0.000 ;    ; RE   ; 1      ; GLOBAL_LOCAL_SEL_X98_Y36_N0_I1      ; GLOBAL_LOCAL_SEL                    ;
;   13.735 ;   0.000 ;    ; RE   ; 21     ; LAB_INPUT_X98_Y36_N0_I2             ; LAB_INPUT                           ;
;   13.736 ;   0.001 ; RR ; IC   ; 1      ; FF_X98_Y36_N56                      ; u_root|remainder_work[18]|clk       ;
;   14.166 ;   0.430 ; RR ; CELL ; 1      ; FF_X98_Y36_N56                      ; isqrt_u64:u_root|remainder_work[18] ;
; 14.066   ; -0.100  ;    ;      ;        ;                                     ; clock uncertainty                   ;
; 14.066   ; 0.000   ;    ; uTsu ; 1      ; FF_X98_Y36_N56                      ; isqrt_u64:u_root|remainder_work[18] ;
+----------+---------+----+------+--------+-------------------------------------+-------------------------------------+

----------------------------
; Extra Fitter Information ;
----------------------------
HTML report is unavailable in plain text report export.


Path #12: Recovery slack is 6.277 
===============================================================================
+--------------------------------------------------------------------------------------------------------------+
; Path Summary                                                                                                 ;
+--------------------+-----------------------------------------------------------------------------------------+
; Property           ; Value                                                                                   ;
+--------------------+-----------------------------------------------------------------------------------------+
; From Node          ; rst_n                                                                                   ;
; To Node            ; llm_bank_ram:u_vectors|pipelined_word_ram:g_bank[14].u_storage|read_tile_q[0]~DUPLICATE ;
; Launch Clock       ; clk                                                                                     ;
; Latch Clock        ; clk                                                                                     ;
; Data Arrival Time  ; 7.806                                                                                   ;
; Data Required Time ; 14.083                                                                                  ;
; Slack              ; 6.277                                                                                   ;
+--------------------+-----------------------------------------------------------------------------------------+

+----------------------------------------------------------------------------------------+
; Statistics                                                                             ;
+---------------------------+--------+-------+-------------+------------+--------+-------+
; Property                  ; Value  ; Count ; Total Delay ; % of Total ; Min    ; Max   ;
+---------------------------+--------+-------+-------------+------------+--------+-------+
; Recovery Relationship     ; 10.000 ;       ;             ;            ;        ;       ;
; Clock Skew                ; 4.183  ;       ;             ;            ;        ;       ;
; Data Delay                ; 5.806  ;       ;             ;            ;        ;       ;
; Number of Logic Levels    ;        ; 2     ;             ;            ;        ;       ;
; Physical Delays           ;        ;       ;             ;            ;        ;       ;
;  Arrival Path             ;        ;       ;             ;            ;        ;       ;
;   Clock                   ;        ;       ;             ;            ;        ;       ;
;    Clock Network (Lumped) ;        ; 1     ; 0.000       ;            ; 0.000  ; 0.000 ;
;   Data                    ;        ;       ;             ;            ;        ;       ;
;    IC                     ;        ; 3     ; -0.001      ; 0          ; -0.001 ; 0.000 ;
;    Cell                   ;        ; 3     ; 2.826       ; 49         ; 0.468  ; 1.693 ;
;    Routing Element        ;        ; 26    ; 2.981       ; 51         ; 0.000  ; 1.058 ;
;  Required Path            ;        ;       ;             ;            ;        ;       ;
;   Clock                   ;        ;       ;             ;            ;        ;       ;
;    IC                     ;        ; 3     ; 0.001       ; 0          ; 0.000  ; 0.001 ;
;    Cell                   ;        ; 3     ; 1.698       ; 41         ; 0.312  ; 0.917 ;
;    Routing Element        ;        ; 25    ; 2.484       ; 59         ; 0.000  ; 0.963 ;
+---------------------------+--------+-------+-------------+------------+--------+-------+
Note: Negative delays are omitted from totals when calculating percentages

+----------------------------------------------------------------------------------------------------------------------------------------------------------------------------+
; Data Arrival Path                                                                                                                                                          ;
+---------+----------+----+------+--------+----------------------------------------+-----------------------------------------------------------------------------------------+
; Total   ; Incr     ; RF ; Type ; Fanout ; Location                               ; Element                                                                                 ;
+---------+----------+----+------+--------+----------------------------------------+-----------------------------------------------------------------------------------------+
; 0.000   ; 0.000    ;    ;      ;        ;                                        ; launch edge time                                                                        ;
; 0.000   ; 0.000    ;    ;      ;        ;                                        ; clock path                                                                              ;
;   0.000 ;   0.000  ; R  ;      ;        ;                                        ; clock network delay                                                                     ;
; 2.000   ; 2.000    ; R  ; iExt ; 1      ; PIN_V27                                ; rst_n                                                                                   ;
; 7.806   ; 5.806    ;    ;      ;        ;                                        ; data path                                                                               ;
;   2.000 ;   0.000  ;    ; RE   ; 1      ; IOPAD_X121_Y51_N60                     ; ARRIAV_IO_PAD                                                                           ;
;   2.000 ;   0.000  ;    ; RE   ; 1      ; IO_PAD_OUTPUT_X121_Y51_N60_I1          ; IO_PAD_OUTPUT                                                                           ;
;   2.000 ;   0.000  ;    ; RE   ; 1      ; IO_INPUT_BUFFER_INPUT_X121_Y51_N61_I0  ; IO_INPUT_BUFFER_INPUT                                                                   ;
;   2.000 ;   0.000  ; RR ; IC   ; 1      ; IOIBUF_X121_Y51_N61                    ; rst_n~input|i                                                                           ;
;   3.693 ;   1.693  ; RR ; CELL ; 1294   ; IOIBUF_X121_Y51_N61                    ; rst_n~input|o                                                                           ;
;   3.693 ;   0.000  ;    ; RE   ; 1      ; IOIBUF_X121_Y51_N61                    ; ARRIAV_IO_IBUF                                                                          ;
;   3.693 ;   0.000  ;    ; RE   ; 1      ; IO_INPUT_BUFFER_OUTPUT_X121_Y51_N61_I2 ; IO_INPUT_BUFFER_OUTPUT                                                                  ;
;   3.693 ;   0.000  ;    ; RE   ; 2      ; IO_RE_X121_Y51_N60_I96                 ; IO_RE                                                                                   ;
;   3.880 ;   0.187  ;    ; RE   ; 1      ; IO_RE_X121_Y51_N60_I66                 ; IO_RE                                                                                   ;
;   4.194 ;   0.314  ;    ; RE   ; 1      ; CLKBUF_CLUSTER_RE_X121_Y56_N3_I421     ; CLKBUF_CLUSTER_RE                                                                       ;
;   4.194 ;   0.000  ;    ; RE   ; 1      ; CLKBUF_CLUSTER_RE_X121_Y56_N3_I772     ; CLKBUF_CLUSTER_RE                                                                       ;
;   4.194 ;   0.000  ;    ; RE   ; 1      ; CLKBUF_CLUSTER_RE_X121_Y56_N3_I557     ; CLKBUF_CLUSTER_RE                                                                       ;
;   4.194 ;   0.000  ;    ; RE   ; 1      ; GCLK_CLUSTER_RE_X121_Y56_N6_I10        ; GCLK_CLUSTER_RE                                                                         ;
;   4.194 ;   0.000  ;    ; RE   ; 1      ; CLKBUFBLOCK_INPUT_X121_Y56_N7_I0       ; CLKBUFBLOCK_INPUT                                                                       ;
;   4.194 ;   0.000  ; RR ; IC   ; 1      ; CLKCTRL_G9                             ; rst_n~inputCLKENA0|inclk                                                                ;
;   4.662 ;   0.468  ; RR ; CELL ; 2145   ; CLKCTRL_G9                             ; rst_n~inputCLKENA0|outclk                                                               ;
;   4.662 ;   0.000  ;    ; RE   ; 1      ; CLKCTRL_G9                             ; ARRIAV_CLKBUF                                                                           ;
;   4.662 ;   0.000  ;    ; RE   ; 1      ; CLKBUFBLOCK_OUTPUT_X121_Y56_N7_I2      ; CLKBUFBLOCK_OUTPUT                                                                      ;
;   4.662 ;   0.000  ;    ; RE   ; 1      ; GCLK_CLUSTER_RE_X121_Y56_N6_I12        ; GCLK_CLUSTER_RE                                                                         ;
;   4.662 ;   0.000  ;    ; RE   ; 1      ; CLKBUF_CLUSTER_RE_X121_Y56_N3_I416     ; CLKBUF_CLUSTER_RE                                                                       ;
;   5.720 ;   1.058  ;    ; RE   ; 16     ; GLOBAL_CLOCK_X0_Y58_N0_I9              ; GLOBAL_CLOCK                                                                            ;
;   5.897 ;   0.177  ;    ; RE   ; 12     ; SPINE_CLOCK_X45_Y30_N0_I22             ; SPINE_CLOCK                                                                             ;
;   6.357 ;   0.460  ;    ; RE   ; 1      ; SCLK_TO_ROWCLK_BUF_X45_Y45_N0_I133     ; SCLK_TO_ROWCLK_BUF                                                                      ;
;   6.454 ;   0.097  ;    ; RE   ; 2      ; SCLK_TO_ROWCLK_BUF_X45_Y45_N0_I137     ; SCLK_TO_ROWCLK_BUF                                                                      ;
;   6.901 ;   0.447  ;    ; RE   ; 1      ; LAB_CLK_X31_Y45_N0_I4                  ; LAB_CLK                                                                                 ;
;   7.047 ;   0.146  ;    ; RE   ; 1      ; BLK_CLK_BUF_X36_Y45_N0_I4              ; BLK_CLK_BUF                                                                             ;
;   7.103 ;   0.056  ;    ; RE   ; 1      ; ROWCLKSEL_PREBUF_X36_Y45_N0_I4         ; ROWCLKSEL_PREBUF                                                                        ;
;   7.142 ;   0.039  ;    ; RE   ; 1      ; ROWCLKSEL_X36_Y45_N0_I2                ; ROWCLKSEL                                                                               ;
;   7.142 ;   0.000  ;    ; RE   ; 1      ; GLOBAL_LOCAL_SEL_X36_Y45_N0_I2         ; GLOBAL_LOCAL_SEL                                                                        ;
;   7.142 ;   0.000  ;    ; RE   ; 4      ; LAB_INPUT_X36_Y45_N0_I3                ; LAB_INPUT                                                                               ;
;   7.141 ;   -0.001 ; RR ; IC   ; 1      ; FF_X36_Y45_N56                         ; u_vectors|g_bank[14].u_storage|read_tile_q[0]~DUPLICATE|clrn                            ;
;   7.806 ;   0.665  ; RR ; CELL ; 1      ; FF_X36_Y45_N56                         ; llm_bank_ram:u_vectors|pipelined_word_ram:g_bank[14].u_storage|read_tile_q[0]~DUPLICATE ;
+---------+----------+----+------+--------+----------------------------------------+-----------------------------------------------------------------------------------------+

+-------------------------------------------------------------------------------------------------------------------------------------------------------------------------+
; Data Required Path                                                                                                                                                      ;
+----------+---------+----+------+--------+-------------------------------------+-----------------------------------------------------------------------------------------+
; Total    ; Incr    ; RF ; Type ; Fanout ; Location                            ; Element                                                                                 ;
+----------+---------+----+------+--------+-------------------------------------+-----------------------------------------------------------------------------------------+
; 10.000   ; 10.000  ;    ;      ;        ;                                     ; latch edge time                                                                         ;
; 14.183   ; 4.183   ;    ;      ;        ;                                     ; clock path                                                                              ;
;   10.000 ;   0.000 ;    ;      ;        ;                                     ; source latency                                                                          ;
;   10.000 ;   0.000 ;    ;      ; 1      ; PIN_AC18                            ; clk                                                                                     ;
;   10.000 ;   0.000 ;    ; RE   ; 1      ; IOPAD_X54_Y0_N0                     ; ARRIAV_IO_PAD                                                                           ;
;   10.000 ;   0.000 ;    ; RE   ; 1      ; IO_PAD_OUTPUT_X54_Y0_N0_I1          ; IO_PAD_OUTPUT                                                                           ;
;   10.000 ;   0.000 ;    ; RE   ; 1      ; IO_INPUT_BUFFER_INPUT_X54_Y0_N1_I0  ; IO_INPUT_BUFFER_INPUT                                                                   ;
;   10.000 ;   0.000 ; RR ; IC   ; 1      ; IOIBUF_X54_Y0_N1                    ; clk~input|i                                                                             ;
;   10.917 ;   0.917 ; RR ; CELL ; 1      ; IOIBUF_X54_Y0_N1                    ; clk~input|o                                                                             ;
;   10.917 ;   0.000 ;    ; RE   ; 1      ; IOIBUF_X54_Y0_N1                    ; ARRIAV_IO_IBUF                                                                          ;
;   10.917 ;   0.000 ;    ; RE   ; 1      ; IO_INPUT_BUFFER_OUTPUT_X54_Y0_N1_I2 ; IO_INPUT_BUFFER_OUTPUT                                                                  ;
;   10.917 ;   0.000 ;    ; RE   ; 1      ; IO_RE_X54_Y0_N0_I96                 ; IO_RE                                                                                   ;
;   11.095 ;   0.178 ;    ; RE   ; 1      ; IO_RE_X54_Y0_N0_I66                 ; IO_RE                                                                                   ;
;   11.095 ;   0.000 ;    ; RE   ; 1      ; CLKBUF_CLUSTER_RE_X58_Y0_N0_I1614   ; CLKBUF_CLUSTER_RE                                                                       ;
;   11.095 ;   0.000 ;    ; RE   ; 1      ; CLKBUF_CLUSTER_RE_X58_Y0_N0_I616    ; CLKBUF_CLUSTER_RE                                                                       ;
;   11.095 ;   0.000 ;    ; RE   ; 1      ; GCLK_CLUSTER_RE_X58_Y0_N6_I10       ; GCLK_CLUSTER_RE                                                                         ;
;   11.095 ;   0.000 ;    ; RE   ; 1      ; CLKBUFBLOCK_INPUT_X58_Y0_N7_I0      ; CLKBUFBLOCK_INPUT                                                                       ;
;   11.095 ;   0.000 ; RR ; IC   ; 1      ; CLKCTRL_G6                          ; clk~inputCLKENA0|inclk                                                                  ;
;   11.407 ;   0.312 ; RR ; CELL ; 37157  ; CLKCTRL_G6                          ; clk~inputCLKENA0|outclk                                                                 ;
;   11.407 ;   0.000 ;    ; RE   ; 1      ; CLKCTRL_G6                          ; ARRIAV_CLKBUF                                                                           ;
;   11.407 ;   0.000 ;    ; RE   ; 1      ; CLKBUFBLOCK_OUTPUT_X58_Y0_N7_I2     ; CLKBUFBLOCK_OUTPUT                                                                      ;
;   11.407 ;   0.000 ;    ; RE   ; 1      ; GCLK_CLUSTER_RE_X58_Y0_N6_I12       ; GCLK_CLUSTER_RE                                                                         ;
;   11.407 ;   0.000 ;    ; RE   ; 1      ; CLKBUF_CLUSTER_RE_X58_Y0_N0_I417    ; CLKBUF_CLUSTER_RE                                                                       ;
;   12.370 ;   0.963 ;    ; RE   ; 16     ; GLOBAL_CLOCK_X0_Y58_N0_I6           ; GLOBAL_CLOCK                                                                            ;
;   12.540 ;   0.170 ;    ; RE   ; 29     ; SPINE_CLOCK_X45_Y30_N0_I7           ; SPINE_CLOCK                                                                             ;
;   12.983 ;   0.443 ;    ; RE   ; 1      ; SCLK_TO_ROWCLK_BUF_X45_Y45_N0_I43   ; SCLK_TO_ROWCLK_BUF                                                                      ;
;   13.068 ;   0.085 ;    ; RE   ; 2      ; SCLK_TO_ROWCLK_BUF_X45_Y45_N0_I46   ; SCLK_TO_ROWCLK_BUF                                                                      ;
;   13.494 ;   0.426 ;    ; RE   ; 13     ; LAB_CLK_X31_Y45_N0_I5               ; LAB_CLK                                                                                 ;
;   13.625 ;   0.131 ;    ; RE   ; 1      ; BLK_CLK_BUF_X36_Y45_N0_I5           ; BLK_CLK_BUF                                                                             ;
;   13.677 ;   0.052 ;    ; RE   ; 1      ; ROWCLKSEL_PREBUF_X36_Y45_N0_I5      ; ROWCLKSEL_PREBUF                                                                        ;
;   13.713 ;   0.036 ;    ; RE   ; 1      ; ROWCLKSEL_X36_Y45_N0_I0             ; ROWCLKSEL                                                                               ;
;   13.713 ;   0.000 ;    ; RE   ; 2      ; GLOBAL_LOCAL_SEL_X36_Y45_N0_I0      ; GLOBAL_LOCAL_SEL                                                                        ;
;   13.713 ;   0.000 ;    ; RE   ; 4      ; LAB_INPUT_X36_Y45_N0_I0             ; LAB_INPUT                                                                               ;
;   13.714 ;   0.001 ; RR ; IC   ; 1      ; FF_X36_Y45_N56                      ; u_vectors|g_bank[14].u_storage|read_tile_q[0]~DUPLICATE|clk                             ;
;   14.183 ;   0.469 ; RR ; CELL ; 1      ; FF_X36_Y45_N56                      ; llm_bank_ram:u_vectors|pipelined_word_ram:g_bank[14].u_storage|read_tile_q[0]~DUPLICATE ;
; 14.083   ; -0.100  ;    ;      ;        ;                                     ; clock uncertainty                                                                       ;
; 14.083   ; 0.000   ;    ; uTsu ; 1      ; FF_X36_Y45_N56                      ; llm_bank_ram:u_vectors|pipelined_word_ram:g_bank[14].u_storage|read_tile_q[0]~DUPLICATE ;
+----------+---------+----+------+--------+-------------------------------------+-----------------------------------------------------------------------------------------+

----------------------------
; Extra Fitter Information ;
----------------------------
HTML report is unavailable in plain text report export.


Path #13: Recovery slack is 6.277 
===============================================================================
+---------------------------------------------+
; Path Summary                                ;
+--------------------+------------------------+
; Property           ; Value                  ;
+--------------------+------------------------+
; From Node          ; rst_n                  ;
; To Node            ; sigmoid:u_sig|y_raw[9] ;
; Launch Clock       ; clk                    ;
; Latch Clock        ; clk                    ;
; Data Arrival Time  ; 7.799                  ;
; Data Required Time ; 14.076                 ;
; Slack              ; 6.277                  ;
+--------------------+------------------------+

+---------------------------------------------------------------------------------------+
; Statistics                                                                            ;
+---------------------------+--------+-------+-------------+------------+-------+-------+
; Property                  ; Value  ; Count ; Total Delay ; % of Total ; Min   ; Max   ;
+---------------------------+--------+-------+-------------+------------+-------+-------+
; Recovery Relationship     ; 10.000 ;       ;             ;            ;       ;       ;
; Clock Skew                ; 4.176  ;       ;             ;            ;       ;       ;
; Data Delay                ; 5.799  ;       ;             ;            ;       ;       ;
; Number of Logic Levels    ;        ; 2     ;             ;            ;       ;       ;
; Physical Delays           ;        ;       ;             ;            ;       ;       ;
;  Arrival Path             ;        ;       ;             ;            ;       ;       ;
;   Clock                   ;        ;       ;             ;            ;       ;       ;
;    Clock Network (Lumped) ;        ; 1     ; 0.000       ;            ; 0.000 ; 0.000 ;
;   Data                    ;        ;       ;             ;            ;       ;       ;
;    IC                     ;        ; 3     ; 0.000       ; 0          ; 0.000 ; 0.000 ;
;    Cell                   ;        ; 3     ; 2.820       ; 49         ; 0.468 ; 1.693 ;
;    Routing Element        ;        ; 26    ; 2.979       ; 51         ; 0.000 ; 1.058 ;
;  Required Path            ;        ;       ;             ;            ;       ;       ;
;   Clock                   ;        ;       ;             ;            ;       ;       ;
;    IC                     ;        ; 3     ; 0.000       ; 0          ; 0.000 ; 0.000 ;
;    Cell                   ;        ; 3     ; 1.672       ; 40         ; 0.312 ; 0.917 ;
;    Routing Element        ;        ; 25    ; 2.504       ; 60         ; 0.000 ; 0.963 ;
+---------------------------+--------+-------+-------------+------------+-------+-------+
Note: Negative delays are omitted from totals when calculating percentages

+-------------------------------------------------------------------------------------------------------------+
; Data Arrival Path                                                                                           ;
+---------+---------+----+------+--------+----------------------------------------+---------------------------+
; Total   ; Incr    ; RF ; Type ; Fanout ; Location                               ; Element                   ;
+---------+---------+----+------+--------+----------------------------------------+---------------------------+
; 0.000   ; 0.000   ;    ;      ;        ;                                        ; launch edge time          ;
; 0.000   ; 0.000   ;    ;      ;        ;                                        ; clock path                ;
;   0.000 ;   0.000 ; R  ;      ;        ;                                        ; clock network delay       ;
; 2.000   ; 2.000   ; R  ; iExt ; 1      ; PIN_V27                                ; rst_n                     ;
; 7.799   ; 5.799   ;    ;      ;        ;                                        ; data path                 ;
;   2.000 ;   0.000 ;    ; RE   ; 1      ; IOPAD_X121_Y51_N60                     ; ARRIAV_IO_PAD             ;
;   2.000 ;   0.000 ;    ; RE   ; 1      ; IO_PAD_OUTPUT_X121_Y51_N60_I1          ; IO_PAD_OUTPUT             ;
;   2.000 ;   0.000 ;    ; RE   ; 1      ; IO_INPUT_BUFFER_INPUT_X121_Y51_N61_I0  ; IO_INPUT_BUFFER_INPUT     ;
;   2.000 ;   0.000 ; RR ; IC   ; 1      ; IOIBUF_X121_Y51_N61                    ; rst_n~input|i             ;
;   3.693 ;   1.693 ; RR ; CELL ; 1294   ; IOIBUF_X121_Y51_N61                    ; rst_n~input|o             ;
;   3.693 ;   0.000 ;    ; RE   ; 1      ; IOIBUF_X121_Y51_N61                    ; ARRIAV_IO_IBUF            ;
;   3.693 ;   0.000 ;    ; RE   ; 1      ; IO_INPUT_BUFFER_OUTPUT_X121_Y51_N61_I2 ; IO_INPUT_BUFFER_OUTPUT    ;
;   3.693 ;   0.000 ;    ; RE   ; 2      ; IO_RE_X121_Y51_N60_I96                 ; IO_RE                     ;
;   3.880 ;   0.187 ;    ; RE   ; 1      ; IO_RE_X121_Y51_N60_I66                 ; IO_RE                     ;
;   4.194 ;   0.314 ;    ; RE   ; 1      ; CLKBUF_CLUSTER_RE_X121_Y56_N3_I421     ; CLKBUF_CLUSTER_RE         ;
;   4.194 ;   0.000 ;    ; RE   ; 1      ; CLKBUF_CLUSTER_RE_X121_Y56_N3_I772     ; CLKBUF_CLUSTER_RE         ;
;   4.194 ;   0.000 ;    ; RE   ; 1      ; CLKBUF_CLUSTER_RE_X121_Y56_N3_I557     ; CLKBUF_CLUSTER_RE         ;
;   4.194 ;   0.000 ;    ; RE   ; 1      ; GCLK_CLUSTER_RE_X121_Y56_N6_I10        ; GCLK_CLUSTER_RE           ;
;   4.194 ;   0.000 ;    ; RE   ; 1      ; CLKBUFBLOCK_INPUT_X121_Y56_N7_I0       ; CLKBUFBLOCK_INPUT         ;
;   4.194 ;   0.000 ; RR ; IC   ; 1      ; CLKCTRL_G9                             ; rst_n~inputCLKENA0|inclk  ;
;   4.662 ;   0.468 ; RR ; CELL ; 2145   ; CLKCTRL_G9                             ; rst_n~inputCLKENA0|outclk ;
;   4.662 ;   0.000 ;    ; RE   ; 1      ; CLKCTRL_G9                             ; ARRIAV_CLKBUF             ;
;   4.662 ;   0.000 ;    ; RE   ; 1      ; CLKBUFBLOCK_OUTPUT_X121_Y56_N7_I2      ; CLKBUFBLOCK_OUTPUT        ;
;   4.662 ;   0.000 ;    ; RE   ; 1      ; GCLK_CLUSTER_RE_X121_Y56_N6_I12        ; GCLK_CLUSTER_RE           ;
;   4.662 ;   0.000 ;    ; RE   ; 1      ; CLKBUF_CLUSTER_RE_X121_Y56_N3_I416     ; CLKBUF_CLUSTER_RE         ;
;   5.720 ;   1.058 ;    ; RE   ; 16     ; GLOBAL_CLOCK_X0_Y58_N0_I9              ; GLOBAL_CLOCK              ;
;   5.906 ;   0.186 ;    ; RE   ; 12     ; SPINE_CLOCK_X45_Y30_N0_I22             ; SPINE_CLOCK               ;
;   6.364 ;   0.458 ;    ; RE   ; 1      ; SCLK_TO_ROWCLK_BUF_X45_Y41_N0_I133     ; SCLK_TO_ROWCLK_BUF        ;
;   6.452 ;   0.088 ;    ; RE   ; 1      ; SCLK_TO_ROWCLK_BUF_X45_Y41_N0_I137     ; SCLK_TO_ROWCLK_BUF        ;
;   6.890 ;   0.438 ;    ; RE   ; 1      ; LAB_CLK_X46_Y41_N0_I4                  ; LAB_CLK                   ;
;   7.043 ;   0.153 ;    ; RE   ; 1      ; BLK_CLK_BUF_X46_Y41_N0_I4              ; BLK_CLK_BUF               ;
;   7.100 ;   0.057 ;    ; RE   ; 1      ; ROWCLKSEL_PREBUF_X46_Y41_N0_I4         ; ROWCLKSEL_PREBUF          ;
;   7.140 ;   0.040 ;    ; RE   ; 1      ; ROWCLKSEL_X46_Y41_N0_I2                ; ROWCLKSEL                 ;
;   7.140 ;   0.000 ;    ; RE   ; 1      ; GLOBAL_LOCAL_SEL_X46_Y41_N0_I2         ; GLOBAL_LOCAL_SEL          ;
;   7.140 ;   0.000 ;    ; RE   ; 18     ; LAB_INPUT_X46_Y41_N0_I3                ; LAB_INPUT                 ;
;   7.140 ;   0.000 ; RR ; IC   ; 1      ; FF_X46_Y41_N28                         ; u_sig|y_raw[9]|clrn       ;
;   7.799 ;   0.659 ; RR ; CELL ; 1      ; FF_X46_Y41_N28                         ; sigmoid:u_sig|y_raw[9]    ;
+---------+---------+----+------+--------+----------------------------------------+---------------------------+

+---------------------------------------------------------------------------------------------------------+
; Data Required Path                                                                                      ;
+----------+---------+----+------+--------+-------------------------------------+-------------------------+
; Total    ; Incr    ; RF ; Type ; Fanout ; Location                            ; Element                 ;
+----------+---------+----+------+--------+-------------------------------------+-------------------------+
; 10.000   ; 10.000  ;    ;      ;        ;                                     ; latch edge time         ;
; 14.176   ; 4.176   ;    ;      ;        ;                                     ; clock path              ;
;   10.000 ;   0.000 ;    ;      ;        ;                                     ; source latency          ;
;   10.000 ;   0.000 ;    ;      ; 1      ; PIN_AC18                            ; clk                     ;
;   10.000 ;   0.000 ;    ; RE   ; 1      ; IOPAD_X54_Y0_N0                     ; ARRIAV_IO_PAD           ;
;   10.000 ;   0.000 ;    ; RE   ; 1      ; IO_PAD_OUTPUT_X54_Y0_N0_I1          ; IO_PAD_OUTPUT           ;
;   10.000 ;   0.000 ;    ; RE   ; 1      ; IO_INPUT_BUFFER_INPUT_X54_Y0_N1_I0  ; IO_INPUT_BUFFER_INPUT   ;
;   10.000 ;   0.000 ; RR ; IC   ; 1      ; IOIBUF_X54_Y0_N1                    ; clk~input|i             ;
;   10.917 ;   0.917 ; RR ; CELL ; 1      ; IOIBUF_X54_Y0_N1                    ; clk~input|o             ;
;   10.917 ;   0.000 ;    ; RE   ; 1      ; IOIBUF_X54_Y0_N1                    ; ARRIAV_IO_IBUF          ;
;   10.917 ;   0.000 ;    ; RE   ; 1      ; IO_INPUT_BUFFER_OUTPUT_X54_Y0_N1_I2 ; IO_INPUT_BUFFER_OUTPUT  ;
;   10.917 ;   0.000 ;    ; RE   ; 1      ; IO_RE_X54_Y0_N0_I96                 ; IO_RE                   ;
;   11.095 ;   0.178 ;    ; RE   ; 1      ; IO_RE_X54_Y0_N0_I66                 ; IO_RE                   ;
;   11.095 ;   0.000 ;    ; RE   ; 1      ; CLKBUF_CLUSTER_RE_X58_Y0_N0_I1614   ; CLKBUF_CLUSTER_RE       ;
;   11.095 ;   0.000 ;    ; RE   ; 1      ; CLKBUF_CLUSTER_RE_X58_Y0_N0_I616    ; CLKBUF_CLUSTER_RE       ;
;   11.095 ;   0.000 ;    ; RE   ; 1      ; GCLK_CLUSTER_RE_X58_Y0_N6_I10       ; GCLK_CLUSTER_RE         ;
;   11.095 ;   0.000 ;    ; RE   ; 1      ; CLKBUFBLOCK_INPUT_X58_Y0_N7_I0      ; CLKBUFBLOCK_INPUT       ;
;   11.095 ;   0.000 ; RR ; IC   ; 1      ; CLKCTRL_G6                          ; clk~inputCLKENA0|inclk  ;
;   11.407 ;   0.312 ; RR ; CELL ; 37157  ; CLKCTRL_G6                          ; clk~inputCLKENA0|outclk ;
;   11.407 ;   0.000 ;    ; RE   ; 1      ; CLKCTRL_G6                          ; ARRIAV_CLKBUF           ;
;   11.407 ;   0.000 ;    ; RE   ; 1      ; CLKBUFBLOCK_OUTPUT_X58_Y0_N7_I2     ; CLKBUFBLOCK_OUTPUT      ;
;   11.407 ;   0.000 ;    ; RE   ; 1      ; GCLK_CLUSTER_RE_X58_Y0_N6_I12       ; GCLK_CLUSTER_RE         ;
;   11.407 ;   0.000 ;    ; RE   ; 1      ; CLKBUF_CLUSTER_RE_X58_Y0_N0_I417    ; CLKBUF_CLUSTER_RE       ;
;   12.370 ;   0.963 ;    ; RE   ; 16     ; GLOBAL_CLOCK_X0_Y58_N0_I6           ; GLOBAL_CLOCK            ;
;   12.549 ;   0.179 ;    ; RE   ; 29     ; SPINE_CLOCK_X45_Y30_N0_I7           ; SPINE_CLOCK             ;
;   12.991 ;   0.442 ;    ; RE   ; 1      ; SCLK_TO_ROWCLK_BUF_X45_Y41_N0_I43   ; SCLK_TO_ROWCLK_BUF      ;
;   13.076 ;   0.085 ;    ; RE   ; 2      ; SCLK_TO_ROWCLK_BUF_X45_Y41_N0_I46   ; SCLK_TO_ROWCLK_BUF      ;
;   13.499 ;   0.423 ;    ; RE   ; 14     ; LAB_CLK_X46_Y41_N0_I5               ; LAB_CLK                 ;
;   13.640 ;   0.141 ;    ; RE   ; 1      ; BLK_CLK_BUF_X46_Y41_N0_I5           ; BLK_CLK_BUF             ;
;   13.697 ;   0.057 ;    ; RE   ; 1      ; ROWCLKSEL_PREBUF_X46_Y41_N0_I5      ; ROWCLKSEL_PREBUF        ;
;   13.733 ;   0.036 ;    ; RE   ; 1      ; ROWCLKSEL_X46_Y41_N0_I0             ; ROWCLKSEL               ;
;   13.733 ;   0.000 ;    ; RE   ; 2      ; GLOBAL_LOCAL_SEL_X46_Y41_N0_I0      ; GLOBAL_LOCAL_SEL        ;
;   13.733 ;   0.000 ;    ; RE   ; 17     ; LAB_INPUT_X46_Y41_N0_I1             ; LAB_INPUT               ;
;   13.733 ;   0.000 ; RR ; IC   ; 1      ; FF_X46_Y41_N28                      ; u_sig|y_raw[9]|clk      ;
;   14.176 ;   0.443 ; RR ; CELL ; 1      ; FF_X46_Y41_N28                      ; sigmoid:u_sig|y_raw[9]  ;
; 14.076   ; -0.100  ;    ;      ;        ;                                     ; clock uncertainty       ;
; 14.076   ; 0.000   ;    ; uTsu ; 1      ; FF_X46_Y41_N28                      ; sigmoid:u_sig|y_raw[9]  ;
+----------+---------+----+------+--------+-------------------------------------+-------------------------+

----------------------------
; Extra Fitter Information ;
----------------------------
HTML report is unavailable in plain text report export.


Path #14: Recovery slack is 6.277 
===============================================================================
+---------------------------------------------------------+
; Path Summary                                            ;
+--------------------+------------------------------------+
; Property           ; Value                              ;
+--------------------+------------------------------------+
; From Node          ; rst_n                              ;
; To Node            ; isqrt_u64:u_root|radicand_work[63] ;
; Launch Clock       ; clk                                ;
; Latch Clock        ; clk                                ;
; Data Arrival Time  ; 7.801                              ;
; Data Required Time ; 14.078                             ;
; Slack              ; 6.277                              ;
+--------------------+------------------------------------+

+----------------------------------------------------------------------------------------+
; Statistics                                                                             ;
+---------------------------+--------+-------+-------------+------------+--------+-------+
; Property                  ; Value  ; Count ; Total Delay ; % of Total ; Min    ; Max   ;
+---------------------------+--------+-------+-------------+------------+--------+-------+
; Recovery Relationship     ; 10.000 ;       ;             ;            ;        ;       ;
; Clock Skew                ; 4.178  ;       ;             ;            ;        ;       ;
; Data Delay                ; 5.801  ;       ;             ;            ;        ;       ;
; Number of Logic Levels    ;        ; 2     ;             ;            ;        ;       ;
; Physical Delays           ;        ;       ;             ;            ;        ;       ;
;  Arrival Path             ;        ;       ;             ;            ;        ;       ;
;   Clock                   ;        ;       ;             ;            ;        ;       ;
;    Clock Network (Lumped) ;        ; 1     ; 0.000       ;            ; 0.000  ; 0.000 ;
;   Data                    ;        ;       ;             ;            ;        ;       ;
;    IC                     ;        ; 3     ; -0.001      ; 0          ; -0.001 ; 0.000 ;
;    Cell                   ;        ; 3     ; 2.825       ; 49         ; 0.468  ; 1.693 ;
;    Routing Element        ;        ; 26    ; 2.977       ; 51         ; 0.000  ; 1.065 ;
;  Required Path            ;        ;       ;             ;            ;        ;       ;
;   Clock                   ;        ;       ;             ;            ;        ;       ;
;    IC                     ;        ; 3     ; -0.001      ; 0          ; -0.001 ; 0.000 ;
;    Cell                   ;        ; 3     ; 1.671       ; 40         ; 0.312  ; 0.917 ;
;    Routing Element        ;        ; 25    ; 2.508       ; 60         ; 0.000  ; 0.990 ;
+---------------------------+--------+-------+-------------+------------+--------+-------+
Note: Negative delays are omitted from totals when calculating percentages

+-----------------------------------------------------------------------------------------------------------------------+
; Data Arrival Path                                                                                                     ;
+---------+----------+----+------+--------+----------------------------------------+------------------------------------+
; Total   ; Incr     ; RF ; Type ; Fanout ; Location                               ; Element                            ;
+---------+----------+----+------+--------+----------------------------------------+------------------------------------+
; 0.000   ; 0.000    ;    ;      ;        ;                                        ; launch edge time                   ;
; 0.000   ; 0.000    ;    ;      ;        ;                                        ; clock path                         ;
;   0.000 ;   0.000  ; R  ;      ;        ;                                        ; clock network delay                ;
; 2.000   ; 2.000    ; R  ; iExt ; 1      ; PIN_V27                                ; rst_n                              ;
; 7.801   ; 5.801    ;    ;      ;        ;                                        ; data path                          ;
;   2.000 ;   0.000  ;    ; RE   ; 1      ; IOPAD_X121_Y51_N60                     ; ARRIAV_IO_PAD                      ;
;   2.000 ;   0.000  ;    ; RE   ; 1      ; IO_PAD_OUTPUT_X121_Y51_N60_I1          ; IO_PAD_OUTPUT                      ;
;   2.000 ;   0.000  ;    ; RE   ; 1      ; IO_INPUT_BUFFER_INPUT_X121_Y51_N61_I0  ; IO_INPUT_BUFFER_INPUT              ;
;   2.000 ;   0.000  ; RR ; IC   ; 1      ; IOIBUF_X121_Y51_N61                    ; rst_n~input|i                      ;
;   3.693 ;   1.693  ; RR ; CELL ; 1294   ; IOIBUF_X121_Y51_N61                    ; rst_n~input|o                      ;
;   3.693 ;   0.000  ;    ; RE   ; 1      ; IOIBUF_X121_Y51_N61                    ; ARRIAV_IO_IBUF                     ;
;   3.693 ;   0.000  ;    ; RE   ; 1      ; IO_INPUT_BUFFER_OUTPUT_X121_Y51_N61_I2 ; IO_INPUT_BUFFER_OUTPUT             ;
;   3.693 ;   0.000  ;    ; RE   ; 2      ; IO_RE_X121_Y51_N60_I96                 ; IO_RE                              ;
;   3.880 ;   0.187  ;    ; RE   ; 1      ; IO_RE_X121_Y51_N60_I66                 ; IO_RE                              ;
;   4.194 ;   0.314  ;    ; RE   ; 1      ; CLKBUF_CLUSTER_RE_X121_Y56_N3_I421     ; CLKBUF_CLUSTER_RE                  ;
;   4.194 ;   0.000  ;    ; RE   ; 1      ; CLKBUF_CLUSTER_RE_X121_Y56_N3_I772     ; CLKBUF_CLUSTER_RE                  ;
;   4.194 ;   0.000  ;    ; RE   ; 1      ; CLKBUF_CLUSTER_RE_X121_Y56_N3_I557     ; CLKBUF_CLUSTER_RE                  ;
;   4.194 ;   0.000  ;    ; RE   ; 1      ; GCLK_CLUSTER_RE_X121_Y56_N6_I10        ; GCLK_CLUSTER_RE                    ;
;   4.194 ;   0.000  ;    ; RE   ; 1      ; CLKBUFBLOCK_INPUT_X121_Y56_N7_I0       ; CLKBUFBLOCK_INPUT                  ;
;   4.194 ;   0.000  ; RR ; IC   ; 1      ; CLKCTRL_G9                             ; rst_n~inputCLKENA0|inclk           ;
;   4.662 ;   0.468  ; RR ; CELL ; 2145   ; CLKCTRL_G9                             ; rst_n~inputCLKENA0|outclk          ;
;   4.662 ;   0.000  ;    ; RE   ; 1      ; CLKCTRL_G9                             ; ARRIAV_CLKBUF                      ;
;   4.662 ;   0.000  ;    ; RE   ; 1      ; CLKBUFBLOCK_OUTPUT_X121_Y56_N7_I2      ; CLKBUFBLOCK_OUTPUT                 ;
;   4.662 ;   0.000  ;    ; RE   ; 1      ; GCLK_CLUSTER_RE_X121_Y56_N6_I12        ; GCLK_CLUSTER_RE                    ;
;   4.662 ;   0.000  ;    ; RE   ; 1      ; CLKBUF_CLUSTER_RE_X121_Y56_N3_I416     ; CLKBUF_CLUSTER_RE                  ;
;   5.727 ;   1.065  ;    ; RE   ; 16     ; GLOBAL_CLOCK_X0_Y58_N0_I9              ; GLOBAL_CLOCK                       ;
;   5.919 ;   0.192  ;    ; RE   ; 25     ; SPINE_CLOCK_X106_Y30_N0_I7             ; SPINE_CLOCK                        ;
;   6.377 ;   0.458  ;    ; RE   ; 1      ; SCLK_TO_ROWCLK_BUF_X106_Y34_N0_I42     ; SCLK_TO_ROWCLK_BUF                 ;
;   6.474 ;   0.097  ;    ; RE   ; 2      ; SCLK_TO_ROWCLK_BUF_X106_Y34_N0_I44     ; SCLK_TO_ROWCLK_BUF                 ;
;   6.912 ;   0.438  ;    ; RE   ; 1      ; LAB_CLK_X92_Y34_N0_I1                  ; LAB_CLK                            ;
;   7.047 ;   0.135  ;    ; RE   ; 1      ; BLK_CLK_BUF_X95_Y34_N0_I1              ; BLK_CLK_BUF                        ;
;   7.099 ;   0.052  ;    ; RE   ; 1      ; ROWCLKSEL_PREBUF_X95_Y34_N0_I1         ; ROWCLKSEL_PREBUF                   ;
;   7.138 ;   0.039  ;    ; RE   ; 1      ; ROWCLKSEL_X95_Y34_N0_I2                ; ROWCLKSEL                          ;
;   7.138 ;   0.000  ;    ; RE   ; 1      ; GLOBAL_LOCAL_SEL_X95_Y34_N0_I2         ; GLOBAL_LOCAL_SEL                   ;
;   7.138 ;   0.000  ;    ; RE   ; 6      ; LAB_INPUT_X95_Y34_N0_I3                ; LAB_INPUT                          ;
;   7.137 ;   -0.001 ; RR ; IC   ; 1      ; FF_X95_Y34_N16                         ; u_root|radicand_work[63]|clrn      ;
;   7.801 ;   0.664  ; RR ; CELL ; 1      ; FF_X95_Y34_N16                         ; isqrt_u64:u_root|radicand_work[63] ;
+---------+----------+----+------+--------+----------------------------------------+------------------------------------+

+---------------------------------------------------------------------------------------------------------------------+
; Data Required Path                                                                                                  ;
+----------+----------+----+------+--------+-------------------------------------+------------------------------------+
; Total    ; Incr     ; RF ; Type ; Fanout ; Location                            ; Element                            ;
+----------+----------+----+------+--------+-------------------------------------+------------------------------------+
; 10.000   ; 10.000   ;    ;      ;        ;                                     ; latch edge time                    ;
; 14.178   ; 4.178    ;    ;      ;        ;                                     ; clock path                         ;
;   10.000 ;   0.000  ;    ;      ;        ;                                     ; source latency                     ;
;   10.000 ;   0.000  ;    ;      ; 1      ; PIN_AC18                            ; clk                                ;
;   10.000 ;   0.000  ;    ; RE   ; 1      ; IOPAD_X54_Y0_N0                     ; ARRIAV_IO_PAD                      ;
;   10.000 ;   0.000  ;    ; RE   ; 1      ; IO_PAD_OUTPUT_X54_Y0_N0_I1          ; IO_PAD_OUTPUT                      ;
;   10.000 ;   0.000  ;    ; RE   ; 1      ; IO_INPUT_BUFFER_INPUT_X54_Y0_N1_I0  ; IO_INPUT_BUFFER_INPUT              ;
;   10.000 ;   0.000  ; RR ; IC   ; 1      ; IOIBUF_X54_Y0_N1                    ; clk~input|i                        ;
;   10.917 ;   0.917  ; RR ; CELL ; 1      ; IOIBUF_X54_Y0_N1                    ; clk~input|o                        ;
;   10.917 ;   0.000  ;    ; RE   ; 1      ; IOIBUF_X54_Y0_N1                    ; ARRIAV_IO_IBUF                     ;
;   10.917 ;   0.000  ;    ; RE   ; 1      ; IO_INPUT_BUFFER_OUTPUT_X54_Y0_N1_I2 ; IO_INPUT_BUFFER_OUTPUT             ;
;   10.917 ;   0.000  ;    ; RE   ; 1      ; IO_RE_X54_Y0_N0_I96                 ; IO_RE                              ;
;   11.095 ;   0.178  ;    ; RE   ; 1      ; IO_RE_X54_Y0_N0_I66                 ; IO_RE                              ;
;   11.095 ;   0.000  ;    ; RE   ; 1      ; CLKBUF_CLUSTER_RE_X58_Y0_N0_I1614   ; CLKBUF_CLUSTER_RE                  ;
;   11.095 ;   0.000  ;    ; RE   ; 1      ; CLKBUF_CLUSTER_RE_X58_Y0_N0_I616    ; CLKBUF_CLUSTER_RE                  ;
;   11.095 ;   0.000  ;    ; RE   ; 1      ; GCLK_CLUSTER_RE_X58_Y0_N6_I10       ; GCLK_CLUSTER_RE                    ;
;   11.095 ;   0.000  ;    ; RE   ; 1      ; CLKBUFBLOCK_INPUT_X58_Y0_N7_I0      ; CLKBUFBLOCK_INPUT                  ;
;   11.095 ;   0.000  ; RR ; IC   ; 1      ; CLKCTRL_G6                          ; clk~inputCLKENA0|inclk             ;
;   11.407 ;   0.312  ; RR ; CELL ; 37157  ; CLKCTRL_G6                          ; clk~inputCLKENA0|outclk            ;
;   11.407 ;   0.000  ;    ; RE   ; 1      ; CLKCTRL_G6                          ; ARRIAV_CLKBUF                      ;
;   11.407 ;   0.000  ;    ; RE   ; 1      ; CLKBUFBLOCK_OUTPUT_X58_Y0_N7_I2     ; CLKBUFBLOCK_OUTPUT                 ;
;   11.407 ;   0.000  ;    ; RE   ; 1      ; GCLK_CLUSTER_RE_X58_Y0_N6_I12       ; GCLK_CLUSTER_RE                    ;
;   11.407 ;   0.000  ;    ; RE   ; 1      ; CLKBUF_CLUSTER_RE_X58_Y0_N0_I417    ; CLKBUF_CLUSTER_RE                  ;
;   12.397 ;   0.990  ;    ; RE   ; 16     ; GLOBAL_CLOCK_X0_Y58_N0_I6           ; GLOBAL_CLOCK                       ;
;   12.582 ;   0.185  ;    ; RE   ; 29     ; SPINE_CLOCK_X106_Y30_N0_I2          ; SPINE_CLOCK                        ;
;   13.023 ;   0.441  ;    ; RE   ; 1      ; SCLK_TO_ROWCLK_BUF_X106_Y34_N0_I12  ; SCLK_TO_ROWCLK_BUF                 ;
;   13.108 ;   0.085  ;    ; RE   ; 2      ; SCLK_TO_ROWCLK_BUF_X106_Y34_N0_I15  ; SCLK_TO_ROWCLK_BUF                 ;
;   13.525 ;   0.417  ;    ; RE   ; 7      ; LAB_CLK_X92_Y34_N0_I2               ; LAB_CLK                            ;
;   13.651 ;   0.126  ;    ; RE   ; 1      ; BLK_CLK_BUF_X95_Y34_N0_I2           ; BLK_CLK_BUF                        ;
;   13.701 ;   0.050  ;    ; RE   ; 1      ; ROWCLKSEL_PREBUF_X95_Y34_N0_I2      ; ROWCLKSEL_PREBUF                   ;
;   13.737 ;   0.036  ;    ; RE   ; 1      ; ROWCLKSEL_X95_Y34_N0_I0             ; ROWCLKSEL                          ;
;   13.737 ;   0.000  ;    ; RE   ; 1      ; GLOBAL_LOCAL_SEL_X95_Y34_N0_I0      ; GLOBAL_LOCAL_SEL                   ;
;   13.737 ;   0.000  ;    ; RE   ; 6      ; LAB_INPUT_X95_Y34_N0_I0             ; LAB_INPUT                          ;
;   13.736 ;   -0.001 ; RR ; IC   ; 1      ; FF_X95_Y34_N16                      ; u_root|radicand_work[63]|clk       ;
;   14.178 ;   0.442  ; RR ; CELL ; 1      ; FF_X95_Y34_N16                      ; isqrt_u64:u_root|radicand_work[63] ;
; 14.078   ; -0.100   ;    ;      ;        ;                                     ; clock uncertainty                  ;
; 14.078   ; 0.000    ;    ; uTsu ; 1      ; FF_X95_Y34_N16                      ; isqrt_u64:u_root|radicand_work[63] ;
+----------+----------+----+------+--------+-------------------------------------+------------------------------------+

----------------------------
; Extra Fitter Information ;
----------------------------
HTML report is unavailable in plain text report export.


Path #15: Recovery slack is 6.277 
===============================================================================
+---------------------------------------------------------+
; Path Summary                                            ;
+--------------------+------------------------------------+
; Property           ; Value                              ;
+--------------------+------------------------------------+
; From Node          ; rst_n                              ;
; To Node            ; isqrt_u64:u_root|radicand_work[61] ;
; Launch Clock       ; clk                                ;
; Latch Clock        ; clk                                ;
; Data Arrival Time  ; 7.801                              ;
; Data Required Time ; 14.078                             ;
; Slack              ; 6.277                              ;
+--------------------+------------------------------------+

+----------------------------------------------------------------------------------------+
; Statistics                                                                             ;
+---------------------------+--------+-------+-------------+------------+--------+-------+
; Property                  ; Value  ; Count ; Total Delay ; % of Total ; Min    ; Max   ;
+---------------------------+--------+-------+-------------+------------+--------+-------+
; Recovery Relationship     ; 10.000 ;       ;             ;            ;        ;       ;
; Clock Skew                ; 4.178  ;       ;             ;            ;        ;       ;
; Data Delay                ; 5.801  ;       ;             ;            ;        ;       ;
; Number of Logic Levels    ;        ; 2     ;             ;            ;        ;       ;
; Physical Delays           ;        ;       ;             ;            ;        ;       ;
;  Arrival Path             ;        ;       ;             ;            ;        ;       ;
;   Clock                   ;        ;       ;             ;            ;        ;       ;
;    Clock Network (Lumped) ;        ; 1     ; 0.000       ;            ; 0.000  ; 0.000 ;
;   Data                    ;        ;       ;             ;            ;        ;       ;
;    IC                     ;        ; 3     ; -0.001      ; 0          ; -0.001 ; 0.000 ;
;    Cell                   ;        ; 3     ; 2.825       ; 49         ; 0.468  ; 1.693 ;
;    Routing Element        ;        ; 26    ; 2.977       ; 51         ; 0.000  ; 1.065 ;
;  Required Path            ;        ;       ;             ;            ;        ;       ;
;   Clock                   ;        ;       ;             ;            ;        ;       ;
;    IC                     ;        ; 3     ; -0.001      ; 0          ; -0.001 ; 0.000 ;
;    Cell                   ;        ; 3     ; 1.671       ; 40         ; 0.312  ; 0.917 ;
;    Routing Element        ;        ; 25    ; 2.508       ; 60         ; 0.000  ; 0.990 ;
+---------------------------+--------+-------+-------------+------------+--------+-------+
Note: Negative delays are omitted from totals when calculating percentages

+-----------------------------------------------------------------------------------------------------------------------+
; Data Arrival Path                                                                                                     ;
+---------+----------+----+------+--------+----------------------------------------+------------------------------------+
; Total   ; Incr     ; RF ; Type ; Fanout ; Location                               ; Element                            ;
+---------+----------+----+------+--------+----------------------------------------+------------------------------------+
; 0.000   ; 0.000    ;    ;      ;        ;                                        ; launch edge time                   ;
; 0.000   ; 0.000    ;    ;      ;        ;                                        ; clock path                         ;
;   0.000 ;   0.000  ; R  ;      ;        ;                                        ; clock network delay                ;
; 2.000   ; 2.000    ; R  ; iExt ; 1      ; PIN_V27                                ; rst_n                              ;
; 7.801   ; 5.801    ;    ;      ;        ;                                        ; data path                          ;
;   2.000 ;   0.000  ;    ; RE   ; 1      ; IOPAD_X121_Y51_N60                     ; ARRIAV_IO_PAD                      ;
;   2.000 ;   0.000  ;    ; RE   ; 1      ; IO_PAD_OUTPUT_X121_Y51_N60_I1          ; IO_PAD_OUTPUT                      ;
;   2.000 ;   0.000  ;    ; RE   ; 1      ; IO_INPUT_BUFFER_INPUT_X121_Y51_N61_I0  ; IO_INPUT_BUFFER_INPUT              ;
;   2.000 ;   0.000  ; RR ; IC   ; 1      ; IOIBUF_X121_Y51_N61                    ; rst_n~input|i                      ;
;   3.693 ;   1.693  ; RR ; CELL ; 1294   ; IOIBUF_X121_Y51_N61                    ; rst_n~input|o                      ;
;   3.693 ;   0.000  ;    ; RE   ; 1      ; IOIBUF_X121_Y51_N61                    ; ARRIAV_IO_IBUF                     ;
;   3.693 ;   0.000  ;    ; RE   ; 1      ; IO_INPUT_BUFFER_OUTPUT_X121_Y51_N61_I2 ; IO_INPUT_BUFFER_OUTPUT             ;
;   3.693 ;   0.000  ;    ; RE   ; 2      ; IO_RE_X121_Y51_N60_I96                 ; IO_RE                              ;
;   3.880 ;   0.187  ;    ; RE   ; 1      ; IO_RE_X121_Y51_N60_I66                 ; IO_RE                              ;
;   4.194 ;   0.314  ;    ; RE   ; 1      ; CLKBUF_CLUSTER_RE_X121_Y56_N3_I421     ; CLKBUF_CLUSTER_RE                  ;
;   4.194 ;   0.000  ;    ; RE   ; 1      ; CLKBUF_CLUSTER_RE_X121_Y56_N3_I772     ; CLKBUF_CLUSTER_RE                  ;
;   4.194 ;   0.000  ;    ; RE   ; 1      ; CLKBUF_CLUSTER_RE_X121_Y56_N3_I557     ; CLKBUF_CLUSTER_RE                  ;
;   4.194 ;   0.000  ;    ; RE   ; 1      ; GCLK_CLUSTER_RE_X121_Y56_N6_I10        ; GCLK_CLUSTER_RE                    ;
;   4.194 ;   0.000  ;    ; RE   ; 1      ; CLKBUFBLOCK_INPUT_X121_Y56_N7_I0       ; CLKBUFBLOCK_INPUT                  ;
;   4.194 ;   0.000  ; RR ; IC   ; 1      ; CLKCTRL_G9                             ; rst_n~inputCLKENA0|inclk           ;
;   4.662 ;   0.468  ; RR ; CELL ; 2145   ; CLKCTRL_G9                             ; rst_n~inputCLKENA0|outclk          ;
;   4.662 ;   0.000  ;    ; RE   ; 1      ; CLKCTRL_G9                             ; ARRIAV_CLKBUF                      ;
;   4.662 ;   0.000  ;    ; RE   ; 1      ; CLKBUFBLOCK_OUTPUT_X121_Y56_N7_I2      ; CLKBUFBLOCK_OUTPUT                 ;
;   4.662 ;   0.000  ;    ; RE   ; 1      ; GCLK_CLUSTER_RE_X121_Y56_N6_I12        ; GCLK_CLUSTER_RE                    ;
;   4.662 ;   0.000  ;    ; RE   ; 1      ; CLKBUF_CLUSTER_RE_X121_Y56_N3_I416     ; CLKBUF_CLUSTER_RE                  ;
;   5.727 ;   1.065  ;    ; RE   ; 16     ; GLOBAL_CLOCK_X0_Y58_N0_I9              ; GLOBAL_CLOCK                       ;
;   5.919 ;   0.192  ;    ; RE   ; 25     ; SPINE_CLOCK_X106_Y30_N0_I7             ; SPINE_CLOCK                        ;
;   6.377 ;   0.458  ;    ; RE   ; 1      ; SCLK_TO_ROWCLK_BUF_X106_Y34_N0_I42     ; SCLK_TO_ROWCLK_BUF                 ;
;   6.474 ;   0.097  ;    ; RE   ; 2      ; SCLK_TO_ROWCLK_BUF_X106_Y34_N0_I44     ; SCLK_TO_ROWCLK_BUF                 ;
;   6.912 ;   0.438  ;    ; RE   ; 1      ; LAB_CLK_X92_Y34_N0_I1                  ; LAB_CLK                            ;
;   7.047 ;   0.135  ;    ; RE   ; 1      ; BLK_CLK_BUF_X95_Y34_N0_I1              ; BLK_CLK_BUF                        ;
;   7.099 ;   0.052  ;    ; RE   ; 1      ; ROWCLKSEL_PREBUF_X95_Y34_N0_I1         ; ROWCLKSEL_PREBUF                   ;
;   7.138 ;   0.039  ;    ; RE   ; 1      ; ROWCLKSEL_X95_Y34_N0_I2                ; ROWCLKSEL                          ;
;   7.138 ;   0.000  ;    ; RE   ; 1      ; GLOBAL_LOCAL_SEL_X95_Y34_N0_I2         ; GLOBAL_LOCAL_SEL                   ;
;   7.138 ;   0.000  ;    ; RE   ; 6      ; LAB_INPUT_X95_Y34_N0_I3                ; LAB_INPUT                          ;
;   7.137 ;   -0.001 ; RR ; IC   ; 1      ; FF_X95_Y34_N10                         ; u_root|radicand_work[61]|clrn      ;
;   7.801 ;   0.664  ; RR ; CELL ; 1      ; FF_X95_Y34_N10                         ; isqrt_u64:u_root|radicand_work[61] ;
+---------+----------+----+------+--------+----------------------------------------+------------------------------------+

+---------------------------------------------------------------------------------------------------------------------+
; Data Required Path                                                                                                  ;
+----------+----------+----+------+--------+-------------------------------------+------------------------------------+
; Total    ; Incr     ; RF ; Type ; Fanout ; Location                            ; Element                            ;
+----------+----------+----+------+--------+-------------------------------------+------------------------------------+
; 10.000   ; 10.000   ;    ;      ;        ;                                     ; latch edge time                    ;
; 14.178   ; 4.178    ;    ;      ;        ;                                     ; clock path                         ;
;   10.000 ;   0.000  ;    ;      ;        ;                                     ; source latency                     ;
;   10.000 ;   0.000  ;    ;      ; 1      ; PIN_AC18                            ; clk                                ;
;   10.000 ;   0.000  ;    ; RE   ; 1      ; IOPAD_X54_Y0_N0                     ; ARRIAV_IO_PAD                      ;
;   10.000 ;   0.000  ;    ; RE   ; 1      ; IO_PAD_OUTPUT_X54_Y0_N0_I1          ; IO_PAD_OUTPUT                      ;
;   10.000 ;   0.000  ;    ; RE   ; 1      ; IO_INPUT_BUFFER_INPUT_X54_Y0_N1_I0  ; IO_INPUT_BUFFER_INPUT              ;
;   10.000 ;   0.000  ; RR ; IC   ; 1      ; IOIBUF_X54_Y0_N1                    ; clk~input|i                        ;
;   10.917 ;   0.917  ; RR ; CELL ; 1      ; IOIBUF_X54_Y0_N1                    ; clk~input|o                        ;
;   10.917 ;   0.000  ;    ; RE   ; 1      ; IOIBUF_X54_Y0_N1                    ; ARRIAV_IO_IBUF                     ;
;   10.917 ;   0.000  ;    ; RE   ; 1      ; IO_INPUT_BUFFER_OUTPUT_X54_Y0_N1_I2 ; IO_INPUT_BUFFER_OUTPUT             ;
;   10.917 ;   0.000  ;    ; RE   ; 1      ; IO_RE_X54_Y0_N0_I96                 ; IO_RE                              ;
;   11.095 ;   0.178  ;    ; RE   ; 1      ; IO_RE_X54_Y0_N0_I66                 ; IO_RE                              ;
;   11.095 ;   0.000  ;    ; RE   ; 1      ; CLKBUF_CLUSTER_RE_X58_Y0_N0_I1614   ; CLKBUF_CLUSTER_RE                  ;
;   11.095 ;   0.000  ;    ; RE   ; 1      ; CLKBUF_CLUSTER_RE_X58_Y0_N0_I616    ; CLKBUF_CLUSTER_RE                  ;
;   11.095 ;   0.000  ;    ; RE   ; 1      ; GCLK_CLUSTER_RE_X58_Y0_N6_I10       ; GCLK_CLUSTER_RE                    ;
;   11.095 ;   0.000  ;    ; RE   ; 1      ; CLKBUFBLOCK_INPUT_X58_Y0_N7_I0      ; CLKBUFBLOCK_INPUT                  ;
;   11.095 ;   0.000  ; RR ; IC   ; 1      ; CLKCTRL_G6                          ; clk~inputCLKENA0|inclk             ;
;   11.407 ;   0.312  ; RR ; CELL ; 37157  ; CLKCTRL_G6                          ; clk~inputCLKENA0|outclk            ;
;   11.407 ;   0.000  ;    ; RE   ; 1      ; CLKCTRL_G6                          ; ARRIAV_CLKBUF                      ;
;   11.407 ;   0.000  ;    ; RE   ; 1      ; CLKBUFBLOCK_OUTPUT_X58_Y0_N7_I2     ; CLKBUFBLOCK_OUTPUT                 ;
;   11.407 ;   0.000  ;    ; RE   ; 1      ; GCLK_CLUSTER_RE_X58_Y0_N6_I12       ; GCLK_CLUSTER_RE                    ;
;   11.407 ;   0.000  ;    ; RE   ; 1      ; CLKBUF_CLUSTER_RE_X58_Y0_N0_I417    ; CLKBUF_CLUSTER_RE                  ;
;   12.397 ;   0.990  ;    ; RE   ; 16     ; GLOBAL_CLOCK_X0_Y58_N0_I6           ; GLOBAL_CLOCK                       ;
;   12.582 ;   0.185  ;    ; RE   ; 29     ; SPINE_CLOCK_X106_Y30_N0_I2          ; SPINE_CLOCK                        ;
;   13.023 ;   0.441  ;    ; RE   ; 1      ; SCLK_TO_ROWCLK_BUF_X106_Y34_N0_I12  ; SCLK_TO_ROWCLK_BUF                 ;
;   13.108 ;   0.085  ;    ; RE   ; 2      ; SCLK_TO_ROWCLK_BUF_X106_Y34_N0_I15  ; SCLK_TO_ROWCLK_BUF                 ;
;   13.525 ;   0.417  ;    ; RE   ; 7      ; LAB_CLK_X92_Y34_N0_I2               ; LAB_CLK                            ;
;   13.651 ;   0.126  ;    ; RE   ; 1      ; BLK_CLK_BUF_X95_Y34_N0_I2           ; BLK_CLK_BUF                        ;
;   13.701 ;   0.050  ;    ; RE   ; 1      ; ROWCLKSEL_PREBUF_X95_Y34_N0_I2      ; ROWCLKSEL_PREBUF                   ;
;   13.737 ;   0.036  ;    ; RE   ; 1      ; ROWCLKSEL_X95_Y34_N0_I0             ; ROWCLKSEL                          ;
;   13.737 ;   0.000  ;    ; RE   ; 1      ; GLOBAL_LOCAL_SEL_X95_Y34_N0_I0      ; GLOBAL_LOCAL_SEL                   ;
;   13.737 ;   0.000  ;    ; RE   ; 6      ; LAB_INPUT_X95_Y34_N0_I0             ; LAB_INPUT                          ;
;   13.736 ;   -0.001 ; RR ; IC   ; 1      ; FF_X95_Y34_N10                      ; u_root|radicand_work[61]|clk       ;
;   14.178 ;   0.442  ; RR ; CELL ; 1      ; FF_X95_Y34_N10                      ; isqrt_u64:u_root|radicand_work[61] ;
; 14.078   ; -0.100   ;    ;      ;        ;                                     ; clock uncertainty                  ;
; 14.078   ; 0.000    ;    ; uTsu ; 1      ; FF_X95_Y34_N10                      ; isqrt_u64:u_root|radicand_work[61] ;
+----------+----------+----+------+--------+-------------------------------------+------------------------------------+

----------------------------
; Extra Fitter Information ;
----------------------------
HTML report is unavailable in plain text report export.


Path #16: Recovery slack is 6.277 
===============================================================================
+---------------------------------------------------------+
; Path Summary                                            ;
+--------------------+------------------------------------+
; Property           ; Value                              ;
+--------------------+------------------------------------+
; From Node          ; rst_n                              ;
; To Node            ; isqrt_u64:u_root|radicand_work[62] ;
; Launch Clock       ; clk                                ;
; Latch Clock        ; clk                                ;
; Data Arrival Time  ; 7.801                              ;
; Data Required Time ; 14.078                             ;
; Slack              ; 6.277                              ;
+--------------------+------------------------------------+

+----------------------------------------------------------------------------------------+
; Statistics                                                                             ;
+---------------------------+--------+-------+-------------+------------+--------+-------+
; Property                  ; Value  ; Count ; Total Delay ; % of Total ; Min    ; Max   ;
+---------------------------+--------+-------+-------------+------------+--------+-------+
; Recovery Relationship     ; 10.000 ;       ;             ;            ;        ;       ;
; Clock Skew                ; 4.178  ;       ;             ;            ;        ;       ;
; Data Delay                ; 5.801  ;       ;             ;            ;        ;       ;
; Number of Logic Levels    ;        ; 2     ;             ;            ;        ;       ;
; Physical Delays           ;        ;       ;             ;            ;        ;       ;
;  Arrival Path             ;        ;       ;             ;            ;        ;       ;
;   Clock                   ;        ;       ;             ;            ;        ;       ;
;    Clock Network (Lumped) ;        ; 1     ; 0.000       ;            ; 0.000  ; 0.000 ;
;   Data                    ;        ;       ;             ;            ;        ;       ;
;    IC                     ;        ; 3     ; -0.001      ; 0          ; -0.001 ; 0.000 ;
;    Cell                   ;        ; 3     ; 2.825       ; 49         ; 0.468  ; 1.693 ;
;    Routing Element        ;        ; 26    ; 2.977       ; 51         ; 0.000  ; 1.065 ;
;  Required Path            ;        ;       ;             ;            ;        ;       ;
;   Clock                   ;        ;       ;             ;            ;        ;       ;
;    IC                     ;        ; 3     ; -0.001      ; 0          ; -0.001 ; 0.000 ;
;    Cell                   ;        ; 3     ; 1.671       ; 40         ; 0.312  ; 0.917 ;
;    Routing Element        ;        ; 25    ; 2.508       ; 60         ; 0.000  ; 0.990 ;
+---------------------------+--------+-------+-------------+------------+--------+-------+
Note: Negative delays are omitted from totals when calculating percentages

+-----------------------------------------------------------------------------------------------------------------------+
; Data Arrival Path                                                                                                     ;
+---------+----------+----+------+--------+----------------------------------------+------------------------------------+
; Total   ; Incr     ; RF ; Type ; Fanout ; Location                               ; Element                            ;
+---------+----------+----+------+--------+----------------------------------------+------------------------------------+
; 0.000   ; 0.000    ;    ;      ;        ;                                        ; launch edge time                   ;
; 0.000   ; 0.000    ;    ;      ;        ;                                        ; clock path                         ;
;   0.000 ;   0.000  ; R  ;      ;        ;                                        ; clock network delay                ;
; 2.000   ; 2.000    ; R  ; iExt ; 1      ; PIN_V27                                ; rst_n                              ;
; 7.801   ; 5.801    ;    ;      ;        ;                                        ; data path                          ;
;   2.000 ;   0.000  ;    ; RE   ; 1      ; IOPAD_X121_Y51_N60                     ; ARRIAV_IO_PAD                      ;
;   2.000 ;   0.000  ;    ; RE   ; 1      ; IO_PAD_OUTPUT_X121_Y51_N60_I1          ; IO_PAD_OUTPUT                      ;
;   2.000 ;   0.000  ;    ; RE   ; 1      ; IO_INPUT_BUFFER_INPUT_X121_Y51_N61_I0  ; IO_INPUT_BUFFER_INPUT              ;
;   2.000 ;   0.000  ; RR ; IC   ; 1      ; IOIBUF_X121_Y51_N61                    ; rst_n~input|i                      ;
;   3.693 ;   1.693  ; RR ; CELL ; 1294   ; IOIBUF_X121_Y51_N61                    ; rst_n~input|o                      ;
;   3.693 ;   0.000  ;    ; RE   ; 1      ; IOIBUF_X121_Y51_N61                    ; ARRIAV_IO_IBUF                     ;
;   3.693 ;   0.000  ;    ; RE   ; 1      ; IO_INPUT_BUFFER_OUTPUT_X121_Y51_N61_I2 ; IO_INPUT_BUFFER_OUTPUT             ;
;   3.693 ;   0.000  ;    ; RE   ; 2      ; IO_RE_X121_Y51_N60_I96                 ; IO_RE                              ;
;   3.880 ;   0.187  ;    ; RE   ; 1      ; IO_RE_X121_Y51_N60_I66                 ; IO_RE                              ;
;   4.194 ;   0.314  ;    ; RE   ; 1      ; CLKBUF_CLUSTER_RE_X121_Y56_N3_I421     ; CLKBUF_CLUSTER_RE                  ;
;   4.194 ;   0.000  ;    ; RE   ; 1      ; CLKBUF_CLUSTER_RE_X121_Y56_N3_I772     ; CLKBUF_CLUSTER_RE                  ;
;   4.194 ;   0.000  ;    ; RE   ; 1      ; CLKBUF_CLUSTER_RE_X121_Y56_N3_I557     ; CLKBUF_CLUSTER_RE                  ;
;   4.194 ;   0.000  ;    ; RE   ; 1      ; GCLK_CLUSTER_RE_X121_Y56_N6_I10        ; GCLK_CLUSTER_RE                    ;
;   4.194 ;   0.000  ;    ; RE   ; 1      ; CLKBUFBLOCK_INPUT_X121_Y56_N7_I0       ; CLKBUFBLOCK_INPUT                  ;
;   4.194 ;   0.000  ; RR ; IC   ; 1      ; CLKCTRL_G9                             ; rst_n~inputCLKENA0|inclk           ;
;   4.662 ;   0.468  ; RR ; CELL ; 2145   ; CLKCTRL_G9                             ; rst_n~inputCLKENA0|outclk          ;
;   4.662 ;   0.000  ;    ; RE   ; 1      ; CLKCTRL_G9                             ; ARRIAV_CLKBUF                      ;
;   4.662 ;   0.000  ;    ; RE   ; 1      ; CLKBUFBLOCK_OUTPUT_X121_Y56_N7_I2      ; CLKBUFBLOCK_OUTPUT                 ;
;   4.662 ;   0.000  ;    ; RE   ; 1      ; GCLK_CLUSTER_RE_X121_Y56_N6_I12        ; GCLK_CLUSTER_RE                    ;
;   4.662 ;   0.000  ;    ; RE   ; 1      ; CLKBUF_CLUSTER_RE_X121_Y56_N3_I416     ; CLKBUF_CLUSTER_RE                  ;
;   5.727 ;   1.065  ;    ; RE   ; 16     ; GLOBAL_CLOCK_X0_Y58_N0_I9              ; GLOBAL_CLOCK                       ;
;   5.919 ;   0.192  ;    ; RE   ; 25     ; SPINE_CLOCK_X106_Y30_N0_I7             ; SPINE_CLOCK                        ;
;   6.377 ;   0.458  ;    ; RE   ; 1      ; SCLK_TO_ROWCLK_BUF_X106_Y34_N0_I42     ; SCLK_TO_ROWCLK_BUF                 ;
;   6.474 ;   0.097  ;    ; RE   ; 2      ; SCLK_TO_ROWCLK_BUF_X106_Y34_N0_I44     ; SCLK_TO_ROWCLK_BUF                 ;
;   6.912 ;   0.438  ;    ; RE   ; 1      ; LAB_CLK_X92_Y34_N0_I1                  ; LAB_CLK                            ;
;   7.047 ;   0.135  ;    ; RE   ; 1      ; BLK_CLK_BUF_X95_Y34_N0_I1              ; BLK_CLK_BUF                        ;
;   7.099 ;   0.052  ;    ; RE   ; 1      ; ROWCLKSEL_PREBUF_X95_Y34_N0_I1         ; ROWCLKSEL_PREBUF                   ;
;   7.138 ;   0.039  ;    ; RE   ; 1      ; ROWCLKSEL_X95_Y34_N0_I2                ; ROWCLKSEL                          ;
;   7.138 ;   0.000  ;    ; RE   ; 1      ; GLOBAL_LOCAL_SEL_X95_Y34_N0_I2         ; GLOBAL_LOCAL_SEL                   ;
;   7.138 ;   0.000  ;    ; RE   ; 6      ; LAB_INPUT_X95_Y34_N0_I3                ; LAB_INPUT                          ;
;   7.137 ;   -0.001 ; RR ; IC   ; 1      ; FF_X95_Y34_N4                          ; u_root|radicand_work[62]|clrn      ;
;   7.801 ;   0.664  ; RR ; CELL ; 1      ; FF_X95_Y34_N4                          ; isqrt_u64:u_root|radicand_work[62] ;
+---------+----------+----+------+--------+----------------------------------------+------------------------------------+

+---------------------------------------------------------------------------------------------------------------------+
; Data Required Path                                                                                                  ;
+----------+----------+----+------+--------+-------------------------------------+------------------------------------+
; Total    ; Incr     ; RF ; Type ; Fanout ; Location                            ; Element                            ;
+----------+----------+----+------+--------+-------------------------------------+------------------------------------+
; 10.000   ; 10.000   ;    ;      ;        ;                                     ; latch edge time                    ;
; 14.178   ; 4.178    ;    ;      ;        ;                                     ; clock path                         ;
;   10.000 ;   0.000  ;    ;      ;        ;                                     ; source latency                     ;
;   10.000 ;   0.000  ;    ;      ; 1      ; PIN_AC18                            ; clk                                ;
;   10.000 ;   0.000  ;    ; RE   ; 1      ; IOPAD_X54_Y0_N0                     ; ARRIAV_IO_PAD                      ;
;   10.000 ;   0.000  ;    ; RE   ; 1      ; IO_PAD_OUTPUT_X54_Y0_N0_I1          ; IO_PAD_OUTPUT                      ;
;   10.000 ;   0.000  ;    ; RE   ; 1      ; IO_INPUT_BUFFER_INPUT_X54_Y0_N1_I0  ; IO_INPUT_BUFFER_INPUT              ;
;   10.000 ;   0.000  ; RR ; IC   ; 1      ; IOIBUF_X54_Y0_N1                    ; clk~input|i                        ;
;   10.917 ;   0.917  ; RR ; CELL ; 1      ; IOIBUF_X54_Y0_N1                    ; clk~input|o                        ;
;   10.917 ;   0.000  ;    ; RE   ; 1      ; IOIBUF_X54_Y0_N1                    ; ARRIAV_IO_IBUF                     ;
;   10.917 ;   0.000  ;    ; RE   ; 1      ; IO_INPUT_BUFFER_OUTPUT_X54_Y0_N1_I2 ; IO_INPUT_BUFFER_OUTPUT             ;
;   10.917 ;   0.000  ;    ; RE   ; 1      ; IO_RE_X54_Y0_N0_I96                 ; IO_RE                              ;
;   11.095 ;   0.178  ;    ; RE   ; 1      ; IO_RE_X54_Y0_N0_I66                 ; IO_RE                              ;
;   11.095 ;   0.000  ;    ; RE   ; 1      ; CLKBUF_CLUSTER_RE_X58_Y0_N0_I1614   ; CLKBUF_CLUSTER_RE                  ;
;   11.095 ;   0.000  ;    ; RE   ; 1      ; CLKBUF_CLUSTER_RE_X58_Y0_N0_I616    ; CLKBUF_CLUSTER_RE                  ;
;   11.095 ;   0.000  ;    ; RE   ; 1      ; GCLK_CLUSTER_RE_X58_Y0_N6_I10       ; GCLK_CLUSTER_RE                    ;
;   11.095 ;   0.000  ;    ; RE   ; 1      ; CLKBUFBLOCK_INPUT_X58_Y0_N7_I0      ; CLKBUFBLOCK_INPUT                  ;
;   11.095 ;   0.000  ; RR ; IC   ; 1      ; CLKCTRL_G6                          ; clk~inputCLKENA0|inclk             ;
;   11.407 ;   0.312  ; RR ; CELL ; 37157  ; CLKCTRL_G6                          ; clk~inputCLKENA0|outclk            ;
;   11.407 ;   0.000  ;    ; RE   ; 1      ; CLKCTRL_G6                          ; ARRIAV_CLKBUF                      ;
;   11.407 ;   0.000  ;    ; RE   ; 1      ; CLKBUFBLOCK_OUTPUT_X58_Y0_N7_I2     ; CLKBUFBLOCK_OUTPUT                 ;
;   11.407 ;   0.000  ;    ; RE   ; 1      ; GCLK_CLUSTER_RE_X58_Y0_N6_I12       ; GCLK_CLUSTER_RE                    ;
;   11.407 ;   0.000  ;    ; RE   ; 1      ; CLKBUF_CLUSTER_RE_X58_Y0_N0_I417    ; CLKBUF_CLUSTER_RE                  ;
;   12.397 ;   0.990  ;    ; RE   ; 16     ; GLOBAL_CLOCK_X0_Y58_N0_I6           ; GLOBAL_CLOCK                       ;
;   12.582 ;   0.185  ;    ; RE   ; 29     ; SPINE_CLOCK_X106_Y30_N0_I2          ; SPINE_CLOCK                        ;
;   13.023 ;   0.441  ;    ; RE   ; 1      ; SCLK_TO_ROWCLK_BUF_X106_Y34_N0_I12  ; SCLK_TO_ROWCLK_BUF                 ;
;   13.108 ;   0.085  ;    ; RE   ; 2      ; SCLK_TO_ROWCLK_BUF_X106_Y34_N0_I15  ; SCLK_TO_ROWCLK_BUF                 ;
;   13.525 ;   0.417  ;    ; RE   ; 7      ; LAB_CLK_X92_Y34_N0_I2               ; LAB_CLK                            ;
;   13.651 ;   0.126  ;    ; RE   ; 1      ; BLK_CLK_BUF_X95_Y34_N0_I2           ; BLK_CLK_BUF                        ;
;   13.701 ;   0.050  ;    ; RE   ; 1      ; ROWCLKSEL_PREBUF_X95_Y34_N0_I2      ; ROWCLKSEL_PREBUF                   ;
;   13.737 ;   0.036  ;    ; RE   ; 1      ; ROWCLKSEL_X95_Y34_N0_I0             ; ROWCLKSEL                          ;
;   13.737 ;   0.000  ;    ; RE   ; 1      ; GLOBAL_LOCAL_SEL_X95_Y34_N0_I0      ; GLOBAL_LOCAL_SEL                   ;
;   13.737 ;   0.000  ;    ; RE   ; 6      ; LAB_INPUT_X95_Y34_N0_I0             ; LAB_INPUT                          ;
;   13.736 ;   -0.001 ; RR ; IC   ; 1      ; FF_X95_Y34_N4                       ; u_root|radicand_work[62]|clk       ;
;   14.178 ;   0.442  ; RR ; CELL ; 1      ; FF_X95_Y34_N4                       ; isqrt_u64:u_root|radicand_work[62] ;
; 14.078   ; -0.100   ;    ;      ;        ;                                     ; clock uncertainty                  ;
; 14.078   ; 0.000    ;    ; uTsu ; 1      ; FF_X95_Y34_N4                       ; isqrt_u64:u_root|radicand_work[62] ;
+----------+----------+----+------+--------+-------------------------------------+------------------------------------+

----------------------------
; Extra Fitter Information ;
----------------------------
HTML report is unavailable in plain text report export.


Path #17: Recovery slack is 6.277 
===============================================================================
+---------------------------------------------------------+
; Path Summary                                            ;
+--------------------+------------------------------------+
; Property           ; Value                              ;
+--------------------+------------------------------------+
; From Node          ; rst_n                              ;
; To Node            ; isqrt_u64:u_root|radicand_work[60] ;
; Launch Clock       ; clk                                ;
; Latch Clock        ; clk                                ;
; Data Arrival Time  ; 7.801                              ;
; Data Required Time ; 14.078                             ;
; Slack              ; 6.277                              ;
+--------------------+------------------------------------+

+----------------------------------------------------------------------------------------+
; Statistics                                                                             ;
+---------------------------+--------+-------+-------------+------------+--------+-------+
; Property                  ; Value  ; Count ; Total Delay ; % of Total ; Min    ; Max   ;
+---------------------------+--------+-------+-------------+------------+--------+-------+
; Recovery Relationship     ; 10.000 ;       ;             ;            ;        ;       ;
; Clock Skew                ; 4.178  ;       ;             ;            ;        ;       ;
; Data Delay                ; 5.801  ;       ;             ;            ;        ;       ;
; Number of Logic Levels    ;        ; 2     ;             ;            ;        ;       ;
; Physical Delays           ;        ;       ;             ;            ;        ;       ;
;  Arrival Path             ;        ;       ;             ;            ;        ;       ;
;   Clock                   ;        ;       ;             ;            ;        ;       ;
;    Clock Network (Lumped) ;        ; 1     ; 0.000       ;            ; 0.000  ; 0.000 ;
;   Data                    ;        ;       ;             ;            ;        ;       ;
;    IC                     ;        ; 3     ; -0.001      ; 0          ; -0.001 ; 0.000 ;
;    Cell                   ;        ; 3     ; 2.825       ; 49         ; 0.468  ; 1.693 ;
;    Routing Element        ;        ; 26    ; 2.977       ; 51         ; 0.000  ; 1.065 ;
;  Required Path            ;        ;       ;             ;            ;        ;       ;
;   Clock                   ;        ;       ;             ;            ;        ;       ;
;    IC                     ;        ; 3     ; -0.001      ; 0          ; -0.001 ; 0.000 ;
;    Cell                   ;        ; 3     ; 1.671       ; 40         ; 0.312  ; 0.917 ;
;    Routing Element        ;        ; 25    ; 2.508       ; 60         ; 0.000  ; 0.990 ;
+---------------------------+--------+-------+-------------+------------+--------+-------+
Note: Negative delays are omitted from totals when calculating percentages

+-----------------------------------------------------------------------------------------------------------------------+
; Data Arrival Path                                                                                                     ;
+---------+----------+----+------+--------+----------------------------------------+------------------------------------+
; Total   ; Incr     ; RF ; Type ; Fanout ; Location                               ; Element                            ;
+---------+----------+----+------+--------+----------------------------------------+------------------------------------+
; 0.000   ; 0.000    ;    ;      ;        ;                                        ; launch edge time                   ;
; 0.000   ; 0.000    ;    ;      ;        ;                                        ; clock path                         ;
;   0.000 ;   0.000  ; R  ;      ;        ;                                        ; clock network delay                ;
; 2.000   ; 2.000    ; R  ; iExt ; 1      ; PIN_V27                                ; rst_n                              ;
; 7.801   ; 5.801    ;    ;      ;        ;                                        ; data path                          ;
;   2.000 ;   0.000  ;    ; RE   ; 1      ; IOPAD_X121_Y51_N60                     ; ARRIAV_IO_PAD                      ;
;   2.000 ;   0.000  ;    ; RE   ; 1      ; IO_PAD_OUTPUT_X121_Y51_N60_I1          ; IO_PAD_OUTPUT                      ;
;   2.000 ;   0.000  ;    ; RE   ; 1      ; IO_INPUT_BUFFER_INPUT_X121_Y51_N61_I0  ; IO_INPUT_BUFFER_INPUT              ;
;   2.000 ;   0.000  ; RR ; IC   ; 1      ; IOIBUF_X121_Y51_N61                    ; rst_n~input|i                      ;
;   3.693 ;   1.693  ; RR ; CELL ; 1294   ; IOIBUF_X121_Y51_N61                    ; rst_n~input|o                      ;
;   3.693 ;   0.000  ;    ; RE   ; 1      ; IOIBUF_X121_Y51_N61                    ; ARRIAV_IO_IBUF                     ;
;   3.693 ;   0.000  ;    ; RE   ; 1      ; IO_INPUT_BUFFER_OUTPUT_X121_Y51_N61_I2 ; IO_INPUT_BUFFER_OUTPUT             ;
;   3.693 ;   0.000  ;    ; RE   ; 2      ; IO_RE_X121_Y51_N60_I96                 ; IO_RE                              ;
;   3.880 ;   0.187  ;    ; RE   ; 1      ; IO_RE_X121_Y51_N60_I66                 ; IO_RE                              ;
;   4.194 ;   0.314  ;    ; RE   ; 1      ; CLKBUF_CLUSTER_RE_X121_Y56_N3_I421     ; CLKBUF_CLUSTER_RE                  ;
;   4.194 ;   0.000  ;    ; RE   ; 1      ; CLKBUF_CLUSTER_RE_X121_Y56_N3_I772     ; CLKBUF_CLUSTER_RE                  ;
;   4.194 ;   0.000  ;    ; RE   ; 1      ; CLKBUF_CLUSTER_RE_X121_Y56_N3_I557     ; CLKBUF_CLUSTER_RE                  ;
;   4.194 ;   0.000  ;    ; RE   ; 1      ; GCLK_CLUSTER_RE_X121_Y56_N6_I10        ; GCLK_CLUSTER_RE                    ;
;   4.194 ;   0.000  ;    ; RE   ; 1      ; CLKBUFBLOCK_INPUT_X121_Y56_N7_I0       ; CLKBUFBLOCK_INPUT                  ;
;   4.194 ;   0.000  ; RR ; IC   ; 1      ; CLKCTRL_G9                             ; rst_n~inputCLKENA0|inclk           ;
;   4.662 ;   0.468  ; RR ; CELL ; 2145   ; CLKCTRL_G9                             ; rst_n~inputCLKENA0|outclk          ;
;   4.662 ;   0.000  ;    ; RE   ; 1      ; CLKCTRL_G9                             ; ARRIAV_CLKBUF                      ;
;   4.662 ;   0.000  ;    ; RE   ; 1      ; CLKBUFBLOCK_OUTPUT_X121_Y56_N7_I2      ; CLKBUFBLOCK_OUTPUT                 ;
;   4.662 ;   0.000  ;    ; RE   ; 1      ; GCLK_CLUSTER_RE_X121_Y56_N6_I12        ; GCLK_CLUSTER_RE                    ;
;   4.662 ;   0.000  ;    ; RE   ; 1      ; CLKBUF_CLUSTER_RE_X121_Y56_N3_I416     ; CLKBUF_CLUSTER_RE                  ;
;   5.727 ;   1.065  ;    ; RE   ; 16     ; GLOBAL_CLOCK_X0_Y58_N0_I9              ; GLOBAL_CLOCK                       ;
;   5.919 ;   0.192  ;    ; RE   ; 25     ; SPINE_CLOCK_X106_Y30_N0_I7             ; SPINE_CLOCK                        ;
;   6.377 ;   0.458  ;    ; RE   ; 1      ; SCLK_TO_ROWCLK_BUF_X106_Y34_N0_I42     ; SCLK_TO_ROWCLK_BUF                 ;
;   6.474 ;   0.097  ;    ; RE   ; 2      ; SCLK_TO_ROWCLK_BUF_X106_Y34_N0_I44     ; SCLK_TO_ROWCLK_BUF                 ;
;   6.912 ;   0.438  ;    ; RE   ; 1      ; LAB_CLK_X92_Y34_N0_I1                  ; LAB_CLK                            ;
;   7.047 ;   0.135  ;    ; RE   ; 1      ; BLK_CLK_BUF_X95_Y34_N0_I1              ; BLK_CLK_BUF                        ;
;   7.099 ;   0.052  ;    ; RE   ; 1      ; ROWCLKSEL_PREBUF_X95_Y34_N0_I1         ; ROWCLKSEL_PREBUF                   ;
;   7.138 ;   0.039  ;    ; RE   ; 1      ; ROWCLKSEL_X95_Y34_N0_I2                ; ROWCLKSEL                          ;
;   7.138 ;   0.000  ;    ; RE   ; 1      ; GLOBAL_LOCAL_SEL_X95_Y34_N0_I2         ; GLOBAL_LOCAL_SEL                   ;
;   7.138 ;   0.000  ;    ; RE   ; 6      ; LAB_INPUT_X95_Y34_N0_I3                ; LAB_INPUT                          ;
;   7.137 ;   -0.001 ; RR ; IC   ; 1      ; FF_X95_Y34_N40                         ; u_root|radicand_work[60]|clrn      ;
;   7.801 ;   0.664  ; RR ; CELL ; 1      ; FF_X95_Y34_N40                         ; isqrt_u64:u_root|radicand_work[60] ;
+---------+----------+----+------+--------+----------------------------------------+------------------------------------+

+---------------------------------------------------------------------------------------------------------------------+
; Data Required Path                                                                                                  ;
+----------+----------+----+------+--------+-------------------------------------+------------------------------------+
; Total    ; Incr     ; RF ; Type ; Fanout ; Location                            ; Element                            ;
+----------+----------+----+------+--------+-------------------------------------+------------------------------------+
; 10.000   ; 10.000   ;    ;      ;        ;                                     ; latch edge time                    ;
; 14.178   ; 4.178    ;    ;      ;        ;                                     ; clock path                         ;
;   10.000 ;   0.000  ;    ;      ;        ;                                     ; source latency                     ;
;   10.000 ;   0.000  ;    ;      ; 1      ; PIN_AC18                            ; clk                                ;
;   10.000 ;   0.000  ;    ; RE   ; 1      ; IOPAD_X54_Y0_N0                     ; ARRIAV_IO_PAD                      ;
;   10.000 ;   0.000  ;    ; RE   ; 1      ; IO_PAD_OUTPUT_X54_Y0_N0_I1          ; IO_PAD_OUTPUT                      ;
;   10.000 ;   0.000  ;    ; RE   ; 1      ; IO_INPUT_BUFFER_INPUT_X54_Y0_N1_I0  ; IO_INPUT_BUFFER_INPUT              ;
;   10.000 ;   0.000  ; RR ; IC   ; 1      ; IOIBUF_X54_Y0_N1                    ; clk~input|i                        ;
;   10.917 ;   0.917  ; RR ; CELL ; 1      ; IOIBUF_X54_Y0_N1                    ; clk~input|o                        ;
;   10.917 ;   0.000  ;    ; RE   ; 1      ; IOIBUF_X54_Y0_N1                    ; ARRIAV_IO_IBUF                     ;
;   10.917 ;   0.000  ;    ; RE   ; 1      ; IO_INPUT_BUFFER_OUTPUT_X54_Y0_N1_I2 ; IO_INPUT_BUFFER_OUTPUT             ;
;   10.917 ;   0.000  ;    ; RE   ; 1      ; IO_RE_X54_Y0_N0_I96                 ; IO_RE                              ;
;   11.095 ;   0.178  ;    ; RE   ; 1      ; IO_RE_X54_Y0_N0_I66                 ; IO_RE                              ;
;   11.095 ;   0.000  ;    ; RE   ; 1      ; CLKBUF_CLUSTER_RE_X58_Y0_N0_I1614   ; CLKBUF_CLUSTER_RE                  ;
;   11.095 ;   0.000  ;    ; RE   ; 1      ; CLKBUF_CLUSTER_RE_X58_Y0_N0_I616    ; CLKBUF_CLUSTER_RE                  ;
;   11.095 ;   0.000  ;    ; RE   ; 1      ; GCLK_CLUSTER_RE_X58_Y0_N6_I10       ; GCLK_CLUSTER_RE                    ;
;   11.095 ;   0.000  ;    ; RE   ; 1      ; CLKBUFBLOCK_INPUT_X58_Y0_N7_I0      ; CLKBUFBLOCK_INPUT                  ;
;   11.095 ;   0.000  ; RR ; IC   ; 1      ; CLKCTRL_G6                          ; clk~inputCLKENA0|inclk             ;
;   11.407 ;   0.312  ; RR ; CELL ; 37157  ; CLKCTRL_G6                          ; clk~inputCLKENA0|outclk            ;
;   11.407 ;   0.000  ;    ; RE   ; 1      ; CLKCTRL_G6                          ; ARRIAV_CLKBUF                      ;
;   11.407 ;   0.000  ;    ; RE   ; 1      ; CLKBUFBLOCK_OUTPUT_X58_Y0_N7_I2     ; CLKBUFBLOCK_OUTPUT                 ;
;   11.407 ;   0.000  ;    ; RE   ; 1      ; GCLK_CLUSTER_RE_X58_Y0_N6_I12       ; GCLK_CLUSTER_RE                    ;
;   11.407 ;   0.000  ;    ; RE   ; 1      ; CLKBUF_CLUSTER_RE_X58_Y0_N0_I417    ; CLKBUF_CLUSTER_RE                  ;
;   12.397 ;   0.990  ;    ; RE   ; 16     ; GLOBAL_CLOCK_X0_Y58_N0_I6           ; GLOBAL_CLOCK                       ;
;   12.582 ;   0.185  ;    ; RE   ; 29     ; SPINE_CLOCK_X106_Y30_N0_I2          ; SPINE_CLOCK                        ;
;   13.023 ;   0.441  ;    ; RE   ; 1      ; SCLK_TO_ROWCLK_BUF_X106_Y34_N0_I12  ; SCLK_TO_ROWCLK_BUF                 ;
;   13.108 ;   0.085  ;    ; RE   ; 2      ; SCLK_TO_ROWCLK_BUF_X106_Y34_N0_I15  ; SCLK_TO_ROWCLK_BUF                 ;
;   13.525 ;   0.417  ;    ; RE   ; 7      ; LAB_CLK_X92_Y34_N0_I2               ; LAB_CLK                            ;
;   13.651 ;   0.126  ;    ; RE   ; 1      ; BLK_CLK_BUF_X95_Y34_N0_I2           ; BLK_CLK_BUF                        ;
;   13.701 ;   0.050  ;    ; RE   ; 1      ; ROWCLKSEL_PREBUF_X95_Y34_N0_I2      ; ROWCLKSEL_PREBUF                   ;
;   13.737 ;   0.036  ;    ; RE   ; 1      ; ROWCLKSEL_X95_Y34_N0_I0             ; ROWCLKSEL                          ;
;   13.737 ;   0.000  ;    ; RE   ; 1      ; GLOBAL_LOCAL_SEL_X95_Y34_N0_I0      ; GLOBAL_LOCAL_SEL                   ;
;   13.737 ;   0.000  ;    ; RE   ; 6      ; LAB_INPUT_X95_Y34_N0_I0             ; LAB_INPUT                          ;
;   13.736 ;   -0.001 ; RR ; IC   ; 1      ; FF_X95_Y34_N40                      ; u_root|radicand_work[60]|clk       ;
;   14.178 ;   0.442  ; RR ; CELL ; 1      ; FF_X95_Y34_N40                      ; isqrt_u64:u_root|radicand_work[60] ;
; 14.078   ; -0.100   ;    ;      ;        ;                                     ; clock uncertainty                  ;
; 14.078   ; 0.000    ;    ; uTsu ; 1      ; FF_X95_Y34_N40                      ; isqrt_u64:u_root|radicand_work[60] ;
+----------+----------+----+------+--------+-------------------------------------+------------------------------------+

----------------------------
; Extra Fitter Information ;
----------------------------
HTML report is unavailable in plain text report export.


Path #18: Recovery slack is 6.278 
===============================================================================
+---------------------------------+
; Path Summary                    ;
+--------------------+------------+
; Property           ; Value      ;
+--------------------+------------+
; From Node          ; rst_n      ;
; To Node            ; token_q[5] ;
; Launch Clock       ; clk        ;
; Latch Clock        ; clk        ;
; Data Arrival Time  ; 7.802      ;
; Data Required Time ; 14.080     ;
; Slack              ; 6.278      ;
+--------------------+------------+

+----------------------------------------------------------------------------------------+
; Statistics                                                                             ;
+---------------------------+--------+-------+-------------+------------+--------+-------+
; Property                  ; Value  ; Count ; Total Delay ; % of Total ; Min    ; Max   ;
+---------------------------+--------+-------+-------------+------------+--------+-------+
; Recovery Relationship     ; 10.000 ;       ;             ;            ;        ;       ;
; Clock Skew                ; 4.180  ;       ;             ;            ;        ;       ;
; Data Delay                ; 5.802  ;       ;             ;            ;        ;       ;
; Number of Logic Levels    ;        ; 2     ;             ;            ;        ;       ;
; Physical Delays           ;        ;       ;             ;            ;        ;       ;
;  Arrival Path             ;        ;       ;             ;            ;        ;       ;
;   Clock                   ;        ;       ;             ;            ;        ;       ;
;    Clock Network (Lumped) ;        ; 1     ; 0.000       ;            ; 0.000  ; 0.000 ;
;   Data                    ;        ;       ;             ;            ;        ;       ;
;    IC                     ;        ; 3     ; -0.001      ; 0          ; -0.001 ; 0.000 ;
;    Cell                   ;        ; 3     ; 2.826       ; 49         ; 0.468  ; 1.693 ;
;    Routing Element        ;        ; 26    ; 2.977       ; 51         ; 0.000  ; 1.065 ;
;  Required Path            ;        ;       ;             ;            ;        ;       ;
;   Clock                   ;        ;       ;             ;            ;        ;       ;
;    IC                     ;        ; 3     ; -0.001      ; 0          ; -0.001 ; 0.000 ;
;    Cell                   ;        ; 3     ; 1.662       ; 40         ; 0.312  ; 0.917 ;
;    Routing Element        ;        ; 25    ; 2.519       ; 60         ; 0.000  ; 0.990 ;
+---------------------------+--------+-------+-------------+------------+--------+-------+
Note: Negative delays are omitted from totals when calculating percentages

+--------------------------------------------------------------------------------------------------------------+
; Data Arrival Path                                                                                            ;
+---------+----------+----+------+--------+----------------------------------------+---------------------------+
; Total   ; Incr     ; RF ; Type ; Fanout ; Location                               ; Element                   ;
+---------+----------+----+------+--------+----------------------------------------+---------------------------+
; 0.000   ; 0.000    ;    ;      ;        ;                                        ; launch edge time          ;
; 0.000   ; 0.000    ;    ;      ;        ;                                        ; clock path                ;
;   0.000 ;   0.000  ; R  ;      ;        ;                                        ; clock network delay       ;
; 2.000   ; 2.000    ; R  ; iExt ; 1      ; PIN_V27                                ; rst_n                     ;
; 7.802   ; 5.802    ;    ;      ;        ;                                        ; data path                 ;
;   2.000 ;   0.000  ;    ; RE   ; 1      ; IOPAD_X121_Y51_N60                     ; ARRIAV_IO_PAD             ;
;   2.000 ;   0.000  ;    ; RE   ; 1      ; IO_PAD_OUTPUT_X121_Y51_N60_I1          ; IO_PAD_OUTPUT             ;
;   2.000 ;   0.000  ;    ; RE   ; 1      ; IO_INPUT_BUFFER_INPUT_X121_Y51_N61_I0  ; IO_INPUT_BUFFER_INPUT     ;
;   2.000 ;   0.000  ; RR ; IC   ; 1      ; IOIBUF_X121_Y51_N61                    ; rst_n~input|i             ;
;   3.693 ;   1.693  ; RR ; CELL ; 1294   ; IOIBUF_X121_Y51_N61                    ; rst_n~input|o             ;
;   3.693 ;   0.000  ;    ; RE   ; 1      ; IOIBUF_X121_Y51_N61                    ; ARRIAV_IO_IBUF            ;
;   3.693 ;   0.000  ;    ; RE   ; 1      ; IO_INPUT_BUFFER_OUTPUT_X121_Y51_N61_I2 ; IO_INPUT_BUFFER_OUTPUT    ;
;   3.693 ;   0.000  ;    ; RE   ; 2      ; IO_RE_X121_Y51_N60_I96                 ; IO_RE                     ;
;   3.880 ;   0.187  ;    ; RE   ; 1      ; IO_RE_X121_Y51_N60_I66                 ; IO_RE                     ;
;   4.194 ;   0.314  ;    ; RE   ; 1      ; CLKBUF_CLUSTER_RE_X121_Y56_N3_I421     ; CLKBUF_CLUSTER_RE         ;
;   4.194 ;   0.000  ;    ; RE   ; 1      ; CLKBUF_CLUSTER_RE_X121_Y56_N3_I772     ; CLKBUF_CLUSTER_RE         ;
;   4.194 ;   0.000  ;    ; RE   ; 1      ; CLKBUF_CLUSTER_RE_X121_Y56_N3_I557     ; CLKBUF_CLUSTER_RE         ;
;   4.194 ;   0.000  ;    ; RE   ; 1      ; GCLK_CLUSTER_RE_X121_Y56_N6_I10        ; GCLK_CLUSTER_RE           ;
;   4.194 ;   0.000  ;    ; RE   ; 1      ; CLKBUFBLOCK_INPUT_X121_Y56_N7_I0       ; CLKBUFBLOCK_INPUT         ;
;   4.194 ;   0.000  ; RR ; IC   ; 1      ; CLKCTRL_G9                             ; rst_n~inputCLKENA0|inclk  ;
;   4.662 ;   0.468  ; RR ; CELL ; 2145   ; CLKCTRL_G9                             ; rst_n~inputCLKENA0|outclk ;
;   4.662 ;   0.000  ;    ; RE   ; 1      ; CLKCTRL_G9                             ; ARRIAV_CLKBUF             ;
;   4.662 ;   0.000  ;    ; RE   ; 1      ; CLKBUFBLOCK_OUTPUT_X121_Y56_N7_I2      ; CLKBUFBLOCK_OUTPUT        ;
;   4.662 ;   0.000  ;    ; RE   ; 1      ; GCLK_CLUSTER_RE_X121_Y56_N6_I12        ; GCLK_CLUSTER_RE           ;
;   4.662 ;   0.000  ;    ; RE   ; 1      ; CLKBUF_CLUSTER_RE_X121_Y56_N3_I416     ; CLKBUF_CLUSTER_RE         ;
;   5.727 ;   1.065  ;    ; RE   ; 16     ; GLOBAL_CLOCK_X0_Y58_N0_I9              ; GLOBAL_CLOCK              ;
;   5.912 ;   0.185  ;    ; RE   ; 25     ; SPINE_CLOCK_X106_Y30_N0_I7             ; SPINE_CLOCK               ;
;   6.371 ;   0.459  ;    ; RE   ; 1      ; SCLK_TO_ROWCLK_BUF_X106_Y54_N0_I43     ; SCLK_TO_ROWCLK_BUF        ;
;   6.459 ;   0.088  ;    ; RE   ; 2      ; SCLK_TO_ROWCLK_BUF_X106_Y54_N0_I46     ; SCLK_TO_ROWCLK_BUF        ;
;   6.899 ;   0.440  ;    ; RE   ; 2      ; LAB_CLK_X107_Y54_N0_I5                 ; LAB_CLK                   ;
;   7.044 ;   0.145  ;    ; RE   ; 1      ; BLK_CLK_BUF_X112_Y54_N0_I5             ; BLK_CLK_BUF               ;
;   7.099 ;   0.055  ;    ; RE   ; 1      ; ROWCLKSEL_PREBUF_X112_Y54_N0_I5        ; ROWCLKSEL_PREBUF          ;
;   7.138 ;   0.039  ;    ; RE   ; 1      ; ROWCLKSEL_X112_Y54_N0_I2               ; ROWCLKSEL                 ;
;   7.138 ;   0.000  ;    ; RE   ; 1      ; GLOBAL_LOCAL_SEL_X112_Y54_N0_I2        ; GLOBAL_LOCAL_SEL          ;
;   7.138 ;   0.000  ;    ; RE   ; 3      ; LAB_INPUT_X112_Y54_N0_I3               ; LAB_INPUT                 ;
;   7.137 ;   -0.001 ; RR ; IC   ; 1      ; FF_X112_Y54_N56                        ; token_q[5]|clrn           ;
;   7.802 ;   0.665  ; RR ; CELL ; 1      ; FF_X112_Y54_N56                        ; token_q[5]                ;
+---------+----------+----+------+--------+----------------------------------------+---------------------------+

+----------------------------------------------------------------------------------------------------------+
; Data Required Path                                                                                       ;
+----------+----------+----+------+--------+-------------------------------------+-------------------------+
; Total    ; Incr     ; RF ; Type ; Fanout ; Location                            ; Element                 ;
+----------+----------+----+------+--------+-------------------------------------+-------------------------+
; 10.000   ; 10.000   ;    ;      ;        ;                                     ; latch edge time         ;
; 14.180   ; 4.180    ;    ;      ;        ;                                     ; clock path              ;
;   10.000 ;   0.000  ;    ;      ;        ;                                     ; source latency          ;
;   10.000 ;   0.000  ;    ;      ; 1      ; PIN_AC18                            ; clk                     ;
;   10.000 ;   0.000  ;    ; RE   ; 1      ; IOPAD_X54_Y0_N0                     ; ARRIAV_IO_PAD           ;
;   10.000 ;   0.000  ;    ; RE   ; 1      ; IO_PAD_OUTPUT_X54_Y0_N0_I1          ; IO_PAD_OUTPUT           ;
;   10.000 ;   0.000  ;    ; RE   ; 1      ; IO_INPUT_BUFFER_INPUT_X54_Y0_N1_I0  ; IO_INPUT_BUFFER_INPUT   ;
;   10.000 ;   0.000  ; RR ; IC   ; 1      ; IOIBUF_X54_Y0_N1                    ; clk~input|i             ;
;   10.917 ;   0.917  ; RR ; CELL ; 1      ; IOIBUF_X54_Y0_N1                    ; clk~input|o             ;
;   10.917 ;   0.000  ;    ; RE   ; 1      ; IOIBUF_X54_Y0_N1                    ; ARRIAV_IO_IBUF          ;
;   10.917 ;   0.000  ;    ; RE   ; 1      ; IO_INPUT_BUFFER_OUTPUT_X54_Y0_N1_I2 ; IO_INPUT_BUFFER_OUTPUT  ;
;   10.917 ;   0.000  ;    ; RE   ; 1      ; IO_RE_X54_Y0_N0_I96                 ; IO_RE                   ;
;   11.095 ;   0.178  ;    ; RE   ; 1      ; IO_RE_X54_Y0_N0_I66                 ; IO_RE                   ;
;   11.095 ;   0.000  ;    ; RE   ; 1      ; CLKBUF_CLUSTER_RE_X58_Y0_N0_I1614   ; CLKBUF_CLUSTER_RE       ;
;   11.095 ;   0.000  ;    ; RE   ; 1      ; CLKBUF_CLUSTER_RE_X58_Y0_N0_I616    ; CLKBUF_CLUSTER_RE       ;
;   11.095 ;   0.000  ;    ; RE   ; 1      ; GCLK_CLUSTER_RE_X58_Y0_N6_I10       ; GCLK_CLUSTER_RE         ;
;   11.095 ;   0.000  ;    ; RE   ; 1      ; CLKBUFBLOCK_INPUT_X58_Y0_N7_I0      ; CLKBUFBLOCK_INPUT       ;
;   11.095 ;   0.000  ; RR ; IC   ; 1      ; CLKCTRL_G6                          ; clk~inputCLKENA0|inclk  ;
;   11.407 ;   0.312  ; RR ; CELL ; 37157  ; CLKCTRL_G6                          ; clk~inputCLKENA0|outclk ;
;   11.407 ;   0.000  ;    ; RE   ; 1      ; CLKCTRL_G6                          ; ARRIAV_CLKBUF           ;
;   11.407 ;   0.000  ;    ; RE   ; 1      ; CLKBUFBLOCK_OUTPUT_X58_Y0_N7_I2     ; CLKBUFBLOCK_OUTPUT      ;
;   11.407 ;   0.000  ;    ; RE   ; 1      ; GCLK_CLUSTER_RE_X58_Y0_N6_I12       ; GCLK_CLUSTER_RE         ;
;   11.407 ;   0.000  ;    ; RE   ; 1      ; CLKBUF_CLUSTER_RE_X58_Y0_N0_I417    ; CLKBUF_CLUSTER_RE       ;
;   12.397 ;   0.990  ;    ; RE   ; 16     ; GLOBAL_CLOCK_X0_Y58_N0_I6           ; GLOBAL_CLOCK            ;
;   12.575 ;   0.178  ;    ; RE   ; 29     ; SPINE_CLOCK_X106_Y30_N0_I2          ; SPINE_CLOCK             ;
;   13.017 ;   0.442  ;    ; RE   ; 1      ; SCLK_TO_ROWCLK_BUF_X106_Y54_N0_I12  ; SCLK_TO_ROWCLK_BUF      ;
;   13.102 ;   0.085  ;    ; RE   ; 2      ; SCLK_TO_ROWCLK_BUF_X106_Y54_N0_I15  ; SCLK_TO_ROWCLK_BUF      ;
;   13.526 ;   0.424  ;    ; RE   ; 13     ; LAB_CLK_X107_Y54_N0_I2              ; LAB_CLK                 ;
;   13.659 ;   0.133  ;    ; RE   ; 1      ; BLK_CLK_BUF_X112_Y54_N0_I2          ; BLK_CLK_BUF             ;
;   13.712 ;   0.053  ;    ; RE   ; 1      ; ROWCLKSEL_PREBUF_X112_Y54_N0_I2     ; ROWCLKSEL_PREBUF        ;
;   13.748 ;   0.036  ;    ; RE   ; 1      ; ROWCLKSEL_X112_Y54_N0_I1            ; ROWCLKSEL               ;
;   13.748 ;   0.000  ;    ; RE   ; 1      ; GLOBAL_LOCAL_SEL_X112_Y54_N0_I1     ; GLOBAL_LOCAL_SEL        ;
;   13.748 ;   0.000  ;    ; RE   ; 3      ; LAB_INPUT_X112_Y54_N0_I1            ; LAB_INPUT               ;
;   13.747 ;   -0.001 ; RR ; IC   ; 1      ; FF_X112_Y54_N56                     ; token_q[5]|clk          ;
;   14.180 ;   0.433  ; RR ; CELL ; 1      ; FF_X112_Y54_N56                     ; token_q[5]              ;
; 14.080   ; -0.100   ;    ;      ;        ;                                     ; clock uncertainty       ;
; 14.080   ; 0.000    ;    ; uTsu ; 1      ; FF_X112_Y54_N56                     ; token_q[5]              ;
+----------+----------+----+------+--------+-------------------------------------+-------------------------+

----------------------------
; Extra Fitter Information ;
----------------------------
HTML report is unavailable in plain text report export.


Path #19: Recovery slack is 6.278 
===============================================================================
+------------------------------------------------------------------------------------------------------------------------+
; Path Summary                                                                                                           ;
+--------------------+---------------------------------------------------------------------------------------------------+
; Property           ; Value                                                                                             ;
+--------------------+---------------------------------------------------------------------------------------------------+
; From Node          ; rst_n                                                                                             ;
; To Node            ; llm_parameter_ram:u_parameters|pipelined_word_ram:g_ram_lane[6].u_storage|g_tile[3].read_enable_q ;
; Launch Clock       ; clk                                                                                               ;
; Latch Clock        ; clk                                                                                               ;
; Data Arrival Time  ; 7.818                                                                                             ;
; Data Required Time ; 14.096                                                                                            ;
; Slack              ; 6.278                                                                                             ;
+--------------------+---------------------------------------------------------------------------------------------------+

+----------------------------------------------------------------------------------------+
; Statistics                                                                             ;
+---------------------------+--------+-------+-------------+------------+--------+-------+
; Property                  ; Value  ; Count ; Total Delay ; % of Total ; Min    ; Max   ;
+---------------------------+--------+-------+-------------+------------+--------+-------+
; Recovery Relationship     ; 10.000 ;       ;             ;            ;        ;       ;
; Clock Skew                ; 4.196  ;       ;             ;            ;        ;       ;
; Data Delay                ; 5.818  ;       ;             ;            ;        ;       ;
; Number of Logic Levels    ;        ; 2     ;             ;            ;        ;       ;
; Physical Delays           ;        ;       ;             ;            ;        ;       ;
;  Arrival Path             ;        ;       ;             ;            ;        ;       ;
;   Clock                   ;        ;       ;             ;            ;        ;       ;
;    Clock Network (Lumped) ;        ; 1     ; 0.000       ;            ; 0.000  ; 0.000 ;
;   Data                    ;        ;       ;             ;            ;        ;       ;
;    IC                     ;        ; 3     ; -0.001      ; 0          ; -0.001 ; 0.000 ;
;    Cell                   ;        ; 3     ; 2.825       ; 49         ; 0.468  ; 1.693 ;
;    Routing Element        ;        ; 26    ; 2.994       ; 51         ; 0.000  ; 1.042 ;
;  Required Path            ;        ;       ;             ;            ;        ;       ;
;   Clock                   ;        ;       ;             ;            ;        ;       ;
;    IC                     ;        ; 3     ; 0.001       ; 0          ; 0.000  ; 0.001 ;
;    Cell                   ;        ; 3     ; 1.684       ; 40         ; 0.312  ; 0.917 ;
;    Routing Element        ;        ; 25    ; 2.511       ; 60         ; 0.000  ; 0.959 ;
+---------------------------+--------+-------+-------------+------------+--------+-------+
Note: Negative delays are omitted from totals when calculating percentages

+--------------------------------------------------------------------------------------------------------------------------------------------------------------------------------------+
; Data Arrival Path                                                                                                                                                                    ;
+---------+----------+----+------+--------+----------------------------------------+---------------------------------------------------------------------------------------------------+
; Total   ; Incr     ; RF ; Type ; Fanout ; Location                               ; Element                                                                                           ;
+---------+----------+----+------+--------+----------------------------------------+---------------------------------------------------------------------------------------------------+
; 0.000   ; 0.000    ;    ;      ;        ;                                        ; launch edge time                                                                                  ;
; 0.000   ; 0.000    ;    ;      ;        ;                                        ; clock path                                                                                        ;
;   0.000 ;   0.000  ; R  ;      ;        ;                                        ; clock network delay                                                                               ;
; 2.000   ; 2.000    ; R  ; iExt ; 1      ; PIN_V27                                ; rst_n                                                                                             ;
; 7.818   ; 5.818    ;    ;      ;        ;                                        ; data path                                                                                         ;
;   2.000 ;   0.000  ;    ; RE   ; 1      ; IOPAD_X121_Y51_N60                     ; ARRIAV_IO_PAD                                                                                     ;
;   2.000 ;   0.000  ;    ; RE   ; 1      ; IO_PAD_OUTPUT_X121_Y51_N60_I1          ; IO_PAD_OUTPUT                                                                                     ;
;   2.000 ;   0.000  ;    ; RE   ; 1      ; IO_INPUT_BUFFER_INPUT_X121_Y51_N61_I0  ; IO_INPUT_BUFFER_INPUT                                                                             ;
;   2.000 ;   0.000  ; RR ; IC   ; 1      ; IOIBUF_X121_Y51_N61                    ; rst_n~input|i                                                                                     ;
;   3.693 ;   1.693  ; RR ; CELL ; 1294   ; IOIBUF_X121_Y51_N61                    ; rst_n~input|o                                                                                     ;
;   3.693 ;   0.000  ;    ; RE   ; 1      ; IOIBUF_X121_Y51_N61                    ; ARRIAV_IO_IBUF                                                                                    ;
;   3.693 ;   0.000  ;    ; RE   ; 1      ; IO_INPUT_BUFFER_OUTPUT_X121_Y51_N61_I2 ; IO_INPUT_BUFFER_OUTPUT                                                                            ;
;   3.693 ;   0.000  ;    ; RE   ; 2      ; IO_RE_X121_Y51_N60_I96                 ; IO_RE                                                                                             ;
;   3.880 ;   0.187  ;    ; RE   ; 1      ; IO_RE_X121_Y51_N60_I66                 ; IO_RE                                                                                             ;
;   4.194 ;   0.314  ;    ; RE   ; 1      ; CLKBUF_CLUSTER_RE_X121_Y56_N3_I421     ; CLKBUF_CLUSTER_RE                                                                                 ;
;   4.194 ;   0.000  ;    ; RE   ; 1      ; CLKBUF_CLUSTER_RE_X121_Y56_N3_I772     ; CLKBUF_CLUSTER_RE                                                                                 ;
;   4.194 ;   0.000  ;    ; RE   ; 1      ; CLKBUF_CLUSTER_RE_X121_Y56_N3_I557     ; CLKBUF_CLUSTER_RE                                                                                 ;
;   4.194 ;   0.000  ;    ; RE   ; 1      ; GCLK_CLUSTER_RE_X121_Y56_N6_I10        ; GCLK_CLUSTER_RE                                                                                   ;
;   4.194 ;   0.000  ;    ; RE   ; 1      ; CLKBUFBLOCK_INPUT_X121_Y56_N7_I0       ; CLKBUFBLOCK_INPUT                                                                                 ;
;   4.194 ;   0.000  ; RR ; IC   ; 1      ; CLKCTRL_G9                             ; rst_n~inputCLKENA0|inclk                                                                          ;
;   4.662 ;   0.468  ; RR ; CELL ; 2145   ; CLKCTRL_G9                             ; rst_n~inputCLKENA0|outclk                                                                         ;
;   4.662 ;   0.000  ;    ; RE   ; 1      ; CLKCTRL_G9                             ; ARRIAV_CLKBUF                                                                                     ;
;   4.662 ;   0.000  ;    ; RE   ; 1      ; CLKBUFBLOCK_OUTPUT_X121_Y56_N7_I2      ; CLKBUFBLOCK_OUTPUT                                                                                ;
;   4.662 ;   0.000  ;    ; RE   ; 1      ; GCLK_CLUSTER_RE_X121_Y56_N6_I12        ; GCLK_CLUSTER_RE                                                                                   ;
;   4.662 ;   0.000  ;    ; RE   ; 1      ; CLKBUF_CLUSTER_RE_X121_Y56_N3_I416     ; CLKBUF_CLUSTER_RE                                                                                 ;
;   5.704 ;   1.042  ;    ; RE   ; 16     ; GLOBAL_CLOCK_X0_Y58_N0_I9              ; GLOBAL_CLOCK                                                                                      ;
;   5.897 ;   0.193  ;    ; RE   ; 11     ; SPINE_CLOCK_X45_Y0_N0_I22              ; SPINE_CLOCK                                                                                       ;
;   6.369 ;   0.472  ;    ; RE   ; 1      ; SCLK_TO_ROWCLK_BUF_X45_Y17_N0_I133     ; SCLK_TO_ROWCLK_BUF                                                                                ;
;   6.470 ;   0.101  ;    ; RE   ; 2      ; SCLK_TO_ROWCLK_BUF_X45_Y17_N0_I137     ; SCLK_TO_ROWCLK_BUF                                                                                ;
;   6.917 ;   0.447  ;    ; RE   ; 1      ; LAB_CLK_X31_Y17_N0_I4                  ; LAB_CLK                                                                                           ;
;   7.061 ;   0.144  ;    ; RE   ; 1      ; BLK_CLK_BUF_X36_Y17_N0_I4              ; BLK_CLK_BUF                                                                                       ;
;   7.116 ;   0.055  ;    ; RE   ; 1      ; ROWCLKSEL_PREBUF_X36_Y17_N0_I4         ; ROWCLKSEL_PREBUF                                                                                  ;
;   7.155 ;   0.039  ;    ; RE   ; 1      ; ROWCLKSEL_X36_Y17_N0_I2                ; ROWCLKSEL                                                                                         ;
;   7.155 ;   0.000  ;    ; RE   ; 1      ; GLOBAL_LOCAL_SEL_X36_Y17_N0_I2         ; GLOBAL_LOCAL_SEL                                                                                  ;
;   7.155 ;   0.000  ;    ; RE   ; 7      ; LAB_INPUT_X36_Y17_N0_I3                ; LAB_INPUT                                                                                         ;
;   7.154 ;   -0.001 ; RR ; IC   ; 1      ; FF_X36_Y17_N4                          ; u_parameters|g_ram_lane[6].u_storage|g_tile[3].read_enable_q|clrn                                 ;
;   7.818 ;   0.664  ; RR ; CELL ; 1      ; FF_X36_Y17_N4                          ; llm_parameter_ram:u_parameters|pipelined_word_ram:g_ram_lane[6].u_storage|g_tile[3].read_enable_q ;
+---------+----------+----+------+--------+----------------------------------------+---------------------------------------------------------------------------------------------------+

+-----------------------------------------------------------------------------------------------------------------------------------------------------------------------------------+
; Data Required Path                                                                                                                                                                ;
+----------+---------+----+------+--------+-------------------------------------+---------------------------------------------------------------------------------------------------+
; Total    ; Incr    ; RF ; Type ; Fanout ; Location                            ; Element                                                                                           ;
+----------+---------+----+------+--------+-------------------------------------+---------------------------------------------------------------------------------------------------+
; 10.000   ; 10.000  ;    ;      ;        ;                                     ; latch edge time                                                                                   ;
; 14.196   ; 4.196   ;    ;      ;        ;                                     ; clock path                                                                                        ;
;   10.000 ;   0.000 ;    ;      ;        ;                                     ; source latency                                                                                    ;
;   10.000 ;   0.000 ;    ;      ; 1      ; PIN_AC18                            ; clk                                                                                               ;
;   10.000 ;   0.000 ;    ; RE   ; 1      ; IOPAD_X54_Y0_N0                     ; ARRIAV_IO_PAD                                                                                     ;
;   10.000 ;   0.000 ;    ; RE   ; 1      ; IO_PAD_OUTPUT_X54_Y0_N0_I1          ; IO_PAD_OUTPUT                                                                                     ;
;   10.000 ;   0.000 ;    ; RE   ; 1      ; IO_INPUT_BUFFER_INPUT_X54_Y0_N1_I0  ; IO_INPUT_BUFFER_INPUT                                                                             ;
;   10.000 ;   0.000 ; RR ; IC   ; 1      ; IOIBUF_X54_Y0_N1                    ; clk~input|i                                                                                       ;
;   10.917 ;   0.917 ; RR ; CELL ; 1      ; IOIBUF_X54_Y0_N1                    ; clk~input|o                                                                                       ;
;   10.917 ;   0.000 ;    ; RE   ; 1      ; IOIBUF_X54_Y0_N1                    ; ARRIAV_IO_IBUF                                                                                    ;
;   10.917 ;   0.000 ;    ; RE   ; 1      ; IO_INPUT_BUFFER_OUTPUT_X54_Y0_N1_I2 ; IO_INPUT_BUFFER_OUTPUT                                                                            ;
;   10.917 ;   0.000 ;    ; RE   ; 1      ; IO_RE_X54_Y0_N0_I96                 ; IO_RE                                                                                             ;
;   11.095 ;   0.178 ;    ; RE   ; 1      ; IO_RE_X54_Y0_N0_I66                 ; IO_RE                                                                                             ;
;   11.095 ;   0.000 ;    ; RE   ; 1      ; CLKBUF_CLUSTER_RE_X58_Y0_N0_I1614   ; CLKBUF_CLUSTER_RE                                                                                 ;
;   11.095 ;   0.000 ;    ; RE   ; 1      ; CLKBUF_CLUSTER_RE_X58_Y0_N0_I616    ; CLKBUF_CLUSTER_RE                                                                                 ;
;   11.095 ;   0.000 ;    ; RE   ; 1      ; GCLK_CLUSTER_RE_X58_Y0_N6_I10       ; GCLK_CLUSTER_RE                                                                                   ;
;   11.095 ;   0.000 ;    ; RE   ; 1      ; CLKBUFBLOCK_INPUT_X58_Y0_N7_I0      ; CLKBUFBLOCK_INPUT                                                                                 ;
;   11.095 ;   0.000 ; RR ; IC   ; 1      ; CLKCTRL_G6                          ; clk~inputCLKENA0|inclk                                                                            ;
;   11.407 ;   0.312 ; RR ; CELL ; 37157  ; CLKCTRL_G6                          ; clk~inputCLKENA0|outclk                                                                           ;
;   11.407 ;   0.000 ;    ; RE   ; 1      ; CLKCTRL_G6                          ; ARRIAV_CLKBUF                                                                                     ;
;   11.407 ;   0.000 ;    ; RE   ; 1      ; CLKBUFBLOCK_OUTPUT_X58_Y0_N7_I2     ; CLKBUFBLOCK_OUTPUT                                                                                ;
;   11.407 ;   0.000 ;    ; RE   ; 1      ; GCLK_CLUSTER_RE_X58_Y0_N6_I12       ; GCLK_CLUSTER_RE                                                                                   ;
;   11.407 ;   0.000 ;    ; RE   ; 1      ; CLKBUF_CLUSTER_RE_X58_Y0_N0_I417    ; CLKBUF_CLUSTER_RE                                                                                 ;
;   12.366 ;   0.959 ;    ; RE   ; 16     ; GLOBAL_CLOCK_X0_Y58_N0_I6           ; GLOBAL_CLOCK                                                                                      ;
;   12.552 ;   0.186 ;    ; RE   ; 29     ; SPINE_CLOCK_X45_Y0_N0_I7            ; SPINE_CLOCK                                                                                       ;
;   13.007 ;   0.455 ;    ; RE   ; 1      ; SCLK_TO_ROWCLK_BUF_X45_Y17_N0_I43   ; SCLK_TO_ROWCLK_BUF                                                                                ;
;   13.095 ;   0.088 ;    ; RE   ; 2      ; SCLK_TO_ROWCLK_BUF_X45_Y17_N0_I46   ; SCLK_TO_ROWCLK_BUF                                                                                ;
;   13.520 ;   0.425 ;    ; RE   ; 6      ; LAB_CLK_X31_Y17_N0_I5               ; LAB_CLK                                                                                           ;
;   13.652 ;   0.132 ;    ; RE   ; 1      ; BLK_CLK_BUF_X36_Y17_N0_I5           ; BLK_CLK_BUF                                                                                       ;
;   13.704 ;   0.052 ;    ; RE   ; 1      ; ROWCLKSEL_PREBUF_X36_Y17_N0_I5      ; ROWCLKSEL_PREBUF                                                                                  ;
;   13.740 ;   0.036 ;    ; RE   ; 1      ; ROWCLKSEL_X36_Y17_N0_I0             ; ROWCLKSEL                                                                                         ;
;   13.740 ;   0.000 ;    ; RE   ; 1      ; GLOBAL_LOCAL_SEL_X36_Y17_N0_I0      ; GLOBAL_LOCAL_SEL                                                                                  ;
;   13.740 ;   0.000 ;    ; RE   ; 10     ; LAB_INPUT_X36_Y17_N0_I0             ; LAB_INPUT                                                                                         ;
;   13.741 ;   0.001 ; RR ; IC   ; 1      ; FF_X36_Y17_N4                       ; u_parameters|g_ram_lane[6].u_storage|g_tile[3].read_enable_q|clk                                  ;
;   14.196 ;   0.455 ; RR ; CELL ; 1      ; FF_X36_Y17_N4                       ; llm_parameter_ram:u_parameters|pipelined_word_ram:g_ram_lane[6].u_storage|g_tile[3].read_enable_q ;
; 14.096   ; -0.100  ;    ;      ;        ;                                     ; clock uncertainty                                                                                 ;
; 14.096   ; 0.000   ;    ; uTsu ; 1      ; FF_X36_Y17_N4                       ; llm_parameter_ram:u_parameters|pipelined_word_ram:g_ram_lane[6].u_storage|g_tile[3].read_enable_q ;
+----------+---------+----+------+--------+-------------------------------------+---------------------------------------------------------------------------------------------------+

----------------------------
; Extra Fitter Information ;
----------------------------
HTML report is unavailable in plain text report export.


Path #20: Recovery slack is 6.278 
===============================================================================
+------------------------------------------------------------------------------------------------------------------------+
; Path Summary                                                                                                           ;
+--------------------+---------------------------------------------------------------------------------------------------+
; Property           ; Value                                                                                             ;
+--------------------+---------------------------------------------------------------------------------------------------+
; From Node          ; rst_n                                                                                             ;
; To Node            ; llm_parameter_ram:u_parameters|pipelined_word_ram:g_ram_lane[6].u_storage|g_tile[7].read_enable_q ;
; Launch Clock       ; clk                                                                                               ;
; Latch Clock        ; clk                                                                                               ;
; Data Arrival Time  ; 7.818                                                                                             ;
; Data Required Time ; 14.096                                                                                            ;
; Slack              ; 6.278                                                                                             ;
+--------------------+---------------------------------------------------------------------------------------------------+

+----------------------------------------------------------------------------------------+
; Statistics                                                                             ;
+---------------------------+--------+-------+-------------+------------+--------+-------+
; Property                  ; Value  ; Count ; Total Delay ; % of Total ; Min    ; Max   ;
+---------------------------+--------+-------+-------------+------------+--------+-------+
; Recovery Relationship     ; 10.000 ;       ;             ;            ;        ;       ;
; Clock Skew                ; 4.196  ;       ;             ;            ;        ;       ;
; Data Delay                ; 5.818  ;       ;             ;            ;        ;       ;
; Number of Logic Levels    ;        ; 2     ;             ;            ;        ;       ;
; Physical Delays           ;        ;       ;             ;            ;        ;       ;
;  Arrival Path             ;        ;       ;             ;            ;        ;       ;
;   Clock                   ;        ;       ;             ;            ;        ;       ;
;    Clock Network (Lumped) ;        ; 1     ; 0.000       ;            ; 0.000  ; 0.000 ;
;   Data                    ;        ;       ;             ;            ;        ;       ;
;    IC                     ;        ; 3     ; -0.001      ; 0          ; -0.001 ; 0.000 ;
;    Cell                   ;        ; 3     ; 2.825       ; 49         ; 0.468  ; 1.693 ;
;    Routing Element        ;        ; 26    ; 2.994       ; 51         ; 0.000  ; 1.042 ;
;  Required Path            ;        ;       ;             ;            ;        ;       ;
;   Clock                   ;        ;       ;             ;            ;        ;       ;
;    IC                     ;        ; 3     ; 0.001       ; 0          ; 0.000  ; 0.001 ;
;    Cell                   ;        ; 3     ; 1.684       ; 40         ; 0.312  ; 0.917 ;
;    Routing Element        ;        ; 25    ; 2.511       ; 60         ; 0.000  ; 0.959 ;
+---------------------------+--------+-------+-------------+------------+--------+-------+
Note: Negative delays are omitted from totals when calculating percentages

+--------------------------------------------------------------------------------------------------------------------------------------------------------------------------------------+
; Data Arrival Path                                                                                                                                                                    ;
+---------+----------+----+------+--------+----------------------------------------+---------------------------------------------------------------------------------------------------+
; Total   ; Incr     ; RF ; Type ; Fanout ; Location                               ; Element                                                                                           ;
+---------+----------+----+------+--------+----------------------------------------+---------------------------------------------------------------------------------------------------+
; 0.000   ; 0.000    ;    ;      ;        ;                                        ; launch edge time                                                                                  ;
; 0.000   ; 0.000    ;    ;      ;        ;                                        ; clock path                                                                                        ;
;   0.000 ;   0.000  ; R  ;      ;        ;                                        ; clock network delay                                                                               ;
; 2.000   ; 2.000    ; R  ; iExt ; 1      ; PIN_V27                                ; rst_n                                                                                             ;
; 7.818   ; 5.818    ;    ;      ;        ;                                        ; data path                                                                                         ;
;   2.000 ;   0.000  ;    ; RE   ; 1      ; IOPAD_X121_Y51_N60                     ; ARRIAV_IO_PAD                                                                                     ;
;   2.000 ;   0.000  ;    ; RE   ; 1      ; IO_PAD_OUTPUT_X121_Y51_N60_I1          ; IO_PAD_OUTPUT                                                                                     ;
;   2.000 ;   0.000  ;    ; RE   ; 1      ; IO_INPUT_BUFFER_INPUT_X121_Y51_N61_I0  ; IO_INPUT_BUFFER_INPUT                                                                             ;
;   2.000 ;   0.000  ; RR ; IC   ; 1      ; IOIBUF_X121_Y51_N61                    ; rst_n~input|i                                                                                     ;
;   3.693 ;   1.693  ; RR ; CELL ; 1294   ; IOIBUF_X121_Y51_N61                    ; rst_n~input|o                                                                                     ;
;   3.693 ;   0.000  ;    ; RE   ; 1      ; IOIBUF_X121_Y51_N61                    ; ARRIAV_IO_IBUF                                                                                    ;
;   3.693 ;   0.000  ;    ; RE   ; 1      ; IO_INPUT_BUFFER_OUTPUT_X121_Y51_N61_I2 ; IO_INPUT_BUFFER_OUTPUT                                                                            ;
;   3.693 ;   0.000  ;    ; RE   ; 2      ; IO_RE_X121_Y51_N60_I96                 ; IO_RE                                                                                             ;
;   3.880 ;   0.187  ;    ; RE   ; 1      ; IO_RE_X121_Y51_N60_I66                 ; IO_RE                                                                                             ;
;   4.194 ;   0.314  ;    ; RE   ; 1      ; CLKBUF_CLUSTER_RE_X121_Y56_N3_I421     ; CLKBUF_CLUSTER_RE                                                                                 ;
;   4.194 ;   0.000  ;    ; RE   ; 1      ; CLKBUF_CLUSTER_RE_X121_Y56_N3_I772     ; CLKBUF_CLUSTER_RE                                                                                 ;
;   4.194 ;   0.000  ;    ; RE   ; 1      ; CLKBUF_CLUSTER_RE_X121_Y56_N3_I557     ; CLKBUF_CLUSTER_RE                                                                                 ;
;   4.194 ;   0.000  ;    ; RE   ; 1      ; GCLK_CLUSTER_RE_X121_Y56_N6_I10        ; GCLK_CLUSTER_RE                                                                                   ;
;   4.194 ;   0.000  ;    ; RE   ; 1      ; CLKBUFBLOCK_INPUT_X121_Y56_N7_I0       ; CLKBUFBLOCK_INPUT                                                                                 ;
;   4.194 ;   0.000  ; RR ; IC   ; 1      ; CLKCTRL_G9                             ; rst_n~inputCLKENA0|inclk                                                                          ;
;   4.662 ;   0.468  ; RR ; CELL ; 2145   ; CLKCTRL_G9                             ; rst_n~inputCLKENA0|outclk                                                                         ;
;   4.662 ;   0.000  ;    ; RE   ; 1      ; CLKCTRL_G9                             ; ARRIAV_CLKBUF                                                                                     ;
;   4.662 ;   0.000  ;    ; RE   ; 1      ; CLKBUFBLOCK_OUTPUT_X121_Y56_N7_I2      ; CLKBUFBLOCK_OUTPUT                                                                                ;
;   4.662 ;   0.000  ;    ; RE   ; 1      ; GCLK_CLUSTER_RE_X121_Y56_N6_I12        ; GCLK_CLUSTER_RE                                                                                   ;
;   4.662 ;   0.000  ;    ; RE   ; 1      ; CLKBUF_CLUSTER_RE_X121_Y56_N3_I416     ; CLKBUF_CLUSTER_RE                                                                                 ;
;   5.704 ;   1.042  ;    ; RE   ; 16     ; GLOBAL_CLOCK_X0_Y58_N0_I9              ; GLOBAL_CLOCK                                                                                      ;
;   5.897 ;   0.193  ;    ; RE   ; 11     ; SPINE_CLOCK_X45_Y0_N0_I22              ; SPINE_CLOCK                                                                                       ;
;   6.369 ;   0.472  ;    ; RE   ; 1      ; SCLK_TO_ROWCLK_BUF_X45_Y17_N0_I133     ; SCLK_TO_ROWCLK_BUF                                                                                ;
;   6.470 ;   0.101  ;    ; RE   ; 2      ; SCLK_TO_ROWCLK_BUF_X45_Y17_N0_I137     ; SCLK_TO_ROWCLK_BUF                                                                                ;
;   6.917 ;   0.447  ;    ; RE   ; 1      ; LAB_CLK_X31_Y17_N0_I4                  ; LAB_CLK                                                                                           ;
;   7.061 ;   0.144  ;    ; RE   ; 1      ; BLK_CLK_BUF_X36_Y17_N0_I4              ; BLK_CLK_BUF                                                                                       ;
;   7.116 ;   0.055  ;    ; RE   ; 1      ; ROWCLKSEL_PREBUF_X36_Y17_N0_I4         ; ROWCLKSEL_PREBUF                                                                                  ;
;   7.155 ;   0.039  ;    ; RE   ; 1      ; ROWCLKSEL_X36_Y17_N0_I2                ; ROWCLKSEL                                                                                         ;
;   7.155 ;   0.000  ;    ; RE   ; 1      ; GLOBAL_LOCAL_SEL_X36_Y17_N0_I2         ; GLOBAL_LOCAL_SEL                                                                                  ;
;   7.155 ;   0.000  ;    ; RE   ; 7      ; LAB_INPUT_X36_Y17_N0_I3                ; LAB_INPUT                                                                                         ;
;   7.154 ;   -0.001 ; RR ; IC   ; 1      ; FF_X36_Y17_N40                         ; u_parameters|g_ram_lane[6].u_storage|g_tile[7].read_enable_q|clrn                                 ;
;   7.818 ;   0.664  ; RR ; CELL ; 1      ; FF_X36_Y17_N40                         ; llm_parameter_ram:u_parameters|pipelined_word_ram:g_ram_lane[6].u_storage|g_tile[7].read_enable_q ;
+---------+----------+----+------+--------+----------------------------------------+---------------------------------------------------------------------------------------------------+

+-----------------------------------------------------------------------------------------------------------------------------------------------------------------------------------+
; Data Required Path                                                                                                                                                                ;
+----------+---------+----+------+--------+-------------------------------------+---------------------------------------------------------------------------------------------------+
; Total    ; Incr    ; RF ; Type ; Fanout ; Location                            ; Element                                                                                           ;
+----------+---------+----+------+--------+-------------------------------------+---------------------------------------------------------------------------------------------------+
; 10.000   ; 10.000  ;    ;      ;        ;                                     ; latch edge time                                                                                   ;
; 14.196   ; 4.196   ;    ;      ;        ;                                     ; clock path                                                                                        ;
;   10.000 ;   0.000 ;    ;      ;        ;                                     ; source latency                                                                                    ;
;   10.000 ;   0.000 ;    ;      ; 1      ; PIN_AC18                            ; clk                                                                                               ;
;   10.000 ;   0.000 ;    ; RE   ; 1      ; IOPAD_X54_Y0_N0                     ; ARRIAV_IO_PAD                                                                                     ;
;   10.000 ;   0.000 ;    ; RE   ; 1      ; IO_PAD_OUTPUT_X54_Y0_N0_I1          ; IO_PAD_OUTPUT                                                                                     ;
;   10.000 ;   0.000 ;    ; RE   ; 1      ; IO_INPUT_BUFFER_INPUT_X54_Y0_N1_I0  ; IO_INPUT_BUFFER_INPUT                                                                             ;
;   10.000 ;   0.000 ; RR ; IC   ; 1      ; IOIBUF_X54_Y0_N1                    ; clk~input|i                                                                                       ;
;   10.917 ;   0.917 ; RR ; CELL ; 1      ; IOIBUF_X54_Y0_N1                    ; clk~input|o                                                                                       ;
;   10.917 ;   0.000 ;    ; RE   ; 1      ; IOIBUF_X54_Y0_N1                    ; ARRIAV_IO_IBUF                                                                                    ;
;   10.917 ;   0.000 ;    ; RE   ; 1      ; IO_INPUT_BUFFER_OUTPUT_X54_Y0_N1_I2 ; IO_INPUT_BUFFER_OUTPUT                                                                            ;
;   10.917 ;   0.000 ;    ; RE   ; 1      ; IO_RE_X54_Y0_N0_I96                 ; IO_RE                                                                                             ;
;   11.095 ;   0.178 ;    ; RE   ; 1      ; IO_RE_X54_Y0_N0_I66                 ; IO_RE                                                                                             ;
;   11.095 ;   0.000 ;    ; RE   ; 1      ; CLKBUF_CLUSTER_RE_X58_Y0_N0_I1614   ; CLKBUF_CLUSTER_RE                                                                                 ;
;   11.095 ;   0.000 ;    ; RE   ; 1      ; CLKBUF_CLUSTER_RE_X58_Y0_N0_I616    ; CLKBUF_CLUSTER_RE                                                                                 ;
;   11.095 ;   0.000 ;    ; RE   ; 1      ; GCLK_CLUSTER_RE_X58_Y0_N6_I10       ; GCLK_CLUSTER_RE                                                                                   ;
;   11.095 ;   0.000 ;    ; RE   ; 1      ; CLKBUFBLOCK_INPUT_X58_Y0_N7_I0      ; CLKBUFBLOCK_INPUT                                                                                 ;
;   11.095 ;   0.000 ; RR ; IC   ; 1      ; CLKCTRL_G6                          ; clk~inputCLKENA0|inclk                                                                            ;
;   11.407 ;   0.312 ; RR ; CELL ; 37157  ; CLKCTRL_G6                          ; clk~inputCLKENA0|outclk                                                                           ;
;   11.407 ;   0.000 ;    ; RE   ; 1      ; CLKCTRL_G6                          ; ARRIAV_CLKBUF                                                                                     ;
;   11.407 ;   0.000 ;    ; RE   ; 1      ; CLKBUFBLOCK_OUTPUT_X58_Y0_N7_I2     ; CLKBUFBLOCK_OUTPUT                                                                                ;
;   11.407 ;   0.000 ;    ; RE   ; 1      ; GCLK_CLUSTER_RE_X58_Y0_N6_I12       ; GCLK_CLUSTER_RE                                                                                   ;
;   11.407 ;   0.000 ;    ; RE   ; 1      ; CLKBUF_CLUSTER_RE_X58_Y0_N0_I417    ; CLKBUF_CLUSTER_RE                                                                                 ;
;   12.366 ;   0.959 ;    ; RE   ; 16     ; GLOBAL_CLOCK_X0_Y58_N0_I6           ; GLOBAL_CLOCK                                                                                      ;
;   12.552 ;   0.186 ;    ; RE   ; 29     ; SPINE_CLOCK_X45_Y0_N0_I7            ; SPINE_CLOCK                                                                                       ;
;   13.007 ;   0.455 ;    ; RE   ; 1      ; SCLK_TO_ROWCLK_BUF_X45_Y17_N0_I43   ; SCLK_TO_ROWCLK_BUF                                                                                ;
;   13.095 ;   0.088 ;    ; RE   ; 2      ; SCLK_TO_ROWCLK_BUF_X45_Y17_N0_I46   ; SCLK_TO_ROWCLK_BUF                                                                                ;
;   13.520 ;   0.425 ;    ; RE   ; 6      ; LAB_CLK_X31_Y17_N0_I5               ; LAB_CLK                                                                                           ;
;   13.652 ;   0.132 ;    ; RE   ; 1      ; BLK_CLK_BUF_X36_Y17_N0_I5           ; BLK_CLK_BUF                                                                                       ;
;   13.704 ;   0.052 ;    ; RE   ; 1      ; ROWCLKSEL_PREBUF_X36_Y17_N0_I5      ; ROWCLKSEL_PREBUF                                                                                  ;
;   13.740 ;   0.036 ;    ; RE   ; 1      ; ROWCLKSEL_X36_Y17_N0_I0             ; ROWCLKSEL                                                                                         ;
;   13.740 ;   0.000 ;    ; RE   ; 1      ; GLOBAL_LOCAL_SEL_X36_Y17_N0_I0      ; GLOBAL_LOCAL_SEL                                                                                  ;
;   13.740 ;   0.000 ;    ; RE   ; 10     ; LAB_INPUT_X36_Y17_N0_I0             ; LAB_INPUT                                                                                         ;
;   13.741 ;   0.001 ; RR ; IC   ; 1      ; FF_X36_Y17_N40                      ; u_parameters|g_ram_lane[6].u_storage|g_tile[7].read_enable_q|clk                                  ;
;   14.196 ;   0.455 ; RR ; CELL ; 1      ; FF_X36_Y17_N40                      ; llm_parameter_ram:u_parameters|pipelined_word_ram:g_ram_lane[6].u_storage|g_tile[7].read_enable_q ;
; 14.096   ; -0.100  ;    ;      ;        ;                                     ; clock uncertainty                                                                                 ;
; 14.096   ; 0.000   ;    ; uTsu ; 1      ; FF_X36_Y17_N40                      ; llm_parameter_ram:u_parameters|pipelined_word_ram:g_ram_lane[6].u_storage|g_tile[7].read_enable_q ;
+----------+---------+----+------+--------+-------------------------------------+---------------------------------------------------------------------------------------------------+

----------------------------
; Extra Fitter Information ;
----------------------------
HTML report is unavailable in plain text report export.


Path #21: Recovery slack is 6.278 
===============================================================================
+---------------------------------------------+
; Path Summary                                ;
+--------------------+------------------------+
; Property           ; Value                  ;
+--------------------+------------------------+
; From Node          ; rst_n                  ;
; To Node            ; div:u_div|quotient[10] ;
; Launch Clock       ; clk                    ;
; Latch Clock        ; clk                    ;
; Data Arrival Time  ; 7.822                  ;
; Data Required Time ; 14.100                 ;
; Slack              ; 6.278                  ;
+--------------------+------------------------+

+----------------------------------------------------------------------------------------+
; Statistics                                                                             ;
+---------------------------+--------+-------+-------------+------------+--------+-------+
; Property                  ; Value  ; Count ; Total Delay ; % of Total ; Min    ; Max   ;
+---------------------------+--------+-------+-------------+------------+--------+-------+
; Recovery Relationship     ; 10.000 ;       ;             ;            ;        ;       ;
; Clock Skew                ; 4.200  ;       ;             ;            ;        ;       ;
; Data Delay                ; 5.822  ;       ;             ;            ;        ;       ;
; Number of Logic Levels    ;        ; 2     ;             ;            ;        ;       ;
; Physical Delays           ;        ;       ;             ;            ;        ;       ;
;  Arrival Path             ;        ;       ;             ;            ;        ;       ;
;   Clock                   ;        ;       ;             ;            ;        ;       ;
;    Clock Network (Lumped) ;        ; 1     ; 0.000       ;            ; 0.000  ; 0.000 ;
;   Data                    ;        ;       ;             ;            ;        ;       ;
;    IC                     ;        ; 3     ; -0.001      ; 0          ; -0.001 ; 0.000 ;
;    Cell                   ;        ; 3     ; 2.826       ; 49         ; 0.468  ; 1.693 ;
;    Routing Element        ;        ; 26    ; 2.997       ; 51         ; 0.000  ; 1.065 ;
;  Required Path            ;        ;       ;             ;            ;        ;       ;
;   Clock                   ;        ;       ;             ;            ;        ;       ;
;    IC                     ;        ; 3     ; -0.001      ; 0          ; -0.001 ; 0.000 ;
;    Cell                   ;        ; 3     ; 1.675       ; 40         ; 0.312  ; 0.917 ;
;    Routing Element        ;        ; 25    ; 2.526       ; 60         ; 0.000  ; 0.990 ;
+---------------------------+--------+-------+-------------+------------+--------+-------+
Note: Negative delays are omitted from totals when calculating percentages

+--------------------------------------------------------------------------------------------------------------+
; Data Arrival Path                                                                                            ;
+---------+----------+----+------+--------+----------------------------------------+---------------------------+
; Total   ; Incr     ; RF ; Type ; Fanout ; Location                               ; Element                   ;
+---------+----------+----+------+--------+----------------------------------------+---------------------------+
; 0.000   ; 0.000    ;    ;      ;        ;                                        ; launch edge time          ;
; 0.000   ; 0.000    ;    ;      ;        ;                                        ; clock path                ;
;   0.000 ;   0.000  ; R  ;      ;        ;                                        ; clock network delay       ;
; 2.000   ; 2.000    ; R  ; iExt ; 1      ; PIN_V27                                ; rst_n                     ;
; 7.822   ; 5.822    ;    ;      ;        ;                                        ; data path                 ;
;   2.000 ;   0.000  ;    ; RE   ; 1      ; IOPAD_X121_Y51_N60                     ; ARRIAV_IO_PAD             ;
;   2.000 ;   0.000  ;    ; RE   ; 1      ; IO_PAD_OUTPUT_X121_Y51_N60_I1          ; IO_PAD_OUTPUT             ;
;   2.000 ;   0.000  ;    ; RE   ; 1      ; IO_INPUT_BUFFER_INPUT_X121_Y51_N61_I0  ; IO_INPUT_BUFFER_INPUT     ;
;   2.000 ;   0.000  ; RR ; IC   ; 1      ; IOIBUF_X121_Y51_N61                    ; rst_n~input|i             ;
;   3.693 ;   1.693  ; RR ; CELL ; 1294   ; IOIBUF_X121_Y51_N61                    ; rst_n~input|o             ;
;   3.693 ;   0.000  ;    ; RE   ; 1      ; IOIBUF_X121_Y51_N61                    ; ARRIAV_IO_IBUF            ;
;   3.693 ;   0.000  ;    ; RE   ; 1      ; IO_INPUT_BUFFER_OUTPUT_X121_Y51_N61_I2 ; IO_INPUT_BUFFER_OUTPUT    ;
;   3.693 ;   0.000  ;    ; RE   ; 2      ; IO_RE_X121_Y51_N60_I96                 ; IO_RE                     ;
;   3.880 ;   0.187  ;    ; RE   ; 1      ; IO_RE_X121_Y51_N60_I66                 ; IO_RE                     ;
;   4.194 ;   0.314  ;    ; RE   ; 1      ; CLKBUF_CLUSTER_RE_X121_Y56_N3_I421     ; CLKBUF_CLUSTER_RE         ;
;   4.194 ;   0.000  ;    ; RE   ; 1      ; CLKBUF_CLUSTER_RE_X121_Y56_N3_I772     ; CLKBUF_CLUSTER_RE         ;
;   4.194 ;   0.000  ;    ; RE   ; 1      ; CLKBUF_CLUSTER_RE_X121_Y56_N3_I557     ; CLKBUF_CLUSTER_RE         ;
;   4.194 ;   0.000  ;    ; RE   ; 1      ; GCLK_CLUSTER_RE_X121_Y56_N6_I10        ; GCLK_CLUSTER_RE           ;
;   4.194 ;   0.000  ;    ; RE   ; 1      ; CLKBUFBLOCK_INPUT_X121_Y56_N7_I0       ; CLKBUFBLOCK_INPUT         ;
;   4.194 ;   0.000  ; RR ; IC   ; 1      ; CLKCTRL_G9                             ; rst_n~inputCLKENA0|inclk  ;
;   4.662 ;   0.468  ; RR ; CELL ; 2145   ; CLKCTRL_G9                             ; rst_n~inputCLKENA0|outclk ;
;   4.662 ;   0.000  ;    ; RE   ; 1      ; CLKCTRL_G9                             ; ARRIAV_CLKBUF             ;
;   4.662 ;   0.000  ;    ; RE   ; 1      ; CLKBUFBLOCK_OUTPUT_X121_Y56_N7_I2      ; CLKBUFBLOCK_OUTPUT        ;
;   4.662 ;   0.000  ;    ; RE   ; 1      ; GCLK_CLUSTER_RE_X121_Y56_N6_I12        ; GCLK_CLUSTER_RE           ;
;   4.662 ;   0.000  ;    ; RE   ; 1      ; CLKBUF_CLUSTER_RE_X121_Y56_N3_I416     ; CLKBUF_CLUSTER_RE         ;
;   5.727 ;   1.065  ;    ; RE   ; 16     ; GLOBAL_CLOCK_X0_Y58_N0_I9              ; GLOBAL_CLOCK              ;
;   5.919 ;   0.192  ;    ; RE   ; 25     ; SPINE_CLOCK_X106_Y30_N0_I7             ; SPINE_CLOCK               ;
;   6.377 ;   0.458  ;    ; RE   ; 1      ; SCLK_TO_ROWCLK_BUF_X106_Y34_N0_I42     ; SCLK_TO_ROWCLK_BUF        ;
;   6.474 ;   0.097  ;    ; RE   ; 2      ; SCLK_TO_ROWCLK_BUF_X106_Y34_N0_I44     ; SCLK_TO_ROWCLK_BUF        ;
;   6.914 ;   0.440  ;    ; RE   ; 1      ; LAB_CLK_X107_Y34_N0_I1                 ; LAB_CLK                   ;
;   7.062 ;   0.148  ;    ; RE   ; 1      ; BLK_CLK_BUF_X108_Y34_N0_I1             ; BLK_CLK_BUF               ;
;   7.119 ;   0.057  ;    ; RE   ; 1      ; ROWCLKSEL_PREBUF_X108_Y34_N0_I1        ; ROWCLKSEL_PREBUF          ;
;   7.158 ;   0.039  ;    ; RE   ; 1      ; ROWCLKSEL_X108_Y34_N0_I2               ; ROWCLKSEL                 ;
;   7.158 ;   0.000  ;    ; RE   ; 1      ; GLOBAL_LOCAL_SEL_X108_Y34_N0_I2        ; GLOBAL_LOCAL_SEL          ;
;   7.158 ;   0.000  ;    ; RE   ; 4      ; LAB_INPUT_X108_Y34_N0_I3               ; LAB_INPUT                 ;
;   7.157 ;   -0.001 ; RR ; IC   ; 1      ; FF_X108_Y34_N56                        ; u_div|quotient[10]|clrn   ;
;   7.822 ;   0.665  ; RR ; CELL ; 1      ; FF_X108_Y34_N56                        ; div:u_div|quotient[10]    ;
+---------+----------+----+------+--------+----------------------------------------+---------------------------+

+----------------------------------------------------------------------------------------------------------+
; Data Required Path                                                                                       ;
+----------+----------+----+------+--------+-------------------------------------+-------------------------+
; Total    ; Incr     ; RF ; Type ; Fanout ; Location                            ; Element                 ;
+----------+----------+----+------+--------+-------------------------------------+-------------------------+
; 10.000   ; 10.000   ;    ;      ;        ;                                     ; latch edge time         ;
; 14.200   ; 4.200    ;    ;      ;        ;                                     ; clock path              ;
;   10.000 ;   0.000  ;    ;      ;        ;                                     ; source latency          ;
;   10.000 ;   0.000  ;    ;      ; 1      ; PIN_AC18                            ; clk                     ;
;   10.000 ;   0.000  ;    ; RE   ; 1      ; IOPAD_X54_Y0_N0                     ; ARRIAV_IO_PAD           ;
;   10.000 ;   0.000  ;    ; RE   ; 1      ; IO_PAD_OUTPUT_X54_Y0_N0_I1          ; IO_PAD_OUTPUT           ;
;   10.000 ;   0.000  ;    ; RE   ; 1      ; IO_INPUT_BUFFER_INPUT_X54_Y0_N1_I0  ; IO_INPUT_BUFFER_INPUT   ;
;   10.000 ;   0.000  ; RR ; IC   ; 1      ; IOIBUF_X54_Y0_N1                    ; clk~input|i             ;
;   10.917 ;   0.917  ; RR ; CELL ; 1      ; IOIBUF_X54_Y0_N1                    ; clk~input|o             ;
;   10.917 ;   0.000  ;    ; RE   ; 1      ; IOIBUF_X54_Y0_N1                    ; ARRIAV_IO_IBUF          ;
;   10.917 ;   0.000  ;    ; RE   ; 1      ; IO_INPUT_BUFFER_OUTPUT_X54_Y0_N1_I2 ; IO_INPUT_BUFFER_OUTPUT  ;
;   10.917 ;   0.000  ;    ; RE   ; 1      ; IO_RE_X54_Y0_N0_I96                 ; IO_RE                   ;
;   11.095 ;   0.178  ;    ; RE   ; 1      ; IO_RE_X54_Y0_N0_I66                 ; IO_RE                   ;
;   11.095 ;   0.000  ;    ; RE   ; 1      ; CLKBUF_CLUSTER_RE_X58_Y0_N0_I1614   ; CLKBUF_CLUSTER_RE       ;
;   11.095 ;   0.000  ;    ; RE   ; 1      ; CLKBUF_CLUSTER_RE_X58_Y0_N0_I616    ; CLKBUF_CLUSTER_RE       ;
;   11.095 ;   0.000  ;    ; RE   ; 1      ; GCLK_CLUSTER_RE_X58_Y0_N6_I10       ; GCLK_CLUSTER_RE         ;
;   11.095 ;   0.000  ;    ; RE   ; 1      ; CLKBUFBLOCK_INPUT_X58_Y0_N7_I0      ; CLKBUFBLOCK_INPUT       ;
;   11.095 ;   0.000  ; RR ; IC   ; 1      ; CLKCTRL_G6                          ; clk~inputCLKENA0|inclk  ;
;   11.407 ;   0.312  ; RR ; CELL ; 37157  ; CLKCTRL_G6                          ; clk~inputCLKENA0|outclk ;
;   11.407 ;   0.000  ;    ; RE   ; 1      ; CLKCTRL_G6                          ; ARRIAV_CLKBUF           ;
;   11.407 ;   0.000  ;    ; RE   ; 1      ; CLKBUFBLOCK_OUTPUT_X58_Y0_N7_I2     ; CLKBUFBLOCK_OUTPUT      ;
;   11.407 ;   0.000  ;    ; RE   ; 1      ; GCLK_CLUSTER_RE_X58_Y0_N6_I12       ; GCLK_CLUSTER_RE         ;
;   11.407 ;   0.000  ;    ; RE   ; 1      ; CLKBUF_CLUSTER_RE_X58_Y0_N0_I417    ; CLKBUF_CLUSTER_RE       ;
;   12.397 ;   0.990  ;    ; RE   ; 16     ; GLOBAL_CLOCK_X0_Y58_N0_I6           ; GLOBAL_CLOCK            ;
;   12.582 ;   0.185  ;    ; RE   ; 29     ; SPINE_CLOCK_X106_Y30_N0_I2          ; SPINE_CLOCK             ;
;   13.023 ;   0.441  ;    ; RE   ; 1      ; SCLK_TO_ROWCLK_BUF_X106_Y34_N0_I12  ; SCLK_TO_ROWCLK_BUF      ;
;   13.108 ;   0.085  ;    ; RE   ; 2      ; SCLK_TO_ROWCLK_BUF_X106_Y34_N0_I15  ; SCLK_TO_ROWCLK_BUF      ;
;   13.527 ;   0.419  ;    ; RE   ; 6      ; LAB_CLK_X107_Y34_N0_I2              ; LAB_CLK                 ;
;   13.663 ;   0.136  ;    ; RE   ; 1      ; BLK_CLK_BUF_X108_Y34_N0_I2          ; BLK_CLK_BUF             ;
;   13.719 ;   0.056  ;    ; RE   ; 1      ; ROWCLKSEL_PREBUF_X108_Y34_N0_I2     ; ROWCLKSEL_PREBUF        ;
;   13.755 ;   0.036  ;    ; RE   ; 1      ; ROWCLKSEL_X108_Y34_N0_I1            ; ROWCLKSEL               ;
;   13.755 ;   0.000  ;    ; RE   ; 2      ; GLOBAL_LOCAL_SEL_X108_Y34_N0_I1     ; GLOBAL_LOCAL_SEL        ;
;   13.755 ;   0.000  ;    ; RE   ; 4      ; LAB_INPUT_X108_Y34_N0_I1            ; LAB_INPUT               ;
;   13.754 ;   -0.001 ; RR ; IC   ; 1      ; FF_X108_Y34_N56                     ; u_div|quotient[10]|clk  ;
;   14.200 ;   0.446  ; RR ; CELL ; 1      ; FF_X108_Y34_N56                     ; div:u_div|quotient[10]  ;
; 14.100   ; -0.100   ;    ;      ;        ;                                     ; clock uncertainty       ;
; 14.100   ; 0.000    ;    ; uTsu ; 1      ; FF_X108_Y34_N56                     ; div:u_div|quotient[10]  ;
+----------+----------+----+------+--------+-------------------------------------+-------------------------+

----------------------------
; Extra Fitter Information ;
----------------------------
HTML report is unavailable in plain text report export.


Path #22: Recovery slack is 6.278 
===============================================================================
+----------------------------------------------+
; Path Summary                                 ;
+--------------------+-------------------------+
; Property           ; Value                   ;
+--------------------+-------------------------+
; From Node          ; rst_n                   ;
; To Node            ; sigmoid:u_sig|y_raw[15] ;
; Launch Clock       ; clk                     ;
; Latch Clock        ; clk                     ;
; Data Arrival Time  ; 7.799                   ;
; Data Required Time ; 14.077                  ;
; Slack              ; 6.278                   ;
+--------------------+-------------------------+

+---------------------------------------------------------------------------------------+
; Statistics                                                                            ;
+---------------------------+--------+-------+-------------+------------+-------+-------+
; Property                  ; Value  ; Count ; Total Delay ; % of Total ; Min   ; Max   ;
+---------------------------+--------+-------+-------------+------------+-------+-------+
; Recovery Relationship     ; 10.000 ;       ;             ;            ;       ;       ;
; Clock Skew                ; 4.177  ;       ;             ;            ;       ;       ;
; Data Delay                ; 5.799  ;       ;             ;            ;       ;       ;
; Number of Logic Levels    ;        ; 2     ;             ;            ;       ;       ;
; Physical Delays           ;        ;       ;             ;            ;       ;       ;
;  Arrival Path             ;        ;       ;             ;            ;       ;       ;
;   Clock                   ;        ;       ;             ;            ;       ;       ;
;    Clock Network (Lumped) ;        ; 1     ; 0.000       ;            ; 0.000 ; 0.000 ;
;   Data                    ;        ;       ;             ;            ;       ;       ;
;    IC                     ;        ; 3     ; 0.000       ; 0          ; 0.000 ; 0.000 ;
;    Cell                   ;        ; 3     ; 2.820       ; 49         ; 0.468 ; 1.693 ;
;    Routing Element        ;        ; 26    ; 2.979       ; 51         ; 0.000 ; 1.058 ;
;  Required Path            ;        ;       ;             ;            ;       ;       ;
;   Clock                   ;        ;       ;             ;            ;       ;       ;
;    IC                     ;        ; 3     ; 0.000       ; 0          ; 0.000 ; 0.000 ;
;    Cell                   ;        ; 3     ; 1.673       ; 40         ; 0.312 ; 0.917 ;
;    Routing Element        ;        ; 25    ; 2.504       ; 60         ; 0.000 ; 0.963 ;
+---------------------------+--------+-------+-------------+------------+-------+-------+
Note: Negative delays are omitted from totals when calculating percentages

+-------------------------------------------------------------------------------------------------------------+
; Data Arrival Path                                                                                           ;
+---------+---------+----+------+--------+----------------------------------------+---------------------------+
; Total   ; Incr    ; RF ; Type ; Fanout ; Location                               ; Element                   ;
+---------+---------+----+------+--------+----------------------------------------+---------------------------+
; 0.000   ; 0.000   ;    ;      ;        ;                                        ; launch edge time          ;
; 0.000   ; 0.000   ;    ;      ;        ;                                        ; clock path                ;
;   0.000 ;   0.000 ; R  ;      ;        ;                                        ; clock network delay       ;
; 2.000   ; 2.000   ; R  ; iExt ; 1      ; PIN_V27                                ; rst_n                     ;
; 7.799   ; 5.799   ;    ;      ;        ;                                        ; data path                 ;
;   2.000 ;   0.000 ;    ; RE   ; 1      ; IOPAD_X121_Y51_N60                     ; ARRIAV_IO_PAD             ;
;   2.000 ;   0.000 ;    ; RE   ; 1      ; IO_PAD_OUTPUT_X121_Y51_N60_I1          ; IO_PAD_OUTPUT             ;
;   2.000 ;   0.000 ;    ; RE   ; 1      ; IO_INPUT_BUFFER_INPUT_X121_Y51_N61_I0  ; IO_INPUT_BUFFER_INPUT     ;
;   2.000 ;   0.000 ; RR ; IC   ; 1      ; IOIBUF_X121_Y51_N61                    ; rst_n~input|i             ;
;   3.693 ;   1.693 ; RR ; CELL ; 1294   ; IOIBUF_X121_Y51_N61                    ; rst_n~input|o             ;
;   3.693 ;   0.000 ;    ; RE   ; 1      ; IOIBUF_X121_Y51_N61                    ; ARRIAV_IO_IBUF            ;
;   3.693 ;   0.000 ;    ; RE   ; 1      ; IO_INPUT_BUFFER_OUTPUT_X121_Y51_N61_I2 ; IO_INPUT_BUFFER_OUTPUT    ;
;   3.693 ;   0.000 ;    ; RE   ; 2      ; IO_RE_X121_Y51_N60_I96                 ; IO_RE                     ;
;   3.880 ;   0.187 ;    ; RE   ; 1      ; IO_RE_X121_Y51_N60_I66                 ; IO_RE                     ;
;   4.194 ;   0.314 ;    ; RE   ; 1      ; CLKBUF_CLUSTER_RE_X121_Y56_N3_I421     ; CLKBUF_CLUSTER_RE         ;
;   4.194 ;   0.000 ;    ; RE   ; 1      ; CLKBUF_CLUSTER_RE_X121_Y56_N3_I772     ; CLKBUF_CLUSTER_RE         ;
;   4.194 ;   0.000 ;    ; RE   ; 1      ; CLKBUF_CLUSTER_RE_X121_Y56_N3_I557     ; CLKBUF_CLUSTER_RE         ;
;   4.194 ;   0.000 ;    ; RE   ; 1      ; GCLK_CLUSTER_RE_X121_Y56_N6_I10        ; GCLK_CLUSTER_RE           ;
;   4.194 ;   0.000 ;    ; RE   ; 1      ; CLKBUFBLOCK_INPUT_X121_Y56_N7_I0       ; CLKBUFBLOCK_INPUT         ;
;   4.194 ;   0.000 ; RR ; IC   ; 1      ; CLKCTRL_G9                             ; rst_n~inputCLKENA0|inclk  ;
;   4.662 ;   0.468 ; RR ; CELL ; 2145   ; CLKCTRL_G9                             ; rst_n~inputCLKENA0|outclk ;
;   4.662 ;   0.000 ;    ; RE   ; 1      ; CLKCTRL_G9                             ; ARRIAV_CLKBUF             ;
;   4.662 ;   0.000 ;    ; RE   ; 1      ; CLKBUFBLOCK_OUTPUT_X121_Y56_N7_I2      ; CLKBUFBLOCK_OUTPUT        ;
;   4.662 ;   0.000 ;    ; RE   ; 1      ; GCLK_CLUSTER_RE_X121_Y56_N6_I12        ; GCLK_CLUSTER_RE           ;
;   4.662 ;   0.000 ;    ; RE   ; 1      ; CLKBUF_CLUSTER_RE_X121_Y56_N3_I416     ; CLKBUF_CLUSTER_RE         ;
;   5.720 ;   1.058 ;    ; RE   ; 16     ; GLOBAL_CLOCK_X0_Y58_N0_I9              ; GLOBAL_CLOCK              ;
;   5.906 ;   0.186 ;    ; RE   ; 12     ; SPINE_CLOCK_X45_Y30_N0_I22             ; SPINE_CLOCK               ;
;   6.364 ;   0.458 ;    ; RE   ; 1      ; SCLK_TO_ROWCLK_BUF_X45_Y41_N0_I133     ; SCLK_TO_ROWCLK_BUF        ;
;   6.452 ;   0.088 ;    ; RE   ; 1      ; SCLK_TO_ROWCLK_BUF_X45_Y41_N0_I137     ; SCLK_TO_ROWCLK_BUF        ;
;   6.890 ;   0.438 ;    ; RE   ; 1      ; LAB_CLK_X46_Y41_N0_I4                  ; LAB_CLK                   ;
;   7.043 ;   0.153 ;    ; RE   ; 1      ; BLK_CLK_BUF_X46_Y41_N0_I4              ; BLK_CLK_BUF               ;
;   7.100 ;   0.057 ;    ; RE   ; 1      ; ROWCLKSEL_PREBUF_X46_Y41_N0_I4         ; ROWCLKSEL_PREBUF          ;
;   7.140 ;   0.040 ;    ; RE   ; 1      ; ROWCLKSEL_X46_Y41_N0_I2                ; ROWCLKSEL                 ;
;   7.140 ;   0.000 ;    ; RE   ; 1      ; GLOBAL_LOCAL_SEL_X46_Y41_N0_I2         ; GLOBAL_LOCAL_SEL          ;
;   7.140 ;   0.000 ;    ; RE   ; 18     ; LAB_INPUT_X46_Y41_N0_I3                ; LAB_INPUT                 ;
;   7.140 ;   0.000 ; RR ; IC   ; 1      ; FF_X46_Y41_N46                         ; u_sig|y_raw[15]|clrn      ;
;   7.799 ;   0.659 ; RR ; CELL ; 1      ; FF_X46_Y41_N46                         ; sigmoid:u_sig|y_raw[15]   ;
+---------+---------+----+------+--------+----------------------------------------+---------------------------+

+---------------------------------------------------------------------------------------------------------+
; Data Required Path                                                                                      ;
+----------+---------+----+------+--------+-------------------------------------+-------------------------+
; Total    ; Incr    ; RF ; Type ; Fanout ; Location                            ; Element                 ;
+----------+---------+----+------+--------+-------------------------------------+-------------------------+
; 10.000   ; 10.000  ;    ;      ;        ;                                     ; latch edge time         ;
; 14.177   ; 4.177   ;    ;      ;        ;                                     ; clock path              ;
;   10.000 ;   0.000 ;    ;      ;        ;                                     ; source latency          ;
;   10.000 ;   0.000 ;    ;      ; 1      ; PIN_AC18                            ; clk                     ;
;   10.000 ;   0.000 ;    ; RE   ; 1      ; IOPAD_X54_Y0_N0                     ; ARRIAV_IO_PAD           ;
;   10.000 ;   0.000 ;    ; RE   ; 1      ; IO_PAD_OUTPUT_X54_Y0_N0_I1          ; IO_PAD_OUTPUT           ;
;   10.000 ;   0.000 ;    ; RE   ; 1      ; IO_INPUT_BUFFER_INPUT_X54_Y0_N1_I0  ; IO_INPUT_BUFFER_INPUT   ;
;   10.000 ;   0.000 ; RR ; IC   ; 1      ; IOIBUF_X54_Y0_N1                    ; clk~input|i             ;
;   10.917 ;   0.917 ; RR ; CELL ; 1      ; IOIBUF_X54_Y0_N1                    ; clk~input|o             ;
;   10.917 ;   0.000 ;    ; RE   ; 1      ; IOIBUF_X54_Y0_N1                    ; ARRIAV_IO_IBUF          ;
;   10.917 ;   0.000 ;    ; RE   ; 1      ; IO_INPUT_BUFFER_OUTPUT_X54_Y0_N1_I2 ; IO_INPUT_BUFFER_OUTPUT  ;
;   10.917 ;   0.000 ;    ; RE   ; 1      ; IO_RE_X54_Y0_N0_I96                 ; IO_RE                   ;
;   11.095 ;   0.178 ;    ; RE   ; 1      ; IO_RE_X54_Y0_N0_I66                 ; IO_RE                   ;
;   11.095 ;   0.000 ;    ; RE   ; 1      ; CLKBUF_CLUSTER_RE_X58_Y0_N0_I1614   ; CLKBUF_CLUSTER_RE       ;
;   11.095 ;   0.000 ;    ; RE   ; 1      ; CLKBUF_CLUSTER_RE_X58_Y0_N0_I616    ; CLKBUF_CLUSTER_RE       ;
;   11.095 ;   0.000 ;    ; RE   ; 1      ; GCLK_CLUSTER_RE_X58_Y0_N6_I10       ; GCLK_CLUSTER_RE         ;
;   11.095 ;   0.000 ;    ; RE   ; 1      ; CLKBUFBLOCK_INPUT_X58_Y0_N7_I0      ; CLKBUFBLOCK_INPUT       ;
;   11.095 ;   0.000 ; RR ; IC   ; 1      ; CLKCTRL_G6                          ; clk~inputCLKENA0|inclk  ;
;   11.407 ;   0.312 ; RR ; CELL ; 37157  ; CLKCTRL_G6                          ; clk~inputCLKENA0|outclk ;
;   11.407 ;   0.000 ;    ; RE   ; 1      ; CLKCTRL_G6                          ; ARRIAV_CLKBUF           ;
;   11.407 ;   0.000 ;    ; RE   ; 1      ; CLKBUFBLOCK_OUTPUT_X58_Y0_N7_I2     ; CLKBUFBLOCK_OUTPUT      ;
;   11.407 ;   0.000 ;    ; RE   ; 1      ; GCLK_CLUSTER_RE_X58_Y0_N6_I12       ; GCLK_CLUSTER_RE         ;
;   11.407 ;   0.000 ;    ; RE   ; 1      ; CLKBUF_CLUSTER_RE_X58_Y0_N0_I417    ; CLKBUF_CLUSTER_RE       ;
;   12.370 ;   0.963 ;    ; RE   ; 16     ; GLOBAL_CLOCK_X0_Y58_N0_I6           ; GLOBAL_CLOCK            ;
;   12.549 ;   0.179 ;    ; RE   ; 29     ; SPINE_CLOCK_X45_Y30_N0_I7           ; SPINE_CLOCK             ;
;   12.991 ;   0.442 ;    ; RE   ; 1      ; SCLK_TO_ROWCLK_BUF_X45_Y41_N0_I43   ; SCLK_TO_ROWCLK_BUF      ;
;   13.076 ;   0.085 ;    ; RE   ; 2      ; SCLK_TO_ROWCLK_BUF_X45_Y41_N0_I46   ; SCLK_TO_ROWCLK_BUF      ;
;   13.499 ;   0.423 ;    ; RE   ; 14     ; LAB_CLK_X46_Y41_N0_I5               ; LAB_CLK                 ;
;   13.640 ;   0.141 ;    ; RE   ; 1      ; BLK_CLK_BUF_X46_Y41_N0_I5           ; BLK_CLK_BUF             ;
;   13.697 ;   0.057 ;    ; RE   ; 1      ; ROWCLKSEL_PREBUF_X46_Y41_N0_I5      ; ROWCLKSEL_PREBUF        ;
;   13.733 ;   0.036 ;    ; RE   ; 1      ; ROWCLKSEL_X46_Y41_N0_I0             ; ROWCLKSEL               ;
;   13.733 ;   0.000 ;    ; RE   ; 2      ; GLOBAL_LOCAL_SEL_X46_Y41_N0_I0      ; GLOBAL_LOCAL_SEL        ;
;   13.733 ;   0.000 ;    ; RE   ; 17     ; LAB_INPUT_X46_Y41_N0_I1             ; LAB_INPUT               ;
;   13.733 ;   0.000 ; RR ; IC   ; 1      ; FF_X46_Y41_N46                      ; u_sig|y_raw[15]|clk     ;
;   14.177 ;   0.444 ; RR ; CELL ; 1      ; FF_X46_Y41_N46                      ; sigmoid:u_sig|y_raw[15] ;
; 14.077   ; -0.100  ;    ;      ;        ;                                     ; clock uncertainty       ;
; 14.077   ; 0.000   ;    ; uTsu ; 1      ; FF_X46_Y41_N46                      ; sigmoid:u_sig|y_raw[15] ;
+----------+---------+----+------+--------+-------------------------------------+-------------------------+

----------------------------
; Extra Fitter Information ;
----------------------------
HTML report is unavailable in plain text report export.


Path #23: Recovery slack is 6.278 
===============================================================================
+----------------------------------------------+
; Path Summary                                 ;
+--------------------+-------------------------+
; Property           ; Value                   ;
+--------------------+-------------------------+
; From Node          ; rst_n                   ;
; To Node            ; sigmoid:u_sig|y_raw[13] ;
; Launch Clock       ; clk                     ;
; Latch Clock        ; clk                     ;
; Data Arrival Time  ; 7.799                   ;
; Data Required Time ; 14.077                  ;
; Slack              ; 6.278                   ;
+--------------------+-------------------------+

+---------------------------------------------------------------------------------------+
; Statistics                                                                            ;
+---------------------------+--------+-------+-------------+------------+-------+-------+
; Property                  ; Value  ; Count ; Total Delay ; % of Total ; Min   ; Max   ;
+---------------------------+--------+-------+-------------+------------+-------+-------+
; Recovery Relationship     ; 10.000 ;       ;             ;            ;       ;       ;
; Clock Skew                ; 4.177  ;       ;             ;            ;       ;       ;
; Data Delay                ; 5.799  ;       ;             ;            ;       ;       ;
; Number of Logic Levels    ;        ; 2     ;             ;            ;       ;       ;
; Physical Delays           ;        ;       ;             ;            ;       ;       ;
;  Arrival Path             ;        ;       ;             ;            ;       ;       ;
;   Clock                   ;        ;       ;             ;            ;       ;       ;
;    Clock Network (Lumped) ;        ; 1     ; 0.000       ;            ; 0.000 ; 0.000 ;
;   Data                    ;        ;       ;             ;            ;       ;       ;
;    IC                     ;        ; 3     ; 0.000       ; 0          ; 0.000 ; 0.000 ;
;    Cell                   ;        ; 3     ; 2.820       ; 49         ; 0.468 ; 1.693 ;
;    Routing Element        ;        ; 26    ; 2.979       ; 51         ; 0.000 ; 1.058 ;
;  Required Path            ;        ;       ;             ;            ;       ;       ;
;   Clock                   ;        ;       ;             ;            ;       ;       ;
;    IC                     ;        ; 3     ; 0.000       ; 0          ; 0.000 ; 0.000 ;
;    Cell                   ;        ; 3     ; 1.673       ; 40         ; 0.312 ; 0.917 ;
;    Routing Element        ;        ; 25    ; 2.504       ; 60         ; 0.000 ; 0.963 ;
+---------------------------+--------+-------+-------------+------------+-------+-------+
Note: Negative delays are omitted from totals when calculating percentages

+-------------------------------------------------------------------------------------------------------------+
; Data Arrival Path                                                                                           ;
+---------+---------+----+------+--------+----------------------------------------+---------------------------+
; Total   ; Incr    ; RF ; Type ; Fanout ; Location                               ; Element                   ;
+---------+---------+----+------+--------+----------------------------------------+---------------------------+
; 0.000   ; 0.000   ;    ;      ;        ;                                        ; launch edge time          ;
; 0.000   ; 0.000   ;    ;      ;        ;                                        ; clock path                ;
;   0.000 ;   0.000 ; R  ;      ;        ;                                        ; clock network delay       ;
; 2.000   ; 2.000   ; R  ; iExt ; 1      ; PIN_V27                                ; rst_n                     ;
; 7.799   ; 5.799   ;    ;      ;        ;                                        ; data path                 ;
;   2.000 ;   0.000 ;    ; RE   ; 1      ; IOPAD_X121_Y51_N60                     ; ARRIAV_IO_PAD             ;
;   2.000 ;   0.000 ;    ; RE   ; 1      ; IO_PAD_OUTPUT_X121_Y51_N60_I1          ; IO_PAD_OUTPUT             ;
;   2.000 ;   0.000 ;    ; RE   ; 1      ; IO_INPUT_BUFFER_INPUT_X121_Y51_N61_I0  ; IO_INPUT_BUFFER_INPUT     ;
;   2.000 ;   0.000 ; RR ; IC   ; 1      ; IOIBUF_X121_Y51_N61                    ; rst_n~input|i             ;
;   3.693 ;   1.693 ; RR ; CELL ; 1294   ; IOIBUF_X121_Y51_N61                    ; rst_n~input|o             ;
;   3.693 ;   0.000 ;    ; RE   ; 1      ; IOIBUF_X121_Y51_N61                    ; ARRIAV_IO_IBUF            ;
;   3.693 ;   0.000 ;    ; RE   ; 1      ; IO_INPUT_BUFFER_OUTPUT_X121_Y51_N61_I2 ; IO_INPUT_BUFFER_OUTPUT    ;
;   3.693 ;   0.000 ;    ; RE   ; 2      ; IO_RE_X121_Y51_N60_I96                 ; IO_RE                     ;
;   3.880 ;   0.187 ;    ; RE   ; 1      ; IO_RE_X121_Y51_N60_I66                 ; IO_RE                     ;
;   4.194 ;   0.314 ;    ; RE   ; 1      ; CLKBUF_CLUSTER_RE_X121_Y56_N3_I421     ; CLKBUF_CLUSTER_RE         ;
;   4.194 ;   0.000 ;    ; RE   ; 1      ; CLKBUF_CLUSTER_RE_X121_Y56_N3_I772     ; CLKBUF_CLUSTER_RE         ;
;   4.194 ;   0.000 ;    ; RE   ; 1      ; CLKBUF_CLUSTER_RE_X121_Y56_N3_I557     ; CLKBUF_CLUSTER_RE         ;
;   4.194 ;   0.000 ;    ; RE   ; 1      ; GCLK_CLUSTER_RE_X121_Y56_N6_I10        ; GCLK_CLUSTER_RE           ;
;   4.194 ;   0.000 ;    ; RE   ; 1      ; CLKBUFBLOCK_INPUT_X121_Y56_N7_I0       ; CLKBUFBLOCK_INPUT         ;
;   4.194 ;   0.000 ; RR ; IC   ; 1      ; CLKCTRL_G9                             ; rst_n~inputCLKENA0|inclk  ;
;   4.662 ;   0.468 ; RR ; CELL ; 2145   ; CLKCTRL_G9                             ; rst_n~inputCLKENA0|outclk ;
;   4.662 ;   0.000 ;    ; RE   ; 1      ; CLKCTRL_G9                             ; ARRIAV_CLKBUF             ;
;   4.662 ;   0.000 ;    ; RE   ; 1      ; CLKBUFBLOCK_OUTPUT_X121_Y56_N7_I2      ; CLKBUFBLOCK_OUTPUT        ;
;   4.662 ;   0.000 ;    ; RE   ; 1      ; GCLK_CLUSTER_RE_X121_Y56_N6_I12        ; GCLK_CLUSTER_RE           ;
;   4.662 ;   0.000 ;    ; RE   ; 1      ; CLKBUF_CLUSTER_RE_X121_Y56_N3_I416     ; CLKBUF_CLUSTER_RE         ;
;   5.720 ;   1.058 ;    ; RE   ; 16     ; GLOBAL_CLOCK_X0_Y58_N0_I9              ; GLOBAL_CLOCK              ;
;   5.906 ;   0.186 ;    ; RE   ; 12     ; SPINE_CLOCK_X45_Y30_N0_I22             ; SPINE_CLOCK               ;
;   6.364 ;   0.458 ;    ; RE   ; 1      ; SCLK_TO_ROWCLK_BUF_X45_Y41_N0_I133     ; SCLK_TO_ROWCLK_BUF        ;
;   6.452 ;   0.088 ;    ; RE   ; 1      ; SCLK_TO_ROWCLK_BUF_X45_Y41_N0_I137     ; SCLK_TO_ROWCLK_BUF        ;
;   6.890 ;   0.438 ;    ; RE   ; 1      ; LAB_CLK_X46_Y41_N0_I4                  ; LAB_CLK                   ;
;   7.043 ;   0.153 ;    ; RE   ; 1      ; BLK_CLK_BUF_X46_Y41_N0_I4              ; BLK_CLK_BUF               ;
;   7.100 ;   0.057 ;    ; RE   ; 1      ; ROWCLKSEL_PREBUF_X46_Y41_N0_I4         ; ROWCLKSEL_PREBUF          ;
;   7.140 ;   0.040 ;    ; RE   ; 1      ; ROWCLKSEL_X46_Y41_N0_I2                ; ROWCLKSEL                 ;
;   7.140 ;   0.000 ;    ; RE   ; 1      ; GLOBAL_LOCAL_SEL_X46_Y41_N0_I2         ; GLOBAL_LOCAL_SEL          ;
;   7.140 ;   0.000 ;    ; RE   ; 18     ; LAB_INPUT_X46_Y41_N0_I3                ; LAB_INPUT                 ;
;   7.140 ;   0.000 ; RR ; IC   ; 1      ; FF_X46_Y41_N40                         ; u_sig|y_raw[13]|clrn      ;
;   7.799 ;   0.659 ; RR ; CELL ; 1      ; FF_X46_Y41_N40                         ; sigmoid:u_sig|y_raw[13]   ;
+---------+---------+----+------+--------+----------------------------------------+---------------------------+

+---------------------------------------------------------------------------------------------------------+
; Data Required Path                                                                                      ;
+----------+---------+----+------+--------+-------------------------------------+-------------------------+
; Total    ; Incr    ; RF ; Type ; Fanout ; Location                            ; Element                 ;
+----------+---------+----+------+--------+-------------------------------------+-------------------------+
; 10.000   ; 10.000  ;    ;      ;        ;                                     ; latch edge time         ;
; 14.177   ; 4.177   ;    ;      ;        ;                                     ; clock path              ;
;   10.000 ;   0.000 ;    ;      ;        ;                                     ; source latency          ;
;   10.000 ;   0.000 ;    ;      ; 1      ; PIN_AC18                            ; clk                     ;
;   10.000 ;   0.000 ;    ; RE   ; 1      ; IOPAD_X54_Y0_N0                     ; ARRIAV_IO_PAD           ;
;   10.000 ;   0.000 ;    ; RE   ; 1      ; IO_PAD_OUTPUT_X54_Y0_N0_I1          ; IO_PAD_OUTPUT           ;
;   10.000 ;   0.000 ;    ; RE   ; 1      ; IO_INPUT_BUFFER_INPUT_X54_Y0_N1_I0  ; IO_INPUT_BUFFER_INPUT   ;
;   10.000 ;   0.000 ; RR ; IC   ; 1      ; IOIBUF_X54_Y0_N1                    ; clk~input|i             ;
;   10.917 ;   0.917 ; RR ; CELL ; 1      ; IOIBUF_X54_Y0_N1                    ; clk~input|o             ;
;   10.917 ;   0.000 ;    ; RE   ; 1      ; IOIBUF_X54_Y0_N1                    ; ARRIAV_IO_IBUF          ;
;   10.917 ;   0.000 ;    ; RE   ; 1      ; IO_INPUT_BUFFER_OUTPUT_X54_Y0_N1_I2 ; IO_INPUT_BUFFER_OUTPUT  ;
;   10.917 ;   0.000 ;    ; RE   ; 1      ; IO_RE_X54_Y0_N0_I96                 ; IO_RE                   ;
;   11.095 ;   0.178 ;    ; RE   ; 1      ; IO_RE_X54_Y0_N0_I66                 ; IO_RE                   ;
;   11.095 ;   0.000 ;    ; RE   ; 1      ; CLKBUF_CLUSTER_RE_X58_Y0_N0_I1614   ; CLKBUF_CLUSTER_RE       ;
;   11.095 ;   0.000 ;    ; RE   ; 1      ; CLKBUF_CLUSTER_RE_X58_Y0_N0_I616    ; CLKBUF_CLUSTER_RE       ;
;   11.095 ;   0.000 ;    ; RE   ; 1      ; GCLK_CLUSTER_RE_X58_Y0_N6_I10       ; GCLK_CLUSTER_RE         ;
;   11.095 ;   0.000 ;    ; RE   ; 1      ; CLKBUFBLOCK_INPUT_X58_Y0_N7_I0      ; CLKBUFBLOCK_INPUT       ;
;   11.095 ;   0.000 ; RR ; IC   ; 1      ; CLKCTRL_G6                          ; clk~inputCLKENA0|inclk  ;
;   11.407 ;   0.312 ; RR ; CELL ; 37157  ; CLKCTRL_G6                          ; clk~inputCLKENA0|outclk ;
;   11.407 ;   0.000 ;    ; RE   ; 1      ; CLKCTRL_G6                          ; ARRIAV_CLKBUF           ;
;   11.407 ;   0.000 ;    ; RE   ; 1      ; CLKBUFBLOCK_OUTPUT_X58_Y0_N7_I2     ; CLKBUFBLOCK_OUTPUT      ;
;   11.407 ;   0.000 ;    ; RE   ; 1      ; GCLK_CLUSTER_RE_X58_Y0_N6_I12       ; GCLK_CLUSTER_RE         ;
;   11.407 ;   0.000 ;    ; RE   ; 1      ; CLKBUF_CLUSTER_RE_X58_Y0_N0_I417    ; CLKBUF_CLUSTER_RE       ;
;   12.370 ;   0.963 ;    ; RE   ; 16     ; GLOBAL_CLOCK_X0_Y58_N0_I6           ; GLOBAL_CLOCK            ;
;   12.549 ;   0.179 ;    ; RE   ; 29     ; SPINE_CLOCK_X45_Y30_N0_I7           ; SPINE_CLOCK             ;
;   12.991 ;   0.442 ;    ; RE   ; 1      ; SCLK_TO_ROWCLK_BUF_X45_Y41_N0_I43   ; SCLK_TO_ROWCLK_BUF      ;
;   13.076 ;   0.085 ;    ; RE   ; 2      ; SCLK_TO_ROWCLK_BUF_X45_Y41_N0_I46   ; SCLK_TO_ROWCLK_BUF      ;
;   13.499 ;   0.423 ;    ; RE   ; 14     ; LAB_CLK_X46_Y41_N0_I5               ; LAB_CLK                 ;
;   13.640 ;   0.141 ;    ; RE   ; 1      ; BLK_CLK_BUF_X46_Y41_N0_I5           ; BLK_CLK_BUF             ;
;   13.697 ;   0.057 ;    ; RE   ; 1      ; ROWCLKSEL_PREBUF_X46_Y41_N0_I5      ; ROWCLKSEL_PREBUF        ;
;   13.733 ;   0.036 ;    ; RE   ; 1      ; ROWCLKSEL_X46_Y41_N0_I0             ; ROWCLKSEL               ;
;   13.733 ;   0.000 ;    ; RE   ; 2      ; GLOBAL_LOCAL_SEL_X46_Y41_N0_I0      ; GLOBAL_LOCAL_SEL        ;
;   13.733 ;   0.000 ;    ; RE   ; 17     ; LAB_INPUT_X46_Y41_N0_I1             ; LAB_INPUT               ;
;   13.733 ;   0.000 ; RR ; IC   ; 1      ; FF_X46_Y41_N40                      ; u_sig|y_raw[13]|clk     ;
;   14.177 ;   0.444 ; RR ; CELL ; 1      ; FF_X46_Y41_N40                      ; sigmoid:u_sig|y_raw[13] ;
; 14.077   ; -0.100  ;    ;      ;        ;                                     ; clock uncertainty       ;
; 14.077   ; 0.000   ;    ; uTsu ; 1      ; FF_X46_Y41_N40                      ; sigmoid:u_sig|y_raw[13] ;
+----------+---------+----+------+--------+-------------------------------------+-------------------------+

----------------------------
; Extra Fitter Information ;
----------------------------
HTML report is unavailable in plain text report export.


Path #24: Recovery slack is 6.278 
===============================================================================
+----------------------------------------------+
; Path Summary                                 ;
+--------------------+-------------------------+
; Property           ; Value                   ;
+--------------------+-------------------------+
; From Node          ; rst_n                   ;
; To Node            ; sigmoid:u_sig|y_raw[11] ;
; Launch Clock       ; clk                     ;
; Latch Clock        ; clk                     ;
; Data Arrival Time  ; 7.799                   ;
; Data Required Time ; 14.077                  ;
; Slack              ; 6.278                   ;
+--------------------+-------------------------+

+---------------------------------------------------------------------------------------+
; Statistics                                                                            ;
+---------------------------+--------+-------+-------------+------------+-------+-------+
; Property                  ; Value  ; Count ; Total Delay ; % of Total ; Min   ; Max   ;
+---------------------------+--------+-------+-------------+------------+-------+-------+
; Recovery Relationship     ; 10.000 ;       ;             ;            ;       ;       ;
; Clock Skew                ; 4.177  ;       ;             ;            ;       ;       ;
; Data Delay                ; 5.799  ;       ;             ;            ;       ;       ;
; Number of Logic Levels    ;        ; 2     ;             ;            ;       ;       ;
; Physical Delays           ;        ;       ;             ;            ;       ;       ;
;  Arrival Path             ;        ;       ;             ;            ;       ;       ;
;   Clock                   ;        ;       ;             ;            ;       ;       ;
;    Clock Network (Lumped) ;        ; 1     ; 0.000       ;            ; 0.000 ; 0.000 ;
;   Data                    ;        ;       ;             ;            ;       ;       ;
;    IC                     ;        ; 3     ; 0.000       ; 0          ; 0.000 ; 0.000 ;
;    Cell                   ;        ; 3     ; 2.820       ; 49         ; 0.468 ; 1.693 ;
;    Routing Element        ;        ; 26    ; 2.979       ; 51         ; 0.000 ; 1.058 ;
;  Required Path            ;        ;       ;             ;            ;       ;       ;
;   Clock                   ;        ;       ;             ;            ;       ;       ;
;    IC                     ;        ; 3     ; 0.000       ; 0          ; 0.000 ; 0.000 ;
;    Cell                   ;        ; 3     ; 1.673       ; 40         ; 0.312 ; 0.917 ;
;    Routing Element        ;        ; 25    ; 2.504       ; 60         ; 0.000 ; 0.963 ;
+---------------------------+--------+-------+-------------+------------+-------+-------+
Note: Negative delays are omitted from totals when calculating percentages

+-------------------------------------------------------------------------------------------------------------+
; Data Arrival Path                                                                                           ;
+---------+---------+----+------+--------+----------------------------------------+---------------------------+
; Total   ; Incr    ; RF ; Type ; Fanout ; Location                               ; Element                   ;
+---------+---------+----+------+--------+----------------------------------------+---------------------------+
; 0.000   ; 0.000   ;    ;      ;        ;                                        ; launch edge time          ;
; 0.000   ; 0.000   ;    ;      ;        ;                                        ; clock path                ;
;   0.000 ;   0.000 ; R  ;      ;        ;                                        ; clock network delay       ;
; 2.000   ; 2.000   ; R  ; iExt ; 1      ; PIN_V27                                ; rst_n                     ;
; 7.799   ; 5.799   ;    ;      ;        ;                                        ; data path                 ;
;   2.000 ;   0.000 ;    ; RE   ; 1      ; IOPAD_X121_Y51_N60                     ; ARRIAV_IO_PAD             ;
;   2.000 ;   0.000 ;    ; RE   ; 1      ; IO_PAD_OUTPUT_X121_Y51_N60_I1          ; IO_PAD_OUTPUT             ;
;   2.000 ;   0.000 ;    ; RE   ; 1      ; IO_INPUT_BUFFER_INPUT_X121_Y51_N61_I0  ; IO_INPUT_BUFFER_INPUT     ;
;   2.000 ;   0.000 ; RR ; IC   ; 1      ; IOIBUF_X121_Y51_N61                    ; rst_n~input|i             ;
;   3.693 ;   1.693 ; RR ; CELL ; 1294   ; IOIBUF_X121_Y51_N61                    ; rst_n~input|o             ;
;   3.693 ;   0.000 ;    ; RE   ; 1      ; IOIBUF_X121_Y51_N61                    ; ARRIAV_IO_IBUF            ;
;   3.693 ;   0.000 ;    ; RE   ; 1      ; IO_INPUT_BUFFER_OUTPUT_X121_Y51_N61_I2 ; IO_INPUT_BUFFER_OUTPUT    ;
;   3.693 ;   0.000 ;    ; RE   ; 2      ; IO_RE_X121_Y51_N60_I96                 ; IO_RE                     ;
;   3.880 ;   0.187 ;    ; RE   ; 1      ; IO_RE_X121_Y51_N60_I66                 ; IO_RE                     ;
;   4.194 ;   0.314 ;    ; RE   ; 1      ; CLKBUF_CLUSTER_RE_X121_Y56_N3_I421     ; CLKBUF_CLUSTER_RE         ;
;   4.194 ;   0.000 ;    ; RE   ; 1      ; CLKBUF_CLUSTER_RE_X121_Y56_N3_I772     ; CLKBUF_CLUSTER_RE         ;
;   4.194 ;   0.000 ;    ; RE   ; 1      ; CLKBUF_CLUSTER_RE_X121_Y56_N3_I557     ; CLKBUF_CLUSTER_RE         ;
;   4.194 ;   0.000 ;    ; RE   ; 1      ; GCLK_CLUSTER_RE_X121_Y56_N6_I10        ; GCLK_CLUSTER_RE           ;
;   4.194 ;   0.000 ;    ; RE   ; 1      ; CLKBUFBLOCK_INPUT_X121_Y56_N7_I0       ; CLKBUFBLOCK_INPUT         ;
;   4.194 ;   0.000 ; RR ; IC   ; 1      ; CLKCTRL_G9                             ; rst_n~inputCLKENA0|inclk  ;
;   4.662 ;   0.468 ; RR ; CELL ; 2145   ; CLKCTRL_G9                             ; rst_n~inputCLKENA0|outclk ;
;   4.662 ;   0.000 ;    ; RE   ; 1      ; CLKCTRL_G9                             ; ARRIAV_CLKBUF             ;
;   4.662 ;   0.000 ;    ; RE   ; 1      ; CLKBUFBLOCK_OUTPUT_X121_Y56_N7_I2      ; CLKBUFBLOCK_OUTPUT        ;
;   4.662 ;   0.000 ;    ; RE   ; 1      ; GCLK_CLUSTER_RE_X121_Y56_N6_I12        ; GCLK_CLUSTER_RE           ;
;   4.662 ;   0.000 ;    ; RE   ; 1      ; CLKBUF_CLUSTER_RE_X121_Y56_N3_I416     ; CLKBUF_CLUSTER_RE         ;
;   5.720 ;   1.058 ;    ; RE   ; 16     ; GLOBAL_CLOCK_X0_Y58_N0_I9              ; GLOBAL_CLOCK              ;
;   5.906 ;   0.186 ;    ; RE   ; 12     ; SPINE_CLOCK_X45_Y30_N0_I22             ; SPINE_CLOCK               ;
;   6.364 ;   0.458 ;    ; RE   ; 1      ; SCLK_TO_ROWCLK_BUF_X45_Y41_N0_I133     ; SCLK_TO_ROWCLK_BUF        ;
;   6.452 ;   0.088 ;    ; RE   ; 1      ; SCLK_TO_ROWCLK_BUF_X45_Y41_N0_I137     ; SCLK_TO_ROWCLK_BUF        ;
;   6.890 ;   0.438 ;    ; RE   ; 1      ; LAB_CLK_X46_Y41_N0_I4                  ; LAB_CLK                   ;
;   7.043 ;   0.153 ;    ; RE   ; 1      ; BLK_CLK_BUF_X46_Y41_N0_I4              ; BLK_CLK_BUF               ;
;   7.100 ;   0.057 ;    ; RE   ; 1      ; ROWCLKSEL_PREBUF_X46_Y41_N0_I4         ; ROWCLKSEL_PREBUF          ;
;   7.140 ;   0.040 ;    ; RE   ; 1      ; ROWCLKSEL_X46_Y41_N0_I2                ; ROWCLKSEL                 ;
;   7.140 ;   0.000 ;    ; RE   ; 1      ; GLOBAL_LOCAL_SEL_X46_Y41_N0_I2         ; GLOBAL_LOCAL_SEL          ;
;   7.140 ;   0.000 ;    ; RE   ; 18     ; LAB_INPUT_X46_Y41_N0_I3                ; LAB_INPUT                 ;
;   7.140 ;   0.000 ; RR ; IC   ; 1      ; FF_X46_Y41_N34                         ; u_sig|y_raw[11]|clrn      ;
;   7.799 ;   0.659 ; RR ; CELL ; 1      ; FF_X46_Y41_N34                         ; sigmoid:u_sig|y_raw[11]   ;
+---------+---------+----+------+--------+----------------------------------------+---------------------------+

+---------------------------------------------------------------------------------------------------------+
; Data Required Path                                                                                      ;
+----------+---------+----+------+--------+-------------------------------------+-------------------------+
; Total    ; Incr    ; RF ; Type ; Fanout ; Location                            ; Element                 ;
+----------+---------+----+------+--------+-------------------------------------+-------------------------+
; 10.000   ; 10.000  ;    ;      ;        ;                                     ; latch edge time         ;
; 14.177   ; 4.177   ;    ;      ;        ;                                     ; clock path              ;
;   10.000 ;   0.000 ;    ;      ;        ;                                     ; source latency          ;
;   10.000 ;   0.000 ;    ;      ; 1      ; PIN_AC18                            ; clk                     ;
;   10.000 ;   0.000 ;    ; RE   ; 1      ; IOPAD_X54_Y0_N0                     ; ARRIAV_IO_PAD           ;
;   10.000 ;   0.000 ;    ; RE   ; 1      ; IO_PAD_OUTPUT_X54_Y0_N0_I1          ; IO_PAD_OUTPUT           ;
;   10.000 ;   0.000 ;    ; RE   ; 1      ; IO_INPUT_BUFFER_INPUT_X54_Y0_N1_I0  ; IO_INPUT_BUFFER_INPUT   ;
;   10.000 ;   0.000 ; RR ; IC   ; 1      ; IOIBUF_X54_Y0_N1                    ; clk~input|i             ;
;   10.917 ;   0.917 ; RR ; CELL ; 1      ; IOIBUF_X54_Y0_N1                    ; clk~input|o             ;
;   10.917 ;   0.000 ;    ; RE   ; 1      ; IOIBUF_X54_Y0_N1                    ; ARRIAV_IO_IBUF          ;
;   10.917 ;   0.000 ;    ; RE   ; 1      ; IO_INPUT_BUFFER_OUTPUT_X54_Y0_N1_I2 ; IO_INPUT_BUFFER_OUTPUT  ;
;   10.917 ;   0.000 ;    ; RE   ; 1      ; IO_RE_X54_Y0_N0_I96                 ; IO_RE                   ;
;   11.095 ;   0.178 ;    ; RE   ; 1      ; IO_RE_X54_Y0_N0_I66                 ; IO_RE                   ;
;   11.095 ;   0.000 ;    ; RE   ; 1      ; CLKBUF_CLUSTER_RE_X58_Y0_N0_I1614   ; CLKBUF_CLUSTER_RE       ;
;   11.095 ;   0.000 ;    ; RE   ; 1      ; CLKBUF_CLUSTER_RE_X58_Y0_N0_I616    ; CLKBUF_CLUSTER_RE       ;
;   11.095 ;   0.000 ;    ; RE   ; 1      ; GCLK_CLUSTER_RE_X58_Y0_N6_I10       ; GCLK_CLUSTER_RE         ;
;   11.095 ;   0.000 ;    ; RE   ; 1      ; CLKBUFBLOCK_INPUT_X58_Y0_N7_I0      ; CLKBUFBLOCK_INPUT       ;
;   11.095 ;   0.000 ; RR ; IC   ; 1      ; CLKCTRL_G6                          ; clk~inputCLKENA0|inclk  ;
;   11.407 ;   0.312 ; RR ; CELL ; 37157  ; CLKCTRL_G6                          ; clk~inputCLKENA0|outclk ;
;   11.407 ;   0.000 ;    ; RE   ; 1      ; CLKCTRL_G6                          ; ARRIAV_CLKBUF           ;
;   11.407 ;   0.000 ;    ; RE   ; 1      ; CLKBUFBLOCK_OUTPUT_X58_Y0_N7_I2     ; CLKBUFBLOCK_OUTPUT      ;
;   11.407 ;   0.000 ;    ; RE   ; 1      ; GCLK_CLUSTER_RE_X58_Y0_N6_I12       ; GCLK_CLUSTER_RE         ;
;   11.407 ;   0.000 ;    ; RE   ; 1      ; CLKBUF_CLUSTER_RE_X58_Y0_N0_I417    ; CLKBUF_CLUSTER_RE       ;
;   12.370 ;   0.963 ;    ; RE   ; 16     ; GLOBAL_CLOCK_X0_Y58_N0_I6           ; GLOBAL_CLOCK            ;
;   12.549 ;   0.179 ;    ; RE   ; 29     ; SPINE_CLOCK_X45_Y30_N0_I7           ; SPINE_CLOCK             ;
;   12.991 ;   0.442 ;    ; RE   ; 1      ; SCLK_TO_ROWCLK_BUF_X45_Y41_N0_I43   ; SCLK_TO_ROWCLK_BUF      ;
;   13.076 ;   0.085 ;    ; RE   ; 2      ; SCLK_TO_ROWCLK_BUF_X45_Y41_N0_I46   ; SCLK_TO_ROWCLK_BUF      ;
;   13.499 ;   0.423 ;    ; RE   ; 14     ; LAB_CLK_X46_Y41_N0_I5               ; LAB_CLK                 ;
;   13.640 ;   0.141 ;    ; RE   ; 1      ; BLK_CLK_BUF_X46_Y41_N0_I5           ; BLK_CLK_BUF             ;
;   13.697 ;   0.057 ;    ; RE   ; 1      ; ROWCLKSEL_PREBUF_X46_Y41_N0_I5      ; ROWCLKSEL_PREBUF        ;
;   13.733 ;   0.036 ;    ; RE   ; 1      ; ROWCLKSEL_X46_Y41_N0_I0             ; ROWCLKSEL               ;
;   13.733 ;   0.000 ;    ; RE   ; 2      ; GLOBAL_LOCAL_SEL_X46_Y41_N0_I0      ; GLOBAL_LOCAL_SEL        ;
;   13.733 ;   0.000 ;    ; RE   ; 17     ; LAB_INPUT_X46_Y41_N0_I1             ; LAB_INPUT               ;
;   13.733 ;   0.000 ; RR ; IC   ; 1      ; FF_X46_Y41_N34                      ; u_sig|y_raw[11]|clk     ;
;   14.177 ;   0.444 ; RR ; CELL ; 1      ; FF_X46_Y41_N34                      ; sigmoid:u_sig|y_raw[11] ;
; 14.077   ; -0.100  ;    ;      ;        ;                                     ; clock uncertainty       ;
; 14.077   ; 0.000   ;    ; uTsu ; 1      ; FF_X46_Y41_N34                      ; sigmoid:u_sig|y_raw[11] ;
+----------+---------+----+------+--------+-------------------------------------+-------------------------+

----------------------------
; Extra Fitter Information ;
----------------------------
HTML report is unavailable in plain text report export.


Path #25: Recovery slack is 6.278 
===============================================================================
+----------------------------------------------+
; Path Summary                                 ;
+--------------------+-------------------------+
; Property           ; Value                   ;
+--------------------+-------------------------+
; From Node          ; rst_n                   ;
; To Node            ; sigmoid:u_sig|y_raw[10] ;
; Launch Clock       ; clk                     ;
; Latch Clock        ; clk                     ;
; Data Arrival Time  ; 7.800                   ;
; Data Required Time ; 14.078                  ;
; Slack              ; 6.278                   ;
+--------------------+-------------------------+

+---------------------------------------------------------------------------------------+
; Statistics                                                                            ;
+---------------------------+--------+-------+-------------+------------+-------+-------+
; Property                  ; Value  ; Count ; Total Delay ; % of Total ; Min   ; Max   ;
+---------------------------+--------+-------+-------------+------------+-------+-------+
; Recovery Relationship     ; 10.000 ;       ;             ;            ;       ;       ;
; Clock Skew                ; 4.178  ;       ;             ;            ;       ;       ;
; Data Delay                ; 5.800  ;       ;             ;            ;       ;       ;
; Number of Logic Levels    ;        ; 2     ;             ;            ;       ;       ;
; Physical Delays           ;        ;       ;             ;            ;       ;       ;
;  Arrival Path             ;        ;       ;             ;            ;       ;       ;
;   Clock                   ;        ;       ;             ;            ;       ;       ;
;    Clock Network (Lumped) ;        ; 1     ; 0.000       ;            ; 0.000 ; 0.000 ;
;   Data                    ;        ;       ;             ;            ;       ;       ;
;    IC                     ;        ; 3     ; 0.000       ; 0          ; 0.000 ; 0.000 ;
;    Cell                   ;        ; 3     ; 2.821       ; 49         ; 0.468 ; 1.693 ;
;    Routing Element        ;        ; 26    ; 2.979       ; 51         ; 0.000 ; 1.058 ;
;  Required Path            ;        ;       ;             ;            ;       ;       ;
;   Clock                   ;        ;       ;             ;            ;       ;       ;
;    IC                     ;        ; 3     ; 0.000       ; 0          ; 0.000 ; 0.000 ;
;    Cell                   ;        ; 3     ; 1.674       ; 40         ; 0.312 ; 0.917 ;
;    Routing Element        ;        ; 25    ; 2.504       ; 60         ; 0.000 ; 0.963 ;
+---------------------------+--------+-------+-------------+------------+-------+-------+
Note: Negative delays are omitted from totals when calculating percentages

+-------------------------------------------------------------------------------------------------------------+
; Data Arrival Path                                                                                           ;
+---------+---------+----+------+--------+----------------------------------------+---------------------------+
; Total   ; Incr    ; RF ; Type ; Fanout ; Location                               ; Element                   ;
+---------+---------+----+------+--------+----------------------------------------+---------------------------+
; 0.000   ; 0.000   ;    ;      ;        ;                                        ; launch edge time          ;
; 0.000   ; 0.000   ;    ;      ;        ;                                        ; clock path                ;
;   0.000 ;   0.000 ; R  ;      ;        ;                                        ; clock network delay       ;
; 2.000   ; 2.000   ; R  ; iExt ; 1      ; PIN_V27                                ; rst_n                     ;
; 7.800   ; 5.800   ;    ;      ;        ;                                        ; data path                 ;
;   2.000 ;   0.000 ;    ; RE   ; 1      ; IOPAD_X121_Y51_N60                     ; ARRIAV_IO_PAD             ;
;   2.000 ;   0.000 ;    ; RE   ; 1      ; IO_PAD_OUTPUT_X121_Y51_N60_I1          ; IO_PAD_OUTPUT             ;
;   2.000 ;   0.000 ;    ; RE   ; 1      ; IO_INPUT_BUFFER_INPUT_X121_Y51_N61_I0  ; IO_INPUT_BUFFER_INPUT     ;
;   2.000 ;   0.000 ; RR ; IC   ; 1      ; IOIBUF_X121_Y51_N61                    ; rst_n~input|i             ;
;   3.693 ;   1.693 ; RR ; CELL ; 1294   ; IOIBUF_X121_Y51_N61                    ; rst_n~input|o             ;
;   3.693 ;   0.000 ;    ; RE   ; 1      ; IOIBUF_X121_Y51_N61                    ; ARRIAV_IO_IBUF            ;
;   3.693 ;   0.000 ;    ; RE   ; 1      ; IO_INPUT_BUFFER_OUTPUT_X121_Y51_N61_I2 ; IO_INPUT_BUFFER_OUTPUT    ;
;   3.693 ;   0.000 ;    ; RE   ; 2      ; IO_RE_X121_Y51_N60_I96                 ; IO_RE                     ;
;   3.880 ;   0.187 ;    ; RE   ; 1      ; IO_RE_X121_Y51_N60_I66                 ; IO_RE                     ;
;   4.194 ;   0.314 ;    ; RE   ; 1      ; CLKBUF_CLUSTER_RE_X121_Y56_N3_I421     ; CLKBUF_CLUSTER_RE         ;
;   4.194 ;   0.000 ;    ; RE   ; 1      ; CLKBUF_CLUSTER_RE_X121_Y56_N3_I772     ; CLKBUF_CLUSTER_RE         ;
;   4.194 ;   0.000 ;    ; RE   ; 1      ; CLKBUF_CLUSTER_RE_X121_Y56_N3_I557     ; CLKBUF_CLUSTER_RE         ;
;   4.194 ;   0.000 ;    ; RE   ; 1      ; GCLK_CLUSTER_RE_X121_Y56_N6_I10        ; GCLK_CLUSTER_RE           ;
;   4.194 ;   0.000 ;    ; RE   ; 1      ; CLKBUFBLOCK_INPUT_X121_Y56_N7_I0       ; CLKBUFBLOCK_INPUT         ;
;   4.194 ;   0.000 ; RR ; IC   ; 1      ; CLKCTRL_G9                             ; rst_n~inputCLKENA0|inclk  ;
;   4.662 ;   0.468 ; RR ; CELL ; 2145   ; CLKCTRL_G9                             ; rst_n~inputCLKENA0|outclk ;
;   4.662 ;   0.000 ;    ; RE   ; 1      ; CLKCTRL_G9                             ; ARRIAV_CLKBUF             ;
;   4.662 ;   0.000 ;    ; RE   ; 1      ; CLKBUFBLOCK_OUTPUT_X121_Y56_N7_I2      ; CLKBUFBLOCK_OUTPUT        ;
;   4.662 ;   0.000 ;    ; RE   ; 1      ; GCLK_CLUSTER_RE_X121_Y56_N6_I12        ; GCLK_CLUSTER_RE           ;
;   4.662 ;   0.000 ;    ; RE   ; 1      ; CLKBUF_CLUSTER_RE_X121_Y56_N3_I416     ; CLKBUF_CLUSTER_RE         ;
;   5.720 ;   1.058 ;    ; RE   ; 16     ; GLOBAL_CLOCK_X0_Y58_N0_I9              ; GLOBAL_CLOCK              ;
;   5.906 ;   0.186 ;    ; RE   ; 12     ; SPINE_CLOCK_X45_Y30_N0_I22             ; SPINE_CLOCK               ;
;   6.364 ;   0.458 ;    ; RE   ; 1      ; SCLK_TO_ROWCLK_BUF_X45_Y41_N0_I133     ; SCLK_TO_ROWCLK_BUF        ;
;   6.452 ;   0.088 ;    ; RE   ; 1      ; SCLK_TO_ROWCLK_BUF_X45_Y41_N0_I137     ; SCLK_TO_ROWCLK_BUF        ;
;   6.890 ;   0.438 ;    ; RE   ; 1      ; LAB_CLK_X46_Y41_N0_I4                  ; LAB_CLK                   ;
;   7.043 ;   0.153 ;    ; RE   ; 1      ; BLK_CLK_BUF_X46_Y41_N0_I4              ; BLK_CLK_BUF               ;
;   7.100 ;   0.057 ;    ; RE   ; 1      ; ROWCLKSEL_PREBUF_X46_Y41_N0_I4         ; ROWCLKSEL_PREBUF          ;
;   7.140 ;   0.040 ;    ; RE   ; 1      ; ROWCLKSEL_X46_Y41_N0_I2                ; ROWCLKSEL                 ;
;   7.140 ;   0.000 ;    ; RE   ; 1      ; GLOBAL_LOCAL_SEL_X46_Y41_N0_I2         ; GLOBAL_LOCAL_SEL          ;
;   7.140 ;   0.000 ;    ; RE   ; 18     ; LAB_INPUT_X46_Y41_N0_I3                ; LAB_INPUT                 ;
;   7.140 ;   0.000 ; RR ; IC   ; 1      ; FF_X46_Y41_N32                         ; u_sig|y_raw[10]|clrn      ;
;   7.800 ;   0.660 ; RR ; CELL ; 1      ; FF_X46_Y41_N32                         ; sigmoid:u_sig|y_raw[10]   ;
+---------+---------+----+------+--------+----------------------------------------+---------------------------+

+---------------------------------------------------------------------------------------------------------+
; Data Required Path                                                                                      ;
+----------+---------+----+------+--------+-------------------------------------+-------------------------+
; Total    ; Incr    ; RF ; Type ; Fanout ; Location                            ; Element                 ;
+----------+---------+----+------+--------+-------------------------------------+-------------------------+
; 10.000   ; 10.000  ;    ;      ;        ;                                     ; latch edge time         ;
; 14.178   ; 4.178   ;    ;      ;        ;                                     ; clock path              ;
;   10.000 ;   0.000 ;    ;      ;        ;                                     ; source latency          ;
;   10.000 ;   0.000 ;    ;      ; 1      ; PIN_AC18                            ; clk                     ;
;   10.000 ;   0.000 ;    ; RE   ; 1      ; IOPAD_X54_Y0_N0                     ; ARRIAV_IO_PAD           ;
;   10.000 ;   0.000 ;    ; RE   ; 1      ; IO_PAD_OUTPUT_X54_Y0_N0_I1          ; IO_PAD_OUTPUT           ;
;   10.000 ;   0.000 ;    ; RE   ; 1      ; IO_INPUT_BUFFER_INPUT_X54_Y0_N1_I0  ; IO_INPUT_BUFFER_INPUT   ;
;   10.000 ;   0.000 ; RR ; IC   ; 1      ; IOIBUF_X54_Y0_N1                    ; clk~input|i             ;
;   10.917 ;   0.917 ; RR ; CELL ; 1      ; IOIBUF_X54_Y0_N1                    ; clk~input|o             ;
;   10.917 ;   0.000 ;    ; RE   ; 1      ; IOIBUF_X54_Y0_N1                    ; ARRIAV_IO_IBUF          ;
;   10.917 ;   0.000 ;    ; RE   ; 1      ; IO_INPUT_BUFFER_OUTPUT_X54_Y0_N1_I2 ; IO_INPUT_BUFFER_OUTPUT  ;
;   10.917 ;   0.000 ;    ; RE   ; 1      ; IO_RE_X54_Y0_N0_I96                 ; IO_RE                   ;
;   11.095 ;   0.178 ;    ; RE   ; 1      ; IO_RE_X54_Y0_N0_I66                 ; IO_RE                   ;
;   11.095 ;   0.000 ;    ; RE   ; 1      ; CLKBUF_CLUSTER_RE_X58_Y0_N0_I1614   ; CLKBUF_CLUSTER_RE       ;
;   11.095 ;   0.000 ;    ; RE   ; 1      ; CLKBUF_CLUSTER_RE_X58_Y0_N0_I616    ; CLKBUF_CLUSTER_RE       ;
;   11.095 ;   0.000 ;    ; RE   ; 1      ; GCLK_CLUSTER_RE_X58_Y0_N6_I10       ; GCLK_CLUSTER_RE         ;
;   11.095 ;   0.000 ;    ; RE   ; 1      ; CLKBUFBLOCK_INPUT_X58_Y0_N7_I0      ; CLKBUFBLOCK_INPUT       ;
;   11.095 ;   0.000 ; RR ; IC   ; 1      ; CLKCTRL_G6                          ; clk~inputCLKENA0|inclk  ;
;   11.407 ;   0.312 ; RR ; CELL ; 37157  ; CLKCTRL_G6                          ; clk~inputCLKENA0|outclk ;
;   11.407 ;   0.000 ;    ; RE   ; 1      ; CLKCTRL_G6                          ; ARRIAV_CLKBUF           ;
;   11.407 ;   0.000 ;    ; RE   ; 1      ; CLKBUFBLOCK_OUTPUT_X58_Y0_N7_I2     ; CLKBUFBLOCK_OUTPUT      ;
;   11.407 ;   0.000 ;    ; RE   ; 1      ; GCLK_CLUSTER_RE_X58_Y0_N6_I12       ; GCLK_CLUSTER_RE         ;
;   11.407 ;   0.000 ;    ; RE   ; 1      ; CLKBUF_CLUSTER_RE_X58_Y0_N0_I417    ; CLKBUF_CLUSTER_RE       ;
;   12.370 ;   0.963 ;    ; RE   ; 16     ; GLOBAL_CLOCK_X0_Y58_N0_I6           ; GLOBAL_CLOCK            ;
;   12.549 ;   0.179 ;    ; RE   ; 29     ; SPINE_CLOCK_X45_Y30_N0_I7           ; SPINE_CLOCK             ;
;   12.991 ;   0.442 ;    ; RE   ; 1      ; SCLK_TO_ROWCLK_BUF_X45_Y41_N0_I43   ; SCLK_TO_ROWCLK_BUF      ;
;   13.076 ;   0.085 ;    ; RE   ; 2      ; SCLK_TO_ROWCLK_BUF_X45_Y41_N0_I46   ; SCLK_TO_ROWCLK_BUF      ;
;   13.499 ;   0.423 ;    ; RE   ; 14     ; LAB_CLK_X46_Y41_N0_I5               ; LAB_CLK                 ;
;   13.640 ;   0.141 ;    ; RE   ; 1      ; BLK_CLK_BUF_X46_Y41_N0_I5           ; BLK_CLK_BUF             ;
;   13.697 ;   0.057 ;    ; RE   ; 1      ; ROWCLKSEL_PREBUF_X46_Y41_N0_I5      ; ROWCLKSEL_PREBUF        ;
;   13.733 ;   0.036 ;    ; RE   ; 1      ; ROWCLKSEL_X46_Y41_N0_I0             ; ROWCLKSEL               ;
;   13.733 ;   0.000 ;    ; RE   ; 2      ; GLOBAL_LOCAL_SEL_X46_Y41_N0_I0      ; GLOBAL_LOCAL_SEL        ;
;   13.733 ;   0.000 ;    ; RE   ; 17     ; LAB_INPUT_X46_Y41_N0_I1             ; LAB_INPUT               ;
;   13.733 ;   0.000 ; RR ; IC   ; 1      ; FF_X46_Y41_N32                      ; u_sig|y_raw[10]|clk     ;
;   14.178 ;   0.445 ; RR ; CELL ; 1      ; FF_X46_Y41_N32                      ; sigmoid:u_sig|y_raw[10] ;
; 14.078   ; -0.100  ;    ;      ;        ;                                     ; clock uncertainty       ;
; 14.078   ; 0.000   ;    ; uTsu ; 1      ; FF_X46_Y41_N32                      ; sigmoid:u_sig|y_raw[10] ;
+----------+---------+----+------+--------+-------------------------------------+-------------------------+

----------------------------
; Extra Fitter Information ;
----------------------------
HTML report is unavailable in plain text report export.


Path #26: Recovery slack is 6.278 
===============================================================================
+---------------------------------------------+
; Path Summary                                ;
+--------------------+------------------------+
; Property           ; Value                  ;
+--------------------+------------------------+
; From Node          ; rst_n                  ;
; To Node            ; sigmoid:u_sig|y_raw[8] ;
; Launch Clock       ; clk                    ;
; Latch Clock        ; clk                    ;
; Data Arrival Time  ; 7.800                  ;
; Data Required Time ; 14.078                 ;
; Slack              ; 6.278                  ;
+--------------------+------------------------+

+---------------------------------------------------------------------------------------+
; Statistics                                                                            ;
+---------------------------+--------+-------+-------------+------------+-------+-------+
; Property                  ; Value  ; Count ; Total Delay ; % of Total ; Min   ; Max   ;
+---------------------------+--------+-------+-------------+------------+-------+-------+
; Recovery Relationship     ; 10.000 ;       ;             ;            ;       ;       ;
; Clock Skew                ; 4.178  ;       ;             ;            ;       ;       ;
; Data Delay                ; 5.800  ;       ;             ;            ;       ;       ;
; Number of Logic Levels    ;        ; 2     ;             ;            ;       ;       ;
; Physical Delays           ;        ;       ;             ;            ;       ;       ;
;  Arrival Path             ;        ;       ;             ;            ;       ;       ;
;   Clock                   ;        ;       ;             ;            ;       ;       ;
;    Clock Network (Lumped) ;        ; 1     ; 0.000       ;            ; 0.000 ; 0.000 ;
;   Data                    ;        ;       ;             ;            ;       ;       ;
;    IC                     ;        ; 3     ; 0.000       ; 0          ; 0.000 ; 0.000 ;
;    Cell                   ;        ; 3     ; 2.821       ; 49         ; 0.468 ; 1.693 ;
;    Routing Element        ;        ; 26    ; 2.979       ; 51         ; 0.000 ; 1.058 ;
;  Required Path            ;        ;       ;             ;            ;       ;       ;
;   Clock                   ;        ;       ;             ;            ;       ;       ;
;    IC                     ;        ; 3     ; 0.000       ; 0          ; 0.000 ; 0.000 ;
;    Cell                   ;        ; 3     ; 1.674       ; 40         ; 0.312 ; 0.917 ;
;    Routing Element        ;        ; 25    ; 2.504       ; 60         ; 0.000 ; 0.963 ;
+---------------------------+--------+-------+-------------+------------+-------+-------+
Note: Negative delays are omitted from totals when calculating percentages

+-------------------------------------------------------------------------------------------------------------+
; Data Arrival Path                                                                                           ;
+---------+---------+----+------+--------+----------------------------------------+---------------------------+
; Total   ; Incr    ; RF ; Type ; Fanout ; Location                               ; Element                   ;
+---------+---------+----+------+--------+----------------------------------------+---------------------------+
; 0.000   ; 0.000   ;    ;      ;        ;                                        ; launch edge time          ;
; 0.000   ; 0.000   ;    ;      ;        ;                                        ; clock path                ;
;   0.000 ;   0.000 ; R  ;      ;        ;                                        ; clock network delay       ;
; 2.000   ; 2.000   ; R  ; iExt ; 1      ; PIN_V27                                ; rst_n                     ;
; 7.800   ; 5.800   ;    ;      ;        ;                                        ; data path                 ;
;   2.000 ;   0.000 ;    ; RE   ; 1      ; IOPAD_X121_Y51_N60                     ; ARRIAV_IO_PAD             ;
;   2.000 ;   0.000 ;    ; RE   ; 1      ; IO_PAD_OUTPUT_X121_Y51_N60_I1          ; IO_PAD_OUTPUT             ;
;   2.000 ;   0.000 ;    ; RE   ; 1      ; IO_INPUT_BUFFER_INPUT_X121_Y51_N61_I0  ; IO_INPUT_BUFFER_INPUT     ;
;   2.000 ;   0.000 ; RR ; IC   ; 1      ; IOIBUF_X121_Y51_N61                    ; rst_n~input|i             ;
;   3.693 ;   1.693 ; RR ; CELL ; 1294   ; IOIBUF_X121_Y51_N61                    ; rst_n~input|o             ;
;   3.693 ;   0.000 ;    ; RE   ; 1      ; IOIBUF_X121_Y51_N61                    ; ARRIAV_IO_IBUF            ;
;   3.693 ;   0.000 ;    ; RE   ; 1      ; IO_INPUT_BUFFER_OUTPUT_X121_Y51_N61_I2 ; IO_INPUT_BUFFER_OUTPUT    ;
;   3.693 ;   0.000 ;    ; RE   ; 2      ; IO_RE_X121_Y51_N60_I96                 ; IO_RE                     ;
;   3.880 ;   0.187 ;    ; RE   ; 1      ; IO_RE_X121_Y51_N60_I66                 ; IO_RE                     ;
;   4.194 ;   0.314 ;    ; RE   ; 1      ; CLKBUF_CLUSTER_RE_X121_Y56_N3_I421     ; CLKBUF_CLUSTER_RE         ;
;   4.194 ;   0.000 ;    ; RE   ; 1      ; CLKBUF_CLUSTER_RE_X121_Y56_N3_I772     ; CLKBUF_CLUSTER_RE         ;
;   4.194 ;   0.000 ;    ; RE   ; 1      ; CLKBUF_CLUSTER_RE_X121_Y56_N3_I557     ; CLKBUF_CLUSTER_RE         ;
;   4.194 ;   0.000 ;    ; RE   ; 1      ; GCLK_CLUSTER_RE_X121_Y56_N6_I10        ; GCLK_CLUSTER_RE           ;
;   4.194 ;   0.000 ;    ; RE   ; 1      ; CLKBUFBLOCK_INPUT_X121_Y56_N7_I0       ; CLKBUFBLOCK_INPUT         ;
;   4.194 ;   0.000 ; RR ; IC   ; 1      ; CLKCTRL_G9                             ; rst_n~inputCLKENA0|inclk  ;
;   4.662 ;   0.468 ; RR ; CELL ; 2145   ; CLKCTRL_G9                             ; rst_n~inputCLKENA0|outclk ;
;   4.662 ;   0.000 ;    ; RE   ; 1      ; CLKCTRL_G9                             ; ARRIAV_CLKBUF             ;
;   4.662 ;   0.000 ;    ; RE   ; 1      ; CLKBUFBLOCK_OUTPUT_X121_Y56_N7_I2      ; CLKBUFBLOCK_OUTPUT        ;
;   4.662 ;   0.000 ;    ; RE   ; 1      ; GCLK_CLUSTER_RE_X121_Y56_N6_I12        ; GCLK_CLUSTER_RE           ;
;   4.662 ;   0.000 ;    ; RE   ; 1      ; CLKBUF_CLUSTER_RE_X121_Y56_N3_I416     ; CLKBUF_CLUSTER_RE         ;
;   5.720 ;   1.058 ;    ; RE   ; 16     ; GLOBAL_CLOCK_X0_Y58_N0_I9              ; GLOBAL_CLOCK              ;
;   5.906 ;   0.186 ;    ; RE   ; 12     ; SPINE_CLOCK_X45_Y30_N0_I22             ; SPINE_CLOCK               ;
;   6.364 ;   0.458 ;    ; RE   ; 1      ; SCLK_TO_ROWCLK_BUF_X45_Y41_N0_I133     ; SCLK_TO_ROWCLK_BUF        ;
;   6.452 ;   0.088 ;    ; RE   ; 1      ; SCLK_TO_ROWCLK_BUF_X45_Y41_N0_I137     ; SCLK_TO_ROWCLK_BUF        ;
;   6.890 ;   0.438 ;    ; RE   ; 1      ; LAB_CLK_X46_Y41_N0_I4                  ; LAB_CLK                   ;
;   7.043 ;   0.153 ;    ; RE   ; 1      ; BLK_CLK_BUF_X46_Y41_N0_I4              ; BLK_CLK_BUF               ;
;   7.100 ;   0.057 ;    ; RE   ; 1      ; ROWCLKSEL_PREBUF_X46_Y41_N0_I4         ; ROWCLKSEL_PREBUF          ;
;   7.140 ;   0.040 ;    ; RE   ; 1      ; ROWCLKSEL_X46_Y41_N0_I2                ; ROWCLKSEL                 ;
;   7.140 ;   0.000 ;    ; RE   ; 1      ; GLOBAL_LOCAL_SEL_X46_Y41_N0_I2         ; GLOBAL_LOCAL_SEL          ;
;   7.140 ;   0.000 ;    ; RE   ; 18     ; LAB_INPUT_X46_Y41_N0_I3                ; LAB_INPUT                 ;
;   7.140 ;   0.000 ; RR ; IC   ; 1      ; FF_X46_Y41_N26                         ; u_sig|y_raw[8]|clrn       ;
;   7.800 ;   0.660 ; RR ; CELL ; 1      ; FF_X46_Y41_N26                         ; sigmoid:u_sig|y_raw[8]    ;
+---------+---------+----+------+--------+----------------------------------------+---------------------------+

+---------------------------------------------------------------------------------------------------------+
; Data Required Path                                                                                      ;
+----------+---------+----+------+--------+-------------------------------------+-------------------------+
; Total    ; Incr    ; RF ; Type ; Fanout ; Location                            ; Element                 ;
+----------+---------+----+------+--------+-------------------------------------+-------------------------+
; 10.000   ; 10.000  ;    ;      ;        ;                                     ; latch edge time         ;
; 14.178   ; 4.178   ;    ;      ;        ;                                     ; clock path              ;
;   10.000 ;   0.000 ;    ;      ;        ;                                     ; source latency          ;
;   10.000 ;   0.000 ;    ;      ; 1      ; PIN_AC18                            ; clk                     ;
;   10.000 ;   0.000 ;    ; RE   ; 1      ; IOPAD_X54_Y0_N0                     ; ARRIAV_IO_PAD           ;
;   10.000 ;   0.000 ;    ; RE   ; 1      ; IO_PAD_OUTPUT_X54_Y0_N0_I1          ; IO_PAD_OUTPUT           ;
;   10.000 ;   0.000 ;    ; RE   ; 1      ; IO_INPUT_BUFFER_INPUT_X54_Y0_N1_I0  ; IO_INPUT_BUFFER_INPUT   ;
;   10.000 ;   0.000 ; RR ; IC   ; 1      ; IOIBUF_X54_Y0_N1                    ; clk~input|i             ;
;   10.917 ;   0.917 ; RR ; CELL ; 1      ; IOIBUF_X54_Y0_N1                    ; clk~input|o             ;
;   10.917 ;   0.000 ;    ; RE   ; 1      ; IOIBUF_X54_Y0_N1                    ; ARRIAV_IO_IBUF          ;
;   10.917 ;   0.000 ;    ; RE   ; 1      ; IO_INPUT_BUFFER_OUTPUT_X54_Y0_N1_I2 ; IO_INPUT_BUFFER_OUTPUT  ;
;   10.917 ;   0.000 ;    ; RE   ; 1      ; IO_RE_X54_Y0_N0_I96                 ; IO_RE                   ;
;   11.095 ;   0.178 ;    ; RE   ; 1      ; IO_RE_X54_Y0_N0_I66                 ; IO_RE                   ;
;   11.095 ;   0.000 ;    ; RE   ; 1      ; CLKBUF_CLUSTER_RE_X58_Y0_N0_I1614   ; CLKBUF_CLUSTER_RE       ;
;   11.095 ;   0.000 ;    ; RE   ; 1      ; CLKBUF_CLUSTER_RE_X58_Y0_N0_I616    ; CLKBUF_CLUSTER_RE       ;
;   11.095 ;   0.000 ;    ; RE   ; 1      ; GCLK_CLUSTER_RE_X58_Y0_N6_I10       ; GCLK_CLUSTER_RE         ;
;   11.095 ;   0.000 ;    ; RE   ; 1      ; CLKBUFBLOCK_INPUT_X58_Y0_N7_I0      ; CLKBUFBLOCK_INPUT       ;
;   11.095 ;   0.000 ; RR ; IC   ; 1      ; CLKCTRL_G6                          ; clk~inputCLKENA0|inclk  ;
;   11.407 ;   0.312 ; RR ; CELL ; 37157  ; CLKCTRL_G6                          ; clk~inputCLKENA0|outclk ;
;   11.407 ;   0.000 ;    ; RE   ; 1      ; CLKCTRL_G6                          ; ARRIAV_CLKBUF           ;
;   11.407 ;   0.000 ;    ; RE   ; 1      ; CLKBUFBLOCK_OUTPUT_X58_Y0_N7_I2     ; CLKBUFBLOCK_OUTPUT      ;
;   11.407 ;   0.000 ;    ; RE   ; 1      ; GCLK_CLUSTER_RE_X58_Y0_N6_I12       ; GCLK_CLUSTER_RE         ;
;   11.407 ;   0.000 ;    ; RE   ; 1      ; CLKBUF_CLUSTER_RE_X58_Y0_N0_I417    ; CLKBUF_CLUSTER_RE       ;
;   12.370 ;   0.963 ;    ; RE   ; 16     ; GLOBAL_CLOCK_X0_Y58_N0_I6           ; GLOBAL_CLOCK            ;
;   12.549 ;   0.179 ;    ; RE   ; 29     ; SPINE_CLOCK_X45_Y30_N0_I7           ; SPINE_CLOCK             ;
;   12.991 ;   0.442 ;    ; RE   ; 1      ; SCLK_TO_ROWCLK_BUF_X45_Y41_N0_I43   ; SCLK_TO_ROWCLK_BUF      ;
;   13.076 ;   0.085 ;    ; RE   ; 2      ; SCLK_TO_ROWCLK_BUF_X45_Y41_N0_I46   ; SCLK_TO_ROWCLK_BUF      ;
;   13.499 ;   0.423 ;    ; RE   ; 14     ; LAB_CLK_X46_Y41_N0_I5               ; LAB_CLK                 ;
;   13.640 ;   0.141 ;    ; RE   ; 1      ; BLK_CLK_BUF_X46_Y41_N0_I5           ; BLK_CLK_BUF             ;
;   13.697 ;   0.057 ;    ; RE   ; 1      ; ROWCLKSEL_PREBUF_X46_Y41_N0_I5      ; ROWCLKSEL_PREBUF        ;
;   13.733 ;   0.036 ;    ; RE   ; 1      ; ROWCLKSEL_X46_Y41_N0_I0             ; ROWCLKSEL               ;
;   13.733 ;   0.000 ;    ; RE   ; 2      ; GLOBAL_LOCAL_SEL_X46_Y41_N0_I0      ; GLOBAL_LOCAL_SEL        ;
;   13.733 ;   0.000 ;    ; RE   ; 17     ; LAB_INPUT_X46_Y41_N0_I1             ; LAB_INPUT               ;
;   13.733 ;   0.000 ; RR ; IC   ; 1      ; FF_X46_Y41_N26                      ; u_sig|y_raw[8]|clk      ;
;   14.178 ;   0.445 ; RR ; CELL ; 1      ; FF_X46_Y41_N26                      ; sigmoid:u_sig|y_raw[8]  ;
; 14.078   ; -0.100  ;    ;      ;        ;                                     ; clock uncertainty       ;
; 14.078   ; 0.000   ;    ; uTsu ; 1      ; FF_X46_Y41_N26                      ; sigmoid:u_sig|y_raw[8]  ;
+----------+---------+----+------+--------+-------------------------------------+-------------------------+

----------------------------
; Extra Fitter Information ;
----------------------------
HTML report is unavailable in plain text report export.


Path #27: Recovery slack is 6.278 
===============================================================================
+---------------------------------------------+
; Path Summary                                ;
+--------------------+------------------------+
; Property           ; Value                  ;
+--------------------+------------------------+
; From Node          ; rst_n                  ;
; To Node            ; sigmoid:u_sig|y_raw[7] ;
; Launch Clock       ; clk                    ;
; Latch Clock        ; clk                    ;
; Data Arrival Time  ; 7.799                  ;
; Data Required Time ; 14.077                 ;
; Slack              ; 6.278                  ;
+--------------------+------------------------+

+---------------------------------------------------------------------------------------+
; Statistics                                                                            ;
+---------------------------+--------+-------+-------------+------------+-------+-------+
; Property                  ; Value  ; Count ; Total Delay ; % of Total ; Min   ; Max   ;
+---------------------------+--------+-------+-------------+------------+-------+-------+
; Recovery Relationship     ; 10.000 ;       ;             ;            ;       ;       ;
; Clock Skew                ; 4.177  ;       ;             ;            ;       ;       ;
; Data Delay                ; 5.799  ;       ;             ;            ;       ;       ;
; Number of Logic Levels    ;        ; 2     ;             ;            ;       ;       ;
; Physical Delays           ;        ;       ;             ;            ;       ;       ;
;  Arrival Path             ;        ;       ;             ;            ;       ;       ;
;   Clock                   ;        ;       ;             ;            ;       ;       ;
;    Clock Network (Lumped) ;        ; 1     ; 0.000       ;            ; 0.000 ; 0.000 ;
;   Data                    ;        ;       ;             ;            ;       ;       ;
;    IC                     ;        ; 3     ; 0.000       ; 0          ; 0.000 ; 0.000 ;
;    Cell                   ;        ; 3     ; 2.820       ; 49         ; 0.468 ; 1.693 ;
;    Routing Element        ;        ; 26    ; 2.979       ; 51         ; 0.000 ; 1.058 ;
;  Required Path            ;        ;       ;             ;            ;       ;       ;
;   Clock                   ;        ;       ;             ;            ;       ;       ;
;    IC                     ;        ; 3     ; 0.000       ; 0          ; 0.000 ; 0.000 ;
;    Cell                   ;        ; 3     ; 1.673       ; 40         ; 0.312 ; 0.917 ;
;    Routing Element        ;        ; 25    ; 2.504       ; 60         ; 0.000 ; 0.963 ;
+---------------------------+--------+-------+-------------+------------+-------+-------+
Note: Negative delays are omitted from totals when calculating percentages

+-------------------------------------------------------------------------------------------------------------+
; Data Arrival Path                                                                                           ;
+---------+---------+----+------+--------+----------------------------------------+---------------------------+
; Total   ; Incr    ; RF ; Type ; Fanout ; Location                               ; Element                   ;
+---------+---------+----+------+--------+----------------------------------------+---------------------------+
; 0.000   ; 0.000   ;    ;      ;        ;                                        ; launch edge time          ;
; 0.000   ; 0.000   ;    ;      ;        ;                                        ; clock path                ;
;   0.000 ;   0.000 ; R  ;      ;        ;                                        ; clock network delay       ;
; 2.000   ; 2.000   ; R  ; iExt ; 1      ; PIN_V27                                ; rst_n                     ;
; 7.799   ; 5.799   ;    ;      ;        ;                                        ; data path                 ;
;   2.000 ;   0.000 ;    ; RE   ; 1      ; IOPAD_X121_Y51_N60                     ; ARRIAV_IO_PAD             ;
;   2.000 ;   0.000 ;    ; RE   ; 1      ; IO_PAD_OUTPUT_X121_Y51_N60_I1          ; IO_PAD_OUTPUT             ;
;   2.000 ;   0.000 ;    ; RE   ; 1      ; IO_INPUT_BUFFER_INPUT_X121_Y51_N61_I0  ; IO_INPUT_BUFFER_INPUT     ;
;   2.000 ;   0.000 ; RR ; IC   ; 1      ; IOIBUF_X121_Y51_N61                    ; rst_n~input|i             ;
;   3.693 ;   1.693 ; RR ; CELL ; 1294   ; IOIBUF_X121_Y51_N61                    ; rst_n~input|o             ;
;   3.693 ;   0.000 ;    ; RE   ; 1      ; IOIBUF_X121_Y51_N61                    ; ARRIAV_IO_IBUF            ;
;   3.693 ;   0.000 ;    ; RE   ; 1      ; IO_INPUT_BUFFER_OUTPUT_X121_Y51_N61_I2 ; IO_INPUT_BUFFER_OUTPUT    ;
;   3.693 ;   0.000 ;    ; RE   ; 2      ; IO_RE_X121_Y51_N60_I96                 ; IO_RE                     ;
;   3.880 ;   0.187 ;    ; RE   ; 1      ; IO_RE_X121_Y51_N60_I66                 ; IO_RE                     ;
;   4.194 ;   0.314 ;    ; RE   ; 1      ; CLKBUF_CLUSTER_RE_X121_Y56_N3_I421     ; CLKBUF_CLUSTER_RE         ;
;   4.194 ;   0.000 ;    ; RE   ; 1      ; CLKBUF_CLUSTER_RE_X121_Y56_N3_I772     ; CLKBUF_CLUSTER_RE         ;
;   4.194 ;   0.000 ;    ; RE   ; 1      ; CLKBUF_CLUSTER_RE_X121_Y56_N3_I557     ; CLKBUF_CLUSTER_RE         ;
;   4.194 ;   0.000 ;    ; RE   ; 1      ; GCLK_CLUSTER_RE_X121_Y56_N6_I10        ; GCLK_CLUSTER_RE           ;
;   4.194 ;   0.000 ;    ; RE   ; 1      ; CLKBUFBLOCK_INPUT_X121_Y56_N7_I0       ; CLKBUFBLOCK_INPUT         ;
;   4.194 ;   0.000 ; RR ; IC   ; 1      ; CLKCTRL_G9                             ; rst_n~inputCLKENA0|inclk  ;
;   4.662 ;   0.468 ; RR ; CELL ; 2145   ; CLKCTRL_G9                             ; rst_n~inputCLKENA0|outclk ;
;   4.662 ;   0.000 ;    ; RE   ; 1      ; CLKCTRL_G9                             ; ARRIAV_CLKBUF             ;
;   4.662 ;   0.000 ;    ; RE   ; 1      ; CLKBUFBLOCK_OUTPUT_X121_Y56_N7_I2      ; CLKBUFBLOCK_OUTPUT        ;
;   4.662 ;   0.000 ;    ; RE   ; 1      ; GCLK_CLUSTER_RE_X121_Y56_N6_I12        ; GCLK_CLUSTER_RE           ;
;   4.662 ;   0.000 ;    ; RE   ; 1      ; CLKBUF_CLUSTER_RE_X121_Y56_N3_I416     ; CLKBUF_CLUSTER_RE         ;
;   5.720 ;   1.058 ;    ; RE   ; 16     ; GLOBAL_CLOCK_X0_Y58_N0_I9              ; GLOBAL_CLOCK              ;
;   5.906 ;   0.186 ;    ; RE   ; 12     ; SPINE_CLOCK_X45_Y30_N0_I22             ; SPINE_CLOCK               ;
;   6.364 ;   0.458 ;    ; RE   ; 1      ; SCLK_TO_ROWCLK_BUF_X45_Y41_N0_I133     ; SCLK_TO_ROWCLK_BUF        ;
;   6.452 ;   0.088 ;    ; RE   ; 1      ; SCLK_TO_ROWCLK_BUF_X45_Y41_N0_I137     ; SCLK_TO_ROWCLK_BUF        ;
;   6.890 ;   0.438 ;    ; RE   ; 1      ; LAB_CLK_X46_Y41_N0_I4                  ; LAB_CLK                   ;
;   7.043 ;   0.153 ;    ; RE   ; 1      ; BLK_CLK_BUF_X46_Y41_N0_I4              ; BLK_CLK_BUF               ;
;   7.100 ;   0.057 ;    ; RE   ; 1      ; ROWCLKSEL_PREBUF_X46_Y41_N0_I4         ; ROWCLKSEL_PREBUF          ;
;   7.140 ;   0.040 ;    ; RE   ; 1      ; ROWCLKSEL_X46_Y41_N0_I2                ; ROWCLKSEL                 ;
;   7.140 ;   0.000 ;    ; RE   ; 1      ; GLOBAL_LOCAL_SEL_X46_Y41_N0_I2         ; GLOBAL_LOCAL_SEL          ;
;   7.140 ;   0.000 ;    ; RE   ; 18     ; LAB_INPUT_X46_Y41_N0_I3                ; LAB_INPUT                 ;
;   7.140 ;   0.000 ; RR ; IC   ; 1      ; FF_X46_Y41_N22                         ; u_sig|y_raw[7]|clrn       ;
;   7.799 ;   0.659 ; RR ; CELL ; 1      ; FF_X46_Y41_N22                         ; sigmoid:u_sig|y_raw[7]    ;
+---------+---------+----+------+--------+----------------------------------------+---------------------------+

+---------------------------------------------------------------------------------------------------------+
; Data Required Path                                                                                      ;
+----------+---------+----+------+--------+-------------------------------------+-------------------------+
; Total    ; Incr    ; RF ; Type ; Fanout ; Location                            ; Element                 ;
+----------+---------+----+------+--------+-------------------------------------+-------------------------+
; 10.000   ; 10.000  ;    ;      ;        ;                                     ; latch edge time         ;
; 14.177   ; 4.177   ;    ;      ;        ;                                     ; clock path              ;
;   10.000 ;   0.000 ;    ;      ;        ;                                     ; source latency          ;
;   10.000 ;   0.000 ;    ;      ; 1      ; PIN_AC18                            ; clk                     ;
;   10.000 ;   0.000 ;    ; RE   ; 1      ; IOPAD_X54_Y0_N0                     ; ARRIAV_IO_PAD           ;
;   10.000 ;   0.000 ;    ; RE   ; 1      ; IO_PAD_OUTPUT_X54_Y0_N0_I1          ; IO_PAD_OUTPUT           ;
;   10.000 ;   0.000 ;    ; RE   ; 1      ; IO_INPUT_BUFFER_INPUT_X54_Y0_N1_I0  ; IO_INPUT_BUFFER_INPUT   ;
;   10.000 ;   0.000 ; RR ; IC   ; 1      ; IOIBUF_X54_Y0_N1                    ; clk~input|i             ;
;   10.917 ;   0.917 ; RR ; CELL ; 1      ; IOIBUF_X54_Y0_N1                    ; clk~input|o             ;
;   10.917 ;   0.000 ;    ; RE   ; 1      ; IOIBUF_X54_Y0_N1                    ; ARRIAV_IO_IBUF          ;
;   10.917 ;   0.000 ;    ; RE   ; 1      ; IO_INPUT_BUFFER_OUTPUT_X54_Y0_N1_I2 ; IO_INPUT_BUFFER_OUTPUT  ;
;   10.917 ;   0.000 ;    ; RE   ; 1      ; IO_RE_X54_Y0_N0_I96                 ; IO_RE                   ;
;   11.095 ;   0.178 ;    ; RE   ; 1      ; IO_RE_X54_Y0_N0_I66                 ; IO_RE                   ;
;   11.095 ;   0.000 ;    ; RE   ; 1      ; CLKBUF_CLUSTER_RE_X58_Y0_N0_I1614   ; CLKBUF_CLUSTER_RE       ;
;   11.095 ;   0.000 ;    ; RE   ; 1      ; CLKBUF_CLUSTER_RE_X58_Y0_N0_I616    ; CLKBUF_CLUSTER_RE       ;
;   11.095 ;   0.000 ;    ; RE   ; 1      ; GCLK_CLUSTER_RE_X58_Y0_N6_I10       ; GCLK_CLUSTER_RE         ;
;   11.095 ;   0.000 ;    ; RE   ; 1      ; CLKBUFBLOCK_INPUT_X58_Y0_N7_I0      ; CLKBUFBLOCK_INPUT       ;
;   11.095 ;   0.000 ; RR ; IC   ; 1      ; CLKCTRL_G6                          ; clk~inputCLKENA0|inclk  ;
;   11.407 ;   0.312 ; RR ; CELL ; 37157  ; CLKCTRL_G6                          ; clk~inputCLKENA0|outclk ;
;   11.407 ;   0.000 ;    ; RE   ; 1      ; CLKCTRL_G6                          ; ARRIAV_CLKBUF           ;
;   11.407 ;   0.000 ;    ; RE   ; 1      ; CLKBUFBLOCK_OUTPUT_X58_Y0_N7_I2     ; CLKBUFBLOCK_OUTPUT      ;
;   11.407 ;   0.000 ;    ; RE   ; 1      ; GCLK_CLUSTER_RE_X58_Y0_N6_I12       ; GCLK_CLUSTER_RE         ;
;   11.407 ;   0.000 ;    ; RE   ; 1      ; CLKBUF_CLUSTER_RE_X58_Y0_N0_I417    ; CLKBUF_CLUSTER_RE       ;
;   12.370 ;   0.963 ;    ; RE   ; 16     ; GLOBAL_CLOCK_X0_Y58_N0_I6           ; GLOBAL_CLOCK            ;
;   12.549 ;   0.179 ;    ; RE   ; 29     ; SPINE_CLOCK_X45_Y30_N0_I7           ; SPINE_CLOCK             ;
;   12.991 ;   0.442 ;    ; RE   ; 1      ; SCLK_TO_ROWCLK_BUF_X45_Y41_N0_I43   ; SCLK_TO_ROWCLK_BUF      ;
;   13.076 ;   0.085 ;    ; RE   ; 2      ; SCLK_TO_ROWCLK_BUF_X45_Y41_N0_I46   ; SCLK_TO_ROWCLK_BUF      ;
;   13.499 ;   0.423 ;    ; RE   ; 14     ; LAB_CLK_X46_Y41_N0_I5               ; LAB_CLK                 ;
;   13.640 ;   0.141 ;    ; RE   ; 1      ; BLK_CLK_BUF_X46_Y41_N0_I5           ; BLK_CLK_BUF             ;
;   13.697 ;   0.057 ;    ; RE   ; 1      ; ROWCLKSEL_PREBUF_X46_Y41_N0_I5      ; ROWCLKSEL_PREBUF        ;
;   13.733 ;   0.036 ;    ; RE   ; 1      ; ROWCLKSEL_X46_Y41_N0_I0             ; ROWCLKSEL               ;
;   13.733 ;   0.000 ;    ; RE   ; 2      ; GLOBAL_LOCAL_SEL_X46_Y41_N0_I0      ; GLOBAL_LOCAL_SEL        ;
;   13.733 ;   0.000 ;    ; RE   ; 17     ; LAB_INPUT_X46_Y41_N0_I1             ; LAB_INPUT               ;
;   13.733 ;   0.000 ; RR ; IC   ; 1      ; FF_X46_Y41_N22                      ; u_sig|y_raw[7]|clk      ;
;   14.177 ;   0.444 ; RR ; CELL ; 1      ; FF_X46_Y41_N22                      ; sigmoid:u_sig|y_raw[7]  ;
; 14.077   ; -0.100  ;    ;      ;        ;                                     ; clock uncertainty       ;
; 14.077   ; 0.000   ;    ; uTsu ; 1      ; FF_X46_Y41_N22                      ; sigmoid:u_sig|y_raw[7]  ;
+----------+---------+----+------+--------+-------------------------------------+-------------------------+

----------------------------
; Extra Fitter Information ;
----------------------------
HTML report is unavailable in plain text report export.


Path #28: Recovery slack is 6.278 
===============================================================================
+---------------------------------------------+
; Path Summary                                ;
+--------------------+------------------------+
; Property           ; Value                  ;
+--------------------+------------------------+
; From Node          ; rst_n                  ;
; To Node            ; sigmoid:u_sig|y_raw[5] ;
; Launch Clock       ; clk                    ;
; Latch Clock        ; clk                    ;
; Data Arrival Time  ; 7.799                  ;
; Data Required Time ; 14.077                 ;
; Slack              ; 6.278                  ;
+--------------------+------------------------+

+---------------------------------------------------------------------------------------+
; Statistics                                                                            ;
+---------------------------+--------+-------+-------------+------------+-------+-------+
; Property                  ; Value  ; Count ; Total Delay ; % of Total ; Min   ; Max   ;
+---------------------------+--------+-------+-------------+------------+-------+-------+
; Recovery Relationship     ; 10.000 ;       ;             ;            ;       ;       ;
; Clock Skew                ; 4.177  ;       ;             ;            ;       ;       ;
; Data Delay                ; 5.799  ;       ;             ;            ;       ;       ;
; Number of Logic Levels    ;        ; 2     ;             ;            ;       ;       ;
; Physical Delays           ;        ;       ;             ;            ;       ;       ;
;  Arrival Path             ;        ;       ;             ;            ;       ;       ;
;   Clock                   ;        ;       ;             ;            ;       ;       ;
;    Clock Network (Lumped) ;        ; 1     ; 0.000       ;            ; 0.000 ; 0.000 ;
;   Data                    ;        ;       ;             ;            ;       ;       ;
;    IC                     ;        ; 3     ; 0.000       ; 0          ; 0.000 ; 0.000 ;
;    Cell                   ;        ; 3     ; 2.820       ; 49         ; 0.468 ; 1.693 ;
;    Routing Element        ;        ; 26    ; 2.979       ; 51         ; 0.000 ; 1.058 ;
;  Required Path            ;        ;       ;             ;            ;       ;       ;
;   Clock                   ;        ;       ;             ;            ;       ;       ;
;    IC                     ;        ; 3     ; 0.000       ; 0          ; 0.000 ; 0.000 ;
;    Cell                   ;        ; 3     ; 1.673       ; 40         ; 0.312 ; 0.917 ;
;    Routing Element        ;        ; 25    ; 2.504       ; 60         ; 0.000 ; 0.963 ;
+---------------------------+--------+-------+-------------+------------+-------+-------+
Note: Negative delays are omitted from totals when calculating percentages

+-------------------------------------------------------------------------------------------------------------+
; Data Arrival Path                                                                                           ;
+---------+---------+----+------+--------+----------------------------------------+---------------------------+
; Total   ; Incr    ; RF ; Type ; Fanout ; Location                               ; Element                   ;
+---------+---------+----+------+--------+----------------------------------------+---------------------------+
; 0.000   ; 0.000   ;    ;      ;        ;                                        ; launch edge time          ;
; 0.000   ; 0.000   ;    ;      ;        ;                                        ; clock path                ;
;   0.000 ;   0.000 ; R  ;      ;        ;                                        ; clock network delay       ;
; 2.000   ; 2.000   ; R  ; iExt ; 1      ; PIN_V27                                ; rst_n                     ;
; 7.799   ; 5.799   ;    ;      ;        ;                                        ; data path                 ;
;   2.000 ;   0.000 ;    ; RE   ; 1      ; IOPAD_X121_Y51_N60                     ; ARRIAV_IO_PAD             ;
;   2.000 ;   0.000 ;    ; RE   ; 1      ; IO_PAD_OUTPUT_X121_Y51_N60_I1          ; IO_PAD_OUTPUT             ;
;   2.000 ;   0.000 ;    ; RE   ; 1      ; IO_INPUT_BUFFER_INPUT_X121_Y51_N61_I0  ; IO_INPUT_BUFFER_INPUT     ;
;   2.000 ;   0.000 ; RR ; IC   ; 1      ; IOIBUF_X121_Y51_N61                    ; rst_n~input|i             ;
;   3.693 ;   1.693 ; RR ; CELL ; 1294   ; IOIBUF_X121_Y51_N61                    ; rst_n~input|o             ;
;   3.693 ;   0.000 ;    ; RE   ; 1      ; IOIBUF_X121_Y51_N61                    ; ARRIAV_IO_IBUF            ;
;   3.693 ;   0.000 ;    ; RE   ; 1      ; IO_INPUT_BUFFER_OUTPUT_X121_Y51_N61_I2 ; IO_INPUT_BUFFER_OUTPUT    ;
;   3.693 ;   0.000 ;    ; RE   ; 2      ; IO_RE_X121_Y51_N60_I96                 ; IO_RE                     ;
;   3.880 ;   0.187 ;    ; RE   ; 1      ; IO_RE_X121_Y51_N60_I66                 ; IO_RE                     ;
;   4.194 ;   0.314 ;    ; RE   ; 1      ; CLKBUF_CLUSTER_RE_X121_Y56_N3_I421     ; CLKBUF_CLUSTER_RE         ;
;   4.194 ;   0.000 ;    ; RE   ; 1      ; CLKBUF_CLUSTER_RE_X121_Y56_N3_I772     ; CLKBUF_CLUSTER_RE         ;
;   4.194 ;   0.000 ;    ; RE   ; 1      ; CLKBUF_CLUSTER_RE_X121_Y56_N3_I557     ; CLKBUF_CLUSTER_RE         ;
;   4.194 ;   0.000 ;    ; RE   ; 1      ; GCLK_CLUSTER_RE_X121_Y56_N6_I10        ; GCLK_CLUSTER_RE           ;
;   4.194 ;   0.000 ;    ; RE   ; 1      ; CLKBUFBLOCK_INPUT_X121_Y56_N7_I0       ; CLKBUFBLOCK_INPUT         ;
;   4.194 ;   0.000 ; RR ; IC   ; 1      ; CLKCTRL_G9                             ; rst_n~inputCLKENA0|inclk  ;
;   4.662 ;   0.468 ; RR ; CELL ; 2145   ; CLKCTRL_G9                             ; rst_n~inputCLKENA0|outclk ;
;   4.662 ;   0.000 ;    ; RE   ; 1      ; CLKCTRL_G9                             ; ARRIAV_CLKBUF             ;
;   4.662 ;   0.000 ;    ; RE   ; 1      ; CLKBUFBLOCK_OUTPUT_X121_Y56_N7_I2      ; CLKBUFBLOCK_OUTPUT        ;
;   4.662 ;   0.000 ;    ; RE   ; 1      ; GCLK_CLUSTER_RE_X121_Y56_N6_I12        ; GCLK_CLUSTER_RE           ;
;   4.662 ;   0.000 ;    ; RE   ; 1      ; CLKBUF_CLUSTER_RE_X121_Y56_N3_I416     ; CLKBUF_CLUSTER_RE         ;
;   5.720 ;   1.058 ;    ; RE   ; 16     ; GLOBAL_CLOCK_X0_Y58_N0_I9              ; GLOBAL_CLOCK              ;
;   5.906 ;   0.186 ;    ; RE   ; 12     ; SPINE_CLOCK_X45_Y30_N0_I22             ; SPINE_CLOCK               ;
;   6.364 ;   0.458 ;    ; RE   ; 1      ; SCLK_TO_ROWCLK_BUF_X45_Y41_N0_I133     ; SCLK_TO_ROWCLK_BUF        ;
;   6.452 ;   0.088 ;    ; RE   ; 1      ; SCLK_TO_ROWCLK_BUF_X45_Y41_N0_I137     ; SCLK_TO_ROWCLK_BUF        ;
;   6.890 ;   0.438 ;    ; RE   ; 1      ; LAB_CLK_X46_Y41_N0_I4                  ; LAB_CLK                   ;
;   7.043 ;   0.153 ;    ; RE   ; 1      ; BLK_CLK_BUF_X46_Y41_N0_I4              ; BLK_CLK_BUF               ;
;   7.100 ;   0.057 ;    ; RE   ; 1      ; ROWCLKSEL_PREBUF_X46_Y41_N0_I4         ; ROWCLKSEL_PREBUF          ;
;   7.140 ;   0.040 ;    ; RE   ; 1      ; ROWCLKSEL_X46_Y41_N0_I2                ; ROWCLKSEL                 ;
;   7.140 ;   0.000 ;    ; RE   ; 1      ; GLOBAL_LOCAL_SEL_X46_Y41_N0_I2         ; GLOBAL_LOCAL_SEL          ;
;   7.140 ;   0.000 ;    ; RE   ; 18     ; LAB_INPUT_X46_Y41_N0_I3                ; LAB_INPUT                 ;
;   7.140 ;   0.000 ; RR ; IC   ; 1      ; FF_X46_Y41_N16                         ; u_sig|y_raw[5]|clrn       ;
;   7.799 ;   0.659 ; RR ; CELL ; 1      ; FF_X46_Y41_N16                         ; sigmoid:u_sig|y_raw[5]    ;
+---------+---------+----+------+--------+----------------------------------------+---------------------------+

+---------------------------------------------------------------------------------------------------------+
; Data Required Path                                                                                      ;
+----------+---------+----+------+--------+-------------------------------------+-------------------------+
; Total    ; Incr    ; RF ; Type ; Fanout ; Location                            ; Element                 ;
+----------+---------+----+------+--------+-------------------------------------+-------------------------+
; 10.000   ; 10.000  ;    ;      ;        ;                                     ; latch edge time         ;
; 14.177   ; 4.177   ;    ;      ;        ;                                     ; clock path              ;
;   10.000 ;   0.000 ;    ;      ;        ;                                     ; source latency          ;
;   10.000 ;   0.000 ;    ;      ; 1      ; PIN_AC18                            ; clk                     ;
;   10.000 ;   0.000 ;    ; RE   ; 1      ; IOPAD_X54_Y0_N0                     ; ARRIAV_IO_PAD           ;
;   10.000 ;   0.000 ;    ; RE   ; 1      ; IO_PAD_OUTPUT_X54_Y0_N0_I1          ; IO_PAD_OUTPUT           ;
;   10.000 ;   0.000 ;    ; RE   ; 1      ; IO_INPUT_BUFFER_INPUT_X54_Y0_N1_I0  ; IO_INPUT_BUFFER_INPUT   ;
;   10.000 ;   0.000 ; RR ; IC   ; 1      ; IOIBUF_X54_Y0_N1                    ; clk~input|i             ;
;   10.917 ;   0.917 ; RR ; CELL ; 1      ; IOIBUF_X54_Y0_N1                    ; clk~input|o             ;
;   10.917 ;   0.000 ;    ; RE   ; 1      ; IOIBUF_X54_Y0_N1                    ; ARRIAV_IO_IBUF          ;
;   10.917 ;   0.000 ;    ; RE   ; 1      ; IO_INPUT_BUFFER_OUTPUT_X54_Y0_N1_I2 ; IO_INPUT_BUFFER_OUTPUT  ;
;   10.917 ;   0.000 ;    ; RE   ; 1      ; IO_RE_X54_Y0_N0_I96                 ; IO_RE                   ;
;   11.095 ;   0.178 ;    ; RE   ; 1      ; IO_RE_X54_Y0_N0_I66                 ; IO_RE                   ;
;   11.095 ;   0.000 ;    ; RE   ; 1      ; CLKBUF_CLUSTER_RE_X58_Y0_N0_I1614   ; CLKBUF_CLUSTER_RE       ;
;   11.095 ;   0.000 ;    ; RE   ; 1      ; CLKBUF_CLUSTER_RE_X58_Y0_N0_I616    ; CLKBUF_CLUSTER_RE       ;
;   11.095 ;   0.000 ;    ; RE   ; 1      ; GCLK_CLUSTER_RE_X58_Y0_N6_I10       ; GCLK_CLUSTER_RE         ;
;   11.095 ;   0.000 ;    ; RE   ; 1      ; CLKBUFBLOCK_INPUT_X58_Y0_N7_I0      ; CLKBUFBLOCK_INPUT       ;
;   11.095 ;   0.000 ; RR ; IC   ; 1      ; CLKCTRL_G6                          ; clk~inputCLKENA0|inclk  ;
;   11.407 ;   0.312 ; RR ; CELL ; 37157  ; CLKCTRL_G6                          ; clk~inputCLKENA0|outclk ;
;   11.407 ;   0.000 ;    ; RE   ; 1      ; CLKCTRL_G6                          ; ARRIAV_CLKBUF           ;
;   11.407 ;   0.000 ;    ; RE   ; 1      ; CLKBUFBLOCK_OUTPUT_X58_Y0_N7_I2     ; CLKBUFBLOCK_OUTPUT      ;
;   11.407 ;   0.000 ;    ; RE   ; 1      ; GCLK_CLUSTER_RE_X58_Y0_N6_I12       ; GCLK_CLUSTER_RE         ;
;   11.407 ;   0.000 ;    ; RE   ; 1      ; CLKBUF_CLUSTER_RE_X58_Y0_N0_I417    ; CLKBUF_CLUSTER_RE       ;
;   12.370 ;   0.963 ;    ; RE   ; 16     ; GLOBAL_CLOCK_X0_Y58_N0_I6           ; GLOBAL_CLOCK            ;
;   12.549 ;   0.179 ;    ; RE   ; 29     ; SPINE_CLOCK_X45_Y30_N0_I7           ; SPINE_CLOCK             ;
;   12.991 ;   0.442 ;    ; RE   ; 1      ; SCLK_TO_ROWCLK_BUF_X45_Y41_N0_I43   ; SCLK_TO_ROWCLK_BUF      ;
;   13.076 ;   0.085 ;    ; RE   ; 2      ; SCLK_TO_ROWCLK_BUF_X45_Y41_N0_I46   ; SCLK_TO_ROWCLK_BUF      ;
;   13.499 ;   0.423 ;    ; RE   ; 14     ; LAB_CLK_X46_Y41_N0_I5               ; LAB_CLK                 ;
;   13.640 ;   0.141 ;    ; RE   ; 1      ; BLK_CLK_BUF_X46_Y41_N0_I5           ; BLK_CLK_BUF             ;
;   13.697 ;   0.057 ;    ; RE   ; 1      ; ROWCLKSEL_PREBUF_X46_Y41_N0_I5      ; ROWCLKSEL_PREBUF        ;
;   13.733 ;   0.036 ;    ; RE   ; 1      ; ROWCLKSEL_X46_Y41_N0_I0             ; ROWCLKSEL               ;
;   13.733 ;   0.000 ;    ; RE   ; 2      ; GLOBAL_LOCAL_SEL_X46_Y41_N0_I0      ; GLOBAL_LOCAL_SEL        ;
;   13.733 ;   0.000 ;    ; RE   ; 17     ; LAB_INPUT_X46_Y41_N0_I1             ; LAB_INPUT               ;
;   13.733 ;   0.000 ; RR ; IC   ; 1      ; FF_X46_Y41_N16                      ; u_sig|y_raw[5]|clk      ;
;   14.177 ;   0.444 ; RR ; CELL ; 1      ; FF_X46_Y41_N16                      ; sigmoid:u_sig|y_raw[5]  ;
; 14.077   ; -0.100  ;    ;      ;        ;                                     ; clock uncertainty       ;
; 14.077   ; 0.000   ;    ; uTsu ; 1      ; FF_X46_Y41_N16                      ; sigmoid:u_sig|y_raw[5]  ;
+----------+---------+----+------+--------+-------------------------------------+-------------------------+

----------------------------
; Extra Fitter Information ;
----------------------------
HTML report is unavailable in plain text report export.


Path #29: Recovery slack is 6.278 
===============================================================================
+---------------------------------------------+
; Path Summary                                ;
+--------------------+------------------------+
; Property           ; Value                  ;
+--------------------+------------------------+
; From Node          ; rst_n                  ;
; To Node            ; sigmoid:u_sig|y_raw[3] ;
; Launch Clock       ; clk                    ;
; Latch Clock        ; clk                    ;
; Data Arrival Time  ; 7.799                  ;
; Data Required Time ; 14.077                 ;
; Slack              ; 6.278                  ;
+--------------------+------------------------+

+---------------------------------------------------------------------------------------+
; Statistics                                                                            ;
+---------------------------+--------+-------+-------------+------------+-------+-------+
; Property                  ; Value  ; Count ; Total Delay ; % of Total ; Min   ; Max   ;
+---------------------------+--------+-------+-------------+------------+-------+-------+
; Recovery Relationship     ; 10.000 ;       ;             ;            ;       ;       ;
; Clock Skew                ; 4.177  ;       ;             ;            ;       ;       ;
; Data Delay                ; 5.799  ;       ;             ;            ;       ;       ;
; Number of Logic Levels    ;        ; 2     ;             ;            ;       ;       ;
; Physical Delays           ;        ;       ;             ;            ;       ;       ;
;  Arrival Path             ;        ;       ;             ;            ;       ;       ;
;   Clock                   ;        ;       ;             ;            ;       ;       ;
;    Clock Network (Lumped) ;        ; 1     ; 0.000       ;            ; 0.000 ; 0.000 ;
;   Data                    ;        ;       ;             ;            ;       ;       ;
;    IC                     ;        ; 3     ; 0.000       ; 0          ; 0.000 ; 0.000 ;
;    Cell                   ;        ; 3     ; 2.820       ; 49         ; 0.468 ; 1.693 ;
;    Routing Element        ;        ; 26    ; 2.979       ; 51         ; 0.000 ; 1.058 ;
;  Required Path            ;        ;       ;             ;            ;       ;       ;
;   Clock                   ;        ;       ;             ;            ;       ;       ;
;    IC                     ;        ; 3     ; 0.000       ; 0          ; 0.000 ; 0.000 ;
;    Cell                   ;        ; 3     ; 1.673       ; 40         ; 0.312 ; 0.917 ;
;    Routing Element        ;        ; 25    ; 2.504       ; 60         ; 0.000 ; 0.963 ;
+---------------------------+--------+-------+-------------+------------+-------+-------+
Note: Negative delays are omitted from totals when calculating percentages

+-------------------------------------------------------------------------------------------------------------+
; Data Arrival Path                                                                                           ;
+---------+---------+----+------+--------+----------------------------------------+---------------------------+
; Total   ; Incr    ; RF ; Type ; Fanout ; Location                               ; Element                   ;
+---------+---------+----+------+--------+----------------------------------------+---------------------------+
; 0.000   ; 0.000   ;    ;      ;        ;                                        ; launch edge time          ;
; 0.000   ; 0.000   ;    ;      ;        ;                                        ; clock path                ;
;   0.000 ;   0.000 ; R  ;      ;        ;                                        ; clock network delay       ;
; 2.000   ; 2.000   ; R  ; iExt ; 1      ; PIN_V27                                ; rst_n                     ;
; 7.799   ; 5.799   ;    ;      ;        ;                                        ; data path                 ;
;   2.000 ;   0.000 ;    ; RE   ; 1      ; IOPAD_X121_Y51_N60                     ; ARRIAV_IO_PAD             ;
;   2.000 ;   0.000 ;    ; RE   ; 1      ; IO_PAD_OUTPUT_X121_Y51_N60_I1          ; IO_PAD_OUTPUT             ;
;   2.000 ;   0.000 ;    ; RE   ; 1      ; IO_INPUT_BUFFER_INPUT_X121_Y51_N61_I0  ; IO_INPUT_BUFFER_INPUT     ;
;   2.000 ;   0.000 ; RR ; IC   ; 1      ; IOIBUF_X121_Y51_N61                    ; rst_n~input|i             ;
;   3.693 ;   1.693 ; RR ; CELL ; 1294   ; IOIBUF_X121_Y51_N61                    ; rst_n~input|o             ;
;   3.693 ;   0.000 ;    ; RE   ; 1      ; IOIBUF_X121_Y51_N61                    ; ARRIAV_IO_IBUF            ;
;   3.693 ;   0.000 ;    ; RE   ; 1      ; IO_INPUT_BUFFER_OUTPUT_X121_Y51_N61_I2 ; IO_INPUT_BUFFER_OUTPUT    ;
;   3.693 ;   0.000 ;    ; RE   ; 2      ; IO_RE_X121_Y51_N60_I96                 ; IO_RE                     ;
;   3.880 ;   0.187 ;    ; RE   ; 1      ; IO_RE_X121_Y51_N60_I66                 ; IO_RE                     ;
;   4.194 ;   0.314 ;    ; RE   ; 1      ; CLKBUF_CLUSTER_RE_X121_Y56_N3_I421     ; CLKBUF_CLUSTER_RE         ;
;   4.194 ;   0.000 ;    ; RE   ; 1      ; CLKBUF_CLUSTER_RE_X121_Y56_N3_I772     ; CLKBUF_CLUSTER_RE         ;
;   4.194 ;   0.000 ;    ; RE   ; 1      ; CLKBUF_CLUSTER_RE_X121_Y56_N3_I557     ; CLKBUF_CLUSTER_RE         ;
;   4.194 ;   0.000 ;    ; RE   ; 1      ; GCLK_CLUSTER_RE_X121_Y56_N6_I10        ; GCLK_CLUSTER_RE           ;
;   4.194 ;   0.000 ;    ; RE   ; 1      ; CLKBUFBLOCK_INPUT_X121_Y56_N7_I0       ; CLKBUFBLOCK_INPUT         ;
;   4.194 ;   0.000 ; RR ; IC   ; 1      ; CLKCTRL_G9                             ; rst_n~inputCLKENA0|inclk  ;
;   4.662 ;   0.468 ; RR ; CELL ; 2145   ; CLKCTRL_G9                             ; rst_n~inputCLKENA0|outclk ;
;   4.662 ;   0.000 ;    ; RE   ; 1      ; CLKCTRL_G9                             ; ARRIAV_CLKBUF             ;
;   4.662 ;   0.000 ;    ; RE   ; 1      ; CLKBUFBLOCK_OUTPUT_X121_Y56_N7_I2      ; CLKBUFBLOCK_OUTPUT        ;
;   4.662 ;   0.000 ;    ; RE   ; 1      ; GCLK_CLUSTER_RE_X121_Y56_N6_I12        ; GCLK_CLUSTER_RE           ;
;   4.662 ;   0.000 ;    ; RE   ; 1      ; CLKBUF_CLUSTER_RE_X121_Y56_N3_I416     ; CLKBUF_CLUSTER_RE         ;
;   5.720 ;   1.058 ;    ; RE   ; 16     ; GLOBAL_CLOCK_X0_Y58_N0_I9              ; GLOBAL_CLOCK              ;
;   5.906 ;   0.186 ;    ; RE   ; 12     ; SPINE_CLOCK_X45_Y30_N0_I22             ; SPINE_CLOCK               ;
;   6.364 ;   0.458 ;    ; RE   ; 1      ; SCLK_TO_ROWCLK_BUF_X45_Y41_N0_I133     ; SCLK_TO_ROWCLK_BUF        ;
;   6.452 ;   0.088 ;    ; RE   ; 1      ; SCLK_TO_ROWCLK_BUF_X45_Y41_N0_I137     ; SCLK_TO_ROWCLK_BUF        ;
;   6.890 ;   0.438 ;    ; RE   ; 1      ; LAB_CLK_X46_Y41_N0_I4                  ; LAB_CLK                   ;
;   7.043 ;   0.153 ;    ; RE   ; 1      ; BLK_CLK_BUF_X46_Y41_N0_I4              ; BLK_CLK_BUF               ;
;   7.100 ;   0.057 ;    ; RE   ; 1      ; ROWCLKSEL_PREBUF_X46_Y41_N0_I4         ; ROWCLKSEL_PREBUF          ;
;   7.140 ;   0.040 ;    ; RE   ; 1      ; ROWCLKSEL_X46_Y41_N0_I2                ; ROWCLKSEL                 ;
;   7.140 ;   0.000 ;    ; RE   ; 1      ; GLOBAL_LOCAL_SEL_X46_Y41_N0_I2         ; GLOBAL_LOCAL_SEL          ;
;   7.140 ;   0.000 ;    ; RE   ; 18     ; LAB_INPUT_X46_Y41_N0_I3                ; LAB_INPUT                 ;
;   7.140 ;   0.000 ; RR ; IC   ; 1      ; FF_X46_Y41_N10                         ; u_sig|y_raw[3]|clrn       ;
;   7.799 ;   0.659 ; RR ; CELL ; 1      ; FF_X46_Y41_N10                         ; sigmoid:u_sig|y_raw[3]    ;
+---------+---------+----+------+--------+----------------------------------------+---------------------------+

+---------------------------------------------------------------------------------------------------------+
; Data Required Path                                                                                      ;
+----------+---------+----+------+--------+-------------------------------------+-------------------------+
; Total    ; Incr    ; RF ; Type ; Fanout ; Location                            ; Element                 ;
+----------+---------+----+------+--------+-------------------------------------+-------------------------+
; 10.000   ; 10.000  ;    ;      ;        ;                                     ; latch edge time         ;
; 14.177   ; 4.177   ;    ;      ;        ;                                     ; clock path              ;
;   10.000 ;   0.000 ;    ;      ;        ;                                     ; source latency          ;
;   10.000 ;   0.000 ;    ;      ; 1      ; PIN_AC18                            ; clk                     ;
;   10.000 ;   0.000 ;    ; RE   ; 1      ; IOPAD_X54_Y0_N0                     ; ARRIAV_IO_PAD           ;
;   10.000 ;   0.000 ;    ; RE   ; 1      ; IO_PAD_OUTPUT_X54_Y0_N0_I1          ; IO_PAD_OUTPUT           ;
;   10.000 ;   0.000 ;    ; RE   ; 1      ; IO_INPUT_BUFFER_INPUT_X54_Y0_N1_I0  ; IO_INPUT_BUFFER_INPUT   ;
;   10.000 ;   0.000 ; RR ; IC   ; 1      ; IOIBUF_X54_Y0_N1                    ; clk~input|i             ;
;   10.917 ;   0.917 ; RR ; CELL ; 1      ; IOIBUF_X54_Y0_N1                    ; clk~input|o             ;
;   10.917 ;   0.000 ;    ; RE   ; 1      ; IOIBUF_X54_Y0_N1                    ; ARRIAV_IO_IBUF          ;
;   10.917 ;   0.000 ;    ; RE   ; 1      ; IO_INPUT_BUFFER_OUTPUT_X54_Y0_N1_I2 ; IO_INPUT_BUFFER_OUTPUT  ;
;   10.917 ;   0.000 ;    ; RE   ; 1      ; IO_RE_X54_Y0_N0_I96                 ; IO_RE                   ;
;   11.095 ;   0.178 ;    ; RE   ; 1      ; IO_RE_X54_Y0_N0_I66                 ; IO_RE                   ;
;   11.095 ;   0.000 ;    ; RE   ; 1      ; CLKBUF_CLUSTER_RE_X58_Y0_N0_I1614   ; CLKBUF_CLUSTER_RE       ;
;   11.095 ;   0.000 ;    ; RE   ; 1      ; CLKBUF_CLUSTER_RE_X58_Y0_N0_I616    ; CLKBUF_CLUSTER_RE       ;
;   11.095 ;   0.000 ;    ; RE   ; 1      ; GCLK_CLUSTER_RE_X58_Y0_N6_I10       ; GCLK_CLUSTER_RE         ;
;   11.095 ;   0.000 ;    ; RE   ; 1      ; CLKBUFBLOCK_INPUT_X58_Y0_N7_I0      ; CLKBUFBLOCK_INPUT       ;
;   11.095 ;   0.000 ; RR ; IC   ; 1      ; CLKCTRL_G6                          ; clk~inputCLKENA0|inclk  ;
;   11.407 ;   0.312 ; RR ; CELL ; 37157  ; CLKCTRL_G6                          ; clk~inputCLKENA0|outclk ;
;   11.407 ;   0.000 ;    ; RE   ; 1      ; CLKCTRL_G6                          ; ARRIAV_CLKBUF           ;
;   11.407 ;   0.000 ;    ; RE   ; 1      ; CLKBUFBLOCK_OUTPUT_X58_Y0_N7_I2     ; CLKBUFBLOCK_OUTPUT      ;
;   11.407 ;   0.000 ;    ; RE   ; 1      ; GCLK_CLUSTER_RE_X58_Y0_N6_I12       ; GCLK_CLUSTER_RE         ;
;   11.407 ;   0.000 ;    ; RE   ; 1      ; CLKBUF_CLUSTER_RE_X58_Y0_N0_I417    ; CLKBUF_CLUSTER_RE       ;
;   12.370 ;   0.963 ;    ; RE   ; 16     ; GLOBAL_CLOCK_X0_Y58_N0_I6           ; GLOBAL_CLOCK            ;
;   12.549 ;   0.179 ;    ; RE   ; 29     ; SPINE_CLOCK_X45_Y30_N0_I7           ; SPINE_CLOCK             ;
;   12.991 ;   0.442 ;    ; RE   ; 1      ; SCLK_TO_ROWCLK_BUF_X45_Y41_N0_I43   ; SCLK_TO_ROWCLK_BUF      ;
;   13.076 ;   0.085 ;    ; RE   ; 2      ; SCLK_TO_ROWCLK_BUF_X45_Y41_N0_I46   ; SCLK_TO_ROWCLK_BUF      ;
;   13.499 ;   0.423 ;    ; RE   ; 14     ; LAB_CLK_X46_Y41_N0_I5               ; LAB_CLK                 ;
;   13.640 ;   0.141 ;    ; RE   ; 1      ; BLK_CLK_BUF_X46_Y41_N0_I5           ; BLK_CLK_BUF             ;
;   13.697 ;   0.057 ;    ; RE   ; 1      ; ROWCLKSEL_PREBUF_X46_Y41_N0_I5      ; ROWCLKSEL_PREBUF        ;
;   13.733 ;   0.036 ;    ; RE   ; 1      ; ROWCLKSEL_X46_Y41_N0_I0             ; ROWCLKSEL               ;
;   13.733 ;   0.000 ;    ; RE   ; 2      ; GLOBAL_LOCAL_SEL_X46_Y41_N0_I0      ; GLOBAL_LOCAL_SEL        ;
;   13.733 ;   0.000 ;    ; RE   ; 17     ; LAB_INPUT_X46_Y41_N0_I1             ; LAB_INPUT               ;
;   13.733 ;   0.000 ; RR ; IC   ; 1      ; FF_X46_Y41_N10                      ; u_sig|y_raw[3]|clk      ;
;   14.177 ;   0.444 ; RR ; CELL ; 1      ; FF_X46_Y41_N10                      ; sigmoid:u_sig|y_raw[3]  ;
; 14.077   ; -0.100  ;    ;      ;        ;                                     ; clock uncertainty       ;
; 14.077   ; 0.000   ;    ; uTsu ; 1      ; FF_X46_Y41_N10                      ; sigmoid:u_sig|y_raw[3]  ;
+----------+---------+----+------+--------+-------------------------------------+-------------------------+

----------------------------
; Extra Fitter Information ;
----------------------------
HTML report is unavailable in plain text report export.


Path #30: Recovery slack is 6.278 
===============================================================================
+---------------------------------------------+
; Path Summary                                ;
+--------------------+------------------------+
; Property           ; Value                  ;
+--------------------+------------------------+
; From Node          ; rst_n                  ;
; To Node            ; sigmoid:u_sig|y_raw[2] ;
; Launch Clock       ; clk                    ;
; Latch Clock        ; clk                    ;
; Data Arrival Time  ; 7.800                  ;
; Data Required Time ; 14.078                 ;
; Slack              ; 6.278                  ;
+--------------------+------------------------+

+---------------------------------------------------------------------------------------+
; Statistics                                                                            ;
+---------------------------+--------+-------+-------------+------------+-------+-------+
; Property                  ; Value  ; Count ; Total Delay ; % of Total ; Min   ; Max   ;
+---------------------------+--------+-------+-------------+------------+-------+-------+
; Recovery Relationship     ; 10.000 ;       ;             ;            ;       ;       ;
; Clock Skew                ; 4.178  ;       ;             ;            ;       ;       ;
; Data Delay                ; 5.800  ;       ;             ;            ;       ;       ;
; Number of Logic Levels    ;        ; 2     ;             ;            ;       ;       ;
; Physical Delays           ;        ;       ;             ;            ;       ;       ;
;  Arrival Path             ;        ;       ;             ;            ;       ;       ;
;   Clock                   ;        ;       ;             ;            ;       ;       ;
;    Clock Network (Lumped) ;        ; 1     ; 0.000       ;            ; 0.000 ; 0.000 ;
;   Data                    ;        ;       ;             ;            ;       ;       ;
;    IC                     ;        ; 3     ; 0.000       ; 0          ; 0.000 ; 0.000 ;
;    Cell                   ;        ; 3     ; 2.821       ; 49         ; 0.468 ; 1.693 ;
;    Routing Element        ;        ; 26    ; 2.979       ; 51         ; 0.000 ; 1.058 ;
;  Required Path            ;        ;       ;             ;            ;       ;       ;
;   Clock                   ;        ;       ;             ;            ;       ;       ;
;    IC                     ;        ; 3     ; 0.000       ; 0          ; 0.000 ; 0.000 ;
;    Cell                   ;        ; 3     ; 1.674       ; 40         ; 0.312 ; 0.917 ;
;    Routing Element        ;        ; 25    ; 2.504       ; 60         ; 0.000 ; 0.963 ;
+---------------------------+--------+-------+-------------+------------+-------+-------+
Note: Negative delays are omitted from totals when calculating percentages

+-------------------------------------------------------------------------------------------------------------+
; Data Arrival Path                                                                                           ;
+---------+---------+----+------+--------+----------------------------------------+---------------------------+
; Total   ; Incr    ; RF ; Type ; Fanout ; Location                               ; Element                   ;
+---------+---------+----+------+--------+----------------------------------------+---------------------------+
; 0.000   ; 0.000   ;    ;      ;        ;                                        ; launch edge time          ;
; 0.000   ; 0.000   ;    ;      ;        ;                                        ; clock path                ;
;   0.000 ;   0.000 ; R  ;      ;        ;                                        ; clock network delay       ;
; 2.000   ; 2.000   ; R  ; iExt ; 1      ; PIN_V27                                ; rst_n                     ;
; 7.800   ; 5.800   ;    ;      ;        ;                                        ; data path                 ;
;   2.000 ;   0.000 ;    ; RE   ; 1      ; IOPAD_X121_Y51_N60                     ; ARRIAV_IO_PAD             ;
;   2.000 ;   0.000 ;    ; RE   ; 1      ; IO_PAD_OUTPUT_X121_Y51_N60_I1          ; IO_PAD_OUTPUT             ;
;   2.000 ;   0.000 ;    ; RE   ; 1      ; IO_INPUT_BUFFER_INPUT_X121_Y51_N61_I0  ; IO_INPUT_BUFFER_INPUT     ;
;   2.000 ;   0.000 ; RR ; IC   ; 1      ; IOIBUF_X121_Y51_N61                    ; rst_n~input|i             ;
;   3.693 ;   1.693 ; RR ; CELL ; 1294   ; IOIBUF_X121_Y51_N61                    ; rst_n~input|o             ;
;   3.693 ;   0.000 ;    ; RE   ; 1      ; IOIBUF_X121_Y51_N61                    ; ARRIAV_IO_IBUF            ;
;   3.693 ;   0.000 ;    ; RE   ; 1      ; IO_INPUT_BUFFER_OUTPUT_X121_Y51_N61_I2 ; IO_INPUT_BUFFER_OUTPUT    ;
;   3.693 ;   0.000 ;    ; RE   ; 2      ; IO_RE_X121_Y51_N60_I96                 ; IO_RE                     ;
;   3.880 ;   0.187 ;    ; RE   ; 1      ; IO_RE_X121_Y51_N60_I66                 ; IO_RE                     ;
;   4.194 ;   0.314 ;    ; RE   ; 1      ; CLKBUF_CLUSTER_RE_X121_Y56_N3_I421     ; CLKBUF_CLUSTER_RE         ;
;   4.194 ;   0.000 ;    ; RE   ; 1      ; CLKBUF_CLUSTER_RE_X121_Y56_N3_I772     ; CLKBUF_CLUSTER_RE         ;
;   4.194 ;   0.000 ;    ; RE   ; 1      ; CLKBUF_CLUSTER_RE_X121_Y56_N3_I557     ; CLKBUF_CLUSTER_RE         ;
;   4.194 ;   0.000 ;    ; RE   ; 1      ; GCLK_CLUSTER_RE_X121_Y56_N6_I10        ; GCLK_CLUSTER_RE           ;
;   4.194 ;   0.000 ;    ; RE   ; 1      ; CLKBUFBLOCK_INPUT_X121_Y56_N7_I0       ; CLKBUFBLOCK_INPUT         ;
;   4.194 ;   0.000 ; RR ; IC   ; 1      ; CLKCTRL_G9                             ; rst_n~inputCLKENA0|inclk  ;
;   4.662 ;   0.468 ; RR ; CELL ; 2145   ; CLKCTRL_G9                             ; rst_n~inputCLKENA0|outclk ;
;   4.662 ;   0.000 ;    ; RE   ; 1      ; CLKCTRL_G9                             ; ARRIAV_CLKBUF             ;
;   4.662 ;   0.000 ;    ; RE   ; 1      ; CLKBUFBLOCK_OUTPUT_X121_Y56_N7_I2      ; CLKBUFBLOCK_OUTPUT        ;
;   4.662 ;   0.000 ;    ; RE   ; 1      ; GCLK_CLUSTER_RE_X121_Y56_N6_I12        ; GCLK_CLUSTER_RE           ;
;   4.662 ;   0.000 ;    ; RE   ; 1      ; CLKBUF_CLUSTER_RE_X121_Y56_N3_I416     ; CLKBUF_CLUSTER_RE         ;
;   5.720 ;   1.058 ;    ; RE   ; 16     ; GLOBAL_CLOCK_X0_Y58_N0_I9              ; GLOBAL_CLOCK              ;
;   5.906 ;   0.186 ;    ; RE   ; 12     ; SPINE_CLOCK_X45_Y30_N0_I22             ; SPINE_CLOCK               ;
;   6.364 ;   0.458 ;    ; RE   ; 1      ; SCLK_TO_ROWCLK_BUF_X45_Y41_N0_I133     ; SCLK_TO_ROWCLK_BUF        ;
;   6.452 ;   0.088 ;    ; RE   ; 1      ; SCLK_TO_ROWCLK_BUF_X45_Y41_N0_I137     ; SCLK_TO_ROWCLK_BUF        ;
;   6.890 ;   0.438 ;    ; RE   ; 1      ; LAB_CLK_X46_Y41_N0_I4                  ; LAB_CLK                   ;
;   7.043 ;   0.153 ;    ; RE   ; 1      ; BLK_CLK_BUF_X46_Y41_N0_I4              ; BLK_CLK_BUF               ;
;   7.100 ;   0.057 ;    ; RE   ; 1      ; ROWCLKSEL_PREBUF_X46_Y41_N0_I4         ; ROWCLKSEL_PREBUF          ;
;   7.140 ;   0.040 ;    ; RE   ; 1      ; ROWCLKSEL_X46_Y41_N0_I2                ; ROWCLKSEL                 ;
;   7.140 ;   0.000 ;    ; RE   ; 1      ; GLOBAL_LOCAL_SEL_X46_Y41_N0_I2         ; GLOBAL_LOCAL_SEL          ;
;   7.140 ;   0.000 ;    ; RE   ; 18     ; LAB_INPUT_X46_Y41_N0_I3                ; LAB_INPUT                 ;
;   7.140 ;   0.000 ; RR ; IC   ; 1      ; FF_X46_Y41_N8                          ; u_sig|y_raw[2]|clrn       ;
;   7.800 ;   0.660 ; RR ; CELL ; 1      ; FF_X46_Y41_N8                          ; sigmoid:u_sig|y_raw[2]    ;
+---------+---------+----+------+--------+----------------------------------------+---------------------------+

+---------------------------------------------------------------------------------------------------------+
; Data Required Path                                                                                      ;
+----------+---------+----+------+--------+-------------------------------------+-------------------------+
; Total    ; Incr    ; RF ; Type ; Fanout ; Location                            ; Element                 ;
+----------+---------+----+------+--------+-------------------------------------+-------------------------+
; 10.000   ; 10.000  ;    ;      ;        ;                                     ; latch edge time         ;
; 14.178   ; 4.178   ;    ;      ;        ;                                     ; clock path              ;
;   10.000 ;   0.000 ;    ;      ;        ;                                     ; source latency          ;
;   10.000 ;   0.000 ;    ;      ; 1      ; PIN_AC18                            ; clk                     ;
;   10.000 ;   0.000 ;    ; RE   ; 1      ; IOPAD_X54_Y0_N0                     ; ARRIAV_IO_PAD           ;
;   10.000 ;   0.000 ;    ; RE   ; 1      ; IO_PAD_OUTPUT_X54_Y0_N0_I1          ; IO_PAD_OUTPUT           ;
;   10.000 ;   0.000 ;    ; RE   ; 1      ; IO_INPUT_BUFFER_INPUT_X54_Y0_N1_I0  ; IO_INPUT_BUFFER_INPUT   ;
;   10.000 ;   0.000 ; RR ; IC   ; 1      ; IOIBUF_X54_Y0_N1                    ; clk~input|i             ;
;   10.917 ;   0.917 ; RR ; CELL ; 1      ; IOIBUF_X54_Y0_N1                    ; clk~input|o             ;
;   10.917 ;   0.000 ;    ; RE   ; 1      ; IOIBUF_X54_Y0_N1                    ; ARRIAV_IO_IBUF          ;
;   10.917 ;   0.000 ;    ; RE   ; 1      ; IO_INPUT_BUFFER_OUTPUT_X54_Y0_N1_I2 ; IO_INPUT_BUFFER_OUTPUT  ;
;   10.917 ;   0.000 ;    ; RE   ; 1      ; IO_RE_X54_Y0_N0_I96                 ; IO_RE                   ;
;   11.095 ;   0.178 ;    ; RE   ; 1      ; IO_RE_X54_Y0_N0_I66                 ; IO_RE                   ;
;   11.095 ;   0.000 ;    ; RE   ; 1      ; CLKBUF_CLUSTER_RE_X58_Y0_N0_I1614   ; CLKBUF_CLUSTER_RE       ;
;   11.095 ;   0.000 ;    ; RE   ; 1      ; CLKBUF_CLUSTER_RE_X58_Y0_N0_I616    ; CLKBUF_CLUSTER_RE       ;
;   11.095 ;   0.000 ;    ; RE   ; 1      ; GCLK_CLUSTER_RE_X58_Y0_N6_I10       ; GCLK_CLUSTER_RE         ;
;   11.095 ;   0.000 ;    ; RE   ; 1      ; CLKBUFBLOCK_INPUT_X58_Y0_N7_I0      ; CLKBUFBLOCK_INPUT       ;
;   11.095 ;   0.000 ; RR ; IC   ; 1      ; CLKCTRL_G6                          ; clk~inputCLKENA0|inclk  ;
;   11.407 ;   0.312 ; RR ; CELL ; 37157  ; CLKCTRL_G6                          ; clk~inputCLKENA0|outclk ;
;   11.407 ;   0.000 ;    ; RE   ; 1      ; CLKCTRL_G6                          ; ARRIAV_CLKBUF           ;
;   11.407 ;   0.000 ;    ; RE   ; 1      ; CLKBUFBLOCK_OUTPUT_X58_Y0_N7_I2     ; CLKBUFBLOCK_OUTPUT      ;
;   11.407 ;   0.000 ;    ; RE   ; 1      ; GCLK_CLUSTER_RE_X58_Y0_N6_I12       ; GCLK_CLUSTER_RE         ;
;   11.407 ;   0.000 ;    ; RE   ; 1      ; CLKBUF_CLUSTER_RE_X58_Y0_N0_I417    ; CLKBUF_CLUSTER_RE       ;
;   12.370 ;   0.963 ;    ; RE   ; 16     ; GLOBAL_CLOCK_X0_Y58_N0_I6           ; GLOBAL_CLOCK            ;
;   12.549 ;   0.179 ;    ; RE   ; 29     ; SPINE_CLOCK_X45_Y30_N0_I7           ; SPINE_CLOCK             ;
;   12.991 ;   0.442 ;    ; RE   ; 1      ; SCLK_TO_ROWCLK_BUF_X45_Y41_N0_I43   ; SCLK_TO_ROWCLK_BUF      ;
;   13.076 ;   0.085 ;    ; RE   ; 2      ; SCLK_TO_ROWCLK_BUF_X45_Y41_N0_I46   ; SCLK_TO_ROWCLK_BUF      ;
;   13.499 ;   0.423 ;    ; RE   ; 14     ; LAB_CLK_X46_Y41_N0_I5               ; LAB_CLK                 ;
;   13.640 ;   0.141 ;    ; RE   ; 1      ; BLK_CLK_BUF_X46_Y41_N0_I5           ; BLK_CLK_BUF             ;
;   13.697 ;   0.057 ;    ; RE   ; 1      ; ROWCLKSEL_PREBUF_X46_Y41_N0_I5      ; ROWCLKSEL_PREBUF        ;
;   13.733 ;   0.036 ;    ; RE   ; 1      ; ROWCLKSEL_X46_Y41_N0_I0             ; ROWCLKSEL               ;
;   13.733 ;   0.000 ;    ; RE   ; 2      ; GLOBAL_LOCAL_SEL_X46_Y41_N0_I0      ; GLOBAL_LOCAL_SEL        ;
;   13.733 ;   0.000 ;    ; RE   ; 17     ; LAB_INPUT_X46_Y41_N0_I1             ; LAB_INPUT               ;
;   13.733 ;   0.000 ; RR ; IC   ; 1      ; FF_X46_Y41_N8                       ; u_sig|y_raw[2]|clk      ;
;   14.178 ;   0.445 ; RR ; CELL ; 1      ; FF_X46_Y41_N8                       ; sigmoid:u_sig|y_raw[2]  ;
; 14.078   ; -0.100  ;    ;      ;        ;                                     ; clock uncertainty       ;
; 14.078   ; 0.000   ;    ; uTsu ; 1      ; FF_X46_Y41_N8                       ; sigmoid:u_sig|y_raw[2]  ;
+----------+---------+----+------+--------+-------------------------------------+-------------------------+

----------------------------
; Extra Fitter Information ;
----------------------------
HTML report is unavailable in plain text report export.


Path #31: Recovery slack is 6.278 
===============================================================================
+---------------------------------------------+
; Path Summary                                ;
+--------------------+------------------------+
; Property           ; Value                  ;
+--------------------+------------------------+
; From Node          ; rst_n                  ;
; To Node            ; sigmoid:u_sig|y_raw[1] ;
; Launch Clock       ; clk                    ;
; Latch Clock        ; clk                    ;
; Data Arrival Time  ; 7.799                  ;
; Data Required Time ; 14.077                 ;
; Slack              ; 6.278                  ;
+--------------------+------------------------+

+---------------------------------------------------------------------------------------+
; Statistics                                                                            ;
+---------------------------+--------+-------+-------------+------------+-------+-------+
; Property                  ; Value  ; Count ; Total Delay ; % of Total ; Min   ; Max   ;
+---------------------------+--------+-------+-------------+------------+-------+-------+
; Recovery Relationship     ; 10.000 ;       ;             ;            ;       ;       ;
; Clock Skew                ; 4.177  ;       ;             ;            ;       ;       ;
; Data Delay                ; 5.799  ;       ;             ;            ;       ;       ;
; Number of Logic Levels    ;        ; 2     ;             ;            ;       ;       ;
; Physical Delays           ;        ;       ;             ;            ;       ;       ;
;  Arrival Path             ;        ;       ;             ;            ;       ;       ;
;   Clock                   ;        ;       ;             ;            ;       ;       ;
;    Clock Network (Lumped) ;        ; 1     ; 0.000       ;            ; 0.000 ; 0.000 ;
;   Data                    ;        ;       ;             ;            ;       ;       ;
;    IC                     ;        ; 3     ; 0.000       ; 0          ; 0.000 ; 0.000 ;
;    Cell                   ;        ; 3     ; 2.820       ; 49         ; 0.468 ; 1.693 ;
;    Routing Element        ;        ; 26    ; 2.979       ; 51         ; 0.000 ; 1.058 ;
;  Required Path            ;        ;       ;             ;            ;       ;       ;
;   Clock                   ;        ;       ;             ;            ;       ;       ;
;    IC                     ;        ; 3     ; 0.000       ; 0          ; 0.000 ; 0.000 ;
;    Cell                   ;        ; 3     ; 1.673       ; 40         ; 0.312 ; 0.917 ;
;    Routing Element        ;        ; 25    ; 2.504       ; 60         ; 0.000 ; 0.963 ;
+---------------------------+--------+-------+-------------+------------+-------+-------+
Note: Negative delays are omitted from totals when calculating percentages

+-------------------------------------------------------------------------------------------------------------+
; Data Arrival Path                                                                                           ;
+---------+---------+----+------+--------+----------------------------------------+---------------------------+
; Total   ; Incr    ; RF ; Type ; Fanout ; Location                               ; Element                   ;
+---------+---------+----+------+--------+----------------------------------------+---------------------------+
; 0.000   ; 0.000   ;    ;      ;        ;                                        ; launch edge time          ;
; 0.000   ; 0.000   ;    ;      ;        ;                                        ; clock path                ;
;   0.000 ;   0.000 ; R  ;      ;        ;                                        ; clock network delay       ;
; 2.000   ; 2.000   ; R  ; iExt ; 1      ; PIN_V27                                ; rst_n                     ;
; 7.799   ; 5.799   ;    ;      ;        ;                                        ; data path                 ;
;   2.000 ;   0.000 ;    ; RE   ; 1      ; IOPAD_X121_Y51_N60                     ; ARRIAV_IO_PAD             ;
;   2.000 ;   0.000 ;    ; RE   ; 1      ; IO_PAD_OUTPUT_X121_Y51_N60_I1          ; IO_PAD_OUTPUT             ;
;   2.000 ;   0.000 ;    ; RE   ; 1      ; IO_INPUT_BUFFER_INPUT_X121_Y51_N61_I0  ; IO_INPUT_BUFFER_INPUT     ;
;   2.000 ;   0.000 ; RR ; IC   ; 1      ; IOIBUF_X121_Y51_N61                    ; rst_n~input|i             ;
;   3.693 ;   1.693 ; RR ; CELL ; 1294   ; IOIBUF_X121_Y51_N61                    ; rst_n~input|o             ;
;   3.693 ;   0.000 ;    ; RE   ; 1      ; IOIBUF_X121_Y51_N61                    ; ARRIAV_IO_IBUF            ;
;   3.693 ;   0.000 ;    ; RE   ; 1      ; IO_INPUT_BUFFER_OUTPUT_X121_Y51_N61_I2 ; IO_INPUT_BUFFER_OUTPUT    ;
;   3.693 ;   0.000 ;    ; RE   ; 2      ; IO_RE_X121_Y51_N60_I96                 ; IO_RE                     ;
;   3.880 ;   0.187 ;    ; RE   ; 1      ; IO_RE_X121_Y51_N60_I66                 ; IO_RE                     ;
;   4.194 ;   0.314 ;    ; RE   ; 1      ; CLKBUF_CLUSTER_RE_X121_Y56_N3_I421     ; CLKBUF_CLUSTER_RE         ;
;   4.194 ;   0.000 ;    ; RE   ; 1      ; CLKBUF_CLUSTER_RE_X121_Y56_N3_I772     ; CLKBUF_CLUSTER_RE         ;
;   4.194 ;   0.000 ;    ; RE   ; 1      ; CLKBUF_CLUSTER_RE_X121_Y56_N3_I557     ; CLKBUF_CLUSTER_RE         ;
;   4.194 ;   0.000 ;    ; RE   ; 1      ; GCLK_CLUSTER_RE_X121_Y56_N6_I10        ; GCLK_CLUSTER_RE           ;
;   4.194 ;   0.000 ;    ; RE   ; 1      ; CLKBUFBLOCK_INPUT_X121_Y56_N7_I0       ; CLKBUFBLOCK_INPUT         ;
;   4.194 ;   0.000 ; RR ; IC   ; 1      ; CLKCTRL_G9                             ; rst_n~inputCLKENA0|inclk  ;
;   4.662 ;   0.468 ; RR ; CELL ; 2145   ; CLKCTRL_G9                             ; rst_n~inputCLKENA0|outclk ;
;   4.662 ;   0.000 ;    ; RE   ; 1      ; CLKCTRL_G9                             ; ARRIAV_CLKBUF             ;
;   4.662 ;   0.000 ;    ; RE   ; 1      ; CLKBUFBLOCK_OUTPUT_X121_Y56_N7_I2      ; CLKBUFBLOCK_OUTPUT        ;
;   4.662 ;   0.000 ;    ; RE   ; 1      ; GCLK_CLUSTER_RE_X121_Y56_N6_I12        ; GCLK_CLUSTER_RE           ;
;   4.662 ;   0.000 ;    ; RE   ; 1      ; CLKBUF_CLUSTER_RE_X121_Y56_N3_I416     ; CLKBUF_CLUSTER_RE         ;
;   5.720 ;   1.058 ;    ; RE   ; 16     ; GLOBAL_CLOCK_X0_Y58_N0_I9              ; GLOBAL_CLOCK              ;
;   5.906 ;   0.186 ;    ; RE   ; 12     ; SPINE_CLOCK_X45_Y30_N0_I22             ; SPINE_CLOCK               ;
;   6.364 ;   0.458 ;    ; RE   ; 1      ; SCLK_TO_ROWCLK_BUF_X45_Y41_N0_I133     ; SCLK_TO_ROWCLK_BUF        ;
;   6.452 ;   0.088 ;    ; RE   ; 1      ; SCLK_TO_ROWCLK_BUF_X45_Y41_N0_I137     ; SCLK_TO_ROWCLK_BUF        ;
;   6.890 ;   0.438 ;    ; RE   ; 1      ; LAB_CLK_X46_Y41_N0_I4                  ; LAB_CLK                   ;
;   7.043 ;   0.153 ;    ; RE   ; 1      ; BLK_CLK_BUF_X46_Y41_N0_I4              ; BLK_CLK_BUF               ;
;   7.100 ;   0.057 ;    ; RE   ; 1      ; ROWCLKSEL_PREBUF_X46_Y41_N0_I4         ; ROWCLKSEL_PREBUF          ;
;   7.140 ;   0.040 ;    ; RE   ; 1      ; ROWCLKSEL_X46_Y41_N0_I2                ; ROWCLKSEL                 ;
;   7.140 ;   0.000 ;    ; RE   ; 1      ; GLOBAL_LOCAL_SEL_X46_Y41_N0_I2         ; GLOBAL_LOCAL_SEL          ;
;   7.140 ;   0.000 ;    ; RE   ; 18     ; LAB_INPUT_X46_Y41_N0_I3                ; LAB_INPUT                 ;
;   7.140 ;   0.000 ; RR ; IC   ; 1      ; FF_X46_Y41_N4                          ; u_sig|y_raw[1]|clrn       ;
;   7.799 ;   0.659 ; RR ; CELL ; 1      ; FF_X46_Y41_N4                          ; sigmoid:u_sig|y_raw[1]    ;
+---------+---------+----+------+--------+----------------------------------------+---------------------------+

+---------------------------------------------------------------------------------------------------------+
; Data Required Path                                                                                      ;
+----------+---------+----+------+--------+-------------------------------------+-------------------------+
; Total    ; Incr    ; RF ; Type ; Fanout ; Location                            ; Element                 ;
+----------+---------+----+------+--------+-------------------------------------+-------------------------+
; 10.000   ; 10.000  ;    ;      ;        ;                                     ; latch edge time         ;
; 14.177   ; 4.177   ;    ;      ;        ;                                     ; clock path              ;
;   10.000 ;   0.000 ;    ;      ;        ;                                     ; source latency          ;
;   10.000 ;   0.000 ;    ;      ; 1      ; PIN_AC18                            ; clk                     ;
;   10.000 ;   0.000 ;    ; RE   ; 1      ; IOPAD_X54_Y0_N0                     ; ARRIAV_IO_PAD           ;
;   10.000 ;   0.000 ;    ; RE   ; 1      ; IO_PAD_OUTPUT_X54_Y0_N0_I1          ; IO_PAD_OUTPUT           ;
;   10.000 ;   0.000 ;    ; RE   ; 1      ; IO_INPUT_BUFFER_INPUT_X54_Y0_N1_I0  ; IO_INPUT_BUFFER_INPUT   ;
;   10.000 ;   0.000 ; RR ; IC   ; 1      ; IOIBUF_X54_Y0_N1                    ; clk~input|i             ;
;   10.917 ;   0.917 ; RR ; CELL ; 1      ; IOIBUF_X54_Y0_N1                    ; clk~input|o             ;
;   10.917 ;   0.000 ;    ; RE   ; 1      ; IOIBUF_X54_Y0_N1                    ; ARRIAV_IO_IBUF          ;
;   10.917 ;   0.000 ;    ; RE   ; 1      ; IO_INPUT_BUFFER_OUTPUT_X54_Y0_N1_I2 ; IO_INPUT_BUFFER_OUTPUT  ;
;   10.917 ;   0.000 ;    ; RE   ; 1      ; IO_RE_X54_Y0_N0_I96                 ; IO_RE                   ;
;   11.095 ;   0.178 ;    ; RE   ; 1      ; IO_RE_X54_Y0_N0_I66                 ; IO_RE                   ;
;   11.095 ;   0.000 ;    ; RE   ; 1      ; CLKBUF_CLUSTER_RE_X58_Y0_N0_I1614   ; CLKBUF_CLUSTER_RE       ;
;   11.095 ;   0.000 ;    ; RE   ; 1      ; CLKBUF_CLUSTER_RE_X58_Y0_N0_I616    ; CLKBUF_CLUSTER_RE       ;
;   11.095 ;   0.000 ;    ; RE   ; 1      ; GCLK_CLUSTER_RE_X58_Y0_N6_I10       ; GCLK_CLUSTER_RE         ;
;   11.095 ;   0.000 ;    ; RE   ; 1      ; CLKBUFBLOCK_INPUT_X58_Y0_N7_I0      ; CLKBUFBLOCK_INPUT       ;
;   11.095 ;   0.000 ; RR ; IC   ; 1      ; CLKCTRL_G6                          ; clk~inputCLKENA0|inclk  ;
;   11.407 ;   0.312 ; RR ; CELL ; 37157  ; CLKCTRL_G6                          ; clk~inputCLKENA0|outclk ;
;   11.407 ;   0.000 ;    ; RE   ; 1      ; CLKCTRL_G6                          ; ARRIAV_CLKBUF           ;
;   11.407 ;   0.000 ;    ; RE   ; 1      ; CLKBUFBLOCK_OUTPUT_X58_Y0_N7_I2     ; CLKBUFBLOCK_OUTPUT      ;
;   11.407 ;   0.000 ;    ; RE   ; 1      ; GCLK_CLUSTER_RE_X58_Y0_N6_I12       ; GCLK_CLUSTER_RE         ;
;   11.407 ;   0.000 ;    ; RE   ; 1      ; CLKBUF_CLUSTER_RE_X58_Y0_N0_I417    ; CLKBUF_CLUSTER_RE       ;
;   12.370 ;   0.963 ;    ; RE   ; 16     ; GLOBAL_CLOCK_X0_Y58_N0_I6           ; GLOBAL_CLOCK            ;
;   12.549 ;   0.179 ;    ; RE   ; 29     ; SPINE_CLOCK_X45_Y30_N0_I7           ; SPINE_CLOCK             ;
;   12.991 ;   0.442 ;    ; RE   ; 1      ; SCLK_TO_ROWCLK_BUF_X45_Y41_N0_I43   ; SCLK_TO_ROWCLK_BUF      ;
;   13.076 ;   0.085 ;    ; RE   ; 2      ; SCLK_TO_ROWCLK_BUF_X45_Y41_N0_I46   ; SCLK_TO_ROWCLK_BUF      ;
;   13.499 ;   0.423 ;    ; RE   ; 14     ; LAB_CLK_X46_Y41_N0_I5               ; LAB_CLK                 ;
;   13.640 ;   0.141 ;    ; RE   ; 1      ; BLK_CLK_BUF_X46_Y41_N0_I5           ; BLK_CLK_BUF             ;
;   13.697 ;   0.057 ;    ; RE   ; 1      ; ROWCLKSEL_PREBUF_X46_Y41_N0_I5      ; ROWCLKSEL_PREBUF        ;
;   13.733 ;   0.036 ;    ; RE   ; 1      ; ROWCLKSEL_X46_Y41_N0_I0             ; ROWCLKSEL               ;
;   13.733 ;   0.000 ;    ; RE   ; 2      ; GLOBAL_LOCAL_SEL_X46_Y41_N0_I0      ; GLOBAL_LOCAL_SEL        ;
;   13.733 ;   0.000 ;    ; RE   ; 17     ; LAB_INPUT_X46_Y41_N0_I1             ; LAB_INPUT               ;
;   13.733 ;   0.000 ; RR ; IC   ; 1      ; FF_X46_Y41_N4                       ; u_sig|y_raw[1]|clk      ;
;   14.177 ;   0.444 ; RR ; CELL ; 1      ; FF_X46_Y41_N4                       ; sigmoid:u_sig|y_raw[1]  ;
; 14.077   ; -0.100  ;    ;      ;        ;                                     ; clock uncertainty       ;
; 14.077   ; 0.000   ;    ; uTsu ; 1      ; FF_X46_Y41_N4                       ; sigmoid:u_sig|y_raw[1]  ;
+----------+---------+----+------+--------+-------------------------------------+-------------------------+

----------------------------
; Extra Fitter Information ;
----------------------------
HTML report is unavailable in plain text report export.


Path #32: Recovery slack is 6.278 
===============================================================================
+---------------------------------------------+
; Path Summary                                ;
+--------------------+------------------------+
; Property           ; Value                  ;
+--------------------+------------------------+
; From Node          ; rst_n                  ;
; To Node            ; div:u_div|quotient[25] ;
; Launch Clock       ; clk                    ;
; Latch Clock        ; clk                    ;
; Data Arrival Time  ; 7.821                  ;
; Data Required Time ; 14.099                 ;
; Slack              ; 6.278                  ;
+--------------------+------------------------+

+----------------------------------------------------------------------------------------+
; Statistics                                                                             ;
+---------------------------+--------+-------+-------------+------------+--------+-------+
; Property                  ; Value  ; Count ; Total Delay ; % of Total ; Min    ; Max   ;
+---------------------------+--------+-------+-------------+------------+--------+-------+
; Recovery Relationship     ; 10.000 ;       ;             ;            ;        ;       ;
; Clock Skew                ; 4.199  ;       ;             ;            ;        ;       ;
; Data Delay                ; 5.821  ;       ;             ;            ;        ;       ;
; Number of Logic Levels    ;        ; 2     ;             ;            ;        ;       ;
; Physical Delays           ;        ;       ;             ;            ;        ;       ;
;  Arrival Path             ;        ;       ;             ;            ;        ;       ;
;   Clock                   ;        ;       ;             ;            ;        ;       ;
;    Clock Network (Lumped) ;        ; 1     ; 0.000       ;            ; 0.000  ; 0.000 ;
;   Data                    ;        ;       ;             ;            ;        ;       ;
;    IC                     ;        ; 3     ; -0.001      ; 0          ; -0.001 ; 0.000 ;
;    Cell                   ;        ; 3     ; 2.825       ; 49         ; 0.468  ; 1.693 ;
;    Routing Element        ;        ; 26    ; 2.997       ; 51         ; 0.000  ; 1.065 ;
;  Required Path            ;        ;       ;             ;            ;        ;       ;
;   Clock                   ;        ;       ;             ;            ;        ;       ;
;    IC                     ;        ; 3     ; -0.001      ; 0          ; -0.001 ; 0.000 ;
;    Cell                   ;        ; 3     ; 1.674       ; 40         ; 0.312  ; 0.917 ;
;    Routing Element        ;        ; 25    ; 2.526       ; 60         ; 0.000  ; 0.990 ;
+---------------------------+--------+-------+-------------+------------+--------+-------+
Note: Negative delays are omitted from totals when calculating percentages

+--------------------------------------------------------------------------------------------------------------+
; Data Arrival Path                                                                                            ;
+---------+----------+----+------+--------+----------------------------------------+---------------------------+
; Total   ; Incr     ; RF ; Type ; Fanout ; Location                               ; Element                   ;
+---------+----------+----+------+--------+----------------------------------------+---------------------------+
; 0.000   ; 0.000    ;    ;      ;        ;                                        ; launch edge time          ;
; 0.000   ; 0.000    ;    ;      ;        ;                                        ; clock path                ;
;   0.000 ;   0.000  ; R  ;      ;        ;                                        ; clock network delay       ;
; 2.000   ; 2.000    ; R  ; iExt ; 1      ; PIN_V27                                ; rst_n                     ;
; 7.821   ; 5.821    ;    ;      ;        ;                                        ; data path                 ;
;   2.000 ;   0.000  ;    ; RE   ; 1      ; IOPAD_X121_Y51_N60                     ; ARRIAV_IO_PAD             ;
;   2.000 ;   0.000  ;    ; RE   ; 1      ; IO_PAD_OUTPUT_X121_Y51_N60_I1          ; IO_PAD_OUTPUT             ;
;   2.000 ;   0.000  ;    ; RE   ; 1      ; IO_INPUT_BUFFER_INPUT_X121_Y51_N61_I0  ; IO_INPUT_BUFFER_INPUT     ;
;   2.000 ;   0.000  ; RR ; IC   ; 1      ; IOIBUF_X121_Y51_N61                    ; rst_n~input|i             ;
;   3.693 ;   1.693  ; RR ; CELL ; 1294   ; IOIBUF_X121_Y51_N61                    ; rst_n~input|o             ;
;   3.693 ;   0.000  ;    ; RE   ; 1      ; IOIBUF_X121_Y51_N61                    ; ARRIAV_IO_IBUF            ;
;   3.693 ;   0.000  ;    ; RE   ; 1      ; IO_INPUT_BUFFER_OUTPUT_X121_Y51_N61_I2 ; IO_INPUT_BUFFER_OUTPUT    ;
;   3.693 ;   0.000  ;    ; RE   ; 2      ; IO_RE_X121_Y51_N60_I96                 ; IO_RE                     ;
;   3.880 ;   0.187  ;    ; RE   ; 1      ; IO_RE_X121_Y51_N60_I66                 ; IO_RE                     ;
;   4.194 ;   0.314  ;    ; RE   ; 1      ; CLKBUF_CLUSTER_RE_X121_Y56_N3_I421     ; CLKBUF_CLUSTER_RE         ;
;   4.194 ;   0.000  ;    ; RE   ; 1      ; CLKBUF_CLUSTER_RE_X121_Y56_N3_I772     ; CLKBUF_CLUSTER_RE         ;
;   4.194 ;   0.000  ;    ; RE   ; 1      ; CLKBUF_CLUSTER_RE_X121_Y56_N3_I557     ; CLKBUF_CLUSTER_RE         ;
;   4.194 ;   0.000  ;    ; RE   ; 1      ; GCLK_CLUSTER_RE_X121_Y56_N6_I10        ; GCLK_CLUSTER_RE           ;
;   4.194 ;   0.000  ;    ; RE   ; 1      ; CLKBUFBLOCK_INPUT_X121_Y56_N7_I0       ; CLKBUFBLOCK_INPUT         ;
;   4.194 ;   0.000  ; RR ; IC   ; 1      ; CLKCTRL_G9                             ; rst_n~inputCLKENA0|inclk  ;
;   4.662 ;   0.468  ; RR ; CELL ; 2145   ; CLKCTRL_G9                             ; rst_n~inputCLKENA0|outclk ;
;   4.662 ;   0.000  ;    ; RE   ; 1      ; CLKCTRL_G9                             ; ARRIAV_CLKBUF             ;
;   4.662 ;   0.000  ;    ; RE   ; 1      ; CLKBUFBLOCK_OUTPUT_X121_Y56_N7_I2      ; CLKBUFBLOCK_OUTPUT        ;
;   4.662 ;   0.000  ;    ; RE   ; 1      ; GCLK_CLUSTER_RE_X121_Y56_N6_I12        ; GCLK_CLUSTER_RE           ;
;   4.662 ;   0.000  ;    ; RE   ; 1      ; CLKBUF_CLUSTER_RE_X121_Y56_N3_I416     ; CLKBUF_CLUSTER_RE         ;
;   5.727 ;   1.065  ;    ; RE   ; 16     ; GLOBAL_CLOCK_X0_Y58_N0_I9              ; GLOBAL_CLOCK              ;
;   5.919 ;   0.192  ;    ; RE   ; 25     ; SPINE_CLOCK_X106_Y30_N0_I7             ; SPINE_CLOCK               ;
;   6.377 ;   0.458  ;    ; RE   ; 1      ; SCLK_TO_ROWCLK_BUF_X106_Y34_N0_I42     ; SCLK_TO_ROWCLK_BUF        ;
;   6.474 ;   0.097  ;    ; RE   ; 2      ; SCLK_TO_ROWCLK_BUF_X106_Y34_N0_I44     ; SCLK_TO_ROWCLK_BUF        ;
;   6.914 ;   0.440  ;    ; RE   ; 1      ; LAB_CLK_X107_Y34_N0_I1                 ; LAB_CLK                   ;
;   7.062 ;   0.148  ;    ; RE   ; 1      ; BLK_CLK_BUF_X108_Y34_N0_I1             ; BLK_CLK_BUF               ;
;   7.119 ;   0.057  ;    ; RE   ; 1      ; ROWCLKSEL_PREBUF_X108_Y34_N0_I1        ; ROWCLKSEL_PREBUF          ;
;   7.158 ;   0.039  ;    ; RE   ; 1      ; ROWCLKSEL_X108_Y34_N0_I2               ; ROWCLKSEL                 ;
;   7.158 ;   0.000  ;    ; RE   ; 1      ; GLOBAL_LOCAL_SEL_X108_Y34_N0_I2        ; GLOBAL_LOCAL_SEL          ;
;   7.158 ;   0.000  ;    ; RE   ; 4      ; LAB_INPUT_X108_Y34_N0_I3               ; LAB_INPUT                 ;
;   7.157 ;   -0.001 ; RR ; IC   ; 1      ; FF_X108_Y34_N58                        ; u_div|quotient[25]|clrn   ;
;   7.821 ;   0.664  ; RR ; CELL ; 1      ; FF_X108_Y34_N58                        ; div:u_div|quotient[25]    ;
+---------+----------+----+------+--------+----------------------------------------+---------------------------+

+----------------------------------------------------------------------------------------------------------+
; Data Required Path                                                                                       ;
+----------+----------+----+------+--------+-------------------------------------+-------------------------+
; Total    ; Incr     ; RF ; Type ; Fanout ; Location                            ; Element                 ;
+----------+----------+----+------+--------+-------------------------------------+-------------------------+
; 10.000   ; 10.000   ;    ;      ;        ;                                     ; latch edge time         ;
; 14.199   ; 4.199    ;    ;      ;        ;                                     ; clock path              ;
;   10.000 ;   0.000  ;    ;      ;        ;                                     ; source latency          ;
;   10.000 ;   0.000  ;    ;      ; 1      ; PIN_AC18                            ; clk                     ;
;   10.000 ;   0.000  ;    ; RE   ; 1      ; IOPAD_X54_Y0_N0                     ; ARRIAV_IO_PAD           ;
;   10.000 ;   0.000  ;    ; RE   ; 1      ; IO_PAD_OUTPUT_X54_Y0_N0_I1          ; IO_PAD_OUTPUT           ;
;   10.000 ;   0.000  ;    ; RE   ; 1      ; IO_INPUT_BUFFER_INPUT_X54_Y0_N1_I0  ; IO_INPUT_BUFFER_INPUT   ;
;   10.000 ;   0.000  ; RR ; IC   ; 1      ; IOIBUF_X54_Y0_N1                    ; clk~input|i             ;
;   10.917 ;   0.917  ; RR ; CELL ; 1      ; IOIBUF_X54_Y0_N1                    ; clk~input|o             ;
;   10.917 ;   0.000  ;    ; RE   ; 1      ; IOIBUF_X54_Y0_N1                    ; ARRIAV_IO_IBUF          ;
;   10.917 ;   0.000  ;    ; RE   ; 1      ; IO_INPUT_BUFFER_OUTPUT_X54_Y0_N1_I2 ; IO_INPUT_BUFFER_OUTPUT  ;
;   10.917 ;   0.000  ;    ; RE   ; 1      ; IO_RE_X54_Y0_N0_I96                 ; IO_RE                   ;
;   11.095 ;   0.178  ;    ; RE   ; 1      ; IO_RE_X54_Y0_N0_I66                 ; IO_RE                   ;
;   11.095 ;   0.000  ;    ; RE   ; 1      ; CLKBUF_CLUSTER_RE_X58_Y0_N0_I1614   ; CLKBUF_CLUSTER_RE       ;
;   11.095 ;   0.000  ;    ; RE   ; 1      ; CLKBUF_CLUSTER_RE_X58_Y0_N0_I616    ; CLKBUF_CLUSTER_RE       ;
;   11.095 ;   0.000  ;    ; RE   ; 1      ; GCLK_CLUSTER_RE_X58_Y0_N6_I10       ; GCLK_CLUSTER_RE         ;
;   11.095 ;   0.000  ;    ; RE   ; 1      ; CLKBUFBLOCK_INPUT_X58_Y0_N7_I0      ; CLKBUFBLOCK_INPUT       ;
;   11.095 ;   0.000  ; RR ; IC   ; 1      ; CLKCTRL_G6                          ; clk~inputCLKENA0|inclk  ;
;   11.407 ;   0.312  ; RR ; CELL ; 37157  ; CLKCTRL_G6                          ; clk~inputCLKENA0|outclk ;
;   11.407 ;   0.000  ;    ; RE   ; 1      ; CLKCTRL_G6                          ; ARRIAV_CLKBUF           ;
;   11.407 ;   0.000  ;    ; RE   ; 1      ; CLKBUFBLOCK_OUTPUT_X58_Y0_N7_I2     ; CLKBUFBLOCK_OUTPUT      ;
;   11.407 ;   0.000  ;    ; RE   ; 1      ; GCLK_CLUSTER_RE_X58_Y0_N6_I12       ; GCLK_CLUSTER_RE         ;
;   11.407 ;   0.000  ;    ; RE   ; 1      ; CLKBUF_CLUSTER_RE_X58_Y0_N0_I417    ; CLKBUF_CLUSTER_RE       ;
;   12.397 ;   0.990  ;    ; RE   ; 16     ; GLOBAL_CLOCK_X0_Y58_N0_I6           ; GLOBAL_CLOCK            ;
;   12.582 ;   0.185  ;    ; RE   ; 29     ; SPINE_CLOCK_X106_Y30_N0_I2          ; SPINE_CLOCK             ;
;   13.023 ;   0.441  ;    ; RE   ; 1      ; SCLK_TO_ROWCLK_BUF_X106_Y34_N0_I12  ; SCLK_TO_ROWCLK_BUF      ;
;   13.108 ;   0.085  ;    ; RE   ; 2      ; SCLK_TO_ROWCLK_BUF_X106_Y34_N0_I15  ; SCLK_TO_ROWCLK_BUF      ;
;   13.527 ;   0.419  ;    ; RE   ; 6      ; LAB_CLK_X107_Y34_N0_I2              ; LAB_CLK                 ;
;   13.663 ;   0.136  ;    ; RE   ; 1      ; BLK_CLK_BUF_X108_Y34_N0_I2          ; BLK_CLK_BUF             ;
;   13.719 ;   0.056  ;    ; RE   ; 1      ; ROWCLKSEL_PREBUF_X108_Y34_N0_I2     ; ROWCLKSEL_PREBUF        ;
;   13.755 ;   0.036  ;    ; RE   ; 1      ; ROWCLKSEL_X108_Y34_N0_I1            ; ROWCLKSEL               ;
;   13.755 ;   0.000  ;    ; RE   ; 2      ; GLOBAL_LOCAL_SEL_X108_Y34_N0_I1     ; GLOBAL_LOCAL_SEL        ;
;   13.755 ;   0.000  ;    ; RE   ; 4      ; LAB_INPUT_X108_Y34_N0_I1            ; LAB_INPUT               ;
;   13.754 ;   -0.001 ; RR ; IC   ; 1      ; FF_X108_Y34_N58                     ; u_div|quotient[25]|clk  ;
;   14.199 ;   0.445  ; RR ; CELL ; 1      ; FF_X108_Y34_N58                     ; div:u_div|quotient[25]  ;
; 14.099   ; -0.100   ;    ;      ;        ;                                     ; clock uncertainty       ;
; 14.099   ; 0.000    ;    ; uTsu ; 1      ; FF_X108_Y34_N58                     ; div:u_div|quotient[25]  ;
+----------+----------+----+------+--------+-------------------------------------+-------------------------+

----------------------------
; Extra Fitter Information ;
----------------------------
HTML report is unavailable in plain text report export.


Path #33: Recovery slack is 6.278 
===============================================================================
+--------------------------------------------+
; Path Summary                               ;
+--------------------+-----------------------+
; Property           ; Value                 ;
+--------------------+-----------------------+
; From Node          ; rst_n                 ;
; To Node            ; div:u_div|rem_work[0] ;
; Launch Clock       ; clk                   ;
; Latch Clock        ; clk                   ;
; Data Arrival Time  ; 7.808                 ;
; Data Required Time ; 14.086                ;
; Slack              ; 6.278                 ;
+--------------------+-----------------------+

+---------------------------------------------------------------------------------------+
; Statistics                                                                            ;
+---------------------------+--------+-------+-------------+------------+-------+-------+
; Property                  ; Value  ; Count ; Total Delay ; % of Total ; Min   ; Max   ;
+---------------------------+--------+-------+-------------+------------+-------+-------+
; Recovery Relationship     ; 10.000 ;       ;             ;            ;       ;       ;
; Clock Skew                ; 4.186  ;       ;             ;            ;       ;       ;
; Data Delay                ; 5.808  ;       ;             ;            ;       ;       ;
; Number of Logic Levels    ;        ; 2     ;             ;            ;       ;       ;
; Physical Delays           ;        ;       ;             ;            ;       ;       ;
;  Arrival Path             ;        ;       ;             ;            ;       ;       ;
;   Clock                   ;        ;       ;             ;            ;       ;       ;
;    Clock Network (Lumped) ;        ; 1     ; 0.000       ;            ; 0.000 ; 0.000 ;
;   Data                    ;        ;       ;             ;            ;       ;       ;
;    IC                     ;        ; 3     ; 0.000       ; 0          ; 0.000 ; 0.000 ;
;    Cell                   ;        ; 3     ; 2.826       ; 49         ; 0.468 ; 1.693 ;
;    Routing Element        ;        ; 26    ; 2.982       ; 51         ; 0.000 ; 1.065 ;
;  Required Path            ;        ;       ;             ;            ;       ;       ;
;   Clock                   ;        ;       ;             ;            ;       ;       ;
;    IC                     ;        ; 3     ; 0.000       ; 0          ; 0.000 ; 0.000 ;
;    Cell                   ;        ; 3     ; 1.662       ; 40         ; 0.312 ; 0.917 ;
;    Routing Element        ;        ; 25    ; 2.524       ; 60         ; 0.000 ; 0.990 ;
+---------------------------+--------+-------+-------------+------------+-------+-------+
Note: Negative delays are omitted from totals when calculating percentages

+-------------------------------------------------------------------------------------------------------------+
; Data Arrival Path                                                                                           ;
+---------+---------+----+------+--------+----------------------------------------+---------------------------+
; Total   ; Incr    ; RF ; Type ; Fanout ; Location                               ; Element                   ;
+---------+---------+----+------+--------+----------------------------------------+---------------------------+
; 0.000   ; 0.000   ;    ;      ;        ;                                        ; launch edge time          ;
; 0.000   ; 0.000   ;    ;      ;        ;                                        ; clock path                ;
;   0.000 ;   0.000 ; R  ;      ;        ;                                        ; clock network delay       ;
; 2.000   ; 2.000   ; R  ; iExt ; 1      ; PIN_V27                                ; rst_n                     ;
; 7.808   ; 5.808   ;    ;      ;        ;                                        ; data path                 ;
;   2.000 ;   0.000 ;    ; RE   ; 1      ; IOPAD_X121_Y51_N60                     ; ARRIAV_IO_PAD             ;
;   2.000 ;   0.000 ;    ; RE   ; 1      ; IO_PAD_OUTPUT_X121_Y51_N60_I1          ; IO_PAD_OUTPUT             ;
;   2.000 ;   0.000 ;    ; RE   ; 1      ; IO_INPUT_BUFFER_INPUT_X121_Y51_N61_I0  ; IO_INPUT_BUFFER_INPUT     ;
;   2.000 ;   0.000 ; RR ; IC   ; 1      ; IOIBUF_X121_Y51_N61                    ; rst_n~input|i             ;
;   3.693 ;   1.693 ; RR ; CELL ; 1294   ; IOIBUF_X121_Y51_N61                    ; rst_n~input|o             ;
;   3.693 ;   0.000 ;    ; RE   ; 1      ; IOIBUF_X121_Y51_N61                    ; ARRIAV_IO_IBUF            ;
;   3.693 ;   0.000 ;    ; RE   ; 1      ; IO_INPUT_BUFFER_OUTPUT_X121_Y51_N61_I2 ; IO_INPUT_BUFFER_OUTPUT    ;
;   3.693 ;   0.000 ;    ; RE   ; 2      ; IO_RE_X121_Y51_N60_I96                 ; IO_RE                     ;
;   3.880 ;   0.187 ;    ; RE   ; 1      ; IO_RE_X121_Y51_N60_I66                 ; IO_RE                     ;
;   4.194 ;   0.314 ;    ; RE   ; 1      ; CLKBUF_CLUSTER_RE_X121_Y56_N3_I421     ; CLKBUF_CLUSTER_RE         ;
;   4.194 ;   0.000 ;    ; RE   ; 1      ; CLKBUF_CLUSTER_RE_X121_Y56_N3_I772     ; CLKBUF_CLUSTER_RE         ;
;   4.194 ;   0.000 ;    ; RE   ; 1      ; CLKBUF_CLUSTER_RE_X121_Y56_N3_I557     ; CLKBUF_CLUSTER_RE         ;
;   4.194 ;   0.000 ;    ; RE   ; 1      ; GCLK_CLUSTER_RE_X121_Y56_N6_I10        ; GCLK_CLUSTER_RE           ;
;   4.194 ;   0.000 ;    ; RE   ; 1      ; CLKBUFBLOCK_INPUT_X121_Y56_N7_I0       ; CLKBUFBLOCK_INPUT         ;
;   4.194 ;   0.000 ; RR ; IC   ; 1      ; CLKCTRL_G9                             ; rst_n~inputCLKENA0|inclk  ;
;   4.662 ;   0.468 ; RR ; CELL ; 2145   ; CLKCTRL_G9                             ; rst_n~inputCLKENA0|outclk ;
;   4.662 ;   0.000 ;    ; RE   ; 1      ; CLKCTRL_G9                             ; ARRIAV_CLKBUF             ;
;   4.662 ;   0.000 ;    ; RE   ; 1      ; CLKBUFBLOCK_OUTPUT_X121_Y56_N7_I2      ; CLKBUFBLOCK_OUTPUT        ;
;   4.662 ;   0.000 ;    ; RE   ; 1      ; GCLK_CLUSTER_RE_X121_Y56_N6_I12        ; GCLK_CLUSTER_RE           ;
;   4.662 ;   0.000 ;    ; RE   ; 1      ; CLKBUF_CLUSTER_RE_X121_Y56_N3_I416     ; CLKBUF_CLUSTER_RE         ;
;   5.727 ;   1.065 ;    ; RE   ; 16     ; GLOBAL_CLOCK_X0_Y58_N0_I9              ; GLOBAL_CLOCK              ;
;   5.917 ;   0.190 ;    ; RE   ; 25     ; SPINE_CLOCK_X106_Y30_N0_I7             ; SPINE_CLOCK               ;
;   6.375 ;   0.458 ;    ; RE   ; 1      ; SCLK_TO_ROWCLK_BUF_X106_Y37_N0_I43     ; SCLK_TO_ROWCLK_BUF        ;
;   6.463 ;   0.088 ;    ; RE   ; 2      ; SCLK_TO_ROWCLK_BUF_X106_Y37_N0_I46     ; SCLK_TO_ROWCLK_BUF        ;
;   6.899 ;   0.436 ;    ; RE   ; 4      ; LAB_CLK_X107_Y37_N0_I5                 ; LAB_CLK                   ;
;   7.047 ;   0.148 ;    ; RE   ; 1      ; BLK_CLK_BUF_X109_Y37_N0_I5             ; BLK_CLK_BUF               ;
;   7.104 ;   0.057 ;    ; RE   ; 1      ; ROWCLKSEL_PREBUF_X109_Y37_N0_I5        ; ROWCLKSEL_PREBUF          ;
;   7.143 ;   0.039 ;    ; RE   ; 1      ; ROWCLKSEL_X109_Y37_N0_I2               ; ROWCLKSEL                 ;
;   7.143 ;   0.000 ;    ; RE   ; 1      ; GLOBAL_LOCAL_SEL_X109_Y37_N0_I2        ; GLOBAL_LOCAL_SEL          ;
;   7.143 ;   0.000 ;    ; RE   ; 18     ; LAB_INPUT_X109_Y37_N0_I3               ; LAB_INPUT                 ;
;   7.143 ;   0.000 ; RR ; IC   ; 1      ; FF_X109_Y37_N56                        ; u_div|rem_work[0]|clrn    ;
;   7.808 ;   0.665 ; RR ; CELL ; 1      ; FF_X109_Y37_N56                        ; div:u_div|rem_work[0]     ;
+---------+---------+----+------+--------+----------------------------------------+---------------------------+

+---------------------------------------------------------------------------------------------------------+
; Data Required Path                                                                                      ;
+----------+---------+----+------+--------+-------------------------------------+-------------------------+
; Total    ; Incr    ; RF ; Type ; Fanout ; Location                            ; Element                 ;
+----------+---------+----+------+--------+-------------------------------------+-------------------------+
; 10.000   ; 10.000  ;    ;      ;        ;                                     ; latch edge time         ;
; 14.186   ; 4.186   ;    ;      ;        ;                                     ; clock path              ;
;   10.000 ;   0.000 ;    ;      ;        ;                                     ; source latency          ;
;   10.000 ;   0.000 ;    ;      ; 1      ; PIN_AC18                            ; clk                     ;
;   10.000 ;   0.000 ;    ; RE   ; 1      ; IOPAD_X54_Y0_N0                     ; ARRIAV_IO_PAD           ;
;   10.000 ;   0.000 ;    ; RE   ; 1      ; IO_PAD_OUTPUT_X54_Y0_N0_I1          ; IO_PAD_OUTPUT           ;
;   10.000 ;   0.000 ;    ; RE   ; 1      ; IO_INPUT_BUFFER_INPUT_X54_Y0_N1_I0  ; IO_INPUT_BUFFER_INPUT   ;
;   10.000 ;   0.000 ; RR ; IC   ; 1      ; IOIBUF_X54_Y0_N1                    ; clk~input|i             ;
;   10.917 ;   0.917 ; RR ; CELL ; 1      ; IOIBUF_X54_Y0_N1                    ; clk~input|o             ;
;   10.917 ;   0.000 ;    ; RE   ; 1      ; IOIBUF_X54_Y0_N1                    ; ARRIAV_IO_IBUF          ;
;   10.917 ;   0.000 ;    ; RE   ; 1      ; IO_INPUT_BUFFER_OUTPUT_X54_Y0_N1_I2 ; IO_INPUT_BUFFER_OUTPUT  ;
;   10.917 ;   0.000 ;    ; RE   ; 1      ; IO_RE_X54_Y0_N0_I96                 ; IO_RE                   ;
;   11.095 ;   0.178 ;    ; RE   ; 1      ; IO_RE_X54_Y0_N0_I66                 ; IO_RE                   ;
;   11.095 ;   0.000 ;    ; RE   ; 1      ; CLKBUF_CLUSTER_RE_X58_Y0_N0_I1614   ; CLKBUF_CLUSTER_RE       ;
;   11.095 ;   0.000 ;    ; RE   ; 1      ; CLKBUF_CLUSTER_RE_X58_Y0_N0_I616    ; CLKBUF_CLUSTER_RE       ;
;   11.095 ;   0.000 ;    ; RE   ; 1      ; GCLK_CLUSTER_RE_X58_Y0_N6_I10       ; GCLK_CLUSTER_RE         ;
;   11.095 ;   0.000 ;    ; RE   ; 1      ; CLKBUFBLOCK_INPUT_X58_Y0_N7_I0      ; CLKBUFBLOCK_INPUT       ;
;   11.095 ;   0.000 ; RR ; IC   ; 1      ; CLKCTRL_G6                          ; clk~inputCLKENA0|inclk  ;
;   11.407 ;   0.312 ; RR ; CELL ; 37157  ; CLKCTRL_G6                          ; clk~inputCLKENA0|outclk ;
;   11.407 ;   0.000 ;    ; RE   ; 1      ; CLKCTRL_G6                          ; ARRIAV_CLKBUF           ;
;   11.407 ;   0.000 ;    ; RE   ; 1      ; CLKBUFBLOCK_OUTPUT_X58_Y0_N7_I2     ; CLKBUFBLOCK_OUTPUT      ;
;   11.407 ;   0.000 ;    ; RE   ; 1      ; GCLK_CLUSTER_RE_X58_Y0_N6_I12       ; GCLK_CLUSTER_RE         ;
;   11.407 ;   0.000 ;    ; RE   ; 1      ; CLKBUF_CLUSTER_RE_X58_Y0_N0_I417    ; CLKBUF_CLUSTER_RE       ;
;   12.397 ;   0.990 ;    ; RE   ; 16     ; GLOBAL_CLOCK_X0_Y58_N0_I6           ; GLOBAL_CLOCK            ;
;   12.580 ;   0.183 ;    ; RE   ; 29     ; SPINE_CLOCK_X106_Y30_N0_I2          ; SPINE_CLOCK             ;
;   13.021 ;   0.441 ;    ; RE   ; 1      ; SCLK_TO_ROWCLK_BUF_X106_Y37_N0_I12  ; SCLK_TO_ROWCLK_BUF      ;
;   13.106 ;   0.085 ;    ; RE   ; 2      ; SCLK_TO_ROWCLK_BUF_X106_Y37_N0_I15  ; SCLK_TO_ROWCLK_BUF      ;
;   13.526 ;   0.420 ;    ; RE   ; 9      ; LAB_CLK_X107_Y37_N0_I2              ; LAB_CLK                 ;
;   13.662 ;   0.136 ;    ; RE   ; 1      ; BLK_CLK_BUF_X109_Y37_N0_I2          ; BLK_CLK_BUF             ;
;   13.717 ;   0.055 ;    ; RE   ; 1      ; ROWCLKSEL_PREBUF_X109_Y37_N0_I2     ; ROWCLKSEL_PREBUF        ;
;   13.753 ;   0.036 ;    ; RE   ; 1      ; ROWCLKSEL_X109_Y37_N0_I1            ; ROWCLKSEL               ;
;   13.753 ;   0.000 ;    ; RE   ; 1      ; GLOBAL_LOCAL_SEL_X109_Y37_N0_I1     ; GLOBAL_LOCAL_SEL        ;
;   13.753 ;   0.000 ;    ; RE   ; 18     ; LAB_INPUT_X109_Y37_N0_I1            ; LAB_INPUT               ;
;   13.753 ;   0.000 ; RR ; IC   ; 1      ; FF_X109_Y37_N56                     ; u_div|rem_work[0]|clk   ;
;   14.186 ;   0.433 ; RR ; CELL ; 1      ; FF_X109_Y37_N56                     ; div:u_div|rem_work[0]   ;
; 14.086   ; -0.100  ;    ;      ;        ;                                     ; clock uncertainty       ;
; 14.086   ; 0.000   ;    ; uTsu ; 1      ; FF_X109_Y37_N56                     ; div:u_div|rem_work[0]   ;
+----------+---------+----+------+--------+-------------------------------------+-------------------------+

----------------------------
; Extra Fitter Information ;
----------------------------
HTML report is unavailable in plain text report export.


Path #34: Recovery slack is 6.278 
===============================================================================
+---------------------------------------------+
; Path Summary                                ;
+--------------------+------------------------+
; Property           ; Value                  ;
+--------------------+------------------------+
; From Node          ; rst_n                  ;
; To Node            ; div:u_div|rem_work[28] ;
; Launch Clock       ; clk                    ;
; Latch Clock        ; clk                    ;
; Data Arrival Time  ; 7.808                  ;
; Data Required Time ; 14.086                 ;
; Slack              ; 6.278                  ;
+--------------------+------------------------+

+---------------------------------------------------------------------------------------+
; Statistics                                                                            ;
+---------------------------+--------+-------+-------------+------------+-------+-------+
; Property                  ; Value  ; Count ; Total Delay ; % of Total ; Min   ; Max   ;
+---------------------------+--------+-------+-------------+------------+-------+-------+
; Recovery Relationship     ; 10.000 ;       ;             ;            ;       ;       ;
; Clock Skew                ; 4.186  ;       ;             ;            ;       ;       ;
; Data Delay                ; 5.808  ;       ;             ;            ;       ;       ;
; Number of Logic Levels    ;        ; 2     ;             ;            ;       ;       ;
; Physical Delays           ;        ;       ;             ;            ;       ;       ;
;  Arrival Path             ;        ;       ;             ;            ;       ;       ;
;   Clock                   ;        ;       ;             ;            ;       ;       ;
;    Clock Network (Lumped) ;        ; 1     ; 0.000       ;            ; 0.000 ; 0.000 ;
;   Data                    ;        ;       ;             ;            ;       ;       ;
;    IC                     ;        ; 3     ; 0.000       ; 0          ; 0.000 ; 0.000 ;
;    Cell                   ;        ; 3     ; 2.826       ; 49         ; 0.468 ; 1.693 ;
;    Routing Element        ;        ; 26    ; 2.982       ; 51         ; 0.000 ; 1.065 ;
;  Required Path            ;        ;       ;             ;            ;       ;       ;
;   Clock                   ;        ;       ;             ;            ;       ;       ;
;    IC                     ;        ; 3     ; 0.000       ; 0          ; 0.000 ; 0.000 ;
;    Cell                   ;        ; 3     ; 1.662       ; 40         ; 0.312 ; 0.917 ;
;    Routing Element        ;        ; 25    ; 2.524       ; 60         ; 0.000 ; 0.990 ;
+---------------------------+--------+-------+-------------+------------+-------+-------+
Note: Negative delays are omitted from totals when calculating percentages

+-------------------------------------------------------------------------------------------------------------+
; Data Arrival Path                                                                                           ;
+---------+---------+----+------+--------+----------------------------------------+---------------------------+
; Total   ; Incr    ; RF ; Type ; Fanout ; Location                               ; Element                   ;
+---------+---------+----+------+--------+----------------------------------------+---------------------------+
; 0.000   ; 0.000   ;    ;      ;        ;                                        ; launch edge time          ;
; 0.000   ; 0.000   ;    ;      ;        ;                                        ; clock path                ;
;   0.000 ;   0.000 ; R  ;      ;        ;                                        ; clock network delay       ;
; 2.000   ; 2.000   ; R  ; iExt ; 1      ; PIN_V27                                ; rst_n                     ;
; 7.808   ; 5.808   ;    ;      ;        ;                                        ; data path                 ;
;   2.000 ;   0.000 ;    ; RE   ; 1      ; IOPAD_X121_Y51_N60                     ; ARRIAV_IO_PAD             ;
;   2.000 ;   0.000 ;    ; RE   ; 1      ; IO_PAD_OUTPUT_X121_Y51_N60_I1          ; IO_PAD_OUTPUT             ;
;   2.000 ;   0.000 ;    ; RE   ; 1      ; IO_INPUT_BUFFER_INPUT_X121_Y51_N61_I0  ; IO_INPUT_BUFFER_INPUT     ;
;   2.000 ;   0.000 ; RR ; IC   ; 1      ; IOIBUF_X121_Y51_N61                    ; rst_n~input|i             ;
;   3.693 ;   1.693 ; RR ; CELL ; 1294   ; IOIBUF_X121_Y51_N61                    ; rst_n~input|o             ;
;   3.693 ;   0.000 ;    ; RE   ; 1      ; IOIBUF_X121_Y51_N61                    ; ARRIAV_IO_IBUF            ;
;   3.693 ;   0.000 ;    ; RE   ; 1      ; IO_INPUT_BUFFER_OUTPUT_X121_Y51_N61_I2 ; IO_INPUT_BUFFER_OUTPUT    ;
;   3.693 ;   0.000 ;    ; RE   ; 2      ; IO_RE_X121_Y51_N60_I96                 ; IO_RE                     ;
;   3.880 ;   0.187 ;    ; RE   ; 1      ; IO_RE_X121_Y51_N60_I66                 ; IO_RE                     ;
;   4.194 ;   0.314 ;    ; RE   ; 1      ; CLKBUF_CLUSTER_RE_X121_Y56_N3_I421     ; CLKBUF_CLUSTER_RE         ;
;   4.194 ;   0.000 ;    ; RE   ; 1      ; CLKBUF_CLUSTER_RE_X121_Y56_N3_I772     ; CLKBUF_CLUSTER_RE         ;
;   4.194 ;   0.000 ;    ; RE   ; 1      ; CLKBUF_CLUSTER_RE_X121_Y56_N3_I557     ; CLKBUF_CLUSTER_RE         ;
;   4.194 ;   0.000 ;    ; RE   ; 1      ; GCLK_CLUSTER_RE_X121_Y56_N6_I10        ; GCLK_CLUSTER_RE           ;
;   4.194 ;   0.000 ;    ; RE   ; 1      ; CLKBUFBLOCK_INPUT_X121_Y56_N7_I0       ; CLKBUFBLOCK_INPUT         ;
;   4.194 ;   0.000 ; RR ; IC   ; 1      ; CLKCTRL_G9                             ; rst_n~inputCLKENA0|inclk  ;
;   4.662 ;   0.468 ; RR ; CELL ; 2145   ; CLKCTRL_G9                             ; rst_n~inputCLKENA0|outclk ;
;   4.662 ;   0.000 ;    ; RE   ; 1      ; CLKCTRL_G9                             ; ARRIAV_CLKBUF             ;
;   4.662 ;   0.000 ;    ; RE   ; 1      ; CLKBUFBLOCK_OUTPUT_X121_Y56_N7_I2      ; CLKBUFBLOCK_OUTPUT        ;
;   4.662 ;   0.000 ;    ; RE   ; 1      ; GCLK_CLUSTER_RE_X121_Y56_N6_I12        ; GCLK_CLUSTER_RE           ;
;   4.662 ;   0.000 ;    ; RE   ; 1      ; CLKBUF_CLUSTER_RE_X121_Y56_N3_I416     ; CLKBUF_CLUSTER_RE         ;
;   5.727 ;   1.065 ;    ; RE   ; 16     ; GLOBAL_CLOCK_X0_Y58_N0_I9              ; GLOBAL_CLOCK              ;
;   5.917 ;   0.190 ;    ; RE   ; 25     ; SPINE_CLOCK_X106_Y30_N0_I7             ; SPINE_CLOCK               ;
;   6.375 ;   0.458 ;    ; RE   ; 1      ; SCLK_TO_ROWCLK_BUF_X106_Y37_N0_I43     ; SCLK_TO_ROWCLK_BUF        ;
;   6.463 ;   0.088 ;    ; RE   ; 2      ; SCLK_TO_ROWCLK_BUF_X106_Y37_N0_I46     ; SCLK_TO_ROWCLK_BUF        ;
;   6.899 ;   0.436 ;    ; RE   ; 4      ; LAB_CLK_X107_Y37_N0_I5                 ; LAB_CLK                   ;
;   7.047 ;   0.148 ;    ; RE   ; 1      ; BLK_CLK_BUF_X109_Y37_N0_I5             ; BLK_CLK_BUF               ;
;   7.104 ;   0.057 ;    ; RE   ; 1      ; ROWCLKSEL_PREBUF_X109_Y37_N0_I5        ; ROWCLKSEL_PREBUF          ;
;   7.143 ;   0.039 ;    ; RE   ; 1      ; ROWCLKSEL_X109_Y37_N0_I2               ; ROWCLKSEL                 ;
;   7.143 ;   0.000 ;    ; RE   ; 1      ; GLOBAL_LOCAL_SEL_X109_Y37_N0_I2        ; GLOBAL_LOCAL_SEL          ;
;   7.143 ;   0.000 ;    ; RE   ; 18     ; LAB_INPUT_X109_Y37_N0_I3               ; LAB_INPUT                 ;
;   7.143 ;   0.000 ; RR ; IC   ; 1      ; FF_X109_Y37_N26                        ; u_div|rem_work[28]|clrn   ;
;   7.808 ;   0.665 ; RR ; CELL ; 1      ; FF_X109_Y37_N26                        ; div:u_div|rem_work[28]    ;
+---------+---------+----+------+--------+----------------------------------------+---------------------------+

+---------------------------------------------------------------------------------------------------------+
; Data Required Path                                                                                      ;
+----------+---------+----+------+--------+-------------------------------------+-------------------------+
; Total    ; Incr    ; RF ; Type ; Fanout ; Location                            ; Element                 ;
+----------+---------+----+------+--------+-------------------------------------+-------------------------+
; 10.000   ; 10.000  ;    ;      ;        ;                                     ; latch edge time         ;
; 14.186   ; 4.186   ;    ;      ;        ;                                     ; clock path              ;
;   10.000 ;   0.000 ;    ;      ;        ;                                     ; source latency          ;
;   10.000 ;   0.000 ;    ;      ; 1      ; PIN_AC18                            ; clk                     ;
;   10.000 ;   0.000 ;    ; RE   ; 1      ; IOPAD_X54_Y0_N0                     ; ARRIAV_IO_PAD           ;
;   10.000 ;   0.000 ;    ; RE   ; 1      ; IO_PAD_OUTPUT_X54_Y0_N0_I1          ; IO_PAD_OUTPUT           ;
;   10.000 ;   0.000 ;    ; RE   ; 1      ; IO_INPUT_BUFFER_INPUT_X54_Y0_N1_I0  ; IO_INPUT_BUFFER_INPUT   ;
;   10.000 ;   0.000 ; RR ; IC   ; 1      ; IOIBUF_X54_Y0_N1                    ; clk~input|i             ;
;   10.917 ;   0.917 ; RR ; CELL ; 1      ; IOIBUF_X54_Y0_N1                    ; clk~input|o             ;
;   10.917 ;   0.000 ;    ; RE   ; 1      ; IOIBUF_X54_Y0_N1                    ; ARRIAV_IO_IBUF          ;
;   10.917 ;   0.000 ;    ; RE   ; 1      ; IO_INPUT_BUFFER_OUTPUT_X54_Y0_N1_I2 ; IO_INPUT_BUFFER_OUTPUT  ;
;   10.917 ;   0.000 ;    ; RE   ; 1      ; IO_RE_X54_Y0_N0_I96                 ; IO_RE                   ;
;   11.095 ;   0.178 ;    ; RE   ; 1      ; IO_RE_X54_Y0_N0_I66                 ; IO_RE                   ;
;   11.095 ;   0.000 ;    ; RE   ; 1      ; CLKBUF_CLUSTER_RE_X58_Y0_N0_I1614   ; CLKBUF_CLUSTER_RE       ;
;   11.095 ;   0.000 ;    ; RE   ; 1      ; CLKBUF_CLUSTER_RE_X58_Y0_N0_I616    ; CLKBUF_CLUSTER_RE       ;
;   11.095 ;   0.000 ;    ; RE   ; 1      ; GCLK_CLUSTER_RE_X58_Y0_N6_I10       ; GCLK_CLUSTER_RE         ;
;   11.095 ;   0.000 ;    ; RE   ; 1      ; CLKBUFBLOCK_INPUT_X58_Y0_N7_I0      ; CLKBUFBLOCK_INPUT       ;
;   11.095 ;   0.000 ; RR ; IC   ; 1      ; CLKCTRL_G6                          ; clk~inputCLKENA0|inclk  ;
;   11.407 ;   0.312 ; RR ; CELL ; 37157  ; CLKCTRL_G6                          ; clk~inputCLKENA0|outclk ;
;   11.407 ;   0.000 ;    ; RE   ; 1      ; CLKCTRL_G6                          ; ARRIAV_CLKBUF           ;
;   11.407 ;   0.000 ;    ; RE   ; 1      ; CLKBUFBLOCK_OUTPUT_X58_Y0_N7_I2     ; CLKBUFBLOCK_OUTPUT      ;
;   11.407 ;   0.000 ;    ; RE   ; 1      ; GCLK_CLUSTER_RE_X58_Y0_N6_I12       ; GCLK_CLUSTER_RE         ;
;   11.407 ;   0.000 ;    ; RE   ; 1      ; CLKBUF_CLUSTER_RE_X58_Y0_N0_I417    ; CLKBUF_CLUSTER_RE       ;
;   12.397 ;   0.990 ;    ; RE   ; 16     ; GLOBAL_CLOCK_X0_Y58_N0_I6           ; GLOBAL_CLOCK            ;
;   12.580 ;   0.183 ;    ; RE   ; 29     ; SPINE_CLOCK_X106_Y30_N0_I2          ; SPINE_CLOCK             ;
;   13.021 ;   0.441 ;    ; RE   ; 1      ; SCLK_TO_ROWCLK_BUF_X106_Y37_N0_I12  ; SCLK_TO_ROWCLK_BUF      ;
;   13.106 ;   0.085 ;    ; RE   ; 2      ; SCLK_TO_ROWCLK_BUF_X106_Y37_N0_I15  ; SCLK_TO_ROWCLK_BUF      ;
;   13.526 ;   0.420 ;    ; RE   ; 9      ; LAB_CLK_X107_Y37_N0_I2              ; LAB_CLK                 ;
;   13.662 ;   0.136 ;    ; RE   ; 1      ; BLK_CLK_BUF_X109_Y37_N0_I2          ; BLK_CLK_BUF             ;
;   13.717 ;   0.055 ;    ; RE   ; 1      ; ROWCLKSEL_PREBUF_X109_Y37_N0_I2     ; ROWCLKSEL_PREBUF        ;
;   13.753 ;   0.036 ;    ; RE   ; 1      ; ROWCLKSEL_X109_Y37_N0_I1            ; ROWCLKSEL               ;
;   13.753 ;   0.000 ;    ; RE   ; 1      ; GLOBAL_LOCAL_SEL_X109_Y37_N0_I1     ; GLOBAL_LOCAL_SEL        ;
;   13.753 ;   0.000 ;    ; RE   ; 18     ; LAB_INPUT_X109_Y37_N0_I1            ; LAB_INPUT               ;
;   13.753 ;   0.000 ; RR ; IC   ; 1      ; FF_X109_Y37_N26                     ; u_div|rem_work[28]|clk  ;
;   14.186 ;   0.433 ; RR ; CELL ; 1      ; FF_X109_Y37_N26                     ; div:u_div|rem_work[28]  ;
; 14.086   ; -0.100  ;    ;      ;        ;                                     ; clock uncertainty       ;
; 14.086   ; 0.000   ;    ; uTsu ; 1      ; FF_X109_Y37_N26                     ; div:u_div|rem_work[28]  ;
+----------+---------+----+------+--------+-------------------------------------+-------------------------+

----------------------------
; Extra Fitter Information ;
----------------------------
HTML report is unavailable in plain text report export.


Path #35: Recovery slack is 6.278 
===============================================================================
+---------------------------------------------+
; Path Summary                                ;
+--------------------+------------------------+
; Property           ; Value                  ;
+--------------------+------------------------+
; From Node          ; rst_n                  ;
; To Node            ; div:u_div|rem_work[27] ;
; Launch Clock       ; clk                    ;
; Latch Clock        ; clk                    ;
; Data Arrival Time  ; 7.808                  ;
; Data Required Time ; 14.086                 ;
; Slack              ; 6.278                  ;
+--------------------+------------------------+

+---------------------------------------------------------------------------------------+
; Statistics                                                                            ;
+---------------------------+--------+-------+-------------+------------+-------+-------+
; Property                  ; Value  ; Count ; Total Delay ; % of Total ; Min   ; Max   ;
+---------------------------+--------+-------+-------------+------------+-------+-------+
; Recovery Relationship     ; 10.000 ;       ;             ;            ;       ;       ;
; Clock Skew                ; 4.186  ;       ;             ;            ;       ;       ;
; Data Delay                ; 5.808  ;       ;             ;            ;       ;       ;
; Number of Logic Levels    ;        ; 2     ;             ;            ;       ;       ;
; Physical Delays           ;        ;       ;             ;            ;       ;       ;
;  Arrival Path             ;        ;       ;             ;            ;       ;       ;
;   Clock                   ;        ;       ;             ;            ;       ;       ;
;    Clock Network (Lumped) ;        ; 1     ; 0.000       ;            ; 0.000 ; 0.000 ;
;   Data                    ;        ;       ;             ;            ;       ;       ;
;    IC                     ;        ; 3     ; 0.000       ; 0          ; 0.000 ; 0.000 ;
;    Cell                   ;        ; 3     ; 2.826       ; 49         ; 0.468 ; 1.693 ;
;    Routing Element        ;        ; 26    ; 2.982       ; 51         ; 0.000 ; 1.065 ;
;  Required Path            ;        ;       ;             ;            ;       ;       ;
;   Clock                   ;        ;       ;             ;            ;       ;       ;
;    IC                     ;        ; 3     ; 0.000       ; 0          ; 0.000 ; 0.000 ;
;    Cell                   ;        ; 3     ; 1.662       ; 40         ; 0.312 ; 0.917 ;
;    Routing Element        ;        ; 25    ; 2.524       ; 60         ; 0.000 ; 0.990 ;
+---------------------------+--------+-------+-------------+------------+-------+-------+
Note: Negative delays are omitted from totals when calculating percentages

+-------------------------------------------------------------------------------------------------------------+
; Data Arrival Path                                                                                           ;
+---------+---------+----+------+--------+----------------------------------------+---------------------------+
; Total   ; Incr    ; RF ; Type ; Fanout ; Location                               ; Element                   ;
+---------+---------+----+------+--------+----------------------------------------+---------------------------+
; 0.000   ; 0.000   ;    ;      ;        ;                                        ; launch edge time          ;
; 0.000   ; 0.000   ;    ;      ;        ;                                        ; clock path                ;
;   0.000 ;   0.000 ; R  ;      ;        ;                                        ; clock network delay       ;
; 2.000   ; 2.000   ; R  ; iExt ; 1      ; PIN_V27                                ; rst_n                     ;
; 7.808   ; 5.808   ;    ;      ;        ;                                        ; data path                 ;
;   2.000 ;   0.000 ;    ; RE   ; 1      ; IOPAD_X121_Y51_N60                     ; ARRIAV_IO_PAD             ;
;   2.000 ;   0.000 ;    ; RE   ; 1      ; IO_PAD_OUTPUT_X121_Y51_N60_I1          ; IO_PAD_OUTPUT             ;
;   2.000 ;   0.000 ;    ; RE   ; 1      ; IO_INPUT_BUFFER_INPUT_X121_Y51_N61_I0  ; IO_INPUT_BUFFER_INPUT     ;
;   2.000 ;   0.000 ; RR ; IC   ; 1      ; IOIBUF_X121_Y51_N61                    ; rst_n~input|i             ;
;   3.693 ;   1.693 ; RR ; CELL ; 1294   ; IOIBUF_X121_Y51_N61                    ; rst_n~input|o             ;
;   3.693 ;   0.000 ;    ; RE   ; 1      ; IOIBUF_X121_Y51_N61                    ; ARRIAV_IO_IBUF            ;
;   3.693 ;   0.000 ;    ; RE   ; 1      ; IO_INPUT_BUFFER_OUTPUT_X121_Y51_N61_I2 ; IO_INPUT_BUFFER_OUTPUT    ;
;   3.693 ;   0.000 ;    ; RE   ; 2      ; IO_RE_X121_Y51_N60_I96                 ; IO_RE                     ;
;   3.880 ;   0.187 ;    ; RE   ; 1      ; IO_RE_X121_Y51_N60_I66                 ; IO_RE                     ;
;   4.194 ;   0.314 ;    ; RE   ; 1      ; CLKBUF_CLUSTER_RE_X121_Y56_N3_I421     ; CLKBUF_CLUSTER_RE         ;
;   4.194 ;   0.000 ;    ; RE   ; 1      ; CLKBUF_CLUSTER_RE_X121_Y56_N3_I772     ; CLKBUF_CLUSTER_RE         ;
;   4.194 ;   0.000 ;    ; RE   ; 1      ; CLKBUF_CLUSTER_RE_X121_Y56_N3_I557     ; CLKBUF_CLUSTER_RE         ;
;   4.194 ;   0.000 ;    ; RE   ; 1      ; GCLK_CLUSTER_RE_X121_Y56_N6_I10        ; GCLK_CLUSTER_RE           ;
;   4.194 ;   0.000 ;    ; RE   ; 1      ; CLKBUFBLOCK_INPUT_X121_Y56_N7_I0       ; CLKBUFBLOCK_INPUT         ;
;   4.194 ;   0.000 ; RR ; IC   ; 1      ; CLKCTRL_G9                             ; rst_n~inputCLKENA0|inclk  ;
;   4.662 ;   0.468 ; RR ; CELL ; 2145   ; CLKCTRL_G9                             ; rst_n~inputCLKENA0|outclk ;
;   4.662 ;   0.000 ;    ; RE   ; 1      ; CLKCTRL_G9                             ; ARRIAV_CLKBUF             ;
;   4.662 ;   0.000 ;    ; RE   ; 1      ; CLKBUFBLOCK_OUTPUT_X121_Y56_N7_I2      ; CLKBUFBLOCK_OUTPUT        ;
;   4.662 ;   0.000 ;    ; RE   ; 1      ; GCLK_CLUSTER_RE_X121_Y56_N6_I12        ; GCLK_CLUSTER_RE           ;
;   4.662 ;   0.000 ;    ; RE   ; 1      ; CLKBUF_CLUSTER_RE_X121_Y56_N3_I416     ; CLKBUF_CLUSTER_RE         ;
;   5.727 ;   1.065 ;    ; RE   ; 16     ; GLOBAL_CLOCK_X0_Y58_N0_I9              ; GLOBAL_CLOCK              ;
;   5.917 ;   0.190 ;    ; RE   ; 25     ; SPINE_CLOCK_X106_Y30_N0_I7             ; SPINE_CLOCK               ;
;   6.375 ;   0.458 ;    ; RE   ; 1      ; SCLK_TO_ROWCLK_BUF_X106_Y37_N0_I43     ; SCLK_TO_ROWCLK_BUF        ;
;   6.463 ;   0.088 ;    ; RE   ; 2      ; SCLK_TO_ROWCLK_BUF_X106_Y37_N0_I46     ; SCLK_TO_ROWCLK_BUF        ;
;   6.899 ;   0.436 ;    ; RE   ; 4      ; LAB_CLK_X107_Y37_N0_I5                 ; LAB_CLK                   ;
;   7.047 ;   0.148 ;    ; RE   ; 1      ; BLK_CLK_BUF_X109_Y37_N0_I5             ; BLK_CLK_BUF               ;
;   7.104 ;   0.057 ;    ; RE   ; 1      ; ROWCLKSEL_PREBUF_X109_Y37_N0_I5        ; ROWCLKSEL_PREBUF          ;
;   7.143 ;   0.039 ;    ; RE   ; 1      ; ROWCLKSEL_X109_Y37_N0_I2               ; ROWCLKSEL                 ;
;   7.143 ;   0.000 ;    ; RE   ; 1      ; GLOBAL_LOCAL_SEL_X109_Y37_N0_I2        ; GLOBAL_LOCAL_SEL          ;
;   7.143 ;   0.000 ;    ; RE   ; 18     ; LAB_INPUT_X109_Y37_N0_I3               ; LAB_INPUT                 ;
;   7.143 ;   0.000 ; RR ; IC   ; 1      ; FF_X109_Y37_N8                         ; u_div|rem_work[27]|clrn   ;
;   7.808 ;   0.665 ; RR ; CELL ; 1      ; FF_X109_Y37_N8                         ; div:u_div|rem_work[27]    ;
+---------+---------+----+------+--------+----------------------------------------+---------------------------+

+---------------------------------------------------------------------------------------------------------+
; Data Required Path                                                                                      ;
+----------+---------+----+------+--------+-------------------------------------+-------------------------+
; Total    ; Incr    ; RF ; Type ; Fanout ; Location                            ; Element                 ;
+----------+---------+----+------+--------+-------------------------------------+-------------------------+
; 10.000   ; 10.000  ;    ;      ;        ;                                     ; latch edge time         ;
; 14.186   ; 4.186   ;    ;      ;        ;                                     ; clock path              ;
;   10.000 ;   0.000 ;    ;      ;        ;                                     ; source latency          ;
;   10.000 ;   0.000 ;    ;      ; 1      ; PIN_AC18                            ; clk                     ;
;   10.000 ;   0.000 ;    ; RE   ; 1      ; IOPAD_X54_Y0_N0                     ; ARRIAV_IO_PAD           ;
;   10.000 ;   0.000 ;    ; RE   ; 1      ; IO_PAD_OUTPUT_X54_Y0_N0_I1          ; IO_PAD_OUTPUT           ;
;   10.000 ;   0.000 ;    ; RE   ; 1      ; IO_INPUT_BUFFER_INPUT_X54_Y0_N1_I0  ; IO_INPUT_BUFFER_INPUT   ;
;   10.000 ;   0.000 ; RR ; IC   ; 1      ; IOIBUF_X54_Y0_N1                    ; clk~input|i             ;
;   10.917 ;   0.917 ; RR ; CELL ; 1      ; IOIBUF_X54_Y0_N1                    ; clk~input|o             ;
;   10.917 ;   0.000 ;    ; RE   ; 1      ; IOIBUF_X54_Y0_N1                    ; ARRIAV_IO_IBUF          ;
;   10.917 ;   0.000 ;    ; RE   ; 1      ; IO_INPUT_BUFFER_OUTPUT_X54_Y0_N1_I2 ; IO_INPUT_BUFFER_OUTPUT  ;
;   10.917 ;   0.000 ;    ; RE   ; 1      ; IO_RE_X54_Y0_N0_I96                 ; IO_RE                   ;
;   11.095 ;   0.178 ;    ; RE   ; 1      ; IO_RE_X54_Y0_N0_I66                 ; IO_RE                   ;
;   11.095 ;   0.000 ;    ; RE   ; 1      ; CLKBUF_CLUSTER_RE_X58_Y0_N0_I1614   ; CLKBUF_CLUSTER_RE       ;
;   11.095 ;   0.000 ;    ; RE   ; 1      ; CLKBUF_CLUSTER_RE_X58_Y0_N0_I616    ; CLKBUF_CLUSTER_RE       ;
;   11.095 ;   0.000 ;    ; RE   ; 1      ; GCLK_CLUSTER_RE_X58_Y0_N6_I10       ; GCLK_CLUSTER_RE         ;
;   11.095 ;   0.000 ;    ; RE   ; 1      ; CLKBUFBLOCK_INPUT_X58_Y0_N7_I0      ; CLKBUFBLOCK_INPUT       ;
;   11.095 ;   0.000 ; RR ; IC   ; 1      ; CLKCTRL_G6                          ; clk~inputCLKENA0|inclk  ;
;   11.407 ;   0.312 ; RR ; CELL ; 37157  ; CLKCTRL_G6                          ; clk~inputCLKENA0|outclk ;
;   11.407 ;   0.000 ;    ; RE   ; 1      ; CLKCTRL_G6                          ; ARRIAV_CLKBUF           ;
;   11.407 ;   0.000 ;    ; RE   ; 1      ; CLKBUFBLOCK_OUTPUT_X58_Y0_N7_I2     ; CLKBUFBLOCK_OUTPUT      ;
;   11.407 ;   0.000 ;    ; RE   ; 1      ; GCLK_CLUSTER_RE_X58_Y0_N6_I12       ; GCLK_CLUSTER_RE         ;
;   11.407 ;   0.000 ;    ; RE   ; 1      ; CLKBUF_CLUSTER_RE_X58_Y0_N0_I417    ; CLKBUF_CLUSTER_RE       ;
;   12.397 ;   0.990 ;    ; RE   ; 16     ; GLOBAL_CLOCK_X0_Y58_N0_I6           ; GLOBAL_CLOCK            ;
;   12.580 ;   0.183 ;    ; RE   ; 29     ; SPINE_CLOCK_X106_Y30_N0_I2          ; SPINE_CLOCK             ;
;   13.021 ;   0.441 ;    ; RE   ; 1      ; SCLK_TO_ROWCLK_BUF_X106_Y37_N0_I12  ; SCLK_TO_ROWCLK_BUF      ;
;   13.106 ;   0.085 ;    ; RE   ; 2      ; SCLK_TO_ROWCLK_BUF_X106_Y37_N0_I15  ; SCLK_TO_ROWCLK_BUF      ;
;   13.526 ;   0.420 ;    ; RE   ; 9      ; LAB_CLK_X107_Y37_N0_I2              ; LAB_CLK                 ;
;   13.662 ;   0.136 ;    ; RE   ; 1      ; BLK_CLK_BUF_X109_Y37_N0_I2          ; BLK_CLK_BUF             ;
;   13.717 ;   0.055 ;    ; RE   ; 1      ; ROWCLKSEL_PREBUF_X109_Y37_N0_I2     ; ROWCLKSEL_PREBUF        ;
;   13.753 ;   0.036 ;    ; RE   ; 1      ; ROWCLKSEL_X109_Y37_N0_I1            ; ROWCLKSEL               ;
;   13.753 ;   0.000 ;    ; RE   ; 1      ; GLOBAL_LOCAL_SEL_X109_Y37_N0_I1     ; GLOBAL_LOCAL_SEL        ;
;   13.753 ;   0.000 ;    ; RE   ; 18     ; LAB_INPUT_X109_Y37_N0_I1            ; LAB_INPUT               ;
;   13.753 ;   0.000 ; RR ; IC   ; 1      ; FF_X109_Y37_N8                      ; u_div|rem_work[27]|clk  ;
;   14.186 ;   0.433 ; RR ; CELL ; 1      ; FF_X109_Y37_N8                      ; div:u_div|rem_work[27]  ;
; 14.086   ; -0.100  ;    ;      ;        ;                                     ; clock uncertainty       ;
; 14.086   ; 0.000   ;    ; uTsu ; 1      ; FF_X109_Y37_N8                      ; div:u_div|rem_work[27]  ;
+----------+---------+----+------+--------+-------------------------------------+-------------------------+

----------------------------
; Extra Fitter Information ;
----------------------------
HTML report is unavailable in plain text report export.


Path #36: Recovery slack is 6.278 
===============================================================================
+---------------------------------------------+
; Path Summary                                ;
+--------------------+------------------------+
; Property           ; Value                  ;
+--------------------+------------------------+
; From Node          ; rst_n                  ;
; To Node            ; div:u_div|rem_work[26] ;
; Launch Clock       ; clk                    ;
; Latch Clock        ; clk                    ;
; Data Arrival Time  ; 7.808                  ;
; Data Required Time ; 14.086                 ;
; Slack              ; 6.278                  ;
+--------------------+------------------------+

+---------------------------------------------------------------------------------------+
; Statistics                                                                            ;
+---------------------------+--------+-------+-------------+------------+-------+-------+
; Property                  ; Value  ; Count ; Total Delay ; % of Total ; Min   ; Max   ;
+---------------------------+--------+-------+-------------+------------+-------+-------+
; Recovery Relationship     ; 10.000 ;       ;             ;            ;       ;       ;
; Clock Skew                ; 4.186  ;       ;             ;            ;       ;       ;
; Data Delay                ; 5.808  ;       ;             ;            ;       ;       ;
; Number of Logic Levels    ;        ; 2     ;             ;            ;       ;       ;
; Physical Delays           ;        ;       ;             ;            ;       ;       ;
;  Arrival Path             ;        ;       ;             ;            ;       ;       ;
;   Clock                   ;        ;       ;             ;            ;       ;       ;
;    Clock Network (Lumped) ;        ; 1     ; 0.000       ;            ; 0.000 ; 0.000 ;
;   Data                    ;        ;       ;             ;            ;       ;       ;
;    IC                     ;        ; 3     ; 0.000       ; 0          ; 0.000 ; 0.000 ;
;    Cell                   ;        ; 3     ; 2.826       ; 49         ; 0.468 ; 1.693 ;
;    Routing Element        ;        ; 26    ; 2.982       ; 51         ; 0.000 ; 1.065 ;
;  Required Path            ;        ;       ;             ;            ;       ;       ;
;   Clock                   ;        ;       ;             ;            ;       ;       ;
;    IC                     ;        ; 3     ; 0.000       ; 0          ; 0.000 ; 0.000 ;
;    Cell                   ;        ; 3     ; 1.662       ; 40         ; 0.312 ; 0.917 ;
;    Routing Element        ;        ; 25    ; 2.524       ; 60         ; 0.000 ; 0.990 ;
+---------------------------+--------+-------+-------------+------------+-------+-------+
Note: Negative delays are omitted from totals when calculating percentages

+-------------------------------------------------------------------------------------------------------------+
; Data Arrival Path                                                                                           ;
+---------+---------+----+------+--------+----------------------------------------+---------------------------+
; Total   ; Incr    ; RF ; Type ; Fanout ; Location                               ; Element                   ;
+---------+---------+----+------+--------+----------------------------------------+---------------------------+
; 0.000   ; 0.000   ;    ;      ;        ;                                        ; launch edge time          ;
; 0.000   ; 0.000   ;    ;      ;        ;                                        ; clock path                ;
;   0.000 ;   0.000 ; R  ;      ;        ;                                        ; clock network delay       ;
; 2.000   ; 2.000   ; R  ; iExt ; 1      ; PIN_V27                                ; rst_n                     ;
; 7.808   ; 5.808   ;    ;      ;        ;                                        ; data path                 ;
;   2.000 ;   0.000 ;    ; RE   ; 1      ; IOPAD_X121_Y51_N60                     ; ARRIAV_IO_PAD             ;
;   2.000 ;   0.000 ;    ; RE   ; 1      ; IO_PAD_OUTPUT_X121_Y51_N60_I1          ; IO_PAD_OUTPUT             ;
;   2.000 ;   0.000 ;    ; RE   ; 1      ; IO_INPUT_BUFFER_INPUT_X121_Y51_N61_I0  ; IO_INPUT_BUFFER_INPUT     ;
;   2.000 ;   0.000 ; RR ; IC   ; 1      ; IOIBUF_X121_Y51_N61                    ; rst_n~input|i             ;
;   3.693 ;   1.693 ; RR ; CELL ; 1294   ; IOIBUF_X121_Y51_N61                    ; rst_n~input|o             ;
;   3.693 ;   0.000 ;    ; RE   ; 1      ; IOIBUF_X121_Y51_N61                    ; ARRIAV_IO_IBUF            ;
;   3.693 ;   0.000 ;    ; RE   ; 1      ; IO_INPUT_BUFFER_OUTPUT_X121_Y51_N61_I2 ; IO_INPUT_BUFFER_OUTPUT    ;
;   3.693 ;   0.000 ;    ; RE   ; 2      ; IO_RE_X121_Y51_N60_I96                 ; IO_RE                     ;
;   3.880 ;   0.187 ;    ; RE   ; 1      ; IO_RE_X121_Y51_N60_I66                 ; IO_RE                     ;
;   4.194 ;   0.314 ;    ; RE   ; 1      ; CLKBUF_CLUSTER_RE_X121_Y56_N3_I421     ; CLKBUF_CLUSTER_RE         ;
;   4.194 ;   0.000 ;    ; RE   ; 1      ; CLKBUF_CLUSTER_RE_X121_Y56_N3_I772     ; CLKBUF_CLUSTER_RE         ;
;   4.194 ;   0.000 ;    ; RE   ; 1      ; CLKBUF_CLUSTER_RE_X121_Y56_N3_I557     ; CLKBUF_CLUSTER_RE         ;
;   4.194 ;   0.000 ;    ; RE   ; 1      ; GCLK_CLUSTER_RE_X121_Y56_N6_I10        ; GCLK_CLUSTER_RE           ;
;   4.194 ;   0.000 ;    ; RE   ; 1      ; CLKBUFBLOCK_INPUT_X121_Y56_N7_I0       ; CLKBUFBLOCK_INPUT         ;
;   4.194 ;   0.000 ; RR ; IC   ; 1      ; CLKCTRL_G9                             ; rst_n~inputCLKENA0|inclk  ;
;   4.662 ;   0.468 ; RR ; CELL ; 2145   ; CLKCTRL_G9                             ; rst_n~inputCLKENA0|outclk ;
;   4.662 ;   0.000 ;    ; RE   ; 1      ; CLKCTRL_G9                             ; ARRIAV_CLKBUF             ;
;   4.662 ;   0.000 ;    ; RE   ; 1      ; CLKBUFBLOCK_OUTPUT_X121_Y56_N7_I2      ; CLKBUFBLOCK_OUTPUT        ;
;   4.662 ;   0.000 ;    ; RE   ; 1      ; GCLK_CLUSTER_RE_X121_Y56_N6_I12        ; GCLK_CLUSTER_RE           ;
;   4.662 ;   0.000 ;    ; RE   ; 1      ; CLKBUF_CLUSTER_RE_X121_Y56_N3_I416     ; CLKBUF_CLUSTER_RE         ;
;   5.727 ;   1.065 ;    ; RE   ; 16     ; GLOBAL_CLOCK_X0_Y58_N0_I9              ; GLOBAL_CLOCK              ;
;   5.917 ;   0.190 ;    ; RE   ; 25     ; SPINE_CLOCK_X106_Y30_N0_I7             ; SPINE_CLOCK               ;
;   6.375 ;   0.458 ;    ; RE   ; 1      ; SCLK_TO_ROWCLK_BUF_X106_Y37_N0_I43     ; SCLK_TO_ROWCLK_BUF        ;
;   6.463 ;   0.088 ;    ; RE   ; 2      ; SCLK_TO_ROWCLK_BUF_X106_Y37_N0_I46     ; SCLK_TO_ROWCLK_BUF        ;
;   6.899 ;   0.436 ;    ; RE   ; 4      ; LAB_CLK_X107_Y37_N0_I5                 ; LAB_CLK                   ;
;   7.047 ;   0.148 ;    ; RE   ; 1      ; BLK_CLK_BUF_X109_Y37_N0_I5             ; BLK_CLK_BUF               ;
;   7.104 ;   0.057 ;    ; RE   ; 1      ; ROWCLKSEL_PREBUF_X109_Y37_N0_I5        ; ROWCLKSEL_PREBUF          ;
;   7.143 ;   0.039 ;    ; RE   ; 1      ; ROWCLKSEL_X109_Y37_N0_I2               ; ROWCLKSEL                 ;
;   7.143 ;   0.000 ;    ; RE   ; 1      ; GLOBAL_LOCAL_SEL_X109_Y37_N0_I2        ; GLOBAL_LOCAL_SEL          ;
;   7.143 ;   0.000 ;    ; RE   ; 18     ; LAB_INPUT_X109_Y37_N0_I3               ; LAB_INPUT                 ;
;   7.143 ;   0.000 ; RR ; IC   ; 1      ; FF_X109_Y37_N2                         ; u_div|rem_work[26]|clrn   ;
;   7.808 ;   0.665 ; RR ; CELL ; 1      ; FF_X109_Y37_N2                         ; div:u_div|rem_work[26]    ;
+---------+---------+----+------+--------+----------------------------------------+---------------------------+

+---------------------------------------------------------------------------------------------------------+
; Data Required Path                                                                                      ;
+----------+---------+----+------+--------+-------------------------------------+-------------------------+
; Total    ; Incr    ; RF ; Type ; Fanout ; Location                            ; Element                 ;
+----------+---------+----+------+--------+-------------------------------------+-------------------------+
; 10.000   ; 10.000  ;    ;      ;        ;                                     ; latch edge time         ;
; 14.186   ; 4.186   ;    ;      ;        ;                                     ; clock path              ;
;   10.000 ;   0.000 ;    ;      ;        ;                                     ; source latency          ;
;   10.000 ;   0.000 ;    ;      ; 1      ; PIN_AC18                            ; clk                     ;
;   10.000 ;   0.000 ;    ; RE   ; 1      ; IOPAD_X54_Y0_N0                     ; ARRIAV_IO_PAD           ;
;   10.000 ;   0.000 ;    ; RE   ; 1      ; IO_PAD_OUTPUT_X54_Y0_N0_I1          ; IO_PAD_OUTPUT           ;
;   10.000 ;   0.000 ;    ; RE   ; 1      ; IO_INPUT_BUFFER_INPUT_X54_Y0_N1_I0  ; IO_INPUT_BUFFER_INPUT   ;
;   10.000 ;   0.000 ; RR ; IC   ; 1      ; IOIBUF_X54_Y0_N1                    ; clk~input|i             ;
;   10.917 ;   0.917 ; RR ; CELL ; 1      ; IOIBUF_X54_Y0_N1                    ; clk~input|o             ;
;   10.917 ;   0.000 ;    ; RE   ; 1      ; IOIBUF_X54_Y0_N1                    ; ARRIAV_IO_IBUF          ;
;   10.917 ;   0.000 ;    ; RE   ; 1      ; IO_INPUT_BUFFER_OUTPUT_X54_Y0_N1_I2 ; IO_INPUT_BUFFER_OUTPUT  ;
;   10.917 ;   0.000 ;    ; RE   ; 1      ; IO_RE_X54_Y0_N0_I96                 ; IO_RE                   ;
;   11.095 ;   0.178 ;    ; RE   ; 1      ; IO_RE_X54_Y0_N0_I66                 ; IO_RE                   ;
;   11.095 ;   0.000 ;    ; RE   ; 1      ; CLKBUF_CLUSTER_RE_X58_Y0_N0_I1614   ; CLKBUF_CLUSTER_RE       ;
;   11.095 ;   0.000 ;    ; RE   ; 1      ; CLKBUF_CLUSTER_RE_X58_Y0_N0_I616    ; CLKBUF_CLUSTER_RE       ;
;   11.095 ;   0.000 ;    ; RE   ; 1      ; GCLK_CLUSTER_RE_X58_Y0_N6_I10       ; GCLK_CLUSTER_RE         ;
;   11.095 ;   0.000 ;    ; RE   ; 1      ; CLKBUFBLOCK_INPUT_X58_Y0_N7_I0      ; CLKBUFBLOCK_INPUT       ;
;   11.095 ;   0.000 ; RR ; IC   ; 1      ; CLKCTRL_G6                          ; clk~inputCLKENA0|inclk  ;
;   11.407 ;   0.312 ; RR ; CELL ; 37157  ; CLKCTRL_G6                          ; clk~inputCLKENA0|outclk ;
;   11.407 ;   0.000 ;    ; RE   ; 1      ; CLKCTRL_G6                          ; ARRIAV_CLKBUF           ;
;   11.407 ;   0.000 ;    ; RE   ; 1      ; CLKBUFBLOCK_OUTPUT_X58_Y0_N7_I2     ; CLKBUFBLOCK_OUTPUT      ;
;   11.407 ;   0.000 ;    ; RE   ; 1      ; GCLK_CLUSTER_RE_X58_Y0_N6_I12       ; GCLK_CLUSTER_RE         ;
;   11.407 ;   0.000 ;    ; RE   ; 1      ; CLKBUF_CLUSTER_RE_X58_Y0_N0_I417    ; CLKBUF_CLUSTER_RE       ;
;   12.397 ;   0.990 ;    ; RE   ; 16     ; GLOBAL_CLOCK_X0_Y58_N0_I6           ; GLOBAL_CLOCK            ;
;   12.580 ;   0.183 ;    ; RE   ; 29     ; SPINE_CLOCK_X106_Y30_N0_I2          ; SPINE_CLOCK             ;
;   13.021 ;   0.441 ;    ; RE   ; 1      ; SCLK_TO_ROWCLK_BUF_X106_Y37_N0_I12  ; SCLK_TO_ROWCLK_BUF      ;
;   13.106 ;   0.085 ;    ; RE   ; 2      ; SCLK_TO_ROWCLK_BUF_X106_Y37_N0_I15  ; SCLK_TO_ROWCLK_BUF      ;
;   13.526 ;   0.420 ;    ; RE   ; 9      ; LAB_CLK_X107_Y37_N0_I2              ; LAB_CLK                 ;
;   13.662 ;   0.136 ;    ; RE   ; 1      ; BLK_CLK_BUF_X109_Y37_N0_I2          ; BLK_CLK_BUF             ;
;   13.717 ;   0.055 ;    ; RE   ; 1      ; ROWCLKSEL_PREBUF_X109_Y37_N0_I2     ; ROWCLKSEL_PREBUF        ;
;   13.753 ;   0.036 ;    ; RE   ; 1      ; ROWCLKSEL_X109_Y37_N0_I1            ; ROWCLKSEL               ;
;   13.753 ;   0.000 ;    ; RE   ; 1      ; GLOBAL_LOCAL_SEL_X109_Y37_N0_I1     ; GLOBAL_LOCAL_SEL        ;
;   13.753 ;   0.000 ;    ; RE   ; 18     ; LAB_INPUT_X109_Y37_N0_I1            ; LAB_INPUT               ;
;   13.753 ;   0.000 ; RR ; IC   ; 1      ; FF_X109_Y37_N2                      ; u_div|rem_work[26]|clk  ;
;   14.186 ;   0.433 ; RR ; CELL ; 1      ; FF_X109_Y37_N2                      ; div:u_div|rem_work[26]  ;
; 14.086   ; -0.100  ;    ;      ;        ;                                     ; clock uncertainty       ;
; 14.086   ; 0.000   ;    ; uTsu ; 1      ; FF_X109_Y37_N2                      ; div:u_div|rem_work[26]  ;
+----------+---------+----+------+--------+-------------------------------------+-------------------------+

----------------------------
; Extra Fitter Information ;
----------------------------
HTML report is unavailable in plain text report export.


Path #37: Recovery slack is 6.278 
===============================================================================
+---------------------------------------------+
; Path Summary                                ;
+--------------------+------------------------+
; Property           ; Value                  ;
+--------------------+------------------------+
; From Node          ; rst_n                  ;
; To Node            ; div:u_div|rem_work[24] ;
; Launch Clock       ; clk                    ;
; Latch Clock        ; clk                    ;
; Data Arrival Time  ; 7.808                  ;
; Data Required Time ; 14.086                 ;
; Slack              ; 6.278                  ;
+--------------------+------------------------+

+---------------------------------------------------------------------------------------+
; Statistics                                                                            ;
+---------------------------+--------+-------+-------------+------------+-------+-------+
; Property                  ; Value  ; Count ; Total Delay ; % of Total ; Min   ; Max   ;
+---------------------------+--------+-------+-------------+------------+-------+-------+
; Recovery Relationship     ; 10.000 ;       ;             ;            ;       ;       ;
; Clock Skew                ; 4.186  ;       ;             ;            ;       ;       ;
; Data Delay                ; 5.808  ;       ;             ;            ;       ;       ;
; Number of Logic Levels    ;        ; 2     ;             ;            ;       ;       ;
; Physical Delays           ;        ;       ;             ;            ;       ;       ;
;  Arrival Path             ;        ;       ;             ;            ;       ;       ;
;   Clock                   ;        ;       ;             ;            ;       ;       ;
;    Clock Network (Lumped) ;        ; 1     ; 0.000       ;            ; 0.000 ; 0.000 ;
;   Data                    ;        ;       ;             ;            ;       ;       ;
;    IC                     ;        ; 3     ; 0.000       ; 0          ; 0.000 ; 0.000 ;
;    Cell                   ;        ; 3     ; 2.826       ; 49         ; 0.468 ; 1.693 ;
;    Routing Element        ;        ; 26    ; 2.982       ; 51         ; 0.000 ; 1.065 ;
;  Required Path            ;        ;       ;             ;            ;       ;       ;
;   Clock                   ;        ;       ;             ;            ;       ;       ;
;    IC                     ;        ; 3     ; 0.000       ; 0          ; 0.000 ; 0.000 ;
;    Cell                   ;        ; 3     ; 1.662       ; 40         ; 0.312 ; 0.917 ;
;    Routing Element        ;        ; 25    ; 2.524       ; 60         ; 0.000 ; 0.990 ;
+---------------------------+--------+-------+-------------+------------+-------+-------+
Note: Negative delays are omitted from totals when calculating percentages

+-------------------------------------------------------------------------------------------------------------+
; Data Arrival Path                                                                                           ;
+---------+---------+----+------+--------+----------------------------------------+---------------------------+
; Total   ; Incr    ; RF ; Type ; Fanout ; Location                               ; Element                   ;
+---------+---------+----+------+--------+----------------------------------------+---------------------------+
; 0.000   ; 0.000   ;    ;      ;        ;                                        ; launch edge time          ;
; 0.000   ; 0.000   ;    ;      ;        ;                                        ; clock path                ;
;   0.000 ;   0.000 ; R  ;      ;        ;                                        ; clock network delay       ;
; 2.000   ; 2.000   ; R  ; iExt ; 1      ; PIN_V27                                ; rst_n                     ;
; 7.808   ; 5.808   ;    ;      ;        ;                                        ; data path                 ;
;   2.000 ;   0.000 ;    ; RE   ; 1      ; IOPAD_X121_Y51_N60                     ; ARRIAV_IO_PAD             ;
;   2.000 ;   0.000 ;    ; RE   ; 1      ; IO_PAD_OUTPUT_X121_Y51_N60_I1          ; IO_PAD_OUTPUT             ;
;   2.000 ;   0.000 ;    ; RE   ; 1      ; IO_INPUT_BUFFER_INPUT_X121_Y51_N61_I0  ; IO_INPUT_BUFFER_INPUT     ;
;   2.000 ;   0.000 ; RR ; IC   ; 1      ; IOIBUF_X121_Y51_N61                    ; rst_n~input|i             ;
;   3.693 ;   1.693 ; RR ; CELL ; 1294   ; IOIBUF_X121_Y51_N61                    ; rst_n~input|o             ;
;   3.693 ;   0.000 ;    ; RE   ; 1      ; IOIBUF_X121_Y51_N61                    ; ARRIAV_IO_IBUF            ;
;   3.693 ;   0.000 ;    ; RE   ; 1      ; IO_INPUT_BUFFER_OUTPUT_X121_Y51_N61_I2 ; IO_INPUT_BUFFER_OUTPUT    ;
;   3.693 ;   0.000 ;    ; RE   ; 2      ; IO_RE_X121_Y51_N60_I96                 ; IO_RE                     ;
;   3.880 ;   0.187 ;    ; RE   ; 1      ; IO_RE_X121_Y51_N60_I66                 ; IO_RE                     ;
;   4.194 ;   0.314 ;    ; RE   ; 1      ; CLKBUF_CLUSTER_RE_X121_Y56_N3_I421     ; CLKBUF_CLUSTER_RE         ;
;   4.194 ;   0.000 ;    ; RE   ; 1      ; CLKBUF_CLUSTER_RE_X121_Y56_N3_I772     ; CLKBUF_CLUSTER_RE         ;
;   4.194 ;   0.000 ;    ; RE   ; 1      ; CLKBUF_CLUSTER_RE_X121_Y56_N3_I557     ; CLKBUF_CLUSTER_RE         ;
;   4.194 ;   0.000 ;    ; RE   ; 1      ; GCLK_CLUSTER_RE_X121_Y56_N6_I10        ; GCLK_CLUSTER_RE           ;
;   4.194 ;   0.000 ;    ; RE   ; 1      ; CLKBUFBLOCK_INPUT_X121_Y56_N7_I0       ; CLKBUFBLOCK_INPUT         ;
;   4.194 ;   0.000 ; RR ; IC   ; 1      ; CLKCTRL_G9                             ; rst_n~inputCLKENA0|inclk  ;
;   4.662 ;   0.468 ; RR ; CELL ; 2145   ; CLKCTRL_G9                             ; rst_n~inputCLKENA0|outclk ;
;   4.662 ;   0.000 ;    ; RE   ; 1      ; CLKCTRL_G9                             ; ARRIAV_CLKBUF             ;
;   4.662 ;   0.000 ;    ; RE   ; 1      ; CLKBUFBLOCK_OUTPUT_X121_Y56_N7_I2      ; CLKBUFBLOCK_OUTPUT        ;
;   4.662 ;   0.000 ;    ; RE   ; 1      ; GCLK_CLUSTER_RE_X121_Y56_N6_I12        ; GCLK_CLUSTER_RE           ;
;   4.662 ;   0.000 ;    ; RE   ; 1      ; CLKBUF_CLUSTER_RE_X121_Y56_N3_I416     ; CLKBUF_CLUSTER_RE         ;
;   5.727 ;   1.065 ;    ; RE   ; 16     ; GLOBAL_CLOCK_X0_Y58_N0_I9              ; GLOBAL_CLOCK              ;
;   5.917 ;   0.190 ;    ; RE   ; 25     ; SPINE_CLOCK_X106_Y30_N0_I7             ; SPINE_CLOCK               ;
;   6.375 ;   0.458 ;    ; RE   ; 1      ; SCLK_TO_ROWCLK_BUF_X106_Y37_N0_I43     ; SCLK_TO_ROWCLK_BUF        ;
;   6.463 ;   0.088 ;    ; RE   ; 2      ; SCLK_TO_ROWCLK_BUF_X106_Y37_N0_I46     ; SCLK_TO_ROWCLK_BUF        ;
;   6.899 ;   0.436 ;    ; RE   ; 4      ; LAB_CLK_X107_Y37_N0_I5                 ; LAB_CLK                   ;
;   7.047 ;   0.148 ;    ; RE   ; 1      ; BLK_CLK_BUF_X109_Y37_N0_I5             ; BLK_CLK_BUF               ;
;   7.104 ;   0.057 ;    ; RE   ; 1      ; ROWCLKSEL_PREBUF_X109_Y37_N0_I5        ; ROWCLKSEL_PREBUF          ;
;   7.143 ;   0.039 ;    ; RE   ; 1      ; ROWCLKSEL_X109_Y37_N0_I2               ; ROWCLKSEL                 ;
;   7.143 ;   0.000 ;    ; RE   ; 1      ; GLOBAL_LOCAL_SEL_X109_Y37_N0_I2        ; GLOBAL_LOCAL_SEL          ;
;   7.143 ;   0.000 ;    ; RE   ; 18     ; LAB_INPUT_X109_Y37_N0_I3               ; LAB_INPUT                 ;
;   7.143 ;   0.000 ; RR ; IC   ; 1      ; FF_X109_Y37_N44                        ; u_div|rem_work[24]|clrn   ;
;   7.808 ;   0.665 ; RR ; CELL ; 1      ; FF_X109_Y37_N44                        ; div:u_div|rem_work[24]    ;
+---------+---------+----+------+--------+----------------------------------------+---------------------------+

+---------------------------------------------------------------------------------------------------------+
; Data Required Path                                                                                      ;
+----------+---------+----+------+--------+-------------------------------------+-------------------------+
; Total    ; Incr    ; RF ; Type ; Fanout ; Location                            ; Element                 ;
+----------+---------+----+------+--------+-------------------------------------+-------------------------+
; 10.000   ; 10.000  ;    ;      ;        ;                                     ; latch edge time         ;
; 14.186   ; 4.186   ;    ;      ;        ;                                     ; clock path              ;
;   10.000 ;   0.000 ;    ;      ;        ;                                     ; source latency          ;
;   10.000 ;   0.000 ;    ;      ; 1      ; PIN_AC18                            ; clk                     ;
;   10.000 ;   0.000 ;    ; RE   ; 1      ; IOPAD_X54_Y0_N0                     ; ARRIAV_IO_PAD           ;
;   10.000 ;   0.000 ;    ; RE   ; 1      ; IO_PAD_OUTPUT_X54_Y0_N0_I1          ; IO_PAD_OUTPUT           ;
;   10.000 ;   0.000 ;    ; RE   ; 1      ; IO_INPUT_BUFFER_INPUT_X54_Y0_N1_I0  ; IO_INPUT_BUFFER_INPUT   ;
;   10.000 ;   0.000 ; RR ; IC   ; 1      ; IOIBUF_X54_Y0_N1                    ; clk~input|i             ;
;   10.917 ;   0.917 ; RR ; CELL ; 1      ; IOIBUF_X54_Y0_N1                    ; clk~input|o             ;
;   10.917 ;   0.000 ;    ; RE   ; 1      ; IOIBUF_X54_Y0_N1                    ; ARRIAV_IO_IBUF          ;
;   10.917 ;   0.000 ;    ; RE   ; 1      ; IO_INPUT_BUFFER_OUTPUT_X54_Y0_N1_I2 ; IO_INPUT_BUFFER_OUTPUT  ;
;   10.917 ;   0.000 ;    ; RE   ; 1      ; IO_RE_X54_Y0_N0_I96                 ; IO_RE                   ;
;   11.095 ;   0.178 ;    ; RE   ; 1      ; IO_RE_X54_Y0_N0_I66                 ; IO_RE                   ;
;   11.095 ;   0.000 ;    ; RE   ; 1      ; CLKBUF_CLUSTER_RE_X58_Y0_N0_I1614   ; CLKBUF_CLUSTER_RE       ;
;   11.095 ;   0.000 ;    ; RE   ; 1      ; CLKBUF_CLUSTER_RE_X58_Y0_N0_I616    ; CLKBUF_CLUSTER_RE       ;
;   11.095 ;   0.000 ;    ; RE   ; 1      ; GCLK_CLUSTER_RE_X58_Y0_N6_I10       ; GCLK_CLUSTER_RE         ;
;   11.095 ;   0.000 ;    ; RE   ; 1      ; CLKBUFBLOCK_INPUT_X58_Y0_N7_I0      ; CLKBUFBLOCK_INPUT       ;
;   11.095 ;   0.000 ; RR ; IC   ; 1      ; CLKCTRL_G6                          ; clk~inputCLKENA0|inclk  ;
;   11.407 ;   0.312 ; RR ; CELL ; 37157  ; CLKCTRL_G6                          ; clk~inputCLKENA0|outclk ;
;   11.407 ;   0.000 ;    ; RE   ; 1      ; CLKCTRL_G6                          ; ARRIAV_CLKBUF           ;
;   11.407 ;   0.000 ;    ; RE   ; 1      ; CLKBUFBLOCK_OUTPUT_X58_Y0_N7_I2     ; CLKBUFBLOCK_OUTPUT      ;
;   11.407 ;   0.000 ;    ; RE   ; 1      ; GCLK_CLUSTER_RE_X58_Y0_N6_I12       ; GCLK_CLUSTER_RE         ;
;   11.407 ;   0.000 ;    ; RE   ; 1      ; CLKBUF_CLUSTER_RE_X58_Y0_N0_I417    ; CLKBUF_CLUSTER_RE       ;
;   12.397 ;   0.990 ;    ; RE   ; 16     ; GLOBAL_CLOCK_X0_Y58_N0_I6           ; GLOBAL_CLOCK            ;
;   12.580 ;   0.183 ;    ; RE   ; 29     ; SPINE_CLOCK_X106_Y30_N0_I2          ; SPINE_CLOCK             ;
;   13.021 ;   0.441 ;    ; RE   ; 1      ; SCLK_TO_ROWCLK_BUF_X106_Y37_N0_I12  ; SCLK_TO_ROWCLK_BUF      ;
;   13.106 ;   0.085 ;    ; RE   ; 2      ; SCLK_TO_ROWCLK_BUF_X106_Y37_N0_I15  ; SCLK_TO_ROWCLK_BUF      ;
;   13.526 ;   0.420 ;    ; RE   ; 9      ; LAB_CLK_X107_Y37_N0_I2              ; LAB_CLK                 ;
;   13.662 ;   0.136 ;    ; RE   ; 1      ; BLK_CLK_BUF_X109_Y37_N0_I2          ; BLK_CLK_BUF             ;
;   13.717 ;   0.055 ;    ; RE   ; 1      ; ROWCLKSEL_PREBUF_X109_Y37_N0_I2     ; ROWCLKSEL_PREBUF        ;
;   13.753 ;   0.036 ;    ; RE   ; 1      ; ROWCLKSEL_X109_Y37_N0_I1            ; ROWCLKSEL               ;
;   13.753 ;   0.000 ;    ; RE   ; 1      ; GLOBAL_LOCAL_SEL_X109_Y37_N0_I1     ; GLOBAL_LOCAL_SEL        ;
;   13.753 ;   0.000 ;    ; RE   ; 18     ; LAB_INPUT_X109_Y37_N0_I1            ; LAB_INPUT               ;
;   13.753 ;   0.000 ; RR ; IC   ; 1      ; FF_X109_Y37_N44                     ; u_div|rem_work[24]|clk  ;
;   14.186 ;   0.433 ; RR ; CELL ; 1      ; FF_X109_Y37_N44                     ; div:u_div|rem_work[24]  ;
; 14.086   ; -0.100  ;    ;      ;        ;                                     ; clock uncertainty       ;
; 14.086   ; 0.000   ;    ; uTsu ; 1      ; FF_X109_Y37_N44                     ; div:u_div|rem_work[24]  ;
+----------+---------+----+------+--------+-------------------------------------+-------------------------+

----------------------------
; Extra Fitter Information ;
----------------------------
HTML report is unavailable in plain text report export.


Path #38: Recovery slack is 6.278 
===============================================================================
+---------------------------------------------+
; Path Summary                                ;
+--------------------+------------------------+
; Property           ; Value                  ;
+--------------------+------------------------+
; From Node          ; rst_n                  ;
; To Node            ; div:u_div|rem_work[22] ;
; Launch Clock       ; clk                    ;
; Latch Clock        ; clk                    ;
; Data Arrival Time  ; 7.808                  ;
; Data Required Time ; 14.086                 ;
; Slack              ; 6.278                  ;
+--------------------+------------------------+

+---------------------------------------------------------------------------------------+
; Statistics                                                                            ;
+---------------------------+--------+-------+-------------+------------+-------+-------+
; Property                  ; Value  ; Count ; Total Delay ; % of Total ; Min   ; Max   ;
+---------------------------+--------+-------+-------------+------------+-------+-------+
; Recovery Relationship     ; 10.000 ;       ;             ;            ;       ;       ;
; Clock Skew                ; 4.186  ;       ;             ;            ;       ;       ;
; Data Delay                ; 5.808  ;       ;             ;            ;       ;       ;
; Number of Logic Levels    ;        ; 2     ;             ;            ;       ;       ;
; Physical Delays           ;        ;       ;             ;            ;       ;       ;
;  Arrival Path             ;        ;       ;             ;            ;       ;       ;
;   Clock                   ;        ;       ;             ;            ;       ;       ;
;    Clock Network (Lumped) ;        ; 1     ; 0.000       ;            ; 0.000 ; 0.000 ;
;   Data                    ;        ;       ;             ;            ;       ;       ;
;    IC                     ;        ; 3     ; 0.000       ; 0          ; 0.000 ; 0.000 ;
;    Cell                   ;        ; 3     ; 2.826       ; 49         ; 0.468 ; 1.693 ;
;    Routing Element        ;        ; 26    ; 2.982       ; 51         ; 0.000 ; 1.065 ;
;  Required Path            ;        ;       ;             ;            ;       ;       ;
;   Clock                   ;        ;       ;             ;            ;       ;       ;
;    IC                     ;        ; 3     ; 0.000       ; 0          ; 0.000 ; 0.000 ;
;    Cell                   ;        ; 3     ; 1.662       ; 40         ; 0.312 ; 0.917 ;
;    Routing Element        ;        ; 25    ; 2.524       ; 60         ; 0.000 ; 0.990 ;
+---------------------------+--------+-------+-------------+------------+-------+-------+
Note: Negative delays are omitted from totals when calculating percentages

+-------------------------------------------------------------------------------------------------------------+
; Data Arrival Path                                                                                           ;
+---------+---------+----+------+--------+----------------------------------------+---------------------------+
; Total   ; Incr    ; RF ; Type ; Fanout ; Location                               ; Element                   ;
+---------+---------+----+------+--------+----------------------------------------+---------------------------+
; 0.000   ; 0.000   ;    ;      ;        ;                                        ; launch edge time          ;
; 0.000   ; 0.000   ;    ;      ;        ;                                        ; clock path                ;
;   0.000 ;   0.000 ; R  ;      ;        ;                                        ; clock network delay       ;
; 2.000   ; 2.000   ; R  ; iExt ; 1      ; PIN_V27                                ; rst_n                     ;
; 7.808   ; 5.808   ;    ;      ;        ;                                        ; data path                 ;
;   2.000 ;   0.000 ;    ; RE   ; 1      ; IOPAD_X121_Y51_N60                     ; ARRIAV_IO_PAD             ;
;   2.000 ;   0.000 ;    ; RE   ; 1      ; IO_PAD_OUTPUT_X121_Y51_N60_I1          ; IO_PAD_OUTPUT             ;
;   2.000 ;   0.000 ;    ; RE   ; 1      ; IO_INPUT_BUFFER_INPUT_X121_Y51_N61_I0  ; IO_INPUT_BUFFER_INPUT     ;
;   2.000 ;   0.000 ; RR ; IC   ; 1      ; IOIBUF_X121_Y51_N61                    ; rst_n~input|i             ;
;   3.693 ;   1.693 ; RR ; CELL ; 1294   ; IOIBUF_X121_Y51_N61                    ; rst_n~input|o             ;
;   3.693 ;   0.000 ;    ; RE   ; 1      ; IOIBUF_X121_Y51_N61                    ; ARRIAV_IO_IBUF            ;
;   3.693 ;   0.000 ;    ; RE   ; 1      ; IO_INPUT_BUFFER_OUTPUT_X121_Y51_N61_I2 ; IO_INPUT_BUFFER_OUTPUT    ;
;   3.693 ;   0.000 ;    ; RE   ; 2      ; IO_RE_X121_Y51_N60_I96                 ; IO_RE                     ;
;   3.880 ;   0.187 ;    ; RE   ; 1      ; IO_RE_X121_Y51_N60_I66                 ; IO_RE                     ;
;   4.194 ;   0.314 ;    ; RE   ; 1      ; CLKBUF_CLUSTER_RE_X121_Y56_N3_I421     ; CLKBUF_CLUSTER_RE         ;
;   4.194 ;   0.000 ;    ; RE   ; 1      ; CLKBUF_CLUSTER_RE_X121_Y56_N3_I772     ; CLKBUF_CLUSTER_RE         ;
;   4.194 ;   0.000 ;    ; RE   ; 1      ; CLKBUF_CLUSTER_RE_X121_Y56_N3_I557     ; CLKBUF_CLUSTER_RE         ;
;   4.194 ;   0.000 ;    ; RE   ; 1      ; GCLK_CLUSTER_RE_X121_Y56_N6_I10        ; GCLK_CLUSTER_RE           ;
;   4.194 ;   0.000 ;    ; RE   ; 1      ; CLKBUFBLOCK_INPUT_X121_Y56_N7_I0       ; CLKBUFBLOCK_INPUT         ;
;   4.194 ;   0.000 ; RR ; IC   ; 1      ; CLKCTRL_G9                             ; rst_n~inputCLKENA0|inclk  ;
;   4.662 ;   0.468 ; RR ; CELL ; 2145   ; CLKCTRL_G9                             ; rst_n~inputCLKENA0|outclk ;
;   4.662 ;   0.000 ;    ; RE   ; 1      ; CLKCTRL_G9                             ; ARRIAV_CLKBUF             ;
;   4.662 ;   0.000 ;    ; RE   ; 1      ; CLKBUFBLOCK_OUTPUT_X121_Y56_N7_I2      ; CLKBUFBLOCK_OUTPUT        ;
;   4.662 ;   0.000 ;    ; RE   ; 1      ; GCLK_CLUSTER_RE_X121_Y56_N6_I12        ; GCLK_CLUSTER_RE           ;
;   4.662 ;   0.000 ;    ; RE   ; 1      ; CLKBUF_CLUSTER_RE_X121_Y56_N3_I416     ; CLKBUF_CLUSTER_RE         ;
;   5.727 ;   1.065 ;    ; RE   ; 16     ; GLOBAL_CLOCK_X0_Y58_N0_I9              ; GLOBAL_CLOCK              ;
;   5.917 ;   0.190 ;    ; RE   ; 25     ; SPINE_CLOCK_X106_Y30_N0_I7             ; SPINE_CLOCK               ;
;   6.375 ;   0.458 ;    ; RE   ; 1      ; SCLK_TO_ROWCLK_BUF_X106_Y37_N0_I43     ; SCLK_TO_ROWCLK_BUF        ;
;   6.463 ;   0.088 ;    ; RE   ; 2      ; SCLK_TO_ROWCLK_BUF_X106_Y37_N0_I46     ; SCLK_TO_ROWCLK_BUF        ;
;   6.899 ;   0.436 ;    ; RE   ; 4      ; LAB_CLK_X107_Y37_N0_I5                 ; LAB_CLK                   ;
;   7.047 ;   0.148 ;    ; RE   ; 1      ; BLK_CLK_BUF_X109_Y37_N0_I5             ; BLK_CLK_BUF               ;
;   7.104 ;   0.057 ;    ; RE   ; 1      ; ROWCLKSEL_PREBUF_X109_Y37_N0_I5        ; ROWCLKSEL_PREBUF          ;
;   7.143 ;   0.039 ;    ; RE   ; 1      ; ROWCLKSEL_X109_Y37_N0_I2               ; ROWCLKSEL                 ;
;   7.143 ;   0.000 ;    ; RE   ; 1      ; GLOBAL_LOCAL_SEL_X109_Y37_N0_I2        ; GLOBAL_LOCAL_SEL          ;
;   7.143 ;   0.000 ;    ; RE   ; 18     ; LAB_INPUT_X109_Y37_N0_I3               ; LAB_INPUT                 ;
;   7.143 ;   0.000 ; RR ; IC   ; 1      ; FF_X109_Y37_N14                        ; u_div|rem_work[22]|clrn   ;
;   7.808 ;   0.665 ; RR ; CELL ; 1      ; FF_X109_Y37_N14                        ; div:u_div|rem_work[22]    ;
+---------+---------+----+------+--------+----------------------------------------+---------------------------+

+---------------------------------------------------------------------------------------------------------+
; Data Required Path                                                                                      ;
+----------+---------+----+------+--------+-------------------------------------+-------------------------+
; Total    ; Incr    ; RF ; Type ; Fanout ; Location                            ; Element                 ;
+----------+---------+----+------+--------+-------------------------------------+-------------------------+
; 10.000   ; 10.000  ;    ;      ;        ;                                     ; latch edge time         ;
; 14.186   ; 4.186   ;    ;      ;        ;                                     ; clock path              ;
;   10.000 ;   0.000 ;    ;      ;        ;                                     ; source latency          ;
;   10.000 ;   0.000 ;    ;      ; 1      ; PIN_AC18                            ; clk                     ;
;   10.000 ;   0.000 ;    ; RE   ; 1      ; IOPAD_X54_Y0_N0                     ; ARRIAV_IO_PAD           ;
;   10.000 ;   0.000 ;    ; RE   ; 1      ; IO_PAD_OUTPUT_X54_Y0_N0_I1          ; IO_PAD_OUTPUT           ;
;   10.000 ;   0.000 ;    ; RE   ; 1      ; IO_INPUT_BUFFER_INPUT_X54_Y0_N1_I0  ; IO_INPUT_BUFFER_INPUT   ;
;   10.000 ;   0.000 ; RR ; IC   ; 1      ; IOIBUF_X54_Y0_N1                    ; clk~input|i             ;
;   10.917 ;   0.917 ; RR ; CELL ; 1      ; IOIBUF_X54_Y0_N1                    ; clk~input|o             ;
;   10.917 ;   0.000 ;    ; RE   ; 1      ; IOIBUF_X54_Y0_N1                    ; ARRIAV_IO_IBUF          ;
;   10.917 ;   0.000 ;    ; RE   ; 1      ; IO_INPUT_BUFFER_OUTPUT_X54_Y0_N1_I2 ; IO_INPUT_BUFFER_OUTPUT  ;
;   10.917 ;   0.000 ;    ; RE   ; 1      ; IO_RE_X54_Y0_N0_I96                 ; IO_RE                   ;
;   11.095 ;   0.178 ;    ; RE   ; 1      ; IO_RE_X54_Y0_N0_I66                 ; IO_RE                   ;
;   11.095 ;   0.000 ;    ; RE   ; 1      ; CLKBUF_CLUSTER_RE_X58_Y0_N0_I1614   ; CLKBUF_CLUSTER_RE       ;
;   11.095 ;   0.000 ;    ; RE   ; 1      ; CLKBUF_CLUSTER_RE_X58_Y0_N0_I616    ; CLKBUF_CLUSTER_RE       ;
;   11.095 ;   0.000 ;    ; RE   ; 1      ; GCLK_CLUSTER_RE_X58_Y0_N6_I10       ; GCLK_CLUSTER_RE         ;
;   11.095 ;   0.000 ;    ; RE   ; 1      ; CLKBUFBLOCK_INPUT_X58_Y0_N7_I0      ; CLKBUFBLOCK_INPUT       ;
;   11.095 ;   0.000 ; RR ; IC   ; 1      ; CLKCTRL_G6                          ; clk~inputCLKENA0|inclk  ;
;   11.407 ;   0.312 ; RR ; CELL ; 37157  ; CLKCTRL_G6                          ; clk~inputCLKENA0|outclk ;
;   11.407 ;   0.000 ;    ; RE   ; 1      ; CLKCTRL_G6                          ; ARRIAV_CLKBUF           ;
;   11.407 ;   0.000 ;    ; RE   ; 1      ; CLKBUFBLOCK_OUTPUT_X58_Y0_N7_I2     ; CLKBUFBLOCK_OUTPUT      ;
;   11.407 ;   0.000 ;    ; RE   ; 1      ; GCLK_CLUSTER_RE_X58_Y0_N6_I12       ; GCLK_CLUSTER_RE         ;
;   11.407 ;   0.000 ;    ; RE   ; 1      ; CLKBUF_CLUSTER_RE_X58_Y0_N0_I417    ; CLKBUF_CLUSTER_RE       ;
;   12.397 ;   0.990 ;    ; RE   ; 16     ; GLOBAL_CLOCK_X0_Y58_N0_I6           ; GLOBAL_CLOCK            ;
;   12.580 ;   0.183 ;    ; RE   ; 29     ; SPINE_CLOCK_X106_Y30_N0_I2          ; SPINE_CLOCK             ;
;   13.021 ;   0.441 ;    ; RE   ; 1      ; SCLK_TO_ROWCLK_BUF_X106_Y37_N0_I12  ; SCLK_TO_ROWCLK_BUF      ;
;   13.106 ;   0.085 ;    ; RE   ; 2      ; SCLK_TO_ROWCLK_BUF_X106_Y37_N0_I15  ; SCLK_TO_ROWCLK_BUF      ;
;   13.526 ;   0.420 ;    ; RE   ; 9      ; LAB_CLK_X107_Y37_N0_I2              ; LAB_CLK                 ;
;   13.662 ;   0.136 ;    ; RE   ; 1      ; BLK_CLK_BUF_X109_Y37_N0_I2          ; BLK_CLK_BUF             ;
;   13.717 ;   0.055 ;    ; RE   ; 1      ; ROWCLKSEL_PREBUF_X109_Y37_N0_I2     ; ROWCLKSEL_PREBUF        ;
;   13.753 ;   0.036 ;    ; RE   ; 1      ; ROWCLKSEL_X109_Y37_N0_I1            ; ROWCLKSEL               ;
;   13.753 ;   0.000 ;    ; RE   ; 1      ; GLOBAL_LOCAL_SEL_X109_Y37_N0_I1     ; GLOBAL_LOCAL_SEL        ;
;   13.753 ;   0.000 ;    ; RE   ; 18     ; LAB_INPUT_X109_Y37_N0_I1            ; LAB_INPUT               ;
;   13.753 ;   0.000 ; RR ; IC   ; 1      ; FF_X109_Y37_N14                     ; u_div|rem_work[22]|clk  ;
;   14.186 ;   0.433 ; RR ; CELL ; 1      ; FF_X109_Y37_N14                     ; div:u_div|rem_work[22]  ;
; 14.086   ; -0.100  ;    ;      ;        ;                                     ; clock uncertainty       ;
; 14.086   ; 0.000   ;    ; uTsu ; 1      ; FF_X109_Y37_N14                     ; div:u_div|rem_work[22]  ;
+----------+---------+----+------+--------+-------------------------------------+-------------------------+

----------------------------
; Extra Fitter Information ;
----------------------------
HTML report is unavailable in plain text report export.


Path #39: Recovery slack is 6.278 
===============================================================================
+---------------------------------------------+
; Path Summary                                ;
+--------------------+------------------------+
; Property           ; Value                  ;
+--------------------+------------------------+
; From Node          ; rst_n                  ;
; To Node            ; div:u_div|rem_work[18] ;
; Launch Clock       ; clk                    ;
; Latch Clock        ; clk                    ;
; Data Arrival Time  ; 7.808                  ;
; Data Required Time ; 14.086                 ;
; Slack              ; 6.278                  ;
+--------------------+------------------------+

+---------------------------------------------------------------------------------------+
; Statistics                                                                            ;
+---------------------------+--------+-------+-------------+------------+-------+-------+
; Property                  ; Value  ; Count ; Total Delay ; % of Total ; Min   ; Max   ;
+---------------------------+--------+-------+-------------+------------+-------+-------+
; Recovery Relationship     ; 10.000 ;       ;             ;            ;       ;       ;
; Clock Skew                ; 4.186  ;       ;             ;            ;       ;       ;
; Data Delay                ; 5.808  ;       ;             ;            ;       ;       ;
; Number of Logic Levels    ;        ; 2     ;             ;            ;       ;       ;
; Physical Delays           ;        ;       ;             ;            ;       ;       ;
;  Arrival Path             ;        ;       ;             ;            ;       ;       ;
;   Clock                   ;        ;       ;             ;            ;       ;       ;
;    Clock Network (Lumped) ;        ; 1     ; 0.000       ;            ; 0.000 ; 0.000 ;
;   Data                    ;        ;       ;             ;            ;       ;       ;
;    IC                     ;        ; 3     ; 0.000       ; 0          ; 0.000 ; 0.000 ;
;    Cell                   ;        ; 3     ; 2.826       ; 49         ; 0.468 ; 1.693 ;
;    Routing Element        ;        ; 26    ; 2.982       ; 51         ; 0.000 ; 1.065 ;
;  Required Path            ;        ;       ;             ;            ;       ;       ;
;   Clock                   ;        ;       ;             ;            ;       ;       ;
;    IC                     ;        ; 3     ; 0.000       ; 0          ; 0.000 ; 0.000 ;
;    Cell                   ;        ; 3     ; 1.662       ; 40         ; 0.312 ; 0.917 ;
;    Routing Element        ;        ; 25    ; 2.524       ; 60         ; 0.000 ; 0.990 ;
+---------------------------+--------+-------+-------------+------------+-------+-------+
Note: Negative delays are omitted from totals when calculating percentages

+-------------------------------------------------------------------------------------------------------------+
; Data Arrival Path                                                                                           ;
+---------+---------+----+------+--------+----------------------------------------+---------------------------+
; Total   ; Incr    ; RF ; Type ; Fanout ; Location                               ; Element                   ;
+---------+---------+----+------+--------+----------------------------------------+---------------------------+
; 0.000   ; 0.000   ;    ;      ;        ;                                        ; launch edge time          ;
; 0.000   ; 0.000   ;    ;      ;        ;                                        ; clock path                ;
;   0.000 ;   0.000 ; R  ;      ;        ;                                        ; clock network delay       ;
; 2.000   ; 2.000   ; R  ; iExt ; 1      ; PIN_V27                                ; rst_n                     ;
; 7.808   ; 5.808   ;    ;      ;        ;                                        ; data path                 ;
;   2.000 ;   0.000 ;    ; RE   ; 1      ; IOPAD_X121_Y51_N60                     ; ARRIAV_IO_PAD             ;
;   2.000 ;   0.000 ;    ; RE   ; 1      ; IO_PAD_OUTPUT_X121_Y51_N60_I1          ; IO_PAD_OUTPUT             ;
;   2.000 ;   0.000 ;    ; RE   ; 1      ; IO_INPUT_BUFFER_INPUT_X121_Y51_N61_I0  ; IO_INPUT_BUFFER_INPUT     ;
;   2.000 ;   0.000 ; RR ; IC   ; 1      ; IOIBUF_X121_Y51_N61                    ; rst_n~input|i             ;
;   3.693 ;   1.693 ; RR ; CELL ; 1294   ; IOIBUF_X121_Y51_N61                    ; rst_n~input|o             ;
;   3.693 ;   0.000 ;    ; RE   ; 1      ; IOIBUF_X121_Y51_N61                    ; ARRIAV_IO_IBUF            ;
;   3.693 ;   0.000 ;    ; RE   ; 1      ; IO_INPUT_BUFFER_OUTPUT_X121_Y51_N61_I2 ; IO_INPUT_BUFFER_OUTPUT    ;
;   3.693 ;   0.000 ;    ; RE   ; 2      ; IO_RE_X121_Y51_N60_I96                 ; IO_RE                     ;
;   3.880 ;   0.187 ;    ; RE   ; 1      ; IO_RE_X121_Y51_N60_I66                 ; IO_RE                     ;
;   4.194 ;   0.314 ;    ; RE   ; 1      ; CLKBUF_CLUSTER_RE_X121_Y56_N3_I421     ; CLKBUF_CLUSTER_RE         ;
;   4.194 ;   0.000 ;    ; RE   ; 1      ; CLKBUF_CLUSTER_RE_X121_Y56_N3_I772     ; CLKBUF_CLUSTER_RE         ;
;   4.194 ;   0.000 ;    ; RE   ; 1      ; CLKBUF_CLUSTER_RE_X121_Y56_N3_I557     ; CLKBUF_CLUSTER_RE         ;
;   4.194 ;   0.000 ;    ; RE   ; 1      ; GCLK_CLUSTER_RE_X121_Y56_N6_I10        ; GCLK_CLUSTER_RE           ;
;   4.194 ;   0.000 ;    ; RE   ; 1      ; CLKBUFBLOCK_INPUT_X121_Y56_N7_I0       ; CLKBUFBLOCK_INPUT         ;
;   4.194 ;   0.000 ; RR ; IC   ; 1      ; CLKCTRL_G9                             ; rst_n~inputCLKENA0|inclk  ;
;   4.662 ;   0.468 ; RR ; CELL ; 2145   ; CLKCTRL_G9                             ; rst_n~inputCLKENA0|outclk ;
;   4.662 ;   0.000 ;    ; RE   ; 1      ; CLKCTRL_G9                             ; ARRIAV_CLKBUF             ;
;   4.662 ;   0.000 ;    ; RE   ; 1      ; CLKBUFBLOCK_OUTPUT_X121_Y56_N7_I2      ; CLKBUFBLOCK_OUTPUT        ;
;   4.662 ;   0.000 ;    ; RE   ; 1      ; GCLK_CLUSTER_RE_X121_Y56_N6_I12        ; GCLK_CLUSTER_RE           ;
;   4.662 ;   0.000 ;    ; RE   ; 1      ; CLKBUF_CLUSTER_RE_X121_Y56_N3_I416     ; CLKBUF_CLUSTER_RE         ;
;   5.727 ;   1.065 ;    ; RE   ; 16     ; GLOBAL_CLOCK_X0_Y58_N0_I9              ; GLOBAL_CLOCK              ;
;   5.917 ;   0.190 ;    ; RE   ; 25     ; SPINE_CLOCK_X106_Y30_N0_I7             ; SPINE_CLOCK               ;
;   6.375 ;   0.458 ;    ; RE   ; 1      ; SCLK_TO_ROWCLK_BUF_X106_Y37_N0_I43     ; SCLK_TO_ROWCLK_BUF        ;
;   6.463 ;   0.088 ;    ; RE   ; 2      ; SCLK_TO_ROWCLK_BUF_X106_Y37_N0_I46     ; SCLK_TO_ROWCLK_BUF        ;
;   6.899 ;   0.436 ;    ; RE   ; 4      ; LAB_CLK_X107_Y37_N0_I5                 ; LAB_CLK                   ;
;   7.047 ;   0.148 ;    ; RE   ; 1      ; BLK_CLK_BUF_X109_Y37_N0_I5             ; BLK_CLK_BUF               ;
;   7.104 ;   0.057 ;    ; RE   ; 1      ; ROWCLKSEL_PREBUF_X109_Y37_N0_I5        ; ROWCLKSEL_PREBUF          ;
;   7.143 ;   0.039 ;    ; RE   ; 1      ; ROWCLKSEL_X109_Y37_N0_I2               ; ROWCLKSEL                 ;
;   7.143 ;   0.000 ;    ; RE   ; 1      ; GLOBAL_LOCAL_SEL_X109_Y37_N0_I2        ; GLOBAL_LOCAL_SEL          ;
;   7.143 ;   0.000 ;    ; RE   ; 18     ; LAB_INPUT_X109_Y37_N0_I3               ; LAB_INPUT                 ;
;   7.143 ;   0.000 ; RR ; IC   ; 1      ; FF_X109_Y37_N50                        ; u_div|rem_work[18]|clrn   ;
;   7.808 ;   0.665 ; RR ; CELL ; 1      ; FF_X109_Y37_N50                        ; div:u_div|rem_work[18]    ;
+---------+---------+----+------+--------+----------------------------------------+---------------------------+

+---------------------------------------------------------------------------------------------------------+
; Data Required Path                                                                                      ;
+----------+---------+----+------+--------+-------------------------------------+-------------------------+
; Total    ; Incr    ; RF ; Type ; Fanout ; Location                            ; Element                 ;
+----------+---------+----+------+--------+-------------------------------------+-------------------------+
; 10.000   ; 10.000  ;    ;      ;        ;                                     ; latch edge time         ;
; 14.186   ; 4.186   ;    ;      ;        ;                                     ; clock path              ;
;   10.000 ;   0.000 ;    ;      ;        ;                                     ; source latency          ;
;   10.000 ;   0.000 ;    ;      ; 1      ; PIN_AC18                            ; clk                     ;
;   10.000 ;   0.000 ;    ; RE   ; 1      ; IOPAD_X54_Y0_N0                     ; ARRIAV_IO_PAD           ;
;   10.000 ;   0.000 ;    ; RE   ; 1      ; IO_PAD_OUTPUT_X54_Y0_N0_I1          ; IO_PAD_OUTPUT           ;
;   10.000 ;   0.000 ;    ; RE   ; 1      ; IO_INPUT_BUFFER_INPUT_X54_Y0_N1_I0  ; IO_INPUT_BUFFER_INPUT   ;
;   10.000 ;   0.000 ; RR ; IC   ; 1      ; IOIBUF_X54_Y0_N1                    ; clk~input|i             ;
;   10.917 ;   0.917 ; RR ; CELL ; 1      ; IOIBUF_X54_Y0_N1                    ; clk~input|o             ;
;   10.917 ;   0.000 ;    ; RE   ; 1      ; IOIBUF_X54_Y0_N1                    ; ARRIAV_IO_IBUF          ;
;   10.917 ;   0.000 ;    ; RE   ; 1      ; IO_INPUT_BUFFER_OUTPUT_X54_Y0_N1_I2 ; IO_INPUT_BUFFER_OUTPUT  ;
;   10.917 ;   0.000 ;    ; RE   ; 1      ; IO_RE_X54_Y0_N0_I96                 ; IO_RE                   ;
;   11.095 ;   0.178 ;    ; RE   ; 1      ; IO_RE_X54_Y0_N0_I66                 ; IO_RE                   ;
;   11.095 ;   0.000 ;    ; RE   ; 1      ; CLKBUF_CLUSTER_RE_X58_Y0_N0_I1614   ; CLKBUF_CLUSTER_RE       ;
;   11.095 ;   0.000 ;    ; RE   ; 1      ; CLKBUF_CLUSTER_RE_X58_Y0_N0_I616    ; CLKBUF_CLUSTER_RE       ;
;   11.095 ;   0.000 ;    ; RE   ; 1      ; GCLK_CLUSTER_RE_X58_Y0_N6_I10       ; GCLK_CLUSTER_RE         ;
;   11.095 ;   0.000 ;    ; RE   ; 1      ; CLKBUFBLOCK_INPUT_X58_Y0_N7_I0      ; CLKBUFBLOCK_INPUT       ;
;   11.095 ;   0.000 ; RR ; IC   ; 1      ; CLKCTRL_G6                          ; clk~inputCLKENA0|inclk  ;
;   11.407 ;   0.312 ; RR ; CELL ; 37157  ; CLKCTRL_G6                          ; clk~inputCLKENA0|outclk ;
;   11.407 ;   0.000 ;    ; RE   ; 1      ; CLKCTRL_G6                          ; ARRIAV_CLKBUF           ;
;   11.407 ;   0.000 ;    ; RE   ; 1      ; CLKBUFBLOCK_OUTPUT_X58_Y0_N7_I2     ; CLKBUFBLOCK_OUTPUT      ;
;   11.407 ;   0.000 ;    ; RE   ; 1      ; GCLK_CLUSTER_RE_X58_Y0_N6_I12       ; GCLK_CLUSTER_RE         ;
;   11.407 ;   0.000 ;    ; RE   ; 1      ; CLKBUF_CLUSTER_RE_X58_Y0_N0_I417    ; CLKBUF_CLUSTER_RE       ;
;   12.397 ;   0.990 ;    ; RE   ; 16     ; GLOBAL_CLOCK_X0_Y58_N0_I6           ; GLOBAL_CLOCK            ;
;   12.580 ;   0.183 ;    ; RE   ; 29     ; SPINE_CLOCK_X106_Y30_N0_I2          ; SPINE_CLOCK             ;
;   13.021 ;   0.441 ;    ; RE   ; 1      ; SCLK_TO_ROWCLK_BUF_X106_Y37_N0_I12  ; SCLK_TO_ROWCLK_BUF      ;
;   13.106 ;   0.085 ;    ; RE   ; 2      ; SCLK_TO_ROWCLK_BUF_X106_Y37_N0_I15  ; SCLK_TO_ROWCLK_BUF      ;
;   13.526 ;   0.420 ;    ; RE   ; 9      ; LAB_CLK_X107_Y37_N0_I2              ; LAB_CLK                 ;
;   13.662 ;   0.136 ;    ; RE   ; 1      ; BLK_CLK_BUF_X109_Y37_N0_I2          ; BLK_CLK_BUF             ;
;   13.717 ;   0.055 ;    ; RE   ; 1      ; ROWCLKSEL_PREBUF_X109_Y37_N0_I2     ; ROWCLKSEL_PREBUF        ;
;   13.753 ;   0.036 ;    ; RE   ; 1      ; ROWCLKSEL_X109_Y37_N0_I1            ; ROWCLKSEL               ;
;   13.753 ;   0.000 ;    ; RE   ; 1      ; GLOBAL_LOCAL_SEL_X109_Y37_N0_I1     ; GLOBAL_LOCAL_SEL        ;
;   13.753 ;   0.000 ;    ; RE   ; 18     ; LAB_INPUT_X109_Y37_N0_I1            ; LAB_INPUT               ;
;   13.753 ;   0.000 ; RR ; IC   ; 1      ; FF_X109_Y37_N50                     ; u_div|rem_work[18]|clk  ;
;   14.186 ;   0.433 ; RR ; CELL ; 1      ; FF_X109_Y37_N50                     ; div:u_div|rem_work[18]  ;
; 14.086   ; -0.100  ;    ;      ;        ;                                     ; clock uncertainty       ;
; 14.086   ; 0.000   ;    ; uTsu ; 1      ; FF_X109_Y37_N50                     ; div:u_div|rem_work[18]  ;
+----------+---------+----+------+--------+-------------------------------------+-------------------------+

----------------------------
; Extra Fitter Information ;
----------------------------
HTML report is unavailable in plain text report export.


Path #40: Recovery slack is 6.278 
===============================================================================
+---------------------------------------------+
; Path Summary                                ;
+--------------------+------------------------+
; Property           ; Value                  ;
+--------------------+------------------------+
; From Node          ; rst_n                  ;
; To Node            ; div:u_div|rem_work[16] ;
; Launch Clock       ; clk                    ;
; Latch Clock        ; clk                    ;
; Data Arrival Time  ; 7.808                  ;
; Data Required Time ; 14.086                 ;
; Slack              ; 6.278                  ;
+--------------------+------------------------+

+---------------------------------------------------------------------------------------+
; Statistics                                                                            ;
+---------------------------+--------+-------+-------------+------------+-------+-------+
; Property                  ; Value  ; Count ; Total Delay ; % of Total ; Min   ; Max   ;
+---------------------------+--------+-------+-------------+------------+-------+-------+
; Recovery Relationship     ; 10.000 ;       ;             ;            ;       ;       ;
; Clock Skew                ; 4.186  ;       ;             ;            ;       ;       ;
; Data Delay                ; 5.808  ;       ;             ;            ;       ;       ;
; Number of Logic Levels    ;        ; 2     ;             ;            ;       ;       ;
; Physical Delays           ;        ;       ;             ;            ;       ;       ;
;  Arrival Path             ;        ;       ;             ;            ;       ;       ;
;   Clock                   ;        ;       ;             ;            ;       ;       ;
;    Clock Network (Lumped) ;        ; 1     ; 0.000       ;            ; 0.000 ; 0.000 ;
;   Data                    ;        ;       ;             ;            ;       ;       ;
;    IC                     ;        ; 3     ; 0.000       ; 0          ; 0.000 ; 0.000 ;
;    Cell                   ;        ; 3     ; 2.826       ; 49         ; 0.468 ; 1.693 ;
;    Routing Element        ;        ; 26    ; 2.982       ; 51         ; 0.000 ; 1.065 ;
;  Required Path            ;        ;       ;             ;            ;       ;       ;
;   Clock                   ;        ;       ;             ;            ;       ;       ;
;    IC                     ;        ; 3     ; 0.000       ; 0          ; 0.000 ; 0.000 ;
;    Cell                   ;        ; 3     ; 1.662       ; 40         ; 0.312 ; 0.917 ;
;    Routing Element        ;        ; 25    ; 2.524       ; 60         ; 0.000 ; 0.990 ;
+---------------------------+--------+-------+-------------+------------+-------+-------+
Note: Negative delays are omitted from totals when calculating percentages

+-------------------------------------------------------------------------------------------------------------+
; Data Arrival Path                                                                                           ;
+---------+---------+----+------+--------+----------------------------------------+---------------------------+
; Total   ; Incr    ; RF ; Type ; Fanout ; Location                               ; Element                   ;
+---------+---------+----+------+--------+----------------------------------------+---------------------------+
; 0.000   ; 0.000   ;    ;      ;        ;                                        ; launch edge time          ;
; 0.000   ; 0.000   ;    ;      ;        ;                                        ; clock path                ;
;   0.000 ;   0.000 ; R  ;      ;        ;                                        ; clock network delay       ;
; 2.000   ; 2.000   ; R  ; iExt ; 1      ; PIN_V27                                ; rst_n                     ;
; 7.808   ; 5.808   ;    ;      ;        ;                                        ; data path                 ;
;   2.000 ;   0.000 ;    ; RE   ; 1      ; IOPAD_X121_Y51_N60                     ; ARRIAV_IO_PAD             ;
;   2.000 ;   0.000 ;    ; RE   ; 1      ; IO_PAD_OUTPUT_X121_Y51_N60_I1          ; IO_PAD_OUTPUT             ;
;   2.000 ;   0.000 ;    ; RE   ; 1      ; IO_INPUT_BUFFER_INPUT_X121_Y51_N61_I0  ; IO_INPUT_BUFFER_INPUT     ;
;   2.000 ;   0.000 ; RR ; IC   ; 1      ; IOIBUF_X121_Y51_N61                    ; rst_n~input|i             ;
;   3.693 ;   1.693 ; RR ; CELL ; 1294   ; IOIBUF_X121_Y51_N61                    ; rst_n~input|o             ;
;   3.693 ;   0.000 ;    ; RE   ; 1      ; IOIBUF_X121_Y51_N61                    ; ARRIAV_IO_IBUF            ;
;   3.693 ;   0.000 ;    ; RE   ; 1      ; IO_INPUT_BUFFER_OUTPUT_X121_Y51_N61_I2 ; IO_INPUT_BUFFER_OUTPUT    ;
;   3.693 ;   0.000 ;    ; RE   ; 2      ; IO_RE_X121_Y51_N60_I96                 ; IO_RE                     ;
;   3.880 ;   0.187 ;    ; RE   ; 1      ; IO_RE_X121_Y51_N60_I66                 ; IO_RE                     ;
;   4.194 ;   0.314 ;    ; RE   ; 1      ; CLKBUF_CLUSTER_RE_X121_Y56_N3_I421     ; CLKBUF_CLUSTER_RE         ;
;   4.194 ;   0.000 ;    ; RE   ; 1      ; CLKBUF_CLUSTER_RE_X121_Y56_N3_I772     ; CLKBUF_CLUSTER_RE         ;
;   4.194 ;   0.000 ;    ; RE   ; 1      ; CLKBUF_CLUSTER_RE_X121_Y56_N3_I557     ; CLKBUF_CLUSTER_RE         ;
;   4.194 ;   0.000 ;    ; RE   ; 1      ; GCLK_CLUSTER_RE_X121_Y56_N6_I10        ; GCLK_CLUSTER_RE           ;
;   4.194 ;   0.000 ;    ; RE   ; 1      ; CLKBUFBLOCK_INPUT_X121_Y56_N7_I0       ; CLKBUFBLOCK_INPUT         ;
;   4.194 ;   0.000 ; RR ; IC   ; 1      ; CLKCTRL_G9                             ; rst_n~inputCLKENA0|inclk  ;
;   4.662 ;   0.468 ; RR ; CELL ; 2145   ; CLKCTRL_G9                             ; rst_n~inputCLKENA0|outclk ;
;   4.662 ;   0.000 ;    ; RE   ; 1      ; CLKCTRL_G9                             ; ARRIAV_CLKBUF             ;
;   4.662 ;   0.000 ;    ; RE   ; 1      ; CLKBUFBLOCK_OUTPUT_X121_Y56_N7_I2      ; CLKBUFBLOCK_OUTPUT        ;
;   4.662 ;   0.000 ;    ; RE   ; 1      ; GCLK_CLUSTER_RE_X121_Y56_N6_I12        ; GCLK_CLUSTER_RE           ;
;   4.662 ;   0.000 ;    ; RE   ; 1      ; CLKBUF_CLUSTER_RE_X121_Y56_N3_I416     ; CLKBUF_CLUSTER_RE         ;
;   5.727 ;   1.065 ;    ; RE   ; 16     ; GLOBAL_CLOCK_X0_Y58_N0_I9              ; GLOBAL_CLOCK              ;
;   5.917 ;   0.190 ;    ; RE   ; 25     ; SPINE_CLOCK_X106_Y30_N0_I7             ; SPINE_CLOCK               ;
;   6.375 ;   0.458 ;    ; RE   ; 1      ; SCLK_TO_ROWCLK_BUF_X106_Y37_N0_I43     ; SCLK_TO_ROWCLK_BUF        ;
;   6.463 ;   0.088 ;    ; RE   ; 2      ; SCLK_TO_ROWCLK_BUF_X106_Y37_N0_I46     ; SCLK_TO_ROWCLK_BUF        ;
;   6.899 ;   0.436 ;    ; RE   ; 4      ; LAB_CLK_X107_Y37_N0_I5                 ; LAB_CLK                   ;
;   7.047 ;   0.148 ;    ; RE   ; 1      ; BLK_CLK_BUF_X109_Y37_N0_I5             ; BLK_CLK_BUF               ;
;   7.104 ;   0.057 ;    ; RE   ; 1      ; ROWCLKSEL_PREBUF_X109_Y37_N0_I5        ; ROWCLKSEL_PREBUF          ;
;   7.143 ;   0.039 ;    ; RE   ; 1      ; ROWCLKSEL_X109_Y37_N0_I2               ; ROWCLKSEL                 ;
;   7.143 ;   0.000 ;    ; RE   ; 1      ; GLOBAL_LOCAL_SEL_X109_Y37_N0_I2        ; GLOBAL_LOCAL_SEL          ;
;   7.143 ;   0.000 ;    ; RE   ; 18     ; LAB_INPUT_X109_Y37_N0_I3               ; LAB_INPUT                 ;
;   7.143 ;   0.000 ; RR ; IC   ; 1      ; FF_X109_Y37_N32                        ; u_div|rem_work[16]|clrn   ;
;   7.808 ;   0.665 ; RR ; CELL ; 1      ; FF_X109_Y37_N32                        ; div:u_div|rem_work[16]    ;
+---------+---------+----+------+--------+----------------------------------------+---------------------------+

+---------------------------------------------------------------------------------------------------------+
; Data Required Path                                                                                      ;
+----------+---------+----+------+--------+-------------------------------------+-------------------------+
; Total    ; Incr    ; RF ; Type ; Fanout ; Location                            ; Element                 ;
+----------+---------+----+------+--------+-------------------------------------+-------------------------+
; 10.000   ; 10.000  ;    ;      ;        ;                                     ; latch edge time         ;
; 14.186   ; 4.186   ;    ;      ;        ;                                     ; clock path              ;
;   10.000 ;   0.000 ;    ;      ;        ;                                     ; source latency          ;
;   10.000 ;   0.000 ;    ;      ; 1      ; PIN_AC18                            ; clk                     ;
;   10.000 ;   0.000 ;    ; RE   ; 1      ; IOPAD_X54_Y0_N0                     ; ARRIAV_IO_PAD           ;
;   10.000 ;   0.000 ;    ; RE   ; 1      ; IO_PAD_OUTPUT_X54_Y0_N0_I1          ; IO_PAD_OUTPUT           ;
;   10.000 ;   0.000 ;    ; RE   ; 1      ; IO_INPUT_BUFFER_INPUT_X54_Y0_N1_I0  ; IO_INPUT_BUFFER_INPUT   ;
;   10.000 ;   0.000 ; RR ; IC   ; 1      ; IOIBUF_X54_Y0_N1                    ; clk~input|i             ;
;   10.917 ;   0.917 ; RR ; CELL ; 1      ; IOIBUF_X54_Y0_N1                    ; clk~input|o             ;
;   10.917 ;   0.000 ;    ; RE   ; 1      ; IOIBUF_X54_Y0_N1                    ; ARRIAV_IO_IBUF          ;
;   10.917 ;   0.000 ;    ; RE   ; 1      ; IO_INPUT_BUFFER_OUTPUT_X54_Y0_N1_I2 ; IO_INPUT_BUFFER_OUTPUT  ;
;   10.917 ;   0.000 ;    ; RE   ; 1      ; IO_RE_X54_Y0_N0_I96                 ; IO_RE                   ;
;   11.095 ;   0.178 ;    ; RE   ; 1      ; IO_RE_X54_Y0_N0_I66                 ; IO_RE                   ;
;   11.095 ;   0.000 ;    ; RE   ; 1      ; CLKBUF_CLUSTER_RE_X58_Y0_N0_I1614   ; CLKBUF_CLUSTER_RE       ;
;   11.095 ;   0.000 ;    ; RE   ; 1      ; CLKBUF_CLUSTER_RE_X58_Y0_N0_I616    ; CLKBUF_CLUSTER_RE       ;
;   11.095 ;   0.000 ;    ; RE   ; 1      ; GCLK_CLUSTER_RE_X58_Y0_N6_I10       ; GCLK_CLUSTER_RE         ;
;   11.095 ;   0.000 ;    ; RE   ; 1      ; CLKBUFBLOCK_INPUT_X58_Y0_N7_I0      ; CLKBUFBLOCK_INPUT       ;
;   11.095 ;   0.000 ; RR ; IC   ; 1      ; CLKCTRL_G6                          ; clk~inputCLKENA0|inclk  ;
;   11.407 ;   0.312 ; RR ; CELL ; 37157  ; CLKCTRL_G6                          ; clk~inputCLKENA0|outclk ;
;   11.407 ;   0.000 ;    ; RE   ; 1      ; CLKCTRL_G6                          ; ARRIAV_CLKBUF           ;
;   11.407 ;   0.000 ;    ; RE   ; 1      ; CLKBUFBLOCK_OUTPUT_X58_Y0_N7_I2     ; CLKBUFBLOCK_OUTPUT      ;
;   11.407 ;   0.000 ;    ; RE   ; 1      ; GCLK_CLUSTER_RE_X58_Y0_N6_I12       ; GCLK_CLUSTER_RE         ;
;   11.407 ;   0.000 ;    ; RE   ; 1      ; CLKBUF_CLUSTER_RE_X58_Y0_N0_I417    ; CLKBUF_CLUSTER_RE       ;
;   12.397 ;   0.990 ;    ; RE   ; 16     ; GLOBAL_CLOCK_X0_Y58_N0_I6           ; GLOBAL_CLOCK            ;
;   12.580 ;   0.183 ;    ; RE   ; 29     ; SPINE_CLOCK_X106_Y30_N0_I2          ; SPINE_CLOCK             ;
;   13.021 ;   0.441 ;    ; RE   ; 1      ; SCLK_TO_ROWCLK_BUF_X106_Y37_N0_I12  ; SCLK_TO_ROWCLK_BUF      ;
;   13.106 ;   0.085 ;    ; RE   ; 2      ; SCLK_TO_ROWCLK_BUF_X106_Y37_N0_I15  ; SCLK_TO_ROWCLK_BUF      ;
;   13.526 ;   0.420 ;    ; RE   ; 9      ; LAB_CLK_X107_Y37_N0_I2              ; LAB_CLK                 ;
;   13.662 ;   0.136 ;    ; RE   ; 1      ; BLK_CLK_BUF_X109_Y37_N0_I2          ; BLK_CLK_BUF             ;
;   13.717 ;   0.055 ;    ; RE   ; 1      ; ROWCLKSEL_PREBUF_X109_Y37_N0_I2     ; ROWCLKSEL_PREBUF        ;
;   13.753 ;   0.036 ;    ; RE   ; 1      ; ROWCLKSEL_X109_Y37_N0_I1            ; ROWCLKSEL               ;
;   13.753 ;   0.000 ;    ; RE   ; 1      ; GLOBAL_LOCAL_SEL_X109_Y37_N0_I1     ; GLOBAL_LOCAL_SEL        ;
;   13.753 ;   0.000 ;    ; RE   ; 18     ; LAB_INPUT_X109_Y37_N0_I1            ; LAB_INPUT               ;
;   13.753 ;   0.000 ; RR ; IC   ; 1      ; FF_X109_Y37_N32                     ; u_div|rem_work[16]|clk  ;
;   14.186 ;   0.433 ; RR ; CELL ; 1      ; FF_X109_Y37_N32                     ; div:u_div|rem_work[16]  ;
; 14.086   ; -0.100  ;    ;      ;        ;                                     ; clock uncertainty       ;
; 14.086   ; 0.000   ;    ; uTsu ; 1      ; FF_X109_Y37_N32                     ; div:u_div|rem_work[16]  ;
+----------+---------+----+------+--------+-------------------------------------+-------------------------+

----------------------------
; Extra Fitter Information ;
----------------------------
HTML report is unavailable in plain text report export.


