0001
0001
0001
0001
0001
0001
0001
0001
0001
0001
0001
0001
0001
0001
0001
0001
0001
0001
0001
0001
0001
0001
0001
0001
0001
0001
0001
0001
0001
0001
0001
0001
0001
0001
0001
0001
0001
0001
0001
0001
0001
0001
0001
0001
0001
0001
0001
0001
0001
0001
0001
0001
0001
0001
0001
0001
0001
0001
0001
0001
0001
0001
0001
0001
0001
0001
0001
0001
0001
0001
0001
0001
0001
0001
0001
0001
0001
0001
0001
0001
0001
0001
0001
0001
0001
0001
0001
0001
0001
0001
0001
0001
0001
0001
0001
0001
0001
0001
0001
0001
0001
0001
0001
0001
0001
0001
0001
0001
0001
0001
0001
0001
0001
0001
0001
0001
0001
0001
0001
0001
0001
0001
0001
0001
0001
0001
0001
0001
0001
0001
0001
0001
0001
0001
0001
0001
0001
0001
0001
0001
0001
0001
0001
0001
0001
0001
0001
0001
0001
0001
0001
0001
0001
0001
0001
0001
0001
0001
0001
0001
0001
0001
0001
0001
0001
0001
0001
0001
0001
0001
0001
0001
0001
0001
0001
0001
0001
0001
0001
0001
0001
0001
0001
0001
0001
0001
0001
0001
0001
0001
0001
0001
0001
0001
0001
0001
0001
0001
0001
0001
0001
0001
0001
0001
0001
0001
0001
0001
0001
0001
0001
0001
0001
0001
0001
0001
0001
0001
0001
0001
0001
0001
0001
0001
0001
0001
0001
0001
0001
0001
0001
0001
0001
0001
0001
0001
0001
0001
0001
0001
0001
0001
0001
0001
0001
0001
0001
0001
0001
0001
0001
0001
0001
0001
0001
0001
0001
0001
0001
0001
0001
0001
0001
0001
0001
0001
0001
0001
0001
0001
0001
0001
0001
0001
0001
0001
0001
0001
0001
0001
0001
0001
0001
0001
0001
0001
0001
0001
0001
0001
0001
0001
0001
0001
0001
0001
0001
0001
0001
0001
0001
0001
0001
0001
0001
0001
0001
0001
0001
0001
0001
0001
0001
0001
0001
0001
0001
0001
0001
0001
0001
0001
0001
0001
0001
0001
0001
0001
0001
0001
0001
0001
0001
0001
0001
0001
0001
0001
0001
0001
0001
0001
0001
0001
0001
0001
0001
0001
0001
0001
0001
0001
0001
0001
0001
0001
0001
0001
0001
0001
0002
0002
0002
0002
0002
0002
0002
0002
0002
0002
0002
0002
0002
0002
0002
0002
0002
0002
0002
0002
0002
0002
0002
0002
0002
0002
0002
0002
0002
0002
0002
0002
0002
0002
0002
0002
0002
0002
0002
0002
0002
0002
0002
0002
0002
0002
0002
0002
0002
0002
0002
0002
0002
0002
0002
0002
0002
0002
0002
0002
0002
0002
0002
0002
0002
0002
0002
0002
0002
0002
0002
0002
0002
0002
0002
0002
0002
0002
0002
0002
0002
0002
0002
0002
0002
0002
0002
0002
0002
0002
0002
0002
0002
0002
0002
0002
0002
0002
0002
0002
0002
0002
0002
0002
0002
0002
0002
0002
0002
0002
0002
0002
0002
0002
0002
0002
0002
0002
0002
0002
0002
0002
0002
0002
0002
0002
0002
0002
0002
0002
0002
0002
0002
0002
0002
0002
0002
0002
0002
0002
0002
0002
0002
0002
0002
0002
0002
0002
0002
0002
0002
0002
0002
0002
0002
0002
0002
0002
0002
0002
0002
0002
0002
0002
0002
0002
0002
0002
0002
0002
0002
0002
0002
0002
0002
0002
0002
0002
0002
0002
0002
0002
0002
0002
0002
0002
0002
0002
0002
0002
0002
0002
0002
0002
0002
0002
0002
0002
0002
0002
0002
0002
0002
0002
0002
0002
0002
0002
0002
0002
0002
0002
0002
0002
0002
0002
0002
0002
0002
0002
0002
0002
0002
0002
0002
0002
0002
0002
0002
0002
0002
0002
0002
0002
0002
0002
0002
0002
0002
0002
0002
0002
0002
0002
0002
0002
0002
0002
0002
0002
0002
0002
0002
0002
0002
0002
0002
0002
0002
0002
0002
0002
0002
0002
0002
0002
0002
0002
0002
0002
0002
0002
0002
0002
0002
0002
0002
0002
0002
0002
0002
0002
0002
0002
0002
0002
0002
0002
0002
0002
0002
0002
0002
0002
0002
0002
0002
0002
0002
0002
0002
0002
0002
0002
0002
0002
0002
0002
0002
0002
0002
0002
0002
0002
0002
0002
0002
0002
0002
0002
0002
0002
0002
0002
0002
0002
0002
0002
0002
0002
0002
0002
0002
0002
0002
0002
0002
0002
0002
0002
0002
0002
0002
0002
0002
0002
0002
0002
0002
0002
0002
0002
0002
0002
0002
0002
0002
0002
0002
0002
0002
0002
0002
0002
0002
0002
0002
0002
0002
0002
0002
0002
0002
0002
0002
0002
0002
0002
0002
0002
0002
0002
0002
0002
0002
0002
0002
0002
0002
0002
0002
0002
0002
0002
0002
0002
0002
0002
0002
0002
0002
0002
0002
0002
0002
0002
0002
0002
0002
0002
0002
0002
0002
0002
0002
0002
0002
0002
0002
0002
0002
0002
0002
0002
0002
0002
0002
0002
0002
0002
0002
0002
0002
0002
0002
0002
0002
0002
0002
0002
0002
0002
0002
0002
0002
0002
0002
0002
0002
0002
0002
0002
0002
0002
0002
0002
0002
0002
0002
0002
0002
0002
0002
0002
0002
0002
0002
0002
0002
0002
0002
0002
0002
0002
0002
0002
0002
0002
0002
0002
0002
0002
0002
0002
0002
0002
0002
0002
0002
0002
0002
0002
0002
0002
0002
0002
0002
0002
0002
0002
0002
0002
0002
0002
0002
0002
0002
0002
0002
0002
0002
0002
0002
0002
0002
0002
0002
0002
0002
0002
0002
0002
0002
0002
0002
0002
0002
0002
0002
0002
0002
0002
0002
0002
0002
0002
0002
0002
0002
0002
0002
0002
0002
0002
0002
0002
0002
0002
0002
0002
0002
0002
0002
0002
0002
0002
0002
0002
0002
0002
0002
0002
0002
0002
0002
0002
0002
0002
0002
0002
0002
0002
0002
0002
0002
0002
0002
0002
0002
0002
0002
0002
0002
0002
0002
0002
0002
0002
0002
0002
0002
0002
0002
0002
0002
0002
0002
0002
0002
0002
0002
0002
0002
0002
0002
0002
0002
0002
0002
0002
0002
0002
0002
0002
0002
0002
0002
0002
0002
0002
0002
0002
0002
0002
0002
0002
0002
0002
0002
0002
0002
0002
0002
0002
0002
0002
0002
0002
0002
0002
0002
0002
0002
0002
0002
0002
0002
0002
0002
0002
0002
0002
0002
0002
0002
0002
0002
0002
0002
0002
0002
0002
0002
0002
0002
0002
0002
0002
0002
0002
0002
0002
0002
0002
0002
0002
0002
0002
0002
0002
0002
0002
0002
0002
0002
0002
0002
0002
0002
0002
0002
0002
0002
0002
0002
0002
0002
0002
0002
0002
0002
0002
0002
0002
0002
0002
0002
0002
0002
0002
0002
0002
0002
0002
0002
0002
0002
0002
0002
0002
0002
0002
0002
0002
0002
0002
0002
0002
0002
0002
0002
0002
0002
0002
0002
0002
0002
0002
0002
0002
0002
0002
0002
0002
0002
0002
0002
0002
0002
0002
0002
0002
0002
0002
0002
0002
0002
0002
0002
0002
0002
0002
0002
0002
0002
0002
0002
0002
0002
0002
0002
0002
0002
0002
0002
0002
0002
0002
0002
0002
0002
0002
0002
0002
0002
0002
0002
0002
0002
0002
0002
0002
0002
0002
0002
0002
0002
0002
0002
0002
0002
0002
0002
0002
0002
0002
0002
0002
0002
0002
0002
0002
0002
0002
0002
0002
0002
0002
0002
0002
0002
0002
0002
0002
0002
0002
0002
0002
0002
0002
0002
0002
0002
0002
0002
0002
0002
0002
0002
0002
0002
0002
0002
0002
0002
0002
0002
0002
0002
0002
0002
0002
0002
0002
0002
0002
0002
0002
0002
0002
0002
0002
0002
0002
0002
0002
0002
0002
0002
0002
0002
0002
0002
0002
0002
0002
0002
0002
0002
0002
0002
0002
0002
0002
0002
0002
0002
0002
0002
0002
0002
0002
0002
0002
0002
0002
0002
0002
0002
0002
0002
0002
0002
0002
0002
0002
0002
0002
0002
0002
0002
0002
0002
0002
0002
0002
0002
0002
0002
0002
0002
0002
0002
0002
0002
0002
0002
0002
0002
0002
0002
0002
0002
0002
0002
0002
0002
0002
0002
0002
0002
0002
0002
0002
0002
0002
0002
0002
0002
0002
0002
0002
0002
0002
0002
0002
0002
0002
0002
0002
0002
0002
0002
0002
0002
0002
0002
0002
0002
0002
0002
0002
0002
0002
0002
0002
0002
0002
0002
0002
0002
0002
0002
0002
0002
0002
0002
0002
0002
0002
0002
0002
0002
0002
0002
0002
0002
0002
0002
0002
0002
0002
0002
0002
0002
0002
0002
0002
0002
0002
0002
0002
0002
0002
0002
0002
0002
0002
0002
0002
0002
0002
0002
0002
0002
0002
0002
0002
0002
0002
0002
0002
0002
0002
0002
0002
0002
0002
0002
0002
0002
0002
0002
0002
0002
0002
0002
0002
0002
0002
0002
0002
0002
0002
0002
0002
0002
0002
0002
0002
0002
0002
0002
0002
0002
0002
0002
0002
0002
0002
0002
0002
0002
0002
0002
0002
0002
0002
0002
0002
0002
0002
0002
0002
0002
0002
0002
0002
0002
0002
0002
0002
0002
0002
0002
0002
0002
0002
0002
0002
0002
0002
0002
0002
0002
0002
0002
0002
0002
0002
0002
0002
0002
0002
0002
0002
0002
0002
0002
0002
0002
0002
0002
0002
0002
0002
0002
0002
0002
0002
0002
0002
0002
0002
0002
0002
0002
0002
0002
0002
0002
0002
0002
0002
0002
0002
0002
0002
0002
0002
0002
0002
0002
0002
0002
0002
0002
0002
0002
0002
0002
0002
0002
0002
0002
0002
0002
0002
0002
0002
0002
0002
0002
0002
0002
0002
0002
0002
0002
0002
0002
0002
0002
0002
0002
0002
0002
0002
0002
0002
0002
0002
0002
0002
0002
0002
0002
0002
0002
0002
0002
0002
0002
0002
0002
0002
0002
0002
0002
0002
0002
0002
0002
0002
0002
0002
0002
0002
0002
0002
0002
0002
0002
0002
0002
0002
0002
0002
0002
0002
0002
0002
0002
0002
0002
0002
0002
0002
0002
0002
0002
0002
0002
0002
0002
0002
0002
0002
0002
0002
0002
0002
0002
0002
0002
0002
0002
0002
0002
0002
0002
0002
0002
0002
0002
0002
0002
0002
0002
0002
0002
0002
0002
0002
0002
0002
0002
0002
0002
0002
0002
0002
0002
0002
0002
0002
0002
0002
0002
0002
0002
0002
0002
0002
0002
0002
0002
0002
0002
0002
0002
0002
0002
0002
0002
0002
0002
0002
0002
0002
0002
0002
0002
0002
0002
0002
0002
0002
0002
0002
0002
0002
0002
0002
0002
0002
0002
0002
0002
0002
0002
0002
0002
0002
0002
0002
0002
0002
0002
0002
0002
0002
0002
0002
0002
0002
0002
0002
0002
0002
0002
0002
0002
0002
0002
0002
0002
0002
0002
0002
0002
0002
0002
0002
0002
0002
0002
0002
0002
0002
0002
0002
0002
0002
0002
0002
0002
0002
0002
0002
0002
0002
0002
0002
0002
0002
0002
0002
0002
0002
0002
0002
0002
0002
0002
0002
0002
0002
0002
0002
0002
0002
0002
0002
0002
0002
0002
0002
0002
0002
0002
0002
0002
0002
0002
0002
0002
0002
0002
0002
0002
0002
0002
0002
0002
0002
0002
0002
0002
0002
0002
0002
0002
0002
0002
0002
0002
0002
0002
0002
0002
0002
0002
0002
0002
0002
0002
0002
0002
0002
0002
0002
0002
0002
0002
0002
0002
0002
0002
0002
0002
0002
0002
0002
0002
0002
0002
0002
0002
0002
0002
0002
0002
0002
0002
0002
0002
0002
0002
0002
0002
0002
0002
0002
0002
0002
0002
0002
0002
0002
0002
0002
0002
0002
0002
0002
0002
0002
0002
0002
0002
0002
0002
0002
0002
0002
0002
0002
0002
0002
0002
0002
0002
0002
0002
0002
0002
0002
0002
0002
0002
0002
0002
0002
0002
0002
0002
0002
0002
0002
0002
0002
0002
0002
0002
0002
0002
0002
0002
0002
0002
0002
0002
0002
0002
0002
0002
0002
0002
0002
0002
0002
0002
0002
0002
0002
0002
0002
0002
0002
0002
0002
0002
0002
0002
0002
0002
0002
0002
0002
0002
0002
0002
0002
0002
0002
0002
0002
0002
0002
0002
0002
0002
0002
0002
0002
0002
0002
0002
0002
0002
0002
0002
0002
0002
0002
0002
0002
0002
0002
0002
0002
0002
0002
0002
0002
0002
0002
0002
0002
0002
0002
0002
0002
0002
0002
0002
0002
0002
0002
0002
0002
0002
0002
0002
0002
0002
0002
0002
0002
0002
0002
0002
0002
0002
0002
0002
0002
0002
0002
0002
0002
0002
0002
0002
0002
0002
0002
0002
0002
0002
0002
0002
0002
0002
0002
0002
0002
0002
0002
0002
0002
0002
0002
0002
0002
0002
0002
0002
0002
0002
0002
0002
0002
0002
0002
0002
0002
0002
0002
0002
0002
0002
0002
0002
0002
0002
0002
0002
0002
0002
0002
0002
0002
0002
0002
0002
0002
0002
0002
0002
0002
0002
0002
0002
0002
0002
0002
0002
0002
0002
0002
0002
0002
0002
0002
0002
0002
0002
0002
0002
0002
0002
0002
0002
0002
0002
0002
0002
0002
0002
0002
0002
0002
0002
0002
0002
0002
0002
0002
0002
0002
0002
0002
0002
0002
0002
0002
0002
0002
0002
0002
0002
0002
0002
0002
0002
0002
0002
0002
0002
0002
0002
0002
0002
0002
0002
0002
0002
0002
0002
0002
0002
0002
0002
0002
0002
0002
0002
0002
0002
0002
0002
0002
0002
0002
0002
0002
0002
0002
0002
0002
0002
0002
0002
0002
0002
0002
0002
0002
0002
0002
0002
0002
0002
0002
0002
0002
0002
0002
0002
0002
0002
0002
0002
0002
0002
0002
0002
0002
0002
0002
0002
0002
0002
0002
0002
0002
0002
0002
0002
0002
0002
0002
0002
0002
0002
0002
0002
0002
0002
0002
0002
0002
0002
0002
0002
0002
0002
0002
0002
0002
0002
0002
0002
0002
0002
0002
0002
0002
0002
0002
0002
0002
0002
0002
0002
0002
0002
0002
0002
0002
0002
0002
0002
0002
0002
0002
0002
0002
0002
0002
0002
0002
0002
0002
0002
0002
0002
0002
0002
0002
0002
0002
0002
0002
0002
0002
0002
0002
0002
0002
0002
0002
0002
0002
0002
0002
0002
0002
0002
0002
0002
0002
0002
0002
0002
0002
0002
0002
0002
0002
0002
0002
0002
0002
0002
0002
0002
0002
0002
0002
0002
0002
0002
0002
0002
0002
0002
0002
0002
0002
0002
0002
0002
0002
0002
0002
0002
0002
0002
0002
0002
0002
0002
0002
0002
0002
0002
0002
0002
0002
0002
0002
0002
0002
0002
0002
0002
0002
0002
0002
0002
0002
0002
0002
0002
0002
0002
0002
0002
0002
0002
0002
0002
0002
0002
0002
0002
0002
0002
0002
0002
0002
0002
0002
0002
0002
0002
0002
0002
0002
0002
0002
0002
0002
0002
0002
0002
0002
0002
0002
0002
0002
0002
0002
0002
0002
0002
0002
0002
0002
0002
0002
0002
0002
0002
0002
0002
0002
0002
0002
0002
0002
0002
0002
0002
0002
0002
0002
0002
0002
0002
0002
0002
0002
0002
0002
0002
0002
0002
0002
0002
0002
0002
0002
0002
0002
0002
0002
0002
0002
0002
0002
0002
0002
0002
0002
0002
0002
0002
0002
0002
0002
0002
0002
0002
0002
0002
0002
0002
0002
0002
0002
0002
0002
0002
0002
0002
0002
0002
0002
0003
0003
0003
0003
0003
0003
0003
0003
0003
0003
0003
0003
0003
0003
0003
0003
0003
0003
0003
0003
0003
0003
0003
0003
0003
0003
0003
0003
0003
0003
0003
0003
0003
0003
0003
0003
0003
0003
0003
0003
0003
0003
0003
0003
0003
0003
0003
0003
0003
0003
0003
0003
0003
0003
0003
0003
0003
0003
0003
0003
0003
0003
0003
0003
0003
0003
0003
0003
0003
0003
0003
0003
0003
0003
0003
0003
0003
0003
0003
0003
0003
0003
0003
0003
0003
0003
0003
0003
0003
0003
0003
0003
0003
0003
0003
0003
0003
0003
0003
0003
0003
0003
0003
0003
0003
0003
0003
0003
0003
0003
0003
0003
0003
0003
0003
0003
0003
0003
0003
0003
0003
0003
0003
0003
0003
0003
0003
0003
0003
0003
0003
0003
0003
0003
0003
0003
0003
0003
0003
0003
0003
0003
0003
0003
0003
0003
0003
0003
0003
0003
0003
0003
0003
0003
0003
0003
0003
0003
0003
0003
0003
0003
0003
0003
0003
0003
0003
0003
0003
0003
0003
0003
0003
0003
0003
0003
0003
0003
0003
0003
0003
0003
0003
0003
0003
0003
0003
0003
0003
0003
0003
0003
0003
0003
0003
0003
0003
0003
0003
0003
0003
0003
0003
0003
0003
0003
0003
0003
0003
0003
0003
0003
0003
0003
0003
0003
0003
0003
0003
0003
0003
0003
0003
0003
0003
0003
0003
0003
0003
0003
0003
0003
0003
0003
0003
0003
0003
0003
0003
0003
0003
0003
0003
0003
0003
0003
0003
0003
0003
0003
0003
0003
0003
0003
0003
0003
0003
0003
0003
0003
0003
0003
0003
0003
0003
0003
0003
0003
0003
0003
0003
0003
0003
0003
0003
0003
0003
0003
0003
0003
0003
0003
0003
0003
0003
0003
0003
0003
0003
0003
0003
0003
0003
0003
0003
0003
0003
0003
0003
0003
0003
0003
0003
0003
0003
0003
0003
0003
0003
0003
0003
0003
0003
0003
0003
0003
0003
0003
0003
0003
0003
0003
0003
0003
0003
0003
0003
0003
0003
0003
0003
0003
0003
0003
0003
0003
0003
0003
0003
0003
0003
0003
0003
0003
0003
0003
0003
0003
0003
0003
0003
0003
0003
0003
0003
0003
0003
0003
0003
0003
0003
0003
0003
0003
0003
0003
0003
0003
0003
0003
0003
0003
0003
0003
0003
0003
0003
0003
0003
0003
0003
0003
0003
0003
0003
0003
0003
0003
0003
0003
0003
0003
0003
0003
0003
0003
0003
0003
0003
0003
0003
0003
0003
0003
0003
0003
0003
0003
0003
0003
0003
0003
0003
0003
0003
0003
0003
0003
0003
0003
0003
0003
0003
0003
0003
0003
0003
0003
0003
0003
0003
0003
0003
0003
0003
0003
0003
0003
0003
0003
0003
0003
0003
0003
0003
0003
0003
0003
0003
0003
0003
0003
0003
0003
0003
0003
0003
0003
0003
0003
0003
0003
0003
0003
0003
0003
0003
0003
0003
0003
0003
0003
0003
0003
0003
0003
0003
0003
0003
0003
0003
0003
0003
0003
0003
0003
0003
0003
0003
0003
0003
0003
0003
0003
0003
0003
0003
0003
0003
0003
0003
0003
0003
0003
0003
0003
0003
0003
0003
0003
0003
0003
0003
0003
0003
0003
0003
0003
0003
0003
0003
0003
0003
0003
0003
0003
0003
0003
0003
0003
0003
0003
0003
0003
0003
0003
0003
0003
0003
0003
0003
0003
0003
0003
0003
0003
0003
0003
0003
0003
0003
0003
0003
0003
0003
0003
0003
0003
0003
0003
0003
0003
0003
0003
0003
0003
0003
0003
0003
0003
0003
0003
0003
0003
0003
0003
0003
0003
0003
0003
0003
0003
0003
0003
0003
0003
0003
0003
0003
0003
0003
0003
0003
0003
0003
0003
0003
0003
0003
0003
0003
0003
0003
0003
0003
0003
0003
0003
0003
0003
0003
0003
0003
0003
0003
0003
0003
0003
0003
0003
0003
0003
0003
0003
0003
0003
0003
0003
0003
0003
0003
0003
0003
0003
0003
0003
0003
0003
0003
0003
0003
0003
0003
0003
0003
0003
0003
0003
0003
0003
0003
0003
0003
0003
0003
0003
0003
0003
0003
0003
0003
0003
0003
0003
0003
0003
0003
0003
0003
0003
0003
0003
0003
0003
0003
0003
0003
0003
0003
0003
0003
0003
0003
0003
0003
0003
0003
0003
0003
0003
0003
0003
0003
0003
0003
0003
0003
0003
0003
0003
0003
0003
0003
0003
0003
0003
0003
0003
0003
0003
0003
0003
0003
0003
0003
0003
0003
0003
0003
0003
0003
0003
0003
0003
0003
0003
0003
0003
0003
0003
0003
0003
0003
0003
0003
0003
0003
0003
0003
0003
0003
0003
0003
0003
0003
0003
0003
0003
0003
0003
0003
0003
0003
0003
0003
0003
0003
0003
0003
0003
0003
0003
0003
0003
0003
0003
0003
0003
0003
0003
0003
0003
0003
0003
0003
0003
0003
0003
0003
0003
0003
0003
0003
0003
0003
0003
0003
0003
0003
0003
0003
0003
0003
0003
0003
0003
0003
0003
0003
0003
0003
0003
0003
0003
0003
0003
0003
0003
0003
0003
0003
0003
0003
0003
0003
0003
0003
0003
0003
0003
0003
0003
0003
0003
0003
0003
0003
0003
0003
0003
0003
0003
0003
0003
0003
0003
0003
0003
0003
0003
0003
0003
0003
0003
0003
0003
0003
0003
0003
0003
0003
0003
0003
0003
0003
0003
0003
0003
0003
0003
0003
0003
0003
0003
0003
0003
0003
0003
0003
0003
0003
0003
0003
0003
0003
0003
0003
0003
0003
0003
0003
0003
0003
0003
0003
0003
0003
0003
0003
0003
0003
0003
0003
0003
0003
0003
0003
0003
0003
0003
0003
0003
0003
0003
0003
0003
0003
0003
0003
0003
0003
0003
0003
0003
0003
0003
0003
0003
0003
0003
0003
0003
0003
0003
0003
0003
0003
0003
0003
0003
0003
0003
0003
0003
0003
0003
0003
0003
0003
0003
0003
0003
0003
0003
0003
0003
0003
0003
0003
0003
0003
0003
0003
0003
0003
0003
0003
0003
0003
0003
0003
0003
0003
0003
0003
0003
0003
0003
0003
0003
0003
0003
0003
0003
0003
0003
0003
0003
0003
0003
0003
0003
0003
0003
0003
0003
0003
0003
0003
0003
0003
0003
0003
0003
0003
0003
0003
0003
0003
0003
0003
0003
0003
0003
0003
0003
0003
0003
0003
0003
0003
0003
0003
0003
0003
0003
0003
0003
0003
0003
0003
0003
0003
0003
0003
0003
0003
0003
0003
0003
0003
0003
0003
0003
0003
0003
0003
0003
0003
0003
0003
0003
0003
0003
0003
0003
0003
0003
0003
0003
0003
0003
0003
0003
0003
0003
0003
0003
0003
0003
0003
0003
0003
0003
0003
0003
0003
0003
0003
0003
0003
0003
0003
0003
0003
0003
0003
0003
0003
0003
0003
0003
0003
0003
0003
0003
0003
0003
0003
0003
0003
0003
0003
0003
0003
0003
0003
0003
0003
0003
0003
0003
0003
0003
0003
0003
0003
0003
0003
0003
0003
0003
0003
0003
0003
0003
0003
0003
0003
0003
0003
0003
0003
0003
0003
0003
0003
0003
0003
0003
0003
0003
0003
0003
0003
0003
0003
0003
0003
0003
0003
0003
0003
0003
0003
0003
0003
0003
0003
0003
0003
0003
0003
0003
0003
0003
0003
0003
0003
0003
0003
0003
0003
0003
0003
0003
0003
0003
0003
0003
0003
0003
0003
0003
0003
0003
0003
0003
0003
0003
0003
0003
0003
0003
0003
0003
0003
0003
0003
0003
0003
0003
0003
0003
0003
0003
0003
0003
0003
0003
0003
0003
0003
0003
0003
0003
0003
0003
0003
0003
0003
0003
0003
0003
0003
0003
0003
0003
0003
0003
0003
0003
0003
0003
0003
0003
0003
0003
0003
0003
0003
0003
0003
0003
0003
0003
0003
0003
0003
0003
0003
0003
0003
0003
0003
0003
0003
0003
0003
0003
0003
0003
0003
0003
0003
0003
0003
0003
0003
0003
0003
0003
0003
0003
0003
0003
0003
0003
0003
0003
0003
0003
0003
0003
0003
0003
0003
0003
0003
0003
0003
0003
0003
0003
0003
0003
0003
0003
0003
0003
0003
0003
0003
0003
0003
0003
0003
0003
0003
0003
0003
0003
0003
0003
0003
0003
0003
0003
0003
0003
0003
0003
0003
0003
0003
0003
0003
0003
0003
0003
0003
0003
0003
0003
0003
0003
0003
0003
0003
0003
0003
0003
0003
0003
0003
0003
0003
0003
0003
0003
0003
0003
0003
0003
0003
0003
0003
0003
0003
0003
0003
0003
0003
0003
0003
0003
0003
0003
0003
0003
0003
0003
0003
0003
0003
0003
0003
0003
0003
0003
0003
0003
0003
0003
0003
0003
0003
0003
0004
0004
0004
0004
0004
0004
0004
0004
0004
0004
0004
0004
0004
0004
0004
0004
0004
0004
0004
0004
0004
0004
0004
0004
0004
0004
0004
0004
0004
0004
0004
0004
0004
0004
0004
0004
0004
0004
0004
0004
0004
0004
0004
0004
0004
0004
0004
0004
0004
0004
0004
0004
0004
0004
0004
0004
0004
0004
0004
0004
0004
0004
0004
0004
0004
0004
0004
0004
0004
0004
0004
0004
0004
0004
0004
0004
0004
0004
0004
0004
0004
0004
0004
0004
0004
0004
0004
0004
0004
0004
0004
0004
0004
0004
0004
0004
0004
0004
0004
0004
0004
0004
0004
0004
0004
0004
0004
0004
0004
0004
0004
0004
0004
0004
0004
0004
0004
0004
0004
0004
0004
0004
0004
0004
0004
0004
0004
0004
0004
0004
0004
0004
0004
0004
0004
0004
0004
0004
0004
0004
0004
0004
0004
0004
0004
0004
0004
0004
0004
0004
0004
0004
0004
0004
0004
0004
0004
0004
0004
0004
0004
0004
0004
0004
0004
0004
0004
0004
0004
0004
0004
0004
0004
0004
0004
0004
0004
0004
0004
0004
0004
0004
0004
0004
0004
0004
0004
0004
0004
0004
0004
0004
0004
0004
0004
0004
0004
0004
0004
0004
0004
0004
0004
0004
0004
0004
0004
0004
0004
0004
0004
0004
0004
0004
0004
0004
0004
0004
0004
0004
0004
0004
0004
0004
0004
0004
0004
0004
0004
0004
0004
0004
0004
0004
0004
0004
0004
0004
0004
0004
0004
0004
0004
0004
0004
0004
0004
0004
0004
0004
0004
0004
0004
0004
0004
0004
0004
0004
0004
0004
0004
0004
0004
0004
0004
0004
0004
0004
0004
0004
0004
0004
0004
0004
0004
0004
0004
0004
0004
0004
0004
0004
0004
0004
0004
0004
0004
0004
0004
0004
0004
0004
0004
0004
0004
0004
0004
0004
0004
0004
0004
0004
0004
0004
0004
0004
0004
0004
0004
0004
0004
0004
0004
0004
0004
0004
0004
0004
0004
0004
0004
0004
0004
0004
0004
0004
0004
0004
0004
0004
0004
0004
0004
0004
0004
0004
0004
0004
0004
0004
0004
0004
0004
0004
0004
0004
0004
0004
0004
0004
0004
0004
0004
0004
0004
0004
0004
0004
0004
0004
0004
0004
0004
0004
0004
0004
0004
0004
0004
0004
0004
0004
0004
0004
0004
0004
0004
0004
0004
0004
0004
0004
0004
0004
0004
0004
0004
0004
0004
0004
0004
0004
0004
0004
0004
0004
0004
0004
0004
0004
0004
0004
0004
0004
0004
0004
0004
0004
0004
0004
0004
0004
0004
0004
0004
0004
0004
0004
0004
0004
0004
0004
0004
0004
0004
0004
0004
0004
0004
0004
0004
0004
0004
0004
0004
0004
0004
0004
0004
0004
0004
0004
0004
0004
0004
0004
0004
0004
0004
0004
0004
0004
0004
0004
0004
0004
0004
0004
0004
0004
0004
0004
0004
0004
0004
0004
0004
0004
0004
0004
0004
0004
0004
0004
0004
0004
0004
0004
0004
0004
0004
0004
0004
0004
0004
0004
0004
0004
0004
0004
0004
0004
0004
0004
0004
0004
0004
0004
0004
0004
0004
0004
0004
0004
0004
0004
0004
0004
0004
0004
0004
0004
0004
0004
0004
0004
0004
0004
0004
0004
0004
0004
0004
0004
0004
0004
0004
0004
0004
0004
0004
0004
0004
0004
0004
0004
0004
0004
0004
0004
0004
0004
0004
0004
0004
0004
0004
0004
0004
0004
0004
0004
0004
0004
0004
0004
0004
0004
0004
0004
0004
0004
0004
0004
0004
0004
0004
0004
0004
0004
0004
0004
0004
0004
0004
0004
0004
0004
0004
0004
0004
0004
0004
0004
0004
0004
0004
0004
0004
0004
0004
0004
0004
0004
0004
0004
0004
0004
0004
0004
0004
0004
0004
0004
0004
0004
0004
0004
0004
0004
0004
0004
0004
0004
0004
0004
0004
0004
0004
0004
0004
0004
0004
0004
0004
0004
0004
0004
0004
0004
0004
0004
0004
0004
0004
0004
0004
0004
0004
0004
0004
0004
0004
0004
0004
0004
0004
0004
0004
0004
0004
0004
0004
0004
0004
0004
0004
0004
0004
0004
0004
0004
0004
0004
0004
0004
0004
0004
0004
0004
0004
0004
0004
0004
0004
0004
0004
0004
0004
0004
0004
0004
0004
0004
0004
0004
0004
0004
0004
0004
0004
0004
0004
0004
0004
0004
0004
0004
0004
0004
0004
0004
0004
0004
0004
0004
0004
0004
0004
0004
0004
0004
0004
0004
0004
0004
0004
0004
0004
0004
0004
0004
0004
0004
0004
0004
0004
0004
0004
0004
0004
0004
0004
0004
0004
0004
0004
0004
0004
0004
0004
0004
0004
0004
0004
0004
0004
0004
0004
0004
0004
0004
0004
0004
0004
0004
0004
0004
0004
0004
0004
0004
0004
0004
0004
0004
0004
0004
0004
0004
0004
0004
0004
0004
0004
0004
0004
0004
0004
0004
0004
0004
0004
0004
0004
0004
0004
0004
0004
0004
0004
0004
0004
0004
0004
0004
0004
0004
0004
0004
0004
0004
0004
0004
0004
0004
0004
0004
0004
0004
0004
0004
0004
0004
0004
0004
0004
0004
0004
0004
0004
0004
0004
0004
0004
0004
0004
0004
0004
0004
0004
0004
0004
0004
0004
0004
0004
0004
0004
0004
0004
0004
0004
0004
0004
0004
0004
0004
0004
0004
0004
0004
0004
0004
0004
0004
0004
0004
0004
0004
0004
0004
0004
0004
0004
0004
0004
0004
0004
0004
0004
0004
0004
0004
0004
0004
0004
0004
0004
0004
0004
0004
0004
0004
0004
0004
0004
0004
0004
0004
0004
0004
0004
0004
0004
0004
0004
0004
0004
0004
0004
0004
0004
0004
0004
0004
0004
0004
0004
0004
0004
0004
0004
0004
0004
0004
0004
0004
0004
0004
0004
0004
0004
0004
0004
0004
0004
0004
0004
0004
0004
0004
0004
0004
0004
0004
0004
0004
0004
0004
0004
0004
0004
0004
0004
0004
0004
0004
0004
0004
0004
0004
0004
0004
0004
0004
0004
0004
0004
0004
0004
0004
0004
0004
0004
0004
0004
0004
0004
0004
0004
0004
0004
0004
0004
0004
0004
0004
0004
0004
0004
0004
0004
0004
0004
0004
0004
0004
0004
0004
0004
0004
0004
0004
0004
0004
0004
0004
0004
0004
0004
0004
0004
0004
0004
0004
0004
0004
0004
0004
0004
0004
0004
0004
0004
0004
0004
0004
0004
0004
0004
0004
0004
0004
0004
0004
0004
0004
0004
0004
0005
0005
0005
0005
0005
0005
0005
0005
0005
0005
0005
0005
0005
0005
0005
0005
0005
0005
0005
0005
0005
0005
0005
0005
0005
0005
0005
0005
0005
0005
0005
0005
0005
0005
0005
0005
0005
0005
0005
0005
0005
0005
0005
0005
0005
0005
0005
0005
0005
0005
0005
0005
0005
0005
0005
0005
0005
0005
0005
0005
0005
0005
0005
0005
0005
0005
0005
0005
0005
0005
0005
0005
0005
0005
0005
0005
0005
0005
0005
0005
0005
0005
0005
0005
0005
0005
0005
0005
0005
0005
0005
0005
0005
0005
0005
0005
0005
0005
0005
0005
0005
0005
0005
0005
0005
0005
0005
0005
0005
0005
0005
0005
0005
0005
0005
0005
0005
0005
0005
0005
0005
0005
0005
0005
0005
0005
0005
0005
0005
0005
0005
0005
0005
0005
0005
0005
0005
0005
0005
0005
0005
0005
0005
0005
0005
0005
0005
0005
0005
0005
0005
0005
0005
0005
0005
0005
0005
0005
0005
0005
0005
0005
0005
0005
0005
0005
0005
0005
0005
0005
0005
0005
0005
0005
0005
0005
0005
0005
0005
0005
0005
0005
0005
0005
0005
0005
0005
0005
0005
0005
0005
0005
0005
0005
0005
0005
0005
0005
0005
0005
0005
0005
0005
0005
0005
0005
0005
0005
0005
0005
0005
0005
0005
0005
0005
0005
0005
0005
0005
0005
0005
0005
0005
0005
0005
0005
0005
0005
0005
0005
0005
0005
0005
0005
0005
0005
0005
0005
0005
0005
0005
0005
0005
0005
0005
0005
0005
0005
0005
0005
0005
0005
0005
0005
0005
0005
0005
0005
0005
0005
0005
0005
0005
0005
0005
0005
0005
0005
0005
0005
0005
0005
0005
0005
0005
0005
0005
0005
0005
0005
0005
0005
0005
0005
0005
0005
0005
0005
0005
0005
0005
0005
0005
0005
0005
0005
0005
0005
0005
0005
0005
0005
0005
0005
0005
0005
0005
0005
0005
0005
0005
0005
0005
0005
0005
0005
0005
0005
0005
0005
0005
0005
0005
0005
0005
0005
0005
0005
0005
0005
0005
0005
0005
0005
0005
0005
0005
0005
0005
0005
0005
0005
0005
0005
0005
0005
0005
0005
0005
0005
0005
0005
0005
0005
0005
0005
0005
0005
0005
0005
0005
0005
0005
0005
0005
0005
0005
0005
0005
0005
0005
0005
0005
0005
0005
0005
0005
0005
0005
0005
0005
0005
0005
0005
0005
0005
0005
0005
0005
0005
0005
0005
0005
0005
0005
0005
0005
0005
0005
0005
0005
0005
0005
0005
0005
0005
0005
0005
0005
0005
0005
0005
0005
0005
0005
0005
0005
0005
0005
0005
0005
0005
0005
0005
0005
0005
0005
0005
0005
0005
0005
0005
0005
0005
0005
0005
0005
0005
0005
0005
0005
0005
0005
0005
0005
0005
0005
0005
0005
0005
0005
0005
0005
0005
0005
0005
0005
0005
0005
0005
0005
0005
0005
0005
0005
0005
0005
0005
0005
0005
0005
0005
0005
0005
0005
0005
0005
0005
0005
0005
0005
0005
0005
0005
0005
0005
0005
0005
0005
0005
0005
0005
0005
0005
0005
0005
0005
0005
0005
0005
0005
0005
0005
0005
0005
0005
0005
0005
0005
0005
0005
0005
0005
0005
0005
0005
0005
0005
0005
0005
0005
0005
0005
0005
0005
0005
0005
0005
0005
0005
0005
0005
0005
0005
0005
0005
0005
0005
0005
0005
0005
0005
0005
0005
0005
0005
0005
0005
0005
0005
0005
0005
0005
0005
0005
0005
0005
0005
0005
0005
0005
0005
0005
0005
0005
0005
0005
0005
0005
0005
0005
0005
0005
0005
0005
0005
0005
0005
0005
0005
0005
0005
0005
0005
0005
0005
0005
0005
0005
0005
0005
0005
0005
0005
0005
0005
0005
0005
0005
0005
0005
0005
0005
0005
0005
0005
0005
0005
0005
0005
0005
0005
0005
0005
0005
0005
0005
0005
0005
0005
0005
0005
0005
0005
0005
0005
0005
0005
0005
0005
0005
0005
0005
0005
0005
0005
0005
0005
0005
0005
0005
0005
0005
0005
0005
0005
0005
0005
0005
0005
0005
0005
0005
0005
0005
0005
0005
0005
0005
0005
0005
0005
0005
0005
0005
0005
0005
0005
0005
0005
0005
0005
0005
0005
0005
0005
0005
0005
0005
0005
0005
0005
0005
0005
0005
0005
0005
0005
0005
0005
0005
0005
0005
0005
0005
0005
0005
0005
0005
0005
0005
0005
0005
0005
0005
0005
0005
0005
0005
0005
0005
0005
0005
0005
0005
0005
0005
0005
0005
0005
0005
0005
0005
0005
0005
0005
0005
0005
0005
0005
0005
0005
0005
0005
0005
0005
0005
0005
0005
0005
0005
0005
0005
0005
0005
0005
0005
0005
0005
0005
0005
0005
0005
0005
0005
0005
0005
0005
0005
0005
0005
0005
0005
0005
0005
0005
0005
0005
0005
0005
0005
0005
0005
0005
0005
0005
0005
0005
0005
0005
0005
0005
0005
0005
0005
0005
0005
0005
0005
0005
0005
0005
0005
0005
0005
0005
0005
0005
0005
0005
0005
0005
0005
0005
0005
0005
0005
0005
0005
0005
0005
0005
0005
0005
0005
0005
0005
0005
0005
0005
0005
0005
0006
0006
0006
0006
0006
0006
0006
0006
0006
0006
0006
0006
0006
0006
0006
0006
0006
0006
0006
0006
0006
0006
0006
0006
0006
0006
0006
0006
0006
0006
0006
0006
0006
0006
0006
0006
0006
0006
0006
0006
0006
0006
0006
0006
0006
0006
0006
0006
0006
0006
0006
0006
0006
0006
0006
0006
0006
0006
0006
0006
0006
0006
0006
0006
0006
0006
0006
0006
0006
0006
0006
0006
0006
0006
0006
0006
0006
0006
0006
0006
0006
0006
0006
0006
0006
0006
0006
0006
0006
0006
0006
0006
0006
0006
0006
0006
0006
0006
0006
0006
0006
0006
0006
0006
0006
0006
0006
0006
0006
0006
0006
0006
0006
0006
0006
0006
0006
0006
0006
0006
0006
0006
0006
0006
0006
0006
0006
0006
0006
0006
0006
0006
0006
0006
0006
0006
0006
0006
0006
0006
0006
0006
0006
0006
0006
0006
0006
0006
0006
0006
0006
0006
0006
0006
0006
0006
0006
0006
0006
0006
0006
0006
0006
0006
0006
0006
0006
0006
0006
0006
0006
0006
0006
0006
0006
0006
0006
0006
0006
0006
0006
0006
0006
0006
0006
0006
0006
0006
0006
0006
0006
0006
0006
0006
0006
0006
0006
0006
0006
0006
0006
0006
0006
0006
0006
0006
0006
0006
0006
0006
0006
0006
0006
0006
0006
0006
0006
0006
0006
0006
0006
0006
0006
0006
0006
0006
0006
0006
0006
0006
0006
0006
0006
0006
0006
0006
0006
0006
0006
0006
0006
0006
0006
0006
0006
0006
0006
0006
0006
0006
0006
0006
0006
0006
0006
0006
0006
0006
0006
0006
0006
0006
0006
0006
0006
0006
0006
0006
0006
0006
0006
0006
0006
0006
0006
0006
0006
0006
0006
0006
0006
0006
0006
0006
0006
0006
0006
0006
0006
0006
0006
0006
0006
0006
0006
0006
0006
0006
0006
0006
0006
0006
0006
0006
0006
0006
0006
0006
0006
0006
0006
0006
0006
0006
0006
0006
0006
0006
0006
0006
0006
0006
0006
0006
0006
0006
0006
0006
0006
0006
0006
0006
0006
0006
0006
0006
0006
0006
0006
0006
0006
0006
0006
0006
0006
0006
0006
0006
0006
0006
0006
0006
0006
0006
0006
0006
0006
0006
0006
0006
0006
0006
0006
0006
0006
0006
0006
0006
0006
0006
0006
0006
0006
0006
0006
0006
0006
0006
0006
0006
0006
0006
0006
0006
0006
0006
0006
0006
0006
0006
0006
0006
0006
0006
0006
0006
0006
0006
0006
0006
0006
0006
0006
0006
0006
0006
0006
0006
0006
0006
0006
0006
0006
0006
0006
0006
0006
0006
0006
0006
0006
0006
0006
0006
0006
0006
0006
0006
0006
0006
0006
0006
0006
0006
0006
0006
0006
0006
0006
0006
0006
0006
0006
0006
0006
0006
0006
0006
0006
0006
0006
0006
0006
0006
0006
0006
0006
0006
0006
0006
0006
0006
0006
0006
0006
0006
0006
0006
0006
0006
0006
0006
0006
0006
0006
0006
0006
0006
0006
0006
0006
0006
0006
0006
0006
0006
0006
0006
0006
0006
0006
0006
0006
0006
0006
0006
0006
0006
0006
0006
0006
0006
0006
0006
0006
0006
0006
0006
0006
0006
0006
0006
0006
0006
0006
0006
0006
0006
0006
0006
0006
0006
0006
0006
0006
0006
0006
0006
0006
0006
0006
0006
0006
0006
0006
0006
0006
0006
0006
0006
0006
0006
0006
0006
0006
0006
0006
0006
0006
0006
0006
0006
0006
0006
0006
0006
0006
0006
0006
0006
0006
0006
0006
0006
0006
0006
0006
0006
0006
0006
0006
0006
0006
0006
0006
0006
0006
0006
0006
0006
0006
0006
0006
0006
0006
0006
0006
0006
0006
0006
0006
0006
0006
0006
0006
0006
0006
0006
0006
0006
0006
0006
0006
0006
0006
0006
0006
0006
0006
0006
0006
0006
0006
0006
0006
0006
0006
0006
0006
0006
0006
0006
0006
0006
0006
0006
0006
0006
0006
0006
0006
0006
0006
0006
0006
0006
0006
0006
0006
0006
0006
0006
0006
0006
0006
0006
0006
0006
0006
0006
0006
0006
0006
0006
0006
0006
0006
0006
0006
0006
0006
0006
0006
0006
0006
0006
0006
0006
0006
0006
0006
0006
0006
0006
0006
0006
0006
0006
0006
0006
0006
0006
0006
0006
0007
0007
0007
0007
0007
0007
0007
0007
0007
0007
0007
0007
0007
0007
0007
0007
0007
0007
0007
0007
0007
0007
0007
0007
0007
0007
0007
0007
0007
0007
0007
0007
0007
0007
0007
0007
0007
0007
0007
0007
0007
0007
0007
0007
0007
0007
0007
0007
0007
0007
0007
0007
0007
0007
0007
0007
0007
0007
0007
0007
0007
0007
0007
0007
0007
0007
0007
0007
0007
0007
0007
0007
0007
0007
0007
0007
0007
0007
0007
0007
0007
0007
0007
0007
0007
0007
0007
0007
0007
0007
0007
0007
0007
0007
0007
0007
0007
0007
0007
0007
0007
0007
0007
0007
0007
0007
0007
0007
0007
0007
0007
0007
0007
0007
0007
0007
0007
0007
0007
0007
0007
0007
0007
0007
0007
0007
0007
0007
0007
0007
0007
0007
0007
0007
0007
0007
0007
0007
0007
0007
0007
0007
0007
0007
0007
0007
0007
0007
0007
0007
0007
0007
0007
0007
0007
0007
0007
0007
0007
0007
0007
0007
0007
0007
0007
0007
0007
0007
0007
0007
0007
0007
0007
0007
0007
0007
0007
0007
0007
0007
0007
0007
0007
0007
0007
0007
0007
0007
0007
0007
0007
0007
0007
0007
0007
0007
0007
0007
0007
0007
0007
0007
0007
0007
0007
0007
0007
0007
0007
0007
0007
0007
0007
0007
0007
0007
0007
0007
0007
0007
0007
0007
0007
0007
0007
0007
0007
0007
0007
0007
0007
0007
0007
0007
0007
0007
0007
0007
0007
0007
0007
0007
0007
0007
0007
0007
0007
0007
0007
0007
0007
0007
0007
0007
0007
0007
0007
0007
0007
0007
0007
0007
0007
0007
0007
0007
0007
0007
0007
0007
0007
0007
0007
0007
0007
0007
0007
0007
0007
0007
0007
0007
0007
0007
0007
0007
0007
0007
0007
0007
0007
0007
0007
0007
0007
0007
0007
0007
0007
0007
0007
0007
0007
0007
0007
0007
0007
0007
0007
0007
0007
0007
0007
0007
0007
0007
0007
0007
0007
0007
0007
0007
0007
0007
0007
0007
0007
0007
0007
0007
0007
0007
0007
0007
0007
0007
0007
0007
0007
0007
0007
0007
0007
0007
0007
0007
0007
0007
0007
0007
0007
0007
0007
0007
0007
0007
0007
0007
0007
0007
0007
0007
0007
0007
0007
0007
0007
0007
0007
0007
0007
0007
0007
0007
0007
0007
0007
0007
0007
0007
0007
0007
0007
0007
0007
0007
0007
0007
0007
0007
0007
0007
0007
0007
0007
0007
0007
0007
0007
0007
0007
0007
0007
0007
0007
0007
0007
0007
0007
0007
0007
0007
0007
0007
0007
0007
0007
0007
0007
0007
0007
0007
0007
0007
0007
0007
0007
0007
0007
0007
0007
0007
0007
0007
0007
0007
0007
0007
0007
0007
0007
0007
0007
0007
0007
0007
0007
0007
0007
0007
0007
0007
0007
0007
0007
0007
0007
0007
0007
0007
0007
0007
0007
0007
0007
0007
0007
0007
0007
0007
0007
0007
0007
0007
0007
0007
0007
0007
0007
0007
0007
0007
0007
0007
0007
0007
0007
0007
0007
0007
0007
0007
0007
0007
0007
0007
0007
0007
0007
0007
0007
0007
0007
0007
0007
0007
0007
0007
0007
0007
0007
0007
0007
0007
0007
0007
0007
0007
0007
0007
0007
0007
0007
0007
0007
0007
0007
0007
0007
0007
0007
0007
0007
0007
0007
0007
0007
0007
0007
0007
0007
0007
0007
0007
0007
0007
0007
0007
0007
0007
0007
0007
0007
0007
0007
0007
0007
0007
0007
0007
0007
0007
0007
0007
0007
0007
0007
0007
0007
0007
0007
0007
0007
0007
0007
0007
0007
0007
0007
0007
0007
0007
0007
0007
0007
0007
0008
0008
0008
0008
0008
0008
0008
0008
0008
0008
0008
0008
0008
0008
0008
0008
0008
0008
0008
0008
0008
0008
0008
0008
0008
0008
0008
0008
0008
0008
0008
0008
0008
0008
0008
0008
0008
0008
0008
0008
0008
0008
0008
0008
0008
0008
0008
0008
0008
0008
0008
0008
0008
0008
0008
0008
0008
0008
0008
0008
0008
0008
0008
0008
0008
0008
0008
0008
0008
0008
0008
0008
0008
0008
0008
0008
0008
0008
0008
0008
0008
0008
0008
0008
0008
0008
0008
0008
0008
0008
0008
0008
0008
0008
0008
0008
0008
0008
0008
0008
0008
0008
0008
0008
0008
0008
0008
0008
0008
0008
0008
0008
0008
0008
0008
0008
0008
0008
0008
0008
0008
0008
0008
0008
0008
0008
0008
0008
0008
0008
0008
0008
0008
0008
0008
0008
0008
0008
0008
0008
0008
0008
0008
0008
0008
0008
0008
0008
0008
0008
0008
0008
0008
0008
0008
0008
0008
0008
0008
0008
0008
0008
0008
0008
0008
0008
0008
0008
0008
0008
0008
0008
0008
0008
0008
0008
0008
0008
0008
0008
0008
0008
0008
0008
0008
0008
0008
0008
0008
0008
0008
0008
0008
0008
0008
0008
0008
0008
0008
0008
0008
0008
0008
0008
0008
0008
0008
0008
0008
0008
0008
0008
0008
0008
0008
0008
0008
0008
0008
0008
0008
0008
0008
0008
0008
0008
0008
0008
0008
0008
0008
0008
0008
0008
0008
0008
0008
0008
0008
0008
0008
0008
0008
0008
0008
0008
0008
0008
0008
0008
0008
0008
0008
0008
0008
0008
0008
0008
0008
0008
0008
0008
0008
0008
0008
0008
0008
0008
0008
0008
0008
0008
0008
0008
0008
0008
0008
0008
0008
0008
0008
0008
0008
0008
0008
0008
0008
0008
0008
0008
0008
0008
0008
0008
0008
0008
0008
0008
0008
0008
0008
0008
0008
0008
0008
0008
0008
0008
0008
0008
0008
0008
0008
0008
0008
0008
0008
0008
0008
0008
0008
0008
0008
0008
0008
0008
0008
0008
0008
0008
0008
0008
0008
0008
0008
0008
0008
0008
0008
0008
0008
0008
0008
0008
0008
0008
0008
0008
0008
0008
0008
0008
0008
0008
0008
0008
0008
0008
0008
0008
0008
0008
0008
0008
0008
0008
0008
0008
0008
0008
0008
0008
0008
0008
0008
0008
0008
0008
0008
0008
0008
0008
0008
0008
0008
0008
0008
0008
0008
0008
0008
0008
0008
0008
0008
0008
0008
0008
0008
0008
0008
0008
0008
0008
0008
0008
0008
0008
0008
0008
0008
0008
0008
0008
0008
0008
0008
0008
0008
0008
0008
0008
0008
0008
0008
0008
0008
0008
0008
0008
0008
0008
0008
0008
0008
0008
0008
0008
0008
0008
0008
0008
0008
0008
0008
0008
0008
0008
0008
0008
0008
0008
0008
0008
0008
0008
0008
0008
0008
0008
0008
0008
0008
0008
0008
0008
0008
0008
0008
0008
0008
0008
0008
0008
0008
0008
0008
0008
0008
0008
0008
0008
0008
0008
0008
0008
0008
0008
0008
0008
0008
0008
0008
0008
0008
0008
0008
0008
0008
0008
0008
0008
0008
0008
0008
0008
0008
0008
0008
0008
0008
0008
0008
0009
0009
0009
0009
0009
0009
0009
0009
0009
0009
0009
0009
0009
0009
0009
0009
0009
0009
0009
0009
0009
0009
0009
0009
0009
0009
0009
0009
0009
0009
0009
0009
0009
0009
0009
0009
0009
0009
0009
0009
0009
0009
0009
0009
0009
0009
0009
0009
0009
0009
0009
0009
0009
0009
0009
0009
0009
0009
0009
0009
0009
0009
0009
0009
0009
0009
0009
0009
0009
0009
0009
0009
0009
0009
0009
0009
0009
0009
0009
0009
0009
0009
0009
0009
0009
0009
0009
0009
0009
0009
0009
0009
0009
0009
0009
0009
0009
0009
0009
0009
0009
0009
0009
0009
0009
0009
0009
0009
0009
0009
0009
0009
0009
0009
0009
0009
0009
0009
0009
0009
0009
0009
0009
0009
0009
0009
0009
0009
0009
0009
0009
0009
0009
0009
0009
0009
0009
0009
0009
0009
0009
0009
0009
0009
0009
0009
0009
0009
0009
0009
0009
0009
0009
0009
0009
0009
0009
0009
0009
0009
0009
0009
0009
0009
0009
0009
0009
0009
0009
0009
0009
0009
0009
0009
0009
0009
0009
0009
0009
0009
0009
0009
0009
0009
0009
0009
0009
0009
0009
0009
0009
0009
0009
0009
0009
0009
0009
0009
0009
0009
0009
0009
0009
0009
0009
0009
0009
0009
0009
0009
0009
0009
0009
0009
0009
0009
0009
0009
0009
0009
0009
0009
0009
0009
0009
0009
0009
0009
0009
0009
0009
0009
0009
0009
0009
0009
0009
0009
0009
0009
0009
0009
0009
0009
0009
0009
0009
0009
0009
0009
0009
0009
0009
0009
0009
0009
0009
0009
0009
0009
0009
0009
0009
0009
0009
0009
0009
0009
0009
0009
0009
0009
0009
0009
0009
0009
0009
0009
0009
0009
0009
0009
0009
0009
0009
0009
0009
0009
0009
0009
0009
0009
0009
0009
0009
0009
0009
0009
0009
0009
0009
0009
0009
0009
0009
0009
0009
0009
0009
0009
0009
0009
0009
0009
0009
0009
0009
0009
0009
0009
0009
0009
0009
0009
0009
0009
0009
0009
0009
0009
0009
0009
0009
0009
0009
0009
0009
0009
0009
0009
0009
0009
0009
0009
0009
0009
0009
0009
0009
0009
0009
0009
0009
0009
0009
0009
0009
0009
0009
0009
0009
0009
0009
0009
0009
0009
0009
0009
0009
0009
0009
0009
0009
0009
0009
0009
0009
0009
0009
0009
0009
0009
0009
0009
0009
0009
0009
0009
0009
0009
0009
0009
0009
0009
0009
0009
0009
0009
0009
0009
0009
0009
0009
0009
0009
0009
0009
0009
0009
0009
0009
0009
0009
0009
0009
0009
0009
0009
0009
0009
0009
0009
0009
0009
0009
0009
0009
0009
0009
0009
0009
0009
0009
0009
0009
0009
0009
0009
0009
0009
0009
0009
0009
0009
0009
0009
0009
0009
0009
0009
0009
0009
0009
0009
0009
000a
000a
000a
000a
000a
000a
000a
000a
000a
000a
000a
000a
000a
000a
000a
000a
000a
000a
000a
000a
000a
000a
000a
000a
000a
000a
000a
000a
000a
000a
000a
000a
000a
000a
000a
000a
000a
000a
000a
000a
000a
000a
000a
000a
000a
000a
000a
000a
000a
000a
000a
000a
000a
000a
000a
000a
000a
000a
000a
000a
000a
000a
000a
000a
000a
000a
000a
000a
000a
000a
000a
000a
000a
000a
000a
000a
000a
000a
000a
000a
000a
000a
000a
000a
000a
000a
000a
000a
000a
000a
000a
000a
000a
000a
000a
000a
000a
000a
000a
000a
000a
000a
000a
000a
000a
000a
000a
000a
000a
000a
000a
000a
000a
000a
000a
000a
000a
000a
000a
000a
000a
000a
000a
000a
000a
000a
000a
000a
000a
000a
000a
000a
000a
000a
000a
000a
000a
000a
000a
000a
000a
000a
000a
000a
000a
000a
000a
000a
000a
000a
000a
000a
000a
000a
000a
000a
000a
000a
000a
000a
000a
000a
000a
000a
000a
000a
000a
000a
000a
000a
000a
000a
000a
000a
000a
000a
000a
000a
000a
000a
000a
000a
000a
000a
000a
000a
000a
000a
000a
000a
000a
000a
000a
000a
000a
000a
000a
000a
000a
000a
000a
000a
000a
000a
000a
000a
000a
000a
000a
000a
000a
000a
000a
000a
000a
000a
000a
000a
000a
000a
000a
000a
000a
000a
000a
000a
000a
000a
000a
000a
000a
000a
000a
000a
000a
000a
000a
000a
000a
000a
000a
000a
000a
000a
000a
000a
000a
000a
000a
000a
000a
000a
000a
000a
000a
000a
000a
000a
000a
000a
000a
000a
000a
000a
000a
000a
000a
000a
000a
000a
000a
000a
000a
000a
000a
000a
000a
000a
000a
000a
000a
000a
000a
000a
000a
000a
000a
000a
000a
000a
000a
000a
000a
000a
000a
000a
000a
000a
000a
000a
000a
000a
000a
000a
000a
000a
000a
000a
000a
000a
000a
000a
000a
000a
000a
000a
000a
000a
000a
000a
000a
000a
000a
000a
000a
000a
000a
000a
000a
000a
000a
000a
000a
000a
000a
000a
000a
000a
000a
000a
000a
000a
000a
000a
000a
000a
000a
000a
000a
000a
000a
000a
000a
000a
000a
000a
000a
000a
000a
000a
000a
000a
000a
000a
000a
000a
000a
000a
000a
000a
000a
000a
000a
000a
000a
000a
000a
000a
000a
000a
000a
000a
000a
000a
000a
000a
000a
000a
000a
000a
000a
000a
000a
000a
000a
000a
000a
000a
000a
000a
000a
000a
000a
000a
000a
000a
000a
000a
000a
000a
000b
000b
000b
000b
000b
000b
000b
000b
000b
000b
000b
000b
000b
000b
000b
000b
000b
000b
000b
000b
000b
000b
000b
000b
000b
000b
000b
000b
000b
000b
000b
000b
000b
000b
000b
000b
000b
000b
000b
000b
000b
000b
000b
000b
000b
000b
000b
000b
000b
000b
000b
000b
000b
000b
000b
000b
000b
000b
000b
000b
000b
000b
000b
000b
000b
000b
000b
000b
000b
000b
000b
000b
000b
000b
000b
000b
000b
000b
000b
000b
000b
000b
000b
000b
000b
000b
000b
000b
000b
000b
000b
000b
000b
000b
000b
000b
000b
000b
000b
000b
000b
000b
000b
000b
000b
000b
000b
000b
000b
000b
000b
000b
000b
000b
000b
000b
000b
000b
000b
000b
000b
000b
000b
000b
000b
000b
000b
000b
000b
000b
000b
000b
000b
000b
000b
000b
000b
000b
000b
000b
000b
000b
000b
000b
000b
000b
000b
000b
000b
000b
000b
000b
000b
000b
000b
000b
000b
000b
000b
000b
000b
000b
000b
000b
000b
000b
000b
000b
000b
000b
000b
000b
000b
000b
000b
000b
000b
000b
000b
000b
000b
000b
000b
000b
000b
000b
000b
000b
000b
000b
000b
000b
000b
000b
000b
000b
000b
000b
000b
000b
000b
000b
000b
000b
000b
000b
000b
000b
000b
000b
000b
000b
000b
000b
000b
000b
000b
000b
000b
000b
000b
000b
000b
000b
000b
000b
000b
000b
000b
000b
000b
000b
000b
000b
000b
000b
000b
000b
000b
000b
000b
000b
000b
000b
000b
000b
000b
000b
000b
000b
000b
000b
000b
000b
000b
000b
000b
000b
000b
000b
000b
000b
000b
000b
000b
000b
000b
000b
000b
000b
000b
000b
000b
000b
000b
000b
000b
000b
000b
000b
000b
000b
000b
000b
000b
000b
000b
000b
000b
000b
000b
000b
000b
000b
000b
000b
000b
000b
000b
000b
000b
000b
000b
000b
000b
000b
000b
000b
000b
000b
000b
000b
000b
000b
000b
000b
000b
000b
000b
000b
000b
000b
000b
000b
000b
000b
000b
000b
000b
000b
000b
000b
000b
000b
000b
000b
000b
000b
000b
000b
000b
000b
000b
000b
000b
000b
000b
000b
000b
000b
000b
000b
000b
000b
000b
000b
000b
000b
000b
000b
000b
000b
000b
000b
000b
000b
000b
000b
000b
000b
000b
000b
000b
000c
000c
000c
000c
000c
000c
000c
000c
000c
000c
000c
000c
000c
000c
000c
000c
000c
000c
000c
000c
000c
000c
000c
000c
000c
000c
000c
000c
000c
000c
000c
000c
000c
000c
000c
000c
000c
000c
000c
000c
000c
000c
000c
000c
000c
000c
000c
000c
000c
000c
000c
000c
000c
000c
000c
000c
000c
000c
000c
000c
000c
000c
000c
000c
000c
000c
000c
000c
000c
000c
000c
000c
000c
000c
000c
000c
000c
000c
000c
000c
000c
000c
000c
000c
000c
000c
000c
000c
000c
000c
000c
000c
000c
000c
000c
000c
000c
000c
000c
000c
000c
000c
000c
000c
000c
000c
000c
000c
000c
000c
000c
000c
000c
000c
000c
000c
000c
000c
000c
000c
000c
000c
000c
000c
000c
000c
000c
000c
000c
000c
000c
000c
000c
000c
000c
000c
000c
000c
000c
000c
000c
000c
000c
000c
000c
000c
000c
000c
000c
000c
000c
000c
000c
000c
000c
000c
000c
000c
000c
000c
000c
000c
000c
000c
000c
000c
000c
000c
000c
000c
000c
000c
000c
000c
000c
000c
000c
000c
000c
000c
000c
000c
000c
000c
000c
000c
000c
000c
000c
000c
000c
000c
000c
000c
000c
000c
000c
000c
000c
000c
000c
000c
000c
000c
000c
000c
000c
000c
000c
000c
000c
000c
000c
000c
000c
000c
000c
000c
000c
000c
000c
000c
000c
000c
000c
000c
000c
000c
000c
000c
000c
000c
000c
000c
000c
000c
000c
000c
000c
000c
000c
000c
000c
000c
000c
000c
000c
000c
000c
000c
000c
000c
000c
000c
000c
000c
000c
000c
000c
000c
000c
000c
000c
000c
000c
000c
000c
000c
000c
000c
000c
000c
000c
000c
000c
000c
000c
000c
000c
000c
000c
000c
000c
000c
000c
000c
000c
000c
000c
000c
000c
000c
000c
000c
000c
000c
000c
000c
000c
000c
000c
000c
000c
000c
000c
000c
000c
000c
000c
000c
000c
000c
000c
000c
000c
000c
000c
000c
000c
000c
000c
000c
000c
000c
000c
000c
000c
000c
000c
000c
000c
000c
000c
000c
000c
000c
000c
000c
000c
000c
000c
000d
000d
000d
000d
000d
000d
000d
000d
000d
000d
000d
000d
000d
000d
000d
000d
000d
000d
000d
000d
000d
000d
000d
000d
000d
000d
000d
000d
000d
000d
000d
000d
000d
000d
000d
000d
000d
000d
000d
000d
000d
000d
000d
000d
000d
000d
000d
000d
000d
000d
000d
000d
000d
000d
000d
000d
000d
000d
000d
000d
000d
000d
000d
000d
000d
000d
000d
000d
000d
000d
000d
000d
000d
000d
000d
000d
000d
000d
000d
000d
000d
000d
000d
000d
000d
000d
000d
000d
000d
000d
000d
000d
000d
000d
000d
000d
000d
000d
000d
000d
000d
000d
000d
000d
000d
000d
000d
000d
000d
000d
000d
000d
000d
000d
000d
000d
000d
000d
000d
000d
000d
000d
000d
000d
000d
000d
000d
000d
000d
000d
000d
000d
000d
000d
000d
000d
000d
000d
000d
000d
000d
000d
000d
000d
000d
000d
000d
000d
000d
000d
000d
000d
000d
000d
000d
000d
000d
000d
000d
000d
000d
000d
000d
000d
000d
000d
000d
000d
000d
000d
000d
000d
000d
000d
000d
000d
000d
000d
000d
000d
000d
000d
000d
000d
000d
000d
000d
000d
000d
000d
000d
000d
000d
000d
000d
000d
000d
000d
000d
000d
000d
000d
000d
000d
000d
000d
000d
000d
000d
000d
000d
000d
000d
000d
000d
000d
000d
000d
000d
000d
000d
000d
000d
000d
000d
000d
000d
000d
000d
000d
000d
000d
000d
000d
000d
000d
000d
000d
000d
000d
000d
000d
000d
000d
000d
000d
000d
000d
000d
000d
000d
000d
000d
000d
000d
000d
000d
000d
000d
000d
000d
000d
000d
000d
000d
000d
000d
000d
000d
000d
000d
000d
000d
000d
000d
000d
000d
000d
000d
000d
000d
000d
000d
000d
000d
000d
000d
000d
000d
000d
000d
000d
000d
000d
000d
000d
000d
000d
000d
000d
000d
000d
000d
000d
000d
000d
000d
000d
000d
000d
000d
000d
000d
000d
000d
000d
000e
000e
000e
000e
000e
000e
000e
000e
000e
000e
000e
000e
000e
000e
000e
000e
000e
000e
000e
000e
000e
000e
000e
000e
000e
000e
000e
000e
000e
000e
000e
000e
000e
000e
000e
000e
000e
000e
000e
000e
000e
000e
000e
000e
000e
000e
000e
000e
000e
000e
000e
000e
000e
000e
000e
000e
000e
000e
000e
000e
000e
000e
000e
000e
000e
000e
000e
000e
000e
000e
000e
000e
000e
000e
000e
000e
000e
000e
000e
000e
000e
000e
000e
000e
000e
000e
000e
000e
000e
000e
000e
000e
000e
000e
000e
000e
000e
000e
000e
000e
000e
000e
000e
000e
000e
000e
000e
000e
000e
000e
000e
000e
000e
000e
000e
000e
000e
000e
000e
000e
000e
000e
000e
000e
000e
000e
000e
000e
000e
000e
000e
000e
000e
000e
000e
000e
000e
000e
000e
000e
000e
000e
000e
000e
000e
000e
000e
000e
000e
000e
000e
000e
000e
000e
000e
000e
000e
000e
000e
000e
000e
000e
000e
000e
000e
000e
000e
000e
000e
000e
000e
000e
000e
000e
000e
000e
000e
000e
000e
000e
000e
000e
000e
000e
000e
000e
000e
000e
000e
000e
000e
000e
000e
000e
000e
000e
000e
000e
000e
000e
000e
000e
000e
000e
000e
000e
000e
000e
000e
000e
000e
000e
000e
000e
000e
000e
000e
000e
000e
000e
000e
000e
000e
000e
000e
000e
000e
000e
000e
000e
000e
000e
000e
000e
000e
000e
000e
000e
000e
000e
000e
000e
000e
000e
000e
000e
000e
000e
000e
000e
000e
000e
000e
000e
000e
000e
000e
000e
000e
000e
000e
000e
000e
000e
000e
000e
000e
000e
000e
000e
000e
000e
000e
000e
000e
000e
000e
000e
000e
000e
000e
000e
000e
000e
000e
000e
000e
000e
000e
000e
000e
000e
000f
000f
000f
000f
000f
000f
000f
000f
000f
000f
000f
000f
000f
000f
000f
000f
000f
000f
000f
000f
000f
000f
000f
000f
000f
000f
000f
000f
000f
000f
000f
000f
000f
000f
000f
000f
000f
000f
000f
000f
000f
000f
000f
000f
000f
000f
000f
000f
000f
000f
000f
000f
000f
000f
000f
000f
000f
000f
000f
000f
000f
000f
000f
000f
000f
000f
000f
000f
000f
000f
000f
000f
000f
000f
000f
000f
000f
000f
000f
000f
000f
000f
000f
000f
000f
000f
000f
000f
000f
000f
000f
000f
000f
000f
000f
000f
000f
000f
000f
000f
000f
000f
000f
000f
000f
000f
000f
000f
000f
000f
000f
000f
000f
000f
000f
000f
000f
000f
000f
000f
000f
000f
000f
000f
000f
000f
000f
000f
000f
000f
000f
000f
000f
000f
000f
000f
000f
000f
000f
000f
000f
000f
000f
000f
000f
000f
000f
000f
000f
000f
000f
000f
000f
000f
000f
000f
000f
000f
000f
000f
000f
000f
000f
000f
000f
000f
000f
000f
000f
000f
000f
000f
000f
000f
000f
000f
000f
000f
000f
000f
000f
000f
000f
000f
000f
000f
000f
000f
000f
000f
000f
000f
000f
000f
000f
000f
000f
000f
000f
000f
000f
000f
000f
000f
000f
000f
000f
000f
000f
000f
000f
000f
000f
000f
000f
000f
000f
000f
000f
000f
000f
000f
000f
000f
000f
000f
000f
000f
000f
000f
000f
000f
000f
000f
000f
000f
000f
000f
000f
000f
000f
000f
000f
000f
000f
000f
000f
000f
000f
000f
000f
000f
000f
000f
000f
000f
000f
000f
000f
000f
000f
000f
000f
000f
000f
000f
000f
000f
000f
000f
000f
000f
000f
0010
0010
0010
0010
0010
0010
0010
0010
0010
0010
0010
0010
0010
0010
0010
0010
0010
0010
0010
0010
0010
0010
0010
0010
0010
0010
0010
0010
0010
0010
0010
0010
0010
0010
0010
0010
0010
0010
0010
0010
0010
0010
0010
0010
0010
0010
0010
0010
0010
0010
0010
0010
0010
0010
0010
0010
0010
0010
0010
0010
0010
0010
0010
0010
0010
0010
0010
0010
0010
0010
0010
0010
0010
0010
0010
0010
0010
0010
0010
0010
0010
0010
0010
0010
0010
0010
0010
0010
0010
0010
0010
0010
0010
0010
0010
0010
0010
0010
0010
0010
0010
0010
0010
0010
0010
0010
0010
0010
0010
0010
0010
0010
0010
0010
0010
0010
0010
0010
0010
0010
0010
0010
0010
0010
0010
0010
0010
0010
0010
0010
0010
0010
0010
0010
0010
0010
0010
0010
0010
0010
0010
0010
0010
0010
0010
0010
0010
0010
0010
0010
0010
0010
0010
0010
0010
0010
0010
0010
0010
0010
0010
0010
0010
0010
0010
0010
0010
0010
0010
0010
0010
0010
0010
0010
0010
0010
0010
0010
0010
0010
0010
0010
0010
0010
0010
0010
0010
0010
0010
0010
0010
0010
0010
0010
0010
0010
0010
0010
0010
0010
0010
0010
0010
0010
0010
0010
0010
0010
0010
0010
0010
0010
0010
0010
0010
0010
0010
0010
0010
0010
0010
0010
0010
0010
0010
0010
0010
0010
0010
0010
0010
0010
0010
0010
0010
0010
0010
0010
0010
0010
0010
0010
0010
0010
0010
0010
0010
0010
0010
0010
0010
0010
0010
0010
0010
0010
0011
0011
0011
0011
0011
0011
0011
0011
0011
0011
0011
0011
0011
0011
0011
0011
0011
0011
0011
0011
0011
0011
0011
0011
0011
0011
0011
0011
0011
0011
0011
0011
0011
0011
0011
0011
0011
0011
0011
0011
0011
0011
0011
0011
0011
0011
0011
0011
0011
0011
0011
0011
0011
0011
0011
0011
0011
0011
0011
0011
0011
0011
0011
0011
0011
0011
0011
0011
0011
0011
0011
0011
0011
0011
0011
0011
0011
0011
0011
0011
0011
0011
0011
0011
0011
0011
0011
0011
0011
0011
0011
0011
0011
0011
0011
0011
0011
0011
0011
0011
0011
0011
0011
0011
0011
0011
0011
0011
0011
0011
0011
0011
0011
0011
0011
0011
0011
0011
0011
0011
0011
0011
0011
0011
0011
0011
0011
0011
0011
0011
0011
0011
0011
0011
0011
0011
0011
0011
0011
0011
0011
0011
0011
0011
0011
0011
0011
0011
0011
0011
0011
0011
0011
0011
0011
0011
0011
0011
0011
0011
0011
0011
0011
0011
0011
0011
0011
0011
0011
0011
0011
0011
0011
0011
0011
0011
0011
0011
0011
0011
0011
0011
0011
0011
0011
0011
0011
0011
0011
0011
0011
0011
0011
0011
0011
0011
0011
0011
0011
0011
0011
0011
0011
0011
0011
0011
0011
0011
0011
0011
0011
0011
0011
0011
0011
0011
0011
0011
0011
0011
0011
0011
0011
0011
0011
0011
0011
0011
0011
0011
0011
0011
0011
0011
0011
0011
0011
0011
0011
0011
0011
0011
0012
0012
0012
0012
0012
0012
0012
0012
0012
0012
0012
0012
0012
0012
0012
0012
0012
0012
0012
0012
0012
0012
0012
0012
0012
0012
0012
0012
0012
0012
0012
0012
0012
0012
0012
0012
0012
0012
0012
0012
0012
0012
0012
0012
0012
0012
0012
0012
0012
0012
0012
0012
0012
0012
0012
0012
0012
0012
0012
0012
0012
0012
0012
0012
0012
0012
0012
0012
0012
0012
0012
0012
0012
0012
0012
0012
0012
0012
0012
0012
0012
0012
0012
0012
0012
0012
0012
0012
0012
0012
0012
0012
0012
0012
0012
0012
0012
0012
0012
0012
0012
0012
0012
0012
0012
0012
0012
0012
0012
0012
0012
0012
0012
0012
0012
0012
0012
0012
0012
0012
0012
0012
0012
0012
0012
0012
0012
0012
0012
0012
0012
0012
0012
0012
0012
0012
0012
0012
0012
0012
0012
0012
0012
0012
0012
0012
0012
0012
0012
0012
0012
0012
0012
0012
0012
0012
0012
0012
0012
0012
0012
0012
0012
0012
0012
0012
0012
0012
0012
0012
0012
0012
0012
0012
0012
0012
0012
0012
0012
0012
0012
0012
0012
0012
0012
0012
0012
0012
0012
0012
0012
0012
0012
0012
0012
0012
0012
0012
0012
0012
0012
0012
0012
0012
0012
0012
0012
0012
0012
0012
0012
0012
0012
0012
0012
0012
0012
0012
0012
0012
0012
0012
0012
0012
0012
0012
0012
0013
0013
0013
0013
0013
0013
0013
0013
0013
0013
0013
0013
0013
0013
0013
0013
0013
0013
0013
0013
0013
0013
0013
0013
0013
0013
0013
0013
0013
0013
0013
0013
0013
0013
0013
0013
0013
0013
0013
0013
0013
0013
0013
0013
0013
0013
0013
0013
0013
0013
0013
0013
0013
0013
0013
0013
0013
0013
0013
0013
0013
0013
0013
0013
0013
0013
0013
0013
0013
0013
0013
0013
0013
0013
0013
0013
0013
0013
0013
0013
0013
0013
0013
0013
0013
0013
0013
0013
0013
0013
0013
0013
0013
0013
0013
0013
0013
0013
0013
0013
0013
0013
0013
0013
0013
0013
0013
0013
0013
0013
0013
0013
0013
0013
0013
0013
0013
0013
0013
0013
0013
0013
0013
0013
0013
0013
0013
0013
0013
0013
0013
0013
0013
0013
0013
0013
0013
0013
0013
0013
0013
0013
0013
0013
0013
0013
0013
0013
0013
0013
0013
0013
0013
0013
0013
0013
0013
0013
0013
0013
0013
0013
0013
0013
0013
0013
0013
0013
0013
0013
0013
0013
0013
0013
0013
0013
0013
0013
0013
0013
0013
0013
0013
0013
0013
0013
0013
0013
0013
0013
0013
0013
0013
0013
0013
0013
0013
0013
0013
0013
0013
0013
0013
0013
0013
0013
0013
0013
0013
0013
0013
0013
0013
0013
0013
0013
0014
0014
0014
0014
0014
0014
0014
0014
0014
0014
0014
0014
0014
0014
0014
0014
0014
0014
0014
0014
0014
0014
0014
0014
0014
0014
0014
0014
0014
0014
0014
0014
0014
0014
0014
0014
0014
0014
0014
0014
0014
0014
0014
0014
0014
0014
0014
0014
0014
0014
0014
0014
0014
0014
0014
0014
0014
0014
0014
0014
0014
0014
0014
0014
0014
0014
0014
0014
0014
0014
0014
0014
0014
0014
0014
0014
0014
0014
0014
0014
0014
0014
0014
0014
0014
0014
0014
0014
0014
0014
0014
0014
0014
0014
0014
0014
0014
0014
0014
0014
0014
0014
0014
0014
0014
0014
0014
0014
0014
0014
0014
0014
0014
0014
0014
0014
0014
0014
0014
0014
0014
0014
0014
0014
0014
0014
0014
0014
0014
0014
0014
0014
0014
0014
0014
0014
0014
0014
0014
0014
0014
0014
0014
0014
0014
0014
0014
0014
0014
0014
0014
0014
0014
0014
0014
0014
0014
0014
0014
0014
0014
0014
0014
0014
0014
0014
0014
0014
0014
0014
0014
0014
0014
0014
0014
0014
0014
0014
0014
0014
0014
0014
0014
0014
0014
0014
0014
0014
0014
0014
0014
0014
0014
0014
0014
0014
0014
0014
0014
0014
0014
0014
0014
0014
0014
0015
0015
0015
0015
0015
0015
0015
0015
0015
0015
0015
0015
0015
0015
0015
0015
0015
0015
0015
0015
0015
0015
0015
0015
0015
0015
0015
0015
0015
0015
0015
0015
0015
0015
0015
0015
0015
0015
0015
0015
0015
0015
0015
0015
0015
0015
0015
0015
0015
0015
0015
0015
0015
0015
0015
0015
0015
0015
0015
0015
0015
0015
0015
0015
0015
0015
0015
0015
0015
0015
0015
0015
0015
0015
0015
0015
0015
0015
0015
0015
0015
0015
0015
0015
0015
0015
0015
0015
0015
0015
0015
0015
0015
0015
0015
0015
0015
0015
0015
0015
0015
0015
0015
0015
0015
0015
0015
0015
0015
0015
0015
0015
0015
0015
0015
0015
0015
0015
0015
0015
0015
0015
0015
0015
0015
0015
0015
0015
0015
0015
0015
0015
0015
0015
0015
0015
0015
0015
0015
0015
0015
0015
0015
0015
0015
0015
0015
0015
0015
0015
0015
0015
0015
0015
0015
0015
0015
0015
0015
0015
0015
0015
0015
0015
0015
0015
0015
0015
0015
0015
0015
0015
0015
0015
0015
0015
0015
0015
0015
0015
0015
0015
0015
0015
0015
0015
0015
0015
0015
0015
0015
0015
0015
0015
0015
0016
0016
0016
0016
0016
0016
0016
0016
0016
0016
0016
0016
0016
0016
0016
0016
0016
0016
0016
0016
0016
0016
0016
0016
0016
0016
0016
0016
0016
0016
0016
0016
0016
0016
0016
0016
0016
0016
0016
0016
0016
0016
0016
0016
0016
0016
0016
0016
0016
0016
0016
0016
0016
0016
0016
0016
0016
0016
0016
0016
0016
0016
0016
0016
0016
0016
0016
0016
0016
0016
0016
0016
0016
0016
0016
0016
0016
0016
0016
0016
0016
0016
0016
0016
0016
0016
0016
0016
0016
0016
0016
0016
0016
0016
0016
0016
0016
0016
0016
0016
0016
0016
0016
0016
0016
0016
0016
0016
0016
0016
0016
0016
0016
0016
0016
0016
0016
0016
0016
0016
0016
0016
0016
0016
0016
0016
0016
0016
0016
0016
0016
0016
0016
0016
0016
0016
0016
0016
0016
0016
0016
0016
0016
0016
0016
0016
0016
0016
0016
0016
0016
0016
0016
0016
0016
0016
0016
0016
0016
0016
0016
0016
0016
0016
0016
0016
0016
0016
0016
0016
0016
0016
0016
0016
0016
0016
0016
0016
0016
0016
0016
0016
0016
0016
0016
0016
0017
0017
0017
0017
0017
0017
0017
0017
0017
0017
0017
0017
0017
0017
0017
0017
0017
0017
0017
0017
0017
0017
0017
0017
0017
0017
0017
0017
0017
0017
0017
0017
0017
0017
0017
0017
0017
0017
0017
0017
0017
0017
0017
0017
0017
0017
0017
0017
0017
0017
0017
0017
0017
0017
0017
0017
0017
0017
0017
0017
0017
0017
0017
0017
0017
0017
0017
0017
0017
0017
0017
0017
0017
0017
0017
0017
0017
0017
0017
0017
0017
0017
0017
0017
0017
0017
0017
0017
0017
0017
0017
0017
0017
0017
0017
0017
0017
0017
0017
0017
0017
0017
0017
0017
0017
0017
0017
0017
0017
0017
0017
0017
0017
0017
0017
0017
0017
0017
0017
0017
0017
0017
0017
0017
0017
0017
0017
0017
0017
0017
0017
0017
0017
0017
0017
0017
0017
0017
0017
0017
0017
0017
0017
0017
0017
0017
0017
0017
0017
0017
0017
0017
0017
0017
0017
0017
0017
0017
0017
0017
0017
0017
0017
0017
0017
0017
0017
0017
0017
0017
0017
0017
0017
0017
0017
0017
0017
0017
0018
0018
0018
0018
0018
0018
0018
0018
0018
0018
0018
0018
0018
0018
0018
0018
0018
0018
0018
0018
0018
0018
0018
0018
0018
0018
0018
0018
0018
0018
0018
0018
0018
0018
0018
0018
0018
0018
0018
0018
0018
0018
0018
0018
0018
0018
0018
0018
0018
0018
0018
0018
0018
0018
0018
0018
0018
0018
0018
0018
0018
0018
0018
0018
0018
0018
0018
0018
0018
0018
0018
0018
0018
0018
0018
0018
0018
0018
0018
0018
0018
0018
0018
0018
0018
0018
0018
0018
0018
0018
0018
0018
0018
0018
0018
0018
0018
0018
0018
0018
0018
0018
0018
0018
0018
0018
0018
0018
0018
0018
0018
0018
0018
0018
0018
0018
0018
0018
0018
0018
0018
0018
0018
0018
0018
0018
0018
0018
0018
0018
0018
0018
0018
0018
0018
0018
0018
0018
0018
0018
0018
0018
0018
0018
0018
0018
0018
0018
0018
0018
0018
0018
0018
0018
0018
0018
0018
0018
0018
0018
0018
0018
0018
0018
0018
0018
0018
0018
0018
0018
0018
0019
0019
0019
0019
0019
0019
0019
0019
0019
0019
0019
0019
0019
0019
0019
0019
0019
0019
0019
0019
0019
0019
0019
0019
0019
0019
0019
0019
0019
0019
0019
0019
0019
0019
0019
0019
0019
0019
0019
0019
0019
0019
0019
0019
0019
0019
0019
0019
0019
0019
0019
0019
0019
0019
0019
0019
0019
0019
0019
0019
0019
0019
0019
0019
0019
0019
0019
0019
0019
0019
0019
0019
0019
0019
0019
0019
0019
0019
0019
0019
0019
0019
0019
0019
0019
0019
0019
0019
0019
0019
0019
0019
0019
0019
0019
0019
0019
0019
0019
0019
0019
0019
0019
0019
0019
0019
0019
0019
0019
0019
0019
0019
0019
0019
0019
0019
0019
0019
0019
0019
0019
0019
0019
0019
0019
0019
0019
0019
0019
0019
0019
0019
0019
0019
0019
0019
0019
0019
0019
0019
0019
0019
0019
0019
0019
0019
0019
0019
0019
0019
0019
0019
0019
0019
0019
0019
0019
0019
0019
0019
0019
0019
0019
0019
001a
001a
001a
001a
001a
001a
001a
001a
001a
001a
001a
001a
001a
001a
001a
001a
001a
001a
001a
001a
001a
001a
001a
001a
001a
001a
001a
001a
001a
001a
001a
001a
001a
001a
001a
001a
001a
001a
001a
001a
001a
001a
001a
001a
001a
001a
001a
001a
001a
001a
001a
001a
001a
001a
001a
001a
001a
001a
001a
001a
001a
001a
001a
001a
001a
001a
001a
001a
001a
001a
001a
001a
001a
001a
001a
001a
001a
001a
001a
001a
001a
001a
001a
001a
001a
001a
001a
001a
001a
001a
001a
001a
001a
001a
001a
001a
001a
001a
001a
001a
001a
001a
001a
001a
001a
001a
001a
001a
001a
001a
001a
001a
001a
001a
001a
001a
001a
001a
001a
001a
001a
001a
001a
001a
001a
001a
001a
001a
001a
001a
001a
001a
001a
001a
001a
001a
001a
001a
001a
001a
001a
001a
001a
001a
001a
001a
001a
001a
001a
001a
001a
001a
001a
001a
001a
001a
001a
001b
001b
001b
001b
001b
001b
001b
001b
001b
001b
001b
001b
001b
001b
001b
001b
001b
001b
001b
001b
001b
001b
001b
001b
001b
001b
001b
001b
001b
001b
001b
001b
001b
001b
001b
001b
001b
001b
001b
001b
001b
001b
001b
001b
001b
001b
001b
001b
001b
001b
001b
001b
001b
001b
001b
001b
001b
001b
001b
001b
001b
001b
001b
001b
001b
001b
001b
001b
001b
001b
001b
001b
001b
001b
001b
001b
001b
001b
001b
001b
001b
001b
001b
001b
001b
001b
001b
001b
001b
001b
001b
001b
001b
001b
001b
001b
001b
001b
001b
001b
001b
001b
001b
001b
001b
001b
001b
001b
001b
001b
001b
001b
001b
001b
001b
001b
001b
001b
001b
001b
001b
001b
001b
001b
001b
001b
001b
001b
001b
001b
001b
001b
001b
001b
001b
001b
001b
001b
001b
001b
001b
001b
001b
001b
001b
001b
001b
001b
001b
001b
001b
001b
001c
001c
001c
001c
001c
001c
001c
001c
001c
001c
001c
001c
001c
001c
001c
001c
001c
001c
001c
001c
001c
001c
001c
001c
001c
001c
001c
001c
001c
001c
001c
001c
001c
001c
001c
001c
001c
001c
001c
001c
001c
001c
001c
001c
001c
001c
001c
001c
001c
001c
001c
001c
001c
001c
001c
001c
001c
001c
001c
001c
001c
001c
001c
001c
001c
001c
001c
001c
001c
001c
001c
001c
001c
001c
001c
001c
001c
001c
001c
001c
001c
001c
001c
001c
001c
001c
001c
001c
001c
001c
001c
001c
001c
001c
001c
001c
001c
001c
001c
001c
001c
001c
001c
001c
001c
001c
001c
001c
001c
001c
001c
001c
001c
001c
001c
001c
001c
001c
001c
001c
001c
001c
001c
001c
001c
001c
001c
001c
001c
001c
001c
001c
001c
001c
001c
001c
001c
001c
001c
001c
001c
001c
001c
001c
001c
001c
001d
001d
001d
001d
001d
001d
001d
001d
001d
001d
001d
001d
001d
001d
001d
001d
001d
001d
001d
001d
001d
001d
001d
001d
001d
001d
001d
001d
001d
001d
001d
001d
001d
001d
001d
001d
001d
001d
001d
001d
001d
001d
001d
001d
001d
001d
001d
001d
001d
001d
001d
001d
001d
001d
001d
001d
001d
001d
001d
001d
001d
001d
001d
001d
001d
001d
001d
001d
001d
001d
001d
001d
001d
001d
001d
001d
001d
001d
001d
001d
001d
001d
001d
001d
001d
001d
001d
001d
001d
001d
001d
001d
001d
001d
001d
001d
001d
001d
001d
001d
001d
001d
001d
001d
001d
001d
001d
001d
001d
001d
001d
001d
001d
001d
001d
001d
001d
001d
001d
001d
001d
001d
001d
001d
001d
001d
001d
001d
001d
001d
001d
001d
001d
001d
001d
001d
001d
001d
001d
001d
001d
001e
001e
001e
001e
001e
001e
001e
001e
001e
001e
001e
001e
001e
001e
001e
001e
001e
001e
001e
001e
001e
001e
001e
001e
001e
001e
001e
001e
001e
001e
001e
001e
001e
001e
001e
001e
001e
001e
001e
001e
001e
001e
001e
001e
001e
001e
001e
001e
001e
001e
001e
001e
001e
001e
001e
001e
001e
001e
001e
001e
001e
001e
001e
001e
001e
001e
001e
001e
001e
001e
001e
001e
001e
001e
001e
001e
001e
001e
001e
001e
001e
001e
001e
001e
001e
001e
001e
001e
001e
001e
001e
001e
001e
001e
001e
001e
001e
001e
001e
001e
001e
001e
001e
001e
001e
001e
001e
001e
001e
001e
001e
001e
001e
001e
001e
001e
001e
001e
001e
001e
001e
001e
001e
001e
001e
001e
001e
001e
001e
001e
001e
001e
001e
001e
001e
001e
001e
001f
001f
001f
001f
001f
001f
001f
001f
001f
001f
001f
001f
001f
001f
001f
001f
001f
001f
001f
001f
001f
001f
001f
001f
001f
001f
001f
001f
001f
001f
001f
001f
001f
001f
001f
001f
001f
001f
001f
001f
001f
001f
001f
001f
001f
001f
001f
001f
001f
001f
001f
001f
001f
001f
001f
001f
001f
001f
001f
001f
001f
001f
001f
001f
001f
001f
001f
001f
001f
001f
001f
001f
001f
001f
001f
001f
001f
001f
001f
001f
001f
001f
001f
001f
001f
001f
001f
001f
001f
001f
001f
001f
001f
001f
001f
001f
001f
001f
001f
001f
001f
001f
001f
001f
001f
001f
001f
001f
001f
001f
001f
001f
001f
001f
001f
001f
001f
001f
001f
001f
001f
001f
001f
001f
001f
001f
001f
001f
001f
001f
001f
001f
0020
0020
0020
0020
0020
0020
0020
0020
0020
0020
0020
0020
0020
0020
0020
0020
0020
0020
0020
0020
0020
0020
0020
0020
0020
0020
0020
0020
0020
0020
0020
0020
0020
0020
0020
0020
0020
0020
0020
0020
0020
0020
0020
0020
0020
0020
0020
0020
0020
0020
0020
0020
0020
0020
0020
0020
0020
0020
0020
0020
0020
0020
0020
0020
0020
0020
0020
0020
0020
0020
0020
0020
0020
0020
0020
0020
0020
0020
0020
0020
0020
0020
0020
0020
0020
0020
0020
0020
0020
0020
0020
0020
0020
0020
0020
0020
0020
0020
0020
0020
0020
0020
0020
0020
0020
0020
0020
0020
0020
0020
0020
0020
0020
0020
0020
0020
0020
0020
0020
0020
0020
0020
0020
0020
0020
0020
0020
0020
0021
0021
0021
0021
0021
0021
0021
0021
0021
0021
0021
0021
0021
0021
0021
0021
0021
0021
0021
0021
0021
0021
0021
0021
0021
0021
0021
0021
0021
0021
0021
0021
0021
0021
0021
0021
0021
0021
0021
0021
0021
0021
0021
0021
0021
0021
0021
0021
0021
0021
0021
0021
0021
0021
0021
0021
0021
0021
0021
0021
0021
0021
0021
0021
0021
0021
0021
0021
0021
0021
0021
0021
0021
0021
0021
0021
0021
0021
0021
0021
0021
0021
0021
0021
0021
0021
0021
0021
0021
0021
0021
0021
0021
0021
0021
0021
0021
0021
0021
0021
0021
0021
0021
0021
0021
0021
0021
0021
0021
0021
0021
0021
0021
0021
0021
0021
0021
0021
0021
0021
0021
0021
0021
0021
0022
0022
0022
0022
0022
0022
0022
0022
0022
0022
0022
0022
0022
0022
0022
0022
0022
0022
0022
0022
0022
0022
0022
0022
0022
0022
0022
0022
0022
0022
0022
0022
0022
0022
0022
0022
0022
0022
0022
0022
0022
0022
0022
0022
0022
0022
0022
0022
0022
0022
0022
0022
0022
0022
0022
0022
0022
0022
0022
0022
0022
0022
0022
0022
0022
0022
0022
0022
0022
0022
0022
0022
0022
0022
0022
0022
0022
0022
0022
0022
0022
0022
0022
0022
0022
0022
0022
0022
0022
0022
0022
0022
0022
0022
0022
0022
0022
0022
0022
0022
0022
0022
0022
0022
0022
0022
0022
0022
0022
0022
0022
0022
0022
0022
0022
0022
0022
0022
0022
0022
0022
0023
0023
0023
0023
0023
0023
0023
0023
0023
0023
0023
0023
0023
0023
0023
0023
0023
0023
0023
0023
0023
0023
0023
0023
0023
0023
0023
0023
0023
0023
0023
0023
0023
0023
0023
0023
0023
0023
0023
0023
0023
0023
0023
0023
0023
0023
0023
0023
0023
0023
0023
0023
0023
0023
0023
0023
0023
0023
0023
0023
0023
0023
0023
0023
0023
0023
0023
0023
0023
0023
0023
0023
0023
0023
0023
0023
0023
0023
0023
0023
0023
0023
0023
0023
0023
0023
0023
0023
0023
0023
0023
0023
0023
0023
0023
0023
0023
0023
0023
0023
0023
0023
0023
0023
0023
0023
0023
0023
0023
0023
0023
0023
0023
0023
0023
0023
0023
0024
0024
0024
0024
0024
0024
0024
0024
0024
0024
0024
0024
0024
0024
0024
0024
0024
0024
0024
0024
0024
0024
0024
0024
0024
0024
0024
0024
0024
0024
0024
0024
0024
0024
0024
0024
0024
0024
0024
0024
0024
0024
0024
0024
0024
0024
0024
0024
0024
0024
0024
0024
0024
0024
0024
0024
0024
0024
0024
0024
0024
0024
0024
0024
0024
0024
0024
0024
0024
0024
0024
0024
0024
0024
0024
0024
0024
0024
0024
0024
0024
0024
0024
0024
0024
0024
0024
0024
0024
0024
0024
0024
0024
0024
0024
0024
0024
0024
0024
0024
0024
0024
0024
0024
0024
0024
0024
0024
0024
0024
0024
0024
0024
0024
0025
0025
0025
0025
0025
0025
0025
0025
0025
0025
0025
0025
0025
0025
0025
0025
0025
0025
0025
0025
0025
0025
0025
0025
0025
0025
0025
0025
0025
0025
0025
0025
0025
0025
0025
0025
0025
0025
0025
0025
0025
0025
0025
0025
0025
0025
0025
0025
0025
0025
0025
0025
0025
0025
0025
0025
0025
0025
0025
0025
0025
0025
0025
0025
0025
0025
0025
0025
0025
0025
0025
0025
0025
0025
0025
0025
0025
0025
0025
0025
0025
0025
0025
0025
0025
0025
0025
0025
0025
0025
0025
0025
0025
0025
0025
0025
0025
0025
0025
0025
0025
0025
0025
0025
0025
0025
0025
0025
0025
0025
0026
0026
0026
0026
0026
0026
0026
0026
0026
0026
0026
0026
0026
0026
0026
0026
0026
0026
0026
0026
0026
0026
0026
0026
0026
0026
0026
0026
0026
0026
0026
0026
0026
0026
0026
0026
0026
0026
0026
0026
0026
0026
0026
0026
0026
0026
0026
0026
0026
0026
0026
0026
0026
0026
0026
0026
0026
0026
0026
0026
0026
0026
0026
0026
0026
0026
0026
0026
0026
0026
0026
0026
0026
0026
0026
0026
0026
0026
0026
0026
0026
0026
0026
0026
0026
0026
0026
0026
0026
0026
0026
0026
0026
0026
0026
0026
0026
0026
0026
0026
0026
0026
0026
0026
0026
0026
0026
0026
0027
0027
0027
0027
0027
0027
0027
0027
0027
0027
0027
0027
0027
0027
0027
0027
0027
0027
0027
0027
0027
0027
0027
0027
0027
0027
0027
0027
0027
0027
0027
0027
0027
0027
0027
0027
0027
0027
0027
0027
0027
0027
0027
0027
0027
0027
0027
0027
0027
0027
0027
0027
0027
0027
0027
0027
0027
0027
0027
0027
0027
0027
0027
0027
0027
0027
0027
0027
0027
0027
0027
0027
0027
0027
0027
0027
0027
0027
0027
0027
0027
0027
0027
0027
0027
0027
0027
0027
0027
0027
0027
0027
0027
0027
0027
0027
0027
0027
0027
0027
0027
0027
0027
0027
0027
0028
0028
0028
0028
0028
0028
0028
0028
0028
0028
0028
0028
0028
0028
0028
0028
0028
0028
0028
0028
0028
0028
0028
0028
0028
0028
0028
0028
0028
0028
0028
0028
0028
0028
0028
0028
0028
0028
0028
0028
0028
0028
0028
0028
0028
0028
0028
0028
0028
0028
0028
0028
0028
0028
0028
0028
0028
0028
0028
0028
0028
0028
0028
0028
0028
0028
0028
0028
0028
0028
0028
0028
0028
0028
0028
0028
0028
0028
0028
0028
0028
0028
0028
0028
0028
0028
0028
0028
0028
0028
0028
0028
0028
0028
0028
0028
0028
0028
0028
0028
0028
0028
0029
0029
0029
0029
0029
0029
0029
0029
0029
0029
0029
0029
0029
0029
0029
0029
0029
0029
0029
0029
0029
0029
0029
0029
0029
0029
0029
0029
0029
0029
0029
0029
0029
0029
0029
0029
0029
0029
0029
0029
0029
0029
0029
0029
0029
0029
0029
0029
0029
0029
0029
0029
0029
0029
0029
0029
0029
0029
0029
0029
0029
0029
0029
0029
0029
0029
0029
0029
0029
0029
0029
0029
0029
0029
0029
0029
0029
0029
0029
0029
0029
0029
0029
0029
0029
0029
0029
0029
0029
0029
0029
0029
0029
0029
0029
0029
0029
0029
0029
0029
002a
002a
002a
002a
002a
002a
002a
002a
002a
002a
002a
002a
002a
002a
002a
002a
002a
002a
002a
002a
002a
002a
002a
002a
002a
002a
002a
002a
002a
002a
002a
002a
002a
002a
002a
002a
002a
002a
002a
002a
002a
002a
002a
002a
002a
002a
002a
002a
002a
002a
002a
002a
002a
002a
002a
002a
002a
002a
002a
002a
002a
002a
002a
002a
002a
002a
002a
002a
002a
002a
002a
002a
002a
002a
002a
002a
002a
002a
002a
002a
002a
002a
002a
002a
002a
002a
002a
002a
002a
002a
002a
002a
002a
002a
002a
002a
002a
002a
002b
002b
002b
002b
002b
002b
002b
002b
002b
002b
002b
002b
002b
002b
002b
002b
002b
002b
002b
002b
002b
002b
002b
002b
002b
002b
002b
002b
002b
002b
002b
002b
002b
002b
002b
002b
002b
002b
002b
002b
002b
002b
002b
002b
002b
002b
002b
002b
002b
002b
002b
002b
002b
002b
002b
002b
002b
002b
002b
002b
002b
002b
002b
002b
002b
002b
002b
002b
002b
002b
002b
002b
002b
002b
002b
002b
002b
002b
002b
002b
002b
002b
002b
002b
002b
002b
002b
002b
002b
002b
002b
002b
002b
002b
002b
002c
002c
002c
002c
002c
002c
002c
002c
002c
002c
002c
002c
002c
002c
002c
002c
002c
002c
002c
002c
002c
002c
002c
002c
002c
002c
002c
002c
002c
002c
002c
002c
002c
002c
002c
002c
002c
002c
002c
002c
002c
002c
002c
002c
002c
002c
002c
002c
002c
002c
002c
002c
002c
002c
002c
002c
002c
002c
002c
002c
002c
002c
002c
002c
002c
002c
002c
002c
002c
002c
002c
002c
002c
002c
002c
002c
002c
002c
002c
002c
002c
002c
002c
002c
002c
002c
002c
002c
002c
002c
002c
002c
002c
002d
002d
002d
002d
002d
002d
002d
002d
002d
002d
002d
002d
002d
002d
002d
002d
002d
002d
002d
002d
002d
002d
002d
002d
002d
002d
002d
002d
002d
002d
002d
002d
002d
002d
002d
002d
002d
002d
002d
002d
002d
002d
002d
002d
002d
002d
002d
002d
002d
002d
002d
002d
002d
002d
002d
002d
002d
002d
002d
002d
002d
002d
002d
002d
002d
002d
002d
002d
002d
002d
002d
002d
002d
002d
002d
002d
002d
002d
002d
002d
002d
002d
002d
002d
002d
002d
002d
002d
002d
002d
002d
002e
002e
002e
002e
002e
002e
002e
002e
002e
002e
002e
002e
002e
002e
002e
002e
002e
002e
002e
002e
002e
002e
002e
002e
002e
002e
002e
002e
002e
002e
002e
002e
002e
002e
002e
002e
002e
002e
002e
002e
002e
002e
002e
002e
002e
002e
002e
002e
002e
002e
002e
002e
002e
002e
002e
002e
002e
002e
002e
002e
002e
002e
002e
002e
002e
002e
002e
002e
002e
002e
002e
002e
002e
002e
002e
002e
002e
002e
002e
002e
002e
002e
002e
002e
002e
002e
002e
002e
002e
002f
002f
002f
002f
002f
002f
002f
002f
002f
002f
002f
002f
002f
002f
002f
002f
002f
002f
002f
002f
002f
002f
002f
002f
002f
002f
002f
002f
002f
002f
002f
002f
002f
002f
002f
002f
002f
002f
002f
002f
002f
002f
002f
002f
002f
002f
002f
002f
002f
002f
002f
002f
002f
002f
002f
002f
002f
002f
002f
002f
002f
002f
002f
002f
002f
002f
002f
002f
002f
002f
002f
002f
002f
002f
002f
002f
002f
002f
002f
002f
002f
002f
002f
002f
002f
002f
002f
0030
0030
0030
0030
0030
0030
0030
0030
0030
0030
0030
0030
0030
0030
0030
0030
0030
0030
0030
0030
0030
0030
0030
0030
0030
0030
0030
0030
0030
0030
0030
0030
0030
0030
0030
0030
0030
0030
0030
0030
0030
0030
0030
0030
0030
0030
0030
0030
0030
0030
0030
0030
0030
0030
0030
0030
0030
0030
0030
0030
0030
0030
0030
0030
0030
0030
0030
0030
0030
0030
0030
0030
0030
0030
0030
0030
0030
0030
0030
0030
0030
0030
0030
0030
0030
0030
0031
0031
0031
0031
0031
0031
0031
0031
0031
0031
0031
0031
0031
0031
0031
0031
0031
0031
0031
0031
0031
0031
0031
0031
0031
0031
0031
0031
0031
0031
0031
0031
0031
0031
0031
0031
0031
0031
0031
0031
0031
0031
0031
0031
0031
0031
0031
0031
0031
0031
0031
0031
0031
0031
0031
0031
0031
0031
0031
0031
0031
0031
0031
0031
0031
0031
0031
0031
0031
0031
0031
0031
0031
0031
0031
0031
0031
0031
0031
0031
0031
0031
0031
0032
0032
0032
0032
0032
0032
0032
0032
0032
0032
0032
0032
0032
0032
0032
0032
0032
0032
0032
0032
0032
0032
0032
0032
0032
0032
0032
0032
0032
0032
0032
0032
0032
0032
0032
0032
0032
0032
0032
0032
0032
0032
0032
0032
0032
0032
0032
0032
0032
0032
0032
0032
0032
0032
0032
0032
0032
0032
0032
0032
0032
0032
0032
0032
0032
0032
0032
0032
0032
0032
0032
0032
0032
0032
0032
0032
0032
0032
0032
0032
0032
0032
0033
0033
0033
0033
0033
0033
0033
0033
0033
0033
0033
0033
0033
0033
0033
0033
0033
0033
0033
0033
0033
0033
0033
0033
0033
0033
0033
0033
0033
0033
0033
0033
0033
0033
0033
0033
0033
0033
0033
0033
0033
0033
0033
0033
0033
0033
0033
0033
0033
0033
0033
0033
0033
0033
0033
0033
0033
0033
0033
0033
0033
0033
0033
0033
0033
0033
0033
0033
0033
0033
0033
0033
0033
0033
0033
0033
0033
0033
0033
0033
0033
0034
0034
0034
0034
0034
0034
0034
0034
0034
0034
0034
0034
0034
0034
0034
0034
0034
0034
0034
0034
0034
0034
0034
0034
0034
0034
0034
0034
0034
0034
0034
0034
0034
0034
0034
0034
0034
0034
0034
0034
0034
0034
0034
0034
0034
0034
0034
0034
0034
0034
0034
0034
0034
0034
0034
0034
0034
0034
0034
0034
0034
0034
0034
0034
0034
0034
0034
0034
0034
0034
0034
0034
0034
0034
0034
0034
0034
0034
0035
0035
0035
0035
0035
0035
0035
0035
0035
0035
0035
0035
0035
0035
0035
0035
0035
0035
0035
0035
0035
0035
0035
0035
0035
0035
0035
0035
0035
0035
0035
0035
0035
0035
0035
0035
0035
0035
0035
0035
0035
0035
0035
0035
0035
0035
0035
0035
0035
0035
0035
0035
0035
0035
0035
0035
0035
0035
0035
0035
0035
0035
0035
0035
0035
0035
0035
0035
0035
0035
0035
0035
0035
0035
0035
0035
0035
0035
0036
0036
0036
0036
0036
0036
0036
0036
0036
0036
0036
0036
0036
0036
0036
0036
0036
0036
0036
0036
0036
0036
0036
0036
0036
0036
0036
0036
0036
0036
0036
0036
0036
0036
0036
0036
0036
0036
0036
0036
0036
0036
0036
0036
0036
0036
0036
0036
0036
0036
0036
0036
0036
0036
0036
0036
0036
0036
0036
0036
0036
0036
0036
0036
0036
0036
0036
0036
0036
0036
0036
0036
0036
0036
0036
0036
0037
0037
0037
0037
0037
0037
0037
0037
0037
0037
0037
0037
0037
0037
0037
0037
0037
0037
0037
0037
0037
0037
0037
0037
0037
0037
0037
0037
0037
0037
0037
0037
0037
0037
0037
0037
0037
0037
0037
0037
0037
0037
0037
0037
0037
0037
0037
0037
0037
0037
0037
0037
0037
0037
0037
0037
0037
0037
0037
0037
0037
0037
0037
0037
0037
0037
0037
0037
0037
0037
0037
0037
0037
0037
0038
0038
0038
0038
0038
0038
0038
0038
0038
0038
0038
0038
0038
0038
0038
0038
0038
0038
0038
0038
0038
0038
0038
0038
0038
0038
0038
0038
0038
0038
0038
0038
0038
0038
0038
0038
0038
0038
0038
0038
0038
0038
0038
0038
0038
0038
0038
0038
0038
0038
0038
0038
0038
0038
0038
0038
0038
0038
0038
0038
0038
0038
0038
0038
0038
0038
0038
0038
0038
0038
0038
0038
0038
0039
0039
0039
0039
0039
0039
0039
0039
0039
0039
0039
0039
0039
0039
0039
0039
0039
0039
0039
0039
0039
0039
0039
0039
0039
0039
0039
0039
0039
0039
0039
0039
0039
0039
0039
0039
0039
0039
0039
0039
0039
0039
0039
0039
0039
0039
0039
0039
0039
0039
0039
0039
0039
0039
0039
0039
0039
0039
0039
0039
0039
0039
0039
0039
0039
0039
0039
0039
0039
0039
0039
0039
003a
003a
003a
003a
003a
003a
003a
003a
003a
003a
003a
003a
003a
003a
003a
003a
003a
003a
003a
003a
003a
003a
003a
003a
003a
003a
003a
003a
003a
003a
003a
003a
003a
003a
003a
003a
003a
003a
003a
003a
003a
003a
003a
003a
003a
003a
003a
003a
003a
003a
003a
003a
003a
003a
003a
003a
003a
003a
003a
003a
003a
003a
003a
003a
003a
003a
003a
003a
003a
003a
003a
003b
003b
003b
003b
003b
003b
003b
003b
003b
003b
003b
003b
003b
003b
003b
003b
003b
003b
003b
003b
003b
003b
003b
003b
003b
003b
003b
003b
003b
003b
003b
003b
003b
003b
003b
003b
003b
003b
003b
003b
003b
003b
003b
003b
003b
003b
003b
003b
003b
003b
003b
003b
003b
003b
003b
003b
003b
003b
003b
003b
003b
003b
003b
003b
003b
003b
003b
003b
003b
003c
003c
003c
003c
003c
003c
003c
003c
003c
003c
003c
003c
003c
003c
003c
003c
003c
003c
003c
003c
003c
003c
003c
003c
003c
003c
003c
003c
003c
003c
003c
003c
003c
003c
003c
003c
003c
003c
003c
003c
003c
003c
003c
003c
003c
003c
003c
003c
003c
003c
003c
003c
003c
003c
003c
003c
003c
003c
003c
003c
003c
003c
003c
003c
003c
003c
003c
003c
003d
003d
003d
003d
003d
003d
003d
003d
003d
003d
003d
003d
003d
003d
003d
003d
003d
003d
003d
003d
003d
003d
003d
003d
003d
003d
003d
003d
003d
003d
003d
003d
003d
003d
003d
003d
003d
003d
003d
003d
003d
003d
003d
003d
003d
003d
003d
003d
003d
003d
003d
003d
003d
003d
003d
003d
003d
003d
003d
003d
003d
003d
003d
003d
003d
003d
003d
003d
003e
003e
003e
003e
003e
003e
003e
003e
003e
003e
003e
003e
003e
003e
003e
003e
003e
003e
003e
003e
003e
003e
003e
003e
003e
003e
003e
003e
003e
003e
003e
003e
003e
003e
003e
003e
003e
003e
003e
003e
003e
003e
003e
003e
003e
003e
003e
003e
003e
003e
003e
003e
003e
003e
003e
003e
003e
003e
003e
003e
003e
003e
003e
003e
003e
003e
003f
003f
003f
003f
003f
003f
003f
003f
003f
003f
003f
003f
003f
003f
003f
003f
003f
003f
003f
003f
003f
003f
003f
003f
003f
003f
003f
003f
003f
003f
003f
003f
003f
003f
003f
003f
003f
003f
003f
003f
003f
003f
003f
003f
003f
003f
003f
003f
003f
003f
003f
003f
003f
003f
003f
003f
003f
003f
003f
003f
003f
003f
003f
003f
003f
0040
0040
0040
0040
0040
0040
0040
0040
0040
0040
0040
0040
0040
0040
0040
0040
0040
0040
0040
0040
0040
0040
0040
0040
0040
0040
0040
0040
0040
0040
0040
0040
0040
0040
0040
0040
0040
0040
0040
0040
0040
0040
0040
0040
0040
0040
0040
0040
0040
0040
0040
0040
0040
0040
0040
0040
0040
0040
0040
0040
0040
0040
0040
0040
0041
0041
0041
0041
0041
0041
0041
0041
0041
0041
0041
0041
0041
0041
0041
0041
0041
0041
0041
0041
0041
0041
0041
0041
0041
0041
0041
0041
0041
0041
0041
0041
0041
0041
0041
0041
0041
0041
0041
0041
0041
0041
0041
0041
0041
0041
0041
0041
0041
0041
0041
0041
0041
0041
0041
0041
0041
0041
0041
0041
0041
0041
0041
0042
0042
0042
0042
0042
0042
0042
0042
0042
0042
0042
0042
0042
0042
0042
0042
0042
0042
0042
0042
0042
0042
0042
0042
0042
0042
0042
0042
0042
0042
0042
0042
0042
0042
0042
0042
0042
0042
0042
0042
0042
0042
0042
0042
0042
0042
0042
0042
0042
0042
0042
0042
0042
0042
0042
0042
0042
0042
0042
0042
0042
0042
0043
0043
0043
0043
0043
0043
0043
0043
0043
0043
0043
0043
0043
0043
0043
0043
0043
0043
0043
0043
0043
0043
0043
0043
0043
0043
0043
0043
0043
0043
0043
0043
0043
0043
0043
0043
0043
0043
0043
0043
0043
0043
0043
0043
0043
0043
0043
0043
0043
0043
0043
0043
0043
0043
0043
0043
0043
0043
0043
0043
0043
0044
0044
0044
0044
0044
0044
0044
0044
0044
0044
0044
0044
0044
0044
0044
0044
0044
0044
0044
0044
0044
0044
0044
0044
0044
0044
0044
0044
0044
0044
0044
0044
0044
0044
0044
0044
0044
0044
0044
0044
0044
0044
0044
0044
0044
0044
0044
0044
0044
0044
0044
0044
0044
0044
0044
0044
0044
0044
0044
0044
0045
0045
0045
0045
0045
0045
0045
0045
0045
0045
0045
0045
0045
0045
0045
0045
0045
0045
0045
0045
0045
0045
0045
0045
0045
0045
0045
0045
0045
0045
0045
0045
0045
0045
0045
0045
0045
0045
0045
0045
0045
0045
0045
0045
0045
0045
0045
0045
0045
0045
0045
0045
0045
0045
0045
0045
0045
0045
0045
0046
0046
0046
0046
0046
0046
0046
0046
0046
0046
0046
0046
0046
0046
0046
0046
0046
0046
0046
0046
0046
0046
0046
0046
0046
0046
0046
0046
0046
0046
0046
0046
0046
0046
0046
0046
0046
0046
0046
0046
0046
0046
0046
0046
0046
0046
0046
0046
0046
0046
0046
0046
0046
0046
0046
0046
0046
0046
0046
0047
0047
0047
0047
0047
0047
0047
0047
0047
0047
0047
0047
0047
0047
0047
0047
0047
0047
0047
0047
0047
0047
0047
0047
0047
0047
0047
0047
0047
0047
0047
0047
0047
0047
0047
0047
0047
0047
0047
0047
0047
0047
0047
0047
0047
0047
0047
0047
0047
0047
0047
0047
0047
0047
0047
0047
0047
0047
0048
0048
0048
0048
0048
0048
0048
0048
0048
0048
0048
0048
0048
0048
0048
0048
0048
0048
0048
0048
0048
0048
0048
0048
0048
0048
0048
0048
0048
0048
0048
0048
0048
0048
0048
0048
0048
0048
0048
0048
0048
0048
0048
0048
0048
0048
0048
0048
0048
0048
0048
0048
0048
0048
0048
0048
0048
0049
0049
0049
0049
0049
0049
0049
0049
0049
0049
0049
0049
0049
0049
0049
0049
0049
0049
0049
0049
0049
0049
0049
0049
0049
0049
0049
0049
0049
0049
0049
0049
0049
0049
0049
0049
0049
0049
0049
0049
0049
0049
0049
0049
0049
0049
0049
0049
0049
0049
0049
0049
0049
0049
0049
0049
004a
004a
004a
004a
004a
004a
004a
004a
004a
004a
004a
004a
004a
004a
004a
004a
004a
004a
004a
004a
004a
004a
004a
004a
004a
004a
004a
004a
004a
004a
004a
004a
004a
004a
004a
004a
004a
004a
004a
004a
004a
004a
004a
004a
004a
004a
004a
004a
004a
004a
004a
004a
004a
004a
004a
004b
004b
004b
004b
004b
004b
004b
004b
004b
004b
004b
004b
004b
004b
004b
004b
004b
004b
004b
004b
004b
004b
004b
004b
004b
004b
004b
004b
004b
004b
004b
004b
004b
004b
004b
004b
004b
004b
004b
004b
004b
004b
004b
004b
004b
004b
004b
004b
004b
004b
004b
004b
004b
004b
004b
004c
004c
004c
004c
004c
004c
004c
004c
004c
004c
004c
004c
004c
004c
004c
004c
004c
004c
004c
004c
004c
004c
004c
004c
004c
004c
004c
004c
004c
004c
004c
004c
004c
004c
004c
004c
004c
004c
004c
004c
004c
004c
004c
004c
004c
004c
004c
004c
004c
004c
004c
004c
004c
004d
004d
004d
004d
004d
004d
004d
004d
004d
004d
004d
004d
004d
004d
004d
004d
004d
004d
004d
004d
004d
004d
004d
004d
004d
004d
004d
004d
004d
004d
004d
004d
004d
004d
004d
004d
004d
004d
004d
004d
004d
004d
004d
004d
004d
004d
004d
004d
004d
004d
004d
004d
004d
004d
004e
004e
004e
004e
004e
004e
004e
004e
004e
004e
004e
004e
004e
004e
004e
004e
004e
004e
004e
004e
004e
004e
004e
004e
004e
004e
004e
004e
004e
004e
004e
004e
004e
004e
004e
004e
004e
004e
004e
004e
004e
004e
004e
004e
004e
004e
004e
004e
004e
004e
004e
004e
004f
004f
004f
004f
004f
004f
004f
004f
004f
004f
004f
004f
004f
004f
004f
004f
004f
004f
004f
004f
004f
004f
004f
004f
004f
004f
004f
004f
004f
004f
004f
004f
004f
004f
004f
004f
004f
004f
004f
004f
004f
004f
004f
004f
004f
004f
004f
004f
004f
004f
004f
004f
0050
0050
0050
0050
0050
0050
0050
0050
0050
0050
0050
0050
0050
0050
0050
0050
0050
0050
0050
0050
0050
0050
0050
0050
0050
0050
0050
0050
0050
0050
0050
0050
0050
0050
0050
0050
0050
0050
0050
0050
0050
0050
0050
0050
0050
0050
0050
0050
0050
0050
0050
0051
0051
0051
0051
0051
0051
0051
0051
0051
0051
0051
0051
0051
0051
0051
0051
0051
0051
0051
0051
0051
0051
0051
0051
0051
0051
0051
0051
0051
0051
0051
0051
0051
0051
0051
0051
0051
0051
0051
0051
0051
0051
0051
0051
0051
0051
0051
0051
0051
0051
0051
0052
0052
0052
0052
0052
0052
0052
0052
0052
0052
0052
0052
0052
0052
0052
0052
0052
0052
0052
0052
0052
0052
0052
0052
0052
0052
0052
0052
0052
0052
0052
0052
0052
0052
0052
0052
0052
0052
0052
0052
0052
0052
0052
0052
0052
0052
0052
0052
0052
0052
0053
0053
0053
0053
0053
0053
0053
0053
0053
0053
0053
0053
0053
0053
0053
0053
0053
0053
0053
0053
0053
0053
0053
0053
0053
0053
0053
0053
0053
0053
0053
0053
0053
0053
0053
0053
0053
0053
0053
0053
0053
0053
0053
0053
0053
0053
0053
0053
0053
0054
0054
0054
0054
0054
0054
0054
0054
0054
0054
0054
0054
0054
0054
0054
0054
0054
0054
0054
0054
0054
0054
0054
0054
0054
0054
0054
0054
0054
0054
0054
0054
0054
0054
0054
0054
0054
0054
0054
0054
0054
0054
0054
0054
0054
0054
0054
0054
0054
0055
0055
0055
0055
0055
0055
0055
0055
0055
0055
0055
0055
0055
0055
0055
0055
0055
0055
0055
0055
0055
0055
0055
0055
0055
0055
0055
0055
0055
0055
0055
0055
0055
0055
0055
0055
0055
0055
0055
0055
0055
0055
0055
0055
0055
0055
0055
0055
0056
0056
0056
0056
0056
0056
0056
0056
0056
0056
0056
0056
0056
0056
0056
0056
0056
0056
0056
0056
0056
0056
0056
0056
0056
0056
0056
0056
0056
0056
0056
0056
0056
0056
0056
0056
0056
0056
0056
0056
0056
0056
0056
0056
0056
0056
0056
0056
0057
0057
0057
0057
0057
0057
0057
0057
0057
0057
0057
0057
0057
0057
0057
0057
0057
0057
0057
0057
0057
0057
0057
0057
0057
0057
0057
0057
0057
0057
0057
0057
0057
0057
0057
0057
0057
0057
0057
0057
0057
0057
0057
0057
0057
0057
0057
0058
0058
0058
0058
0058
0058
0058
0058
0058
0058
0058
0058
0058
0058
0058
0058
0058
0058
0058
0058
0058
0058
0058
0058
0058
0058
0058
0058
0058
0058
0058
0058
0058
0058
0058
0058
0058
0058
0058
0058
0058
0058
0058
0058
0058
0058
0059
0059
0059
0059
0059
0059
0059
0059
0059
0059
0059
0059
0059
0059
0059
0059
0059
0059
0059
0059
0059
0059
0059
0059
0059
0059
0059
0059
0059
0059
0059
0059
0059
0059
0059
0059
0059
0059
0059
0059
0059
0059
0059
0059
0059
0059
005a
005a
005a
005a
005a
005a
005a
005a
005a
005a
005a
005a
005a
005a
005a
005a
005a
005a
005a
005a
005a
005a
005a
005a
005a
005a
005a
005a
005a
005a
005a
005a
005a
005a
005a
005a
005a
005a
005a
005a
005a
005a
005a
005a
005a
005a
005b
005b
005b
005b
005b
005b
005b
005b
005b
005b
005b
005b
005b
005b
005b
005b
005b
005b
005b
005b
005b
005b
005b
005b
005b
005b
005b
005b
005b
005b
005b
005b
005b
005b
005b
005b
005b
005b
005b
005b
005b
005b
005b
005b
005b
005c
005c
005c
005c
005c
005c
005c
005c
005c
005c
005c
005c
005c
005c
005c
005c
005c
005c
005c
005c
005c
005c
005c
005c
005c
005c
005c
005c
005c
005c
005c
005c
005c
005c
005c
005c
005c
005c
005c
005c
005c
005c
005c
005c
005d
005d
005d
005d
005d
005d
005d
005d
005d
005d
005d
005d
005d
005d
005d
005d
005d
005d
005d
005d
005d
005d
005d
005d
005d
005d
005d
005d
005d
005d
005d
005d
005d
005d
005d
005d
005d
005d
005d
005d
005d
005d
005d
005d
005e
005e
005e
005e
005e
005e
005e
005e
005e
005e
005e
005e
005e
005e
005e
005e
005e
005e
005e
005e
005e
005e
005e
005e
005e
005e
005e
005e
005e
005e
005e
005e
005e
005e
005e
005e
005e
005e
005e
005e
005e
005e
005e
005e
005f
005f
005f
005f
005f
005f
005f
005f
005f
005f
005f
005f
005f
005f
005f
005f
005f
005f
005f
005f
005f
005f
005f
005f
005f
005f
005f
005f
005f
005f
005f
005f
005f
005f
005f
005f
005f
005f
005f
005f
005f
005f
005f
0060
0060
0060
0060
0060
0060
0060
0060
0060
0060
0060
0060
0060
0060
0060
0060
0060
0060
0060
0060
0060
0060
0060
0060
0060
0060
0060
0060
0060
0060
0060
0060
0060
0060
0060
0060
0060
0060
0060
0060
0060
0060
0060
0061
0061
0061
0061
0061
0061
0061
0061
0061
0061
0061
0061
0061
0061
0061
0061
0061
0061
0061
0061
0061
0061
0061
0061
0061
0061
0061
0061
0061
0061
0061
0061
0061
0061
0061
0061
0061
0061
0061
0061
0061
0061
0062
0062
0062
0062
0062
0062
0062
0062
0062
0062
0062
0062
0062
0062
0062
0062
0062
0062
0062
0062
0062
0062
0062
0062
0062
0062
0062
0062
0062
0062
0062
0062
0062
0062
0062
0062
0062
0062
0062
0062
0062
0062
0063
0063
0063
0063
0063
0063
0063
0063
0063
0063
0063
0063
0063
0063
0063
0063
0063
0063
0063
0063
0063
0063
0063
0063
0063
0063
0063
0063
0063
0063
0063
0063
0063
0063
0063
0063
0063
0063
0063
0063
0063
0064
0064
0064
0064
0064
0064
0064
0064
0064
0064
0064
0064
0064
0064
0064
0064
0064
0064
0064
0064
0064
0064
0064
0064
0064
0064
0064
0064
0064
0064
0064
0064
0064
0064
0064
0064
0064
0064
0064
0064
0064
0065
0065
0065
0065
0065
0065
0065
0065
0065
0065
0065
0065
0065
0065
0065
0065
0065
0065
0065
0065
0065
0065
0065
0065
0065
0065
0065
0065
0065
0065
0065
0065
0065
0065
0065
0065
0065
0065
0065
0065
0065
0066
0066
0066
0066
0066
0066
0066
0066
0066
0066
0066
0066
0066
0066
0066
0066
0066
0066
0066
0066
0066
0066
0066
0066
0066
0066
0066
0066
0066
0066
0066
0066
0066
0066
0066
0066
0066
0066
0066
0066
0067
0067
0067
0067
0067
0067
0067
0067
0067
0067
0067
0067
0067
0067
0067
0067
0067
0067
0067
0067
0067
0067
0067
0067
0067
0067
0067
0067
0067
0067
0067
0067
0067
0067
0067
0067
0067
0067
0067
0067
0068
0068
0068
0068
0068
0068
0068
0068
0068
0068
0068
0068
0068
0068
0068
0068
0068
0068
0068
0068
0068
0068
0068
0068
0068
0068
0068
0068
0068
0068
0068
0068
0068
0068
0068
0068
0068
0068
0068
0069
0069
0069
0069
0069
0069
0069
0069
0069
0069
0069
0069
0069
0069
0069
0069
0069
0069
0069
0069
0069
0069
0069
0069
0069
0069
0069
0069
0069
0069
0069
0069
0069
0069
0069
0069
0069
0069
0069
006a
006a
006a
006a
006a
006a
006a
006a
006a
006a
006a
006a
006a
006a
006a
006a
006a
006a
006a
006a
006a
006a
006a
006a
006a
006a
006a
006a
006a
006a
006a
006a
006a
006a
006a
006a
006a
006a
006a
006b
006b
006b
006b
006b
006b
006b
006b
006b
006b
006b
006b
006b
006b
006b
006b
006b
006b
006b
006b
006b
006b
006b
006b
006b
006b
006b
006b
006b
006b
006b
006b
006b
006b
006b
006b
006b
006b
006c
006c
006c
006c
006c
006c
006c
006c
006c
006c
006c
006c
006c
006c
006c
006c
006c
006c
006c
006c
006c
006c
006c
006c
006c
006c
006c
006c
006c
006c
006c
006c
006c
006c
006c
006c
006c
006c
006d
006d
006d
006d
006d
006d
006d
006d
006d
006d
006d
006d
006d
006d
006d
006d
006d
006d
006d
006d
006d
006d
006d
006d
006d
006d
006d
006d
006d
006d
006d
006d
006d
006d
006d
006d
006d
006e
006e
006e
006e
006e
006e
006e
006e
006e
006e
006e
006e
006e
006e
006e
006e
006e
006e
006e
006e
006e
006e
006e
006e
006e
006e
006e
006e
006e
006e
006e
006e
006e
006e
006e
006e
006e
006e
006f
006f
006f
006f
006f
006f
006f
006f
006f
006f
006f
006f
006f
006f
006f
006f
006f
006f
006f
006f
006f
006f
006f
006f
006f
006f
006f
006f
006f
006f
006f
006f
006f
006f
006f
006f
006f
0070
0070
0070
0070
0070
0070
0070
0070
0070
0070
0070
0070
0070
0070
0070
0070
0070
0070
0070
0070
0070
0070
0070
0070
0070
0070
0070
0070
0070
0070
0070
0070
0070
0070
0070
0070
0071
0071
0071
0071
0071
0071
0071
0071
0071
0071
0071
0071
0071
0071
0071
0071
0071
0071
0071
0071
0071
0071
0071
0071
0071
0071
0071
0071
0071
0071
0071
0071
0071
0071
0071
0071
0072
0072
0072
0072
0072
0072
0072
0072
0072
0072
0072
0072
0072
0072
0072
0072
0072
0072
0072
0072
0072
0072
0072
0072
0072
0072
0072
0072
0072
0072
0072
0072
0072
0072
0072
0072
0073
0073
0073
0073
0073
0073
0073
0073
0073
0073
0073
0073
0073
0073
0073
0073
0073
0073
0073
0073
0073
0073
0073
0073
0073
0073
0073
0073
0073
0073
0073
0073
0073
0073
0073
0073
0074
0074
0074
0074
0074
0074
0074
0074
0074
0074
0074
0074
0074
0074
0074
0074
0074
0074
0074
0074
0074
0074
0074
0074
0074
0074
0074
0074
0074
0074
0074
0074
0074
0074
0074
0075
0075
0075
0075
0075
0075
0075
0075
0075
0075
0075
0075
0075
0075
0075
0075
0075
0075
0075
0075
0075
0075
0075
0075
0075
0075
0075
0075
0075
0075
0075
0075
0075
0075
0075
0076
0076
0076
0076
0076
0076
0076
0076
0076
0076
0076
0076
0076
0076
0076
0076
0076
0076
0076
0076
0076
0076
0076
0076
0076
0076
0076
0076
0076
0076
0076
0076
0076
0076
0076
0077
0077
0077
0077
0077
0077
0077
0077
0077
0077
0077
0077
0077
0077
0077
0077
0077
0077
0077
0077
0077
0077
0077
0077
0077
0077
0077
0077
0077
0077
0077
0077
0077
0077
0078
0078
0078
0078
0078
0078
0078
0078
0078
0078
0078
0078
0078
0078
0078
0078
0078
0078
0078
0078
0078
0078
0078
0078
0078
0078
0078
0078
0078
0078
0078
0078
0078
0078
0078
0079
0079
0079
0079
0079
0079
0079
0079
0079
0079
0079
0079
0079
0079
0079
0079
0079
0079
0079
0079
0079
0079
0079
0079
0079
0079
0079
0079
0079
0079
0079
0079
0079
007a
007a
007a
007a
007a
007a
007a
007a
007a
007a
007a
007a
007a
007a
007a
007a
007a
007a
007a
007a
007a
007a
007a
007a
007a
007a
007a
007a
007a
007a
007a
007a
007a
007a
007b
007b
007b
007b
007b
007b
007b
007b
007b
007b
007b
007b
007b
007b
007b
007b
007b
007b
007b
007b
007b
007b
007b
007b
007b
007b
007b
007b
007b
007b
007b
007b
007b
007c
007c
007c
007c
007c
007c
007c
007c
007c
007c
007c
007c
007c
007c
007c
007c
007c
007c
007c
007c
007c
007c
007c
007c
007c
007c
007c
007c
007c
007c
007c
007c
007c
007d
007d
007d
007d
007d
007d
007d
007d
007d
007d
007d
007d
007d
007d
007d
007d
007d
007d
007d
007d
007d
007d
007d
007d
007d
007d
007d
007d
007d
007d
007d
007d
007d
007e
007e
007e
007e
007e
007e
007e
007e
007e
007e
007e
007e
007e
007e
007e
007e
007e
007e
007e
007e
007e
007e
007e
007e
007e
007e
007e
007e
007e
007e
007e
007e
007e
007f
007f
007f
007f
007f
007f
007f
007f
007f
007f
007f
007f
007f
007f
007f
007f
007f
007f
007f
007f
007f
007f
007f
007f
007f
007f
007f
007f
007f
007f
007f
007f
0080
0080
0080
0080
0080
0080
0080
0080
0080
0080
0080
0080
0080
0080
0080
0080
0080
0080
0080
0080
0080
0080
0080
0080
0080
0080
0080
0080
0080
0080
0080
0080
0081
0081
0081
0081
0081
0081
0081
0081
0081
0081
0081
0081
0081
0081
0081
0081
0081
0081
0081
0081
0081
0081
0081
0081
0081
0081
0081
0081
0081
0081
0081
0081
0082
0082
0082
0082
0082
0082
0082
0082
0082
0082
0082
0082
0082
0082
0082
0082
0082
0082
0082
0082
0082
0082
0082
0082
0082
0082
0082
0082
0082
0082
0082
0083
0083
0083
0083
0083
0083
0083
0083
0083
0083
0083
0083
0083
0083
0083
0083
0083
0083
0083
0083
0083
0083
0083
0083
0083
0083
0083
0083
0083
0083
0083
0084
0084
0084
0084
0084
0084
0084
0084
0084
0084
0084
0084
0084
0084
0084
0084
0084
0084
0084
0084
0084
0084
0084
0084
0084
0084
0084
0084
0084
0084
0084
0085
0085
0085
0085
0085
0085
0085
0085
0085
0085
0085
0085
0085
0085
0085
0085
0085
0085
0085
0085
0085
0085
0085
0085
0085
0085
0085
0085
0085
0085
0085
0086
0086
0086
0086
0086
0086
0086
0086
0086
0086
0086
0086
0086
0086
0086
0086
0086
0086
0086
0086
0086
0086
0086
0086
0086
0086
0086
0086
0086
0086
0086
0087
0087
0087
0087
0087
0087
0087
0087
0087
0087
0087
0087
0087
0087
0087
0087
0087
0087
0087
0087
0087
0087
0087
0087
0087
0087
0087
0087
0087
0087
0088
0088
0088
0088
0088
0088
0088
0088
0088
0088
0088
0088
0088
0088
0088
0088
0088
0088
0088
0088
0088
0088
0088
0088
0088
0088
0088
0088
0088
0088
0089
0089
0089
0089
0089
0089
0089
0089
0089
0089
0089
0089
0089
0089
0089
0089
0089
0089
0089
0089
0089
0089
0089
0089
0089
0089
0089
0089
0089
0089
008a
008a
008a
008a
008a
008a
008a
008a
008a
008a
008a
008a
008a
008a
008a
008a
008a
008a
008a
008a
008a
008a
008a
008a
008a
008a
008a
008a
008a
008a
008b
008b
008b
008b
008b
008b
008b
008b
008b
008b
008b
008b
008b
008b
008b
008b
008b
008b
008b
008b
008b
008b
008b
008b
008b
008b
008b
008b
008b
008c
008c
008c
008c
008c
008c
008c
008c
008c
008c
008c
008c
008c
008c
008c
008c
008c
008c
008c
008c
008c
008c
008c
008c
008c
008c
008c
008c
008c
008d
008d
008d
008d
008d
008d
008d
008d
008d
008d
008d
008d
008d
008d
008d
008d
008d
008d
008d
008d
008d
008d
008d
008d
008d
008d
008d
008d
008d
008d
008e
008e
008e
008e
008e
008e
008e
008e
008e
008e
008e
008e
008e
008e
008e
008e
008e
008e
008e
008e
008e
008e
008e
008e
008e
008e
008e
008e
008f
008f
008f
008f
008f
008f
008f
008f
008f
008f
008f
008f
008f
008f
008f
008f
008f
008f
008f
008f
008f
008f
008f
008f
008f
008f
008f
008f
008f
0090
0090
0090
0090
0090
0090
0090
0090
0090
0090
0090
0090
0090
0090
0090
0090
0090
0090
0090
0090
0090
0090
0090
0090
0090
0090
0090
0090
0091
0091
0091
0091
0091
0091
0091
0091
0091
0091
0091
0091
0091
0091
0091
0091
0091
0091
0091
0091
0091
0091
0091
0091
0091
0091
0091
0091
0091
0092
0092
0092
0092
0092
0092
0092
0092
0092
0092
0092
0092
0092
0092
0092
0092
0092
0092
0092
0092
0092
0092
0092
0092
0092
0092
0092
0092
0093
0093
0093
0093
0093
0093
0093
0093
0093
0093
0093
0093
0093
0093
0093
0093
0093
0093
0093
0093
0093
0093
0093
0093
0093
0093
0093
0093
0094
0094
0094
0094
0094
0094
0094
0094
0094
0094
0094
0094
0094
0094
0094
0094
0094
0094
0094
0094
0094
0094
0094
0094
0094
0094
0094
0095
0095
0095
0095
0095
0095
0095
0095
0095
0095
0095
0095
0095
0095
0095
0095
0095
0095
0095
0095
0095
0095
0095
0095
0095
0095
0095
0095
0096
0096
0096
0096
0096
0096
0096
0096
0096
0096
0096
0096
0096
0096
0096
0096
0096
0096
0096
0096
0096
0096
0096
0096
0096
0096
0096
0097
0097
0097
0097
0097
0097
0097
0097
0097
0097
0097
0097
0097
0097
0097
0097
0097
0097
0097
0097
0097
0097
0097
0097
0097
0097
0097
0098
0098
0098
0098
0098
0098
0098
0098
0098
0098
0098
0098
0098
0098
0098
0098
0098
0098
0098
0098
0098
0098
0098
0098
0098
0098
0098
0099
0099
0099
0099
0099
0099
0099
0099
0099
0099
0099
0099
0099
0099
0099
0099
0099
0099
0099
0099
0099
0099
0099
0099
0099
0099
0099
009a
009a
009a
009a
009a
009a
009a
009a
009a
009a
009a
009a
009a
009a
009a
009a
009a
009a
009a
009a
009a
009a
009a
009a
009a
009a
009a
009b
009b
009b
009b
009b
009b
009b
009b
009b
009b
009b
009b
009b
009b
009b
009b
009b
009b
009b
009b
009b
009b
009b
009b
009b
009b
009c
009c
009c
009c
009c
009c
009c
009c
009c
009c
009c
009c
009c
009c
009c
009c
009c
009c
009c
009c
009c
009c
009c
009c
009c
009c
009d
009d
009d
009d
009d
009d
009d
009d
009d
009d
009d
009d
009d
009d
009d
009d
009d
009d
009d
009d
009d
009d
009d
009d
009d
009d
009e
009e
009e
009e
009e
009e
009e
009e
009e
009e
009e
009e
009e
009e
009e
009e
009e
009e
009e
009e
009e
009e
009e
009e
009e
009e
009f
009f
009f
009f
009f
009f
009f
009f
009f
009f
009f
009f
009f
009f
009f
009f
009f
009f
009f
009f
009f
009f
009f
009f
009f
009f
00a0
00a0
00a0
00a0
00a0
00a0
00a0
00a0
00a0
00a0
00a0
00a0
00a0
00a0
00a0
00a0
00a0
00a0
00a0
00a0
00a0
00a0
00a0
00a0
00a0
00a0
00a1
00a1
00a1
00a1
00a1
00a1
00a1
00a1
00a1
00a1
00a1
00a1
00a1
00a1
00a1
00a1
00a1
00a1
00a1
00a1
00a1
00a1
00a1
00a1
00a1
00a2
00a2
00a2
00a2
00a2
00a2
00a2
00a2
00a2
00a2
00a2
00a2
00a2
00a2
00a2
00a2
00a2
00a2
00a2
00a2
00a2
00a2
00a2
00a2
00a2
00a3
00a3
00a3
00a3
00a3
00a3
00a3
00a3
00a3
00a3
00a3
00a3
00a3
00a3
00a3
00a3
00a3
00a3
00a3
00a3
00a3
00a3
00a3
00a3
00a3
00a4
00a4
00a4
00a4
00a4
00a4
00a4
00a4
00a4
00a4
00a4
00a4
00a4
00a4
00a4
00a4
00a4
00a4
00a4
00a4
00a4
00a4
00a4
00a4
00a4
00a5
00a5
00a5
00a5
00a5
00a5
00a5
00a5
00a5
00a5
00a5
00a5
00a5
00a5
00a5
00a5
00a5
00a5
00a5
00a5
00a5
00a5
00a5
00a5
00a5
00a6
00a6
00a6
00a6
00a6
00a6
00a6
00a6
00a6
00a6
00a6
00a6
00a6
00a6
00a6
00a6
00a6
00a6
00a6
00a6
00a6
00a6
00a6
00a6
00a6
00a7
00a7
00a7
00a7
00a7
00a7
00a7
00a7
00a7
00a7
00a7
00a7
00a7
00a7
00a7
00a7
00a7
00a7
00a7
00a7
00a7
00a7
00a7
00a7
00a8
00a8
00a8
00a8
00a8
00a8
00a8
00a8
00a8
00a8
00a8
00a8
00a8
00a8
00a8
00a8
00a8
00a8
00a8
00a8
00a8
00a8
00a8
00a8
00a8
00a9
00a9
00a9
00a9
00a9
00a9
00a9
00a9
00a9
00a9
00a9
00a9
00a9
00a9
00a9
00a9
00a9
00a9
00a9
00a9
00a9
00a9
00a9
00a9
00aa
00aa
00aa
00aa
00aa
00aa
00aa
00aa
00aa
00aa
00aa
00aa
00aa
00aa
00aa
00aa
00aa
00aa
00aa
00aa
00aa
00aa
00aa
00aa
00ab
00ab
00ab
00ab
00ab
00ab
00ab
00ab
00ab
00ab
00ab
00ab
00ab
00ab
00ab
00ab
00ab
00ab
00ab
00ab
00ab
00ab
00ab
00ab
00ac
00ac
00ac
00ac
00ac
00ac
00ac
00ac
00ac
00ac
00ac
00ac
00ac
00ac
00ac
00ac
00ac
00ac
00ac
00ac
00ac
00ac
00ac
00ac
00ad
00ad
00ad
00ad
00ad
00ad
00ad
00ad
00ad
00ad
00ad
00ad
00ad
00ad
00ad
00ad
00ad
00ad
00ad
00ad
00ad
00ad
00ad
00ad
00ae
00ae
00ae
00ae
00ae
00ae
00ae
00ae
00ae
00ae
00ae
00ae
00ae
00ae
00ae
00ae
00ae
00ae
00ae
00ae
00ae
00ae
00ae
00af
00af
00af
00af
00af
00af
00af
00af
00af
00af
00af
00af
00af
00af
00af
00af
00af
00af
00af
00af
00af
00af
00af
00af
00b0
00b0
00b0
00b0
00b0
00b0
00b0
00b0
00b0
00b0
00b0
00b0
00b0
00b0
00b0
00b0
00b0
00b0
00b0
00b0
00b0
00b0
00b0
00b1
00b1
00b1
00b1
00b1
00b1
00b1
00b1
00b1
00b1
00b1
00b1
00b1
00b1
00b1
00b1
00b1
00b1
00b1
00b1
00b1
00b1
00b1
00b2
00b2
00b2
00b2
00b2
00b2
00b2
00b2
00b2
00b2
00b2
00b2
00b2
00b2
00b2
00b2
00b2
00b2
00b2
00b2
00b2
00b2
00b2
00b3
00b3
00b3
00b3
00b3
00b3
00b3
00b3
00b3
00b3
00b3
00b3
00b3
00b3
00b3
00b3
00b3
00b3
00b3
00b3
00b3
00b3
00b3
00b4
00b4
00b4
00b4
00b4
00b4
00b4
00b4
00b4
00b4
00b4
00b4
00b4
00b4
00b4
00b4
00b4
00b4
00b4
00b4
00b4
00b4
00b4
00b5
00b5
00b5
00b5
00b5
00b5
00b5
00b5
00b5
00b5
00b5
00b5
00b5
00b5
00b5
00b5
00b5
00b5
00b5
00b5
00b5
00b5
00b6
00b6
00b6
00b6
00b6
00b6
00b6
00b6
00b6
00b6
00b6
00b6
00b6
00b6
00b6
00b6
00b6
00b6
00b6
00b6
00b6
00b6
00b6
00b7
00b7
00b7
00b7
00b7
00b7
00b7
00b7
00b7
00b7
00b7
00b7
00b7
00b7
00b7
00b7
00b7
00b7
00b7
00b7
00b7
00b7
00b8
00b8
00b8
00b8
00b8
00b8
00b8
00b8
00b8
00b8
00b8
00b8
00b8
00b8
00b8
00b8
00b8
00b8
00b8
00b8
00b8
00b8
00b9
00b9
00b9
00b9
00b9
00b9
00b9
00b9
00b9
00b9
00b9
00b9
00b9
00b9
00b9
00b9
00b9
00b9
00b9
00b9
00b9
00b9
00b9
00ba
00ba
00ba
00ba
00ba
00ba
00ba
00ba
00ba
00ba
00ba
00ba
00ba
00ba
00ba
00ba
00ba
00ba
00ba
00ba
00ba
00ba
00bb
00bb
00bb
00bb
00bb
00bb
00bb
00bb
00bb
00bb
00bb
00bb
00bb
00bb
00bb
00bb
00bb
00bb
00bb
00bb
00bb
00bc
00bc
00bc
00bc
00bc
00bc
00bc
00bc
00bc
00bc
00bc
00bc
00bc
00bc
00bc
00bc
00bc
00bc
00bc
00bc
00bc
00bc
00bd
00bd
00bd
00bd
00bd
00bd
00bd
00bd
00bd
00bd
00bd
00bd
00bd
00bd
00bd
00bd
00bd
00bd
00bd
00bd
00bd
00bd
00be
00be
00be
00be
00be
00be
00be
00be
00be
00be
00be
00be
00be
00be
00be
00be
00be
00be
00be
00be
00be
00be
00bf
00bf
00bf
00bf
00bf
00bf
00bf
00bf
00bf
00bf
00bf
00bf
00bf
00bf
00bf
00bf
00bf
00bf
00bf
00bf
00bf
00c0
00c0
00c0
00c0
00c0
00c0
00c0
00c0
00c0
00c0
00c0
00c0
00c0
00c0
00c0
00c0
00c0
00c0
00c0
00c0
00c0
00c1
00c1
00c1
00c1
00c1
00c1
00c1
00c1
00c1
00c1
00c1
00c1
00c1
00c1
00c1
00c1
00c1
00c1
00c1
00c1
00c1
00c1
00c2
00c2
00c2
00c2
00c2
00c2
00c2
00c2
00c2
00c2
00c2
00c2
00c2
00c2
00c2
00c2
00c2
00c2
00c2
00c2
00c2
00c3
00c3
00c3
00c3
00c3
00c3
00c3
00c3
00c3
00c3
00c3
00c3
00c3
00c3
00c3
00c3
00c3
00c3
00c3
00c3
00c3
00c4
00c4
00c4
00c4
00c4
00c4
00c4
00c4
00c4
00c4
00c4
00c4
00c4
00c4
00c4
00c4
00c4
00c4
00c4
00c4
00c4
00c5
00c5
00c5
00c5
00c5
00c5
00c5
00c5
00c5
00c5
00c5
00c5
00c5
00c5
00c5
00c5
00c5
00c5
00c5
00c5
00c6
00c6
00c6
00c6
00c6
00c6
00c6
00c6
00c6
00c6
00c6
00c6
00c6
00c6
00c6
00c6
00c6
00c6
00c6
00c6
00c6
00c7
00c7
00c7
00c7
00c7
00c7
00c7
00c7
00c7
00c7
00c7
00c7
00c7
00c7
00c7
00c7
00c7
00c7
00c7
00c7
00c7
00c8
00c8
00c8
00c8
00c8
00c8
00c8
00c8
00c8
00c8
00c8
00c8
00c8
00c8
00c8
00c8
00c8
00c8
00c8
00c8
00c9
00c9
00c9
00c9
00c9
00c9
00c9
00c9
00c9
00c9
00c9
00c9
00c9
00c9
00c9
00c9
00c9
00c9
00c9
00c9
00ca
00ca
00ca
00ca
00ca
00ca
00ca
00ca
00ca
00ca
00ca
00ca
00ca
00ca
00ca
00ca
00ca
00ca
00ca
00ca
00ca
00cb
00cb
00cb
00cb
00cb
00cb
00cb
00cb
00cb
00cb
00cb
00cb
00cb
00cb
00cb
00cb
00cb
00cb
00cb
00cb
00cc
00cc
00cc
00cc
00cc
00cc
00cc
00cc
00cc
00cc
00cc
00cc
00cc
00cc
00cc
00cc
00cc
00cc
00cc
00cc
00cd
00cd
00cd
00cd
00cd
00cd
00cd
00cd
00cd
00cd
00cd
00cd
00cd
00cd
00cd
00cd
00cd
00cd
00cd
00cd
00ce
00ce
00ce
00ce
00ce
00ce
00ce
00ce
00ce
00ce
00ce
00ce
00ce
00ce
00ce
00ce
00ce
00ce
00ce
00ce
00cf
00cf
00cf
00cf
00cf
00cf
00cf
00cf
00cf
00cf
00cf
00cf
00cf
00cf
00cf
00cf
00cf
00cf
00cf
00cf
00d0
00d0
00d0
00d0
00d0
00d0
00d0
00d0
00d0
00d0
00d0
00d0
00d0
00d0
00d0
00d0
00d0
00d0
00d0
00d1
00d1
00d1
00d1
00d1
00d1
00d1
00d1
00d1
00d1
00d1
00d1
00d1
00d1
00d1
00d1
00d1
00d1
00d1
00d1
00d2
00d2
00d2
00d2
00d2
00d2
00d2
00d2
00d2
00d2
00d2
00d2
00d2
00d2
00d2
00d2
00d2
00d2
00d2
00d3
00d3
00d3
00d3
00d3
00d3
00d3
00d3
00d3
00d3
00d3
00d3
00d3
00d3
00d3
00d3
00d3
00d3
00d3
00d3
00d4
00d4
00d4
00d4
00d4
00d4
00d4
00d4
00d4
00d4
00d4
00d4
00d4
00d4
00d4
00d4
00d4
00d4
00d4
00d5
00d5
00d5
00d5
00d5
00d5
00d5
00d5
00d5
00d5
00d5
00d5
00d5
00d5
00d5
00d5
00d5
00d5
00d5
00d6
00d6
00d6
00d6
00d6
00d6
00d6
00d6
00d6
00d6
00d6
00d6
00d6
00d6
00d6
00d6
00d6
00d6
00d6
00d6
00d7
00d7
00d7
00d7
00d7
00d7
00d7
00d7
00d7
00d7
00d7
00d7
00d7
00d7
00d7
00d7
00d7
00d7
00d7
00d8
00d8
00d8
00d8
00d8
00d8
00d8
00d8
00d8
00d8
00d8
00d8
00d8
00d8
00d8
00d8
00d8
00d8
00d8
00d9
00d9
00d9
00d9
00d9
00d9
00d9
00d9
00d9
00d9
00d9
00d9
00d9
00d9
00d9
00d9
00d9
00d9
00da
00da
00da
00da
00da
00da
00da
00da
00da
00da
00da
00da
00da
00da
00da
00da
00da
00da
00da
00db
00db
00db
00db
00db
00db
00db
00db
00db
00db
00db
00db
00db
00db
00db
00db
00db
00db
00db
00dc
00dc
00dc
00dc
00dc
00dc
00dc
00dc
00dc
00dc
00dc
00dc
00dc
00dc
00dc
00dc
00dc
00dc
00dc
00dd
00dd
00dd
00dd
00dd
00dd
00dd
00dd
00dd
00dd
00dd
00dd
00dd
00dd
00dd
00dd
00dd
00dd
00de
00de
00de
00de
00de
00de
00de
00de
00de
00de
00de
00de
00de
00de
00de
00de
00de
00de
00de
00df
00df
00df
00df
00df
00df
00df
00df
00df
00df
00df
00df
00df
00df
00df
00df
00df
00df
00e0
00e0
00e0
00e0
00e0
00e0
00e0
00e0
00e0
00e0
00e0
00e0
00e0
00e0
00e0
00e0
00e0
00e0
00e1
00e1
00e1
00e1
00e1
00e1
00e1
00e1
00e1
00e1
00e1
00e1
00e1
00e1
00e1
00e1
00e1
00e1
00e2
00e2
00e2
00e2
00e2
00e2
00e2
00e2
00e2
00e2
00e2
00e2
00e2
00e2
00e2
00e2
00e2
00e2
00e3
00e3
00e3
00e3
00e3
00e3
00e3
00e3
00e3
00e3
00e3
00e3
00e3
00e3
00e3
00e3
00e3
00e3
00e3
00e4
00e4
00e4
00e4
00e4
00e4
00e4
00e4
00e4
00e4
00e4
00e4
00e4
00e4
00e4
00e4
00e4
00e4
00e5
00e5
00e5
00e5
00e5
00e5
00e5
00e5
00e5
00e5
00e5
00e5
00e5
00e5
00e5
00e5
00e5
00e6
00e6
00e6
00e6
00e6
00e6
00e6
00e6
00e6
00e6
00e6
00e6
00e6
00e6
00e6
00e6
00e6
00e6
00e7
00e7
00e7
00e7
00e7
00e7
00e7
00e7
00e7
00e7
00e7
00e7
00e7
00e7
00e7
00e7
00e7
00e7
00e8
00e8
00e8
00e8
00e8
00e8
00e8
00e8
00e8
00e8
00e8
00e8
00e8
00e8
00e8
00e8
00e8
00e8
00e9
00e9
00e9
00e9
00e9
00e9
00e9
00e9
00e9
00e9
00e9
00e9
00e9
00e9
00e9
00e9
00e9
00ea
00ea
00ea
00ea
00ea
00ea
00ea
00ea
00ea
00ea
00ea
00ea
00ea
00ea
00ea
00ea
00ea
00ea
00eb
00eb
00eb
00eb
00eb
00eb
00eb
00eb
00eb
00eb
00eb
00eb
00eb
00eb
00eb
00eb
00eb
00ec
00ec
00ec
00ec
00ec
00ec
00ec
00ec
00ec
00ec
00ec
00ec
00ec
00ec
00ec
00ec
00ec
00ed
00ed
00ed
00ed
00ed
00ed
00ed
00ed
00ed
00ed
00ed
00ed
00ed
00ed
00ed
00ed
00ed
00ed
00ee
00ee
00ee
00ee
00ee
00ee
00ee
00ee
00ee
00ee
00ee
00ee
00ee
00ee
00ee
00ee
00ee
00ef
00ef
00ef
00ef
00ef
00ef
00ef
00ef
00ef
00ef
00ef
00ef
00ef
00ef
00ef
00ef
00ef
00f0
00f0
00f0
00f0
00f0
00f0
00f0
00f0
00f0
00f0
00f0
00f0
00f0
00f0
00f0
00f0
00f0
00f1
00f1
00f1
00f1
00f1
00f1
00f1
00f1
00f1
00f1
00f1
00f1
00f1
00f1
00f1
00f1
00f1
00f2
00f2
00f2
00f2
00f2
00f2
00f2
00f2
00f2
00f2
00f2
00f2
00f2
00f2
00f2
00f2
00f2
00f3
00f3
00f3
00f3
00f3
00f3
00f3
00f3
00f3
00f3
00f3
00f3
00f3
00f3
00f3
00f3
00f3
00f4
00f4
00f4
00f4
00f4
00f4
00f4
00f4
00f4
00f4
00f4
00f4
00f4
00f4
00f4
00f4
00f4
00f5
00f5
00f5
00f5
00f5
00f5
00f5
00f5
00f5
00f5
00f5
00f5
00f5
00f5
00f5
00f5
00f6
00f6
00f6
00f6
00f6
00f6
00f6
00f6
00f6
00f6
00f6
00f6
00f6
00f6
00f6
00f6
00f6
00f7
00f7
00f7
00f7
00f7
00f7
00f7
00f7
00f7
00f7
00f7
00f7
00f7
00f7
00f7
00f7
00f7
00f8
00f8
00f8
00f8
00f8
00f8
00f8
00f8
00f8
00f8
00f8
00f8
00f8
00f8
00f8
00f8
00f9
00f9
00f9
00f9
00f9
00f9
00f9
00f9
00f9
00f9
00f9
00f9
00f9
00f9
00f9
00f9
00f9
00fa
00fa
00fa
00fa
00fa
00fa
00fa
00fa
00fa
00fa
00fa
00fa
00fa
00fa
00fa
00fa
00fb
00fb
00fb
00fb
00fb
00fb
00fb
00fb
00fb
00fb
00fb
00fb
00fb
00fb
00fb
00fb
00fc
00fc
00fc
00fc
00fc
00fc
00fc
00fc
00fc
00fc
00fc
00fc
00fc
00fc
00fc
00fc
00fc
00fd
00fd
00fd
00fd
00fd
00fd
00fd
00fd
00fd
00fd
00fd
00fd
00fd
00fd
00fd
00fd
00fe
00fe
00fe
00fe
00fe
00fe
00fe
00fe
00fe
00fe
00fe
00fe
00fe
00fe
00fe
00fe
00ff
00ff
00ff
00ff
00ff
00ff
00ff
00ff
00ff
00ff
00ff
00ff
00ff
00ff
00ff
00ff
0100
0100
0100
0100
0100
0100
0100
0100
0100
0100
0100
0100
0100
0100
0100
0100
0101
0101
0101
0101
0101
0101
0101
0101
0101
0101
0101
0101
0101
0101
0101
0101
0102
0102
0102
0102
0102
0102
0102
0102
0102
0102
0102
0102
0102
0102
0102
0102
0103
0103
0103
0103
0103
0103
0103
0103
0103
0103
0103
0103
0103
0103
0103
0103
0104
0104
0104
0104
0104
0104
0104
0104
0104
0104
0104
0104
0104
0104
0104
0105
0105
0105
0105
0105
0105
0105
0105
0105
0105
0105
0105
0105
0105
0105
0105
0106
0106
0106
0106
0106
0106
0106
0106
0106
0106
0106
0106
0106
0106
0106
0106
0107
0107
0107
0107
0107
0107
0107
0107
0107
0107
0107
0107
0107
0107
0107
0108
0108
0108
0108
0108
0108
0108
0108
0108
0108
0108
0108
0108
0108
0108
0108
0109
0109
0109
0109
0109
0109
0109
0109
0109
0109
0109
0109
0109
0109
0109
010a
010a
010a
010a
010a
010a
010a
010a
010a
010a
010a
010a
010a
010a
010a
010a
010b
010b
010b
010b
010b
010b
010b
010b
010b
010b
010b
010b
010b
010b
010b
010c
010c
010c
010c
010c
010c
010c
010c
010c
010c
010c
010c
010c
010c
010c
010d
010d
010d
010d
010d
010d
010d
010d
010d
010d
010d
010d
010d
010d
010d
010e
010e
010e
010e
010e
010e
010e
010e
010e
010e
010e
010e
010e
010e
010e
010e
010f
010f
010f
010f
010f
010f
010f
010f
010f
010f
010f
010f
010f
010f
010f
0110
0110
0110
0110
0110
0110
0110
0110
0110
0110
0110
0110
0110
0110
0110
0111
0111
0111
0111
0111
0111
0111
0111
0111
0111
0111
0111
0111
0111
0111
0112
0112
0112
0112
0112
0112
0112
0112
0112
0112
0112
0112
0112
0112
0112
0113
0113
0113
0113
0113
0113
0113
0113
0113
0113
0113
0113
0113
0113
0113
0114
0114
0114
0114
0114
0114
0114
0114
0114
0114
0114
0114
0114
0114
0114
0115
0115
0115
0115
0115
0115
0115
0115
0115
0115
0115
0115
0115
0115
0116
0116
0116
0116
0116
0116
0116
0116
0116
0116
0116
0116
0116
0116
0116
0117
0117
0117
0117
0117
0117
0117
0117
0117
0117
0117
0117
0117
0117
0117
0118
0118
0118
0118
0118
0118
0118
0118
0118
0118
0118
0118
0118
0118
0119
0119
0119
0119
0119
0119
0119
0119
0119
0119
0119
0119
0119
0119
0119
011a
011a
011a
011a
011a
011a
011a
011a
011a
011a
011a
011a
011a
011a
011b
011b
011b
011b
011b
011b
011b
011b
011b
011b
011b
011b
011b
011b
011b
011c
011c
011c
011c
011c
011c
011c
011c
011c
011c
011c
011c
011c
011c
011d
011d
011d
011d
011d
011d
011d
011d
011d
011d
011d
011d
011d
011d
011d
011e
011e
011e
011e
011e
011e
011e
011e
011e
011e
011e
011e
011e
011e
011f
011f
011f
011f
011f
011f
011f
011f
011f
011f
011f
011f
011f
011f
0120
0120
0120
0120
0120
0120
0120
0120
0120
0120
0120
0120
0120
0120
0120
0121
0121
0121
0121
0121
0121
0121
0121
0121
0121
0121
0121
0121
0121
0122
0122
0122
0122
0122
0122
0122
0122
0122
0122
0122
0122
0122
0122
0123
0123
0123
0123
0123
0123
0123
0123
0123
0123
0123
0123
0123
0123
0124
0124
0124
0124
0124
0124
0124
0124
0124
0124
0124
0124
0124
0124
0125
0125
0125
0125
0125
0125
0125
0125
0125
0125
0125
0125
0125
0125
0126
0126
0126
0126
0126
0126
0126
0126
0126
0126
0126
0126
0126
0126
0127
0127
0127
0127
0127
0127
0127
0127
0127
0127
0127
0127
0127
0127
0128
0128
0128
0128
0128
0128
0128
0128
0128
0128
0128
0128
0128
0128
0129
0129
0129
0129
0129
0129
0129
0129
0129
0129
0129
0129
0129
012a
012a
012a
012a
012a
012a
012a
012a
012a
012a
012a
012a
012a
012a
012b
012b
012b
012b
012b
012b
012b
012b
012b
012b
012b
012b
012b
012b
012c
012c
012c
012c
012c
012c
012c
012c
012c
012c
012c
012c
012c
012d
012d
012d
012d
012d
012d
012d
012d
012d
012d
012d
012d
012d
012d
012e
012e
012e
012e
012e
012e
012e
012e
012e
012e
012e
012e
012e
012e
012f
012f
012f
012f
012f
012f
012f
012f
012f
012f
012f
012f
012f
0130
0130
0130
0130
0130
0130
0130
0130
0130
0130
0130
0130
0130
0130
0131
0131
0131
0131
0131
0131
0131
0131
0131
0131
0131
0131
0131
0132
0132
0132
0132
0132
0132
0132
0132
0132
0132
0132
0132
0132
0133
0133
0133
0133
0133
0133
0133
0133
0133
0133
0133
0133
0133
0133
0134
0134
0134
0134
0134
0134
0134
0134
0134
0134
0134
0134
0134
0135
0135
0135
0135
0135
0135
0135
0135
0135
0135
0135
0135
0135
0136
0136
0136
0136
0136
0136
0136
0136
0136
0136
0136
0136
0136
0136
0137
0137
0137
0137
0137
0137
0137
0137
0137
0137
0137
0137
0137
0138
0138
0138
0138
0138
0138
0138
0138
0138
0138
0138
0138
0138
0139
0139
0139
0139
0139
0139
0139
0139
0139
0139
0139
0139
0139
013a
013a
013a
013a
013a
013a
013a
013a
013a
013a
013a
013a
013a
013b
013b
013b
013b
013b
013b
013b
013b
013b
013b
013b
013b
013b
013c
013c
013c
013c
013c
013c
013c
013c
013c
013c
013c
013c
013c
013d
013d
013d
013d
013d
013d
013d
013d
013d
013d
013d
013d
013d
013e
013e
013e
013e
013e
013e
013e
013e
013e
013e
013e
013e
013e
013f
013f
013f
013f
013f
013f
013f
013f
013f
013f
013f
013f
013f
0140
0140
0140
0140
0140
0140
0140
0140
0140
0140
0140
0140
0141
0141
0141
0141
0141
0141
0141
0141
0141
0141
0141
0141
0141
0142
0142
0142
0142
0142
0142
0142
0142
0142
0142
0142
0142
0142
0143
0143
0143
0143
0143
0143
0143
0143
0143
0143
0143
0143
0143
0144
0144
0144
0144
0144
0144
0144
0144
0144
0144
0144
0144
0145
0145
0145
0145
0145
0145
0145
0145
0145
0145
0145
0145
0145
0146
0146
0146
0146
0146
0146
0146
0146
0146
0146
0146
0146
0147
0147
0147
0147
0147
0147
0147
0147
0147
0147
0147
0147
0147
0148
0148
0148
0148
0148
0148
0148
0148
0148
0148
0148
0148
0149
0149
0149
0149
0149
0149
0149
0149
0149
0149
0149
0149
0149
014a
014a
014a
014a
014a
014a
014a
014a
014a
014a
014a
014a
014b
014b
014b
014b
014b
014b
014b
014b
014b
014b
014b
014b
014b
014c
014c
014c
014c
014c
014c
014c
014c
014c
014c
014c
014c
014d
014d
014d
014d
014d
014d
014d
014d
014d
014d
014d
014d
014e
014e
014e
014e
014e
014e
014e
014e
014e
014e
014e
014e
014f
014f
014f
014f
014f
014f
014f
014f
014f
014f
014f
014f
014f
0150
0150
0150
0150
0150
0150
0150
0150
0150
0150
0150
0150
0151
0151
0151
0151
0151
0151
0151
0151
0151
0151
0151
0151
0152
0152
0152
0152
0152
0152
0152
0152
0152
0152
0152
0152
0153
0153
0153
0153
0153
0153
0153
0153
0153
0153
0153
0153
0154
0154
0154
0154
0154
0154
0154
0154
0154
0154
0154
0154
0155
0155
0155
0155
0155
0155
0155
0155
0155
0155
0155
0155
0156
0156
0156
0156
0156
0156
0156
0156
0156
0156
0156
0156
0157
0157
0157
0157
0157
0157
0157
0157
0157
0157
0157
0157
0158
0158
0158
0158
0158
0158
0158
0158
0158
0158
0158
0158
0159
0159
0159
0159
0159
0159
0159
0159
0159
0159
0159
0159
015a
015a
015a
015a
015a
015a
015a
015a
015a
015a
015a
015a
015b
015b
015b
015b
015b
015b
015b
015b
015b
015b
015b
015b
015c
015c
015c
015c
015c
015c
015c
015c
015c
015c
015c
015d
015d
015d
015d
015d
015d
015d
015d
015d
015d
015d
015d
015e
015e
015e
015e
015e
015e
015e
015e
015e
015e
015e
015e
015f
015f
015f
015f
015f
015f
015f
015f
015f
015f
015f
015f
0160
0160
0160
0160
0160
0160
0160
0160
0160
0160
0160
0161
0161
0161
0161
0161
0161
0161
0161
0161
0161
0161
0161
0162
0162
0162
0162
0162
0162
0162
0162
0162
0162
0162
0163
0163
0163
0163
0163
0163
0163
0163
0163
0163
0163
0163
0164
0164
0164
0164
0164
0164
0164
0164
0164
0164
0164
0165
0165
0165
0165
0165
0165
0165
0165
0165
0165
0165
0165
0166
0166
0166
0166
0166
0166
0166
0166
0166
0166
0166
0167
0167
0167
0167
0167
0167
0167
0167
0167
0167
0167
0167
0168
0168
0168
0168
0168
0168
0168
0168
0168
0168
0168
0169
0169
0169
0169
0169
0169
0169
0169
0169
0169
0169
016a
016a
016a
016a
016a
016a
016a
016a
016a
016a
016a
016a
016b
016b
016b
016b
016b
016b
016b
016b
016b
016b
016b
016c
016c
016c
016c
016c
016c
016c
016c
016c
016c
016c
016d
016d
016d
016d
016d
016d
016d
016d
016d
016d
016d
016d
016e
016e
016e
016e
016e
016e
016e
016e
016e
016e
016e
016f
016f
016f
016f
016f
016f
016f
016f
016f
016f
016f
0170
0170
0170
0170
0170
0170
0170
0170
0170
0170
0170
0171
0171
0171
0171
0171
0171
0171
0171
0171
0171
0171
0172
0172
0172
0172
0172
0172
0172
0172
0172
0172
0172
0173
0173
0173
0173
0173
0173
0173
0173
0173
0173
0173
0174
0174
0174
0174
0174
0174
0174
0174
0174
0174
0174
0175
0175
0175
0175
0175
0175
0175
0175
0175
0175
0175
0176
0176
0176
0176
0176
0176
0176
0176
0176
0176
0176
0177
0177
0177
0177
0177
0177
0177
0177
0177
0177
0177
0178
0178
0178
0178
0178
0178
0178
0178
0178
0178
0178
0179
0179
0179
0179
0179
0179
0179
0179
0179
0179
0179
017a
017a
017a
017a
017a
017a
017a
017a
017a
017a
017a
017b
017b
017b
017b
017b
017b
017b
017b
017b
017b
017c
017c
017c
017c
017c
017c
017c
017c
017c
017c
017c
017d
017d
017d
017d
017d
017d
017d
017d
017d
017d
017d
017e
017e
017e
017e
017e
017e
017e
017e
017e
017e
017e
017f
017f
017f
017f
017f
017f
017f
017f
017f
017f
0180
0180
0180
0180
0180
0180
0180
0180
0180
0180
0180
0181
0181
0181
0181
0181
0181
0181
0181
0181
0181
0181
0182
0182
0182
0182
0182
0182
0182
0182
0182
0182
0183
0183
0183
0183
0183
0183
0183
0183
0183
0183
0183
0184
0184
0184
0184
0184
0184
0184
0184
0184
0184
0185
0185
0185
0185
0185
0185
0185
0185
0185
0185
0185
0186
0186
0186
0186
0186
0186
0186
0186
0186
0186
0186
0187
0187
0187
0187
0187
0187
0187
0187
0187
0187
0188
0188
0188
0188
0188
0188
0188
0188
0188
0188
0189
0189
0189
0189
0189
0189
0189
0189
0189
0189
0189
018a
018a
018a
018a
018a
018a
018a
018a
018a
018a
018b
018b
018b
018b
018b
018b
018b
018b
018b
018b
018b
018c
018c
018c
018c
018c
018c
018c
018c
018c
018c
018d
018d
018d
018d
018d
018d
018d
018d
018d
018d
018e
018e
018e
018e
018e
018e
018e
018e
018e
018e
018e
018f
018f
018f
018f
018f
018f
018f
018f
018f
018f
0190
0190
0190
0190
0190
0190
0190
0190
0190
0190
0191
0191
0191
0191
0191
0191
0191
0191
0191
0191
0192
0192
0192
0192
0192
0192
0192
0192
0192
0192
0193
0193
0193
0193
0193
0193
0193
0193
0193
0193
0193
0194
0194
0194
0194
0194
0194
0194
0194
0194
0194
0195
0195
0195
0195
0195
0195
0195
0195
0195
0195
0196
0196
0196
0196
0196
0196
0196
0196
0196
0196
0197
0197
0197
0197
0197
0197
0197
0197
0197
0197
0198
0198
0198
0198
0198
0198
0198
0198
0198
0198
0199
0199
0199
0199
0199
0199
0199
0199
0199
0199
019a
019a
019a
019a
019a
019a
019a
019a
019a
019a
019b
019b
019b
019b
019b
019b
019b
019b
019b
019b
019c
019c
019c
019c
019c
019c
019c
019c
019c
019c
019d
019d
019d
019d
019d
019d
019d
019d
019d
019d
019e
019e
019e
019e
019e
019e
019e
019e
019e
019e
019f
019f
019f
019f
019f
019f
019f
019f
019f
019f
01a0
01a0
01a0
01a0
01a0
01a0
01a0
01a0
01a0
01a0
01a1
01a1
01a1
01a1
01a1
01a1
01a1
01a1
01a1
01a2
01a2
01a2
01a2
01a2
01a2
01a2
01a2
01a2
01a2
01a3
01a3
01a3
01a3
01a3
01a3
01a3
01a3
01a3
01a3
01a4
01a4
01a4
01a4
01a4
01a4
01a4
01a4
01a4
01a4
01a5
01a5
01a5
01a5
01a5
01a5
01a5
01a5
01a5
01a6
01a6
01a6
01a6
01a6
01a6
01a6
01a6
01a6
01a6
01a7
01a7
01a7
01a7
01a7
01a7
01a7
01a7
01a7
01a7
01a8
01a8
01a8
01a8
01a8
01a8
01a8
01a8
01a8
01a9
01a9
01a9
01a9
01a9
01a9
01a9
01a9
01a9
01a9
01aa
01aa
01aa
01aa
01aa
01aa
01aa
01aa
01aa
01aa
01ab
01ab
01ab
01ab
01ab
01ab
01ab
01ab
01ab
01ac
01ac
01ac
01ac
01ac
01ac
01ac
01ac
01ac
01ac
01ad
01ad
01ad
01ad
01ad
01ad
01ad
01ad
01ad
01ae
01ae
01ae
01ae
01ae
01ae
01ae
01ae
01ae
01ae
01af
01af
01af
01af
01af
01af
01af
01af
01af
01b0
01b0
01b0
01b0
01b0
01b0
01b0
01b0
01b0
01b0
01b1
01b1
01b1
01b1
01b1
01b1
01b1
01b1
01b1
01b2
01b2
01b2
01b2
01b2
01b2
01b2
01b2
01b2
01b2
01b3
01b3
01b3
01b3
01b3
01b3
01b3
01b3
01b3
01b4
01b4
01b4
01b4
01b4
01b4
01b4
01b4
01b4
01b4
01b5
01b5
01b5
01b5
01b5
01b5
01b5
01b5
01b5
01b6
01b6
01b6
01b6
01b6
01b6
01b6
01b6
01b6
01b7
01b7
01b7
01b7
01b7
01b7
01b7
01b7
01b7
01b7
01b8
01b8
01b8
01b8
01b8
01b8
01b8
01b8
01b8
01b9
01b9
01b9
01b9
01b9
01b9
01b9
01b9
01b9
01ba
01ba
01ba
01ba
01ba
01ba
01ba
01ba
01ba
01ba
01bb
01bb
01bb
01bb
01bb
01bb
01bb
01bb
01bb
01bc
01bc
01bc
01bc
01bc
01bc
01bc
01bc
01bc
01bd
01bd
01bd
01bd
01bd
01bd
01bd
01bd
01bd
01be
01be
01be
01be
01be
01be
01be
01be
01be
01bf
01bf
01bf
01bf
01bf
01bf
01bf
01bf
01bf
01bf
01c0
01c0
01c0
01c0
01c0
01c0
01c0
01c0
01c0
01c1
01c1
01c1
01c1
01c1
01c1
01c1
01c1
01c1
01c2
01c2
01c2
01c2
01c2
01c2
01c2
01c2
01c2
01c3
01c3
01c3
01c3
01c3
01c3
01c3
01c3
01c3
01c4
01c4
01c4
01c4
01c4
01c4
01c4
01c4
01c4
01c5
01c5
01c5
01c5
01c5
01c5
01c5
01c5
01c5
01c6
01c6
01c6
01c6
01c6
01c6
01c6
01c6
01c6
01c7
01c7
01c7
01c7
01c7
01c7
01c7
01c7
01c7
01c8
01c8
01c8
01c8
01c8
01c8
01c8
01c8
01c8
01c9
01c9
01c9
01c9
01c9
01c9
01c9
01c9
01c9
01ca
01ca
01ca
01ca
01ca
01ca
01ca
01ca
01ca
01cb
01cb
01cb
01cb
01cb
01cb
01cb
01cb
01cb
01cc
01cc
01cc
01cc
01cc
01cc
01cc
01cc
01cc
01cd
01cd
01cd
01cd
01cd
01cd
01cd
01cd
01cd
01ce
01ce
01ce
01ce
01ce
01ce
01ce
01ce
01ce
01cf
01cf
01cf
01cf
01cf
01cf
01cf
01cf
01d0
01d0
01d0
01d0
01d0
01d0
01d0
01d0
01d0
01d1
01d1
01d1
01d1
01d1
01d1
01d1
01d1
01d1
01d2
01d2
01d2
01d2
01d2
01d2
01d2
01d2
01d2
01d3
01d3
01d3
01d3
01d3
01d3
01d3
01d3
01d3
01d4
01d4
01d4
01d4
01d4
01d4
01d4
01d4
01d5
01d5
01d5
01d5
01d5
01d5
01d5
01d5
01d5
01d6
01d6
01d6
01d6
01d6
01d6
01d6
01d6
01d6
01d7
01d7
01d7
01d7
01d7
01d7
01d7
01d7
01d7
01d8
01d8
01d8
01d8
01d8
01d8
01d8
01d8
01d9
01d9
01d9
01d9
01d9
01d9
01d9
01d9
01d9
01da
01da
01da
01da
01da
01da
01da
01da
01da
01db
01db
01db
01db
01db
01db
01db
01db
01dc
01dc
01dc
01dc
01dc
01dc
01dc
01dc
01dc
01dd
01dd
01dd
01dd
01dd
01dd
01dd
01dd
01de
01de
01de
01de
01de
01de
01de
01de
01de
01df
01df
01df
01df
01df
01df
01df
01df
01e0
01e0
01e0
01e0
01e0
01e0
01e0
01e0
01e0
01e1
01e1
01e1
01e1
01e1
01e1
01e1
01e1
01e1
01e2
01e2
01e2
01e2
01e2
01e2
01e2
01e2
01e3
01e3
01e3
01e3
01e3
01e3
01e3
01e3
01e3
01e4
01e4
01e4
01e4
01e4
01e4
01e4
01e4
01e5
01e5
01e5
01e5
01e5
01e5
01e5
01e5
01e6
01e6
01e6
01e6
01e6
01e6
01e6
01e6
01e6
01e7
01e7
01e7
01e7
01e7
01e7
01e7
01e7
01e8
01e8
01e8
01e8
01e8
01e8
01e8
01e8
01e8
01e9
01e9
01e9
01e9
01e9
01e9
01e9
01e9
01ea
01ea
01ea
01ea
01ea
01ea
01ea
01ea
01eb
01eb
01eb
01eb
01eb
01eb
01eb
01eb
01eb
01ec
01ec
01ec
01ec
01ec
01ec
01ec
01ec
01ed
01ed
01ed
01ed
01ed
01ed
01ed
01ed
01ee
01ee
01ee
01ee
01ee
01ee
01ee
01ee
01ee
01ef
01ef
01ef
01ef
01ef
01ef
01ef
01ef
01f0
01f0
01f0
01f0
01f0
01f0
01f0
01f0
01f1
01f1
01f1
01f1
01f1
01f1
01f1
01f1
01f2
01f2
01f2
01f2
01f2
01f2
01f2
01f2
01f2
01f3
01f3
01f3
01f3
01f3
01f3
01f3
01f3
01f4
01f4
01f4
01f4
01f4
01f4
01f4
01f4
01f5
01f5
01f5
01f5
01f5
01f5
01f5
01f5
01f6
01f6
01f6
01f6
01f6
01f6
01f6
01f6
01f7
01f7
01f7
01f7
01f7
01f7
01f7
01f7
01f7
01f8
01f8
01f8
01f8
01f8
01f8
01f8
01f8
01f9
01f9
01f9
01f9
01f9
01f9
01f9
01f9
01fa
01fa
01fa
01fa
01fa
01fa
01fa
01fa
01fb
01fb
01fb
01fb
01fb
01fb
01fb
01fb
01fc
01fc
01fc
01fc
01fc
01fc
01fc
01fc
01fd
01fd
01fd
01fd
01fd
01fd
01fd
01fd
01fe
01fe
01fe
01fe
01fe
01fe
01fe
01fe
01ff
01ff
01ff
01ff
01ff
01ff
01ff
01ff
0200
0200
0200
0200
0200
0200
0200
0200
0201
0201
0201
0201
0201
0201
0201
0201
0202
0202
0202
0202
0202
0202
0202
0202
0203
0203
0203
0203
0203
0203
0203
0203
0204
0204
0204
0204
0204
0204
0204
0204
0205
0205
0205
0205
0205
0205
0205
0205
0206
0206
0206
0206
0206
0206
0206
0206
0207
0207
0207
0207
0207
0207
0207
0207
0208
0208
0208
0208
0208
0208
0208
0208
0209
0209
0209
0209
0209
0209
0209
020a
020a
020a
020a
020a
020a
020a
020a
020b
020b
020b
020b
020b
020b
020b
020b
020c
020c
020c
020c
020c
020c
020c
020c
020d
020d
020d
020d
020d
020d
020d
020d
020e
020e
020e
020e
020e
020e
020e
020f
020f
020f
020f
020f
020f
020f
020f
0210
0210
0210
0210
0210
0210
0210
0210
0211
0211
0211
0211
0211
0211
0211
0211
0212
0212
0212
0212
0212
0212
0212
0213
0213
0213
0213
0213
0213
0213
0213
0214
0214
0214
0214
0214
0214
0214
0214
0215
0215
0215
0215
0215
0215
0215
0215
0216
0216
0216
0216
0216
0216
0216
0217
0217
0217
0217
0217
0217
0217
0217
0218
0218
0218
0218
0218
0218
0218
0218
0219
0219
0219
0219
0219
0219
0219
021a
021a
021a
021a
021a
021a
021a
021a
021b
021b
021b
021b
021b
021b
021b
021c
021c
021c
021c
021c
021c
021c
021c
021d
021d
021d
021d
021d
021d
021d
021d
021e
021e
021e
021e
021e
021e
021e
021f
021f
021f
021f
021f
021f
021f
021f
0220
0220
0220
0220
0220
0220
0220
0221
0221
0221
0221
0221
0221
0221
0221
0222
0222
0222
0222
0222
0222
0222
0223
0223
0223
0223
0223
0223
0223
0223
0224
0224
0224
0224
0224
0224
0224
0225
0225
0225
0225
0225
0225
0225
0225
0226
0226
0226
0226
0226
0226
0226
0227
0227
0227
0227
0227
0227
0227
0227
0228
0228
0228
0228
0228
0228
0228
0229
0229
0229
0229
0229
0229
0229
022a
022a
022a
022a
022a
022a
022a
022a
022b
022b
022b
022b
022b
022b
022b
022c
022c
022c
022c
022c
022c
022c
022d
022d
022d
022d
022d
022d
022d
022d
022e
022e
022e
022e
022e
022e
022e
022f
022f
022f
022f
022f
022f
022f
022f
0230
0230
0230
0230
0230
0230
0230
0231
0231
0231
0231
0231
0231
0231
0232
0232
0232
0232
0232
0232
0232
0233
0233
0233
0233
0233
0233
0233
0233
0234
0234
0234
0234
0234
0234
0234
0235
0235
0235
0235
0235
0235
0235
0236
0236
0236
0236
0236
0236
0236
0237
0237
0237
0237
0237
0237
0237
0237
0238
0238
0238
0238
0238
0238
0238
0239
0239
0239
0239
0239
0239
0239
023a
023a
023a
023a
023a
023a
023a
023b
023b
023b
023b
023b
023b
023b
023c
023c
023c
023c
023c
023c
023c
023c
023d
023d
023d
023d
023d
023d
023d
023e
023e
023e
023e
023e
023e
023e
023f
023f
023f
023f
023f
023f
023f
0240
0240
0240
0240
0240
0240
0240
0241
0241
0241
0241
0241
0241
0241
0242
0242
0242
0242
0242
0242
0242
0243
0243
0243
0243
0243
0243
0243
0244
0244
0244
0244
0244
0244
0244
0245
0245
0245
0245
0245
0245
0245
0246
0246
0246
0246
0246
0246
0246
0246
0247
0247
0247
0247
0247
0247
0247
0248
0248
0248
0248
0248
0248
0248
0249
0249
0249
0249
0249
0249
0249
024a
024a
024a
024a
024a
024a
024a
024b
024b
024b
024b
024b
024b
024b
024c
024c
024c
024c
024c
024c
024d
024d
024d
024d
024d
024d
024d
024e
024e
024e
024e
024e
024e
024e
024f
024f
024f
024f
024f
024f
024f
0250
0250
0250
0250
0250
0250
0250
0251
0251
0251
0251
0251
0251
0251
0252
0252
0252
0252
0252
0252
0252
0253
0253
0253
0253
0253
0253
0253
0254
0254
0254
0254
0254
0254
0254
0255
0255
0255
0255
0255
0255
0255
0256
0256
0256
0256
0256
0256
0256
0257
0257
0257
0257
0257
0257
0258
0258
0258
0258
0258
0258
0258
0259
0259
0259
0259
0259
0259
0259
025a
025a
025a
025a
025a
025a
025a
025b
025b
025b
025b
025b
025b
025b
025c
025c
025c
025c
025c
025c
025d
025d
025d
025d
025d
025d
025d
025e
025e
025e
025e
025e
025e
025e
025f
025f
025f
025f
025f
025f
025f
0260
0260
0260
0260
0260
0260
0261
0261
0261
0261
0261
0261
0261
0262
0262
0262
0262
0262
0262
0262
0263
0263
0263
0263
0263
0263
0263
0264
0264
0264
0264
0264
0264
0265
0265
0265
0265
0265
0265
0265
0266
0266
0266
0266
0266
0266
0266
0267
0267
0267
0267
0267
0267
0268
0268
0268
0268
0268
0268
0268
0269
0269
0269
0269
0269
0269
0269
026a
026a
026a
026a
026a
026a
026b
026b
026b
026b
026b
026b
026b
026c
026c
026c
026c
026c
026c
026d
026d
026d
026d
026d
026d
026d
026e
026e
026e
026e
026e
026e
026e
026f
026f
026f
026f
026f
026f
0270
0270
0270
0270
0270
0270
0270
0271
0271
0271
0271
0271
0271
0272
0272
0272
0272
0272
0272
0272
0273
0273
0273
0273
0273
0273
0274
0274
0274
0274
0274
0274
0274
0275
0275
0275
0275
0275
0275
0276
0276
0276
0276
0276
0276
0276
0277
0277
0277
0277
0277
0277
0278
0278
0278
0278
0278
0278
0278
0279
0279
0279
0279
0279
0279
027a
027a
027a
027a
027a
027a
027a
027b
027b
027b
027b
027b
027b
027c
027c
027c
027c
027c
027c
027c
027d
027d
027d
027d
027d
027d
027e
027e
027e
027e
027e
027e
027f
027f
027f
027f
027f
027f
027f
0280
0280
0280
0280
0280
0280
0281
0281
0281
0281
0281
0281
0281
0282
0282
0282
0282
0282
0282
0283
0283
0283
0283
0283
0283
0284
0284
0284
0284
0284
0284
0284
0285
0285
0285
0285
0285
0285
0286
0286
0286
0286
0286
0286
0287
0287
0287
0287
0287
0287
0287
0288
0288
0288
0288
0288
0288
0289
0289
0289
0289
0289
0289
028a
028a
028a
028a
028a
028a
028a
028b
028b
028b
028b
028b
028b
028c
028c
028c
028c
028c
028c
028d
028d
028d
028d
028d
028d
028d
028e
028e
028e
028e
028e
028e
028f
028f
028f
028f
028f
028f
0290
0290
0290
0290
0290
0290
0291
0291
0291
0291
0291
0291
0291
0292
0292
0292
0292
0292
0292
0293
0293
0293
0293
0293
0293
0294
0294
0294
0294
0294
0294
0295
0295
0295
0295
0295
0295
0296
0296
0296
0296
0296
0296
0296
0297
0297
0297
0297
0297
0297
0298
0298
0298
0298
0298
0298
0299
0299
0299
0299
0299
0299
029a
029a
029a
029a
029a
029a
029b
029b
029b
029b
029b
029b
029c
029c
029c
029c
029c
029c
029c
029d
029d
029d
029d
029d
029d
029e
029e
029e
029e
029e
029e
029f
029f
029f
029f
029f
029f
02a0
02a0
02a0
02a0
02a0
02a0
02a1
02a1
02a1
02a1
02a1
02a1
02a2
02a2
02a2
02a2
02a2
02a2
02a3
02a3
02a3
02a3
02a3
02a3
02a4
02a4
02a4
02a4
02a4
02a4
02a5
02a5
02a5
02a5
02a5
02a5
02a6
02a6
02a6
02a6
02a6
02a6
02a7
02a7
02a7
02a7
02a7
02a7
02a8
02a8
02a8
02a8
02a8
02a8
02a9
02a9
02a9
02a9
02a9
02a9
02aa
02aa
02aa
02aa
02aa
02aa
02ab
02ab
02ab
02ab
02ab
02ab
02ac
02ac
02ac
02ac
02ac
02ac
02ad
02ad
02ad
02ad
02ad
02ad
02ae
02ae
02ae
02ae
02ae
02ae
02af
02af
02af
02af
02af
02af
02b0
02b0
02b0
02b0
02b0
02b0
02b1
02b1
02b1
02b1
02b1
02b1
02b2
02b2
02b2
02b2
02b2
02b2
02b3
02b3
02b3
02b3
02b3
02b3
02b4
02b4
02b4
02b4
02b4
02b4
02b5
02b5
02b5
02b5
02b5
02b5
02b6
02b6
02b6
02b6
02b6
02b6
02b7
02b7
02b7
02b7
02b7
02b7
02b8
02b8
02b8
02b8
02b8
02b8
02b9
02b9
02b9
02b9
02b9
02b9
02ba
02ba
02ba
02ba
02ba
02bb
02bb
02bb
02bb
02bb
02bb
02bc
02bc
02bc
02bc
02bc
02bc
02bd
02bd
02bd
02bd
02bd
02bd
02be
02be
02be
02be
02be
02be
02bf
02bf
02bf
02bf
02bf
02bf
02c0
02c0
02c0
02c0
02c0
02c1
02c1
02c1
02c1
02c1
02c1
02c2
02c2
02c2
02c2
02c2
02c2
02c3
02c3
02c3
02c3
02c3
02c3
02c4
02c4
02c4
02c4
02c4
02c4
02c5
02c5
02c5
02c5
02c5
02c6
02c6
02c6
02c6
02c6
02c6
02c7
02c7
02c7
02c7
02c7
02c7
02c8
02c8
02c8
02c8
02c8
02c8
02c9
02c9
02c9
02c9
02c9
02ca
02ca
02ca
02ca
02ca
02ca
02cb
02cb
02cb
02cb
02cb
02cb
02cc
02cc
02cc
02cc
02cc
02cc
02cd
02cd
02cd
02cd
02cd
02ce
02ce
02ce
02ce
02ce
02ce
02cf
02cf
02cf
02cf
02cf
02cf
02d0
02d0
02d0
02d0
02d0
02d1
02d1
02d1
02d1
02d1
02d1
02d2
02d2
02d2
02d2
02d2
02d2
02d3
02d3
02d3
02d3
02d3
02d4
02d4
02d4
02d4
02d4
02d4
02d5
02d5
02d5
02d5
02d5
02d5
02d6
02d6
02d6
02d6
02d6
02d7
02d7
02d7
02d7
02d7
02d7
02d8
02d8
02d8
02d8
02d8
02d8
02d9
02d9
02d9
02d9
02d9
02da
02da
02da
02da
02da
02da
02db
02db
02db
02db
02db
02dc
02dc
02dc
02dc
02dc
02dc
02dd
02dd
02dd
02dd
02dd
02dd
02de
02de
02de
02de
02de
02df
02df
02df
02df
02df
02df
02e0
02e0
02e0
02e0
02e0
02e1
02e1
02e1
02e1
02e1
02e1
02e2
02e2
02e2
02e2
02e2
02e3
02e3
02e3
02e3
02e3
02e3
02e4
02e4
02e4
02e4
02e4
02e4
02e5
02e5
02e5
02e5
02e5
02e6
02e6
02e6
02e6
02e6
02e6
02e7
02e7
02e7
02e7
02e7
02e8
02e8
02e8
02e8
02e8
02e8
02e9
02e9
02e9
02e9
02e9
02ea
02ea
02ea
02ea
02ea
02ea
02eb
02eb
02eb
02eb
02eb
02ec
02ec
02ec
02ec
02ec
02ec
02ed
02ed
02ed
02ed
02ed
02ee
02ee
02ee
02ee
02ee
02ef
02ef
02ef
02ef
02ef
02ef
02f0
02f0
02f0
02f0
02f0
02f1
02f1
02f1
02f1
02f1
02f1
02f2
02f2
02f2
02f2
02f2
02f3
02f3
02f3
02f3
02f3
02f3
02f4
02f4
02f4
02f4
02f4
02f5
02f5
02f5
02f5
02f5
02f5
02f6
02f6
02f6
02f6
02f6
02f7
02f7
02f7
02f7
02f7
02f8
02f8
02f8
02f8
02f8
02f8
02f9
02f9
02f9
02f9
02f9
02fa
02fa
02fa
02fa
02fa
02fb
02fb
02fb
02fb
02fb
02fb
02fc
02fc
02fc
02fc
02fc
02fd
02fd
02fd
02fd
02fd
02fd
02fe
02fe
02fe
02fe
02fe
02ff
02ff
02ff
02ff
02ff
0300
0300
0300
0300
0300
0300
0301
0301
0301
0301
0301
0302
0302
0302
0302
0302
0303
0303
0303
0303
0303
0303
0304
0304
0304
0304
0304
0305
0305
0305
0305
0305
0306
0306
0306
0306
0306
0307
0307
0307
0307
0307
0307
0308
0308
0308
0308
0308
0309
0309
0309
0309
0309
030a
030a
030a
030a
030a
030a
030b
030b
030b
030b
030b
030c
030c
030c
030c
030c
030d
030d
030d
030d
030d
030e
030e
030e
030e
030e
030e
030f
030f
030f
030f
030f
0310
0310
0310
0310
0310
0311
0311
0311
0311
0311
0312
0312
0312
0312
0312
0313
0313
0313
0313
0313
0313
0314
0314
0314
0314
0314
0315
0315
0315
0315
0315
0316
0316
0316
0316
0316
0317
0317
0317
0317
0317
0318
0318
0318
0318
0318
0318
0319
0319
0319
0319
0319
031a
031a
031a
031a
031a
031b
031b
031b
031b
031b
031c
031c
031c
031c
031c
031d
031d
031d
031d
031d
031e
031e
031e
031e
031e
031f
031f
031f
031f
031f
031f
0320
0320
0320
0320
0320
0321
0321
0321
0321
0321
0322
0322
0322
0322
0322
0323
0323
0323
0323
0323
0324
0324
0324
0324
0324
0325
0325
0325
0325
0325
0326
0326
0326
0326
0326
0327
0327
0327
0327
0327
0328
0328
0328
0328
0328
0329
0329
0329
0329
0329
032a
032a
032a
032a
032a
032a
032b
032b
032b
032b
032b
032c
032c
032c
032c
032c
032d
032d
032d
032d
032d
032e
032e
032e
032e
032e
032f
032f
032f
032f
032f
0330
0330
0330
0330
0330
0331
0331
0331
0331
0331
0332
0332
0332
0332
0332
0333
0333
0333
0333
0333
0334
0334
0334
0334
0334
0335
0335
0335
0335
0335
0336
0336
0336
0336
0336
0337
0337
0337
0337
0337
0338
0338
0338
0338
0338
0339
0339
0339
0339
0339
033a
033a
033a
033a
033a
033b
033b
033b
033b
033b
033c
033c
033c
033c
033d
033d
033d
033d
033d
033e
033e
033e
033e
033e
033f
033f
033f
033f
033f
0340
0340
0340
0340
0340
0341
0341
0341
0341
0341
0342
0342
0342
0342
0342
0343
0343
0343
0343
0343
0344
0344
0344
0344
0344
0345
0345
0345
0345
0345
0346
0346
0346
0346
0346
0347
0347
0347
0347
0347
0348
0348
0348
0348
0349
0349
0349
0349
0349
034a
034a
034a
034a
034a
034b
034b
034b
034b
034b
034c
034c
034c
034c
034c
034d
034d
034d
034d
034d
034e
034e
034e
034e
034e
034f
034f
034f
034f
0350
0350
0350
0350
0350
0351
0351
0351
0351
0351
0352
0352
0352
0352
0352
0353
0353
0353
0353
0353
0354
0354
0354
0354
0355
0355
0355
0355
0355
0356
0356
0356
0356
0356
0357
0357
0357
0357
0357
0358
0358
0358
0358
0358
0359
0359
0359
0359
035a
035a
035a
035a
035a
035b
035b
035b
035b
035b
035c
035c
035c
035c
035c
035d
035d
035d
035d
035e
035e
035e
035e
035e
035f
035f
035f
035f
035f
0360
0360
0360
0360
0360
0361
0361
0361
0361
0362
0362
0362
0362
0362
0363
0363
0363
0363
0363
0364
0364
0364
0364
0364
0365
0365
0365
0365
0366
0366
0366
0366
0366
0367
0367
0367
0367
0367
0368
0368
0368
0368
0369
0369
0369
0369
0369
036a
036a
036a
036a
036a
036b
036b
036b
036b
036c
036c
036c
036c
036c
036d
036d
036d
036d
036d
036e
036e
036e
036e
036e
036f
036f
036f
036f
0370
0370
0370
0370
0370
0371
0371
0371
0371
0372
0372
0372
0372
0372
0373
0373
0373
0373
0373
0374
0374
0374
0374
0375
0375
0375
0375
0375
0376
0376
0376
0376
0376
0377
0377
0377
0377
0378
0378
0378
0378
0378
0379
0379
0379
0379
037a
037a
037a
037a
037a
037b
037b
037b
037b
037b
037c
037c
037c
037c
037d
037d
037d
037d
037d
037e
037e
037e
037e
037f
037f
037f
037f
037f
0380
0380
0380
0380
0380
0381
0381
0381
0381
0382
0382
0382
0382
0382
0383
0383
0383
0383
0384
0384
0384
0384
0384
0385
0385
0385
0385
0386
0386
0386
0386
0386
0387
0387
0387
0387
0388
0388
0388
0388
0388
0389
0389
0389
0389
038a
038a
038a
038a
038a
038b
038b
038b
038b
038b
038c
038c
038c
038c
038d
038d
038d
038d
038d
038e
038e
038e
038e
038f
038f
038f
038f
038f
0390
0390
0390
0390
0391
0391
0391
0391
0391
0392
0392
0392
0392
0393
0393
0393
0393
0394
0394
0394
0394
0394
0395
0395
0395
0395
0396
0396
0396
0396
0396
0397
0397
0397
0397
0398
0398
0398
0398
0398
0399
0399
0399
0399
039a
039a
039a
039a
039a
039b
039b
039b
039b
039c
039c
039c
039c
039c
039d
039d
039d
039d
039e
039e
039e
039e
039f
039f
039f
039f
039f
03a0
03a0
03a0
03a0
03a1
03a1
03a1
03a1
03a1
03a2
03a2
03a2
03a2
03a3
03a3
03a3
03a3
03a4
03a4
03a4
03a4
03a4
03a5
03a5
03a5
03a5
03a6
03a6
03a6
03a6
03a6
03a7
03a7
03a7
03a7
03a8
03a8
03a8
03a8
03a9
03a9
03a9
03a9
03a9
03aa
03aa
03aa
03aa
03ab
03ab
03ab
03ab
03ac
03ac
03ac
03ac
03ac
03ad
03ad
03ad
03ad
03ae
03ae
03ae
03ae
03ae
03af
03af
03af
03af
03b0
03b0
03b0
03b0
03b1
03b1
03b1
03b1
03b1
03b2
03b2
03b2
03b2
03b3
03b3
03b3
03b3
03b4
03b4
03b4
03b4
03b4
03b5
03b5
03b5
03b5
03b6
03b6
03b6
03b6
03b7
03b7
03b7
03b7
03b8
03b8
03b8
03b8
03b8
03b9
03b9
03b9
03b9
03ba
03ba
03ba
03ba
03bb
03bb
03bb
03bb
03bb
03bc
03bc
03bc
03bc
03bd
03bd
03bd
03bd
03be
03be
03be
03be
03bf
03bf
03bf
03bf
03bf
03c0
03c0
03c0
03c0
03c1
03c1
03c1
03c1
03c2
03c2
03c2
03c2
03c2
03c3
03c3
03c3
03c3
03c4
03c4
03c4
03c4
03c5
03c5
03c5
03c5
03c6
03c6
03c6
03c6
03c6
03c7
03c7
03c7
03c7
03c8
03c8
03c8
03c8
03c9
03c9
03c9
03c9
03ca
03ca
03ca
03ca
03cb
03cb
03cb
03cb
03cb
03cc
03cc
03cc
03cc
03cd
03cd
03cd
03cd
03ce
03ce
03ce
03ce
03cf
03cf
03cf
03cf
03d0
03d0
03d0
03d0
03d0
03d1
03d1
03d1
03d1
03d2
03d2
03d2
03d2
03d3
03d3
03d3
03d3
03d4
03d4
03d4
03d4
03d5
03d5
03d5
03d5
03d5
03d6
03d6
03d6
03d6
03d7
03d7
03d7
03d7
03d8
03d8
03d8
03d8
03d9
03d9
03d9
03d9
03da
03da
03da
03da
03db
03db
03db
03db
03db
03dc
03dc
03dc
03dc
03dd
03dd
03dd
03dd
03de
03de
03de
03de
03df
03df
03df
03df
03e0
03e0
03e0
03e0
03e1
03e1
03e1
03e1
03e2
03e2
03e2
03e2
03e2
03e3
03e3
03e3
03e3
03e4
03e4
03e4
03e4
03e5
03e5
03e5
03e5
03e6
03e6
03e6
03e6
03e7
03e7
03e7
03e7
03e8
03e8
03e8
03e8
03e9
03e9
03e9
03e9
03ea
03ea
03ea
03ea
03eb
03eb
03eb
03eb
03ec
03ec
03ec
03ec
03ed
03ed
03ed
03ed
03ed
03ee
03ee
03ee
03ee
03ef
03ef
03ef
03ef
03f0
03f0
03f0
03f0
03f1
03f1
03f1
03f1
03f2
03f2
03f2
03f2
03f3
03f3
03f3
03f3
03f4
03f4
03f4
03f4
03f5
03f5
03f5
03f5
03f6
03f6
03f6
03f6
03f7
03f7
03f7
03f7
03f8
03f8
03f8
03f8
03f9
03f9
03f9
03f9
03fa
03fa
03fa
03fa
03fb
03fb
03fb
03fb
03fc
03fc
03fc
03fc
03fd
03fd
03fd
03fd
03fe
03fe
03fe
03fe
03ff
03ff
03ff
03ff
0400
0400
0400
0400
0401
0401
0401
0401
0402
0402
0402
0402
0403
0403
0403
0403
0404
0404
0404
0404
0405
0405
0405
0405
0406
0406
0406
0406
0407
0407
0407
0407
0408
0408
0408
0408
0409
0409
0409
0409
040a
040a
040a
040a
040b
040b
040b
040b
040c
040c
040c
040c
040d
040d
040d
040d
040e
040e
040e
040e
040f
040f
040f
040f
0410
0410
0410
0410
0411
0411
0411
0411
0412
0412
0412
0412
0413
0413
0413
0413
0414
0414
0414
0415
0415
0415
0415
0416
0416
0416
0416
0417
0417
0417
0417
0418
0418
0418
0418
0419
0419
0419
0419
041a
041a
041a
041a
041b
041b
041b
041b
041c
041c
041c
041c
041d
041d
041d
041d
041e
041e
041e
041f
041f
041f
041f
0420
0420
0420
0420
0421
0421
0421
0421
0422
0422
0422
0422
0423
0423
0423
0423
0424
0424
0424
0424
0425
0425
0425
0425
0426
0426
0426
0427
0427
0427
0427
0428
0428
0428
0428
0429
0429
0429
0429
042a
042a
042a
042a
042b
042b
042b
042b
042c
042c
042c
042d
042d
042d
042d
042e
042e
042e
042e
042f
042f
042f
042f
0430
0430
0430
0430
0431
0431
0431
0431
0432
0432
0432
0433
0433
0433
0433
0434
0434
0434
0434
0435
0435
0435
0435
0436
0436
0436
0436
0437
0437
0437
0438
0438
0438
0438
0439
0439
0439
0439
043a
043a
043a
043a
043b
043b
043b
043b
043c
043c
043c
043d
043d
043d
043d
043e
043e
043e
043e
043f
043f
043f
043f
0440
0440
0440
0441
0441
0441
0441
0442
0442
0442
0442
0443
0443
0443
0443
0444
0444
0444
0445
0445
0445
0445
0446
0446
0446
0446
0447
0447
0447
0447
0448
0448
0448
0449
0449
0449
0449
044a
044a
044a
044a
044b
044b
044b
044b
044c
044c
044c
044d
044d
044d
044d
044e
044e
044e
044e
044f
044f
044f
0450
0450
0450
0450
0451
0451
0451
0451
0452
0452
0452
0452
0453
0453
0453
0454
0454
0454
0454
0455
0455
0455
0455
0456
0456
0456
0457
0457
0457
0457
0458
0458
0458
0458
0459
0459
0459
045a
045a
045a
045a
045b
045b
045b
045b
045c
045c
045c
045d
045d
045d
045d
045e
045e
045e
045e
045f
045f
045f
0460
0460
0460
0460
0461
0461
0461
0461
0462
0462
0462
0463
0463
0463
0463
0464
0464
0464
0464
0465
0465
0465
0466
0466
0466
0466
0467
0467
0467
0467
0468
0468
0468
0469
0469
0469
0469
046a
046a
046a
046a
046b
046b
046b
046c
046c
046c
046c
046d
046d
046d
046e
046e
046e
046e
046f
046f
046f
046f
0470
0470
0470
0471
0471
0471
0471
0472
0472
0472
0473
0473
0473
0473
0474
0474
0474
0474
0475
0475
0475
0476
0476
0476
0476
0477
0477
0477
0478
0478
0478
0478
0479
0479
0479
0479
047a
047a
047a
047b
047b
047b
047b
047c
047c
047c
047d
047d
047d
047d
047e
047e
047e
047f
047f
047f
047f
0480
0480
0480
0481
0481
0481
0481
0482
0482
0482
0482
0483
0483
0483
0484
0484
0484
0484
0485
0485
0485
0486
0486
0486
0486
0487
0487
0487
0488
0488
0488
0488
0489
0489
0489
048a
048a
048a
048a
048b
048b
048b
048c
048c
048c
048c
048d
048d
048d
048e
048e
048e
048e
048f
048f
048f
0490
0490
0490
0490
0491
0491
0491
0492
0492
0492
0492
0493
0493
0493
0494
0494
0494
0494
0495
0495
0495
0496
0496
0496
0496
0497
0497
0497
0498
0498
0498
0498
0499
0499
0499
049a
049a
049a
049a
049b
049b
049b
049c
049c
049c
049c
049d
049d
049d
049e
049e
049e
049e
049f
049f
049f
04a0
04a0
04a0
04a0
04a1
04a1
04a1
04a2
04a2
04a2
04a2
04a3
04a3
04a3
04a4
04a4
04a4
04a5
04a5
04a5
04a5
04a6
04a6
04a6
04a7
04a7
04a7
04a7
04a8
04a8
04a8
04a9
04a9
04a9
04a9
04aa
04aa
04aa
04ab
04ab
04ab
04ac
04ac
04ac
04ac
04ad
04ad
04ad
04ae
04ae
04ae
04ae
04af
04af
04af
04b0
04b0
04b0
04b0
04b1
04b1
04b1
04b2
04b2
04b2
04b3
04b3
04b3
04b3
04b4
04b4
04b4
04b5
04b5
04b5
04b5
04b6
04b6
04b6
04b7
04b7
04b7
04b8
04b8
04b8
04b8
04b9
04b9
04b9
04ba
04ba
04ba
04ba
04bb
04bb
04bb
04bc
04bc
04bc
04bd
04bd
04bd
04bd
04be
04be
04be
04bf
04bf
04bf
04c0
04c0
04c0
04c0
04c1
04c1
04c1
04c2
04c2
04c2
04c2
04c3
04c3
04c3
04c4
04c4
04c4
04c5
04c5
04c5
04c5
04c6
04c6
04c6
04c7
04c7
04c7
04c8
04c8
04c8
04c8
04c9
04c9
04c9
04ca
04ca
04ca
04cb
04cb
04cb
04cb
04cc
04cc
04cc
04cd
04cd
04cd
04ce
04ce
04ce
04ce
04cf
04cf
04cf
04d0
04d0
04d0
04d1
04d1
04d1
04d1
04d2
04d2
04d2
04d3
04d3
04d3
04d4
04d4
04d4
04d4
04d5
04d5
04d5
04d6
04d6
04d6
04d7
04d7
04d7
04d7
04d8
04d8
04d8
04d9
04d9
04d9
04da
04da
04da
04db
04db
04db
04db
04dc
04dc
04dc
04dd
04dd
04dd
04de
04de
04de
04de
04df
04df
04df
04e0
04e0
04e0
04e1
04e1
04e1
04e2
04e2
04e2
04e2
04e3
04e3
04e3
04e4
04e4
04e4
04e5
04e5
04e5
04e5
04e6
04e6
04e6
04e7
04e7
04e7
04e8
04e8
04e8
04e9
04e9
04e9
04e9
04ea
04ea
04ea
04eb
04eb
04eb
04ec
04ec
04ec
04ed
04ed
04ed
04ed
04ee
04ee
04ee
04ef
04ef
04ef
04f0
04f0
04f0
04f1
04f1
04f1
04f1
04f2
04f2
04f2
04f3
04f3
04f3
04f4
04f4
04f4
04f5
04f5
04f5
04f6
04f6
04f6
04f6
04f7
04f7
04f7
04f8
04f8
04f8
04f9
04f9
04f9
04fa
04fa
04fa
04fa
04fb
04fb
04fb
04fc
04fc
04fc
04fd
04fd
04fd
04fe
04fe
04fe
04ff
04ff
04ff
04ff
0500
0500
0500
0501
0501
0501
0502
0502
0502
0503
0503
0503
0504
0504
0504
0504
0505
0505
0505
0506
0506
0506
0507
0507
0507
0508
0508
0508
0509
0509
0509
0509
050a
050a
050a
050b
050b
050b
050c
050c
050c
050d
050d
050d
050e
050e
050e
050f
050f
050f
050f
0510
0510
0510
0511
0511
0511
0512
0512
0512
0513
0513
0513
0514
0514
0514
0515
0515
0515
0516
0516
0516
0516
0517
0517
0517
0518
0518
0518
0519
0519
0519
051a
051a
051a
051b
051b
051b
051c
051c
051c
051d
051d
051d
051d
051e
051e
051e
051f
051f
051f
0520
0520
0520
0521
0521
0521
0522
0522
0522
0523
0523
0523
0524
0524
0524
0525
0525
0525
0525
0526
0526
0526
0527
0527
0527
0528
0528
0528
0529
0529
0529
052a
052a
052a
052b
052b
052b
052c
052c
052c
052d
052d
052d
052e
052e
052e
052f
052f
052f
0530
0530
0530
0530
0531
0531
0531
0532
0532
0532
0533
0533
0533
0534
0534
0534
0535
0535
0535
0536
0536
0536
0537
0537
0537
0538
0538
0538
0539
0539
0539
053a
053a
053a
053b
053b
053b
053c
053c
053c
053d
053d
053d
053e
053e
053e
053e
053f
053f
053f
0540
0540
0540
0541
0541
0541
0542
0542
0542
0543
0543
0543
0544
0544
0544
0545
0545
0545
0546
0546
0546
0547
0547
0547
0548
0548
0548
0549
0549
0549
054a
054a
054a
054b
054b
054b
054c
054c
054c
054d
054d
054d
054e
054e
054e
054f
054f
054f
0550
0550
0550
0551
0551
0551
0552
0552
0552
0553
0553
0553
0554
0554
0554
0555
0555
0555
0556
0556
0556
0557
0557
0557
0558
0558
0558
0559
0559
0559
055a
055a
055a
055b
055b
055b
055c
055c
055c
055d
055d
055d
055e
055e
055e
055f
055f
055f
0560
0560
0560
0561
0561
0561
0562
0562
0562
0563
0563
0563
0564
0564
0564
0565
0565
0565
0566
0566
0566
0567
0567
0567
0568
0568
0568
0569
0569
0569
056a
056a
056a
056b
056b
056b
056c
056c
056c
056d
056d
056e
056e
056e
056f
056f
056f
0570
0570
0570
0571
0571
0571
0572
0572
0572
0573
0573
0573
0574
0574
0574
0575
0575
0575
0576
0576
0576
0577
0577
0577
0578
0578
0578
0579
0579
0579
057a
057a
057a
057b
057b
057b
057c
057c
057d
057d
057d
057e
057e
057e
057f
057f
057f
0580
0580
0580
0581
0581
0581
0582
0582
0582
0583
0583
0583
0584
0584
0584
0585
0585
0585
0586
0586
0587
0587
0587
0588
0588
0588
0589
0589
0589
058a
058a
058a
058b
058b
058b
058c
058c
058c
058d
058d
058d
058e
058e
058e
058f
058f
0590
0590
0590
0591
0591
0591
0592
0592
0592
0593
0593
0593
0594
0594
0594
0595
0595
0595
0596
0596
0596
0597
0597
0598
0598
0598
0599
0599
0599
059a
059a
059a
059b
059b
059b
059c
059c
059c
059d
059d
059d
059e
059e
059f
059f
059f
05a0
05a0
05a0
05a1
05a1
05a1
05a2
05a2
05a2
05a3
05a3
05a3
05a4
05a4
05a5
05a5
05a5
05a6
05a6
05a6
05a7
05a7
05a7
05a8
05a8
05a8
05a9
05a9
05a9
05aa
05aa
05ab
05ab
05ab
05ac
05ac
05ac
05ad
05ad
05ad
05ae
05ae
05ae
05af
05af
05af
05b0
05b0
05b1
05b1
05b1
05b2
05b2
05b2
05b3
05b3
05b3
05b4
05b4
05b4
05b5
05b5
05b6
05b6
05b6
05b7
05b7
05b7
05b8
05b8
05b8
05b9
05b9
05b9
05ba
05ba
05bb
05bb
05bb
05bc
05bc
05bc
05bd
05bd
05bd
05be
05be
05be
05bf
05bf
05c0
05c0
05c0
05c1
05c1
05c1
05c2
05c2
05c2
05c3
05c3
05c4
05c4
05c4
05c5
05c5
05c5
05c6
05c6
05c6
05c7
05c7
05c7
05c8
05c8
05c9
05c9
05c9
05ca
05ca
05ca
05cb
05cb
05cb
05cc
05cc
05cd
05cd
05cd
05ce
05ce
05ce
05cf
05cf
05cf
05d0
05d0
05d1
05d1
05d1
05d2
05d2
05d2
05d3
05d3
05d3
05d4
05d4
05d5
05d5
05d5
05d6
05d6
05d6
05d7
05d7
05d7
05d8
05d8
05d9
05d9
05d9
05da
05da
05da
05db
05db
05db
05dc
05dc
05dd
05dd
05dd
05de
05de
05de
05df
05df
05e0
05e0
05e0
05e1
05e1
05e1
05e2
05e2
05e2
05e3
05e3
05e4
05e4
05e4
05e5
05e5
05e5
05e6
05e6
05e7
05e7
05e7
05e8
05e8
05e8
05e9
05e9
05e9
05ea
05ea
05eb
05eb
05eb
05ec
05ec
05ec
05ed
05ed
05ee
05ee
05ee
05ef
05ef
05ef
05f0
05f0
05f1
05f1
05f1
05f2
05f2
05f2
05f3
05f3
05f3
05f4
05f4
05f5
05f5
05f5
05f6
05f6
05f6
05f7
05f7
05f8
05f8
05f8
05f9
05f9
05f9
05fa
05fa
05fb
05fb
05fb
05fc
05fc
05fc
05fd
05fd
05fe
05fe
05fe
05ff
05ff
05ff
0600
0600
0601
0601
0601
0602
0602
0602
0603
0603
0604
0604
0604
0605
0605
0605
0606
0606
0607
0607
0607
0608
0608
0608
0609
0609
060a
060a
060a
060b
060b
060b
060c
060c
060d
060d
060d
060e
060e
060e
060f
060f
0610
0610
0610
0611
0611
0612
0612
0612
0613
0613
0613
0614
0614
0615
0615
0615
0616
0616
0616
0617
0617
0618
0618
0618
0619
0619
061a
061a
061a
061b
061b
061b
061c
061c
061d
061d
061d
061e
061e
061e
061f
061f
0620
0620
0620
0621
0621
0622
0622
0622
0623
0623
0623
0624
0624
0625
0625
0625
0626
0626
0627
0627
0627
0628
0628
0628
0629
0629
062a
062a
062a
062b
062b
062c
062c
062c
062d
062d
062d
062e
062e
062f
062f
062f
0630
0630
0631
0631
0631
0632
0632
0632
0633
0633
0634
0634
0634
0635
0635
0636
0636
0636
0637
0637
0638
0638
0638
0639
0639
0639
063a
063a
063b
063b
063b
063c
063c
063d
063d
063d
063e
063e
063f
063f
063f
0640
0640
0640
0641
0641
0642
0642
0642
0643
0643
0644
0644
0644
0645
0645
0646
0646
0646
0647
0647
0648
0648
0648
0649
0649
064a
064a
064a
064b
064b
064b
064c
064c
064d
064d
064d
064e
064e
064f
064f
064f
0650
0650
0651
0651
0651
0652
0652
0653
0653
0653
0654
0654
0655
0655
0655
0656
0656
0657
0657
0657
0658
0658
0659
0659
0659
065a
065a
065a
065b
065b
065c
065c
065c
065d
065d
065e
065e
065e
065f
065f
0660
0660
0660
0661
0661
0662
0662
0662
0663
0663
0664
0664
0664
0665
0665
0666
0666
0666
0667
0667
0668
0668
0668
0669
0669
066a
066a
066a
066b
066b
066c
066c
066c
066d
066d
066e
066e
066e
066f
066f
0670
0670
0670
0671
0671
0672
0672
0672
0673
0673
0674
0674
0675
0675
0675
0676
0676
0677
0677
0677
0678
0678
0679
0679
0679
067a
067a
067b
067b
067b
067c
067c
067d
067d
067d
067e
067e
067f
067f
067f
0680
0680
0681
0681
0681
0682
0682
0683
0683
0684
0684
0684
0685
0685
0686
0686
0686
0687
0687
0688
0688
0688
0689
0689
068a
068a
068a
068b
068b
068c
068c
068c
068d
068d
068e
068e
068f
068f
068f
0690
0690
0691
0691
0691
0692
0692
0693
0693
0693
0694
0694
0695
0695
0696
0696
0696
0697
0697
0698
0698
0698
0699
0699
069a
069a
069a
069b
069b
069c
069c
069d
069d
069d
069e
069e
069f
069f
069f
06a0
06a0
06a1
06a1
06a1
06a2
06a2
06a3
06a3
06a4
06a4
06a4
06a5
06a5
06a6
06a6
06a6
06a7
06a7
06a8
06a8
06a9
06a9
06a9
06aa
06aa
06ab
06ab
06ab
06ac
06ac
06ad
06ad
06ae
06ae
06ae
06af
06af
06b0
06b0
06b0
06b1
06b1
06b2
06b2
06b3
06b3
06b3
06b4
06b4
06b5
06b5
06b6
06b6
06b6
06b7
06b7
06b8
06b8
06b8
06b9
06b9
06ba
06ba
06bb
06bb
06bb
06bc
06bc
06bd
06bd
06bd
06be
06be
06bf
06bf
06c0
06c0
06c0
06c1
06c1
06c2
06c2
06c3
06c3
06c3
06c4
06c4
06c5
06c5
06c6
06c6
06c6
06c7
06c7
06c8
06c8
06c8
06c9
06c9
06ca
06ca
06cb
06cb
06cb
06cc
06cc
06cd
06cd
06ce
06ce
06ce
06cf
06cf
06d0
06d0
06d1
06d1
06d1
06d2
06d2
06d3
06d3
06d4
06d4
06d4
06d5
06d5
06d6
06d6
06d7
06d7
06d7
06d8
06d8
06d9
06d9
06da
06da
06da
06db
06db
06dc
06dc
06dd
06dd
06dd
06de
06de
06df
06df
06e0
06e0
06e0
06e1
06e1
06e2
06e2
06e3
06e3
06e3
06e4
06e4
06e5
06e5
06e6
06e6
06e6
06e7
06e7
06e8
06e8
06e9
06e9
06e9
06ea
06ea
06eb
06eb
06ec
06ec
06ec
06ed
06ed
06ee
06ee
06ef
06ef
06ef
06f0
06f0
06f1
06f1
06f2
06f2
06f3
06f3
06f3
06f4
06f4
06f5
06f5
06f6
06f6
06f6
06f7
06f7
06f8
06f8
06f9
06f9
06f9
06fa
06fa
06fb
06fb
06fc
06fc
06fd
06fd
06fd
06fe
06fe
06ff
06ff
0700
0700
0700
0701
0701
0702
0702
0703
0703
0704
0704
0704
0705
0705
0706
0706
0707
0707
0707
0708
0708
0709
0709
070a
070a
070b
070b
070b
070c
070c
070d
070d
070e
070e
070f
070f
070f
0710
0710
0711
0711
0712
0712
0713
0713
0713
0714
0714
0715
0715
0716
0716
0716
0717
0717
0718
0718
0719
0719
071a
071a
071a
071b
071b
071c
071c
071d
071d
071e
071e
071e
071f
071f
0720
0720
0721
0721
0722
0722
0722
0723
0723
0724
0724
0725
0725
0726
0726
0727
0727
0727
0728
0728
0729
0729
072a
072a
072b
072b
072b
072c
072c
072d
072d
072e
072e
072f
072f
072f
0730
0730
0731
0731
0732
0732
0733
0733
0734
0734
0734
0735
0735
0736
0736
0737
0737
0738
0738
0738
0739
0739
073a
073a
073b
073b
073c
073c
073d
073d
073d
073e
073e
073f
073f
0740
0740
0741
0741
0742
0742
0742
0743
0743
0744
0744
0745
0745
0746
0746
0747
0747
0747
0748
0748
0749
0749
074a
074a
074b
074b
074c
074c
074c
074d
074d
074e
074e
074f
074f
0750
0750
0751
0751
0751
0752
0752
0753
0753
0754
0754
0755
0755
0756
0756
0756
0757
0757
0758
0758
0759
0759
075a
075a
075b
075b
075c
075c
075c
075d
075d
075e
075e
075f
075f
0760
0760
0761
0761
0762
0762
0762
0763
0763
0764
0764
0765
0765
0766
0766
0767
0767
0768
0768
0768
0769
0769
076a
076a
076b
076b
076c
076c
076d
076d
076e
076e
076e
076f
076f
0770
0770
0771
0771
0772
0772
0773
0773
0774
0774
0775
0775
0775
0776
0776
0777
0777
0778
0778
0779
0779
077a
077a
077b
077b
077c
077c
077c
077d
077d
077e
077e
077f
077f
0780
0780
0781
0781
0782
0782
0783
0783
0784
0784
0784
0785
0785
0786
0786
0787
0787
0788
0788
0789
0789
078a
078a
078b
078b
078c
078c
078c
078d
078d
078e
078e
078f
078f
0790
0790
0791
0791
0792
0792
0793
0793
0794
0794
0794
0795
0795
0796
0796
0797
0797
0798
0798
0799
0799
079a
079a
079b
079b
079c
079c
079d
079d
079e
079e
079e
079f
079f
07a0
07a0
07a1
07a1
07a2
07a2
07a3
07a3
07a4
07a4
07a5
07a5
07a6
07a6
07a7
07a7
07a8
07a8
07a8
07a9
07a9
07aa
07aa
07ab
07ab
07ac
07ac
07ad
07ad
07ae
07ae
07af
07af
07b0
07b0
07b1
07b1
07b2
07b2
07b3
07b3
07b4
07b4
07b4
07b5
07b5
07b6
07b6
07b7
07b7
07b8
07b8
07b9
07b9
07ba
07ba
07bb
07bb
07bc
07bc
07bd
07bd
07be
07be
07bf
07bf
07c0
07c0
07c1
07c1
07c2
07c2
07c3
07c3
07c3
07c4
07c4
07c5
07c5
07c6
07c6
07c7
07c7
07c8
07c8
07c9
07c9
07ca
07ca
07cb
07cb
07cc
07cc
07cd
07cd
07ce
07ce
07cf
07cf
07d0
07d0
07d1
07d1
07d2
07d2
07d3
07d3
07d4
07d4
07d5
07d5
07d6
07d6
07d6
07d7
07d7
07d8
07d8
07d9
07d9
07da
07da
07db
07db
07dc
07dc
07dd
07dd
07de
07de
07df
07df
07e0
07e0
07e1
07e1
07e2
07e2
07e3
07e3
07e4
07e4
07e5
07e5
07e6
07e6
07e7
07e7
07e8
07e8
07e9
07e9
07ea
07ea
07eb
07eb
07ec
07ec
07ed
07ed
07ee
07ee
07ef
07ef
07f0
07f0
07f1
07f1
07f2
07f2
07f3
07f3
07f4
07f4
07f5
07f5
07f6
07f6
07f7
07f7
07f8
07f8
07f9
07f9
07fa
07fa
07fb
07fb
07fc
07fc
07fd
07fd
07fe
07fe
07ff
07ff
0800
0800
0801
0801
0802
0802
0803
0803
0804
0804
0805
0805
0806
0806
0807
0807
0808
0808
0809
0809
080a
080a
080b
080b
080c
080c
080d
080d
080e
080e
080f
080f
0810
0810
0811
0811
0812
0812
0813
0813
0814
0814
0815
0815
0816
0816
0817
0817
0818
0818
0819
0819
081a
081a
081b
081b
081c
081c
081d
081d
081e
081e
081f
081f
0820
0820
0821
0821
0822
0822
0823
0823
0824
0824
0825
0825
0826
0826
0827
0827
0828
0828
0829
0829
082a
082b
082b
082c
082c
082d
082d
082e
082e
082f
082f
0830
0830
0831
0831
0832
0832
0833
0833
0834
0834
0835
0835
0836
0836
0837
0837
0838
0838
0839
0839
083a
083a
083b
083b
083c
083c
083d
083d
083e
083f
083f
0840
0840
0841
0841
0842
0842
0843
0843
0844
0844
0845
0845
0846
0846
0847
0847
0848
0848
0849
0849
084a
084a
084b
084b
084c
084c
084d
084d
084e
084f
084f
0850
0850
0851
0851
0852
0852
0853
0853
0854
0854
0855
0855
0856
0856
0857
0857
0858
0858
0859
0859
085a
085b
085b
085c
085c
085d
085d
085e
085e
085f
085f
0860
0860
0861
0861
0862
0862
0863
0863
0864
0864
0865
0866
0866
0867
0867
0868
0868
0869
0869
086a
086a
086b
086b
086c
086c
086d
086d
086e
086e
086f
086f
0870
0871
0871
0872
0872
0873
0873
0874
0874
0875
0875
0876
0876
0877
0877
0878
0878
0879
087a
087a
087b
087b
087c
087c
087d
087d
087e
087e
087f
087f
0880
0880
0881
0881
0882
0883
0883
0884
0884
0885
0885
0886
0886
0887
0887
0888
0888
0889
0889
088a
088b
088b
088c
088c
088d
088d
088e
088e
088f
088f
0890
0890
0891
0892
0892
0893
0893
0894
0894
0895
0895
0896
0896
0897
0897
0898
0898
0899
089a
089a
089b
089b
089c
089c
089d
089d
089e
089e
089f
089f
08a0
08a1
08a1
08a2
08a2
08a3
08a3
08a4
08a4
08a5
08a5
08a6
08a6
08a7
08a8
08a8
08a9
08a9
08aa
08aa
08ab
08ab
08ac
08ac
08ad
08ae
08ae
08af
08af
08b0
08b0
08b1
08b1
08b2
08b2
08b3
08b4
08b4
08b5
08b5
08b6
08b6
08b7
08b7
08b8
08b8
08b9
08b9
08ba
08bb
08bb
08bc
08bc
08bd
08bd
08be
08be
08bf
08bf
08c0
08c1
08c1
08c2
08c2
08c3
08c3
08c4
08c4
08c5
08c6
08c6
08c7
08c7
08c8
08c8
08c9
08c9
08ca
08ca
08cb
08cc
08cc
08cd
08cd
08ce
08ce
08cf
08cf
08d0
08d1
08d1
08d2
08d2
08d3
08d3
08d4
08d4
08d5
08d5
08d6
08d7
08d7
08d8
08d8
08d9
08d9
08da
08da
08db
08dc
08dc
08dd
08dd
08de
08de
08df
08df
08e0
08e1
08e1
08e2
08e2
08e3
08e3
08e4
08e4
08e5
08e6
08e6
08e7
08e7
08e8
08e8
08e9
08e9
08ea
08eb
08eb
08ec
08ec
08ed
08ed
08ee
08ee
08ef
08f0
08f0
08f1
08f1
08f2
08f2
08f3
08f3
08f4
08f5
08f5
08f6
08f6
08f7
08f7
08f8
08f9
08f9
08fa
08fa
08fb
08fb
08fc
08fc
08fd
08fe
08fe
08ff
08ff
0900
0900
0901
0902
0902
0903
0903
0904
0904
0905
0905
0906
0907
0907
0908
0908
0909
0909
090a
090b
090b
090c
090c
090d
090d
090e
090e
090f
0910
0910
0911
0911
0912
0912
0913
0914
0914
0915
0915
0916
0916
0917
0918
0918
0919
0919
091a
091a
091b
091c
091c
091d
091d
091e
091e
091f
0920
0920
0921
0921
0922
0922
0923
0924
0924
0925
0925
0926
0926
0927
0928
0928
0929
0929
092a
092a
092b
092c
092c
092d
092d
092e
092e
092f
0930
0930
0931
0931
0932
0932
0933
0934
0934
0935
0935
0936
0936
0937
0938
0938
0939
0939
093a
093a
093b
093c
093c
093d
093d
093e
093f
093f
0940
0940
0941
0941
0942
0943
0943
0944
0944
0945
0945
0946
0947
0947
0948
0948
0949
094a
094a
094b
094b
094c
094c
094d
094e
094e
094f
094f
0950
0951
0951
0952
0952
0953
0953
0954
0955
0955
0956
0956
0957
0958
0958
0959
0959
095a
095a
095b
095c
095c
095d
095d
095e
095f
095f
0960
0960
0961
0961
0962
0963
0963
0964
0964
0965
0966
0966
0967
0967
0968
0969
0969
096a
096a
096b
096b
096c
096d
096d
096e
096e
096f
0970
0970
0971
0971
0972
0973
0973
0974
0974
0975
0975
0976
0977
0977
0978
0978
0979
097a
097a
097b
097b
097c
097d
097d
097e
097e
097f
0980
0980
0981
0981
0982
0983
0983
0984
0984
0985
0985
0986
0987
0987
0988
0988
0989
098a
098a
098b
098b
098c
098d
098d
098e
098e
098f
0990
0990
0991
0991
0992
0993
0993
0994
0994
0995
0996
0996
0997
0997
0998
0999
0999
099a
099a
099b
099c
099c
099d
099d
099e
099f
099f
09a0
09a0
09a1
09a2
09a2
09a3
09a3
09a4
09a5
09a5
09a6
09a6
09a7
09a8
09a8
09a9
09a9
09aa
09ab
09ab
09ac
09ac
09ad
09ae
09ae
09af
09b0
09b0
09b1
09b1
09b2
09b3
09b3
09b4
09b4
09b5
09b6
09b6
09b7
09b7
09b8
09b9
09b9
09ba
09ba
09bb
09bc
09bc
09bd
09bd
09be
09bf
09bf
09c0
09c1
09c1
09c2
09c2
09c3
09c4
09c4
09c5
09c5
09c6
09c7
09c7
09c8
09c8
09c9
09ca
09ca
09cb
09cc
09cc
09cd
09cd
09ce
09cf
09cf
09d0
09d0
09d1
09d2
09d2
09d3
09d3
09d4
09d5
09d5
09d6
09d7
09d7
09d8
09d8
09d9
09da
09da
09db
09db
09dc
09dd
09dd
09de
09df
09df
09e0
09e0
09e1
09e2
09e2
09e3
09e3
09e4
09e5
09e5
09e6
09e7
09e7
09e8
09e8
09e9
09ea
09ea
09eb
09ec
09ec
09ed
09ed
09ee
09ef
09ef
09f0
09f1
09f1
09f2
09f2
09f3
09f4
09f4
09f5
09f5
09f6
09f7
09f7
09f8
09f9
09f9
09fa
09fa
09fb
09fc
09fc
09fd
09fe
09fe
09ff
09ff
0a00
0a01
0a01
0a02
0a03
0a03
0a04
0a04
0a05
0a06
0a06
0a07
0a08
0a08
0a09
0a09
0a0a
0a0b
0a0b
0a0c
0a0d
0a0d
0a0e
0a0f
0a0f
0a10
0a10
0a11
0a12
0a12
0a13
0a14
0a14
0a15
0a15
0a16
0a17
0a17
0a18
0a19
0a19
0a1a
0a1a
0a1b
0a1c
0a1c
0a1d
0a1e
0a1e
0a1f
0a20
0a20
0a21
0a21
0a22
0a23
0a23
0a24
0a25
0a25
0a26
0a26
0a27
0a28
0a28
0a29
0a2a
0a2a
0a2b
0a2c
0a2c
0a2d
0a2d
0a2e
0a2f
0a2f
0a30
0a31
0a31
0a32
0a33
0a33
0a34
0a34
0a35
0a36
0a36
0a37
0a38
0a38
0a39
0a3a
0a3a
0a3b
0a3c
0a3c
0a3d
0a3d
0a3e
0a3f
0a3f
0a40
0a41
0a41
0a42
0a43
0a43
0a44
0a44
0a45
0a46
0a46
0a47
0a48
0a48
0a49
0a4a
0a4a
0a4b
0a4c
0a4c
0a4d
0a4d
0a4e
0a4f
0a4f
0a50
0a51
0a51
0a52
0a53
0a53
0a54
0a55
0a55
0a56
0a57
0a57
0a58
0a58
0a59
0a5a
0a5a
0a5b
0a5c
0a5c
0a5d
0a5e
0a5e
0a5f
0a60
0a60
0a61
0a62
0a62
0a63
0a63
0a64
0a65
0a65
0a66
0a67
0a67
0a68
0a69
0a69
0a6a
0a6b
0a6b
0a6c
0a6d
0a6d
0a6e
0a6f
0a6f
0a70
0a70
0a71
0a72
0a72
0a73
0a74
0a74
0a75
0a76
0a76
0a77
0a78
0a78
0a79
0a7a
0a7a
0a7b
0a7c
0a7c
0a7d
0a7e
0a7e
0a7f
0a80
0a80
0a81
0a82
0a82
0a83
0a83
0a84
0a85
0a85
0a86
0a87
0a87
0a88
0a89
0a89
0a8a
0a8b
0a8b
0a8c
0a8d
0a8d
0a8e
0a8f
0a8f
0a90
0a91
0a91
0a92
0a93
0a93
0a94
0a95
0a95
0a96
0a97
0a97
0a98
0a99
0a99
0a9a
0a9b
0a9b
0a9c
0a9d
0a9d
0a9e
0a9f
0a9f
0aa0
0aa1
0aa1
0aa2
0aa3
0aa3
0aa4
0aa5
0aa5
0aa6
0aa7
0aa7
0aa8
0aa9
0aa9
0aaa
0aab
0aab
0aac
0aad
0aad
0aae
0aaf
0aaf
0ab0
0ab1
0ab1
0ab2
0ab3
0ab3
0ab4
0ab5
0ab5
0ab6
0ab7
0ab7
0ab8
0ab9
0ab9
0aba
0abb
0abb
0abc
0abd
0abd
0abe
0abf
0abf
0ac0
0ac1
0ac1
0ac2
0ac3
0ac3
0ac4
0ac5
0ac5
0ac6
0ac7
0ac7
0ac8
0ac9
0ac9
0aca
0acb
0acb
0acc
0acd
0acd
0ace
0acf
0acf
0ad0
0ad1
0ad1
0ad2
0ad3
0ad3
0ad4
0ad5
0ad6
0ad6
0ad7
0ad8
0ad8
0ad9
0ada
0ada
0adb
0adc
0adc
0add
0ade
0ade
0adf
0ae0
0ae0
0ae1
0ae2
0ae2
0ae3
0ae4
0ae4
0ae5
0ae6
0ae7
0ae7
0ae8
0ae9
0ae9
0aea
0aeb
0aeb
0aec
0aed
0aed
0aee
0aef
0aef
0af0
0af1
0af1
0af2
0af3
0af3
0af4
0af5
0af6
0af6
0af7
0af8
0af8
0af9
0afa
0afa
0afb
0afc
0afc
0afd
0afe
0afe
0aff
0b00
0b01
0b01
0b02
0b03
0b03
0b04
0b05
0b05
0b06
0b07
0b07
0b08
0b09
0b09
0b0a
0b0b
0b0c
0b0c
0b0d
0b0e
0b0e
0b0f
0b10
0b10
0b11
0b12
0b12
0b13
0b14
0b15
0b15
0b16
0b17
0b17
0b18
0b19
0b19
0b1a
0b1b
0b1b
0b1c
0b1d
0b1e
0b1e
0b1f
0b20
0b20
0b21
0b22
0b22
0b23
0b24
0b24
0b25
0b26
0b27
0b27
0b28
0b29
0b29
0b2a
0b2b
0b2b
0b2c
0b2d
0b2e
0b2e
0b2f
0b30
0b30
0b31
0b32
0b32
0b33
0b34
0b35
0b35
0b36
0b37
0b37
0b38
0b39
0b39
0b3a
0b3b
0b3c
0b3c
0b3d
0b3e
0b3e
0b3f
0b40
0b40
0b41
0b42
0b43
0b43
0b44
0b45
0b45
0b46
0b47
0b48
0b48
0b49
0b4a
0b4a
0b4b
0b4c
0b4c
0b4d
0b4e
0b4f
0b4f
0b50
0b51
0b51
0b52
0b53
0b54
0b54
0b55
0b56
0b56
0b57
0b58
0b58
0b59
0b5a
0b5b
0b5b
0b5c
0b5d
0b5d
0b5e
0b5f
0b60
0b60
0b61
0b62
0b62
0b63
0b64
0b65
0b65
0b66
0b67
0b67
0b68
0b69
0b6a
0b6a
0b6b
0b6c
0b6c
0b6d
0b6e
0b6f
0b6f
0b70
0b71
0b71
0b72
0b73
0b74
0b74
0b75
0b76
0b76
0b77
0b78
0b79
0b79
0b7a
0b7b
0b7b
0b7c
0b7d
0b7e
0b7e
0b7f
0b80
0b80
0b81
0b82
0b83
0b83
0b84
0b85
0b86
0b86
0b87
0b88
0b88
0b89
0b8a
0b8b
0b8b
0b8c
0b8d
0b8d
0b8e
0b8f
0b90
0b90
0b91
0b92
0b93
0b93
0b94
0b95
0b95
0b96
0b97
0b98
0b98
0b99
0b9a
0b9a
0b9b
0b9c
0b9d
0b9d
0b9e
0b9f
0ba0
0ba0
0ba1
0ba2
0ba2
0ba3
0ba4
0ba5
0ba5
0ba6
0ba7
0ba8
0ba8
0ba9
0baa
0baa
0bab
0bac
0bad
0bad
0bae
0baf
0bb0
0bb0
0bb1
0bb2
0bb3
0bb3
0bb4
0bb5
0bb5
0bb6
0bb7
0bb8
0bb8
0bb9
0bba
0bbb
0bbb
0bbc
0bbd
0bbd
0bbe
0bbf
0bc0
0bc0
0bc1
0bc2
0bc3
0bc3
0bc4
0bc5
0bc6
0bc6
0bc7
0bc8
0bc9
0bc9
0bca
0bcb
0bcb
0bcc
0bcd
0bce
0bce
0bcf
0bd0
0bd1
0bd1
0bd2
0bd3
0bd4
0bd4
0bd5
0bd6
0bd7
0bd7
0bd8
0bd9
0bda
0bda
0bdb
0bdc
0bdc
0bdd
0bde
0bdf
0bdf
0be0
0be1
0be2
0be2
0be3
0be4
0be5
0be5
0be6
0be7
0be8
0be8
0be9
0bea
0beb
0beb
0bec
0bed
0bee
0bee
0bef
0bf0
0bf1
0bf1
0bf2
0bf3
0bf4
0bf4
0bf5
0bf6
0bf7
0bf7
0bf8
0bf9
0bfa
0bfa
0bfb
0bfc
0bfd
0bfd
0bfe
0bff
0c00
0c00
0c01
0c02
0c03
0c03
0c04
0c05
0c06
0c06
0c07
0c08
0c09
0c09
0c0a
0c0b
0c0c
0c0c
0c0d
0c0e
0c0f
0c0f
0c10
0c11
0c12
0c12
0c13
0c14
0c15
0c15
0c16
0c17
0c18
0c18
0c19
0c1a
0c1b
0c1b
0c1c
0c1d
0c1e
0c1e
0c1f
0c20
0c21
0c21
0c22
0c23
0c24
0c24
0c25
0c26
0c27
0c28
0c28
0c29
0c2a
0c2b
0c2b
0c2c
0c2d
0c2e
0c2e
0c2f
0c30
0c31
0c31
0c32
0c33
0c34
0c34
0c35
0c36
0c37
0c38
0c38
0c39
0c3a
0c3b
0c3b
0c3c
0c3d
0c3e
0c3e
0c3f
0c40
0c41
0c41
0c42
0c43
0c44
0c45
0c45
0c46
0c47
0c48
0c48
0c49
0c4a
0c4b
0c4b
0c4c
0c4d
0c4e
0c4e
0c4f
0c50
0c51
0c52
0c52
0c53
0c54
0c55
0c55
0c56
0c57
0c58
0c59
0c59
0c5a
0c5b
0c5c
0c5c
0c5d
0c5e
0c5f
0c5f
0c60
0c61
0c62
0c63
0c63
0c64
0c65
0c66
0c66
0c67
0c68
0c69
0c6a
0c6a
0c6b
0c6c
0c6d
0c6d
0c6e
0c6f
0c70
0c71
0c71
0c72
0c73
0c74
0c74
0c75
0c76
0c77
0c78
0c78
0c79
0c7a
0c7b
0c7b
0c7c
0c7d
0c7e
0c7f
0c7f
0c80
0c81
0c82
0c82
0c83
0c84
0c85
0c86
0c86
0c87
0c88
0c89
0c89
0c8a
0c8b
0c8c
0c8d
0c8d
0c8e
0c8f
0c90
0c91
0c91
0c92
0c93
0c94
0c94
0c95
0c96
0c97
0c98
0c98
0c99
0c9a
0c9b
0c9c
0c9c
0c9d
0c9e
0c9f
0ca0
0ca0
0ca1
0ca2
0ca3
0ca3
0ca4
0ca5
0ca6
0ca7
0ca7
0ca8
0ca9
0caa
0cab
0cab
0cac
0cad
0cae
0caf
0caf
0cb0
0cb1
0cb2
0cb3
0cb3
0cb4
0cb5
0cb6
0cb6
0cb7
0cb8
0cb9
0cba
0cba
0cbb
0cbc
0cbd
0cbe
0cbe
0cbf
0cc0
0cc1
0cc2
0cc2
0cc3
0cc4
0cc5
0cc6
0cc6
0cc7
0cc8
0cc9
0cca
0cca
0ccb
0ccc
0ccd
0cce
0cce
0ccf
0cd0
0cd1
0cd2
0cd2
0cd3
0cd4
0cd5
0cd6
0cd6
0cd7
0cd8
0cd9
0cda
0cda
0cdb
0cdc
0cdd
0cde
0cde
0cdf
0ce0
0ce1
0ce2
0ce2
0ce3
0ce4
0ce5
0ce6
0ce6
0ce7
0ce8
0ce9
0cea
0ceb
0ceb
0cec
0ced
0cee
0cef
0cef
0cf0
0cf1
0cf2
0cf3
0cf3
0cf4
0cf5
0cf6
0cf7
0cf7
0cf8
0cf9
0cfa
0cfb
0cfc
0cfc
0cfd
0cfe
0cff
0d00
0d00
0d01
0d02
0d03
0d04
0d04
0d05
0d06
0d07
0d08
0d09
0d09
0d0a
0d0b
0d0c
0d0d
0d0d
0d0e
0d0f
0d10
0d11
0d12
0d12
0d13
0d14
0d15
0d16
0d16
0d17
0d18
0d19
0d1a
0d1b
0d1b
0d1c
0d1d
0d1e
0d1f
0d1f
0d20
0d21
0d22
0d23
0d24
0d24
0d25
0d26
0d27
0d28
0d28
0d29
0d2a
0d2b
0d2c
0d2d
0d2d
0d2e
0d2f
0d30
0d31
0d32
0d32
0d33
0d34
0d35
0d36
0d36
0d37
0d38
0d39
0d3a
0d3b
0d3b
0d3c
0d3d
0d3e
0d3f
0d40
0d40
0d41
0d42
0d43
0d44
0d45
0d45
0d46
0d47
0d48
0d49
0d4a
0d4a
0d4b
0d4c
0d4d
0d4e
0d4e
0d4f
0d50
0d51
0d52
0d53
0d53
0d54
0d55
0d56
0d57
0d58
0d58
0d59
0d5a
0d5b
0d5c
0d5d
0d5e
0d5e
0d5f
0d60
0d61
0d62
0d63
0d63
0d64
0d65
0d66
0d67
0d68
0d68
0d69
0d6a
0d6b
0d6c
0d6d
0d6d
0d6e
0d6f
0d70
0d71
0d72
0d72
0d73
0d74
0d75
0d76
0d77
0d77
0d78
0d79
0d7a
0d7b
0d7c
0d7d
0d7d
0d7e
0d7f
0d80
0d81
0d82
0d82
0d83
0d84
0d85
0d86
0d87
0d88
0d88
0d89
0d8a
0d8b
0d8c
0d8d
0d8d
0d8e
0d8f
0d90
0d91
0d92
0d93
0d93
0d94
0d95
0d96
0d97
0d98
0d98
0d99
0d9a
0d9b
0d9c
0d9d
0d9e
0d9e
0d9f
0da0
0da1
0da2
0da3
0da4
0da4
0da5
0da6
0da7
0da8
0da9
0daa
0daa
0dab
0dac
0dad
0dae
0daf
0daf
0db0
0db1
0db2
0db3
0db4
0db5
0db5
0db6
0db7
0db8
0db9
0dba
0dbb
0dbb
0dbc
0dbd
0dbe
0dbf
0dc0
0dc1
0dc2
0dc2
0dc3
0dc4
0dc5
0dc6
0dc7
0dc8
0dc8
0dc9
0dca
0dcb
0dcc
0dcd
0dce
0dce
0dcf
0dd0
0dd1
0dd2
0dd3
0dd4
0dd4
0dd5
0dd6
0dd7
0dd8
0dd9
0dda
0ddb
0ddb
0ddc
0ddd
0dde
0ddf
0de0
0de1
0de1
0de2
0de3
0de4
0de5
0de6
0de7
0de8
0de8
0de9
0dea
0deb
0dec
0ded
0dee
0dee
0def
0df0
0df1
0df2
0df3
0df4
0df5
0df5
0df6
0df7
0df8
0df9
0dfa
0dfb
0dfc
0dfc
0dfd
0dfe
0dff
0e00
0e01
0e02
0e03
0e03
0e04
0e05
0e06
0e07
0e08
0e09
0e0a
0e0a
0e0b
0e0c
0e0d
0e0e
0e0f
0e10
0e11
0e11
0e12
0e13
0e14
0e15
0e16
0e17
0e18
0e19
0e19
0e1a
0e1b
0e1c
0e1d
0e1e
0e1f
0e20
0e20
0e21
0e22
0e23
0e24
0e25
0e26
0e27
0e28
0e28
0e29
0e2a
0e2b
0e2c
0e2d
0e2e
0e2f
0e30
0e30
0e31
0e32
0e33
0e34
0e35
0e36
0e37
0e38
0e38
0e39
0e3a
0e3b
0e3c
0e3d
0e3e
0e3f
0e40
0e40
0e41
0e42
0e43
0e44
0e45
0e46
0e47
0e48
0e48
0e49
0e4a
0e4b
0e4c
0e4d
0e4e
0e4f
0e50
0e50
0e51
0e52
0e53
0e54
0e55
0e56
0e57
0e58
0e59
0e59
0e5a
0e5b
0e5c
0e5d
0e5e
0e5f
0e60
0e61
0e62
0e62
0e63
0e64
0e65
0e66
0e67
0e68
0e69
0e6a
0e6b
0e6b
0e6c
0e6d
0e6e
0e6f
0e70
0e71
0e72
0e73
0e74
0e74
0e75
0e76
0e77
0e78
0e79
0e7a
0e7b
0e7c
0e7d
0e7d
0e7e
0e7f
0e80
0e81
0e82
0e83
0e84
0e85
0e86
0e87
0e87
0e88
0e89
0e8a
0e8b
0e8c
0e8d
0e8e
0e8f
0e90
0e91
0e91
0e92
0e93
0e94
0e95
0e96
0e97
0e98
0e99
0e9a
0e9b
0e9b
0e9c
0e9d
0e9e
0e9f
0ea0
0ea1
0ea2
0ea3
0ea4
0ea5
0ea6
0ea6
0ea7
0ea8
0ea9
0eaa
0eab
0eac
0ead
0eae
0eaf
0eb0
0eb1
0eb1
0eb2
0eb3
0eb4
0eb5
0eb6
0eb7
0eb8
0eb9
0eba
0ebb
0ebc
0ebc
0ebd
0ebe
0ebf
0ec0
0ec1
0ec2
0ec3
0ec4
0ec5
0ec6
0ec7
0ec8
0ec8
0ec9
0eca
0ecb
0ecc
0ecd
0ece
0ecf
0ed0
0ed1
0ed2
0ed3
0ed4
0ed5
0ed5
0ed6
0ed7
0ed8
0ed9
0eda
0edb
0edc
0edd
0ede
0edf
0ee0
0ee1
0ee2
0ee2
0ee3
0ee4
0ee5
0ee6
0ee7
0ee8
0ee9
0eea
0eeb
0eec
0eed
0eee
0eef
0eef
0ef0
0ef1
0ef2
0ef3
0ef4
0ef5
0ef6
0ef7
0ef8
0ef9
0efa
0efb
0efc
0efd
0efe
0efe
0eff
0f00
0f01
0f02
0f03
0f04
0f05
0f06
0f07
0f08
0f09
0f0a
0f0b
0f0c
0f0d
0f0d
0f0e
0f0f
0f10
0f11
0f12
0f13
0f14
0f15
0f16
0f17
0f18
0f19
0f1a
0f1b
0f1c
0f1d
0f1e
0f1e
0f1f
0f20
0f21
0f22
0f23
0f24
0f25
0f26
0f27
0f28
0f29
0f2a
0f2b
0f2c
0f2d
0f2e
0f2f
0f2f
0f30
0f31
0f32
0f33
0f34
0f35
0f36
0f37
0f38
0f39
0f3a
0f3b
0f3c
0f3d
0f3e
0f3f
0f40
0f41
0f42
0f43
0f43
0f44
0f45
0f46
0f47
0f48
0f49
0f4a
0f4b
0f4c
0f4d
0f4e
0f4f
0f50
0f51
0f52
0f53
0f54
0f55
0f56
0f57
0f58
0f59
0f59
0f5a
0f5b
0f5c
0f5d
0f5e
0f5f
0f60
0f61
0f62
0f63
0f64
0f65
0f66
0f67
0f68
0f69
0f6a
0f6b
0f6c
0f6d
0f6e
0f6f
0f70
0f71
0f72
0f73
0f73
0f74
0f75
0f76
0f77
0f78
0f79
0f7a
0f7b
0f7c
0f7d
0f7e
0f7f
0f80
0f81
0f82
0f83
0f84
0f85
0f86
0f87
0f88
0f89
0f8a
0f8b
0f8c
0f8d
0f8e
0f8f
0f90
0f91
0f92
0f92
0f93
0f94
0f95
0f96
0f97
0f98
0f99
0f9a
0f9b
0f9c
0f9d
0f9e
0f9f
0fa0
0fa1
0fa2
0fa3
0fa4
0fa5
0fa6
0fa7
0fa8
0fa9
0faa
0fab
0fac
0fad
0fae
0faf
0fb0
0fb1
0fb2
0fb3
0fb4
0fb5
0fb6
0fb7
0fb8
0fb9
0fba
0fbb
0fbc
0fbd
0fbe
0fbf
0fc0
0fc0
0fc1
0fc2
0fc3
0fc4
0fc5
0fc6
0fc7
0fc8
0fc9
0fca
0fcb
0fcc
0fcd
0fce
0fcf
0fd0
0fd1
0fd2
0fd3
0fd4
0fd5
0fd6
0fd7
0fd8
0fd9
0fda
0fdb
0fdc
0fdd
0fde
0fdf
0fe0
0fe1
0fe2
0fe3
0fe4
0fe5
0fe6
0fe7
0fe8
0fe9
0fea
0feb
0fec
0fed
0fee
0fef
0ff0
0ff1
0ff2
0ff3
0ff4
0ff5
0ff6
0ff7
0ff8
0ff9
0ffa
0ffb
0ffc
0ffd
0ffe
0fff
1000
1001
1002
1003
1004
1005
1006
1007
1008
1009
100a
100b
100c
100d
100e
100f
1010
1011
1012
1013
1014
1015
1016
1017
1018
1019
101a
101b
101c
101d
101e
101f
1020
1021
1022
1023
1024
1025
1026
1027
1028
1029
102a
102b
102c
102d
102e
102f
1030
1031
1032
1033
1034
1035
1036
1037
1038
1039
103a
103b
103c
103d
103e
103f
1041
1042
1043
1044
1045
1046
1047
1048
1049
104a
104b
104c
104d
104e
104f
1050
1051
1052
1053
1054
1055
1056
1057
1058
1059
105a
105b
105c
105d
105e
105f
1060
1061
1062
1063
1064
1065
1066
1067
1068
1069
106a
106b
106c
106d
106e
106f
1071
1072
1073
1074
1075
1076
1077
1078
1079
107a
107b
107c
107d
107e
107f
1080
1081
1082
1083
1084
1085
1086
1087
1088
1089
108a
108b
108c
108d
108e
108f
1090
1092
1093
1094
1095
1096
1097
1098
1099
109a
109b
109c
109d
109e
109f
10a0
10a1
10a2
10a3
10a4
10a5
10a6
10a7
10a8
10a9
10aa
10ab
10ad
10ae
10af
10b0
10b1
10b2
10b3
10b4
10b5
10b6
10b7
10b8
10b9
10ba
10bb
10bc
10bd
10be
10bf
10c0
10c1
10c2
10c4
10c5
10c6
10c7
10c8
10c9
10ca
10cb
10cc
10cd
10ce
10cf
10d0
10d1
10d2
10d3
10d4
10d5
10d6
10d7
10d9
10da
10db
10dc
10dd
10de
10df
10e0
10e1
10e2
10e3
10e4
10e5
10e6
10e7
10e8
10e9
10ea
10ec
10ed
10ee
10ef
10f0
10f1
10f2
10f3
10f4
10f5
10f6
10f7
10f8
10f9
10fa
10fb
10fc
10fe
10ff
1100
1101
1102
1103
1104
1105
1106
1107
1108
1109
110a
110b
110c
110d
110f
1110
1111
1112
1113
1114
1115
1116
1117
1118
1119
111a
111b
111c
111e
111f
1120
1121
1122
1123
1124
1125
1126
1127
1128
1129
112a
112b
112d
112e
112f
1130
1131
1132
1133
1134
1135
1136
1137
1138
1139
113a
113c
113d
113e
113f
1140
1141
1142
1143
1144
1145
1146
1147
1149
114a
114b
114c
114d
114e
114f
1150
1151
1152
1153
1154
1155
1157
1158
1159
115a
115b
115c
115d
115e
115f
1160
1161
1163
1164
1165
1166
1167
1168
1169
116a
116b
116c
116d
116e
1170
1171
1172
1173
1174
1175
1176
1177
1178
1179
117a
117c
117d
117e
117f
1180
1181
1182
1183
1184
1185
1187
1188
1189
118a
118b
118c
118d
118e
118f
1190
1191
1193
1194
1195
1196
1197
1198
1199
119a
119b
119c
119e
119f
11a0
11a1
11a2
11a3
11a4
11a5
11a6
11a7
11a9
11aa
11ab
11ac
11ad
11ae
11af
11b0
11b1
11b3
11b4
11b5
11b6
11b7
11b8
11b9
11ba
11bb
11bd
11be
11bf
11c0
11c1
11c2
11c3
11c4
11c5
11c6
11c8
11c9
11ca
11cb
11cc
11cd
11ce
11cf
11d1
11d2
11d3
11d4
11d5
11d6
11d7
11d8
11d9
11db
11dc
11dd
11de
11df
11e0
11e1
11e2
11e3
11e5
11e6
11e7
11e8
11e9
11ea
11eb
11ec
11ee
11ef
11f0
11f1
11f2
11f3
11f4
11f5
11f7
11f8
11f9
11fa
11fb
11fc
11fd
11fe
1200
1201
1202
1203
1204
1205
1206
1207
1209
120a
120b
120c
120d
120e
120f
1210
1212
1213
1214
1215
1216
1217
1218
1219
121b
121c
121d
121e
121f
1220
1221
1223
1224
1225
1226
1227
1228
1229
122a
122c
122d
122e
122f
1230
1231
1232
1234
1235
1236
1237
1238
1239
123a
123c
123d
123e
123f
1240
1241
1242
1243
1245
1246
1247
1248
1249
124a
124b
124d
124e
124f
1250
1251
1252
1254
1255
1256
1257
1258
1259
125a
125c
125d
125e
125f
1260
1261
1262
1264
1265
1266
1267
1268
1269
126a
126c
126d
126e
126f
1270
1271
1273
1274
1275
1276
1277
1278
1279
127b
127c
127d
127e
127f
1280
1282
1283
1284
1285
1286
1287
1288
128a
128b
128c
128d
128e
128f
1291
1292
1293
1294
1295
1296
1298
1299
129a
129b
129c
129d
129f
12a0
12a1
12a2
12a3
12a4
12a6
12a7
12a8
12a9
12aa
12ab
12ad
12ae
12af
12b0
12b1
12b2
12b4
12b5
12b6
12b7
12b8
12b9
12bb
12bc
12bd
12be
12bf
12c0
12c2
12c3
12c4
12c5
12c6
12c7
12c9
12ca
12cb
12cc
12cd
12ce
12d0
12d1
12d2
12d3
12d4
12d6
12d7
12d8
12d9
12da
12db
12dd
12de
12df
12e0
12e1
12e3
12e4
12e5
12e6
12e7
12e8
12ea
12eb
12ec
12ed
12ee
12f0
12f1
12f2
12f3
12f4
12f5
12f7
12f8
12f9
12fa
12fb
12fd
12fe
12ff
1300
1301
1302
1304
1305
1306
1307
1308
130a
130b
130c
130d
130e
1310
1311
1312
1313
1314
1316
1317
1318
1319
131a
131c
131d
131e
131f
1320
1321
1323
1324
1325
1326
1327
1329
132a
132b
132c
132d
132f
1330
1331
1332
1333
1335
1336
1337
1338
1339
133b
133c
133d
133e
133f
1341
1342
1343
1344
1345
1347
1348
1349
134a
134c
134d
134e
134f
1350
1352
1353
1354
1355
1356
1358
1359
135a
135b
135c
135e
135f
1360
1361
1362
1364
1365
1366
1367
1369
136a
136b
136c
136d
136f
1370
1371
1372
1373
1375
1376
1377
1378
137a
137b
137c
137d
137e
1380
1381
1382
1383
1385
1386
1387
1388
1389
138b
138c
138d
138e
1390
1391
1392
1393
1394
1396
1397
1398
1399
139b
139c
139d
139e
139f
13a1
13a2
13a3
13a4
13a6
13a7
13a8
13a9
13aa
13ac
13ad
13ae
13af
13b1
13b2
13b3
13b4
13b6
13b7
13b8
13b9
13ba
13bc
13bd
13be
13bf
13c1
13c2
13c3
13c4
13c6
13c7
13c8
13c9
13cb
13cc
13cd
13ce
13cf
13d1
13d2
13d3
13d4
13d6
13d7
13d8
13d9
13db
13dc
13dd
13de
13e0
13e1
13e2
13e3
13e5
13e6
13e7
13e8
13ea
13eb
13ec
13ed
13ef
13f0
13f1
13f2
13f4
13f5
13f6
13f7
13f9
13fa
13fb
13fc
13fe
13ff
1400
1401
1403
1404
1405
1406
1408
1409
140a
140b
140d
140e
140f
1410
1412
1413
1414
1415
1417
1418
1419
141a
141c
141d
141e
141f
1421
1422
1423
1424
1426
1427
1428
1429
142b
142c
142d
142e
1430
1431
1432
1434
1435
1436
1437
1439
143a
143b
143c
143e
143f
1440
1441
1443
1444
1445
1446
1448
1449
144a
144c
144d
144e
144f
1451
1452
1453
1454
1456
1457
1458
145a
145b
145c
145d
145f
1460
1461
1462
1464
1465
1466
1468
1469
146a
146b
146d
146e
146f
1470
1472
1473
1474
1476
1477
1478
1479
147b
147c
147d
147f
1480
1481
1482
1484
1485
1486
1488
1489
148a
148b
148d
148e
148f
1491
1492
1493
1494
1496
1497
1498
149a
149b
149c
149d
149f
14a0
14a1
14a3
14a4
14a5
14a6
14a8
14a9
14aa
14ac
14ad
14ae
14af
14b1
14b2
14b3
14b5
14b6
14b7
14b9
14ba
14bb
14bc
14be
14bf
14c0
14c2
14c3
14c4
14c5
14c7
14c8
14c9
14cb
14cc
14cd
14cf
14d0
14d1
14d2
14d4
14d5
14d6
14d8
14d9
14da
14dc
14dd
14de
14df
14e1
14e2
14e3
14e5
14e6
14e7
14e9
14ea
14eb
14ed
14ee
14ef
14f0
14f2
14f3
14f4
14f6
14f7
14f8
14fa
14fb
14fc
14fe
14ff
1500
1502
1503
1504
1505
1507
1508
1509
150b
150c
150d
150f
1510
1511
1513
1514
1515
1517
1518
1519
151b
151c
151d
151e
1520
1521
1522
1524
1525
1526
1528
1529
152a
152c
152d
152e
1530
1531
1532
1534
1535
1536
1538
1539
153a
153c
153d
153e
1540
1541
1542
1544
1545
1546
1548
1549
154a
154c
154d
154e
1550
1551
1552
1554
1555
1556
1558
1559
155a
155c
155d
155e
1560
1561
1562
1564
1565
1566
1568
1569
156a
156c
156d
156e
1570
1571
1572
1574
1575
1576
1578
1579
157a
157c
157d
157e
1580
1581
1582
1584
1585
1586
1588
1589
158a
158c
158d
158f
1590
1591
1593
1594
1595
1597
1598
1599
159b
159c
159d
159f
15a0
15a1
15a3
15a4
15a5
15a7
15a8
15aa
15ab
15ac
15ae
15af
15b0
15b2
15b3
15b4
15b6
15b7
15b8
15ba
15bb
15bd
15be
15bf
15c1
15c2
15c3
15c5
15c6
15c7
15c9
15ca
15cb
15cd
15ce
15d0
15d1
15d2
15d4
15d5
15d6
15d8
15d9
15da
15dc
15dd
15df
15e0
15e1
15e3
15e4
15e5
15e7
15e8
15ea
15eb
15ec
15ee
15ef
15f0
15f2
15f3
15f4
15f6
15f7
15f9
15fa
15fb
15fd
15fe
15ff
1601
1602
1604
1605
1606
1608
1609
160a
160c
160d
160f
1610
1611
1613
1614
1616
1617
1618
161a
161b
161c
161e
161f
1621
1622
1623
1625
1626
1627
1629
162a
162c
162d
162e
1630
1631
1633
1634
1635
1637
1638
163a
163b
163c
163e
163f
1640
1642
1643
1645
1646
1647
1649
164a
164c
164d
164e
1650
1651
1653
1654
1655
1657
1658
165a
165b
165c
165e
165f
1661
1662
1663
1665
1666
1668
1669
166a
166c
166d
166f
1670
1671
1673
1674
1676
1677
1678
167a
167b
167d
167e
167f
1681
1682
1684
1685
1686
1688
1689
168b
168c
168d
168f
1690
1692
1693
1695
1696
1697
1699
169a
169c
169d
169e
16a0
16a1
16a3
16a4
16a5
16a7
16a8
16aa
16ab
16ad
16ae
16af
16b1
16b2
16b4
16b5
16b6
16b8
16b9
16bb
16bc
16be
16bf
16c0
16c2
16c3
16c5
16c6
16c8
16c9
16ca
16cc
16cd
16cf
16d0
16d2
16d3
16d4
16d6
16d7
16d9
16da
16dc
16dd
16de
16e0
16e1
16e3
16e4
16e6
16e7
16e8
16ea
16eb
16ed
16ee
16f0
16f1
16f2
16f4
16f5
16f7
16f8
16fa
16fb
16fc
16fe
16ff
1701
1702
1704
1705
1707
1708
1709
170b
170c
170e
170f
1711
1712
1713
1715
1716
1718
1719
171b
171c
171e
171f
1720
1722
1723
1725
1726
1728
1729
172b
172c
172e
172f
1730
1732
1733
1735
1736
1738
1739
173b
173c
173d
173f
1740
1742
1743
1745
1746
1748
1749
174b
174c
174d
174f
1750
1752
1753
1755
1756
1758
1759
175b
175c
175e
175f
1760
1762
1763
1765
1766
1768
1769
176b
176c
176e
176f
1771
1772
1773
1775
1776
1778
1779
177b
177c
177e
177f
1781
1782
1784
1785
1787
1788
1789
178b
178c
178e
178f
1791
1792
1794
1795
1797
1798
179a
179b
179d
179e
17a0
17a1
17a3
17a4
17a5
17a7
17a8
17aa
17ab
17ad
17ae
17b0
17b1
17b3
17b4
17b6
17b7
17b9
17ba
17bc
17bd
17bf
17c0
17c2
17c3
17c5
17c6
17c8
17c9
17cb
17cc
17ce
17cf
17d1
17d2
17d3
17d5
17d6
17d8
17d9
17db
17dc
17de
17df
17e1
17e2
17e4
17e5
17e7
17e8
17ea
17eb
17ed
17ee
17f0
17f1
17f3
17f4
17f6
17f7
17f9
17fa
17fc
17fd
17ff
1800
1802
1803
1805
1806
1808
1809
180b
180c
180e
180f
1811
1812
1814
1815
1817
1818
181a
181b
181d
181e
1820
1821
1823
1824
1826
1827
1829
182a
182c
182d
182f
1831
1832
1834
1835
1837
1838
183a
183b
183d
183e
1840
1841
1843
1844
1846
1847
1849
184a
184c
184d
184f
1850
1852
1853
1855
1856
1858
1859
185b
185d
185e
1860
1861
1863
1864
1866
1867
1869
186a
186c
186d
186f
1870
1872
1873
1875
1876
1878
187a
187b
187d
187e
1880
1881
1883
1884
1886
1887
1889
188a
188c
188d
188f
1890
1892
1894
1895
1897
1898
189a
189b
189d
189e
18a0
18a1
18a3
18a4
18a6
18a8
18a9
18ab
18ac
18ae
18af
18b1
18b2
18b4
18b5
18b7
18b9
18ba
18bc
18bd
18bf
18c0
18c2
18c3
18c5
18c6
18c8
18ca
18cb
18cd
18ce
18d0
18d1
18d3
18d4
18d6
18d8
18d9
18db
18dc
18de
18df
18e1
18e2
18e4
18e6
18e7
18e9
18ea
18ec
18ed
18ef
18f0
18f2
18f4
18f5
18f7
18f8
18fa
18fb
18fd
18fe
1900
1902
1903
1905
1906
1908
1909
190b
190d
190e
1910
1911
1913
1914
1916
1917
1919
191b
191c
191e
191f
1921
1922
1924
1926
1927
1929
192a
192c
192d
192f
1931
1932
1934
1935
1937
1939
193a
193c
193d
193f
1940
1942
1944
1945
1947
1948
194a
194b
194d
194f
1950
1952
1953
1955
1957
1958
195a
195b
195d
195e
1960
1962
1963
1965
1966
1968
196a
196b
196d
196e
1970
1972
1973
1975
1976
1978
1979
197b
197d
197e
1980
1981
1983
1985
1986
1988
1989
198b
198d
198e
1990
1991
1993
1995
1996
1998
1999
199b
199d
199e
19a0
19a1
19a3
19a5
19a6
19a8
19a9
19ab
19ad
19ae
19b0
19b1
19b3
19b5
19b6
19b8
19b9
19bb
19bd
19be
19c0
19c2
19c3
19c5
19c6
19c8
19ca
19cb
19cd
19ce
19d0
19d2
19d3
19d5
19d6
19d8
19da
19db
19dd
19df
19e0
19e2
19e3
19e5
19e7
19e8
19ea
19eb
19ed
19ef
19f0
19f2
19f4
19f5
19f7
19f8
19fa
19fc
19fd
19ff
1a01
1a02
1a04
1a05
1a07
1a09
1a0a
1a0c
1a0e
1a0f
1a11
1a12
1a14
1a16
1a17
1a19
1a1b
1a1c
1a1e
1a20
1a21
1a23
1a24
1a26
1a28
1a29
1a2b
1a2d
1a2e
1a30
1a32
1a33
1a35
1a36
1a38
1a3a
1a3b
1a3d
1a3f
1a40
1a42
1a44
1a45
1a47
1a48
1a4a
1a4c
1a4d
1a4f
1a51
1a52
1a54
1a56
1a57
1a59
1a5b
1a5c
1a5e
1a60
1a61
1a63
1a64
1a66
1a68
1a69
1a6b
1a6d
1a6e
1a70
1a72
1a73
1a75
1a77
1a78
1a7a
1a7c
1a7d
1a7f
1a81
1a82
1a84
1a86
1a87
1a89
1a8b
1a8c
1a8e
1a8f
1a91
1a93
1a94
1a96
1a98
1a99
1a9b
1a9d
1a9e
1aa0
1aa2
1aa3
1aa5
1aa7
1aa8
1aaa
1aac
1aad
1aaf
1ab1
1ab2
1ab4
1ab6
1ab7
1ab9
1abb
1abc
1abe
1ac0
1ac1
1ac3
1ac5
1ac6
1ac8
1aca
1acc
1acd
1acf
1ad1
1ad2
1ad4
1ad6
1ad7
1ad9
1adb
1adc
1ade
1ae0
1ae1
1ae3
1ae5
1ae6
1ae8
1aea
1aeb
1aed
1aef
1af0
1af2
1af4
1af6
1af7
1af9
1afb
1afc
1afe
1b00
1b01
1b03
1b05
1b06
1b08
1b0a
1b0b
1b0d
1b0f
1b11
1b12
1b14
1b16
1b17
1b19
1b1b
1b1c
1b1e
1b20
1b21
1b23
1b25
1b27
1b28
1b2a
1b2c
1b2d
1b2f
1b31
1b32
1b34
1b36
1b38
1b39
1b3b
1b3d
1b3e
1b40
1b42
1b43
1b45
1b47
1b49
1b4a
1b4c
1b4e
1b4f
1b51
1b53
1b55
1b56
1b58
1b5a
1b5b
1b5d
1b5f
1b60
1b62
1b64
1b66
1b67
1b69
1b6b
1b6c
1b6e
1b70
1b72
1b73
1b75
1b77
1b78
1b7a
1b7c
1b7e
1b7f
1b81
1b83
1b85
1b86
1b88
1b8a
1b8b
1b8d
1b8f
1b91
1b92
1b94
1b96
1b97
1b99
1b9b
1b9d
1b9e
1ba0
1ba2
1ba4
1ba5
1ba7
1ba9
1baa
1bac
1bae
1bb0
1bb1
1bb3
1bb5
1bb7
1bb8
1bba
1bbc
1bbd
1bbf
1bc1
1bc3
1bc4
1bc6
1bc8
1bca
1bcb
1bcd
1bcf
1bd1
1bd2
1bd4
1bd6
1bd8
1bd9
1bdb
1bdd
1bdf
1be0
1be2
1be4
1be5
1be7
1be9
1beb
1bec
1bee
1bf0
1bf2
1bf3
1bf5
1bf7
1bf9
1bfa
1bfc
1bfe
1c00
1c01
1c03
1c05
1c07
1c08
1c0a
1c0c
1c0e
1c0f
1c11
1c13
1c15
1c16
1c18
1c1a
1c1c
1c1d
1c1f
1c21
1c23
1c25
1c26
1c28
1c2a
1c2c
1c2d
1c2f
1c31
1c33
1c34
1c36
1c38
1c3a
1c3b
1c3d
1c3f
1c41
1c42
1c44
1c46
1c48
1c4a
1c4b
1c4d
1c4f
1c51
1c52
1c54
1c56
1c58
1c59
1c5b
1c5d
1c5f
1c61
1c62
1c64
1c66
1c68
1c69
1c6b
1c6d
1c6f
1c71
1c72
1c74
1c76
1c78
1c79
1c7b
1c7d
1c7f
1c81
1c82
1c84
1c86
1c88
1c89
1c8b
1c8d
1c8f
1c91
1c92
1c94
1c96
1c98
1c9a
1c9b
1c9d
1c9f
1ca1
1ca2
1ca4
1ca6
1ca8
1caa
1cab
1cad
1caf
1cb1
1cb3
1cb4
1cb6
1cb8
1cba
1cbc
1cbd
1cbf
1cc1
1cc3
1cc5
1cc6
1cc8
1cca
1ccc
1cce
1ccf
1cd1
1cd3
1cd5
1cd7
1cd8
1cda
1cdc
1cde
1ce0
1ce1
1ce3
1ce5
1ce7
1ce9
1cea
1cec
1cee
1cf0
1cf2
1cf3
1cf5
1cf7
1cf9
1cfb
1cfd
1cfe
1d00
1d02
1d04
1d06
1d07
1d09
1d0b
1d0d
1d0f
1d10
1d12
1d14
1d16
1d18
1d1a
1d1b
1d1d
1d1f
1d21
1d23
1d24
1d26
1d28
1d2a
1d2c
1d2e
1d2f
1d31
1d33
1d35
1d37
1d39
1d3a
1d3c
1d3e
1d40
1d42
1d44
1d45
1d47
1d49
1d4b
1d4d
1d4e
1d50
1d52
1d54
1d56
1d58
1d59
1d5b
1d5d
1d5f
1d61
1d63
1d65
1d66
1d68
1d6a
1d6c
1d6e
1d70
1d71
1d73
1d75
1d77
1d79
1d7b
1d7c
1d7e
1d80
1d82
1d84
1d86
1d87
1d89
1d8b
1d8d
1d8f
1d91
1d93
1d94
1d96
1d98
1d9a
1d9c
1d9e
1da0
1da1
1da3
1da5
1da7
1da9
1dab
1dac
1dae
1db0
1db2
1db4
1db6
1db8
1db9
1dbb
1dbd
1dbf
1dc1
1dc3
1dc5
1dc7
1dc8
1dca
1dcc
1dce
1dd0
1dd2
1dd4
1dd5
1dd7
1dd9
1ddb
1ddd
1ddf
1de1
1de2
1de4
1de6
1de8
1dea
1dec
1dee
1df0
1df1
1df3
1df5
1df7
1df9
1dfb
1dfd
1dff
1e00
1e02
1e04
1e06
1e08
1e0a
1e0c
1e0e
1e0f
1e11
1e13
1e15
1e17
1e19
1e1b
1e1d
1e1e
1e20
1e22
1e24
1e26
1e28
1e2a
1e2c
1e2e
1e2f
1e31
1e33
1e35
1e37
1e39
1e3b
1e3d
1e3f
1e40
1e42
1e44
1e46
1e48
1e4a
1e4c
1e4e
1e50
1e51
1e53
1e55
1e57
1e59
1e5b
1e5d
1e5f
1e61
1e63
1e64
1e66
1e68
1e6a
1e6c
1e6e
1e70
1e72
1e74
1e76
1e77
1e79
1e7b
1e7d
1e7f
1e81
1e83
1e85
1e87
1e89
1e8b
1e8c
1e8e
1e90
1e92
1e94
1e96
1e98
1e9a
1e9c
1e9e
1ea0
1ea1
1ea3
1ea5
1ea7
1ea9
1eab
1ead
1eaf
1eb1
1eb3
1eb5
1eb7
1eb8
1eba
1ebc
1ebe
1ec0
1ec2
1ec4
1ec6
1ec8
1eca
1ecc
1ece
1ed0
1ed1
1ed3
1ed5
1ed7
1ed9
1edb
1edd
1edf
1ee1
1ee3
1ee5
1ee7
1ee9
1eeb
1eec
1eee
1ef0
1ef2
1ef4
1ef6
1ef8
1efa
1efc
1efe
1f00
1f02
1f04
1f06
1f08
1f0a
1f0b
1f0d
1f0f
1f11
1f13
1f15
1f17
1f19
1f1b
1f1d
1f1f
1f21
1f23
1f25
1f27
1f29
1f2b
1f2d
1f2e
1f30
1f32
1f34
1f36
1f38
1f3a
1f3c
1f3e
1f40
1f42
1f44
1f46
1f48
1f4a
1f4c
1f4e
1f50
1f52
1f54
1f56
1f57
1f59
1f5b
1f5d
1f5f
1f61
1f63
1f65
1f67
1f69
1f6b
1f6d
1f6f
1f71
1f73
1f75
1f77
1f79
1f7b
1f7d
1f7f
1f81
1f83
1f85
1f87
1f89
1f8b
1f8d
1f8f
1f91
1f92
1f94
1f96
1f98
1f9a
1f9c
1f9e
1fa0
1fa2
1fa4
1fa6
1fa8
1faa
1fac
1fae
1fb0
1fb2
1fb4
1fb6
1fb8
1fba
1fbc
1fbe
1fc0
1fc2
1fc4
1fc6
1fc8
1fca
1fcc
1fce
1fd0
1fd2
1fd4
1fd6
1fd8
1fda
1fdc
1fde
1fe0
1fe2
1fe4
1fe6
1fe8
1fea
1fec
1fee
1ff0
1ff2
1ff4
1ff6
1ff8
1ffa
1ffc
1ffe
2000
2002
2004
2006
2008
200a
200c
200e
2010
2012
2014
2016
2018
201a
201c
201e
2020
2022
2024
2026
2028
202a
202c
202e
2030
2032
2034
2036
2038
203a
203c
203e
2040
2042
2044
2046
2048
204a
204c
204e
2050
2052
2054
2056
2058
205a
205c
205e
2060
2062
2064
2066
2068
206a
206c
206e
2071
2073
2075
2077
2079
207b
207d
207f
2081
2083
2085
2087
2089
208b
208d
208f
2091
2093
2095
2097
2099
209b
209d
209f
20a1
20a3
20a5
20a7
20a9
20ac
20ae
20b0
20b2
20b4
20b6
20b8
20ba
20bc
20be
20c0
20c2
20c4
20c6
20c8
20ca
20cc
20ce
20d0
20d2
20d4
20d6
20d9
20db
20dd
20df
20e1
20e3
20e5
20e7
20e9
20eb
20ed
20ef
20f1
20f3
20f5
20f7
20f9
20fc
20fe
2100
2102
2104
2106
2108
210a
210c
210e
2110
2112
2114
2116
2118
211b
211d
211f
2121
2123
2125
2127
2129
212b
212d
212f
2131
2133
2135
2138
213a
213c
213e
2140
2142
2144
2146
2148
214a
214c
214e
2150
2153
2155
2157
2159
215b
215d
215f
2161
2163
2165
2167
2169
216c
216e
2170
2172
2174
2176
2178
217a
217c
217e
2180
2183
2185
2187
2189
218b
218d
218f
2191
2193
2195
2198
219a
219c
219e
21a0
21a2
21a4
21a6
21a8
21aa
21ad
21af
21b1
21b3
21b5
21b7
21b9
21bb
21bd
21c0
21c2
21c4
21c6
21c8
21ca
21cc
21ce
21d0
21d3
21d5
21d7
21d9
21db
21dd
21df
21e1
21e3
21e6
21e8
21ea
21ec
21ee
21f0
21f2
21f4
21f7
21f9
21fb
21fd
21ff
2201
2203
2205
2208
220a
220c
220e
2210
2212
2214
2216
2219
221b
221d
221f
2221
2223
2225
2228
222a
222c
222e
2230
2232
2234
2236
2239
223b
223d
223f
2241
2243
2245
2248
224a
224c
224e
2250
2252
2254
2257
2259
225b
225d
225f
2261
2263
2266
2268
226a
226c
226e
2270
2273
2275
2277
2279
227b
227d
227f
2282
2284
2286
2288
228a
228c
228f
2291
2293
2295
2297
2299
229c
229e
22a0
22a2
22a4
22a6
22a9
22ab
22ad
22af
22b1
22b3
22b6
22b8
22ba
22bc
22be
22c0
22c3
22c5
22c7
22c9
22cb
22cd
22d0
22d2
22d4
22d6
22d8
22da
22dd
22df
22e1
22e3
22e5
22e8
22ea
22ec
22ee
22f0
22f2
22f5
22f7
22f9
22fb
22fd
2300
2302
2304
2306
2308
230b
230d
230f
2311
2313
2316
2318
231a
231c
231e
2320
2323
2325
2327
2329
232b
232e
2330
2332
2334
2336
2339
233b
233d
233f
2341
2344
2346
2348
234a
234c
234f
2351
2353
2355
2358
235a
235c
235e
2360
2363
2365
2367
2369
236b
236e
2370
2372
2374
2377
2379
237b
237d
237f
2382
2384
2386
2388
238a
238d
238f
2391
2393
2396
2398
239a
239c
239e
23a1
23a3
23a5
23a7
23aa
23ac
23ae
23b0
23b3
23b5
23b7
23b9
23bb
23be
23c0
23c2
23c4
23c7
23c9
23cb
23cd
23d0
23d2
23d4
23d6
23d9
23db
23dd
23df
23e2
23e4
23e6
23e8
23ea
23ed
23ef
23f1
23f3
23f6
23f8
23fa
23fc
23ff
2401
2403
2405
2408
240a
240c
240e
2411
2413
2415
2417
241a
241c
241e
2421
2423
2425
2427
242a
242c
242e
2430
2433
2435
2437
2439
243c
243e
2440
2442
2445
2447
2449
244c
244e
2450
2452
2455
2457
2459
245b
245e
2460
2462
2465
2467
2469
246b
246e
2470
2472
2474
2477
2479
247b
247e
2480
2482
2484
2487
2489
248b
248e
2490
2492
2494
2497
2499
249b
249e
24a0
24a2
24a4
24a7
24a9
24ab
24ae
24b0
24b2
24b4
24b7
24b9
24bb
24be
24c0
24c2
24c5
24c7
24c9
24cb
24ce
24d0
24d2
24d5
24d7
24d9
24dc
24de
24e0
24e2
24e5
24e7
24e9
24ec
24ee
24f0
24f3
24f5
24f7
24fa
24fc
24fe
2500
2503
2505
2507
250a
250c
250e
2511
2513
2515
2518
251a
251c
251f
2521
2523
2526
2528
252a
252d
252f
2531
2533
2536
2538
253a
253d
253f
2541
2544
2546
2548
254b
254d
254f
2552
2554
2556
2559
255b
255d
2560
2562
2564
2567
2569
256b
256e
2570
2572
2575
2577
2579
257c
257e
2581
2583
2585
2588
258a
258c
258f
2591
2593
2596
2598
259a
259d
259f
25a1
25a4
25a6
25a8
25ab
25ad
25b0
25b2
25b4
25b7
25b9
25bb
25be
25c0
25c2
25c5
25c7
25c9
25cc
25ce
25d1
25d3
25d5
25d8
25da
25dc
25df
25e1
25e3
25e6
25e8
25eb
25ed
25ef
25f2
25f4
25f6
25f9
25fb
25fe
2600
2602
2605
2607
2609
260c
260e
2611
2613
2615
2618
261a
261c
261f
2621
2624
2626
2628
262b
262d
2630
2632
2634
2637
2639
263b
263e
2640
2643
2645
2647
264a
264c
264f
2651
2653
2656
2658
265b
265d
265f
2662
2664
2667
2669
266b
266e
2670
2673
2675
2677
267a
267c
267f
2681
2683
2686
2688
268b
268d
268f
2692
2694
2697
2699
269c
269e
26a0
26a3
26a5
26a8
26aa
26ac
26af
26b1
26b4
26b6
26b9
26bb
26bd
26c0
26c2
26c5
26c7
26c9
26cc
26ce
26d1
26d3
26d6
26d8
26da
26dd
26df
26e2
26e4
26e7
26e9
26eb
26ee
26f0
26f3
26f5
26f8
26fa
26fd
26ff
2701
2704
2706
2709
270b
270e
2710
2712
2715
2717
271a
271c
271f
2721
2724
2726
2728
272b
272d
2730
2732
2735
2737
273a
273c
273f
2741
2743
2746
2748
274b
274d
2750
2752
2755
2757
275a
275c
275e
2761
2763
2766
2768
276b
276d
2770
2772
2775
2777
277a
277c
277f
2781
2783
2786
2788
278b
278d
2790
2792
2795
2797
279a
279c
279f
27a1
27a4
27a6
27a9
27ab
27ae
27b0
27b2
27b5
27b7
27ba
27bc
27bf
27c1
27c4
27c6
27c9
27cb
27ce
27d0
27d3
27d5
27d8
27da
27dd
27df
27e2
27e4
27e7
27e9
27ec
27ee
27f1
27f3
27f6
27f8
27fb
27fd
2800
2802
2805
2807
280a
280c
280f
2811
2814
2816
2819
281b
281e
2820
2823
2825
2828
282a
282d
282f
2832
2834
2837
2839
283c
283e
2841
2843
2846
2848
284b
284d
2850
2853
2855
2858
285a
285d
285f
2862
2864
2867
2869
286c
286e
2871
2873
2876
2878
287b
287d
2880
2883
2885
2888
288a
288d
288f
2892
2894
2897
2899
289c
289e
28a1
28a3
28a6
28a9
28ab
28ae
28b0
28b3
28b5
28b8
28ba
28bd
28bf
28c2
28c5
28c7
28ca
28cc
28cf
28d1
28d4
28d6
28d9
28dc
28de
28e1
28e3
28e6
28e8
28eb
28ed
28f0
28f3
28f5
28f8
28fa
28fd
28ff
2902
2904
2907
290a
290c
290f
2911
2914
2916
2919
291c
291e
2921
2923
2926
2928
292b
292e
2930
2933
2935
2938
293a
293d
2940
2942
2945
2947
294a
294c
294f
2952
2954
2957
2959
295c
295f
2961
2964
2966
2969
296b
296e
2971
2973
2976
2978
297b
297e
2980
2983
2985
2988
298b
298d
2990
2992
2995
2998
299a
299d
299f
29a2
29a5
29a7
29aa
29ac
29af
29b2
29b4
29b7
29b9
29bc
29bf
29c1
29c4
29c6
29c9
29cc
29ce
29d1
29d4
29d6
29d9
29db
29de
29e1
29e3
29e6
29e8
29eb
29ee
29f0
29f3
29f6
29f8
29fb
29fd
2a00
2a03
2a05
2a08
2a0b
2a0d
2a10
2a12
2a15
2a18
2a1a
2a1d
2a20
2a22
2a25
2a28
2a2a
2a2d
2a2f
2a32
2a35
2a37
2a3a
2a3d
2a3f
2a42
2a45
2a47
2a4a
2a4c
2a4f
2a52
2a54
2a57
2a5a
2a5c
2a5f
2a62
2a64
2a67
2a6a
2a6c
2a6f
2a72
2a74
2a77
2a7a
2a7c
2a7f
2a81
2a84
2a87
2a89
2a8c
2a8f
2a91
2a94
2a97
2a99
2a9c
2a9f
2aa1
2aa4
2aa7
2aa9
2aac
2aaf
2ab1
2ab4
2ab7
2ab9
2abc
2abf
2ac1
2ac4
2ac7
2ac9
2acc
2acf
2ad1
2ad4
2ad7
2ad9
2adc
2adf
2ae2
2ae4
2ae7
2aea
2aec
2aef
2af2
2af4
2af7
2afa
2afc
2aff
2b02
2b04
2b07
2b0a
2b0c
2b0f
2b12
2b15
2b17
2b1a
2b1d
2b1f
2b22
2b25
2b27
2b2a
2b2d
2b30
2b32
2b35
2b38
2b3a
2b3d
2b40
2b42
2b45
2b48
2b4b
2b4d
2b50
2b53
2b55
2b58
2b5b
2b5e
2b60
2b63
2b66
2b68
2b6b
2b6e
2b70
2b73
2b76
2b79
2b7b
2b7e
2b81
2b84
2b86
2b89
2b8c
2b8e
2b91
2b94
2b97
2b99
2b9c
2b9f
2ba1
2ba4
2ba7
2baa
2bac
2baf
2bb2
2bb5
2bb7
2bba
2bbd
2bc0
2bc2
2bc5
2bc8
2bca
2bcd
2bd0
2bd3
2bd5
2bd8
2bdb
2bde
2be0
2be3
2be6
2be9
2beb
2bee
2bf1
2bf4
2bf6
2bf9
2bfc
2bff
2c01
2c04
2c07
2c0a
2c0c
2c0f
2c12
2c15
2c17
2c1a
2c1d
2c20
2c22
2c25
2c28
2c2b
2c2d
2c30
2c33
2c36
2c38
2c3b
2c3e
2c41
2c44
2c46
2c49
2c4c
2c4f
2c51
2c54
2c57
2c5a
2c5c
2c5f
2c62
2c65
2c68
2c6a
2c6d
2c70
2c73
2c75
2c78
2c7b
2c7e
2c81
2c83
2c86
2c89
2c8c
2c8e
2c91
2c94
2c97
2c9a
2c9c
2c9f
2ca2
2ca5
2ca8
2caa
2cad
2cb0
2cb3
2cb6
2cb8
2cbb
2cbe
2cc1
2cc4
2cc6
2cc9
2ccc
2ccf
2cd2
2cd4
2cd7
2cda
2cdd
2ce0
2ce2
2ce5
2ce8
2ceb
2cee
2cf0
2cf3
2cf6
2cf9
2cfc
2cfe
2d01
2d04
2d07
2d0a
2d0c
2d0f
2d12
2d15
2d18
2d1b
2d1d
2d20
2d23
2d26
2d29
2d2b
2d2e
2d31
2d34
2d37
2d3a
2d3c
2d3f
2d42
2d45
2d48
2d4b
2d4d
2d50
2d53
2d56
2d59
2d5c
2d5e
2d61
2d64
2d67
2d6a
2d6d
2d6f
2d72
2d75
2d78
2d7b
2d7e
2d80
2d83
2d86
2d89
2d8c
2d8f
2d92
2d94
2d97
2d9a
2d9d
2da0
2da3
2da6
2da8
2dab
2dae
2db1
2db4
2db7
2dba
2dbc
2dbf
2dc2
2dc5
2dc8
2dcb
2dce
2dd0
2dd3
2dd6
2dd9
2ddc
2ddf
2de2
2de4
2de7
2dea
2ded
2df0
2df3
2df6
2df9
2dfb
2dfe
2e01
2e04
2e07
2e0a
2e0d
2e10
2e12
2e15
2e18
2e1b
2e1e
2e21
2e24
2e27
2e29
2e2c
2e2f
2e32
2e35
2e38
2e3b
2e3e
2e41
2e43
2e46
2e49
2e4c
2e4f
2e52
2e55
2e58
2e5b
2e5e
2e60
2e63
2e66
2e69
2e6c
2e6f
2e72
2e75
2e78
2e7b
2e7d
2e80
2e83
2e86
2e89
2e8c
2e8f
2e92
2e95
2e98
2e9b
2e9d
2ea0
2ea3
2ea6
2ea9
2eac
2eaf
2eb2
2eb5
2eb8
2ebb
2ebe
2ec0
2ec3
2ec6
2ec9
2ecc
2ecf
2ed2
2ed5
2ed8
2edb
2ede
2ee1
2ee4
2ee7
2ee9
2eec
2eef
2ef2
2ef5
2ef8
2efb
2efe
2f01
2f04
2f07
2f0a
2f0d
2f10
2f13
2f16
2f18
2f1b
2f1e
2f21
2f24
2f27
2f2a
2f2d
2f30
2f33
2f36
2f39
2f3c
2f3f
2f42
2f45
2f48
2f4b
2f4e
2f51
2f53
2f56
2f59
2f5c
2f5f
2f62
2f65
2f68
2f6b
2f6e
2f71
2f74
2f77
2f7a
2f7d
2f80
2f83
2f86
2f89
2f8c
2f8f
2f92
2f95
2f98
2f9b
2f9e
2fa1
2fa4
2fa7
2faa
2fad
2fb0
2fb2
2fb5
2fb8
2fbb
2fbe
2fc1
2fc4
2fc7
2fca
2fcd
2fd0
2fd3
2fd6
2fd9
2fdc
2fdf
2fe2
2fe5
2fe8
2feb
2fee
2ff1
2ff4
2ff7
2ffa
2ffd
3000
3003
3006
3009
300c
300f
3012
3015
3018
301b
301e
3021
3024
3027
302a
302d
3030
3033
3036
3039
303c
303f
3042
3045
3048
304b
304f
3052
3055
3058
305b
305e
3061
3064
3067
306a
306d
3070
3073
3076
3079
307c
307f
3082
3085
3088
308b
308e
3091
3094
3097
309a
309d
30a0
30a3
30a6
30a9
30ac
30af
30b3
30b6
30b9
30bc
30bf
30c2
30c5
30c8
30cb
30ce
30d1
30d4
30d7
30da
30dd
30e0
30e3
30e6
30e9
30ec
30f0
30f3
30f6
30f9
30fc
30ff
3102
3105
3108
310b
310e
3111
3114
3117
311a
311e
3121
3124
3127
312a
312d
3130
3133
3136
3139
313c
313f
3142
3145
3149
314c
314f
3152
3155
3158
315b
315e
3161
3164
3167
316a
316e
3171
3174
3177
317a
317d
3180
3183
3186
3189
318d
3190
3193
3196
3199
319c
319f
31a2
31a5
31a8
31ac
31af
31b2
31b5
31b8
31bb
31be
31c1
31c4
31c7
31cb
31ce
31d1
31d4
31d7
31da
31dd
31e0
31e4
31e7
31ea
31ed
31f0
31f3
31f6
31f9
31fc
3200
3203
3206
3209
320c
320f
3212
3216
3219
321c
321f
3222
3225
3228
322b
322f
3232
3235
3238
323b
323e
3241
3245
3248
324b
324e
3251
3254
3257
325b
325e
3261
3264
3267
326a
326d
3271
3274
3277
327a
327d
3280
3284
3287
328a
328d
3290
3293
3296
329a
329d
32a0
32a3
32a6
32a9
32ad
32b0
32b3
32b6
32b9
32bc
32c0
32c3
32c6
32c9
32cc
32d0
32d3
32d6
32d9
32dc
32df
32e3
32e6
32e9
32ec
32ef
32f3
32f6
32f9
32fc
32ff
3302
3306
3309
330c
330f
3312
3316
3319
331c
331f
3322
3326
3329
332c
332f
3332
3336
3339
333c
333f
3342
3346
3349
334c
334f
3352
3356
3359
335c
335f
3362
3366
3369
336c
336f
3373
3376
3379
337c
337f
3383
3386
3389
338c
338f
3393
3396
3399
339c
33a0
33a3
33a6
33a9
33ad
33b0
33b3
33b6
33b9
33bd
33c0
33c3
33c6
33ca
33cd
33d0
33d3
33d7
33da
33dd
33e0
33e4
33e7
33ea
33ed
33f1
33f4
33f7
33fa
33fd
3401
3404
3407
340a
340e
3411
3414
3418
341b
341e
3421
3425
3428
342b
342e
3432
3435
3438
343b
343f
3442
3445
3448
344c
344f
3452
3456
3459
345c
345f
3463
3466
3469
346c
3470
3473
3476
347a
347d
3480
3483
3487
348a
348d
3491
3494
3497
349a
349e
34a1
34a4
34a8
34ab
34ae
34b1
34b5
34b8
34bb
34bf
34c2
34c5
34c8
34cc
34cf
34d2
34d6
34d9
34dc
34e0
34e3
34e6
34ea
34ed
34f0
34f3
34f7
34fa
34fd
3501
3504
3507
350b
350e
3511
3515
3518
351b
351f
3522
3525
3528
352c
352f
3532
3536
3539
353c
3540
3543
3546
354a
354d
3550
3554
3557
355a
355e
3561
3564
3568
356b
356e
3572
3575
3578
357c
357f
3582
3586
3589
358d
3590
3593
3597
359a
359d
35a1
35a4
35a7
35ab
35ae
35b1
35b5
35b8
35bb
35bf
35c2
35c6
35c9
35cc
35d0
35d3
35d6
35da
35dd
35e0
35e4
35e7
35eb
35ee
35f1
35f5
35f8
35fb
35ff
3602
3606
3609
360c
3610
3613
3616
361a
361d
3621
3624
3627
362b
362e
3632
3635
3638
363c
363f
3642
3646
3649
364d
3650
3653
3657
365a
365e
3661
3664
3668
366b
366f
3672
3675
3679
367c
3680
3683
3686
368a
368d
3691
3694
3698
369b
369e
36a2
36a5
36a9
36ac
36af
36b3
36b6
36ba
36bd
36c1
36c4
36c7
36cb
36ce
36d2
36d5
36d8
36dc
36df
36e3
36e6
36ea
36ed
36f0
36f4
36f7
36fb
36fe
3702
3705
3709
370c
370f
3713
3716
371a
371d
3721
3724
3728
372b
372e
3732
3735
3739
373c
3740
3743
3747
374a
374e
3751
3754
3758
375b
375f
3762
3766
3769
376d
3770
3774
3777
377b
377e
3781
3785
3788
378c
378f
3793
3796
379a
379d
37a1
37a4
37a8
37ab
37af
37b2
37b6
37b9
37bd
37c0
37c4
37c7
37ca
37ce
37d1
37d5
37d8
37dc
37df
37e3
37e6
37ea
37ed
37f1
37f4
37f8
37fb
37ff
3802
3806
3809
380d
3810
3814
3817
381b
381e
3822
3825
3829
382c
3830
3833
3837
383b
383e
3842
3845
3849
384c
3850
3853
3857
385a
385e
3861
3865
3868
386c
386f
3873
3876
387a
387d
3881
3884
3888
388c
388f
3893
3896
389a
389d
38a1
38a4
38a8
38ab
38af
38b2
38b6
38ba
38bd
38c1
38c4
38c8
38cb
38cf
38d2
38d6
38da
38dd
38e1
38e4
38e8
38eb
38ef
38f2
38f6
38fa
38fd
3901
3904
3908
390b
390f
3912
3916
391a
391d
3921
3924
3928
392b
392f
3933
3936
393a
393d
3941
3945
3948
394c
394f
3953
3956
395a
395e
3961
3965
3968
396c
3970
3973
3977
397a
397e
3981
3985
3989
398c
3990
3993
3997
399b
399e
39a2
39a5
39a9
39ad
39b0
39b4
39b7
39bb
39bf
39c2
39c6
39ca
39cd
39d1
39d4
39d8
39dc
39df
39e3
39e6
39ea
39ee
39f1
39f5
39f9
39fc
3a00
3a03
3a07
3a0b
3a0e
3a12
3a16
3a19
3a1d
3a20
3a24
3a28
3a2b
3a2f
3a33
3a36
3a3a
3a3e
3a41
3a45
3a48
3a4c
3a50
3a53
3a57
3a5b
3a5e
3a62
3a66
3a69
3a6d
3a71
3a74
3a78
3a7c
3a7f
3a83
3a87
3a8a
3a8e
3a92
3a95
3a99
3a9d
3aa0
3aa4
3aa8
3aab
3aaf
3ab3
3ab6
3aba
3abe
3ac1
3ac5
3ac9
3acc
3ad0
3ad4
3ad7
3adb
3adf
3ae2
3ae6
3aea
3aed
3af1
3af5
3af8
3afc
3b00
3b03
3b07
3b0b
3b0e
3b12
3b16
3b1a
3b1d
3b21
3b25
3b28
3b2c
3b30
3b33
3b37
3b3b
3b3f
3b42
3b46
3b4a
3b4d
3b51
3b55
3b59
3b5c
3b60
3b64
3b67
3b6b
3b6f
3b72
3b76
3b7a
3b7e
3b81
3b85
3b89
3b8d
3b90
3b94
3b98
3b9b
3b9f
3ba3
3ba7
3baa
3bae
3bb2
3bb6
3bb9
3bbd
3bc1
3bc4
3bc8
3bcc
3bd0
3bd3
3bd7
3bdb
3bdf
3be2
3be6
3bea
3bee
3bf1
3bf5
3bf9
3bfd
3c00
3c04
3c08
3c0c
3c0f
3c13
3c17
3c1b
3c1e
3c22
3c26
3c2a
3c2d
3c31
3c35
3c39
3c3c
3c40
3c44
3c48
3c4c
3c4f
3c53
3c57
3c5b
3c5e
3c62
3c66
3c6a
3c6d
3c71
3c75
3c79
3c7d
3c80
3c84
3c88
3c8c
3c8f
3c93
3c97
3c9b
3c9f
3ca2
3ca6
3caa
3cae
3cb2
3cb5
3cb9
3cbd
3cc1
3cc5
3cc8
3ccc
3cd0
3cd4
3cd8
3cdb
3cdf
3ce3
3ce7
3ceb
3cee
3cf2
3cf6
3cfa
3cfe
3d01
3d05
3d09
3d0d
3d11
3d15
3d18
3d1c
3d20
3d24
3d28
3d2b
3d2f
3d33
3d37
3d3b
3d3f
3d42
3d46
3d4a
3d4e
3d52
3d56
3d59
3d5d
3d61
3d65
3d69
3d6d
3d70
3d74
3d78
3d7c
3d80
3d84
3d87
3d8b
3d8f
3d93
3d97
3d9b
3d9f
3da2
3da6
3daa
3dae
3db2
3db6
3dba
3dbd
3dc1
3dc5
3dc9
3dcd
3dd1
3dd5
3dd8
3ddc
3de0
3de4
3de8
3dec
3df0
3df4
3df7
3dfb
3dff
3e03
3e07
3e0b
3e0f
3e13
3e16
3e1a
3e1e
3e22
3e26
3e2a
3e2e
3e32
3e35
3e39
3e3d
3e41
3e45
3e49
3e4d
3e51
3e55
3e59
3e5c
3e60
3e64
3e68
3e6c
3e70
3e74
3e78
3e7c
3e80
3e83
3e87
3e8b
3e8f
3e93
3e97
3e9b
3e9f
3ea3
3ea7
3eab
3eae
3eb2
3eb6
3eba
3ebe
3ec2
3ec6
3eca
3ece
3ed2
3ed6
3eda
3ede
3ee1
3ee5
3ee9
3eed
3ef1
3ef5
3ef9
3efd
3f01
3f05
3f09
3f0d
3f11
3f15
3f19
3f1d
3f20
3f24
3f28
3f2c
3f30
3f34
3f38
3f3c
3f40
3f44
3f48
3f4c
3f50
3f54
3f58
3f5c
3f60
3f64
3f68
3f6c
3f70
3f74
3f78
3f7b
3f7f
3f83
3f87
3f8b
3f8f
3f93
3f97
3f9b
3f9f
3fa3
3fa7
3fab
3faf
3fb3
3fb7
3fbb
3fbf
3fc3
3fc7
3fcb
3fcf
3fd3
3fd7
3fdb
3fdf
3fe3
3fe7
3feb
3fef
3ff3
3ff7
3ffb
3fff
4003
4007
400b
400f
4013
4017
401b
401f
4023
4027
402b
402f
4033
4037
403b
403f
4043
4047
404b
404f
4053
4057
405b
405f
4063
4067
406b
406f
4073
4077
407b
407f
4083
4088
408c
4090
4094
4098
409c
40a0
40a4
40a8
40ac
40b0
40b4
40b8
40bc
40c0
40c4
40c8
40cc
40d0
40d4
40d8
40dc
40e0
40e5
40e9
40ed
40f1
40f5
40f9
40fd
4101
4105
4109
410d
4111
4115
4119
411d
4121
4126
412a
412e
4132
4136
413a
413e
4142
4146
414a
414e
4152
4156
415b
415f
4163
4167
416b
416f
4173
4177
417b
417f
4183
4188
418c
4190
4194
4198
419c
41a0
41a4
41a8
41ac
41b1
41b5
41b9
41bd
41c1
41c5
41c9
41cd
41d1
41d6
41da
41de
41e2
41e6
41ea
41ee
41f2
41f7
41fb
41ff
4203
4207
420b
420f
4213
4218
421c
4220
4224
4228
422c
4230
4234
4239
423d
4241
4245
4249
424d
4251
4256
425a
425e
4262
4266
426a
426e
4273
4277
427b
427f
4283
4287
428c
4290
4294
4298
429c
42a0
42a5
42a9
42ad
42b1
42b5
42b9
42be
42c2
42c6
42ca
42ce
42d2
42d7
42db
42df
42e3
42e7
42ec
42f0
42f4
42f8
42fc
4300
4305
4309
430d
4311
4315
431a
431e
4322
4326
432a
432f
4333
4337
433b
433f
4344
4348
434c
4350
4354
4359
435d
4361
4365
4369
436e
4372
4376
437a
437f
4383
4387
438b
438f
4394
4398
439c
43a0
43a5
43a9
43ad
43b1
43b5
43ba
43be
43c2
43c6
43cb
43cf
43d3
43d7
43dc
43e0
43e4
43e8
43ed
43f1
43f5
43f9
43fe
4402
4406
440a
440f
4413
4417
441b
4420
4424
4428
442c
4431
4435
4439
443d
4442
4446
444a
444e
4453
4457
445b
4460
4464
4468
446c
4471
4475
4479
447d
4482
4486
448a
448f
4493
4497
449b
44a0
44a4
44a8
44ad
44b1
44b5
44ba
44be
44c2
44c6
44cb
44cf
44d3
44d8
44dc
44e0
44e5
44e9
44ed
44f1
44f6
44fa
44fe
4503
4507
450b
4510
4514
4518
451d
4521
4525
452a
452e
4532
4537
453b
453f
4544
4548
454c
4550
4555
4559
455d
4562
4566
456b
456f
4573
4578
457c
4580
4585
4589
458d
4592
4596
459a
459f
45a3
45a7
45ac
45b0
45b4
45b9
45bd
45c1
45c6
45ca
45cf
45d3
45d7
45dc
45e0
45e4
45e9
45ed
45f2
45f6
45fa
45ff
4603
4607
460c
4610
4615
4619
461d
4622
4626
462a
462f
4633
4638
463c
4640
4645
4649
464e
4652
4656
465b
465f
4664
4668
466c
4671
4675
467a
467e
4682
4687
468b
4690
4694
4698
469d
46a1
46a6
46aa
46ae
46b3
46b7
46bc
46c0
46c5
46c9
46cd
46d2
46d6
46db
46df
46e4
46e8
46ec
46f1
46f5
46fa
46fe
4703
4707
470b
4710
4714
4719
471d
4722
4726
472b
472f
4733
4738
473c
4741
4745
474a
474e
4753
4757
475c
4760
4765
4769
476d
4772
4776
477b
477f
4784
4788
478d
4791
4796
479a
479f
47a3
47a8
47ac
47b1
47b5
47b9
47be
47c2
47c7
47cb
47d0
47d4
47d9
47dd
47e2
47e6
47eb
47ef
47f4
47f8
47fd
4801
4806
480a
480f
4813
4818
481c
4821
4825
482a
482e
4833
4837
483c
4840
4845
4849
484e
4853
4857
485c
4860
4865
4869
486e
4872
4877
487b
4880
4884
4889
488d
4892
4896
489b
48a0
48a4
48a9
48ad
48b2
48b6
48bb
48bf
48c4
48c8
48cd
48d2
48d6
48db
48df
48e4
48e8
48ed
48f1
48f6
48fb
48ff
4904
4908
490d
4911
4916
491a
491f
4924
4928
492d
4931
4936
493a
493f
4944
4948
494d
4951
4956
495b
495f
4964
4968
496d
4972
4976
497b
497f
4984
4988
498d
4992
4996
499b
499f
49a4
49a9
49ad
49b2
49b6
49bb
49c0
49c4
49c9
49ce
49d2
49d7
49db
49e0
49e5
49e9
49ee
49f2
49f7
49fc
4a00
4a05
4a0a
4a0e
4a13
4a17
4a1c
4a21
4a25
4a2a
4a2f
4a33
4a38
4a3d
4a41
4a46
4a4a
4a4f
4a54
4a58
4a5d
4a62
4a66
4a6b
4a70
4a74
4a79
4a7e
4a82
4a87
4a8c
4a90
4a95
4a9a
4a9e
4aa3
4aa8
4aac
4ab1
4ab6
4aba
4abf
4ac4
4ac8
4acd
4ad2
4ad6
4adb
4ae0
4ae4
4ae9
4aee
4af2
4af7
4afc
4b00
4b05
4b0a
4b0e
4b13
4b18
4b1d
4b21
4b26
4b2b
4b2f
4b34
4b39
4b3d
4b42
4b47
4b4c
4b50
4b55
4b5a
4b5e
4b63
4b68
4b6d
4b71
4b76
4b7b
4b7f
4b84
4b89
4b8e
4b92
4b97
4b9c
4ba0
4ba5
4baa
4baf
4bb3
4bb8
4bbd
4bc2
4bc6
4bcb
4bd0
4bd5
4bd9
4bde
4be3
4be8
4bec
4bf1
4bf6
4bfa
4bff
4c04
4c09
4c0d
4c12
4c17
4c1c
4c21
4c25
4c2a
4c2f
4c34
4c38
4c3d
4c42
4c47
4c4b
4c50
4c55
4c5a
4c5e
4c63
4c68
4c6d
4c72
4c76
4c7b
4c80
4c85
4c89
4c8e
4c93
4c98
4c9d
4ca1
4ca6
4cab
4cb0
4cb5
4cb9
4cbe
4cc3
4cc8
4ccd
4cd1
4cd6
4cdb
4ce0
4ce5
4ce9
4cee
4cf3
4cf8
4cfd
4d01
4d06
4d0b
4d10
4d15
4d1a
4d1e
4d23
4d28
4d2d
4d32
4d36
4d3b
4d40
4d45
4d4a
4d4f
4d53
4d58
4d5d
4d62
4d67
4d6c
4d70
4d75
4d7a
4d7f
4d84
4d89
4d8d
4d92
4d97
4d9c
4da1
4da6
4dab
4daf
4db4
4db9
4dbe
4dc3
4dc8
4dcd
4dd1
4dd6
4ddb
4de0
4de5
4dea
4def
4df4
4df8
4dfd
4e02
4e07
4e0c
4e11
4e16
4e1b
4e1f
4e24
4e29
4e2e
4e33
4e38
4e3d
4e42
4e47
4e4b
4e50
4e55
4e5a
4e5f
4e64
4e69
4e6e
4e73
4e78
4e7c
4e81
4e86
4e8b
4e90
4e95
4e9a
4e9f
4ea4
4ea9
4eae
4eb2
4eb7
4ebc
4ec1
4ec6
4ecb
4ed0
4ed5
4eda
4edf
4ee4
4ee9
4eee
4ef3
4ef7
4efc
4f01
4f06
4f0b
4f10
4f15
4f1a
4f1f
4f24
4f29
4f2e
4f33
4f38
4f3d
4f42
4f47
4f4c
4f50
4f55
4f5a
4f5f
4f64
4f69
4f6e
4f73
4f78
4f7d
4f82
4f87
4f8c
4f91
4f96
4f9b
4fa0
4fa5
4faa
4faf
4fb4
4fb9
4fbe
4fc3
4fc8
4fcd
4fd2
4fd7
4fdc
4fe1
4fe6
4feb
4ff0
4ff5
4ffa
4fff
5004
5009
500e
5013
5018
501d
5022
5027
502c
5031
5036
503b
5040
5045
504a
504f
5054
5059
505e
5063
5068
506d
5072
5077
507c
5081
5086
508b
5090
5095
509a
509f
50a4
50a9
50ae
50b3
50b9
50be
50c3
50c8
50cd
50d2
50d7
50dc
50e1
50e6
50eb
50f0
50f5
50fa
50ff
5104
5109
510e
5114
5119
511e
5123
5128
512d
5132
5137
513c
5141
5146
514b
5150
5156
515b
5160
5165
516a
516f
5174
5179
517e
5183
5188
518e
5193
5198
519d
51a2
51a7
51ac
51b1
51b6
51bb
51c1
51c6
51cb
51d0
51d5
51da
51df
51e4
51e9
51ef
51f4
51f9
51fe
5203
5208
520d
5212
5218
521d
5222
5227
522c
5231
5236
523c
5241
5246
524b
5250
5255
525a
5260
5265
526a
526f
5274
5279
527e
5284
5289
528e
5293
5298
529d
52a3
52a8
52ad
52b2
52b7
52bc
52c2
52c7
52cc
52d1
52d6
52db
52e1
52e6
52eb
52f0
52f5
52fb
5300
5305
530a
530f
5315
531a
531f
5324
5329
532e
5334
5339
533e
5343
5349
534e
5353
5358
535d
5363
5368
536d
5372
5377
537d
5382
5387
538c
5391
5397
539c
53a1
53a6
53ac
53b1
53b6
53bb
53c1
53c6
53cb
53d0
53d6
53db
53e0
53e5
53ea
53f0
53f5
53fa
53ff
5405
540a
540f
5414
541a
541f
5424
542a
542f
5434
5439
543f
5444
5449
544e
5454
5459
545e
5463
5469
546e
5473
5479
547e
5483
5488
548e
5493
5498
549e
54a3
54a8
54ad
54b3
54b8
54bd
54c3
54c8
54cd
54d2
54d8
54dd
54e2
54e8
54ed
54f2
54f8
54fd
5502
5508
550d
5512
5518
551d
5522
5527
552d
5532
5537
553d
5542
5547
554d
5552
5557
555d
5562
5567
556d
5572
5577
557d
5582
5587
558d
5592
5598
559d
55a2
55a8
55ad
55b2
55b8
55bd
55c2
55c8
55cd
55d2
55d8
55dd
55e3
55e8
55ed
55f3
55f8
55fd
5603
5608
560e
5613
5618
561e
5623
5628
562e
5633
5639
563e
5643
5649
564e
5654
5659
565e
5664
5669
566f
5674
5679
567f
5684
568a
568f
5694
569a
569f
56a5
56aa
56af
56b5
56ba
56c0
56c5
56cb
56d0
56d5
56db
56e0
56e6
56eb
56f1
56f6
56fb
5701
5706
570c
5711
5717
571c
5722
5727
572c
5732
5737
573d
5742
5748
574d
5753
5758
575e
5763
5768
576e
5773
5779
577e
5784
5789
578f
5794
579a
579f
57a5
57aa
57b0
57b5
57bb
57c0
57c6
57cb
57d0
57d6
57db
57e1
57e6
57ec
57f1
57f7
57fc
5802
5807
580d
5812
5818
581d
5823
5828
582e
5833
5839
583f
5844
584a
584f
5855
585a
5860
5865
586b
5870
5876
587b
5881
5886
588c
5891
5897
589c
58a2
58a8
58ad
58b3
58b8
58be
58c3
58c9
58ce
58d4
58d9
58df
58e5
58ea
58f0
58f5
58fb
5900
5906
590c
5911
5917
591c
5922
5927
592d
5933
5938
593e
5943
5949
594e
5954
595a
595f
5965
596a
5970
5975
597b
5981
5986
598c
5991
5997
599d
59a2
59a8
59ad
59b3
59b9
59be
59c4
59ca
59cf
59d5
59da
59e0
59e6
59eb
59f1
59f6
59fc
5a02
5a07
5a0d
5a13
5a18
5a1e
5a23
5a29
5a2f
5a34
5a3a
5a40
5a45
5a4b
5a51
5a56
5a5c
5a62
5a67
5a6d
5a72
5a78
5a7e
5a83
5a89
5a8f
5a94
5a9a
5aa0
5aa5
5aab
5ab1
5ab6
5abc
5ac2
5ac7
5acd
5ad3
5ad8
5ade
5ae4
5aea
5aef
5af5
5afb
5b00
5b06
5b0c
5b11
5b17
5b1d
5b22
5b28
5b2e
5b33
5b39
5b3f
5b45
5b4a
5b50
5b56
5b5b
5b61
5b67
5b6d
5b72
5b78
5b7e
5b83
5b89
5b8f
5b95
5b9a
5ba0
5ba6
5bab
5bb1
5bb7
5bbd
5bc2
5bc8
5bce
5bd4
5bd9
5bdf
5be5
5beb
5bf0
5bf6
5bfc
5c02
5c07
5c0d
5c13
5c19
5c1e
5c24
5c2a
5c30
5c35
5c3b
5c41
5c47
5c4c
5c52
5c58
5c5e
5c64
5c69
5c6f
5c75
5c7b
5c80
5c86
5c8c
5c92
5c98
5c9d
5ca3
5ca9
5caf
5cb5
5cba
5cc0
5cc6
5ccc
5cd2
5cd7
5cdd
5ce3
5ce9
5cef
5cf4
5cfa
5d00
5d06
5d0c
5d11
5d17
5d1d
5d23
5d29
5d2f
5d34
5d3a
5d40
5d46
5d4c
5d51
5d57
5d5d
5d63
5d69
5d6f
5d75
5d7a
5d80
5d86
5d8c
5d92
5d98
5d9d
5da3
5da9
5daf
5db5
5dbb
5dc1
5dc6
5dcc
5dd2
5dd8
5dde
5de4
5dea
5def
5df5
5dfb
5e01
5e07
5e0d
5e13
5e19
5e1e
5e24
5e2a
5e30
5e36
5e3c
5e42
5e48
5e4e
5e53
5e59
5e5f
5e65
5e6b
5e71
5e77
5e7d
5e83
5e89
5e8f
5e94
5e9a
5ea0
5ea6
5eac
5eb2
5eb8
5ebe
5ec4
5eca
5ed0
5ed6
5edb
5ee1
5ee7
5eed
5ef3
5ef9
5eff
5f05
5f0b
5f11
5f17
5f1d
5f23
5f29
5f2f
5f35
5f3b
5f40
5f46
5f4c
5f52
5f58
5f5e
5f64
5f6a
5f70
5f76
5f7c
5f82
5f88
5f8e
5f94
5f9a
5fa0
5fa6
5fac
5fb2
5fb8
5fbe
5fc4
5fca
5fd0
5fd6
5fdc
5fe2
5fe8
5fee
5ff4
5ffa
6000
6006
600c
6012
6018
601e
6024
602a
6030
6036
603c
6042
6048
604e
6054
605a
6060
6066
606c
6072
6078
607e
6084
608a
6090
6096
609c
60a2
60a8
60ae
60b4
60ba
60c0
60c7
60cd
60d3
60d9
60df
60e5
60eb
60f1
60f7
60fd
6103
6109
610f
6115
611b
6121
6127
612e
6134
613a
6140
6146
614c
6152
6158
615e
6164
616a
6170
6177
617d
6183
6189
618f
6195
619b
61a1
61a7
61ad
61b4
61ba
61c0
61c6
61cc
61d2
61d8
61de
61e4
61eb
61f1
61f7
61fd
6203
6209
620f
6215
621c
6222
6228
622e
6234
623a
6240
6247
624d
6253
6259
625f
6265
626b
6272
6278
627e
6284
628a
6290
6296
629d
62a3
62a9
62af
62b5
62bb
62c2
62c8
62ce
62d4
62da
62e1
62e7
62ed
62f3
62f9
62ff
6306
630c
6312
6318
631e
6325
632b
6331
6337
633d
6344
634a
6350
6356
635c
6363
6369
636f
6375
637c
6382
6388
638e
6394
639b
63a1
63a7
63ad
63b4
63ba
63c0
63c6
63cc
63d3
63d9
63df
63e5
63ec
63f2
63f8
63fe
6405
640b
6411
6417
641e
6424
642a
6430
6437
643d
6443
644a
6450
6456
645c
6463
6469
646f
6475
647c
6482
6488
648f
6495
649b
64a1
64a8
64ae
64b4
64bb
64c1
64c7
64cd
64d4
64da
64e0
64e7
64ed
64f3
64fa
6500
6506
650d
6513
6519
6520
6526
652c
6532
6539
653f
6545
654c
6552
6558
655f
6565
656b
6572
6578
657e
6585
658b
6592
6598
659e
65a5
65ab
65b1
65b8
65be
65c4
65cb
65d1
65d7
65de
65e4
65eb
65f1
65f7
65fe
6604
660a
6611
6617
661e
6624
662a
6631
6637
663d
6644
664a
6651
6657
665d
6664
666a
6671
6677
667d
6684
668a
6691
6697
669e
66a4
66aa
66b1
66b7
66be
66c4
66ca
66d1
66d7
66de
66e4
66eb
66f1
66f7
66fe
6704
670b
6711
6718
671e
6725
672b
6731
6738
673e
6745
674b
6752
6758
675f
6765
676c
6772
6778
677f
6785
678c
6792
6799
679f
67a6
67ac
67b3
67b9
67c0
67c6
67cd
67d3
67da
67e0
67e7
67ed
67f4
67fa
6801
6807
680e
6814
681b
6821
6828
682e
6835
683b
6842
6848
684f
6855
685c
6862
6869
686f
6876
687c
6883
6889
6890
6897
689d
68a4
68aa
68b1
68b7
68be
68c4
68cb
68d1
68d8
68df
68e5
68ec
68f2
68f9
68ff
6906
690c
6913
691a
6920
6927
692d
6934
693a
6941
6948
694e
6955
695b
6962
6969
696f
6976
697c
6983
698a
6990
6997
699d
69a4
69ab
69b1
69b8
69be
69c5
69cc
69d2
69d9
69df
69e6
69ed
69f3
69fa
6a01
6a07
6a0e
6a14
6a1b
6a22
6a28
6a2f
6a36
6a3c
6a43
6a49
6a50
6a57
6a5d
6a64
6a6b
6a71
6a78
6a7f
6a85
6a8c
6a93
6a99
6aa0
6aa7
6aad
6ab4
6abb
6ac1
6ac8
6acf
6ad5
6adc
6ae3
6ae9
6af0
6af7
6afd
6b04
6b0b
6b12
6b18
6b1f
6b26
6b2c
6b33
6b3a
6b40
6b47
6b4e
6b55
6b5b
6b62
6b69
6b6f
6b76
6b7d
6b83
6b8a
6b91
6b98
6b9e
6ba5
6bac
6bb3
6bb9
6bc0
6bc7
6bce
6bd4
6bdb
6be2
6be8
6bef
6bf6
6bfd
6c03
6c0a
6c11
6c18
6c1e
6c25
6c2c
6c33
6c3a
6c40
6c47
6c4e
6c55
6c5b
6c62
6c69
6c70
6c76
6c7d
6c84
6c8b
6c92
6c98
6c9f
6ca6
6cad
6cb4
6cba
6cc1
6cc8
6ccf
6cd6
6cdc
6ce3
6cea
6cf1
6cf8
6cfe
6d05
6d0c
6d13
6d1a
6d20
6d27
6d2e
6d35
6d3c
6d43
6d49
6d50
6d57
6d5e
6d65
6d6c
6d72
6d79
6d80
6d87
6d8e
6d95
6d9c
6da2
6da9
6db0
6db7
6dbe
6dc5
6dcb
6dd2
6dd9
6de0
6de7
6dee
6df5
6dfc
6e02
6e09
6e10
6e17
6e1e
6e25
6e2c
6e33
6e3a
6e40
6e47
6e4e
6e55
6e5c
6e63
6e6a
6e71
6e78
6e7e
6e85
6e8c
6e93
6e9a
6ea1
6ea8
6eaf
6eb6
6ebd
6ec4
6ecb
6ed1
6ed8
6edf
6ee6
6eed
6ef4
6efb
6f02
6f09
6f10
6f17
6f1e
6f25
6f2c
6f33
6f3a
6f41
6f47
6f4e
6f55
6f5c
6f63
6f6a
6f71
6f78
6f7f
6f86
6f8d
6f94
6f9b
6fa2
6fa9
6fb0
6fb7
6fbe
6fc5
6fcc
6fd3
6fda
6fe1
6fe8
6fef
6ff6
6ffd
7004
700b
7012
7019
7020
7027
702e
7035
703c
7043
704a
7051
7058
705f
7066
706d
7074
707b
7082
7089
7090
7097
709e
70a5
70ac
70b3
70ba
70c2
70c9
70d0
70d7
70de
70e5
70ec
70f3
70fa
7101
7108
710f
7116
711d
7124
712b
7132
713a
7141
7148
714f
7156
715d
7164
716b
7172
7179
7180
7188
718f
7196
719d
71a4
71ab
71b2
71b9
71c0
71c7
71cf
71d6
71dd
71e4
71eb
71f2
71f9
7200
7208
720f
7216
721d
7224
722b
7232
7239
7241
7248
724f
7256
725d
7264
726b
7273
727a
7281
7288
728f
7296
729e
72a5
72ac
72b3
72ba
72c1
72c9
72d0
72d7
72de
72e5
72ec
72f4
72fb
7302
7309
7310
7318
731f
7326
732d
7334
733c
7343
734a
7351
7358
7360
7367
736e
7375
737c
7384
738b
7392
7399
73a1
73a8
73af
73b6
73be
73c5
73cc
73d3
73da
73e2
73e9
73f0
73f7
73ff
7406
740d
7414
741c
7423
742a
7431
7439
7440
7447
744f
7456
745d
7464
746c
7473
747a
7481
7489
7490
7497
749f
74a6
74ad
74b4
74bc
74c3
74ca
74d2
74d9
74e0
74e8
74ef
74f6
74fe
7505
750c
7513
751b
7522
7529
7531
7538
753f
7547
754e
7555
755d
7564
756b
7573
757a
7581
7589
7590
7597
759f
75a6
75ae
75b5
75bc
75c4
75cb
75d2
75da
75e1
75e8
75f0
75f7
75ff
7606
760d
7615
761c
7623
762b
7632
763a
7641
7648
7650
7657
765f
7666
766d
7675
767c
7684
768b
7692
769a
76a1
76a9
76b0
76b7
76bf
76c6
76ce
76d5
76dd
76e4
76eb
76f3
76fa
7702
7709
7711
7718
7720
7727
772e
7736
773d
7745
774c
7754
775b
7763
776a
7772
7779
7780
7788
778f
7797
779e
77a6
77ad
77b5
77bc
77c4
77cb
77d3
77da
77e2
77e9
77f1
77f8
7800
7807
780f
7816
781e
7825
782d
7834
783c
7843
784b
7852
785a
7861
7869
7870
7878
787f
7887
788f
7896
789e
78a5
78ad
78b4
78bc
78c3
78cb
78d2
78da
78e2
78e9
78f1
78f8
7900
7907
790f
7916
791e
7926
792d
7935
793c
7944
794b
7953
795b
7962
796a
7971
7979
7981
7988
7990
7997
799f
79a7
79ae
79b6
79bd
79c5
79cd
79d4
79dc
79e3
79eb
79f3
79fa
7a02
7a0a
7a11
7a19
7a20
7a28
7a30
7a37
7a3f
7a47
7a4e
7a56
7a5e
7a65
7a6d
7a75
7a7c
7a84
7a8b
7a93
7a9b
7aa2
7aaa
7ab2
7ab9
7ac1
7ac9
7ad0
7ad8
7ae0
7ae8
7aef
7af7
7aff
7b06
7b0e
7b16
7b1d
7b25
7b2d
7b34
7b3c
7b44
7b4c
7b53
7b5b
7b63
7b6a
7b72
7b7a
7b82
7b89
7b91
7b99
7ba0
7ba8
7bb0
7bb8
7bbf
7bc7
7bcf
7bd7
7bde
7be6
7bee
7bf6
7bfd
7c05
7c0d
7c15
7c1c
7c24
7c2c
7c34
7c3b
7c43
7c4b
7c53
7c5a
7c62
7c6a
7c72
7c7a
7c81
7c89
7c91
7c99
7ca0
7ca8
7cb0
7cb8
7cc0
7cc7
7ccf
7cd7
7cdf
7ce7
7cee
7cf6
7cfe
7d06
7d0e
7d15
7d1d
7d25
7d2d
7d35
7d3d
7d44
7d4c
7d54
7d5c
7d64
7d6c
7d73
7d7b
7d83
7d8b
7d93
7d9b
7da3
7daa
7db2
7dba
7dc2
7dca
7dd2
7dda
7de1
7de9
7df1
7df9
7e01
7e09
7e11
7e19
7e20
7e28
7e30
7e38
7e40
7e48
7e50
7e58
7e60
7e67
7e6f
7e77
7e7f
7e87
7e8f
7e97
7e9f
7ea7
7eaf
7eb7
7ebe
7ec6
7ece
7ed6
7ede
7ee6
7eee
7ef6
7efe
7f06
7f0e
7f16
7f1e
7f26
7f2e
7f35
7f3d
7f45
7f4d
7f55
7f5d
7f65
7f6d
7f75
7f7d
7f85
7f8d
7f95
7f9d
7fa5
7fad
7fb5
7fbd
7fc5
7fcd
7fd5
7fdd
7fe5
7fed
7ff5
7ffd
7fff
7fff
7fff
7fff
7fff
7fff
7fff
7fff
7fff
7fff
7fff
7fff
7fff
7fff
7fff
7fff
7fff
7fff
7fff
7fff
7fff
7fff
7fff
7fff
7fff
7fff
7fff
7fff
7fff
7fff
7fff
7fff
7fff
7fff
7fff
7fff
7fff
7fff
7fff
7fff
7fff
7fff
7fff
7fff
7fff
7fff
7fff
7fff
7fff
7fff
7fff
7fff
7fff
7fff
7fff
7fff
7fff
7fff
7fff
7fff
7fff
7fff
7fff
7fff
7fff
7fff
7fff
7fff
7fff
7fff
7fff
7fff
7fff
7fff
7fff
7fff
7fff
7fff
7fff
7fff
7fff
7fff
7fff
7fff
7fff
7fff
7fff
7fff
7fff
7fff
7fff
7fff
7fff
7fff
7fff
7fff
7fff
7fff
7fff
7fff
7fff
7fff
7fff
7fff
7fff
7fff
7fff
7fff
7fff
7fff
7fff
7fff
7fff
7fff
7fff
7fff
7fff
7fff
7fff
7fff
7fff
7fff
7fff
7fff
7fff
7fff
7fff
7fff
7fff
7fff
7fff
7fff
7fff
7fff
7fff
7fff
7fff
7fff
7fff
7fff
7fff
7fff
7fff
7fff
7fff
7fff
7fff
7fff
7fff
7fff
7fff
7fff
7fff
7fff
7fff
7fff
7fff
7fff
7fff
7fff
7fff
7fff
7fff
7fff
7fff
7fff
7fff
7fff
7fff
7fff
7fff
7fff
7fff
7fff
7fff
7fff
7fff
7fff
7fff
7fff
7fff
7fff
7fff
7fff
7fff
7fff
7fff
7fff
7fff
7fff
7fff
7fff
7fff
7fff
7fff
7fff
7fff
7fff
7fff
7fff
7fff
7fff
7fff
7fff
7fff
7fff
7fff
7fff
7fff
7fff
7fff
7fff
7fff
7fff
7fff
7fff
7fff
7fff
7fff
7fff
7fff
7fff
7fff
7fff
7fff
7fff
7fff
7fff
7fff
7fff
7fff
7fff
7fff
7fff
7fff
7fff
7fff
7fff
7fff
7fff
7fff
7fff
7fff
7fff
7fff
7fff
7fff
7fff
7fff
7fff
7fff
7fff
7fff
7fff
7fff
7fff
7fff
7fff
7fff
7fff
7fff
7fff
7fff
7fff
7fff
7fff
7fff
7fff
7fff
7fff
7fff
7fff
7fff
7fff
7fff
7fff
7fff
7fff
7fff
7fff
7fff
7fff
7fff
7fff
7fff
7fff
7fff
7fff
7fff
7fff
7fff
7fff
7fff
7fff
7fff
7fff
7fff
7fff
7fff
7fff
7fff
7fff
7fff
7fff
7fff
7fff
7fff
7fff
7fff
7fff
7fff
7fff
7fff
7fff
7fff
7fff
7fff
7fff
7fff
7fff
7fff
7fff
7fff
7fff
7fff
7fff
7fff
7fff
7fff
7fff
7fff
7fff
7fff
7fff
7fff
7fff
7fff
7fff
7fff
7fff
7fff
7fff
7fff
7fff
7fff
7fff
7fff
7fff
7fff
7fff
7fff
7fff
7fff
7fff
7fff
7fff
7fff
7fff
7fff
7fff
7fff
7fff
7fff
7fff
7fff
7fff
7fff
7fff
7fff
7fff
7fff
7fff
7fff
7fff
7fff
7fff
7fff
7fff
7fff
7fff
7fff
7fff
7fff
7fff
7fff
7fff
7fff
7fff
7fff
7fff
7fff
7fff
7fff
7fff
7fff
7fff
7fff
7fff
7fff
7fff
7fff
7fff
7fff
7fff
7fff
7fff
7fff
7fff
7fff
7fff
7fff
7fff
7fff
7fff
7fff
7fff
7fff
7fff
7fff
7fff
7fff
7fff
7fff
7fff
7fff
7fff
7fff
7fff
7fff
7fff
7fff
7fff
7fff
7fff
7fff
7fff
7fff
7fff
7fff
7fff
7fff
7fff
7fff
7fff
7fff
7fff
7fff
7fff
7fff
7fff
7fff
7fff
7fff
7fff
7fff
7fff
7fff
7fff
7fff
7fff
7fff
7fff
7fff
7fff
7fff
7fff
7fff
7fff
7fff
7fff
7fff
7fff
7fff
7fff
7fff
7fff
7fff
7fff
7fff
7fff
7fff
7fff
7fff
7fff
7fff
7fff
7fff
7fff
7fff
7fff
7fff
7fff
7fff
7fff
7fff
7fff
7fff
7fff
7fff
7fff
7fff
7fff
7fff
7fff
7fff
7fff
7fff
7fff
7fff
7fff
7fff
7fff
7fff
7fff
7fff
7fff
7fff
7fff
7fff
7fff
7fff
7fff
7fff
7fff
7fff
7fff
7fff
7fff
7fff
7fff
7fff
7fff
7fff
7fff
7fff
7fff
7fff
7fff
7fff
7fff
7fff
7fff
7fff
7fff
7fff
7fff
7fff
7fff
7fff
7fff
7fff
7fff
7fff
7fff
7fff
7fff
7fff
7fff
7fff
7fff
7fff
7fff
7fff
7fff
7fff
7fff
7fff
7fff
7fff
7fff
7fff
7fff
7fff
7fff
7fff
7fff
7fff
7fff
7fff
7fff
7fff
7fff
7fff
7fff
7fff
7fff
7fff
7fff
7fff
7fff
7fff
7fff
7fff
7fff
7fff
7fff
7fff
7fff
7fff
7fff
7fff
7fff
7fff
7fff
7fff
7fff
7fff
7fff
7fff
7fff
7fff
7fff
7fff
7fff
7fff
7fff
7fff
7fff
7fff
7fff
7fff
7fff
7fff
7fff
7fff
7fff
7fff
7fff
7fff
7fff
7fff
7fff
7fff
7fff
7fff
7fff
7fff
7fff
7fff
7fff
7fff
7fff
7fff
7fff
7fff
7fff
7fff
7fff
7fff
7fff
7fff
7fff
7fff
7fff
7fff
7fff
7fff
7fff
7fff
7fff
7fff
7fff
7fff
7fff
7fff
7fff
7fff
7fff
7fff
7fff
7fff
7fff
7fff
7fff
7fff
7fff
7fff
7fff
7fff
7fff
7fff
7fff
7fff
7fff
7fff
7fff
7fff
7fff
7fff
7fff
7fff
7fff
7fff
7fff
7fff
7fff
7fff
7fff
7fff
7fff
7fff
7fff
7fff
7fff
7fff
7fff
7fff
7fff
7fff
7fff
7fff
7fff
7fff
7fff
7fff
7fff
7fff
7fff
7fff
7fff
7fff
7fff
7fff
7fff
7fff
7fff
7fff
7fff
7fff
7fff
7fff
7fff
7fff
7fff
7fff
7fff
7fff
7fff
7fff
7fff
7fff
7fff
7fff
7fff
7fff
7fff
7fff
7fff
7fff
7fff
7fff
7fff
7fff
7fff
7fff
7fff
7fff
7fff
7fff
7fff
7fff
7fff
7fff
7fff
7fff
7fff
7fff
7fff
7fff
7fff
7fff
7fff
7fff
7fff
7fff
7fff
7fff
7fff
7fff
7fff
7fff
7fff
7fff
7fff
7fff
7fff
7fff
7fff
7fff
7fff
7fff
7fff
7fff
7fff
7fff
7fff
7fff
7fff
7fff
7fff
7fff
7fff
7fff
7fff
7fff
7fff
7fff
7fff
7fff
7fff
7fff
7fff
7fff
7fff
7fff
7fff
7fff
7fff
7fff
7fff
7fff
7fff
7fff
7fff
7fff
7fff
7fff
7fff
7fff
7fff
7fff
7fff
7fff
7fff
7fff
7fff
7fff
7fff
7fff
7fff
7fff
7fff
7fff
7fff
7fff
7fff
7fff
7fff
7fff
7fff
7fff
7fff
7fff
7fff
7fff
7fff
7fff
7fff
7fff
7fff
7fff
7fff
7fff
7fff
7fff
7fff
7fff
7fff
7fff
7fff
7fff
7fff
7fff
7fff
7fff
7fff
7fff
7fff
7fff
7fff
7fff
7fff
7fff
7fff
7fff
7fff
7fff
7fff
7fff
7fff
7fff
7fff
7fff
7fff
7fff
7fff
7fff
7fff
7fff
7fff
7fff
7fff
7fff
7fff
7fff
7fff
7fff
7fff
7fff
7fff
7fff
7fff
7fff
7fff
7fff
7fff
7fff
7fff
7fff
7fff
7fff
7fff
7fff
7fff
7fff
7fff
7fff
7fff
7fff
7fff
7fff
7fff
7fff
7fff
7fff
7fff
7fff
7fff
7fff
7fff
7fff
7fff
7fff
7fff
7fff
7fff
7fff
7fff
7fff
7fff
7fff
7fff
7fff
7fff
7fff
7fff
7fff
7fff
7fff
7fff
7fff
7fff
7fff
7fff
7fff
7fff
7fff
7fff
7fff
7fff
7fff
7fff
7fff
7fff
7fff
7fff
7fff
7fff
7fff
7fff
7fff
7fff
7fff
7fff
7fff
7fff
7fff
7fff
7fff
7fff
7fff
7fff
7fff
7fff
7fff
7fff
7fff
7fff
7fff
7fff
7fff
7fff
7fff
7fff
7fff
7fff
7fff
7fff
7fff
7fff
7fff
7fff
7fff
7fff
7fff
7fff
7fff
7fff
7fff
7fff
7fff
7fff
7fff
7fff
7fff
7fff
7fff
7fff
7fff
7fff
7fff
7fff
7fff
7fff
7fff
7fff
7fff
7fff
7fff
7fff
7fff
7fff
7fff
7fff
7fff
7fff
7fff
7fff
7fff
7fff
7fff
7fff
7fff
7fff
7fff
7fff
7fff
7fff
7fff
7fff
7fff
7fff
7fff
7fff
7fff
7fff
7fff
7fff
7fff
7fff
7fff
7fff
7fff
7fff
7fff
7fff
7fff
7fff
7fff
7fff
7fff
7fff
7fff
7fff
7fff
7fff
7fff
7fff
7fff
7fff
7fff
7fff
7fff
7fff
7fff
7fff
7fff
7fff
7fff
7fff
7fff
7fff
7fff
7fff
7fff
7fff
7fff
7fff
7fff
7fff
7fff
7fff
7fff
7fff
7fff
7fff
7fff
7fff
7fff
7fff
7fff
7fff
7fff
7fff
7fff
7fff
7fff
7fff
7fff
7fff
7fff
7fff
7fff
7fff
7fff
7fff
7fff
7fff
7fff
7fff
7fff
7fff
7fff
7fff
7fff
7fff
7fff
7fff
7fff
7fff
7fff
7fff
7fff
7fff
7fff
7fff
7fff
7fff
7fff
7fff
7fff
7fff
7fff
7fff
7fff
7fff
7fff
7fff
7fff
7fff
7fff
7fff
7fff
7fff
7fff
7fff
7fff
7fff
7fff
7fff
7fff
7fff
7fff
7fff
7fff
7fff
7fff
7fff
7fff
7fff
7fff
7fff
7fff
7fff
7fff
7fff
7fff
7fff
7fff
7fff
7fff
7fff
7fff
7fff
7fff
7fff
7fff
7fff
7fff
7fff
7fff
7fff
7fff
7fff
7fff
7fff
7fff
7fff
7fff
7fff
7fff
7fff
7fff
7fff
7fff
7fff
7fff
7fff
7fff
7fff
7fff
7fff
7fff
7fff
7fff
7fff
7fff
7fff
7fff
7fff
7fff
7fff
7fff
7fff
7fff
7fff
7fff
7fff
7fff
7fff
7fff
7fff
7fff
7fff
7fff
7fff
7fff
7fff
7fff
7fff
7fff
7fff
7fff
7fff
7fff
7fff
7fff
7fff
7fff
7fff
7fff
7fff
7fff
7fff
7fff
7fff
7fff
7fff
7fff
7fff
7fff
7fff
7fff
7fff
7fff
7fff
7fff
7fff
7fff
7fff
7fff
7fff
7fff
7fff
7fff
7fff
7fff
7fff
7fff
7fff
7fff
7fff
7fff
7fff
7fff
7fff
7fff
7fff
7fff
7fff
7fff
7fff
7fff
7fff
7fff
7fff
7fff
7fff
7fff
7fff
7fff
7fff
7fff
7fff
7fff
7fff
7fff
7fff
7fff
7fff
7fff
7fff
7fff
7fff
7fff
7fff
7fff
7fff
7fff
7fff
7fff
7fff
7fff
7fff
7fff
7fff
7fff
7fff
7fff
7fff
7fff
7fff
7fff
7fff
7fff
7fff
7fff
7fff
7fff
7fff
7fff
7fff
7fff
7fff
7fff
7fff
7fff
7fff
7fff
7fff
7fff
7fff
7fff
7fff
7fff
7fff
7fff
7fff
7fff
7fff
7fff
7fff
7fff
7fff
7fff
7fff
7fff
7fff
7fff
7fff
7fff
7fff
7fff
7fff
7fff
7fff
7fff
7fff
7fff
7fff
7fff
7fff
7fff
7fff
7fff
7fff
7fff
7fff
7fff
7fff
7fff
7fff
7fff
7fff
7fff
7fff
7fff
7fff
7fff
7fff
7fff
7fff
7fff
7fff
7fff
7fff
7fff
7fff
7fff
7fff
7fff
7fff
7fff
7fff
7fff
7fff
7fff
7fff
7fff
7fff
7fff
7fff
7fff
7fff
7fff
7fff
7fff
7fff
7fff
7fff
7fff
7fff
7fff
7fff
7fff
7fff
7fff
7fff
7fff
7fff
7fff
7fff
7fff
7fff
7fff
7fff
7fff
7fff
7fff
7fff
7fff
7fff
7fff
7fff
7fff
7fff
7fff
7fff
7fff
7fff
7fff
7fff
7fff
7fff
7fff
7fff
7fff
7fff
7fff
7fff
7fff
7fff
7fff
7fff
7fff
7fff
7fff
7fff
7fff
7fff
7fff
7fff
7fff
7fff
7fff
7fff
7fff
7fff
7fff
7fff
7fff
7fff
7fff
7fff
7fff
7fff
7fff
7fff
7fff
7fff
7fff
7fff
7fff
7fff
7fff
7fff
7fff
7fff
7fff
7fff
7fff
7fff
7fff
7fff
7fff
7fff
7fff
7fff
7fff
7fff
7fff
7fff
7fff
7fff
7fff
7fff
7fff
7fff
7fff
7fff
7fff
7fff
7fff
7fff
7fff
7fff
7fff
7fff
7fff
7fff
7fff
7fff
7fff
7fff
7fff
7fff
7fff
7fff
7fff
7fff
7fff
7fff
7fff
7fff
7fff
7fff
7fff
7fff
7fff
7fff
7fff
7fff
7fff
7fff
7fff
7fff
7fff
7fff
7fff
7fff
7fff
7fff
7fff
7fff
7fff
7fff
7fff
7fff
7fff
7fff
7fff
7fff
7fff
7fff
7fff
7fff
7fff
7fff
7fff
7fff
7fff
7fff
7fff
7fff
7fff
7fff
7fff
7fff
7fff
7fff
7fff
7fff
7fff
7fff
7fff
7fff
7fff
7fff
7fff
7fff
7fff
7fff
7fff
7fff
7fff
7fff
7fff
7fff
7fff
7fff
7fff
7fff
7fff
7fff
7fff
7fff
7fff
7fff
7fff
7fff
7fff
7fff
7fff
7fff
7fff
7fff
7fff
7fff
7fff
7fff
7fff
7fff
7fff
7fff
7fff
7fff
7fff
7fff
7fff
7fff
7fff
7fff
7fff
7fff
7fff
7fff
7fff
7fff
7fff
7fff
7fff
7fff
7fff
7fff
7fff
7fff
7fff
7fff
7fff
7fff
7fff
7fff
7fff
7fff
7fff
7fff
7fff
7fff
7fff
7fff
7fff
7fff
7fff
7fff
7fff
7fff
7fff
7fff
7fff
7fff
7fff
7fff
7fff
7fff
7fff
7fff
7fff
7fff
7fff
7fff
7fff
7fff
7fff
7fff
7fff
7fff
7fff
7fff
7fff
7fff
7fff
7fff
7fff
7fff
7fff
7fff
7fff
7fff
7fff
7fff
7fff
7fff
7fff
7fff
7fff
7fff
7fff
7fff
7fff
7fff
7fff
7fff
7fff
7fff
7fff
7fff
7fff
7fff
7fff
7fff
7fff
7fff
7fff
7fff
7fff
7fff
7fff
7fff
7fff
7fff
7fff
7fff
7fff
7fff
7fff
7fff
7fff
7fff
7fff
7fff
7fff
7fff
7fff
7fff
7fff
7fff
7fff
7fff
7fff
7fff
7fff
7fff
7fff
7fff
7fff
7fff
7fff
7fff
7fff
7fff
7fff
7fff
7fff
7fff
7fff
7fff
7fff
7fff
7fff
7fff
7fff
7fff
7fff
7fff
7fff
7fff
7fff
7fff
7fff
7fff
7fff
7fff
7fff
7fff
7fff
7fff
7fff
7fff
7fff
7fff
7fff
7fff
7fff
7fff
7fff
7fff
7fff
7fff
7fff
7fff
7fff
7fff
7fff
7fff
7fff
7fff
7fff
7fff
7fff
7fff
7fff
7fff
7fff
7fff
7fff
7fff
7fff
7fff
7fff
7fff
7fff
7fff
7fff
7fff
7fff
7fff
7fff
7fff
7fff
7fff
7fff
7fff
7fff
7fff
7fff
7fff
7fff
7fff
7fff
7fff
7fff
7fff
7fff
7fff
7fff
7fff
7fff
7fff
7fff
7fff
7fff
7fff
7fff
7fff
7fff
7fff
7fff
7fff
7fff
7fff
7fff
7fff
7fff
7fff
7fff
7fff
7fff
7fff
7fff
7fff
7fff
7fff
7fff
7fff
7fff
7fff
7fff
7fff
7fff
7fff
7fff
7fff
7fff
7fff
7fff
7fff
7fff
7fff
7fff
7fff
7fff
7fff
7fff
7fff
7fff
7fff
7fff
7fff
7fff
7fff
7fff
7fff
7fff
7fff
7fff
7fff
7fff
7fff
7fff
7fff
7fff
7fff
7fff
7fff
7fff
7fff
7fff
7fff
7fff
7fff
7fff
7fff
7fff
7fff
7fff
7fff
7fff
7fff
7fff
7fff
7fff
7fff
7fff
7fff
7fff
7fff
7fff
7fff
7fff
7fff
7fff
7fff
7fff
7fff
7fff
7fff
7fff
7fff
7fff
7fff
7fff
7fff
7fff
7fff
7fff
7fff
7fff
7fff
7fff
7fff
7fff
7fff
7fff
7fff
7fff
7fff
7fff
7fff
7fff
7fff
7fff
7fff
7fff
7fff
7fff
7fff
7fff
7fff
7fff
7fff
7fff
7fff
7fff
7fff
7fff
7fff
7fff
7fff
7fff
7fff
7fff
7fff
7fff
7fff
7fff
7fff
7fff
7fff
7fff
7fff
7fff
7fff
7fff
7fff
7fff
7fff
7fff
7fff
7fff
7fff
7fff
7fff
7fff
7fff
7fff
7fff
7fff
7fff
7fff
7fff
7fff
7fff
7fff
7fff
7fff
7fff
7fff
7fff
7fff
7fff
7fff
7fff
7fff
7fff
7fff
7fff
7fff
7fff
7fff
7fff
7fff
7fff
7fff
7fff
7fff
7fff
7fff
7fff
7fff
7fff
7fff
7fff
7fff
7fff
7fff
7fff
7fff
7fff
7fff
7fff
7fff
7fff
7fff
7fff
7fff
7fff
7fff
7fff
7fff
7fff
7fff
7fff
7fff
7fff
7fff
7fff
7fff
7fff
7fff
7fff
7fff
7fff
7fff
7fff
7fff
7fff
7fff
7fff
7fff
7fff
7fff
7fff
7fff
7fff
7fff
7fff
7fff
7fff
7fff
7fff
7fff
7fff
7fff
7fff
7fff
7fff
7fff
7fff
7fff
7fff
7fff
7fff
7fff
7fff
7fff
7fff
7fff
7fff
7fff
7fff
7fff
7fff
7fff
7fff
7fff
7fff
7fff
7fff
7fff
7fff
7fff
7fff
7fff
7fff
7fff
7fff
7fff
7fff
7fff
7fff
7fff
7fff
7fff
7fff
7fff
7fff
7fff
7fff
7fff
7fff
7fff
7fff
7fff
7fff
7fff
7fff
7fff
7fff
7fff
7fff
7fff
7fff
7fff
7fff
7fff
7fff
7fff
7fff
7fff
7fff
7fff
7fff
7fff
7fff
7fff
7fff
7fff
7fff
7fff
7fff
7fff
7fff
7fff
7fff
7fff
7fff
7fff
7fff
7fff
7fff
7fff
7fff
7fff
7fff
7fff
7fff
7fff
7fff
7fff
7fff
7fff
7fff
7fff
7fff
7fff
7fff
7fff
7fff
7fff
7fff
7fff
7fff
7fff
7fff
7fff
7fff
7fff
7fff
7fff
7fff
7fff
7fff
7fff
7fff
7fff
7fff
7fff
7fff
7fff
7fff
7fff
7fff
7fff
7fff
7fff
7fff
7fff
7fff
7fff
7fff
7fff
7fff
7fff
7fff
7fff
7fff
7fff
7fff
7fff
7fff
7fff
7fff
7fff
7fff
7fff
7fff
7fff
7fff
7fff
7fff
7fff
7fff
7fff
7fff
7fff
7fff
7fff
7fff
7fff
7fff
7fff
7fff
7fff
7fff
7fff
7fff
7fff
7fff
7fff
7fff
7fff
7fff
7fff
7fff
7fff
7fff
7fff
7fff
7fff
7fff
7fff
7fff
7fff
7fff
7fff
7fff
7fff
7fff
7fff
7fff
7fff
7fff
7fff
7fff
7fff
7fff
7fff
7fff
7fff
7fff
7fff
7fff
7fff
7fff
7fff
7fff
7fff
7fff
7fff
7fff
7fff
7fff
7fff
7fff
7fff
7fff
7fff
7fff
7fff
7fff
7fff
7fff
7fff
7fff
7fff
7fff
7fff
7fff
7fff
7fff
7fff
7fff
7fff
7fff
7fff
7fff
7fff
7fff
7fff
7fff
7fff
7fff
7fff
7fff
7fff
7fff
7fff
7fff
7fff
7fff
7fff
7fff
7fff
7fff
7fff
7fff
7fff
7fff
7fff
7fff
7fff
7fff
7fff
7fff
7fff
7fff
7fff
7fff
7fff
7fff
7fff
7fff
7fff
7fff
7fff
7fff
7fff
7fff
7fff
7fff
7fff
7fff
7fff
7fff
7fff
7fff
7fff
7fff
7fff
7fff
7fff
7fff
7fff
7fff
7fff
7fff
7fff
7fff
7fff
7fff
7fff
7fff
7fff
7fff
7fff
7fff
7fff
7fff
7fff
7fff
7fff
7fff
7fff
7fff
7fff
7fff
7fff
7fff
7fff
7fff
7fff
7fff
7fff
7fff
7fff
7fff
7fff
7fff
7fff
7fff
7fff
7fff
7fff
7fff
7fff
7fff
7fff
7fff
7fff
7fff
7fff
7fff
7fff
7fff
7fff
7fff
7fff
7fff
7fff
7fff
7fff
7fff
7fff
7fff
7fff
7fff
7fff
7fff
7fff
7fff
7fff
7fff
7fff
7fff
7fff
7fff
7fff
7fff
7fff
7fff
7fff
7fff
7fff
7fff
7fff
7fff
7fff
7fff
7fff
7fff
7fff
7fff
7fff
7fff
7fff
7fff
7fff
7fff
7fff
7fff
7fff
7fff
7fff
7fff
7fff
7fff
7fff
7fff
7fff
7fff
7fff
7fff
7fff
7fff
7fff
7fff
7fff
7fff
7fff
7fff
7fff
7fff
7fff
7fff
7fff
7fff
7fff
7fff
7fff
7fff
7fff
7fff
7fff
7fff
7fff
7fff
7fff
7fff
7fff
7fff
7fff
7fff
7fff
7fff
7fff
7fff
7fff
7fff
7fff
7fff
7fff
7fff
7fff
7fff
7fff
7fff
7fff
7fff
7fff
7fff
7fff
7fff
7fff
7fff
7fff
7fff
7fff
7fff
7fff
7fff
7fff
7fff
7fff
7fff
7fff
7fff
7fff
7fff
7fff
7fff
7fff
7fff
7fff
7fff
7fff
7fff
7fff
7fff
7fff
7fff
7fff
7fff
7fff
7fff
7fff
7fff
7fff
7fff
7fff
7fff
7fff
7fff
7fff
7fff
7fff
7fff
7fff
7fff
7fff
7fff
7fff
7fff
7fff
7fff
7fff
7fff
7fff
7fff
7fff
7fff
7fff
7fff
7fff
7fff
7fff
7fff
7fff
7fff
7fff
7fff
7fff
7fff
7fff
7fff
7fff
7fff
7fff
7fff
7fff
7fff
7fff
7fff
7fff
7fff
7fff
7fff
7fff
7fff
7fff
7fff
7fff
7fff
7fff
7fff
7fff
7fff
7fff
7fff
7fff
7fff
7fff
7fff
7fff
7fff
7fff
7fff
7fff
7fff
7fff
7fff
7fff
7fff
7fff
7fff
7fff
7fff
7fff
7fff
7fff
7fff
7fff
7fff
7fff
7fff
7fff
7fff
7fff
7fff
7fff
7fff
7fff
7fff
7fff
7fff
7fff
7fff
7fff
7fff
7fff
7fff
7fff
7fff
7fff
7fff
7fff
7fff
7fff
7fff
7fff
7fff
7fff
7fff
7fff
7fff
7fff
7fff
7fff
7fff
7fff
7fff
7fff
7fff
7fff
7fff
7fff
7fff
7fff
7fff
7fff
7fff
7fff
7fff
7fff
7fff
7fff
7fff
7fff
7fff
7fff
7fff
7fff
7fff
7fff
7fff
7fff
7fff
7fff
7fff
7fff
7fff
7fff
7fff
7fff
7fff
7fff
7fff
7fff
7fff
7fff
7fff
7fff
7fff
7fff
7fff
7fff
7fff
7fff
7fff
7fff
7fff
7fff
7fff
7fff
7fff
7fff
7fff
7fff
7fff
7fff
7fff
7fff
7fff
7fff
7fff
7fff
7fff
7fff
7fff
7fff
7fff
7fff
7fff
7fff
7fff
7fff
7fff
7fff
7fff
7fff
7fff
7fff
7fff
7fff
7fff
7fff
7fff
7fff
7fff
7fff
7fff
7fff
7fff
7fff
7fff
7fff
7fff
7fff
7fff
7fff
7fff
7fff
7fff
7fff
7fff
7fff
7fff
7fff
7fff
7fff
7fff
7fff
7fff
7fff
7fff
7fff
7fff
7fff
7fff
7fff
7fff
7fff
7fff
7fff
7fff
7fff
7fff
7fff
7fff
7fff
7fff
7fff
7fff
7fff
7fff
7fff
7fff
7fff
7fff
7fff
7fff
7fff
7fff
7fff
7fff
7fff
7fff
7fff
7fff
7fff
7fff
7fff
7fff
7fff
7fff
7fff
7fff
7fff
7fff
7fff
7fff
7fff
7fff
7fff
7fff
7fff
7fff
7fff
7fff
7fff
7fff
7fff
7fff
7fff
7fff
7fff
7fff
7fff
7fff
7fff
7fff
7fff
7fff
7fff
7fff
7fff
7fff
7fff
7fff
7fff
7fff
7fff
7fff
7fff
7fff
7fff
7fff
7fff
7fff
7fff
7fff
7fff
7fff
7fff
7fff
7fff
7fff
7fff
7fff
7fff
7fff
7fff
7fff
7fff
7fff
7fff
7fff
7fff
7fff
7fff
7fff
7fff
7fff
7fff
7fff
7fff
7fff
7fff
7fff
7fff
7fff
7fff
7fff
7fff
7fff
7fff
7fff
7fff
7fff
7fff
7fff
7fff
7fff
7fff
7fff
7fff
7fff
7fff
7fff
7fff
7fff
7fff
7fff
7fff
7fff
7fff
7fff
7fff
7fff
7fff
7fff
7fff
7fff
7fff
7fff
7fff
7fff
7fff
7fff
7fff
7fff
7fff
7fff
7fff
7fff
7fff
7fff
7fff
7fff
7fff
7fff
7fff
7fff
7fff
7fff
7fff
7fff
7fff
7fff
7fff
7fff
7fff
7fff
7fff
7fff
7fff
7fff
7fff
7fff
7fff
7fff
7fff
7fff
7fff
7fff
7fff
7fff
7fff
7fff
7fff
7fff
7fff
7fff
7fff
7fff
7fff
7fff
7fff
7fff
7fff
7fff
7fff
7fff
7fff
7fff
7fff
7fff
7fff
7fff
7fff
7fff
7fff
7fff
7fff
7fff
7fff
7fff
7fff
7fff
7fff
7fff
7fff
7fff
7fff
7fff
7fff
7fff
7fff
7fff
7fff
7fff
7fff
7fff
7fff
7fff
7fff
7fff
7fff
7fff
7fff
7fff
7fff
7fff
7fff
7fff
7fff
7fff
7fff
7fff
7fff
7fff
7fff
7fff
7fff
7fff
7fff
7fff
7fff
7fff
7fff
7fff
7fff
7fff
7fff
7fff
7fff
7fff
7fff
7fff
7fff
7fff
7fff
7fff
7fff
7fff
7fff
7fff
7fff
7fff
7fff
7fff
7fff
7fff
7fff
7fff
7fff
7fff
7fff
7fff
7fff
7fff
7fff
7fff
7fff
7fff
7fff
7fff
7fff
7fff
7fff
7fff
7fff
7fff
7fff
7fff
7fff
7fff
7fff
7fff
7fff
7fff
7fff
7fff
7fff
7fff
7fff
7fff
7fff
7fff
7fff
7fff
7fff
7fff
7fff
7fff
7fff
7fff
7fff
7fff
7fff
7fff
7fff
7fff
7fff
7fff
7fff
7fff
7fff
7fff
7fff
7fff
7fff
7fff
7fff
7fff
7fff
7fff
7fff
7fff
7fff
7fff
7fff
7fff
7fff
7fff
7fff
7fff
7fff
7fff
7fff
7fff
7fff
7fff
7fff
7fff
7fff
7fff
7fff
7fff
7fff
7fff
7fff
7fff
7fff
7fff
7fff
7fff
7fff
7fff
7fff
7fff
7fff
7fff
7fff
7fff
7fff
7fff
7fff
7fff
7fff
7fff
7fff
7fff
7fff
7fff
7fff
7fff
7fff
7fff
7fff
7fff
7fff
7fff
7fff
7fff
7fff
7fff
7fff
7fff
7fff
7fff
7fff
7fff
7fff
7fff
7fff
7fff
7fff
7fff
7fff
7fff
7fff
7fff
7fff
7fff
7fff
7fff
7fff
7fff
7fff
7fff
7fff
7fff
7fff
7fff
7fff
7fff
7fff
7fff
7fff
7fff
7fff
7fff
7fff
7fff
7fff
7fff
7fff
7fff
7fff
7fff
7fff
7fff
7fff
7fff
7fff
7fff
7fff
7fff
7fff
7fff
7fff
7fff
7fff
7fff
7fff
7fff
7fff
7fff
7fff
7fff
7fff
7fff
7fff
7fff
7fff
7fff
7fff
7fff
7fff
7fff
7fff
7fff
7fff
7fff
7fff
7fff
7fff
7fff
7fff
7fff
7fff
7fff
7fff
7fff
7fff
7fff
7fff
7fff
7fff
7fff
7fff
7fff
7fff
7fff
7fff
7fff
7fff
7fff
7fff
7fff
7fff
7fff
7fff
7fff
7fff
7fff
7fff
7fff
7fff
7fff
7fff
7fff
7fff
7fff
7fff
7fff
7fff
7fff
7fff
7fff
7fff
7fff
7fff
7fff
7fff
7fff
7fff
7fff
7fff
7fff
7fff
7fff
7fff
7fff
7fff
7fff
7fff
7fff
7fff
7fff
7fff
7fff
7fff
7fff
7fff
7fff
7fff
7fff
7fff
7fff
7fff
7fff
7fff
7fff
7fff
7fff
7fff
7fff
7fff
7fff
7fff
7fff
7fff
7fff
7fff
7fff
7fff
7fff
7fff
7fff
7fff
7fff
7fff
7fff
7fff
7fff
7fff
7fff
7fff
7fff
7fff
7fff
7fff
7fff
7fff
7fff
7fff
7fff
7fff
7fff
7fff
7fff
7fff
7fff
7fff
7fff
7fff
7fff
7fff
7fff
7fff
7fff
7fff
7fff
7fff
7fff
7fff
7fff
7fff
7fff
7fff
7fff
7fff
7fff
7fff
7fff
7fff
7fff
7fff
7fff
7fff
7fff
7fff
7fff
7fff
7fff
7fff
7fff
7fff
7fff
7fff
7fff
7fff
7fff
7fff
7fff
7fff
7fff
7fff
7fff
7fff
7fff
7fff
7fff
7fff
7fff
7fff
7fff
7fff
7fff
7fff
7fff
7fff
7fff
7fff
7fff
7fff
7fff
7fff
7fff
7fff
7fff
7fff
7fff
7fff
7fff
7fff
7fff
7fff
7fff
7fff
7fff
7fff
7fff
7fff
7fff
7fff
7fff
7fff
7fff
7fff
7fff
7fff
7fff
7fff
7fff
7fff
7fff
7fff
7fff
7fff
7fff
7fff
7fff
7fff
7fff
7fff
7fff
7fff
7fff
7fff
7fff
7fff
7fff
7fff
7fff
7fff
7fff
7fff
7fff
7fff
7fff
7fff
7fff
7fff
7fff
7fff
7fff
7fff
7fff
7fff
7fff
7fff
7fff
7fff
7fff
7fff
7fff
7fff
7fff
7fff
7fff
7fff
7fff
7fff
7fff
7fff
7fff
7fff
7fff
7fff
7fff
7fff
7fff
7fff
7fff
7fff
7fff
7fff
7fff
7fff
7fff
7fff
7fff
7fff
7fff
7fff
7fff
7fff
7fff
7fff
7fff
7fff
7fff
7fff
7fff
7fff
7fff
7fff
7fff
7fff
7fff
7fff
7fff
7fff
7fff
7fff
7fff
7fff
7fff
7fff
7fff
7fff
7fff
7fff
7fff
7fff
7fff
7fff
7fff
7fff
7fff
7fff
7fff
7fff
7fff
7fff
7fff
7fff
7fff
7fff
7fff
7fff
7fff
7fff
7fff
7fff
7fff
7fff
7fff
7fff
7fff
7fff
7fff
7fff
7fff
7fff
7fff
7fff
7fff
7fff
7fff
7fff
7fff
7fff
7fff
7fff
7fff
7fff
7fff
7fff
7fff
7fff
7fff
7fff
7fff
7fff
7fff
7fff
7fff
7fff
7fff
7fff
7fff
7fff
7fff
7fff
7fff
7fff
7fff
7fff
7fff
7fff
7fff
7fff
7fff
7fff
7fff
7fff
7fff
7fff
7fff
7fff
7fff
7fff
7fff
7fff
7fff
7fff
7fff
7fff
7fff
7fff
7fff
7fff
7fff
7fff
7fff
7fff
7fff
7fff
7fff
7fff
7fff
7fff
7fff
7fff
7fff
7fff
7fff
7fff
7fff
7fff
7fff
7fff
7fff
7fff
7fff
7fff
7fff
7fff
7fff
7fff
7fff
7fff
7fff
7fff
7fff
7fff
7fff
7fff
7fff
7fff
7fff
7fff
7fff
7fff
7fff
7fff
7fff
7fff
7fff
7fff
7fff
7fff
7fff
7fff
7fff
7fff
7fff
7fff
7fff
7fff
7fff
7fff
7fff
7fff
7fff
7fff
7fff
7fff
7fff
7fff
7fff
7fff
7fff
7fff
7fff
7fff
7fff
7fff
7fff
7fff
7fff
7fff
7fff
7fff
7fff
7fff
7fff
7fff
7fff
7fff
7fff
7fff
7fff
7fff
7fff
7fff
7fff
7fff
7fff
7fff
7fff
7fff
7fff
7fff
7fff
7fff
7fff
7fff
7fff
7fff
7fff
7fff
7fff
7fff
7fff
7fff
7fff
7fff
7fff
7fff
7fff
7fff
7fff
7fff
7fff
7fff
7fff
7fff
7fff
7fff
7fff
7fff
7fff
7fff
7fff
7fff
7fff
7fff
7fff
7fff
7fff
7fff
7fff
7fff
7fff
7fff
7fff
7fff
7fff
7fff
7fff
7fff
7fff
7fff
7fff
7fff
7fff
7fff
7fff
7fff
7fff
7fff
7fff
7fff
7fff
7fff
7fff
7fff
7fff
7fff
7fff
7fff
7fff
7fff
7fff
7fff
7fff
7fff
7fff
7fff
7fff
7fff
7fff
7fff
7fff
7fff
7fff
7fff
7fff
7fff
7fff
7fff
7fff
7fff
7fff
7fff
7fff
7fff
7fff
7fff
7fff
7fff
7fff
7fff
7fff
7fff
7fff
7fff
7fff
7fff
7fff
7fff
7fff
7fff
7fff
7fff
7fff
7fff
7fff
7fff
7fff
7fff
7fff
7fff
7fff
7fff
7fff
7fff
7fff
7fff
7fff
7fff
7fff
7fff
7fff
7fff
7fff
7fff
7fff
7fff
7fff
7fff
7fff
7fff
7fff
7fff
7fff
7fff
7fff
7fff
7fff
7fff
7fff
7fff
7fff
7fff
7fff
7fff
7fff
7fff
7fff
7fff
7fff
7fff
7fff
7fff
7fff
7fff
7fff
7fff
7fff
7fff
7fff
7fff
7fff
7fff
7fff
7fff
7fff
7fff
7fff
7fff
7fff
7fff
7fff
7fff
7fff
7fff
7fff
7fff
7fff
7fff
7fff
7fff
7fff
7fff
7fff
7fff
7fff
7fff
7fff
7fff
7fff
7fff
7fff
7fff
7fff
7fff
7fff
7fff
7fff
7fff
7fff
7fff
7fff
7fff
7fff
7fff
7fff
7fff
7fff
7fff
7fff
7fff
7fff
7fff
7fff
7fff
7fff
7fff
7fff
7fff
7fff
7fff
7fff
7fff
7fff
7fff
7fff
7fff
7fff
7fff
7fff
7fff
7fff
7fff
7fff
7fff
7fff
7fff
7fff
7fff
7fff
7fff
7fff
7fff
7fff
7fff
7fff
7fff
7fff
7fff
7fff
7fff
7fff
7fff
7fff
7fff
7fff
7fff
7fff
7fff
7fff
7fff
7fff
7fff
7fff
7fff
7fff
7fff
7fff
7fff
7fff
7fff
7fff
7fff
7fff
7fff
7fff
7fff
7fff
7fff
7fff
7fff
7fff
7fff
7fff
7fff
7fff
7fff
7fff
7fff
7fff
7fff
7fff
7fff
7fff
7fff
7fff
7fff
7fff
7fff
7fff
7fff
7fff
7fff
7fff
7fff
7fff
7fff
7fff
7fff
7fff
7fff
7fff
7fff
7fff
7fff
7fff
7fff
7fff
7fff
7fff
7fff
7fff
7fff
7fff
7fff
7fff
7fff
7fff
7fff
7fff
7fff
7fff
7fff
7fff
7fff
7fff
7fff
7fff
7fff
7fff
7fff
7fff
7fff
7fff
7fff
7fff
7fff
7fff
7fff
7fff
7fff
7fff
7fff
7fff
7fff
7fff
7fff
7fff
7fff
7fff
7fff
7fff
7fff
7fff
7fff
7fff
7fff
7fff
7fff
7fff
7fff
7fff
7fff
7fff
7fff
7fff
7fff
7fff
7fff
7fff
7fff
7fff
7fff
7fff
7fff
7fff
7fff
7fff
7fff
7fff
7fff
7fff
7fff
7fff
7fff
7fff
7fff
7fff
7fff
7fff
7fff
7fff
7fff
7fff
7fff
7fff
7fff
7fff
7fff
7fff
7fff
7fff
7fff
7fff
7fff
7fff
7fff
7fff
7fff
7fff
7fff
7fff
7fff
7fff
7fff
7fff
7fff
7fff
7fff
7fff
7fff
7fff
7fff
7fff
7fff
7fff
7fff
7fff
7fff
7fff
7fff
7fff
7fff
7fff
7fff
7fff
7fff
7fff
7fff
7fff
7fff
7fff
7fff
7fff
7fff
7fff
7fff
7fff
7fff
7fff
7fff
7fff
7fff
7fff
7fff
7fff
7fff
7fff
7fff
7fff
7fff
7fff
7fff
7fff
7fff
7fff
7fff
7fff
7fff
7fff
7fff
7fff
7fff
7fff
7fff
7fff
7fff
7fff
7fff
7fff
7fff
7fff
7fff
7fff
7fff
7fff
7fff
7fff
7fff
7fff
7fff
7fff
7fff
7fff
7fff
7fff
7fff
7fff
7fff
7fff
7fff
7fff
7fff
7fff
7fff
7fff
7fff
7fff
7fff
7fff
7fff
7fff
7fff
7fff
7fff
7fff
7fff
7fff
7fff
7fff
7fff
7fff
7fff
7fff
7fff
7fff
7fff
7fff
7fff
7fff
7fff
7fff
7fff
7fff
7fff
7fff
7fff
7fff
7fff
7fff
7fff
7fff
7fff
7fff
7fff
7fff
7fff
7fff
7fff
7fff
7fff
7fff
7fff
7fff
7fff
7fff
7fff
7fff
7fff
7fff
7fff
7fff
7fff
7fff
7fff
7fff
7fff
7fff
7fff
7fff
7fff
7fff
7fff
7fff
7fff
7fff
7fff
7fff
7fff
7fff
7fff
7fff
7fff
7fff
7fff
7fff
7fff
7fff
7fff
7fff
7fff
7fff
7fff
7fff
7fff
7fff
7fff
7fff
7fff
7fff
7fff
7fff
7fff
7fff
7fff
7fff
7fff
7fff
7fff
7fff
7fff
7fff
7fff
7fff
7fff
7fff
7fff
7fff
7fff
7fff
7fff
7fff
7fff
7fff
7fff
7fff
7fff
7fff
7fff
7fff
7fff
7fff
7fff
7fff
7fff
7fff
7fff
7fff
7fff
7fff
7fff
7fff
7fff
7fff
7fff
7fff
7fff
7fff
7fff
7fff
7fff
7fff
7fff
7fff
7fff
7fff
7fff
7fff
7fff
7fff
7fff
7fff
7fff
7fff
7fff
7fff
7fff
7fff
7fff
7fff
7fff
7fff
7fff
7fff
7fff
7fff
7fff
7fff
7fff
7fff
7fff
7fff
7fff
7fff
7fff
7fff
7fff
7fff
7fff
7fff
7fff
7fff
7fff
7fff
7fff
7fff
7fff
7fff
7fff
7fff
7fff
7fff
7fff
7fff
7fff
7fff
7fff
7fff
7fff
7fff
7fff
7fff
7fff
7fff
7fff
7fff
7fff
7fff
7fff
7fff
7fff
7fff
7fff
7fff
7fff
7fff
7fff
7fff
7fff
7fff
7fff
7fff
7fff
7fff
7fff
7fff
7fff
7fff
7fff
7fff
7fff
7fff
7fff
7fff
7fff
7fff
7fff
7fff
7fff
7fff
7fff
7fff
7fff
7fff
7fff
7fff
7fff
7fff
7fff
7fff
7fff
7fff
7fff
7fff
7fff
7fff
7fff
7fff
7fff
7fff
7fff
7fff
7fff
7fff
7fff
7fff
7fff
7fff
7fff
7fff
7fff
7fff
7fff
7fff
7fff
7fff
7fff
7fff
7fff
7fff
7fff
7fff
7fff
7fff
7fff
7fff
7fff
7fff
7fff
7fff
7fff
7fff
7fff
7fff
7fff
7fff
7fff
7fff
7fff
7fff
7fff
7fff
7fff
7fff
7fff
7fff
7fff
7fff
7fff
7fff
7fff
7fff
7fff
7fff
7fff
7fff
7fff
7fff
7fff
7fff
7fff
7fff
7fff
7fff
7fff
7fff
7fff
7fff
7fff
7fff
7fff
7fff
7fff
7fff
7fff
7fff
7fff
7fff
7fff
7fff
7fff
7fff
7fff
7fff
7fff
7fff
7fff
7fff
7fff
7fff
7fff
7fff
7fff
7fff
7fff
7fff
7fff
7fff
7fff
7fff
7fff
7fff
7fff
7fff
7fff
7fff
7fff
7fff
7fff
7fff
7fff
7fff
7fff
7fff
7fff
7fff
7fff
7fff
7fff
7fff
7fff
7fff
7fff
7fff
7fff
7fff
7fff
7fff
7fff
7fff
7fff
7fff
7fff
7fff
7fff
7fff
7fff
7fff
7fff
7fff
7fff
7fff
7fff
7fff
7fff
7fff
7fff
7fff
7fff
7fff
7fff
7fff
7fff
7fff
7fff
7fff
7fff
7fff
7fff
7fff
7fff
7fff
7fff
7fff
7fff
7fff
7fff
7fff
7fff
7fff
7fff
7fff
7fff
7fff
7fff
7fff
7fff
7fff
7fff
7fff
7fff
7fff
7fff
7fff
7fff
7fff
7fff
7fff
7fff
7fff
7fff
7fff
7fff
7fff
7fff
7fff
7fff
7fff
7fff
7fff
7fff
7fff
7fff
7fff
7fff
7fff
7fff
7fff
7fff
7fff
7fff
7fff
7fff
7fff
7fff
7fff
7fff
7fff
7fff
7fff
7fff
7fff
7fff
7fff
7fff
7fff
7fff
7fff
7fff
7fff
7fff
7fff
7fff
7fff
7fff
7fff
7fff
7fff
7fff
7fff
7fff
7fff
7fff
7fff
7fff
7fff
7fff
7fff
7fff
7fff
7fff
7fff
7fff
7fff
7fff
7fff
7fff
7fff
7fff
7fff
7fff
7fff
7fff
7fff
7fff
7fff
7fff
7fff
7fff
7fff
7fff
7fff
7fff
7fff
7fff
7fff
7fff
7fff
7fff
7fff
7fff
7fff
7fff
7fff
7fff
7fff
7fff
7fff
7fff
7fff
7fff
7fff
7fff
7fff
7fff
7fff
7fff
7fff
7fff
7fff
7fff
7fff
7fff
7fff
7fff
7fff
7fff
7fff
7fff
7fff
7fff
7fff
7fff
7fff
7fff
7fff
7fff
7fff
7fff
7fff
7fff
7fff
7fff
7fff
7fff
7fff
7fff
7fff
7fff
7fff
7fff
7fff
7fff
7fff
7fff
7fff
7fff
7fff
7fff
7fff
7fff
7fff
7fff
7fff
7fff
7fff
7fff
7fff
7fff
7fff
7fff
7fff
7fff
7fff
7fff
7fff
7fff
7fff
7fff
7fff
7fff
7fff
7fff
7fff
7fff
7fff
7fff
7fff
7fff
7fff
7fff
7fff
7fff
7fff
7fff
7fff
7fff
7fff
7fff
7fff
7fff
7fff
7fff
7fff
7fff
7fff
7fff
7fff
7fff
7fff
7fff
7fff
7fff
7fff
7fff
7fff
7fff
7fff
7fff
7fff
7fff
7fff
7fff
7fff
7fff
7fff
7fff
7fff
7fff
7fff
7fff
7fff
7fff
7fff
7fff
7fff
7fff
7fff
7fff
7fff
7fff
7fff
7fff
7fff
7fff
7fff
7fff
7fff
7fff
7fff
7fff
7fff
7fff
7fff
7fff
7fff
7fff
7fff
7fff
7fff
7fff
7fff
7fff
7fff
7fff
7fff
7fff
7fff
7fff
7fff
7fff
7fff
7fff
7fff
7fff
7fff
7fff
7fff
7fff
7fff
7fff
7fff
7fff
7fff
7fff
7fff
7fff
7fff
7fff
7fff
7fff
7fff
7fff
7fff
7fff
7fff
7fff
7fff
7fff
7fff
7fff
7fff
7fff
7fff
7fff
7fff
7fff
7fff
7fff
7fff
7fff
7fff
7fff
7fff
7fff
7fff
7fff
7fff
7fff
7fff
7fff
7fff
7fff
7fff
7fff
7fff
7fff
7fff
7fff
7fff
7fff
7fff
7fff
7fff
7fff
7fff
7fff
7fff
7fff
7fff
7fff
7fff
7fff
7fff
7fff
7fff
7fff
7fff
7fff
7fff
7fff
7fff
7fff
7fff
7fff
7fff
7fff
7fff
7fff
7fff
7fff
7fff
7fff
7fff
7fff
7fff
7fff
7fff
7fff
7fff
7fff
7fff
7fff
7fff
7fff
7fff
7fff
7fff
7fff
7fff
7fff
7fff
7fff
7fff
7fff
7fff
7fff
7fff
7fff
7fff
7fff
7fff
7fff
7fff
7fff
7fff
7fff
7fff
7fff
7fff
7fff
7fff
7fff
7fff
7fff
7fff
7fff
7fff
7fff
7fff
7fff
7fff
7fff
7fff
7fff
7fff
7fff
7fff
7fff
7fff
7fff
7fff
7fff
7fff
7fff
7fff
7fff
7fff
7fff
7fff
7fff
7fff
7fff
7fff
7fff
7fff
7fff
7fff
7fff
7fff
7fff
7fff
7fff
7fff
7fff
7fff
7fff
7fff
7fff
7fff
7fff
7fff
7fff
7fff
7fff
7fff
7fff
7fff
7fff
7fff
7fff
7fff
7fff
7fff
7fff
7fff
7fff
7fff
7fff
7fff
7fff
7fff
7fff
7fff
7fff
7fff
7fff
7fff
7fff
7fff
7fff
7fff
7fff
7fff
7fff
7fff
7fff
7fff
7fff
7fff
7fff
7fff
7fff
7fff
7fff
7fff
7fff
7fff
7fff
7fff
7fff
7fff
7fff
7fff
7fff
7fff
7fff
7fff
7fff
7fff
7fff
7fff
7fff
7fff
7fff
7fff
7fff
7fff
7fff
7fff
7fff
7fff
7fff
7fff
7fff
7fff
7fff
7fff
7fff
7fff
7fff
7fff
7fff
7fff
7fff
7fff
7fff
7fff
7fff
7fff
7fff
7fff
7fff
7fff
7fff
7fff
7fff
7fff
7fff
7fff
7fff
7fff
7fff
7fff
7fff
7fff
7fff
7fff
7fff
7fff
7fff
7fff
7fff
7fff
7fff
7fff
7fff
7fff
7fff
7fff
7fff
7fff
7fff
7fff
7fff
7fff
7fff
7fff
7fff
7fff
7fff
7fff
7fff
7fff
7fff
7fff
7fff
7fff
7fff
7fff
7fff
7fff
7fff
7fff
7fff
7fff
7fff
7fff
7fff
7fff
7fff
7fff
7fff
7fff
7fff
7fff
7fff
7fff
7fff
7fff
7fff
7fff
7fff
7fff
7fff
7fff
7fff
7fff
7fff
7fff
7fff
7fff
7fff
7fff
7fff
7fff
7fff
7fff
7fff
7fff
7fff
7fff
7fff
7fff
7fff
7fff
7fff
7fff
7fff
7fff
7fff
7fff
7fff
7fff
7fff
7fff
7fff
7fff
7fff
7fff
7fff
7fff
7fff
7fff
7fff
7fff
7fff
7fff
7fff
7fff
7fff
7fff
7fff
7fff
7fff
7fff
7fff
7fff
7fff
7fff
7fff
7fff
7fff
7fff
7fff
7fff
7fff
7fff
7fff
7fff
7fff
7fff
7fff
7fff
7fff
7fff
7fff
7fff
7fff
7fff
7fff
7fff
7fff
7fff
7fff
7fff
7fff
7fff
7fff
7fff
7fff
7fff
7fff
7fff
7fff
7fff
7fff
7fff
7fff
7fff
7fff
7fff
7fff
7fff
7fff
7fff
7fff
7fff
7fff
7fff
7fff
7fff
7fff
7fff
7fff
7fff
7fff
7fff
7fff
7fff
7fff
7fff
7fff
7fff
7fff
7fff
7fff
7fff
7fff
7fff
7fff
7fff
7fff
7fff
7fff
7fff
7fff
7fff
7fff
7fff
7fff
7fff
7fff
7fff
7fff
7fff
7fff
7fff
7fff
7fff
7fff
7fff
7fff
7fff
7fff
7fff
7fff
7fff
7fff
7fff
7fff
7fff
7fff
7fff
7fff
7fff
7fff
7fff
7fff
7fff
7fff
7fff
7fff
7fff
7fff
7fff
7fff
7fff
7fff
7fff
7fff
7fff
7fff
7fff
7fff
7fff
7fff
7fff
7fff
7fff
7fff
7fff
7fff
7fff
7fff
7fff
7fff
7fff
7fff
7fff
7fff
7fff
7fff
7fff
7fff
7fff
7fff
7fff
7fff
7fff
7fff
7fff
7fff
7fff
7fff
7fff
7fff
7fff
7fff
7fff
7fff
7fff
7fff
7fff
7fff
7fff
7fff
7fff
7fff
7fff
7fff
7fff
7fff
7fff
7fff
7fff
7fff
7fff
7fff
7fff
7fff
7fff
7fff
7fff
7fff
7fff
7fff
7fff
7fff
7fff
7fff
7fff
7fff
7fff
7fff
7fff
7fff
7fff
7fff
7fff
7fff
7fff
7fff
7fff
7fff
7fff
7fff
7fff
7fff
7fff
7fff
7fff
7fff
7fff
7fff
7fff
7fff
7fff
7fff
7fff
7fff
7fff
7fff
7fff
7fff
7fff
7fff
7fff
7fff
7fff
7fff
7fff
7fff
7fff
7fff
7fff
7fff
7fff
7fff
7fff
7fff
7fff
7fff
7fff
7fff
7fff
7fff
7fff
7fff
7fff
7fff
7fff
7fff
7fff
7fff
7fff
7fff
7fff
7fff
7fff
7fff
7fff
7fff
7fff
7fff
7fff
7fff
7fff
7fff
7fff
7fff
7fff
7fff
7fff
7fff
7fff
7fff
7fff
7fff
7fff
7fff
7fff
7fff
7fff
7fff
7fff
7fff
7fff
7fff
7fff
7fff
7fff
7fff
7fff
7fff
7fff
7fff
7fff
7fff
7fff
7fff
7fff
7fff
7fff
7fff
7fff
7fff
7fff
7fff
7fff
7fff
7fff
7fff
7fff
7fff
7fff
7fff
7fff
7fff
7fff
7fff
7fff
7fff
7fff
7fff
7fff
7fff
7fff
7fff
7fff
7fff
7fff
7fff
7fff
7fff
7fff
7fff
7fff
7fff
7fff
7fff
7fff
7fff
7fff
7fff
7fff
7fff
7fff
7fff
7fff
7fff
7fff
7fff
7fff
7fff
7fff
7fff
7fff
7fff
7fff
7fff
7fff
7fff
7fff
7fff
7fff
7fff
7fff
7fff
7fff
7fff
7fff
7fff
7fff
7fff
7fff
7fff
7fff
7fff
7fff
7fff
7fff
7fff
7fff
7fff
7fff
7fff
7fff
7fff
7fff
7fff
7fff
7fff
7fff
7fff
7fff
7fff
7fff
7fff
7fff
7fff
7fff
7fff
7fff
7fff
7fff
7fff
7fff
7fff
7fff
7fff
7fff
7fff
7fff
7fff
7fff
7fff
7fff
7fff
7fff
7fff
7fff
7fff
7fff
7fff
7fff
7fff
7fff
7fff
7fff
7fff
7fff
7fff
7fff
7fff
7fff
7fff
7fff
7fff
7fff
7fff
7fff
7fff
7fff
7fff
7fff
7fff
7fff
7fff
7fff
7fff
7fff
7fff
7fff
7fff
7fff
7fff
7fff
7fff
7fff
7fff
7fff
7fff
7fff
7fff
7fff
7fff
7fff
7fff
7fff
7fff
7fff
7fff
7fff
7fff
7fff
7fff
7fff
7fff
7fff
7fff
7fff
7fff
7fff
7fff
7fff
7fff
7fff
7fff
7fff
7fff
7fff
7fff
7fff
7fff
7fff
7fff
7fff
7fff
7fff
7fff
7fff
7fff
7fff
7fff
7fff
7fff
7fff
7fff
7fff
7fff
7fff
7fff
7fff
7fff
7fff
7fff
7fff
7fff
7fff
7fff
7fff
7fff
7fff
7fff
7fff
7fff
7fff
7fff
7fff
7fff
7fff
7fff
7fff
7fff
7fff
7fff
7fff
7fff
7fff
7fff
7fff
7fff
7fff
7fff
7fff
7fff
7fff
7fff
7fff
7fff
7fff
7fff
7fff
7fff
7fff
7fff
7fff
7fff
7fff
7fff
7fff
7fff
7fff
7fff
7fff
7fff
7fff
7fff
7fff
7fff
7fff
7fff
7fff
7fff
7fff
7fff
7fff
7fff
7fff
7fff
7fff
7fff
7fff
7fff
7fff
7fff
7fff
7fff
7fff
7fff
7fff
7fff
7fff
7fff
7fff
7fff
7fff
7fff
7fff
7fff
7fff
7fff
7fff
7fff
7fff
7fff
7fff
7fff
7fff
7fff
7fff
7fff
7fff
7fff
7fff
7fff
7fff
7fff
7fff
7fff
7fff
7fff
7fff
7fff
7fff
7fff
7fff
7fff
7fff
7fff
7fff
7fff
7fff
7fff
7fff
7fff
7fff
7fff
7fff
7fff
7fff
7fff
7fff
7fff
7fff
7fff
7fff
7fff
7fff
7fff
7fff
7fff
7fff
7fff
7fff
7fff
7fff
7fff
7fff
7fff
7fff
7fff
7fff
7fff
7fff
7fff
7fff
7fff
7fff
7fff
7fff
7fff
7fff
7fff
7fff
7fff
7fff
7fff
7fff
7fff
7fff
7fff
7fff
7fff
7fff
7fff
7fff
7fff
7fff
7fff
7fff
7fff
7fff
7fff
7fff
7fff
7fff
7fff
7fff
7fff
7fff
7fff
7fff
7fff
7fff
7fff
7fff
7fff
7fff
7fff
7fff
7fff
7fff
7fff
7fff
7fff
7fff
7fff
7fff
7fff
7fff
7fff
7fff
7fff
7fff
7fff
7fff
7fff
7fff
7fff
7fff
7fff
7fff
7fff
7fff
7fff
7fff
7fff
7fff
7fff
7fff
7fff
7fff
7fff
7fff
7fff
7fff
7fff
7fff
7fff
7fff
7fff
7fff
7fff
7fff
7fff
7fff
7fff
7fff
7fff
7fff
7fff
7fff
7fff
7fff
7fff
7fff
7fff
7fff
7fff
7fff
7fff
7fff
7fff
7fff
7fff
7fff
7fff
7fff
7fff
7fff
7fff
7fff
7fff
7fff
7fff
7fff
7fff
7fff
7fff
7fff
7fff
7fff
7fff
7fff
7fff
7fff
7fff
7fff
7fff
7fff
7fff
7fff
7fff
7fff
7fff
7fff
7fff
7fff
7fff
7fff
7fff
7fff
7fff
7fff
7fff
7fff
7fff
7fff
7fff
7fff
7fff
7fff
7fff
7fff
7fff
7fff
7fff
7fff
7fff
7fff
7fff
7fff
7fff
7fff
7fff
7fff
7fff
7fff
7fff
7fff
7fff
7fff
7fff
7fff
7fff
7fff
7fff
7fff
7fff
7fff
7fff
7fff
7fff
7fff
7fff
7fff
7fff
7fff
7fff
7fff
7fff
7fff
7fff
7fff
7fff
7fff
7fff
7fff
7fff
7fff
7fff
7fff
7fff
7fff
7fff
7fff
7fff
7fff
7fff
7fff
7fff
7fff
7fff
7fff
7fff
7fff
7fff
7fff
7fff
7fff
7fff
7fff
7fff
7fff
7fff
7fff
7fff
7fff
7fff
7fff
7fff
7fff
7fff
7fff
7fff
7fff
7fff
7fff
7fff
7fff
7fff
7fff
7fff
7fff
7fff
7fff
7fff
7fff
7fff
7fff
7fff
7fff
7fff
7fff
7fff
7fff
7fff
7fff
7fff
7fff
7fff
7fff
7fff
7fff
7fff
7fff
7fff
7fff
7fff
7fff
7fff
7fff
7fff
7fff
7fff
7fff
7fff
7fff
7fff
7fff
7fff
7fff
7fff
7fff
7fff
7fff
7fff
7fff
7fff
7fff
7fff
7fff
7fff
7fff
7fff
7fff
7fff
7fff
7fff
7fff
7fff
7fff
7fff
7fff
7fff
7fff
7fff
7fff
7fff
7fff
7fff
7fff
7fff
7fff
7fff
7fff
7fff
7fff
7fff
7fff
7fff
7fff
7fff
7fff
7fff
7fff
7fff
7fff
7fff
7fff
7fff
7fff
7fff
7fff
7fff
7fff
7fff
7fff
7fff
7fff
7fff
7fff
7fff
7fff
7fff
7fff
7fff
7fff
7fff
7fff
7fff
7fff
7fff
7fff
7fff
7fff
7fff
7fff
7fff
7fff
7fff
7fff
7fff
7fff
7fff
7fff
7fff
7fff
7fff
7fff
7fff
7fff
7fff
7fff
7fff
7fff
7fff
7fff
7fff
7fff
7fff
7fff
7fff
7fff
7fff
7fff
7fff
7fff
7fff
7fff
7fff
7fff
7fff
7fff
7fff
7fff
7fff
7fff
7fff
7fff
7fff
7fff
7fff
7fff
7fff
7fff
7fff
7fff
7fff
7fff
7fff
7fff
7fff
7fff
7fff
7fff
7fff
7fff
7fff
7fff
7fff
7fff
7fff
7fff
7fff
7fff
7fff
7fff
7fff
7fff
7fff
7fff
7fff
7fff
7fff
7fff
7fff
7fff
7fff
7fff
7fff
7fff
7fff
7fff
7fff
7fff
7fff
7fff
7fff
7fff
7fff
7fff
7fff
7fff
7fff
7fff
7fff
7fff
7fff
7fff
7fff
7fff
7fff
7fff
7fff
7fff
7fff
7fff
7fff
7fff
7fff
7fff
7fff
7fff
7fff
7fff
7fff
7fff
7fff
7fff
7fff
7fff
7fff
7fff
7fff
7fff
7fff
7fff
7fff
7fff
7fff
7fff
7fff
7fff
7fff
7fff
7fff
7fff
7fff
7fff
7fff
7fff
7fff
7fff
7fff
7fff
7fff
7fff
7fff
7fff
7fff
7fff
7fff
7fff
7fff
7fff
7fff
7fff
7fff
7fff
7fff
7fff
7fff
7fff
7fff
7fff
7fff
7fff
7fff
7fff
7fff
7fff
7fff
7fff
7fff
7fff
7fff
7fff
7fff
7fff
7fff
7fff
7fff
7fff
7fff
7fff
7fff
7fff
7fff
7fff
7fff
7fff
7fff
7fff
7fff
7fff
7fff
7fff
7fff
7fff
7fff
7fff
7fff
7fff
7fff
7fff
7fff
7fff
7fff
7fff
7fff
7fff
7fff
7fff
7fff
7fff
7fff
7fff
7fff
7fff
7fff
7fff
7fff
7fff
7fff
7fff
7fff
7fff
7fff
7fff
7fff
7fff
7fff
7fff
7fff
7fff
7fff
7fff
7fff
7fff
7fff
7fff
7fff
7fff
7fff
7fff
7fff
7fff
7fff
7fff
7fff
7fff
7fff
7fff
7fff
7fff
7fff
7fff
7fff
7fff
7fff
7fff
7fff
7fff
7fff
7fff
7fff
7fff
7fff
7fff
7fff
7fff
7fff
7fff
7fff
7fff
7fff
7fff
7fff
7fff
7fff
7fff
7fff
7fff
7fff
7fff
7fff
7fff
7fff
7fff
7fff
7fff
7fff
7fff
7fff
7fff
7fff
7fff
7fff
7fff
7fff
7fff
7fff
7fff
7fff
7fff
7fff
7fff
7fff
7fff
7fff
7fff
7fff
7fff
7fff
7fff
7fff
7fff
7fff
7fff
7fff
7fff
7fff
7fff
7fff
7fff
7fff
7fff
7fff
7fff
7fff
7fff
7fff
7fff
7fff
7fff
7fff
7fff
7fff
7fff
7fff
7fff
7fff
7fff
7fff
7fff
7fff
7fff
7fff
7fff
7fff
7fff
7fff
7fff
7fff
7fff
7fff
7fff
7fff
7fff
7fff
7fff
7fff
7fff
7fff
7fff
7fff
7fff
7fff
7fff
7fff
7fff
7fff
7fff
7fff
7fff
7fff
7fff
7fff
7fff
7fff
7fff
7fff
7fff
7fff
7fff
7fff
7fff
7fff
7fff
7fff
7fff
7fff
7fff
7fff
7fff
7fff
7fff
7fff
7fff
7fff
7fff
7fff
7fff
7fff
7fff
7fff
7fff
7fff
7fff
7fff
7fff
7fff
7fff
7fff
7fff
7fff
7fff
7fff
7fff
7fff
7fff
7fff
7fff
7fff
7fff
7fff
7fff
7fff
7fff
7fff
7fff
7fff
7fff
7fff
7fff
7fff
7fff
7fff
7fff
7fff
7fff
7fff
7fff
7fff
7fff
7fff
7fff
7fff
7fff
7fff
7fff
7fff
7fff
7fff
7fff
7fff
7fff
7fff
7fff
7fff
7fff
7fff
7fff
7fff
7fff
7fff
7fff
7fff
7fff
7fff
7fff
7fff
7fff
7fff
7fff
7fff
7fff
7fff
7fff
7fff
7fff
7fff
7fff
7fff
7fff
7fff
7fff
7fff
7fff
7fff
7fff
7fff
7fff
7fff
7fff
7fff
7fff
7fff
7fff
7fff
7fff
7fff
7fff
7fff
7fff
7fff
7fff
7fff
7fff
7fff
7fff
7fff
7fff
7fff
7fff
7fff
7fff
7fff
7fff
7fff
7fff
7fff
7fff
7fff
7fff
7fff
7fff
7fff
7fff
7fff
7fff
7fff
7fff
7fff
7fff
7fff
7fff
7fff
7fff
7fff
7fff
7fff
7fff
7fff
7fff
7fff
7fff
7fff
7fff
7fff
7fff
7fff
7fff
7fff
7fff
7fff
7fff
7fff
7fff
7fff
7fff
7fff
7fff
7fff
7fff
7fff
7fff
7fff
7fff
7fff
7fff
7fff
7fff
7fff
7fff
7fff
7fff
7fff
7fff
7fff
7fff
7fff
7fff
7fff
7fff
7fff
7fff
7fff
7fff
7fff
7fff
7fff
7fff
7fff
7fff
7fff
7fff
7fff
7fff
7fff
7fff
7fff
7fff
7fff
7fff
7fff
7fff
7fff
7fff
7fff
7fff
7fff
7fff
7fff
7fff
7fff
7fff
7fff
7fff
7fff
7fff
7fff
7fff
7fff
7fff
7fff
7fff
7fff
7fff
7fff
7fff
7fff
7fff
7fff
7fff
7fff
7fff
7fff
7fff
7fff
7fff
7fff
7fff
7fff
7fff
7fff
7fff
7fff
7fff
7fff
7fff
7fff
7fff
7fff
7fff
7fff
7fff
7fff
7fff
7fff
7fff
7fff
7fff
7fff
7fff
7fff
7fff
7fff
7fff
7fff
7fff
7fff
7fff
7fff
7fff
7fff
7fff
7fff
7fff
7fff
7fff
7fff
7fff
7fff
7fff
7fff
7fff
7fff
7fff
7fff
7fff
7fff
7fff
7fff
7fff
7fff
7fff
7fff
7fff
7fff
7fff
7fff
7fff
7fff
7fff
7fff
7fff
7fff
7fff
7fff
7fff
7fff
7fff
7fff
7fff
7fff
7fff
7fff
7fff
7fff
7fff
7fff
7fff
7fff
7fff
7fff
7fff
7fff
7fff
7fff
7fff
7fff
7fff
7fff
7fff
7fff
7fff
7fff
7fff
7fff
7fff
7fff
7fff
7fff
7fff
7fff
7fff
7fff
7fff
7fff
7fff
7fff
7fff
7fff
7fff
7fff
7fff
7fff
7fff
7fff
7fff
7fff
7fff
7fff
7fff
7fff
7fff
7fff
7fff
7fff
7fff
7fff
7fff
7fff
7fff
7fff
7fff
7fff
7fff
7fff
7fff
7fff
7fff
7fff
7fff
7fff
7fff
7fff
7fff
7fff
7fff
7fff
7fff
7fff
7fff
7fff
7fff
7fff
7fff
7fff
7fff
7fff
7fff
7fff
7fff
7fff
7fff
7fff
7fff
7fff
7fff
7fff
7fff
7fff
7fff
7fff
7fff
7fff
7fff
7fff
7fff
7fff
7fff
7fff
7fff
7fff
7fff
7fff
7fff
7fff
7fff
7fff
7fff
7fff
7fff
7fff
7fff
7fff
7fff
7fff
7fff
7fff
7fff
7fff
7fff
7fff
7fff
7fff
7fff
7fff
7fff
7fff
7fff
7fff
7fff
7fff
7fff
7fff
7fff
7fff
7fff
7fff
7fff
7fff
7fff
7fff
7fff
7fff
7fff
7fff
7fff
7fff
7fff
7fff
7fff
7fff
7fff
7fff
7fff
7fff
7fff
7fff
7fff
7fff
7fff
7fff
7fff
7fff
7fff
7fff
7fff
7fff
7fff
7fff
7fff
7fff
7fff
7fff
7fff
7fff
7fff
7fff
7fff
7fff
7fff
7fff
7fff
7fff
7fff
7fff
7fff
7fff
7fff
7fff
7fff
7fff
7fff
7fff
7fff
7fff
7fff
7fff
7fff
7fff
7fff
7fff
7fff
7fff
7fff
7fff
7fff
7fff
7fff
7fff
7fff
7fff
7fff
7fff
7fff
7fff
7fff
7fff
7fff
7fff
7fff
7fff
7fff
7fff
7fff
7fff
7fff
7fff
7fff
7fff
7fff
7fff
7fff
7fff
7fff
7fff
7fff
7fff
7fff
7fff
7fff
7fff
7fff
7fff
7fff
7fff
7fff
7fff
7fff
7fff
7fff
7fff
7fff
7fff
7fff
7fff
7fff
7fff
7fff
7fff
7fff
7fff
7fff
7fff
7fff
7fff
7fff
7fff
7fff
7fff
7fff
7fff
7fff
7fff
7fff
7fff
7fff
7fff
7fff
7fff
7fff
7fff
7fff
7fff
7fff
7fff
7fff
7fff
7fff
7fff
7fff
7fff
7fff
7fff
7fff
7fff
7fff
7fff
7fff
7fff
7fff
7fff
7fff
7fff
7fff
7fff
7fff
7fff
7fff
7fff
7fff
7fff
7fff
7fff
7fff
7fff
7fff
7fff
7fff
7fff
7fff
7fff
7fff
7fff
7fff
7fff
7fff
7fff
7fff
7fff
7fff
7fff
7fff
7fff
7fff
7fff
7fff
7fff
7fff
7fff
7fff
7fff
7fff
7fff
7fff
7fff
7fff
7fff
7fff
7fff
7fff
7fff
7fff
7fff
7fff
7fff
7fff
7fff
7fff
7fff
7fff
7fff
7fff
7fff
7fff
7fff
7fff
7fff
7fff
7fff
7fff
7fff
7fff
7fff
7fff
7fff
7fff
7fff
7fff
7fff
7fff
7fff
7fff
7fff
7fff
7fff
7fff
7fff
7fff
7fff
7fff
7fff
7fff
7fff
7fff
7fff
7fff
7fff
7fff
7fff
7fff
7fff
7fff
7fff
7fff
7fff
7fff
7fff
7fff
7fff
7fff
7fff
7fff
7fff
7fff
7fff
7fff
7fff
7fff
7fff
7fff
7fff
7fff
7fff
7fff
7fff
7fff
7fff
7fff
7fff
7fff
7fff
7fff
7fff
7fff
7fff
7fff
7fff
7fff
7fff
7fff
7fff
7fff
7fff
7fff
7fff
7fff
7fff
7fff
7fff
7fff
7fff
7fff
7fff
7fff
7fff
7fff
7fff
7fff
7fff
7fff
7fff
7fff
7fff
7fff
7fff
7fff
7fff
7fff
7fff
7fff
7fff
7fff
7fff
7fff
7fff
7fff
7fff
7fff
7fff
7fff
7fff
7fff
7fff
7fff
7fff
7fff
7fff
7fff
7fff
7fff
7fff
7fff
7fff
7fff
7fff
7fff
7fff
7fff
7fff
7fff
7fff
7fff
7fff
7fff
7fff
7fff
7fff
7fff
7fff
7fff
7fff
7fff
7fff
7fff
7fff
7fff
7fff
7fff
7fff
7fff
7fff
7fff
7fff
7fff
7fff
7fff
7fff
7fff
7fff
7fff
7fff
7fff
7fff
7fff
7fff
7fff
7fff
7fff
7fff
7fff
7fff
7fff
7fff
7fff
7fff
7fff
7fff
7fff
7fff
7fff
7fff
7fff
7fff
7fff
7fff
7fff
7fff
7fff
7fff
7fff
7fff
7fff
7fff
7fff
7fff
7fff
7fff
7fff
7fff
7fff
7fff
7fff
7fff
7fff
7fff
7fff
7fff
7fff
7fff
7fff
7fff
7fff
7fff
7fff
7fff
7fff
7fff
7fff
7fff
7fff
7fff
7fff
7fff
7fff
7fff
7fff
7fff
7fff
7fff
7fff
7fff
7fff
7fff
7fff
7fff
7fff
7fff
7fff
7fff
7fff
7fff
7fff
7fff
7fff
7fff
7fff
7fff
7fff
7fff
7fff
7fff
7fff
7fff
7fff
7fff
7fff
7fff
7fff
7fff
7fff
7fff
7fff
7fff
7fff
7fff
7fff
7fff
7fff
7fff
7fff
7fff
7fff
7fff
7fff
7fff
7fff
7fff
7fff
7fff
7fff
7fff
7fff
7fff
7fff
7fff
7fff
7fff
7fff
7fff
7fff
7fff
7fff
7fff
7fff
7fff
7fff
7fff
7fff
7fff
7fff
7fff
7fff
7fff
7fff
7fff
7fff
7fff
7fff
7fff
7fff
7fff
7fff
7fff
7fff
7fff
7fff
7fff
7fff
7fff
7fff
7fff
7fff
7fff
7fff
7fff
7fff
7fff
7fff
7fff
7fff
7fff
7fff
7fff
7fff
7fff
7fff
7fff
7fff
7fff
7fff
7fff
7fff
7fff
7fff
7fff
7fff
7fff
7fff
7fff
7fff
7fff
7fff
7fff
7fff
7fff
7fff
7fff
7fff
7fff
7fff
7fff
7fff
7fff
7fff
7fff
7fff
7fff
7fff
7fff
7fff
7fff
7fff
7fff
7fff
7fff
7fff
7fff
7fff
7fff
7fff
7fff
7fff
7fff
7fff
7fff
7fff
7fff
7fff
7fff
7fff
7fff
7fff
7fff
7fff
7fff
7fff
7fff
7fff
7fff
7fff
7fff
7fff
7fff
7fff
7fff
7fff
7fff
7fff
7fff
7fff
7fff
7fff
7fff
7fff
7fff
7fff
7fff
7fff
7fff
7fff
7fff
7fff
7fff
7fff
7fff
7fff
7fff
7fff
7fff
7fff
7fff
7fff
7fff
7fff
7fff
7fff
7fff
7fff
7fff
7fff
7fff
7fff
7fff
7fff
7fff
7fff
7fff
7fff
7fff
7fff
7fff
7fff
7fff
7fff
7fff
7fff
7fff
7fff
7fff
7fff
7fff
7fff
7fff
7fff
7fff
7fff
7fff
7fff
7fff
7fff
7fff
7fff
7fff
7fff
7fff
7fff
7fff
7fff
7fff
7fff
7fff
7fff
7fff
7fff
7fff
7fff
7fff
7fff
7fff
7fff
7fff
7fff
7fff
7fff
7fff
7fff
7fff
7fff
7fff
7fff
7fff
7fff
7fff
7fff
7fff
7fff
7fff
7fff
7fff
7fff
7fff
7fff
7fff
7fff
7fff
7fff
7fff
7fff
7fff
7fff
7fff
7fff
7fff
7fff
7fff
7fff
7fff
7fff
7fff
7fff
7fff
7fff
7fff
7fff
7fff
7fff
7fff
7fff
7fff
7fff
7fff
7fff
7fff
7fff
7fff
7fff
7fff
7fff
7fff
7fff
7fff
7fff
7fff
7fff
7fff
7fff
7fff
7fff
7fff
7fff
7fff
7fff
7fff
7fff
7fff
7fff
7fff
7fff
7fff
7fff
7fff
7fff
7fff
7fff
7fff
7fff
7fff
7fff
7fff
7fff
7fff
7fff
7fff
7fff
7fff
7fff
7fff
7fff
7fff
7fff
7fff
7fff
7fff
7fff
7fff
7fff
7fff
7fff
7fff
7fff
7fff
7fff
7fff
7fff
7fff
7fff
7fff
7fff
7fff
7fff
7fff
7fff
7fff
7fff
7fff
7fff
7fff
7fff
7fff
7fff
7fff
7fff
7fff
7fff
7fff
7fff
7fff
7fff
7fff
7fff
7fff
7fff
7fff
7fff
7fff
7fff
7fff
7fff
7fff
7fff
7fff
7fff
7fff
7fff
7fff
7fff
7fff
7fff
7fff
7fff
7fff
7fff
7fff
7fff
7fff
7fff
7fff
7fff
7fff
7fff
7fff
7fff
7fff
7fff
7fff
7fff
7fff
7fff
7fff
7fff
7fff
7fff
7fff
7fff
7fff
7fff
7fff
7fff
7fff
7fff
7fff
7fff
7fff
7fff
7fff
7fff
7fff
7fff
7fff
7fff
7fff
7fff
7fff
7fff
7fff
7fff
7fff
7fff
7fff
7fff
7fff
7fff
7fff
7fff
7fff
7fff
7fff
7fff
7fff
7fff
7fff
7fff
7fff
7fff
7fff
7fff
7fff
7fff
7fff
7fff
7fff
7fff
7fff
7fff
7fff
7fff
7fff
7fff
7fff
7fff
7fff
7fff
7fff
7fff
7fff
7fff
7fff
7fff
7fff
7fff
7fff
7fff
7fff
7fff
7fff
7fff
7fff
7fff
7fff
7fff
7fff
7fff
7fff
7fff
7fff
7fff
7fff
7fff
7fff
7fff
7fff
7fff
7fff
7fff
7fff
7fff
7fff
7fff
7fff
7fff
7fff
7fff
7fff
7fff
7fff
7fff
7fff
7fff
7fff
7fff
7fff
7fff
7fff
7fff
7fff
7fff
7fff
7fff
7fff
7fff
7fff
7fff
7fff
7fff
7fff
7fff
7fff
7fff
7fff
7fff
7fff
7fff
7fff
7fff
7fff
7fff
7fff
7fff
7fff
7fff
7fff
7fff
7fff
7fff
7fff
7fff
7fff
7fff
7fff
7fff
7fff
7fff
7fff
7fff
7fff
7fff
7fff
7fff
7fff
7fff
7fff
7fff
7fff
7fff
7fff
7fff
7fff
7fff
7fff
7fff
7fff
7fff
7fff
7fff
7fff
7fff
7fff
7fff
7fff
7fff
7fff
7fff
7fff
7fff
7fff
7fff
7fff
7fff
7fff
7fff
7fff
7fff
7fff
7fff
7fff
7fff
7fff
7fff
7fff
7fff
7fff
7fff
7fff
7fff
7fff
7fff
7fff
7fff
7fff
7fff
7fff
7fff
7fff
7fff
7fff
7fff
7fff
7fff
7fff
7fff
7fff
7fff
7fff
7fff
7fff
7fff
7fff
7fff
7fff
7fff
7fff
7fff
7fff
7fff
7fff
7fff
7fff
7fff
7fff
7fff
7fff
7fff
7fff
7fff
7fff
7fff
7fff
7fff
7fff
7fff
7fff
7fff
7fff
7fff
7fff
7fff
7fff
7fff
7fff
7fff
7fff
7fff
7fff
7fff
7fff
7fff
7fff
7fff
7fff
7fff
7fff
7fff
7fff
7fff
7fff
7fff
7fff
7fff
7fff
7fff
7fff
7fff
7fff
7fff
7fff
7fff
7fff
7fff
7fff
7fff
7fff
7fff
7fff
7fff
7fff
7fff
7fff
7fff
7fff
7fff
7fff
7fff
7fff
7fff
7fff
7fff
7fff
7fff
7fff
7fff
7fff
7fff
7fff
7fff
7fff
7fff
7fff
7fff
7fff
7fff
7fff
7fff
7fff
7fff
7fff
7fff
7fff
7fff
7fff
7fff
7fff
7fff
7fff
7fff
7fff
7fff
7fff
7fff
7fff
7fff
7fff
7fff
7fff
7fff
7fff
7fff
7fff
7fff
7fff
7fff
7fff
7fff
7fff
7fff
7fff
7fff
7fff
7fff
7fff
7fff
7fff
7fff
7fff
7fff
7fff
7fff
7fff
7fff
7fff
7fff
7fff
7fff
7fff
7fff
7fff
7fff
7fff
7fff
7fff
7fff
7fff
7fff
7fff
7fff
7fff
7fff
7fff
7fff
7fff
7fff
7fff
7fff
7fff
7fff
7fff
7fff
7fff
7fff
7fff
7fff
7fff
7fff
7fff
7fff
7fff
7fff
7fff
7fff
7fff
7fff
7fff
7fff
7fff
7fff
7fff
7fff
7fff
7fff
7fff
7fff
7fff
7fff
7fff
7fff
7fff
7fff
7fff
7fff
7fff
7fff
7fff
7fff
7fff
7fff
7fff
7fff
7fff
7fff
7fff
7fff
7fff
7fff
7fff
7fff
7fff
7fff
7fff
7fff
7fff
7fff
7fff
7fff
7fff
7fff
7fff
7fff
7fff
7fff
7fff
7fff
7fff
7fff
7fff
7fff
7fff
7fff
7fff
7fff
7fff
7fff
7fff
7fff
7fff
7fff
7fff
7fff
7fff
7fff
7fff
7fff
7fff
7fff
7fff
7fff
7fff
7fff
7fff
7fff
7fff
7fff
7fff
7fff
7fff
7fff
7fff
7fff
7fff
7fff
7fff
7fff
7fff
7fff
7fff
7fff
7fff
7fff
7fff
7fff
7fff
7fff
7fff
7fff
7fff
7fff
7fff
7fff
7fff
7fff
7fff
7fff
7fff
7fff
7fff
7fff
7fff
7fff
7fff
7fff
7fff
7fff
7fff
7fff
7fff
7fff
7fff
7fff
7fff
7fff
7fff
7fff
7fff
7fff
7fff
7fff
7fff
7fff
7fff
7fff
7fff
7fff
7fff
7fff
7fff
7fff
7fff
7fff
7fff
7fff
7fff
7fff
7fff
7fff
7fff
7fff
7fff
7fff
7fff
7fff
7fff
7fff
7fff
7fff
7fff
7fff
7fff
7fff
7fff
7fff
7fff
7fff
7fff
7fff
7fff
7fff
7fff
7fff
7fff
7fff
7fff
7fff
7fff
7fff
7fff
7fff
7fff
7fff
7fff
7fff
7fff
7fff
7fff
7fff
7fff
7fff
7fff
7fff
7fff
7fff
7fff
7fff
7fff
7fff
7fff
7fff
7fff
7fff
7fff
7fff
7fff
7fff
7fff
7fff
7fff
7fff
7fff
7fff
7fff
7fff
7fff
7fff
7fff
7fff
7fff
7fff
7fff
7fff
7fff
7fff
7fff
7fff
7fff
7fff
7fff
7fff
7fff
7fff
7fff
7fff
7fff
7fff
7fff
7fff
7fff
7fff
7fff
7fff
7fff
7fff
7fff
7fff
7fff
7fff
7fff
7fff
7fff
7fff
7fff
7fff
7fff
7fff
7fff
7fff
7fff
7fff
7fff
7fff
7fff
7fff
7fff
7fff
7fff
7fff
7fff
7fff
7fff
7fff
7fff
7fff
7fff
7fff
7fff
7fff
7fff
7fff
7fff
7fff
7fff
7fff
7fff
7fff
7fff
7fff
7fff
7fff
7fff
7fff
7fff
7fff
7fff
7fff
7fff
7fff
7fff
7fff
7fff
7fff
7fff
7fff
7fff
7fff
7fff
7fff
7fff
7fff
7fff
7fff
7fff
7fff
7fff
7fff
7fff
7fff
7fff
7fff
7fff
7fff
7fff
7fff
7fff
7fff
7fff
7fff
7fff
7fff
7fff
7fff
7fff
7fff
7fff
7fff
7fff
7fff
7fff
7fff
7fff
7fff
7fff
7fff
7fff
7fff
7fff
7fff
7fff
7fff
7fff
7fff
7fff
7fff
7fff
7fff
7fff
7fff
7fff
7fff
7fff
7fff
7fff
7fff
7fff
7fff
7fff
7fff
7fff
7fff
7fff
7fff
7fff
7fff
7fff
7fff
7fff
7fff
7fff
7fff
7fff
7fff
7fff
7fff
7fff
7fff
7fff
7fff
7fff
7fff
7fff
7fff
7fff
7fff
7fff
7fff
7fff
7fff
7fff
7fff
7fff
7fff
7fff
7fff
7fff
7fff
7fff
7fff
7fff
7fff
7fff
7fff
7fff
7fff
7fff
7fff
7fff
7fff
7fff
7fff
7fff
7fff
7fff
7fff
7fff
7fff
7fff
7fff
7fff
7fff
7fff
7fff
7fff
7fff
7fff
7fff
7fff
7fff
7fff
7fff
7fff
7fff
7fff
7fff
7fff
7fff
7fff
7fff
7fff
7fff
7fff
7fff
7fff
7fff
7fff
7fff
7fff
7fff
7fff
7fff
7fff
7fff
7fff
7fff
7fff
7fff
7fff
7fff
7fff
7fff
7fff
7fff
7fff
7fff
7fff
7fff
7fff
7fff
7fff
7fff
7fff
7fff
7fff
7fff
7fff
7fff
7fff
7fff
7fff
7fff
7fff
7fff
7fff
7fff
7fff
7fff
7fff
7fff
7fff
7fff
7fff
7fff
7fff
7fff
7fff
7fff
7fff
7fff
7fff
7fff
7fff
7fff
7fff
7fff
7fff
7fff
7fff
7fff
7fff
7fff
7fff
7fff
7fff
7fff
7fff
7fff
7fff
7fff
7fff
7fff
7fff
7fff
7fff
7fff
7fff
7fff
7fff
7fff
7fff
7fff
7fff
7fff
7fff
7fff
7fff
7fff
7fff
7fff
7fff
7fff
7fff
7fff
7fff
7fff
7fff
7fff
7fff
7fff
7fff
7fff
7fff
7fff
7fff
7fff
7fff
7fff
7fff
7fff
7fff
7fff
7fff
7fff
7fff
7fff
7fff
7fff
7fff
7fff
7fff
7fff
7fff
7fff
7fff
7fff
7fff
7fff
7fff
7fff
7fff
7fff
7fff
7fff
7fff
7fff
7fff
7fff
7fff
7fff
7fff
7fff
7fff
7fff
7fff
7fff
7fff
7fff
7fff
7fff
7fff
7fff
7fff
7fff
7fff
7fff
7fff
7fff
7fff
7fff
7fff
7fff
7fff
7fff
7fff
7fff
7fff
7fff
7fff
7fff
7fff
7fff
7fff
7fff
7fff
7fff
7fff
7fff
7fff
7fff
7fff
7fff
7fff
7fff
7fff
7fff
7fff
7fff
7fff
7fff
7fff
7fff
7fff
7fff
7fff
7fff
7fff
7fff
7fff
7fff
7fff
7fff
7fff
7fff
7fff
7fff
7fff
7fff
7fff
7fff
7fff
7fff
7fff
7fff
7fff
7fff
7fff
7fff
7fff
7fff
7fff
7fff
7fff
7fff
7fff
7fff
7fff
7fff
7fff
7fff
7fff
7fff
7fff
7fff
7fff
7fff
7fff
7fff
7fff
7fff
7fff
7fff
7fff
7fff
7fff
7fff
7fff
7fff
7fff
7fff
7fff
7fff
7fff
7fff
7fff
7fff
7fff
7fff
7fff
7fff
7fff
7fff
7fff
7fff
7fff
7fff
7fff
7fff
7fff
7fff
7fff
7fff
7fff
7fff
7fff
7fff
7fff
7fff
7fff
7fff
7fff
7fff
7fff
7fff
7fff
7fff
7fff
7fff
7fff
7fff
7fff
7fff
7fff
7fff
7fff
7fff
7fff
7fff
7fff
7fff
7fff
7fff
7fff
7fff
7fff
7fff
7fff
7fff
7fff
7fff
7fff
7fff
7fff
7fff
7fff
7fff
7fff
7fff
7fff
7fff
7fff
7fff
7fff
7fff
7fff
7fff
7fff
7fff
7fff
7fff
7fff
7fff
7fff
7fff
7fff
7fff
7fff
7fff
7fff
7fff
7fff
7fff
7fff
7fff
7fff
7fff
7fff
7fff
7fff
7fff
7fff
7fff
7fff
7fff
7fff
7fff
7fff
7fff
7fff
7fff
7fff
7fff
7fff
7fff
7fff
7fff
7fff
7fff
7fff
7fff
7fff
7fff
7fff
7fff
7fff
7fff
7fff
7fff
7fff
7fff
7fff
7fff
7fff
7fff
7fff
7fff
7fff
7fff
7fff
7fff
7fff
7fff
7fff
7fff
7fff
7fff
7fff
7fff
7fff
7fff
7fff
7fff
7fff
7fff
7fff
7fff
7fff
7fff
7fff
7fff
7fff
7fff
7fff
7fff
7fff
7fff
7fff
7fff
7fff
7fff
7fff
7fff
7fff
7fff
7fff
7fff
7fff
7fff
7fff
7fff
7fff
7fff
7fff
7fff
7fff
7fff
7fff
7fff
7fff
7fff
7fff
7fff
7fff
7fff
7fff
7fff
7fff
7fff
7fff
7fff
7fff
7fff
7fff
7fff
7fff
7fff
7fff
7fff
7fff
7fff
7fff
7fff
7fff
7fff
7fff
7fff
7fff
7fff
7fff
7fff
7fff
7fff
7fff
7fff
7fff
7fff
7fff
7fff
7fff
7fff
7fff
7fff
7fff
7fff
7fff
7fff
7fff
7fff
7fff
7fff
7fff
7fff
7fff
7fff
7fff
7fff
7fff
7fff
7fff
7fff
7fff
7fff
7fff
7fff
7fff
7fff
7fff
7fff
7fff
7fff
7fff
7fff
7fff
7fff
7fff
7fff
7fff
7fff
7fff
7fff
7fff
7fff
7fff
7fff
7fff
7fff
7fff
7fff
7fff
7fff
7fff
7fff
7fff
7fff
7fff
7fff
7fff
7fff
7fff
7fff
7fff
7fff
7fff
7fff
7fff
7fff
7fff
7fff
7fff
7fff
7fff
7fff
7fff
7fff
7fff
7fff
7fff
7fff
7fff
7fff
7fff
7fff
7fff
7fff
7fff
7fff
7fff
7fff
7fff
7fff
7fff
7fff
7fff
7fff
7fff
7fff
7fff
7fff
7fff
7fff
7fff
7fff
7fff
7fff
7fff
7fff
7fff
7fff
7fff
7fff
7fff
7fff
7fff
7fff
7fff
7fff
7fff
7fff
7fff
7fff
7fff
7fff
7fff
7fff
7fff
7fff
7fff
7fff
7fff
7fff
7fff
7fff
7fff
7fff
7fff
7fff
7fff
7fff
7fff
7fff
7fff
7fff
7fff
7fff
7fff
7fff
7fff
7fff
7fff
7fff
7fff
7fff
7fff
7fff
7fff
7fff
7fff
7fff
7fff
7fff
7fff
7fff
7fff
7fff
7fff
7fff
7fff
7fff
7fff
7fff
7fff
7fff
7fff
7fff
7fff
7fff
7fff
7fff
7fff
7fff
7fff
7fff
7fff
7fff
7fff
7fff
7fff
7fff
7fff
7fff
7fff
7fff
7fff
7fff
7fff
7fff
7fff
7fff
7fff
7fff
7fff
7fff
7fff
7fff
7fff
7fff
7fff
7fff
7fff
7fff
7fff
7fff
7fff
7fff
7fff
7fff
7fff
7fff
7fff
7fff
7fff
7fff
7fff
7fff
7fff
7fff
7fff
7fff
7fff
7fff
7fff
7fff
7fff
7fff
7fff
7fff
7fff
7fff
7fff
7fff
7fff
7fff
7fff
7fff
7fff
7fff
7fff
7fff
7fff
7fff
7fff
7fff
7fff
7fff
7fff
7fff
7fff
7fff
7fff
7fff
7fff
7fff
7fff
7fff
7fff
7fff
7fff
7fff
7fff
7fff
7fff
7fff
7fff
7fff
7fff
7fff
7fff
7fff
7fff
7fff
7fff
7fff
7fff
7fff
7fff
7fff
7fff
7fff
7fff
7fff
7fff
7fff
7fff
7fff
7fff
7fff
7fff
7fff
7fff
7fff
7fff
7fff
7fff
7fff
7fff
7fff
7fff
7fff
7fff
7fff
7fff
7fff
7fff
7fff
7fff
7fff
7fff
7fff
7fff
7fff
7fff
7fff
7fff
7fff
7fff
7fff
7fff
7fff
7fff
7fff
7fff
7fff
7fff
7fff
7fff
7fff
7fff
7fff
7fff
7fff
7fff
7fff
7fff
7fff
7fff
7fff
7fff
7fff
7fff
7fff
7fff
7fff
7fff
7fff
7fff
7fff
7fff
7fff
7fff
7fff
7fff
7fff
7fff
7fff
7fff
7fff
7fff
7fff
7fff
7fff
7fff
7fff
7fff
7fff
7fff
7fff
7fff
7fff
7fff
7fff
7fff
7fff
7fff
7fff
7fff
7fff
7fff
7fff
7fff
7fff
7fff
7fff
7fff
7fff
7fff
7fff
7fff
7fff
7fff
7fff
7fff
7fff
7fff
7fff
7fff
7fff
7fff
7fff
7fff
7fff
7fff
7fff
7fff
7fff
7fff
7fff
7fff
7fff
7fff
7fff
7fff
7fff
7fff
7fff
7fff
7fff
7fff
7fff
7fff
7fff
7fff
7fff
7fff
7fff
7fff
7fff
7fff
7fff
7fff
7fff
7fff
7fff
7fff
7fff
7fff
7fff
7fff
7fff
7fff
7fff
7fff
7fff
7fff
7fff
7fff
7fff
7fff
7fff
7fff
7fff
7fff
7fff
7fff
7fff
7fff
7fff
7fff
7fff
7fff
7fff
7fff
7fff
7fff
7fff
7fff
7fff
7fff
7fff
7fff
7fff
7fff
7fff
7fff
7fff
7fff
7fff
7fff
7fff
7fff
7fff
7fff
7fff
7fff
7fff
7fff
7fff
7fff
7fff
7fff
7fff
7fff
7fff
7fff
7fff
7fff
7fff
7fff
7fff
7fff
7fff
7fff
7fff
7fff
7fff
7fff
7fff
7fff
7fff
7fff
7fff
7fff
7fff
7fff
7fff
7fff
7fff
7fff
7fff
7fff
7fff
7fff
7fff
7fff
7fff
7fff
7fff
7fff
7fff
7fff
7fff
7fff
7fff
7fff
7fff
7fff
7fff
7fff
7fff
7fff
7fff
7fff
7fff
7fff
7fff
7fff
7fff
7fff
7fff
7fff
7fff
7fff
7fff
7fff
7fff
7fff
7fff
7fff
7fff
7fff
7fff
7fff
7fff
7fff
7fff
7fff
7fff
7fff
7fff
7fff
7fff
7fff
7fff
7fff
7fff
7fff
7fff
7fff
7fff
7fff
7fff
7fff
7fff
7fff
7fff
7fff
7fff
7fff
7fff
7fff
7fff
7fff
7fff
7fff
7fff
7fff
7fff
7fff
7fff
7fff
7fff
7fff
7fff
7fff
7fff
7fff
7fff
7fff
7fff
7fff
7fff
7fff
7fff
7fff
7fff
7fff
7fff
7fff
7fff
7fff
7fff
7fff
7fff
7fff
7fff
7fff
7fff
7fff
7fff
7fff
7fff
7fff
7fff
7fff
7fff
7fff
7fff
7fff
7fff
7fff
7fff
7fff
7fff
7fff
7fff
7fff
7fff
7fff
7fff
7fff
7fff
7fff
7fff
7fff
7fff
7fff
7fff
7fff
7fff
7fff
7fff
7fff
7fff
7fff
7fff
7fff
7fff
7fff
7fff
7fff
7fff
7fff
7fff
7fff
7fff
7fff
7fff
7fff
7fff
7fff
7fff
7fff
7fff
7fff
7fff
7fff
7fff
7fff
7fff
7fff
7fff
7fff
7fff
7fff
7fff
7fff
7fff
7fff
7fff
7fff
7fff
7fff
7fff
7fff
7fff
7fff
7fff
7fff
7fff
7fff
7fff
7fff
7fff
7fff
7fff
7fff
7fff
7fff
7fff
7fff
7fff
7fff
7fff
7fff
7fff
7fff
7fff
7fff
7fff
7fff
7fff
7fff
7fff
7fff
7fff
7fff
7fff
7fff
7fff
7fff
7fff
7fff
7fff
7fff
7fff
7fff
7fff
7fff
7fff
7fff
7fff
7fff
7fff
7fff
7fff
7fff
7fff
7fff
7fff
7fff
7fff
7fff
7fff
7fff
7fff
7fff
7fff
7fff
7fff
7fff
7fff
7fff
7fff
7fff
7fff
7fff
7fff
7fff
7fff
7fff
7fff
7fff
7fff
7fff
7fff
7fff
7fff
7fff
7fff
7fff
7fff
7fff
7fff
7fff
7fff
7fff
7fff
7fff
7fff
7fff
7fff
7fff
7fff
7fff
7fff
7fff
7fff
7fff
7fff
7fff
7fff
7fff
7fff
7fff
7fff
7fff
7fff
7fff
7fff
7fff
7fff
7fff
7fff
7fff
7fff
7fff
7fff
7fff
7fff
7fff
7fff
7fff
7fff
7fff
7fff
7fff
7fff
7fff
7fff
7fff
7fff
7fff
7fff
7fff
7fff
7fff
7fff
7fff
7fff
7fff
7fff
7fff
7fff
7fff
7fff
7fff
7fff
7fff
7fff
7fff
7fff
7fff
7fff
7fff
7fff
7fff
7fff
7fff
7fff
7fff
7fff
7fff
7fff
7fff
7fff
7fff
7fff
7fff
7fff
7fff
7fff
7fff
7fff
7fff
7fff
7fff
7fff
7fff
7fff
7fff
7fff
7fff
7fff
7fff
7fff
7fff
7fff
7fff
7fff
7fff
7fff
7fff
7fff
7fff
7fff
7fff
7fff
7fff
7fff
7fff
7fff
7fff
7fff
7fff
7fff
7fff
7fff
7fff
7fff
7fff
7fff
7fff
7fff
7fff
7fff
7fff
7fff
7fff
7fff
7fff
7fff
7fff
7fff
7fff
7fff
7fff
7fff
7fff
7fff
7fff
7fff
7fff
7fff
7fff
7fff
7fff
7fff
7fff
7fff
7fff
7fff
7fff
7fff
7fff
7fff
7fff
7fff
7fff
7fff
7fff
7fff
7fff
7fff
7fff
7fff
7fff
7fff
7fff
7fff
7fff
7fff
7fff
7fff
7fff
7fff
7fff
7fff
7fff
7fff
7fff
7fff
7fff
7fff
7fff
7fff
7fff
7fff
7fff
7fff
7fff
7fff
7fff
7fff
7fff
7fff
7fff
7fff
7fff
7fff
7fff
7fff
7fff
7fff
7fff
7fff
7fff
7fff
7fff
7fff
7fff
7fff
7fff
7fff
7fff
7fff
7fff
7fff
7fff
7fff
7fff
7fff
7fff
7fff
7fff
7fff
7fff
7fff
7fff
7fff
7fff
7fff
7fff
7fff
7fff
7fff
7fff
7fff
7fff
7fff
7fff
7fff
7fff
7fff
7fff
7fff
7fff
7fff
7fff
7fff
7fff
7fff
7fff
7fff
7fff
7fff
7fff
7fff
7fff
7fff
7fff
7fff
7fff
7fff
7fff
7fff
7fff
7fff
7fff
7fff
7fff
7fff
7fff
7fff
7fff
7fff
7fff
7fff
7fff
7fff
7fff
7fff
7fff
7fff
7fff
7fff
7fff
7fff
7fff
7fff
7fff
7fff
7fff
7fff
7fff
7fff
7fff
7fff
7fff
7fff
7fff
7fff
7fff
7fff
7fff
7fff
7fff
7fff
7fff
7fff
7fff
7fff
7fff
7fff
7fff
7fff
7fff
7fff
7fff
7fff
7fff
7fff
7fff
7fff
7fff
7fff
7fff
7fff
7fff
7fff
7fff
7fff
7fff
7fff
7fff
7fff
7fff
7fff
7fff
7fff
7fff
7fff
7fff
7fff
7fff
7fff
7fff
7fff
7fff
7fff
7fff
7fff
7fff
7fff
7fff
7fff
7fff
7fff
7fff
7fff
7fff
7fff
7fff
7fff
7fff
7fff
7fff
7fff
7fff
7fff
7fff
7fff
7fff
7fff
7fff
7fff
7fff
7fff
7fff
7fff
7fff
7fff
7fff
7fff
7fff
7fff
7fff
7fff
7fff
7fff
7fff
7fff
7fff
7fff
7fff
7fff
7fff
7fff
7fff
7fff
7fff
7fff
7fff
7fff
7fff
7fff
7fff
7fff
7fff
7fff
7fff
7fff
7fff
7fff
7fff
7fff
7fff
7fff
7fff
7fff
7fff
7fff
7fff
7fff
7fff
7fff
7fff
7fff
7fff
7fff
7fff
7fff
7fff
7fff
7fff
7fff
7fff
7fff
7fff
7fff
7fff
7fff
7fff
7fff
7fff
7fff
7fff
7fff
7fff
7fff
7fff
7fff
7fff
7fff
7fff
7fff
7fff
7fff
7fff
7fff
7fff
7fff
7fff
7fff
7fff
7fff
7fff
7fff
7fff
7fff
7fff
7fff
7fff
7fff
7fff
7fff
7fff
7fff
7fff
7fff
7fff
7fff
7fff
7fff
7fff
7fff
7fff
7fff
7fff
7fff
7fff
7fff
7fff
7fff
7fff
7fff
7fff
7fff
7fff
7fff
7fff
7fff
7fff
7fff
7fff
7fff
7fff
7fff
7fff
7fff
7fff
7fff
7fff
7fff
7fff
7fff
7fff
7fff
7fff
7fff
7fff
7fff
7fff
7fff
7fff
7fff
7fff
7fff
7fff
7fff
7fff
7fff
7fff
7fff
7fff
7fff
7fff
7fff
7fff
7fff
7fff
7fff
7fff
7fff
7fff
7fff
7fff
7fff
7fff
7fff
7fff
7fff
7fff
7fff
7fff
7fff
7fff
7fff
7fff
7fff
7fff
7fff
7fff
7fff
7fff
7fff
7fff
7fff
7fff
7fff
7fff
7fff
7fff
7fff
7fff
7fff
7fff
7fff
7fff
7fff
7fff
7fff
7fff
7fff
7fff
7fff
7fff
7fff
7fff
7fff
7fff
7fff
7fff
7fff
7fff
7fff
7fff
7fff
7fff
7fff
7fff
7fff
7fff
7fff
7fff
7fff
7fff
7fff
7fff
7fff
7fff
7fff
7fff
7fff
7fff
7fff
7fff
7fff
7fff
7fff
7fff
7fff
7fff
7fff
7fff
7fff
7fff
7fff
7fff
7fff
7fff
7fff
7fff
7fff
7fff
7fff
7fff
7fff
7fff
7fff
7fff
7fff
7fff
7fff
7fff
7fff
7fff
7fff
7fff
7fff
7fff
7fff
7fff
7fff
7fff
7fff
7fff
7fff
7fff
7fff
7fff
7fff
7fff
7fff
7fff
7fff
7fff
7fff
7fff
7fff
7fff
7fff
7fff
7fff
7fff
7fff
7fff
7fff
7fff
7fff
7fff
7fff
7fff
7fff
7fff
7fff
7fff
7fff
7fff
7fff
7fff
7fff
7fff
7fff
7fff
7fff
7fff
7fff
7fff
7fff
7fff
7fff
7fff
7fff
7fff
7fff
7fff
7fff
7fff
7fff
7fff
7fff
7fff
7fff
7fff
7fff
7fff
7fff
7fff
7fff
7fff
7fff
7fff
7fff
7fff
7fff
7fff
7fff
7fff
7fff
7fff
7fff
7fff
7fff
7fff
7fff
7fff
7fff
7fff
7fff
7fff
7fff
7fff
7fff
7fff
7fff
7fff
7fff
7fff
7fff
7fff
7fff
7fff
7fff
7fff
7fff
7fff
7fff
7fff
7fff
7fff
7fff
7fff
7fff
7fff
7fff
7fff
7fff
7fff
7fff
7fff
7fff
7fff
7fff
7fff
7fff
7fff
7fff
7fff
7fff
7fff
7fff
7fff
7fff
7fff
7fff
7fff
7fff
7fff
7fff
7fff
7fff
7fff
7fff
7fff
7fff
7fff
7fff
7fff
7fff
7fff
7fff
7fff
7fff
7fff
7fff
7fff
7fff
7fff
7fff
7fff
7fff
7fff
7fff
7fff
7fff
7fff
7fff
7fff
7fff
7fff
7fff
7fff
7fff
7fff
7fff
7fff
7fff
7fff
7fff
7fff
7fff
7fff
7fff
7fff
7fff
7fff
7fff
7fff
7fff
7fff
7fff
7fff
7fff
7fff
7fff
7fff
7fff
7fff
7fff
7fff
7fff
7fff
7fff
7fff
7fff
7fff
7fff
7fff
7fff
7fff
7fff
7fff
7fff
7fff
7fff
7fff
7fff
7fff
7fff
7fff
7fff
7fff
7fff
7fff
7fff
7fff
7fff
7fff
7fff
7fff
7fff
7fff
7fff
7fff
7fff
7fff
7fff
7fff
7fff
7fff
7fff
7fff
7fff
7fff
7fff
7fff
7fff
7fff
7fff
7fff
7fff
7fff
7fff
7fff
7fff
7fff
7fff
7fff
7fff
7fff
7fff
7fff
7fff
7fff
7fff
7fff
7fff
7fff
7fff
7fff
7fff
7fff
7fff
7fff
7fff
7fff
7fff
7fff
7fff
7fff
7fff
7fff
7fff
7fff
7fff
7fff
7fff
7fff
7fff
7fff
7fff
7fff
7fff
7fff
7fff
7fff
7fff
7fff
7fff
7fff
7fff
7fff
7fff
7fff
7fff
7fff
7fff
7fff
7fff
7fff
7fff
7fff
7fff
7fff
7fff
7fff
7fff
7fff
7fff
7fff
7fff
7fff
7fff
7fff
7fff
7fff
7fff
7fff
7fff
7fff
7fff
7fff
7fff
7fff
7fff
7fff
7fff
7fff
7fff
7fff
7fff
7fff
7fff
7fff
7fff
7fff
7fff
7fff
7fff
7fff
7fff
7fff
7fff
7fff
7fff
7fff
7fff
7fff
7fff
7fff
7fff
7fff
7fff
7fff
7fff
7fff
7fff
7fff
7fff
7fff
7fff
7fff
7fff
7fff
7fff
7fff
7fff
7fff
7fff
7fff
7fff
7fff
7fff
7fff
7fff
7fff
7fff
7fff
7fff
7fff
7fff
7fff
7fff
7fff
7fff
7fff
7fff
7fff
7fff
7fff
7fff
7fff
7fff
7fff
7fff
7fff
7fff
7fff
7fff
7fff
7fff
7fff
7fff
7fff
7fff
7fff
7fff
7fff
7fff
7fff
7fff
7fff
7fff
7fff
7fff
7fff
7fff
7fff
7fff
7fff
7fff
7fff
7fff
7fff
7fff
7fff
7fff
7fff
7fff
7fff
7fff
7fff
7fff
7fff
7fff
7fff
7fff
7fff
7fff
7fff
7fff
7fff
7fff
7fff
7fff
7fff
7fff
7fff
7fff
7fff
7fff
7fff
7fff
7fff
7fff
7fff
7fff
7fff
7fff
7fff
7fff
7fff
7fff
7fff
7fff
7fff
7fff
7fff
7fff
7fff
7fff
7fff
7fff
7fff
7fff
7fff
7fff
7fff
7fff
7fff
7fff
7fff
7fff
7fff
7fff
7fff
7fff
7fff
7fff
7fff
7fff
7fff
7fff
7fff
7fff
7fff
7fff
7fff
7fff
7fff
7fff
7fff
7fff
7fff
7fff
7fff
7fff
7fff
7fff
7fff
7fff
7fff
7fff
7fff
7fff
7fff
7fff
7fff
7fff
7fff
7fff
7fff
7fff
7fff
7fff
7fff
7fff
7fff
7fff
7fff
7fff
7fff
7fff
7fff
7fff
7fff
7fff
7fff
7fff
7fff
7fff
7fff
7fff
7fff
7fff
7fff
7fff
7fff
7fff
7fff
7fff
7fff
7fff
7fff
7fff
7fff
7fff
7fff
7fff
7fff
7fff
7fff
7fff
7fff
7fff
7fff
7fff
7fff
7fff
7fff
7fff
7fff
7fff
7fff
7fff
7fff
7fff
7fff
7fff
7fff
7fff
7fff
7fff
7fff
7fff
7fff
7fff
7fff
7fff
7fff
7fff
7fff
7fff
7fff
7fff
7fff
7fff
7fff
7fff
7fff
7fff
7fff
7fff
7fff
7fff
7fff
7fff
7fff
7fff
7fff
7fff
7fff
7fff
7fff
7fff
7fff
7fff
7fff
7fff
7fff
7fff
7fff
7fff
7fff
7fff
7fff
7fff
7fff
7fff
7fff
7fff
7fff
7fff
7fff
7fff
7fff
7fff
7fff
7fff
7fff
7fff
7fff
7fff
7fff
7fff
7fff
7fff
7fff
7fff
7fff
7fff
7fff
7fff
7fff
7fff
7fff
7fff
7fff
7fff
7fff
7fff
7fff
7fff
7fff
7fff
7fff
7fff
7fff
7fff
7fff
7fff
7fff
7fff
7fff
7fff
7fff
7fff
7fff
7fff
7fff
7fff
7fff
7fff
7fff
7fff
7fff
7fff
7fff
7fff
7fff
7fff
7fff
7fff
7fff
7fff
7fff
7fff
7fff
7fff
7fff
7fff
7fff
7fff
7fff
7fff
7fff
7fff
7fff
7fff
7fff
7fff
7fff
7fff
7fff
7fff
7fff
7fff
7fff
7fff
7fff
7fff
7fff
7fff
7fff
7fff
7fff
7fff
7fff
7fff
7fff
7fff
7fff
7fff
7fff
7fff
7fff
7fff
7fff
7fff
7fff
7fff
7fff
7fff
7fff
7fff
7fff
7fff
7fff
7fff
7fff
7fff
7fff
7fff
7fff
7fff
7fff
7fff
7fff
7fff
7fff
7fff
7fff
7fff
7fff
7fff
7fff
7fff
7fff
7fff
7fff
7fff
7fff
7fff
7fff
7fff
7fff
7fff
7fff
7fff
7fff
7fff
7fff
7fff
7fff
7fff
7fff
7fff
7fff
7fff
7fff
7fff
7fff
7fff
7fff
7fff
7fff
7fff
7fff
7fff
7fff
7fff
7fff
7fff
7fff
7fff
7fff
7fff
7fff
7fff
7fff
7fff
7fff
7fff
7fff
7fff
7fff
7fff
7fff
7fff
7fff
7fff
7fff
7fff
7fff
7fff
7fff
7fff
7fff
7fff
7fff
7fff
7fff
7fff
7fff
7fff
7fff
7fff
7fff
7fff
7fff
7fff
7fff
7fff
7fff
7fff
7fff
7fff
7fff
7fff
7fff
7fff
7fff
7fff
7fff
7fff
7fff
7fff
7fff
7fff
7fff
7fff
7fff
7fff
7fff
7fff
7fff
7fff
7fff
7fff
7fff
7fff
7fff
7fff
7fff
7fff
7fff
7fff
7fff
7fff
7fff
7fff
7fff
7fff
7fff
7fff
7fff
7fff
7fff
7fff
7fff
7fff
7fff
7fff
7fff
7fff
7fff
7fff
7fff
7fff
7fff
7fff
7fff
7fff
7fff
7fff
7fff
7fff
7fff
7fff
7fff
7fff
7fff
7fff
7fff
7fff
7fff
7fff
7fff
7fff
7fff
7fff
7fff
7fff
7fff
7fff
7fff
7fff
7fff
7fff
7fff
7fff
7fff
7fff
7fff
7fff
7fff
7fff
7fff
7fff
7fff
7fff
7fff
7fff
7fff
7fff
7fff
7fff
7fff
7fff
7fff
7fff
7fff
7fff
7fff
7fff
7fff
7fff
7fff
7fff
7fff
7fff
7fff
7fff
7fff
7fff
7fff
7fff
7fff
7fff
7fff
7fff
7fff
7fff
7fff
7fff
7fff
7fff
7fff
7fff
7fff
7fff
7fff
7fff
7fff
7fff
7fff
7fff
7fff
7fff
7fff
7fff
7fff
7fff
7fff
7fff
7fff
7fff
7fff
7fff
7fff
7fff
7fff
7fff
7fff
7fff
7fff
7fff
7fff
7fff
7fff
7fff
7fff
7fff
7fff
7fff
7fff
7fff
7fff
7fff
7fff
7fff
7fff
7fff
7fff
7fff
7fff
7fff
7fff
7fff
7fff
7fff
7fff
7fff
7fff
7fff
7fff
7fff
7fff
7fff
7fff
7fff
7fff
7fff
7fff
7fff
7fff
7fff
7fff
7fff
7fff
7fff
7fff
7fff
7fff
7fff
7fff
7fff
7fff
7fff
7fff
7fff
7fff
7fff
7fff
7fff
7fff
7fff
7fff
7fff
7fff
7fff
7fff
7fff
7fff
7fff
7fff
7fff
7fff
7fff
7fff
7fff
7fff
7fff
7fff
7fff
7fff
7fff
7fff
7fff
7fff
7fff
7fff
7fff
7fff
7fff
7fff
7fff
7fff
7fff
7fff
7fff
7fff
7fff
7fff
7fff
7fff
7fff
7fff
7fff
7fff
7fff
7fff
7fff
7fff
7fff
7fff
7fff
7fff
7fff
7fff
7fff
7fff
7fff
7fff
7fff
7fff
7fff
7fff
7fff
7fff
7fff
7fff
7fff
7fff
7fff
7fff
7fff
7fff
7fff
7fff
7fff
7fff
7fff
7fff
7fff
7fff
7fff
7fff
7fff
7fff
7fff
7fff
7fff
7fff
7fff
7fff
7fff
7fff
7fff
7fff
7fff
7fff
7fff
7fff
7fff
7fff
7fff
7fff
7fff
7fff
7fff
7fff
7fff
7fff
7fff
7fff
7fff
7fff
7fff
7fff
7fff
7fff
7fff
7fff
7fff
7fff
7fff
7fff
7fff
7fff
7fff
7fff
7fff
7fff
7fff
7fff
7fff
7fff
7fff
7fff
7fff
7fff
7fff
7fff
7fff
7fff
7fff
7fff
7fff
7fff
7fff
7fff
7fff
7fff
7fff
7fff
7fff
7fff
7fff
7fff
7fff
7fff
7fff
7fff
7fff
7fff
7fff
7fff
7fff
7fff
7fff
7fff
7fff
7fff
7fff
7fff
7fff
7fff
7fff
7fff
7fff
7fff
7fff
7fff
7fff
7fff
7fff
7fff
7fff
7fff
7fff
7fff
7fff
7fff
7fff
7fff
7fff
7fff
7fff
7fff
7fff
7fff
7fff
7fff
7fff
7fff
7fff
7fff
7fff
7fff
7fff
7fff
7fff
7fff
7fff
7fff
7fff
7fff
7fff
7fff
7fff
7fff
7fff
7fff
7fff
7fff
7fff
7fff
7fff
7fff
7fff
7fff
7fff
7fff
7fff
7fff
7fff
7fff
7fff
7fff
7fff
7fff
7fff
7fff
7fff
7fff
7fff
7fff
7fff
7fff
7fff
7fff
7fff
7fff
7fff
7fff
7fff
7fff
7fff
7fff
7fff
7fff
7fff
7fff
7fff
7fff
7fff
7fff
7fff
7fff
7fff
7fff
7fff
7fff
7fff
7fff
7fff
7fff
7fff
7fff
7fff
7fff
7fff
7fff
7fff
7fff
7fff
7fff
7fff
7fff
7fff
7fff
7fff
7fff
7fff
7fff
7fff
7fff
7fff
7fff
7fff
7fff
7fff
7fff
7fff
7fff
7fff
7fff
7fff
7fff
7fff
7fff
7fff
7fff
7fff
7fff
7fff
7fff
7fff
7fff
7fff
7fff
7fff
7fff
7fff
7fff
7fff
7fff
7fff
7fff
7fff
7fff
7fff
7fff
7fff
7fff
7fff
7fff
7fff
7fff
7fff
7fff
7fff
7fff
7fff
7fff
7fff
7fff
7fff
7fff
7fff
7fff
7fff
7fff
7fff
7fff
7fff
7fff
7fff
7fff
7fff
7fff
7fff
7fff
7fff
7fff
7fff
7fff
7fff
7fff
7fff
7fff
7fff
7fff
7fff
7fff
7fff
7fff
7fff
7fff
7fff
7fff
7fff
7fff
7fff
7fff
7fff
7fff
7fff
7fff
7fff
7fff
7fff
7fff
7fff
7fff
7fff
7fff
7fff
7fff
7fff
7fff
7fff
7fff
7fff
7fff
7fff
7fff
7fff
7fff
7fff
7fff
7fff
7fff
7fff
7fff
7fff
7fff
7fff
7fff
7fff
7fff
7fff
7fff
7fff
7fff
7fff
7fff
7fff
7fff
7fff
7fff
7fff
7fff
7fff
7fff
7fff
7fff
7fff
7fff
7fff
7fff
7fff
7fff
7fff
7fff
7fff
7fff
7fff
7fff
7fff
7fff
7fff
7fff
7fff
7fff
7fff
7fff
7fff
7fff
7fff
7fff
7fff
7fff
7fff
7fff
7fff
7fff
7fff
7fff
7fff
7fff
7fff
7fff
7fff
7fff
7fff
7fff
7fff
7fff
7fff
7fff
7fff
7fff
7fff
7fff
7fff
7fff
7fff
7fff
7fff
7fff
7fff
7fff
7fff
7fff
7fff
7fff
7fff
7fff
7fff
7fff
7fff
7fff
7fff
7fff
7fff
7fff
7fff
7fff
7fff
7fff
7fff
7fff
7fff
7fff
7fff
7fff
7fff
7fff
7fff
7fff
7fff
7fff
7fff
7fff
7fff
7fff
7fff
7fff
7fff
7fff
7fff
7fff
7fff
7fff
7fff
7fff
7fff
7fff
7fff
7fff
7fff
7fff
7fff
7fff
7fff
7fff
7fff
7fff
7fff
7fff
7fff
7fff
7fff
7fff
7fff
7fff
7fff
7fff
7fff
7fff
7fff
7fff
7fff
7fff
7fff
7fff
7fff
7fff
7fff
7fff
7fff
7fff
7fff
7fff
7fff
7fff
7fff
7fff
7fff
7fff
7fff
7fff
7fff
7fff
7fff
7fff
7fff
7fff
7fff
7fff
7fff
7fff
7fff
7fff
7fff
7fff
7fff
7fff
7fff
7fff
7fff
7fff
7fff
7fff
7fff
7fff
7fff
7fff
7fff
7fff
7fff
7fff
7fff
7fff
7fff
7fff
7fff
7fff
7fff
7fff
7fff
7fff
7fff
7fff
7fff
7fff
7fff
7fff
7fff
7fff
7fff
7fff
7fff
7fff
7fff
7fff
7fff
7fff
7fff
7fff
7fff
7fff
7fff
7fff
7fff
7fff
7fff
7fff
7fff
7fff
7fff
7fff
7fff
7fff
7fff
7fff
7fff
7fff
7fff
7fff
7fff
7fff
7fff
7fff
7fff
7fff
7fff
7fff
7fff
7fff
7fff
7fff
7fff
7fff
7fff
7fff
7fff
7fff
7fff
7fff
7fff
7fff
7fff
7fff
7fff
7fff
7fff
7fff
7fff
7fff
7fff
7fff
7fff
7fff
7fff
7fff
7fff
7fff
7fff
7fff
7fff
7fff
7fff
7fff
7fff
7fff
7fff
7fff
7fff
7fff
7fff
7fff
7fff
7fff
7fff
7fff
7fff
7fff
7fff
7fff
7fff
7fff
7fff
7fff
7fff
7fff
7fff
7fff
7fff
7fff
7fff
7fff
7fff
7fff
7fff
7fff
7fff
7fff
7fff
7fff
7fff
7fff
7fff
7fff
7fff
7fff
7fff
7fff
7fff
7fff
7fff
7fff
7fff
7fff
7fff
7fff
7fff
7fff
7fff
7fff
7fff
7fff
7fff
7fff
7fff
7fff
7fff
7fff
7fff
7fff
7fff
7fff
7fff
7fff
7fff
7fff
7fff
7fff
7fff
7fff
7fff
7fff
7fff
7fff
7fff
7fff
7fff
7fff
7fff
7fff
7fff
7fff
7fff
7fff
7fff
7fff
7fff
7fff
7fff
7fff
7fff
7fff
7fff
7fff
7fff
7fff
7fff
7fff
7fff
7fff
7fff
7fff
7fff
7fff
7fff
7fff
7fff
7fff
7fff
7fff
7fff
7fff
7fff
7fff
7fff
7fff
7fff
7fff
7fff
7fff
7fff
7fff
7fff
7fff
7fff
7fff
7fff
7fff
7fff
7fff
7fff
7fff
7fff
7fff
7fff
7fff
7fff
7fff
7fff
7fff
7fff
7fff
7fff
7fff
7fff
7fff
7fff
7fff
7fff
7fff
7fff
7fff
7fff
7fff
7fff
7fff
7fff
7fff
7fff
7fff
7fff
7fff
7fff
7fff
7fff
7fff
7fff
7fff
7fff
7fff
7fff
7fff
7fff
7fff
7fff
7fff
7fff
7fff
7fff
7fff
7fff
7fff
7fff
7fff
7fff
7fff
7fff
7fff
7fff
7fff
7fff
7fff
7fff
7fff
7fff
7fff
7fff
7fff
7fff
7fff
7fff
7fff
7fff
7fff
7fff
7fff
7fff
7fff
7fff
7fff
7fff
7fff
7fff
7fff
7fff
7fff
7fff
7fff
7fff
7fff
7fff
7fff
7fff
7fff
7fff
7fff
7fff
7fff
7fff
7fff
7fff
7fff
7fff
7fff
7fff
7fff
7fff
7fff
7fff
7fff
7fff
7fff
7fff
7fff
7fff
7fff
7fff
7fff
7fff
7fff
7fff
7fff
7fff
7fff
7fff
7fff
7fff
7fff
7fff
7fff
7fff
7fff
7fff
7fff
7fff
7fff
7fff
7fff
7fff
7fff
7fff
7fff
7fff
7fff
7fff
7fff
7fff
7fff
7fff
7fff
7fff
7fff
7fff
7fff
7fff
7fff
7fff
7fff
7fff
7fff
7fff
7fff
7fff
7fff
7fff
7fff
7fff
7fff
7fff
7fff
7fff
7fff
7fff
7fff
7fff
7fff
7fff
7fff
7fff
7fff
7fff
7fff
7fff
7fff
7fff
7fff
7fff
7fff
7fff
7fff
7fff
7fff
7fff
7fff
7fff
7fff
7fff
7fff
7fff
7fff
7fff
7fff
7fff
7fff
7fff
7fff
7fff
7fff
7fff
7fff
7fff
7fff
7fff
7fff
7fff
7fff
7fff
7fff
7fff
7fff
7fff
7fff
7fff
7fff
7fff
7fff
7fff
7fff
7fff
7fff
7fff
7fff
7fff
7fff
7fff
7fff
7fff
7fff
7fff
7fff
7fff
7fff
7fff
7fff
7fff
7fff
7fff
7fff
7fff
7fff
7fff
7fff
7fff
7fff
7fff
7fff
7fff
7fff
7fff
7fff
7fff
7fff
7fff
7fff
7fff
7fff
7fff
7fff
7fff
7fff
7fff
7fff
7fff
7fff
7fff
7fff
7fff
7fff
7fff
7fff
7fff
7fff
7fff
7fff
7fff
7fff
7fff
7fff
7fff
7fff
7fff
7fff
7fff
7fff
7fff
7fff
7fff
7fff
7fff
7fff
7fff
7fff
7fff
7fff
7fff
7fff
7fff
7fff
7fff
7fff
7fff
7fff
7fff
7fff
7fff
7fff
7fff
7fff
7fff
7fff
7fff
7fff
7fff
7fff
7fff
7fff
7fff
7fff
7fff
7fff
7fff
7fff
7fff
7fff
7fff
7fff
7fff
7fff
7fff
7fff
7fff
7fff
7fff
7fff
7fff
7fff
7fff
7fff
7fff
7fff
7fff
7fff
7fff
7fff
7fff
7fff
7fff
7fff
7fff
7fff
7fff
7fff
7fff
7fff
7fff
7fff
7fff
7fff
7fff
7fff
7fff
7fff
7fff
7fff
7fff
7fff
7fff
7fff
7fff
7fff
7fff
7fff
7fff
7fff
7fff
7fff
7fff
7fff
7fff
7fff
7fff
7fff
7fff
7fff
7fff
7fff
7fff
7fff
7fff
7fff
7fff
7fff
7fff
7fff
7fff
7fff
7fff
7fff
7fff
7fff
7fff
7fff
7fff
7fff
7fff
7fff
7fff
7fff
7fff
7fff
7fff
7fff
7fff
7fff
7fff
7fff
7fff
7fff
7fff
7fff
7fff
7fff
7fff
7fff
7fff
7fff
7fff
7fff
7fff
7fff
7fff
7fff
7fff
7fff
7fff
7fff
7fff
7fff
7fff
7fff
7fff
7fff
7fff
7fff
7fff
7fff
7fff
7fff
7fff
7fff
7fff
7fff
7fff
7fff
7fff
7fff
7fff
7fff
7fff
7fff
7fff
7fff
7fff
7fff
7fff
7fff
7fff
7fff
7fff
7fff
7fff
7fff
7fff
7fff
7fff
7fff
7fff
7fff
7fff
7fff
7fff
7fff
7fff
7fff
7fff
7fff
7fff
7fff
7fff
7fff
7fff
7fff
7fff
7fff
7fff
7fff
7fff
7fff
7fff
7fff
7fff
7fff
7fff
7fff
7fff
7fff
7fff
7fff
7fff
7fff
7fff
7fff
7fff
7fff
7fff
7fff
7fff
7fff
7fff
7fff
7fff
7fff
7fff
7fff
7fff
7fff
7fff
7fff
7fff
7fff
7fff
7fff
7fff
7fff
7fff
7fff
7fff
7fff
7fff
7fff
7fff
7fff
7fff
7fff
7fff
7fff
7fff
7fff
7fff
7fff
7fff
7fff
7fff
7fff
7fff
7fff
7fff
7fff
7fff
7fff
7fff
7fff
7fff
7fff
7fff
7fff
7fff
7fff
7fff
7fff
7fff
7fff
7fff
7fff
7fff
7fff
7fff
7fff
7fff
7fff
7fff
7fff
7fff
7fff
7fff
7fff
7fff
7fff
7fff
7fff
7fff
7fff
7fff
7fff
7fff
7fff
7fff
7fff
7fff
7fff
7fff
7fff
7fff
7fff
7fff
7fff
7fff
7fff
7fff
7fff
7fff
7fff
7fff
7fff
7fff
7fff
7fff
7fff
7fff
7fff
7fff
7fff
7fff
7fff
7fff
7fff
7fff
7fff
7fff
7fff
7fff
7fff
7fff
7fff
7fff
7fff
7fff
7fff
7fff
7fff
7fff
7fff
7fff
7fff
7fff
7fff
7fff
7fff
7fff
7fff
7fff
7fff
7fff
7fff
7fff
7fff
7fff
7fff
7fff
7fff
7fff
7fff
7fff
7fff
7fff
7fff
7fff
7fff
7fff
7fff
7fff
7fff
7fff
7fff
7fff
7fff
7fff
7fff
7fff
7fff
7fff
7fff
7fff
7fff
7fff
7fff
7fff
7fff
7fff
7fff
7fff
7fff
7fff
7fff
7fff
7fff
7fff
7fff
7fff
7fff
7fff
7fff
7fff
7fff
7fff
7fff
7fff
7fff
7fff
7fff
7fff
7fff
7fff
7fff
7fff
7fff
7fff
7fff
7fff
7fff
7fff
7fff
7fff
7fff
7fff
7fff
7fff
7fff
7fff
7fff
7fff
7fff
7fff
7fff
7fff
7fff
7fff
7fff
7fff
7fff
7fff
7fff
7fff
7fff
7fff
7fff
7fff
7fff
7fff
7fff
7fff
7fff
7fff
7fff
7fff
7fff
7fff
7fff
7fff
7fff
7fff
7fff
7fff
7fff
7fff
7fff
7fff
7fff
7fff
7fff
7fff
7fff
7fff
7fff
7fff
7fff
7fff
7fff
7fff
7fff
7fff
7fff
7fff
7fff
7fff
7fff
7fff
7fff
7fff
7fff
7fff
7fff
7fff
7fff
7fff
7fff
7fff
7fff
7fff
7fff
7fff
7fff
7fff
7fff
7fff
7fff
7fff
7fff
7fff
7fff
7fff
7fff
7fff
7fff
7fff
7fff
7fff
7fff
7fff
7fff
7fff
7fff
7fff
7fff
7fff
7fff
7fff
7fff
7fff
7fff
7fff
7fff
7fff
7fff
7fff
7fff
7fff
7fff
7fff
7fff
7fff
7fff
7fff
7fff
7fff
7fff
7fff
7fff
7fff
7fff
7fff
7fff
7fff
7fff
7fff
7fff
7fff
7fff
7fff
7fff
7fff
7fff
7fff
7fff
7fff
7fff
7fff
7fff
7fff
7fff
7fff
7fff
7fff
7fff
7fff
7fff
7fff
7fff
7fff
7fff
7fff
7fff
7fff
7fff
7fff
7fff
7fff
7fff
7fff
7fff
7fff
7fff
7fff
7fff
7fff
7fff
7fff
7fff
7fff
7fff
7fff
7fff
7fff
7fff
7fff
7fff
7fff
7fff
7fff
7fff
7fff
7fff
7fff
7fff
7fff
7fff
7fff
7fff
7fff
7fff
7fff
7fff
7fff
7fff
7fff
7fff
7fff
7fff
7fff
7fff
7fff
7fff
7fff
7fff
7fff
7fff
7fff
7fff
7fff
7fff
7fff
7fff
7fff
7fff
7fff
7fff
7fff
7fff
7fff
7fff
7fff
7fff
7fff
7fff
7fff
7fff
7fff
7fff
7fff
7fff
7fff
7fff
7fff
7fff
7fff
7fff
7fff
7fff
7fff
7fff
7fff
7fff
7fff
7fff
7fff
7fff
7fff
7fff
7fff
7fff
7fff
7fff
7fff
7fff
7fff
7fff
7fff
7fff
7fff
7fff
7fff
7fff
7fff
7fff
7fff
7fff
7fff
7fff
7fff
7fff
7fff
7fff
7fff
7fff
7fff
7fff
7fff
7fff
7fff
7fff
7fff
7fff
7fff
7fff
7fff
7fff
7fff
7fff
7fff
7fff
7fff
7fff
7fff
7fff
7fff
7fff
7fff
7fff
7fff
7fff
7fff
7fff
7fff
7fff
7fff
7fff
7fff
7fff
7fff
7fff
7fff
7fff
7fff
7fff
7fff
7fff
7fff
7fff
7fff
7fff
7fff
7fff
7fff
7fff
7fff
7fff
7fff
7fff
7fff
7fff
7fff
7fff
7fff
7fff
7fff
7fff
7fff
7fff
7fff
7fff
7fff
7fff
7fff
7fff
7fff
7fff
7fff
7fff
7fff
7fff
7fff
7fff
7fff
7fff
7fff
7fff
7fff
7fff
7fff
7fff
7fff
7fff
7fff
7fff
7fff
7fff
7fff
7fff
7fff
7fff
7fff
7fff
7fff
7fff
7fff
7fff
7fff
7fff
7fff
7fff
7fff
7fff
7fff
7fff
7fff
7fff
7fff
7fff
7fff
7fff
7fff
7fff
7fff
7fff
7fff
7fff
7fff
7fff
7fff
7fff
7fff
7fff
7fff
7fff
7fff
7fff
7fff
7fff
7fff
7fff
7fff
7fff
7fff
7fff
7fff
7fff
7fff
7fff
7fff
7fff
7fff
7fff
7fff
7fff
7fff
7fff
7fff
7fff
7fff
7fff
7fff
7fff
7fff
7fff
7fff
7fff
7fff
7fff
7fff
7fff
7fff
7fff
7fff
7fff
7fff
7fff
7fff
7fff
7fff
7fff
7fff
7fff
7fff
7fff
7fff
7fff
7fff
7fff
7fff
7fff
7fff
7fff
7fff
7fff
7fff
7fff
7fff
7fff
7fff
7fff
7fff
7fff
7fff
7fff
7fff
7fff
7fff
7fff
7fff
7fff
7fff
7fff
7fff
7fff
7fff
7fff
7fff
7fff
7fff
7fff
7fff
7fff
7fff
7fff
7fff
7fff
7fff
7fff
7fff
7fff
7fff
7fff
7fff
7fff
7fff
7fff
7fff
7fff
7fff
7fff
7fff
7fff
7fff
7fff
7fff
7fff
7fff
7fff
7fff
7fff
7fff
7fff
7fff
7fff
7fff
7fff
7fff
7fff
7fff
7fff
7fff
7fff
7fff
7fff
7fff
7fff
7fff
7fff
7fff
7fff
7fff
7fff
7fff
7fff
7fff
7fff
7fff
7fff
7fff
7fff
7fff
7fff
7fff
7fff
7fff
7fff
7fff
7fff
7fff
7fff
7fff
7fff
7fff
7fff
7fff
7fff
7fff
7fff
7fff
7fff
7fff
7fff
7fff
7fff
7fff
7fff
7fff
7fff
7fff
7fff
7fff
7fff
7fff
7fff
7fff
7fff
7fff
7fff
7fff
7fff
7fff
7fff
7fff
7fff
7fff
7fff
7fff
7fff
7fff
7fff
7fff
7fff
7fff
7fff
7fff
7fff
7fff
7fff
7fff
7fff
7fff
7fff
7fff
7fff
7fff
7fff
7fff
7fff
7fff
7fff
7fff
7fff
7fff
7fff
7fff
7fff
7fff
7fff
7fff
7fff
7fff
7fff
7fff
7fff
7fff
7fff
7fff
7fff
7fff
7fff
7fff
7fff
7fff
7fff
7fff
7fff
7fff
7fff
7fff
7fff
7fff
7fff
7fff
7fff
7fff
7fff
7fff
7fff
7fff
7fff
7fff
7fff
7fff
7fff
7fff
7fff
7fff
7fff
7fff
7fff
7fff
7fff
7fff
7fff
7fff
7fff
7fff
7fff
7fff
7fff
7fff
7fff
7fff
7fff
7fff
7fff
7fff
7fff
7fff
7fff
7fff
7fff
7fff
7fff
7fff
7fff
7fff
7fff
7fff
7fff
7fff
7fff
7fff
7fff
7fff
7fff
7fff
7fff
7fff
7fff
7fff
7fff
7fff
7fff
7fff
7fff
7fff
7fff
7fff
7fff
7fff
7fff
7fff
7fff
7fff
7fff
7fff
7fff
7fff
7fff
7fff
7fff
7fff
7fff
7fff
7fff
7fff
7fff
7fff
7fff
7fff
7fff
7fff
7fff
7fff
7fff
7fff
7fff
7fff
7fff
7fff
7fff
7fff
7fff
7fff
7fff
7fff
7fff
7fff
7fff
7fff
7fff
7fff
7fff
7fff
7fff
7fff
7fff
7fff
7fff
7fff
7fff
7fff
7fff
7fff
7fff
7fff
7fff
7fff
7fff
7fff
7fff
7fff
7fff
7fff
7fff
7fff
7fff
7fff
7fff
7fff
7fff
7fff
7fff
7fff
7fff
7fff
7fff
7fff
7fff
7fff
7fff
7fff
7fff
7fff
7fff
7fff
7fff
7fff
7fff
7fff
7fff
7fff
7fff
7fff
7fff
7fff
7fff
7fff
7fff
7fff
7fff
7fff
7fff
7fff
7fff
7fff
7fff
7fff
7fff
7fff
7fff
7fff
7fff
7fff
7fff
7fff
7fff
7fff
7fff
7fff
7fff
7fff
7fff
7fff
7fff
7fff
7fff
7fff
7fff
7fff
7fff
7fff
7fff
7fff
7fff
7fff
7fff
7fff
7fff
7fff
7fff
7fff
7fff
7fff
7fff
7fff
7fff
7fff
7fff
7fff
7fff
7fff
7fff
7fff
7fff
7fff
7fff
7fff
7fff
7fff
7fff
7fff
7fff
7fff
7fff
7fff
7fff
7fff
7fff
7fff
7fff
7fff
7fff
7fff
7fff
7fff
7fff
7fff
7fff
7fff
7fff
7fff
7fff
7fff
7fff
7fff
7fff
7fff
7fff
7fff
7fff
7fff
7fff
7fff
7fff
7fff
7fff
7fff
7fff
7fff
7fff
7fff
7fff
7fff
7fff
7fff
7fff
7fff
7fff
7fff
7fff
7fff
7fff
7fff
7fff
7fff
7fff
7fff
7fff
7fff
7fff
7fff
7fff
7fff
7fff
7fff
7fff
7fff
7fff
7fff
7fff
7fff
7fff
7fff
7fff
7fff
7fff
7fff
7fff
7fff
7fff
7fff
7fff
7fff
7fff
7fff
7fff
7fff
7fff
7fff
7fff
7fff
7fff
7fff
7fff
7fff
7fff
7fff
7fff
7fff
7fff
7fff
7fff
7fff
7fff
7fff
7fff
7fff
7fff
7fff
7fff
7fff
7fff
7fff
7fff
7fff
7fff
7fff
7fff
7fff
7fff
7fff
7fff
7fff
7fff
7fff
7fff
7fff
7fff
7fff
7fff
7fff
7fff
7fff
7fff
7fff
7fff
7fff
7fff
7fff
7fff
7fff
7fff
7fff
7fff
7fff
7fff
7fff
7fff
7fff
7fff
7fff
7fff
7fff
7fff
7fff
7fff
7fff
7fff
7fff
7fff
7fff
7fff
7fff
7fff
7fff
7fff
7fff
7fff
7fff
7fff
7fff
7fff
7fff
7fff
7fff
7fff
7fff
7fff
7fff
7fff
7fff
7fff
7fff
7fff
7fff
7fff
7fff
7fff
7fff
7fff
7fff
7fff
7fff
7fff
7fff
7fff
7fff
7fff
7fff
7fff
7fff
7fff
7fff
7fff
7fff
7fff
7fff
7fff
7fff
7fff
7fff
7fff
7fff
7fff
7fff
7fff
7fff
7fff
7fff
7fff
7fff
7fff
7fff
7fff
7fff
7fff
7fff
7fff
7fff
7fff
7fff
7fff
7fff
7fff
7fff
7fff
7fff
7fff
7fff
7fff
7fff
7fff
7fff
7fff
7fff
7fff
7fff
7fff
7fff
7fff
7fff
7fff
7fff
7fff
7fff
7fff
7fff
7fff
7fff
7fff
7fff
7fff
7fff
7fff
7fff
7fff
7fff
7fff
7fff
7fff
7fff
7fff
7fff
7fff
7fff
7fff
7fff
7fff
7fff
7fff
7fff
7fff
7fff
7fff
7fff
7fff
7fff
7fff
7fff
7fff
7fff
7fff
7fff
7fff
7fff
7fff
7fff
7fff
7fff
7fff
7fff
7fff
7fff
7fff
7fff
7fff
7fff
7fff
7fff
7fff
7fff
7fff
7fff
7fff
7fff
7fff
7fff
7fff
7fff
7fff
7fff
7fff
7fff
7fff
7fff
7fff
7fff
7fff
7fff
7fff
7fff
7fff
7fff
7fff
7fff
7fff
7fff
7fff
7fff
7fff
7fff
7fff
7fff
7fff
7fff
7fff
7fff
7fff
7fff
7fff
7fff
7fff
7fff
7fff
7fff
7fff
7fff
7fff
7fff
7fff
7fff
7fff
7fff
7fff
7fff
7fff
7fff
7fff
7fff
7fff
7fff
7fff
7fff
7fff
7fff
7fff
7fff
7fff
7fff
7fff
7fff
7fff
7fff
7fff
7fff
7fff
7fff
7fff
7fff
7fff
7fff
7fff
7fff
7fff
7fff
7fff
7fff
7fff
7fff
7fff
7fff
7fff
7fff
7fff
7fff
7fff
7fff
7fff
7fff
7fff
7fff
7fff
7fff
7fff
7fff
7fff
7fff
7fff
7fff
7fff
7fff
7fff
7fff
7fff
7fff
7fff
7fff
7fff
7fff
7fff
7fff
7fff
7fff
7fff
7fff
7fff
7fff
7fff
7fff
7fff
7fff
7fff
7fff
7fff
7fff
7fff
7fff
7fff
7fff
7fff
7fff
7fff
7fff
7fff
7fff
7fff
7fff
7fff
7fff
7fff
7fff
7fff
7fff
7fff
7fff
7fff
7fff
7fff
7fff
7fff
7fff
7fff
7fff
7fff
7fff
7fff
7fff
7fff
7fff
7fff
7fff
7fff
7fff
7fff
7fff
7fff
7fff
7fff
7fff
7fff
7fff
7fff
7fff
7fff
7fff
7fff
7fff
7fff
7fff
7fff
7fff
7fff
7fff
7fff
7fff
7fff
7fff
7fff
7fff
7fff
7fff
7fff
7fff
7fff
7fff
7fff
7fff
7fff
7fff
7fff
7fff
7fff
7fff
7fff
7fff
7fff
7fff
7fff
7fff
7fff
7fff
7fff
7fff
7fff
7fff
7fff
7fff
7fff
7fff
7fff
7fff
7fff
7fff
7fff
7fff
7fff
7fff
7fff
7fff
7fff
7fff
7fff
7fff
7fff
7fff
7fff
7fff
7fff
7fff
7fff
7fff
7fff
7fff
7fff
7fff
7fff
7fff
7fff
7fff
7fff
7fff
7fff
7fff
7fff
7fff
7fff
7fff
7fff
7fff
7fff
7fff
7fff
7fff
7fff
7fff
7fff
7fff
7fff
7fff
7fff
7fff
7fff
7fff
7fff
7fff
7fff
7fff
7fff
7fff
7fff
7fff
7fff
7fff
7fff
7fff
7fff
7fff
7fff
7fff
7fff
7fff
7fff
7fff
7fff
7fff
7fff
7fff
7fff
7fff
7fff
7fff
7fff
7fff
7fff
7fff
7fff
7fff
7fff
7fff
7fff
7fff
7fff
7fff
7fff
7fff
7fff
7fff
7fff
7fff
7fff
7fff
7fff
7fff
7fff
7fff
7fff
7fff
7fff
7fff
7fff
7fff
7fff
7fff
7fff
7fff
7fff
7fff
7fff
7fff
7fff
7fff
7fff
7fff
7fff
7fff
7fff
7fff
7fff
7fff
7fff
7fff
7fff
7fff
7fff
7fff
7fff
7fff
7fff
7fff
7fff
7fff
7fff
7fff
7fff
7fff
7fff
7fff
7fff
7fff
7fff
7fff
7fff
7fff
7fff
7fff
7fff
7fff
7fff
7fff
7fff
7fff
7fff
7fff
7fff
7fff
7fff
7fff
7fff
7fff
7fff
7fff
7fff
7fff
7fff
7fff
7fff
7fff
7fff
7fff
7fff
7fff
7fff
7fff
7fff
7fff
7fff
7fff
7fff
7fff
7fff
7fff
7fff
7fff
7fff
7fff
7fff
7fff
7fff
7fff
7fff
7fff
7fff
7fff
7fff
7fff
7fff
7fff
7fff
7fff
7fff
7fff
7fff
7fff
7fff
7fff
7fff
7fff
7fff
7fff
7fff
7fff
7fff
7fff
7fff
7fff
7fff
7fff
7fff
7fff
7fff
7fff
7fff
7fff
7fff
7fff
7fff
7fff
7fff
7fff
7fff
7fff
7fff
7fff
7fff
7fff
7fff
7fff
7fff
7fff
7fff
7fff
7fff
7fff
7fff
7fff
7fff
7fff
7fff
7fff
7fff
7fff
7fff
7fff
7fff
7fff
7fff
7fff
7fff
7fff
7fff
7fff
7fff
7fff
7fff
7fff
7fff
7fff
7fff
7fff
7fff
7fff
7fff
7fff
7fff
7fff
7fff
7fff
7fff
7fff
7fff
7fff
7fff
7fff
7fff
7fff
7fff
7fff
7fff
7fff
7fff
7fff
7fff
7fff
7fff
7fff
7fff
7fff
7fff
7fff
7fff
7fff
7fff
7fff
7fff
7fff
7fff
7fff
7fff
7fff
7fff
7fff
7fff
7fff
7fff
7fff
7fff
7fff
7fff
7fff
7fff
7fff
7fff
7fff
7fff
7fff
7fff
7fff
7fff
7fff
7fff
7fff
7fff
7fff
7fff
7fff
7fff
7fff
7fff
7fff
7fff
7fff
7fff
7fff
7fff
7fff
7fff
7fff
7fff
7fff
7fff
7fff
7fff
7fff
7fff
7fff
7fff
7fff
7fff
7fff
7fff
7fff
7fff
7fff
7fff
7fff
7fff
7fff
7fff
7fff
7fff
7fff
7fff
7fff
7fff
7fff
7fff
7fff
7fff
7fff
7fff
7fff
7fff
7fff
7fff
7fff
7fff
7fff
7fff
7fff
7fff
7fff
7fff
7fff
7fff
7fff
7fff
7fff
7fff
7fff
7fff
7fff
7fff
7fff
7fff
7fff
7fff
7fff
7fff
7fff
7fff
7fff
7fff
7fff
7fff
7fff
7fff
7fff
7fff
7fff
7fff
7fff
7fff
7fff
7fff
7fff
7fff
7fff
7fff
7fff
7fff
7fff
7fff
7fff
7fff
7fff
7fff
7fff
7fff
7fff
7fff
7fff
7fff
7fff
7fff
7fff
7fff
7fff
7fff
7fff
7fff
7fff
7fff
7fff
7fff
7fff
7fff
7fff
7fff
7fff
7fff
7fff
7fff
7fff
7fff
7fff
7fff
7fff
7fff
7fff
7fff
7fff
7fff
7fff
7fff
7fff
7fff
7fff
7fff
7fff
7fff
7fff
7fff
7fff
7fff
7fff
7fff
7fff
7fff
7fff
7fff
7fff
7fff
7fff
7fff
7fff
7fff
7fff
7fff
7fff
7fff
7fff
7fff
7fff
7fff
7fff
7fff
7fff
7fff
7fff
7fff
7fff
7fff
7fff
7fff
7fff
7fff
7fff
7fff
7fff
7fff
7fff
7fff
7fff
7fff
7fff
7fff
7fff
7fff
7fff
7fff
7fff
7fff
7fff
7fff
7fff
7fff
7fff
7fff
7fff
7fff
7fff
7fff
7fff
7fff
7fff
7fff
7fff
7fff
7fff
7fff
7fff
7fff
7fff
7fff
7fff
7fff
7fff
7fff
7fff
7fff
7fff
7fff
7fff
7fff
7fff
7fff
7fff
7fff
7fff
7fff
7fff
7fff
7fff
7fff
7fff
7fff
7fff
7fff
7fff
7fff
7fff
7fff
7fff
7fff
7fff
7fff
7fff
7fff
7fff
7fff
7fff
7fff
7fff
7fff
7fff
7fff
7fff
7fff
7fff
7fff
7fff
7fff
7fff
7fff
7fff
7fff
7fff
7fff
7fff
7fff
7fff
7fff
7fff
7fff
7fff
7fff
7fff
7fff
7fff
7fff
7fff
7fff
7fff
7fff
7fff
7fff
7fff
7fff
7fff
7fff
7fff
7fff
7fff
7fff
7fff
7fff
7fff
7fff
7fff
7fff
7fff
7fff
7fff
7fff
7fff
7fff
7fff
7fff
7fff
7fff
7fff
7fff
7fff
7fff
7fff
7fff
7fff
7fff
7fff
7fff
7fff
7fff
7fff
7fff
7fff
7fff
7fff
7fff
7fff
7fff
7fff
7fff
7fff
7fff
7fff
7fff
7fff
7fff
7fff
7fff
7fff
7fff
7fff
7fff
7fff
7fff
7fff
7fff
7fff
7fff
7fff
7fff
7fff
7fff
7fff
7fff
7fff
7fff
7fff
7fff
7fff
7fff
7fff
7fff
7fff
7fff
7fff
7fff
7fff
7fff
7fff
7fff
7fff
7fff
7fff
7fff
7fff
7fff
7fff
7fff
7fff
7fff
7fff
7fff
7fff
7fff
7fff
7fff
7fff
7fff
7fff
7fff
7fff
7fff
7fff
7fff
7fff
7fff
7fff
7fff
7fff
7fff
7fff
7fff
7fff
7fff
7fff
7fff
7fff
7fff
7fff
7fff
7fff
7fff
7fff
7fff
7fff
7fff
7fff
7fff
7fff
7fff
7fff
7fff
7fff
7fff
7fff
7fff
7fff
7fff
7fff
7fff
7fff
7fff
7fff
7fff
7fff
7fff
7fff
7fff
7fff
7fff
7fff
7fff
7fff
7fff
7fff
7fff
7fff
7fff
7fff
7fff
7fff
7fff
7fff
7fff
7fff
7fff
7fff
7fff
7fff
7fff
7fff
7fff
7fff
7fff
7fff
7fff
7fff
7fff
7fff
7fff
7fff
7fff
7fff
7fff
7fff
7fff
7fff
7fff
7fff
7fff
7fff
7fff
7fff
7fff
7fff
7fff
7fff
7fff
7fff
7fff
7fff
7fff
7fff
7fff
7fff
7fff
7fff
7fff
7fff
7fff
7fff
7fff
7fff
7fff
7fff
7fff
7fff
7fff
7fff
7fff
7fff
7fff
7fff
7fff
7fff
7fff
7fff
7fff
7fff
7fff
7fff
7fff
7fff
7fff
7fff
7fff
7fff
7fff
7fff
7fff
7fff
7fff
7fff
7fff
7fff
7fff
7fff
7fff
7fff
7fff
7fff
7fff
7fff
7fff
7fff
7fff
7fff
7fff
7fff
7fff
7fff
7fff
7fff
7fff
7fff
7fff
7fff
7fff
7fff
7fff
7fff
7fff
7fff
7fff
7fff
7fff
7fff
7fff
7fff
7fff
7fff
7fff
7fff
7fff
7fff
7fff
7fff
7fff
7fff
7fff
7fff
7fff
7fff
7fff
7fff
7fff
7fff
7fff
7fff
7fff
7fff
7fff
7fff
7fff
7fff
7fff
7fff
7fff
7fff
7fff
7fff
7fff
7fff
7fff
7fff
7fff
7fff
7fff
7fff
7fff
7fff
7fff
7fff
7fff
7fff
7fff
7fff
7fff
7fff
7fff
7fff
7fff
7fff
7fff
7fff
7fff
7fff
7fff
7fff
7fff
7fff
7fff
7fff
7fff
7fff
7fff
7fff
7fff
7fff
7fff
7fff
7fff
7fff
7fff
7fff
7fff
7fff
7fff
7fff
7fff
7fff
7fff
7fff
7fff
7fff
7fff
7fff
7fff
7fff
7fff
7fff
7fff
7fff
7fff
7fff
7fff
7fff
7fff
7fff
7fff
7fff
7fff
7fff
7fff
7fff
7fff
7fff
7fff
7fff
7fff
7fff
7fff
7fff
7fff
7fff
7fff
7fff
7fff
7fff
7fff
7fff
7fff
7fff
7fff
7fff
7fff
7fff
7fff
7fff
7fff
7fff
7fff
7fff
7fff
7fff
7fff
7fff
7fff
7fff
7fff
7fff
7fff
7fff
7fff
7fff
7fff
7fff
7fff
7fff
7fff
7fff
7fff
7fff
7fff
7fff
7fff
7fff
7fff
7fff
7fff
7fff
7fff
7fff
7fff
7fff
7fff
7fff
7fff
7fff
7fff
7fff
7fff
7fff
7fff
7fff
7fff
7fff
7fff
7fff
7fff
7fff
7fff
7fff
7fff
7fff
7fff
7fff
7fff
7fff
7fff
7fff
7fff
7fff
7fff
7fff
7fff
7fff
7fff
7fff
7fff
7fff
7fff
7fff
7fff
7fff
7fff
7fff
7fff
7fff
7fff
7fff
7fff
7fff
7fff
7fff
7fff
7fff
7fff
7fff
7fff
7fff
7fff
7fff
7fff
7fff
7fff
7fff
7fff
7fff
7fff
7fff
7fff
7fff
7fff
7fff
7fff
7fff
7fff
7fff
7fff
7fff
7fff
7fff
7fff
7fff
7fff
7fff
7fff
7fff
7fff
7fff
7fff
7fff
7fff
7fff
7fff
7fff
7fff
7fff
7fff
7fff
7fff
7fff
7fff
7fff
7fff
7fff
7fff
7fff
7fff
7fff
7fff
7fff
7fff
7fff
7fff
7fff
7fff
7fff
7fff
7fff
7fff
7fff
7fff
7fff
7fff
7fff
7fff
7fff
7fff
7fff
7fff
7fff
7fff
7fff
7fff
7fff
7fff
7fff
7fff
7fff
7fff
7fff
7fff
7fff
7fff
7fff
7fff
7fff
7fff
7fff
7fff
7fff
7fff
7fff
7fff
7fff
7fff
7fff
7fff
7fff
7fff
7fff
7fff
7fff
7fff
7fff
7fff
7fff
7fff
7fff
7fff
7fff
7fff
7fff
7fff
7fff
7fff
7fff
7fff
7fff
7fff
7fff
7fff
7fff
7fff
7fff
7fff
7fff
7fff
7fff
7fff
7fff
7fff
7fff
7fff
7fff
7fff
7fff
7fff
7fff
7fff
7fff
7fff
7fff
7fff
7fff
7fff
7fff
7fff
7fff
7fff
7fff
7fff
7fff
7fff
7fff
7fff
7fff
7fff
7fff
7fff
7fff
7fff
7fff
7fff
7fff
7fff
7fff
7fff
7fff
7fff
7fff
7fff
7fff
7fff
7fff
7fff
7fff
7fff
7fff
7fff
7fff
7fff
7fff
7fff
7fff
7fff
7fff
7fff
7fff
7fff
7fff
7fff
7fff
7fff
7fff
7fff
7fff
7fff
7fff
7fff
7fff
7fff
7fff
7fff
7fff
7fff
7fff
7fff
7fff
7fff
7fff
7fff
7fff
7fff
7fff
7fff
7fff
7fff
7fff
7fff
7fff
7fff
7fff
7fff
7fff
7fff
7fff
7fff
7fff
7fff
7fff
7fff
7fff
7fff
7fff
7fff
7fff
7fff
7fff
7fff
7fff
7fff
7fff
7fff
7fff
7fff
7fff
7fff
7fff
7fff
7fff
7fff
7fff
7fff
7fff
7fff
7fff
7fff
7fff
7fff
7fff
7fff
7fff
7fff
7fff
7fff
7fff
7fff
7fff
7fff
7fff
7fff
7fff
7fff
7fff
7fff
7fff
7fff
7fff
7fff
7fff
7fff
7fff
7fff
7fff
7fff
7fff
7fff
7fff
7fff
7fff
7fff
7fff
7fff
7fff
7fff
7fff
7fff
7fff
7fff
7fff
7fff
7fff
7fff
7fff
7fff
7fff
7fff
7fff
7fff
7fff
7fff
7fff
7fff
7fff
7fff
7fff
7fff
7fff
7fff
7fff
7fff
7fff
7fff
7fff
7fff
7fff
7fff
7fff
7fff
7fff
7fff
7fff
7fff
7fff
7fff
7fff
7fff
7fff
7fff
7fff
7fff
7fff
7fff
7fff
7fff
7fff
7fff
7fff
7fff
7fff
7fff
7fff
7fff
7fff
7fff
7fff
7fff
7fff
7fff
7fff
7fff
7fff
7fff
7fff
7fff
7fff
7fff
7fff
7fff
7fff
7fff
7fff
7fff
7fff
7fff
7fff
7fff
7fff
7fff
7fff
7fff
7fff
7fff
7fff
7fff
7fff
7fff
7fff
7fff
7fff
7fff
7fff
7fff
7fff
7fff
7fff
7fff
7fff
7fff
7fff
7fff
7fff
7fff
7fff
7fff
7fff
7fff
7fff
7fff
7fff
7fff
7fff
7fff
7fff
7fff
7fff
7fff
7fff
7fff
7fff
7fff
7fff
7fff
7fff
7fff
7fff
7fff
7fff
7fff
7fff
7fff
7fff
7fff
7fff
7fff
7fff
7fff
7fff
7fff
7fff
7fff
7fff
7fff
7fff
7fff
7fff
7fff
7fff
7fff
7fff
7fff
7fff
7fff
7fff
7fff
7fff
7fff
7fff
7fff
7fff
7fff
7fff
7fff
7fff
7fff
7fff
7fff
7fff
7fff
7fff
7fff
7fff
7fff
7fff
7fff
7fff
7fff
7fff
7fff
7fff
7fff
7fff
7fff
7fff
7fff
7fff
7fff
7fff
7fff
7fff
7fff
7fff
7fff
7fff
7fff
7fff
7fff
7fff
7fff
7fff
7fff
7fff
7fff
7fff
7fff
7fff
7fff
7fff
7fff
7fff
7fff
7fff
7fff
7fff
7fff
7fff
7fff
7fff
7fff
7fff
7fff
7fff
7fff
7fff
7fff
7fff
7fff
7fff
7fff
7fff
7fff
7fff
7fff
7fff
7fff
7fff
7fff
7fff
7fff
7fff
7fff
7fff
7fff
7fff
7fff
7fff
7fff
7fff
7fff
7fff
7fff
7fff
7fff
7fff
7fff
7fff
7fff
7fff
7fff
7fff
7fff
7fff
7fff
7fff
7fff
7fff
7fff
7fff
7fff
7fff
7fff
7fff
7fff
7fff
7fff
7fff
7fff
7fff
7fff
7fff
7fff
7fff
7fff
7fff
7fff
7fff
7fff
7fff
7fff
7fff
7fff
7fff
7fff
7fff
7fff
7fff
7fff
7fff
7fff
7fff
7fff
7fff
7fff
7fff
7fff
7fff
7fff
7fff
7fff
7fff
7fff
7fff
7fff
7fff
7fff
7fff
7fff
7fff
7fff
7fff
7fff
7fff
7fff
7fff
7fff
7fff
7fff
7fff
7fff
7fff
7fff
7fff
7fff
7fff
7fff
7fff
7fff
7fff
7fff
7fff
7fff
7fff
7fff
7fff
7fff
7fff
7fff
7fff
7fff
7fff
7fff
7fff
7fff
7fff
7fff
7fff
7fff
7fff
7fff
7fff
7fff
7fff
7fff
7fff
7fff
7fff
7fff
7fff
7fff
7fff
7fff
7fff
7fff
7fff
7fff
7fff
7fff
7fff
7fff
7fff
7fff
7fff
7fff
7fff
7fff
7fff
7fff
7fff
7fff
7fff
7fff
7fff
7fff
7fff
7fff
7fff
7fff
7fff
7fff
7fff
7fff
7fff
7fff
7fff
7fff
7fff
7fff
7fff
7fff
7fff
7fff
7fff
7fff
7fff
7fff
7fff
7fff
7fff
7fff
7fff
7fff
7fff
7fff
7fff
7fff
7fff
7fff
7fff
7fff
7fff
7fff
7fff
7fff
7fff
7fff
7fff
7fff
7fff
7fff
7fff
7fff
7fff
7fff
7fff
7fff
7fff
7fff
7fff
7fff
7fff
7fff
7fff
7fff
7fff
7fff
7fff
7fff
7fff
7fff
7fff
7fff
7fff
7fff
7fff
7fff
7fff
7fff
7fff
7fff
7fff
7fff
7fff
7fff
7fff
7fff
7fff
7fff
7fff
7fff
7fff
7fff
7fff
7fff
7fff
7fff
7fff
7fff
7fff
7fff
7fff
7fff
7fff
7fff
7fff
7fff
7fff
7fff
7fff
7fff
7fff
7fff
7fff
7fff
7fff
7fff
7fff
7fff
7fff
7fff
7fff
7fff
7fff
7fff
7fff
7fff
7fff
7fff
7fff
7fff
7fff
7fff
7fff
7fff
7fff
7fff
7fff
7fff
7fff
7fff
7fff
7fff
7fff
7fff
7fff
7fff
7fff
7fff
7fff
7fff
7fff
7fff
7fff
7fff
7fff
7fff
7fff
7fff
7fff
7fff
7fff
7fff
7fff
7fff
7fff
7fff
7fff
7fff
7fff
7fff
7fff
7fff
7fff
7fff
7fff
7fff
7fff
7fff
7fff
7fff
7fff
7fff
7fff
7fff
7fff
7fff
7fff
7fff
7fff
7fff
7fff
7fff
7fff
7fff
7fff
7fff
7fff
7fff
7fff
7fff
7fff
7fff
7fff
7fff
7fff
7fff
7fff
7fff
7fff
7fff
7fff
7fff
7fff
7fff
7fff
7fff
7fff
7fff
7fff
7fff
7fff
7fff
7fff
7fff
7fff
7fff
7fff
7fff
7fff
7fff
7fff
7fff
7fff
7fff
7fff
7fff
7fff
7fff
7fff
7fff
7fff
7fff
7fff
7fff
7fff
7fff
7fff
7fff
7fff
7fff
7fff
7fff
7fff
7fff
7fff
7fff
7fff
7fff
7fff
7fff
7fff
7fff
7fff
7fff
7fff
7fff
7fff
7fff
7fff
7fff
7fff
7fff
7fff
7fff
7fff
7fff
7fff
7fff
7fff
7fff
7fff
7fff
7fff
7fff
7fff
7fff
7fff
7fff
7fff
7fff
7fff
7fff
7fff
7fff
7fff
7fff
7fff
7fff
7fff
7fff
7fff
7fff
7fff
7fff
7fff
7fff
7fff
7fff
7fff
7fff
7fff
7fff
7fff
7fff
7fff
7fff
7fff
7fff
7fff
7fff
7fff
7fff
7fff
7fff
7fff
7fff
7fff
7fff
7fff
7fff
7fff
7fff
7fff
7fff
7fff
7fff
7fff
7fff
7fff
7fff
7fff
7fff
7fff
7fff
7fff
7fff
7fff
7fff
7fff
7fff
7fff
7fff
7fff
7fff
7fff
7fff
7fff
7fff
7fff
7fff
7fff
7fff
7fff
7fff
7fff
7fff
7fff
7fff
7fff
7fff
7fff
7fff
7fff
7fff
7fff
7fff
7fff
7fff
7fff
7fff
7fff
7fff
7fff
7fff
7fff
7fff
7fff
7fff
7fff
7fff
7fff
7fff
7fff
7fff
7fff
7fff
7fff
7fff
7fff
7fff
7fff
7fff
7fff
7fff
7fff
7fff
7fff
7fff
7fff
7fff
7fff
7fff
7fff
7fff
7fff
7fff
7fff
7fff
7fff
7fff
7fff
7fff
7fff
7fff
7fff
7fff
7fff
7fff
7fff
7fff
7fff
7fff
7fff
7fff
7fff
7fff
7fff
7fff
7fff
7fff
7fff
7fff
7fff
7fff
7fff
7fff
7fff
7fff
7fff
7fff
7fff
7fff
7fff
7fff
7fff
7fff
7fff
7fff
7fff
7fff
7fff
7fff
7fff
7fff
7fff
7fff
7fff
7fff
7fff
7fff
7fff
7fff
7fff
7fff
7fff
7fff
7fff
7fff
7fff
7fff
7fff
7fff
7fff
7fff
7fff
7fff
7fff
7fff
7fff
7fff
7fff
7fff
7fff
7fff
7fff
7fff
7fff
7fff
7fff
7fff
7fff
7fff
7fff
7fff
7fff
7fff
7fff
7fff
7fff
7fff
7fff
7fff
7fff
7fff
7fff
7fff
7fff
7fff
7fff
7fff
7fff
7fff
7fff
7fff
7fff
7fff
7fff
7fff
7fff
7fff
7fff
7fff
7fff
7fff
7fff
7fff
7fff
7fff
7fff
7fff
7fff
7fff
7fff
7fff
7fff
7fff
7fff
7fff
7fff
7fff
7fff
7fff
7fff
7fff
7fff
7fff
7fff
7fff
7fff
7fff
7fff
7fff
7fff
7fff
7fff
7fff
7fff
7fff
7fff
7fff
7fff
7fff
7fff
7fff
7fff
7fff
7fff
7fff
7fff
7fff
7fff
7fff
7fff
7fff
7fff
7fff
7fff
7fff
7fff
7fff
7fff
7fff
7fff
7fff
7fff
7fff
7fff
7fff
7fff
7fff
7fff
7fff
7fff
7fff
7fff
7fff
7fff
7fff
7fff
7fff
7fff
7fff
7fff
7fff
7fff
7fff
7fff
7fff
7fff
7fff
7fff
7fff
7fff
7fff
7fff
7fff
7fff
7fff
7fff
7fff
7fff
7fff
7fff
7fff
7fff
7fff
7fff
7fff
7fff
7fff
7fff
7fff
7fff
7fff
7fff
7fff
7fff
7fff
7fff
7fff
7fff
7fff
7fff
7fff
7fff
7fff
7fff
7fff
7fff
7fff
7fff
7fff
7fff
7fff
7fff
7fff
7fff
7fff
7fff
7fff
7fff
7fff
7fff
7fff
7fff
7fff
7fff
7fff
7fff
7fff
7fff
7fff
7fff
7fff
7fff
7fff
7fff
7fff
7fff
7fff
7fff
7fff
7fff
7fff
7fff
7fff
7fff
7fff
7fff
7fff
7fff
7fff
7fff
7fff
7fff
7fff
7fff
7fff
7fff
7fff
7fff
7fff
7fff
7fff
7fff
7fff
7fff
7fff
7fff
7fff
7fff
7fff
7fff
7fff
7fff
7fff
7fff
7fff
7fff
7fff
7fff
7fff
7fff
7fff
7fff
7fff
7fff
7fff
7fff
7fff
7fff
7fff
7fff
7fff
7fff
7fff
7fff
7fff
7fff
7fff
7fff
7fff
7fff
7fff
7fff
7fff
7fff
7fff
7fff
7fff
7fff
7fff
7fff
7fff
7fff
7fff
7fff
7fff
7fff
7fff
7fff
7fff
7fff
7fff
7fff
7fff
7fff
7fff
7fff
7fff
7fff
7fff
7fff
7fff
7fff
7fff
7fff
7fff
7fff
7fff
7fff
7fff
7fff
7fff
7fff
7fff
7fff
7fff
7fff
7fff
7fff
7fff
7fff
7fff
7fff
7fff
7fff
7fff
7fff
7fff
7fff
7fff
7fff
7fff
7fff
7fff
7fff
7fff
7fff
7fff
7fff
7fff
7fff
7fff
7fff
7fff
7fff
7fff
7fff
7fff
7fff
7fff
7fff
7fff
7fff
7fff
7fff
7fff
7fff
7fff
7fff
7fff
7fff
7fff
7fff
7fff
7fff
7fff
7fff
7fff
7fff
7fff
7fff
7fff
7fff
7fff
7fff
7fff
7fff
7fff
7fff
7fff
7fff
7fff
7fff
7fff
7fff
7fff
7fff
7fff
7fff
7fff
7fff
7fff
7fff
7fff
7fff
7fff
7fff
7fff
7fff
7fff
7fff
7fff
7fff
7fff
7fff
7fff
7fff
7fff
7fff
7fff
7fff
7fff
7fff
7fff
7fff
7fff
7fff
7fff
7fff
7fff
7fff
7fff
7fff
7fff
7fff
7fff
7fff
7fff
7fff
7fff
7fff
7fff
7fff
7fff
7fff
7fff
7fff
7fff
7fff
7fff
7fff
7fff
7fff
7fff
7fff
7fff
7fff
7fff
7fff
7fff
7fff
7fff
7fff
7fff
7fff
7fff
7fff
7fff
7fff
7fff
7fff
7fff
7fff
7fff
7fff
7fff
7fff
7fff
7fff
7fff
7fff
7fff
7fff
7fff
7fff
7fff
7fff
7fff
7fff
7fff
7fff
7fff
7fff
7fff
7fff
7fff
7fff
7fff
7fff
7fff
7fff
7fff
7fff
7fff
7fff
7fff
7fff
7fff
7fff
7fff
7fff
7fff
7fff
7fff
7fff
7fff
7fff
7fff
7fff
7fff
7fff
7fff
7fff
7fff
7fff
7fff
7fff
7fff
7fff
7fff
7fff
7fff
7fff
7fff
7fff
7fff
7fff
7fff
7fff
7fff
7fff
7fff
7fff
7fff
7fff
7fff
7fff
7fff
7fff
7fff
7fff
7fff
7fff
7fff
7fff
7fff
7fff
7fff
7fff
7fff
7fff
7fff
7fff
7fff
7fff
7fff
7fff
7fff
7fff
7fff
7fff
7fff
7fff
7fff
7fff
7fff
7fff
7fff
7fff
7fff
7fff
7fff
7fff
7fff
7fff
7fff
7fff
7fff
7fff
7fff
7fff
7fff
7fff
7fff
7fff
7fff
7fff
7fff
7fff
7fff
7fff
7fff
7fff
7fff
7fff
7fff
7fff
7fff
7fff
7fff
7fff
7fff
7fff
7fff
7fff
7fff
7fff
7fff
7fff
7fff
7fff
7fff
7fff
7fff
7fff
7fff
7fff
7fff
7fff
7fff
7fff
7fff
7fff
7fff
7fff
7fff
7fff
7fff
7fff
7fff
7fff
7fff
7fff
7fff
7fff
7fff
7fff
7fff
7fff
7fff
7fff
7fff
7fff
7fff
7fff
7fff
7fff
7fff
7fff
7fff
7fff
7fff
7fff
7fff
7fff
7fff
7fff
7fff
7fff
7fff
7fff
7fff
7fff
7fff
7fff
7fff
7fff
7fff
7fff
7fff
7fff
7fff
7fff
7fff
7fff
7fff
7fff
7fff
7fff
7fff
7fff
7fff
7fff
7fff
7fff
7fff
7fff
7fff
7fff
7fff
7fff
7fff
7fff
7fff
7fff
7fff
7fff
7fff
7fff
7fff
7fff
7fff
7fff
7fff
7fff
7fff
7fff
7fff
7fff
7fff
7fff
7fff
7fff
7fff
7fff
7fff
7fff
7fff
7fff
7fff
7fff
7fff
7fff
7fff
7fff
7fff
7fff
7fff
7fff
7fff
7fff
7fff
7fff
7fff
7fff
7fff
7fff
7fff
7fff
7fff
7fff
7fff
7fff
7fff
7fff
7fff
7fff
7fff
7fff
7fff
7fff
7fff
7fff
7fff
7fff
7fff
7fff
7fff
7fff
7fff
7fff
7fff
7fff
7fff
7fff
7fff
7fff
7fff
7fff
7fff
7fff
7fff
7fff
7fff
7fff
7fff
7fff
7fff
7fff
7fff
7fff
7fff
7fff
7fff
7fff
7fff
7fff
7fff
7fff
7fff
7fff
7fff
7fff
7fff
7fff
7fff
7fff
7fff
7fff
7fff
7fff
7fff
7fff
7fff
7fff
7fff
7fff
7fff
7fff
7fff
7fff
7fff
7fff
7fff
7fff
7fff
7fff
7fff
7fff
7fff
7fff
7fff
7fff
7fff
7fff
7fff
7fff
7fff
7fff
7fff
7fff
7fff
7fff
7fff
7fff
7fff
7fff
7fff
7fff
7fff
7fff
7fff
7fff
7fff
7fff
7fff
7fff
7fff
7fff
7fff
7fff
7fff
7fff
7fff
7fff
7fff
7fff
7fff
7fff
7fff
7fff
7fff
7fff
7fff
7fff
7fff
7fff
7fff
7fff
7fff
7fff
7fff
7fff
7fff
7fff
7fff
7fff
7fff
7fff
7fff
7fff
7fff
7fff
7fff
7fff
7fff
7fff
7fff
7fff
7fff
7fff
7fff
7fff
7fff
7fff
7fff
7fff
7fff
7fff
7fff
7fff
7fff
7fff
7fff
7fff
7fff
7fff
7fff
7fff
7fff
7fff
7fff
7fff
7fff
7fff
7fff
7fff
7fff
7fff
7fff
7fff
7fff
7fff
7fff
7fff
7fff
7fff
7fff
7fff
7fff
7fff
7fff
7fff
7fff
7fff
7fff
7fff
7fff
7fff
7fff
7fff
7fff
7fff
7fff
7fff
7fff
7fff
7fff
7fff
7fff
7fff
7fff
7fff
7fff
7fff
7fff
7fff
7fff
7fff
7fff
7fff
7fff
7fff
7fff
7fff
7fff
7fff
7fff
7fff
7fff
7fff
7fff
7fff
7fff
7fff
7fff
7fff
7fff
7fff
7fff
7fff
7fff
7fff
7fff
7fff
7fff
7fff
7fff
7fff
7fff
7fff
7fff
7fff
7fff
7fff
7fff
7fff
7fff
7fff
7fff
7fff
7fff
7fff
7fff
7fff
7fff
7fff
7fff
7fff
7fff
7fff
7fff
7fff
7fff
7fff
7fff
7fff
7fff
7fff
7fff
7fff
7fff
7fff
7fff
7fff
7fff
7fff
7fff
7fff
7fff
7fff
7fff
7fff
7fff
7fff
7fff
7fff
7fff
7fff
7fff
7fff
7fff
7fff
7fff
7fff
7fff
7fff
7fff
7fff
7fff
7fff
7fff
7fff
7fff
7fff
7fff
7fff
7fff
7fff
7fff
7fff
7fff
7fff
7fff
7fff
7fff
7fff
7fff
7fff
7fff
7fff
7fff
7fff
7fff
7fff
7fff
7fff
7fff
7fff
7fff
7fff
7fff
7fff
7fff
7fff
7fff
7fff
7fff
7fff
7fff
7fff
7fff
7fff
7fff
7fff
7fff
7fff
7fff
7fff
7fff
7fff
7fff
7fff
7fff
7fff
7fff
7fff
7fff
7fff
7fff
7fff
7fff
7fff
7fff
7fff
7fff
7fff
7fff
7fff
7fff
7fff
7fff
7fff
7fff
7fff
7fff
7fff
7fff
7fff
7fff
7fff
7fff
7fff
7fff
7fff
7fff
7fff
7fff
7fff
7fff
7fff
7fff
7fff
7fff
7fff
7fff
7fff
7fff
7fff
7fff
7fff
7fff
7fff
7fff
7fff
7fff
7fff
7fff
7fff
7fff
7fff
7fff
7fff
7fff
7fff
7fff
7fff
7fff
7fff
7fff
7fff
7fff
7fff
7fff
7fff
7fff
7fff
7fff
7fff
7fff
7fff
7fff
7fff
7fff
7fff
7fff
7fff
7fff
7fff
7fff
7fff
7fff
7fff
7fff
7fff
7fff
7fff
7fff
7fff
7fff
7fff
7fff
7fff
7fff
7fff
7fff
7fff
7fff
7fff
7fff
7fff
7fff
7fff
7fff
7fff
7fff
7fff
7fff
7fff
7fff
7fff
7fff
7fff
7fff
7fff
7fff
7fff
7fff
7fff
7fff
7fff
7fff
7fff
7fff
7fff
7fff
7fff
7fff
7fff
7fff
7fff
7fff
7fff
7fff
7fff
7fff
7fff
7fff
7fff
7fff
7fff
7fff
7fff
7fff
7fff
7fff
7fff
7fff
7fff
7fff
7fff
7fff
7fff
7fff
7fff
7fff
7fff
7fff
7fff
7fff
7fff
7fff
7fff
7fff
7fff
7fff
7fff
7fff
7fff
7fff
7fff
7fff
7fff
7fff
7fff
7fff
7fff
7fff
7fff
7fff
7fff
7fff
7fff
7fff
7fff
7fff
7fff
7fff
7fff
7fff
7fff
7fff
7fff
7fff
7fff
7fff
7fff
7fff
7fff
7fff
7fff
7fff
7fff
7fff
7fff
7fff
7fff
7fff
7fff
7fff
7fff
7fff
7fff
7fff
7fff
7fff
7fff
7fff
7fff
7fff
7fff
7fff
7fff
7fff
7fff
7fff
7fff
7fff
7fff
7fff
7fff
7fff
7fff
7fff
7fff
7fff
7fff
7fff
7fff
7fff
7fff
7fff
7fff
7fff
7fff
7fff
7fff
7fff
7fff
7fff
7fff
7fff
7fff
7fff
7fff
7fff
7fff
7fff
7fff
7fff
7fff
7fff
7fff
7fff
7fff
7fff
7fff
7fff
7fff
7fff
7fff
7fff
7fff
7fff
7fff
7fff
7fff
7fff
7fff
7fff
7fff
7fff
7fff
7fff
7fff
7fff
7fff
7fff
7fff
7fff
7fff
7fff
7fff
7fff
7fff
7fff
7fff
7fff
7fff
7fff
7fff
7fff
7fff
7fff
7fff
7fff
7fff
7fff
7fff
7fff
7fff
7fff
7fff
7fff
7fff
7fff
7fff
7fff
7fff
7fff
7fff
7fff
7fff
7fff
7fff
7fff
7fff
7fff
7fff
7fff
7fff
7fff
7fff
7fff
7fff
7fff
7fff
7fff
7fff
7fff
7fff
7fff
7fff
7fff
7fff
7fff
7fff
7fff
7fff
7fff
7fff
7fff
7fff
7fff
7fff
7fff
7fff
7fff
7fff
7fff
7fff
7fff
7fff
7fff
7fff
7fff
7fff
7fff
7fff
7fff
7fff
7fff
7fff
7fff
7fff
7fff
7fff
7fff
7fff
7fff
7fff
7fff
7fff
7fff
7fff
7fff
7fff
7fff
7fff
7fff
7fff
7fff
7fff
7fff
7fff
7fff
7fff
7fff
7fff
7fff
7fff
7fff
7fff
7fff
7fff
7fff
7fff
7fff
7fff
7fff
7fff
7fff
7fff
7fff
7fff
7fff
7fff
7fff
7fff
7fff
7fff
7fff
7fff
7fff
7fff
7fff
7fff
7fff
7fff
7fff
7fff
7fff
7fff
7fff
7fff
7fff
7fff
7fff
7fff
7fff
7fff
7fff
7fff
7fff
7fff
7fff
7fff
7fff
7fff
7fff
7fff
7fff
7fff
7fff
7fff
7fff
7fff
7fff
7fff
7fff
7fff
7fff
7fff
7fff
7fff
7fff
7fff
7fff
7fff
7fff
7fff
7fff
7fff
7fff
7fff
7fff
7fff
7fff
7fff
7fff
7fff
7fff
7fff
7fff
7fff
7fff
7fff
7fff
7fff
7fff
7fff
7fff
7fff
7fff
7fff
7fff
7fff
7fff
7fff
7fff
7fff
7fff
7fff
7fff
7fff
7fff
7fff
7fff
7fff
7fff
7fff
7fff
7fff
7fff
7fff
7fff
7fff
7fff
7fff
7fff
7fff
7fff
7fff
7fff
7fff
7fff
7fff
7fff
7fff
7fff
7fff
7fff
7fff
7fff
7fff
7fff
7fff
7fff
7fff
7fff
7fff
7fff
7fff
7fff
7fff
7fff
7fff
7fff
7fff
7fff
7fff
7fff
7fff
7fff
7fff
7fff
7fff
7fff
7fff
7fff
7fff
7fff
7fff
7fff
7fff
7fff
7fff
7fff
7fff
7fff
7fff
7fff
7fff
7fff
7fff
7fff
7fff
7fff
7fff
7fff
7fff
7fff
7fff
7fff
7fff
7fff
7fff
7fff
7fff
7fff
7fff
7fff
7fff
7fff
7fff
7fff
7fff
7fff
7fff
7fff
7fff
7fff
7fff
7fff
7fff
7fff
7fff
7fff
7fff
7fff
7fff
7fff
7fff
7fff
7fff
7fff
7fff
7fff
7fff
7fff
7fff
7fff
7fff
7fff
7fff
7fff
7fff
7fff
7fff
7fff
7fff
7fff
7fff
7fff
7fff
7fff
7fff
7fff
7fff
7fff
7fff
7fff
7fff
7fff
7fff
7fff
7fff
7fff
7fff
7fff
7fff
7fff
7fff
7fff
7fff
7fff
7fff
7fff
7fff
7fff
7fff
7fff
7fff
7fff
7fff
7fff
7fff
7fff
7fff
7fff
7fff
7fff
7fff
7fff
7fff
7fff
7fff
7fff
7fff
7fff
7fff
7fff
7fff
7fff
7fff
7fff
7fff
7fff
7fff
7fff
7fff
7fff
7fff
7fff
7fff
7fff
7fff
7fff
7fff
7fff
7fff
7fff
7fff
7fff
7fff
7fff
7fff
7fff
7fff
7fff
7fff
7fff
7fff
7fff
7fff
7fff
7fff
7fff
7fff
7fff
7fff
7fff
7fff
7fff
7fff
7fff
7fff
7fff
7fff
7fff
7fff
7fff
7fff
7fff
7fff
7fff
7fff
7fff
7fff
7fff
7fff
7fff
7fff
7fff
7fff
7fff
7fff
7fff
7fff
7fff
7fff
7fff
7fff
7fff
7fff
7fff
7fff
7fff
7fff
7fff
7fff
7fff
7fff
7fff
7fff
7fff
7fff
7fff
7fff
7fff
7fff
7fff
7fff
7fff
7fff
7fff
7fff
7fff
7fff
7fff
7fff
7fff
7fff
7fff
7fff
7fff
7fff
7fff
7fff
7fff
7fff
7fff
7fff
7fff
7fff
7fff
7fff
7fff
7fff
7fff
7fff
7fff
7fff
7fff
7fff
7fff
7fff
7fff
7fff
7fff
7fff
7fff
7fff
7fff
7fff
7fff
7fff
7fff
7fff
7fff
7fff
7fff
7fff
7fff
7fff
7fff
7fff
7fff
7fff
7fff
7fff
7fff
7fff
7fff
7fff
7fff
7fff
7fff
7fff
7fff
7fff
7fff
7fff
7fff
7fff
7fff
7fff
7fff
7fff
7fff
7fff
7fff
7fff
7fff
7fff
7fff
7fff
7fff
7fff
7fff
7fff
7fff
7fff
7fff
7fff
7fff
7fff
7fff
7fff
7fff
7fff
7fff
7fff
7fff
7fff
7fff
7fff
7fff
7fff
7fff
7fff
7fff
7fff
7fff
7fff
7fff
7fff
7fff
7fff
7fff
7fff
7fff
7fff
7fff
7fff
7fff
7fff
7fff
7fff
7fff
7fff
7fff
7fff
7fff
7fff
7fff
7fff
7fff
7fff
7fff
7fff
7fff
7fff
7fff
7fff
7fff
7fff
7fff
7fff
7fff
7fff
7fff
7fff
7fff
7fff
7fff
7fff
7fff
7fff
7fff
7fff
7fff
7fff
7fff
7fff
7fff
7fff
7fff
7fff
7fff
7fff
7fff
7fff
7fff
7fff
7fff
7fff
7fff
7fff
7fff
7fff
7fff
7fff
7fff
7fff
7fff
7fff
7fff
7fff
7fff
7fff
7fff
7fff
7fff
7fff
7fff
7fff
7fff
7fff
7fff
7fff
7fff
7fff
7fff
7fff
7fff
7fff
7fff
7fff
7fff
7fff
7fff
7fff
7fff
7fff
7fff
7fff
7fff
7fff
7fff
7fff
7fff
7fff
7fff
7fff
7fff
7fff
7fff
7fff
7fff
7fff
7fff
7fff
7fff
7fff
7fff
7fff
7fff
7fff
7fff
7fff
7fff
7fff
7fff
7fff
7fff
7fff
7fff
7fff
7fff
7fff
7fff
7fff
7fff
7fff
7fff
7fff
7fff
7fff
7fff
7fff
7fff
7fff
7fff
7fff
7fff
7fff
7fff
7fff
7fff
7fff
7fff
7fff
7fff
7fff
7fff
7fff
7fff
7fff
7fff
7fff
7fff
7fff
7fff
7fff
7fff
7fff
7fff
7fff
7fff
7fff
7fff
7fff
7fff
7fff
7fff
7fff
7fff
7fff
7fff
7fff
7fff
7fff
7fff
7fff
7fff
7fff
7fff
7fff
7fff
7fff
7fff
7fff
7fff
7fff
7fff
7fff
7fff
7fff
7fff
7fff
7fff
7fff
7fff
7fff
7fff
7fff
7fff
7fff
7fff
7fff
7fff
7fff
7fff
7fff
7fff
7fff
7fff
7fff
7fff
7fff
7fff
7fff
7fff
7fff
7fff
7fff
7fff
7fff
7fff
7fff
7fff
7fff
7fff
7fff
7fff
7fff
7fff
7fff
7fff
7fff
7fff
7fff
7fff
7fff
7fff
7fff
7fff
7fff
7fff
7fff
7fff
7fff
7fff
7fff
7fff
7fff
7fff
7fff
7fff
7fff
7fff
7fff
7fff
7fff
7fff
7fff
7fff
7fff
7fff
7fff
7fff
7fff
7fff
7fff
7fff
7fff
7fff
7fff
7fff
7fff
7fff
7fff
7fff
7fff
7fff
7fff
7fff
7fff
7fff
7fff
7fff
7fff
7fff
7fff
7fff
7fff
7fff
7fff
7fff
7fff
7fff
7fff
7fff
7fff
7fff
7fff
7fff
7fff
7fff
7fff
7fff
7fff
7fff
7fff
7fff
7fff
7fff
7fff
7fff
7fff
7fff
7fff
7fff
7fff
7fff
7fff
7fff
7fff
7fff
7fff
7fff
7fff
7fff
7fff
7fff
7fff
7fff
7fff
7fff
7fff
7fff
7fff
7fff
7fff
7fff
7fff
7fff
7fff
7fff
7fff
7fff
7fff
7fff
7fff
7fff
7fff
7fff
7fff
7fff
7fff
7fff
7fff
7fff
7fff
7fff
7fff
7fff
7fff
7fff
7fff
7fff
7fff
7fff
7fff
7fff
7fff
7fff
7fff
7fff
7fff
7fff
7fff
7fff
7fff
7fff
7fff
7fff
7fff
7fff
7fff
7fff
7fff
7fff
7fff
7fff
7fff
7fff
7fff
7fff
7fff
7fff
7fff
7fff
7fff
7fff
7fff
7fff
7fff
7fff
7fff
7fff
7fff
7fff
7fff
7fff
7fff
7fff
7fff
7fff
7fff
7fff
7fff
7fff
7fff
7fff
7fff
7fff
7fff
7fff
7fff
7fff
7fff
7fff
7fff
7fff
7fff
7fff
7fff
7fff
7fff
7fff
7fff
7fff
7fff
7fff
7fff
7fff
7fff
7fff
7fff
7fff
7fff
7fff
7fff
7fff
7fff
7fff
7fff
7fff
7fff
7fff
7fff
7fff
7fff
7fff
7fff
7fff
7fff
7fff
7fff
7fff
7fff
7fff
7fff
7fff
7fff
7fff
7fff
7fff
7fff
7fff
7fff
7fff
7fff
7fff
7fff
7fff
7fff
7fff
7fff
7fff
7fff
7fff
7fff
7fff
7fff
7fff
7fff
7fff
7fff
7fff
7fff
7fff
7fff
7fff
7fff
7fff
7fff
7fff
7fff
7fff
7fff
7fff
7fff
7fff
7fff
7fff
7fff
7fff
7fff
7fff
7fff
7fff
7fff
7fff
7fff
7fff
7fff
7fff
7fff
7fff
7fff
7fff
7fff
7fff
7fff
7fff
7fff
7fff
7fff
7fff
7fff
7fff
7fff
7fff
7fff
7fff
7fff
7fff
7fff
7fff
7fff
7fff
7fff
7fff
7fff
7fff
7fff
7fff
7fff
7fff
7fff
7fff
7fff
7fff
7fff
7fff
7fff
7fff
7fff
7fff
7fff
7fff
7fff
7fff
7fff
7fff
7fff
7fff
7fff
7fff
7fff
7fff
7fff
7fff
7fff
7fff
7fff
7fff
7fff
7fff
7fff
7fff
7fff
7fff
7fff
7fff
7fff
7fff
7fff
7fff
7fff
7fff
7fff
7fff
7fff
7fff
7fff
7fff
7fff
7fff
7fff
7fff
7fff
7fff
7fff
7fff
7fff
7fff
7fff
7fff
7fff
7fff
7fff
7fff
7fff
7fff
7fff
7fff
7fff
7fff
7fff
7fff
7fff
7fff
7fff
7fff
7fff
7fff
7fff
7fff
7fff
7fff
7fff
7fff
7fff
7fff
7fff
7fff
7fff
7fff
7fff
7fff
7fff
7fff
7fff
7fff
7fff
7fff
7fff
7fff
7fff
7fff
7fff
7fff
7fff
7fff
7fff
7fff
7fff
7fff
7fff
7fff
7fff
7fff
7fff
7fff
7fff
7fff
7fff
7fff
7fff
7fff
7fff
7fff
7fff
7fff
7fff
7fff
7fff
7fff
7fff
7fff
7fff
7fff
7fff
7fff
7fff
7fff
7fff
7fff
7fff
7fff
7fff
7fff
7fff
7fff
7fff
7fff
7fff
7fff
7fff
7fff
7fff
7fff
7fff
7fff
7fff
7fff
7fff
7fff
7fff
7fff
7fff
7fff
7fff
7fff
7fff
7fff
7fff
7fff
7fff
7fff
7fff
7fff
7fff
7fff
7fff
7fff
7fff
7fff
7fff
7fff
7fff
7fff
7fff
7fff
7fff
7fff
7fff
7fff
7fff
7fff
7fff
7fff
7fff
7fff
7fff
7fff
7fff
7fff
7fff
7fff
7fff
7fff
7fff
7fff
7fff
7fff
7fff
7fff
7fff
7fff
7fff
7fff
7fff
7fff
7fff
7fff
7fff
7fff
7fff
7fff
7fff
7fff
7fff
7fff
7fff
7fff
7fff
7fff
7fff
7fff
7fff
7fff
7fff
7fff
7fff
7fff
7fff
7fff
7fff
7fff
7fff
7fff
7fff
7fff
7fff
7fff
7fff
7fff
7fff
7fff
7fff
7fff
7fff
7fff
7fff
7fff
7fff
7fff
7fff
7fff
7fff
7fff
7fff
7fff
7fff
7fff
7fff
7fff
7fff
7fff
7fff
7fff
7fff
7fff
7fff
7fff
7fff
7fff
7fff
7fff
7fff
7fff
7fff
7fff
7fff
7fff
7fff
7fff
7fff
7fff
7fff
7fff
7fff
7fff
7fff
7fff
7fff
7fff
7fff
7fff
7fff
7fff
7fff
7fff
7fff
7fff
7fff
7fff
7fff
7fff
7fff
7fff
7fff
7fff
7fff
7fff
7fff
7fff
7fff
7fff
7fff
7fff
7fff
7fff
7fff
7fff
7fff
7fff
7fff
7fff
7fff
7fff
7fff
7fff
7fff
7fff
7fff
7fff
7fff
7fff
7fff
7fff
7fff
7fff
7fff
7fff
7fff
7fff
7fff
7fff
7fff
7fff
7fff
7fff
7fff
7fff
7fff
7fff
7fff
7fff
7fff
7fff
7fff
7fff
7fff
7fff
7fff
7fff
7fff
7fff
7fff
7fff
7fff
7fff
7fff
7fff
7fff
7fff
7fff
7fff
7fff
7fff
7fff
7fff
7fff
7fff
7fff
7fff
7fff
7fff
7fff
7fff
7fff
7fff
7fff
7fff
7fff
7fff
7fff
7fff
7fff
7fff
7fff
7fff
7fff
7fff
7fff
7fff
7fff
7fff
7fff
7fff
7fff
7fff
7fff
7fff
7fff
7fff
7fff
7fff
7fff
7fff
7fff
7fff
7fff
7fff
7fff
7fff
7fff
7fff
7fff
7fff
7fff
7fff
7fff
7fff
7fff
7fff
7fff
7fff
7fff
7fff
7fff
7fff
7fff
7fff
7fff
7fff
7fff
7fff
7fff
7fff
7fff
7fff
7fff
7fff
7fff
7fff
7fff
7fff
7fff
7fff
7fff
7fff
7fff
7fff
7fff
7fff
7fff
7fff
7fff
7fff
7fff
7fff
7fff
7fff
7fff
7fff
7fff
7fff
7fff
7fff
7fff
7fff
7fff
7fff
7fff
7fff
7fff
7fff
7fff
7fff
7fff
7fff
7fff
7fff
7fff
7fff
7fff
7fff
7fff
7fff
7fff
7fff
7fff
7fff
7fff
7fff
7fff
7fff
7fff
7fff
7fff
7fff
7fff
7fff
7fff
7fff
7fff
7fff
7fff
7fff
7fff
7fff
7fff
7fff
7fff
7fff
7fff
7fff
7fff
7fff
7fff
7fff
7fff
7fff
7fff
7fff
7fff
7fff
7fff
7fff
7fff
7fff
7fff
7fff
7fff
7fff
7fff
7fff
7fff
7fff
7fff
7fff
7fff
7fff
7fff
7fff
7fff
7fff
7fff
7fff
7fff
7fff
7fff
7fff
7fff
7fff
7fff
7fff
7fff
7fff
7fff
7fff
7fff
7fff
7fff
7fff
7fff
7fff
7fff
7fff
7fff
7fff
7fff
7fff
7fff
7fff
7fff
7fff
7fff
7fff
7fff
7fff
7fff
7fff
7fff
7fff
7fff
7fff
7fff
7fff
7fff
7fff
7fff
7fff
7fff
7fff
7fff
7fff
7fff
7fff
7fff
7fff
7fff
7fff
7fff
7fff
7fff
7fff
7fff
7fff
7fff
7fff
7fff
7fff
7fff
7fff
7fff
7fff
7fff
7fff
7fff
7fff
7fff
7fff
7fff
7fff
7fff
7fff
7fff
7fff
7fff
7fff
7fff
7fff
7fff
7fff
7fff
7fff
7fff
7fff
7fff
7fff
7fff
7fff
7fff
7fff
7fff
7fff
7fff
7fff
7fff
7fff
7fff
7fff
7fff
7fff
7fff
7fff
7fff
7fff
7fff
7fff
7fff
7fff
7fff
7fff
7fff
7fff
7fff
7fff
7fff
7fff
7fff
7fff
7fff
7fff
7fff
7fff
7fff
7fff
7fff
7fff
7fff
7fff
7fff
7fff
7fff
7fff
7fff
7fff
7fff
7fff
7fff
7fff
7fff
7fff
7fff
7fff
7fff
7fff
7fff
7fff
7fff
7fff
7fff
7fff
7fff
7fff
7fff
7fff
7fff
7fff
7fff
7fff
7fff
7fff
7fff
7fff
7fff
7fff
7fff
7fff
7fff
7fff
7fff
7fff
7fff
7fff
7fff
7fff
7fff
7fff
7fff
7fff
7fff
7fff
7fff
7fff
7fff
7fff
7fff
7fff
7fff
7fff
7fff
7fff
7fff
7fff
7fff
7fff
7fff
7fff
7fff
7fff
7fff
7fff
7fff
7fff
7fff
7fff
7fff
7fff
7fff
7fff
7fff
7fff
7fff
7fff
7fff
7fff
7fff
7fff
7fff
7fff
7fff
7fff
7fff
7fff
7fff
7fff
7fff
7fff
7fff
7fff
7fff
7fff
7fff
7fff
7fff
7fff
7fff
7fff
7fff
7fff
7fff
7fff
7fff
7fff
7fff
7fff
7fff
7fff
7fff
7fff
7fff
7fff
7fff
7fff
7fff
7fff
7fff
7fff
7fff
7fff
7fff
7fff
7fff
7fff
7fff
7fff
7fff
7fff
7fff
7fff
7fff
7fff
7fff
7fff
7fff
7fff
7fff
7fff
7fff
7fff
7fff
7fff
7fff
7fff
7fff
7fff
7fff
7fff
7fff
7fff
7fff
7fff
7fff
7fff
7fff
7fff
7fff
7fff
7fff
7fff
7fff
7fff
7fff
7fff
7fff
7fff
7fff
7fff
7fff
7fff
7fff
7fff
7fff
7fff
7fff
7fff
7fff
7fff
7fff
7fff
7fff
7fff
7fff
7fff
7fff
7fff
7fff
7fff
7fff
7fff
7fff
7fff
7fff
7fff
7fff
7fff
7fff
7fff
7fff
7fff
7fff
7fff
7fff
7fff
7fff
7fff
7fff
7fff
7fff
7fff
7fff
7fff
7fff
7fff
7fff
7fff
7fff
7fff
7fff
7fff
7fff
7fff
7fff
7fff
7fff
7fff
7fff
7fff
7fff
7fff
7fff
7fff
7fff
7fff
7fff
7fff
7fff
7fff
7fff
7fff
7fff
7fff
7fff
7fff
7fff
7fff
7fff
7fff
7fff
7fff
7fff
7fff
7fff
7fff
7fff
7fff
7fff
7fff
7fff
7fff
7fff
7fff
7fff
7fff
7fff
7fff
7fff
7fff
7fff
7fff
7fff
7fff
7fff
7fff
7fff
7fff
7fff
7fff
7fff
7fff
7fff
7fff
7fff
7fff
7fff
7fff
7fff
7fff
7fff
7fff
7fff
7fff
7fff
7fff
7fff
7fff
7fff
7fff
7fff
7fff
7fff
7fff
7fff
7fff
7fff
7fff
7fff
7fff
7fff
7fff
7fff
7fff
7fff
7fff
7fff
7fff
7fff
7fff
7fff
7fff
7fff
7fff
7fff
7fff
7fff
7fff
7fff
7fff
7fff
7fff
7fff
7fff
7fff
7fff
7fff
7fff
7fff
7fff
7fff
7fff
7fff
7fff
7fff
7fff
7fff
7fff
7fff
7fff
7fff
7fff
7fff
7fff
7fff
7fff
7fff
7fff
7fff
7fff
7fff
7fff
7fff
7fff
7fff
7fff
7fff
7fff
7fff
7fff
7fff
7fff
7fff
7fff
7fff
7fff
7fff
7fff
7fff
7fff
7fff
7fff
7fff
7fff
7fff
7fff
7fff
7fff
7fff
7fff
7fff
7fff
7fff
7fff
7fff
7fff
7fff
7fff
7fff
7fff
7fff
7fff
7fff
7fff
7fff
7fff
7fff
7fff
7fff
7fff
7fff
7fff
7fff
7fff
7fff
7fff
7fff
7fff
7fff
7fff
7fff
7fff
7fff
7fff
7fff
7fff
7fff
7fff
7fff
7fff
7fff
7fff
7fff
7fff
7fff
7fff
7fff
7fff
7fff
7fff
7fff
7fff
7fff
7fff
7fff
7fff
7fff
7fff
7fff
7fff
7fff
7fff
7fff
7fff
7fff
7fff
7fff
7fff
7fff
7fff
7fff
7fff
7fff
7fff
7fff
7fff
7fff
7fff
7fff
7fff
7fff
7fff
7fff
7fff
7fff
7fff
7fff
7fff
7fff
7fff
7fff
7fff
7fff
7fff
7fff
7fff
7fff
7fff
7fff
7fff
7fff
7fff
7fff
7fff
7fff
7fff
7fff
7fff
7fff
7fff
7fff
7fff
7fff
7fff
7fff
7fff
7fff
7fff
7fff
7fff
7fff
7fff
7fff
7fff
7fff
7fff
7fff
7fff
7fff
7fff
7fff
7fff
7fff
7fff
7fff
7fff
7fff
7fff
7fff
7fff
7fff
7fff
7fff
7fff
7fff
7fff
7fff
7fff
7fff
7fff
7fff
7fff
7fff
7fff
7fff
7fff
7fff
7fff
7fff
7fff
7fff
7fff
7fff
7fff
7fff
7fff
7fff
7fff
7fff
7fff
7fff
7fff
7fff
7fff
7fff
7fff
7fff
7fff
7fff
7fff
7fff
7fff
7fff
7fff
7fff
7fff
7fff
7fff
7fff
7fff
7fff
7fff
7fff
7fff
7fff
7fff
7fff
7fff
7fff
7fff
7fff
7fff
7fff
7fff
7fff
7fff
7fff
7fff
7fff
7fff
7fff
7fff
7fff
7fff
7fff
7fff
7fff
7fff
7fff
7fff
7fff
7fff
7fff
7fff
7fff
7fff
7fff
7fff
7fff
7fff
7fff
7fff
7fff
7fff
7fff
7fff
7fff
7fff
7fff
7fff
7fff
7fff
7fff
7fff
7fff
7fff
7fff
7fff
7fff
7fff
7fff
7fff
7fff
7fff
7fff
7fff
7fff
7fff
7fff
7fff
7fff
7fff
7fff
7fff
7fff
7fff
7fff
7fff
7fff
7fff
7fff
7fff
7fff
7fff
7fff
7fff
7fff
7fff
7fff
7fff
7fff
7fff
7fff
7fff
7fff
7fff
7fff
7fff
7fff
7fff
7fff
7fff
7fff
7fff
7fff
7fff
7fff
7fff
7fff
7fff
7fff
7fff
7fff
7fff
7fff
7fff
7fff
7fff
7fff
7fff
7fff
7fff
7fff
7fff
7fff
7fff
7fff
7fff
7fff
7fff
7fff
7fff
7fff
7fff
7fff
7fff
7fff
7fff
7fff
7fff
7fff
7fff
7fff
7fff
7fff
7fff
7fff
7fff
7fff
7fff
7fff
7fff
7fff
7fff
7fff
7fff
7fff
7fff
7fff
7fff
7fff
7fff
7fff
7fff
7fff
7fff
7fff
7fff
7fff
7fff
7fff
7fff
7fff
7fff
7fff
7fff
7fff
7fff
7fff
7fff
7fff
7fff
7fff
7fff
7fff
7fff
7fff
7fff
7fff
7fff
7fff
7fff
7fff
7fff
7fff
7fff
7fff
7fff
7fff
7fff
7fff
7fff
7fff
7fff
7fff
7fff
7fff
7fff
7fff
7fff
7fff
7fff
7fff
7fff
7fff
7fff
7fff
7fff
7fff
7fff
7fff
7fff
7fff
7fff
7fff
7fff
7fff
7fff
7fff
7fff
7fff
7fff
7fff
7fff
7fff
7fff
7fff
7fff
7fff
7fff
7fff
7fff
7fff
7fff
7fff
7fff
7fff
7fff
7fff
7fff
7fff
7fff
7fff
7fff
7fff
7fff
7fff
7fff
7fff
7fff
7fff
7fff
7fff
7fff
7fff
7fff
7fff
7fff
7fff
7fff
7fff
7fff
7fff
7fff
7fff
7fff
7fff
7fff
7fff
7fff
7fff
7fff
7fff
7fff
7fff
7fff
7fff
7fff
7fff
7fff
7fff
7fff
7fff
7fff
7fff
7fff
7fff
7fff
7fff
7fff
7fff
7fff
7fff
7fff
7fff
7fff
7fff
7fff
7fff
7fff
7fff
7fff
7fff
7fff
7fff
7fff
7fff
7fff
7fff
7fff
7fff
7fff
7fff
7fff
7fff
7fff
7fff
7fff
7fff
7fff
7fff
7fff
7fff
7fff
7fff
7fff
7fff
7fff
7fff
7fff
7fff
7fff
7fff
7fff
7fff
7fff
7fff
7fff
7fff
7fff
7fff
7fff
7fff
7fff
7fff
7fff
7fff
7fff
7fff
7fff
7fff
7fff
7fff
7fff
7fff
7fff
7fff
7fff
7fff
7fff
7fff
7fff
7fff
7fff
7fff
7fff
7fff
7fff
7fff
7fff
7fff
7fff
7fff
7fff
7fff
7fff
7fff
7fff
7fff
7fff
7fff
7fff
7fff
7fff
7fff
7fff
7fff
7fff
7fff
7fff
7fff
7fff
7fff
7fff
7fff
7fff
7fff
7fff
7fff
7fff
7fff
7fff
7fff
7fff
7fff
7fff
7fff
7fff
7fff
7fff
7fff
7fff
7fff
7fff
7fff
7fff
7fff
7fff
7fff
7fff
7fff
7fff
7fff
7fff
7fff
7fff
7fff
7fff
7fff
7fff
7fff
7fff
7fff
7fff
7fff
7fff
7fff
7fff
7fff
7fff
7fff
7fff
7fff
7fff
7fff
7fff
7fff
7fff
7fff
7fff
7fff
7fff
7fff
7fff
7fff
7fff
7fff
7fff
7fff
7fff
7fff
7fff
7fff
7fff
7fff
7fff
7fff
7fff
7fff
7fff
7fff
7fff
7fff
7fff
7fff
7fff
7fff
7fff
7fff
7fff
7fff
7fff
7fff
7fff
7fff
7fff
7fff
7fff
7fff
7fff
7fff
7fff
7fff
7fff
7fff
7fff
7fff
7fff
7fff
7fff
7fff
7fff
7fff
7fff
7fff
7fff
7fff
7fff
7fff
7fff
7fff
7fff
7fff
7fff
7fff
7fff
7fff
7fff
7fff
7fff
7fff
7fff
7fff
7fff
7fff
7fff
7fff
7fff
7fff
7fff
7fff
7fff
7fff
7fff
7fff
7fff
7fff
7fff
7fff
7fff
7fff
7fff
7fff
7fff
7fff
7fff
7fff
7fff
7fff
7fff
7fff
7fff
7fff
7fff
7fff
7fff
7fff
7fff
7fff
7fff
7fff
7fff
7fff
7fff
7fff
7fff
7fff
7fff
7fff
7fff
7fff
7fff
7fff
7fff
7fff
7fff
7fff
7fff
7fff
7fff
7fff
7fff
7fff
7fff
7fff
7fff
7fff
7fff
7fff
7fff
7fff
7fff
7fff
7fff
7fff
7fff
7fff
7fff
7fff
7fff
7fff
7fff
7fff
7fff
7fff
7fff
7fff
7fff
7fff
7fff
7fff
7fff
7fff
7fff
7fff
7fff
7fff
7fff
7fff
7fff
7fff
7fff
7fff
7fff
7fff
7fff
7fff
7fff
7fff
7fff
7fff
7fff
7fff
7fff
7fff
7fff
7fff
7fff
7fff
7fff
7fff
7fff
7fff
7fff
7fff
7fff
7fff
7fff
7fff
7fff
7fff
7fff
7fff
7fff
7fff
7fff
7fff
7fff
7fff
7fff
7fff
7fff
7fff
7fff
7fff
7fff
7fff
7fff
7fff
7fff
7fff
7fff
7fff
7fff
7fff
7fff
7fff
7fff
7fff
7fff
7fff
7fff
7fff
7fff
7fff
7fff
7fff
7fff
7fff
7fff
7fff
7fff
7fff
7fff
7fff
7fff
7fff
7fff
7fff
7fff
7fff
7fff
7fff
7fff
7fff
7fff
7fff
7fff
7fff
7fff
7fff
7fff
7fff
7fff
7fff
7fff
7fff
7fff
7fff
7fff
7fff
7fff
7fff
7fff
7fff
7fff
7fff
7fff
7fff
7fff
7fff
7fff
7fff
7fff
7fff
7fff
7fff
7fff
7fff
7fff
7fff
7fff
7fff
7fff
7fff
7fff
7fff
7fff
7fff
7fff
7fff
7fff
7fff
7fff
7fff
7fff
7fff
7fff
7fff
7fff
7fff
7fff
7fff
7fff
7fff
7fff
7fff
7fff
7fff
7fff
7fff
7fff
7fff
7fff
7fff
7fff
7fff
7fff
7fff
7fff
7fff
7fff
7fff
7fff
7fff
7fff
7fff
7fff
7fff
7fff
7fff
7fff
7fff
7fff
7fff
7fff
7fff
7fff
7fff
7fff
7fff
7fff
7fff
7fff
7fff
7fff
7fff
7fff
7fff
7fff
7fff
7fff
7fff
7fff
7fff
7fff
7fff
7fff
7fff
7fff
7fff
7fff
7fff
7fff
7fff
7fff
7fff
7fff
7fff
7fff
7fff
7fff
7fff
7fff
7fff
7fff
7fff
7fff
7fff
7fff
7fff
7fff
7fff
7fff
7fff
7fff
7fff
7fff
7fff
7fff
7fff
7fff
7fff
7fff
7fff
7fff
7fff
7fff
7fff
7fff
7fff
7fff
7fff
7fff
7fff
7fff
7fff
7fff
7fff
7fff
7fff
7fff
7fff
7fff
7fff
7fff
7fff
7fff
7fff
7fff
7fff
7fff
7fff
7fff
7fff
7fff
7fff
7fff
7fff
7fff
7fff
7fff
7fff
7fff
7fff
7fff
7fff
7fff
7fff
7fff
7fff
7fff
7fff
7fff
7fff
7fff
7fff
7fff
7fff
7fff
7fff
7fff
7fff
7fff
7fff
7fff
7fff
7fff
7fff
7fff
7fff
7fff
7fff
7fff
7fff
7fff
7fff
7fff
7fff
7fff
7fff
7fff
7fff
7fff
7fff
7fff
7fff
7fff
7fff
7fff
7fff
7fff
7fff
7fff
7fff
7fff
7fff
7fff
7fff
7fff
7fff
7fff
7fff
7fff
7fff
7fff
7fff
7fff
7fff
7fff
7fff
7fff
7fff
7fff
7fff
7fff
7fff
7fff
7fff
7fff
7fff
7fff
7fff
7fff
7fff
7fff
7fff
7fff
7fff
7fff
7fff
7fff
7fff
7fff
7fff
7fff
7fff
7fff
7fff
7fff
7fff
7fff
7fff
7fff
7fff
7fff
7fff
7fff
7fff
7fff
7fff
7fff
7fff
7fff
7fff
7fff
7fff
7fff
7fff
7fff
7fff
7fff
7fff
7fff
7fff
7fff
7fff
7fff
7fff
7fff
7fff
7fff
7fff
7fff
7fff
7fff
7fff
7fff
7fff
7fff
7fff
7fff
7fff
7fff
7fff
7fff
7fff
7fff
7fff
7fff
7fff
7fff
7fff
7fff
7fff
7fff
7fff
7fff
7fff
7fff
7fff
7fff
7fff
7fff
7fff
7fff
7fff
7fff
7fff
7fff
7fff
7fff
7fff
7fff
7fff
7fff
7fff
7fff
7fff
7fff
7fff
7fff
7fff
7fff
7fff
7fff
7fff
7fff
7fff
7fff
7fff
7fff
7fff
7fff
7fff
7fff
7fff
7fff
7fff
7fff
7fff
7fff
7fff
7fff
7fff
7fff
7fff
7fff
7fff
7fff
7fff
7fff
7fff
7fff
7fff
7fff
7fff
7fff
7fff
7fff
7fff
7fff
7fff
7fff
7fff
7fff
7fff
7fff
7fff
7fff
7fff
7fff
7fff
7fff
7fff
7fff
7fff
7fff
7fff
7fff
7fff
7fff
7fff
7fff
7fff
7fff
7fff
7fff
7fff
7fff
7fff
7fff
7fff
7fff
7fff
7fff
7fff
7fff
7fff
7fff
7fff
7fff
7fff
7fff
7fff
7fff
7fff
7fff
7fff
7fff
7fff
7fff
7fff
7fff
7fff
7fff
7fff
7fff
7fff
7fff
7fff
7fff
7fff
7fff
7fff
7fff
7fff
7fff
7fff
7fff
7fff
7fff
7fff
7fff
7fff
7fff
7fff
7fff
7fff
7fff
7fff
7fff
7fff
7fff
7fff
7fff
7fff
7fff
7fff
7fff
7fff
7fff
7fff
7fff
7fff
7fff
7fff
7fff
7fff
7fff
7fff
7fff
7fff
7fff
7fff
7fff
7fff
7fff
7fff
7fff
7fff
7fff
7fff
7fff
7fff
7fff
7fff
7fff
7fff
7fff
7fff
7fff
7fff
7fff
7fff
7fff
7fff
7fff
7fff
7fff
7fff
7fff
7fff
7fff
7fff
7fff
7fff
7fff
7fff
7fff
7fff
7fff
7fff
7fff
7fff
7fff
7fff
7fff
7fff
7fff
7fff
7fff
7fff
7fff
7fff
7fff
7fff
7fff
7fff
7fff
7fff
7fff
7fff
7fff
7fff
7fff
7fff
7fff
7fff
7fff
7fff
7fff
7fff
7fff
7fff
7fff
7fff
7fff
7fff
7fff
7fff
7fff
7fff
7fff
7fff
7fff
7fff
7fff
7fff
7fff
7fff
7fff
7fff
7fff
7fff
7fff
7fff
7fff
7fff
7fff
7fff
7fff
7fff
7fff
7fff
7fff
7fff
7fff
7fff
7fff
7fff
7fff
7fff
7fff
7fff
7fff
7fff
7fff
7fff
7fff
7fff
7fff
7fff
7fff
7fff
7fff
7fff
7fff
7fff
7fff
7fff
7fff
7fff
7fff
7fff
7fff
7fff
7fff
7fff
7fff
7fff
7fff
7fff
7fff
7fff
7fff
7fff
7fff
7fff
7fff
7fff
7fff
7fff
7fff
7fff
7fff
7fff
7fff
7fff
7fff
7fff
7fff
7fff
7fff
7fff
7fff
7fff
7fff
7fff
7fff
7fff
7fff
7fff
7fff
7fff
7fff
7fff
7fff
7fff
7fff
7fff
7fff
7fff
7fff
7fff
7fff
7fff
7fff
7fff
7fff
7fff
7fff
7fff
7fff
7fff
7fff
7fff
7fff
7fff
7fff
7fff
7fff
7fff
7fff
7fff
7fff
7fff
7fff
7fff
7fff
7fff
7fff
7fff
7fff
7fff
7fff
7fff
7fff
7fff
7fff
7fff
7fff
7fff
7fff
7fff
7fff
7fff
7fff
7fff
7fff
7fff
7fff
7fff
7fff
7fff
7fff
7fff
7fff
7fff
7fff
7fff
7fff
7fff
7fff
7fff
7fff
7fff
7fff
7fff
7fff
7fff
7fff
7fff
7fff
7fff
7fff
7fff
7fff
7fff
7fff
7fff
7fff
7fff
7fff
7fff
7fff
7fff
7fff
7fff
7fff
7fff
7fff
7fff
7fff
7fff
7fff
7fff
7fff
7fff
7fff
7fff
7fff
7fff
7fff
7fff
7fff
7fff
7fff
7fff
7fff
7fff
7fff
7fff
7fff
7fff
7fff
7fff
7fff
7fff
7fff
7fff
7fff
7fff
7fff
7fff
7fff
7fff
7fff
7fff
7fff
7fff
7fff
7fff
7fff
7fff
7fff
7fff
7fff
7fff
7fff
7fff
7fff
7fff
7fff
7fff
7fff
7fff
7fff
7fff
7fff
7fff
7fff
7fff
7fff
7fff
7fff
7fff
7fff
7fff
7fff
7fff
7fff
7fff
7fff
7fff
7fff
7fff
7fff
7fff
7fff
7fff
7fff
7fff
7fff
7fff
7fff
7fff
7fff
7fff
7fff
7fff
7fff
7fff
7fff
7fff
7fff
7fff
7fff
7fff
7fff
7fff
7fff
7fff
7fff
7fff
7fff
7fff
7fff
7fff
7fff
7fff
7fff
7fff
7fff
7fff
7fff
7fff
7fff
7fff
7fff
7fff
7fff
7fff
7fff
7fff
7fff
7fff
7fff
7fff
7fff
7fff
7fff
7fff
7fff
7fff
7fff
7fff
7fff
7fff
7fff
7fff
7fff
7fff
7fff
7fff
7fff
7fff
7fff
7fff
7fff
7fff
7fff
7fff
7fff
7fff
7fff
7fff
7fff
7fff
7fff
7fff
7fff
7fff
7fff
7fff
7fff
7fff
7fff
7fff
7fff
7fff
7fff
7fff
7fff
7fff
7fff
7fff
7fff
7fff
7fff
7fff
7fff
7fff
7fff
7fff
7fff
7fff
7fff
7fff
7fff
7fff
7fff
7fff
7fff
7fff
7fff
7fff
7fff
7fff
7fff
7fff
7fff
7fff
7fff
7fff
7fff
7fff
7fff
7fff
7fff
7fff
7fff
7fff
7fff
7fff
7fff
7fff
7fff
7fff
7fff
7fff
7fff
7fff
7fff
7fff
7fff
7fff
7fff
7fff
7fff
7fff
7fff
7fff
7fff
7fff
7fff
7fff
7fff
7fff
7fff
7fff
7fff
7fff
7fff
7fff
7fff
7fff
7fff
7fff
7fff
7fff
7fff
7fff
7fff
7fff
7fff
7fff
7fff
7fff
7fff
7fff
7fff
7fff
7fff
7fff
7fff
7fff
7fff
7fff
7fff
7fff
7fff
7fff
7fff
7fff
7fff
7fff
7fff
7fff
7fff
7fff
7fff
7fff
7fff
7fff
7fff
7fff
7fff
7fff
7fff
7fff
7fff
7fff
7fff
7fff
7fff
7fff
7fff
7fff
7fff
7fff
7fff
7fff
7fff
7fff
7fff
7fff
7fff
7fff
7fff
7fff
7fff
7fff
7fff
7fff
7fff
7fff
7fff
7fff
7fff
7fff
7fff
7fff
7fff
7fff
7fff
7fff
7fff
7fff
7fff
7fff
7fff
7fff
7fff
7fff
7fff
7fff
7fff
7fff
7fff
7fff
7fff
7fff
7fff
7fff
7fff
7fff
7fff
7fff
7fff
7fff
7fff
7fff
7fff
7fff
7fff
7fff
7fff
7fff
7fff
7fff
7fff
7fff
7fff
7fff
7fff
7fff
7fff
7fff
7fff
7fff
7fff
7fff
7fff
7fff
7fff
7fff
7fff
7fff
7fff
7fff
7fff
7fff
7fff
7fff
7fff
7fff
7fff
7fff
7fff
7fff
7fff
7fff
7fff
7fff
7fff
7fff
7fff
7fff
7fff
7fff
7fff
7fff
7fff
7fff
7fff
7fff
7fff
7fff
7fff
7fff
7fff
7fff
7fff
7fff
7fff
7fff
7fff
7fff
7fff
7fff
7fff
7fff
7fff
7fff
7fff
7fff
7fff
7fff
7fff
7fff
7fff
7fff
7fff
7fff
7fff
7fff
7fff
7fff
7fff
7fff
7fff
7fff
7fff
7fff
7fff
7fff
7fff
7fff
7fff
7fff
7fff
7fff
7fff
7fff
7fff
7fff
7fff
7fff
7fff
7fff
7fff
7fff
7fff
7fff
7fff
7fff
7fff
7fff
7fff
7fff
7fff
7fff
7fff
7fff
7fff
7fff
7fff
7fff
7fff
7fff
7fff
7fff
7fff
7fff
7fff
7fff
7fff
7fff
7fff
7fff
7fff
7fff
7fff
7fff
7fff
7fff
7fff
7fff
7fff
7fff
7fff
7fff
7fff
7fff
7fff
7fff
7fff
7fff
7fff
7fff
7fff
7fff
7fff
7fff
7fff
7fff
7fff
7fff
7fff
7fff
7fff
7fff
7fff
7fff
7fff
7fff
7fff
7fff
7fff
7fff
7fff
7fff
7fff
7fff
7fff
7fff
7fff
7fff
7fff
7fff
7fff
7fff
7fff
7fff
7fff
7fff
7fff
7fff
7fff
7fff
7fff
7fff
7fff
7fff
7fff
7fff
7fff
7fff
7fff
7fff
7fff
7fff
7fff
7fff
7fff
7fff
7fff
7fff
7fff
7fff
7fff
7fff
7fff
7fff
7fff
7fff
7fff
7fff
7fff
7fff
7fff
7fff
7fff
7fff
7fff
7fff
7fff
7fff
7fff
7fff
7fff
7fff
7fff
7fff
7fff
7fff
7fff
7fff
7fff
7fff
7fff
7fff
7fff
7fff
7fff
7fff
7fff
7fff
7fff
7fff
7fff
7fff
7fff
7fff
7fff
7fff
7fff
7fff
7fff
7fff
7fff
7fff
7fff
7fff
7fff
7fff
7fff
7fff
7fff
7fff
7fff
7fff
7fff
7fff
7fff
7fff
7fff
7fff
7fff
7fff
7fff
7fff
7fff
7fff
7fff
7fff
7fff
7fff
7fff
7fff
7fff
7fff
7fff
7fff
7fff
7fff
7fff
7fff
7fff
7fff
7fff
7fff
7fff
7fff
7fff
7fff
7fff
7fff
7fff
7fff
7fff
7fff
7fff
7fff
7fff
7fff
7fff
7fff
7fff
7fff
7fff
7fff
7fff
7fff
7fff
7fff
7fff
7fff
7fff
7fff
7fff
7fff
7fff
7fff
7fff
7fff
7fff
7fff
7fff
7fff
7fff
7fff
7fff
7fff
7fff
7fff
7fff
7fff
7fff
7fff
7fff
7fff
7fff
7fff
7fff
7fff
7fff
7fff
7fff
7fff
7fff
7fff
7fff
7fff
7fff
7fff
7fff
7fff
7fff
7fff
7fff
7fff
7fff
7fff
7fff
7fff
7fff
7fff
7fff
7fff
7fff
7fff
7fff
7fff
7fff
7fff
7fff
7fff
7fff
7fff
7fff
7fff
7fff
7fff
7fff
7fff
7fff
7fff
7fff
7fff
7fff
7fff
7fff
7fff
7fff
7fff
7fff
7fff
7fff
7fff
7fff
7fff
7fff
7fff
7fff
7fff
7fff
7fff
7fff
7fff
7fff
7fff
7fff
7fff
7fff
7fff
7fff
7fff
7fff
7fff
7fff
7fff
7fff
7fff
7fff
7fff
7fff
7fff
7fff
7fff
7fff
7fff
7fff
7fff
7fff
7fff
7fff
7fff
7fff
7fff
7fff
7fff
7fff
7fff
7fff
7fff
7fff
7fff
7fff
7fff
7fff
7fff
7fff
7fff
7fff
7fff
7fff
7fff
7fff
7fff
7fff
7fff
7fff
7fff
7fff
7fff
7fff
7fff
7fff
7fff
7fff
7fff
7fff
7fff
7fff
7fff
7fff
7fff
7fff
7fff
7fff
7fff
7fff
7fff
7fff
7fff
7fff
7fff
7fff
7fff
7fff
7fff
7fff
7fff
7fff
7fff
7fff
7fff
7fff
7fff
7fff
7fff
7fff
7fff
7fff
7fff
7fff
7fff
7fff
7fff
7fff
7fff
7fff
7fff
7fff
7fff
7fff
7fff
7fff
7fff
7fff
7fff
7fff
7fff
7fff
7fff
7fff
7fff
7fff
7fff
7fff
7fff
7fff
7fff
7fff
7fff
7fff
7fff
7fff
7fff
7fff
7fff
7fff
7fff
7fff
7fff
7fff
7fff
7fff
7fff
7fff
7fff
7fff
7fff
7fff
7fff
7fff
7fff
7fff
7fff
7fff
7fff
7fff
7fff
7fff
7fff
7fff
7fff
7fff
7fff
7fff
7fff
7fff
7fff
7fff
7fff
7fff
7fff
7fff
7fff
7fff
7fff
7fff
7fff
7fff
7fff
7fff
7fff
7fff
7fff
7fff
7fff
7fff
7fff
7fff
7fff
7fff
7fff
7fff
7fff
7fff
7fff
7fff
7fff
7fff
7fff
7fff
7fff
7fff
7fff
7fff
7fff
7fff
7fff
7fff
7fff
7fff
7fff
7fff
7fff
7fff
7fff
7fff
7fff
7fff
7fff
7fff
7fff
7fff
7fff
7fff
7fff
7fff
7fff
7fff
7fff
7fff
7fff
7fff
7fff
7fff
7fff
7fff
7fff
7fff
7fff
7fff
7fff
7fff
7fff
7fff
7fff
7fff
7fff
7fff
7fff
7fff
7fff
7fff
7fff
7fff
7fff
7fff
7fff
7fff
7fff
7fff
7fff
7fff
7fff
7fff
7fff
7fff
7fff
7fff
7fff
7fff
7fff
7fff
7fff
7fff
7fff
7fff
7fff
7fff
7fff
7fff
7fff
7fff
7fff
7fff
7fff
7fff
7fff
7fff
7fff
7fff
7fff
7fff
7fff
7fff
7fff
7fff
7fff
7fff
7fff
7fff
7fff
7fff
7fff
7fff
7fff
7fff
7fff
7fff
7fff
7fff
7fff
7fff
7fff
7fff
7fff
7fff
7fff
7fff
7fff
7fff
7fff
7fff
7fff
7fff
7fff
7fff
7fff
7fff
7fff
7fff
7fff
7fff
7fff
7fff
7fff
7fff
7fff
7fff
7fff
7fff
7fff
7fff
7fff
7fff
7fff
7fff
7fff
7fff
7fff
7fff
7fff
7fff
7fff
7fff
7fff
7fff
7fff
7fff
7fff
7fff
7fff
7fff
7fff
7fff
7fff
7fff
7fff
7fff
7fff
7fff
7fff
7fff
7fff
7fff
7fff
7fff
7fff
7fff
7fff
7fff
7fff
7fff
7fff
7fff
7fff
7fff
7fff
7fff
7fff
7fff
7fff
7fff
7fff
7fff
7fff
7fff
7fff
7fff
7fff
7fff
7fff
7fff
7fff
7fff
7fff
7fff
7fff
7fff
7fff
7fff
7fff
7fff
7fff
7fff
7fff
7fff
7fff
7fff
7fff
7fff
7fff
7fff
7fff
7fff
7fff
7fff
7fff
7fff
7fff
7fff
7fff
7fff
7fff
7fff
7fff
7fff
7fff
7fff
7fff
7fff
7fff
7fff
7fff
7fff
7fff
7fff
7fff
7fff
7fff
7fff
7fff
7fff
7fff
7fff
7fff
7fff
7fff
7fff
7fff
7fff
7fff
7fff
7fff
7fff
7fff
7fff
7fff
7fff
7fff
7fff
7fff
7fff
7fff
7fff
7fff
7fff
7fff
7fff
7fff
7fff
7fff
7fff
7fff
7fff
7fff
7fff
7fff
7fff
7fff
7fff
7fff
7fff
7fff
7fff
7fff
7fff
7fff
7fff
7fff
7fff
7fff
7fff
7fff
7fff
7fff
7fff
7fff
7fff
7fff
7fff
7fff
7fff
7fff
7fff
7fff
7fff
7fff
7fff
7fff
7fff
7fff
7fff
7fff
7fff
7fff
7fff
7fff
7fff
7fff
7fff
7fff
7fff
7fff
7fff
7fff
7fff
7fff
7fff
7fff
7fff
7fff
7fff
7fff
7fff
7fff
7fff
7fff
7fff
7fff
7fff
7fff
7fff
7fff
7fff
7fff
7fff
7fff
7fff
7fff
7fff
7fff
7fff
7fff
7fff
7fff
7fff
7fff
7fff
7fff
7fff
7fff
7fff
7fff
7fff
7fff
7fff
7fff
7fff
7fff
7fff
7fff
7fff
7fff
7fff
7fff
7fff
7fff
7fff
7fff
7fff
7fff
7fff
7fff
7fff
7fff
7fff
7fff
7fff
7fff
7fff
7fff
7fff
7fff
7fff
7fff
7fff
7fff
7fff
7fff
7fff
7fff
7fff
7fff
7fff
7fff
7fff
7fff
7fff
7fff
7fff
7fff
7fff
7fff
7fff
7fff
7fff
7fff
7fff
7fff
