----------------
; Command Info ;
----------------
Report Timing: Found 40 recovery paths (0 violated).  Worst case slack is 2.482 

Tcl Command:
    report_timing -recovery -show_routing -file {D:/2151097_Nguyen Nhut Khanh/docs/verification/timing/fullrtl100_release1/slow_1100mv_0c_recovery.rpt} -nworst 1 -npaths 40 -detail full_path

Options:
    -recovery 
    -nworst 1 
    -npaths 40 
    -show_routing 
    -detail full_path 
    -file {D:/2151097_Nguyen Nhut Khanh/docs/verification/timing/fullrtl100_release1/slow_1100mv_0c_recovery.rpt} 

Delay Model:
    Slow 1100mV 0C Model

+---------------------------------------------------------------------------------------------------------------------------------------------------------------------------------------------------+
; Summary of Paths                                                                                                                                                                                  ;
+-------+----------------------------------+----------------------------------------------------------------------------------+--------------+-------------+--------------+------------+------------+
; Slack ; From Node                        ; To Node                                                                          ; Launch Clock ; Latch Clock ; Relationship ; Clock Skew ; Data Delay ;
+-------+----------------------------------+----------------------------------------------------------------------------------+--------------+-------------+--------------+------------+------------+
; 2.482 ; reset_release:u_reset|core_rst_n ; host_rdata[3]~reg0                                                               ; clk          ; clk         ; 10.000       ; 0.685      ; 8.103      ;
; 2.484 ; reset_release:u_reset|core_rst_n ; host_rdata[2]~reg0                                                               ; clk          ; clk         ; 10.000       ; 0.685      ; 8.101      ;
; 2.553 ; reset_release:u_reset|core_rst_n ; host_rdata[5]~reg0                                                               ; clk          ; clk         ; 10.000       ; 0.671      ; 8.018      ;
; 2.699 ; rst_n                            ; reset_release:u_reset|core_rst_n                                                 ; clk          ; clk         ; 10.000       ; 4.217      ; 9.418      ;
; 2.699 ; rst_n                            ; reset_release:u_reset|release_first_q                                            ; clk          ; clk         ; 10.000       ; 4.217      ; 9.418      ;
; 2.712 ; reset_release:u_reset|core_rst_n ; host_rdata[12]~reg0                                                              ; clk          ; clk         ; 10.000       ; 0.667      ; 7.855      ;
; 2.741 ; reset_release:u_reset|core_rst_n ; host_rdata[13]~reg0                                                              ; clk          ; clk         ; 10.000       ; 0.700      ; 7.859      ;
; 2.758 ; reset_release:u_reset|core_rst_n ; host_rdata[9]~reg0                                                               ; clk          ; clk         ; 10.000       ; 0.677      ; 7.819      ;
; 3.006 ; reset_release:u_reset|core_rst_n ; host_rdata[8]~reg0                                                               ; clk          ; clk         ; 10.000       ; 0.680      ; 7.574      ;
; 3.354 ; reset_release:u_reset|core_rst_n ; host_rdata[17]~reg0                                                              ; clk          ; clk         ; 10.000       ; 0.875      ; 7.421      ;
; 3.445 ; reset_release:u_reset|core_rst_n ; host_rdata[6]~reg0                                                               ; clk          ; clk         ; 10.000       ; 0.669      ; 7.124      ;
; 3.502 ; reset_release:u_reset|core_rst_n ; host_rdata[24]~reg0                                                              ; clk          ; clk         ; 10.000       ; 0.874      ; 7.272      ;
; 3.505 ; reset_release:u_reset|core_rst_n ; host_rdata[15]~reg0                                                              ; clk          ; clk         ; 10.000       ; 0.882      ; 7.277      ;
; 3.665 ; reset_release:u_reset|core_rst_n ; host_rdata[14]~reg0                                                              ; clk          ; clk         ; 10.000       ; 0.893      ; 7.128      ;
; 3.870 ; reset_release:u_reset|core_rst_n ; llm_bank_ram:u_cache|g_bank[26].write_enable_q                                   ; clk          ; clk         ; 10.000       ; -0.173     ; 5.857      ;
; 3.870 ; reset_release:u_reset|core_rst_n ; llm_bank_ram:u_cache|pipelined_word_ram:g_bank[29].u_storage|g_ip.write_enable_q ; clk          ; clk         ; 10.000       ; -0.173     ; 5.857      ;
; 3.877 ; reset_release:u_reset|core_rst_n ; llm_bank_ram:u_cache|pipelined_word_ram:g_bank[26].u_storage|g_ip.write_enable_q ; clk          ; clk         ; 10.000       ; -0.166     ; 5.857      ;
; 3.877 ; reset_release:u_reset|core_rst_n ; llm_bank_ram:u_cache|g_bank[29].write_enable_q                                   ; clk          ; clk         ; 10.000       ; -0.166     ; 5.857      ;
; 3.905 ; reset_release:u_reset|core_rst_n ; llm_bank_ram:u_cache|g_request[3].read_enable_q                                  ; clk          ; clk         ; 10.000       ; -0.174     ; 5.821      ;
; 3.905 ; reset_release:u_reset|core_rst_n ; llm_bank_ram:u_cache|pipelined_word_ram:g_bank[11].u_storage|read_valid_q[0]     ; clk          ; clk         ; 10.000       ; -0.174     ; 5.821      ;
; 3.906 ; reset_release:u_reset|core_rst_n ; llm_bank_ram:u_cache|pipelined_word_ram:g_bank[10].u_storage|g_ip.read_enable_q  ; clk          ; clk         ; 10.000       ; -0.173     ; 5.821      ;
; 3.906 ; reset_release:u_reset|core_rst_n ; llm_bank_ram:u_cache|pipelined_word_ram:g_bank[10].u_storage|read_valid_q[1]     ; clk          ; clk         ; 10.000       ; -0.173     ; 5.821      ;
; 3.906 ; reset_release:u_reset|core_rst_n ; llm_bank_ram:u_cache|pipelined_word_ram:g_bank[11].u_storage|g_ip.read_enable_q  ; clk          ; clk         ; 10.000       ; -0.173     ; 5.821      ;
; 3.906 ; reset_release:u_reset|core_rst_n ; llm_bank_ram:u_cache|pipelined_word_ram:g_bank[11].u_storage|read_valid_q[1]     ; clk          ; clk         ; 10.000       ; -0.173     ; 5.821      ;
; 3.912 ; reset_release:u_reset|core_rst_n ; llm_bank_ram:u_cache|g_bank[8].read_enable_q                                     ; clk          ; clk         ; 10.000       ; -0.167     ; 5.821      ;
; 3.912 ; reset_release:u_reset|core_rst_n ; llm_bank_ram:u_cache|g_request[2].read_enable_q                                  ; clk          ; clk         ; 10.000       ; -0.167     ; 5.821      ;
; 3.913 ; reset_release:u_reset|core_rst_n ; llm_bank_ram:u_cache|g_bank[10].read_enable_q                                    ; clk          ; clk         ; 10.000       ; -0.166     ; 5.821      ;
; 3.913 ; reset_release:u_reset|core_rst_n ; llm_bank_ram:u_cache|pipelined_word_ram:g_bank[10].u_storage|read_valid_q[0]     ; clk          ; clk         ; 10.000       ; -0.166     ; 5.821      ;
; 3.913 ; reset_release:u_reset|core_rst_n ; llm_bank_ram:u_cache|g_bank[11].read_enable_q                                    ; clk          ; clk         ; 10.000       ; -0.166     ; 5.821      ;
; 3.924 ; reset_release:u_reset|core_rst_n ; llm_bank_ram:u_cache|g_bank[26].read_enable_q                                    ; clk          ; clk         ; 10.000       ; -0.185     ; 5.791      ;
; 3.924 ; reset_release:u_reset|core_rst_n ; llm_bank_ram:u_cache|g_request[5].read_enable_q                                  ; clk          ; clk         ; 10.000       ; -0.185     ; 5.791      ;
; 3.925 ; reset_release:u_reset|core_rst_n ; llm_bank_ram:u_cache|pipelined_word_ram:g_bank[27].u_storage|g_ip.read_enable_q  ; clk          ; clk         ; 10.000       ; -0.184     ; 5.791      ;
; 3.925 ; reset_release:u_reset|core_rst_n ; llm_bank_ram:u_cache|g_bank[27].read_enable_q                                    ; clk          ; clk         ; 10.000       ; -0.184     ; 5.791      ;
; 3.925 ; reset_release:u_reset|core_rst_n ; llm_bank_ram:u_cache|g_bank[27].write_enable_q                                   ; clk          ; clk         ; 10.000       ; -0.184     ; 5.791      ;
; 3.931 ; reset_release:u_reset|core_rst_n ; llm_bank_ram:u_cache|g_bank[24].read_enable_q                                    ; clk          ; clk         ; 10.000       ; -0.178     ; 5.791      ;
; 3.931 ; reset_release:u_reset|core_rst_n ; llm_bank_ram:u_cache|g_request[6].read_enable_q                                  ; clk          ; clk         ; 10.000       ; -0.178     ; 5.791      ;
; 3.932 ; reset_release:u_reset|core_rst_n ; llm_bank_ram:u_cache|pipelined_word_ram:g_bank[24].u_storage|read_valid_q[1]     ; clk          ; clk         ; 10.000       ; -0.177     ; 5.791      ;
; 3.932 ; reset_release:u_reset|core_rst_n ; llm_bank_ram:u_cache|pipelined_word_ram:g_bank[24].u_storage|read_valid_q[0]     ; clk          ; clk         ; 10.000       ; -0.177     ; 5.791      ;
; 3.932 ; reset_release:u_reset|core_rst_n ; llm_bank_ram:u_cache|pipelined_word_ram:g_bank[27].u_storage|g_ip.write_enable_q ; clk          ; clk         ; 10.000       ; -0.177     ; 5.791      ;
; 3.932 ; reset_release:u_reset|core_rst_n ; llm_bank_ram:u_cache|pipelined_word_ram:g_bank[27].u_storage|read_valid_q[1]     ; clk          ; clk         ; 10.000       ; -0.177     ; 5.791      ;
+-------+----------------------------------+----------------------------------------------------------------------------------+--------------+-------------+--------------+------------+------------+

Path #1: Recovery slack is 2.482 
===============================================================================
+-------------------------------------------------------+
; Path Summary                                          ;
+--------------------+----------------------------------+
; Property           ; Value                            ;
+--------------------+----------------------------------+
; From Node          ; reset_release:u_reset|core_rst_n ;
; To Node            ; host_rdata[3]~reg0               ;
; Launch Clock       ; clk                              ;
; Latch Clock        ; clk                              ;
; Data Arrival Time  ; 12.727                           ;
; Data Required Time ; 15.209                           ;
; Slack              ; 2.482                            ;
+--------------------+----------------------------------+

+--------------------------------------------------------------------------------------+
; Statistics                                                                           ;
+------------------------+--------+-------+-------------+------------+--------+--------+
; Property               ; Value  ; Count ; Total Delay ; % of Total ; Min    ; Max    ;
+------------------------+--------+-------+-------------+------------+--------+--------+
; Recovery Relationship  ; 10.000 ;       ;             ;            ;        ;        ;
; Clock Skew             ; 0.685  ;       ;             ;            ;        ;        ;
; Data Delay             ; 8.103  ;       ;             ;            ;        ;        ;
; Number of Logic Levels ;        ; 0     ;             ;            ;        ;        ;
; Physical Delays        ;        ;       ;             ;            ;        ;        ;
;  Arrival Path          ;        ;       ;             ;            ;        ;        ;
;   Clock                ;        ;       ;             ;            ;        ;        ;
;    IC                  ;        ; 3     ; -0.001      ; 0          ; -0.001 ; 0.000  ;
;    Cell                ;        ; 3     ; 1.780       ; 38         ; 0.335  ; 0.917  ;
;    Routing Element     ;        ; 25    ; 2.845       ; 62         ; 0.000  ; 1.032  ;
;   Data                 ;        ;       ;             ;            ;        ;        ;
;    IC                  ;        ; 1     ; -0.001      ; 0          ; -0.001 ; -0.001 ;
;    Cell                ;        ; 2     ; 0.754       ; 9          ; 0.000  ; 0.754  ;
;    uTco                ;        ; 1     ; 0.000       ; 0          ; 0.000  ; 0.000  ;
;    Routing Element     ;        ; 30    ; 7.350       ; 91         ; 0.000  ; 1.671  ;
;  Required Path         ;        ;       ;             ;            ;        ;        ;
;   Clock                ;        ;       ;             ;            ;        ;        ;
;    IC                  ;        ; 3     ; 0.000       ; 0          ; 0.000  ; 0.000  ;
;    Cell                ;        ; 3     ; 2.091       ; 41         ; 0.312  ; 0.917  ;
;    Routing Element     ;        ; 30    ; 2.970       ; 59         ; 0.000  ; 0.959  ;
+------------------------+--------+-------+-------------+------------+--------+--------+
Note: Negative delays are omitted from totals when calculating percentages

+-------------------------------------------------------------------------------------------------------------------------+
; Data Arrival Path                                                                                                       ;
+----------+----------+----+------+--------+-------------------------------------------+----------------------------------+
; Total    ; Incr     ; RF ; Type ; Fanout ; Location                                  ; Element                          ;
+----------+----------+----+------+--------+-------------------------------------------+----------------------------------+
; 0.000    ; 0.000    ;    ;      ;        ;                                           ; launch edge time                 ;
; 4.624    ; 4.624    ;    ;      ;        ;                                           ; clock path                       ;
;   0.000  ;   0.000  ;    ;      ;        ;                                           ; source latency                   ;
;   0.000  ;   0.000  ;    ;      ; 1      ; PIN_AC18                                  ; clk                              ;
;   0.000  ;   0.000  ;    ; RE   ; 1      ; IOPAD_X54_Y0_N0                           ; ARRIAV_IO_PAD                    ;
;   0.000  ;   0.000  ;    ; RE   ; 1      ; IO_PAD_OUTPUT_X54_Y0_N0_I1                ; IO_PAD_OUTPUT                    ;
;   0.000  ;   0.000  ;    ; RE   ; 1      ; IO_INPUT_BUFFER_INPUT_X54_Y0_N1_I0        ; IO_INPUT_BUFFER_INPUT            ;
;   0.000  ;   0.000  ; RR ; IC   ; 1      ; IOIBUF_X54_Y0_N1                          ; clk~input|i                      ;
;   0.917  ;   0.917  ; RR ; CELL ; 1      ; IOIBUF_X54_Y0_N1                          ; clk~input|o                      ;
;   0.917  ;   0.000  ;    ; RE   ; 1      ; IOIBUF_X54_Y0_N1                          ; ARRIAV_IO_IBUF                   ;
;   0.917  ;   0.000  ;    ; RE   ; 1      ; IO_INPUT_BUFFER_OUTPUT_X54_Y0_N1_I2       ; IO_INPUT_BUFFER_OUTPUT           ;
;   0.917  ;   0.000  ;    ; RE   ; 1      ; IO_RE_X54_Y0_N0_I96                       ; IO_RE                            ;
;   1.133  ;   0.216  ;    ; RE   ; 1      ; IO_RE_X54_Y0_N0_I66                       ; IO_RE                            ;
;   1.320  ;   0.187  ;    ; RE   ; 1      ; CLKBUF_CLUSTER_RE_X58_Y0_N0_I1614         ; CLKBUF_CLUSTER_RE                ;
;   1.320  ;   0.000  ;    ; RE   ; 1      ; CLKBUF_CLUSTER_RE_X58_Y0_N0_I488          ; CLKBUF_CLUSTER_RE                ;
;   1.320  ;   0.000  ;    ; RE   ; 1      ; GCLK_CLUSTER_RE_X58_Y0_N0_I10             ; GCLK_CLUSTER_RE                  ;
;   1.320  ;   0.000  ;    ; RE   ; 1      ; CLKBUFBLOCK_INPUT_X58_Y0_N1_I0            ; CLKBUFBLOCK_INPUT                ;
;   1.320  ;   0.000  ; RR ; IC   ; 1      ; CLKCTRL_G4                                ; clk~inputCLKENA0|inclk           ;
;   1.655  ;   0.335  ; RR ; CELL ; 49420  ; CLKCTRL_G4                                ; clk~inputCLKENA0|outclk          ;
;   1.655  ;   0.000  ;    ; RE   ; 1      ; CLKCTRL_G4                                ; ARRIAV_CLKBUF                    ;
;   1.655  ;   0.000  ;    ; RE   ; 1      ; CLKBUFBLOCK_OUTPUT_X58_Y0_N1_I2           ; CLKBUFBLOCK_OUTPUT               ;
;   1.655  ;   0.000  ;    ; RE   ; 1      ; GCLK_CLUSTER_RE_X58_Y0_N0_I12             ; GCLK_CLUSTER_RE                  ;
;   1.655  ;   0.000  ;    ; RE   ; 1      ; CLKBUF_CLUSTER_RE_X58_Y0_N0_I415          ; CLKBUF_CLUSTER_RE                ;
;   2.687  ;   1.032  ;    ; RE   ; 16     ; GLOBAL_CLOCK_X0_Y58_N0_I4                 ; GLOBAL_CLOCK                     ;
;   2.869  ;   0.182  ;    ; RE   ; 29     ; SPINE_CLOCK_X75_Y30_N0_I20                ; SPINE_CLOCK                      ;
;   3.329  ;   0.460  ;    ; RE   ; 1      ; SCLK_TO_ROWCLK_BUF_X75_Y57_N0_I121        ; SCLK_TO_ROWCLK_BUF               ;
;   3.418  ;   0.089  ;    ; RE   ; 2      ; SCLK_TO_ROWCLK_BUF_X75_Y57_N0_I124        ; SCLK_TO_ROWCLK_BUF               ;
;   3.856  ;   0.438  ;    ; RE   ; 13     ; LAB_CLK_X76_Y57_N0_I5                     ; LAB_CLK                          ;
;   4.002  ;   0.146  ;    ; RE   ; 1      ; BLK_CLK_BUF_X83_Y57_N0_I5                 ; BLK_CLK_BUF                      ;
;   4.058  ;   0.056  ;    ; RE   ; 1      ; ROWCLKSEL_PREBUF_X83_Y57_N0_I5            ; ROWCLKSEL_PREBUF                 ;
;   4.097  ;   0.039  ;    ; RE   ; 1      ; ROWCLKSEL_X83_Y57_N0_I1                   ; ROWCLKSEL                        ;
;   4.097  ;   0.000  ;    ; RE   ; 2      ; GLOBAL_LOCAL_SEL_X83_Y57_N0_I1            ; GLOBAL_LOCAL_SEL                 ;
;   4.097  ;   0.000  ;    ; RE   ; 3      ; LAB_INPUT_X83_Y57_N0_I0                   ; LAB_INPUT                        ;
;   4.096  ;   -0.001 ; RR ; IC   ; 1      ; FF_X83_Y57_N29                            ; u_reset|core_rst_n|clk           ;
;   4.624  ;   0.528  ; RR ; CELL ; 1      ; FF_X83_Y57_N29                            ; reset_release:u_reset|core_rst_n ;
; 12.727   ; 8.103    ;    ;      ;        ;                                           ; data path                        ;
;   4.624  ;   0.000  ;    ; uTco ; 1      ; FF_X83_Y57_N29                            ; reset_release:u_reset|core_rst_n ;
;   4.624  ;   0.000  ; FF ; CELL ; 3143   ; FF_X83_Y57_N29                            ; u_reset|core_rst_n|q             ;
;   4.685  ;   0.061  ;    ; RE   ; 1      ; FF_X83_Y57_N29                            ; ARRIAV_FF                        ;
;   4.765  ;   0.080  ;    ; RE   ; 4      ; LE_BUFFER_X83_Y57_N0_I19                  ; LE_BUFFER                        ;
;   5.065  ;   0.300  ;    ; RE   ; 8      ; C4_X82_Y53_N0_I7                          ; V_SEG4                           ;
;   5.438  ;   0.373  ;    ; RE   ; 4      ; C4_X82_Y49_N0_I7                          ; V_SEG4                           ;
;   5.732  ;   0.294  ;    ; RE   ; 3      ; C2_X82_Y48_N0_I19                         ; V_SEG2                           ;
;   5.987  ;   0.255  ;    ; RE   ; 1      ; R3_X80_Y48_N0_I17                         ; H_SEG3                           ;
;   6.204  ;   0.217  ;    ; RE   ; 1      ; R3_X77_Y48_N0_I22                         ; H_SEG3                           ;
;   6.505  ;   0.301  ;    ; RE   ; 4      ; C4_X77_Y44_N0_I9                          ; V_SEG4                           ;
;   6.912  ;   0.407  ;    ; RE   ; 6      ; C4_X77_Y40_N0_I9                          ; V_SEG4                           ;
;   7.207  ;   0.295  ;    ; RE   ; 2      ; R3_X75_Y40_N0_I23                         ; H_SEG3                           ;
;   7.207  ;   0.000  ;    ; RE   ; 1      ; R14_C12_INTERCONNECT_DRIVER_X77_Y40_N0_I2 ; WIRE_MUX                         ;
;   7.457  ;   0.250  ;    ; RE   ; 3      ; R14_X64_Y40_N0_I1                         ; H_SEG14                          ;
;   7.457  ;   0.000  ;    ; RE   ; 1      ; R14_C12_INTERCONNECT_DRIVER_X63_Y40_N0_I1 ; WIRE_MUX                         ;
;   7.819  ;   0.362  ;    ; RE   ; 4      ; C12_X63_Y28_N0_I1                         ; V_SEG12                          ;
;   7.819  ;   0.000  ;    ; RE   ; 1      ; R14_C12_INTERCONNECT_DRIVER_X63_Y28_N0_I0 ; WIRE_MUX                         ;
;   8.236  ;   0.417  ;    ; RE   ; 2      ; C12_X63_Y16_N0_I1                         ; V_SEG12                          ;
;   8.236  ;   0.000  ;    ; RE   ; 2      ; R14_C12_INTERCONNECT_DRIVER_X63_Y16_N0_I0 ; WIRE_MUX                         ;
;   8.635  ;   0.399  ;    ; RE   ; 1      ; C12_X63_Y4_N0_I1                          ; V_SEG12                          ;
;   8.635  ;   0.000  ;    ; RE   ; 1      ; R14_C12_INTERCONNECT_DRIVER_X63_Y4_N0_I0  ; WIRE_MUX                         ;
;   9.002  ;   0.367  ;    ; RE   ; 3      ; R14_X50_Y4_N0_I1                          ; H_SEG14                          ;
;   9.002  ;   0.000  ;    ; RE   ; 1      ; R14_C12_INTERCONNECT_DRIVER_X49_Y4_N0_I1  ; WIRE_MUX                         ;
;   9.300  ;   0.298  ;    ; RE   ; 3      ; R14_X36_Y4_N0_I1                          ; H_SEG14                          ;
;   9.628  ;   0.328  ;    ; RE   ; 1      ; C4_X41_Y0_N0_I18                          ; V_SEG4                           ;
;   9.875  ;   0.247  ;    ; RE   ; 1      ; LOCAL_INTERCONNECT_X42_Y0_N0_I33          ; LAB_LINE                         ;
;   9.928  ;   0.053  ;    ; RE   ; 1      ; BLOCK_INPUT_MUX_PASSTHROUGH_X42_Y0_N0_I21 ; LEIM                             ;
;   10.205 ;   0.277  ;    ; RE   ; 1      ; HMCPHY_RE_X41_Y0_N0_I1458                 ; HMCPHY_RE                        ;
;   11.876 ;   1.671  ;    ; RE   ; 1      ; HMCPHY_RE_X41_Y0_N0_I2057                 ; HMCPHY_RE                        ;
;   11.974 ;   0.098  ;    ; RE   ; 1      ; IO_RE_X42_Y0_N34_I5                       ; IO_RE                            ;
;   11.974 ;   0.000  ;    ; RE   ; 1      ; IO_OUTPUT_PATH_RE_X42_Y0_N42_I9           ; IO_OUTPUT_PATH_RE                ;
;   11.974 ;   0.000  ;    ; RE   ; 1      ; MP_DDIO_OUT_INPUT_X42_Y0_N44_I3           ; MP_DDIO_OUT_INPUT                ;
;   11.973 ;   -0.001 ; FF ; IC   ; 1      ; DDIOOUTCELL_X42_Y0_N44                    ; host_rdata[3]~reg0|clrn          ;
;   12.727 ;   0.754  ; FF ; CELL ; 1      ; DDIOOUTCELL_X42_Y0_N44                    ; host_rdata[3]~reg0               ;
+----------+----------+----+------+--------+-------------------------------------------+----------------------------------+

+--------------------------------------------------------------------------------------------------------------+
; Data Required Path                                                                                           ;
+----------+---------+----+------+--------+-----------------------------------------+--------------------------+
; Total    ; Incr    ; RF ; Type ; Fanout ; Location                                ; Element                  ;
+----------+---------+----+------+--------+-----------------------------------------+--------------------------+
; 10.000   ; 10.000  ;    ;      ;        ;                                         ; latch edge time          ;
; 15.309   ; 5.309   ;    ;      ;        ;                                         ; clock path               ;
;   10.000 ;   0.000 ;    ;      ;        ;                                         ; source latency           ;
;   10.000 ;   0.000 ;    ;      ; 1      ; PIN_AC18                                ; clk                      ;
;   10.000 ;   0.000 ;    ; RE   ; 1      ; IOPAD_X54_Y0_N0                         ; ARRIAV_IO_PAD            ;
;   10.000 ;   0.000 ;    ; RE   ; 1      ; IO_PAD_OUTPUT_X54_Y0_N0_I1              ; IO_PAD_OUTPUT            ;
;   10.000 ;   0.000 ;    ; RE   ; 1      ; IO_INPUT_BUFFER_INPUT_X54_Y0_N1_I0      ; IO_INPUT_BUFFER_INPUT    ;
;   10.000 ;   0.000 ; RR ; IC   ; 1      ; IOIBUF_X54_Y0_N1                        ; clk~input|i              ;
;   10.917 ;   0.917 ; RR ; CELL ; 1      ; IOIBUF_X54_Y0_N1                        ; clk~input|o              ;
;   10.917 ;   0.000 ;    ; RE   ; 1      ; IOIBUF_X54_Y0_N1                        ; ARRIAV_IO_IBUF           ;
;   10.917 ;   0.000 ;    ; RE   ; 1      ; IO_INPUT_BUFFER_OUTPUT_X54_Y0_N1_I2     ; IO_INPUT_BUFFER_OUTPUT   ;
;   10.917 ;   0.000 ;    ; RE   ; 1      ; IO_RE_X54_Y0_N0_I96                     ; IO_RE                    ;
;   11.095 ;   0.178 ;    ; RE   ; 1      ; IO_RE_X54_Y0_N0_I66                     ; IO_RE                    ;
;   11.095 ;   0.000 ;    ; RE   ; 1      ; CLKBUF_CLUSTER_RE_X58_Y0_N0_I1614       ; CLKBUF_CLUSTER_RE        ;
;   11.095 ;   0.000 ;    ; RE   ; 1      ; CLKBUF_CLUSTER_RE_X58_Y0_N0_I488        ; CLKBUF_CLUSTER_RE        ;
;   11.095 ;   0.000 ;    ; RE   ; 1      ; GCLK_CLUSTER_RE_X58_Y0_N0_I10           ; GCLK_CLUSTER_RE          ;
;   11.095 ;   0.000 ;    ; RE   ; 1      ; CLKBUFBLOCK_INPUT_X58_Y0_N1_I0          ; CLKBUFBLOCK_INPUT        ;
;   11.095 ;   0.000 ; RR ; IC   ; 1      ; CLKCTRL_G4                              ; clk~inputCLKENA0|inclk   ;
;   11.407 ;   0.312 ; RR ; CELL ; 49420  ; CLKCTRL_G4                              ; clk~inputCLKENA0|outclk  ;
;   11.407 ;   0.000 ;    ; RE   ; 1      ; CLKCTRL_G4                              ; ARRIAV_CLKBUF            ;
;   11.407 ;   0.000 ;    ; RE   ; 1      ; CLKBUFBLOCK_OUTPUT_X58_Y0_N1_I2         ; CLKBUFBLOCK_OUTPUT       ;
;   11.407 ;   0.000 ;    ; RE   ; 1      ; GCLK_CLUSTER_RE_X58_Y0_N0_I12           ; GCLK_CLUSTER_RE          ;
;   11.407 ;   0.000 ;    ; RE   ; 1      ; CLKBUF_CLUSTER_RE_X58_Y0_N0_I415        ; CLKBUF_CLUSTER_RE        ;
;   12.366 ;   0.959 ;    ; RE   ; 16     ; GLOBAL_CLOCK_X0_Y58_N0_I4               ; GLOBAL_CLOCK             ;
;   12.544 ;   0.178 ;    ; RE   ; 29     ; SPINE_CLOCK_X45_Y0_N0_I20               ; SPINE_CLOCK              ;
;   13.002 ;   0.458 ;    ; RE   ; 1      ; SCLK_TO_ROWCLK_BUF_X45_Y1_N0_I121       ; SCLK_TO_ROWCLK_BUF       ;
;   13.091 ;   0.089 ;    ; RE   ; 2      ; SCLK_TO_ROWCLK_BUF_X45_Y1_N0_I124       ; SCLK_TO_ROWCLK_BUF       ;
;   13.552 ;   0.461 ;    ; RE   ; 12     ; TB_IO_CLK_X31_Y0_N0_I3                  ; TB_IO_CLK                ;
;   13.781 ;   0.229 ;    ; RE   ; 1      ; BLK_CLK_BUF_X42_Y0_N0_I3                ; BLK_CLK_BUF              ;
;   13.887 ;   0.106 ;    ; RE   ; 1      ; ROWCLKSEL_PREBUF_X42_Y0_N0_I3           ; ROWCLKSEL_PREBUF         ;
;   13.928 ;   0.041 ;    ; RE   ; 1      ; ROWCLKSEL_X42_Y0_N0_I1                  ; ROWCLKSEL                ;
;   13.928 ;   0.000 ;    ; RE   ; 1      ; GLOBAL_LOCAL_SEL_X42_Y0_N0_I1           ; GLOBAL_LOCAL_SEL         ;
;   14.199 ;   0.271 ;    ; RE   ; 1      ; IO_RE_X42_Y0_N34_I11                    ; IO_RE                    ;
;   14.199 ;   0.000 ;    ; RE   ; 1      ; IO_OUTPUT_ENABLE_PATH_RE_X42_Y0_N38_I6  ; IO_OUTPUT_ENABLE_PATH_RE ;
;   14.199 ;   0.000 ;    ; RE   ; 1      ; IO_OUTPUT_ENABLE_PATH_RE_X42_Y0_N38_I22 ; IO_OUTPUT_ENABLE_PATH_RE ;
;   14.199 ;   0.000 ;    ; RE   ; 1      ; IO_OUTPUT_ENABLE_PATH_RE_X42_Y0_N38_I14 ; IO_OUTPUT_ENABLE_PATH_RE ;
;   14.199 ;   0.000 ;    ; RE   ; 1      ; IO_OUTPUT_PATH_RE_X42_Y0_N42_I5         ; IO_OUTPUT_PATH_RE        ;
;   14.199 ;   0.000 ;    ; RE   ; 1      ; MP_DDIO_OUT_INPUT_X42_Y0_N44_I0         ; MP_DDIO_OUT_INPUT        ;
;   14.199 ;   0.000 ; RR ; IC   ; 1      ; DDIOOUTCELL_X42_Y0_N44                  ; host_rdata[3]~reg0|clk   ;
;   15.061 ;   0.862 ; RR ; CELL ; 1      ; DDIOOUTCELL_X42_Y0_N44                  ; host_rdata[3]~reg0       ;
;   15.309 ;   0.248 ;    ;      ;        ;                                         ; clock pessimism removed  ;
; 15.209   ; -0.100  ;    ;      ;        ;                                         ; clock uncertainty        ;
; 15.209   ; 0.000   ;    ; uTsu ; 1      ; DDIOOUTCELL_X42_Y0_N44                  ; host_rdata[3]~reg0       ;
+----------+---------+----+------+--------+-----------------------------------------+--------------------------+

----------------------------
; Extra Fitter Information ;
----------------------------
HTML report is unavailable in plain text report export.


Path #2: Recovery slack is 2.484 
===============================================================================
+-------------------------------------------------------+
; Path Summary                                          ;
+--------------------+----------------------------------+
; Property           ; Value                            ;
+--------------------+----------------------------------+
; From Node          ; reset_release:u_reset|core_rst_n ;
; To Node            ; host_rdata[2]~reg0               ;
; Launch Clock       ; clk                              ;
; Latch Clock        ; clk                              ;
; Data Arrival Time  ; 12.725                           ;
; Data Required Time ; 15.209                           ;
; Slack              ; 2.484                            ;
+--------------------+----------------------------------+

+--------------------------------------------------------------------------------------+
; Statistics                                                                           ;
+------------------------+--------+-------+-------------+------------+--------+--------+
; Property               ; Value  ; Count ; Total Delay ; % of Total ; Min    ; Max    ;
+------------------------+--------+-------+-------------+------------+--------+--------+
; Recovery Relationship  ; 10.000 ;       ;             ;            ;        ;        ;
; Clock Skew             ; 0.685  ;       ;             ;            ;        ;        ;
; Data Delay             ; 8.101  ;       ;             ;            ;        ;        ;
; Number of Logic Levels ;        ; 0     ;             ;            ;        ;        ;
; Physical Delays        ;        ;       ;             ;            ;        ;        ;
;  Arrival Path          ;        ;       ;             ;            ;        ;        ;
;   Clock                ;        ;       ;             ;            ;        ;        ;
;    IC                  ;        ; 3     ; -0.001      ; 0          ; -0.001 ; 0.000  ;
;    Cell                ;        ; 3     ; 1.780       ; 38         ; 0.335  ; 0.917  ;
;    Routing Element     ;        ; 25    ; 2.845       ; 62         ; 0.000  ; 1.032  ;
;   Data                 ;        ;       ;             ;            ;        ;        ;
;    IC                  ;        ; 1     ; -0.001      ; 0          ; -0.001 ; -0.001 ;
;    Cell                ;        ; 2     ; 0.754       ; 9          ; 0.000  ; 0.754  ;
;    uTco                ;        ; 1     ; 0.000       ; 0          ; 0.000  ; 0.000  ;
;    Routing Element     ;        ; 30    ; 7.348       ; 91         ; 0.000  ; 1.671  ;
;  Required Path         ;        ;       ;             ;            ;        ;        ;
;   Clock                ;        ;       ;             ;            ;        ;        ;
;    IC                  ;        ; 3     ; -0.001      ; 0          ; -0.001 ; 0.000  ;
;    Cell                ;        ; 3     ; 2.091       ; 41         ; 0.312  ; 0.917  ;
;    Routing Element     ;        ; 30    ; 2.971       ; 59         ; 0.000  ; 0.959  ;
+------------------------+--------+-------+-------------+------------+--------+--------+
Note: Negative delays are omitted from totals when calculating percentages

+-------------------------------------------------------------------------------------------------------------------------+
; Data Arrival Path                                                                                                       ;
+----------+----------+----+------+--------+-------------------------------------------+----------------------------------+
; Total    ; Incr     ; RF ; Type ; Fanout ; Location                                  ; Element                          ;
+----------+----------+----+------+--------+-------------------------------------------+----------------------------------+
; 0.000    ; 0.000    ;    ;      ;        ;                                           ; launch edge time                 ;
; 4.624    ; 4.624    ;    ;      ;        ;                                           ; clock path                       ;
;   0.000  ;   0.000  ;    ;      ;        ;                                           ; source latency                   ;
;   0.000  ;   0.000  ;    ;      ; 1      ; PIN_AC18                                  ; clk                              ;
;   0.000  ;   0.000  ;    ; RE   ; 1      ; IOPAD_X54_Y0_N0                           ; ARRIAV_IO_PAD                    ;
;   0.000  ;   0.000  ;    ; RE   ; 1      ; IO_PAD_OUTPUT_X54_Y0_N0_I1                ; IO_PAD_OUTPUT                    ;
;   0.000  ;   0.000  ;    ; RE   ; 1      ; IO_INPUT_BUFFER_INPUT_X54_Y0_N1_I0        ; IO_INPUT_BUFFER_INPUT            ;
;   0.000  ;   0.000  ; RR ; IC   ; 1      ; IOIBUF_X54_Y0_N1                          ; clk~input|i                      ;
;   0.917  ;   0.917  ; RR ; CELL ; 1      ; IOIBUF_X54_Y0_N1                          ; clk~input|o                      ;
;   0.917  ;   0.000  ;    ; RE   ; 1      ; IOIBUF_X54_Y0_N1                          ; ARRIAV_IO_IBUF                   ;
;   0.917  ;   0.000  ;    ; RE   ; 1      ; IO_INPUT_BUFFER_OUTPUT_X54_Y0_N1_I2       ; IO_INPUT_BUFFER_OUTPUT           ;
;   0.917  ;   0.000  ;    ; RE   ; 1      ; IO_RE_X54_Y0_N0_I96                       ; IO_RE                            ;
;   1.133  ;   0.216  ;    ; RE   ; 1      ; IO_RE_X54_Y0_N0_I66                       ; IO_RE                            ;
;   1.320  ;   0.187  ;    ; RE   ; 1      ; CLKBUF_CLUSTER_RE_X58_Y0_N0_I1614         ; CLKBUF_CLUSTER_RE                ;
;   1.320  ;   0.000  ;    ; RE   ; 1      ; CLKBUF_CLUSTER_RE_X58_Y0_N0_I488          ; CLKBUF_CLUSTER_RE                ;
;   1.320  ;   0.000  ;    ; RE   ; 1      ; GCLK_CLUSTER_RE_X58_Y0_N0_I10             ; GCLK_CLUSTER_RE                  ;
;   1.320  ;   0.000  ;    ; RE   ; 1      ; CLKBUFBLOCK_INPUT_X58_Y0_N1_I0            ; CLKBUFBLOCK_INPUT                ;
;   1.320  ;   0.000  ; RR ; IC   ; 1      ; CLKCTRL_G4                                ; clk~inputCLKENA0|inclk           ;
;   1.655  ;   0.335  ; RR ; CELL ; 49420  ; CLKCTRL_G4                                ; clk~inputCLKENA0|outclk          ;
;   1.655  ;   0.000  ;    ; RE   ; 1      ; CLKCTRL_G4                                ; ARRIAV_CLKBUF                    ;
;   1.655  ;   0.000  ;    ; RE   ; 1      ; CLKBUFBLOCK_OUTPUT_X58_Y0_N1_I2           ; CLKBUFBLOCK_OUTPUT               ;
;   1.655  ;   0.000  ;    ; RE   ; 1      ; GCLK_CLUSTER_RE_X58_Y0_N0_I12             ; GCLK_CLUSTER_RE                  ;
;   1.655  ;   0.000  ;    ; RE   ; 1      ; CLKBUF_CLUSTER_RE_X58_Y0_N0_I415          ; CLKBUF_CLUSTER_RE                ;
;   2.687  ;   1.032  ;    ; RE   ; 16     ; GLOBAL_CLOCK_X0_Y58_N0_I4                 ; GLOBAL_CLOCK                     ;
;   2.869  ;   0.182  ;    ; RE   ; 29     ; SPINE_CLOCK_X75_Y30_N0_I20                ; SPINE_CLOCK                      ;
;   3.329  ;   0.460  ;    ; RE   ; 1      ; SCLK_TO_ROWCLK_BUF_X75_Y57_N0_I121        ; SCLK_TO_ROWCLK_BUF               ;
;   3.418  ;   0.089  ;    ; RE   ; 2      ; SCLK_TO_ROWCLK_BUF_X75_Y57_N0_I124        ; SCLK_TO_ROWCLK_BUF               ;
;   3.856  ;   0.438  ;    ; RE   ; 13     ; LAB_CLK_X76_Y57_N0_I5                     ; LAB_CLK                          ;
;   4.002  ;   0.146  ;    ; RE   ; 1      ; BLK_CLK_BUF_X83_Y57_N0_I5                 ; BLK_CLK_BUF                      ;
;   4.058  ;   0.056  ;    ; RE   ; 1      ; ROWCLKSEL_PREBUF_X83_Y57_N0_I5            ; ROWCLKSEL_PREBUF                 ;
;   4.097  ;   0.039  ;    ; RE   ; 1      ; ROWCLKSEL_X83_Y57_N0_I1                   ; ROWCLKSEL                        ;
;   4.097  ;   0.000  ;    ; RE   ; 2      ; GLOBAL_LOCAL_SEL_X83_Y57_N0_I1            ; GLOBAL_LOCAL_SEL                 ;
;   4.097  ;   0.000  ;    ; RE   ; 3      ; LAB_INPUT_X83_Y57_N0_I0                   ; LAB_INPUT                        ;
;   4.096  ;   -0.001 ; RR ; IC   ; 1      ; FF_X83_Y57_N29                            ; u_reset|core_rst_n|clk           ;
;   4.624  ;   0.528  ; RR ; CELL ; 1      ; FF_X83_Y57_N29                            ; reset_release:u_reset|core_rst_n ;
; 12.725   ; 8.101    ;    ;      ;        ;                                           ; data path                        ;
;   4.624  ;   0.000  ;    ; uTco ; 1      ; FF_X83_Y57_N29                            ; reset_release:u_reset|core_rst_n ;
;   4.624  ;   0.000  ; FF ; CELL ; 3143   ; FF_X83_Y57_N29                            ; u_reset|core_rst_n|q             ;
;   4.685  ;   0.061  ;    ; RE   ; 1      ; FF_X83_Y57_N29                            ; ARRIAV_FF                        ;
;   4.765  ;   0.080  ;    ; RE   ; 4      ; LE_BUFFER_X83_Y57_N0_I19                  ; LE_BUFFER                        ;
;   5.065  ;   0.300  ;    ; RE   ; 8      ; C4_X82_Y53_N0_I7                          ; V_SEG4                           ;
;   5.438  ;   0.373  ;    ; RE   ; 4      ; C4_X82_Y49_N0_I7                          ; V_SEG4                           ;
;   5.732  ;   0.294  ;    ; RE   ; 3      ; C2_X82_Y48_N0_I19                         ; V_SEG2                           ;
;   5.987  ;   0.255  ;    ; RE   ; 1      ; R3_X80_Y48_N0_I17                         ; H_SEG3                           ;
;   6.204  ;   0.217  ;    ; RE   ; 1      ; R3_X77_Y48_N0_I22                         ; H_SEG3                           ;
;   6.505  ;   0.301  ;    ; RE   ; 4      ; C4_X77_Y44_N0_I9                          ; V_SEG4                           ;
;   6.912  ;   0.407  ;    ; RE   ; 6      ; C4_X77_Y40_N0_I9                          ; V_SEG4                           ;
;   7.207  ;   0.295  ;    ; RE   ; 2      ; R3_X75_Y40_N0_I23                         ; H_SEG3                           ;
;   7.207  ;   0.000  ;    ; RE   ; 1      ; R14_C12_INTERCONNECT_DRIVER_X77_Y40_N0_I2 ; WIRE_MUX                         ;
;   7.457  ;   0.250  ;    ; RE   ; 3      ; R14_X64_Y40_N0_I1                         ; H_SEG14                          ;
;   7.457  ;   0.000  ;    ; RE   ; 1      ; R14_C12_INTERCONNECT_DRIVER_X63_Y40_N0_I1 ; WIRE_MUX                         ;
;   7.819  ;   0.362  ;    ; RE   ; 4      ; C12_X63_Y28_N0_I1                         ; V_SEG12                          ;
;   7.819  ;   0.000  ;    ; RE   ; 1      ; R14_C12_INTERCONNECT_DRIVER_X63_Y28_N0_I0 ; WIRE_MUX                         ;
;   8.236  ;   0.417  ;    ; RE   ; 2      ; C12_X63_Y16_N0_I1                         ; V_SEG12                          ;
;   8.236  ;   0.000  ;    ; RE   ; 2      ; R14_C12_INTERCONNECT_DRIVER_X63_Y16_N0_I0 ; WIRE_MUX                         ;
;   8.635  ;   0.399  ;    ; RE   ; 1      ; C12_X63_Y4_N0_I1                          ; V_SEG12                          ;
;   8.635  ;   0.000  ;    ; RE   ; 1      ; R14_C12_INTERCONNECT_DRIVER_X63_Y4_N0_I0  ; WIRE_MUX                         ;
;   9.002  ;   0.367  ;    ; RE   ; 3      ; R14_X50_Y4_N0_I1                          ; H_SEG14                          ;
;   9.002  ;   0.000  ;    ; RE   ; 1      ; R14_C12_INTERCONNECT_DRIVER_X49_Y4_N0_I1  ; WIRE_MUX                         ;
;   9.298  ;   0.296  ;    ; RE   ; 3      ; R14_X36_Y4_N0_I1                          ; H_SEG14                          ;
;   9.624  ;   0.326  ;    ; RE   ; 1      ; C4_X44_Y0_N0_I19                          ; V_SEG4                           ;
;   9.873  ;   0.249  ;    ; RE   ; 1      ; LOCAL_INTERCONNECT_X44_Y0_N0_I59          ; LAB_LINE                         ;
;   9.927  ;   0.054  ;    ; RE   ; 1      ; BLOCK_INPUT_MUX_PASSTHROUGH_X44_Y0_N0_I21 ; LEIM                             ;
;   10.204 ;   0.277  ;    ; RE   ; 1      ; HMCPHY_RE_X41_Y0_N0_I1456                 ; HMCPHY_RE                        ;
;   11.875 ;   1.671  ;    ; RE   ; 1      ; HMCPHY_RE_X41_Y0_N0_I2055                 ; HMCPHY_RE                        ;
;   11.972 ;   0.097  ;    ; RE   ; 1      ; IO_RE_X44_Y0_N34_I5                       ; IO_RE                            ;
;   11.972 ;   0.000  ;    ; RE   ; 1      ; IO_OUTPUT_PATH_RE_X44_Y0_N42_I9           ; IO_OUTPUT_PATH_RE                ;
;   11.972 ;   0.000  ;    ; RE   ; 1      ; MP_DDIO_OUT_INPUT_X44_Y0_N44_I3           ; MP_DDIO_OUT_INPUT                ;
;   11.971 ;   -0.001 ; FF ; IC   ; 1      ; DDIOOUTCELL_X44_Y0_N44                    ; host_rdata[2]~reg0|clrn          ;
;   12.725 ;   0.754  ; FF ; CELL ; 1      ; DDIOOUTCELL_X44_Y0_N44                    ; host_rdata[2]~reg0               ;
+----------+----------+----+------+--------+-------------------------------------------+----------------------------------+

+---------------------------------------------------------------------------------------------------------------+
; Data Required Path                                                                                            ;
+----------+----------+----+------+--------+-----------------------------------------+--------------------------+
; Total    ; Incr     ; RF ; Type ; Fanout ; Location                                ; Element                  ;
+----------+----------+----+------+--------+-----------------------------------------+--------------------------+
; 10.000   ; 10.000   ;    ;      ;        ;                                         ; latch edge time          ;
; 15.309   ; 5.309    ;    ;      ;        ;                                         ; clock path               ;
;   10.000 ;   0.000  ;    ;      ;        ;                                         ; source latency           ;
;   10.000 ;   0.000  ;    ;      ; 1      ; PIN_AC18                                ; clk                      ;
;   10.000 ;   0.000  ;    ; RE   ; 1      ; IOPAD_X54_Y0_N0                         ; ARRIAV_IO_PAD            ;
;   10.000 ;   0.000  ;    ; RE   ; 1      ; IO_PAD_OUTPUT_X54_Y0_N0_I1              ; IO_PAD_OUTPUT            ;
;   10.000 ;   0.000  ;    ; RE   ; 1      ; IO_INPUT_BUFFER_INPUT_X54_Y0_N1_I0      ; IO_INPUT_BUFFER_INPUT    ;
;   10.000 ;   0.000  ; RR ; IC   ; 1      ; IOIBUF_X54_Y0_N1                        ; clk~input|i              ;
;   10.917 ;   0.917  ; RR ; CELL ; 1      ; IOIBUF_X54_Y0_N1                        ; clk~input|o              ;
;   10.917 ;   0.000  ;    ; RE   ; 1      ; IOIBUF_X54_Y0_N1                        ; ARRIAV_IO_IBUF           ;
;   10.917 ;   0.000  ;    ; RE   ; 1      ; IO_INPUT_BUFFER_OUTPUT_X54_Y0_N1_I2     ; IO_INPUT_BUFFER_OUTPUT   ;
;   10.917 ;   0.000  ;    ; RE   ; 1      ; IO_RE_X54_Y0_N0_I96                     ; IO_RE                    ;
;   11.095 ;   0.178  ;    ; RE   ; 1      ; IO_RE_X54_Y0_N0_I66                     ; IO_RE                    ;
;   11.095 ;   0.000  ;    ; RE   ; 1      ; CLKBUF_CLUSTER_RE_X58_Y0_N0_I1614       ; CLKBUF_CLUSTER_RE        ;
;   11.095 ;   0.000  ;    ; RE   ; 1      ; CLKBUF_CLUSTER_RE_X58_Y0_N0_I488        ; CLKBUF_CLUSTER_RE        ;
;   11.095 ;   0.000  ;    ; RE   ; 1      ; GCLK_CLUSTER_RE_X58_Y0_N0_I10           ; GCLK_CLUSTER_RE          ;
;   11.095 ;   0.000  ;    ; RE   ; 1      ; CLKBUFBLOCK_INPUT_X58_Y0_N1_I0          ; CLKBUFBLOCK_INPUT        ;
;   11.095 ;   0.000  ; RR ; IC   ; 1      ; CLKCTRL_G4                              ; clk~inputCLKENA0|inclk   ;
;   11.407 ;   0.312  ; RR ; CELL ; 49420  ; CLKCTRL_G4                              ; clk~inputCLKENA0|outclk  ;
;   11.407 ;   0.000  ;    ; RE   ; 1      ; CLKCTRL_G4                              ; ARRIAV_CLKBUF            ;
;   11.407 ;   0.000  ;    ; RE   ; 1      ; CLKBUFBLOCK_OUTPUT_X58_Y0_N1_I2         ; CLKBUFBLOCK_OUTPUT       ;
;   11.407 ;   0.000  ;    ; RE   ; 1      ; GCLK_CLUSTER_RE_X58_Y0_N0_I12           ; GCLK_CLUSTER_RE          ;
;   11.407 ;   0.000  ;    ; RE   ; 1      ; CLKBUF_CLUSTER_RE_X58_Y0_N0_I415        ; CLKBUF_CLUSTER_RE        ;
;   12.366 ;   0.959  ;    ; RE   ; 16     ; GLOBAL_CLOCK_X0_Y58_N0_I4               ; GLOBAL_CLOCK             ;
;   12.544 ;   0.178  ;    ; RE   ; 29     ; SPINE_CLOCK_X45_Y0_N0_I20               ; SPINE_CLOCK              ;
;   13.002 ;   0.458  ;    ; RE   ; 1      ; SCLK_TO_ROWCLK_BUF_X45_Y1_N0_I121       ; SCLK_TO_ROWCLK_BUF       ;
;   13.091 ;   0.089  ;    ; RE   ; 2      ; SCLK_TO_ROWCLK_BUF_X45_Y1_N0_I124       ; SCLK_TO_ROWCLK_BUF       ;
;   13.550 ;   0.459  ;    ; RE   ; 12     ; TB_IO_CLK_X31_Y0_N0_I3                  ; TB_IO_CLK                ;
;   13.778 ;   0.228  ;    ; RE   ; 1      ; BLK_CLK_BUF_X44_Y0_N0_I3                ; BLK_CLK_BUF              ;
;   13.881 ;   0.103  ;    ; RE   ; 1      ; ROWCLKSEL_PREBUF_X44_Y0_N0_I3           ; ROWCLKSEL_PREBUF         ;
;   13.922 ;   0.041  ;    ; RE   ; 1      ; ROWCLKSEL_X44_Y0_N0_I1                  ; ROWCLKSEL                ;
;   13.922 ;   0.000  ;    ; RE   ; 1      ; GLOBAL_LOCAL_SEL_X44_Y0_N0_I1           ; GLOBAL_LOCAL_SEL         ;
;   14.200 ;   0.278  ;    ; RE   ; 1      ; IO_RE_X44_Y0_N34_I11                    ; IO_RE                    ;
;   14.200 ;   0.000  ;    ; RE   ; 1      ; IO_OUTPUT_ENABLE_PATH_RE_X44_Y0_N38_I6  ; IO_OUTPUT_ENABLE_PATH_RE ;
;   14.200 ;   0.000  ;    ; RE   ; 1      ; IO_OUTPUT_ENABLE_PATH_RE_X44_Y0_N38_I22 ; IO_OUTPUT_ENABLE_PATH_RE ;
;   14.200 ;   0.000  ;    ; RE   ; 1      ; IO_OUTPUT_ENABLE_PATH_RE_X44_Y0_N38_I14 ; IO_OUTPUT_ENABLE_PATH_RE ;
;   14.200 ;   0.000  ;    ; RE   ; 1      ; IO_OUTPUT_PATH_RE_X44_Y0_N42_I5         ; IO_OUTPUT_PATH_RE        ;
;   14.200 ;   0.000  ;    ; RE   ; 1      ; MP_DDIO_OUT_INPUT_X44_Y0_N44_I0         ; MP_DDIO_OUT_INPUT        ;
;   14.199 ;   -0.001 ; RR ; IC   ; 1      ; DDIOOUTCELL_X44_Y0_N44                  ; host_rdata[2]~reg0|clk   ;
;   15.061 ;   0.862  ; RR ; CELL ; 1      ; DDIOOUTCELL_X44_Y0_N44                  ; host_rdata[2]~reg0       ;
;   15.309 ;   0.248  ;    ;      ;        ;                                         ; clock pessimism removed  ;
; 15.209   ; -0.100   ;    ;      ;        ;                                         ; clock uncertainty        ;
; 15.209   ; 0.000    ;    ; uTsu ; 1      ; DDIOOUTCELL_X44_Y0_N44                  ; host_rdata[2]~reg0       ;
+----------+----------+----+------+--------+-----------------------------------------+--------------------------+

----------------------------
; Extra Fitter Information ;
----------------------------
HTML report is unavailable in plain text report export.


Path #3: Recovery slack is 2.553 
===============================================================================
+-------------------------------------------------------+
; Path Summary                                          ;
+--------------------+----------------------------------+
; Property           ; Value                            ;
+--------------------+----------------------------------+
; From Node          ; reset_release:u_reset|core_rst_n ;
; To Node            ; host_rdata[5]~reg0               ;
; Launch Clock       ; clk                              ;
; Latch Clock        ; clk                              ;
; Data Arrival Time  ; 12.642                           ;
; Data Required Time ; 15.195                           ;
; Slack              ; 2.553                            ;
+--------------------+----------------------------------+

+--------------------------------------------------------------------------------------+
; Statistics                                                                           ;
+------------------------+--------+-------+-------------+------------+--------+--------+
; Property               ; Value  ; Count ; Total Delay ; % of Total ; Min    ; Max    ;
+------------------------+--------+-------+-------------+------------+--------+--------+
; Recovery Relationship  ; 10.000 ;       ;             ;            ;        ;        ;
; Clock Skew             ; 0.671  ;       ;             ;            ;        ;        ;
; Data Delay             ; 8.018  ;       ;             ;            ;        ;        ;
; Number of Logic Levels ;        ; 0     ;             ;            ;        ;        ;
; Physical Delays        ;        ;       ;             ;            ;        ;        ;
;  Arrival Path          ;        ;       ;             ;            ;        ;        ;
;   Clock                ;        ;       ;             ;            ;        ;        ;
;    IC                  ;        ; 3     ; -0.001      ; 0          ; -0.001 ; 0.000  ;
;    Cell                ;        ; 3     ; 1.780       ; 38         ; 0.335  ; 0.917  ;
;    Routing Element     ;        ; 25    ; 2.845       ; 62         ; 0.000  ; 1.032  ;
;   Data                 ;        ;       ;             ;            ;        ;        ;
;    IC                  ;        ; 1     ; -0.002      ; 0          ; -0.002 ; -0.002 ;
;    Cell                ;        ; 2     ; 0.754       ; 9          ; 0.000  ; 0.754  ;
;    uTco                ;        ; 1     ; 0.000       ; 0          ; 0.000  ; 0.000  ;
;    Routing Element     ;        ; 34    ; 7.266       ; 91         ; 0.000  ; 1.671  ;
;  Required Path         ;        ;       ;             ;            ;        ;        ;
;   Clock                ;        ;       ;             ;            ;        ;        ;
;    IC                  ;        ; 3     ; 0.000       ; 0          ; 0.000  ; 0.000  ;
;    Cell                ;        ; 3     ; 2.091       ; 41         ; 0.312  ; 0.917  ;
;    Routing Element     ;        ; 30    ; 2.956       ; 59         ; 0.000  ; 0.959  ;
+------------------------+--------+-------+-------------+------------+--------+--------+
Note: Negative delays are omitted from totals when calculating percentages

+-------------------------------------------------------------------------------------------------------------------------+
; Data Arrival Path                                                                                                       ;
+----------+----------+----+------+--------+-------------------------------------------+----------------------------------+
; Total    ; Incr     ; RF ; Type ; Fanout ; Location                                  ; Element                          ;
+----------+----------+----+------+--------+-------------------------------------------+----------------------------------+
; 0.000    ; 0.000    ;    ;      ;        ;                                           ; launch edge time                 ;
; 4.624    ; 4.624    ;    ;      ;        ;                                           ; clock path                       ;
;   0.000  ;   0.000  ;    ;      ;        ;                                           ; source latency                   ;
;   0.000  ;   0.000  ;    ;      ; 1      ; PIN_AC18                                  ; clk                              ;
;   0.000  ;   0.000  ;    ; RE   ; 1      ; IOPAD_X54_Y0_N0                           ; ARRIAV_IO_PAD                    ;
;   0.000  ;   0.000  ;    ; RE   ; 1      ; IO_PAD_OUTPUT_X54_Y0_N0_I1                ; IO_PAD_OUTPUT                    ;
;   0.000  ;   0.000  ;    ; RE   ; 1      ; IO_INPUT_BUFFER_INPUT_X54_Y0_N1_I0        ; IO_INPUT_BUFFER_INPUT            ;
;   0.000  ;   0.000  ; RR ; IC   ; 1      ; IOIBUF_X54_Y0_N1                          ; clk~input|i                      ;
;   0.917  ;   0.917  ; RR ; CELL ; 1      ; IOIBUF_X54_Y0_N1                          ; clk~input|o                      ;
;   0.917  ;   0.000  ;    ; RE   ; 1      ; IOIBUF_X54_Y0_N1                          ; ARRIAV_IO_IBUF                   ;
;   0.917  ;   0.000  ;    ; RE   ; 1      ; IO_INPUT_BUFFER_OUTPUT_X54_Y0_N1_I2       ; IO_INPUT_BUFFER_OUTPUT           ;
;   0.917  ;   0.000  ;    ; RE   ; 1      ; IO_RE_X54_Y0_N0_I96                       ; IO_RE                            ;
;   1.133  ;   0.216  ;    ; RE   ; 1      ; IO_RE_X54_Y0_N0_I66                       ; IO_RE                            ;
;   1.320  ;   0.187  ;    ; RE   ; 1      ; CLKBUF_CLUSTER_RE_X58_Y0_N0_I1614         ; CLKBUF_CLUSTER_RE                ;
;   1.320  ;   0.000  ;    ; RE   ; 1      ; CLKBUF_CLUSTER_RE_X58_Y0_N0_I488          ; CLKBUF_CLUSTER_RE                ;
;   1.320  ;   0.000  ;    ; RE   ; 1      ; GCLK_CLUSTER_RE_X58_Y0_N0_I10             ; GCLK_CLUSTER_RE                  ;
;   1.320  ;   0.000  ;    ; RE   ; 1      ; CLKBUFBLOCK_INPUT_X58_Y0_N1_I0            ; CLKBUFBLOCK_INPUT                ;
;   1.320  ;   0.000  ; RR ; IC   ; 1      ; CLKCTRL_G4                                ; clk~inputCLKENA0|inclk           ;
;   1.655  ;   0.335  ; RR ; CELL ; 49420  ; CLKCTRL_G4                                ; clk~inputCLKENA0|outclk          ;
;   1.655  ;   0.000  ;    ; RE   ; 1      ; CLKCTRL_G4                                ; ARRIAV_CLKBUF                    ;
;   1.655  ;   0.000  ;    ; RE   ; 1      ; CLKBUFBLOCK_OUTPUT_X58_Y0_N1_I2           ; CLKBUFBLOCK_OUTPUT               ;
;   1.655  ;   0.000  ;    ; RE   ; 1      ; GCLK_CLUSTER_RE_X58_Y0_N0_I12             ; GCLK_CLUSTER_RE                  ;
;   1.655  ;   0.000  ;    ; RE   ; 1      ; CLKBUF_CLUSTER_RE_X58_Y0_N0_I415          ; CLKBUF_CLUSTER_RE                ;
;   2.687  ;   1.032  ;    ; RE   ; 16     ; GLOBAL_CLOCK_X0_Y58_N0_I4                 ; GLOBAL_CLOCK                     ;
;   2.869  ;   0.182  ;    ; RE   ; 29     ; SPINE_CLOCK_X75_Y30_N0_I20                ; SPINE_CLOCK                      ;
;   3.329  ;   0.460  ;    ; RE   ; 1      ; SCLK_TO_ROWCLK_BUF_X75_Y57_N0_I121        ; SCLK_TO_ROWCLK_BUF               ;
;   3.418  ;   0.089  ;    ; RE   ; 2      ; SCLK_TO_ROWCLK_BUF_X75_Y57_N0_I124        ; SCLK_TO_ROWCLK_BUF               ;
;   3.856  ;   0.438  ;    ; RE   ; 13     ; LAB_CLK_X76_Y57_N0_I5                     ; LAB_CLK                          ;
;   4.002  ;   0.146  ;    ; RE   ; 1      ; BLK_CLK_BUF_X83_Y57_N0_I5                 ; BLK_CLK_BUF                      ;
;   4.058  ;   0.056  ;    ; RE   ; 1      ; ROWCLKSEL_PREBUF_X83_Y57_N0_I5            ; ROWCLKSEL_PREBUF                 ;
;   4.097  ;   0.039  ;    ; RE   ; 1      ; ROWCLKSEL_X83_Y57_N0_I1                   ; ROWCLKSEL                        ;
;   4.097  ;   0.000  ;    ; RE   ; 2      ; GLOBAL_LOCAL_SEL_X83_Y57_N0_I1            ; GLOBAL_LOCAL_SEL                 ;
;   4.097  ;   0.000  ;    ; RE   ; 3      ; LAB_INPUT_X83_Y57_N0_I0                   ; LAB_INPUT                        ;
;   4.096  ;   -0.001 ; RR ; IC   ; 1      ; FF_X83_Y57_N29                            ; u_reset|core_rst_n|clk           ;
;   4.624  ;   0.528  ; RR ; CELL ; 1      ; FF_X83_Y57_N29                            ; reset_release:u_reset|core_rst_n ;
; 12.642   ; 8.018    ;    ;      ;        ;                                           ; data path                        ;
;   4.624  ;   0.000  ;    ; uTco ; 1      ; FF_X83_Y57_N29                            ; reset_release:u_reset|core_rst_n ;
;   4.624  ;   0.000  ; FF ; CELL ; 3143   ; FF_X83_Y57_N29                            ; u_reset|core_rst_n|q             ;
;   4.685  ;   0.061  ;    ; RE   ; 1      ; FF_X83_Y57_N29                            ; ARRIAV_FF                        ;
;   4.765  ;   0.080  ;    ; RE   ; 4      ; LE_BUFFER_X83_Y57_N0_I19                  ; LE_BUFFER                        ;
;   4.972  ;   0.207  ;    ; RE   ; 2      ; R3_X83_Y57_N0_I11                         ; H_SEG3                           ;
;   4.972  ;   0.000  ;    ; RE   ; 1      ; R14_C12_INTERCONNECT_DRIVER_X84_Y57_N0_I3 ; WIRE_MUX                         ;
;   5.217  ;   0.245  ;    ; RE   ; 3      ; R14_X71_Y57_N0_I1                         ; H_SEG14                          ;
;   5.217  ;   0.000  ;    ; RE   ; 1      ; R14_C12_INTERCONNECT_DRIVER_X76_Y57_N0_I2 ; WIRE_MUX                         ;
;   5.493  ;   0.276  ;    ; RE   ; 6      ; R14_X63_Y57_N0_I1                         ; H_SEG14                          ;
;   5.493  ;   0.000  ;    ; RE   ; 2      ; R14_C12_INTERCONNECT_DRIVER_X62_Y57_N0_I2 ; WIRE_MUX                         ;
;   5.822  ;   0.329  ;    ; RE   ; 8      ; R14_X49_Y57_N0_I1                         ; H_SEG14                          ;
;   6.289  ;   0.467  ;    ; RE   ; 6      ; R6_X43_Y57_N0_I35                         ; H_SEG6                           ;
;   6.289  ;   0.000  ;    ; RE   ; 1      ; R14_C12_INTERCONNECT_DRIVER_X43_Y57_N0_I3 ; WIRE_MUX                         ;
;   6.712  ;   0.423  ;    ; RE   ; 7      ; C12_X43_Y45_N0_I1                         ; V_SEG12                          ;
;   6.712  ;   0.000  ;    ; RE   ; 1      ; R14_C12_INTERCONNECT_DRIVER_X43_Y48_N0_I1 ; WIRE_MUX                         ;
;   7.045  ;   0.333  ;    ; RE   ; 7      ; R14_X30_Y48_N0_I1                         ; H_SEG14                          ;
;   7.045  ;   0.000  ;    ; RE   ; 1      ; R14_C12_INTERCONNECT_DRIVER_X29_Y48_N0_I0 ; WIRE_MUX                         ;
;   7.412  ;   0.367  ;    ; RE   ; 6      ; C12_X29_Y36_N0_I1                         ; V_SEG12                          ;
;   7.412  ;   0.000  ;    ; RE   ; 2      ; R14_C12_INTERCONNECT_DRIVER_X29_Y36_N0_I0 ; WIRE_MUX                         ;
;   7.812  ;   0.400  ;    ; RE   ; 2      ; C12_X29_Y24_N0_I1                         ; V_SEG12                          ;
;   7.812  ;   0.000  ;    ; RE   ; 1      ; R14_C12_INTERCONNECT_DRIVER_X29_Y26_N0_I2 ; WIRE_MUX                         ;
;   8.206  ;   0.394  ;    ; RE   ; 2      ; C12_X29_Y14_N0_I1                         ; V_SEG12                          ;
;   8.206  ;   0.000  ;    ; RE   ; 1      ; R14_C12_INTERCONNECT_DRIVER_X29_Y14_N0_I0 ; WIRE_MUX                         ;
;   8.598  ;   0.392  ;    ; RE   ; 2      ; C12_X29_Y2_N0_I1                          ; V_SEG12                          ;
;   8.598  ;   0.000  ;    ; RE   ; 2      ; R14_C12_INTERCONNECT_DRIVER_X29_Y2_N0_I0  ; WIRE_MUX                         ;
;   8.922  ;   0.324  ;    ; RE   ; 5      ; R14_X30_Y2_N0_I0                          ; H_SEG14                          ;
;   8.922  ;   0.000  ;    ; RE   ; 1      ; R14_C12_INTERCONNECT_DRIVER_X34_Y2_N0_I3  ; WIRE_MUX                         ;
;   9.188  ;   0.266  ;    ; RE   ; 2      ; R14_X35_Y2_N0_I0                          ; H_SEG14                          ;
;   9.521  ;   0.333  ;    ; RE   ; 1      ; C2_X45_Y0_N0_I28                          ; V_SEG2                           ;
;   9.790  ;   0.269  ;    ; RE   ; 1      ; LOCAL_INTERCONNECT_X46_Y0_N0_I37          ; LAB_LINE                         ;
;   9.844  ;   0.054  ;    ; RE   ; 1      ; BLOCK_INPUT_MUX_PASSTHROUGH_X46_Y0_N0_I21 ; LEIM                             ;
;   10.121 ;   0.277  ;    ; RE   ; 1      ; HMCPHY_RE_X41_Y0_N0_I1465                 ; HMCPHY_RE                        ;
;   11.792 ;   1.671  ;    ; RE   ; 1      ; HMCPHY_RE_X41_Y0_N0_I2064                 ; HMCPHY_RE                        ;
;   11.890 ;   0.098  ;    ; RE   ; 1      ; IO_RE_X46_Y0_N34_I5                       ; IO_RE                            ;
;   11.890 ;   0.000  ;    ; RE   ; 1      ; IO_OUTPUT_PATH_RE_X46_Y0_N42_I9           ; IO_OUTPUT_PATH_RE                ;
;   11.890 ;   0.000  ;    ; RE   ; 1      ; MP_DDIO_OUT_INPUT_X46_Y0_N44_I3           ; MP_DDIO_OUT_INPUT                ;
;   11.888 ;   -0.002 ; FF ; IC   ; 1      ; DDIOOUTCELL_X46_Y0_N44                    ; host_rdata[5]~reg0|clrn          ;
;   12.642 ;   0.754  ; FF ; CELL ; 1      ; DDIOOUTCELL_X46_Y0_N44                    ; host_rdata[5]~reg0               ;
+----------+----------+----+------+--------+-------------------------------------------+----------------------------------+

+--------------------------------------------------------------------------------------------------------------+
; Data Required Path                                                                                           ;
+----------+---------+----+------+--------+-----------------------------------------+--------------------------+
; Total    ; Incr    ; RF ; Type ; Fanout ; Location                                ; Element                  ;
+----------+---------+----+------+--------+-----------------------------------------+--------------------------+
; 10.000   ; 10.000  ;    ;      ;        ;                                         ; latch edge time          ;
; 15.295   ; 5.295   ;    ;      ;        ;                                         ; clock path               ;
;   10.000 ;   0.000 ;    ;      ;        ;                                         ; source latency           ;
;   10.000 ;   0.000 ;    ;      ; 1      ; PIN_AC18                                ; clk                      ;
;   10.000 ;   0.000 ;    ; RE   ; 1      ; IOPAD_X54_Y0_N0                         ; ARRIAV_IO_PAD            ;
;   10.000 ;   0.000 ;    ; RE   ; 1      ; IO_PAD_OUTPUT_X54_Y0_N0_I1              ; IO_PAD_OUTPUT            ;
;   10.000 ;   0.000 ;    ; RE   ; 1      ; IO_INPUT_BUFFER_INPUT_X54_Y0_N1_I0      ; IO_INPUT_BUFFER_INPUT    ;
;   10.000 ;   0.000 ; RR ; IC   ; 1      ; IOIBUF_X54_Y0_N1                        ; clk~input|i              ;
;   10.917 ;   0.917 ; RR ; CELL ; 1      ; IOIBUF_X54_Y0_N1                        ; clk~input|o              ;
;   10.917 ;   0.000 ;    ; RE   ; 1      ; IOIBUF_X54_Y0_N1                        ; ARRIAV_IO_IBUF           ;
;   10.917 ;   0.000 ;    ; RE   ; 1      ; IO_INPUT_BUFFER_OUTPUT_X54_Y0_N1_I2     ; IO_INPUT_BUFFER_OUTPUT   ;
;   10.917 ;   0.000 ;    ; RE   ; 1      ; IO_RE_X54_Y0_N0_I96                     ; IO_RE                    ;
;   11.095 ;   0.178 ;    ; RE   ; 1      ; IO_RE_X54_Y0_N0_I66                     ; IO_RE                    ;
;   11.095 ;   0.000 ;    ; RE   ; 1      ; CLKBUF_CLUSTER_RE_X58_Y0_N0_I1614       ; CLKBUF_CLUSTER_RE        ;
;   11.095 ;   0.000 ;    ; RE   ; 1      ; CLKBUF_CLUSTER_RE_X58_Y0_N0_I488        ; CLKBUF_CLUSTER_RE        ;
;   11.095 ;   0.000 ;    ; RE   ; 1      ; GCLK_CLUSTER_RE_X58_Y0_N0_I10           ; GCLK_CLUSTER_RE          ;
;   11.095 ;   0.000 ;    ; RE   ; 1      ; CLKBUFBLOCK_INPUT_X58_Y0_N1_I0          ; CLKBUFBLOCK_INPUT        ;
;   11.095 ;   0.000 ; RR ; IC   ; 1      ; CLKCTRL_G4                              ; clk~inputCLKENA0|inclk   ;
;   11.407 ;   0.312 ; RR ; CELL ; 49420  ; CLKCTRL_G4                              ; clk~inputCLKENA0|outclk  ;
;   11.407 ;   0.000 ;    ; RE   ; 1      ; CLKCTRL_G4                              ; ARRIAV_CLKBUF            ;
;   11.407 ;   0.000 ;    ; RE   ; 1      ; CLKBUFBLOCK_OUTPUT_X58_Y0_N1_I2         ; CLKBUFBLOCK_OUTPUT       ;
;   11.407 ;   0.000 ;    ; RE   ; 1      ; GCLK_CLUSTER_RE_X58_Y0_N0_I12           ; GCLK_CLUSTER_RE          ;
;   11.407 ;   0.000 ;    ; RE   ; 1      ; CLKBUF_CLUSTER_RE_X58_Y0_N0_I415        ; CLKBUF_CLUSTER_RE        ;
;   12.366 ;   0.959 ;    ; RE   ; 16     ; GLOBAL_CLOCK_X0_Y58_N0_I4               ; GLOBAL_CLOCK             ;
;   12.544 ;   0.178 ;    ; RE   ; 29     ; SPINE_CLOCK_X45_Y0_N0_I20               ; SPINE_CLOCK              ;
;   13.002 ;   0.458 ;    ; RE   ; 1      ; SCLK_TO_ROWCLK_BUF_X45_Y1_N0_I121       ; SCLK_TO_ROWCLK_BUF       ;
;   13.091 ;   0.089 ;    ; RE   ; 2      ; SCLK_TO_ROWCLK_BUF_X45_Y1_N0_I124       ; SCLK_TO_ROWCLK_BUF       ;
;   13.548 ;   0.457 ;    ; RE   ; 12     ; TB_IO_CLK_X31_Y0_N0_I3                  ; TB_IO_CLK                ;
;   13.776 ;   0.228 ;    ; RE   ; 1      ; BLK_CLK_BUF_X46_Y0_N0_I3                ; BLK_CLK_BUF              ;
;   13.879 ;   0.103 ;    ; RE   ; 1      ; ROWCLKSEL_PREBUF_X46_Y0_N0_I3           ; ROWCLKSEL_PREBUF         ;
;   13.920 ;   0.041 ;    ; RE   ; 1      ; ROWCLKSEL_X46_Y0_N0_I1                  ; ROWCLKSEL                ;
;   13.920 ;   0.000 ;    ; RE   ; 1      ; GLOBAL_LOCAL_SEL_X46_Y0_N0_I1           ; GLOBAL_LOCAL_SEL         ;
;   14.185 ;   0.265 ;    ; RE   ; 1      ; IO_RE_X46_Y0_N34_I11                    ; IO_RE                    ;
;   14.185 ;   0.000 ;    ; RE   ; 1      ; IO_OUTPUT_ENABLE_PATH_RE_X46_Y0_N38_I6  ; IO_OUTPUT_ENABLE_PATH_RE ;
;   14.185 ;   0.000 ;    ; RE   ; 1      ; IO_OUTPUT_ENABLE_PATH_RE_X46_Y0_N38_I22 ; IO_OUTPUT_ENABLE_PATH_RE ;
;   14.185 ;   0.000 ;    ; RE   ; 1      ; IO_OUTPUT_ENABLE_PATH_RE_X46_Y0_N38_I14 ; IO_OUTPUT_ENABLE_PATH_RE ;
;   14.185 ;   0.000 ;    ; RE   ; 1      ; IO_OUTPUT_PATH_RE_X46_Y0_N42_I5         ; IO_OUTPUT_PATH_RE        ;
;   14.185 ;   0.000 ;    ; RE   ; 1      ; MP_DDIO_OUT_INPUT_X46_Y0_N44_I0         ; MP_DDIO_OUT_INPUT        ;
;   14.185 ;   0.000 ; RR ; IC   ; 1      ; DDIOOUTCELL_X46_Y0_N44                  ; host_rdata[5]~reg0|clk   ;
;   15.047 ;   0.862 ; RR ; CELL ; 1      ; DDIOOUTCELL_X46_Y0_N44                  ; host_rdata[5]~reg0       ;
;   15.295 ;   0.248 ;    ;      ;        ;                                         ; clock pessimism removed  ;
; 15.195   ; -0.100  ;    ;      ;        ;                                         ; clock uncertainty        ;
; 15.195   ; 0.000   ;    ; uTsu ; 1      ; DDIOOUTCELL_X46_Y0_N44                  ; host_rdata[5]~reg0       ;
+----------+---------+----+------+--------+-----------------------------------------+--------------------------+

----------------------------
; Extra Fitter Information ;
----------------------------
HTML report is unavailable in plain text report export.


Path #4: Recovery slack is 2.699 
===============================================================================
+-------------------------------------------------------+
; Path Summary                                          ;
+--------------------+----------------------------------+
; Property           ; Value                            ;
+--------------------+----------------------------------+
; From Node          ; rst_n                            ;
; To Node            ; reset_release:u_reset|core_rst_n ;
; Launch Clock       ; clk                              ;
; Latch Clock        ; clk                              ;
; Data Arrival Time  ; 11.418                           ;
; Data Required Time ; 14.117                           ;
; Slack              ; 2.699                            ;
+--------------------+----------------------------------+

+---------------------------------------------------------------------------------------+
; Statistics                                                                            ;
+---------------------------+--------+-------+-------------+------------+-------+-------+
; Property                  ; Value  ; Count ; Total Delay ; % of Total ; Min   ; Max   ;
+---------------------------+--------+-------+-------------+------------+-------+-------+
; Recovery Relationship     ; 10.000 ;       ;             ;            ;       ;       ;
; Clock Skew                ; 4.217  ;       ;             ;            ;       ;       ;
; Data Delay                ; 9.418  ;       ;             ;            ;       ;       ;
; Number of Logic Levels    ;        ; 1     ;             ;            ;       ;       ;
; Physical Delays           ;        ;       ;             ;            ;       ;       ;
;  Arrival Path             ;        ;       ;             ;            ;       ;       ;
;   Clock                   ;        ;       ;             ;            ;       ;       ;
;    Clock Network (Lumped) ;        ; 1     ; 0.000       ;            ; 0.000 ; 0.000 ;
;   Data                    ;        ;       ;             ;            ;       ;       ;
;    IC                     ;        ; 2     ; 0.000       ; 0          ; 0.000 ; 0.000 ;
;    Cell                   ;        ; 2     ; 4.605       ; 49         ; 0.574 ; 4.031 ;
;    Routing Element        ;        ; 27    ; 4.813       ; 51         ; 0.000 ; 1.253 ;
;  Required Path            ;        ;       ;             ;            ;       ;       ;
;   Clock                   ;        ;       ;             ;            ;       ;       ;
;    IC                     ;        ; 3     ; 0.000       ; 0          ; 0.000 ; 0.000 ;
;    Cell                   ;        ; 3     ; 1.700       ; 40         ; 0.312 ; 0.917 ;
;    Routing Element        ;        ; 25    ; 2.517       ; 60         ; 0.000 ; 0.989 ;
+---------------------------+--------+-------+-------------+------------+-------+-------+
Note: Negative delays are omitted from totals when calculating percentages

+-------------------------------------------------------------------------------------------------------------------------+
; Data Arrival Path                                                                                                       ;
+----------+---------+----+------+--------+--------------------------------------------+----------------------------------+
; Total    ; Incr    ; RF ; Type ; Fanout ; Location                                   ; Element                          ;
+----------+---------+----+------+--------+--------------------------------------------+----------------------------------+
; 0.000    ; 0.000   ;    ;      ;        ;                                            ; launch edge time                 ;
; 0.000    ; 0.000   ;    ;      ;        ;                                            ; clock path                       ;
;   0.000  ;   0.000 ; R  ;      ;        ;                                            ; clock network delay              ;
; 2.000    ; 2.000   ; F  ; iExt ; 1      ; PIN_V28                                    ; rst_n                            ;
; 11.418   ; 9.418   ;    ;      ;        ;                                            ; data path                        ;
;   2.000  ;   0.000 ;    ; RE   ; 1      ; IOPAD_X121_Y51_N43                         ; ARRIAV_IO_PAD                    ;
;   2.000  ;   0.000 ;    ; RE   ; 1      ; IO_PAD_OUTPUT_X121_Y51_N43_I1              ; IO_PAD_OUTPUT                    ;
;   2.000  ;   0.000 ;    ; RE   ; 1      ; IO_INPUT_BUFFER_INPUT_X121_Y51_N44_I0      ; IO_INPUT_BUFFER_INPUT            ;
;   2.000  ;   0.000 ; FF ; IC   ; 1      ; IOIBUF_X121_Y51_N44                        ; rst_n~input|i                    ;
;   6.031  ;   4.031 ; FF ; CELL ; 2      ; IOIBUF_X121_Y51_N44                        ; rst_n~input|o                    ;
;   6.031  ;   0.000 ;    ; RE   ; 1      ; IOIBUF_X121_Y51_N44                        ; ARRIAV_IO_IBUF                   ;
;   6.031  ;   0.000 ;    ; RE   ; 1      ; IO_INPUT_BUFFER_OUTPUT_X121_Y51_N44_I2     ; IO_INPUT_BUFFER_OUTPUT           ;
;   6.031  ;   0.000 ;    ; RE   ; 1      ; IO_RE_X121_Y51_N43_I96                     ; IO_RE                            ;
;   6.031  ;   0.000 ;    ; RE   ; 1      ; IO_INPUT_PATH_RE_X121_Y51_N56_I0           ; IO_INPUT_PATH_RE                 ;
;   6.031  ;   0.000 ;    ; RE   ; 1      ; IO_INPUT_PATH_RE_X121_Y51_N56_I65          ; IO_INPUT_PATH_RE                 ;
;   7.284  ;   1.253 ;    ; RE   ; 1      ; IO_INPUT_PATH_RE_X121_Y51_N56_I59          ; IO_INPUT_PATH_RE                 ;
;   7.284  ;   0.000 ;    ; RE   ; 1      ; IO_INPUT_PATH_RE_X121_Y51_N56_I54          ; IO_INPUT_PATH_RE                 ;
;   7.539  ;   0.255 ;    ; RE   ; 1      ; IO_RE_X121_Y51_N43_I67                     ; IO_RE                            ;
;   7.594  ;   0.055 ;    ; RE   ; 1      ; HIO_BUFFER_X121_Y51_N0_I48                 ; HIO_BUFFER                       ;
;   7.760  ;   0.166 ;    ; RE   ; 1      ; C2_X120_Y52_N0_I7                          ; V_SEG2                           ;
;   7.961  ;   0.201 ;    ; RE   ; 1      ; R3_X118_Y53_N0_I20                         ; H_SEG3                           ;
;   8.236  ;   0.275 ;    ; RE   ; 1      ; C4_X119_Y54_N0_I0                          ; V_SEG4                           ;
;   8.531  ;   0.295 ;    ; RE   ; 1      ; R3_X117_Y57_N0_I20                         ; H_SEG3                           ;
;   8.846  ;   0.315 ;    ; RE   ; 1      ; R6_X111_Y57_N0_I37                         ; H_SEG6                           ;
;   9.222  ;   0.376 ;    ; RE   ; 1      ; R6_X106_Y57_N0_I39                         ; H_SEG6                           ;
;   9.597  ;   0.375 ;    ; RE   ; 1      ; R6_X100_Y57_N0_I34                         ; H_SEG6                           ;
;   9.960  ;   0.363 ;    ; RE   ; 1      ; R6_X94_Y57_N0_I38                          ; H_SEG6                           ;
;   9.960  ;   0.000 ;    ; RE   ; 1      ; R14_C12_INTERCONNECT_DRIVER_X95_Y57_N0_I3  ; WIRE_MUX                         ;
;   10.257 ;   0.297 ;    ; RE   ; 1      ; R14_X82_Y57_N0_I1                          ; H_SEG14                          ;
;   10.515 ;   0.258 ;    ; RE   ; 1      ; R6_X82_Y57_N0_I12                          ; H_SEG6                           ;
;   10.731 ;   0.216 ;    ; RE   ; 1      ; LOCAL_INTERCONNECT_X83_Y57_N0_I6           ; LAB_LINE                         ;
;   10.844 ;   0.113 ;    ; RE   ; 1      ; BLOCK_INPUT_MUX_PASSTHROUGH_X83_Y57_N0_I83 ; LEIM                             ;
;   10.844 ;   0.000 ;    ; RE   ; 1      ; GLOBAL_LOCAL_SEL_X83_Y57_N0_I2             ; GLOBAL_LOCAL_SEL                 ;
;   10.844 ;   0.000 ;    ; RE   ; 2      ; LAB_INPUT_X83_Y57_N0_I3                    ; LAB_INPUT                        ;
;   10.844 ;   0.000 ; FF ; IC   ; 1      ; FF_X83_Y57_N29                             ; u_reset|core_rst_n|clrn          ;
;   11.418 ;   0.574 ; FF ; CELL ; 1      ; FF_X83_Y57_N29                             ; reset_release:u_reset|core_rst_n ;
+----------+---------+----+------+--------+--------------------------------------------+----------------------------------+

+------------------------------------------------------------------------------------------------------------------+
; Data Required Path                                                                                               ;
+----------+---------+----+------+--------+-------------------------------------+----------------------------------+
; Total    ; Incr    ; RF ; Type ; Fanout ; Location                            ; Element                          ;
+----------+---------+----+------+--------+-------------------------------------+----------------------------------+
; 10.000   ; 10.000  ;    ;      ;        ;                                     ; latch edge time                  ;
; 14.217   ; 4.217   ;    ;      ;        ;                                     ; clock path                       ;
;   10.000 ;   0.000 ;    ;      ;        ;                                     ; source latency                   ;
;   10.000 ;   0.000 ;    ;      ; 1      ; PIN_AC18                            ; clk                              ;
;   10.000 ;   0.000 ;    ; RE   ; 1      ; IOPAD_X54_Y0_N0                     ; ARRIAV_IO_PAD                    ;
;   10.000 ;   0.000 ;    ; RE   ; 1      ; IO_PAD_OUTPUT_X54_Y0_N0_I1          ; IO_PAD_OUTPUT                    ;
;   10.000 ;   0.000 ;    ; RE   ; 1      ; IO_INPUT_BUFFER_INPUT_X54_Y0_N1_I0  ; IO_INPUT_BUFFER_INPUT            ;
;   10.000 ;   0.000 ; RR ; IC   ; 1      ; IOIBUF_X54_Y0_N1                    ; clk~input|i                      ;
;   10.917 ;   0.917 ; RR ; CELL ; 1      ; IOIBUF_X54_Y0_N1                    ; clk~input|o                      ;
;   10.917 ;   0.000 ;    ; RE   ; 1      ; IOIBUF_X54_Y0_N1                    ; ARRIAV_IO_IBUF                   ;
;   10.917 ;   0.000 ;    ; RE   ; 1      ; IO_INPUT_BUFFER_OUTPUT_X54_Y0_N1_I2 ; IO_INPUT_BUFFER_OUTPUT           ;
;   10.917 ;   0.000 ;    ; RE   ; 1      ; IO_RE_X54_Y0_N0_I96                 ; IO_RE                            ;
;   11.095 ;   0.178 ;    ; RE   ; 1      ; IO_RE_X54_Y0_N0_I66                 ; IO_RE                            ;
;   11.095 ;   0.000 ;    ; RE   ; 1      ; CLKBUF_CLUSTER_RE_X58_Y0_N0_I1614   ; CLKBUF_CLUSTER_RE                ;
;   11.095 ;   0.000 ;    ; RE   ; 1      ; CLKBUF_CLUSTER_RE_X58_Y0_N0_I488    ; CLKBUF_CLUSTER_RE                ;
;   11.095 ;   0.000 ;    ; RE   ; 1      ; GCLK_CLUSTER_RE_X58_Y0_N0_I10       ; GCLK_CLUSTER_RE                  ;
;   11.095 ;   0.000 ;    ; RE   ; 1      ; CLKBUFBLOCK_INPUT_X58_Y0_N1_I0      ; CLKBUFBLOCK_INPUT                ;
;   11.095 ;   0.000 ; RR ; IC   ; 1      ; CLKCTRL_G4                          ; clk~inputCLKENA0|inclk           ;
;   11.407 ;   0.312 ; RR ; CELL ; 49420  ; CLKCTRL_G4                          ; clk~inputCLKENA0|outclk          ;
;   11.407 ;   0.000 ;    ; RE   ; 1      ; CLKCTRL_G4                          ; ARRIAV_CLKBUF                    ;
;   11.407 ;   0.000 ;    ; RE   ; 1      ; CLKBUFBLOCK_OUTPUT_X58_Y0_N1_I2     ; CLKBUFBLOCK_OUTPUT               ;
;   11.407 ;   0.000 ;    ; RE   ; 1      ; GCLK_CLUSTER_RE_X58_Y0_N0_I12       ; GCLK_CLUSTER_RE                  ;
;   11.407 ;   0.000 ;    ; RE   ; 1      ; CLKBUF_CLUSTER_RE_X58_Y0_N0_I415    ; CLKBUF_CLUSTER_RE                ;
;   12.396 ;   0.989 ;    ; RE   ; 16     ; GLOBAL_CLOCK_X0_Y58_N0_I4           ; GLOBAL_CLOCK                     ;
;   12.572 ;   0.176 ;    ; RE   ; 29     ; SPINE_CLOCK_X75_Y30_N0_I20          ; SPINE_CLOCK                      ;
;   13.015 ;   0.443 ;    ; RE   ; 1      ; SCLK_TO_ROWCLK_BUF_X75_Y57_N0_I121  ; SCLK_TO_ROWCLK_BUF               ;
;   13.100 ;   0.085 ;    ; RE   ; 2      ; SCLK_TO_ROWCLK_BUF_X75_Y57_N0_I124  ; SCLK_TO_ROWCLK_BUF               ;
;   13.522 ;   0.422 ;    ; RE   ; 13     ; LAB_CLK_X76_Y57_N0_I5               ; LAB_CLK                          ;
;   13.656 ;   0.134 ;    ; RE   ; 1      ; BLK_CLK_BUF_X83_Y57_N0_I5           ; BLK_CLK_BUF                      ;
;   13.710 ;   0.054 ;    ; RE   ; 1      ; ROWCLKSEL_PREBUF_X83_Y57_N0_I5      ; ROWCLKSEL_PREBUF                 ;
;   13.746 ;   0.036 ;    ; RE   ; 1      ; ROWCLKSEL_X83_Y57_N0_I1             ; ROWCLKSEL                        ;
;   13.746 ;   0.000 ;    ; RE   ; 2      ; GLOBAL_LOCAL_SEL_X83_Y57_N0_I1      ; GLOBAL_LOCAL_SEL                 ;
;   13.746 ;   0.000 ;    ; RE   ; 3      ; LAB_INPUT_X83_Y57_N0_I0             ; LAB_INPUT                        ;
;   13.746 ;   0.000 ; RR ; IC   ; 1      ; FF_X83_Y57_N29                      ; u_reset|core_rst_n|clk           ;
;   14.217 ;   0.471 ; RR ; CELL ; 1      ; FF_X83_Y57_N29                      ; reset_release:u_reset|core_rst_n ;
; 14.117   ; -0.100  ;    ;      ;        ;                                     ; clock uncertainty                ;
; 14.117   ; 0.000   ;    ; uTsu ; 1      ; FF_X83_Y57_N29                      ; reset_release:u_reset|core_rst_n ;
+----------+---------+----+------+--------+-------------------------------------+----------------------------------+

----------------------------
; Extra Fitter Information ;
----------------------------
HTML report is unavailable in plain text report export.


Path #5: Recovery slack is 2.699 
===============================================================================
+------------------------------------------------------------+
; Path Summary                                               ;
+--------------------+---------------------------------------+
; Property           ; Value                                 ;
+--------------------+---------------------------------------+
; From Node          ; rst_n                                 ;
; To Node            ; reset_release:u_reset|release_first_q ;
; Launch Clock       ; clk                                   ;
; Latch Clock        ; clk                                   ;
; Data Arrival Time  ; 11.418                                ;
; Data Required Time ; 14.117                                ;
; Slack              ; 2.699                                 ;
+--------------------+---------------------------------------+

+---------------------------------------------------------------------------------------+
; Statistics                                                                            ;
+---------------------------+--------+-------+-------------+------------+-------+-------+
; Property                  ; Value  ; Count ; Total Delay ; % of Total ; Min   ; Max   ;
+---------------------------+--------+-------+-------------+------------+-------+-------+
; Recovery Relationship     ; 10.000 ;       ;             ;            ;       ;       ;
; Clock Skew                ; 4.217  ;       ;             ;            ;       ;       ;
; Data Delay                ; 9.418  ;       ;             ;            ;       ;       ;
; Number of Logic Levels    ;        ; 1     ;             ;            ;       ;       ;
; Physical Delays           ;        ;       ;             ;            ;       ;       ;
;  Arrival Path             ;        ;       ;             ;            ;       ;       ;
;   Clock                   ;        ;       ;             ;            ;       ;       ;
;    Clock Network (Lumped) ;        ; 1     ; 0.000       ;            ; 0.000 ; 0.000 ;
;   Data                    ;        ;       ;             ;            ;       ;       ;
;    IC                     ;        ; 2     ; 0.000       ; 0          ; 0.000 ; 0.000 ;
;    Cell                   ;        ; 2     ; 4.605       ; 49         ; 0.574 ; 4.031 ;
;    Routing Element        ;        ; 27    ; 4.813       ; 51         ; 0.000 ; 1.253 ;
;  Required Path            ;        ;       ;             ;            ;       ;       ;
;   Clock                   ;        ;       ;             ;            ;       ;       ;
;    IC                     ;        ; 3     ; 0.000       ; 0          ; 0.000 ; 0.000 ;
;    Cell                   ;        ; 3     ; 1.700       ; 40         ; 0.312 ; 0.917 ;
;    Routing Element        ;        ; 25    ; 2.517       ; 60         ; 0.000 ; 0.989 ;
+---------------------------+--------+-------+-------------+------------+-------+-------+
Note: Negative delays are omitted from totals when calculating percentages

+------------------------------------------------------------------------------------------------------------------------------+
; Data Arrival Path                                                                                                            ;
+----------+---------+----+------+--------+--------------------------------------------+---------------------------------------+
; Total    ; Incr    ; RF ; Type ; Fanout ; Location                                   ; Element                               ;
+----------+---------+----+------+--------+--------------------------------------------+---------------------------------------+
; 0.000    ; 0.000   ;    ;      ;        ;                                            ; launch edge time                      ;
; 0.000    ; 0.000   ;    ;      ;        ;                                            ; clock path                            ;
;   0.000  ;   0.000 ; R  ;      ;        ;                                            ; clock network delay                   ;
; 2.000    ; 2.000   ; F  ; iExt ; 1      ; PIN_V28                                    ; rst_n                                 ;
; 11.418   ; 9.418   ;    ;      ;        ;                                            ; data path                             ;
;   2.000  ;   0.000 ;    ; RE   ; 1      ; IOPAD_X121_Y51_N43                         ; ARRIAV_IO_PAD                         ;
;   2.000  ;   0.000 ;    ; RE   ; 1      ; IO_PAD_OUTPUT_X121_Y51_N43_I1              ; IO_PAD_OUTPUT                         ;
;   2.000  ;   0.000 ;    ; RE   ; 1      ; IO_INPUT_BUFFER_INPUT_X121_Y51_N44_I0      ; IO_INPUT_BUFFER_INPUT                 ;
;   2.000  ;   0.000 ; FF ; IC   ; 1      ; IOIBUF_X121_Y51_N44                        ; rst_n~input|i                         ;
;   6.031  ;   4.031 ; FF ; CELL ; 2      ; IOIBUF_X121_Y51_N44                        ; rst_n~input|o                         ;
;   6.031  ;   0.000 ;    ; RE   ; 1      ; IOIBUF_X121_Y51_N44                        ; ARRIAV_IO_IBUF                        ;
;   6.031  ;   0.000 ;    ; RE   ; 1      ; IO_INPUT_BUFFER_OUTPUT_X121_Y51_N44_I2     ; IO_INPUT_BUFFER_OUTPUT                ;
;   6.031  ;   0.000 ;    ; RE   ; 1      ; IO_RE_X121_Y51_N43_I96                     ; IO_RE                                 ;
;   6.031  ;   0.000 ;    ; RE   ; 1      ; IO_INPUT_PATH_RE_X121_Y51_N56_I0           ; IO_INPUT_PATH_RE                      ;
;   6.031  ;   0.000 ;    ; RE   ; 1      ; IO_INPUT_PATH_RE_X121_Y51_N56_I65          ; IO_INPUT_PATH_RE                      ;
;   7.284  ;   1.253 ;    ; RE   ; 1      ; IO_INPUT_PATH_RE_X121_Y51_N56_I59          ; IO_INPUT_PATH_RE                      ;
;   7.284  ;   0.000 ;    ; RE   ; 1      ; IO_INPUT_PATH_RE_X121_Y51_N56_I54          ; IO_INPUT_PATH_RE                      ;
;   7.539  ;   0.255 ;    ; RE   ; 1      ; IO_RE_X121_Y51_N43_I67                     ; IO_RE                                 ;
;   7.594  ;   0.055 ;    ; RE   ; 1      ; HIO_BUFFER_X121_Y51_N0_I48                 ; HIO_BUFFER                            ;
;   7.760  ;   0.166 ;    ; RE   ; 1      ; C2_X120_Y52_N0_I7                          ; V_SEG2                                ;
;   7.961  ;   0.201 ;    ; RE   ; 1      ; R3_X118_Y53_N0_I20                         ; H_SEG3                                ;
;   8.236  ;   0.275 ;    ; RE   ; 1      ; C4_X119_Y54_N0_I0                          ; V_SEG4                                ;
;   8.531  ;   0.295 ;    ; RE   ; 1      ; R3_X117_Y57_N0_I20                         ; H_SEG3                                ;
;   8.846  ;   0.315 ;    ; RE   ; 1      ; R6_X111_Y57_N0_I37                         ; H_SEG6                                ;
;   9.222  ;   0.376 ;    ; RE   ; 1      ; R6_X106_Y57_N0_I39                         ; H_SEG6                                ;
;   9.597  ;   0.375 ;    ; RE   ; 1      ; R6_X100_Y57_N0_I34                         ; H_SEG6                                ;
;   9.960  ;   0.363 ;    ; RE   ; 1      ; R6_X94_Y57_N0_I38                          ; H_SEG6                                ;
;   9.960  ;   0.000 ;    ; RE   ; 1      ; R14_C12_INTERCONNECT_DRIVER_X95_Y57_N0_I3  ; WIRE_MUX                              ;
;   10.257 ;   0.297 ;    ; RE   ; 1      ; R14_X82_Y57_N0_I1                          ; H_SEG14                               ;
;   10.515 ;   0.258 ;    ; RE   ; 1      ; R6_X82_Y57_N0_I12                          ; H_SEG6                                ;
;   10.731 ;   0.216 ;    ; RE   ; 1      ; LOCAL_INTERCONNECT_X83_Y57_N0_I6           ; LAB_LINE                              ;
;   10.844 ;   0.113 ;    ; RE   ; 1      ; BLOCK_INPUT_MUX_PASSTHROUGH_X83_Y57_N0_I83 ; LEIM                                  ;
;   10.844 ;   0.000 ;    ; RE   ; 1      ; GLOBAL_LOCAL_SEL_X83_Y57_N0_I2             ; GLOBAL_LOCAL_SEL                      ;
;   10.844 ;   0.000 ;    ; RE   ; 2      ; LAB_INPUT_X83_Y57_N0_I3                    ; LAB_INPUT                             ;
;   10.844 ;   0.000 ; FF ; IC   ; 1      ; FF_X83_Y57_N11                             ; u_reset|release_first_q|clrn          ;
;   11.418 ;   0.574 ; FF ; CELL ; 1      ; FF_X83_Y57_N11                             ; reset_release:u_reset|release_first_q ;
+----------+---------+----+------+--------+--------------------------------------------+---------------------------------------+

+-----------------------------------------------------------------------------------------------------------------------+
; Data Required Path                                                                                                    ;
+----------+---------+----+------+--------+-------------------------------------+---------------------------------------+
; Total    ; Incr    ; RF ; Type ; Fanout ; Location                            ; Element                               ;
+----------+---------+----+------+--------+-------------------------------------+---------------------------------------+
; 10.000   ; 10.000  ;    ;      ;        ;                                     ; latch edge time                       ;
; 14.217   ; 4.217   ;    ;      ;        ;                                     ; clock path                            ;
;   10.000 ;   0.000 ;    ;      ;        ;                                     ; source latency                        ;
;   10.000 ;   0.000 ;    ;      ; 1      ; PIN_AC18                            ; clk                                   ;
;   10.000 ;   0.000 ;    ; RE   ; 1      ; IOPAD_X54_Y0_N0                     ; ARRIAV_IO_PAD                         ;
;   10.000 ;   0.000 ;    ; RE   ; 1      ; IO_PAD_OUTPUT_X54_Y0_N0_I1          ; IO_PAD_OUTPUT                         ;
;   10.000 ;   0.000 ;    ; RE   ; 1      ; IO_INPUT_BUFFER_INPUT_X54_Y0_N1_I0  ; IO_INPUT_BUFFER_INPUT                 ;
;   10.000 ;   0.000 ; RR ; IC   ; 1      ; IOIBUF_X54_Y0_N1                    ; clk~input|i                           ;
;   10.917 ;   0.917 ; RR ; CELL ; 1      ; IOIBUF_X54_Y0_N1                    ; clk~input|o                           ;
;   10.917 ;   0.000 ;    ; RE   ; 1      ; IOIBUF_X54_Y0_N1                    ; ARRIAV_IO_IBUF                        ;
;   10.917 ;   0.000 ;    ; RE   ; 1      ; IO_INPUT_BUFFER_OUTPUT_X54_Y0_N1_I2 ; IO_INPUT_BUFFER_OUTPUT                ;
;   10.917 ;   0.000 ;    ; RE   ; 1      ; IO_RE_X54_Y0_N0_I96                 ; IO_RE                                 ;
;   11.095 ;   0.178 ;    ; RE   ; 1      ; IO_RE_X54_Y0_N0_I66                 ; IO_RE                                 ;
;   11.095 ;   0.000 ;    ; RE   ; 1      ; CLKBUF_CLUSTER_RE_X58_Y0_N0_I1614   ; CLKBUF_CLUSTER_RE                     ;
;   11.095 ;   0.000 ;    ; RE   ; 1      ; CLKBUF_CLUSTER_RE_X58_Y0_N0_I488    ; CLKBUF_CLUSTER_RE                     ;
;   11.095 ;   0.000 ;    ; RE   ; 1      ; GCLK_CLUSTER_RE_X58_Y0_N0_I10       ; GCLK_CLUSTER_RE                       ;
;   11.095 ;   0.000 ;    ; RE   ; 1      ; CLKBUFBLOCK_INPUT_X58_Y0_N1_I0      ; CLKBUFBLOCK_INPUT                     ;
;   11.095 ;   0.000 ; RR ; IC   ; 1      ; CLKCTRL_G4                          ; clk~inputCLKENA0|inclk                ;
;   11.407 ;   0.312 ; RR ; CELL ; 49420  ; CLKCTRL_G4                          ; clk~inputCLKENA0|outclk               ;
;   11.407 ;   0.000 ;    ; RE   ; 1      ; CLKCTRL_G4                          ; ARRIAV_CLKBUF                         ;
;   11.407 ;   0.000 ;    ; RE   ; 1      ; CLKBUFBLOCK_OUTPUT_X58_Y0_N1_I2     ; CLKBUFBLOCK_OUTPUT                    ;
;   11.407 ;   0.000 ;    ; RE   ; 1      ; GCLK_CLUSTER_RE_X58_Y0_N0_I12       ; GCLK_CLUSTER_RE                       ;
;   11.407 ;   0.000 ;    ; RE   ; 1      ; CLKBUF_CLUSTER_RE_X58_Y0_N0_I415    ; CLKBUF_CLUSTER_RE                     ;
;   12.396 ;   0.989 ;    ; RE   ; 16     ; GLOBAL_CLOCK_X0_Y58_N0_I4           ; GLOBAL_CLOCK                          ;
;   12.572 ;   0.176 ;    ; RE   ; 29     ; SPINE_CLOCK_X75_Y30_N0_I20          ; SPINE_CLOCK                           ;
;   13.015 ;   0.443 ;    ; RE   ; 1      ; SCLK_TO_ROWCLK_BUF_X75_Y57_N0_I121  ; SCLK_TO_ROWCLK_BUF                    ;
;   13.100 ;   0.085 ;    ; RE   ; 2      ; SCLK_TO_ROWCLK_BUF_X75_Y57_N0_I124  ; SCLK_TO_ROWCLK_BUF                    ;
;   13.522 ;   0.422 ;    ; RE   ; 13     ; LAB_CLK_X76_Y57_N0_I5               ; LAB_CLK                               ;
;   13.656 ;   0.134 ;    ; RE   ; 1      ; BLK_CLK_BUF_X83_Y57_N0_I5           ; BLK_CLK_BUF                           ;
;   13.710 ;   0.054 ;    ; RE   ; 1      ; ROWCLKSEL_PREBUF_X83_Y57_N0_I5      ; ROWCLKSEL_PREBUF                      ;
;   13.746 ;   0.036 ;    ; RE   ; 1      ; ROWCLKSEL_X83_Y57_N0_I1             ; ROWCLKSEL                             ;
;   13.746 ;   0.000 ;    ; RE   ; 2      ; GLOBAL_LOCAL_SEL_X83_Y57_N0_I1      ; GLOBAL_LOCAL_SEL                      ;
;   13.746 ;   0.000 ;    ; RE   ; 3      ; LAB_INPUT_X83_Y57_N0_I0             ; LAB_INPUT                             ;
;   13.746 ;   0.000 ; RR ; IC   ; 1      ; FF_X83_Y57_N11                      ; u_reset|release_first_q|clk           ;
;   14.217 ;   0.471 ; RR ; CELL ; 1      ; FF_X83_Y57_N11                      ; reset_release:u_reset|release_first_q ;
; 14.117   ; -0.100  ;    ;      ;        ;                                     ; clock uncertainty                     ;
; 14.117   ; 0.000   ;    ; uTsu ; 1      ; FF_X83_Y57_N11                      ; reset_release:u_reset|release_first_q ;
+----------+---------+----+------+--------+-------------------------------------+---------------------------------------+

----------------------------
; Extra Fitter Information ;
----------------------------
HTML report is unavailable in plain text report export.


Path #6: Recovery slack is 2.712 
===============================================================================
+-------------------------------------------------------+
; Path Summary                                          ;
+--------------------+----------------------------------+
; Property           ; Value                            ;
+--------------------+----------------------------------+
; From Node          ; reset_release:u_reset|core_rst_n ;
; To Node            ; host_rdata[12]~reg0              ;
; Launch Clock       ; clk                              ;
; Latch Clock        ; clk                              ;
; Data Arrival Time  ; 12.479                           ;
; Data Required Time ; 15.191                           ;
; Slack              ; 2.712                            ;
+--------------------+----------------------------------+

+-------------------------------------------------------------------------------------+
; Statistics                                                                          ;
+------------------------+--------+-------+-------------+------------+--------+-------+
; Property               ; Value  ; Count ; Total Delay ; % of Total ; Min    ; Max   ;
+------------------------+--------+-------+-------------+------------+--------+-------+
; Recovery Relationship  ; 10.000 ;       ;             ;            ;        ;       ;
; Clock Skew             ; 0.667  ;       ;             ;            ;        ;       ;
; Data Delay             ; 7.855  ;       ;             ;            ;        ;       ;
; Number of Logic Levels ;        ; 0     ;             ;            ;        ;       ;
; Physical Delays        ;        ;       ;             ;            ;        ;       ;
;  Arrival Path          ;        ;       ;             ;            ;        ;       ;
;   Clock                ;        ;       ;             ;            ;        ;       ;
;    IC                  ;        ; 3     ; -0.001      ; 0          ; -0.001 ; 0.000 ;
;    Cell                ;        ; 3     ; 1.780       ; 38         ; 0.335  ; 0.917 ;
;    Routing Element     ;        ; 25    ; 2.845       ; 62         ; 0.000  ; 1.032 ;
;   Data                 ;        ;       ;             ;            ;        ;       ;
;    IC                  ;        ; 1     ; 0.000       ; 0          ; 0.000  ; 0.000 ;
;    Cell                ;        ; 2     ; 0.754       ; 10         ; 0.000  ; 0.754 ;
;    uTco                ;        ; 1     ; 0.000       ; 0          ; 0.000  ; 0.000 ;
;    Routing Element     ;        ; 28    ; 7.101       ; 90         ; 0.000  ; 1.671 ;
;  Required Path         ;        ;       ;             ;            ;        ;       ;
;   Clock                ;        ;       ;             ;            ;        ;       ;
;    IC                  ;        ; 3     ; -0.001      ; 0          ; -0.001 ; 0.000 ;
;    Cell                ;        ; 3     ; 2.091       ; 41         ; 0.312  ; 0.917 ;
;    Routing Element     ;        ; 30    ; 2.953       ; 59         ; 0.000  ; 0.959 ;
+------------------------+--------+-------+-------------+------------+--------+-------+
Note: Negative delays are omitted from totals when calculating percentages

+-------------------------------------------------------------------------------------------------------------------------+
; Data Arrival Path                                                                                                       ;
+----------+----------+----+------+--------+-------------------------------------------+----------------------------------+
; Total    ; Incr     ; RF ; Type ; Fanout ; Location                                  ; Element                          ;
+----------+----------+----+------+--------+-------------------------------------------+----------------------------------+
; 0.000    ; 0.000    ;    ;      ;        ;                                           ; launch edge time                 ;
; 4.624    ; 4.624    ;    ;      ;        ;                                           ; clock path                       ;
;   0.000  ;   0.000  ;    ;      ;        ;                                           ; source latency                   ;
;   0.000  ;   0.000  ;    ;      ; 1      ; PIN_AC18                                  ; clk                              ;
;   0.000  ;   0.000  ;    ; RE   ; 1      ; IOPAD_X54_Y0_N0                           ; ARRIAV_IO_PAD                    ;
;   0.000  ;   0.000  ;    ; RE   ; 1      ; IO_PAD_OUTPUT_X54_Y0_N0_I1                ; IO_PAD_OUTPUT                    ;
;   0.000  ;   0.000  ;    ; RE   ; 1      ; IO_INPUT_BUFFER_INPUT_X54_Y0_N1_I0        ; IO_INPUT_BUFFER_INPUT            ;
;   0.000  ;   0.000  ; RR ; IC   ; 1      ; IOIBUF_X54_Y0_N1                          ; clk~input|i                      ;
;   0.917  ;   0.917  ; RR ; CELL ; 1      ; IOIBUF_X54_Y0_N1                          ; clk~input|o                      ;
;   0.917  ;   0.000  ;    ; RE   ; 1      ; IOIBUF_X54_Y0_N1                          ; ARRIAV_IO_IBUF                   ;
;   0.917  ;   0.000  ;    ; RE   ; 1      ; IO_INPUT_BUFFER_OUTPUT_X54_Y0_N1_I2       ; IO_INPUT_BUFFER_OUTPUT           ;
;   0.917  ;   0.000  ;    ; RE   ; 1      ; IO_RE_X54_Y0_N0_I96                       ; IO_RE                            ;
;   1.133  ;   0.216  ;    ; RE   ; 1      ; IO_RE_X54_Y0_N0_I66                       ; IO_RE                            ;
;   1.320  ;   0.187  ;    ; RE   ; 1      ; CLKBUF_CLUSTER_RE_X58_Y0_N0_I1614         ; CLKBUF_CLUSTER_RE                ;
;   1.320  ;   0.000  ;    ; RE   ; 1      ; CLKBUF_CLUSTER_RE_X58_Y0_N0_I488          ; CLKBUF_CLUSTER_RE                ;
;   1.320  ;   0.000  ;    ; RE   ; 1      ; GCLK_CLUSTER_RE_X58_Y0_N0_I10             ; GCLK_CLUSTER_RE                  ;
;   1.320  ;   0.000  ;    ; RE   ; 1      ; CLKBUFBLOCK_INPUT_X58_Y0_N1_I0            ; CLKBUFBLOCK_INPUT                ;
;   1.320  ;   0.000  ; RR ; IC   ; 1      ; CLKCTRL_G4                                ; clk~inputCLKENA0|inclk           ;
;   1.655  ;   0.335  ; RR ; CELL ; 49420  ; CLKCTRL_G4                                ; clk~inputCLKENA0|outclk          ;
;   1.655  ;   0.000  ;    ; RE   ; 1      ; CLKCTRL_G4                                ; ARRIAV_CLKBUF                    ;
;   1.655  ;   0.000  ;    ; RE   ; 1      ; CLKBUFBLOCK_OUTPUT_X58_Y0_N1_I2           ; CLKBUFBLOCK_OUTPUT               ;
;   1.655  ;   0.000  ;    ; RE   ; 1      ; GCLK_CLUSTER_RE_X58_Y0_N0_I12             ; GCLK_CLUSTER_RE                  ;
;   1.655  ;   0.000  ;    ; RE   ; 1      ; CLKBUF_CLUSTER_RE_X58_Y0_N0_I415          ; CLKBUF_CLUSTER_RE                ;
;   2.687  ;   1.032  ;    ; RE   ; 16     ; GLOBAL_CLOCK_X0_Y58_N0_I4                 ; GLOBAL_CLOCK                     ;
;   2.869  ;   0.182  ;    ; RE   ; 29     ; SPINE_CLOCK_X75_Y30_N0_I20                ; SPINE_CLOCK                      ;
;   3.329  ;   0.460  ;    ; RE   ; 1      ; SCLK_TO_ROWCLK_BUF_X75_Y57_N0_I121        ; SCLK_TO_ROWCLK_BUF               ;
;   3.418  ;   0.089  ;    ; RE   ; 2      ; SCLK_TO_ROWCLK_BUF_X75_Y57_N0_I124        ; SCLK_TO_ROWCLK_BUF               ;
;   3.856  ;   0.438  ;    ; RE   ; 13     ; LAB_CLK_X76_Y57_N0_I5                     ; LAB_CLK                          ;
;   4.002  ;   0.146  ;    ; RE   ; 1      ; BLK_CLK_BUF_X83_Y57_N0_I5                 ; BLK_CLK_BUF                      ;
;   4.058  ;   0.056  ;    ; RE   ; 1      ; ROWCLKSEL_PREBUF_X83_Y57_N0_I5            ; ROWCLKSEL_PREBUF                 ;
;   4.097  ;   0.039  ;    ; RE   ; 1      ; ROWCLKSEL_X83_Y57_N0_I1                   ; ROWCLKSEL                        ;
;   4.097  ;   0.000  ;    ; RE   ; 2      ; GLOBAL_LOCAL_SEL_X83_Y57_N0_I1            ; GLOBAL_LOCAL_SEL                 ;
;   4.097  ;   0.000  ;    ; RE   ; 3      ; LAB_INPUT_X83_Y57_N0_I0                   ; LAB_INPUT                        ;
;   4.096  ;   -0.001 ; RR ; IC   ; 1      ; FF_X83_Y57_N29                            ; u_reset|core_rst_n|clk           ;
;   4.624  ;   0.528  ; RR ; CELL ; 1      ; FF_X83_Y57_N29                            ; reset_release:u_reset|core_rst_n ;
; 12.479   ; 7.855    ;    ;      ;        ;                                           ; data path                        ;
;   4.624  ;   0.000  ;    ; uTco ; 1      ; FF_X83_Y57_N29                            ; reset_release:u_reset|core_rst_n ;
;   4.624  ;   0.000  ; FF ; CELL ; 3143   ; FF_X83_Y57_N29                            ; u_reset|core_rst_n|q             ;
;   4.685  ;   0.061  ;    ; RE   ; 1      ; FF_X83_Y57_N29                            ; ARRIAV_FF                        ;
;   4.765  ;   0.080  ;    ; RE   ; 4      ; LE_BUFFER_X83_Y57_N0_I19                  ; LE_BUFFER                        ;
;   5.065  ;   0.300  ;    ; RE   ; 8      ; C4_X82_Y53_N0_I7                          ; V_SEG4                           ;
;   5.438  ;   0.373  ;    ; RE   ; 4      ; C4_X82_Y49_N0_I7                          ; V_SEG4                           ;
;   5.732  ;   0.294  ;    ; RE   ; 3      ; C2_X82_Y48_N0_I19                         ; V_SEG2                           ;
;   5.987  ;   0.255  ;    ; RE   ; 1      ; R3_X80_Y48_N0_I17                         ; H_SEG3                           ;
;   6.204  ;   0.217  ;    ; RE   ; 1      ; R3_X77_Y48_N0_I22                         ; H_SEG3                           ;
;   6.505  ;   0.301  ;    ; RE   ; 4      ; C4_X77_Y44_N0_I9                          ; V_SEG4                           ;
;   6.912  ;   0.407  ;    ; RE   ; 6      ; C4_X77_Y40_N0_I9                          ; V_SEG4                           ;
;   7.207  ;   0.295  ;    ; RE   ; 2      ; R3_X75_Y40_N0_I23                         ; H_SEG3                           ;
;   7.207  ;   0.000  ;    ; RE   ; 1      ; R14_C12_INTERCONNECT_DRIVER_X77_Y40_N0_I2 ; WIRE_MUX                         ;
;   7.457  ;   0.250  ;    ; RE   ; 3      ; R14_X64_Y40_N0_I1                         ; H_SEG14                          ;
;   7.457  ;   0.000  ;    ; RE   ; 1      ; R14_C12_INTERCONNECT_DRIVER_X63_Y40_N0_I1 ; WIRE_MUX                         ;
;   7.819  ;   0.362  ;    ; RE   ; 4      ; C12_X63_Y28_N0_I1                         ; V_SEG12                          ;
;   7.819  ;   0.000  ;    ; RE   ; 1      ; R14_C12_INTERCONNECT_DRIVER_X63_Y28_N0_I0 ; WIRE_MUX                         ;
;   8.236  ;   0.417  ;    ; RE   ; 2      ; C12_X63_Y16_N0_I1                         ; V_SEG12                          ;
;   8.236  ;   0.000  ;    ; RE   ; 2      ; R14_C12_INTERCONNECT_DRIVER_X63_Y16_N0_I0 ; WIRE_MUX                         ;
;   8.635  ;   0.399  ;    ; RE   ; 1      ; C12_X63_Y4_N0_I1                          ; V_SEG12                          ;
;   8.635  ;   0.000  ;    ; RE   ; 1      ; R14_C12_INTERCONNECT_DRIVER_X63_Y4_N0_I0  ; WIRE_MUX                         ;
;   9.001  ;   0.366  ;    ; RE   ; 3      ; R14_X50_Y4_N0_I1                          ; H_SEG14                          ;
;   9.353  ;   0.352  ;    ; RE   ; 1      ; C4_X52_Y0_N0_I19                          ; V_SEG4                           ;
;   9.621  ;   0.268  ;    ; RE   ; 1      ; LOCAL_INTERCONNECT_X52_Y0_N0_I59          ; LAB_LINE                         ;
;   9.679  ;   0.058  ;    ; RE   ; 1      ; BLOCK_INPUT_MUX_PASSTHROUGH_X52_Y0_N0_I21 ; LEIM                             ;
;   9.956  ;   0.277  ;    ; RE   ; 1      ; HMCPHY_RE_X41_Y0_N0_I1448                 ; HMCPHY_RE                        ;
;   11.627 ;   1.671  ;    ; RE   ; 1      ; HMCPHY_RE_X41_Y0_N0_I2047                 ; HMCPHY_RE                        ;
;   11.725 ;   0.098  ;    ; RE   ; 1      ; IO_RE_X52_Y0_N34_I5                       ; IO_RE                            ;
;   11.725 ;   0.000  ;    ; RE   ; 1      ; IO_OUTPUT_PATH_RE_X52_Y0_N42_I9           ; IO_OUTPUT_PATH_RE                ;
;   11.725 ;   0.000  ;    ; RE   ; 1      ; MP_DDIO_OUT_INPUT_X52_Y0_N44_I3           ; MP_DDIO_OUT_INPUT                ;
;   11.725 ;   0.000  ; FF ; IC   ; 1      ; DDIOOUTCELL_X52_Y0_N44                    ; host_rdata[12]~reg0|clrn         ;
;   12.479 ;   0.754  ; FF ; CELL ; 1      ; DDIOOUTCELL_X52_Y0_N44                    ; host_rdata[12]~reg0              ;
+----------+----------+----+------+--------+-------------------------------------------+----------------------------------+

+---------------------------------------------------------------------------------------------------------------+
; Data Required Path                                                                                            ;
+----------+----------+----+------+--------+-----------------------------------------+--------------------------+
; Total    ; Incr     ; RF ; Type ; Fanout ; Location                                ; Element                  ;
+----------+----------+----+------+--------+-----------------------------------------+--------------------------+
; 10.000   ; 10.000   ;    ;      ;        ;                                         ; latch edge time          ;
; 15.291   ; 5.291    ;    ;      ;        ;                                         ; clock path               ;
;   10.000 ;   0.000  ;    ;      ;        ;                                         ; source latency           ;
;   10.000 ;   0.000  ;    ;      ; 1      ; PIN_AC18                                ; clk                      ;
;   10.000 ;   0.000  ;    ; RE   ; 1      ; IOPAD_X54_Y0_N0                         ; ARRIAV_IO_PAD            ;
;   10.000 ;   0.000  ;    ; RE   ; 1      ; IO_PAD_OUTPUT_X54_Y0_N0_I1              ; IO_PAD_OUTPUT            ;
;   10.000 ;   0.000  ;    ; RE   ; 1      ; IO_INPUT_BUFFER_INPUT_X54_Y0_N1_I0      ; IO_INPUT_BUFFER_INPUT    ;
;   10.000 ;   0.000  ; RR ; IC   ; 1      ; IOIBUF_X54_Y0_N1                        ; clk~input|i              ;
;   10.917 ;   0.917  ; RR ; CELL ; 1      ; IOIBUF_X54_Y0_N1                        ; clk~input|o              ;
;   10.917 ;   0.000  ;    ; RE   ; 1      ; IOIBUF_X54_Y0_N1                        ; ARRIAV_IO_IBUF           ;
;   10.917 ;   0.000  ;    ; RE   ; 1      ; IO_INPUT_BUFFER_OUTPUT_X54_Y0_N1_I2     ; IO_INPUT_BUFFER_OUTPUT   ;
;   10.917 ;   0.000  ;    ; RE   ; 1      ; IO_RE_X54_Y0_N0_I96                     ; IO_RE                    ;
;   11.095 ;   0.178  ;    ; RE   ; 1      ; IO_RE_X54_Y0_N0_I66                     ; IO_RE                    ;
;   11.095 ;   0.000  ;    ; RE   ; 1      ; CLKBUF_CLUSTER_RE_X58_Y0_N0_I1614       ; CLKBUF_CLUSTER_RE        ;
;   11.095 ;   0.000  ;    ; RE   ; 1      ; CLKBUF_CLUSTER_RE_X58_Y0_N0_I488        ; CLKBUF_CLUSTER_RE        ;
;   11.095 ;   0.000  ;    ; RE   ; 1      ; GCLK_CLUSTER_RE_X58_Y0_N0_I10           ; GCLK_CLUSTER_RE          ;
;   11.095 ;   0.000  ;    ; RE   ; 1      ; CLKBUFBLOCK_INPUT_X58_Y0_N1_I0          ; CLKBUFBLOCK_INPUT        ;
;   11.095 ;   0.000  ; RR ; IC   ; 1      ; CLKCTRL_G4                              ; clk~inputCLKENA0|inclk   ;
;   11.407 ;   0.312  ; RR ; CELL ; 49420  ; CLKCTRL_G4                              ; clk~inputCLKENA0|outclk  ;
;   11.407 ;   0.000  ;    ; RE   ; 1      ; CLKCTRL_G4                              ; ARRIAV_CLKBUF            ;
;   11.407 ;   0.000  ;    ; RE   ; 1      ; CLKBUFBLOCK_OUTPUT_X58_Y0_N1_I2         ; CLKBUFBLOCK_OUTPUT       ;
;   11.407 ;   0.000  ;    ; RE   ; 1      ; GCLK_CLUSTER_RE_X58_Y0_N0_I12           ; GCLK_CLUSTER_RE          ;
;   11.407 ;   0.000  ;    ; RE   ; 1      ; CLKBUF_CLUSTER_RE_X58_Y0_N0_I415        ; CLKBUF_CLUSTER_RE        ;
;   12.366 ;   0.959  ;    ; RE   ; 16     ; GLOBAL_CLOCK_X0_Y58_N0_I4               ; GLOBAL_CLOCK             ;
;   12.544 ;   0.178  ;    ; RE   ; 29     ; SPINE_CLOCK_X45_Y0_N0_I20               ; SPINE_CLOCK              ;
;   13.002 ;   0.458  ;    ; RE   ; 1      ; SCLK_TO_ROWCLK_BUF_X45_Y1_N0_I121       ; SCLK_TO_ROWCLK_BUF       ;
;   13.091 ;   0.089  ;    ; RE   ; 2      ; SCLK_TO_ROWCLK_BUF_X45_Y1_N0_I124       ; SCLK_TO_ROWCLK_BUF       ;
;   13.558 ;   0.467  ;    ; RE   ; 12     ; TB_IO_CLK_X31_Y0_N0_I3                  ; TB_IO_CLK                ;
;   13.788 ;   0.230  ;    ; RE   ; 1      ; BLK_CLK_BUF_X52_Y0_N0_I3                ; BLK_CLK_BUF              ;
;   13.895 ;   0.107  ;    ; RE   ; 1      ; ROWCLKSEL_PREBUF_X52_Y0_N0_I3           ; ROWCLKSEL_PREBUF         ;
;   13.936 ;   0.041  ;    ; RE   ; 1      ; ROWCLKSEL_X52_Y0_N0_I1                  ; ROWCLKSEL                ;
;   13.936 ;   0.000  ;    ; RE   ; 1      ; GLOBAL_LOCAL_SEL_X52_Y0_N0_I1           ; GLOBAL_LOCAL_SEL         ;
;   14.182 ;   0.246  ;    ; RE   ; 1      ; IO_RE_X52_Y0_N34_I11                    ; IO_RE                    ;
;   14.182 ;   0.000  ;    ; RE   ; 1      ; IO_OUTPUT_ENABLE_PATH_RE_X52_Y0_N38_I6  ; IO_OUTPUT_ENABLE_PATH_RE ;
;   14.182 ;   0.000  ;    ; RE   ; 1      ; IO_OUTPUT_ENABLE_PATH_RE_X52_Y0_N38_I22 ; IO_OUTPUT_ENABLE_PATH_RE ;
;   14.182 ;   0.000  ;    ; RE   ; 1      ; IO_OUTPUT_ENABLE_PATH_RE_X52_Y0_N38_I14 ; IO_OUTPUT_ENABLE_PATH_RE ;
;   14.182 ;   0.000  ;    ; RE   ; 1      ; IO_OUTPUT_PATH_RE_X52_Y0_N42_I5         ; IO_OUTPUT_PATH_RE        ;
;   14.182 ;   0.000  ;    ; RE   ; 1      ; MP_DDIO_OUT_INPUT_X52_Y0_N44_I0         ; MP_DDIO_OUT_INPUT        ;
;   14.181 ;   -0.001 ; RR ; IC   ; 1      ; DDIOOUTCELL_X52_Y0_N44                  ; host_rdata[12]~reg0|clk  ;
;   15.043 ;   0.862  ; RR ; CELL ; 1      ; DDIOOUTCELL_X52_Y0_N44                  ; host_rdata[12]~reg0      ;
;   15.291 ;   0.248  ;    ;      ;        ;                                         ; clock pessimism removed  ;
; 15.191   ; -0.100   ;    ;      ;        ;                                         ; clock uncertainty        ;
; 15.191   ; 0.000    ;    ; uTsu ; 1      ; DDIOOUTCELL_X52_Y0_N44                  ; host_rdata[12]~reg0      ;
+----------+----------+----+------+--------+-----------------------------------------+--------------------------+

----------------------------
; Extra Fitter Information ;
----------------------------
HTML report is unavailable in plain text report export.


Path #7: Recovery slack is 2.741 
===============================================================================
+-------------------------------------------------------+
; Path Summary                                          ;
+--------------------+----------------------------------+
; Property           ; Value                            ;
+--------------------+----------------------------------+
; From Node          ; reset_release:u_reset|core_rst_n ;
; To Node            ; host_rdata[13]~reg0              ;
; Launch Clock       ; clk                              ;
; Latch Clock        ; clk                              ;
; Data Arrival Time  ; 12.483                           ;
; Data Required Time ; 15.224                           ;
; Slack              ; 2.741                            ;
+--------------------+----------------------------------+

+--------------------------------------------------------------------------------------+
; Statistics                                                                           ;
+------------------------+--------+-------+-------------+------------+--------+--------+
; Property               ; Value  ; Count ; Total Delay ; % of Total ; Min    ; Max    ;
+------------------------+--------+-------+-------------+------------+--------+--------+
; Recovery Relationship  ; 10.000 ;       ;             ;            ;        ;        ;
; Clock Skew             ; 0.700  ;       ;             ;            ;        ;        ;
; Data Delay             ; 7.859  ;       ;             ;            ;        ;        ;
; Number of Logic Levels ;        ; 0     ;             ;            ;        ;        ;
; Physical Delays        ;        ;       ;             ;            ;        ;        ;
;  Arrival Path          ;        ;       ;             ;            ;        ;        ;
;   Clock                ;        ;       ;             ;            ;        ;        ;
;    IC                  ;        ; 3     ; -0.001      ; 0          ; -0.001 ; 0.000  ;
;    Cell                ;        ; 3     ; 1.780       ; 38         ; 0.335  ; 0.917  ;
;    Routing Element     ;        ; 25    ; 2.845       ; 62         ; 0.000  ; 1.032  ;
;   Data                 ;        ;       ;             ;            ;        ;        ;
;    IC                  ;        ; 1     ; -0.003      ; 0          ; -0.003 ; -0.003 ;
;    Cell                ;        ; 2     ; 0.754       ; 10         ; 0.000  ; 0.754  ;
;    uTco                ;        ; 1     ; 0.000       ; 0          ; 0.000  ; 0.000  ;
;    Routing Element     ;        ; 34    ; 7.108       ; 90         ; 0.000  ; 1.671  ;
;  Required Path         ;        ;       ;             ;            ;        ;        ;
;   Clock                ;        ;       ;             ;            ;        ;        ;
;    IC                  ;        ; 3     ; 0.000       ; 0          ; 0.000  ; 0.000  ;
;    Cell                ;        ; 3     ; 2.091       ; 41         ; 0.312  ; 0.917  ;
;    Routing Element     ;        ; 30    ; 2.985       ; 59         ; 0.000  ; 0.959  ;
+------------------------+--------+-------+-------------+------------+--------+--------+
Note: Negative delays are omitted from totals when calculating percentages

+-------------------------------------------------------------------------------------------------------------------------+
; Data Arrival Path                                                                                                       ;
+----------+----------+----+------+--------+-------------------------------------------+----------------------------------+
; Total    ; Incr     ; RF ; Type ; Fanout ; Location                                  ; Element                          ;
+----------+----------+----+------+--------+-------------------------------------------+----------------------------------+
; 0.000    ; 0.000    ;    ;      ;        ;                                           ; launch edge time                 ;
; 4.624    ; 4.624    ;    ;      ;        ;                                           ; clock path                       ;
;   0.000  ;   0.000  ;    ;      ;        ;                                           ; source latency                   ;
;   0.000  ;   0.000  ;    ;      ; 1      ; PIN_AC18                                  ; clk                              ;
;   0.000  ;   0.000  ;    ; RE   ; 1      ; IOPAD_X54_Y0_N0                           ; ARRIAV_IO_PAD                    ;
;   0.000  ;   0.000  ;    ; RE   ; 1      ; IO_PAD_OUTPUT_X54_Y0_N0_I1                ; IO_PAD_OUTPUT                    ;
;   0.000  ;   0.000  ;    ; RE   ; 1      ; IO_INPUT_BUFFER_INPUT_X54_Y0_N1_I0        ; IO_INPUT_BUFFER_INPUT            ;
;   0.000  ;   0.000  ; RR ; IC   ; 1      ; IOIBUF_X54_Y0_N1                          ; clk~input|i                      ;
;   0.917  ;   0.917  ; RR ; CELL ; 1      ; IOIBUF_X54_Y0_N1                          ; clk~input|o                      ;
;   0.917  ;   0.000  ;    ; RE   ; 1      ; IOIBUF_X54_Y0_N1                          ; ARRIAV_IO_IBUF                   ;
;   0.917  ;   0.000  ;    ; RE   ; 1      ; IO_INPUT_BUFFER_OUTPUT_X54_Y0_N1_I2       ; IO_INPUT_BUFFER_OUTPUT           ;
;   0.917  ;   0.000  ;    ; RE   ; 1      ; IO_RE_X54_Y0_N0_I96                       ; IO_RE                            ;
;   1.133  ;   0.216  ;    ; RE   ; 1      ; IO_RE_X54_Y0_N0_I66                       ; IO_RE                            ;
;   1.320  ;   0.187  ;    ; RE   ; 1      ; CLKBUF_CLUSTER_RE_X58_Y0_N0_I1614         ; CLKBUF_CLUSTER_RE                ;
;   1.320  ;   0.000  ;    ; RE   ; 1      ; CLKBUF_CLUSTER_RE_X58_Y0_N0_I488          ; CLKBUF_CLUSTER_RE                ;
;   1.320  ;   0.000  ;    ; RE   ; 1      ; GCLK_CLUSTER_RE_X58_Y0_N0_I10             ; GCLK_CLUSTER_RE                  ;
;   1.320  ;   0.000  ;    ; RE   ; 1      ; CLKBUFBLOCK_INPUT_X58_Y0_N1_I0            ; CLKBUFBLOCK_INPUT                ;
;   1.320  ;   0.000  ; RR ; IC   ; 1      ; CLKCTRL_G4                                ; clk~inputCLKENA0|inclk           ;
;   1.655  ;   0.335  ; RR ; CELL ; 49420  ; CLKCTRL_G4                                ; clk~inputCLKENA0|outclk          ;
;   1.655  ;   0.000  ;    ; RE   ; 1      ; CLKCTRL_G4                                ; ARRIAV_CLKBUF                    ;
;   1.655  ;   0.000  ;    ; RE   ; 1      ; CLKBUFBLOCK_OUTPUT_X58_Y0_N1_I2           ; CLKBUFBLOCK_OUTPUT               ;
;   1.655  ;   0.000  ;    ; RE   ; 1      ; GCLK_CLUSTER_RE_X58_Y0_N0_I12             ; GCLK_CLUSTER_RE                  ;
;   1.655  ;   0.000  ;    ; RE   ; 1      ; CLKBUF_CLUSTER_RE_X58_Y0_N0_I415          ; CLKBUF_CLUSTER_RE                ;
;   2.687  ;   1.032  ;    ; RE   ; 16     ; GLOBAL_CLOCK_X0_Y58_N0_I4                 ; GLOBAL_CLOCK                     ;
;   2.869  ;   0.182  ;    ; RE   ; 29     ; SPINE_CLOCK_X75_Y30_N0_I20                ; SPINE_CLOCK                      ;
;   3.329  ;   0.460  ;    ; RE   ; 1      ; SCLK_TO_ROWCLK_BUF_X75_Y57_N0_I121        ; SCLK_TO_ROWCLK_BUF               ;
;   3.418  ;   0.089  ;    ; RE   ; 2      ; SCLK_TO_ROWCLK_BUF_X75_Y57_N0_I124        ; SCLK_TO_ROWCLK_BUF               ;
;   3.856  ;   0.438  ;    ; RE   ; 13     ; LAB_CLK_X76_Y57_N0_I5                     ; LAB_CLK                          ;
;   4.002  ;   0.146  ;    ; RE   ; 1      ; BLK_CLK_BUF_X83_Y57_N0_I5                 ; BLK_CLK_BUF                      ;
;   4.058  ;   0.056  ;    ; RE   ; 1      ; ROWCLKSEL_PREBUF_X83_Y57_N0_I5            ; ROWCLKSEL_PREBUF                 ;
;   4.097  ;   0.039  ;    ; RE   ; 1      ; ROWCLKSEL_X83_Y57_N0_I1                   ; ROWCLKSEL                        ;
;   4.097  ;   0.000  ;    ; RE   ; 2      ; GLOBAL_LOCAL_SEL_X83_Y57_N0_I1            ; GLOBAL_LOCAL_SEL                 ;
;   4.097  ;   0.000  ;    ; RE   ; 3      ; LAB_INPUT_X83_Y57_N0_I0                   ; LAB_INPUT                        ;
;   4.096  ;   -0.001 ; RR ; IC   ; 1      ; FF_X83_Y57_N29                            ; u_reset|core_rst_n|clk           ;
;   4.624  ;   0.528  ; RR ; CELL ; 1      ; FF_X83_Y57_N29                            ; reset_release:u_reset|core_rst_n ;
; 12.483   ; 7.859    ;    ;      ;        ;                                           ; data path                        ;
;   4.624  ;   0.000  ;    ; uTco ; 1      ; FF_X83_Y57_N29                            ; reset_release:u_reset|core_rst_n ;
;   4.624  ;   0.000  ; FF ; CELL ; 3143   ; FF_X83_Y57_N29                            ; u_reset|core_rst_n|q             ;
;   4.685  ;   0.061  ;    ; RE   ; 1      ; FF_X83_Y57_N29                            ; ARRIAV_FF                        ;
;   4.765  ;   0.080  ;    ; RE   ; 4      ; LE_BUFFER_X83_Y57_N0_I19                  ; LE_BUFFER                        ;
;   4.972  ;   0.207  ;    ; RE   ; 2      ; R3_X83_Y57_N0_I11                         ; H_SEG3                           ;
;   4.972  ;   0.000  ;    ; RE   ; 1      ; R14_C12_INTERCONNECT_DRIVER_X84_Y57_N0_I3 ; WIRE_MUX                         ;
;   5.217  ;   0.245  ;    ; RE   ; 3      ; R14_X71_Y57_N0_I1                         ; H_SEG14                          ;
;   5.217  ;   0.000  ;    ; RE   ; 1      ; R14_C12_INTERCONNECT_DRIVER_X76_Y57_N0_I2 ; WIRE_MUX                         ;
;   5.493  ;   0.276  ;    ; RE   ; 6      ; R14_X63_Y57_N0_I1                         ; H_SEG14                          ;
;   5.493  ;   0.000  ;    ; RE   ; 2      ; R14_C12_INTERCONNECT_DRIVER_X62_Y57_N0_I2 ; WIRE_MUX                         ;
;   5.822  ;   0.329  ;    ; RE   ; 8      ; R14_X49_Y57_N0_I1                         ; H_SEG14                          ;
;   6.289  ;   0.467  ;    ; RE   ; 6      ; R6_X43_Y57_N0_I35                         ; H_SEG6                           ;
;   6.289  ;   0.000  ;    ; RE   ; 1      ; R14_C12_INTERCONNECT_DRIVER_X43_Y57_N0_I3 ; WIRE_MUX                         ;
;   6.712  ;   0.423  ;    ; RE   ; 7      ; C12_X43_Y45_N0_I1                         ; V_SEG12                          ;
;   6.712  ;   0.000  ;    ; RE   ; 1      ; R14_C12_INTERCONNECT_DRIVER_X43_Y48_N0_I1 ; WIRE_MUX                         ;
;   7.045  ;   0.333  ;    ; RE   ; 7      ; R14_X30_Y48_N0_I1                         ; H_SEG14                          ;
;   7.045  ;   0.000  ;    ; RE   ; 1      ; R14_C12_INTERCONNECT_DRIVER_X29_Y48_N0_I0 ; WIRE_MUX                         ;
;   7.412  ;   0.367  ;    ; RE   ; 6      ; C12_X29_Y36_N0_I1                         ; V_SEG12                          ;
;   7.412  ;   0.000  ;    ; RE   ; 2      ; R14_C12_INTERCONNECT_DRIVER_X29_Y36_N0_I0 ; WIRE_MUX                         ;
;   7.812  ;   0.400  ;    ; RE   ; 2      ; C12_X29_Y24_N0_I1                         ; V_SEG12                          ;
;   7.812  ;   0.000  ;    ; RE   ; 1      ; R14_C12_INTERCONNECT_DRIVER_X29_Y26_N0_I2 ; WIRE_MUX                         ;
;   8.206  ;   0.394  ;    ; RE   ; 2      ; C12_X29_Y14_N0_I1                         ; V_SEG12                          ;
;   8.206  ;   0.000  ;    ; RE   ; 1      ; R14_C12_INTERCONNECT_DRIVER_X29_Y14_N0_I0 ; WIRE_MUX                         ;
;   8.598  ;   0.392  ;    ; RE   ; 2      ; C12_X29_Y2_N0_I1                          ; V_SEG12                          ;
;   8.598  ;   0.000  ;    ; RE   ; 2      ; R14_C12_INTERCONNECT_DRIVER_X29_Y2_N0_I0  ; WIRE_MUX                         ;
;   8.922  ;   0.324  ;    ; RE   ; 5      ; R14_X30_Y2_N0_I0                          ; H_SEG14                          ;
;   8.922  ;   0.000  ;    ; RE   ; 1      ; R14_C12_INTERCONNECT_DRIVER_X34_Y2_N0_I3  ; WIRE_MUX                         ;
;   9.190  ;   0.268  ;    ; RE   ; 2      ; R14_X35_Y2_N0_I0                          ; H_SEG14                          ;
;   9.441  ;   0.251  ;    ; RE   ; 1      ; C2_X48_Y0_N0_I29                          ; V_SEG2                           ;
;   9.635  ;   0.194  ;    ; RE   ; 1      ; LOCAL_INTERCONNECT_X48_Y0_N0_I63          ; LAB_LINE                         ;
;   9.686  ;   0.051  ;    ; RE   ; 1      ; BLOCK_INPUT_MUX_PASSTHROUGH_X48_Y0_N0_I21 ; LEIM                             ;
;   9.963  ;   0.277  ;    ; RE   ; 1      ; HMCPHY_RE_X41_Y0_N0_I1462                 ; HMCPHY_RE                        ;
;   11.634 ;   1.671  ;    ; RE   ; 1      ; HMCPHY_RE_X41_Y0_N0_I2061                 ; HMCPHY_RE                        ;
;   11.732 ;   0.098  ;    ; RE   ; 1      ; IO_RE_X48_Y0_N74_I5                       ; IO_RE                            ;
;   11.732 ;   0.000  ;    ; RE   ; 1      ; IO_OUTPUT_PATH_RE_X48_Y0_N82_I9           ; IO_OUTPUT_PATH_RE                ;
;   11.732 ;   0.000  ;    ; RE   ; 1      ; MP_DDIO_OUT_INPUT_X48_Y0_N84_I3           ; MP_DDIO_OUT_INPUT                ;
;   11.729 ;   -0.003 ; FF ; IC   ; 1      ; DDIOOUTCELL_X48_Y0_N84                    ; host_rdata[13]~reg0|clrn         ;
;   12.483 ;   0.754  ; FF ; CELL ; 1      ; DDIOOUTCELL_X48_Y0_N84                    ; host_rdata[13]~reg0              ;
+----------+----------+----+------+--------+-------------------------------------------+----------------------------------+

+--------------------------------------------------------------------------------------------------------------+
; Data Required Path                                                                                           ;
+----------+---------+----+------+--------+-----------------------------------------+--------------------------+
; Total    ; Incr    ; RF ; Type ; Fanout ; Location                                ; Element                  ;
+----------+---------+----+------+--------+-----------------------------------------+--------------------------+
; 10.000   ; 10.000  ;    ;      ;        ;                                         ; latch edge time          ;
; 15.324   ; 5.324   ;    ;      ;        ;                                         ; clock path               ;
;   10.000 ;   0.000 ;    ;      ;        ;                                         ; source latency           ;
;   10.000 ;   0.000 ;    ;      ; 1      ; PIN_AC18                                ; clk                      ;
;   10.000 ;   0.000 ;    ; RE   ; 1      ; IOPAD_X54_Y0_N0                         ; ARRIAV_IO_PAD            ;
;   10.000 ;   0.000 ;    ; RE   ; 1      ; IO_PAD_OUTPUT_X54_Y0_N0_I1              ; IO_PAD_OUTPUT            ;
;   10.000 ;   0.000 ;    ; RE   ; 1      ; IO_INPUT_BUFFER_INPUT_X54_Y0_N1_I0      ; IO_INPUT_BUFFER_INPUT    ;
;   10.000 ;   0.000 ; RR ; IC   ; 1      ; IOIBUF_X54_Y0_N1                        ; clk~input|i              ;
;   10.917 ;   0.917 ; RR ; CELL ; 1      ; IOIBUF_X54_Y0_N1                        ; clk~input|o              ;
;   10.917 ;   0.000 ;    ; RE   ; 1      ; IOIBUF_X54_Y0_N1                        ; ARRIAV_IO_IBUF           ;
;   10.917 ;   0.000 ;    ; RE   ; 1      ; IO_INPUT_BUFFER_OUTPUT_X54_Y0_N1_I2     ; IO_INPUT_BUFFER_OUTPUT   ;
;   10.917 ;   0.000 ;    ; RE   ; 1      ; IO_RE_X54_Y0_N0_I96                     ; IO_RE                    ;
;   11.095 ;   0.178 ;    ; RE   ; 1      ; IO_RE_X54_Y0_N0_I66                     ; IO_RE                    ;
;   11.095 ;   0.000 ;    ; RE   ; 1      ; CLKBUF_CLUSTER_RE_X58_Y0_N0_I1614       ; CLKBUF_CLUSTER_RE        ;
;   11.095 ;   0.000 ;    ; RE   ; 1      ; CLKBUF_CLUSTER_RE_X58_Y0_N0_I488        ; CLKBUF_CLUSTER_RE        ;
;   11.095 ;   0.000 ;    ; RE   ; 1      ; GCLK_CLUSTER_RE_X58_Y0_N0_I10           ; GCLK_CLUSTER_RE          ;
;   11.095 ;   0.000 ;    ; RE   ; 1      ; CLKBUFBLOCK_INPUT_X58_Y0_N1_I0          ; CLKBUFBLOCK_INPUT        ;
;   11.095 ;   0.000 ; RR ; IC   ; 1      ; CLKCTRL_G4                              ; clk~inputCLKENA0|inclk   ;
;   11.407 ;   0.312 ; RR ; CELL ; 49420  ; CLKCTRL_G4                              ; clk~inputCLKENA0|outclk  ;
;   11.407 ;   0.000 ;    ; RE   ; 1      ; CLKCTRL_G4                              ; ARRIAV_CLKBUF            ;
;   11.407 ;   0.000 ;    ; RE   ; 1      ; CLKBUFBLOCK_OUTPUT_X58_Y0_N1_I2         ; CLKBUFBLOCK_OUTPUT       ;
;   11.407 ;   0.000 ;    ; RE   ; 1      ; GCLK_CLUSTER_RE_X58_Y0_N0_I12           ; GCLK_CLUSTER_RE          ;
;   11.407 ;   0.000 ;    ; RE   ; 1      ; CLKBUF_CLUSTER_RE_X58_Y0_N0_I415        ; CLKBUF_CLUSTER_RE        ;
;   12.366 ;   0.959 ;    ; RE   ; 16     ; GLOBAL_CLOCK_X0_Y58_N0_I4               ; GLOBAL_CLOCK             ;
;   12.544 ;   0.178 ;    ; RE   ; 29     ; SPINE_CLOCK_X45_Y0_N0_I20               ; SPINE_CLOCK              ;
;   13.002 ;   0.458 ;    ; RE   ; 1      ; SCLK_TO_ROWCLK_BUF_X45_Y1_N0_I121       ; SCLK_TO_ROWCLK_BUF       ;
;   13.091 ;   0.089 ;    ; RE   ; 2      ; SCLK_TO_ROWCLK_BUF_X45_Y1_N0_I124       ; SCLK_TO_ROWCLK_BUF       ;
;   13.552 ;   0.461 ;    ; RE   ; 12     ; TB_IO_CLK_X31_Y0_N0_I3                  ; TB_IO_CLK                ;
;   13.781 ;   0.229 ;    ; RE   ; 1      ; BLK_CLK_BUF_X48_Y0_N0_I3                ; BLK_CLK_BUF              ;
;   13.887 ;   0.106 ;    ; RE   ; 1      ; ROWCLKSEL_PREBUF_X48_Y0_N0_I3           ; ROWCLKSEL_PREBUF         ;
;   13.928 ;   0.041 ;    ; RE   ; 1      ; ROWCLKSEL_X48_Y0_N0_I1                  ; ROWCLKSEL                ;
;   13.928 ;   0.000 ;    ; RE   ; 1      ; GLOBAL_LOCAL_SEL_X48_Y0_N0_I1           ; GLOBAL_LOCAL_SEL         ;
;   14.214 ;   0.286 ;    ; RE   ; 1      ; IO_RE_X48_Y0_N74_I11                    ; IO_RE                    ;
;   14.214 ;   0.000 ;    ; RE   ; 1      ; IO_OUTPUT_ENABLE_PATH_RE_X48_Y0_N78_I6  ; IO_OUTPUT_ENABLE_PATH_RE ;
;   14.214 ;   0.000 ;    ; RE   ; 1      ; IO_OUTPUT_ENABLE_PATH_RE_X48_Y0_N78_I22 ; IO_OUTPUT_ENABLE_PATH_RE ;
;   14.214 ;   0.000 ;    ; RE   ; 1      ; IO_OUTPUT_ENABLE_PATH_RE_X48_Y0_N78_I14 ; IO_OUTPUT_ENABLE_PATH_RE ;
;   14.214 ;   0.000 ;    ; RE   ; 1      ; IO_OUTPUT_PATH_RE_X48_Y0_N82_I5         ; IO_OUTPUT_PATH_RE        ;
;   14.214 ;   0.000 ;    ; RE   ; 1      ; MP_DDIO_OUT_INPUT_X48_Y0_N84_I0         ; MP_DDIO_OUT_INPUT        ;
;   14.214 ;   0.000 ; RR ; IC   ; 1      ; DDIOOUTCELL_X48_Y0_N84                  ; host_rdata[13]~reg0|clk  ;
;   15.076 ;   0.862 ; RR ; CELL ; 1      ; DDIOOUTCELL_X48_Y0_N84                  ; host_rdata[13]~reg0      ;
;   15.324 ;   0.248 ;    ;      ;        ;                                         ; clock pessimism removed  ;
; 15.224   ; -0.100  ;    ;      ;        ;                                         ; clock uncertainty        ;
; 15.224   ; 0.000   ;    ; uTsu ; 1      ; DDIOOUTCELL_X48_Y0_N84                  ; host_rdata[13]~reg0      ;
+----------+---------+----+------+--------+-----------------------------------------+--------------------------+

----------------------------
; Extra Fitter Information ;
----------------------------
HTML report is unavailable in plain text report export.


Path #8: Recovery slack is 2.758 
===============================================================================
+-------------------------------------------------------+
; Path Summary                                          ;
+--------------------+----------------------------------+
; Property           ; Value                            ;
+--------------------+----------------------------------+
; From Node          ; reset_release:u_reset|core_rst_n ;
; To Node            ; host_rdata[9]~reg0               ;
; Launch Clock       ; clk                              ;
; Latch Clock        ; clk                              ;
; Data Arrival Time  ; 12.443                           ;
; Data Required Time ; 15.201                           ;
; Slack              ; 2.758                            ;
+--------------------+----------------------------------+

+-------------------------------------------------------------------------------------+
; Statistics                                                                          ;
+------------------------+--------+-------+-------------+------------+--------+-------+
; Property               ; Value  ; Count ; Total Delay ; % of Total ; Min    ; Max   ;
+------------------------+--------+-------+-------------+------------+--------+-------+
; Recovery Relationship  ; 10.000 ;       ;             ;            ;        ;       ;
; Clock Skew             ; 0.677  ;       ;             ;            ;        ;       ;
; Data Delay             ; 7.819  ;       ;             ;            ;        ;       ;
; Number of Logic Levels ;        ; 0     ;             ;            ;        ;       ;
; Physical Delays        ;        ;       ;             ;            ;        ;       ;
;  Arrival Path          ;        ;       ;             ;            ;        ;       ;
;   Clock                ;        ;       ;             ;            ;        ;       ;
;    IC                  ;        ; 3     ; -0.001      ; 0          ; -0.001 ; 0.000 ;
;    Cell                ;        ; 3     ; 1.780       ; 38         ; 0.335  ; 0.917 ;
;    Routing Element     ;        ; 25    ; 2.845       ; 62         ; 0.000  ; 1.032 ;
;   Data                 ;        ;       ;             ;            ;        ;       ;
;    IC                  ;        ; 1     ; 0.000       ; 0          ; 0.000  ; 0.000 ;
;    Cell                ;        ; 2     ; 0.754       ; 10         ; 0.000  ; 0.754 ;
;    uTco                ;        ; 1     ; 0.000       ; 0          ; 0.000  ; 0.000 ;
;    Routing Element     ;        ; 28    ; 7.065       ; 90         ; 0.000  ; 1.671 ;
;  Required Path         ;        ;       ;             ;            ;        ;       ;
;   Clock                ;        ;       ;             ;            ;        ;       ;
;    IC                  ;        ; 3     ; -0.001      ; 0          ; -0.001 ; 0.000 ;
;    Cell                ;        ; 3     ; 2.091       ; 41         ; 0.312  ; 0.917 ;
;    Routing Element     ;        ; 30    ; 2.963       ; 59         ; 0.000  ; 0.959 ;
+------------------------+--------+-------+-------------+------------+--------+-------+
Note: Negative delays are omitted from totals when calculating percentages

+-------------------------------------------------------------------------------------------------------------------------+
; Data Arrival Path                                                                                                       ;
+----------+----------+----+------+--------+-------------------------------------------+----------------------------------+
; Total    ; Incr     ; RF ; Type ; Fanout ; Location                                  ; Element                          ;
+----------+----------+----+------+--------+-------------------------------------------+----------------------------------+
; 0.000    ; 0.000    ;    ;      ;        ;                                           ; launch edge time                 ;
; 4.624    ; 4.624    ;    ;      ;        ;                                           ; clock path                       ;
;   0.000  ;   0.000  ;    ;      ;        ;                                           ; source latency                   ;
;   0.000  ;   0.000  ;    ;      ; 1      ; PIN_AC18                                  ; clk                              ;
;   0.000  ;   0.000  ;    ; RE   ; 1      ; IOPAD_X54_Y0_N0                           ; ARRIAV_IO_PAD                    ;
;   0.000  ;   0.000  ;    ; RE   ; 1      ; IO_PAD_OUTPUT_X54_Y0_N0_I1                ; IO_PAD_OUTPUT                    ;
;   0.000  ;   0.000  ;    ; RE   ; 1      ; IO_INPUT_BUFFER_INPUT_X54_Y0_N1_I0        ; IO_INPUT_BUFFER_INPUT            ;
;   0.000  ;   0.000  ; RR ; IC   ; 1      ; IOIBUF_X54_Y0_N1                          ; clk~input|i                      ;
;   0.917  ;   0.917  ; RR ; CELL ; 1      ; IOIBUF_X54_Y0_N1                          ; clk~input|o                      ;
;   0.917  ;   0.000  ;    ; RE   ; 1      ; IOIBUF_X54_Y0_N1                          ; ARRIAV_IO_IBUF                   ;
;   0.917  ;   0.000  ;    ; RE   ; 1      ; IO_INPUT_BUFFER_OUTPUT_X54_Y0_N1_I2       ; IO_INPUT_BUFFER_OUTPUT           ;
;   0.917  ;   0.000  ;    ; RE   ; 1      ; IO_RE_X54_Y0_N0_I96                       ; IO_RE                            ;
;   1.133  ;   0.216  ;    ; RE   ; 1      ; IO_RE_X54_Y0_N0_I66                       ; IO_RE                            ;
;   1.320  ;   0.187  ;    ; RE   ; 1      ; CLKBUF_CLUSTER_RE_X58_Y0_N0_I1614         ; CLKBUF_CLUSTER_RE                ;
;   1.320  ;   0.000  ;    ; RE   ; 1      ; CLKBUF_CLUSTER_RE_X58_Y0_N0_I488          ; CLKBUF_CLUSTER_RE                ;
;   1.320  ;   0.000  ;    ; RE   ; 1      ; GCLK_CLUSTER_RE_X58_Y0_N0_I10             ; GCLK_CLUSTER_RE                  ;
;   1.320  ;   0.000  ;    ; RE   ; 1      ; CLKBUFBLOCK_INPUT_X58_Y0_N1_I0            ; CLKBUFBLOCK_INPUT                ;
;   1.320  ;   0.000  ; RR ; IC   ; 1      ; CLKCTRL_G4                                ; clk~inputCLKENA0|inclk           ;
;   1.655  ;   0.335  ; RR ; CELL ; 49420  ; CLKCTRL_G4                                ; clk~inputCLKENA0|outclk          ;
;   1.655  ;   0.000  ;    ; RE   ; 1      ; CLKCTRL_G4                                ; ARRIAV_CLKBUF                    ;
;   1.655  ;   0.000  ;    ; RE   ; 1      ; CLKBUFBLOCK_OUTPUT_X58_Y0_N1_I2           ; CLKBUFBLOCK_OUTPUT               ;
;   1.655  ;   0.000  ;    ; RE   ; 1      ; GCLK_CLUSTER_RE_X58_Y0_N0_I12             ; GCLK_CLUSTER_RE                  ;
;   1.655  ;   0.000  ;    ; RE   ; 1      ; CLKBUF_CLUSTER_RE_X58_Y0_N0_I415          ; CLKBUF_CLUSTER_RE                ;
;   2.687  ;   1.032  ;    ; RE   ; 16     ; GLOBAL_CLOCK_X0_Y58_N0_I4                 ; GLOBAL_CLOCK                     ;
;   2.869  ;   0.182  ;    ; RE   ; 29     ; SPINE_CLOCK_X75_Y30_N0_I20                ; SPINE_CLOCK                      ;
;   3.329  ;   0.460  ;    ; RE   ; 1      ; SCLK_TO_ROWCLK_BUF_X75_Y57_N0_I121        ; SCLK_TO_ROWCLK_BUF               ;
;   3.418  ;   0.089  ;    ; RE   ; 2      ; SCLK_TO_ROWCLK_BUF_X75_Y57_N0_I124        ; SCLK_TO_ROWCLK_BUF               ;
;   3.856  ;   0.438  ;    ; RE   ; 13     ; LAB_CLK_X76_Y57_N0_I5                     ; LAB_CLK                          ;
;   4.002  ;   0.146  ;    ; RE   ; 1      ; BLK_CLK_BUF_X83_Y57_N0_I5                 ; BLK_CLK_BUF                      ;
;   4.058  ;   0.056  ;    ; RE   ; 1      ; ROWCLKSEL_PREBUF_X83_Y57_N0_I5            ; ROWCLKSEL_PREBUF                 ;
;   4.097  ;   0.039  ;    ; RE   ; 1      ; ROWCLKSEL_X83_Y57_N0_I1                   ; ROWCLKSEL                        ;
;   4.097  ;   0.000  ;    ; RE   ; 2      ; GLOBAL_LOCAL_SEL_X83_Y57_N0_I1            ; GLOBAL_LOCAL_SEL                 ;
;   4.097  ;   0.000  ;    ; RE   ; 3      ; LAB_INPUT_X83_Y57_N0_I0                   ; LAB_INPUT                        ;
;   4.096  ;   -0.001 ; RR ; IC   ; 1      ; FF_X83_Y57_N29                            ; u_reset|core_rst_n|clk           ;
;   4.624  ;   0.528  ; RR ; CELL ; 1      ; FF_X83_Y57_N29                            ; reset_release:u_reset|core_rst_n ;
; 12.443   ; 7.819    ;    ;      ;        ;                                           ; data path                        ;
;   4.624  ;   0.000  ;    ; uTco ; 1      ; FF_X83_Y57_N29                            ; reset_release:u_reset|core_rst_n ;
;   4.624  ;   0.000  ; FF ; CELL ; 3143   ; FF_X83_Y57_N29                            ; u_reset|core_rst_n|q             ;
;   4.685  ;   0.061  ;    ; RE   ; 1      ; FF_X83_Y57_N29                            ; ARRIAV_FF                        ;
;   4.765  ;   0.080  ;    ; RE   ; 4      ; LE_BUFFER_X83_Y57_N0_I19                  ; LE_BUFFER                        ;
;   5.065  ;   0.300  ;    ; RE   ; 8      ; C4_X82_Y53_N0_I7                          ; V_SEG4                           ;
;   5.438  ;   0.373  ;    ; RE   ; 4      ; C4_X82_Y49_N0_I7                          ; V_SEG4                           ;
;   5.732  ;   0.294  ;    ; RE   ; 3      ; C2_X82_Y48_N0_I19                         ; V_SEG2                           ;
;   5.987  ;   0.255  ;    ; RE   ; 1      ; R3_X80_Y48_N0_I17                         ; H_SEG3                           ;
;   6.204  ;   0.217  ;    ; RE   ; 1      ; R3_X77_Y48_N0_I22                         ; H_SEG3                           ;
;   6.505  ;   0.301  ;    ; RE   ; 4      ; C4_X77_Y44_N0_I9                          ; V_SEG4                           ;
;   6.912  ;   0.407  ;    ; RE   ; 6      ; C4_X77_Y40_N0_I9                          ; V_SEG4                           ;
;   7.207  ;   0.295  ;    ; RE   ; 2      ; R3_X75_Y40_N0_I23                         ; H_SEG3                           ;
;   7.207  ;   0.000  ;    ; RE   ; 1      ; R14_C12_INTERCONNECT_DRIVER_X77_Y40_N0_I2 ; WIRE_MUX                         ;
;   7.457  ;   0.250  ;    ; RE   ; 3      ; R14_X64_Y40_N0_I1                         ; H_SEG14                          ;
;   7.457  ;   0.000  ;    ; RE   ; 1      ; R14_C12_INTERCONNECT_DRIVER_X63_Y40_N0_I1 ; WIRE_MUX                         ;
;   7.819  ;   0.362  ;    ; RE   ; 4      ; C12_X63_Y28_N0_I1                         ; V_SEG12                          ;
;   7.819  ;   0.000  ;    ; RE   ; 1      ; R14_C12_INTERCONNECT_DRIVER_X63_Y28_N0_I0 ; WIRE_MUX                         ;
;   8.236  ;   0.417  ;    ; RE   ; 2      ; C12_X63_Y16_N0_I1                         ; V_SEG12                          ;
;   8.236  ;   0.000  ;    ; RE   ; 2      ; R14_C12_INTERCONNECT_DRIVER_X63_Y16_N0_I0 ; WIRE_MUX                         ;
;   8.635  ;   0.399  ;    ; RE   ; 1      ; C12_X63_Y4_N0_I1                          ; V_SEG12                          ;
;   8.635  ;   0.000  ;    ; RE   ; 1      ; R14_C12_INTERCONNECT_DRIVER_X63_Y4_N0_I0  ; WIRE_MUX                         ;
;   9.002  ;   0.367  ;    ; RE   ; 3      ; R14_X50_Y4_N0_I1                          ; H_SEG14                          ;
;   9.345  ;   0.343  ;    ; RE   ; 1      ; C4_X49_Y0_N0_I18                          ; V_SEG4                           ;
;   9.592  ;   0.247  ;    ; RE   ; 1      ; LOCAL_INTERCONNECT_X50_Y0_N0_I33          ; LAB_LINE                         ;
;   9.644  ;   0.052  ;    ; RE   ; 1      ; BLOCK_INPUT_MUX_PASSTHROUGH_X50_Y0_N0_I21 ; LEIM                             ;
;   9.921  ;   0.277  ;    ; RE   ; 1      ; HMCPHY_RE_X41_Y0_N0_I1452                 ; HMCPHY_RE                        ;
;   11.592 ;   1.671  ;    ; RE   ; 1      ; HMCPHY_RE_X41_Y0_N0_I2051                 ; HMCPHY_RE                        ;
;   11.689 ;   0.097  ;    ; RE   ; 1      ; IO_RE_X50_Y0_N34_I5                       ; IO_RE                            ;
;   11.689 ;   0.000  ;    ; RE   ; 1      ; IO_OUTPUT_PATH_RE_X50_Y0_N42_I9           ; IO_OUTPUT_PATH_RE                ;
;   11.689 ;   0.000  ;    ; RE   ; 1      ; MP_DDIO_OUT_INPUT_X50_Y0_N44_I3           ; MP_DDIO_OUT_INPUT                ;
;   11.689 ;   0.000  ; FF ; IC   ; 1      ; DDIOOUTCELL_X50_Y0_N44                    ; host_rdata[9]~reg0|clrn          ;
;   12.443 ;   0.754  ; FF ; CELL ; 1      ; DDIOOUTCELL_X50_Y0_N44                    ; host_rdata[9]~reg0               ;
+----------+----------+----+------+--------+-------------------------------------------+----------------------------------+

+---------------------------------------------------------------------------------------------------------------+
; Data Required Path                                                                                            ;
+----------+----------+----+------+--------+-----------------------------------------+--------------------------+
; Total    ; Incr     ; RF ; Type ; Fanout ; Location                                ; Element                  ;
+----------+----------+----+------+--------+-----------------------------------------+--------------------------+
; 10.000   ; 10.000   ;    ;      ;        ;                                         ; latch edge time          ;
; 15.301   ; 5.301    ;    ;      ;        ;                                         ; clock path               ;
;   10.000 ;   0.000  ;    ;      ;        ;                                         ; source latency           ;
;   10.000 ;   0.000  ;    ;      ; 1      ; PIN_AC18                                ; clk                      ;
;   10.000 ;   0.000  ;    ; RE   ; 1      ; IOPAD_X54_Y0_N0                         ; ARRIAV_IO_PAD            ;
;   10.000 ;   0.000  ;    ; RE   ; 1      ; IO_PAD_OUTPUT_X54_Y0_N0_I1              ; IO_PAD_OUTPUT            ;
;   10.000 ;   0.000  ;    ; RE   ; 1      ; IO_INPUT_BUFFER_INPUT_X54_Y0_N1_I0      ; IO_INPUT_BUFFER_INPUT    ;
;   10.000 ;   0.000  ; RR ; IC   ; 1      ; IOIBUF_X54_Y0_N1                        ; clk~input|i              ;
;   10.917 ;   0.917  ; RR ; CELL ; 1      ; IOIBUF_X54_Y0_N1                        ; clk~input|o              ;
;   10.917 ;   0.000  ;    ; RE   ; 1      ; IOIBUF_X54_Y0_N1                        ; ARRIAV_IO_IBUF           ;
;   10.917 ;   0.000  ;    ; RE   ; 1      ; IO_INPUT_BUFFER_OUTPUT_X54_Y0_N1_I2     ; IO_INPUT_BUFFER_OUTPUT   ;
;   10.917 ;   0.000  ;    ; RE   ; 1      ; IO_RE_X54_Y0_N0_I96                     ; IO_RE                    ;
;   11.095 ;   0.178  ;    ; RE   ; 1      ; IO_RE_X54_Y0_N0_I66                     ; IO_RE                    ;
;   11.095 ;   0.000  ;    ; RE   ; 1      ; CLKBUF_CLUSTER_RE_X58_Y0_N0_I1614       ; CLKBUF_CLUSTER_RE        ;
;   11.095 ;   0.000  ;    ; RE   ; 1      ; CLKBUF_CLUSTER_RE_X58_Y0_N0_I488        ; CLKBUF_CLUSTER_RE        ;
;   11.095 ;   0.000  ;    ; RE   ; 1      ; GCLK_CLUSTER_RE_X58_Y0_N0_I10           ; GCLK_CLUSTER_RE          ;
;   11.095 ;   0.000  ;    ; RE   ; 1      ; CLKBUFBLOCK_INPUT_X58_Y0_N1_I0          ; CLKBUFBLOCK_INPUT        ;
;   11.095 ;   0.000  ; RR ; IC   ; 1      ; CLKCTRL_G4                              ; clk~inputCLKENA0|inclk   ;
;   11.407 ;   0.312  ; RR ; CELL ; 49420  ; CLKCTRL_G4                              ; clk~inputCLKENA0|outclk  ;
;   11.407 ;   0.000  ;    ; RE   ; 1      ; CLKCTRL_G4                              ; ARRIAV_CLKBUF            ;
;   11.407 ;   0.000  ;    ; RE   ; 1      ; CLKBUFBLOCK_OUTPUT_X58_Y0_N1_I2         ; CLKBUFBLOCK_OUTPUT       ;
;   11.407 ;   0.000  ;    ; RE   ; 1      ; GCLK_CLUSTER_RE_X58_Y0_N0_I12           ; GCLK_CLUSTER_RE          ;
;   11.407 ;   0.000  ;    ; RE   ; 1      ; CLKBUF_CLUSTER_RE_X58_Y0_N0_I415        ; CLKBUF_CLUSTER_RE        ;
;   12.366 ;   0.959  ;    ; RE   ; 16     ; GLOBAL_CLOCK_X0_Y58_N0_I4               ; GLOBAL_CLOCK             ;
;   12.544 ;   0.178  ;    ; RE   ; 29     ; SPINE_CLOCK_X45_Y0_N0_I20               ; SPINE_CLOCK              ;
;   13.002 ;   0.458  ;    ; RE   ; 1      ; SCLK_TO_ROWCLK_BUF_X45_Y1_N0_I121       ; SCLK_TO_ROWCLK_BUF       ;
;   13.091 ;   0.089  ;    ; RE   ; 2      ; SCLK_TO_ROWCLK_BUF_X45_Y1_N0_I124       ; SCLK_TO_ROWCLK_BUF       ;
;   13.556 ;   0.465  ;    ; RE   ; 12     ; TB_IO_CLK_X31_Y0_N0_I3                  ; TB_IO_CLK                ;
;   13.786 ;   0.230  ;    ; RE   ; 1      ; BLK_CLK_BUF_X50_Y0_N0_I3                ; BLK_CLK_BUF              ;
;   13.893 ;   0.107  ;    ; RE   ; 1      ; ROWCLKSEL_PREBUF_X50_Y0_N0_I3           ; ROWCLKSEL_PREBUF         ;
;   13.935 ;   0.042  ;    ; RE   ; 1      ; ROWCLKSEL_X50_Y0_N0_I1                  ; ROWCLKSEL                ;
;   13.935 ;   0.000  ;    ; RE   ; 1      ; GLOBAL_LOCAL_SEL_X50_Y0_N0_I1           ; GLOBAL_LOCAL_SEL         ;
;   14.192 ;   0.257  ;    ; RE   ; 1      ; IO_RE_X50_Y0_N34_I11                    ; IO_RE                    ;
;   14.192 ;   0.000  ;    ; RE   ; 1      ; IO_OUTPUT_ENABLE_PATH_RE_X50_Y0_N38_I6  ; IO_OUTPUT_ENABLE_PATH_RE ;
;   14.192 ;   0.000  ;    ; RE   ; 1      ; IO_OUTPUT_ENABLE_PATH_RE_X50_Y0_N38_I22 ; IO_OUTPUT_ENABLE_PATH_RE ;
;   14.192 ;   0.000  ;    ; RE   ; 1      ; IO_OUTPUT_ENABLE_PATH_RE_X50_Y0_N38_I14 ; IO_OUTPUT_ENABLE_PATH_RE ;
;   14.192 ;   0.000  ;    ; RE   ; 1      ; IO_OUTPUT_PATH_RE_X50_Y0_N42_I5         ; IO_OUTPUT_PATH_RE        ;
;   14.192 ;   0.000  ;    ; RE   ; 1      ; MP_DDIO_OUT_INPUT_X50_Y0_N44_I0         ; MP_DDIO_OUT_INPUT        ;
;   14.191 ;   -0.001 ; RR ; IC   ; 1      ; DDIOOUTCELL_X50_Y0_N44                  ; host_rdata[9]~reg0|clk   ;
;   15.053 ;   0.862  ; RR ; CELL ; 1      ; DDIOOUTCELL_X50_Y0_N44                  ; host_rdata[9]~reg0       ;
;   15.301 ;   0.248  ;    ;      ;        ;                                         ; clock pessimism removed  ;
; 15.201   ; -0.100   ;    ;      ;        ;                                         ; clock uncertainty        ;
; 15.201   ; 0.000    ;    ; uTsu ; 1      ; DDIOOUTCELL_X50_Y0_N44                  ; host_rdata[9]~reg0       ;
+----------+----------+----+------+--------+-----------------------------------------+--------------------------+

----------------------------
; Extra Fitter Information ;
----------------------------
HTML report is unavailable in plain text report export.


Path #9: Recovery slack is 3.006 
===============================================================================
+-------------------------------------------------------+
; Path Summary                                          ;
+--------------------+----------------------------------+
; Property           ; Value                            ;
+--------------------+----------------------------------+
; From Node          ; reset_release:u_reset|core_rst_n ;
; To Node            ; host_rdata[8]~reg0               ;
; Launch Clock       ; clk                              ;
; Latch Clock        ; clk                              ;
; Data Arrival Time  ; 12.198                           ;
; Data Required Time ; 15.204                           ;
; Slack              ; 3.006                            ;
+--------------------+----------------------------------+

+--------------------------------------------------------------------------------------+
; Statistics                                                                           ;
+------------------------+--------+-------+-------------+------------+--------+--------+
; Property               ; Value  ; Count ; Total Delay ; % of Total ; Min    ; Max    ;
+------------------------+--------+-------+-------------+------------+--------+--------+
; Recovery Relationship  ; 10.000 ;       ;             ;            ;        ;        ;
; Clock Skew             ; 0.680  ;       ;             ;            ;        ;        ;
; Data Delay             ; 7.574  ;       ;             ;            ;        ;        ;
; Number of Logic Levels ;        ; 0     ;             ;            ;        ;        ;
; Physical Delays        ;        ;       ;             ;            ;        ;        ;
;  Arrival Path          ;        ;       ;             ;            ;        ;        ;
;   Clock                ;        ;       ;             ;            ;        ;        ;
;    IC                  ;        ; 3     ; -0.001      ; 0          ; -0.001 ; 0.000  ;
;    Cell                ;        ; 3     ; 1.780       ; 38         ; 0.335  ; 0.917  ;
;    Routing Element     ;        ; 25    ; 2.845       ; 62         ; 0.000  ; 1.032  ;
;   Data                 ;        ;       ;             ;            ;        ;        ;
;    IC                  ;        ; 1     ; -0.001      ; 0          ; -0.001 ; -0.001 ;
;    Cell                ;        ; 2     ; 0.754       ; 10         ; 0.000  ; 0.754  ;
;    uTco                ;        ; 1     ; 0.000       ; 0          ; 0.000  ; 0.000  ;
;    Routing Element     ;        ; 32    ; 6.821       ; 90         ; 0.000  ; 1.671  ;
;  Required Path         ;        ;       ;             ;            ;        ;        ;
;   Clock                ;        ;       ;             ;            ;        ;        ;
;    IC                  ;        ; 3     ; 0.000       ; 0          ; 0.000  ; 0.000  ;
;    Cell                ;        ; 3     ; 2.091       ; 41         ; 0.312  ; 0.917  ;
;    Routing Element     ;        ; 30    ; 2.965       ; 59         ; 0.000  ; 0.959  ;
+------------------------+--------+-------+-------------+------------+--------+--------+
Note: Negative delays are omitted from totals when calculating percentages

+-------------------------------------------------------------------------------------------------------------------------+
; Data Arrival Path                                                                                                       ;
+----------+----------+----+------+--------+-------------------------------------------+----------------------------------+
; Total    ; Incr     ; RF ; Type ; Fanout ; Location                                  ; Element                          ;
+----------+----------+----+------+--------+-------------------------------------------+----------------------------------+
; 0.000    ; 0.000    ;    ;      ;        ;                                           ; launch edge time                 ;
; 4.624    ; 4.624    ;    ;      ;        ;                                           ; clock path                       ;
;   0.000  ;   0.000  ;    ;      ;        ;                                           ; source latency                   ;
;   0.000  ;   0.000  ;    ;      ; 1      ; PIN_AC18                                  ; clk                              ;
;   0.000  ;   0.000  ;    ; RE   ; 1      ; IOPAD_X54_Y0_N0                           ; ARRIAV_IO_PAD                    ;
;   0.000  ;   0.000  ;    ; RE   ; 1      ; IO_PAD_OUTPUT_X54_Y0_N0_I1                ; IO_PAD_OUTPUT                    ;
;   0.000  ;   0.000  ;    ; RE   ; 1      ; IO_INPUT_BUFFER_INPUT_X54_Y0_N1_I0        ; IO_INPUT_BUFFER_INPUT            ;
;   0.000  ;   0.000  ; RR ; IC   ; 1      ; IOIBUF_X54_Y0_N1                          ; clk~input|i                      ;
;   0.917  ;   0.917  ; RR ; CELL ; 1      ; IOIBUF_X54_Y0_N1                          ; clk~input|o                      ;
;   0.917  ;   0.000  ;    ; RE   ; 1      ; IOIBUF_X54_Y0_N1                          ; ARRIAV_IO_IBUF                   ;
;   0.917  ;   0.000  ;    ; RE   ; 1      ; IO_INPUT_BUFFER_OUTPUT_X54_Y0_N1_I2       ; IO_INPUT_BUFFER_OUTPUT           ;
;   0.917  ;   0.000  ;    ; RE   ; 1      ; IO_RE_X54_Y0_N0_I96                       ; IO_RE                            ;
;   1.133  ;   0.216  ;    ; RE   ; 1      ; IO_RE_X54_Y0_N0_I66                       ; IO_RE                            ;
;   1.320  ;   0.187  ;    ; RE   ; 1      ; CLKBUF_CLUSTER_RE_X58_Y0_N0_I1614         ; CLKBUF_CLUSTER_RE                ;
;   1.320  ;   0.000  ;    ; RE   ; 1      ; CLKBUF_CLUSTER_RE_X58_Y0_N0_I488          ; CLKBUF_CLUSTER_RE                ;
;   1.320  ;   0.000  ;    ; RE   ; 1      ; GCLK_CLUSTER_RE_X58_Y0_N0_I10             ; GCLK_CLUSTER_RE                  ;
;   1.320  ;   0.000  ;    ; RE   ; 1      ; CLKBUFBLOCK_INPUT_X58_Y0_N1_I0            ; CLKBUFBLOCK_INPUT                ;
;   1.320  ;   0.000  ; RR ; IC   ; 1      ; CLKCTRL_G4                                ; clk~inputCLKENA0|inclk           ;
;   1.655  ;   0.335  ; RR ; CELL ; 49420  ; CLKCTRL_G4                                ; clk~inputCLKENA0|outclk          ;
;   1.655  ;   0.000  ;    ; RE   ; 1      ; CLKCTRL_G4                                ; ARRIAV_CLKBUF                    ;
;   1.655  ;   0.000  ;    ; RE   ; 1      ; CLKBUFBLOCK_OUTPUT_X58_Y0_N1_I2           ; CLKBUFBLOCK_OUTPUT               ;
;   1.655  ;   0.000  ;    ; RE   ; 1      ; GCLK_CLUSTER_RE_X58_Y0_N0_I12             ; GCLK_CLUSTER_RE                  ;
;   1.655  ;   0.000  ;    ; RE   ; 1      ; CLKBUF_CLUSTER_RE_X58_Y0_N0_I415          ; CLKBUF_CLUSTER_RE                ;
;   2.687  ;   1.032  ;    ; RE   ; 16     ; GLOBAL_CLOCK_X0_Y58_N0_I4                 ; GLOBAL_CLOCK                     ;
;   2.869  ;   0.182  ;    ; RE   ; 29     ; SPINE_CLOCK_X75_Y30_N0_I20                ; SPINE_CLOCK                      ;
;   3.329  ;   0.460  ;    ; RE   ; 1      ; SCLK_TO_ROWCLK_BUF_X75_Y57_N0_I121        ; SCLK_TO_ROWCLK_BUF               ;
;   3.418  ;   0.089  ;    ; RE   ; 2      ; SCLK_TO_ROWCLK_BUF_X75_Y57_N0_I124        ; SCLK_TO_ROWCLK_BUF               ;
;   3.856  ;   0.438  ;    ; RE   ; 13     ; LAB_CLK_X76_Y57_N0_I5                     ; LAB_CLK                          ;
;   4.002  ;   0.146  ;    ; RE   ; 1      ; BLK_CLK_BUF_X83_Y57_N0_I5                 ; BLK_CLK_BUF                      ;
;   4.058  ;   0.056  ;    ; RE   ; 1      ; ROWCLKSEL_PREBUF_X83_Y57_N0_I5            ; ROWCLKSEL_PREBUF                 ;
;   4.097  ;   0.039  ;    ; RE   ; 1      ; ROWCLKSEL_X83_Y57_N0_I1                   ; ROWCLKSEL                        ;
;   4.097  ;   0.000  ;    ; RE   ; 2      ; GLOBAL_LOCAL_SEL_X83_Y57_N0_I1            ; GLOBAL_LOCAL_SEL                 ;
;   4.097  ;   0.000  ;    ; RE   ; 3      ; LAB_INPUT_X83_Y57_N0_I0                   ; LAB_INPUT                        ;
;   4.096  ;   -0.001 ; RR ; IC   ; 1      ; FF_X83_Y57_N29                            ; u_reset|core_rst_n|clk           ;
;   4.624  ;   0.528  ; RR ; CELL ; 1      ; FF_X83_Y57_N29                            ; reset_release:u_reset|core_rst_n ;
; 12.198   ; 7.574    ;    ;      ;        ;                                           ; data path                        ;
;   4.624  ;   0.000  ;    ; uTco ; 1      ; FF_X83_Y57_N29                            ; reset_release:u_reset|core_rst_n ;
;   4.624  ;   0.000  ; FF ; CELL ; 3143   ; FF_X83_Y57_N29                            ; u_reset|core_rst_n|q             ;
;   4.685  ;   0.061  ;    ; RE   ; 1      ; FF_X83_Y57_N29                            ; ARRIAV_FF                        ;
;   4.765  ;   0.080  ;    ; RE   ; 4      ; LE_BUFFER_X83_Y57_N0_I19                  ; LE_BUFFER                        ;
;   4.972  ;   0.207  ;    ; RE   ; 2      ; R3_X83_Y57_N0_I11                         ; H_SEG3                           ;
;   4.972  ;   0.000  ;    ; RE   ; 1      ; R14_C12_INTERCONNECT_DRIVER_X84_Y57_N0_I3 ; WIRE_MUX                         ;
;   5.217  ;   0.245  ;    ; RE   ; 3      ; R14_X71_Y57_N0_I1                         ; H_SEG14                          ;
;   5.217  ;   0.000  ;    ; RE   ; 1      ; R14_C12_INTERCONNECT_DRIVER_X76_Y57_N0_I2 ; WIRE_MUX                         ;
;   5.493  ;   0.276  ;    ; RE   ; 6      ; R14_X63_Y57_N0_I1                         ; H_SEG14                          ;
;   5.493  ;   0.000  ;    ; RE   ; 2      ; R14_C12_INTERCONNECT_DRIVER_X62_Y57_N0_I2 ; WIRE_MUX                         ;
;   5.822  ;   0.329  ;    ; RE   ; 8      ; R14_X49_Y57_N0_I1                         ; H_SEG14                          ;
;   6.289  ;   0.467  ;    ; RE   ; 6      ; R6_X43_Y57_N0_I35                         ; H_SEG6                           ;
;   6.289  ;   0.000  ;    ; RE   ; 1      ; R14_C12_INTERCONNECT_DRIVER_X43_Y57_N0_I3 ; WIRE_MUX                         ;
;   6.712  ;   0.423  ;    ; RE   ; 7      ; C12_X43_Y45_N0_I1                         ; V_SEG12                          ;
;   6.712  ;   0.000  ;    ; RE   ; 1      ; R14_C12_INTERCONNECT_DRIVER_X43_Y48_N0_I1 ; WIRE_MUX                         ;
;   7.045  ;   0.333  ;    ; RE   ; 7      ; R14_X30_Y48_N0_I1                         ; H_SEG14                          ;
;   7.045  ;   0.000  ;    ; RE   ; 1      ; R14_C12_INTERCONNECT_DRIVER_X29_Y48_N0_I0 ; WIRE_MUX                         ;
;   7.412  ;   0.367  ;    ; RE   ; 6      ; C12_X29_Y36_N0_I1                         ; V_SEG12                          ;
;   7.412  ;   0.000  ;    ; RE   ; 2      ; R14_C12_INTERCONNECT_DRIVER_X29_Y36_N0_I0 ; WIRE_MUX                         ;
;   7.812  ;   0.400  ;    ; RE   ; 2      ; C12_X29_Y24_N0_I1                         ; V_SEG12                          ;
;   7.812  ;   0.000  ;    ; RE   ; 1      ; R14_C12_INTERCONNECT_DRIVER_X29_Y26_N0_I2 ; WIRE_MUX                         ;
;   8.206  ;   0.394  ;    ; RE   ; 2      ; C12_X29_Y14_N0_I1                         ; V_SEG12                          ;
;   8.206  ;   0.000  ;    ; RE   ; 1      ; R14_C12_INTERCONNECT_DRIVER_X29_Y14_N0_I0 ; WIRE_MUX                         ;
;   8.598  ;   0.392  ;    ; RE   ; 2      ; C12_X29_Y2_N0_I1                          ; V_SEG12                          ;
;   8.598  ;   0.000  ;    ; RE   ; 2      ; R14_C12_INTERCONNECT_DRIVER_X29_Y2_N0_I0  ; WIRE_MUX                         ;
;   8.928  ;   0.330  ;    ; RE   ; 5      ; R14_X30_Y2_N0_I0                          ; H_SEG14                          ;
;   9.159  ;   0.231  ;    ; RE   ; 1      ; C4_X40_Y0_N0_I9                           ; V_SEG4                           ;
;   9.343  ;   0.184  ;    ; RE   ; 1      ; LOCAL_INTERCONNECT_X40_Y0_N0_I68          ; LAB_LINE                         ;
;   9.399  ;   0.056  ;    ; RE   ; 1      ; BLOCK_INPUT_MUX_PASSTHROUGH_X40_Y0_N0_I21 ; LEIM                             ;
;   9.676  ;   0.277  ;    ; RE   ; 1      ; HMCPHY_RE_X41_Y0_N0_I1474                 ; HMCPHY_RE                        ;
;   11.347 ;   1.671  ;    ; RE   ; 1      ; HMCPHY_RE_X41_Y0_N0_I2073                 ; HMCPHY_RE                        ;
;   11.445 ;   0.098  ;    ; RE   ; 1      ; IO_RE_X40_Y0_N74_I5                       ; IO_RE                            ;
;   11.445 ;   0.000  ;    ; RE   ; 1      ; IO_OUTPUT_PATH_RE_X40_Y0_N82_I9           ; IO_OUTPUT_PATH_RE                ;
;   11.445 ;   0.000  ;    ; RE   ; 1      ; MP_DDIO_OUT_INPUT_X40_Y0_N84_I3           ; MP_DDIO_OUT_INPUT                ;
;   11.444 ;   -0.001 ; FF ; IC   ; 1      ; DDIOOUTCELL_X40_Y0_N84                    ; host_rdata[8]~reg0|clrn          ;
;   12.198 ;   0.754  ; FF ; CELL ; 1      ; DDIOOUTCELL_X40_Y0_N84                    ; host_rdata[8]~reg0               ;
+----------+----------+----+------+--------+-------------------------------------------+----------------------------------+

+--------------------------------------------------------------------------------------------------------------+
; Data Required Path                                                                                           ;
+----------+---------+----+------+--------+-----------------------------------------+--------------------------+
; Total    ; Incr    ; RF ; Type ; Fanout ; Location                                ; Element                  ;
+----------+---------+----+------+--------+-----------------------------------------+--------------------------+
; 10.000   ; 10.000  ;    ;      ;        ;                                         ; latch edge time          ;
; 15.304   ; 5.304   ;    ;      ;        ;                                         ; clock path               ;
;   10.000 ;   0.000 ;    ;      ;        ;                                         ; source latency           ;
;   10.000 ;   0.000 ;    ;      ; 1      ; PIN_AC18                                ; clk                      ;
;   10.000 ;   0.000 ;    ; RE   ; 1      ; IOPAD_X54_Y0_N0                         ; ARRIAV_IO_PAD            ;
;   10.000 ;   0.000 ;    ; RE   ; 1      ; IO_PAD_OUTPUT_X54_Y0_N0_I1              ; IO_PAD_OUTPUT            ;
;   10.000 ;   0.000 ;    ; RE   ; 1      ; IO_INPUT_BUFFER_INPUT_X54_Y0_N1_I0      ; IO_INPUT_BUFFER_INPUT    ;
;   10.000 ;   0.000 ; RR ; IC   ; 1      ; IOIBUF_X54_Y0_N1                        ; clk~input|i              ;
;   10.917 ;   0.917 ; RR ; CELL ; 1      ; IOIBUF_X54_Y0_N1                        ; clk~input|o              ;
;   10.917 ;   0.000 ;    ; RE   ; 1      ; IOIBUF_X54_Y0_N1                        ; ARRIAV_IO_IBUF           ;
;   10.917 ;   0.000 ;    ; RE   ; 1      ; IO_INPUT_BUFFER_OUTPUT_X54_Y0_N1_I2     ; IO_INPUT_BUFFER_OUTPUT   ;
;   10.917 ;   0.000 ;    ; RE   ; 1      ; IO_RE_X54_Y0_N0_I96                     ; IO_RE                    ;
;   11.095 ;   0.178 ;    ; RE   ; 1      ; IO_RE_X54_Y0_N0_I66                     ; IO_RE                    ;
;   11.095 ;   0.000 ;    ; RE   ; 1      ; CLKBUF_CLUSTER_RE_X58_Y0_N0_I1614       ; CLKBUF_CLUSTER_RE        ;
;   11.095 ;   0.000 ;    ; RE   ; 1      ; CLKBUF_CLUSTER_RE_X58_Y0_N0_I488        ; CLKBUF_CLUSTER_RE        ;
;   11.095 ;   0.000 ;    ; RE   ; 1      ; GCLK_CLUSTER_RE_X58_Y0_N0_I10           ; GCLK_CLUSTER_RE          ;
;   11.095 ;   0.000 ;    ; RE   ; 1      ; CLKBUFBLOCK_INPUT_X58_Y0_N1_I0          ; CLKBUFBLOCK_INPUT        ;
;   11.095 ;   0.000 ; RR ; IC   ; 1      ; CLKCTRL_G4                              ; clk~inputCLKENA0|inclk   ;
;   11.407 ;   0.312 ; RR ; CELL ; 49420  ; CLKCTRL_G4                              ; clk~inputCLKENA0|outclk  ;
;   11.407 ;   0.000 ;    ; RE   ; 1      ; CLKCTRL_G4                              ; ARRIAV_CLKBUF            ;
;   11.407 ;   0.000 ;    ; RE   ; 1      ; CLKBUFBLOCK_OUTPUT_X58_Y0_N1_I2         ; CLKBUFBLOCK_OUTPUT       ;
;   11.407 ;   0.000 ;    ; RE   ; 1      ; GCLK_CLUSTER_RE_X58_Y0_N0_I12           ; GCLK_CLUSTER_RE          ;
;   11.407 ;   0.000 ;    ; RE   ; 1      ; CLKBUF_CLUSTER_RE_X58_Y0_N0_I415        ; CLKBUF_CLUSTER_RE        ;
;   12.366 ;   0.959 ;    ; RE   ; 16     ; GLOBAL_CLOCK_X0_Y58_N0_I4               ; GLOBAL_CLOCK             ;
;   12.544 ;   0.178 ;    ; RE   ; 29     ; SPINE_CLOCK_X45_Y0_N0_I20               ; SPINE_CLOCK              ;
;   13.002 ;   0.458 ;    ; RE   ; 1      ; SCLK_TO_ROWCLK_BUF_X45_Y1_N0_I121       ; SCLK_TO_ROWCLK_BUF       ;
;   13.091 ;   0.089 ;    ; RE   ; 2      ; SCLK_TO_ROWCLK_BUF_X45_Y1_N0_I124       ; SCLK_TO_ROWCLK_BUF       ;
;   13.555 ;   0.464 ;    ; RE   ; 12     ; TB_IO_CLK_X31_Y0_N0_I3                  ; TB_IO_CLK                ;
;   13.785 ;   0.230 ;    ; RE   ; 1      ; BLK_CLK_BUF_X40_Y0_N0_I3                ; BLK_CLK_BUF              ;
;   13.892 ;   0.107 ;    ; RE   ; 1      ; ROWCLKSEL_PREBUF_X40_Y0_N0_I3           ; ROWCLKSEL_PREBUF         ;
;   13.934 ;   0.042 ;    ; RE   ; 1      ; ROWCLKSEL_X40_Y0_N0_I1                  ; ROWCLKSEL                ;
;   13.934 ;   0.000 ;    ; RE   ; 1      ; GLOBAL_LOCAL_SEL_X40_Y0_N0_I1           ; GLOBAL_LOCAL_SEL         ;
;   14.194 ;   0.260 ;    ; RE   ; 1      ; IO_RE_X40_Y0_N74_I11                    ; IO_RE                    ;
;   14.194 ;   0.000 ;    ; RE   ; 1      ; IO_OUTPUT_ENABLE_PATH_RE_X40_Y0_N78_I6  ; IO_OUTPUT_ENABLE_PATH_RE ;
;   14.194 ;   0.000 ;    ; RE   ; 1      ; IO_OUTPUT_ENABLE_PATH_RE_X40_Y0_N78_I22 ; IO_OUTPUT_ENABLE_PATH_RE ;
;   14.194 ;   0.000 ;    ; RE   ; 1      ; IO_OUTPUT_ENABLE_PATH_RE_X40_Y0_N78_I14 ; IO_OUTPUT_ENABLE_PATH_RE ;
;   14.194 ;   0.000 ;    ; RE   ; 1      ; IO_OUTPUT_PATH_RE_X40_Y0_N82_I5         ; IO_OUTPUT_PATH_RE        ;
;   14.194 ;   0.000 ;    ; RE   ; 1      ; MP_DDIO_OUT_INPUT_X40_Y0_N84_I0         ; MP_DDIO_OUT_INPUT        ;
;   14.194 ;   0.000 ; RR ; IC   ; 1      ; DDIOOUTCELL_X40_Y0_N84                  ; host_rdata[8]~reg0|clk   ;
;   15.056 ;   0.862 ; RR ; CELL ; 1      ; DDIOOUTCELL_X40_Y0_N84                  ; host_rdata[8]~reg0       ;
;   15.304 ;   0.248 ;    ;      ;        ;                                         ; clock pessimism removed  ;
; 15.204   ; -0.100  ;    ;      ;        ;                                         ; clock uncertainty        ;
; 15.204   ; 0.000   ;    ; uTsu ; 1      ; DDIOOUTCELL_X40_Y0_N84                  ; host_rdata[8]~reg0       ;
+----------+---------+----+------+--------+-----------------------------------------+--------------------------+

----------------------------
; Extra Fitter Information ;
----------------------------
HTML report is unavailable in plain text report export.


Path #10: Recovery slack is 3.354 
===============================================================================
+-------------------------------------------------------+
; Path Summary                                          ;
+--------------------+----------------------------------+
; Property           ; Value                            ;
+--------------------+----------------------------------+
; From Node          ; reset_release:u_reset|core_rst_n ;
; To Node            ; host_rdata[17]~reg0              ;
; Launch Clock       ; clk                              ;
; Latch Clock        ; clk                              ;
; Data Arrival Time  ; 12.045                           ;
; Data Required Time ; 15.399                           ;
; Slack              ; 3.354                            ;
+--------------------+----------------------------------+

+--------------------------------------------------------------------------------------+
; Statistics                                                                           ;
+------------------------+--------+-------+-------------+------------+--------+--------+
; Property               ; Value  ; Count ; Total Delay ; % of Total ; Min    ; Max    ;
+------------------------+--------+-------+-------------+------------+--------+--------+
; Recovery Relationship  ; 10.000 ;       ;             ;            ;        ;        ;
; Clock Skew             ; 0.875  ;       ;             ;            ;        ;        ;
; Data Delay             ; 7.421  ;       ;             ;            ;        ;        ;
; Number of Logic Levels ;        ; 0     ;             ;            ;        ;        ;
; Physical Delays        ;        ;       ;             ;            ;        ;        ;
;  Arrival Path          ;        ;       ;             ;            ;        ;        ;
;   Clock                ;        ;       ;             ;            ;        ;        ;
;    IC                  ;        ; 3     ; -0.001      ; 0          ; -0.001 ; 0.000  ;
;    Cell                ;        ; 3     ; 1.780       ; 38         ; 0.335  ; 0.917  ;
;    Routing Element     ;        ; 25    ; 2.845       ; 62         ; 0.000  ; 1.032  ;
;   Data                 ;        ;       ;             ;            ;        ;        ;
;    IC                  ;        ; 1     ; -0.001      ; 0          ; -0.001 ; -0.001 ;
;    Cell                ;        ; 2     ; 0.754       ; 10         ; 0.000  ; 0.754  ;
;    uTco                ;        ; 1     ; 0.000       ; 0          ; 0.000  ; 0.000  ;
;    Routing Element     ;        ; 34    ; 6.668       ; 90         ; 0.000  ; 0.417  ;
;  Required Path         ;        ;       ;             ;            ;        ;        ;
;   Clock                ;        ;       ;             ;            ;        ;        ;
;    IC                  ;        ; 3     ; -0.001      ; 0          ; -0.001 ; 0.000  ;
;    Cell                ;        ; 3     ; 2.091       ; 40         ; 0.312  ; 0.917  ;
;    Routing Element     ;        ; 31    ; 3.161       ; 60         ; 0.000  ; 0.963  ;
+------------------------+--------+-------+-------------+------------+--------+--------+
Note: Negative delays are omitted from totals when calculating percentages

+-------------------------------------------------------------------------------------------------------------------------+
; Data Arrival Path                                                                                                       ;
+----------+----------+----+------+--------+-------------------------------------------+----------------------------------+
; Total    ; Incr     ; RF ; Type ; Fanout ; Location                                  ; Element                          ;
+----------+----------+----+------+--------+-------------------------------------------+----------------------------------+
; 0.000    ; 0.000    ;    ;      ;        ;                                           ; launch edge time                 ;
; 4.624    ; 4.624    ;    ;      ;        ;                                           ; clock path                       ;
;   0.000  ;   0.000  ;    ;      ;        ;                                           ; source latency                   ;
;   0.000  ;   0.000  ;    ;      ; 1      ; PIN_AC18                                  ; clk                              ;
;   0.000  ;   0.000  ;    ; RE   ; 1      ; IOPAD_X54_Y0_N0                           ; ARRIAV_IO_PAD                    ;
;   0.000  ;   0.000  ;    ; RE   ; 1      ; IO_PAD_OUTPUT_X54_Y0_N0_I1                ; IO_PAD_OUTPUT                    ;
;   0.000  ;   0.000  ;    ; RE   ; 1      ; IO_INPUT_BUFFER_INPUT_X54_Y0_N1_I0        ; IO_INPUT_BUFFER_INPUT            ;
;   0.000  ;   0.000  ; RR ; IC   ; 1      ; IOIBUF_X54_Y0_N1                          ; clk~input|i                      ;
;   0.917  ;   0.917  ; RR ; CELL ; 1      ; IOIBUF_X54_Y0_N1                          ; clk~input|o                      ;
;   0.917  ;   0.000  ;    ; RE   ; 1      ; IOIBUF_X54_Y0_N1                          ; ARRIAV_IO_IBUF                   ;
;   0.917  ;   0.000  ;    ; RE   ; 1      ; IO_INPUT_BUFFER_OUTPUT_X54_Y0_N1_I2       ; IO_INPUT_BUFFER_OUTPUT           ;
;   0.917  ;   0.000  ;    ; RE   ; 1      ; IO_RE_X54_Y0_N0_I96                       ; IO_RE                            ;
;   1.133  ;   0.216  ;    ; RE   ; 1      ; IO_RE_X54_Y0_N0_I66                       ; IO_RE                            ;
;   1.320  ;   0.187  ;    ; RE   ; 1      ; CLKBUF_CLUSTER_RE_X58_Y0_N0_I1614         ; CLKBUF_CLUSTER_RE                ;
;   1.320  ;   0.000  ;    ; RE   ; 1      ; CLKBUF_CLUSTER_RE_X58_Y0_N0_I488          ; CLKBUF_CLUSTER_RE                ;
;   1.320  ;   0.000  ;    ; RE   ; 1      ; GCLK_CLUSTER_RE_X58_Y0_N0_I10             ; GCLK_CLUSTER_RE                  ;
;   1.320  ;   0.000  ;    ; RE   ; 1      ; CLKBUFBLOCK_INPUT_X58_Y0_N1_I0            ; CLKBUFBLOCK_INPUT                ;
;   1.320  ;   0.000  ; RR ; IC   ; 1      ; CLKCTRL_G4                                ; clk~inputCLKENA0|inclk           ;
;   1.655  ;   0.335  ; RR ; CELL ; 49420  ; CLKCTRL_G4                                ; clk~inputCLKENA0|outclk          ;
;   1.655  ;   0.000  ;    ; RE   ; 1      ; CLKCTRL_G4                                ; ARRIAV_CLKBUF                    ;
;   1.655  ;   0.000  ;    ; RE   ; 1      ; CLKBUFBLOCK_OUTPUT_X58_Y0_N1_I2           ; CLKBUFBLOCK_OUTPUT               ;
;   1.655  ;   0.000  ;    ; RE   ; 1      ; GCLK_CLUSTER_RE_X58_Y0_N0_I12             ; GCLK_CLUSTER_RE                  ;
;   1.655  ;   0.000  ;    ; RE   ; 1      ; CLKBUF_CLUSTER_RE_X58_Y0_N0_I415          ; CLKBUF_CLUSTER_RE                ;
;   2.687  ;   1.032  ;    ; RE   ; 16     ; GLOBAL_CLOCK_X0_Y58_N0_I4                 ; GLOBAL_CLOCK                     ;
;   2.869  ;   0.182  ;    ; RE   ; 29     ; SPINE_CLOCK_X75_Y30_N0_I20                ; SPINE_CLOCK                      ;
;   3.329  ;   0.460  ;    ; RE   ; 1      ; SCLK_TO_ROWCLK_BUF_X75_Y57_N0_I121        ; SCLK_TO_ROWCLK_BUF               ;
;   3.418  ;   0.089  ;    ; RE   ; 2      ; SCLK_TO_ROWCLK_BUF_X75_Y57_N0_I124        ; SCLK_TO_ROWCLK_BUF               ;
;   3.856  ;   0.438  ;    ; RE   ; 13     ; LAB_CLK_X76_Y57_N0_I5                     ; LAB_CLK                          ;
;   4.002  ;   0.146  ;    ; RE   ; 1      ; BLK_CLK_BUF_X83_Y57_N0_I5                 ; BLK_CLK_BUF                      ;
;   4.058  ;   0.056  ;    ; RE   ; 1      ; ROWCLKSEL_PREBUF_X83_Y57_N0_I5            ; ROWCLKSEL_PREBUF                 ;
;   4.097  ;   0.039  ;    ; RE   ; 1      ; ROWCLKSEL_X83_Y57_N0_I1                   ; ROWCLKSEL                        ;
;   4.097  ;   0.000  ;    ; RE   ; 2      ; GLOBAL_LOCAL_SEL_X83_Y57_N0_I1            ; GLOBAL_LOCAL_SEL                 ;
;   4.097  ;   0.000  ;    ; RE   ; 3      ; LAB_INPUT_X83_Y57_N0_I0                   ; LAB_INPUT                        ;
;   4.096  ;   -0.001 ; RR ; IC   ; 1      ; FF_X83_Y57_N29                            ; u_reset|core_rst_n|clk           ;
;   4.624  ;   0.528  ; RR ; CELL ; 1      ; FF_X83_Y57_N29                            ; reset_release:u_reset|core_rst_n ;
; 12.045   ; 7.421    ;    ;      ;        ;                                           ; data path                        ;
;   4.624  ;   0.000  ;    ; uTco ; 1      ; FF_X83_Y57_N29                            ; reset_release:u_reset|core_rst_n ;
;   4.624  ;   0.000  ; FF ; CELL ; 3143   ; FF_X83_Y57_N29                            ; u_reset|core_rst_n|q             ;
;   4.685  ;   0.061  ;    ; RE   ; 1      ; FF_X83_Y57_N29                            ; ARRIAV_FF                        ;
;   4.765  ;   0.080  ;    ; RE   ; 4      ; LE_BUFFER_X83_Y57_N0_I19                  ; LE_BUFFER                        ;
;   5.065  ;   0.300  ;    ; RE   ; 8      ; C4_X82_Y53_N0_I7                          ; V_SEG4                           ;
;   5.438  ;   0.373  ;    ; RE   ; 4      ; C4_X82_Y49_N0_I7                          ; V_SEG4                           ;
;   5.732  ;   0.294  ;    ; RE   ; 3      ; C2_X82_Y48_N0_I19                         ; V_SEG2                           ;
;   5.987  ;   0.255  ;    ; RE   ; 1      ; R3_X80_Y48_N0_I17                         ; H_SEG3                           ;
;   6.204  ;   0.217  ;    ; RE   ; 1      ; R3_X77_Y48_N0_I22                         ; H_SEG3                           ;
;   6.505  ;   0.301  ;    ; RE   ; 4      ; C4_X77_Y44_N0_I9                          ; V_SEG4                           ;
;   6.912  ;   0.407  ;    ; RE   ; 6      ; C4_X77_Y40_N0_I9                          ; V_SEG4                           ;
;   7.207  ;   0.295  ;    ; RE   ; 2      ; R3_X75_Y40_N0_I23                         ; H_SEG3                           ;
;   7.207  ;   0.000  ;    ; RE   ; 1      ; R14_C12_INTERCONNECT_DRIVER_X77_Y40_N0_I2 ; WIRE_MUX                         ;
;   7.457  ;   0.250  ;    ; RE   ; 3      ; R14_X64_Y40_N0_I1                         ; H_SEG14                          ;
;   7.457  ;   0.000  ;    ; RE   ; 1      ; R14_C12_INTERCONNECT_DRIVER_X63_Y40_N0_I1 ; WIRE_MUX                         ;
;   7.819  ;   0.362  ;    ; RE   ; 4      ; C12_X63_Y28_N0_I1                         ; V_SEG12                          ;
;   7.819  ;   0.000  ;    ; RE   ; 1      ; R14_C12_INTERCONNECT_DRIVER_X63_Y28_N0_I0 ; WIRE_MUX                         ;
;   8.236  ;   0.417  ;    ; RE   ; 2      ; C12_X63_Y16_N0_I1                         ; V_SEG12                          ;
;   8.236  ;   0.000  ;    ; RE   ; 2      ; R14_C12_INTERCONNECT_DRIVER_X63_Y16_N0_I0 ; WIRE_MUX                         ;
;   8.611  ;   0.375  ;    ; RE   ; 1      ; R14_X50_Y16_N0_I1                         ; H_SEG14                          ;
;   8.611  ;   0.000  ;    ; RE   ; 1      ; R14_C12_INTERCONNECT_DRIVER_X49_Y16_N0_I1 ; WIRE_MUX                         ;
;   8.911  ;   0.300  ;    ; RE   ; 1      ; R14_X36_Y16_N0_I1                         ; H_SEG14                          ;
;   8.911  ;   0.000  ;    ; RE   ; 1      ; R14_C12_INTERCONNECT_DRIVER_X35_Y16_N0_I1 ; WIRE_MUX                         ;
;   9.181  ;   0.270  ;    ; RE   ; 2      ; R14_X22_Y16_N0_I1                         ; H_SEG14                          ;
;   9.181  ;   0.000  ;    ; RE   ; 1      ; R14_C12_INTERCONNECT_DRIVER_X21_Y16_N0_I1 ; WIRE_MUX                         ;
;   9.515  ;   0.334  ;    ; RE   ; 2      ; C12_X21_Y4_N0_I1                          ; V_SEG12                          ;
;   9.820  ;   0.305  ;    ; RE   ; 2      ; C2_X21_Y2_N0_I12                          ; V_SEG2                           ;
;   10.060 ;   0.240  ;    ; RE   ; 1      ; R3_X19_Y2_N0_I18                          ; H_SEG3                           ;
;   10.285 ;   0.225  ;    ; RE   ; 2      ; R3_X16_Y2_N0_I12                          ; H_SEG3                           ;
;   10.488 ;   0.203  ;    ; RE   ; 1      ; R3_X13_Y2_N0_I12                          ; H_SEG3                           ;
;   10.695 ;   0.207  ;    ; RE   ; 1      ; C4_X14_Y0_N0_I14                          ; V_SEG4                           ;
;   10.873 ;   0.178  ;    ; RE   ; 1      ; LOCAL_INTERCONNECT_X14_Y0_N0_I70          ; LAB_LINE                         ;
;   10.924 ;   0.051  ;    ; RE   ; 1      ; BLOCK_INPUT_MUX_PASSTHROUGH_X14_Y0_N0_I21 ; LEIM                             ;
;   11.292 ;   0.368  ;    ; RE   ; 1      ; IO_RE_X14_Y0_N34_I5                       ; IO_RE                            ;
;   11.292 ;   0.000  ;    ; RE   ; 1      ; IO_OUTPUT_PATH_RE_X14_Y0_N42_I9           ; IO_OUTPUT_PATH_RE                ;
;   11.292 ;   0.000  ;    ; RE   ; 1      ; MP_DDIO_OUT_INPUT_X14_Y0_N44_I3           ; MP_DDIO_OUT_INPUT                ;
;   11.291 ;   -0.001 ; FF ; IC   ; 1      ; DDIOOUTCELL_X14_Y0_N44                    ; host_rdata[17]~reg0|clrn         ;
;   12.045 ;   0.754  ; FF ; CELL ; 1      ; DDIOOUTCELL_X14_Y0_N44                    ; host_rdata[17]~reg0              ;
+----------+----------+----+------+--------+-------------------------------------------+----------------------------------+

+---------------------------------------------------------------------------------------------------------------+
; Data Required Path                                                                                            ;
+----------+----------+----+------+--------+-----------------------------------------+--------------------------+
; Total    ; Incr     ; RF ; Type ; Fanout ; Location                                ; Element                  ;
+----------+----------+----+------+--------+-----------------------------------------+--------------------------+
; 10.000   ; 10.000   ;    ;      ;        ;                                         ; latch edge time          ;
; 15.499   ; 5.499    ;    ;      ;        ;                                         ; clock path               ;
;   10.000 ;   0.000  ;    ;      ;        ;                                         ; source latency           ;
;   10.000 ;   0.000  ;    ;      ; 1      ; PIN_AC18                                ; clk                      ;
;   10.000 ;   0.000  ;    ; RE   ; 1      ; IOPAD_X54_Y0_N0                         ; ARRIAV_IO_PAD            ;
;   10.000 ;   0.000  ;    ; RE   ; 1      ; IO_PAD_OUTPUT_X54_Y0_N0_I1              ; IO_PAD_OUTPUT            ;
;   10.000 ;   0.000  ;    ; RE   ; 1      ; IO_INPUT_BUFFER_INPUT_X54_Y0_N1_I0      ; IO_INPUT_BUFFER_INPUT    ;
;   10.000 ;   0.000  ; RR ; IC   ; 1      ; IOIBUF_X54_Y0_N1                        ; clk~input|i              ;
;   10.917 ;   0.917  ; RR ; CELL ; 1      ; IOIBUF_X54_Y0_N1                        ; clk~input|o              ;
;   10.917 ;   0.000  ;    ; RE   ; 1      ; IOIBUF_X54_Y0_N1                        ; ARRIAV_IO_IBUF           ;
;   10.917 ;   0.000  ;    ; RE   ; 1      ; IO_INPUT_BUFFER_OUTPUT_X54_Y0_N1_I2     ; IO_INPUT_BUFFER_OUTPUT   ;
;   10.917 ;   0.000  ;    ; RE   ; 1      ; IO_RE_X54_Y0_N0_I96                     ; IO_RE                    ;
;   11.095 ;   0.178  ;    ; RE   ; 1      ; IO_RE_X54_Y0_N0_I66                     ; IO_RE                    ;
;   11.095 ;   0.000  ;    ; RE   ; 1      ; CLKBUF_CLUSTER_RE_X58_Y0_N0_I1614       ; CLKBUF_CLUSTER_RE        ;
;   11.095 ;   0.000  ;    ; RE   ; 1      ; CLKBUF_CLUSTER_RE_X58_Y0_N0_I488        ; CLKBUF_CLUSTER_RE        ;
;   11.095 ;   0.000  ;    ; RE   ; 1      ; GCLK_CLUSTER_RE_X58_Y0_N0_I10           ; GCLK_CLUSTER_RE          ;
;   11.095 ;   0.000  ;    ; RE   ; 1      ; CLKBUFBLOCK_INPUT_X58_Y0_N1_I0          ; CLKBUFBLOCK_INPUT        ;
;   11.095 ;   0.000  ; RR ; IC   ; 1      ; CLKCTRL_G4                              ; clk~inputCLKENA0|inclk   ;
;   11.407 ;   0.312  ; RR ; CELL ; 49420  ; CLKCTRL_G4                              ; clk~inputCLKENA0|outclk  ;
;   11.407 ;   0.000  ;    ; RE   ; 1      ; CLKCTRL_G4                              ; ARRIAV_CLKBUF            ;
;   11.407 ;   0.000  ;    ; RE   ; 1      ; CLKBUFBLOCK_OUTPUT_X58_Y0_N1_I2         ; CLKBUFBLOCK_OUTPUT       ;
;   11.407 ;   0.000  ;    ; RE   ; 1      ; GCLK_CLUSTER_RE_X58_Y0_N0_I12           ; GCLK_CLUSTER_RE          ;
;   11.407 ;   0.000  ;    ; RE   ; 1      ; CLKBUF_CLUSTER_RE_X58_Y0_N0_I415        ; CLKBUF_CLUSTER_RE        ;
;   12.370 ;   0.963  ;    ; RE   ; 16     ; GLOBAL_CLOCK_X0_Y58_N0_I4               ; GLOBAL_CLOCK             ;
;   12.548 ;   0.178  ;    ; RE   ; 29     ; SPINE_CLOCK_X15_Y0_N0_I20               ; SPINE_CLOCK              ;
;   13.006 ;   0.458  ;    ; RE   ; 1      ; SCLK_TO_ROWCLK_BUF_X15_Y1_N0_I121       ; SCLK_TO_ROWCLK_BUF       ;
;   13.085 ;   0.079  ;    ; RE   ; 1      ; SCLK_TO_ROWCLK_BUF_X15_Y1_N0_I124       ; SCLK_TO_ROWCLK_BUF       ;
;   13.536 ;   0.451  ;    ; RE   ; 12     ; TB_IO_CLK_X1_Y0_N0_I2                   ; TB_IO_CLK                ;
;   13.763 ;   0.227  ;    ; RE   ; 1      ; BLK_CLK_BUF_X14_Y0_N0_I2                ; BLK_CLK_BUF              ;
;   13.875 ;   0.112  ;    ; RE   ; 1      ; BLK_CLK_LIM_X14_Y0_N0_I2                ; BLK_CLK_LIM              ;
;   13.979 ;   0.104  ;    ; RE   ; 1      ; LOCAL_INTERCONNECT_X14_Y0_N0_I42        ; LAB_LINE                 ;
;   14.033 ;   0.054  ;    ; RE   ; 1      ; LEIMC_X14_Y0_N0_I1                      ; LEIMC                    ;
;   14.033 ;   0.000  ;    ; RE   ; 1      ; GLOBAL_LOCAL_SEL_X14_Y0_N0_I1           ; GLOBAL_LOCAL_SEL         ;
;   14.390 ;   0.357  ;    ; RE   ; 1      ; IO_RE_X14_Y0_N34_I11                    ; IO_RE                    ;
;   14.390 ;   0.000  ;    ; RE   ; 1      ; IO_OUTPUT_ENABLE_PATH_RE_X14_Y0_N38_I6  ; IO_OUTPUT_ENABLE_PATH_RE ;
;   14.390 ;   0.000  ;    ; RE   ; 1      ; IO_OUTPUT_ENABLE_PATH_RE_X14_Y0_N38_I22 ; IO_OUTPUT_ENABLE_PATH_RE ;
;   14.390 ;   0.000  ;    ; RE   ; 1      ; IO_OUTPUT_ENABLE_PATH_RE_X14_Y0_N38_I14 ; IO_OUTPUT_ENABLE_PATH_RE ;
;   14.390 ;   0.000  ;    ; RE   ; 1      ; IO_OUTPUT_PATH_RE_X14_Y0_N42_I5         ; IO_OUTPUT_PATH_RE        ;
;   14.390 ;   0.000  ;    ; RE   ; 1      ; MP_DDIO_OUT_INPUT_X14_Y0_N44_I0         ; MP_DDIO_OUT_INPUT        ;
;   14.389 ;   -0.001 ; RR ; IC   ; 1      ; DDIOOUTCELL_X14_Y0_N44                  ; host_rdata[17]~reg0|clk  ;
;   15.251 ;   0.862  ; RR ; CELL ; 1      ; DDIOOUTCELL_X14_Y0_N44                  ; host_rdata[17]~reg0      ;
;   15.499 ;   0.248  ;    ;      ;        ;                                         ; clock pessimism removed  ;
; 15.399   ; -0.100   ;    ;      ;        ;                                         ; clock uncertainty        ;
; 15.399   ; 0.000    ;    ; uTsu ; 1      ; DDIOOUTCELL_X14_Y0_N44                  ; host_rdata[17]~reg0      ;
+----------+----------+----+------+--------+-----------------------------------------+--------------------------+

----------------------------
; Extra Fitter Information ;
----------------------------
HTML report is unavailable in plain text report export.


Path #11: Recovery slack is 3.445 
===============================================================================
+-------------------------------------------------------+
; Path Summary                                          ;
+--------------------+----------------------------------+
; Property           ; Value                            ;
+--------------------+----------------------------------+
; From Node          ; reset_release:u_reset|core_rst_n ;
; To Node            ; host_rdata[6]~reg0               ;
; Launch Clock       ; clk                              ;
; Latch Clock        ; clk                              ;
; Data Arrival Time  ; 11.748                           ;
; Data Required Time ; 15.193                           ;
; Slack              ; 3.445                            ;
+--------------------+----------------------------------+

+-------------------------------------------------------------------------------------+
; Statistics                                                                          ;
+------------------------+--------+-------+-------------+------------+--------+-------+
; Property               ; Value  ; Count ; Total Delay ; % of Total ; Min    ; Max   ;
+------------------------+--------+-------+-------------+------------+--------+-------+
; Recovery Relationship  ; 10.000 ;       ;             ;            ;        ;       ;
; Clock Skew             ; 0.669  ;       ;             ;            ;        ;       ;
; Data Delay             ; 7.124  ;       ;             ;            ;        ;       ;
; Number of Logic Levels ;        ; 0     ;             ;            ;        ;       ;
; Physical Delays        ;        ;       ;             ;            ;        ;       ;
;  Arrival Path          ;        ;       ;             ;            ;        ;       ;
;   Clock                ;        ;       ;             ;            ;        ;       ;
;    IC                  ;        ; 3     ; -0.001      ; 0          ; -0.001 ; 0.000 ;
;    Cell                ;        ; 3     ; 1.780       ; 38         ; 0.335  ; 0.917 ;
;    Routing Element     ;        ; 25    ; 2.845       ; 62         ; 0.000  ; 1.032 ;
;   Data                 ;        ;       ;             ;            ;        ;       ;
;    IC                  ;        ; 1     ; 0.001       ; 0          ; 0.001  ; 0.001 ;
;    Cell                ;        ; 2     ; 0.754       ; 11         ; 0.000  ; 0.754 ;
;    uTco                ;        ; 1     ; 0.000       ; 0          ; 0.000  ; 0.000 ;
;    Routing Element     ;        ; 30    ; 6.369       ; 89         ; 0.000  ; 1.671 ;
;  Required Path         ;        ;       ;             ;            ;        ;       ;
;   Clock                ;        ;       ;             ;            ;        ;       ;
;    IC                  ;        ; 3     ; -0.001      ; 0          ; -0.001 ; 0.000 ;
;    Cell                ;        ; 3     ; 2.091       ; 41         ; 0.312  ; 0.917 ;
;    Routing Element     ;        ; 30    ; 2.955       ; 59         ; 0.000  ; 0.959 ;
+------------------------+--------+-------+-------------+------------+--------+-------+
Note: Negative delays are omitted from totals when calculating percentages

+-------------------------------------------------------------------------------------------------------------------------+
; Data Arrival Path                                                                                                       ;
+----------+----------+----+------+--------+-------------------------------------------+----------------------------------+
; Total    ; Incr     ; RF ; Type ; Fanout ; Location                                  ; Element                          ;
+----------+----------+----+------+--------+-------------------------------------------+----------------------------------+
; 0.000    ; 0.000    ;    ;      ;        ;                                           ; launch edge time                 ;
; 4.624    ; 4.624    ;    ;      ;        ;                                           ; clock path                       ;
;   0.000  ;   0.000  ;    ;      ;        ;                                           ; source latency                   ;
;   0.000  ;   0.000  ;    ;      ; 1      ; PIN_AC18                                  ; clk                              ;
;   0.000  ;   0.000  ;    ; RE   ; 1      ; IOPAD_X54_Y0_N0                           ; ARRIAV_IO_PAD                    ;
;   0.000  ;   0.000  ;    ; RE   ; 1      ; IO_PAD_OUTPUT_X54_Y0_N0_I1                ; IO_PAD_OUTPUT                    ;
;   0.000  ;   0.000  ;    ; RE   ; 1      ; IO_INPUT_BUFFER_INPUT_X54_Y0_N1_I0        ; IO_INPUT_BUFFER_INPUT            ;
;   0.000  ;   0.000  ; RR ; IC   ; 1      ; IOIBUF_X54_Y0_N1                          ; clk~input|i                      ;
;   0.917  ;   0.917  ; RR ; CELL ; 1      ; IOIBUF_X54_Y0_N1                          ; clk~input|o                      ;
;   0.917  ;   0.000  ;    ; RE   ; 1      ; IOIBUF_X54_Y0_N1                          ; ARRIAV_IO_IBUF                   ;
;   0.917  ;   0.000  ;    ; RE   ; 1      ; IO_INPUT_BUFFER_OUTPUT_X54_Y0_N1_I2       ; IO_INPUT_BUFFER_OUTPUT           ;
;   0.917  ;   0.000  ;    ; RE   ; 1      ; IO_RE_X54_Y0_N0_I96                       ; IO_RE                            ;
;   1.133  ;   0.216  ;    ; RE   ; 1      ; IO_RE_X54_Y0_N0_I66                       ; IO_RE                            ;
;   1.320  ;   0.187  ;    ; RE   ; 1      ; CLKBUF_CLUSTER_RE_X58_Y0_N0_I1614         ; CLKBUF_CLUSTER_RE                ;
;   1.320  ;   0.000  ;    ; RE   ; 1      ; CLKBUF_CLUSTER_RE_X58_Y0_N0_I488          ; CLKBUF_CLUSTER_RE                ;
;   1.320  ;   0.000  ;    ; RE   ; 1      ; GCLK_CLUSTER_RE_X58_Y0_N0_I10             ; GCLK_CLUSTER_RE                  ;
;   1.320  ;   0.000  ;    ; RE   ; 1      ; CLKBUFBLOCK_INPUT_X58_Y0_N1_I0            ; CLKBUFBLOCK_INPUT                ;
;   1.320  ;   0.000  ; RR ; IC   ; 1      ; CLKCTRL_G4                                ; clk~inputCLKENA0|inclk           ;
;   1.655  ;   0.335  ; RR ; CELL ; 49420  ; CLKCTRL_G4                                ; clk~inputCLKENA0|outclk          ;
;   1.655  ;   0.000  ;    ; RE   ; 1      ; CLKCTRL_G4                                ; ARRIAV_CLKBUF                    ;
;   1.655  ;   0.000  ;    ; RE   ; 1      ; CLKBUFBLOCK_OUTPUT_X58_Y0_N1_I2           ; CLKBUFBLOCK_OUTPUT               ;
;   1.655  ;   0.000  ;    ; RE   ; 1      ; GCLK_CLUSTER_RE_X58_Y0_N0_I12             ; GCLK_CLUSTER_RE                  ;
;   1.655  ;   0.000  ;    ; RE   ; 1      ; CLKBUF_CLUSTER_RE_X58_Y0_N0_I415          ; CLKBUF_CLUSTER_RE                ;
;   2.687  ;   1.032  ;    ; RE   ; 16     ; GLOBAL_CLOCK_X0_Y58_N0_I4                 ; GLOBAL_CLOCK                     ;
;   2.869  ;   0.182  ;    ; RE   ; 29     ; SPINE_CLOCK_X75_Y30_N0_I20                ; SPINE_CLOCK                      ;
;   3.329  ;   0.460  ;    ; RE   ; 1      ; SCLK_TO_ROWCLK_BUF_X75_Y57_N0_I121        ; SCLK_TO_ROWCLK_BUF               ;
;   3.418  ;   0.089  ;    ; RE   ; 2      ; SCLK_TO_ROWCLK_BUF_X75_Y57_N0_I124        ; SCLK_TO_ROWCLK_BUF               ;
;   3.856  ;   0.438  ;    ; RE   ; 13     ; LAB_CLK_X76_Y57_N0_I5                     ; LAB_CLK                          ;
;   4.002  ;   0.146  ;    ; RE   ; 1      ; BLK_CLK_BUF_X83_Y57_N0_I5                 ; BLK_CLK_BUF                      ;
;   4.058  ;   0.056  ;    ; RE   ; 1      ; ROWCLKSEL_PREBUF_X83_Y57_N0_I5            ; ROWCLKSEL_PREBUF                 ;
;   4.097  ;   0.039  ;    ; RE   ; 1      ; ROWCLKSEL_X83_Y57_N0_I1                   ; ROWCLKSEL                        ;
;   4.097  ;   0.000  ;    ; RE   ; 2      ; GLOBAL_LOCAL_SEL_X83_Y57_N0_I1            ; GLOBAL_LOCAL_SEL                 ;
;   4.097  ;   0.000  ;    ; RE   ; 3      ; LAB_INPUT_X83_Y57_N0_I0                   ; LAB_INPUT                        ;
;   4.096  ;   -0.001 ; RR ; IC   ; 1      ; FF_X83_Y57_N29                            ; u_reset|core_rst_n|clk           ;
;   4.624  ;   0.528  ; RR ; CELL ; 1      ; FF_X83_Y57_N29                            ; reset_release:u_reset|core_rst_n ;
; 11.748   ; 7.124    ;    ;      ;        ;                                           ; data path                        ;
;   4.624  ;   0.000  ;    ; uTco ; 1      ; FF_X83_Y57_N29                            ; reset_release:u_reset|core_rst_n ;
;   4.624  ;   0.000  ; FF ; CELL ; 3143   ; FF_X83_Y57_N29                            ; u_reset|core_rst_n|q             ;
;   4.685  ;   0.061  ;    ; RE   ; 1      ; FF_X83_Y57_N29                            ; ARRIAV_FF                        ;
;   4.765  ;   0.080  ;    ; RE   ; 4      ; LE_BUFFER_X83_Y57_N0_I19                  ; LE_BUFFER                        ;
;   4.972  ;   0.207  ;    ; RE   ; 2      ; R3_X83_Y57_N0_I11                         ; H_SEG3                           ;
;   4.972  ;   0.000  ;    ; RE   ; 1      ; R14_C12_INTERCONNECT_DRIVER_X84_Y57_N0_I3 ; WIRE_MUX                         ;
;   5.217  ;   0.245  ;    ; RE   ; 3      ; R14_X71_Y57_N0_I1                         ; H_SEG14                          ;
;   5.217  ;   0.000  ;    ; RE   ; 1      ; R14_C12_INTERCONNECT_DRIVER_X76_Y57_N0_I2 ; WIRE_MUX                         ;
;   5.493  ;   0.276  ;    ; RE   ; 6      ; R14_X63_Y57_N0_I1                         ; H_SEG14                          ;
;   5.493  ;   0.000  ;    ; RE   ; 2      ; R14_C12_INTERCONNECT_DRIVER_X62_Y57_N0_I2 ; WIRE_MUX                         ;
;   5.812  ;   0.319  ;    ; RE   ; 8      ; R14_X49_Y57_N0_I1                         ; H_SEG14                          ;
;   5.812  ;   0.000  ;    ; RE   ; 1      ; R14_C12_INTERCONNECT_DRIVER_X57_Y57_N0_I2 ; WIRE_MUX                         ;
;   6.192  ;   0.380  ;    ; RE   ; 6      ; C12_X57_Y45_N0_I1                         ; V_SEG12                          ;
;   6.192  ;   0.000  ;    ; RE   ; 1      ; R14_C12_INTERCONNECT_DRIVER_X57_Y45_N0_I0 ; WIRE_MUX                         ;
;   6.608  ;   0.416  ;    ; RE   ; 6      ; C12_X57_Y33_N0_I1                         ; V_SEG12                          ;
;   6.608  ;   0.000  ;    ; RE   ; 2      ; R14_C12_INTERCONNECT_DRIVER_X57_Y33_N0_I0 ; WIRE_MUX                         ;
;   7.006  ;   0.398  ;    ; RE   ; 1      ; C12_X57_Y21_N0_I1                         ; V_SEG12                          ;
;   7.006  ;   0.000  ;    ; RE   ; 1      ; R14_C12_INTERCONNECT_DRIVER_X57_Y21_N0_I0 ; WIRE_MUX                         ;
;   7.399  ;   0.393  ;    ; RE   ; 1      ; C12_X57_Y9_N0_I1                          ; V_SEG12                          ;
;   7.399  ;   0.000  ;    ; RE   ; 1      ; R14_C12_INTERCONNECT_DRIVER_X57_Y12_N0_I1 ; WIRE_MUX                         ;
;   7.726  ;   0.327  ;    ; RE   ; 1      ; R14_X44_Y12_N0_I1                         ; H_SEG14                          ;
;   7.726  ;   0.000  ;    ; RE   ; 1      ; R14_C12_INTERCONNECT_DRIVER_X52_Y12_N0_I0 ; WIRE_MUX                         ;
;   8.066  ;   0.340  ;    ; RE   ; 1      ; C12_X52_Y0_N0_I7                          ; V_SEG12                          ;
;   8.376  ;   0.310  ;    ; RE   ; 1      ; R3_X53_Y2_N0_I2                           ; H_SEG3                           ;
;   8.653  ;   0.277  ;    ; RE   ; 1      ; C2_X54_Y0_N0_I28                          ; V_SEG2                           ;
;   8.896  ;   0.243  ;    ; RE   ; 1      ; LOCAL_INTERCONNECT_X54_Y0_N0_I63          ; LAB_LINE                         ;
;   8.948  ;   0.052  ;    ; RE   ; 1      ; BLOCK_INPUT_MUX_PASSTHROUGH_X54_Y0_N0_I21 ; LEIM                             ;
;   9.225  ;   0.277  ;    ; RE   ; 1      ; HMCPHY_RE_X41_Y0_N0_I1446                 ; HMCPHY_RE                        ;
;   10.896 ;   1.671  ;    ; RE   ; 1      ; HMCPHY_RE_X41_Y0_N0_I2045                 ; HMCPHY_RE                        ;
;   10.993 ;   0.097  ;    ; RE   ; 1      ; IO_RE_X54_Y0_N34_I5                       ; IO_RE                            ;
;   10.993 ;   0.000  ;    ; RE   ; 1      ; IO_OUTPUT_PATH_RE_X54_Y0_N42_I9           ; IO_OUTPUT_PATH_RE                ;
;   10.993 ;   0.000  ;    ; RE   ; 1      ; MP_DDIO_OUT_INPUT_X54_Y0_N44_I3           ; MP_DDIO_OUT_INPUT                ;
;   10.994 ;   0.001  ; FF ; IC   ; 1      ; DDIOOUTCELL_X54_Y0_N44                    ; host_rdata[6]~reg0|clrn          ;
;   11.748 ;   0.754  ; FF ; CELL ; 1      ; DDIOOUTCELL_X54_Y0_N44                    ; host_rdata[6]~reg0               ;
+----------+----------+----+------+--------+-------------------------------------------+----------------------------------+

+---------------------------------------------------------------------------------------------------------------+
; Data Required Path                                                                                            ;
+----------+----------+----+------+--------+-----------------------------------------+--------------------------+
; Total    ; Incr     ; RF ; Type ; Fanout ; Location                                ; Element                  ;
+----------+----------+----+------+--------+-----------------------------------------+--------------------------+
; 10.000   ; 10.000   ;    ;      ;        ;                                         ; latch edge time          ;
; 15.293   ; 5.293    ;    ;      ;        ;                                         ; clock path               ;
;   10.000 ;   0.000  ;    ;      ;        ;                                         ; source latency           ;
;   10.000 ;   0.000  ;    ;      ; 1      ; PIN_AC18                                ; clk                      ;
;   10.000 ;   0.000  ;    ; RE   ; 1      ; IOPAD_X54_Y0_N0                         ; ARRIAV_IO_PAD            ;
;   10.000 ;   0.000  ;    ; RE   ; 1      ; IO_PAD_OUTPUT_X54_Y0_N0_I1              ; IO_PAD_OUTPUT            ;
;   10.000 ;   0.000  ;    ; RE   ; 1      ; IO_INPUT_BUFFER_INPUT_X54_Y0_N1_I0      ; IO_INPUT_BUFFER_INPUT    ;
;   10.000 ;   0.000  ; RR ; IC   ; 1      ; IOIBUF_X54_Y0_N1                        ; clk~input|i              ;
;   10.917 ;   0.917  ; RR ; CELL ; 1      ; IOIBUF_X54_Y0_N1                        ; clk~input|o              ;
;   10.917 ;   0.000  ;    ; RE   ; 1      ; IOIBUF_X54_Y0_N1                        ; ARRIAV_IO_IBUF           ;
;   10.917 ;   0.000  ;    ; RE   ; 1      ; IO_INPUT_BUFFER_OUTPUT_X54_Y0_N1_I2     ; IO_INPUT_BUFFER_OUTPUT   ;
;   10.917 ;   0.000  ;    ; RE   ; 1      ; IO_RE_X54_Y0_N0_I96                     ; IO_RE                    ;
;   11.095 ;   0.178  ;    ; RE   ; 1      ; IO_RE_X54_Y0_N0_I66                     ; IO_RE                    ;
;   11.095 ;   0.000  ;    ; RE   ; 1      ; CLKBUF_CLUSTER_RE_X58_Y0_N0_I1614       ; CLKBUF_CLUSTER_RE        ;
;   11.095 ;   0.000  ;    ; RE   ; 1      ; CLKBUF_CLUSTER_RE_X58_Y0_N0_I488        ; CLKBUF_CLUSTER_RE        ;
;   11.095 ;   0.000  ;    ; RE   ; 1      ; GCLK_CLUSTER_RE_X58_Y0_N0_I10           ; GCLK_CLUSTER_RE          ;
;   11.095 ;   0.000  ;    ; RE   ; 1      ; CLKBUFBLOCK_INPUT_X58_Y0_N1_I0          ; CLKBUFBLOCK_INPUT        ;
;   11.095 ;   0.000  ; RR ; IC   ; 1      ; CLKCTRL_G4                              ; clk~inputCLKENA0|inclk   ;
;   11.407 ;   0.312  ; RR ; CELL ; 49420  ; CLKCTRL_G4                              ; clk~inputCLKENA0|outclk  ;
;   11.407 ;   0.000  ;    ; RE   ; 1      ; CLKCTRL_G4                              ; ARRIAV_CLKBUF            ;
;   11.407 ;   0.000  ;    ; RE   ; 1      ; CLKBUFBLOCK_OUTPUT_X58_Y0_N1_I2         ; CLKBUFBLOCK_OUTPUT       ;
;   11.407 ;   0.000  ;    ; RE   ; 1      ; GCLK_CLUSTER_RE_X58_Y0_N0_I12           ; GCLK_CLUSTER_RE          ;
;   11.407 ;   0.000  ;    ; RE   ; 1      ; CLKBUF_CLUSTER_RE_X58_Y0_N0_I415        ; CLKBUF_CLUSTER_RE        ;
;   12.366 ;   0.959  ;    ; RE   ; 16     ; GLOBAL_CLOCK_X0_Y58_N0_I4               ; GLOBAL_CLOCK             ;
;   12.544 ;   0.178  ;    ; RE   ; 29     ; SPINE_CLOCK_X45_Y0_N0_I20               ; SPINE_CLOCK              ;
;   13.002 ;   0.458  ;    ; RE   ; 1      ; SCLK_TO_ROWCLK_BUF_X45_Y1_N0_I121       ; SCLK_TO_ROWCLK_BUF       ;
;   13.091 ;   0.089  ;    ; RE   ; 2      ; SCLK_TO_ROWCLK_BUF_X45_Y1_N0_I124       ; SCLK_TO_ROWCLK_BUF       ;
;   13.560 ;   0.469  ;    ; RE   ; 12     ; TB_IO_CLK_X31_Y0_N0_I3                  ; TB_IO_CLK                ;
;   13.790 ;   0.230  ;    ; RE   ; 1      ; BLK_CLK_BUF_X54_Y0_N0_I3                ; BLK_CLK_BUF              ;
;   13.896 ;   0.106  ;    ; RE   ; 1      ; ROWCLKSEL_PREBUF_X54_Y0_N0_I3           ; ROWCLKSEL_PREBUF         ;
;   13.937 ;   0.041  ;    ; RE   ; 1      ; ROWCLKSEL_X54_Y0_N0_I1                  ; ROWCLKSEL                ;
;   13.937 ;   0.000  ;    ; RE   ; 1      ; GLOBAL_LOCAL_SEL_X54_Y0_N0_I1           ; GLOBAL_LOCAL_SEL         ;
;   14.184 ;   0.247  ;    ; RE   ; 1      ; IO_RE_X54_Y0_N34_I11                    ; IO_RE                    ;
;   14.184 ;   0.000  ;    ; RE   ; 1      ; IO_OUTPUT_ENABLE_PATH_RE_X54_Y0_N38_I6  ; IO_OUTPUT_ENABLE_PATH_RE ;
;   14.184 ;   0.000  ;    ; RE   ; 1      ; IO_OUTPUT_ENABLE_PATH_RE_X54_Y0_N38_I22 ; IO_OUTPUT_ENABLE_PATH_RE ;
;   14.184 ;   0.000  ;    ; RE   ; 1      ; IO_OUTPUT_ENABLE_PATH_RE_X54_Y0_N38_I14 ; IO_OUTPUT_ENABLE_PATH_RE ;
;   14.184 ;   0.000  ;    ; RE   ; 1      ; IO_OUTPUT_PATH_RE_X54_Y0_N42_I5         ; IO_OUTPUT_PATH_RE        ;
;   14.184 ;   0.000  ;    ; RE   ; 1      ; MP_DDIO_OUT_INPUT_X54_Y0_N44_I0         ; MP_DDIO_OUT_INPUT        ;
;   14.183 ;   -0.001 ; RR ; IC   ; 1      ; DDIOOUTCELL_X54_Y0_N44                  ; host_rdata[6]~reg0|clk   ;
;   15.045 ;   0.862  ; RR ; CELL ; 1      ; DDIOOUTCELL_X54_Y0_N44                  ; host_rdata[6]~reg0       ;
;   15.293 ;   0.248  ;    ;      ;        ;                                         ; clock pessimism removed  ;
; 15.193   ; -0.100   ;    ;      ;        ;                                         ; clock uncertainty        ;
; 15.193   ; 0.000    ;    ; uTsu ; 1      ; DDIOOUTCELL_X54_Y0_N44                  ; host_rdata[6]~reg0       ;
+----------+----------+----+------+--------+-----------------------------------------+--------------------------+

----------------------------
; Extra Fitter Information ;
----------------------------
HTML report is unavailable in plain text report export.


Path #12: Recovery slack is 3.502 
===============================================================================
+-------------------------------------------------------+
; Path Summary                                          ;
+--------------------+----------------------------------+
; Property           ; Value                            ;
+--------------------+----------------------------------+
; From Node          ; reset_release:u_reset|core_rst_n ;
; To Node            ; host_rdata[24]~reg0              ;
; Launch Clock       ; clk                              ;
; Latch Clock        ; clk                              ;
; Data Arrival Time  ; 11.896                           ;
; Data Required Time ; 15.398                           ;
; Slack              ; 3.502                            ;
+--------------------+----------------------------------+

+--------------------------------------------------------------------------------------+
; Statistics                                                                           ;
+------------------------+--------+-------+-------------+------------+--------+--------+
; Property               ; Value  ; Count ; Total Delay ; % of Total ; Min    ; Max    ;
+------------------------+--------+-------+-------------+------------+--------+--------+
; Recovery Relationship  ; 10.000 ;       ;             ;            ;        ;        ;
; Clock Skew             ; 0.874  ;       ;             ;            ;        ;        ;
; Data Delay             ; 7.272  ;       ;             ;            ;        ;        ;
; Number of Logic Levels ;        ; 0     ;             ;            ;        ;        ;
; Physical Delays        ;        ;       ;             ;            ;        ;        ;
;  Arrival Path          ;        ;       ;             ;            ;        ;        ;
;   Clock                ;        ;       ;             ;            ;        ;        ;
;    IC                  ;        ; 3     ; -0.001      ; 0          ; -0.001 ; 0.000  ;
;    Cell                ;        ; 3     ; 1.780       ; 38         ; 0.335  ; 0.917  ;
;    Routing Element     ;        ; 25    ; 2.845       ; 62         ; 0.000  ; 1.032  ;
;   Data                 ;        ;       ;             ;            ;        ;        ;
;    IC                  ;        ; 1     ; -0.001      ; 0          ; -0.001 ; -0.001 ;
;    Cell                ;        ; 2     ; 0.754       ; 10         ; 0.000  ; 0.754  ;
;    uTco                ;        ; 1     ; 0.000       ; 0          ; 0.000  ; 0.000  ;
;    Routing Element     ;        ; 33    ; 6.519       ; 90         ; 0.000  ; 0.417  ;
;  Required Path         ;        ;       ;             ;            ;        ;        ;
;   Clock                ;        ;       ;             ;            ;        ;        ;
;    IC                  ;        ; 3     ; -0.002      ; 0          ; -0.002 ; 0.000  ;
;    Cell                ;        ; 3     ; 2.091       ; 40         ; 0.312  ; 0.917  ;
;    Routing Element     ;        ; 31    ; 3.161       ; 60         ; 0.000  ; 0.963  ;
+------------------------+--------+-------+-------------+------------+--------+--------+
Note: Negative delays are omitted from totals when calculating percentages

+-------------------------------------------------------------------------------------------------------------------------+
; Data Arrival Path                                                                                                       ;
+----------+----------+----+------+--------+-------------------------------------------+----------------------------------+
; Total    ; Incr     ; RF ; Type ; Fanout ; Location                                  ; Element                          ;
+----------+----------+----+------+--------+-------------------------------------------+----------------------------------+
; 0.000    ; 0.000    ;    ;      ;        ;                                           ; launch edge time                 ;
; 4.624    ; 4.624    ;    ;      ;        ;                                           ; clock path                       ;
;   0.000  ;   0.000  ;    ;      ;        ;                                           ; source latency                   ;
;   0.000  ;   0.000  ;    ;      ; 1      ; PIN_AC18                                  ; clk                              ;
;   0.000  ;   0.000  ;    ; RE   ; 1      ; IOPAD_X54_Y0_N0                           ; ARRIAV_IO_PAD                    ;
;   0.000  ;   0.000  ;    ; RE   ; 1      ; IO_PAD_OUTPUT_X54_Y0_N0_I1                ; IO_PAD_OUTPUT                    ;
;   0.000  ;   0.000  ;    ; RE   ; 1      ; IO_INPUT_BUFFER_INPUT_X54_Y0_N1_I0        ; IO_INPUT_BUFFER_INPUT            ;
;   0.000  ;   0.000  ; RR ; IC   ; 1      ; IOIBUF_X54_Y0_N1                          ; clk~input|i                      ;
;   0.917  ;   0.917  ; RR ; CELL ; 1      ; IOIBUF_X54_Y0_N1                          ; clk~input|o                      ;
;   0.917  ;   0.000  ;    ; RE   ; 1      ; IOIBUF_X54_Y0_N1                          ; ARRIAV_IO_IBUF                   ;
;   0.917  ;   0.000  ;    ; RE   ; 1      ; IO_INPUT_BUFFER_OUTPUT_X54_Y0_N1_I2       ; IO_INPUT_BUFFER_OUTPUT           ;
;   0.917  ;   0.000  ;    ; RE   ; 1      ; IO_RE_X54_Y0_N0_I96                       ; IO_RE                            ;
;   1.133  ;   0.216  ;    ; RE   ; 1      ; IO_RE_X54_Y0_N0_I66                       ; IO_RE                            ;
;   1.320  ;   0.187  ;    ; RE   ; 1      ; CLKBUF_CLUSTER_RE_X58_Y0_N0_I1614         ; CLKBUF_CLUSTER_RE                ;
;   1.320  ;   0.000  ;    ; RE   ; 1      ; CLKBUF_CLUSTER_RE_X58_Y0_N0_I488          ; CLKBUF_CLUSTER_RE                ;
;   1.320  ;   0.000  ;    ; RE   ; 1      ; GCLK_CLUSTER_RE_X58_Y0_N0_I10             ; GCLK_CLUSTER_RE                  ;
;   1.320  ;   0.000  ;    ; RE   ; 1      ; CLKBUFBLOCK_INPUT_X58_Y0_N1_I0            ; CLKBUFBLOCK_INPUT                ;
;   1.320  ;   0.000  ; RR ; IC   ; 1      ; CLKCTRL_G4                                ; clk~inputCLKENA0|inclk           ;
;   1.655  ;   0.335  ; RR ; CELL ; 49420  ; CLKCTRL_G4                                ; clk~inputCLKENA0|outclk          ;
;   1.655  ;   0.000  ;    ; RE   ; 1      ; CLKCTRL_G4                                ; ARRIAV_CLKBUF                    ;
;   1.655  ;   0.000  ;    ; RE   ; 1      ; CLKBUFBLOCK_OUTPUT_X58_Y0_N1_I2           ; CLKBUFBLOCK_OUTPUT               ;
;   1.655  ;   0.000  ;    ; RE   ; 1      ; GCLK_CLUSTER_RE_X58_Y0_N0_I12             ; GCLK_CLUSTER_RE                  ;
;   1.655  ;   0.000  ;    ; RE   ; 1      ; CLKBUF_CLUSTER_RE_X58_Y0_N0_I415          ; CLKBUF_CLUSTER_RE                ;
;   2.687  ;   1.032  ;    ; RE   ; 16     ; GLOBAL_CLOCK_X0_Y58_N0_I4                 ; GLOBAL_CLOCK                     ;
;   2.869  ;   0.182  ;    ; RE   ; 29     ; SPINE_CLOCK_X75_Y30_N0_I20                ; SPINE_CLOCK                      ;
;   3.329  ;   0.460  ;    ; RE   ; 1      ; SCLK_TO_ROWCLK_BUF_X75_Y57_N0_I121        ; SCLK_TO_ROWCLK_BUF               ;
;   3.418  ;   0.089  ;    ; RE   ; 2      ; SCLK_TO_ROWCLK_BUF_X75_Y57_N0_I124        ; SCLK_TO_ROWCLK_BUF               ;
;   3.856  ;   0.438  ;    ; RE   ; 13     ; LAB_CLK_X76_Y57_N0_I5                     ; LAB_CLK                          ;
;   4.002  ;   0.146  ;    ; RE   ; 1      ; BLK_CLK_BUF_X83_Y57_N0_I5                 ; BLK_CLK_BUF                      ;
;   4.058  ;   0.056  ;    ; RE   ; 1      ; ROWCLKSEL_PREBUF_X83_Y57_N0_I5            ; ROWCLKSEL_PREBUF                 ;
;   4.097  ;   0.039  ;    ; RE   ; 1      ; ROWCLKSEL_X83_Y57_N0_I1                   ; ROWCLKSEL                        ;
;   4.097  ;   0.000  ;    ; RE   ; 2      ; GLOBAL_LOCAL_SEL_X83_Y57_N0_I1            ; GLOBAL_LOCAL_SEL                 ;
;   4.097  ;   0.000  ;    ; RE   ; 3      ; LAB_INPUT_X83_Y57_N0_I0                   ; LAB_INPUT                        ;
;   4.096  ;   -0.001 ; RR ; IC   ; 1      ; FF_X83_Y57_N29                            ; u_reset|core_rst_n|clk           ;
;   4.624  ;   0.528  ; RR ; CELL ; 1      ; FF_X83_Y57_N29                            ; reset_release:u_reset|core_rst_n ;
; 11.896   ; 7.272    ;    ;      ;        ;                                           ; data path                        ;
;   4.624  ;   0.000  ;    ; uTco ; 1      ; FF_X83_Y57_N29                            ; reset_release:u_reset|core_rst_n ;
;   4.624  ;   0.000  ; FF ; CELL ; 3143   ; FF_X83_Y57_N29                            ; u_reset|core_rst_n|q             ;
;   4.685  ;   0.061  ;    ; RE   ; 1      ; FF_X83_Y57_N29                            ; ARRIAV_FF                        ;
;   4.765  ;   0.080  ;    ; RE   ; 4      ; LE_BUFFER_X83_Y57_N0_I19                  ; LE_BUFFER                        ;
;   5.065  ;   0.300  ;    ; RE   ; 8      ; C4_X82_Y53_N0_I7                          ; V_SEG4                           ;
;   5.438  ;   0.373  ;    ; RE   ; 4      ; C4_X82_Y49_N0_I7                          ; V_SEG4                           ;
;   5.732  ;   0.294  ;    ; RE   ; 3      ; C2_X82_Y48_N0_I19                         ; V_SEG2                           ;
;   5.987  ;   0.255  ;    ; RE   ; 1      ; R3_X80_Y48_N0_I17                         ; H_SEG3                           ;
;   6.204  ;   0.217  ;    ; RE   ; 1      ; R3_X77_Y48_N0_I22                         ; H_SEG3                           ;
;   6.505  ;   0.301  ;    ; RE   ; 4      ; C4_X77_Y44_N0_I9                          ; V_SEG4                           ;
;   6.912  ;   0.407  ;    ; RE   ; 6      ; C4_X77_Y40_N0_I9                          ; V_SEG4                           ;
;   7.207  ;   0.295  ;    ; RE   ; 2      ; R3_X75_Y40_N0_I23                         ; H_SEG3                           ;
;   7.207  ;   0.000  ;    ; RE   ; 1      ; R14_C12_INTERCONNECT_DRIVER_X77_Y40_N0_I2 ; WIRE_MUX                         ;
;   7.457  ;   0.250  ;    ; RE   ; 3      ; R14_X64_Y40_N0_I1                         ; H_SEG14                          ;
;   7.457  ;   0.000  ;    ; RE   ; 1      ; R14_C12_INTERCONNECT_DRIVER_X63_Y40_N0_I1 ; WIRE_MUX                         ;
;   7.819  ;   0.362  ;    ; RE   ; 4      ; C12_X63_Y28_N0_I1                         ; V_SEG12                          ;
;   7.819  ;   0.000  ;    ; RE   ; 1      ; R14_C12_INTERCONNECT_DRIVER_X63_Y28_N0_I0 ; WIRE_MUX                         ;
;   8.236  ;   0.417  ;    ; RE   ; 2      ; C12_X63_Y16_N0_I1                         ; V_SEG12                          ;
;   8.236  ;   0.000  ;    ; RE   ; 2      ; R14_C12_INTERCONNECT_DRIVER_X63_Y16_N0_I0 ; WIRE_MUX                         ;
;   8.611  ;   0.375  ;    ; RE   ; 1      ; R14_X50_Y16_N0_I1                         ; H_SEG14                          ;
;   8.611  ;   0.000  ;    ; RE   ; 1      ; R14_C12_INTERCONNECT_DRIVER_X49_Y16_N0_I1 ; WIRE_MUX                         ;
;   8.911  ;   0.300  ;    ; RE   ; 1      ; R14_X36_Y16_N0_I1                         ; H_SEG14                          ;
;   8.911  ;   0.000  ;    ; RE   ; 1      ; R14_C12_INTERCONNECT_DRIVER_X35_Y16_N0_I1 ; WIRE_MUX                         ;
;   9.181  ;   0.270  ;    ; RE   ; 2      ; R14_X22_Y16_N0_I1                         ; H_SEG14                          ;
;   9.181  ;   0.000  ;    ; RE   ; 1      ; R14_C12_INTERCONNECT_DRIVER_X21_Y16_N0_I1 ; WIRE_MUX                         ;
;   9.515  ;   0.334  ;    ; RE   ; 2      ; C12_X21_Y4_N0_I1                          ; V_SEG12                          ;
;   9.820  ;   0.305  ;    ; RE   ; 2      ; C2_X21_Y2_N0_I12                          ; V_SEG2                           ;
;   10.060 ;   0.240  ;    ; RE   ; 1      ; R3_X19_Y2_N0_I18                          ; H_SEG3                           ;
;   10.257 ;   0.197  ;    ; RE   ; 2      ; R3_X16_Y2_N0_I12                          ; H_SEG3                           ;
;   10.492 ;   0.235  ;    ; RE   ; 2      ; C4_X17_Y0_N0_I12                          ; V_SEG4                           ;
;   10.713 ;   0.221  ;    ; RE   ; 1      ; LOCAL_INTERCONNECT_X17_Y0_N0_I70          ; LAB_LINE                         ;
;   10.765 ;   0.052  ;    ; RE   ; 1      ; BLOCK_INPUT_MUX_PASSTHROUGH_X17_Y0_N0_I21 ; LEIM                             ;
;   11.143 ;   0.378  ;    ; RE   ; 1      ; IO_RE_X17_Y0_N74_I5                       ; IO_RE                            ;
;   11.143 ;   0.000  ;    ; RE   ; 1      ; IO_OUTPUT_PATH_RE_X17_Y0_N82_I9           ; IO_OUTPUT_PATH_RE                ;
;   11.143 ;   0.000  ;    ; RE   ; 1      ; MP_DDIO_OUT_INPUT_X17_Y0_N84_I3           ; MP_DDIO_OUT_INPUT                ;
;   11.142 ;   -0.001 ; FF ; IC   ; 1      ; DDIOOUTCELL_X17_Y0_N84                    ; host_rdata[24]~reg0|clrn         ;
;   11.896 ;   0.754  ; FF ; CELL ; 1      ; DDIOOUTCELL_X17_Y0_N84                    ; host_rdata[24]~reg0              ;
+----------+----------+----+------+--------+-------------------------------------------+----------------------------------+

+---------------------------------------------------------------------------------------------------------------+
; Data Required Path                                                                                            ;
+----------+----------+----+------+--------+-----------------------------------------+--------------------------+
; Total    ; Incr     ; RF ; Type ; Fanout ; Location                                ; Element                  ;
+----------+----------+----+------+--------+-----------------------------------------+--------------------------+
; 10.000   ; 10.000   ;    ;      ;        ;                                         ; latch edge time          ;
; 15.498   ; 5.498    ;    ;      ;        ;                                         ; clock path               ;
;   10.000 ;   0.000  ;    ;      ;        ;                                         ; source latency           ;
;   10.000 ;   0.000  ;    ;      ; 1      ; PIN_AC18                                ; clk                      ;
;   10.000 ;   0.000  ;    ; RE   ; 1      ; IOPAD_X54_Y0_N0                         ; ARRIAV_IO_PAD            ;
;   10.000 ;   0.000  ;    ; RE   ; 1      ; IO_PAD_OUTPUT_X54_Y0_N0_I1              ; IO_PAD_OUTPUT            ;
;   10.000 ;   0.000  ;    ; RE   ; 1      ; IO_INPUT_BUFFER_INPUT_X54_Y0_N1_I0      ; IO_INPUT_BUFFER_INPUT    ;
;   10.000 ;   0.000  ; RR ; IC   ; 1      ; IOIBUF_X54_Y0_N1                        ; clk~input|i              ;
;   10.917 ;   0.917  ; RR ; CELL ; 1      ; IOIBUF_X54_Y0_N1                        ; clk~input|o              ;
;   10.917 ;   0.000  ;    ; RE   ; 1      ; IOIBUF_X54_Y0_N1                        ; ARRIAV_IO_IBUF           ;
;   10.917 ;   0.000  ;    ; RE   ; 1      ; IO_INPUT_BUFFER_OUTPUT_X54_Y0_N1_I2     ; IO_INPUT_BUFFER_OUTPUT   ;
;   10.917 ;   0.000  ;    ; RE   ; 1      ; IO_RE_X54_Y0_N0_I96                     ; IO_RE                    ;
;   11.095 ;   0.178  ;    ; RE   ; 1      ; IO_RE_X54_Y0_N0_I66                     ; IO_RE                    ;
;   11.095 ;   0.000  ;    ; RE   ; 1      ; CLKBUF_CLUSTER_RE_X58_Y0_N0_I1614       ; CLKBUF_CLUSTER_RE        ;
;   11.095 ;   0.000  ;    ; RE   ; 1      ; CLKBUF_CLUSTER_RE_X58_Y0_N0_I488        ; CLKBUF_CLUSTER_RE        ;
;   11.095 ;   0.000  ;    ; RE   ; 1      ; GCLK_CLUSTER_RE_X58_Y0_N0_I10           ; GCLK_CLUSTER_RE          ;
;   11.095 ;   0.000  ;    ; RE   ; 1      ; CLKBUFBLOCK_INPUT_X58_Y0_N1_I0          ; CLKBUFBLOCK_INPUT        ;
;   11.095 ;   0.000  ; RR ; IC   ; 1      ; CLKCTRL_G4                              ; clk~inputCLKENA0|inclk   ;
;   11.407 ;   0.312  ; RR ; CELL ; 49420  ; CLKCTRL_G4                              ; clk~inputCLKENA0|outclk  ;
;   11.407 ;   0.000  ;    ; RE   ; 1      ; CLKCTRL_G4                              ; ARRIAV_CLKBUF            ;
;   11.407 ;   0.000  ;    ; RE   ; 1      ; CLKBUFBLOCK_OUTPUT_X58_Y0_N1_I2         ; CLKBUFBLOCK_OUTPUT       ;
;   11.407 ;   0.000  ;    ; RE   ; 1      ; GCLK_CLUSTER_RE_X58_Y0_N0_I12           ; GCLK_CLUSTER_RE          ;
;   11.407 ;   0.000  ;    ; RE   ; 1      ; CLKBUF_CLUSTER_RE_X58_Y0_N0_I415        ; CLKBUF_CLUSTER_RE        ;
;   12.370 ;   0.963  ;    ; RE   ; 16     ; GLOBAL_CLOCK_X0_Y58_N0_I4               ; GLOBAL_CLOCK             ;
;   12.548 ;   0.178  ;    ; RE   ; 29     ; SPINE_CLOCK_X15_Y0_N0_I20               ; SPINE_CLOCK              ;
;   13.006 ;   0.458  ;    ; RE   ; 1      ; SCLK_TO_ROWCLK_BUF_X15_Y1_N0_I121       ; SCLK_TO_ROWCLK_BUF       ;
;   13.085 ;   0.079  ;    ; RE   ; 1      ; SCLK_TO_ROWCLK_BUF_X15_Y1_N0_I124       ; SCLK_TO_ROWCLK_BUF       ;
;   13.533 ;   0.448  ;    ; RE   ; 12     ; TB_IO_CLK_X1_Y0_N0_I2                   ; TB_IO_CLK                ;
;   13.761 ;   0.228  ;    ; RE   ; 1      ; BLK_CLK_BUF_X17_Y0_N0_I2                ; BLK_CLK_BUF              ;
;   13.874 ;   0.113  ;    ; RE   ; 1      ; BLK_CLK_LIM_X17_Y0_N0_I2                ; BLK_CLK_LIM              ;
;   13.978 ;   0.104  ;    ; RE   ; 1      ; LOCAL_INTERCONNECT_X17_Y0_N0_I42        ; LAB_LINE                 ;
;   14.032 ;   0.054  ;    ; RE   ; 1      ; LEIMC_X17_Y0_N0_I1                      ; LEIMC                    ;
;   14.032 ;   0.000  ;    ; RE   ; 1      ; GLOBAL_LOCAL_SEL_X17_Y0_N0_I1           ; GLOBAL_LOCAL_SEL         ;
;   14.390 ;   0.358  ;    ; RE   ; 1      ; IO_RE_X17_Y0_N74_I11                    ; IO_RE                    ;
;   14.390 ;   0.000  ;    ; RE   ; 1      ; IO_OUTPUT_ENABLE_PATH_RE_X17_Y0_N78_I6  ; IO_OUTPUT_ENABLE_PATH_RE ;
;   14.390 ;   0.000  ;    ; RE   ; 1      ; IO_OUTPUT_ENABLE_PATH_RE_X17_Y0_N78_I22 ; IO_OUTPUT_ENABLE_PATH_RE ;
;   14.390 ;   0.000  ;    ; RE   ; 1      ; IO_OUTPUT_ENABLE_PATH_RE_X17_Y0_N78_I14 ; IO_OUTPUT_ENABLE_PATH_RE ;
;   14.390 ;   0.000  ;    ; RE   ; 1      ; IO_OUTPUT_PATH_RE_X17_Y0_N82_I5         ; IO_OUTPUT_PATH_RE        ;
;   14.390 ;   0.000  ;    ; RE   ; 1      ; MP_DDIO_OUT_INPUT_X17_Y0_N84_I0         ; MP_DDIO_OUT_INPUT        ;
;   14.388 ;   -0.002 ; RR ; IC   ; 1      ; DDIOOUTCELL_X17_Y0_N84                  ; host_rdata[24]~reg0|clk  ;
;   15.250 ;   0.862  ; RR ; CELL ; 1      ; DDIOOUTCELL_X17_Y0_N84                  ; host_rdata[24]~reg0      ;
;   15.498 ;   0.248  ;    ;      ;        ;                                         ; clock pessimism removed  ;
; 15.398   ; -0.100   ;    ;      ;        ;                                         ; clock uncertainty        ;
; 15.398   ; 0.000    ;    ; uTsu ; 1      ; DDIOOUTCELL_X17_Y0_N84                  ; host_rdata[24]~reg0      ;
+----------+----------+----+------+--------+-----------------------------------------+--------------------------+

----------------------------
; Extra Fitter Information ;
----------------------------
HTML report is unavailable in plain text report export.


Path #13: Recovery slack is 3.505 
===============================================================================
+-------------------------------------------------------+
; Path Summary                                          ;
+--------------------+----------------------------------+
; Property           ; Value                            ;
+--------------------+----------------------------------+
; From Node          ; reset_release:u_reset|core_rst_n ;
; To Node            ; host_rdata[15]~reg0              ;
; Launch Clock       ; clk                              ;
; Latch Clock        ; clk                              ;
; Data Arrival Time  ; 11.901                           ;
; Data Required Time ; 15.406                           ;
; Slack              ; 3.505                            ;
+--------------------+----------------------------------+

+--------------------------------------------------------------------------------------+
; Statistics                                                                           ;
+------------------------+--------+-------+-------------+------------+--------+--------+
; Property               ; Value  ; Count ; Total Delay ; % of Total ; Min    ; Max    ;
+------------------------+--------+-------+-------------+------------+--------+--------+
; Recovery Relationship  ; 10.000 ;       ;             ;            ;        ;        ;
; Clock Skew             ; 0.882  ;       ;             ;            ;        ;        ;
; Data Delay             ; 7.277  ;       ;             ;            ;        ;        ;
; Number of Logic Levels ;        ; 0     ;             ;            ;        ;        ;
; Physical Delays        ;        ;       ;             ;            ;        ;        ;
;  Arrival Path          ;        ;       ;             ;            ;        ;        ;
;   Clock                ;        ;       ;             ;            ;        ;        ;
;    IC                  ;        ; 3     ; -0.001      ; 0          ; -0.001 ; 0.000  ;
;    Cell                ;        ; 3     ; 1.780       ; 38         ; 0.335  ; 0.917  ;
;    Routing Element     ;        ; 25    ; 2.845       ; 62         ; 0.000  ; 1.032  ;
;   Data                 ;        ;       ;             ;            ;        ;        ;
;    IC                  ;        ; 1     ; -0.001      ; 0          ; -0.001 ; -0.001 ;
;    Cell                ;        ; 2     ; 0.754       ; 10         ; 0.000  ; 0.754  ;
;    uTco                ;        ; 1     ; 0.000       ; 0          ; 0.000  ; 0.000  ;
;    Routing Element     ;        ; 33    ; 6.524       ; 90         ; 0.000  ; 0.417  ;
;  Required Path         ;        ;       ;             ;            ;        ;        ;
;   Clock                ;        ;       ;             ;            ;        ;        ;
;    IC                  ;        ; 3     ; 0.001       ; 0          ; 0.000  ; 0.001  ;
;    Cell                ;        ; 3     ; 2.091       ; 40         ; 0.312  ; 0.917  ;
;    Routing Element     ;        ; 31    ; 3.166       ; 60         ; 0.000  ; 0.963  ;
+------------------------+--------+-------+-------------+------------+--------+--------+
Note: Negative delays are omitted from totals when calculating percentages

+-------------------------------------------------------------------------------------------------------------------------+
; Data Arrival Path                                                                                                       ;
+----------+----------+----+------+--------+-------------------------------------------+----------------------------------+
; Total    ; Incr     ; RF ; Type ; Fanout ; Location                                  ; Element                          ;
+----------+----------+----+------+--------+-------------------------------------------+----------------------------------+
; 0.000    ; 0.000    ;    ;      ;        ;                                           ; launch edge time                 ;
; 4.624    ; 4.624    ;    ;      ;        ;                                           ; clock path                       ;
;   0.000  ;   0.000  ;    ;      ;        ;                                           ; source latency                   ;
;   0.000  ;   0.000  ;    ;      ; 1      ; PIN_AC18                                  ; clk                              ;
;   0.000  ;   0.000  ;    ; RE   ; 1      ; IOPAD_X54_Y0_N0                           ; ARRIAV_IO_PAD                    ;
;   0.000  ;   0.000  ;    ; RE   ; 1      ; IO_PAD_OUTPUT_X54_Y0_N0_I1                ; IO_PAD_OUTPUT                    ;
;   0.000  ;   0.000  ;    ; RE   ; 1      ; IO_INPUT_BUFFER_INPUT_X54_Y0_N1_I0        ; IO_INPUT_BUFFER_INPUT            ;
;   0.000  ;   0.000  ; RR ; IC   ; 1      ; IOIBUF_X54_Y0_N1                          ; clk~input|i                      ;
;   0.917  ;   0.917  ; RR ; CELL ; 1      ; IOIBUF_X54_Y0_N1                          ; clk~input|o                      ;
;   0.917  ;   0.000  ;    ; RE   ; 1      ; IOIBUF_X54_Y0_N1                          ; ARRIAV_IO_IBUF                   ;
;   0.917  ;   0.000  ;    ; RE   ; 1      ; IO_INPUT_BUFFER_OUTPUT_X54_Y0_N1_I2       ; IO_INPUT_BUFFER_OUTPUT           ;
;   0.917  ;   0.000  ;    ; RE   ; 1      ; IO_RE_X54_Y0_N0_I96                       ; IO_RE                            ;
;   1.133  ;   0.216  ;    ; RE   ; 1      ; IO_RE_X54_Y0_N0_I66                       ; IO_RE                            ;
;   1.320  ;   0.187  ;    ; RE   ; 1      ; CLKBUF_CLUSTER_RE_X58_Y0_N0_I1614         ; CLKBUF_CLUSTER_RE                ;
;   1.320  ;   0.000  ;    ; RE   ; 1      ; CLKBUF_CLUSTER_RE_X58_Y0_N0_I488          ; CLKBUF_CLUSTER_RE                ;
;   1.320  ;   0.000  ;    ; RE   ; 1      ; GCLK_CLUSTER_RE_X58_Y0_N0_I10             ; GCLK_CLUSTER_RE                  ;
;   1.320  ;   0.000  ;    ; RE   ; 1      ; CLKBUFBLOCK_INPUT_X58_Y0_N1_I0            ; CLKBUFBLOCK_INPUT                ;
;   1.320  ;   0.000  ; RR ; IC   ; 1      ; CLKCTRL_G4                                ; clk~inputCLKENA0|inclk           ;
;   1.655  ;   0.335  ; RR ; CELL ; 49420  ; CLKCTRL_G4                                ; clk~inputCLKENA0|outclk          ;
;   1.655  ;   0.000  ;    ; RE   ; 1      ; CLKCTRL_G4                                ; ARRIAV_CLKBUF                    ;
;   1.655  ;   0.000  ;    ; RE   ; 1      ; CLKBUFBLOCK_OUTPUT_X58_Y0_N1_I2           ; CLKBUFBLOCK_OUTPUT               ;
;   1.655  ;   0.000  ;    ; RE   ; 1      ; GCLK_CLUSTER_RE_X58_Y0_N0_I12             ; GCLK_CLUSTER_RE                  ;
;   1.655  ;   0.000  ;    ; RE   ; 1      ; CLKBUF_CLUSTER_RE_X58_Y0_N0_I415          ; CLKBUF_CLUSTER_RE                ;
;   2.687  ;   1.032  ;    ; RE   ; 16     ; GLOBAL_CLOCK_X0_Y58_N0_I4                 ; GLOBAL_CLOCK                     ;
;   2.869  ;   0.182  ;    ; RE   ; 29     ; SPINE_CLOCK_X75_Y30_N0_I20                ; SPINE_CLOCK                      ;
;   3.329  ;   0.460  ;    ; RE   ; 1      ; SCLK_TO_ROWCLK_BUF_X75_Y57_N0_I121        ; SCLK_TO_ROWCLK_BUF               ;
;   3.418  ;   0.089  ;    ; RE   ; 2      ; SCLK_TO_ROWCLK_BUF_X75_Y57_N0_I124        ; SCLK_TO_ROWCLK_BUF               ;
;   3.856  ;   0.438  ;    ; RE   ; 13     ; LAB_CLK_X76_Y57_N0_I5                     ; LAB_CLK                          ;
;   4.002  ;   0.146  ;    ; RE   ; 1      ; BLK_CLK_BUF_X83_Y57_N0_I5                 ; BLK_CLK_BUF                      ;
;   4.058  ;   0.056  ;    ; RE   ; 1      ; ROWCLKSEL_PREBUF_X83_Y57_N0_I5            ; ROWCLKSEL_PREBUF                 ;
;   4.097  ;   0.039  ;    ; RE   ; 1      ; ROWCLKSEL_X83_Y57_N0_I1                   ; ROWCLKSEL                        ;
;   4.097  ;   0.000  ;    ; RE   ; 2      ; GLOBAL_LOCAL_SEL_X83_Y57_N0_I1            ; GLOBAL_LOCAL_SEL                 ;
;   4.097  ;   0.000  ;    ; RE   ; 3      ; LAB_INPUT_X83_Y57_N0_I0                   ; LAB_INPUT                        ;
;   4.096  ;   -0.001 ; RR ; IC   ; 1      ; FF_X83_Y57_N29                            ; u_reset|core_rst_n|clk           ;
;   4.624  ;   0.528  ; RR ; CELL ; 1      ; FF_X83_Y57_N29                            ; reset_release:u_reset|core_rst_n ;
; 11.901   ; 7.277    ;    ;      ;        ;                                           ; data path                        ;
;   4.624  ;   0.000  ;    ; uTco ; 1      ; FF_X83_Y57_N29                            ; reset_release:u_reset|core_rst_n ;
;   4.624  ;   0.000  ; FF ; CELL ; 3143   ; FF_X83_Y57_N29                            ; u_reset|core_rst_n|q             ;
;   4.685  ;   0.061  ;    ; RE   ; 1      ; FF_X83_Y57_N29                            ; ARRIAV_FF                        ;
;   4.765  ;   0.080  ;    ; RE   ; 4      ; LE_BUFFER_X83_Y57_N0_I19                  ; LE_BUFFER                        ;
;   5.065  ;   0.300  ;    ; RE   ; 8      ; C4_X82_Y53_N0_I7                          ; V_SEG4                           ;
;   5.438  ;   0.373  ;    ; RE   ; 4      ; C4_X82_Y49_N0_I7                          ; V_SEG4                           ;
;   5.732  ;   0.294  ;    ; RE   ; 3      ; C2_X82_Y48_N0_I19                         ; V_SEG2                           ;
;   5.987  ;   0.255  ;    ; RE   ; 1      ; R3_X80_Y48_N0_I17                         ; H_SEG3                           ;
;   6.204  ;   0.217  ;    ; RE   ; 1      ; R3_X77_Y48_N0_I22                         ; H_SEG3                           ;
;   6.505  ;   0.301  ;    ; RE   ; 4      ; C4_X77_Y44_N0_I9                          ; V_SEG4                           ;
;   6.912  ;   0.407  ;    ; RE   ; 6      ; C4_X77_Y40_N0_I9                          ; V_SEG4                           ;
;   7.207  ;   0.295  ;    ; RE   ; 2      ; R3_X75_Y40_N0_I23                         ; H_SEG3                           ;
;   7.207  ;   0.000  ;    ; RE   ; 1      ; R14_C12_INTERCONNECT_DRIVER_X77_Y40_N0_I2 ; WIRE_MUX                         ;
;   7.457  ;   0.250  ;    ; RE   ; 3      ; R14_X64_Y40_N0_I1                         ; H_SEG14                          ;
;   7.457  ;   0.000  ;    ; RE   ; 1      ; R14_C12_INTERCONNECT_DRIVER_X63_Y40_N0_I1 ; WIRE_MUX                         ;
;   7.819  ;   0.362  ;    ; RE   ; 4      ; C12_X63_Y28_N0_I1                         ; V_SEG12                          ;
;   7.819  ;   0.000  ;    ; RE   ; 1      ; R14_C12_INTERCONNECT_DRIVER_X63_Y28_N0_I0 ; WIRE_MUX                         ;
;   8.236  ;   0.417  ;    ; RE   ; 2      ; C12_X63_Y16_N0_I1                         ; V_SEG12                          ;
;   8.236  ;   0.000  ;    ; RE   ; 2      ; R14_C12_INTERCONNECT_DRIVER_X63_Y16_N0_I0 ; WIRE_MUX                         ;
;   8.611  ;   0.375  ;    ; RE   ; 1      ; R14_X50_Y16_N0_I1                         ; H_SEG14                          ;
;   8.611  ;   0.000  ;    ; RE   ; 1      ; R14_C12_INTERCONNECT_DRIVER_X49_Y16_N0_I1 ; WIRE_MUX                         ;
;   8.911  ;   0.300  ;    ; RE   ; 1      ; R14_X36_Y16_N0_I1                         ; H_SEG14                          ;
;   8.911  ;   0.000  ;    ; RE   ; 1      ; R14_C12_INTERCONNECT_DRIVER_X35_Y16_N0_I1 ; WIRE_MUX                         ;
;   9.181  ;   0.270  ;    ; RE   ; 2      ; R14_X22_Y16_N0_I1                         ; H_SEG14                          ;
;   9.181  ;   0.000  ;    ; RE   ; 1      ; R14_C12_INTERCONNECT_DRIVER_X21_Y16_N0_I1 ; WIRE_MUX                         ;
;   9.515  ;   0.334  ;    ; RE   ; 2      ; C12_X21_Y4_N0_I1                          ; V_SEG12                          ;
;   9.820  ;   0.305  ;    ; RE   ; 2      ; C2_X21_Y2_N0_I12                          ; V_SEG2                           ;
;   10.060 ;   0.240  ;    ; RE   ; 1      ; R3_X19_Y2_N0_I18                          ; H_SEG3                           ;
;   10.257 ;   0.197  ;    ; RE   ; 2      ; R3_X16_Y2_N0_I12                          ; H_SEG3                           ;
;   10.492 ;   0.235  ;    ; RE   ; 2      ; C4_X17_Y0_N0_I12                          ; V_SEG4                           ;
;   10.717 ;   0.225  ;    ; RE   ; 1      ; LOCAL_INTERCONNECT_X18_Y0_N0_I16          ; LAB_LINE                         ;
;   10.771 ;   0.054  ;    ; RE   ; 1      ; BLOCK_INPUT_MUX_PASSTHROUGH_X18_Y0_N0_I21 ; LEIM                             ;
;   11.148 ;   0.377  ;    ; RE   ; 1      ; IO_RE_X18_Y0_N34_I5                       ; IO_RE                            ;
;   11.148 ;   0.000  ;    ; RE   ; 1      ; IO_OUTPUT_PATH_RE_X18_Y0_N42_I9           ; IO_OUTPUT_PATH_RE                ;
;   11.148 ;   0.000  ;    ; RE   ; 1      ; MP_DDIO_OUT_INPUT_X18_Y0_N44_I3           ; MP_DDIO_OUT_INPUT                ;
;   11.147 ;   -0.001 ; FF ; IC   ; 1      ; DDIOOUTCELL_X18_Y0_N44                    ; host_rdata[15]~reg0|clrn         ;
;   11.901 ;   0.754  ; FF ; CELL ; 1      ; DDIOOUTCELL_X18_Y0_N44                    ; host_rdata[15]~reg0              ;
+----------+----------+----+------+--------+-------------------------------------------+----------------------------------+

+--------------------------------------------------------------------------------------------------------------+
; Data Required Path                                                                                           ;
+----------+---------+----+------+--------+-----------------------------------------+--------------------------+
; Total    ; Incr    ; RF ; Type ; Fanout ; Location                                ; Element                  ;
+----------+---------+----+------+--------+-----------------------------------------+--------------------------+
; 10.000   ; 10.000  ;    ;      ;        ;                                         ; latch edge time          ;
; 15.506   ; 5.506   ;    ;      ;        ;                                         ; clock path               ;
;   10.000 ;   0.000 ;    ;      ;        ;                                         ; source latency           ;
;   10.000 ;   0.000 ;    ;      ; 1      ; PIN_AC18                                ; clk                      ;
;   10.000 ;   0.000 ;    ; RE   ; 1      ; IOPAD_X54_Y0_N0                         ; ARRIAV_IO_PAD            ;
;   10.000 ;   0.000 ;    ; RE   ; 1      ; IO_PAD_OUTPUT_X54_Y0_N0_I1              ; IO_PAD_OUTPUT            ;
;   10.000 ;   0.000 ;    ; RE   ; 1      ; IO_INPUT_BUFFER_INPUT_X54_Y0_N1_I0      ; IO_INPUT_BUFFER_INPUT    ;
;   10.000 ;   0.000 ; RR ; IC   ; 1      ; IOIBUF_X54_Y0_N1                        ; clk~input|i              ;
;   10.917 ;   0.917 ; RR ; CELL ; 1      ; IOIBUF_X54_Y0_N1                        ; clk~input|o              ;
;   10.917 ;   0.000 ;    ; RE   ; 1      ; IOIBUF_X54_Y0_N1                        ; ARRIAV_IO_IBUF           ;
;   10.917 ;   0.000 ;    ; RE   ; 1      ; IO_INPUT_BUFFER_OUTPUT_X54_Y0_N1_I2     ; IO_INPUT_BUFFER_OUTPUT   ;
;   10.917 ;   0.000 ;    ; RE   ; 1      ; IO_RE_X54_Y0_N0_I96                     ; IO_RE                    ;
;   11.095 ;   0.178 ;    ; RE   ; 1      ; IO_RE_X54_Y0_N0_I66                     ; IO_RE                    ;
;   11.095 ;   0.000 ;    ; RE   ; 1      ; CLKBUF_CLUSTER_RE_X58_Y0_N0_I1614       ; CLKBUF_CLUSTER_RE        ;
;   11.095 ;   0.000 ;    ; RE   ; 1      ; CLKBUF_CLUSTER_RE_X58_Y0_N0_I488        ; CLKBUF_CLUSTER_RE        ;
;   11.095 ;   0.000 ;    ; RE   ; 1      ; GCLK_CLUSTER_RE_X58_Y0_N0_I10           ; GCLK_CLUSTER_RE          ;
;   11.095 ;   0.000 ;    ; RE   ; 1      ; CLKBUFBLOCK_INPUT_X58_Y0_N1_I0          ; CLKBUFBLOCK_INPUT        ;
;   11.095 ;   0.000 ; RR ; IC   ; 1      ; CLKCTRL_G4                              ; clk~inputCLKENA0|inclk   ;
;   11.407 ;   0.312 ; RR ; CELL ; 49420  ; CLKCTRL_G4                              ; clk~inputCLKENA0|outclk  ;
;   11.407 ;   0.000 ;    ; RE   ; 1      ; CLKCTRL_G4                              ; ARRIAV_CLKBUF            ;
;   11.407 ;   0.000 ;    ; RE   ; 1      ; CLKBUFBLOCK_OUTPUT_X58_Y0_N1_I2         ; CLKBUFBLOCK_OUTPUT       ;
;   11.407 ;   0.000 ;    ; RE   ; 1      ; GCLK_CLUSTER_RE_X58_Y0_N0_I12           ; GCLK_CLUSTER_RE          ;
;   11.407 ;   0.000 ;    ; RE   ; 1      ; CLKBUF_CLUSTER_RE_X58_Y0_N0_I415        ; CLKBUF_CLUSTER_RE        ;
;   12.370 ;   0.963 ;    ; RE   ; 16     ; GLOBAL_CLOCK_X0_Y58_N0_I4               ; GLOBAL_CLOCK             ;
;   12.548 ;   0.178 ;    ; RE   ; 29     ; SPINE_CLOCK_X15_Y0_N0_I20               ; SPINE_CLOCK              ;
;   13.006 ;   0.458 ;    ; RE   ; 1      ; SCLK_TO_ROWCLK_BUF_X15_Y1_N0_I121       ; SCLK_TO_ROWCLK_BUF       ;
;   13.085 ;   0.079 ;    ; RE   ; 1      ; SCLK_TO_ROWCLK_BUF_X15_Y1_N0_I124       ; SCLK_TO_ROWCLK_BUF       ;
;   13.536 ;   0.451 ;    ; RE   ; 12     ; TB_IO_CLK_X1_Y0_N0_I2                   ; TB_IO_CLK                ;
;   13.763 ;   0.227 ;    ; RE   ; 1      ; BLK_CLK_BUF_X18_Y0_N0_I2                ; BLK_CLK_BUF              ;
;   13.875 ;   0.112 ;    ; RE   ; 1      ; BLK_CLK_LIM_X18_Y0_N0_I2                ; BLK_CLK_LIM              ;
;   13.981 ;   0.106 ;    ; RE   ; 1      ; LOCAL_INTERCONNECT_X18_Y0_N0_I70        ; LAB_LINE                 ;
;   14.035 ;   0.054 ;    ; RE   ; 1      ; LEIMC_X18_Y0_N0_I1                      ; LEIMC                    ;
;   14.035 ;   0.000 ;    ; RE   ; 1      ; GLOBAL_LOCAL_SEL_X18_Y0_N0_I1           ; GLOBAL_LOCAL_SEL         ;
;   14.395 ;   0.360 ;    ; RE   ; 1      ; IO_RE_X18_Y0_N34_I11                    ; IO_RE                    ;
;   14.395 ;   0.000 ;    ; RE   ; 1      ; IO_OUTPUT_ENABLE_PATH_RE_X18_Y0_N38_I6  ; IO_OUTPUT_ENABLE_PATH_RE ;
;   14.395 ;   0.000 ;    ; RE   ; 1      ; IO_OUTPUT_ENABLE_PATH_RE_X18_Y0_N38_I22 ; IO_OUTPUT_ENABLE_PATH_RE ;
;   14.395 ;   0.000 ;    ; RE   ; 1      ; IO_OUTPUT_ENABLE_PATH_RE_X18_Y0_N38_I14 ; IO_OUTPUT_ENABLE_PATH_RE ;
;   14.395 ;   0.000 ;    ; RE   ; 1      ; IO_OUTPUT_PATH_RE_X18_Y0_N42_I5         ; IO_OUTPUT_PATH_RE        ;
;   14.395 ;   0.000 ;    ; RE   ; 1      ; MP_DDIO_OUT_INPUT_X18_Y0_N44_I0         ; MP_DDIO_OUT_INPUT        ;
;   14.396 ;   0.001 ; RR ; IC   ; 1      ; DDIOOUTCELL_X18_Y0_N44                  ; host_rdata[15]~reg0|clk  ;
;   15.258 ;   0.862 ; RR ; CELL ; 1      ; DDIOOUTCELL_X18_Y0_N44                  ; host_rdata[15]~reg0      ;
;   15.506 ;   0.248 ;    ;      ;        ;                                         ; clock pessimism removed  ;
; 15.406   ; -0.100  ;    ;      ;        ;                                         ; clock uncertainty        ;
; 15.406   ; 0.000   ;    ; uTsu ; 1      ; DDIOOUTCELL_X18_Y0_N44                  ; host_rdata[15]~reg0      ;
+----------+---------+----+------+--------+-----------------------------------------+--------------------------+

----------------------------
; Extra Fitter Information ;
----------------------------
HTML report is unavailable in plain text report export.


Path #14: Recovery slack is 3.665 
===============================================================================
+-------------------------------------------------------+
; Path Summary                                          ;
+--------------------+----------------------------------+
; Property           ; Value                            ;
+--------------------+----------------------------------+
; From Node          ; reset_release:u_reset|core_rst_n ;
; To Node            ; host_rdata[14]~reg0              ;
; Launch Clock       ; clk                              ;
; Latch Clock        ; clk                              ;
; Data Arrival Time  ; 11.752                           ;
; Data Required Time ; 15.417                           ;
; Slack              ; 3.665                            ;
+--------------------+----------------------------------+

+--------------------------------------------------------------------------------------+
; Statistics                                                                           ;
+------------------------+--------+-------+-------------+------------+--------+--------+
; Property               ; Value  ; Count ; Total Delay ; % of Total ; Min    ; Max    ;
+------------------------+--------+-------+-------------+------------+--------+--------+
; Recovery Relationship  ; 10.000 ;       ;             ;            ;        ;        ;
; Clock Skew             ; 0.893  ;       ;             ;            ;        ;        ;
; Data Delay             ; 7.128  ;       ;             ;            ;        ;        ;
; Number of Logic Levels ;        ; 0     ;             ;            ;        ;        ;
; Physical Delays        ;        ;       ;             ;            ;        ;        ;
;  Arrival Path          ;        ;       ;             ;            ;        ;        ;
;   Clock                ;        ;       ;             ;            ;        ;        ;
;    IC                  ;        ; 3     ; -0.001      ; 0          ; -0.001 ; 0.000  ;
;    Cell                ;        ; 3     ; 1.780       ; 38         ; 0.335  ; 0.917  ;
;    Routing Element     ;        ; 25    ; 2.845       ; 62         ; 0.000  ; 1.032  ;
;   Data                 ;        ;       ;             ;            ;        ;        ;
;    IC                  ;        ; 1     ; -0.001      ; 0          ; -0.001 ; -0.001 ;
;    Cell                ;        ; 2     ; 0.754       ; 11         ; 0.000  ; 0.754  ;
;    uTco                ;        ; 1     ; 0.000       ; 0          ; 0.000  ; 0.000  ;
;    Routing Element     ;        ; 32    ; 6.375       ; 89         ; 0.000  ; 0.417  ;
;  Required Path         ;        ;       ;             ;            ;        ;        ;
;   Clock                ;        ;       ;             ;            ;        ;        ;
;    IC                  ;        ; 3     ; -0.001      ; 0          ; -0.001 ; 0.000  ;
;    Cell                ;        ; 3     ; 2.091       ; 40         ; 0.312  ; 0.917  ;
;    Routing Element     ;        ; 31    ; 3.179       ; 60         ; 0.000  ; 0.963  ;
+------------------------+--------+-------+-------------+------------+--------+--------+
Note: Negative delays are omitted from totals when calculating percentages

+-------------------------------------------------------------------------------------------------------------------------+
; Data Arrival Path                                                                                                       ;
+----------+----------+----+------+--------+-------------------------------------------+----------------------------------+
; Total    ; Incr     ; RF ; Type ; Fanout ; Location                                  ; Element                          ;
+----------+----------+----+------+--------+-------------------------------------------+----------------------------------+
; 0.000    ; 0.000    ;    ;      ;        ;                                           ; launch edge time                 ;
; 4.624    ; 4.624    ;    ;      ;        ;                                           ; clock path                       ;
;   0.000  ;   0.000  ;    ;      ;        ;                                           ; source latency                   ;
;   0.000  ;   0.000  ;    ;      ; 1      ; PIN_AC18                                  ; clk                              ;
;   0.000  ;   0.000  ;    ; RE   ; 1      ; IOPAD_X54_Y0_N0                           ; ARRIAV_IO_PAD                    ;
;   0.000  ;   0.000  ;    ; RE   ; 1      ; IO_PAD_OUTPUT_X54_Y0_N0_I1                ; IO_PAD_OUTPUT                    ;
;   0.000  ;   0.000  ;    ; RE   ; 1      ; IO_INPUT_BUFFER_INPUT_X54_Y0_N1_I0        ; IO_INPUT_BUFFER_INPUT            ;
;   0.000  ;   0.000  ; RR ; IC   ; 1      ; IOIBUF_X54_Y0_N1                          ; clk~input|i                      ;
;   0.917  ;   0.917  ; RR ; CELL ; 1      ; IOIBUF_X54_Y0_N1                          ; clk~input|o                      ;
;   0.917  ;   0.000  ;    ; RE   ; 1      ; IOIBUF_X54_Y0_N1                          ; ARRIAV_IO_IBUF                   ;
;   0.917  ;   0.000  ;    ; RE   ; 1      ; IO_INPUT_BUFFER_OUTPUT_X54_Y0_N1_I2       ; IO_INPUT_BUFFER_OUTPUT           ;
;   0.917  ;   0.000  ;    ; RE   ; 1      ; IO_RE_X54_Y0_N0_I96                       ; IO_RE                            ;
;   1.133  ;   0.216  ;    ; RE   ; 1      ; IO_RE_X54_Y0_N0_I66                       ; IO_RE                            ;
;   1.320  ;   0.187  ;    ; RE   ; 1      ; CLKBUF_CLUSTER_RE_X58_Y0_N0_I1614         ; CLKBUF_CLUSTER_RE                ;
;   1.320  ;   0.000  ;    ; RE   ; 1      ; CLKBUF_CLUSTER_RE_X58_Y0_N0_I488          ; CLKBUF_CLUSTER_RE                ;
;   1.320  ;   0.000  ;    ; RE   ; 1      ; GCLK_CLUSTER_RE_X58_Y0_N0_I10             ; GCLK_CLUSTER_RE                  ;
;   1.320  ;   0.000  ;    ; RE   ; 1      ; CLKBUFBLOCK_INPUT_X58_Y0_N1_I0            ; CLKBUFBLOCK_INPUT                ;
;   1.320  ;   0.000  ; RR ; IC   ; 1      ; CLKCTRL_G4                                ; clk~inputCLKENA0|inclk           ;
;   1.655  ;   0.335  ; RR ; CELL ; 49420  ; CLKCTRL_G4                                ; clk~inputCLKENA0|outclk          ;
;   1.655  ;   0.000  ;    ; RE   ; 1      ; CLKCTRL_G4                                ; ARRIAV_CLKBUF                    ;
;   1.655  ;   0.000  ;    ; RE   ; 1      ; CLKBUFBLOCK_OUTPUT_X58_Y0_N1_I2           ; CLKBUFBLOCK_OUTPUT               ;
;   1.655  ;   0.000  ;    ; RE   ; 1      ; GCLK_CLUSTER_RE_X58_Y0_N0_I12             ; GCLK_CLUSTER_RE                  ;
;   1.655  ;   0.000  ;    ; RE   ; 1      ; CLKBUF_CLUSTER_RE_X58_Y0_N0_I415          ; CLKBUF_CLUSTER_RE                ;
;   2.687  ;   1.032  ;    ; RE   ; 16     ; GLOBAL_CLOCK_X0_Y58_N0_I4                 ; GLOBAL_CLOCK                     ;
;   2.869  ;   0.182  ;    ; RE   ; 29     ; SPINE_CLOCK_X75_Y30_N0_I20                ; SPINE_CLOCK                      ;
;   3.329  ;   0.460  ;    ; RE   ; 1      ; SCLK_TO_ROWCLK_BUF_X75_Y57_N0_I121        ; SCLK_TO_ROWCLK_BUF               ;
;   3.418  ;   0.089  ;    ; RE   ; 2      ; SCLK_TO_ROWCLK_BUF_X75_Y57_N0_I124        ; SCLK_TO_ROWCLK_BUF               ;
;   3.856  ;   0.438  ;    ; RE   ; 13     ; LAB_CLK_X76_Y57_N0_I5                     ; LAB_CLK                          ;
;   4.002  ;   0.146  ;    ; RE   ; 1      ; BLK_CLK_BUF_X83_Y57_N0_I5                 ; BLK_CLK_BUF                      ;
;   4.058  ;   0.056  ;    ; RE   ; 1      ; ROWCLKSEL_PREBUF_X83_Y57_N0_I5            ; ROWCLKSEL_PREBUF                 ;
;   4.097  ;   0.039  ;    ; RE   ; 1      ; ROWCLKSEL_X83_Y57_N0_I1                   ; ROWCLKSEL                        ;
;   4.097  ;   0.000  ;    ; RE   ; 2      ; GLOBAL_LOCAL_SEL_X83_Y57_N0_I1            ; GLOBAL_LOCAL_SEL                 ;
;   4.097  ;   0.000  ;    ; RE   ; 3      ; LAB_INPUT_X83_Y57_N0_I0                   ; LAB_INPUT                        ;
;   4.096  ;   -0.001 ; RR ; IC   ; 1      ; FF_X83_Y57_N29                            ; u_reset|core_rst_n|clk           ;
;   4.624  ;   0.528  ; RR ; CELL ; 1      ; FF_X83_Y57_N29                            ; reset_release:u_reset|core_rst_n ;
; 11.752   ; 7.128    ;    ;      ;        ;                                           ; data path                        ;
;   4.624  ;   0.000  ;    ; uTco ; 1      ; FF_X83_Y57_N29                            ; reset_release:u_reset|core_rst_n ;
;   4.624  ;   0.000  ; FF ; CELL ; 3143   ; FF_X83_Y57_N29                            ; u_reset|core_rst_n|q             ;
;   4.685  ;   0.061  ;    ; RE   ; 1      ; FF_X83_Y57_N29                            ; ARRIAV_FF                        ;
;   4.765  ;   0.080  ;    ; RE   ; 4      ; LE_BUFFER_X83_Y57_N0_I19                  ; LE_BUFFER                        ;
;   5.065  ;   0.300  ;    ; RE   ; 8      ; C4_X82_Y53_N0_I7                          ; V_SEG4                           ;
;   5.438  ;   0.373  ;    ; RE   ; 4      ; C4_X82_Y49_N0_I7                          ; V_SEG4                           ;
;   5.732  ;   0.294  ;    ; RE   ; 3      ; C2_X82_Y48_N0_I19                         ; V_SEG2                           ;
;   5.987  ;   0.255  ;    ; RE   ; 1      ; R3_X80_Y48_N0_I17                         ; H_SEG3                           ;
;   6.204  ;   0.217  ;    ; RE   ; 1      ; R3_X77_Y48_N0_I22                         ; H_SEG3                           ;
;   6.505  ;   0.301  ;    ; RE   ; 4      ; C4_X77_Y44_N0_I9                          ; V_SEG4                           ;
;   6.912  ;   0.407  ;    ; RE   ; 6      ; C4_X77_Y40_N0_I9                          ; V_SEG4                           ;
;   7.207  ;   0.295  ;    ; RE   ; 2      ; R3_X75_Y40_N0_I23                         ; H_SEG3                           ;
;   7.207  ;   0.000  ;    ; RE   ; 1      ; R14_C12_INTERCONNECT_DRIVER_X77_Y40_N0_I2 ; WIRE_MUX                         ;
;   7.457  ;   0.250  ;    ; RE   ; 3      ; R14_X64_Y40_N0_I1                         ; H_SEG14                          ;
;   7.457  ;   0.000  ;    ; RE   ; 1      ; R14_C12_INTERCONNECT_DRIVER_X63_Y40_N0_I1 ; WIRE_MUX                         ;
;   7.819  ;   0.362  ;    ; RE   ; 4      ; C12_X63_Y28_N0_I1                         ; V_SEG12                          ;
;   7.819  ;   0.000  ;    ; RE   ; 1      ; R14_C12_INTERCONNECT_DRIVER_X63_Y28_N0_I0 ; WIRE_MUX                         ;
;   8.236  ;   0.417  ;    ; RE   ; 2      ; C12_X63_Y16_N0_I1                         ; V_SEG12                          ;
;   8.236  ;   0.000  ;    ; RE   ; 2      ; R14_C12_INTERCONNECT_DRIVER_X63_Y16_N0_I0 ; WIRE_MUX                         ;
;   8.611  ;   0.375  ;    ; RE   ; 1      ; R14_X50_Y16_N0_I1                         ; H_SEG14                          ;
;   8.611  ;   0.000  ;    ; RE   ; 1      ; R14_C12_INTERCONNECT_DRIVER_X49_Y16_N0_I1 ; WIRE_MUX                         ;
;   8.911  ;   0.300  ;    ; RE   ; 1      ; R14_X36_Y16_N0_I1                         ; H_SEG14                          ;
;   8.911  ;   0.000  ;    ; RE   ; 1      ; R14_C12_INTERCONNECT_DRIVER_X35_Y16_N0_I1 ; WIRE_MUX                         ;
;   9.181  ;   0.270  ;    ; RE   ; 2      ; R14_X22_Y16_N0_I1                         ; H_SEG14                          ;
;   9.181  ;   0.000  ;    ; RE   ; 1      ; R14_C12_INTERCONNECT_DRIVER_X21_Y16_N0_I1 ; WIRE_MUX                         ;
;   9.515  ;   0.334  ;    ; RE   ; 2      ; C12_X21_Y4_N0_I1                          ; V_SEG12                          ;
;   9.882  ;   0.367  ;    ; RE   ; 1      ; C4_X21_Y2_N0_I8                           ; V_SEG4                           ;
;   10.175 ;   0.293  ;    ; RE   ; 1      ; R3_X19_Y2_N0_I22                          ; H_SEG3                           ;
;   10.388 ;   0.213  ;    ; RE   ; 1      ; C4_X19_Y0_N0_I23                          ; V_SEG4                           ;
;   10.572 ;   0.184  ;    ; RE   ; 1      ; LOCAL_INTERCONNECT_X20_Y0_N0_I39          ; LAB_LINE                         ;
;   10.628 ;   0.056  ;    ; RE   ; 1      ; BLOCK_INPUT_MUX_PASSTHROUGH_X20_Y0_N0_I21 ; LEIM                             ;
;   10.999 ;   0.371  ;    ; RE   ; 1      ; IO_RE_X20_Y0_N34_I5                       ; IO_RE                            ;
;   10.999 ;   0.000  ;    ; RE   ; 1      ; IO_OUTPUT_PATH_RE_X20_Y0_N42_I9           ; IO_OUTPUT_PATH_RE                ;
;   10.999 ;   0.000  ;    ; RE   ; 1      ; MP_DDIO_OUT_INPUT_X20_Y0_N44_I3           ; MP_DDIO_OUT_INPUT                ;
;   10.998 ;   -0.001 ; FF ; IC   ; 1      ; DDIOOUTCELL_X20_Y0_N44                    ; host_rdata[14]~reg0|clrn         ;
;   11.752 ;   0.754  ; FF ; CELL ; 1      ; DDIOOUTCELL_X20_Y0_N44                    ; host_rdata[14]~reg0              ;
+----------+----------+----+------+--------+-------------------------------------------+----------------------------------+

+---------------------------------------------------------------------------------------------------------------+
; Data Required Path                                                                                            ;
+----------+----------+----+------+--------+-----------------------------------------+--------------------------+
; Total    ; Incr     ; RF ; Type ; Fanout ; Location                                ; Element                  ;
+----------+----------+----+------+--------+-----------------------------------------+--------------------------+
; 10.000   ; 10.000   ;    ;      ;        ;                                         ; latch edge time          ;
; 15.517   ; 5.517    ;    ;      ;        ;                                         ; clock path               ;
;   10.000 ;   0.000  ;    ;      ;        ;                                         ; source latency           ;
;   10.000 ;   0.000  ;    ;      ; 1      ; PIN_AC18                                ; clk                      ;
;   10.000 ;   0.000  ;    ; RE   ; 1      ; IOPAD_X54_Y0_N0                         ; ARRIAV_IO_PAD            ;
;   10.000 ;   0.000  ;    ; RE   ; 1      ; IO_PAD_OUTPUT_X54_Y0_N0_I1              ; IO_PAD_OUTPUT            ;
;   10.000 ;   0.000  ;    ; RE   ; 1      ; IO_INPUT_BUFFER_INPUT_X54_Y0_N1_I0      ; IO_INPUT_BUFFER_INPUT    ;
;   10.000 ;   0.000  ; RR ; IC   ; 1      ; IOIBUF_X54_Y0_N1                        ; clk~input|i              ;
;   10.917 ;   0.917  ; RR ; CELL ; 1      ; IOIBUF_X54_Y0_N1                        ; clk~input|o              ;
;   10.917 ;   0.000  ;    ; RE   ; 1      ; IOIBUF_X54_Y0_N1                        ; ARRIAV_IO_IBUF           ;
;   10.917 ;   0.000  ;    ; RE   ; 1      ; IO_INPUT_BUFFER_OUTPUT_X54_Y0_N1_I2     ; IO_INPUT_BUFFER_OUTPUT   ;
;   10.917 ;   0.000  ;    ; RE   ; 1      ; IO_RE_X54_Y0_N0_I96                     ; IO_RE                    ;
;   11.095 ;   0.178  ;    ; RE   ; 1      ; IO_RE_X54_Y0_N0_I66                     ; IO_RE                    ;
;   11.095 ;   0.000  ;    ; RE   ; 1      ; CLKBUF_CLUSTER_RE_X58_Y0_N0_I1614       ; CLKBUF_CLUSTER_RE        ;
;   11.095 ;   0.000  ;    ; RE   ; 1      ; CLKBUF_CLUSTER_RE_X58_Y0_N0_I488        ; CLKBUF_CLUSTER_RE        ;
;   11.095 ;   0.000  ;    ; RE   ; 1      ; GCLK_CLUSTER_RE_X58_Y0_N0_I10           ; GCLK_CLUSTER_RE          ;
;   11.095 ;   0.000  ;    ; RE   ; 1      ; CLKBUFBLOCK_INPUT_X58_Y0_N1_I0          ; CLKBUFBLOCK_INPUT        ;
;   11.095 ;   0.000  ; RR ; IC   ; 1      ; CLKCTRL_G4                              ; clk~inputCLKENA0|inclk   ;
;   11.407 ;   0.312  ; RR ; CELL ; 49420  ; CLKCTRL_G4                              ; clk~inputCLKENA0|outclk  ;
;   11.407 ;   0.000  ;    ; RE   ; 1      ; CLKCTRL_G4                              ; ARRIAV_CLKBUF            ;
;   11.407 ;   0.000  ;    ; RE   ; 1      ; CLKBUFBLOCK_OUTPUT_X58_Y0_N1_I2         ; CLKBUFBLOCK_OUTPUT       ;
;   11.407 ;   0.000  ;    ; RE   ; 1      ; GCLK_CLUSTER_RE_X58_Y0_N0_I12           ; GCLK_CLUSTER_RE          ;
;   11.407 ;   0.000  ;    ; RE   ; 1      ; CLKBUF_CLUSTER_RE_X58_Y0_N0_I415        ; CLKBUF_CLUSTER_RE        ;
;   12.370 ;   0.963  ;    ; RE   ; 16     ; GLOBAL_CLOCK_X0_Y58_N0_I4               ; GLOBAL_CLOCK             ;
;   12.548 ;   0.178  ;    ; RE   ; 29     ; SPINE_CLOCK_X15_Y0_N0_I20               ; SPINE_CLOCK              ;
;   13.006 ;   0.458  ;    ; RE   ; 1      ; SCLK_TO_ROWCLK_BUF_X15_Y1_N0_I121       ; SCLK_TO_ROWCLK_BUF       ;
;   13.085 ;   0.079  ;    ; RE   ; 1      ; SCLK_TO_ROWCLK_BUF_X15_Y1_N0_I124       ; SCLK_TO_ROWCLK_BUF       ;
;   13.538 ;   0.453  ;    ; RE   ; 12     ; TB_IO_CLK_X1_Y0_N0_I2                   ; TB_IO_CLK                ;
;   13.766 ;   0.228  ;    ; RE   ; 1      ; BLK_CLK_BUF_X20_Y0_N0_I2                ; BLK_CLK_BUF              ;
;   13.882 ;   0.116  ;    ; RE   ; 1      ; BLK_CLK_LIM_X20_Y0_N0_I2                ; BLK_CLK_LIM              ;
;   13.996 ;   0.114  ;    ; RE   ; 1      ; LOCAL_INTERCONNECT_X20_Y0_N0_I70        ; LAB_LINE                 ;
;   14.052 ;   0.056  ;    ; RE   ; 1      ; LEIMC_X20_Y0_N0_I1                      ; LEIMC                    ;
;   14.052 ;   0.000  ;    ; RE   ; 1      ; GLOBAL_LOCAL_SEL_X20_Y0_N0_I1           ; GLOBAL_LOCAL_SEL         ;
;   14.408 ;   0.356  ;    ; RE   ; 1      ; IO_RE_X20_Y0_N34_I11                    ; IO_RE                    ;
;   14.408 ;   0.000  ;    ; RE   ; 1      ; IO_OUTPUT_ENABLE_PATH_RE_X20_Y0_N38_I6  ; IO_OUTPUT_ENABLE_PATH_RE ;
;   14.408 ;   0.000  ;    ; RE   ; 1      ; IO_OUTPUT_ENABLE_PATH_RE_X20_Y0_N38_I22 ; IO_OUTPUT_ENABLE_PATH_RE ;
;   14.408 ;   0.000  ;    ; RE   ; 1      ; IO_OUTPUT_ENABLE_PATH_RE_X20_Y0_N38_I14 ; IO_OUTPUT_ENABLE_PATH_RE ;
;   14.408 ;   0.000  ;    ; RE   ; 1      ; IO_OUTPUT_PATH_RE_X20_Y0_N42_I5         ; IO_OUTPUT_PATH_RE        ;
;   14.408 ;   0.000  ;    ; RE   ; 1      ; MP_DDIO_OUT_INPUT_X20_Y0_N44_I0         ; MP_DDIO_OUT_INPUT        ;
;   14.407 ;   -0.001 ; RR ; IC   ; 1      ; DDIOOUTCELL_X20_Y0_N44                  ; host_rdata[14]~reg0|clk  ;
;   15.269 ;   0.862  ; RR ; CELL ; 1      ; DDIOOUTCELL_X20_Y0_N44                  ; host_rdata[14]~reg0      ;
;   15.517 ;   0.248  ;    ;      ;        ;                                         ; clock pessimism removed  ;
; 15.417   ; -0.100   ;    ;      ;        ;                                         ; clock uncertainty        ;
; 15.417   ; 0.000    ;    ; uTsu ; 1      ; DDIOOUTCELL_X20_Y0_N44                  ; host_rdata[14]~reg0      ;
+----------+----------+----+------+--------+-----------------------------------------+--------------------------+

----------------------------
; Extra Fitter Information ;
----------------------------
HTML report is unavailable in plain text report export.


Path #15: Recovery slack is 3.870 
===============================================================================
+---------------------------------------------------------------------+
; Path Summary                                                        ;
+--------------------+------------------------------------------------+
; Property           ; Value                                          ;
+--------------------+------------------------------------------------+
; From Node          ; reset_release:u_reset|core_rst_n               ;
; To Node            ; llm_bank_ram:u_cache|g_bank[26].write_enable_q ;
; Launch Clock       ; clk                                            ;
; Latch Clock        ; clk                                            ;
; Data Arrival Time  ; 10.481                                         ;
; Data Required Time ; 14.351                                         ;
; Slack              ; 3.870                                          ;
+--------------------+------------------------------------------------+

+-------------------------------------------------------------------------------------+
; Statistics                                                                          ;
+------------------------+--------+-------+-------------+------------+--------+-------+
; Property               ; Value  ; Count ; Total Delay ; % of Total ; Min    ; Max   ;
+------------------------+--------+-------+-------------+------------+--------+-------+
; Recovery Relationship  ; 10.000 ;       ;             ;            ;        ;       ;
; Clock Skew             ; -0.173 ;       ;             ;            ;        ;       ;
; Data Delay             ; 5.857  ;       ;             ;            ;        ;       ;
; Number of Logic Levels ;        ; 0     ;             ;            ;        ;       ;
; Physical Delays        ;        ;       ;             ;            ;        ;       ;
;  Arrival Path          ;        ;       ;             ;            ;        ;       ;
;   Clock                ;        ;       ;             ;            ;        ;       ;
;    IC                  ;        ; 3     ; -0.001      ; 0          ; -0.001 ; 0.000 ;
;    Cell                ;        ; 3     ; 1.780       ; 38         ; 0.335  ; 0.917 ;
;    Routing Element     ;        ; 25    ; 2.845       ; 62         ; 0.000  ; 1.032 ;
;   Data                 ;        ;       ;             ;            ;        ;       ;
;    IC                  ;        ; 1     ; 0.000       ; 0          ; 0.000  ; 0.000 ;
;    Cell                ;        ; 2     ; 0.574       ; 10         ; 0.000  ; 0.574 ;
;    uTco                ;        ; 1     ; 0.000       ; 0          ; 0.000  ; 0.000 ;
;    Routing Element     ;        ; 31    ; 5.283       ; 90         ; 0.000  ; 0.434 ;
;  Required Path         ;        ;       ;             ;            ;        ;       ;
;   Clock                ;        ;       ;             ;            ;        ;       ;
;    IC                  ;        ; 3     ; -0.001      ; 0          ; -0.001 ; 0.000 ;
;    Cell                ;        ; 3     ; 1.680       ; 40         ; 0.312  ; 0.917 ;
;    Routing Element     ;        ; 25    ; 2.524       ; 60         ; 0.000  ; 0.992 ;
+------------------------+--------+-------+-------------+------------+--------+-------+
Note: Negative delays are omitted from totals when calculating percentages

+----------------------------------------------------------------------------------------------------------------------------------------+
; Data Arrival Path                                                                                                                      ;
+----------+----------+----+------+--------+--------------------------------------------+------------------------------------------------+
; Total    ; Incr     ; RF ; Type ; Fanout ; Location                                   ; Element                                        ;
+----------+----------+----+------+--------+--------------------------------------------+------------------------------------------------+
; 0.000    ; 0.000    ;    ;      ;        ;                                            ; launch edge time                               ;
; 4.624    ; 4.624    ;    ;      ;        ;                                            ; clock path                                     ;
;   0.000  ;   0.000  ;    ;      ;        ;                                            ; source latency                                 ;
;   0.000  ;   0.000  ;    ;      ; 1      ; PIN_AC18                                   ; clk                                            ;
;   0.000  ;   0.000  ;    ; RE   ; 1      ; IOPAD_X54_Y0_N0                            ; ARRIAV_IO_PAD                                  ;
;   0.000  ;   0.000  ;    ; RE   ; 1      ; IO_PAD_OUTPUT_X54_Y0_N0_I1                 ; IO_PAD_OUTPUT                                  ;
;   0.000  ;   0.000  ;    ; RE   ; 1      ; IO_INPUT_BUFFER_INPUT_X54_Y0_N1_I0         ; IO_INPUT_BUFFER_INPUT                          ;
;   0.000  ;   0.000  ; RR ; IC   ; 1      ; IOIBUF_X54_Y0_N1                           ; clk~input|i                                    ;
;   0.917  ;   0.917  ; RR ; CELL ; 1      ; IOIBUF_X54_Y0_N1                           ; clk~input|o                                    ;
;   0.917  ;   0.000  ;    ; RE   ; 1      ; IOIBUF_X54_Y0_N1                           ; ARRIAV_IO_IBUF                                 ;
;   0.917  ;   0.000  ;    ; RE   ; 1      ; IO_INPUT_BUFFER_OUTPUT_X54_Y0_N1_I2        ; IO_INPUT_BUFFER_OUTPUT                         ;
;   0.917  ;   0.000  ;    ; RE   ; 1      ; IO_RE_X54_Y0_N0_I96                        ; IO_RE                                          ;
;   1.133  ;   0.216  ;    ; RE   ; 1      ; IO_RE_X54_Y0_N0_I66                        ; IO_RE                                          ;
;   1.320  ;   0.187  ;    ; RE   ; 1      ; CLKBUF_CLUSTER_RE_X58_Y0_N0_I1614          ; CLKBUF_CLUSTER_RE                              ;
;   1.320  ;   0.000  ;    ; RE   ; 1      ; CLKBUF_CLUSTER_RE_X58_Y0_N0_I488           ; CLKBUF_CLUSTER_RE                              ;
;   1.320  ;   0.000  ;    ; RE   ; 1      ; GCLK_CLUSTER_RE_X58_Y0_N0_I10              ; GCLK_CLUSTER_RE                                ;
;   1.320  ;   0.000  ;    ; RE   ; 1      ; CLKBUFBLOCK_INPUT_X58_Y0_N1_I0             ; CLKBUFBLOCK_INPUT                              ;
;   1.320  ;   0.000  ; RR ; IC   ; 1      ; CLKCTRL_G4                                 ; clk~inputCLKENA0|inclk                         ;
;   1.655  ;   0.335  ; RR ; CELL ; 49420  ; CLKCTRL_G4                                 ; clk~inputCLKENA0|outclk                        ;
;   1.655  ;   0.000  ;    ; RE   ; 1      ; CLKCTRL_G4                                 ; ARRIAV_CLKBUF                                  ;
;   1.655  ;   0.000  ;    ; RE   ; 1      ; CLKBUFBLOCK_OUTPUT_X58_Y0_N1_I2            ; CLKBUFBLOCK_OUTPUT                             ;
;   1.655  ;   0.000  ;    ; RE   ; 1      ; GCLK_CLUSTER_RE_X58_Y0_N0_I12              ; GCLK_CLUSTER_RE                                ;
;   1.655  ;   0.000  ;    ; RE   ; 1      ; CLKBUF_CLUSTER_RE_X58_Y0_N0_I415           ; CLKBUF_CLUSTER_RE                              ;
;   2.687  ;   1.032  ;    ; RE   ; 16     ; GLOBAL_CLOCK_X0_Y58_N0_I4                  ; GLOBAL_CLOCK                                   ;
;   2.869  ;   0.182  ;    ; RE   ; 29     ; SPINE_CLOCK_X75_Y30_N0_I20                 ; SPINE_CLOCK                                    ;
;   3.329  ;   0.460  ;    ; RE   ; 1      ; SCLK_TO_ROWCLK_BUF_X75_Y57_N0_I121         ; SCLK_TO_ROWCLK_BUF                             ;
;   3.418  ;   0.089  ;    ; RE   ; 2      ; SCLK_TO_ROWCLK_BUF_X75_Y57_N0_I124         ; SCLK_TO_ROWCLK_BUF                             ;
;   3.856  ;   0.438  ;    ; RE   ; 13     ; LAB_CLK_X76_Y57_N0_I5                      ; LAB_CLK                                        ;
;   4.002  ;   0.146  ;    ; RE   ; 1      ; BLK_CLK_BUF_X83_Y57_N0_I5                  ; BLK_CLK_BUF                                    ;
;   4.058  ;   0.056  ;    ; RE   ; 1      ; ROWCLKSEL_PREBUF_X83_Y57_N0_I5             ; ROWCLKSEL_PREBUF                               ;
;   4.097  ;   0.039  ;    ; RE   ; 1      ; ROWCLKSEL_X83_Y57_N0_I1                    ; ROWCLKSEL                                      ;
;   4.097  ;   0.000  ;    ; RE   ; 2      ; GLOBAL_LOCAL_SEL_X83_Y57_N0_I1             ; GLOBAL_LOCAL_SEL                               ;
;   4.097  ;   0.000  ;    ; RE   ; 3      ; LAB_INPUT_X83_Y57_N0_I0                    ; LAB_INPUT                                      ;
;   4.096  ;   -0.001 ; RR ; IC   ; 1      ; FF_X83_Y57_N29                             ; u_reset|core_rst_n|clk                         ;
;   4.624  ;   0.528  ; RR ; CELL ; 1      ; FF_X83_Y57_N29                             ; reset_release:u_reset|core_rst_n               ;
; 10.481   ; 5.857    ;    ;      ;        ;                                            ; data path                                      ;
;   4.624  ;   0.000  ;    ; uTco ; 1      ; FF_X83_Y57_N29                             ; reset_release:u_reset|core_rst_n               ;
;   4.624  ;   0.000  ; FF ; CELL ; 3143   ; FF_X83_Y57_N29                             ; u_reset|core_rst_n|q                           ;
;   4.685  ;   0.061  ;    ; RE   ; 1      ; FF_X83_Y57_N29                             ; ARRIAV_FF                                      ;
;   4.765  ;   0.080  ;    ; RE   ; 4      ; LE_BUFFER_X83_Y57_N0_I19                   ; LE_BUFFER                                      ;
;   4.969  ;   0.204  ;    ; RE   ; 1      ; R6_X77_Y57_N0_I29                          ; H_SEG6                                         ;
;   4.969  ;   0.000  ;    ; RE   ; 1      ; R14_C12_INTERCONNECT_DRIVER_X82_Y57_N0_I3  ; WIRE_MUX                                       ;
;   5.363  ;   0.394  ;    ; RE   ; 9      ; C12_X82_Y58_N0_I0                          ; V_SEG12                                        ;
;   5.363  ;   0.000  ;    ; RE   ; 1      ; R14_C12_INTERCONNECT_DRIVER_X82_Y66_N0_I0  ; WIRE_MUX                                       ;
;   5.772  ;   0.409  ;    ; RE   ; 1      ; C12_X82_Y67_N0_I0                          ; V_SEG12                                        ;
;   5.772  ;   0.000  ;    ; RE   ; 2      ; R14_C12_INTERCONNECT_DRIVER_X82_Y76_N0_I1  ; WIRE_MUX                                       ;
;   6.183  ;   0.411  ;    ; RE   ; 3      ; C12_X82_Y77_N0_I0                          ; V_SEG12                                        ;
;   6.183  ;   0.000  ;    ; RE   ; 1      ; R14_C12_INTERCONNECT_DRIVER_X82_Y88_N0_I3  ; WIRE_MUX                                       ;
;   6.534  ;   0.351  ;    ; RE   ; 2      ; R14_X69_Y88_N0_I1                          ; H_SEG14                                        ;
;   6.534  ;   0.000  ;    ; RE   ; 1      ; R14_C12_INTERCONNECT_DRIVER_X68_Y88_N0_I2  ; WIRE_MUX                                       ;
;   6.886  ;   0.352  ;    ; RE   ; 2      ; C12_X68_Y89_N0_I0                          ; V_SEG12                                        ;
;   6.886  ;   0.000  ;    ; RE   ; 1      ; R14_C12_INTERCONNECT_DRIVER_X68_Y98_N0_I1  ; WIRE_MUX                                       ;
;   7.258  ;   0.372  ;    ; RE   ; 4      ; R14_X55_Y98_N0_I1                          ; H_SEG14                                        ;
;   7.258  ;   0.000  ;    ; RE   ; 1      ; R14_C12_INTERCONNECT_DRIVER_X54_Y98_N0_I2  ; WIRE_MUX                                       ;
;   7.673  ;   0.415  ;    ; RE   ; 2      ; C12_X54_Y99_N0_I0                          ; V_SEG12                                        ;
;   7.673  ;   0.000  ;    ; RE   ; 1      ; R14_C12_INTERCONNECT_DRIVER_X54_Y104_N0_I3 ; WIRE_MUX                                       ;
;   8.032  ;   0.359  ;    ; RE   ; 1      ; R14_X41_Y104_N0_I1                         ; H_SEG14                                        ;
;   8.032  ;   0.000  ;    ; RE   ; 1      ; R14_C12_INTERCONNECT_DRIVER_X40_Y104_N0_I2 ; WIRE_MUX                                       ;
;   8.305  ;   0.273  ;    ; RE   ; 2      ; R14_X27_Y104_N0_I1                         ; H_SEG14                                        ;
;   8.305  ;   0.000  ;    ; RE   ; 1      ; R14_C12_INTERCONNECT_DRIVER_X26_Y104_N0_I2 ; WIRE_MUX                                       ;
;   8.585  ;   0.280  ;    ; RE   ; 4      ; R14_X13_Y104_N0_I1                         ; H_SEG14                                        ;
;   8.585  ;   0.000  ;    ; RE   ; 2      ; R14_C12_INTERCONNECT_DRIVER_X15_Y104_N0_I2 ; WIRE_MUX                                       ;
;   9.019  ;   0.434  ;    ; RE   ; 3      ; C12_X15_Y92_N0_I1                          ; V_SEG12                                        ;
;   9.386  ;   0.367  ;    ; RE   ; 1      ; C2_X15_Y93_N0_I0                           ; V_SEG2                                         ;
;   9.629  ;   0.243  ;    ; RE   ; 1      ; R3_X13_Y93_N0_I16                          ; H_SEG3                                         ;
;   9.789  ;   0.160  ;    ; RE   ; 3      ; LOCAL_INTERCONNECT_X13_Y93_N0_I20          ; LAB_LINE                                       ;
;   9.907  ;   0.118  ;    ; RE   ; 1      ; BLOCK_INPUT_MUX_PASSTHROUGH_X13_Y93_N0_I83 ; LEIM                                           ;
;   9.907  ;   0.000  ;    ; RE   ; 1      ; GLOBAL_LOCAL_SEL_X13_Y93_N0_I2             ; GLOBAL_LOCAL_SEL                               ;
;   9.907  ;   0.000  ;    ; RE   ; 4      ; LAB_INPUT_X13_Y93_N0_I3                    ; LAB_INPUT                                      ;
;   9.907  ;   0.000  ; FF ; IC   ; 1      ; FF_X13_Y93_N56                             ; u_cache|g_bank[26].write_enable_q|clrn         ;
;   10.481 ;   0.574  ; FF ; CELL ; 1      ; FF_X13_Y93_N56                             ; llm_bank_ram:u_cache|g_bank[26].write_enable_q ;
+----------+----------+----+------+--------+--------------------------------------------+------------------------------------------------+

+---------------------------------------------------------------------------------------------------------------------------------+
; Data Required Path                                                                                                              ;
+----------+----------+----+------+--------+-------------------------------------+------------------------------------------------+
; Total    ; Incr     ; RF ; Type ; Fanout ; Location                            ; Element                                        ;
+----------+----------+----+------+--------+-------------------------------------+------------------------------------------------+
; 10.000   ; 10.000   ;    ;      ;        ;                                     ; latch edge time                                ;
; 14.451   ; 4.451    ;    ;      ;        ;                                     ; clock path                                     ;
;   10.000 ;   0.000  ;    ;      ;        ;                                     ; source latency                                 ;
;   10.000 ;   0.000  ;    ;      ; 1      ; PIN_AC18                            ; clk                                            ;
;   10.000 ;   0.000  ;    ; RE   ; 1      ; IOPAD_X54_Y0_N0                     ; ARRIAV_IO_PAD                                  ;
;   10.000 ;   0.000  ;    ; RE   ; 1      ; IO_PAD_OUTPUT_X54_Y0_N0_I1          ; IO_PAD_OUTPUT                                  ;
;   10.000 ;   0.000  ;    ; RE   ; 1      ; IO_INPUT_BUFFER_INPUT_X54_Y0_N1_I0  ; IO_INPUT_BUFFER_INPUT                          ;
;   10.000 ;   0.000  ; RR ; IC   ; 1      ; IOIBUF_X54_Y0_N1                    ; clk~input|i                                    ;
;   10.917 ;   0.917  ; RR ; CELL ; 1      ; IOIBUF_X54_Y0_N1                    ; clk~input|o                                    ;
;   10.917 ;   0.000  ;    ; RE   ; 1      ; IOIBUF_X54_Y0_N1                    ; ARRIAV_IO_IBUF                                 ;
;   10.917 ;   0.000  ;    ; RE   ; 1      ; IO_INPUT_BUFFER_OUTPUT_X54_Y0_N1_I2 ; IO_INPUT_BUFFER_OUTPUT                         ;
;   10.917 ;   0.000  ;    ; RE   ; 1      ; IO_RE_X54_Y0_N0_I96                 ; IO_RE                                          ;
;   11.095 ;   0.178  ;    ; RE   ; 1      ; IO_RE_X54_Y0_N0_I66                 ; IO_RE                                          ;
;   11.095 ;   0.000  ;    ; RE   ; 1      ; CLKBUF_CLUSTER_RE_X58_Y0_N0_I1614   ; CLKBUF_CLUSTER_RE                              ;
;   11.095 ;   0.000  ;    ; RE   ; 1      ; CLKBUF_CLUSTER_RE_X58_Y0_N0_I488    ; CLKBUF_CLUSTER_RE                              ;
;   11.095 ;   0.000  ;    ; RE   ; 1      ; GCLK_CLUSTER_RE_X58_Y0_N0_I10       ; GCLK_CLUSTER_RE                                ;
;   11.095 ;   0.000  ;    ; RE   ; 1      ; CLKBUFBLOCK_INPUT_X58_Y0_N1_I0      ; CLKBUFBLOCK_INPUT                              ;
;   11.095 ;   0.000  ; RR ; IC   ; 1      ; CLKCTRL_G4                          ; clk~inputCLKENA0|inclk                         ;
;   11.407 ;   0.312  ; RR ; CELL ; 49420  ; CLKCTRL_G4                          ; clk~inputCLKENA0|outclk                        ;
;   11.407 ;   0.000  ;    ; RE   ; 1      ; CLKCTRL_G4                          ; ARRIAV_CLKBUF                                  ;
;   11.407 ;   0.000  ;    ; RE   ; 1      ; CLKBUFBLOCK_OUTPUT_X58_Y0_N1_I2     ; CLKBUFBLOCK_OUTPUT                             ;
;   11.407 ;   0.000  ;    ; RE   ; 1      ; GCLK_CLUSTER_RE_X58_Y0_N0_I12       ; GCLK_CLUSTER_RE                                ;
;   11.407 ;   0.000  ;    ; RE   ; 1      ; CLKBUF_CLUSTER_RE_X58_Y0_N0_I415    ; CLKBUF_CLUSTER_RE                              ;
;   12.399 ;   0.992  ;    ; RE   ; 16     ; GLOBAL_CLOCK_X0_Y58_N0_I4           ; GLOBAL_CLOCK                                   ;
;   12.570 ;   0.171  ;    ; RE   ; 26     ; SPINE_CLOCK_X15_Y88_N0_I20          ; SPINE_CLOCK                                    ;
;   13.012 ;   0.442  ;    ; RE   ; 1      ; SCLK_TO_ROWCLK_BUF_X15_Y93_N0_I121  ; SCLK_TO_ROWCLK_BUF                             ;
;   13.097 ;   0.085  ;    ; RE   ; 2      ; SCLK_TO_ROWCLK_BUF_X15_Y93_N0_I124  ; SCLK_TO_ROWCLK_BUF                             ;
;   13.520 ;   0.423  ;    ; RE   ; 9      ; LAB_CLK_X0_Y93_N0_I5                ; LAB_CLK                                        ;
;   13.660 ;   0.140  ;    ; RE   ; 1      ; BLK_CLK_BUF_X13_Y93_N0_I5           ; BLK_CLK_BUF                                    ;
;   13.717 ;   0.057  ;    ; RE   ; 1      ; ROWCLKSEL_PREBUF_X13_Y93_N0_I5      ; ROWCLKSEL_PREBUF                               ;
;   13.753 ;   0.036  ;    ; RE   ; 1      ; ROWCLKSEL_X13_Y93_N0_I1             ; ROWCLKSEL                                      ;
;   13.753 ;   0.000  ;    ; RE   ; 1      ; GLOBAL_LOCAL_SEL_X13_Y93_N0_I1      ; GLOBAL_LOCAL_SEL                               ;
;   13.753 ;   0.000  ;    ; RE   ; 10     ; LAB_INPUT_X13_Y93_N0_I0             ; LAB_INPUT                                      ;
;   13.752 ;   -0.001 ; RR ; IC   ; 1      ; FF_X13_Y93_N56                      ; u_cache|g_bank[26].write_enable_q|clk          ;
;   14.203 ;   0.451  ; RR ; CELL ; 1      ; FF_X13_Y93_N56                      ; llm_bank_ram:u_cache|g_bank[26].write_enable_q ;
;   14.451 ;   0.248  ;    ;      ;        ;                                     ; clock pessimism removed                        ;
; 14.351   ; -0.100   ;    ;      ;        ;                                     ; clock uncertainty                              ;
; 14.351   ; 0.000    ;    ; uTsu ; 1      ; FF_X13_Y93_N56                      ; llm_bank_ram:u_cache|g_bank[26].write_enable_q ;
+----------+----------+----+------+--------+-------------------------------------+------------------------------------------------+

----------------------------
; Extra Fitter Information ;
----------------------------
HTML report is unavailable in plain text report export.


Path #16: Recovery slack is 3.870 
===============================================================================
+-------------------------------------------------------------------------------------------------------+
; Path Summary                                                                                          ;
+--------------------+----------------------------------------------------------------------------------+
; Property           ; Value                                                                            ;
+--------------------+----------------------------------------------------------------------------------+
; From Node          ; reset_release:u_reset|core_rst_n                                                 ;
; To Node            ; llm_bank_ram:u_cache|pipelined_word_ram:g_bank[29].u_storage|g_ip.write_enable_q ;
; Launch Clock       ; clk                                                                              ;
; Latch Clock        ; clk                                                                              ;
; Data Arrival Time  ; 10.481                                                                           ;
; Data Required Time ; 14.351                                                                           ;
; Slack              ; 3.870                                                                            ;
+--------------------+----------------------------------------------------------------------------------+

+-------------------------------------------------------------------------------------+
; Statistics                                                                          ;
+------------------------+--------+-------+-------------+------------+--------+-------+
; Property               ; Value  ; Count ; Total Delay ; % of Total ; Min    ; Max   ;
+------------------------+--------+-------+-------------+------------+--------+-------+
; Recovery Relationship  ; 10.000 ;       ;             ;            ;        ;       ;
; Clock Skew             ; -0.173 ;       ;             ;            ;        ;       ;
; Data Delay             ; 5.857  ;       ;             ;            ;        ;       ;
; Number of Logic Levels ;        ; 0     ;             ;            ;        ;       ;
; Physical Delays        ;        ;       ;             ;            ;        ;       ;
;  Arrival Path          ;        ;       ;             ;            ;        ;       ;
;   Clock                ;        ;       ;             ;            ;        ;       ;
;    IC                  ;        ; 3     ; -0.001      ; 0          ; -0.001 ; 0.000 ;
;    Cell                ;        ; 3     ; 1.780       ; 38         ; 0.335  ; 0.917 ;
;    Routing Element     ;        ; 25    ; 2.845       ; 62         ; 0.000  ; 1.032 ;
;   Data                 ;        ;       ;             ;            ;        ;       ;
;    IC                  ;        ; 1     ; 0.000       ; 0          ; 0.000  ; 0.000 ;
;    Cell                ;        ; 2     ; 0.574       ; 10         ; 0.000  ; 0.574 ;
;    uTco                ;        ; 1     ; 0.000       ; 0          ; 0.000  ; 0.000 ;
;    Routing Element     ;        ; 31    ; 5.283       ; 90         ; 0.000  ; 0.434 ;
;  Required Path         ;        ;       ;             ;            ;        ;       ;
;   Clock                ;        ;       ;             ;            ;        ;       ;
;    IC                  ;        ; 3     ; -0.001      ; 0          ; -0.001 ; 0.000 ;
;    Cell                ;        ; 3     ; 1.680       ; 40         ; 0.312  ; 0.917 ;
;    Routing Element     ;        ; 25    ; 2.524       ; 60         ; 0.000  ; 0.992 ;
+------------------------+--------+-------+-------------+------------+--------+-------+
Note: Negative delays are omitted from totals when calculating percentages

+--------------------------------------------------------------------------------------------------------------------------------------------------------------------------+
; Data Arrival Path                                                                                                                                                        ;
+----------+----------+----+------+--------+--------------------------------------------+----------------------------------------------------------------------------------+
; Total    ; Incr     ; RF ; Type ; Fanout ; Location                                   ; Element                                                                          ;
+----------+----------+----+------+--------+--------------------------------------------+----------------------------------------------------------------------------------+
; 0.000    ; 0.000    ;    ;      ;        ;                                            ; launch edge time                                                                 ;
; 4.624    ; 4.624    ;    ;      ;        ;                                            ; clock path                                                                       ;
;   0.000  ;   0.000  ;    ;      ;        ;                                            ; source latency                                                                   ;
;   0.000  ;   0.000  ;    ;      ; 1      ; PIN_AC18                                   ; clk                                                                              ;
;   0.000  ;   0.000  ;    ; RE   ; 1      ; IOPAD_X54_Y0_N0                            ; ARRIAV_IO_PAD                                                                    ;
;   0.000  ;   0.000  ;    ; RE   ; 1      ; IO_PAD_OUTPUT_X54_Y0_N0_I1                 ; IO_PAD_OUTPUT                                                                    ;
;   0.000  ;   0.000  ;    ; RE   ; 1      ; IO_INPUT_BUFFER_INPUT_X54_Y0_N1_I0         ; IO_INPUT_BUFFER_INPUT                                                            ;
;   0.000  ;   0.000  ; RR ; IC   ; 1      ; IOIBUF_X54_Y0_N1                           ; clk~input|i                                                                      ;
;   0.917  ;   0.917  ; RR ; CELL ; 1      ; IOIBUF_X54_Y0_N1                           ; clk~input|o                                                                      ;
;   0.917  ;   0.000  ;    ; RE   ; 1      ; IOIBUF_X54_Y0_N1                           ; ARRIAV_IO_IBUF                                                                   ;
;   0.917  ;   0.000  ;    ; RE   ; 1      ; IO_INPUT_BUFFER_OUTPUT_X54_Y0_N1_I2        ; IO_INPUT_BUFFER_OUTPUT                                                           ;
;   0.917  ;   0.000  ;    ; RE   ; 1      ; IO_RE_X54_Y0_N0_I96                        ; IO_RE                                                                            ;
;   1.133  ;   0.216  ;    ; RE   ; 1      ; IO_RE_X54_Y0_N0_I66                        ; IO_RE                                                                            ;
;   1.320  ;   0.187  ;    ; RE   ; 1      ; CLKBUF_CLUSTER_RE_X58_Y0_N0_I1614          ; CLKBUF_CLUSTER_RE                                                                ;
;   1.320  ;   0.000  ;    ; RE   ; 1      ; CLKBUF_CLUSTER_RE_X58_Y0_N0_I488           ; CLKBUF_CLUSTER_RE                                                                ;
;   1.320  ;   0.000  ;    ; RE   ; 1      ; GCLK_CLUSTER_RE_X58_Y0_N0_I10              ; GCLK_CLUSTER_RE                                                                  ;
;   1.320  ;   0.000  ;    ; RE   ; 1      ; CLKBUFBLOCK_INPUT_X58_Y0_N1_I0             ; CLKBUFBLOCK_INPUT                                                                ;
;   1.320  ;   0.000  ; RR ; IC   ; 1      ; CLKCTRL_G4                                 ; clk~inputCLKENA0|inclk                                                           ;
;   1.655  ;   0.335  ; RR ; CELL ; 49420  ; CLKCTRL_G4                                 ; clk~inputCLKENA0|outclk                                                          ;
;   1.655  ;   0.000  ;    ; RE   ; 1      ; CLKCTRL_G4                                 ; ARRIAV_CLKBUF                                                                    ;
;   1.655  ;   0.000  ;    ; RE   ; 1      ; CLKBUFBLOCK_OUTPUT_X58_Y0_N1_I2            ; CLKBUFBLOCK_OUTPUT                                                               ;
;   1.655  ;   0.000  ;    ; RE   ; 1      ; GCLK_CLUSTER_RE_X58_Y0_N0_I12              ; GCLK_CLUSTER_RE                                                                  ;
;   1.655  ;   0.000  ;    ; RE   ; 1      ; CLKBUF_CLUSTER_RE_X58_Y0_N0_I415           ; CLKBUF_CLUSTER_RE                                                                ;
;   2.687  ;   1.032  ;    ; RE   ; 16     ; GLOBAL_CLOCK_X0_Y58_N0_I4                  ; GLOBAL_CLOCK                                                                     ;
;   2.869  ;   0.182  ;    ; RE   ; 29     ; SPINE_CLOCK_X75_Y30_N0_I20                 ; SPINE_CLOCK                                                                      ;
;   3.329  ;   0.460  ;    ; RE   ; 1      ; SCLK_TO_ROWCLK_BUF_X75_Y57_N0_I121         ; SCLK_TO_ROWCLK_BUF                                                               ;
;   3.418  ;   0.089  ;    ; RE   ; 2      ; SCLK_TO_ROWCLK_BUF_X75_Y57_N0_I124         ; SCLK_TO_ROWCLK_BUF                                                               ;
;   3.856  ;   0.438  ;    ; RE   ; 13     ; LAB_CLK_X76_Y57_N0_I5                      ; LAB_CLK                                                                          ;
;   4.002  ;   0.146  ;    ; RE   ; 1      ; BLK_CLK_BUF_X83_Y57_N0_I5                  ; BLK_CLK_BUF                                                                      ;
;   4.058  ;   0.056  ;    ; RE   ; 1      ; ROWCLKSEL_PREBUF_X83_Y57_N0_I5             ; ROWCLKSEL_PREBUF                                                                 ;
;   4.097  ;   0.039  ;    ; RE   ; 1      ; ROWCLKSEL_X83_Y57_N0_I1                    ; ROWCLKSEL                                                                        ;
;   4.097  ;   0.000  ;    ; RE   ; 2      ; GLOBAL_LOCAL_SEL_X83_Y57_N0_I1             ; GLOBAL_LOCAL_SEL                                                                 ;
;   4.097  ;   0.000  ;    ; RE   ; 3      ; LAB_INPUT_X83_Y57_N0_I0                    ; LAB_INPUT                                                                        ;
;   4.096  ;   -0.001 ; RR ; IC   ; 1      ; FF_X83_Y57_N29                             ; u_reset|core_rst_n|clk                                                           ;
;   4.624  ;   0.528  ; RR ; CELL ; 1      ; FF_X83_Y57_N29                             ; reset_release:u_reset|core_rst_n                                                 ;
; 10.481   ; 5.857    ;    ;      ;        ;                                            ; data path                                                                        ;
;   4.624  ;   0.000  ;    ; uTco ; 1      ; FF_X83_Y57_N29                             ; reset_release:u_reset|core_rst_n                                                 ;
;   4.624  ;   0.000  ; FF ; CELL ; 3143   ; FF_X83_Y57_N29                             ; u_reset|core_rst_n|q                                                             ;
;   4.685  ;   0.061  ;    ; RE   ; 1      ; FF_X83_Y57_N29                             ; ARRIAV_FF                                                                        ;
;   4.765  ;   0.080  ;    ; RE   ; 4      ; LE_BUFFER_X83_Y57_N0_I19                   ; LE_BUFFER                                                                        ;
;   4.969  ;   0.204  ;    ; RE   ; 1      ; R6_X77_Y57_N0_I29                          ; H_SEG6                                                                           ;
;   4.969  ;   0.000  ;    ; RE   ; 1      ; R14_C12_INTERCONNECT_DRIVER_X82_Y57_N0_I3  ; WIRE_MUX                                                                         ;
;   5.363  ;   0.394  ;    ; RE   ; 9      ; C12_X82_Y58_N0_I0                          ; V_SEG12                                                                          ;
;   5.363  ;   0.000  ;    ; RE   ; 1      ; R14_C12_INTERCONNECT_DRIVER_X82_Y66_N0_I0  ; WIRE_MUX                                                                         ;
;   5.772  ;   0.409  ;    ; RE   ; 1      ; C12_X82_Y67_N0_I0                          ; V_SEG12                                                                          ;
;   5.772  ;   0.000  ;    ; RE   ; 2      ; R14_C12_INTERCONNECT_DRIVER_X82_Y76_N0_I1  ; WIRE_MUX                                                                         ;
;   6.183  ;   0.411  ;    ; RE   ; 3      ; C12_X82_Y77_N0_I0                          ; V_SEG12                                                                          ;
;   6.183  ;   0.000  ;    ; RE   ; 1      ; R14_C12_INTERCONNECT_DRIVER_X82_Y88_N0_I3  ; WIRE_MUX                                                                         ;
;   6.534  ;   0.351  ;    ; RE   ; 2      ; R14_X69_Y88_N0_I1                          ; H_SEG14                                                                          ;
;   6.534  ;   0.000  ;    ; RE   ; 1      ; R14_C12_INTERCONNECT_DRIVER_X68_Y88_N0_I2  ; WIRE_MUX                                                                         ;
;   6.886  ;   0.352  ;    ; RE   ; 2      ; C12_X68_Y89_N0_I0                          ; V_SEG12                                                                          ;
;   6.886  ;   0.000  ;    ; RE   ; 1      ; R14_C12_INTERCONNECT_DRIVER_X68_Y98_N0_I1  ; WIRE_MUX                                                                         ;
;   7.258  ;   0.372  ;    ; RE   ; 4      ; R14_X55_Y98_N0_I1                          ; H_SEG14                                                                          ;
;   7.258  ;   0.000  ;    ; RE   ; 1      ; R14_C12_INTERCONNECT_DRIVER_X54_Y98_N0_I2  ; WIRE_MUX                                                                         ;
;   7.673  ;   0.415  ;    ; RE   ; 2      ; C12_X54_Y99_N0_I0                          ; V_SEG12                                                                          ;
;   7.673  ;   0.000  ;    ; RE   ; 1      ; R14_C12_INTERCONNECT_DRIVER_X54_Y104_N0_I3 ; WIRE_MUX                                                                         ;
;   8.032  ;   0.359  ;    ; RE   ; 1      ; R14_X41_Y104_N0_I1                         ; H_SEG14                                                                          ;
;   8.032  ;   0.000  ;    ; RE   ; 1      ; R14_C12_INTERCONNECT_DRIVER_X40_Y104_N0_I2 ; WIRE_MUX                                                                         ;
;   8.305  ;   0.273  ;    ; RE   ; 2      ; R14_X27_Y104_N0_I1                         ; H_SEG14                                                                          ;
;   8.305  ;   0.000  ;    ; RE   ; 1      ; R14_C12_INTERCONNECT_DRIVER_X26_Y104_N0_I2 ; WIRE_MUX                                                                         ;
;   8.585  ;   0.280  ;    ; RE   ; 4      ; R14_X13_Y104_N0_I1                         ; H_SEG14                                                                          ;
;   8.585  ;   0.000  ;    ; RE   ; 2      ; R14_C12_INTERCONNECT_DRIVER_X15_Y104_N0_I2 ; WIRE_MUX                                                                         ;
;   9.019  ;   0.434  ;    ; RE   ; 3      ; C12_X15_Y92_N0_I1                          ; V_SEG12                                                                          ;
;   9.386  ;   0.367  ;    ; RE   ; 1      ; C2_X15_Y93_N0_I0                           ; V_SEG2                                                                           ;
;   9.629  ;   0.243  ;    ; RE   ; 1      ; R3_X13_Y93_N0_I16                          ; H_SEG3                                                                           ;
;   9.789  ;   0.160  ;    ; RE   ; 3      ; LOCAL_INTERCONNECT_X13_Y93_N0_I20          ; LAB_LINE                                                                         ;
;   9.907  ;   0.118  ;    ; RE   ; 1      ; BLOCK_INPUT_MUX_PASSTHROUGH_X13_Y93_N0_I83 ; LEIM                                                                             ;
;   9.907  ;   0.000  ;    ; RE   ; 1      ; GLOBAL_LOCAL_SEL_X13_Y93_N0_I2             ; GLOBAL_LOCAL_SEL                                                                 ;
;   9.907  ;   0.000  ;    ; RE   ; 4      ; LAB_INPUT_X13_Y93_N0_I3                    ; LAB_INPUT                                                                        ;
;   9.907  ;   0.000  ; FF ; IC   ; 1      ; FF_X13_Y93_N26                             ; u_cache|g_bank[29].u_storage|g_ip.write_enable_q|clrn                            ;
;   10.481 ;   0.574  ; FF ; CELL ; 1      ; FF_X13_Y93_N26                             ; llm_bank_ram:u_cache|pipelined_word_ram:g_bank[29].u_storage|g_ip.write_enable_q ;
+----------+----------+----+------+--------+--------------------------------------------+----------------------------------------------------------------------------------+

+-------------------------------------------------------------------------------------------------------------------------------------------------------------------+
; Data Required Path                                                                                                                                                ;
+----------+----------+----+------+--------+-------------------------------------+----------------------------------------------------------------------------------+
; Total    ; Incr     ; RF ; Type ; Fanout ; Location                            ; Element                                                                          ;
+----------+----------+----+------+--------+-------------------------------------+----------------------------------------------------------------------------------+
; 10.000   ; 10.000   ;    ;      ;        ;                                     ; latch edge time                                                                  ;
; 14.451   ; 4.451    ;    ;      ;        ;                                     ; clock path                                                                       ;
;   10.000 ;   0.000  ;    ;      ;        ;                                     ; source latency                                                                   ;
;   10.000 ;   0.000  ;    ;      ; 1      ; PIN_AC18                            ; clk                                                                              ;
;   10.000 ;   0.000  ;    ; RE   ; 1      ; IOPAD_X54_Y0_N0                     ; ARRIAV_IO_PAD                                                                    ;
;   10.000 ;   0.000  ;    ; RE   ; 1      ; IO_PAD_OUTPUT_X54_Y0_N0_I1          ; IO_PAD_OUTPUT                                                                    ;
;   10.000 ;   0.000  ;    ; RE   ; 1      ; IO_INPUT_BUFFER_INPUT_X54_Y0_N1_I0  ; IO_INPUT_BUFFER_INPUT                                                            ;
;   10.000 ;   0.000  ; RR ; IC   ; 1      ; IOIBUF_X54_Y0_N1                    ; clk~input|i                                                                      ;
;   10.917 ;   0.917  ; RR ; CELL ; 1      ; IOIBUF_X54_Y0_N1                    ; clk~input|o                                                                      ;
;   10.917 ;   0.000  ;    ; RE   ; 1      ; IOIBUF_X54_Y0_N1                    ; ARRIAV_IO_IBUF                                                                   ;
;   10.917 ;   0.000  ;    ; RE   ; 1      ; IO_INPUT_BUFFER_OUTPUT_X54_Y0_N1_I2 ; IO_INPUT_BUFFER_OUTPUT                                                           ;
;   10.917 ;   0.000  ;    ; RE   ; 1      ; IO_RE_X54_Y0_N0_I96                 ; IO_RE                                                                            ;
;   11.095 ;   0.178  ;    ; RE   ; 1      ; IO_RE_X54_Y0_N0_I66                 ; IO_RE                                                                            ;
;   11.095 ;   0.000  ;    ; RE   ; 1      ; CLKBUF_CLUSTER_RE_X58_Y0_N0_I1614   ; CLKBUF_CLUSTER_RE                                                                ;
;   11.095 ;   0.000  ;    ; RE   ; 1      ; CLKBUF_CLUSTER_RE_X58_Y0_N0_I488    ; CLKBUF_CLUSTER_RE                                                                ;
;   11.095 ;   0.000  ;    ; RE   ; 1      ; GCLK_CLUSTER_RE_X58_Y0_N0_I10       ; GCLK_CLUSTER_RE                                                                  ;
;   11.095 ;   0.000  ;    ; RE   ; 1      ; CLKBUFBLOCK_INPUT_X58_Y0_N1_I0      ; CLKBUFBLOCK_INPUT                                                                ;
;   11.095 ;   0.000  ; RR ; IC   ; 1      ; CLKCTRL_G4                          ; clk~inputCLKENA0|inclk                                                           ;
;   11.407 ;   0.312  ; RR ; CELL ; 49420  ; CLKCTRL_G4                          ; clk~inputCLKENA0|outclk                                                          ;
;   11.407 ;   0.000  ;    ; RE   ; 1      ; CLKCTRL_G4                          ; ARRIAV_CLKBUF                                                                    ;
;   11.407 ;   0.000  ;    ; RE   ; 1      ; CLKBUFBLOCK_OUTPUT_X58_Y0_N1_I2     ; CLKBUFBLOCK_OUTPUT                                                               ;
;   11.407 ;   0.000  ;    ; RE   ; 1      ; GCLK_CLUSTER_RE_X58_Y0_N0_I12       ; GCLK_CLUSTER_RE                                                                  ;
;   11.407 ;   0.000  ;    ; RE   ; 1      ; CLKBUF_CLUSTER_RE_X58_Y0_N0_I415    ; CLKBUF_CLUSTER_RE                                                                ;
;   12.399 ;   0.992  ;    ; RE   ; 16     ; GLOBAL_CLOCK_X0_Y58_N0_I4           ; GLOBAL_CLOCK                                                                     ;
;   12.570 ;   0.171  ;    ; RE   ; 26     ; SPINE_CLOCK_X15_Y88_N0_I20          ; SPINE_CLOCK                                                                      ;
;   13.012 ;   0.442  ;    ; RE   ; 1      ; SCLK_TO_ROWCLK_BUF_X15_Y93_N0_I121  ; SCLK_TO_ROWCLK_BUF                                                               ;
;   13.097 ;   0.085  ;    ; RE   ; 2      ; SCLK_TO_ROWCLK_BUF_X15_Y93_N0_I124  ; SCLK_TO_ROWCLK_BUF                                                               ;
;   13.520 ;   0.423  ;    ; RE   ; 9      ; LAB_CLK_X0_Y93_N0_I5                ; LAB_CLK                                                                          ;
;   13.660 ;   0.140  ;    ; RE   ; 1      ; BLK_CLK_BUF_X13_Y93_N0_I5           ; BLK_CLK_BUF                                                                      ;
;   13.717 ;   0.057  ;    ; RE   ; 1      ; ROWCLKSEL_PREBUF_X13_Y93_N0_I5      ; ROWCLKSEL_PREBUF                                                                 ;
;   13.753 ;   0.036  ;    ; RE   ; 1      ; ROWCLKSEL_X13_Y93_N0_I1             ; ROWCLKSEL                                                                        ;
;   13.753 ;   0.000  ;    ; RE   ; 1      ; GLOBAL_LOCAL_SEL_X13_Y93_N0_I1      ; GLOBAL_LOCAL_SEL                                                                 ;
;   13.753 ;   0.000  ;    ; RE   ; 10     ; LAB_INPUT_X13_Y93_N0_I0             ; LAB_INPUT                                                                        ;
;   13.752 ;   -0.001 ; RR ; IC   ; 1      ; FF_X13_Y93_N26                      ; u_cache|g_bank[29].u_storage|g_ip.write_enable_q|clk                             ;
;   14.203 ;   0.451  ; RR ; CELL ; 1      ; FF_X13_Y93_N26                      ; llm_bank_ram:u_cache|pipelined_word_ram:g_bank[29].u_storage|g_ip.write_enable_q ;
;   14.451 ;   0.248  ;    ;      ;        ;                                     ; clock pessimism removed                                                          ;
; 14.351   ; -0.100   ;    ;      ;        ;                                     ; clock uncertainty                                                                ;
; 14.351   ; 0.000    ;    ; uTsu ; 1      ; FF_X13_Y93_N26                      ; llm_bank_ram:u_cache|pipelined_word_ram:g_bank[29].u_storage|g_ip.write_enable_q ;
+----------+----------+----+------+--------+-------------------------------------+----------------------------------------------------------------------------------+

----------------------------
; Extra Fitter Information ;
----------------------------
HTML report is unavailable in plain text report export.


Path #17: Recovery slack is 3.877 
===============================================================================
+-------------------------------------------------------------------------------------------------------+
; Path Summary                                                                                          ;
+--------------------+----------------------------------------------------------------------------------+
; Property           ; Value                                                                            ;
+--------------------+----------------------------------------------------------------------------------+
; From Node          ; reset_release:u_reset|core_rst_n                                                 ;
; To Node            ; llm_bank_ram:u_cache|pipelined_word_ram:g_bank[26].u_storage|g_ip.write_enable_q ;
; Launch Clock       ; clk                                                                              ;
; Latch Clock        ; clk                                                                              ;
; Data Arrival Time  ; 10.481                                                                           ;
; Data Required Time ; 14.358                                                                           ;
; Slack              ; 3.877                                                                            ;
+--------------------+----------------------------------------------------------------------------------+

+-------------------------------------------------------------------------------------+
; Statistics                                                                          ;
+------------------------+--------+-------+-------------+------------+--------+-------+
; Property               ; Value  ; Count ; Total Delay ; % of Total ; Min    ; Max   ;
+------------------------+--------+-------+-------------+------------+--------+-------+
; Recovery Relationship  ; 10.000 ;       ;             ;            ;        ;       ;
; Clock Skew             ; -0.166 ;       ;             ;            ;        ;       ;
; Data Delay             ; 5.857  ;       ;             ;            ;        ;       ;
; Number of Logic Levels ;        ; 0     ;             ;            ;        ;       ;
; Physical Delays        ;        ;       ;             ;            ;        ;       ;
;  Arrival Path          ;        ;       ;             ;            ;        ;       ;
;   Clock                ;        ;       ;             ;            ;        ;       ;
;    IC                  ;        ; 3     ; -0.001      ; 0          ; -0.001 ; 0.000 ;
;    Cell                ;        ; 3     ; 1.780       ; 38         ; 0.335  ; 0.917 ;
;    Routing Element     ;        ; 25    ; 2.845       ; 62         ; 0.000  ; 1.032 ;
;   Data                 ;        ;       ;             ;            ;        ;       ;
;    IC                  ;        ; 1     ; 0.000       ; 0          ; 0.000  ; 0.000 ;
;    Cell                ;        ; 2     ; 0.574       ; 10         ; 0.000  ; 0.574 ;
;    uTco                ;        ; 1     ; 0.000       ; 0          ; 0.000  ; 0.000 ;
;    Routing Element     ;        ; 31    ; 5.283       ; 90         ; 0.000  ; 0.434 ;
;  Required Path         ;        ;       ;             ;            ;        ;       ;
;   Clock                ;        ;       ;             ;            ;        ;       ;
;    IC                  ;        ; 3     ; -0.001      ; 0          ; -0.001 ; 0.000 ;
;    Cell                ;        ; 3     ; 1.687       ; 40         ; 0.312  ; 0.917 ;
;    Routing Element     ;        ; 25    ; 2.524       ; 60         ; 0.000  ; 0.992 ;
+------------------------+--------+-------+-------------+------------+--------+-------+
Note: Negative delays are omitted from totals when calculating percentages

+--------------------------------------------------------------------------------------------------------------------------------------------------------------------------+
; Data Arrival Path                                                                                                                                                        ;
+----------+----------+----+------+--------+--------------------------------------------+----------------------------------------------------------------------------------+
; Total    ; Incr     ; RF ; Type ; Fanout ; Location                                   ; Element                                                                          ;
+----------+----------+----+------+--------+--------------------------------------------+----------------------------------------------------------------------------------+
; 0.000    ; 0.000    ;    ;      ;        ;                                            ; launch edge time                                                                 ;
; 4.624    ; 4.624    ;    ;      ;        ;                                            ; clock path                                                                       ;
;   0.000  ;   0.000  ;    ;      ;        ;                                            ; source latency                                                                   ;
;   0.000  ;   0.000  ;    ;      ; 1      ; PIN_AC18                                   ; clk                                                                              ;
;   0.000  ;   0.000  ;    ; RE   ; 1      ; IOPAD_X54_Y0_N0                            ; ARRIAV_IO_PAD                                                                    ;
;   0.000  ;   0.000  ;    ; RE   ; 1      ; IO_PAD_OUTPUT_X54_Y0_N0_I1                 ; IO_PAD_OUTPUT                                                                    ;
;   0.000  ;   0.000  ;    ; RE   ; 1      ; IO_INPUT_BUFFER_INPUT_X54_Y0_N1_I0         ; IO_INPUT_BUFFER_INPUT                                                            ;
;   0.000  ;   0.000  ; RR ; IC   ; 1      ; IOIBUF_X54_Y0_N1                           ; clk~input|i                                                                      ;
;   0.917  ;   0.917  ; RR ; CELL ; 1      ; IOIBUF_X54_Y0_N1                           ; clk~input|o                                                                      ;
;   0.917  ;   0.000  ;    ; RE   ; 1      ; IOIBUF_X54_Y0_N1                           ; ARRIAV_IO_IBUF                                                                   ;
;   0.917  ;   0.000  ;    ; RE   ; 1      ; IO_INPUT_BUFFER_OUTPUT_X54_Y0_N1_I2        ; IO_INPUT_BUFFER_OUTPUT                                                           ;
;   0.917  ;   0.000  ;    ; RE   ; 1      ; IO_RE_X54_Y0_N0_I96                        ; IO_RE                                                                            ;
;   1.133  ;   0.216  ;    ; RE   ; 1      ; IO_RE_X54_Y0_N0_I66                        ; IO_RE                                                                            ;
;   1.320  ;   0.187  ;    ; RE   ; 1      ; CLKBUF_CLUSTER_RE_X58_Y0_N0_I1614          ; CLKBUF_CLUSTER_RE                                                                ;
;   1.320  ;   0.000  ;    ; RE   ; 1      ; CLKBUF_CLUSTER_RE_X58_Y0_N0_I488           ; CLKBUF_CLUSTER_RE                                                                ;
;   1.320  ;   0.000  ;    ; RE   ; 1      ; GCLK_CLUSTER_RE_X58_Y0_N0_I10              ; GCLK_CLUSTER_RE                                                                  ;
;   1.320  ;   0.000  ;    ; RE   ; 1      ; CLKBUFBLOCK_INPUT_X58_Y0_N1_I0             ; CLKBUFBLOCK_INPUT                                                                ;
;   1.320  ;   0.000  ; RR ; IC   ; 1      ; CLKCTRL_G4                                 ; clk~inputCLKENA0|inclk                                                           ;
;   1.655  ;   0.335  ; RR ; CELL ; 49420  ; CLKCTRL_G4                                 ; clk~inputCLKENA0|outclk                                                          ;
;   1.655  ;   0.000  ;    ; RE   ; 1      ; CLKCTRL_G4                                 ; ARRIAV_CLKBUF                                                                    ;
;   1.655  ;   0.000  ;    ; RE   ; 1      ; CLKBUFBLOCK_OUTPUT_X58_Y0_N1_I2            ; CLKBUFBLOCK_OUTPUT                                                               ;
;   1.655  ;   0.000  ;    ; RE   ; 1      ; GCLK_CLUSTER_RE_X58_Y0_N0_I12              ; GCLK_CLUSTER_RE                                                                  ;
;   1.655  ;   0.000  ;    ; RE   ; 1      ; CLKBUF_CLUSTER_RE_X58_Y0_N0_I415           ; CLKBUF_CLUSTER_RE                                                                ;
;   2.687  ;   1.032  ;    ; RE   ; 16     ; GLOBAL_CLOCK_X0_Y58_N0_I4                  ; GLOBAL_CLOCK                                                                     ;
;   2.869  ;   0.182  ;    ; RE   ; 29     ; SPINE_CLOCK_X75_Y30_N0_I20                 ; SPINE_CLOCK                                                                      ;
;   3.329  ;   0.460  ;    ; RE   ; 1      ; SCLK_TO_ROWCLK_BUF_X75_Y57_N0_I121         ; SCLK_TO_ROWCLK_BUF                                                               ;
;   3.418  ;   0.089  ;    ; RE   ; 2      ; SCLK_TO_ROWCLK_BUF_X75_Y57_N0_I124         ; SCLK_TO_ROWCLK_BUF                                                               ;
;   3.856  ;   0.438  ;    ; RE   ; 13     ; LAB_CLK_X76_Y57_N0_I5                      ; LAB_CLK                                                                          ;
;   4.002  ;   0.146  ;    ; RE   ; 1      ; BLK_CLK_BUF_X83_Y57_N0_I5                  ; BLK_CLK_BUF                                                                      ;
;   4.058  ;   0.056  ;    ; RE   ; 1      ; ROWCLKSEL_PREBUF_X83_Y57_N0_I5             ; ROWCLKSEL_PREBUF                                                                 ;
;   4.097  ;   0.039  ;    ; RE   ; 1      ; ROWCLKSEL_X83_Y57_N0_I1                    ; ROWCLKSEL                                                                        ;
;   4.097  ;   0.000  ;    ; RE   ; 2      ; GLOBAL_LOCAL_SEL_X83_Y57_N0_I1             ; GLOBAL_LOCAL_SEL                                                                 ;
;   4.097  ;   0.000  ;    ; RE   ; 3      ; LAB_INPUT_X83_Y57_N0_I0                    ; LAB_INPUT                                                                        ;
;   4.096  ;   -0.001 ; RR ; IC   ; 1      ; FF_X83_Y57_N29                             ; u_reset|core_rst_n|clk                                                           ;
;   4.624  ;   0.528  ; RR ; CELL ; 1      ; FF_X83_Y57_N29                             ; reset_release:u_reset|core_rst_n                                                 ;
; 10.481   ; 5.857    ;    ;      ;        ;                                            ; data path                                                                        ;
;   4.624  ;   0.000  ;    ; uTco ; 1      ; FF_X83_Y57_N29                             ; reset_release:u_reset|core_rst_n                                                 ;
;   4.624  ;   0.000  ; FF ; CELL ; 3143   ; FF_X83_Y57_N29                             ; u_reset|core_rst_n|q                                                             ;
;   4.685  ;   0.061  ;    ; RE   ; 1      ; FF_X83_Y57_N29                             ; ARRIAV_FF                                                                        ;
;   4.765  ;   0.080  ;    ; RE   ; 4      ; LE_BUFFER_X83_Y57_N0_I19                   ; LE_BUFFER                                                                        ;
;   4.969  ;   0.204  ;    ; RE   ; 1      ; R6_X77_Y57_N0_I29                          ; H_SEG6                                                                           ;
;   4.969  ;   0.000  ;    ; RE   ; 1      ; R14_C12_INTERCONNECT_DRIVER_X82_Y57_N0_I3  ; WIRE_MUX                                                                         ;
;   5.363  ;   0.394  ;    ; RE   ; 9      ; C12_X82_Y58_N0_I0                          ; V_SEG12                                                                          ;
;   5.363  ;   0.000  ;    ; RE   ; 1      ; R14_C12_INTERCONNECT_DRIVER_X82_Y66_N0_I0  ; WIRE_MUX                                                                         ;
;   5.772  ;   0.409  ;    ; RE   ; 1      ; C12_X82_Y67_N0_I0                          ; V_SEG12                                                                          ;
;   5.772  ;   0.000  ;    ; RE   ; 2      ; R14_C12_INTERCONNECT_DRIVER_X82_Y76_N0_I1  ; WIRE_MUX                                                                         ;
;   6.183  ;   0.411  ;    ; RE   ; 3      ; C12_X82_Y77_N0_I0                          ; V_SEG12                                                                          ;
;   6.183  ;   0.000  ;    ; RE   ; 1      ; R14_C12_INTERCONNECT_DRIVER_X82_Y88_N0_I3  ; WIRE_MUX                                                                         ;
;   6.534  ;   0.351  ;    ; RE   ; 2      ; R14_X69_Y88_N0_I1                          ; H_SEG14                                                                          ;
;   6.534  ;   0.000  ;    ; RE   ; 1      ; R14_C12_INTERCONNECT_DRIVER_X68_Y88_N0_I2  ; WIRE_MUX                                                                         ;
;   6.886  ;   0.352  ;    ; RE   ; 2      ; C12_X68_Y89_N0_I0                          ; V_SEG12                                                                          ;
;   6.886  ;   0.000  ;    ; RE   ; 1      ; R14_C12_INTERCONNECT_DRIVER_X68_Y98_N0_I1  ; WIRE_MUX                                                                         ;
;   7.258  ;   0.372  ;    ; RE   ; 4      ; R14_X55_Y98_N0_I1                          ; H_SEG14                                                                          ;
;   7.258  ;   0.000  ;    ; RE   ; 1      ; R14_C12_INTERCONNECT_DRIVER_X54_Y98_N0_I2  ; WIRE_MUX                                                                         ;
;   7.673  ;   0.415  ;    ; RE   ; 2      ; C12_X54_Y99_N0_I0                          ; V_SEG12                                                                          ;
;   7.673  ;   0.000  ;    ; RE   ; 1      ; R14_C12_INTERCONNECT_DRIVER_X54_Y104_N0_I3 ; WIRE_MUX                                                                         ;
;   8.032  ;   0.359  ;    ; RE   ; 1      ; R14_X41_Y104_N0_I1                         ; H_SEG14                                                                          ;
;   8.032  ;   0.000  ;    ; RE   ; 1      ; R14_C12_INTERCONNECT_DRIVER_X40_Y104_N0_I2 ; WIRE_MUX                                                                         ;
;   8.305  ;   0.273  ;    ; RE   ; 2      ; R14_X27_Y104_N0_I1                         ; H_SEG14                                                                          ;
;   8.305  ;   0.000  ;    ; RE   ; 1      ; R14_C12_INTERCONNECT_DRIVER_X26_Y104_N0_I2 ; WIRE_MUX                                                                         ;
;   8.585  ;   0.280  ;    ; RE   ; 4      ; R14_X13_Y104_N0_I1                         ; H_SEG14                                                                          ;
;   8.585  ;   0.000  ;    ; RE   ; 2      ; R14_C12_INTERCONNECT_DRIVER_X15_Y104_N0_I2 ; WIRE_MUX                                                                         ;
;   9.019  ;   0.434  ;    ; RE   ; 3      ; C12_X15_Y92_N0_I1                          ; V_SEG12                                                                          ;
;   9.386  ;   0.367  ;    ; RE   ; 1      ; C2_X15_Y93_N0_I0                           ; V_SEG2                                                                           ;
;   9.629  ;   0.243  ;    ; RE   ; 1      ; R3_X13_Y93_N0_I16                          ; H_SEG3                                                                           ;
;   9.789  ;   0.160  ;    ; RE   ; 3      ; LOCAL_INTERCONNECT_X13_Y93_N0_I20          ; LAB_LINE                                                                         ;
;   9.907  ;   0.118  ;    ; RE   ; 1      ; BLOCK_INPUT_MUX_PASSTHROUGH_X13_Y93_N0_I83 ; LEIM                                                                             ;
;   9.907  ;   0.000  ;    ; RE   ; 1      ; GLOBAL_LOCAL_SEL_X13_Y93_N0_I2             ; GLOBAL_LOCAL_SEL                                                                 ;
;   9.907  ;   0.000  ;    ; RE   ; 4      ; LAB_INPUT_X13_Y93_N0_I3                    ; LAB_INPUT                                                                        ;
;   9.907  ;   0.000  ; FF ; IC   ; 1      ; FF_X13_Y93_N59                             ; u_cache|g_bank[26].u_storage|g_ip.write_enable_q|clrn                            ;
;   10.481 ;   0.574  ; FF ; CELL ; 1      ; FF_X13_Y93_N59                             ; llm_bank_ram:u_cache|pipelined_word_ram:g_bank[26].u_storage|g_ip.write_enable_q ;
+----------+----------+----+------+--------+--------------------------------------------+----------------------------------------------------------------------------------+

+-------------------------------------------------------------------------------------------------------------------------------------------------------------------+
; Data Required Path                                                                                                                                                ;
+----------+----------+----+------+--------+-------------------------------------+----------------------------------------------------------------------------------+
; Total    ; Incr     ; RF ; Type ; Fanout ; Location                            ; Element                                                                          ;
+----------+----------+----+------+--------+-------------------------------------+----------------------------------------------------------------------------------+
; 10.000   ; 10.000   ;    ;      ;        ;                                     ; latch edge time                                                                  ;
; 14.458   ; 4.458    ;    ;      ;        ;                                     ; clock path                                                                       ;
;   10.000 ;   0.000  ;    ;      ;        ;                                     ; source latency                                                                   ;
;   10.000 ;   0.000  ;    ;      ; 1      ; PIN_AC18                            ; clk                                                                              ;
;   10.000 ;   0.000  ;    ; RE   ; 1      ; IOPAD_X54_Y0_N0                     ; ARRIAV_IO_PAD                                                                    ;
;   10.000 ;   0.000  ;    ; RE   ; 1      ; IO_PAD_OUTPUT_X54_Y0_N0_I1          ; IO_PAD_OUTPUT                                                                    ;
;   10.000 ;   0.000  ;    ; RE   ; 1      ; IO_INPUT_BUFFER_INPUT_X54_Y0_N1_I0  ; IO_INPUT_BUFFER_INPUT                                                            ;
;   10.000 ;   0.000  ; RR ; IC   ; 1      ; IOIBUF_X54_Y0_N1                    ; clk~input|i                                                                      ;
;   10.917 ;   0.917  ; RR ; CELL ; 1      ; IOIBUF_X54_Y0_N1                    ; clk~input|o                                                                      ;
;   10.917 ;   0.000  ;    ; RE   ; 1      ; IOIBUF_X54_Y0_N1                    ; ARRIAV_IO_IBUF                                                                   ;
;   10.917 ;   0.000  ;    ; RE   ; 1      ; IO_INPUT_BUFFER_OUTPUT_X54_Y0_N1_I2 ; IO_INPUT_BUFFER_OUTPUT                                                           ;
;   10.917 ;   0.000  ;    ; RE   ; 1      ; IO_RE_X54_Y0_N0_I96                 ; IO_RE                                                                            ;
;   11.095 ;   0.178  ;    ; RE   ; 1      ; IO_RE_X54_Y0_N0_I66                 ; IO_RE                                                                            ;
;   11.095 ;   0.000  ;    ; RE   ; 1      ; CLKBUF_CLUSTER_RE_X58_Y0_N0_I1614   ; CLKBUF_CLUSTER_RE                                                                ;
;   11.095 ;   0.000  ;    ; RE   ; 1      ; CLKBUF_CLUSTER_RE_X58_Y0_N0_I488    ; CLKBUF_CLUSTER_RE                                                                ;
;   11.095 ;   0.000  ;    ; RE   ; 1      ; GCLK_CLUSTER_RE_X58_Y0_N0_I10       ; GCLK_CLUSTER_RE                                                                  ;
;   11.095 ;   0.000  ;    ; RE   ; 1      ; CLKBUFBLOCK_INPUT_X58_Y0_N1_I0      ; CLKBUFBLOCK_INPUT                                                                ;
;   11.095 ;   0.000  ; RR ; IC   ; 1      ; CLKCTRL_G4                          ; clk~inputCLKENA0|inclk                                                           ;
;   11.407 ;   0.312  ; RR ; CELL ; 49420  ; CLKCTRL_G4                          ; clk~inputCLKENA0|outclk                                                          ;
;   11.407 ;   0.000  ;    ; RE   ; 1      ; CLKCTRL_G4                          ; ARRIAV_CLKBUF                                                                    ;
;   11.407 ;   0.000  ;    ; RE   ; 1      ; CLKBUFBLOCK_OUTPUT_X58_Y0_N1_I2     ; CLKBUFBLOCK_OUTPUT                                                               ;
;   11.407 ;   0.000  ;    ; RE   ; 1      ; GCLK_CLUSTER_RE_X58_Y0_N0_I12       ; GCLK_CLUSTER_RE                                                                  ;
;   11.407 ;   0.000  ;    ; RE   ; 1      ; CLKBUF_CLUSTER_RE_X58_Y0_N0_I415    ; CLKBUF_CLUSTER_RE                                                                ;
;   12.399 ;   0.992  ;    ; RE   ; 16     ; GLOBAL_CLOCK_X0_Y58_N0_I4           ; GLOBAL_CLOCK                                                                     ;
;   12.570 ;   0.171  ;    ; RE   ; 26     ; SPINE_CLOCK_X15_Y88_N0_I20          ; SPINE_CLOCK                                                                      ;
;   13.012 ;   0.442  ;    ; RE   ; 1      ; SCLK_TO_ROWCLK_BUF_X15_Y93_N0_I121  ; SCLK_TO_ROWCLK_BUF                                                               ;
;   13.097 ;   0.085  ;    ; RE   ; 2      ; SCLK_TO_ROWCLK_BUF_X15_Y93_N0_I124  ; SCLK_TO_ROWCLK_BUF                                                               ;
;   13.520 ;   0.423  ;    ; RE   ; 9      ; LAB_CLK_X0_Y93_N0_I5                ; LAB_CLK                                                                          ;
;   13.660 ;   0.140  ;    ; RE   ; 1      ; BLK_CLK_BUF_X13_Y93_N0_I5           ; BLK_CLK_BUF                                                                      ;
;   13.717 ;   0.057  ;    ; RE   ; 1      ; ROWCLKSEL_PREBUF_X13_Y93_N0_I5      ; ROWCLKSEL_PREBUF                                                                 ;
;   13.753 ;   0.036  ;    ; RE   ; 1      ; ROWCLKSEL_X13_Y93_N0_I1             ; ROWCLKSEL                                                                        ;
;   13.753 ;   0.000  ;    ; RE   ; 1      ; GLOBAL_LOCAL_SEL_X13_Y93_N0_I1      ; GLOBAL_LOCAL_SEL                                                                 ;
;   13.753 ;   0.000  ;    ; RE   ; 10     ; LAB_INPUT_X13_Y93_N0_I0             ; LAB_INPUT                                                                        ;
;   13.752 ;   -0.001 ; RR ; IC   ; 1      ; FF_X13_Y93_N59                      ; u_cache|g_bank[26].u_storage|g_ip.write_enable_q|clk                             ;
;   14.210 ;   0.458  ; RR ; CELL ; 1      ; FF_X13_Y93_N59                      ; llm_bank_ram:u_cache|pipelined_word_ram:g_bank[26].u_storage|g_ip.write_enable_q ;
;   14.458 ;   0.248  ;    ;      ;        ;                                     ; clock pessimism removed                                                          ;
; 14.358   ; -0.100   ;    ;      ;        ;                                     ; clock uncertainty                                                                ;
; 14.358   ; 0.000    ;    ; uTsu ; 1      ; FF_X13_Y93_N59                      ; llm_bank_ram:u_cache|pipelined_word_ram:g_bank[26].u_storage|g_ip.write_enable_q ;
+----------+----------+----+------+--------+-------------------------------------+----------------------------------------------------------------------------------+

----------------------------
; Extra Fitter Information ;
----------------------------
HTML report is unavailable in plain text report export.


Path #18: Recovery slack is 3.877 
===============================================================================
+---------------------------------------------------------------------+
; Path Summary                                                        ;
+--------------------+------------------------------------------------+
; Property           ; Value                                          ;
+--------------------+------------------------------------------------+
; From Node          ; reset_release:u_reset|core_rst_n               ;
; To Node            ; llm_bank_ram:u_cache|g_bank[29].write_enable_q ;
; Launch Clock       ; clk                                            ;
; Latch Clock        ; clk                                            ;
; Data Arrival Time  ; 10.481                                         ;
; Data Required Time ; 14.358                                         ;
; Slack              ; 3.877                                          ;
+--------------------+------------------------------------------------+

+-------------------------------------------------------------------------------------+
; Statistics                                                                          ;
+------------------------+--------+-------+-------------+------------+--------+-------+
; Property               ; Value  ; Count ; Total Delay ; % of Total ; Min    ; Max   ;
+------------------------+--------+-------+-------------+------------+--------+-------+
; Recovery Relationship  ; 10.000 ;       ;             ;            ;        ;       ;
; Clock Skew             ; -0.166 ;       ;             ;            ;        ;       ;
; Data Delay             ; 5.857  ;       ;             ;            ;        ;       ;
; Number of Logic Levels ;        ; 0     ;             ;            ;        ;       ;
; Physical Delays        ;        ;       ;             ;            ;        ;       ;
;  Arrival Path          ;        ;       ;             ;            ;        ;       ;
;   Clock                ;        ;       ;             ;            ;        ;       ;
;    IC                  ;        ; 3     ; -0.001      ; 0          ; -0.001 ; 0.000 ;
;    Cell                ;        ; 3     ; 1.780       ; 38         ; 0.335  ; 0.917 ;
;    Routing Element     ;        ; 25    ; 2.845       ; 62         ; 0.000  ; 1.032 ;
;   Data                 ;        ;       ;             ;            ;        ;       ;
;    IC                  ;        ; 1     ; 0.000       ; 0          ; 0.000  ; 0.000 ;
;    Cell                ;        ; 2     ; 0.574       ; 10         ; 0.000  ; 0.574 ;
;    uTco                ;        ; 1     ; 0.000       ; 0          ; 0.000  ; 0.000 ;
;    Routing Element     ;        ; 31    ; 5.283       ; 90         ; 0.000  ; 0.434 ;
;  Required Path         ;        ;       ;             ;            ;        ;       ;
;   Clock                ;        ;       ;             ;            ;        ;       ;
;    IC                  ;        ; 3     ; -0.001      ; 0          ; -0.001 ; 0.000 ;
;    Cell                ;        ; 3     ; 1.687       ; 40         ; 0.312  ; 0.917 ;
;    Routing Element     ;        ; 25    ; 2.524       ; 60         ; 0.000  ; 0.992 ;
+------------------------+--------+-------+-------------+------------+--------+-------+
Note: Negative delays are omitted from totals when calculating percentages

+----------------------------------------------------------------------------------------------------------------------------------------+
; Data Arrival Path                                                                                                                      ;
+----------+----------+----+------+--------+--------------------------------------------+------------------------------------------------+
; Total    ; Incr     ; RF ; Type ; Fanout ; Location                                   ; Element                                        ;
+----------+----------+----+------+--------+--------------------------------------------+------------------------------------------------+
; 0.000    ; 0.000    ;    ;      ;        ;                                            ; launch edge time                               ;
; 4.624    ; 4.624    ;    ;      ;        ;                                            ; clock path                                     ;
;   0.000  ;   0.000  ;    ;      ;        ;                                            ; source latency                                 ;
;   0.000  ;   0.000  ;    ;      ; 1      ; PIN_AC18                                   ; clk                                            ;
;   0.000  ;   0.000  ;    ; RE   ; 1      ; IOPAD_X54_Y0_N0                            ; ARRIAV_IO_PAD                                  ;
;   0.000  ;   0.000  ;    ; RE   ; 1      ; IO_PAD_OUTPUT_X54_Y0_N0_I1                 ; IO_PAD_OUTPUT                                  ;
;   0.000  ;   0.000  ;    ; RE   ; 1      ; IO_INPUT_BUFFER_INPUT_X54_Y0_N1_I0         ; IO_INPUT_BUFFER_INPUT                          ;
;   0.000  ;   0.000  ; RR ; IC   ; 1      ; IOIBUF_X54_Y0_N1                           ; clk~input|i                                    ;
;   0.917  ;   0.917  ; RR ; CELL ; 1      ; IOIBUF_X54_Y0_N1                           ; clk~input|o                                    ;
;   0.917  ;   0.000  ;    ; RE   ; 1      ; IOIBUF_X54_Y0_N1                           ; ARRIAV_IO_IBUF                                 ;
;   0.917  ;   0.000  ;    ; RE   ; 1      ; IO_INPUT_BUFFER_OUTPUT_X54_Y0_N1_I2        ; IO_INPUT_BUFFER_OUTPUT                         ;
;   0.917  ;   0.000  ;    ; RE   ; 1      ; IO_RE_X54_Y0_N0_I96                        ; IO_RE                                          ;
;   1.133  ;   0.216  ;    ; RE   ; 1      ; IO_RE_X54_Y0_N0_I66                        ; IO_RE                                          ;
;   1.320  ;   0.187  ;    ; RE   ; 1      ; CLKBUF_CLUSTER_RE_X58_Y0_N0_I1614          ; CLKBUF_CLUSTER_RE                              ;
;   1.320  ;   0.000  ;    ; RE   ; 1      ; CLKBUF_CLUSTER_RE_X58_Y0_N0_I488           ; CLKBUF_CLUSTER_RE                              ;
;   1.320  ;   0.000  ;    ; RE   ; 1      ; GCLK_CLUSTER_RE_X58_Y0_N0_I10              ; GCLK_CLUSTER_RE                                ;
;   1.320  ;   0.000  ;    ; RE   ; 1      ; CLKBUFBLOCK_INPUT_X58_Y0_N1_I0             ; CLKBUFBLOCK_INPUT                              ;
;   1.320  ;   0.000  ; RR ; IC   ; 1      ; CLKCTRL_G4                                 ; clk~inputCLKENA0|inclk                         ;
;   1.655  ;   0.335  ; RR ; CELL ; 49420  ; CLKCTRL_G4                                 ; clk~inputCLKENA0|outclk                        ;
;   1.655  ;   0.000  ;    ; RE   ; 1      ; CLKCTRL_G4                                 ; ARRIAV_CLKBUF                                  ;
;   1.655  ;   0.000  ;    ; RE   ; 1      ; CLKBUFBLOCK_OUTPUT_X58_Y0_N1_I2            ; CLKBUFBLOCK_OUTPUT                             ;
;   1.655  ;   0.000  ;    ; RE   ; 1      ; GCLK_CLUSTER_RE_X58_Y0_N0_I12              ; GCLK_CLUSTER_RE                                ;
;   1.655  ;   0.000  ;    ; RE   ; 1      ; CLKBUF_CLUSTER_RE_X58_Y0_N0_I415           ; CLKBUF_CLUSTER_RE                              ;
;   2.687  ;   1.032  ;    ; RE   ; 16     ; GLOBAL_CLOCK_X0_Y58_N0_I4                  ; GLOBAL_CLOCK                                   ;
;   2.869  ;   0.182  ;    ; RE   ; 29     ; SPINE_CLOCK_X75_Y30_N0_I20                 ; SPINE_CLOCK                                    ;
;   3.329  ;   0.460  ;    ; RE   ; 1      ; SCLK_TO_ROWCLK_BUF_X75_Y57_N0_I121         ; SCLK_TO_ROWCLK_BUF                             ;
;   3.418  ;   0.089  ;    ; RE   ; 2      ; SCLK_TO_ROWCLK_BUF_X75_Y57_N0_I124         ; SCLK_TO_ROWCLK_BUF                             ;
;   3.856  ;   0.438  ;    ; RE   ; 13     ; LAB_CLK_X76_Y57_N0_I5                      ; LAB_CLK                                        ;
;   4.002  ;   0.146  ;    ; RE   ; 1      ; BLK_CLK_BUF_X83_Y57_N0_I5                  ; BLK_CLK_BUF                                    ;
;   4.058  ;   0.056  ;    ; RE   ; 1      ; ROWCLKSEL_PREBUF_X83_Y57_N0_I5             ; ROWCLKSEL_PREBUF                               ;
;   4.097  ;   0.039  ;    ; RE   ; 1      ; ROWCLKSEL_X83_Y57_N0_I1                    ; ROWCLKSEL                                      ;
;   4.097  ;   0.000  ;    ; RE   ; 2      ; GLOBAL_LOCAL_SEL_X83_Y57_N0_I1             ; GLOBAL_LOCAL_SEL                               ;
;   4.097  ;   0.000  ;    ; RE   ; 3      ; LAB_INPUT_X83_Y57_N0_I0                    ; LAB_INPUT                                      ;
;   4.096  ;   -0.001 ; RR ; IC   ; 1      ; FF_X83_Y57_N29                             ; u_reset|core_rst_n|clk                         ;
;   4.624  ;   0.528  ; RR ; CELL ; 1      ; FF_X83_Y57_N29                             ; reset_release:u_reset|core_rst_n               ;
; 10.481   ; 5.857    ;    ;      ;        ;                                            ; data path                                      ;
;   4.624  ;   0.000  ;    ; uTco ; 1      ; FF_X83_Y57_N29                             ; reset_release:u_reset|core_rst_n               ;
;   4.624  ;   0.000  ; FF ; CELL ; 3143   ; FF_X83_Y57_N29                             ; u_reset|core_rst_n|q                           ;
;   4.685  ;   0.061  ;    ; RE   ; 1      ; FF_X83_Y57_N29                             ; ARRIAV_FF                                      ;
;   4.765  ;   0.080  ;    ; RE   ; 4      ; LE_BUFFER_X83_Y57_N0_I19                   ; LE_BUFFER                                      ;
;   4.969  ;   0.204  ;    ; RE   ; 1      ; R6_X77_Y57_N0_I29                          ; H_SEG6                                         ;
;   4.969  ;   0.000  ;    ; RE   ; 1      ; R14_C12_INTERCONNECT_DRIVER_X82_Y57_N0_I3  ; WIRE_MUX                                       ;
;   5.363  ;   0.394  ;    ; RE   ; 9      ; C12_X82_Y58_N0_I0                          ; V_SEG12                                        ;
;   5.363  ;   0.000  ;    ; RE   ; 1      ; R14_C12_INTERCONNECT_DRIVER_X82_Y66_N0_I0  ; WIRE_MUX                                       ;
;   5.772  ;   0.409  ;    ; RE   ; 1      ; C12_X82_Y67_N0_I0                          ; V_SEG12                                        ;
;   5.772  ;   0.000  ;    ; RE   ; 2      ; R14_C12_INTERCONNECT_DRIVER_X82_Y76_N0_I1  ; WIRE_MUX                                       ;
;   6.183  ;   0.411  ;    ; RE   ; 3      ; C12_X82_Y77_N0_I0                          ; V_SEG12                                        ;
;   6.183  ;   0.000  ;    ; RE   ; 1      ; R14_C12_INTERCONNECT_DRIVER_X82_Y88_N0_I3  ; WIRE_MUX                                       ;
;   6.534  ;   0.351  ;    ; RE   ; 2      ; R14_X69_Y88_N0_I1                          ; H_SEG14                                        ;
;   6.534  ;   0.000  ;    ; RE   ; 1      ; R14_C12_INTERCONNECT_DRIVER_X68_Y88_N0_I2  ; WIRE_MUX                                       ;
;   6.886  ;   0.352  ;    ; RE   ; 2      ; C12_X68_Y89_N0_I0                          ; V_SEG12                                        ;
;   6.886  ;   0.000  ;    ; RE   ; 1      ; R14_C12_INTERCONNECT_DRIVER_X68_Y98_N0_I1  ; WIRE_MUX                                       ;
;   7.258  ;   0.372  ;    ; RE   ; 4      ; R14_X55_Y98_N0_I1                          ; H_SEG14                                        ;
;   7.258  ;   0.000  ;    ; RE   ; 1      ; R14_C12_INTERCONNECT_DRIVER_X54_Y98_N0_I2  ; WIRE_MUX                                       ;
;   7.673  ;   0.415  ;    ; RE   ; 2      ; C12_X54_Y99_N0_I0                          ; V_SEG12                                        ;
;   7.673  ;   0.000  ;    ; RE   ; 1      ; R14_C12_INTERCONNECT_DRIVER_X54_Y104_N0_I3 ; WIRE_MUX                                       ;
;   8.032  ;   0.359  ;    ; RE   ; 1      ; R14_X41_Y104_N0_I1                         ; H_SEG14                                        ;
;   8.032  ;   0.000  ;    ; RE   ; 1      ; R14_C12_INTERCONNECT_DRIVER_X40_Y104_N0_I2 ; WIRE_MUX                                       ;
;   8.305  ;   0.273  ;    ; RE   ; 2      ; R14_X27_Y104_N0_I1                         ; H_SEG14                                        ;
;   8.305  ;   0.000  ;    ; RE   ; 1      ; R14_C12_INTERCONNECT_DRIVER_X26_Y104_N0_I2 ; WIRE_MUX                                       ;
;   8.585  ;   0.280  ;    ; RE   ; 4      ; R14_X13_Y104_N0_I1                         ; H_SEG14                                        ;
;   8.585  ;   0.000  ;    ; RE   ; 2      ; R14_C12_INTERCONNECT_DRIVER_X15_Y104_N0_I2 ; WIRE_MUX                                       ;
;   9.019  ;   0.434  ;    ; RE   ; 3      ; C12_X15_Y92_N0_I1                          ; V_SEG12                                        ;
;   9.386  ;   0.367  ;    ; RE   ; 1      ; C2_X15_Y93_N0_I0                           ; V_SEG2                                         ;
;   9.629  ;   0.243  ;    ; RE   ; 1      ; R3_X13_Y93_N0_I16                          ; H_SEG3                                         ;
;   9.789  ;   0.160  ;    ; RE   ; 3      ; LOCAL_INTERCONNECT_X13_Y93_N0_I20          ; LAB_LINE                                       ;
;   9.907  ;   0.118  ;    ; RE   ; 1      ; BLOCK_INPUT_MUX_PASSTHROUGH_X13_Y93_N0_I83 ; LEIM                                           ;
;   9.907  ;   0.000  ;    ; RE   ; 1      ; GLOBAL_LOCAL_SEL_X13_Y93_N0_I2             ; GLOBAL_LOCAL_SEL                               ;
;   9.907  ;   0.000  ;    ; RE   ; 4      ; LAB_INPUT_X13_Y93_N0_I3                    ; LAB_INPUT                                      ;
;   9.907  ;   0.000  ; FF ; IC   ; 1      ; FF_X13_Y93_N29                             ; u_cache|g_bank[29].write_enable_q|clrn         ;
;   10.481 ;   0.574  ; FF ; CELL ; 1      ; FF_X13_Y93_N29                             ; llm_bank_ram:u_cache|g_bank[29].write_enable_q ;
+----------+----------+----+------+--------+--------------------------------------------+------------------------------------------------+

+---------------------------------------------------------------------------------------------------------------------------------+
; Data Required Path                                                                                                              ;
+----------+----------+----+------+--------+-------------------------------------+------------------------------------------------+
; Total    ; Incr     ; RF ; Type ; Fanout ; Location                            ; Element                                        ;
+----------+----------+----+------+--------+-------------------------------------+------------------------------------------------+
; 10.000   ; 10.000   ;    ;      ;        ;                                     ; latch edge time                                ;
; 14.458   ; 4.458    ;    ;      ;        ;                                     ; clock path                                     ;
;   10.000 ;   0.000  ;    ;      ;        ;                                     ; source latency                                 ;
;   10.000 ;   0.000  ;    ;      ; 1      ; PIN_AC18                            ; clk                                            ;
;   10.000 ;   0.000  ;    ; RE   ; 1      ; IOPAD_X54_Y0_N0                     ; ARRIAV_IO_PAD                                  ;
;   10.000 ;   0.000  ;    ; RE   ; 1      ; IO_PAD_OUTPUT_X54_Y0_N0_I1          ; IO_PAD_OUTPUT                                  ;
;   10.000 ;   0.000  ;    ; RE   ; 1      ; IO_INPUT_BUFFER_INPUT_X54_Y0_N1_I0  ; IO_INPUT_BUFFER_INPUT                          ;
;   10.000 ;   0.000  ; RR ; IC   ; 1      ; IOIBUF_X54_Y0_N1                    ; clk~input|i                                    ;
;   10.917 ;   0.917  ; RR ; CELL ; 1      ; IOIBUF_X54_Y0_N1                    ; clk~input|o                                    ;
;   10.917 ;   0.000  ;    ; RE   ; 1      ; IOIBUF_X54_Y0_N1                    ; ARRIAV_IO_IBUF                                 ;
;   10.917 ;   0.000  ;    ; RE   ; 1      ; IO_INPUT_BUFFER_OUTPUT_X54_Y0_N1_I2 ; IO_INPUT_BUFFER_OUTPUT                         ;
;   10.917 ;   0.000  ;    ; RE   ; 1      ; IO_RE_X54_Y0_N0_I96                 ; IO_RE                                          ;
;   11.095 ;   0.178  ;    ; RE   ; 1      ; IO_RE_X54_Y0_N0_I66                 ; IO_RE                                          ;
;   11.095 ;   0.000  ;    ; RE   ; 1      ; CLKBUF_CLUSTER_RE_X58_Y0_N0_I1614   ; CLKBUF_CLUSTER_RE                              ;
;   11.095 ;   0.000  ;    ; RE   ; 1      ; CLKBUF_CLUSTER_RE_X58_Y0_N0_I488    ; CLKBUF_CLUSTER_RE                              ;
;   11.095 ;   0.000  ;    ; RE   ; 1      ; GCLK_CLUSTER_RE_X58_Y0_N0_I10       ; GCLK_CLUSTER_RE                                ;
;   11.095 ;   0.000  ;    ; RE   ; 1      ; CLKBUFBLOCK_INPUT_X58_Y0_N1_I0      ; CLKBUFBLOCK_INPUT                              ;
;   11.095 ;   0.000  ; RR ; IC   ; 1      ; CLKCTRL_G4                          ; clk~inputCLKENA0|inclk                         ;
;   11.407 ;   0.312  ; RR ; CELL ; 49420  ; CLKCTRL_G4                          ; clk~inputCLKENA0|outclk                        ;
;   11.407 ;   0.000  ;    ; RE   ; 1      ; CLKCTRL_G4                          ; ARRIAV_CLKBUF                                  ;
;   11.407 ;   0.000  ;    ; RE   ; 1      ; CLKBUFBLOCK_OUTPUT_X58_Y0_N1_I2     ; CLKBUFBLOCK_OUTPUT                             ;
;   11.407 ;   0.000  ;    ; RE   ; 1      ; GCLK_CLUSTER_RE_X58_Y0_N0_I12       ; GCLK_CLUSTER_RE                                ;
;   11.407 ;   0.000  ;    ; RE   ; 1      ; CLKBUF_CLUSTER_RE_X58_Y0_N0_I415    ; CLKBUF_CLUSTER_RE                              ;
;   12.399 ;   0.992  ;    ; RE   ; 16     ; GLOBAL_CLOCK_X0_Y58_N0_I4           ; GLOBAL_CLOCK                                   ;
;   12.570 ;   0.171  ;    ; RE   ; 26     ; SPINE_CLOCK_X15_Y88_N0_I20          ; SPINE_CLOCK                                    ;
;   13.012 ;   0.442  ;    ; RE   ; 1      ; SCLK_TO_ROWCLK_BUF_X15_Y93_N0_I121  ; SCLK_TO_ROWCLK_BUF                             ;
;   13.097 ;   0.085  ;    ; RE   ; 2      ; SCLK_TO_ROWCLK_BUF_X15_Y93_N0_I124  ; SCLK_TO_ROWCLK_BUF                             ;
;   13.520 ;   0.423  ;    ; RE   ; 9      ; LAB_CLK_X0_Y93_N0_I5                ; LAB_CLK                                        ;
;   13.660 ;   0.140  ;    ; RE   ; 1      ; BLK_CLK_BUF_X13_Y93_N0_I5           ; BLK_CLK_BUF                                    ;
;   13.717 ;   0.057  ;    ; RE   ; 1      ; ROWCLKSEL_PREBUF_X13_Y93_N0_I5      ; ROWCLKSEL_PREBUF                               ;
;   13.753 ;   0.036  ;    ; RE   ; 1      ; ROWCLKSEL_X13_Y93_N0_I1             ; ROWCLKSEL                                      ;
;   13.753 ;   0.000  ;    ; RE   ; 1      ; GLOBAL_LOCAL_SEL_X13_Y93_N0_I1      ; GLOBAL_LOCAL_SEL                               ;
;   13.753 ;   0.000  ;    ; RE   ; 10     ; LAB_INPUT_X13_Y93_N0_I0             ; LAB_INPUT                                      ;
;   13.752 ;   -0.001 ; RR ; IC   ; 1      ; FF_X13_Y93_N29                      ; u_cache|g_bank[29].write_enable_q|clk          ;
;   14.210 ;   0.458  ; RR ; CELL ; 1      ; FF_X13_Y93_N29                      ; llm_bank_ram:u_cache|g_bank[29].write_enable_q ;
;   14.458 ;   0.248  ;    ;      ;        ;                                     ; clock pessimism removed                        ;
; 14.358   ; -0.100   ;    ;      ;        ;                                     ; clock uncertainty                              ;
; 14.358   ; 0.000    ;    ; uTsu ; 1      ; FF_X13_Y93_N29                      ; llm_bank_ram:u_cache|g_bank[29].write_enable_q ;
+----------+----------+----+------+--------+-------------------------------------+------------------------------------------------+

----------------------------
; Extra Fitter Information ;
----------------------------
HTML report is unavailable in plain text report export.


Path #19: Recovery slack is 3.905 
===============================================================================
+----------------------------------------------------------------------+
; Path Summary                                                         ;
+--------------------+-------------------------------------------------+
; Property           ; Value                                           ;
+--------------------+-------------------------------------------------+
; From Node          ; reset_release:u_reset|core_rst_n                ;
; To Node            ; llm_bank_ram:u_cache|g_request[3].read_enable_q ;
; Launch Clock       ; clk                                             ;
; Latch Clock        ; clk                                             ;
; Data Arrival Time  ; 10.445                                          ;
; Data Required Time ; 14.350                                          ;
; Slack              ; 3.905                                           ;
+--------------------+-------------------------------------------------+

+-------------------------------------------------------------------------------------+
; Statistics                                                                          ;
+------------------------+--------+-------+-------------+------------+--------+-------+
; Property               ; Value  ; Count ; Total Delay ; % of Total ; Min    ; Max   ;
+------------------------+--------+-------+-------------+------------+--------+-------+
; Recovery Relationship  ; 10.000 ;       ;             ;            ;        ;       ;
; Clock Skew             ; -0.174 ;       ;             ;            ;        ;       ;
; Data Delay             ; 5.821  ;       ;             ;            ;        ;       ;
; Number of Logic Levels ;        ; 0     ;             ;            ;        ;       ;
; Physical Delays        ;        ;       ;             ;            ;        ;       ;
;  Arrival Path          ;        ;       ;             ;            ;        ;       ;
;   Clock                ;        ;       ;             ;            ;        ;       ;
;    IC                  ;        ; 3     ; -0.001      ; 0          ; -0.001 ; 0.000 ;
;    Cell                ;        ; 3     ; 1.780       ; 38         ; 0.335  ; 0.917 ;
;    Routing Element     ;        ; 25    ; 2.845       ; 62         ; 0.000  ; 1.032 ;
;   Data                 ;        ;       ;             ;            ;        ;       ;
;    IC                  ;        ; 1     ; 0.000       ; 0          ; 0.000  ; 0.000 ;
;    Cell                ;        ; 2     ; 0.574       ; 10         ; 0.000  ; 0.574 ;
;    uTco                ;        ; 1     ; 0.000       ; 0          ; 0.000  ; 0.000 ;
;    Routing Element     ;        ; 29    ; 5.247       ; 90         ; 0.000  ; 0.515 ;
;  Required Path         ;        ;       ;             ;            ;        ;       ;
;   Clock                ;        ;       ;             ;            ;        ;       ;
;    IC                  ;        ; 3     ; 0.001       ; 0          ; 0.000  ; 0.001 ;
;    Cell                ;        ; 3     ; 1.679       ; 40         ; 0.312  ; 0.917 ;
;    Routing Element     ;        ; 25    ; 2.522       ; 60         ; 0.000  ; 0.990 ;
+------------------------+--------+-------+-------------+------------+--------+-------+
Note: Negative delays are omitted from totals when calculating percentages

+-----------------------------------------------------------------------------------------------------------------------------------------+
; Data Arrival Path                                                                                                                       ;
+----------+----------+----+------+--------+--------------------------------------------+-------------------------------------------------+
; Total    ; Incr     ; RF ; Type ; Fanout ; Location                                   ; Element                                         ;
+----------+----------+----+------+--------+--------------------------------------------+-------------------------------------------------+
; 0.000    ; 0.000    ;    ;      ;        ;                                            ; launch edge time                                ;
; 4.624    ; 4.624    ;    ;      ;        ;                                            ; clock path                                      ;
;   0.000  ;   0.000  ;    ;      ;        ;                                            ; source latency                                  ;
;   0.000  ;   0.000  ;    ;      ; 1      ; PIN_AC18                                   ; clk                                             ;
;   0.000  ;   0.000  ;    ; RE   ; 1      ; IOPAD_X54_Y0_N0                            ; ARRIAV_IO_PAD                                   ;
;   0.000  ;   0.000  ;    ; RE   ; 1      ; IO_PAD_OUTPUT_X54_Y0_N0_I1                 ; IO_PAD_OUTPUT                                   ;
;   0.000  ;   0.000  ;    ; RE   ; 1      ; IO_INPUT_BUFFER_INPUT_X54_Y0_N1_I0         ; IO_INPUT_BUFFER_INPUT                           ;
;   0.000  ;   0.000  ; RR ; IC   ; 1      ; IOIBUF_X54_Y0_N1                           ; clk~input|i                                     ;
;   0.917  ;   0.917  ; RR ; CELL ; 1      ; IOIBUF_X54_Y0_N1                           ; clk~input|o                                     ;
;   0.917  ;   0.000  ;    ; RE   ; 1      ; IOIBUF_X54_Y0_N1                           ; ARRIAV_IO_IBUF                                  ;
;   0.917  ;   0.000  ;    ; RE   ; 1      ; IO_INPUT_BUFFER_OUTPUT_X54_Y0_N1_I2        ; IO_INPUT_BUFFER_OUTPUT                          ;
;   0.917  ;   0.000  ;    ; RE   ; 1      ; IO_RE_X54_Y0_N0_I96                        ; IO_RE                                           ;
;   1.133  ;   0.216  ;    ; RE   ; 1      ; IO_RE_X54_Y0_N0_I66                        ; IO_RE                                           ;
;   1.320  ;   0.187  ;    ; RE   ; 1      ; CLKBUF_CLUSTER_RE_X58_Y0_N0_I1614          ; CLKBUF_CLUSTER_RE                               ;
;   1.320  ;   0.000  ;    ; RE   ; 1      ; CLKBUF_CLUSTER_RE_X58_Y0_N0_I488           ; CLKBUF_CLUSTER_RE                               ;
;   1.320  ;   0.000  ;    ; RE   ; 1      ; GCLK_CLUSTER_RE_X58_Y0_N0_I10              ; GCLK_CLUSTER_RE                                 ;
;   1.320  ;   0.000  ;    ; RE   ; 1      ; CLKBUFBLOCK_INPUT_X58_Y0_N1_I0             ; CLKBUFBLOCK_INPUT                               ;
;   1.320  ;   0.000  ; RR ; IC   ; 1      ; CLKCTRL_G4                                 ; clk~inputCLKENA0|inclk                          ;
;   1.655  ;   0.335  ; RR ; CELL ; 49420  ; CLKCTRL_G4                                 ; clk~inputCLKENA0|outclk                         ;
;   1.655  ;   0.000  ;    ; RE   ; 1      ; CLKCTRL_G4                                 ; ARRIAV_CLKBUF                                   ;
;   1.655  ;   0.000  ;    ; RE   ; 1      ; CLKBUFBLOCK_OUTPUT_X58_Y0_N1_I2            ; CLKBUFBLOCK_OUTPUT                              ;
;   1.655  ;   0.000  ;    ; RE   ; 1      ; GCLK_CLUSTER_RE_X58_Y0_N0_I12              ; GCLK_CLUSTER_RE                                 ;
;   1.655  ;   0.000  ;    ; RE   ; 1      ; CLKBUF_CLUSTER_RE_X58_Y0_N0_I415           ; CLKBUF_CLUSTER_RE                               ;
;   2.687  ;   1.032  ;    ; RE   ; 16     ; GLOBAL_CLOCK_X0_Y58_N0_I4                  ; GLOBAL_CLOCK                                    ;
;   2.869  ;   0.182  ;    ; RE   ; 29     ; SPINE_CLOCK_X75_Y30_N0_I20                 ; SPINE_CLOCK                                     ;
;   3.329  ;   0.460  ;    ; RE   ; 1      ; SCLK_TO_ROWCLK_BUF_X75_Y57_N0_I121         ; SCLK_TO_ROWCLK_BUF                              ;
;   3.418  ;   0.089  ;    ; RE   ; 2      ; SCLK_TO_ROWCLK_BUF_X75_Y57_N0_I124         ; SCLK_TO_ROWCLK_BUF                              ;
;   3.856  ;   0.438  ;    ; RE   ; 13     ; LAB_CLK_X76_Y57_N0_I5                      ; LAB_CLK                                         ;
;   4.002  ;   0.146  ;    ; RE   ; 1      ; BLK_CLK_BUF_X83_Y57_N0_I5                  ; BLK_CLK_BUF                                     ;
;   4.058  ;   0.056  ;    ; RE   ; 1      ; ROWCLKSEL_PREBUF_X83_Y57_N0_I5             ; ROWCLKSEL_PREBUF                                ;
;   4.097  ;   0.039  ;    ; RE   ; 1      ; ROWCLKSEL_X83_Y57_N0_I1                    ; ROWCLKSEL                                       ;
;   4.097  ;   0.000  ;    ; RE   ; 2      ; GLOBAL_LOCAL_SEL_X83_Y57_N0_I1             ; GLOBAL_LOCAL_SEL                                ;
;   4.097  ;   0.000  ;    ; RE   ; 3      ; LAB_INPUT_X83_Y57_N0_I0                    ; LAB_INPUT                                       ;
;   4.096  ;   -0.001 ; RR ; IC   ; 1      ; FF_X83_Y57_N29                             ; u_reset|core_rst_n|clk                          ;
;   4.624  ;   0.528  ; RR ; CELL ; 1      ; FF_X83_Y57_N29                             ; reset_release:u_reset|core_rst_n                ;
; 10.445   ; 5.821    ;    ;      ;        ;                                            ; data path                                       ;
;   4.624  ;   0.000  ;    ; uTco ; 1      ; FF_X83_Y57_N29                             ; reset_release:u_reset|core_rst_n                ;
;   4.624  ;   0.000  ; FF ; CELL ; 3143   ; FF_X83_Y57_N29                             ; u_reset|core_rst_n|q                            ;
;   4.685  ;   0.061  ;    ; RE   ; 1      ; FF_X83_Y57_N29                             ; ARRIAV_FF                                       ;
;   4.765  ;   0.080  ;    ; RE   ; 4      ; LE_BUFFER_X83_Y57_N0_I19                   ; LE_BUFFER                                       ;
;   4.969  ;   0.204  ;    ; RE   ; 1      ; R6_X77_Y57_N0_I29                          ; H_SEG6                                          ;
;   4.969  ;   0.000  ;    ; RE   ; 1      ; R14_C12_INTERCONNECT_DRIVER_X82_Y57_N0_I3  ; WIRE_MUX                                        ;
;   5.363  ;   0.394  ;    ; RE   ; 9      ; C12_X82_Y58_N0_I0                          ; V_SEG12                                         ;
;   5.363  ;   0.000  ;    ; RE   ; 1      ; R14_C12_INTERCONNECT_DRIVER_X82_Y66_N0_I0  ; WIRE_MUX                                        ;
;   5.772  ;   0.409  ;    ; RE   ; 1      ; C12_X82_Y67_N0_I0                          ; V_SEG12                                         ;
;   5.772  ;   0.000  ;    ; RE   ; 2      ; R14_C12_INTERCONNECT_DRIVER_X82_Y76_N0_I1  ; WIRE_MUX                                        ;
;   6.182  ;   0.410  ;    ; RE   ; 3      ; C12_X82_Y77_N0_I0                          ; V_SEG12                                         ;
;   6.182  ;   0.000  ;    ; RE   ; 1      ; R14_C12_INTERCONNECT_DRIVER_X82_Y85_N0_I0  ; WIRE_MUX                                        ;
;   6.527  ;   0.345  ;    ; RE   ; 1      ; R14_X69_Y85_N0_I1                          ; H_SEG14                                         ;
;   6.527  ;   0.000  ;    ; RE   ; 1      ; R14_C12_INTERCONNECT_DRIVER_X68_Y85_N0_I2  ; WIRE_MUX                                        ;
;   6.847  ;   0.320  ;    ; RE   ; 6      ; R14_X55_Y85_N0_I1                          ; H_SEG14                                         ;
;   6.847  ;   0.000  ;    ; RE   ; 1      ; R14_C12_INTERCONNECT_DRIVER_X57_Y85_N0_I2  ; WIRE_MUX                                        ;
;   7.149  ;   0.302  ;    ; RE   ; 1      ; R14_X44_Y85_N0_I1                          ; H_SEG14                                         ;
;   7.149  ;   0.000  ;    ; RE   ; 2      ; R14_C12_INTERCONNECT_DRIVER_X43_Y85_N0_I0  ; WIRE_MUX                                        ;
;   7.409  ;   0.260  ;    ; RE   ; 3      ; R14_X30_Y85_N0_I1                          ; H_SEG14                                         ;
;   7.409  ;   0.000  ;    ; RE   ; 3      ; R14_C12_INTERCONNECT_DRIVER_X29_Y85_N0_I0  ; WIRE_MUX                                        ;
;   7.753  ;   0.344  ;    ; RE   ; 2      ; C12_X29_Y73_N0_I1                          ; V_SEG12                                         ;
;   7.753  ;   0.000  ;    ; RE   ; 1      ; R14_C12_INTERCONNECT_DRIVER_X29_Y76_N0_I1  ; WIRE_MUX                                        ;
;   8.084  ;   0.331  ;    ; RE   ; 2      ; R14_X16_Y76_N0_I1                          ; H_SEG14                                         ;
;   8.363  ;   0.279  ;    ; RE   ; 2      ; C2_X15_Y74_N0_I11                          ; V_SEG2                                          ;
;   8.586  ;   0.223  ;    ; RE   ; 1      ; R3_X13_Y74_N0_I17                          ; H_SEG3                                          ;
;   8.947  ;   0.361  ;    ; RE   ; 1      ; C4_X15_Y70_N0_I8                           ; V_SEG4                                          ;
;   9.462  ;   0.515  ;    ; RE   ; 2      ; R6_X10_Y70_N0_I29                          ; H_SEG6                                          ;
;   9.739  ;   0.277  ;    ; RE   ; 1      ; LOCAL_INTERCONNECT_X11_Y70_N0_I44          ; LAB_LINE                                        ;
;   9.871  ;   0.132  ;    ; RE   ; 1      ; BLOCK_INPUT_MUX_PASSTHROUGH_X11_Y70_N0_I83 ; LEIM                                            ;
;   9.871  ;   0.000  ;    ; RE   ; 1      ; GLOBAL_LOCAL_SEL_X11_Y70_N0_I2             ; GLOBAL_LOCAL_SEL                                ;
;   9.871  ;   0.000  ;    ; RE   ; 11     ; LAB_INPUT_X11_Y70_N0_I3                    ; LAB_INPUT                                       ;
;   9.871  ;   0.000  ; FF ; IC   ; 1      ; FF_X11_Y70_N28                             ; u_cache|g_request[3].read_enable_q|clrn         ;
;   10.445 ;   0.574  ; FF ; CELL ; 1      ; FF_X11_Y70_N28                             ; llm_bank_ram:u_cache|g_request[3].read_enable_q ;
+----------+----------+----+------+--------+--------------------------------------------+-------------------------------------------------+

+---------------------------------------------------------------------------------------------------------------------------------+
; Data Required Path                                                                                                              ;
+----------+---------+----+------+--------+-------------------------------------+-------------------------------------------------+
; Total    ; Incr    ; RF ; Type ; Fanout ; Location                            ; Element                                         ;
+----------+---------+----+------+--------+-------------------------------------+-------------------------------------------------+
; 10.000   ; 10.000  ;    ;      ;        ;                                     ; latch edge time                                 ;
; 14.450   ; 4.450   ;    ;      ;        ;                                     ; clock path                                      ;
;   10.000 ;   0.000 ;    ;      ;        ;                                     ; source latency                                  ;
;   10.000 ;   0.000 ;    ;      ; 1      ; PIN_AC18                            ; clk                                             ;
;   10.000 ;   0.000 ;    ; RE   ; 1      ; IOPAD_X54_Y0_N0                     ; ARRIAV_IO_PAD                                   ;
;   10.000 ;   0.000 ;    ; RE   ; 1      ; IO_PAD_OUTPUT_X54_Y0_N0_I1          ; IO_PAD_OUTPUT                                   ;
;   10.000 ;   0.000 ;    ; RE   ; 1      ; IO_INPUT_BUFFER_INPUT_X54_Y0_N1_I0  ; IO_INPUT_BUFFER_INPUT                           ;
;   10.000 ;   0.000 ; RR ; IC   ; 1      ; IOIBUF_X54_Y0_N1                    ; clk~input|i                                     ;
;   10.917 ;   0.917 ; RR ; CELL ; 1      ; IOIBUF_X54_Y0_N1                    ; clk~input|o                                     ;
;   10.917 ;   0.000 ;    ; RE   ; 1      ; IOIBUF_X54_Y0_N1                    ; ARRIAV_IO_IBUF                                  ;
;   10.917 ;   0.000 ;    ; RE   ; 1      ; IO_INPUT_BUFFER_OUTPUT_X54_Y0_N1_I2 ; IO_INPUT_BUFFER_OUTPUT                          ;
;   10.917 ;   0.000 ;    ; RE   ; 1      ; IO_RE_X54_Y0_N0_I96                 ; IO_RE                                           ;
;   11.095 ;   0.178 ;    ; RE   ; 1      ; IO_RE_X54_Y0_N0_I66                 ; IO_RE                                           ;
;   11.095 ;   0.000 ;    ; RE   ; 1      ; CLKBUF_CLUSTER_RE_X58_Y0_N0_I1614   ; CLKBUF_CLUSTER_RE                               ;
;   11.095 ;   0.000 ;    ; RE   ; 1      ; CLKBUF_CLUSTER_RE_X58_Y0_N0_I488    ; CLKBUF_CLUSTER_RE                               ;
;   11.095 ;   0.000 ;    ; RE   ; 1      ; GCLK_CLUSTER_RE_X58_Y0_N0_I10       ; GCLK_CLUSTER_RE                                 ;
;   11.095 ;   0.000 ;    ; RE   ; 1      ; CLKBUFBLOCK_INPUT_X58_Y0_N1_I0      ; CLKBUFBLOCK_INPUT                               ;
;   11.095 ;   0.000 ; RR ; IC   ; 1      ; CLKCTRL_G4                          ; clk~inputCLKENA0|inclk                          ;
;   11.407 ;   0.312 ; RR ; CELL ; 49420  ; CLKCTRL_G4                          ; clk~inputCLKENA0|outclk                         ;
;   11.407 ;   0.000 ;    ; RE   ; 1      ; CLKCTRL_G4                          ; ARRIAV_CLKBUF                                   ;
;   11.407 ;   0.000 ;    ; RE   ; 1      ; CLKBUFBLOCK_OUTPUT_X58_Y0_N1_I2     ; CLKBUFBLOCK_OUTPUT                              ;
;   11.407 ;   0.000 ;    ; RE   ; 1      ; GCLK_CLUSTER_RE_X58_Y0_N0_I12       ; GCLK_CLUSTER_RE                                 ;
;   11.407 ;   0.000 ;    ; RE   ; 1      ; CLKBUF_CLUSTER_RE_X58_Y0_N0_I415    ; CLKBUF_CLUSTER_RE                               ;
;   12.397 ;   0.990 ;    ; RE   ; 16     ; GLOBAL_CLOCK_X0_Y58_N0_I4           ; GLOBAL_CLOCK                                    ;
;   12.581 ;   0.184 ;    ; RE   ; 29     ; SPINE_CLOCK_X15_Y59_N0_I20          ; SPINE_CLOCK                                     ;
;   13.024 ;   0.443 ;    ; RE   ; 1      ; SCLK_TO_ROWCLK_BUF_X15_Y70_N0_I120  ; SCLK_TO_ROWCLK_BUF                              ;
;   13.109 ;   0.085 ;    ; RE   ; 2      ; SCLK_TO_ROWCLK_BUF_X15_Y70_N0_I123  ; SCLK_TO_ROWCLK_BUF                              ;
;   13.529 ;   0.420 ;    ; RE   ; 4      ; LAB_CLK_X0_Y70_N0_I2                ; LAB_CLK                                         ;
;   13.662 ;   0.133 ;    ; RE   ; 1      ; BLK_CLK_BUF_X11_Y70_N0_I2           ; BLK_CLK_BUF                                     ;
;   13.716 ;   0.054 ;    ; RE   ; 1      ; ROWCLKSEL_PREBUF_X11_Y70_N0_I2      ; ROWCLKSEL_PREBUF                                ;
;   13.751 ;   0.035 ;    ; RE   ; 1      ; ROWCLKSEL_X11_Y70_N0_I1             ; ROWCLKSEL                                       ;
;   13.751 ;   0.000 ;    ; RE   ; 1      ; GLOBAL_LOCAL_SEL_X11_Y70_N0_I1      ; GLOBAL_LOCAL_SEL                                ;
;   13.751 ;   0.000 ;    ; RE   ; 12     ; LAB_INPUT_X11_Y70_N0_I0             ; LAB_INPUT                                       ;
;   13.752 ;   0.001 ; RR ; IC   ; 1      ; FF_X11_Y70_N28                      ; u_cache|g_request[3].read_enable_q|clk          ;
;   14.202 ;   0.450 ; RR ; CELL ; 1      ; FF_X11_Y70_N28                      ; llm_bank_ram:u_cache|g_request[3].read_enable_q ;
;   14.450 ;   0.248 ;    ;      ;        ;                                     ; clock pessimism removed                         ;
; 14.350   ; -0.100  ;    ;      ;        ;                                     ; clock uncertainty                               ;
; 14.350   ; 0.000   ;    ; uTsu ; 1      ; FF_X11_Y70_N28                      ; llm_bank_ram:u_cache|g_request[3].read_enable_q ;
+----------+---------+----+------+--------+-------------------------------------+-------------------------------------------------+

----------------------------
; Extra Fitter Information ;
----------------------------
HTML report is unavailable in plain text report export.


Path #20: Recovery slack is 3.905 
===============================================================================
+---------------------------------------------------------------------------------------------------+
; Path Summary                                                                                      ;
+--------------------+------------------------------------------------------------------------------+
; Property           ; Value                                                                        ;
+--------------------+------------------------------------------------------------------------------+
; From Node          ; reset_release:u_reset|core_rst_n                                             ;
; To Node            ; llm_bank_ram:u_cache|pipelined_word_ram:g_bank[11].u_storage|read_valid_q[0] ;
; Launch Clock       ; clk                                                                          ;
; Latch Clock        ; clk                                                                          ;
; Data Arrival Time  ; 10.445                                                                       ;
; Data Required Time ; 14.350                                                                       ;
; Slack              ; 3.905                                                                        ;
+--------------------+------------------------------------------------------------------------------+

+-------------------------------------------------------------------------------------+
; Statistics                                                                          ;
+------------------------+--------+-------+-------------+------------+--------+-------+
; Property               ; Value  ; Count ; Total Delay ; % of Total ; Min    ; Max   ;
+------------------------+--------+-------+-------------+------------+--------+-------+
; Recovery Relationship  ; 10.000 ;       ;             ;            ;        ;       ;
; Clock Skew             ; -0.174 ;       ;             ;            ;        ;       ;
; Data Delay             ; 5.821  ;       ;             ;            ;        ;       ;
; Number of Logic Levels ;        ; 0     ;             ;            ;        ;       ;
; Physical Delays        ;        ;       ;             ;            ;        ;       ;
;  Arrival Path          ;        ;       ;             ;            ;        ;       ;
;   Clock                ;        ;       ;             ;            ;        ;       ;
;    IC                  ;        ; 3     ; -0.001      ; 0          ; -0.001 ; 0.000 ;
;    Cell                ;        ; 3     ; 1.780       ; 38         ; 0.335  ; 0.917 ;
;    Routing Element     ;        ; 25    ; 2.845       ; 62         ; 0.000  ; 1.032 ;
;   Data                 ;        ;       ;             ;            ;        ;       ;
;    IC                  ;        ; 1     ; 0.000       ; 0          ; 0.000  ; 0.000 ;
;    Cell                ;        ; 2     ; 0.574       ; 10         ; 0.000  ; 0.574 ;
;    uTco                ;        ; 1     ; 0.000       ; 0          ; 0.000  ; 0.000 ;
;    Routing Element     ;        ; 29    ; 5.247       ; 90         ; 0.000  ; 0.515 ;
;  Required Path         ;        ;       ;             ;            ;        ;       ;
;   Clock                ;        ;       ;             ;            ;        ;       ;
;    IC                  ;        ; 3     ; 0.001       ; 0          ; 0.000  ; 0.001 ;
;    Cell                ;        ; 3     ; 1.679       ; 40         ; 0.312  ; 0.917 ;
;    Routing Element     ;        ; 25    ; 2.522       ; 60         ; 0.000  ; 0.990 ;
+------------------------+--------+-------+-------------+------------+--------+-------+
Note: Negative delays are omitted from totals when calculating percentages

+----------------------------------------------------------------------------------------------------------------------------------------------------------------------+
; Data Arrival Path                                                                                                                                                    ;
+----------+----------+----+------+--------+--------------------------------------------+------------------------------------------------------------------------------+
; Total    ; Incr     ; RF ; Type ; Fanout ; Location                                   ; Element                                                                      ;
+----------+----------+----+------+--------+--------------------------------------------+------------------------------------------------------------------------------+
; 0.000    ; 0.000    ;    ;      ;        ;                                            ; launch edge time                                                             ;
; 4.624    ; 4.624    ;    ;      ;        ;                                            ; clock path                                                                   ;
;   0.000  ;   0.000  ;    ;      ;        ;                                            ; source latency                                                               ;
;   0.000  ;   0.000  ;    ;      ; 1      ; PIN_AC18                                   ; clk                                                                          ;
;   0.000  ;   0.000  ;    ; RE   ; 1      ; IOPAD_X54_Y0_N0                            ; ARRIAV_IO_PAD                                                                ;
;   0.000  ;   0.000  ;    ; RE   ; 1      ; IO_PAD_OUTPUT_X54_Y0_N0_I1                 ; IO_PAD_OUTPUT                                                                ;
;   0.000  ;   0.000  ;    ; RE   ; 1      ; IO_INPUT_BUFFER_INPUT_X54_Y0_N1_I0         ; IO_INPUT_BUFFER_INPUT                                                        ;
;   0.000  ;   0.000  ; RR ; IC   ; 1      ; IOIBUF_X54_Y0_N1                           ; clk~input|i                                                                  ;
;   0.917  ;   0.917  ; RR ; CELL ; 1      ; IOIBUF_X54_Y0_N1                           ; clk~input|o                                                                  ;
;   0.917  ;   0.000  ;    ; RE   ; 1      ; IOIBUF_X54_Y0_N1                           ; ARRIAV_IO_IBUF                                                               ;
;   0.917  ;   0.000  ;    ; RE   ; 1      ; IO_INPUT_BUFFER_OUTPUT_X54_Y0_N1_I2        ; IO_INPUT_BUFFER_OUTPUT                                                       ;
;   0.917  ;   0.000  ;    ; RE   ; 1      ; IO_RE_X54_Y0_N0_I96                        ; IO_RE                                                                        ;
;   1.133  ;   0.216  ;    ; RE   ; 1      ; IO_RE_X54_Y0_N0_I66                        ; IO_RE                                                                        ;
;   1.320  ;   0.187  ;    ; RE   ; 1      ; CLKBUF_CLUSTER_RE_X58_Y0_N0_I1614          ; CLKBUF_CLUSTER_RE                                                            ;
;   1.320  ;   0.000  ;    ; RE   ; 1      ; CLKBUF_CLUSTER_RE_X58_Y0_N0_I488           ; CLKBUF_CLUSTER_RE                                                            ;
;   1.320  ;   0.000  ;    ; RE   ; 1      ; GCLK_CLUSTER_RE_X58_Y0_N0_I10              ; GCLK_CLUSTER_RE                                                              ;
;   1.320  ;   0.000  ;    ; RE   ; 1      ; CLKBUFBLOCK_INPUT_X58_Y0_N1_I0             ; CLKBUFBLOCK_INPUT                                                            ;
;   1.320  ;   0.000  ; RR ; IC   ; 1      ; CLKCTRL_G4                                 ; clk~inputCLKENA0|inclk                                                       ;
;   1.655  ;   0.335  ; RR ; CELL ; 49420  ; CLKCTRL_G4                                 ; clk~inputCLKENA0|outclk                                                      ;
;   1.655  ;   0.000  ;    ; RE   ; 1      ; CLKCTRL_G4                                 ; ARRIAV_CLKBUF                                                                ;
;   1.655  ;   0.000  ;    ; RE   ; 1      ; CLKBUFBLOCK_OUTPUT_X58_Y0_N1_I2            ; CLKBUFBLOCK_OUTPUT                                                           ;
;   1.655  ;   0.000  ;    ; RE   ; 1      ; GCLK_CLUSTER_RE_X58_Y0_N0_I12              ; GCLK_CLUSTER_RE                                                              ;
;   1.655  ;   0.000  ;    ; RE   ; 1      ; CLKBUF_CLUSTER_RE_X58_Y0_N0_I415           ; CLKBUF_CLUSTER_RE                                                            ;
;   2.687  ;   1.032  ;    ; RE   ; 16     ; GLOBAL_CLOCK_X0_Y58_N0_I4                  ; GLOBAL_CLOCK                                                                 ;
;   2.869  ;   0.182  ;    ; RE   ; 29     ; SPINE_CLOCK_X75_Y30_N0_I20                 ; SPINE_CLOCK                                                                  ;
;   3.329  ;   0.460  ;    ; RE   ; 1      ; SCLK_TO_ROWCLK_BUF_X75_Y57_N0_I121         ; SCLK_TO_ROWCLK_BUF                                                           ;
;   3.418  ;   0.089  ;    ; RE   ; 2      ; SCLK_TO_ROWCLK_BUF_X75_Y57_N0_I124         ; SCLK_TO_ROWCLK_BUF                                                           ;
;   3.856  ;   0.438  ;    ; RE   ; 13     ; LAB_CLK_X76_Y57_N0_I5                      ; LAB_CLK                                                                      ;
;   4.002  ;   0.146  ;    ; RE   ; 1      ; BLK_CLK_BUF_X83_Y57_N0_I5                  ; BLK_CLK_BUF                                                                  ;
;   4.058  ;   0.056  ;    ; RE   ; 1      ; ROWCLKSEL_PREBUF_X83_Y57_N0_I5             ; ROWCLKSEL_PREBUF                                                             ;
;   4.097  ;   0.039  ;    ; RE   ; 1      ; ROWCLKSEL_X83_Y57_N0_I1                    ; ROWCLKSEL                                                                    ;
;   4.097  ;   0.000  ;    ; RE   ; 2      ; GLOBAL_LOCAL_SEL_X83_Y57_N0_I1             ; GLOBAL_LOCAL_SEL                                                             ;
;   4.097  ;   0.000  ;    ; RE   ; 3      ; LAB_INPUT_X83_Y57_N0_I0                    ; LAB_INPUT                                                                    ;
;   4.096  ;   -0.001 ; RR ; IC   ; 1      ; FF_X83_Y57_N29                             ; u_reset|core_rst_n|clk                                                       ;
;   4.624  ;   0.528  ; RR ; CELL ; 1      ; FF_X83_Y57_N29                             ; reset_release:u_reset|core_rst_n                                             ;
; 10.445   ; 5.821    ;    ;      ;        ;                                            ; data path                                                                    ;
;   4.624  ;   0.000  ;    ; uTco ; 1      ; FF_X83_Y57_N29                             ; reset_release:u_reset|core_rst_n                                             ;
;   4.624  ;   0.000  ; FF ; CELL ; 3143   ; FF_X83_Y57_N29                             ; u_reset|core_rst_n|q                                                         ;
;   4.685  ;   0.061  ;    ; RE   ; 1      ; FF_X83_Y57_N29                             ; ARRIAV_FF                                                                    ;
;   4.765  ;   0.080  ;    ; RE   ; 4      ; LE_BUFFER_X83_Y57_N0_I19                   ; LE_BUFFER                                                                    ;
;   4.969  ;   0.204  ;    ; RE   ; 1      ; R6_X77_Y57_N0_I29                          ; H_SEG6                                                                       ;
;   4.969  ;   0.000  ;    ; RE   ; 1      ; R14_C12_INTERCONNECT_DRIVER_X82_Y57_N0_I3  ; WIRE_MUX                                                                     ;
;   5.363  ;   0.394  ;    ; RE   ; 9      ; C12_X82_Y58_N0_I0                          ; V_SEG12                                                                      ;
;   5.363  ;   0.000  ;    ; RE   ; 1      ; R14_C12_INTERCONNECT_DRIVER_X82_Y66_N0_I0  ; WIRE_MUX                                                                     ;
;   5.772  ;   0.409  ;    ; RE   ; 1      ; C12_X82_Y67_N0_I0                          ; V_SEG12                                                                      ;
;   5.772  ;   0.000  ;    ; RE   ; 2      ; R14_C12_INTERCONNECT_DRIVER_X82_Y76_N0_I1  ; WIRE_MUX                                                                     ;
;   6.182  ;   0.410  ;    ; RE   ; 3      ; C12_X82_Y77_N0_I0                          ; V_SEG12                                                                      ;
;   6.182  ;   0.000  ;    ; RE   ; 1      ; R14_C12_INTERCONNECT_DRIVER_X82_Y85_N0_I0  ; WIRE_MUX                                                                     ;
;   6.527  ;   0.345  ;    ; RE   ; 1      ; R14_X69_Y85_N0_I1                          ; H_SEG14                                                                      ;
;   6.527  ;   0.000  ;    ; RE   ; 1      ; R14_C12_INTERCONNECT_DRIVER_X68_Y85_N0_I2  ; WIRE_MUX                                                                     ;
;   6.847  ;   0.320  ;    ; RE   ; 6      ; R14_X55_Y85_N0_I1                          ; H_SEG14                                                                      ;
;   6.847  ;   0.000  ;    ; RE   ; 1      ; R14_C12_INTERCONNECT_DRIVER_X57_Y85_N0_I2  ; WIRE_MUX                                                                     ;
;   7.149  ;   0.302  ;    ; RE   ; 1      ; R14_X44_Y85_N0_I1                          ; H_SEG14                                                                      ;
;   7.149  ;   0.000  ;    ; RE   ; 2      ; R14_C12_INTERCONNECT_DRIVER_X43_Y85_N0_I0  ; WIRE_MUX                                                                     ;
;   7.409  ;   0.260  ;    ; RE   ; 3      ; R14_X30_Y85_N0_I1                          ; H_SEG14                                                                      ;
;   7.409  ;   0.000  ;    ; RE   ; 3      ; R14_C12_INTERCONNECT_DRIVER_X29_Y85_N0_I0  ; WIRE_MUX                                                                     ;
;   7.753  ;   0.344  ;    ; RE   ; 2      ; C12_X29_Y73_N0_I1                          ; V_SEG12                                                                      ;
;   7.753  ;   0.000  ;    ; RE   ; 1      ; R14_C12_INTERCONNECT_DRIVER_X29_Y76_N0_I1  ; WIRE_MUX                                                                     ;
;   8.084  ;   0.331  ;    ; RE   ; 2      ; R14_X16_Y76_N0_I1                          ; H_SEG14                                                                      ;
;   8.363  ;   0.279  ;    ; RE   ; 2      ; C2_X15_Y74_N0_I11                          ; V_SEG2                                                                       ;
;   8.586  ;   0.223  ;    ; RE   ; 1      ; R3_X13_Y74_N0_I17                          ; H_SEG3                                                                       ;
;   8.947  ;   0.361  ;    ; RE   ; 1      ; C4_X15_Y70_N0_I8                           ; V_SEG4                                                                       ;
;   9.462  ;   0.515  ;    ; RE   ; 2      ; R6_X10_Y70_N0_I29                          ; H_SEG6                                                                       ;
;   9.739  ;   0.277  ;    ; RE   ; 1      ; LOCAL_INTERCONNECT_X11_Y70_N0_I44          ; LAB_LINE                                                                     ;
;   9.871  ;   0.132  ;    ; RE   ; 1      ; BLOCK_INPUT_MUX_PASSTHROUGH_X11_Y70_N0_I83 ; LEIM                                                                         ;
;   9.871  ;   0.000  ;    ; RE   ; 1      ; GLOBAL_LOCAL_SEL_X11_Y70_N0_I2             ; GLOBAL_LOCAL_SEL                                                             ;
;   9.871  ;   0.000  ;    ; RE   ; 11     ; LAB_INPUT_X11_Y70_N0_I3                    ; LAB_INPUT                                                                    ;
;   9.871  ;   0.000  ; FF ; IC   ; 1      ; FF_X11_Y70_N52                             ; u_cache|g_bank[11].u_storage|read_valid_q[0]|clrn                            ;
;   10.445 ;   0.574  ; FF ; CELL ; 1      ; FF_X11_Y70_N52                             ; llm_bank_ram:u_cache|pipelined_word_ram:g_bank[11].u_storage|read_valid_q[0] ;
+----------+----------+----+------+--------+--------------------------------------------+------------------------------------------------------------------------------+

+--------------------------------------------------------------------------------------------------------------------------------------------------------------+
; Data Required Path                                                                                                                                           ;
+----------+---------+----+------+--------+-------------------------------------+------------------------------------------------------------------------------+
; Total    ; Incr    ; RF ; Type ; Fanout ; Location                            ; Element                                                                      ;
+----------+---------+----+------+--------+-------------------------------------+------------------------------------------------------------------------------+
; 10.000   ; 10.000  ;    ;      ;        ;                                     ; latch edge time                                                              ;
; 14.450   ; 4.450   ;    ;      ;        ;                                     ; clock path                                                                   ;
;   10.000 ;   0.000 ;    ;      ;        ;                                     ; source latency                                                               ;
;   10.000 ;   0.000 ;    ;      ; 1      ; PIN_AC18                            ; clk                                                                          ;
;   10.000 ;   0.000 ;    ; RE   ; 1      ; IOPAD_X54_Y0_N0                     ; ARRIAV_IO_PAD                                                                ;
;   10.000 ;   0.000 ;    ; RE   ; 1      ; IO_PAD_OUTPUT_X54_Y0_N0_I1          ; IO_PAD_OUTPUT                                                                ;
;   10.000 ;   0.000 ;    ; RE   ; 1      ; IO_INPUT_BUFFER_INPUT_X54_Y0_N1_I0  ; IO_INPUT_BUFFER_INPUT                                                        ;
;   10.000 ;   0.000 ; RR ; IC   ; 1      ; IOIBUF_X54_Y0_N1                    ; clk~input|i                                                                  ;
;   10.917 ;   0.917 ; RR ; CELL ; 1      ; IOIBUF_X54_Y0_N1                    ; clk~input|o                                                                  ;
;   10.917 ;   0.000 ;    ; RE   ; 1      ; IOIBUF_X54_Y0_N1                    ; ARRIAV_IO_IBUF                                                               ;
;   10.917 ;   0.000 ;    ; RE   ; 1      ; IO_INPUT_BUFFER_OUTPUT_X54_Y0_N1_I2 ; IO_INPUT_BUFFER_OUTPUT                                                       ;
;   10.917 ;   0.000 ;    ; RE   ; 1      ; IO_RE_X54_Y0_N0_I96                 ; IO_RE                                                                        ;
;   11.095 ;   0.178 ;    ; RE   ; 1      ; IO_RE_X54_Y0_N0_I66                 ; IO_RE                                                                        ;
;   11.095 ;   0.000 ;    ; RE   ; 1      ; CLKBUF_CLUSTER_RE_X58_Y0_N0_I1614   ; CLKBUF_CLUSTER_RE                                                            ;
;   11.095 ;   0.000 ;    ; RE   ; 1      ; CLKBUF_CLUSTER_RE_X58_Y0_N0_I488    ; CLKBUF_CLUSTER_RE                                                            ;
;   11.095 ;   0.000 ;    ; RE   ; 1      ; GCLK_CLUSTER_RE_X58_Y0_N0_I10       ; GCLK_CLUSTER_RE                                                              ;
;   11.095 ;   0.000 ;    ; RE   ; 1      ; CLKBUFBLOCK_INPUT_X58_Y0_N1_I0      ; CLKBUFBLOCK_INPUT                                                            ;
;   11.095 ;   0.000 ; RR ; IC   ; 1      ; CLKCTRL_G4                          ; clk~inputCLKENA0|inclk                                                       ;
;   11.407 ;   0.312 ; RR ; CELL ; 49420  ; CLKCTRL_G4                          ; clk~inputCLKENA0|outclk                                                      ;
;   11.407 ;   0.000 ;    ; RE   ; 1      ; CLKCTRL_G4                          ; ARRIAV_CLKBUF                                                                ;
;   11.407 ;   0.000 ;    ; RE   ; 1      ; CLKBUFBLOCK_OUTPUT_X58_Y0_N1_I2     ; CLKBUFBLOCK_OUTPUT                                                           ;
;   11.407 ;   0.000 ;    ; RE   ; 1      ; GCLK_CLUSTER_RE_X58_Y0_N0_I12       ; GCLK_CLUSTER_RE                                                              ;
;   11.407 ;   0.000 ;    ; RE   ; 1      ; CLKBUF_CLUSTER_RE_X58_Y0_N0_I415    ; CLKBUF_CLUSTER_RE                                                            ;
;   12.397 ;   0.990 ;    ; RE   ; 16     ; GLOBAL_CLOCK_X0_Y58_N0_I4           ; GLOBAL_CLOCK                                                                 ;
;   12.581 ;   0.184 ;    ; RE   ; 29     ; SPINE_CLOCK_X15_Y59_N0_I20          ; SPINE_CLOCK                                                                  ;
;   13.024 ;   0.443 ;    ; RE   ; 1      ; SCLK_TO_ROWCLK_BUF_X15_Y70_N0_I120  ; SCLK_TO_ROWCLK_BUF                                                           ;
;   13.109 ;   0.085 ;    ; RE   ; 2      ; SCLK_TO_ROWCLK_BUF_X15_Y70_N0_I123  ; SCLK_TO_ROWCLK_BUF                                                           ;
;   13.529 ;   0.420 ;    ; RE   ; 4      ; LAB_CLK_X0_Y70_N0_I2                ; LAB_CLK                                                                      ;
;   13.662 ;   0.133 ;    ; RE   ; 1      ; BLK_CLK_BUF_X11_Y70_N0_I2           ; BLK_CLK_BUF                                                                  ;
;   13.716 ;   0.054 ;    ; RE   ; 1      ; ROWCLKSEL_PREBUF_X11_Y70_N0_I2      ; ROWCLKSEL_PREBUF                                                             ;
;   13.751 ;   0.035 ;    ; RE   ; 1      ; ROWCLKSEL_X11_Y70_N0_I1             ; ROWCLKSEL                                                                    ;
;   13.751 ;   0.000 ;    ; RE   ; 1      ; GLOBAL_LOCAL_SEL_X11_Y70_N0_I1      ; GLOBAL_LOCAL_SEL                                                             ;
;   13.751 ;   0.000 ;    ; RE   ; 12     ; LAB_INPUT_X11_Y70_N0_I0             ; LAB_INPUT                                                                    ;
;   13.752 ;   0.001 ; RR ; IC   ; 1      ; FF_X11_Y70_N52                      ; u_cache|g_bank[11].u_storage|read_valid_q[0]|clk                             ;
;   14.202 ;   0.450 ; RR ; CELL ; 1      ; FF_X11_Y70_N52                      ; llm_bank_ram:u_cache|pipelined_word_ram:g_bank[11].u_storage|read_valid_q[0] ;
;   14.450 ;   0.248 ;    ;      ;        ;                                     ; clock pessimism removed                                                      ;
; 14.350   ; -0.100  ;    ;      ;        ;                                     ; clock uncertainty                                                            ;
; 14.350   ; 0.000   ;    ; uTsu ; 1      ; FF_X11_Y70_N52                      ; llm_bank_ram:u_cache|pipelined_word_ram:g_bank[11].u_storage|read_valid_q[0] ;
+----------+---------+----+------+--------+-------------------------------------+------------------------------------------------------------------------------+

----------------------------
; Extra Fitter Information ;
----------------------------
HTML report is unavailable in plain text report export.


Path #21: Recovery slack is 3.906 
===============================================================================
+------------------------------------------------------------------------------------------------------+
; Path Summary                                                                                         ;
+--------------------+---------------------------------------------------------------------------------+
; Property           ; Value                                                                           ;
+--------------------+---------------------------------------------------------------------------------+
; From Node          ; reset_release:u_reset|core_rst_n                                                ;
; To Node            ; llm_bank_ram:u_cache|pipelined_word_ram:g_bank[10].u_storage|g_ip.read_enable_q ;
; Launch Clock       ; clk                                                                             ;
; Latch Clock        ; clk                                                                             ;
; Data Arrival Time  ; 10.445                                                                          ;
; Data Required Time ; 14.351                                                                          ;
; Slack              ; 3.906                                                                           ;
+--------------------+---------------------------------------------------------------------------------+

+-------------------------------------------------------------------------------------+
; Statistics                                                                          ;
+------------------------+--------+-------+-------------+------------+--------+-------+
; Property               ; Value  ; Count ; Total Delay ; % of Total ; Min    ; Max   ;
+------------------------+--------+-------+-------------+------------+--------+-------+
; Recovery Relationship  ; 10.000 ;       ;             ;            ;        ;       ;
; Clock Skew             ; -0.173 ;       ;             ;            ;        ;       ;
; Data Delay             ; 5.821  ;       ;             ;            ;        ;       ;
; Number of Logic Levels ;        ; 0     ;             ;            ;        ;       ;
; Physical Delays        ;        ;       ;             ;            ;        ;       ;
;  Arrival Path          ;        ;       ;             ;            ;        ;       ;
;   Clock                ;        ;       ;             ;            ;        ;       ;
;    IC                  ;        ; 3     ; -0.001      ; 0          ; -0.001 ; 0.000 ;
;    Cell                ;        ; 3     ; 1.780       ; 38         ; 0.335  ; 0.917 ;
;    Routing Element     ;        ; 25    ; 2.845       ; 62         ; 0.000  ; 1.032 ;
;   Data                 ;        ;       ;             ;            ;        ;       ;
;    IC                  ;        ; 1     ; 0.000       ; 0          ; 0.000  ; 0.000 ;
;    Cell                ;        ; 2     ; 0.574       ; 10         ; 0.000  ; 0.574 ;
;    uTco                ;        ; 1     ; 0.000       ; 0          ; 0.000  ; 0.000 ;
;    Routing Element     ;        ; 29    ; 5.247       ; 90         ; 0.000  ; 0.515 ;
;  Required Path         ;        ;       ;             ;            ;        ;       ;
;   Clock                ;        ;       ;             ;            ;        ;       ;
;    IC                  ;        ; 3     ; 0.001       ; 0          ; 0.000  ; 0.001 ;
;    Cell                ;        ; 3     ; 1.680       ; 40         ; 0.312  ; 0.917 ;
;    Routing Element     ;        ; 25    ; 2.522       ; 60         ; 0.000  ; 0.990 ;
+------------------------+--------+-------+-------------+------------+--------+-------+
Note: Negative delays are omitted from totals when calculating percentages

+-------------------------------------------------------------------------------------------------------------------------------------------------------------------------+
; Data Arrival Path                                                                                                                                                       ;
+----------+----------+----+------+--------+--------------------------------------------+---------------------------------------------------------------------------------+
; Total    ; Incr     ; RF ; Type ; Fanout ; Location                                   ; Element                                                                         ;
+----------+----------+----+------+--------+--------------------------------------------+---------------------------------------------------------------------------------+
; 0.000    ; 0.000    ;    ;      ;        ;                                            ; launch edge time                                                                ;
; 4.624    ; 4.624    ;    ;      ;        ;                                            ; clock path                                                                      ;
;   0.000  ;   0.000  ;    ;      ;        ;                                            ; source latency                                                                  ;
;   0.000  ;   0.000  ;    ;      ; 1      ; PIN_AC18                                   ; clk                                                                             ;
;   0.000  ;   0.000  ;    ; RE   ; 1      ; IOPAD_X54_Y0_N0                            ; ARRIAV_IO_PAD                                                                   ;
;   0.000  ;   0.000  ;    ; RE   ; 1      ; IO_PAD_OUTPUT_X54_Y0_N0_I1                 ; IO_PAD_OUTPUT                                                                   ;
;   0.000  ;   0.000  ;    ; RE   ; 1      ; IO_INPUT_BUFFER_INPUT_X54_Y0_N1_I0         ; IO_INPUT_BUFFER_INPUT                                                           ;
;   0.000  ;   0.000  ; RR ; IC   ; 1      ; IOIBUF_X54_Y0_N1                           ; clk~input|i                                                                     ;
;   0.917  ;   0.917  ; RR ; CELL ; 1      ; IOIBUF_X54_Y0_N1                           ; clk~input|o                                                                     ;
;   0.917  ;   0.000  ;    ; RE   ; 1      ; IOIBUF_X54_Y0_N1                           ; ARRIAV_IO_IBUF                                                                  ;
;   0.917  ;   0.000  ;    ; RE   ; 1      ; IO_INPUT_BUFFER_OUTPUT_X54_Y0_N1_I2        ; IO_INPUT_BUFFER_OUTPUT                                                          ;
;   0.917  ;   0.000  ;    ; RE   ; 1      ; IO_RE_X54_Y0_N0_I96                        ; IO_RE                                                                           ;
;   1.133  ;   0.216  ;    ; RE   ; 1      ; IO_RE_X54_Y0_N0_I66                        ; IO_RE                                                                           ;
;   1.320  ;   0.187  ;    ; RE   ; 1      ; CLKBUF_CLUSTER_RE_X58_Y0_N0_I1614          ; CLKBUF_CLUSTER_RE                                                               ;
;   1.320  ;   0.000  ;    ; RE   ; 1      ; CLKBUF_CLUSTER_RE_X58_Y0_N0_I488           ; CLKBUF_CLUSTER_RE                                                               ;
;   1.320  ;   0.000  ;    ; RE   ; 1      ; GCLK_CLUSTER_RE_X58_Y0_N0_I10              ; GCLK_CLUSTER_RE                                                                 ;
;   1.320  ;   0.000  ;    ; RE   ; 1      ; CLKBUFBLOCK_INPUT_X58_Y0_N1_I0             ; CLKBUFBLOCK_INPUT                                                               ;
;   1.320  ;   0.000  ; RR ; IC   ; 1      ; CLKCTRL_G4                                 ; clk~inputCLKENA0|inclk                                                          ;
;   1.655  ;   0.335  ; RR ; CELL ; 49420  ; CLKCTRL_G4                                 ; clk~inputCLKENA0|outclk                                                         ;
;   1.655  ;   0.000  ;    ; RE   ; 1      ; CLKCTRL_G4                                 ; ARRIAV_CLKBUF                                                                   ;
;   1.655  ;   0.000  ;    ; RE   ; 1      ; CLKBUFBLOCK_OUTPUT_X58_Y0_N1_I2            ; CLKBUFBLOCK_OUTPUT                                                              ;
;   1.655  ;   0.000  ;    ; RE   ; 1      ; GCLK_CLUSTER_RE_X58_Y0_N0_I12              ; GCLK_CLUSTER_RE                                                                 ;
;   1.655  ;   0.000  ;    ; RE   ; 1      ; CLKBUF_CLUSTER_RE_X58_Y0_N0_I415           ; CLKBUF_CLUSTER_RE                                                               ;
;   2.687  ;   1.032  ;    ; RE   ; 16     ; GLOBAL_CLOCK_X0_Y58_N0_I4                  ; GLOBAL_CLOCK                                                                    ;
;   2.869  ;   0.182  ;    ; RE   ; 29     ; SPINE_CLOCK_X75_Y30_N0_I20                 ; SPINE_CLOCK                                                                     ;
;   3.329  ;   0.460  ;    ; RE   ; 1      ; SCLK_TO_ROWCLK_BUF_X75_Y57_N0_I121         ; SCLK_TO_ROWCLK_BUF                                                              ;
;   3.418  ;   0.089  ;    ; RE   ; 2      ; SCLK_TO_ROWCLK_BUF_X75_Y57_N0_I124         ; SCLK_TO_ROWCLK_BUF                                                              ;
;   3.856  ;   0.438  ;    ; RE   ; 13     ; LAB_CLK_X76_Y57_N0_I5                      ; LAB_CLK                                                                         ;
;   4.002  ;   0.146  ;    ; RE   ; 1      ; BLK_CLK_BUF_X83_Y57_N0_I5                  ; BLK_CLK_BUF                                                                     ;
;   4.058  ;   0.056  ;    ; RE   ; 1      ; ROWCLKSEL_PREBUF_X83_Y57_N0_I5             ; ROWCLKSEL_PREBUF                                                                ;
;   4.097  ;   0.039  ;    ; RE   ; 1      ; ROWCLKSEL_X83_Y57_N0_I1                    ; ROWCLKSEL                                                                       ;
;   4.097  ;   0.000  ;    ; RE   ; 2      ; GLOBAL_LOCAL_SEL_X83_Y57_N0_I1             ; GLOBAL_LOCAL_SEL                                                                ;
;   4.097  ;   0.000  ;    ; RE   ; 3      ; LAB_INPUT_X83_Y57_N0_I0                    ; LAB_INPUT                                                                       ;
;   4.096  ;   -0.001 ; RR ; IC   ; 1      ; FF_X83_Y57_N29                             ; u_reset|core_rst_n|clk                                                          ;
;   4.624  ;   0.528  ; RR ; CELL ; 1      ; FF_X83_Y57_N29                             ; reset_release:u_reset|core_rst_n                                                ;
; 10.445   ; 5.821    ;    ;      ;        ;                                            ; data path                                                                       ;
;   4.624  ;   0.000  ;    ; uTco ; 1      ; FF_X83_Y57_N29                             ; reset_release:u_reset|core_rst_n                                                ;
;   4.624  ;   0.000  ; FF ; CELL ; 3143   ; FF_X83_Y57_N29                             ; u_reset|core_rst_n|q                                                            ;
;   4.685  ;   0.061  ;    ; RE   ; 1      ; FF_X83_Y57_N29                             ; ARRIAV_FF                                                                       ;
;   4.765  ;   0.080  ;    ; RE   ; 4      ; LE_BUFFER_X83_Y57_N0_I19                   ; LE_BUFFER                                                                       ;
;   4.969  ;   0.204  ;    ; RE   ; 1      ; R6_X77_Y57_N0_I29                          ; H_SEG6                                                                          ;
;   4.969  ;   0.000  ;    ; RE   ; 1      ; R14_C12_INTERCONNECT_DRIVER_X82_Y57_N0_I3  ; WIRE_MUX                                                                        ;
;   5.363  ;   0.394  ;    ; RE   ; 9      ; C12_X82_Y58_N0_I0                          ; V_SEG12                                                                         ;
;   5.363  ;   0.000  ;    ; RE   ; 1      ; R14_C12_INTERCONNECT_DRIVER_X82_Y66_N0_I0  ; WIRE_MUX                                                                        ;
;   5.772  ;   0.409  ;    ; RE   ; 1      ; C12_X82_Y67_N0_I0                          ; V_SEG12                                                                         ;
;   5.772  ;   0.000  ;    ; RE   ; 2      ; R14_C12_INTERCONNECT_DRIVER_X82_Y76_N0_I1  ; WIRE_MUX                                                                        ;
;   6.182  ;   0.410  ;    ; RE   ; 3      ; C12_X82_Y77_N0_I0                          ; V_SEG12                                                                         ;
;   6.182  ;   0.000  ;    ; RE   ; 1      ; R14_C12_INTERCONNECT_DRIVER_X82_Y85_N0_I0  ; WIRE_MUX                                                                        ;
;   6.527  ;   0.345  ;    ; RE   ; 1      ; R14_X69_Y85_N0_I1                          ; H_SEG14                                                                         ;
;   6.527  ;   0.000  ;    ; RE   ; 1      ; R14_C12_INTERCONNECT_DRIVER_X68_Y85_N0_I2  ; WIRE_MUX                                                                        ;
;   6.847  ;   0.320  ;    ; RE   ; 6      ; R14_X55_Y85_N0_I1                          ; H_SEG14                                                                         ;
;   6.847  ;   0.000  ;    ; RE   ; 1      ; R14_C12_INTERCONNECT_DRIVER_X57_Y85_N0_I2  ; WIRE_MUX                                                                        ;
;   7.149  ;   0.302  ;    ; RE   ; 1      ; R14_X44_Y85_N0_I1                          ; H_SEG14                                                                         ;
;   7.149  ;   0.000  ;    ; RE   ; 2      ; R14_C12_INTERCONNECT_DRIVER_X43_Y85_N0_I0  ; WIRE_MUX                                                                        ;
;   7.409  ;   0.260  ;    ; RE   ; 3      ; R14_X30_Y85_N0_I1                          ; H_SEG14                                                                         ;
;   7.409  ;   0.000  ;    ; RE   ; 3      ; R14_C12_INTERCONNECT_DRIVER_X29_Y85_N0_I0  ; WIRE_MUX                                                                        ;
;   7.753  ;   0.344  ;    ; RE   ; 2      ; C12_X29_Y73_N0_I1                          ; V_SEG12                                                                         ;
;   7.753  ;   0.000  ;    ; RE   ; 1      ; R14_C12_INTERCONNECT_DRIVER_X29_Y76_N0_I1  ; WIRE_MUX                                                                        ;
;   8.084  ;   0.331  ;    ; RE   ; 2      ; R14_X16_Y76_N0_I1                          ; H_SEG14                                                                         ;
;   8.363  ;   0.279  ;    ; RE   ; 2      ; C2_X15_Y74_N0_I11                          ; V_SEG2                                                                          ;
;   8.586  ;   0.223  ;    ; RE   ; 1      ; R3_X13_Y74_N0_I17                          ; H_SEG3                                                                          ;
;   8.947  ;   0.361  ;    ; RE   ; 1      ; C4_X15_Y70_N0_I8                           ; V_SEG4                                                                          ;
;   9.462  ;   0.515  ;    ; RE   ; 2      ; R6_X10_Y70_N0_I29                          ; H_SEG6                                                                          ;
;   9.739  ;   0.277  ;    ; RE   ; 1      ; LOCAL_INTERCONNECT_X11_Y70_N0_I44          ; LAB_LINE                                                                        ;
;   9.871  ;   0.132  ;    ; RE   ; 1      ; BLOCK_INPUT_MUX_PASSTHROUGH_X11_Y70_N0_I83 ; LEIM                                                                            ;
;   9.871  ;   0.000  ;    ; RE   ; 1      ; GLOBAL_LOCAL_SEL_X11_Y70_N0_I2             ; GLOBAL_LOCAL_SEL                                                                ;
;   9.871  ;   0.000  ;    ; RE   ; 11     ; LAB_INPUT_X11_Y70_N0_I3                    ; LAB_INPUT                                                                       ;
;   9.871  ;   0.000  ; FF ; IC   ; 1      ; FF_X11_Y70_N44                             ; u_cache|g_bank[10].u_storage|g_ip.read_enable_q|clrn                            ;
;   10.445 ;   0.574  ; FF ; CELL ; 1      ; FF_X11_Y70_N44                             ; llm_bank_ram:u_cache|pipelined_word_ram:g_bank[10].u_storage|g_ip.read_enable_q ;
+----------+----------+----+------+--------+--------------------------------------------+---------------------------------------------------------------------------------+

+-----------------------------------------------------------------------------------------------------------------------------------------------------------------+
; Data Required Path                                                                                                                                              ;
+----------+---------+----+------+--------+-------------------------------------+---------------------------------------------------------------------------------+
; Total    ; Incr    ; RF ; Type ; Fanout ; Location                            ; Element                                                                         ;
+----------+---------+----+------+--------+-------------------------------------+---------------------------------------------------------------------------------+
; 10.000   ; 10.000  ;    ;      ;        ;                                     ; latch edge time                                                                 ;
; 14.451   ; 4.451   ;    ;      ;        ;                                     ; clock path                                                                      ;
;   10.000 ;   0.000 ;    ;      ;        ;                                     ; source latency                                                                  ;
;   10.000 ;   0.000 ;    ;      ; 1      ; PIN_AC18                            ; clk                                                                             ;
;   10.000 ;   0.000 ;    ; RE   ; 1      ; IOPAD_X54_Y0_N0                     ; ARRIAV_IO_PAD                                                                   ;
;   10.000 ;   0.000 ;    ; RE   ; 1      ; IO_PAD_OUTPUT_X54_Y0_N0_I1          ; IO_PAD_OUTPUT                                                                   ;
;   10.000 ;   0.000 ;    ; RE   ; 1      ; IO_INPUT_BUFFER_INPUT_X54_Y0_N1_I0  ; IO_INPUT_BUFFER_INPUT                                                           ;
;   10.000 ;   0.000 ; RR ; IC   ; 1      ; IOIBUF_X54_Y0_N1                    ; clk~input|i                                                                     ;
;   10.917 ;   0.917 ; RR ; CELL ; 1      ; IOIBUF_X54_Y0_N1                    ; clk~input|o                                                                     ;
;   10.917 ;   0.000 ;    ; RE   ; 1      ; IOIBUF_X54_Y0_N1                    ; ARRIAV_IO_IBUF                                                                  ;
;   10.917 ;   0.000 ;    ; RE   ; 1      ; IO_INPUT_BUFFER_OUTPUT_X54_Y0_N1_I2 ; IO_INPUT_BUFFER_OUTPUT                                                          ;
;   10.917 ;   0.000 ;    ; RE   ; 1      ; IO_RE_X54_Y0_N0_I96                 ; IO_RE                                                                           ;
;   11.095 ;   0.178 ;    ; RE   ; 1      ; IO_RE_X54_Y0_N0_I66                 ; IO_RE                                                                           ;
;   11.095 ;   0.000 ;    ; RE   ; 1      ; CLKBUF_CLUSTER_RE_X58_Y0_N0_I1614   ; CLKBUF_CLUSTER_RE                                                               ;
;   11.095 ;   0.000 ;    ; RE   ; 1      ; CLKBUF_CLUSTER_RE_X58_Y0_N0_I488    ; CLKBUF_CLUSTER_RE                                                               ;
;   11.095 ;   0.000 ;    ; RE   ; 1      ; GCLK_CLUSTER_RE_X58_Y0_N0_I10       ; GCLK_CLUSTER_RE                                                                 ;
;   11.095 ;   0.000 ;    ; RE   ; 1      ; CLKBUFBLOCK_INPUT_X58_Y0_N1_I0      ; CLKBUFBLOCK_INPUT                                                               ;
;   11.095 ;   0.000 ; RR ; IC   ; 1      ; CLKCTRL_G4                          ; clk~inputCLKENA0|inclk                                                          ;
;   11.407 ;   0.312 ; RR ; CELL ; 49420  ; CLKCTRL_G4                          ; clk~inputCLKENA0|outclk                                                         ;
;   11.407 ;   0.000 ;    ; RE   ; 1      ; CLKCTRL_G4                          ; ARRIAV_CLKBUF                                                                   ;
;   11.407 ;   0.000 ;    ; RE   ; 1      ; CLKBUFBLOCK_OUTPUT_X58_Y0_N1_I2     ; CLKBUFBLOCK_OUTPUT                                                              ;
;   11.407 ;   0.000 ;    ; RE   ; 1      ; GCLK_CLUSTER_RE_X58_Y0_N0_I12       ; GCLK_CLUSTER_RE                                                                 ;
;   11.407 ;   0.000 ;    ; RE   ; 1      ; CLKBUF_CLUSTER_RE_X58_Y0_N0_I415    ; CLKBUF_CLUSTER_RE                                                               ;
;   12.397 ;   0.990 ;    ; RE   ; 16     ; GLOBAL_CLOCK_X0_Y58_N0_I4           ; GLOBAL_CLOCK                                                                    ;
;   12.581 ;   0.184 ;    ; RE   ; 29     ; SPINE_CLOCK_X15_Y59_N0_I20          ; SPINE_CLOCK                                                                     ;
;   13.024 ;   0.443 ;    ; RE   ; 1      ; SCLK_TO_ROWCLK_BUF_X15_Y70_N0_I120  ; SCLK_TO_ROWCLK_BUF                                                              ;
;   13.109 ;   0.085 ;    ; RE   ; 2      ; SCLK_TO_ROWCLK_BUF_X15_Y70_N0_I123  ; SCLK_TO_ROWCLK_BUF                                                              ;
;   13.529 ;   0.420 ;    ; RE   ; 4      ; LAB_CLK_X0_Y70_N0_I2                ; LAB_CLK                                                                         ;
;   13.662 ;   0.133 ;    ; RE   ; 1      ; BLK_CLK_BUF_X11_Y70_N0_I2           ; BLK_CLK_BUF                                                                     ;
;   13.716 ;   0.054 ;    ; RE   ; 1      ; ROWCLKSEL_PREBUF_X11_Y70_N0_I2      ; ROWCLKSEL_PREBUF                                                                ;
;   13.751 ;   0.035 ;    ; RE   ; 1      ; ROWCLKSEL_X11_Y70_N0_I1             ; ROWCLKSEL                                                                       ;
;   13.751 ;   0.000 ;    ; RE   ; 1      ; GLOBAL_LOCAL_SEL_X11_Y70_N0_I1      ; GLOBAL_LOCAL_SEL                                                                ;
;   13.751 ;   0.000 ;    ; RE   ; 12     ; LAB_INPUT_X11_Y70_N0_I0             ; LAB_INPUT                                                                       ;
;   13.752 ;   0.001 ; RR ; IC   ; 1      ; FF_X11_Y70_N44                      ; u_cache|g_bank[10].u_storage|g_ip.read_enable_q|clk                             ;
;   14.203 ;   0.451 ; RR ; CELL ; 1      ; FF_X11_Y70_N44                      ; llm_bank_ram:u_cache|pipelined_word_ram:g_bank[10].u_storage|g_ip.read_enable_q ;
;   14.451 ;   0.248 ;    ;      ;        ;                                     ; clock pessimism removed                                                         ;
; 14.351   ; -0.100  ;    ;      ;        ;                                     ; clock uncertainty                                                               ;
; 14.351   ; 0.000   ;    ; uTsu ; 1      ; FF_X11_Y70_N44                      ; llm_bank_ram:u_cache|pipelined_word_ram:g_bank[10].u_storage|g_ip.read_enable_q ;
+----------+---------+----+------+--------+-------------------------------------+---------------------------------------------------------------------------------+

----------------------------
; Extra Fitter Information ;
----------------------------
HTML report is unavailable in plain text report export.


Path #22: Recovery slack is 3.906 
===============================================================================
+---------------------------------------------------------------------------------------------------+
; Path Summary                                                                                      ;
+--------------------+------------------------------------------------------------------------------+
; Property           ; Value                                                                        ;
+--------------------+------------------------------------------------------------------------------+
; From Node          ; reset_release:u_reset|core_rst_n                                             ;
; To Node            ; llm_bank_ram:u_cache|pipelined_word_ram:g_bank[10].u_storage|read_valid_q[1] ;
; Launch Clock       ; clk                                                                          ;
; Latch Clock        ; clk                                                                          ;
; Data Arrival Time  ; 10.445                                                                       ;
; Data Required Time ; 14.351                                                                       ;
; Slack              ; 3.906                                                                        ;
+--------------------+------------------------------------------------------------------------------+

+-------------------------------------------------------------------------------------+
; Statistics                                                                          ;
+------------------------+--------+-------+-------------+------------+--------+-------+
; Property               ; Value  ; Count ; Total Delay ; % of Total ; Min    ; Max   ;
+------------------------+--------+-------+-------------+------------+--------+-------+
; Recovery Relationship  ; 10.000 ;       ;             ;            ;        ;       ;
; Clock Skew             ; -0.173 ;       ;             ;            ;        ;       ;
; Data Delay             ; 5.821  ;       ;             ;            ;        ;       ;
; Number of Logic Levels ;        ; 0     ;             ;            ;        ;       ;
; Physical Delays        ;        ;       ;             ;            ;        ;       ;
;  Arrival Path          ;        ;       ;             ;            ;        ;       ;
;   Clock                ;        ;       ;             ;            ;        ;       ;
;    IC                  ;        ; 3     ; -0.001      ; 0          ; -0.001 ; 0.000 ;
;    Cell                ;        ; 3     ; 1.780       ; 38         ; 0.335  ; 0.917 ;
;    Routing Element     ;        ; 25    ; 2.845       ; 62         ; 0.000  ; 1.032 ;
;   Data                 ;        ;       ;             ;            ;        ;       ;
;    IC                  ;        ; 1     ; 0.000       ; 0          ; 0.000  ; 0.000 ;
;    Cell                ;        ; 2     ; 0.574       ; 10         ; 0.000  ; 0.574 ;
;    uTco                ;        ; 1     ; 0.000       ; 0          ; 0.000  ; 0.000 ;
;    Routing Element     ;        ; 29    ; 5.247       ; 90         ; 0.000  ; 0.515 ;
;  Required Path         ;        ;       ;             ;            ;        ;       ;
;   Clock                ;        ;       ;             ;            ;        ;       ;
;    IC                  ;        ; 3     ; 0.001       ; 0          ; 0.000  ; 0.001 ;
;    Cell                ;        ; 3     ; 1.680       ; 40         ; 0.312  ; 0.917 ;
;    Routing Element     ;        ; 25    ; 2.522       ; 60         ; 0.000  ; 0.990 ;
+------------------------+--------+-------+-------------+------------+--------+-------+
Note: Negative delays are omitted from totals when calculating percentages

+----------------------------------------------------------------------------------------------------------------------------------------------------------------------+
; Data Arrival Path                                                                                                                                                    ;
+----------+----------+----+------+--------+--------------------------------------------+------------------------------------------------------------------------------+
; Total    ; Incr     ; RF ; Type ; Fanout ; Location                                   ; Element                                                                      ;
+----------+----------+----+------+--------+--------------------------------------------+------------------------------------------------------------------------------+
; 0.000    ; 0.000    ;    ;      ;        ;                                            ; launch edge time                                                             ;
; 4.624    ; 4.624    ;    ;      ;        ;                                            ; clock path                                                                   ;
;   0.000  ;   0.000  ;    ;      ;        ;                                            ; source latency                                                               ;
;   0.000  ;   0.000  ;    ;      ; 1      ; PIN_AC18                                   ; clk                                                                          ;
;   0.000  ;   0.000  ;    ; RE   ; 1      ; IOPAD_X54_Y0_N0                            ; ARRIAV_IO_PAD                                                                ;
;   0.000  ;   0.000  ;    ; RE   ; 1      ; IO_PAD_OUTPUT_X54_Y0_N0_I1                 ; IO_PAD_OUTPUT                                                                ;
;   0.000  ;   0.000  ;    ; RE   ; 1      ; IO_INPUT_BUFFER_INPUT_X54_Y0_N1_I0         ; IO_INPUT_BUFFER_INPUT                                                        ;
;   0.000  ;   0.000  ; RR ; IC   ; 1      ; IOIBUF_X54_Y0_N1                           ; clk~input|i                                                                  ;
;   0.917  ;   0.917  ; RR ; CELL ; 1      ; IOIBUF_X54_Y0_N1                           ; clk~input|o                                                                  ;
;   0.917  ;   0.000  ;    ; RE   ; 1      ; IOIBUF_X54_Y0_N1                           ; ARRIAV_IO_IBUF                                                               ;
;   0.917  ;   0.000  ;    ; RE   ; 1      ; IO_INPUT_BUFFER_OUTPUT_X54_Y0_N1_I2        ; IO_INPUT_BUFFER_OUTPUT                                                       ;
;   0.917  ;   0.000  ;    ; RE   ; 1      ; IO_RE_X54_Y0_N0_I96                        ; IO_RE                                                                        ;
;   1.133  ;   0.216  ;    ; RE   ; 1      ; IO_RE_X54_Y0_N0_I66                        ; IO_RE                                                                        ;
;   1.320  ;   0.187  ;    ; RE   ; 1      ; CLKBUF_CLUSTER_RE_X58_Y0_N0_I1614          ; CLKBUF_CLUSTER_RE                                                            ;
;   1.320  ;   0.000  ;    ; RE   ; 1      ; CLKBUF_CLUSTER_RE_X58_Y0_N0_I488           ; CLKBUF_CLUSTER_RE                                                            ;
;   1.320  ;   0.000  ;    ; RE   ; 1      ; GCLK_CLUSTER_RE_X58_Y0_N0_I10              ; GCLK_CLUSTER_RE                                                              ;
;   1.320  ;   0.000  ;    ; RE   ; 1      ; CLKBUFBLOCK_INPUT_X58_Y0_N1_I0             ; CLKBUFBLOCK_INPUT                                                            ;
;   1.320  ;   0.000  ; RR ; IC   ; 1      ; CLKCTRL_G4                                 ; clk~inputCLKENA0|inclk                                                       ;
;   1.655  ;   0.335  ; RR ; CELL ; 49420  ; CLKCTRL_G4                                 ; clk~inputCLKENA0|outclk                                                      ;
;   1.655  ;   0.000  ;    ; RE   ; 1      ; CLKCTRL_G4                                 ; ARRIAV_CLKBUF                                                                ;
;   1.655  ;   0.000  ;    ; RE   ; 1      ; CLKBUFBLOCK_OUTPUT_X58_Y0_N1_I2            ; CLKBUFBLOCK_OUTPUT                                                           ;
;   1.655  ;   0.000  ;    ; RE   ; 1      ; GCLK_CLUSTER_RE_X58_Y0_N0_I12              ; GCLK_CLUSTER_RE                                                              ;
;   1.655  ;   0.000  ;    ; RE   ; 1      ; CLKBUF_CLUSTER_RE_X58_Y0_N0_I415           ; CLKBUF_CLUSTER_RE                                                            ;
;   2.687  ;   1.032  ;    ; RE   ; 16     ; GLOBAL_CLOCK_X0_Y58_N0_I4                  ; GLOBAL_CLOCK                                                                 ;
;   2.869  ;   0.182  ;    ; RE   ; 29     ; SPINE_CLOCK_X75_Y30_N0_I20                 ; SPINE_CLOCK                                                                  ;
;   3.329  ;   0.460  ;    ; RE   ; 1      ; SCLK_TO_ROWCLK_BUF_X75_Y57_N0_I121         ; SCLK_TO_ROWCLK_BUF                                                           ;
;   3.418  ;   0.089  ;    ; RE   ; 2      ; SCLK_TO_ROWCLK_BUF_X75_Y57_N0_I124         ; SCLK_TO_ROWCLK_BUF                                                           ;
;   3.856  ;   0.438  ;    ; RE   ; 13     ; LAB_CLK_X76_Y57_N0_I5                      ; LAB_CLK                                                                      ;
;   4.002  ;   0.146  ;    ; RE   ; 1      ; BLK_CLK_BUF_X83_Y57_N0_I5                  ; BLK_CLK_BUF                                                                  ;
;   4.058  ;   0.056  ;    ; RE   ; 1      ; ROWCLKSEL_PREBUF_X83_Y57_N0_I5             ; ROWCLKSEL_PREBUF                                                             ;
;   4.097  ;   0.039  ;    ; RE   ; 1      ; ROWCLKSEL_X83_Y57_N0_I1                    ; ROWCLKSEL                                                                    ;
;   4.097  ;   0.000  ;    ; RE   ; 2      ; GLOBAL_LOCAL_SEL_X83_Y57_N0_I1             ; GLOBAL_LOCAL_SEL                                                             ;
;   4.097  ;   0.000  ;    ; RE   ; 3      ; LAB_INPUT_X83_Y57_N0_I0                    ; LAB_INPUT                                                                    ;
;   4.096  ;   -0.001 ; RR ; IC   ; 1      ; FF_X83_Y57_N29                             ; u_reset|core_rst_n|clk                                                       ;
;   4.624  ;   0.528  ; RR ; CELL ; 1      ; FF_X83_Y57_N29                             ; reset_release:u_reset|core_rst_n                                             ;
; 10.445   ; 5.821    ;    ;      ;        ;                                            ; data path                                                                    ;
;   4.624  ;   0.000  ;    ; uTco ; 1      ; FF_X83_Y57_N29                             ; reset_release:u_reset|core_rst_n                                             ;
;   4.624  ;   0.000  ; FF ; CELL ; 3143   ; FF_X83_Y57_N29                             ; u_reset|core_rst_n|q                                                         ;
;   4.685  ;   0.061  ;    ; RE   ; 1      ; FF_X83_Y57_N29                             ; ARRIAV_FF                                                                    ;
;   4.765  ;   0.080  ;    ; RE   ; 4      ; LE_BUFFER_X83_Y57_N0_I19                   ; LE_BUFFER                                                                    ;
;   4.969  ;   0.204  ;    ; RE   ; 1      ; R6_X77_Y57_N0_I29                          ; H_SEG6                                                                       ;
;   4.969  ;   0.000  ;    ; RE   ; 1      ; R14_C12_INTERCONNECT_DRIVER_X82_Y57_N0_I3  ; WIRE_MUX                                                                     ;
;   5.363  ;   0.394  ;    ; RE   ; 9      ; C12_X82_Y58_N0_I0                          ; V_SEG12                                                                      ;
;   5.363  ;   0.000  ;    ; RE   ; 1      ; R14_C12_INTERCONNECT_DRIVER_X82_Y66_N0_I0  ; WIRE_MUX                                                                     ;
;   5.772  ;   0.409  ;    ; RE   ; 1      ; C12_X82_Y67_N0_I0                          ; V_SEG12                                                                      ;
;   5.772  ;   0.000  ;    ; RE   ; 2      ; R14_C12_INTERCONNECT_DRIVER_X82_Y76_N0_I1  ; WIRE_MUX                                                                     ;
;   6.182  ;   0.410  ;    ; RE   ; 3      ; C12_X82_Y77_N0_I0                          ; V_SEG12                                                                      ;
;   6.182  ;   0.000  ;    ; RE   ; 1      ; R14_C12_INTERCONNECT_DRIVER_X82_Y85_N0_I0  ; WIRE_MUX                                                                     ;
;   6.527  ;   0.345  ;    ; RE   ; 1      ; R14_X69_Y85_N0_I1                          ; H_SEG14                                                                      ;
;   6.527  ;   0.000  ;    ; RE   ; 1      ; R14_C12_INTERCONNECT_DRIVER_X68_Y85_N0_I2  ; WIRE_MUX                                                                     ;
;   6.847  ;   0.320  ;    ; RE   ; 6      ; R14_X55_Y85_N0_I1                          ; H_SEG14                                                                      ;
;   6.847  ;   0.000  ;    ; RE   ; 1      ; R14_C12_INTERCONNECT_DRIVER_X57_Y85_N0_I2  ; WIRE_MUX                                                                     ;
;   7.149  ;   0.302  ;    ; RE   ; 1      ; R14_X44_Y85_N0_I1                          ; H_SEG14                                                                      ;
;   7.149  ;   0.000  ;    ; RE   ; 2      ; R14_C12_INTERCONNECT_DRIVER_X43_Y85_N0_I0  ; WIRE_MUX                                                                     ;
;   7.409  ;   0.260  ;    ; RE   ; 3      ; R14_X30_Y85_N0_I1                          ; H_SEG14                                                                      ;
;   7.409  ;   0.000  ;    ; RE   ; 3      ; R14_C12_INTERCONNECT_DRIVER_X29_Y85_N0_I0  ; WIRE_MUX                                                                     ;
;   7.753  ;   0.344  ;    ; RE   ; 2      ; C12_X29_Y73_N0_I1                          ; V_SEG12                                                                      ;
;   7.753  ;   0.000  ;    ; RE   ; 1      ; R14_C12_INTERCONNECT_DRIVER_X29_Y76_N0_I1  ; WIRE_MUX                                                                     ;
;   8.084  ;   0.331  ;    ; RE   ; 2      ; R14_X16_Y76_N0_I1                          ; H_SEG14                                                                      ;
;   8.363  ;   0.279  ;    ; RE   ; 2      ; C2_X15_Y74_N0_I11                          ; V_SEG2                                                                       ;
;   8.586  ;   0.223  ;    ; RE   ; 1      ; R3_X13_Y74_N0_I17                          ; H_SEG3                                                                       ;
;   8.947  ;   0.361  ;    ; RE   ; 1      ; C4_X15_Y70_N0_I8                           ; V_SEG4                                                                       ;
;   9.462  ;   0.515  ;    ; RE   ; 2      ; R6_X10_Y70_N0_I29                          ; H_SEG6                                                                       ;
;   9.739  ;   0.277  ;    ; RE   ; 1      ; LOCAL_INTERCONNECT_X11_Y70_N0_I44          ; LAB_LINE                                                                     ;
;   9.871  ;   0.132  ;    ; RE   ; 1      ; BLOCK_INPUT_MUX_PASSTHROUGH_X11_Y70_N0_I83 ; LEIM                                                                         ;
;   9.871  ;   0.000  ;    ; RE   ; 1      ; GLOBAL_LOCAL_SEL_X11_Y70_N0_I2             ; GLOBAL_LOCAL_SEL                                                             ;
;   9.871  ;   0.000  ;    ; RE   ; 11     ; LAB_INPUT_X11_Y70_N0_I3                    ; LAB_INPUT                                                                    ;
;   9.871  ;   0.000  ; FF ; IC   ; 1      ; FF_X11_Y70_N56                             ; u_cache|g_bank[10].u_storage|read_valid_q[1]|clrn                            ;
;   10.445 ;   0.574  ; FF ; CELL ; 1      ; FF_X11_Y70_N56                             ; llm_bank_ram:u_cache|pipelined_word_ram:g_bank[10].u_storage|read_valid_q[1] ;
+----------+----------+----+------+--------+--------------------------------------------+------------------------------------------------------------------------------+

+--------------------------------------------------------------------------------------------------------------------------------------------------------------+
; Data Required Path                                                                                                                                           ;
+----------+---------+----+------+--------+-------------------------------------+------------------------------------------------------------------------------+
; Total    ; Incr    ; RF ; Type ; Fanout ; Location                            ; Element                                                                      ;
+----------+---------+----+------+--------+-------------------------------------+------------------------------------------------------------------------------+
; 10.000   ; 10.000  ;    ;      ;        ;                                     ; latch edge time                                                              ;
; 14.451   ; 4.451   ;    ;      ;        ;                                     ; clock path                                                                   ;
;   10.000 ;   0.000 ;    ;      ;        ;                                     ; source latency                                                               ;
;   10.000 ;   0.000 ;    ;      ; 1      ; PIN_AC18                            ; clk                                                                          ;
;   10.000 ;   0.000 ;    ; RE   ; 1      ; IOPAD_X54_Y0_N0                     ; ARRIAV_IO_PAD                                                                ;
;   10.000 ;   0.000 ;    ; RE   ; 1      ; IO_PAD_OUTPUT_X54_Y0_N0_I1          ; IO_PAD_OUTPUT                                                                ;
;   10.000 ;   0.000 ;    ; RE   ; 1      ; IO_INPUT_BUFFER_INPUT_X54_Y0_N1_I0  ; IO_INPUT_BUFFER_INPUT                                                        ;
;   10.000 ;   0.000 ; RR ; IC   ; 1      ; IOIBUF_X54_Y0_N1                    ; clk~input|i                                                                  ;
;   10.917 ;   0.917 ; RR ; CELL ; 1      ; IOIBUF_X54_Y0_N1                    ; clk~input|o                                                                  ;
;   10.917 ;   0.000 ;    ; RE   ; 1      ; IOIBUF_X54_Y0_N1                    ; ARRIAV_IO_IBUF                                                               ;
;   10.917 ;   0.000 ;    ; RE   ; 1      ; IO_INPUT_BUFFER_OUTPUT_X54_Y0_N1_I2 ; IO_INPUT_BUFFER_OUTPUT                                                       ;
;   10.917 ;   0.000 ;    ; RE   ; 1      ; IO_RE_X54_Y0_N0_I96                 ; IO_RE                                                                        ;
;   11.095 ;   0.178 ;    ; RE   ; 1      ; IO_RE_X54_Y0_N0_I66                 ; IO_RE                                                                        ;
;   11.095 ;   0.000 ;    ; RE   ; 1      ; CLKBUF_CLUSTER_RE_X58_Y0_N0_I1614   ; CLKBUF_CLUSTER_RE                                                            ;
;   11.095 ;   0.000 ;    ; RE   ; 1      ; CLKBUF_CLUSTER_RE_X58_Y0_N0_I488    ; CLKBUF_CLUSTER_RE                                                            ;
;   11.095 ;   0.000 ;    ; RE   ; 1      ; GCLK_CLUSTER_RE_X58_Y0_N0_I10       ; GCLK_CLUSTER_RE                                                              ;
;   11.095 ;   0.000 ;    ; RE   ; 1      ; CLKBUFBLOCK_INPUT_X58_Y0_N1_I0      ; CLKBUFBLOCK_INPUT                                                            ;
;   11.095 ;   0.000 ; RR ; IC   ; 1      ; CLKCTRL_G4                          ; clk~inputCLKENA0|inclk                                                       ;
;   11.407 ;   0.312 ; RR ; CELL ; 49420  ; CLKCTRL_G4                          ; clk~inputCLKENA0|outclk                                                      ;
;   11.407 ;   0.000 ;    ; RE   ; 1      ; CLKCTRL_G4                          ; ARRIAV_CLKBUF                                                                ;
;   11.407 ;   0.000 ;    ; RE   ; 1      ; CLKBUFBLOCK_OUTPUT_X58_Y0_N1_I2     ; CLKBUFBLOCK_OUTPUT                                                           ;
;   11.407 ;   0.000 ;    ; RE   ; 1      ; GCLK_CLUSTER_RE_X58_Y0_N0_I12       ; GCLK_CLUSTER_RE                                                              ;
;   11.407 ;   0.000 ;    ; RE   ; 1      ; CLKBUF_CLUSTER_RE_X58_Y0_N0_I415    ; CLKBUF_CLUSTER_RE                                                            ;
;   12.397 ;   0.990 ;    ; RE   ; 16     ; GLOBAL_CLOCK_X0_Y58_N0_I4           ; GLOBAL_CLOCK                                                                 ;
;   12.581 ;   0.184 ;    ; RE   ; 29     ; SPINE_CLOCK_X15_Y59_N0_I20          ; SPINE_CLOCK                                                                  ;
;   13.024 ;   0.443 ;    ; RE   ; 1      ; SCLK_TO_ROWCLK_BUF_X15_Y70_N0_I120  ; SCLK_TO_ROWCLK_BUF                                                           ;
;   13.109 ;   0.085 ;    ; RE   ; 2      ; SCLK_TO_ROWCLK_BUF_X15_Y70_N0_I123  ; SCLK_TO_ROWCLK_BUF                                                           ;
;   13.529 ;   0.420 ;    ; RE   ; 4      ; LAB_CLK_X0_Y70_N0_I2                ; LAB_CLK                                                                      ;
;   13.662 ;   0.133 ;    ; RE   ; 1      ; BLK_CLK_BUF_X11_Y70_N0_I2           ; BLK_CLK_BUF                                                                  ;
;   13.716 ;   0.054 ;    ; RE   ; 1      ; ROWCLKSEL_PREBUF_X11_Y70_N0_I2      ; ROWCLKSEL_PREBUF                                                             ;
;   13.751 ;   0.035 ;    ; RE   ; 1      ; ROWCLKSEL_X11_Y70_N0_I1             ; ROWCLKSEL                                                                    ;
;   13.751 ;   0.000 ;    ; RE   ; 1      ; GLOBAL_LOCAL_SEL_X11_Y70_N0_I1      ; GLOBAL_LOCAL_SEL                                                             ;
;   13.751 ;   0.000 ;    ; RE   ; 12     ; LAB_INPUT_X11_Y70_N0_I0             ; LAB_INPUT                                                                    ;
;   13.752 ;   0.001 ; RR ; IC   ; 1      ; FF_X11_Y70_N56                      ; u_cache|g_bank[10].u_storage|read_valid_q[1]|clk                             ;
;   14.203 ;   0.451 ; RR ; CELL ; 1      ; FF_X11_Y70_N56                      ; llm_bank_ram:u_cache|pipelined_word_ram:g_bank[10].u_storage|read_valid_q[1] ;
;   14.451 ;   0.248 ;    ;      ;        ;                                     ; clock pessimism removed                                                      ;
; 14.351   ; -0.100  ;    ;      ;        ;                                     ; clock uncertainty                                                            ;
; 14.351   ; 0.000   ;    ; uTsu ; 1      ; FF_X11_Y70_N56                      ; llm_bank_ram:u_cache|pipelined_word_ram:g_bank[10].u_storage|read_valid_q[1] ;
+----------+---------+----+------+--------+-------------------------------------+------------------------------------------------------------------------------+

----------------------------
; Extra Fitter Information ;
----------------------------
HTML report is unavailable in plain text report export.


Path #23: Recovery slack is 3.906 
===============================================================================
+------------------------------------------------------------------------------------------------------+
; Path Summary                                                                                         ;
+--------------------+---------------------------------------------------------------------------------+
; Property           ; Value                                                                           ;
+--------------------+---------------------------------------------------------------------------------+
; From Node          ; reset_release:u_reset|core_rst_n                                                ;
; To Node            ; llm_bank_ram:u_cache|pipelined_word_ram:g_bank[11].u_storage|g_ip.read_enable_q ;
; Launch Clock       ; clk                                                                             ;
; Latch Clock        ; clk                                                                             ;
; Data Arrival Time  ; 10.445                                                                          ;
; Data Required Time ; 14.351                                                                          ;
; Slack              ; 3.906                                                                           ;
+--------------------+---------------------------------------------------------------------------------+

+-------------------------------------------------------------------------------------+
; Statistics                                                                          ;
+------------------------+--------+-------+-------------+------------+--------+-------+
; Property               ; Value  ; Count ; Total Delay ; % of Total ; Min    ; Max   ;
+------------------------+--------+-------+-------------+------------+--------+-------+
; Recovery Relationship  ; 10.000 ;       ;             ;            ;        ;       ;
; Clock Skew             ; -0.173 ;       ;             ;            ;        ;       ;
; Data Delay             ; 5.821  ;       ;             ;            ;        ;       ;
; Number of Logic Levels ;        ; 0     ;             ;            ;        ;       ;
; Physical Delays        ;        ;       ;             ;            ;        ;       ;
;  Arrival Path          ;        ;       ;             ;            ;        ;       ;
;   Clock                ;        ;       ;             ;            ;        ;       ;
;    IC                  ;        ; 3     ; -0.001      ; 0          ; -0.001 ; 0.000 ;
;    Cell                ;        ; 3     ; 1.780       ; 38         ; 0.335  ; 0.917 ;
;    Routing Element     ;        ; 25    ; 2.845       ; 62         ; 0.000  ; 1.032 ;
;   Data                 ;        ;       ;             ;            ;        ;       ;
;    IC                  ;        ; 1     ; 0.000       ; 0          ; 0.000  ; 0.000 ;
;    Cell                ;        ; 2     ; 0.574       ; 10         ; 0.000  ; 0.574 ;
;    uTco                ;        ; 1     ; 0.000       ; 0          ; 0.000  ; 0.000 ;
;    Routing Element     ;        ; 29    ; 5.247       ; 90         ; 0.000  ; 0.515 ;
;  Required Path         ;        ;       ;             ;            ;        ;       ;
;   Clock                ;        ;       ;             ;            ;        ;       ;
;    IC                  ;        ; 3     ; 0.001       ; 0          ; 0.000  ; 0.001 ;
;    Cell                ;        ; 3     ; 1.680       ; 40         ; 0.312  ; 0.917 ;
;    Routing Element     ;        ; 25    ; 2.522       ; 60         ; 0.000  ; 0.990 ;
+------------------------+--------+-------+-------------+------------+--------+-------+
Note: Negative delays are omitted from totals when calculating percentages

+-------------------------------------------------------------------------------------------------------------------------------------------------------------------------+
; Data Arrival Path                                                                                                                                                       ;
+----------+----------+----+------+--------+--------------------------------------------+---------------------------------------------------------------------------------+
; Total    ; Incr     ; RF ; Type ; Fanout ; Location                                   ; Element                                                                         ;
+----------+----------+----+------+--------+--------------------------------------------+---------------------------------------------------------------------------------+
; 0.000    ; 0.000    ;    ;      ;        ;                                            ; launch edge time                                                                ;
; 4.624    ; 4.624    ;    ;      ;        ;                                            ; clock path                                                                      ;
;   0.000  ;   0.000  ;    ;      ;        ;                                            ; source latency                                                                  ;
;   0.000  ;   0.000  ;    ;      ; 1      ; PIN_AC18                                   ; clk                                                                             ;
;   0.000  ;   0.000  ;    ; RE   ; 1      ; IOPAD_X54_Y0_N0                            ; ARRIAV_IO_PAD                                                                   ;
;   0.000  ;   0.000  ;    ; RE   ; 1      ; IO_PAD_OUTPUT_X54_Y0_N0_I1                 ; IO_PAD_OUTPUT                                                                   ;
;   0.000  ;   0.000  ;    ; RE   ; 1      ; IO_INPUT_BUFFER_INPUT_X54_Y0_N1_I0         ; IO_INPUT_BUFFER_INPUT                                                           ;
;   0.000  ;   0.000  ; RR ; IC   ; 1      ; IOIBUF_X54_Y0_N1                           ; clk~input|i                                                                     ;
;   0.917  ;   0.917  ; RR ; CELL ; 1      ; IOIBUF_X54_Y0_N1                           ; clk~input|o                                                                     ;
;   0.917  ;   0.000  ;    ; RE   ; 1      ; IOIBUF_X54_Y0_N1                           ; ARRIAV_IO_IBUF                                                                  ;
;   0.917  ;   0.000  ;    ; RE   ; 1      ; IO_INPUT_BUFFER_OUTPUT_X54_Y0_N1_I2        ; IO_INPUT_BUFFER_OUTPUT                                                          ;
;   0.917  ;   0.000  ;    ; RE   ; 1      ; IO_RE_X54_Y0_N0_I96                        ; IO_RE                                                                           ;
;   1.133  ;   0.216  ;    ; RE   ; 1      ; IO_RE_X54_Y0_N0_I66                        ; IO_RE                                                                           ;
;   1.320  ;   0.187  ;    ; RE   ; 1      ; CLKBUF_CLUSTER_RE_X58_Y0_N0_I1614          ; CLKBUF_CLUSTER_RE                                                               ;
;   1.320  ;   0.000  ;    ; RE   ; 1      ; CLKBUF_CLUSTER_RE_X58_Y0_N0_I488           ; CLKBUF_CLUSTER_RE                                                               ;
;   1.320  ;   0.000  ;    ; RE   ; 1      ; GCLK_CLUSTER_RE_X58_Y0_N0_I10              ; GCLK_CLUSTER_RE                                                                 ;
;   1.320  ;   0.000  ;    ; RE   ; 1      ; CLKBUFBLOCK_INPUT_X58_Y0_N1_I0             ; CLKBUFBLOCK_INPUT                                                               ;
;   1.320  ;   0.000  ; RR ; IC   ; 1      ; CLKCTRL_G4                                 ; clk~inputCLKENA0|inclk                                                          ;
;   1.655  ;   0.335  ; RR ; CELL ; 49420  ; CLKCTRL_G4                                 ; clk~inputCLKENA0|outclk                                                         ;
;   1.655  ;   0.000  ;    ; RE   ; 1      ; CLKCTRL_G4                                 ; ARRIAV_CLKBUF                                                                   ;
;   1.655  ;   0.000  ;    ; RE   ; 1      ; CLKBUFBLOCK_OUTPUT_X58_Y0_N1_I2            ; CLKBUFBLOCK_OUTPUT                                                              ;
;   1.655  ;   0.000  ;    ; RE   ; 1      ; GCLK_CLUSTER_RE_X58_Y0_N0_I12              ; GCLK_CLUSTER_RE                                                                 ;
;   1.655  ;   0.000  ;    ; RE   ; 1      ; CLKBUF_CLUSTER_RE_X58_Y0_N0_I415           ; CLKBUF_CLUSTER_RE                                                               ;
;   2.687  ;   1.032  ;    ; RE   ; 16     ; GLOBAL_CLOCK_X0_Y58_N0_I4                  ; GLOBAL_CLOCK                                                                    ;
;   2.869  ;   0.182  ;    ; RE   ; 29     ; SPINE_CLOCK_X75_Y30_N0_I20                 ; SPINE_CLOCK                                                                     ;
;   3.329  ;   0.460  ;    ; RE   ; 1      ; SCLK_TO_ROWCLK_BUF_X75_Y57_N0_I121         ; SCLK_TO_ROWCLK_BUF                                                              ;
;   3.418  ;   0.089  ;    ; RE   ; 2      ; SCLK_TO_ROWCLK_BUF_X75_Y57_N0_I124         ; SCLK_TO_ROWCLK_BUF                                                              ;
;   3.856  ;   0.438  ;    ; RE   ; 13     ; LAB_CLK_X76_Y57_N0_I5                      ; LAB_CLK                                                                         ;
;   4.002  ;   0.146  ;    ; RE   ; 1      ; BLK_CLK_BUF_X83_Y57_N0_I5                  ; BLK_CLK_BUF                                                                     ;
;   4.058  ;   0.056  ;    ; RE   ; 1      ; ROWCLKSEL_PREBUF_X83_Y57_N0_I5             ; ROWCLKSEL_PREBUF                                                                ;
;   4.097  ;   0.039  ;    ; RE   ; 1      ; ROWCLKSEL_X83_Y57_N0_I1                    ; ROWCLKSEL                                                                       ;
;   4.097  ;   0.000  ;    ; RE   ; 2      ; GLOBAL_LOCAL_SEL_X83_Y57_N0_I1             ; GLOBAL_LOCAL_SEL                                                                ;
;   4.097  ;   0.000  ;    ; RE   ; 3      ; LAB_INPUT_X83_Y57_N0_I0                    ; LAB_INPUT                                                                       ;
;   4.096  ;   -0.001 ; RR ; IC   ; 1      ; FF_X83_Y57_N29                             ; u_reset|core_rst_n|clk                                                          ;
;   4.624  ;   0.528  ; RR ; CELL ; 1      ; FF_X83_Y57_N29                             ; reset_release:u_reset|core_rst_n                                                ;
; 10.445   ; 5.821    ;    ;      ;        ;                                            ; data path                                                                       ;
;   4.624  ;   0.000  ;    ; uTco ; 1      ; FF_X83_Y57_N29                             ; reset_release:u_reset|core_rst_n                                                ;
;   4.624  ;   0.000  ; FF ; CELL ; 3143   ; FF_X83_Y57_N29                             ; u_reset|core_rst_n|q                                                            ;
;   4.685  ;   0.061  ;    ; RE   ; 1      ; FF_X83_Y57_N29                             ; ARRIAV_FF                                                                       ;
;   4.765  ;   0.080  ;    ; RE   ; 4      ; LE_BUFFER_X83_Y57_N0_I19                   ; LE_BUFFER                                                                       ;
;   4.969  ;   0.204  ;    ; RE   ; 1      ; R6_X77_Y57_N0_I29                          ; H_SEG6                                                                          ;
;   4.969  ;   0.000  ;    ; RE   ; 1      ; R14_C12_INTERCONNECT_DRIVER_X82_Y57_N0_I3  ; WIRE_MUX                                                                        ;
;   5.363  ;   0.394  ;    ; RE   ; 9      ; C12_X82_Y58_N0_I0                          ; V_SEG12                                                                         ;
;   5.363  ;   0.000  ;    ; RE   ; 1      ; R14_C12_INTERCONNECT_DRIVER_X82_Y66_N0_I0  ; WIRE_MUX                                                                        ;
;   5.772  ;   0.409  ;    ; RE   ; 1      ; C12_X82_Y67_N0_I0                          ; V_SEG12                                                                         ;
;   5.772  ;   0.000  ;    ; RE   ; 2      ; R14_C12_INTERCONNECT_DRIVER_X82_Y76_N0_I1  ; WIRE_MUX                                                                        ;
;   6.182  ;   0.410  ;    ; RE   ; 3      ; C12_X82_Y77_N0_I0                          ; V_SEG12                                                                         ;
;   6.182  ;   0.000  ;    ; RE   ; 1      ; R14_C12_INTERCONNECT_DRIVER_X82_Y85_N0_I0  ; WIRE_MUX                                                                        ;
;   6.527  ;   0.345  ;    ; RE   ; 1      ; R14_X69_Y85_N0_I1                          ; H_SEG14                                                                         ;
;   6.527  ;   0.000  ;    ; RE   ; 1      ; R14_C12_INTERCONNECT_DRIVER_X68_Y85_N0_I2  ; WIRE_MUX                                                                        ;
;   6.847  ;   0.320  ;    ; RE   ; 6      ; R14_X55_Y85_N0_I1                          ; H_SEG14                                                                         ;
;   6.847  ;   0.000  ;    ; RE   ; 1      ; R14_C12_INTERCONNECT_DRIVER_X57_Y85_N0_I2  ; WIRE_MUX                                                                        ;
;   7.149  ;   0.302  ;    ; RE   ; 1      ; R14_X44_Y85_N0_I1                          ; H_SEG14                                                                         ;
;   7.149  ;   0.000  ;    ; RE   ; 2      ; R14_C12_INTERCONNECT_DRIVER_X43_Y85_N0_I0  ; WIRE_MUX                                                                        ;
;   7.409  ;   0.260  ;    ; RE   ; 3      ; R14_X30_Y85_N0_I1                          ; H_SEG14                                                                         ;
;   7.409  ;   0.000  ;    ; RE   ; 3      ; R14_C12_INTERCONNECT_DRIVER_X29_Y85_N0_I0  ; WIRE_MUX                                                                        ;
;   7.753  ;   0.344  ;    ; RE   ; 2      ; C12_X29_Y73_N0_I1                          ; V_SEG12                                                                         ;
;   7.753  ;   0.000  ;    ; RE   ; 1      ; R14_C12_INTERCONNECT_DRIVER_X29_Y76_N0_I1  ; WIRE_MUX                                                                        ;
;   8.084  ;   0.331  ;    ; RE   ; 2      ; R14_X16_Y76_N0_I1                          ; H_SEG14                                                                         ;
;   8.363  ;   0.279  ;    ; RE   ; 2      ; C2_X15_Y74_N0_I11                          ; V_SEG2                                                                          ;
;   8.586  ;   0.223  ;    ; RE   ; 1      ; R3_X13_Y74_N0_I17                          ; H_SEG3                                                                          ;
;   8.947  ;   0.361  ;    ; RE   ; 1      ; C4_X15_Y70_N0_I8                           ; V_SEG4                                                                          ;
;   9.462  ;   0.515  ;    ; RE   ; 2      ; R6_X10_Y70_N0_I29                          ; H_SEG6                                                                          ;
;   9.739  ;   0.277  ;    ; RE   ; 1      ; LOCAL_INTERCONNECT_X11_Y70_N0_I44          ; LAB_LINE                                                                        ;
;   9.871  ;   0.132  ;    ; RE   ; 1      ; BLOCK_INPUT_MUX_PASSTHROUGH_X11_Y70_N0_I83 ; LEIM                                                                            ;
;   9.871  ;   0.000  ;    ; RE   ; 1      ; GLOBAL_LOCAL_SEL_X11_Y70_N0_I2             ; GLOBAL_LOCAL_SEL                                                                ;
;   9.871  ;   0.000  ;    ; RE   ; 11     ; LAB_INPUT_X11_Y70_N0_I3                    ; LAB_INPUT                                                                       ;
;   9.871  ;   0.000  ; FF ; IC   ; 1      ; FF_X11_Y70_N26                             ; u_cache|g_bank[11].u_storage|g_ip.read_enable_q|clrn                            ;
;   10.445 ;   0.574  ; FF ; CELL ; 1      ; FF_X11_Y70_N26                             ; llm_bank_ram:u_cache|pipelined_word_ram:g_bank[11].u_storage|g_ip.read_enable_q ;
+----------+----------+----+------+--------+--------------------------------------------+---------------------------------------------------------------------------------+

+-----------------------------------------------------------------------------------------------------------------------------------------------------------------+
; Data Required Path                                                                                                                                              ;
+----------+---------+----+------+--------+-------------------------------------+---------------------------------------------------------------------------------+
; Total    ; Incr    ; RF ; Type ; Fanout ; Location                            ; Element                                                                         ;
+----------+---------+----+------+--------+-------------------------------------+---------------------------------------------------------------------------------+
; 10.000   ; 10.000  ;    ;      ;        ;                                     ; latch edge time                                                                 ;
; 14.451   ; 4.451   ;    ;      ;        ;                                     ; clock path                                                                      ;
;   10.000 ;   0.000 ;    ;      ;        ;                                     ; source latency                                                                  ;
;   10.000 ;   0.000 ;    ;      ; 1      ; PIN_AC18                            ; clk                                                                             ;
;   10.000 ;   0.000 ;    ; RE   ; 1      ; IOPAD_X54_Y0_N0                     ; ARRIAV_IO_PAD                                                                   ;
;   10.000 ;   0.000 ;    ; RE   ; 1      ; IO_PAD_OUTPUT_X54_Y0_N0_I1          ; IO_PAD_OUTPUT                                                                   ;
;   10.000 ;   0.000 ;    ; RE   ; 1      ; IO_INPUT_BUFFER_INPUT_X54_Y0_N1_I0  ; IO_INPUT_BUFFER_INPUT                                                           ;
;   10.000 ;   0.000 ; RR ; IC   ; 1      ; IOIBUF_X54_Y0_N1                    ; clk~input|i                                                                     ;
;   10.917 ;   0.917 ; RR ; CELL ; 1      ; IOIBUF_X54_Y0_N1                    ; clk~input|o                                                                     ;
;   10.917 ;   0.000 ;    ; RE   ; 1      ; IOIBUF_X54_Y0_N1                    ; ARRIAV_IO_IBUF                                                                  ;
;   10.917 ;   0.000 ;    ; RE   ; 1      ; IO_INPUT_BUFFER_OUTPUT_X54_Y0_N1_I2 ; IO_INPUT_BUFFER_OUTPUT                                                          ;
;   10.917 ;   0.000 ;    ; RE   ; 1      ; IO_RE_X54_Y0_N0_I96                 ; IO_RE                                                                           ;
;   11.095 ;   0.178 ;    ; RE   ; 1      ; IO_RE_X54_Y0_N0_I66                 ; IO_RE                                                                           ;
;   11.095 ;   0.000 ;    ; RE   ; 1      ; CLKBUF_CLUSTER_RE_X58_Y0_N0_I1614   ; CLKBUF_CLUSTER_RE                                                               ;
;   11.095 ;   0.000 ;    ; RE   ; 1      ; CLKBUF_CLUSTER_RE_X58_Y0_N0_I488    ; CLKBUF_CLUSTER_RE                                                               ;
;   11.095 ;   0.000 ;    ; RE   ; 1      ; GCLK_CLUSTER_RE_X58_Y0_N0_I10       ; GCLK_CLUSTER_RE                                                                 ;
;   11.095 ;   0.000 ;    ; RE   ; 1      ; CLKBUFBLOCK_INPUT_X58_Y0_N1_I0      ; CLKBUFBLOCK_INPUT                                                               ;
;   11.095 ;   0.000 ; RR ; IC   ; 1      ; CLKCTRL_G4                          ; clk~inputCLKENA0|inclk                                                          ;
;   11.407 ;   0.312 ; RR ; CELL ; 49420  ; CLKCTRL_G4                          ; clk~inputCLKENA0|outclk                                                         ;
;   11.407 ;   0.000 ;    ; RE   ; 1      ; CLKCTRL_G4                          ; ARRIAV_CLKBUF                                                                   ;
;   11.407 ;   0.000 ;    ; RE   ; 1      ; CLKBUFBLOCK_OUTPUT_X58_Y0_N1_I2     ; CLKBUFBLOCK_OUTPUT                                                              ;
;   11.407 ;   0.000 ;    ; RE   ; 1      ; GCLK_CLUSTER_RE_X58_Y0_N0_I12       ; GCLK_CLUSTER_RE                                                                 ;
;   11.407 ;   0.000 ;    ; RE   ; 1      ; CLKBUF_CLUSTER_RE_X58_Y0_N0_I415    ; CLKBUF_CLUSTER_RE                                                               ;
;   12.397 ;   0.990 ;    ; RE   ; 16     ; GLOBAL_CLOCK_X0_Y58_N0_I4           ; GLOBAL_CLOCK                                                                    ;
;   12.581 ;   0.184 ;    ; RE   ; 29     ; SPINE_CLOCK_X15_Y59_N0_I20          ; SPINE_CLOCK                                                                     ;
;   13.024 ;   0.443 ;    ; RE   ; 1      ; SCLK_TO_ROWCLK_BUF_X15_Y70_N0_I120  ; SCLK_TO_ROWCLK_BUF                                                              ;
;   13.109 ;   0.085 ;    ; RE   ; 2      ; SCLK_TO_ROWCLK_BUF_X15_Y70_N0_I123  ; SCLK_TO_ROWCLK_BUF                                                              ;
;   13.529 ;   0.420 ;    ; RE   ; 4      ; LAB_CLK_X0_Y70_N0_I2                ; LAB_CLK                                                                         ;
;   13.662 ;   0.133 ;    ; RE   ; 1      ; BLK_CLK_BUF_X11_Y70_N0_I2           ; BLK_CLK_BUF                                                                     ;
;   13.716 ;   0.054 ;    ; RE   ; 1      ; ROWCLKSEL_PREBUF_X11_Y70_N0_I2      ; ROWCLKSEL_PREBUF                                                                ;
;   13.751 ;   0.035 ;    ; RE   ; 1      ; ROWCLKSEL_X11_Y70_N0_I1             ; ROWCLKSEL                                                                       ;
;   13.751 ;   0.000 ;    ; RE   ; 1      ; GLOBAL_LOCAL_SEL_X11_Y70_N0_I1      ; GLOBAL_LOCAL_SEL                                                                ;
;   13.751 ;   0.000 ;    ; RE   ; 12     ; LAB_INPUT_X11_Y70_N0_I0             ; LAB_INPUT                                                                       ;
;   13.752 ;   0.001 ; RR ; IC   ; 1      ; FF_X11_Y70_N26                      ; u_cache|g_bank[11].u_storage|g_ip.read_enable_q|clk                             ;
;   14.203 ;   0.451 ; RR ; CELL ; 1      ; FF_X11_Y70_N26                      ; llm_bank_ram:u_cache|pipelined_word_ram:g_bank[11].u_storage|g_ip.read_enable_q ;
;   14.451 ;   0.248 ;    ;      ;        ;                                     ; clock pessimism removed                                                         ;
; 14.351   ; -0.100  ;    ;      ;        ;                                     ; clock uncertainty                                                               ;
; 14.351   ; 0.000   ;    ; uTsu ; 1      ; FF_X11_Y70_N26                      ; llm_bank_ram:u_cache|pipelined_word_ram:g_bank[11].u_storage|g_ip.read_enable_q ;
+----------+---------+----+------+--------+-------------------------------------+---------------------------------------------------------------------------------+

----------------------------
; Extra Fitter Information ;
----------------------------
HTML report is unavailable in plain text report export.


Path #24: Recovery slack is 3.906 
===============================================================================
+---------------------------------------------------------------------------------------------------+
; Path Summary                                                                                      ;
+--------------------+------------------------------------------------------------------------------+
; Property           ; Value                                                                        ;
+--------------------+------------------------------------------------------------------------------+
; From Node          ; reset_release:u_reset|core_rst_n                                             ;
; To Node            ; llm_bank_ram:u_cache|pipelined_word_ram:g_bank[11].u_storage|read_valid_q[1] ;
; Launch Clock       ; clk                                                                          ;
; Latch Clock        ; clk                                                                          ;
; Data Arrival Time  ; 10.445                                                                       ;
; Data Required Time ; 14.351                                                                       ;
; Slack              ; 3.906                                                                        ;
+--------------------+------------------------------------------------------------------------------+

+-------------------------------------------------------------------------------------+
; Statistics                                                                          ;
+------------------------+--------+-------+-------------+------------+--------+-------+
; Property               ; Value  ; Count ; Total Delay ; % of Total ; Min    ; Max   ;
+------------------------+--------+-------+-------------+------------+--------+-------+
; Recovery Relationship  ; 10.000 ;       ;             ;            ;        ;       ;
; Clock Skew             ; -0.173 ;       ;             ;            ;        ;       ;
; Data Delay             ; 5.821  ;       ;             ;            ;        ;       ;
; Number of Logic Levels ;        ; 0     ;             ;            ;        ;       ;
; Physical Delays        ;        ;       ;             ;            ;        ;       ;
;  Arrival Path          ;        ;       ;             ;            ;        ;       ;
;   Clock                ;        ;       ;             ;            ;        ;       ;
;    IC                  ;        ; 3     ; -0.001      ; 0          ; -0.001 ; 0.000 ;
;    Cell                ;        ; 3     ; 1.780       ; 38         ; 0.335  ; 0.917 ;
;    Routing Element     ;        ; 25    ; 2.845       ; 62         ; 0.000  ; 1.032 ;
;   Data                 ;        ;       ;             ;            ;        ;       ;
;    IC                  ;        ; 1     ; 0.000       ; 0          ; 0.000  ; 0.000 ;
;    Cell                ;        ; 2     ; 0.574       ; 10         ; 0.000  ; 0.574 ;
;    uTco                ;        ; 1     ; 0.000       ; 0          ; 0.000  ; 0.000 ;
;    Routing Element     ;        ; 29    ; 5.247       ; 90         ; 0.000  ; 0.515 ;
;  Required Path         ;        ;       ;             ;            ;        ;       ;
;   Clock                ;        ;       ;             ;            ;        ;       ;
;    IC                  ;        ; 3     ; 0.001       ; 0          ; 0.000  ; 0.001 ;
;    Cell                ;        ; 3     ; 1.680       ; 40         ; 0.312  ; 0.917 ;
;    Routing Element     ;        ; 25    ; 2.522       ; 60         ; 0.000  ; 0.990 ;
+------------------------+--------+-------+-------------+------------+--------+-------+
Note: Negative delays are omitted from totals when calculating percentages

+----------------------------------------------------------------------------------------------------------------------------------------------------------------------+
; Data Arrival Path                                                                                                                                                    ;
+----------+----------+----+------+--------+--------------------------------------------+------------------------------------------------------------------------------+
; Total    ; Incr     ; RF ; Type ; Fanout ; Location                                   ; Element                                                                      ;
+----------+----------+----+------+--------+--------------------------------------------+------------------------------------------------------------------------------+
; 0.000    ; 0.000    ;    ;      ;        ;                                            ; launch edge time                                                             ;
; 4.624    ; 4.624    ;    ;      ;        ;                                            ; clock path                                                                   ;
;   0.000  ;   0.000  ;    ;      ;        ;                                            ; source latency                                                               ;
;   0.000  ;   0.000  ;    ;      ; 1      ; PIN_AC18                                   ; clk                                                                          ;
;   0.000  ;   0.000  ;    ; RE   ; 1      ; IOPAD_X54_Y0_N0                            ; ARRIAV_IO_PAD                                                                ;
;   0.000  ;   0.000  ;    ; RE   ; 1      ; IO_PAD_OUTPUT_X54_Y0_N0_I1                 ; IO_PAD_OUTPUT                                                                ;
;   0.000  ;   0.000  ;    ; RE   ; 1      ; IO_INPUT_BUFFER_INPUT_X54_Y0_N1_I0         ; IO_INPUT_BUFFER_INPUT                                                        ;
;   0.000  ;   0.000  ; RR ; IC   ; 1      ; IOIBUF_X54_Y0_N1                           ; clk~input|i                                                                  ;
;   0.917  ;   0.917  ; RR ; CELL ; 1      ; IOIBUF_X54_Y0_N1                           ; clk~input|o                                                                  ;
;   0.917  ;   0.000  ;    ; RE   ; 1      ; IOIBUF_X54_Y0_N1                           ; ARRIAV_IO_IBUF                                                               ;
;   0.917  ;   0.000  ;    ; RE   ; 1      ; IO_INPUT_BUFFER_OUTPUT_X54_Y0_N1_I2        ; IO_INPUT_BUFFER_OUTPUT                                                       ;
;   0.917  ;   0.000  ;    ; RE   ; 1      ; IO_RE_X54_Y0_N0_I96                        ; IO_RE                                                                        ;
;   1.133  ;   0.216  ;    ; RE   ; 1      ; IO_RE_X54_Y0_N0_I66                        ; IO_RE                                                                        ;
;   1.320  ;   0.187  ;    ; RE   ; 1      ; CLKBUF_CLUSTER_RE_X58_Y0_N0_I1614          ; CLKBUF_CLUSTER_RE                                                            ;
;   1.320  ;   0.000  ;    ; RE   ; 1      ; CLKBUF_CLUSTER_RE_X58_Y0_N0_I488           ; CLKBUF_CLUSTER_RE                                                            ;
;   1.320  ;   0.000  ;    ; RE   ; 1      ; GCLK_CLUSTER_RE_X58_Y0_N0_I10              ; GCLK_CLUSTER_RE                                                              ;
;   1.320  ;   0.000  ;    ; RE   ; 1      ; CLKBUFBLOCK_INPUT_X58_Y0_N1_I0             ; CLKBUFBLOCK_INPUT                                                            ;
;   1.320  ;   0.000  ; RR ; IC   ; 1      ; CLKCTRL_G4                                 ; clk~inputCLKENA0|inclk                                                       ;
;   1.655  ;   0.335  ; RR ; CELL ; 49420  ; CLKCTRL_G4                                 ; clk~inputCLKENA0|outclk                                                      ;
;   1.655  ;   0.000  ;    ; RE   ; 1      ; CLKCTRL_G4                                 ; ARRIAV_CLKBUF                                                                ;
;   1.655  ;   0.000  ;    ; RE   ; 1      ; CLKBUFBLOCK_OUTPUT_X58_Y0_N1_I2            ; CLKBUFBLOCK_OUTPUT                                                           ;
;   1.655  ;   0.000  ;    ; RE   ; 1      ; GCLK_CLUSTER_RE_X58_Y0_N0_I12              ; GCLK_CLUSTER_RE                                                              ;
;   1.655  ;   0.000  ;    ; RE   ; 1      ; CLKBUF_CLUSTER_RE_X58_Y0_N0_I415           ; CLKBUF_CLUSTER_RE                                                            ;
;   2.687  ;   1.032  ;    ; RE   ; 16     ; GLOBAL_CLOCK_X0_Y58_N0_I4                  ; GLOBAL_CLOCK                                                                 ;
;   2.869  ;   0.182  ;    ; RE   ; 29     ; SPINE_CLOCK_X75_Y30_N0_I20                 ; SPINE_CLOCK                                                                  ;
;   3.329  ;   0.460  ;    ; RE   ; 1      ; SCLK_TO_ROWCLK_BUF_X75_Y57_N0_I121         ; SCLK_TO_ROWCLK_BUF                                                           ;
;   3.418  ;   0.089  ;    ; RE   ; 2      ; SCLK_TO_ROWCLK_BUF_X75_Y57_N0_I124         ; SCLK_TO_ROWCLK_BUF                                                           ;
;   3.856  ;   0.438  ;    ; RE   ; 13     ; LAB_CLK_X76_Y57_N0_I5                      ; LAB_CLK                                                                      ;
;   4.002  ;   0.146  ;    ; RE   ; 1      ; BLK_CLK_BUF_X83_Y57_N0_I5                  ; BLK_CLK_BUF                                                                  ;
;   4.058  ;   0.056  ;    ; RE   ; 1      ; ROWCLKSEL_PREBUF_X83_Y57_N0_I5             ; ROWCLKSEL_PREBUF                                                             ;
;   4.097  ;   0.039  ;    ; RE   ; 1      ; ROWCLKSEL_X83_Y57_N0_I1                    ; ROWCLKSEL                                                                    ;
;   4.097  ;   0.000  ;    ; RE   ; 2      ; GLOBAL_LOCAL_SEL_X83_Y57_N0_I1             ; GLOBAL_LOCAL_SEL                                                             ;
;   4.097  ;   0.000  ;    ; RE   ; 3      ; LAB_INPUT_X83_Y57_N0_I0                    ; LAB_INPUT                                                                    ;
;   4.096  ;   -0.001 ; RR ; IC   ; 1      ; FF_X83_Y57_N29                             ; u_reset|core_rst_n|clk                                                       ;
;   4.624  ;   0.528  ; RR ; CELL ; 1      ; FF_X83_Y57_N29                             ; reset_release:u_reset|core_rst_n                                             ;
; 10.445   ; 5.821    ;    ;      ;        ;                                            ; data path                                                                    ;
;   4.624  ;   0.000  ;    ; uTco ; 1      ; FF_X83_Y57_N29                             ; reset_release:u_reset|core_rst_n                                             ;
;   4.624  ;   0.000  ; FF ; CELL ; 3143   ; FF_X83_Y57_N29                             ; u_reset|core_rst_n|q                                                         ;
;   4.685  ;   0.061  ;    ; RE   ; 1      ; FF_X83_Y57_N29                             ; ARRIAV_FF                                                                    ;
;   4.765  ;   0.080  ;    ; RE   ; 4      ; LE_BUFFER_X83_Y57_N0_I19                   ; LE_BUFFER                                                                    ;
;   4.969  ;   0.204  ;    ; RE   ; 1      ; R6_X77_Y57_N0_I29                          ; H_SEG6                                                                       ;
;   4.969  ;   0.000  ;    ; RE   ; 1      ; R14_C12_INTERCONNECT_DRIVER_X82_Y57_N0_I3  ; WIRE_MUX                                                                     ;
;   5.363  ;   0.394  ;    ; RE   ; 9      ; C12_X82_Y58_N0_I0                          ; V_SEG12                                                                      ;
;   5.363  ;   0.000  ;    ; RE   ; 1      ; R14_C12_INTERCONNECT_DRIVER_X82_Y66_N0_I0  ; WIRE_MUX                                                                     ;
;   5.772  ;   0.409  ;    ; RE   ; 1      ; C12_X82_Y67_N0_I0                          ; V_SEG12                                                                      ;
;   5.772  ;   0.000  ;    ; RE   ; 2      ; R14_C12_INTERCONNECT_DRIVER_X82_Y76_N0_I1  ; WIRE_MUX                                                                     ;
;   6.182  ;   0.410  ;    ; RE   ; 3      ; C12_X82_Y77_N0_I0                          ; V_SEG12                                                                      ;
;   6.182  ;   0.000  ;    ; RE   ; 1      ; R14_C12_INTERCONNECT_DRIVER_X82_Y85_N0_I0  ; WIRE_MUX                                                                     ;
;   6.527  ;   0.345  ;    ; RE   ; 1      ; R14_X69_Y85_N0_I1                          ; H_SEG14                                                                      ;
;   6.527  ;   0.000  ;    ; RE   ; 1      ; R14_C12_INTERCONNECT_DRIVER_X68_Y85_N0_I2  ; WIRE_MUX                                                                     ;
;   6.847  ;   0.320  ;    ; RE   ; 6      ; R14_X55_Y85_N0_I1                          ; H_SEG14                                                                      ;
;   6.847  ;   0.000  ;    ; RE   ; 1      ; R14_C12_INTERCONNECT_DRIVER_X57_Y85_N0_I2  ; WIRE_MUX                                                                     ;
;   7.149  ;   0.302  ;    ; RE   ; 1      ; R14_X44_Y85_N0_I1                          ; H_SEG14                                                                      ;
;   7.149  ;   0.000  ;    ; RE   ; 2      ; R14_C12_INTERCONNECT_DRIVER_X43_Y85_N0_I0  ; WIRE_MUX                                                                     ;
;   7.409  ;   0.260  ;    ; RE   ; 3      ; R14_X30_Y85_N0_I1                          ; H_SEG14                                                                      ;
;   7.409  ;   0.000  ;    ; RE   ; 3      ; R14_C12_INTERCONNECT_DRIVER_X29_Y85_N0_I0  ; WIRE_MUX                                                                     ;
;   7.753  ;   0.344  ;    ; RE   ; 2      ; C12_X29_Y73_N0_I1                          ; V_SEG12                                                                      ;
;   7.753  ;   0.000  ;    ; RE   ; 1      ; R14_C12_INTERCONNECT_DRIVER_X29_Y76_N0_I1  ; WIRE_MUX                                                                     ;
;   8.084  ;   0.331  ;    ; RE   ; 2      ; R14_X16_Y76_N0_I1                          ; H_SEG14                                                                      ;
;   8.363  ;   0.279  ;    ; RE   ; 2      ; C2_X15_Y74_N0_I11                          ; V_SEG2                                                                       ;
;   8.586  ;   0.223  ;    ; RE   ; 1      ; R3_X13_Y74_N0_I17                          ; H_SEG3                                                                       ;
;   8.947  ;   0.361  ;    ; RE   ; 1      ; C4_X15_Y70_N0_I8                           ; V_SEG4                                                                       ;
;   9.462  ;   0.515  ;    ; RE   ; 2      ; R6_X10_Y70_N0_I29                          ; H_SEG6                                                                       ;
;   9.739  ;   0.277  ;    ; RE   ; 1      ; LOCAL_INTERCONNECT_X11_Y70_N0_I44          ; LAB_LINE                                                                     ;
;   9.871  ;   0.132  ;    ; RE   ; 1      ; BLOCK_INPUT_MUX_PASSTHROUGH_X11_Y70_N0_I83 ; LEIM                                                                         ;
;   9.871  ;   0.000  ;    ; RE   ; 1      ; GLOBAL_LOCAL_SEL_X11_Y70_N0_I2             ; GLOBAL_LOCAL_SEL                                                             ;
;   9.871  ;   0.000  ;    ; RE   ; 11     ; LAB_INPUT_X11_Y70_N0_I3                    ; LAB_INPUT                                                                    ;
;   9.871  ;   0.000  ; FF ; IC   ; 1      ; FF_X11_Y70_N50                             ; u_cache|g_bank[11].u_storage|read_valid_q[1]|clrn                            ;
;   10.445 ;   0.574  ; FF ; CELL ; 1      ; FF_X11_Y70_N50                             ; llm_bank_ram:u_cache|pipelined_word_ram:g_bank[11].u_storage|read_valid_q[1] ;
+----------+----------+----+------+--------+--------------------------------------------+------------------------------------------------------------------------------+

+--------------------------------------------------------------------------------------------------------------------------------------------------------------+
; Data Required Path                                                                                                                                           ;
+----------+---------+----+------+--------+-------------------------------------+------------------------------------------------------------------------------+
; Total    ; Incr    ; RF ; Type ; Fanout ; Location                            ; Element                                                                      ;
+----------+---------+----+------+--------+-------------------------------------+------------------------------------------------------------------------------+
; 10.000   ; 10.000  ;    ;      ;        ;                                     ; latch edge time                                                              ;
; 14.451   ; 4.451   ;    ;      ;        ;                                     ; clock path                                                                   ;
;   10.000 ;   0.000 ;    ;      ;        ;                                     ; source latency                                                               ;
;   10.000 ;   0.000 ;    ;      ; 1      ; PIN_AC18                            ; clk                                                                          ;
;   10.000 ;   0.000 ;    ; RE   ; 1      ; IOPAD_X54_Y0_N0                     ; ARRIAV_IO_PAD                                                                ;
;   10.000 ;   0.000 ;    ; RE   ; 1      ; IO_PAD_OUTPUT_X54_Y0_N0_I1          ; IO_PAD_OUTPUT                                                                ;
;   10.000 ;   0.000 ;    ; RE   ; 1      ; IO_INPUT_BUFFER_INPUT_X54_Y0_N1_I0  ; IO_INPUT_BUFFER_INPUT                                                        ;
;   10.000 ;   0.000 ; RR ; IC   ; 1      ; IOIBUF_X54_Y0_N1                    ; clk~input|i                                                                  ;
;   10.917 ;   0.917 ; RR ; CELL ; 1      ; IOIBUF_X54_Y0_N1                    ; clk~input|o                                                                  ;
;   10.917 ;   0.000 ;    ; RE   ; 1      ; IOIBUF_X54_Y0_N1                    ; ARRIAV_IO_IBUF                                                               ;
;   10.917 ;   0.000 ;    ; RE   ; 1      ; IO_INPUT_BUFFER_OUTPUT_X54_Y0_N1_I2 ; IO_INPUT_BUFFER_OUTPUT                                                       ;
;   10.917 ;   0.000 ;    ; RE   ; 1      ; IO_RE_X54_Y0_N0_I96                 ; IO_RE                                                                        ;
;   11.095 ;   0.178 ;    ; RE   ; 1      ; IO_RE_X54_Y0_N0_I66                 ; IO_RE                                                                        ;
;   11.095 ;   0.000 ;    ; RE   ; 1      ; CLKBUF_CLUSTER_RE_X58_Y0_N0_I1614   ; CLKBUF_CLUSTER_RE                                                            ;
;   11.095 ;   0.000 ;    ; RE   ; 1      ; CLKBUF_CLUSTER_RE_X58_Y0_N0_I488    ; CLKBUF_CLUSTER_RE                                                            ;
;   11.095 ;   0.000 ;    ; RE   ; 1      ; GCLK_CLUSTER_RE_X58_Y0_N0_I10       ; GCLK_CLUSTER_RE                                                              ;
;   11.095 ;   0.000 ;    ; RE   ; 1      ; CLKBUFBLOCK_INPUT_X58_Y0_N1_I0      ; CLKBUFBLOCK_INPUT                                                            ;
;   11.095 ;   0.000 ; RR ; IC   ; 1      ; CLKCTRL_G4                          ; clk~inputCLKENA0|inclk                                                       ;
;   11.407 ;   0.312 ; RR ; CELL ; 49420  ; CLKCTRL_G4                          ; clk~inputCLKENA0|outclk                                                      ;
;   11.407 ;   0.000 ;    ; RE   ; 1      ; CLKCTRL_G4                          ; ARRIAV_CLKBUF                                                                ;
;   11.407 ;   0.000 ;    ; RE   ; 1      ; CLKBUFBLOCK_OUTPUT_X58_Y0_N1_I2     ; CLKBUFBLOCK_OUTPUT                                                           ;
;   11.407 ;   0.000 ;    ; RE   ; 1      ; GCLK_CLUSTER_RE_X58_Y0_N0_I12       ; GCLK_CLUSTER_RE                                                              ;
;   11.407 ;   0.000 ;    ; RE   ; 1      ; CLKBUF_CLUSTER_RE_X58_Y0_N0_I415    ; CLKBUF_CLUSTER_RE                                                            ;
;   12.397 ;   0.990 ;    ; RE   ; 16     ; GLOBAL_CLOCK_X0_Y58_N0_I4           ; GLOBAL_CLOCK                                                                 ;
;   12.581 ;   0.184 ;    ; RE   ; 29     ; SPINE_CLOCK_X15_Y59_N0_I20          ; SPINE_CLOCK                                                                  ;
;   13.024 ;   0.443 ;    ; RE   ; 1      ; SCLK_TO_ROWCLK_BUF_X15_Y70_N0_I120  ; SCLK_TO_ROWCLK_BUF                                                           ;
;   13.109 ;   0.085 ;    ; RE   ; 2      ; SCLK_TO_ROWCLK_BUF_X15_Y70_N0_I123  ; SCLK_TO_ROWCLK_BUF                                                           ;
;   13.529 ;   0.420 ;    ; RE   ; 4      ; LAB_CLK_X0_Y70_N0_I2                ; LAB_CLK                                                                      ;
;   13.662 ;   0.133 ;    ; RE   ; 1      ; BLK_CLK_BUF_X11_Y70_N0_I2           ; BLK_CLK_BUF                                                                  ;
;   13.716 ;   0.054 ;    ; RE   ; 1      ; ROWCLKSEL_PREBUF_X11_Y70_N0_I2      ; ROWCLKSEL_PREBUF                                                             ;
;   13.751 ;   0.035 ;    ; RE   ; 1      ; ROWCLKSEL_X11_Y70_N0_I1             ; ROWCLKSEL                                                                    ;
;   13.751 ;   0.000 ;    ; RE   ; 1      ; GLOBAL_LOCAL_SEL_X11_Y70_N0_I1      ; GLOBAL_LOCAL_SEL                                                             ;
;   13.751 ;   0.000 ;    ; RE   ; 12     ; LAB_INPUT_X11_Y70_N0_I0             ; LAB_INPUT                                                                    ;
;   13.752 ;   0.001 ; RR ; IC   ; 1      ; FF_X11_Y70_N50                      ; u_cache|g_bank[11].u_storage|read_valid_q[1]|clk                             ;
;   14.203 ;   0.451 ; RR ; CELL ; 1      ; FF_X11_Y70_N50                      ; llm_bank_ram:u_cache|pipelined_word_ram:g_bank[11].u_storage|read_valid_q[1] ;
;   14.451 ;   0.248 ;    ;      ;        ;                                     ; clock pessimism removed                                                      ;
; 14.351   ; -0.100  ;    ;      ;        ;                                     ; clock uncertainty                                                            ;
; 14.351   ; 0.000   ;    ; uTsu ; 1      ; FF_X11_Y70_N50                      ; llm_bank_ram:u_cache|pipelined_word_ram:g_bank[11].u_storage|read_valid_q[1] ;
+----------+---------+----+------+--------+-------------------------------------+------------------------------------------------------------------------------+

----------------------------
; Extra Fitter Information ;
----------------------------
HTML report is unavailable in plain text report export.


Path #25: Recovery slack is 3.912 
===============================================================================
+-------------------------------------------------------------------+
; Path Summary                                                      ;
+--------------------+----------------------------------------------+
; Property           ; Value                                        ;
+--------------------+----------------------------------------------+
; From Node          ; reset_release:u_reset|core_rst_n             ;
; To Node            ; llm_bank_ram:u_cache|g_bank[8].read_enable_q ;
; Launch Clock       ; clk                                          ;
; Latch Clock        ; clk                                          ;
; Data Arrival Time  ; 10.445                                       ;
; Data Required Time ; 14.357                                       ;
; Slack              ; 3.912                                        ;
+--------------------+----------------------------------------------+

+-------------------------------------------------------------------------------------+
; Statistics                                                                          ;
+------------------------+--------+-------+-------------+------------+--------+-------+
; Property               ; Value  ; Count ; Total Delay ; % of Total ; Min    ; Max   ;
+------------------------+--------+-------+-------------+------------+--------+-------+
; Recovery Relationship  ; 10.000 ;       ;             ;            ;        ;       ;
; Clock Skew             ; -0.167 ;       ;             ;            ;        ;       ;
; Data Delay             ; 5.821  ;       ;             ;            ;        ;       ;
; Number of Logic Levels ;        ; 0     ;             ;            ;        ;       ;
; Physical Delays        ;        ;       ;             ;            ;        ;       ;
;  Arrival Path          ;        ;       ;             ;            ;        ;       ;
;   Clock                ;        ;       ;             ;            ;        ;       ;
;    IC                  ;        ; 3     ; -0.001      ; 0          ; -0.001 ; 0.000 ;
;    Cell                ;        ; 3     ; 1.780       ; 38         ; 0.335  ; 0.917 ;
;    Routing Element     ;        ; 25    ; 2.845       ; 62         ; 0.000  ; 1.032 ;
;   Data                 ;        ;       ;             ;            ;        ;       ;
;    IC                  ;        ; 1     ; 0.000       ; 0          ; 0.000  ; 0.000 ;
;    Cell                ;        ; 2     ; 0.574       ; 10         ; 0.000  ; 0.574 ;
;    uTco                ;        ; 1     ; 0.000       ; 0          ; 0.000  ; 0.000 ;
;    Routing Element     ;        ; 29    ; 5.247       ; 90         ; 0.000  ; 0.515 ;
;  Required Path         ;        ;       ;             ;            ;        ;       ;
;   Clock                ;        ;       ;             ;            ;        ;       ;
;    IC                  ;        ; 3     ; 0.001       ; 0          ; 0.000  ; 0.001 ;
;    Cell                ;        ; 3     ; 1.686       ; 40         ; 0.312  ; 0.917 ;
;    Routing Element     ;        ; 25    ; 2.522       ; 60         ; 0.000  ; 0.990 ;
+------------------------+--------+-------+-------------+------------+--------+-------+
Note: Negative delays are omitted from totals when calculating percentages

+--------------------------------------------------------------------------------------------------------------------------------------+
; Data Arrival Path                                                                                                                    ;
+----------+----------+----+------+--------+--------------------------------------------+----------------------------------------------+
; Total    ; Incr     ; RF ; Type ; Fanout ; Location                                   ; Element                                      ;
+----------+----------+----+------+--------+--------------------------------------------+----------------------------------------------+
; 0.000    ; 0.000    ;    ;      ;        ;                                            ; launch edge time                             ;
; 4.624    ; 4.624    ;    ;      ;        ;                                            ; clock path                                   ;
;   0.000  ;   0.000  ;    ;      ;        ;                                            ; source latency                               ;
;   0.000  ;   0.000  ;    ;      ; 1      ; PIN_AC18                                   ; clk                                          ;
;   0.000  ;   0.000  ;    ; RE   ; 1      ; IOPAD_X54_Y0_N0                            ; ARRIAV_IO_PAD                                ;
;   0.000  ;   0.000  ;    ; RE   ; 1      ; IO_PAD_OUTPUT_X54_Y0_N0_I1                 ; IO_PAD_OUTPUT                                ;
;   0.000  ;   0.000  ;    ; RE   ; 1      ; IO_INPUT_BUFFER_INPUT_X54_Y0_N1_I0         ; IO_INPUT_BUFFER_INPUT                        ;
;   0.000  ;   0.000  ; RR ; IC   ; 1      ; IOIBUF_X54_Y0_N1                           ; clk~input|i                                  ;
;   0.917  ;   0.917  ; RR ; CELL ; 1      ; IOIBUF_X54_Y0_N1                           ; clk~input|o                                  ;
;   0.917  ;   0.000  ;    ; RE   ; 1      ; IOIBUF_X54_Y0_N1                           ; ARRIAV_IO_IBUF                               ;
;   0.917  ;   0.000  ;    ; RE   ; 1      ; IO_INPUT_BUFFER_OUTPUT_X54_Y0_N1_I2        ; IO_INPUT_BUFFER_OUTPUT                       ;
;   0.917  ;   0.000  ;    ; RE   ; 1      ; IO_RE_X54_Y0_N0_I96                        ; IO_RE                                        ;
;   1.133  ;   0.216  ;    ; RE   ; 1      ; IO_RE_X54_Y0_N0_I66                        ; IO_RE                                        ;
;   1.320  ;   0.187  ;    ; RE   ; 1      ; CLKBUF_CLUSTER_RE_X58_Y0_N0_I1614          ; CLKBUF_CLUSTER_RE                            ;
;   1.320  ;   0.000  ;    ; RE   ; 1      ; CLKBUF_CLUSTER_RE_X58_Y0_N0_I488           ; CLKBUF_CLUSTER_RE                            ;
;   1.320  ;   0.000  ;    ; RE   ; 1      ; GCLK_CLUSTER_RE_X58_Y0_N0_I10              ; GCLK_CLUSTER_RE                              ;
;   1.320  ;   0.000  ;    ; RE   ; 1      ; CLKBUFBLOCK_INPUT_X58_Y0_N1_I0             ; CLKBUFBLOCK_INPUT                            ;
;   1.320  ;   0.000  ; RR ; IC   ; 1      ; CLKCTRL_G4                                 ; clk~inputCLKENA0|inclk                       ;
;   1.655  ;   0.335  ; RR ; CELL ; 49420  ; CLKCTRL_G4                                 ; clk~inputCLKENA0|outclk                      ;
;   1.655  ;   0.000  ;    ; RE   ; 1      ; CLKCTRL_G4                                 ; ARRIAV_CLKBUF                                ;
;   1.655  ;   0.000  ;    ; RE   ; 1      ; CLKBUFBLOCK_OUTPUT_X58_Y0_N1_I2            ; CLKBUFBLOCK_OUTPUT                           ;
;   1.655  ;   0.000  ;    ; RE   ; 1      ; GCLK_CLUSTER_RE_X58_Y0_N0_I12              ; GCLK_CLUSTER_RE                              ;
;   1.655  ;   0.000  ;    ; RE   ; 1      ; CLKBUF_CLUSTER_RE_X58_Y0_N0_I415           ; CLKBUF_CLUSTER_RE                            ;
;   2.687  ;   1.032  ;    ; RE   ; 16     ; GLOBAL_CLOCK_X0_Y58_N0_I4                  ; GLOBAL_CLOCK                                 ;
;   2.869  ;   0.182  ;    ; RE   ; 29     ; SPINE_CLOCK_X75_Y30_N0_I20                 ; SPINE_CLOCK                                  ;
;   3.329  ;   0.460  ;    ; RE   ; 1      ; SCLK_TO_ROWCLK_BUF_X75_Y57_N0_I121         ; SCLK_TO_ROWCLK_BUF                           ;
;   3.418  ;   0.089  ;    ; RE   ; 2      ; SCLK_TO_ROWCLK_BUF_X75_Y57_N0_I124         ; SCLK_TO_ROWCLK_BUF                           ;
;   3.856  ;   0.438  ;    ; RE   ; 13     ; LAB_CLK_X76_Y57_N0_I5                      ; LAB_CLK                                      ;
;   4.002  ;   0.146  ;    ; RE   ; 1      ; BLK_CLK_BUF_X83_Y57_N0_I5                  ; BLK_CLK_BUF                                  ;
;   4.058  ;   0.056  ;    ; RE   ; 1      ; ROWCLKSEL_PREBUF_X83_Y57_N0_I5             ; ROWCLKSEL_PREBUF                             ;
;   4.097  ;   0.039  ;    ; RE   ; 1      ; ROWCLKSEL_X83_Y57_N0_I1                    ; ROWCLKSEL                                    ;
;   4.097  ;   0.000  ;    ; RE   ; 2      ; GLOBAL_LOCAL_SEL_X83_Y57_N0_I1             ; GLOBAL_LOCAL_SEL                             ;
;   4.097  ;   0.000  ;    ; RE   ; 3      ; LAB_INPUT_X83_Y57_N0_I0                    ; LAB_INPUT                                    ;
;   4.096  ;   -0.001 ; RR ; IC   ; 1      ; FF_X83_Y57_N29                             ; u_reset|core_rst_n|clk                       ;
;   4.624  ;   0.528  ; RR ; CELL ; 1      ; FF_X83_Y57_N29                             ; reset_release:u_reset|core_rst_n             ;
; 10.445   ; 5.821    ;    ;      ;        ;                                            ; data path                                    ;
;   4.624  ;   0.000  ;    ; uTco ; 1      ; FF_X83_Y57_N29                             ; reset_release:u_reset|core_rst_n             ;
;   4.624  ;   0.000  ; FF ; CELL ; 3143   ; FF_X83_Y57_N29                             ; u_reset|core_rst_n|q                         ;
;   4.685  ;   0.061  ;    ; RE   ; 1      ; FF_X83_Y57_N29                             ; ARRIAV_FF                                    ;
;   4.765  ;   0.080  ;    ; RE   ; 4      ; LE_BUFFER_X83_Y57_N0_I19                   ; LE_BUFFER                                    ;
;   4.969  ;   0.204  ;    ; RE   ; 1      ; R6_X77_Y57_N0_I29                          ; H_SEG6                                       ;
;   4.969  ;   0.000  ;    ; RE   ; 1      ; R14_C12_INTERCONNECT_DRIVER_X82_Y57_N0_I3  ; WIRE_MUX                                     ;
;   5.363  ;   0.394  ;    ; RE   ; 9      ; C12_X82_Y58_N0_I0                          ; V_SEG12                                      ;
;   5.363  ;   0.000  ;    ; RE   ; 1      ; R14_C12_INTERCONNECT_DRIVER_X82_Y66_N0_I0  ; WIRE_MUX                                     ;
;   5.772  ;   0.409  ;    ; RE   ; 1      ; C12_X82_Y67_N0_I0                          ; V_SEG12                                      ;
;   5.772  ;   0.000  ;    ; RE   ; 2      ; R14_C12_INTERCONNECT_DRIVER_X82_Y76_N0_I1  ; WIRE_MUX                                     ;
;   6.182  ;   0.410  ;    ; RE   ; 3      ; C12_X82_Y77_N0_I0                          ; V_SEG12                                      ;
;   6.182  ;   0.000  ;    ; RE   ; 1      ; R14_C12_INTERCONNECT_DRIVER_X82_Y85_N0_I0  ; WIRE_MUX                                     ;
;   6.527  ;   0.345  ;    ; RE   ; 1      ; R14_X69_Y85_N0_I1                          ; H_SEG14                                      ;
;   6.527  ;   0.000  ;    ; RE   ; 1      ; R14_C12_INTERCONNECT_DRIVER_X68_Y85_N0_I2  ; WIRE_MUX                                     ;
;   6.847  ;   0.320  ;    ; RE   ; 6      ; R14_X55_Y85_N0_I1                          ; H_SEG14                                      ;
;   6.847  ;   0.000  ;    ; RE   ; 1      ; R14_C12_INTERCONNECT_DRIVER_X57_Y85_N0_I2  ; WIRE_MUX                                     ;
;   7.149  ;   0.302  ;    ; RE   ; 1      ; R14_X44_Y85_N0_I1                          ; H_SEG14                                      ;
;   7.149  ;   0.000  ;    ; RE   ; 2      ; R14_C12_INTERCONNECT_DRIVER_X43_Y85_N0_I0  ; WIRE_MUX                                     ;
;   7.409  ;   0.260  ;    ; RE   ; 3      ; R14_X30_Y85_N0_I1                          ; H_SEG14                                      ;
;   7.409  ;   0.000  ;    ; RE   ; 3      ; R14_C12_INTERCONNECT_DRIVER_X29_Y85_N0_I0  ; WIRE_MUX                                     ;
;   7.753  ;   0.344  ;    ; RE   ; 2      ; C12_X29_Y73_N0_I1                          ; V_SEG12                                      ;
;   7.753  ;   0.000  ;    ; RE   ; 1      ; R14_C12_INTERCONNECT_DRIVER_X29_Y76_N0_I1  ; WIRE_MUX                                     ;
;   8.084  ;   0.331  ;    ; RE   ; 2      ; R14_X16_Y76_N0_I1                          ; H_SEG14                                      ;
;   8.363  ;   0.279  ;    ; RE   ; 2      ; C2_X15_Y74_N0_I11                          ; V_SEG2                                       ;
;   8.586  ;   0.223  ;    ; RE   ; 1      ; R3_X13_Y74_N0_I17                          ; H_SEG3                                       ;
;   8.947  ;   0.361  ;    ; RE   ; 1      ; C4_X15_Y70_N0_I8                           ; V_SEG4                                       ;
;   9.462  ;   0.515  ;    ; RE   ; 2      ; R6_X10_Y70_N0_I29                          ; H_SEG6                                       ;
;   9.739  ;   0.277  ;    ; RE   ; 1      ; LOCAL_INTERCONNECT_X11_Y70_N0_I44          ; LAB_LINE                                     ;
;   9.871  ;   0.132  ;    ; RE   ; 1      ; BLOCK_INPUT_MUX_PASSTHROUGH_X11_Y70_N0_I83 ; LEIM                                         ;
;   9.871  ;   0.000  ;    ; RE   ; 1      ; GLOBAL_LOCAL_SEL_X11_Y70_N0_I2             ; GLOBAL_LOCAL_SEL                             ;
;   9.871  ;   0.000  ;    ; RE   ; 11     ; LAB_INPUT_X11_Y70_N0_I3                    ; LAB_INPUT                                    ;
;   9.871  ;   0.000  ; FF ; IC   ; 1      ; FF_X11_Y70_N1                              ; u_cache|g_bank[8].read_enable_q|clrn         ;
;   10.445 ;   0.574  ; FF ; CELL ; 1      ; FF_X11_Y70_N1                              ; llm_bank_ram:u_cache|g_bank[8].read_enable_q ;
+----------+----------+----+------+--------+--------------------------------------------+----------------------------------------------+

+------------------------------------------------------------------------------------------------------------------------------+
; Data Required Path                                                                                                           ;
+----------+---------+----+------+--------+-------------------------------------+----------------------------------------------+
; Total    ; Incr    ; RF ; Type ; Fanout ; Location                            ; Element                                      ;
+----------+---------+----+------+--------+-------------------------------------+----------------------------------------------+
; 10.000   ; 10.000  ;    ;      ;        ;                                     ; latch edge time                              ;
; 14.457   ; 4.457   ;    ;      ;        ;                                     ; clock path                                   ;
;   10.000 ;   0.000 ;    ;      ;        ;                                     ; source latency                               ;
;   10.000 ;   0.000 ;    ;      ; 1      ; PIN_AC18                            ; clk                                          ;
;   10.000 ;   0.000 ;    ; RE   ; 1      ; IOPAD_X54_Y0_N0                     ; ARRIAV_IO_PAD                                ;
;   10.000 ;   0.000 ;    ; RE   ; 1      ; IO_PAD_OUTPUT_X54_Y0_N0_I1          ; IO_PAD_OUTPUT                                ;
;   10.000 ;   0.000 ;    ; RE   ; 1      ; IO_INPUT_BUFFER_INPUT_X54_Y0_N1_I0  ; IO_INPUT_BUFFER_INPUT                        ;
;   10.000 ;   0.000 ; RR ; IC   ; 1      ; IOIBUF_X54_Y0_N1                    ; clk~input|i                                  ;
;   10.917 ;   0.917 ; RR ; CELL ; 1      ; IOIBUF_X54_Y0_N1                    ; clk~input|o                                  ;
;   10.917 ;   0.000 ;    ; RE   ; 1      ; IOIBUF_X54_Y0_N1                    ; ARRIAV_IO_IBUF                               ;
;   10.917 ;   0.000 ;    ; RE   ; 1      ; IO_INPUT_BUFFER_OUTPUT_X54_Y0_N1_I2 ; IO_INPUT_BUFFER_OUTPUT                       ;
;   10.917 ;   0.000 ;    ; RE   ; 1      ; IO_RE_X54_Y0_N0_I96                 ; IO_RE                                        ;
;   11.095 ;   0.178 ;    ; RE   ; 1      ; IO_RE_X54_Y0_N0_I66                 ; IO_RE                                        ;
;   11.095 ;   0.000 ;    ; RE   ; 1      ; CLKBUF_CLUSTER_RE_X58_Y0_N0_I1614   ; CLKBUF_CLUSTER_RE                            ;
;   11.095 ;   0.000 ;    ; RE   ; 1      ; CLKBUF_CLUSTER_RE_X58_Y0_N0_I488    ; CLKBUF_CLUSTER_RE                            ;
;   11.095 ;   0.000 ;    ; RE   ; 1      ; GCLK_CLUSTER_RE_X58_Y0_N0_I10       ; GCLK_CLUSTER_RE                              ;
;   11.095 ;   0.000 ;    ; RE   ; 1      ; CLKBUFBLOCK_INPUT_X58_Y0_N1_I0      ; CLKBUFBLOCK_INPUT                            ;
;   11.095 ;   0.000 ; RR ; IC   ; 1      ; CLKCTRL_G4                          ; clk~inputCLKENA0|inclk                       ;
;   11.407 ;   0.312 ; RR ; CELL ; 49420  ; CLKCTRL_G4                          ; clk~inputCLKENA0|outclk                      ;
;   11.407 ;   0.000 ;    ; RE   ; 1      ; CLKCTRL_G4                          ; ARRIAV_CLKBUF                                ;
;   11.407 ;   0.000 ;    ; RE   ; 1      ; CLKBUFBLOCK_OUTPUT_X58_Y0_N1_I2     ; CLKBUFBLOCK_OUTPUT                           ;
;   11.407 ;   0.000 ;    ; RE   ; 1      ; GCLK_CLUSTER_RE_X58_Y0_N0_I12       ; GCLK_CLUSTER_RE                              ;
;   11.407 ;   0.000 ;    ; RE   ; 1      ; CLKBUF_CLUSTER_RE_X58_Y0_N0_I415    ; CLKBUF_CLUSTER_RE                            ;
;   12.397 ;   0.990 ;    ; RE   ; 16     ; GLOBAL_CLOCK_X0_Y58_N0_I4           ; GLOBAL_CLOCK                                 ;
;   12.581 ;   0.184 ;    ; RE   ; 29     ; SPINE_CLOCK_X15_Y59_N0_I20          ; SPINE_CLOCK                                  ;
;   13.024 ;   0.443 ;    ; RE   ; 1      ; SCLK_TO_ROWCLK_BUF_X15_Y70_N0_I120  ; SCLK_TO_ROWCLK_BUF                           ;
;   13.109 ;   0.085 ;    ; RE   ; 2      ; SCLK_TO_ROWCLK_BUF_X15_Y70_N0_I123  ; SCLK_TO_ROWCLK_BUF                           ;
;   13.529 ;   0.420 ;    ; RE   ; 4      ; LAB_CLK_X0_Y70_N0_I2                ; LAB_CLK                                      ;
;   13.662 ;   0.133 ;    ; RE   ; 1      ; BLK_CLK_BUF_X11_Y70_N0_I2           ; BLK_CLK_BUF                                  ;
;   13.716 ;   0.054 ;    ; RE   ; 1      ; ROWCLKSEL_PREBUF_X11_Y70_N0_I2      ; ROWCLKSEL_PREBUF                             ;
;   13.751 ;   0.035 ;    ; RE   ; 1      ; ROWCLKSEL_X11_Y70_N0_I1             ; ROWCLKSEL                                    ;
;   13.751 ;   0.000 ;    ; RE   ; 1      ; GLOBAL_LOCAL_SEL_X11_Y70_N0_I1      ; GLOBAL_LOCAL_SEL                             ;
;   13.751 ;   0.000 ;    ; RE   ; 12     ; LAB_INPUT_X11_Y70_N0_I0             ; LAB_INPUT                                    ;
;   13.752 ;   0.001 ; RR ; IC   ; 1      ; FF_X11_Y70_N1                       ; u_cache|g_bank[8].read_enable_q|clk          ;
;   14.209 ;   0.457 ; RR ; CELL ; 1      ; FF_X11_Y70_N1                       ; llm_bank_ram:u_cache|g_bank[8].read_enable_q ;
;   14.457 ;   0.248 ;    ;      ;        ;                                     ; clock pessimism removed                      ;
; 14.357   ; -0.100  ;    ;      ;        ;                                     ; clock uncertainty                            ;
; 14.357   ; 0.000   ;    ; uTsu ; 1      ; FF_X11_Y70_N1                       ; llm_bank_ram:u_cache|g_bank[8].read_enable_q ;
+----------+---------+----+------+--------+-------------------------------------+----------------------------------------------+

----------------------------
; Extra Fitter Information ;
----------------------------
HTML report is unavailable in plain text report export.


Path #26: Recovery slack is 3.912 
===============================================================================
+----------------------------------------------------------------------+
; Path Summary                                                         ;
+--------------------+-------------------------------------------------+
; Property           ; Value                                           ;
+--------------------+-------------------------------------------------+
; From Node          ; reset_release:u_reset|core_rst_n                ;
; To Node            ; llm_bank_ram:u_cache|g_request[2].read_enable_q ;
; Launch Clock       ; clk                                             ;
; Latch Clock        ; clk                                             ;
; Data Arrival Time  ; 10.445                                          ;
; Data Required Time ; 14.357                                          ;
; Slack              ; 3.912                                           ;
+--------------------+-------------------------------------------------+

+-------------------------------------------------------------------------------------+
; Statistics                                                                          ;
+------------------------+--------+-------+-------------+------------+--------+-------+
; Property               ; Value  ; Count ; Total Delay ; % of Total ; Min    ; Max   ;
+------------------------+--------+-------+-------------+------------+--------+-------+
; Recovery Relationship  ; 10.000 ;       ;             ;            ;        ;       ;
; Clock Skew             ; -0.167 ;       ;             ;            ;        ;       ;
; Data Delay             ; 5.821  ;       ;             ;            ;        ;       ;
; Number of Logic Levels ;        ; 0     ;             ;            ;        ;       ;
; Physical Delays        ;        ;       ;             ;            ;        ;       ;
;  Arrival Path          ;        ;       ;             ;            ;        ;       ;
;   Clock                ;        ;       ;             ;            ;        ;       ;
;    IC                  ;        ; 3     ; -0.001      ; 0          ; -0.001 ; 0.000 ;
;    Cell                ;        ; 3     ; 1.780       ; 38         ; 0.335  ; 0.917 ;
;    Routing Element     ;        ; 25    ; 2.845       ; 62         ; 0.000  ; 1.032 ;
;   Data                 ;        ;       ;             ;            ;        ;       ;
;    IC                  ;        ; 1     ; 0.000       ; 0          ; 0.000  ; 0.000 ;
;    Cell                ;        ; 2     ; 0.574       ; 10         ; 0.000  ; 0.574 ;
;    uTco                ;        ; 1     ; 0.000       ; 0          ; 0.000  ; 0.000 ;
;    Routing Element     ;        ; 29    ; 5.247       ; 90         ; 0.000  ; 0.515 ;
;  Required Path         ;        ;       ;             ;            ;        ;       ;
;   Clock                ;        ;       ;             ;            ;        ;       ;
;    IC                  ;        ; 3     ; 0.001       ; 0          ; 0.000  ; 0.001 ;
;    Cell                ;        ; 3     ; 1.686       ; 40         ; 0.312  ; 0.917 ;
;    Routing Element     ;        ; 25    ; 2.522       ; 60         ; 0.000  ; 0.990 ;
+------------------------+--------+-------+-------------+------------+--------+-------+
Note: Negative delays are omitted from totals when calculating percentages

+-----------------------------------------------------------------------------------------------------------------------------------------+
; Data Arrival Path                                                                                                                       ;
+----------+----------+----+------+--------+--------------------------------------------+-------------------------------------------------+
; Total    ; Incr     ; RF ; Type ; Fanout ; Location                                   ; Element                                         ;
+----------+----------+----+------+--------+--------------------------------------------+-------------------------------------------------+
; 0.000    ; 0.000    ;    ;      ;        ;                                            ; launch edge time                                ;
; 4.624    ; 4.624    ;    ;      ;        ;                                            ; clock path                                      ;
;   0.000  ;   0.000  ;    ;      ;        ;                                            ; source latency                                  ;
;   0.000  ;   0.000  ;    ;      ; 1      ; PIN_AC18                                   ; clk                                             ;
;   0.000  ;   0.000  ;    ; RE   ; 1      ; IOPAD_X54_Y0_N0                            ; ARRIAV_IO_PAD                                   ;
;   0.000  ;   0.000  ;    ; RE   ; 1      ; IO_PAD_OUTPUT_X54_Y0_N0_I1                 ; IO_PAD_OUTPUT                                   ;
;   0.000  ;   0.000  ;    ; RE   ; 1      ; IO_INPUT_BUFFER_INPUT_X54_Y0_N1_I0         ; IO_INPUT_BUFFER_INPUT                           ;
;   0.000  ;   0.000  ; RR ; IC   ; 1      ; IOIBUF_X54_Y0_N1                           ; clk~input|i                                     ;
;   0.917  ;   0.917  ; RR ; CELL ; 1      ; IOIBUF_X54_Y0_N1                           ; clk~input|o                                     ;
;   0.917  ;   0.000  ;    ; RE   ; 1      ; IOIBUF_X54_Y0_N1                           ; ARRIAV_IO_IBUF                                  ;
;   0.917  ;   0.000  ;    ; RE   ; 1      ; IO_INPUT_BUFFER_OUTPUT_X54_Y0_N1_I2        ; IO_INPUT_BUFFER_OUTPUT                          ;
;   0.917  ;   0.000  ;    ; RE   ; 1      ; IO_RE_X54_Y0_N0_I96                        ; IO_RE                                           ;
;   1.133  ;   0.216  ;    ; RE   ; 1      ; IO_RE_X54_Y0_N0_I66                        ; IO_RE                                           ;
;   1.320  ;   0.187  ;    ; RE   ; 1      ; CLKBUF_CLUSTER_RE_X58_Y0_N0_I1614          ; CLKBUF_CLUSTER_RE                               ;
;   1.320  ;   0.000  ;    ; RE   ; 1      ; CLKBUF_CLUSTER_RE_X58_Y0_N0_I488           ; CLKBUF_CLUSTER_RE                               ;
;   1.320  ;   0.000  ;    ; RE   ; 1      ; GCLK_CLUSTER_RE_X58_Y0_N0_I10              ; GCLK_CLUSTER_RE                                 ;
;   1.320  ;   0.000  ;    ; RE   ; 1      ; CLKBUFBLOCK_INPUT_X58_Y0_N1_I0             ; CLKBUFBLOCK_INPUT                               ;
;   1.320  ;   0.000  ; RR ; IC   ; 1      ; CLKCTRL_G4                                 ; clk~inputCLKENA0|inclk                          ;
;   1.655  ;   0.335  ; RR ; CELL ; 49420  ; CLKCTRL_G4                                 ; clk~inputCLKENA0|outclk                         ;
;   1.655  ;   0.000  ;    ; RE   ; 1      ; CLKCTRL_G4                                 ; ARRIAV_CLKBUF                                   ;
;   1.655  ;   0.000  ;    ; RE   ; 1      ; CLKBUFBLOCK_OUTPUT_X58_Y0_N1_I2            ; CLKBUFBLOCK_OUTPUT                              ;
;   1.655  ;   0.000  ;    ; RE   ; 1      ; GCLK_CLUSTER_RE_X58_Y0_N0_I12              ; GCLK_CLUSTER_RE                                 ;
;   1.655  ;   0.000  ;    ; RE   ; 1      ; CLKBUF_CLUSTER_RE_X58_Y0_N0_I415           ; CLKBUF_CLUSTER_RE                               ;
;   2.687  ;   1.032  ;    ; RE   ; 16     ; GLOBAL_CLOCK_X0_Y58_N0_I4                  ; GLOBAL_CLOCK                                    ;
;   2.869  ;   0.182  ;    ; RE   ; 29     ; SPINE_CLOCK_X75_Y30_N0_I20                 ; SPINE_CLOCK                                     ;
;   3.329  ;   0.460  ;    ; RE   ; 1      ; SCLK_TO_ROWCLK_BUF_X75_Y57_N0_I121         ; SCLK_TO_ROWCLK_BUF                              ;
;   3.418  ;   0.089  ;    ; RE   ; 2      ; SCLK_TO_ROWCLK_BUF_X75_Y57_N0_I124         ; SCLK_TO_ROWCLK_BUF                              ;
;   3.856  ;   0.438  ;    ; RE   ; 13     ; LAB_CLK_X76_Y57_N0_I5                      ; LAB_CLK                                         ;
;   4.002  ;   0.146  ;    ; RE   ; 1      ; BLK_CLK_BUF_X83_Y57_N0_I5                  ; BLK_CLK_BUF                                     ;
;   4.058  ;   0.056  ;    ; RE   ; 1      ; ROWCLKSEL_PREBUF_X83_Y57_N0_I5             ; ROWCLKSEL_PREBUF                                ;
;   4.097  ;   0.039  ;    ; RE   ; 1      ; ROWCLKSEL_X83_Y57_N0_I1                    ; ROWCLKSEL                                       ;
;   4.097  ;   0.000  ;    ; RE   ; 2      ; GLOBAL_LOCAL_SEL_X83_Y57_N0_I1             ; GLOBAL_LOCAL_SEL                                ;
;   4.097  ;   0.000  ;    ; RE   ; 3      ; LAB_INPUT_X83_Y57_N0_I0                    ; LAB_INPUT                                       ;
;   4.096  ;   -0.001 ; RR ; IC   ; 1      ; FF_X83_Y57_N29                             ; u_reset|core_rst_n|clk                          ;
;   4.624  ;   0.528  ; RR ; CELL ; 1      ; FF_X83_Y57_N29                             ; reset_release:u_reset|core_rst_n                ;
; 10.445   ; 5.821    ;    ;      ;        ;                                            ; data path                                       ;
;   4.624  ;   0.000  ;    ; uTco ; 1      ; FF_X83_Y57_N29                             ; reset_release:u_reset|core_rst_n                ;
;   4.624  ;   0.000  ; FF ; CELL ; 3143   ; FF_X83_Y57_N29                             ; u_reset|core_rst_n|q                            ;
;   4.685  ;   0.061  ;    ; RE   ; 1      ; FF_X83_Y57_N29                             ; ARRIAV_FF                                       ;
;   4.765  ;   0.080  ;    ; RE   ; 4      ; LE_BUFFER_X83_Y57_N0_I19                   ; LE_BUFFER                                       ;
;   4.969  ;   0.204  ;    ; RE   ; 1      ; R6_X77_Y57_N0_I29                          ; H_SEG6                                          ;
;   4.969  ;   0.000  ;    ; RE   ; 1      ; R14_C12_INTERCONNECT_DRIVER_X82_Y57_N0_I3  ; WIRE_MUX                                        ;
;   5.363  ;   0.394  ;    ; RE   ; 9      ; C12_X82_Y58_N0_I0                          ; V_SEG12                                         ;
;   5.363  ;   0.000  ;    ; RE   ; 1      ; R14_C12_INTERCONNECT_DRIVER_X82_Y66_N0_I0  ; WIRE_MUX                                        ;
;   5.772  ;   0.409  ;    ; RE   ; 1      ; C12_X82_Y67_N0_I0                          ; V_SEG12                                         ;
;   5.772  ;   0.000  ;    ; RE   ; 2      ; R14_C12_INTERCONNECT_DRIVER_X82_Y76_N0_I1  ; WIRE_MUX                                        ;
;   6.182  ;   0.410  ;    ; RE   ; 3      ; C12_X82_Y77_N0_I0                          ; V_SEG12                                         ;
;   6.182  ;   0.000  ;    ; RE   ; 1      ; R14_C12_INTERCONNECT_DRIVER_X82_Y85_N0_I0  ; WIRE_MUX                                        ;
;   6.527  ;   0.345  ;    ; RE   ; 1      ; R14_X69_Y85_N0_I1                          ; H_SEG14                                         ;
;   6.527  ;   0.000  ;    ; RE   ; 1      ; R14_C12_INTERCONNECT_DRIVER_X68_Y85_N0_I2  ; WIRE_MUX                                        ;
;   6.847  ;   0.320  ;    ; RE   ; 6      ; R14_X55_Y85_N0_I1                          ; H_SEG14                                         ;
;   6.847  ;   0.000  ;    ; RE   ; 1      ; R14_C12_INTERCONNECT_DRIVER_X57_Y85_N0_I2  ; WIRE_MUX                                        ;
;   7.149  ;   0.302  ;    ; RE   ; 1      ; R14_X44_Y85_N0_I1                          ; H_SEG14                                         ;
;   7.149  ;   0.000  ;    ; RE   ; 2      ; R14_C12_INTERCONNECT_DRIVER_X43_Y85_N0_I0  ; WIRE_MUX                                        ;
;   7.409  ;   0.260  ;    ; RE   ; 3      ; R14_X30_Y85_N0_I1                          ; H_SEG14                                         ;
;   7.409  ;   0.000  ;    ; RE   ; 3      ; R14_C12_INTERCONNECT_DRIVER_X29_Y85_N0_I0  ; WIRE_MUX                                        ;
;   7.753  ;   0.344  ;    ; RE   ; 2      ; C12_X29_Y73_N0_I1                          ; V_SEG12                                         ;
;   7.753  ;   0.000  ;    ; RE   ; 1      ; R14_C12_INTERCONNECT_DRIVER_X29_Y76_N0_I1  ; WIRE_MUX                                        ;
;   8.084  ;   0.331  ;    ; RE   ; 2      ; R14_X16_Y76_N0_I1                          ; H_SEG14                                         ;
;   8.363  ;   0.279  ;    ; RE   ; 2      ; C2_X15_Y74_N0_I11                          ; V_SEG2                                          ;
;   8.586  ;   0.223  ;    ; RE   ; 1      ; R3_X13_Y74_N0_I17                          ; H_SEG3                                          ;
;   8.947  ;   0.361  ;    ; RE   ; 1      ; C4_X15_Y70_N0_I8                           ; V_SEG4                                          ;
;   9.462  ;   0.515  ;    ; RE   ; 2      ; R6_X10_Y70_N0_I29                          ; H_SEG6                                          ;
;   9.739  ;   0.277  ;    ; RE   ; 1      ; LOCAL_INTERCONNECT_X11_Y70_N0_I44          ; LAB_LINE                                        ;
;   9.871  ;   0.132  ;    ; RE   ; 1      ; BLOCK_INPUT_MUX_PASSTHROUGH_X11_Y70_N0_I83 ; LEIM                                            ;
;   9.871  ;   0.000  ;    ; RE   ; 1      ; GLOBAL_LOCAL_SEL_X11_Y70_N0_I2             ; GLOBAL_LOCAL_SEL                                ;
;   9.871  ;   0.000  ;    ; RE   ; 11     ; LAB_INPUT_X11_Y70_N0_I3                    ; LAB_INPUT                                       ;
;   9.871  ;   0.000  ; FF ; IC   ; 1      ; FF_X11_Y70_N31                             ; u_cache|g_request[2].read_enable_q|clrn         ;
;   10.445 ;   0.574  ; FF ; CELL ; 1      ; FF_X11_Y70_N31                             ; llm_bank_ram:u_cache|g_request[2].read_enable_q ;
+----------+----------+----+------+--------+--------------------------------------------+-------------------------------------------------+

+---------------------------------------------------------------------------------------------------------------------------------+
; Data Required Path                                                                                                              ;
+----------+---------+----+------+--------+-------------------------------------+-------------------------------------------------+
; Total    ; Incr    ; RF ; Type ; Fanout ; Location                            ; Element                                         ;
+----------+---------+----+------+--------+-------------------------------------+-------------------------------------------------+
; 10.000   ; 10.000  ;    ;      ;        ;                                     ; latch edge time                                 ;
; 14.457   ; 4.457   ;    ;      ;        ;                                     ; clock path                                      ;
;   10.000 ;   0.000 ;    ;      ;        ;                                     ; source latency                                  ;
;   10.000 ;   0.000 ;    ;      ; 1      ; PIN_AC18                            ; clk                                             ;
;   10.000 ;   0.000 ;    ; RE   ; 1      ; IOPAD_X54_Y0_N0                     ; ARRIAV_IO_PAD                                   ;
;   10.000 ;   0.000 ;    ; RE   ; 1      ; IO_PAD_OUTPUT_X54_Y0_N0_I1          ; IO_PAD_OUTPUT                                   ;
;   10.000 ;   0.000 ;    ; RE   ; 1      ; IO_INPUT_BUFFER_INPUT_X54_Y0_N1_I0  ; IO_INPUT_BUFFER_INPUT                           ;
;   10.000 ;   0.000 ; RR ; IC   ; 1      ; IOIBUF_X54_Y0_N1                    ; clk~input|i                                     ;
;   10.917 ;   0.917 ; RR ; CELL ; 1      ; IOIBUF_X54_Y0_N1                    ; clk~input|o                                     ;
;   10.917 ;   0.000 ;    ; RE   ; 1      ; IOIBUF_X54_Y0_N1                    ; ARRIAV_IO_IBUF                                  ;
;   10.917 ;   0.000 ;    ; RE   ; 1      ; IO_INPUT_BUFFER_OUTPUT_X54_Y0_N1_I2 ; IO_INPUT_BUFFER_OUTPUT                          ;
;   10.917 ;   0.000 ;    ; RE   ; 1      ; IO_RE_X54_Y0_N0_I96                 ; IO_RE                                           ;
;   11.095 ;   0.178 ;    ; RE   ; 1      ; IO_RE_X54_Y0_N0_I66                 ; IO_RE                                           ;
;   11.095 ;   0.000 ;    ; RE   ; 1      ; CLKBUF_CLUSTER_RE_X58_Y0_N0_I1614   ; CLKBUF_CLUSTER_RE                               ;
;   11.095 ;   0.000 ;    ; RE   ; 1      ; CLKBUF_CLUSTER_RE_X58_Y0_N0_I488    ; CLKBUF_CLUSTER_RE                               ;
;   11.095 ;   0.000 ;    ; RE   ; 1      ; GCLK_CLUSTER_RE_X58_Y0_N0_I10       ; GCLK_CLUSTER_RE                                 ;
;   11.095 ;   0.000 ;    ; RE   ; 1      ; CLKBUFBLOCK_INPUT_X58_Y0_N1_I0      ; CLKBUFBLOCK_INPUT                               ;
;   11.095 ;   0.000 ; RR ; IC   ; 1      ; CLKCTRL_G4                          ; clk~inputCLKENA0|inclk                          ;
;   11.407 ;   0.312 ; RR ; CELL ; 49420  ; CLKCTRL_G4                          ; clk~inputCLKENA0|outclk                         ;
;   11.407 ;   0.000 ;    ; RE   ; 1      ; CLKCTRL_G4                          ; ARRIAV_CLKBUF                                   ;
;   11.407 ;   0.000 ;    ; RE   ; 1      ; CLKBUFBLOCK_OUTPUT_X58_Y0_N1_I2     ; CLKBUFBLOCK_OUTPUT                              ;
;   11.407 ;   0.000 ;    ; RE   ; 1      ; GCLK_CLUSTER_RE_X58_Y0_N0_I12       ; GCLK_CLUSTER_RE                                 ;
;   11.407 ;   0.000 ;    ; RE   ; 1      ; CLKBUF_CLUSTER_RE_X58_Y0_N0_I415    ; CLKBUF_CLUSTER_RE                               ;
;   12.397 ;   0.990 ;    ; RE   ; 16     ; GLOBAL_CLOCK_X0_Y58_N0_I4           ; GLOBAL_CLOCK                                    ;
;   12.581 ;   0.184 ;    ; RE   ; 29     ; SPINE_CLOCK_X15_Y59_N0_I20          ; SPINE_CLOCK                                     ;
;   13.024 ;   0.443 ;    ; RE   ; 1      ; SCLK_TO_ROWCLK_BUF_X15_Y70_N0_I120  ; SCLK_TO_ROWCLK_BUF                              ;
;   13.109 ;   0.085 ;    ; RE   ; 2      ; SCLK_TO_ROWCLK_BUF_X15_Y70_N0_I123  ; SCLK_TO_ROWCLK_BUF                              ;
;   13.529 ;   0.420 ;    ; RE   ; 4      ; LAB_CLK_X0_Y70_N0_I2                ; LAB_CLK                                         ;
;   13.662 ;   0.133 ;    ; RE   ; 1      ; BLK_CLK_BUF_X11_Y70_N0_I2           ; BLK_CLK_BUF                                     ;
;   13.716 ;   0.054 ;    ; RE   ; 1      ; ROWCLKSEL_PREBUF_X11_Y70_N0_I2      ; ROWCLKSEL_PREBUF                                ;
;   13.751 ;   0.035 ;    ; RE   ; 1      ; ROWCLKSEL_X11_Y70_N0_I1             ; ROWCLKSEL                                       ;
;   13.751 ;   0.000 ;    ; RE   ; 1      ; GLOBAL_LOCAL_SEL_X11_Y70_N0_I1      ; GLOBAL_LOCAL_SEL                                ;
;   13.751 ;   0.000 ;    ; RE   ; 12     ; LAB_INPUT_X11_Y70_N0_I0             ; LAB_INPUT                                       ;
;   13.752 ;   0.001 ; RR ; IC   ; 1      ; FF_X11_Y70_N31                      ; u_cache|g_request[2].read_enable_q|clk          ;
;   14.209 ;   0.457 ; RR ; CELL ; 1      ; FF_X11_Y70_N31                      ; llm_bank_ram:u_cache|g_request[2].read_enable_q ;
;   14.457 ;   0.248 ;    ;      ;        ;                                     ; clock pessimism removed                         ;
; 14.357   ; -0.100  ;    ;      ;        ;                                     ; clock uncertainty                               ;
; 14.357   ; 0.000   ;    ; uTsu ; 1      ; FF_X11_Y70_N31                      ; llm_bank_ram:u_cache|g_request[2].read_enable_q ;
+----------+---------+----+------+--------+-------------------------------------+-------------------------------------------------+

----------------------------
; Extra Fitter Information ;
----------------------------
HTML report is unavailable in plain text report export.


Path #27: Recovery slack is 3.913 
===============================================================================
+--------------------------------------------------------------------+
; Path Summary                                                       ;
+--------------------+-----------------------------------------------+
; Property           ; Value                                         ;
+--------------------+-----------------------------------------------+
; From Node          ; reset_release:u_reset|core_rst_n              ;
; To Node            ; llm_bank_ram:u_cache|g_bank[10].read_enable_q ;
; Launch Clock       ; clk                                           ;
; Latch Clock        ; clk                                           ;
; Data Arrival Time  ; 10.445                                        ;
; Data Required Time ; 14.358                                        ;
; Slack              ; 3.913                                         ;
+--------------------+-----------------------------------------------+

+-------------------------------------------------------------------------------------+
; Statistics                                                                          ;
+------------------------+--------+-------+-------------+------------+--------+-------+
; Property               ; Value  ; Count ; Total Delay ; % of Total ; Min    ; Max   ;
+------------------------+--------+-------+-------------+------------+--------+-------+
; Recovery Relationship  ; 10.000 ;       ;             ;            ;        ;       ;
; Clock Skew             ; -0.166 ;       ;             ;            ;        ;       ;
; Data Delay             ; 5.821  ;       ;             ;            ;        ;       ;
; Number of Logic Levels ;        ; 0     ;             ;            ;        ;       ;
; Physical Delays        ;        ;       ;             ;            ;        ;       ;
;  Arrival Path          ;        ;       ;             ;            ;        ;       ;
;   Clock                ;        ;       ;             ;            ;        ;       ;
;    IC                  ;        ; 3     ; -0.001      ; 0          ; -0.001 ; 0.000 ;
;    Cell                ;        ; 3     ; 1.780       ; 38         ; 0.335  ; 0.917 ;
;    Routing Element     ;        ; 25    ; 2.845       ; 62         ; 0.000  ; 1.032 ;
;   Data                 ;        ;       ;             ;            ;        ;       ;
;    IC                  ;        ; 1     ; 0.000       ; 0          ; 0.000  ; 0.000 ;
;    Cell                ;        ; 2     ; 0.574       ; 10         ; 0.000  ; 0.574 ;
;    uTco                ;        ; 1     ; 0.000       ; 0          ; 0.000  ; 0.000 ;
;    Routing Element     ;        ; 29    ; 5.247       ; 90         ; 0.000  ; 0.515 ;
;  Required Path         ;        ;       ;             ;            ;        ;       ;
;   Clock                ;        ;       ;             ;            ;        ;       ;
;    IC                  ;        ; 3     ; 0.001       ; 0          ; 0.000  ; 0.001 ;
;    Cell                ;        ; 3     ; 1.687       ; 40         ; 0.312  ; 0.917 ;
;    Routing Element     ;        ; 25    ; 2.522       ; 60         ; 0.000  ; 0.990 ;
+------------------------+--------+-------+-------------+------------+--------+-------+
Note: Negative delays are omitted from totals when calculating percentages

+---------------------------------------------------------------------------------------------------------------------------------------+
; Data Arrival Path                                                                                                                     ;
+----------+----------+----+------+--------+--------------------------------------------+-----------------------------------------------+
; Total    ; Incr     ; RF ; Type ; Fanout ; Location                                   ; Element                                       ;
+----------+----------+----+------+--------+--------------------------------------------+-----------------------------------------------+
; 0.000    ; 0.000    ;    ;      ;        ;                                            ; launch edge time                              ;
; 4.624    ; 4.624    ;    ;      ;        ;                                            ; clock path                                    ;
;   0.000  ;   0.000  ;    ;      ;        ;                                            ; source latency                                ;
;   0.000  ;   0.000  ;    ;      ; 1      ; PIN_AC18                                   ; clk                                           ;
;   0.000  ;   0.000  ;    ; RE   ; 1      ; IOPAD_X54_Y0_N0                            ; ARRIAV_IO_PAD                                 ;
;   0.000  ;   0.000  ;    ; RE   ; 1      ; IO_PAD_OUTPUT_X54_Y0_N0_I1                 ; IO_PAD_OUTPUT                                 ;
;   0.000  ;   0.000  ;    ; RE   ; 1      ; IO_INPUT_BUFFER_INPUT_X54_Y0_N1_I0         ; IO_INPUT_BUFFER_INPUT                         ;
;   0.000  ;   0.000  ; RR ; IC   ; 1      ; IOIBUF_X54_Y0_N1                           ; clk~input|i                                   ;
;   0.917  ;   0.917  ; RR ; CELL ; 1      ; IOIBUF_X54_Y0_N1                           ; clk~input|o                                   ;
;   0.917  ;   0.000  ;    ; RE   ; 1      ; IOIBUF_X54_Y0_N1                           ; ARRIAV_IO_IBUF                                ;
;   0.917  ;   0.000  ;    ; RE   ; 1      ; IO_INPUT_BUFFER_OUTPUT_X54_Y0_N1_I2        ; IO_INPUT_BUFFER_OUTPUT                        ;
;   0.917  ;   0.000  ;    ; RE   ; 1      ; IO_RE_X54_Y0_N0_I96                        ; IO_RE                                         ;
;   1.133  ;   0.216  ;    ; RE   ; 1      ; IO_RE_X54_Y0_N0_I66                        ; IO_RE                                         ;
;   1.320  ;   0.187  ;    ; RE   ; 1      ; CLKBUF_CLUSTER_RE_X58_Y0_N0_I1614          ; CLKBUF_CLUSTER_RE                             ;
;   1.320  ;   0.000  ;    ; RE   ; 1      ; CLKBUF_CLUSTER_RE_X58_Y0_N0_I488           ; CLKBUF_CLUSTER_RE                             ;
;   1.320  ;   0.000  ;    ; RE   ; 1      ; GCLK_CLUSTER_RE_X58_Y0_N0_I10              ; GCLK_CLUSTER_RE                               ;
;   1.320  ;   0.000  ;    ; RE   ; 1      ; CLKBUFBLOCK_INPUT_X58_Y0_N1_I0             ; CLKBUFBLOCK_INPUT                             ;
;   1.320  ;   0.000  ; RR ; IC   ; 1      ; CLKCTRL_G4                                 ; clk~inputCLKENA0|inclk                        ;
;   1.655  ;   0.335  ; RR ; CELL ; 49420  ; CLKCTRL_G4                                 ; clk~inputCLKENA0|outclk                       ;
;   1.655  ;   0.000  ;    ; RE   ; 1      ; CLKCTRL_G4                                 ; ARRIAV_CLKBUF                                 ;
;   1.655  ;   0.000  ;    ; RE   ; 1      ; CLKBUFBLOCK_OUTPUT_X58_Y0_N1_I2            ; CLKBUFBLOCK_OUTPUT                            ;
;   1.655  ;   0.000  ;    ; RE   ; 1      ; GCLK_CLUSTER_RE_X58_Y0_N0_I12              ; GCLK_CLUSTER_RE                               ;
;   1.655  ;   0.000  ;    ; RE   ; 1      ; CLKBUF_CLUSTER_RE_X58_Y0_N0_I415           ; CLKBUF_CLUSTER_RE                             ;
;   2.687  ;   1.032  ;    ; RE   ; 16     ; GLOBAL_CLOCK_X0_Y58_N0_I4                  ; GLOBAL_CLOCK                                  ;
;   2.869  ;   0.182  ;    ; RE   ; 29     ; SPINE_CLOCK_X75_Y30_N0_I20                 ; SPINE_CLOCK                                   ;
;   3.329  ;   0.460  ;    ; RE   ; 1      ; SCLK_TO_ROWCLK_BUF_X75_Y57_N0_I121         ; SCLK_TO_ROWCLK_BUF                            ;
;   3.418  ;   0.089  ;    ; RE   ; 2      ; SCLK_TO_ROWCLK_BUF_X75_Y57_N0_I124         ; SCLK_TO_ROWCLK_BUF                            ;
;   3.856  ;   0.438  ;    ; RE   ; 13     ; LAB_CLK_X76_Y57_N0_I5                      ; LAB_CLK                                       ;
;   4.002  ;   0.146  ;    ; RE   ; 1      ; BLK_CLK_BUF_X83_Y57_N0_I5                  ; BLK_CLK_BUF                                   ;
;   4.058  ;   0.056  ;    ; RE   ; 1      ; ROWCLKSEL_PREBUF_X83_Y57_N0_I5             ; ROWCLKSEL_PREBUF                              ;
;   4.097  ;   0.039  ;    ; RE   ; 1      ; ROWCLKSEL_X83_Y57_N0_I1                    ; ROWCLKSEL                                     ;
;   4.097  ;   0.000  ;    ; RE   ; 2      ; GLOBAL_LOCAL_SEL_X83_Y57_N0_I1             ; GLOBAL_LOCAL_SEL                              ;
;   4.097  ;   0.000  ;    ; RE   ; 3      ; LAB_INPUT_X83_Y57_N0_I0                    ; LAB_INPUT                                     ;
;   4.096  ;   -0.001 ; RR ; IC   ; 1      ; FF_X83_Y57_N29                             ; u_reset|core_rst_n|clk                        ;
;   4.624  ;   0.528  ; RR ; CELL ; 1      ; FF_X83_Y57_N29                             ; reset_release:u_reset|core_rst_n              ;
; 10.445   ; 5.821    ;    ;      ;        ;                                            ; data path                                     ;
;   4.624  ;   0.000  ;    ; uTco ; 1      ; FF_X83_Y57_N29                             ; reset_release:u_reset|core_rst_n              ;
;   4.624  ;   0.000  ; FF ; CELL ; 3143   ; FF_X83_Y57_N29                             ; u_reset|core_rst_n|q                          ;
;   4.685  ;   0.061  ;    ; RE   ; 1      ; FF_X83_Y57_N29                             ; ARRIAV_FF                                     ;
;   4.765  ;   0.080  ;    ; RE   ; 4      ; LE_BUFFER_X83_Y57_N0_I19                   ; LE_BUFFER                                     ;
;   4.969  ;   0.204  ;    ; RE   ; 1      ; R6_X77_Y57_N0_I29                          ; H_SEG6                                        ;
;   4.969  ;   0.000  ;    ; RE   ; 1      ; R14_C12_INTERCONNECT_DRIVER_X82_Y57_N0_I3  ; WIRE_MUX                                      ;
;   5.363  ;   0.394  ;    ; RE   ; 9      ; C12_X82_Y58_N0_I0                          ; V_SEG12                                       ;
;   5.363  ;   0.000  ;    ; RE   ; 1      ; R14_C12_INTERCONNECT_DRIVER_X82_Y66_N0_I0  ; WIRE_MUX                                      ;
;   5.772  ;   0.409  ;    ; RE   ; 1      ; C12_X82_Y67_N0_I0                          ; V_SEG12                                       ;
;   5.772  ;   0.000  ;    ; RE   ; 2      ; R14_C12_INTERCONNECT_DRIVER_X82_Y76_N0_I1  ; WIRE_MUX                                      ;
;   6.182  ;   0.410  ;    ; RE   ; 3      ; C12_X82_Y77_N0_I0                          ; V_SEG12                                       ;
;   6.182  ;   0.000  ;    ; RE   ; 1      ; R14_C12_INTERCONNECT_DRIVER_X82_Y85_N0_I0  ; WIRE_MUX                                      ;
;   6.527  ;   0.345  ;    ; RE   ; 1      ; R14_X69_Y85_N0_I1                          ; H_SEG14                                       ;
;   6.527  ;   0.000  ;    ; RE   ; 1      ; R14_C12_INTERCONNECT_DRIVER_X68_Y85_N0_I2  ; WIRE_MUX                                      ;
;   6.847  ;   0.320  ;    ; RE   ; 6      ; R14_X55_Y85_N0_I1                          ; H_SEG14                                       ;
;   6.847  ;   0.000  ;    ; RE   ; 1      ; R14_C12_INTERCONNECT_DRIVER_X57_Y85_N0_I2  ; WIRE_MUX                                      ;
;   7.149  ;   0.302  ;    ; RE   ; 1      ; R14_X44_Y85_N0_I1                          ; H_SEG14                                       ;
;   7.149  ;   0.000  ;    ; RE   ; 2      ; R14_C12_INTERCONNECT_DRIVER_X43_Y85_N0_I0  ; WIRE_MUX                                      ;
;   7.409  ;   0.260  ;    ; RE   ; 3      ; R14_X30_Y85_N0_I1                          ; H_SEG14                                       ;
;   7.409  ;   0.000  ;    ; RE   ; 3      ; R14_C12_INTERCONNECT_DRIVER_X29_Y85_N0_I0  ; WIRE_MUX                                      ;
;   7.753  ;   0.344  ;    ; RE   ; 2      ; C12_X29_Y73_N0_I1                          ; V_SEG12                                       ;
;   7.753  ;   0.000  ;    ; RE   ; 1      ; R14_C12_INTERCONNECT_DRIVER_X29_Y76_N0_I1  ; WIRE_MUX                                      ;
;   8.084  ;   0.331  ;    ; RE   ; 2      ; R14_X16_Y76_N0_I1                          ; H_SEG14                                       ;
;   8.363  ;   0.279  ;    ; RE   ; 2      ; C2_X15_Y74_N0_I11                          ; V_SEG2                                        ;
;   8.586  ;   0.223  ;    ; RE   ; 1      ; R3_X13_Y74_N0_I17                          ; H_SEG3                                        ;
;   8.947  ;   0.361  ;    ; RE   ; 1      ; C4_X15_Y70_N0_I8                           ; V_SEG4                                        ;
;   9.462  ;   0.515  ;    ; RE   ; 2      ; R6_X10_Y70_N0_I29                          ; H_SEG6                                        ;
;   9.739  ;   0.277  ;    ; RE   ; 1      ; LOCAL_INTERCONNECT_X11_Y70_N0_I44          ; LAB_LINE                                      ;
;   9.871  ;   0.132  ;    ; RE   ; 1      ; BLOCK_INPUT_MUX_PASSTHROUGH_X11_Y70_N0_I83 ; LEIM                                          ;
;   9.871  ;   0.000  ;    ; RE   ; 1      ; GLOBAL_LOCAL_SEL_X11_Y70_N0_I2             ; GLOBAL_LOCAL_SEL                              ;
;   9.871  ;   0.000  ;    ; RE   ; 11     ; LAB_INPUT_X11_Y70_N0_I3                    ; LAB_INPUT                                     ;
;   9.871  ;   0.000  ; FF ; IC   ; 1      ; FF_X11_Y70_N47                             ; u_cache|g_bank[10].read_enable_q|clrn         ;
;   10.445 ;   0.574  ; FF ; CELL ; 1      ; FF_X11_Y70_N47                             ; llm_bank_ram:u_cache|g_bank[10].read_enable_q ;
+----------+----------+----+------+--------+--------------------------------------------+-----------------------------------------------+

+-------------------------------------------------------------------------------------------------------------------------------+
; Data Required Path                                                                                                            ;
+----------+---------+----+------+--------+-------------------------------------+-----------------------------------------------+
; Total    ; Incr    ; RF ; Type ; Fanout ; Location                            ; Element                                       ;
+----------+---------+----+------+--------+-------------------------------------+-----------------------------------------------+
; 10.000   ; 10.000  ;    ;      ;        ;                                     ; latch edge time                               ;
; 14.458   ; 4.458   ;    ;      ;        ;                                     ; clock path                                    ;
;   10.000 ;   0.000 ;    ;      ;        ;                                     ; source latency                                ;
;   10.000 ;   0.000 ;    ;      ; 1      ; PIN_AC18                            ; clk                                           ;
;   10.000 ;   0.000 ;    ; RE   ; 1      ; IOPAD_X54_Y0_N0                     ; ARRIAV_IO_PAD                                 ;
;   10.000 ;   0.000 ;    ; RE   ; 1      ; IO_PAD_OUTPUT_X54_Y0_N0_I1          ; IO_PAD_OUTPUT                                 ;
;   10.000 ;   0.000 ;    ; RE   ; 1      ; IO_INPUT_BUFFER_INPUT_X54_Y0_N1_I0  ; IO_INPUT_BUFFER_INPUT                         ;
;   10.000 ;   0.000 ; RR ; IC   ; 1      ; IOIBUF_X54_Y0_N1                    ; clk~input|i                                   ;
;   10.917 ;   0.917 ; RR ; CELL ; 1      ; IOIBUF_X54_Y0_N1                    ; clk~input|o                                   ;
;   10.917 ;   0.000 ;    ; RE   ; 1      ; IOIBUF_X54_Y0_N1                    ; ARRIAV_IO_IBUF                                ;
;   10.917 ;   0.000 ;    ; RE   ; 1      ; IO_INPUT_BUFFER_OUTPUT_X54_Y0_N1_I2 ; IO_INPUT_BUFFER_OUTPUT                        ;
;   10.917 ;   0.000 ;    ; RE   ; 1      ; IO_RE_X54_Y0_N0_I96                 ; IO_RE                                         ;
;   11.095 ;   0.178 ;    ; RE   ; 1      ; IO_RE_X54_Y0_N0_I66                 ; IO_RE                                         ;
;   11.095 ;   0.000 ;    ; RE   ; 1      ; CLKBUF_CLUSTER_RE_X58_Y0_N0_I1614   ; CLKBUF_CLUSTER_RE                             ;
;   11.095 ;   0.000 ;    ; RE   ; 1      ; CLKBUF_CLUSTER_RE_X58_Y0_N0_I488    ; CLKBUF_CLUSTER_RE                             ;
;   11.095 ;   0.000 ;    ; RE   ; 1      ; GCLK_CLUSTER_RE_X58_Y0_N0_I10       ; GCLK_CLUSTER_RE                               ;
;   11.095 ;   0.000 ;    ; RE   ; 1      ; CLKBUFBLOCK_INPUT_X58_Y0_N1_I0      ; CLKBUFBLOCK_INPUT                             ;
;   11.095 ;   0.000 ; RR ; IC   ; 1      ; CLKCTRL_G4                          ; clk~inputCLKENA0|inclk                        ;
;   11.407 ;   0.312 ; RR ; CELL ; 49420  ; CLKCTRL_G4                          ; clk~inputCLKENA0|outclk                       ;
;   11.407 ;   0.000 ;    ; RE   ; 1      ; CLKCTRL_G4                          ; ARRIAV_CLKBUF                                 ;
;   11.407 ;   0.000 ;    ; RE   ; 1      ; CLKBUFBLOCK_OUTPUT_X58_Y0_N1_I2     ; CLKBUFBLOCK_OUTPUT                            ;
;   11.407 ;   0.000 ;    ; RE   ; 1      ; GCLK_CLUSTER_RE_X58_Y0_N0_I12       ; GCLK_CLUSTER_RE                               ;
;   11.407 ;   0.000 ;    ; RE   ; 1      ; CLKBUF_CLUSTER_RE_X58_Y0_N0_I415    ; CLKBUF_CLUSTER_RE                             ;
;   12.397 ;   0.990 ;    ; RE   ; 16     ; GLOBAL_CLOCK_X0_Y58_N0_I4           ; GLOBAL_CLOCK                                  ;
;   12.581 ;   0.184 ;    ; RE   ; 29     ; SPINE_CLOCK_X15_Y59_N0_I20          ; SPINE_CLOCK                                   ;
;   13.024 ;   0.443 ;    ; RE   ; 1      ; SCLK_TO_ROWCLK_BUF_X15_Y70_N0_I120  ; SCLK_TO_ROWCLK_BUF                            ;
;   13.109 ;   0.085 ;    ; RE   ; 2      ; SCLK_TO_ROWCLK_BUF_X15_Y70_N0_I123  ; SCLK_TO_ROWCLK_BUF                            ;
;   13.529 ;   0.420 ;    ; RE   ; 4      ; LAB_CLK_X0_Y70_N0_I2                ; LAB_CLK                                       ;
;   13.662 ;   0.133 ;    ; RE   ; 1      ; BLK_CLK_BUF_X11_Y70_N0_I2           ; BLK_CLK_BUF                                   ;
;   13.716 ;   0.054 ;    ; RE   ; 1      ; ROWCLKSEL_PREBUF_X11_Y70_N0_I2      ; ROWCLKSEL_PREBUF                              ;
;   13.751 ;   0.035 ;    ; RE   ; 1      ; ROWCLKSEL_X11_Y70_N0_I1             ; ROWCLKSEL                                     ;
;   13.751 ;   0.000 ;    ; RE   ; 1      ; GLOBAL_LOCAL_SEL_X11_Y70_N0_I1      ; GLOBAL_LOCAL_SEL                              ;
;   13.751 ;   0.000 ;    ; RE   ; 12     ; LAB_INPUT_X11_Y70_N0_I0             ; LAB_INPUT                                     ;
;   13.752 ;   0.001 ; RR ; IC   ; 1      ; FF_X11_Y70_N47                      ; u_cache|g_bank[10].read_enable_q|clk          ;
;   14.210 ;   0.458 ; RR ; CELL ; 1      ; FF_X11_Y70_N47                      ; llm_bank_ram:u_cache|g_bank[10].read_enable_q ;
;   14.458 ;   0.248 ;    ;      ;        ;                                     ; clock pessimism removed                       ;
; 14.358   ; -0.100  ;    ;      ;        ;                                     ; clock uncertainty                             ;
; 14.358   ; 0.000   ;    ; uTsu ; 1      ; FF_X11_Y70_N47                      ; llm_bank_ram:u_cache|g_bank[10].read_enable_q ;
+----------+---------+----+------+--------+-------------------------------------+-----------------------------------------------+

----------------------------
; Extra Fitter Information ;
----------------------------
HTML report is unavailable in plain text report export.


Path #28: Recovery slack is 3.913 
===============================================================================
+---------------------------------------------------------------------------------------------------+
; Path Summary                                                                                      ;
+--------------------+------------------------------------------------------------------------------+
; Property           ; Value                                                                        ;
+--------------------+------------------------------------------------------------------------------+
; From Node          ; reset_release:u_reset|core_rst_n                                             ;
; To Node            ; llm_bank_ram:u_cache|pipelined_word_ram:g_bank[10].u_storage|read_valid_q[0] ;
; Launch Clock       ; clk                                                                          ;
; Latch Clock        ; clk                                                                          ;
; Data Arrival Time  ; 10.445                                                                       ;
; Data Required Time ; 14.358                                                                       ;
; Slack              ; 3.913                                                                        ;
+--------------------+------------------------------------------------------------------------------+

+-------------------------------------------------------------------------------------+
; Statistics                                                                          ;
+------------------------+--------+-------+-------------+------------+--------+-------+
; Property               ; Value  ; Count ; Total Delay ; % of Total ; Min    ; Max   ;
+------------------------+--------+-------+-------------+------------+--------+-------+
; Recovery Relationship  ; 10.000 ;       ;             ;            ;        ;       ;
; Clock Skew             ; -0.166 ;       ;             ;            ;        ;       ;
; Data Delay             ; 5.821  ;       ;             ;            ;        ;       ;
; Number of Logic Levels ;        ; 0     ;             ;            ;        ;       ;
; Physical Delays        ;        ;       ;             ;            ;        ;       ;
;  Arrival Path          ;        ;       ;             ;            ;        ;       ;
;   Clock                ;        ;       ;             ;            ;        ;       ;
;    IC                  ;        ; 3     ; -0.001      ; 0          ; -0.001 ; 0.000 ;
;    Cell                ;        ; 3     ; 1.780       ; 38         ; 0.335  ; 0.917 ;
;    Routing Element     ;        ; 25    ; 2.845       ; 62         ; 0.000  ; 1.032 ;
;   Data                 ;        ;       ;             ;            ;        ;       ;
;    IC                  ;        ; 1     ; 0.000       ; 0          ; 0.000  ; 0.000 ;
;    Cell                ;        ; 2     ; 0.574       ; 10         ; 0.000  ; 0.574 ;
;    uTco                ;        ; 1     ; 0.000       ; 0          ; 0.000  ; 0.000 ;
;    Routing Element     ;        ; 29    ; 5.247       ; 90         ; 0.000  ; 0.515 ;
;  Required Path         ;        ;       ;             ;            ;        ;       ;
;   Clock                ;        ;       ;             ;            ;        ;       ;
;    IC                  ;        ; 3     ; 0.001       ; 0          ; 0.000  ; 0.001 ;
;    Cell                ;        ; 3     ; 1.687       ; 40         ; 0.312  ; 0.917 ;
;    Routing Element     ;        ; 25    ; 2.522       ; 60         ; 0.000  ; 0.990 ;
+------------------------+--------+-------+-------------+------------+--------+-------+
Note: Negative delays are omitted from totals when calculating percentages

+----------------------------------------------------------------------------------------------------------------------------------------------------------------------+
; Data Arrival Path                                                                                                                                                    ;
+----------+----------+----+------+--------+--------------------------------------------+------------------------------------------------------------------------------+
; Total    ; Incr     ; RF ; Type ; Fanout ; Location                                   ; Element                                                                      ;
+----------+----------+----+------+--------+--------------------------------------------+------------------------------------------------------------------------------+
; 0.000    ; 0.000    ;    ;      ;        ;                                            ; launch edge time                                                             ;
; 4.624    ; 4.624    ;    ;      ;        ;                                            ; clock path                                                                   ;
;   0.000  ;   0.000  ;    ;      ;        ;                                            ; source latency                                                               ;
;   0.000  ;   0.000  ;    ;      ; 1      ; PIN_AC18                                   ; clk                                                                          ;
;   0.000  ;   0.000  ;    ; RE   ; 1      ; IOPAD_X54_Y0_N0                            ; ARRIAV_IO_PAD                                                                ;
;   0.000  ;   0.000  ;    ; RE   ; 1      ; IO_PAD_OUTPUT_X54_Y0_N0_I1                 ; IO_PAD_OUTPUT                                                                ;
;   0.000  ;   0.000  ;    ; RE   ; 1      ; IO_INPUT_BUFFER_INPUT_X54_Y0_N1_I0         ; IO_INPUT_BUFFER_INPUT                                                        ;
;   0.000  ;   0.000  ; RR ; IC   ; 1      ; IOIBUF_X54_Y0_N1                           ; clk~input|i                                                                  ;
;   0.917  ;   0.917  ; RR ; CELL ; 1      ; IOIBUF_X54_Y0_N1                           ; clk~input|o                                                                  ;
;   0.917  ;   0.000  ;    ; RE   ; 1      ; IOIBUF_X54_Y0_N1                           ; ARRIAV_IO_IBUF                                                               ;
;   0.917  ;   0.000  ;    ; RE   ; 1      ; IO_INPUT_BUFFER_OUTPUT_X54_Y0_N1_I2        ; IO_INPUT_BUFFER_OUTPUT                                                       ;
;   0.917  ;   0.000  ;    ; RE   ; 1      ; IO_RE_X54_Y0_N0_I96                        ; IO_RE                                                                        ;
;   1.133  ;   0.216  ;    ; RE   ; 1      ; IO_RE_X54_Y0_N0_I66                        ; IO_RE                                                                        ;
;   1.320  ;   0.187  ;    ; RE   ; 1      ; CLKBUF_CLUSTER_RE_X58_Y0_N0_I1614          ; CLKBUF_CLUSTER_RE                                                            ;
;   1.320  ;   0.000  ;    ; RE   ; 1      ; CLKBUF_CLUSTER_RE_X58_Y0_N0_I488           ; CLKBUF_CLUSTER_RE                                                            ;
;   1.320  ;   0.000  ;    ; RE   ; 1      ; GCLK_CLUSTER_RE_X58_Y0_N0_I10              ; GCLK_CLUSTER_RE                                                              ;
;   1.320  ;   0.000  ;    ; RE   ; 1      ; CLKBUFBLOCK_INPUT_X58_Y0_N1_I0             ; CLKBUFBLOCK_INPUT                                                            ;
;   1.320  ;   0.000  ; RR ; IC   ; 1      ; CLKCTRL_G4                                 ; clk~inputCLKENA0|inclk                                                       ;
;   1.655  ;   0.335  ; RR ; CELL ; 49420  ; CLKCTRL_G4                                 ; clk~inputCLKENA0|outclk                                                      ;
;   1.655  ;   0.000  ;    ; RE   ; 1      ; CLKCTRL_G4                                 ; ARRIAV_CLKBUF                                                                ;
;   1.655  ;   0.000  ;    ; RE   ; 1      ; CLKBUFBLOCK_OUTPUT_X58_Y0_N1_I2            ; CLKBUFBLOCK_OUTPUT                                                           ;
;   1.655  ;   0.000  ;    ; RE   ; 1      ; GCLK_CLUSTER_RE_X58_Y0_N0_I12              ; GCLK_CLUSTER_RE                                                              ;
;   1.655  ;   0.000  ;    ; RE   ; 1      ; CLKBUF_CLUSTER_RE_X58_Y0_N0_I415           ; CLKBUF_CLUSTER_RE                                                            ;
;   2.687  ;   1.032  ;    ; RE   ; 16     ; GLOBAL_CLOCK_X0_Y58_N0_I4                  ; GLOBAL_CLOCK                                                                 ;
;   2.869  ;   0.182  ;    ; RE   ; 29     ; SPINE_CLOCK_X75_Y30_N0_I20                 ; SPINE_CLOCK                                                                  ;
;   3.329  ;   0.460  ;    ; RE   ; 1      ; SCLK_TO_ROWCLK_BUF_X75_Y57_N0_I121         ; SCLK_TO_ROWCLK_BUF                                                           ;
;   3.418  ;   0.089  ;    ; RE   ; 2      ; SCLK_TO_ROWCLK_BUF_X75_Y57_N0_I124         ; SCLK_TO_ROWCLK_BUF                                                           ;
;   3.856  ;   0.438  ;    ; RE   ; 13     ; LAB_CLK_X76_Y57_N0_I5                      ; LAB_CLK                                                                      ;
;   4.002  ;   0.146  ;    ; RE   ; 1      ; BLK_CLK_BUF_X83_Y57_N0_I5                  ; BLK_CLK_BUF                                                                  ;
;   4.058  ;   0.056  ;    ; RE   ; 1      ; ROWCLKSEL_PREBUF_X83_Y57_N0_I5             ; ROWCLKSEL_PREBUF                                                             ;
;   4.097  ;   0.039  ;    ; RE   ; 1      ; ROWCLKSEL_X83_Y57_N0_I1                    ; ROWCLKSEL                                                                    ;
;   4.097  ;   0.000  ;    ; RE   ; 2      ; GLOBAL_LOCAL_SEL_X83_Y57_N0_I1             ; GLOBAL_LOCAL_SEL                                                             ;
;   4.097  ;   0.000  ;    ; RE   ; 3      ; LAB_INPUT_X83_Y57_N0_I0                    ; LAB_INPUT                                                                    ;
;   4.096  ;   -0.001 ; RR ; IC   ; 1      ; FF_X83_Y57_N29                             ; u_reset|core_rst_n|clk                                                       ;
;   4.624  ;   0.528  ; RR ; CELL ; 1      ; FF_X83_Y57_N29                             ; reset_release:u_reset|core_rst_n                                             ;
; 10.445   ; 5.821    ;    ;      ;        ;                                            ; data path                                                                    ;
;   4.624  ;   0.000  ;    ; uTco ; 1      ; FF_X83_Y57_N29                             ; reset_release:u_reset|core_rst_n                                             ;
;   4.624  ;   0.000  ; FF ; CELL ; 3143   ; FF_X83_Y57_N29                             ; u_reset|core_rst_n|q                                                         ;
;   4.685  ;   0.061  ;    ; RE   ; 1      ; FF_X83_Y57_N29                             ; ARRIAV_FF                                                                    ;
;   4.765  ;   0.080  ;    ; RE   ; 4      ; LE_BUFFER_X83_Y57_N0_I19                   ; LE_BUFFER                                                                    ;
;   4.969  ;   0.204  ;    ; RE   ; 1      ; R6_X77_Y57_N0_I29                          ; H_SEG6                                                                       ;
;   4.969  ;   0.000  ;    ; RE   ; 1      ; R14_C12_INTERCONNECT_DRIVER_X82_Y57_N0_I3  ; WIRE_MUX                                                                     ;
;   5.363  ;   0.394  ;    ; RE   ; 9      ; C12_X82_Y58_N0_I0                          ; V_SEG12                                                                      ;
;   5.363  ;   0.000  ;    ; RE   ; 1      ; R14_C12_INTERCONNECT_DRIVER_X82_Y66_N0_I0  ; WIRE_MUX                                                                     ;
;   5.772  ;   0.409  ;    ; RE   ; 1      ; C12_X82_Y67_N0_I0                          ; V_SEG12                                                                      ;
;   5.772  ;   0.000  ;    ; RE   ; 2      ; R14_C12_INTERCONNECT_DRIVER_X82_Y76_N0_I1  ; WIRE_MUX                                                                     ;
;   6.182  ;   0.410  ;    ; RE   ; 3      ; C12_X82_Y77_N0_I0                          ; V_SEG12                                                                      ;
;   6.182  ;   0.000  ;    ; RE   ; 1      ; R14_C12_INTERCONNECT_DRIVER_X82_Y85_N0_I0  ; WIRE_MUX                                                                     ;
;   6.527  ;   0.345  ;    ; RE   ; 1      ; R14_X69_Y85_N0_I1                          ; H_SEG14                                                                      ;
;   6.527  ;   0.000  ;    ; RE   ; 1      ; R14_C12_INTERCONNECT_DRIVER_X68_Y85_N0_I2  ; WIRE_MUX                                                                     ;
;   6.847  ;   0.320  ;    ; RE   ; 6      ; R14_X55_Y85_N0_I1                          ; H_SEG14                                                                      ;
;   6.847  ;   0.000  ;    ; RE   ; 1      ; R14_C12_INTERCONNECT_DRIVER_X57_Y85_N0_I2  ; WIRE_MUX                                                                     ;
;   7.149  ;   0.302  ;    ; RE   ; 1      ; R14_X44_Y85_N0_I1                          ; H_SEG14                                                                      ;
;   7.149  ;   0.000  ;    ; RE   ; 2      ; R14_C12_INTERCONNECT_DRIVER_X43_Y85_N0_I0  ; WIRE_MUX                                                                     ;
;   7.409  ;   0.260  ;    ; RE   ; 3      ; R14_X30_Y85_N0_I1                          ; H_SEG14                                                                      ;
;   7.409  ;   0.000  ;    ; RE   ; 3      ; R14_C12_INTERCONNECT_DRIVER_X29_Y85_N0_I0  ; WIRE_MUX                                                                     ;
;   7.753  ;   0.344  ;    ; RE   ; 2      ; C12_X29_Y73_N0_I1                          ; V_SEG12                                                                      ;
;   7.753  ;   0.000  ;    ; RE   ; 1      ; R14_C12_INTERCONNECT_DRIVER_X29_Y76_N0_I1  ; WIRE_MUX                                                                     ;
;   8.084  ;   0.331  ;    ; RE   ; 2      ; R14_X16_Y76_N0_I1                          ; H_SEG14                                                                      ;
;   8.363  ;   0.279  ;    ; RE   ; 2      ; C2_X15_Y74_N0_I11                          ; V_SEG2                                                                       ;
;   8.586  ;   0.223  ;    ; RE   ; 1      ; R3_X13_Y74_N0_I17                          ; H_SEG3                                                                       ;
;   8.947  ;   0.361  ;    ; RE   ; 1      ; C4_X15_Y70_N0_I8                           ; V_SEG4                                                                       ;
;   9.462  ;   0.515  ;    ; RE   ; 2      ; R6_X10_Y70_N0_I29                          ; H_SEG6                                                                       ;
;   9.739  ;   0.277  ;    ; RE   ; 1      ; LOCAL_INTERCONNECT_X11_Y70_N0_I44          ; LAB_LINE                                                                     ;
;   9.871  ;   0.132  ;    ; RE   ; 1      ; BLOCK_INPUT_MUX_PASSTHROUGH_X11_Y70_N0_I83 ; LEIM                                                                         ;
;   9.871  ;   0.000  ;    ; RE   ; 1      ; GLOBAL_LOCAL_SEL_X11_Y70_N0_I2             ; GLOBAL_LOCAL_SEL                                                             ;
;   9.871  ;   0.000  ;    ; RE   ; 11     ; LAB_INPUT_X11_Y70_N0_I3                    ; LAB_INPUT                                                                    ;
;   9.871  ;   0.000  ; FF ; IC   ; 1      ; FF_X11_Y70_N59                             ; u_cache|g_bank[10].u_storage|read_valid_q[0]|clrn                            ;
;   10.445 ;   0.574  ; FF ; CELL ; 1      ; FF_X11_Y70_N59                             ; llm_bank_ram:u_cache|pipelined_word_ram:g_bank[10].u_storage|read_valid_q[0] ;
+----------+----------+----+------+--------+--------------------------------------------+------------------------------------------------------------------------------+

+--------------------------------------------------------------------------------------------------------------------------------------------------------------+
; Data Required Path                                                                                                                                           ;
+----------+---------+----+------+--------+-------------------------------------+------------------------------------------------------------------------------+
; Total    ; Incr    ; RF ; Type ; Fanout ; Location                            ; Element                                                                      ;
+----------+---------+----+------+--------+-------------------------------------+------------------------------------------------------------------------------+
; 10.000   ; 10.000  ;    ;      ;        ;                                     ; latch edge time                                                              ;
; 14.458   ; 4.458   ;    ;      ;        ;                                     ; clock path                                                                   ;
;   10.000 ;   0.000 ;    ;      ;        ;                                     ; source latency                                                               ;
;   10.000 ;   0.000 ;    ;      ; 1      ; PIN_AC18                            ; clk                                                                          ;
;   10.000 ;   0.000 ;    ; RE   ; 1      ; IOPAD_X54_Y0_N0                     ; ARRIAV_IO_PAD                                                                ;
;   10.000 ;   0.000 ;    ; RE   ; 1      ; IO_PAD_OUTPUT_X54_Y0_N0_I1          ; IO_PAD_OUTPUT                                                                ;
;   10.000 ;   0.000 ;    ; RE   ; 1      ; IO_INPUT_BUFFER_INPUT_X54_Y0_N1_I0  ; IO_INPUT_BUFFER_INPUT                                                        ;
;   10.000 ;   0.000 ; RR ; IC   ; 1      ; IOIBUF_X54_Y0_N1                    ; clk~input|i                                                                  ;
;   10.917 ;   0.917 ; RR ; CELL ; 1      ; IOIBUF_X54_Y0_N1                    ; clk~input|o                                                                  ;
;   10.917 ;   0.000 ;    ; RE   ; 1      ; IOIBUF_X54_Y0_N1                    ; ARRIAV_IO_IBUF                                                               ;
;   10.917 ;   0.000 ;    ; RE   ; 1      ; IO_INPUT_BUFFER_OUTPUT_X54_Y0_N1_I2 ; IO_INPUT_BUFFER_OUTPUT                                                       ;
;   10.917 ;   0.000 ;    ; RE   ; 1      ; IO_RE_X54_Y0_N0_I96                 ; IO_RE                                                                        ;
;   11.095 ;   0.178 ;    ; RE   ; 1      ; IO_RE_X54_Y0_N0_I66                 ; IO_RE                                                                        ;
;   11.095 ;   0.000 ;    ; RE   ; 1      ; CLKBUF_CLUSTER_RE_X58_Y0_N0_I1614   ; CLKBUF_CLUSTER_RE                                                            ;
;   11.095 ;   0.000 ;    ; RE   ; 1      ; CLKBUF_CLUSTER_RE_X58_Y0_N0_I488    ; CLKBUF_CLUSTER_RE                                                            ;
;   11.095 ;   0.000 ;    ; RE   ; 1      ; GCLK_CLUSTER_RE_X58_Y0_N0_I10       ; GCLK_CLUSTER_RE                                                              ;
;   11.095 ;   0.000 ;    ; RE   ; 1      ; CLKBUFBLOCK_INPUT_X58_Y0_N1_I0      ; CLKBUFBLOCK_INPUT                                                            ;
;   11.095 ;   0.000 ; RR ; IC   ; 1      ; CLKCTRL_G4                          ; clk~inputCLKENA0|inclk                                                       ;
;   11.407 ;   0.312 ; RR ; CELL ; 49420  ; CLKCTRL_G4                          ; clk~inputCLKENA0|outclk                                                      ;
;   11.407 ;   0.000 ;    ; RE   ; 1      ; CLKCTRL_G4                          ; ARRIAV_CLKBUF                                                                ;
;   11.407 ;   0.000 ;    ; RE   ; 1      ; CLKBUFBLOCK_OUTPUT_X58_Y0_N1_I2     ; CLKBUFBLOCK_OUTPUT                                                           ;
;   11.407 ;   0.000 ;    ; RE   ; 1      ; GCLK_CLUSTER_RE_X58_Y0_N0_I12       ; GCLK_CLUSTER_RE                                                              ;
;   11.407 ;   0.000 ;    ; RE   ; 1      ; CLKBUF_CLUSTER_RE_X58_Y0_N0_I415    ; CLKBUF_CLUSTER_RE                                                            ;
;   12.397 ;   0.990 ;    ; RE   ; 16     ; GLOBAL_CLOCK_X0_Y58_N0_I4           ; GLOBAL_CLOCK                                                                 ;
;   12.581 ;   0.184 ;    ; RE   ; 29     ; SPINE_CLOCK_X15_Y59_N0_I20          ; SPINE_CLOCK                                                                  ;
;   13.024 ;   0.443 ;    ; RE   ; 1      ; SCLK_TO_ROWCLK_BUF_X15_Y70_N0_I120  ; SCLK_TO_ROWCLK_BUF                                                           ;
;   13.109 ;   0.085 ;    ; RE   ; 2      ; SCLK_TO_ROWCLK_BUF_X15_Y70_N0_I123  ; SCLK_TO_ROWCLK_BUF                                                           ;
;   13.529 ;   0.420 ;    ; RE   ; 4      ; LAB_CLK_X0_Y70_N0_I2                ; LAB_CLK                                                                      ;
;   13.662 ;   0.133 ;    ; RE   ; 1      ; BLK_CLK_BUF_X11_Y70_N0_I2           ; BLK_CLK_BUF                                                                  ;
;   13.716 ;   0.054 ;    ; RE   ; 1      ; ROWCLKSEL_PREBUF_X11_Y70_N0_I2      ; ROWCLKSEL_PREBUF                                                             ;
;   13.751 ;   0.035 ;    ; RE   ; 1      ; ROWCLKSEL_X11_Y70_N0_I1             ; ROWCLKSEL                                                                    ;
;   13.751 ;   0.000 ;    ; RE   ; 1      ; GLOBAL_LOCAL_SEL_X11_Y70_N0_I1      ; GLOBAL_LOCAL_SEL                                                             ;
;   13.751 ;   0.000 ;    ; RE   ; 12     ; LAB_INPUT_X11_Y70_N0_I0             ; LAB_INPUT                                                                    ;
;   13.752 ;   0.001 ; RR ; IC   ; 1      ; FF_X11_Y70_N59                      ; u_cache|g_bank[10].u_storage|read_valid_q[0]|clk                             ;
;   14.210 ;   0.458 ; RR ; CELL ; 1      ; FF_X11_Y70_N59                      ; llm_bank_ram:u_cache|pipelined_word_ram:g_bank[10].u_storage|read_valid_q[0] ;
;   14.458 ;   0.248 ;    ;      ;        ;                                     ; clock pessimism removed                                                      ;
; 14.358   ; -0.100  ;    ;      ;        ;                                     ; clock uncertainty                                                            ;
; 14.358   ; 0.000   ;    ; uTsu ; 1      ; FF_X11_Y70_N59                      ; llm_bank_ram:u_cache|pipelined_word_ram:g_bank[10].u_storage|read_valid_q[0] ;
+----------+---------+----+------+--------+-------------------------------------+------------------------------------------------------------------------------+

----------------------------
; Extra Fitter Information ;
----------------------------
HTML report is unavailable in plain text report export.


Path #29: Recovery slack is 3.913 
===============================================================================
+--------------------------------------------------------------------+
; Path Summary                                                       ;
+--------------------+-----------------------------------------------+
; Property           ; Value                                         ;
+--------------------+-----------------------------------------------+
; From Node          ; reset_release:u_reset|core_rst_n              ;
; To Node            ; llm_bank_ram:u_cache|g_bank[11].read_enable_q ;
; Launch Clock       ; clk                                           ;
; Latch Clock        ; clk                                           ;
; Data Arrival Time  ; 10.445                                        ;
; Data Required Time ; 14.358                                        ;
; Slack              ; 3.913                                         ;
+--------------------+-----------------------------------------------+

+-------------------------------------------------------------------------------------+
; Statistics                                                                          ;
+------------------------+--------+-------+-------------+------------+--------+-------+
; Property               ; Value  ; Count ; Total Delay ; % of Total ; Min    ; Max   ;
+------------------------+--------+-------+-------------+------------+--------+-------+
; Recovery Relationship  ; 10.000 ;       ;             ;            ;        ;       ;
; Clock Skew             ; -0.166 ;       ;             ;            ;        ;       ;
; Data Delay             ; 5.821  ;       ;             ;            ;        ;       ;
; Number of Logic Levels ;        ; 0     ;             ;            ;        ;       ;
; Physical Delays        ;        ;       ;             ;            ;        ;       ;
;  Arrival Path          ;        ;       ;             ;            ;        ;       ;
;   Clock                ;        ;       ;             ;            ;        ;       ;
;    IC                  ;        ; 3     ; -0.001      ; 0          ; -0.001 ; 0.000 ;
;    Cell                ;        ; 3     ; 1.780       ; 38         ; 0.335  ; 0.917 ;
;    Routing Element     ;        ; 25    ; 2.845       ; 62         ; 0.000  ; 1.032 ;
;   Data                 ;        ;       ;             ;            ;        ;       ;
;    IC                  ;        ; 1     ; 0.000       ; 0          ; 0.000  ; 0.000 ;
;    Cell                ;        ; 2     ; 0.574       ; 10         ; 0.000  ; 0.574 ;
;    uTco                ;        ; 1     ; 0.000       ; 0          ; 0.000  ; 0.000 ;
;    Routing Element     ;        ; 29    ; 5.247       ; 90         ; 0.000  ; 0.515 ;
;  Required Path         ;        ;       ;             ;            ;        ;       ;
;   Clock                ;        ;       ;             ;            ;        ;       ;
;    IC                  ;        ; 3     ; 0.001       ; 0          ; 0.000  ; 0.001 ;
;    Cell                ;        ; 3     ; 1.687       ; 40         ; 0.312  ; 0.917 ;
;    Routing Element     ;        ; 25    ; 2.522       ; 60         ; 0.000  ; 0.990 ;
+------------------------+--------+-------+-------------+------------+--------+-------+
Note: Negative delays are omitted from totals when calculating percentages

+---------------------------------------------------------------------------------------------------------------------------------------+
; Data Arrival Path                                                                                                                     ;
+----------+----------+----+------+--------+--------------------------------------------+-----------------------------------------------+
; Total    ; Incr     ; RF ; Type ; Fanout ; Location                                   ; Element                                       ;
+----------+----------+----+------+--------+--------------------------------------------+-----------------------------------------------+
; 0.000    ; 0.000    ;    ;      ;        ;                                            ; launch edge time                              ;
; 4.624    ; 4.624    ;    ;      ;        ;                                            ; clock path                                    ;
;   0.000  ;   0.000  ;    ;      ;        ;                                            ; source latency                                ;
;   0.000  ;   0.000  ;    ;      ; 1      ; PIN_AC18                                   ; clk                                           ;
;   0.000  ;   0.000  ;    ; RE   ; 1      ; IOPAD_X54_Y0_N0                            ; ARRIAV_IO_PAD                                 ;
;   0.000  ;   0.000  ;    ; RE   ; 1      ; IO_PAD_OUTPUT_X54_Y0_N0_I1                 ; IO_PAD_OUTPUT                                 ;
;   0.000  ;   0.000  ;    ; RE   ; 1      ; IO_INPUT_BUFFER_INPUT_X54_Y0_N1_I0         ; IO_INPUT_BUFFER_INPUT                         ;
;   0.000  ;   0.000  ; RR ; IC   ; 1      ; IOIBUF_X54_Y0_N1                           ; clk~input|i                                   ;
;   0.917  ;   0.917  ; RR ; CELL ; 1      ; IOIBUF_X54_Y0_N1                           ; clk~input|o                                   ;
;   0.917  ;   0.000  ;    ; RE   ; 1      ; IOIBUF_X54_Y0_N1                           ; ARRIAV_IO_IBUF                                ;
;   0.917  ;   0.000  ;    ; RE   ; 1      ; IO_INPUT_BUFFER_OUTPUT_X54_Y0_N1_I2        ; IO_INPUT_BUFFER_OUTPUT                        ;
;   0.917  ;   0.000  ;    ; RE   ; 1      ; IO_RE_X54_Y0_N0_I96                        ; IO_RE                                         ;
;   1.133  ;   0.216  ;    ; RE   ; 1      ; IO_RE_X54_Y0_N0_I66                        ; IO_RE                                         ;
;   1.320  ;   0.187  ;    ; RE   ; 1      ; CLKBUF_CLUSTER_RE_X58_Y0_N0_I1614          ; CLKBUF_CLUSTER_RE                             ;
;   1.320  ;   0.000  ;    ; RE   ; 1      ; CLKBUF_CLUSTER_RE_X58_Y0_N0_I488           ; CLKBUF_CLUSTER_RE                             ;
;   1.320  ;   0.000  ;    ; RE   ; 1      ; GCLK_CLUSTER_RE_X58_Y0_N0_I10              ; GCLK_CLUSTER_RE                               ;
;   1.320  ;   0.000  ;    ; RE   ; 1      ; CLKBUFBLOCK_INPUT_X58_Y0_N1_I0             ; CLKBUFBLOCK_INPUT                             ;
;   1.320  ;   0.000  ; RR ; IC   ; 1      ; CLKCTRL_G4                                 ; clk~inputCLKENA0|inclk                        ;
;   1.655  ;   0.335  ; RR ; CELL ; 49420  ; CLKCTRL_G4                                 ; clk~inputCLKENA0|outclk                       ;
;   1.655  ;   0.000  ;    ; RE   ; 1      ; CLKCTRL_G4                                 ; ARRIAV_CLKBUF                                 ;
;   1.655  ;   0.000  ;    ; RE   ; 1      ; CLKBUFBLOCK_OUTPUT_X58_Y0_N1_I2            ; CLKBUFBLOCK_OUTPUT                            ;
;   1.655  ;   0.000  ;    ; RE   ; 1      ; GCLK_CLUSTER_RE_X58_Y0_N0_I12              ; GCLK_CLUSTER_RE                               ;
;   1.655  ;   0.000  ;    ; RE   ; 1      ; CLKBUF_CLUSTER_RE_X58_Y0_N0_I415           ; CLKBUF_CLUSTER_RE                             ;
;   2.687  ;   1.032  ;    ; RE   ; 16     ; GLOBAL_CLOCK_X0_Y58_N0_I4                  ; GLOBAL_CLOCK                                  ;
;   2.869  ;   0.182  ;    ; RE   ; 29     ; SPINE_CLOCK_X75_Y30_N0_I20                 ; SPINE_CLOCK                                   ;
;   3.329  ;   0.460  ;    ; RE   ; 1      ; SCLK_TO_ROWCLK_BUF_X75_Y57_N0_I121         ; SCLK_TO_ROWCLK_BUF                            ;
;   3.418  ;   0.089  ;    ; RE   ; 2      ; SCLK_TO_ROWCLK_BUF_X75_Y57_N0_I124         ; SCLK_TO_ROWCLK_BUF                            ;
;   3.856  ;   0.438  ;    ; RE   ; 13     ; LAB_CLK_X76_Y57_N0_I5                      ; LAB_CLK                                       ;
;   4.002  ;   0.146  ;    ; RE   ; 1      ; BLK_CLK_BUF_X83_Y57_N0_I5                  ; BLK_CLK_BUF                                   ;
;   4.058  ;   0.056  ;    ; RE   ; 1      ; ROWCLKSEL_PREBUF_X83_Y57_N0_I5             ; ROWCLKSEL_PREBUF                              ;
;   4.097  ;   0.039  ;    ; RE   ; 1      ; ROWCLKSEL_X83_Y57_N0_I1                    ; ROWCLKSEL                                     ;
;   4.097  ;   0.000  ;    ; RE   ; 2      ; GLOBAL_LOCAL_SEL_X83_Y57_N0_I1             ; GLOBAL_LOCAL_SEL                              ;
;   4.097  ;   0.000  ;    ; RE   ; 3      ; LAB_INPUT_X83_Y57_N0_I0                    ; LAB_INPUT                                     ;
;   4.096  ;   -0.001 ; RR ; IC   ; 1      ; FF_X83_Y57_N29                             ; u_reset|core_rst_n|clk                        ;
;   4.624  ;   0.528  ; RR ; CELL ; 1      ; FF_X83_Y57_N29                             ; reset_release:u_reset|core_rst_n              ;
; 10.445   ; 5.821    ;    ;      ;        ;                                            ; data path                                     ;
;   4.624  ;   0.000  ;    ; uTco ; 1      ; FF_X83_Y57_N29                             ; reset_release:u_reset|core_rst_n              ;
;   4.624  ;   0.000  ; FF ; CELL ; 3143   ; FF_X83_Y57_N29                             ; u_reset|core_rst_n|q                          ;
;   4.685  ;   0.061  ;    ; RE   ; 1      ; FF_X83_Y57_N29                             ; ARRIAV_FF                                     ;
;   4.765  ;   0.080  ;    ; RE   ; 4      ; LE_BUFFER_X83_Y57_N0_I19                   ; LE_BUFFER                                     ;
;   4.969  ;   0.204  ;    ; RE   ; 1      ; R6_X77_Y57_N0_I29                          ; H_SEG6                                        ;
;   4.969  ;   0.000  ;    ; RE   ; 1      ; R14_C12_INTERCONNECT_DRIVER_X82_Y57_N0_I3  ; WIRE_MUX                                      ;
;   5.363  ;   0.394  ;    ; RE   ; 9      ; C12_X82_Y58_N0_I0                          ; V_SEG12                                       ;
;   5.363  ;   0.000  ;    ; RE   ; 1      ; R14_C12_INTERCONNECT_DRIVER_X82_Y66_N0_I0  ; WIRE_MUX                                      ;
;   5.772  ;   0.409  ;    ; RE   ; 1      ; C12_X82_Y67_N0_I0                          ; V_SEG12                                       ;
;   5.772  ;   0.000  ;    ; RE   ; 2      ; R14_C12_INTERCONNECT_DRIVER_X82_Y76_N0_I1  ; WIRE_MUX                                      ;
;   6.182  ;   0.410  ;    ; RE   ; 3      ; C12_X82_Y77_N0_I0                          ; V_SEG12                                       ;
;   6.182  ;   0.000  ;    ; RE   ; 1      ; R14_C12_INTERCONNECT_DRIVER_X82_Y85_N0_I0  ; WIRE_MUX                                      ;
;   6.527  ;   0.345  ;    ; RE   ; 1      ; R14_X69_Y85_N0_I1                          ; H_SEG14                                       ;
;   6.527  ;   0.000  ;    ; RE   ; 1      ; R14_C12_INTERCONNECT_DRIVER_X68_Y85_N0_I2  ; WIRE_MUX                                      ;
;   6.847  ;   0.320  ;    ; RE   ; 6      ; R14_X55_Y85_N0_I1                          ; H_SEG14                                       ;
;   6.847  ;   0.000  ;    ; RE   ; 1      ; R14_C12_INTERCONNECT_DRIVER_X57_Y85_N0_I2  ; WIRE_MUX                                      ;
;   7.149  ;   0.302  ;    ; RE   ; 1      ; R14_X44_Y85_N0_I1                          ; H_SEG14                                       ;
;   7.149  ;   0.000  ;    ; RE   ; 2      ; R14_C12_INTERCONNECT_DRIVER_X43_Y85_N0_I0  ; WIRE_MUX                                      ;
;   7.409  ;   0.260  ;    ; RE   ; 3      ; R14_X30_Y85_N0_I1                          ; H_SEG14                                       ;
;   7.409  ;   0.000  ;    ; RE   ; 3      ; R14_C12_INTERCONNECT_DRIVER_X29_Y85_N0_I0  ; WIRE_MUX                                      ;
;   7.753  ;   0.344  ;    ; RE   ; 2      ; C12_X29_Y73_N0_I1                          ; V_SEG12                                       ;
;   7.753  ;   0.000  ;    ; RE   ; 1      ; R14_C12_INTERCONNECT_DRIVER_X29_Y76_N0_I1  ; WIRE_MUX                                      ;
;   8.084  ;   0.331  ;    ; RE   ; 2      ; R14_X16_Y76_N0_I1                          ; H_SEG14                                       ;
;   8.363  ;   0.279  ;    ; RE   ; 2      ; C2_X15_Y74_N0_I11                          ; V_SEG2                                        ;
;   8.586  ;   0.223  ;    ; RE   ; 1      ; R3_X13_Y74_N0_I17                          ; H_SEG3                                        ;
;   8.947  ;   0.361  ;    ; RE   ; 1      ; C4_X15_Y70_N0_I8                           ; V_SEG4                                        ;
;   9.462  ;   0.515  ;    ; RE   ; 2      ; R6_X10_Y70_N0_I29                          ; H_SEG6                                        ;
;   9.739  ;   0.277  ;    ; RE   ; 1      ; LOCAL_INTERCONNECT_X11_Y70_N0_I44          ; LAB_LINE                                      ;
;   9.871  ;   0.132  ;    ; RE   ; 1      ; BLOCK_INPUT_MUX_PASSTHROUGH_X11_Y70_N0_I83 ; LEIM                                          ;
;   9.871  ;   0.000  ;    ; RE   ; 1      ; GLOBAL_LOCAL_SEL_X11_Y70_N0_I2             ; GLOBAL_LOCAL_SEL                              ;
;   9.871  ;   0.000  ;    ; RE   ; 11     ; LAB_INPUT_X11_Y70_N0_I3                    ; LAB_INPUT                                     ;
;   9.871  ;   0.000  ; FF ; IC   ; 1      ; FF_X11_Y70_N53                             ; u_cache|g_bank[11].read_enable_q|clrn         ;
;   10.445 ;   0.574  ; FF ; CELL ; 1      ; FF_X11_Y70_N53                             ; llm_bank_ram:u_cache|g_bank[11].read_enable_q ;
+----------+----------+----+------+--------+--------------------------------------------+-----------------------------------------------+

+-------------------------------------------------------------------------------------------------------------------------------+
; Data Required Path                                                                                                            ;
+----------+---------+----+------+--------+-------------------------------------+-----------------------------------------------+
; Total    ; Incr    ; RF ; Type ; Fanout ; Location                            ; Element                                       ;
+----------+---------+----+------+--------+-------------------------------------+-----------------------------------------------+
; 10.000   ; 10.000  ;    ;      ;        ;                                     ; latch edge time                               ;
; 14.458   ; 4.458   ;    ;      ;        ;                                     ; clock path                                    ;
;   10.000 ;   0.000 ;    ;      ;        ;                                     ; source latency                                ;
;   10.000 ;   0.000 ;    ;      ; 1      ; PIN_AC18                            ; clk                                           ;
;   10.000 ;   0.000 ;    ; RE   ; 1      ; IOPAD_X54_Y0_N0                     ; ARRIAV_IO_PAD                                 ;
;   10.000 ;   0.000 ;    ; RE   ; 1      ; IO_PAD_OUTPUT_X54_Y0_N0_I1          ; IO_PAD_OUTPUT                                 ;
;   10.000 ;   0.000 ;    ; RE   ; 1      ; IO_INPUT_BUFFER_INPUT_X54_Y0_N1_I0  ; IO_INPUT_BUFFER_INPUT                         ;
;   10.000 ;   0.000 ; RR ; IC   ; 1      ; IOIBUF_X54_Y0_N1                    ; clk~input|i                                   ;
;   10.917 ;   0.917 ; RR ; CELL ; 1      ; IOIBUF_X54_Y0_N1                    ; clk~input|o                                   ;
;   10.917 ;   0.000 ;    ; RE   ; 1      ; IOIBUF_X54_Y0_N1                    ; ARRIAV_IO_IBUF                                ;
;   10.917 ;   0.000 ;    ; RE   ; 1      ; IO_INPUT_BUFFER_OUTPUT_X54_Y0_N1_I2 ; IO_INPUT_BUFFER_OUTPUT                        ;
;   10.917 ;   0.000 ;    ; RE   ; 1      ; IO_RE_X54_Y0_N0_I96                 ; IO_RE                                         ;
;   11.095 ;   0.178 ;    ; RE   ; 1      ; IO_RE_X54_Y0_N0_I66                 ; IO_RE                                         ;
;   11.095 ;   0.000 ;    ; RE   ; 1      ; CLKBUF_CLUSTER_RE_X58_Y0_N0_I1614   ; CLKBUF_CLUSTER_RE                             ;
;   11.095 ;   0.000 ;    ; RE   ; 1      ; CLKBUF_CLUSTER_RE_X58_Y0_N0_I488    ; CLKBUF_CLUSTER_RE                             ;
;   11.095 ;   0.000 ;    ; RE   ; 1      ; GCLK_CLUSTER_RE_X58_Y0_N0_I10       ; GCLK_CLUSTER_RE                               ;
;   11.095 ;   0.000 ;    ; RE   ; 1      ; CLKBUFBLOCK_INPUT_X58_Y0_N1_I0      ; CLKBUFBLOCK_INPUT                             ;
;   11.095 ;   0.000 ; RR ; IC   ; 1      ; CLKCTRL_G4                          ; clk~inputCLKENA0|inclk                        ;
;   11.407 ;   0.312 ; RR ; CELL ; 49420  ; CLKCTRL_G4                          ; clk~inputCLKENA0|outclk                       ;
;   11.407 ;   0.000 ;    ; RE   ; 1      ; CLKCTRL_G4                          ; ARRIAV_CLKBUF                                 ;
;   11.407 ;   0.000 ;    ; RE   ; 1      ; CLKBUFBLOCK_OUTPUT_X58_Y0_N1_I2     ; CLKBUFBLOCK_OUTPUT                            ;
;   11.407 ;   0.000 ;    ; RE   ; 1      ; GCLK_CLUSTER_RE_X58_Y0_N0_I12       ; GCLK_CLUSTER_RE                               ;
;   11.407 ;   0.000 ;    ; RE   ; 1      ; CLKBUF_CLUSTER_RE_X58_Y0_N0_I415    ; CLKBUF_CLUSTER_RE                             ;
;   12.397 ;   0.990 ;    ; RE   ; 16     ; GLOBAL_CLOCK_X0_Y58_N0_I4           ; GLOBAL_CLOCK                                  ;
;   12.581 ;   0.184 ;    ; RE   ; 29     ; SPINE_CLOCK_X15_Y59_N0_I20          ; SPINE_CLOCK                                   ;
;   13.024 ;   0.443 ;    ; RE   ; 1      ; SCLK_TO_ROWCLK_BUF_X15_Y70_N0_I120  ; SCLK_TO_ROWCLK_BUF                            ;
;   13.109 ;   0.085 ;    ; RE   ; 2      ; SCLK_TO_ROWCLK_BUF_X15_Y70_N0_I123  ; SCLK_TO_ROWCLK_BUF                            ;
;   13.529 ;   0.420 ;    ; RE   ; 4      ; LAB_CLK_X0_Y70_N0_I2                ; LAB_CLK                                       ;
;   13.662 ;   0.133 ;    ; RE   ; 1      ; BLK_CLK_BUF_X11_Y70_N0_I2           ; BLK_CLK_BUF                                   ;
;   13.716 ;   0.054 ;    ; RE   ; 1      ; ROWCLKSEL_PREBUF_X11_Y70_N0_I2      ; ROWCLKSEL_PREBUF                              ;
;   13.751 ;   0.035 ;    ; RE   ; 1      ; ROWCLKSEL_X11_Y70_N0_I1             ; ROWCLKSEL                                     ;
;   13.751 ;   0.000 ;    ; RE   ; 1      ; GLOBAL_LOCAL_SEL_X11_Y70_N0_I1      ; GLOBAL_LOCAL_SEL                              ;
;   13.751 ;   0.000 ;    ; RE   ; 12     ; LAB_INPUT_X11_Y70_N0_I0             ; LAB_INPUT                                     ;
;   13.752 ;   0.001 ; RR ; IC   ; 1      ; FF_X11_Y70_N53                      ; u_cache|g_bank[11].read_enable_q|clk          ;
;   14.210 ;   0.458 ; RR ; CELL ; 1      ; FF_X11_Y70_N53                      ; llm_bank_ram:u_cache|g_bank[11].read_enable_q ;
;   14.458 ;   0.248 ;    ;      ;        ;                                     ; clock pessimism removed                       ;
; 14.358   ; -0.100  ;    ;      ;        ;                                     ; clock uncertainty                             ;
; 14.358   ; 0.000   ;    ; uTsu ; 1      ; FF_X11_Y70_N53                      ; llm_bank_ram:u_cache|g_bank[11].read_enable_q ;
+----------+---------+----+------+--------+-------------------------------------+-----------------------------------------------+

----------------------------
; Extra Fitter Information ;
----------------------------
HTML report is unavailable in plain text report export.


Path #30: Recovery slack is 3.924 
===============================================================================
+--------------------------------------------------------------------+
; Path Summary                                                       ;
+--------------------+-----------------------------------------------+
; Property           ; Value                                         ;
+--------------------+-----------------------------------------------+
; From Node          ; reset_release:u_reset|core_rst_n              ;
; To Node            ; llm_bank_ram:u_cache|g_bank[26].read_enable_q ;
; Launch Clock       ; clk                                           ;
; Latch Clock        ; clk                                           ;
; Data Arrival Time  ; 10.415                                        ;
; Data Required Time ; 14.339                                        ;
; Slack              ; 3.924                                         ;
+--------------------+-----------------------------------------------+

+--------------------------------------------------------------------------------------+
; Statistics                                                                           ;
+------------------------+--------+-------+-------------+------------+--------+--------+
; Property               ; Value  ; Count ; Total Delay ; % of Total ; Min    ; Max    ;
+------------------------+--------+-------+-------------+------------+--------+--------+
; Recovery Relationship  ; 10.000 ;       ;             ;            ;        ;        ;
; Clock Skew             ; -0.185 ;       ;             ;            ;        ;        ;
; Data Delay             ; 5.791  ;       ;             ;            ;        ;        ;
; Number of Logic Levels ;        ; 0     ;             ;            ;        ;        ;
; Physical Delays        ;        ;       ;             ;            ;        ;        ;
;  Arrival Path          ;        ;       ;             ;            ;        ;        ;
;   Clock                ;        ;       ;             ;            ;        ;        ;
;    IC                  ;        ; 3     ; -0.001      ; 0          ; -0.001 ; 0.000  ;
;    Cell                ;        ; 3     ; 1.780       ; 38         ; 0.335  ; 0.917  ;
;    Routing Element     ;        ; 25    ; 2.845       ; 62         ; 0.000  ; 1.032  ;
;   Data                 ;        ;       ;             ;            ;        ;        ;
;    IC                  ;        ; 1     ; -0.001      ; 0          ; -0.001 ; -0.001 ;
;    Cell                ;        ; 2     ; 0.574       ; 10         ; 0.000  ; 0.574  ;
;    uTco                ;        ; 1     ; 0.000       ; 0          ; 0.000  ; 0.000  ;
;    Routing Element     ;        ; 30    ; 5.218       ; 90         ; 0.000  ; 0.437  ;
;  Required Path         ;        ;       ;             ;            ;        ;        ;
;   Clock                ;        ;       ;             ;            ;        ;        ;
;    IC                  ;        ; 3     ; -0.001      ; 0          ; -0.001 ; 0.000  ;
;    Cell                ;        ; 3     ; 1.679       ; 40         ; 0.312  ; 0.917  ;
;    Routing Element     ;        ; 25    ; 2.513       ; 60         ; 0.000  ; 0.992  ;
+------------------------+--------+-------+-------------+------------+--------+--------+
Note: Negative delays are omitted from totals when calculating percentages

+---------------------------------------------------------------------------------------------------------------------------------------+
; Data Arrival Path                                                                                                                     ;
+----------+----------+----+------+--------+--------------------------------------------+-----------------------------------------------+
; Total    ; Incr     ; RF ; Type ; Fanout ; Location                                   ; Element                                       ;
+----------+----------+----+------+--------+--------------------------------------------+-----------------------------------------------+
; 0.000    ; 0.000    ;    ;      ;        ;                                            ; launch edge time                              ;
; 4.624    ; 4.624    ;    ;      ;        ;                                            ; clock path                                    ;
;   0.000  ;   0.000  ;    ;      ;        ;                                            ; source latency                                ;
;   0.000  ;   0.000  ;    ;      ; 1      ; PIN_AC18                                   ; clk                                           ;
;   0.000  ;   0.000  ;    ; RE   ; 1      ; IOPAD_X54_Y0_N0                            ; ARRIAV_IO_PAD                                 ;
;   0.000  ;   0.000  ;    ; RE   ; 1      ; IO_PAD_OUTPUT_X54_Y0_N0_I1                 ; IO_PAD_OUTPUT                                 ;
;   0.000  ;   0.000  ;    ; RE   ; 1      ; IO_INPUT_BUFFER_INPUT_X54_Y0_N1_I0         ; IO_INPUT_BUFFER_INPUT                         ;
;   0.000  ;   0.000  ; RR ; IC   ; 1      ; IOIBUF_X54_Y0_N1                           ; clk~input|i                                   ;
;   0.917  ;   0.917  ; RR ; CELL ; 1      ; IOIBUF_X54_Y0_N1                           ; clk~input|o                                   ;
;   0.917  ;   0.000  ;    ; RE   ; 1      ; IOIBUF_X54_Y0_N1                           ; ARRIAV_IO_IBUF                                ;
;   0.917  ;   0.000  ;    ; RE   ; 1      ; IO_INPUT_BUFFER_OUTPUT_X54_Y0_N1_I2        ; IO_INPUT_BUFFER_OUTPUT                        ;
;   0.917  ;   0.000  ;    ; RE   ; 1      ; IO_RE_X54_Y0_N0_I96                        ; IO_RE                                         ;
;   1.133  ;   0.216  ;    ; RE   ; 1      ; IO_RE_X54_Y0_N0_I66                        ; IO_RE                                         ;
;   1.320  ;   0.187  ;    ; RE   ; 1      ; CLKBUF_CLUSTER_RE_X58_Y0_N0_I1614          ; CLKBUF_CLUSTER_RE                             ;
;   1.320  ;   0.000  ;    ; RE   ; 1      ; CLKBUF_CLUSTER_RE_X58_Y0_N0_I488           ; CLKBUF_CLUSTER_RE                             ;
;   1.320  ;   0.000  ;    ; RE   ; 1      ; GCLK_CLUSTER_RE_X58_Y0_N0_I10              ; GCLK_CLUSTER_RE                               ;
;   1.320  ;   0.000  ;    ; RE   ; 1      ; CLKBUFBLOCK_INPUT_X58_Y0_N1_I0             ; CLKBUFBLOCK_INPUT                             ;
;   1.320  ;   0.000  ; RR ; IC   ; 1      ; CLKCTRL_G4                                 ; clk~inputCLKENA0|inclk                        ;
;   1.655  ;   0.335  ; RR ; CELL ; 49420  ; CLKCTRL_G4                                 ; clk~inputCLKENA0|outclk                       ;
;   1.655  ;   0.000  ;    ; RE   ; 1      ; CLKCTRL_G4                                 ; ARRIAV_CLKBUF                                 ;
;   1.655  ;   0.000  ;    ; RE   ; 1      ; CLKBUFBLOCK_OUTPUT_X58_Y0_N1_I2            ; CLKBUFBLOCK_OUTPUT                            ;
;   1.655  ;   0.000  ;    ; RE   ; 1      ; GCLK_CLUSTER_RE_X58_Y0_N0_I12              ; GCLK_CLUSTER_RE                               ;
;   1.655  ;   0.000  ;    ; RE   ; 1      ; CLKBUF_CLUSTER_RE_X58_Y0_N0_I415           ; CLKBUF_CLUSTER_RE                             ;
;   2.687  ;   1.032  ;    ; RE   ; 16     ; GLOBAL_CLOCK_X0_Y58_N0_I4                  ; GLOBAL_CLOCK                                  ;
;   2.869  ;   0.182  ;    ; RE   ; 29     ; SPINE_CLOCK_X75_Y30_N0_I20                 ; SPINE_CLOCK                                   ;
;   3.329  ;   0.460  ;    ; RE   ; 1      ; SCLK_TO_ROWCLK_BUF_X75_Y57_N0_I121         ; SCLK_TO_ROWCLK_BUF                            ;
;   3.418  ;   0.089  ;    ; RE   ; 2      ; SCLK_TO_ROWCLK_BUF_X75_Y57_N0_I124         ; SCLK_TO_ROWCLK_BUF                            ;
;   3.856  ;   0.438  ;    ; RE   ; 13     ; LAB_CLK_X76_Y57_N0_I5                      ; LAB_CLK                                       ;
;   4.002  ;   0.146  ;    ; RE   ; 1      ; BLK_CLK_BUF_X83_Y57_N0_I5                  ; BLK_CLK_BUF                                   ;
;   4.058  ;   0.056  ;    ; RE   ; 1      ; ROWCLKSEL_PREBUF_X83_Y57_N0_I5             ; ROWCLKSEL_PREBUF                              ;
;   4.097  ;   0.039  ;    ; RE   ; 1      ; ROWCLKSEL_X83_Y57_N0_I1                    ; ROWCLKSEL                                     ;
;   4.097  ;   0.000  ;    ; RE   ; 2      ; GLOBAL_LOCAL_SEL_X83_Y57_N0_I1             ; GLOBAL_LOCAL_SEL                              ;
;   4.097  ;   0.000  ;    ; RE   ; 3      ; LAB_INPUT_X83_Y57_N0_I0                    ; LAB_INPUT                                     ;
;   4.096  ;   -0.001 ; RR ; IC   ; 1      ; FF_X83_Y57_N29                             ; u_reset|core_rst_n|clk                        ;
;   4.624  ;   0.528  ; RR ; CELL ; 1      ; FF_X83_Y57_N29                             ; reset_release:u_reset|core_rst_n              ;
; 10.415   ; 5.791    ;    ;      ;        ;                                            ; data path                                     ;
;   4.624  ;   0.000  ;    ; uTco ; 1      ; FF_X83_Y57_N29                             ; reset_release:u_reset|core_rst_n              ;
;   4.624  ;   0.000  ; FF ; CELL ; 3143   ; FF_X83_Y57_N29                             ; u_reset|core_rst_n|q                          ;
;   4.685  ;   0.061  ;    ; RE   ; 1      ; FF_X83_Y57_N29                             ; ARRIAV_FF                                     ;
;   4.765  ;   0.080  ;    ; RE   ; 4      ; LE_BUFFER_X83_Y57_N0_I19                   ; LE_BUFFER                                     ;
;   4.969  ;   0.204  ;    ; RE   ; 1      ; R6_X77_Y57_N0_I29                          ; H_SEG6                                        ;
;   4.969  ;   0.000  ;    ; RE   ; 1      ; R14_C12_INTERCONNECT_DRIVER_X82_Y57_N0_I3  ; WIRE_MUX                                      ;
;   5.363  ;   0.394  ;    ; RE   ; 9      ; C12_X82_Y58_N0_I0                          ; V_SEG12                                       ;
;   5.363  ;   0.000  ;    ; RE   ; 1      ; R14_C12_INTERCONNECT_DRIVER_X82_Y66_N0_I0  ; WIRE_MUX                                      ;
;   5.772  ;   0.409  ;    ; RE   ; 1      ; C12_X82_Y67_N0_I0                          ; V_SEG12                                       ;
;   5.772  ;   0.000  ;    ; RE   ; 2      ; R14_C12_INTERCONNECT_DRIVER_X82_Y76_N0_I1  ; WIRE_MUX                                      ;
;   6.183  ;   0.411  ;    ; RE   ; 3      ; C12_X82_Y77_N0_I0                          ; V_SEG12                                       ;
;   6.183  ;   0.000  ;    ; RE   ; 1      ; R14_C12_INTERCONNECT_DRIVER_X82_Y88_N0_I3  ; WIRE_MUX                                      ;
;   6.534  ;   0.351  ;    ; RE   ; 2      ; R14_X69_Y88_N0_I1                          ; H_SEG14                                       ;
;   6.534  ;   0.000  ;    ; RE   ; 1      ; R14_C12_INTERCONNECT_DRIVER_X68_Y88_N0_I2  ; WIRE_MUX                                      ;
;   6.886  ;   0.352  ;    ; RE   ; 2      ; C12_X68_Y89_N0_I0                          ; V_SEG12                                       ;
;   6.886  ;   0.000  ;    ; RE   ; 1      ; R14_C12_INTERCONNECT_DRIVER_X68_Y98_N0_I1  ; WIRE_MUX                                      ;
;   7.258  ;   0.372  ;    ; RE   ; 4      ; R14_X55_Y98_N0_I1                          ; H_SEG14                                       ;
;   7.258  ;   0.000  ;    ; RE   ; 1      ; R14_C12_INTERCONNECT_DRIVER_X54_Y98_N0_I2  ; WIRE_MUX                                      ;
;   7.673  ;   0.415  ;    ; RE   ; 2      ; C12_X54_Y99_N0_I0                          ; V_SEG12                                       ;
;   7.673  ;   0.000  ;    ; RE   ; 1      ; R14_C12_INTERCONNECT_DRIVER_X54_Y104_N0_I3 ; WIRE_MUX                                      ;
;   8.032  ;   0.359  ;    ; RE   ; 1      ; R14_X41_Y104_N0_I1                         ; H_SEG14                                       ;
;   8.032  ;   0.000  ;    ; RE   ; 1      ; R14_C12_INTERCONNECT_DRIVER_X40_Y104_N0_I2 ; WIRE_MUX                                      ;
;   8.305  ;   0.273  ;    ; RE   ; 2      ; R14_X27_Y104_N0_I1                         ; H_SEG14                                       ;
;   8.305  ;   0.000  ;    ; RE   ; 1      ; R14_C12_INTERCONNECT_DRIVER_X26_Y104_N0_I2 ; WIRE_MUX                                      ;
;   8.585  ;   0.280  ;    ; RE   ; 4      ; R14_X13_Y104_N0_I1                         ; H_SEG14                                       ;
;   8.585  ;   0.000  ;    ; RE   ; 2      ; R14_C12_INTERCONNECT_DRIVER_X15_Y104_N0_I2 ; WIRE_MUX                                      ;
;   9.018  ;   0.433  ;    ; RE   ; 3      ; C12_X15_Y92_N0_I1                          ; V_SEG12                                       ;
;   9.455  ;   0.437  ;    ; RE   ; 1      ; R6_X16_Y95_N0_I1                           ; H_SEG6                                        ;
;   9.700  ;   0.245  ;    ; RE   ; 5      ; LOCAL_INTERCONNECT_X19_Y95_N0_I23          ; LAB_LINE                                      ;
;   9.842  ;   0.142  ;    ; RE   ; 1      ; BLOCK_INPUT_MUX_PASSTHROUGH_X19_Y95_N0_I83 ; LEIM                                          ;
;   9.842  ;   0.000  ;    ; RE   ; 1      ; GLOBAL_LOCAL_SEL_X19_Y95_N0_I2             ; GLOBAL_LOCAL_SEL                              ;
;   9.842  ;   0.000  ;    ; RE   ; 12     ; LAB_INPUT_X19_Y95_N0_I3                    ; LAB_INPUT                                     ;
;   9.841  ;   -0.001 ; FF ; IC   ; 1      ; FF_X19_Y95_N28                             ; u_cache|g_bank[26].read_enable_q|clrn         ;
;   10.415 ;   0.574  ; FF ; CELL ; 1      ; FF_X19_Y95_N28                             ; llm_bank_ram:u_cache|g_bank[26].read_enable_q ;
+----------+----------+----+------+--------+--------------------------------------------+-----------------------------------------------+

+--------------------------------------------------------------------------------------------------------------------------------+
; Data Required Path                                                                                                             ;
+----------+----------+----+------+--------+-------------------------------------+-----------------------------------------------+
; Total    ; Incr     ; RF ; Type ; Fanout ; Location                            ; Element                                       ;
+----------+----------+----+------+--------+-------------------------------------+-----------------------------------------------+
; 10.000   ; 10.000   ;    ;      ;        ;                                     ; latch edge time                               ;
; 14.439   ; 4.439    ;    ;      ;        ;                                     ; clock path                                    ;
;   10.000 ;   0.000  ;    ;      ;        ;                                     ; source latency                                ;
;   10.000 ;   0.000  ;    ;      ; 1      ; PIN_AC18                            ; clk                                           ;
;   10.000 ;   0.000  ;    ; RE   ; 1      ; IOPAD_X54_Y0_N0                     ; ARRIAV_IO_PAD                                 ;
;   10.000 ;   0.000  ;    ; RE   ; 1      ; IO_PAD_OUTPUT_X54_Y0_N0_I1          ; IO_PAD_OUTPUT                                 ;
;   10.000 ;   0.000  ;    ; RE   ; 1      ; IO_INPUT_BUFFER_INPUT_X54_Y0_N1_I0  ; IO_INPUT_BUFFER_INPUT                         ;
;   10.000 ;   0.000  ; RR ; IC   ; 1      ; IOIBUF_X54_Y0_N1                    ; clk~input|i                                   ;
;   10.917 ;   0.917  ; RR ; CELL ; 1      ; IOIBUF_X54_Y0_N1                    ; clk~input|o                                   ;
;   10.917 ;   0.000  ;    ; RE   ; 1      ; IOIBUF_X54_Y0_N1                    ; ARRIAV_IO_IBUF                                ;
;   10.917 ;   0.000  ;    ; RE   ; 1      ; IO_INPUT_BUFFER_OUTPUT_X54_Y0_N1_I2 ; IO_INPUT_BUFFER_OUTPUT                        ;
;   10.917 ;   0.000  ;    ; RE   ; 1      ; IO_RE_X54_Y0_N0_I96                 ; IO_RE                                         ;
;   11.095 ;   0.178  ;    ; RE   ; 1      ; IO_RE_X54_Y0_N0_I66                 ; IO_RE                                         ;
;   11.095 ;   0.000  ;    ; RE   ; 1      ; CLKBUF_CLUSTER_RE_X58_Y0_N0_I1614   ; CLKBUF_CLUSTER_RE                             ;
;   11.095 ;   0.000  ;    ; RE   ; 1      ; CLKBUF_CLUSTER_RE_X58_Y0_N0_I488    ; CLKBUF_CLUSTER_RE                             ;
;   11.095 ;   0.000  ;    ; RE   ; 1      ; GCLK_CLUSTER_RE_X58_Y0_N0_I10       ; GCLK_CLUSTER_RE                               ;
;   11.095 ;   0.000  ;    ; RE   ; 1      ; CLKBUFBLOCK_INPUT_X58_Y0_N1_I0      ; CLKBUFBLOCK_INPUT                             ;
;   11.095 ;   0.000  ; RR ; IC   ; 1      ; CLKCTRL_G4                          ; clk~inputCLKENA0|inclk                        ;
;   11.407 ;   0.312  ; RR ; CELL ; 49420  ; CLKCTRL_G4                          ; clk~inputCLKENA0|outclk                       ;
;   11.407 ;   0.000  ;    ; RE   ; 1      ; CLKCTRL_G4                          ; ARRIAV_CLKBUF                                 ;
;   11.407 ;   0.000  ;    ; RE   ; 1      ; CLKBUFBLOCK_OUTPUT_X58_Y0_N1_I2     ; CLKBUFBLOCK_OUTPUT                            ;
;   11.407 ;   0.000  ;    ; RE   ; 1      ; GCLK_CLUSTER_RE_X58_Y0_N0_I12       ; GCLK_CLUSTER_RE                               ;
;   11.407 ;   0.000  ;    ; RE   ; 1      ; CLKBUF_CLUSTER_RE_X58_Y0_N0_I415    ; CLKBUF_CLUSTER_RE                             ;
;   12.399 ;   0.992  ;    ; RE   ; 16     ; GLOBAL_CLOCK_X0_Y58_N0_I4           ; GLOBAL_CLOCK                                  ;
;   12.569 ;   0.170  ;    ; RE   ; 26     ; SPINE_CLOCK_X15_Y88_N0_I20          ; SPINE_CLOCK                                   ;
;   13.011 ;   0.442  ;    ; RE   ; 1      ; SCLK_TO_ROWCLK_BUF_X15_Y95_N0_I120  ; SCLK_TO_ROWCLK_BUF                            ;
;   13.096 ;   0.085  ;    ; RE   ; 2      ; SCLK_TO_ROWCLK_BUF_X15_Y95_N0_I123  ; SCLK_TO_ROWCLK_BUF                            ;
;   13.518 ;   0.422  ;    ; RE   ; 10     ; LAB_CLK_X16_Y95_N0_I2               ; LAB_CLK                                       ;
;   13.653 ;   0.135  ;    ; RE   ; 1      ; BLK_CLK_BUF_X19_Y95_N0_I2           ; BLK_CLK_BUF                                   ;
;   13.707 ;   0.054  ;    ; RE   ; 1      ; ROWCLKSEL_PREBUF_X19_Y95_N0_I2      ; ROWCLKSEL_PREBUF                              ;
;   13.742 ;   0.035  ;    ; RE   ; 1      ; ROWCLKSEL_X19_Y95_N0_I1             ; ROWCLKSEL                                     ;
;   13.742 ;   0.000  ;    ; RE   ; 1      ; GLOBAL_LOCAL_SEL_X19_Y95_N0_I1      ; GLOBAL_LOCAL_SEL                              ;
;   13.742 ;   0.000  ;    ; RE   ; 13     ; LAB_INPUT_X19_Y95_N0_I0             ; LAB_INPUT                                     ;
;   13.741 ;   -0.001 ; RR ; IC   ; 1      ; FF_X19_Y95_N28                      ; u_cache|g_bank[26].read_enable_q|clk          ;
;   14.191 ;   0.450  ; RR ; CELL ; 1      ; FF_X19_Y95_N28                      ; llm_bank_ram:u_cache|g_bank[26].read_enable_q ;
;   14.439 ;   0.248  ;    ;      ;        ;                                     ; clock pessimism removed                       ;
; 14.339   ; -0.100   ;    ;      ;        ;                                     ; clock uncertainty                             ;
; 14.339   ; 0.000    ;    ; uTsu ; 1      ; FF_X19_Y95_N28                      ; llm_bank_ram:u_cache|g_bank[26].read_enable_q ;
+----------+----------+----+------+--------+-------------------------------------+-----------------------------------------------+

----------------------------
; Extra Fitter Information ;
----------------------------
HTML report is unavailable in plain text report export.


Path #31: Recovery slack is 3.924 
===============================================================================
+----------------------------------------------------------------------+
; Path Summary                                                         ;
+--------------------+-------------------------------------------------+
; Property           ; Value                                           ;
+--------------------+-------------------------------------------------+
; From Node          ; reset_release:u_reset|core_rst_n                ;
; To Node            ; llm_bank_ram:u_cache|g_request[5].read_enable_q ;
; Launch Clock       ; clk                                             ;
; Latch Clock        ; clk                                             ;
; Data Arrival Time  ; 10.415                                          ;
; Data Required Time ; 14.339                                          ;
; Slack              ; 3.924                                           ;
+--------------------+-------------------------------------------------+

+--------------------------------------------------------------------------------------+
; Statistics                                                                           ;
+------------------------+--------+-------+-------------+------------+--------+--------+
; Property               ; Value  ; Count ; Total Delay ; % of Total ; Min    ; Max    ;
+------------------------+--------+-------+-------------+------------+--------+--------+
; Recovery Relationship  ; 10.000 ;       ;             ;            ;        ;        ;
; Clock Skew             ; -0.185 ;       ;             ;            ;        ;        ;
; Data Delay             ; 5.791  ;       ;             ;            ;        ;        ;
; Number of Logic Levels ;        ; 0     ;             ;            ;        ;        ;
; Physical Delays        ;        ;       ;             ;            ;        ;        ;
;  Arrival Path          ;        ;       ;             ;            ;        ;        ;
;   Clock                ;        ;       ;             ;            ;        ;        ;
;    IC                  ;        ; 3     ; -0.001      ; 0          ; -0.001 ; 0.000  ;
;    Cell                ;        ; 3     ; 1.780       ; 38         ; 0.335  ; 0.917  ;
;    Routing Element     ;        ; 25    ; 2.845       ; 62         ; 0.000  ; 1.032  ;
;   Data                 ;        ;       ;             ;            ;        ;        ;
;    IC                  ;        ; 1     ; -0.001      ; 0          ; -0.001 ; -0.001 ;
;    Cell                ;        ; 2     ; 0.574       ; 10         ; 0.000  ; 0.574  ;
;    uTco                ;        ; 1     ; 0.000       ; 0          ; 0.000  ; 0.000  ;
;    Routing Element     ;        ; 30    ; 5.218       ; 90         ; 0.000  ; 0.437  ;
;  Required Path         ;        ;       ;             ;            ;        ;        ;
;   Clock                ;        ;       ;             ;            ;        ;        ;
;    IC                  ;        ; 3     ; -0.001      ; 0          ; -0.001 ; 0.000  ;
;    Cell                ;        ; 3     ; 1.679       ; 40         ; 0.312  ; 0.917  ;
;    Routing Element     ;        ; 25    ; 2.513       ; 60         ; 0.000  ; 0.992  ;
+------------------------+--------+-------+-------------+------------+--------+--------+
Note: Negative delays are omitted from totals when calculating percentages

+-----------------------------------------------------------------------------------------------------------------------------------------+
; Data Arrival Path                                                                                                                       ;
+----------+----------+----+------+--------+--------------------------------------------+-------------------------------------------------+
; Total    ; Incr     ; RF ; Type ; Fanout ; Location                                   ; Element                                         ;
+----------+----------+----+------+--------+--------------------------------------------+-------------------------------------------------+
; 0.000    ; 0.000    ;    ;      ;        ;                                            ; launch edge time                                ;
; 4.624    ; 4.624    ;    ;      ;        ;                                            ; clock path                                      ;
;   0.000  ;   0.000  ;    ;      ;        ;                                            ; source latency                                  ;
;   0.000  ;   0.000  ;    ;      ; 1      ; PIN_AC18                                   ; clk                                             ;
;   0.000  ;   0.000  ;    ; RE   ; 1      ; IOPAD_X54_Y0_N0                            ; ARRIAV_IO_PAD                                   ;
;   0.000  ;   0.000  ;    ; RE   ; 1      ; IO_PAD_OUTPUT_X54_Y0_N0_I1                 ; IO_PAD_OUTPUT                                   ;
;   0.000  ;   0.000  ;    ; RE   ; 1      ; IO_INPUT_BUFFER_INPUT_X54_Y0_N1_I0         ; IO_INPUT_BUFFER_INPUT                           ;
;   0.000  ;   0.000  ; RR ; IC   ; 1      ; IOIBUF_X54_Y0_N1                           ; clk~input|i                                     ;
;   0.917  ;   0.917  ; RR ; CELL ; 1      ; IOIBUF_X54_Y0_N1                           ; clk~input|o                                     ;
;   0.917  ;   0.000  ;    ; RE   ; 1      ; IOIBUF_X54_Y0_N1                           ; ARRIAV_IO_IBUF                                  ;
;   0.917  ;   0.000  ;    ; RE   ; 1      ; IO_INPUT_BUFFER_OUTPUT_X54_Y0_N1_I2        ; IO_INPUT_BUFFER_OUTPUT                          ;
;   0.917  ;   0.000  ;    ; RE   ; 1      ; IO_RE_X54_Y0_N0_I96                        ; IO_RE                                           ;
;   1.133  ;   0.216  ;    ; RE   ; 1      ; IO_RE_X54_Y0_N0_I66                        ; IO_RE                                           ;
;   1.320  ;   0.187  ;    ; RE   ; 1      ; CLKBUF_CLUSTER_RE_X58_Y0_N0_I1614          ; CLKBUF_CLUSTER_RE                               ;
;   1.320  ;   0.000  ;    ; RE   ; 1      ; CLKBUF_CLUSTER_RE_X58_Y0_N0_I488           ; CLKBUF_CLUSTER_RE                               ;
;   1.320  ;   0.000  ;    ; RE   ; 1      ; GCLK_CLUSTER_RE_X58_Y0_N0_I10              ; GCLK_CLUSTER_RE                                 ;
;   1.320  ;   0.000  ;    ; RE   ; 1      ; CLKBUFBLOCK_INPUT_X58_Y0_N1_I0             ; CLKBUFBLOCK_INPUT                               ;
;   1.320  ;   0.000  ; RR ; IC   ; 1      ; CLKCTRL_G4                                 ; clk~inputCLKENA0|inclk                          ;
;   1.655  ;   0.335  ; RR ; CELL ; 49420  ; CLKCTRL_G4                                 ; clk~inputCLKENA0|outclk                         ;
;   1.655  ;   0.000  ;    ; RE   ; 1      ; CLKCTRL_G4                                 ; ARRIAV_CLKBUF                                   ;
;   1.655  ;   0.000  ;    ; RE   ; 1      ; CLKBUFBLOCK_OUTPUT_X58_Y0_N1_I2            ; CLKBUFBLOCK_OUTPUT                              ;
;   1.655  ;   0.000  ;    ; RE   ; 1      ; GCLK_CLUSTER_RE_X58_Y0_N0_I12              ; GCLK_CLUSTER_RE                                 ;
;   1.655  ;   0.000  ;    ; RE   ; 1      ; CLKBUF_CLUSTER_RE_X58_Y0_N0_I415           ; CLKBUF_CLUSTER_RE                               ;
;   2.687  ;   1.032  ;    ; RE   ; 16     ; GLOBAL_CLOCK_X0_Y58_N0_I4                  ; GLOBAL_CLOCK                                    ;
;   2.869  ;   0.182  ;    ; RE   ; 29     ; SPINE_CLOCK_X75_Y30_N0_I20                 ; SPINE_CLOCK                                     ;
;   3.329  ;   0.460  ;    ; RE   ; 1      ; SCLK_TO_ROWCLK_BUF_X75_Y57_N0_I121         ; SCLK_TO_ROWCLK_BUF                              ;
;   3.418  ;   0.089  ;    ; RE   ; 2      ; SCLK_TO_ROWCLK_BUF_X75_Y57_N0_I124         ; SCLK_TO_ROWCLK_BUF                              ;
;   3.856  ;   0.438  ;    ; RE   ; 13     ; LAB_CLK_X76_Y57_N0_I5                      ; LAB_CLK                                         ;
;   4.002  ;   0.146  ;    ; RE   ; 1      ; BLK_CLK_BUF_X83_Y57_N0_I5                  ; BLK_CLK_BUF                                     ;
;   4.058  ;   0.056  ;    ; RE   ; 1      ; ROWCLKSEL_PREBUF_X83_Y57_N0_I5             ; ROWCLKSEL_PREBUF                                ;
;   4.097  ;   0.039  ;    ; RE   ; 1      ; ROWCLKSEL_X83_Y57_N0_I1                    ; ROWCLKSEL                                       ;
;   4.097  ;   0.000  ;    ; RE   ; 2      ; GLOBAL_LOCAL_SEL_X83_Y57_N0_I1             ; GLOBAL_LOCAL_SEL                                ;
;   4.097  ;   0.000  ;    ; RE   ; 3      ; LAB_INPUT_X83_Y57_N0_I0                    ; LAB_INPUT                                       ;
;   4.096  ;   -0.001 ; RR ; IC   ; 1      ; FF_X83_Y57_N29                             ; u_reset|core_rst_n|clk                          ;
;   4.624  ;   0.528  ; RR ; CELL ; 1      ; FF_X83_Y57_N29                             ; reset_release:u_reset|core_rst_n                ;
; 10.415   ; 5.791    ;    ;      ;        ;                                            ; data path                                       ;
;   4.624  ;   0.000  ;    ; uTco ; 1      ; FF_X83_Y57_N29                             ; reset_release:u_reset|core_rst_n                ;
;   4.624  ;   0.000  ; FF ; CELL ; 3143   ; FF_X83_Y57_N29                             ; u_reset|core_rst_n|q                            ;
;   4.685  ;   0.061  ;    ; RE   ; 1      ; FF_X83_Y57_N29                             ; ARRIAV_FF                                       ;
;   4.765  ;   0.080  ;    ; RE   ; 4      ; LE_BUFFER_X83_Y57_N0_I19                   ; LE_BUFFER                                       ;
;   4.969  ;   0.204  ;    ; RE   ; 1      ; R6_X77_Y57_N0_I29                          ; H_SEG6                                          ;
;   4.969  ;   0.000  ;    ; RE   ; 1      ; R14_C12_INTERCONNECT_DRIVER_X82_Y57_N0_I3  ; WIRE_MUX                                        ;
;   5.363  ;   0.394  ;    ; RE   ; 9      ; C12_X82_Y58_N0_I0                          ; V_SEG12                                         ;
;   5.363  ;   0.000  ;    ; RE   ; 1      ; R14_C12_INTERCONNECT_DRIVER_X82_Y66_N0_I0  ; WIRE_MUX                                        ;
;   5.772  ;   0.409  ;    ; RE   ; 1      ; C12_X82_Y67_N0_I0                          ; V_SEG12                                         ;
;   5.772  ;   0.000  ;    ; RE   ; 2      ; R14_C12_INTERCONNECT_DRIVER_X82_Y76_N0_I1  ; WIRE_MUX                                        ;
;   6.183  ;   0.411  ;    ; RE   ; 3      ; C12_X82_Y77_N0_I0                          ; V_SEG12                                         ;
;   6.183  ;   0.000  ;    ; RE   ; 1      ; R14_C12_INTERCONNECT_DRIVER_X82_Y88_N0_I3  ; WIRE_MUX                                        ;
;   6.534  ;   0.351  ;    ; RE   ; 2      ; R14_X69_Y88_N0_I1                          ; H_SEG14                                         ;
;   6.534  ;   0.000  ;    ; RE   ; 1      ; R14_C12_INTERCONNECT_DRIVER_X68_Y88_N0_I2  ; WIRE_MUX                                        ;
;   6.886  ;   0.352  ;    ; RE   ; 2      ; C12_X68_Y89_N0_I0                          ; V_SEG12                                         ;
;   6.886  ;   0.000  ;    ; RE   ; 1      ; R14_C12_INTERCONNECT_DRIVER_X68_Y98_N0_I1  ; WIRE_MUX                                        ;
;   7.258  ;   0.372  ;    ; RE   ; 4      ; R14_X55_Y98_N0_I1                          ; H_SEG14                                         ;
;   7.258  ;   0.000  ;    ; RE   ; 1      ; R14_C12_INTERCONNECT_DRIVER_X54_Y98_N0_I2  ; WIRE_MUX                                        ;
;   7.673  ;   0.415  ;    ; RE   ; 2      ; C12_X54_Y99_N0_I0                          ; V_SEG12                                         ;
;   7.673  ;   0.000  ;    ; RE   ; 1      ; R14_C12_INTERCONNECT_DRIVER_X54_Y104_N0_I3 ; WIRE_MUX                                        ;
;   8.032  ;   0.359  ;    ; RE   ; 1      ; R14_X41_Y104_N0_I1                         ; H_SEG14                                         ;
;   8.032  ;   0.000  ;    ; RE   ; 1      ; R14_C12_INTERCONNECT_DRIVER_X40_Y104_N0_I2 ; WIRE_MUX                                        ;
;   8.305  ;   0.273  ;    ; RE   ; 2      ; R14_X27_Y104_N0_I1                         ; H_SEG14                                         ;
;   8.305  ;   0.000  ;    ; RE   ; 1      ; R14_C12_INTERCONNECT_DRIVER_X26_Y104_N0_I2 ; WIRE_MUX                                        ;
;   8.585  ;   0.280  ;    ; RE   ; 4      ; R14_X13_Y104_N0_I1                         ; H_SEG14                                         ;
;   8.585  ;   0.000  ;    ; RE   ; 2      ; R14_C12_INTERCONNECT_DRIVER_X15_Y104_N0_I2 ; WIRE_MUX                                        ;
;   9.018  ;   0.433  ;    ; RE   ; 3      ; C12_X15_Y92_N0_I1                          ; V_SEG12                                         ;
;   9.455  ;   0.437  ;    ; RE   ; 1      ; R6_X16_Y95_N0_I1                           ; H_SEG6                                          ;
;   9.700  ;   0.245  ;    ; RE   ; 5      ; LOCAL_INTERCONNECT_X19_Y95_N0_I23          ; LAB_LINE                                        ;
;   9.842  ;   0.142  ;    ; RE   ; 1      ; BLOCK_INPUT_MUX_PASSTHROUGH_X19_Y95_N0_I83 ; LEIM                                            ;
;   9.842  ;   0.000  ;    ; RE   ; 1      ; GLOBAL_LOCAL_SEL_X19_Y95_N0_I2             ; GLOBAL_LOCAL_SEL                                ;
;   9.842  ;   0.000  ;    ; RE   ; 12     ; LAB_INPUT_X19_Y95_N0_I3                    ; LAB_INPUT                                       ;
;   9.841  ;   -0.001 ; FF ; IC   ; 1      ; FF_X19_Y95_N46                             ; u_cache|g_request[5].read_enable_q|clrn         ;
;   10.415 ;   0.574  ; FF ; CELL ; 1      ; FF_X19_Y95_N46                             ; llm_bank_ram:u_cache|g_request[5].read_enable_q ;
+----------+----------+----+------+--------+--------------------------------------------+-------------------------------------------------+

+----------------------------------------------------------------------------------------------------------------------------------+
; Data Required Path                                                                                                               ;
+----------+----------+----+------+--------+-------------------------------------+-------------------------------------------------+
; Total    ; Incr     ; RF ; Type ; Fanout ; Location                            ; Element                                         ;
+----------+----------+----+------+--------+-------------------------------------+-------------------------------------------------+
; 10.000   ; 10.000   ;    ;      ;        ;                                     ; latch edge time                                 ;
; 14.439   ; 4.439    ;    ;      ;        ;                                     ; clock path                                      ;
;   10.000 ;   0.000  ;    ;      ;        ;                                     ; source latency                                  ;
;   10.000 ;   0.000  ;    ;      ; 1      ; PIN_AC18                            ; clk                                             ;
;   10.000 ;   0.000  ;    ; RE   ; 1      ; IOPAD_X54_Y0_N0                     ; ARRIAV_IO_PAD                                   ;
;   10.000 ;   0.000  ;    ; RE   ; 1      ; IO_PAD_OUTPUT_X54_Y0_N0_I1          ; IO_PAD_OUTPUT                                   ;
;   10.000 ;   0.000  ;    ; RE   ; 1      ; IO_INPUT_BUFFER_INPUT_X54_Y0_N1_I0  ; IO_INPUT_BUFFER_INPUT                           ;
;   10.000 ;   0.000  ; RR ; IC   ; 1      ; IOIBUF_X54_Y0_N1                    ; clk~input|i                                     ;
;   10.917 ;   0.917  ; RR ; CELL ; 1      ; IOIBUF_X54_Y0_N1                    ; clk~input|o                                     ;
;   10.917 ;   0.000  ;    ; RE   ; 1      ; IOIBUF_X54_Y0_N1                    ; ARRIAV_IO_IBUF                                  ;
;   10.917 ;   0.000  ;    ; RE   ; 1      ; IO_INPUT_BUFFER_OUTPUT_X54_Y0_N1_I2 ; IO_INPUT_BUFFER_OUTPUT                          ;
;   10.917 ;   0.000  ;    ; RE   ; 1      ; IO_RE_X54_Y0_N0_I96                 ; IO_RE                                           ;
;   11.095 ;   0.178  ;    ; RE   ; 1      ; IO_RE_X54_Y0_N0_I66                 ; IO_RE                                           ;
;   11.095 ;   0.000  ;    ; RE   ; 1      ; CLKBUF_CLUSTER_RE_X58_Y0_N0_I1614   ; CLKBUF_CLUSTER_RE                               ;
;   11.095 ;   0.000  ;    ; RE   ; 1      ; CLKBUF_CLUSTER_RE_X58_Y0_N0_I488    ; CLKBUF_CLUSTER_RE                               ;
;   11.095 ;   0.000  ;    ; RE   ; 1      ; GCLK_CLUSTER_RE_X58_Y0_N0_I10       ; GCLK_CLUSTER_RE                                 ;
;   11.095 ;   0.000  ;    ; RE   ; 1      ; CLKBUFBLOCK_INPUT_X58_Y0_N1_I0      ; CLKBUFBLOCK_INPUT                               ;
;   11.095 ;   0.000  ; RR ; IC   ; 1      ; CLKCTRL_G4                          ; clk~inputCLKENA0|inclk                          ;
;   11.407 ;   0.312  ; RR ; CELL ; 49420  ; CLKCTRL_G4                          ; clk~inputCLKENA0|outclk                         ;
;   11.407 ;   0.000  ;    ; RE   ; 1      ; CLKCTRL_G4                          ; ARRIAV_CLKBUF                                   ;
;   11.407 ;   0.000  ;    ; RE   ; 1      ; CLKBUFBLOCK_OUTPUT_X58_Y0_N1_I2     ; CLKBUFBLOCK_OUTPUT                              ;
;   11.407 ;   0.000  ;    ; RE   ; 1      ; GCLK_CLUSTER_RE_X58_Y0_N0_I12       ; GCLK_CLUSTER_RE                                 ;
;   11.407 ;   0.000  ;    ; RE   ; 1      ; CLKBUF_CLUSTER_RE_X58_Y0_N0_I415    ; CLKBUF_CLUSTER_RE                               ;
;   12.399 ;   0.992  ;    ; RE   ; 16     ; GLOBAL_CLOCK_X0_Y58_N0_I4           ; GLOBAL_CLOCK                                    ;
;   12.569 ;   0.170  ;    ; RE   ; 26     ; SPINE_CLOCK_X15_Y88_N0_I20          ; SPINE_CLOCK                                     ;
;   13.011 ;   0.442  ;    ; RE   ; 1      ; SCLK_TO_ROWCLK_BUF_X15_Y95_N0_I120  ; SCLK_TO_ROWCLK_BUF                              ;
;   13.096 ;   0.085  ;    ; RE   ; 2      ; SCLK_TO_ROWCLK_BUF_X15_Y95_N0_I123  ; SCLK_TO_ROWCLK_BUF                              ;
;   13.518 ;   0.422  ;    ; RE   ; 10     ; LAB_CLK_X16_Y95_N0_I2               ; LAB_CLK                                         ;
;   13.653 ;   0.135  ;    ; RE   ; 1      ; BLK_CLK_BUF_X19_Y95_N0_I2           ; BLK_CLK_BUF                                     ;
;   13.707 ;   0.054  ;    ; RE   ; 1      ; ROWCLKSEL_PREBUF_X19_Y95_N0_I2      ; ROWCLKSEL_PREBUF                                ;
;   13.742 ;   0.035  ;    ; RE   ; 1      ; ROWCLKSEL_X19_Y95_N0_I1             ; ROWCLKSEL                                       ;
;   13.742 ;   0.000  ;    ; RE   ; 1      ; GLOBAL_LOCAL_SEL_X19_Y95_N0_I1      ; GLOBAL_LOCAL_SEL                                ;
;   13.742 ;   0.000  ;    ; RE   ; 13     ; LAB_INPUT_X19_Y95_N0_I0             ; LAB_INPUT                                       ;
;   13.741 ;   -0.001 ; RR ; IC   ; 1      ; FF_X19_Y95_N46                      ; u_cache|g_request[5].read_enable_q|clk          ;
;   14.191 ;   0.450  ; RR ; CELL ; 1      ; FF_X19_Y95_N46                      ; llm_bank_ram:u_cache|g_request[5].read_enable_q ;
;   14.439 ;   0.248  ;    ;      ;        ;                                     ; clock pessimism removed                         ;
; 14.339   ; -0.100   ;    ;      ;        ;                                     ; clock uncertainty                               ;
; 14.339   ; 0.000    ;    ; uTsu ; 1      ; FF_X19_Y95_N46                      ; llm_bank_ram:u_cache|g_request[5].read_enable_q ;
+----------+----------+----+------+--------+-------------------------------------+-------------------------------------------------+

----------------------------
; Extra Fitter Information ;
----------------------------
HTML report is unavailable in plain text report export.


Path #32: Recovery slack is 3.925 
===============================================================================
+------------------------------------------------------------------------------------------------------+
; Path Summary                                                                                         ;
+--------------------+---------------------------------------------------------------------------------+
; Property           ; Value                                                                           ;
+--------------------+---------------------------------------------------------------------------------+
; From Node          ; reset_release:u_reset|core_rst_n                                                ;
; To Node            ; llm_bank_ram:u_cache|pipelined_word_ram:g_bank[27].u_storage|g_ip.read_enable_q ;
; Launch Clock       ; clk                                                                             ;
; Latch Clock        ; clk                                                                             ;
; Data Arrival Time  ; 10.415                                                                          ;
; Data Required Time ; 14.340                                                                          ;
; Slack              ; 3.925                                                                           ;
+--------------------+---------------------------------------------------------------------------------+

+--------------------------------------------------------------------------------------+
; Statistics                                                                           ;
+------------------------+--------+-------+-------------+------------+--------+--------+
; Property               ; Value  ; Count ; Total Delay ; % of Total ; Min    ; Max    ;
+------------------------+--------+-------+-------------+------------+--------+--------+
; Recovery Relationship  ; 10.000 ;       ;             ;            ;        ;        ;
; Clock Skew             ; -0.184 ;       ;             ;            ;        ;        ;
; Data Delay             ; 5.791  ;       ;             ;            ;        ;        ;
; Number of Logic Levels ;        ; 0     ;             ;            ;        ;        ;
; Physical Delays        ;        ;       ;             ;            ;        ;        ;
;  Arrival Path          ;        ;       ;             ;            ;        ;        ;
;   Clock                ;        ;       ;             ;            ;        ;        ;
;    IC                  ;        ; 3     ; -0.001      ; 0          ; -0.001 ; 0.000  ;
;    Cell                ;        ; 3     ; 1.780       ; 38         ; 0.335  ; 0.917  ;
;    Routing Element     ;        ; 25    ; 2.845       ; 62         ; 0.000  ; 1.032  ;
;   Data                 ;        ;       ;             ;            ;        ;        ;
;    IC                  ;        ; 1     ; -0.001      ; 0          ; -0.001 ; -0.001 ;
;    Cell                ;        ; 2     ; 0.574       ; 10         ; 0.000  ; 0.574  ;
;    uTco                ;        ; 1     ; 0.000       ; 0          ; 0.000  ; 0.000  ;
;    Routing Element     ;        ; 30    ; 5.218       ; 90         ; 0.000  ; 0.437  ;
;  Required Path         ;        ;       ;             ;            ;        ;        ;
;   Clock                ;        ;       ;             ;            ;        ;        ;
;    IC                  ;        ; 3     ; -0.001      ; 0          ; -0.001 ; 0.000  ;
;    Cell                ;        ; 3     ; 1.680       ; 40         ; 0.312  ; 0.917  ;
;    Routing Element     ;        ; 25    ; 2.513       ; 60         ; 0.000  ; 0.992  ;
+------------------------+--------+-------+-------------+------------+--------+--------+
Note: Negative delays are omitted from totals when calculating percentages

+-------------------------------------------------------------------------------------------------------------------------------------------------------------------------+
; Data Arrival Path                                                                                                                                                       ;
+----------+----------+----+------+--------+--------------------------------------------+---------------------------------------------------------------------------------+
; Total    ; Incr     ; RF ; Type ; Fanout ; Location                                   ; Element                                                                         ;
+----------+----------+----+------+--------+--------------------------------------------+---------------------------------------------------------------------------------+
; 0.000    ; 0.000    ;    ;      ;        ;                                            ; launch edge time                                                                ;
; 4.624    ; 4.624    ;    ;      ;        ;                                            ; clock path                                                                      ;
;   0.000  ;   0.000  ;    ;      ;        ;                                            ; source latency                                                                  ;
;   0.000  ;   0.000  ;    ;      ; 1      ; PIN_AC18                                   ; clk                                                                             ;
;   0.000  ;   0.000  ;    ; RE   ; 1      ; IOPAD_X54_Y0_N0                            ; ARRIAV_IO_PAD                                                                   ;
;   0.000  ;   0.000  ;    ; RE   ; 1      ; IO_PAD_OUTPUT_X54_Y0_N0_I1                 ; IO_PAD_OUTPUT                                                                   ;
;   0.000  ;   0.000  ;    ; RE   ; 1      ; IO_INPUT_BUFFER_INPUT_X54_Y0_N1_I0         ; IO_INPUT_BUFFER_INPUT                                                           ;
;   0.000  ;   0.000  ; RR ; IC   ; 1      ; IOIBUF_X54_Y0_N1                           ; clk~input|i                                                                     ;
;   0.917  ;   0.917  ; RR ; CELL ; 1      ; IOIBUF_X54_Y0_N1                           ; clk~input|o                                                                     ;
;   0.917  ;   0.000  ;    ; RE   ; 1      ; IOIBUF_X54_Y0_N1                           ; ARRIAV_IO_IBUF                                                                  ;
;   0.917  ;   0.000  ;    ; RE   ; 1      ; IO_INPUT_BUFFER_OUTPUT_X54_Y0_N1_I2        ; IO_INPUT_BUFFER_OUTPUT                                                          ;
;   0.917  ;   0.000  ;    ; RE   ; 1      ; IO_RE_X54_Y0_N0_I96                        ; IO_RE                                                                           ;
;   1.133  ;   0.216  ;    ; RE   ; 1      ; IO_RE_X54_Y0_N0_I66                        ; IO_RE                                                                           ;
;   1.320  ;   0.187  ;    ; RE   ; 1      ; CLKBUF_CLUSTER_RE_X58_Y0_N0_I1614          ; CLKBUF_CLUSTER_RE                                                               ;
;   1.320  ;   0.000  ;    ; RE   ; 1      ; CLKBUF_CLUSTER_RE_X58_Y0_N0_I488           ; CLKBUF_CLUSTER_RE                                                               ;
;   1.320  ;   0.000  ;    ; RE   ; 1      ; GCLK_CLUSTER_RE_X58_Y0_N0_I10              ; GCLK_CLUSTER_RE                                                                 ;
;   1.320  ;   0.000  ;    ; RE   ; 1      ; CLKBUFBLOCK_INPUT_X58_Y0_N1_I0             ; CLKBUFBLOCK_INPUT                                                               ;
;   1.320  ;   0.000  ; RR ; IC   ; 1      ; CLKCTRL_G4                                 ; clk~inputCLKENA0|inclk                                                          ;
;   1.655  ;   0.335  ; RR ; CELL ; 49420  ; CLKCTRL_G4                                 ; clk~inputCLKENA0|outclk                                                         ;
;   1.655  ;   0.000  ;    ; RE   ; 1      ; CLKCTRL_G4                                 ; ARRIAV_CLKBUF                                                                   ;
;   1.655  ;   0.000  ;    ; RE   ; 1      ; CLKBUFBLOCK_OUTPUT_X58_Y0_N1_I2            ; CLKBUFBLOCK_OUTPUT                                                              ;
;   1.655  ;   0.000  ;    ; RE   ; 1      ; GCLK_CLUSTER_RE_X58_Y0_N0_I12              ; GCLK_CLUSTER_RE                                                                 ;
;   1.655  ;   0.000  ;    ; RE   ; 1      ; CLKBUF_CLUSTER_RE_X58_Y0_N0_I415           ; CLKBUF_CLUSTER_RE                                                               ;
;   2.687  ;   1.032  ;    ; RE   ; 16     ; GLOBAL_CLOCK_X0_Y58_N0_I4                  ; GLOBAL_CLOCK                                                                    ;
;   2.869  ;   0.182  ;    ; RE   ; 29     ; SPINE_CLOCK_X75_Y30_N0_I20                 ; SPINE_CLOCK                                                                     ;
;   3.329  ;   0.460  ;    ; RE   ; 1      ; SCLK_TO_ROWCLK_BUF_X75_Y57_N0_I121         ; SCLK_TO_ROWCLK_BUF                                                              ;
;   3.418  ;   0.089  ;    ; RE   ; 2      ; SCLK_TO_ROWCLK_BUF_X75_Y57_N0_I124         ; SCLK_TO_ROWCLK_BUF                                                              ;
;   3.856  ;   0.438  ;    ; RE   ; 13     ; LAB_CLK_X76_Y57_N0_I5                      ; LAB_CLK                                                                         ;
;   4.002  ;   0.146  ;    ; RE   ; 1      ; BLK_CLK_BUF_X83_Y57_N0_I5                  ; BLK_CLK_BUF                                                                     ;
;   4.058  ;   0.056  ;    ; RE   ; 1      ; ROWCLKSEL_PREBUF_X83_Y57_N0_I5             ; ROWCLKSEL_PREBUF                                                                ;
;   4.097  ;   0.039  ;    ; RE   ; 1      ; ROWCLKSEL_X83_Y57_N0_I1                    ; ROWCLKSEL                                                                       ;
;   4.097  ;   0.000  ;    ; RE   ; 2      ; GLOBAL_LOCAL_SEL_X83_Y57_N0_I1             ; GLOBAL_LOCAL_SEL                                                                ;
;   4.097  ;   0.000  ;    ; RE   ; 3      ; LAB_INPUT_X83_Y57_N0_I0                    ; LAB_INPUT                                                                       ;
;   4.096  ;   -0.001 ; RR ; IC   ; 1      ; FF_X83_Y57_N29                             ; u_reset|core_rst_n|clk                                                          ;
;   4.624  ;   0.528  ; RR ; CELL ; 1      ; FF_X83_Y57_N29                             ; reset_release:u_reset|core_rst_n                                                ;
; 10.415   ; 5.791    ;    ;      ;        ;                                            ; data path                                                                       ;
;   4.624  ;   0.000  ;    ; uTco ; 1      ; FF_X83_Y57_N29                             ; reset_release:u_reset|core_rst_n                                                ;
;   4.624  ;   0.000  ; FF ; CELL ; 3143   ; FF_X83_Y57_N29                             ; u_reset|core_rst_n|q                                                            ;
;   4.685  ;   0.061  ;    ; RE   ; 1      ; FF_X83_Y57_N29                             ; ARRIAV_FF                                                                       ;
;   4.765  ;   0.080  ;    ; RE   ; 4      ; LE_BUFFER_X83_Y57_N0_I19                   ; LE_BUFFER                                                                       ;
;   4.969  ;   0.204  ;    ; RE   ; 1      ; R6_X77_Y57_N0_I29                          ; H_SEG6                                                                          ;
;   4.969  ;   0.000  ;    ; RE   ; 1      ; R14_C12_INTERCONNECT_DRIVER_X82_Y57_N0_I3  ; WIRE_MUX                                                                        ;
;   5.363  ;   0.394  ;    ; RE   ; 9      ; C12_X82_Y58_N0_I0                          ; V_SEG12                                                                         ;
;   5.363  ;   0.000  ;    ; RE   ; 1      ; R14_C12_INTERCONNECT_DRIVER_X82_Y66_N0_I0  ; WIRE_MUX                                                                        ;
;   5.772  ;   0.409  ;    ; RE   ; 1      ; C12_X82_Y67_N0_I0                          ; V_SEG12                                                                         ;
;   5.772  ;   0.000  ;    ; RE   ; 2      ; R14_C12_INTERCONNECT_DRIVER_X82_Y76_N0_I1  ; WIRE_MUX                                                                        ;
;   6.183  ;   0.411  ;    ; RE   ; 3      ; C12_X82_Y77_N0_I0                          ; V_SEG12                                                                         ;
;   6.183  ;   0.000  ;    ; RE   ; 1      ; R14_C12_INTERCONNECT_DRIVER_X82_Y88_N0_I3  ; WIRE_MUX                                                                        ;
;   6.534  ;   0.351  ;    ; RE   ; 2      ; R14_X69_Y88_N0_I1                          ; H_SEG14                                                                         ;
;   6.534  ;   0.000  ;    ; RE   ; 1      ; R14_C12_INTERCONNECT_DRIVER_X68_Y88_N0_I2  ; WIRE_MUX                                                                        ;
;   6.886  ;   0.352  ;    ; RE   ; 2      ; C12_X68_Y89_N0_I0                          ; V_SEG12                                                                         ;
;   6.886  ;   0.000  ;    ; RE   ; 1      ; R14_C12_INTERCONNECT_DRIVER_X68_Y98_N0_I1  ; WIRE_MUX                                                                        ;
;   7.258  ;   0.372  ;    ; RE   ; 4      ; R14_X55_Y98_N0_I1                          ; H_SEG14                                                                         ;
;   7.258  ;   0.000  ;    ; RE   ; 1      ; R14_C12_INTERCONNECT_DRIVER_X54_Y98_N0_I2  ; WIRE_MUX                                                                        ;
;   7.673  ;   0.415  ;    ; RE   ; 2      ; C12_X54_Y99_N0_I0                          ; V_SEG12                                                                         ;
;   7.673  ;   0.000  ;    ; RE   ; 1      ; R14_C12_INTERCONNECT_DRIVER_X54_Y104_N0_I3 ; WIRE_MUX                                                                        ;
;   8.032  ;   0.359  ;    ; RE   ; 1      ; R14_X41_Y104_N0_I1                         ; H_SEG14                                                                         ;
;   8.032  ;   0.000  ;    ; RE   ; 1      ; R14_C12_INTERCONNECT_DRIVER_X40_Y104_N0_I2 ; WIRE_MUX                                                                        ;
;   8.305  ;   0.273  ;    ; RE   ; 2      ; R14_X27_Y104_N0_I1                         ; H_SEG14                                                                         ;
;   8.305  ;   0.000  ;    ; RE   ; 1      ; R14_C12_INTERCONNECT_DRIVER_X26_Y104_N0_I2 ; WIRE_MUX                                                                        ;
;   8.585  ;   0.280  ;    ; RE   ; 4      ; R14_X13_Y104_N0_I1                         ; H_SEG14                                                                         ;
;   8.585  ;   0.000  ;    ; RE   ; 2      ; R14_C12_INTERCONNECT_DRIVER_X15_Y104_N0_I2 ; WIRE_MUX                                                                        ;
;   9.018  ;   0.433  ;    ; RE   ; 3      ; C12_X15_Y92_N0_I1                          ; V_SEG12                                                                         ;
;   9.455  ;   0.437  ;    ; RE   ; 1      ; R6_X16_Y95_N0_I1                           ; H_SEG6                                                                          ;
;   9.700  ;   0.245  ;    ; RE   ; 5      ; LOCAL_INTERCONNECT_X19_Y95_N0_I23          ; LAB_LINE                                                                        ;
;   9.842  ;   0.142  ;    ; RE   ; 1      ; BLOCK_INPUT_MUX_PASSTHROUGH_X19_Y95_N0_I83 ; LEIM                                                                            ;
;   9.842  ;   0.000  ;    ; RE   ; 1      ; GLOBAL_LOCAL_SEL_X19_Y95_N0_I2             ; GLOBAL_LOCAL_SEL                                                                ;
;   9.842  ;   0.000  ;    ; RE   ; 12     ; LAB_INPUT_X19_Y95_N0_I3                    ; LAB_INPUT                                                                       ;
;   9.841  ;   -0.001 ; FF ; IC   ; 1      ; FF_X19_Y95_N32                             ; u_cache|g_bank[27].u_storage|g_ip.read_enable_q|clrn                            ;
;   10.415 ;   0.574  ; FF ; CELL ; 1      ; FF_X19_Y95_N32                             ; llm_bank_ram:u_cache|pipelined_word_ram:g_bank[27].u_storage|g_ip.read_enable_q ;
+----------+----------+----+------+--------+--------------------------------------------+---------------------------------------------------------------------------------+

+------------------------------------------------------------------------------------------------------------------------------------------------------------------+
; Data Required Path                                                                                                                                               ;
+----------+----------+----+------+--------+-------------------------------------+---------------------------------------------------------------------------------+
; Total    ; Incr     ; RF ; Type ; Fanout ; Location                            ; Element                                                                         ;
+----------+----------+----+------+--------+-------------------------------------+---------------------------------------------------------------------------------+
; 10.000   ; 10.000   ;    ;      ;        ;                                     ; latch edge time                                                                 ;
; 14.440   ; 4.440    ;    ;      ;        ;                                     ; clock path                                                                      ;
;   10.000 ;   0.000  ;    ;      ;        ;                                     ; source latency                                                                  ;
;   10.000 ;   0.000  ;    ;      ; 1      ; PIN_AC18                            ; clk                                                                             ;
;   10.000 ;   0.000  ;    ; RE   ; 1      ; IOPAD_X54_Y0_N0                     ; ARRIAV_IO_PAD                                                                   ;
;   10.000 ;   0.000  ;    ; RE   ; 1      ; IO_PAD_OUTPUT_X54_Y0_N0_I1          ; IO_PAD_OUTPUT                                                                   ;
;   10.000 ;   0.000  ;    ; RE   ; 1      ; IO_INPUT_BUFFER_INPUT_X54_Y0_N1_I0  ; IO_INPUT_BUFFER_INPUT                                                           ;
;   10.000 ;   0.000  ; RR ; IC   ; 1      ; IOIBUF_X54_Y0_N1                    ; clk~input|i                                                                     ;
;   10.917 ;   0.917  ; RR ; CELL ; 1      ; IOIBUF_X54_Y0_N1                    ; clk~input|o                                                                     ;
;   10.917 ;   0.000  ;    ; RE   ; 1      ; IOIBUF_X54_Y0_N1                    ; ARRIAV_IO_IBUF                                                                  ;
;   10.917 ;   0.000  ;    ; RE   ; 1      ; IO_INPUT_BUFFER_OUTPUT_X54_Y0_N1_I2 ; IO_INPUT_BUFFER_OUTPUT                                                          ;
;   10.917 ;   0.000  ;    ; RE   ; 1      ; IO_RE_X54_Y0_N0_I96                 ; IO_RE                                                                           ;
;   11.095 ;   0.178  ;    ; RE   ; 1      ; IO_RE_X54_Y0_N0_I66                 ; IO_RE                                                                           ;
;   11.095 ;   0.000  ;    ; RE   ; 1      ; CLKBUF_CLUSTER_RE_X58_Y0_N0_I1614   ; CLKBUF_CLUSTER_RE                                                               ;
;   11.095 ;   0.000  ;    ; RE   ; 1      ; CLKBUF_CLUSTER_RE_X58_Y0_N0_I488    ; CLKBUF_CLUSTER_RE                                                               ;
;   11.095 ;   0.000  ;    ; RE   ; 1      ; GCLK_CLUSTER_RE_X58_Y0_N0_I10       ; GCLK_CLUSTER_RE                                                                 ;
;   11.095 ;   0.000  ;    ; RE   ; 1      ; CLKBUFBLOCK_INPUT_X58_Y0_N1_I0      ; CLKBUFBLOCK_INPUT                                                               ;
;   11.095 ;   0.000  ; RR ; IC   ; 1      ; CLKCTRL_G4                          ; clk~inputCLKENA0|inclk                                                          ;
;   11.407 ;   0.312  ; RR ; CELL ; 49420  ; CLKCTRL_G4                          ; clk~inputCLKENA0|outclk                                                         ;
;   11.407 ;   0.000  ;    ; RE   ; 1      ; CLKCTRL_G4                          ; ARRIAV_CLKBUF                                                                   ;
;   11.407 ;   0.000  ;    ; RE   ; 1      ; CLKBUFBLOCK_OUTPUT_X58_Y0_N1_I2     ; CLKBUFBLOCK_OUTPUT                                                              ;
;   11.407 ;   0.000  ;    ; RE   ; 1      ; GCLK_CLUSTER_RE_X58_Y0_N0_I12       ; GCLK_CLUSTER_RE                                                                 ;
;   11.407 ;   0.000  ;    ; RE   ; 1      ; CLKBUF_CLUSTER_RE_X58_Y0_N0_I415    ; CLKBUF_CLUSTER_RE                                                               ;
;   12.399 ;   0.992  ;    ; RE   ; 16     ; GLOBAL_CLOCK_X0_Y58_N0_I4           ; GLOBAL_CLOCK                                                                    ;
;   12.569 ;   0.170  ;    ; RE   ; 26     ; SPINE_CLOCK_X15_Y88_N0_I20          ; SPINE_CLOCK                                                                     ;
;   13.011 ;   0.442  ;    ; RE   ; 1      ; SCLK_TO_ROWCLK_BUF_X15_Y95_N0_I120  ; SCLK_TO_ROWCLK_BUF                                                              ;
;   13.096 ;   0.085  ;    ; RE   ; 2      ; SCLK_TO_ROWCLK_BUF_X15_Y95_N0_I123  ; SCLK_TO_ROWCLK_BUF                                                              ;
;   13.518 ;   0.422  ;    ; RE   ; 10     ; LAB_CLK_X16_Y95_N0_I2               ; LAB_CLK                                                                         ;
;   13.653 ;   0.135  ;    ; RE   ; 1      ; BLK_CLK_BUF_X19_Y95_N0_I2           ; BLK_CLK_BUF                                                                     ;
;   13.707 ;   0.054  ;    ; RE   ; 1      ; ROWCLKSEL_PREBUF_X19_Y95_N0_I2      ; ROWCLKSEL_PREBUF                                                                ;
;   13.742 ;   0.035  ;    ; RE   ; 1      ; ROWCLKSEL_X19_Y95_N0_I1             ; ROWCLKSEL                                                                       ;
;   13.742 ;   0.000  ;    ; RE   ; 1      ; GLOBAL_LOCAL_SEL_X19_Y95_N0_I1      ; GLOBAL_LOCAL_SEL                                                                ;
;   13.742 ;   0.000  ;    ; RE   ; 13     ; LAB_INPUT_X19_Y95_N0_I0             ; LAB_INPUT                                                                       ;
;   13.741 ;   -0.001 ; RR ; IC   ; 1      ; FF_X19_Y95_N32                      ; u_cache|g_bank[27].u_storage|g_ip.read_enable_q|clk                             ;
;   14.192 ;   0.451  ; RR ; CELL ; 1      ; FF_X19_Y95_N32                      ; llm_bank_ram:u_cache|pipelined_word_ram:g_bank[27].u_storage|g_ip.read_enable_q ;
;   14.440 ;   0.248  ;    ;      ;        ;                                     ; clock pessimism removed                                                         ;
; 14.340   ; -0.100   ;    ;      ;        ;                                     ; clock uncertainty                                                               ;
; 14.340   ; 0.000    ;    ; uTsu ; 1      ; FF_X19_Y95_N32                      ; llm_bank_ram:u_cache|pipelined_word_ram:g_bank[27].u_storage|g_ip.read_enable_q ;
+----------+----------+----+------+--------+-------------------------------------+---------------------------------------------------------------------------------+

----------------------------
; Extra Fitter Information ;
----------------------------
HTML report is unavailable in plain text report export.


Path #33: Recovery slack is 3.925 
===============================================================================
+--------------------------------------------------------------------+
; Path Summary                                                       ;
+--------------------+-----------------------------------------------+
; Property           ; Value                                         ;
+--------------------+-----------------------------------------------+
; From Node          ; reset_release:u_reset|core_rst_n              ;
; To Node            ; llm_bank_ram:u_cache|g_bank[27].read_enable_q ;
; Launch Clock       ; clk                                           ;
; Latch Clock        ; clk                                           ;
; Data Arrival Time  ; 10.415                                        ;
; Data Required Time ; 14.340                                        ;
; Slack              ; 3.925                                         ;
+--------------------+-----------------------------------------------+

+--------------------------------------------------------------------------------------+
; Statistics                                                                           ;
+------------------------+--------+-------+-------------+------------+--------+--------+
; Property               ; Value  ; Count ; Total Delay ; % of Total ; Min    ; Max    ;
+------------------------+--------+-------+-------------+------------+--------+--------+
; Recovery Relationship  ; 10.000 ;       ;             ;            ;        ;        ;
; Clock Skew             ; -0.184 ;       ;             ;            ;        ;        ;
; Data Delay             ; 5.791  ;       ;             ;            ;        ;        ;
; Number of Logic Levels ;        ; 0     ;             ;            ;        ;        ;
; Physical Delays        ;        ;       ;             ;            ;        ;        ;
;  Arrival Path          ;        ;       ;             ;            ;        ;        ;
;   Clock                ;        ;       ;             ;            ;        ;        ;
;    IC                  ;        ; 3     ; -0.001      ; 0          ; -0.001 ; 0.000  ;
;    Cell                ;        ; 3     ; 1.780       ; 38         ; 0.335  ; 0.917  ;
;    Routing Element     ;        ; 25    ; 2.845       ; 62         ; 0.000  ; 1.032  ;
;   Data                 ;        ;       ;             ;            ;        ;        ;
;    IC                  ;        ; 1     ; -0.001      ; 0          ; -0.001 ; -0.001 ;
;    Cell                ;        ; 2     ; 0.574       ; 10         ; 0.000  ; 0.574  ;
;    uTco                ;        ; 1     ; 0.000       ; 0          ; 0.000  ; 0.000  ;
;    Routing Element     ;        ; 30    ; 5.218       ; 90         ; 0.000  ; 0.437  ;
;  Required Path         ;        ;       ;             ;            ;        ;        ;
;   Clock                ;        ;       ;             ;            ;        ;        ;
;    IC                  ;        ; 3     ; -0.001      ; 0          ; -0.001 ; 0.000  ;
;    Cell                ;        ; 3     ; 1.680       ; 40         ; 0.312  ; 0.917  ;
;    Routing Element     ;        ; 25    ; 2.513       ; 60         ; 0.000  ; 0.992  ;
+------------------------+--------+-------+-------------+------------+--------+--------+
Note: Negative delays are omitted from totals when calculating percentages

+---------------------------------------------------------------------------------------------------------------------------------------+
; Data Arrival Path                                                                                                                     ;
+----------+----------+----+------+--------+--------------------------------------------+-----------------------------------------------+
; Total    ; Incr     ; RF ; Type ; Fanout ; Location                                   ; Element                                       ;
+----------+----------+----+------+--------+--------------------------------------------+-----------------------------------------------+
; 0.000    ; 0.000    ;    ;      ;        ;                                            ; launch edge time                              ;
; 4.624    ; 4.624    ;    ;      ;        ;                                            ; clock path                                    ;
;   0.000  ;   0.000  ;    ;      ;        ;                                            ; source latency                                ;
;   0.000  ;   0.000  ;    ;      ; 1      ; PIN_AC18                                   ; clk                                           ;
;   0.000  ;   0.000  ;    ; RE   ; 1      ; IOPAD_X54_Y0_N0                            ; ARRIAV_IO_PAD                                 ;
;   0.000  ;   0.000  ;    ; RE   ; 1      ; IO_PAD_OUTPUT_X54_Y0_N0_I1                 ; IO_PAD_OUTPUT                                 ;
;   0.000  ;   0.000  ;    ; RE   ; 1      ; IO_INPUT_BUFFER_INPUT_X54_Y0_N1_I0         ; IO_INPUT_BUFFER_INPUT                         ;
;   0.000  ;   0.000  ; RR ; IC   ; 1      ; IOIBUF_X54_Y0_N1                           ; clk~input|i                                   ;
;   0.917  ;   0.917  ; RR ; CELL ; 1      ; IOIBUF_X54_Y0_N1                           ; clk~input|o                                   ;
;   0.917  ;   0.000  ;    ; RE   ; 1      ; IOIBUF_X54_Y0_N1                           ; ARRIAV_IO_IBUF                                ;
;   0.917  ;   0.000  ;    ; RE   ; 1      ; IO_INPUT_BUFFER_OUTPUT_X54_Y0_N1_I2        ; IO_INPUT_BUFFER_OUTPUT                        ;
;   0.917  ;   0.000  ;    ; RE   ; 1      ; IO_RE_X54_Y0_N0_I96                        ; IO_RE                                         ;
;   1.133  ;   0.216  ;    ; RE   ; 1      ; IO_RE_X54_Y0_N0_I66                        ; IO_RE                                         ;
;   1.320  ;   0.187  ;    ; RE   ; 1      ; CLKBUF_CLUSTER_RE_X58_Y0_N0_I1614          ; CLKBUF_CLUSTER_RE                             ;
;   1.320  ;   0.000  ;    ; RE   ; 1      ; CLKBUF_CLUSTER_RE_X58_Y0_N0_I488           ; CLKBUF_CLUSTER_RE                             ;
;   1.320  ;   0.000  ;    ; RE   ; 1      ; GCLK_CLUSTER_RE_X58_Y0_N0_I10              ; GCLK_CLUSTER_RE                               ;
;   1.320  ;   0.000  ;    ; RE   ; 1      ; CLKBUFBLOCK_INPUT_X58_Y0_N1_I0             ; CLKBUFBLOCK_INPUT                             ;
;   1.320  ;   0.000  ; RR ; IC   ; 1      ; CLKCTRL_G4                                 ; clk~inputCLKENA0|inclk                        ;
;   1.655  ;   0.335  ; RR ; CELL ; 49420  ; CLKCTRL_G4                                 ; clk~inputCLKENA0|outclk                       ;
;   1.655  ;   0.000  ;    ; RE   ; 1      ; CLKCTRL_G4                                 ; ARRIAV_CLKBUF                                 ;
;   1.655  ;   0.000  ;    ; RE   ; 1      ; CLKBUFBLOCK_OUTPUT_X58_Y0_N1_I2            ; CLKBUFBLOCK_OUTPUT                            ;
;   1.655  ;   0.000  ;    ; RE   ; 1      ; GCLK_CLUSTER_RE_X58_Y0_N0_I12              ; GCLK_CLUSTER_RE                               ;
;   1.655  ;   0.000  ;    ; RE   ; 1      ; CLKBUF_CLUSTER_RE_X58_Y0_N0_I415           ; CLKBUF_CLUSTER_RE                             ;
;   2.687  ;   1.032  ;    ; RE   ; 16     ; GLOBAL_CLOCK_X0_Y58_N0_I4                  ; GLOBAL_CLOCK                                  ;
;   2.869  ;   0.182  ;    ; RE   ; 29     ; SPINE_CLOCK_X75_Y30_N0_I20                 ; SPINE_CLOCK                                   ;
;   3.329  ;   0.460  ;    ; RE   ; 1      ; SCLK_TO_ROWCLK_BUF_X75_Y57_N0_I121         ; SCLK_TO_ROWCLK_BUF                            ;
;   3.418  ;   0.089  ;    ; RE   ; 2      ; SCLK_TO_ROWCLK_BUF_X75_Y57_N0_I124         ; SCLK_TO_ROWCLK_BUF                            ;
;   3.856  ;   0.438  ;    ; RE   ; 13     ; LAB_CLK_X76_Y57_N0_I5                      ; LAB_CLK                                       ;
;   4.002  ;   0.146  ;    ; RE   ; 1      ; BLK_CLK_BUF_X83_Y57_N0_I5                  ; BLK_CLK_BUF                                   ;
;   4.058  ;   0.056  ;    ; RE   ; 1      ; ROWCLKSEL_PREBUF_X83_Y57_N0_I5             ; ROWCLKSEL_PREBUF                              ;
;   4.097  ;   0.039  ;    ; RE   ; 1      ; ROWCLKSEL_X83_Y57_N0_I1                    ; ROWCLKSEL                                     ;
;   4.097  ;   0.000  ;    ; RE   ; 2      ; GLOBAL_LOCAL_SEL_X83_Y57_N0_I1             ; GLOBAL_LOCAL_SEL                              ;
;   4.097  ;   0.000  ;    ; RE   ; 3      ; LAB_INPUT_X83_Y57_N0_I0                    ; LAB_INPUT                                     ;
;   4.096  ;   -0.001 ; RR ; IC   ; 1      ; FF_X83_Y57_N29                             ; u_reset|core_rst_n|clk                        ;
;   4.624  ;   0.528  ; RR ; CELL ; 1      ; FF_X83_Y57_N29                             ; reset_release:u_reset|core_rst_n              ;
; 10.415   ; 5.791    ;    ;      ;        ;                                            ; data path                                     ;
;   4.624  ;   0.000  ;    ; uTco ; 1      ; FF_X83_Y57_N29                             ; reset_release:u_reset|core_rst_n              ;
;   4.624  ;   0.000  ; FF ; CELL ; 3143   ; FF_X83_Y57_N29                             ; u_reset|core_rst_n|q                          ;
;   4.685  ;   0.061  ;    ; RE   ; 1      ; FF_X83_Y57_N29                             ; ARRIAV_FF                                     ;
;   4.765  ;   0.080  ;    ; RE   ; 4      ; LE_BUFFER_X83_Y57_N0_I19                   ; LE_BUFFER                                     ;
;   4.969  ;   0.204  ;    ; RE   ; 1      ; R6_X77_Y57_N0_I29                          ; H_SEG6                                        ;
;   4.969  ;   0.000  ;    ; RE   ; 1      ; R14_C12_INTERCONNECT_DRIVER_X82_Y57_N0_I3  ; WIRE_MUX                                      ;
;   5.363  ;   0.394  ;    ; RE   ; 9      ; C12_X82_Y58_N0_I0                          ; V_SEG12                                       ;
;   5.363  ;   0.000  ;    ; RE   ; 1      ; R14_C12_INTERCONNECT_DRIVER_X82_Y66_N0_I0  ; WIRE_MUX                                      ;
;   5.772  ;   0.409  ;    ; RE   ; 1      ; C12_X82_Y67_N0_I0                          ; V_SEG12                                       ;
;   5.772  ;   0.000  ;    ; RE   ; 2      ; R14_C12_INTERCONNECT_DRIVER_X82_Y76_N0_I1  ; WIRE_MUX                                      ;
;   6.183  ;   0.411  ;    ; RE   ; 3      ; C12_X82_Y77_N0_I0                          ; V_SEG12                                       ;
;   6.183  ;   0.000  ;    ; RE   ; 1      ; R14_C12_INTERCONNECT_DRIVER_X82_Y88_N0_I3  ; WIRE_MUX                                      ;
;   6.534  ;   0.351  ;    ; RE   ; 2      ; R14_X69_Y88_N0_I1                          ; H_SEG14                                       ;
;   6.534  ;   0.000  ;    ; RE   ; 1      ; R14_C12_INTERCONNECT_DRIVER_X68_Y88_N0_I2  ; WIRE_MUX                                      ;
;   6.886  ;   0.352  ;    ; RE   ; 2      ; C12_X68_Y89_N0_I0                          ; V_SEG12                                       ;
;   6.886  ;   0.000  ;    ; RE   ; 1      ; R14_C12_INTERCONNECT_DRIVER_X68_Y98_N0_I1  ; WIRE_MUX                                      ;
;   7.258  ;   0.372  ;    ; RE   ; 4      ; R14_X55_Y98_N0_I1                          ; H_SEG14                                       ;
;   7.258  ;   0.000  ;    ; RE   ; 1      ; R14_C12_INTERCONNECT_DRIVER_X54_Y98_N0_I2  ; WIRE_MUX                                      ;
;   7.673  ;   0.415  ;    ; RE   ; 2      ; C12_X54_Y99_N0_I0                          ; V_SEG12                                       ;
;   7.673  ;   0.000  ;    ; RE   ; 1      ; R14_C12_INTERCONNECT_DRIVER_X54_Y104_N0_I3 ; WIRE_MUX                                      ;
;   8.032  ;   0.359  ;    ; RE   ; 1      ; R14_X41_Y104_N0_I1                         ; H_SEG14                                       ;
;   8.032  ;   0.000  ;    ; RE   ; 1      ; R14_C12_INTERCONNECT_DRIVER_X40_Y104_N0_I2 ; WIRE_MUX                                      ;
;   8.305  ;   0.273  ;    ; RE   ; 2      ; R14_X27_Y104_N0_I1                         ; H_SEG14                                       ;
;   8.305  ;   0.000  ;    ; RE   ; 1      ; R14_C12_INTERCONNECT_DRIVER_X26_Y104_N0_I2 ; WIRE_MUX                                      ;
;   8.585  ;   0.280  ;    ; RE   ; 4      ; R14_X13_Y104_N0_I1                         ; H_SEG14                                       ;
;   8.585  ;   0.000  ;    ; RE   ; 2      ; R14_C12_INTERCONNECT_DRIVER_X15_Y104_N0_I2 ; WIRE_MUX                                      ;
;   9.018  ;   0.433  ;    ; RE   ; 3      ; C12_X15_Y92_N0_I1                          ; V_SEG12                                       ;
;   9.455  ;   0.437  ;    ; RE   ; 1      ; R6_X16_Y95_N0_I1                           ; H_SEG6                                        ;
;   9.700  ;   0.245  ;    ; RE   ; 5      ; LOCAL_INTERCONNECT_X19_Y95_N0_I23          ; LAB_LINE                                      ;
;   9.842  ;   0.142  ;    ; RE   ; 1      ; BLOCK_INPUT_MUX_PASSTHROUGH_X19_Y95_N0_I83 ; LEIM                                          ;
;   9.842  ;   0.000  ;    ; RE   ; 1      ; GLOBAL_LOCAL_SEL_X19_Y95_N0_I2             ; GLOBAL_LOCAL_SEL                              ;
;   9.842  ;   0.000  ;    ; RE   ; 12     ; LAB_INPUT_X19_Y95_N0_I3                    ; LAB_INPUT                                     ;
;   9.841  ;   -0.001 ; FF ; IC   ; 1      ; FF_X19_Y95_N2                              ; u_cache|g_bank[27].read_enable_q|clrn         ;
;   10.415 ;   0.574  ; FF ; CELL ; 1      ; FF_X19_Y95_N2                              ; llm_bank_ram:u_cache|g_bank[27].read_enable_q ;
+----------+----------+----+------+--------+--------------------------------------------+-----------------------------------------------+

+--------------------------------------------------------------------------------------------------------------------------------+
; Data Required Path                                                                                                             ;
+----------+----------+----+------+--------+-------------------------------------+-----------------------------------------------+
; Total    ; Incr     ; RF ; Type ; Fanout ; Location                            ; Element                                       ;
+----------+----------+----+------+--------+-------------------------------------+-----------------------------------------------+
; 10.000   ; 10.000   ;    ;      ;        ;                                     ; latch edge time                               ;
; 14.440   ; 4.440    ;    ;      ;        ;                                     ; clock path                                    ;
;   10.000 ;   0.000  ;    ;      ;        ;                                     ; source latency                                ;
;   10.000 ;   0.000  ;    ;      ; 1      ; PIN_AC18                            ; clk                                           ;
;   10.000 ;   0.000  ;    ; RE   ; 1      ; IOPAD_X54_Y0_N0                     ; ARRIAV_IO_PAD                                 ;
;   10.000 ;   0.000  ;    ; RE   ; 1      ; IO_PAD_OUTPUT_X54_Y0_N0_I1          ; IO_PAD_OUTPUT                                 ;
;   10.000 ;   0.000  ;    ; RE   ; 1      ; IO_INPUT_BUFFER_INPUT_X54_Y0_N1_I0  ; IO_INPUT_BUFFER_INPUT                         ;
;   10.000 ;   0.000  ; RR ; IC   ; 1      ; IOIBUF_X54_Y0_N1                    ; clk~input|i                                   ;
;   10.917 ;   0.917  ; RR ; CELL ; 1      ; IOIBUF_X54_Y0_N1                    ; clk~input|o                                   ;
;   10.917 ;   0.000  ;    ; RE   ; 1      ; IOIBUF_X54_Y0_N1                    ; ARRIAV_IO_IBUF                                ;
;   10.917 ;   0.000  ;    ; RE   ; 1      ; IO_INPUT_BUFFER_OUTPUT_X54_Y0_N1_I2 ; IO_INPUT_BUFFER_OUTPUT                        ;
;   10.917 ;   0.000  ;    ; RE   ; 1      ; IO_RE_X54_Y0_N0_I96                 ; IO_RE                                         ;
;   11.095 ;   0.178  ;    ; RE   ; 1      ; IO_RE_X54_Y0_N0_I66                 ; IO_RE                                         ;
;   11.095 ;   0.000  ;    ; RE   ; 1      ; CLKBUF_CLUSTER_RE_X58_Y0_N0_I1614   ; CLKBUF_CLUSTER_RE                             ;
;   11.095 ;   0.000  ;    ; RE   ; 1      ; CLKBUF_CLUSTER_RE_X58_Y0_N0_I488    ; CLKBUF_CLUSTER_RE                             ;
;   11.095 ;   0.000  ;    ; RE   ; 1      ; GCLK_CLUSTER_RE_X58_Y0_N0_I10       ; GCLK_CLUSTER_RE                               ;
;   11.095 ;   0.000  ;    ; RE   ; 1      ; CLKBUFBLOCK_INPUT_X58_Y0_N1_I0      ; CLKBUFBLOCK_INPUT                             ;
;   11.095 ;   0.000  ; RR ; IC   ; 1      ; CLKCTRL_G4                          ; clk~inputCLKENA0|inclk                        ;
;   11.407 ;   0.312  ; RR ; CELL ; 49420  ; CLKCTRL_G4                          ; clk~inputCLKENA0|outclk                       ;
;   11.407 ;   0.000  ;    ; RE   ; 1      ; CLKCTRL_G4                          ; ARRIAV_CLKBUF                                 ;
;   11.407 ;   0.000  ;    ; RE   ; 1      ; CLKBUFBLOCK_OUTPUT_X58_Y0_N1_I2     ; CLKBUFBLOCK_OUTPUT                            ;
;   11.407 ;   0.000  ;    ; RE   ; 1      ; GCLK_CLUSTER_RE_X58_Y0_N0_I12       ; GCLK_CLUSTER_RE                               ;
;   11.407 ;   0.000  ;    ; RE   ; 1      ; CLKBUF_CLUSTER_RE_X58_Y0_N0_I415    ; CLKBUF_CLUSTER_RE                             ;
;   12.399 ;   0.992  ;    ; RE   ; 16     ; GLOBAL_CLOCK_X0_Y58_N0_I4           ; GLOBAL_CLOCK                                  ;
;   12.569 ;   0.170  ;    ; RE   ; 26     ; SPINE_CLOCK_X15_Y88_N0_I20          ; SPINE_CLOCK                                   ;
;   13.011 ;   0.442  ;    ; RE   ; 1      ; SCLK_TO_ROWCLK_BUF_X15_Y95_N0_I120  ; SCLK_TO_ROWCLK_BUF                            ;
;   13.096 ;   0.085  ;    ; RE   ; 2      ; SCLK_TO_ROWCLK_BUF_X15_Y95_N0_I123  ; SCLK_TO_ROWCLK_BUF                            ;
;   13.518 ;   0.422  ;    ; RE   ; 10     ; LAB_CLK_X16_Y95_N0_I2               ; LAB_CLK                                       ;
;   13.653 ;   0.135  ;    ; RE   ; 1      ; BLK_CLK_BUF_X19_Y95_N0_I2           ; BLK_CLK_BUF                                   ;
;   13.707 ;   0.054  ;    ; RE   ; 1      ; ROWCLKSEL_PREBUF_X19_Y95_N0_I2      ; ROWCLKSEL_PREBUF                              ;
;   13.742 ;   0.035  ;    ; RE   ; 1      ; ROWCLKSEL_X19_Y95_N0_I1             ; ROWCLKSEL                                     ;
;   13.742 ;   0.000  ;    ; RE   ; 1      ; GLOBAL_LOCAL_SEL_X19_Y95_N0_I1      ; GLOBAL_LOCAL_SEL                              ;
;   13.742 ;   0.000  ;    ; RE   ; 13     ; LAB_INPUT_X19_Y95_N0_I0             ; LAB_INPUT                                     ;
;   13.741 ;   -0.001 ; RR ; IC   ; 1      ; FF_X19_Y95_N2                       ; u_cache|g_bank[27].read_enable_q|clk          ;
;   14.192 ;   0.451  ; RR ; CELL ; 1      ; FF_X19_Y95_N2                       ; llm_bank_ram:u_cache|g_bank[27].read_enable_q ;
;   14.440 ;   0.248  ;    ;      ;        ;                                     ; clock pessimism removed                       ;
; 14.340   ; -0.100   ;    ;      ;        ;                                     ; clock uncertainty                             ;
; 14.340   ; 0.000    ;    ; uTsu ; 1      ; FF_X19_Y95_N2                       ; llm_bank_ram:u_cache|g_bank[27].read_enable_q ;
+----------+----------+----+------+--------+-------------------------------------+-----------------------------------------------+

----------------------------
; Extra Fitter Information ;
----------------------------
HTML report is unavailable in plain text report export.


Path #34: Recovery slack is 3.925 
===============================================================================
+---------------------------------------------------------------------+
; Path Summary                                                        ;
+--------------------+------------------------------------------------+
; Property           ; Value                                          ;
+--------------------+------------------------------------------------+
; From Node          ; reset_release:u_reset|core_rst_n               ;
; To Node            ; llm_bank_ram:u_cache|g_bank[27].write_enable_q ;
; Launch Clock       ; clk                                            ;
; Latch Clock        ; clk                                            ;
; Data Arrival Time  ; 10.415                                         ;
; Data Required Time ; 14.340                                         ;
; Slack              ; 3.925                                          ;
+--------------------+------------------------------------------------+

+--------------------------------------------------------------------------------------+
; Statistics                                                                           ;
+------------------------+--------+-------+-------------+------------+--------+--------+
; Property               ; Value  ; Count ; Total Delay ; % of Total ; Min    ; Max    ;
+------------------------+--------+-------+-------------+------------+--------+--------+
; Recovery Relationship  ; 10.000 ;       ;             ;            ;        ;        ;
; Clock Skew             ; -0.184 ;       ;             ;            ;        ;        ;
; Data Delay             ; 5.791  ;       ;             ;            ;        ;        ;
; Number of Logic Levels ;        ; 0     ;             ;            ;        ;        ;
; Physical Delays        ;        ;       ;             ;            ;        ;        ;
;  Arrival Path          ;        ;       ;             ;            ;        ;        ;
;   Clock                ;        ;       ;             ;            ;        ;        ;
;    IC                  ;        ; 3     ; -0.001      ; 0          ; -0.001 ; 0.000  ;
;    Cell                ;        ; 3     ; 1.780       ; 38         ; 0.335  ; 0.917  ;
;    Routing Element     ;        ; 25    ; 2.845       ; 62         ; 0.000  ; 1.032  ;
;   Data                 ;        ;       ;             ;            ;        ;        ;
;    IC                  ;        ; 1     ; -0.001      ; 0          ; -0.001 ; -0.001 ;
;    Cell                ;        ; 2     ; 0.574       ; 10         ; 0.000  ; 0.574  ;
;    uTco                ;        ; 1     ; 0.000       ; 0          ; 0.000  ; 0.000  ;
;    Routing Element     ;        ; 30    ; 5.218       ; 90         ; 0.000  ; 0.437  ;
;  Required Path         ;        ;       ;             ;            ;        ;        ;
;   Clock                ;        ;       ;             ;            ;        ;        ;
;    IC                  ;        ; 3     ; -0.001      ; 0          ; -0.001 ; 0.000  ;
;    Cell                ;        ; 3     ; 1.680       ; 40         ; 0.312  ; 0.917  ;
;    Routing Element     ;        ; 25    ; 2.513       ; 60         ; 0.000  ; 0.992  ;
+------------------------+--------+-------+-------------+------------+--------+--------+
Note: Negative delays are omitted from totals when calculating percentages

+----------------------------------------------------------------------------------------------------------------------------------------+
; Data Arrival Path                                                                                                                      ;
+----------+----------+----+------+--------+--------------------------------------------+------------------------------------------------+
; Total    ; Incr     ; RF ; Type ; Fanout ; Location                                   ; Element                                        ;
+----------+----------+----+------+--------+--------------------------------------------+------------------------------------------------+
; 0.000    ; 0.000    ;    ;      ;        ;                                            ; launch edge time                               ;
; 4.624    ; 4.624    ;    ;      ;        ;                                            ; clock path                                     ;
;   0.000  ;   0.000  ;    ;      ;        ;                                            ; source latency                                 ;
;   0.000  ;   0.000  ;    ;      ; 1      ; PIN_AC18                                   ; clk                                            ;
;   0.000  ;   0.000  ;    ; RE   ; 1      ; IOPAD_X54_Y0_N0                            ; ARRIAV_IO_PAD                                  ;
;   0.000  ;   0.000  ;    ; RE   ; 1      ; IO_PAD_OUTPUT_X54_Y0_N0_I1                 ; IO_PAD_OUTPUT                                  ;
;   0.000  ;   0.000  ;    ; RE   ; 1      ; IO_INPUT_BUFFER_INPUT_X54_Y0_N1_I0         ; IO_INPUT_BUFFER_INPUT                          ;
;   0.000  ;   0.000  ; RR ; IC   ; 1      ; IOIBUF_X54_Y0_N1                           ; clk~input|i                                    ;
;   0.917  ;   0.917  ; RR ; CELL ; 1      ; IOIBUF_X54_Y0_N1                           ; clk~input|o                                    ;
;   0.917  ;   0.000  ;    ; RE   ; 1      ; IOIBUF_X54_Y0_N1                           ; ARRIAV_IO_IBUF                                 ;
;   0.917  ;   0.000  ;    ; RE   ; 1      ; IO_INPUT_BUFFER_OUTPUT_X54_Y0_N1_I2        ; IO_INPUT_BUFFER_OUTPUT                         ;
;   0.917  ;   0.000  ;    ; RE   ; 1      ; IO_RE_X54_Y0_N0_I96                        ; IO_RE                                          ;
;   1.133  ;   0.216  ;    ; RE   ; 1      ; IO_RE_X54_Y0_N0_I66                        ; IO_RE                                          ;
;   1.320  ;   0.187  ;    ; RE   ; 1      ; CLKBUF_CLUSTER_RE_X58_Y0_N0_I1614          ; CLKBUF_CLUSTER_RE                              ;
;   1.320  ;   0.000  ;    ; RE   ; 1      ; CLKBUF_CLUSTER_RE_X58_Y0_N0_I488           ; CLKBUF_CLUSTER_RE                              ;
;   1.320  ;   0.000  ;    ; RE   ; 1      ; GCLK_CLUSTER_RE_X58_Y0_N0_I10              ; GCLK_CLUSTER_RE                                ;
;   1.320  ;   0.000  ;    ; RE   ; 1      ; CLKBUFBLOCK_INPUT_X58_Y0_N1_I0             ; CLKBUFBLOCK_INPUT                              ;
;   1.320  ;   0.000  ; RR ; IC   ; 1      ; CLKCTRL_G4                                 ; clk~inputCLKENA0|inclk                         ;
;   1.655  ;   0.335  ; RR ; CELL ; 49420  ; CLKCTRL_G4                                 ; clk~inputCLKENA0|outclk                        ;
;   1.655  ;   0.000  ;    ; RE   ; 1      ; CLKCTRL_G4                                 ; ARRIAV_CLKBUF                                  ;
;   1.655  ;   0.000  ;    ; RE   ; 1      ; CLKBUFBLOCK_OUTPUT_X58_Y0_N1_I2            ; CLKBUFBLOCK_OUTPUT                             ;
;   1.655  ;   0.000  ;    ; RE   ; 1      ; GCLK_CLUSTER_RE_X58_Y0_N0_I12              ; GCLK_CLUSTER_RE                                ;
;   1.655  ;   0.000  ;    ; RE   ; 1      ; CLKBUF_CLUSTER_RE_X58_Y0_N0_I415           ; CLKBUF_CLUSTER_RE                              ;
;   2.687  ;   1.032  ;    ; RE   ; 16     ; GLOBAL_CLOCK_X0_Y58_N0_I4                  ; GLOBAL_CLOCK                                   ;
;   2.869  ;   0.182  ;    ; RE   ; 29     ; SPINE_CLOCK_X75_Y30_N0_I20                 ; SPINE_CLOCK                                    ;
;   3.329  ;   0.460  ;    ; RE   ; 1      ; SCLK_TO_ROWCLK_BUF_X75_Y57_N0_I121         ; SCLK_TO_ROWCLK_BUF                             ;
;   3.418  ;   0.089  ;    ; RE   ; 2      ; SCLK_TO_ROWCLK_BUF_X75_Y57_N0_I124         ; SCLK_TO_ROWCLK_BUF                             ;
;   3.856  ;   0.438  ;    ; RE   ; 13     ; LAB_CLK_X76_Y57_N0_I5                      ; LAB_CLK                                        ;
;   4.002  ;   0.146  ;    ; RE   ; 1      ; BLK_CLK_BUF_X83_Y57_N0_I5                  ; BLK_CLK_BUF                                    ;
;   4.058  ;   0.056  ;    ; RE   ; 1      ; ROWCLKSEL_PREBUF_X83_Y57_N0_I5             ; ROWCLKSEL_PREBUF                               ;
;   4.097  ;   0.039  ;    ; RE   ; 1      ; ROWCLKSEL_X83_Y57_N0_I1                    ; ROWCLKSEL                                      ;
;   4.097  ;   0.000  ;    ; RE   ; 2      ; GLOBAL_LOCAL_SEL_X83_Y57_N0_I1             ; GLOBAL_LOCAL_SEL                               ;
;   4.097  ;   0.000  ;    ; RE   ; 3      ; LAB_INPUT_X83_Y57_N0_I0                    ; LAB_INPUT                                      ;
;   4.096  ;   -0.001 ; RR ; IC   ; 1      ; FF_X83_Y57_N29                             ; u_reset|core_rst_n|clk                         ;
;   4.624  ;   0.528  ; RR ; CELL ; 1      ; FF_X83_Y57_N29                             ; reset_release:u_reset|core_rst_n               ;
; 10.415   ; 5.791    ;    ;      ;        ;                                            ; data path                                      ;
;   4.624  ;   0.000  ;    ; uTco ; 1      ; FF_X83_Y57_N29                             ; reset_release:u_reset|core_rst_n               ;
;   4.624  ;   0.000  ; FF ; CELL ; 3143   ; FF_X83_Y57_N29                             ; u_reset|core_rst_n|q                           ;
;   4.685  ;   0.061  ;    ; RE   ; 1      ; FF_X83_Y57_N29                             ; ARRIAV_FF                                      ;
;   4.765  ;   0.080  ;    ; RE   ; 4      ; LE_BUFFER_X83_Y57_N0_I19                   ; LE_BUFFER                                      ;
;   4.969  ;   0.204  ;    ; RE   ; 1      ; R6_X77_Y57_N0_I29                          ; H_SEG6                                         ;
;   4.969  ;   0.000  ;    ; RE   ; 1      ; R14_C12_INTERCONNECT_DRIVER_X82_Y57_N0_I3  ; WIRE_MUX                                       ;
;   5.363  ;   0.394  ;    ; RE   ; 9      ; C12_X82_Y58_N0_I0                          ; V_SEG12                                        ;
;   5.363  ;   0.000  ;    ; RE   ; 1      ; R14_C12_INTERCONNECT_DRIVER_X82_Y66_N0_I0  ; WIRE_MUX                                       ;
;   5.772  ;   0.409  ;    ; RE   ; 1      ; C12_X82_Y67_N0_I0                          ; V_SEG12                                        ;
;   5.772  ;   0.000  ;    ; RE   ; 2      ; R14_C12_INTERCONNECT_DRIVER_X82_Y76_N0_I1  ; WIRE_MUX                                       ;
;   6.183  ;   0.411  ;    ; RE   ; 3      ; C12_X82_Y77_N0_I0                          ; V_SEG12                                        ;
;   6.183  ;   0.000  ;    ; RE   ; 1      ; R14_C12_INTERCONNECT_DRIVER_X82_Y88_N0_I3  ; WIRE_MUX                                       ;
;   6.534  ;   0.351  ;    ; RE   ; 2      ; R14_X69_Y88_N0_I1                          ; H_SEG14                                        ;
;   6.534  ;   0.000  ;    ; RE   ; 1      ; R14_C12_INTERCONNECT_DRIVER_X68_Y88_N0_I2  ; WIRE_MUX                                       ;
;   6.886  ;   0.352  ;    ; RE   ; 2      ; C12_X68_Y89_N0_I0                          ; V_SEG12                                        ;
;   6.886  ;   0.000  ;    ; RE   ; 1      ; R14_C12_INTERCONNECT_DRIVER_X68_Y98_N0_I1  ; WIRE_MUX                                       ;
;   7.258  ;   0.372  ;    ; RE   ; 4      ; R14_X55_Y98_N0_I1                          ; H_SEG14                                        ;
;   7.258  ;   0.000  ;    ; RE   ; 1      ; R14_C12_INTERCONNECT_DRIVER_X54_Y98_N0_I2  ; WIRE_MUX                                       ;
;   7.673  ;   0.415  ;    ; RE   ; 2      ; C12_X54_Y99_N0_I0                          ; V_SEG12                                        ;
;   7.673  ;   0.000  ;    ; RE   ; 1      ; R14_C12_INTERCONNECT_DRIVER_X54_Y104_N0_I3 ; WIRE_MUX                                       ;
;   8.032  ;   0.359  ;    ; RE   ; 1      ; R14_X41_Y104_N0_I1                         ; H_SEG14                                        ;
;   8.032  ;   0.000  ;    ; RE   ; 1      ; R14_C12_INTERCONNECT_DRIVER_X40_Y104_N0_I2 ; WIRE_MUX                                       ;
;   8.305  ;   0.273  ;    ; RE   ; 2      ; R14_X27_Y104_N0_I1                         ; H_SEG14                                        ;
;   8.305  ;   0.000  ;    ; RE   ; 1      ; R14_C12_INTERCONNECT_DRIVER_X26_Y104_N0_I2 ; WIRE_MUX                                       ;
;   8.585  ;   0.280  ;    ; RE   ; 4      ; R14_X13_Y104_N0_I1                         ; H_SEG14                                        ;
;   8.585  ;   0.000  ;    ; RE   ; 2      ; R14_C12_INTERCONNECT_DRIVER_X15_Y104_N0_I2 ; WIRE_MUX                                       ;
;   9.018  ;   0.433  ;    ; RE   ; 3      ; C12_X15_Y92_N0_I1                          ; V_SEG12                                        ;
;   9.455  ;   0.437  ;    ; RE   ; 1      ; R6_X16_Y95_N0_I1                           ; H_SEG6                                         ;
;   9.700  ;   0.245  ;    ; RE   ; 5      ; LOCAL_INTERCONNECT_X19_Y95_N0_I23          ; LAB_LINE                                       ;
;   9.842  ;   0.142  ;    ; RE   ; 1      ; BLOCK_INPUT_MUX_PASSTHROUGH_X19_Y95_N0_I83 ; LEIM                                           ;
;   9.842  ;   0.000  ;    ; RE   ; 1      ; GLOBAL_LOCAL_SEL_X19_Y95_N0_I2             ; GLOBAL_LOCAL_SEL                               ;
;   9.842  ;   0.000  ;    ; RE   ; 12     ; LAB_INPUT_X19_Y95_N0_I3                    ; LAB_INPUT                                      ;
;   9.841  ;   -0.001 ; FF ; IC   ; 1      ; FF_X19_Y95_N56                             ; u_cache|g_bank[27].write_enable_q|clrn         ;
;   10.415 ;   0.574  ; FF ; CELL ; 1      ; FF_X19_Y95_N56                             ; llm_bank_ram:u_cache|g_bank[27].write_enable_q ;
+----------+----------+----+------+--------+--------------------------------------------+------------------------------------------------+

+---------------------------------------------------------------------------------------------------------------------------------+
; Data Required Path                                                                                                              ;
+----------+----------+----+------+--------+-------------------------------------+------------------------------------------------+
; Total    ; Incr     ; RF ; Type ; Fanout ; Location                            ; Element                                        ;
+----------+----------+----+------+--------+-------------------------------------+------------------------------------------------+
; 10.000   ; 10.000   ;    ;      ;        ;                                     ; latch edge time                                ;
; 14.440   ; 4.440    ;    ;      ;        ;                                     ; clock path                                     ;
;   10.000 ;   0.000  ;    ;      ;        ;                                     ; source latency                                 ;
;   10.000 ;   0.000  ;    ;      ; 1      ; PIN_AC18                            ; clk                                            ;
;   10.000 ;   0.000  ;    ; RE   ; 1      ; IOPAD_X54_Y0_N0                     ; ARRIAV_IO_PAD                                  ;
;   10.000 ;   0.000  ;    ; RE   ; 1      ; IO_PAD_OUTPUT_X54_Y0_N0_I1          ; IO_PAD_OUTPUT                                  ;
;   10.000 ;   0.000  ;    ; RE   ; 1      ; IO_INPUT_BUFFER_INPUT_X54_Y0_N1_I0  ; IO_INPUT_BUFFER_INPUT                          ;
;   10.000 ;   0.000  ; RR ; IC   ; 1      ; IOIBUF_X54_Y0_N1                    ; clk~input|i                                    ;
;   10.917 ;   0.917  ; RR ; CELL ; 1      ; IOIBUF_X54_Y0_N1                    ; clk~input|o                                    ;
;   10.917 ;   0.000  ;    ; RE   ; 1      ; IOIBUF_X54_Y0_N1                    ; ARRIAV_IO_IBUF                                 ;
;   10.917 ;   0.000  ;    ; RE   ; 1      ; IO_INPUT_BUFFER_OUTPUT_X54_Y0_N1_I2 ; IO_INPUT_BUFFER_OUTPUT                         ;
;   10.917 ;   0.000  ;    ; RE   ; 1      ; IO_RE_X54_Y0_N0_I96                 ; IO_RE                                          ;
;   11.095 ;   0.178  ;    ; RE   ; 1      ; IO_RE_X54_Y0_N0_I66                 ; IO_RE                                          ;
;   11.095 ;   0.000  ;    ; RE   ; 1      ; CLKBUF_CLUSTER_RE_X58_Y0_N0_I1614   ; CLKBUF_CLUSTER_RE                              ;
;   11.095 ;   0.000  ;    ; RE   ; 1      ; CLKBUF_CLUSTER_RE_X58_Y0_N0_I488    ; CLKBUF_CLUSTER_RE                              ;
;   11.095 ;   0.000  ;    ; RE   ; 1      ; GCLK_CLUSTER_RE_X58_Y0_N0_I10       ; GCLK_CLUSTER_RE                                ;
;   11.095 ;   0.000  ;    ; RE   ; 1      ; CLKBUFBLOCK_INPUT_X58_Y0_N1_I0      ; CLKBUFBLOCK_INPUT                              ;
;   11.095 ;   0.000  ; RR ; IC   ; 1      ; CLKCTRL_G4                          ; clk~inputCLKENA0|inclk                         ;
;   11.407 ;   0.312  ; RR ; CELL ; 49420  ; CLKCTRL_G4                          ; clk~inputCLKENA0|outclk                        ;
;   11.407 ;   0.000  ;    ; RE   ; 1      ; CLKCTRL_G4                          ; ARRIAV_CLKBUF                                  ;
;   11.407 ;   0.000  ;    ; RE   ; 1      ; CLKBUFBLOCK_OUTPUT_X58_Y0_N1_I2     ; CLKBUFBLOCK_OUTPUT                             ;
;   11.407 ;   0.000  ;    ; RE   ; 1      ; GCLK_CLUSTER_RE_X58_Y0_N0_I12       ; GCLK_CLUSTER_RE                                ;
;   11.407 ;   0.000  ;    ; RE   ; 1      ; CLKBUF_CLUSTER_RE_X58_Y0_N0_I415    ; CLKBUF_CLUSTER_RE                              ;
;   12.399 ;   0.992  ;    ; RE   ; 16     ; GLOBAL_CLOCK_X0_Y58_N0_I4           ; GLOBAL_CLOCK                                   ;
;   12.569 ;   0.170  ;    ; RE   ; 26     ; SPINE_CLOCK_X15_Y88_N0_I20          ; SPINE_CLOCK                                    ;
;   13.011 ;   0.442  ;    ; RE   ; 1      ; SCLK_TO_ROWCLK_BUF_X15_Y95_N0_I120  ; SCLK_TO_ROWCLK_BUF                             ;
;   13.096 ;   0.085  ;    ; RE   ; 2      ; SCLK_TO_ROWCLK_BUF_X15_Y95_N0_I123  ; SCLK_TO_ROWCLK_BUF                             ;
;   13.518 ;   0.422  ;    ; RE   ; 10     ; LAB_CLK_X16_Y95_N0_I2               ; LAB_CLK                                        ;
;   13.653 ;   0.135  ;    ; RE   ; 1      ; BLK_CLK_BUF_X19_Y95_N0_I2           ; BLK_CLK_BUF                                    ;
;   13.707 ;   0.054  ;    ; RE   ; 1      ; ROWCLKSEL_PREBUF_X19_Y95_N0_I2      ; ROWCLKSEL_PREBUF                               ;
;   13.742 ;   0.035  ;    ; RE   ; 1      ; ROWCLKSEL_X19_Y95_N0_I1             ; ROWCLKSEL                                      ;
;   13.742 ;   0.000  ;    ; RE   ; 1      ; GLOBAL_LOCAL_SEL_X19_Y95_N0_I1      ; GLOBAL_LOCAL_SEL                               ;
;   13.742 ;   0.000  ;    ; RE   ; 13     ; LAB_INPUT_X19_Y95_N0_I0             ; LAB_INPUT                                      ;
;   13.741 ;   -0.001 ; RR ; IC   ; 1      ; FF_X19_Y95_N56                      ; u_cache|g_bank[27].write_enable_q|clk          ;
;   14.192 ;   0.451  ; RR ; CELL ; 1      ; FF_X19_Y95_N56                      ; llm_bank_ram:u_cache|g_bank[27].write_enable_q ;
;   14.440 ;   0.248  ;    ;      ;        ;                                     ; clock pessimism removed                        ;
; 14.340   ; -0.100   ;    ;      ;        ;                                     ; clock uncertainty                              ;
; 14.340   ; 0.000    ;    ; uTsu ; 1      ; FF_X19_Y95_N56                      ; llm_bank_ram:u_cache|g_bank[27].write_enable_q ;
+----------+----------+----+------+--------+-------------------------------------+------------------------------------------------+

----------------------------
; Extra Fitter Information ;
----------------------------
HTML report is unavailable in plain text report export.


Path #35: Recovery slack is 3.931 
===============================================================================
+--------------------------------------------------------------------+
; Path Summary                                                       ;
+--------------------+-----------------------------------------------+
; Property           ; Value                                         ;
+--------------------+-----------------------------------------------+
; From Node          ; reset_release:u_reset|core_rst_n              ;
; To Node            ; llm_bank_ram:u_cache|g_bank[24].read_enable_q ;
; Launch Clock       ; clk                                           ;
; Latch Clock        ; clk                                           ;
; Data Arrival Time  ; 10.415                                        ;
; Data Required Time ; 14.346                                        ;
; Slack              ; 3.931                                         ;
+--------------------+-----------------------------------------------+

+--------------------------------------------------------------------------------------+
; Statistics                                                                           ;
+------------------------+--------+-------+-------------+------------+--------+--------+
; Property               ; Value  ; Count ; Total Delay ; % of Total ; Min    ; Max    ;
+------------------------+--------+-------+-------------+------------+--------+--------+
; Recovery Relationship  ; 10.000 ;       ;             ;            ;        ;        ;
; Clock Skew             ; -0.178 ;       ;             ;            ;        ;        ;
; Data Delay             ; 5.791  ;       ;             ;            ;        ;        ;
; Number of Logic Levels ;        ; 0     ;             ;            ;        ;        ;
; Physical Delays        ;        ;       ;             ;            ;        ;        ;
;  Arrival Path          ;        ;       ;             ;            ;        ;        ;
;   Clock                ;        ;       ;             ;            ;        ;        ;
;    IC                  ;        ; 3     ; -0.001      ; 0          ; -0.001 ; 0.000  ;
;    Cell                ;        ; 3     ; 1.780       ; 38         ; 0.335  ; 0.917  ;
;    Routing Element     ;        ; 25    ; 2.845       ; 62         ; 0.000  ; 1.032  ;
;   Data                 ;        ;       ;             ;            ;        ;        ;
;    IC                  ;        ; 1     ; -0.001      ; 0          ; -0.001 ; -0.001 ;
;    Cell                ;        ; 2     ; 0.574       ; 10         ; 0.000  ; 0.574  ;
;    uTco                ;        ; 1     ; 0.000       ; 0          ; 0.000  ; 0.000  ;
;    Routing Element     ;        ; 30    ; 5.218       ; 90         ; 0.000  ; 0.437  ;
;  Required Path         ;        ;       ;             ;            ;        ;        ;
;   Clock                ;        ;       ;             ;            ;        ;        ;
;    IC                  ;        ; 3     ; -0.001      ; 0          ; -0.001 ; 0.000  ;
;    Cell                ;        ; 3     ; 1.686       ; 40         ; 0.312  ; 0.917  ;
;    Routing Element     ;        ; 25    ; 2.513       ; 60         ; 0.000  ; 0.992  ;
+------------------------+--------+-------+-------------+------------+--------+--------+
Note: Negative delays are omitted from totals when calculating percentages

+---------------------------------------------------------------------------------------------------------------------------------------+
; Data Arrival Path                                                                                                                     ;
+----------+----------+----+------+--------+--------------------------------------------+-----------------------------------------------+
; Total    ; Incr     ; RF ; Type ; Fanout ; Location                                   ; Element                                       ;
+----------+----------+----+------+--------+--------------------------------------------+-----------------------------------------------+
; 0.000    ; 0.000    ;    ;      ;        ;                                            ; launch edge time                              ;
; 4.624    ; 4.624    ;    ;      ;        ;                                            ; clock path                                    ;
;   0.000  ;   0.000  ;    ;      ;        ;                                            ; source latency                                ;
;   0.000  ;   0.000  ;    ;      ; 1      ; PIN_AC18                                   ; clk                                           ;
;   0.000  ;   0.000  ;    ; RE   ; 1      ; IOPAD_X54_Y0_N0                            ; ARRIAV_IO_PAD                                 ;
;   0.000  ;   0.000  ;    ; RE   ; 1      ; IO_PAD_OUTPUT_X54_Y0_N0_I1                 ; IO_PAD_OUTPUT                                 ;
;   0.000  ;   0.000  ;    ; RE   ; 1      ; IO_INPUT_BUFFER_INPUT_X54_Y0_N1_I0         ; IO_INPUT_BUFFER_INPUT                         ;
;   0.000  ;   0.000  ; RR ; IC   ; 1      ; IOIBUF_X54_Y0_N1                           ; clk~input|i                                   ;
;   0.917  ;   0.917  ; RR ; CELL ; 1      ; IOIBUF_X54_Y0_N1                           ; clk~input|o                                   ;
;   0.917  ;   0.000  ;    ; RE   ; 1      ; IOIBUF_X54_Y0_N1                           ; ARRIAV_IO_IBUF                                ;
;   0.917  ;   0.000  ;    ; RE   ; 1      ; IO_INPUT_BUFFER_OUTPUT_X54_Y0_N1_I2        ; IO_INPUT_BUFFER_OUTPUT                        ;
;   0.917  ;   0.000  ;    ; RE   ; 1      ; IO_RE_X54_Y0_N0_I96                        ; IO_RE                                         ;
;   1.133  ;   0.216  ;    ; RE   ; 1      ; IO_RE_X54_Y0_N0_I66                        ; IO_RE                                         ;
;   1.320  ;   0.187  ;    ; RE   ; 1      ; CLKBUF_CLUSTER_RE_X58_Y0_N0_I1614          ; CLKBUF_CLUSTER_RE                             ;
;   1.320  ;   0.000  ;    ; RE   ; 1      ; CLKBUF_CLUSTER_RE_X58_Y0_N0_I488           ; CLKBUF_CLUSTER_RE                             ;
;   1.320  ;   0.000  ;    ; RE   ; 1      ; GCLK_CLUSTER_RE_X58_Y0_N0_I10              ; GCLK_CLUSTER_RE                               ;
;   1.320  ;   0.000  ;    ; RE   ; 1      ; CLKBUFBLOCK_INPUT_X58_Y0_N1_I0             ; CLKBUFBLOCK_INPUT                             ;
;   1.320  ;   0.000  ; RR ; IC   ; 1      ; CLKCTRL_G4                                 ; clk~inputCLKENA0|inclk                        ;
;   1.655  ;   0.335  ; RR ; CELL ; 49420  ; CLKCTRL_G4                                 ; clk~inputCLKENA0|outclk                       ;
;   1.655  ;   0.000  ;    ; RE   ; 1      ; CLKCTRL_G4                                 ; ARRIAV_CLKBUF                                 ;
;   1.655  ;   0.000  ;    ; RE   ; 1      ; CLKBUFBLOCK_OUTPUT_X58_Y0_N1_I2            ; CLKBUFBLOCK_OUTPUT                            ;
;   1.655  ;   0.000  ;    ; RE   ; 1      ; GCLK_CLUSTER_RE_X58_Y0_N0_I12              ; GCLK_CLUSTER_RE                               ;
;   1.655  ;   0.000  ;    ; RE   ; 1      ; CLKBUF_CLUSTER_RE_X58_Y0_N0_I415           ; CLKBUF_CLUSTER_RE                             ;
;   2.687  ;   1.032  ;    ; RE   ; 16     ; GLOBAL_CLOCK_X0_Y58_N0_I4                  ; GLOBAL_CLOCK                                  ;
;   2.869  ;   0.182  ;    ; RE   ; 29     ; SPINE_CLOCK_X75_Y30_N0_I20                 ; SPINE_CLOCK                                   ;
;   3.329  ;   0.460  ;    ; RE   ; 1      ; SCLK_TO_ROWCLK_BUF_X75_Y57_N0_I121         ; SCLK_TO_ROWCLK_BUF                            ;
;   3.418  ;   0.089  ;    ; RE   ; 2      ; SCLK_TO_ROWCLK_BUF_X75_Y57_N0_I124         ; SCLK_TO_ROWCLK_BUF                            ;
;   3.856  ;   0.438  ;    ; RE   ; 13     ; LAB_CLK_X76_Y57_N0_I5                      ; LAB_CLK                                       ;
;   4.002  ;   0.146  ;    ; RE   ; 1      ; BLK_CLK_BUF_X83_Y57_N0_I5                  ; BLK_CLK_BUF                                   ;
;   4.058  ;   0.056  ;    ; RE   ; 1      ; ROWCLKSEL_PREBUF_X83_Y57_N0_I5             ; ROWCLKSEL_PREBUF                              ;
;   4.097  ;   0.039  ;    ; RE   ; 1      ; ROWCLKSEL_X83_Y57_N0_I1                    ; ROWCLKSEL                                     ;
;   4.097  ;   0.000  ;    ; RE   ; 2      ; GLOBAL_LOCAL_SEL_X83_Y57_N0_I1             ; GLOBAL_LOCAL_SEL                              ;
;   4.097  ;   0.000  ;    ; RE   ; 3      ; LAB_INPUT_X83_Y57_N0_I0                    ; LAB_INPUT                                     ;
;   4.096  ;   -0.001 ; RR ; IC   ; 1      ; FF_X83_Y57_N29                             ; u_reset|core_rst_n|clk                        ;
;   4.624  ;   0.528  ; RR ; CELL ; 1      ; FF_X83_Y57_N29                             ; reset_release:u_reset|core_rst_n              ;
; 10.415   ; 5.791    ;    ;      ;        ;                                            ; data path                                     ;
;   4.624  ;   0.000  ;    ; uTco ; 1      ; FF_X83_Y57_N29                             ; reset_release:u_reset|core_rst_n              ;
;   4.624  ;   0.000  ; FF ; CELL ; 3143   ; FF_X83_Y57_N29                             ; u_reset|core_rst_n|q                          ;
;   4.685  ;   0.061  ;    ; RE   ; 1      ; FF_X83_Y57_N29                             ; ARRIAV_FF                                     ;
;   4.765  ;   0.080  ;    ; RE   ; 4      ; LE_BUFFER_X83_Y57_N0_I19                   ; LE_BUFFER                                     ;
;   4.969  ;   0.204  ;    ; RE   ; 1      ; R6_X77_Y57_N0_I29                          ; H_SEG6                                        ;
;   4.969  ;   0.000  ;    ; RE   ; 1      ; R14_C12_INTERCONNECT_DRIVER_X82_Y57_N0_I3  ; WIRE_MUX                                      ;
;   5.363  ;   0.394  ;    ; RE   ; 9      ; C12_X82_Y58_N0_I0                          ; V_SEG12                                       ;
;   5.363  ;   0.000  ;    ; RE   ; 1      ; R14_C12_INTERCONNECT_DRIVER_X82_Y66_N0_I0  ; WIRE_MUX                                      ;
;   5.772  ;   0.409  ;    ; RE   ; 1      ; C12_X82_Y67_N0_I0                          ; V_SEG12                                       ;
;   5.772  ;   0.000  ;    ; RE   ; 2      ; R14_C12_INTERCONNECT_DRIVER_X82_Y76_N0_I1  ; WIRE_MUX                                      ;
;   6.183  ;   0.411  ;    ; RE   ; 3      ; C12_X82_Y77_N0_I0                          ; V_SEG12                                       ;
;   6.183  ;   0.000  ;    ; RE   ; 1      ; R14_C12_INTERCONNECT_DRIVER_X82_Y88_N0_I3  ; WIRE_MUX                                      ;
;   6.534  ;   0.351  ;    ; RE   ; 2      ; R14_X69_Y88_N0_I1                          ; H_SEG14                                       ;
;   6.534  ;   0.000  ;    ; RE   ; 1      ; R14_C12_INTERCONNECT_DRIVER_X68_Y88_N0_I2  ; WIRE_MUX                                      ;
;   6.886  ;   0.352  ;    ; RE   ; 2      ; C12_X68_Y89_N0_I0                          ; V_SEG12                                       ;
;   6.886  ;   0.000  ;    ; RE   ; 1      ; R14_C12_INTERCONNECT_DRIVER_X68_Y98_N0_I1  ; WIRE_MUX                                      ;
;   7.258  ;   0.372  ;    ; RE   ; 4      ; R14_X55_Y98_N0_I1                          ; H_SEG14                                       ;
;   7.258  ;   0.000  ;    ; RE   ; 1      ; R14_C12_INTERCONNECT_DRIVER_X54_Y98_N0_I2  ; WIRE_MUX                                      ;
;   7.673  ;   0.415  ;    ; RE   ; 2      ; C12_X54_Y99_N0_I0                          ; V_SEG12                                       ;
;   7.673  ;   0.000  ;    ; RE   ; 1      ; R14_C12_INTERCONNECT_DRIVER_X54_Y104_N0_I3 ; WIRE_MUX                                      ;
;   8.032  ;   0.359  ;    ; RE   ; 1      ; R14_X41_Y104_N0_I1                         ; H_SEG14                                       ;
;   8.032  ;   0.000  ;    ; RE   ; 1      ; R14_C12_INTERCONNECT_DRIVER_X40_Y104_N0_I2 ; WIRE_MUX                                      ;
;   8.305  ;   0.273  ;    ; RE   ; 2      ; R14_X27_Y104_N0_I1                         ; H_SEG14                                       ;
;   8.305  ;   0.000  ;    ; RE   ; 1      ; R14_C12_INTERCONNECT_DRIVER_X26_Y104_N0_I2 ; WIRE_MUX                                      ;
;   8.585  ;   0.280  ;    ; RE   ; 4      ; R14_X13_Y104_N0_I1                         ; H_SEG14                                       ;
;   8.585  ;   0.000  ;    ; RE   ; 2      ; R14_C12_INTERCONNECT_DRIVER_X15_Y104_N0_I2 ; WIRE_MUX                                      ;
;   9.018  ;   0.433  ;    ; RE   ; 3      ; C12_X15_Y92_N0_I1                          ; V_SEG12                                       ;
;   9.455  ;   0.437  ;    ; RE   ; 1      ; R6_X16_Y95_N0_I1                           ; H_SEG6                                        ;
;   9.700  ;   0.245  ;    ; RE   ; 5      ; LOCAL_INTERCONNECT_X19_Y95_N0_I23          ; LAB_LINE                                      ;
;   9.842  ;   0.142  ;    ; RE   ; 1      ; BLOCK_INPUT_MUX_PASSTHROUGH_X19_Y95_N0_I83 ; LEIM                                          ;
;   9.842  ;   0.000  ;    ; RE   ; 1      ; GLOBAL_LOCAL_SEL_X19_Y95_N0_I2             ; GLOBAL_LOCAL_SEL                              ;
;   9.842  ;   0.000  ;    ; RE   ; 12     ; LAB_INPUT_X19_Y95_N0_I3                    ; LAB_INPUT                                     ;
;   9.841  ;   -0.001 ; FF ; IC   ; 1      ; FF_X19_Y95_N49                             ; u_cache|g_bank[24].read_enable_q|clrn         ;
;   10.415 ;   0.574  ; FF ; CELL ; 1      ; FF_X19_Y95_N49                             ; llm_bank_ram:u_cache|g_bank[24].read_enable_q ;
+----------+----------+----+------+--------+--------------------------------------------+-----------------------------------------------+

+--------------------------------------------------------------------------------------------------------------------------------+
; Data Required Path                                                                                                             ;
+----------+----------+----+------+--------+-------------------------------------+-----------------------------------------------+
; Total    ; Incr     ; RF ; Type ; Fanout ; Location                            ; Element                                       ;
+----------+----------+----+------+--------+-------------------------------------+-----------------------------------------------+
; 10.000   ; 10.000   ;    ;      ;        ;                                     ; latch edge time                               ;
; 14.446   ; 4.446    ;    ;      ;        ;                                     ; clock path                                    ;
;   10.000 ;   0.000  ;    ;      ;        ;                                     ; source latency                                ;
;   10.000 ;   0.000  ;    ;      ; 1      ; PIN_AC18                            ; clk                                           ;
;   10.000 ;   0.000  ;    ; RE   ; 1      ; IOPAD_X54_Y0_N0                     ; ARRIAV_IO_PAD                                 ;
;   10.000 ;   0.000  ;    ; RE   ; 1      ; IO_PAD_OUTPUT_X54_Y0_N0_I1          ; IO_PAD_OUTPUT                                 ;
;   10.000 ;   0.000  ;    ; RE   ; 1      ; IO_INPUT_BUFFER_INPUT_X54_Y0_N1_I0  ; IO_INPUT_BUFFER_INPUT                         ;
;   10.000 ;   0.000  ; RR ; IC   ; 1      ; IOIBUF_X54_Y0_N1                    ; clk~input|i                                   ;
;   10.917 ;   0.917  ; RR ; CELL ; 1      ; IOIBUF_X54_Y0_N1                    ; clk~input|o                                   ;
;   10.917 ;   0.000  ;    ; RE   ; 1      ; IOIBUF_X54_Y0_N1                    ; ARRIAV_IO_IBUF                                ;
;   10.917 ;   0.000  ;    ; RE   ; 1      ; IO_INPUT_BUFFER_OUTPUT_X54_Y0_N1_I2 ; IO_INPUT_BUFFER_OUTPUT                        ;
;   10.917 ;   0.000  ;    ; RE   ; 1      ; IO_RE_X54_Y0_N0_I96                 ; IO_RE                                         ;
;   11.095 ;   0.178  ;    ; RE   ; 1      ; IO_RE_X54_Y0_N0_I66                 ; IO_RE                                         ;
;   11.095 ;   0.000  ;    ; RE   ; 1      ; CLKBUF_CLUSTER_RE_X58_Y0_N0_I1614   ; CLKBUF_CLUSTER_RE                             ;
;   11.095 ;   0.000  ;    ; RE   ; 1      ; CLKBUF_CLUSTER_RE_X58_Y0_N0_I488    ; CLKBUF_CLUSTER_RE                             ;
;   11.095 ;   0.000  ;    ; RE   ; 1      ; GCLK_CLUSTER_RE_X58_Y0_N0_I10       ; GCLK_CLUSTER_RE                               ;
;   11.095 ;   0.000  ;    ; RE   ; 1      ; CLKBUFBLOCK_INPUT_X58_Y0_N1_I0      ; CLKBUFBLOCK_INPUT                             ;
;   11.095 ;   0.000  ; RR ; IC   ; 1      ; CLKCTRL_G4                          ; clk~inputCLKENA0|inclk                        ;
;   11.407 ;   0.312  ; RR ; CELL ; 49420  ; CLKCTRL_G4                          ; clk~inputCLKENA0|outclk                       ;
;   11.407 ;   0.000  ;    ; RE   ; 1      ; CLKCTRL_G4                          ; ARRIAV_CLKBUF                                 ;
;   11.407 ;   0.000  ;    ; RE   ; 1      ; CLKBUFBLOCK_OUTPUT_X58_Y0_N1_I2     ; CLKBUFBLOCK_OUTPUT                            ;
;   11.407 ;   0.000  ;    ; RE   ; 1      ; GCLK_CLUSTER_RE_X58_Y0_N0_I12       ; GCLK_CLUSTER_RE                               ;
;   11.407 ;   0.000  ;    ; RE   ; 1      ; CLKBUF_CLUSTER_RE_X58_Y0_N0_I415    ; CLKBUF_CLUSTER_RE                             ;
;   12.399 ;   0.992  ;    ; RE   ; 16     ; GLOBAL_CLOCK_X0_Y58_N0_I4           ; GLOBAL_CLOCK                                  ;
;   12.569 ;   0.170  ;    ; RE   ; 26     ; SPINE_CLOCK_X15_Y88_N0_I20          ; SPINE_CLOCK                                   ;
;   13.011 ;   0.442  ;    ; RE   ; 1      ; SCLK_TO_ROWCLK_BUF_X15_Y95_N0_I120  ; SCLK_TO_ROWCLK_BUF                            ;
;   13.096 ;   0.085  ;    ; RE   ; 2      ; SCLK_TO_ROWCLK_BUF_X15_Y95_N0_I123  ; SCLK_TO_ROWCLK_BUF                            ;
;   13.518 ;   0.422  ;    ; RE   ; 10     ; LAB_CLK_X16_Y95_N0_I2               ; LAB_CLK                                       ;
;   13.653 ;   0.135  ;    ; RE   ; 1      ; BLK_CLK_BUF_X19_Y95_N0_I2           ; BLK_CLK_BUF                                   ;
;   13.707 ;   0.054  ;    ; RE   ; 1      ; ROWCLKSEL_PREBUF_X19_Y95_N0_I2      ; ROWCLKSEL_PREBUF                              ;
;   13.742 ;   0.035  ;    ; RE   ; 1      ; ROWCLKSEL_X19_Y95_N0_I1             ; ROWCLKSEL                                     ;
;   13.742 ;   0.000  ;    ; RE   ; 1      ; GLOBAL_LOCAL_SEL_X19_Y95_N0_I1      ; GLOBAL_LOCAL_SEL                              ;
;   13.742 ;   0.000  ;    ; RE   ; 13     ; LAB_INPUT_X19_Y95_N0_I0             ; LAB_INPUT                                     ;
;   13.741 ;   -0.001 ; RR ; IC   ; 1      ; FF_X19_Y95_N49                      ; u_cache|g_bank[24].read_enable_q|clk          ;
;   14.198 ;   0.457  ; RR ; CELL ; 1      ; FF_X19_Y95_N49                      ; llm_bank_ram:u_cache|g_bank[24].read_enable_q ;
;   14.446 ;   0.248  ;    ;      ;        ;                                     ; clock pessimism removed                       ;
; 14.346   ; -0.100   ;    ;      ;        ;                                     ; clock uncertainty                             ;
; 14.346   ; 0.000    ;    ; uTsu ; 1      ; FF_X19_Y95_N49                      ; llm_bank_ram:u_cache|g_bank[24].read_enable_q ;
+----------+----------+----+------+--------+-------------------------------------+-----------------------------------------------+

----------------------------
; Extra Fitter Information ;
----------------------------
HTML report is unavailable in plain text report export.


Path #36: Recovery slack is 3.931 
===============================================================================
+----------------------------------------------------------------------+
; Path Summary                                                         ;
+--------------------+-------------------------------------------------+
; Property           ; Value                                           ;
+--------------------+-------------------------------------------------+
; From Node          ; reset_release:u_reset|core_rst_n                ;
; To Node            ; llm_bank_ram:u_cache|g_request[6].read_enable_q ;
; Launch Clock       ; clk                                             ;
; Latch Clock        ; clk                                             ;
; Data Arrival Time  ; 10.415                                          ;
; Data Required Time ; 14.346                                          ;
; Slack              ; 3.931                                           ;
+--------------------+-------------------------------------------------+

+--------------------------------------------------------------------------------------+
; Statistics                                                                           ;
+------------------------+--------+-------+-------------+------------+--------+--------+
; Property               ; Value  ; Count ; Total Delay ; % of Total ; Min    ; Max    ;
+------------------------+--------+-------+-------------+------------+--------+--------+
; Recovery Relationship  ; 10.000 ;       ;             ;            ;        ;        ;
; Clock Skew             ; -0.178 ;       ;             ;            ;        ;        ;
; Data Delay             ; 5.791  ;       ;             ;            ;        ;        ;
; Number of Logic Levels ;        ; 0     ;             ;            ;        ;        ;
; Physical Delays        ;        ;       ;             ;            ;        ;        ;
;  Arrival Path          ;        ;       ;             ;            ;        ;        ;
;   Clock                ;        ;       ;             ;            ;        ;        ;
;    IC                  ;        ; 3     ; -0.001      ; 0          ; -0.001 ; 0.000  ;
;    Cell                ;        ; 3     ; 1.780       ; 38         ; 0.335  ; 0.917  ;
;    Routing Element     ;        ; 25    ; 2.845       ; 62         ; 0.000  ; 1.032  ;
;   Data                 ;        ;       ;             ;            ;        ;        ;
;    IC                  ;        ; 1     ; -0.001      ; 0          ; -0.001 ; -0.001 ;
;    Cell                ;        ; 2     ; 0.574       ; 10         ; 0.000  ; 0.574  ;
;    uTco                ;        ; 1     ; 0.000       ; 0          ; 0.000  ; 0.000  ;
;    Routing Element     ;        ; 30    ; 5.218       ; 90         ; 0.000  ; 0.437  ;
;  Required Path         ;        ;       ;             ;            ;        ;        ;
;   Clock                ;        ;       ;             ;            ;        ;        ;
;    IC                  ;        ; 3     ; -0.001      ; 0          ; -0.001 ; 0.000  ;
;    Cell                ;        ; 3     ; 1.686       ; 40         ; 0.312  ; 0.917  ;
;    Routing Element     ;        ; 25    ; 2.513       ; 60         ; 0.000  ; 0.992  ;
+------------------------+--------+-------+-------------+------------+--------+--------+
Note: Negative delays are omitted from totals when calculating percentages

+-----------------------------------------------------------------------------------------------------------------------------------------+
; Data Arrival Path                                                                                                                       ;
+----------+----------+----+------+--------+--------------------------------------------+-------------------------------------------------+
; Total    ; Incr     ; RF ; Type ; Fanout ; Location                                   ; Element                                         ;
+----------+----------+----+------+--------+--------------------------------------------+-------------------------------------------------+
; 0.000    ; 0.000    ;    ;      ;        ;                                            ; launch edge time                                ;
; 4.624    ; 4.624    ;    ;      ;        ;                                            ; clock path                                      ;
;   0.000  ;   0.000  ;    ;      ;        ;                                            ; source latency                                  ;
;   0.000  ;   0.000  ;    ;      ; 1      ; PIN_AC18                                   ; clk                                             ;
;   0.000  ;   0.000  ;    ; RE   ; 1      ; IOPAD_X54_Y0_N0                            ; ARRIAV_IO_PAD                                   ;
;   0.000  ;   0.000  ;    ; RE   ; 1      ; IO_PAD_OUTPUT_X54_Y0_N0_I1                 ; IO_PAD_OUTPUT                                   ;
;   0.000  ;   0.000  ;    ; RE   ; 1      ; IO_INPUT_BUFFER_INPUT_X54_Y0_N1_I0         ; IO_INPUT_BUFFER_INPUT                           ;
;   0.000  ;   0.000  ; RR ; IC   ; 1      ; IOIBUF_X54_Y0_N1                           ; clk~input|i                                     ;
;   0.917  ;   0.917  ; RR ; CELL ; 1      ; IOIBUF_X54_Y0_N1                           ; clk~input|o                                     ;
;   0.917  ;   0.000  ;    ; RE   ; 1      ; IOIBUF_X54_Y0_N1                           ; ARRIAV_IO_IBUF                                  ;
;   0.917  ;   0.000  ;    ; RE   ; 1      ; IO_INPUT_BUFFER_OUTPUT_X54_Y0_N1_I2        ; IO_INPUT_BUFFER_OUTPUT                          ;
;   0.917  ;   0.000  ;    ; RE   ; 1      ; IO_RE_X54_Y0_N0_I96                        ; IO_RE                                           ;
;   1.133  ;   0.216  ;    ; RE   ; 1      ; IO_RE_X54_Y0_N0_I66                        ; IO_RE                                           ;
;   1.320  ;   0.187  ;    ; RE   ; 1      ; CLKBUF_CLUSTER_RE_X58_Y0_N0_I1614          ; CLKBUF_CLUSTER_RE                               ;
;   1.320  ;   0.000  ;    ; RE   ; 1      ; CLKBUF_CLUSTER_RE_X58_Y0_N0_I488           ; CLKBUF_CLUSTER_RE                               ;
;   1.320  ;   0.000  ;    ; RE   ; 1      ; GCLK_CLUSTER_RE_X58_Y0_N0_I10              ; GCLK_CLUSTER_RE                                 ;
;   1.320  ;   0.000  ;    ; RE   ; 1      ; CLKBUFBLOCK_INPUT_X58_Y0_N1_I0             ; CLKBUFBLOCK_INPUT                               ;
;   1.320  ;   0.000  ; RR ; IC   ; 1      ; CLKCTRL_G4                                 ; clk~inputCLKENA0|inclk                          ;
;   1.655  ;   0.335  ; RR ; CELL ; 49420  ; CLKCTRL_G4                                 ; clk~inputCLKENA0|outclk                         ;
;   1.655  ;   0.000  ;    ; RE   ; 1      ; CLKCTRL_G4                                 ; ARRIAV_CLKBUF                                   ;
;   1.655  ;   0.000  ;    ; RE   ; 1      ; CLKBUFBLOCK_OUTPUT_X58_Y0_N1_I2            ; CLKBUFBLOCK_OUTPUT                              ;
;   1.655  ;   0.000  ;    ; RE   ; 1      ; GCLK_CLUSTER_RE_X58_Y0_N0_I12              ; GCLK_CLUSTER_RE                                 ;
;   1.655  ;   0.000  ;    ; RE   ; 1      ; CLKBUF_CLUSTER_RE_X58_Y0_N0_I415           ; CLKBUF_CLUSTER_RE                               ;
;   2.687  ;   1.032  ;    ; RE   ; 16     ; GLOBAL_CLOCK_X0_Y58_N0_I4                  ; GLOBAL_CLOCK                                    ;
;   2.869  ;   0.182  ;    ; RE   ; 29     ; SPINE_CLOCK_X75_Y30_N0_I20                 ; SPINE_CLOCK                                     ;
;   3.329  ;   0.460  ;    ; RE   ; 1      ; SCLK_TO_ROWCLK_BUF_X75_Y57_N0_I121         ; SCLK_TO_ROWCLK_BUF                              ;
;   3.418  ;   0.089  ;    ; RE   ; 2      ; SCLK_TO_ROWCLK_BUF_X75_Y57_N0_I124         ; SCLK_TO_ROWCLK_BUF                              ;
;   3.856  ;   0.438  ;    ; RE   ; 13     ; LAB_CLK_X76_Y57_N0_I5                      ; LAB_CLK                                         ;
;   4.002  ;   0.146  ;    ; RE   ; 1      ; BLK_CLK_BUF_X83_Y57_N0_I5                  ; BLK_CLK_BUF                                     ;
;   4.058  ;   0.056  ;    ; RE   ; 1      ; ROWCLKSEL_PREBUF_X83_Y57_N0_I5             ; ROWCLKSEL_PREBUF                                ;
;   4.097  ;   0.039  ;    ; RE   ; 1      ; ROWCLKSEL_X83_Y57_N0_I1                    ; ROWCLKSEL                                       ;
;   4.097  ;   0.000  ;    ; RE   ; 2      ; GLOBAL_LOCAL_SEL_X83_Y57_N0_I1             ; GLOBAL_LOCAL_SEL                                ;
;   4.097  ;   0.000  ;    ; RE   ; 3      ; LAB_INPUT_X83_Y57_N0_I0                    ; LAB_INPUT                                       ;
;   4.096  ;   -0.001 ; RR ; IC   ; 1      ; FF_X83_Y57_N29                             ; u_reset|core_rst_n|clk                          ;
;   4.624  ;   0.528  ; RR ; CELL ; 1      ; FF_X83_Y57_N29                             ; reset_release:u_reset|core_rst_n                ;
; 10.415   ; 5.791    ;    ;      ;        ;                                            ; data path                                       ;
;   4.624  ;   0.000  ;    ; uTco ; 1      ; FF_X83_Y57_N29                             ; reset_release:u_reset|core_rst_n                ;
;   4.624  ;   0.000  ; FF ; CELL ; 3143   ; FF_X83_Y57_N29                             ; u_reset|core_rst_n|q                            ;
;   4.685  ;   0.061  ;    ; RE   ; 1      ; FF_X83_Y57_N29                             ; ARRIAV_FF                                       ;
;   4.765  ;   0.080  ;    ; RE   ; 4      ; LE_BUFFER_X83_Y57_N0_I19                   ; LE_BUFFER                                       ;
;   4.969  ;   0.204  ;    ; RE   ; 1      ; R6_X77_Y57_N0_I29                          ; H_SEG6                                          ;
;   4.969  ;   0.000  ;    ; RE   ; 1      ; R14_C12_INTERCONNECT_DRIVER_X82_Y57_N0_I3  ; WIRE_MUX                                        ;
;   5.363  ;   0.394  ;    ; RE   ; 9      ; C12_X82_Y58_N0_I0                          ; V_SEG12                                         ;
;   5.363  ;   0.000  ;    ; RE   ; 1      ; R14_C12_INTERCONNECT_DRIVER_X82_Y66_N0_I0  ; WIRE_MUX                                        ;
;   5.772  ;   0.409  ;    ; RE   ; 1      ; C12_X82_Y67_N0_I0                          ; V_SEG12                                         ;
;   5.772  ;   0.000  ;    ; RE   ; 2      ; R14_C12_INTERCONNECT_DRIVER_X82_Y76_N0_I1  ; WIRE_MUX                                        ;
;   6.183  ;   0.411  ;    ; RE   ; 3      ; C12_X82_Y77_N0_I0                          ; V_SEG12                                         ;
;   6.183  ;   0.000  ;    ; RE   ; 1      ; R14_C12_INTERCONNECT_DRIVER_X82_Y88_N0_I3  ; WIRE_MUX                                        ;
;   6.534  ;   0.351  ;    ; RE   ; 2      ; R14_X69_Y88_N0_I1                          ; H_SEG14                                         ;
;   6.534  ;   0.000  ;    ; RE   ; 1      ; R14_C12_INTERCONNECT_DRIVER_X68_Y88_N0_I2  ; WIRE_MUX                                        ;
;   6.886  ;   0.352  ;    ; RE   ; 2      ; C12_X68_Y89_N0_I0                          ; V_SEG12                                         ;
;   6.886  ;   0.000  ;    ; RE   ; 1      ; R14_C12_INTERCONNECT_DRIVER_X68_Y98_N0_I1  ; WIRE_MUX                                        ;
;   7.258  ;   0.372  ;    ; RE   ; 4      ; R14_X55_Y98_N0_I1                          ; H_SEG14                                         ;
;   7.258  ;   0.000  ;    ; RE   ; 1      ; R14_C12_INTERCONNECT_DRIVER_X54_Y98_N0_I2  ; WIRE_MUX                                        ;
;   7.673  ;   0.415  ;    ; RE   ; 2      ; C12_X54_Y99_N0_I0                          ; V_SEG12                                         ;
;   7.673  ;   0.000  ;    ; RE   ; 1      ; R14_C12_INTERCONNECT_DRIVER_X54_Y104_N0_I3 ; WIRE_MUX                                        ;
;   8.032  ;   0.359  ;    ; RE   ; 1      ; R14_X41_Y104_N0_I1                         ; H_SEG14                                         ;
;   8.032  ;   0.000  ;    ; RE   ; 1      ; R14_C12_INTERCONNECT_DRIVER_X40_Y104_N0_I2 ; WIRE_MUX                                        ;
;   8.305  ;   0.273  ;    ; RE   ; 2      ; R14_X27_Y104_N0_I1                         ; H_SEG14                                         ;
;   8.305  ;   0.000  ;    ; RE   ; 1      ; R14_C12_INTERCONNECT_DRIVER_X26_Y104_N0_I2 ; WIRE_MUX                                        ;
;   8.585  ;   0.280  ;    ; RE   ; 4      ; R14_X13_Y104_N0_I1                         ; H_SEG14                                         ;
;   8.585  ;   0.000  ;    ; RE   ; 2      ; R14_C12_INTERCONNECT_DRIVER_X15_Y104_N0_I2 ; WIRE_MUX                                        ;
;   9.018  ;   0.433  ;    ; RE   ; 3      ; C12_X15_Y92_N0_I1                          ; V_SEG12                                         ;
;   9.455  ;   0.437  ;    ; RE   ; 1      ; R6_X16_Y95_N0_I1                           ; H_SEG6                                          ;
;   9.700  ;   0.245  ;    ; RE   ; 5      ; LOCAL_INTERCONNECT_X19_Y95_N0_I23          ; LAB_LINE                                        ;
;   9.842  ;   0.142  ;    ; RE   ; 1      ; BLOCK_INPUT_MUX_PASSTHROUGH_X19_Y95_N0_I83 ; LEIM                                            ;
;   9.842  ;   0.000  ;    ; RE   ; 1      ; GLOBAL_LOCAL_SEL_X19_Y95_N0_I2             ; GLOBAL_LOCAL_SEL                                ;
;   9.842  ;   0.000  ;    ; RE   ; 12     ; LAB_INPUT_X19_Y95_N0_I3                    ; LAB_INPUT                                       ;
;   9.841  ;   -0.001 ; FF ; IC   ; 1      ; FF_X19_Y95_N13                             ; u_cache|g_request[6].read_enable_q|clrn         ;
;   10.415 ;   0.574  ; FF ; CELL ; 1      ; FF_X19_Y95_N13                             ; llm_bank_ram:u_cache|g_request[6].read_enable_q ;
+----------+----------+----+------+--------+--------------------------------------------+-------------------------------------------------+

+----------------------------------------------------------------------------------------------------------------------------------+
; Data Required Path                                                                                                               ;
+----------+----------+----+------+--------+-------------------------------------+-------------------------------------------------+
; Total    ; Incr     ; RF ; Type ; Fanout ; Location                            ; Element                                         ;
+----------+----------+----+------+--------+-------------------------------------+-------------------------------------------------+
; 10.000   ; 10.000   ;    ;      ;        ;                                     ; latch edge time                                 ;
; 14.446   ; 4.446    ;    ;      ;        ;                                     ; clock path                                      ;
;   10.000 ;   0.000  ;    ;      ;        ;                                     ; source latency                                  ;
;   10.000 ;   0.000  ;    ;      ; 1      ; PIN_AC18                            ; clk                                             ;
;   10.000 ;   0.000  ;    ; RE   ; 1      ; IOPAD_X54_Y0_N0                     ; ARRIAV_IO_PAD                                   ;
;   10.000 ;   0.000  ;    ; RE   ; 1      ; IO_PAD_OUTPUT_X54_Y0_N0_I1          ; IO_PAD_OUTPUT                                   ;
;   10.000 ;   0.000  ;    ; RE   ; 1      ; IO_INPUT_BUFFER_INPUT_X54_Y0_N1_I0  ; IO_INPUT_BUFFER_INPUT                           ;
;   10.000 ;   0.000  ; RR ; IC   ; 1      ; IOIBUF_X54_Y0_N1                    ; clk~input|i                                     ;
;   10.917 ;   0.917  ; RR ; CELL ; 1      ; IOIBUF_X54_Y0_N1                    ; clk~input|o                                     ;
;   10.917 ;   0.000  ;    ; RE   ; 1      ; IOIBUF_X54_Y0_N1                    ; ARRIAV_IO_IBUF                                  ;
;   10.917 ;   0.000  ;    ; RE   ; 1      ; IO_INPUT_BUFFER_OUTPUT_X54_Y0_N1_I2 ; IO_INPUT_BUFFER_OUTPUT                          ;
;   10.917 ;   0.000  ;    ; RE   ; 1      ; IO_RE_X54_Y0_N0_I96                 ; IO_RE                                           ;
;   11.095 ;   0.178  ;    ; RE   ; 1      ; IO_RE_X54_Y0_N0_I66                 ; IO_RE                                           ;
;   11.095 ;   0.000  ;    ; RE   ; 1      ; CLKBUF_CLUSTER_RE_X58_Y0_N0_I1614   ; CLKBUF_CLUSTER_RE                               ;
;   11.095 ;   0.000  ;    ; RE   ; 1      ; CLKBUF_CLUSTER_RE_X58_Y0_N0_I488    ; CLKBUF_CLUSTER_RE                               ;
;   11.095 ;   0.000  ;    ; RE   ; 1      ; GCLK_CLUSTER_RE_X58_Y0_N0_I10       ; GCLK_CLUSTER_RE                                 ;
;   11.095 ;   0.000  ;    ; RE   ; 1      ; CLKBUFBLOCK_INPUT_X58_Y0_N1_I0      ; CLKBUFBLOCK_INPUT                               ;
;   11.095 ;   0.000  ; RR ; IC   ; 1      ; CLKCTRL_G4                          ; clk~inputCLKENA0|inclk                          ;
;   11.407 ;   0.312  ; RR ; CELL ; 49420  ; CLKCTRL_G4                          ; clk~inputCLKENA0|outclk                         ;
;   11.407 ;   0.000  ;    ; RE   ; 1      ; CLKCTRL_G4                          ; ARRIAV_CLKBUF                                   ;
;   11.407 ;   0.000  ;    ; RE   ; 1      ; CLKBUFBLOCK_OUTPUT_X58_Y0_N1_I2     ; CLKBUFBLOCK_OUTPUT                              ;
;   11.407 ;   0.000  ;    ; RE   ; 1      ; GCLK_CLUSTER_RE_X58_Y0_N0_I12       ; GCLK_CLUSTER_RE                                 ;
;   11.407 ;   0.000  ;    ; RE   ; 1      ; CLKBUF_CLUSTER_RE_X58_Y0_N0_I415    ; CLKBUF_CLUSTER_RE                               ;
;   12.399 ;   0.992  ;    ; RE   ; 16     ; GLOBAL_CLOCK_X0_Y58_N0_I4           ; GLOBAL_CLOCK                                    ;
;   12.569 ;   0.170  ;    ; RE   ; 26     ; SPINE_CLOCK_X15_Y88_N0_I20          ; SPINE_CLOCK                                     ;
;   13.011 ;   0.442  ;    ; RE   ; 1      ; SCLK_TO_ROWCLK_BUF_X15_Y95_N0_I120  ; SCLK_TO_ROWCLK_BUF                              ;
;   13.096 ;   0.085  ;    ; RE   ; 2      ; SCLK_TO_ROWCLK_BUF_X15_Y95_N0_I123  ; SCLK_TO_ROWCLK_BUF                              ;
;   13.518 ;   0.422  ;    ; RE   ; 10     ; LAB_CLK_X16_Y95_N0_I2               ; LAB_CLK                                         ;
;   13.653 ;   0.135  ;    ; RE   ; 1      ; BLK_CLK_BUF_X19_Y95_N0_I2           ; BLK_CLK_BUF                                     ;
;   13.707 ;   0.054  ;    ; RE   ; 1      ; ROWCLKSEL_PREBUF_X19_Y95_N0_I2      ; ROWCLKSEL_PREBUF                                ;
;   13.742 ;   0.035  ;    ; RE   ; 1      ; ROWCLKSEL_X19_Y95_N0_I1             ; ROWCLKSEL                                       ;
;   13.742 ;   0.000  ;    ; RE   ; 1      ; GLOBAL_LOCAL_SEL_X19_Y95_N0_I1      ; GLOBAL_LOCAL_SEL                                ;
;   13.742 ;   0.000  ;    ; RE   ; 13     ; LAB_INPUT_X19_Y95_N0_I0             ; LAB_INPUT                                       ;
;   13.741 ;   -0.001 ; RR ; IC   ; 1      ; FF_X19_Y95_N13                      ; u_cache|g_request[6].read_enable_q|clk          ;
;   14.198 ;   0.457  ; RR ; CELL ; 1      ; FF_X19_Y95_N13                      ; llm_bank_ram:u_cache|g_request[6].read_enable_q ;
;   14.446 ;   0.248  ;    ;      ;        ;                                     ; clock pessimism removed                         ;
; 14.346   ; -0.100   ;    ;      ;        ;                                     ; clock uncertainty                               ;
; 14.346   ; 0.000    ;    ; uTsu ; 1      ; FF_X19_Y95_N13                      ; llm_bank_ram:u_cache|g_request[6].read_enable_q ;
+----------+----------+----+------+--------+-------------------------------------+-------------------------------------------------+

----------------------------
; Extra Fitter Information ;
----------------------------
HTML report is unavailable in plain text report export.


Path #37: Recovery slack is 3.932 
===============================================================================
+---------------------------------------------------------------------------------------------------+
; Path Summary                                                                                      ;
+--------------------+------------------------------------------------------------------------------+
; Property           ; Value                                                                        ;
+--------------------+------------------------------------------------------------------------------+
; From Node          ; reset_release:u_reset|core_rst_n                                             ;
; To Node            ; llm_bank_ram:u_cache|pipelined_word_ram:g_bank[24].u_storage|read_valid_q[1] ;
; Launch Clock       ; clk                                                                          ;
; Latch Clock        ; clk                                                                          ;
; Data Arrival Time  ; 10.415                                                                       ;
; Data Required Time ; 14.347                                                                       ;
; Slack              ; 3.932                                                                        ;
+--------------------+------------------------------------------------------------------------------+

+--------------------------------------------------------------------------------------+
; Statistics                                                                           ;
+------------------------+--------+-------+-------------+------------+--------+--------+
; Property               ; Value  ; Count ; Total Delay ; % of Total ; Min    ; Max    ;
+------------------------+--------+-------+-------------+------------+--------+--------+
; Recovery Relationship  ; 10.000 ;       ;             ;            ;        ;        ;
; Clock Skew             ; -0.177 ;       ;             ;            ;        ;        ;
; Data Delay             ; 5.791  ;       ;             ;            ;        ;        ;
; Number of Logic Levels ;        ; 0     ;             ;            ;        ;        ;
; Physical Delays        ;        ;       ;             ;            ;        ;        ;
;  Arrival Path          ;        ;       ;             ;            ;        ;        ;
;   Clock                ;        ;       ;             ;            ;        ;        ;
;    IC                  ;        ; 3     ; -0.001      ; 0          ; -0.001 ; 0.000  ;
;    Cell                ;        ; 3     ; 1.780       ; 38         ; 0.335  ; 0.917  ;
;    Routing Element     ;        ; 25    ; 2.845       ; 62         ; 0.000  ; 1.032  ;
;   Data                 ;        ;       ;             ;            ;        ;        ;
;    IC                  ;        ; 1     ; -0.001      ; 0          ; -0.001 ; -0.001 ;
;    Cell                ;        ; 2     ; 0.574       ; 10         ; 0.000  ; 0.574  ;
;    uTco                ;        ; 1     ; 0.000       ; 0          ; 0.000  ; 0.000  ;
;    Routing Element     ;        ; 30    ; 5.218       ; 90         ; 0.000  ; 0.437  ;
;  Required Path         ;        ;       ;             ;            ;        ;        ;
;   Clock                ;        ;       ;             ;            ;        ;        ;
;    IC                  ;        ; 3     ; -0.001      ; 0          ; -0.001 ; 0.000  ;
;    Cell                ;        ; 3     ; 1.687       ; 40         ; 0.312  ; 0.917  ;
;    Routing Element     ;        ; 25    ; 2.513       ; 60         ; 0.000  ; 0.992  ;
+------------------------+--------+-------+-------------+------------+--------+--------+
Note: Negative delays are omitted from totals when calculating percentages

+----------------------------------------------------------------------------------------------------------------------------------------------------------------------+
; Data Arrival Path                                                                                                                                                    ;
+----------+----------+----+------+--------+--------------------------------------------+------------------------------------------------------------------------------+
; Total    ; Incr     ; RF ; Type ; Fanout ; Location                                   ; Element                                                                      ;
+----------+----------+----+------+--------+--------------------------------------------+------------------------------------------------------------------------------+
; 0.000    ; 0.000    ;    ;      ;        ;                                            ; launch edge time                                                             ;
; 4.624    ; 4.624    ;    ;      ;        ;                                            ; clock path                                                                   ;
;   0.000  ;   0.000  ;    ;      ;        ;                                            ; source latency                                                               ;
;   0.000  ;   0.000  ;    ;      ; 1      ; PIN_AC18                                   ; clk                                                                          ;
;   0.000  ;   0.000  ;    ; RE   ; 1      ; IOPAD_X54_Y0_N0                            ; ARRIAV_IO_PAD                                                                ;
;   0.000  ;   0.000  ;    ; RE   ; 1      ; IO_PAD_OUTPUT_X54_Y0_N0_I1                 ; IO_PAD_OUTPUT                                                                ;
;   0.000  ;   0.000  ;    ; RE   ; 1      ; IO_INPUT_BUFFER_INPUT_X54_Y0_N1_I0         ; IO_INPUT_BUFFER_INPUT                                                        ;
;   0.000  ;   0.000  ; RR ; IC   ; 1      ; IOIBUF_X54_Y0_N1                           ; clk~input|i                                                                  ;
;   0.917  ;   0.917  ; RR ; CELL ; 1      ; IOIBUF_X54_Y0_N1                           ; clk~input|o                                                                  ;
;   0.917  ;   0.000  ;    ; RE   ; 1      ; IOIBUF_X54_Y0_N1                           ; ARRIAV_IO_IBUF                                                               ;
;   0.917  ;   0.000  ;    ; RE   ; 1      ; IO_INPUT_BUFFER_OUTPUT_X54_Y0_N1_I2        ; IO_INPUT_BUFFER_OUTPUT                                                       ;
;   0.917  ;   0.000  ;    ; RE   ; 1      ; IO_RE_X54_Y0_N0_I96                        ; IO_RE                                                                        ;
;   1.133  ;   0.216  ;    ; RE   ; 1      ; IO_RE_X54_Y0_N0_I66                        ; IO_RE                                                                        ;
;   1.320  ;   0.187  ;    ; RE   ; 1      ; CLKBUF_CLUSTER_RE_X58_Y0_N0_I1614          ; CLKBUF_CLUSTER_RE                                                            ;
;   1.320  ;   0.000  ;    ; RE   ; 1      ; CLKBUF_CLUSTER_RE_X58_Y0_N0_I488           ; CLKBUF_CLUSTER_RE                                                            ;
;   1.320  ;   0.000  ;    ; RE   ; 1      ; GCLK_CLUSTER_RE_X58_Y0_N0_I10              ; GCLK_CLUSTER_RE                                                              ;
;   1.320  ;   0.000  ;    ; RE   ; 1      ; CLKBUFBLOCK_INPUT_X58_Y0_N1_I0             ; CLKBUFBLOCK_INPUT                                                            ;
;   1.320  ;   0.000  ; RR ; IC   ; 1      ; CLKCTRL_G4                                 ; clk~inputCLKENA0|inclk                                                       ;
;   1.655  ;   0.335  ; RR ; CELL ; 49420  ; CLKCTRL_G4                                 ; clk~inputCLKENA0|outclk                                                      ;
;   1.655  ;   0.000  ;    ; RE   ; 1      ; CLKCTRL_G4                                 ; ARRIAV_CLKBUF                                                                ;
;   1.655  ;   0.000  ;    ; RE   ; 1      ; CLKBUFBLOCK_OUTPUT_X58_Y0_N1_I2            ; CLKBUFBLOCK_OUTPUT                                                           ;
;   1.655  ;   0.000  ;    ; RE   ; 1      ; GCLK_CLUSTER_RE_X58_Y0_N0_I12              ; GCLK_CLUSTER_RE                                                              ;
;   1.655  ;   0.000  ;    ; RE   ; 1      ; CLKBUF_CLUSTER_RE_X58_Y0_N0_I415           ; CLKBUF_CLUSTER_RE                                                            ;
;   2.687  ;   1.032  ;    ; RE   ; 16     ; GLOBAL_CLOCK_X0_Y58_N0_I4                  ; GLOBAL_CLOCK                                                                 ;
;   2.869  ;   0.182  ;    ; RE   ; 29     ; SPINE_CLOCK_X75_Y30_N0_I20                 ; SPINE_CLOCK                                                                  ;
;   3.329  ;   0.460  ;    ; RE   ; 1      ; SCLK_TO_ROWCLK_BUF_X75_Y57_N0_I121         ; SCLK_TO_ROWCLK_BUF                                                           ;
;   3.418  ;   0.089  ;    ; RE   ; 2      ; SCLK_TO_ROWCLK_BUF_X75_Y57_N0_I124         ; SCLK_TO_ROWCLK_BUF                                                           ;
;   3.856  ;   0.438  ;    ; RE   ; 13     ; LAB_CLK_X76_Y57_N0_I5                      ; LAB_CLK                                                                      ;
;   4.002  ;   0.146  ;    ; RE   ; 1      ; BLK_CLK_BUF_X83_Y57_N0_I5                  ; BLK_CLK_BUF                                                                  ;
;   4.058  ;   0.056  ;    ; RE   ; 1      ; ROWCLKSEL_PREBUF_X83_Y57_N0_I5             ; ROWCLKSEL_PREBUF                                                             ;
;   4.097  ;   0.039  ;    ; RE   ; 1      ; ROWCLKSEL_X83_Y57_N0_I1                    ; ROWCLKSEL                                                                    ;
;   4.097  ;   0.000  ;    ; RE   ; 2      ; GLOBAL_LOCAL_SEL_X83_Y57_N0_I1             ; GLOBAL_LOCAL_SEL                                                             ;
;   4.097  ;   0.000  ;    ; RE   ; 3      ; LAB_INPUT_X83_Y57_N0_I0                    ; LAB_INPUT                                                                    ;
;   4.096  ;   -0.001 ; RR ; IC   ; 1      ; FF_X83_Y57_N29                             ; u_reset|core_rst_n|clk                                                       ;
;   4.624  ;   0.528  ; RR ; CELL ; 1      ; FF_X83_Y57_N29                             ; reset_release:u_reset|core_rst_n                                             ;
; 10.415   ; 5.791    ;    ;      ;        ;                                            ; data path                                                                    ;
;   4.624  ;   0.000  ;    ; uTco ; 1      ; FF_X83_Y57_N29                             ; reset_release:u_reset|core_rst_n                                             ;
;   4.624  ;   0.000  ; FF ; CELL ; 3143   ; FF_X83_Y57_N29                             ; u_reset|core_rst_n|q                                                         ;
;   4.685  ;   0.061  ;    ; RE   ; 1      ; FF_X83_Y57_N29                             ; ARRIAV_FF                                                                    ;
;   4.765  ;   0.080  ;    ; RE   ; 4      ; LE_BUFFER_X83_Y57_N0_I19                   ; LE_BUFFER                                                                    ;
;   4.969  ;   0.204  ;    ; RE   ; 1      ; R6_X77_Y57_N0_I29                          ; H_SEG6                                                                       ;
;   4.969  ;   0.000  ;    ; RE   ; 1      ; R14_C12_INTERCONNECT_DRIVER_X82_Y57_N0_I3  ; WIRE_MUX                                                                     ;
;   5.363  ;   0.394  ;    ; RE   ; 9      ; C12_X82_Y58_N0_I0                          ; V_SEG12                                                                      ;
;   5.363  ;   0.000  ;    ; RE   ; 1      ; R14_C12_INTERCONNECT_DRIVER_X82_Y66_N0_I0  ; WIRE_MUX                                                                     ;
;   5.772  ;   0.409  ;    ; RE   ; 1      ; C12_X82_Y67_N0_I0                          ; V_SEG12                                                                      ;
;   5.772  ;   0.000  ;    ; RE   ; 2      ; R14_C12_INTERCONNECT_DRIVER_X82_Y76_N0_I1  ; WIRE_MUX                                                                     ;
;   6.183  ;   0.411  ;    ; RE   ; 3      ; C12_X82_Y77_N0_I0                          ; V_SEG12                                                                      ;
;   6.183  ;   0.000  ;    ; RE   ; 1      ; R14_C12_INTERCONNECT_DRIVER_X82_Y88_N0_I3  ; WIRE_MUX                                                                     ;
;   6.534  ;   0.351  ;    ; RE   ; 2      ; R14_X69_Y88_N0_I1                          ; H_SEG14                                                                      ;
;   6.534  ;   0.000  ;    ; RE   ; 1      ; R14_C12_INTERCONNECT_DRIVER_X68_Y88_N0_I2  ; WIRE_MUX                                                                     ;
;   6.886  ;   0.352  ;    ; RE   ; 2      ; C12_X68_Y89_N0_I0                          ; V_SEG12                                                                      ;
;   6.886  ;   0.000  ;    ; RE   ; 1      ; R14_C12_INTERCONNECT_DRIVER_X68_Y98_N0_I1  ; WIRE_MUX                                                                     ;
;   7.258  ;   0.372  ;    ; RE   ; 4      ; R14_X55_Y98_N0_I1                          ; H_SEG14                                                                      ;
;   7.258  ;   0.000  ;    ; RE   ; 1      ; R14_C12_INTERCONNECT_DRIVER_X54_Y98_N0_I2  ; WIRE_MUX                                                                     ;
;   7.673  ;   0.415  ;    ; RE   ; 2      ; C12_X54_Y99_N0_I0                          ; V_SEG12                                                                      ;
;   7.673  ;   0.000  ;    ; RE   ; 1      ; R14_C12_INTERCONNECT_DRIVER_X54_Y104_N0_I3 ; WIRE_MUX                                                                     ;
;   8.032  ;   0.359  ;    ; RE   ; 1      ; R14_X41_Y104_N0_I1                         ; H_SEG14                                                                      ;
;   8.032  ;   0.000  ;    ; RE   ; 1      ; R14_C12_INTERCONNECT_DRIVER_X40_Y104_N0_I2 ; WIRE_MUX                                                                     ;
;   8.305  ;   0.273  ;    ; RE   ; 2      ; R14_X27_Y104_N0_I1                         ; H_SEG14                                                                      ;
;   8.305  ;   0.000  ;    ; RE   ; 1      ; R14_C12_INTERCONNECT_DRIVER_X26_Y104_N0_I2 ; WIRE_MUX                                                                     ;
;   8.585  ;   0.280  ;    ; RE   ; 4      ; R14_X13_Y104_N0_I1                         ; H_SEG14                                                                      ;
;   8.585  ;   0.000  ;    ; RE   ; 2      ; R14_C12_INTERCONNECT_DRIVER_X15_Y104_N0_I2 ; WIRE_MUX                                                                     ;
;   9.018  ;   0.433  ;    ; RE   ; 3      ; C12_X15_Y92_N0_I1                          ; V_SEG12                                                                      ;
;   9.455  ;   0.437  ;    ; RE   ; 1      ; R6_X16_Y95_N0_I1                           ; H_SEG6                                                                       ;
;   9.700  ;   0.245  ;    ; RE   ; 5      ; LOCAL_INTERCONNECT_X19_Y95_N0_I23          ; LAB_LINE                                                                     ;
;   9.842  ;   0.142  ;    ; RE   ; 1      ; BLOCK_INPUT_MUX_PASSTHROUGH_X19_Y95_N0_I83 ; LEIM                                                                         ;
;   9.842  ;   0.000  ;    ; RE   ; 1      ; GLOBAL_LOCAL_SEL_X19_Y95_N0_I2             ; GLOBAL_LOCAL_SEL                                                             ;
;   9.842  ;   0.000  ;    ; RE   ; 12     ; LAB_INPUT_X19_Y95_N0_I3                    ; LAB_INPUT                                                                    ;
;   9.841  ;   -0.001 ; FF ; IC   ; 1      ; FF_X19_Y95_N53                             ; u_cache|g_bank[24].u_storage|read_valid_q[1]|clrn                            ;
;   10.415 ;   0.574  ; FF ; CELL ; 1      ; FF_X19_Y95_N53                             ; llm_bank_ram:u_cache|pipelined_word_ram:g_bank[24].u_storage|read_valid_q[1] ;
+----------+----------+----+------+--------+--------------------------------------------+------------------------------------------------------------------------------+

+---------------------------------------------------------------------------------------------------------------------------------------------------------------+
; Data Required Path                                                                                                                                            ;
+----------+----------+----+------+--------+-------------------------------------+------------------------------------------------------------------------------+
; Total    ; Incr     ; RF ; Type ; Fanout ; Location                            ; Element                                                                      ;
+----------+----------+----+------+--------+-------------------------------------+------------------------------------------------------------------------------+
; 10.000   ; 10.000   ;    ;      ;        ;                                     ; latch edge time                                                              ;
; 14.447   ; 4.447    ;    ;      ;        ;                                     ; clock path                                                                   ;
;   10.000 ;   0.000  ;    ;      ;        ;                                     ; source latency                                                               ;
;   10.000 ;   0.000  ;    ;      ; 1      ; PIN_AC18                            ; clk                                                                          ;
;   10.000 ;   0.000  ;    ; RE   ; 1      ; IOPAD_X54_Y0_N0                     ; ARRIAV_IO_PAD                                                                ;
;   10.000 ;   0.000  ;    ; RE   ; 1      ; IO_PAD_OUTPUT_X54_Y0_N0_I1          ; IO_PAD_OUTPUT                                                                ;
;   10.000 ;   0.000  ;    ; RE   ; 1      ; IO_INPUT_BUFFER_INPUT_X54_Y0_N1_I0  ; IO_INPUT_BUFFER_INPUT                                                        ;
;   10.000 ;   0.000  ; RR ; IC   ; 1      ; IOIBUF_X54_Y0_N1                    ; clk~input|i                                                                  ;
;   10.917 ;   0.917  ; RR ; CELL ; 1      ; IOIBUF_X54_Y0_N1                    ; clk~input|o                                                                  ;
;   10.917 ;   0.000  ;    ; RE   ; 1      ; IOIBUF_X54_Y0_N1                    ; ARRIAV_IO_IBUF                                                               ;
;   10.917 ;   0.000  ;    ; RE   ; 1      ; IO_INPUT_BUFFER_OUTPUT_X54_Y0_N1_I2 ; IO_INPUT_BUFFER_OUTPUT                                                       ;
;   10.917 ;   0.000  ;    ; RE   ; 1      ; IO_RE_X54_Y0_N0_I96                 ; IO_RE                                                                        ;
;   11.095 ;   0.178  ;    ; RE   ; 1      ; IO_RE_X54_Y0_N0_I66                 ; IO_RE                                                                        ;
;   11.095 ;   0.000  ;    ; RE   ; 1      ; CLKBUF_CLUSTER_RE_X58_Y0_N0_I1614   ; CLKBUF_CLUSTER_RE                                                            ;
;   11.095 ;   0.000  ;    ; RE   ; 1      ; CLKBUF_CLUSTER_RE_X58_Y0_N0_I488    ; CLKBUF_CLUSTER_RE                                                            ;
;   11.095 ;   0.000  ;    ; RE   ; 1      ; GCLK_CLUSTER_RE_X58_Y0_N0_I10       ; GCLK_CLUSTER_RE                                                              ;
;   11.095 ;   0.000  ;    ; RE   ; 1      ; CLKBUFBLOCK_INPUT_X58_Y0_N1_I0      ; CLKBUFBLOCK_INPUT                                                            ;
;   11.095 ;   0.000  ; RR ; IC   ; 1      ; CLKCTRL_G4                          ; clk~inputCLKENA0|inclk                                                       ;
;   11.407 ;   0.312  ; RR ; CELL ; 49420  ; CLKCTRL_G4                          ; clk~inputCLKENA0|outclk                                                      ;
;   11.407 ;   0.000  ;    ; RE   ; 1      ; CLKCTRL_G4                          ; ARRIAV_CLKBUF                                                                ;
;   11.407 ;   0.000  ;    ; RE   ; 1      ; CLKBUFBLOCK_OUTPUT_X58_Y0_N1_I2     ; CLKBUFBLOCK_OUTPUT                                                           ;
;   11.407 ;   0.000  ;    ; RE   ; 1      ; GCLK_CLUSTER_RE_X58_Y0_N0_I12       ; GCLK_CLUSTER_RE                                                              ;
;   11.407 ;   0.000  ;    ; RE   ; 1      ; CLKBUF_CLUSTER_RE_X58_Y0_N0_I415    ; CLKBUF_CLUSTER_RE                                                            ;
;   12.399 ;   0.992  ;    ; RE   ; 16     ; GLOBAL_CLOCK_X0_Y58_N0_I4           ; GLOBAL_CLOCK                                                                 ;
;   12.569 ;   0.170  ;    ; RE   ; 26     ; SPINE_CLOCK_X15_Y88_N0_I20          ; SPINE_CLOCK                                                                  ;
;   13.011 ;   0.442  ;    ; RE   ; 1      ; SCLK_TO_ROWCLK_BUF_X15_Y95_N0_I120  ; SCLK_TO_ROWCLK_BUF                                                           ;
;   13.096 ;   0.085  ;    ; RE   ; 2      ; SCLK_TO_ROWCLK_BUF_X15_Y95_N0_I123  ; SCLK_TO_ROWCLK_BUF                                                           ;
;   13.518 ;   0.422  ;    ; RE   ; 10     ; LAB_CLK_X16_Y95_N0_I2               ; LAB_CLK                                                                      ;
;   13.653 ;   0.135  ;    ; RE   ; 1      ; BLK_CLK_BUF_X19_Y95_N0_I2           ; BLK_CLK_BUF                                                                  ;
;   13.707 ;   0.054  ;    ; RE   ; 1      ; ROWCLKSEL_PREBUF_X19_Y95_N0_I2      ; ROWCLKSEL_PREBUF                                                             ;
;   13.742 ;   0.035  ;    ; RE   ; 1      ; ROWCLKSEL_X19_Y95_N0_I1             ; ROWCLKSEL                                                                    ;
;   13.742 ;   0.000  ;    ; RE   ; 1      ; GLOBAL_LOCAL_SEL_X19_Y95_N0_I1      ; GLOBAL_LOCAL_SEL                                                             ;
;   13.742 ;   0.000  ;    ; RE   ; 13     ; LAB_INPUT_X19_Y95_N0_I0             ; LAB_INPUT                                                                    ;
;   13.741 ;   -0.001 ; RR ; IC   ; 1      ; FF_X19_Y95_N53                      ; u_cache|g_bank[24].u_storage|read_valid_q[1]|clk                             ;
;   14.199 ;   0.458  ; RR ; CELL ; 1      ; FF_X19_Y95_N53                      ; llm_bank_ram:u_cache|pipelined_word_ram:g_bank[24].u_storage|read_valid_q[1] ;
;   14.447 ;   0.248  ;    ;      ;        ;                                     ; clock pessimism removed                                                      ;
; 14.347   ; -0.100   ;    ;      ;        ;                                     ; clock uncertainty                                                            ;
; 14.347   ; 0.000    ;    ; uTsu ; 1      ; FF_X19_Y95_N53                      ; llm_bank_ram:u_cache|pipelined_word_ram:g_bank[24].u_storage|read_valid_q[1] ;
+----------+----------+----+------+--------+-------------------------------------+------------------------------------------------------------------------------+

----------------------------
; Extra Fitter Information ;
----------------------------
HTML report is unavailable in plain text report export.


Path #38: Recovery slack is 3.932 
===============================================================================
+---------------------------------------------------------------------------------------------------+
; Path Summary                                                                                      ;
+--------------------+------------------------------------------------------------------------------+
; Property           ; Value                                                                        ;
+--------------------+------------------------------------------------------------------------------+
; From Node          ; reset_release:u_reset|core_rst_n                                             ;
; To Node            ; llm_bank_ram:u_cache|pipelined_word_ram:g_bank[24].u_storage|read_valid_q[0] ;
; Launch Clock       ; clk                                                                          ;
; Latch Clock        ; clk                                                                          ;
; Data Arrival Time  ; 10.415                                                                       ;
; Data Required Time ; 14.347                                                                       ;
; Slack              ; 3.932                                                                        ;
+--------------------+------------------------------------------------------------------------------+

+--------------------------------------------------------------------------------------+
; Statistics                                                                           ;
+------------------------+--------+-------+-------------+------------+--------+--------+
; Property               ; Value  ; Count ; Total Delay ; % of Total ; Min    ; Max    ;
+------------------------+--------+-------+-------------+------------+--------+--------+
; Recovery Relationship  ; 10.000 ;       ;             ;            ;        ;        ;
; Clock Skew             ; -0.177 ;       ;             ;            ;        ;        ;
; Data Delay             ; 5.791  ;       ;             ;            ;        ;        ;
; Number of Logic Levels ;        ; 0     ;             ;            ;        ;        ;
; Physical Delays        ;        ;       ;             ;            ;        ;        ;
;  Arrival Path          ;        ;       ;             ;            ;        ;        ;
;   Clock                ;        ;       ;             ;            ;        ;        ;
;    IC                  ;        ; 3     ; -0.001      ; 0          ; -0.001 ; 0.000  ;
;    Cell                ;        ; 3     ; 1.780       ; 38         ; 0.335  ; 0.917  ;
;    Routing Element     ;        ; 25    ; 2.845       ; 62         ; 0.000  ; 1.032  ;
;   Data                 ;        ;       ;             ;            ;        ;        ;
;    IC                  ;        ; 1     ; -0.001      ; 0          ; -0.001 ; -0.001 ;
;    Cell                ;        ; 2     ; 0.574       ; 10         ; 0.000  ; 0.574  ;
;    uTco                ;        ; 1     ; 0.000       ; 0          ; 0.000  ; 0.000  ;
;    Routing Element     ;        ; 30    ; 5.218       ; 90         ; 0.000  ; 0.437  ;
;  Required Path         ;        ;       ;             ;            ;        ;        ;
;   Clock                ;        ;       ;             ;            ;        ;        ;
;    IC                  ;        ; 3     ; -0.001      ; 0          ; -0.001 ; 0.000  ;
;    Cell                ;        ; 3     ; 1.687       ; 40         ; 0.312  ; 0.917  ;
;    Routing Element     ;        ; 25    ; 2.513       ; 60         ; 0.000  ; 0.992  ;
+------------------------+--------+-------+-------------+------------+--------+--------+
Note: Negative delays are omitted from totals when calculating percentages

+----------------------------------------------------------------------------------------------------------------------------------------------------------------------+
; Data Arrival Path                                                                                                                                                    ;
+----------+----------+----+------+--------+--------------------------------------------+------------------------------------------------------------------------------+
; Total    ; Incr     ; RF ; Type ; Fanout ; Location                                   ; Element                                                                      ;
+----------+----------+----+------+--------+--------------------------------------------+------------------------------------------------------------------------------+
; 0.000    ; 0.000    ;    ;      ;        ;                                            ; launch edge time                                                             ;
; 4.624    ; 4.624    ;    ;      ;        ;                                            ; clock path                                                                   ;
;   0.000  ;   0.000  ;    ;      ;        ;                                            ; source latency                                                               ;
;   0.000  ;   0.000  ;    ;      ; 1      ; PIN_AC18                                   ; clk                                                                          ;
;   0.000  ;   0.000  ;    ; RE   ; 1      ; IOPAD_X54_Y0_N0                            ; ARRIAV_IO_PAD                                                                ;
;   0.000  ;   0.000  ;    ; RE   ; 1      ; IO_PAD_OUTPUT_X54_Y0_N0_I1                 ; IO_PAD_OUTPUT                                                                ;
;   0.000  ;   0.000  ;    ; RE   ; 1      ; IO_INPUT_BUFFER_INPUT_X54_Y0_N1_I0         ; IO_INPUT_BUFFER_INPUT                                                        ;
;   0.000  ;   0.000  ; RR ; IC   ; 1      ; IOIBUF_X54_Y0_N1                           ; clk~input|i                                                                  ;
;   0.917  ;   0.917  ; RR ; CELL ; 1      ; IOIBUF_X54_Y0_N1                           ; clk~input|o                                                                  ;
;   0.917  ;   0.000  ;    ; RE   ; 1      ; IOIBUF_X54_Y0_N1                           ; ARRIAV_IO_IBUF                                                               ;
;   0.917  ;   0.000  ;    ; RE   ; 1      ; IO_INPUT_BUFFER_OUTPUT_X54_Y0_N1_I2        ; IO_INPUT_BUFFER_OUTPUT                                                       ;
;   0.917  ;   0.000  ;    ; RE   ; 1      ; IO_RE_X54_Y0_N0_I96                        ; IO_RE                                                                        ;
;   1.133  ;   0.216  ;    ; RE   ; 1      ; IO_RE_X54_Y0_N0_I66                        ; IO_RE                                                                        ;
;   1.320  ;   0.187  ;    ; RE   ; 1      ; CLKBUF_CLUSTER_RE_X58_Y0_N0_I1614          ; CLKBUF_CLUSTER_RE                                                            ;
;   1.320  ;   0.000  ;    ; RE   ; 1      ; CLKBUF_CLUSTER_RE_X58_Y0_N0_I488           ; CLKBUF_CLUSTER_RE                                                            ;
;   1.320  ;   0.000  ;    ; RE   ; 1      ; GCLK_CLUSTER_RE_X58_Y0_N0_I10              ; GCLK_CLUSTER_RE                                                              ;
;   1.320  ;   0.000  ;    ; RE   ; 1      ; CLKBUFBLOCK_INPUT_X58_Y0_N1_I0             ; CLKBUFBLOCK_INPUT                                                            ;
;   1.320  ;   0.000  ; RR ; IC   ; 1      ; CLKCTRL_G4                                 ; clk~inputCLKENA0|inclk                                                       ;
;   1.655  ;   0.335  ; RR ; CELL ; 49420  ; CLKCTRL_G4                                 ; clk~inputCLKENA0|outclk                                                      ;
;   1.655  ;   0.000  ;    ; RE   ; 1      ; CLKCTRL_G4                                 ; ARRIAV_CLKBUF                                                                ;
;   1.655  ;   0.000  ;    ; RE   ; 1      ; CLKBUFBLOCK_OUTPUT_X58_Y0_N1_I2            ; CLKBUFBLOCK_OUTPUT                                                           ;
;   1.655  ;   0.000  ;    ; RE   ; 1      ; GCLK_CLUSTER_RE_X58_Y0_N0_I12              ; GCLK_CLUSTER_RE                                                              ;
;   1.655  ;   0.000  ;    ; RE   ; 1      ; CLKBUF_CLUSTER_RE_X58_Y0_N0_I415           ; CLKBUF_CLUSTER_RE                                                            ;
;   2.687  ;   1.032  ;    ; RE   ; 16     ; GLOBAL_CLOCK_X0_Y58_N0_I4                  ; GLOBAL_CLOCK                                                                 ;
;   2.869  ;   0.182  ;    ; RE   ; 29     ; SPINE_CLOCK_X75_Y30_N0_I20                 ; SPINE_CLOCK                                                                  ;
;   3.329  ;   0.460  ;    ; RE   ; 1      ; SCLK_TO_ROWCLK_BUF_X75_Y57_N0_I121         ; SCLK_TO_ROWCLK_BUF                                                           ;
;   3.418  ;   0.089  ;    ; RE   ; 2      ; SCLK_TO_ROWCLK_BUF_X75_Y57_N0_I124         ; SCLK_TO_ROWCLK_BUF                                                           ;
;   3.856  ;   0.438  ;    ; RE   ; 13     ; LAB_CLK_X76_Y57_N0_I5                      ; LAB_CLK                                                                      ;
;   4.002  ;   0.146  ;    ; RE   ; 1      ; BLK_CLK_BUF_X83_Y57_N0_I5                  ; BLK_CLK_BUF                                                                  ;
;   4.058  ;   0.056  ;    ; RE   ; 1      ; ROWCLKSEL_PREBUF_X83_Y57_N0_I5             ; ROWCLKSEL_PREBUF                                                             ;
;   4.097  ;   0.039  ;    ; RE   ; 1      ; ROWCLKSEL_X83_Y57_N0_I1                    ; ROWCLKSEL                                                                    ;
;   4.097  ;   0.000  ;    ; RE   ; 2      ; GLOBAL_LOCAL_SEL_X83_Y57_N0_I1             ; GLOBAL_LOCAL_SEL                                                             ;
;   4.097  ;   0.000  ;    ; RE   ; 3      ; LAB_INPUT_X83_Y57_N0_I0                    ; LAB_INPUT                                                                    ;
;   4.096  ;   -0.001 ; RR ; IC   ; 1      ; FF_X83_Y57_N29                             ; u_reset|core_rst_n|clk                                                       ;
;   4.624  ;   0.528  ; RR ; CELL ; 1      ; FF_X83_Y57_N29                             ; reset_release:u_reset|core_rst_n                                             ;
; 10.415   ; 5.791    ;    ;      ;        ;                                            ; data path                                                                    ;
;   4.624  ;   0.000  ;    ; uTco ; 1      ; FF_X83_Y57_N29                             ; reset_release:u_reset|core_rst_n                                             ;
;   4.624  ;   0.000  ; FF ; CELL ; 3143   ; FF_X83_Y57_N29                             ; u_reset|core_rst_n|q                                                         ;
;   4.685  ;   0.061  ;    ; RE   ; 1      ; FF_X83_Y57_N29                             ; ARRIAV_FF                                                                    ;
;   4.765  ;   0.080  ;    ; RE   ; 4      ; LE_BUFFER_X83_Y57_N0_I19                   ; LE_BUFFER                                                                    ;
;   4.969  ;   0.204  ;    ; RE   ; 1      ; R6_X77_Y57_N0_I29                          ; H_SEG6                                                                       ;
;   4.969  ;   0.000  ;    ; RE   ; 1      ; R14_C12_INTERCONNECT_DRIVER_X82_Y57_N0_I3  ; WIRE_MUX                                                                     ;
;   5.363  ;   0.394  ;    ; RE   ; 9      ; C12_X82_Y58_N0_I0                          ; V_SEG12                                                                      ;
;   5.363  ;   0.000  ;    ; RE   ; 1      ; R14_C12_INTERCONNECT_DRIVER_X82_Y66_N0_I0  ; WIRE_MUX                                                                     ;
;   5.772  ;   0.409  ;    ; RE   ; 1      ; C12_X82_Y67_N0_I0                          ; V_SEG12                                                                      ;
;   5.772  ;   0.000  ;    ; RE   ; 2      ; R14_C12_INTERCONNECT_DRIVER_X82_Y76_N0_I1  ; WIRE_MUX                                                                     ;
;   6.183  ;   0.411  ;    ; RE   ; 3      ; C12_X82_Y77_N0_I0                          ; V_SEG12                                                                      ;
;   6.183  ;   0.000  ;    ; RE   ; 1      ; R14_C12_INTERCONNECT_DRIVER_X82_Y88_N0_I3  ; WIRE_MUX                                                                     ;
;   6.534  ;   0.351  ;    ; RE   ; 2      ; R14_X69_Y88_N0_I1                          ; H_SEG14                                                                      ;
;   6.534  ;   0.000  ;    ; RE   ; 1      ; R14_C12_INTERCONNECT_DRIVER_X68_Y88_N0_I2  ; WIRE_MUX                                                                     ;
;   6.886  ;   0.352  ;    ; RE   ; 2      ; C12_X68_Y89_N0_I0                          ; V_SEG12                                                                      ;
;   6.886  ;   0.000  ;    ; RE   ; 1      ; R14_C12_INTERCONNECT_DRIVER_X68_Y98_N0_I1  ; WIRE_MUX                                                                     ;
;   7.258  ;   0.372  ;    ; RE   ; 4      ; R14_X55_Y98_N0_I1                          ; H_SEG14                                                                      ;
;   7.258  ;   0.000  ;    ; RE   ; 1      ; R14_C12_INTERCONNECT_DRIVER_X54_Y98_N0_I2  ; WIRE_MUX                                                                     ;
;   7.673  ;   0.415  ;    ; RE   ; 2      ; C12_X54_Y99_N0_I0                          ; V_SEG12                                                                      ;
;   7.673  ;   0.000  ;    ; RE   ; 1      ; R14_C12_INTERCONNECT_DRIVER_X54_Y104_N0_I3 ; WIRE_MUX                                                                     ;
;   8.032  ;   0.359  ;    ; RE   ; 1      ; R14_X41_Y104_N0_I1                         ; H_SEG14                                                                      ;
;   8.032  ;   0.000  ;    ; RE   ; 1      ; R14_C12_INTERCONNECT_DRIVER_X40_Y104_N0_I2 ; WIRE_MUX                                                                     ;
;   8.305  ;   0.273  ;    ; RE   ; 2      ; R14_X27_Y104_N0_I1                         ; H_SEG14                                                                      ;
;   8.305  ;   0.000  ;    ; RE   ; 1      ; R14_C12_INTERCONNECT_DRIVER_X26_Y104_N0_I2 ; WIRE_MUX                                                                     ;
;   8.585  ;   0.280  ;    ; RE   ; 4      ; R14_X13_Y104_N0_I1                         ; H_SEG14                                                                      ;
;   8.585  ;   0.000  ;    ; RE   ; 2      ; R14_C12_INTERCONNECT_DRIVER_X15_Y104_N0_I2 ; WIRE_MUX                                                                     ;
;   9.018  ;   0.433  ;    ; RE   ; 3      ; C12_X15_Y92_N0_I1                          ; V_SEG12                                                                      ;
;   9.455  ;   0.437  ;    ; RE   ; 1      ; R6_X16_Y95_N0_I1                           ; H_SEG6                                                                       ;
;   9.700  ;   0.245  ;    ; RE   ; 5      ; LOCAL_INTERCONNECT_X19_Y95_N0_I23          ; LAB_LINE                                                                     ;
;   9.842  ;   0.142  ;    ; RE   ; 1      ; BLOCK_INPUT_MUX_PASSTHROUGH_X19_Y95_N0_I83 ; LEIM                                                                         ;
;   9.842  ;   0.000  ;    ; RE   ; 1      ; GLOBAL_LOCAL_SEL_X19_Y95_N0_I2             ; GLOBAL_LOCAL_SEL                                                             ;
;   9.842  ;   0.000  ;    ; RE   ; 12     ; LAB_INPUT_X19_Y95_N0_I3                    ; LAB_INPUT                                                                    ;
;   9.841  ;   -0.001 ; FF ; IC   ; 1      ; FF_X19_Y95_N41                             ; u_cache|g_bank[24].u_storage|read_valid_q[0]|clrn                            ;
;   10.415 ;   0.574  ; FF ; CELL ; 1      ; FF_X19_Y95_N41                             ; llm_bank_ram:u_cache|pipelined_word_ram:g_bank[24].u_storage|read_valid_q[0] ;
+----------+----------+----+------+--------+--------------------------------------------+------------------------------------------------------------------------------+

+---------------------------------------------------------------------------------------------------------------------------------------------------------------+
; Data Required Path                                                                                                                                            ;
+----------+----------+----+------+--------+-------------------------------------+------------------------------------------------------------------------------+
; Total    ; Incr     ; RF ; Type ; Fanout ; Location                            ; Element                                                                      ;
+----------+----------+----+------+--------+-------------------------------------+------------------------------------------------------------------------------+
; 10.000   ; 10.000   ;    ;      ;        ;                                     ; latch edge time                                                              ;
; 14.447   ; 4.447    ;    ;      ;        ;                                     ; clock path                                                                   ;
;   10.000 ;   0.000  ;    ;      ;        ;                                     ; source latency                                                               ;
;   10.000 ;   0.000  ;    ;      ; 1      ; PIN_AC18                            ; clk                                                                          ;
;   10.000 ;   0.000  ;    ; RE   ; 1      ; IOPAD_X54_Y0_N0                     ; ARRIAV_IO_PAD                                                                ;
;   10.000 ;   0.000  ;    ; RE   ; 1      ; IO_PAD_OUTPUT_X54_Y0_N0_I1          ; IO_PAD_OUTPUT                                                                ;
;   10.000 ;   0.000  ;    ; RE   ; 1      ; IO_INPUT_BUFFER_INPUT_X54_Y0_N1_I0  ; IO_INPUT_BUFFER_INPUT                                                        ;
;   10.000 ;   0.000  ; RR ; IC   ; 1      ; IOIBUF_X54_Y0_N1                    ; clk~input|i                                                                  ;
;   10.917 ;   0.917  ; RR ; CELL ; 1      ; IOIBUF_X54_Y0_N1                    ; clk~input|o                                                                  ;
;   10.917 ;   0.000  ;    ; RE   ; 1      ; IOIBUF_X54_Y0_N1                    ; ARRIAV_IO_IBUF                                                               ;
;   10.917 ;   0.000  ;    ; RE   ; 1      ; IO_INPUT_BUFFER_OUTPUT_X54_Y0_N1_I2 ; IO_INPUT_BUFFER_OUTPUT                                                       ;
;   10.917 ;   0.000  ;    ; RE   ; 1      ; IO_RE_X54_Y0_N0_I96                 ; IO_RE                                                                        ;
;   11.095 ;   0.178  ;    ; RE   ; 1      ; IO_RE_X54_Y0_N0_I66                 ; IO_RE                                                                        ;
;   11.095 ;   0.000  ;    ; RE   ; 1      ; CLKBUF_CLUSTER_RE_X58_Y0_N0_I1614   ; CLKBUF_CLUSTER_RE                                                            ;
;   11.095 ;   0.000  ;    ; RE   ; 1      ; CLKBUF_CLUSTER_RE_X58_Y0_N0_I488    ; CLKBUF_CLUSTER_RE                                                            ;
;   11.095 ;   0.000  ;    ; RE   ; 1      ; GCLK_CLUSTER_RE_X58_Y0_N0_I10       ; GCLK_CLUSTER_RE                                                              ;
;   11.095 ;   0.000  ;    ; RE   ; 1      ; CLKBUFBLOCK_INPUT_X58_Y0_N1_I0      ; CLKBUFBLOCK_INPUT                                                            ;
;   11.095 ;   0.000  ; RR ; IC   ; 1      ; CLKCTRL_G4                          ; clk~inputCLKENA0|inclk                                                       ;
;   11.407 ;   0.312  ; RR ; CELL ; 49420  ; CLKCTRL_G4                          ; clk~inputCLKENA0|outclk                                                      ;
;   11.407 ;   0.000  ;    ; RE   ; 1      ; CLKCTRL_G4                          ; ARRIAV_CLKBUF                                                                ;
;   11.407 ;   0.000  ;    ; RE   ; 1      ; CLKBUFBLOCK_OUTPUT_X58_Y0_N1_I2     ; CLKBUFBLOCK_OUTPUT                                                           ;
;   11.407 ;   0.000  ;    ; RE   ; 1      ; GCLK_CLUSTER_RE_X58_Y0_N0_I12       ; GCLK_CLUSTER_RE                                                              ;
;   11.407 ;   0.000  ;    ; RE   ; 1      ; CLKBUF_CLUSTER_RE_X58_Y0_N0_I415    ; CLKBUF_CLUSTER_RE                                                            ;
;   12.399 ;   0.992  ;    ; RE   ; 16     ; GLOBAL_CLOCK_X0_Y58_N0_I4           ; GLOBAL_CLOCK                                                                 ;
;   12.569 ;   0.170  ;    ; RE   ; 26     ; SPINE_CLOCK_X15_Y88_N0_I20          ; SPINE_CLOCK                                                                  ;
;   13.011 ;   0.442  ;    ; RE   ; 1      ; SCLK_TO_ROWCLK_BUF_X15_Y95_N0_I120  ; SCLK_TO_ROWCLK_BUF                                                           ;
;   13.096 ;   0.085  ;    ; RE   ; 2      ; SCLK_TO_ROWCLK_BUF_X15_Y95_N0_I123  ; SCLK_TO_ROWCLK_BUF                                                           ;
;   13.518 ;   0.422  ;    ; RE   ; 10     ; LAB_CLK_X16_Y95_N0_I2               ; LAB_CLK                                                                      ;
;   13.653 ;   0.135  ;    ; RE   ; 1      ; BLK_CLK_BUF_X19_Y95_N0_I2           ; BLK_CLK_BUF                                                                  ;
;   13.707 ;   0.054  ;    ; RE   ; 1      ; ROWCLKSEL_PREBUF_X19_Y95_N0_I2      ; ROWCLKSEL_PREBUF                                                             ;
;   13.742 ;   0.035  ;    ; RE   ; 1      ; ROWCLKSEL_X19_Y95_N0_I1             ; ROWCLKSEL                                                                    ;
;   13.742 ;   0.000  ;    ; RE   ; 1      ; GLOBAL_LOCAL_SEL_X19_Y95_N0_I1      ; GLOBAL_LOCAL_SEL                                                             ;
;   13.742 ;   0.000  ;    ; RE   ; 13     ; LAB_INPUT_X19_Y95_N0_I0             ; LAB_INPUT                                                                    ;
;   13.741 ;   -0.001 ; RR ; IC   ; 1      ; FF_X19_Y95_N41                      ; u_cache|g_bank[24].u_storage|read_valid_q[0]|clk                             ;
;   14.199 ;   0.458  ; RR ; CELL ; 1      ; FF_X19_Y95_N41                      ; llm_bank_ram:u_cache|pipelined_word_ram:g_bank[24].u_storage|read_valid_q[0] ;
;   14.447 ;   0.248  ;    ;      ;        ;                                     ; clock pessimism removed                                                      ;
; 14.347   ; -0.100   ;    ;      ;        ;                                     ; clock uncertainty                                                            ;
; 14.347   ; 0.000    ;    ; uTsu ; 1      ; FF_X19_Y95_N41                      ; llm_bank_ram:u_cache|pipelined_word_ram:g_bank[24].u_storage|read_valid_q[0] ;
+----------+----------+----+------+--------+-------------------------------------+------------------------------------------------------------------------------+

----------------------------
; Extra Fitter Information ;
----------------------------
HTML report is unavailable in plain text report export.


Path #39: Recovery slack is 3.932 
===============================================================================
+-------------------------------------------------------------------------------------------------------+
; Path Summary                                                                                          ;
+--------------------+----------------------------------------------------------------------------------+
; Property           ; Value                                                                            ;
+--------------------+----------------------------------------------------------------------------------+
; From Node          ; reset_release:u_reset|core_rst_n                                                 ;
; To Node            ; llm_bank_ram:u_cache|pipelined_word_ram:g_bank[27].u_storage|g_ip.write_enable_q ;
; Launch Clock       ; clk                                                                              ;
; Latch Clock        ; clk                                                                              ;
; Data Arrival Time  ; 10.415                                                                           ;
; Data Required Time ; 14.347                                                                           ;
; Slack              ; 3.932                                                                            ;
+--------------------+----------------------------------------------------------------------------------+

+--------------------------------------------------------------------------------------+
; Statistics                                                                           ;
+------------------------+--------+-------+-------------+------------+--------+--------+
; Property               ; Value  ; Count ; Total Delay ; % of Total ; Min    ; Max    ;
+------------------------+--------+-------+-------------+------------+--------+--------+
; Recovery Relationship  ; 10.000 ;       ;             ;            ;        ;        ;
; Clock Skew             ; -0.177 ;       ;             ;            ;        ;        ;
; Data Delay             ; 5.791  ;       ;             ;            ;        ;        ;
; Number of Logic Levels ;        ; 0     ;             ;            ;        ;        ;
; Physical Delays        ;        ;       ;             ;            ;        ;        ;
;  Arrival Path          ;        ;       ;             ;            ;        ;        ;
;   Clock                ;        ;       ;             ;            ;        ;        ;
;    IC                  ;        ; 3     ; -0.001      ; 0          ; -0.001 ; 0.000  ;
;    Cell                ;        ; 3     ; 1.780       ; 38         ; 0.335  ; 0.917  ;
;    Routing Element     ;        ; 25    ; 2.845       ; 62         ; 0.000  ; 1.032  ;
;   Data                 ;        ;       ;             ;            ;        ;        ;
;    IC                  ;        ; 1     ; -0.001      ; 0          ; -0.001 ; -0.001 ;
;    Cell                ;        ; 2     ; 0.574       ; 10         ; 0.000  ; 0.574  ;
;    uTco                ;        ; 1     ; 0.000       ; 0          ; 0.000  ; 0.000  ;
;    Routing Element     ;        ; 30    ; 5.218       ; 90         ; 0.000  ; 0.437  ;
;  Required Path         ;        ;       ;             ;            ;        ;        ;
;   Clock                ;        ;       ;             ;            ;        ;        ;
;    IC                  ;        ; 3     ; -0.001      ; 0          ; -0.001 ; 0.000  ;
;    Cell                ;        ; 3     ; 1.687       ; 40         ; 0.312  ; 0.917  ;
;    Routing Element     ;        ; 25    ; 2.513       ; 60         ; 0.000  ; 0.992  ;
+------------------------+--------+-------+-------------+------------+--------+--------+
Note: Negative delays are omitted from totals when calculating percentages

+--------------------------------------------------------------------------------------------------------------------------------------------------------------------------+
; Data Arrival Path                                                                                                                                                        ;
+----------+----------+----+------+--------+--------------------------------------------+----------------------------------------------------------------------------------+
; Total    ; Incr     ; RF ; Type ; Fanout ; Location                                   ; Element                                                                          ;
+----------+----------+----+------+--------+--------------------------------------------+----------------------------------------------------------------------------------+
; 0.000    ; 0.000    ;    ;      ;        ;                                            ; launch edge time                                                                 ;
; 4.624    ; 4.624    ;    ;      ;        ;                                            ; clock path                                                                       ;
;   0.000  ;   0.000  ;    ;      ;        ;                                            ; source latency                                                                   ;
;   0.000  ;   0.000  ;    ;      ; 1      ; PIN_AC18                                   ; clk                                                                              ;
;   0.000  ;   0.000  ;    ; RE   ; 1      ; IOPAD_X54_Y0_N0                            ; ARRIAV_IO_PAD                                                                    ;
;   0.000  ;   0.000  ;    ; RE   ; 1      ; IO_PAD_OUTPUT_X54_Y0_N0_I1                 ; IO_PAD_OUTPUT                                                                    ;
;   0.000  ;   0.000  ;    ; RE   ; 1      ; IO_INPUT_BUFFER_INPUT_X54_Y0_N1_I0         ; IO_INPUT_BUFFER_INPUT                                                            ;
;   0.000  ;   0.000  ; RR ; IC   ; 1      ; IOIBUF_X54_Y0_N1                           ; clk~input|i                                                                      ;
;   0.917  ;   0.917  ; RR ; CELL ; 1      ; IOIBUF_X54_Y0_N1                           ; clk~input|o                                                                      ;
;   0.917  ;   0.000  ;    ; RE   ; 1      ; IOIBUF_X54_Y0_N1                           ; ARRIAV_IO_IBUF                                                                   ;
;   0.917  ;   0.000  ;    ; RE   ; 1      ; IO_INPUT_BUFFER_OUTPUT_X54_Y0_N1_I2        ; IO_INPUT_BUFFER_OUTPUT                                                           ;
;   0.917  ;   0.000  ;    ; RE   ; 1      ; IO_RE_X54_Y0_N0_I96                        ; IO_RE                                                                            ;
;   1.133  ;   0.216  ;    ; RE   ; 1      ; IO_RE_X54_Y0_N0_I66                        ; IO_RE                                                                            ;
;   1.320  ;   0.187  ;    ; RE   ; 1      ; CLKBUF_CLUSTER_RE_X58_Y0_N0_I1614          ; CLKBUF_CLUSTER_RE                                                                ;
;   1.320  ;   0.000  ;    ; RE   ; 1      ; CLKBUF_CLUSTER_RE_X58_Y0_N0_I488           ; CLKBUF_CLUSTER_RE                                                                ;
;   1.320  ;   0.000  ;    ; RE   ; 1      ; GCLK_CLUSTER_RE_X58_Y0_N0_I10              ; GCLK_CLUSTER_RE                                                                  ;
;   1.320  ;   0.000  ;    ; RE   ; 1      ; CLKBUFBLOCK_INPUT_X58_Y0_N1_I0             ; CLKBUFBLOCK_INPUT                                                                ;
;   1.320  ;   0.000  ; RR ; IC   ; 1      ; CLKCTRL_G4                                 ; clk~inputCLKENA0|inclk                                                           ;
;   1.655  ;   0.335  ; RR ; CELL ; 49420  ; CLKCTRL_G4                                 ; clk~inputCLKENA0|outclk                                                          ;
;   1.655  ;   0.000  ;    ; RE   ; 1      ; CLKCTRL_G4                                 ; ARRIAV_CLKBUF                                                                    ;
;   1.655  ;   0.000  ;    ; RE   ; 1      ; CLKBUFBLOCK_OUTPUT_X58_Y0_N1_I2            ; CLKBUFBLOCK_OUTPUT                                                               ;
;   1.655  ;   0.000  ;    ; RE   ; 1      ; GCLK_CLUSTER_RE_X58_Y0_N0_I12              ; GCLK_CLUSTER_RE                                                                  ;
;   1.655  ;   0.000  ;    ; RE   ; 1      ; CLKBUF_CLUSTER_RE_X58_Y0_N0_I415           ; CLKBUF_CLUSTER_RE                                                                ;
;   2.687  ;   1.032  ;    ; RE   ; 16     ; GLOBAL_CLOCK_X0_Y58_N0_I4                  ; GLOBAL_CLOCK                                                                     ;
;   2.869  ;   0.182  ;    ; RE   ; 29     ; SPINE_CLOCK_X75_Y30_N0_I20                 ; SPINE_CLOCK                                                                      ;
;   3.329  ;   0.460  ;    ; RE   ; 1      ; SCLK_TO_ROWCLK_BUF_X75_Y57_N0_I121         ; SCLK_TO_ROWCLK_BUF                                                               ;
;   3.418  ;   0.089  ;    ; RE   ; 2      ; SCLK_TO_ROWCLK_BUF_X75_Y57_N0_I124         ; SCLK_TO_ROWCLK_BUF                                                               ;
;   3.856  ;   0.438  ;    ; RE   ; 13     ; LAB_CLK_X76_Y57_N0_I5                      ; LAB_CLK                                                                          ;
;   4.002  ;   0.146  ;    ; RE   ; 1      ; BLK_CLK_BUF_X83_Y57_N0_I5                  ; BLK_CLK_BUF                                                                      ;
;   4.058  ;   0.056  ;    ; RE   ; 1      ; ROWCLKSEL_PREBUF_X83_Y57_N0_I5             ; ROWCLKSEL_PREBUF                                                                 ;
;   4.097  ;   0.039  ;    ; RE   ; 1      ; ROWCLKSEL_X83_Y57_N0_I1                    ; ROWCLKSEL                                                                        ;
;   4.097  ;   0.000  ;    ; RE   ; 2      ; GLOBAL_LOCAL_SEL_X83_Y57_N0_I1             ; GLOBAL_LOCAL_SEL                                                                 ;
;   4.097  ;   0.000  ;    ; RE   ; 3      ; LAB_INPUT_X83_Y57_N0_I0                    ; LAB_INPUT                                                                        ;
;   4.096  ;   -0.001 ; RR ; IC   ; 1      ; FF_X83_Y57_N29                             ; u_reset|core_rst_n|clk                                                           ;
;   4.624  ;   0.528  ; RR ; CELL ; 1      ; FF_X83_Y57_N29                             ; reset_release:u_reset|core_rst_n                                                 ;
; 10.415   ; 5.791    ;    ;      ;        ;                                            ; data path                                                                        ;
;   4.624  ;   0.000  ;    ; uTco ; 1      ; FF_X83_Y57_N29                             ; reset_release:u_reset|core_rst_n                                                 ;
;   4.624  ;   0.000  ; FF ; CELL ; 3143   ; FF_X83_Y57_N29                             ; u_reset|core_rst_n|q                                                             ;
;   4.685  ;   0.061  ;    ; RE   ; 1      ; FF_X83_Y57_N29                             ; ARRIAV_FF                                                                        ;
;   4.765  ;   0.080  ;    ; RE   ; 4      ; LE_BUFFER_X83_Y57_N0_I19                   ; LE_BUFFER                                                                        ;
;   4.969  ;   0.204  ;    ; RE   ; 1      ; R6_X77_Y57_N0_I29                          ; H_SEG6                                                                           ;
;   4.969  ;   0.000  ;    ; RE   ; 1      ; R14_C12_INTERCONNECT_DRIVER_X82_Y57_N0_I3  ; WIRE_MUX                                                                         ;
;   5.363  ;   0.394  ;    ; RE   ; 9      ; C12_X82_Y58_N0_I0                          ; V_SEG12                                                                          ;
;   5.363  ;   0.000  ;    ; RE   ; 1      ; R14_C12_INTERCONNECT_DRIVER_X82_Y66_N0_I0  ; WIRE_MUX                                                                         ;
;   5.772  ;   0.409  ;    ; RE   ; 1      ; C12_X82_Y67_N0_I0                          ; V_SEG12                                                                          ;
;   5.772  ;   0.000  ;    ; RE   ; 2      ; R14_C12_INTERCONNECT_DRIVER_X82_Y76_N0_I1  ; WIRE_MUX                                                                         ;
;   6.183  ;   0.411  ;    ; RE   ; 3      ; C12_X82_Y77_N0_I0                          ; V_SEG12                                                                          ;
;   6.183  ;   0.000  ;    ; RE   ; 1      ; R14_C12_INTERCONNECT_DRIVER_X82_Y88_N0_I3  ; WIRE_MUX                                                                         ;
;   6.534  ;   0.351  ;    ; RE   ; 2      ; R14_X69_Y88_N0_I1                          ; H_SEG14                                                                          ;
;   6.534  ;   0.000  ;    ; RE   ; 1      ; R14_C12_INTERCONNECT_DRIVER_X68_Y88_N0_I2  ; WIRE_MUX                                                                         ;
;   6.886  ;   0.352  ;    ; RE   ; 2      ; C12_X68_Y89_N0_I0                          ; V_SEG12                                                                          ;
;   6.886  ;   0.000  ;    ; RE   ; 1      ; R14_C12_INTERCONNECT_DRIVER_X68_Y98_N0_I1  ; WIRE_MUX                                                                         ;
;   7.258  ;   0.372  ;    ; RE   ; 4      ; R14_X55_Y98_N0_I1                          ; H_SEG14                                                                          ;
;   7.258  ;   0.000  ;    ; RE   ; 1      ; R14_C12_INTERCONNECT_DRIVER_X54_Y98_N0_I2  ; WIRE_MUX                                                                         ;
;   7.673  ;   0.415  ;    ; RE   ; 2      ; C12_X54_Y99_N0_I0                          ; V_SEG12                                                                          ;
;   7.673  ;   0.000  ;    ; RE   ; 1      ; R14_C12_INTERCONNECT_DRIVER_X54_Y104_N0_I3 ; WIRE_MUX                                                                         ;
;   8.032  ;   0.359  ;    ; RE   ; 1      ; R14_X41_Y104_N0_I1                         ; H_SEG14                                                                          ;
;   8.032  ;   0.000  ;    ; RE   ; 1      ; R14_C12_INTERCONNECT_DRIVER_X40_Y104_N0_I2 ; WIRE_MUX                                                                         ;
;   8.305  ;   0.273  ;    ; RE   ; 2      ; R14_X27_Y104_N0_I1                         ; H_SEG14                                                                          ;
;   8.305  ;   0.000  ;    ; RE   ; 1      ; R14_C12_INTERCONNECT_DRIVER_X26_Y104_N0_I2 ; WIRE_MUX                                                                         ;
;   8.585  ;   0.280  ;    ; RE   ; 4      ; R14_X13_Y104_N0_I1                         ; H_SEG14                                                                          ;
;   8.585  ;   0.000  ;    ; RE   ; 2      ; R14_C12_INTERCONNECT_DRIVER_X15_Y104_N0_I2 ; WIRE_MUX                                                                         ;
;   9.018  ;   0.433  ;    ; RE   ; 3      ; C12_X15_Y92_N0_I1                          ; V_SEG12                                                                          ;
;   9.455  ;   0.437  ;    ; RE   ; 1      ; R6_X16_Y95_N0_I1                           ; H_SEG6                                                                           ;
;   9.700  ;   0.245  ;    ; RE   ; 5      ; LOCAL_INTERCONNECT_X19_Y95_N0_I23          ; LAB_LINE                                                                         ;
;   9.842  ;   0.142  ;    ; RE   ; 1      ; BLOCK_INPUT_MUX_PASSTHROUGH_X19_Y95_N0_I83 ; LEIM                                                                             ;
;   9.842  ;   0.000  ;    ; RE   ; 1      ; GLOBAL_LOCAL_SEL_X19_Y95_N0_I2             ; GLOBAL_LOCAL_SEL                                                                 ;
;   9.842  ;   0.000  ;    ; RE   ; 12     ; LAB_INPUT_X19_Y95_N0_I3                    ; LAB_INPUT                                                                        ;
;   9.841  ;   -0.001 ; FF ; IC   ; 1      ; FF_X19_Y95_N59                             ; u_cache|g_bank[27].u_storage|g_ip.write_enable_q|clrn                            ;
;   10.415 ;   0.574  ; FF ; CELL ; 1      ; FF_X19_Y95_N59                             ; llm_bank_ram:u_cache|pipelined_word_ram:g_bank[27].u_storage|g_ip.write_enable_q ;
+----------+----------+----+------+--------+--------------------------------------------+----------------------------------------------------------------------------------+

+-------------------------------------------------------------------------------------------------------------------------------------------------------------------+
; Data Required Path                                                                                                                                                ;
+----------+----------+----+------+--------+-------------------------------------+----------------------------------------------------------------------------------+
; Total    ; Incr     ; RF ; Type ; Fanout ; Location                            ; Element                                                                          ;
+----------+----------+----+------+--------+-------------------------------------+----------------------------------------------------------------------------------+
; 10.000   ; 10.000   ;    ;      ;        ;                                     ; latch edge time                                                                  ;
; 14.447   ; 4.447    ;    ;      ;        ;                                     ; clock path                                                                       ;
;   10.000 ;   0.000  ;    ;      ;        ;                                     ; source latency                                                                   ;
;   10.000 ;   0.000  ;    ;      ; 1      ; PIN_AC18                            ; clk                                                                              ;
;   10.000 ;   0.000  ;    ; RE   ; 1      ; IOPAD_X54_Y0_N0                     ; ARRIAV_IO_PAD                                                                    ;
;   10.000 ;   0.000  ;    ; RE   ; 1      ; IO_PAD_OUTPUT_X54_Y0_N0_I1          ; IO_PAD_OUTPUT                                                                    ;
;   10.000 ;   0.000  ;    ; RE   ; 1      ; IO_INPUT_BUFFER_INPUT_X54_Y0_N1_I0  ; IO_INPUT_BUFFER_INPUT                                                            ;
;   10.000 ;   0.000  ; RR ; IC   ; 1      ; IOIBUF_X54_Y0_N1                    ; clk~input|i                                                                      ;
;   10.917 ;   0.917  ; RR ; CELL ; 1      ; IOIBUF_X54_Y0_N1                    ; clk~input|o                                                                      ;
;   10.917 ;   0.000  ;    ; RE   ; 1      ; IOIBUF_X54_Y0_N1                    ; ARRIAV_IO_IBUF                                                                   ;
;   10.917 ;   0.000  ;    ; RE   ; 1      ; IO_INPUT_BUFFER_OUTPUT_X54_Y0_N1_I2 ; IO_INPUT_BUFFER_OUTPUT                                                           ;
;   10.917 ;   0.000  ;    ; RE   ; 1      ; IO_RE_X54_Y0_N0_I96                 ; IO_RE                                                                            ;
;   11.095 ;   0.178  ;    ; RE   ; 1      ; IO_RE_X54_Y0_N0_I66                 ; IO_RE                                                                            ;
;   11.095 ;   0.000  ;    ; RE   ; 1      ; CLKBUF_CLUSTER_RE_X58_Y0_N0_I1614   ; CLKBUF_CLUSTER_RE                                                                ;
;   11.095 ;   0.000  ;    ; RE   ; 1      ; CLKBUF_CLUSTER_RE_X58_Y0_N0_I488    ; CLKBUF_CLUSTER_RE                                                                ;
;   11.095 ;   0.000  ;    ; RE   ; 1      ; GCLK_CLUSTER_RE_X58_Y0_N0_I10       ; GCLK_CLUSTER_RE                                                                  ;
;   11.095 ;   0.000  ;    ; RE   ; 1      ; CLKBUFBLOCK_INPUT_X58_Y0_N1_I0      ; CLKBUFBLOCK_INPUT                                                                ;
;   11.095 ;   0.000  ; RR ; IC   ; 1      ; CLKCTRL_G4                          ; clk~inputCLKENA0|inclk                                                           ;
;   11.407 ;   0.312  ; RR ; CELL ; 49420  ; CLKCTRL_G4                          ; clk~inputCLKENA0|outclk                                                          ;
;   11.407 ;   0.000  ;    ; RE   ; 1      ; CLKCTRL_G4                          ; ARRIAV_CLKBUF                                                                    ;
;   11.407 ;   0.000  ;    ; RE   ; 1      ; CLKBUFBLOCK_OUTPUT_X58_Y0_N1_I2     ; CLKBUFBLOCK_OUTPUT                                                               ;
;   11.407 ;   0.000  ;    ; RE   ; 1      ; GCLK_CLUSTER_RE_X58_Y0_N0_I12       ; GCLK_CLUSTER_RE                                                                  ;
;   11.407 ;   0.000  ;    ; RE   ; 1      ; CLKBUF_CLUSTER_RE_X58_Y0_N0_I415    ; CLKBUF_CLUSTER_RE                                                                ;
;   12.399 ;   0.992  ;    ; RE   ; 16     ; GLOBAL_CLOCK_X0_Y58_N0_I4           ; GLOBAL_CLOCK                                                                     ;
;   12.569 ;   0.170  ;    ; RE   ; 26     ; SPINE_CLOCK_X15_Y88_N0_I20          ; SPINE_CLOCK                                                                      ;
;   13.011 ;   0.442  ;    ; RE   ; 1      ; SCLK_TO_ROWCLK_BUF_X15_Y95_N0_I120  ; SCLK_TO_ROWCLK_BUF                                                               ;
;   13.096 ;   0.085  ;    ; RE   ; 2      ; SCLK_TO_ROWCLK_BUF_X15_Y95_N0_I123  ; SCLK_TO_ROWCLK_BUF                                                               ;
;   13.518 ;   0.422  ;    ; RE   ; 10     ; LAB_CLK_X16_Y95_N0_I2               ; LAB_CLK                                                                          ;
;   13.653 ;   0.135  ;    ; RE   ; 1      ; BLK_CLK_BUF_X19_Y95_N0_I2           ; BLK_CLK_BUF                                                                      ;
;   13.707 ;   0.054  ;    ; RE   ; 1      ; ROWCLKSEL_PREBUF_X19_Y95_N0_I2      ; ROWCLKSEL_PREBUF                                                                 ;
;   13.742 ;   0.035  ;    ; RE   ; 1      ; ROWCLKSEL_X19_Y95_N0_I1             ; ROWCLKSEL                                                                        ;
;   13.742 ;   0.000  ;    ; RE   ; 1      ; GLOBAL_LOCAL_SEL_X19_Y95_N0_I1      ; GLOBAL_LOCAL_SEL                                                                 ;
;   13.742 ;   0.000  ;    ; RE   ; 13     ; LAB_INPUT_X19_Y95_N0_I0             ; LAB_INPUT                                                                        ;
;   13.741 ;   -0.001 ; RR ; IC   ; 1      ; FF_X19_Y95_N59                      ; u_cache|g_bank[27].u_storage|g_ip.write_enable_q|clk                             ;
;   14.199 ;   0.458  ; RR ; CELL ; 1      ; FF_X19_Y95_N59                      ; llm_bank_ram:u_cache|pipelined_word_ram:g_bank[27].u_storage|g_ip.write_enable_q ;
;   14.447 ;   0.248  ;    ;      ;        ;                                     ; clock pessimism removed                                                          ;
; 14.347   ; -0.100   ;    ;      ;        ;                                     ; clock uncertainty                                                                ;
; 14.347   ; 0.000    ;    ; uTsu ; 1      ; FF_X19_Y95_N59                      ; llm_bank_ram:u_cache|pipelined_word_ram:g_bank[27].u_storage|g_ip.write_enable_q ;
+----------+----------+----+------+--------+-------------------------------------+----------------------------------------------------------------------------------+

----------------------------
; Extra Fitter Information ;
----------------------------
HTML report is unavailable in plain text report export.


Path #40: Recovery slack is 3.932 
===============================================================================
+---------------------------------------------------------------------------------------------------+
; Path Summary                                                                                      ;
+--------------------+------------------------------------------------------------------------------+
; Property           ; Value                                                                        ;
+--------------------+------------------------------------------------------------------------------+
; From Node          ; reset_release:u_reset|core_rst_n                                             ;
; To Node            ; llm_bank_ram:u_cache|pipelined_word_ram:g_bank[27].u_storage|read_valid_q[1] ;
; Launch Clock       ; clk                                                                          ;
; Latch Clock        ; clk                                                                          ;
; Data Arrival Time  ; 10.415                                                                       ;
; Data Required Time ; 14.347                                                                       ;
; Slack              ; 3.932                                                                        ;
+--------------------+------------------------------------------------------------------------------+

+--------------------------------------------------------------------------------------+
; Statistics                                                                           ;
+------------------------+--------+-------+-------------+------------+--------+--------+
; Property               ; Value  ; Count ; Total Delay ; % of Total ; Min    ; Max    ;
+------------------------+--------+-------+-------------+------------+--------+--------+
; Recovery Relationship  ; 10.000 ;       ;             ;            ;        ;        ;
; Clock Skew             ; -0.177 ;       ;             ;            ;        ;        ;
; Data Delay             ; 5.791  ;       ;             ;            ;        ;        ;
; Number of Logic Levels ;        ; 0     ;             ;            ;        ;        ;
; Physical Delays        ;        ;       ;             ;            ;        ;        ;
;  Arrival Path          ;        ;       ;             ;            ;        ;        ;
;   Clock                ;        ;       ;             ;            ;        ;        ;
;    IC                  ;        ; 3     ; -0.001      ; 0          ; -0.001 ; 0.000  ;
;    Cell                ;        ; 3     ; 1.780       ; 38         ; 0.335  ; 0.917  ;
;    Routing Element     ;        ; 25    ; 2.845       ; 62         ; 0.000  ; 1.032  ;
;   Data                 ;        ;       ;             ;            ;        ;        ;
;    IC                  ;        ; 1     ; -0.001      ; 0          ; -0.001 ; -0.001 ;
;    Cell                ;        ; 2     ; 0.574       ; 10         ; 0.000  ; 0.574  ;
;    uTco                ;        ; 1     ; 0.000       ; 0          ; 0.000  ; 0.000  ;
;    Routing Element     ;        ; 30    ; 5.218       ; 90         ; 0.000  ; 0.437  ;
;  Required Path         ;        ;       ;             ;            ;        ;        ;
;   Clock                ;        ;       ;             ;            ;        ;        ;
;    IC                  ;        ; 3     ; -0.001      ; 0          ; -0.001 ; 0.000  ;
;    Cell                ;        ; 3     ; 1.687       ; 40         ; 0.312  ; 0.917  ;
;    Routing Element     ;        ; 25    ; 2.513       ; 60         ; 0.000  ; 0.992  ;
+------------------------+--------+-------+-------------+------------+--------+--------+
Note: Negative delays are omitted from totals when calculating percentages

+----------------------------------------------------------------------------------------------------------------------------------------------------------------------+
; Data Arrival Path                                                                                                                                                    ;
+----------+----------+----+------+--------+--------------------------------------------+------------------------------------------------------------------------------+
; Total    ; Incr     ; RF ; Type ; Fanout ; Location                                   ; Element                                                                      ;
+----------+----------+----+------+--------+--------------------------------------------+------------------------------------------------------------------------------+
; 0.000    ; 0.000    ;    ;      ;        ;                                            ; launch edge time                                                             ;
; 4.624    ; 4.624    ;    ;      ;        ;                                            ; clock path                                                                   ;
;   0.000  ;   0.000  ;    ;      ;        ;                                            ; source latency                                                               ;
;   0.000  ;   0.000  ;    ;      ; 1      ; PIN_AC18                                   ; clk                                                                          ;
;   0.000  ;   0.000  ;    ; RE   ; 1      ; IOPAD_X54_Y0_N0                            ; ARRIAV_IO_PAD                                                                ;
;   0.000  ;   0.000  ;    ; RE   ; 1      ; IO_PAD_OUTPUT_X54_Y0_N0_I1                 ; IO_PAD_OUTPUT                                                                ;
;   0.000  ;   0.000  ;    ; RE   ; 1      ; IO_INPUT_BUFFER_INPUT_X54_Y0_N1_I0         ; IO_INPUT_BUFFER_INPUT                                                        ;
;   0.000  ;   0.000  ; RR ; IC   ; 1      ; IOIBUF_X54_Y0_N1                           ; clk~input|i                                                                  ;
;   0.917  ;   0.917  ; RR ; CELL ; 1      ; IOIBUF_X54_Y0_N1                           ; clk~input|o                                                                  ;
;   0.917  ;   0.000  ;    ; RE   ; 1      ; IOIBUF_X54_Y0_N1                           ; ARRIAV_IO_IBUF                                                               ;
;   0.917  ;   0.000  ;    ; RE   ; 1      ; IO_INPUT_BUFFER_OUTPUT_X54_Y0_N1_I2        ; IO_INPUT_BUFFER_OUTPUT                                                       ;
;   0.917  ;   0.000  ;    ; RE   ; 1      ; IO_RE_X54_Y0_N0_I96                        ; IO_RE                                                                        ;
;   1.133  ;   0.216  ;    ; RE   ; 1      ; IO_RE_X54_Y0_N0_I66                        ; IO_RE                                                                        ;
;   1.320  ;   0.187  ;    ; RE   ; 1      ; CLKBUF_CLUSTER_RE_X58_Y0_N0_I1614          ; CLKBUF_CLUSTER_RE                                                            ;
;   1.320  ;   0.000  ;    ; RE   ; 1      ; CLKBUF_CLUSTER_RE_X58_Y0_N0_I488           ; CLKBUF_CLUSTER_RE                                                            ;
;   1.320  ;   0.000  ;    ; RE   ; 1      ; GCLK_CLUSTER_RE_X58_Y0_N0_I10              ; GCLK_CLUSTER_RE                                                              ;
;   1.320  ;   0.000  ;    ; RE   ; 1      ; CLKBUFBLOCK_INPUT_X58_Y0_N1_I0             ; CLKBUFBLOCK_INPUT                                                            ;
;   1.320  ;   0.000  ; RR ; IC   ; 1      ; CLKCTRL_G4                                 ; clk~inputCLKENA0|inclk                                                       ;
;   1.655  ;   0.335  ; RR ; CELL ; 49420  ; CLKCTRL_G4                                 ; clk~inputCLKENA0|outclk                                                      ;
;   1.655  ;   0.000  ;    ; RE   ; 1      ; CLKCTRL_G4                                 ; ARRIAV_CLKBUF                                                                ;
;   1.655  ;   0.000  ;    ; RE   ; 1      ; CLKBUFBLOCK_OUTPUT_X58_Y0_N1_I2            ; CLKBUFBLOCK_OUTPUT                                                           ;
;   1.655  ;   0.000  ;    ; RE   ; 1      ; GCLK_CLUSTER_RE_X58_Y0_N0_I12              ; GCLK_CLUSTER_RE                                                              ;
;   1.655  ;   0.000  ;    ; RE   ; 1      ; CLKBUF_CLUSTER_RE_X58_Y0_N0_I415           ; CLKBUF_CLUSTER_RE                                                            ;
;   2.687  ;   1.032  ;    ; RE   ; 16     ; GLOBAL_CLOCK_X0_Y58_N0_I4                  ; GLOBAL_CLOCK                                                                 ;
;   2.869  ;   0.182  ;    ; RE   ; 29     ; SPINE_CLOCK_X75_Y30_N0_I20                 ; SPINE_CLOCK                                                                  ;
;   3.329  ;   0.460  ;    ; RE   ; 1      ; SCLK_TO_ROWCLK_BUF_X75_Y57_N0_I121         ; SCLK_TO_ROWCLK_BUF                                                           ;
;   3.418  ;   0.089  ;    ; RE   ; 2      ; SCLK_TO_ROWCLK_BUF_X75_Y57_N0_I124         ; SCLK_TO_ROWCLK_BUF                                                           ;
;   3.856  ;   0.438  ;    ; RE   ; 13     ; LAB_CLK_X76_Y57_N0_I5                      ; LAB_CLK                                                                      ;
;   4.002  ;   0.146  ;    ; RE   ; 1      ; BLK_CLK_BUF_X83_Y57_N0_I5                  ; BLK_CLK_BUF                                                                  ;
;   4.058  ;   0.056  ;    ; RE   ; 1      ; ROWCLKSEL_PREBUF_X83_Y57_N0_I5             ; ROWCLKSEL_PREBUF                                                             ;
;   4.097  ;   0.039  ;    ; RE   ; 1      ; ROWCLKSEL_X83_Y57_N0_I1                    ; ROWCLKSEL                                                                    ;
;   4.097  ;   0.000  ;    ; RE   ; 2      ; GLOBAL_LOCAL_SEL_X83_Y57_N0_I1             ; GLOBAL_LOCAL_SEL                                                             ;
;   4.097  ;   0.000  ;    ; RE   ; 3      ; LAB_INPUT_X83_Y57_N0_I0                    ; LAB_INPUT                                                                    ;
;   4.096  ;   -0.001 ; RR ; IC   ; 1      ; FF_X83_Y57_N29                             ; u_reset|core_rst_n|clk                                                       ;
;   4.624  ;   0.528  ; RR ; CELL ; 1      ; FF_X83_Y57_N29                             ; reset_release:u_reset|core_rst_n                                             ;
; 10.415   ; 5.791    ;    ;      ;        ;                                            ; data path                                                                    ;
;   4.624  ;   0.000  ;    ; uTco ; 1      ; FF_X83_Y57_N29                             ; reset_release:u_reset|core_rst_n                                             ;
;   4.624  ;   0.000  ; FF ; CELL ; 3143   ; FF_X83_Y57_N29                             ; u_reset|core_rst_n|q                                                         ;
;   4.685  ;   0.061  ;    ; RE   ; 1      ; FF_X83_Y57_N29                             ; ARRIAV_FF                                                                    ;
;   4.765  ;   0.080  ;    ; RE   ; 4      ; LE_BUFFER_X83_Y57_N0_I19                   ; LE_BUFFER                                                                    ;
;   4.969  ;   0.204  ;    ; RE   ; 1      ; R6_X77_Y57_N0_I29                          ; H_SEG6                                                                       ;
;   4.969  ;   0.000  ;    ; RE   ; 1      ; R14_C12_INTERCONNECT_DRIVER_X82_Y57_N0_I3  ; WIRE_MUX                                                                     ;
;   5.363  ;   0.394  ;    ; RE   ; 9      ; C12_X82_Y58_N0_I0                          ; V_SEG12                                                                      ;
;   5.363  ;   0.000  ;    ; RE   ; 1      ; R14_C12_INTERCONNECT_DRIVER_X82_Y66_N0_I0  ; WIRE_MUX                                                                     ;
;   5.772  ;   0.409  ;    ; RE   ; 1      ; C12_X82_Y67_N0_I0                          ; V_SEG12                                                                      ;
;   5.772  ;   0.000  ;    ; RE   ; 2      ; R14_C12_INTERCONNECT_DRIVER_X82_Y76_N0_I1  ; WIRE_MUX                                                                     ;
;   6.183  ;   0.411  ;    ; RE   ; 3      ; C12_X82_Y77_N0_I0                          ; V_SEG12                                                                      ;
;   6.183  ;   0.000  ;    ; RE   ; 1      ; R14_C12_INTERCONNECT_DRIVER_X82_Y88_N0_I3  ; WIRE_MUX                                                                     ;
;   6.534  ;   0.351  ;    ; RE   ; 2      ; R14_X69_Y88_N0_I1                          ; H_SEG14                                                                      ;
;   6.534  ;   0.000  ;    ; RE   ; 1      ; R14_C12_INTERCONNECT_DRIVER_X68_Y88_N0_I2  ; WIRE_MUX                                                                     ;
;   6.886  ;   0.352  ;    ; RE   ; 2      ; C12_X68_Y89_N0_I0                          ; V_SEG12                                                                      ;
;   6.886  ;   0.000  ;    ; RE   ; 1      ; R14_C12_INTERCONNECT_DRIVER_X68_Y98_N0_I1  ; WIRE_MUX                                                                     ;
;   7.258  ;   0.372  ;    ; RE   ; 4      ; R14_X55_Y98_N0_I1                          ; H_SEG14                                                                      ;
;   7.258  ;   0.000  ;    ; RE   ; 1      ; R14_C12_INTERCONNECT_DRIVER_X54_Y98_N0_I2  ; WIRE_MUX                                                                     ;
;   7.673  ;   0.415  ;    ; RE   ; 2      ; C12_X54_Y99_N0_I0                          ; V_SEG12                                                                      ;
;   7.673  ;   0.000  ;    ; RE   ; 1      ; R14_C12_INTERCONNECT_DRIVER_X54_Y104_N0_I3 ; WIRE_MUX                                                                     ;
;   8.032  ;   0.359  ;    ; RE   ; 1      ; R14_X41_Y104_N0_I1                         ; H_SEG14                                                                      ;
;   8.032  ;   0.000  ;    ; RE   ; 1      ; R14_C12_INTERCONNECT_DRIVER_X40_Y104_N0_I2 ; WIRE_MUX                                                                     ;
;   8.305  ;   0.273  ;    ; RE   ; 2      ; R14_X27_Y104_N0_I1                         ; H_SEG14                                                                      ;
;   8.305  ;   0.000  ;    ; RE   ; 1      ; R14_C12_INTERCONNECT_DRIVER_X26_Y104_N0_I2 ; WIRE_MUX                                                                     ;
;   8.585  ;   0.280  ;    ; RE   ; 4      ; R14_X13_Y104_N0_I1                         ; H_SEG14                                                                      ;
;   8.585  ;   0.000  ;    ; RE   ; 2      ; R14_C12_INTERCONNECT_DRIVER_X15_Y104_N0_I2 ; WIRE_MUX                                                                     ;
;   9.018  ;   0.433  ;    ; RE   ; 3      ; C12_X15_Y92_N0_I1                          ; V_SEG12                                                                      ;
;   9.455  ;   0.437  ;    ; RE   ; 1      ; R6_X16_Y95_N0_I1                           ; H_SEG6                                                                       ;
;   9.700  ;   0.245  ;    ; RE   ; 5      ; LOCAL_INTERCONNECT_X19_Y95_N0_I23          ; LAB_LINE                                                                     ;
;   9.842  ;   0.142  ;    ; RE   ; 1      ; BLOCK_INPUT_MUX_PASSTHROUGH_X19_Y95_N0_I83 ; LEIM                                                                         ;
;   9.842  ;   0.000  ;    ; RE   ; 1      ; GLOBAL_LOCAL_SEL_X19_Y95_N0_I2             ; GLOBAL_LOCAL_SEL                                                             ;
;   9.842  ;   0.000  ;    ; RE   ; 12     ; LAB_INPUT_X19_Y95_N0_I3                    ; LAB_INPUT                                                                    ;
;   9.841  ;   -0.001 ; FF ; IC   ; 1      ; FF_X19_Y95_N35                             ; u_cache|g_bank[27].u_storage|read_valid_q[1]|clrn                            ;
;   10.415 ;   0.574  ; FF ; CELL ; 1      ; FF_X19_Y95_N35                             ; llm_bank_ram:u_cache|pipelined_word_ram:g_bank[27].u_storage|read_valid_q[1] ;
+----------+----------+----+------+--------+--------------------------------------------+------------------------------------------------------------------------------+

+---------------------------------------------------------------------------------------------------------------------------------------------------------------+
; Data Required Path                                                                                                                                            ;
+----------+----------+----+------+--------+-------------------------------------+------------------------------------------------------------------------------+
; Total    ; Incr     ; RF ; Type ; Fanout ; Location                            ; Element                                                                      ;
+----------+----------+----+------+--------+-------------------------------------+------------------------------------------------------------------------------+
; 10.000   ; 10.000   ;    ;      ;        ;                                     ; latch edge time                                                              ;
; 14.447   ; 4.447    ;    ;      ;        ;                                     ; clock path                                                                   ;
;   10.000 ;   0.000  ;    ;      ;        ;                                     ; source latency                                                               ;
;   10.000 ;   0.000  ;    ;      ; 1      ; PIN_AC18                            ; clk                                                                          ;
;   10.000 ;   0.000  ;    ; RE   ; 1      ; IOPAD_X54_Y0_N0                     ; ARRIAV_IO_PAD                                                                ;
;   10.000 ;   0.000  ;    ; RE   ; 1      ; IO_PAD_OUTPUT_X54_Y0_N0_I1          ; IO_PAD_OUTPUT                                                                ;
;   10.000 ;   0.000  ;    ; RE   ; 1      ; IO_INPUT_BUFFER_INPUT_X54_Y0_N1_I0  ; IO_INPUT_BUFFER_INPUT                                                        ;
;   10.000 ;   0.000  ; RR ; IC   ; 1      ; IOIBUF_X54_Y0_N1                    ; clk~input|i                                                                  ;
;   10.917 ;   0.917  ; RR ; CELL ; 1      ; IOIBUF_X54_Y0_N1                    ; clk~input|o                                                                  ;
;   10.917 ;   0.000  ;    ; RE   ; 1      ; IOIBUF_X54_Y0_N1                    ; ARRIAV_IO_IBUF                                                               ;
;   10.917 ;   0.000  ;    ; RE   ; 1      ; IO_INPUT_BUFFER_OUTPUT_X54_Y0_N1_I2 ; IO_INPUT_BUFFER_OUTPUT                                                       ;
;   10.917 ;   0.000  ;    ; RE   ; 1      ; IO_RE_X54_Y0_N0_I96                 ; IO_RE                                                                        ;
;   11.095 ;   0.178  ;    ; RE   ; 1      ; IO_RE_X54_Y0_N0_I66                 ; IO_RE                                                                        ;
;   11.095 ;   0.000  ;    ; RE   ; 1      ; CLKBUF_CLUSTER_RE_X58_Y0_N0_I1614   ; CLKBUF_CLUSTER_RE                                                            ;
;   11.095 ;   0.000  ;    ; RE   ; 1      ; CLKBUF_CLUSTER_RE_X58_Y0_N0_I488    ; CLKBUF_CLUSTER_RE                                                            ;
;   11.095 ;   0.000  ;    ; RE   ; 1      ; GCLK_CLUSTER_RE_X58_Y0_N0_I10       ; GCLK_CLUSTER_RE                                                              ;
;   11.095 ;   0.000  ;    ; RE   ; 1      ; CLKBUFBLOCK_INPUT_X58_Y0_N1_I0      ; CLKBUFBLOCK_INPUT                                                            ;
;   11.095 ;   0.000  ; RR ; IC   ; 1      ; CLKCTRL_G4                          ; clk~inputCLKENA0|inclk                                                       ;
;   11.407 ;   0.312  ; RR ; CELL ; 49420  ; CLKCTRL_G4                          ; clk~inputCLKENA0|outclk                                                      ;
;   11.407 ;   0.000  ;    ; RE   ; 1      ; CLKCTRL_G4                          ; ARRIAV_CLKBUF                                                                ;
;   11.407 ;   0.000  ;    ; RE   ; 1      ; CLKBUFBLOCK_OUTPUT_X58_Y0_N1_I2     ; CLKBUFBLOCK_OUTPUT                                                           ;
;   11.407 ;   0.000  ;    ; RE   ; 1      ; GCLK_CLUSTER_RE_X58_Y0_N0_I12       ; GCLK_CLUSTER_RE                                                              ;
;   11.407 ;   0.000  ;    ; RE   ; 1      ; CLKBUF_CLUSTER_RE_X58_Y0_N0_I415    ; CLKBUF_CLUSTER_RE                                                            ;
;   12.399 ;   0.992  ;    ; RE   ; 16     ; GLOBAL_CLOCK_X0_Y58_N0_I4           ; GLOBAL_CLOCK                                                                 ;
;   12.569 ;   0.170  ;    ; RE   ; 26     ; SPINE_CLOCK_X15_Y88_N0_I20          ; SPINE_CLOCK                                                                  ;
;   13.011 ;   0.442  ;    ; RE   ; 1      ; SCLK_TO_ROWCLK_BUF_X15_Y95_N0_I120  ; SCLK_TO_ROWCLK_BUF                                                           ;
;   13.096 ;   0.085  ;    ; RE   ; 2      ; SCLK_TO_ROWCLK_BUF_X15_Y95_N0_I123  ; SCLK_TO_ROWCLK_BUF                                                           ;
;   13.518 ;   0.422  ;    ; RE   ; 10     ; LAB_CLK_X16_Y95_N0_I2               ; LAB_CLK                                                                      ;
;   13.653 ;   0.135  ;    ; RE   ; 1      ; BLK_CLK_BUF_X19_Y95_N0_I2           ; BLK_CLK_BUF                                                                  ;
;   13.707 ;   0.054  ;    ; RE   ; 1      ; ROWCLKSEL_PREBUF_X19_Y95_N0_I2      ; ROWCLKSEL_PREBUF                                                             ;
;   13.742 ;   0.035  ;    ; RE   ; 1      ; ROWCLKSEL_X19_Y95_N0_I1             ; ROWCLKSEL                                                                    ;
;   13.742 ;   0.000  ;    ; RE   ; 1      ; GLOBAL_LOCAL_SEL_X19_Y95_N0_I1      ; GLOBAL_LOCAL_SEL                                                             ;
;   13.742 ;   0.000  ;    ; RE   ; 13     ; LAB_INPUT_X19_Y95_N0_I0             ; LAB_INPUT                                                                    ;
;   13.741 ;   -0.001 ; RR ; IC   ; 1      ; FF_X19_Y95_N35                      ; u_cache|g_bank[27].u_storage|read_valid_q[1]|clk                             ;
;   14.199 ;   0.458  ; RR ; CELL ; 1      ; FF_X19_Y95_N35                      ; llm_bank_ram:u_cache|pipelined_word_ram:g_bank[27].u_storage|read_valid_q[1] ;
;   14.447 ;   0.248  ;    ;      ;        ;                                     ; clock pessimism removed                                                      ;
; 14.347   ; -0.100   ;    ;      ;        ;                                     ; clock uncertainty                                                            ;
; 14.347   ; 0.000    ;    ; uTsu ; 1      ; FF_X19_Y95_N35                      ; llm_bank_ram:u_cache|pipelined_word_ram:g_bank[27].u_storage|read_valid_q[1] ;
+----------+----------+----+------+--------+-------------------------------------+------------------------------------------------------------------------------+

----------------------------
; Extra Fitter Information ;
----------------------------
HTML report is unavailable in plain text report export.


