----------------
; Command Info ;
----------------
Report Timing: Found 40 hold paths (0 violated).  Worst case slack is 0.284 

Tcl Command:
    report_timing -hold -show_routing -file {D:/2151097_Nguyen Nhut Khanh/docs/verification/timing/optimized_final/slow_1100mv_0c_hold.rpt} -nworst 1 -npaths 40 -detail full_path

Options:
    -hold 
    -nworst 1 
    -npaths 40 
    -show_routing 
    -detail full_path 
    -file {D:/2151097_Nguyen Nhut Khanh/docs/verification/timing/optimized_final/slow_1100mv_0c_hold.rpt} 

Delay Model:
    Slow 1100mV 0C Model

+---------------------------------------------------------------------------------------------------------------------------------------------------------------------------------------------------------------------------+
; Summary of Paths                                                                                                                                                                                                          ;
+-------+----------------------------------------------------------------------+----------------------------------------------------------------------+--------------+-------------+--------------+------------+------------+
; Slack ; From Node                                                            ; To Node                                                              ; Launch Clock ; Latch Clock ; Relationship ; Clock Skew ; Data Delay ;
+-------+----------------------------------------------------------------------+----------------------------------------------------------------------+--------------+-------------+--------------+------------+------------+
; 0.284 ; norm_dispatch:u_norm|norm:u_norm|sum_sq[4]                           ; norm_dispatch:u_norm|norm:u_norm|sum_sq[4]~DUPLICATE                 ; clk          ; clk         ; 0.000        ; 0.123      ; 0.407      ;
; 0.294 ; norm_dispatch:u_norm|norm:u_norm|sum_sq[4]                           ; norm_dispatch:u_norm|norm:u_norm|sum_sq[4]                           ; clk          ; clk         ; 0.000        ; 0.114      ; 0.408      ;
; 0.294 ; norm_dispatch:u_norm|norm:u_norm|sum_sq[28]                          ; norm_dispatch:u_norm|norm:u_norm|sum_sq[28]~DUPLICATE                ; clk          ; clk         ; 0.000        ; 0.122      ; 0.416      ;
; 0.295 ; norm_dispatch:u_norm|norm:u_norm|sum_sq[0]                           ; norm_dispatch:u_norm|norm:u_norm|sum_sq[0]                           ; clk          ; clk         ; 0.000        ; 0.114      ; 0.409      ;
; 0.298 ; norm_dispatch:u_norm|norm:u_norm|sum_sq[18]                          ; norm_dispatch:u_norm|norm:u_norm|sum_sq[18]                          ; clk          ; clk         ; 0.000        ; 0.113      ; 0.411      ;
; 0.299 ; norm_dispatch:u_norm|norm:u_norm|sum_sq[24]                          ; norm_dispatch:u_norm|norm:u_norm|sum_sq[24]                          ; clk          ; clk         ; 0.000        ; 0.113      ; 0.412      ;
; 0.300 ; norm_dispatch:u_norm|norm:u_norm|sum_sq[12]                          ; norm_dispatch:u_norm|norm:u_norm|sum_sq[12]                          ; clk          ; clk         ; 0.000        ; 0.113      ; 0.413      ;
; 0.301 ; norm_dispatch:u_norm|norm:u_norm|sum_sq[26]~DUPLICATE                ; norm_dispatch:u_norm|norm:u_norm|sum_sq[26]                          ; clk          ; clk         ; 0.000        ; 0.122      ; 0.423      ;
; 0.303 ; norm_dispatch:u_norm|norm:u_norm|sum_sq[16]                          ; norm_dispatch:u_norm|norm:u_norm|sum_sq[16]                          ; clk          ; clk         ; 0.000        ; 0.113      ; 0.416      ;
; 0.303 ; norm_dispatch:u_norm|norm:u_norm|sum_sq[6]                           ; norm_dispatch:u_norm|norm:u_norm|sum_sq[6]~DUPLICATE                 ; clk          ; clk         ; 0.000        ; 0.123      ; 0.426      ;
; 0.304 ; norm_dispatch:u_norm|norm:u_norm|sum_sq[28]                          ; norm_dispatch:u_norm|norm:u_norm|sum_sq[28]                          ; clk          ; clk         ; 0.000        ; 0.113      ; 0.417      ;
; 0.304 ; norm_dispatch:u_norm|norm:u_norm|sum_sq[22]                          ; norm_dispatch:u_norm|norm:u_norm|sum_sq[22]~DUPLICATE                ; clk          ; clk         ; 0.000        ; 0.122      ; 0.426      ;
; 0.306 ; norm_dispatch:u_norm|norm:u_norm|sum_sq[3]                           ; norm_dispatch:u_norm|norm:u_norm|sum_sq[3]                           ; clk          ; clk         ; 0.000        ; 0.115      ; 0.421      ;
; 0.311 ; norm_dispatch:u_norm|norm:u_norm|sum_sq[26]~DUPLICATE                ; norm_dispatch:u_norm|norm:u_norm|sum_sq[26]~DUPLICATE                ; clk          ; clk         ; 0.000        ; 0.113      ; 0.424      ;
; 0.311 ; norm_dispatch:u_norm|norm:u_norm|sum_sq[23]                          ; norm_dispatch:u_norm|norm:u_norm|sum_sq[23]                          ; clk          ; clk         ; 0.000        ; 0.114      ; 0.425      ;
; 0.313 ; norm_dispatch:u_norm|norm:u_norm|sum_sq[6]                           ; norm_dispatch:u_norm|norm:u_norm|sum_sq[6]                           ; clk          ; clk         ; 0.000        ; 0.114      ; 0.427      ;
; 0.313 ; norm_dispatch:u_norm|norm:u_norm|isqrt_u64:u_sqrt|remainder_work[14] ; norm_dispatch:u_norm|norm:u_norm|isqrt_u64:u_sqrt|remainder_work[16] ; clk          ; clk         ; 0.000        ; 0.112      ; 0.425      ;
; 0.314 ; norm_dispatch:u_norm|norm:u_norm|sum_sq[22]                          ; norm_dispatch:u_norm|norm:u_norm|sum_sq[22]                          ; clk          ; clk         ; 0.000        ; 0.113      ; 0.427      ;
; 0.315 ; norm_dispatch:u_norm|norm:u_norm|sum_sq[14]                          ; norm_dispatch:u_norm|norm:u_norm|sum_sq[14]                          ; clk          ; clk         ; 0.000        ; 0.113      ; 0.428      ;
; 0.319 ; norm_dispatch:u_norm|norm:u_norm|sum_sq[7]                           ; norm_dispatch:u_norm|norm:u_norm|sum_sq[7]                           ; clk          ; clk         ; 0.000        ; 0.115      ; 0.434      ;
; 0.329 ; norm_dispatch:u_norm|norm:u_norm|sum_sq[7]                           ; norm_dispatch:u_norm|norm:u_norm|sum_sq[7]~DUPLICATE                 ; clk          ; clk         ; 0.000        ; 0.104      ; 0.433      ;
; 0.375 ; norm_dispatch:u_norm|norm:u_norm|mean_rem[17]                        ; norm_dispatch:u_norm|norm:u_norm|div:u_div|q_work[49]                ; clk          ; clk         ; 0.000        ; 0.118      ; 0.493      ;
; 0.378 ; rowwise_dispatch:u_row|c_word[73]                                    ; rowwise_dispatch:u_row|rowwise_op:u_alu|state_word_q[73]             ; clk          ; clk         ; 0.000        ; 0.126      ; 0.504      ;
; 0.385 ; norm_dispatch:u_norm|norm:u_norm|isqrt_u64:u_sqrt|root_work[4]       ; norm_dispatch:u_norm|norm:u_norm|isqrt_u64:u_sqrt|root_work[5]       ; clk          ; clk         ; 0.000        ; 0.113      ; 0.498      ;
; 0.392 ; norm_dispatch:u_norm|norm:u_norm|isqrt_u64:u_sqrt|root_work[2]       ; norm_dispatch:u_norm|norm:u_norm|isqrt_u64:u_sqrt|root_work[3]       ; clk          ; clk         ; 0.000        ; 0.105      ; 0.497      ;
; 0.396 ; host_read_address_q[22]                                              ; host_response_address_q[22]                                          ; clk          ; clk         ; 0.000        ; 0.098      ; 0.494      ;
; 0.400 ; norm_dispatch:u_norm|norm:u_norm|div:u_div|q_work[32]                ; norm_dispatch:u_norm|norm:u_norm|div:u_div|q_work[33]                ; clk          ; clk         ; 0.000        ; 0.115      ; 0.515      ;
; 0.401 ; norm_dispatch:u_norm|norm:u_norm|div:u_div|q_work[35]                ; norm_dispatch:u_norm|norm:u_norm|div:u_div|q_work[36]                ; clk          ; clk         ; 0.000        ; 0.108      ; 0.509      ;
; 0.403 ; rowwise_dispatch:u_row|rowwise_op:u_alu|state.MULTIPLY               ; rowwise_dispatch:u_row|rowwise_op:u_alu|state.RAW                    ; clk          ; clk         ; 0.000        ; 0.097      ; 0.500      ;
; 0.405 ; norm_dispatch:u_norm|norm:u_norm|sum_sq[15]                          ; norm_dispatch:u_norm|norm:u_norm|sum_sq[15]                          ; clk          ; clk         ; 0.000        ; 0.113      ; 0.518      ;
; 0.410 ; norm_dispatch:u_norm|norm:u_norm|isqrt_u64:u_sqrt|root_work[30]      ; norm_dispatch:u_norm|norm:u_norm|isqrt_u64:u_sqrt|root[31]           ; clk          ; clk         ; 0.000        ; 0.101      ; 0.511      ;
; 0.410 ; norm_dispatch:u_norm|norm:u_norm|sum_sq[25]                          ; norm_dispatch:u_norm|norm:u_norm|sum_sq[25]                          ; clk          ; clk         ; 0.000        ; 0.113      ; 0.523      ;
; 0.411 ; rowwise_dispatch:u_row|rowwise_op:u_alu|state.ROUND                  ; rowwise_dispatch:u_row|rowwise_op:u_alu|state.PACK                   ; clk          ; clk         ; 0.000        ; 0.087      ; 0.498      ;
; 0.411 ; norm_dispatch:u_norm|norm:u_norm|isqrt_u64:u_sqrt|root_work[28]      ; norm_dispatch:u_norm|norm:u_norm|isqrt_u64:u_sqrt|remainder_work[30] ; clk          ; clk         ; 0.000        ; 0.116      ; 0.527      ;
; 0.415 ; rowwise_dispatch:u_row|rowwise_op:u_alu|state.RAW                    ; rowwise_dispatch:u_row|rowwise_op:u_alu|state.ROUND                  ; clk          ; clk         ; 0.000        ; 0.097      ; 0.512      ;
; 0.415 ; norm_dispatch:u_norm|norm:u_norm|v_raw[13]                           ; norm_dispatch:u_norm|norm:u_norm|isqrt_u64:u_sqrt|radicand_work[13]  ; clk          ; clk         ; 0.000        ; 0.099      ; 0.514      ;
; 0.420 ; norm_dispatch:u_norm|norm:u_norm|isqrt_u64:u_sqrt|root_work[27]      ; norm_dispatch:u_norm|norm:u_norm|isqrt_u64:u_sqrt|root[28]           ; clk          ; clk         ; 0.000        ; 0.094      ; 0.514      ;
; 0.425 ; scale_compose:u_compose|div:u_div|count[4]                           ; scale_compose:u_compose|div:u_div|count[5]                           ; clk          ; clk         ; 0.000        ; 0.107      ; 0.532      ;
; 0.429 ; norm_dispatch:u_norm|norm:u_norm|rms_r[13]~DUPLICATE                 ; norm_dispatch:u_norm|norm:u_norm|div:u_div|den_reg[13]               ; clk          ; clk         ; 0.000        ; 0.109      ; 0.538      ;
; 0.433 ; norm_dispatch:u_norm|norm:u_norm|isqrt_u64:u_sqrt|root_work[30]      ; norm_dispatch:u_norm|norm:u_norm|isqrt_u64:u_sqrt|root_work[31]      ; clk          ; clk         ; 0.000        ; 0.104      ; 0.537      ;
+-------+----------------------------------------------------------------------+----------------------------------------------------------------------+--------------+-------------+--------------+------------+------------+

Path #1: Hold slack is 0.284 
===============================================================================
+---------------------------------------------------------------------------+
; Path Summary                                                              ;
+--------------------+------------------------------------------------------+
; Property           ; Value                                                ;
+--------------------+------------------------------------------------------+
; From Node          ; norm_dispatch:u_norm|norm:u_norm|sum_sq[4]           ;
; To Node            ; norm_dispatch:u_norm|norm:u_norm|sum_sq[4]~DUPLICATE ;
; Launch Clock       ; clk                                                  ;
; Latch Clock        ; clk                                                  ;
; Data Arrival Time  ; 4.984                                                ;
; Data Required Time ; 4.700                                                ;
; Slack              ; 0.284                                                ;
+--------------------+------------------------------------------------------+

+------------------------------------------------------------------------------------+
; Statistics                                                                         ;
+------------------------+-------+-------+-------------+------------+--------+-------+
; Property               ; Value ; Count ; Total Delay ; % of Total ; Min    ; Max   ;
+------------------------+-------+-------+-------------+------------+--------+-------+
; Hold Relationship      ; 0.000 ;       ;             ;            ;        ;       ;
; Clock Skew             ; 0.123 ;       ;             ;            ;        ;       ;
; Data Delay             ; 0.407 ;       ;             ;            ;        ;       ;
; Number of Logic Levels ;       ; 1     ;             ;            ;        ;       ;
; Physical Delays        ;       ;       ;             ;            ;        ;       ;
;  Arrival Path          ;       ;       ;             ;            ;        ;       ;
;   Clock                ;       ;       ;             ;            ;        ;       ;
;    IC                  ;       ; 3     ; -0.001      ; 0          ; -0.001 ; 0.000 ;
;    Cell                ;       ; 3     ; 2.020       ; 44         ; 0.505  ; 0.989 ;
;    Routing Element     ;       ; 27    ; 2.558       ; 56         ; 0.000  ; 0.826 ;
;   Data                 ;       ;       ;             ;            ;        ;       ;
;    IC                  ;       ; 2     ; 0.000       ; 0          ; 0.000  ; 0.000 ;
;    Cell                ;       ; 3     ; 0.171       ; 42         ; 0.000  ; 0.088 ;
;    uTco                ;       ; 1     ; 0.000       ; 0          ; 0.000  ; 0.000 ;
;    Routing Element     ;       ; 4     ; 0.236       ; 58         ; 0.000  ; 0.111 ;
;  Required Path         ;       ;       ;             ;            ;        ;       ;
;   Clock                ;       ;       ;             ;            ;        ;       ;
;    IC                  ;       ; 3     ; -0.001      ; 0          ; -0.001 ; 0.000 ;
;    Cell                ;       ; 3     ; 2.139       ; 44         ; 0.538  ; 0.989 ;
;    Routing Element     ;       ; 27    ; 2.669       ; 56         ; 0.000  ; 0.859 ;
+------------------------+-------+-------+-------------+------------+--------+-------+
Note: Negative delays are omitted from totals when calculating percentages

+----------------------------------------------------------------------------------------------------------------------------------------+
; Data Arrival Path                                                                                                                      ;
+---------+----------+----+------+--------+---------------------------------------+------------------------------------------------------+
; Total   ; Incr     ; RF ; Type ; Fanout ; Location                              ; Element                                              ;
+---------+----------+----+------+--------+---------------------------------------+------------------------------------------------------+
; 0.000   ; 0.000    ;    ;      ;        ;                                       ; launch edge time                                     ;
; 4.577   ; 4.577    ;    ;      ;        ;                                       ; clock path                                           ;
;   0.000 ;   0.000  ;    ;      ;        ;                                       ; source latency                                       ;
;   0.000 ;   0.000  ;    ;      ; 1      ; PIN_N16                               ; clk                                                  ;
;   0.000 ;   0.000  ;    ; RE   ; 1      ; IOPAD_X89_Y35_N43                     ; ARRIAV_IO_PAD                                        ;
;   0.000 ;   0.000  ;    ; RE   ; 1      ; IO_PAD_OUTPUT_X89_Y35_N43_I1          ; IO_PAD_OUTPUT                                        ;
;   0.000 ;   0.000  ;    ; RE   ; 1      ; IO_INPUT_BUFFER_INPUT_X89_Y35_N44_I0  ; IO_INPUT_BUFFER_INPUT                                ;
;   0.000 ;   0.000  ; RR ; IC   ; 1      ; IOIBUF_X89_Y35_N44                    ; clk~input|i                                          ;
;   0.989 ;   0.989  ; RR ; CELL ; 1      ; IOIBUF_X89_Y35_N44                    ; clk~input|o                                          ;
;   0.989 ;   0.000  ;    ; RE   ; 1      ; IOIBUF_X89_Y35_N44                    ; ARRIAV_IO_IBUF                                       ;
;   0.989 ;   0.000  ;    ; RE   ; 1      ; IO_INPUT_BUFFER_OUTPUT_X89_Y35_N44_I2 ; IO_INPUT_BUFFER_OUTPUT                               ;
;   0.989 ;   0.000  ;    ; RE   ; 1      ; IO_RE_X89_Y35_N43_I96                 ; IO_RE                                                ;
;   1.084 ;   0.095  ;    ; RE   ; 1      ; IO_RE_X89_Y35_N43_I66                 ; IO_RE                                                ;
;   1.296 ;   0.212  ;    ; RE   ; 1      ; CLKBUF_CLUSTER_RE_X89_Y39_N3_I368     ; CLKBUF_CLUSTER_RE                                    ;
;   1.296 ;   0.000  ;    ; RE   ; 1      ; CLKBUF_CLUSTER_RE_X89_Y39_N3_I764     ; CLKBUF_CLUSTER_RE                                    ;
;   1.296 ;   0.000  ;    ; RE   ; 1      ; CLKBUF_CLUSTER_RE_X89_Y39_N3_I813     ; CLKBUF_CLUSTER_RE                                    ;
;   1.296 ;   0.000  ;    ; RE   ; 1      ; CLKBUF_CLUSTER_RE_X89_Y39_N3_I553     ; CLKBUF_CLUSTER_RE                                    ;
;   1.296 ;   0.000  ;    ; RE   ; 1      ; GCLK_CLUSTER_RE_X89_Y39_N6_I10        ; GCLK_CLUSTER_RE                                      ;
;   1.296 ;   0.000  ;    ; RE   ; 1      ; CLKBUFBLOCK_INPUT_X89_Y39_N7_I0       ; CLKBUFBLOCK_INPUT                                    ;
;   1.296 ;   0.000  ; RR ; IC   ; 1      ; CLKCTRL_G9                            ; clk~inputCLKENA0|inclk                               ;
;   1.801 ;   0.505  ; RR ; CELL ; 7412   ; CLKCTRL_G9                            ; clk~inputCLKENA0|outclk                              ;
;   1.801 ;   0.000  ;    ; RE   ; 1      ; CLKCTRL_G9                            ; ARRIAV_CLKBUF                                        ;
;   1.801 ;   0.000  ;    ; RE   ; 1      ; CLKBUFBLOCK_OUTPUT_X89_Y39_N7_I2      ; CLKBUFBLOCK_OUTPUT                                   ;
;   1.801 ;   0.000  ;    ; RE   ; 1      ; GCLK_CLUSTER_RE_X89_Y39_N6_I12        ; GCLK_CLUSTER_RE                                      ;
;   1.801 ;   0.000  ;    ; RE   ; 1      ; CLKBUF_CLUSTER_RE_X89_Y39_N3_I416     ; CLKBUF_CLUSTER_RE                                    ;
;   2.627 ;   0.826  ;    ; RE   ; 8      ; GLOBAL_CLOCK_X0_Y36_N0_I9             ; GLOBAL_CLOCK                                         ;
;   2.785 ;   0.158  ;    ; RE   ; 13     ; SPINE_CLOCK_X33_Y37_N0_I7             ; SPINE_CLOCK                                          ;
;   3.244 ;   0.459  ;    ; RE   ; 1      ; SCLK_TO_ROWCLK_BUF_X33_Y49_N0_I43     ; SCLK_TO_ROWCLK_BUF                                   ;
;   3.331 ;   0.087  ;    ; RE   ; 1      ; SCLK_TO_ROWCLK_BUF_X33_Y49_N0_I46     ; SCLK_TO_ROWCLK_BUF                                   ;
;   3.808 ;   0.477  ;    ; RE   ; 3      ; LAB_CLK_X25_Y49_N0_I5                 ; LAB_CLK                                              ;
;   3.947 ;   0.139  ;    ; RE   ; 1      ; BLK_CLK_BUF_X28_Y49_N0_I5             ; BLK_CLK_BUF                                          ;
;   4.009 ;   0.062  ;    ; RE   ; 1      ; ROWCLKSEL_PREBUF_X28_Y49_N0_I5        ; ROWCLKSEL_PREBUF                                     ;
;   4.052 ;   0.043  ;    ; RE   ; 1      ; ROWCLKSEL_X28_Y49_N0_I0               ; ROWCLKSEL                                            ;
;   4.052 ;   0.000  ;    ; RE   ; 1      ; GLOBAL_LOCAL_SEL_X28_Y49_N0_I0        ; GLOBAL_LOCAL_SEL                                     ;
;   4.052 ;   0.000  ;    ; RE   ; 14     ; LAB_INPUT_X28_Y49_N0_I0               ; LAB_INPUT                                            ;
;   4.051 ;   -0.001 ; RR ; IC   ; 1      ; FF_X28_Y49_N44                        ; u_norm|u_norm|sum_sq[4]|clk                          ;
;   4.577 ;   0.526  ; RR ; CELL ; 1      ; FF_X28_Y49_N44                        ; norm_dispatch:u_norm|norm:u_norm|sum_sq[4]           ;
; 4.984   ; 0.407    ;    ;      ;        ;                                       ; data path                                            ;
;   4.577 ;   0.000  ;    ; uTco ; 1      ; FF_X28_Y49_N44                        ; norm_dispatch:u_norm|norm:u_norm|sum_sq[4]           ;
;   4.577 ;   0.000  ; FF ; CELL ; 1      ; FF_X28_Y49_N44                        ; u_norm|u_norm|sum_sq[4]|q                            ;
;   4.640 ;   0.063  ;    ; RE   ; 1      ; FF_X28_Y49_N44                        ; ARRIAV_FF                                            ;
;   4.702 ;   0.062  ;    ; RE   ; 1      ; LOCAL_LINE_X28_Y49_N0_I14             ; LOCAL_LINE                                           ;
;   4.813 ;   0.111  ;    ; RE   ; 1      ; BLOCK_INPUT_MUX_X28_Y49_N0_I57        ; LEIM_INPUT                                           ;
;   4.813 ;   0.000  ; FF ; IC   ; 2      ; MLABCELL_X28_Y49_N42                  ; u_norm|u_norm|Add24~69|dataf                         ;
;   4.896 ;   0.083  ; FF ; CELL ; 2      ; MLABCELL_X28_Y49_N42                  ; u_norm|u_norm|Add24~69|sumout                        ;
;   4.896 ;   0.000  ;    ; RE   ; 3      ; MLABCELL_X28_Y49_N42                  ; ARRIAV_LCELL_COMB                                    ;
;   4.896 ;   0.000  ; FF ; IC   ; 1      ; FF_X28_Y49_N43                        ; u_norm|u_norm|sum_sq[4]~DUPLICATE|d                  ;
;   4.984 ;   0.088  ; FF ; CELL ; 1      ; FF_X28_Y49_N43                        ; norm_dispatch:u_norm|norm:u_norm|sum_sq[4]~DUPLICATE ;
+---------+----------+----+------+--------+---------------------------------------+------------------------------------------------------+

+----------------------------------------------------------------------------------------------------------------------------------------+
; Data Required Path                                                                                                                     ;
+---------+----------+----+------+--------+---------------------------------------+------------------------------------------------------+
; Total   ; Incr     ; RF ; Type ; Fanout ; Location                              ; Element                                              ;
+---------+----------+----+------+--------+---------------------------------------+------------------------------------------------------+
; 0.000   ; 0.000    ;    ;      ;        ;                                       ; latch edge time                                      ;
; 4.700   ; 4.700    ;    ;      ;        ;                                       ; clock path                                           ;
;   0.000 ;   0.000  ;    ;      ;        ;                                       ; source latency                                       ;
;   0.000 ;   0.000  ;    ;      ; 1      ; PIN_N16                               ; clk                                                  ;
;   0.000 ;   0.000  ;    ; RE   ; 1      ; IOPAD_X89_Y35_N43                     ; ARRIAV_IO_PAD                                        ;
;   0.000 ;   0.000  ;    ; RE   ; 1      ; IO_PAD_OUTPUT_X89_Y35_N43_I1          ; IO_PAD_OUTPUT                                        ;
;   0.000 ;   0.000  ;    ; RE   ; 1      ; IO_INPUT_BUFFER_INPUT_X89_Y35_N44_I0  ; IO_INPUT_BUFFER_INPUT                                ;
;   0.000 ;   0.000  ; RR ; IC   ; 1      ; IOIBUF_X89_Y35_N44                    ; clk~input|i                                          ;
;   0.989 ;   0.989  ; RR ; CELL ; 1      ; IOIBUF_X89_Y35_N44                    ; clk~input|o                                          ;
;   0.989 ;   0.000  ;    ; RE   ; 1      ; IOIBUF_X89_Y35_N44                    ; ARRIAV_IO_IBUF                                       ;
;   0.989 ;   0.000  ;    ; RE   ; 1      ; IO_INPUT_BUFFER_OUTPUT_X89_Y35_N44_I2 ; IO_INPUT_BUFFER_OUTPUT                               ;
;   0.989 ;   0.000  ;    ; RE   ; 1      ; IO_RE_X89_Y35_N43_I96                 ; IO_RE                                                ;
;   1.089 ;   0.100  ;    ; RE   ; 1      ; IO_RE_X89_Y35_N43_I66                 ; IO_RE                                                ;
;   1.311 ;   0.222  ;    ; RE   ; 1      ; CLKBUF_CLUSTER_RE_X89_Y39_N3_I368     ; CLKBUF_CLUSTER_RE                                    ;
;   1.311 ;   0.000  ;    ; RE   ; 1      ; CLKBUF_CLUSTER_RE_X89_Y39_N3_I764     ; CLKBUF_CLUSTER_RE                                    ;
;   1.311 ;   0.000  ;    ; RE   ; 1      ; CLKBUF_CLUSTER_RE_X89_Y39_N3_I813     ; CLKBUF_CLUSTER_RE                                    ;
;   1.311 ;   0.000  ;    ; RE   ; 1      ; CLKBUF_CLUSTER_RE_X89_Y39_N3_I553     ; CLKBUF_CLUSTER_RE                                    ;
;   1.311 ;   0.000  ;    ; RE   ; 1      ; GCLK_CLUSTER_RE_X89_Y39_N6_I10        ; GCLK_CLUSTER_RE                                      ;
;   1.311 ;   0.000  ;    ; RE   ; 1      ; CLKBUFBLOCK_INPUT_X89_Y39_N7_I0       ; CLKBUFBLOCK_INPUT                                    ;
;   1.311 ;   0.000  ; RR ; IC   ; 1      ; CLKCTRL_G9                            ; clk~inputCLKENA0|inclk                               ;
;   1.849 ;   0.538  ; RR ; CELL ; 7412   ; CLKCTRL_G9                            ; clk~inputCLKENA0|outclk                              ;
;   1.849 ;   0.000  ;    ; RE   ; 1      ; CLKCTRL_G9                            ; ARRIAV_CLKBUF                                        ;
;   1.849 ;   0.000  ;    ; RE   ; 1      ; CLKBUFBLOCK_OUTPUT_X89_Y39_N7_I2      ; CLKBUFBLOCK_OUTPUT                                   ;
;   1.849 ;   0.000  ;    ; RE   ; 1      ; GCLK_CLUSTER_RE_X89_Y39_N6_I12        ; GCLK_CLUSTER_RE                                      ;
;   1.849 ;   0.000  ;    ; RE   ; 1      ; CLKBUF_CLUSTER_RE_X89_Y39_N3_I416     ; CLKBUF_CLUSTER_RE                                    ;
;   2.708 ;   0.859  ;    ; RE   ; 8      ; GLOBAL_CLOCK_X0_Y36_N0_I9             ; GLOBAL_CLOCK                                         ;
;   2.872 ;   0.164  ;    ; RE   ; 13     ; SPINE_CLOCK_X33_Y37_N0_I7             ; SPINE_CLOCK                                          ;
;   3.348 ;   0.476  ;    ; RE   ; 1      ; SCLK_TO_ROWCLK_BUF_X33_Y49_N0_I43     ; SCLK_TO_ROWCLK_BUF                                   ;
;   3.438 ;   0.090  ;    ; RE   ; 1      ; SCLK_TO_ROWCLK_BUF_X33_Y49_N0_I46     ; SCLK_TO_ROWCLK_BUF                                   ;
;   3.933 ;   0.495  ;    ; RE   ; 3      ; LAB_CLK_X25_Y49_N0_I5                 ; LAB_CLK                                              ;
;   4.084 ;   0.151  ;    ; RE   ; 1      ; BLK_CLK_BUF_X28_Y49_N0_I5             ; BLK_CLK_BUF                                          ;
;   4.149 ;   0.065  ;    ; RE   ; 1      ; ROWCLKSEL_PREBUF_X28_Y49_N0_I5        ; ROWCLKSEL_PREBUF                                     ;
;   4.196 ;   0.047  ;    ; RE   ; 1      ; ROWCLKSEL_X28_Y49_N0_I0               ; ROWCLKSEL                                            ;
;   4.196 ;   0.000  ;    ; RE   ; 1      ; GLOBAL_LOCAL_SEL_X28_Y49_N0_I0        ; GLOBAL_LOCAL_SEL                                     ;
;   4.196 ;   0.000  ;    ; RE   ; 14     ; LAB_INPUT_X28_Y49_N0_I0               ; LAB_INPUT                                            ;
;   4.195 ;   -0.001 ; RR ; IC   ; 1      ; FF_X28_Y49_N43                        ; u_norm|u_norm|sum_sq[4]~DUPLICATE|clk                ;
;   4.807 ;   0.612  ; RR ; CELL ; 1      ; FF_X28_Y49_N43                        ; norm_dispatch:u_norm|norm:u_norm|sum_sq[4]~DUPLICATE ;
;   4.700 ;   -0.107 ;    ;      ;        ;                                       ; clock pessimism removed                              ;
; 4.700   ; 0.000    ;    ;      ;        ;                                       ; clock uncertainty                                    ;
; 4.700   ; 0.000    ;    ; uTh  ; 1      ; FF_X28_Y49_N43                        ; norm_dispatch:u_norm|norm:u_norm|sum_sq[4]~DUPLICATE ;
+---------+----------+----+------+--------+---------------------------------------+------------------------------------------------------+

----------------------------
; Extra Fitter Information ;
----------------------------
HTML report is unavailable in plain text report export.


Path #2: Hold slack is 0.294 
===============================================================================
+-----------------------------------------------------------------+
; Path Summary                                                    ;
+--------------------+--------------------------------------------+
; Property           ; Value                                      ;
+--------------------+--------------------------------------------+
; From Node          ; norm_dispatch:u_norm|norm:u_norm|sum_sq[4] ;
; To Node            ; norm_dispatch:u_norm|norm:u_norm|sum_sq[4] ;
; Launch Clock       ; clk                                        ;
; Latch Clock        ; clk                                        ;
; Data Arrival Time  ; 4.985                                      ;
; Data Required Time ; 4.691                                      ;
; Slack              ; 0.294                                      ;
+--------------------+--------------------------------------------+

+------------------------------------------------------------------------------------+
; Statistics                                                                         ;
+------------------------+-------+-------+-------------+------------+--------+-------+
; Property               ; Value ; Count ; Total Delay ; % of Total ; Min    ; Max   ;
+------------------------+-------+-------+-------------+------------+--------+-------+
; Hold Relationship      ; 0.000 ;       ;             ;            ;        ;       ;
; Clock Skew             ; 0.114 ;       ;             ;            ;        ;       ;
; Data Delay             ; 0.408 ;       ;             ;            ;        ;       ;
; Number of Logic Levels ;       ; 1     ;             ;            ;        ;       ;
; Physical Delays        ;       ;       ;             ;            ;        ;       ;
;  Arrival Path          ;       ;       ;             ;            ;        ;       ;
;   Clock                ;       ;       ;             ;            ;        ;       ;
;    IC                  ;       ; 3     ; -0.001      ; 0          ; -0.001 ; 0.000 ;
;    Cell                ;       ; 3     ; 2.020       ; 44         ; 0.505  ; 0.989 ;
;    Routing Element     ;       ; 27    ; 2.558       ; 56         ; 0.000  ; 0.826 ;
;   Data                 ;       ;       ;             ;            ;        ;       ;
;    IC                  ;       ; 2     ; 0.000       ; 0          ; 0.000  ; 0.000 ;
;    Cell                ;       ; 3     ; 0.172       ; 42         ; 0.000  ; 0.089 ;
;    uTco                ;       ; 1     ; 0.000       ; 0          ; 0.000  ; 0.000 ;
;    Routing Element     ;       ; 4     ; 0.236       ; 58         ; 0.000  ; 0.111 ;
;  Required Path         ;       ;       ;             ;            ;        ;       ;
;   Clock                ;       ;       ;             ;            ;        ;       ;
;    IC                  ;       ; 3     ; -0.001      ; 0          ; -0.001 ; 0.000 ;
;    Cell                ;       ; 3     ; 2.130       ; 44         ; 0.538  ; 0.989 ;
;    Routing Element     ;       ; 27    ; 2.669       ; 56         ; 0.000  ; 0.859 ;
+------------------------+-------+-------+-------------+------------+--------+-------+
Note: Negative delays are omitted from totals when calculating percentages

+------------------------------------------------------------------------------------------------------------------------------+
; Data Arrival Path                                                                                                            ;
+---------+----------+----+------+--------+---------------------------------------+--------------------------------------------+
; Total   ; Incr     ; RF ; Type ; Fanout ; Location                              ; Element                                    ;
+---------+----------+----+------+--------+---------------------------------------+--------------------------------------------+
; 0.000   ; 0.000    ;    ;      ;        ;                                       ; launch edge time                           ;
; 4.577   ; 4.577    ;    ;      ;        ;                                       ; clock path                                 ;
;   0.000 ;   0.000  ;    ;      ;        ;                                       ; source latency                             ;
;   0.000 ;   0.000  ;    ;      ; 1      ; PIN_N16                               ; clk                                        ;
;   0.000 ;   0.000  ;    ; RE   ; 1      ; IOPAD_X89_Y35_N43                     ; ARRIAV_IO_PAD                              ;
;   0.000 ;   0.000  ;    ; RE   ; 1      ; IO_PAD_OUTPUT_X89_Y35_N43_I1          ; IO_PAD_OUTPUT                              ;
;   0.000 ;   0.000  ;    ; RE   ; 1      ; IO_INPUT_BUFFER_INPUT_X89_Y35_N44_I0  ; IO_INPUT_BUFFER_INPUT                      ;
;   0.000 ;   0.000  ; RR ; IC   ; 1      ; IOIBUF_X89_Y35_N44                    ; clk~input|i                                ;
;   0.989 ;   0.989  ; RR ; CELL ; 1      ; IOIBUF_X89_Y35_N44                    ; clk~input|o                                ;
;   0.989 ;   0.000  ;    ; RE   ; 1      ; IOIBUF_X89_Y35_N44                    ; ARRIAV_IO_IBUF                             ;
;   0.989 ;   0.000  ;    ; RE   ; 1      ; IO_INPUT_BUFFER_OUTPUT_X89_Y35_N44_I2 ; IO_INPUT_BUFFER_OUTPUT                     ;
;   0.989 ;   0.000  ;    ; RE   ; 1      ; IO_RE_X89_Y35_N43_I96                 ; IO_RE                                      ;
;   1.084 ;   0.095  ;    ; RE   ; 1      ; IO_RE_X89_Y35_N43_I66                 ; IO_RE                                      ;
;   1.296 ;   0.212  ;    ; RE   ; 1      ; CLKBUF_CLUSTER_RE_X89_Y39_N3_I368     ; CLKBUF_CLUSTER_RE                          ;
;   1.296 ;   0.000  ;    ; RE   ; 1      ; CLKBUF_CLUSTER_RE_X89_Y39_N3_I764     ; CLKBUF_CLUSTER_RE                          ;
;   1.296 ;   0.000  ;    ; RE   ; 1      ; CLKBUF_CLUSTER_RE_X89_Y39_N3_I813     ; CLKBUF_CLUSTER_RE                          ;
;   1.296 ;   0.000  ;    ; RE   ; 1      ; CLKBUF_CLUSTER_RE_X89_Y39_N3_I553     ; CLKBUF_CLUSTER_RE                          ;
;   1.296 ;   0.000  ;    ; RE   ; 1      ; GCLK_CLUSTER_RE_X89_Y39_N6_I10        ; GCLK_CLUSTER_RE                            ;
;   1.296 ;   0.000  ;    ; RE   ; 1      ; CLKBUFBLOCK_INPUT_X89_Y39_N7_I0       ; CLKBUFBLOCK_INPUT                          ;
;   1.296 ;   0.000  ; RR ; IC   ; 1      ; CLKCTRL_G9                            ; clk~inputCLKENA0|inclk                     ;
;   1.801 ;   0.505  ; RR ; CELL ; 7412   ; CLKCTRL_G9                            ; clk~inputCLKENA0|outclk                    ;
;   1.801 ;   0.000  ;    ; RE   ; 1      ; CLKCTRL_G9                            ; ARRIAV_CLKBUF                              ;
;   1.801 ;   0.000  ;    ; RE   ; 1      ; CLKBUFBLOCK_OUTPUT_X89_Y39_N7_I2      ; CLKBUFBLOCK_OUTPUT                         ;
;   1.801 ;   0.000  ;    ; RE   ; 1      ; GCLK_CLUSTER_RE_X89_Y39_N6_I12        ; GCLK_CLUSTER_RE                            ;
;   1.801 ;   0.000  ;    ; RE   ; 1      ; CLKBUF_CLUSTER_RE_X89_Y39_N3_I416     ; CLKBUF_CLUSTER_RE                          ;
;   2.627 ;   0.826  ;    ; RE   ; 8      ; GLOBAL_CLOCK_X0_Y36_N0_I9             ; GLOBAL_CLOCK                               ;
;   2.785 ;   0.158  ;    ; RE   ; 13     ; SPINE_CLOCK_X33_Y37_N0_I7             ; SPINE_CLOCK                                ;
;   3.244 ;   0.459  ;    ; RE   ; 1      ; SCLK_TO_ROWCLK_BUF_X33_Y49_N0_I43     ; SCLK_TO_ROWCLK_BUF                         ;
;   3.331 ;   0.087  ;    ; RE   ; 1      ; SCLK_TO_ROWCLK_BUF_X33_Y49_N0_I46     ; SCLK_TO_ROWCLK_BUF                         ;
;   3.808 ;   0.477  ;    ; RE   ; 3      ; LAB_CLK_X25_Y49_N0_I5                 ; LAB_CLK                                    ;
;   3.947 ;   0.139  ;    ; RE   ; 1      ; BLK_CLK_BUF_X28_Y49_N0_I5             ; BLK_CLK_BUF                                ;
;   4.009 ;   0.062  ;    ; RE   ; 1      ; ROWCLKSEL_PREBUF_X28_Y49_N0_I5        ; ROWCLKSEL_PREBUF                           ;
;   4.052 ;   0.043  ;    ; RE   ; 1      ; ROWCLKSEL_X28_Y49_N0_I0               ; ROWCLKSEL                                  ;
;   4.052 ;   0.000  ;    ; RE   ; 1      ; GLOBAL_LOCAL_SEL_X28_Y49_N0_I0        ; GLOBAL_LOCAL_SEL                           ;
;   4.052 ;   0.000  ;    ; RE   ; 14     ; LAB_INPUT_X28_Y49_N0_I0               ; LAB_INPUT                                  ;
;   4.051 ;   -0.001 ; RR ; IC   ; 1      ; FF_X28_Y49_N44                        ; u_norm|u_norm|sum_sq[4]|clk                ;
;   4.577 ;   0.526  ; RR ; CELL ; 1      ; FF_X28_Y49_N44                        ; norm_dispatch:u_norm|norm:u_norm|sum_sq[4] ;
; 4.985   ; 0.408    ;    ;      ;        ;                                       ; data path                                  ;
;   4.577 ;   0.000  ;    ; uTco ; 1      ; FF_X28_Y49_N44                        ; norm_dispatch:u_norm|norm:u_norm|sum_sq[4] ;
;   4.577 ;   0.000  ; FF ; CELL ; 1      ; FF_X28_Y49_N44                        ; u_norm|u_norm|sum_sq[4]|q                  ;
;   4.640 ;   0.063  ;    ; RE   ; 1      ; FF_X28_Y49_N44                        ; ARRIAV_FF                                  ;
;   4.702 ;   0.062  ;    ; RE   ; 1      ; LOCAL_LINE_X28_Y49_N0_I14             ; LOCAL_LINE                                 ;
;   4.813 ;   0.111  ;    ; RE   ; 1      ; BLOCK_INPUT_MUX_X28_Y49_N0_I57        ; LEIM_INPUT                                 ;
;   4.813 ;   0.000  ; FF ; IC   ; 2      ; MLABCELL_X28_Y49_N42                  ; u_norm|u_norm|Add24~69|dataf               ;
;   4.896 ;   0.083  ; FF ; CELL ; 2      ; MLABCELL_X28_Y49_N42                  ; u_norm|u_norm|Add24~69|sumout              ;
;   4.896 ;   0.000  ;    ; RE   ; 3      ; MLABCELL_X28_Y49_N42                  ; ARRIAV_LCELL_COMB                          ;
;   4.896 ;   0.000  ; FF ; IC   ; 1      ; FF_X28_Y49_N44                        ; u_norm|u_norm|sum_sq[4]|d                  ;
;   4.985 ;   0.089  ; FF ; CELL ; 1      ; FF_X28_Y49_N44                        ; norm_dispatch:u_norm|norm:u_norm|sum_sq[4] ;
+---------+----------+----+------+--------+---------------------------------------+--------------------------------------------+

+------------------------------------------------------------------------------------------------------------------------------+
; Data Required Path                                                                                                           ;
+---------+----------+----+------+--------+---------------------------------------+--------------------------------------------+
; Total   ; Incr     ; RF ; Type ; Fanout ; Location                              ; Element                                    ;
+---------+----------+----+------+--------+---------------------------------------+--------------------------------------------+
; 0.000   ; 0.000    ;    ;      ;        ;                                       ; latch edge time                            ;
; 4.691   ; 4.691    ;    ;      ;        ;                                       ; clock path                                 ;
;   0.000 ;   0.000  ;    ;      ;        ;                                       ; source latency                             ;
;   0.000 ;   0.000  ;    ;      ; 1      ; PIN_N16                               ; clk                                        ;
;   0.000 ;   0.000  ;    ; RE   ; 1      ; IOPAD_X89_Y35_N43                     ; ARRIAV_IO_PAD                              ;
;   0.000 ;   0.000  ;    ; RE   ; 1      ; IO_PAD_OUTPUT_X89_Y35_N43_I1          ; IO_PAD_OUTPUT                              ;
;   0.000 ;   0.000  ;    ; RE   ; 1      ; IO_INPUT_BUFFER_INPUT_X89_Y35_N44_I0  ; IO_INPUT_BUFFER_INPUT                      ;
;   0.000 ;   0.000  ; RR ; IC   ; 1      ; IOIBUF_X89_Y35_N44                    ; clk~input|i                                ;
;   0.989 ;   0.989  ; RR ; CELL ; 1      ; IOIBUF_X89_Y35_N44                    ; clk~input|o                                ;
;   0.989 ;   0.000  ;    ; RE   ; 1      ; IOIBUF_X89_Y35_N44                    ; ARRIAV_IO_IBUF                             ;
;   0.989 ;   0.000  ;    ; RE   ; 1      ; IO_INPUT_BUFFER_OUTPUT_X89_Y35_N44_I2 ; IO_INPUT_BUFFER_OUTPUT                     ;
;   0.989 ;   0.000  ;    ; RE   ; 1      ; IO_RE_X89_Y35_N43_I96                 ; IO_RE                                      ;
;   1.089 ;   0.100  ;    ; RE   ; 1      ; IO_RE_X89_Y35_N43_I66                 ; IO_RE                                      ;
;   1.311 ;   0.222  ;    ; RE   ; 1      ; CLKBUF_CLUSTER_RE_X89_Y39_N3_I368     ; CLKBUF_CLUSTER_RE                          ;
;   1.311 ;   0.000  ;    ; RE   ; 1      ; CLKBUF_CLUSTER_RE_X89_Y39_N3_I764     ; CLKBUF_CLUSTER_RE                          ;
;   1.311 ;   0.000  ;    ; RE   ; 1      ; CLKBUF_CLUSTER_RE_X89_Y39_N3_I813     ; CLKBUF_CLUSTER_RE                          ;
;   1.311 ;   0.000  ;    ; RE   ; 1      ; CLKBUF_CLUSTER_RE_X89_Y39_N3_I553     ; CLKBUF_CLUSTER_RE                          ;
;   1.311 ;   0.000  ;    ; RE   ; 1      ; GCLK_CLUSTER_RE_X89_Y39_N6_I10        ; GCLK_CLUSTER_RE                            ;
;   1.311 ;   0.000  ;    ; RE   ; 1      ; CLKBUFBLOCK_INPUT_X89_Y39_N7_I0       ; CLKBUFBLOCK_INPUT                          ;
;   1.311 ;   0.000  ; RR ; IC   ; 1      ; CLKCTRL_G9                            ; clk~inputCLKENA0|inclk                     ;
;   1.849 ;   0.538  ; RR ; CELL ; 7412   ; CLKCTRL_G9                            ; clk~inputCLKENA0|outclk                    ;
;   1.849 ;   0.000  ;    ; RE   ; 1      ; CLKCTRL_G9                            ; ARRIAV_CLKBUF                              ;
;   1.849 ;   0.000  ;    ; RE   ; 1      ; CLKBUFBLOCK_OUTPUT_X89_Y39_N7_I2      ; CLKBUFBLOCK_OUTPUT                         ;
;   1.849 ;   0.000  ;    ; RE   ; 1      ; GCLK_CLUSTER_RE_X89_Y39_N6_I12        ; GCLK_CLUSTER_RE                            ;
;   1.849 ;   0.000  ;    ; RE   ; 1      ; CLKBUF_CLUSTER_RE_X89_Y39_N3_I416     ; CLKBUF_CLUSTER_RE                          ;
;   2.708 ;   0.859  ;    ; RE   ; 8      ; GLOBAL_CLOCK_X0_Y36_N0_I9             ; GLOBAL_CLOCK                               ;
;   2.872 ;   0.164  ;    ; RE   ; 13     ; SPINE_CLOCK_X33_Y37_N0_I7             ; SPINE_CLOCK                                ;
;   3.348 ;   0.476  ;    ; RE   ; 1      ; SCLK_TO_ROWCLK_BUF_X33_Y49_N0_I43     ; SCLK_TO_ROWCLK_BUF                         ;
;   3.438 ;   0.090  ;    ; RE   ; 1      ; SCLK_TO_ROWCLK_BUF_X33_Y49_N0_I46     ; SCLK_TO_ROWCLK_BUF                         ;
;   3.933 ;   0.495  ;    ; RE   ; 3      ; LAB_CLK_X25_Y49_N0_I5                 ; LAB_CLK                                    ;
;   4.084 ;   0.151  ;    ; RE   ; 1      ; BLK_CLK_BUF_X28_Y49_N0_I5             ; BLK_CLK_BUF                                ;
;   4.149 ;   0.065  ;    ; RE   ; 1      ; ROWCLKSEL_PREBUF_X28_Y49_N0_I5        ; ROWCLKSEL_PREBUF                           ;
;   4.196 ;   0.047  ;    ; RE   ; 1      ; ROWCLKSEL_X28_Y49_N0_I0               ; ROWCLKSEL                                  ;
;   4.196 ;   0.000  ;    ; RE   ; 1      ; GLOBAL_LOCAL_SEL_X28_Y49_N0_I0        ; GLOBAL_LOCAL_SEL                           ;
;   4.196 ;   0.000  ;    ; RE   ; 14     ; LAB_INPUT_X28_Y49_N0_I0               ; LAB_INPUT                                  ;
;   4.195 ;   -0.001 ; RR ; IC   ; 1      ; FF_X28_Y49_N44                        ; u_norm|u_norm|sum_sq[4]|clk                ;
;   4.798 ;   0.603  ; RR ; CELL ; 1      ; FF_X28_Y49_N44                        ; norm_dispatch:u_norm|norm:u_norm|sum_sq[4] ;
;   4.691 ;   -0.107 ;    ;      ;        ;                                       ; clock pessimism removed                    ;
; 4.691   ; 0.000    ;    ;      ;        ;                                       ; clock uncertainty                          ;
; 4.691   ; 0.000    ;    ; uTh  ; 1      ; FF_X28_Y49_N44                        ; norm_dispatch:u_norm|norm:u_norm|sum_sq[4] ;
+---------+----------+----+------+--------+---------------------------------------+--------------------------------------------+

----------------------------
; Extra Fitter Information ;
----------------------------
HTML report is unavailable in plain text report export.


Path #3: Hold slack is 0.294 
===============================================================================
+----------------------------------------------------------------------------+
; Path Summary                                                               ;
+--------------------+-------------------------------------------------------+
; Property           ; Value                                                 ;
+--------------------+-------------------------------------------------------+
; From Node          ; norm_dispatch:u_norm|norm:u_norm|sum_sq[28]           ;
; To Node            ; norm_dispatch:u_norm|norm:u_norm|sum_sq[28]~DUPLICATE ;
; Launch Clock       ; clk                                                   ;
; Latch Clock        ; clk                                                   ;
; Data Arrival Time  ; 5.012                                                 ;
; Data Required Time ; 4.718                                                 ;
; Slack              ; 0.294                                                 ;
+--------------------+-------------------------------------------------------+

+------------------------------------------------------------------------------------+
; Statistics                                                                         ;
+------------------------+-------+-------+-------------+------------+--------+-------+
; Property               ; Value ; Count ; Total Delay ; % of Total ; Min    ; Max   ;
+------------------------+-------+-------+-------------+------------+--------+-------+
; Hold Relationship      ; 0.000 ;       ;             ;            ;        ;       ;
; Clock Skew             ; 0.122 ;       ;             ;            ;        ;       ;
; Data Delay             ; 0.416 ;       ;             ;            ;        ;       ;
; Number of Logic Levels ;       ; 1     ;             ;            ;        ;       ;
; Physical Delays        ;       ;       ;             ;            ;        ;       ;
;  Arrival Path          ;       ;       ;             ;            ;        ;       ;
;   Clock                ;       ;       ;             ;            ;        ;       ;
;    IC                  ;       ; 3     ; 0.001       ; 0          ; 0.000  ; 0.001 ;
;    Cell                ;       ; 3     ; 2.020       ; 44         ; 0.505  ; 0.989 ;
;    Routing Element     ;       ; 27    ; 2.575       ; 56         ; 0.000  ; 0.826 ;
;   Data                 ;       ;       ;             ;            ;        ;       ;
;    IC                  ;       ; 2     ; -0.001      ; 0          ; -0.001 ; 0.000 ;
;    Cell                ;       ; 3     ; 0.171       ; 41         ; 0.000  ; 0.088 ;
;    uTco                ;       ; 1     ; 0.000       ; 0          ; 0.000  ; 0.000 ;
;    Routing Element     ;       ; 4     ; 0.246       ; 59         ; 0.000  ; 0.116 ;
;  Required Path         ;       ;       ;             ;            ;        ;       ;
;   Clock                ;       ;       ;             ;            ;        ;       ;
;    IC                  ;       ; 3     ; 0.000       ; 0          ; 0.000  ; 0.000 ;
;    Cell                ;       ; 3     ; 2.139       ; 44         ; 0.538  ; 0.989 ;
;    Routing Element     ;       ; 27    ; 2.687       ; 56         ; 0.000  ; 0.859 ;
+------------------------+-------+-------+-------------+------------+--------+-------+
Note: Negative delays are omitted from totals when calculating percentages

+-----------------------------------------------------------------------------------------------------------------------------------------+
; Data Arrival Path                                                                                                                       ;
+---------+----------+----+------+--------+---------------------------------------+-------------------------------------------------------+
; Total   ; Incr     ; RF ; Type ; Fanout ; Location                              ; Element                                               ;
+---------+----------+----+------+--------+---------------------------------------+-------------------------------------------------------+
; 0.000   ; 0.000    ;    ;      ;        ;                                       ; launch edge time                                      ;
; 4.596   ; 4.596    ;    ;      ;        ;                                       ; clock path                                            ;
;   0.000 ;   0.000  ;    ;      ;        ;                                       ; source latency                                        ;
;   0.000 ;   0.000  ;    ;      ; 1      ; PIN_N16                               ; clk                                                   ;
;   0.000 ;   0.000  ;    ; RE   ; 1      ; IOPAD_X89_Y35_N43                     ; ARRIAV_IO_PAD                                         ;
;   0.000 ;   0.000  ;    ; RE   ; 1      ; IO_PAD_OUTPUT_X89_Y35_N43_I1          ; IO_PAD_OUTPUT                                         ;
;   0.000 ;   0.000  ;    ; RE   ; 1      ; IO_INPUT_BUFFER_INPUT_X89_Y35_N44_I0  ; IO_INPUT_BUFFER_INPUT                                 ;
;   0.000 ;   0.000  ; RR ; IC   ; 1      ; IOIBUF_X89_Y35_N44                    ; clk~input|i                                           ;
;   0.989 ;   0.989  ; RR ; CELL ; 1      ; IOIBUF_X89_Y35_N44                    ; clk~input|o                                           ;
;   0.989 ;   0.000  ;    ; RE   ; 1      ; IOIBUF_X89_Y35_N44                    ; ARRIAV_IO_IBUF                                        ;
;   0.989 ;   0.000  ;    ; RE   ; 1      ; IO_INPUT_BUFFER_OUTPUT_X89_Y35_N44_I2 ; IO_INPUT_BUFFER_OUTPUT                                ;
;   0.989 ;   0.000  ;    ; RE   ; 1      ; IO_RE_X89_Y35_N43_I96                 ; IO_RE                                                 ;
;   1.084 ;   0.095  ;    ; RE   ; 1      ; IO_RE_X89_Y35_N43_I66                 ; IO_RE                                                 ;
;   1.296 ;   0.212  ;    ; RE   ; 1      ; CLKBUF_CLUSTER_RE_X89_Y39_N3_I368     ; CLKBUF_CLUSTER_RE                                     ;
;   1.296 ;   0.000  ;    ; RE   ; 1      ; CLKBUF_CLUSTER_RE_X89_Y39_N3_I764     ; CLKBUF_CLUSTER_RE                                     ;
;   1.296 ;   0.000  ;    ; RE   ; 1      ; CLKBUF_CLUSTER_RE_X89_Y39_N3_I813     ; CLKBUF_CLUSTER_RE                                     ;
;   1.296 ;   0.000  ;    ; RE   ; 1      ; CLKBUF_CLUSTER_RE_X89_Y39_N3_I553     ; CLKBUF_CLUSTER_RE                                     ;
;   1.296 ;   0.000  ;    ; RE   ; 1      ; GCLK_CLUSTER_RE_X89_Y39_N6_I10        ; GCLK_CLUSTER_RE                                       ;
;   1.296 ;   0.000  ;    ; RE   ; 1      ; CLKBUFBLOCK_INPUT_X89_Y39_N7_I0       ; CLKBUFBLOCK_INPUT                                     ;
;   1.296 ;   0.000  ; RR ; IC   ; 1      ; CLKCTRL_G9                            ; clk~inputCLKENA0|inclk                                ;
;   1.801 ;   0.505  ; RR ; CELL ; 7412   ; CLKCTRL_G9                            ; clk~inputCLKENA0|outclk                               ;
;   1.801 ;   0.000  ;    ; RE   ; 1      ; CLKCTRL_G9                            ; ARRIAV_CLKBUF                                         ;
;   1.801 ;   0.000  ;    ; RE   ; 1      ; CLKBUFBLOCK_OUTPUT_X89_Y39_N7_I2      ; CLKBUFBLOCK_OUTPUT                                    ;
;   1.801 ;   0.000  ;    ; RE   ; 1      ; GCLK_CLUSTER_RE_X89_Y39_N6_I12        ; GCLK_CLUSTER_RE                                       ;
;   1.801 ;   0.000  ;    ; RE   ; 1      ; CLKBUF_CLUSTER_RE_X89_Y39_N3_I416     ; CLKBUF_CLUSTER_RE                                     ;
;   2.627 ;   0.826  ;    ; RE   ; 8      ; GLOBAL_CLOCK_X0_Y36_N0_I9             ; GLOBAL_CLOCK                                          ;
;   2.787 ;   0.160  ;    ; RE   ; 13     ; SPINE_CLOCK_X33_Y37_N0_I7             ; SPINE_CLOCK                                           ;
;   3.245 ;   0.458  ;    ; RE   ; 1      ; SCLK_TO_ROWCLK_BUF_X33_Y47_N0_I43     ; SCLK_TO_ROWCLK_BUF                                    ;
;   3.342 ;   0.097  ;    ; RE   ; 2      ; SCLK_TO_ROWCLK_BUF_X33_Y47_N0_I46     ; SCLK_TO_ROWCLK_BUF                                    ;
;   3.825 ;   0.483  ;    ; RE   ; 3      ; LAB_CLK_X25_Y47_N0_I5                 ; LAB_CLK                                               ;
;   3.964 ;   0.139  ;    ; RE   ; 1      ; BLK_CLK_BUF_X28_Y47_N0_I5             ; BLK_CLK_BUF                                           ;
;   4.026 ;   0.062  ;    ; RE   ; 1      ; ROWCLKSEL_PREBUF_X28_Y47_N0_I5        ; ROWCLKSEL_PREBUF                                      ;
;   4.069 ;   0.043  ;    ; RE   ; 1      ; ROWCLKSEL_X28_Y47_N0_I0               ; ROWCLKSEL                                             ;
;   4.069 ;   0.000  ;    ; RE   ; 1      ; GLOBAL_LOCAL_SEL_X28_Y47_N0_I0        ; GLOBAL_LOCAL_SEL                                      ;
;   4.069 ;   0.000  ;    ; RE   ; 17     ; LAB_INPUT_X28_Y47_N0_I0               ; LAB_INPUT                                             ;
;   4.070 ;   0.001  ; RR ; IC   ; 1      ; FF_X28_Y47_N26                        ; u_norm|u_norm|sum_sq[28]|clk                          ;
;   4.596 ;   0.526  ; RR ; CELL ; 1      ; FF_X28_Y47_N26                        ; norm_dispatch:u_norm|norm:u_norm|sum_sq[28]           ;
; 5.012   ; 0.416    ;    ;      ;        ;                                       ; data path                                             ;
;   4.596 ;   0.000  ;    ; uTco ; 1      ; FF_X28_Y47_N26                        ; norm_dispatch:u_norm|norm:u_norm|sum_sq[28]           ;
;   4.596 ;   0.000  ; FF ; CELL ; 1      ; FF_X28_Y47_N26                        ; u_norm|u_norm|sum_sq[28]|q                            ;
;   4.658 ;   0.062  ;    ; RE   ; 1      ; FF_X28_Y47_N26                        ; ARRIAV_FF                                             ;
;   4.726 ;   0.068  ;    ; RE   ; 1      ; LOCAL_LINE_X28_Y47_N0_I8              ; LOCAL_LINE                                            ;
;   4.842 ;   0.116  ;    ; RE   ; 1      ; BLOCK_INPUT_MUX_X28_Y47_N0_I33        ; LEIM_INPUT                                            ;
;   4.841 ;   -0.001 ; FF ; IC   ; 2      ; MLABCELL_X28_Y47_N24                  ; u_norm|u_norm|Add24~109|dataf                         ;
;   4.924 ;   0.083  ; FF ; CELL ; 2      ; MLABCELL_X28_Y47_N24                  ; u_norm|u_norm|Add24~109|sumout                        ;
;   4.924 ;   0.000  ;    ; RE   ; 3      ; MLABCELL_X28_Y47_N24                  ; ARRIAV_LCELL_COMB                                     ;
;   4.924 ;   0.000  ; FF ; IC   ; 1      ; FF_X28_Y47_N25                        ; u_norm|u_norm|sum_sq[28]~DUPLICATE|d                  ;
;   5.012 ;   0.088  ; FF ; CELL ; 1      ; FF_X28_Y47_N25                        ; norm_dispatch:u_norm|norm:u_norm|sum_sq[28]~DUPLICATE ;
+---------+----------+----+------+--------+---------------------------------------+-------------------------------------------------------+

+-----------------------------------------------------------------------------------------------------------------------------------------+
; Data Required Path                                                                                                                      ;
+---------+----------+----+------+--------+---------------------------------------+-------------------------------------------------------+
; Total   ; Incr     ; RF ; Type ; Fanout ; Location                              ; Element                                               ;
+---------+----------+----+------+--------+---------------------------------------+-------------------------------------------------------+
; 0.000   ; 0.000    ;    ;      ;        ;                                       ; latch edge time                                       ;
; 4.718   ; 4.718    ;    ;      ;        ;                                       ; clock path                                            ;
;   0.000 ;   0.000  ;    ;      ;        ;                                       ; source latency                                        ;
;   0.000 ;   0.000  ;    ;      ; 1      ; PIN_N16                               ; clk                                                   ;
;   0.000 ;   0.000  ;    ; RE   ; 1      ; IOPAD_X89_Y35_N43                     ; ARRIAV_IO_PAD                                         ;
;   0.000 ;   0.000  ;    ; RE   ; 1      ; IO_PAD_OUTPUT_X89_Y35_N43_I1          ; IO_PAD_OUTPUT                                         ;
;   0.000 ;   0.000  ;    ; RE   ; 1      ; IO_INPUT_BUFFER_INPUT_X89_Y35_N44_I0  ; IO_INPUT_BUFFER_INPUT                                 ;
;   0.000 ;   0.000  ; RR ; IC   ; 1      ; IOIBUF_X89_Y35_N44                    ; clk~input|i                                           ;
;   0.989 ;   0.989  ; RR ; CELL ; 1      ; IOIBUF_X89_Y35_N44                    ; clk~input|o                                           ;
;   0.989 ;   0.000  ;    ; RE   ; 1      ; IOIBUF_X89_Y35_N44                    ; ARRIAV_IO_IBUF                                        ;
;   0.989 ;   0.000  ;    ; RE   ; 1      ; IO_INPUT_BUFFER_OUTPUT_X89_Y35_N44_I2 ; IO_INPUT_BUFFER_OUTPUT                                ;
;   0.989 ;   0.000  ;    ; RE   ; 1      ; IO_RE_X89_Y35_N43_I96                 ; IO_RE                                                 ;
;   1.089 ;   0.100  ;    ; RE   ; 1      ; IO_RE_X89_Y35_N43_I66                 ; IO_RE                                                 ;
;   1.311 ;   0.222  ;    ; RE   ; 1      ; CLKBUF_CLUSTER_RE_X89_Y39_N3_I368     ; CLKBUF_CLUSTER_RE                                     ;
;   1.311 ;   0.000  ;    ; RE   ; 1      ; CLKBUF_CLUSTER_RE_X89_Y39_N3_I764     ; CLKBUF_CLUSTER_RE                                     ;
;   1.311 ;   0.000  ;    ; RE   ; 1      ; CLKBUF_CLUSTER_RE_X89_Y39_N3_I813     ; CLKBUF_CLUSTER_RE                                     ;
;   1.311 ;   0.000  ;    ; RE   ; 1      ; CLKBUF_CLUSTER_RE_X89_Y39_N3_I553     ; CLKBUF_CLUSTER_RE                                     ;
;   1.311 ;   0.000  ;    ; RE   ; 1      ; GCLK_CLUSTER_RE_X89_Y39_N6_I10        ; GCLK_CLUSTER_RE                                       ;
;   1.311 ;   0.000  ;    ; RE   ; 1      ; CLKBUFBLOCK_INPUT_X89_Y39_N7_I0       ; CLKBUFBLOCK_INPUT                                     ;
;   1.311 ;   0.000  ; RR ; IC   ; 1      ; CLKCTRL_G9                            ; clk~inputCLKENA0|inclk                                ;
;   1.849 ;   0.538  ; RR ; CELL ; 7412   ; CLKCTRL_G9                            ; clk~inputCLKENA0|outclk                               ;
;   1.849 ;   0.000  ;    ; RE   ; 1      ; CLKCTRL_G9                            ; ARRIAV_CLKBUF                                         ;
;   1.849 ;   0.000  ;    ; RE   ; 1      ; CLKBUFBLOCK_OUTPUT_X89_Y39_N7_I2      ; CLKBUFBLOCK_OUTPUT                                    ;
;   1.849 ;   0.000  ;    ; RE   ; 1      ; GCLK_CLUSTER_RE_X89_Y39_N6_I12        ; GCLK_CLUSTER_RE                                       ;
;   1.849 ;   0.000  ;    ; RE   ; 1      ; CLKBUF_CLUSTER_RE_X89_Y39_N3_I416     ; CLKBUF_CLUSTER_RE                                     ;
;   2.708 ;   0.859  ;    ; RE   ; 8      ; GLOBAL_CLOCK_X0_Y36_N0_I9             ; GLOBAL_CLOCK                                          ;
;   2.874 ;   0.166  ;    ; RE   ; 13     ; SPINE_CLOCK_X33_Y37_N0_I7             ; SPINE_CLOCK                                           ;
;   3.349 ;   0.475  ;    ; RE   ; 1      ; SCLK_TO_ROWCLK_BUF_X33_Y47_N0_I43     ; SCLK_TO_ROWCLK_BUF                                    ;
;   3.450 ;   0.101  ;    ; RE   ; 2      ; SCLK_TO_ROWCLK_BUF_X33_Y47_N0_I46     ; SCLK_TO_ROWCLK_BUF                                    ;
;   3.952 ;   0.502  ;    ; RE   ; 3      ; LAB_CLK_X25_Y47_N0_I5                 ; LAB_CLK                                               ;
;   4.103 ;   0.151  ;    ; RE   ; 1      ; BLK_CLK_BUF_X28_Y47_N0_I5             ; BLK_CLK_BUF                                           ;
;   4.167 ;   0.064  ;    ; RE   ; 1      ; ROWCLKSEL_PREBUF_X28_Y47_N0_I5        ; ROWCLKSEL_PREBUF                                      ;
;   4.214 ;   0.047  ;    ; RE   ; 1      ; ROWCLKSEL_X28_Y47_N0_I0               ; ROWCLKSEL                                             ;
;   4.214 ;   0.000  ;    ; RE   ; 1      ; GLOBAL_LOCAL_SEL_X28_Y47_N0_I0        ; GLOBAL_LOCAL_SEL                                      ;
;   4.214 ;   0.000  ;    ; RE   ; 17     ; LAB_INPUT_X28_Y47_N0_I0               ; LAB_INPUT                                             ;
;   4.214 ;   0.000  ; RR ; IC   ; 1      ; FF_X28_Y47_N25                        ; u_norm|u_norm|sum_sq[28]~DUPLICATE|clk                ;
;   4.826 ;   0.612  ; RR ; CELL ; 1      ; FF_X28_Y47_N25                        ; norm_dispatch:u_norm|norm:u_norm|sum_sq[28]~DUPLICATE ;
;   4.718 ;   -0.108 ;    ;      ;        ;                                       ; clock pessimism removed                               ;
; 4.718   ; 0.000    ;    ;      ;        ;                                       ; clock uncertainty                                     ;
; 4.718   ; 0.000    ;    ; uTh  ; 1      ; FF_X28_Y47_N25                        ; norm_dispatch:u_norm|norm:u_norm|sum_sq[28]~DUPLICATE ;
+---------+----------+----+------+--------+---------------------------------------+-------------------------------------------------------+

----------------------------
; Extra Fitter Information ;
----------------------------
HTML report is unavailable in plain text report export.


Path #4: Hold slack is 0.295 
===============================================================================
+-----------------------------------------------------------------+
; Path Summary                                                    ;
+--------------------+--------------------------------------------+
; Property           ; Value                                      ;
+--------------------+--------------------------------------------+
; From Node          ; norm_dispatch:u_norm|norm:u_norm|sum_sq[0] ;
; To Node            ; norm_dispatch:u_norm|norm:u_norm|sum_sq[0] ;
; Launch Clock       ; clk                                        ;
; Latch Clock        ; clk                                        ;
; Data Arrival Time  ; 4.986                                      ;
; Data Required Time ; 4.691                                      ;
; Slack              ; 0.295                                      ;
+--------------------+--------------------------------------------+

+------------------------------------------------------------------------------------+
; Statistics                                                                         ;
+------------------------+-------+-------+-------------+------------+--------+-------+
; Property               ; Value ; Count ; Total Delay ; % of Total ; Min    ; Max   ;
+------------------------+-------+-------+-------------+------------+--------+-------+
; Hold Relationship      ; 0.000 ;       ;             ;            ;        ;       ;
; Clock Skew             ; 0.114 ;       ;             ;            ;        ;       ;
; Data Delay             ; 0.409 ;       ;             ;            ;        ;       ;
; Number of Logic Levels ;       ; 1     ;             ;            ;        ;       ;
; Physical Delays        ;       ;       ;             ;            ;        ;       ;
;  Arrival Path          ;       ;       ;             ;            ;        ;       ;
;   Clock                ;       ;       ;             ;            ;        ;       ;
;    IC                  ;       ; 3     ; -0.001      ; 0          ; -0.001 ; 0.000 ;
;    Cell                ;       ; 3     ; 2.020       ; 44         ; 0.505  ; 0.989 ;
;    Routing Element     ;       ; 27    ; 2.558       ; 56         ; 0.000  ; 0.826 ;
;   Data                 ;       ;       ;             ;            ;        ;       ;
;    IC                  ;       ; 2     ; 0.000       ; 0          ; 0.000  ; 0.000 ;
;    Cell                ;       ; 3     ; 0.170       ; 42         ; 0.000  ; 0.087 ;
;    uTco                ;       ; 1     ; 0.000       ; 0          ; 0.000  ; 0.000 ;
;    Routing Element     ;       ; 4     ; 0.239       ; 58         ; 0.000  ; 0.114 ;
;  Required Path         ;       ;       ;             ;            ;        ;       ;
;   Clock                ;       ;       ;             ;            ;        ;       ;
;    IC                  ;       ; 3     ; -0.001      ; 0          ; -0.001 ; 0.000 ;
;    Cell                ;       ; 3     ; 2.130       ; 44         ; 0.538  ; 0.989 ;
;    Routing Element     ;       ; 27    ; 2.669       ; 56         ; 0.000  ; 0.859 ;
+------------------------+-------+-------+-------------+------------+--------+-------+
Note: Negative delays are omitted from totals when calculating percentages

+------------------------------------------------------------------------------------------------------------------------------+
; Data Arrival Path                                                                                                            ;
+---------+----------+----+------+--------+---------------------------------------+--------------------------------------------+
; Total   ; Incr     ; RF ; Type ; Fanout ; Location                              ; Element                                    ;
+---------+----------+----+------+--------+---------------------------------------+--------------------------------------------+
; 0.000   ; 0.000    ;    ;      ;        ;                                       ; launch edge time                           ;
; 4.577   ; 4.577    ;    ;      ;        ;                                       ; clock path                                 ;
;   0.000 ;   0.000  ;    ;      ;        ;                                       ; source latency                             ;
;   0.000 ;   0.000  ;    ;      ; 1      ; PIN_N16                               ; clk                                        ;
;   0.000 ;   0.000  ;    ; RE   ; 1      ; IOPAD_X89_Y35_N43                     ; ARRIAV_IO_PAD                              ;
;   0.000 ;   0.000  ;    ; RE   ; 1      ; IO_PAD_OUTPUT_X89_Y35_N43_I1          ; IO_PAD_OUTPUT                              ;
;   0.000 ;   0.000  ;    ; RE   ; 1      ; IO_INPUT_BUFFER_INPUT_X89_Y35_N44_I0  ; IO_INPUT_BUFFER_INPUT                      ;
;   0.000 ;   0.000  ; RR ; IC   ; 1      ; IOIBUF_X89_Y35_N44                    ; clk~input|i                                ;
;   0.989 ;   0.989  ; RR ; CELL ; 1      ; IOIBUF_X89_Y35_N44                    ; clk~input|o                                ;
;   0.989 ;   0.000  ;    ; RE   ; 1      ; IOIBUF_X89_Y35_N44                    ; ARRIAV_IO_IBUF                             ;
;   0.989 ;   0.000  ;    ; RE   ; 1      ; IO_INPUT_BUFFER_OUTPUT_X89_Y35_N44_I2 ; IO_INPUT_BUFFER_OUTPUT                     ;
;   0.989 ;   0.000  ;    ; RE   ; 1      ; IO_RE_X89_Y35_N43_I96                 ; IO_RE                                      ;
;   1.084 ;   0.095  ;    ; RE   ; 1      ; IO_RE_X89_Y35_N43_I66                 ; IO_RE                                      ;
;   1.296 ;   0.212  ;    ; RE   ; 1      ; CLKBUF_CLUSTER_RE_X89_Y39_N3_I368     ; CLKBUF_CLUSTER_RE                          ;
;   1.296 ;   0.000  ;    ; RE   ; 1      ; CLKBUF_CLUSTER_RE_X89_Y39_N3_I764     ; CLKBUF_CLUSTER_RE                          ;
;   1.296 ;   0.000  ;    ; RE   ; 1      ; CLKBUF_CLUSTER_RE_X89_Y39_N3_I813     ; CLKBUF_CLUSTER_RE                          ;
;   1.296 ;   0.000  ;    ; RE   ; 1      ; CLKBUF_CLUSTER_RE_X89_Y39_N3_I553     ; CLKBUF_CLUSTER_RE                          ;
;   1.296 ;   0.000  ;    ; RE   ; 1      ; GCLK_CLUSTER_RE_X89_Y39_N6_I10        ; GCLK_CLUSTER_RE                            ;
;   1.296 ;   0.000  ;    ; RE   ; 1      ; CLKBUFBLOCK_INPUT_X89_Y39_N7_I0       ; CLKBUFBLOCK_INPUT                          ;
;   1.296 ;   0.000  ; RR ; IC   ; 1      ; CLKCTRL_G9                            ; clk~inputCLKENA0|inclk                     ;
;   1.801 ;   0.505  ; RR ; CELL ; 7412   ; CLKCTRL_G9                            ; clk~inputCLKENA0|outclk                    ;
;   1.801 ;   0.000  ;    ; RE   ; 1      ; CLKCTRL_G9                            ; ARRIAV_CLKBUF                              ;
;   1.801 ;   0.000  ;    ; RE   ; 1      ; CLKBUFBLOCK_OUTPUT_X89_Y39_N7_I2      ; CLKBUFBLOCK_OUTPUT                         ;
;   1.801 ;   0.000  ;    ; RE   ; 1      ; GCLK_CLUSTER_RE_X89_Y39_N6_I12        ; GCLK_CLUSTER_RE                            ;
;   1.801 ;   0.000  ;    ; RE   ; 1      ; CLKBUF_CLUSTER_RE_X89_Y39_N3_I416     ; CLKBUF_CLUSTER_RE                          ;
;   2.627 ;   0.826  ;    ; RE   ; 8      ; GLOBAL_CLOCK_X0_Y36_N0_I9             ; GLOBAL_CLOCK                               ;
;   2.785 ;   0.158  ;    ; RE   ; 13     ; SPINE_CLOCK_X33_Y37_N0_I7             ; SPINE_CLOCK                                ;
;   3.244 ;   0.459  ;    ; RE   ; 1      ; SCLK_TO_ROWCLK_BUF_X33_Y49_N0_I43     ; SCLK_TO_ROWCLK_BUF                         ;
;   3.331 ;   0.087  ;    ; RE   ; 1      ; SCLK_TO_ROWCLK_BUF_X33_Y49_N0_I46     ; SCLK_TO_ROWCLK_BUF                         ;
;   3.808 ;   0.477  ;    ; RE   ; 3      ; LAB_CLK_X25_Y49_N0_I5                 ; LAB_CLK                                    ;
;   3.947 ;   0.139  ;    ; RE   ; 1      ; BLK_CLK_BUF_X28_Y49_N0_I5             ; BLK_CLK_BUF                                ;
;   4.009 ;   0.062  ;    ; RE   ; 1      ; ROWCLKSEL_PREBUF_X28_Y49_N0_I5        ; ROWCLKSEL_PREBUF                           ;
;   4.052 ;   0.043  ;    ; RE   ; 1      ; ROWCLKSEL_X28_Y49_N0_I0               ; ROWCLKSEL                                  ;
;   4.052 ;   0.000  ;    ; RE   ; 1      ; GLOBAL_LOCAL_SEL_X28_Y49_N0_I0        ; GLOBAL_LOCAL_SEL                           ;
;   4.052 ;   0.000  ;    ; RE   ; 14     ; LAB_INPUT_X28_Y49_N0_I0               ; LAB_INPUT                                  ;
;   4.051 ;   -0.001 ; RR ; IC   ; 1      ; FF_X28_Y49_N32                        ; u_norm|u_norm|sum_sq[0]|clk                ;
;   4.577 ;   0.526  ; RR ; CELL ; 1      ; FF_X28_Y49_N32                        ; norm_dispatch:u_norm|norm:u_norm|sum_sq[0] ;
; 4.986   ; 0.409    ;    ;      ;        ;                                       ; data path                                  ;
;   4.577 ;   0.000  ;    ; uTco ; 1      ; FF_X28_Y49_N32                        ; norm_dispatch:u_norm|norm:u_norm|sum_sq[0] ;
;   4.577 ;   0.000  ; FF ; CELL ; 3      ; FF_X28_Y49_N32                        ; u_norm|u_norm|sum_sq[0]|q                  ;
;   4.639 ;   0.062  ;    ; RE   ; 2      ; FF_X28_Y49_N32                        ; ARRIAV_FF                                  ;
;   4.702 ;   0.063  ;    ; RE   ; 1      ; LOCAL_LINE_X28_Y49_N0_I10             ; LOCAL_LINE                                 ;
;   4.816 ;   0.114  ;    ; RE   ; 1      ; BLOCK_INPUT_MUX_X28_Y49_N0_I41        ; LEIM_INPUT                                 ;
;   4.816 ;   0.000  ; FF ; IC   ; 2      ; MLABCELL_X28_Y49_N30                  ; u_norm|u_norm|Add24~125|dataf              ;
;   4.899 ;   0.083  ; FF ; CELL ; 1      ; MLABCELL_X28_Y49_N30                  ; u_norm|u_norm|Add24~125|sumout             ;
;   4.899 ;   0.000  ;    ; RE   ; 2      ; MLABCELL_X28_Y49_N30                  ; ARRIAV_LCELL_COMB                          ;
;   4.899 ;   0.000  ; FF ; IC   ; 1      ; FF_X28_Y49_N32                        ; u_norm|u_norm|sum_sq[0]|d                  ;
;   4.986 ;   0.087  ; FF ; CELL ; 1      ; FF_X28_Y49_N32                        ; norm_dispatch:u_norm|norm:u_norm|sum_sq[0] ;
+---------+----------+----+------+--------+---------------------------------------+--------------------------------------------+

+------------------------------------------------------------------------------------------------------------------------------+
; Data Required Path                                                                                                           ;
+---------+----------+----+------+--------+---------------------------------------+--------------------------------------------+
; Total   ; Incr     ; RF ; Type ; Fanout ; Location                              ; Element                                    ;
+---------+----------+----+------+--------+---------------------------------------+--------------------------------------------+
; 0.000   ; 0.000    ;    ;      ;        ;                                       ; latch edge time                            ;
; 4.691   ; 4.691    ;    ;      ;        ;                                       ; clock path                                 ;
;   0.000 ;   0.000  ;    ;      ;        ;                                       ; source latency                             ;
;   0.000 ;   0.000  ;    ;      ; 1      ; PIN_N16                               ; clk                                        ;
;   0.000 ;   0.000  ;    ; RE   ; 1      ; IOPAD_X89_Y35_N43                     ; ARRIAV_IO_PAD                              ;
;   0.000 ;   0.000  ;    ; RE   ; 1      ; IO_PAD_OUTPUT_X89_Y35_N43_I1          ; IO_PAD_OUTPUT                              ;
;   0.000 ;   0.000  ;    ; RE   ; 1      ; IO_INPUT_BUFFER_INPUT_X89_Y35_N44_I0  ; IO_INPUT_BUFFER_INPUT                      ;
;   0.000 ;   0.000  ; RR ; IC   ; 1      ; IOIBUF_X89_Y35_N44                    ; clk~input|i                                ;
;   0.989 ;   0.989  ; RR ; CELL ; 1      ; IOIBUF_X89_Y35_N44                    ; clk~input|o                                ;
;   0.989 ;   0.000  ;    ; RE   ; 1      ; IOIBUF_X89_Y35_N44                    ; ARRIAV_IO_IBUF                             ;
;   0.989 ;   0.000  ;    ; RE   ; 1      ; IO_INPUT_BUFFER_OUTPUT_X89_Y35_N44_I2 ; IO_INPUT_BUFFER_OUTPUT                     ;
;   0.989 ;   0.000  ;    ; RE   ; 1      ; IO_RE_X89_Y35_N43_I96                 ; IO_RE                                      ;
;   1.089 ;   0.100  ;    ; RE   ; 1      ; IO_RE_X89_Y35_N43_I66                 ; IO_RE                                      ;
;   1.311 ;   0.222  ;    ; RE   ; 1      ; CLKBUF_CLUSTER_RE_X89_Y39_N3_I368     ; CLKBUF_CLUSTER_RE                          ;
;   1.311 ;   0.000  ;    ; RE   ; 1      ; CLKBUF_CLUSTER_RE_X89_Y39_N3_I764     ; CLKBUF_CLUSTER_RE                          ;
;   1.311 ;   0.000  ;    ; RE   ; 1      ; CLKBUF_CLUSTER_RE_X89_Y39_N3_I813     ; CLKBUF_CLUSTER_RE                          ;
;   1.311 ;   0.000  ;    ; RE   ; 1      ; CLKBUF_CLUSTER_RE_X89_Y39_N3_I553     ; CLKBUF_CLUSTER_RE                          ;
;   1.311 ;   0.000  ;    ; RE   ; 1      ; GCLK_CLUSTER_RE_X89_Y39_N6_I10        ; GCLK_CLUSTER_RE                            ;
;   1.311 ;   0.000  ;    ; RE   ; 1      ; CLKBUFBLOCK_INPUT_X89_Y39_N7_I0       ; CLKBUFBLOCK_INPUT                          ;
;   1.311 ;   0.000  ; RR ; IC   ; 1      ; CLKCTRL_G9                            ; clk~inputCLKENA0|inclk                     ;
;   1.849 ;   0.538  ; RR ; CELL ; 7412   ; CLKCTRL_G9                            ; clk~inputCLKENA0|outclk                    ;
;   1.849 ;   0.000  ;    ; RE   ; 1      ; CLKCTRL_G9                            ; ARRIAV_CLKBUF                              ;
;   1.849 ;   0.000  ;    ; RE   ; 1      ; CLKBUFBLOCK_OUTPUT_X89_Y39_N7_I2      ; CLKBUFBLOCK_OUTPUT                         ;
;   1.849 ;   0.000  ;    ; RE   ; 1      ; GCLK_CLUSTER_RE_X89_Y39_N6_I12        ; GCLK_CLUSTER_RE                            ;
;   1.849 ;   0.000  ;    ; RE   ; 1      ; CLKBUF_CLUSTER_RE_X89_Y39_N3_I416     ; CLKBUF_CLUSTER_RE                          ;
;   2.708 ;   0.859  ;    ; RE   ; 8      ; GLOBAL_CLOCK_X0_Y36_N0_I9             ; GLOBAL_CLOCK                               ;
;   2.872 ;   0.164  ;    ; RE   ; 13     ; SPINE_CLOCK_X33_Y37_N0_I7             ; SPINE_CLOCK                                ;
;   3.348 ;   0.476  ;    ; RE   ; 1      ; SCLK_TO_ROWCLK_BUF_X33_Y49_N0_I43     ; SCLK_TO_ROWCLK_BUF                         ;
;   3.438 ;   0.090  ;    ; RE   ; 1      ; SCLK_TO_ROWCLK_BUF_X33_Y49_N0_I46     ; SCLK_TO_ROWCLK_BUF                         ;
;   3.933 ;   0.495  ;    ; RE   ; 3      ; LAB_CLK_X25_Y49_N0_I5                 ; LAB_CLK                                    ;
;   4.084 ;   0.151  ;    ; RE   ; 1      ; BLK_CLK_BUF_X28_Y49_N0_I5             ; BLK_CLK_BUF                                ;
;   4.149 ;   0.065  ;    ; RE   ; 1      ; ROWCLKSEL_PREBUF_X28_Y49_N0_I5        ; ROWCLKSEL_PREBUF                           ;
;   4.196 ;   0.047  ;    ; RE   ; 1      ; ROWCLKSEL_X28_Y49_N0_I0               ; ROWCLKSEL                                  ;
;   4.196 ;   0.000  ;    ; RE   ; 1      ; GLOBAL_LOCAL_SEL_X28_Y49_N0_I0        ; GLOBAL_LOCAL_SEL                           ;
;   4.196 ;   0.000  ;    ; RE   ; 14     ; LAB_INPUT_X28_Y49_N0_I0               ; LAB_INPUT                                  ;
;   4.195 ;   -0.001 ; RR ; IC   ; 1      ; FF_X28_Y49_N32                        ; u_norm|u_norm|sum_sq[0]|clk                ;
;   4.798 ;   0.603  ; RR ; CELL ; 1      ; FF_X28_Y49_N32                        ; norm_dispatch:u_norm|norm:u_norm|sum_sq[0] ;
;   4.691 ;   -0.107 ;    ;      ;        ;                                       ; clock pessimism removed                    ;
; 4.691   ; 0.000    ;    ;      ;        ;                                       ; clock uncertainty                          ;
; 4.691   ; 0.000    ;    ; uTh  ; 1      ; FF_X28_Y49_N32                        ; norm_dispatch:u_norm|norm:u_norm|sum_sq[0] ;
+---------+----------+----+------+--------+---------------------------------------+--------------------------------------------+

----------------------------
; Extra Fitter Information ;
----------------------------
HTML report is unavailable in plain text report export.


Path #5: Hold slack is 0.298 
===============================================================================
+------------------------------------------------------------------+
; Path Summary                                                     ;
+--------------------+---------------------------------------------+
; Property           ; Value                                       ;
+--------------------+---------------------------------------------+
; From Node          ; norm_dispatch:u_norm|norm:u_norm|sum_sq[18] ;
; To Node            ; norm_dispatch:u_norm|norm:u_norm|sum_sq[18] ;
; Launch Clock       ; clk                                         ;
; Latch Clock        ; clk                                         ;
; Data Arrival Time  ; 4.989                                       ;
; Data Required Time ; 4.691                                       ;
; Slack              ; 0.298                                       ;
+--------------------+---------------------------------------------+

+------------------------------------------------------------------------------------+
; Statistics                                                                         ;
+------------------------+-------+-------+-------------+------------+--------+-------+
; Property               ; Value ; Count ; Total Delay ; % of Total ; Min    ; Max   ;
+------------------------+-------+-------+-------------+------------+--------+-------+
; Hold Relationship      ; 0.000 ;       ;             ;            ;        ;       ;
; Clock Skew             ; 0.113 ;       ;             ;            ;        ;       ;
; Data Delay             ; 0.411 ;       ;             ;            ;        ;       ;
; Number of Logic Levels ;       ; 1     ;             ;            ;        ;       ;
; Physical Delays        ;       ;       ;             ;            ;        ;       ;
;  Arrival Path          ;       ;       ;             ;            ;        ;       ;
;   Clock                ;       ;       ;             ;            ;        ;       ;
;    IC                  ;       ; 3     ; 0.001       ; 0          ; 0.000  ; 0.001 ;
;    Cell                ;       ; 3     ; 2.020       ; 44         ; 0.505  ; 0.989 ;
;    Routing Element     ;       ; 27    ; 2.557       ; 56         ; 0.000  ; 0.826 ;
;   Data                 ;       ;       ;             ;            ;        ;       ;
;    IC                  ;       ; 2     ; -0.001      ; 0          ; -0.001 ; 0.000 ;
;    Cell                ;       ; 3     ; 0.170       ; 41         ; 0.000  ; 0.087 ;
;    uTco                ;       ; 1     ; 0.000       ; 0          ; 0.000  ; 0.000 ;
;    Routing Element     ;       ; 4     ; 0.242       ; 59         ; 0.000  ; 0.113 ;
;  Required Path         ;       ;       ;             ;            ;        ;       ;
;   Clock                ;       ;       ;             ;            ;        ;       ;
;    IC                  ;       ; 3     ; 0.000       ; 0          ; 0.000  ; 0.000 ;
;    Cell                ;       ; 3     ; 2.130       ; 44         ; 0.538  ; 0.989 ;
;    Routing Element     ;       ; 27    ; 2.669       ; 56         ; 0.000  ; 0.859 ;
+------------------------+-------+-------+-------------+------------+--------+-------+
Note: Negative delays are omitted from totals when calculating percentages

+-------------------------------------------------------------------------------------------------------------------------------+
; Data Arrival Path                                                                                                             ;
+---------+----------+----+------+--------+---------------------------------------+---------------------------------------------+
; Total   ; Incr     ; RF ; Type ; Fanout ; Location                              ; Element                                     ;
+---------+----------+----+------+--------+---------------------------------------+---------------------------------------------+
; 0.000   ; 0.000    ;    ;      ;        ;                                       ; launch edge time                            ;
; 4.578   ; 4.578    ;    ;      ;        ;                                       ; clock path                                  ;
;   0.000 ;   0.000  ;    ;      ;        ;                                       ; source latency                              ;
;   0.000 ;   0.000  ;    ;      ; 1      ; PIN_N16                               ; clk                                         ;
;   0.000 ;   0.000  ;    ; RE   ; 1      ; IOPAD_X89_Y35_N43                     ; ARRIAV_IO_PAD                               ;
;   0.000 ;   0.000  ;    ; RE   ; 1      ; IO_PAD_OUTPUT_X89_Y35_N43_I1          ; IO_PAD_OUTPUT                               ;
;   0.000 ;   0.000  ;    ; RE   ; 1      ; IO_INPUT_BUFFER_INPUT_X89_Y35_N44_I0  ; IO_INPUT_BUFFER_INPUT                       ;
;   0.000 ;   0.000  ; RR ; IC   ; 1      ; IOIBUF_X89_Y35_N44                    ; clk~input|i                                 ;
;   0.989 ;   0.989  ; RR ; CELL ; 1      ; IOIBUF_X89_Y35_N44                    ; clk~input|o                                 ;
;   0.989 ;   0.000  ;    ; RE   ; 1      ; IOIBUF_X89_Y35_N44                    ; ARRIAV_IO_IBUF                              ;
;   0.989 ;   0.000  ;    ; RE   ; 1      ; IO_INPUT_BUFFER_OUTPUT_X89_Y35_N44_I2 ; IO_INPUT_BUFFER_OUTPUT                      ;
;   0.989 ;   0.000  ;    ; RE   ; 1      ; IO_RE_X89_Y35_N43_I96                 ; IO_RE                                       ;
;   1.084 ;   0.095  ;    ; RE   ; 1      ; IO_RE_X89_Y35_N43_I66                 ; IO_RE                                       ;
;   1.296 ;   0.212  ;    ; RE   ; 1      ; CLKBUF_CLUSTER_RE_X89_Y39_N3_I368     ; CLKBUF_CLUSTER_RE                           ;
;   1.296 ;   0.000  ;    ; RE   ; 1      ; CLKBUF_CLUSTER_RE_X89_Y39_N3_I764     ; CLKBUF_CLUSTER_RE                           ;
;   1.296 ;   0.000  ;    ; RE   ; 1      ; CLKBUF_CLUSTER_RE_X89_Y39_N3_I813     ; CLKBUF_CLUSTER_RE                           ;
;   1.296 ;   0.000  ;    ; RE   ; 1      ; CLKBUF_CLUSTER_RE_X89_Y39_N3_I553     ; CLKBUF_CLUSTER_RE                           ;
;   1.296 ;   0.000  ;    ; RE   ; 1      ; GCLK_CLUSTER_RE_X89_Y39_N6_I10        ; GCLK_CLUSTER_RE                             ;
;   1.296 ;   0.000  ;    ; RE   ; 1      ; CLKBUFBLOCK_INPUT_X89_Y39_N7_I0       ; CLKBUFBLOCK_INPUT                           ;
;   1.296 ;   0.000  ; RR ; IC   ; 1      ; CLKCTRL_G9                            ; clk~inputCLKENA0|inclk                      ;
;   1.801 ;   0.505  ; RR ; CELL ; 7412   ; CLKCTRL_G9                            ; clk~inputCLKENA0|outclk                     ;
;   1.801 ;   0.000  ;    ; RE   ; 1      ; CLKCTRL_G9                            ; ARRIAV_CLKBUF                               ;
;   1.801 ;   0.000  ;    ; RE   ; 1      ; CLKBUFBLOCK_OUTPUT_X89_Y39_N7_I2      ; CLKBUFBLOCK_OUTPUT                          ;
;   1.801 ;   0.000  ;    ; RE   ; 1      ; GCLK_CLUSTER_RE_X89_Y39_N6_I12        ; GCLK_CLUSTER_RE                             ;
;   1.801 ;   0.000  ;    ; RE   ; 1      ; CLKBUF_CLUSTER_RE_X89_Y39_N3_I416     ; CLKBUF_CLUSTER_RE                           ;
;   2.627 ;   0.826  ;    ; RE   ; 8      ; GLOBAL_CLOCK_X0_Y36_N0_I9             ; GLOBAL_CLOCK                                ;
;   2.786 ;   0.159  ;    ; RE   ; 13     ; SPINE_CLOCK_X33_Y37_N0_I7             ; SPINE_CLOCK                                 ;
;   3.244 ;   0.458  ;    ; RE   ; 1      ; SCLK_TO_ROWCLK_BUF_X33_Y48_N0_I43     ; SCLK_TO_ROWCLK_BUF                          ;
;   3.331 ;   0.087  ;    ; RE   ; 1      ; SCLK_TO_ROWCLK_BUF_X33_Y48_N0_I46     ; SCLK_TO_ROWCLK_BUF                          ;
;   3.807 ;   0.476  ;    ; RE   ; 2      ; LAB_CLK_X25_Y48_N0_I5                 ; LAB_CLK                                     ;
;   3.946 ;   0.139  ;    ; RE   ; 1      ; BLK_CLK_BUF_X28_Y48_N0_I5             ; BLK_CLK_BUF                                 ;
;   4.008 ;   0.062  ;    ; RE   ; 1      ; ROWCLKSEL_PREBUF_X28_Y48_N0_I5        ; ROWCLKSEL_PREBUF                            ;
;   4.051 ;   0.043  ;    ; RE   ; 1      ; ROWCLKSEL_X28_Y48_N0_I0               ; ROWCLKSEL                                   ;
;   4.051 ;   0.000  ;    ; RE   ; 1      ; GLOBAL_LOCAL_SEL_X28_Y48_N0_I0        ; GLOBAL_LOCAL_SEL                            ;
;   4.051 ;   0.000  ;    ; RE   ; 14     ; LAB_INPUT_X28_Y48_N0_I0               ; LAB_INPUT                                   ;
;   4.052 ;   0.001  ; RR ; IC   ; 1      ; FF_X28_Y48_N26                        ; u_norm|u_norm|sum_sq[18]|clk                ;
;   4.578 ;   0.526  ; RR ; CELL ; 1      ; FF_X28_Y48_N26                        ; norm_dispatch:u_norm|norm:u_norm|sum_sq[18] ;
; 4.989   ; 0.411    ;    ;      ;        ;                                       ; data path                                   ;
;   4.578 ;   0.000  ;    ; uTco ; 1      ; FF_X28_Y48_N26                        ; norm_dispatch:u_norm|norm:u_norm|sum_sq[18] ;
;   4.578 ;   0.000  ; FF ; CELL ; 3      ; FF_X28_Y48_N26                        ; u_norm|u_norm|sum_sq[18]|q                  ;
;   4.641 ;   0.063  ;    ; RE   ; 2      ; FF_X28_Y48_N26                        ; ARRIAV_FF                                   ;
;   4.707 ;   0.066  ;    ; RE   ; 1      ; LOCAL_LINE_X28_Y48_N0_I8              ; LOCAL_LINE                                  ;
;   4.820 ;   0.113  ;    ; RE   ; 1      ; BLOCK_INPUT_MUX_X28_Y48_N0_I33        ; LEIM_INPUT                                  ;
;   4.819 ;   -0.001 ; FF ; IC   ; 2      ; MLABCELL_X28_Y48_N24                  ; u_norm|u_norm|Add24~121|dataf               ;
;   4.902 ;   0.083  ; FF ; CELL ; 1      ; MLABCELL_X28_Y48_N24                  ; u_norm|u_norm|Add24~121|sumout              ;
;   4.902 ;   0.000  ;    ; RE   ; 2      ; MLABCELL_X28_Y48_N24                  ; ARRIAV_LCELL_COMB                           ;
;   4.902 ;   0.000  ; FF ; IC   ; 1      ; FF_X28_Y48_N26                        ; u_norm|u_norm|sum_sq[18]|d                  ;
;   4.989 ;   0.087  ; FF ; CELL ; 1      ; FF_X28_Y48_N26                        ; norm_dispatch:u_norm|norm:u_norm|sum_sq[18] ;
+---------+----------+----+------+--------+---------------------------------------+---------------------------------------------+

+-------------------------------------------------------------------------------------------------------------------------------+
; Data Required Path                                                                                                            ;
+---------+----------+----+------+--------+---------------------------------------+---------------------------------------------+
; Total   ; Incr     ; RF ; Type ; Fanout ; Location                              ; Element                                     ;
+---------+----------+----+------+--------+---------------------------------------+---------------------------------------------+
; 0.000   ; 0.000    ;    ;      ;        ;                                       ; latch edge time                             ;
; 4.691   ; 4.691    ;    ;      ;        ;                                       ; clock path                                  ;
;   0.000 ;   0.000  ;    ;      ;        ;                                       ; source latency                              ;
;   0.000 ;   0.000  ;    ;      ; 1      ; PIN_N16                               ; clk                                         ;
;   0.000 ;   0.000  ;    ; RE   ; 1      ; IOPAD_X89_Y35_N43                     ; ARRIAV_IO_PAD                               ;
;   0.000 ;   0.000  ;    ; RE   ; 1      ; IO_PAD_OUTPUT_X89_Y35_N43_I1          ; IO_PAD_OUTPUT                               ;
;   0.000 ;   0.000  ;    ; RE   ; 1      ; IO_INPUT_BUFFER_INPUT_X89_Y35_N44_I0  ; IO_INPUT_BUFFER_INPUT                       ;
;   0.000 ;   0.000  ; RR ; IC   ; 1      ; IOIBUF_X89_Y35_N44                    ; clk~input|i                                 ;
;   0.989 ;   0.989  ; RR ; CELL ; 1      ; IOIBUF_X89_Y35_N44                    ; clk~input|o                                 ;
;   0.989 ;   0.000  ;    ; RE   ; 1      ; IOIBUF_X89_Y35_N44                    ; ARRIAV_IO_IBUF                              ;
;   0.989 ;   0.000  ;    ; RE   ; 1      ; IO_INPUT_BUFFER_OUTPUT_X89_Y35_N44_I2 ; IO_INPUT_BUFFER_OUTPUT                      ;
;   0.989 ;   0.000  ;    ; RE   ; 1      ; IO_RE_X89_Y35_N43_I96                 ; IO_RE                                       ;
;   1.089 ;   0.100  ;    ; RE   ; 1      ; IO_RE_X89_Y35_N43_I66                 ; IO_RE                                       ;
;   1.311 ;   0.222  ;    ; RE   ; 1      ; CLKBUF_CLUSTER_RE_X89_Y39_N3_I368     ; CLKBUF_CLUSTER_RE                           ;
;   1.311 ;   0.000  ;    ; RE   ; 1      ; CLKBUF_CLUSTER_RE_X89_Y39_N3_I764     ; CLKBUF_CLUSTER_RE                           ;
;   1.311 ;   0.000  ;    ; RE   ; 1      ; CLKBUF_CLUSTER_RE_X89_Y39_N3_I813     ; CLKBUF_CLUSTER_RE                           ;
;   1.311 ;   0.000  ;    ; RE   ; 1      ; CLKBUF_CLUSTER_RE_X89_Y39_N3_I553     ; CLKBUF_CLUSTER_RE                           ;
;   1.311 ;   0.000  ;    ; RE   ; 1      ; GCLK_CLUSTER_RE_X89_Y39_N6_I10        ; GCLK_CLUSTER_RE                             ;
;   1.311 ;   0.000  ;    ; RE   ; 1      ; CLKBUFBLOCK_INPUT_X89_Y39_N7_I0       ; CLKBUFBLOCK_INPUT                           ;
;   1.311 ;   0.000  ; RR ; IC   ; 1      ; CLKCTRL_G9                            ; clk~inputCLKENA0|inclk                      ;
;   1.849 ;   0.538  ; RR ; CELL ; 7412   ; CLKCTRL_G9                            ; clk~inputCLKENA0|outclk                     ;
;   1.849 ;   0.000  ;    ; RE   ; 1      ; CLKCTRL_G9                            ; ARRIAV_CLKBUF                               ;
;   1.849 ;   0.000  ;    ; RE   ; 1      ; CLKBUFBLOCK_OUTPUT_X89_Y39_N7_I2      ; CLKBUFBLOCK_OUTPUT                          ;
;   1.849 ;   0.000  ;    ; RE   ; 1      ; GCLK_CLUSTER_RE_X89_Y39_N6_I12        ; GCLK_CLUSTER_RE                             ;
;   1.849 ;   0.000  ;    ; RE   ; 1      ; CLKBUF_CLUSTER_RE_X89_Y39_N3_I416     ; CLKBUF_CLUSTER_RE                           ;
;   2.708 ;   0.859  ;    ; RE   ; 8      ; GLOBAL_CLOCK_X0_Y36_N0_I9             ; GLOBAL_CLOCK                                ;
;   2.873 ;   0.165  ;    ; RE   ; 13     ; SPINE_CLOCK_X33_Y37_N0_I7             ; SPINE_CLOCK                                 ;
;   3.349 ;   0.476  ;    ; RE   ; 1      ; SCLK_TO_ROWCLK_BUF_X33_Y48_N0_I43     ; SCLK_TO_ROWCLK_BUF                          ;
;   3.439 ;   0.090  ;    ; RE   ; 1      ; SCLK_TO_ROWCLK_BUF_X33_Y48_N0_I46     ; SCLK_TO_ROWCLK_BUF                          ;
;   3.934 ;   0.495  ;    ; RE   ; 2      ; LAB_CLK_X25_Y48_N0_I5                 ; LAB_CLK                                     ;
;   4.085 ;   0.151  ;    ; RE   ; 1      ; BLK_CLK_BUF_X28_Y48_N0_I5             ; BLK_CLK_BUF                                 ;
;   4.149 ;   0.064  ;    ; RE   ; 1      ; ROWCLKSEL_PREBUF_X28_Y48_N0_I5        ; ROWCLKSEL_PREBUF                            ;
;   4.196 ;   0.047  ;    ; RE   ; 1      ; ROWCLKSEL_X28_Y48_N0_I0               ; ROWCLKSEL                                   ;
;   4.196 ;   0.000  ;    ; RE   ; 1      ; GLOBAL_LOCAL_SEL_X28_Y48_N0_I0        ; GLOBAL_LOCAL_SEL                            ;
;   4.196 ;   0.000  ;    ; RE   ; 14     ; LAB_INPUT_X28_Y48_N0_I0               ; LAB_INPUT                                   ;
;   4.196 ;   0.000  ; RR ; IC   ; 1      ; FF_X28_Y48_N26                        ; u_norm|u_norm|sum_sq[18]|clk                ;
;   4.799 ;   0.603  ; RR ; CELL ; 1      ; FF_X28_Y48_N26                        ; norm_dispatch:u_norm|norm:u_norm|sum_sq[18] ;
;   4.691 ;   -0.108 ;    ;      ;        ;                                       ; clock pessimism removed                     ;
; 4.691   ; 0.000    ;    ;      ;        ;                                       ; clock uncertainty                           ;
; 4.691   ; 0.000    ;    ; uTh  ; 1      ; FF_X28_Y48_N26                        ; norm_dispatch:u_norm|norm:u_norm|sum_sq[18] ;
+---------+----------+----+------+--------+---------------------------------------+---------------------------------------------+

----------------------------
; Extra Fitter Information ;
----------------------------
HTML report is unavailable in plain text report export.


Path #6: Hold slack is 0.299 
===============================================================================
+------------------------------------------------------------------+
; Path Summary                                                     ;
+--------------------+---------------------------------------------+
; Property           ; Value                                       ;
+--------------------+---------------------------------------------+
; From Node          ; norm_dispatch:u_norm|norm:u_norm|sum_sq[24] ;
; To Node            ; norm_dispatch:u_norm|norm:u_norm|sum_sq[24] ;
; Launch Clock       ; clk                                         ;
; Latch Clock        ; clk                                         ;
; Data Arrival Time  ; 5.008                                       ;
; Data Required Time ; 4.709                                       ;
; Slack              ; 0.299                                       ;
+--------------------+---------------------------------------------+

+------------------------------------------------------------------------------------+
; Statistics                                                                         ;
+------------------------+-------+-------+-------------+------------+--------+-------+
; Property               ; Value ; Count ; Total Delay ; % of Total ; Min    ; Max   ;
+------------------------+-------+-------+-------------+------------+--------+-------+
; Hold Relationship      ; 0.000 ;       ;             ;            ;        ;       ;
; Clock Skew             ; 0.113 ;       ;             ;            ;        ;       ;
; Data Delay             ; 0.412 ;       ;             ;            ;        ;       ;
; Number of Logic Levels ;       ; 1     ;             ;            ;        ;       ;
; Physical Delays        ;       ;       ;             ;            ;        ;       ;
;  Arrival Path          ;       ;       ;             ;            ;        ;       ;
;   Clock                ;       ;       ;             ;            ;        ;       ;
;    IC                  ;       ; 3     ; 0.001       ; 0          ; 0.000  ; 0.001 ;
;    Cell                ;       ; 3     ; 2.020       ; 44         ; 0.505  ; 0.989 ;
;    Routing Element     ;       ; 27    ; 2.575       ; 56         ; 0.000  ; 0.826 ;
;   Data                 ;       ;       ;             ;            ;        ;       ;
;    IC                  ;       ; 2     ; -0.001      ; 0          ; -0.001 ; 0.000 ;
;    Cell                ;       ; 3     ; 0.170       ; 41         ; 0.000  ; 0.087 ;
;    uTco                ;       ; 1     ; 0.000       ; 0          ; 0.000  ; 0.000 ;
;    Routing Element     ;       ; 4     ; 0.243       ; 59         ; 0.000  ; 0.115 ;
;  Required Path         ;       ;       ;             ;            ;        ;       ;
;   Clock                ;       ;       ;             ;            ;        ;       ;
;    IC                  ;       ; 3     ; 0.000       ; 0          ; 0.000  ; 0.000 ;
;    Cell                ;       ; 3     ; 2.130       ; 44         ; 0.538  ; 0.989 ;
;    Routing Element     ;       ; 27    ; 2.687       ; 56         ; 0.000  ; 0.859 ;
+------------------------+-------+-------+-------------+------------+--------+-------+
Note: Negative delays are omitted from totals when calculating percentages

+-------------------------------------------------------------------------------------------------------------------------------+
; Data Arrival Path                                                                                                             ;
+---------+----------+----+------+--------+---------------------------------------+---------------------------------------------+
; Total   ; Incr     ; RF ; Type ; Fanout ; Location                              ; Element                                     ;
+---------+----------+----+------+--------+---------------------------------------+---------------------------------------------+
; 0.000   ; 0.000    ;    ;      ;        ;                                       ; launch edge time                            ;
; 4.596   ; 4.596    ;    ;      ;        ;                                       ; clock path                                  ;
;   0.000 ;   0.000  ;    ;      ;        ;                                       ; source latency                              ;
;   0.000 ;   0.000  ;    ;      ; 1      ; PIN_N16                               ; clk                                         ;
;   0.000 ;   0.000  ;    ; RE   ; 1      ; IOPAD_X89_Y35_N43                     ; ARRIAV_IO_PAD                               ;
;   0.000 ;   0.000  ;    ; RE   ; 1      ; IO_PAD_OUTPUT_X89_Y35_N43_I1          ; IO_PAD_OUTPUT                               ;
;   0.000 ;   0.000  ;    ; RE   ; 1      ; IO_INPUT_BUFFER_INPUT_X89_Y35_N44_I0  ; IO_INPUT_BUFFER_INPUT                       ;
;   0.000 ;   0.000  ; RR ; IC   ; 1      ; IOIBUF_X89_Y35_N44                    ; clk~input|i                                 ;
;   0.989 ;   0.989  ; RR ; CELL ; 1      ; IOIBUF_X89_Y35_N44                    ; clk~input|o                                 ;
;   0.989 ;   0.000  ;    ; RE   ; 1      ; IOIBUF_X89_Y35_N44                    ; ARRIAV_IO_IBUF                              ;
;   0.989 ;   0.000  ;    ; RE   ; 1      ; IO_INPUT_BUFFER_OUTPUT_X89_Y35_N44_I2 ; IO_INPUT_BUFFER_OUTPUT                      ;
;   0.989 ;   0.000  ;    ; RE   ; 1      ; IO_RE_X89_Y35_N43_I96                 ; IO_RE                                       ;
;   1.084 ;   0.095  ;    ; RE   ; 1      ; IO_RE_X89_Y35_N43_I66                 ; IO_RE                                       ;
;   1.296 ;   0.212  ;    ; RE   ; 1      ; CLKBUF_CLUSTER_RE_X89_Y39_N3_I368     ; CLKBUF_CLUSTER_RE                           ;
;   1.296 ;   0.000  ;    ; RE   ; 1      ; CLKBUF_CLUSTER_RE_X89_Y39_N3_I764     ; CLKBUF_CLUSTER_RE                           ;
;   1.296 ;   0.000  ;    ; RE   ; 1      ; CLKBUF_CLUSTER_RE_X89_Y39_N3_I813     ; CLKBUF_CLUSTER_RE                           ;
;   1.296 ;   0.000  ;    ; RE   ; 1      ; CLKBUF_CLUSTER_RE_X89_Y39_N3_I553     ; CLKBUF_CLUSTER_RE                           ;
;   1.296 ;   0.000  ;    ; RE   ; 1      ; GCLK_CLUSTER_RE_X89_Y39_N6_I10        ; GCLK_CLUSTER_RE                             ;
;   1.296 ;   0.000  ;    ; RE   ; 1      ; CLKBUFBLOCK_INPUT_X89_Y39_N7_I0       ; CLKBUFBLOCK_INPUT                           ;
;   1.296 ;   0.000  ; RR ; IC   ; 1      ; CLKCTRL_G9                            ; clk~inputCLKENA0|inclk                      ;
;   1.801 ;   0.505  ; RR ; CELL ; 7412   ; CLKCTRL_G9                            ; clk~inputCLKENA0|outclk                     ;
;   1.801 ;   0.000  ;    ; RE   ; 1      ; CLKCTRL_G9                            ; ARRIAV_CLKBUF                               ;
;   1.801 ;   0.000  ;    ; RE   ; 1      ; CLKBUFBLOCK_OUTPUT_X89_Y39_N7_I2      ; CLKBUFBLOCK_OUTPUT                          ;
;   1.801 ;   0.000  ;    ; RE   ; 1      ; GCLK_CLUSTER_RE_X89_Y39_N6_I12        ; GCLK_CLUSTER_RE                             ;
;   1.801 ;   0.000  ;    ; RE   ; 1      ; CLKBUF_CLUSTER_RE_X89_Y39_N3_I416     ; CLKBUF_CLUSTER_RE                           ;
;   2.627 ;   0.826  ;    ; RE   ; 8      ; GLOBAL_CLOCK_X0_Y36_N0_I9             ; GLOBAL_CLOCK                                ;
;   2.787 ;   0.160  ;    ; RE   ; 13     ; SPINE_CLOCK_X33_Y37_N0_I7             ; SPINE_CLOCK                                 ;
;   3.245 ;   0.458  ;    ; RE   ; 1      ; SCLK_TO_ROWCLK_BUF_X33_Y47_N0_I43     ; SCLK_TO_ROWCLK_BUF                          ;
;   3.342 ;   0.097  ;    ; RE   ; 2      ; SCLK_TO_ROWCLK_BUF_X33_Y47_N0_I46     ; SCLK_TO_ROWCLK_BUF                          ;
;   3.825 ;   0.483  ;    ; RE   ; 3      ; LAB_CLK_X25_Y47_N0_I5                 ; LAB_CLK                                     ;
;   3.964 ;   0.139  ;    ; RE   ; 1      ; BLK_CLK_BUF_X28_Y47_N0_I5             ; BLK_CLK_BUF                                 ;
;   4.026 ;   0.062  ;    ; RE   ; 1      ; ROWCLKSEL_PREBUF_X28_Y47_N0_I5        ; ROWCLKSEL_PREBUF                            ;
;   4.069 ;   0.043  ;    ; RE   ; 1      ; ROWCLKSEL_X28_Y47_N0_I0               ; ROWCLKSEL                                   ;
;   4.069 ;   0.000  ;    ; RE   ; 1      ; GLOBAL_LOCAL_SEL_X28_Y47_N0_I0        ; GLOBAL_LOCAL_SEL                            ;
;   4.069 ;   0.000  ;    ; RE   ; 17     ; LAB_INPUT_X28_Y47_N0_I0               ; LAB_INPUT                                   ;
;   4.070 ;   0.001  ; RR ; IC   ; 1      ; FF_X28_Y47_N14                        ; u_norm|u_norm|sum_sq[24]|clk                ;
;   4.596 ;   0.526  ; RR ; CELL ; 1      ; FF_X28_Y47_N14                        ; norm_dispatch:u_norm|norm:u_norm|sum_sq[24] ;
; 5.008   ; 0.412    ;    ;      ;        ;                                       ; data path                                   ;
;   4.596 ;   0.000  ;    ; uTco ; 1      ; FF_X28_Y47_N14                        ; norm_dispatch:u_norm|norm:u_norm|sum_sq[24] ;
;   4.596 ;   0.000  ; FF ; CELL ; 3      ; FF_X28_Y47_N14                        ; u_norm|u_norm|sum_sq[24]|q                  ;
;   4.658 ;   0.062  ;    ; RE   ; 2      ; FF_X28_Y47_N14                        ; ARRIAV_FF                                   ;
;   4.724 ;   0.066  ;    ; RE   ; 2      ; LOCAL_LINE_X28_Y47_N0_I4              ; LOCAL_LINE                                  ;
;   4.839 ;   0.115  ;    ; RE   ; 1      ; BLOCK_INPUT_MUX_X28_Y47_N0_I17        ; LEIM_INPUT                                  ;
;   4.838 ;   -0.001 ; FF ; IC   ; 2      ; MLABCELL_X28_Y47_N12                  ; u_norm|u_norm|Add24~9|dataf                 ;
;   4.921 ;   0.083  ; FF ; CELL ; 1      ; MLABCELL_X28_Y47_N12                  ; u_norm|u_norm|Add24~9|sumout                ;
;   4.921 ;   0.000  ;    ; RE   ; 2      ; MLABCELL_X28_Y47_N12                  ; ARRIAV_LCELL_COMB                           ;
;   4.921 ;   0.000  ; FF ; IC   ; 1      ; FF_X28_Y47_N14                        ; u_norm|u_norm|sum_sq[24]|d                  ;
;   5.008 ;   0.087  ; FF ; CELL ; 1      ; FF_X28_Y47_N14                        ; norm_dispatch:u_norm|norm:u_norm|sum_sq[24] ;
+---------+----------+----+------+--------+---------------------------------------+---------------------------------------------+

+-------------------------------------------------------------------------------------------------------------------------------+
; Data Required Path                                                                                                            ;
+---------+----------+----+------+--------+---------------------------------------+---------------------------------------------+
; Total   ; Incr     ; RF ; Type ; Fanout ; Location                              ; Element                                     ;
+---------+----------+----+------+--------+---------------------------------------+---------------------------------------------+
; 0.000   ; 0.000    ;    ;      ;        ;                                       ; latch edge time                             ;
; 4.709   ; 4.709    ;    ;      ;        ;                                       ; clock path                                  ;
;   0.000 ;   0.000  ;    ;      ;        ;                                       ; source latency                              ;
;   0.000 ;   0.000  ;    ;      ; 1      ; PIN_N16                               ; clk                                         ;
;   0.000 ;   0.000  ;    ; RE   ; 1      ; IOPAD_X89_Y35_N43                     ; ARRIAV_IO_PAD                               ;
;   0.000 ;   0.000  ;    ; RE   ; 1      ; IO_PAD_OUTPUT_X89_Y35_N43_I1          ; IO_PAD_OUTPUT                               ;
;   0.000 ;   0.000  ;    ; RE   ; 1      ; IO_INPUT_BUFFER_INPUT_X89_Y35_N44_I0  ; IO_INPUT_BUFFER_INPUT                       ;
;   0.000 ;   0.000  ; RR ; IC   ; 1      ; IOIBUF_X89_Y35_N44                    ; clk~input|i                                 ;
;   0.989 ;   0.989  ; RR ; CELL ; 1      ; IOIBUF_X89_Y35_N44                    ; clk~input|o                                 ;
;   0.989 ;   0.000  ;    ; RE   ; 1      ; IOIBUF_X89_Y35_N44                    ; ARRIAV_IO_IBUF                              ;
;   0.989 ;   0.000  ;    ; RE   ; 1      ; IO_INPUT_BUFFER_OUTPUT_X89_Y35_N44_I2 ; IO_INPUT_BUFFER_OUTPUT                      ;
;   0.989 ;   0.000  ;    ; RE   ; 1      ; IO_RE_X89_Y35_N43_I96                 ; IO_RE                                       ;
;   1.089 ;   0.100  ;    ; RE   ; 1      ; IO_RE_X89_Y35_N43_I66                 ; IO_RE                                       ;
;   1.311 ;   0.222  ;    ; RE   ; 1      ; CLKBUF_CLUSTER_RE_X89_Y39_N3_I368     ; CLKBUF_CLUSTER_RE                           ;
;   1.311 ;   0.000  ;    ; RE   ; 1      ; CLKBUF_CLUSTER_RE_X89_Y39_N3_I764     ; CLKBUF_CLUSTER_RE                           ;
;   1.311 ;   0.000  ;    ; RE   ; 1      ; CLKBUF_CLUSTER_RE_X89_Y39_N3_I813     ; CLKBUF_CLUSTER_RE                           ;
;   1.311 ;   0.000  ;    ; RE   ; 1      ; CLKBUF_CLUSTER_RE_X89_Y39_N3_I553     ; CLKBUF_CLUSTER_RE                           ;
;   1.311 ;   0.000  ;    ; RE   ; 1      ; GCLK_CLUSTER_RE_X89_Y39_N6_I10        ; GCLK_CLUSTER_RE                             ;
;   1.311 ;   0.000  ;    ; RE   ; 1      ; CLKBUFBLOCK_INPUT_X89_Y39_N7_I0       ; CLKBUFBLOCK_INPUT                           ;
;   1.311 ;   0.000  ; RR ; IC   ; 1      ; CLKCTRL_G9                            ; clk~inputCLKENA0|inclk                      ;
;   1.849 ;   0.538  ; RR ; CELL ; 7412   ; CLKCTRL_G9                            ; clk~inputCLKENA0|outclk                     ;
;   1.849 ;   0.000  ;    ; RE   ; 1      ; CLKCTRL_G9                            ; ARRIAV_CLKBUF                               ;
;   1.849 ;   0.000  ;    ; RE   ; 1      ; CLKBUFBLOCK_OUTPUT_X89_Y39_N7_I2      ; CLKBUFBLOCK_OUTPUT                          ;
;   1.849 ;   0.000  ;    ; RE   ; 1      ; GCLK_CLUSTER_RE_X89_Y39_N6_I12        ; GCLK_CLUSTER_RE                             ;
;   1.849 ;   0.000  ;    ; RE   ; 1      ; CLKBUF_CLUSTER_RE_X89_Y39_N3_I416     ; CLKBUF_CLUSTER_RE                           ;
;   2.708 ;   0.859  ;    ; RE   ; 8      ; GLOBAL_CLOCK_X0_Y36_N0_I9             ; GLOBAL_CLOCK                                ;
;   2.874 ;   0.166  ;    ; RE   ; 13     ; SPINE_CLOCK_X33_Y37_N0_I7             ; SPINE_CLOCK                                 ;
;   3.349 ;   0.475  ;    ; RE   ; 1      ; SCLK_TO_ROWCLK_BUF_X33_Y47_N0_I43     ; SCLK_TO_ROWCLK_BUF                          ;
;   3.450 ;   0.101  ;    ; RE   ; 2      ; SCLK_TO_ROWCLK_BUF_X33_Y47_N0_I46     ; SCLK_TO_ROWCLK_BUF                          ;
;   3.952 ;   0.502  ;    ; RE   ; 3      ; LAB_CLK_X25_Y47_N0_I5                 ; LAB_CLK                                     ;
;   4.103 ;   0.151  ;    ; RE   ; 1      ; BLK_CLK_BUF_X28_Y47_N0_I5             ; BLK_CLK_BUF                                 ;
;   4.167 ;   0.064  ;    ; RE   ; 1      ; ROWCLKSEL_PREBUF_X28_Y47_N0_I5        ; ROWCLKSEL_PREBUF                            ;
;   4.214 ;   0.047  ;    ; RE   ; 1      ; ROWCLKSEL_X28_Y47_N0_I0               ; ROWCLKSEL                                   ;
;   4.214 ;   0.000  ;    ; RE   ; 1      ; GLOBAL_LOCAL_SEL_X28_Y47_N0_I0        ; GLOBAL_LOCAL_SEL                            ;
;   4.214 ;   0.000  ;    ; RE   ; 17     ; LAB_INPUT_X28_Y47_N0_I0               ; LAB_INPUT                                   ;
;   4.214 ;   0.000  ; RR ; IC   ; 1      ; FF_X28_Y47_N14                        ; u_norm|u_norm|sum_sq[24]|clk                ;
;   4.817 ;   0.603  ; RR ; CELL ; 1      ; FF_X28_Y47_N14                        ; norm_dispatch:u_norm|norm:u_norm|sum_sq[24] ;
;   4.709 ;   -0.108 ;    ;      ;        ;                                       ; clock pessimism removed                     ;
; 4.709   ; 0.000    ;    ;      ;        ;                                       ; clock uncertainty                           ;
; 4.709   ; 0.000    ;    ; uTh  ; 1      ; FF_X28_Y47_N14                        ; norm_dispatch:u_norm|norm:u_norm|sum_sq[24] ;
+---------+----------+----+------+--------+---------------------------------------+---------------------------------------------+

----------------------------
; Extra Fitter Information ;
----------------------------
HTML report is unavailable in plain text report export.


Path #7: Hold slack is 0.300 
===============================================================================
+------------------------------------------------------------------+
; Path Summary                                                     ;
+--------------------+---------------------------------------------+
; Property           ; Value                                       ;
+--------------------+---------------------------------------------+
; From Node          ; norm_dispatch:u_norm|norm:u_norm|sum_sq[12] ;
; To Node            ; norm_dispatch:u_norm|norm:u_norm|sum_sq[12] ;
; Launch Clock       ; clk                                         ;
; Latch Clock        ; clk                                         ;
; Data Arrival Time  ; 4.991                                       ;
; Data Required Time ; 4.691                                       ;
; Slack              ; 0.300                                       ;
+--------------------+---------------------------------------------+

+------------------------------------------------------------------------------------+
; Statistics                                                                         ;
+------------------------+-------+-------+-------------+------------+--------+-------+
; Property               ; Value ; Count ; Total Delay ; % of Total ; Min    ; Max   ;
+------------------------+-------+-------+-------------+------------+--------+-------+
; Hold Relationship      ; 0.000 ;       ;             ;            ;        ;       ;
; Clock Skew             ; 0.113 ;       ;             ;            ;        ;       ;
; Data Delay             ; 0.413 ;       ;             ;            ;        ;       ;
; Number of Logic Levels ;       ; 1     ;             ;            ;        ;       ;
; Physical Delays        ;       ;       ;             ;            ;        ;       ;
;  Arrival Path          ;       ;       ;             ;            ;        ;       ;
;   Clock                ;       ;       ;             ;            ;        ;       ;
;    IC                  ;       ; 3     ; 0.001       ; 0          ; 0.000  ; 0.001 ;
;    Cell                ;       ; 3     ; 2.020       ; 44         ; 0.505  ; 0.989 ;
;    Routing Element     ;       ; 27    ; 2.557       ; 56         ; 0.000  ; 0.826 ;
;   Data                 ;       ;       ;             ;            ;        ;       ;
;    IC                  ;       ; 2     ; -0.001      ; 0          ; -0.001 ; 0.000 ;
;    Cell                ;       ; 3     ; 0.170       ; 41         ; 0.000  ; 0.087 ;
;    uTco                ;       ; 1     ; 0.000       ; 0          ; 0.000  ; 0.000 ;
;    Routing Element     ;       ; 4     ; 0.244       ; 59         ; 0.000  ; 0.116 ;
;  Required Path         ;       ;       ;             ;            ;        ;       ;
;   Clock                ;       ;       ;             ;            ;        ;       ;
;    IC                  ;       ; 3     ; 0.000       ; 0          ; 0.000  ; 0.000 ;
;    Cell                ;       ; 3     ; 2.130       ; 44         ; 0.538  ; 0.989 ;
;    Routing Element     ;       ; 27    ; 2.669       ; 56         ; 0.000  ; 0.859 ;
+------------------------+-------+-------+-------------+------------+--------+-------+
Note: Negative delays are omitted from totals when calculating percentages

+-------------------------------------------------------------------------------------------------------------------------------+
; Data Arrival Path                                                                                                             ;
+---------+----------+----+------+--------+---------------------------------------+---------------------------------------------+
; Total   ; Incr     ; RF ; Type ; Fanout ; Location                              ; Element                                     ;
+---------+----------+----+------+--------+---------------------------------------+---------------------------------------------+
; 0.000   ; 0.000    ;    ;      ;        ;                                       ; launch edge time                            ;
; 4.578   ; 4.578    ;    ;      ;        ;                                       ; clock path                                  ;
;   0.000 ;   0.000  ;    ;      ;        ;                                       ; source latency                              ;
;   0.000 ;   0.000  ;    ;      ; 1      ; PIN_N16                               ; clk                                         ;
;   0.000 ;   0.000  ;    ; RE   ; 1      ; IOPAD_X89_Y35_N43                     ; ARRIAV_IO_PAD                               ;
;   0.000 ;   0.000  ;    ; RE   ; 1      ; IO_PAD_OUTPUT_X89_Y35_N43_I1          ; IO_PAD_OUTPUT                               ;
;   0.000 ;   0.000  ;    ; RE   ; 1      ; IO_INPUT_BUFFER_INPUT_X89_Y35_N44_I0  ; IO_INPUT_BUFFER_INPUT                       ;
;   0.000 ;   0.000  ; RR ; IC   ; 1      ; IOIBUF_X89_Y35_N44                    ; clk~input|i                                 ;
;   0.989 ;   0.989  ; RR ; CELL ; 1      ; IOIBUF_X89_Y35_N44                    ; clk~input|o                                 ;
;   0.989 ;   0.000  ;    ; RE   ; 1      ; IOIBUF_X89_Y35_N44                    ; ARRIAV_IO_IBUF                              ;
;   0.989 ;   0.000  ;    ; RE   ; 1      ; IO_INPUT_BUFFER_OUTPUT_X89_Y35_N44_I2 ; IO_INPUT_BUFFER_OUTPUT                      ;
;   0.989 ;   0.000  ;    ; RE   ; 1      ; IO_RE_X89_Y35_N43_I96                 ; IO_RE                                       ;
;   1.084 ;   0.095  ;    ; RE   ; 1      ; IO_RE_X89_Y35_N43_I66                 ; IO_RE                                       ;
;   1.296 ;   0.212  ;    ; RE   ; 1      ; CLKBUF_CLUSTER_RE_X89_Y39_N3_I368     ; CLKBUF_CLUSTER_RE                           ;
;   1.296 ;   0.000  ;    ; RE   ; 1      ; CLKBUF_CLUSTER_RE_X89_Y39_N3_I764     ; CLKBUF_CLUSTER_RE                           ;
;   1.296 ;   0.000  ;    ; RE   ; 1      ; CLKBUF_CLUSTER_RE_X89_Y39_N3_I813     ; CLKBUF_CLUSTER_RE                           ;
;   1.296 ;   0.000  ;    ; RE   ; 1      ; CLKBUF_CLUSTER_RE_X89_Y39_N3_I553     ; CLKBUF_CLUSTER_RE                           ;
;   1.296 ;   0.000  ;    ; RE   ; 1      ; GCLK_CLUSTER_RE_X89_Y39_N6_I10        ; GCLK_CLUSTER_RE                             ;
;   1.296 ;   0.000  ;    ; RE   ; 1      ; CLKBUFBLOCK_INPUT_X89_Y39_N7_I0       ; CLKBUFBLOCK_INPUT                           ;
;   1.296 ;   0.000  ; RR ; IC   ; 1      ; CLKCTRL_G9                            ; clk~inputCLKENA0|inclk                      ;
;   1.801 ;   0.505  ; RR ; CELL ; 7412   ; CLKCTRL_G9                            ; clk~inputCLKENA0|outclk                     ;
;   1.801 ;   0.000  ;    ; RE   ; 1      ; CLKCTRL_G9                            ; ARRIAV_CLKBUF                               ;
;   1.801 ;   0.000  ;    ; RE   ; 1      ; CLKBUFBLOCK_OUTPUT_X89_Y39_N7_I2      ; CLKBUFBLOCK_OUTPUT                          ;
;   1.801 ;   0.000  ;    ; RE   ; 1      ; GCLK_CLUSTER_RE_X89_Y39_N6_I12        ; GCLK_CLUSTER_RE                             ;
;   1.801 ;   0.000  ;    ; RE   ; 1      ; CLKBUF_CLUSTER_RE_X89_Y39_N3_I416     ; CLKBUF_CLUSTER_RE                           ;
;   2.627 ;   0.826  ;    ; RE   ; 8      ; GLOBAL_CLOCK_X0_Y36_N0_I9             ; GLOBAL_CLOCK                                ;
;   2.786 ;   0.159  ;    ; RE   ; 13     ; SPINE_CLOCK_X33_Y37_N0_I7             ; SPINE_CLOCK                                 ;
;   3.244 ;   0.458  ;    ; RE   ; 1      ; SCLK_TO_ROWCLK_BUF_X33_Y48_N0_I43     ; SCLK_TO_ROWCLK_BUF                          ;
;   3.331 ;   0.087  ;    ; RE   ; 1      ; SCLK_TO_ROWCLK_BUF_X33_Y48_N0_I46     ; SCLK_TO_ROWCLK_BUF                          ;
;   3.807 ;   0.476  ;    ; RE   ; 2      ; LAB_CLK_X25_Y48_N0_I5                 ; LAB_CLK                                     ;
;   3.946 ;   0.139  ;    ; RE   ; 1      ; BLK_CLK_BUF_X28_Y48_N0_I5             ; BLK_CLK_BUF                                 ;
;   4.008 ;   0.062  ;    ; RE   ; 1      ; ROWCLKSEL_PREBUF_X28_Y48_N0_I5        ; ROWCLKSEL_PREBUF                            ;
;   4.051 ;   0.043  ;    ; RE   ; 1      ; ROWCLKSEL_X28_Y48_N0_I0               ; ROWCLKSEL                                   ;
;   4.051 ;   0.000  ;    ; RE   ; 1      ; GLOBAL_LOCAL_SEL_X28_Y48_N0_I0        ; GLOBAL_LOCAL_SEL                            ;
;   4.051 ;   0.000  ;    ; RE   ; 14     ; LAB_INPUT_X28_Y48_N0_I0               ; LAB_INPUT                                   ;
;   4.052 ;   0.001  ; RR ; IC   ; 1      ; FF_X28_Y48_N8                         ; u_norm|u_norm|sum_sq[12]|clk                ;
;   4.578 ;   0.526  ; RR ; CELL ; 1      ; FF_X28_Y48_N8                         ; norm_dispatch:u_norm|norm:u_norm|sum_sq[12] ;
; 4.991   ; 0.413    ;    ;      ;        ;                                       ; data path                                   ;
;   4.578 ;   0.000  ;    ; uTco ; 1      ; FF_X28_Y48_N8                         ; norm_dispatch:u_norm|norm:u_norm|sum_sq[12] ;
;   4.578 ;   0.000  ; FF ; CELL ; 3      ; FF_X28_Y48_N8                         ; u_norm|u_norm|sum_sq[12]|q                  ;
;   4.640 ;   0.062  ;    ; RE   ; 2      ; FF_X28_Y48_N8                         ; ARRIAV_FF                                   ;
;   4.706 ;   0.066  ;    ; RE   ; 1      ; LOCAL_LINE_X28_Y48_N0_I2              ; LOCAL_LINE                                  ;
;   4.822 ;   0.116  ;    ; RE   ; 1      ; BLOCK_INPUT_MUX_X28_Y48_N0_I9         ; LEIM_INPUT                                  ;
;   4.821 ;   -0.001 ; FF ; IC   ; 2      ; MLABCELL_X28_Y48_N6                   ; u_norm|u_norm|Add24~101|dataf               ;
;   4.904 ;   0.083  ; FF ; CELL ; 1      ; MLABCELL_X28_Y48_N6                   ; u_norm|u_norm|Add24~101|sumout              ;
;   4.904 ;   0.000  ;    ; RE   ; 2      ; MLABCELL_X28_Y48_N6                   ; ARRIAV_LCELL_COMB                           ;
;   4.904 ;   0.000  ; FF ; IC   ; 1      ; FF_X28_Y48_N8                         ; u_norm|u_norm|sum_sq[12]|d                  ;
;   4.991 ;   0.087  ; FF ; CELL ; 1      ; FF_X28_Y48_N8                         ; norm_dispatch:u_norm|norm:u_norm|sum_sq[12] ;
+---------+----------+----+------+--------+---------------------------------------+---------------------------------------------+

+-------------------------------------------------------------------------------------------------------------------------------+
; Data Required Path                                                                                                            ;
+---------+----------+----+------+--------+---------------------------------------+---------------------------------------------+
; Total   ; Incr     ; RF ; Type ; Fanout ; Location                              ; Element                                     ;
+---------+----------+----+------+--------+---------------------------------------+---------------------------------------------+
; 0.000   ; 0.000    ;    ;      ;        ;                                       ; latch edge time                             ;
; 4.691   ; 4.691    ;    ;      ;        ;                                       ; clock path                                  ;
;   0.000 ;   0.000  ;    ;      ;        ;                                       ; source latency                              ;
;   0.000 ;   0.000  ;    ;      ; 1      ; PIN_N16                               ; clk                                         ;
;   0.000 ;   0.000  ;    ; RE   ; 1      ; IOPAD_X89_Y35_N43                     ; ARRIAV_IO_PAD                               ;
;   0.000 ;   0.000  ;    ; RE   ; 1      ; IO_PAD_OUTPUT_X89_Y35_N43_I1          ; IO_PAD_OUTPUT                               ;
;   0.000 ;   0.000  ;    ; RE   ; 1      ; IO_INPUT_BUFFER_INPUT_X89_Y35_N44_I0  ; IO_INPUT_BUFFER_INPUT                       ;
;   0.000 ;   0.000  ; RR ; IC   ; 1      ; IOIBUF_X89_Y35_N44                    ; clk~input|i                                 ;
;   0.989 ;   0.989  ; RR ; CELL ; 1      ; IOIBUF_X89_Y35_N44                    ; clk~input|o                                 ;
;   0.989 ;   0.000  ;    ; RE   ; 1      ; IOIBUF_X89_Y35_N44                    ; ARRIAV_IO_IBUF                              ;
;   0.989 ;   0.000  ;    ; RE   ; 1      ; IO_INPUT_BUFFER_OUTPUT_X89_Y35_N44_I2 ; IO_INPUT_BUFFER_OUTPUT                      ;
;   0.989 ;   0.000  ;    ; RE   ; 1      ; IO_RE_X89_Y35_N43_I96                 ; IO_RE                                       ;
;   1.089 ;   0.100  ;    ; RE   ; 1      ; IO_RE_X89_Y35_N43_I66                 ; IO_RE                                       ;
;   1.311 ;   0.222  ;    ; RE   ; 1      ; CLKBUF_CLUSTER_RE_X89_Y39_N3_I368     ; CLKBUF_CLUSTER_RE                           ;
;   1.311 ;   0.000  ;    ; RE   ; 1      ; CLKBUF_CLUSTER_RE_X89_Y39_N3_I764     ; CLKBUF_CLUSTER_RE                           ;
;   1.311 ;   0.000  ;    ; RE   ; 1      ; CLKBUF_CLUSTER_RE_X89_Y39_N3_I813     ; CLKBUF_CLUSTER_RE                           ;
;   1.311 ;   0.000  ;    ; RE   ; 1      ; CLKBUF_CLUSTER_RE_X89_Y39_N3_I553     ; CLKBUF_CLUSTER_RE                           ;
;   1.311 ;   0.000  ;    ; RE   ; 1      ; GCLK_CLUSTER_RE_X89_Y39_N6_I10        ; GCLK_CLUSTER_RE                             ;
;   1.311 ;   0.000  ;    ; RE   ; 1      ; CLKBUFBLOCK_INPUT_X89_Y39_N7_I0       ; CLKBUFBLOCK_INPUT                           ;
;   1.311 ;   0.000  ; RR ; IC   ; 1      ; CLKCTRL_G9                            ; clk~inputCLKENA0|inclk                      ;
;   1.849 ;   0.538  ; RR ; CELL ; 7412   ; CLKCTRL_G9                            ; clk~inputCLKENA0|outclk                     ;
;   1.849 ;   0.000  ;    ; RE   ; 1      ; CLKCTRL_G9                            ; ARRIAV_CLKBUF                               ;
;   1.849 ;   0.000  ;    ; RE   ; 1      ; CLKBUFBLOCK_OUTPUT_X89_Y39_N7_I2      ; CLKBUFBLOCK_OUTPUT                          ;
;   1.849 ;   0.000  ;    ; RE   ; 1      ; GCLK_CLUSTER_RE_X89_Y39_N6_I12        ; GCLK_CLUSTER_RE                             ;
;   1.849 ;   0.000  ;    ; RE   ; 1      ; CLKBUF_CLUSTER_RE_X89_Y39_N3_I416     ; CLKBUF_CLUSTER_RE                           ;
;   2.708 ;   0.859  ;    ; RE   ; 8      ; GLOBAL_CLOCK_X0_Y36_N0_I9             ; GLOBAL_CLOCK                                ;
;   2.873 ;   0.165  ;    ; RE   ; 13     ; SPINE_CLOCK_X33_Y37_N0_I7             ; SPINE_CLOCK                                 ;
;   3.349 ;   0.476  ;    ; RE   ; 1      ; SCLK_TO_ROWCLK_BUF_X33_Y48_N0_I43     ; SCLK_TO_ROWCLK_BUF                          ;
;   3.439 ;   0.090  ;    ; RE   ; 1      ; SCLK_TO_ROWCLK_BUF_X33_Y48_N0_I46     ; SCLK_TO_ROWCLK_BUF                          ;
;   3.934 ;   0.495  ;    ; RE   ; 2      ; LAB_CLK_X25_Y48_N0_I5                 ; LAB_CLK                                     ;
;   4.085 ;   0.151  ;    ; RE   ; 1      ; BLK_CLK_BUF_X28_Y48_N0_I5             ; BLK_CLK_BUF                                 ;
;   4.149 ;   0.064  ;    ; RE   ; 1      ; ROWCLKSEL_PREBUF_X28_Y48_N0_I5        ; ROWCLKSEL_PREBUF                            ;
;   4.196 ;   0.047  ;    ; RE   ; 1      ; ROWCLKSEL_X28_Y48_N0_I0               ; ROWCLKSEL                                   ;
;   4.196 ;   0.000  ;    ; RE   ; 1      ; GLOBAL_LOCAL_SEL_X28_Y48_N0_I0        ; GLOBAL_LOCAL_SEL                            ;
;   4.196 ;   0.000  ;    ; RE   ; 14     ; LAB_INPUT_X28_Y48_N0_I0               ; LAB_INPUT                                   ;
;   4.196 ;   0.000  ; RR ; IC   ; 1      ; FF_X28_Y48_N8                         ; u_norm|u_norm|sum_sq[12]|clk                ;
;   4.799 ;   0.603  ; RR ; CELL ; 1      ; FF_X28_Y48_N8                         ; norm_dispatch:u_norm|norm:u_norm|sum_sq[12] ;
;   4.691 ;   -0.108 ;    ;      ;        ;                                       ; clock pessimism removed                     ;
; 4.691   ; 0.000    ;    ;      ;        ;                                       ; clock uncertainty                           ;
; 4.691   ; 0.000    ;    ; uTh  ; 1      ; FF_X28_Y48_N8                         ; norm_dispatch:u_norm|norm:u_norm|sum_sq[12] ;
+---------+----------+----+------+--------+---------------------------------------+---------------------------------------------+

----------------------------
; Extra Fitter Information ;
----------------------------
HTML report is unavailable in plain text report export.


Path #8: Hold slack is 0.301 
===============================================================================
+----------------------------------------------------------------------------+
; Path Summary                                                               ;
+--------------------+-------------------------------------------------------+
; Property           ; Value                                                 ;
+--------------------+-------------------------------------------------------+
; From Node          ; norm_dispatch:u_norm|norm:u_norm|sum_sq[26]~DUPLICATE ;
; To Node            ; norm_dispatch:u_norm|norm:u_norm|sum_sq[26]           ;
; Launch Clock       ; clk                                                   ;
; Latch Clock        ; clk                                                   ;
; Data Arrival Time  ; 5.019                                                 ;
; Data Required Time ; 4.718                                                 ;
; Slack              ; 0.301                                                 ;
+--------------------+-------------------------------------------------------+

+------------------------------------------------------------------------------------+
; Statistics                                                                         ;
+------------------------+-------+-------+-------------+------------+--------+-------+
; Property               ; Value ; Count ; Total Delay ; % of Total ; Min    ; Max   ;
+------------------------+-------+-------+-------------+------------+--------+-------+
; Hold Relationship      ; 0.000 ;       ;             ;            ;        ;       ;
; Clock Skew             ; 0.122 ;       ;             ;            ;        ;       ;
; Data Delay             ; 0.423 ;       ;             ;            ;        ;       ;
; Number of Logic Levels ;       ; 1     ;             ;            ;        ;       ;
; Physical Delays        ;       ;       ;             ;            ;        ;       ;
;  Arrival Path          ;       ;       ;             ;            ;        ;       ;
;   Clock                ;       ;       ;             ;            ;        ;       ;
;    IC                  ;       ; 3     ; 0.001       ; 0          ; 0.000  ; 0.001 ;
;    Cell                ;       ; 3     ; 2.020       ; 44         ; 0.505  ; 0.989 ;
;    Routing Element     ;       ; 27    ; 2.575       ; 56         ; 0.000  ; 0.826 ;
;   Data                 ;       ;       ;             ;            ;        ;       ;
;    IC                  ;       ; 2     ; -0.001      ; 0          ; -0.001 ; 0.000 ;
;    Cell                ;       ; 3     ; 0.171       ; 40         ; 0.000  ; 0.088 ;
;    uTco                ;       ; 1     ; 0.000       ; 0          ; 0.000  ; 0.000 ;
;    Routing Element     ;       ; 4     ; 0.253       ; 60         ; 0.000  ; 0.119 ;
;  Required Path         ;       ;       ;             ;            ;        ;       ;
;   Clock                ;       ;       ;             ;            ;        ;       ;
;    IC                  ;       ; 3     ; 0.000       ; 0          ; 0.000  ; 0.000 ;
;    Cell                ;       ; 3     ; 2.139       ; 44         ; 0.538  ; 0.989 ;
;    Routing Element     ;       ; 27    ; 2.687       ; 56         ; 0.000  ; 0.859 ;
+------------------------+-------+-------+-------------+------------+--------+-------+
Note: Negative delays are omitted from totals when calculating percentages

+-----------------------------------------------------------------------------------------------------------------------------------------+
; Data Arrival Path                                                                                                                       ;
+---------+----------+----+------+--------+---------------------------------------+-------------------------------------------------------+
; Total   ; Incr     ; RF ; Type ; Fanout ; Location                              ; Element                                               ;
+---------+----------+----+------+--------+---------------------------------------+-------------------------------------------------------+
; 0.000   ; 0.000    ;    ;      ;        ;                                       ; launch edge time                                      ;
; 4.596   ; 4.596    ;    ;      ;        ;                                       ; clock path                                            ;
;   0.000 ;   0.000  ;    ;      ;        ;                                       ; source latency                                        ;
;   0.000 ;   0.000  ;    ;      ; 1      ; PIN_N16                               ; clk                                                   ;
;   0.000 ;   0.000  ;    ; RE   ; 1      ; IOPAD_X89_Y35_N43                     ; ARRIAV_IO_PAD                                         ;
;   0.000 ;   0.000  ;    ; RE   ; 1      ; IO_PAD_OUTPUT_X89_Y35_N43_I1          ; IO_PAD_OUTPUT                                         ;
;   0.000 ;   0.000  ;    ; RE   ; 1      ; IO_INPUT_BUFFER_INPUT_X89_Y35_N44_I0  ; IO_INPUT_BUFFER_INPUT                                 ;
;   0.000 ;   0.000  ; RR ; IC   ; 1      ; IOIBUF_X89_Y35_N44                    ; clk~input|i                                           ;
;   0.989 ;   0.989  ; RR ; CELL ; 1      ; IOIBUF_X89_Y35_N44                    ; clk~input|o                                           ;
;   0.989 ;   0.000  ;    ; RE   ; 1      ; IOIBUF_X89_Y35_N44                    ; ARRIAV_IO_IBUF                                        ;
;   0.989 ;   0.000  ;    ; RE   ; 1      ; IO_INPUT_BUFFER_OUTPUT_X89_Y35_N44_I2 ; IO_INPUT_BUFFER_OUTPUT                                ;
;   0.989 ;   0.000  ;    ; RE   ; 1      ; IO_RE_X89_Y35_N43_I96                 ; IO_RE                                                 ;
;   1.084 ;   0.095  ;    ; RE   ; 1      ; IO_RE_X89_Y35_N43_I66                 ; IO_RE                                                 ;
;   1.296 ;   0.212  ;    ; RE   ; 1      ; CLKBUF_CLUSTER_RE_X89_Y39_N3_I368     ; CLKBUF_CLUSTER_RE                                     ;
;   1.296 ;   0.000  ;    ; RE   ; 1      ; CLKBUF_CLUSTER_RE_X89_Y39_N3_I764     ; CLKBUF_CLUSTER_RE                                     ;
;   1.296 ;   0.000  ;    ; RE   ; 1      ; CLKBUF_CLUSTER_RE_X89_Y39_N3_I813     ; CLKBUF_CLUSTER_RE                                     ;
;   1.296 ;   0.000  ;    ; RE   ; 1      ; CLKBUF_CLUSTER_RE_X89_Y39_N3_I553     ; CLKBUF_CLUSTER_RE                                     ;
;   1.296 ;   0.000  ;    ; RE   ; 1      ; GCLK_CLUSTER_RE_X89_Y39_N6_I10        ; GCLK_CLUSTER_RE                                       ;
;   1.296 ;   0.000  ;    ; RE   ; 1      ; CLKBUFBLOCK_INPUT_X89_Y39_N7_I0       ; CLKBUFBLOCK_INPUT                                     ;
;   1.296 ;   0.000  ; RR ; IC   ; 1      ; CLKCTRL_G9                            ; clk~inputCLKENA0|inclk                                ;
;   1.801 ;   0.505  ; RR ; CELL ; 7412   ; CLKCTRL_G9                            ; clk~inputCLKENA0|outclk                               ;
;   1.801 ;   0.000  ;    ; RE   ; 1      ; CLKCTRL_G9                            ; ARRIAV_CLKBUF                                         ;
;   1.801 ;   0.000  ;    ; RE   ; 1      ; CLKBUFBLOCK_OUTPUT_X89_Y39_N7_I2      ; CLKBUFBLOCK_OUTPUT                                    ;
;   1.801 ;   0.000  ;    ; RE   ; 1      ; GCLK_CLUSTER_RE_X89_Y39_N6_I12        ; GCLK_CLUSTER_RE                                       ;
;   1.801 ;   0.000  ;    ; RE   ; 1      ; CLKBUF_CLUSTER_RE_X89_Y39_N3_I416     ; CLKBUF_CLUSTER_RE                                     ;
;   2.627 ;   0.826  ;    ; RE   ; 8      ; GLOBAL_CLOCK_X0_Y36_N0_I9             ; GLOBAL_CLOCK                                          ;
;   2.787 ;   0.160  ;    ; RE   ; 13     ; SPINE_CLOCK_X33_Y37_N0_I7             ; SPINE_CLOCK                                           ;
;   3.245 ;   0.458  ;    ; RE   ; 1      ; SCLK_TO_ROWCLK_BUF_X33_Y47_N0_I43     ; SCLK_TO_ROWCLK_BUF                                    ;
;   3.342 ;   0.097  ;    ; RE   ; 2      ; SCLK_TO_ROWCLK_BUF_X33_Y47_N0_I46     ; SCLK_TO_ROWCLK_BUF                                    ;
;   3.825 ;   0.483  ;    ; RE   ; 3      ; LAB_CLK_X25_Y47_N0_I5                 ; LAB_CLK                                               ;
;   3.964 ;   0.139  ;    ; RE   ; 1      ; BLK_CLK_BUF_X28_Y47_N0_I5             ; BLK_CLK_BUF                                           ;
;   4.026 ;   0.062  ;    ; RE   ; 1      ; ROWCLKSEL_PREBUF_X28_Y47_N0_I5        ; ROWCLKSEL_PREBUF                                      ;
;   4.069 ;   0.043  ;    ; RE   ; 1      ; ROWCLKSEL_X28_Y47_N0_I0               ; ROWCLKSEL                                             ;
;   4.069 ;   0.000  ;    ; RE   ; 1      ; GLOBAL_LOCAL_SEL_X28_Y47_N0_I0        ; GLOBAL_LOCAL_SEL                                      ;
;   4.069 ;   0.000  ;    ; RE   ; 17     ; LAB_INPUT_X28_Y47_N0_I0               ; LAB_INPUT                                             ;
;   4.070 ;   0.001  ; RR ; IC   ; 1      ; FF_X28_Y47_N20                        ; u_norm|u_norm|sum_sq[26]~DUPLICATE|clk                ;
;   4.596 ;   0.526  ; RR ; CELL ; 1      ; FF_X28_Y47_N20                        ; norm_dispatch:u_norm|norm:u_norm|sum_sq[26]~DUPLICATE ;
; 5.019   ; 0.423    ;    ;      ;        ;                                       ; data path                                             ;
;   4.596 ;   0.000  ;    ; uTco ; 1      ; FF_X28_Y47_N20                        ; norm_dispatch:u_norm|norm:u_norm|sum_sq[26]~DUPLICATE ;
;   4.596 ;   0.000  ; FF ; CELL ; 2      ; FF_X28_Y47_N20                        ; u_norm|u_norm|sum_sq[26]~DUPLICATE|q                  ;
;   4.658 ;   0.062  ;    ; RE   ; 1      ; FF_X28_Y47_N20                        ; ARRIAV_FF                                             ;
;   4.730 ;   0.072  ;    ; RE   ; 2      ; LOCAL_LINE_X28_Y47_N0_I6              ; LOCAL_LINE                                            ;
;   4.849 ;   0.119  ;    ; RE   ; 1      ; BLOCK_INPUT_MUX_X28_Y47_N0_I25        ; LEIM_INPUT                                            ;
;   4.848 ;   -0.001 ; FF ; IC   ; 2      ; MLABCELL_X28_Y47_N18                  ; u_norm|u_norm|Add24~21|dataf                          ;
;   4.931 ;   0.083  ; FF ; CELL ; 2      ; MLABCELL_X28_Y47_N18                  ; u_norm|u_norm|Add24~21|sumout                         ;
;   4.931 ;   0.000  ;    ; RE   ; 3      ; MLABCELL_X28_Y47_N18                  ; ARRIAV_LCELL_COMB                                     ;
;   4.931 ;   0.000  ; FF ; IC   ; 1      ; FF_X28_Y47_N19                        ; u_norm|u_norm|sum_sq[26]|d                            ;
;   5.019 ;   0.088  ; FF ; CELL ; 1      ; FF_X28_Y47_N19                        ; norm_dispatch:u_norm|norm:u_norm|sum_sq[26]           ;
+---------+----------+----+------+--------+---------------------------------------+-------------------------------------------------------+

+-------------------------------------------------------------------------------------------------------------------------------+
; Data Required Path                                                                                                            ;
+---------+----------+----+------+--------+---------------------------------------+---------------------------------------------+
; Total   ; Incr     ; RF ; Type ; Fanout ; Location                              ; Element                                     ;
+---------+----------+----+------+--------+---------------------------------------+---------------------------------------------+
; 0.000   ; 0.000    ;    ;      ;        ;                                       ; latch edge time                             ;
; 4.718   ; 4.718    ;    ;      ;        ;                                       ; clock path                                  ;
;   0.000 ;   0.000  ;    ;      ;        ;                                       ; source latency                              ;
;   0.000 ;   0.000  ;    ;      ; 1      ; PIN_N16                               ; clk                                         ;
;   0.000 ;   0.000  ;    ; RE   ; 1      ; IOPAD_X89_Y35_N43                     ; ARRIAV_IO_PAD                               ;
;   0.000 ;   0.000  ;    ; RE   ; 1      ; IO_PAD_OUTPUT_X89_Y35_N43_I1          ; IO_PAD_OUTPUT                               ;
;   0.000 ;   0.000  ;    ; RE   ; 1      ; IO_INPUT_BUFFER_INPUT_X89_Y35_N44_I0  ; IO_INPUT_BUFFER_INPUT                       ;
;   0.000 ;   0.000  ; RR ; IC   ; 1      ; IOIBUF_X89_Y35_N44                    ; clk~input|i                                 ;
;   0.989 ;   0.989  ; RR ; CELL ; 1      ; IOIBUF_X89_Y35_N44                    ; clk~input|o                                 ;
;   0.989 ;   0.000  ;    ; RE   ; 1      ; IOIBUF_X89_Y35_N44                    ; ARRIAV_IO_IBUF                              ;
;   0.989 ;   0.000  ;    ; RE   ; 1      ; IO_INPUT_BUFFER_OUTPUT_X89_Y35_N44_I2 ; IO_INPUT_BUFFER_OUTPUT                      ;
;   0.989 ;   0.000  ;    ; RE   ; 1      ; IO_RE_X89_Y35_N43_I96                 ; IO_RE                                       ;
;   1.089 ;   0.100  ;    ; RE   ; 1      ; IO_RE_X89_Y35_N43_I66                 ; IO_RE                                       ;
;   1.311 ;   0.222  ;    ; RE   ; 1      ; CLKBUF_CLUSTER_RE_X89_Y39_N3_I368     ; CLKBUF_CLUSTER_RE                           ;
;   1.311 ;   0.000  ;    ; RE   ; 1      ; CLKBUF_CLUSTER_RE_X89_Y39_N3_I764     ; CLKBUF_CLUSTER_RE                           ;
;   1.311 ;   0.000  ;    ; RE   ; 1      ; CLKBUF_CLUSTER_RE_X89_Y39_N3_I813     ; CLKBUF_CLUSTER_RE                           ;
;   1.311 ;   0.000  ;    ; RE   ; 1      ; CLKBUF_CLUSTER_RE_X89_Y39_N3_I553     ; CLKBUF_CLUSTER_RE                           ;
;   1.311 ;   0.000  ;    ; RE   ; 1      ; GCLK_CLUSTER_RE_X89_Y39_N6_I10        ; GCLK_CLUSTER_RE                             ;
;   1.311 ;   0.000  ;    ; RE   ; 1      ; CLKBUFBLOCK_INPUT_X89_Y39_N7_I0       ; CLKBUFBLOCK_INPUT                           ;
;   1.311 ;   0.000  ; RR ; IC   ; 1      ; CLKCTRL_G9                            ; clk~inputCLKENA0|inclk                      ;
;   1.849 ;   0.538  ; RR ; CELL ; 7412   ; CLKCTRL_G9                            ; clk~inputCLKENA0|outclk                     ;
;   1.849 ;   0.000  ;    ; RE   ; 1      ; CLKCTRL_G9                            ; ARRIAV_CLKBUF                               ;
;   1.849 ;   0.000  ;    ; RE   ; 1      ; CLKBUFBLOCK_OUTPUT_X89_Y39_N7_I2      ; CLKBUFBLOCK_OUTPUT                          ;
;   1.849 ;   0.000  ;    ; RE   ; 1      ; GCLK_CLUSTER_RE_X89_Y39_N6_I12        ; GCLK_CLUSTER_RE                             ;
;   1.849 ;   0.000  ;    ; RE   ; 1      ; CLKBUF_CLUSTER_RE_X89_Y39_N3_I416     ; CLKBUF_CLUSTER_RE                           ;
;   2.708 ;   0.859  ;    ; RE   ; 8      ; GLOBAL_CLOCK_X0_Y36_N0_I9             ; GLOBAL_CLOCK                                ;
;   2.874 ;   0.166  ;    ; RE   ; 13     ; SPINE_CLOCK_X33_Y37_N0_I7             ; SPINE_CLOCK                                 ;
;   3.349 ;   0.475  ;    ; RE   ; 1      ; SCLK_TO_ROWCLK_BUF_X33_Y47_N0_I43     ; SCLK_TO_ROWCLK_BUF                          ;
;   3.450 ;   0.101  ;    ; RE   ; 2      ; SCLK_TO_ROWCLK_BUF_X33_Y47_N0_I46     ; SCLK_TO_ROWCLK_BUF                          ;
;   3.952 ;   0.502  ;    ; RE   ; 3      ; LAB_CLK_X25_Y47_N0_I5                 ; LAB_CLK                                     ;
;   4.103 ;   0.151  ;    ; RE   ; 1      ; BLK_CLK_BUF_X28_Y47_N0_I5             ; BLK_CLK_BUF                                 ;
;   4.167 ;   0.064  ;    ; RE   ; 1      ; ROWCLKSEL_PREBUF_X28_Y47_N0_I5        ; ROWCLKSEL_PREBUF                            ;
;   4.214 ;   0.047  ;    ; RE   ; 1      ; ROWCLKSEL_X28_Y47_N0_I0               ; ROWCLKSEL                                   ;
;   4.214 ;   0.000  ;    ; RE   ; 1      ; GLOBAL_LOCAL_SEL_X28_Y47_N0_I0        ; GLOBAL_LOCAL_SEL                            ;
;   4.214 ;   0.000  ;    ; RE   ; 17     ; LAB_INPUT_X28_Y47_N0_I0               ; LAB_INPUT                                   ;
;   4.214 ;   0.000  ; RR ; IC   ; 1      ; FF_X28_Y47_N19                        ; u_norm|u_norm|sum_sq[26]|clk                ;
;   4.826 ;   0.612  ; RR ; CELL ; 1      ; FF_X28_Y47_N19                        ; norm_dispatch:u_norm|norm:u_norm|sum_sq[26] ;
;   4.718 ;   -0.108 ;    ;      ;        ;                                       ; clock pessimism removed                     ;
; 4.718   ; 0.000    ;    ;      ;        ;                                       ; clock uncertainty                           ;
; 4.718   ; 0.000    ;    ; uTh  ; 1      ; FF_X28_Y47_N19                        ; norm_dispatch:u_norm|norm:u_norm|sum_sq[26] ;
+---------+----------+----+------+--------+---------------------------------------+---------------------------------------------+

----------------------------
; Extra Fitter Information ;
----------------------------
HTML report is unavailable in plain text report export.


Path #9: Hold slack is 0.303 
===============================================================================
+------------------------------------------------------------------+
; Path Summary                                                     ;
+--------------------+---------------------------------------------+
; Property           ; Value                                       ;
+--------------------+---------------------------------------------+
; From Node          ; norm_dispatch:u_norm|norm:u_norm|sum_sq[16] ;
; To Node            ; norm_dispatch:u_norm|norm:u_norm|sum_sq[16] ;
; Launch Clock       ; clk                                         ;
; Latch Clock        ; clk                                         ;
; Data Arrival Time  ; 4.994                                       ;
; Data Required Time ; 4.691                                       ;
; Slack              ; 0.303                                       ;
+--------------------+---------------------------------------------+

+-----------------------------------------------------------------------------------+
; Statistics                                                                        ;
+------------------------+-------+-------+-------------+------------+-------+-------+
; Property               ; Value ; Count ; Total Delay ; % of Total ; Min   ; Max   ;
+------------------------+-------+-------+-------------+------------+-------+-------+
; Hold Relationship      ; 0.000 ;       ;             ;            ;       ;       ;
; Clock Skew             ; 0.113 ;       ;             ;            ;       ;       ;
; Data Delay             ; 0.416 ;       ;             ;            ;       ;       ;
; Number of Logic Levels ;       ; 1     ;             ;            ;       ;       ;
; Physical Delays        ;       ;       ;             ;            ;       ;       ;
;  Arrival Path          ;       ;       ;             ;            ;       ;       ;
;   Clock                ;       ;       ;             ;            ;       ;       ;
;    IC                  ;       ; 3     ; 0.001       ; 0          ; 0.000 ; 0.001 ;
;    Cell                ;       ; 3     ; 2.020       ; 44         ; 0.505 ; 0.989 ;
;    Routing Element     ;       ; 27    ; 2.557       ; 56         ; 0.000 ; 0.826 ;
;   Data                 ;       ;       ;             ;            ;       ;       ;
;    IC                  ;       ; 2     ; 0.000       ; 0          ; 0.000 ; 0.000 ;
;    Cell                ;       ; 3     ; 0.170       ; 41         ; 0.000 ; 0.087 ;
;    uTco                ;       ; 1     ; 0.000       ; 0          ; 0.000 ; 0.000 ;
;    Routing Element     ;       ; 4     ; 0.246       ; 59         ; 0.000 ; 0.115 ;
;  Required Path         ;       ;       ;             ;            ;       ;       ;
;   Clock                ;       ;       ;             ;            ;       ;       ;
;    IC                  ;       ; 3     ; 0.000       ; 0          ; 0.000 ; 0.000 ;
;    Cell                ;       ; 3     ; 2.130       ; 44         ; 0.538 ; 0.989 ;
;    Routing Element     ;       ; 27    ; 2.669       ; 56         ; 0.000 ; 0.859 ;
+------------------------+-------+-------+-------------+------------+-------+-------+
Note: Negative delays are omitted from totals when calculating percentages

+------------------------------------------------------------------------------------------------------------------------------+
; Data Arrival Path                                                                                                            ;
+---------+---------+----+------+--------+---------------------------------------+---------------------------------------------+
; Total   ; Incr    ; RF ; Type ; Fanout ; Location                              ; Element                                     ;
+---------+---------+----+------+--------+---------------------------------------+---------------------------------------------+
; 0.000   ; 0.000   ;    ;      ;        ;                                       ; launch edge time                            ;
; 4.578   ; 4.578   ;    ;      ;        ;                                       ; clock path                                  ;
;   0.000 ;   0.000 ;    ;      ;        ;                                       ; source latency                              ;
;   0.000 ;   0.000 ;    ;      ; 1      ; PIN_N16                               ; clk                                         ;
;   0.000 ;   0.000 ;    ; RE   ; 1      ; IOPAD_X89_Y35_N43                     ; ARRIAV_IO_PAD                               ;
;   0.000 ;   0.000 ;    ; RE   ; 1      ; IO_PAD_OUTPUT_X89_Y35_N43_I1          ; IO_PAD_OUTPUT                               ;
;   0.000 ;   0.000 ;    ; RE   ; 1      ; IO_INPUT_BUFFER_INPUT_X89_Y35_N44_I0  ; IO_INPUT_BUFFER_INPUT                       ;
;   0.000 ;   0.000 ; RR ; IC   ; 1      ; IOIBUF_X89_Y35_N44                    ; clk~input|i                                 ;
;   0.989 ;   0.989 ; RR ; CELL ; 1      ; IOIBUF_X89_Y35_N44                    ; clk~input|o                                 ;
;   0.989 ;   0.000 ;    ; RE   ; 1      ; IOIBUF_X89_Y35_N44                    ; ARRIAV_IO_IBUF                              ;
;   0.989 ;   0.000 ;    ; RE   ; 1      ; IO_INPUT_BUFFER_OUTPUT_X89_Y35_N44_I2 ; IO_INPUT_BUFFER_OUTPUT                      ;
;   0.989 ;   0.000 ;    ; RE   ; 1      ; IO_RE_X89_Y35_N43_I96                 ; IO_RE                                       ;
;   1.084 ;   0.095 ;    ; RE   ; 1      ; IO_RE_X89_Y35_N43_I66                 ; IO_RE                                       ;
;   1.296 ;   0.212 ;    ; RE   ; 1      ; CLKBUF_CLUSTER_RE_X89_Y39_N3_I368     ; CLKBUF_CLUSTER_RE                           ;
;   1.296 ;   0.000 ;    ; RE   ; 1      ; CLKBUF_CLUSTER_RE_X89_Y39_N3_I764     ; CLKBUF_CLUSTER_RE                           ;
;   1.296 ;   0.000 ;    ; RE   ; 1      ; CLKBUF_CLUSTER_RE_X89_Y39_N3_I813     ; CLKBUF_CLUSTER_RE                           ;
;   1.296 ;   0.000 ;    ; RE   ; 1      ; CLKBUF_CLUSTER_RE_X89_Y39_N3_I553     ; CLKBUF_CLUSTER_RE                           ;
;   1.296 ;   0.000 ;    ; RE   ; 1      ; GCLK_CLUSTER_RE_X89_Y39_N6_I10        ; GCLK_CLUSTER_RE                             ;
;   1.296 ;   0.000 ;    ; RE   ; 1      ; CLKBUFBLOCK_INPUT_X89_Y39_N7_I0       ; CLKBUFBLOCK_INPUT                           ;
;   1.296 ;   0.000 ; RR ; IC   ; 1      ; CLKCTRL_G9                            ; clk~inputCLKENA0|inclk                      ;
;   1.801 ;   0.505 ; RR ; CELL ; 7412   ; CLKCTRL_G9                            ; clk~inputCLKENA0|outclk                     ;
;   1.801 ;   0.000 ;    ; RE   ; 1      ; CLKCTRL_G9                            ; ARRIAV_CLKBUF                               ;
;   1.801 ;   0.000 ;    ; RE   ; 1      ; CLKBUFBLOCK_OUTPUT_X89_Y39_N7_I2      ; CLKBUFBLOCK_OUTPUT                          ;
;   1.801 ;   0.000 ;    ; RE   ; 1      ; GCLK_CLUSTER_RE_X89_Y39_N6_I12        ; GCLK_CLUSTER_RE                             ;
;   1.801 ;   0.000 ;    ; RE   ; 1      ; CLKBUF_CLUSTER_RE_X89_Y39_N3_I416     ; CLKBUF_CLUSTER_RE                           ;
;   2.627 ;   0.826 ;    ; RE   ; 8      ; GLOBAL_CLOCK_X0_Y36_N0_I9             ; GLOBAL_CLOCK                                ;
;   2.786 ;   0.159 ;    ; RE   ; 13     ; SPINE_CLOCK_X33_Y37_N0_I7             ; SPINE_CLOCK                                 ;
;   3.244 ;   0.458 ;    ; RE   ; 1      ; SCLK_TO_ROWCLK_BUF_X33_Y48_N0_I43     ; SCLK_TO_ROWCLK_BUF                          ;
;   3.331 ;   0.087 ;    ; RE   ; 1      ; SCLK_TO_ROWCLK_BUF_X33_Y48_N0_I46     ; SCLK_TO_ROWCLK_BUF                          ;
;   3.807 ;   0.476 ;    ; RE   ; 2      ; LAB_CLK_X25_Y48_N0_I5                 ; LAB_CLK                                     ;
;   3.946 ;   0.139 ;    ; RE   ; 1      ; BLK_CLK_BUF_X28_Y48_N0_I5             ; BLK_CLK_BUF                                 ;
;   4.008 ;   0.062 ;    ; RE   ; 1      ; ROWCLKSEL_PREBUF_X28_Y48_N0_I5        ; ROWCLKSEL_PREBUF                            ;
;   4.051 ;   0.043 ;    ; RE   ; 1      ; ROWCLKSEL_X28_Y48_N0_I0               ; ROWCLKSEL                                   ;
;   4.051 ;   0.000 ;    ; RE   ; 1      ; GLOBAL_LOCAL_SEL_X28_Y48_N0_I0        ; GLOBAL_LOCAL_SEL                            ;
;   4.051 ;   0.000 ;    ; RE   ; 14     ; LAB_INPUT_X28_Y48_N0_I0               ; LAB_INPUT                                   ;
;   4.052 ;   0.001 ; RR ; IC   ; 1      ; FF_X28_Y48_N20                        ; u_norm|u_norm|sum_sq[16]|clk                ;
;   4.578 ;   0.526 ; RR ; CELL ; 1      ; FF_X28_Y48_N20                        ; norm_dispatch:u_norm|norm:u_norm|sum_sq[16] ;
; 4.994   ; 0.416   ;    ;      ;        ;                                       ; data path                                   ;
;   4.578 ;   0.000 ;    ; uTco ; 1      ; FF_X28_Y48_N20                        ; norm_dispatch:u_norm|norm:u_norm|sum_sq[16] ;
;   4.578 ;   0.000 ; FF ; CELL ; 3      ; FF_X28_Y48_N20                        ; u_norm|u_norm|sum_sq[16]|q                  ;
;   4.641 ;   0.063 ;    ; RE   ; 2      ; FF_X28_Y48_N20                        ; ARRIAV_FF                                   ;
;   4.709 ;   0.068 ;    ; RE   ; 1      ; LOCAL_LINE_X28_Y48_N0_I6              ; LOCAL_LINE                                  ;
;   4.824 ;   0.115 ;    ; RE   ; 1      ; BLOCK_INPUT_MUX_X28_Y48_N0_I25        ; LEIM_INPUT                                  ;
;   4.824 ;   0.000 ; FF ; IC   ; 2      ; MLABCELL_X28_Y48_N18                  ; u_norm|u_norm|Add24~113|dataf               ;
;   4.907 ;   0.083 ; FF ; CELL ; 1      ; MLABCELL_X28_Y48_N18                  ; u_norm|u_norm|Add24~113|sumout              ;
;   4.907 ;   0.000 ;    ; RE   ; 2      ; MLABCELL_X28_Y48_N18                  ; ARRIAV_LCELL_COMB                           ;
;   4.907 ;   0.000 ; FF ; IC   ; 1      ; FF_X28_Y48_N20                        ; u_norm|u_norm|sum_sq[16]|d                  ;
;   4.994 ;   0.087 ; FF ; CELL ; 1      ; FF_X28_Y48_N20                        ; norm_dispatch:u_norm|norm:u_norm|sum_sq[16] ;
+---------+---------+----+------+--------+---------------------------------------+---------------------------------------------+

+-------------------------------------------------------------------------------------------------------------------------------+
; Data Required Path                                                                                                            ;
+---------+----------+----+------+--------+---------------------------------------+---------------------------------------------+
; Total   ; Incr     ; RF ; Type ; Fanout ; Location                              ; Element                                     ;
+---------+----------+----+------+--------+---------------------------------------+---------------------------------------------+
; 0.000   ; 0.000    ;    ;      ;        ;                                       ; latch edge time                             ;
; 4.691   ; 4.691    ;    ;      ;        ;                                       ; clock path                                  ;
;   0.000 ;   0.000  ;    ;      ;        ;                                       ; source latency                              ;
;   0.000 ;   0.000  ;    ;      ; 1      ; PIN_N16                               ; clk                                         ;
;   0.000 ;   0.000  ;    ; RE   ; 1      ; IOPAD_X89_Y35_N43                     ; ARRIAV_IO_PAD                               ;
;   0.000 ;   0.000  ;    ; RE   ; 1      ; IO_PAD_OUTPUT_X89_Y35_N43_I1          ; IO_PAD_OUTPUT                               ;
;   0.000 ;   0.000  ;    ; RE   ; 1      ; IO_INPUT_BUFFER_INPUT_X89_Y35_N44_I0  ; IO_INPUT_BUFFER_INPUT                       ;
;   0.000 ;   0.000  ; RR ; IC   ; 1      ; IOIBUF_X89_Y35_N44                    ; clk~input|i                                 ;
;   0.989 ;   0.989  ; RR ; CELL ; 1      ; IOIBUF_X89_Y35_N44                    ; clk~input|o                                 ;
;   0.989 ;   0.000  ;    ; RE   ; 1      ; IOIBUF_X89_Y35_N44                    ; ARRIAV_IO_IBUF                              ;
;   0.989 ;   0.000  ;    ; RE   ; 1      ; IO_INPUT_BUFFER_OUTPUT_X89_Y35_N44_I2 ; IO_INPUT_BUFFER_OUTPUT                      ;
;   0.989 ;   0.000  ;    ; RE   ; 1      ; IO_RE_X89_Y35_N43_I96                 ; IO_RE                                       ;
;   1.089 ;   0.100  ;    ; RE   ; 1      ; IO_RE_X89_Y35_N43_I66                 ; IO_RE                                       ;
;   1.311 ;   0.222  ;    ; RE   ; 1      ; CLKBUF_CLUSTER_RE_X89_Y39_N3_I368     ; CLKBUF_CLUSTER_RE                           ;
;   1.311 ;   0.000  ;    ; RE   ; 1      ; CLKBUF_CLUSTER_RE_X89_Y39_N3_I764     ; CLKBUF_CLUSTER_RE                           ;
;   1.311 ;   0.000  ;    ; RE   ; 1      ; CLKBUF_CLUSTER_RE_X89_Y39_N3_I813     ; CLKBUF_CLUSTER_RE                           ;
;   1.311 ;   0.000  ;    ; RE   ; 1      ; CLKBUF_CLUSTER_RE_X89_Y39_N3_I553     ; CLKBUF_CLUSTER_RE                           ;
;   1.311 ;   0.000  ;    ; RE   ; 1      ; GCLK_CLUSTER_RE_X89_Y39_N6_I10        ; GCLK_CLUSTER_RE                             ;
;   1.311 ;   0.000  ;    ; RE   ; 1      ; CLKBUFBLOCK_INPUT_X89_Y39_N7_I0       ; CLKBUFBLOCK_INPUT                           ;
;   1.311 ;   0.000  ; RR ; IC   ; 1      ; CLKCTRL_G9                            ; clk~inputCLKENA0|inclk                      ;
;   1.849 ;   0.538  ; RR ; CELL ; 7412   ; CLKCTRL_G9                            ; clk~inputCLKENA0|outclk                     ;
;   1.849 ;   0.000  ;    ; RE   ; 1      ; CLKCTRL_G9                            ; ARRIAV_CLKBUF                               ;
;   1.849 ;   0.000  ;    ; RE   ; 1      ; CLKBUFBLOCK_OUTPUT_X89_Y39_N7_I2      ; CLKBUFBLOCK_OUTPUT                          ;
;   1.849 ;   0.000  ;    ; RE   ; 1      ; GCLK_CLUSTER_RE_X89_Y39_N6_I12        ; GCLK_CLUSTER_RE                             ;
;   1.849 ;   0.000  ;    ; RE   ; 1      ; CLKBUF_CLUSTER_RE_X89_Y39_N3_I416     ; CLKBUF_CLUSTER_RE                           ;
;   2.708 ;   0.859  ;    ; RE   ; 8      ; GLOBAL_CLOCK_X0_Y36_N0_I9             ; GLOBAL_CLOCK                                ;
;   2.873 ;   0.165  ;    ; RE   ; 13     ; SPINE_CLOCK_X33_Y37_N0_I7             ; SPINE_CLOCK                                 ;
;   3.349 ;   0.476  ;    ; RE   ; 1      ; SCLK_TO_ROWCLK_BUF_X33_Y48_N0_I43     ; SCLK_TO_ROWCLK_BUF                          ;
;   3.439 ;   0.090  ;    ; RE   ; 1      ; SCLK_TO_ROWCLK_BUF_X33_Y48_N0_I46     ; SCLK_TO_ROWCLK_BUF                          ;
;   3.934 ;   0.495  ;    ; RE   ; 2      ; LAB_CLK_X25_Y48_N0_I5                 ; LAB_CLK                                     ;
;   4.085 ;   0.151  ;    ; RE   ; 1      ; BLK_CLK_BUF_X28_Y48_N0_I5             ; BLK_CLK_BUF                                 ;
;   4.149 ;   0.064  ;    ; RE   ; 1      ; ROWCLKSEL_PREBUF_X28_Y48_N0_I5        ; ROWCLKSEL_PREBUF                            ;
;   4.196 ;   0.047  ;    ; RE   ; 1      ; ROWCLKSEL_X28_Y48_N0_I0               ; ROWCLKSEL                                   ;
;   4.196 ;   0.000  ;    ; RE   ; 1      ; GLOBAL_LOCAL_SEL_X28_Y48_N0_I0        ; GLOBAL_LOCAL_SEL                            ;
;   4.196 ;   0.000  ;    ; RE   ; 14     ; LAB_INPUT_X28_Y48_N0_I0               ; LAB_INPUT                                   ;
;   4.196 ;   0.000  ; RR ; IC   ; 1      ; FF_X28_Y48_N20                        ; u_norm|u_norm|sum_sq[16]|clk                ;
;   4.799 ;   0.603  ; RR ; CELL ; 1      ; FF_X28_Y48_N20                        ; norm_dispatch:u_norm|norm:u_norm|sum_sq[16] ;
;   4.691 ;   -0.108 ;    ;      ;        ;                                       ; clock pessimism removed                     ;
; 4.691   ; 0.000    ;    ;      ;        ;                                       ; clock uncertainty                           ;
; 4.691   ; 0.000    ;    ; uTh  ; 1      ; FF_X28_Y48_N20                        ; norm_dispatch:u_norm|norm:u_norm|sum_sq[16] ;
+---------+----------+----+------+--------+---------------------------------------+---------------------------------------------+

----------------------------
; Extra Fitter Information ;
----------------------------
HTML report is unavailable in plain text report export.


Path #10: Hold slack is 0.303 
===============================================================================
+---------------------------------------------------------------------------+
; Path Summary                                                              ;
+--------------------+------------------------------------------------------+
; Property           ; Value                                                ;
+--------------------+------------------------------------------------------+
; From Node          ; norm_dispatch:u_norm|norm:u_norm|sum_sq[6]           ;
; To Node            ; norm_dispatch:u_norm|norm:u_norm|sum_sq[6]~DUPLICATE ;
; Launch Clock       ; clk                                                  ;
; Latch Clock        ; clk                                                  ;
; Data Arrival Time  ; 5.003                                                ;
; Data Required Time ; 4.700                                                ;
; Slack              ; 0.303                                                ;
+--------------------+------------------------------------------------------+

+------------------------------------------------------------------------------------+
; Statistics                                                                         ;
+------------------------+-------+-------+-------------+------------+--------+-------+
; Property               ; Value ; Count ; Total Delay ; % of Total ; Min    ; Max   ;
+------------------------+-------+-------+-------------+------------+--------+-------+
; Hold Relationship      ; 0.000 ;       ;             ;            ;        ;       ;
; Clock Skew             ; 0.123 ;       ;             ;            ;        ;       ;
; Data Delay             ; 0.426 ;       ;             ;            ;        ;       ;
; Number of Logic Levels ;       ; 1     ;             ;            ;        ;       ;
; Physical Delays        ;       ;       ;             ;            ;        ;       ;
;  Arrival Path          ;       ;       ;             ;            ;        ;       ;
;   Clock                ;       ;       ;             ;            ;        ;       ;
;    IC                  ;       ; 3     ; -0.001      ; 0          ; -0.001 ; 0.000 ;
;    Cell                ;       ; 3     ; 2.020       ; 44         ; 0.505  ; 0.989 ;
;    Routing Element     ;       ; 27    ; 2.558       ; 56         ; 0.000  ; 0.826 ;
;   Data                 ;       ;       ;             ;            ;        ;       ;
;    IC                  ;       ; 2     ; 0.000       ; 0          ; 0.000  ; 0.000 ;
;    Cell                ;       ; 3     ; 0.171       ; 40         ; 0.000  ; 0.088 ;
;    uTco                ;       ; 1     ; 0.000       ; 0          ; 0.000  ; 0.000 ;
;    Routing Element     ;       ; 4     ; 0.255       ; 60         ; 0.000  ; 0.120 ;
;  Required Path         ;       ;       ;             ;            ;        ;       ;
;   Clock                ;       ;       ;             ;            ;        ;       ;
;    IC                  ;       ; 3     ; -0.001      ; 0          ; -0.001 ; 0.000 ;
;    Cell                ;       ; 3     ; 2.139       ; 44         ; 0.538  ; 0.989 ;
;    Routing Element     ;       ; 27    ; 2.669       ; 56         ; 0.000  ; 0.859 ;
+------------------------+-------+-------+-------------+------------+--------+-------+
Note: Negative delays are omitted from totals when calculating percentages

+----------------------------------------------------------------------------------------------------------------------------------------+
; Data Arrival Path                                                                                                                      ;
+---------+----------+----+------+--------+---------------------------------------+------------------------------------------------------+
; Total   ; Incr     ; RF ; Type ; Fanout ; Location                              ; Element                                              ;
+---------+----------+----+------+--------+---------------------------------------+------------------------------------------------------+
; 0.000   ; 0.000    ;    ;      ;        ;                                       ; launch edge time                                     ;
; 4.577   ; 4.577    ;    ;      ;        ;                                       ; clock path                                           ;
;   0.000 ;   0.000  ;    ;      ;        ;                                       ; source latency                                       ;
;   0.000 ;   0.000  ;    ;      ; 1      ; PIN_N16                               ; clk                                                  ;
;   0.000 ;   0.000  ;    ; RE   ; 1      ; IOPAD_X89_Y35_N43                     ; ARRIAV_IO_PAD                                        ;
;   0.000 ;   0.000  ;    ; RE   ; 1      ; IO_PAD_OUTPUT_X89_Y35_N43_I1          ; IO_PAD_OUTPUT                                        ;
;   0.000 ;   0.000  ;    ; RE   ; 1      ; IO_INPUT_BUFFER_INPUT_X89_Y35_N44_I0  ; IO_INPUT_BUFFER_INPUT                                ;
;   0.000 ;   0.000  ; RR ; IC   ; 1      ; IOIBUF_X89_Y35_N44                    ; clk~input|i                                          ;
;   0.989 ;   0.989  ; RR ; CELL ; 1      ; IOIBUF_X89_Y35_N44                    ; clk~input|o                                          ;
;   0.989 ;   0.000  ;    ; RE   ; 1      ; IOIBUF_X89_Y35_N44                    ; ARRIAV_IO_IBUF                                       ;
;   0.989 ;   0.000  ;    ; RE   ; 1      ; IO_INPUT_BUFFER_OUTPUT_X89_Y35_N44_I2 ; IO_INPUT_BUFFER_OUTPUT                               ;
;   0.989 ;   0.000  ;    ; RE   ; 1      ; IO_RE_X89_Y35_N43_I96                 ; IO_RE                                                ;
;   1.084 ;   0.095  ;    ; RE   ; 1      ; IO_RE_X89_Y35_N43_I66                 ; IO_RE                                                ;
;   1.296 ;   0.212  ;    ; RE   ; 1      ; CLKBUF_CLUSTER_RE_X89_Y39_N3_I368     ; CLKBUF_CLUSTER_RE                                    ;
;   1.296 ;   0.000  ;    ; RE   ; 1      ; CLKBUF_CLUSTER_RE_X89_Y39_N3_I764     ; CLKBUF_CLUSTER_RE                                    ;
;   1.296 ;   0.000  ;    ; RE   ; 1      ; CLKBUF_CLUSTER_RE_X89_Y39_N3_I813     ; CLKBUF_CLUSTER_RE                                    ;
;   1.296 ;   0.000  ;    ; RE   ; 1      ; CLKBUF_CLUSTER_RE_X89_Y39_N3_I553     ; CLKBUF_CLUSTER_RE                                    ;
;   1.296 ;   0.000  ;    ; RE   ; 1      ; GCLK_CLUSTER_RE_X89_Y39_N6_I10        ; GCLK_CLUSTER_RE                                      ;
;   1.296 ;   0.000  ;    ; RE   ; 1      ; CLKBUFBLOCK_INPUT_X89_Y39_N7_I0       ; CLKBUFBLOCK_INPUT                                    ;
;   1.296 ;   0.000  ; RR ; IC   ; 1      ; CLKCTRL_G9                            ; clk~inputCLKENA0|inclk                               ;
;   1.801 ;   0.505  ; RR ; CELL ; 7412   ; CLKCTRL_G9                            ; clk~inputCLKENA0|outclk                              ;
;   1.801 ;   0.000  ;    ; RE   ; 1      ; CLKCTRL_G9                            ; ARRIAV_CLKBUF                                        ;
;   1.801 ;   0.000  ;    ; RE   ; 1      ; CLKBUFBLOCK_OUTPUT_X89_Y39_N7_I2      ; CLKBUFBLOCK_OUTPUT                                   ;
;   1.801 ;   0.000  ;    ; RE   ; 1      ; GCLK_CLUSTER_RE_X89_Y39_N6_I12        ; GCLK_CLUSTER_RE                                      ;
;   1.801 ;   0.000  ;    ; RE   ; 1      ; CLKBUF_CLUSTER_RE_X89_Y39_N3_I416     ; CLKBUF_CLUSTER_RE                                    ;
;   2.627 ;   0.826  ;    ; RE   ; 8      ; GLOBAL_CLOCK_X0_Y36_N0_I9             ; GLOBAL_CLOCK                                         ;
;   2.785 ;   0.158  ;    ; RE   ; 13     ; SPINE_CLOCK_X33_Y37_N0_I7             ; SPINE_CLOCK                                          ;
;   3.244 ;   0.459  ;    ; RE   ; 1      ; SCLK_TO_ROWCLK_BUF_X33_Y49_N0_I43     ; SCLK_TO_ROWCLK_BUF                                   ;
;   3.331 ;   0.087  ;    ; RE   ; 1      ; SCLK_TO_ROWCLK_BUF_X33_Y49_N0_I46     ; SCLK_TO_ROWCLK_BUF                                   ;
;   3.808 ;   0.477  ;    ; RE   ; 3      ; LAB_CLK_X25_Y49_N0_I5                 ; LAB_CLK                                              ;
;   3.947 ;   0.139  ;    ; RE   ; 1      ; BLK_CLK_BUF_X28_Y49_N0_I5             ; BLK_CLK_BUF                                          ;
;   4.009 ;   0.062  ;    ; RE   ; 1      ; ROWCLKSEL_PREBUF_X28_Y49_N0_I5        ; ROWCLKSEL_PREBUF                                     ;
;   4.052 ;   0.043  ;    ; RE   ; 1      ; ROWCLKSEL_X28_Y49_N0_I0               ; ROWCLKSEL                                            ;
;   4.052 ;   0.000  ;    ; RE   ; 1      ; GLOBAL_LOCAL_SEL_X28_Y49_N0_I0        ; GLOBAL_LOCAL_SEL                                     ;
;   4.052 ;   0.000  ;    ; RE   ; 14     ; LAB_INPUT_X28_Y49_N0_I0               ; LAB_INPUT                                            ;
;   4.051 ;   -0.001 ; RR ; IC   ; 1      ; FF_X28_Y49_N50                        ; u_norm|u_norm|sum_sq[6]|clk                          ;
;   4.577 ;   0.526  ; RR ; CELL ; 1      ; FF_X28_Y49_N50                        ; norm_dispatch:u_norm|norm:u_norm|sum_sq[6]           ;
; 5.003   ; 0.426    ;    ;      ;        ;                                       ; data path                                            ;
;   4.577 ;   0.000  ;    ; uTco ; 1      ; FF_X28_Y49_N50                        ; norm_dispatch:u_norm|norm:u_norm|sum_sq[6]           ;
;   4.577 ;   0.000  ; FF ; CELL ; 1      ; FF_X28_Y49_N50                        ; u_norm|u_norm|sum_sq[6]|q                            ;
;   4.640 ;   0.063  ;    ; RE   ; 1      ; FF_X28_Y49_N50                        ; ARRIAV_FF                                            ;
;   4.712 ;   0.072  ;    ; RE   ; 1      ; LOCAL_LINE_X28_Y49_N0_I16             ; LOCAL_LINE                                           ;
;   4.832 ;   0.120  ;    ; RE   ; 1      ; BLOCK_INPUT_MUX_X28_Y49_N0_I65        ; LEIM_INPUT                                           ;
;   4.832 ;   0.000  ; FF ; IC   ; 2      ; MLABCELL_X28_Y49_N48                  ; u_norm|u_norm|Add24~13|dataf                         ;
;   4.915 ;   0.083  ; FF ; CELL ; 2      ; MLABCELL_X28_Y49_N48                  ; u_norm|u_norm|Add24~13|sumout                        ;
;   4.915 ;   0.000  ;    ; RE   ; 3      ; MLABCELL_X28_Y49_N48                  ; ARRIAV_LCELL_COMB                                    ;
;   4.915 ;   0.000  ; FF ; IC   ; 1      ; FF_X28_Y49_N49                        ; u_norm|u_norm|sum_sq[6]~DUPLICATE|d                  ;
;   5.003 ;   0.088  ; FF ; CELL ; 1      ; FF_X28_Y49_N49                        ; norm_dispatch:u_norm|norm:u_norm|sum_sq[6]~DUPLICATE ;
+---------+----------+----+------+--------+---------------------------------------+------------------------------------------------------+

+----------------------------------------------------------------------------------------------------------------------------------------+
; Data Required Path                                                                                                                     ;
+---------+----------+----+------+--------+---------------------------------------+------------------------------------------------------+
; Total   ; Incr     ; RF ; Type ; Fanout ; Location                              ; Element                                              ;
+---------+----------+----+------+--------+---------------------------------------+------------------------------------------------------+
; 0.000   ; 0.000    ;    ;      ;        ;                                       ; latch edge time                                      ;
; 4.700   ; 4.700    ;    ;      ;        ;                                       ; clock path                                           ;
;   0.000 ;   0.000  ;    ;      ;        ;                                       ; source latency                                       ;
;   0.000 ;   0.000  ;    ;      ; 1      ; PIN_N16                               ; clk                                                  ;
;   0.000 ;   0.000  ;    ; RE   ; 1      ; IOPAD_X89_Y35_N43                     ; ARRIAV_IO_PAD                                        ;
;   0.000 ;   0.000  ;    ; RE   ; 1      ; IO_PAD_OUTPUT_X89_Y35_N43_I1          ; IO_PAD_OUTPUT                                        ;
;   0.000 ;   0.000  ;    ; RE   ; 1      ; IO_INPUT_BUFFER_INPUT_X89_Y35_N44_I0  ; IO_INPUT_BUFFER_INPUT                                ;
;   0.000 ;   0.000  ; RR ; IC   ; 1      ; IOIBUF_X89_Y35_N44                    ; clk~input|i                                          ;
;   0.989 ;   0.989  ; RR ; CELL ; 1      ; IOIBUF_X89_Y35_N44                    ; clk~input|o                                          ;
;   0.989 ;   0.000  ;    ; RE   ; 1      ; IOIBUF_X89_Y35_N44                    ; ARRIAV_IO_IBUF                                       ;
;   0.989 ;   0.000  ;    ; RE   ; 1      ; IO_INPUT_BUFFER_OUTPUT_X89_Y35_N44_I2 ; IO_INPUT_BUFFER_OUTPUT                               ;
;   0.989 ;   0.000  ;    ; RE   ; 1      ; IO_RE_X89_Y35_N43_I96                 ; IO_RE                                                ;
;   1.089 ;   0.100  ;    ; RE   ; 1      ; IO_RE_X89_Y35_N43_I66                 ; IO_RE                                                ;
;   1.311 ;   0.222  ;    ; RE   ; 1      ; CLKBUF_CLUSTER_RE_X89_Y39_N3_I368     ; CLKBUF_CLUSTER_RE                                    ;
;   1.311 ;   0.000  ;    ; RE   ; 1      ; CLKBUF_CLUSTER_RE_X89_Y39_N3_I764     ; CLKBUF_CLUSTER_RE                                    ;
;   1.311 ;   0.000  ;    ; RE   ; 1      ; CLKBUF_CLUSTER_RE_X89_Y39_N3_I813     ; CLKBUF_CLUSTER_RE                                    ;
;   1.311 ;   0.000  ;    ; RE   ; 1      ; CLKBUF_CLUSTER_RE_X89_Y39_N3_I553     ; CLKBUF_CLUSTER_RE                                    ;
;   1.311 ;   0.000  ;    ; RE   ; 1      ; GCLK_CLUSTER_RE_X89_Y39_N6_I10        ; GCLK_CLUSTER_RE                                      ;
;   1.311 ;   0.000  ;    ; RE   ; 1      ; CLKBUFBLOCK_INPUT_X89_Y39_N7_I0       ; CLKBUFBLOCK_INPUT                                    ;
;   1.311 ;   0.000  ; RR ; IC   ; 1      ; CLKCTRL_G9                            ; clk~inputCLKENA0|inclk                               ;
;   1.849 ;   0.538  ; RR ; CELL ; 7412   ; CLKCTRL_G9                            ; clk~inputCLKENA0|outclk                              ;
;   1.849 ;   0.000  ;    ; RE   ; 1      ; CLKCTRL_G9                            ; ARRIAV_CLKBUF                                        ;
;   1.849 ;   0.000  ;    ; RE   ; 1      ; CLKBUFBLOCK_OUTPUT_X89_Y39_N7_I2      ; CLKBUFBLOCK_OUTPUT                                   ;
;   1.849 ;   0.000  ;    ; RE   ; 1      ; GCLK_CLUSTER_RE_X89_Y39_N6_I12        ; GCLK_CLUSTER_RE                                      ;
;   1.849 ;   0.000  ;    ; RE   ; 1      ; CLKBUF_CLUSTER_RE_X89_Y39_N3_I416     ; CLKBUF_CLUSTER_RE                                    ;
;   2.708 ;   0.859  ;    ; RE   ; 8      ; GLOBAL_CLOCK_X0_Y36_N0_I9             ; GLOBAL_CLOCK                                         ;
;   2.872 ;   0.164  ;    ; RE   ; 13     ; SPINE_CLOCK_X33_Y37_N0_I7             ; SPINE_CLOCK                                          ;
;   3.348 ;   0.476  ;    ; RE   ; 1      ; SCLK_TO_ROWCLK_BUF_X33_Y49_N0_I43     ; SCLK_TO_ROWCLK_BUF                                   ;
;   3.438 ;   0.090  ;    ; RE   ; 1      ; SCLK_TO_ROWCLK_BUF_X33_Y49_N0_I46     ; SCLK_TO_ROWCLK_BUF                                   ;
;   3.933 ;   0.495  ;    ; RE   ; 3      ; LAB_CLK_X25_Y49_N0_I5                 ; LAB_CLK                                              ;
;   4.084 ;   0.151  ;    ; RE   ; 1      ; BLK_CLK_BUF_X28_Y49_N0_I5             ; BLK_CLK_BUF                                          ;
;   4.149 ;   0.065  ;    ; RE   ; 1      ; ROWCLKSEL_PREBUF_X28_Y49_N0_I5        ; ROWCLKSEL_PREBUF                                     ;
;   4.196 ;   0.047  ;    ; RE   ; 1      ; ROWCLKSEL_X28_Y49_N0_I0               ; ROWCLKSEL                                            ;
;   4.196 ;   0.000  ;    ; RE   ; 1      ; GLOBAL_LOCAL_SEL_X28_Y49_N0_I0        ; GLOBAL_LOCAL_SEL                                     ;
;   4.196 ;   0.000  ;    ; RE   ; 14     ; LAB_INPUT_X28_Y49_N0_I0               ; LAB_INPUT                                            ;
;   4.195 ;   -0.001 ; RR ; IC   ; 1      ; FF_X28_Y49_N49                        ; u_norm|u_norm|sum_sq[6]~DUPLICATE|clk                ;
;   4.807 ;   0.612  ; RR ; CELL ; 1      ; FF_X28_Y49_N49                        ; norm_dispatch:u_norm|norm:u_norm|sum_sq[6]~DUPLICATE ;
;   4.700 ;   -0.107 ;    ;      ;        ;                                       ; clock pessimism removed                              ;
; 4.700   ; 0.000    ;    ;      ;        ;                                       ; clock uncertainty                                    ;
; 4.700   ; 0.000    ;    ; uTh  ; 1      ; FF_X28_Y49_N49                        ; norm_dispatch:u_norm|norm:u_norm|sum_sq[6]~DUPLICATE ;
+---------+----------+----+------+--------+---------------------------------------+------------------------------------------------------+

----------------------------
; Extra Fitter Information ;
----------------------------
HTML report is unavailable in plain text report export.


Path #11: Hold slack is 0.304 
===============================================================================
+------------------------------------------------------------------+
; Path Summary                                                     ;
+--------------------+---------------------------------------------+
; Property           ; Value                                       ;
+--------------------+---------------------------------------------+
; From Node          ; norm_dispatch:u_norm|norm:u_norm|sum_sq[28] ;
; To Node            ; norm_dispatch:u_norm|norm:u_norm|sum_sq[28] ;
; Launch Clock       ; clk                                         ;
; Latch Clock        ; clk                                         ;
; Data Arrival Time  ; 5.013                                       ;
; Data Required Time ; 4.709                                       ;
; Slack              ; 0.304                                       ;
+--------------------+---------------------------------------------+

+------------------------------------------------------------------------------------+
; Statistics                                                                         ;
+------------------------+-------+-------+-------------+------------+--------+-------+
; Property               ; Value ; Count ; Total Delay ; % of Total ; Min    ; Max   ;
+------------------------+-------+-------+-------------+------------+--------+-------+
; Hold Relationship      ; 0.000 ;       ;             ;            ;        ;       ;
; Clock Skew             ; 0.113 ;       ;             ;            ;        ;       ;
; Data Delay             ; 0.417 ;       ;             ;            ;        ;       ;
; Number of Logic Levels ;       ; 1     ;             ;            ;        ;       ;
; Physical Delays        ;       ;       ;             ;            ;        ;       ;
;  Arrival Path          ;       ;       ;             ;            ;        ;       ;
;   Clock                ;       ;       ;             ;            ;        ;       ;
;    IC                  ;       ; 3     ; 0.001       ; 0          ; 0.000  ; 0.001 ;
;    Cell                ;       ; 3     ; 2.020       ; 44         ; 0.505  ; 0.989 ;
;    Routing Element     ;       ; 27    ; 2.575       ; 56         ; 0.000  ; 0.826 ;
;   Data                 ;       ;       ;             ;            ;        ;       ;
;    IC                  ;       ; 2     ; -0.001      ; 0          ; -0.001 ; 0.000 ;
;    Cell                ;       ; 3     ; 0.172       ; 41         ; 0.000  ; 0.089 ;
;    uTco                ;       ; 1     ; 0.000       ; 0          ; 0.000  ; 0.000 ;
;    Routing Element     ;       ; 4     ; 0.246       ; 59         ; 0.000  ; 0.116 ;
;  Required Path         ;       ;       ;             ;            ;        ;       ;
;   Clock                ;       ;       ;             ;            ;        ;       ;
;    IC                  ;       ; 3     ; 0.000       ; 0          ; 0.000  ; 0.000 ;
;    Cell                ;       ; 3     ; 2.130       ; 44         ; 0.538  ; 0.989 ;
;    Routing Element     ;       ; 27    ; 2.687       ; 56         ; 0.000  ; 0.859 ;
+------------------------+-------+-------+-------------+------------+--------+-------+
Note: Negative delays are omitted from totals when calculating percentages

+-------------------------------------------------------------------------------------------------------------------------------+
; Data Arrival Path                                                                                                             ;
+---------+----------+----+------+--------+---------------------------------------+---------------------------------------------+
; Total   ; Incr     ; RF ; Type ; Fanout ; Location                              ; Element                                     ;
+---------+----------+----+------+--------+---------------------------------------+---------------------------------------------+
; 0.000   ; 0.000    ;    ;      ;        ;                                       ; launch edge time                            ;
; 4.596   ; 4.596    ;    ;      ;        ;                                       ; clock path                                  ;
;   0.000 ;   0.000  ;    ;      ;        ;                                       ; source latency                              ;
;   0.000 ;   0.000  ;    ;      ; 1      ; PIN_N16                               ; clk                                         ;
;   0.000 ;   0.000  ;    ; RE   ; 1      ; IOPAD_X89_Y35_N43                     ; ARRIAV_IO_PAD                               ;
;   0.000 ;   0.000  ;    ; RE   ; 1      ; IO_PAD_OUTPUT_X89_Y35_N43_I1          ; IO_PAD_OUTPUT                               ;
;   0.000 ;   0.000  ;    ; RE   ; 1      ; IO_INPUT_BUFFER_INPUT_X89_Y35_N44_I0  ; IO_INPUT_BUFFER_INPUT                       ;
;   0.000 ;   0.000  ; RR ; IC   ; 1      ; IOIBUF_X89_Y35_N44                    ; clk~input|i                                 ;
;   0.989 ;   0.989  ; RR ; CELL ; 1      ; IOIBUF_X89_Y35_N44                    ; clk~input|o                                 ;
;   0.989 ;   0.000  ;    ; RE   ; 1      ; IOIBUF_X89_Y35_N44                    ; ARRIAV_IO_IBUF                              ;
;   0.989 ;   0.000  ;    ; RE   ; 1      ; IO_INPUT_BUFFER_OUTPUT_X89_Y35_N44_I2 ; IO_INPUT_BUFFER_OUTPUT                      ;
;   0.989 ;   0.000  ;    ; RE   ; 1      ; IO_RE_X89_Y35_N43_I96                 ; IO_RE                                       ;
;   1.084 ;   0.095  ;    ; RE   ; 1      ; IO_RE_X89_Y35_N43_I66                 ; IO_RE                                       ;
;   1.296 ;   0.212  ;    ; RE   ; 1      ; CLKBUF_CLUSTER_RE_X89_Y39_N3_I368     ; CLKBUF_CLUSTER_RE                           ;
;   1.296 ;   0.000  ;    ; RE   ; 1      ; CLKBUF_CLUSTER_RE_X89_Y39_N3_I764     ; CLKBUF_CLUSTER_RE                           ;
;   1.296 ;   0.000  ;    ; RE   ; 1      ; CLKBUF_CLUSTER_RE_X89_Y39_N3_I813     ; CLKBUF_CLUSTER_RE                           ;
;   1.296 ;   0.000  ;    ; RE   ; 1      ; CLKBUF_CLUSTER_RE_X89_Y39_N3_I553     ; CLKBUF_CLUSTER_RE                           ;
;   1.296 ;   0.000  ;    ; RE   ; 1      ; GCLK_CLUSTER_RE_X89_Y39_N6_I10        ; GCLK_CLUSTER_RE                             ;
;   1.296 ;   0.000  ;    ; RE   ; 1      ; CLKBUFBLOCK_INPUT_X89_Y39_N7_I0       ; CLKBUFBLOCK_INPUT                           ;
;   1.296 ;   0.000  ; RR ; IC   ; 1      ; CLKCTRL_G9                            ; clk~inputCLKENA0|inclk                      ;
;   1.801 ;   0.505  ; RR ; CELL ; 7412   ; CLKCTRL_G9                            ; clk~inputCLKENA0|outclk                     ;
;   1.801 ;   0.000  ;    ; RE   ; 1      ; CLKCTRL_G9                            ; ARRIAV_CLKBUF                               ;
;   1.801 ;   0.000  ;    ; RE   ; 1      ; CLKBUFBLOCK_OUTPUT_X89_Y39_N7_I2      ; CLKBUFBLOCK_OUTPUT                          ;
;   1.801 ;   0.000  ;    ; RE   ; 1      ; GCLK_CLUSTER_RE_X89_Y39_N6_I12        ; GCLK_CLUSTER_RE                             ;
;   1.801 ;   0.000  ;    ; RE   ; 1      ; CLKBUF_CLUSTER_RE_X89_Y39_N3_I416     ; CLKBUF_CLUSTER_RE                           ;
;   2.627 ;   0.826  ;    ; RE   ; 8      ; GLOBAL_CLOCK_X0_Y36_N0_I9             ; GLOBAL_CLOCK                                ;
;   2.787 ;   0.160  ;    ; RE   ; 13     ; SPINE_CLOCK_X33_Y37_N0_I7             ; SPINE_CLOCK                                 ;
;   3.245 ;   0.458  ;    ; RE   ; 1      ; SCLK_TO_ROWCLK_BUF_X33_Y47_N0_I43     ; SCLK_TO_ROWCLK_BUF                          ;
;   3.342 ;   0.097  ;    ; RE   ; 2      ; SCLK_TO_ROWCLK_BUF_X33_Y47_N0_I46     ; SCLK_TO_ROWCLK_BUF                          ;
;   3.825 ;   0.483  ;    ; RE   ; 3      ; LAB_CLK_X25_Y47_N0_I5                 ; LAB_CLK                                     ;
;   3.964 ;   0.139  ;    ; RE   ; 1      ; BLK_CLK_BUF_X28_Y47_N0_I5             ; BLK_CLK_BUF                                 ;
;   4.026 ;   0.062  ;    ; RE   ; 1      ; ROWCLKSEL_PREBUF_X28_Y47_N0_I5        ; ROWCLKSEL_PREBUF                            ;
;   4.069 ;   0.043  ;    ; RE   ; 1      ; ROWCLKSEL_X28_Y47_N0_I0               ; ROWCLKSEL                                   ;
;   4.069 ;   0.000  ;    ; RE   ; 1      ; GLOBAL_LOCAL_SEL_X28_Y47_N0_I0        ; GLOBAL_LOCAL_SEL                            ;
;   4.069 ;   0.000  ;    ; RE   ; 17     ; LAB_INPUT_X28_Y47_N0_I0               ; LAB_INPUT                                   ;
;   4.070 ;   0.001  ; RR ; IC   ; 1      ; FF_X28_Y47_N26                        ; u_norm|u_norm|sum_sq[28]|clk                ;
;   4.596 ;   0.526  ; RR ; CELL ; 1      ; FF_X28_Y47_N26                        ; norm_dispatch:u_norm|norm:u_norm|sum_sq[28] ;
; 5.013   ; 0.417    ;    ;      ;        ;                                       ; data path                                   ;
;   4.596 ;   0.000  ;    ; uTco ; 1      ; FF_X28_Y47_N26                        ; norm_dispatch:u_norm|norm:u_norm|sum_sq[28] ;
;   4.596 ;   0.000  ; FF ; CELL ; 1      ; FF_X28_Y47_N26                        ; u_norm|u_norm|sum_sq[28]|q                  ;
;   4.658 ;   0.062  ;    ; RE   ; 1      ; FF_X28_Y47_N26                        ; ARRIAV_FF                                   ;
;   4.726 ;   0.068  ;    ; RE   ; 1      ; LOCAL_LINE_X28_Y47_N0_I8              ; LOCAL_LINE                                  ;
;   4.842 ;   0.116  ;    ; RE   ; 1      ; BLOCK_INPUT_MUX_X28_Y47_N0_I33        ; LEIM_INPUT                                  ;
;   4.841 ;   -0.001 ; FF ; IC   ; 2      ; MLABCELL_X28_Y47_N24                  ; u_norm|u_norm|Add24~109|dataf               ;
;   4.924 ;   0.083  ; FF ; CELL ; 2      ; MLABCELL_X28_Y47_N24                  ; u_norm|u_norm|Add24~109|sumout              ;
;   4.924 ;   0.000  ;    ; RE   ; 3      ; MLABCELL_X28_Y47_N24                  ; ARRIAV_LCELL_COMB                           ;
;   4.924 ;   0.000  ; FF ; IC   ; 1      ; FF_X28_Y47_N26                        ; u_norm|u_norm|sum_sq[28]|d                  ;
;   5.013 ;   0.089  ; FF ; CELL ; 1      ; FF_X28_Y47_N26                        ; norm_dispatch:u_norm|norm:u_norm|sum_sq[28] ;
+---------+----------+----+------+--------+---------------------------------------+---------------------------------------------+

+-------------------------------------------------------------------------------------------------------------------------------+
; Data Required Path                                                                                                            ;
+---------+----------+----+------+--------+---------------------------------------+---------------------------------------------+
; Total   ; Incr     ; RF ; Type ; Fanout ; Location                              ; Element                                     ;
+---------+----------+----+------+--------+---------------------------------------+---------------------------------------------+
; 0.000   ; 0.000    ;    ;      ;        ;                                       ; latch edge time                             ;
; 4.709   ; 4.709    ;    ;      ;        ;                                       ; clock path                                  ;
;   0.000 ;   0.000  ;    ;      ;        ;                                       ; source latency                              ;
;   0.000 ;   0.000  ;    ;      ; 1      ; PIN_N16                               ; clk                                         ;
;   0.000 ;   0.000  ;    ; RE   ; 1      ; IOPAD_X89_Y35_N43                     ; ARRIAV_IO_PAD                               ;
;   0.000 ;   0.000  ;    ; RE   ; 1      ; IO_PAD_OUTPUT_X89_Y35_N43_I1          ; IO_PAD_OUTPUT                               ;
;   0.000 ;   0.000  ;    ; RE   ; 1      ; IO_INPUT_BUFFER_INPUT_X89_Y35_N44_I0  ; IO_INPUT_BUFFER_INPUT                       ;
;   0.000 ;   0.000  ; RR ; IC   ; 1      ; IOIBUF_X89_Y35_N44                    ; clk~input|i                                 ;
;   0.989 ;   0.989  ; RR ; CELL ; 1      ; IOIBUF_X89_Y35_N44                    ; clk~input|o                                 ;
;   0.989 ;   0.000  ;    ; RE   ; 1      ; IOIBUF_X89_Y35_N44                    ; ARRIAV_IO_IBUF                              ;
;   0.989 ;   0.000  ;    ; RE   ; 1      ; IO_INPUT_BUFFER_OUTPUT_X89_Y35_N44_I2 ; IO_INPUT_BUFFER_OUTPUT                      ;
;   0.989 ;   0.000  ;    ; RE   ; 1      ; IO_RE_X89_Y35_N43_I96                 ; IO_RE                                       ;
;   1.089 ;   0.100  ;    ; RE   ; 1      ; IO_RE_X89_Y35_N43_I66                 ; IO_RE                                       ;
;   1.311 ;   0.222  ;    ; RE   ; 1      ; CLKBUF_CLUSTER_RE_X89_Y39_N3_I368     ; CLKBUF_CLUSTER_RE                           ;
;   1.311 ;   0.000  ;    ; RE   ; 1      ; CLKBUF_CLUSTER_RE_X89_Y39_N3_I764     ; CLKBUF_CLUSTER_RE                           ;
;   1.311 ;   0.000  ;    ; RE   ; 1      ; CLKBUF_CLUSTER_RE_X89_Y39_N3_I813     ; CLKBUF_CLUSTER_RE                           ;
;   1.311 ;   0.000  ;    ; RE   ; 1      ; CLKBUF_CLUSTER_RE_X89_Y39_N3_I553     ; CLKBUF_CLUSTER_RE                           ;
;   1.311 ;   0.000  ;    ; RE   ; 1      ; GCLK_CLUSTER_RE_X89_Y39_N6_I10        ; GCLK_CLUSTER_RE                             ;
;   1.311 ;   0.000  ;    ; RE   ; 1      ; CLKBUFBLOCK_INPUT_X89_Y39_N7_I0       ; CLKBUFBLOCK_INPUT                           ;
;   1.311 ;   0.000  ; RR ; IC   ; 1      ; CLKCTRL_G9                            ; clk~inputCLKENA0|inclk                      ;
;   1.849 ;   0.538  ; RR ; CELL ; 7412   ; CLKCTRL_G9                            ; clk~inputCLKENA0|outclk                     ;
;   1.849 ;   0.000  ;    ; RE   ; 1      ; CLKCTRL_G9                            ; ARRIAV_CLKBUF                               ;
;   1.849 ;   0.000  ;    ; RE   ; 1      ; CLKBUFBLOCK_OUTPUT_X89_Y39_N7_I2      ; CLKBUFBLOCK_OUTPUT                          ;
;   1.849 ;   0.000  ;    ; RE   ; 1      ; GCLK_CLUSTER_RE_X89_Y39_N6_I12        ; GCLK_CLUSTER_RE                             ;
;   1.849 ;   0.000  ;    ; RE   ; 1      ; CLKBUF_CLUSTER_RE_X89_Y39_N3_I416     ; CLKBUF_CLUSTER_RE                           ;
;   2.708 ;   0.859  ;    ; RE   ; 8      ; GLOBAL_CLOCK_X0_Y36_N0_I9             ; GLOBAL_CLOCK                                ;
;   2.874 ;   0.166  ;    ; RE   ; 13     ; SPINE_CLOCK_X33_Y37_N0_I7             ; SPINE_CLOCK                                 ;
;   3.349 ;   0.475  ;    ; RE   ; 1      ; SCLK_TO_ROWCLK_BUF_X33_Y47_N0_I43     ; SCLK_TO_ROWCLK_BUF                          ;
;   3.450 ;   0.101  ;    ; RE   ; 2      ; SCLK_TO_ROWCLK_BUF_X33_Y47_N0_I46     ; SCLK_TO_ROWCLK_BUF                          ;
;   3.952 ;   0.502  ;    ; RE   ; 3      ; LAB_CLK_X25_Y47_N0_I5                 ; LAB_CLK                                     ;
;   4.103 ;   0.151  ;    ; RE   ; 1      ; BLK_CLK_BUF_X28_Y47_N0_I5             ; BLK_CLK_BUF                                 ;
;   4.167 ;   0.064  ;    ; RE   ; 1      ; ROWCLKSEL_PREBUF_X28_Y47_N0_I5        ; ROWCLKSEL_PREBUF                            ;
;   4.214 ;   0.047  ;    ; RE   ; 1      ; ROWCLKSEL_X28_Y47_N0_I0               ; ROWCLKSEL                                   ;
;   4.214 ;   0.000  ;    ; RE   ; 1      ; GLOBAL_LOCAL_SEL_X28_Y47_N0_I0        ; GLOBAL_LOCAL_SEL                            ;
;   4.214 ;   0.000  ;    ; RE   ; 17     ; LAB_INPUT_X28_Y47_N0_I0               ; LAB_INPUT                                   ;
;   4.214 ;   0.000  ; RR ; IC   ; 1      ; FF_X28_Y47_N26                        ; u_norm|u_norm|sum_sq[28]|clk                ;
;   4.817 ;   0.603  ; RR ; CELL ; 1      ; FF_X28_Y47_N26                        ; norm_dispatch:u_norm|norm:u_norm|sum_sq[28] ;
;   4.709 ;   -0.108 ;    ;      ;        ;                                       ; clock pessimism removed                     ;
; 4.709   ; 0.000    ;    ;      ;        ;                                       ; clock uncertainty                           ;
; 4.709   ; 0.000    ;    ; uTh  ; 1      ; FF_X28_Y47_N26                        ; norm_dispatch:u_norm|norm:u_norm|sum_sq[28] ;
+---------+----------+----+------+--------+---------------------------------------+---------------------------------------------+

----------------------------
; Extra Fitter Information ;
----------------------------
HTML report is unavailable in plain text report export.


Path #12: Hold slack is 0.304 
===============================================================================
+----------------------------------------------------------------------------+
; Path Summary                                                               ;
+--------------------+-------------------------------------------------------+
; Property           ; Value                                                 ;
+--------------------+-------------------------------------------------------+
; From Node          ; norm_dispatch:u_norm|norm:u_norm|sum_sq[22]           ;
; To Node            ; norm_dispatch:u_norm|norm:u_norm|sum_sq[22]~DUPLICATE ;
; Launch Clock       ; clk                                                   ;
; Latch Clock        ; clk                                                   ;
; Data Arrival Time  ; 5.022                                                 ;
; Data Required Time ; 4.718                                                 ;
; Slack              ; 0.304                                                 ;
+--------------------+-------------------------------------------------------+

+------------------------------------------------------------------------------------+
; Statistics                                                                         ;
+------------------------+-------+-------+-------------+------------+--------+-------+
; Property               ; Value ; Count ; Total Delay ; % of Total ; Min    ; Max   ;
+------------------------+-------+-------+-------------+------------+--------+-------+
; Hold Relationship      ; 0.000 ;       ;             ;            ;        ;       ;
; Clock Skew             ; 0.122 ;       ;             ;            ;        ;       ;
; Data Delay             ; 0.426 ;       ;             ;            ;        ;       ;
; Number of Logic Levels ;       ; 1     ;             ;            ;        ;       ;
; Physical Delays        ;       ;       ;             ;            ;        ;       ;
;  Arrival Path          ;       ;       ;             ;            ;        ;       ;
;   Clock                ;       ;       ;             ;            ;        ;       ;
;    IC                  ;       ; 3     ; 0.001       ; 0          ; 0.000  ; 0.001 ;
;    Cell                ;       ; 3     ; 2.020       ; 44         ; 0.505  ; 0.989 ;
;    Routing Element     ;       ; 27    ; 2.575       ; 56         ; 0.000  ; 0.826 ;
;   Data                 ;       ;       ;             ;            ;        ;       ;
;    IC                  ;       ; 2     ; -0.001      ; 0          ; -0.001 ; 0.000 ;
;    Cell                ;       ; 3     ; 0.171       ; 40         ; 0.000  ; 0.088 ;
;    uTco                ;       ; 1     ; 0.000       ; 0          ; 0.000  ; 0.000 ;
;    Routing Element     ;       ; 4     ; 0.256       ; 60         ; 0.000  ; 0.120 ;
;  Required Path         ;       ;       ;             ;            ;        ;       ;
;   Clock                ;       ;       ;             ;            ;        ;       ;
;    IC                  ;       ; 3     ; 0.000       ; 0          ; 0.000  ; 0.000 ;
;    Cell                ;       ; 3     ; 2.139       ; 44         ; 0.538  ; 0.989 ;
;    Routing Element     ;       ; 27    ; 2.687       ; 56         ; 0.000  ; 0.859 ;
+------------------------+-------+-------+-------------+------------+--------+-------+
Note: Negative delays are omitted from totals when calculating percentages

+-----------------------------------------------------------------------------------------------------------------------------------------+
; Data Arrival Path                                                                                                                       ;
+---------+----------+----+------+--------+---------------------------------------+-------------------------------------------------------+
; Total   ; Incr     ; RF ; Type ; Fanout ; Location                              ; Element                                               ;
+---------+----------+----+------+--------+---------------------------------------+-------------------------------------------------------+
; 0.000   ; 0.000    ;    ;      ;        ;                                       ; launch edge time                                      ;
; 4.596   ; 4.596    ;    ;      ;        ;                                       ; clock path                                            ;
;   0.000 ;   0.000  ;    ;      ;        ;                                       ; source latency                                        ;
;   0.000 ;   0.000  ;    ;      ; 1      ; PIN_N16                               ; clk                                                   ;
;   0.000 ;   0.000  ;    ; RE   ; 1      ; IOPAD_X89_Y35_N43                     ; ARRIAV_IO_PAD                                         ;
;   0.000 ;   0.000  ;    ; RE   ; 1      ; IO_PAD_OUTPUT_X89_Y35_N43_I1          ; IO_PAD_OUTPUT                                         ;
;   0.000 ;   0.000  ;    ; RE   ; 1      ; IO_INPUT_BUFFER_INPUT_X89_Y35_N44_I0  ; IO_INPUT_BUFFER_INPUT                                 ;
;   0.000 ;   0.000  ; RR ; IC   ; 1      ; IOIBUF_X89_Y35_N44                    ; clk~input|i                                           ;
;   0.989 ;   0.989  ; RR ; CELL ; 1      ; IOIBUF_X89_Y35_N44                    ; clk~input|o                                           ;
;   0.989 ;   0.000  ;    ; RE   ; 1      ; IOIBUF_X89_Y35_N44                    ; ARRIAV_IO_IBUF                                        ;
;   0.989 ;   0.000  ;    ; RE   ; 1      ; IO_INPUT_BUFFER_OUTPUT_X89_Y35_N44_I2 ; IO_INPUT_BUFFER_OUTPUT                                ;
;   0.989 ;   0.000  ;    ; RE   ; 1      ; IO_RE_X89_Y35_N43_I96                 ; IO_RE                                                 ;
;   1.084 ;   0.095  ;    ; RE   ; 1      ; IO_RE_X89_Y35_N43_I66                 ; IO_RE                                                 ;
;   1.296 ;   0.212  ;    ; RE   ; 1      ; CLKBUF_CLUSTER_RE_X89_Y39_N3_I368     ; CLKBUF_CLUSTER_RE                                     ;
;   1.296 ;   0.000  ;    ; RE   ; 1      ; CLKBUF_CLUSTER_RE_X89_Y39_N3_I764     ; CLKBUF_CLUSTER_RE                                     ;
;   1.296 ;   0.000  ;    ; RE   ; 1      ; CLKBUF_CLUSTER_RE_X89_Y39_N3_I813     ; CLKBUF_CLUSTER_RE                                     ;
;   1.296 ;   0.000  ;    ; RE   ; 1      ; CLKBUF_CLUSTER_RE_X89_Y39_N3_I553     ; CLKBUF_CLUSTER_RE                                     ;
;   1.296 ;   0.000  ;    ; RE   ; 1      ; GCLK_CLUSTER_RE_X89_Y39_N6_I10        ; GCLK_CLUSTER_RE                                       ;
;   1.296 ;   0.000  ;    ; RE   ; 1      ; CLKBUFBLOCK_INPUT_X89_Y39_N7_I0       ; CLKBUFBLOCK_INPUT                                     ;
;   1.296 ;   0.000  ; RR ; IC   ; 1      ; CLKCTRL_G9                            ; clk~inputCLKENA0|inclk                                ;
;   1.801 ;   0.505  ; RR ; CELL ; 7412   ; CLKCTRL_G9                            ; clk~inputCLKENA0|outclk                               ;
;   1.801 ;   0.000  ;    ; RE   ; 1      ; CLKCTRL_G9                            ; ARRIAV_CLKBUF                                         ;
;   1.801 ;   0.000  ;    ; RE   ; 1      ; CLKBUFBLOCK_OUTPUT_X89_Y39_N7_I2      ; CLKBUFBLOCK_OUTPUT                                    ;
;   1.801 ;   0.000  ;    ; RE   ; 1      ; GCLK_CLUSTER_RE_X89_Y39_N6_I12        ; GCLK_CLUSTER_RE                                       ;
;   1.801 ;   0.000  ;    ; RE   ; 1      ; CLKBUF_CLUSTER_RE_X89_Y39_N3_I416     ; CLKBUF_CLUSTER_RE                                     ;
;   2.627 ;   0.826  ;    ; RE   ; 8      ; GLOBAL_CLOCK_X0_Y36_N0_I9             ; GLOBAL_CLOCK                                          ;
;   2.787 ;   0.160  ;    ; RE   ; 13     ; SPINE_CLOCK_X33_Y37_N0_I7             ; SPINE_CLOCK                                           ;
;   3.245 ;   0.458  ;    ; RE   ; 1      ; SCLK_TO_ROWCLK_BUF_X33_Y47_N0_I43     ; SCLK_TO_ROWCLK_BUF                                    ;
;   3.342 ;   0.097  ;    ; RE   ; 2      ; SCLK_TO_ROWCLK_BUF_X33_Y47_N0_I46     ; SCLK_TO_ROWCLK_BUF                                    ;
;   3.825 ;   0.483  ;    ; RE   ; 3      ; LAB_CLK_X25_Y47_N0_I5                 ; LAB_CLK                                               ;
;   3.964 ;   0.139  ;    ; RE   ; 1      ; BLK_CLK_BUF_X28_Y47_N0_I5             ; BLK_CLK_BUF                                           ;
;   4.026 ;   0.062  ;    ; RE   ; 1      ; ROWCLKSEL_PREBUF_X28_Y47_N0_I5        ; ROWCLKSEL_PREBUF                                      ;
;   4.069 ;   0.043  ;    ; RE   ; 1      ; ROWCLKSEL_X28_Y47_N0_I0               ; ROWCLKSEL                                             ;
;   4.069 ;   0.000  ;    ; RE   ; 1      ; GLOBAL_LOCAL_SEL_X28_Y47_N0_I0        ; GLOBAL_LOCAL_SEL                                      ;
;   4.069 ;   0.000  ;    ; RE   ; 17     ; LAB_INPUT_X28_Y47_N0_I0               ; LAB_INPUT                                             ;
;   4.070 ;   0.001  ; RR ; IC   ; 1      ; FF_X28_Y47_N8                         ; u_norm|u_norm|sum_sq[22]|clk                          ;
;   4.596 ;   0.526  ; RR ; CELL ; 1      ; FF_X28_Y47_N8                         ; norm_dispatch:u_norm|norm:u_norm|sum_sq[22]           ;
; 5.022   ; 0.426    ;    ;      ;        ;                                       ; data path                                             ;
;   4.596 ;   0.000  ;    ; uTco ; 1      ; FF_X28_Y47_N8                         ; norm_dispatch:u_norm|norm:u_norm|sum_sq[22]           ;
;   4.596 ;   0.000  ; FF ; CELL ; 2      ; FF_X28_Y47_N8                         ; u_norm|u_norm|sum_sq[22]|q                            ;
;   4.659 ;   0.063  ;    ; RE   ; 2      ; FF_X28_Y47_N8                         ; ARRIAV_FF                                             ;
;   4.732 ;   0.073  ;    ; RE   ; 1      ; LOCAL_LINE_X28_Y47_N0_I2              ; LOCAL_LINE                                            ;
;   4.852 ;   0.120  ;    ; RE   ; 1      ; BLOCK_INPUT_MUX_X28_Y47_N0_I9         ; LEIM_INPUT                                            ;
;   4.851 ;   -0.001 ; FF ; IC   ; 2      ; MLABCELL_X28_Y47_N6                   ; u_norm|u_norm|Add24~85|dataf                          ;
;   4.934 ;   0.083  ; FF ; CELL ; 2      ; MLABCELL_X28_Y47_N6                   ; u_norm|u_norm|Add24~85|sumout                         ;
;   4.934 ;   0.000  ;    ; RE   ; 3      ; MLABCELL_X28_Y47_N6                   ; ARRIAV_LCELL_COMB                                     ;
;   4.934 ;   0.000  ; FF ; IC   ; 1      ; FF_X28_Y47_N7                         ; u_norm|u_norm|sum_sq[22]~DUPLICATE|d                  ;
;   5.022 ;   0.088  ; FF ; CELL ; 1      ; FF_X28_Y47_N7                         ; norm_dispatch:u_norm|norm:u_norm|sum_sq[22]~DUPLICATE ;
+---------+----------+----+------+--------+---------------------------------------+-------------------------------------------------------+

+-----------------------------------------------------------------------------------------------------------------------------------------+
; Data Required Path                                                                                                                      ;
+---------+----------+----+------+--------+---------------------------------------+-------------------------------------------------------+
; Total   ; Incr     ; RF ; Type ; Fanout ; Location                              ; Element                                               ;
+---------+----------+----+------+--------+---------------------------------------+-------------------------------------------------------+
; 0.000   ; 0.000    ;    ;      ;        ;                                       ; latch edge time                                       ;
; 4.718   ; 4.718    ;    ;      ;        ;                                       ; clock path                                            ;
;   0.000 ;   0.000  ;    ;      ;        ;                                       ; source latency                                        ;
;   0.000 ;   0.000  ;    ;      ; 1      ; PIN_N16                               ; clk                                                   ;
;   0.000 ;   0.000  ;    ; RE   ; 1      ; IOPAD_X89_Y35_N43                     ; ARRIAV_IO_PAD                                         ;
;   0.000 ;   0.000  ;    ; RE   ; 1      ; IO_PAD_OUTPUT_X89_Y35_N43_I1          ; IO_PAD_OUTPUT                                         ;
;   0.000 ;   0.000  ;    ; RE   ; 1      ; IO_INPUT_BUFFER_INPUT_X89_Y35_N44_I0  ; IO_INPUT_BUFFER_INPUT                                 ;
;   0.000 ;   0.000  ; RR ; IC   ; 1      ; IOIBUF_X89_Y35_N44                    ; clk~input|i                                           ;
;   0.989 ;   0.989  ; RR ; CELL ; 1      ; IOIBUF_X89_Y35_N44                    ; clk~input|o                                           ;
;   0.989 ;   0.000  ;    ; RE   ; 1      ; IOIBUF_X89_Y35_N44                    ; ARRIAV_IO_IBUF                                        ;
;   0.989 ;   0.000  ;    ; RE   ; 1      ; IO_INPUT_BUFFER_OUTPUT_X89_Y35_N44_I2 ; IO_INPUT_BUFFER_OUTPUT                                ;
;   0.989 ;   0.000  ;    ; RE   ; 1      ; IO_RE_X89_Y35_N43_I96                 ; IO_RE                                                 ;
;   1.089 ;   0.100  ;    ; RE   ; 1      ; IO_RE_X89_Y35_N43_I66                 ; IO_RE                                                 ;
;   1.311 ;   0.222  ;    ; RE   ; 1      ; CLKBUF_CLUSTER_RE_X89_Y39_N3_I368     ; CLKBUF_CLUSTER_RE                                     ;
;   1.311 ;   0.000  ;    ; RE   ; 1      ; CLKBUF_CLUSTER_RE_X89_Y39_N3_I764     ; CLKBUF_CLUSTER_RE                                     ;
;   1.311 ;   0.000  ;    ; RE   ; 1      ; CLKBUF_CLUSTER_RE_X89_Y39_N3_I813     ; CLKBUF_CLUSTER_RE                                     ;
;   1.311 ;   0.000  ;    ; RE   ; 1      ; CLKBUF_CLUSTER_RE_X89_Y39_N3_I553     ; CLKBUF_CLUSTER_RE                                     ;
;   1.311 ;   0.000  ;    ; RE   ; 1      ; GCLK_CLUSTER_RE_X89_Y39_N6_I10        ; GCLK_CLUSTER_RE                                       ;
;   1.311 ;   0.000  ;    ; RE   ; 1      ; CLKBUFBLOCK_INPUT_X89_Y39_N7_I0       ; CLKBUFBLOCK_INPUT                                     ;
;   1.311 ;   0.000  ; RR ; IC   ; 1      ; CLKCTRL_G9                            ; clk~inputCLKENA0|inclk                                ;
;   1.849 ;   0.538  ; RR ; CELL ; 7412   ; CLKCTRL_G9                            ; clk~inputCLKENA0|outclk                               ;
;   1.849 ;   0.000  ;    ; RE   ; 1      ; CLKCTRL_G9                            ; ARRIAV_CLKBUF                                         ;
;   1.849 ;   0.000  ;    ; RE   ; 1      ; CLKBUFBLOCK_OUTPUT_X89_Y39_N7_I2      ; CLKBUFBLOCK_OUTPUT                                    ;
;   1.849 ;   0.000  ;    ; RE   ; 1      ; GCLK_CLUSTER_RE_X89_Y39_N6_I12        ; GCLK_CLUSTER_RE                                       ;
;   1.849 ;   0.000  ;    ; RE   ; 1      ; CLKBUF_CLUSTER_RE_X89_Y39_N3_I416     ; CLKBUF_CLUSTER_RE                                     ;
;   2.708 ;   0.859  ;    ; RE   ; 8      ; GLOBAL_CLOCK_X0_Y36_N0_I9             ; GLOBAL_CLOCK                                          ;
;   2.874 ;   0.166  ;    ; RE   ; 13     ; SPINE_CLOCK_X33_Y37_N0_I7             ; SPINE_CLOCK                                           ;
;   3.349 ;   0.475  ;    ; RE   ; 1      ; SCLK_TO_ROWCLK_BUF_X33_Y47_N0_I43     ; SCLK_TO_ROWCLK_BUF                                    ;
;   3.450 ;   0.101  ;    ; RE   ; 2      ; SCLK_TO_ROWCLK_BUF_X33_Y47_N0_I46     ; SCLK_TO_ROWCLK_BUF                                    ;
;   3.952 ;   0.502  ;    ; RE   ; 3      ; LAB_CLK_X25_Y47_N0_I5                 ; LAB_CLK                                               ;
;   4.103 ;   0.151  ;    ; RE   ; 1      ; BLK_CLK_BUF_X28_Y47_N0_I5             ; BLK_CLK_BUF                                           ;
;   4.167 ;   0.064  ;    ; RE   ; 1      ; ROWCLKSEL_PREBUF_X28_Y47_N0_I5        ; ROWCLKSEL_PREBUF                                      ;
;   4.214 ;   0.047  ;    ; RE   ; 1      ; ROWCLKSEL_X28_Y47_N0_I0               ; ROWCLKSEL                                             ;
;   4.214 ;   0.000  ;    ; RE   ; 1      ; GLOBAL_LOCAL_SEL_X28_Y47_N0_I0        ; GLOBAL_LOCAL_SEL                                      ;
;   4.214 ;   0.000  ;    ; RE   ; 17     ; LAB_INPUT_X28_Y47_N0_I0               ; LAB_INPUT                                             ;
;   4.214 ;   0.000  ; RR ; IC   ; 1      ; FF_X28_Y47_N7                         ; u_norm|u_norm|sum_sq[22]~DUPLICATE|clk                ;
;   4.826 ;   0.612  ; RR ; CELL ; 1      ; FF_X28_Y47_N7                         ; norm_dispatch:u_norm|norm:u_norm|sum_sq[22]~DUPLICATE ;
;   4.718 ;   -0.108 ;    ;      ;        ;                                       ; clock pessimism removed                               ;
; 4.718   ; 0.000    ;    ;      ;        ;                                       ; clock uncertainty                                     ;
; 4.718   ; 0.000    ;    ; uTh  ; 1      ; FF_X28_Y47_N7                         ; norm_dispatch:u_norm|norm:u_norm|sum_sq[22]~DUPLICATE ;
+---------+----------+----+------+--------+---------------------------------------+-------------------------------------------------------+

----------------------------
; Extra Fitter Information ;
----------------------------
HTML report is unavailable in plain text report export.


Path #13: Hold slack is 0.306 
===============================================================================
+-----------------------------------------------------------------+
; Path Summary                                                    ;
+--------------------+--------------------------------------------+
; Property           ; Value                                      ;
+--------------------+--------------------------------------------+
; From Node          ; norm_dispatch:u_norm|norm:u_norm|sum_sq[3] ;
; To Node            ; norm_dispatch:u_norm|norm:u_norm|sum_sq[3] ;
; Launch Clock       ; clk                                        ;
; Latch Clock        ; clk                                        ;
; Data Arrival Time  ; 5.007                                      ;
; Data Required Time ; 4.701                                      ;
; Slack              ; 0.306                                      ;
+--------------------+--------------------------------------------+

+------------------------------------------------------------------------------------+
; Statistics                                                                         ;
+------------------------+-------+-------+-------------+------------+--------+-------+
; Property               ; Value ; Count ; Total Delay ; % of Total ; Min    ; Max   ;
+------------------------+-------+-------+-------------+------------+--------+-------+
; Hold Relationship      ; 0.000 ;       ;             ;            ;        ;       ;
; Clock Skew             ; 0.115 ;       ;             ;            ;        ;       ;
; Data Delay             ; 0.421 ;       ;             ;            ;        ;       ;
; Number of Logic Levels ;       ; 1     ;             ;            ;        ;       ;
; Physical Delays        ;       ;       ;             ;            ;        ;       ;
;  Arrival Path          ;       ;       ;             ;            ;        ;       ;
;   Clock                ;       ;       ;             ;            ;        ;       ;
;    IC                  ;       ; 3     ; -0.001      ; 0          ; -0.001 ; 0.000 ;
;    Cell                ;       ; 3     ; 2.029       ; 44         ; 0.505  ; 0.989 ;
;    Routing Element     ;       ; 27    ; 2.558       ; 56         ; 0.000  ; 0.826 ;
;   Data                 ;       ;       ;             ;            ;        ;       ;
;    IC                  ;       ; 2     ; -0.001      ; 0          ; -0.001 ; 0.000 ;
;    Cell                ;       ; 3     ; 0.167       ; 40         ; 0.000  ; 0.086 ;
;    uTco                ;       ; 1     ; 0.000       ; 0          ; 0.000  ; 0.000 ;
;    Routing Element     ;       ; 4     ; 0.255       ; 60         ; 0.000  ; 0.127 ;
;  Required Path         ;       ;       ;             ;            ;        ;       ;
;   Clock                ;       ;       ;             ;            ;        ;       ;
;    IC                  ;       ; 3     ; -0.001      ; 0          ; -0.001 ; 0.000 ;
;    Cell                ;       ; 3     ; 2.140       ; 44         ; 0.538  ; 0.989 ;
;    Routing Element     ;       ; 27    ; 2.669       ; 56         ; 0.000  ; 0.859 ;
+------------------------+-------+-------+-------------+------------+--------+-------+
Note: Negative delays are omitted from totals when calculating percentages

+------------------------------------------------------------------------------------------------------------------------------+
; Data Arrival Path                                                                                                            ;
+---------+----------+----+------+--------+---------------------------------------+--------------------------------------------+
; Total   ; Incr     ; RF ; Type ; Fanout ; Location                              ; Element                                    ;
+---------+----------+----+------+--------+---------------------------------------+--------------------------------------------+
; 0.000   ; 0.000    ;    ;      ;        ;                                       ; launch edge time                           ;
; 4.586   ; 4.586    ;    ;      ;        ;                                       ; clock path                                 ;
;   0.000 ;   0.000  ;    ;      ;        ;                                       ; source latency                             ;
;   0.000 ;   0.000  ;    ;      ; 1      ; PIN_N16                               ; clk                                        ;
;   0.000 ;   0.000  ;    ; RE   ; 1      ; IOPAD_X89_Y35_N43                     ; ARRIAV_IO_PAD                              ;
;   0.000 ;   0.000  ;    ; RE   ; 1      ; IO_PAD_OUTPUT_X89_Y35_N43_I1          ; IO_PAD_OUTPUT                              ;
;   0.000 ;   0.000  ;    ; RE   ; 1      ; IO_INPUT_BUFFER_INPUT_X89_Y35_N44_I0  ; IO_INPUT_BUFFER_INPUT                      ;
;   0.000 ;   0.000  ; RR ; IC   ; 1      ; IOIBUF_X89_Y35_N44                    ; clk~input|i                                ;
;   0.989 ;   0.989  ; RR ; CELL ; 1      ; IOIBUF_X89_Y35_N44                    ; clk~input|o                                ;
;   0.989 ;   0.000  ;    ; RE   ; 1      ; IOIBUF_X89_Y35_N44                    ; ARRIAV_IO_IBUF                             ;
;   0.989 ;   0.000  ;    ; RE   ; 1      ; IO_INPUT_BUFFER_OUTPUT_X89_Y35_N44_I2 ; IO_INPUT_BUFFER_OUTPUT                     ;
;   0.989 ;   0.000  ;    ; RE   ; 1      ; IO_RE_X89_Y35_N43_I96                 ; IO_RE                                      ;
;   1.084 ;   0.095  ;    ; RE   ; 1      ; IO_RE_X89_Y35_N43_I66                 ; IO_RE                                      ;
;   1.296 ;   0.212  ;    ; RE   ; 1      ; CLKBUF_CLUSTER_RE_X89_Y39_N3_I368     ; CLKBUF_CLUSTER_RE                          ;
;   1.296 ;   0.000  ;    ; RE   ; 1      ; CLKBUF_CLUSTER_RE_X89_Y39_N3_I764     ; CLKBUF_CLUSTER_RE                          ;
;   1.296 ;   0.000  ;    ; RE   ; 1      ; CLKBUF_CLUSTER_RE_X89_Y39_N3_I813     ; CLKBUF_CLUSTER_RE                          ;
;   1.296 ;   0.000  ;    ; RE   ; 1      ; CLKBUF_CLUSTER_RE_X89_Y39_N3_I553     ; CLKBUF_CLUSTER_RE                          ;
;   1.296 ;   0.000  ;    ; RE   ; 1      ; GCLK_CLUSTER_RE_X89_Y39_N6_I10        ; GCLK_CLUSTER_RE                            ;
;   1.296 ;   0.000  ;    ; RE   ; 1      ; CLKBUFBLOCK_INPUT_X89_Y39_N7_I0       ; CLKBUFBLOCK_INPUT                          ;
;   1.296 ;   0.000  ; RR ; IC   ; 1      ; CLKCTRL_G9                            ; clk~inputCLKENA0|inclk                     ;
;   1.801 ;   0.505  ; RR ; CELL ; 7412   ; CLKCTRL_G9                            ; clk~inputCLKENA0|outclk                    ;
;   1.801 ;   0.000  ;    ; RE   ; 1      ; CLKCTRL_G9                            ; ARRIAV_CLKBUF                              ;
;   1.801 ;   0.000  ;    ; RE   ; 1      ; CLKBUFBLOCK_OUTPUT_X89_Y39_N7_I2      ; CLKBUFBLOCK_OUTPUT                         ;
;   1.801 ;   0.000  ;    ; RE   ; 1      ; GCLK_CLUSTER_RE_X89_Y39_N6_I12        ; GCLK_CLUSTER_RE                            ;
;   1.801 ;   0.000  ;    ; RE   ; 1      ; CLKBUF_CLUSTER_RE_X89_Y39_N3_I416     ; CLKBUF_CLUSTER_RE                          ;
;   2.627 ;   0.826  ;    ; RE   ; 8      ; GLOBAL_CLOCK_X0_Y36_N0_I9             ; GLOBAL_CLOCK                               ;
;   2.785 ;   0.158  ;    ; RE   ; 13     ; SPINE_CLOCK_X33_Y37_N0_I7             ; SPINE_CLOCK                                ;
;   3.244 ;   0.459  ;    ; RE   ; 1      ; SCLK_TO_ROWCLK_BUF_X33_Y49_N0_I43     ; SCLK_TO_ROWCLK_BUF                         ;
;   3.331 ;   0.087  ;    ; RE   ; 1      ; SCLK_TO_ROWCLK_BUF_X33_Y49_N0_I46     ; SCLK_TO_ROWCLK_BUF                         ;
;   3.808 ;   0.477  ;    ; RE   ; 3      ; LAB_CLK_X25_Y49_N0_I5                 ; LAB_CLK                                    ;
;   3.947 ;   0.139  ;    ; RE   ; 1      ; BLK_CLK_BUF_X28_Y49_N0_I5             ; BLK_CLK_BUF                                ;
;   4.009 ;   0.062  ;    ; RE   ; 1      ; ROWCLKSEL_PREBUF_X28_Y49_N0_I5        ; ROWCLKSEL_PREBUF                           ;
;   4.052 ;   0.043  ;    ; RE   ; 1      ; ROWCLKSEL_X28_Y49_N0_I0               ; ROWCLKSEL                                  ;
;   4.052 ;   0.000  ;    ; RE   ; 1      ; GLOBAL_LOCAL_SEL_X28_Y49_N0_I0        ; GLOBAL_LOCAL_SEL                           ;
;   4.052 ;   0.000  ;    ; RE   ; 14     ; LAB_INPUT_X28_Y49_N0_I0               ; LAB_INPUT                                  ;
;   4.051 ;   -0.001 ; RR ; IC   ; 1      ; FF_X28_Y49_N41                        ; u_norm|u_norm|sum_sq[3]|clk                ;
;   4.586 ;   0.535  ; RR ; CELL ; 1      ; FF_X28_Y49_N41                        ; norm_dispatch:u_norm|norm:u_norm|sum_sq[3] ;
; 5.007   ; 0.421    ;    ;      ;        ;                                       ; data path                                  ;
;   4.586 ;   0.000  ;    ; uTco ; 1      ; FF_X28_Y49_N41                        ; norm_dispatch:u_norm|norm:u_norm|sum_sq[3] ;
;   4.586 ;   0.000  ; FF ; CELL ; 3      ; FF_X28_Y49_N41                        ; u_norm|u_norm|sum_sq[3]|q                  ;
;   4.649 ;   0.063  ;    ; RE   ; 2      ; FF_X28_Y49_N41                        ; ARRIAV_FF                                  ;
;   4.714 ;   0.065  ;    ; RE   ; 1      ; LOCAL_LINE_X28_Y49_N0_I13             ; LOCAL_LINE                                 ;
;   4.841 ;   0.127  ;    ; RE   ; 1      ; BLOCK_INPUT_MUX_X28_Y49_N0_I55        ; LEIM_INPUT                                 ;
;   4.840 ;   -0.001 ; FF ; IC   ; 2      ; MLABCELL_X28_Y49_N39                  ; u_norm|u_norm|Add24~149|dataf              ;
;   4.921 ;   0.081  ; FF ; CELL ; 1      ; MLABCELL_X28_Y49_N39                  ; u_norm|u_norm|Add24~149|sumout             ;
;   4.921 ;   0.000  ;    ; RE   ; 2      ; MLABCELL_X28_Y49_N39                  ; ARRIAV_LCELL_COMB                          ;
;   4.921 ;   0.000  ; FF ; IC   ; 1      ; FF_X28_Y49_N41                        ; u_norm|u_norm|sum_sq[3]|d                  ;
;   5.007 ;   0.086  ; FF ; CELL ; 1      ; FF_X28_Y49_N41                        ; norm_dispatch:u_norm|norm:u_norm|sum_sq[3] ;
+---------+----------+----+------+--------+---------------------------------------+--------------------------------------------+

+------------------------------------------------------------------------------------------------------------------------------+
; Data Required Path                                                                                                           ;
+---------+----------+----+------+--------+---------------------------------------+--------------------------------------------+
; Total   ; Incr     ; RF ; Type ; Fanout ; Location                              ; Element                                    ;
+---------+----------+----+------+--------+---------------------------------------+--------------------------------------------+
; 0.000   ; 0.000    ;    ;      ;        ;                                       ; latch edge time                            ;
; 4.701   ; 4.701    ;    ;      ;        ;                                       ; clock path                                 ;
;   0.000 ;   0.000  ;    ;      ;        ;                                       ; source latency                             ;
;   0.000 ;   0.000  ;    ;      ; 1      ; PIN_N16                               ; clk                                        ;
;   0.000 ;   0.000  ;    ; RE   ; 1      ; IOPAD_X89_Y35_N43                     ; ARRIAV_IO_PAD                              ;
;   0.000 ;   0.000  ;    ; RE   ; 1      ; IO_PAD_OUTPUT_X89_Y35_N43_I1          ; IO_PAD_OUTPUT                              ;
;   0.000 ;   0.000  ;    ; RE   ; 1      ; IO_INPUT_BUFFER_INPUT_X89_Y35_N44_I0  ; IO_INPUT_BUFFER_INPUT                      ;
;   0.000 ;   0.000  ; RR ; IC   ; 1      ; IOIBUF_X89_Y35_N44                    ; clk~input|i                                ;
;   0.989 ;   0.989  ; RR ; CELL ; 1      ; IOIBUF_X89_Y35_N44                    ; clk~input|o                                ;
;   0.989 ;   0.000  ;    ; RE   ; 1      ; IOIBUF_X89_Y35_N44                    ; ARRIAV_IO_IBUF                             ;
;   0.989 ;   0.000  ;    ; RE   ; 1      ; IO_INPUT_BUFFER_OUTPUT_X89_Y35_N44_I2 ; IO_INPUT_BUFFER_OUTPUT                     ;
;   0.989 ;   0.000  ;    ; RE   ; 1      ; IO_RE_X89_Y35_N43_I96                 ; IO_RE                                      ;
;   1.089 ;   0.100  ;    ; RE   ; 1      ; IO_RE_X89_Y35_N43_I66                 ; IO_RE                                      ;
;   1.311 ;   0.222  ;    ; RE   ; 1      ; CLKBUF_CLUSTER_RE_X89_Y39_N3_I368     ; CLKBUF_CLUSTER_RE                          ;
;   1.311 ;   0.000  ;    ; RE   ; 1      ; CLKBUF_CLUSTER_RE_X89_Y39_N3_I764     ; CLKBUF_CLUSTER_RE                          ;
;   1.311 ;   0.000  ;    ; RE   ; 1      ; CLKBUF_CLUSTER_RE_X89_Y39_N3_I813     ; CLKBUF_CLUSTER_RE                          ;
;   1.311 ;   0.000  ;    ; RE   ; 1      ; CLKBUF_CLUSTER_RE_X89_Y39_N3_I553     ; CLKBUF_CLUSTER_RE                          ;
;   1.311 ;   0.000  ;    ; RE   ; 1      ; GCLK_CLUSTER_RE_X89_Y39_N6_I10        ; GCLK_CLUSTER_RE                            ;
;   1.311 ;   0.000  ;    ; RE   ; 1      ; CLKBUFBLOCK_INPUT_X89_Y39_N7_I0       ; CLKBUFBLOCK_INPUT                          ;
;   1.311 ;   0.000  ; RR ; IC   ; 1      ; CLKCTRL_G9                            ; clk~inputCLKENA0|inclk                     ;
;   1.849 ;   0.538  ; RR ; CELL ; 7412   ; CLKCTRL_G9                            ; clk~inputCLKENA0|outclk                    ;
;   1.849 ;   0.000  ;    ; RE   ; 1      ; CLKCTRL_G9                            ; ARRIAV_CLKBUF                              ;
;   1.849 ;   0.000  ;    ; RE   ; 1      ; CLKBUFBLOCK_OUTPUT_X89_Y39_N7_I2      ; CLKBUFBLOCK_OUTPUT                         ;
;   1.849 ;   0.000  ;    ; RE   ; 1      ; GCLK_CLUSTER_RE_X89_Y39_N6_I12        ; GCLK_CLUSTER_RE                            ;
;   1.849 ;   0.000  ;    ; RE   ; 1      ; CLKBUF_CLUSTER_RE_X89_Y39_N3_I416     ; CLKBUF_CLUSTER_RE                          ;
;   2.708 ;   0.859  ;    ; RE   ; 8      ; GLOBAL_CLOCK_X0_Y36_N0_I9             ; GLOBAL_CLOCK                               ;
;   2.872 ;   0.164  ;    ; RE   ; 13     ; SPINE_CLOCK_X33_Y37_N0_I7             ; SPINE_CLOCK                                ;
;   3.348 ;   0.476  ;    ; RE   ; 1      ; SCLK_TO_ROWCLK_BUF_X33_Y49_N0_I43     ; SCLK_TO_ROWCLK_BUF                         ;
;   3.438 ;   0.090  ;    ; RE   ; 1      ; SCLK_TO_ROWCLK_BUF_X33_Y49_N0_I46     ; SCLK_TO_ROWCLK_BUF                         ;
;   3.933 ;   0.495  ;    ; RE   ; 3      ; LAB_CLK_X25_Y49_N0_I5                 ; LAB_CLK                                    ;
;   4.084 ;   0.151  ;    ; RE   ; 1      ; BLK_CLK_BUF_X28_Y49_N0_I5             ; BLK_CLK_BUF                                ;
;   4.149 ;   0.065  ;    ; RE   ; 1      ; ROWCLKSEL_PREBUF_X28_Y49_N0_I5        ; ROWCLKSEL_PREBUF                           ;
;   4.196 ;   0.047  ;    ; RE   ; 1      ; ROWCLKSEL_X28_Y49_N0_I0               ; ROWCLKSEL                                  ;
;   4.196 ;   0.000  ;    ; RE   ; 1      ; GLOBAL_LOCAL_SEL_X28_Y49_N0_I0        ; GLOBAL_LOCAL_SEL                           ;
;   4.196 ;   0.000  ;    ; RE   ; 14     ; LAB_INPUT_X28_Y49_N0_I0               ; LAB_INPUT                                  ;
;   4.195 ;   -0.001 ; RR ; IC   ; 1      ; FF_X28_Y49_N41                        ; u_norm|u_norm|sum_sq[3]|clk                ;
;   4.808 ;   0.613  ; RR ; CELL ; 1      ; FF_X28_Y49_N41                        ; norm_dispatch:u_norm|norm:u_norm|sum_sq[3] ;
;   4.701 ;   -0.107 ;    ;      ;        ;                                       ; clock pessimism removed                    ;
; 4.701   ; 0.000    ;    ;      ;        ;                                       ; clock uncertainty                          ;
; 4.701   ; 0.000    ;    ; uTh  ; 1      ; FF_X28_Y49_N41                        ; norm_dispatch:u_norm|norm:u_norm|sum_sq[3] ;
+---------+----------+----+------+--------+---------------------------------------+--------------------------------------------+

----------------------------
; Extra Fitter Information ;
----------------------------
HTML report is unavailable in plain text report export.


Path #14: Hold slack is 0.311 
===============================================================================
+----------------------------------------------------------------------------+
; Path Summary                                                               ;
+--------------------+-------------------------------------------------------+
; Property           ; Value                                                 ;
+--------------------+-------------------------------------------------------+
; From Node          ; norm_dispatch:u_norm|norm:u_norm|sum_sq[26]~DUPLICATE ;
; To Node            ; norm_dispatch:u_norm|norm:u_norm|sum_sq[26]~DUPLICATE ;
; Launch Clock       ; clk                                                   ;
; Latch Clock        ; clk                                                   ;
; Data Arrival Time  ; 5.020                                                 ;
; Data Required Time ; 4.709                                                 ;
; Slack              ; 0.311                                                 ;
+--------------------+-------------------------------------------------------+

+------------------------------------------------------------------------------------+
; Statistics                                                                         ;
+------------------------+-------+-------+-------------+------------+--------+-------+
; Property               ; Value ; Count ; Total Delay ; % of Total ; Min    ; Max   ;
+------------------------+-------+-------+-------------+------------+--------+-------+
; Hold Relationship      ; 0.000 ;       ;             ;            ;        ;       ;
; Clock Skew             ; 0.113 ;       ;             ;            ;        ;       ;
; Data Delay             ; 0.424 ;       ;             ;            ;        ;       ;
; Number of Logic Levels ;       ; 1     ;             ;            ;        ;       ;
; Physical Delays        ;       ;       ;             ;            ;        ;       ;
;  Arrival Path          ;       ;       ;             ;            ;        ;       ;
;   Clock                ;       ;       ;             ;            ;        ;       ;
;    IC                  ;       ; 3     ; 0.001       ; 0          ; 0.000  ; 0.001 ;
;    Cell                ;       ; 3     ; 2.020       ; 44         ; 0.505  ; 0.989 ;
;    Routing Element     ;       ; 27    ; 2.575       ; 56         ; 0.000  ; 0.826 ;
;   Data                 ;       ;       ;             ;            ;        ;       ;
;    IC                  ;       ; 2     ; -0.001      ; 0          ; -0.001 ; 0.000 ;
;    Cell                ;       ; 3     ; 0.172       ; 40         ; 0.000  ; 0.089 ;
;    uTco                ;       ; 1     ; 0.000       ; 0          ; 0.000  ; 0.000 ;
;    Routing Element     ;       ; 4     ; 0.253       ; 60         ; 0.000  ; 0.119 ;
;  Required Path         ;       ;       ;             ;            ;        ;       ;
;   Clock                ;       ;       ;             ;            ;        ;       ;
;    IC                  ;       ; 3     ; 0.000       ; 0          ; 0.000  ; 0.000 ;
;    Cell                ;       ; 3     ; 2.130       ; 44         ; 0.538  ; 0.989 ;
;    Routing Element     ;       ; 27    ; 2.687       ; 56         ; 0.000  ; 0.859 ;
+------------------------+-------+-------+-------------+------------+--------+-------+
Note: Negative delays are omitted from totals when calculating percentages

+-----------------------------------------------------------------------------------------------------------------------------------------+
; Data Arrival Path                                                                                                                       ;
+---------+----------+----+------+--------+---------------------------------------+-------------------------------------------------------+
; Total   ; Incr     ; RF ; Type ; Fanout ; Location                              ; Element                                               ;
+---------+----------+----+------+--------+---------------------------------------+-------------------------------------------------------+
; 0.000   ; 0.000    ;    ;      ;        ;                                       ; launch edge time                                      ;
; 4.596   ; 4.596    ;    ;      ;        ;                                       ; clock path                                            ;
;   0.000 ;   0.000  ;    ;      ;        ;                                       ; source latency                                        ;
;   0.000 ;   0.000  ;    ;      ; 1      ; PIN_N16                               ; clk                                                   ;
;   0.000 ;   0.000  ;    ; RE   ; 1      ; IOPAD_X89_Y35_N43                     ; ARRIAV_IO_PAD                                         ;
;   0.000 ;   0.000  ;    ; RE   ; 1      ; IO_PAD_OUTPUT_X89_Y35_N43_I1          ; IO_PAD_OUTPUT                                         ;
;   0.000 ;   0.000  ;    ; RE   ; 1      ; IO_INPUT_BUFFER_INPUT_X89_Y35_N44_I0  ; IO_INPUT_BUFFER_INPUT                                 ;
;   0.000 ;   0.000  ; RR ; IC   ; 1      ; IOIBUF_X89_Y35_N44                    ; clk~input|i                                           ;
;   0.989 ;   0.989  ; RR ; CELL ; 1      ; IOIBUF_X89_Y35_N44                    ; clk~input|o                                           ;
;   0.989 ;   0.000  ;    ; RE   ; 1      ; IOIBUF_X89_Y35_N44                    ; ARRIAV_IO_IBUF                                        ;
;   0.989 ;   0.000  ;    ; RE   ; 1      ; IO_INPUT_BUFFER_OUTPUT_X89_Y35_N44_I2 ; IO_INPUT_BUFFER_OUTPUT                                ;
;   0.989 ;   0.000  ;    ; RE   ; 1      ; IO_RE_X89_Y35_N43_I96                 ; IO_RE                                                 ;
;   1.084 ;   0.095  ;    ; RE   ; 1      ; IO_RE_X89_Y35_N43_I66                 ; IO_RE                                                 ;
;   1.296 ;   0.212  ;    ; RE   ; 1      ; CLKBUF_CLUSTER_RE_X89_Y39_N3_I368     ; CLKBUF_CLUSTER_RE                                     ;
;   1.296 ;   0.000  ;    ; RE   ; 1      ; CLKBUF_CLUSTER_RE_X89_Y39_N3_I764     ; CLKBUF_CLUSTER_RE                                     ;
;   1.296 ;   0.000  ;    ; RE   ; 1      ; CLKBUF_CLUSTER_RE_X89_Y39_N3_I813     ; CLKBUF_CLUSTER_RE                                     ;
;   1.296 ;   0.000  ;    ; RE   ; 1      ; CLKBUF_CLUSTER_RE_X89_Y39_N3_I553     ; CLKBUF_CLUSTER_RE                                     ;
;   1.296 ;   0.000  ;    ; RE   ; 1      ; GCLK_CLUSTER_RE_X89_Y39_N6_I10        ; GCLK_CLUSTER_RE                                       ;
;   1.296 ;   0.000  ;    ; RE   ; 1      ; CLKBUFBLOCK_INPUT_X89_Y39_N7_I0       ; CLKBUFBLOCK_INPUT                                     ;
;   1.296 ;   0.000  ; RR ; IC   ; 1      ; CLKCTRL_G9                            ; clk~inputCLKENA0|inclk                                ;
;   1.801 ;   0.505  ; RR ; CELL ; 7412   ; CLKCTRL_G9                            ; clk~inputCLKENA0|outclk                               ;
;   1.801 ;   0.000  ;    ; RE   ; 1      ; CLKCTRL_G9                            ; ARRIAV_CLKBUF                                         ;
;   1.801 ;   0.000  ;    ; RE   ; 1      ; CLKBUFBLOCK_OUTPUT_X89_Y39_N7_I2      ; CLKBUFBLOCK_OUTPUT                                    ;
;   1.801 ;   0.000  ;    ; RE   ; 1      ; GCLK_CLUSTER_RE_X89_Y39_N6_I12        ; GCLK_CLUSTER_RE                                       ;
;   1.801 ;   0.000  ;    ; RE   ; 1      ; CLKBUF_CLUSTER_RE_X89_Y39_N3_I416     ; CLKBUF_CLUSTER_RE                                     ;
;   2.627 ;   0.826  ;    ; RE   ; 8      ; GLOBAL_CLOCK_X0_Y36_N0_I9             ; GLOBAL_CLOCK                                          ;
;   2.787 ;   0.160  ;    ; RE   ; 13     ; SPINE_CLOCK_X33_Y37_N0_I7             ; SPINE_CLOCK                                           ;
;   3.245 ;   0.458  ;    ; RE   ; 1      ; SCLK_TO_ROWCLK_BUF_X33_Y47_N0_I43     ; SCLK_TO_ROWCLK_BUF                                    ;
;   3.342 ;   0.097  ;    ; RE   ; 2      ; SCLK_TO_ROWCLK_BUF_X33_Y47_N0_I46     ; SCLK_TO_ROWCLK_BUF                                    ;
;   3.825 ;   0.483  ;    ; RE   ; 3      ; LAB_CLK_X25_Y47_N0_I5                 ; LAB_CLK                                               ;
;   3.964 ;   0.139  ;    ; RE   ; 1      ; BLK_CLK_BUF_X28_Y47_N0_I5             ; BLK_CLK_BUF                                           ;
;   4.026 ;   0.062  ;    ; RE   ; 1      ; ROWCLKSEL_PREBUF_X28_Y47_N0_I5        ; ROWCLKSEL_PREBUF                                      ;
;   4.069 ;   0.043  ;    ; RE   ; 1      ; ROWCLKSEL_X28_Y47_N0_I0               ; ROWCLKSEL                                             ;
;   4.069 ;   0.000  ;    ; RE   ; 1      ; GLOBAL_LOCAL_SEL_X28_Y47_N0_I0        ; GLOBAL_LOCAL_SEL                                      ;
;   4.069 ;   0.000  ;    ; RE   ; 17     ; LAB_INPUT_X28_Y47_N0_I0               ; LAB_INPUT                                             ;
;   4.070 ;   0.001  ; RR ; IC   ; 1      ; FF_X28_Y47_N20                        ; u_norm|u_norm|sum_sq[26]~DUPLICATE|clk                ;
;   4.596 ;   0.526  ; RR ; CELL ; 1      ; FF_X28_Y47_N20                        ; norm_dispatch:u_norm|norm:u_norm|sum_sq[26]~DUPLICATE ;
; 5.020   ; 0.424    ;    ;      ;        ;                                       ; data path                                             ;
;   4.596 ;   0.000  ;    ; uTco ; 1      ; FF_X28_Y47_N20                        ; norm_dispatch:u_norm|norm:u_norm|sum_sq[26]~DUPLICATE ;
;   4.596 ;   0.000  ; FF ; CELL ; 2      ; FF_X28_Y47_N20                        ; u_norm|u_norm|sum_sq[26]~DUPLICATE|q                  ;
;   4.658 ;   0.062  ;    ; RE   ; 1      ; FF_X28_Y47_N20                        ; ARRIAV_FF                                             ;
;   4.730 ;   0.072  ;    ; RE   ; 2      ; LOCAL_LINE_X28_Y47_N0_I6              ; LOCAL_LINE                                            ;
;   4.849 ;   0.119  ;    ; RE   ; 1      ; BLOCK_INPUT_MUX_X28_Y47_N0_I25        ; LEIM_INPUT                                            ;
;   4.848 ;   -0.001 ; FF ; IC   ; 2      ; MLABCELL_X28_Y47_N18                  ; u_norm|u_norm|Add24~21|dataf                          ;
;   4.931 ;   0.083  ; FF ; CELL ; 2      ; MLABCELL_X28_Y47_N18                  ; u_norm|u_norm|Add24~21|sumout                         ;
;   4.931 ;   0.000  ;    ; RE   ; 3      ; MLABCELL_X28_Y47_N18                  ; ARRIAV_LCELL_COMB                                     ;
;   4.931 ;   0.000  ; FF ; IC   ; 1      ; FF_X28_Y47_N20                        ; u_norm|u_norm|sum_sq[26]~DUPLICATE|d                  ;
;   5.020 ;   0.089  ; FF ; CELL ; 1      ; FF_X28_Y47_N20                        ; norm_dispatch:u_norm|norm:u_norm|sum_sq[26]~DUPLICATE ;
+---------+----------+----+------+--------+---------------------------------------+-------------------------------------------------------+

+-----------------------------------------------------------------------------------------------------------------------------------------+
; Data Required Path                                                                                                                      ;
+---------+----------+----+------+--------+---------------------------------------+-------------------------------------------------------+
; Total   ; Incr     ; RF ; Type ; Fanout ; Location                              ; Element                                               ;
+---------+----------+----+------+--------+---------------------------------------+-------------------------------------------------------+
; 0.000   ; 0.000    ;    ;      ;        ;                                       ; latch edge time                                       ;
; 4.709   ; 4.709    ;    ;      ;        ;                                       ; clock path                                            ;
;   0.000 ;   0.000  ;    ;      ;        ;                                       ; source latency                                        ;
;   0.000 ;   0.000  ;    ;      ; 1      ; PIN_N16                               ; clk                                                   ;
;   0.000 ;   0.000  ;    ; RE   ; 1      ; IOPAD_X89_Y35_N43                     ; ARRIAV_IO_PAD                                         ;
;   0.000 ;   0.000  ;    ; RE   ; 1      ; IO_PAD_OUTPUT_X89_Y35_N43_I1          ; IO_PAD_OUTPUT                                         ;
;   0.000 ;   0.000  ;    ; RE   ; 1      ; IO_INPUT_BUFFER_INPUT_X89_Y35_N44_I0  ; IO_INPUT_BUFFER_INPUT                                 ;
;   0.000 ;   0.000  ; RR ; IC   ; 1      ; IOIBUF_X89_Y35_N44                    ; clk~input|i                                           ;
;   0.989 ;   0.989  ; RR ; CELL ; 1      ; IOIBUF_X89_Y35_N44                    ; clk~input|o                                           ;
;   0.989 ;   0.000  ;    ; RE   ; 1      ; IOIBUF_X89_Y35_N44                    ; ARRIAV_IO_IBUF                                        ;
;   0.989 ;   0.000  ;    ; RE   ; 1      ; IO_INPUT_BUFFER_OUTPUT_X89_Y35_N44_I2 ; IO_INPUT_BUFFER_OUTPUT                                ;
;   0.989 ;   0.000  ;    ; RE   ; 1      ; IO_RE_X89_Y35_N43_I96                 ; IO_RE                                                 ;
;   1.089 ;   0.100  ;    ; RE   ; 1      ; IO_RE_X89_Y35_N43_I66                 ; IO_RE                                                 ;
;   1.311 ;   0.222  ;    ; RE   ; 1      ; CLKBUF_CLUSTER_RE_X89_Y39_N3_I368     ; CLKBUF_CLUSTER_RE                                     ;
;   1.311 ;   0.000  ;    ; RE   ; 1      ; CLKBUF_CLUSTER_RE_X89_Y39_N3_I764     ; CLKBUF_CLUSTER_RE                                     ;
;   1.311 ;   0.000  ;    ; RE   ; 1      ; CLKBUF_CLUSTER_RE_X89_Y39_N3_I813     ; CLKBUF_CLUSTER_RE                                     ;
;   1.311 ;   0.000  ;    ; RE   ; 1      ; CLKBUF_CLUSTER_RE_X89_Y39_N3_I553     ; CLKBUF_CLUSTER_RE                                     ;
;   1.311 ;   0.000  ;    ; RE   ; 1      ; GCLK_CLUSTER_RE_X89_Y39_N6_I10        ; GCLK_CLUSTER_RE                                       ;
;   1.311 ;   0.000  ;    ; RE   ; 1      ; CLKBUFBLOCK_INPUT_X89_Y39_N7_I0       ; CLKBUFBLOCK_INPUT                                     ;
;   1.311 ;   0.000  ; RR ; IC   ; 1      ; CLKCTRL_G9                            ; clk~inputCLKENA0|inclk                                ;
;   1.849 ;   0.538  ; RR ; CELL ; 7412   ; CLKCTRL_G9                            ; clk~inputCLKENA0|outclk                               ;
;   1.849 ;   0.000  ;    ; RE   ; 1      ; CLKCTRL_G9                            ; ARRIAV_CLKBUF                                         ;
;   1.849 ;   0.000  ;    ; RE   ; 1      ; CLKBUFBLOCK_OUTPUT_X89_Y39_N7_I2      ; CLKBUFBLOCK_OUTPUT                                    ;
;   1.849 ;   0.000  ;    ; RE   ; 1      ; GCLK_CLUSTER_RE_X89_Y39_N6_I12        ; GCLK_CLUSTER_RE                                       ;
;   1.849 ;   0.000  ;    ; RE   ; 1      ; CLKBUF_CLUSTER_RE_X89_Y39_N3_I416     ; CLKBUF_CLUSTER_RE                                     ;
;   2.708 ;   0.859  ;    ; RE   ; 8      ; GLOBAL_CLOCK_X0_Y36_N0_I9             ; GLOBAL_CLOCK                                          ;
;   2.874 ;   0.166  ;    ; RE   ; 13     ; SPINE_CLOCK_X33_Y37_N0_I7             ; SPINE_CLOCK                                           ;
;   3.349 ;   0.475  ;    ; RE   ; 1      ; SCLK_TO_ROWCLK_BUF_X33_Y47_N0_I43     ; SCLK_TO_ROWCLK_BUF                                    ;
;   3.450 ;   0.101  ;    ; RE   ; 2      ; SCLK_TO_ROWCLK_BUF_X33_Y47_N0_I46     ; SCLK_TO_ROWCLK_BUF                                    ;
;   3.952 ;   0.502  ;    ; RE   ; 3      ; LAB_CLK_X25_Y47_N0_I5                 ; LAB_CLK                                               ;
;   4.103 ;   0.151  ;    ; RE   ; 1      ; BLK_CLK_BUF_X28_Y47_N0_I5             ; BLK_CLK_BUF                                           ;
;   4.167 ;   0.064  ;    ; RE   ; 1      ; ROWCLKSEL_PREBUF_X28_Y47_N0_I5        ; ROWCLKSEL_PREBUF                                      ;
;   4.214 ;   0.047  ;    ; RE   ; 1      ; ROWCLKSEL_X28_Y47_N0_I0               ; ROWCLKSEL                                             ;
;   4.214 ;   0.000  ;    ; RE   ; 1      ; GLOBAL_LOCAL_SEL_X28_Y47_N0_I0        ; GLOBAL_LOCAL_SEL                                      ;
;   4.214 ;   0.000  ;    ; RE   ; 17     ; LAB_INPUT_X28_Y47_N0_I0               ; LAB_INPUT                                             ;
;   4.214 ;   0.000  ; RR ; IC   ; 1      ; FF_X28_Y47_N20                        ; u_norm|u_norm|sum_sq[26]~DUPLICATE|clk                ;
;   4.817 ;   0.603  ; RR ; CELL ; 1      ; FF_X28_Y47_N20                        ; norm_dispatch:u_norm|norm:u_norm|sum_sq[26]~DUPLICATE ;
;   4.709 ;   -0.108 ;    ;      ;        ;                                       ; clock pessimism removed                               ;
; 4.709   ; 0.000    ;    ;      ;        ;                                       ; clock uncertainty                                     ;
; 4.709   ; 0.000    ;    ; uTh  ; 1      ; FF_X28_Y47_N20                        ; norm_dispatch:u_norm|norm:u_norm|sum_sq[26]~DUPLICATE ;
+---------+----------+----+------+--------+---------------------------------------+-------------------------------------------------------+

----------------------------
; Extra Fitter Information ;
----------------------------
HTML report is unavailable in plain text report export.


Path #15: Hold slack is 0.311 
===============================================================================
+------------------------------------------------------------------+
; Path Summary                                                     ;
+--------------------+---------------------------------------------+
; Property           ; Value                                       ;
+--------------------+---------------------------------------------+
; From Node          ; norm_dispatch:u_norm|norm:u_norm|sum_sq[23] ;
; To Node            ; norm_dispatch:u_norm|norm:u_norm|sum_sq[23] ;
; Launch Clock       ; clk                                         ;
; Latch Clock        ; clk                                         ;
; Data Arrival Time  ; 5.030                                       ;
; Data Required Time ; 4.719                                       ;
; Slack              ; 0.311                                       ;
+--------------------+---------------------------------------------+

+-----------------------------------------------------------------------------------+
; Statistics                                                                        ;
+------------------------+-------+-------+-------------+------------+-------+-------+
; Property               ; Value ; Count ; Total Delay ; % of Total ; Min   ; Max   ;
+------------------------+-------+-------+-------------+------------+-------+-------+
; Hold Relationship      ; 0.000 ;       ;             ;            ;       ;       ;
; Clock Skew             ; 0.114 ;       ;             ;            ;       ;       ;
; Data Delay             ; 0.425 ;       ;             ;            ;       ;       ;
; Number of Logic Levels ;       ; 1     ;             ;            ;       ;       ;
; Physical Delays        ;       ;       ;             ;            ;       ;       ;
;  Arrival Path          ;       ;       ;             ;            ;       ;       ;
;   Clock                ;       ;       ;             ;            ;       ;       ;
;    IC                  ;       ; 3     ; 0.001       ; 0          ; 0.000 ; 0.001 ;
;    Cell                ;       ; 3     ; 2.029       ; 44         ; 0.505 ; 0.989 ;
;    Routing Element     ;       ; 27    ; 2.575       ; 56         ; 0.000 ; 0.826 ;
;   Data                 ;       ;       ;             ;            ;       ;       ;
;    IC                  ;       ; 2     ; 0.000       ; 0          ; 0.000 ; 0.000 ;
;    Cell                ;       ; 3     ; 0.167       ; 39         ; 0.000 ; 0.086 ;
;    uTco                ;       ; 1     ; 0.000       ; 0          ; 0.000 ; 0.000 ;
;    Routing Element     ;       ; 4     ; 0.258       ; 61         ; 0.000 ; 0.128 ;
;  Required Path         ;       ;       ;             ;            ;       ;       ;
;   Clock                ;       ;       ;             ;            ;       ;       ;
;    IC                  ;       ; 3     ; 0.000       ; 0          ; 0.000 ; 0.000 ;
;    Cell                ;       ; 3     ; 2.140       ; 44         ; 0.538 ; 0.989 ;
;    Routing Element     ;       ; 27    ; 2.687       ; 56         ; 0.000 ; 0.859 ;
+------------------------+-------+-------+-------------+------------+-------+-------+
Note: Negative delays are omitted from totals when calculating percentages

+------------------------------------------------------------------------------------------------------------------------------+
; Data Arrival Path                                                                                                            ;
+---------+---------+----+------+--------+---------------------------------------+---------------------------------------------+
; Total   ; Incr    ; RF ; Type ; Fanout ; Location                              ; Element                                     ;
+---------+---------+----+------+--------+---------------------------------------+---------------------------------------------+
; 0.000   ; 0.000   ;    ;      ;        ;                                       ; launch edge time                            ;
; 4.605   ; 4.605   ;    ;      ;        ;                                       ; clock path                                  ;
;   0.000 ;   0.000 ;    ;      ;        ;                                       ; source latency                              ;
;   0.000 ;   0.000 ;    ;      ; 1      ; PIN_N16                               ; clk                                         ;
;   0.000 ;   0.000 ;    ; RE   ; 1      ; IOPAD_X89_Y35_N43                     ; ARRIAV_IO_PAD                               ;
;   0.000 ;   0.000 ;    ; RE   ; 1      ; IO_PAD_OUTPUT_X89_Y35_N43_I1          ; IO_PAD_OUTPUT                               ;
;   0.000 ;   0.000 ;    ; RE   ; 1      ; IO_INPUT_BUFFER_INPUT_X89_Y35_N44_I0  ; IO_INPUT_BUFFER_INPUT                       ;
;   0.000 ;   0.000 ; RR ; IC   ; 1      ; IOIBUF_X89_Y35_N44                    ; clk~input|i                                 ;
;   0.989 ;   0.989 ; RR ; CELL ; 1      ; IOIBUF_X89_Y35_N44                    ; clk~input|o                                 ;
;   0.989 ;   0.000 ;    ; RE   ; 1      ; IOIBUF_X89_Y35_N44                    ; ARRIAV_IO_IBUF                              ;
;   0.989 ;   0.000 ;    ; RE   ; 1      ; IO_INPUT_BUFFER_OUTPUT_X89_Y35_N44_I2 ; IO_INPUT_BUFFER_OUTPUT                      ;
;   0.989 ;   0.000 ;    ; RE   ; 1      ; IO_RE_X89_Y35_N43_I96                 ; IO_RE                                       ;
;   1.084 ;   0.095 ;    ; RE   ; 1      ; IO_RE_X89_Y35_N43_I66                 ; IO_RE                                       ;
;   1.296 ;   0.212 ;    ; RE   ; 1      ; CLKBUF_CLUSTER_RE_X89_Y39_N3_I368     ; CLKBUF_CLUSTER_RE                           ;
;   1.296 ;   0.000 ;    ; RE   ; 1      ; CLKBUF_CLUSTER_RE_X89_Y39_N3_I764     ; CLKBUF_CLUSTER_RE                           ;
;   1.296 ;   0.000 ;    ; RE   ; 1      ; CLKBUF_CLUSTER_RE_X89_Y39_N3_I813     ; CLKBUF_CLUSTER_RE                           ;
;   1.296 ;   0.000 ;    ; RE   ; 1      ; CLKBUF_CLUSTER_RE_X89_Y39_N3_I553     ; CLKBUF_CLUSTER_RE                           ;
;   1.296 ;   0.000 ;    ; RE   ; 1      ; GCLK_CLUSTER_RE_X89_Y39_N6_I10        ; GCLK_CLUSTER_RE                             ;
;   1.296 ;   0.000 ;    ; RE   ; 1      ; CLKBUFBLOCK_INPUT_X89_Y39_N7_I0       ; CLKBUFBLOCK_INPUT                           ;
;   1.296 ;   0.000 ; RR ; IC   ; 1      ; CLKCTRL_G9                            ; clk~inputCLKENA0|inclk                      ;
;   1.801 ;   0.505 ; RR ; CELL ; 7412   ; CLKCTRL_G9                            ; clk~inputCLKENA0|outclk                     ;
;   1.801 ;   0.000 ;    ; RE   ; 1      ; CLKCTRL_G9                            ; ARRIAV_CLKBUF                               ;
;   1.801 ;   0.000 ;    ; RE   ; 1      ; CLKBUFBLOCK_OUTPUT_X89_Y39_N7_I2      ; CLKBUFBLOCK_OUTPUT                          ;
;   1.801 ;   0.000 ;    ; RE   ; 1      ; GCLK_CLUSTER_RE_X89_Y39_N6_I12        ; GCLK_CLUSTER_RE                             ;
;   1.801 ;   0.000 ;    ; RE   ; 1      ; CLKBUF_CLUSTER_RE_X89_Y39_N3_I416     ; CLKBUF_CLUSTER_RE                           ;
;   2.627 ;   0.826 ;    ; RE   ; 8      ; GLOBAL_CLOCK_X0_Y36_N0_I9             ; GLOBAL_CLOCK                                ;
;   2.787 ;   0.160 ;    ; RE   ; 13     ; SPINE_CLOCK_X33_Y37_N0_I7             ; SPINE_CLOCK                                 ;
;   3.245 ;   0.458 ;    ; RE   ; 1      ; SCLK_TO_ROWCLK_BUF_X33_Y47_N0_I43     ; SCLK_TO_ROWCLK_BUF                          ;
;   3.342 ;   0.097 ;    ; RE   ; 2      ; SCLK_TO_ROWCLK_BUF_X33_Y47_N0_I46     ; SCLK_TO_ROWCLK_BUF                          ;
;   3.825 ;   0.483 ;    ; RE   ; 3      ; LAB_CLK_X25_Y47_N0_I5                 ; LAB_CLK                                     ;
;   3.964 ;   0.139 ;    ; RE   ; 1      ; BLK_CLK_BUF_X28_Y47_N0_I5             ; BLK_CLK_BUF                                 ;
;   4.026 ;   0.062 ;    ; RE   ; 1      ; ROWCLKSEL_PREBUF_X28_Y47_N0_I5        ; ROWCLKSEL_PREBUF                            ;
;   4.069 ;   0.043 ;    ; RE   ; 1      ; ROWCLKSEL_X28_Y47_N0_I0               ; ROWCLKSEL                                   ;
;   4.069 ;   0.000 ;    ; RE   ; 1      ; GLOBAL_LOCAL_SEL_X28_Y47_N0_I0        ; GLOBAL_LOCAL_SEL                            ;
;   4.069 ;   0.000 ;    ; RE   ; 17     ; LAB_INPUT_X28_Y47_N0_I0               ; LAB_INPUT                                   ;
;   4.070 ;   0.001 ; RR ; IC   ; 1      ; FF_X28_Y47_N11                        ; u_norm|u_norm|sum_sq[23]|clk                ;
;   4.605 ;   0.535 ; RR ; CELL ; 1      ; FF_X28_Y47_N11                        ; norm_dispatch:u_norm|norm:u_norm|sum_sq[23] ;
; 5.030   ; 0.425   ;    ;      ;        ;                                       ; data path                                   ;
;   4.605 ;   0.000 ;    ; uTco ; 1      ; FF_X28_Y47_N11                        ; norm_dispatch:u_norm|norm:u_norm|sum_sq[23] ;
;   4.605 ;   0.000 ; FF ; CELL ; 3      ; FF_X28_Y47_N11                        ; u_norm|u_norm|sum_sq[23]|q                  ;
;   4.668 ;   0.063 ;    ; RE   ; 2      ; FF_X28_Y47_N11                        ; ARRIAV_FF                                   ;
;   4.735 ;   0.067 ;    ; RE   ; 1      ; LOCAL_LINE_X28_Y47_N0_I3              ; LOCAL_LINE                                  ;
;   4.863 ;   0.128 ;    ; RE   ; 1      ; BLOCK_INPUT_MUX_X28_Y47_N0_I15        ; LEIM_INPUT                                  ;
;   4.863 ;   0.000 ; FF ; IC   ; 2      ; MLABCELL_X28_Y47_N9                   ; u_norm|u_norm|Add24~145|dataf               ;
;   4.944 ;   0.081 ; FF ; CELL ; 1      ; MLABCELL_X28_Y47_N9                   ; u_norm|u_norm|Add24~145|sumout              ;
;   4.944 ;   0.000 ;    ; RE   ; 2      ; MLABCELL_X28_Y47_N9                   ; ARRIAV_LCELL_COMB                           ;
;   4.944 ;   0.000 ; FF ; IC   ; 1      ; FF_X28_Y47_N11                        ; u_norm|u_norm|sum_sq[23]|d                  ;
;   5.030 ;   0.086 ; FF ; CELL ; 1      ; FF_X28_Y47_N11                        ; norm_dispatch:u_norm|norm:u_norm|sum_sq[23] ;
+---------+---------+----+------+--------+---------------------------------------+---------------------------------------------+

+-------------------------------------------------------------------------------------------------------------------------------+
; Data Required Path                                                                                                            ;
+---------+----------+----+------+--------+---------------------------------------+---------------------------------------------+
; Total   ; Incr     ; RF ; Type ; Fanout ; Location                              ; Element                                     ;
+---------+----------+----+------+--------+---------------------------------------+---------------------------------------------+
; 0.000   ; 0.000    ;    ;      ;        ;                                       ; latch edge time                             ;
; 4.719   ; 4.719    ;    ;      ;        ;                                       ; clock path                                  ;
;   0.000 ;   0.000  ;    ;      ;        ;                                       ; source latency                              ;
;   0.000 ;   0.000  ;    ;      ; 1      ; PIN_N16                               ; clk                                         ;
;   0.000 ;   0.000  ;    ; RE   ; 1      ; IOPAD_X89_Y35_N43                     ; ARRIAV_IO_PAD                               ;
;   0.000 ;   0.000  ;    ; RE   ; 1      ; IO_PAD_OUTPUT_X89_Y35_N43_I1          ; IO_PAD_OUTPUT                               ;
;   0.000 ;   0.000  ;    ; RE   ; 1      ; IO_INPUT_BUFFER_INPUT_X89_Y35_N44_I0  ; IO_INPUT_BUFFER_INPUT                       ;
;   0.000 ;   0.000  ; RR ; IC   ; 1      ; IOIBUF_X89_Y35_N44                    ; clk~input|i                                 ;
;   0.989 ;   0.989  ; RR ; CELL ; 1      ; IOIBUF_X89_Y35_N44                    ; clk~input|o                                 ;
;   0.989 ;   0.000  ;    ; RE   ; 1      ; IOIBUF_X89_Y35_N44                    ; ARRIAV_IO_IBUF                              ;
;   0.989 ;   0.000  ;    ; RE   ; 1      ; IO_INPUT_BUFFER_OUTPUT_X89_Y35_N44_I2 ; IO_INPUT_BUFFER_OUTPUT                      ;
;   0.989 ;   0.000  ;    ; RE   ; 1      ; IO_RE_X89_Y35_N43_I96                 ; IO_RE                                       ;
;   1.089 ;   0.100  ;    ; RE   ; 1      ; IO_RE_X89_Y35_N43_I66                 ; IO_RE                                       ;
;   1.311 ;   0.222  ;    ; RE   ; 1      ; CLKBUF_CLUSTER_RE_X89_Y39_N3_I368     ; CLKBUF_CLUSTER_RE                           ;
;   1.311 ;   0.000  ;    ; RE   ; 1      ; CLKBUF_CLUSTER_RE_X89_Y39_N3_I764     ; CLKBUF_CLUSTER_RE                           ;
;   1.311 ;   0.000  ;    ; RE   ; 1      ; CLKBUF_CLUSTER_RE_X89_Y39_N3_I813     ; CLKBUF_CLUSTER_RE                           ;
;   1.311 ;   0.000  ;    ; RE   ; 1      ; CLKBUF_CLUSTER_RE_X89_Y39_N3_I553     ; CLKBUF_CLUSTER_RE                           ;
;   1.311 ;   0.000  ;    ; RE   ; 1      ; GCLK_CLUSTER_RE_X89_Y39_N6_I10        ; GCLK_CLUSTER_RE                             ;
;   1.311 ;   0.000  ;    ; RE   ; 1      ; CLKBUFBLOCK_INPUT_X89_Y39_N7_I0       ; CLKBUFBLOCK_INPUT                           ;
;   1.311 ;   0.000  ; RR ; IC   ; 1      ; CLKCTRL_G9                            ; clk~inputCLKENA0|inclk                      ;
;   1.849 ;   0.538  ; RR ; CELL ; 7412   ; CLKCTRL_G9                            ; clk~inputCLKENA0|outclk                     ;
;   1.849 ;   0.000  ;    ; RE   ; 1      ; CLKCTRL_G9                            ; ARRIAV_CLKBUF                               ;
;   1.849 ;   0.000  ;    ; RE   ; 1      ; CLKBUFBLOCK_OUTPUT_X89_Y39_N7_I2      ; CLKBUFBLOCK_OUTPUT                          ;
;   1.849 ;   0.000  ;    ; RE   ; 1      ; GCLK_CLUSTER_RE_X89_Y39_N6_I12        ; GCLK_CLUSTER_RE                             ;
;   1.849 ;   0.000  ;    ; RE   ; 1      ; CLKBUF_CLUSTER_RE_X89_Y39_N3_I416     ; CLKBUF_CLUSTER_RE                           ;
;   2.708 ;   0.859  ;    ; RE   ; 8      ; GLOBAL_CLOCK_X0_Y36_N0_I9             ; GLOBAL_CLOCK                                ;
;   2.874 ;   0.166  ;    ; RE   ; 13     ; SPINE_CLOCK_X33_Y37_N0_I7             ; SPINE_CLOCK                                 ;
;   3.349 ;   0.475  ;    ; RE   ; 1      ; SCLK_TO_ROWCLK_BUF_X33_Y47_N0_I43     ; SCLK_TO_ROWCLK_BUF                          ;
;   3.450 ;   0.101  ;    ; RE   ; 2      ; SCLK_TO_ROWCLK_BUF_X33_Y47_N0_I46     ; SCLK_TO_ROWCLK_BUF                          ;
;   3.952 ;   0.502  ;    ; RE   ; 3      ; LAB_CLK_X25_Y47_N0_I5                 ; LAB_CLK                                     ;
;   4.103 ;   0.151  ;    ; RE   ; 1      ; BLK_CLK_BUF_X28_Y47_N0_I5             ; BLK_CLK_BUF                                 ;
;   4.167 ;   0.064  ;    ; RE   ; 1      ; ROWCLKSEL_PREBUF_X28_Y47_N0_I5        ; ROWCLKSEL_PREBUF                            ;
;   4.214 ;   0.047  ;    ; RE   ; 1      ; ROWCLKSEL_X28_Y47_N0_I0               ; ROWCLKSEL                                   ;
;   4.214 ;   0.000  ;    ; RE   ; 1      ; GLOBAL_LOCAL_SEL_X28_Y47_N0_I0        ; GLOBAL_LOCAL_SEL                            ;
;   4.214 ;   0.000  ;    ; RE   ; 17     ; LAB_INPUT_X28_Y47_N0_I0               ; LAB_INPUT                                   ;
;   4.214 ;   0.000  ; RR ; IC   ; 1      ; FF_X28_Y47_N11                        ; u_norm|u_norm|sum_sq[23]|clk                ;
;   4.827 ;   0.613  ; RR ; CELL ; 1      ; FF_X28_Y47_N11                        ; norm_dispatch:u_norm|norm:u_norm|sum_sq[23] ;
;   4.719 ;   -0.108 ;    ;      ;        ;                                       ; clock pessimism removed                     ;
; 4.719   ; 0.000    ;    ;      ;        ;                                       ; clock uncertainty                           ;
; 4.719   ; 0.000    ;    ; uTh  ; 1      ; FF_X28_Y47_N11                        ; norm_dispatch:u_norm|norm:u_norm|sum_sq[23] ;
+---------+----------+----+------+--------+---------------------------------------+---------------------------------------------+

----------------------------
; Extra Fitter Information ;
----------------------------
HTML report is unavailable in plain text report export.


Path #16: Hold slack is 0.313 
===============================================================================
+-----------------------------------------------------------------+
; Path Summary                                                    ;
+--------------------+--------------------------------------------+
; Property           ; Value                                      ;
+--------------------+--------------------------------------------+
; From Node          ; norm_dispatch:u_norm|norm:u_norm|sum_sq[6] ;
; To Node            ; norm_dispatch:u_norm|norm:u_norm|sum_sq[6] ;
; Launch Clock       ; clk                                        ;
; Latch Clock        ; clk                                        ;
; Data Arrival Time  ; 5.004                                      ;
; Data Required Time ; 4.691                                      ;
; Slack              ; 0.313                                      ;
+--------------------+--------------------------------------------+

+------------------------------------------------------------------------------------+
; Statistics                                                                         ;
+------------------------+-------+-------+-------------+------------+--------+-------+
; Property               ; Value ; Count ; Total Delay ; % of Total ; Min    ; Max   ;
+------------------------+-------+-------+-------------+------------+--------+-------+
; Hold Relationship      ; 0.000 ;       ;             ;            ;        ;       ;
; Clock Skew             ; 0.114 ;       ;             ;            ;        ;       ;
; Data Delay             ; 0.427 ;       ;             ;            ;        ;       ;
; Number of Logic Levels ;       ; 1     ;             ;            ;        ;       ;
; Physical Delays        ;       ;       ;             ;            ;        ;       ;
;  Arrival Path          ;       ;       ;             ;            ;        ;       ;
;   Clock                ;       ;       ;             ;            ;        ;       ;
;    IC                  ;       ; 3     ; -0.001      ; 0          ; -0.001 ; 0.000 ;
;    Cell                ;       ; 3     ; 2.020       ; 44         ; 0.505  ; 0.989 ;
;    Routing Element     ;       ; 27    ; 2.558       ; 56         ; 0.000  ; 0.826 ;
;   Data                 ;       ;       ;             ;            ;        ;       ;
;    IC                  ;       ; 2     ; 0.000       ; 0          ; 0.000  ; 0.000 ;
;    Cell                ;       ; 3     ; 0.172       ; 40         ; 0.000  ; 0.089 ;
;    uTco                ;       ; 1     ; 0.000       ; 0          ; 0.000  ; 0.000 ;
;    Routing Element     ;       ; 4     ; 0.255       ; 60         ; 0.000  ; 0.120 ;
;  Required Path         ;       ;       ;             ;            ;        ;       ;
;   Clock                ;       ;       ;             ;            ;        ;       ;
;    IC                  ;       ; 3     ; -0.001      ; 0          ; -0.001 ; 0.000 ;
;    Cell                ;       ; 3     ; 2.130       ; 44         ; 0.538  ; 0.989 ;
;    Routing Element     ;       ; 27    ; 2.669       ; 56         ; 0.000  ; 0.859 ;
+------------------------+-------+-------+-------------+------------+--------+-------+
Note: Negative delays are omitted from totals when calculating percentages

+------------------------------------------------------------------------------------------------------------------------------+
; Data Arrival Path                                                                                                            ;
+---------+----------+----+------+--------+---------------------------------------+--------------------------------------------+
; Total   ; Incr     ; RF ; Type ; Fanout ; Location                              ; Element                                    ;
+---------+----------+----+------+--------+---------------------------------------+--------------------------------------------+
; 0.000   ; 0.000    ;    ;      ;        ;                                       ; launch edge time                           ;
; 4.577   ; 4.577    ;    ;      ;        ;                                       ; clock path                                 ;
;   0.000 ;   0.000  ;    ;      ;        ;                                       ; source latency                             ;
;   0.000 ;   0.000  ;    ;      ; 1      ; PIN_N16                               ; clk                                        ;
;   0.000 ;   0.000  ;    ; RE   ; 1      ; IOPAD_X89_Y35_N43                     ; ARRIAV_IO_PAD                              ;
;   0.000 ;   0.000  ;    ; RE   ; 1      ; IO_PAD_OUTPUT_X89_Y35_N43_I1          ; IO_PAD_OUTPUT                              ;
;   0.000 ;   0.000  ;    ; RE   ; 1      ; IO_INPUT_BUFFER_INPUT_X89_Y35_N44_I0  ; IO_INPUT_BUFFER_INPUT                      ;
;   0.000 ;   0.000  ; RR ; IC   ; 1      ; IOIBUF_X89_Y35_N44                    ; clk~input|i                                ;
;   0.989 ;   0.989  ; RR ; CELL ; 1      ; IOIBUF_X89_Y35_N44                    ; clk~input|o                                ;
;   0.989 ;   0.000  ;    ; RE   ; 1      ; IOIBUF_X89_Y35_N44                    ; ARRIAV_IO_IBUF                             ;
;   0.989 ;   0.000  ;    ; RE   ; 1      ; IO_INPUT_BUFFER_OUTPUT_X89_Y35_N44_I2 ; IO_INPUT_BUFFER_OUTPUT                     ;
;   0.989 ;   0.000  ;    ; RE   ; 1      ; IO_RE_X89_Y35_N43_I96                 ; IO_RE                                      ;
;   1.084 ;   0.095  ;    ; RE   ; 1      ; IO_RE_X89_Y35_N43_I66                 ; IO_RE                                      ;
;   1.296 ;   0.212  ;    ; RE   ; 1      ; CLKBUF_CLUSTER_RE_X89_Y39_N3_I368     ; CLKBUF_CLUSTER_RE                          ;
;   1.296 ;   0.000  ;    ; RE   ; 1      ; CLKBUF_CLUSTER_RE_X89_Y39_N3_I764     ; CLKBUF_CLUSTER_RE                          ;
;   1.296 ;   0.000  ;    ; RE   ; 1      ; CLKBUF_CLUSTER_RE_X89_Y39_N3_I813     ; CLKBUF_CLUSTER_RE                          ;
;   1.296 ;   0.000  ;    ; RE   ; 1      ; CLKBUF_CLUSTER_RE_X89_Y39_N3_I553     ; CLKBUF_CLUSTER_RE                          ;
;   1.296 ;   0.000  ;    ; RE   ; 1      ; GCLK_CLUSTER_RE_X89_Y39_N6_I10        ; GCLK_CLUSTER_RE                            ;
;   1.296 ;   0.000  ;    ; RE   ; 1      ; CLKBUFBLOCK_INPUT_X89_Y39_N7_I0       ; CLKBUFBLOCK_INPUT                          ;
;   1.296 ;   0.000  ; RR ; IC   ; 1      ; CLKCTRL_G9                            ; clk~inputCLKENA0|inclk                     ;
;   1.801 ;   0.505  ; RR ; CELL ; 7412   ; CLKCTRL_G9                            ; clk~inputCLKENA0|outclk                    ;
;   1.801 ;   0.000  ;    ; RE   ; 1      ; CLKCTRL_G9                            ; ARRIAV_CLKBUF                              ;
;   1.801 ;   0.000  ;    ; RE   ; 1      ; CLKBUFBLOCK_OUTPUT_X89_Y39_N7_I2      ; CLKBUFBLOCK_OUTPUT                         ;
;   1.801 ;   0.000  ;    ; RE   ; 1      ; GCLK_CLUSTER_RE_X89_Y39_N6_I12        ; GCLK_CLUSTER_RE                            ;
;   1.801 ;   0.000  ;    ; RE   ; 1      ; CLKBUF_CLUSTER_RE_X89_Y39_N3_I416     ; CLKBUF_CLUSTER_RE                          ;
;   2.627 ;   0.826  ;    ; RE   ; 8      ; GLOBAL_CLOCK_X0_Y36_N0_I9             ; GLOBAL_CLOCK                               ;
;   2.785 ;   0.158  ;    ; RE   ; 13     ; SPINE_CLOCK_X33_Y37_N0_I7             ; SPINE_CLOCK                                ;
;   3.244 ;   0.459  ;    ; RE   ; 1      ; SCLK_TO_ROWCLK_BUF_X33_Y49_N0_I43     ; SCLK_TO_ROWCLK_BUF                         ;
;   3.331 ;   0.087  ;    ; RE   ; 1      ; SCLK_TO_ROWCLK_BUF_X33_Y49_N0_I46     ; SCLK_TO_ROWCLK_BUF                         ;
;   3.808 ;   0.477  ;    ; RE   ; 3      ; LAB_CLK_X25_Y49_N0_I5                 ; LAB_CLK                                    ;
;   3.947 ;   0.139  ;    ; RE   ; 1      ; BLK_CLK_BUF_X28_Y49_N0_I5             ; BLK_CLK_BUF                                ;
;   4.009 ;   0.062  ;    ; RE   ; 1      ; ROWCLKSEL_PREBUF_X28_Y49_N0_I5        ; ROWCLKSEL_PREBUF                           ;
;   4.052 ;   0.043  ;    ; RE   ; 1      ; ROWCLKSEL_X28_Y49_N0_I0               ; ROWCLKSEL                                  ;
;   4.052 ;   0.000  ;    ; RE   ; 1      ; GLOBAL_LOCAL_SEL_X28_Y49_N0_I0        ; GLOBAL_LOCAL_SEL                           ;
;   4.052 ;   0.000  ;    ; RE   ; 14     ; LAB_INPUT_X28_Y49_N0_I0               ; LAB_INPUT                                  ;
;   4.051 ;   -0.001 ; RR ; IC   ; 1      ; FF_X28_Y49_N50                        ; u_norm|u_norm|sum_sq[6]|clk                ;
;   4.577 ;   0.526  ; RR ; CELL ; 1      ; FF_X28_Y49_N50                        ; norm_dispatch:u_norm|norm:u_norm|sum_sq[6] ;
; 5.004   ; 0.427    ;    ;      ;        ;                                       ; data path                                  ;
;   4.577 ;   0.000  ;    ; uTco ; 1      ; FF_X28_Y49_N50                        ; norm_dispatch:u_norm|norm:u_norm|sum_sq[6] ;
;   4.577 ;   0.000  ; FF ; CELL ; 1      ; FF_X28_Y49_N50                        ; u_norm|u_norm|sum_sq[6]|q                  ;
;   4.640 ;   0.063  ;    ; RE   ; 1      ; FF_X28_Y49_N50                        ; ARRIAV_FF                                  ;
;   4.712 ;   0.072  ;    ; RE   ; 1      ; LOCAL_LINE_X28_Y49_N0_I16             ; LOCAL_LINE                                 ;
;   4.832 ;   0.120  ;    ; RE   ; 1      ; BLOCK_INPUT_MUX_X28_Y49_N0_I65        ; LEIM_INPUT                                 ;
;   4.832 ;   0.000  ; FF ; IC   ; 2      ; MLABCELL_X28_Y49_N48                  ; u_norm|u_norm|Add24~13|dataf               ;
;   4.915 ;   0.083  ; FF ; CELL ; 2      ; MLABCELL_X28_Y49_N48                  ; u_norm|u_norm|Add24~13|sumout              ;
;   4.915 ;   0.000  ;    ; RE   ; 3      ; MLABCELL_X28_Y49_N48                  ; ARRIAV_LCELL_COMB                          ;
;   4.915 ;   0.000  ; FF ; IC   ; 1      ; FF_X28_Y49_N50                        ; u_norm|u_norm|sum_sq[6]|d                  ;
;   5.004 ;   0.089  ; FF ; CELL ; 1      ; FF_X28_Y49_N50                        ; norm_dispatch:u_norm|norm:u_norm|sum_sq[6] ;
+---------+----------+----+------+--------+---------------------------------------+--------------------------------------------+

+------------------------------------------------------------------------------------------------------------------------------+
; Data Required Path                                                                                                           ;
+---------+----------+----+------+--------+---------------------------------------+--------------------------------------------+
; Total   ; Incr     ; RF ; Type ; Fanout ; Location                              ; Element                                    ;
+---------+----------+----+------+--------+---------------------------------------+--------------------------------------------+
; 0.000   ; 0.000    ;    ;      ;        ;                                       ; latch edge time                            ;
; 4.691   ; 4.691    ;    ;      ;        ;                                       ; clock path                                 ;
;   0.000 ;   0.000  ;    ;      ;        ;                                       ; source latency                             ;
;   0.000 ;   0.000  ;    ;      ; 1      ; PIN_N16                               ; clk                                        ;
;   0.000 ;   0.000  ;    ; RE   ; 1      ; IOPAD_X89_Y35_N43                     ; ARRIAV_IO_PAD                              ;
;   0.000 ;   0.000  ;    ; RE   ; 1      ; IO_PAD_OUTPUT_X89_Y35_N43_I1          ; IO_PAD_OUTPUT                              ;
;   0.000 ;   0.000  ;    ; RE   ; 1      ; IO_INPUT_BUFFER_INPUT_X89_Y35_N44_I0  ; IO_INPUT_BUFFER_INPUT                      ;
;   0.000 ;   0.000  ; RR ; IC   ; 1      ; IOIBUF_X89_Y35_N44                    ; clk~input|i                                ;
;   0.989 ;   0.989  ; RR ; CELL ; 1      ; IOIBUF_X89_Y35_N44                    ; clk~input|o                                ;
;   0.989 ;   0.000  ;    ; RE   ; 1      ; IOIBUF_X89_Y35_N44                    ; ARRIAV_IO_IBUF                             ;
;   0.989 ;   0.000  ;    ; RE   ; 1      ; IO_INPUT_BUFFER_OUTPUT_X89_Y35_N44_I2 ; IO_INPUT_BUFFER_OUTPUT                     ;
;   0.989 ;   0.000  ;    ; RE   ; 1      ; IO_RE_X89_Y35_N43_I96                 ; IO_RE                                      ;
;   1.089 ;   0.100  ;    ; RE   ; 1      ; IO_RE_X89_Y35_N43_I66                 ; IO_RE                                      ;
;   1.311 ;   0.222  ;    ; RE   ; 1      ; CLKBUF_CLUSTER_RE_X89_Y39_N3_I368     ; CLKBUF_CLUSTER_RE                          ;
;   1.311 ;   0.000  ;    ; RE   ; 1      ; CLKBUF_CLUSTER_RE_X89_Y39_N3_I764     ; CLKBUF_CLUSTER_RE                          ;
;   1.311 ;   0.000  ;    ; RE   ; 1      ; CLKBUF_CLUSTER_RE_X89_Y39_N3_I813     ; CLKBUF_CLUSTER_RE                          ;
;   1.311 ;   0.000  ;    ; RE   ; 1      ; CLKBUF_CLUSTER_RE_X89_Y39_N3_I553     ; CLKBUF_CLUSTER_RE                          ;
;   1.311 ;   0.000  ;    ; RE   ; 1      ; GCLK_CLUSTER_RE_X89_Y39_N6_I10        ; GCLK_CLUSTER_RE                            ;
;   1.311 ;   0.000  ;    ; RE   ; 1      ; CLKBUFBLOCK_INPUT_X89_Y39_N7_I0       ; CLKBUFBLOCK_INPUT                          ;
;   1.311 ;   0.000  ; RR ; IC   ; 1      ; CLKCTRL_G9                            ; clk~inputCLKENA0|inclk                     ;
;   1.849 ;   0.538  ; RR ; CELL ; 7412   ; CLKCTRL_G9                            ; clk~inputCLKENA0|outclk                    ;
;   1.849 ;   0.000  ;    ; RE   ; 1      ; CLKCTRL_G9                            ; ARRIAV_CLKBUF                              ;
;   1.849 ;   0.000  ;    ; RE   ; 1      ; CLKBUFBLOCK_OUTPUT_X89_Y39_N7_I2      ; CLKBUFBLOCK_OUTPUT                         ;
;   1.849 ;   0.000  ;    ; RE   ; 1      ; GCLK_CLUSTER_RE_X89_Y39_N6_I12        ; GCLK_CLUSTER_RE                            ;
;   1.849 ;   0.000  ;    ; RE   ; 1      ; CLKBUF_CLUSTER_RE_X89_Y39_N3_I416     ; CLKBUF_CLUSTER_RE                          ;
;   2.708 ;   0.859  ;    ; RE   ; 8      ; GLOBAL_CLOCK_X0_Y36_N0_I9             ; GLOBAL_CLOCK                               ;
;   2.872 ;   0.164  ;    ; RE   ; 13     ; SPINE_CLOCK_X33_Y37_N0_I7             ; SPINE_CLOCK                                ;
;   3.348 ;   0.476  ;    ; RE   ; 1      ; SCLK_TO_ROWCLK_BUF_X33_Y49_N0_I43     ; SCLK_TO_ROWCLK_BUF                         ;
;   3.438 ;   0.090  ;    ; RE   ; 1      ; SCLK_TO_ROWCLK_BUF_X33_Y49_N0_I46     ; SCLK_TO_ROWCLK_BUF                         ;
;   3.933 ;   0.495  ;    ; RE   ; 3      ; LAB_CLK_X25_Y49_N0_I5                 ; LAB_CLK                                    ;
;   4.084 ;   0.151  ;    ; RE   ; 1      ; BLK_CLK_BUF_X28_Y49_N0_I5             ; BLK_CLK_BUF                                ;
;   4.149 ;   0.065  ;    ; RE   ; 1      ; ROWCLKSEL_PREBUF_X28_Y49_N0_I5        ; ROWCLKSEL_PREBUF                           ;
;   4.196 ;   0.047  ;    ; RE   ; 1      ; ROWCLKSEL_X28_Y49_N0_I0               ; ROWCLKSEL                                  ;
;   4.196 ;   0.000  ;    ; RE   ; 1      ; GLOBAL_LOCAL_SEL_X28_Y49_N0_I0        ; GLOBAL_LOCAL_SEL                           ;
;   4.196 ;   0.000  ;    ; RE   ; 14     ; LAB_INPUT_X28_Y49_N0_I0               ; LAB_INPUT                                  ;
;   4.195 ;   -0.001 ; RR ; IC   ; 1      ; FF_X28_Y49_N50                        ; u_norm|u_norm|sum_sq[6]|clk                ;
;   4.798 ;   0.603  ; RR ; CELL ; 1      ; FF_X28_Y49_N50                        ; norm_dispatch:u_norm|norm:u_norm|sum_sq[6] ;
;   4.691 ;   -0.107 ;    ;      ;        ;                                       ; clock pessimism removed                    ;
; 4.691   ; 0.000    ;    ;      ;        ;                                       ; clock uncertainty                          ;
; 4.691   ; 0.000    ;    ; uTh  ; 1      ; FF_X28_Y49_N50                        ; norm_dispatch:u_norm|norm:u_norm|sum_sq[6] ;
+---------+----------+----+------+--------+---------------------------------------+--------------------------------------------+

----------------------------
; Extra Fitter Information ;
----------------------------
HTML report is unavailable in plain text report export.


Path #17: Hold slack is 0.313 
===============================================================================
+-------------------------------------------------------------------------------------------+
; Path Summary                                                                              ;
+--------------------+----------------------------------------------------------------------+
; Property           ; Value                                                                ;
+--------------------+----------------------------------------------------------------------+
; From Node          ; norm_dispatch:u_norm|norm:u_norm|isqrt_u64:u_sqrt|remainder_work[14] ;
; To Node            ; norm_dispatch:u_norm|norm:u_norm|isqrt_u64:u_sqrt|remainder_work[16] ;
; Launch Clock       ; clk                                                                  ;
; Latch Clock        ; clk                                                                  ;
; Data Arrival Time  ; 4.968                                                                ;
; Data Required Time ; 4.655                                                                ;
; Slack              ; 0.313                                                                ;
+--------------------+----------------------------------------------------------------------+

+-----------------------------------------------------------------------------------+
; Statistics                                                                        ;
+------------------------+-------+-------+-------------+------------+-------+-------+
; Property               ; Value ; Count ; Total Delay ; % of Total ; Min   ; Max   ;
+------------------------+-------+-------+-------------+------------+-------+-------+
; Hold Relationship      ; 0.000 ;       ;             ;            ;       ;       ;
; Clock Skew             ; 0.112 ;       ;             ;            ;       ;       ;
; Data Delay             ; 0.425 ;       ;             ;            ;       ;       ;
; Number of Logic Levels ;       ; 1     ;             ;            ;       ;       ;
; Physical Delays        ;       ;       ;             ;            ;       ;       ;
;  Arrival Path          ;       ;       ;             ;            ;       ;       ;
;   Clock                ;       ;       ;             ;            ;       ;       ;
;    IC                  ;       ; 3     ; 0.000       ; 0          ; 0.000 ; 0.000 ;
;    Cell                ;       ; 3     ; 2.005       ; 44         ; 0.505 ; 0.989 ;
;    Routing Element     ;       ; 27    ; 2.538       ; 56         ; 0.000 ; 0.823 ;
;   Data                 ;       ;       ;             ;            ;       ;       ;
;    IC                  ;       ; 2     ; 0.000       ; 0          ; 0.000 ; 0.000 ;
;    Cell                ;       ; 3     ; 0.170       ; 40         ; 0.000 ; 0.087 ;
;    uTco                ;       ; 1     ; 0.000       ; 0          ; 0.000 ; 0.000 ;
;    Routing Element     ;       ; 4     ; 0.255       ; 60         ; 0.000 ; 0.118 ;
;  Required Path         ;       ;       ;             ;            ;       ;       ;
;   Clock                ;       ;       ;             ;            ;       ;       ;
;    IC                  ;       ; 3     ; 0.000       ; 0          ; 0.000 ; 0.000 ;
;    Cell                ;       ; 3     ; 2.114       ; 44         ; 0.538 ; 0.989 ;
;    Routing Element     ;       ; 27    ; 2.647       ; 56         ; 0.000 ; 0.855 ;
+------------------------+-------+-------+-------------+------------+-------+-------+
Note: Negative delays are omitted from totals when calculating percentages

+-------------------------------------------------------------------------------------------------------------------------------------------------------+
; Data Arrival Path                                                                                                                                     ;
+---------+---------+----+------+--------+---------------------------------------+----------------------------------------------------------------------+
; Total   ; Incr    ; RF ; Type ; Fanout ; Location                              ; Element                                                              ;
+---------+---------+----+------+--------+---------------------------------------+----------------------------------------------------------------------+
; 0.000   ; 0.000   ;    ;      ;        ;                                       ; launch edge time                                                     ;
; 4.543   ; 4.543   ;    ;      ;        ;                                       ; clock path                                                           ;
;   0.000 ;   0.000 ;    ;      ;        ;                                       ; source latency                                                       ;
;   0.000 ;   0.000 ;    ;      ; 1      ; PIN_N16                               ; clk                                                                  ;
;   0.000 ;   0.000 ;    ; RE   ; 1      ; IOPAD_X89_Y35_N43                     ; ARRIAV_IO_PAD                                                        ;
;   0.000 ;   0.000 ;    ; RE   ; 1      ; IO_PAD_OUTPUT_X89_Y35_N43_I1          ; IO_PAD_OUTPUT                                                        ;
;   0.000 ;   0.000 ;    ; RE   ; 1      ; IO_INPUT_BUFFER_INPUT_X89_Y35_N44_I0  ; IO_INPUT_BUFFER_INPUT                                                ;
;   0.000 ;   0.000 ; RR ; IC   ; 1      ; IOIBUF_X89_Y35_N44                    ; clk~input|i                                                          ;
;   0.989 ;   0.989 ; RR ; CELL ; 1      ; IOIBUF_X89_Y35_N44                    ; clk~input|o                                                          ;
;   0.989 ;   0.000 ;    ; RE   ; 1      ; IOIBUF_X89_Y35_N44                    ; ARRIAV_IO_IBUF                                                       ;
;   0.989 ;   0.000 ;    ; RE   ; 1      ; IO_INPUT_BUFFER_OUTPUT_X89_Y35_N44_I2 ; IO_INPUT_BUFFER_OUTPUT                                               ;
;   0.989 ;   0.000 ;    ; RE   ; 1      ; IO_RE_X89_Y35_N43_I96                 ; IO_RE                                                                ;
;   1.084 ;   0.095 ;    ; RE   ; 1      ; IO_RE_X89_Y35_N43_I66                 ; IO_RE                                                                ;
;   1.296 ;   0.212 ;    ; RE   ; 1      ; CLKBUF_CLUSTER_RE_X89_Y39_N3_I368     ; CLKBUF_CLUSTER_RE                                                    ;
;   1.296 ;   0.000 ;    ; RE   ; 1      ; CLKBUF_CLUSTER_RE_X89_Y39_N3_I764     ; CLKBUF_CLUSTER_RE                                                    ;
;   1.296 ;   0.000 ;    ; RE   ; 1      ; CLKBUF_CLUSTER_RE_X89_Y39_N3_I813     ; CLKBUF_CLUSTER_RE                                                    ;
;   1.296 ;   0.000 ;    ; RE   ; 1      ; CLKBUF_CLUSTER_RE_X89_Y39_N3_I553     ; CLKBUF_CLUSTER_RE                                                    ;
;   1.296 ;   0.000 ;    ; RE   ; 1      ; GCLK_CLUSTER_RE_X89_Y39_N6_I10        ; GCLK_CLUSTER_RE                                                      ;
;   1.296 ;   0.000 ;    ; RE   ; 1      ; CLKBUFBLOCK_INPUT_X89_Y39_N7_I0       ; CLKBUFBLOCK_INPUT                                                    ;
;   1.296 ;   0.000 ; RR ; IC   ; 1      ; CLKCTRL_G9                            ; clk~inputCLKENA0|inclk                                               ;
;   1.801 ;   0.505 ; RR ; CELL ; 7412   ; CLKCTRL_G9                            ; clk~inputCLKENA0|outclk                                              ;
;   1.801 ;   0.000 ;    ; RE   ; 1      ; CLKCTRL_G9                            ; ARRIAV_CLKBUF                                                        ;
;   1.801 ;   0.000 ;    ; RE   ; 1      ; CLKBUFBLOCK_OUTPUT_X89_Y39_N7_I2      ; CLKBUFBLOCK_OUTPUT                                                   ;
;   1.801 ;   0.000 ;    ; RE   ; 1      ; GCLK_CLUSTER_RE_X89_Y39_N6_I12        ; GCLK_CLUSTER_RE                                                      ;
;   1.801 ;   0.000 ;    ; RE   ; 1      ; CLKBUF_CLUSTER_RE_X89_Y39_N3_I416     ; CLKBUF_CLUSTER_RE                                                    ;
;   2.624 ;   0.823 ;    ; RE   ; 8      ; GLOBAL_CLOCK_X0_Y36_N0_I9             ; GLOBAL_CLOCK                                                         ;
;   2.786 ;   0.162 ;    ; RE   ; 13     ; SPINE_CLOCK_X15_Y37_N0_I7             ; SPINE_CLOCK                                                          ;
;   3.244 ;   0.458 ;    ; RE   ; 1      ; SCLK_TO_ROWCLK_BUF_X15_Y45_N0_I43     ; SCLK_TO_ROWCLK_BUF                                                   ;
;   3.331 ;   0.087 ;    ; RE   ; 1      ; SCLK_TO_ROWCLK_BUF_X15_Y45_N0_I46     ; SCLK_TO_ROWCLK_BUF                                                   ;
;   3.799 ;   0.468 ;    ; RE   ; 6      ; LAB_CLK_X16_Y45_N0_I5                 ; LAB_CLK                                                              ;
;   3.930 ;   0.131 ;    ; RE   ; 1      ; BLK_CLK_BUF_X18_Y45_N0_I5             ; BLK_CLK_BUF                                                          ;
;   3.990 ;   0.060 ;    ; RE   ; 1      ; ROWCLKSEL_PREBUF_X18_Y45_N0_I5        ; ROWCLKSEL_PREBUF                                                     ;
;   4.032 ;   0.042 ;    ; RE   ; 1      ; ROWCLKSEL_X18_Y45_N0_I1               ; ROWCLKSEL                                                            ;
;   4.032 ;   0.000 ;    ; RE   ; 1      ; GLOBAL_LOCAL_SEL_X18_Y45_N0_I1        ; GLOBAL_LOCAL_SEL                                                     ;
;   4.032 ;   0.000 ;    ; RE   ; 20     ; LAB_INPUT_X18_Y45_N0_I2               ; LAB_INPUT                                                            ;
;   4.032 ;   0.000 ; RR ; IC   ; 1      ; FF_X18_Y45_N44                        ; u_norm|u_norm|u_sqrt|remainder_work[14]|clk                          ;
;   4.543 ;   0.511 ; RR ; CELL ; 1      ; FF_X18_Y45_N44                        ; norm_dispatch:u_norm|norm:u_norm|isqrt_u64:u_sqrt|remainder_work[14] ;
; 4.968   ; 0.425   ;    ;      ;        ;                                       ; data path                                                            ;
;   4.543 ;   0.000 ;    ; uTco ; 1      ; FF_X18_Y45_N44                        ; norm_dispatch:u_norm|norm:u_norm|isqrt_u64:u_sqrt|remainder_work[14] ;
;   4.543 ;   0.000 ; FF ; CELL ; 2      ; FF_X18_Y45_N44                        ; u_norm|u_norm|u_sqrt|remainder_work[14]|q                            ;
;   4.606 ;   0.063 ;    ; RE   ; 1      ; FF_X18_Y45_N44                        ; ARRIAV_FF                                                            ;
;   4.680 ;   0.074 ;    ; RE   ; 2      ; LOCAL_LINE_X18_Y45_N0_I14             ; LOCAL_LINE                                                           ;
;   4.798 ;   0.118 ;    ; RE   ; 1      ; BLOCK_INPUT_MUX_X18_Y45_N0_I65        ; LEIM_INPUT                                                           ;
;   4.798 ;   0.000 ; FF ; IC   ; 2      ; LABCELL_X18_Y45_N48                   ; u_norm|u_norm|u_sqrt|Add0~73|dataf                                   ;
;   4.881 ;   0.083 ; FF ; CELL ; 1      ; LABCELL_X18_Y45_N48                   ; u_norm|u_norm|u_sqrt|Add0~73|sumout                                  ;
;   4.881 ;   0.000 ;    ; RE   ; 2      ; LABCELL_X18_Y45_N48                   ; ARRIAV_LCELL_COMB                                                    ;
;   4.881 ;   0.000 ; FF ; IC   ; 1      ; FF_X18_Y45_N50                        ; u_norm|u_norm|u_sqrt|remainder_work[16]|d                            ;
;   4.968 ;   0.087 ; FF ; CELL ; 1      ; FF_X18_Y45_N50                        ; norm_dispatch:u_norm|norm:u_norm|isqrt_u64:u_sqrt|remainder_work[16] ;
+---------+---------+----+------+--------+---------------------------------------+----------------------------------------------------------------------+

+--------------------------------------------------------------------------------------------------------------------------------------------------------+
; Data Required Path                                                                                                                                     ;
+---------+----------+----+------+--------+---------------------------------------+----------------------------------------------------------------------+
; Total   ; Incr     ; RF ; Type ; Fanout ; Location                              ; Element                                                              ;
+---------+----------+----+------+--------+---------------------------------------+----------------------------------------------------------------------+
; 0.000   ; 0.000    ;    ;      ;        ;                                       ; latch edge time                                                      ;
; 4.655   ; 4.655    ;    ;      ;        ;                                       ; clock path                                                           ;
;   0.000 ;   0.000  ;    ;      ;        ;                                       ; source latency                                                       ;
;   0.000 ;   0.000  ;    ;      ; 1      ; PIN_N16                               ; clk                                                                  ;
;   0.000 ;   0.000  ;    ; RE   ; 1      ; IOPAD_X89_Y35_N43                     ; ARRIAV_IO_PAD                                                        ;
;   0.000 ;   0.000  ;    ; RE   ; 1      ; IO_PAD_OUTPUT_X89_Y35_N43_I1          ; IO_PAD_OUTPUT                                                        ;
;   0.000 ;   0.000  ;    ; RE   ; 1      ; IO_INPUT_BUFFER_INPUT_X89_Y35_N44_I0  ; IO_INPUT_BUFFER_INPUT                                                ;
;   0.000 ;   0.000  ; RR ; IC   ; 1      ; IOIBUF_X89_Y35_N44                    ; clk~input|i                                                          ;
;   0.989 ;   0.989  ; RR ; CELL ; 1      ; IOIBUF_X89_Y35_N44                    ; clk~input|o                                                          ;
;   0.989 ;   0.000  ;    ; RE   ; 1      ; IOIBUF_X89_Y35_N44                    ; ARRIAV_IO_IBUF                                                       ;
;   0.989 ;   0.000  ;    ; RE   ; 1      ; IO_INPUT_BUFFER_OUTPUT_X89_Y35_N44_I2 ; IO_INPUT_BUFFER_OUTPUT                                               ;
;   0.989 ;   0.000  ;    ; RE   ; 1      ; IO_RE_X89_Y35_N43_I96                 ; IO_RE                                                                ;
;   1.089 ;   0.100  ;    ; RE   ; 1      ; IO_RE_X89_Y35_N43_I66                 ; IO_RE                                                                ;
;   1.311 ;   0.222  ;    ; RE   ; 1      ; CLKBUF_CLUSTER_RE_X89_Y39_N3_I368     ; CLKBUF_CLUSTER_RE                                                    ;
;   1.311 ;   0.000  ;    ; RE   ; 1      ; CLKBUF_CLUSTER_RE_X89_Y39_N3_I764     ; CLKBUF_CLUSTER_RE                                                    ;
;   1.311 ;   0.000  ;    ; RE   ; 1      ; CLKBUF_CLUSTER_RE_X89_Y39_N3_I813     ; CLKBUF_CLUSTER_RE                                                    ;
;   1.311 ;   0.000  ;    ; RE   ; 1      ; CLKBUF_CLUSTER_RE_X89_Y39_N3_I553     ; CLKBUF_CLUSTER_RE                                                    ;
;   1.311 ;   0.000  ;    ; RE   ; 1      ; GCLK_CLUSTER_RE_X89_Y39_N6_I10        ; GCLK_CLUSTER_RE                                                      ;
;   1.311 ;   0.000  ;    ; RE   ; 1      ; CLKBUFBLOCK_INPUT_X89_Y39_N7_I0       ; CLKBUFBLOCK_INPUT                                                    ;
;   1.311 ;   0.000  ; RR ; IC   ; 1      ; CLKCTRL_G9                            ; clk~inputCLKENA0|inclk                                               ;
;   1.849 ;   0.538  ; RR ; CELL ; 7412   ; CLKCTRL_G9                            ; clk~inputCLKENA0|outclk                                              ;
;   1.849 ;   0.000  ;    ; RE   ; 1      ; CLKCTRL_G9                            ; ARRIAV_CLKBUF                                                        ;
;   1.849 ;   0.000  ;    ; RE   ; 1      ; CLKBUFBLOCK_OUTPUT_X89_Y39_N7_I2      ; CLKBUFBLOCK_OUTPUT                                                   ;
;   1.849 ;   0.000  ;    ; RE   ; 1      ; GCLK_CLUSTER_RE_X89_Y39_N6_I12        ; GCLK_CLUSTER_RE                                                      ;
;   1.849 ;   0.000  ;    ; RE   ; 1      ; CLKBUF_CLUSTER_RE_X89_Y39_N3_I416     ; CLKBUF_CLUSTER_RE                                                    ;
;   2.704 ;   0.855  ;    ; RE   ; 8      ; GLOBAL_CLOCK_X0_Y36_N0_I9             ; GLOBAL_CLOCK                                                         ;
;   2.872 ;   0.168  ;    ; RE   ; 13     ; SPINE_CLOCK_X15_Y37_N0_I7             ; SPINE_CLOCK                                                          ;
;   3.347 ;   0.475  ;    ; RE   ; 1      ; SCLK_TO_ROWCLK_BUF_X15_Y45_N0_I43     ; SCLK_TO_ROWCLK_BUF                                                   ;
;   3.437 ;   0.090  ;    ; RE   ; 1      ; SCLK_TO_ROWCLK_BUF_X15_Y45_N0_I46     ; SCLK_TO_ROWCLK_BUF                                                   ;
;   3.923 ;   0.486  ;    ; RE   ; 6      ; LAB_CLK_X16_Y45_N0_I5                 ; LAB_CLK                                                              ;
;   4.066 ;   0.143  ;    ; RE   ; 1      ; BLK_CLK_BUF_X18_Y45_N0_I5             ; BLK_CLK_BUF                                                          ;
;   4.128 ;   0.062  ;    ; RE   ; 1      ; ROWCLKSEL_PREBUF_X18_Y45_N0_I5        ; ROWCLKSEL_PREBUF                                                     ;
;   4.174 ;   0.046  ;    ; RE   ; 1      ; ROWCLKSEL_X18_Y45_N0_I1               ; ROWCLKSEL                                                            ;
;   4.174 ;   0.000  ;    ; RE   ; 1      ; GLOBAL_LOCAL_SEL_X18_Y45_N0_I1        ; GLOBAL_LOCAL_SEL                                                     ;
;   4.174 ;   0.000  ;    ; RE   ; 20     ; LAB_INPUT_X18_Y45_N0_I2               ; LAB_INPUT                                                            ;
;   4.174 ;   0.000  ; RR ; IC   ; 1      ; FF_X18_Y45_N50                        ; u_norm|u_norm|u_sqrt|remainder_work[16]|clk                          ;
;   4.761 ;   0.587  ; RR ; CELL ; 1      ; FF_X18_Y45_N50                        ; norm_dispatch:u_norm|norm:u_norm|isqrt_u64:u_sqrt|remainder_work[16] ;
;   4.655 ;   -0.106 ;    ;      ;        ;                                       ; clock pessimism removed                                              ;
; 4.655   ; 0.000    ;    ;      ;        ;                                       ; clock uncertainty                                                    ;
; 4.655   ; 0.000    ;    ; uTh  ; 1      ; FF_X18_Y45_N50                        ; norm_dispatch:u_norm|norm:u_norm|isqrt_u64:u_sqrt|remainder_work[16] ;
+---------+----------+----+------+--------+---------------------------------------+----------------------------------------------------------------------+

----------------------------
; Extra Fitter Information ;
----------------------------
HTML report is unavailable in plain text report export.


Path #18: Hold slack is 0.314 
===============================================================================
+------------------------------------------------------------------+
; Path Summary                                                     ;
+--------------------+---------------------------------------------+
; Property           ; Value                                       ;
+--------------------+---------------------------------------------+
; From Node          ; norm_dispatch:u_norm|norm:u_norm|sum_sq[22] ;
; To Node            ; norm_dispatch:u_norm|norm:u_norm|sum_sq[22] ;
; Launch Clock       ; clk                                         ;
; Latch Clock        ; clk                                         ;
; Data Arrival Time  ; 5.023                                       ;
; Data Required Time ; 4.709                                       ;
; Slack              ; 0.314                                       ;
+--------------------+---------------------------------------------+

+------------------------------------------------------------------------------------+
; Statistics                                                                         ;
+------------------------+-------+-------+-------------+------------+--------+-------+
; Property               ; Value ; Count ; Total Delay ; % of Total ; Min    ; Max   ;
+------------------------+-------+-------+-------------+------------+--------+-------+
; Hold Relationship      ; 0.000 ;       ;             ;            ;        ;       ;
; Clock Skew             ; 0.113 ;       ;             ;            ;        ;       ;
; Data Delay             ; 0.427 ;       ;             ;            ;        ;       ;
; Number of Logic Levels ;       ; 1     ;             ;            ;        ;       ;
; Physical Delays        ;       ;       ;             ;            ;        ;       ;
;  Arrival Path          ;       ;       ;             ;            ;        ;       ;
;   Clock                ;       ;       ;             ;            ;        ;       ;
;    IC                  ;       ; 3     ; 0.001       ; 0          ; 0.000  ; 0.001 ;
;    Cell                ;       ; 3     ; 2.020       ; 44         ; 0.505  ; 0.989 ;
;    Routing Element     ;       ; 27    ; 2.575       ; 56         ; 0.000  ; 0.826 ;
;   Data                 ;       ;       ;             ;            ;        ;       ;
;    IC                  ;       ; 2     ; -0.001      ; 0          ; -0.001 ; 0.000 ;
;    Cell                ;       ; 3     ; 0.172       ; 40         ; 0.000  ; 0.089 ;
;    uTco                ;       ; 1     ; 0.000       ; 0          ; 0.000  ; 0.000 ;
;    Routing Element     ;       ; 4     ; 0.256       ; 60         ; 0.000  ; 0.120 ;
;  Required Path         ;       ;       ;             ;            ;        ;       ;
;   Clock                ;       ;       ;             ;            ;        ;       ;
;    IC                  ;       ; 3     ; 0.000       ; 0          ; 0.000  ; 0.000 ;
;    Cell                ;       ; 3     ; 2.130       ; 44         ; 0.538  ; 0.989 ;
;    Routing Element     ;       ; 27    ; 2.687       ; 56         ; 0.000  ; 0.859 ;
+------------------------+-------+-------+-------------+------------+--------+-------+
Note: Negative delays are omitted from totals when calculating percentages

+-------------------------------------------------------------------------------------------------------------------------------+
; Data Arrival Path                                                                                                             ;
+---------+----------+----+------+--------+---------------------------------------+---------------------------------------------+
; Total   ; Incr     ; RF ; Type ; Fanout ; Location                              ; Element                                     ;
+---------+----------+----+------+--------+---------------------------------------+---------------------------------------------+
; 0.000   ; 0.000    ;    ;      ;        ;                                       ; launch edge time                            ;
; 4.596   ; 4.596    ;    ;      ;        ;                                       ; clock path                                  ;
;   0.000 ;   0.000  ;    ;      ;        ;                                       ; source latency                              ;
;   0.000 ;   0.000  ;    ;      ; 1      ; PIN_N16                               ; clk                                         ;
;   0.000 ;   0.000  ;    ; RE   ; 1      ; IOPAD_X89_Y35_N43                     ; ARRIAV_IO_PAD                               ;
;   0.000 ;   0.000  ;    ; RE   ; 1      ; IO_PAD_OUTPUT_X89_Y35_N43_I1          ; IO_PAD_OUTPUT                               ;
;   0.000 ;   0.000  ;    ; RE   ; 1      ; IO_INPUT_BUFFER_INPUT_X89_Y35_N44_I0  ; IO_INPUT_BUFFER_INPUT                       ;
;   0.000 ;   0.000  ; RR ; IC   ; 1      ; IOIBUF_X89_Y35_N44                    ; clk~input|i                                 ;
;   0.989 ;   0.989  ; RR ; CELL ; 1      ; IOIBUF_X89_Y35_N44                    ; clk~input|o                                 ;
;   0.989 ;   0.000  ;    ; RE   ; 1      ; IOIBUF_X89_Y35_N44                    ; ARRIAV_IO_IBUF                              ;
;   0.989 ;   0.000  ;    ; RE   ; 1      ; IO_INPUT_BUFFER_OUTPUT_X89_Y35_N44_I2 ; IO_INPUT_BUFFER_OUTPUT                      ;
;   0.989 ;   0.000  ;    ; RE   ; 1      ; IO_RE_X89_Y35_N43_I96                 ; IO_RE                                       ;
;   1.084 ;   0.095  ;    ; RE   ; 1      ; IO_RE_X89_Y35_N43_I66                 ; IO_RE                                       ;
;   1.296 ;   0.212  ;    ; RE   ; 1      ; CLKBUF_CLUSTER_RE_X89_Y39_N3_I368     ; CLKBUF_CLUSTER_RE                           ;
;   1.296 ;   0.000  ;    ; RE   ; 1      ; CLKBUF_CLUSTER_RE_X89_Y39_N3_I764     ; CLKBUF_CLUSTER_RE                           ;
;   1.296 ;   0.000  ;    ; RE   ; 1      ; CLKBUF_CLUSTER_RE_X89_Y39_N3_I813     ; CLKBUF_CLUSTER_RE                           ;
;   1.296 ;   0.000  ;    ; RE   ; 1      ; CLKBUF_CLUSTER_RE_X89_Y39_N3_I553     ; CLKBUF_CLUSTER_RE                           ;
;   1.296 ;   0.000  ;    ; RE   ; 1      ; GCLK_CLUSTER_RE_X89_Y39_N6_I10        ; GCLK_CLUSTER_RE                             ;
;   1.296 ;   0.000  ;    ; RE   ; 1      ; CLKBUFBLOCK_INPUT_X89_Y39_N7_I0       ; CLKBUFBLOCK_INPUT                           ;
;   1.296 ;   0.000  ; RR ; IC   ; 1      ; CLKCTRL_G9                            ; clk~inputCLKENA0|inclk                      ;
;   1.801 ;   0.505  ; RR ; CELL ; 7412   ; CLKCTRL_G9                            ; clk~inputCLKENA0|outclk                     ;
;   1.801 ;   0.000  ;    ; RE   ; 1      ; CLKCTRL_G9                            ; ARRIAV_CLKBUF                               ;
;   1.801 ;   0.000  ;    ; RE   ; 1      ; CLKBUFBLOCK_OUTPUT_X89_Y39_N7_I2      ; CLKBUFBLOCK_OUTPUT                          ;
;   1.801 ;   0.000  ;    ; RE   ; 1      ; GCLK_CLUSTER_RE_X89_Y39_N6_I12        ; GCLK_CLUSTER_RE                             ;
;   1.801 ;   0.000  ;    ; RE   ; 1      ; CLKBUF_CLUSTER_RE_X89_Y39_N3_I416     ; CLKBUF_CLUSTER_RE                           ;
;   2.627 ;   0.826  ;    ; RE   ; 8      ; GLOBAL_CLOCK_X0_Y36_N0_I9             ; GLOBAL_CLOCK                                ;
;   2.787 ;   0.160  ;    ; RE   ; 13     ; SPINE_CLOCK_X33_Y37_N0_I7             ; SPINE_CLOCK                                 ;
;   3.245 ;   0.458  ;    ; RE   ; 1      ; SCLK_TO_ROWCLK_BUF_X33_Y47_N0_I43     ; SCLK_TO_ROWCLK_BUF                          ;
;   3.342 ;   0.097  ;    ; RE   ; 2      ; SCLK_TO_ROWCLK_BUF_X33_Y47_N0_I46     ; SCLK_TO_ROWCLK_BUF                          ;
;   3.825 ;   0.483  ;    ; RE   ; 3      ; LAB_CLK_X25_Y47_N0_I5                 ; LAB_CLK                                     ;
;   3.964 ;   0.139  ;    ; RE   ; 1      ; BLK_CLK_BUF_X28_Y47_N0_I5             ; BLK_CLK_BUF                                 ;
;   4.026 ;   0.062  ;    ; RE   ; 1      ; ROWCLKSEL_PREBUF_X28_Y47_N0_I5        ; ROWCLKSEL_PREBUF                            ;
;   4.069 ;   0.043  ;    ; RE   ; 1      ; ROWCLKSEL_X28_Y47_N0_I0               ; ROWCLKSEL                                   ;
;   4.069 ;   0.000  ;    ; RE   ; 1      ; GLOBAL_LOCAL_SEL_X28_Y47_N0_I0        ; GLOBAL_LOCAL_SEL                            ;
;   4.069 ;   0.000  ;    ; RE   ; 17     ; LAB_INPUT_X28_Y47_N0_I0               ; LAB_INPUT                                   ;
;   4.070 ;   0.001  ; RR ; IC   ; 1      ; FF_X28_Y47_N8                         ; u_norm|u_norm|sum_sq[22]|clk                ;
;   4.596 ;   0.526  ; RR ; CELL ; 1      ; FF_X28_Y47_N8                         ; norm_dispatch:u_norm|norm:u_norm|sum_sq[22] ;
; 5.023   ; 0.427    ;    ;      ;        ;                                       ; data path                                   ;
;   4.596 ;   0.000  ;    ; uTco ; 1      ; FF_X28_Y47_N8                         ; norm_dispatch:u_norm|norm:u_norm|sum_sq[22] ;
;   4.596 ;   0.000  ; FF ; CELL ; 2      ; FF_X28_Y47_N8                         ; u_norm|u_norm|sum_sq[22]|q                  ;
;   4.659 ;   0.063  ;    ; RE   ; 2      ; FF_X28_Y47_N8                         ; ARRIAV_FF                                   ;
;   4.732 ;   0.073  ;    ; RE   ; 1      ; LOCAL_LINE_X28_Y47_N0_I2              ; LOCAL_LINE                                  ;
;   4.852 ;   0.120  ;    ; RE   ; 1      ; BLOCK_INPUT_MUX_X28_Y47_N0_I9         ; LEIM_INPUT                                  ;
;   4.851 ;   -0.001 ; FF ; IC   ; 2      ; MLABCELL_X28_Y47_N6                   ; u_norm|u_norm|Add24~85|dataf                ;
;   4.934 ;   0.083  ; FF ; CELL ; 2      ; MLABCELL_X28_Y47_N6                   ; u_norm|u_norm|Add24~85|sumout               ;
;   4.934 ;   0.000  ;    ; RE   ; 3      ; MLABCELL_X28_Y47_N6                   ; ARRIAV_LCELL_COMB                           ;
;   4.934 ;   0.000  ; FF ; IC   ; 1      ; FF_X28_Y47_N8                         ; u_norm|u_norm|sum_sq[22]|d                  ;
;   5.023 ;   0.089  ; FF ; CELL ; 1      ; FF_X28_Y47_N8                         ; norm_dispatch:u_norm|norm:u_norm|sum_sq[22] ;
+---------+----------+----+------+--------+---------------------------------------+---------------------------------------------+

+-------------------------------------------------------------------------------------------------------------------------------+
; Data Required Path                                                                                                            ;
+---------+----------+----+------+--------+---------------------------------------+---------------------------------------------+
; Total   ; Incr     ; RF ; Type ; Fanout ; Location                              ; Element                                     ;
+---------+----------+----+------+--------+---------------------------------------+---------------------------------------------+
; 0.000   ; 0.000    ;    ;      ;        ;                                       ; latch edge time                             ;
; 4.709   ; 4.709    ;    ;      ;        ;                                       ; clock path                                  ;
;   0.000 ;   0.000  ;    ;      ;        ;                                       ; source latency                              ;
;   0.000 ;   0.000  ;    ;      ; 1      ; PIN_N16                               ; clk                                         ;
;   0.000 ;   0.000  ;    ; RE   ; 1      ; IOPAD_X89_Y35_N43                     ; ARRIAV_IO_PAD                               ;
;   0.000 ;   0.000  ;    ; RE   ; 1      ; IO_PAD_OUTPUT_X89_Y35_N43_I1          ; IO_PAD_OUTPUT                               ;
;   0.000 ;   0.000  ;    ; RE   ; 1      ; IO_INPUT_BUFFER_INPUT_X89_Y35_N44_I0  ; IO_INPUT_BUFFER_INPUT                       ;
;   0.000 ;   0.000  ; RR ; IC   ; 1      ; IOIBUF_X89_Y35_N44                    ; clk~input|i                                 ;
;   0.989 ;   0.989  ; RR ; CELL ; 1      ; IOIBUF_X89_Y35_N44                    ; clk~input|o                                 ;
;   0.989 ;   0.000  ;    ; RE   ; 1      ; IOIBUF_X89_Y35_N44                    ; ARRIAV_IO_IBUF                              ;
;   0.989 ;   0.000  ;    ; RE   ; 1      ; IO_INPUT_BUFFER_OUTPUT_X89_Y35_N44_I2 ; IO_INPUT_BUFFER_OUTPUT                      ;
;   0.989 ;   0.000  ;    ; RE   ; 1      ; IO_RE_X89_Y35_N43_I96                 ; IO_RE                                       ;
;   1.089 ;   0.100  ;    ; RE   ; 1      ; IO_RE_X89_Y35_N43_I66                 ; IO_RE                                       ;
;   1.311 ;   0.222  ;    ; RE   ; 1      ; CLKBUF_CLUSTER_RE_X89_Y39_N3_I368     ; CLKBUF_CLUSTER_RE                           ;
;   1.311 ;   0.000  ;    ; RE   ; 1      ; CLKBUF_CLUSTER_RE_X89_Y39_N3_I764     ; CLKBUF_CLUSTER_RE                           ;
;   1.311 ;   0.000  ;    ; RE   ; 1      ; CLKBUF_CLUSTER_RE_X89_Y39_N3_I813     ; CLKBUF_CLUSTER_RE                           ;
;   1.311 ;   0.000  ;    ; RE   ; 1      ; CLKBUF_CLUSTER_RE_X89_Y39_N3_I553     ; CLKBUF_CLUSTER_RE                           ;
;   1.311 ;   0.000  ;    ; RE   ; 1      ; GCLK_CLUSTER_RE_X89_Y39_N6_I10        ; GCLK_CLUSTER_RE                             ;
;   1.311 ;   0.000  ;    ; RE   ; 1      ; CLKBUFBLOCK_INPUT_X89_Y39_N7_I0       ; CLKBUFBLOCK_INPUT                           ;
;   1.311 ;   0.000  ; RR ; IC   ; 1      ; CLKCTRL_G9                            ; clk~inputCLKENA0|inclk                      ;
;   1.849 ;   0.538  ; RR ; CELL ; 7412   ; CLKCTRL_G9                            ; clk~inputCLKENA0|outclk                     ;
;   1.849 ;   0.000  ;    ; RE   ; 1      ; CLKCTRL_G9                            ; ARRIAV_CLKBUF                               ;
;   1.849 ;   0.000  ;    ; RE   ; 1      ; CLKBUFBLOCK_OUTPUT_X89_Y39_N7_I2      ; CLKBUFBLOCK_OUTPUT                          ;
;   1.849 ;   0.000  ;    ; RE   ; 1      ; GCLK_CLUSTER_RE_X89_Y39_N6_I12        ; GCLK_CLUSTER_RE                             ;
;   1.849 ;   0.000  ;    ; RE   ; 1      ; CLKBUF_CLUSTER_RE_X89_Y39_N3_I416     ; CLKBUF_CLUSTER_RE                           ;
;   2.708 ;   0.859  ;    ; RE   ; 8      ; GLOBAL_CLOCK_X0_Y36_N0_I9             ; GLOBAL_CLOCK                                ;
;   2.874 ;   0.166  ;    ; RE   ; 13     ; SPINE_CLOCK_X33_Y37_N0_I7             ; SPINE_CLOCK                                 ;
;   3.349 ;   0.475  ;    ; RE   ; 1      ; SCLK_TO_ROWCLK_BUF_X33_Y47_N0_I43     ; SCLK_TO_ROWCLK_BUF                          ;
;   3.450 ;   0.101  ;    ; RE   ; 2      ; SCLK_TO_ROWCLK_BUF_X33_Y47_N0_I46     ; SCLK_TO_ROWCLK_BUF                          ;
;   3.952 ;   0.502  ;    ; RE   ; 3      ; LAB_CLK_X25_Y47_N0_I5                 ; LAB_CLK                                     ;
;   4.103 ;   0.151  ;    ; RE   ; 1      ; BLK_CLK_BUF_X28_Y47_N0_I5             ; BLK_CLK_BUF                                 ;
;   4.167 ;   0.064  ;    ; RE   ; 1      ; ROWCLKSEL_PREBUF_X28_Y47_N0_I5        ; ROWCLKSEL_PREBUF                            ;
;   4.214 ;   0.047  ;    ; RE   ; 1      ; ROWCLKSEL_X28_Y47_N0_I0               ; ROWCLKSEL                                   ;
;   4.214 ;   0.000  ;    ; RE   ; 1      ; GLOBAL_LOCAL_SEL_X28_Y47_N0_I0        ; GLOBAL_LOCAL_SEL                            ;
;   4.214 ;   0.000  ;    ; RE   ; 17     ; LAB_INPUT_X28_Y47_N0_I0               ; LAB_INPUT                                   ;
;   4.214 ;   0.000  ; RR ; IC   ; 1      ; FF_X28_Y47_N8                         ; u_norm|u_norm|sum_sq[22]|clk                ;
;   4.817 ;   0.603  ; RR ; CELL ; 1      ; FF_X28_Y47_N8                         ; norm_dispatch:u_norm|norm:u_norm|sum_sq[22] ;
;   4.709 ;   -0.108 ;    ;      ;        ;                                       ; clock pessimism removed                     ;
; 4.709   ; 0.000    ;    ;      ;        ;                                       ; clock uncertainty                           ;
; 4.709   ; 0.000    ;    ; uTh  ; 1      ; FF_X28_Y47_N8                         ; norm_dispatch:u_norm|norm:u_norm|sum_sq[22] ;
+---------+----------+----+------+--------+---------------------------------------+---------------------------------------------+

----------------------------
; Extra Fitter Information ;
----------------------------
HTML report is unavailable in plain text report export.


Path #19: Hold slack is 0.315 
===============================================================================
+------------------------------------------------------------------+
; Path Summary                                                     ;
+--------------------+---------------------------------------------+
; Property           ; Value                                       ;
+--------------------+---------------------------------------------+
; From Node          ; norm_dispatch:u_norm|norm:u_norm|sum_sq[14] ;
; To Node            ; norm_dispatch:u_norm|norm:u_norm|sum_sq[14] ;
; Launch Clock       ; clk                                         ;
; Latch Clock        ; clk                                         ;
; Data Arrival Time  ; 5.006                                       ;
; Data Required Time ; 4.691                                       ;
; Slack              ; 0.315                                       ;
+--------------------+---------------------------------------------+

+------------------------------------------------------------------------------------+
; Statistics                                                                         ;
+------------------------+-------+-------+-------------+------------+--------+-------+
; Property               ; Value ; Count ; Total Delay ; % of Total ; Min    ; Max   ;
+------------------------+-------+-------+-------------+------------+--------+-------+
; Hold Relationship      ; 0.000 ;       ;             ;            ;        ;       ;
; Clock Skew             ; 0.113 ;       ;             ;            ;        ;       ;
; Data Delay             ; 0.428 ;       ;             ;            ;        ;       ;
; Number of Logic Levels ;       ; 1     ;             ;            ;        ;       ;
; Physical Delays        ;       ;       ;             ;            ;        ;       ;
;  Arrival Path          ;       ;       ;             ;            ;        ;       ;
;   Clock                ;       ;       ;             ;            ;        ;       ;
;    IC                  ;       ; 3     ; 0.001       ; 0          ; 0.000  ; 0.001 ;
;    Cell                ;       ; 3     ; 2.020       ; 44         ; 0.505  ; 0.989 ;
;    Routing Element     ;       ; 27    ; 2.557       ; 56         ; 0.000  ; 0.826 ;
;   Data                 ;       ;       ;             ;            ;        ;       ;
;    IC                  ;       ; 2     ; -0.001      ; 0          ; -0.001 ; 0.000 ;
;    Cell                ;       ; 3     ; 0.170       ; 40         ; 0.000  ; 0.087 ;
;    uTco                ;       ; 1     ; 0.000       ; 0          ; 0.000  ; 0.000 ;
;    Routing Element     ;       ; 4     ; 0.259       ; 60         ; 0.000  ; 0.126 ;
;  Required Path         ;       ;       ;             ;            ;        ;       ;
;   Clock                ;       ;       ;             ;            ;        ;       ;
;    IC                  ;       ; 3     ; 0.000       ; 0          ; 0.000  ; 0.000 ;
;    Cell                ;       ; 3     ; 2.130       ; 44         ; 0.538  ; 0.989 ;
;    Routing Element     ;       ; 27    ; 2.669       ; 56         ; 0.000  ; 0.859 ;
+------------------------+-------+-------+-------------+------------+--------+-------+
Note: Negative delays are omitted from totals when calculating percentages

+-------------------------------------------------------------------------------------------------------------------------------+
; Data Arrival Path                                                                                                             ;
+---------+----------+----+------+--------+---------------------------------------+---------------------------------------------+
; Total   ; Incr     ; RF ; Type ; Fanout ; Location                              ; Element                                     ;
+---------+----------+----+------+--------+---------------------------------------+---------------------------------------------+
; 0.000   ; 0.000    ;    ;      ;        ;                                       ; launch edge time                            ;
; 4.578   ; 4.578    ;    ;      ;        ;                                       ; clock path                                  ;
;   0.000 ;   0.000  ;    ;      ;        ;                                       ; source latency                              ;
;   0.000 ;   0.000  ;    ;      ; 1      ; PIN_N16                               ; clk                                         ;
;   0.000 ;   0.000  ;    ; RE   ; 1      ; IOPAD_X89_Y35_N43                     ; ARRIAV_IO_PAD                               ;
;   0.000 ;   0.000  ;    ; RE   ; 1      ; IO_PAD_OUTPUT_X89_Y35_N43_I1          ; IO_PAD_OUTPUT                               ;
;   0.000 ;   0.000  ;    ; RE   ; 1      ; IO_INPUT_BUFFER_INPUT_X89_Y35_N44_I0  ; IO_INPUT_BUFFER_INPUT                       ;
;   0.000 ;   0.000  ; RR ; IC   ; 1      ; IOIBUF_X89_Y35_N44                    ; clk~input|i                                 ;
;   0.989 ;   0.989  ; RR ; CELL ; 1      ; IOIBUF_X89_Y35_N44                    ; clk~input|o                                 ;
;   0.989 ;   0.000  ;    ; RE   ; 1      ; IOIBUF_X89_Y35_N44                    ; ARRIAV_IO_IBUF                              ;
;   0.989 ;   0.000  ;    ; RE   ; 1      ; IO_INPUT_BUFFER_OUTPUT_X89_Y35_N44_I2 ; IO_INPUT_BUFFER_OUTPUT                      ;
;   0.989 ;   0.000  ;    ; RE   ; 1      ; IO_RE_X89_Y35_N43_I96                 ; IO_RE                                       ;
;   1.084 ;   0.095  ;    ; RE   ; 1      ; IO_RE_X89_Y35_N43_I66                 ; IO_RE                                       ;
;   1.296 ;   0.212  ;    ; RE   ; 1      ; CLKBUF_CLUSTER_RE_X89_Y39_N3_I368     ; CLKBUF_CLUSTER_RE                           ;
;   1.296 ;   0.000  ;    ; RE   ; 1      ; CLKBUF_CLUSTER_RE_X89_Y39_N3_I764     ; CLKBUF_CLUSTER_RE                           ;
;   1.296 ;   0.000  ;    ; RE   ; 1      ; CLKBUF_CLUSTER_RE_X89_Y39_N3_I813     ; CLKBUF_CLUSTER_RE                           ;
;   1.296 ;   0.000  ;    ; RE   ; 1      ; CLKBUF_CLUSTER_RE_X89_Y39_N3_I553     ; CLKBUF_CLUSTER_RE                           ;
;   1.296 ;   0.000  ;    ; RE   ; 1      ; GCLK_CLUSTER_RE_X89_Y39_N6_I10        ; GCLK_CLUSTER_RE                             ;
;   1.296 ;   0.000  ;    ; RE   ; 1      ; CLKBUFBLOCK_INPUT_X89_Y39_N7_I0       ; CLKBUFBLOCK_INPUT                           ;
;   1.296 ;   0.000  ; RR ; IC   ; 1      ; CLKCTRL_G9                            ; clk~inputCLKENA0|inclk                      ;
;   1.801 ;   0.505  ; RR ; CELL ; 7412   ; CLKCTRL_G9                            ; clk~inputCLKENA0|outclk                     ;
;   1.801 ;   0.000  ;    ; RE   ; 1      ; CLKCTRL_G9                            ; ARRIAV_CLKBUF                               ;
;   1.801 ;   0.000  ;    ; RE   ; 1      ; CLKBUFBLOCK_OUTPUT_X89_Y39_N7_I2      ; CLKBUFBLOCK_OUTPUT                          ;
;   1.801 ;   0.000  ;    ; RE   ; 1      ; GCLK_CLUSTER_RE_X89_Y39_N6_I12        ; GCLK_CLUSTER_RE                             ;
;   1.801 ;   0.000  ;    ; RE   ; 1      ; CLKBUF_CLUSTER_RE_X89_Y39_N3_I416     ; CLKBUF_CLUSTER_RE                           ;
;   2.627 ;   0.826  ;    ; RE   ; 8      ; GLOBAL_CLOCK_X0_Y36_N0_I9             ; GLOBAL_CLOCK                                ;
;   2.786 ;   0.159  ;    ; RE   ; 13     ; SPINE_CLOCK_X33_Y37_N0_I7             ; SPINE_CLOCK                                 ;
;   3.244 ;   0.458  ;    ; RE   ; 1      ; SCLK_TO_ROWCLK_BUF_X33_Y48_N0_I43     ; SCLK_TO_ROWCLK_BUF                          ;
;   3.331 ;   0.087  ;    ; RE   ; 1      ; SCLK_TO_ROWCLK_BUF_X33_Y48_N0_I46     ; SCLK_TO_ROWCLK_BUF                          ;
;   3.807 ;   0.476  ;    ; RE   ; 2      ; LAB_CLK_X25_Y48_N0_I5                 ; LAB_CLK                                     ;
;   3.946 ;   0.139  ;    ; RE   ; 1      ; BLK_CLK_BUF_X28_Y48_N0_I5             ; BLK_CLK_BUF                                 ;
;   4.008 ;   0.062  ;    ; RE   ; 1      ; ROWCLKSEL_PREBUF_X28_Y48_N0_I5        ; ROWCLKSEL_PREBUF                            ;
;   4.051 ;   0.043  ;    ; RE   ; 1      ; ROWCLKSEL_X28_Y48_N0_I0               ; ROWCLKSEL                                   ;
;   4.051 ;   0.000  ;    ; RE   ; 1      ; GLOBAL_LOCAL_SEL_X28_Y48_N0_I0        ; GLOBAL_LOCAL_SEL                            ;
;   4.051 ;   0.000  ;    ; RE   ; 14     ; LAB_INPUT_X28_Y48_N0_I0               ; LAB_INPUT                                   ;
;   4.052 ;   0.001  ; RR ; IC   ; 1      ; FF_X28_Y48_N14                        ; u_norm|u_norm|sum_sq[14]|clk                ;
;   4.578 ;   0.526  ; RR ; CELL ; 1      ; FF_X28_Y48_N14                        ; norm_dispatch:u_norm|norm:u_norm|sum_sq[14] ;
; 5.006   ; 0.428    ;    ;      ;        ;                                       ; data path                                   ;
;   4.578 ;   0.000  ;    ; uTco ; 1      ; FF_X28_Y48_N14                        ; norm_dispatch:u_norm|norm:u_norm|sum_sq[14] ;
;   4.578 ;   0.000  ; FF ; CELL ; 3      ; FF_X28_Y48_N14                        ; u_norm|u_norm|sum_sq[14]|q                  ;
;   4.640 ;   0.062  ;    ; RE   ; 2      ; FF_X28_Y48_N14                        ; ARRIAV_FF                                   ;
;   4.711 ;   0.071  ;    ; RE   ; 1      ; LOCAL_LINE_X28_Y48_N0_I4              ; LOCAL_LINE                                  ;
;   4.837 ;   0.126  ;    ; RE   ; 1      ; BLOCK_INPUT_MUX_X28_Y48_N0_I17        ; LEIM_INPUT                                  ;
;   4.836 ;   -0.001 ; FF ; IC   ; 2      ; MLABCELL_X28_Y48_N12                  ; u_norm|u_norm|Add24~89|dataf                ;
;   4.919 ;   0.083  ; FF ; CELL ; 1      ; MLABCELL_X28_Y48_N12                  ; u_norm|u_norm|Add24~89|sumout               ;
;   4.919 ;   0.000  ;    ; RE   ; 2      ; MLABCELL_X28_Y48_N12                  ; ARRIAV_LCELL_COMB                           ;
;   4.919 ;   0.000  ; FF ; IC   ; 1      ; FF_X28_Y48_N14                        ; u_norm|u_norm|sum_sq[14]|d                  ;
;   5.006 ;   0.087  ; FF ; CELL ; 1      ; FF_X28_Y48_N14                        ; norm_dispatch:u_norm|norm:u_norm|sum_sq[14] ;
+---------+----------+----+------+--------+---------------------------------------+---------------------------------------------+

+-------------------------------------------------------------------------------------------------------------------------------+
; Data Required Path                                                                                                            ;
+---------+----------+----+------+--------+---------------------------------------+---------------------------------------------+
; Total   ; Incr     ; RF ; Type ; Fanout ; Location                              ; Element                                     ;
+---------+----------+----+------+--------+---------------------------------------+---------------------------------------------+
; 0.000   ; 0.000    ;    ;      ;        ;                                       ; latch edge time                             ;
; 4.691   ; 4.691    ;    ;      ;        ;                                       ; clock path                                  ;
;   0.000 ;   0.000  ;    ;      ;        ;                                       ; source latency                              ;
;   0.000 ;   0.000  ;    ;      ; 1      ; PIN_N16                               ; clk                                         ;
;   0.000 ;   0.000  ;    ; RE   ; 1      ; IOPAD_X89_Y35_N43                     ; ARRIAV_IO_PAD                               ;
;   0.000 ;   0.000  ;    ; RE   ; 1      ; IO_PAD_OUTPUT_X89_Y35_N43_I1          ; IO_PAD_OUTPUT                               ;
;   0.000 ;   0.000  ;    ; RE   ; 1      ; IO_INPUT_BUFFER_INPUT_X89_Y35_N44_I0  ; IO_INPUT_BUFFER_INPUT                       ;
;   0.000 ;   0.000  ; RR ; IC   ; 1      ; IOIBUF_X89_Y35_N44                    ; clk~input|i                                 ;
;   0.989 ;   0.989  ; RR ; CELL ; 1      ; IOIBUF_X89_Y35_N44                    ; clk~input|o                                 ;
;   0.989 ;   0.000  ;    ; RE   ; 1      ; IOIBUF_X89_Y35_N44                    ; ARRIAV_IO_IBUF                              ;
;   0.989 ;   0.000  ;    ; RE   ; 1      ; IO_INPUT_BUFFER_OUTPUT_X89_Y35_N44_I2 ; IO_INPUT_BUFFER_OUTPUT                      ;
;   0.989 ;   0.000  ;    ; RE   ; 1      ; IO_RE_X89_Y35_N43_I96                 ; IO_RE                                       ;
;   1.089 ;   0.100  ;    ; RE   ; 1      ; IO_RE_X89_Y35_N43_I66                 ; IO_RE                                       ;
;   1.311 ;   0.222  ;    ; RE   ; 1      ; CLKBUF_CLUSTER_RE_X89_Y39_N3_I368     ; CLKBUF_CLUSTER_RE                           ;
;   1.311 ;   0.000  ;    ; RE   ; 1      ; CLKBUF_CLUSTER_RE_X89_Y39_N3_I764     ; CLKBUF_CLUSTER_RE                           ;
;   1.311 ;   0.000  ;    ; RE   ; 1      ; CLKBUF_CLUSTER_RE_X89_Y39_N3_I813     ; CLKBUF_CLUSTER_RE                           ;
;   1.311 ;   0.000  ;    ; RE   ; 1      ; CLKBUF_CLUSTER_RE_X89_Y39_N3_I553     ; CLKBUF_CLUSTER_RE                           ;
;   1.311 ;   0.000  ;    ; RE   ; 1      ; GCLK_CLUSTER_RE_X89_Y39_N6_I10        ; GCLK_CLUSTER_RE                             ;
;   1.311 ;   0.000  ;    ; RE   ; 1      ; CLKBUFBLOCK_INPUT_X89_Y39_N7_I0       ; CLKBUFBLOCK_INPUT                           ;
;   1.311 ;   0.000  ; RR ; IC   ; 1      ; CLKCTRL_G9                            ; clk~inputCLKENA0|inclk                      ;
;   1.849 ;   0.538  ; RR ; CELL ; 7412   ; CLKCTRL_G9                            ; clk~inputCLKENA0|outclk                     ;
;   1.849 ;   0.000  ;    ; RE   ; 1      ; CLKCTRL_G9                            ; ARRIAV_CLKBUF                               ;
;   1.849 ;   0.000  ;    ; RE   ; 1      ; CLKBUFBLOCK_OUTPUT_X89_Y39_N7_I2      ; CLKBUFBLOCK_OUTPUT                          ;
;   1.849 ;   0.000  ;    ; RE   ; 1      ; GCLK_CLUSTER_RE_X89_Y39_N6_I12        ; GCLK_CLUSTER_RE                             ;
;   1.849 ;   0.000  ;    ; RE   ; 1      ; CLKBUF_CLUSTER_RE_X89_Y39_N3_I416     ; CLKBUF_CLUSTER_RE                           ;
;   2.708 ;   0.859  ;    ; RE   ; 8      ; GLOBAL_CLOCK_X0_Y36_N0_I9             ; GLOBAL_CLOCK                                ;
;   2.873 ;   0.165  ;    ; RE   ; 13     ; SPINE_CLOCK_X33_Y37_N0_I7             ; SPINE_CLOCK                                 ;
;   3.349 ;   0.476  ;    ; RE   ; 1      ; SCLK_TO_ROWCLK_BUF_X33_Y48_N0_I43     ; SCLK_TO_ROWCLK_BUF                          ;
;   3.439 ;   0.090  ;    ; RE   ; 1      ; SCLK_TO_ROWCLK_BUF_X33_Y48_N0_I46     ; SCLK_TO_ROWCLK_BUF                          ;
;   3.934 ;   0.495  ;    ; RE   ; 2      ; LAB_CLK_X25_Y48_N0_I5                 ; LAB_CLK                                     ;
;   4.085 ;   0.151  ;    ; RE   ; 1      ; BLK_CLK_BUF_X28_Y48_N0_I5             ; BLK_CLK_BUF                                 ;
;   4.149 ;   0.064  ;    ; RE   ; 1      ; ROWCLKSEL_PREBUF_X28_Y48_N0_I5        ; ROWCLKSEL_PREBUF                            ;
;   4.196 ;   0.047  ;    ; RE   ; 1      ; ROWCLKSEL_X28_Y48_N0_I0               ; ROWCLKSEL                                   ;
;   4.196 ;   0.000  ;    ; RE   ; 1      ; GLOBAL_LOCAL_SEL_X28_Y48_N0_I0        ; GLOBAL_LOCAL_SEL                            ;
;   4.196 ;   0.000  ;    ; RE   ; 14     ; LAB_INPUT_X28_Y48_N0_I0               ; LAB_INPUT                                   ;
;   4.196 ;   0.000  ; RR ; IC   ; 1      ; FF_X28_Y48_N14                        ; u_norm|u_norm|sum_sq[14]|clk                ;
;   4.799 ;   0.603  ; RR ; CELL ; 1      ; FF_X28_Y48_N14                        ; norm_dispatch:u_norm|norm:u_norm|sum_sq[14] ;
;   4.691 ;   -0.108 ;    ;      ;        ;                                       ; clock pessimism removed                     ;
; 4.691   ; 0.000    ;    ;      ;        ;                                       ; clock uncertainty                           ;
; 4.691   ; 0.000    ;    ; uTh  ; 1      ; FF_X28_Y48_N14                        ; norm_dispatch:u_norm|norm:u_norm|sum_sq[14] ;
+---------+----------+----+------+--------+---------------------------------------+---------------------------------------------+

----------------------------
; Extra Fitter Information ;
----------------------------
HTML report is unavailable in plain text report export.


Path #20: Hold slack is 0.319 
===============================================================================
+-----------------------------------------------------------------+
; Path Summary                                                    ;
+--------------------+--------------------------------------------+
; Property           ; Value                                      ;
+--------------------+--------------------------------------------+
; From Node          ; norm_dispatch:u_norm|norm:u_norm|sum_sq[7] ;
; To Node            ; norm_dispatch:u_norm|norm:u_norm|sum_sq[7] ;
; Launch Clock       ; clk                                        ;
; Latch Clock        ; clk                                        ;
; Data Arrival Time  ; 5.020                                      ;
; Data Required Time ; 4.701                                      ;
; Slack              ; 0.319                                      ;
+--------------------+--------------------------------------------+

+------------------------------------------------------------------------------------+
; Statistics                                                                         ;
+------------------------+-------+-------+-------------+------------+--------+-------+
; Property               ; Value ; Count ; Total Delay ; % of Total ; Min    ; Max   ;
+------------------------+-------+-------+-------------+------------+--------+-------+
; Hold Relationship      ; 0.000 ;       ;             ;            ;        ;       ;
; Clock Skew             ; 0.115 ;       ;             ;            ;        ;       ;
; Data Delay             ; 0.434 ;       ;             ;            ;        ;       ;
; Number of Logic Levels ;       ; 1     ;             ;            ;        ;       ;
; Physical Delays        ;       ;       ;             ;            ;        ;       ;
;  Arrival Path          ;       ;       ;             ;            ;        ;       ;
;   Clock                ;       ;       ;             ;            ;        ;       ;
;    IC                  ;       ; 3     ; -0.001      ; 0          ; -0.001 ; 0.000 ;
;    Cell                ;       ; 3     ; 2.029       ; 44         ; 0.505  ; 0.989 ;
;    Routing Element     ;       ; 27    ; 2.558       ; 56         ; 0.000  ; 0.826 ;
;   Data                 ;       ;       ;             ;            ;        ;       ;
;    IC                  ;       ; 2     ; 0.000       ; 0          ; 0.000  ; 0.000 ;
;    Cell                ;       ; 3     ; 0.169       ; 39         ; 0.000  ; 0.088 ;
;    uTco                ;       ; 1     ; 0.000       ; 0          ; 0.000  ; 0.000 ;
;    Routing Element     ;       ; 4     ; 0.265       ; 61         ; 0.000  ; 0.131 ;
;  Required Path         ;       ;       ;             ;            ;        ;       ;
;   Clock                ;       ;       ;             ;            ;        ;       ;
;    IC                  ;       ; 3     ; -0.001      ; 0          ; -0.001 ; 0.000 ;
;    Cell                ;       ; 3     ; 2.140       ; 44         ; 0.538  ; 0.989 ;
;    Routing Element     ;       ; 27    ; 2.669       ; 56         ; 0.000  ; 0.859 ;
+------------------------+-------+-------+-------------+------------+--------+-------+
Note: Negative delays are omitted from totals when calculating percentages

+------------------------------------------------------------------------------------------------------------------------------+
; Data Arrival Path                                                                                                            ;
+---------+----------+----+------+--------+---------------------------------------+--------------------------------------------+
; Total   ; Incr     ; RF ; Type ; Fanout ; Location                              ; Element                                    ;
+---------+----------+----+------+--------+---------------------------------------+--------------------------------------------+
; 0.000   ; 0.000    ;    ;      ;        ;                                       ; launch edge time                           ;
; 4.586   ; 4.586    ;    ;      ;        ;                                       ; clock path                                 ;
;   0.000 ;   0.000  ;    ;      ;        ;                                       ; source latency                             ;
;   0.000 ;   0.000  ;    ;      ; 1      ; PIN_N16                               ; clk                                        ;
;   0.000 ;   0.000  ;    ; RE   ; 1      ; IOPAD_X89_Y35_N43                     ; ARRIAV_IO_PAD                              ;
;   0.000 ;   0.000  ;    ; RE   ; 1      ; IO_PAD_OUTPUT_X89_Y35_N43_I1          ; IO_PAD_OUTPUT                              ;
;   0.000 ;   0.000  ;    ; RE   ; 1      ; IO_INPUT_BUFFER_INPUT_X89_Y35_N44_I0  ; IO_INPUT_BUFFER_INPUT                      ;
;   0.000 ;   0.000  ; RR ; IC   ; 1      ; IOIBUF_X89_Y35_N44                    ; clk~input|i                                ;
;   0.989 ;   0.989  ; RR ; CELL ; 1      ; IOIBUF_X89_Y35_N44                    ; clk~input|o                                ;
;   0.989 ;   0.000  ;    ; RE   ; 1      ; IOIBUF_X89_Y35_N44                    ; ARRIAV_IO_IBUF                             ;
;   0.989 ;   0.000  ;    ; RE   ; 1      ; IO_INPUT_BUFFER_OUTPUT_X89_Y35_N44_I2 ; IO_INPUT_BUFFER_OUTPUT                     ;
;   0.989 ;   0.000  ;    ; RE   ; 1      ; IO_RE_X89_Y35_N43_I96                 ; IO_RE                                      ;
;   1.084 ;   0.095  ;    ; RE   ; 1      ; IO_RE_X89_Y35_N43_I66                 ; IO_RE                                      ;
;   1.296 ;   0.212  ;    ; RE   ; 1      ; CLKBUF_CLUSTER_RE_X89_Y39_N3_I368     ; CLKBUF_CLUSTER_RE                          ;
;   1.296 ;   0.000  ;    ; RE   ; 1      ; CLKBUF_CLUSTER_RE_X89_Y39_N3_I764     ; CLKBUF_CLUSTER_RE                          ;
;   1.296 ;   0.000  ;    ; RE   ; 1      ; CLKBUF_CLUSTER_RE_X89_Y39_N3_I813     ; CLKBUF_CLUSTER_RE                          ;
;   1.296 ;   0.000  ;    ; RE   ; 1      ; CLKBUF_CLUSTER_RE_X89_Y39_N3_I553     ; CLKBUF_CLUSTER_RE                          ;
;   1.296 ;   0.000  ;    ; RE   ; 1      ; GCLK_CLUSTER_RE_X89_Y39_N6_I10        ; GCLK_CLUSTER_RE                            ;
;   1.296 ;   0.000  ;    ; RE   ; 1      ; CLKBUFBLOCK_INPUT_X89_Y39_N7_I0       ; CLKBUFBLOCK_INPUT                          ;
;   1.296 ;   0.000  ; RR ; IC   ; 1      ; CLKCTRL_G9                            ; clk~inputCLKENA0|inclk                     ;
;   1.801 ;   0.505  ; RR ; CELL ; 7412   ; CLKCTRL_G9                            ; clk~inputCLKENA0|outclk                    ;
;   1.801 ;   0.000  ;    ; RE   ; 1      ; CLKCTRL_G9                            ; ARRIAV_CLKBUF                              ;
;   1.801 ;   0.000  ;    ; RE   ; 1      ; CLKBUFBLOCK_OUTPUT_X89_Y39_N7_I2      ; CLKBUFBLOCK_OUTPUT                         ;
;   1.801 ;   0.000  ;    ; RE   ; 1      ; GCLK_CLUSTER_RE_X89_Y39_N6_I12        ; GCLK_CLUSTER_RE                            ;
;   1.801 ;   0.000  ;    ; RE   ; 1      ; CLKBUF_CLUSTER_RE_X89_Y39_N3_I416     ; CLKBUF_CLUSTER_RE                          ;
;   2.627 ;   0.826  ;    ; RE   ; 8      ; GLOBAL_CLOCK_X0_Y36_N0_I9             ; GLOBAL_CLOCK                               ;
;   2.785 ;   0.158  ;    ; RE   ; 13     ; SPINE_CLOCK_X33_Y37_N0_I7             ; SPINE_CLOCK                                ;
;   3.244 ;   0.459  ;    ; RE   ; 1      ; SCLK_TO_ROWCLK_BUF_X33_Y49_N0_I43     ; SCLK_TO_ROWCLK_BUF                         ;
;   3.331 ;   0.087  ;    ; RE   ; 1      ; SCLK_TO_ROWCLK_BUF_X33_Y49_N0_I46     ; SCLK_TO_ROWCLK_BUF                         ;
;   3.808 ;   0.477  ;    ; RE   ; 3      ; LAB_CLK_X25_Y49_N0_I5                 ; LAB_CLK                                    ;
;   3.947 ;   0.139  ;    ; RE   ; 1      ; BLK_CLK_BUF_X28_Y49_N0_I5             ; BLK_CLK_BUF                                ;
;   4.009 ;   0.062  ;    ; RE   ; 1      ; ROWCLKSEL_PREBUF_X28_Y49_N0_I5        ; ROWCLKSEL_PREBUF                           ;
;   4.052 ;   0.043  ;    ; RE   ; 1      ; ROWCLKSEL_X28_Y49_N0_I0               ; ROWCLKSEL                                  ;
;   4.052 ;   0.000  ;    ; RE   ; 1      ; GLOBAL_LOCAL_SEL_X28_Y49_N0_I0        ; GLOBAL_LOCAL_SEL                           ;
;   4.052 ;   0.000  ;    ; RE   ; 14     ; LAB_INPUT_X28_Y49_N0_I0               ; LAB_INPUT                                  ;
;   4.051 ;   -0.001 ; RR ; IC   ; 1      ; FF_X28_Y49_N53                        ; u_norm|u_norm|sum_sq[7]|clk                ;
;   4.586 ;   0.535  ; RR ; CELL ; 1      ; FF_X28_Y49_N53                        ; norm_dispatch:u_norm|norm:u_norm|sum_sq[7] ;
; 5.020   ; 0.434    ;    ;      ;        ;                                       ; data path                                  ;
;   4.586 ;   0.000  ;    ; uTco ; 1      ; FF_X28_Y49_N53                        ; norm_dispatch:u_norm|norm:u_norm|sum_sq[7] ;
;   4.586 ;   0.000  ; FF ; CELL ; 1      ; FF_X28_Y49_N53                        ; u_norm|u_norm|sum_sq[7]|q                  ;
;   4.649 ;   0.063  ;    ; RE   ; 1      ; FF_X28_Y49_N53                        ; ARRIAV_FF                                  ;
;   4.720 ;   0.071  ;    ; RE   ; 1      ; LOCAL_LINE_X28_Y49_N0_I17             ; LOCAL_LINE                                 ;
;   4.851 ;   0.131  ;    ; RE   ; 1      ; BLOCK_INPUT_MUX_X28_Y49_N0_I71        ; LEIM_INPUT                                 ;
;   4.851 ;   0.000  ; FF ; IC   ; 2      ; MLABCELL_X28_Y49_N51                  ; u_norm|u_norm|Add24~141|dataf              ;
;   4.932 ;   0.081  ; FF ; CELL ; 2      ; MLABCELL_X28_Y49_N51                  ; u_norm|u_norm|Add24~141|sumout             ;
;   4.932 ;   0.000  ;    ; RE   ; 3      ; MLABCELL_X28_Y49_N51                  ; ARRIAV_LCELL_COMB                          ;
;   4.932 ;   0.000  ; FF ; IC   ; 1      ; FF_X28_Y49_N53                        ; u_norm|u_norm|sum_sq[7]|d                  ;
;   5.020 ;   0.088  ; FF ; CELL ; 1      ; FF_X28_Y49_N53                        ; norm_dispatch:u_norm|norm:u_norm|sum_sq[7] ;
+---------+----------+----+------+--------+---------------------------------------+--------------------------------------------+

+------------------------------------------------------------------------------------------------------------------------------+
; Data Required Path                                                                                                           ;
+---------+----------+----+------+--------+---------------------------------------+--------------------------------------------+
; Total   ; Incr     ; RF ; Type ; Fanout ; Location                              ; Element                                    ;
+---------+----------+----+------+--------+---------------------------------------+--------------------------------------------+
; 0.000   ; 0.000    ;    ;      ;        ;                                       ; latch edge time                            ;
; 4.701   ; 4.701    ;    ;      ;        ;                                       ; clock path                                 ;
;   0.000 ;   0.000  ;    ;      ;        ;                                       ; source latency                             ;
;   0.000 ;   0.000  ;    ;      ; 1      ; PIN_N16                               ; clk                                        ;
;   0.000 ;   0.000  ;    ; RE   ; 1      ; IOPAD_X89_Y35_N43                     ; ARRIAV_IO_PAD                              ;
;   0.000 ;   0.000  ;    ; RE   ; 1      ; IO_PAD_OUTPUT_X89_Y35_N43_I1          ; IO_PAD_OUTPUT                              ;
;   0.000 ;   0.000  ;    ; RE   ; 1      ; IO_INPUT_BUFFER_INPUT_X89_Y35_N44_I0  ; IO_INPUT_BUFFER_INPUT                      ;
;   0.000 ;   0.000  ; RR ; IC   ; 1      ; IOIBUF_X89_Y35_N44                    ; clk~input|i                                ;
;   0.989 ;   0.989  ; RR ; CELL ; 1      ; IOIBUF_X89_Y35_N44                    ; clk~input|o                                ;
;   0.989 ;   0.000  ;    ; RE   ; 1      ; IOIBUF_X89_Y35_N44                    ; ARRIAV_IO_IBUF                             ;
;   0.989 ;   0.000  ;    ; RE   ; 1      ; IO_INPUT_BUFFER_OUTPUT_X89_Y35_N44_I2 ; IO_INPUT_BUFFER_OUTPUT                     ;
;   0.989 ;   0.000  ;    ; RE   ; 1      ; IO_RE_X89_Y35_N43_I96                 ; IO_RE                                      ;
;   1.089 ;   0.100  ;    ; RE   ; 1      ; IO_RE_X89_Y35_N43_I66                 ; IO_RE                                      ;
;   1.311 ;   0.222  ;    ; RE   ; 1      ; CLKBUF_CLUSTER_RE_X89_Y39_N3_I368     ; CLKBUF_CLUSTER_RE                          ;
;   1.311 ;   0.000  ;    ; RE   ; 1      ; CLKBUF_CLUSTER_RE_X89_Y39_N3_I764     ; CLKBUF_CLUSTER_RE                          ;
;   1.311 ;   0.000  ;    ; RE   ; 1      ; CLKBUF_CLUSTER_RE_X89_Y39_N3_I813     ; CLKBUF_CLUSTER_RE                          ;
;   1.311 ;   0.000  ;    ; RE   ; 1      ; CLKBUF_CLUSTER_RE_X89_Y39_N3_I553     ; CLKBUF_CLUSTER_RE                          ;
;   1.311 ;   0.000  ;    ; RE   ; 1      ; GCLK_CLUSTER_RE_X89_Y39_N6_I10        ; GCLK_CLUSTER_RE                            ;
;   1.311 ;   0.000  ;    ; RE   ; 1      ; CLKBUFBLOCK_INPUT_X89_Y39_N7_I0       ; CLKBUFBLOCK_INPUT                          ;
;   1.311 ;   0.000  ; RR ; IC   ; 1      ; CLKCTRL_G9                            ; clk~inputCLKENA0|inclk                     ;
;   1.849 ;   0.538  ; RR ; CELL ; 7412   ; CLKCTRL_G9                            ; clk~inputCLKENA0|outclk                    ;
;   1.849 ;   0.000  ;    ; RE   ; 1      ; CLKCTRL_G9                            ; ARRIAV_CLKBUF                              ;
;   1.849 ;   0.000  ;    ; RE   ; 1      ; CLKBUFBLOCK_OUTPUT_X89_Y39_N7_I2      ; CLKBUFBLOCK_OUTPUT                         ;
;   1.849 ;   0.000  ;    ; RE   ; 1      ; GCLK_CLUSTER_RE_X89_Y39_N6_I12        ; GCLK_CLUSTER_RE                            ;
;   1.849 ;   0.000  ;    ; RE   ; 1      ; CLKBUF_CLUSTER_RE_X89_Y39_N3_I416     ; CLKBUF_CLUSTER_RE                          ;
;   2.708 ;   0.859  ;    ; RE   ; 8      ; GLOBAL_CLOCK_X0_Y36_N0_I9             ; GLOBAL_CLOCK                               ;
;   2.872 ;   0.164  ;    ; RE   ; 13     ; SPINE_CLOCK_X33_Y37_N0_I7             ; SPINE_CLOCK                                ;
;   3.348 ;   0.476  ;    ; RE   ; 1      ; SCLK_TO_ROWCLK_BUF_X33_Y49_N0_I43     ; SCLK_TO_ROWCLK_BUF                         ;
;   3.438 ;   0.090  ;    ; RE   ; 1      ; SCLK_TO_ROWCLK_BUF_X33_Y49_N0_I46     ; SCLK_TO_ROWCLK_BUF                         ;
;   3.933 ;   0.495  ;    ; RE   ; 3      ; LAB_CLK_X25_Y49_N0_I5                 ; LAB_CLK                                    ;
;   4.084 ;   0.151  ;    ; RE   ; 1      ; BLK_CLK_BUF_X28_Y49_N0_I5             ; BLK_CLK_BUF                                ;
;   4.149 ;   0.065  ;    ; RE   ; 1      ; ROWCLKSEL_PREBUF_X28_Y49_N0_I5        ; ROWCLKSEL_PREBUF                           ;
;   4.196 ;   0.047  ;    ; RE   ; 1      ; ROWCLKSEL_X28_Y49_N0_I0               ; ROWCLKSEL                                  ;
;   4.196 ;   0.000  ;    ; RE   ; 1      ; GLOBAL_LOCAL_SEL_X28_Y49_N0_I0        ; GLOBAL_LOCAL_SEL                           ;
;   4.196 ;   0.000  ;    ; RE   ; 14     ; LAB_INPUT_X28_Y49_N0_I0               ; LAB_INPUT                                  ;
;   4.195 ;   -0.001 ; RR ; IC   ; 1      ; FF_X28_Y49_N53                        ; u_norm|u_norm|sum_sq[7]|clk                ;
;   4.808 ;   0.613  ; RR ; CELL ; 1      ; FF_X28_Y49_N53                        ; norm_dispatch:u_norm|norm:u_norm|sum_sq[7] ;
;   4.701 ;   -0.107 ;    ;      ;        ;                                       ; clock pessimism removed                    ;
; 4.701   ; 0.000    ;    ;      ;        ;                                       ; clock uncertainty                          ;
; 4.701   ; 0.000    ;    ; uTh  ; 1      ; FF_X28_Y49_N53                        ; norm_dispatch:u_norm|norm:u_norm|sum_sq[7] ;
+---------+----------+----+------+--------+---------------------------------------+--------------------------------------------+

----------------------------
; Extra Fitter Information ;
----------------------------
HTML report is unavailable in plain text report export.


Path #21: Hold slack is 0.329 
===============================================================================
+---------------------------------------------------------------------------+
; Path Summary                                                              ;
+--------------------+------------------------------------------------------+
; Property           ; Value                                                ;
+--------------------+------------------------------------------------------+
; From Node          ; norm_dispatch:u_norm|norm:u_norm|sum_sq[7]           ;
; To Node            ; norm_dispatch:u_norm|norm:u_norm|sum_sq[7]~DUPLICATE ;
; Launch Clock       ; clk                                                  ;
; Latch Clock        ; clk                                                  ;
; Data Arrival Time  ; 5.019                                                ;
; Data Required Time ; 4.690                                                ;
; Slack              ; 0.329                                                ;
+--------------------+------------------------------------------------------+

+------------------------------------------------------------------------------------+
; Statistics                                                                         ;
+------------------------+-------+-------+-------------+------------+--------+-------+
; Property               ; Value ; Count ; Total Delay ; % of Total ; Min    ; Max   ;
+------------------------+-------+-------+-------------+------------+--------+-------+
; Hold Relationship      ; 0.000 ;       ;             ;            ;        ;       ;
; Clock Skew             ; 0.104 ;       ;             ;            ;        ;       ;
; Data Delay             ; 0.433 ;       ;             ;            ;        ;       ;
; Number of Logic Levels ;       ; 1     ;             ;            ;        ;       ;
; Physical Delays        ;       ;       ;             ;            ;        ;       ;
;  Arrival Path          ;       ;       ;             ;            ;        ;       ;
;   Clock                ;       ;       ;             ;            ;        ;       ;
;    IC                  ;       ; 3     ; -0.001      ; 0          ; -0.001 ; 0.000 ;
;    Cell                ;       ; 3     ; 2.029       ; 44         ; 0.505  ; 0.989 ;
;    Routing Element     ;       ; 27    ; 2.558       ; 56         ; 0.000  ; 0.826 ;
;   Data                 ;       ;       ;             ;            ;        ;       ;
;    IC                  ;       ; 2     ; 0.000       ; 0          ; 0.000  ; 0.000 ;
;    Cell                ;       ; 3     ; 0.168       ; 39         ; 0.000  ; 0.087 ;
;    uTco                ;       ; 1     ; 0.000       ; 0          ; 0.000  ; 0.000 ;
;    Routing Element     ;       ; 4     ; 0.265       ; 61         ; 0.000  ; 0.131 ;
;  Required Path         ;       ;       ;             ;            ;        ;       ;
;   Clock                ;       ;       ;             ;            ;        ;       ;
;    IC                  ;       ; 3     ; -0.001      ; 0          ; -0.001 ; 0.000 ;
;    Cell                ;       ; 3     ; 2.129       ; 44         ; 0.538  ; 0.989 ;
;    Routing Element     ;       ; 27    ; 2.669       ; 56         ; 0.000  ; 0.859 ;
+------------------------+-------+-------+-------------+------------+--------+-------+
Note: Negative delays are omitted from totals when calculating percentages

+----------------------------------------------------------------------------------------------------------------------------------------+
; Data Arrival Path                                                                                                                      ;
+---------+----------+----+------+--------+---------------------------------------+------------------------------------------------------+
; Total   ; Incr     ; RF ; Type ; Fanout ; Location                              ; Element                                              ;
+---------+----------+----+------+--------+---------------------------------------+------------------------------------------------------+
; 0.000   ; 0.000    ;    ;      ;        ;                                       ; launch edge time                                     ;
; 4.586   ; 4.586    ;    ;      ;        ;                                       ; clock path                                           ;
;   0.000 ;   0.000  ;    ;      ;        ;                                       ; source latency                                       ;
;   0.000 ;   0.000  ;    ;      ; 1      ; PIN_N16                               ; clk                                                  ;
;   0.000 ;   0.000  ;    ; RE   ; 1      ; IOPAD_X89_Y35_N43                     ; ARRIAV_IO_PAD                                        ;
;   0.000 ;   0.000  ;    ; RE   ; 1      ; IO_PAD_OUTPUT_X89_Y35_N43_I1          ; IO_PAD_OUTPUT                                        ;
;   0.000 ;   0.000  ;    ; RE   ; 1      ; IO_INPUT_BUFFER_INPUT_X89_Y35_N44_I0  ; IO_INPUT_BUFFER_INPUT                                ;
;   0.000 ;   0.000  ; RR ; IC   ; 1      ; IOIBUF_X89_Y35_N44                    ; clk~input|i                                          ;
;   0.989 ;   0.989  ; RR ; CELL ; 1      ; IOIBUF_X89_Y35_N44                    ; clk~input|o                                          ;
;   0.989 ;   0.000  ;    ; RE   ; 1      ; IOIBUF_X89_Y35_N44                    ; ARRIAV_IO_IBUF                                       ;
;   0.989 ;   0.000  ;    ; RE   ; 1      ; IO_INPUT_BUFFER_OUTPUT_X89_Y35_N44_I2 ; IO_INPUT_BUFFER_OUTPUT                               ;
;   0.989 ;   0.000  ;    ; RE   ; 1      ; IO_RE_X89_Y35_N43_I96                 ; IO_RE                                                ;
;   1.084 ;   0.095  ;    ; RE   ; 1      ; IO_RE_X89_Y35_N43_I66                 ; IO_RE                                                ;
;   1.296 ;   0.212  ;    ; RE   ; 1      ; CLKBUF_CLUSTER_RE_X89_Y39_N3_I368     ; CLKBUF_CLUSTER_RE                                    ;
;   1.296 ;   0.000  ;    ; RE   ; 1      ; CLKBUF_CLUSTER_RE_X89_Y39_N3_I764     ; CLKBUF_CLUSTER_RE                                    ;
;   1.296 ;   0.000  ;    ; RE   ; 1      ; CLKBUF_CLUSTER_RE_X89_Y39_N3_I813     ; CLKBUF_CLUSTER_RE                                    ;
;   1.296 ;   0.000  ;    ; RE   ; 1      ; CLKBUF_CLUSTER_RE_X89_Y39_N3_I553     ; CLKBUF_CLUSTER_RE                                    ;
;   1.296 ;   0.000  ;    ; RE   ; 1      ; GCLK_CLUSTER_RE_X89_Y39_N6_I10        ; GCLK_CLUSTER_RE                                      ;
;   1.296 ;   0.000  ;    ; RE   ; 1      ; CLKBUFBLOCK_INPUT_X89_Y39_N7_I0       ; CLKBUFBLOCK_INPUT                                    ;
;   1.296 ;   0.000  ; RR ; IC   ; 1      ; CLKCTRL_G9                            ; clk~inputCLKENA0|inclk                               ;
;   1.801 ;   0.505  ; RR ; CELL ; 7412   ; CLKCTRL_G9                            ; clk~inputCLKENA0|outclk                              ;
;   1.801 ;   0.000  ;    ; RE   ; 1      ; CLKCTRL_G9                            ; ARRIAV_CLKBUF                                        ;
;   1.801 ;   0.000  ;    ; RE   ; 1      ; CLKBUFBLOCK_OUTPUT_X89_Y39_N7_I2      ; CLKBUFBLOCK_OUTPUT                                   ;
;   1.801 ;   0.000  ;    ; RE   ; 1      ; GCLK_CLUSTER_RE_X89_Y39_N6_I12        ; GCLK_CLUSTER_RE                                      ;
;   1.801 ;   0.000  ;    ; RE   ; 1      ; CLKBUF_CLUSTER_RE_X89_Y39_N3_I416     ; CLKBUF_CLUSTER_RE                                    ;
;   2.627 ;   0.826  ;    ; RE   ; 8      ; GLOBAL_CLOCK_X0_Y36_N0_I9             ; GLOBAL_CLOCK                                         ;
;   2.785 ;   0.158  ;    ; RE   ; 13     ; SPINE_CLOCK_X33_Y37_N0_I7             ; SPINE_CLOCK                                          ;
;   3.244 ;   0.459  ;    ; RE   ; 1      ; SCLK_TO_ROWCLK_BUF_X33_Y49_N0_I43     ; SCLK_TO_ROWCLK_BUF                                   ;
;   3.331 ;   0.087  ;    ; RE   ; 1      ; SCLK_TO_ROWCLK_BUF_X33_Y49_N0_I46     ; SCLK_TO_ROWCLK_BUF                                   ;
;   3.808 ;   0.477  ;    ; RE   ; 3      ; LAB_CLK_X25_Y49_N0_I5                 ; LAB_CLK                                              ;
;   3.947 ;   0.139  ;    ; RE   ; 1      ; BLK_CLK_BUF_X28_Y49_N0_I5             ; BLK_CLK_BUF                                          ;
;   4.009 ;   0.062  ;    ; RE   ; 1      ; ROWCLKSEL_PREBUF_X28_Y49_N0_I5        ; ROWCLKSEL_PREBUF                                     ;
;   4.052 ;   0.043  ;    ; RE   ; 1      ; ROWCLKSEL_X28_Y49_N0_I0               ; ROWCLKSEL                                            ;
;   4.052 ;   0.000  ;    ; RE   ; 1      ; GLOBAL_LOCAL_SEL_X28_Y49_N0_I0        ; GLOBAL_LOCAL_SEL                                     ;
;   4.052 ;   0.000  ;    ; RE   ; 14     ; LAB_INPUT_X28_Y49_N0_I0               ; LAB_INPUT                                            ;
;   4.051 ;   -0.001 ; RR ; IC   ; 1      ; FF_X28_Y49_N53                        ; u_norm|u_norm|sum_sq[7]|clk                          ;
;   4.586 ;   0.535  ; RR ; CELL ; 1      ; FF_X28_Y49_N53                        ; norm_dispatch:u_norm|norm:u_norm|sum_sq[7]           ;
; 5.019   ; 0.433    ;    ;      ;        ;                                       ; data path                                            ;
;   4.586 ;   0.000  ;    ; uTco ; 1      ; FF_X28_Y49_N53                        ; norm_dispatch:u_norm|norm:u_norm|sum_sq[7]           ;
;   4.586 ;   0.000  ; FF ; CELL ; 1      ; FF_X28_Y49_N53                        ; u_norm|u_norm|sum_sq[7]|q                            ;
;   4.649 ;   0.063  ;    ; RE   ; 1      ; FF_X28_Y49_N53                        ; ARRIAV_FF                                            ;
;   4.720 ;   0.071  ;    ; RE   ; 1      ; LOCAL_LINE_X28_Y49_N0_I17             ; LOCAL_LINE                                           ;
;   4.851 ;   0.131  ;    ; RE   ; 1      ; BLOCK_INPUT_MUX_X28_Y49_N0_I71        ; LEIM_INPUT                                           ;
;   4.851 ;   0.000  ; FF ; IC   ; 2      ; MLABCELL_X28_Y49_N51                  ; u_norm|u_norm|Add24~141|dataf                        ;
;   4.932 ;   0.081  ; FF ; CELL ; 2      ; MLABCELL_X28_Y49_N51                  ; u_norm|u_norm|Add24~141|sumout                       ;
;   4.932 ;   0.000  ;    ; RE   ; 3      ; MLABCELL_X28_Y49_N51                  ; ARRIAV_LCELL_COMB                                    ;
;   4.932 ;   0.000  ; FF ; IC   ; 1      ; FF_X28_Y49_N52                        ; u_norm|u_norm|sum_sq[7]~DUPLICATE|d                  ;
;   5.019 ;   0.087  ; FF ; CELL ; 1      ; FF_X28_Y49_N52                        ; norm_dispatch:u_norm|norm:u_norm|sum_sq[7]~DUPLICATE ;
+---------+----------+----+------+--------+---------------------------------------+------------------------------------------------------+

+----------------------------------------------------------------------------------------------------------------------------------------+
; Data Required Path                                                                                                                     ;
+---------+----------+----+------+--------+---------------------------------------+------------------------------------------------------+
; Total   ; Incr     ; RF ; Type ; Fanout ; Location                              ; Element                                              ;
+---------+----------+----+------+--------+---------------------------------------+------------------------------------------------------+
; 0.000   ; 0.000    ;    ;      ;        ;                                       ; latch edge time                                      ;
; 4.690   ; 4.690    ;    ;      ;        ;                                       ; clock path                                           ;
;   0.000 ;   0.000  ;    ;      ;        ;                                       ; source latency                                       ;
;   0.000 ;   0.000  ;    ;      ; 1      ; PIN_N16                               ; clk                                                  ;
;   0.000 ;   0.000  ;    ; RE   ; 1      ; IOPAD_X89_Y35_N43                     ; ARRIAV_IO_PAD                                        ;
;   0.000 ;   0.000  ;    ; RE   ; 1      ; IO_PAD_OUTPUT_X89_Y35_N43_I1          ; IO_PAD_OUTPUT                                        ;
;   0.000 ;   0.000  ;    ; RE   ; 1      ; IO_INPUT_BUFFER_INPUT_X89_Y35_N44_I0  ; IO_INPUT_BUFFER_INPUT                                ;
;   0.000 ;   0.000  ; RR ; IC   ; 1      ; IOIBUF_X89_Y35_N44                    ; clk~input|i                                          ;
;   0.989 ;   0.989  ; RR ; CELL ; 1      ; IOIBUF_X89_Y35_N44                    ; clk~input|o                                          ;
;   0.989 ;   0.000  ;    ; RE   ; 1      ; IOIBUF_X89_Y35_N44                    ; ARRIAV_IO_IBUF                                       ;
;   0.989 ;   0.000  ;    ; RE   ; 1      ; IO_INPUT_BUFFER_OUTPUT_X89_Y35_N44_I2 ; IO_INPUT_BUFFER_OUTPUT                               ;
;   0.989 ;   0.000  ;    ; RE   ; 1      ; IO_RE_X89_Y35_N43_I96                 ; IO_RE                                                ;
;   1.089 ;   0.100  ;    ; RE   ; 1      ; IO_RE_X89_Y35_N43_I66                 ; IO_RE                                                ;
;   1.311 ;   0.222  ;    ; RE   ; 1      ; CLKBUF_CLUSTER_RE_X89_Y39_N3_I368     ; CLKBUF_CLUSTER_RE                                    ;
;   1.311 ;   0.000  ;    ; RE   ; 1      ; CLKBUF_CLUSTER_RE_X89_Y39_N3_I764     ; CLKBUF_CLUSTER_RE                                    ;
;   1.311 ;   0.000  ;    ; RE   ; 1      ; CLKBUF_CLUSTER_RE_X89_Y39_N3_I813     ; CLKBUF_CLUSTER_RE                                    ;
;   1.311 ;   0.000  ;    ; RE   ; 1      ; CLKBUF_CLUSTER_RE_X89_Y39_N3_I553     ; CLKBUF_CLUSTER_RE                                    ;
;   1.311 ;   0.000  ;    ; RE   ; 1      ; GCLK_CLUSTER_RE_X89_Y39_N6_I10        ; GCLK_CLUSTER_RE                                      ;
;   1.311 ;   0.000  ;    ; RE   ; 1      ; CLKBUFBLOCK_INPUT_X89_Y39_N7_I0       ; CLKBUFBLOCK_INPUT                                    ;
;   1.311 ;   0.000  ; RR ; IC   ; 1      ; CLKCTRL_G9                            ; clk~inputCLKENA0|inclk                               ;
;   1.849 ;   0.538  ; RR ; CELL ; 7412   ; CLKCTRL_G9                            ; clk~inputCLKENA0|outclk                              ;
;   1.849 ;   0.000  ;    ; RE   ; 1      ; CLKCTRL_G9                            ; ARRIAV_CLKBUF                                        ;
;   1.849 ;   0.000  ;    ; RE   ; 1      ; CLKBUFBLOCK_OUTPUT_X89_Y39_N7_I2      ; CLKBUFBLOCK_OUTPUT                                   ;
;   1.849 ;   0.000  ;    ; RE   ; 1      ; GCLK_CLUSTER_RE_X89_Y39_N6_I12        ; GCLK_CLUSTER_RE                                      ;
;   1.849 ;   0.000  ;    ; RE   ; 1      ; CLKBUF_CLUSTER_RE_X89_Y39_N3_I416     ; CLKBUF_CLUSTER_RE                                    ;
;   2.708 ;   0.859  ;    ; RE   ; 8      ; GLOBAL_CLOCK_X0_Y36_N0_I9             ; GLOBAL_CLOCK                                         ;
;   2.872 ;   0.164  ;    ; RE   ; 13     ; SPINE_CLOCK_X33_Y37_N0_I7             ; SPINE_CLOCK                                          ;
;   3.348 ;   0.476  ;    ; RE   ; 1      ; SCLK_TO_ROWCLK_BUF_X33_Y49_N0_I43     ; SCLK_TO_ROWCLK_BUF                                   ;
;   3.438 ;   0.090  ;    ; RE   ; 1      ; SCLK_TO_ROWCLK_BUF_X33_Y49_N0_I46     ; SCLK_TO_ROWCLK_BUF                                   ;
;   3.933 ;   0.495  ;    ; RE   ; 3      ; LAB_CLK_X25_Y49_N0_I5                 ; LAB_CLK                                              ;
;   4.084 ;   0.151  ;    ; RE   ; 1      ; BLK_CLK_BUF_X28_Y49_N0_I5             ; BLK_CLK_BUF                                          ;
;   4.149 ;   0.065  ;    ; RE   ; 1      ; ROWCLKSEL_PREBUF_X28_Y49_N0_I5        ; ROWCLKSEL_PREBUF                                     ;
;   4.196 ;   0.047  ;    ; RE   ; 1      ; ROWCLKSEL_X28_Y49_N0_I0               ; ROWCLKSEL                                            ;
;   4.196 ;   0.000  ;    ; RE   ; 1      ; GLOBAL_LOCAL_SEL_X28_Y49_N0_I0        ; GLOBAL_LOCAL_SEL                                     ;
;   4.196 ;   0.000  ;    ; RE   ; 14     ; LAB_INPUT_X28_Y49_N0_I0               ; LAB_INPUT                                            ;
;   4.195 ;   -0.001 ; RR ; IC   ; 1      ; FF_X28_Y49_N52                        ; u_norm|u_norm|sum_sq[7]~DUPLICATE|clk                ;
;   4.797 ;   0.602  ; RR ; CELL ; 1      ; FF_X28_Y49_N52                        ; norm_dispatch:u_norm|norm:u_norm|sum_sq[7]~DUPLICATE ;
;   4.690 ;   -0.107 ;    ;      ;        ;                                       ; clock pessimism removed                              ;
; 4.690   ; 0.000    ;    ;      ;        ;                                       ; clock uncertainty                                    ;
; 4.690   ; 0.000    ;    ; uTh  ; 1      ; FF_X28_Y49_N52                        ; norm_dispatch:u_norm|norm:u_norm|sum_sq[7]~DUPLICATE ;
+---------+----------+----+------+--------+---------------------------------------+------------------------------------------------------+

----------------------------
; Extra Fitter Information ;
----------------------------
HTML report is unavailable in plain text report export.


Path #22: Hold slack is 0.375 
===============================================================================
+----------------------------------------------------------------------------+
; Path Summary                                                               ;
+--------------------+-------------------------------------------------------+
; Property           ; Value                                                 ;
+--------------------+-------------------------------------------------------+
; From Node          ; norm_dispatch:u_norm|norm:u_norm|mean_rem[17]         ;
; To Node            ; norm_dispatch:u_norm|norm:u_norm|div:u_div|q_work[49] ;
; Launch Clock       ; clk                                                   ;
; Latch Clock        ; clk                                                   ;
; Data Arrival Time  ; 5.065                                                 ;
; Data Required Time ; 4.690                                                 ;
; Slack              ; 0.375                                                 ;
+--------------------+-------------------------------------------------------+

+------------------------------------------------------------------------------------+
; Statistics                                                                         ;
+------------------------+-------+-------+-------------+------------+--------+-------+
; Property               ; Value ; Count ; Total Delay ; % of Total ; Min    ; Max   ;
+------------------------+-------+-------+-------------+------------+--------+-------+
; Hold Relationship      ; 0.000 ;       ;             ;            ;        ;       ;
; Clock Skew             ; 0.118 ;       ;             ;            ;        ;       ;
; Data Delay             ; 0.493 ;       ;             ;            ;        ;       ;
; Number of Logic Levels ;       ; 1     ;             ;            ;        ;       ;
; Physical Delays        ;       ;       ;             ;            ;        ;       ;
;  Arrival Path          ;       ;       ;             ;            ;        ;       ;
;   Clock                ;       ;       ;             ;            ;        ;       ;
;    IC                  ;       ; 3     ; -0.001      ; 0          ; -0.001 ; 0.000 ;
;    Cell                ;       ; 3     ; 2.032       ; 44         ; 0.505  ; 0.989 ;
;    Routing Element     ;       ; 27    ; 2.541       ; 56         ; 0.000  ; 0.823 ;
;   Data                 ;       ;       ;             ;            ;        ;       ;
;    IC                  ;       ; 2     ; -0.001      ; 0          ; -0.001 ; 0.000 ;
;    Cell                ;       ; 3     ; 0.144       ; 29         ; 0.000  ; 0.086 ;
;    uTco                ;       ; 1     ; 0.000       ; 0          ; 0.000  ; 0.000 ;
;    Routing Element     ;       ; 5     ; 0.350       ; 71         ; 0.000  ; 0.135 ;
;  Required Path         ;       ;       ;             ;            ;        ;       ;
;   Clock                ;       ;       ;             ;            ;        ;       ;
;    IC                  ;       ; 3     ; 0.000       ; 0          ; 0.000  ; 0.000 ;
;    Cell                ;       ; 3     ; 2.147       ; 45         ; 0.538  ; 0.989 ;
;    Routing Element     ;       ; 27    ; 2.649       ; 55         ; 0.000  ; 0.855 ;
+------------------------+-------+-------+-------------+------------+--------+-------+
Note: Negative delays are omitted from totals when calculating percentages

+-----------------------------------------------------------------------------------------------------------------------------------------+
; Data Arrival Path                                                                                                                       ;
+---------+----------+----+------+--------+---------------------------------------+-------------------------------------------------------+
; Total   ; Incr     ; RF ; Type ; Fanout ; Location                              ; Element                                               ;
+---------+----------+----+------+--------+---------------------------------------+-------------------------------------------------------+
; 0.000   ; 0.000    ;    ;      ;        ;                                       ; launch edge time                                      ;
; 4.572   ; 4.572    ;    ;      ;        ;                                       ; clock path                                            ;
;   0.000 ;   0.000  ;    ;      ;        ;                                       ; source latency                                        ;
;   0.000 ;   0.000  ;    ;      ; 1      ; PIN_N16                               ; clk                                                   ;
;   0.000 ;   0.000  ;    ; RE   ; 1      ; IOPAD_X89_Y35_N43                     ; ARRIAV_IO_PAD                                         ;
;   0.000 ;   0.000  ;    ; RE   ; 1      ; IO_PAD_OUTPUT_X89_Y35_N43_I1          ; IO_PAD_OUTPUT                                         ;
;   0.000 ;   0.000  ;    ; RE   ; 1      ; IO_INPUT_BUFFER_INPUT_X89_Y35_N44_I0  ; IO_INPUT_BUFFER_INPUT                                 ;
;   0.000 ;   0.000  ; RR ; IC   ; 1      ; IOIBUF_X89_Y35_N44                    ; clk~input|i                                           ;
;   0.989 ;   0.989  ; RR ; CELL ; 1      ; IOIBUF_X89_Y35_N44                    ; clk~input|o                                           ;
;   0.989 ;   0.000  ;    ; RE   ; 1      ; IOIBUF_X89_Y35_N44                    ; ARRIAV_IO_IBUF                                        ;
;   0.989 ;   0.000  ;    ; RE   ; 1      ; IO_INPUT_BUFFER_OUTPUT_X89_Y35_N44_I2 ; IO_INPUT_BUFFER_OUTPUT                                ;
;   0.989 ;   0.000  ;    ; RE   ; 1      ; IO_RE_X89_Y35_N43_I96                 ; IO_RE                                                 ;
;   1.084 ;   0.095  ;    ; RE   ; 1      ; IO_RE_X89_Y35_N43_I66                 ; IO_RE                                                 ;
;   1.296 ;   0.212  ;    ; RE   ; 1      ; CLKBUF_CLUSTER_RE_X89_Y39_N3_I368     ; CLKBUF_CLUSTER_RE                                     ;
;   1.296 ;   0.000  ;    ; RE   ; 1      ; CLKBUF_CLUSTER_RE_X89_Y39_N3_I764     ; CLKBUF_CLUSTER_RE                                     ;
;   1.296 ;   0.000  ;    ; RE   ; 1      ; CLKBUF_CLUSTER_RE_X89_Y39_N3_I813     ; CLKBUF_CLUSTER_RE                                     ;
;   1.296 ;   0.000  ;    ; RE   ; 1      ; CLKBUF_CLUSTER_RE_X89_Y39_N3_I553     ; CLKBUF_CLUSTER_RE                                     ;
;   1.296 ;   0.000  ;    ; RE   ; 1      ; GCLK_CLUSTER_RE_X89_Y39_N6_I10        ; GCLK_CLUSTER_RE                                       ;
;   1.296 ;   0.000  ;    ; RE   ; 1      ; CLKBUFBLOCK_INPUT_X89_Y39_N7_I0       ; CLKBUFBLOCK_INPUT                                     ;
;   1.296 ;   0.000  ; RR ; IC   ; 1      ; CLKCTRL_G9                            ; clk~inputCLKENA0|inclk                                ;
;   1.801 ;   0.505  ; RR ; CELL ; 7412   ; CLKCTRL_G9                            ; clk~inputCLKENA0|outclk                               ;
;   1.801 ;   0.000  ;    ; RE   ; 1      ; CLKCTRL_G9                            ; ARRIAV_CLKBUF                                         ;
;   1.801 ;   0.000  ;    ; RE   ; 1      ; CLKBUFBLOCK_OUTPUT_X89_Y39_N7_I2      ; CLKBUFBLOCK_OUTPUT                                    ;
;   1.801 ;   0.000  ;    ; RE   ; 1      ; GCLK_CLUSTER_RE_X89_Y39_N6_I12        ; GCLK_CLUSTER_RE                                       ;
;   1.801 ;   0.000  ;    ; RE   ; 1      ; CLKBUF_CLUSTER_RE_X89_Y39_N3_I416     ; CLKBUF_CLUSTER_RE                                     ;
;   2.624 ;   0.823  ;    ; RE   ; 8      ; GLOBAL_CLOCK_X0_Y36_N0_I9             ; GLOBAL_CLOCK                                          ;
;   2.786 ;   0.162  ;    ; RE   ; 13     ; SPINE_CLOCK_X15_Y37_N0_I7             ; SPINE_CLOCK                                           ;
;   3.244 ;   0.458  ;    ; RE   ; 1      ; SCLK_TO_ROWCLK_BUF_X15_Y45_N0_I43     ; SCLK_TO_ROWCLK_BUF                                    ;
;   3.331 ;   0.087  ;    ; RE   ; 1      ; SCLK_TO_ROWCLK_BUF_X15_Y45_N0_I46     ; SCLK_TO_ROWCLK_BUF                                    ;
;   3.801 ;   0.470  ;    ; RE   ; 6      ; LAB_CLK_X16_Y45_N0_I5                 ; LAB_CLK                                               ;
;   3.932 ;   0.131  ;    ; RE   ; 1      ; BLK_CLK_BUF_X22_Y45_N0_I5             ; BLK_CLK_BUF                                           ;
;   3.992 ;   0.060  ;    ; RE   ; 1      ; ROWCLKSEL_PREBUF_X22_Y45_N0_I5        ; ROWCLKSEL_PREBUF                                      ;
;   4.035 ;   0.043  ;    ; RE   ; 1      ; ROWCLKSEL_X22_Y45_N0_I0               ; ROWCLKSEL                                             ;
;   4.035 ;   0.000  ;    ; RE   ; 2      ; GLOBAL_LOCAL_SEL_X22_Y45_N0_I0        ; GLOBAL_LOCAL_SEL                                      ;
;   4.035 ;   0.000  ;    ; RE   ; 3      ; LAB_INPUT_X22_Y45_N0_I2               ; LAB_INPUT                                             ;
;   4.034 ;   -0.001 ; RR ; IC   ; 1      ; FF_X22_Y45_N31                        ; u_norm|u_norm|mean_rem[17]|clk                        ;
;   4.572 ;   0.538  ; RR ; CELL ; 1      ; FF_X22_Y45_N31                        ; norm_dispatch:u_norm|norm:u_norm|mean_rem[17]         ;
; 5.065   ; 0.493    ;    ;      ;        ;                                       ; data path                                             ;
;   4.572 ;   0.000  ;    ; uTco ; 1      ; FF_X22_Y45_N31                        ; norm_dispatch:u_norm|norm:u_norm|mean_rem[17]         ;
;   4.572 ;   0.000  ; FF ; CELL ; 1      ; FF_X22_Y45_N31                        ; u_norm|u_norm|mean_rem[17]|q                          ;
;   4.622 ;   0.050  ;    ; RE   ; 1      ; FF_X22_Y45_N31                        ; ARRIAV_FF                                             ;
;   4.677 ;   0.055  ;    ; RE   ; 1      ; LE_BUFFER_X22_Y45_N0_I20              ; LE_BUFFER                                             ;
;   4.812 ;   0.135  ;    ; RE   ; 1      ; LOCAL_INTERCONNECT_X22_Y45_N0_I39     ; LAB_LINE                                              ;
;   4.922 ;   0.110  ;    ; RE   ; 1      ; BLOCK_INPUT_MUX_X22_Y45_N0_I73        ; LEIM_INPUT                                            ;
;   4.921 ;   -0.001 ; FF ; IC   ; 1      ; LABCELL_X22_Y45_N54                   ; u_norm|u_norm|u_div|q_work~16|dataf                   ;
;   4.979 ;   0.058  ; FF ; CELL ; 1      ; LABCELL_X22_Y45_N54                   ; u_norm|u_norm|u_div|q_work~16|combout                 ;
;   4.979 ;   0.000  ;    ; RE   ; 1      ; LABCELL_X22_Y45_N54                   ; ARRIAV_LCELL_COMB                                     ;
;   4.979 ;   0.000  ; FF ; IC   ; 1      ; FF_X22_Y45_N55                        ; u_norm|u_norm|u_div|q_work[49]|d                      ;
;   5.065 ;   0.086  ; FF ; CELL ; 1      ; FF_X22_Y45_N55                        ; norm_dispatch:u_norm|norm:u_norm|div:u_div|q_work[49] ;
+---------+----------+----+------+--------+---------------------------------------+-------------------------------------------------------+

+-----------------------------------------------------------------------------------------------------------------------------------------+
; Data Required Path                                                                                                                      ;
+---------+----------+----+------+--------+---------------------------------------+-------------------------------------------------------+
; Total   ; Incr     ; RF ; Type ; Fanout ; Location                              ; Element                                               ;
+---------+----------+----+------+--------+---------------------------------------+-------------------------------------------------------+
; 0.000   ; 0.000    ;    ;      ;        ;                                       ; latch edge time                                       ;
; 4.690   ; 4.690    ;    ;      ;        ;                                       ; clock path                                            ;
;   0.000 ;   0.000  ;    ;      ;        ;                                       ; source latency                                        ;
;   0.000 ;   0.000  ;    ;      ; 1      ; PIN_N16                               ; clk                                                   ;
;   0.000 ;   0.000  ;    ; RE   ; 1      ; IOPAD_X89_Y35_N43                     ; ARRIAV_IO_PAD                                         ;
;   0.000 ;   0.000  ;    ; RE   ; 1      ; IO_PAD_OUTPUT_X89_Y35_N43_I1          ; IO_PAD_OUTPUT                                         ;
;   0.000 ;   0.000  ;    ; RE   ; 1      ; IO_INPUT_BUFFER_INPUT_X89_Y35_N44_I0  ; IO_INPUT_BUFFER_INPUT                                 ;
;   0.000 ;   0.000  ; RR ; IC   ; 1      ; IOIBUF_X89_Y35_N44                    ; clk~input|i                                           ;
;   0.989 ;   0.989  ; RR ; CELL ; 1      ; IOIBUF_X89_Y35_N44                    ; clk~input|o                                           ;
;   0.989 ;   0.000  ;    ; RE   ; 1      ; IOIBUF_X89_Y35_N44                    ; ARRIAV_IO_IBUF                                        ;
;   0.989 ;   0.000  ;    ; RE   ; 1      ; IO_INPUT_BUFFER_OUTPUT_X89_Y35_N44_I2 ; IO_INPUT_BUFFER_OUTPUT                                ;
;   0.989 ;   0.000  ;    ; RE   ; 1      ; IO_RE_X89_Y35_N43_I96                 ; IO_RE                                                 ;
;   1.089 ;   0.100  ;    ; RE   ; 1      ; IO_RE_X89_Y35_N43_I66                 ; IO_RE                                                 ;
;   1.311 ;   0.222  ;    ; RE   ; 1      ; CLKBUF_CLUSTER_RE_X89_Y39_N3_I368     ; CLKBUF_CLUSTER_RE                                     ;
;   1.311 ;   0.000  ;    ; RE   ; 1      ; CLKBUF_CLUSTER_RE_X89_Y39_N3_I764     ; CLKBUF_CLUSTER_RE                                     ;
;   1.311 ;   0.000  ;    ; RE   ; 1      ; CLKBUF_CLUSTER_RE_X89_Y39_N3_I813     ; CLKBUF_CLUSTER_RE                                     ;
;   1.311 ;   0.000  ;    ; RE   ; 1      ; CLKBUF_CLUSTER_RE_X89_Y39_N3_I553     ; CLKBUF_CLUSTER_RE                                     ;
;   1.311 ;   0.000  ;    ; RE   ; 1      ; GCLK_CLUSTER_RE_X89_Y39_N6_I10        ; GCLK_CLUSTER_RE                                       ;
;   1.311 ;   0.000  ;    ; RE   ; 1      ; CLKBUFBLOCK_INPUT_X89_Y39_N7_I0       ; CLKBUFBLOCK_INPUT                                     ;
;   1.311 ;   0.000  ; RR ; IC   ; 1      ; CLKCTRL_G9                            ; clk~inputCLKENA0|inclk                                ;
;   1.849 ;   0.538  ; RR ; CELL ; 7412   ; CLKCTRL_G9                            ; clk~inputCLKENA0|outclk                               ;
;   1.849 ;   0.000  ;    ; RE   ; 1      ; CLKCTRL_G9                            ; ARRIAV_CLKBUF                                         ;
;   1.849 ;   0.000  ;    ; RE   ; 1      ; CLKBUFBLOCK_OUTPUT_X89_Y39_N7_I2      ; CLKBUFBLOCK_OUTPUT                                    ;
;   1.849 ;   0.000  ;    ; RE   ; 1      ; GCLK_CLUSTER_RE_X89_Y39_N6_I12        ; GCLK_CLUSTER_RE                                       ;
;   1.849 ;   0.000  ;    ; RE   ; 1      ; CLKBUF_CLUSTER_RE_X89_Y39_N3_I416     ; CLKBUF_CLUSTER_RE                                     ;
;   2.704 ;   0.855  ;    ; RE   ; 8      ; GLOBAL_CLOCK_X0_Y36_N0_I9             ; GLOBAL_CLOCK                                          ;
;   2.872 ;   0.168  ;    ; RE   ; 13     ; SPINE_CLOCK_X15_Y37_N0_I7             ; SPINE_CLOCK                                           ;
;   3.347 ;   0.475  ;    ; RE   ; 1      ; SCLK_TO_ROWCLK_BUF_X15_Y45_N0_I43     ; SCLK_TO_ROWCLK_BUF                                    ;
;   3.437 ;   0.090  ;    ; RE   ; 1      ; SCLK_TO_ROWCLK_BUF_X15_Y45_N0_I46     ; SCLK_TO_ROWCLK_BUF                                    ;
;   3.925 ;   0.488  ;    ; RE   ; 6      ; LAB_CLK_X16_Y45_N0_I5                 ; LAB_CLK                                               ;
;   4.067 ;   0.142  ;    ; RE   ; 1      ; BLK_CLK_BUF_X22_Y45_N0_I5             ; BLK_CLK_BUF                                           ;
;   4.129 ;   0.062  ;    ; RE   ; 1      ; ROWCLKSEL_PREBUF_X22_Y45_N0_I5        ; ROWCLKSEL_PREBUF                                      ;
;   4.176 ;   0.047  ;    ; RE   ; 1      ; ROWCLKSEL_X22_Y45_N0_I0               ; ROWCLKSEL                                             ;
;   4.176 ;   0.000  ;    ; RE   ; 2      ; GLOBAL_LOCAL_SEL_X22_Y45_N0_I0        ; GLOBAL_LOCAL_SEL                                      ;
;   4.176 ;   0.000  ;    ; RE   ; 2      ; LAB_INPUT_X22_Y45_N0_I1               ; LAB_INPUT                                             ;
;   4.176 ;   0.000  ; RR ; IC   ; 1      ; FF_X22_Y45_N55                        ; u_norm|u_norm|u_div|q_work[49]|clk                    ;
;   4.796 ;   0.620  ; RR ; CELL ; 1      ; FF_X22_Y45_N55                        ; norm_dispatch:u_norm|norm:u_norm|div:u_div|q_work[49] ;
;   4.690 ;   -0.106 ;    ;      ;        ;                                       ; clock pessimism removed                               ;
; 4.690   ; 0.000    ;    ;      ;        ;                                       ; clock uncertainty                                     ;
; 4.690   ; 0.000    ;    ; uTh  ; 1      ; FF_X22_Y45_N55                        ; norm_dispatch:u_norm|norm:u_norm|div:u_div|q_work[49] ;
+---------+----------+----+------+--------+---------------------------------------+-------------------------------------------------------+

----------------------------
; Extra Fitter Information ;
----------------------------
HTML report is unavailable in plain text report export.


Path #23: Hold slack is 0.378 
===============================================================================
+-------------------------------------------------------------------------------+
; Path Summary                                                                  ;
+--------------------+----------------------------------------------------------+
; Property           ; Value                                                    ;
+--------------------+----------------------------------------------------------+
; From Node          ; rowwise_dispatch:u_row|c_word[73]                        ;
; To Node            ; rowwise_dispatch:u_row|rowwise_op:u_alu|state_word_q[73] ;
; Launch Clock       ; clk                                                      ;
; Latch Clock        ; clk                                                      ;
; Data Arrival Time  ; 5.053                                                    ;
; Data Required Time ; 4.675                                                    ;
; Slack              ; 0.378                                                    ;
+--------------------+----------------------------------------------------------+

+------------------------------------------------------------------------------------+
; Statistics                                                                         ;
+------------------------+-------+-------+-------------+------------+--------+-------+
; Property               ; Value ; Count ; Total Delay ; % of Total ; Min    ; Max   ;
+------------------------+-------+-------+-------------+------------+--------+-------+
; Hold Relationship      ; 0.000 ;       ;             ;            ;        ;       ;
; Clock Skew             ; 0.126 ;       ;             ;            ;        ;       ;
; Data Delay             ; 0.504 ;       ;             ;            ;        ;       ;
; Number of Logic Levels ;       ; 1     ;             ;            ;        ;       ;
; Physical Delays        ;       ;       ;             ;            ;        ;       ;
;  Arrival Path          ;       ;       ;             ;            ;        ;       ;
;   Clock                ;       ;       ;             ;            ;        ;       ;
;    IC                  ;       ; 3     ; -0.001      ; 0          ; -0.001 ; 0.000 ;
;    Cell                ;       ; 3     ; 2.036       ; 45         ; 0.505  ; 0.989 ;
;    Routing Element     ;       ; 27    ; 2.514       ; 55         ; 0.000  ; 0.812 ;
;   Data                 ;       ;       ;             ;            ;        ;       ;
;    IC                  ;       ; 2     ; 0.000       ; 0          ; 0.000  ; 0.000 ;
;    Cell                ;       ; 3     ; 0.143       ; 28         ; 0.000  ; 0.086 ;
;    uTco                ;       ; 1     ; 0.000       ; 0          ; 0.000  ; 0.000 ;
;    Routing Element     ;       ; 5     ; 0.361       ; 72         ; 0.000  ; 0.135 ;
;  Required Path         ;       ;       ;             ;            ;        ;       ;
;   Clock                ;       ;       ;             ;            ;        ;       ;
;    IC                  ;       ; 3     ; 0.000       ; 0          ; 0.000  ; 0.000 ;
;    Cell                ;       ; 3     ; 2.157       ; 45         ; 0.538  ; 0.989 ;
;    Routing Element     ;       ; 27    ; 2.619       ; 55         ; 0.000  ; 0.841 ;
+------------------------+-------+-------+-------------+------------+--------+-------+
Note: Negative delays are omitted from totals when calculating percentages

+--------------------------------------------------------------------------------------------------------------------------------------------+
; Data Arrival Path                                                                                                                          ;
+---------+----------+----+------+--------+---------------------------------------+----------------------------------------------------------+
; Total   ; Incr     ; RF ; Type ; Fanout ; Location                              ; Element                                                  ;
+---------+----------+----+------+--------+---------------------------------------+----------------------------------------------------------+
; 0.000   ; 0.000    ;    ;      ;        ;                                       ; launch edge time                                         ;
; 4.549   ; 4.549    ;    ;      ;        ;                                       ; clock path                                               ;
;   0.000 ;   0.000  ;    ;      ;        ;                                       ; source latency                                           ;
;   0.000 ;   0.000  ;    ;      ; 1      ; PIN_N16                               ; clk                                                      ;
;   0.000 ;   0.000  ;    ; RE   ; 1      ; IOPAD_X89_Y35_N43                     ; ARRIAV_IO_PAD                                            ;
;   0.000 ;   0.000  ;    ; RE   ; 1      ; IO_PAD_OUTPUT_X89_Y35_N43_I1          ; IO_PAD_OUTPUT                                            ;
;   0.000 ;   0.000  ;    ; RE   ; 1      ; IO_INPUT_BUFFER_INPUT_X89_Y35_N44_I0  ; IO_INPUT_BUFFER_INPUT                                    ;
;   0.000 ;   0.000  ; RR ; IC   ; 1      ; IOIBUF_X89_Y35_N44                    ; clk~input|i                                              ;
;   0.989 ;   0.989  ; RR ; CELL ; 1      ; IOIBUF_X89_Y35_N44                    ; clk~input|o                                              ;
;   0.989 ;   0.000  ;    ; RE   ; 1      ; IOIBUF_X89_Y35_N44                    ; ARRIAV_IO_IBUF                                           ;
;   0.989 ;   0.000  ;    ; RE   ; 1      ; IO_INPUT_BUFFER_OUTPUT_X89_Y35_N44_I2 ; IO_INPUT_BUFFER_OUTPUT                                   ;
;   0.989 ;   0.000  ;    ; RE   ; 1      ; IO_RE_X89_Y35_N43_I96                 ; IO_RE                                                    ;
;   1.084 ;   0.095  ;    ; RE   ; 1      ; IO_RE_X89_Y35_N43_I66                 ; IO_RE                                                    ;
;   1.296 ;   0.212  ;    ; RE   ; 1      ; CLKBUF_CLUSTER_RE_X89_Y39_N3_I368     ; CLKBUF_CLUSTER_RE                                        ;
;   1.296 ;   0.000  ;    ; RE   ; 1      ; CLKBUF_CLUSTER_RE_X89_Y39_N3_I764     ; CLKBUF_CLUSTER_RE                                        ;
;   1.296 ;   0.000  ;    ; RE   ; 1      ; CLKBUF_CLUSTER_RE_X89_Y39_N3_I813     ; CLKBUF_CLUSTER_RE                                        ;
;   1.296 ;   0.000  ;    ; RE   ; 1      ; CLKBUF_CLUSTER_RE_X89_Y39_N3_I553     ; CLKBUF_CLUSTER_RE                                        ;
;   1.296 ;   0.000  ;    ; RE   ; 1      ; GCLK_CLUSTER_RE_X89_Y39_N6_I10        ; GCLK_CLUSTER_RE                                          ;
;   1.296 ;   0.000  ;    ; RE   ; 1      ; CLKBUFBLOCK_INPUT_X89_Y39_N7_I0       ; CLKBUFBLOCK_INPUT                                        ;
;   1.296 ;   0.000  ; RR ; IC   ; 1      ; CLKCTRL_G9                            ; clk~inputCLKENA0|inclk                                   ;
;   1.801 ;   0.505  ; RR ; CELL ; 7412   ; CLKCTRL_G9                            ; clk~inputCLKENA0|outclk                                  ;
;   1.801 ;   0.000  ;    ; RE   ; 1      ; CLKCTRL_G9                            ; ARRIAV_CLKBUF                                            ;
;   1.801 ;   0.000  ;    ; RE   ; 1      ; CLKBUFBLOCK_OUTPUT_X89_Y39_N7_I2      ; CLKBUFBLOCK_OUTPUT                                       ;
;   1.801 ;   0.000  ;    ; RE   ; 1      ; GCLK_CLUSTER_RE_X89_Y39_N6_I12        ; GCLK_CLUSTER_RE                                          ;
;   1.801 ;   0.000  ;    ; RE   ; 1      ; CLKBUF_CLUSTER_RE_X89_Y39_N3_I416     ; CLKBUF_CLUSTER_RE                                        ;
;   2.613 ;   0.812  ;    ; RE   ; 8      ; GLOBAL_CLOCK_X0_Y36_N0_I9             ; GLOBAL_CLOCK                                             ;
;   2.753 ;   0.140  ;    ; RE   ; 14     ; SPINE_CLOCK_X55_Y19_N0_I22            ; SPINE_CLOCK                                              ;
;   3.177 ;   0.424  ;    ; RE   ; 1      ; SCLK_TO_ROWCLK_BUF_X55_Y29_N0_I133    ; SCLK_TO_ROWCLK_BUF                                       ;
;   3.276 ;   0.099  ;    ; RE   ; 2      ; SCLK_TO_ROWCLK_BUF_X55_Y29_N0_I136    ; SCLK_TO_ROWCLK_BUF                                       ;
;   3.761 ;   0.485  ;    ; RE   ; 8      ; LAB_CLK_X56_Y29_N0_I5                 ; LAB_CLK                                                  ;
;   3.902 ;   0.141  ;    ; RE   ; 1      ; BLK_CLK_BUF_X61_Y29_N0_I5             ; BLK_CLK_BUF                                              ;
;   3.965 ;   0.063  ;    ; RE   ; 1      ; ROWCLKSEL_PREBUF_X61_Y29_N0_I5        ; ROWCLKSEL_PREBUF                                         ;
;   4.008 ;   0.043  ;    ; RE   ; 1      ; ROWCLKSEL_X61_Y29_N0_I0               ; ROWCLKSEL                                                ;
;   4.008 ;   0.000  ;    ; RE   ; 2      ; GLOBAL_LOCAL_SEL_X61_Y29_N0_I0        ; GLOBAL_LOCAL_SEL                                         ;
;   4.008 ;   0.000  ;    ; RE   ; 9      ; LAB_INPUT_X61_Y29_N0_I1               ; LAB_INPUT                                                ;
;   4.007 ;   -0.001 ; RR ; IC   ; 1      ; FF_X61_Y29_N31                        ; u_row|c_word[73]|clk                                     ;
;   4.549 ;   0.542  ; RR ; CELL ; 1      ; FF_X61_Y29_N31                        ; rowwise_dispatch:u_row|c_word[73]                        ;
; 5.053   ; 0.504    ;    ;      ;        ;                                       ; data path                                                ;
;   4.549 ;   0.000  ;    ; uTco ; 1      ; FF_X61_Y29_N31                        ; rowwise_dispatch:u_row|c_word[73]                        ;
;   4.549 ;   0.000  ; FF ; CELL ; 1      ; FF_X61_Y29_N31                        ; u_row|c_word[73]|q                                       ;
;   4.599 ;   0.050  ;    ; RE   ; 1      ; FF_X61_Y29_N31                        ; ARRIAV_FF                                                ;
;   4.650 ;   0.051  ;    ; RE   ; 1      ; LE_BUFFER_X61_Y29_N0_I20              ; LE_BUFFER                                                ;
;   4.785 ;   0.135  ;    ; RE   ; 1      ; LOCAL_INTERCONNECT_X61_Y29_N0_I39     ; LAB_LINE                                                 ;
;   4.910 ;   0.125  ;    ; RE   ; 1      ; BLOCK_INPUT_MUX_X61_Y29_N0_I39        ; LEIM_INPUT                                               ;
;   4.910 ;   0.000  ; FF ; IC   ; 1      ; LABCELL_X61_Y29_N27                   ; u_row|u_alu|state_word_q[73]~feeder|dataf                ;
;   4.967 ;   0.057  ; FF ; CELL ; 1      ; LABCELL_X61_Y29_N27                   ; u_row|u_alu|state_word_q[73]~feeder|combout              ;
;   4.967 ;   0.000  ;    ; RE   ; 1      ; LABCELL_X61_Y29_N27                   ; ARRIAV_LCELL_COMB                                        ;
;   4.967 ;   0.000  ; FF ; IC   ; 1      ; FF_X61_Y29_N29                        ; u_row|u_alu|state_word_q[73]|d                           ;
;   5.053 ;   0.086  ; FF ; CELL ; 1      ; FF_X61_Y29_N29                        ; rowwise_dispatch:u_row|rowwise_op:u_alu|state_word_q[73] ;
+---------+----------+----+------+--------+---------------------------------------+----------------------------------------------------------+

+--------------------------------------------------------------------------------------------------------------------------------------------+
; Data Required Path                                                                                                                         ;
+---------+----------+----+------+--------+---------------------------------------+----------------------------------------------------------+
; Total   ; Incr     ; RF ; Type ; Fanout ; Location                              ; Element                                                  ;
+---------+----------+----+------+--------+---------------------------------------+----------------------------------------------------------+
; 0.000   ; 0.000    ;    ;      ;        ;                                       ; latch edge time                                          ;
; 4.675   ; 4.675    ;    ;      ;        ;                                       ; clock path                                               ;
;   0.000 ;   0.000  ;    ;      ;        ;                                       ; source latency                                           ;
;   0.000 ;   0.000  ;    ;      ; 1      ; PIN_N16                               ; clk                                                      ;
;   0.000 ;   0.000  ;    ; RE   ; 1      ; IOPAD_X89_Y35_N43                     ; ARRIAV_IO_PAD                                            ;
;   0.000 ;   0.000  ;    ; RE   ; 1      ; IO_PAD_OUTPUT_X89_Y35_N43_I1          ; IO_PAD_OUTPUT                                            ;
;   0.000 ;   0.000  ;    ; RE   ; 1      ; IO_INPUT_BUFFER_INPUT_X89_Y35_N44_I0  ; IO_INPUT_BUFFER_INPUT                                    ;
;   0.000 ;   0.000  ; RR ; IC   ; 1      ; IOIBUF_X89_Y35_N44                    ; clk~input|i                                              ;
;   0.989 ;   0.989  ; RR ; CELL ; 1      ; IOIBUF_X89_Y35_N44                    ; clk~input|o                                              ;
;   0.989 ;   0.000  ;    ; RE   ; 1      ; IOIBUF_X89_Y35_N44                    ; ARRIAV_IO_IBUF                                           ;
;   0.989 ;   0.000  ;    ; RE   ; 1      ; IO_INPUT_BUFFER_OUTPUT_X89_Y35_N44_I2 ; IO_INPUT_BUFFER_OUTPUT                                   ;
;   0.989 ;   0.000  ;    ; RE   ; 1      ; IO_RE_X89_Y35_N43_I96                 ; IO_RE                                                    ;
;   1.089 ;   0.100  ;    ; RE   ; 1      ; IO_RE_X89_Y35_N43_I66                 ; IO_RE                                                    ;
;   1.311 ;   0.222  ;    ; RE   ; 1      ; CLKBUF_CLUSTER_RE_X89_Y39_N3_I368     ; CLKBUF_CLUSTER_RE                                        ;
;   1.311 ;   0.000  ;    ; RE   ; 1      ; CLKBUF_CLUSTER_RE_X89_Y39_N3_I764     ; CLKBUF_CLUSTER_RE                                        ;
;   1.311 ;   0.000  ;    ; RE   ; 1      ; CLKBUF_CLUSTER_RE_X89_Y39_N3_I813     ; CLKBUF_CLUSTER_RE                                        ;
;   1.311 ;   0.000  ;    ; RE   ; 1      ; CLKBUF_CLUSTER_RE_X89_Y39_N3_I553     ; CLKBUF_CLUSTER_RE                                        ;
;   1.311 ;   0.000  ;    ; RE   ; 1      ; GCLK_CLUSTER_RE_X89_Y39_N6_I10        ; GCLK_CLUSTER_RE                                          ;
;   1.311 ;   0.000  ;    ; RE   ; 1      ; CLKBUFBLOCK_INPUT_X89_Y39_N7_I0       ; CLKBUFBLOCK_INPUT                                        ;
;   1.311 ;   0.000  ; RR ; IC   ; 1      ; CLKCTRL_G9                            ; clk~inputCLKENA0|inclk                                   ;
;   1.849 ;   0.538  ; RR ; CELL ; 7412   ; CLKCTRL_G9                            ; clk~inputCLKENA0|outclk                                  ;
;   1.849 ;   0.000  ;    ; RE   ; 1      ; CLKCTRL_G9                            ; ARRIAV_CLKBUF                                            ;
;   1.849 ;   0.000  ;    ; RE   ; 1      ; CLKBUFBLOCK_OUTPUT_X89_Y39_N7_I2      ; CLKBUFBLOCK_OUTPUT                                       ;
;   1.849 ;   0.000  ;    ; RE   ; 1      ; GCLK_CLUSTER_RE_X89_Y39_N6_I12        ; GCLK_CLUSTER_RE                                          ;
;   1.849 ;   0.000  ;    ; RE   ; 1      ; CLKBUF_CLUSTER_RE_X89_Y39_N3_I416     ; CLKBUF_CLUSTER_RE                                        ;
;   2.690 ;   0.841  ;    ; RE   ; 8      ; GLOBAL_CLOCK_X0_Y36_N0_I9             ; GLOBAL_CLOCK                                             ;
;   2.835 ;   0.145  ;    ; RE   ; 14     ; SPINE_CLOCK_X55_Y19_N0_I22            ; SPINE_CLOCK                                              ;
;   3.275 ;   0.440  ;    ; RE   ; 1      ; SCLK_TO_ROWCLK_BUF_X55_Y29_N0_I133    ; SCLK_TO_ROWCLK_BUF                                       ;
;   3.377 ;   0.102  ;    ; RE   ; 2      ; SCLK_TO_ROWCLK_BUF_X55_Y29_N0_I136    ; SCLK_TO_ROWCLK_BUF                                       ;
;   3.881 ;   0.504  ;    ; RE   ; 8      ; LAB_CLK_X56_Y29_N0_I5                 ; LAB_CLK                                                  ;
;   4.034 ;   0.153  ;    ; RE   ; 1      ; BLK_CLK_BUF_X61_Y29_N0_I5             ; BLK_CLK_BUF                                              ;
;   4.099 ;   0.065  ;    ; RE   ; 1      ; ROWCLKSEL_PREBUF_X61_Y29_N0_I5        ; ROWCLKSEL_PREBUF                                         ;
;   4.146 ;   0.047  ;    ; RE   ; 1      ; ROWCLKSEL_X61_Y29_N0_I0               ; ROWCLKSEL                                                ;
;   4.146 ;   0.000  ;    ; RE   ; 2      ; GLOBAL_LOCAL_SEL_X61_Y29_N0_I0        ; GLOBAL_LOCAL_SEL                                         ;
;   4.146 ;   0.000  ;    ; RE   ; 11     ; LAB_INPUT_X61_Y29_N0_I0               ; LAB_INPUT                                                ;
;   4.146 ;   0.000  ; RR ; IC   ; 1      ; FF_X61_Y29_N29                        ; u_row|u_alu|state_word_q[73]|clk                         ;
;   4.776 ;   0.630  ; RR ; CELL ; 1      ; FF_X61_Y29_N29                        ; rowwise_dispatch:u_row|rowwise_op:u_alu|state_word_q[73] ;
;   4.675 ;   -0.101 ;    ;      ;        ;                                       ; clock pessimism removed                                  ;
; 4.675   ; 0.000    ;    ;      ;        ;                                       ; clock uncertainty                                        ;
; 4.675   ; 0.000    ;    ; uTh  ; 1      ; FF_X61_Y29_N29                        ; rowwise_dispatch:u_row|rowwise_op:u_alu|state_word_q[73] ;
+---------+----------+----+------+--------+---------------------------------------+----------------------------------------------------------+

----------------------------
; Extra Fitter Information ;
----------------------------
HTML report is unavailable in plain text report export.


Path #24: Hold slack is 0.385 
===============================================================================
+-------------------------------------------------------------------------------------+
; Path Summary                                                                        ;
+--------------------+----------------------------------------------------------------+
; Property           ; Value                                                          ;
+--------------------+----------------------------------------------------------------+
; From Node          ; norm_dispatch:u_norm|norm:u_norm|isqrt_u64:u_sqrt|root_work[4] ;
; To Node            ; norm_dispatch:u_norm|norm:u_norm|isqrt_u64:u_sqrt|root_work[5] ;
; Launch Clock       ; clk                                                            ;
; Latch Clock        ; clk                                                            ;
; Data Arrival Time  ; 5.064                                                          ;
; Data Required Time ; 4.679                                                          ;
; Slack              ; 0.385                                                          ;
+--------------------+----------------------------------------------------------------+

+-----------------------------------------------------------------------------------+
; Statistics                                                                        ;
+------------------------+-------+-------+-------------+------------+-------+-------+
; Property               ; Value ; Count ; Total Delay ; % of Total ; Min   ; Max   ;
+------------------------+-------+-------+-------------+------------+-------+-------+
; Hold Relationship      ; 0.000 ;       ;             ;            ;       ;       ;
; Clock Skew             ; 0.113 ;       ;             ;            ;       ;       ;
; Data Delay             ; 0.498 ;       ;             ;            ;       ;       ;
; Number of Logic Levels ;       ; 1     ;             ;            ;       ;       ;
; Physical Delays        ;       ;       ;             ;            ;       ;       ;
;  Arrival Path          ;       ;       ;             ;            ;       ;       ;
;   Clock                ;       ;       ;             ;            ;       ;       ;
;    IC                  ;       ; 3     ; 0.000       ; 0          ; 0.000 ; 0.000 ;
;    Cell                ;       ; 3     ; 2.029       ; 44         ; 0.505 ; 0.989 ;
;    Routing Element     ;       ; 27    ; 2.537       ; 56         ; 0.000 ; 0.823 ;
;   Data                 ;       ;       ;             ;            ;       ;       ;
;    IC                  ;       ; 2     ; 0.000       ; 0          ; 0.000 ; 0.000 ;
;    Cell                ;       ; 3     ; 0.142       ; 29         ; 0.000 ; 0.085 ;
;    uTco                ;       ; 1     ; 0.000       ; 0          ; 0.000 ; 0.000 ;
;    Routing Element     ;       ; 5     ; 0.356       ; 71         ; 0.000 ; 0.133 ;
;  Required Path         ;       ;       ;             ;            ;       ;       ;
;   Clock                ;       ;       ;             ;            ;       ;       ;
;    IC                  ;       ; 3     ; 0.000       ; 0          ; 0.000 ; 0.000 ;
;    Cell                ;       ; 3     ; 2.139       ; 45         ; 0.538 ; 0.989 ;
;    Routing Element     ;       ; 27    ; 2.646       ; 55         ; 0.000 ; 0.855 ;
+------------------------+-------+-------+-------------+------------+-------+-------+
Note: Negative delays are omitted from totals when calculating percentages

+-------------------------------------------------------------------------------------------------------------------------------------------------+
; Data Arrival Path                                                                                                                               ;
+---------+---------+----+------+--------+---------------------------------------+----------------------------------------------------------------+
; Total   ; Incr    ; RF ; Type ; Fanout ; Location                              ; Element                                                        ;
+---------+---------+----+------+--------+---------------------------------------+----------------------------------------------------------------+
; 0.000   ; 0.000   ;    ;      ;        ;                                       ; launch edge time                                               ;
; 4.566   ; 4.566   ;    ;      ;        ;                                       ; clock path                                                     ;
;   0.000 ;   0.000 ;    ;      ;        ;                                       ; source latency                                                 ;
;   0.000 ;   0.000 ;    ;      ; 1      ; PIN_N16                               ; clk                                                            ;
;   0.000 ;   0.000 ;    ; RE   ; 1      ; IOPAD_X89_Y35_N43                     ; ARRIAV_IO_PAD                                                  ;
;   0.000 ;   0.000 ;    ; RE   ; 1      ; IO_PAD_OUTPUT_X89_Y35_N43_I1          ; IO_PAD_OUTPUT                                                  ;
;   0.000 ;   0.000 ;    ; RE   ; 1      ; IO_INPUT_BUFFER_INPUT_X89_Y35_N44_I0  ; IO_INPUT_BUFFER_INPUT                                          ;
;   0.000 ;   0.000 ; RR ; IC   ; 1      ; IOIBUF_X89_Y35_N44                    ; clk~input|i                                                    ;
;   0.989 ;   0.989 ; RR ; CELL ; 1      ; IOIBUF_X89_Y35_N44                    ; clk~input|o                                                    ;
;   0.989 ;   0.000 ;    ; RE   ; 1      ; IOIBUF_X89_Y35_N44                    ; ARRIAV_IO_IBUF                                                 ;
;   0.989 ;   0.000 ;    ; RE   ; 1      ; IO_INPUT_BUFFER_OUTPUT_X89_Y35_N44_I2 ; IO_INPUT_BUFFER_OUTPUT                                         ;
;   0.989 ;   0.000 ;    ; RE   ; 1      ; IO_RE_X89_Y35_N43_I96                 ; IO_RE                                                          ;
;   1.084 ;   0.095 ;    ; RE   ; 1      ; IO_RE_X89_Y35_N43_I66                 ; IO_RE                                                          ;
;   1.296 ;   0.212 ;    ; RE   ; 1      ; CLKBUF_CLUSTER_RE_X89_Y39_N3_I368     ; CLKBUF_CLUSTER_RE                                              ;
;   1.296 ;   0.000 ;    ; RE   ; 1      ; CLKBUF_CLUSTER_RE_X89_Y39_N3_I764     ; CLKBUF_CLUSTER_RE                                              ;
;   1.296 ;   0.000 ;    ; RE   ; 1      ; CLKBUF_CLUSTER_RE_X89_Y39_N3_I813     ; CLKBUF_CLUSTER_RE                                              ;
;   1.296 ;   0.000 ;    ; RE   ; 1      ; CLKBUF_CLUSTER_RE_X89_Y39_N3_I553     ; CLKBUF_CLUSTER_RE                                              ;
;   1.296 ;   0.000 ;    ; RE   ; 1      ; GCLK_CLUSTER_RE_X89_Y39_N6_I10        ; GCLK_CLUSTER_RE                                                ;
;   1.296 ;   0.000 ;    ; RE   ; 1      ; CLKBUFBLOCK_INPUT_X89_Y39_N7_I0       ; CLKBUFBLOCK_INPUT                                              ;
;   1.296 ;   0.000 ; RR ; IC   ; 1      ; CLKCTRL_G9                            ; clk~inputCLKENA0|inclk                                         ;
;   1.801 ;   0.505 ; RR ; CELL ; 7412   ; CLKCTRL_G9                            ; clk~inputCLKENA0|outclk                                        ;
;   1.801 ;   0.000 ;    ; RE   ; 1      ; CLKCTRL_G9                            ; ARRIAV_CLKBUF                                                  ;
;   1.801 ;   0.000 ;    ; RE   ; 1      ; CLKBUFBLOCK_OUTPUT_X89_Y39_N7_I2      ; CLKBUFBLOCK_OUTPUT                                             ;
;   1.801 ;   0.000 ;    ; RE   ; 1      ; GCLK_CLUSTER_RE_X89_Y39_N6_I12        ; GCLK_CLUSTER_RE                                                ;
;   1.801 ;   0.000 ;    ; RE   ; 1      ; CLKBUF_CLUSTER_RE_X89_Y39_N3_I416     ; CLKBUF_CLUSTER_RE                                              ;
;   2.624 ;   0.823 ;    ; RE   ; 8      ; GLOBAL_CLOCK_X0_Y36_N0_I9             ; GLOBAL_CLOCK                                                   ;
;   2.785 ;   0.161 ;    ; RE   ; 13     ; SPINE_CLOCK_X15_Y37_N0_I7             ; SPINE_CLOCK                                                    ;
;   3.243 ;   0.458 ;    ; RE   ; 1      ; SCLK_TO_ROWCLK_BUF_X15_Y46_N0_I43     ; SCLK_TO_ROWCLK_BUF                                             ;
;   3.330 ;   0.087 ;    ; RE   ; 1      ; SCLK_TO_ROWCLK_BUF_X15_Y46_N0_I46     ; SCLK_TO_ROWCLK_BUF                                             ;
;   3.798 ;   0.468 ;    ; RE   ; 7      ; LAB_CLK_X16_Y46_N0_I5                 ; LAB_CLK                                                        ;
;   3.929 ;   0.131 ;    ; RE   ; 1      ; BLK_CLK_BUF_X18_Y46_N0_I5             ; BLK_CLK_BUF                                                    ;
;   3.989 ;   0.060 ;    ; RE   ; 1      ; ROWCLKSEL_PREBUF_X18_Y46_N0_I5        ; ROWCLKSEL_PREBUF                                               ;
;   4.031 ;   0.042 ;    ; RE   ; 1      ; ROWCLKSEL_X18_Y46_N0_I1               ; ROWCLKSEL                                                      ;
;   4.031 ;   0.000 ;    ; RE   ; 2      ; GLOBAL_LOCAL_SEL_X18_Y46_N0_I1        ; GLOBAL_LOCAL_SEL                                               ;
;   4.031 ;   0.000 ;    ; RE   ; 20     ; LAB_INPUT_X18_Y46_N0_I0               ; LAB_INPUT                                                      ;
;   4.031 ;   0.000 ; RR ; IC   ; 1      ; FF_X18_Y46_N22                        ; u_norm|u_norm|u_sqrt|root_work[4]|clk                          ;
;   4.566 ;   0.535 ; RR ; CELL ; 1      ; FF_X18_Y46_N22                        ; norm_dispatch:u_norm|norm:u_norm|isqrt_u64:u_sqrt|root_work[4] ;
; 5.064   ; 0.498   ;    ;      ;        ;                                       ; data path                                                      ;
;   4.566 ;   0.000 ;    ; uTco ; 1      ; FF_X18_Y46_N22                        ; norm_dispatch:u_norm|norm:u_norm|isqrt_u64:u_sqrt|root_work[4] ;
;   4.566 ;   0.000 ; FF ; CELL ; 3      ; FF_X18_Y46_N22                        ; u_norm|u_norm|u_sqrt|root_work[4]|q                            ;
;   4.616 ;   0.050 ;    ; RE   ; 1      ; FF_X18_Y46_N22                        ; ARRIAV_FF                                                      ;
;   4.674 ;   0.058 ;    ; RE   ; 2      ; LE_BUFFER_X18_Y46_N0_I14              ; LE_BUFFER                                                      ;
;   4.807 ;   0.133 ;    ; RE   ; 1      ; LOCAL_INTERCONNECT_X18_Y46_N0_I36     ; LAB_LINE                                                       ;
;   4.922 ;   0.115 ;    ; RE   ; 1      ; BLOCK_INPUT_MUX_X18_Y46_N0_I15        ; LEIM_INPUT                                                     ;
;   4.922 ;   0.000 ; FF ; IC   ; 1      ; LABCELL_X18_Y46_N9                    ; u_norm|u_norm|u_sqrt|root_work[5]~feeder|dataf                 ;
;   4.979 ;   0.057 ; FF ; CELL ; 1      ; LABCELL_X18_Y46_N9                    ; u_norm|u_norm|u_sqrt|root_work[5]~feeder|combout               ;
;   4.979 ;   0.000 ;    ; RE   ; 1      ; LABCELL_X18_Y46_N9                    ; ARRIAV_LCELL_COMB                                              ;
;   4.979 ;   0.000 ; FF ; IC   ; 1      ; FF_X18_Y46_N10                        ; u_norm|u_norm|u_sqrt|root_work[5]|d                            ;
;   5.064 ;   0.085 ; FF ; CELL ; 1      ; FF_X18_Y46_N10                        ; norm_dispatch:u_norm|norm:u_norm|isqrt_u64:u_sqrt|root_work[5] ;
+---------+---------+----+------+--------+---------------------------------------+----------------------------------------------------------------+

+--------------------------------------------------------------------------------------------------------------------------------------------------+
; Data Required Path                                                                                                                               ;
+---------+----------+----+------+--------+---------------------------------------+----------------------------------------------------------------+
; Total   ; Incr     ; RF ; Type ; Fanout ; Location                              ; Element                                                        ;
+---------+----------+----+------+--------+---------------------------------------+----------------------------------------------------------------+
; 0.000   ; 0.000    ;    ;      ;        ;                                       ; latch edge time                                                ;
; 4.679   ; 4.679    ;    ;      ;        ;                                       ; clock path                                                     ;
;   0.000 ;   0.000  ;    ;      ;        ;                                       ; source latency                                                 ;
;   0.000 ;   0.000  ;    ;      ; 1      ; PIN_N16                               ; clk                                                            ;
;   0.000 ;   0.000  ;    ; RE   ; 1      ; IOPAD_X89_Y35_N43                     ; ARRIAV_IO_PAD                                                  ;
;   0.000 ;   0.000  ;    ; RE   ; 1      ; IO_PAD_OUTPUT_X89_Y35_N43_I1          ; IO_PAD_OUTPUT                                                  ;
;   0.000 ;   0.000  ;    ; RE   ; 1      ; IO_INPUT_BUFFER_INPUT_X89_Y35_N44_I0  ; IO_INPUT_BUFFER_INPUT                                          ;
;   0.000 ;   0.000  ; RR ; IC   ; 1      ; IOIBUF_X89_Y35_N44                    ; clk~input|i                                                    ;
;   0.989 ;   0.989  ; RR ; CELL ; 1      ; IOIBUF_X89_Y35_N44                    ; clk~input|o                                                    ;
;   0.989 ;   0.000  ;    ; RE   ; 1      ; IOIBUF_X89_Y35_N44                    ; ARRIAV_IO_IBUF                                                 ;
;   0.989 ;   0.000  ;    ; RE   ; 1      ; IO_INPUT_BUFFER_OUTPUT_X89_Y35_N44_I2 ; IO_INPUT_BUFFER_OUTPUT                                         ;
;   0.989 ;   0.000  ;    ; RE   ; 1      ; IO_RE_X89_Y35_N43_I96                 ; IO_RE                                                          ;
;   1.089 ;   0.100  ;    ; RE   ; 1      ; IO_RE_X89_Y35_N43_I66                 ; IO_RE                                                          ;
;   1.311 ;   0.222  ;    ; RE   ; 1      ; CLKBUF_CLUSTER_RE_X89_Y39_N3_I368     ; CLKBUF_CLUSTER_RE                                              ;
;   1.311 ;   0.000  ;    ; RE   ; 1      ; CLKBUF_CLUSTER_RE_X89_Y39_N3_I764     ; CLKBUF_CLUSTER_RE                                              ;
;   1.311 ;   0.000  ;    ; RE   ; 1      ; CLKBUF_CLUSTER_RE_X89_Y39_N3_I813     ; CLKBUF_CLUSTER_RE                                              ;
;   1.311 ;   0.000  ;    ; RE   ; 1      ; CLKBUF_CLUSTER_RE_X89_Y39_N3_I553     ; CLKBUF_CLUSTER_RE                                              ;
;   1.311 ;   0.000  ;    ; RE   ; 1      ; GCLK_CLUSTER_RE_X89_Y39_N6_I10        ; GCLK_CLUSTER_RE                                                ;
;   1.311 ;   0.000  ;    ; RE   ; 1      ; CLKBUFBLOCK_INPUT_X89_Y39_N7_I0       ; CLKBUFBLOCK_INPUT                                              ;
;   1.311 ;   0.000  ; RR ; IC   ; 1      ; CLKCTRL_G9                            ; clk~inputCLKENA0|inclk                                         ;
;   1.849 ;   0.538  ; RR ; CELL ; 7412   ; CLKCTRL_G9                            ; clk~inputCLKENA0|outclk                                        ;
;   1.849 ;   0.000  ;    ; RE   ; 1      ; CLKCTRL_G9                            ; ARRIAV_CLKBUF                                                  ;
;   1.849 ;   0.000  ;    ; RE   ; 1      ; CLKBUFBLOCK_OUTPUT_X89_Y39_N7_I2      ; CLKBUFBLOCK_OUTPUT                                             ;
;   1.849 ;   0.000  ;    ; RE   ; 1      ; GCLK_CLUSTER_RE_X89_Y39_N6_I12        ; GCLK_CLUSTER_RE                                                ;
;   1.849 ;   0.000  ;    ; RE   ; 1      ; CLKBUF_CLUSTER_RE_X89_Y39_N3_I416     ; CLKBUF_CLUSTER_RE                                              ;
;   2.704 ;   0.855  ;    ; RE   ; 8      ; GLOBAL_CLOCK_X0_Y36_N0_I9             ; GLOBAL_CLOCK                                                   ;
;   2.871 ;   0.167  ;    ; RE   ; 13     ; SPINE_CLOCK_X15_Y37_N0_I7             ; SPINE_CLOCK                                                    ;
;   3.346 ;   0.475  ;    ; RE   ; 1      ; SCLK_TO_ROWCLK_BUF_X15_Y46_N0_I43     ; SCLK_TO_ROWCLK_BUF                                             ;
;   3.436 ;   0.090  ;    ; RE   ; 1      ; SCLK_TO_ROWCLK_BUF_X15_Y46_N0_I46     ; SCLK_TO_ROWCLK_BUF                                             ;
;   3.922 ;   0.486  ;    ; RE   ; 7      ; LAB_CLK_X16_Y46_N0_I5                 ; LAB_CLK                                                        ;
;   4.065 ;   0.143  ;    ; RE   ; 1      ; BLK_CLK_BUF_X18_Y46_N0_I5             ; BLK_CLK_BUF                                                    ;
;   4.127 ;   0.062  ;    ; RE   ; 1      ; ROWCLKSEL_PREBUF_X18_Y46_N0_I5        ; ROWCLKSEL_PREBUF                                               ;
;   4.173 ;   0.046  ;    ; RE   ; 1      ; ROWCLKSEL_X18_Y46_N0_I1               ; ROWCLKSEL                                                      ;
;   4.173 ;   0.000  ;    ; RE   ; 2      ; GLOBAL_LOCAL_SEL_X18_Y46_N0_I1        ; GLOBAL_LOCAL_SEL                                               ;
;   4.173 ;   0.000  ;    ; RE   ; 20     ; LAB_INPUT_X18_Y46_N0_I0               ; LAB_INPUT                                                      ;
;   4.173 ;   0.000  ; RR ; IC   ; 1      ; FF_X18_Y46_N10                        ; u_norm|u_norm|u_sqrt|root_work[5]|clk                          ;
;   4.785 ;   0.612  ; RR ; CELL ; 1      ; FF_X18_Y46_N10                        ; norm_dispatch:u_norm|norm:u_norm|isqrt_u64:u_sqrt|root_work[5] ;
;   4.679 ;   -0.106 ;    ;      ;        ;                                       ; clock pessimism removed                                        ;
; 4.679   ; 0.000    ;    ;      ;        ;                                       ; clock uncertainty                                              ;
; 4.679   ; 0.000    ;    ; uTh  ; 1      ; FF_X18_Y46_N10                        ; norm_dispatch:u_norm|norm:u_norm|isqrt_u64:u_sqrt|root_work[5] ;
+---------+----------+----+------+--------+---------------------------------------+----------------------------------------------------------------+

----------------------------
; Extra Fitter Information ;
----------------------------
HTML report is unavailable in plain text report export.


Path #25: Hold slack is 0.392 
===============================================================================
+-------------------------------------------------------------------------------------+
; Path Summary                                                                        ;
+--------------------+----------------------------------------------------------------+
; Property           ; Value                                                          ;
+--------------------+----------------------------------------------------------------+
; From Node          ; norm_dispatch:u_norm|norm:u_norm|isqrt_u64:u_sqrt|root_work[2] ;
; To Node            ; norm_dispatch:u_norm|norm:u_norm|isqrt_u64:u_sqrt|root_work[3] ;
; Launch Clock       ; clk                                                            ;
; Latch Clock        ; clk                                                            ;
; Data Arrival Time  ; 5.071                                                          ;
; Data Required Time ; 4.679                                                          ;
; Slack              ; 0.392                                                          ;
+--------------------+----------------------------------------------------------------+

+-----------------------------------------------------------------------------------+
; Statistics                                                                        ;
+------------------------+-------+-------+-------------+------------+-------+-------+
; Property               ; Value ; Count ; Total Delay ; % of Total ; Min   ; Max   ;
+------------------------+-------+-------+-------------+------------+-------+-------+
; Hold Relationship      ; 0.000 ;       ;             ;            ;       ;       ;
; Clock Skew             ; 0.105 ;       ;             ;            ;       ;       ;
; Data Delay             ; 0.497 ;       ;             ;            ;       ;       ;
; Number of Logic Levels ;       ; 1     ;             ;            ;       ;       ;
; Physical Delays        ;       ;       ;             ;            ;       ;       ;
;  Arrival Path          ;       ;       ;             ;            ;       ;       ;
;   Clock                ;       ;       ;             ;            ;       ;       ;
;    IC                  ;       ; 3     ; 0.000       ; 0          ; 0.000 ; 0.000 ;
;    Cell                ;       ; 3     ; 2.037       ; 45         ; 0.505 ; 0.989 ;
;    Routing Element     ;       ; 27    ; 2.537       ; 55         ; 0.000 ; 0.823 ;
;   Data                 ;       ;       ;             ;            ;       ;       ;
;    IC                  ;       ; 2     ; 0.000       ; 0          ; 0.000 ; 0.000 ;
;    Cell                ;       ; 3     ; 0.142       ; 29         ; 0.000 ; 0.085 ;
;    uTco                ;       ; 1     ; 0.000       ; 0          ; 0.000 ; 0.000 ;
;    Routing Element     ;       ; 5     ; 0.355       ; 71         ; 0.000 ; 0.132 ;
;  Required Path         ;       ;       ;             ;            ;       ;       ;
;   Clock                ;       ;       ;             ;            ;       ;       ;
;    IC                  ;       ; 3     ; 0.000       ; 0          ; 0.000 ; 0.000 ;
;    Cell                ;       ; 3     ; 2.139       ; 45         ; 0.538 ; 0.989 ;
;    Routing Element     ;       ; 27    ; 2.646       ; 55         ; 0.000 ; 0.855 ;
+------------------------+-------+-------+-------------+------------+-------+-------+
Note: Negative delays are omitted from totals when calculating percentages

+-------------------------------------------------------------------------------------------------------------------------------------------------+
; Data Arrival Path                                                                                                                               ;
+---------+---------+----+------+--------+---------------------------------------+----------------------------------------------------------------+
; Total   ; Incr    ; RF ; Type ; Fanout ; Location                              ; Element                                                        ;
+---------+---------+----+------+--------+---------------------------------------+----------------------------------------------------------------+
; 0.000   ; 0.000   ;    ;      ;        ;                                       ; launch edge time                                               ;
; 4.574   ; 4.574   ;    ;      ;        ;                                       ; clock path                                                     ;
;   0.000 ;   0.000 ;    ;      ;        ;                                       ; source latency                                                 ;
;   0.000 ;   0.000 ;    ;      ; 1      ; PIN_N16                               ; clk                                                            ;
;   0.000 ;   0.000 ;    ; RE   ; 1      ; IOPAD_X89_Y35_N43                     ; ARRIAV_IO_PAD                                                  ;
;   0.000 ;   0.000 ;    ; RE   ; 1      ; IO_PAD_OUTPUT_X89_Y35_N43_I1          ; IO_PAD_OUTPUT                                                  ;
;   0.000 ;   0.000 ;    ; RE   ; 1      ; IO_INPUT_BUFFER_INPUT_X89_Y35_N44_I0  ; IO_INPUT_BUFFER_INPUT                                          ;
;   0.000 ;   0.000 ; RR ; IC   ; 1      ; IOIBUF_X89_Y35_N44                    ; clk~input|i                                                    ;
;   0.989 ;   0.989 ; RR ; CELL ; 1      ; IOIBUF_X89_Y35_N44                    ; clk~input|o                                                    ;
;   0.989 ;   0.000 ;    ; RE   ; 1      ; IOIBUF_X89_Y35_N44                    ; ARRIAV_IO_IBUF                                                 ;
;   0.989 ;   0.000 ;    ; RE   ; 1      ; IO_INPUT_BUFFER_OUTPUT_X89_Y35_N44_I2 ; IO_INPUT_BUFFER_OUTPUT                                         ;
;   0.989 ;   0.000 ;    ; RE   ; 1      ; IO_RE_X89_Y35_N43_I96                 ; IO_RE                                                          ;
;   1.084 ;   0.095 ;    ; RE   ; 1      ; IO_RE_X89_Y35_N43_I66                 ; IO_RE                                                          ;
;   1.296 ;   0.212 ;    ; RE   ; 1      ; CLKBUF_CLUSTER_RE_X89_Y39_N3_I368     ; CLKBUF_CLUSTER_RE                                              ;
;   1.296 ;   0.000 ;    ; RE   ; 1      ; CLKBUF_CLUSTER_RE_X89_Y39_N3_I764     ; CLKBUF_CLUSTER_RE                                              ;
;   1.296 ;   0.000 ;    ; RE   ; 1      ; CLKBUF_CLUSTER_RE_X89_Y39_N3_I813     ; CLKBUF_CLUSTER_RE                                              ;
;   1.296 ;   0.000 ;    ; RE   ; 1      ; CLKBUF_CLUSTER_RE_X89_Y39_N3_I553     ; CLKBUF_CLUSTER_RE                                              ;
;   1.296 ;   0.000 ;    ; RE   ; 1      ; GCLK_CLUSTER_RE_X89_Y39_N6_I10        ; GCLK_CLUSTER_RE                                                ;
;   1.296 ;   0.000 ;    ; RE   ; 1      ; CLKBUFBLOCK_INPUT_X89_Y39_N7_I0       ; CLKBUFBLOCK_INPUT                                              ;
;   1.296 ;   0.000 ; RR ; IC   ; 1      ; CLKCTRL_G9                            ; clk~inputCLKENA0|inclk                                         ;
;   1.801 ;   0.505 ; RR ; CELL ; 7412   ; CLKCTRL_G9                            ; clk~inputCLKENA0|outclk                                        ;
;   1.801 ;   0.000 ;    ; RE   ; 1      ; CLKCTRL_G9                            ; ARRIAV_CLKBUF                                                  ;
;   1.801 ;   0.000 ;    ; RE   ; 1      ; CLKBUFBLOCK_OUTPUT_X89_Y39_N7_I2      ; CLKBUFBLOCK_OUTPUT                                             ;
;   1.801 ;   0.000 ;    ; RE   ; 1      ; GCLK_CLUSTER_RE_X89_Y39_N6_I12        ; GCLK_CLUSTER_RE                                                ;
;   1.801 ;   0.000 ;    ; RE   ; 1      ; CLKBUF_CLUSTER_RE_X89_Y39_N3_I416     ; CLKBUF_CLUSTER_RE                                              ;
;   2.624 ;   0.823 ;    ; RE   ; 8      ; GLOBAL_CLOCK_X0_Y36_N0_I9             ; GLOBAL_CLOCK                                                   ;
;   2.785 ;   0.161 ;    ; RE   ; 13     ; SPINE_CLOCK_X15_Y37_N0_I7             ; SPINE_CLOCK                                                    ;
;   3.243 ;   0.458 ;    ; RE   ; 1      ; SCLK_TO_ROWCLK_BUF_X15_Y46_N0_I43     ; SCLK_TO_ROWCLK_BUF                                             ;
;   3.330 ;   0.087 ;    ; RE   ; 1      ; SCLK_TO_ROWCLK_BUF_X15_Y46_N0_I46     ; SCLK_TO_ROWCLK_BUF                                             ;
;   3.798 ;   0.468 ;    ; RE   ; 7      ; LAB_CLK_X16_Y46_N0_I5                 ; LAB_CLK                                                        ;
;   3.929 ;   0.131 ;    ; RE   ; 1      ; BLK_CLK_BUF_X18_Y46_N0_I5             ; BLK_CLK_BUF                                                    ;
;   3.989 ;   0.060 ;    ; RE   ; 1      ; ROWCLKSEL_PREBUF_X18_Y46_N0_I5        ; ROWCLKSEL_PREBUF                                               ;
;   4.031 ;   0.042 ;    ; RE   ; 1      ; ROWCLKSEL_X18_Y46_N0_I1               ; ROWCLKSEL                                                      ;
;   4.031 ;   0.000 ;    ; RE   ; 2      ; GLOBAL_LOCAL_SEL_X18_Y46_N0_I1        ; GLOBAL_LOCAL_SEL                                               ;
;   4.031 ;   0.000 ;    ; RE   ; 20     ; LAB_INPUT_X18_Y46_N0_I0               ; LAB_INPUT                                                      ;
;   4.031 ;   0.000 ; RR ; IC   ; 1      ; FF_X18_Y46_N25                        ; u_norm|u_norm|u_sqrt|root_work[2]|clk                          ;
;   4.574 ;   0.543 ; RR ; CELL ; 1      ; FF_X18_Y46_N25                        ; norm_dispatch:u_norm|norm:u_norm|isqrt_u64:u_sqrt|root_work[2] ;
; 5.071   ; 0.497   ;    ;      ;        ;                                       ; data path                                                      ;
;   4.574 ;   0.000 ;    ; uTco ; 1      ; FF_X18_Y46_N25                        ; norm_dispatch:u_norm|norm:u_norm|isqrt_u64:u_sqrt|root_work[2] ;
;   4.574 ;   0.000 ; FF ; CELL ; 3      ; FF_X18_Y46_N25                        ; u_norm|u_norm|u_sqrt|root_work[2]|q                            ;
;   4.624 ;   0.050 ;    ; RE   ; 1      ; FF_X18_Y46_N25                        ; ARRIAV_FF                                                      ;
;   4.681 ;   0.057 ;    ; RE   ; 2      ; LE_BUFFER_X18_Y46_N0_I16              ; LE_BUFFER                                                      ;
;   4.813 ;   0.132 ;    ; RE   ; 1      ; LOCAL_INTERCONNECT_X18_Y46_N0_I37     ; LAB_LINE                                                       ;
;   4.929 ;   0.116 ;    ; RE   ; 1      ; BLOCK_INPUT_MUX_X18_Y46_N0_I39        ; LEIM_INPUT                                                     ;
;   4.929 ;   0.000 ; FF ; IC   ; 1      ; LABCELL_X18_Y46_N27                   ; u_norm|u_norm|u_sqrt|root_work[3]~feeder|dataf                 ;
;   4.986 ;   0.057 ; FF ; CELL ; 1      ; LABCELL_X18_Y46_N27                   ; u_norm|u_norm|u_sqrt|root_work[3]~feeder|combout               ;
;   4.986 ;   0.000 ;    ; RE   ; 1      ; LABCELL_X18_Y46_N27                   ; ARRIAV_LCELL_COMB                                              ;
;   4.986 ;   0.000 ; FF ; IC   ; 1      ; FF_X18_Y46_N28                        ; u_norm|u_norm|u_sqrt|root_work[3]|d                            ;
;   5.071 ;   0.085 ; FF ; CELL ; 1      ; FF_X18_Y46_N28                        ; norm_dispatch:u_norm|norm:u_norm|isqrt_u64:u_sqrt|root_work[3] ;
+---------+---------+----+------+--------+---------------------------------------+----------------------------------------------------------------+

+--------------------------------------------------------------------------------------------------------------------------------------------------+
; Data Required Path                                                                                                                               ;
+---------+----------+----+------+--------+---------------------------------------+----------------------------------------------------------------+
; Total   ; Incr     ; RF ; Type ; Fanout ; Location                              ; Element                                                        ;
+---------+----------+----+------+--------+---------------------------------------+----------------------------------------------------------------+
; 0.000   ; 0.000    ;    ;      ;        ;                                       ; latch edge time                                                ;
; 4.679   ; 4.679    ;    ;      ;        ;                                       ; clock path                                                     ;
;   0.000 ;   0.000  ;    ;      ;        ;                                       ; source latency                                                 ;
;   0.000 ;   0.000  ;    ;      ; 1      ; PIN_N16                               ; clk                                                            ;
;   0.000 ;   0.000  ;    ; RE   ; 1      ; IOPAD_X89_Y35_N43                     ; ARRIAV_IO_PAD                                                  ;
;   0.000 ;   0.000  ;    ; RE   ; 1      ; IO_PAD_OUTPUT_X89_Y35_N43_I1          ; IO_PAD_OUTPUT                                                  ;
;   0.000 ;   0.000  ;    ; RE   ; 1      ; IO_INPUT_BUFFER_INPUT_X89_Y35_N44_I0  ; IO_INPUT_BUFFER_INPUT                                          ;
;   0.000 ;   0.000  ; RR ; IC   ; 1      ; IOIBUF_X89_Y35_N44                    ; clk~input|i                                                    ;
;   0.989 ;   0.989  ; RR ; CELL ; 1      ; IOIBUF_X89_Y35_N44                    ; clk~input|o                                                    ;
;   0.989 ;   0.000  ;    ; RE   ; 1      ; IOIBUF_X89_Y35_N44                    ; ARRIAV_IO_IBUF                                                 ;
;   0.989 ;   0.000  ;    ; RE   ; 1      ; IO_INPUT_BUFFER_OUTPUT_X89_Y35_N44_I2 ; IO_INPUT_BUFFER_OUTPUT                                         ;
;   0.989 ;   0.000  ;    ; RE   ; 1      ; IO_RE_X89_Y35_N43_I96                 ; IO_RE                                                          ;
;   1.089 ;   0.100  ;    ; RE   ; 1      ; IO_RE_X89_Y35_N43_I66                 ; IO_RE                                                          ;
;   1.311 ;   0.222  ;    ; RE   ; 1      ; CLKBUF_CLUSTER_RE_X89_Y39_N3_I368     ; CLKBUF_CLUSTER_RE                                              ;
;   1.311 ;   0.000  ;    ; RE   ; 1      ; CLKBUF_CLUSTER_RE_X89_Y39_N3_I764     ; CLKBUF_CLUSTER_RE                                              ;
;   1.311 ;   0.000  ;    ; RE   ; 1      ; CLKBUF_CLUSTER_RE_X89_Y39_N3_I813     ; CLKBUF_CLUSTER_RE                                              ;
;   1.311 ;   0.000  ;    ; RE   ; 1      ; CLKBUF_CLUSTER_RE_X89_Y39_N3_I553     ; CLKBUF_CLUSTER_RE                                              ;
;   1.311 ;   0.000  ;    ; RE   ; 1      ; GCLK_CLUSTER_RE_X89_Y39_N6_I10        ; GCLK_CLUSTER_RE                                                ;
;   1.311 ;   0.000  ;    ; RE   ; 1      ; CLKBUFBLOCK_INPUT_X89_Y39_N7_I0       ; CLKBUFBLOCK_INPUT                                              ;
;   1.311 ;   0.000  ; RR ; IC   ; 1      ; CLKCTRL_G9                            ; clk~inputCLKENA0|inclk                                         ;
;   1.849 ;   0.538  ; RR ; CELL ; 7412   ; CLKCTRL_G9                            ; clk~inputCLKENA0|outclk                                        ;
;   1.849 ;   0.000  ;    ; RE   ; 1      ; CLKCTRL_G9                            ; ARRIAV_CLKBUF                                                  ;
;   1.849 ;   0.000  ;    ; RE   ; 1      ; CLKBUFBLOCK_OUTPUT_X89_Y39_N7_I2      ; CLKBUFBLOCK_OUTPUT                                             ;
;   1.849 ;   0.000  ;    ; RE   ; 1      ; GCLK_CLUSTER_RE_X89_Y39_N6_I12        ; GCLK_CLUSTER_RE                                                ;
;   1.849 ;   0.000  ;    ; RE   ; 1      ; CLKBUF_CLUSTER_RE_X89_Y39_N3_I416     ; CLKBUF_CLUSTER_RE                                              ;
;   2.704 ;   0.855  ;    ; RE   ; 8      ; GLOBAL_CLOCK_X0_Y36_N0_I9             ; GLOBAL_CLOCK                                                   ;
;   2.871 ;   0.167  ;    ; RE   ; 13     ; SPINE_CLOCK_X15_Y37_N0_I7             ; SPINE_CLOCK                                                    ;
;   3.346 ;   0.475  ;    ; RE   ; 1      ; SCLK_TO_ROWCLK_BUF_X15_Y46_N0_I43     ; SCLK_TO_ROWCLK_BUF                                             ;
;   3.436 ;   0.090  ;    ; RE   ; 1      ; SCLK_TO_ROWCLK_BUF_X15_Y46_N0_I46     ; SCLK_TO_ROWCLK_BUF                                             ;
;   3.922 ;   0.486  ;    ; RE   ; 7      ; LAB_CLK_X16_Y46_N0_I5                 ; LAB_CLK                                                        ;
;   4.065 ;   0.143  ;    ; RE   ; 1      ; BLK_CLK_BUF_X18_Y46_N0_I5             ; BLK_CLK_BUF                                                    ;
;   4.127 ;   0.062  ;    ; RE   ; 1      ; ROWCLKSEL_PREBUF_X18_Y46_N0_I5        ; ROWCLKSEL_PREBUF                                               ;
;   4.173 ;   0.046  ;    ; RE   ; 1      ; ROWCLKSEL_X18_Y46_N0_I1               ; ROWCLKSEL                                                      ;
;   4.173 ;   0.000  ;    ; RE   ; 2      ; GLOBAL_LOCAL_SEL_X18_Y46_N0_I1        ; GLOBAL_LOCAL_SEL                                               ;
;   4.173 ;   0.000  ;    ; RE   ; 20     ; LAB_INPUT_X18_Y46_N0_I0               ; LAB_INPUT                                                      ;
;   4.173 ;   0.000  ; RR ; IC   ; 1      ; FF_X18_Y46_N28                        ; u_norm|u_norm|u_sqrt|root_work[3]|clk                          ;
;   4.785 ;   0.612  ; RR ; CELL ; 1      ; FF_X18_Y46_N28                        ; norm_dispatch:u_norm|norm:u_norm|isqrt_u64:u_sqrt|root_work[3] ;
;   4.679 ;   -0.106 ;    ;      ;        ;                                       ; clock pessimism removed                                        ;
; 4.679   ; 0.000    ;    ;      ;        ;                                       ; clock uncertainty                                              ;
; 4.679   ; 0.000    ;    ; uTh  ; 1      ; FF_X18_Y46_N28                        ; norm_dispatch:u_norm|norm:u_norm|isqrt_u64:u_sqrt|root_work[3] ;
+---------+----------+----+------+--------+---------------------------------------+----------------------------------------------------------------+

----------------------------
; Extra Fitter Information ;
----------------------------
HTML report is unavailable in plain text report export.


Path #26: Hold slack is 0.396 
===============================================================================
+--------------------------------------------------+
; Path Summary                                     ;
+--------------------+-----------------------------+
; Property           ; Value                       ;
+--------------------+-----------------------------+
; From Node          ; host_read_address_q[22]     ;
; To Node            ; host_response_address_q[22] ;
; Launch Clock       ; clk                         ;
; Latch Clock        ; clk                         ;
; Data Arrival Time  ; 5.025                       ;
; Data Required Time ; 4.629                       ;
; Slack              ; 0.396                       ;
+--------------------+-----------------------------+

+------------------------------------------------------------------------------------+
; Statistics                                                                         ;
+------------------------+-------+-------+-------------+------------+--------+-------+
; Property               ; Value ; Count ; Total Delay ; % of Total ; Min    ; Max   ;
+------------------------+-------+-------+-------------+------------+--------+-------+
; Hold Relationship      ; 0.000 ;       ;             ;            ;        ;       ;
; Clock Skew             ; 0.098 ;       ;             ;            ;        ;       ;
; Data Delay             ; 0.494 ;       ;             ;            ;        ;       ;
; Number of Logic Levels ;       ; 1     ;             ;            ;        ;       ;
; Physical Delays        ;       ;       ;             ;            ;        ;       ;
;  Arrival Path          ;       ;       ;             ;            ;        ;       ;
;   Clock                ;       ;       ;             ;            ;        ;       ;
;    IC                  ;       ; 3     ; -0.001      ; 0          ; -0.001 ; 0.000 ;
;    Cell                ;       ; 3     ; 2.037       ; 45         ; 0.505  ; 0.989 ;
;    Routing Element     ;       ; 27    ; 2.495       ; 55         ; 0.000  ; 0.798 ;
;   Data                 ;       ;       ;             ;            ;        ;       ;
;    IC                  ;       ; 2     ; 0.000       ; 0          ; 0.000  ; 0.000 ;
;    Cell                ;       ; 3     ; 0.145       ; 29         ; 0.000  ; 0.087 ;
;    uTco                ;       ; 1     ; 0.000       ; 0          ; 0.000  ; 0.000 ;
;    Routing Element     ;       ; 5     ; 0.349       ; 71         ; 0.000  ; 0.126 ;
;  Required Path         ;       ;       ;             ;            ;        ;       ;
;   Clock                ;       ;       ;             ;            ;        ;       ;
;    IC                  ;       ; 3     ; 0.001       ; 0          ; 0.000  ; 0.001 ;
;    Cell                ;       ; 3     ; 2.130       ; 45         ; 0.538  ; 0.989 ;
;    Routing Element     ;       ; 27    ; 2.598       ; 55         ; 0.000  ; 0.826 ;
+------------------------+-------+-------+-------------+------------+--------+-------+
Note: Negative delays are omitted from totals when calculating percentages

+------------------------------------------------------------------------------------------------------------------------------+
; Data Arrival Path                                                                                                            ;
+---------+----------+----+------+--------+---------------------------------------+--------------------------------------------+
; Total   ; Incr     ; RF ; Type ; Fanout ; Location                              ; Element                                    ;
+---------+----------+----+------+--------+---------------------------------------+--------------------------------------------+
; 0.000   ; 0.000    ;    ;      ;        ;                                       ; launch edge time                           ;
; 4.531   ; 4.531    ;    ;      ;        ;                                       ; clock path                                 ;
;   0.000 ;   0.000  ;    ;      ;        ;                                       ; source latency                             ;
;   0.000 ;   0.000  ;    ;      ; 1      ; PIN_N16                               ; clk                                        ;
;   0.000 ;   0.000  ;    ; RE   ; 1      ; IOPAD_X89_Y35_N43                     ; ARRIAV_IO_PAD                              ;
;   0.000 ;   0.000  ;    ; RE   ; 1      ; IO_PAD_OUTPUT_X89_Y35_N43_I1          ; IO_PAD_OUTPUT                              ;
;   0.000 ;   0.000  ;    ; RE   ; 1      ; IO_INPUT_BUFFER_INPUT_X89_Y35_N44_I0  ; IO_INPUT_BUFFER_INPUT                      ;
;   0.000 ;   0.000  ; RR ; IC   ; 1      ; IOIBUF_X89_Y35_N44                    ; clk~input|i                                ;
;   0.989 ;   0.989  ; RR ; CELL ; 1      ; IOIBUF_X89_Y35_N44                    ; clk~input|o                                ;
;   0.989 ;   0.000  ;    ; RE   ; 1      ; IOIBUF_X89_Y35_N44                    ; ARRIAV_IO_IBUF                             ;
;   0.989 ;   0.000  ;    ; RE   ; 1      ; IO_INPUT_BUFFER_OUTPUT_X89_Y35_N44_I2 ; IO_INPUT_BUFFER_OUTPUT                     ;
;   0.989 ;   0.000  ;    ; RE   ; 1      ; IO_RE_X89_Y35_N43_I96                 ; IO_RE                                      ;
;   1.084 ;   0.095  ;    ; RE   ; 1      ; IO_RE_X89_Y35_N43_I66                 ; IO_RE                                      ;
;   1.296 ;   0.212  ;    ; RE   ; 1      ; CLKBUF_CLUSTER_RE_X89_Y39_N3_I368     ; CLKBUF_CLUSTER_RE                          ;
;   1.296 ;   0.000  ;    ; RE   ; 1      ; CLKBUF_CLUSTER_RE_X89_Y39_N3_I764     ; CLKBUF_CLUSTER_RE                          ;
;   1.296 ;   0.000  ;    ; RE   ; 1      ; CLKBUF_CLUSTER_RE_X89_Y39_N3_I813     ; CLKBUF_CLUSTER_RE                          ;
;   1.296 ;   0.000  ;    ; RE   ; 1      ; CLKBUF_CLUSTER_RE_X89_Y39_N3_I553     ; CLKBUF_CLUSTER_RE                          ;
;   1.296 ;   0.000  ;    ; RE   ; 1      ; GCLK_CLUSTER_RE_X89_Y39_N6_I10        ; GCLK_CLUSTER_RE                            ;
;   1.296 ;   0.000  ;    ; RE   ; 1      ; CLKBUFBLOCK_INPUT_X89_Y39_N7_I0       ; CLKBUFBLOCK_INPUT                          ;
;   1.296 ;   0.000  ; RR ; IC   ; 1      ; CLKCTRL_G9                            ; clk~inputCLKENA0|inclk                     ;
;   1.801 ;   0.505  ; RR ; CELL ; 7412   ; CLKCTRL_G9                            ; clk~inputCLKENA0|outclk                    ;
;   1.801 ;   0.000  ;    ; RE   ; 1      ; CLKCTRL_G9                            ; ARRIAV_CLKBUF                              ;
;   1.801 ;   0.000  ;    ; RE   ; 1      ; CLKBUFBLOCK_OUTPUT_X89_Y39_N7_I2      ; CLKBUFBLOCK_OUTPUT                         ;
;   1.801 ;   0.000  ;    ; RE   ; 1      ; GCLK_CLUSTER_RE_X89_Y39_N6_I12        ; GCLK_CLUSTER_RE                            ;
;   1.801 ;   0.000  ;    ; RE   ; 1      ; CLKBUF_CLUSTER_RE_X89_Y39_N3_I416     ; CLKBUF_CLUSTER_RE                          ;
;   2.599 ;   0.798  ;    ; RE   ; 8      ; GLOBAL_CLOCK_X0_Y36_N0_I9             ; GLOBAL_CLOCK                               ;
;   2.741 ;   0.142  ;    ; RE   ; 17     ; SPINE_CLOCK_X33_Y19_N0_I22            ; SPINE_CLOCK                                ;
;   3.165 ;   0.424  ;    ; RE   ; 1      ; SCLK_TO_ROWCLK_BUF_X33_Y25_N0_I132    ; SCLK_TO_ROWCLK_BUF                         ;
;   3.262 ;   0.097  ;    ; RE   ; 2      ; SCLK_TO_ROWCLK_BUF_X33_Y25_N0_I135    ; SCLK_TO_ROWCLK_BUF                         ;
;   3.744 ;   0.482  ;    ; RE   ; 7      ; LAB_CLK_X25_Y25_N0_I2                 ; LAB_CLK                                    ;
;   3.883 ;   0.139  ;    ; RE   ; 1      ; BLK_CLK_BUF_X31_Y25_N0_I2             ; BLK_CLK_BUF                                ;
;   3.945 ;   0.062  ;    ; RE   ; 1      ; ROWCLKSEL_PREBUF_X31_Y25_N0_I2        ; ROWCLKSEL_PREBUF                           ;
;   3.989 ;   0.044  ;    ; RE   ; 1      ; ROWCLKSEL_X31_Y25_N0_I0               ; ROWCLKSEL                                  ;
;   3.989 ;   0.000  ;    ; RE   ; 2      ; GLOBAL_LOCAL_SEL_X31_Y25_N0_I0        ; GLOBAL_LOCAL_SEL                           ;
;   3.989 ;   0.000  ;    ; RE   ; 8      ; LAB_INPUT_X31_Y25_N0_I1               ; LAB_INPUT                                  ;
;   3.988 ;   -0.001 ; RR ; IC   ; 1      ; FF_X31_Y25_N53                        ; host_read_address_q[22]|clk                ;
;   4.531 ;   0.543  ; RR ; CELL ; 1      ; FF_X31_Y25_N53                        ; host_read_address_q[22]                    ;
; 5.025   ; 0.494    ;    ;      ;        ;                                       ; data path                                  ;
;   4.531 ;   0.000  ;    ; uTco ; 1      ; FF_X31_Y25_N53                        ; host_read_address_q[22]                    ;
;   4.531 ;   0.000  ; FF ; CELL ; 2      ; FF_X31_Y25_N53                        ; host_read_address_q[22]|q                  ;
;   4.594 ;   0.063  ;    ; RE   ; 2      ; FF_X31_Y25_N53                        ; ARRIAV_FF                                  ;
;   4.654 ;   0.060  ;    ; RE   ; 1      ; LE_BUFFER_X31_Y25_N0_I35              ; LE_BUFFER                                  ;
;   4.780 ;   0.126  ;    ; RE   ; 1      ; LOCAL_INTERCONNECT_X30_Y25_N0_I17     ; LAB_LINE                                   ;
;   4.880 ;   0.100  ;    ; RE   ; 1      ; BLOCK_INPUT_MUX_X30_Y25_N0_I49        ; LEIM_INPUT                                 ;
;   4.880 ;   0.000  ; FF ; IC   ; 1      ; LABCELL_X30_Y25_N36                   ; host_response_address_q[22]~feeder|dataf   ;
;   4.938 ;   0.058  ; FF ; CELL ; 1      ; LABCELL_X30_Y25_N36                   ; host_response_address_q[22]~feeder|combout ;
;   4.938 ;   0.000  ;    ; RE   ; 1      ; LABCELL_X30_Y25_N36                   ; ARRIAV_LCELL_COMB                          ;
;   4.938 ;   0.000  ; FF ; IC   ; 1      ; FF_X30_Y25_N38                        ; host_response_address_q[22]|d              ;
;   5.025 ;   0.087  ; FF ; CELL ; 1      ; FF_X30_Y25_N38                        ; host_response_address_q[22]                ;
+---------+----------+----+------+--------+---------------------------------------+--------------------------------------------+

+-------------------------------------------------------------------------------------------------------------------+
; Data Required Path                                                                                                ;
+---------+----------+----+------+--------+---------------------------------------+---------------------------------+
; Total   ; Incr     ; RF ; Type ; Fanout ; Location                              ; Element                         ;
+---------+----------+----+------+--------+---------------------------------------+---------------------------------+
; 0.000   ; 0.000    ;    ;      ;        ;                                       ; latch edge time                 ;
; 4.629   ; 4.629    ;    ;      ;        ;                                       ; clock path                      ;
;   0.000 ;   0.000  ;    ;      ;        ;                                       ; source latency                  ;
;   0.000 ;   0.000  ;    ;      ; 1      ; PIN_N16                               ; clk                             ;
;   0.000 ;   0.000  ;    ; RE   ; 1      ; IOPAD_X89_Y35_N43                     ; ARRIAV_IO_PAD                   ;
;   0.000 ;   0.000  ;    ; RE   ; 1      ; IO_PAD_OUTPUT_X89_Y35_N43_I1          ; IO_PAD_OUTPUT                   ;
;   0.000 ;   0.000  ;    ; RE   ; 1      ; IO_INPUT_BUFFER_INPUT_X89_Y35_N44_I0  ; IO_INPUT_BUFFER_INPUT           ;
;   0.000 ;   0.000  ; RR ; IC   ; 1      ; IOIBUF_X89_Y35_N44                    ; clk~input|i                     ;
;   0.989 ;   0.989  ; RR ; CELL ; 1      ; IOIBUF_X89_Y35_N44                    ; clk~input|o                     ;
;   0.989 ;   0.000  ;    ; RE   ; 1      ; IOIBUF_X89_Y35_N44                    ; ARRIAV_IO_IBUF                  ;
;   0.989 ;   0.000  ;    ; RE   ; 1      ; IO_INPUT_BUFFER_OUTPUT_X89_Y35_N44_I2 ; IO_INPUT_BUFFER_OUTPUT          ;
;   0.989 ;   0.000  ;    ; RE   ; 1      ; IO_RE_X89_Y35_N43_I96                 ; IO_RE                           ;
;   1.089 ;   0.100  ;    ; RE   ; 1      ; IO_RE_X89_Y35_N43_I66                 ; IO_RE                           ;
;   1.311 ;   0.222  ;    ; RE   ; 1      ; CLKBUF_CLUSTER_RE_X89_Y39_N3_I368     ; CLKBUF_CLUSTER_RE               ;
;   1.311 ;   0.000  ;    ; RE   ; 1      ; CLKBUF_CLUSTER_RE_X89_Y39_N3_I764     ; CLKBUF_CLUSTER_RE               ;
;   1.311 ;   0.000  ;    ; RE   ; 1      ; CLKBUF_CLUSTER_RE_X89_Y39_N3_I813     ; CLKBUF_CLUSTER_RE               ;
;   1.311 ;   0.000  ;    ; RE   ; 1      ; CLKBUF_CLUSTER_RE_X89_Y39_N3_I553     ; CLKBUF_CLUSTER_RE               ;
;   1.311 ;   0.000  ;    ; RE   ; 1      ; GCLK_CLUSTER_RE_X89_Y39_N6_I10        ; GCLK_CLUSTER_RE                 ;
;   1.311 ;   0.000  ;    ; RE   ; 1      ; CLKBUFBLOCK_INPUT_X89_Y39_N7_I0       ; CLKBUFBLOCK_INPUT               ;
;   1.311 ;   0.000  ; RR ; IC   ; 1      ; CLKCTRL_G9                            ; clk~inputCLKENA0|inclk          ;
;   1.849 ;   0.538  ; RR ; CELL ; 7412   ; CLKCTRL_G9                            ; clk~inputCLKENA0|outclk         ;
;   1.849 ;   0.000  ;    ; RE   ; 1      ; CLKCTRL_G9                            ; ARRIAV_CLKBUF                   ;
;   1.849 ;   0.000  ;    ; RE   ; 1      ; CLKBUFBLOCK_OUTPUT_X89_Y39_N7_I2      ; CLKBUFBLOCK_OUTPUT              ;
;   1.849 ;   0.000  ;    ; RE   ; 1      ; GCLK_CLUSTER_RE_X89_Y39_N6_I12        ; GCLK_CLUSTER_RE                 ;
;   1.849 ;   0.000  ;    ; RE   ; 1      ; CLKBUF_CLUSTER_RE_X89_Y39_N3_I416     ; CLKBUF_CLUSTER_RE               ;
;   2.675 ;   0.826  ;    ; RE   ; 8      ; GLOBAL_CLOCK_X0_Y36_N0_I9             ; GLOBAL_CLOCK                    ;
;   2.822 ;   0.147  ;    ; RE   ; 17     ; SPINE_CLOCK_X33_Y19_N0_I22            ; SPINE_CLOCK                     ;
;   3.262 ;   0.440  ;    ; RE   ; 1      ; SCLK_TO_ROWCLK_BUF_X33_Y25_N0_I132    ; SCLK_TO_ROWCLK_BUF              ;
;   3.362 ;   0.100  ;    ; RE   ; 2      ; SCLK_TO_ROWCLK_BUF_X33_Y25_N0_I135    ; SCLK_TO_ROWCLK_BUF              ;
;   3.863 ;   0.501  ;    ; RE   ; 7      ; LAB_CLK_X25_Y25_N0_I2                 ; LAB_CLK                         ;
;   4.014 ;   0.151  ;    ; RE   ; 1      ; BLK_CLK_BUF_X30_Y25_N0_I2             ; BLK_CLK_BUF                     ;
;   4.078 ;   0.064  ;    ; RE   ; 1      ; ROWCLKSEL_PREBUF_X30_Y25_N0_I2        ; ROWCLKSEL_PREBUF                ;
;   4.125 ;   0.047  ;    ; RE   ; 1      ; ROWCLKSEL_X30_Y25_N0_I0               ; ROWCLKSEL                       ;
;   4.125 ;   0.000  ;    ; RE   ; 1      ; GLOBAL_LOCAL_SEL_X30_Y25_N0_I0        ; GLOBAL_LOCAL_SEL                ;
;   4.125 ;   0.000  ;    ; RE   ; 14     ; LAB_INPUT_X30_Y25_N0_I0               ; LAB_INPUT                       ;
;   4.126 ;   0.001  ; RR ; IC   ; 1      ; FF_X30_Y25_N38                        ; host_response_address_q[22]|clk ;
;   4.729 ;   0.603  ; RR ; CELL ; 1      ; FF_X30_Y25_N38                        ; host_response_address_q[22]     ;
;   4.629 ;   -0.100 ;    ;      ;        ;                                       ; clock pessimism removed         ;
; 4.629   ; 0.000    ;    ;      ;        ;                                       ; clock uncertainty               ;
; 4.629   ; 0.000    ;    ; uTh  ; 1      ; FF_X30_Y25_N38                        ; host_response_address_q[22]     ;
+---------+----------+----+------+--------+---------------------------------------+---------------------------------+

----------------------------
; Extra Fitter Information ;
----------------------------
HTML report is unavailable in plain text report export.


Path #27: Hold slack is 0.400 
===============================================================================
+----------------------------------------------------------------------------+
; Path Summary                                                               ;
+--------------------+-------------------------------------------------------+
; Property           ; Value                                                 ;
+--------------------+-------------------------------------------------------+
; From Node          ; norm_dispatch:u_norm|norm:u_norm|div:u_div|q_work[32] ;
; To Node            ; norm_dispatch:u_norm|norm:u_norm|div:u_div|q_work[33] ;
; Launch Clock       ; clk                                                   ;
; Latch Clock        ; clk                                                   ;
; Data Arrival Time  ; 5.088                                                 ;
; Data Required Time ; 4.688                                                 ;
; Slack              ; 0.400                                                 ;
+--------------------+-------------------------------------------------------+

+-----------------------------------------------------------------------------------+
; Statistics                                                                        ;
+------------------------+-------+-------+-------------+------------+-------+-------+
; Property               ; Value ; Count ; Total Delay ; % of Total ; Min   ; Max   ;
+------------------------+-------+-------+-------------+------------+-------+-------+
; Hold Relationship      ; 0.000 ;       ;             ;            ;       ;       ;
; Clock Skew             ; 0.115 ;       ;             ;            ;       ;       ;
; Data Delay             ; 0.515 ;       ;             ;            ;       ;       ;
; Number of Logic Levels ;       ; 1     ;             ;            ;       ;       ;
; Physical Delays        ;       ;       ;             ;            ;       ;       ;
;  Arrival Path          ;       ;       ;             ;            ;       ;       ;
;   Clock                ;       ;       ;             ;            ;       ;       ;
;    IC                  ;       ; 3     ; 0.000       ; 0          ; 0.000 ; 0.000 ;
;    Cell                ;       ; 3     ; 2.032       ; 44         ; 0.505 ; 0.989 ;
;    Routing Element     ;       ; 27    ; 2.541       ; 56         ; 0.000 ; 0.823 ;
;   Data                 ;       ;       ;             ;            ;       ;       ;
;    IC                  ;       ; 2     ; 0.000       ; 0          ; 0.000 ; 0.000 ;
;    Cell                ;       ; 3     ; 0.143       ; 28         ; 0.000 ; 0.086 ;
;    uTco                ;       ; 1     ; 0.000       ; 0          ; 0.000 ; 0.000 ;
;    Routing Element     ;       ; 5     ; 0.372       ; 72         ; 0.000 ; 0.142 ;
;  Required Path         ;       ;       ;             ;            ;       ;       ;
;   Clock                ;       ;       ;             ;            ;       ;       ;
;    IC                  ;       ; 3     ; 0.001       ; 0          ; 0.000 ; 0.001 ;
;    Cell                ;       ; 3     ; 2.144       ; 45         ; 0.538 ; 0.989 ;
;    Routing Element     ;       ; 27    ; 2.649       ; 55         ; 0.000 ; 0.855 ;
+------------------------+-------+-------+-------------+------------+-------+-------+
Note: Negative delays are omitted from totals when calculating percentages

+----------------------------------------------------------------------------------------------------------------------------------------+
; Data Arrival Path                                                                                                                      ;
+---------+---------+----+------+--------+---------------------------------------+-------------------------------------------------------+
; Total   ; Incr    ; RF ; Type ; Fanout ; Location                              ; Element                                               ;
+---------+---------+----+------+--------+---------------------------------------+-------------------------------------------------------+
; 0.000   ; 0.000   ;    ;      ;        ;                                       ; launch edge time                                      ;
; 4.573   ; 4.573   ;    ;      ;        ;                                       ; clock path                                            ;
;   0.000 ;   0.000 ;    ;      ;        ;                                       ; source latency                                        ;
;   0.000 ;   0.000 ;    ;      ; 1      ; PIN_N16                               ; clk                                                   ;
;   0.000 ;   0.000 ;    ; RE   ; 1      ; IOPAD_X89_Y35_N43                     ; ARRIAV_IO_PAD                                         ;
;   0.000 ;   0.000 ;    ; RE   ; 1      ; IO_PAD_OUTPUT_X89_Y35_N43_I1          ; IO_PAD_OUTPUT                                         ;
;   0.000 ;   0.000 ;    ; RE   ; 1      ; IO_INPUT_BUFFER_INPUT_X89_Y35_N44_I0  ; IO_INPUT_BUFFER_INPUT                                 ;
;   0.000 ;   0.000 ; RR ; IC   ; 1      ; IOIBUF_X89_Y35_N44                    ; clk~input|i                                           ;
;   0.989 ;   0.989 ; RR ; CELL ; 1      ; IOIBUF_X89_Y35_N44                    ; clk~input|o                                           ;
;   0.989 ;   0.000 ;    ; RE   ; 1      ; IOIBUF_X89_Y35_N44                    ; ARRIAV_IO_IBUF                                        ;
;   0.989 ;   0.000 ;    ; RE   ; 1      ; IO_INPUT_BUFFER_OUTPUT_X89_Y35_N44_I2 ; IO_INPUT_BUFFER_OUTPUT                                ;
;   0.989 ;   0.000 ;    ; RE   ; 1      ; IO_RE_X89_Y35_N43_I96                 ; IO_RE                                                 ;
;   1.084 ;   0.095 ;    ; RE   ; 1      ; IO_RE_X89_Y35_N43_I66                 ; IO_RE                                                 ;
;   1.296 ;   0.212 ;    ; RE   ; 1      ; CLKBUF_CLUSTER_RE_X89_Y39_N3_I368     ; CLKBUF_CLUSTER_RE                                     ;
;   1.296 ;   0.000 ;    ; RE   ; 1      ; CLKBUF_CLUSTER_RE_X89_Y39_N3_I764     ; CLKBUF_CLUSTER_RE                                     ;
;   1.296 ;   0.000 ;    ; RE   ; 1      ; CLKBUF_CLUSTER_RE_X89_Y39_N3_I813     ; CLKBUF_CLUSTER_RE                                     ;
;   1.296 ;   0.000 ;    ; RE   ; 1      ; CLKBUF_CLUSTER_RE_X89_Y39_N3_I553     ; CLKBUF_CLUSTER_RE                                     ;
;   1.296 ;   0.000 ;    ; RE   ; 1      ; GCLK_CLUSTER_RE_X89_Y39_N6_I10        ; GCLK_CLUSTER_RE                                       ;
;   1.296 ;   0.000 ;    ; RE   ; 1      ; CLKBUFBLOCK_INPUT_X89_Y39_N7_I0       ; CLKBUFBLOCK_INPUT                                     ;
;   1.296 ;   0.000 ; RR ; IC   ; 1      ; CLKCTRL_G9                            ; clk~inputCLKENA0|inclk                                ;
;   1.801 ;   0.505 ; RR ; CELL ; 7412   ; CLKCTRL_G9                            ; clk~inputCLKENA0|outclk                               ;
;   1.801 ;   0.000 ;    ; RE   ; 1      ; CLKCTRL_G9                            ; ARRIAV_CLKBUF                                         ;
;   1.801 ;   0.000 ;    ; RE   ; 1      ; CLKBUFBLOCK_OUTPUT_X89_Y39_N7_I2      ; CLKBUFBLOCK_OUTPUT                                    ;
;   1.801 ;   0.000 ;    ; RE   ; 1      ; GCLK_CLUSTER_RE_X89_Y39_N6_I12        ; GCLK_CLUSTER_RE                                       ;
;   1.801 ;   0.000 ;    ; RE   ; 1      ; CLKBUF_CLUSTER_RE_X89_Y39_N3_I416     ; CLKBUF_CLUSTER_RE                                     ;
;   2.624 ;   0.823 ;    ; RE   ; 8      ; GLOBAL_CLOCK_X0_Y36_N0_I9             ; GLOBAL_CLOCK                                          ;
;   2.786 ;   0.162 ;    ; RE   ; 13     ; SPINE_CLOCK_X15_Y37_N0_I7             ; SPINE_CLOCK                                           ;
;   3.244 ;   0.458 ;    ; RE   ; 1      ; SCLK_TO_ROWCLK_BUF_X15_Y45_N0_I43     ; SCLK_TO_ROWCLK_BUF                                    ;
;   3.331 ;   0.087 ;    ; RE   ; 1      ; SCLK_TO_ROWCLK_BUF_X15_Y45_N0_I46     ; SCLK_TO_ROWCLK_BUF                                    ;
;   3.801 ;   0.470 ;    ; RE   ; 6      ; LAB_CLK_X16_Y45_N0_I5                 ; LAB_CLK                                               ;
;   3.932 ;   0.131 ;    ; RE   ; 1      ; BLK_CLK_BUF_X24_Y45_N0_I5             ; BLK_CLK_BUF                                           ;
;   3.992 ;   0.060 ;    ; RE   ; 1      ; ROWCLKSEL_PREBUF_X24_Y45_N0_I5        ; ROWCLKSEL_PREBUF                                      ;
;   4.035 ;   0.043 ;    ; RE   ; 1      ; ROWCLKSEL_X24_Y45_N0_I0               ; ROWCLKSEL                                             ;
;   4.035 ;   0.000 ;    ; RE   ; 2      ; GLOBAL_LOCAL_SEL_X24_Y45_N0_I0        ; GLOBAL_LOCAL_SEL                                      ;
;   4.035 ;   0.000 ;    ; RE   ; 6      ; LAB_INPUT_X24_Y45_N0_I2               ; LAB_INPUT                                             ;
;   4.035 ;   0.000 ; RR ; IC   ; 1      ; FF_X24_Y45_N19                        ; u_norm|u_norm|u_div|q_work[32]|clk                    ;
;   4.573 ;   0.538 ; RR ; CELL ; 1      ; FF_X24_Y45_N19                        ; norm_dispatch:u_norm|norm:u_norm|div:u_div|q_work[32] ;
; 5.088   ; 0.515   ;    ;      ;        ;                                       ; data path                                             ;
;   4.573 ;   0.000 ;    ; uTco ; 1      ; FF_X24_Y45_N19                        ; norm_dispatch:u_norm|norm:u_norm|div:u_div|q_work[32] ;
;   4.573 ;   0.000 ; FF ; CELL ; 2      ; FF_X24_Y45_N19                        ; u_norm|u_norm|u_div|q_work[32]|q                      ;
;   4.623 ;   0.050 ;    ; RE   ; 1      ; FF_X24_Y45_N19                        ; ARRIAV_FF                                             ;
;   4.684 ;   0.061 ;    ; RE   ; 2      ; LE_BUFFER_X24_Y45_N0_I12              ; LE_BUFFER                                             ;
;   4.826 ;   0.142 ;    ; RE   ; 1      ; LOCAL_INTERCONNECT_X24_Y45_N0_I36     ; LAB_LINE                                              ;
;   4.945 ;   0.119 ;    ; RE   ; 1      ; BLOCK_INPUT_MUX_X24_Y45_N0_I7         ; LEIM_INPUT                                            ;
;   4.945 ;   0.000 ; FF ; IC   ; 1      ; LABCELL_X24_Y45_N3                    ; u_norm|u_norm|u_div|q_work~58|dataf                   ;
;   5.002 ;   0.057 ; FF ; CELL ; 1      ; LABCELL_X24_Y45_N3                    ; u_norm|u_norm|u_div|q_work~58|combout                 ;
;   5.002 ;   0.000 ;    ; RE   ; 1      ; LABCELL_X24_Y45_N3                    ; ARRIAV_LCELL_COMB                                     ;
;   5.002 ;   0.000 ; FF ; IC   ; 1      ; FF_X24_Y45_N5                         ; u_norm|u_norm|u_div|q_work[33]|d                      ;
;   5.088 ;   0.086 ; FF ; CELL ; 1      ; FF_X24_Y45_N5                         ; norm_dispatch:u_norm|norm:u_norm|div:u_div|q_work[33] ;
+---------+---------+----+------+--------+---------------------------------------+-------------------------------------------------------+

+-----------------------------------------------------------------------------------------------------------------------------------------+
; Data Required Path                                                                                                                      ;
+---------+----------+----+------+--------+---------------------------------------+-------------------------------------------------------+
; Total   ; Incr     ; RF ; Type ; Fanout ; Location                              ; Element                                               ;
+---------+----------+----+------+--------+---------------------------------------+-------------------------------------------------------+
; 0.000   ; 0.000    ;    ;      ;        ;                                       ; latch edge time                                       ;
; 4.688   ; 4.688    ;    ;      ;        ;                                       ; clock path                                            ;
;   0.000 ;   0.000  ;    ;      ;        ;                                       ; source latency                                        ;
;   0.000 ;   0.000  ;    ;      ; 1      ; PIN_N16                               ; clk                                                   ;
;   0.000 ;   0.000  ;    ; RE   ; 1      ; IOPAD_X89_Y35_N43                     ; ARRIAV_IO_PAD                                         ;
;   0.000 ;   0.000  ;    ; RE   ; 1      ; IO_PAD_OUTPUT_X89_Y35_N43_I1          ; IO_PAD_OUTPUT                                         ;
;   0.000 ;   0.000  ;    ; RE   ; 1      ; IO_INPUT_BUFFER_INPUT_X89_Y35_N44_I0  ; IO_INPUT_BUFFER_INPUT                                 ;
;   0.000 ;   0.000  ; RR ; IC   ; 1      ; IOIBUF_X89_Y35_N44                    ; clk~input|i                                           ;
;   0.989 ;   0.989  ; RR ; CELL ; 1      ; IOIBUF_X89_Y35_N44                    ; clk~input|o                                           ;
;   0.989 ;   0.000  ;    ; RE   ; 1      ; IOIBUF_X89_Y35_N44                    ; ARRIAV_IO_IBUF                                        ;
;   0.989 ;   0.000  ;    ; RE   ; 1      ; IO_INPUT_BUFFER_OUTPUT_X89_Y35_N44_I2 ; IO_INPUT_BUFFER_OUTPUT                                ;
;   0.989 ;   0.000  ;    ; RE   ; 1      ; IO_RE_X89_Y35_N43_I96                 ; IO_RE                                                 ;
;   1.089 ;   0.100  ;    ; RE   ; 1      ; IO_RE_X89_Y35_N43_I66                 ; IO_RE                                                 ;
;   1.311 ;   0.222  ;    ; RE   ; 1      ; CLKBUF_CLUSTER_RE_X89_Y39_N3_I368     ; CLKBUF_CLUSTER_RE                                     ;
;   1.311 ;   0.000  ;    ; RE   ; 1      ; CLKBUF_CLUSTER_RE_X89_Y39_N3_I764     ; CLKBUF_CLUSTER_RE                                     ;
;   1.311 ;   0.000  ;    ; RE   ; 1      ; CLKBUF_CLUSTER_RE_X89_Y39_N3_I813     ; CLKBUF_CLUSTER_RE                                     ;
;   1.311 ;   0.000  ;    ; RE   ; 1      ; CLKBUF_CLUSTER_RE_X89_Y39_N3_I553     ; CLKBUF_CLUSTER_RE                                     ;
;   1.311 ;   0.000  ;    ; RE   ; 1      ; GCLK_CLUSTER_RE_X89_Y39_N6_I10        ; GCLK_CLUSTER_RE                                       ;
;   1.311 ;   0.000  ;    ; RE   ; 1      ; CLKBUFBLOCK_INPUT_X89_Y39_N7_I0       ; CLKBUFBLOCK_INPUT                                     ;
;   1.311 ;   0.000  ; RR ; IC   ; 1      ; CLKCTRL_G9                            ; clk~inputCLKENA0|inclk                                ;
;   1.849 ;   0.538  ; RR ; CELL ; 7412   ; CLKCTRL_G9                            ; clk~inputCLKENA0|outclk                               ;
;   1.849 ;   0.000  ;    ; RE   ; 1      ; CLKCTRL_G9                            ; ARRIAV_CLKBUF                                         ;
;   1.849 ;   0.000  ;    ; RE   ; 1      ; CLKBUFBLOCK_OUTPUT_X89_Y39_N7_I2      ; CLKBUFBLOCK_OUTPUT                                    ;
;   1.849 ;   0.000  ;    ; RE   ; 1      ; GCLK_CLUSTER_RE_X89_Y39_N6_I12        ; GCLK_CLUSTER_RE                                       ;
;   1.849 ;   0.000  ;    ; RE   ; 1      ; CLKBUF_CLUSTER_RE_X89_Y39_N3_I416     ; CLKBUF_CLUSTER_RE                                     ;
;   2.704 ;   0.855  ;    ; RE   ; 8      ; GLOBAL_CLOCK_X0_Y36_N0_I9             ; GLOBAL_CLOCK                                          ;
;   2.872 ;   0.168  ;    ; RE   ; 13     ; SPINE_CLOCK_X15_Y37_N0_I7             ; SPINE_CLOCK                                           ;
;   3.347 ;   0.475  ;    ; RE   ; 1      ; SCLK_TO_ROWCLK_BUF_X15_Y45_N0_I43     ; SCLK_TO_ROWCLK_BUF                                    ;
;   3.437 ;   0.090  ;    ; RE   ; 1      ; SCLK_TO_ROWCLK_BUF_X15_Y45_N0_I46     ; SCLK_TO_ROWCLK_BUF                                    ;
;   3.925 ;   0.488  ;    ; RE   ; 6      ; LAB_CLK_X16_Y45_N0_I5                 ; LAB_CLK                                               ;
;   4.067 ;   0.142  ;    ; RE   ; 1      ; BLK_CLK_BUF_X24_Y45_N0_I5             ; BLK_CLK_BUF                                           ;
;   4.129 ;   0.062  ;    ; RE   ; 1      ; ROWCLKSEL_PREBUF_X24_Y45_N0_I5        ; ROWCLKSEL_PREBUF                                      ;
;   4.176 ;   0.047  ;    ; RE   ; 1      ; ROWCLKSEL_X24_Y45_N0_I0               ; ROWCLKSEL                                             ;
;   4.176 ;   0.000  ;    ; RE   ; 2      ; GLOBAL_LOCAL_SEL_X24_Y45_N0_I0        ; GLOBAL_LOCAL_SEL                                      ;
;   4.176 ;   0.000  ;    ; RE   ; 6      ; LAB_INPUT_X24_Y45_N0_I2               ; LAB_INPUT                                             ;
;   4.177 ;   0.001  ; RR ; IC   ; 1      ; FF_X24_Y45_N5                         ; u_norm|u_norm|u_div|q_work[33]|clk                    ;
;   4.794 ;   0.617  ; RR ; CELL ; 1      ; FF_X24_Y45_N5                         ; norm_dispatch:u_norm|norm:u_norm|div:u_div|q_work[33] ;
;   4.688 ;   -0.106 ;    ;      ;        ;                                       ; clock pessimism removed                               ;
; 4.688   ; 0.000    ;    ;      ;        ;                                       ; clock uncertainty                                     ;
; 4.688   ; 0.000    ;    ; uTh  ; 1      ; FF_X24_Y45_N5                         ; norm_dispatch:u_norm|norm:u_norm|div:u_div|q_work[33] ;
+---------+----------+----+------+--------+---------------------------------------+-------------------------------------------------------+

----------------------------
; Extra Fitter Information ;
----------------------------
HTML report is unavailable in plain text report export.


Path #28: Hold slack is 0.401 
===============================================================================
+----------------------------------------------------------------------------+
; Path Summary                                                               ;
+--------------------+-------------------------------------------------------+
; Property           ; Value                                                 ;
+--------------------+-------------------------------------------------------+
; From Node          ; norm_dispatch:u_norm|norm:u_norm|div:u_div|q_work[35] ;
; To Node            ; norm_dispatch:u_norm|norm:u_norm|div:u_div|q_work[36] ;
; Launch Clock       ; clk                                                   ;
; Latch Clock        ; clk                                                   ;
; Data Arrival Time  ; 5.082                                                 ;
; Data Required Time ; 4.681                                                 ;
; Slack              ; 0.401                                                 ;
+--------------------+-------------------------------------------------------+

+-----------------------------------------------------------------------------------+
; Statistics                                                                        ;
+------------------------+-------+-------+-------------+------------+-------+-------+
; Property               ; Value ; Count ; Total Delay ; % of Total ; Min   ; Max   ;
+------------------------+-------+-------+-------------+------------+-------+-------+
; Hold Relationship      ; 0.000 ;       ;             ;            ;       ;       ;
; Clock Skew             ; 0.108 ;       ;             ;            ;       ;       ;
; Data Delay             ; 0.509 ;       ;             ;            ;       ;       ;
; Number of Logic Levels ;       ; 1     ;             ;            ;       ;       ;
; Physical Delays        ;       ;       ;             ;            ;       ;       ;
;  Arrival Path          ;       ;       ;             ;            ;       ;       ;
;   Clock                ;       ;       ;             ;            ;       ;       ;
;    IC                  ;       ; 3     ; 0.000       ; 0          ; 0.000 ; 0.000 ;
;    Cell                ;       ; 3     ; 2.032       ; 44         ; 0.505 ; 0.989 ;
;    Routing Element     ;       ; 27    ; 2.541       ; 56         ; 0.000 ; 0.823 ;
;   Data                 ;       ;       ;             ;            ;       ;       ;
;    IC                  ;       ; 2     ; 0.000       ; 0          ; 0.000 ; 0.000 ;
;    Cell                ;       ; 3     ; 0.145       ; 28         ; 0.000 ; 0.087 ;
;    uTco                ;       ; 1     ; 0.000       ; 0          ; 0.000 ; 0.000 ;
;    Routing Element     ;       ; 5     ; 0.364       ; 72         ; 0.000 ; 0.145 ;
;  Required Path         ;       ;       ;             ;            ;       ;       ;
;   Clock                ;       ;       ;             ;            ;       ;       ;
;    IC                  ;       ; 3     ; 0.001       ; 0          ; 0.000 ; 0.001 ;
;    Cell                ;       ; 3     ; 2.137       ; 45         ; 0.538 ; 0.989 ;
;    Routing Element     ;       ; 27    ; 2.649       ; 55         ; 0.000 ; 0.855 ;
+------------------------+-------+-------+-------------+------------+-------+-------+
Note: Negative delays are omitted from totals when calculating percentages

+----------------------------------------------------------------------------------------------------------------------------------------+
; Data Arrival Path                                                                                                                      ;
+---------+---------+----+------+--------+---------------------------------------+-------------------------------------------------------+
; Total   ; Incr    ; RF ; Type ; Fanout ; Location                              ; Element                                               ;
+---------+---------+----+------+--------+---------------------------------------+-------------------------------------------------------+
; 0.000   ; 0.000   ;    ;      ;        ;                                       ; launch edge time                                      ;
; 4.573   ; 4.573   ;    ;      ;        ;                                       ; clock path                                            ;
;   0.000 ;   0.000 ;    ;      ;        ;                                       ; source latency                                        ;
;   0.000 ;   0.000 ;    ;      ; 1      ; PIN_N16                               ; clk                                                   ;
;   0.000 ;   0.000 ;    ; RE   ; 1      ; IOPAD_X89_Y35_N43                     ; ARRIAV_IO_PAD                                         ;
;   0.000 ;   0.000 ;    ; RE   ; 1      ; IO_PAD_OUTPUT_X89_Y35_N43_I1          ; IO_PAD_OUTPUT                                         ;
;   0.000 ;   0.000 ;    ; RE   ; 1      ; IO_INPUT_BUFFER_INPUT_X89_Y35_N44_I0  ; IO_INPUT_BUFFER_INPUT                                 ;
;   0.000 ;   0.000 ; RR ; IC   ; 1      ; IOIBUF_X89_Y35_N44                    ; clk~input|i                                           ;
;   0.989 ;   0.989 ; RR ; CELL ; 1      ; IOIBUF_X89_Y35_N44                    ; clk~input|o                                           ;
;   0.989 ;   0.000 ;    ; RE   ; 1      ; IOIBUF_X89_Y35_N44                    ; ARRIAV_IO_IBUF                                        ;
;   0.989 ;   0.000 ;    ; RE   ; 1      ; IO_INPUT_BUFFER_OUTPUT_X89_Y35_N44_I2 ; IO_INPUT_BUFFER_OUTPUT                                ;
;   0.989 ;   0.000 ;    ; RE   ; 1      ; IO_RE_X89_Y35_N43_I96                 ; IO_RE                                                 ;
;   1.084 ;   0.095 ;    ; RE   ; 1      ; IO_RE_X89_Y35_N43_I66                 ; IO_RE                                                 ;
;   1.296 ;   0.212 ;    ; RE   ; 1      ; CLKBUF_CLUSTER_RE_X89_Y39_N3_I368     ; CLKBUF_CLUSTER_RE                                     ;
;   1.296 ;   0.000 ;    ; RE   ; 1      ; CLKBUF_CLUSTER_RE_X89_Y39_N3_I764     ; CLKBUF_CLUSTER_RE                                     ;
;   1.296 ;   0.000 ;    ; RE   ; 1      ; CLKBUF_CLUSTER_RE_X89_Y39_N3_I813     ; CLKBUF_CLUSTER_RE                                     ;
;   1.296 ;   0.000 ;    ; RE   ; 1      ; CLKBUF_CLUSTER_RE_X89_Y39_N3_I553     ; CLKBUF_CLUSTER_RE                                     ;
;   1.296 ;   0.000 ;    ; RE   ; 1      ; GCLK_CLUSTER_RE_X89_Y39_N6_I10        ; GCLK_CLUSTER_RE                                       ;
;   1.296 ;   0.000 ;    ; RE   ; 1      ; CLKBUFBLOCK_INPUT_X89_Y39_N7_I0       ; CLKBUFBLOCK_INPUT                                     ;
;   1.296 ;   0.000 ; RR ; IC   ; 1      ; CLKCTRL_G9                            ; clk~inputCLKENA0|inclk                                ;
;   1.801 ;   0.505 ; RR ; CELL ; 7412   ; CLKCTRL_G9                            ; clk~inputCLKENA0|outclk                               ;
;   1.801 ;   0.000 ;    ; RE   ; 1      ; CLKCTRL_G9                            ; ARRIAV_CLKBUF                                         ;
;   1.801 ;   0.000 ;    ; RE   ; 1      ; CLKBUFBLOCK_OUTPUT_X89_Y39_N7_I2      ; CLKBUFBLOCK_OUTPUT                                    ;
;   1.801 ;   0.000 ;    ; RE   ; 1      ; GCLK_CLUSTER_RE_X89_Y39_N6_I12        ; GCLK_CLUSTER_RE                                       ;
;   1.801 ;   0.000 ;    ; RE   ; 1      ; CLKBUF_CLUSTER_RE_X89_Y39_N3_I416     ; CLKBUF_CLUSTER_RE                                     ;
;   2.624 ;   0.823 ;    ; RE   ; 8      ; GLOBAL_CLOCK_X0_Y36_N0_I9             ; GLOBAL_CLOCK                                          ;
;   2.786 ;   0.162 ;    ; RE   ; 13     ; SPINE_CLOCK_X15_Y37_N0_I7             ; SPINE_CLOCK                                           ;
;   3.244 ;   0.458 ;    ; RE   ; 1      ; SCLK_TO_ROWCLK_BUF_X15_Y45_N0_I43     ; SCLK_TO_ROWCLK_BUF                                    ;
;   3.331 ;   0.087 ;    ; RE   ; 1      ; SCLK_TO_ROWCLK_BUF_X15_Y45_N0_I46     ; SCLK_TO_ROWCLK_BUF                                    ;
;   3.801 ;   0.470 ;    ; RE   ; 6      ; LAB_CLK_X16_Y45_N0_I5                 ; LAB_CLK                                               ;
;   3.932 ;   0.131 ;    ; RE   ; 1      ; BLK_CLK_BUF_X24_Y45_N0_I5             ; BLK_CLK_BUF                                           ;
;   3.992 ;   0.060 ;    ; RE   ; 1      ; ROWCLKSEL_PREBUF_X24_Y45_N0_I5        ; ROWCLKSEL_PREBUF                                      ;
;   4.035 ;   0.043 ;    ; RE   ; 1      ; ROWCLKSEL_X24_Y45_N0_I0               ; ROWCLKSEL                                             ;
;   4.035 ;   0.000 ;    ; RE   ; 2      ; GLOBAL_LOCAL_SEL_X24_Y45_N0_I0        ; GLOBAL_LOCAL_SEL                                      ;
;   4.035 ;   0.000 ;    ; RE   ; 6      ; LAB_INPUT_X24_Y45_N0_I2               ; LAB_INPUT                                             ;
;   4.035 ;   0.000 ; RR ; IC   ; 1      ; FF_X24_Y45_N13                        ; u_norm|u_norm|u_div|q_work[35]|clk                    ;
;   4.573 ;   0.538 ; RR ; CELL ; 1      ; FF_X24_Y45_N13                        ; norm_dispatch:u_norm|norm:u_norm|div:u_div|q_work[35] ;
; 5.082   ; 0.509   ;    ;      ;        ;                                       ; data path                                             ;
;   4.573 ;   0.000 ;    ; uTco ; 1      ; FF_X24_Y45_N13                        ; norm_dispatch:u_norm|norm:u_norm|div:u_div|q_work[35] ;
;   4.573 ;   0.000 ; FF ; CELL ; 2      ; FF_X24_Y45_N13                        ; u_norm|u_norm|u_div|q_work[35]|q                      ;
;   4.623 ;   0.050 ;    ; RE   ; 1      ; FF_X24_Y45_N13                        ; ARRIAV_FF                                             ;
;   4.684 ;   0.061 ;    ; RE   ; 2      ; LE_BUFFER_X24_Y45_N0_I8               ; LE_BUFFER                                             ;
;   4.829 ;   0.145 ;    ; RE   ; 1      ; LOCAL_INTERCONNECT_X24_Y45_N0_I35     ; LAB_LINE                                              ;
;   4.937 ;   0.108 ;    ; RE   ; 1      ; BLOCK_INPUT_MUX_X24_Y45_N0_I49        ; LEIM_INPUT                                            ;
;   4.937 ;   0.000 ; FF ; IC   ; 1      ; LABCELL_X24_Y45_N36                   ; u_norm|u_norm|u_div|q_work~46|dataf                   ;
;   4.995 ;   0.058 ; FF ; CELL ; 1      ; LABCELL_X24_Y45_N36                   ; u_norm|u_norm|u_div|q_work~46|combout                 ;
;   4.995 ;   0.000 ;    ; RE   ; 1      ; LABCELL_X24_Y45_N36                   ; ARRIAV_LCELL_COMB                                     ;
;   4.995 ;   0.000 ; FF ; IC   ; 1      ; FF_X24_Y45_N38                        ; u_norm|u_norm|u_div|q_work[36]|d                      ;
;   5.082 ;   0.087 ; FF ; CELL ; 1      ; FF_X24_Y45_N38                        ; norm_dispatch:u_norm|norm:u_norm|div:u_div|q_work[36] ;
+---------+---------+----+------+--------+---------------------------------------+-------------------------------------------------------+

+-----------------------------------------------------------------------------------------------------------------------------------------+
; Data Required Path                                                                                                                      ;
+---------+----------+----+------+--------+---------------------------------------+-------------------------------------------------------+
; Total   ; Incr     ; RF ; Type ; Fanout ; Location                              ; Element                                               ;
+---------+----------+----+------+--------+---------------------------------------+-------------------------------------------------------+
; 0.000   ; 0.000    ;    ;      ;        ;                                       ; latch edge time                                       ;
; 4.681   ; 4.681    ;    ;      ;        ;                                       ; clock path                                            ;
;   0.000 ;   0.000  ;    ;      ;        ;                                       ; source latency                                        ;
;   0.000 ;   0.000  ;    ;      ; 1      ; PIN_N16                               ; clk                                                   ;
;   0.000 ;   0.000  ;    ; RE   ; 1      ; IOPAD_X89_Y35_N43                     ; ARRIAV_IO_PAD                                         ;
;   0.000 ;   0.000  ;    ; RE   ; 1      ; IO_PAD_OUTPUT_X89_Y35_N43_I1          ; IO_PAD_OUTPUT                                         ;
;   0.000 ;   0.000  ;    ; RE   ; 1      ; IO_INPUT_BUFFER_INPUT_X89_Y35_N44_I0  ; IO_INPUT_BUFFER_INPUT                                 ;
;   0.000 ;   0.000  ; RR ; IC   ; 1      ; IOIBUF_X89_Y35_N44                    ; clk~input|i                                           ;
;   0.989 ;   0.989  ; RR ; CELL ; 1      ; IOIBUF_X89_Y35_N44                    ; clk~input|o                                           ;
;   0.989 ;   0.000  ;    ; RE   ; 1      ; IOIBUF_X89_Y35_N44                    ; ARRIAV_IO_IBUF                                        ;
;   0.989 ;   0.000  ;    ; RE   ; 1      ; IO_INPUT_BUFFER_OUTPUT_X89_Y35_N44_I2 ; IO_INPUT_BUFFER_OUTPUT                                ;
;   0.989 ;   0.000  ;    ; RE   ; 1      ; IO_RE_X89_Y35_N43_I96                 ; IO_RE                                                 ;
;   1.089 ;   0.100  ;    ; RE   ; 1      ; IO_RE_X89_Y35_N43_I66                 ; IO_RE                                                 ;
;   1.311 ;   0.222  ;    ; RE   ; 1      ; CLKBUF_CLUSTER_RE_X89_Y39_N3_I368     ; CLKBUF_CLUSTER_RE                                     ;
;   1.311 ;   0.000  ;    ; RE   ; 1      ; CLKBUF_CLUSTER_RE_X89_Y39_N3_I764     ; CLKBUF_CLUSTER_RE                                     ;
;   1.311 ;   0.000  ;    ; RE   ; 1      ; CLKBUF_CLUSTER_RE_X89_Y39_N3_I813     ; CLKBUF_CLUSTER_RE                                     ;
;   1.311 ;   0.000  ;    ; RE   ; 1      ; CLKBUF_CLUSTER_RE_X89_Y39_N3_I553     ; CLKBUF_CLUSTER_RE                                     ;
;   1.311 ;   0.000  ;    ; RE   ; 1      ; GCLK_CLUSTER_RE_X89_Y39_N6_I10        ; GCLK_CLUSTER_RE                                       ;
;   1.311 ;   0.000  ;    ; RE   ; 1      ; CLKBUFBLOCK_INPUT_X89_Y39_N7_I0       ; CLKBUFBLOCK_INPUT                                     ;
;   1.311 ;   0.000  ; RR ; IC   ; 1      ; CLKCTRL_G9                            ; clk~inputCLKENA0|inclk                                ;
;   1.849 ;   0.538  ; RR ; CELL ; 7412   ; CLKCTRL_G9                            ; clk~inputCLKENA0|outclk                               ;
;   1.849 ;   0.000  ;    ; RE   ; 1      ; CLKCTRL_G9                            ; ARRIAV_CLKBUF                                         ;
;   1.849 ;   0.000  ;    ; RE   ; 1      ; CLKBUFBLOCK_OUTPUT_X89_Y39_N7_I2      ; CLKBUFBLOCK_OUTPUT                                    ;
;   1.849 ;   0.000  ;    ; RE   ; 1      ; GCLK_CLUSTER_RE_X89_Y39_N6_I12        ; GCLK_CLUSTER_RE                                       ;
;   1.849 ;   0.000  ;    ; RE   ; 1      ; CLKBUF_CLUSTER_RE_X89_Y39_N3_I416     ; CLKBUF_CLUSTER_RE                                     ;
;   2.704 ;   0.855  ;    ; RE   ; 8      ; GLOBAL_CLOCK_X0_Y36_N0_I9             ; GLOBAL_CLOCK                                          ;
;   2.872 ;   0.168  ;    ; RE   ; 13     ; SPINE_CLOCK_X15_Y37_N0_I7             ; SPINE_CLOCK                                           ;
;   3.347 ;   0.475  ;    ; RE   ; 1      ; SCLK_TO_ROWCLK_BUF_X15_Y45_N0_I43     ; SCLK_TO_ROWCLK_BUF                                    ;
;   3.437 ;   0.090  ;    ; RE   ; 1      ; SCLK_TO_ROWCLK_BUF_X15_Y45_N0_I46     ; SCLK_TO_ROWCLK_BUF                                    ;
;   3.925 ;   0.488  ;    ; RE   ; 6      ; LAB_CLK_X16_Y45_N0_I5                 ; LAB_CLK                                               ;
;   4.067 ;   0.142  ;    ; RE   ; 1      ; BLK_CLK_BUF_X24_Y45_N0_I5             ; BLK_CLK_BUF                                           ;
;   4.129 ;   0.062  ;    ; RE   ; 1      ; ROWCLKSEL_PREBUF_X24_Y45_N0_I5        ; ROWCLKSEL_PREBUF                                      ;
;   4.176 ;   0.047  ;    ; RE   ; 1      ; ROWCLKSEL_X24_Y45_N0_I0               ; ROWCLKSEL                                             ;
;   4.176 ;   0.000  ;    ; RE   ; 2      ; GLOBAL_LOCAL_SEL_X24_Y45_N0_I0        ; GLOBAL_LOCAL_SEL                                      ;
;   4.176 ;   0.000  ;    ; RE   ; 6      ; LAB_INPUT_X24_Y45_N0_I2               ; LAB_INPUT                                             ;
;   4.177 ;   0.001  ; RR ; IC   ; 1      ; FF_X24_Y45_N38                        ; u_norm|u_norm|u_div|q_work[36]|clk                    ;
;   4.787 ;   0.610  ; RR ; CELL ; 1      ; FF_X24_Y45_N38                        ; norm_dispatch:u_norm|norm:u_norm|div:u_div|q_work[36] ;
;   4.681 ;   -0.106 ;    ;      ;        ;                                       ; clock pessimism removed                               ;
; 4.681   ; 0.000    ;    ;      ;        ;                                       ; clock uncertainty                                     ;
; 4.681   ; 0.000    ;    ; uTh  ; 1      ; FF_X24_Y45_N38                        ; norm_dispatch:u_norm|norm:u_norm|div:u_div|q_work[36] ;
+---------+----------+----+------+--------+---------------------------------------+-------------------------------------------------------+

----------------------------
; Extra Fitter Information ;
----------------------------
HTML report is unavailable in plain text report export.


Path #29: Hold slack is 0.403 
===============================================================================
+-----------------------------------------------------------------------------+
; Path Summary                                                                ;
+--------------------+--------------------------------------------------------+
; Property           ; Value                                                  ;
+--------------------+--------------------------------------------------------+
; From Node          ; rowwise_dispatch:u_row|rowwise_op:u_alu|state.MULTIPLY ;
; To Node            ; rowwise_dispatch:u_row|rowwise_op:u_alu|state.RAW      ;
; Launch Clock       ; clk                                                    ;
; Latch Clock        ; clk                                                    ;
; Data Arrival Time  ; 5.137                                                  ;
; Data Required Time ; 4.734                                                  ;
; Slack              ; 0.403                                                  ;
+--------------------+--------------------------------------------------------+

+------------------------------------------------------------------------------------+
; Statistics                                                                         ;
+------------------------+-------+-------+-------------+------------+--------+-------+
; Property               ; Value ; Count ; Total Delay ; % of Total ; Min    ; Max   ;
+------------------------+-------+-------+-------------+------------+--------+-------+
; Hold Relationship      ; 0.000 ;       ;             ;            ;        ;       ;
; Clock Skew             ; 0.097 ;       ;             ;            ;        ;       ;
; Data Delay             ; 0.500 ;       ;             ;            ;        ;       ;
; Number of Logic Levels ;       ; 1     ;             ;            ;        ;       ;
; Physical Delays        ;       ;       ;             ;            ;        ;       ;
;  Arrival Path          ;       ;       ;             ;            ;        ;       ;
;   Clock                ;       ;       ;             ;            ;        ;       ;
;    IC                  ;       ; 3     ; 0.000       ; 0          ; 0.000  ; 0.000 ;
;    Cell                ;       ; 3     ; 2.055       ; 44         ; 0.505  ; 0.989 ;
;    Routing Element     ;       ; 27    ; 2.582       ; 56         ; 0.000  ; 0.828 ;
;   Data                 ;       ;       ;             ;            ;        ;       ;
;    IC                  ;       ; 2     ; 0.000       ; 0          ; 0.000  ; 0.000 ;
;    Cell                ;       ; 3     ; 0.144       ; 29         ; 0.000  ; 0.086 ;
;    uTco                ;       ; 1     ; 0.000       ; 0          ; 0.000  ; 0.000 ;
;    Routing Element     ;       ; 5     ; 0.356       ; 71         ; 0.000  ; 0.138 ;
;  Required Path         ;       ;       ;             ;            ;        ;       ;
;   Clock                ;       ;       ;             ;            ;        ;       ;
;    IC                  ;       ; 3     ; -0.001      ; 0          ; -0.001 ; 0.000 ;
;    Cell                ;       ; 3     ; 2.149       ; 44         ; 0.538  ; 0.989 ;
;    Routing Element     ;       ; 27    ; 2.693       ; 56         ; 0.000  ; 0.859 ;
+------------------------+-------+-------+-------------+------------+--------+-------+
Note: Negative delays are omitted from totals when calculating percentages

+-----------------------------------------------------------------------------------------------------------------------------------------+
; Data Arrival Path                                                                                                                       ;
+---------+---------+----+------+--------+---------------------------------------+--------------------------------------------------------+
; Total   ; Incr    ; RF ; Type ; Fanout ; Location                              ; Element                                                ;
+---------+---------+----+------+--------+---------------------------------------+--------------------------------------------------------+
; 0.000   ; 0.000   ;    ;      ;        ;                                       ; launch edge time                                       ;
; 4.637   ; 4.637   ;    ;      ;        ;                                       ; clock path                                             ;
;   0.000 ;   0.000 ;    ;      ;        ;                                       ; source latency                                         ;
;   0.000 ;   0.000 ;    ;      ; 1      ; PIN_N16                               ; clk                                                    ;
;   0.000 ;   0.000 ;    ; RE   ; 1      ; IOPAD_X89_Y35_N43                     ; ARRIAV_IO_PAD                                          ;
;   0.000 ;   0.000 ;    ; RE   ; 1      ; IO_PAD_OUTPUT_X89_Y35_N43_I1          ; IO_PAD_OUTPUT                                          ;
;   0.000 ;   0.000 ;    ; RE   ; 1      ; IO_INPUT_BUFFER_INPUT_X89_Y35_N44_I0  ; IO_INPUT_BUFFER_INPUT                                  ;
;   0.000 ;   0.000 ; RR ; IC   ; 1      ; IOIBUF_X89_Y35_N44                    ; clk~input|i                                            ;
;   0.989 ;   0.989 ; RR ; CELL ; 1      ; IOIBUF_X89_Y35_N44                    ; clk~input|o                                            ;
;   0.989 ;   0.000 ;    ; RE   ; 1      ; IOIBUF_X89_Y35_N44                    ; ARRIAV_IO_IBUF                                         ;
;   0.989 ;   0.000 ;    ; RE   ; 1      ; IO_INPUT_BUFFER_OUTPUT_X89_Y35_N44_I2 ; IO_INPUT_BUFFER_OUTPUT                                 ;
;   0.989 ;   0.000 ;    ; RE   ; 1      ; IO_RE_X89_Y35_N43_I96                 ; IO_RE                                                  ;
;   1.084 ;   0.095 ;    ; RE   ; 1      ; IO_RE_X89_Y35_N43_I66                 ; IO_RE                                                  ;
;   1.296 ;   0.212 ;    ; RE   ; 1      ; CLKBUF_CLUSTER_RE_X89_Y39_N3_I368     ; CLKBUF_CLUSTER_RE                                      ;
;   1.296 ;   0.000 ;    ; RE   ; 1      ; CLKBUF_CLUSTER_RE_X89_Y39_N3_I764     ; CLKBUF_CLUSTER_RE                                      ;
;   1.296 ;   0.000 ;    ; RE   ; 1      ; CLKBUF_CLUSTER_RE_X89_Y39_N3_I813     ; CLKBUF_CLUSTER_RE                                      ;
;   1.296 ;   0.000 ;    ; RE   ; 1      ; CLKBUF_CLUSTER_RE_X89_Y39_N3_I553     ; CLKBUF_CLUSTER_RE                                      ;
;   1.296 ;   0.000 ;    ; RE   ; 1      ; GCLK_CLUSTER_RE_X89_Y39_N6_I10        ; GCLK_CLUSTER_RE                                        ;
;   1.296 ;   0.000 ;    ; RE   ; 1      ; CLKBUFBLOCK_INPUT_X89_Y39_N7_I0       ; CLKBUFBLOCK_INPUT                                      ;
;   1.296 ;   0.000 ; RR ; IC   ; 1      ; CLKCTRL_G9                            ; clk~inputCLKENA0|inclk                                 ;
;   1.801 ;   0.505 ; RR ; CELL ; 7412   ; CLKCTRL_G9                            ; clk~inputCLKENA0|outclk                                ;
;   1.801 ;   0.000 ;    ; RE   ; 1      ; CLKCTRL_G9                            ; ARRIAV_CLKBUF                                          ;
;   1.801 ;   0.000 ;    ; RE   ; 1      ; CLKBUFBLOCK_OUTPUT_X89_Y39_N7_I2      ; CLKBUFBLOCK_OUTPUT                                     ;
;   1.801 ;   0.000 ;    ; RE   ; 1      ; GCLK_CLUSTER_RE_X89_Y39_N6_I12        ; GCLK_CLUSTER_RE                                        ;
;   1.801 ;   0.000 ;    ; RE   ; 1      ; CLKBUF_CLUSTER_RE_X89_Y39_N3_I416     ; CLKBUF_CLUSTER_RE                                      ;
;   2.629 ;   0.828 ;    ; RE   ; 8      ; GLOBAL_CLOCK_X0_Y36_N0_I9             ; GLOBAL_CLOCK                                           ;
;   2.792 ;   0.163 ;    ; RE   ; 12     ; SPINE_CLOCK_X55_Y37_N0_I22            ; SPINE_CLOCK                                            ;
;   3.249 ;   0.457 ;    ; RE   ; 1      ; SCLK_TO_ROWCLK_BUF_X55_Y44_N0_I133    ; SCLK_TO_ROWCLK_BUF                                     ;
;   3.346 ;   0.097 ;    ; RE   ; 2      ; SCLK_TO_ROWCLK_BUF_X55_Y44_N0_I136    ; SCLK_TO_ROWCLK_BUF                                     ;
;   3.831 ;   0.485 ;    ; RE   ; 6      ; LAB_CLK_X56_Y44_N0_I5                 ; LAB_CLK                                                ;
;   3.971 ;   0.140 ;    ; RE   ; 1      ; BLK_CLK_BUF_X62_Y44_N0_I5             ; BLK_CLK_BUF                                            ;
;   4.033 ;   0.062 ;    ; RE   ; 1      ; ROWCLKSEL_PREBUF_X62_Y44_N0_I5        ; ROWCLKSEL_PREBUF                                       ;
;   4.076 ;   0.043 ;    ; RE   ; 1      ; ROWCLKSEL_X62_Y44_N0_I1               ; ROWCLKSEL                                              ;
;   4.076 ;   0.000 ;    ; RE   ; 2      ; GLOBAL_LOCAL_SEL_X62_Y44_N0_I1        ; GLOBAL_LOCAL_SEL                                       ;
;   4.076 ;   0.000 ;    ; RE   ; 5      ; LAB_INPUT_X62_Y44_N0_I0               ; LAB_INPUT                                              ;
;   4.076 ;   0.000 ; RR ; IC   ; 1      ; FF_X62_Y44_N19                        ; u_row|u_alu|state.MULTIPLY|clk                         ;
;   4.637 ;   0.561 ; RR ; CELL ; 1      ; FF_X62_Y44_N19                        ; rowwise_dispatch:u_row|rowwise_op:u_alu|state.MULTIPLY ;
; 5.137   ; 0.500   ;    ;      ;        ;                                       ; data path                                              ;
;   4.637 ;   0.000 ;    ; uTco ; 1      ; FF_X62_Y44_N19                        ; rowwise_dispatch:u_row|rowwise_op:u_alu|state.MULTIPLY ;
;   4.637 ;   0.000 ; FF ; CELL ; 3      ; FF_X62_Y44_N19                        ; u_row|u_alu|state.MULTIPLY|q                           ;
;   4.687 ;   0.050 ;    ; RE   ; 2      ; FF_X62_Y44_N19                        ; ARRIAV_FF                                              ;
;   4.742 ;   0.055 ;    ; RE   ; 1      ; LE_BUFFER_X62_Y44_N0_I12              ; LE_BUFFER                                              ;
;   4.880 ;   0.138 ;    ; RE   ; 2      ; LOCAL_INTERCONNECT_X62_Y44_N0_I36     ; LAB_LINE                                               ;
;   4.993 ;   0.113 ;    ; RE   ; 1      ; BLOCK_INPUT_MUX_X62_Y44_N0_I33        ; LEIM_INPUT                                             ;
;   4.993 ;   0.000 ; FF ; IC   ; 1      ; LABCELL_X62_Y44_N24                   ; u_row|u_alu|state~22|dataf                             ;
;   5.051 ;   0.058 ; FF ; CELL ; 1      ; LABCELL_X62_Y44_N24                   ; u_row|u_alu|state~22|combout                           ;
;   5.051 ;   0.000 ;    ; RE   ; 1      ; LABCELL_X62_Y44_N24                   ; ARRIAV_LCELL_COMB                                      ;
;   5.051 ;   0.000 ; FF ; IC   ; 1      ; FF_X62_Y44_N25                        ; u_row|u_alu|state.RAW|d                                ;
;   5.137 ;   0.086 ; FF ; CELL ; 1      ; FF_X62_Y44_N25                        ; rowwise_dispatch:u_row|rowwise_op:u_alu|state.RAW      ;
+---------+---------+----+------+--------+---------------------------------------+--------------------------------------------------------+

+-------------------------------------------------------------------------------------------------------------------------------------+
; Data Required Path                                                                                                                  ;
+---------+----------+----+------+--------+---------------------------------------+---------------------------------------------------+
; Total   ; Incr     ; RF ; Type ; Fanout ; Location                              ; Element                                           ;
+---------+----------+----+------+--------+---------------------------------------+---------------------------------------------------+
; 0.000   ; 0.000    ;    ;      ;        ;                                       ; latch edge time                                   ;
; 4.734   ; 4.734    ;    ;      ;        ;                                       ; clock path                                        ;
;   0.000 ;   0.000  ;    ;      ;        ;                                       ; source latency                                    ;
;   0.000 ;   0.000  ;    ;      ; 1      ; PIN_N16                               ; clk                                               ;
;   0.000 ;   0.000  ;    ; RE   ; 1      ; IOPAD_X89_Y35_N43                     ; ARRIAV_IO_PAD                                     ;
;   0.000 ;   0.000  ;    ; RE   ; 1      ; IO_PAD_OUTPUT_X89_Y35_N43_I1          ; IO_PAD_OUTPUT                                     ;
;   0.000 ;   0.000  ;    ; RE   ; 1      ; IO_INPUT_BUFFER_INPUT_X89_Y35_N44_I0  ; IO_INPUT_BUFFER_INPUT                             ;
;   0.000 ;   0.000  ; RR ; IC   ; 1      ; IOIBUF_X89_Y35_N44                    ; clk~input|i                                       ;
;   0.989 ;   0.989  ; RR ; CELL ; 1      ; IOIBUF_X89_Y35_N44                    ; clk~input|o                                       ;
;   0.989 ;   0.000  ;    ; RE   ; 1      ; IOIBUF_X89_Y35_N44                    ; ARRIAV_IO_IBUF                                    ;
;   0.989 ;   0.000  ;    ; RE   ; 1      ; IO_INPUT_BUFFER_OUTPUT_X89_Y35_N44_I2 ; IO_INPUT_BUFFER_OUTPUT                            ;
;   0.989 ;   0.000  ;    ; RE   ; 1      ; IO_RE_X89_Y35_N43_I96                 ; IO_RE                                             ;
;   1.089 ;   0.100  ;    ; RE   ; 1      ; IO_RE_X89_Y35_N43_I66                 ; IO_RE                                             ;
;   1.311 ;   0.222  ;    ; RE   ; 1      ; CLKBUF_CLUSTER_RE_X89_Y39_N3_I368     ; CLKBUF_CLUSTER_RE                                 ;
;   1.311 ;   0.000  ;    ; RE   ; 1      ; CLKBUF_CLUSTER_RE_X89_Y39_N3_I764     ; CLKBUF_CLUSTER_RE                                 ;
;   1.311 ;   0.000  ;    ; RE   ; 1      ; CLKBUF_CLUSTER_RE_X89_Y39_N3_I813     ; CLKBUF_CLUSTER_RE                                 ;
;   1.311 ;   0.000  ;    ; RE   ; 1      ; CLKBUF_CLUSTER_RE_X89_Y39_N3_I553     ; CLKBUF_CLUSTER_RE                                 ;
;   1.311 ;   0.000  ;    ; RE   ; 1      ; GCLK_CLUSTER_RE_X89_Y39_N6_I10        ; GCLK_CLUSTER_RE                                   ;
;   1.311 ;   0.000  ;    ; RE   ; 1      ; CLKBUFBLOCK_INPUT_X89_Y39_N7_I0       ; CLKBUFBLOCK_INPUT                                 ;
;   1.311 ;   0.000  ; RR ; IC   ; 1      ; CLKCTRL_G9                            ; clk~inputCLKENA0|inclk                            ;
;   1.849 ;   0.538  ; RR ; CELL ; 7412   ; CLKCTRL_G9                            ; clk~inputCLKENA0|outclk                           ;
;   1.849 ;   0.000  ;    ; RE   ; 1      ; CLKCTRL_G9                            ; ARRIAV_CLKBUF                                     ;
;   1.849 ;   0.000  ;    ; RE   ; 1      ; CLKBUFBLOCK_OUTPUT_X89_Y39_N7_I2      ; CLKBUFBLOCK_OUTPUT                                ;
;   1.849 ;   0.000  ;    ; RE   ; 1      ; GCLK_CLUSTER_RE_X89_Y39_N6_I12        ; GCLK_CLUSTER_RE                                   ;
;   1.849 ;   0.000  ;    ; RE   ; 1      ; CLKBUF_CLUSTER_RE_X89_Y39_N3_I416     ; CLKBUF_CLUSTER_RE                                 ;
;   2.708 ;   0.859  ;    ; RE   ; 8      ; GLOBAL_CLOCK_X0_Y36_N0_I9             ; GLOBAL_CLOCK                                      ;
;   2.877 ;   0.169  ;    ; RE   ; 12     ; SPINE_CLOCK_X55_Y37_N0_I22            ; SPINE_CLOCK                                       ;
;   3.352 ;   0.475  ;    ; RE   ; 1      ; SCLK_TO_ROWCLK_BUF_X55_Y44_N0_I133    ; SCLK_TO_ROWCLK_BUF                                ;
;   3.453 ;   0.101  ;    ; RE   ; 2      ; SCLK_TO_ROWCLK_BUF_X55_Y44_N0_I136    ; SCLK_TO_ROWCLK_BUF                                ;
;   3.957 ;   0.504  ;    ; RE   ; 6      ; LAB_CLK_X56_Y44_N0_I5                 ; LAB_CLK                                           ;
;   4.109 ;   0.152  ;    ; RE   ; 1      ; BLK_CLK_BUF_X62_Y44_N0_I5             ; BLK_CLK_BUF                                       ;
;   4.173 ;   0.064  ;    ; RE   ; 1      ; ROWCLKSEL_PREBUF_X62_Y44_N0_I5        ; ROWCLKSEL_PREBUF                                  ;
;   4.220 ;   0.047  ;    ; RE   ; 1      ; ROWCLKSEL_X62_Y44_N0_I1               ; ROWCLKSEL                                         ;
;   4.220 ;   0.000  ;    ; RE   ; 2      ; GLOBAL_LOCAL_SEL_X62_Y44_N0_I1        ; GLOBAL_LOCAL_SEL                                  ;
;   4.220 ;   0.000  ;    ; RE   ; 5      ; LAB_INPUT_X62_Y44_N0_I0               ; LAB_INPUT                                         ;
;   4.219 ;   -0.001 ; RR ; IC   ; 1      ; FF_X62_Y44_N25                        ; u_row|u_alu|state.RAW|clk                         ;
;   4.841 ;   0.622  ; RR ; CELL ; 1      ; FF_X62_Y44_N25                        ; rowwise_dispatch:u_row|rowwise_op:u_alu|state.RAW ;
;   4.734 ;   -0.107 ;    ;      ;        ;                                       ; clock pessimism removed                           ;
; 4.734   ; 0.000    ;    ;      ;        ;                                       ; clock uncertainty                                 ;
; 4.734   ; 0.000    ;    ; uTh  ; 1      ; FF_X62_Y44_N25                        ; rowwise_dispatch:u_row|rowwise_op:u_alu|state.RAW ;
+---------+----------+----+------+--------+---------------------------------------+---------------------------------------------------+

----------------------------
; Extra Fitter Information ;
----------------------------
HTML report is unavailable in plain text report export.


Path #30: Hold slack is 0.405 
===============================================================================
+------------------------------------------------------------------+
; Path Summary                                                     ;
+--------------------+---------------------------------------------+
; Property           ; Value                                       ;
+--------------------+---------------------------------------------+
; From Node          ; norm_dispatch:u_norm|norm:u_norm|sum_sq[15] ;
; To Node            ; norm_dispatch:u_norm|norm:u_norm|sum_sq[15] ;
; Launch Clock       ; clk                                         ;
; Latch Clock        ; clk                                         ;
; Data Arrival Time  ; 5.095                                       ;
; Data Required Time ; 4.690                                       ;
; Slack              ; 0.405                                       ;
+--------------------+---------------------------------------------+

+-----------------------------------------------------------------------------------+
; Statistics                                                                        ;
+------------------------+-------+-------+-------------+------------+-------+-------+
; Property               ; Value ; Count ; Total Delay ; % of Total ; Min   ; Max   ;
+------------------------+-------+-------+-------------+------------+-------+-------+
; Hold Relationship      ; 0.000 ;       ;             ;            ;       ;       ;
; Clock Skew             ; 0.113 ;       ;             ;            ;       ;       ;
; Data Delay             ; 0.518 ;       ;             ;            ;       ;       ;
; Number of Logic Levels ;       ; 1     ;             ;            ;       ;       ;
; Physical Delays        ;       ;       ;             ;            ;       ;       ;
;  Arrival Path          ;       ;       ;             ;            ;       ;       ;
;   Clock                ;       ;       ;             ;            ;       ;       ;
;    IC                  ;       ; 3     ; 0.001       ; 0          ; 0.000 ; 0.001 ;
;    Cell                ;       ; 3     ; 2.019       ; 44         ; 0.505 ; 0.989 ;
;    Routing Element     ;       ; 27    ; 2.557       ; 56         ; 0.000 ; 0.826 ;
;   Data                 ;       ;       ;             ;            ;       ;       ;
;    IC                  ;       ; 2     ; 0.000       ; 0          ; 0.000 ; 0.000 ;
;    Cell                ;       ; 3     ; 0.166       ; 32         ; 0.000 ; 0.085 ;
;    uTco                ;       ; 1     ; 0.000       ; 0          ; 0.000 ; 0.000 ;
;    Routing Element     ;       ; 5     ; 0.352       ; 68         ; 0.000 ; 0.130 ;
;  Required Path         ;       ;       ;             ;            ;       ;       ;
;   Clock                ;       ;       ;             ;            ;       ;       ;
;    IC                  ;       ; 3     ; 0.000       ; 0          ; 0.000 ; 0.000 ;
;    Cell                ;       ; 3     ; 2.129       ; 44         ; 0.538 ; 0.989 ;
;    Routing Element     ;       ; 27    ; 2.669       ; 56         ; 0.000 ; 0.859 ;
+------------------------+-------+-------+-------------+------------+-------+-------+
Note: Negative delays are omitted from totals when calculating percentages

+------------------------------------------------------------------------------------------------------------------------------+
; Data Arrival Path                                                                                                            ;
+---------+---------+----+------+--------+---------------------------------------+---------------------------------------------+
; Total   ; Incr    ; RF ; Type ; Fanout ; Location                              ; Element                                     ;
+---------+---------+----+------+--------+---------------------------------------+---------------------------------------------+
; 0.000   ; 0.000   ;    ;      ;        ;                                       ; launch edge time                            ;
; 4.577   ; 4.577   ;    ;      ;        ;                                       ; clock path                                  ;
;   0.000 ;   0.000 ;    ;      ;        ;                                       ; source latency                              ;
;   0.000 ;   0.000 ;    ;      ; 1      ; PIN_N16                               ; clk                                         ;
;   0.000 ;   0.000 ;    ; RE   ; 1      ; IOPAD_X89_Y35_N43                     ; ARRIAV_IO_PAD                               ;
;   0.000 ;   0.000 ;    ; RE   ; 1      ; IO_PAD_OUTPUT_X89_Y35_N43_I1          ; IO_PAD_OUTPUT                               ;
;   0.000 ;   0.000 ;    ; RE   ; 1      ; IO_INPUT_BUFFER_INPUT_X89_Y35_N44_I0  ; IO_INPUT_BUFFER_INPUT                       ;
;   0.000 ;   0.000 ; RR ; IC   ; 1      ; IOIBUF_X89_Y35_N44                    ; clk~input|i                                 ;
;   0.989 ;   0.989 ; RR ; CELL ; 1      ; IOIBUF_X89_Y35_N44                    ; clk~input|o                                 ;
;   0.989 ;   0.000 ;    ; RE   ; 1      ; IOIBUF_X89_Y35_N44                    ; ARRIAV_IO_IBUF                              ;
;   0.989 ;   0.000 ;    ; RE   ; 1      ; IO_INPUT_BUFFER_OUTPUT_X89_Y35_N44_I2 ; IO_INPUT_BUFFER_OUTPUT                      ;
;   0.989 ;   0.000 ;    ; RE   ; 1      ; IO_RE_X89_Y35_N43_I96                 ; IO_RE                                       ;
;   1.084 ;   0.095 ;    ; RE   ; 1      ; IO_RE_X89_Y35_N43_I66                 ; IO_RE                                       ;
;   1.296 ;   0.212 ;    ; RE   ; 1      ; CLKBUF_CLUSTER_RE_X89_Y39_N3_I368     ; CLKBUF_CLUSTER_RE                           ;
;   1.296 ;   0.000 ;    ; RE   ; 1      ; CLKBUF_CLUSTER_RE_X89_Y39_N3_I764     ; CLKBUF_CLUSTER_RE                           ;
;   1.296 ;   0.000 ;    ; RE   ; 1      ; CLKBUF_CLUSTER_RE_X89_Y39_N3_I813     ; CLKBUF_CLUSTER_RE                           ;
;   1.296 ;   0.000 ;    ; RE   ; 1      ; CLKBUF_CLUSTER_RE_X89_Y39_N3_I553     ; CLKBUF_CLUSTER_RE                           ;
;   1.296 ;   0.000 ;    ; RE   ; 1      ; GCLK_CLUSTER_RE_X89_Y39_N6_I10        ; GCLK_CLUSTER_RE                             ;
;   1.296 ;   0.000 ;    ; RE   ; 1      ; CLKBUFBLOCK_INPUT_X89_Y39_N7_I0       ; CLKBUFBLOCK_INPUT                           ;
;   1.296 ;   0.000 ; RR ; IC   ; 1      ; CLKCTRL_G9                            ; clk~inputCLKENA0|inclk                      ;
;   1.801 ;   0.505 ; RR ; CELL ; 7412   ; CLKCTRL_G9                            ; clk~inputCLKENA0|outclk                     ;
;   1.801 ;   0.000 ;    ; RE   ; 1      ; CLKCTRL_G9                            ; ARRIAV_CLKBUF                               ;
;   1.801 ;   0.000 ;    ; RE   ; 1      ; CLKBUFBLOCK_OUTPUT_X89_Y39_N7_I2      ; CLKBUFBLOCK_OUTPUT                          ;
;   1.801 ;   0.000 ;    ; RE   ; 1      ; GCLK_CLUSTER_RE_X89_Y39_N6_I12        ; GCLK_CLUSTER_RE                             ;
;   1.801 ;   0.000 ;    ; RE   ; 1      ; CLKBUF_CLUSTER_RE_X89_Y39_N3_I416     ; CLKBUF_CLUSTER_RE                           ;
;   2.627 ;   0.826 ;    ; RE   ; 8      ; GLOBAL_CLOCK_X0_Y36_N0_I9             ; GLOBAL_CLOCK                                ;
;   2.786 ;   0.159 ;    ; RE   ; 13     ; SPINE_CLOCK_X33_Y37_N0_I7             ; SPINE_CLOCK                                 ;
;   3.244 ;   0.458 ;    ; RE   ; 1      ; SCLK_TO_ROWCLK_BUF_X33_Y48_N0_I43     ; SCLK_TO_ROWCLK_BUF                          ;
;   3.331 ;   0.087 ;    ; RE   ; 1      ; SCLK_TO_ROWCLK_BUF_X33_Y48_N0_I46     ; SCLK_TO_ROWCLK_BUF                          ;
;   3.807 ;   0.476 ;    ; RE   ; 2      ; LAB_CLK_X25_Y48_N0_I5                 ; LAB_CLK                                     ;
;   3.946 ;   0.139 ;    ; RE   ; 1      ; BLK_CLK_BUF_X28_Y48_N0_I5             ; BLK_CLK_BUF                                 ;
;   4.008 ;   0.062 ;    ; RE   ; 1      ; ROWCLKSEL_PREBUF_X28_Y48_N0_I5        ; ROWCLKSEL_PREBUF                            ;
;   4.051 ;   0.043 ;    ; RE   ; 1      ; ROWCLKSEL_X28_Y48_N0_I0               ; ROWCLKSEL                                   ;
;   4.051 ;   0.000 ;    ; RE   ; 1      ; GLOBAL_LOCAL_SEL_X28_Y48_N0_I0        ; GLOBAL_LOCAL_SEL                            ;
;   4.051 ;   0.000 ;    ; RE   ; 14     ; LAB_INPUT_X28_Y48_N0_I0               ; LAB_INPUT                                   ;
;   4.052 ;   0.001 ; RR ; IC   ; 1      ; FF_X28_Y48_N16                        ; u_norm|u_norm|sum_sq[15]|clk                ;
;   4.577 ;   0.525 ; RR ; CELL ; 1      ; FF_X28_Y48_N16                        ; norm_dispatch:u_norm|norm:u_norm|sum_sq[15] ;
; 5.095   ; 0.518   ;    ;      ;        ;                                       ; data path                                   ;
;   4.577 ;   0.000 ;    ; uTco ; 1      ; FF_X28_Y48_N16                        ; norm_dispatch:u_norm|norm:u_norm|sum_sq[15] ;
;   4.577 ;   0.000 ; FF ; CELL ; 3      ; FF_X28_Y48_N16                        ; u_norm|u_norm|sum_sq[15]|q                  ;
;   4.627 ;   0.050 ;    ; RE   ; 1      ; FF_X28_Y48_N16                        ; ARRIAV_FF                                   ;
;   4.684 ;   0.057 ;    ; RE   ; 2      ; LE_BUFFER_X28_Y48_N0_I10              ; LE_BUFFER                                   ;
;   4.814 ;   0.130 ;    ; RE   ; 1      ; LOCAL_INTERCONNECT_X28_Y48_N0_I35     ; LAB_LINE                                    ;
;   4.929 ;   0.115 ;    ; RE   ; 1      ; BLOCK_INPUT_MUX_X28_Y48_N0_I23        ; LEIM_INPUT                                  ;
;   4.929 ;   0.000 ; FF ; IC   ; 2      ; MLABCELL_X28_Y48_N15                  ; u_norm|u_norm|Add24~117|dataf               ;
;   5.010 ;   0.081 ; FF ; CELL ; 1      ; MLABCELL_X28_Y48_N15                  ; u_norm|u_norm|Add24~117|sumout              ;
;   5.010 ;   0.000 ;    ; RE   ; 2      ; MLABCELL_X28_Y48_N15                  ; ARRIAV_LCELL_COMB                           ;
;   5.010 ;   0.000 ; FF ; IC   ; 1      ; FF_X28_Y48_N16                        ; u_norm|u_norm|sum_sq[15]|d                  ;
;   5.095 ;   0.085 ; FF ; CELL ; 1      ; FF_X28_Y48_N16                        ; norm_dispatch:u_norm|norm:u_norm|sum_sq[15] ;
+---------+---------+----+------+--------+---------------------------------------+---------------------------------------------+

+-------------------------------------------------------------------------------------------------------------------------------+
; Data Required Path                                                                                                            ;
+---------+----------+----+------+--------+---------------------------------------+---------------------------------------------+
; Total   ; Incr     ; RF ; Type ; Fanout ; Location                              ; Element                                     ;
+---------+----------+----+------+--------+---------------------------------------+---------------------------------------------+
; 0.000   ; 0.000    ;    ;      ;        ;                                       ; latch edge time                             ;
; 4.690   ; 4.690    ;    ;      ;        ;                                       ; clock path                                  ;
;   0.000 ;   0.000  ;    ;      ;        ;                                       ; source latency                              ;
;   0.000 ;   0.000  ;    ;      ; 1      ; PIN_N16                               ; clk                                         ;
;   0.000 ;   0.000  ;    ; RE   ; 1      ; IOPAD_X89_Y35_N43                     ; ARRIAV_IO_PAD                               ;
;   0.000 ;   0.000  ;    ; RE   ; 1      ; IO_PAD_OUTPUT_X89_Y35_N43_I1          ; IO_PAD_OUTPUT                               ;
;   0.000 ;   0.000  ;    ; RE   ; 1      ; IO_INPUT_BUFFER_INPUT_X89_Y35_N44_I0  ; IO_INPUT_BUFFER_INPUT                       ;
;   0.000 ;   0.000  ; RR ; IC   ; 1      ; IOIBUF_X89_Y35_N44                    ; clk~input|i                                 ;
;   0.989 ;   0.989  ; RR ; CELL ; 1      ; IOIBUF_X89_Y35_N44                    ; clk~input|o                                 ;
;   0.989 ;   0.000  ;    ; RE   ; 1      ; IOIBUF_X89_Y35_N44                    ; ARRIAV_IO_IBUF                              ;
;   0.989 ;   0.000  ;    ; RE   ; 1      ; IO_INPUT_BUFFER_OUTPUT_X89_Y35_N44_I2 ; IO_INPUT_BUFFER_OUTPUT                      ;
;   0.989 ;   0.000  ;    ; RE   ; 1      ; IO_RE_X89_Y35_N43_I96                 ; IO_RE                                       ;
;   1.089 ;   0.100  ;    ; RE   ; 1      ; IO_RE_X89_Y35_N43_I66                 ; IO_RE                                       ;
;   1.311 ;   0.222  ;    ; RE   ; 1      ; CLKBUF_CLUSTER_RE_X89_Y39_N3_I368     ; CLKBUF_CLUSTER_RE                           ;
;   1.311 ;   0.000  ;    ; RE   ; 1      ; CLKBUF_CLUSTER_RE_X89_Y39_N3_I764     ; CLKBUF_CLUSTER_RE                           ;
;   1.311 ;   0.000  ;    ; RE   ; 1      ; CLKBUF_CLUSTER_RE_X89_Y39_N3_I813     ; CLKBUF_CLUSTER_RE                           ;
;   1.311 ;   0.000  ;    ; RE   ; 1      ; CLKBUF_CLUSTER_RE_X89_Y39_N3_I553     ; CLKBUF_CLUSTER_RE                           ;
;   1.311 ;   0.000  ;    ; RE   ; 1      ; GCLK_CLUSTER_RE_X89_Y39_N6_I10        ; GCLK_CLUSTER_RE                             ;
;   1.311 ;   0.000  ;    ; RE   ; 1      ; CLKBUFBLOCK_INPUT_X89_Y39_N7_I0       ; CLKBUFBLOCK_INPUT                           ;
;   1.311 ;   0.000  ; RR ; IC   ; 1      ; CLKCTRL_G9                            ; clk~inputCLKENA0|inclk                      ;
;   1.849 ;   0.538  ; RR ; CELL ; 7412   ; CLKCTRL_G9                            ; clk~inputCLKENA0|outclk                     ;
;   1.849 ;   0.000  ;    ; RE   ; 1      ; CLKCTRL_G9                            ; ARRIAV_CLKBUF                               ;
;   1.849 ;   0.000  ;    ; RE   ; 1      ; CLKBUFBLOCK_OUTPUT_X89_Y39_N7_I2      ; CLKBUFBLOCK_OUTPUT                          ;
;   1.849 ;   0.000  ;    ; RE   ; 1      ; GCLK_CLUSTER_RE_X89_Y39_N6_I12        ; GCLK_CLUSTER_RE                             ;
;   1.849 ;   0.000  ;    ; RE   ; 1      ; CLKBUF_CLUSTER_RE_X89_Y39_N3_I416     ; CLKBUF_CLUSTER_RE                           ;
;   2.708 ;   0.859  ;    ; RE   ; 8      ; GLOBAL_CLOCK_X0_Y36_N0_I9             ; GLOBAL_CLOCK                                ;
;   2.873 ;   0.165  ;    ; RE   ; 13     ; SPINE_CLOCK_X33_Y37_N0_I7             ; SPINE_CLOCK                                 ;
;   3.349 ;   0.476  ;    ; RE   ; 1      ; SCLK_TO_ROWCLK_BUF_X33_Y48_N0_I43     ; SCLK_TO_ROWCLK_BUF                          ;
;   3.439 ;   0.090  ;    ; RE   ; 1      ; SCLK_TO_ROWCLK_BUF_X33_Y48_N0_I46     ; SCLK_TO_ROWCLK_BUF                          ;
;   3.934 ;   0.495  ;    ; RE   ; 2      ; LAB_CLK_X25_Y48_N0_I5                 ; LAB_CLK                                     ;
;   4.085 ;   0.151  ;    ; RE   ; 1      ; BLK_CLK_BUF_X28_Y48_N0_I5             ; BLK_CLK_BUF                                 ;
;   4.149 ;   0.064  ;    ; RE   ; 1      ; ROWCLKSEL_PREBUF_X28_Y48_N0_I5        ; ROWCLKSEL_PREBUF                            ;
;   4.196 ;   0.047  ;    ; RE   ; 1      ; ROWCLKSEL_X28_Y48_N0_I0               ; ROWCLKSEL                                   ;
;   4.196 ;   0.000  ;    ; RE   ; 1      ; GLOBAL_LOCAL_SEL_X28_Y48_N0_I0        ; GLOBAL_LOCAL_SEL                            ;
;   4.196 ;   0.000  ;    ; RE   ; 14     ; LAB_INPUT_X28_Y48_N0_I0               ; LAB_INPUT                                   ;
;   4.196 ;   0.000  ; RR ; IC   ; 1      ; FF_X28_Y48_N16                        ; u_norm|u_norm|sum_sq[15]|clk                ;
;   4.798 ;   0.602  ; RR ; CELL ; 1      ; FF_X28_Y48_N16                        ; norm_dispatch:u_norm|norm:u_norm|sum_sq[15] ;
;   4.690 ;   -0.108 ;    ;      ;        ;                                       ; clock pessimism removed                     ;
; 4.690   ; 0.000    ;    ;      ;        ;                                       ; clock uncertainty                           ;
; 4.690   ; 0.000    ;    ; uTh  ; 1      ; FF_X28_Y48_N16                        ; norm_dispatch:u_norm|norm:u_norm|sum_sq[15] ;
+---------+----------+----+------+--------+---------------------------------------+---------------------------------------------+

----------------------------
; Extra Fitter Information ;
----------------------------
HTML report is unavailable in plain text report export.


Path #31: Hold slack is 0.410 
===============================================================================
+--------------------------------------------------------------------------------------+
; Path Summary                                                                         ;
+--------------------+-----------------------------------------------------------------+
; Property           ; Value                                                           ;
+--------------------+-----------------------------------------------------------------+
; From Node          ; norm_dispatch:u_norm|norm:u_norm|isqrt_u64:u_sqrt|root_work[30] ;
; To Node            ; norm_dispatch:u_norm|norm:u_norm|isqrt_u64:u_sqrt|root[31]      ;
; Launch Clock       ; clk                                                             ;
; Latch Clock        ; clk                                                             ;
; Data Arrival Time  ; 5.093                                                           ;
; Data Required Time ; 4.683                                                           ;
; Slack              ; 0.410                                                           ;
+--------------------+-----------------------------------------------------------------+

+-----------------------------------------------------------------------------------+
; Statistics                                                                        ;
+------------------------+-------+-------+-------------+------------+-------+-------+
; Property               ; Value ; Count ; Total Delay ; % of Total ; Min   ; Max   ;
+------------------------+-------+-------+-------------+------------+-------+-------+
; Hold Relationship      ; 0.000 ;       ;             ;            ;       ;       ;
; Clock Skew             ; 0.101 ;       ;             ;            ;       ;       ;
; Data Delay             ; 0.511 ;       ;             ;            ;       ;       ;
; Number of Logic Levels ;       ; 1     ;             ;            ;       ;       ;
; Physical Delays        ;       ;       ;             ;            ;       ;       ;
;  Arrival Path          ;       ;       ;             ;            ;       ;       ;
;   Clock                ;       ;       ;             ;            ;       ;       ;
;    IC                  ;       ; 3     ; 0.000       ; 0          ; 0.000 ; 0.000 ;
;    Cell                ;       ; 3     ; 2.044       ; 45         ; 0.505 ; 0.989 ;
;    Routing Element     ;       ; 27    ; 2.538       ; 55         ; 0.000 ; 0.823 ;
;   Data                 ;       ;       ;             ;            ;       ;       ;
;    IC                  ;       ; 2     ; 0.000       ; 0          ; 0.000 ; 0.000 ;
;    Cell                ;       ; 3     ; 0.144       ; 28         ; 0.000 ; 0.086 ;
;    uTco                ;       ; 1     ; 0.000       ; 0          ; 0.000 ; 0.000 ;
;    Routing Element     ;       ; 5     ; 0.367       ; 72         ; 0.000 ; 0.141 ;
;  Required Path         ;       ;       ;             ;            ;       ;       ;
;   Clock                ;       ;       ;             ;            ;       ;       ;
;    IC                  ;       ; 3     ; 0.000       ; 0          ; 0.000 ; 0.000 ;
;    Cell                ;       ; 3     ; 2.142       ; 45         ; 0.538 ; 0.989 ;
;    Routing Element     ;       ; 27    ; 2.648       ; 55         ; 0.000 ; 0.855 ;
+------------------------+-------+-------+-------------+------------+-------+-------+
Note: Negative delays are omitted from totals when calculating percentages

+--------------------------------------------------------------------------------------------------------------------------------------------------+
; Data Arrival Path                                                                                                                                ;
+---------+---------+----+------+--------+---------------------------------------+-----------------------------------------------------------------+
; Total   ; Incr    ; RF ; Type ; Fanout ; Location                              ; Element                                                         ;
+---------+---------+----+------+--------+---------------------------------------+-----------------------------------------------------------------+
; 0.000   ; 0.000   ;    ;      ;        ;                                       ; launch edge time                                                ;
; 4.582   ; 4.582   ;    ;      ;        ;                                       ; clock path                                                      ;
;   0.000 ;   0.000 ;    ;      ;        ;                                       ; source latency                                                  ;
;   0.000 ;   0.000 ;    ;      ; 1      ; PIN_N16                               ; clk                                                             ;
;   0.000 ;   0.000 ;    ; RE   ; 1      ; IOPAD_X89_Y35_N43                     ; ARRIAV_IO_PAD                                                   ;
;   0.000 ;   0.000 ;    ; RE   ; 1      ; IO_PAD_OUTPUT_X89_Y35_N43_I1          ; IO_PAD_OUTPUT                                                   ;
;   0.000 ;   0.000 ;    ; RE   ; 1      ; IO_INPUT_BUFFER_INPUT_X89_Y35_N44_I0  ; IO_INPUT_BUFFER_INPUT                                           ;
;   0.000 ;   0.000 ; RR ; IC   ; 1      ; IOIBUF_X89_Y35_N44                    ; clk~input|i                                                     ;
;   0.989 ;   0.989 ; RR ; CELL ; 1      ; IOIBUF_X89_Y35_N44                    ; clk~input|o                                                     ;
;   0.989 ;   0.000 ;    ; RE   ; 1      ; IOIBUF_X89_Y35_N44                    ; ARRIAV_IO_IBUF                                                  ;
;   0.989 ;   0.000 ;    ; RE   ; 1      ; IO_INPUT_BUFFER_OUTPUT_X89_Y35_N44_I2 ; IO_INPUT_BUFFER_OUTPUT                                          ;
;   0.989 ;   0.000 ;    ; RE   ; 1      ; IO_RE_X89_Y35_N43_I96                 ; IO_RE                                                           ;
;   1.084 ;   0.095 ;    ; RE   ; 1      ; IO_RE_X89_Y35_N43_I66                 ; IO_RE                                                           ;
;   1.296 ;   0.212 ;    ; RE   ; 1      ; CLKBUF_CLUSTER_RE_X89_Y39_N3_I368     ; CLKBUF_CLUSTER_RE                                               ;
;   1.296 ;   0.000 ;    ; RE   ; 1      ; CLKBUF_CLUSTER_RE_X89_Y39_N3_I764     ; CLKBUF_CLUSTER_RE                                               ;
;   1.296 ;   0.000 ;    ; RE   ; 1      ; CLKBUF_CLUSTER_RE_X89_Y39_N3_I813     ; CLKBUF_CLUSTER_RE                                               ;
;   1.296 ;   0.000 ;    ; RE   ; 1      ; CLKBUF_CLUSTER_RE_X89_Y39_N3_I553     ; CLKBUF_CLUSTER_RE                                               ;
;   1.296 ;   0.000 ;    ; RE   ; 1      ; GCLK_CLUSTER_RE_X89_Y39_N6_I10        ; GCLK_CLUSTER_RE                                                 ;
;   1.296 ;   0.000 ;    ; RE   ; 1      ; CLKBUFBLOCK_INPUT_X89_Y39_N7_I0       ; CLKBUFBLOCK_INPUT                                               ;
;   1.296 ;   0.000 ; RR ; IC   ; 1      ; CLKCTRL_G9                            ; clk~inputCLKENA0|inclk                                          ;
;   1.801 ;   0.505 ; RR ; CELL ; 7412   ; CLKCTRL_G9                            ; clk~inputCLKENA0|outclk                                         ;
;   1.801 ;   0.000 ;    ; RE   ; 1      ; CLKCTRL_G9                            ; ARRIAV_CLKBUF                                                   ;
;   1.801 ;   0.000 ;    ; RE   ; 1      ; CLKBUFBLOCK_OUTPUT_X89_Y39_N7_I2      ; CLKBUFBLOCK_OUTPUT                                              ;
;   1.801 ;   0.000 ;    ; RE   ; 1      ; GCLK_CLUSTER_RE_X89_Y39_N6_I12        ; GCLK_CLUSTER_RE                                                 ;
;   1.801 ;   0.000 ;    ; RE   ; 1      ; CLKBUF_CLUSTER_RE_X89_Y39_N3_I416     ; CLKBUF_CLUSTER_RE                                               ;
;   2.624 ;   0.823 ;    ; RE   ; 8      ; GLOBAL_CLOCK_X0_Y36_N0_I9             ; GLOBAL_CLOCK                                                    ;
;   2.787 ;   0.163 ;    ; RE   ; 13     ; SPINE_CLOCK_X15_Y37_N0_I7             ; SPINE_CLOCK                                                     ;
;   3.244 ;   0.457 ;    ; RE   ; 1      ; SCLK_TO_ROWCLK_BUF_X15_Y44_N0_I43     ; SCLK_TO_ROWCLK_BUF                                              ;
;   3.331 ;   0.087 ;    ; RE   ; 1      ; SCLK_TO_ROWCLK_BUF_X15_Y44_N0_I46     ; SCLK_TO_ROWCLK_BUF                                              ;
;   3.798 ;   0.467 ;    ; RE   ; 7      ; LAB_CLK_X16_Y44_N0_I5                 ; LAB_CLK                                                         ;
;   3.930 ;   0.132 ;    ; RE   ; 1      ; BLK_CLK_BUF_X17_Y44_N0_I5             ; BLK_CLK_BUF                                                     ;
;   3.990 ;   0.060 ;    ; RE   ; 1      ; ROWCLKSEL_PREBUF_X17_Y44_N0_I5        ; ROWCLKSEL_PREBUF                                                ;
;   4.032 ;   0.042 ;    ; RE   ; 1      ; ROWCLKSEL_X17_Y44_N0_I0               ; ROWCLKSEL                                                       ;
;   4.032 ;   0.000 ;    ; RE   ; 2      ; GLOBAL_LOCAL_SEL_X17_Y44_N0_I0        ; GLOBAL_LOCAL_SEL                                                ;
;   4.032 ;   0.000 ;    ; RE   ; 9      ; LAB_INPUT_X17_Y44_N0_I0               ; LAB_INPUT                                                       ;
;   4.032 ;   0.000 ; RR ; IC   ; 1      ; FF_X17_Y44_N25                        ; u_norm|u_norm|u_sqrt|root_work[30]|clk                          ;
;   4.582 ;   0.550 ; RR ; CELL ; 1      ; FF_X17_Y44_N25                        ; norm_dispatch:u_norm|norm:u_norm|isqrt_u64:u_sqrt|root_work[30] ;
; 5.093   ; 0.511   ;    ;      ;        ;                                       ; data path                                                       ;
;   4.582 ;   0.000 ;    ; uTco ; 1      ; FF_X17_Y44_N25                        ; norm_dispatch:u_norm|norm:u_norm|isqrt_u64:u_sqrt|root_work[30] ;
;   4.582 ;   0.000 ; FF ; CELL ; 3      ; FF_X17_Y44_N25                        ; u_norm|u_norm|u_sqrt|root_work[30]|q                            ;
;   4.632 ;   0.050 ;    ; RE   ; 1      ; FF_X17_Y44_N25                        ; ARRIAV_FF                                                       ;
;   4.706 ;   0.074 ;    ; RE   ; 2      ; LE_BUFFER_X17_Y44_N0_I16              ; LE_BUFFER                                                       ;
;   4.847 ;   0.141 ;    ; RE   ; 2      ; LOCAL_INTERCONNECT_X18_Y44_N0_I8      ; LAB_LINE                                                        ;
;   4.949 ;   0.102 ;    ; RE   ; 1      ; BLOCK_INPUT_MUX_X18_Y44_N0_I65        ; LEIM_INPUT                                                      ;
;   4.949 ;   0.000 ; FF ; IC   ; 1      ; LABCELL_X18_Y44_N48                   ; u_norm|u_norm|u_sqrt|root[31]~feeder|dataf                      ;
;   5.007 ;   0.058 ; FF ; CELL ; 1      ; LABCELL_X18_Y44_N48                   ; u_norm|u_norm|u_sqrt|root[31]~feeder|combout                    ;
;   5.007 ;   0.000 ;    ; RE   ; 1      ; LABCELL_X18_Y44_N48                   ; ARRIAV_LCELL_COMB                                               ;
;   5.007 ;   0.000 ; FF ; IC   ; 1      ; FF_X18_Y44_N49                        ; u_norm|u_norm|u_sqrt|root[31]|d                                 ;
;   5.093 ;   0.086 ; FF ; CELL ; 1      ; FF_X18_Y44_N49                        ; norm_dispatch:u_norm|norm:u_norm|isqrt_u64:u_sqrt|root[31]      ;
+---------+---------+----+------+--------+---------------------------------------+-----------------------------------------------------------------+

+----------------------------------------------------------------------------------------------------------------------------------------------+
; Data Required Path                                                                                                                           ;
+---------+----------+----+------+--------+---------------------------------------+------------------------------------------------------------+
; Total   ; Incr     ; RF ; Type ; Fanout ; Location                              ; Element                                                    ;
+---------+----------+----+------+--------+---------------------------------------+------------------------------------------------------------+
; 0.000   ; 0.000    ;    ;      ;        ;                                       ; latch edge time                                            ;
; 4.683   ; 4.683    ;    ;      ;        ;                                       ; clock path                                                 ;
;   0.000 ;   0.000  ;    ;      ;        ;                                       ; source latency                                             ;
;   0.000 ;   0.000  ;    ;      ; 1      ; PIN_N16                               ; clk                                                        ;
;   0.000 ;   0.000  ;    ; RE   ; 1      ; IOPAD_X89_Y35_N43                     ; ARRIAV_IO_PAD                                              ;
;   0.000 ;   0.000  ;    ; RE   ; 1      ; IO_PAD_OUTPUT_X89_Y35_N43_I1          ; IO_PAD_OUTPUT                                              ;
;   0.000 ;   0.000  ;    ; RE   ; 1      ; IO_INPUT_BUFFER_INPUT_X89_Y35_N44_I0  ; IO_INPUT_BUFFER_INPUT                                      ;
;   0.000 ;   0.000  ; RR ; IC   ; 1      ; IOIBUF_X89_Y35_N44                    ; clk~input|i                                                ;
;   0.989 ;   0.989  ; RR ; CELL ; 1      ; IOIBUF_X89_Y35_N44                    ; clk~input|o                                                ;
;   0.989 ;   0.000  ;    ; RE   ; 1      ; IOIBUF_X89_Y35_N44                    ; ARRIAV_IO_IBUF                                             ;
;   0.989 ;   0.000  ;    ; RE   ; 1      ; IO_INPUT_BUFFER_OUTPUT_X89_Y35_N44_I2 ; IO_INPUT_BUFFER_OUTPUT                                     ;
;   0.989 ;   0.000  ;    ; RE   ; 1      ; IO_RE_X89_Y35_N43_I96                 ; IO_RE                                                      ;
;   1.089 ;   0.100  ;    ; RE   ; 1      ; IO_RE_X89_Y35_N43_I66                 ; IO_RE                                                      ;
;   1.311 ;   0.222  ;    ; RE   ; 1      ; CLKBUF_CLUSTER_RE_X89_Y39_N3_I368     ; CLKBUF_CLUSTER_RE                                          ;
;   1.311 ;   0.000  ;    ; RE   ; 1      ; CLKBUF_CLUSTER_RE_X89_Y39_N3_I764     ; CLKBUF_CLUSTER_RE                                          ;
;   1.311 ;   0.000  ;    ; RE   ; 1      ; CLKBUF_CLUSTER_RE_X89_Y39_N3_I813     ; CLKBUF_CLUSTER_RE                                          ;
;   1.311 ;   0.000  ;    ; RE   ; 1      ; CLKBUF_CLUSTER_RE_X89_Y39_N3_I553     ; CLKBUF_CLUSTER_RE                                          ;
;   1.311 ;   0.000  ;    ; RE   ; 1      ; GCLK_CLUSTER_RE_X89_Y39_N6_I10        ; GCLK_CLUSTER_RE                                            ;
;   1.311 ;   0.000  ;    ; RE   ; 1      ; CLKBUFBLOCK_INPUT_X89_Y39_N7_I0       ; CLKBUFBLOCK_INPUT                                          ;
;   1.311 ;   0.000  ; RR ; IC   ; 1      ; CLKCTRL_G9                            ; clk~inputCLKENA0|inclk                                     ;
;   1.849 ;   0.538  ; RR ; CELL ; 7412   ; CLKCTRL_G9                            ; clk~inputCLKENA0|outclk                                    ;
;   1.849 ;   0.000  ;    ; RE   ; 1      ; CLKCTRL_G9                            ; ARRIAV_CLKBUF                                              ;
;   1.849 ;   0.000  ;    ; RE   ; 1      ; CLKBUFBLOCK_OUTPUT_X89_Y39_N7_I2      ; CLKBUFBLOCK_OUTPUT                                         ;
;   1.849 ;   0.000  ;    ; RE   ; 1      ; GCLK_CLUSTER_RE_X89_Y39_N6_I12        ; GCLK_CLUSTER_RE                                            ;
;   1.849 ;   0.000  ;    ; RE   ; 1      ; CLKBUF_CLUSTER_RE_X89_Y39_N3_I416     ; CLKBUF_CLUSTER_RE                                          ;
;   2.704 ;   0.855  ;    ; RE   ; 8      ; GLOBAL_CLOCK_X0_Y36_N0_I9             ; GLOBAL_CLOCK                                               ;
;   2.873 ;   0.169  ;    ; RE   ; 13     ; SPINE_CLOCK_X15_Y37_N0_I7             ; SPINE_CLOCK                                                ;
;   3.348 ;   0.475  ;    ; RE   ; 1      ; SCLK_TO_ROWCLK_BUF_X15_Y44_N0_I43     ; SCLK_TO_ROWCLK_BUF                                         ;
;   3.438 ;   0.090  ;    ; RE   ; 1      ; SCLK_TO_ROWCLK_BUF_X15_Y44_N0_I46     ; SCLK_TO_ROWCLK_BUF                                         ;
;   3.924 ;   0.486  ;    ; RE   ; 7      ; LAB_CLK_X16_Y44_N0_I5                 ; LAB_CLK                                                    ;
;   4.067 ;   0.143  ;    ; RE   ; 1      ; BLK_CLK_BUF_X18_Y44_N0_I5             ; BLK_CLK_BUF                                                ;
;   4.129 ;   0.062  ;    ; RE   ; 1      ; ROWCLKSEL_PREBUF_X18_Y44_N0_I5        ; ROWCLKSEL_PREBUF                                           ;
;   4.175 ;   0.046  ;    ; RE   ; 1      ; ROWCLKSEL_X18_Y44_N0_I0               ; ROWCLKSEL                                                  ;
;   4.175 ;   0.000  ;    ; RE   ; 2      ; GLOBAL_LOCAL_SEL_X18_Y44_N0_I0        ; GLOBAL_LOCAL_SEL                                           ;
;   4.175 ;   0.000  ;    ; RE   ; 5      ; LAB_INPUT_X18_Y44_N0_I2               ; LAB_INPUT                                                  ;
;   4.175 ;   0.000  ; RR ; IC   ; 1      ; FF_X18_Y44_N49                        ; u_norm|u_norm|u_sqrt|root[31]|clk                          ;
;   4.790 ;   0.615  ; RR ; CELL ; 1      ; FF_X18_Y44_N49                        ; norm_dispatch:u_norm|norm:u_norm|isqrt_u64:u_sqrt|root[31] ;
;   4.683 ;   -0.107 ;    ;      ;        ;                                       ; clock pessimism removed                                    ;
; 4.683   ; 0.000    ;    ;      ;        ;                                       ; clock uncertainty                                          ;
; 4.683   ; 0.000    ;    ; uTh  ; 1      ; FF_X18_Y44_N49                        ; norm_dispatch:u_norm|norm:u_norm|isqrt_u64:u_sqrt|root[31] ;
+---------+----------+----+------+--------+---------------------------------------+------------------------------------------------------------+

----------------------------
; Extra Fitter Information ;
----------------------------
HTML report is unavailable in plain text report export.


Path #32: Hold slack is 0.410 
===============================================================================
+------------------------------------------------------------------+
; Path Summary                                                     ;
+--------------------+---------------------------------------------+
; Property           ; Value                                       ;
+--------------------+---------------------------------------------+
; From Node          ; norm_dispatch:u_norm|norm:u_norm|sum_sq[25] ;
; To Node            ; norm_dispatch:u_norm|norm:u_norm|sum_sq[25] ;
; Launch Clock       ; clk                                         ;
; Latch Clock        ; clk                                         ;
; Data Arrival Time  ; 5.118                                       ;
; Data Required Time ; 4.708                                       ;
; Slack              ; 0.410                                       ;
+--------------------+---------------------------------------------+

+-----------------------------------------------------------------------------------+
; Statistics                                                                        ;
+------------------------+-------+-------+-------------+------------+-------+-------+
; Property               ; Value ; Count ; Total Delay ; % of Total ; Min   ; Max   ;
+------------------------+-------+-------+-------------+------------+-------+-------+
; Hold Relationship      ; 0.000 ;       ;             ;            ;       ;       ;
; Clock Skew             ; 0.113 ;       ;             ;            ;       ;       ;
; Data Delay             ; 0.523 ;       ;             ;            ;       ;       ;
; Number of Logic Levels ;       ; 1     ;             ;            ;       ;       ;
; Physical Delays        ;       ;       ;             ;            ;       ;       ;
;  Arrival Path          ;       ;       ;             ;            ;       ;       ;
;   Clock                ;       ;       ;             ;            ;       ;       ;
;    IC                  ;       ; 3     ; 0.001       ; 0          ; 0.000 ; 0.001 ;
;    Cell                ;       ; 3     ; 2.019       ; 44         ; 0.505 ; 0.989 ;
;    Routing Element     ;       ; 27    ; 2.575       ; 56         ; 0.000 ; 0.826 ;
;   Data                 ;       ;       ;             ;            ;       ;       ;
;    IC                  ;       ; 2     ; 0.000       ; 0          ; 0.000 ; 0.000 ;
;    Cell                ;       ; 3     ; 0.166       ; 32         ; 0.000 ; 0.085 ;
;    uTco                ;       ; 1     ; 0.000       ; 0          ; 0.000 ; 0.000 ;
;    Routing Element     ;       ; 5     ; 0.357       ; 68         ; 0.000 ; 0.133 ;
;  Required Path         ;       ;       ;             ;            ;       ;       ;
;   Clock                ;       ;       ;             ;            ;       ;       ;
;    IC                  ;       ; 3     ; 0.000       ; 0          ; 0.000 ; 0.000 ;
;    Cell                ;       ; 3     ; 2.129       ; 44         ; 0.538 ; 0.989 ;
;    Routing Element     ;       ; 27    ; 2.687       ; 56         ; 0.000 ; 0.859 ;
+------------------------+-------+-------+-------------+------------+-------+-------+
Note: Negative delays are omitted from totals when calculating percentages

+------------------------------------------------------------------------------------------------------------------------------+
; Data Arrival Path                                                                                                            ;
+---------+---------+----+------+--------+---------------------------------------+---------------------------------------------+
; Total   ; Incr    ; RF ; Type ; Fanout ; Location                              ; Element                                     ;
+---------+---------+----+------+--------+---------------------------------------+---------------------------------------------+
; 0.000   ; 0.000   ;    ;      ;        ;                                       ; launch edge time                            ;
; 4.595   ; 4.595   ;    ;      ;        ;                                       ; clock path                                  ;
;   0.000 ;   0.000 ;    ;      ;        ;                                       ; source latency                              ;
;   0.000 ;   0.000 ;    ;      ; 1      ; PIN_N16                               ; clk                                         ;
;   0.000 ;   0.000 ;    ; RE   ; 1      ; IOPAD_X89_Y35_N43                     ; ARRIAV_IO_PAD                               ;
;   0.000 ;   0.000 ;    ; RE   ; 1      ; IO_PAD_OUTPUT_X89_Y35_N43_I1          ; IO_PAD_OUTPUT                               ;
;   0.000 ;   0.000 ;    ; RE   ; 1      ; IO_INPUT_BUFFER_INPUT_X89_Y35_N44_I0  ; IO_INPUT_BUFFER_INPUT                       ;
;   0.000 ;   0.000 ; RR ; IC   ; 1      ; IOIBUF_X89_Y35_N44                    ; clk~input|i                                 ;
;   0.989 ;   0.989 ; RR ; CELL ; 1      ; IOIBUF_X89_Y35_N44                    ; clk~input|o                                 ;
;   0.989 ;   0.000 ;    ; RE   ; 1      ; IOIBUF_X89_Y35_N44                    ; ARRIAV_IO_IBUF                              ;
;   0.989 ;   0.000 ;    ; RE   ; 1      ; IO_INPUT_BUFFER_OUTPUT_X89_Y35_N44_I2 ; IO_INPUT_BUFFER_OUTPUT                      ;
;   0.989 ;   0.000 ;    ; RE   ; 1      ; IO_RE_X89_Y35_N43_I96                 ; IO_RE                                       ;
;   1.084 ;   0.095 ;    ; RE   ; 1      ; IO_RE_X89_Y35_N43_I66                 ; IO_RE                                       ;
;   1.296 ;   0.212 ;    ; RE   ; 1      ; CLKBUF_CLUSTER_RE_X89_Y39_N3_I368     ; CLKBUF_CLUSTER_RE                           ;
;   1.296 ;   0.000 ;    ; RE   ; 1      ; CLKBUF_CLUSTER_RE_X89_Y39_N3_I764     ; CLKBUF_CLUSTER_RE                           ;
;   1.296 ;   0.000 ;    ; RE   ; 1      ; CLKBUF_CLUSTER_RE_X89_Y39_N3_I813     ; CLKBUF_CLUSTER_RE                           ;
;   1.296 ;   0.000 ;    ; RE   ; 1      ; CLKBUF_CLUSTER_RE_X89_Y39_N3_I553     ; CLKBUF_CLUSTER_RE                           ;
;   1.296 ;   0.000 ;    ; RE   ; 1      ; GCLK_CLUSTER_RE_X89_Y39_N6_I10        ; GCLK_CLUSTER_RE                             ;
;   1.296 ;   0.000 ;    ; RE   ; 1      ; CLKBUFBLOCK_INPUT_X89_Y39_N7_I0       ; CLKBUFBLOCK_INPUT                           ;
;   1.296 ;   0.000 ; RR ; IC   ; 1      ; CLKCTRL_G9                            ; clk~inputCLKENA0|inclk                      ;
;   1.801 ;   0.505 ; RR ; CELL ; 7412   ; CLKCTRL_G9                            ; clk~inputCLKENA0|outclk                     ;
;   1.801 ;   0.000 ;    ; RE   ; 1      ; CLKCTRL_G9                            ; ARRIAV_CLKBUF                               ;
;   1.801 ;   0.000 ;    ; RE   ; 1      ; CLKBUFBLOCK_OUTPUT_X89_Y39_N7_I2      ; CLKBUFBLOCK_OUTPUT                          ;
;   1.801 ;   0.000 ;    ; RE   ; 1      ; GCLK_CLUSTER_RE_X89_Y39_N6_I12        ; GCLK_CLUSTER_RE                             ;
;   1.801 ;   0.000 ;    ; RE   ; 1      ; CLKBUF_CLUSTER_RE_X89_Y39_N3_I416     ; CLKBUF_CLUSTER_RE                           ;
;   2.627 ;   0.826 ;    ; RE   ; 8      ; GLOBAL_CLOCK_X0_Y36_N0_I9             ; GLOBAL_CLOCK                                ;
;   2.787 ;   0.160 ;    ; RE   ; 13     ; SPINE_CLOCK_X33_Y37_N0_I7             ; SPINE_CLOCK                                 ;
;   3.245 ;   0.458 ;    ; RE   ; 1      ; SCLK_TO_ROWCLK_BUF_X33_Y47_N0_I43     ; SCLK_TO_ROWCLK_BUF                          ;
;   3.342 ;   0.097 ;    ; RE   ; 2      ; SCLK_TO_ROWCLK_BUF_X33_Y47_N0_I46     ; SCLK_TO_ROWCLK_BUF                          ;
;   3.825 ;   0.483 ;    ; RE   ; 3      ; LAB_CLK_X25_Y47_N0_I5                 ; LAB_CLK                                     ;
;   3.964 ;   0.139 ;    ; RE   ; 1      ; BLK_CLK_BUF_X28_Y47_N0_I5             ; BLK_CLK_BUF                                 ;
;   4.026 ;   0.062 ;    ; RE   ; 1      ; ROWCLKSEL_PREBUF_X28_Y47_N0_I5        ; ROWCLKSEL_PREBUF                            ;
;   4.069 ;   0.043 ;    ; RE   ; 1      ; ROWCLKSEL_X28_Y47_N0_I0               ; ROWCLKSEL                                   ;
;   4.069 ;   0.000 ;    ; RE   ; 1      ; GLOBAL_LOCAL_SEL_X28_Y47_N0_I0        ; GLOBAL_LOCAL_SEL                            ;
;   4.069 ;   0.000 ;    ; RE   ; 17     ; LAB_INPUT_X28_Y47_N0_I0               ; LAB_INPUT                                   ;
;   4.070 ;   0.001 ; RR ; IC   ; 1      ; FF_X28_Y47_N16                        ; u_norm|u_norm|sum_sq[25]|clk                ;
;   4.595 ;   0.525 ; RR ; CELL ; 1      ; FF_X28_Y47_N16                        ; norm_dispatch:u_norm|norm:u_norm|sum_sq[25] ;
; 5.118   ; 0.523   ;    ;      ;        ;                                       ; data path                                   ;
;   4.595 ;   0.000 ;    ; uTco ; 1      ; FF_X28_Y47_N16                        ; norm_dispatch:u_norm|norm:u_norm|sum_sq[25] ;
;   4.595 ;   0.000 ; FF ; CELL ; 3      ; FF_X28_Y47_N16                        ; u_norm|u_norm|sum_sq[25]|q                  ;
;   4.645 ;   0.050 ;    ; RE   ; 1      ; FF_X28_Y47_N16                        ; ARRIAV_FF                                   ;
;   4.702 ;   0.057 ;    ; RE   ; 2      ; LE_BUFFER_X28_Y47_N0_I10              ; LE_BUFFER                                   ;
;   4.835 ;   0.133 ;    ; RE   ; 1      ; LOCAL_INTERCONNECT_X28_Y47_N0_I35     ; LAB_LINE                                    ;
;   4.952 ;   0.117 ;    ; RE   ; 1      ; BLOCK_INPUT_MUX_X28_Y47_N0_I23        ; LEIM_INPUT                                  ;
;   4.952 ;   0.000 ; FF ; IC   ; 2      ; MLABCELL_X28_Y47_N15                  ; u_norm|u_norm|Add24~29|dataf                ;
;   5.033 ;   0.081 ; FF ; CELL ; 1      ; MLABCELL_X28_Y47_N15                  ; u_norm|u_norm|Add24~29|sumout               ;
;   5.033 ;   0.000 ;    ; RE   ; 2      ; MLABCELL_X28_Y47_N15                  ; ARRIAV_LCELL_COMB                           ;
;   5.033 ;   0.000 ; FF ; IC   ; 1      ; FF_X28_Y47_N16                        ; u_norm|u_norm|sum_sq[25]|d                  ;
;   5.118 ;   0.085 ; FF ; CELL ; 1      ; FF_X28_Y47_N16                        ; norm_dispatch:u_norm|norm:u_norm|sum_sq[25] ;
+---------+---------+----+------+--------+---------------------------------------+---------------------------------------------+

+-------------------------------------------------------------------------------------------------------------------------------+
; Data Required Path                                                                                                            ;
+---------+----------+----+------+--------+---------------------------------------+---------------------------------------------+
; Total   ; Incr     ; RF ; Type ; Fanout ; Location                              ; Element                                     ;
+---------+----------+----+------+--------+---------------------------------------+---------------------------------------------+
; 0.000   ; 0.000    ;    ;      ;        ;                                       ; latch edge time                             ;
; 4.708   ; 4.708    ;    ;      ;        ;                                       ; clock path                                  ;
;   0.000 ;   0.000  ;    ;      ;        ;                                       ; source latency                              ;
;   0.000 ;   0.000  ;    ;      ; 1      ; PIN_N16                               ; clk                                         ;
;   0.000 ;   0.000  ;    ; RE   ; 1      ; IOPAD_X89_Y35_N43                     ; ARRIAV_IO_PAD                               ;
;   0.000 ;   0.000  ;    ; RE   ; 1      ; IO_PAD_OUTPUT_X89_Y35_N43_I1          ; IO_PAD_OUTPUT                               ;
;   0.000 ;   0.000  ;    ; RE   ; 1      ; IO_INPUT_BUFFER_INPUT_X89_Y35_N44_I0  ; IO_INPUT_BUFFER_INPUT                       ;
;   0.000 ;   0.000  ; RR ; IC   ; 1      ; IOIBUF_X89_Y35_N44                    ; clk~input|i                                 ;
;   0.989 ;   0.989  ; RR ; CELL ; 1      ; IOIBUF_X89_Y35_N44                    ; clk~input|o                                 ;
;   0.989 ;   0.000  ;    ; RE   ; 1      ; IOIBUF_X89_Y35_N44                    ; ARRIAV_IO_IBUF                              ;
;   0.989 ;   0.000  ;    ; RE   ; 1      ; IO_INPUT_BUFFER_OUTPUT_X89_Y35_N44_I2 ; IO_INPUT_BUFFER_OUTPUT                      ;
;   0.989 ;   0.000  ;    ; RE   ; 1      ; IO_RE_X89_Y35_N43_I96                 ; IO_RE                                       ;
;   1.089 ;   0.100  ;    ; RE   ; 1      ; IO_RE_X89_Y35_N43_I66                 ; IO_RE                                       ;
;   1.311 ;   0.222  ;    ; RE   ; 1      ; CLKBUF_CLUSTER_RE_X89_Y39_N3_I368     ; CLKBUF_CLUSTER_RE                           ;
;   1.311 ;   0.000  ;    ; RE   ; 1      ; CLKBUF_CLUSTER_RE_X89_Y39_N3_I764     ; CLKBUF_CLUSTER_RE                           ;
;   1.311 ;   0.000  ;    ; RE   ; 1      ; CLKBUF_CLUSTER_RE_X89_Y39_N3_I813     ; CLKBUF_CLUSTER_RE                           ;
;   1.311 ;   0.000  ;    ; RE   ; 1      ; CLKBUF_CLUSTER_RE_X89_Y39_N3_I553     ; CLKBUF_CLUSTER_RE                           ;
;   1.311 ;   0.000  ;    ; RE   ; 1      ; GCLK_CLUSTER_RE_X89_Y39_N6_I10        ; GCLK_CLUSTER_RE                             ;
;   1.311 ;   0.000  ;    ; RE   ; 1      ; CLKBUFBLOCK_INPUT_X89_Y39_N7_I0       ; CLKBUFBLOCK_INPUT                           ;
;   1.311 ;   0.000  ; RR ; IC   ; 1      ; CLKCTRL_G9                            ; clk~inputCLKENA0|inclk                      ;
;   1.849 ;   0.538  ; RR ; CELL ; 7412   ; CLKCTRL_G9                            ; clk~inputCLKENA0|outclk                     ;
;   1.849 ;   0.000  ;    ; RE   ; 1      ; CLKCTRL_G9                            ; ARRIAV_CLKBUF                               ;
;   1.849 ;   0.000  ;    ; RE   ; 1      ; CLKBUFBLOCK_OUTPUT_X89_Y39_N7_I2      ; CLKBUFBLOCK_OUTPUT                          ;
;   1.849 ;   0.000  ;    ; RE   ; 1      ; GCLK_CLUSTER_RE_X89_Y39_N6_I12        ; GCLK_CLUSTER_RE                             ;
;   1.849 ;   0.000  ;    ; RE   ; 1      ; CLKBUF_CLUSTER_RE_X89_Y39_N3_I416     ; CLKBUF_CLUSTER_RE                           ;
;   2.708 ;   0.859  ;    ; RE   ; 8      ; GLOBAL_CLOCK_X0_Y36_N0_I9             ; GLOBAL_CLOCK                                ;
;   2.874 ;   0.166  ;    ; RE   ; 13     ; SPINE_CLOCK_X33_Y37_N0_I7             ; SPINE_CLOCK                                 ;
;   3.349 ;   0.475  ;    ; RE   ; 1      ; SCLK_TO_ROWCLK_BUF_X33_Y47_N0_I43     ; SCLK_TO_ROWCLK_BUF                          ;
;   3.450 ;   0.101  ;    ; RE   ; 2      ; SCLK_TO_ROWCLK_BUF_X33_Y47_N0_I46     ; SCLK_TO_ROWCLK_BUF                          ;
;   3.952 ;   0.502  ;    ; RE   ; 3      ; LAB_CLK_X25_Y47_N0_I5                 ; LAB_CLK                                     ;
;   4.103 ;   0.151  ;    ; RE   ; 1      ; BLK_CLK_BUF_X28_Y47_N0_I5             ; BLK_CLK_BUF                                 ;
;   4.167 ;   0.064  ;    ; RE   ; 1      ; ROWCLKSEL_PREBUF_X28_Y47_N0_I5        ; ROWCLKSEL_PREBUF                            ;
;   4.214 ;   0.047  ;    ; RE   ; 1      ; ROWCLKSEL_X28_Y47_N0_I0               ; ROWCLKSEL                                   ;
;   4.214 ;   0.000  ;    ; RE   ; 1      ; GLOBAL_LOCAL_SEL_X28_Y47_N0_I0        ; GLOBAL_LOCAL_SEL                            ;
;   4.214 ;   0.000  ;    ; RE   ; 17     ; LAB_INPUT_X28_Y47_N0_I0               ; LAB_INPUT                                   ;
;   4.214 ;   0.000  ; RR ; IC   ; 1      ; FF_X28_Y47_N16                        ; u_norm|u_norm|sum_sq[25]|clk                ;
;   4.816 ;   0.602  ; RR ; CELL ; 1      ; FF_X28_Y47_N16                        ; norm_dispatch:u_norm|norm:u_norm|sum_sq[25] ;
;   4.708 ;   -0.108 ;    ;      ;        ;                                       ; clock pessimism removed                     ;
; 4.708   ; 0.000    ;    ;      ;        ;                                       ; clock uncertainty                           ;
; 4.708   ; 0.000    ;    ; uTh  ; 1      ; FF_X28_Y47_N16                        ; norm_dispatch:u_norm|norm:u_norm|sum_sq[25] ;
+---------+----------+----+------+--------+---------------------------------------+---------------------------------------------+

----------------------------
; Extra Fitter Information ;
----------------------------
HTML report is unavailable in plain text report export.


Path #33: Hold slack is 0.411 
===============================================================================
+--------------------------------------------------------------------------+
; Path Summary                                                             ;
+--------------------+-----------------------------------------------------+
; Property           ; Value                                               ;
+--------------------+-----------------------------------------------------+
; From Node          ; rowwise_dispatch:u_row|rowwise_op:u_alu|state.ROUND ;
; To Node            ; rowwise_dispatch:u_row|rowwise_op:u_alu|state.PACK  ;
; Launch Clock       ; clk                                                 ;
; Latch Clock        ; clk                                                 ;
; Data Arrival Time  ; 5.135                                               ;
; Data Required Time ; 4.724                                               ;
; Slack              ; 0.411                                               ;
+--------------------+-----------------------------------------------------+

+------------------------------------------------------------------------------------+
; Statistics                                                                         ;
+------------------------+-------+-------+-------------+------------+--------+-------+
; Property               ; Value ; Count ; Total Delay ; % of Total ; Min    ; Max   ;
+------------------------+-------+-------+-------------+------------+--------+-------+
; Hold Relationship      ; 0.000 ;       ;             ;            ;        ;       ;
; Clock Skew             ; 0.087 ;       ;             ;            ;        ;       ;
; Data Delay             ; 0.498 ;       ;             ;            ;        ;       ;
; Number of Logic Levels ;       ; 1     ;             ;            ;        ;       ;
; Physical Delays        ;       ;       ;             ;            ;        ;       ;
;  Arrival Path          ;       ;       ;             ;            ;        ;       ;
;   Clock                ;       ;       ;             ;            ;        ;       ;
;    IC                  ;       ; 3     ; 0.000       ; 0          ; 0.000  ; 0.000 ;
;    Cell                ;       ; 3     ; 2.055       ; 44         ; 0.505  ; 0.989 ;
;    Routing Element     ;       ; 27    ; 2.582       ; 56         ; 0.000  ; 0.828 ;
;   Data                 ;       ;       ;             ;            ;        ;       ;
;    IC                  ;       ; 2     ; -0.001      ; 0          ; -0.001 ; 0.000 ;
;    Cell                ;       ; 3     ; 0.142       ; 28         ; 0.000  ; 0.085 ;
;    uTco                ;       ; 1     ; 0.000       ; 0          ; 0.000  ; 0.000 ;
;    Routing Element     ;       ; 5     ; 0.357       ; 72         ; 0.000  ; 0.132 ;
;  Required Path         ;       ;       ;             ;            ;        ;       ;
;   Clock                ;       ;       ;             ;            ;        ;       ;
;    IC                  ;       ; 3     ; -0.001      ; 0          ; -0.001 ; 0.000 ;
;    Cell                ;       ; 3     ; 2.139       ; 44         ; 0.538  ; 0.989 ;
;    Routing Element     ;       ; 27    ; 2.693       ; 56         ; 0.000  ; 0.859 ;
+------------------------+-------+-------+-------------+------------+--------+-------+
Note: Negative delays are omitted from totals when calculating percentages

+---------------------------------------------------------------------------------------------------------------------------------------+
; Data Arrival Path                                                                                                                     ;
+---------+----------+----+------+--------+---------------------------------------+-----------------------------------------------------+
; Total   ; Incr     ; RF ; Type ; Fanout ; Location                              ; Element                                             ;
+---------+----------+----+------+--------+---------------------------------------+-----------------------------------------------------+
; 0.000   ; 0.000    ;    ;      ;        ;                                       ; launch edge time                                    ;
; 4.637   ; 4.637    ;    ;      ;        ;                                       ; clock path                                          ;
;   0.000 ;   0.000  ;    ;      ;        ;                                       ; source latency                                      ;
;   0.000 ;   0.000  ;    ;      ; 1      ; PIN_N16                               ; clk                                                 ;
;   0.000 ;   0.000  ;    ; RE   ; 1      ; IOPAD_X89_Y35_N43                     ; ARRIAV_IO_PAD                                       ;
;   0.000 ;   0.000  ;    ; RE   ; 1      ; IO_PAD_OUTPUT_X89_Y35_N43_I1          ; IO_PAD_OUTPUT                                       ;
;   0.000 ;   0.000  ;    ; RE   ; 1      ; IO_INPUT_BUFFER_INPUT_X89_Y35_N44_I0  ; IO_INPUT_BUFFER_INPUT                               ;
;   0.000 ;   0.000  ; RR ; IC   ; 1      ; IOIBUF_X89_Y35_N44                    ; clk~input|i                                         ;
;   0.989 ;   0.989  ; RR ; CELL ; 1      ; IOIBUF_X89_Y35_N44                    ; clk~input|o                                         ;
;   0.989 ;   0.000  ;    ; RE   ; 1      ; IOIBUF_X89_Y35_N44                    ; ARRIAV_IO_IBUF                                      ;
;   0.989 ;   0.000  ;    ; RE   ; 1      ; IO_INPUT_BUFFER_OUTPUT_X89_Y35_N44_I2 ; IO_INPUT_BUFFER_OUTPUT                              ;
;   0.989 ;   0.000  ;    ; RE   ; 1      ; IO_RE_X89_Y35_N43_I96                 ; IO_RE                                               ;
;   1.084 ;   0.095  ;    ; RE   ; 1      ; IO_RE_X89_Y35_N43_I66                 ; IO_RE                                               ;
;   1.296 ;   0.212  ;    ; RE   ; 1      ; CLKBUF_CLUSTER_RE_X89_Y39_N3_I368     ; CLKBUF_CLUSTER_RE                                   ;
;   1.296 ;   0.000  ;    ; RE   ; 1      ; CLKBUF_CLUSTER_RE_X89_Y39_N3_I764     ; CLKBUF_CLUSTER_RE                                   ;
;   1.296 ;   0.000  ;    ; RE   ; 1      ; CLKBUF_CLUSTER_RE_X89_Y39_N3_I813     ; CLKBUF_CLUSTER_RE                                   ;
;   1.296 ;   0.000  ;    ; RE   ; 1      ; CLKBUF_CLUSTER_RE_X89_Y39_N3_I553     ; CLKBUF_CLUSTER_RE                                   ;
;   1.296 ;   0.000  ;    ; RE   ; 1      ; GCLK_CLUSTER_RE_X89_Y39_N6_I10        ; GCLK_CLUSTER_RE                                     ;
;   1.296 ;   0.000  ;    ; RE   ; 1      ; CLKBUFBLOCK_INPUT_X89_Y39_N7_I0       ; CLKBUFBLOCK_INPUT                                   ;
;   1.296 ;   0.000  ; RR ; IC   ; 1      ; CLKCTRL_G9                            ; clk~inputCLKENA0|inclk                              ;
;   1.801 ;   0.505  ; RR ; CELL ; 7412   ; CLKCTRL_G9                            ; clk~inputCLKENA0|outclk                             ;
;   1.801 ;   0.000  ;    ; RE   ; 1      ; CLKCTRL_G9                            ; ARRIAV_CLKBUF                                       ;
;   1.801 ;   0.000  ;    ; RE   ; 1      ; CLKBUFBLOCK_OUTPUT_X89_Y39_N7_I2      ; CLKBUFBLOCK_OUTPUT                                  ;
;   1.801 ;   0.000  ;    ; RE   ; 1      ; GCLK_CLUSTER_RE_X89_Y39_N6_I12        ; GCLK_CLUSTER_RE                                     ;
;   1.801 ;   0.000  ;    ; RE   ; 1      ; CLKBUF_CLUSTER_RE_X89_Y39_N3_I416     ; CLKBUF_CLUSTER_RE                                   ;
;   2.629 ;   0.828  ;    ; RE   ; 8      ; GLOBAL_CLOCK_X0_Y36_N0_I9             ; GLOBAL_CLOCK                                        ;
;   2.792 ;   0.163  ;    ; RE   ; 12     ; SPINE_CLOCK_X55_Y37_N0_I22            ; SPINE_CLOCK                                         ;
;   3.249 ;   0.457  ;    ; RE   ; 1      ; SCLK_TO_ROWCLK_BUF_X55_Y44_N0_I133    ; SCLK_TO_ROWCLK_BUF                                  ;
;   3.346 ;   0.097  ;    ; RE   ; 2      ; SCLK_TO_ROWCLK_BUF_X55_Y44_N0_I136    ; SCLK_TO_ROWCLK_BUF                                  ;
;   3.831 ;   0.485  ;    ; RE   ; 6      ; LAB_CLK_X56_Y44_N0_I5                 ; LAB_CLK                                             ;
;   3.971 ;   0.140  ;    ; RE   ; 1      ; BLK_CLK_BUF_X62_Y44_N0_I5             ; BLK_CLK_BUF                                         ;
;   4.033 ;   0.062  ;    ; RE   ; 1      ; ROWCLKSEL_PREBUF_X62_Y44_N0_I5        ; ROWCLKSEL_PREBUF                                    ;
;   4.076 ;   0.043  ;    ; RE   ; 1      ; ROWCLKSEL_X62_Y44_N0_I1               ; ROWCLKSEL                                           ;
;   4.076 ;   0.000  ;    ; RE   ; 2      ; GLOBAL_LOCAL_SEL_X62_Y44_N0_I1        ; GLOBAL_LOCAL_SEL                                    ;
;   4.076 ;   0.000  ;    ; RE   ; 5      ; LAB_INPUT_X62_Y44_N0_I0               ; LAB_INPUT                                           ;
;   4.076 ;   0.000  ; RR ; IC   ; 1      ; FF_X62_Y44_N13                        ; u_row|u_alu|state.ROUND|clk                         ;
;   4.637 ;   0.561  ; RR ; CELL ; 1      ; FF_X62_Y44_N13                        ; rowwise_dispatch:u_row|rowwise_op:u_alu|state.ROUND ;
; 5.135   ; 0.498    ;    ;      ;        ;                                       ; data path                                           ;
;   4.637 ;   0.000  ;    ; uTco ; 1      ; FF_X62_Y44_N13                        ; rowwise_dispatch:u_row|rowwise_op:u_alu|state.ROUND ;
;   4.637 ;   0.000  ; FF ; CELL ; 3      ; FF_X62_Y44_N13                        ; u_row|u_alu|state.ROUND|q                           ;
;   4.687 ;   0.050  ;    ; RE   ; 2      ; FF_X62_Y44_N13                        ; ARRIAV_FF                                           ;
;   4.737 ;   0.050  ;    ; RE   ; 1      ; LE_BUFFER_X62_Y44_N0_I8               ; LE_BUFFER                                           ;
;   4.869 ;   0.132  ;    ; RE   ; 2      ; LOCAL_INTERCONNECT_X62_Y44_N0_I35     ; LAB_LINE                                            ;
;   4.994 ;   0.125  ;    ; RE   ; 1      ; BLOCK_INPUT_MUX_X62_Y44_N0_I7         ; LEIM_INPUT                                          ;
;   4.993 ;   -0.001 ; FF ; IC   ; 1      ; LABCELL_X62_Y44_N3                    ; u_row|u_alu|state~18|dataf                          ;
;   5.050 ;   0.057  ; FF ; CELL ; 1      ; LABCELL_X62_Y44_N3                    ; u_row|u_alu|state~18|combout                        ;
;   5.050 ;   0.000  ;    ; RE   ; 1      ; LABCELL_X62_Y44_N3                    ; ARRIAV_LCELL_COMB                                   ;
;   5.050 ;   0.000  ; FF ; IC   ; 1      ; FF_X62_Y44_N4                         ; u_row|u_alu|state.PACK|d                            ;
;   5.135 ;   0.085  ; FF ; CELL ; 1      ; FF_X62_Y44_N4                         ; rowwise_dispatch:u_row|rowwise_op:u_alu|state.PACK  ;
+---------+----------+----+------+--------+---------------------------------------+-----------------------------------------------------+

+--------------------------------------------------------------------------------------------------------------------------------------+
; Data Required Path                                                                                                                   ;
+---------+----------+----+------+--------+---------------------------------------+----------------------------------------------------+
; Total   ; Incr     ; RF ; Type ; Fanout ; Location                              ; Element                                            ;
+---------+----------+----+------+--------+---------------------------------------+----------------------------------------------------+
; 0.000   ; 0.000    ;    ;      ;        ;                                       ; latch edge time                                    ;
; 4.724   ; 4.724    ;    ;      ;        ;                                       ; clock path                                         ;
;   0.000 ;   0.000  ;    ;      ;        ;                                       ; source latency                                     ;
;   0.000 ;   0.000  ;    ;      ; 1      ; PIN_N16                               ; clk                                                ;
;   0.000 ;   0.000  ;    ; RE   ; 1      ; IOPAD_X89_Y35_N43                     ; ARRIAV_IO_PAD                                      ;
;   0.000 ;   0.000  ;    ; RE   ; 1      ; IO_PAD_OUTPUT_X89_Y35_N43_I1          ; IO_PAD_OUTPUT                                      ;
;   0.000 ;   0.000  ;    ; RE   ; 1      ; IO_INPUT_BUFFER_INPUT_X89_Y35_N44_I0  ; IO_INPUT_BUFFER_INPUT                              ;
;   0.000 ;   0.000  ; RR ; IC   ; 1      ; IOIBUF_X89_Y35_N44                    ; clk~input|i                                        ;
;   0.989 ;   0.989  ; RR ; CELL ; 1      ; IOIBUF_X89_Y35_N44                    ; clk~input|o                                        ;
;   0.989 ;   0.000  ;    ; RE   ; 1      ; IOIBUF_X89_Y35_N44                    ; ARRIAV_IO_IBUF                                     ;
;   0.989 ;   0.000  ;    ; RE   ; 1      ; IO_INPUT_BUFFER_OUTPUT_X89_Y35_N44_I2 ; IO_INPUT_BUFFER_OUTPUT                             ;
;   0.989 ;   0.000  ;    ; RE   ; 1      ; IO_RE_X89_Y35_N43_I96                 ; IO_RE                                              ;
;   1.089 ;   0.100  ;    ; RE   ; 1      ; IO_RE_X89_Y35_N43_I66                 ; IO_RE                                              ;
;   1.311 ;   0.222  ;    ; RE   ; 1      ; CLKBUF_CLUSTER_RE_X89_Y39_N3_I368     ; CLKBUF_CLUSTER_RE                                  ;
;   1.311 ;   0.000  ;    ; RE   ; 1      ; CLKBUF_CLUSTER_RE_X89_Y39_N3_I764     ; CLKBUF_CLUSTER_RE                                  ;
;   1.311 ;   0.000  ;    ; RE   ; 1      ; CLKBUF_CLUSTER_RE_X89_Y39_N3_I813     ; CLKBUF_CLUSTER_RE                                  ;
;   1.311 ;   0.000  ;    ; RE   ; 1      ; CLKBUF_CLUSTER_RE_X89_Y39_N3_I553     ; CLKBUF_CLUSTER_RE                                  ;
;   1.311 ;   0.000  ;    ; RE   ; 1      ; GCLK_CLUSTER_RE_X89_Y39_N6_I10        ; GCLK_CLUSTER_RE                                    ;
;   1.311 ;   0.000  ;    ; RE   ; 1      ; CLKBUFBLOCK_INPUT_X89_Y39_N7_I0       ; CLKBUFBLOCK_INPUT                                  ;
;   1.311 ;   0.000  ; RR ; IC   ; 1      ; CLKCTRL_G9                            ; clk~inputCLKENA0|inclk                             ;
;   1.849 ;   0.538  ; RR ; CELL ; 7412   ; CLKCTRL_G9                            ; clk~inputCLKENA0|outclk                            ;
;   1.849 ;   0.000  ;    ; RE   ; 1      ; CLKCTRL_G9                            ; ARRIAV_CLKBUF                                      ;
;   1.849 ;   0.000  ;    ; RE   ; 1      ; CLKBUFBLOCK_OUTPUT_X89_Y39_N7_I2      ; CLKBUFBLOCK_OUTPUT                                 ;
;   1.849 ;   0.000  ;    ; RE   ; 1      ; GCLK_CLUSTER_RE_X89_Y39_N6_I12        ; GCLK_CLUSTER_RE                                    ;
;   1.849 ;   0.000  ;    ; RE   ; 1      ; CLKBUF_CLUSTER_RE_X89_Y39_N3_I416     ; CLKBUF_CLUSTER_RE                                  ;
;   2.708 ;   0.859  ;    ; RE   ; 8      ; GLOBAL_CLOCK_X0_Y36_N0_I9             ; GLOBAL_CLOCK                                       ;
;   2.877 ;   0.169  ;    ; RE   ; 12     ; SPINE_CLOCK_X55_Y37_N0_I22            ; SPINE_CLOCK                                        ;
;   3.352 ;   0.475  ;    ; RE   ; 1      ; SCLK_TO_ROWCLK_BUF_X55_Y44_N0_I133    ; SCLK_TO_ROWCLK_BUF                                 ;
;   3.453 ;   0.101  ;    ; RE   ; 2      ; SCLK_TO_ROWCLK_BUF_X55_Y44_N0_I136    ; SCLK_TO_ROWCLK_BUF                                 ;
;   3.957 ;   0.504  ;    ; RE   ; 6      ; LAB_CLK_X56_Y44_N0_I5                 ; LAB_CLK                                            ;
;   4.109 ;   0.152  ;    ; RE   ; 1      ; BLK_CLK_BUF_X62_Y44_N0_I5             ; BLK_CLK_BUF                                        ;
;   4.173 ;   0.064  ;    ; RE   ; 1      ; ROWCLKSEL_PREBUF_X62_Y44_N0_I5        ; ROWCLKSEL_PREBUF                                   ;
;   4.220 ;   0.047  ;    ; RE   ; 1      ; ROWCLKSEL_X62_Y44_N0_I1               ; ROWCLKSEL                                          ;
;   4.220 ;   0.000  ;    ; RE   ; 2      ; GLOBAL_LOCAL_SEL_X62_Y44_N0_I1        ; GLOBAL_LOCAL_SEL                                   ;
;   4.220 ;   0.000  ;    ; RE   ; 5      ; LAB_INPUT_X62_Y44_N0_I0               ; LAB_INPUT                                          ;
;   4.219 ;   -0.001 ; RR ; IC   ; 1      ; FF_X62_Y44_N4                         ; u_row|u_alu|state.PACK|clk                         ;
;   4.831 ;   0.612  ; RR ; CELL ; 1      ; FF_X62_Y44_N4                         ; rowwise_dispatch:u_row|rowwise_op:u_alu|state.PACK ;
;   4.724 ;   -0.107 ;    ;      ;        ;                                       ; clock pessimism removed                            ;
; 4.724   ; 0.000    ;    ;      ;        ;                                       ; clock uncertainty                                  ;
; 4.724   ; 0.000    ;    ; uTh  ; 1      ; FF_X62_Y44_N4                         ; rowwise_dispatch:u_row|rowwise_op:u_alu|state.PACK ;
+---------+----------+----+------+--------+---------------------------------------+----------------------------------------------------+

----------------------------
; Extra Fitter Information ;
----------------------------
HTML report is unavailable in plain text report export.


Path #34: Hold slack is 0.411 
===============================================================================
+-------------------------------------------------------------------------------------------+
; Path Summary                                                                              ;
+--------------------+----------------------------------------------------------------------+
; Property           ; Value                                                                ;
+--------------------+----------------------------------------------------------------------+
; From Node          ; norm_dispatch:u_norm|norm:u_norm|isqrt_u64:u_sqrt|root_work[28]      ;
; To Node            ; norm_dispatch:u_norm|norm:u_norm|isqrt_u64:u_sqrt|remainder_work[30] ;
; Launch Clock       ; clk                                                                  ;
; Latch Clock        ; clk                                                                  ;
; Data Arrival Time  ; 5.100                                                                ;
; Data Required Time ; 4.689                                                                ;
; Slack              ; 0.411                                                                ;
+--------------------+----------------------------------------------------------------------+

+-----------------------------------------------------------------------------------+
; Statistics                                                                        ;
+------------------------+-------+-------+-------------+------------+-------+-------+
; Property               ; Value ; Count ; Total Delay ; % of Total ; Min   ; Max   ;
+------------------------+-------+-------+-------------+------------+-------+-------+
; Hold Relationship      ; 0.000 ;       ;             ;            ;       ;       ;
; Clock Skew             ; 0.116 ;       ;             ;            ;       ;       ;
; Data Delay             ; 0.527 ;       ;             ;            ;       ;       ;
; Number of Logic Levels ;       ; 1     ;             ;            ;       ;       ;
; Physical Delays        ;       ;       ;             ;            ;       ;       ;
;  Arrival Path          ;       ;       ;             ;            ;       ;       ;
;   Clock                ;       ;       ;             ;            ;       ;       ;
;    IC                  ;       ; 3     ; 0.000       ; 0          ; 0.000 ; 0.000 ;
;    Cell                ;       ; 3     ; 2.035       ; 45         ; 0.505 ; 0.989 ;
;    Routing Element     ;       ; 27    ; 2.538       ; 55         ; 0.000 ; 0.823 ;
;   Data                 ;       ;       ;             ;            ;       ;       ;
;    IC                  ;       ; 2     ; 0.000       ; 0          ; 0.000 ; 0.000 ;
;    Cell                ;       ; 3     ; 0.170       ; 32         ; 0.000 ; 0.087 ;
;    uTco                ;       ; 1     ; 0.000       ; 0          ; 0.000 ; 0.000 ;
;    Routing Element     ;       ; 5     ; 0.357       ; 68         ; 0.000 ; 0.136 ;
;  Required Path         ;       ;       ;             ;            ;       ;       ;
;   Clock                ;       ;       ;             ;            ;       ;       ;
;    IC                  ;       ; 3     ; 0.000       ; 0          ; 0.000 ; 0.000 ;
;    Cell                ;       ; 3     ; 2.148       ; 45         ; 0.538 ; 0.989 ;
;    Routing Element     ;       ; 27    ; 2.648       ; 55         ; 0.000 ; 0.855 ;
+------------------------+-------+-------+-------------+------------+-------+-------+
Note: Negative delays are omitted from totals when calculating percentages

+-------------------------------------------------------------------------------------------------------------------------------------------------------+
; Data Arrival Path                                                                                                                                     ;
+---------+---------+----+------+--------+---------------------------------------+----------------------------------------------------------------------+
; Total   ; Incr    ; RF ; Type ; Fanout ; Location                              ; Element                                                              ;
+---------+---------+----+------+--------+---------------------------------------+----------------------------------------------------------------------+
; 0.000   ; 0.000   ;    ;      ;        ;                                       ; launch edge time                                                     ;
; 4.573   ; 4.573   ;    ;      ;        ;                                       ; clock path                                                           ;
;   0.000 ;   0.000 ;    ;      ;        ;                                       ; source latency                                                       ;
;   0.000 ;   0.000 ;    ;      ; 1      ; PIN_N16                               ; clk                                                                  ;
;   0.000 ;   0.000 ;    ; RE   ; 1      ; IOPAD_X89_Y35_N43                     ; ARRIAV_IO_PAD                                                        ;
;   0.000 ;   0.000 ;    ; RE   ; 1      ; IO_PAD_OUTPUT_X89_Y35_N43_I1          ; IO_PAD_OUTPUT                                                        ;
;   0.000 ;   0.000 ;    ; RE   ; 1      ; IO_INPUT_BUFFER_INPUT_X89_Y35_N44_I0  ; IO_INPUT_BUFFER_INPUT                                                ;
;   0.000 ;   0.000 ; RR ; IC   ; 1      ; IOIBUF_X89_Y35_N44                    ; clk~input|i                                                          ;
;   0.989 ;   0.989 ; RR ; CELL ; 1      ; IOIBUF_X89_Y35_N44                    ; clk~input|o                                                          ;
;   0.989 ;   0.000 ;    ; RE   ; 1      ; IOIBUF_X89_Y35_N44                    ; ARRIAV_IO_IBUF                                                       ;
;   0.989 ;   0.000 ;    ; RE   ; 1      ; IO_INPUT_BUFFER_OUTPUT_X89_Y35_N44_I2 ; IO_INPUT_BUFFER_OUTPUT                                               ;
;   0.989 ;   0.000 ;    ; RE   ; 1      ; IO_RE_X89_Y35_N43_I96                 ; IO_RE                                                                ;
;   1.084 ;   0.095 ;    ; RE   ; 1      ; IO_RE_X89_Y35_N43_I66                 ; IO_RE                                                                ;
;   1.296 ;   0.212 ;    ; RE   ; 1      ; CLKBUF_CLUSTER_RE_X89_Y39_N3_I368     ; CLKBUF_CLUSTER_RE                                                    ;
;   1.296 ;   0.000 ;    ; RE   ; 1      ; CLKBUF_CLUSTER_RE_X89_Y39_N3_I764     ; CLKBUF_CLUSTER_RE                                                    ;
;   1.296 ;   0.000 ;    ; RE   ; 1      ; CLKBUF_CLUSTER_RE_X89_Y39_N3_I813     ; CLKBUF_CLUSTER_RE                                                    ;
;   1.296 ;   0.000 ;    ; RE   ; 1      ; CLKBUF_CLUSTER_RE_X89_Y39_N3_I553     ; CLKBUF_CLUSTER_RE                                                    ;
;   1.296 ;   0.000 ;    ; RE   ; 1      ; GCLK_CLUSTER_RE_X89_Y39_N6_I10        ; GCLK_CLUSTER_RE                                                      ;
;   1.296 ;   0.000 ;    ; RE   ; 1      ; CLKBUFBLOCK_INPUT_X89_Y39_N7_I0       ; CLKBUFBLOCK_INPUT                                                    ;
;   1.296 ;   0.000 ; RR ; IC   ; 1      ; CLKCTRL_G9                            ; clk~inputCLKENA0|inclk                                               ;
;   1.801 ;   0.505 ; RR ; CELL ; 7412   ; CLKCTRL_G9                            ; clk~inputCLKENA0|outclk                                              ;
;   1.801 ;   0.000 ;    ; RE   ; 1      ; CLKCTRL_G9                            ; ARRIAV_CLKBUF                                                        ;
;   1.801 ;   0.000 ;    ; RE   ; 1      ; CLKBUFBLOCK_OUTPUT_X89_Y39_N7_I2      ; CLKBUFBLOCK_OUTPUT                                                   ;
;   1.801 ;   0.000 ;    ; RE   ; 1      ; GCLK_CLUSTER_RE_X89_Y39_N6_I12        ; GCLK_CLUSTER_RE                                                      ;
;   1.801 ;   0.000 ;    ; RE   ; 1      ; CLKBUF_CLUSTER_RE_X89_Y39_N3_I416     ; CLKBUF_CLUSTER_RE                                                    ;
;   2.624 ;   0.823 ;    ; RE   ; 8      ; GLOBAL_CLOCK_X0_Y36_N0_I9             ; GLOBAL_CLOCK                                                         ;
;   2.787 ;   0.163 ;    ; RE   ; 13     ; SPINE_CLOCK_X15_Y37_N0_I7             ; SPINE_CLOCK                                                          ;
;   3.244 ;   0.457 ;    ; RE   ; 1      ; SCLK_TO_ROWCLK_BUF_X15_Y44_N0_I43     ; SCLK_TO_ROWCLK_BUF                                                   ;
;   3.331 ;   0.087 ;    ; RE   ; 1      ; SCLK_TO_ROWCLK_BUF_X15_Y44_N0_I46     ; SCLK_TO_ROWCLK_BUF                                                   ;
;   3.798 ;   0.467 ;    ; RE   ; 7      ; LAB_CLK_X16_Y44_N0_I5                 ; LAB_CLK                                                              ;
;   3.930 ;   0.132 ;    ; RE   ; 1      ; BLK_CLK_BUF_X17_Y44_N0_I5             ; BLK_CLK_BUF                                                          ;
;   3.990 ;   0.060 ;    ; RE   ; 1      ; ROWCLKSEL_PREBUF_X17_Y44_N0_I5        ; ROWCLKSEL_PREBUF                                                     ;
;   4.032 ;   0.042 ;    ; RE   ; 1      ; ROWCLKSEL_X17_Y44_N0_I0               ; ROWCLKSEL                                                            ;
;   4.032 ;   0.000 ;    ; RE   ; 2      ; GLOBAL_LOCAL_SEL_X17_Y44_N0_I0        ; GLOBAL_LOCAL_SEL                                                     ;
;   4.032 ;   0.000 ;    ; RE   ; 9      ; LAB_INPUT_X17_Y44_N0_I0               ; LAB_INPUT                                                            ;
;   4.032 ;   0.000 ; RR ; IC   ; 1      ; FF_X17_Y44_N40                        ; u_norm|u_norm|u_sqrt|root_work[28]|clk                               ;
;   4.573 ;   0.541 ; RR ; CELL ; 1      ; FF_X17_Y44_N40                        ; norm_dispatch:u_norm|norm:u_norm|isqrt_u64:u_sqrt|root_work[28]      ;
; 5.100   ; 0.527   ;    ;      ;        ;                                       ; data path                                                            ;
;   4.573 ;   0.000 ;    ; uTco ; 1      ; FF_X17_Y44_N40                        ; norm_dispatch:u_norm|norm:u_norm|isqrt_u64:u_sqrt|root_work[28]      ;
;   4.573 ;   0.000 ; FF ; CELL ; 3      ; FF_X17_Y44_N40                        ; u_norm|u_norm|u_sqrt|root_work[28]|q                                 ;
;   4.623 ;   0.050 ;    ; RE   ; 1      ; FF_X17_Y44_N40                        ; ARRIAV_FF                                                            ;
;   4.698 ;   0.075 ;    ; RE   ; 2      ; LE_BUFFER_X17_Y44_N0_I26              ; LE_BUFFER                                                            ;
;   4.834 ;   0.136 ;    ; RE   ; 2      ; LOCAL_INTERCONNECT_X18_Y44_N0_I28     ; LAB_LINE                                                             ;
;   4.930 ;   0.096 ;    ; RE   ; 1      ; BLOCK_INPUT_MUX_X18_Y44_N0_I41        ; LEIM_INPUT                                                           ;
;   4.930 ;   0.000 ; FF ; IC   ; 2      ; LABCELL_X18_Y44_N30                   ; u_norm|u_norm|u_sqrt|Add0~17|dataf                                   ;
;   5.013 ;   0.083 ; FF ; CELL ; 1      ; LABCELL_X18_Y44_N30                   ; u_norm|u_norm|u_sqrt|Add0~17|sumout                                  ;
;   5.013 ;   0.000 ;    ; RE   ; 2      ; LABCELL_X18_Y44_N30                   ; ARRIAV_LCELL_COMB                                                    ;
;   5.013 ;   0.000 ; FF ; IC   ; 1      ; FF_X18_Y44_N32                        ; u_norm|u_norm|u_sqrt|remainder_work[30]|d                            ;
;   5.100 ;   0.087 ; FF ; CELL ; 1      ; FF_X18_Y44_N32                        ; norm_dispatch:u_norm|norm:u_norm|isqrt_u64:u_sqrt|remainder_work[30] ;
+---------+---------+----+------+--------+---------------------------------------+----------------------------------------------------------------------+

+--------------------------------------------------------------------------------------------------------------------------------------------------------+
; Data Required Path                                                                                                                                     ;
+---------+----------+----+------+--------+---------------------------------------+----------------------------------------------------------------------+
; Total   ; Incr     ; RF ; Type ; Fanout ; Location                              ; Element                                                              ;
+---------+----------+----+------+--------+---------------------------------------+----------------------------------------------------------------------+
; 0.000   ; 0.000    ;    ;      ;        ;                                       ; latch edge time                                                      ;
; 4.689   ; 4.689    ;    ;      ;        ;                                       ; clock path                                                           ;
;   0.000 ;   0.000  ;    ;      ;        ;                                       ; source latency                                                       ;
;   0.000 ;   0.000  ;    ;      ; 1      ; PIN_N16                               ; clk                                                                  ;
;   0.000 ;   0.000  ;    ; RE   ; 1      ; IOPAD_X89_Y35_N43                     ; ARRIAV_IO_PAD                                                        ;
;   0.000 ;   0.000  ;    ; RE   ; 1      ; IO_PAD_OUTPUT_X89_Y35_N43_I1          ; IO_PAD_OUTPUT                                                        ;
;   0.000 ;   0.000  ;    ; RE   ; 1      ; IO_INPUT_BUFFER_INPUT_X89_Y35_N44_I0  ; IO_INPUT_BUFFER_INPUT                                                ;
;   0.000 ;   0.000  ; RR ; IC   ; 1      ; IOIBUF_X89_Y35_N44                    ; clk~input|i                                                          ;
;   0.989 ;   0.989  ; RR ; CELL ; 1      ; IOIBUF_X89_Y35_N44                    ; clk~input|o                                                          ;
;   0.989 ;   0.000  ;    ; RE   ; 1      ; IOIBUF_X89_Y35_N44                    ; ARRIAV_IO_IBUF                                                       ;
;   0.989 ;   0.000  ;    ; RE   ; 1      ; IO_INPUT_BUFFER_OUTPUT_X89_Y35_N44_I2 ; IO_INPUT_BUFFER_OUTPUT                                               ;
;   0.989 ;   0.000  ;    ; RE   ; 1      ; IO_RE_X89_Y35_N43_I96                 ; IO_RE                                                                ;
;   1.089 ;   0.100  ;    ; RE   ; 1      ; IO_RE_X89_Y35_N43_I66                 ; IO_RE                                                                ;
;   1.311 ;   0.222  ;    ; RE   ; 1      ; CLKBUF_CLUSTER_RE_X89_Y39_N3_I368     ; CLKBUF_CLUSTER_RE                                                    ;
;   1.311 ;   0.000  ;    ; RE   ; 1      ; CLKBUF_CLUSTER_RE_X89_Y39_N3_I764     ; CLKBUF_CLUSTER_RE                                                    ;
;   1.311 ;   0.000  ;    ; RE   ; 1      ; CLKBUF_CLUSTER_RE_X89_Y39_N3_I813     ; CLKBUF_CLUSTER_RE                                                    ;
;   1.311 ;   0.000  ;    ; RE   ; 1      ; CLKBUF_CLUSTER_RE_X89_Y39_N3_I553     ; CLKBUF_CLUSTER_RE                                                    ;
;   1.311 ;   0.000  ;    ; RE   ; 1      ; GCLK_CLUSTER_RE_X89_Y39_N6_I10        ; GCLK_CLUSTER_RE                                                      ;
;   1.311 ;   0.000  ;    ; RE   ; 1      ; CLKBUFBLOCK_INPUT_X89_Y39_N7_I0       ; CLKBUFBLOCK_INPUT                                                    ;
;   1.311 ;   0.000  ; RR ; IC   ; 1      ; CLKCTRL_G9                            ; clk~inputCLKENA0|inclk                                               ;
;   1.849 ;   0.538  ; RR ; CELL ; 7412   ; CLKCTRL_G9                            ; clk~inputCLKENA0|outclk                                              ;
;   1.849 ;   0.000  ;    ; RE   ; 1      ; CLKCTRL_G9                            ; ARRIAV_CLKBUF                                                        ;
;   1.849 ;   0.000  ;    ; RE   ; 1      ; CLKBUFBLOCK_OUTPUT_X89_Y39_N7_I2      ; CLKBUFBLOCK_OUTPUT                                                   ;
;   1.849 ;   0.000  ;    ; RE   ; 1      ; GCLK_CLUSTER_RE_X89_Y39_N6_I12        ; GCLK_CLUSTER_RE                                                      ;
;   1.849 ;   0.000  ;    ; RE   ; 1      ; CLKBUF_CLUSTER_RE_X89_Y39_N3_I416     ; CLKBUF_CLUSTER_RE                                                    ;
;   2.704 ;   0.855  ;    ; RE   ; 8      ; GLOBAL_CLOCK_X0_Y36_N0_I9             ; GLOBAL_CLOCK                                                         ;
;   2.873 ;   0.169  ;    ; RE   ; 13     ; SPINE_CLOCK_X15_Y37_N0_I7             ; SPINE_CLOCK                                                          ;
;   3.348 ;   0.475  ;    ; RE   ; 1      ; SCLK_TO_ROWCLK_BUF_X15_Y44_N0_I43     ; SCLK_TO_ROWCLK_BUF                                                   ;
;   3.438 ;   0.090  ;    ; RE   ; 1      ; SCLK_TO_ROWCLK_BUF_X15_Y44_N0_I46     ; SCLK_TO_ROWCLK_BUF                                                   ;
;   3.924 ;   0.486  ;    ; RE   ; 7      ; LAB_CLK_X16_Y44_N0_I5                 ; LAB_CLK                                                              ;
;   4.067 ;   0.143  ;    ; RE   ; 1      ; BLK_CLK_BUF_X18_Y44_N0_I5             ; BLK_CLK_BUF                                                          ;
;   4.129 ;   0.062  ;    ; RE   ; 1      ; ROWCLKSEL_PREBUF_X18_Y44_N0_I5        ; ROWCLKSEL_PREBUF                                                     ;
;   4.175 ;   0.046  ;    ; RE   ; 1      ; ROWCLKSEL_X18_Y44_N0_I0               ; ROWCLKSEL                                                            ;
;   4.175 ;   0.000  ;    ; RE   ; 2      ; GLOBAL_LOCAL_SEL_X18_Y44_N0_I0        ; GLOBAL_LOCAL_SEL                                                     ;
;   4.175 ;   0.000  ;    ; RE   ; 12     ; LAB_INPUT_X18_Y44_N0_I0               ; LAB_INPUT                                                            ;
;   4.175 ;   0.000  ; RR ; IC   ; 1      ; FF_X18_Y44_N32                        ; u_norm|u_norm|u_sqrt|remainder_work[30]|clk                          ;
;   4.796 ;   0.621  ; RR ; CELL ; 1      ; FF_X18_Y44_N32                        ; norm_dispatch:u_norm|norm:u_norm|isqrt_u64:u_sqrt|remainder_work[30] ;
;   4.689 ;   -0.107 ;    ;      ;        ;                                       ; clock pessimism removed                                              ;
; 4.689   ; 0.000    ;    ;      ;        ;                                       ; clock uncertainty                                                    ;
; 4.689   ; 0.000    ;    ; uTh  ; 1      ; FF_X18_Y44_N32                        ; norm_dispatch:u_norm|norm:u_norm|isqrt_u64:u_sqrt|remainder_work[30] ;
+---------+----------+----+------+--------+---------------------------------------+----------------------------------------------------------------------+

----------------------------
; Extra Fitter Information ;
----------------------------
HTML report is unavailable in plain text report export.


Path #35: Hold slack is 0.415 
===============================================================================
+--------------------------------------------------------------------------+
; Path Summary                                                             ;
+--------------------+-----------------------------------------------------+
; Property           ; Value                                               ;
+--------------------+-----------------------------------------------------+
; From Node          ; rowwise_dispatch:u_row|rowwise_op:u_alu|state.RAW   ;
; To Node            ; rowwise_dispatch:u_row|rowwise_op:u_alu|state.ROUND ;
; Launch Clock       ; clk                                                 ;
; Latch Clock        ; clk                                                 ;
; Data Arrival Time  ; 5.149                                               ;
; Data Required Time ; 4.734                                               ;
; Slack              ; 0.415                                               ;
+--------------------+-----------------------------------------------------+

+------------------------------------------------------------------------------------+
; Statistics                                                                         ;
+------------------------+-------+-------+-------------+------------+--------+-------+
; Property               ; Value ; Count ; Total Delay ; % of Total ; Min    ; Max   ;
+------------------------+-------+-------+-------------+------------+--------+-------+
; Hold Relationship      ; 0.000 ;       ;             ;            ;        ;       ;
; Clock Skew             ; 0.097 ;       ;             ;            ;        ;       ;
; Data Delay             ; 0.512 ;       ;             ;            ;        ;       ;
; Number of Logic Levels ;       ; 1     ;             ;            ;        ;       ;
; Physical Delays        ;       ;       ;             ;            ;        ;       ;
;  Arrival Path          ;       ;       ;             ;            ;        ;       ;
;   Clock                ;       ;       ;             ;            ;        ;       ;
;    IC                  ;       ; 3     ; 0.000       ; 0          ; 0.000  ; 0.000 ;
;    Cell                ;       ; 3     ; 2.055       ; 44         ; 0.505  ; 0.989 ;
;    Routing Element     ;       ; 27    ; 2.582       ; 56         ; 0.000  ; 0.828 ;
;   Data                 ;       ;       ;             ;            ;        ;       ;
;    IC                  ;       ; 2     ; -0.001      ; 0          ; -0.001 ; 0.000 ;
;    Cell                ;       ; 3     ; 0.144       ; 28         ; 0.000  ; 0.086 ;
;    uTco                ;       ; 1     ; 0.000       ; 0          ; 0.000  ; 0.000 ;
;    Routing Element     ;       ; 5     ; 0.369       ; 72         ; 0.000  ; 0.145 ;
;  Required Path         ;       ;       ;             ;            ;        ;       ;
;   Clock                ;       ;       ;             ;            ;        ;       ;
;    IC                  ;       ; 3     ; -0.001      ; 0          ; -0.001 ; 0.000 ;
;    Cell                ;       ; 3     ; 2.149       ; 44         ; 0.538  ; 0.989 ;
;    Routing Element     ;       ; 27    ; 2.693       ; 56         ; 0.000  ; 0.859 ;
+------------------------+-------+-------+-------------+------------+--------+-------+
Note: Negative delays are omitted from totals when calculating percentages

+---------------------------------------------------------------------------------------------------------------------------------------+
; Data Arrival Path                                                                                                                     ;
+---------+----------+----+------+--------+---------------------------------------+-----------------------------------------------------+
; Total   ; Incr     ; RF ; Type ; Fanout ; Location                              ; Element                                             ;
+---------+----------+----+------+--------+---------------------------------------+-----------------------------------------------------+
; 0.000   ; 0.000    ;    ;      ;        ;                                       ; launch edge time                                    ;
; 4.637   ; 4.637    ;    ;      ;        ;                                       ; clock path                                          ;
;   0.000 ;   0.000  ;    ;      ;        ;                                       ; source latency                                      ;
;   0.000 ;   0.000  ;    ;      ; 1      ; PIN_N16                               ; clk                                                 ;
;   0.000 ;   0.000  ;    ; RE   ; 1      ; IOPAD_X89_Y35_N43                     ; ARRIAV_IO_PAD                                       ;
;   0.000 ;   0.000  ;    ; RE   ; 1      ; IO_PAD_OUTPUT_X89_Y35_N43_I1          ; IO_PAD_OUTPUT                                       ;
;   0.000 ;   0.000  ;    ; RE   ; 1      ; IO_INPUT_BUFFER_INPUT_X89_Y35_N44_I0  ; IO_INPUT_BUFFER_INPUT                               ;
;   0.000 ;   0.000  ; RR ; IC   ; 1      ; IOIBUF_X89_Y35_N44                    ; clk~input|i                                         ;
;   0.989 ;   0.989  ; RR ; CELL ; 1      ; IOIBUF_X89_Y35_N44                    ; clk~input|o                                         ;
;   0.989 ;   0.000  ;    ; RE   ; 1      ; IOIBUF_X89_Y35_N44                    ; ARRIAV_IO_IBUF                                      ;
;   0.989 ;   0.000  ;    ; RE   ; 1      ; IO_INPUT_BUFFER_OUTPUT_X89_Y35_N44_I2 ; IO_INPUT_BUFFER_OUTPUT                              ;
;   0.989 ;   0.000  ;    ; RE   ; 1      ; IO_RE_X89_Y35_N43_I96                 ; IO_RE                                               ;
;   1.084 ;   0.095  ;    ; RE   ; 1      ; IO_RE_X89_Y35_N43_I66                 ; IO_RE                                               ;
;   1.296 ;   0.212  ;    ; RE   ; 1      ; CLKBUF_CLUSTER_RE_X89_Y39_N3_I368     ; CLKBUF_CLUSTER_RE                                   ;
;   1.296 ;   0.000  ;    ; RE   ; 1      ; CLKBUF_CLUSTER_RE_X89_Y39_N3_I764     ; CLKBUF_CLUSTER_RE                                   ;
;   1.296 ;   0.000  ;    ; RE   ; 1      ; CLKBUF_CLUSTER_RE_X89_Y39_N3_I813     ; CLKBUF_CLUSTER_RE                                   ;
;   1.296 ;   0.000  ;    ; RE   ; 1      ; CLKBUF_CLUSTER_RE_X89_Y39_N3_I553     ; CLKBUF_CLUSTER_RE                                   ;
;   1.296 ;   0.000  ;    ; RE   ; 1      ; GCLK_CLUSTER_RE_X89_Y39_N6_I10        ; GCLK_CLUSTER_RE                                     ;
;   1.296 ;   0.000  ;    ; RE   ; 1      ; CLKBUFBLOCK_INPUT_X89_Y39_N7_I0       ; CLKBUFBLOCK_INPUT                                   ;
;   1.296 ;   0.000  ; RR ; IC   ; 1      ; CLKCTRL_G9                            ; clk~inputCLKENA0|inclk                              ;
;   1.801 ;   0.505  ; RR ; CELL ; 7412   ; CLKCTRL_G9                            ; clk~inputCLKENA0|outclk                             ;
;   1.801 ;   0.000  ;    ; RE   ; 1      ; CLKCTRL_G9                            ; ARRIAV_CLKBUF                                       ;
;   1.801 ;   0.000  ;    ; RE   ; 1      ; CLKBUFBLOCK_OUTPUT_X89_Y39_N7_I2      ; CLKBUFBLOCK_OUTPUT                                  ;
;   1.801 ;   0.000  ;    ; RE   ; 1      ; GCLK_CLUSTER_RE_X89_Y39_N6_I12        ; GCLK_CLUSTER_RE                                     ;
;   1.801 ;   0.000  ;    ; RE   ; 1      ; CLKBUF_CLUSTER_RE_X89_Y39_N3_I416     ; CLKBUF_CLUSTER_RE                                   ;
;   2.629 ;   0.828  ;    ; RE   ; 8      ; GLOBAL_CLOCK_X0_Y36_N0_I9             ; GLOBAL_CLOCK                                        ;
;   2.792 ;   0.163  ;    ; RE   ; 12     ; SPINE_CLOCK_X55_Y37_N0_I22            ; SPINE_CLOCK                                         ;
;   3.249 ;   0.457  ;    ; RE   ; 1      ; SCLK_TO_ROWCLK_BUF_X55_Y44_N0_I133    ; SCLK_TO_ROWCLK_BUF                                  ;
;   3.346 ;   0.097  ;    ; RE   ; 2      ; SCLK_TO_ROWCLK_BUF_X55_Y44_N0_I136    ; SCLK_TO_ROWCLK_BUF                                  ;
;   3.831 ;   0.485  ;    ; RE   ; 6      ; LAB_CLK_X56_Y44_N0_I5                 ; LAB_CLK                                             ;
;   3.971 ;   0.140  ;    ; RE   ; 1      ; BLK_CLK_BUF_X62_Y44_N0_I5             ; BLK_CLK_BUF                                         ;
;   4.033 ;   0.062  ;    ; RE   ; 1      ; ROWCLKSEL_PREBUF_X62_Y44_N0_I5        ; ROWCLKSEL_PREBUF                                    ;
;   4.076 ;   0.043  ;    ; RE   ; 1      ; ROWCLKSEL_X62_Y44_N0_I1               ; ROWCLKSEL                                           ;
;   4.076 ;   0.000  ;    ; RE   ; 2      ; GLOBAL_LOCAL_SEL_X62_Y44_N0_I1        ; GLOBAL_LOCAL_SEL                                    ;
;   4.076 ;   0.000  ;    ; RE   ; 5      ; LAB_INPUT_X62_Y44_N0_I0               ; LAB_INPUT                                           ;
;   4.076 ;   0.000  ; RR ; IC   ; 1      ; FF_X62_Y44_N25                        ; u_row|u_alu|state.RAW|clk                           ;
;   4.637 ;   0.561  ; RR ; CELL ; 1      ; FF_X62_Y44_N25                        ; rowwise_dispatch:u_row|rowwise_op:u_alu|state.RAW   ;
; 5.149   ; 0.512    ;    ;      ;        ;                                       ; data path                                           ;
;   4.637 ;   0.000  ;    ; uTco ; 1      ; FF_X62_Y44_N25                        ; rowwise_dispatch:u_row|rowwise_op:u_alu|state.RAW   ;
;   4.637 ;   0.000  ; FF ; CELL ; 3      ; FF_X62_Y44_N25                        ; u_row|u_alu|state.RAW|q                             ;
;   4.687 ;   0.050  ;    ; RE   ; 2      ; FF_X62_Y44_N25                        ; ARRIAV_FF                                           ;
;   4.742 ;   0.055  ;    ; RE   ; 1      ; LE_BUFFER_X62_Y44_N0_I16              ; LE_BUFFER                                           ;
;   4.887 ;   0.145  ;    ; RE   ; 2      ; LOCAL_INTERCONNECT_X62_Y44_N0_I37     ; LAB_LINE                                            ;
;   5.006 ;   0.119  ;    ; RE   ; 1      ; BLOCK_INPUT_MUX_X62_Y44_N0_I17        ; LEIM_INPUT                                          ;
;   5.005 ;   -0.001 ; FF ; IC   ; 1      ; LABCELL_X62_Y44_N12                   ; u_row|u_alu|state~20|dataf                          ;
;   5.063 ;   0.058  ; FF ; CELL ; 1      ; LABCELL_X62_Y44_N12                   ; u_row|u_alu|state~20|combout                        ;
;   5.063 ;   0.000  ;    ; RE   ; 1      ; LABCELL_X62_Y44_N12                   ; ARRIAV_LCELL_COMB                                   ;
;   5.063 ;   0.000  ; FF ; IC   ; 1      ; FF_X62_Y44_N13                        ; u_row|u_alu|state.ROUND|d                           ;
;   5.149 ;   0.086  ; FF ; CELL ; 1      ; FF_X62_Y44_N13                        ; rowwise_dispatch:u_row|rowwise_op:u_alu|state.ROUND ;
+---------+----------+----+------+--------+---------------------------------------+-----------------------------------------------------+

+---------------------------------------------------------------------------------------------------------------------------------------+
; Data Required Path                                                                                                                    ;
+---------+----------+----+------+--------+---------------------------------------+-----------------------------------------------------+
; Total   ; Incr     ; RF ; Type ; Fanout ; Location                              ; Element                                             ;
+---------+----------+----+------+--------+---------------------------------------+-----------------------------------------------------+
; 0.000   ; 0.000    ;    ;      ;        ;                                       ; latch edge time                                     ;
; 4.734   ; 4.734    ;    ;      ;        ;                                       ; clock path                                          ;
;   0.000 ;   0.000  ;    ;      ;        ;                                       ; source latency                                      ;
;   0.000 ;   0.000  ;    ;      ; 1      ; PIN_N16                               ; clk                                                 ;
;   0.000 ;   0.000  ;    ; RE   ; 1      ; IOPAD_X89_Y35_N43                     ; ARRIAV_IO_PAD                                       ;
;   0.000 ;   0.000  ;    ; RE   ; 1      ; IO_PAD_OUTPUT_X89_Y35_N43_I1          ; IO_PAD_OUTPUT                                       ;
;   0.000 ;   0.000  ;    ; RE   ; 1      ; IO_INPUT_BUFFER_INPUT_X89_Y35_N44_I0  ; IO_INPUT_BUFFER_INPUT                               ;
;   0.000 ;   0.000  ; RR ; IC   ; 1      ; IOIBUF_X89_Y35_N44                    ; clk~input|i                                         ;
;   0.989 ;   0.989  ; RR ; CELL ; 1      ; IOIBUF_X89_Y35_N44                    ; clk~input|o                                         ;
;   0.989 ;   0.000  ;    ; RE   ; 1      ; IOIBUF_X89_Y35_N44                    ; ARRIAV_IO_IBUF                                      ;
;   0.989 ;   0.000  ;    ; RE   ; 1      ; IO_INPUT_BUFFER_OUTPUT_X89_Y35_N44_I2 ; IO_INPUT_BUFFER_OUTPUT                              ;
;   0.989 ;   0.000  ;    ; RE   ; 1      ; IO_RE_X89_Y35_N43_I96                 ; IO_RE                                               ;
;   1.089 ;   0.100  ;    ; RE   ; 1      ; IO_RE_X89_Y35_N43_I66                 ; IO_RE                                               ;
;   1.311 ;   0.222  ;    ; RE   ; 1      ; CLKBUF_CLUSTER_RE_X89_Y39_N3_I368     ; CLKBUF_CLUSTER_RE                                   ;
;   1.311 ;   0.000  ;    ; RE   ; 1      ; CLKBUF_CLUSTER_RE_X89_Y39_N3_I764     ; CLKBUF_CLUSTER_RE                                   ;
;   1.311 ;   0.000  ;    ; RE   ; 1      ; CLKBUF_CLUSTER_RE_X89_Y39_N3_I813     ; CLKBUF_CLUSTER_RE                                   ;
;   1.311 ;   0.000  ;    ; RE   ; 1      ; CLKBUF_CLUSTER_RE_X89_Y39_N3_I553     ; CLKBUF_CLUSTER_RE                                   ;
;   1.311 ;   0.000  ;    ; RE   ; 1      ; GCLK_CLUSTER_RE_X89_Y39_N6_I10        ; GCLK_CLUSTER_RE                                     ;
;   1.311 ;   0.000  ;    ; RE   ; 1      ; CLKBUFBLOCK_INPUT_X89_Y39_N7_I0       ; CLKBUFBLOCK_INPUT                                   ;
;   1.311 ;   0.000  ; RR ; IC   ; 1      ; CLKCTRL_G9                            ; clk~inputCLKENA0|inclk                              ;
;   1.849 ;   0.538  ; RR ; CELL ; 7412   ; CLKCTRL_G9                            ; clk~inputCLKENA0|outclk                             ;
;   1.849 ;   0.000  ;    ; RE   ; 1      ; CLKCTRL_G9                            ; ARRIAV_CLKBUF                                       ;
;   1.849 ;   0.000  ;    ; RE   ; 1      ; CLKBUFBLOCK_OUTPUT_X89_Y39_N7_I2      ; CLKBUFBLOCK_OUTPUT                                  ;
;   1.849 ;   0.000  ;    ; RE   ; 1      ; GCLK_CLUSTER_RE_X89_Y39_N6_I12        ; GCLK_CLUSTER_RE                                     ;
;   1.849 ;   0.000  ;    ; RE   ; 1      ; CLKBUF_CLUSTER_RE_X89_Y39_N3_I416     ; CLKBUF_CLUSTER_RE                                   ;
;   2.708 ;   0.859  ;    ; RE   ; 8      ; GLOBAL_CLOCK_X0_Y36_N0_I9             ; GLOBAL_CLOCK                                        ;
;   2.877 ;   0.169  ;    ; RE   ; 12     ; SPINE_CLOCK_X55_Y37_N0_I22            ; SPINE_CLOCK                                         ;
;   3.352 ;   0.475  ;    ; RE   ; 1      ; SCLK_TO_ROWCLK_BUF_X55_Y44_N0_I133    ; SCLK_TO_ROWCLK_BUF                                  ;
;   3.453 ;   0.101  ;    ; RE   ; 2      ; SCLK_TO_ROWCLK_BUF_X55_Y44_N0_I136    ; SCLK_TO_ROWCLK_BUF                                  ;
;   3.957 ;   0.504  ;    ; RE   ; 6      ; LAB_CLK_X56_Y44_N0_I5                 ; LAB_CLK                                             ;
;   4.109 ;   0.152  ;    ; RE   ; 1      ; BLK_CLK_BUF_X62_Y44_N0_I5             ; BLK_CLK_BUF                                         ;
;   4.173 ;   0.064  ;    ; RE   ; 1      ; ROWCLKSEL_PREBUF_X62_Y44_N0_I5        ; ROWCLKSEL_PREBUF                                    ;
;   4.220 ;   0.047  ;    ; RE   ; 1      ; ROWCLKSEL_X62_Y44_N0_I1               ; ROWCLKSEL                                           ;
;   4.220 ;   0.000  ;    ; RE   ; 2      ; GLOBAL_LOCAL_SEL_X62_Y44_N0_I1        ; GLOBAL_LOCAL_SEL                                    ;
;   4.220 ;   0.000  ;    ; RE   ; 5      ; LAB_INPUT_X62_Y44_N0_I0               ; LAB_INPUT                                           ;
;   4.219 ;   -0.001 ; RR ; IC   ; 1      ; FF_X62_Y44_N13                        ; u_row|u_alu|state.ROUND|clk                         ;
;   4.841 ;   0.622  ; RR ; CELL ; 1      ; FF_X62_Y44_N13                        ; rowwise_dispatch:u_row|rowwise_op:u_alu|state.ROUND ;
;   4.734 ;   -0.107 ;    ;      ;        ;                                       ; clock pessimism removed                             ;
; 4.734   ; 0.000    ;    ;      ;        ;                                       ; clock uncertainty                                   ;
; 4.734   ; 0.000    ;    ; uTh  ; 1      ; FF_X62_Y44_N13                        ; rowwise_dispatch:u_row|rowwise_op:u_alu|state.ROUND ;
+---------+----------+----+------+--------+---------------------------------------+-----------------------------------------------------+

----------------------------
; Extra Fitter Information ;
----------------------------
HTML report is unavailable in plain text report export.


Path #36: Hold slack is 0.415 
===============================================================================
+------------------------------------------------------------------------------------------+
; Path Summary                                                                             ;
+--------------------+---------------------------------------------------------------------+
; Property           ; Value                                                               ;
+--------------------+---------------------------------------------------------------------+
; From Node          ; norm_dispatch:u_norm|norm:u_norm|v_raw[13]                          ;
; To Node            ; norm_dispatch:u_norm|norm:u_norm|isqrt_u64:u_sqrt|radicand_work[13] ;
; Launch Clock       ; clk                                                                 ;
; Latch Clock        ; clk                                                                 ;
; Data Arrival Time  ; 5.085                                                               ;
; Data Required Time ; 4.670                                                               ;
; Slack              ; 0.415                                                               ;
+--------------------+---------------------------------------------------------------------+

+------------------------------------------------------------------------------------+
; Statistics                                                                         ;
+------------------------+-------+-------+-------------+------------+--------+-------+
; Property               ; Value ; Count ; Total Delay ; % of Total ; Min    ; Max   ;
+------------------------+-------+-------+-------------+------------+--------+-------+
; Hold Relationship      ; 0.000 ;       ;             ;            ;        ;       ;
; Clock Skew             ; 0.099 ;       ;             ;            ;        ;       ;
; Data Delay             ; 0.514 ;       ;             ;            ;        ;       ;
; Number of Logic Levels ;       ; 1     ;             ;            ;        ;       ;
; Physical Delays        ;       ;       ;             ;            ;        ;       ;
;  Arrival Path          ;       ;       ;             ;            ;        ;       ;
;   Clock                ;       ;       ;             ;            ;        ;       ;
;    IC                  ;       ; 3     ; -0.001      ; 0          ; -0.001 ; 0.000 ;
;    Cell                ;       ; 3     ; 2.029       ; 44         ; 0.505  ; 0.989 ;
;    Routing Element     ;       ; 27    ; 2.543       ; 56         ; 0.000  ; 0.823 ;
;   Data                 ;       ;       ;             ;            ;        ;       ;
;    IC                  ;       ; 2     ; 0.000       ; 0          ; 0.000  ; 0.000 ;
;    Cell                ;       ; 3     ; 0.143       ; 28         ; 0.000  ; 0.086 ;
;    uTco                ;       ; 1     ; 0.000       ; 0          ; 0.000  ; 0.000 ;
;    Routing Element     ;       ; 5     ; 0.371       ; 72         ; 0.000  ; 0.132 ;
;  Required Path         ;       ;       ;             ;            ;        ;       ;
;   Clock                ;       ;       ;             ;            ;        ;       ;
;    IC                  ;       ; 3     ; -0.001      ; 0          ; -0.001 ; 0.000 ;
;    Cell                ;       ; 3     ; 2.126       ; 44         ; 0.538  ; 0.989 ;
;    Routing Element     ;       ; 27    ; 2.652       ; 56         ; 0.000  ; 0.855 ;
+------------------------+-------+-------+-------------+------------+--------+-------+
Note: Negative delays are omitted from totals when calculating percentages

+-------------------------------------------------------------------------------------------------------------------------------------------------------+
; Data Arrival Path                                                                                                                                     ;
+---------+----------+----+------+--------+---------------------------------------+---------------------------------------------------------------------+
; Total   ; Incr     ; RF ; Type ; Fanout ; Location                              ; Element                                                             ;
+---------+----------+----+------+--------+---------------------------------------+---------------------------------------------------------------------+
; 0.000   ; 0.000    ;    ;      ;        ;                                       ; launch edge time                                                    ;
; 4.571   ; 4.571    ;    ;      ;        ;                                       ; clock path                                                          ;
;   0.000 ;   0.000  ;    ;      ;        ;                                       ; source latency                                                      ;
;   0.000 ;   0.000  ;    ;      ; 1      ; PIN_N16                               ; clk                                                                 ;
;   0.000 ;   0.000  ;    ; RE   ; 1      ; IOPAD_X89_Y35_N43                     ; ARRIAV_IO_PAD                                                       ;
;   0.000 ;   0.000  ;    ; RE   ; 1      ; IO_PAD_OUTPUT_X89_Y35_N43_I1          ; IO_PAD_OUTPUT                                                       ;
;   0.000 ;   0.000  ;    ; RE   ; 1      ; IO_INPUT_BUFFER_INPUT_X89_Y35_N44_I0  ; IO_INPUT_BUFFER_INPUT                                               ;
;   0.000 ;   0.000  ; RR ; IC   ; 1      ; IOIBUF_X89_Y35_N44                    ; clk~input|i                                                         ;
;   0.989 ;   0.989  ; RR ; CELL ; 1      ; IOIBUF_X89_Y35_N44                    ; clk~input|o                                                         ;
;   0.989 ;   0.000  ;    ; RE   ; 1      ; IOIBUF_X89_Y35_N44                    ; ARRIAV_IO_IBUF                                                      ;
;   0.989 ;   0.000  ;    ; RE   ; 1      ; IO_INPUT_BUFFER_OUTPUT_X89_Y35_N44_I2 ; IO_INPUT_BUFFER_OUTPUT                                              ;
;   0.989 ;   0.000  ;    ; RE   ; 1      ; IO_RE_X89_Y35_N43_I96                 ; IO_RE                                                               ;
;   1.084 ;   0.095  ;    ; RE   ; 1      ; IO_RE_X89_Y35_N43_I66                 ; IO_RE                                                               ;
;   1.296 ;   0.212  ;    ; RE   ; 1      ; CLKBUF_CLUSTER_RE_X89_Y39_N3_I368     ; CLKBUF_CLUSTER_RE                                                   ;
;   1.296 ;   0.000  ;    ; RE   ; 1      ; CLKBUF_CLUSTER_RE_X89_Y39_N3_I764     ; CLKBUF_CLUSTER_RE                                                   ;
;   1.296 ;   0.000  ;    ; RE   ; 1      ; CLKBUF_CLUSTER_RE_X89_Y39_N3_I813     ; CLKBUF_CLUSTER_RE                                                   ;
;   1.296 ;   0.000  ;    ; RE   ; 1      ; CLKBUF_CLUSTER_RE_X89_Y39_N3_I553     ; CLKBUF_CLUSTER_RE                                                   ;
;   1.296 ;   0.000  ;    ; RE   ; 1      ; GCLK_CLUSTER_RE_X89_Y39_N6_I10        ; GCLK_CLUSTER_RE                                                     ;
;   1.296 ;   0.000  ;    ; RE   ; 1      ; CLKBUFBLOCK_INPUT_X89_Y39_N7_I0       ; CLKBUFBLOCK_INPUT                                                   ;
;   1.296 ;   0.000  ; RR ; IC   ; 1      ; CLKCTRL_G9                            ; clk~inputCLKENA0|inclk                                              ;
;   1.801 ;   0.505  ; RR ; CELL ; 7412   ; CLKCTRL_G9                            ; clk~inputCLKENA0|outclk                                             ;
;   1.801 ;   0.000  ;    ; RE   ; 1      ; CLKCTRL_G9                            ; ARRIAV_CLKBUF                                                       ;
;   1.801 ;   0.000  ;    ; RE   ; 1      ; CLKBUFBLOCK_OUTPUT_X89_Y39_N7_I2      ; CLKBUFBLOCK_OUTPUT                                                  ;
;   1.801 ;   0.000  ;    ; RE   ; 1      ; GCLK_CLUSTER_RE_X89_Y39_N6_I12        ; GCLK_CLUSTER_RE                                                     ;
;   1.801 ;   0.000  ;    ; RE   ; 1      ; CLKBUF_CLUSTER_RE_X89_Y39_N3_I416     ; CLKBUF_CLUSTER_RE                                                   ;
;   2.624 ;   0.823  ;    ; RE   ; 8      ; GLOBAL_CLOCK_X0_Y36_N0_I9             ; GLOBAL_CLOCK                                                        ;
;   2.788 ;   0.164  ;    ; RE   ; 13     ; SPINE_CLOCK_X15_Y37_N0_I7             ; SPINE_CLOCK                                                         ;
;   3.245 ;   0.457  ;    ; RE   ; 1      ; SCLK_TO_ROWCLK_BUF_X15_Y43_N0_I43     ; SCLK_TO_ROWCLK_BUF                                                  ;
;   3.333 ;   0.088  ;    ; RE   ; 1      ; SCLK_TO_ROWCLK_BUF_X15_Y43_N0_I46     ; SCLK_TO_ROWCLK_BUF                                                  ;
;   3.805 ;   0.472  ;    ; RE   ; 6      ; LAB_CLK_X16_Y43_N0_I5                 ; LAB_CLK                                                             ;
;   3.935 ;   0.130  ;    ; RE   ; 1      ; BLK_CLK_BUF_X19_Y43_N0_I5             ; BLK_CLK_BUF                                                         ;
;   3.994 ;   0.059  ;    ; RE   ; 1      ; ROWCLKSEL_PREBUF_X19_Y43_N0_I5        ; ROWCLKSEL_PREBUF                                                    ;
;   4.037 ;   0.043  ;    ; RE   ; 1      ; ROWCLKSEL_X19_Y43_N0_I0               ; ROWCLKSEL                                                           ;
;   4.037 ;   0.000  ;    ; RE   ; 1      ; GLOBAL_LOCAL_SEL_X19_Y43_N0_I0        ; GLOBAL_LOCAL_SEL                                                    ;
;   4.037 ;   0.000  ;    ; RE   ; 20     ; LAB_INPUT_X19_Y43_N0_I0               ; LAB_INPUT                                                           ;
;   4.036 ;   -0.001 ; RR ; IC   ; 1      ; FF_X19_Y43_N41                        ; u_norm|u_norm|v_raw[13]|clk                                         ;
;   4.571 ;   0.535  ; RR ; CELL ; 1      ; FF_X19_Y43_N41                        ; norm_dispatch:u_norm|norm:u_norm|v_raw[13]                          ;
; 5.085   ; 0.514    ;    ;      ;        ;                                       ; data path                                                           ;
;   4.571 ;   0.000  ;    ; uTco ; 1      ; FF_X19_Y43_N41                        ; norm_dispatch:u_norm|norm:u_norm|v_raw[13]                          ;
;   4.571 ;   0.000  ; FF ; CELL ; 1      ; FF_X19_Y43_N41                        ; u_norm|u_norm|v_raw[13]|q                                           ;
;   4.633 ;   0.062  ;    ; RE   ; 1      ; FF_X19_Y43_N41                        ; ARRIAV_FF                                                           ;
;   4.694 ;   0.061  ;    ; RE   ; 1      ; LE_BUFFER_X19_Y43_N0_I27              ; LE_BUFFER                                                           ;
;   4.826 ;   0.132  ;    ; RE   ; 1      ; LOCAL_INTERCONNECT_X18_Y43_N0_I13     ; LAB_LINE                                                            ;
;   4.942 ;   0.116  ;    ; RE   ; 1      ; BLOCK_INPUT_MUX_X18_Y43_N0_I79        ; LEIM_INPUT                                                          ;
;   4.942 ;   0.000  ; FF ; IC   ; 1      ; LABCELL_X18_Y43_N57                   ; u_norm|u_norm|u_sqrt|radicand_work[13]~feeder|dataf                 ;
;   4.999 ;   0.057  ; FF ; CELL ; 1      ; LABCELL_X18_Y43_N57                   ; u_norm|u_norm|u_sqrt|radicand_work[13]~feeder|combout               ;
;   4.999 ;   0.000  ;    ; RE   ; 1      ; LABCELL_X18_Y43_N57                   ; ARRIAV_LCELL_COMB                                                   ;
;   4.999 ;   0.000  ; FF ; IC   ; 1      ; FF_X18_Y43_N59                        ; u_norm|u_norm|u_sqrt|radicand_work[13]|d                            ;
;   5.085 ;   0.086  ; FF ; CELL ; 1      ; FF_X18_Y43_N59                        ; norm_dispatch:u_norm|norm:u_norm|isqrt_u64:u_sqrt|radicand_work[13] ;
+---------+----------+----+------+--------+---------------------------------------+---------------------------------------------------------------------+

+-------------------------------------------------------------------------------------------------------------------------------------------------------+
; Data Required Path                                                                                                                                    ;
+---------+----------+----+------+--------+---------------------------------------+---------------------------------------------------------------------+
; Total   ; Incr     ; RF ; Type ; Fanout ; Location                              ; Element                                                             ;
+---------+----------+----+------+--------+---------------------------------------+---------------------------------------------------------------------+
; 0.000   ; 0.000    ;    ;      ;        ;                                       ; latch edge time                                                     ;
; 4.670   ; 4.670    ;    ;      ;        ;                                       ; clock path                                                          ;
;   0.000 ;   0.000  ;    ;      ;        ;                                       ; source latency                                                      ;
;   0.000 ;   0.000  ;    ;      ; 1      ; PIN_N16                               ; clk                                                                 ;
;   0.000 ;   0.000  ;    ; RE   ; 1      ; IOPAD_X89_Y35_N43                     ; ARRIAV_IO_PAD                                                       ;
;   0.000 ;   0.000  ;    ; RE   ; 1      ; IO_PAD_OUTPUT_X89_Y35_N43_I1          ; IO_PAD_OUTPUT                                                       ;
;   0.000 ;   0.000  ;    ; RE   ; 1      ; IO_INPUT_BUFFER_INPUT_X89_Y35_N44_I0  ; IO_INPUT_BUFFER_INPUT                                               ;
;   0.000 ;   0.000  ; RR ; IC   ; 1      ; IOIBUF_X89_Y35_N44                    ; clk~input|i                                                         ;
;   0.989 ;   0.989  ; RR ; CELL ; 1      ; IOIBUF_X89_Y35_N44                    ; clk~input|o                                                         ;
;   0.989 ;   0.000  ;    ; RE   ; 1      ; IOIBUF_X89_Y35_N44                    ; ARRIAV_IO_IBUF                                                      ;
;   0.989 ;   0.000  ;    ; RE   ; 1      ; IO_INPUT_BUFFER_OUTPUT_X89_Y35_N44_I2 ; IO_INPUT_BUFFER_OUTPUT                                              ;
;   0.989 ;   0.000  ;    ; RE   ; 1      ; IO_RE_X89_Y35_N43_I96                 ; IO_RE                                                               ;
;   1.089 ;   0.100  ;    ; RE   ; 1      ; IO_RE_X89_Y35_N43_I66                 ; IO_RE                                                               ;
;   1.311 ;   0.222  ;    ; RE   ; 1      ; CLKBUF_CLUSTER_RE_X89_Y39_N3_I368     ; CLKBUF_CLUSTER_RE                                                   ;
;   1.311 ;   0.000  ;    ; RE   ; 1      ; CLKBUF_CLUSTER_RE_X89_Y39_N3_I764     ; CLKBUF_CLUSTER_RE                                                   ;
;   1.311 ;   0.000  ;    ; RE   ; 1      ; CLKBUF_CLUSTER_RE_X89_Y39_N3_I813     ; CLKBUF_CLUSTER_RE                                                   ;
;   1.311 ;   0.000  ;    ; RE   ; 1      ; CLKBUF_CLUSTER_RE_X89_Y39_N3_I553     ; CLKBUF_CLUSTER_RE                                                   ;
;   1.311 ;   0.000  ;    ; RE   ; 1      ; GCLK_CLUSTER_RE_X89_Y39_N6_I10        ; GCLK_CLUSTER_RE                                                     ;
;   1.311 ;   0.000  ;    ; RE   ; 1      ; CLKBUFBLOCK_INPUT_X89_Y39_N7_I0       ; CLKBUFBLOCK_INPUT                                                   ;
;   1.311 ;   0.000  ; RR ; IC   ; 1      ; CLKCTRL_G9                            ; clk~inputCLKENA0|inclk                                              ;
;   1.849 ;   0.538  ; RR ; CELL ; 7412   ; CLKCTRL_G9                            ; clk~inputCLKENA0|outclk                                             ;
;   1.849 ;   0.000  ;    ; RE   ; 1      ; CLKCTRL_G9                            ; ARRIAV_CLKBUF                                                       ;
;   1.849 ;   0.000  ;    ; RE   ; 1      ; CLKBUFBLOCK_OUTPUT_X89_Y39_N7_I2      ; CLKBUFBLOCK_OUTPUT                                                  ;
;   1.849 ;   0.000  ;    ; RE   ; 1      ; GCLK_CLUSTER_RE_X89_Y39_N6_I12        ; GCLK_CLUSTER_RE                                                     ;
;   1.849 ;   0.000  ;    ; RE   ; 1      ; CLKBUF_CLUSTER_RE_X89_Y39_N3_I416     ; CLKBUF_CLUSTER_RE                                                   ;
;   2.704 ;   0.855  ;    ; RE   ; 8      ; GLOBAL_CLOCK_X0_Y36_N0_I9             ; GLOBAL_CLOCK                                                        ;
;   2.874 ;   0.170  ;    ; RE   ; 13     ; SPINE_CLOCK_X15_Y37_N0_I7             ; SPINE_CLOCK                                                         ;
;   3.349 ;   0.475  ;    ; RE   ; 1      ; SCLK_TO_ROWCLK_BUF_X15_Y43_N0_I43     ; SCLK_TO_ROWCLK_BUF                                                  ;
;   3.440 ;   0.091  ;    ; RE   ; 1      ; SCLK_TO_ROWCLK_BUF_X15_Y43_N0_I46     ; SCLK_TO_ROWCLK_BUF                                                  ;
;   3.929 ;   0.489  ;    ; RE   ; 6      ; LAB_CLK_X16_Y43_N0_I5                 ; LAB_CLK                                                             ;
;   4.071 ;   0.142  ;    ; RE   ; 1      ; BLK_CLK_BUF_X18_Y43_N0_I5             ; BLK_CLK_BUF                                                         ;
;   4.133 ;   0.062  ;    ; RE   ; 1      ; ROWCLKSEL_PREBUF_X18_Y43_N0_I5        ; ROWCLKSEL_PREBUF                                                    ;
;   4.179 ;   0.046  ;    ; RE   ; 1      ; ROWCLKSEL_X18_Y43_N0_I1               ; ROWCLKSEL                                                           ;
;   4.179 ;   0.000  ;    ; RE   ; 1      ; GLOBAL_LOCAL_SEL_X18_Y43_N0_I1        ; GLOBAL_LOCAL_SEL                                                    ;
;   4.179 ;   0.000  ;    ; RE   ; 17     ; LAB_INPUT_X18_Y43_N0_I1               ; LAB_INPUT                                                           ;
;   4.178 ;   -0.001 ; RR ; IC   ; 1      ; FF_X18_Y43_N59                        ; u_norm|u_norm|u_sqrt|radicand_work[13]|clk                          ;
;   4.777 ;   0.599  ; RR ; CELL ; 1      ; FF_X18_Y43_N59                        ; norm_dispatch:u_norm|norm:u_norm|isqrt_u64:u_sqrt|radicand_work[13] ;
;   4.670 ;   -0.107 ;    ;      ;        ;                                       ; clock pessimism removed                                             ;
; 4.670   ; 0.000    ;    ;      ;        ;                                       ; clock uncertainty                                                   ;
; 4.670   ; 0.000    ;    ; uTh  ; 1      ; FF_X18_Y43_N59                        ; norm_dispatch:u_norm|norm:u_norm|isqrt_u64:u_sqrt|radicand_work[13] ;
+---------+----------+----+------+--------+---------------------------------------+---------------------------------------------------------------------+

----------------------------
; Extra Fitter Information ;
----------------------------
HTML report is unavailable in plain text report export.


Path #37: Hold slack is 0.420 
===============================================================================
+--------------------------------------------------------------------------------------+
; Path Summary                                                                         ;
+--------------------+-----------------------------------------------------------------+
; Property           ; Value                                                           ;
+--------------------+-----------------------------------------------------------------+
; From Node          ; norm_dispatch:u_norm|norm:u_norm|isqrt_u64:u_sqrt|root_work[27] ;
; To Node            ; norm_dispatch:u_norm|norm:u_norm|isqrt_u64:u_sqrt|root[28]      ;
; Launch Clock       ; clk                                                             ;
; Latch Clock        ; clk                                                             ;
; Data Arrival Time  ; 5.096                                                           ;
; Data Required Time ; 4.676                                                           ;
; Slack              ; 0.420                                                           ;
+--------------------+-----------------------------------------------------------------+

+-----------------------------------------------------------------------------------+
; Statistics                                                                        ;
+------------------------+-------+-------+-------------+------------+-------+-------+
; Property               ; Value ; Count ; Total Delay ; % of Total ; Min   ; Max   ;
+------------------------+-------+-------+-------------+------------+-------+-------+
; Hold Relationship      ; 0.000 ;       ;             ;            ;       ;       ;
; Clock Skew             ; 0.094 ;       ;             ;            ;       ;       ;
; Data Delay             ; 0.514 ;       ;             ;            ;       ;       ;
; Number of Logic Levels ;       ; 1     ;             ;            ;       ;       ;
; Physical Delays        ;       ;       ;             ;            ;       ;       ;
;  Arrival Path          ;       ;       ;             ;            ;       ;       ;
;   Clock                ;       ;       ;             ;            ;       ;       ;
;    IC                  ;       ; 3     ; 0.000       ; 0          ; 0.000 ; 0.000 ;
;    Cell                ;       ; 3     ; 2.044       ; 45         ; 0.505 ; 0.989 ;
;    Routing Element     ;       ; 27    ; 2.538       ; 55         ; 0.000 ; 0.823 ;
;   Data                 ;       ;       ;             ;            ;       ;       ;
;    IC                  ;       ; 2     ; 0.000       ; 0          ; 0.000 ; 0.000 ;
;    Cell                ;       ; 3     ; 0.142       ; 28         ; 0.000 ; 0.085 ;
;    uTco                ;       ; 1     ; 0.000       ; 0          ; 0.000 ; 0.000 ;
;    Routing Element     ;       ; 5     ; 0.372       ; 72         ; 0.000 ; 0.137 ;
;  Required Path         ;       ;       ;             ;            ;       ;       ;
;   Clock                ;       ;       ;             ;            ;       ;       ;
;    IC                  ;       ; 3     ; 0.000       ; 0          ; 0.000 ; 0.000 ;
;    Cell                ;       ; 3     ; 2.135       ; 45         ; 0.538 ; 0.989 ;
;    Routing Element     ;       ; 27    ; 2.648       ; 55         ; 0.000 ; 0.855 ;
+------------------------+-------+-------+-------------+------------+-------+-------+
Note: Negative delays are omitted from totals when calculating percentages

+--------------------------------------------------------------------------------------------------------------------------------------------------+
; Data Arrival Path                                                                                                                                ;
+---------+---------+----+------+--------+---------------------------------------+-----------------------------------------------------------------+
; Total   ; Incr    ; RF ; Type ; Fanout ; Location                              ; Element                                                         ;
+---------+---------+----+------+--------+---------------------------------------+-----------------------------------------------------------------+
; 0.000   ; 0.000   ;    ;      ;        ;                                       ; launch edge time                                                ;
; 4.582   ; 4.582   ;    ;      ;        ;                                       ; clock path                                                      ;
;   0.000 ;   0.000 ;    ;      ;        ;                                       ; source latency                                                  ;
;   0.000 ;   0.000 ;    ;      ; 1      ; PIN_N16                               ; clk                                                             ;
;   0.000 ;   0.000 ;    ; RE   ; 1      ; IOPAD_X89_Y35_N43                     ; ARRIAV_IO_PAD                                                   ;
;   0.000 ;   0.000 ;    ; RE   ; 1      ; IO_PAD_OUTPUT_X89_Y35_N43_I1          ; IO_PAD_OUTPUT                                                   ;
;   0.000 ;   0.000 ;    ; RE   ; 1      ; IO_INPUT_BUFFER_INPUT_X89_Y35_N44_I0  ; IO_INPUT_BUFFER_INPUT                                           ;
;   0.000 ;   0.000 ; RR ; IC   ; 1      ; IOIBUF_X89_Y35_N44                    ; clk~input|i                                                     ;
;   0.989 ;   0.989 ; RR ; CELL ; 1      ; IOIBUF_X89_Y35_N44                    ; clk~input|o                                                     ;
;   0.989 ;   0.000 ;    ; RE   ; 1      ; IOIBUF_X89_Y35_N44                    ; ARRIAV_IO_IBUF                                                  ;
;   0.989 ;   0.000 ;    ; RE   ; 1      ; IO_INPUT_BUFFER_OUTPUT_X89_Y35_N44_I2 ; IO_INPUT_BUFFER_OUTPUT                                          ;
;   0.989 ;   0.000 ;    ; RE   ; 1      ; IO_RE_X89_Y35_N43_I96                 ; IO_RE                                                           ;
;   1.084 ;   0.095 ;    ; RE   ; 1      ; IO_RE_X89_Y35_N43_I66                 ; IO_RE                                                           ;
;   1.296 ;   0.212 ;    ; RE   ; 1      ; CLKBUF_CLUSTER_RE_X89_Y39_N3_I368     ; CLKBUF_CLUSTER_RE                                               ;
;   1.296 ;   0.000 ;    ; RE   ; 1      ; CLKBUF_CLUSTER_RE_X89_Y39_N3_I764     ; CLKBUF_CLUSTER_RE                                               ;
;   1.296 ;   0.000 ;    ; RE   ; 1      ; CLKBUF_CLUSTER_RE_X89_Y39_N3_I813     ; CLKBUF_CLUSTER_RE                                               ;
;   1.296 ;   0.000 ;    ; RE   ; 1      ; CLKBUF_CLUSTER_RE_X89_Y39_N3_I553     ; CLKBUF_CLUSTER_RE                                               ;
;   1.296 ;   0.000 ;    ; RE   ; 1      ; GCLK_CLUSTER_RE_X89_Y39_N6_I10        ; GCLK_CLUSTER_RE                                                 ;
;   1.296 ;   0.000 ;    ; RE   ; 1      ; CLKBUFBLOCK_INPUT_X89_Y39_N7_I0       ; CLKBUFBLOCK_INPUT                                               ;
;   1.296 ;   0.000 ; RR ; IC   ; 1      ; CLKCTRL_G9                            ; clk~inputCLKENA0|inclk                                          ;
;   1.801 ;   0.505 ; RR ; CELL ; 7412   ; CLKCTRL_G9                            ; clk~inputCLKENA0|outclk                                         ;
;   1.801 ;   0.000 ;    ; RE   ; 1      ; CLKCTRL_G9                            ; ARRIAV_CLKBUF                                                   ;
;   1.801 ;   0.000 ;    ; RE   ; 1      ; CLKBUFBLOCK_OUTPUT_X89_Y39_N7_I2      ; CLKBUFBLOCK_OUTPUT                                              ;
;   1.801 ;   0.000 ;    ; RE   ; 1      ; GCLK_CLUSTER_RE_X89_Y39_N6_I12        ; GCLK_CLUSTER_RE                                                 ;
;   1.801 ;   0.000 ;    ; RE   ; 1      ; CLKBUF_CLUSTER_RE_X89_Y39_N3_I416     ; CLKBUF_CLUSTER_RE                                               ;
;   2.624 ;   0.823 ;    ; RE   ; 8      ; GLOBAL_CLOCK_X0_Y36_N0_I9             ; GLOBAL_CLOCK                                                    ;
;   2.787 ;   0.163 ;    ; RE   ; 13     ; SPINE_CLOCK_X15_Y37_N0_I7             ; SPINE_CLOCK                                                     ;
;   3.244 ;   0.457 ;    ; RE   ; 1      ; SCLK_TO_ROWCLK_BUF_X15_Y44_N0_I43     ; SCLK_TO_ROWCLK_BUF                                              ;
;   3.331 ;   0.087 ;    ; RE   ; 1      ; SCLK_TO_ROWCLK_BUF_X15_Y44_N0_I46     ; SCLK_TO_ROWCLK_BUF                                              ;
;   3.798 ;   0.467 ;    ; RE   ; 7      ; LAB_CLK_X16_Y44_N0_I5                 ; LAB_CLK                                                         ;
;   3.930 ;   0.132 ;    ; RE   ; 1      ; BLK_CLK_BUF_X17_Y44_N0_I5             ; BLK_CLK_BUF                                                     ;
;   3.990 ;   0.060 ;    ; RE   ; 1      ; ROWCLKSEL_PREBUF_X17_Y44_N0_I5        ; ROWCLKSEL_PREBUF                                                ;
;   4.032 ;   0.042 ;    ; RE   ; 1      ; ROWCLKSEL_X17_Y44_N0_I0               ; ROWCLKSEL                                                       ;
;   4.032 ;   0.000 ;    ; RE   ; 2      ; GLOBAL_LOCAL_SEL_X17_Y44_N0_I0        ; GLOBAL_LOCAL_SEL                                                ;
;   4.032 ;   0.000 ;    ; RE   ; 9      ; LAB_INPUT_X17_Y44_N0_I0               ; LAB_INPUT                                                       ;
;   4.032 ;   0.000 ; RR ; IC   ; 1      ; FF_X17_Y44_N55                        ; u_norm|u_norm|u_sqrt|root_work[27]|clk                          ;
;   4.582 ;   0.550 ; RR ; CELL ; 1      ; FF_X17_Y44_N55                        ; norm_dispatch:u_norm|norm:u_norm|isqrt_u64:u_sqrt|root_work[27] ;
; 5.096   ; 0.514   ;    ;      ;        ;                                       ; data path                                                       ;
;   4.582 ;   0.000 ;    ; uTco ; 1      ; FF_X17_Y44_N55                        ; norm_dispatch:u_norm|norm:u_norm|isqrt_u64:u_sqrt|root_work[27] ;
;   4.582 ;   0.000 ; FF ; CELL ; 3      ; FF_X17_Y44_N55                        ; u_norm|u_norm|u_sqrt|root_work[27]|q                            ;
;   4.632 ;   0.050 ;    ; RE   ; 1      ; FF_X17_Y44_N55                        ; ARRIAV_FF                                                       ;
;   4.705 ;   0.073 ;    ; RE   ; 2      ; LE_BUFFER_X17_Y44_N0_I36              ; LE_BUFFER                                                       ;
;   4.842 ;   0.137 ;    ; RE   ; 2      ; LOCAL_INTERCONNECT_X18_Y44_N0_I18     ; LAB_LINE                                                        ;
;   4.954 ;   0.112 ;    ; RE   ; 1      ; BLOCK_INPUT_MUX_X18_Y44_N0_I71        ; LEIM_INPUT                                                      ;
;   4.954 ;   0.000 ; FF ; IC   ; 1      ; LABCELL_X18_Y44_N51                   ; u_norm|u_norm|u_sqrt|root[28]~feeder|dataf                      ;
;   5.011 ;   0.057 ; FF ; CELL ; 1      ; LABCELL_X18_Y44_N51                   ; u_norm|u_norm|u_sqrt|root[28]~feeder|combout                    ;
;   5.011 ;   0.000 ;    ; RE   ; 1      ; LABCELL_X18_Y44_N51                   ; ARRIAV_LCELL_COMB                                               ;
;   5.011 ;   0.000 ; FF ; IC   ; 1      ; FF_X18_Y44_N52                        ; u_norm|u_norm|u_sqrt|root[28]|d                                 ;
;   5.096 ;   0.085 ; FF ; CELL ; 1      ; FF_X18_Y44_N52                        ; norm_dispatch:u_norm|norm:u_norm|isqrt_u64:u_sqrt|root[28]      ;
+---------+---------+----+------+--------+---------------------------------------+-----------------------------------------------------------------+

+----------------------------------------------------------------------------------------------------------------------------------------------+
; Data Required Path                                                                                                                           ;
+---------+----------+----+------+--------+---------------------------------------+------------------------------------------------------------+
; Total   ; Incr     ; RF ; Type ; Fanout ; Location                              ; Element                                                    ;
+---------+----------+----+------+--------+---------------------------------------+------------------------------------------------------------+
; 0.000   ; 0.000    ;    ;      ;        ;                                       ; latch edge time                                            ;
; 4.676   ; 4.676    ;    ;      ;        ;                                       ; clock path                                                 ;
;   0.000 ;   0.000  ;    ;      ;        ;                                       ; source latency                                             ;
;   0.000 ;   0.000  ;    ;      ; 1      ; PIN_N16                               ; clk                                                        ;
;   0.000 ;   0.000  ;    ; RE   ; 1      ; IOPAD_X89_Y35_N43                     ; ARRIAV_IO_PAD                                              ;
;   0.000 ;   0.000  ;    ; RE   ; 1      ; IO_PAD_OUTPUT_X89_Y35_N43_I1          ; IO_PAD_OUTPUT                                              ;
;   0.000 ;   0.000  ;    ; RE   ; 1      ; IO_INPUT_BUFFER_INPUT_X89_Y35_N44_I0  ; IO_INPUT_BUFFER_INPUT                                      ;
;   0.000 ;   0.000  ; RR ; IC   ; 1      ; IOIBUF_X89_Y35_N44                    ; clk~input|i                                                ;
;   0.989 ;   0.989  ; RR ; CELL ; 1      ; IOIBUF_X89_Y35_N44                    ; clk~input|o                                                ;
;   0.989 ;   0.000  ;    ; RE   ; 1      ; IOIBUF_X89_Y35_N44                    ; ARRIAV_IO_IBUF                                             ;
;   0.989 ;   0.000  ;    ; RE   ; 1      ; IO_INPUT_BUFFER_OUTPUT_X89_Y35_N44_I2 ; IO_INPUT_BUFFER_OUTPUT                                     ;
;   0.989 ;   0.000  ;    ; RE   ; 1      ; IO_RE_X89_Y35_N43_I96                 ; IO_RE                                                      ;
;   1.089 ;   0.100  ;    ; RE   ; 1      ; IO_RE_X89_Y35_N43_I66                 ; IO_RE                                                      ;
;   1.311 ;   0.222  ;    ; RE   ; 1      ; CLKBUF_CLUSTER_RE_X89_Y39_N3_I368     ; CLKBUF_CLUSTER_RE                                          ;
;   1.311 ;   0.000  ;    ; RE   ; 1      ; CLKBUF_CLUSTER_RE_X89_Y39_N3_I764     ; CLKBUF_CLUSTER_RE                                          ;
;   1.311 ;   0.000  ;    ; RE   ; 1      ; CLKBUF_CLUSTER_RE_X89_Y39_N3_I813     ; CLKBUF_CLUSTER_RE                                          ;
;   1.311 ;   0.000  ;    ; RE   ; 1      ; CLKBUF_CLUSTER_RE_X89_Y39_N3_I553     ; CLKBUF_CLUSTER_RE                                          ;
;   1.311 ;   0.000  ;    ; RE   ; 1      ; GCLK_CLUSTER_RE_X89_Y39_N6_I10        ; GCLK_CLUSTER_RE                                            ;
;   1.311 ;   0.000  ;    ; RE   ; 1      ; CLKBUFBLOCK_INPUT_X89_Y39_N7_I0       ; CLKBUFBLOCK_INPUT                                          ;
;   1.311 ;   0.000  ; RR ; IC   ; 1      ; CLKCTRL_G9                            ; clk~inputCLKENA0|inclk                                     ;
;   1.849 ;   0.538  ; RR ; CELL ; 7412   ; CLKCTRL_G9                            ; clk~inputCLKENA0|outclk                                    ;
;   1.849 ;   0.000  ;    ; RE   ; 1      ; CLKCTRL_G9                            ; ARRIAV_CLKBUF                                              ;
;   1.849 ;   0.000  ;    ; RE   ; 1      ; CLKBUFBLOCK_OUTPUT_X89_Y39_N7_I2      ; CLKBUFBLOCK_OUTPUT                                         ;
;   1.849 ;   0.000  ;    ; RE   ; 1      ; GCLK_CLUSTER_RE_X89_Y39_N6_I12        ; GCLK_CLUSTER_RE                                            ;
;   1.849 ;   0.000  ;    ; RE   ; 1      ; CLKBUF_CLUSTER_RE_X89_Y39_N3_I416     ; CLKBUF_CLUSTER_RE                                          ;
;   2.704 ;   0.855  ;    ; RE   ; 8      ; GLOBAL_CLOCK_X0_Y36_N0_I9             ; GLOBAL_CLOCK                                               ;
;   2.873 ;   0.169  ;    ; RE   ; 13     ; SPINE_CLOCK_X15_Y37_N0_I7             ; SPINE_CLOCK                                                ;
;   3.348 ;   0.475  ;    ; RE   ; 1      ; SCLK_TO_ROWCLK_BUF_X15_Y44_N0_I43     ; SCLK_TO_ROWCLK_BUF                                         ;
;   3.438 ;   0.090  ;    ; RE   ; 1      ; SCLK_TO_ROWCLK_BUF_X15_Y44_N0_I46     ; SCLK_TO_ROWCLK_BUF                                         ;
;   3.924 ;   0.486  ;    ; RE   ; 7      ; LAB_CLK_X16_Y44_N0_I5                 ; LAB_CLK                                                    ;
;   4.067 ;   0.143  ;    ; RE   ; 1      ; BLK_CLK_BUF_X18_Y44_N0_I5             ; BLK_CLK_BUF                                                ;
;   4.129 ;   0.062  ;    ; RE   ; 1      ; ROWCLKSEL_PREBUF_X18_Y44_N0_I5        ; ROWCLKSEL_PREBUF                                           ;
;   4.175 ;   0.046  ;    ; RE   ; 1      ; ROWCLKSEL_X18_Y44_N0_I0               ; ROWCLKSEL                                                  ;
;   4.175 ;   0.000  ;    ; RE   ; 2      ; GLOBAL_LOCAL_SEL_X18_Y44_N0_I0        ; GLOBAL_LOCAL_SEL                                           ;
;   4.175 ;   0.000  ;    ; RE   ; 5      ; LAB_INPUT_X18_Y44_N0_I2               ; LAB_INPUT                                                  ;
;   4.175 ;   0.000  ; RR ; IC   ; 1      ; FF_X18_Y44_N52                        ; u_norm|u_norm|u_sqrt|root[28]|clk                          ;
;   4.783 ;   0.608  ; RR ; CELL ; 1      ; FF_X18_Y44_N52                        ; norm_dispatch:u_norm|norm:u_norm|isqrt_u64:u_sqrt|root[28] ;
;   4.676 ;   -0.107 ;    ;      ;        ;                                       ; clock pessimism removed                                    ;
; 4.676   ; 0.000    ;    ;      ;        ;                                       ; clock uncertainty                                          ;
; 4.676   ; 0.000    ;    ; uTh  ; 1      ; FF_X18_Y44_N52                        ; norm_dispatch:u_norm|norm:u_norm|isqrt_u64:u_sqrt|root[28] ;
+---------+----------+----+------+--------+---------------------------------------+------------------------------------------------------------+

----------------------------
; Extra Fitter Information ;
----------------------------
HTML report is unavailable in plain text report export.


Path #38: Hold slack is 0.425 
===============================================================================
+-----------------------------------------------------------------+
; Path Summary                                                    ;
+--------------------+--------------------------------------------+
; Property           ; Value                                      ;
+--------------------+--------------------------------------------+
; From Node          ; scale_compose:u_compose|div:u_div|count[4] ;
; To Node            ; scale_compose:u_compose|div:u_div|count[5] ;
; Launch Clock       ; clk                                        ;
; Latch Clock        ; clk                                        ;
; Data Arrival Time  ; 5.037                                      ;
; Data Required Time ; 4.612                                      ;
; Slack              ; 0.425                                      ;
+--------------------+--------------------------------------------+

+------------------------------------------------------------------------------------+
; Statistics                                                                         ;
+------------------------+-------+-------+-------------+------------+--------+-------+
; Property               ; Value ; Count ; Total Delay ; % of Total ; Min    ; Max   ;
+------------------------+-------+-------+-------------+------------+--------+-------+
; Hold Relationship      ; 0.000 ;       ;             ;            ;        ;       ;
; Clock Skew             ; 0.107 ;       ;             ;            ;        ;       ;
; Data Delay             ; 0.532 ;       ;             ;            ;        ;       ;
; Number of Logic Levels ;       ; 1     ;             ;            ;        ;       ;
; Physical Delays        ;       ;       ;             ;            ;        ;       ;
;  Arrival Path          ;       ;       ;             ;            ;        ;       ;
;   Clock                ;       ;       ;             ;            ;        ;       ;
;    IC                  ;       ; 3     ; 0.000       ; 0          ; 0.000  ; 0.000 ;
;    Cell                ;       ; 3     ; 2.020       ; 45         ; 0.505  ; 0.989 ;
;    Routing Element     ;       ; 27    ; 2.485       ; 55         ; 0.000  ; 0.807 ;
;   Data                 ;       ;       ;             ;            ;        ;       ;
;    IC                  ;       ; 2     ; -0.001      ; 0          ; -0.001 ; 0.000 ;
;    Cell                ;       ; 3     ; 0.145       ; 27         ; 0.000  ; 0.087 ;
;    uTco                ;       ; 1     ; 0.000       ; 0          ; 0.000  ; 0.000 ;
;    Routing Element     ;       ; 5     ; 0.388       ; 73         ; 0.000  ; 0.152 ;
;  Required Path         ;       ;       ;             ;            ;        ;       ;
;   Clock                ;       ;       ;             ;            ;        ;       ;
;    IC                  ;       ; 3     ; 0.001       ; 0          ; 0.000  ; 0.001 ;
;    Cell                ;       ; 3     ; 2.124       ; 45         ; 0.538  ; 0.989 ;
;    Routing Element     ;       ; 27    ; 2.589       ; 55         ; 0.000  ; 0.836 ;
+------------------------+-------+-------+-------------+------------+--------+-------+
Note: Negative delays are omitted from totals when calculating percentages

+------------------------------------------------------------------------------------------------------------------------------+
; Data Arrival Path                                                                                                            ;
+---------+----------+----+------+--------+---------------------------------------+--------------------------------------------+
; Total   ; Incr     ; RF ; Type ; Fanout ; Location                              ; Element                                    ;
+---------+----------+----+------+--------+---------------------------------------+--------------------------------------------+
; 0.000   ; 0.000    ;    ;      ;        ;                                       ; launch edge time                           ;
; 4.505   ; 4.505    ;    ;      ;        ;                                       ; clock path                                 ;
;   0.000 ;   0.000  ;    ;      ;        ;                                       ; source latency                             ;
;   0.000 ;   0.000  ;    ;      ; 1      ; PIN_N16                               ; clk                                        ;
;   0.000 ;   0.000  ;    ; RE   ; 1      ; IOPAD_X89_Y35_N43                     ; ARRIAV_IO_PAD                              ;
;   0.000 ;   0.000  ;    ; RE   ; 1      ; IO_PAD_OUTPUT_X89_Y35_N43_I1          ; IO_PAD_OUTPUT                              ;
;   0.000 ;   0.000  ;    ; RE   ; 1      ; IO_INPUT_BUFFER_INPUT_X89_Y35_N44_I0  ; IO_INPUT_BUFFER_INPUT                      ;
;   0.000 ;   0.000  ; RR ; IC   ; 1      ; IOIBUF_X89_Y35_N44                    ; clk~input|i                                ;
;   0.989 ;   0.989  ; RR ; CELL ; 1      ; IOIBUF_X89_Y35_N44                    ; clk~input|o                                ;
;   0.989 ;   0.000  ;    ; RE   ; 1      ; IOIBUF_X89_Y35_N44                    ; ARRIAV_IO_IBUF                             ;
;   0.989 ;   0.000  ;    ; RE   ; 1      ; IO_INPUT_BUFFER_OUTPUT_X89_Y35_N44_I2 ; IO_INPUT_BUFFER_OUTPUT                     ;
;   0.989 ;   0.000  ;    ; RE   ; 1      ; IO_RE_X89_Y35_N43_I96                 ; IO_RE                                      ;
;   1.084 ;   0.095  ;    ; RE   ; 1      ; IO_RE_X89_Y35_N43_I66                 ; IO_RE                                      ;
;   1.296 ;   0.212  ;    ; RE   ; 1      ; CLKBUF_CLUSTER_RE_X89_Y39_N3_I368     ; CLKBUF_CLUSTER_RE                          ;
;   1.296 ;   0.000  ;    ; RE   ; 1      ; CLKBUF_CLUSTER_RE_X89_Y39_N3_I764     ; CLKBUF_CLUSTER_RE                          ;
;   1.296 ;   0.000  ;    ; RE   ; 1      ; CLKBUF_CLUSTER_RE_X89_Y39_N3_I813     ; CLKBUF_CLUSTER_RE                          ;
;   1.296 ;   0.000  ;    ; RE   ; 1      ; CLKBUF_CLUSTER_RE_X89_Y39_N3_I553     ; CLKBUF_CLUSTER_RE                          ;
;   1.296 ;   0.000  ;    ; RE   ; 1      ; GCLK_CLUSTER_RE_X89_Y39_N6_I10        ; GCLK_CLUSTER_RE                            ;
;   1.296 ;   0.000  ;    ; RE   ; 1      ; CLKBUFBLOCK_INPUT_X89_Y39_N7_I0       ; CLKBUFBLOCK_INPUT                          ;
;   1.296 ;   0.000  ; RR ; IC   ; 1      ; CLKCTRL_G9                            ; clk~inputCLKENA0|inclk                     ;
;   1.801 ;   0.505  ; RR ; CELL ; 7412   ; CLKCTRL_G9                            ; clk~inputCLKENA0|outclk                    ;
;   1.801 ;   0.000  ;    ; RE   ; 1      ; CLKCTRL_G9                            ; ARRIAV_CLKBUF                              ;
;   1.801 ;   0.000  ;    ; RE   ; 1      ; CLKBUFBLOCK_OUTPUT_X89_Y39_N7_I2      ; CLKBUFBLOCK_OUTPUT                         ;
;   1.801 ;   0.000  ;    ; RE   ; 1      ; GCLK_CLUSTER_RE_X89_Y39_N6_I12        ; GCLK_CLUSTER_RE                            ;
;   1.801 ;   0.000  ;    ; RE   ; 1      ; CLKBUF_CLUSTER_RE_X89_Y39_N3_I416     ; CLKBUF_CLUSTER_RE                          ;
;   2.608 ;   0.807  ;    ; RE   ; 8      ; GLOBAL_CLOCK_X0_Y36_N0_I9             ; GLOBAL_CLOCK                               ;
;   2.750 ;   0.142  ;    ; RE   ; 15     ; SPINE_CLOCK_X15_Y19_N0_I7             ; SPINE_CLOCK                                ;
;   3.174 ;   0.424  ;    ; RE   ; 1      ; SCLK_TO_ROWCLK_BUF_X15_Y24_N0_I43     ; SCLK_TO_ROWCLK_BUF                         ;
;   3.271 ;   0.097  ;    ; RE   ; 2      ; SCLK_TO_ROWCLK_BUF_X15_Y24_N0_I46     ; SCLK_TO_ROWCLK_BUF                         ;
;   3.746 ;   0.475  ;    ; RE   ; 5      ; LAB_CLK_X16_Y24_N0_I5                 ; LAB_CLK                                    ;
;   3.877 ;   0.131  ;    ; RE   ; 1      ; BLK_CLK_BUF_X17_Y24_N0_I5             ; BLK_CLK_BUF                                ;
;   3.937 ;   0.060  ;    ; RE   ; 1      ; ROWCLKSEL_PREBUF_X17_Y24_N0_I5        ; ROWCLKSEL_PREBUF                           ;
;   3.979 ;   0.042  ;    ; RE   ; 1      ; ROWCLKSEL_X17_Y24_N0_I0               ; ROWCLKSEL                                  ;
;   3.979 ;   0.000  ;    ; RE   ; 1      ; GLOBAL_LOCAL_SEL_X17_Y24_N0_I0        ; GLOBAL_LOCAL_SEL                           ;
;   3.979 ;   0.000  ;    ; RE   ; 8      ; LAB_INPUT_X17_Y24_N0_I1               ; LAB_INPUT                                  ;
;   3.979 ;   0.000  ; RR ; IC   ; 1      ; FF_X17_Y24_N19                        ; u_compose|u_div|count[4]|clk               ;
;   4.505 ;   0.526  ; RR ; CELL ; 1      ; FF_X17_Y24_N19                        ; scale_compose:u_compose|div:u_div|count[4] ;
; 5.037   ; 0.532    ;    ;      ;        ;                                       ; data path                                  ;
;   4.505 ;   0.000  ;    ; uTco ; 1      ; FF_X17_Y24_N19                        ; scale_compose:u_compose|div:u_div|count[4] ;
;   4.505 ;   0.000  ; FF ; CELL ; 3      ; FF_X17_Y24_N19                        ; u_compose|u_div|count[4]|q                 ;
;   4.555 ;   0.050  ;    ; RE   ; 2      ; FF_X17_Y24_N19                        ; ARRIAV_FF                                  ;
;   4.626 ;   0.071  ;    ; RE   ; 1      ; LE_BUFFER_X17_Y24_N0_I12              ; LE_BUFFER                                  ;
;   4.778 ;   0.152  ;    ; RE   ; 2      ; LOCAL_INTERCONNECT_X17_Y24_N0_I36     ; LAB_LINE                                   ;
;   4.893 ;   0.115  ;    ; RE   ; 1      ; BLOCK_INPUT_MUX_X17_Y24_N0_I1         ; LEIM_INPUT                                 ;
;   4.892 ;   -0.001 ; FF ; IC   ; 1      ; LABCELL_X17_Y24_N0                    ; u_compose|u_div|count~5|dataf              ;
;   4.950 ;   0.058  ; FF ; CELL ; 1      ; LABCELL_X17_Y24_N0                    ; u_compose|u_div|count~5|combout            ;
;   4.950 ;   0.000  ;    ; RE   ; 1      ; LABCELL_X17_Y24_N0                    ; ARRIAV_LCELL_COMB                          ;
;   4.950 ;   0.000  ; FF ; IC   ; 1      ; FF_X17_Y24_N2                         ; u_compose|u_div|count[5]|d                 ;
;   5.037 ;   0.087  ; FF ; CELL ; 1      ; FF_X17_Y24_N2                         ; scale_compose:u_compose|div:u_div|count[5] ;
+---------+----------+----+------+--------+---------------------------------------+--------------------------------------------+

+------------------------------------------------------------------------------------------------------------------------------+
; Data Required Path                                                                                                           ;
+---------+----------+----+------+--------+---------------------------------------+--------------------------------------------+
; Total   ; Incr     ; RF ; Type ; Fanout ; Location                              ; Element                                    ;
+---------+----------+----+------+--------+---------------------------------------+--------------------------------------------+
; 0.000   ; 0.000    ;    ;      ;        ;                                       ; latch edge time                            ;
; 4.612   ; 4.612    ;    ;      ;        ;                                       ; clock path                                 ;
;   0.000 ;   0.000  ;    ;      ;        ;                                       ; source latency                             ;
;   0.000 ;   0.000  ;    ;      ; 1      ; PIN_N16                               ; clk                                        ;
;   0.000 ;   0.000  ;    ; RE   ; 1      ; IOPAD_X89_Y35_N43                     ; ARRIAV_IO_PAD                              ;
;   0.000 ;   0.000  ;    ; RE   ; 1      ; IO_PAD_OUTPUT_X89_Y35_N43_I1          ; IO_PAD_OUTPUT                              ;
;   0.000 ;   0.000  ;    ; RE   ; 1      ; IO_INPUT_BUFFER_INPUT_X89_Y35_N44_I0  ; IO_INPUT_BUFFER_INPUT                      ;
;   0.000 ;   0.000  ; RR ; IC   ; 1      ; IOIBUF_X89_Y35_N44                    ; clk~input|i                                ;
;   0.989 ;   0.989  ; RR ; CELL ; 1      ; IOIBUF_X89_Y35_N44                    ; clk~input|o                                ;
;   0.989 ;   0.000  ;    ; RE   ; 1      ; IOIBUF_X89_Y35_N44                    ; ARRIAV_IO_IBUF                             ;
;   0.989 ;   0.000  ;    ; RE   ; 1      ; IO_INPUT_BUFFER_OUTPUT_X89_Y35_N44_I2 ; IO_INPUT_BUFFER_OUTPUT                     ;
;   0.989 ;   0.000  ;    ; RE   ; 1      ; IO_RE_X89_Y35_N43_I96                 ; IO_RE                                      ;
;   1.089 ;   0.100  ;    ; RE   ; 1      ; IO_RE_X89_Y35_N43_I66                 ; IO_RE                                      ;
;   1.311 ;   0.222  ;    ; RE   ; 1      ; CLKBUF_CLUSTER_RE_X89_Y39_N3_I368     ; CLKBUF_CLUSTER_RE                          ;
;   1.311 ;   0.000  ;    ; RE   ; 1      ; CLKBUF_CLUSTER_RE_X89_Y39_N3_I764     ; CLKBUF_CLUSTER_RE                          ;
;   1.311 ;   0.000  ;    ; RE   ; 1      ; CLKBUF_CLUSTER_RE_X89_Y39_N3_I813     ; CLKBUF_CLUSTER_RE                          ;
;   1.311 ;   0.000  ;    ; RE   ; 1      ; CLKBUF_CLUSTER_RE_X89_Y39_N3_I553     ; CLKBUF_CLUSTER_RE                          ;
;   1.311 ;   0.000  ;    ; RE   ; 1      ; GCLK_CLUSTER_RE_X89_Y39_N6_I10        ; GCLK_CLUSTER_RE                            ;
;   1.311 ;   0.000  ;    ; RE   ; 1      ; CLKBUFBLOCK_INPUT_X89_Y39_N7_I0       ; CLKBUFBLOCK_INPUT                          ;
;   1.311 ;   0.000  ; RR ; IC   ; 1      ; CLKCTRL_G9                            ; clk~inputCLKENA0|inclk                     ;
;   1.849 ;   0.538  ; RR ; CELL ; 7412   ; CLKCTRL_G9                            ; clk~inputCLKENA0|outclk                    ;
;   1.849 ;   0.000  ;    ; RE   ; 1      ; CLKCTRL_G9                            ; ARRIAV_CLKBUF                              ;
;   1.849 ;   0.000  ;    ; RE   ; 1      ; CLKBUFBLOCK_OUTPUT_X89_Y39_N7_I2      ; CLKBUFBLOCK_OUTPUT                         ;
;   1.849 ;   0.000  ;    ; RE   ; 1      ; GCLK_CLUSTER_RE_X89_Y39_N6_I12        ; GCLK_CLUSTER_RE                            ;
;   1.849 ;   0.000  ;    ; RE   ; 1      ; CLKBUF_CLUSTER_RE_X89_Y39_N3_I416     ; CLKBUF_CLUSTER_RE                          ;
;   2.685 ;   0.836  ;    ; RE   ; 8      ; GLOBAL_CLOCK_X0_Y36_N0_I9             ; GLOBAL_CLOCK                               ;
;   2.833 ;   0.148  ;    ; RE   ; 15     ; SPINE_CLOCK_X15_Y19_N0_I7             ; SPINE_CLOCK                                ;
;   3.273 ;   0.440  ;    ; RE   ; 1      ; SCLK_TO_ROWCLK_BUF_X15_Y24_N0_I43     ; SCLK_TO_ROWCLK_BUF                         ;
;   3.373 ;   0.100  ;    ; RE   ; 2      ; SCLK_TO_ROWCLK_BUF_X15_Y24_N0_I46     ; SCLK_TO_ROWCLK_BUF                         ;
;   3.866 ;   0.493  ;    ; RE   ; 5      ; LAB_CLK_X16_Y24_N0_I5                 ; LAB_CLK                                    ;
;   4.008 ;   0.142  ;    ; RE   ; 1      ; BLK_CLK_BUF_X17_Y24_N0_I5             ; BLK_CLK_BUF                                ;
;   4.070 ;   0.062  ;    ; RE   ; 1      ; ROWCLKSEL_PREBUF_X17_Y24_N0_I5        ; ROWCLKSEL_PREBUF                           ;
;   4.116 ;   0.046  ;    ; RE   ; 1      ; ROWCLKSEL_X17_Y24_N0_I0               ; ROWCLKSEL                                  ;
;   4.116 ;   0.000  ;    ; RE   ; 1      ; GLOBAL_LOCAL_SEL_X17_Y24_N0_I0        ; GLOBAL_LOCAL_SEL                           ;
;   4.116 ;   0.000  ;    ; RE   ; 8      ; LAB_INPUT_X17_Y24_N0_I1               ; LAB_INPUT                                  ;
;   4.117 ;   0.001  ; RR ; IC   ; 1      ; FF_X17_Y24_N2                         ; u_compose|u_div|count[5]|clk               ;
;   4.714 ;   0.597  ; RR ; CELL ; 1      ; FF_X17_Y24_N2                         ; scale_compose:u_compose|div:u_div|count[5] ;
;   4.612 ;   -0.102 ;    ;      ;        ;                                       ; clock pessimism removed                    ;
; 4.612   ; 0.000    ;    ;      ;        ;                                       ; clock uncertainty                          ;
; 4.612   ; 0.000    ;    ; uTh  ; 1      ; FF_X17_Y24_N2                         ; scale_compose:u_compose|div:u_div|count[5] ;
+---------+----------+----+------+--------+---------------------------------------+--------------------------------------------+

----------------------------
; Extra Fitter Information ;
----------------------------
HTML report is unavailable in plain text report export.


Path #39: Hold slack is 0.429 
===============================================================================
+-----------------------------------------------------------------------------+
; Path Summary                                                                ;
+--------------------+--------------------------------------------------------+
; Property           ; Value                                                  ;
+--------------------+--------------------------------------------------------+
; From Node          ; norm_dispatch:u_norm|norm:u_norm|rms_r[13]~DUPLICATE   ;
; To Node            ; norm_dispatch:u_norm|norm:u_norm|div:u_div|den_reg[13] ;
; Launch Clock       ; clk                                                    ;
; Latch Clock        ; clk                                                    ;
; Data Arrival Time  ; 5.113                                                  ;
; Data Required Time ; 4.684                                                  ;
; Slack              ; 0.429                                                  ;
+--------------------+--------------------------------------------------------+

+-----------------------------------------------------------------------------------+
; Statistics                                                                        ;
+------------------------+-------+-------+-------------+------------+-------+-------+
; Property               ; Value ; Count ; Total Delay ; % of Total ; Min   ; Max   ;
+------------------------+-------+-------+-------------+------------+-------+-------+
; Hold Relationship      ; 0.000 ;       ;             ;            ;       ;       ;
; Clock Skew             ; 0.109 ;       ;             ;            ;       ;       ;
; Data Delay             ; 0.538 ;       ;             ;            ;       ;       ;
; Number of Logic Levels ;       ; 1     ;             ;            ;       ;       ;
; Physical Delays        ;       ;       ;             ;            ;       ;       ;
;  Arrival Path          ;       ;       ;             ;            ;       ;       ;
;   Clock                ;       ;       ;             ;            ;       ;       ;
;    IC                  ;       ; 3     ; 0.000       ; 0          ; 0.000 ; 0.000 ;
;    Cell                ;       ; 3     ; 2.035       ; 44         ; 0.505 ; 0.989 ;
;    Routing Element     ;       ; 27    ; 2.540       ; 56         ; 0.000 ; 0.823 ;
;   Data                 ;       ;       ;             ;            ;       ;       ;
;    IC                  ;       ; 2     ; 0.000       ; 0          ; 0.000 ; 0.000 ;
;    Cell                ;       ; 3     ; 0.151       ; 28         ; 0.000 ; 0.089 ;
;    uTco                ;       ; 1     ; 0.000       ; 0          ; 0.000 ; 0.000 ;
;    Routing Element     ;       ; 5     ; 0.387       ; 72         ; 0.000 ; 0.149 ;
;  Required Path         ;       ;       ;             ;            ;       ;       ;
;   Clock                ;       ;       ;             ;            ;       ;       ;
;    IC                  ;       ; 3     ; 0.001       ; 0          ; 0.000 ; 0.001 ;
;    Cell                ;       ; 3     ; 2.141       ; 45         ; 0.538 ; 0.989 ;
;    Routing Element     ;       ; 27    ; 2.648       ; 55         ; 0.000 ; 0.855 ;
+------------------------+-------+-------+-------------+------------+-------+-------+
Note: Negative delays are omitted from totals when calculating percentages

+-----------------------------------------------------------------------------------------------------------------------------------------+
; Data Arrival Path                                                                                                                       ;
+---------+---------+----+------+--------+---------------------------------------+--------------------------------------------------------+
; Total   ; Incr    ; RF ; Type ; Fanout ; Location                              ; Element                                                ;
+---------+---------+----+------+--------+---------------------------------------+--------------------------------------------------------+
; 0.000   ; 0.000   ;    ;      ;        ;                                       ; launch edge time                                       ;
; 4.575   ; 4.575   ;    ;      ;        ;                                       ; clock path                                             ;
;   0.000 ;   0.000 ;    ;      ;        ;                                       ; source latency                                         ;
;   0.000 ;   0.000 ;    ;      ; 1      ; PIN_N16                               ; clk                                                    ;
;   0.000 ;   0.000 ;    ; RE   ; 1      ; IOPAD_X89_Y35_N43                     ; ARRIAV_IO_PAD                                          ;
;   0.000 ;   0.000 ;    ; RE   ; 1      ; IO_PAD_OUTPUT_X89_Y35_N43_I1          ; IO_PAD_OUTPUT                                          ;
;   0.000 ;   0.000 ;    ; RE   ; 1      ; IO_INPUT_BUFFER_INPUT_X89_Y35_N44_I0  ; IO_INPUT_BUFFER_INPUT                                  ;
;   0.000 ;   0.000 ; RR ; IC   ; 1      ; IOIBUF_X89_Y35_N44                    ; clk~input|i                                            ;
;   0.989 ;   0.989 ; RR ; CELL ; 1      ; IOIBUF_X89_Y35_N44                    ; clk~input|o                                            ;
;   0.989 ;   0.000 ;    ; RE   ; 1      ; IOIBUF_X89_Y35_N44                    ; ARRIAV_IO_IBUF                                         ;
;   0.989 ;   0.000 ;    ; RE   ; 1      ; IO_INPUT_BUFFER_OUTPUT_X89_Y35_N44_I2 ; IO_INPUT_BUFFER_OUTPUT                                 ;
;   0.989 ;   0.000 ;    ; RE   ; 1      ; IO_RE_X89_Y35_N43_I96                 ; IO_RE                                                  ;
;   1.084 ;   0.095 ;    ; RE   ; 1      ; IO_RE_X89_Y35_N43_I66                 ; IO_RE                                                  ;
;   1.296 ;   0.212 ;    ; RE   ; 1      ; CLKBUF_CLUSTER_RE_X89_Y39_N3_I368     ; CLKBUF_CLUSTER_RE                                      ;
;   1.296 ;   0.000 ;    ; RE   ; 1      ; CLKBUF_CLUSTER_RE_X89_Y39_N3_I764     ; CLKBUF_CLUSTER_RE                                      ;
;   1.296 ;   0.000 ;    ; RE   ; 1      ; CLKBUF_CLUSTER_RE_X89_Y39_N3_I813     ; CLKBUF_CLUSTER_RE                                      ;
;   1.296 ;   0.000 ;    ; RE   ; 1      ; CLKBUF_CLUSTER_RE_X89_Y39_N3_I553     ; CLKBUF_CLUSTER_RE                                      ;
;   1.296 ;   0.000 ;    ; RE   ; 1      ; GCLK_CLUSTER_RE_X89_Y39_N6_I10        ; GCLK_CLUSTER_RE                                        ;
;   1.296 ;   0.000 ;    ; RE   ; 1      ; CLKBUFBLOCK_INPUT_X89_Y39_N7_I0       ; CLKBUFBLOCK_INPUT                                      ;
;   1.296 ;   0.000 ; RR ; IC   ; 1      ; CLKCTRL_G9                            ; clk~inputCLKENA0|inclk                                 ;
;   1.801 ;   0.505 ; RR ; CELL ; 7412   ; CLKCTRL_G9                            ; clk~inputCLKENA0|outclk                                ;
;   1.801 ;   0.000 ;    ; RE   ; 1      ; CLKCTRL_G9                            ; ARRIAV_CLKBUF                                          ;
;   1.801 ;   0.000 ;    ; RE   ; 1      ; CLKBUFBLOCK_OUTPUT_X89_Y39_N7_I2      ; CLKBUFBLOCK_OUTPUT                                     ;
;   1.801 ;   0.000 ;    ; RE   ; 1      ; GCLK_CLUSTER_RE_X89_Y39_N6_I12        ; GCLK_CLUSTER_RE                                        ;
;   1.801 ;   0.000 ;    ; RE   ; 1      ; CLKBUF_CLUSTER_RE_X89_Y39_N3_I416     ; CLKBUF_CLUSTER_RE                                      ;
;   2.624 ;   0.823 ;    ; RE   ; 8      ; GLOBAL_CLOCK_X0_Y36_N0_I9             ; GLOBAL_CLOCK                                           ;
;   2.785 ;   0.161 ;    ; RE   ; 13     ; SPINE_CLOCK_X15_Y37_N0_I7             ; SPINE_CLOCK                                            ;
;   3.243 ;   0.458 ;    ; RE   ; 1      ; SCLK_TO_ROWCLK_BUF_X15_Y46_N0_I43     ; SCLK_TO_ROWCLK_BUF                                     ;
;   3.330 ;   0.087 ;    ; RE   ; 1      ; SCLK_TO_ROWCLK_BUF_X15_Y46_N0_I46     ; SCLK_TO_ROWCLK_BUF                                     ;
;   3.800 ;   0.470 ;    ; RE   ; 7      ; LAB_CLK_X16_Y46_N0_I5                 ; LAB_CLK                                                ;
;   3.931 ;   0.131 ;    ; RE   ; 1      ; BLK_CLK_BUF_X24_Y46_N0_I5             ; BLK_CLK_BUF                                            ;
;   3.991 ;   0.060 ;    ; RE   ; 1      ; ROWCLKSEL_PREBUF_X24_Y46_N0_I5        ; ROWCLKSEL_PREBUF                                       ;
;   4.034 ;   0.043 ;    ; RE   ; 1      ; ROWCLKSEL_X24_Y46_N0_I0               ; ROWCLKSEL                                              ;
;   4.034 ;   0.000 ;    ; RE   ; 2      ; GLOBAL_LOCAL_SEL_X24_Y46_N0_I0        ; GLOBAL_LOCAL_SEL                                       ;
;   4.034 ;   0.000 ;    ; RE   ; 3      ; LAB_INPUT_X24_Y46_N0_I0               ; LAB_INPUT                                              ;
;   4.034 ;   0.000 ; RR ; IC   ; 1      ; FF_X24_Y46_N28                        ; u_norm|u_norm|rms_r[13]~DUPLICATE|clk                  ;
;   4.575 ;   0.541 ; RR ; CELL ; 1      ; FF_X24_Y46_N28                        ; norm_dispatch:u_norm|norm:u_norm|rms_r[13]~DUPLICATE   ;
; 5.113   ; 0.538   ;    ;      ;        ;                                       ; data path                                              ;
;   4.575 ;   0.000 ;    ; uTco ; 1      ; FF_X24_Y46_N28                        ; norm_dispatch:u_norm|norm:u_norm|rms_r[13]~DUPLICATE   ;
;   4.575 ;   0.000 ; FF ; CELL ; 8      ; FF_X24_Y46_N28                        ; u_norm|u_norm|rms_r[13]~DUPLICATE|q                    ;
;   4.625 ;   0.050 ;    ; RE   ; 1      ; FF_X24_Y46_N28                        ; ARRIAV_FF                                              ;
;   4.682 ;   0.057 ;    ; RE   ; 2      ; LE_BUFFER_X24_Y46_N0_I18              ; LE_BUFFER                                              ;
;   4.831 ;   0.149 ;    ; RE   ; 5      ; LOCAL_INTERCONNECT_X24_Y46_N0_I38     ; LAB_LINE                                               ;
;   4.962 ;   0.131 ;    ; RE   ; 1      ; BLOCK_INPUT_MUX_X24_Y46_N0_I41        ; LEIM_INPUT                                             ;
;   4.962 ;   0.000 ; FF ; IC   ; 1      ; LABCELL_X24_Y46_N30                   ; u_norm|u_norm|Selector177~0|dataf                      ;
;   5.024 ;   0.062 ; FF ; CELL ; 2      ; LABCELL_X24_Y46_N30                   ; u_norm|u_norm|Selector177~0|combout                    ;
;   5.024 ;   0.000 ;    ; RE   ; 2      ; LABCELL_X24_Y46_N30                   ; ARRIAV_LCELL_COMB                                      ;
;   5.024 ;   0.000 ; FF ; IC   ; 1      ; FF_X24_Y46_N32                        ; u_norm|u_norm|u_div|den_reg[13]|d                      ;
;   5.113 ;   0.089 ; FF ; CELL ; 1      ; FF_X24_Y46_N32                        ; norm_dispatch:u_norm|norm:u_norm|div:u_div|den_reg[13] ;
+---------+---------+----+------+--------+---------------------------------------+--------------------------------------------------------+

+------------------------------------------------------------------------------------------------------------------------------------------+
; Data Required Path                                                                                                                       ;
+---------+----------+----+------+--------+---------------------------------------+--------------------------------------------------------+
; Total   ; Incr     ; RF ; Type ; Fanout ; Location                              ; Element                                                ;
+---------+----------+----+------+--------+---------------------------------------+--------------------------------------------------------+
; 0.000   ; 0.000    ;    ;      ;        ;                                       ; latch edge time                                        ;
; 4.684   ; 4.684    ;    ;      ;        ;                                       ; clock path                                             ;
;   0.000 ;   0.000  ;    ;      ;        ;                                       ; source latency                                         ;
;   0.000 ;   0.000  ;    ;      ; 1      ; PIN_N16                               ; clk                                                    ;
;   0.000 ;   0.000  ;    ; RE   ; 1      ; IOPAD_X89_Y35_N43                     ; ARRIAV_IO_PAD                                          ;
;   0.000 ;   0.000  ;    ; RE   ; 1      ; IO_PAD_OUTPUT_X89_Y35_N43_I1          ; IO_PAD_OUTPUT                                          ;
;   0.000 ;   0.000  ;    ; RE   ; 1      ; IO_INPUT_BUFFER_INPUT_X89_Y35_N44_I0  ; IO_INPUT_BUFFER_INPUT                                  ;
;   0.000 ;   0.000  ; RR ; IC   ; 1      ; IOIBUF_X89_Y35_N44                    ; clk~input|i                                            ;
;   0.989 ;   0.989  ; RR ; CELL ; 1      ; IOIBUF_X89_Y35_N44                    ; clk~input|o                                            ;
;   0.989 ;   0.000  ;    ; RE   ; 1      ; IOIBUF_X89_Y35_N44                    ; ARRIAV_IO_IBUF                                         ;
;   0.989 ;   0.000  ;    ; RE   ; 1      ; IO_INPUT_BUFFER_OUTPUT_X89_Y35_N44_I2 ; IO_INPUT_BUFFER_OUTPUT                                 ;
;   0.989 ;   0.000  ;    ; RE   ; 1      ; IO_RE_X89_Y35_N43_I96                 ; IO_RE                                                  ;
;   1.089 ;   0.100  ;    ; RE   ; 1      ; IO_RE_X89_Y35_N43_I66                 ; IO_RE                                                  ;
;   1.311 ;   0.222  ;    ; RE   ; 1      ; CLKBUF_CLUSTER_RE_X89_Y39_N3_I368     ; CLKBUF_CLUSTER_RE                                      ;
;   1.311 ;   0.000  ;    ; RE   ; 1      ; CLKBUF_CLUSTER_RE_X89_Y39_N3_I764     ; CLKBUF_CLUSTER_RE                                      ;
;   1.311 ;   0.000  ;    ; RE   ; 1      ; CLKBUF_CLUSTER_RE_X89_Y39_N3_I813     ; CLKBUF_CLUSTER_RE                                      ;
;   1.311 ;   0.000  ;    ; RE   ; 1      ; CLKBUF_CLUSTER_RE_X89_Y39_N3_I553     ; CLKBUF_CLUSTER_RE                                      ;
;   1.311 ;   0.000  ;    ; RE   ; 1      ; GCLK_CLUSTER_RE_X89_Y39_N6_I10        ; GCLK_CLUSTER_RE                                        ;
;   1.311 ;   0.000  ;    ; RE   ; 1      ; CLKBUFBLOCK_INPUT_X89_Y39_N7_I0       ; CLKBUFBLOCK_INPUT                                      ;
;   1.311 ;   0.000  ; RR ; IC   ; 1      ; CLKCTRL_G9                            ; clk~inputCLKENA0|inclk                                 ;
;   1.849 ;   0.538  ; RR ; CELL ; 7412   ; CLKCTRL_G9                            ; clk~inputCLKENA0|outclk                                ;
;   1.849 ;   0.000  ;    ; RE   ; 1      ; CLKCTRL_G9                            ; ARRIAV_CLKBUF                                          ;
;   1.849 ;   0.000  ;    ; RE   ; 1      ; CLKBUFBLOCK_OUTPUT_X89_Y39_N7_I2      ; CLKBUFBLOCK_OUTPUT                                     ;
;   1.849 ;   0.000  ;    ; RE   ; 1      ; GCLK_CLUSTER_RE_X89_Y39_N6_I12        ; GCLK_CLUSTER_RE                                        ;
;   1.849 ;   0.000  ;    ; RE   ; 1      ; CLKBUF_CLUSTER_RE_X89_Y39_N3_I416     ; CLKBUF_CLUSTER_RE                                      ;
;   2.704 ;   0.855  ;    ; RE   ; 8      ; GLOBAL_CLOCK_X0_Y36_N0_I9             ; GLOBAL_CLOCK                                           ;
;   2.871 ;   0.167  ;    ; RE   ; 13     ; SPINE_CLOCK_X15_Y37_N0_I7             ; SPINE_CLOCK                                            ;
;   3.346 ;   0.475  ;    ; RE   ; 1      ; SCLK_TO_ROWCLK_BUF_X15_Y46_N0_I43     ; SCLK_TO_ROWCLK_BUF                                     ;
;   3.436 ;   0.090  ;    ; RE   ; 1      ; SCLK_TO_ROWCLK_BUF_X15_Y46_N0_I46     ; SCLK_TO_ROWCLK_BUF                                     ;
;   3.924 ;   0.488  ;    ; RE   ; 7      ; LAB_CLK_X16_Y46_N0_I5                 ; LAB_CLK                                                ;
;   4.066 ;   0.142  ;    ; RE   ; 1      ; BLK_CLK_BUF_X24_Y46_N0_I5             ; BLK_CLK_BUF                                            ;
;   4.128 ;   0.062  ;    ; RE   ; 1      ; ROWCLKSEL_PREBUF_X24_Y46_N0_I5        ; ROWCLKSEL_PREBUF                                       ;
;   4.175 ;   0.047  ;    ; RE   ; 1      ; ROWCLKSEL_X24_Y46_N0_I0               ; ROWCLKSEL                                              ;
;   4.175 ;   0.000  ;    ; RE   ; 2      ; GLOBAL_LOCAL_SEL_X24_Y46_N0_I0        ; GLOBAL_LOCAL_SEL                                       ;
;   4.175 ;   0.000  ;    ; RE   ; 7      ; LAB_INPUT_X24_Y46_N0_I1               ; LAB_INPUT                                              ;
;   4.176 ;   0.001  ; RR ; IC   ; 1      ; FF_X24_Y46_N32                        ; u_norm|u_norm|u_div|den_reg[13]|clk                    ;
;   4.790 ;   0.614  ; RR ; CELL ; 1      ; FF_X24_Y46_N32                        ; norm_dispatch:u_norm|norm:u_norm|div:u_div|den_reg[13] ;
;   4.684 ;   -0.106 ;    ;      ;        ;                                       ; clock pessimism removed                                ;
; 4.684   ; 0.000    ;    ;      ;        ;                                       ; clock uncertainty                                      ;
; 4.684   ; 0.000    ;    ; uTh  ; 1      ; FF_X24_Y46_N32                        ; norm_dispatch:u_norm|norm:u_norm|div:u_div|den_reg[13] ;
+---------+----------+----+------+--------+---------------------------------------+--------------------------------------------------------+

----------------------------
; Extra Fitter Information ;
----------------------------
HTML report is unavailable in plain text report export.


Path #40: Hold slack is 0.433 
===============================================================================
+--------------------------------------------------------------------------------------+
; Path Summary                                                                         ;
+--------------------+-----------------------------------------------------------------+
; Property           ; Value                                                           ;
+--------------------+-----------------------------------------------------------------+
; From Node          ; norm_dispatch:u_norm|norm:u_norm|isqrt_u64:u_sqrt|root_work[30] ;
; To Node            ; norm_dispatch:u_norm|norm:u_norm|isqrt_u64:u_sqrt|root_work[31] ;
; Launch Clock       ; clk                                                             ;
; Latch Clock        ; clk                                                             ;
; Data Arrival Time  ; 5.119                                                           ;
; Data Required Time ; 4.686                                                           ;
; Slack              ; 0.433                                                           ;
+--------------------+-----------------------------------------------------------------+

+------------------------------------------------------------------------------------+
; Statistics                                                                         ;
+------------------------+-------+-------+-------------+------------+--------+-------+
; Property               ; Value ; Count ; Total Delay ; % of Total ; Min    ; Max   ;
+------------------------+-------+-------+-------------+------------+--------+-------+
; Hold Relationship      ; 0.000 ;       ;             ;            ;        ;       ;
; Clock Skew             ; 0.104 ;       ;             ;            ;        ;       ;
; Data Delay             ; 0.537 ;       ;             ;            ;        ;       ;
; Number of Logic Levels ;       ; 1     ;             ;            ;        ;       ;
; Physical Delays        ;       ;       ;             ;            ;        ;       ;
;  Arrival Path          ;       ;       ;             ;            ;        ;       ;
;   Clock                ;       ;       ;             ;            ;        ;       ;
;    IC                  ;       ; 3     ; 0.000       ; 0          ; 0.000  ; 0.000 ;
;    Cell                ;       ; 3     ; 2.044       ; 45         ; 0.505  ; 0.989 ;
;    Routing Element     ;       ; 27    ; 2.538       ; 55         ; 0.000  ; 0.823 ;
;   Data                 ;       ;       ;             ;            ;        ;       ;
;    IC                  ;       ; 2     ; -0.001      ; 0          ; -0.001 ; 0.000 ;
;    Cell                ;       ; 3     ; 0.142       ; 26         ; 0.000  ; 0.085 ;
;    uTco                ;       ; 1     ; 0.000       ; 0          ; 0.000  ; 0.000 ;
;    Routing Element     ;       ; 5     ; 0.396       ; 74         ; 0.000  ; 0.152 ;
;  Required Path         ;       ;       ;             ;            ;        ;       ;
;   Clock                ;       ;       ;             ;            ;        ;       ;
;    IC                  ;       ; 3     ; 0.000       ; 0          ; 0.000  ; 0.000 ;
;    Cell                ;       ; 3     ; 2.146       ; 45         ; 0.538  ; 0.989 ;
;    Routing Element     ;       ; 27    ; 2.647       ; 55         ; 0.000  ; 0.855 ;
+------------------------+-------+-------+-------------+------------+--------+-------+
Note: Negative delays are omitted from totals when calculating percentages

+---------------------------------------------------------------------------------------------------------------------------------------------------+
; Data Arrival Path                                                                                                                                 ;
+---------+----------+----+------+--------+---------------------------------------+-----------------------------------------------------------------+
; Total   ; Incr     ; RF ; Type ; Fanout ; Location                              ; Element                                                         ;
+---------+----------+----+------+--------+---------------------------------------+-----------------------------------------------------------------+
; 0.000   ; 0.000    ;    ;      ;        ;                                       ; launch edge time                                                ;
; 4.582   ; 4.582    ;    ;      ;        ;                                       ; clock path                                                      ;
;   0.000 ;   0.000  ;    ;      ;        ;                                       ; source latency                                                  ;
;   0.000 ;   0.000  ;    ;      ; 1      ; PIN_N16                               ; clk                                                             ;
;   0.000 ;   0.000  ;    ; RE   ; 1      ; IOPAD_X89_Y35_N43                     ; ARRIAV_IO_PAD                                                   ;
;   0.000 ;   0.000  ;    ; RE   ; 1      ; IO_PAD_OUTPUT_X89_Y35_N43_I1          ; IO_PAD_OUTPUT                                                   ;
;   0.000 ;   0.000  ;    ; RE   ; 1      ; IO_INPUT_BUFFER_INPUT_X89_Y35_N44_I0  ; IO_INPUT_BUFFER_INPUT                                           ;
;   0.000 ;   0.000  ; RR ; IC   ; 1      ; IOIBUF_X89_Y35_N44                    ; clk~input|i                                                     ;
;   0.989 ;   0.989  ; RR ; CELL ; 1      ; IOIBUF_X89_Y35_N44                    ; clk~input|o                                                     ;
;   0.989 ;   0.000  ;    ; RE   ; 1      ; IOIBUF_X89_Y35_N44                    ; ARRIAV_IO_IBUF                                                  ;
;   0.989 ;   0.000  ;    ; RE   ; 1      ; IO_INPUT_BUFFER_OUTPUT_X89_Y35_N44_I2 ; IO_INPUT_BUFFER_OUTPUT                                          ;
;   0.989 ;   0.000  ;    ; RE   ; 1      ; IO_RE_X89_Y35_N43_I96                 ; IO_RE                                                           ;
;   1.084 ;   0.095  ;    ; RE   ; 1      ; IO_RE_X89_Y35_N43_I66                 ; IO_RE                                                           ;
;   1.296 ;   0.212  ;    ; RE   ; 1      ; CLKBUF_CLUSTER_RE_X89_Y39_N3_I368     ; CLKBUF_CLUSTER_RE                                               ;
;   1.296 ;   0.000  ;    ; RE   ; 1      ; CLKBUF_CLUSTER_RE_X89_Y39_N3_I764     ; CLKBUF_CLUSTER_RE                                               ;
;   1.296 ;   0.000  ;    ; RE   ; 1      ; CLKBUF_CLUSTER_RE_X89_Y39_N3_I813     ; CLKBUF_CLUSTER_RE                                               ;
;   1.296 ;   0.000  ;    ; RE   ; 1      ; CLKBUF_CLUSTER_RE_X89_Y39_N3_I553     ; CLKBUF_CLUSTER_RE                                               ;
;   1.296 ;   0.000  ;    ; RE   ; 1      ; GCLK_CLUSTER_RE_X89_Y39_N6_I10        ; GCLK_CLUSTER_RE                                                 ;
;   1.296 ;   0.000  ;    ; RE   ; 1      ; CLKBUFBLOCK_INPUT_X89_Y39_N7_I0       ; CLKBUFBLOCK_INPUT                                               ;
;   1.296 ;   0.000  ; RR ; IC   ; 1      ; CLKCTRL_G9                            ; clk~inputCLKENA0|inclk                                          ;
;   1.801 ;   0.505  ; RR ; CELL ; 7412   ; CLKCTRL_G9                            ; clk~inputCLKENA0|outclk                                         ;
;   1.801 ;   0.000  ;    ; RE   ; 1      ; CLKCTRL_G9                            ; ARRIAV_CLKBUF                                                   ;
;   1.801 ;   0.000  ;    ; RE   ; 1      ; CLKBUFBLOCK_OUTPUT_X89_Y39_N7_I2      ; CLKBUFBLOCK_OUTPUT                                              ;
;   1.801 ;   0.000  ;    ; RE   ; 1      ; GCLK_CLUSTER_RE_X89_Y39_N6_I12        ; GCLK_CLUSTER_RE                                                 ;
;   1.801 ;   0.000  ;    ; RE   ; 1      ; CLKBUF_CLUSTER_RE_X89_Y39_N3_I416     ; CLKBUF_CLUSTER_RE                                               ;
;   2.624 ;   0.823  ;    ; RE   ; 8      ; GLOBAL_CLOCK_X0_Y36_N0_I9             ; GLOBAL_CLOCK                                                    ;
;   2.787 ;   0.163  ;    ; RE   ; 13     ; SPINE_CLOCK_X15_Y37_N0_I7             ; SPINE_CLOCK                                                     ;
;   3.244 ;   0.457  ;    ; RE   ; 1      ; SCLK_TO_ROWCLK_BUF_X15_Y44_N0_I43     ; SCLK_TO_ROWCLK_BUF                                              ;
;   3.331 ;   0.087  ;    ; RE   ; 1      ; SCLK_TO_ROWCLK_BUF_X15_Y44_N0_I46     ; SCLK_TO_ROWCLK_BUF                                              ;
;   3.798 ;   0.467  ;    ; RE   ; 7      ; LAB_CLK_X16_Y44_N0_I5                 ; LAB_CLK                                                         ;
;   3.930 ;   0.132  ;    ; RE   ; 1      ; BLK_CLK_BUF_X17_Y44_N0_I5             ; BLK_CLK_BUF                                                     ;
;   3.990 ;   0.060  ;    ; RE   ; 1      ; ROWCLKSEL_PREBUF_X17_Y44_N0_I5        ; ROWCLKSEL_PREBUF                                                ;
;   4.032 ;   0.042  ;    ; RE   ; 1      ; ROWCLKSEL_X17_Y44_N0_I0               ; ROWCLKSEL                                                       ;
;   4.032 ;   0.000  ;    ; RE   ; 2      ; GLOBAL_LOCAL_SEL_X17_Y44_N0_I0        ; GLOBAL_LOCAL_SEL                                                ;
;   4.032 ;   0.000  ;    ; RE   ; 9      ; LAB_INPUT_X17_Y44_N0_I0               ; LAB_INPUT                                                       ;
;   4.032 ;   0.000  ; RR ; IC   ; 1      ; FF_X17_Y44_N25                        ; u_norm|u_norm|u_sqrt|root_work[30]|clk                          ;
;   4.582 ;   0.550  ; RR ; CELL ; 1      ; FF_X17_Y44_N25                        ; norm_dispatch:u_norm|norm:u_norm|isqrt_u64:u_sqrt|root_work[30] ;
; 5.119   ; 0.537    ;    ;      ;        ;                                       ; data path                                                       ;
;   4.582 ;   0.000  ;    ; uTco ; 1      ; FF_X17_Y44_N25                        ; norm_dispatch:u_norm|norm:u_norm|isqrt_u64:u_sqrt|root_work[30] ;
;   4.582 ;   0.000  ; FF ; CELL ; 3      ; FF_X17_Y44_N25                        ; u_norm|u_norm|u_sqrt|root_work[30]|q                            ;
;   4.632 ;   0.050  ;    ; RE   ; 1      ; FF_X17_Y44_N25                        ; ARRIAV_FF                                                       ;
;   4.706 ;   0.074  ;    ; RE   ; 2      ; LE_BUFFER_X17_Y44_N0_I16              ; LE_BUFFER                                                       ;
;   4.858 ;   0.152  ;    ; RE   ; 1      ; LOCAL_INTERCONNECT_X17_Y44_N0_I37     ; LAB_LINE                                                        ;
;   4.978 ;   0.120  ;    ; RE   ; 1      ; BLOCK_INPUT_MUX_X17_Y44_N0_I47        ; LEIM_INPUT                                                      ;
;   4.977 ;   -0.001 ; FF ; IC   ; 1      ; LABCELL_X17_Y44_N33                   ; u_norm|u_norm|u_sqrt|root_work[31]~feeder|dataf                 ;
;   5.034 ;   0.057  ; FF ; CELL ; 1      ; LABCELL_X17_Y44_N33                   ; u_norm|u_norm|u_sqrt|root_work[31]~feeder|combout               ;
;   5.034 ;   0.000  ;    ; RE   ; 1      ; LABCELL_X17_Y44_N33                   ; ARRIAV_LCELL_COMB                                               ;
;   5.034 ;   0.000  ; FF ; IC   ; 1      ; FF_X17_Y44_N34                        ; u_norm|u_norm|u_sqrt|root_work[31]|d                            ;
;   5.119 ;   0.085  ; FF ; CELL ; 1      ; FF_X17_Y44_N34                        ; norm_dispatch:u_norm|norm:u_norm|isqrt_u64:u_sqrt|root_work[31] ;
+---------+----------+----+------+--------+---------------------------------------+-----------------------------------------------------------------+

+---------------------------------------------------------------------------------------------------------------------------------------------------+
; Data Required Path                                                                                                                                ;
+---------+----------+----+------+--------+---------------------------------------+-----------------------------------------------------------------+
; Total   ; Incr     ; RF ; Type ; Fanout ; Location                              ; Element                                                         ;
+---------+----------+----+------+--------+---------------------------------------+-----------------------------------------------------------------+
; 0.000   ; 0.000    ;    ;      ;        ;                                       ; latch edge time                                                 ;
; 4.686   ; 4.686    ;    ;      ;        ;                                       ; clock path                                                      ;
;   0.000 ;   0.000  ;    ;      ;        ;                                       ; source latency                                                  ;
;   0.000 ;   0.000  ;    ;      ; 1      ; PIN_N16                               ; clk                                                             ;
;   0.000 ;   0.000  ;    ; RE   ; 1      ; IOPAD_X89_Y35_N43                     ; ARRIAV_IO_PAD                                                   ;
;   0.000 ;   0.000  ;    ; RE   ; 1      ; IO_PAD_OUTPUT_X89_Y35_N43_I1          ; IO_PAD_OUTPUT                                                   ;
;   0.000 ;   0.000  ;    ; RE   ; 1      ; IO_INPUT_BUFFER_INPUT_X89_Y35_N44_I0  ; IO_INPUT_BUFFER_INPUT                                           ;
;   0.000 ;   0.000  ; RR ; IC   ; 1      ; IOIBUF_X89_Y35_N44                    ; clk~input|i                                                     ;
;   0.989 ;   0.989  ; RR ; CELL ; 1      ; IOIBUF_X89_Y35_N44                    ; clk~input|o                                                     ;
;   0.989 ;   0.000  ;    ; RE   ; 1      ; IOIBUF_X89_Y35_N44                    ; ARRIAV_IO_IBUF                                                  ;
;   0.989 ;   0.000  ;    ; RE   ; 1      ; IO_INPUT_BUFFER_OUTPUT_X89_Y35_N44_I2 ; IO_INPUT_BUFFER_OUTPUT                                          ;
;   0.989 ;   0.000  ;    ; RE   ; 1      ; IO_RE_X89_Y35_N43_I96                 ; IO_RE                                                           ;
;   1.089 ;   0.100  ;    ; RE   ; 1      ; IO_RE_X89_Y35_N43_I66                 ; IO_RE                                                           ;
;   1.311 ;   0.222  ;    ; RE   ; 1      ; CLKBUF_CLUSTER_RE_X89_Y39_N3_I368     ; CLKBUF_CLUSTER_RE                                               ;
;   1.311 ;   0.000  ;    ; RE   ; 1      ; CLKBUF_CLUSTER_RE_X89_Y39_N3_I764     ; CLKBUF_CLUSTER_RE                                               ;
;   1.311 ;   0.000  ;    ; RE   ; 1      ; CLKBUF_CLUSTER_RE_X89_Y39_N3_I813     ; CLKBUF_CLUSTER_RE                                               ;
;   1.311 ;   0.000  ;    ; RE   ; 1      ; CLKBUF_CLUSTER_RE_X89_Y39_N3_I553     ; CLKBUF_CLUSTER_RE                                               ;
;   1.311 ;   0.000  ;    ; RE   ; 1      ; GCLK_CLUSTER_RE_X89_Y39_N6_I10        ; GCLK_CLUSTER_RE                                                 ;
;   1.311 ;   0.000  ;    ; RE   ; 1      ; CLKBUFBLOCK_INPUT_X89_Y39_N7_I0       ; CLKBUFBLOCK_INPUT                                               ;
;   1.311 ;   0.000  ; RR ; IC   ; 1      ; CLKCTRL_G9                            ; clk~inputCLKENA0|inclk                                          ;
;   1.849 ;   0.538  ; RR ; CELL ; 7412   ; CLKCTRL_G9                            ; clk~inputCLKENA0|outclk                                         ;
;   1.849 ;   0.000  ;    ; RE   ; 1      ; CLKCTRL_G9                            ; ARRIAV_CLKBUF                                                   ;
;   1.849 ;   0.000  ;    ; RE   ; 1      ; CLKBUFBLOCK_OUTPUT_X89_Y39_N7_I2      ; CLKBUFBLOCK_OUTPUT                                              ;
;   1.849 ;   0.000  ;    ; RE   ; 1      ; GCLK_CLUSTER_RE_X89_Y39_N6_I12        ; GCLK_CLUSTER_RE                                                 ;
;   1.849 ;   0.000  ;    ; RE   ; 1      ; CLKBUF_CLUSTER_RE_X89_Y39_N3_I416     ; CLKBUF_CLUSTER_RE                                               ;
;   2.704 ;   0.855  ;    ; RE   ; 8      ; GLOBAL_CLOCK_X0_Y36_N0_I9             ; GLOBAL_CLOCK                                                    ;
;   2.873 ;   0.169  ;    ; RE   ; 13     ; SPINE_CLOCK_X15_Y37_N0_I7             ; SPINE_CLOCK                                                     ;
;   3.348 ;   0.475  ;    ; RE   ; 1      ; SCLK_TO_ROWCLK_BUF_X15_Y44_N0_I43     ; SCLK_TO_ROWCLK_BUF                                              ;
;   3.438 ;   0.090  ;    ; RE   ; 1      ; SCLK_TO_ROWCLK_BUF_X15_Y44_N0_I46     ; SCLK_TO_ROWCLK_BUF                                              ;
;   3.923 ;   0.485  ;    ; RE   ; 7      ; LAB_CLK_X16_Y44_N0_I5                 ; LAB_CLK                                                         ;
;   4.066 ;   0.143  ;    ; RE   ; 1      ; BLK_CLK_BUF_X17_Y44_N0_I5             ; BLK_CLK_BUF                                                     ;
;   4.128 ;   0.062  ;    ; RE   ; 1      ; ROWCLKSEL_PREBUF_X17_Y44_N0_I5        ; ROWCLKSEL_PREBUF                                                ;
;   4.174 ;   0.046  ;    ; RE   ; 1      ; ROWCLKSEL_X17_Y44_N0_I0               ; ROWCLKSEL                                                       ;
;   4.174 ;   0.000  ;    ; RE   ; 2      ; GLOBAL_LOCAL_SEL_X17_Y44_N0_I0        ; GLOBAL_LOCAL_SEL                                                ;
;   4.174 ;   0.000  ;    ; RE   ; 9      ; LAB_INPUT_X17_Y44_N0_I0               ; LAB_INPUT                                                       ;
;   4.174 ;   0.000  ; RR ; IC   ; 1      ; FF_X17_Y44_N34                        ; u_norm|u_norm|u_sqrt|root_work[31]|clk                          ;
;   4.793 ;   0.619  ; RR ; CELL ; 1      ; FF_X17_Y44_N34                        ; norm_dispatch:u_norm|norm:u_norm|isqrt_u64:u_sqrt|root_work[31] ;
;   4.686 ;   -0.107 ;    ;      ;        ;                                       ; clock pessimism removed                                         ;
; 4.686   ; 0.000    ;    ;      ;        ;                                       ; clock uncertainty                                               ;
; 4.686   ; 0.000    ;    ; uTh  ; 1      ; FF_X17_Y44_N34                        ; norm_dispatch:u_norm|norm:u_norm|isqrt_u64:u_sqrt|root_work[31] ;
+---------+----------+----+------+--------+---------------------------------------+-----------------------------------------------------------------+

----------------------------
; Extra Fitter Information ;
----------------------------
HTML report is unavailable in plain text report export.


